timestamp,idx,gpu_util_pct,mem_used_pct
1776869149.606146909,0,0,0.00
1776869149.606146909,1,0,0.00
1776869149.606146909,2,0,0.00
1776869149.606146909,3,0,0.00
1776869150.642100596,0,0,0.00
1776869150.642100596,1,0,0.00
1776869150.642100596,2,0,0.00
1776869150.642100596,3,0,0.00
1776869151.675549668,0,0,0.00
1776869151.675549668,1,0,0.00
1776869151.675549668,2,0,0.00
1776869151.675549668,3,0,0.00
1776869152.709505759,0,0,0.00
1776869152.709505759,1,0,0.00
1776869152.709505759,2,0,0.00
1776869152.709505759,3,0,0.00
1776869153.743037488,0,0,0.00
1776869153.743037488,1,0,0.00
1776869153.743037488,2,0,0.00
1776869153.743037488,3,0,0.00
1776869154.776618444,0,0,0.00
1776869154.776618444,1,0,0.00
1776869154.776618444,2,0,0.00
1776869154.776618444,3,0,0.00
1776869155.810272004,0,0,0.00
1776869155.810272004,1,0,0.00
1776869155.810272004,2,0,0.00
1776869155.810272004,3,0,0.00
1776869156.843512264,0,0,0.00
1776869156.843512264,1,0,0.00
1776869156.843512264,2,0,0.00
1776869156.843512264,3,0,0.00
1776869157.876726095,0,0,0.00
1776869157.876726095,1,0,0.00
1776869157.876726095,2,0,0.00
1776869157.876726095,3,0,0.00
1776869158.910032835,0,0,0.00
1776869158.910032835,1,0,0.00
1776869158.910032835,2,0,0.00
1776869158.910032835,3,0,0.00
1776869159.942677509,0,0,0.00
1776869159.942677509,1,0,0.00
1776869159.942677509,2,0,0.00
1776869159.942677509,3,0,0.00
1776869160.975801407,0,0,0.00
1776869160.975801407,1,0,0.00
1776869160.975801407,2,0,0.00
1776869160.975801407,3,0,0.00
1776869162.009150007,0,0,0.00
1776869162.009150007,1,0,0.00
1776869162.009150007,2,0,0.00
1776869162.009150007,3,0,0.00
1776869163.042381342,0,0,0.00
1776869163.042381342,1,0,0.00
1776869163.042381342,2,0,0.00
1776869163.042381342,3,0,0.00
1776869164.076402633,0,0,0.00
1776869164.076402633,1,0,0.00
1776869164.076402633,2,0,0.00
1776869164.076402633,3,0,0.00
1776869165.109464914,0,0,0.00
1776869165.109464914,1,0,0.00
1776869165.109464914,2,0,0.00
1776869165.109464914,3,0,0.00
1776869166.142030893,0,1,0.96
1776869166.142030893,1,0,0.01
1776869166.142030893,2,0,0.01
1776869166.142030893,3,0,0.01
1776869167.175348841,0,0,0.96
1776869167.175348841,1,0,0.01
1776869167.175348841,2,0,0.01
1776869167.175348841,3,0,0.01
1776869168.206891970,0,0,0.96
1776869168.206891970,1,0,0.01
1776869168.206891970,2,0,0.01
1776869168.206891970,3,0,0.01
1776869169.239375464,0,0,0.96
1776869169.239375464,1,0,0.01
1776869169.239375464,2,0,0.01
1776869169.239375464,3,0,0.01
1776869170.270962596,0,0,0.96
1776869170.270962596,1,0,0.01
1776869170.270962596,2,0,0.01
1776869170.270962596,3,0,0.01
1776869171.305089889,0,0,0.96
1776869171.305089889,1,0,0.01
1776869171.305089889,2,0,0.01
1776869171.305089889,3,0,0.01
1776869172.336682532,0,0,1.15
1776869172.336682532,1,0,0.01
1776869172.336682532,2,0,0.01
1776869172.336682532,3,0,0.01
1776869173.370097270,0,1,1.15
1776869173.370097270,1,0,0.01
1776869173.370097270,2,0,0.01
1776869173.370097270,3,0,0.01
1776869174.404374725,0,24,1.15
1776869174.404374725,1,0,0.01
1776869174.404374725,2,0,0.01
1776869174.404374725,3,0,0.01
1776869175.436971645,0,24,1.15
1776869175.436971645,1,0,0.01
1776869175.436971645,2,0,0.01
1776869175.436971645,3,0,0.01
1776869176.470752070,0,24,1.15
1776869176.470752070,1,0,0.01
1776869176.470752070,2,0,0.01
1776869176.470752070,3,0,0.01
1776869177.502808947,0,2,1.15
1776869177.502808947,1,0,0.01
1776869177.502808947,2,0,0.01
1776869177.502808947,3,0,0.01
1776869178.536837249,0,25,1.15
1776869178.536837249,1,0,0.01
1776869178.536837249,2,0,0.01
1776869178.536837249,3,0,0.01
1776869179.570583350,0,25,1.15
1776869179.570583350,1,0,0.01
1776869179.570583350,2,0,0.01
1776869179.570583350,3,0,0.01
1776869180.604319025,0,25,1.15
1776869180.604319025,1,0,0.01
1776869180.604319025,2,0,0.01
1776869180.604319025,3,0,0.01
1776869181.635642599,0,1,1.15
1776869181.635642599,1,0,0.01
1776869181.635642599,2,0,0.01
1776869181.635642599,3,0,0.01
1776869182.668925680,0,1,1.15
1776869182.668925680,1,0,0.01
1776869182.668925680,2,0,0.01
1776869182.668925680,3,0,0.01
1776869183.701976489,0,2,1.15
1776869183.701976489,1,0,0.01
1776869183.701976489,2,0,0.01
1776869183.701976489,3,0,0.01
1776869184.734845320,0,25,1.15
1776869184.734845320,1,0,0.01
1776869184.734845320,2,0,0.01
1776869184.734845320,3,0,0.01
1776869185.766033002,0,25,1.15
1776869185.766033002,1,0,0.01
1776869185.766033002,2,0,0.01
1776869185.766033002,3,0,0.01
1776869186.798647023,0,25,1.15
1776869186.798647023,1,0,0.01
1776869186.798647023,2,0,0.01
1776869186.798647023,3,0,0.01
1776869187.830165969,0,1,1.15
1776869187.830165969,1,0,0.01
1776869187.830165969,2,0,0.01
1776869187.830165969,3,0,0.01
1776869188.864461075,0,27,1.15
1776869188.864461075,1,0,0.01
1776869188.864461075,2,0,0.01
1776869188.864461075,3,0,0.01
1776869189.898480807,0,27,1.15
1776869189.898480807,1,0,0.01
1776869189.898480807,2,0,0.01
1776869189.898480807,3,0,0.01
1776869190.931935326,0,27,1.15
1776869190.931935326,1,0,0.01
1776869190.931935326,2,0,0.01
1776869190.931935326,3,0,0.01
1776869191.963467853,0,27,1.15
1776869191.963467853,1,0,0.01
1776869191.963467853,2,0,0.01
1776869191.963467853,3,0,0.01
1776869192.995783411,0,1,1.15
1776869192.995783411,1,0,0.01
1776869192.995783411,2,0,0.01
1776869192.995783411,3,0,0.01
1776869194.028726079,0,27,1.15
1776869194.028726079,1,0,0.01
1776869194.028726079,2,0,0.01
1776869194.028726079,3,0,0.01
1776869195.060320603,0,27,1.15
1776869195.060320603,1,0,0.01
1776869195.060320603,2,0,0.01
1776869195.060320603,3,0,0.01
1776869196.094093820,0,27,1.15
1776869196.094093820,1,0,0.01
1776869196.094093820,2,0,0.01
1776869196.094093820,3,0,0.01
1776869197.127917680,0,19,1.16
1776869197.127917680,1,0,0.01
1776869197.127917680,2,0,0.01
1776869197.127917680,3,0,0.01
1776869198.159705730,0,1,1.16
1776869198.159705730,1,0,0.01
1776869198.159705730,2,0,0.01
1776869198.159705730,3,0,0.01
1776869199.192988846,0,1,1.16
1776869199.192988846,1,0,0.01
1776869199.192988846,2,0,0.01
1776869199.192988846,3,0,0.01
1776869200.226072465,0,28,1.16
1776869200.226072465,1,0,0.01
1776869200.226072465,2,0,0.01
1776869200.226072465,3,0,0.01
1776869201.259876728,0,27,1.16
1776869201.259876728,1,0,0.01
1776869201.259876728,2,0,0.01
1776869201.259876728,3,0,0.01
1776869202.292936964,0,28,1.16
1776869202.292936964,1,0,0.01
1776869202.292936964,2,0,0.01
1776869202.292936964,3,0,0.01
1776869203.325792406,0,1,1.16
1776869203.325792406,1,0,0.01
1776869203.325792406,2,0,0.01
1776869203.325792406,3,0,0.01
1776869204.359543262,0,27,1.16
1776869204.359543262,1,0,0.01
1776869204.359543262,2,0,0.01
1776869204.359543262,3,0,0.01
1776869205.392619183,0,27,1.16
1776869205.392619183,1,0,0.01
1776869205.392619183,2,0,0.01
1776869205.392619183,3,0,0.01
1776869206.424348142,0,27,1.16
1776869206.424348142,1,0,0.01
1776869206.424348142,2,0,0.01
1776869206.424348142,3,0,0.01
1776869207.456717684,0,4,1.16
1776869207.456717684,1,0,0.01
1776869207.456717684,2,0,0.01
1776869207.456717684,3,0,0.01
1776869208.488193591,0,1,1.16
1776869208.488193591,1,0,0.01
1776869208.488193591,2,0,0.01
1776869208.488193591,3,0,0.01
1776869209.522007840,0,27,1.16
1776869209.522007840,1,0,0.01
1776869209.522007840,2,0,0.01
1776869209.522007840,3,0,0.01
1776869210.554658042,0,27,1.16
1776869210.554658042,1,0,0.01
1776869210.554658042,2,0,0.01
1776869210.554658042,3,0,0.01
1776869211.588598178,0,27,1.16
1776869211.588598178,1,0,0.01
1776869211.588598178,2,0,0.01
1776869211.588598178,3,0,0.01
1776869212.622109118,0,1,1.16
1776869212.622109118,1,0,0.01
1776869212.622109118,2,0,0.01
1776869212.622109118,3,0,0.01
1776869213.654649223,0,1,1.16
1776869213.654649223,1,0,0.01
1776869213.654649223,2,0,0.01
1776869213.654649223,3,0,0.01
1776869214.688847957,0,1,1.16
1776869214.688847957,1,0,0.01
1776869214.688847957,2,0,0.01
1776869214.688847957,3,0,0.01
1776869215.722721712,0,1,1.16
1776869215.722721712,1,0,0.01
1776869215.722721712,2,0,0.01
1776869215.722721712,3,0,0.01
1776869216.755808557,0,27,1.16
1776869216.755808557,1,0,0.01
1776869216.755808557,2,0,0.01
1776869216.755808557,3,0,0.01
1776869217.788818832,0,27,1.16
1776869217.788818832,1,0,0.01
1776869217.788818832,2,0,0.01
1776869217.788818832,3,0,0.01
1776869218.821865206,0,27,1.16
1776869218.821865206,1,0,0.01
1776869218.821865206,2,0,0.01
1776869218.821865206,3,0,0.01
1776869219.854822257,0,4,1.16
1776869219.854822257,1,0,0.01
1776869219.854822257,2,0,0.01
1776869219.854822257,3,0,0.01
1776869220.887729165,0,27,1.16
1776869220.887729165,1,0,0.01
1776869220.887729165,2,0,0.01
1776869220.887729165,3,0,0.01
1776869221.921728284,0,27,1.16
1776869221.921728284,1,0,0.01
1776869221.921728284,2,0,0.01
1776869221.921728284,3,0,0.01
1776869222.955037075,0,27,1.16
1776869222.955037075,1,0,0.01
1776869222.955037075,2,0,0.01
1776869222.955037075,3,0,0.01
1776869223.988448873,0,21,1.16
1776869223.988448873,1,0,0.01
1776869223.988448873,2,0,0.01
1776869223.988448873,3,0,0.01
1776869225.019901305,0,1,1.16
1776869225.019901305,1,0,0.01
1776869225.019901305,2,0,0.01
1776869225.019901305,3,0,0.01
1776869226.053682459,0,1,1.16
1776869226.053682459,1,0,0.01
1776869226.053682459,2,0,0.01
1776869226.053682459,3,0,0.01
1776869227.087206875,0,28,1.16
1776869227.087206875,1,0,0.01
1776869227.087206875,2,0,0.01
1776869227.087206875,3,0,0.01
1776869228.119942690,0,28,1.16
1776869228.119942690,1,0,0.01
1776869228.119942690,2,0,0.01
1776869228.119942690,3,0,0.01
1776869229.153842740,0,28,1.16
1776869229.153842740,1,0,0.01
1776869229.153842740,2,0,0.01
1776869229.153842740,3,0,0.01
1776869230.187133936,0,28,1.16
1776869230.187133936,1,0,0.01
1776869230.187133936,2,0,0.01
1776869230.187133936,3,0,0.01
1776869231.218384364,0,1,1.16
1776869231.218384364,1,0,0.01
1776869231.218384364,2,0,0.01
1776869231.218384364,3,0,0.01
1776869232.250030059,0,1,1.16
1776869232.250030059,1,0,0.01
1776869232.250030059,2,0,0.01
1776869232.250030059,3,0,0.01
1776869233.283443717,0,12,1.16
1776869233.283443717,1,0,0.01
1776869233.283443717,2,0,0.01
1776869233.283443717,3,0,0.01
1776869234.318539571,0,27,1.16
1776869234.318539571,1,0,0.01
1776869234.318539571,2,0,0.01
1776869234.318539571,3,0,0.01
1776869235.352674409,0,27,1.16
1776869235.352674409,1,0,0.01
1776869235.352674409,2,0,0.01
1776869235.352674409,3,0,0.01
1776869236.385923365,0,27,1.16
1776869236.385923365,1,0,0.01
1776869236.385923365,2,0,0.01
1776869236.385923365,3,0,0.01
1776869237.418752989,0,1,1.16
1776869237.418752989,1,0,0.01
1776869237.418752989,2,0,0.01
1776869237.418752989,3,0,0.01
1776869238.451374713,0,3,1.16
1776869238.451374713,1,0,0.01
1776869238.451374713,2,0,0.01
1776869238.451374713,3,0,0.01
1776869239.483852155,0,27,1.16
1776869239.483852155,1,0,0.01
1776869239.483852155,2,0,0.01
1776869239.483852155,3,0,0.01
1776869240.518768464,0,27,1.16
1776869240.518768464,1,0,0.01
1776869240.518768464,2,0,0.01
1776869240.518768464,3,0,0.01
1776869241.553685523,0,27,1.16
1776869241.553685523,1,0,0.01
1776869241.553685523,2,0,0.01
1776869241.553685523,3,0,0.01
1776869242.586889947,0,1,1.16
1776869242.586889947,1,0,0.01
1776869242.586889947,2,0,0.01
1776869242.586889947,3,0,0.01
1776869243.618728917,0,27,1.16
1776869243.618728917,1,0,0.01
1776869243.618728917,2,0,0.01
1776869243.618728917,3,0,0.01
1776869244.650680628,0,28,1.16
1776869244.650680628,1,0,0.01
1776869244.650680628,2,0,0.01
1776869244.650680628,3,0,0.01
1776869245.682159535,0,28,1.16
1776869245.682159535,1,0,0.01
1776869245.682159535,2,0,0.01
1776869245.682159535,3,0,0.01
1776869246.714346561,0,1,1.16
1776869246.714346561,1,0,0.01
1776869246.714346561,2,0,0.01
1776869246.714346561,3,0,0.01
1776869247.748255795,0,28,1.16
1776869247.748255795,1,0,0.01
1776869247.748255795,2,0,0.01
1776869247.748255795,3,0,0.01
1776869248.782058965,0,28,1.16
1776869248.782058965,1,0,0.01
1776869248.782058965,2,0,0.01
1776869248.782058965,3,0,0.01
1776869249.814841039,0,28,1.16
1776869249.814841039,1,0,0.01
1776869249.814841039,2,0,0.01
1776869249.814841039,3,0,0.01
1776869250.848998746,0,1,1.16
1776869250.848998746,1,0,0.01
1776869250.848998746,2,0,0.01
1776869250.848998746,3,0,0.01
1776869251.882549910,0,1,1.16
1776869251.882549910,1,0,0.01
1776869251.882549910,2,0,0.01
1776869251.882549910,3,0,0.01
1776869252.916501830,0,12,1.16
1776869252.916501830,1,0,0.01
1776869252.916501830,2,0,0.01
1776869252.916501830,3,0,0.01
1776869253.949459788,0,1,1.16
1776869253.949459788,1,0,0.01
1776869253.949459788,2,0,0.01
1776869253.949459788,3,0,0.01
1776869254.980808320,0,1,1.16
1776869254.980808320,1,0,0.01
1776869254.980808320,2,0,0.01
1776869254.980808320,3,0,0.01
1776869256.013841937,0,28,1.16
1776869256.013841937,1,0,0.01
1776869256.013841937,2,0,0.01
1776869256.013841937,3,0,0.01
1776869257.046621123,0,28,1.16
1776869257.046621123,1,0,0.01
1776869257.046621123,2,0,0.01
1776869257.046621123,3,0,0.01
1776869258.078282943,0,28,1.16
1776869258.078282943,1,0,0.01
1776869258.078282943,2,0,0.01
1776869258.078282943,3,0,0.01
1776869259.111878528,0,21,1.16
1776869259.111878528,1,0,0.01
1776869259.111878528,2,0,0.01
1776869259.111878528,3,0,0.01
1776869260.144132655,0,20,1.16
1776869260.144132655,1,0,0.01
1776869260.144132655,2,0,0.01
1776869260.144132655,3,0,0.01
1776869261.177856593,0,28,1.16
1776869261.177856593,1,0,0.01
1776869261.177856593,2,0,0.01
1776869261.177856593,3,0,0.01
1776869262.211899008,0,28,1.16
1776869262.211899008,1,0,0.01
1776869262.211899008,2,0,0.01
1776869262.211899008,3,0,0.01
1776869263.245257706,0,28,1.16
1776869263.245257706,1,0,0.01
1776869263.245257706,2,0,0.01
1776869263.245257706,3,0,0.01
1776869264.277847438,0,1,1.16
1776869264.277847438,1,0,0.01
1776869264.277847438,2,0,0.01
1776869264.277847438,3,0,0.01
1776869265.311100537,0,1,1.16
1776869265.311100537,1,0,0.01
1776869265.311100537,2,0,0.01
1776869265.311100537,3,0,0.01
1776869266.344013010,0,28,1.16
1776869266.344013010,1,0,0.01
1776869266.344013010,2,0,0.01
1776869266.344013010,3,0,0.01
1776869267.377812444,0,28,1.16
1776869267.377812444,1,0,0.01
1776869267.377812444,2,0,0.01
1776869267.377812444,3,0,0.01
1776869268.411440987,0,28,1.16
1776869268.411440987,1,0,0.01
1776869268.411440987,2,0,0.01
1776869268.411440987,3,0,0.01
1776869269.445043671,0,1,1.16
1776869269.445043671,1,0,0.01
1776869269.445043671,2,0,0.01
1776869269.445043671,3,0,0.01
1776869270.477229237,0,1,1.16
1776869270.477229237,1,0,0.01
1776869270.477229237,2,0,0.01
1776869270.477229237,3,0,0.01
1776869271.510410038,0,1,1.16
1776869271.510410038,1,0,0.01
1776869271.510410038,2,0,0.01
1776869271.510410038,3,0,0.01
1776869272.543854177,0,28,1.16
1776869272.543854177,1,0,0.01
1776869272.543854177,2,0,0.01
1776869272.543854177,3,0,0.01
1776869273.578116800,0,28,1.16
1776869273.578116800,1,0,0.01
1776869273.578116800,2,0,0.01
1776869273.578116800,3,0,0.01
1776869274.611155722,0,28,1.16
1776869274.611155722,1,0,0.01
1776869274.611155722,2,0,0.01
1776869274.611155722,3,0,0.01
1776869275.644075549,0,1,1.16
1776869275.644075549,1,0,0.01
1776869275.644075549,2,0,0.01
1776869275.644075549,3,0,0.01
1776869276.675347017,0,20,1.16
1776869276.675347017,1,0,0.01
1776869276.675347017,2,0,0.01
1776869276.675347017,3,0,0.01
1776869277.706364486,0,5,1.16
1776869277.706364486,1,0,0.01
1776869277.706364486,2,0,0.01
1776869277.706364486,3,0,0.01
1776869278.738391452,0,1,1.16
1776869278.738391452,1,0,0.01
1776869278.738391452,2,0,0.01
1776869278.738391452,3,0,0.01
1776869279.771584291,0,1,1.16
1776869279.771584291,1,0,0.01
1776869279.771584291,2,0,0.01
1776869279.771584291,3,0,0.01
1776869280.805172292,0,1,1.16
1776869280.805172292,1,0,0.01
1776869280.805172292,2,0,0.01
1776869280.805172292,3,0,0.01
1776869281.838406573,0,28,1.16
1776869281.838406573,1,0,0.01
1776869281.838406573,2,0,0.01
1776869281.838406573,3,0,0.01
1776869282.869446403,0,28,1.16
1776869282.869446403,1,0,0.01
1776869282.869446403,2,0,0.01
1776869282.869446403,3,0,0.01
1776869283.901465508,0,28,1.16
1776869283.901465508,1,0,0.01
1776869283.901465508,2,0,0.01
1776869283.901465508,3,0,0.01
1776869284.935286923,0,23,1.16
1776869284.935286923,1,0,0.01
1776869284.935286923,2,0,0.01
1776869284.935286923,3,0,0.01
1776869285.969032130,0,28,1.16
1776869285.969032130,1,0,0.01
1776869285.969032130,2,0,0.01
1776869285.969032130,3,0,0.01
1776869287.001068415,0,28,1.16
1776869287.001068415,1,0,0.01
1776869287.001068415,2,0,0.01
1776869287.001068415,3,0,0.01
1776869288.034460941,0,28,1.16
1776869288.034460941,1,0,0.01
1776869288.034460941,2,0,0.01
1776869288.034460941,3,0,0.01
1776869289.065965938,0,1,1.16
1776869289.065965938,1,0,0.01
1776869289.065965938,2,0,0.01
1776869289.065965938,3,0,0.01
1776869290.099717423,0,1,1.16
1776869290.099717423,1,0,0.01
1776869290.099717423,2,0,0.01
1776869290.099717423,3,0,0.01
1776869291.133284550,0,1,1.16
1776869291.133284550,1,0,0.01
1776869291.133284550,2,0,0.01
1776869291.133284550,3,0,0.01
1776869292.165126077,0,28,1.16
1776869292.165126077,1,0,0.01
1776869292.165126077,2,0,0.01
1776869292.165126077,3,0,0.01
1776869293.196463820,0,28,1.16
1776869293.196463820,1,0,0.01
1776869293.196463820,2,0,0.01
1776869293.196463820,3,0,0.01
1776869294.229260888,0,28,1.16
1776869294.229260888,1,0,0.01
1776869294.229260888,2,0,0.01
1776869294.229260888,3,0,0.01
1776869295.261884413,0,18,1.16
1776869295.261884413,1,0,0.01
1776869295.261884413,2,0,0.01
1776869295.261884413,3,0,0.01
1776869296.293302855,0,1,1.16
1776869296.293302855,1,0,0.01
1776869296.293302855,2,0,0.01
1776869296.293302855,3,0,0.01
1776869297.326682032,0,1,1.16
1776869297.326682032,1,0,0.01
1776869297.326682032,2,0,0.01
1776869297.326682032,3,0,0.01
1776869298.360118007,0,1,1.16
1776869298.360118007,1,0,0.01
1776869298.360118007,2,0,0.01
1776869298.360118007,3,0,0.01
1776869299.393765225,0,1,1.16
1776869299.393765225,1,0,0.01
1776869299.393765225,2,0,0.01
1776869299.393765225,3,0,0.01
1776869300.426842512,0,1,1.16
1776869300.426842512,1,0,0.01
1776869300.426842512,2,0,0.01
1776869300.426842512,3,0,0.01
1776869301.460064518,0,28,1.16
1776869301.460064518,1,0,0.01
1776869301.460064518,2,0,0.01
1776869301.460064518,3,0,0.01
1776869302.492634110,0,1,1.16
1776869302.492634110,1,0,0.01
1776869302.492634110,2,0,0.01
1776869302.492634110,3,0,0.01
1776869303.525028507,0,1,1.16
1776869303.525028507,1,0,0.01
1776869303.525028507,2,0,0.01
1776869303.525028507,3,0,0.01
1776869304.558337706,0,28,1.16
1776869304.558337706,1,0,0.01
1776869304.558337706,2,0,0.01
1776869304.558337706,3,0,0.01
1776869305.591551146,0,28,1.16
1776869305.591551146,1,0,0.01
1776869305.591551146,2,0,0.01
1776869305.591551146,3,0,0.01
1776869306.623870219,0,28,1.16
1776869306.623870219,1,0,0.01
1776869306.623870219,2,0,0.01
1776869306.623870219,3,0,0.01
1776869307.656734743,0,1,1.16
1776869307.656734743,1,0,0.01
1776869307.656734743,2,0,0.01
1776869307.656734743,3,0,0.01
1776869308.689516067,0,28,1.16
1776869308.689516067,1,0,0.01
1776869308.689516067,2,0,0.01
1776869308.689516067,3,0,0.01
1776869309.721584307,0,28,1.16
1776869309.721584307,1,0,0.01
1776869309.721584307,2,0,0.01
1776869309.721584307,3,0,0.01
1776869310.754309608,0,28,1.16
1776869310.754309608,1,0,0.01
1776869310.754309608,2,0,0.01
1776869310.754309608,3,0,0.01
1776869311.788206907,0,1,1.16
1776869311.788206907,1,0,0.01
1776869311.788206907,2,0,0.01
1776869311.788206907,3,0,0.01
1776869312.822647347,0,1,1.16
1776869312.822647347,1,0,0.01
1776869312.822647347,2,0,0.01
1776869312.822647347,3,0,0.01
1776869313.855648339,0,1,1.16
1776869313.855648339,1,0,0.01
1776869313.855648339,2,0,0.01
1776869313.855648339,3,0,0.01
1776869314.888745045,0,28,1.16
1776869314.888745045,1,0,0.01
1776869314.888745045,2,0,0.01
1776869314.888745045,3,0,0.01
1776869315.921449855,0,28,1.16
1776869315.921449855,1,0,0.01
1776869315.921449855,2,0,0.01
1776869315.921449855,3,0,0.01
1776869316.953267964,0,28,1.16
1776869316.953267964,1,0,0.01
1776869316.953267964,2,0,0.01
1776869316.953267964,3,0,0.01
1776869317.985257765,0,1,1.16
1776869317.985257765,1,0,0.01
1776869317.985257765,2,0,0.01
1776869317.985257765,3,0,0.01
1776869319.018665546,0,7,1.16
1776869319.018665546,1,0,0.01
1776869319.018665546,2,0,0.01
1776869319.018665546,3,0,0.01
1776869320.052274612,0,28,1.16
1776869320.052274612,1,0,0.01
1776869320.052274612,2,0,0.01
1776869320.052274612,3,0,0.01
1776869321.085302114,0,28,1.16
1776869321.085302114,1,0,0.01
1776869321.085302114,2,0,0.01
1776869321.085302114,3,0,0.01
1776869322.120446966,0,28,1.16
1776869322.120446966,1,0,0.01
1776869322.120446966,2,0,0.01
1776869322.120446966,3,0,0.01
1776869323.154046473,0,1,1.16
1776869323.154046473,1,0,0.01
1776869323.154046473,2,0,0.01
1776869323.154046473,3,0,0.01
1776869324.187390317,0,1,1.16
1776869324.187390317,1,0,0.01
1776869324.187390317,2,0,0.01
1776869324.187390317,3,0,0.01
1776869325.220680810,0,1,1.16
1776869325.220680810,1,0,0.01
1776869325.220680810,2,0,0.01
1776869325.220680810,3,0,0.01
1776869326.253756489,0,1,1.16
1776869326.253756489,1,0,0.01
1776869326.253756489,2,0,0.01
1776869326.253756489,3,0,0.01
1776869327.286570315,0,1,1.16
1776869327.286570315,1,0,0.01
1776869327.286570315,2,0,0.01
1776869327.286570315,3,0,0.01
1776869328.320021376,0,1,1.16
1776869328.320021376,1,0,0.01
1776869328.320021376,2,0,0.01
1776869328.320021376,3,0,0.01
1776869329.354126556,0,28,1.16
1776869329.354126556,1,0,0.01
1776869329.354126556,2,0,0.01
1776869329.354126556,3,0,0.01
1776869330.387709194,0,28,1.16
1776869330.387709194,1,0,0.01
1776869330.387709194,2,0,0.01
1776869330.387709194,3,0,0.01
1776869331.421160401,0,28,1.16
1776869331.421160401,1,0,0.01
1776869331.421160401,2,0,0.01
1776869331.421160401,3,0,0.01
1776869332.454678341,0,1,1.16
1776869332.454678341,1,0,0.01
1776869332.454678341,2,0,0.01
1776869332.454678341,3,0,0.01
1776869333.488424941,0,1,1.16
1776869333.488424941,1,0,0.01
1776869333.488424941,2,0,0.01
1776869333.488424941,3,0,0.01
1776869334.522039625,0,1,1.16
1776869334.522039625,1,0,0.01
1776869334.522039625,2,0,0.01
1776869334.522039625,3,0,0.01
1776869335.555786351,0,28,1.16
1776869335.555786351,1,0,0.01
1776869335.555786351,2,0,0.01
1776869335.555786351,3,0,0.01
1776869336.589103874,0,28,1.16
1776869336.589103874,1,0,0.01
1776869336.589103874,2,0,0.01
1776869336.589103874,3,0,0.01
1776869337.622136709,0,28,1.16
1776869337.622136709,1,0,0.01
1776869337.622136709,2,0,0.01
1776869337.622136709,3,0,0.01
1776869338.654431995,0,1,1.16
1776869338.654431995,1,0,0.01
1776869338.654431995,2,0,0.01
1776869338.654431995,3,0,0.01
1776869339.689289618,0,28,1.16
1776869339.689289618,1,0,0.01
1776869339.689289618,2,0,0.01
1776869339.689289618,3,0,0.01
1776869340.722652029,0,28,1.16
1776869340.722652029,1,0,0.01
1776869340.722652029,2,0,0.01
1776869340.722652029,3,0,0.01
1776869341.756305431,0,28,1.16
1776869341.756305431,1,0,0.01
1776869341.756305431,2,0,0.01
1776869341.756305431,3,0,0.01
1776869342.789791991,0,14,1.16
1776869342.789791991,1,0,0.01
1776869342.789791991,2,0,0.01
1776869342.789791991,3,0,0.01
1776869343.822155458,0,1,1.16
1776869343.822155458,1,0,0.01
1776869343.822155458,2,0,0.01
1776869343.822155458,3,0,0.01
1776869344.856376147,0,3,1.16
1776869344.856376147,1,0,0.01
1776869344.856376147,2,0,0.01
1776869344.856376147,3,0,0.01
1776869345.890006634,0,28,1.16
1776869345.890006634,1,0,0.01
1776869345.890006634,2,0,0.01
1776869345.890006634,3,0,0.01
1776869346.922770666,0,28,1.16
1776869346.922770666,1,0,0.01
1776869346.922770666,2,0,0.01
1776869346.922770666,3,0,0.01
1776869347.956738783,0,28,1.16
1776869347.956738783,1,0,0.01
1776869347.956738783,2,0,0.01
1776869347.956738783,3,0,0.01
1776869348.988563583,0,1,1.16
1776869348.988563583,1,0,0.01
1776869348.988563583,2,0,0.01
1776869348.988563583,3,0,0.01
1776869350.022242423,0,1,1.16
1776869350.022242423,1,0,0.01
1776869350.022242423,2,0,0.01
1776869350.022242423,3,0,0.01
1776869351.056322587,0,1,1.16
1776869351.056322587,1,0,0.01
1776869351.056322587,2,0,0.01
1776869351.056322587,3,0,0.01
1776869352.089788556,0,1,1.16
1776869352.089788556,1,0,0.01
1776869352.089788556,2,0,0.01
1776869352.089788556,3,0,0.01
1776869353.122416546,0,1,1.16
1776869353.122416546,1,0,0.01
1776869353.122416546,2,0,0.01
1776869353.122416546,3,0,0.01
1776869354.156804135,0,1,1.16
1776869354.156804135,1,0,0.01
1776869354.156804135,2,0,0.01
1776869354.156804135,3,0,0.01
1776869355.190644367,0,28,1.16
1776869355.190644367,1,0,0.01
1776869355.190644367,2,0,0.01
1776869355.190644367,3,0,0.01
1776869356.223798581,0,1,1.16
1776869356.223798581,1,0,0.01
1776869356.223798581,2,0,0.01
1776869356.223798581,3,0,0.01
1776869357.255866585,0,28,1.16
1776869357.255866585,1,0,0.01
1776869357.255866585,2,0,0.01
1776869357.255866585,3,0,0.01
1776869358.290465126,0,28,1.16
1776869358.290465126,1,0,0.01
1776869358.290465126,2,0,0.01
1776869358.290465126,3,0,0.01
1776869359.322648565,0,8,1.16
1776869359.322648565,1,0,0.01
1776869359.322648565,2,0,0.01
1776869359.322648565,3,0,0.01
1776869360.354201606,0,28,1.16
1776869360.354201606,1,0,0.01
1776869360.354201606,2,0,0.01
1776869360.354201606,3,0,0.01
1776869361.386302865,0,28,1.16
1776869361.386302865,1,0,0.01
1776869361.386302865,2,0,0.01
1776869361.386302865,3,0,0.01
1776869362.421392755,0,28,1.16
1776869362.421392755,1,0,0.01
1776869362.421392755,2,0,0.01
1776869362.421392755,3,0,0.01
1776869363.453984232,0,1,1.16
1776869363.453984232,1,0,0.01
1776869363.453984232,2,0,0.01
1776869363.453984232,3,0,0.01
1776869364.485840734,0,28,1.16
1776869364.485840734,1,0,0.01
1776869364.485840734,2,0,0.01
1776869364.485840734,3,0,0.01
1776869365.519248277,0,28,1.16
1776869365.519248277,1,0,0.01
1776869365.519248277,2,0,0.01
1776869365.519248277,3,0,0.01
1776869366.553718832,0,28,1.16
1776869366.553718832,1,0,0.01
1776869366.553718832,2,0,0.01
1776869366.553718832,3,0,0.01
1776869367.585784245,0,25,1.16
1776869367.585784245,1,0,0.01
1776869367.585784245,2,0,0.01
1776869367.585784245,3,0,0.01
1776869368.617918154,0,1,1.16
1776869368.617918154,1,0,0.01
1776869368.617918154,2,0,0.01
1776869368.617918154,3,0,0.01
1776869369.650282396,0,1,1.16
1776869369.650282396,1,0,0.01
1776869369.650282396,2,0,0.01
1776869369.650282396,3,0,0.01
1776869370.683569011,0,1,1.16
1776869370.683569011,1,0,0.01
1776869370.683569011,2,0,0.01
1776869370.683569011,3,0,0.01
1776869371.716451879,0,1,1.16
1776869371.716451879,1,0,0.01
1776869371.716451879,2,0,0.01
1776869371.716451879,3,0,0.01
1776869372.750419240,0,1,1.16
1776869372.750419240,1,0,0.01
1776869372.750419240,2,0,0.01
1776869372.750419240,3,0,0.01
1776869373.784649951,0,1,1.16
1776869373.784649951,1,0,0.01
1776869373.784649951,2,0,0.01
1776869373.784649951,3,0,0.01
1776869374.818100570,0,7,1.16
1776869374.818100570,1,0,0.01
1776869374.818100570,2,0,0.01
1776869374.818100570,3,0,0.01
1776869375.851851160,0,1,1.16
1776869375.851851160,1,0,0.01
1776869375.851851160,2,0,0.01
1776869375.851851160,3,0,0.01
1776869376.886464237,0,26,1.16
1776869376.886464237,1,0,0.01
1776869376.886464237,2,0,0.01
1776869376.886464237,3,0,0.01
1776869377.920401308,0,1,1.16
1776869377.920401308,1,0,0.01
1776869377.920401308,2,0,0.01
1776869377.920401308,3,0,0.01
1776869378.953515998,0,1,1.16
1776869378.953515998,1,0,0.01
1776869378.953515998,2,0,0.01
1776869378.953515998,3,0,0.01
1776869379.986053310,0,28,1.16
1776869379.986053310,1,0,0.01
1776869379.986053310,2,0,0.01
1776869379.986053310,3,0,0.01
1776869381.019262083,0,28,1.16
1776869381.019262083,1,0,0.01
1776869381.019262083,2,0,0.01
1776869381.019262083,3,0,0.01
1776869382.052172914,0,28,1.16
1776869382.052172914,1,0,0.01
1776869382.052172914,2,0,0.01
1776869382.052172914,3,0,0.01
1776869383.084915162,0,28,1.16
1776869383.084915162,1,0,0.01
1776869383.084915162,2,0,0.01
1776869383.084915162,3,0,0.01
1776869384.119673788,0,1,1.16
1776869384.119673788,1,0,0.01
1776869384.119673788,2,0,0.01
1776869384.119673788,3,0,0.01
1776869385.152782500,0,1,1.16
1776869385.152782500,1,0,0.01
1776869385.152782500,2,0,0.01
1776869385.152782500,3,0,0.01
1776869386.186021686,0,1,1.16
1776869386.186021686,1,0,0.01
1776869386.186021686,2,0,0.01
1776869386.186021686,3,0,0.01
1776869387.218847540,0,1,1.16
1776869387.218847540,1,0,0.01
1776869387.218847540,2,0,0.01
1776869387.218847540,3,0,0.01
1776869388.252202346,0,28,1.16
1776869388.252202346,1,0,0.01
1776869388.252202346,2,0,0.01
1776869388.252202346,3,0,0.01
1776869389.284751189,0,28,1.16
1776869389.284751189,1,0,0.01
1776869389.284751189,2,0,0.01
1776869389.284751189,3,0,0.01
1776869390.317522349,0,1,1.16
1776869390.317522349,1,0,0.01
1776869390.317522349,2,0,0.01
1776869390.317522349,3,0,0.01
1776869391.351207468,0,1,1.16
1776869391.351207468,1,0,0.01
1776869391.351207468,2,0,0.01
1776869391.351207468,3,0,0.01
1776869392.383387068,0,28,1.16
1776869392.383387068,1,0,0.01
1776869392.383387068,2,0,0.01
1776869392.383387068,3,0,0.01
1776869393.415839896,0,28,1.16
1776869393.415839896,1,0,0.01
1776869393.415839896,2,0,0.01
1776869393.415839896,3,0,0.01
1776869394.446726296,0,28,1.16
1776869394.446726296,1,0,0.01
1776869394.446726296,2,0,0.01
1776869394.446726296,3,0,0.01
1776869395.480014483,0,1,1.16
1776869395.480014483,1,0,0.01
1776869395.480014483,2,0,0.01
1776869395.480014483,3,0,0.01
1776869396.512387145,0,1,1.16
1776869396.512387145,1,0,0.01
1776869396.512387145,2,0,0.01
1776869396.512387145,3,0,0.01
1776869397.544871738,0,1,1.16
1776869397.544871738,1,0,0.01
1776869397.544871738,2,0,0.01
1776869397.544871738,3,0,0.01
1776869398.576516317,0,1,1.16
1776869398.576516317,1,0,0.01
1776869398.576516317,2,0,0.01
1776869398.576516317,3,0,0.01
1776869399.609981041,0,1,1.16
1776869399.609981041,1,0,0.01
1776869399.609981041,2,0,0.01
1776869399.609981041,3,0,0.01
1776869400.642486061,0,28,1.16
1776869400.642486061,1,0,0.01
1776869400.642486061,2,0,0.01
1776869400.642486061,3,0,0.01
1776869401.675730891,0,28,1.16
1776869401.675730891,1,0,0.01
1776869401.675730891,2,0,0.01
1776869401.675730891,3,0,0.01
1776869402.708532269,0,28,1.16
1776869402.708532269,1,0,0.01
1776869402.708532269,2,0,0.01
1776869402.708532269,3,0,0.01
1776869403.739894438,0,1,1.16
1776869403.739894438,1,0,0.01
1776869403.739894438,2,0,0.01
1776869403.739894438,3,0,0.01
1776869404.773988837,0,1,1.16
1776869404.773988837,1,0,0.01
1776869404.773988837,2,0,0.01
1776869404.773988837,3,0,0.01
1776869405.806679455,0,1,1.16
1776869405.806679455,1,0,0.01
1776869405.806679455,2,0,0.01
1776869405.806679455,3,0,0.01
1776869406.840600902,0,28,1.16
1776869406.840600902,1,0,0.01
1776869406.840600902,2,0,0.01
1776869406.840600902,3,0,0.01
1776869407.873273698,0,1,1.16
1776869407.873273698,1,0,0.01
1776869407.873273698,2,0,0.01
1776869407.873273698,3,0,0.01
1776869408.907052095,0,1,1.16
1776869408.907052095,1,0,0.01
1776869408.907052095,2,0,0.01
1776869408.907052095,3,0,0.01
1776869409.940049095,0,1,1.16
1776869409.940049095,1,0,0.01
1776869409.940049095,2,0,0.01
1776869409.940049095,3,0,0.01
1776869410.973840693,0,1,1.16
1776869410.973840693,1,0,0.01
1776869410.973840693,2,0,0.01
1776869410.973840693,3,0,0.01
1776869412.006832496,0,10,1.16
1776869412.006832496,1,0,0.01
1776869412.006832496,2,0,0.01
1776869412.006832496,3,0,0.01
1776869413.040442870,0,28,1.16
1776869413.040442870,1,0,0.01
1776869413.040442870,2,0,0.01
1776869413.040442870,3,0,0.01
1776869414.072844456,0,28,1.16
1776869414.072844456,1,0,0.01
1776869414.072844456,2,0,0.01
1776869414.072844456,3,0,0.01
1776869415.105644206,0,28,1.16
1776869415.105644206,1,0,0.01
1776869415.105644206,2,0,0.01
1776869415.105644206,3,0,0.01
1776869416.139073760,0,1,1.16
1776869416.139073760,1,0,0.01
1776869416.139073760,2,0,0.01
1776869416.139073760,3,0,0.01
1776869417.172925963,0,1,1.16
1776869417.172925963,1,0,0.01
1776869417.172925963,2,0,0.01
1776869417.172925963,3,0,0.01
1776869418.204539874,0,1,1.16
1776869418.204539874,1,0,0.01
1776869418.204539874,2,0,0.01
1776869418.204539874,3,0,0.01
1776869419.235834168,0,1,1.16
1776869419.235834168,1,0,0.01
1776869419.235834168,2,0,0.01
1776869419.235834168,3,0,0.01
1776869420.268826802,0,6,1.16
1776869420.268826802,1,0,0.01
1776869420.268826802,2,0,0.01
1776869420.268826802,3,0,0.01
1776869421.302964350,0,28,1.16
1776869421.302964350,1,0,0.01
1776869421.302964350,2,0,0.01
1776869421.302964350,3,0,0.01
1776869422.335859160,0,1,1.16
1776869422.335859160,1,0,0.01
1776869422.335859160,2,0,0.01
1776869422.335859160,3,0,0.01
1776869423.367904755,0,28,1.16
1776869423.367904755,1,0,0.01
1776869423.367904755,2,0,0.01
1776869423.367904755,3,0,0.01
1776869424.401084397,0,1,1.16
1776869424.401084397,1,0,0.01
1776869424.401084397,2,0,0.01
1776869424.401084397,3,0,0.01
1776869425.433155405,0,1,1.16
1776869425.433155405,1,0,0.01
1776869425.433155405,2,0,0.01
1776869425.433155405,3,0,0.01
1776869426.465118219,0,1,1.16
1776869426.465118219,1,0,0.01
1776869426.465118219,2,0,0.01
1776869426.465118219,3,0,0.01
1776869427.497098783,0,28,1.16
1776869427.497098783,1,0,0.01
1776869427.497098783,2,0,0.01
1776869427.497098783,3,0,0.01
1776869428.531186685,0,28,1.16
1776869428.531186685,1,0,0.01
1776869428.531186685,2,0,0.01
1776869428.531186685,3,0,0.01
1776869429.564801210,0,28,1.16
1776869429.564801210,1,0,0.01
1776869429.564801210,2,0,0.01
1776869429.564801210,3,0,0.01
1776869430.598268912,0,1,1.16
1776869430.598268912,1,0,0.01
1776869430.598268912,2,0,0.01
1776869430.598268912,3,0,0.01
1776869431.630905837,0,1,1.16
1776869431.630905837,1,0,0.01
1776869431.630905837,2,0,0.01
1776869431.630905837,3,0,0.01
1776869432.662878573,0,1,1.16
1776869432.662878573,1,0,0.01
1776869432.662878573,2,0,0.01
1776869432.662878573,3,0,0.01
1776869433.696851151,0,1,1.16
1776869433.696851151,1,0,0.01
1776869433.696851151,2,0,0.01
1776869433.696851151,3,0,0.01
1776869434.730292250,0,1,1.16
1776869434.730292250,1,0,0.01
1776869434.730292250,2,0,0.01
1776869434.730292250,3,0,0.01
1776869435.763924770,0,1,1.16
1776869435.763924770,1,0,0.01
1776869435.763924770,2,0,0.01
1776869435.763924770,3,0,0.01
1776869436.796414309,0,5,1.16
1776869436.796414309,1,0,0.01
1776869436.796414309,2,0,0.01
1776869436.796414309,3,0,0.01
1776869437.829625195,0,1,1.16
1776869437.829625195,1,0,0.01
1776869437.829625195,2,0,0.01
1776869437.829625195,3,0,0.01
1776869438.862683900,0,28,1.16
1776869438.862683900,1,0,0.01
1776869438.862683900,2,0,0.01
1776869438.862683900,3,0,0.01
1776869439.895993922,0,1,1.16
1776869439.895993922,1,0,0.01
1776869439.895993922,2,0,0.01
1776869439.895993922,3,0,0.01
1776869440.929027712,0,1,1.16
1776869440.929027712,1,0,0.01
1776869440.929027712,2,0,0.01
1776869440.929027712,3,0,0.01
1776869441.961926553,0,28,1.16
1776869441.961926553,1,0,0.01
1776869441.961926553,2,0,0.01
1776869441.961926553,3,0,0.01
1776869442.994971527,0,28,1.16
1776869442.994971527,1,0,0.01
1776869442.994971527,2,0,0.01
1776869442.994971527,3,0,0.01
1776869444.027719162,0,1,1.16
1776869444.027719162,1,0,0.01
1776869444.027719162,2,0,0.01
1776869444.027719162,3,0,0.01
1776869445.060680295,0,1,1.16
1776869445.060680295,1,0,0.01
1776869445.060680295,2,0,0.01
1776869445.060680295,3,0,0.01
1776869446.094386284,0,1,1.16
1776869446.094386284,1,0,0.01
1776869446.094386284,2,0,0.01
1776869446.094386284,3,0,0.01
1776869447.126040895,0,1,1.16
1776869447.126040895,1,0,0.01
1776869447.126040895,2,0,0.01
1776869447.126040895,3,0,0.01
1776869448.158762058,0,1,1.16
1776869448.158762058,1,0,0.01
1776869448.158762058,2,0,0.01
1776869448.158762058,3,0,0.01
1776869449.192019743,0,14,1.16
1776869449.192019743,1,0,0.01
1776869449.192019743,2,0,0.01
1776869449.192019743,3,0,0.01
1776869450.224947384,0,1,1.16
1776869450.224947384,1,0,0.01
1776869450.224947384,2,0,0.01
1776869450.224947384,3,0,0.01
1776869451.258761109,0,1,1.16
1776869451.258761109,1,0,0.01
1776869451.258761109,2,0,0.01
1776869451.258761109,3,0,0.01
1776869452.292447103,0,28,1.16
1776869452.292447103,1,0,0.01
1776869452.292447103,2,0,0.01
1776869452.292447103,3,0,0.01
1776869453.326380267,0,28,1.16
1776869453.326380267,1,0,0.01
1776869453.326380267,2,0,0.01
1776869453.326380267,3,0,0.01
1776869454.360371589,0,1,1.16
1776869454.360371589,1,0,0.01
1776869454.360371589,2,0,0.01
1776869454.360371589,3,0,0.01
1776869455.393022157,0,1,1.16
1776869455.393022157,1,0,0.01
1776869455.393022157,2,0,0.01
1776869455.393022157,3,0,0.01
1776869456.425869354,0,22,1.16
1776869456.425869354,1,0,0.01
1776869456.425869354,2,0,0.01
1776869456.425869354,3,0,0.01
1776869457.458815283,0,1,1.16
1776869457.458815283,1,0,0.01
1776869457.458815283,2,0,0.01
1776869457.458815283,3,0,0.01
1776869458.490864385,0,1,1.16
1776869458.490864385,1,0,0.01
1776869458.490864385,2,0,0.01
1776869458.490864385,3,0,0.01
1776869459.524634873,0,1,1.16
1776869459.524634873,1,0,0.01
1776869459.524634873,2,0,0.01
1776869459.524634873,3,0,0.01
1776869460.557861566,0,28,1.16
1776869460.557861566,1,0,0.01
1776869460.557861566,2,0,0.01
1776869460.557861566,3,0,0.01
1776869461.590453006,0,1,1.16
1776869461.590453006,1,0,0.01
1776869461.590453006,2,0,0.01
1776869461.590453006,3,0,0.01
1776869462.623268172,0,28,1.16
1776869462.623268172,1,0,0.01
1776869462.623268172,2,0,0.01
1776869462.623268172,3,0,0.01
1776869463.656073511,0,1,1.16
1776869463.656073511,1,0,0.01
1776869463.656073511,2,0,0.01
1776869463.656073511,3,0,0.01
1776869464.689207284,0,29,1.16
1776869464.689207284,1,0,0.01
1776869464.689207284,2,0,0.01
1776869464.689207284,3,0,0.01
1776869465.722095925,0,29,1.16
1776869465.722095925,1,0,0.01
1776869465.722095925,2,0,0.01
1776869465.722095925,3,0,0.01
1776869466.755040039,0,1,1.16
1776869466.755040039,1,0,0.01
1776869466.755040039,2,0,0.01
1776869466.755040039,3,0,0.01
1776869467.789623853,0,1,1.16
1776869467.789623853,1,0,0.01
1776869467.789623853,2,0,0.01
1776869467.789623853,3,0,0.01
1776869468.823349550,0,1,1.16
1776869468.823349550,1,0,0.01
1776869468.823349550,2,0,0.01
1776869468.823349550,3,0,0.01
1776869469.856436551,0,1,1.16
1776869469.856436551,1,0,0.01
1776869469.856436551,2,0,0.01
1776869469.856436551,3,0,0.01
1776869470.890117795,0,1,1.16
1776869470.890117795,1,0,0.01
1776869470.890117795,2,0,0.01
1776869470.890117795,3,0,0.01
1776869471.922476729,0,1,1.16
1776869471.922476729,1,0,0.01
1776869471.922476729,2,0,0.01
1776869471.922476729,3,0,0.01
1776869472.955998450,0,1,1.16
1776869472.955998450,1,0,0.01
1776869472.955998450,2,0,0.01
1776869472.955998450,3,0,0.01
1776869473.988103749,0,1,1.16
1776869473.988103749,1,0,0.01
1776869473.988103749,2,0,0.01
1776869473.988103749,3,0,0.01
1776869475.020959073,0,1,1.16
1776869475.020959073,1,0,0.01
1776869475.020959073,2,0,0.01
1776869475.020959073,3,0,0.01
1776869476.054471810,0,29,1.16
1776869476.054471810,1,0,0.01
1776869476.054471810,2,0,0.01
1776869476.054471810,3,0,0.01
1776869477.088193591,0,17,1.16
1776869477.088193591,1,0,0.01
1776869477.088193591,2,0,0.01
1776869477.088193591,3,0,0.01
1776869478.122448437,0,12,1.16
1776869478.122448437,1,0,0.01
1776869478.122448437,2,0,0.01
1776869478.122448437,3,0,0.01
1776869479.155924834,0,1,1.16
1776869479.155924834,1,0,0.01
1776869479.155924834,2,0,0.01
1776869479.155924834,3,0,0.01
1776869480.190244153,0,1,1.16
1776869480.190244153,1,0,0.01
1776869480.190244153,2,0,0.01
1776869480.190244153,3,0,0.01
1776869481.222292429,0,1,1.16
1776869481.222292429,1,0,0.01
1776869481.222292429,2,0,0.01
1776869481.222292429,3,0,0.01
1776869482.253798201,0,28,1.16
1776869482.253798201,1,0,0.01
1776869482.253798201,2,0,0.01
1776869482.253798201,3,0,0.01
1776869483.287885133,0,1,1.16
1776869483.287885133,1,0,0.01
1776869483.287885133,2,0,0.01
1776869483.287885133,3,0,0.01
1776869484.320964508,0,1,1.16
1776869484.320964508,1,0,0.01
1776869484.320964508,2,0,0.01
1776869484.320964508,3,0,0.01
1776869485.354421933,0,28,1.16
1776869485.354421933,1,0,0.01
1776869485.354421933,2,0,0.01
1776869485.354421933,3,0,0.01
1776869486.387066269,0,1,1.16
1776869486.387066269,1,0,0.01
1776869486.387066269,2,0,0.01
1776869486.387066269,3,0,0.01
1776869487.418757129,0,1,1.16
1776869487.418757129,1,0,0.01
1776869487.418757129,2,0,0.01
1776869487.418757129,3,0,0.01
1776869488.453269367,0,12,1.16
1776869488.453269367,1,0,0.01
1776869488.453269367,2,0,0.01
1776869488.453269367,3,0,0.01
1776869489.485722291,0,1,1.16
1776869489.485722291,1,0,0.01
1776869489.485722291,2,0,0.01
1776869489.485722291,3,0,0.01
1776869490.520050444,0,24,1.16
1776869490.520050444,1,0,0.01
1776869490.520050444,2,0,0.01
1776869490.520050444,3,0,0.01
1776869491.552734446,0,1,1.16
1776869491.552734446,1,0,0.01
1776869491.552734446,2,0,0.01
1776869491.552734446,3,0,0.01
1776869492.586264095,0,19,1.16
1776869492.586264095,1,0,0.01
1776869492.586264095,2,0,0.01
1776869492.586264095,3,0,0.01
1776869493.620324610,0,1,1.16
1776869493.620324610,1,0,0.01
1776869493.620324610,2,0,0.01
1776869493.620324610,3,0,0.01
1776869494.653508178,0,1,1.16
1776869494.653508178,1,0,0.01
1776869494.653508178,2,0,0.01
1776869494.653508178,3,0,0.01
1776869495.685422429,0,1,1.16
1776869495.685422429,1,0,0.01
1776869495.685422429,2,0,0.01
1776869495.685422429,3,0,0.01
1776869496.717968882,0,1,1.16
1776869496.717968882,1,0,0.01
1776869496.717968882,2,0,0.01
1776869496.717968882,3,0,0.01
1776869497.749573342,0,1,1.16
1776869497.749573342,1,0,0.01
1776869497.749573342,2,0,0.01
1776869497.749573342,3,0,0.01
1776869498.783179956,0,1,1.16
1776869498.783179956,1,0,0.01
1776869498.783179956,2,0,0.01
1776869498.783179956,3,0,0.01
1776869499.815954004,0,1,1.16
1776869499.815954004,1,0,0.01
1776869499.815954004,2,0,0.01
1776869499.815954004,3,0,0.01
1776869500.849532577,0,5,1.16
1776869500.849532577,1,0,0.01
1776869500.849532577,2,0,0.01
1776869500.849532577,3,0,0.01
1776869501.882150639,0,1,1.16
1776869501.882150639,1,0,0.01
1776869501.882150639,2,0,0.01
1776869501.882150639,3,0,0.01
1776869502.915728412,0,1,1.16
1776869502.915728412,1,0,0.01
1776869502.915728412,2,0,0.01
1776869502.915728412,3,0,0.01
1776869503.950165513,0,25,1.16
1776869503.950165513,1,0,0.01
1776869503.950165513,2,0,0.01
1776869503.950165513,3,0,0.01
1776869504.983480367,0,1,1.16
1776869504.983480367,1,0,0.01
1776869504.983480367,2,0,0.01
1776869504.983480367,3,0,0.01
1776869506.017309105,0,1,1.16
1776869506.017309105,1,0,0.01
1776869506.017309105,2,0,0.01
1776869506.017309105,3,0,0.01
1776869507.050976469,0,29,1.16
1776869507.050976469,1,0,0.01
1776869507.050976469,2,0,0.01
1776869507.050976469,3,0,0.01
1776869508.084289532,0,1,1.16
1776869508.084289532,1,0,0.01
1776869508.084289532,2,0,0.01
1776869508.084289532,3,0,0.01
1776869509.116371506,0,9,1.16
1776869509.116371506,1,0,0.01
1776869509.116371506,2,0,0.01
1776869509.116371506,3,0,0.01
1776869510.148170825,0,1,1.16
1776869510.148170825,1,0,0.01
1776869510.148170825,2,0,0.01
1776869510.148170825,3,0,0.01
1776869511.182054097,0,1,1.16
1776869511.182054097,1,0,0.01
1776869511.182054097,2,0,0.01
1776869511.182054097,3,0,0.01
1776869512.215048235,0,1,1.16
1776869512.215048235,1,0,0.01
1776869512.215048235,2,0,0.01
1776869512.215048235,3,0,0.01
1776869513.247650767,0,1,1.16
1776869513.247650767,1,0,0.01
1776869513.247650767,2,0,0.01
1776869513.247650767,3,0,0.01
1776869514.281790267,0,1,1.16
1776869514.281790267,1,0,0.01
1776869514.281790267,2,0,0.01
1776869514.281790267,3,0,0.01
1776869515.315186597,0,1,1.16
1776869515.315186597,1,0,0.01
1776869515.315186597,2,0,0.01
1776869515.315186597,3,0,0.01
1776869516.348635756,0,1,1.16
1776869516.348635756,1,0,0.01
1776869516.348635756,2,0,0.01
1776869516.348635756,3,0,0.01
1776869517.382564754,0,1,1.16
1776869517.382564754,1,0,0.01
1776869517.382564754,2,0,0.01
1776869517.382564754,3,0,0.01
1776869518.415852351,0,1,1.16
1776869518.415852351,1,0,0.01
1776869518.415852351,2,0,0.01
1776869518.415852351,3,0,0.01
1776869519.449919912,0,23,1.16
1776869519.449919912,1,0,0.01
1776869519.449919912,2,0,0.01
1776869519.449919912,3,0,0.01
1776869520.483577055,0,1,1.16
1776869520.483577055,1,0,0.01
1776869520.483577055,2,0,0.01
1776869520.483577055,3,0,0.01
1776869521.517688842,0,1,1.16
1776869521.517688842,1,0,0.01
1776869521.517688842,2,0,0.01
1776869521.517688842,3,0,0.01
1776869522.551676751,0,1,1.16
1776869522.551676751,1,0,0.01
1776869522.551676751,2,0,0.01
1776869522.551676751,3,0,0.01
1776869523.585112647,0,1,1.16
1776869523.585112647,1,0,0.01
1776869523.585112647,2,0,0.01
1776869523.585112647,3,0,0.01
1776869524.616664435,0,1,1.16
1776869524.616664435,1,0,0.01
1776869524.616664435,2,0,0.01
1776869524.616664435,3,0,0.01
1776869525.649279327,0,29,1.16
1776869525.649279327,1,0,0.01
1776869525.649279327,2,0,0.01
1776869525.649279327,3,0,0.01
1776869526.683683496,0,29,1.16
1776869526.683683496,1,0,0.01
1776869526.683683496,2,0,0.01
1776869526.683683496,3,0,0.01
1776869527.716775041,0,1,1.16
1776869527.716775041,1,0,0.01
1776869527.716775041,2,0,0.01
1776869527.716775041,3,0,0.01
1776869528.748286470,0,1,1.16
1776869528.748286470,1,0,0.01
1776869528.748286470,2,0,0.01
1776869528.748286470,3,0,0.01
1776869529.781662460,0,1,1.16
1776869529.781662460,1,0,0.01
1776869529.781662460,2,0,0.01
1776869529.781662460,3,0,0.01
1776869530.816008198,0,1,1.16
1776869530.816008198,1,0,0.01
1776869530.816008198,2,0,0.01
1776869530.816008198,3,0,0.01
1776869531.848146317,0,29,1.16
1776869531.848146317,1,0,0.01
1776869531.848146317,2,0,0.01
1776869531.848146317,3,0,0.01
1776869532.879757304,0,1,1.16
1776869532.879757304,1,0,0.01
1776869532.879757304,2,0,0.01
1776869532.879757304,3,0,0.01
1776869533.911963653,0,1,1.16
1776869533.911963653,1,0,0.01
1776869533.911963653,2,0,0.01
1776869533.911963653,3,0,0.01
1776869534.946674255,0,1,1.16
1776869534.946674255,1,0,0.01
1776869534.946674255,2,0,0.01
1776869534.946674255,3,0,0.01
1776869535.981412838,0,1,1.16
1776869535.981412838,1,0,0.01
1776869535.981412838,2,0,0.01
1776869535.981412838,3,0,0.01
1776869537.015151854,0,29,1.16
1776869537.015151854,1,0,0.01
1776869537.015151854,2,0,0.01
1776869537.015151854,3,0,0.01
1776869538.049504926,0,1,1.16
1776869538.049504926,1,0,0.01
1776869538.049504926,2,0,0.01
1776869538.049504926,3,0,0.01
1776869539.083822456,0,1,1.16
1776869539.083822456,1,0,0.01
1776869539.083822456,2,0,0.01
1776869539.083822456,3,0,0.01
1776869540.117590710,0,1,1.16
1776869540.117590710,1,0,0.01
1776869540.117590710,2,0,0.01
1776869540.117590710,3,0,0.01
1776869541.149768274,0,1,1.16
1776869541.149768274,1,0,0.01
1776869541.149768274,2,0,0.01
1776869541.149768274,3,0,0.01
1776869542.183240042,0,29,1.16
1776869542.183240042,1,0,0.01
1776869542.183240042,2,0,0.01
1776869542.183240042,3,0,0.01
1776869543.215640101,0,29,1.16
1776869543.215640101,1,0,0.01
1776869543.215640101,2,0,0.01
1776869543.215640101,3,0,0.01
1776869544.249376945,0,1,1.16
1776869544.249376945,1,0,0.01
1776869544.249376945,2,0,0.01
1776869544.249376945,3,0,0.01
1776869545.284504607,0,1,1.16
1776869545.284504607,1,0,0.01
1776869545.284504607,2,0,0.01
1776869545.284504607,3,0,0.01
1776869546.318250983,0,1,1.16
1776869546.318250983,1,0,0.01
1776869546.318250983,2,0,0.01
1776869546.318250983,3,0,0.01
1776869547.351725361,0,1,1.16
1776869547.351725361,1,0,0.01
1776869547.351725361,2,0,0.01
1776869547.351725361,3,0,0.01
1776869548.384486155,0,1,1.16
1776869548.384486155,1,0,0.01
1776869548.384486155,2,0,0.01
1776869548.384486155,3,0,0.01
1776869549.418507880,0,1,1.16
1776869549.418507880,1,0,0.01
1776869549.418507880,2,0,0.01
1776869549.418507880,3,0,0.01
1776869550.452291170,0,1,1.16
1776869550.452291170,1,0,0.01
1776869550.452291170,2,0,0.01
1776869550.452291170,3,0,0.01
1776869551.485586690,0,1,1.16
1776869551.485586690,1,0,0.01
1776869551.485586690,2,0,0.01
1776869551.485586690,3,0,0.01
1776869552.518266474,0,1,1.16
1776869552.518266474,1,0,0.01
1776869552.518266474,2,0,0.01
1776869552.518266474,3,0,0.01
1776869553.551541492,0,1,1.16
1776869553.551541492,1,0,0.01
1776869553.551541492,2,0,0.01
1776869553.551541492,3,0,0.01
1776869554.584247902,0,29,1.16
1776869554.584247902,1,0,0.01
1776869554.584247902,2,0,0.01
1776869554.584247902,3,0,0.01
1776869555.617809609,0,1,1.16
1776869555.617809609,1,0,0.01
1776869555.617809609,2,0,0.01
1776869555.617809609,3,0,0.01
1776869556.650562940,0,1,1.16
1776869556.650562940,1,0,0.01
1776869556.650562940,2,0,0.01
1776869556.650562940,3,0,0.01
1776869557.684388005,0,1,1.16
1776869557.684388005,1,0,0.01
1776869557.684388005,2,0,0.01
1776869557.684388005,3,0,0.01
1776869558.717554165,0,1,1.16
1776869558.717554165,1,0,0.01
1776869558.717554165,2,0,0.01
1776869558.717554165,3,0,0.01
1776869559.751845217,0,20,1.16
1776869559.751845217,1,0,0.01
1776869559.751845217,2,0,0.01
1776869559.751845217,3,0,0.01
1776869560.784412608,0,1,1.16
1776869560.784412608,1,0,0.01
1776869560.784412608,2,0,0.01
1776869560.784412608,3,0,0.01
1776869561.817824022,0,1,1.16
1776869561.817824022,1,0,0.01
1776869561.817824022,2,0,0.01
1776869561.817824022,3,0,0.01
1776869562.851885375,0,1,1.16
1776869562.851885375,1,0,0.01
1776869562.851885375,2,0,0.01
1776869562.851885375,3,0,0.01
1776869563.884990650,0,1,1.16
1776869563.884990650,1,0,0.01
1776869563.884990650,2,0,0.01
1776869563.884990650,3,0,0.01
1776869564.919161742,0,1,1.16
1776869564.919161742,1,0,0.01
1776869564.919161742,2,0,0.01
1776869564.919161742,3,0,0.01
1776869565.952025438,0,1,1.16
1776869565.952025438,1,0,0.01
1776869565.952025438,2,0,0.01
1776869565.952025438,3,0,0.01
1776869566.984906481,0,13,1.16
1776869566.984906481,1,0,0.01
1776869566.984906481,2,0,0.01
1776869566.984906481,3,0,0.01
1776869568.018002739,0,29,1.16
1776869568.018002739,1,0,0.01
1776869568.018002739,2,0,0.01
1776869568.018002739,3,0,0.01
1776869569.051411762,0,29,1.16
1776869569.051411762,1,0,0.01
1776869569.051411762,2,0,0.01
1776869569.051411762,3,0,0.01
1776869570.084155170,0,1,1.16
1776869570.084155170,1,0,0.01
1776869570.084155170,2,0,0.01
1776869570.084155170,3,0,0.01
1776869571.117674139,0,17,1.16
1776869571.117674139,1,0,0.01
1776869571.117674139,2,0,0.01
1776869571.117674139,3,0,0.01
1776869572.150903809,0,1,1.16
1776869572.150903809,1,0,0.01
1776869572.150903809,2,0,0.01
1776869572.150903809,3,0,0.01
1776869573.185554004,0,28,1.16
1776869573.185554004,1,0,0.01
1776869573.185554004,2,0,0.01
1776869573.185554004,3,0,0.01
1776869574.219799802,0,1,1.16
1776869574.219799802,1,0,0.01
1776869574.219799802,2,0,0.01
1776869574.219799802,3,0,0.01
1776869575.252890315,0,1,1.16
1776869575.252890315,1,0,0.01
1776869575.252890315,2,0,0.01
1776869575.252890315,3,0,0.01
1776869576.287067781,0,1,1.16
1776869576.287067781,1,0,0.01
1776869576.287067781,2,0,0.01
1776869576.287067781,3,0,0.01
1776869577.322163764,0,1,1.16
1776869577.322163764,1,0,0.01
1776869577.322163764,2,0,0.01
1776869577.322163764,3,0,0.01
1776869578.355583390,0,1,1.16
1776869578.355583390,1,0,0.01
1776869578.355583390,2,0,0.01
1776869578.355583390,3,0,0.01
1776869579.389146141,0,25,1.16
1776869579.389146141,1,0,0.01
1776869579.389146141,2,0,0.01
1776869579.389146141,3,0,0.01
1776869580.422068396,0,1,1.16
1776869580.422068396,1,0,0.01
1776869580.422068396,2,0,0.01
1776869580.422068396,3,0,0.01
1776869581.456074601,0,1,1.16
1776869581.456074601,1,0,0.01
1776869581.456074601,2,0,0.01
1776869581.456074601,3,0,0.01
1776869582.489854298,0,16,1.16
1776869582.489854298,1,0,0.01
1776869582.489854298,2,0,0.01
1776869582.489854298,3,0,0.01
1776869583.524093820,0,1,1.16
1776869583.524093820,1,0,0.01
1776869583.524093820,2,0,0.01
1776869583.524093820,3,0,0.01
1776869584.557261531,0,8,1.16
1776869584.557261531,1,0,0.01
1776869584.557261531,2,0,0.01
1776869584.557261531,3,0,0.01
1776869585.590440744,0,1,1.16
1776869585.590440744,1,0,0.01
1776869585.590440744,2,0,0.01
1776869585.590440744,3,0,0.01
1776869586.622926332,0,7,1.16
1776869586.622926332,1,0,0.01
1776869586.622926332,2,0,0.01
1776869586.622926332,3,0,0.01
1776869587.654448182,0,1,1.16
1776869587.654448182,1,0,0.01
1776869587.654448182,2,0,0.01
1776869587.654448182,3,0,0.01
1776869588.687894696,0,1,1.16
1776869588.687894696,1,0,0.01
1776869588.687894696,2,0,0.01
1776869588.687894696,3,0,0.01
1776869589.721333943,0,1,1.16
1776869589.721333943,1,0,0.01
1776869589.721333943,2,0,0.01
1776869589.721333943,3,0,0.01
1776869590.755775172,0,1,1.16
1776869590.755775172,1,0,0.01
1776869590.755775172,2,0,0.01
1776869590.755775172,3,0,0.01
1776869591.789278255,0,29,1.16
1776869591.789278255,1,0,0.01
1776869591.789278255,2,0,0.01
1776869591.789278255,3,0,0.01
1776869592.823680777,0,1,1.16
1776869592.823680777,1,0,0.01
1776869592.823680777,2,0,0.01
1776869592.823680777,3,0,0.01
1776869593.856949243,0,1,1.16
1776869593.856949243,1,0,0.01
1776869593.856949243,2,0,0.01
1776869593.856949243,3,0,0.01
1776869594.890595626,0,1,1.16
1776869594.890595626,1,0,0.01
1776869594.890595626,2,0,0.01
1776869594.890595626,3,0,0.01
1776869595.924466213,0,1,1.16
1776869595.924466213,1,0,0.01
1776869595.924466213,2,0,0.01
1776869595.924466213,3,0,0.01
1776869596.958486993,0,1,1.16
1776869596.958486993,1,0,0.01
1776869596.958486993,2,0,0.01
1776869596.958486993,3,0,0.01
1776869597.992053698,0,17,1.16
1776869597.992053698,1,0,0.01
1776869597.992053698,2,0,0.01
1776869597.992053698,3,0,0.01
1776869599.025703212,0,1,1.16
1776869599.025703212,1,0,0.01
1776869599.025703212,2,0,0.01
1776869599.025703212,3,0,0.01
1776869600.059673263,0,1,1.16
1776869600.059673263,1,0,0.01
1776869600.059673263,2,0,0.01
1776869600.059673263,3,0,0.01
1776869601.093240567,0,1,1.16
1776869601.093240567,1,0,0.01
1776869601.093240567,2,0,0.01
1776869601.093240567,3,0,0.01
1776869602.126716529,0,1,1.16
1776869602.126716529,1,0,0.01
1776869602.126716529,2,0,0.01
1776869602.126716529,3,0,0.01
1776869603.160726881,0,1,1.16
1776869603.160726881,1,0,0.01
1776869603.160726881,2,0,0.01
1776869603.160726881,3,0,0.01
1776869604.193696607,0,1,1.16
1776869604.193696607,1,0,0.01
1776869604.193696607,2,0,0.01
1776869604.193696607,3,0,0.01
1776869605.227108888,0,1,1.16
1776869605.227108888,1,0,0.01
1776869605.227108888,2,0,0.01
1776869605.227108888,3,0,0.01
1776869606.260024048,0,1,1.16
1776869606.260024048,1,0,0.01
1776869606.260024048,2,0,0.01
1776869606.260024048,3,0,0.01
1776869607.294052378,0,13,1.16
1776869607.294052378,1,0,0.01
1776869607.294052378,2,0,0.01
1776869607.294052378,3,0,0.01
1776869608.327745646,0,1,1.16
1776869608.327745646,1,0,0.01
1776869608.327745646,2,0,0.01
1776869608.327745646,3,0,0.01
1776869609.360946916,0,1,1.16
1776869609.360946916,1,0,0.01
1776869609.360946916,2,0,0.01
1776869609.360946916,3,0,0.01
1776869610.394119800,0,1,1.16
1776869610.394119800,1,0,0.01
1776869610.394119800,2,0,0.01
1776869610.394119800,3,0,0.01
1776869611.427512078,0,12,1.16
1776869611.427512078,1,0,0.01
1776869611.427512078,2,0,0.01
1776869611.427512078,3,0,0.01
1776869612.460673130,0,1,1.16
1776869612.460673130,1,0,0.01
1776869612.460673130,2,0,0.01
1776869612.460673130,3,0,0.01
1776869613.495446288,0,10,1.16
1776869613.495446288,1,0,0.01
1776869613.495446288,2,0,0.01
1776869613.495446288,3,0,0.01
1776869614.527960262,0,1,1.16
1776869614.527960262,1,0,0.01
1776869614.527960262,2,0,0.01
1776869614.527960262,3,0,0.01
1776869615.562203943,0,1,1.16
1776869615.562203943,1,0,0.01
1776869615.562203943,2,0,0.01
1776869615.562203943,3,0,0.01
1776869616.596082316,0,1,1.16
1776869616.596082316,1,0,0.01
1776869616.596082316,2,0,0.01
1776869616.596082316,3,0,0.01
1776869617.627905593,0,1,1.16
1776869617.627905593,1,0,0.01
1776869617.627905593,2,0,0.01
1776869617.627905593,3,0,0.01
1776869618.661722763,0,1,1.16
1776869618.661722763,1,0,0.01
1776869618.661722763,2,0,0.01
1776869618.661722763,3,0,0.01
1776869619.694246532,0,17,1.16
1776869619.694246532,1,0,0.01
1776869619.694246532,2,0,0.01
1776869619.694246532,3,0,0.01
1776869620.728211985,0,1,1.16
1776869620.728211985,1,0,0.01
1776869620.728211985,2,0,0.01
1776869620.728211985,3,0,0.01
1776869621.761660105,0,1,1.16
1776869621.761660105,1,0,0.01
1776869621.761660105,2,0,0.01
1776869621.761660105,3,0,0.01
1776869622.795351123,0,1,1.16
1776869622.795351123,1,0,0.01
1776869622.795351123,2,0,0.01
1776869622.795351123,3,0,0.01
1776869623.829667450,0,29,1.16
1776869623.829667450,1,0,0.01
1776869623.829667450,2,0,0.01
1776869623.829667450,3,0,0.01
1776869624.861987057,0,1,1.16
1776869624.861987057,1,0,0.01
1776869624.861987057,2,0,0.01
1776869624.861987057,3,0,0.01
1776869625.895694839,0,1,1.16
1776869625.895694839,1,0,0.01
1776869625.895694839,2,0,0.01
1776869625.895694839,3,0,0.01
1776869626.929752192,0,1,1.16
1776869626.929752192,1,0,0.01
1776869626.929752192,2,0,0.01
1776869626.929752192,3,0,0.01
1776869627.963691571,0,1,1.16
1776869627.963691571,1,0,0.01
1776869627.963691571,2,0,0.01
1776869627.963691571,3,0,0.01
1776869628.997185727,0,1,1.16
1776869628.997185727,1,0,0.01
1776869628.997185727,2,0,0.01
1776869628.997185727,3,0,0.01
1776869630.031002728,0,1,1.16
1776869630.031002728,1,0,0.01
1776869630.031002728,2,0,0.01
1776869630.031002728,3,0,0.01
1776869631.062971289,0,1,1.16
1776869631.062971289,1,0,0.01
1776869631.062971289,2,0,0.01
1776869631.062971289,3,0,0.01
1776869632.095965211,0,1,1.16
1776869632.095965211,1,0,0.01
1776869632.095965211,2,0,0.01
1776869632.095965211,3,0,0.01
1776869633.129201428,0,1,1.16
1776869633.129201428,1,0,0.01
1776869633.129201428,2,0,0.01
1776869633.129201428,3,0,0.01
1776869634.162141678,0,1,1.16
1776869634.162141678,1,0,0.01
1776869634.162141678,2,0,0.01
1776869634.162141678,3,0,0.01
1776869635.194864172,0,29,1.16
1776869635.194864172,1,0,0.01
1776869635.194864172,2,0,0.01
1776869635.194864172,3,0,0.01
1776869636.228434312,0,29,1.16
1776869636.228434312,1,0,0.01
1776869636.228434312,2,0,0.01
1776869636.228434312,3,0,0.01
1776869637.260722576,0,1,1.16
1776869637.260722576,1,0,0.01
1776869637.260722576,2,0,0.01
1776869637.260722576,3,0,0.01
1776869638.294721755,0,1,1.16
1776869638.294721755,1,0,0.01
1776869638.294721755,2,0,0.01
1776869638.294721755,3,0,0.01
1776869639.327237941,0,1,1.16
1776869639.327237941,1,0,0.01
1776869639.327237941,2,0,0.01
1776869639.327237941,3,0,0.01
1776869640.362360755,0,1,1.16
1776869640.362360755,1,0,0.01
1776869640.362360755,2,0,0.01
1776869640.362360755,3,0,0.01
1776869641.396293987,0,1,1.16
1776869641.396293987,1,0,0.01
1776869641.396293987,2,0,0.01
1776869641.396293987,3,0,0.01
1776869642.430336390,0,14,1.16
1776869642.430336390,1,0,0.01
1776869642.430336390,2,0,0.01
1776869642.430336390,3,0,0.01
1776869643.463343924,0,11,1.16
1776869643.463343924,1,0,0.01
1776869643.463343924,2,0,0.01
1776869643.463343924,3,0,0.01
1776869644.496744122,0,1,1.16
1776869644.496744122,1,0,0.01
1776869644.496744122,2,0,0.01
1776869644.496744122,3,0,0.01
1776869645.530436467,0,1,1.16
1776869645.530436467,1,0,0.01
1776869645.530436467,2,0,0.01
1776869645.530436467,3,0,0.01
1776869646.562818413,0,1,1.16
1776869646.562818413,1,0,0.01
1776869646.562818413,2,0,0.01
1776869646.562818413,3,0,0.01
1776869647.596708764,0,1,1.16
1776869647.596708764,1,0,0.01
1776869647.596708764,2,0,0.01
1776869647.596708764,3,0,0.01
1776869648.629989625,0,1,1.16
1776869648.629989625,1,0,0.01
1776869648.629989625,2,0,0.01
1776869648.629989625,3,0,0.01
1776869649.664090331,0,1,1.16
1776869649.664090331,1,0,0.01
1776869649.664090331,2,0,0.01
1776869649.664090331,3,0,0.01
1776869650.696215659,0,1,1.16
1776869650.696215659,1,0,0.01
1776869650.696215659,2,0,0.01
1776869650.696215659,3,0,0.01
1776869651.727907608,0,13,1.16
1776869651.727907608,1,0,0.01
1776869651.727907608,2,0,0.01
1776869651.727907608,3,0,0.01
1776869652.761275848,0,1,1.16
1776869652.761275848,1,0,0.01
1776869652.761275848,2,0,0.01
1776869652.761275848,3,0,0.01
1776869653.793933486,0,1,1.16
1776869653.793933486,1,0,0.01
1776869653.793933486,2,0,0.01
1776869653.793933486,3,0,0.01
1776869654.827162482,0,1,1.16
1776869654.827162482,1,0,0.01
1776869654.827162482,2,0,0.01
1776869654.827162482,3,0,0.01
1776869655.860803603,0,1,1.16
1776869655.860803603,1,0,0.01
1776869655.860803603,2,0,0.01
1776869655.860803603,3,0,0.01
1776869656.893397608,0,1,1.16
1776869656.893397608,1,0,0.01
1776869656.893397608,2,0,0.01
1776869656.893397608,3,0,0.01
1776869657.926882458,0,1,1.16
1776869657.926882458,1,0,0.01
1776869657.926882458,2,0,0.01
1776869657.926882458,3,0,0.01
1776869658.959786571,0,1,1.16
1776869658.959786571,1,0,0.01
1776869658.959786571,2,0,0.01
1776869658.959786571,3,0,0.01
1776869659.993284791,0,1,1.16
1776869659.993284791,1,0,0.01
1776869659.993284791,2,0,0.01
1776869659.993284791,3,0,0.01
1776869661.026564724,0,1,1.16
1776869661.026564724,1,0,0.01
1776869661.026564724,2,0,0.01
1776869661.026564724,3,0,0.01
1776869662.060170732,0,1,1.16
1776869662.060170732,1,0,0.01
1776869662.060170732,2,0,0.01
1776869662.060170732,3,0,0.01
1776869663.094247492,0,1,1.16
1776869663.094247492,1,0,0.01
1776869663.094247492,2,0,0.01
1776869663.094247492,3,0,0.01
1776869664.125785631,0,1,1.16
1776869664.125785631,1,0,0.01
1776869664.125785631,2,0,0.01
1776869664.125785631,3,0,0.01
1776869665.157356456,0,1,1.16
1776869665.157356456,1,0,0.01
1776869665.157356456,2,0,0.01
1776869665.157356456,3,0,0.01
1776869666.190387237,0,1,1.16
1776869666.190387237,1,0,0.01
1776869666.190387237,2,0,0.01
1776869666.190387237,3,0,0.01
1776869667.223634045,0,1,1.16
1776869667.223634045,1,0,0.01
1776869667.223634045,2,0,0.01
1776869667.223634045,3,0,0.01
1776869668.258395005,0,1,1.16
1776869668.258395005,1,0,0.01
1776869668.258395005,2,0,0.01
1776869668.258395005,3,0,0.01
1776869669.292139211,0,1,1.16
1776869669.292139211,1,0,0.01
1776869669.292139211,2,0,0.01
1776869669.292139211,3,0,0.01
1776869670.325621384,0,1,1.16
1776869670.325621384,1,0,0.01
1776869670.325621384,2,0,0.01
1776869670.325621384,3,0,0.01
1776869671.358591542,0,21,1.16
1776869671.358591542,1,0,0.01
1776869671.358591542,2,0,0.01
1776869671.358591542,3,0,0.01
1776869672.391703398,0,1,1.16
1776869672.391703398,1,0,0.01
1776869672.391703398,2,0,0.01
1776869672.391703398,3,0,0.01
1776869673.425151286,0,1,1.16
1776869673.425151286,1,0,0.01
1776869673.425151286,2,0,0.01
1776869673.425151286,3,0,0.01
1776869674.458840284,0,1,1.16
1776869674.458840284,1,0,0.01
1776869674.458840284,2,0,0.01
1776869674.458840284,3,0,0.01
1776869675.491999540,0,1,1.16
1776869675.491999540,1,0,0.01
1776869675.491999540,2,0,0.01
1776869675.491999540,3,0,0.01
1776869676.526443367,0,21,1.16
1776869676.526443367,1,0,0.01
1776869676.526443367,2,0,0.01
1776869676.526443367,3,0,0.01
1776869677.559478260,0,1,1.16
1776869677.559478260,1,0,0.01
1776869677.559478260,2,0,0.01
1776869677.559478260,3,0,0.01
1776869678.593831656,0,1,1.16
1776869678.593831656,1,0,0.01
1776869678.593831656,2,0,0.01
1776869678.593831656,3,0,0.01
1776869679.627164946,0,29,1.16
1776869679.627164946,1,0,0.01
1776869679.627164946,2,0,0.01
1776869679.627164946,3,0,0.01
1776869680.661062910,0,1,1.16
1776869680.661062910,1,0,0.01
1776869680.661062910,2,0,0.01
1776869680.661062910,3,0,0.01
1776869681.694154877,0,1,1.16
1776869681.694154877,1,0,0.01
1776869681.694154877,2,0,0.01
1776869681.694154877,3,0,0.01
1776869682.727633847,0,1,1.16
1776869682.727633847,1,0,0.01
1776869682.727633847,2,0,0.01
1776869682.727633847,3,0,0.01
1776869683.760101882,0,1,1.16
1776869683.760101882,1,0,0.01
1776869683.760101882,2,0,0.01
1776869683.760101882,3,0,0.01
1776869684.792719016,0,20,1.16
1776869684.792719016,1,0,0.01
1776869684.792719016,2,0,0.01
1776869684.792719016,3,0,0.01
1776869685.825006230,0,1,1.16
1776869685.825006230,1,0,0.01
1776869685.825006230,2,0,0.01
1776869685.825006230,3,0,0.01
1776869686.858239517,0,21,1.16
1776869686.858239517,1,0,0.01
1776869686.858239517,2,0,0.01
1776869686.858239517,3,0,0.01
1776869687.891069939,0,1,1.16
1776869687.891069939,1,0,0.01
1776869687.891069939,2,0,0.01
1776869687.891069939,3,0,0.01
1776869688.923108644,0,1,1.16
1776869688.923108644,1,0,0.01
1776869688.923108644,2,0,0.01
1776869688.923108644,3,0,0.01
1776869689.955975849,0,1,1.16
1776869689.955975849,1,0,0.01
1776869689.955975849,2,0,0.01
1776869689.955975849,3,0,0.01
1776869690.988976127,0,1,1.16
1776869690.988976127,1,0,0.01
1776869690.988976127,2,0,0.01
1776869690.988976127,3,0,0.01
1776869692.021865939,0,1,1.16
1776869692.021865939,1,0,0.01
1776869692.021865939,2,0,0.01
1776869692.021865939,3,0,0.01
1776869693.055195387,0,24,1.16
1776869693.055195387,1,0,0.01
1776869693.055195387,2,0,0.01
1776869693.055195387,3,0,0.01
1776869694.090022848,0,19,1.16
1776869694.090022848,1,0,0.01
1776869694.090022848,2,0,0.01
1776869694.090022848,3,0,0.01
1776869695.123867395,0,1,1.16
1776869695.123867395,1,0,0.01
1776869695.123867395,2,0,0.01
1776869695.123867395,3,0,0.01
1776869696.157028487,0,1,1.16
1776869696.157028487,1,0,0.01
1776869696.157028487,2,0,0.01
1776869696.157028487,3,0,0.01
1776869697.191009786,0,1,1.16
1776869697.191009786,1,0,0.01
1776869697.191009786,2,0,0.01
1776869697.191009786,3,0,0.01
1776869698.224074649,0,1,1.16
1776869698.224074649,1,0,0.01
1776869698.224074649,2,0,0.01
1776869698.224074649,3,0,0.01
1776869699.256770432,0,29,1.16
1776869699.256770432,1,0,0.01
1776869699.256770432,2,0,0.01
1776869699.256770432,3,0,0.01
1776869700.291147364,0,2,1.16
1776869700.291147364,1,0,0.01
1776869700.291147364,2,0,0.01
1776869700.291147364,3,0,0.01
1776869701.324053649,0,1,1.16
1776869701.324053649,1,0,0.01
1776869701.324053649,2,0,0.01
1776869701.324053649,3,0,0.01
1776869702.357551072,0,1,1.16
1776869702.357551072,1,0,0.01
1776869702.357551072,2,0,0.01
1776869702.357551072,3,0,0.01
1776869703.389669295,0,1,1.16
1776869703.389669295,1,0,0.01
1776869703.389669295,2,0,0.01
1776869703.389669295,3,0,0.01
1776869704.423114391,0,1,1.16
1776869704.423114391,1,0,0.01
1776869704.423114391,2,0,0.01
1776869704.423114391,3,0,0.01
1776869705.455576636,0,1,1.16
1776869705.455576636,1,0,0.01
1776869705.455576636,2,0,0.01
1776869705.455576636,3,0,0.01
1776869706.487649588,0,1,1.16
1776869706.487649588,1,0,0.01
1776869706.487649588,2,0,0.01
1776869706.487649588,3,0,0.01
1776869707.521018050,0,1,1.16
1776869707.521018050,1,0,0.01
1776869707.521018050,2,0,0.01
1776869707.521018050,3,0,0.01
1776869708.554212298,0,18,1.16
1776869708.554212298,1,0,0.01
1776869708.554212298,2,0,0.01
1776869708.554212298,3,0,0.01
1776869709.588565893,0,20,1.16
1776869709.588565893,1,0,0.01
1776869709.588565893,2,0,0.01
1776869709.588565893,3,0,0.01
1776869710.622052202,0,1,1.16
1776869710.622052202,1,0,0.01
1776869710.622052202,2,0,0.01
1776869710.622052202,3,0,0.01
1776869711.655212964,0,1,1.16
1776869711.655212964,1,0,0.01
1776869711.655212964,2,0,0.01
1776869711.655212964,3,0,0.01
1776869712.688383903,0,1,1.16
1776869712.688383903,1,0,0.01
1776869712.688383903,2,0,0.01
1776869712.688383903,3,0,0.01
1776869713.721042724,0,23,1.16
1776869713.721042724,1,0,0.01
1776869713.721042724,2,0,0.01
1776869713.721042724,3,0,0.01
1776869714.754615538,0,1,1.16
1776869714.754615538,1,0,0.01
1776869714.754615538,2,0,0.01
1776869714.754615538,3,0,0.01
1776869715.788416457,0,1,1.16
1776869715.788416457,1,0,0.01
1776869715.788416457,2,0,0.01
1776869715.788416457,3,0,0.01
1776869716.822122665,0,1,1.16
1776869716.822122665,1,0,0.01
1776869716.822122665,2,0,0.01
1776869716.822122665,3,0,0.01
1776869717.857357344,0,1,1.16
1776869717.857357344,1,0,0.01
1776869717.857357344,2,0,0.01
1776869717.857357344,3,0,0.01
1776869718.891375790,0,1,1.16
1776869718.891375790,1,0,0.01
1776869718.891375790,2,0,0.01
1776869718.891375790,3,0,0.01
1776869719.924382363,0,14,1.16
1776869719.924382363,1,0,0.01
1776869719.924382363,2,0,0.01
1776869719.924382363,3,0,0.01
1776869720.958499445,0,11,1.16
1776869720.958499445,1,0,0.01
1776869720.958499445,2,0,0.01
1776869720.958499445,3,0,0.01
1776869721.991606196,0,1,1.16
1776869721.991606196,1,0,0.01
1776869721.991606196,2,0,0.01
1776869721.991606196,3,0,0.01
1776869723.026061425,0,1,1.16
1776869723.026061425,1,0,0.01
1776869723.026061425,2,0,0.01
1776869723.026061425,3,0,0.01
1776869724.059201972,0,1,1.16
1776869724.059201972,1,0,0.01
1776869724.059201972,2,0,0.01
1776869724.059201972,3,0,0.01
1776869725.093529284,0,29,1.16
1776869725.093529284,1,0,0.01
1776869725.093529284,2,0,0.01
1776869725.093529284,3,0,0.01
1776869726.125690204,0,1,1.16
1776869726.125690204,1,0,0.01
1776869726.125690204,2,0,0.01
1776869726.125690204,3,0,0.01
1776869727.159077359,0,1,1.16
1776869727.159077359,1,0,0.01
1776869727.159077359,2,0,0.01
1776869727.159077359,3,0,0.01
1776869728.193549620,0,1,1.16
1776869728.193549620,1,0,0.01
1776869728.193549620,2,0,0.01
1776869728.193549620,3,0,0.01
1776869729.227242543,0,1,1.16
1776869729.227242543,1,0,0.01
1776869729.227242543,2,0,0.01
1776869729.227242543,3,0,0.01
1776869730.261115405,0,1,1.16
1776869730.261115405,1,0,0.01
1776869730.261115405,2,0,0.01
1776869730.261115405,3,0,0.01
1776869731.295094712,0,1,1.16
1776869731.295094712,1,0,0.01
1776869731.295094712,2,0,0.01
1776869731.295094712,3,0,0.01
1776869732.328663751,0,1,1.16
1776869732.328663751,1,0,0.01
1776869732.328663751,2,0,0.01
1776869732.328663751,3,0,0.01
1776869733.362215293,0,1,1.16
1776869733.362215293,1,0,0.01
1776869733.362215293,2,0,0.01
1776869733.362215293,3,0,0.01
1776869734.395517225,0,11,1.16
1776869734.395517225,1,0,0.01
1776869734.395517225,2,0,0.01
1776869734.395517225,3,0,0.01
1776869735.429324151,0,9,1.16
1776869735.429324151,1,0,0.01
1776869735.429324151,2,0,0.01
1776869735.429324151,3,0,0.01
1776869736.463231554,0,1,1.16
1776869736.463231554,1,0,0.01
1776869736.463231554,2,0,0.01
1776869736.463231554,3,0,0.01
1776869737.496351333,0,29,1.16
1776869737.496351333,1,0,0.01
1776869737.496351333,2,0,0.01
1776869737.496351333,3,0,0.01
1776869738.529607231,0,1,1.16
1776869738.529607231,1,0,0.01
1776869738.529607231,2,0,0.01
1776869738.529607231,3,0,0.01
1776869739.562178038,0,1,1.16
1776869739.562178038,1,0,0.01
1776869739.562178038,2,0,0.01
1776869739.562178038,3,0,0.01
1776869740.594883976,0,1,1.16
1776869740.594883976,1,0,0.01
1776869740.594883976,2,0,0.01
1776869740.594883976,3,0,0.01
1776869741.628761335,0,1,1.16
1776869741.628761335,1,0,0.01
1776869741.628761335,2,0,0.01
1776869741.628761335,3,0,0.01
1776869742.662876624,0,1,1.16
1776869742.662876624,1,0,0.01
1776869742.662876624,2,0,0.01
1776869742.662876624,3,0,0.01
1776869743.697882981,0,1,1.16
1776869743.697882981,1,0,0.01
1776869743.697882981,2,0,0.01
1776869743.697882981,3,0,0.01
1776869744.731273397,0,1,1.16
1776869744.731273397,1,0,0.01
1776869744.731273397,2,0,0.01
1776869744.731273397,3,0,0.01
1776869745.765693548,0,1,1.16
1776869745.765693548,1,0,0.01
1776869745.765693548,2,0,0.01
1776869745.765693548,3,0,0.01
1776869746.799855922,0,1,1.16
1776869746.799855922,1,0,0.01
1776869746.799855922,2,0,0.01
1776869746.799855922,3,0,0.01
1776869747.833887560,0,1,1.16
1776869747.833887560,1,0,0.01
1776869747.833887560,2,0,0.01
1776869747.833887560,3,0,0.01
1776869748.867626215,0,1,1.16
1776869748.867626215,1,0,0.01
1776869748.867626215,2,0,0.01
1776869748.867626215,3,0,0.01
1776869749.901098271,0,29,1.16
1776869749.901098271,1,0,0.01
1776869749.901098271,2,0,0.01
1776869749.901098271,3,0,0.01
1776869750.934740927,0,29,1.16
1776869750.934740927,1,0,0.01
1776869750.934740927,2,0,0.01
1776869750.934740927,3,0,0.01
1776869751.969848746,0,1,1.16
1776869751.969848746,1,0,0.01
1776869751.969848746,2,0,0.01
1776869751.969848746,3,0,0.01
1776869753.001896376,0,1,1.16
1776869753.001896376,1,0,0.01
1776869753.001896376,2,0,0.01
1776869753.001896376,3,0,0.01
1776869754.033870454,0,1,1.16
1776869754.033870454,1,0,0.01
1776869754.033870454,2,0,0.01
1776869754.033870454,3,0,0.01
1776869755.066391679,0,1,1.16
1776869755.066391679,1,0,0.01
1776869755.066391679,2,0,0.01
1776869755.066391679,3,0,0.01
1776869756.099122277,0,6,1.16
1776869756.099122277,1,0,0.01
1776869756.099122277,2,0,0.01
1776869756.099122277,3,0,0.01
1776869757.131359614,0,1,1.16
1776869757.131359614,1,0,0.01
1776869757.131359614,2,0,0.01
1776869757.131359614,3,0,0.01
1776869758.163317175,0,1,1.16
1776869758.163317175,1,0,0.01
1776869758.163317175,2,0,0.01
1776869758.163317175,3,0,0.01
1776869759.196401017,0,1,1.16
1776869759.196401017,1,0,0.01
1776869759.196401017,2,0,0.01
1776869759.196401017,3,0,0.01
1776869760.229651962,0,1,1.16
1776869760.229651962,1,0,0.01
1776869760.229651962,2,0,0.01
1776869760.229651962,3,0,0.01
1776869761.263008995,0,1,1.16
1776869761.263008995,1,0,0.01
1776869761.263008995,2,0,0.01
1776869761.263008995,3,0,0.01
1776869762.294615341,0,4,1.16
1776869762.294615341,1,0,0.01
1776869762.294615341,2,0,0.01
1776869762.294615341,3,0,0.01
1776869763.326919059,0,4,1.16
1776869763.326919059,1,0,0.01
1776869763.326919059,2,0,0.01
1776869763.326919059,3,0,0.01
1776869764.359925971,0,1,1.16
1776869764.359925971,1,0,0.01
1776869764.359925971,2,0,0.01
1776869764.359925971,3,0,0.01
1776869765.392107856,0,1,1.16
1776869765.392107856,1,0,0.01
1776869765.392107856,2,0,0.01
1776869765.392107856,3,0,0.01
1776869766.426034560,0,18,1.16
1776869766.426034560,1,0,0.01
1776869766.426034560,2,0,0.01
1776869766.426034560,3,0,0.01
1776869767.459656479,0,1,1.16
1776869767.459656479,1,0,0.01
1776869767.459656479,2,0,0.01
1776869767.459656479,3,0,0.01
1776869768.492448350,0,1,1.16
1776869768.492448350,1,0,0.01
1776869768.492448350,2,0,0.01
1776869768.492448350,3,0,0.01
1776869769.524996077,0,1,1.16
1776869769.524996077,1,0,0.01
1776869769.524996077,2,0,0.01
1776869769.524996077,3,0,0.01
1776869770.557892736,0,1,1.16
1776869770.557892736,1,0,0.01
1776869770.557892736,2,0,0.01
1776869770.557892736,3,0,0.01
1776869771.591795970,0,1,1.16
1776869771.591795970,1,0,0.01
1776869771.591795970,2,0,0.01
1776869771.591795970,3,0,0.01
1776869772.627646796,0,1,1.16
1776869772.627646796,1,0,0.01
1776869772.627646796,2,0,0.01
1776869772.627646796,3,0,0.01
1776869773.662359113,0,1,1.16
1776869773.662359113,1,0,0.01
1776869773.662359113,2,0,0.01
1776869773.662359113,3,0,0.01
1776869774.694563392,0,2,1.16
1776869774.694563392,1,0,0.01
1776869774.694563392,2,0,0.01
1776869774.694563392,3,0,0.01
1776869775.726906103,0,1,1.16
1776869775.726906103,1,0,0.01
1776869775.726906103,2,0,0.01
1776869775.726906103,3,0,0.01
1776869776.760622060,0,1,1.16
1776869776.760622060,1,0,0.01
1776869776.760622060,2,0,0.01
1776869776.760622060,3,0,0.01
1776869777.793655503,0,1,1.16
1776869777.793655503,1,0,0.01
1776869777.793655503,2,0,0.01
1776869777.793655503,3,0,0.01
1776869778.827573838,0,1,1.16
1776869778.827573838,1,0,0.01
1776869778.827573838,2,0,0.01
1776869778.827573838,3,0,0.01
1776869779.860521411,0,26,1.16
1776869779.860521411,1,0,0.01
1776869779.860521411,2,0,0.01
1776869779.860521411,3,0,0.01
1776869780.893899697,0,29,1.16
1776869780.893899697,1,0,0.01
1776869780.893899697,2,0,0.01
1776869780.893899697,3,0,0.01
1776869781.927958206,0,9,1.16
1776869781.927958206,1,0,0.01
1776869781.927958206,2,0,0.01
1776869781.927958206,3,0,0.01
1776869782.960640916,0,1,1.16
1776869782.960640916,1,0,0.01
1776869782.960640916,2,0,0.01
1776869782.960640916,3,0,0.01
1776869783.994538275,0,1,1.16
1776869783.994538275,1,0,0.01
1776869783.994538275,2,0,0.01
1776869783.994538275,3,0,0.01
1776869785.027399693,0,1,1.16
1776869785.027399693,1,0,0.01
1776869785.027399693,2,0,0.01
1776869785.027399693,3,0,0.01
1776869786.060869259,0,9,1.16
1776869786.060869259,1,0,0.01
1776869786.060869259,2,0,0.01
1776869786.060869259,3,0,0.01
1776869787.094397164,0,24,1.16
1776869787.094397164,1,0,0.01
1776869787.094397164,2,0,0.01
1776869787.094397164,3,0,0.01
1776869788.128020175,0,1,1.16
1776869788.128020175,1,0,0.01
1776869788.128020175,2,0,0.01
1776869788.128020175,3,0,0.01
1776869789.160665539,0,1,1.16
1776869789.160665539,1,0,0.01
1776869789.160665539,2,0,0.01
1776869789.160665539,3,0,0.01
1776869790.195020890,0,1,1.16
1776869790.195020890,1,0,0.01
1776869790.195020890,2,0,0.01
1776869790.195020890,3,0,0.01
1776869791.227340372,0,1,1.16
1776869791.227340372,1,0,0.01
1776869791.227340372,2,0,0.01
1776869791.227340372,3,0,0.01
1776869792.261274580,0,1,1.16
1776869792.261274580,1,0,0.01
1776869792.261274580,2,0,0.01
1776869792.261274580,3,0,0.01
1776869793.294620013,0,1,1.16
1776869793.294620013,1,0,0.01
1776869793.294620013,2,0,0.01
1776869793.294620013,3,0,0.01
1776869794.327913274,0,4,1.16
1776869794.327913274,1,0,0.01
1776869794.327913274,2,0,0.01
1776869794.327913274,3,0,0.01
1776869795.361575025,0,1,1.16
1776869795.361575025,1,0,0.01
1776869795.361575025,2,0,0.01
1776869795.361575025,3,0,0.01
1776869796.394368213,0,1,1.16
1776869796.394368213,1,0,0.01
1776869796.394368213,2,0,0.01
1776869796.394368213,3,0,0.01
1776869797.427801494,0,11,1.16
1776869797.427801494,1,0,0.01
1776869797.427801494,2,0,0.01
1776869797.427801494,3,0,0.01
1776869798.460692106,0,21,1.16
1776869798.460692106,1,0,0.01
1776869798.460692106,2,0,0.01
1776869798.460692106,3,0,0.01
1776869799.492790236,0,1,1.16
1776869799.492790236,1,0,0.01
1776869799.492790236,2,0,0.01
1776869799.492790236,3,0,0.01
1776869800.525889975,0,1,1.16
1776869800.525889975,1,0,0.01
1776869800.525889975,2,0,0.01
1776869800.525889975,3,0,0.01
1776869801.560735668,0,1,1.16
1776869801.560735668,1,0,0.01
1776869801.560735668,2,0,0.01
1776869801.560735668,3,0,0.01
1776869802.593770845,0,1,1.16
1776869802.593770845,1,0,0.01
1776869802.593770845,2,0,0.01
1776869802.593770845,3,0,0.01
1776869803.628849207,0,1,1.16
1776869803.628849207,1,0,0.01
1776869803.628849207,2,0,0.01
1776869803.628849207,3,0,0.01
1776869804.661922007,0,1,1.16
1776869804.661922007,1,0,0.01
1776869804.661922007,2,0,0.01
1776869804.661922007,3,0,0.01
1776869805.695163499,0,1,1.16
1776869805.695163499,1,0,0.01
1776869805.695163499,2,0,0.01
1776869805.695163499,3,0,0.01
1776869806.728842032,0,1,1.16
1776869806.728842032,1,0,0.01
1776869806.728842032,2,0,0.01
1776869806.728842032,3,0,0.01
1776869807.761679093,0,1,1.16
1776869807.761679093,1,0,0.01
1776869807.761679093,2,0,0.01
1776869807.761679093,3,0,0.01
1776869808.795915868,0,29,1.16
1776869808.795915868,1,0,0.01
1776869808.795915868,2,0,0.01
1776869808.795915868,3,0,0.01
1776869809.829413784,0,29,1.16
1776869809.829413784,1,0,0.01
1776869809.829413784,2,0,0.01
1776869809.829413784,3,0,0.01
1776869810.861746873,0,12,1.16
1776869810.861746873,1,0,0.01
1776869810.861746873,2,0,0.01
1776869810.861746873,3,0,0.01
1776869811.895669527,0,1,1.16
1776869811.895669527,1,0,0.01
1776869811.895669527,2,0,0.01
1776869811.895669527,3,0,0.01
1776869812.928259442,0,1,1.16
1776869812.928259442,1,0,0.01
1776869812.928259442,2,0,0.01
1776869812.928259442,3,0,0.01
1776869813.961916368,0,1,1.16
1776869813.961916368,1,0,0.01
1776869813.961916368,2,0,0.01
1776869813.961916368,3,0,0.01
1776869814.994966462,0,1,1.16
1776869814.994966462,1,0,0.01
1776869814.994966462,2,0,0.01
1776869814.994966462,3,0,0.01
1776869816.028996896,0,1,1.16
1776869816.028996896,1,0,0.01
1776869816.028996896,2,0,0.01
1776869816.028996896,3,0,0.01
1776869817.062484682,0,13,1.16
1776869817.062484682,1,0,0.01
1776869817.062484682,2,0,0.01
1776869817.062484682,3,0,0.01
1776869818.095573497,0,29,1.16
1776869818.095573497,1,0,0.01
1776869818.095573497,2,0,0.01
1776869818.095573497,3,0,0.01
1776869819.128557428,0,1,1.16
1776869819.128557428,1,0,0.01
1776869819.128557428,2,0,0.01
1776869819.128557428,3,0,0.01
1776869820.160579044,0,1,1.16
1776869820.160579044,1,0,0.01
1776869820.160579044,2,0,0.01
1776869820.160579044,3,0,0.01
1776869821.192997173,0,1,1.16
1776869821.192997173,1,0,0.01
1776869821.192997173,2,0,0.01
1776869821.192997173,3,0,0.01
1776869822.226849765,0,29,1.16
1776869822.226849765,1,0,0.01
1776869822.226849765,2,0,0.01
1776869822.226849765,3,0,0.01
1776869823.259957266,0,13,1.16
1776869823.259957266,1,0,0.01
1776869823.259957266,2,0,0.01
1776869823.259957266,3,0,0.01
1776869824.292936913,0,1,1.16
1776869824.292936913,1,0,0.01
1776869824.292936913,2,0,0.01
1776869824.292936913,3,0,0.01
1776869825.326185274,0,4,1.16
1776869825.326185274,1,0,0.01
1776869825.326185274,2,0,0.01
1776869825.326185274,3,0,0.01
1776869826.358911252,0,1,1.16
1776869826.358911252,1,0,0.01
1776869826.358911252,2,0,0.01
1776869826.358911252,3,0,0.01
1776869827.393119956,0,1,1.16
1776869827.393119956,1,0,0.01
1776869827.393119956,2,0,0.01
1776869827.393119956,3,0,0.01
1776869828.425707494,0,1,1.16
1776869828.425707494,1,0,0.01
1776869828.425707494,2,0,0.01
1776869828.425707494,3,0,0.01
1776869829.457967692,0,1,1.16
1776869829.457967692,1,0,0.01
1776869829.457967692,2,0,0.01
1776869829.457967692,3,0,0.01
1776869830.491894414,0,1,1.16
1776869830.491894414,1,0,0.01
1776869830.491894414,2,0,0.01
1776869830.491894414,3,0,0.01
1776869831.525948954,0,1,1.16
1776869831.525948954,1,0,0.01
1776869831.525948954,2,0,0.01
1776869831.525948954,3,0,0.01
1776869832.560043777,0,1,1.16
1776869832.560043777,1,0,0.01
1776869832.560043777,2,0,0.01
1776869832.560043777,3,0,0.01
1776869833.593321794,0,1,1.16
1776869833.593321794,1,0,0.01
1776869833.593321794,2,0,0.01
1776869833.593321794,3,0,0.01
1776869834.626942043,0,1,1.16
1776869834.626942043,1,0,0.01
1776869834.626942043,2,0,0.01
1776869834.626942043,3,0,0.01
1776869835.661782992,0,29,1.16
1776869835.661782992,1,0,0.01
1776869835.661782992,2,0,0.01
1776869835.661782992,3,0,0.01
1776869836.693449754,0,29,1.16
1776869836.693449754,1,0,0.01
1776869836.693449754,2,0,0.01
1776869836.693449754,3,0,0.01
1776869837.725752215,0,1,1.16
1776869837.725752215,1,0,0.01
1776869837.725752215,2,0,0.01
1776869837.725752215,3,0,0.01
1776869838.758280433,0,3,1.16
1776869838.758280433,1,0,0.01
1776869838.758280433,2,0,0.01
1776869838.758280433,3,0,0.01
1776869839.792364726,0,1,1.16
1776869839.792364726,1,0,0.01
1776869839.792364726,2,0,0.01
1776869839.792364726,3,0,0.01
1776869840.825681091,0,1,1.16
1776869840.825681091,1,0,0.01
1776869840.825681091,2,0,0.01
1776869840.825681091,3,0,0.01
1776869841.858940903,0,1,1.16
1776869841.858940903,1,0,0.01
1776869841.858940903,2,0,0.01
1776869841.858940903,3,0,0.01
1776869842.893790954,0,1,1.16
1776869842.893790954,1,0,0.01
1776869842.893790954,2,0,0.01
1776869842.893790954,3,0,0.01
1776869843.926882368,0,1,1.16
1776869843.926882368,1,0,0.01
1776869843.926882368,2,0,0.01
1776869843.926882368,3,0,0.01
1776869844.960081219,0,29,1.16
1776869844.960081219,1,0,0.01
1776869844.960081219,2,0,0.01
1776869844.960081219,3,0,0.01
1776869845.992658808,0,1,1.16
1776869845.992658808,1,0,0.01
1776869845.992658808,2,0,0.01
1776869845.992658808,3,0,0.01
1776869847.025333324,0,1,1.16
1776869847.025333324,1,0,0.01
1776869847.025333324,2,0,0.01
1776869847.025333324,3,0,0.01
1776869848.059052316,0,1,1.16
1776869848.059052316,1,0,0.01
1776869848.059052316,2,0,0.01
1776869848.059052316,3,0,0.01
1776869849.092134438,0,1,1.16
1776869849.092134438,1,0,0.01
1776869849.092134438,2,0,0.01
1776869849.092134438,3,0,0.01
1776869850.124976578,0,29,1.16
1776869850.124976578,1,0,0.01
1776869850.124976578,2,0,0.01
1776869850.124976578,3,0,0.01
1776869851.158863995,0,1,1.16
1776869851.158863995,1,0,0.01
1776869851.158863995,2,0,0.01
1776869851.158863995,3,0,0.01
1776869852.192047650,0,6,1.16
1776869852.192047650,1,0,0.01
1776869852.192047650,2,0,0.01
1776869852.192047650,3,0,0.01
1776869853.224991433,0,1,1.16
1776869853.224991433,1,0,0.01
1776869853.224991433,2,0,0.01
1776869853.224991433,3,0,0.01
1776869854.258169001,0,1,1.16
1776869854.258169001,1,0,0.01
1776869854.258169001,2,0,0.01
1776869854.258169001,3,0,0.01
1776869855.290979554,0,1,1.16
1776869855.290979554,1,0,0.01
1776869855.290979554,2,0,0.01
1776869855.290979554,3,0,0.01
1776869856.324075820,0,4,1.16
1776869856.324075820,1,0,0.01
1776869856.324075820,2,0,0.01
1776869856.324075820,3,0,0.01
1776869857.358151268,0,1,1.16
1776869857.358151268,1,0,0.01
1776869857.358151268,2,0,0.01
1776869857.358151268,3,0,0.01
1776869858.390915441,0,9,1.16
1776869858.390915441,1,0,0.01
1776869858.390915441,2,0,0.01
1776869858.390915441,3,0,0.01
1776869859.423994280,0,1,1.16
1776869859.423994280,1,0,0.01
1776869859.423994280,2,0,0.01
1776869859.423994280,3,0,0.01
1776869860.458174363,0,1,1.16
1776869860.458174363,1,0,0.01
1776869860.458174363,2,0,0.01
1776869860.458174363,3,0,0.01
1776869861.489929586,0,28,1.16
1776869861.489929586,1,0,0.01
1776869861.489929586,2,0,0.01
1776869861.489929586,3,0,0.01
1776869862.523910556,0,1,1.16
1776869862.523910556,1,0,0.01
1776869862.523910556,2,0,0.01
1776869862.523910556,3,0,0.01
1776869863.557804158,0,1,1.16
1776869863.557804158,1,0,0.01
1776869863.557804158,2,0,0.01
1776869863.557804158,3,0,0.01
1776869864.591385262,0,2,1.16
1776869864.591385262,1,0,0.01
1776869864.591385262,2,0,0.01
1776869864.591385262,3,0,0.01
1776869865.625042412,0,2,1.16
1776869865.625042412,1,0,0.01
1776869865.625042412,2,0,0.01
1776869865.625042412,3,0,0.01
1776869866.658536099,0,1,1.16
1776869866.658536099,1,0,0.01
1776869866.658536099,2,0,0.01
1776869866.658536099,3,0,0.01
1776869867.693103347,0,1,1.16
1776869867.693103347,1,0,0.01
1776869867.693103347,2,0,0.01
1776869867.693103347,3,0,0.01
1776869868.724797536,0,1,1.16
1776869868.724797536,1,0,0.01
1776869868.724797536,2,0,0.01
1776869868.724797536,3,0,0.01
1776869869.758919481,0,1,1.16
1776869869.758919481,1,0,0.01
1776869869.758919481,2,0,0.01
1776869869.758919481,3,0,0.01
1776869870.791901276,0,1,1.16
1776869870.791901276,1,0,0.01
1776869870.791901276,2,0,0.01
1776869870.791901276,3,0,0.01
1776869871.825605678,0,1,1.16
1776869871.825605678,1,0,0.01
1776869871.825605678,2,0,0.01
1776869871.825605678,3,0,0.01
1776869872.858906336,0,29,1.16
1776869872.858906336,1,0,0.01
1776869872.858906336,2,0,0.01
1776869872.858906336,3,0,0.01
1776869873.892238222,0,1,1.16
1776869873.892238222,1,0,0.01
1776869873.892238222,2,0,0.01
1776869873.892238222,3,0,0.01
1776869874.924171032,0,2,1.16
1776869874.924171032,1,0,0.01
1776869874.924171032,2,0,0.01
1776869874.924171032,3,0,0.01
1776869875.956854719,0,1,1.16
1776869875.956854719,1,0,0.01
1776869875.956854719,2,0,0.01
1776869875.956854719,3,0,0.01
1776869876.988830465,0,1,1.16
1776869876.988830465,1,0,0.01
1776869876.988830465,2,0,0.01
1776869876.988830465,3,0,0.01
1776869878.022309427,0,1,1.16
1776869878.022309427,1,0,0.01
1776869878.022309427,2,0,0.01
1776869878.022309427,3,0,0.01
1776869879.055938879,0,1,1.16
1776869879.055938879,1,0,0.01
1776869879.055938879,2,0,0.01
1776869879.055938879,3,0,0.01
1776869880.089369263,0,27,1.16
1776869880.089369263,1,0,0.01
1776869880.089369263,2,0,0.01
1776869880.089369263,3,0,0.01
1776869881.123030248,0,1,1.16
1776869881.123030248,1,0,0.01
1776869881.123030248,2,0,0.01
1776869881.123030248,3,0,0.01
1776869882.156835438,0,1,1.16
1776869882.156835438,1,0,0.01
1776869882.156835438,2,0,0.01
1776869882.156835438,3,0,0.01
1776869883.190827275,0,1,1.16
1776869883.190827275,1,0,0.01
1776869883.190827275,2,0,0.01
1776869883.190827275,3,0,0.01
1776869884.225128892,0,1,1.16
1776869884.225128892,1,0,0.01
1776869884.225128892,2,0,0.01
1776869884.225128892,3,0,0.01
1776869885.259191138,0,1,1.16
1776869885.259191138,1,0,0.01
1776869885.259191138,2,0,0.01
1776869885.259191138,3,0,0.01
1776869886.292269353,0,1,1.16
1776869886.292269353,1,0,0.01
1776869886.292269353,2,0,0.01
1776869886.292269353,3,0,0.01
1776869887.324107458,0,1,1.16
1776869887.324107458,1,0,0.01
1776869887.324107458,2,0,0.01
1776869887.324107458,3,0,0.01
1776869888.358045906,0,1,1.16
1776869888.358045906,1,0,0.01
1776869888.358045906,2,0,0.01
1776869888.358045906,3,0,0.01
1776869889.391192281,0,1,1.16
1776869889.391192281,1,0,0.01
1776869889.391192281,2,0,0.01
1776869889.391192281,3,0,0.01
1776869890.424781883,0,1,1.16
1776869890.424781883,1,0,0.01
1776869890.424781883,2,0,0.01
1776869890.424781883,3,0,0.01
1776869891.458768494,0,1,1.16
1776869891.458768494,1,0,0.01
1776869891.458768494,2,0,0.01
1776869891.458768494,3,0,0.01
1776869892.491441028,0,1,1.16
1776869892.491441028,1,0,0.01
1776869892.491441028,2,0,0.01
1776869892.491441028,3,0,0.01
1776869893.525000869,0,1,1.16
1776869893.525000869,1,0,0.01
1776869893.525000869,2,0,0.01
1776869893.525000869,3,0,0.01
1776869894.560006521,0,1,1.16
1776869894.560006521,1,0,0.01
1776869894.560006521,2,0,0.01
1776869894.560006521,3,0,0.01
1776869895.594208322,0,1,1.16
1776869895.594208322,1,0,0.01
1776869895.594208322,2,0,0.01
1776869895.594208322,3,0,0.01
1776869896.627491596,0,1,1.16
1776869896.627491596,1,0,0.01
1776869896.627491596,2,0,0.01
1776869896.627491596,3,0,0.01
1776869897.661042930,0,1,1.16
1776869897.661042930,1,0,0.01
1776869897.661042930,2,0,0.01
1776869897.661042930,3,0,0.01
1776869898.694320812,0,1,1.16
1776869898.694320812,1,0,0.01
1776869898.694320812,2,0,0.01
1776869898.694320812,3,0,0.01
1776869899.728210395,0,1,1.16
1776869899.728210395,1,0,0.01
1776869899.728210395,2,0,0.01
1776869899.728210395,3,0,0.01
1776869900.761608029,0,1,1.16
1776869900.761608029,1,0,0.01
1776869900.761608029,2,0,0.01
1776869900.761608029,3,0,0.01
1776869901.795136560,0,29,1.16
1776869901.795136560,1,0,0.01
1776869901.795136560,2,0,0.01
1776869901.795136560,3,0,0.01
1776869902.829667494,0,1,1.16
1776869902.829667494,1,0,0.01
1776869902.829667494,2,0,0.01
1776869902.829667494,3,0,0.01
1776869903.864029880,0,1,1.16
1776869903.864029880,1,0,0.01
1776869903.864029880,2,0,0.01
1776869903.864029880,3,0,0.01
1776869904.897931600,0,1,1.16
1776869904.897931600,1,0,0.01
1776869904.897931600,2,0,0.01
1776869904.897931600,3,0,0.01
1776869905.931273048,0,1,1.16
1776869905.931273048,1,0,0.01
1776869905.931273048,2,0,0.01
1776869905.931273048,3,0,0.01
1776869906.966120314,0,1,1.16
1776869906.966120314,1,0,0.01
1776869906.966120314,2,0,0.01
1776869906.966120314,3,0,0.01
1776869907.999737276,0,1,1.16
1776869907.999737276,1,0,0.01
1776869907.999737276,2,0,0.01
1776869907.999737276,3,0,0.01
1776869909.033531164,0,1,1.16
1776869909.033531164,1,0,0.01
1776869909.033531164,2,0,0.01
1776869909.033531164,3,0,0.01
1776869910.066523283,0,5,1.16
1776869910.066523283,1,0,0.01
1776869910.066523283,2,0,0.01
1776869910.066523283,3,0,0.01
1776869911.100712739,0,9,1.16
1776869911.100712739,1,0,0.01
1776869911.100712739,2,0,0.01
1776869911.100712739,3,0,0.01
1776869912.134890847,0,1,1.16
1776869912.134890847,1,0,0.01
1776869912.134890847,2,0,0.01
1776869912.134890847,3,0,0.01
1776869913.168260470,0,1,1.16
1776869913.168260470,1,0,0.01
1776869913.168260470,2,0,0.01
1776869913.168260470,3,0,0.01
1776869914.201625199,0,1,1.16
1776869914.201625199,1,0,0.01
1776869914.201625199,2,0,0.01
1776869914.201625199,3,0,0.01
1776869915.234748270,0,22,1.16
1776869915.234748270,1,0,0.01
1776869915.234748270,2,0,0.01
1776869915.234748270,3,0,0.01
1776869916.268113951,0,1,1.16
1776869916.268113951,1,0,0.01
1776869916.268113951,2,0,0.01
1776869916.268113951,3,0,0.01
1776869917.302172902,0,1,1.16
1776869917.302172902,1,0,0.01
1776869917.302172902,2,0,0.01
1776869917.302172902,3,0,0.01
1776869918.335447412,0,1,1.16
1776869918.335447412,1,0,0.01
1776869918.335447412,2,0,0.01
1776869918.335447412,3,0,0.01
1776869919.369556962,0,1,1.16
1776869919.369556962,1,0,0.01
1776869919.369556962,2,0,0.01
1776869919.369556962,3,0,0.01
1776869920.403264456,0,1,1.16
1776869920.403264456,1,0,0.01
1776869920.403264456,2,0,0.01
1776869920.403264456,3,0,0.01
1776869921.436746428,0,29,1.16
1776869921.436746428,1,0,0.01
1776869921.436746428,2,0,0.01
1776869921.436746428,3,0,0.01
1776869922.470384647,0,1,1.16
1776869922.470384647,1,0,0.01
1776869922.470384647,2,0,0.01
1776869922.470384647,3,0,0.01
1776869923.502523930,0,1,1.16
1776869923.502523930,1,0,0.01
1776869923.502523930,2,0,0.01
1776869923.502523930,3,0,0.01
1776869924.536064409,0,1,1.16
1776869924.536064409,1,0,0.01
1776869924.536064409,2,0,0.01
1776869924.536064409,3,0,0.01
1776869925.571049487,0,1,1.16
1776869925.571049487,1,0,0.01
1776869925.571049487,2,0,0.01
1776869925.571049487,3,0,0.01
1776869926.604595361,0,1,1.16
1776869926.604595361,1,0,0.01
1776869926.604595361,2,0,0.01
1776869926.604595361,3,0,0.01
1776869927.637489351,0,14,1.16
1776869927.637489351,1,0,0.01
1776869927.637489351,2,0,0.01
1776869927.637489351,3,0,0.01
1776869928.669718080,0,1,1.16
1776869928.669718080,1,0,0.01
1776869928.669718080,2,0,0.01
1776869928.669718080,3,0,0.01
1776869929.702715424,0,1,1.16
1776869929.702715424,1,0,0.01
1776869929.702715424,2,0,0.01
1776869929.702715424,3,0,0.01
1776869930.736438569,0,1,1.16
1776869930.736438569,1,0,0.01
1776869930.736438569,2,0,0.01
1776869930.736438569,3,0,0.01
1776869931.769456606,0,1,1.16
1776869931.769456606,1,0,0.01
1776869931.769456606,2,0,0.01
1776869931.769456606,3,0,0.01
1776869932.803594164,0,1,1.16
1776869932.803594164,1,0,0.01
1776869932.803594164,2,0,0.01
1776869932.803594164,3,0,0.01
1776869933.837208719,0,29,1.16
1776869933.837208719,1,0,0.01
1776869933.837208719,2,0,0.01
1776869933.837208719,3,0,0.01
1776869934.871111027,0,1,1.16
1776869934.871111027,1,0,0.01
1776869934.871111027,2,0,0.01
1776869934.871111027,3,0,0.01
1776869935.904539715,0,1,1.16
1776869935.904539715,1,0,0.01
1776869935.904539715,2,0,0.01
1776869935.904539715,3,0,0.01
1776869936.936672103,0,1,1.16
1776869936.936672103,1,0,0.01
1776869936.936672103,2,0,0.01
1776869936.936672103,3,0,0.01
1776869937.969242393,0,21,1.16
1776869937.969242393,1,0,0.01
1776869937.969242393,2,0,0.01
1776869937.969242393,3,0,0.01
1776869939.003028710,0,1,1.16
1776869939.003028710,1,0,0.01
1776869939.003028710,2,0,0.01
1776869939.003028710,3,0,0.01
1776869940.034799745,0,1,1.16
1776869940.034799745,1,0,0.01
1776869940.034799745,2,0,0.01
1776869940.034799745,3,0,0.01
1776869941.067973364,0,6,1.16
1776869941.067973364,1,0,0.01
1776869941.067973364,2,0,0.01
1776869941.067973364,3,0,0.01
1776869942.101240201,0,1,1.16
1776869942.101240201,1,0,0.01
1776869942.101240201,2,0,0.01
1776869942.101240201,3,0,0.01
1776869943.134325536,0,1,1.16
1776869943.134325536,1,0,0.01
1776869943.134325536,2,0,0.01
1776869943.134325536,3,0,0.01
1776869944.167836715,0,1,1.16
1776869944.167836715,1,0,0.01
1776869944.167836715,2,0,0.01
1776869944.167836715,3,0,0.01
1776869945.201337223,0,29,1.16
1776869945.201337223,1,0,0.01
1776869945.201337223,2,0,0.01
1776869945.201337223,3,0,0.01
1776869946.233354493,0,1,1.16
1776869946.233354493,1,0,0.01
1776869946.233354493,2,0,0.01
1776869946.233354493,3,0,0.01
1776869947.266717900,0,1,1.16
1776869947.266717900,1,0,0.01
1776869947.266717900,2,0,0.01
1776869947.266717900,3,0,0.01
1776869948.300414695,0,5,1.16
1776869948.300414695,1,0,0.01
1776869948.300414695,2,0,0.01
1776869948.300414695,3,0,0.01
1776869949.334975527,0,1,1.16
1776869949.334975527,1,0,0.01
1776869949.334975527,2,0,0.01
1776869949.334975527,3,0,0.01
1776869950.369146426,0,29,1.16
1776869950.369146426,1,0,0.01
1776869950.369146426,2,0,0.01
1776869950.369146426,3,0,0.01
1776869951.402702707,0,1,1.16
1776869951.402702707,1,0,0.01
1776869951.402702707,2,0,0.01
1776869951.402702707,3,0,0.01
1776869952.436272445,0,1,1.16
1776869952.436272445,1,0,0.01
1776869952.436272445,2,0,0.01
1776869952.436272445,3,0,0.01
1776869953.469185454,0,1,1.16
1776869953.469185454,1,0,0.01
1776869953.469185454,2,0,0.01
1776869953.469185454,3,0,0.01
1776869954.501704713,0,1,1.16
1776869954.501704713,1,0,0.01
1776869954.501704713,2,0,0.01
1776869954.501704713,3,0,0.01
1776869955.535527906,0,1,1.16
1776869955.535527906,1,0,0.01
1776869955.535527906,2,0,0.01
1776869955.535527906,3,0,0.01
1776869956.568133037,0,1,1.16
1776869956.568133037,1,0,0.01
1776869956.568133037,2,0,0.01
1776869956.568133037,3,0,0.01
1776869957.600336076,0,1,1.16
1776869957.600336076,1,0,0.01
1776869957.600336076,2,0,0.01
1776869957.600336076,3,0,0.01
1776869958.635013241,0,1,1.16
1776869958.635013241,1,0,0.01
1776869958.635013241,2,0,0.01
1776869958.635013241,3,0,0.01
1776869959.668924533,0,1,1.16
1776869959.668924533,1,0,0.01
1776869959.668924533,2,0,0.01
1776869959.668924533,3,0,0.01
1776869960.702083804,0,25,1.16
1776869960.702083804,1,0,0.01
1776869960.702083804,2,0,0.01
1776869960.702083804,3,0,0.01
1776869961.735961444,0,29,1.16
1776869961.735961444,1,0,0.01
1776869961.735961444,2,0,0.01
1776869961.735961444,3,0,0.01
1776869962.769642896,0,1,1.16
1776869962.769642896,1,0,0.01
1776869962.769642896,2,0,0.01
1776869962.769642896,3,0,0.01
1776869963.802442449,0,1,1.16
1776869963.802442449,1,0,0.01
1776869963.802442449,2,0,0.01
1776869963.802442449,3,0,0.01
1776869964.835924948,0,29,1.16
1776869964.835924948,1,0,0.01
1776869964.835924948,2,0,0.01
1776869964.835924948,3,0,0.01
1776869965.870496321,0,1,1.16
1776869965.870496321,1,0,0.01
1776869965.870496321,2,0,0.01
1776869965.870496321,3,0,0.01
1776869966.903884462,0,1,1.16
1776869966.903884462,1,0,0.01
1776869966.903884462,2,0,0.01
1776869966.903884462,3,0,0.01
1776869967.937767812,0,3,1.16
1776869967.937767812,1,0,0.01
1776869967.937767812,2,0,0.01
1776869967.937767812,3,0,0.01
1776869968.971422205,0,1,1.16
1776869968.971422205,1,0,0.01
1776869968.971422205,2,0,0.01
1776869968.971422205,3,0,0.01
1776869970.005594316,0,1,1.16
1776869970.005594316,1,0,0.01
1776869970.005594316,2,0,0.01
1776869970.005594316,3,0,0.01
1776869971.039315517,0,1,1.16
1776869971.039315517,1,0,0.01
1776869971.039315517,2,0,0.01
1776869971.039315517,3,0,0.01
1776869972.074488391,0,1,1.16
1776869972.074488391,1,0,0.01
1776869972.074488391,2,0,0.01
1776869972.074488391,3,0,0.01
1776869973.107924964,0,16,1.16
1776869973.107924964,1,0,0.01
1776869973.107924964,2,0,0.01
1776869973.107924964,3,0,0.01
1776869974.141016104,0,1,1.16
1776869974.141016104,1,0,0.01
1776869974.141016104,2,0,0.01
1776869974.141016104,3,0,0.01
1776869975.173828102,0,1,1.16
1776869975.173828102,1,0,0.01
1776869975.173828102,2,0,0.01
1776869975.173828102,3,0,0.01
1776869976.207503849,0,6,1.16
1776869976.207503849,1,0,0.01
1776869976.207503849,2,0,0.01
1776869976.207503849,3,0,0.01
1776869977.240500559,0,19,1.16
1776869977.240500559,1,0,0.01
1776869977.240500559,2,0,0.01
1776869977.240500559,3,0,0.01
1776869978.274115857,0,1,1.16
1776869978.274115857,1,0,0.01
1776869978.274115857,2,0,0.01
1776869978.274115857,3,0,0.01
1776869979.305968956,0,1,1.16
1776869979.305968956,1,0,0.01
1776869979.305968956,2,0,0.01
1776869979.305968956,3,0,0.01
1776869980.339697271,0,27,1.16
1776869980.339697271,1,0,0.01
1776869980.339697271,2,0,0.01
1776869980.339697271,3,0,0.01
1776869981.371894619,0,29,1.16
1776869981.371894619,1,0,0.01
1776869981.371894619,2,0,0.01
1776869981.371894619,3,0,0.01
1776869982.404907379,0,1,1.16
1776869982.404907379,1,0,0.01
1776869982.404907379,2,0,0.01
1776869982.404907379,3,0,0.01
1776869983.438453051,0,1,1.16
1776869983.438453051,1,0,0.01
1776869983.438453051,2,0,0.01
1776869983.438453051,3,0,0.01
1776869984.471465281,0,1,1.16
1776869984.471465281,1,0,0.01
1776869984.471465281,2,0,0.01
1776869984.471465281,3,0,0.01
1776869985.502778116,0,1,1.16
1776869985.502778116,1,0,0.01
1776869985.502778116,2,0,0.01
1776869985.502778116,3,0,0.01
1776869986.537511517,0,1,1.16
1776869986.537511517,1,0,0.01
1776869986.537511517,2,0,0.01
1776869986.537511517,3,0,0.01
1776869987.571261109,0,1,1.16
1776869987.571261109,1,0,0.01
1776869987.571261109,2,0,0.01
1776869987.571261109,3,0,0.01
1776869988.604498980,0,6,1.16
1776869988.604498980,1,0,0.01
1776869988.604498980,2,0,0.01
1776869988.604498980,3,0,0.01
1776869989.638019608,0,19,1.16
1776869989.638019608,1,0,0.01
1776869989.638019608,2,0,0.01
1776869989.638019608,3,0,0.01
1776869990.671109993,0,1,1.16
1776869990.671109993,1,0,0.01
1776869990.671109993,2,0,0.01
1776869990.671109993,3,0,0.01
1776869991.703912812,0,29,1.16
1776869991.703912812,1,0,0.01
1776869991.703912812,2,0,0.01
1776869991.703912812,3,0,0.01
1776869992.738321470,0,29,1.16
1776869992.738321470,1,0,0.01
1776869992.738321470,2,0,0.01
1776869992.738321470,3,0,0.01
1776869993.771400575,0,3,1.16
1776869993.771400575,1,0,0.01
1776869993.771400575,2,0,0.01
1776869993.771400575,3,0,0.01
1776869994.804742147,0,1,1.16
1776869994.804742147,1,0,0.01
1776869994.804742147,2,0,0.01
1776869994.804742147,3,0,0.01
1776869995.837558921,0,1,1.16
1776869995.837558921,1,0,0.01
1776869995.837558921,2,0,0.01
1776869995.837558921,3,0,0.01
1776869996.870512417,0,1,1.16
1776869996.870512417,1,0,0.01
1776869996.870512417,2,0,0.01
1776869996.870512417,3,0,0.01
1776869997.904027947,0,1,1.16
1776869997.904027947,1,0,0.01
1776869997.904027947,2,0,0.01
1776869997.904027947,3,0,0.01
1776869998.936434894,0,1,1.16
1776869998.936434894,1,0,0.01
1776869998.936434894,2,0,0.01
1776869998.936434894,3,0,0.01
1776869999.969541977,0,1,1.16
1776869999.969541977,1,0,0.01
1776869999.969541977,2,0,0.01
1776869999.969541977,3,0,0.01
1776870001.002426957,0,23,1.16
1776870001.002426957,1,0,0.01
1776870001.002426957,2,0,0.01
1776870001.002426957,3,0,0.01
1776870002.036034985,0,1,1.16
1776870002.036034985,1,0,0.01
1776870002.036034985,2,0,0.01
1776870002.036034985,3,0,0.01
1776870003.069428585,0,1,1.16
1776870003.069428585,1,0,0.01
1776870003.069428585,2,0,0.01
1776870003.069428585,3,0,0.01
1776870004.102086020,0,1,1.16
1776870004.102086020,1,0,0.01
1776870004.102086020,2,0,0.01
1776870004.102086020,3,0,0.01
1776870005.135306308,0,1,1.16
1776870005.135306308,1,0,0.01
1776870005.135306308,2,0,0.01
1776870005.135306308,3,0,0.01
1776870006.168166629,0,1,1.16
1776870006.168166629,1,0,0.01
1776870006.168166629,2,0,0.01
1776870006.168166629,3,0,0.01
1776870007.200998041,0,1,1.16
1776870007.200998041,1,0,0.01
1776870007.200998041,2,0,0.01
1776870007.200998041,3,0,0.01
1776870008.234690937,0,1,1.16
1776870008.234690937,1,0,0.01
1776870008.234690937,2,0,0.01
1776870008.234690937,3,0,0.01
1776870009.267698330,0,1,1.16
1776870009.267698330,1,0,0.01
1776870009.267698330,2,0,0.01
1776870009.267698330,3,0,0.01
1776870010.300851912,0,29,1.16
1776870010.300851912,1,0,0.01
1776870010.300851912,2,0,0.01
1776870010.300851912,3,0,0.01
1776870011.333537298,0,1,1.16
1776870011.333537298,1,0,0.01
1776870011.333537298,2,0,0.01
1776870011.333537298,3,0,0.01
1776870012.367262939,0,29,1.16
1776870012.367262939,1,0,0.01
1776870012.367262939,2,0,0.01
1776870012.367262939,3,0,0.01
1776870013.400164382,0,1,1.16
1776870013.400164382,1,0,0.01
1776870013.400164382,2,0,0.01
1776870013.400164382,3,0,0.01
1776870014.433521286,0,1,1.16
1776870014.433521286,1,0,0.01
1776870014.433521286,2,0,0.01
1776870014.433521286,3,0,0.01
1776870015.466682543,0,19,1.16
1776870015.466682543,1,0,0.01
1776870015.466682543,2,0,0.01
1776870015.466682543,3,0,0.01
1776870016.500127612,0,1,1.16
1776870016.500127612,1,0,0.01
1776870016.500127612,2,0,0.01
1776870016.500127612,3,0,0.01
1776870017.533270677,0,1,1.16
1776870017.533270677,1,0,0.01
1776870017.533270677,2,0,0.01
1776870017.533270677,3,0,0.01
1776870018.567062866,0,11,1.16
1776870018.567062866,1,0,0.01
1776870018.567062866,2,0,0.01
1776870018.567062866,3,0,0.01
1776870019.598591028,0,1,1.16
1776870019.598591028,1,0,0.01
1776870019.598591028,2,0,0.01
1776870019.598591028,3,0,0.01
1776870020.632337707,0,1,1.16
1776870020.632337707,1,0,0.01
1776870020.632337707,2,0,0.01
1776870020.632337707,3,0,0.01
1776870021.665115301,0,1,1.16
1776870021.665115301,1,0,0.01
1776870021.665115301,2,0,0.01
1776870021.665115301,3,0,0.01
1776870022.698791112,0,28,1.16
1776870022.698791112,1,0,0.01
1776870022.698791112,2,0,0.01
1776870022.698791112,3,0,0.01
1776870023.732231819,0,1,1.16
1776870023.732231819,1,0,0.01
1776870023.732231819,2,0,0.01
1776870023.732231819,3,0,0.01
1776870024.765499075,0,1,1.16
1776870024.765499075,1,0,0.01
1776870024.765499075,2,0,0.01
1776870024.765499075,3,0,0.01
1776870025.799794450,0,1,1.16
1776870025.799794450,1,0,0.01
1776870025.799794450,2,0,0.01
1776870025.799794450,3,0,0.01
1776870026.833770489,0,1,1.16
1776870026.833770489,1,0,0.01
1776870026.833770489,2,0,0.01
1776870026.833770489,3,0,0.01
1776870027.867267455,0,1,1.16
1776870027.867267455,1,0,0.01
1776870027.867267455,2,0,0.01
1776870027.867267455,3,0,0.01
1776870028.900584378,0,1,1.16
1776870028.900584378,1,0,0.01
1776870028.900584378,2,0,0.01
1776870028.900584378,3,0,0.01
1776870029.932647856,0,1,1.16
1776870029.932647856,1,0,0.01
1776870029.932647856,2,0,0.01
1776870029.932647856,3,0,0.01
1776870030.963875440,0,1,1.16
1776870030.963875440,1,0,0.01
1776870030.963875440,2,0,0.01
1776870030.963875440,3,0,0.01
1776870031.996864800,0,29,1.16
1776870031.996864800,1,0,0.01
1776870031.996864800,2,0,0.01
1776870031.996864800,3,0,0.01
1776870033.029640354,0,1,1.16
1776870033.029640354,1,0,0.01
1776870033.029640354,2,0,0.01
1776870033.029640354,3,0,0.01
1776870034.061119288,0,1,1.16
1776870034.061119288,1,0,0.01
1776870034.061119288,2,0,0.01
1776870034.061119288,3,0,0.01
1776870035.093626076,0,26,1.16
1776870035.093626076,1,0,0.01
1776870035.093626076,2,0,0.01
1776870035.093626076,3,0,0.01
1776870036.125877871,0,1,1.16
1776870036.125877871,1,0,0.01
1776870036.125877871,2,0,0.01
1776870036.125877871,3,0,0.01
1776870037.158128235,0,1,1.16
1776870037.158128235,1,0,0.01
1776870037.158128235,2,0,0.01
1776870037.158128235,3,0,0.01
1776870038.191237544,0,1,1.16
1776870038.191237544,1,0,0.01
1776870038.191237544,2,0,0.01
1776870038.191237544,3,0,0.01
1776870039.222322870,0,1,1.16
1776870039.222322870,1,0,0.01
1776870039.222322870,2,0,0.01
1776870039.222322870,3,0,0.01
1776870040.253508648,0,18,1.16
1776870040.253508648,1,0,0.01
1776870040.253508648,2,0,0.01
1776870040.253508648,3,0,0.01
1776870041.285839341,0,1,1.16
1776870041.285839341,1,0,0.01
1776870041.285839341,2,0,0.01
1776870041.285839341,3,0,0.01
1776870042.318104562,0,1,1.16
1776870042.318104562,1,0,0.01
1776870042.318104562,2,0,0.01
1776870042.318104562,3,0,0.01
1776870043.351064766,0,1,1.16
1776870043.351064766,1,0,0.01
1776870043.351064766,2,0,0.01
1776870043.351064766,3,0,0.01
1776870044.385230008,0,1,1.16
1776870044.385230008,1,0,0.01
1776870044.385230008,2,0,0.01
1776870044.385230008,3,0,0.01
1776870045.418695883,0,1,1.16
1776870045.418695883,1,0,0.01
1776870045.418695883,2,0,0.01
1776870045.418695883,3,0,0.01
1776870046.451801738,0,1,1.16
1776870046.451801738,1,0,0.01
1776870046.451801738,2,0,0.01
1776870046.451801738,3,0,0.01
1776870047.484225301,0,26,1.16
1776870047.484225301,1,0,0.01
1776870047.484225301,2,0,0.01
1776870047.484225301,3,0,0.01
1776870048.516509193,0,1,1.16
1776870048.516509193,1,0,0.01
1776870048.516509193,2,0,0.01
1776870048.516509193,3,0,0.01
1776870049.548715130,0,29,1.16
1776870049.548715130,1,0,0.01
1776870049.548715130,2,0,0.01
1776870049.548715130,3,0,0.01
1776870050.581073843,0,1,1.16
1776870050.581073843,1,0,0.01
1776870050.581073843,2,0,0.01
1776870050.581073843,3,0,0.01
1776870051.612730779,0,1,1.16
1776870051.612730779,1,0,0.01
1776870051.612730779,2,0,0.01
1776870051.612730779,3,0,0.01
1776870052.644286919,0,1,1.16
1776870052.644286919,1,0,0.01
1776870052.644286919,2,0,0.01
1776870052.644286919,3,0,0.01
1776870053.676098016,0,1,1.16
1776870053.676098016,1,0,0.01
1776870053.676098016,2,0,0.01
1776870053.676098016,3,0,0.01
1776870054.709454995,0,3,1.16
1776870054.709454995,1,0,0.01
1776870054.709454995,2,0,0.01
1776870054.709454995,3,0,0.01
1776870055.742823670,0,29,1.16
1776870055.742823670,1,0,0.01
1776870055.742823670,2,0,0.01
1776870055.742823670,3,0,0.01
1776870056.775537911,0,18,1.16
1776870056.775537911,1,0,0.01
1776870056.775537911,2,0,0.01
1776870056.775537911,3,0,0.01
1776870057.806957185,0,1,1.16
1776870057.806957185,1,0,0.01
1776870057.806957185,2,0,0.01
1776870057.806957185,3,0,0.01
1776870058.838882123,0,1,1.16
1776870058.838882123,1,0,0.01
1776870058.838882123,2,0,0.01
1776870058.838882123,3,0,0.01
1776870059.871894057,0,1,1.16
1776870059.871894057,1,0,0.01
1776870059.871894057,2,0,0.01
1776870059.871894057,3,0,0.01
1776870060.905773437,0,17,1.16
1776870060.905773437,1,0,0.01
1776870060.905773437,2,0,0.01
1776870060.905773437,3,0,0.01
1776870061.938734674,0,1,1.16
1776870061.938734674,1,0,0.01
1776870061.938734674,2,0,0.01
1776870061.938734674,3,0,0.01
1776870062.972937166,0,1,1.16
1776870062.972937166,1,0,0.01
1776870062.972937166,2,0,0.01
1776870062.972937166,3,0,0.01
1776870064.006335762,0,1,1.16
1776870064.006335762,1,0,0.01
1776870064.006335762,2,0,0.01
1776870064.006335762,3,0,0.01
1776870065.041570983,0,1,1.16
1776870065.041570983,1,0,0.01
1776870065.041570983,2,0,0.01
1776870065.041570983,3,0,0.01
1776870066.075135959,0,1,1.16
1776870066.075135959,1,0,0.01
1776870066.075135959,2,0,0.01
1776870066.075135959,3,0,0.01
1776870067.107978519,0,1,1.16
1776870067.107978519,1,0,0.01
1776870067.107978519,2,0,0.01
1776870067.107978519,3,0,0.01
1776870068.142042121,0,1,1.16
1776870068.142042121,1,0,0.01
1776870068.142042121,2,0,0.01
1776870068.142042121,3,0,0.01
1776870069.174968562,0,29,1.16
1776870069.174968562,1,0,0.01
1776870069.174968562,2,0,0.01
1776870069.174968562,3,0,0.01
1776870070.208099229,0,1,1.16
1776870070.208099229,1,0,0.01
1776870070.208099229,2,0,0.01
1776870070.208099229,3,0,0.01
1776870071.242821213,0,1,1.16
1776870071.242821213,1,0,0.01
1776870071.242821213,2,0,0.01
1776870071.242821213,3,0,0.01
1776870072.276864932,0,1,1.16
1776870072.276864932,1,0,0.01
1776870072.276864932,2,0,0.01
1776870072.276864932,3,0,0.01
1776870073.309689678,0,1,1.16
1776870073.309689678,1,0,0.01
1776870073.309689678,2,0,0.01
1776870073.309689678,3,0,0.01
1776870074.343212926,0,1,1.16
1776870074.343212926,1,0,0.01
1776870074.343212926,2,0,0.01
1776870074.343212926,3,0,0.01
1776870075.376188899,0,22,1.16
1776870075.376188899,1,0,0.01
1776870075.376188899,2,0,0.01
1776870075.376188899,3,0,0.01
1776870076.410945538,0,1,1.16
1776870076.410945538,1,0,0.01
1776870076.410945538,2,0,0.01
1776870076.410945538,3,0,0.01
1776870077.444469161,0,1,1.16
1776870077.444469161,1,0,0.01
1776870077.444469161,2,0,0.01
1776870077.444469161,3,0,0.01
1776870078.477859855,0,1,1.16
1776870078.477859855,1,0,0.01
1776870078.477859855,2,0,0.01
1776870078.477859855,3,0,0.01
1776870079.510444485,0,16,1.16
1776870079.510444485,1,0,0.01
1776870079.510444485,2,0,0.01
1776870079.510444485,3,0,0.01
1776870080.543295508,0,1,1.16
1776870080.543295508,1,0,0.01
1776870080.543295508,2,0,0.01
1776870080.543295508,3,0,0.01
1776870081.576963491,0,1,1.16
1776870081.576963491,1,0,0.01
1776870081.576963491,2,0,0.01
1776870081.576963491,3,0,0.01
1776870082.610961392,0,1,1.16
1776870082.610961392,1,0,0.01
1776870082.610961392,2,0,0.01
1776870082.610961392,3,0,0.01
1776870083.644215682,0,1,1.16
1776870083.644215682,1,0,0.01
1776870083.644215682,2,0,0.01
1776870083.644215682,3,0,0.01
1776870084.677130836,0,1,1.16
1776870084.677130836,1,0,0.01
1776870084.677130836,2,0,0.01
1776870084.677130836,3,0,0.01
1776870085.710169692,0,1,1.16
1776870085.710169692,1,0,0.01
1776870085.710169692,2,0,0.01
1776870085.710169692,3,0,0.01
1776870086.743910596,0,1,1.16
1776870086.743910596,1,0,0.01
1776870086.743910596,2,0,0.01
1776870086.743910596,3,0,0.01
1776870087.776914785,0,1,1.16
1776870087.776914785,1,0,0.01
1776870087.776914785,2,0,0.01
1776870087.776914785,3,0,0.01
1776870088.811319785,0,22,1.16
1776870088.811319785,1,0,0.01
1776870088.811319785,2,0,0.01
1776870088.811319785,3,0,0.01
1776870089.844094972,0,1,1.16
1776870089.844094972,1,0,0.01
1776870089.844094972,2,0,0.01
1776870089.844094972,3,0,0.01
1776870090.877015045,0,1,1.16
1776870090.877015045,1,0,0.01
1776870090.877015045,2,0,0.01
1776870090.877015045,3,0,0.01
1776870091.909949852,0,1,1.16
1776870091.909949852,1,0,0.01
1776870091.909949852,2,0,0.01
1776870091.909949852,3,0,0.01
1776870092.943167338,0,1,1.16
1776870092.943167338,1,0,0.01
1776870092.943167338,2,0,0.01
1776870092.943167338,3,0,0.01
1776870093.976038480,0,1,1.16
1776870093.976038480,1,0,0.01
1776870093.976038480,2,0,0.01
1776870093.976038480,3,0,0.01
1776870095.009507959,0,29,1.16
1776870095.009507959,1,0,0.01
1776870095.009507959,2,0,0.01
1776870095.009507959,3,0,0.01
1776870096.042222052,0,1,1.16
1776870096.042222052,1,0,0.01
1776870096.042222052,2,0,0.01
1776870096.042222052,3,0,0.01
1776870097.076369467,0,1,1.16
1776870097.076369467,1,0,0.01
1776870097.076369467,2,0,0.01
1776870097.076369467,3,0,0.01
1776870098.109409285,0,1,1.16
1776870098.109409285,1,0,0.01
1776870098.109409285,2,0,0.01
1776870098.109409285,3,0,0.01
1776870099.143638295,0,14,1.16
1776870099.143638295,1,0,0.01
1776870099.143638295,2,0,0.01
1776870099.143638295,3,0,0.01
1776870100.176517812,0,1,1.16
1776870100.176517812,1,0,0.01
1776870100.176517812,2,0,0.01
1776870100.176517812,3,0,0.01
1776870101.210494255,0,1,1.16
1776870101.210494255,1,0,0.01
1776870101.210494255,2,0,0.01
1776870101.210494255,3,0,0.01
1776870102.243560706,0,1,1.16
1776870102.243560706,1,0,0.01
1776870102.243560706,2,0,0.01
1776870102.243560706,3,0,0.01
1776870103.277530026,0,1,1.16
1776870103.277530026,1,0,0.01
1776870103.277530026,2,0,0.01
1776870103.277530026,3,0,0.01
1776870104.311248110,0,1,1.16
1776870104.311248110,1,0,0.01
1776870104.311248110,2,0,0.01
1776870104.311248110,3,0,0.01
1776870105.343934630,0,29,1.16
1776870105.343934630,1,0,0.01
1776870105.343934630,2,0,0.01
1776870105.343934630,3,0,0.01
1776870106.376963493,0,1,1.16
1776870106.376963493,1,0,0.01
1776870106.376963493,2,0,0.01
1776870106.376963493,3,0,0.01
1776870107.410436783,0,1,1.16
1776870107.410436783,1,0,0.01
1776870107.410436783,2,0,0.01
1776870107.410436783,3,0,0.01
1776870108.443398380,0,1,1.16
1776870108.443398380,1,0,0.01
1776870108.443398380,2,0,0.01
1776870108.443398380,3,0,0.01
1776870109.476643663,0,21,1.16
1776870109.476643663,1,0,0.01
1776870109.476643663,2,0,0.01
1776870109.476643663,3,0,0.01
1776870110.509435430,0,1,1.16
1776870110.509435430,1,0,0.01
1776870110.509435430,2,0,0.01
1776870110.509435430,3,0,0.01
1776870111.543187942,0,1,1.16
1776870111.543187942,1,0,0.01
1776870111.543187942,2,0,0.01
1776870111.543187942,3,0,0.01
1776870112.577256450,0,1,1.16
1776870112.577256450,1,0,0.01
1776870112.577256450,2,0,0.01
1776870112.577256450,3,0,0.01
1776870113.609550797,0,1,1.16
1776870113.609550797,1,0,0.01
1776870113.609550797,2,0,0.01
1776870113.609550797,3,0,0.01
1776870114.642232577,0,1,1.16
1776870114.642232577,1,0,0.01
1776870114.642232577,2,0,0.01
1776870114.642232577,3,0,0.01
1776870115.675516485,0,1,1.16
1776870115.675516485,1,0,0.01
1776870115.675516485,2,0,0.01
1776870115.675516485,3,0,0.01
1776870116.709492656,0,1,1.16
1776870116.709492656,1,0,0.01
1776870116.709492656,2,0,0.01
1776870116.709492656,3,0,0.01
1776870117.744091688,0,29,1.16
1776870117.744091688,1,0,0.01
1776870117.744091688,2,0,0.01
1776870117.744091688,3,0,0.01
1776870118.777713804,0,1,1.16
1776870118.777713804,1,0,0.01
1776870118.777713804,2,0,0.01
1776870118.777713804,3,0,0.01
1776870119.811065788,0,1,1.16
1776870119.811065788,1,0,0.01
1776870119.811065788,2,0,0.01
1776870119.811065788,3,0,0.01
1776870120.844658244,0,1,1.16
1776870120.844658244,1,0,0.01
1776870120.844658244,2,0,0.01
1776870120.844658244,3,0,0.01
1776870121.877240353,0,1,1.16
1776870121.877240353,1,0,0.01
1776870121.877240353,2,0,0.01
1776870121.877240353,3,0,0.01
1776870122.910718248,0,1,1.16
1776870122.910718248,1,0,0.01
1776870122.910718248,2,0,0.01
1776870122.910718248,3,0,0.01
1776870123.943386053,0,1,1.16
1776870123.943386053,1,0,0.01
1776870123.943386053,2,0,0.01
1776870123.943386053,3,0,0.01
1776870124.976399793,0,14,1.16
1776870124.976399793,1,0,0.01
1776870124.976399793,2,0,0.01
1776870124.976399793,3,0,0.01
1776870126.010269281,0,1,1.16
1776870126.010269281,1,0,0.01
1776870126.010269281,2,0,0.01
1776870126.010269281,3,0,0.01
1776870127.044090086,0,1,1.16
1776870127.044090086,1,0,0.01
1776870127.044090086,2,0,0.01
1776870127.044090086,3,0,0.01
1776870128.077186210,0,1,1.16
1776870128.077186210,1,0,0.01
1776870128.077186210,2,0,0.01
1776870128.077186210,3,0,0.01
1776870129.109850547,0,1,1.16
1776870129.109850547,1,0,0.01
1776870129.109850547,2,0,0.01
1776870129.109850547,3,0,0.01
1776870130.143616312,0,28,1.16
1776870130.143616312,1,0,0.01
1776870130.143616312,2,0,0.01
1776870130.143616312,3,0,0.01
1776870131.176520915,0,1,1.16
1776870131.176520915,1,0,0.01
1776870131.176520915,2,0,0.01
1776870131.176520915,3,0,0.01
1776870132.211044109,0,1,1.16
1776870132.211044109,1,0,0.01
1776870132.211044109,2,0,0.01
1776870132.211044109,3,0,0.01
1776870133.244637305,0,11,1.16
1776870133.244637305,1,0,0.01
1776870133.244637305,2,0,0.01
1776870133.244637305,3,0,0.01
1776870134.278848653,0,29,1.16
1776870134.278848653,1,0,0.01
1776870134.278848653,2,0,0.01
1776870134.278848653,3,0,0.01
1776870135.313694829,0,1,1.16
1776870135.313694829,1,0,0.01
1776870135.313694829,2,0,0.01
1776870135.313694829,3,0,0.01
1776870136.347845601,0,29,1.16
1776870136.347845601,1,0,0.01
1776870136.347845601,2,0,0.01
1776870136.347845601,3,0,0.01
1776870137.380939751,0,1,1.16
1776870137.380939751,1,0,0.01
1776870137.380939751,2,0,0.01
1776870137.380939751,3,0,0.01
1776870138.413009686,0,1,1.16
1776870138.413009686,1,0,0.01
1776870138.413009686,2,0,0.01
1776870138.413009686,3,0,0.01
1776870139.446343057,0,1,1.16
1776870139.446343057,1,0,0.01
1776870139.446343057,2,0,0.01
1776870139.446343057,3,0,0.01
1776870140.479904561,0,27,1.16
1776870140.479904561,1,0,0.01
1776870140.479904561,2,0,0.01
1776870140.479904561,3,0,0.01
1776870141.512902751,0,1,1.16
1776870141.512902751,1,0,0.01
1776870141.512902751,2,0,0.01
1776870141.512902751,3,0,0.01
1776870142.547229901,0,1,1.16
1776870142.547229901,1,0,0.01
1776870142.547229901,2,0,0.01
1776870142.547229901,3,0,0.01
1776870143.578873975,0,1,1.16
1776870143.578873975,1,0,0.01
1776870143.578873975,2,0,0.01
1776870143.578873975,3,0,0.01
1776870144.611961398,0,1,1.16
1776870144.611961398,1,0,0.01
1776870144.611961398,2,0,0.01
1776870144.611961398,3,0,0.01
1776870145.644474071,0,1,1.16
1776870145.644474071,1,0,0.01
1776870145.644474071,2,0,0.01
1776870145.644474071,3,0,0.01
1776870146.677970575,0,1,1.16
1776870146.677970575,1,0,0.01
1776870146.677970575,2,0,0.01
1776870146.677970575,3,0,0.01
1776870147.710752984,0,1,1.16
1776870147.710752984,1,0,0.01
1776870147.710752984,2,0,0.01
1776870147.710752984,3,0,0.01
1776870148.743484418,0,1,1.16
1776870148.743484418,1,0,0.01
1776870148.743484418,2,0,0.01
1776870148.743484418,3,0,0.01
1776870149.776258696,0,7,1.16
1776870149.776258696,1,0,0.01
1776870149.776258696,2,0,0.01
1776870149.776258696,3,0,0.01
1776870150.807763678,0,1,1.16
1776870150.807763678,1,0,0.01
1776870150.807763678,2,0,0.01
1776870150.807763678,3,0,0.01
1776870151.839856034,0,29,1.16
1776870151.839856034,1,0,0.01
1776870151.839856034,2,0,0.01
1776870151.839856034,3,0,0.01
1776870152.873626393,0,1,1.16
1776870152.873626393,1,0,0.01
1776870152.873626393,2,0,0.01
1776870152.873626393,3,0,0.01
1776870153.907212969,0,1,1.16
1776870153.907212969,1,0,0.01
1776870153.907212969,2,0,0.01
1776870153.907212969,3,0,0.01
1776870154.940756205,0,1,1.16
1776870154.940756205,1,0,0.01
1776870154.940756205,2,0,0.01
1776870154.940756205,3,0,0.01
1776870155.974458833,0,1,1.16
1776870155.974458833,1,0,0.01
1776870155.974458833,2,0,0.01
1776870155.974458833,3,0,0.01
1776870157.007291312,0,1,1.16
1776870157.007291312,1,0,0.01
1776870157.007291312,2,0,0.01
1776870157.007291312,3,0,0.01
1776870158.038401374,0,29,1.16
1776870158.038401374,1,0,0.01
1776870158.038401374,2,0,0.01
1776870158.038401374,3,0,0.01
1776870159.072467489,0,1,1.16
1776870159.072467489,1,0,0.01
1776870159.072467489,2,0,0.01
1776870159.072467489,3,0,0.01
1776870160.106519566,0,1,1.16
1776870160.106519566,1,0,0.01
1776870160.106519566,2,0,0.01
1776870160.106519566,3,0,0.01
1776870161.139438292,0,29,1.16
1776870161.139438292,1,0,0.01
1776870161.139438292,2,0,0.01
1776870161.139438292,3,0,0.01
1776870162.172563324,0,1,1.16
1776870162.172563324,1,0,0.01
1776870162.172563324,2,0,0.01
1776870162.172563324,3,0,0.01
1776870163.205941488,0,22,1.16
1776870163.205941488,1,0,0.01
1776870163.205941488,2,0,0.01
1776870163.205941488,3,0,0.01
1776870164.238883678,0,1,1.16
1776870164.238883678,1,0,0.01
1776870164.238883678,2,0,0.01
1776870164.238883678,3,0,0.01
1776870165.272471541,0,1,1.16
1776870165.272471541,1,0,0.01
1776870165.272471541,2,0,0.01
1776870165.272471541,3,0,0.01
1776870166.305455443,0,29,1.16
1776870166.305455443,1,0,0.01
1776870166.305455443,2,0,0.01
1776870166.305455443,3,0,0.01
1776870167.339108810,0,1,1.16
1776870167.339108810,1,0,0.01
1776870167.339108810,2,0,0.01
1776870167.339108810,3,0,0.01
1776870168.371422880,0,1,1.16
1776870168.371422880,1,0,0.01
1776870168.371422880,2,0,0.01
1776870168.371422880,3,0,0.01
1776870169.404615154,0,1,1.16
1776870169.404615154,1,0,0.01
1776870169.404615154,2,0,0.01
1776870169.404615154,3,0,0.01
1776870170.438116164,0,1,1.16
1776870170.438116164,1,0,0.01
1776870170.438116164,2,0,0.01
1776870170.438116164,3,0,0.01
1776870171.470927748,0,1,1.16
1776870171.470927748,1,0,0.01
1776870171.470927748,2,0,0.01
1776870171.470927748,3,0,0.01
1776870172.501979379,0,29,1.16
1776870172.501979379,1,0,0.01
1776870172.501979379,2,0,0.01
1776870172.501979379,3,0,0.01
1776870173.534846733,0,1,1.16
1776870173.534846733,1,0,0.01
1776870173.534846733,2,0,0.01
1776870173.534846733,3,0,0.01
1776870174.567081769,0,1,1.16
1776870174.567081769,1,0,0.01
1776870174.567081769,2,0,0.01
1776870174.567081769,3,0,0.01
1776870175.599585254,0,4,1.16
1776870175.599585254,1,0,0.01
1776870175.599585254,2,0,0.01
1776870175.599585254,3,0,0.01
1776870176.632594279,0,11,1.16
1776870176.632594279,1,0,0.01
1776870176.632594279,2,0,0.01
1776870176.632594279,3,0,0.01
1776870177.666045598,0,1,1.16
1776870177.666045598,1,0,0.01
1776870177.666045598,2,0,0.01
1776870177.666045598,3,0,0.01
1776870178.699310347,0,1,1.16
1776870178.699310347,1,0,0.01
1776870178.699310347,2,0,0.01
1776870178.699310347,3,0,0.01
1776870179.734153975,0,1,1.16
1776870179.734153975,1,0,0.01
1776870179.734153975,2,0,0.01
1776870179.734153975,3,0,0.01
1776870180.766747886,0,1,1.16
1776870180.766747886,1,0,0.01
1776870180.766747886,2,0,0.01
1776870180.766747886,3,0,0.01
1776870181.799711518,0,3,1.16
1776870181.799711518,1,0,0.01
1776870181.799711518,2,0,0.01
1776870181.799711518,3,0,0.01
1776870182.832917989,0,1,1.16
1776870182.832917989,1,0,0.01
1776870182.832917989,2,0,0.01
1776870182.832917989,3,0,0.01
1776870183.864314881,0,1,1.16
1776870183.864314881,1,0,0.01
1776870183.864314881,2,0,0.01
1776870183.864314881,3,0,0.01
1776870184.897829792,0,10,1.16
1776870184.897829792,1,0,0.01
1776870184.897829792,2,0,0.01
1776870184.897829792,3,0,0.01
1776870185.931635681,0,1,1.16
1776870185.931635681,1,0,0.01
1776870185.931635681,2,0,0.01
1776870185.931635681,3,0,0.01
1776870186.966057344,0,17,1.16
1776870186.966057344,1,0,0.01
1776870186.966057344,2,0,0.01
1776870186.966057344,3,0,0.01
1776870187.999123630,0,1,1.16
1776870187.999123630,1,0,0.01
1776870187.999123630,2,0,0.01
1776870187.999123630,3,0,0.01
1776870189.032230704,0,1,1.16
1776870189.032230704,1,0,0.01
1776870189.032230704,2,0,0.01
1776870189.032230704,3,0,0.01
1776870190.067563278,0,29,1.16
1776870190.067563278,1,0,0.01
1776870190.067563278,2,0,0.01
1776870190.067563278,3,0,0.01
1776870191.101398004,0,1,1.16
1776870191.101398004,1,0,0.01
1776870191.101398004,2,0,0.01
1776870191.101398004,3,0,0.01
1776870192.134855636,0,1,1.16
1776870192.134855636,1,0,0.01
1776870192.134855636,2,0,0.01
1776870192.134855636,3,0,0.01
1776870193.168372739,0,29,1.16
1776870193.168372739,1,0,0.01
1776870193.168372739,2,0,0.01
1776870193.168372739,3,0,0.01
1776870194.201648218,0,1,1.16
1776870194.201648218,1,0,0.01
1776870194.201648218,2,0,0.01
1776870194.201648218,3,0,0.01
1776870195.234517246,0,1,1.16
1776870195.234517246,1,0,0.01
1776870195.234517246,2,0,0.01
1776870195.234517246,3,0,0.01
1776870196.265972571,0,1,1.16
1776870196.265972571,1,0,0.01
1776870196.265972571,2,0,0.01
1776870196.265972571,3,0,0.01
1776870197.298935488,0,1,1.16
1776870197.298935488,1,0,0.01
1776870197.298935488,2,0,0.01
1776870197.298935488,3,0,0.01
1776870198.331739529,0,1,1.16
1776870198.331739529,1,0,0.01
1776870198.331739529,2,0,0.01
1776870198.331739529,3,0,0.01
1776870199.365333489,0,29,1.16
1776870199.365333489,1,0,0.01
1776870199.365333489,2,0,0.01
1776870199.365333489,3,0,0.01
1776870200.400156495,0,1,1.16
1776870200.400156495,1,0,0.01
1776870200.400156495,2,0,0.01
1776870200.400156495,3,0,0.01
1776870201.434352865,0,29,1.16
1776870201.434352865,1,0,0.01
1776870201.434352865,2,0,0.01
1776870201.434352865,3,0,0.01
1776870202.467466480,0,1,1.16
1776870202.467466480,1,0,0.01
1776870202.467466480,2,0,0.01
1776870202.467466480,3,0,0.01
1776870203.498859230,0,1,1.16
1776870203.498859230,1,0,0.01
1776870203.498859230,2,0,0.01
1776870203.498859230,3,0,0.01
1776870204.532105323,0,1,1.16
1776870204.532105323,1,0,0.01
1776870204.532105323,2,0,0.01
1776870204.532105323,3,0,0.01
1776870205.566065301,0,29,1.16
1776870205.566065301,1,0,0.01
1776870205.566065301,2,0,0.01
1776870205.566065301,3,0,0.01
1776870206.598964216,0,1,1.16
1776870206.598964216,1,0,0.01
1776870206.598964216,2,0,0.01
1776870206.598964216,3,0,0.01
1776870207.632307276,0,1,1.16
1776870207.632307276,1,0,0.01
1776870207.632307276,2,0,0.01
1776870207.632307276,3,0,0.01
1776870208.663954695,0,29,1.16
1776870208.663954695,1,0,0.01
1776870208.663954695,2,0,0.01
1776870208.663954695,3,0,0.01
1776870209.697935164,0,29,1.16
1776870209.697935164,1,0,0.01
1776870209.697935164,2,0,0.01
1776870209.697935164,3,0,0.01
1776870210.730570776,0,29,1.16
1776870210.730570776,1,0,0.01
1776870210.730570776,2,0,0.01
1776870210.730570776,3,0,0.01
1776870211.764094291,0,1,1.16
1776870211.764094291,1,0,0.01
1776870211.764094291,2,0,0.01
1776870211.764094291,3,0,0.01
1776870212.798730035,0,1,1.16
1776870212.798730035,1,0,0.01
1776870212.798730035,2,0,0.01
1776870212.798730035,3,0,0.01
1776870213.832670410,0,13,1.16
1776870213.832670410,1,0,0.01
1776870213.832670410,2,0,0.01
1776870213.832670410,3,0,0.01
1776870214.866660211,0,1,1.16
1776870214.866660211,1,0,0.01
1776870214.866660211,2,0,0.01
1776870214.866660211,3,0,0.01
1776870215.900167765,0,1,1.16
1776870215.900167765,1,0,0.01
1776870215.900167765,2,0,0.01
1776870215.900167765,3,0,0.01
1776870216.933011677,0,29,1.16
1776870216.933011677,1,0,0.01
1776870216.933011677,2,0,0.01
1776870216.933011677,3,0,0.01
1776870217.967107729,0,1,1.16
1776870217.967107729,1,0,0.01
1776870217.967107729,2,0,0.01
1776870217.967107729,3,0,0.01
1776870218.999589423,0,29,1.16
1776870218.999589423,1,0,0.01
1776870218.999589423,2,0,0.01
1776870218.999589423,3,0,0.01
1776870220.032490569,0,1,1.16
1776870220.032490569,1,0,0.01
1776870220.032490569,2,0,0.01
1776870220.032490569,3,0,0.01
1776870221.064209500,0,13,1.16
1776870221.064209500,1,0,0.01
1776870221.064209500,2,0,0.01
1776870221.064209500,3,0,0.01
1776870222.097793843,0,1,1.16
1776870222.097793843,1,0,0.01
1776870222.097793843,2,0,0.01
1776870222.097793843,3,0,0.01
1776870223.131081122,0,1,1.16
1776870223.131081122,1,0,0.01
1776870223.131081122,2,0,0.01
1776870223.131081122,3,0,0.01
1776870224.165437200,0,1,1.16
1776870224.165437200,1,0,0.01
1776870224.165437200,2,0,0.01
1776870224.165437200,3,0,0.01
1776870225.198713732,0,1,1.16
1776870225.198713732,1,0,0.01
1776870225.198713732,2,0,0.01
1776870225.198713732,3,0,0.01
1776870226.232017485,0,1,1.16
1776870226.232017485,1,0,0.01
1776870226.232017485,2,0,0.01
1776870226.232017485,3,0,0.01
1776870227.266130313,0,1,1.16
1776870227.266130313,1,0,0.01
1776870227.266130313,2,0,0.01
1776870227.266130313,3,0,0.01
1776870228.298926393,0,1,1.16
1776870228.298926393,1,0,0.01
1776870228.298926393,2,0,0.01
1776870228.298926393,3,0,0.01
1776870229.332445760,0,29,1.16
1776870229.332445760,1,0,0.01
1776870229.332445760,2,0,0.01
1776870229.332445760,3,0,0.01
1776870230.365957786,0,1,1.16
1776870230.365957786,1,0,0.01
1776870230.365957786,2,0,0.01
1776870230.365957786,3,0,0.01
1776870231.399621037,0,1,1.16
1776870231.399621037,1,0,0.01
1776870231.399621037,2,0,0.01
1776870231.399621037,3,0,0.01
1776870232.433795711,0,1,1.16
1776870232.433795711,1,0,0.01
1776870232.433795711,2,0,0.01
1776870232.433795711,3,0,0.01
1776870233.465753155,0,1,1.16
1776870233.465753155,1,0,0.01
1776870233.465753155,2,0,0.01
1776870233.465753155,3,0,0.01
1776870234.497668180,0,1,1.16
1776870234.497668180,1,0,0.01
1776870234.497668180,2,0,0.01
1776870234.497668180,3,0,0.01
1776870235.529992940,0,1,1.16
1776870235.529992940,1,0,0.01
1776870235.529992940,2,0,0.01
1776870235.529992940,3,0,0.01
1776870236.563323625,0,1,1.16
1776870236.563323625,1,0,0.01
1776870236.563323625,2,0,0.01
1776870236.563323625,3,0,0.01
1776870237.596979711,0,1,1.16
1776870237.596979711,1,0,0.01
1776870237.596979711,2,0,0.01
1776870237.596979711,3,0,0.01
1776870238.630148307,0,1,1.16
1776870238.630148307,1,0,0.01
1776870238.630148307,2,0,0.01
1776870238.630148307,3,0,0.01
1776870239.664400401,0,28,1.16
1776870239.664400401,1,0,0.01
1776870239.664400401,2,0,0.01
1776870239.664400401,3,0,0.01
1776870240.698911658,0,1,1.16
1776870240.698911658,1,0,0.01
1776870240.698911658,2,0,0.01
1776870240.698911658,3,0,0.01
1776870241.731669042,0,1,1.16
1776870241.731669042,1,0,0.01
1776870241.731669042,2,0,0.01
1776870241.731669042,3,0,0.01
1776870242.765496102,0,1,1.16
1776870242.765496102,1,0,0.01
1776870242.765496102,2,0,0.01
1776870242.765496102,3,0,0.01
1776870243.798792463,0,1,1.16
1776870243.798792463,1,0,0.01
1776870243.798792463,2,0,0.01
1776870243.798792463,3,0,0.01
1776870244.831473477,0,24,1.16
1776870244.831473477,1,0,0.01
1776870244.831473477,2,0,0.01
1776870244.831473477,3,0,0.01
1776870245.864927638,0,1,1.16
1776870245.864927638,1,0,0.01
1776870245.864927638,2,0,0.01
1776870245.864927638,3,0,0.01
1776870246.898891261,0,1,1.16
1776870246.898891261,1,0,0.01
1776870246.898891261,2,0,0.01
1776870246.898891261,3,0,0.01
1776870247.932511719,0,1,1.16
1776870247.932511719,1,0,0.01
1776870247.932511719,2,0,0.01
1776870247.932511719,3,0,0.01
1776870248.965041658,0,1,1.16
1776870248.965041658,1,0,0.01
1776870248.965041658,2,0,0.01
1776870248.965041658,3,0,0.01
1776870249.997996196,0,1,1.16
1776870249.997996196,1,0,0.01
1776870249.997996196,2,0,0.01
1776870249.997996196,3,0,0.01
1776870251.030258036,0,7,1.16
1776870251.030258036,1,0,0.01
1776870251.030258036,2,0,0.01
1776870251.030258036,3,0,0.01
1776870252.062362751,0,1,1.16
1776870252.062362751,1,0,0.01
1776870252.062362751,2,0,0.01
1776870252.062362751,3,0,0.01
1776870253.093941194,0,1,1.16
1776870253.093941194,1,0,0.01
1776870253.093941194,2,0,0.01
1776870253.093941194,3,0,0.01
1776870254.127213644,0,12,1.16
1776870254.127213644,1,0,0.01
1776870254.127213644,2,0,0.01
1776870254.127213644,3,0,0.01
1776870255.160786130,0,1,1.16
1776870255.160786130,1,0,0.01
1776870255.160786130,2,0,0.01
1776870255.160786130,3,0,0.01
1776870256.194906774,0,1,1.16
1776870256.194906774,1,0,0.01
1776870256.194906774,2,0,0.01
1776870256.194906774,3,0,0.01
1776870257.227961429,0,1,1.16
1776870257.227961429,1,0,0.01
1776870257.227961429,2,0,0.01
1776870257.227961429,3,0,0.01
1776870258.261877765,0,1,1.16
1776870258.261877765,1,0,0.01
1776870258.261877765,2,0,0.01
1776870258.261877765,3,0,0.01
1776870259.294761386,0,1,1.16
1776870259.294761386,1,0,0.01
1776870259.294761386,2,0,0.01
1776870259.294761386,3,0,0.01
1776870260.328383819,0,17,1.16
1776870260.328383819,1,0,0.01
1776870260.328383819,2,0,0.01
1776870260.328383819,3,0,0.01
1776870261.360793782,0,1,1.16
1776870261.360793782,1,0,0.01
1776870261.360793782,2,0,0.01
1776870261.360793782,3,0,0.01
1776870262.395300227,0,1,1.16
1776870262.395300227,1,0,0.01
1776870262.395300227,2,0,0.01
1776870262.395300227,3,0,0.01
1776870263.428011978,0,29,1.16
1776870263.428011978,1,0,0.01
1776870263.428011978,2,0,0.01
1776870263.428011978,3,0,0.01
1776870264.458910997,0,1,1.16
1776870264.458910997,1,0,0.01
1776870264.458910997,2,0,0.01
1776870264.458910997,3,0,0.01
1776870265.490938237,0,29,1.16
1776870265.490938237,1,0,0.01
1776870265.490938237,2,0,0.01
1776870265.490938237,3,0,0.01
1776870266.524498691,0,1,1.16
1776870266.524498691,1,0,0.01
1776870266.524498691,2,0,0.01
1776870266.524498691,3,0,0.01
1776870267.557760130,0,1,1.16
1776870267.557760130,1,0,0.01
1776870267.557760130,2,0,0.01
1776870267.557760130,3,0,0.01
1776870268.590980227,0,1,1.16
1776870268.590980227,1,0,0.01
1776870268.590980227,2,0,0.01
1776870268.590980227,3,0,0.01
1776870269.623857903,0,1,1.16
1776870269.623857903,1,0,0.01
1776870269.623857903,2,0,0.01
1776870269.623857903,3,0,0.01
1776870270.657854433,0,1,1.16
1776870270.657854433,1,0,0.01
1776870270.657854433,2,0,0.01
1776870270.657854433,3,0,0.01
1776870271.691299296,0,29,1.16
1776870271.691299296,1,0,0.01
1776870271.691299296,2,0,0.01
1776870271.691299296,3,0,0.01
1776870272.724392478,0,1,1.16
1776870272.724392478,1,0,0.01
1776870272.724392478,2,0,0.01
1776870272.724392478,3,0,0.01
1776870273.757731336,0,1,1.16
1776870273.757731336,1,0,0.01
1776870273.757731336,2,0,0.01
1776870273.757731336,3,0,0.01
1776870274.789313753,0,1,1.16
1776870274.789313753,1,0,0.01
1776870274.789313753,2,0,0.01
1776870274.789313753,3,0,0.01
1776870275.822870885,0,1,1.16
1776870275.822870885,1,0,0.01
1776870275.822870885,2,0,0.01
1776870275.822870885,3,0,0.01
1776870276.855467040,0,29,1.16
1776870276.855467040,1,0,0.01
1776870276.855467040,2,0,0.01
1776870276.855467040,3,0,0.01
1776870277.889080696,0,1,1.16
1776870277.889080696,1,0,0.01
1776870277.889080696,2,0,0.01
1776870277.889080696,3,0,0.01
1776870278.923499331,0,1,1.16
1776870278.923499331,1,0,0.01
1776870278.923499331,2,0,0.01
1776870278.923499331,3,0,0.01
1776870279.956563190,0,20,1.16
1776870279.956563190,1,0,0.01
1776870279.956563190,2,0,0.01
1776870279.956563190,3,0,0.01
1776870280.990458342,0,1,1.16
1776870280.990458342,1,0,0.01
1776870280.990458342,2,0,0.01
1776870280.990458342,3,0,0.01
1776870282.022406988,0,23,1.16
1776870282.022406988,1,0,0.01
1776870282.022406988,2,0,0.01
1776870282.022406988,3,0,0.01
1776870283.055301719,0,1,1.16
1776870283.055301719,1,0,0.01
1776870283.055301719,2,0,0.01
1776870283.055301719,3,0,0.01
1776870284.088450092,0,1,1.16
1776870284.088450092,1,0,0.01
1776870284.088450092,2,0,0.01
1776870284.088450092,3,0,0.01
1776870285.121021269,0,1,1.16
1776870285.121021269,1,0,0.01
1776870285.121021269,2,0,0.01
1776870285.121021269,3,0,0.01
1776870286.153141994,0,1,1.16
1776870286.153141994,1,0,0.01
1776870286.153141994,2,0,0.01
1776870286.153141994,3,0,0.01
1776870287.186866315,0,25,1.16
1776870287.186866315,1,0,0.01
1776870287.186866315,2,0,0.01
1776870287.186866315,3,0,0.01
1776870288.220312565,0,1,1.16
1776870288.220312565,1,0,0.01
1776870288.220312565,2,0,0.01
1776870288.220312565,3,0,0.01
1776870289.253367459,0,1,1.16
1776870289.253367459,1,0,0.01
1776870289.253367459,2,0,0.01
1776870289.253367459,3,0,0.01
1776870290.287435541,0,1,1.16
1776870290.287435541,1,0,0.01
1776870290.287435541,2,0,0.01
1776870290.287435541,3,0,0.01
1776870291.320531411,0,29,1.16
1776870291.320531411,1,0,0.01
1776870291.320531411,2,0,0.01
1776870291.320531411,3,0,0.01
1776870292.354374055,0,1,1.16
1776870292.354374055,1,0,0.01
1776870292.354374055,2,0,0.01
1776870292.354374055,3,0,0.01
1776870293.386476732,0,1,1.16
1776870293.386476732,1,0,0.01
1776870293.386476732,2,0,0.01
1776870293.386476732,3,0,0.01
1776870294.420019309,0,1,1.16
1776870294.420019309,1,0,0.01
1776870294.420019309,2,0,0.01
1776870294.420019309,3,0,0.01
1776870295.453650288,0,1,1.16
1776870295.453650288,1,0,0.01
1776870295.453650288,2,0,0.01
1776870295.453650288,3,0,0.01
1776870296.486937210,0,1,1.16
1776870296.486937210,1,0,0.01
1776870296.486937210,2,0,0.01
1776870296.486937210,3,0,0.01
1776870297.520428849,0,1,1.16
1776870297.520428849,1,0,0.01
1776870297.520428849,2,0,0.01
1776870297.520428849,3,0,0.01
1776870298.552459876,0,29,1.16
1776870298.552459876,1,0,0.01
1776870298.552459876,2,0,0.01
1776870298.552459876,3,0,0.01
1776870299.586338189,0,1,1.16
1776870299.586338189,1,0,0.01
1776870299.586338189,2,0,0.01
1776870299.586338189,3,0,0.01
1776870300.620047588,0,1,1.16
1776870300.620047588,1,0,0.01
1776870300.620047588,2,0,0.01
1776870300.620047588,3,0,0.01
1776870301.653567614,0,1,1.16
1776870301.653567614,1,0,0.01
1776870301.653567614,2,0,0.01
1776870301.653567614,3,0,0.01
1776870302.687185867,0,1,1.16
1776870302.687185867,1,0,0.01
1776870302.687185867,2,0,0.01
1776870302.687185867,3,0,0.01
1776870303.719952173,0,1,1.16
1776870303.719952173,1,0,0.01
1776870303.719952173,2,0,0.01
1776870303.719952173,3,0,0.01
1776870304.753584091,0,1,1.16
1776870304.753584091,1,0,0.01
1776870304.753584091,2,0,0.01
1776870304.753584091,3,0,0.01
1776870305.785663240,0,1,1.16
1776870305.785663240,1,0,0.01
1776870305.785663240,2,0,0.01
1776870305.785663240,3,0,0.01
1776870306.819118136,0,1,1.16
1776870306.819118136,1,0,0.01
1776870306.819118136,2,0,0.01
1776870306.819118136,3,0,0.01
1776870307.851154046,0,1,1.16
1776870307.851154046,1,0,0.01
1776870307.851154046,2,0,0.01
1776870307.851154046,3,0,0.01
1776870308.883336427,0,18,1.16
1776870308.883336427,1,0,0.01
1776870308.883336427,2,0,0.01
1776870308.883336427,3,0,0.01
1776870309.916436442,0,1,1.16
1776870309.916436442,1,0,0.01
1776870309.916436442,2,0,0.01
1776870309.916436442,3,0,0.01
1776870310.950390255,0,1,1.16
1776870310.950390255,1,0,0.01
1776870310.950390255,2,0,0.01
1776870310.950390255,3,0,0.01
1776870311.984041481,0,20,1.16
1776870311.984041481,1,0,0.01
1776870311.984041481,2,0,0.01
1776870311.984041481,3,0,0.01
1776870313.016919639,0,1,1.16
1776870313.016919639,1,0,0.01
1776870313.016919639,2,0,0.01
1776870313.016919639,3,0,0.01
1776870314.049135203,0,1,1.16
1776870314.049135203,1,0,0.01
1776870314.049135203,2,0,0.01
1776870314.049135203,3,0,0.01
1776870315.082488258,0,29,1.16
1776870315.082488258,1,0,0.01
1776870315.082488258,2,0,0.01
1776870315.082488258,3,0,0.01
1776870316.116602948,0,1,1.16
1776870316.116602948,1,0,0.01
1776870316.116602948,2,0,0.01
1776870316.116602948,3,0,0.01
1776870317.149577861,0,15,1.16
1776870317.149577861,1,0,0.01
1776870317.149577861,2,0,0.01
1776870317.149577861,3,0,0.01
1776870318.183131993,0,1,1.16
1776870318.183131993,1,0,0.01
1776870318.183131993,2,0,0.01
1776870318.183131993,3,0,0.01
1776870319.216719691,0,1,1.16
1776870319.216719691,1,0,0.01
1776870319.216719691,2,0,0.01
1776870319.216719691,3,0,0.01
1776870320.250475768,0,1,1.16
1776870320.250475768,1,0,0.01
1776870320.250475768,2,0,0.01
1776870320.250475768,3,0,0.01
1776870321.284244743,0,6,1.16
1776870321.284244743,1,0,0.01
1776870321.284244743,2,0,0.01
1776870321.284244743,3,0,0.01
1776870322.317608866,0,1,1.16
1776870322.317608866,1,0,0.01
1776870322.317608866,2,0,0.01
1776870322.317608866,3,0,0.01
1776870323.349694033,0,1,1.16
1776870323.349694033,1,0,0.01
1776870323.349694033,2,0,0.01
1776870323.349694033,3,0,0.01
1776870324.383213402,0,21,1.16
1776870324.383213402,1,0,0.01
1776870324.383213402,2,0,0.01
1776870324.383213402,3,0,0.01
1776870325.417161144,0,1,1.16
1776870325.417161144,1,0,0.01
1776870325.417161144,2,0,0.01
1776870325.417161144,3,0,0.01
1776870326.450730466,0,1,1.16
1776870326.450730466,1,0,0.01
1776870326.450730466,2,0,0.01
1776870326.450730466,3,0,0.01
1776870327.484046976,0,16,1.16
1776870327.484046976,1,0,0.01
1776870327.484046976,2,0,0.01
1776870327.484046976,3,0,0.01
1776870328.517633361,0,1,1.16
1776870328.517633361,1,0,0.01
1776870328.517633361,2,0,0.01
1776870328.517633361,3,0,0.01
1776870329.552004221,0,1,1.16
1776870329.552004221,1,0,0.01
1776870329.552004221,2,0,0.01
1776870329.552004221,3,0,0.01
1776870330.585621254,0,1,1.16
1776870330.585621254,1,0,0.01
1776870330.585621254,2,0,0.01
1776870330.585621254,3,0,0.01
1776870331.618622865,0,1,1.16
1776870331.618622865,1,0,0.01
1776870331.618622865,2,0,0.01
1776870331.618622865,3,0,0.01
1776870332.651761624,0,1,1.16
1776870332.651761624,1,0,0.01
1776870332.651761624,2,0,0.01
1776870332.651761624,3,0,0.01
1776870333.684710880,0,1,1.16
1776870333.684710880,1,0,0.01
1776870333.684710880,2,0,0.01
1776870333.684710880,3,0,0.01
1776870334.718891457,0,29,1.16
1776870334.718891457,1,0,0.01
1776870334.718891457,2,0,0.01
1776870334.718891457,3,0,0.01
1776870335.752272245,0,1,1.16
1776870335.752272245,1,0,0.01
1776870335.752272245,2,0,0.01
1776870335.752272245,3,0,0.01
1776870336.785988433,0,1,1.16
1776870336.785988433,1,0,0.01
1776870336.785988433,2,0,0.01
1776870336.785988433,3,0,0.01
1776870337.818588517,0,16,1.16
1776870337.818588517,1,0,0.01
1776870337.818588517,2,0,0.01
1776870337.818588517,3,0,0.01
1776870338.850466114,0,1,1.16
1776870338.850466114,1,0,0.01
1776870338.850466114,2,0,0.01
1776870338.850466114,3,0,0.01
1776870339.883627122,0,1,1.16
1776870339.883627122,1,0,0.01
1776870339.883627122,2,0,0.01
1776870339.883627122,3,0,0.01
1776870340.917166136,0,1,1.16
1776870340.917166136,1,0,0.01
1776870340.917166136,2,0,0.01
1776870340.917166136,3,0,0.01
1776870341.951043430,0,1,1.16
1776870341.951043430,1,0,0.01
1776870341.951043430,2,0,0.01
1776870341.951043430,3,0,0.01
1776870342.984316220,0,1,1.16
1776870342.984316220,1,0,0.01
1776870342.984316220,2,0,0.01
1776870342.984316220,3,0,0.01
1776870344.017060940,0,1,1.16
1776870344.017060940,1,0,0.01
1776870344.017060940,2,0,0.01
1776870344.017060940,3,0,0.01
1776870345.050169011,0,1,1.16
1776870345.050169011,1,0,0.01
1776870345.050169011,2,0,0.01
1776870345.050169011,3,0,0.01
1776870346.083137858,0,1,1.16
1776870346.083137858,1,0,0.01
1776870346.083137858,2,0,0.01
1776870346.083137858,3,0,0.01
1776870347.116641377,0,1,1.16
1776870347.116641377,1,0,0.01
1776870347.116641377,2,0,0.01
1776870347.116641377,3,0,0.01
1776870348.148989344,0,1,1.16
1776870348.148989344,1,0,0.01
1776870348.148989344,2,0,0.01
1776870348.148989344,3,0,0.01
1776870349.183249107,0,1,1.16
1776870349.183249107,1,0,0.01
1776870349.183249107,2,0,0.01
1776870349.183249107,3,0,0.01
1776870350.217764072,0,29,1.16
1776870350.217764072,1,0,0.01
1776870350.217764072,2,0,0.01
1776870350.217764072,3,0,0.01
1776870351.252010963,0,29,1.16
1776870351.252010963,1,0,0.01
1776870351.252010963,2,0,0.01
1776870351.252010963,3,0,0.01
1776870352.287304147,0,1,1.16
1776870352.287304147,1,0,0.01
1776870352.287304147,2,0,0.01
1776870352.287304147,3,0,0.01
1776870353.322947859,0,1,1.16
1776870353.322947859,1,0,0.01
1776870353.322947859,2,0,0.01
1776870353.322947859,3,0,0.01
1776870354.355729800,0,1,1.16
1776870354.355729800,1,0,0.01
1776870354.355729800,2,0,0.01
1776870354.355729800,3,0,0.01
1776870355.387726480,0,1,1.16
1776870355.387726480,1,0,0.01
1776870355.387726480,2,0,0.01
1776870355.387726480,3,0,0.01
1776870356.420743453,0,1,1.16
1776870356.420743453,1,0,0.01
1776870356.420743453,2,0,0.01
1776870356.420743453,3,0,0.01
1776870357.453802933,0,1,1.16
1776870357.453802933,1,0,0.01
1776870357.453802933,2,0,0.01
1776870357.453802933,3,0,0.01
1776870358.485163928,0,1,1.16
1776870358.485163928,1,0,0.01
1776870358.485163928,2,0,0.01
1776870358.485163928,3,0,0.01
1776870359.517872410,0,1,1.16
1776870359.517872410,1,0,0.01
1776870359.517872410,2,0,0.01
1776870359.517872410,3,0,0.01
1776870360.550662914,0,29,1.16
1776870360.550662914,1,0,0.01
1776870360.550662914,2,0,0.01
1776870360.550662914,3,0,0.01
1776870361.582069349,0,1,1.16
1776870361.582069349,1,0,0.01
1776870361.582069349,2,0,0.01
1776870361.582069349,3,0,0.01
1776870362.612863439,0,29,1.16
1776870362.612863439,1,0,0.01
1776870362.612863439,2,0,0.01
1776870362.612863439,3,0,0.01
1776870363.643655806,0,29,1.16
1776870363.643655806,1,0,0.01
1776870363.643655806,2,0,0.01
1776870363.643655806,3,0,0.01
1776870364.675084614,0,1,1.16
1776870364.675084614,1,0,0.01
1776870364.675084614,2,0,0.01
1776870364.675084614,3,0,0.01
1776870365.707677123,0,1,1.16
1776870365.707677123,1,0,0.01
1776870365.707677123,2,0,0.01
1776870365.707677123,3,0,0.01
1776870366.739831308,0,9,1.16
1776870366.739831308,1,0,0.01
1776870366.739831308,2,0,0.01
1776870366.739831308,3,0,0.01
1776870367.772918554,0,1,1.16
1776870367.772918554,1,0,0.01
1776870367.772918554,2,0,0.01
1776870367.772918554,3,0,0.01
1776870368.806504533,0,1,1.16
1776870368.806504533,1,0,0.01
1776870368.806504533,2,0,0.01
1776870368.806504533,3,0,0.01
1776870369.840075528,0,9,1.16
1776870369.840075528,1,0,0.01
1776870369.840075528,2,0,0.01
1776870369.840075528,3,0,0.01
1776870370.872079267,0,1,1.16
1776870370.872079267,1,0,0.01
1776870370.872079267,2,0,0.01
1776870370.872079267,3,0,0.01
1776870371.904574842,0,1,1.16
1776870371.904574842,1,0,0.01
1776870371.904574842,2,0,0.01
1776870371.904574842,3,0,0.01
1776870372.941289421,0,29,1.16
1776870372.941289421,1,0,0.01
1776870372.941289421,2,0,0.01
1776870372.941289421,3,0,0.01
1776870373.974768218,0,1,1.16
1776870373.974768218,1,0,0.01
1776870373.974768218,2,0,0.01
1776870373.974768218,3,0,0.01
1776870375.006465764,0,1,1.16
1776870375.006465764,1,0,0.01
1776870375.006465764,2,0,0.01
1776870375.006465764,3,0,0.01
1776870376.040529215,0,11,1.16
1776870376.040529215,1,0,0.01
1776870376.040529215,2,0,0.01
1776870376.040529215,3,0,0.01
1776870377.073113080,0,1,1.16
1776870377.073113080,1,0,0.01
1776870377.073113080,2,0,0.01
1776870377.073113080,3,0,0.01
1776870378.105737636,0,1,1.16
1776870378.105737636,1,0,0.01
1776870378.105737636,2,0,0.01
1776870378.105737636,3,0,0.01
1776870379.138675169,0,1,1.16
1776870379.138675169,1,0,0.01
1776870379.138675169,2,0,0.01
1776870379.138675169,3,0,0.01
1776870380.171183156,0,1,1.16
1776870380.171183156,1,0,0.01
1776870380.171183156,2,0,0.01
1776870380.171183156,3,0,0.01
1776870381.206118106,0,1,1.16
1776870381.206118106,1,0,0.01
1776870381.206118106,2,0,0.01
1776870381.206118106,3,0,0.01
1776870382.239352484,0,1,1.16
1776870382.239352484,1,0,0.01
1776870382.239352484,2,0,0.01
1776870382.239352484,3,0,0.01
1776870383.272162664,0,1,1.16
1776870383.272162664,1,0,0.01
1776870383.272162664,2,0,0.01
1776870383.272162664,3,0,0.01
1776870384.306110721,0,29,1.16
1776870384.306110721,1,0,0.01
1776870384.306110721,2,0,0.01
1776870384.306110721,3,0,0.01
1776870385.339779453,0,29,1.16
1776870385.339779453,1,0,0.01
1776870385.339779453,2,0,0.01
1776870385.339779453,3,0,0.01
1776870386.373796539,0,1,1.16
1776870386.373796539,1,0,0.01
1776870386.373796539,2,0,0.01
1776870386.373796539,3,0,0.01
1776870387.406403672,0,25,1.16
1776870387.406403672,1,0,0.01
1776870387.406403672,2,0,0.01
1776870387.406403672,3,0,0.01
1776870388.439798350,0,29,1.16
1776870388.439798350,1,0,0.01
1776870388.439798350,2,0,0.01
1776870388.439798350,3,0,0.01
1776870389.473745299,0,1,1.16
1776870389.473745299,1,0,0.01
1776870389.473745299,2,0,0.01
1776870389.473745299,3,0,0.01
1776870390.505583711,0,1,1.16
1776870390.505583711,1,0,0.01
1776870390.505583711,2,0,0.01
1776870390.505583711,3,0,0.01
1776870391.538961168,0,1,1.16
1776870391.538961168,1,0,0.01
1776870391.538961168,2,0,0.01
1776870391.538961168,3,0,0.01
1776870392.573523083,0,1,1.16
1776870392.573523083,1,0,0.01
1776870392.573523083,2,0,0.01
1776870392.573523083,3,0,0.01
1776870393.606581054,0,1,1.16
1776870393.606581054,1,0,0.01
1776870393.606581054,2,0,0.01
1776870393.606581054,3,0,0.01
1776870394.639714058,0,29,1.16
1776870394.639714058,1,0,0.01
1776870394.639714058,2,0,0.01
1776870394.639714058,3,0,0.01
1776870395.673062337,0,1,1.16
1776870395.673062337,1,0,0.01
1776870395.673062337,2,0,0.01
1776870395.673062337,3,0,0.01
1776870396.706288618,0,1,1.16
1776870396.706288618,1,0,0.01
1776870396.706288618,2,0,0.01
1776870396.706288618,3,0,0.01
1776870397.739673157,0,1,1.16
1776870397.739673157,1,0,0.01
1776870397.739673157,2,0,0.01
1776870397.739673157,3,0,0.01
1776870398.773032712,0,1,1.16
1776870398.773032712,1,0,0.01
1776870398.773032712,2,0,0.01
1776870398.773032712,3,0,0.01
1776870399.806151333,0,1,1.16
1776870399.806151333,1,0,0.01
1776870399.806151333,2,0,0.01
1776870399.806151333,3,0,0.01
1776870400.840058866,0,1,1.16
1776870400.840058866,1,0,0.01
1776870400.840058866,2,0,0.01
1776870400.840058866,3,0,0.01
1776870401.873287487,0,1,1.16
1776870401.873287487,1,0,0.01
1776870401.873287487,2,0,0.01
1776870401.873287487,3,0,0.01
1776870402.907478025,0,1,1.16
1776870402.907478025,1,0,0.01
1776870402.907478025,2,0,0.01
1776870402.907478025,3,0,0.01
1776870403.940483480,0,29,1.16
1776870403.940483480,1,0,0.01
1776870403.940483480,2,0,0.01
1776870403.940483480,3,0,0.01
1776870404.973162111,0,1,1.16
1776870404.973162111,1,0,0.01
1776870404.973162111,2,0,0.01
1776870404.973162111,3,0,0.01
1776870406.007472399,0,1,1.16
1776870406.007472399,1,0,0.01
1776870406.007472399,2,0,0.01
1776870406.007472399,3,0,0.01
1776870407.040694942,0,12,1.16
1776870407.040694942,1,0,0.01
1776870407.040694942,2,0,0.01
1776870407.040694942,3,0,0.01
1776870408.073479759,0,1,1.16
1776870408.073479759,1,0,0.01
1776870408.073479759,2,0,0.01
1776870408.073479759,3,0,0.01
1776870409.107468082,0,1,1.16
1776870409.107468082,1,0,0.01
1776870409.107468082,2,0,0.01
1776870409.107468082,3,0,0.01
1776870410.141474214,0,15,1.16
1776870410.141474214,1,0,0.01
1776870410.141474214,2,0,0.01
1776870410.141474214,3,0,0.01
1776870411.173953480,0,1,1.16
1776870411.173953480,1,0,0.01
1776870411.173953480,2,0,0.01
1776870411.173953480,3,0,0.01
1776870412.206822359,0,1,1.16
1776870412.206822359,1,0,0.01
1776870412.206822359,2,0,0.01
1776870412.206822359,3,0,0.01
1776870413.240009872,0,24,1.16
1776870413.240009872,1,0,0.01
1776870413.240009872,2,0,0.01
1776870413.240009872,3,0,0.01
1776870414.274020959,0,1,1.16
1776870414.274020959,1,0,0.01
1776870414.274020959,2,0,0.01
1776870414.274020959,3,0,0.01
1776870415.307407032,0,29,1.16
1776870415.307407032,1,0,0.01
1776870415.307407032,2,0,0.01
1776870415.307407032,3,0,0.01
1776870416.340749917,0,1,1.16
1776870416.340749917,1,0,0.01
1776870416.340749917,2,0,0.01
1776870416.340749917,3,0,0.01
1776870417.372209969,0,1,1.16
1776870417.372209969,1,0,0.01
1776870417.372209969,2,0,0.01
1776870417.372209969,3,0,0.01
1776870418.406560870,0,1,1.16
1776870418.406560870,1,0,0.01
1776870418.406560870,2,0,0.01
1776870418.406560870,3,0,0.01
1776870419.439334251,0,1,1.16
1776870419.439334251,1,0,0.01
1776870419.439334251,2,0,0.01
1776870419.439334251,3,0,0.01
1776870420.470778650,0,1,1.16
1776870420.470778650,1,0,0.01
1776870420.470778650,2,0,0.01
1776870420.470778650,3,0,0.01
1776870421.504293917,0,1,1.16
1776870421.504293917,1,0,0.01
1776870421.504293917,2,0,0.01
1776870421.504293917,3,0,0.01
1776870422.538204114,0,1,1.16
1776870422.538204114,1,0,0.01
1776870422.538204114,2,0,0.01
1776870422.538204114,3,0,0.01
1776870423.571711388,0,26,1.16
1776870423.571711388,1,0,0.01
1776870423.571711388,2,0,0.01
1776870423.571711388,3,0,0.01
1776870424.604936413,0,1,1.16
1776870424.604936413,1,0,0.01
1776870424.604936413,2,0,0.01
1776870424.604936413,3,0,0.01
1776870425.638093698,0,1,1.16
1776870425.638093698,1,0,0.01
1776870425.638093698,2,0,0.01
1776870425.638093698,3,0,0.01
1776870426.670979410,0,18,1.16
1776870426.670979410,1,0,0.01
1776870426.670979410,2,0,0.01
1776870426.670979410,3,0,0.01
1776870427.703650387,0,1,1.16
1776870427.703650387,1,0,0.01
1776870427.703650387,2,0,0.01
1776870427.703650387,3,0,0.01
1776870428.736832620,0,1,1.16
1776870428.736832620,1,0,0.01
1776870428.736832620,2,0,0.01
1776870428.736832620,3,0,0.01
1776870429.770756501,0,29,1.16
1776870429.770756501,1,0,0.01
1776870429.770756501,2,0,0.01
1776870429.770756501,3,0,0.01
1776870430.804652646,0,1,1.16
1776870430.804652646,1,0,0.01
1776870430.804652646,2,0,0.01
1776870430.804652646,3,0,0.01
1776870431.838142086,0,1,1.16
1776870431.838142086,1,0,0.01
1776870431.838142086,2,0,0.01
1776870431.838142086,3,0,0.01
1776870432.870555441,0,14,1.16
1776870432.870555441,1,0,0.01
1776870432.870555441,2,0,0.01
1776870432.870555441,3,0,0.01
1776870433.903085441,0,1,1.16
1776870433.903085441,1,0,0.01
1776870433.903085441,2,0,0.01
1776870433.903085441,3,0,0.01
1776870434.937081190,0,10,1.16
1776870434.937081190,1,0,0.01
1776870434.937081190,2,0,0.01
1776870434.937081190,3,0,0.01
1776870435.969627077,0,1,1.16
1776870435.969627077,1,0,0.01
1776870435.969627077,2,0,0.01
1776870435.969627077,3,0,0.01
1776870437.001507053,0,1,1.16
1776870437.001507053,1,0,0.01
1776870437.001507053,2,0,0.01
1776870437.001507053,3,0,0.01
1776870438.033861303,0,1,1.16
1776870438.033861303,1,0,0.01
1776870438.033861303,2,0,0.01
1776870438.033861303,3,0,0.01
1776870439.067514844,0,8,1.16
1776870439.067514844,1,0,0.01
1776870439.067514844,2,0,0.01
1776870439.067514844,3,0,0.01
1776870440.100132934,0,2,1.16
1776870440.100132934,1,0,0.01
1776870440.100132934,2,0,0.01
1776870440.100132934,3,0,0.01
1776870441.134583974,0,1,1.16
1776870441.134583974,1,0,0.01
1776870441.134583974,2,0,0.01
1776870441.134583974,3,0,0.01
1776870442.169278219,0,1,1.16
1776870442.169278219,1,0,0.01
1776870442.169278219,2,0,0.01
1776870442.169278219,3,0,0.01
1776870443.202798927,0,0,1.16
1776870443.202798927,1,0,0.01
1776870443.202798927,2,0,0.01
1776870443.202798927,3,0,0.01
1776870444.235839478,0,0,1.16
1776870444.235839478,1,0,0.01
1776870444.235839478,2,0,0.01
1776870444.235839478,3,0,0.01
1776870445.268643144,0,0,1.16
1776870445.268643144,1,0,0.01
1776870445.268643144,2,0,0.01
1776870445.268643144,3,0,0.01
1776870446.300357820,0,0,1.16
1776870446.300357820,1,0,0.01
1776870446.300357820,2,0,0.01
1776870446.300357820,3,0,0.01
1776870447.332159392,0,0,1.16
1776870447.332159392,1,0,0.01
1776870447.332159392,2,0,0.01
1776870447.332159392,3,0,0.01
1776870448.364774946,0,0,1.16
1776870448.364774946,1,0,0.01
1776870448.364774946,2,0,0.01
1776870448.364774946,3,0,0.01
1776870449.396763256,0,0,1.16
1776870449.396763256,1,0,0.01
1776870449.396763256,2,0,0.01
1776870449.396763256,3,0,0.01
1776870450.428524906,0,0,1.16
1776870450.428524906,1,0,0.01
1776870450.428524906,2,0,0.01
1776870450.428524906,3,0,0.01
1776870451.460665827,0,0,1.16
1776870451.460665827,1,0,0.01
1776870451.460665827,2,0,0.01
1776870451.460665827,3,0,0.01
1776870452.494041241,0,0,1.16
1776870452.494041241,1,0,0.01
1776870452.494041241,2,0,0.01
1776870452.494041241,3,0,0.01
1776870453.527266667,0,0,1.16
1776870453.527266667,1,0,0.01
1776870453.527266667,2,0,0.01
1776870453.527266667,3,0,0.01
1776870454.559878277,0,0,1.16
1776870454.559878277,1,0,0.01
1776870454.559878277,2,0,0.01
1776870454.559878277,3,0,0.01
1776870455.593405973,0,0,1.16
1776870455.593405973,1,0,0.01
1776870455.593405973,2,0,0.01
1776870455.593405973,3,0,0.01
1776870456.626760435,0,0,1.16
1776870456.626760435,1,0,0.01
1776870456.626760435,2,0,0.01
1776870456.626760435,3,0,0.01
1776870457.659943018,0,0,1.16
1776870457.659943018,1,0,0.01
1776870457.659943018,2,0,0.01
1776870457.659943018,3,0,0.01
1776870458.692549699,0,0,1.16
1776870458.692549699,1,0,0.01
1776870458.692549699,2,0,0.01
1776870458.692549699,3,0,0.01
1776870459.725945506,0,0,1.16
1776870459.725945506,1,0,0.01
1776870459.725945506,2,0,0.01
1776870459.725945506,3,0,0.01
1776870460.758416434,0,0,1.16
1776870460.758416434,1,0,0.01
1776870460.758416434,2,0,0.01
1776870460.758416434,3,0,0.01
1776870461.790990068,0,0,1.16
1776870461.790990068,1,0,0.01
1776870461.790990068,2,0,0.01
1776870461.790990068,3,0,0.01
1776870462.824194093,0,0,1.16
1776870462.824194093,1,0,0.01
1776870462.824194093,2,0,0.01
1776870462.824194093,3,0,0.01
1776870463.856788845,0,0,1.16
1776870463.856788845,1,0,0.01
1776870463.856788845,2,0,0.01
1776870463.856788845,3,0,0.01
1776870464.890230199,0,0,1.16
1776870464.890230199,1,0,0.01
1776870464.890230199,2,0,0.01
1776870464.890230199,3,0,0.01
1776870465.922044505,0,0,1.16
1776870465.922044505,1,0,0.01
1776870465.922044505,2,0,0.01
1776870465.922044505,3,0,0.01
1776870466.954327338,0,0,1.16
1776870466.954327338,1,0,0.01
1776870466.954327338,2,0,0.01
1776870466.954327338,3,0,0.01
1776870467.987848072,0,0,1.16
1776870467.987848072,1,0,0.01
1776870467.987848072,2,0,0.01
1776870467.987848072,3,0,0.01
1776870469.021155653,0,0,1.16
1776870469.021155653,1,0,0.01
1776870469.021155653,2,0,0.01
1776870469.021155653,3,0,0.01
1776870470.053661318,0,0,1.16
1776870470.053661318,1,0,0.01
1776870470.053661318,2,0,0.01
1776870470.053661318,3,0,0.01
1776870471.087688437,0,0,1.16
1776870471.087688437,1,0,0.01
1776870471.087688437,2,0,0.01
1776870471.087688437,3,0,0.01
1776870472.121109383,0,0,1.16
1776870472.121109383,1,0,0.01
1776870472.121109383,2,0,0.01
1776870472.121109383,3,0,0.01
1776870473.154884143,0,0,1.16
1776870473.154884143,1,0,0.01
1776870473.154884143,2,0,0.01
1776870473.154884143,3,0,0.01
1776870474.188966920,0,0,1.16
1776870474.188966920,1,0,0.01
1776870474.188966920,2,0,0.01
1776870474.188966920,3,0,0.01
1776870475.222980584,0,0,1.16
1776870475.222980584,1,0,0.01
1776870475.222980584,2,0,0.01
1776870475.222980584,3,0,0.01
1776870476.255481600,0,0,1.16
1776870476.255481600,1,0,0.01
1776870476.255481600,2,0,0.01
1776870476.255481600,3,0,0.01
1776870477.288984158,0,0,1.16
1776870477.288984158,1,0,0.01
1776870477.288984158,2,0,0.01
1776870477.288984158,3,0,0.01
1776870478.321771644,0,0,1.16
1776870478.321771644,1,0,0.01
1776870478.321771644,2,0,0.01
1776870478.321771644,3,0,0.01
1776870479.354519228,0,0,1.16
1776870479.354519228,1,0,0.01
1776870479.354519228,2,0,0.01
1776870479.354519228,3,0,0.01
1776870480.387921128,0,0,1.16
1776870480.387921128,1,0,0.01
1776870480.387921128,2,0,0.01
1776870480.387921128,3,0,0.01
1776870481.421501281,0,0,1.16
1776870481.421501281,1,0,0.01
1776870481.421501281,2,0,0.01
1776870481.421501281,3,0,0.01
1776870482.453258029,0,0,1.16
1776870482.453258029,1,0,0.01
1776870482.453258029,2,0,0.01
1776870482.453258029,3,0,0.01
1776870483.485143127,0,0,1.16
1776870483.485143127,1,0,0.01
1776870483.485143127,2,0,0.01
1776870483.485143127,3,0,0.01
1776870484.518177283,0,0,1.16
1776870484.518177283,1,0,0.01
1776870484.518177283,2,0,0.01
1776870484.518177283,3,0,0.01
1776870485.550265084,0,0,1.16
1776870485.550265084,1,0,0.01
1776870485.550265084,2,0,0.01
1776870485.550265084,3,0,0.01
1776870486.583203283,0,0,1.16
1776870486.583203283,1,0,0.01
1776870486.583203283,2,0,0.01
1776870486.583203283,3,0,0.01
1776870487.616565478,0,0,1.16
1776870487.616565478,1,0,0.01
1776870487.616565478,2,0,0.01
1776870487.616565478,3,0,0.01
1776870488.649896769,0,0,1.16
1776870488.649896769,1,0,0.01
1776870488.649896769,2,0,0.01
1776870488.649896769,3,0,0.01
1776870489.683922787,0,0,1.16
1776870489.683922787,1,0,0.01
1776870489.683922787,2,0,0.01
1776870489.683922787,3,0,0.01
1776870490.716506403,0,0,1.16
1776870490.716506403,1,0,0.01
1776870490.716506403,2,0,0.01
1776870490.716506403,3,0,0.01
1776870491.749564398,0,0,1.16
1776870491.749564398,1,0,0.01
1776870491.749564398,2,0,0.01
1776870491.749564398,3,0,0.01
1776870492.783243718,0,0,1.16
1776870492.783243718,1,0,0.01
1776870492.783243718,2,0,0.01
1776870492.783243718,3,0,0.01
1776870493.816518273,0,0,1.16
1776870493.816518273,1,0,0.01
1776870493.816518273,2,0,0.01
1776870493.816518273,3,0,0.01
1776870494.848990568,0,0,1.16
1776870494.848990568,1,0,0.01
1776870494.848990568,2,0,0.01
1776870494.848990568,3,0,0.01
1776870495.881096306,0,0,1.16
1776870495.881096306,1,0,0.01
1776870495.881096306,2,0,0.01
1776870495.881096306,3,0,0.01
1776870496.912847349,0,0,1.16
1776870496.912847349,1,0,0.01
1776870496.912847349,2,0,0.01
1776870496.912847349,3,0,0.01
1776870497.945262238,0,0,1.16
1776870497.945262238,1,0,0.01
1776870497.945262238,2,0,0.01
1776870497.945262238,3,0,0.01
1776870498.976983124,0,0,1.16
1776870498.976983124,1,0,0.01
1776870498.976983124,2,0,0.01
1776870498.976983124,3,0,0.01
1776870500.008859888,0,0,1.16
1776870500.008859888,1,0,0.01
1776870500.008859888,2,0,0.01
1776870500.008859888,3,0,0.01
1776870501.041360920,0,0,1.16
1776870501.041360920,1,0,0.01
1776870501.041360920,2,0,0.01
1776870501.041360920,3,0,0.01
1776870502.074957675,0,0,1.16
1776870502.074957675,1,0,0.01
1776870502.074957675,2,0,0.01
1776870502.074957675,3,0,0.01
1776870503.107145144,0,0,1.16
1776870503.107145144,1,0,0.01
1776870503.107145144,2,0,0.01
1776870503.107145144,3,0,0.01
1776870504.140090481,0,0,1.16
1776870504.140090481,1,0,0.01
1776870504.140090481,2,0,0.01
1776870504.140090481,3,0,0.01
1776870505.174012868,0,0,1.16
1776870505.174012868,1,0,0.01
1776870505.174012868,2,0,0.01
1776870505.174012868,3,0,0.01
1776870506.206878216,0,0,1.16
1776870506.206878216,1,0,0.01
1776870506.206878216,2,0,0.01
1776870506.206878216,3,0,0.01
1776870507.240541038,0,0,1.16
1776870507.240541038,1,0,0.01
1776870507.240541038,2,0,0.01
1776870507.240541038,3,0,0.01
1776870508.275060081,0,0,1.16
1776870508.275060081,1,0,0.01
1776870508.275060081,2,0,0.01
1776870508.275060081,3,0,0.01
1776870509.307803381,0,0,1.16
1776870509.307803381,1,0,0.01
1776870509.307803381,2,0,0.01
1776870509.307803381,3,0,0.01
1776870510.342337217,0,0,1.15
1776870510.342337217,1,0,0.00
1776870510.342337217,2,0,0.00
1776870510.342337217,3,0,0.00
