timestamp,idx,gpu_util_pct,mem_used_pct
1776869930.853042919,0,0,0.00
1776869930.853042919,1,0,0.00
1776869930.853042919,2,0,0.00
1776869930.853042919,3,0,0.00
1776869931.888511240,0,0,0.00
1776869931.888511240,1,0,0.00
1776869931.888511240,2,0,0.00
1776869931.888511240,3,0,0.00
1776869932.923849450,0,0,0.00
1776869932.923849450,1,0,0.00
1776869932.923849450,2,0,0.00
1776869932.923849450,3,0,0.00
1776869933.958090586,0,0,0.00
1776869933.958090586,1,0,0.00
1776869933.958090586,2,0,0.00
1776869933.958090586,3,0,0.00
1776869934.993704397,0,0,0.00
1776869934.993704397,1,0,0.00
1776869934.993704397,2,0,0.00
1776869934.993704397,3,0,0.00
1776869936.028575444,0,0,0.00
1776869936.028575444,1,0,0.00
1776869936.028575444,2,0,0.00
1776869936.028575444,3,0,0.00
1776869937.062111183,0,0,0.00
1776869937.062111183,1,0,0.00
1776869937.062111183,2,0,0.00
1776869937.062111183,3,0,0.00
1776869938.096598791,0,0,0.00
1776869938.096598791,1,0,0.00
1776869938.096598791,2,0,0.00
1776869938.096598791,3,0,0.00
1776869939.130765945,0,0,0.00
1776869939.130765945,1,0,0.00
1776869939.130765945,2,0,0.00
1776869939.130765945,3,0,0.00
1776869940.164903365,0,0,0.09
1776869940.164903365,1,0,0.01
1776869940.164903365,2,0,0.01
1776869940.164903365,3,0,0.01
1776869941.198648419,0,0,0.96
1776869941.198648419,1,0,0.01
1776869941.198648419,2,0,0.01
1776869941.198648419,3,0,0.01
1776869942.231591082,0,0,0.96
1776869942.231591082,1,0,0.01
1776869942.231591082,2,0,0.01
1776869942.231591082,3,0,0.01
1776869943.265216182,0,0,0.96
1776869943.265216182,1,0,0.01
1776869943.265216182,2,0,0.01
1776869943.265216182,3,0,0.01
1776869944.299112154,0,0,0.96
1776869944.299112154,1,0,0.01
1776869944.299112154,2,0,0.01
1776869944.299112154,3,0,0.01
1776869945.333499897,0,0,0.96
1776869945.333499897,1,0,0.01
1776869945.333499897,2,0,0.01
1776869945.333499897,3,0,0.01
1776869946.367041020,0,0,0.96
1776869946.367041020,1,0,0.01
1776869946.367041020,2,0,0.01
1776869946.367041020,3,0,0.01
1776869947.400232659,0,0,0.96
1776869947.400232659,1,0,0.01
1776869947.400232659,2,0,0.01
1776869947.400232659,3,0,0.01
1776869948.434580682,0,0,1.15
1776869948.434580682,1,0,0.01
1776869948.434580682,2,0,0.01
1776869948.434580682,3,0,0.01
1776869949.469054093,0,0,1.22
1776869949.469054093,1,0,0.01
1776869949.469054093,2,0,0.01
1776869949.469054093,3,0,0.01
1776869950.502497389,0,30,1.22
1776869950.502497389,1,0,0.01
1776869950.502497389,2,0,0.01
1776869950.502497389,3,0,0.01
1776869951.535212125,0,30,1.22
1776869951.535212125,1,0,0.01
1776869951.535212125,2,0,0.01
1776869951.535212125,3,0,0.01
1776869952.568608409,0,30,1.22
1776869952.568608409,1,0,0.01
1776869952.568608409,2,0,0.01
1776869952.568608409,3,0,0.01
1776869953.601470125,0,0,1.22
1776869953.601470125,1,0,0.01
1776869953.601470125,2,0,0.01
1776869953.601470125,3,0,0.01
1776869954.635408513,0,0,1.22
1776869954.635408513,1,0,0.01
1776869954.635408513,2,0,0.01
1776869954.635408513,3,0,0.01
1776869955.668420839,0,0,1.22
1776869955.668420839,1,0,0.01
1776869955.668420839,2,0,0.01
1776869955.668420839,3,0,0.01
1776869956.701352505,0,30,1.22
1776869956.701352505,1,0,0.01
1776869956.701352505,2,0,0.01
1776869956.701352505,3,0,0.01
1776869957.735123131,0,30,1.22
1776869957.735123131,1,0,0.01
1776869957.735123131,2,0,0.01
1776869957.735123131,3,0,0.01
1776869958.769212964,0,30,1.22
1776869958.769212964,1,0,0.01
1776869958.769212964,2,0,0.01
1776869958.769212964,3,0,0.01
1776869959.801622894,0,1,1.22
1776869959.801622894,1,0,0.01
1776869959.801622894,2,0,0.01
1776869959.801622894,3,0,0.01
1776869960.834655335,0,0,1.22
1776869960.834655335,1,0,0.01
1776869960.834655335,2,0,0.01
1776869960.834655335,3,0,0.01
1776869961.867605905,0,0,1.22
1776869961.867605905,1,0,0.01
1776869961.867605905,2,0,0.01
1776869961.867605905,3,0,0.01
1776869962.898985488,0,0,1.22
1776869962.898985488,1,0,0.01
1776869962.898985488,2,0,0.01
1776869962.898985488,3,0,0.01
1776869963.932676757,0,0,1.22
1776869963.932676757,1,0,0.01
1776869963.932676757,2,0,0.01
1776869963.932676757,3,0,0.01
1776869964.966315064,0,0,1.22
1776869964.966315064,1,0,0.01
1776869964.966315064,2,0,0.01
1776869964.966315064,3,0,0.01
1776869965.999729465,0,0,1.22
1776869965.999729465,1,0,0.01
1776869965.999729465,2,0,0.01
1776869965.999729465,3,0,0.01
1776869967.034049468,0,0,1.22
1776869967.034049468,1,0,0.01
1776869967.034049468,2,0,0.01
1776869967.034049468,3,0,0.01
1776869968.067679309,0,30,1.22
1776869968.067679309,1,0,0.01
1776869968.067679309,2,0,0.01
1776869968.067679309,3,0,0.01
1776869969.101069140,0,30,1.22
1776869969.101069140,1,0,0.01
1776869969.101069140,2,0,0.01
1776869969.101069140,3,0,0.01
1776869970.133923280,0,30,1.22
1776869970.133923280,1,0,0.01
1776869970.133923280,2,0,0.01
1776869970.133923280,3,0,0.01
1776869971.168012507,0,0,1.22
1776869971.168012507,1,0,0.01
1776869971.168012507,2,0,0.01
1776869971.168012507,3,0,0.01
1776869972.202305338,0,0,1.22
1776869972.202305338,1,0,0.01
1776869972.202305338,2,0,0.01
1776869972.202305338,3,0,0.01
1776869973.235737835,0,0,1.22
1776869973.235737835,1,0,0.01
1776869973.235737835,2,0,0.01
1776869973.235737835,3,0,0.01
1776869974.270099323,0,0,1.22
1776869974.270099323,1,0,0.01
1776869974.270099323,2,0,0.01
1776869974.270099323,3,0,0.01
1776869975.302914782,0,0,1.22
1776869975.302914782,1,0,0.01
1776869975.302914782,2,0,0.01
1776869975.302914782,3,0,0.01
1776869976.336423423,0,0,1.22
1776869976.336423423,1,0,0.01
1776869976.336423423,2,0,0.01
1776869976.336423423,3,0,0.01
1776869977.370685763,0,31,1.22
1776869977.370685763,1,0,0.01
1776869977.370685763,2,0,0.01
1776869977.370685763,3,0,0.01
1776869978.404821534,0,31,1.22
1776869978.404821534,1,0,0.01
1776869978.404821534,2,0,0.01
1776869978.404821534,3,0,0.01
1776869979.438439691,0,31,1.22
1776869979.438439691,1,0,0.01
1776869979.438439691,2,0,0.01
1776869979.438439691,3,0,0.01
1776869980.471336015,0,0,1.22
1776869980.471336015,1,0,0.01
1776869980.471336015,2,0,0.01
1776869980.471336015,3,0,0.01
1776869981.504277279,0,0,1.22
1776869981.504277279,1,0,0.01
1776869981.504277279,2,0,0.01
1776869981.504277279,3,0,0.01
1776869982.536398638,0,0,1.22
1776869982.536398638,1,0,0.01
1776869982.536398638,2,0,0.01
1776869982.536398638,3,0,0.01
1776869983.570444200,0,0,1.22
1776869983.570444200,1,0,0.01
1776869983.570444200,2,0,0.01
1776869983.570444200,3,0,0.01
1776869984.609348444,0,0,1.22
1776869984.609348444,1,0,0.01
1776869984.609348444,2,0,0.01
1776869984.609348444,3,0,0.01
1776869985.643634790,0,2,1.23
1776869985.643634790,1,0,0.01
1776869985.643634790,2,0,0.01
1776869985.643634790,3,0,0.01
1776869986.677454398,0,33,1.23
1776869986.677454398,1,0,0.01
1776869986.677454398,2,0,0.01
1776869986.677454398,3,0,0.01
1776869987.710405275,0,33,1.23
1776869987.710405275,1,0,0.01
1776869987.710405275,2,0,0.01
1776869987.710405275,3,0,0.01
1776869988.741747023,0,33,1.23
1776869988.741747023,1,0,0.01
1776869988.741747023,2,0,0.01
1776869988.741747023,3,0,0.01
1776869989.774813976,0,0,1.23
1776869989.774813976,1,0,0.01
1776869989.774813976,2,0,0.01
1776869989.774813976,3,0,0.01
1776869990.806697431,0,0,1.23
1776869990.806697431,1,0,0.01
1776869990.806697431,2,0,0.01
1776869990.806697431,3,0,0.01
1776869991.841048617,0,0,1.23
1776869991.841048617,1,0,0.01
1776869991.841048617,2,0,0.01
1776869991.841048617,3,0,0.01
1776869992.874369461,0,0,1.23
1776869992.874369461,1,0,0.01
1776869992.874369461,2,0,0.01
1776869992.874369461,3,0,0.01
1776869993.908140113,0,0,1.23
1776869993.908140113,1,0,0.01
1776869993.908140113,2,0,0.01
1776869993.908140113,3,0,0.01
1776869994.942407759,0,0,1.23
1776869994.942407759,1,0,0.01
1776869994.942407759,2,0,0.01
1776869994.942407759,3,0,0.01
1776869995.976185565,0,0,1.23
1776869995.976185565,1,0,0.01
1776869995.976185565,2,0,0.01
1776869995.976185565,3,0,0.01
1776869997.009488673,0,0,1.23
1776869997.009488673,1,0,0.01
1776869997.009488673,2,0,0.01
1776869997.009488673,3,0,0.01
1776869998.043508652,0,0,1.23
1776869998.043508652,1,0,0.01
1776869998.043508652,2,0,0.01
1776869998.043508652,3,0,0.01
1776869999.077418311,0,0,1.23
1776869999.077418311,1,0,0.01
1776869999.077418311,2,0,0.01
1776869999.077418311,3,0,0.01
1776870000.110528099,0,0,1.23
1776870000.110528099,1,0,0.01
1776870000.110528099,2,0,0.01
1776870000.110528099,3,0,0.01
1776870001.144906994,0,0,1.23
1776870001.144906994,1,0,0.01
1776870001.144906994,2,0,0.01
1776870001.144906994,3,0,0.01
1776870002.178503964,0,0,1.23
1776870002.178503964,1,0,0.01
1776870002.178503964,2,0,0.01
1776870002.178503964,3,0,0.01
1776870003.212586289,0,28,1.23
1776870003.212586289,1,0,0.01
1776870003.212586289,2,0,0.01
1776870003.212586289,3,0,0.01
1776870004.245783567,0,35,1.23
1776870004.245783567,1,0,0.01
1776870004.245783567,2,0,0.01
1776870004.245783567,3,0,0.01
1776870005.278977427,0,31,1.23
1776870005.278977427,1,0,0.01
1776870005.278977427,2,0,0.01
1776870005.278977427,3,0,0.01
1776870006.311848753,0,31,1.23
1776870006.311848753,1,0,0.01
1776870006.311848753,2,0,0.01
1776870006.311848753,3,0,0.01
1776870007.346604316,0,0,1.23
1776870007.346604316,1,0,0.01
1776870007.346604316,2,0,0.01
1776870007.346604316,3,0,0.01
1776870008.380392008,0,0,1.23
1776870008.380392008,1,0,0.01
1776870008.380392008,2,0,0.01
1776870008.380392008,3,0,0.01
1776870009.414030648,0,0,1.23
1776870009.414030648,1,0,0.01
1776870009.414030648,2,0,0.01
1776870009.414030648,3,0,0.01
1776870010.447047898,0,0,1.23
1776870010.447047898,1,0,0.01
1776870010.447047898,2,0,0.01
1776870010.447047898,3,0,0.01
1776870011.480662127,0,31,1.23
1776870011.480662127,1,0,0.01
1776870011.480662127,2,0,0.01
1776870011.480662127,3,0,0.01
1776870012.514678253,0,31,1.23
1776870012.514678253,1,0,0.01
1776870012.514678253,2,0,0.01
1776870012.514678253,3,0,0.01
1776870013.547652921,0,31,1.23
1776870013.547652921,1,0,0.01
1776870013.547652921,2,0,0.01
1776870013.547652921,3,0,0.01
1776870014.581571249,0,31,1.23
1776870014.581571249,1,0,0.01
1776870014.581571249,2,0,0.01
1776870014.581571249,3,0,0.01
1776870015.616724832,0,0,1.23
1776870015.616724832,1,0,0.01
1776870015.616724832,2,0,0.01
1776870015.616724832,3,0,0.01
1776870016.651505786,0,0,1.23
1776870016.651505786,1,0,0.01
1776870016.651505786,2,0,0.01
1776870016.651505786,3,0,0.01
1776870017.684553798,0,0,1.23
1776870017.684553798,1,0,0.01
1776870017.684553798,2,0,0.01
1776870017.684553798,3,0,0.01
1776870018.716093664,0,0,1.23
1776870018.716093664,1,0,0.01
1776870018.716093664,2,0,0.01
1776870018.716093664,3,0,0.01
1776870019.749380423,0,0,1.23
1776870019.749380423,1,0,0.01
1776870019.749380423,2,0,0.01
1776870019.749380423,3,0,0.01
1776870020.783436254,0,0,1.23
1776870020.783436254,1,0,0.01
1776870020.783436254,2,0,0.01
1776870020.783436254,3,0,0.01
1776870021.816875811,0,34,1.23
1776870021.816875811,1,0,0.01
1776870021.816875811,2,0,0.01
1776870021.816875811,3,0,0.01
1776870022.850881761,0,35,1.23
1776870022.850881761,1,0,0.01
1776870022.850881761,2,0,0.01
1776870022.850881761,3,0,0.01
1776870023.884540718,0,34,1.23
1776870023.884540718,1,0,0.01
1776870023.884540718,2,0,0.01
1776870023.884540718,3,0,0.01
1776870024.919098043,0,0,1.23
1776870024.919098043,1,0,0.01
1776870024.919098043,2,0,0.01
1776870024.919098043,3,0,0.01
1776870025.952229114,0,0,1.23
1776870025.952229114,1,0,0.01
1776870025.952229114,2,0,0.01
1776870025.952229114,3,0,0.01
1776870026.985789671,0,0,1.23
1776870026.985789671,1,0,0.01
1776870026.985789671,2,0,0.01
1776870026.985789671,3,0,0.01
1776870028.017451917,0,0,1.23
1776870028.017451917,1,0,0.01
1776870028.017451917,2,0,0.01
1776870028.017451917,3,0,0.01
1776870029.049618977,0,0,1.23
1776870029.049618977,1,0,0.01
1776870029.049618977,2,0,0.01
1776870029.049618977,3,0,0.01
1776870030.082862472,0,8,1.23
1776870030.082862472,1,0,0.01
1776870030.082862472,2,0,0.01
1776870030.082862472,3,0,0.01
1776870031.115070578,0,29,1.23
1776870031.115070578,1,0,0.01
1776870031.115070578,2,0,0.01
1776870031.115070578,3,0,0.01
1776870032.148765249,0,33,1.23
1776870032.148765249,1,0,0.01
1776870032.148765249,2,0,0.01
1776870032.148765249,3,0,0.01
1776870033.181947820,0,33,1.23
1776870033.181947820,1,0,0.01
1776870033.181947820,2,0,0.01
1776870033.181947820,3,0,0.01
1776870034.213602302,0,0,1.23
1776870034.213602302,1,0,0.01
1776870034.213602302,2,0,0.01
1776870034.213602302,3,0,0.01
1776870035.245243476,0,0,1.23
1776870035.245243476,1,0,0.01
1776870035.245243476,2,0,0.01
1776870035.245243476,3,0,0.01
1776870036.277448355,0,0,1.23
1776870036.277448355,1,0,0.01
1776870036.277448355,2,0,0.01
1776870036.277448355,3,0,0.01
1776870037.308966696,0,0,1.23
1776870037.308966696,1,0,0.01
1776870037.308966696,2,0,0.01
1776870037.308966696,3,0,0.01
1776870038.341148168,0,0,1.23
1776870038.341148168,1,0,0.01
1776870038.341148168,2,0,0.01
1776870038.341148168,3,0,0.01
1776870039.375574975,0,0,1.23
1776870039.375574975,1,0,0.01
1776870039.375574975,2,0,0.01
1776870039.375574975,3,0,0.01
1776870040.408640770,0,0,1.23
1776870040.408640770,1,0,0.01
1776870040.408640770,2,0,0.01
1776870040.408640770,3,0,0.01
1776870041.442495947,0,0,1.23
1776870041.442495947,1,0,0.01
1776870041.442495947,2,0,0.01
1776870041.442495947,3,0,0.01
1776870042.477119056,0,0,1.23
1776870042.477119056,1,0,0.01
1776870042.477119056,2,0,0.01
1776870042.477119056,3,0,0.01
1776870043.511744903,0,0,1.23
1776870043.511744903,1,0,0.01
1776870043.511744903,2,0,0.01
1776870043.511744903,3,0,0.01
1776870044.545714976,0,0,1.23
1776870044.545714976,1,0,0.01
1776870044.545714976,2,0,0.01
1776870044.545714976,3,0,0.01
1776870045.577817765,0,35,1.23
1776870045.577817765,1,0,0.01
1776870045.577817765,2,0,0.01
1776870045.577817765,3,0,0.01
1776870046.610953069,0,35,1.23
1776870046.610953069,1,0,0.01
1776870046.610953069,2,0,0.01
1776870046.610953069,3,0,0.01
1776870047.642835349,0,35,1.23
1776870047.642835349,1,0,0.01
1776870047.642835349,2,0,0.01
1776870047.642835349,3,0,0.01
1776870048.676164163,0,2,1.23
1776870048.676164163,1,0,0.01
1776870048.676164163,2,0,0.01
1776870048.676164163,3,0,0.01
1776870049.709566559,0,0,1.23
1776870049.709566559,1,0,0.01
1776870049.709566559,2,0,0.01
1776870049.709566559,3,0,0.01
1776870050.742519117,0,0,1.23
1776870050.742519117,1,0,0.01
1776870050.742519117,2,0,0.01
1776870050.742519117,3,0,0.01
1776870051.776118687,0,0,1.23
1776870051.776118687,1,0,0.01
1776870051.776118687,2,0,0.01
1776870051.776118687,3,0,0.01
1776870052.808958075,0,0,1.23
1776870052.808958075,1,0,0.01
1776870052.808958075,2,0,0.01
1776870052.808958075,3,0,0.01
1776870053.842719876,0,0,1.23
1776870053.842719876,1,0,0.01
1776870053.842719876,2,0,0.01
1776870053.842719876,3,0,0.01
1776870054.875578141,0,34,1.23
1776870054.875578141,1,0,0.01
1776870054.875578141,2,0,0.01
1776870054.875578141,3,0,0.01
1776870055.907154909,0,34,1.23
1776870055.907154909,1,0,0.01
1776870055.907154909,2,0,0.01
1776870055.907154909,3,0,0.01
1776870056.938834911,0,34,1.23
1776870056.938834911,1,0,0.01
1776870056.938834911,2,0,0.01
1776870056.938834911,3,0,0.01
1776870057.973278174,0,0,1.23
1776870057.973278174,1,0,0.01
1776870057.973278174,2,0,0.01
1776870057.973278174,3,0,0.01
1776870059.007238848,0,0,1.23
1776870059.007238848,1,0,0.01
1776870059.007238848,2,0,0.01
1776870059.007238848,3,0,0.01
1776870060.040860076,0,0,1.23
1776870060.040860076,1,0,0.01
1776870060.040860076,2,0,0.01
1776870060.040860076,3,0,0.01
1776870061.073763725,0,0,1.23
1776870061.073763725,1,0,0.01
1776870061.073763725,2,0,0.01
1776870061.073763725,3,0,0.01
1776870062.106998555,0,0,1.23
1776870062.106998555,1,0,0.01
1776870062.106998555,2,0,0.01
1776870062.106998555,3,0,0.01
1776870063.140203280,0,0,1.23
1776870063.140203280,1,0,0.01
1776870063.140203280,2,0,0.01
1776870063.140203280,3,0,0.01
1776870064.174112967,0,0,1.23
1776870064.174112967,1,0,0.01
1776870064.174112967,2,0,0.01
1776870064.174112967,3,0,0.01
1776870065.208250160,0,16,1.23
1776870065.208250160,1,0,0.01
1776870065.208250160,2,0,0.01
1776870065.208250160,3,0,0.01
1776870066.240373808,0,36,1.23
1776870066.240373808,1,0,0.01
1776870066.240373808,2,0,0.01
1776870066.240373808,3,0,0.01
1776870067.273396555,0,36,1.23
1776870067.273396555,1,0,0.01
1776870067.273396555,2,0,0.01
1776870067.273396555,3,0,0.01
1776870068.305173761,0,36,1.23
1776870068.305173761,1,0,0.01
1776870068.305173761,2,0,0.01
1776870068.305173761,3,0,0.01
1776870069.339143581,0,0,1.23
1776870069.339143581,1,0,0.01
1776870069.339143581,2,0,0.01
1776870069.339143581,3,0,0.01
1776870070.372343069,0,0,1.23
1776870070.372343069,1,0,0.01
1776870070.372343069,2,0,0.01
1776870070.372343069,3,0,0.01
1776870071.405884537,0,0,1.23
1776870071.405884537,1,0,0.01
1776870071.405884537,2,0,0.01
1776870071.405884537,3,0,0.01
1776870072.439535948,0,0,1.23
1776870072.439535948,1,0,0.01
1776870072.439535948,2,0,0.01
1776870072.439535948,3,0,0.01
1776870073.471453785,0,0,1.23
1776870073.471453785,1,0,0.01
1776870073.471453785,2,0,0.01
1776870073.471453785,3,0,0.01
1776870074.505117048,0,0,1.23
1776870074.505117048,1,0,0.01
1776870074.505117048,2,0,0.01
1776870074.505117048,3,0,0.01
1776870075.538360215,0,0,1.23
1776870075.538360215,1,0,0.01
1776870075.538360215,2,0,0.01
1776870075.538360215,3,0,0.01
1776870076.571706866,0,0,1.23
1776870076.571706866,1,0,0.01
1776870076.571706866,2,0,0.01
1776870076.571706866,3,0,0.01
1776870077.605585173,0,31,1.23
1776870077.605585173,1,0,0.01
1776870077.605585173,2,0,0.01
1776870077.605585173,3,0,0.01
1776870078.638421260,0,31,1.23
1776870078.638421260,1,0,0.01
1776870078.638421260,2,0,0.01
1776870078.638421260,3,0,0.01
1776870079.671819710,0,31,1.23
1776870079.671819710,1,0,0.01
1776870079.671819710,2,0,0.01
1776870079.671819710,3,0,0.01
1776870080.706334154,0,19,1.23
1776870080.706334154,1,0,0.01
1776870080.706334154,2,0,0.01
1776870080.706334154,3,0,0.01
1776870081.740949892,0,0,1.23
1776870081.740949892,1,0,0.01
1776870081.740949892,2,0,0.01
1776870081.740949892,3,0,0.01
1776870082.775319312,0,0,1.23
1776870082.775319312,1,0,0.01
1776870082.775319312,2,0,0.01
1776870082.775319312,3,0,0.01
1776870083.809448164,0,0,1.23
1776870083.809448164,1,0,0.01
1776870083.809448164,2,0,0.01
1776870083.809448164,3,0,0.01
1776870084.842953477,0,0,1.23
1776870084.842953477,1,0,0.01
1776870084.842953477,2,0,0.01
1776870084.842953477,3,0,0.01
1776870085.876401126,0,35,1.23
1776870085.876401126,1,0,0.01
1776870085.876401126,2,0,0.01
1776870085.876401126,3,0,0.01
1776870086.910950871,0,35,1.23
1776870086.910950871,1,0,0.01
1776870086.910950871,2,0,0.01
1776870086.910950871,3,0,0.01
1776870087.944531468,0,35,1.23
1776870087.944531468,1,0,0.01
1776870087.944531468,2,0,0.01
1776870087.944531468,3,0,0.01
1776870088.978923945,0,26,1.23
1776870088.978923945,1,0,0.01
1776870088.978923945,2,0,0.01
1776870088.978923945,3,0,0.01
1776870090.012800090,0,0,1.23
1776870090.012800090,1,0,0.01
1776870090.012800090,2,0,0.01
1776870090.012800090,3,0,0.01
1776870091.047897206,0,0,1.23
1776870091.047897206,1,0,0.01
1776870091.047897206,2,0,0.01
1776870091.047897206,3,0,0.01
1776870092.081795746,0,0,1.23
1776870092.081795746,1,0,0.01
1776870092.081795746,2,0,0.01
1776870092.081795746,3,0,0.01
1776870093.116223220,0,0,1.23
1776870093.116223220,1,0,0.01
1776870093.116223220,2,0,0.01
1776870093.116223220,3,0,0.01
1776870094.149353689,0,0,1.23
1776870094.149353689,1,0,0.01
1776870094.149353689,2,0,0.01
1776870094.149353689,3,0,0.01
1776870095.183389531,0,35,1.23
1776870095.183389531,1,0,0.01
1776870095.183389531,2,0,0.01
1776870095.183389531,3,0,0.01
1776870096.216340146,0,35,1.23
1776870096.216340146,1,0,0.01
1776870096.216340146,2,0,0.01
1776870096.216340146,3,0,0.01
1776870097.249734357,0,34,1.23
1776870097.249734357,1,0,0.01
1776870097.249734357,2,0,0.01
1776870097.249734357,3,0,0.01
1776870098.281726246,0,0,1.23
1776870098.281726246,1,0,0.01
1776870098.281726246,2,0,0.01
1776870098.281726246,3,0,0.01
1776870099.313900304,0,0,1.23
1776870099.313900304,1,0,0.01
1776870099.313900304,2,0,0.01
1776870099.313900304,3,0,0.01
1776870100.347686679,0,3,1.23
1776870100.347686679,1,0,0.01
1776870100.347686679,2,0,0.01
1776870100.347686679,3,0,0.01
1776870101.380617629,0,34,1.23
1776870101.380617629,1,0,0.01
1776870101.380617629,2,0,0.01
1776870101.380617629,3,0,0.01
1776870102.414196556,0,34,1.23
1776870102.414196556,1,0,0.01
1776870102.414196556,2,0,0.01
1776870102.414196556,3,0,0.01
1776870103.448051021,0,34,1.23
1776870103.448051021,1,0,0.01
1776870103.448051021,2,0,0.01
1776870103.448051021,3,0,0.01
1776870104.483032557,0,0,1.23
1776870104.483032557,1,0,0.01
1776870104.483032557,2,0,0.01
1776870104.483032557,3,0,0.01
1776870105.517755502,0,0,1.23
1776870105.517755502,1,0,0.01
1776870105.517755502,2,0,0.01
1776870105.517755502,3,0,0.01
1776870106.551985645,0,0,1.23
1776870106.551985645,1,0,0.01
1776870106.551985645,2,0,0.01
1776870106.551985645,3,0,0.01
1776870107.586370523,0,0,1.23
1776870107.586370523,1,0,0.01
1776870107.586370523,2,0,0.01
1776870107.586370523,3,0,0.01
1776870108.620767655,0,0,1.23
1776870108.620767655,1,0,0.01
1776870108.620767655,2,0,0.01
1776870108.620767655,3,0,0.01
1776870109.654234594,0,36,1.23
1776870109.654234594,1,0,0.01
1776870109.654234594,2,0,0.01
1776870109.654234594,3,0,0.01
1776870110.687742879,0,36,1.23
1776870110.687742879,1,0,0.01
1776870110.687742879,2,0,0.01
1776870110.687742879,3,0,0.01
1776870111.722078761,0,36,1.23
1776870111.722078761,1,0,0.01
1776870111.722078761,2,0,0.01
1776870111.722078761,3,0,0.01
1776870112.755904875,0,0,1.23
1776870112.755904875,1,0,0.01
1776870112.755904875,2,0,0.01
1776870112.755904875,3,0,0.01
1776870113.788335688,0,0,1.23
1776870113.788335688,1,0,0.01
1776870113.788335688,2,0,0.01
1776870113.788335688,3,0,0.01
1776870114.821943585,0,36,1.23
1776870114.821943585,1,0,0.01
1776870114.821943585,2,0,0.01
1776870114.821943585,3,0,0.01
1776870115.856080599,0,32,1.23
1776870115.856080599,1,0,0.01
1776870115.856080599,2,0,0.01
1776870115.856080599,3,0,0.01
1776870116.889370894,0,31,1.23
1776870116.889370894,1,0,0.01
1776870116.889370894,2,0,0.01
1776870116.889370894,3,0,0.01
1776870117.922297420,0,30,1.23
1776870117.922297420,1,0,0.01
1776870117.922297420,2,0,0.01
1776870117.922297420,3,0,0.01
1776870118.956274759,0,0,1.23
1776870118.956274759,1,0,0.01
1776870118.956274759,2,0,0.01
1776870118.956274759,3,0,0.01
1776870119.989994956,0,0,1.23
1776870119.989994956,1,0,0.01
1776870119.989994956,2,0,0.01
1776870119.989994956,3,0,0.01
1776870121.024292140,0,0,1.23
1776870121.024292140,1,0,0.01
1776870121.024292140,2,0,0.01
1776870121.024292140,3,0,0.01
1776870122.058577238,0,0,1.23
1776870122.058577238,1,0,0.01
1776870122.058577238,2,0,0.01
1776870122.058577238,3,0,0.01
1776870123.092176379,0,0,1.23
1776870123.092176379,1,0,0.01
1776870123.092176379,2,0,0.01
1776870123.092176379,3,0,0.01
1776870124.126151573,0,0,1.23
1776870124.126151573,1,0,0.01
1776870124.126151573,2,0,0.01
1776870124.126151573,3,0,0.01
1776870125.160508266,0,35,1.23
1776870125.160508266,1,0,0.01
1776870125.160508266,2,0,0.01
1776870125.160508266,3,0,0.01
1776870126.193361415,0,35,1.23
1776870126.193361415,1,0,0.01
1776870126.193361415,2,0,0.01
1776870126.193361415,3,0,0.01
1776870127.226361703,0,37,1.23
1776870127.226361703,1,0,0.01
1776870127.226361703,2,0,0.01
1776870127.226361703,3,0,0.01
1776870128.257837471,0,0,1.23
1776870128.257837471,1,0,0.01
1776870128.257837471,2,0,0.01
1776870128.257837471,3,0,0.01
1776870129.289280074,0,0,1.23
1776870129.289280074,1,0,0.01
1776870129.289280074,2,0,0.01
1776870129.289280074,3,0,0.01
1776870130.322446402,0,0,1.23
1776870130.322446402,1,0,0.01
1776870130.322446402,2,0,0.01
1776870130.322446402,3,0,0.01
1776870131.355211244,0,0,1.23
1776870131.355211244,1,0,0.01
1776870131.355211244,2,0,0.01
1776870131.355211244,3,0,0.01
1776870132.386996578,0,0,1.23
1776870132.386996578,1,0,0.01
1776870132.386996578,2,0,0.01
1776870132.386996578,3,0,0.01
1776870133.419442409,0,0,1.23
1776870133.419442409,1,0,0.01
1776870133.419442409,2,0,0.01
1776870133.419442409,3,0,0.01
1776870134.451548610,0,35,1.23
1776870134.451548610,1,0,0.01
1776870134.451548610,2,0,0.01
1776870134.451548610,3,0,0.01
1776870135.485020737,0,35,1.23
1776870135.485020737,1,0,0.01
1776870135.485020737,2,0,0.01
1776870135.485020737,3,0,0.01
1776870136.517636096,0,32,1.23
1776870136.517636096,1,0,0.01
1776870136.517636096,2,0,0.01
1776870136.517636096,3,0,0.01
1776870137.551376227,0,0,1.23
1776870137.551376227,1,0,0.01
1776870137.551376227,2,0,0.01
1776870137.551376227,3,0,0.01
1776870138.584407147,0,0,1.23
1776870138.584407147,1,0,0.01
1776870138.584407147,2,0,0.01
1776870138.584407147,3,0,0.01
1776870139.616837082,0,0,1.23
1776870139.616837082,1,0,0.01
1776870139.616837082,2,0,0.01
1776870139.616837082,3,0,0.01
1776870140.651117831,0,0,1.23
1776870140.651117831,1,0,0.01
1776870140.651117831,2,0,0.01
1776870140.651117831,3,0,0.01
1776870141.684891931,0,0,1.23
1776870141.684891931,1,0,0.01
1776870141.684891931,2,0,0.01
1776870141.684891931,3,0,0.01
1776870142.718493443,0,0,1.23
1776870142.718493443,1,0,0.01
1776870142.718493443,2,0,0.01
1776870142.718493443,3,0,0.01
1776870143.751538033,0,0,1.23
1776870143.751538033,1,0,0.01
1776870143.751538033,2,0,0.01
1776870143.751538033,3,0,0.01
1776870144.784609061,0,30,1.23
1776870144.784609061,1,0,0.01
1776870144.784609061,2,0,0.01
1776870144.784609061,3,0,0.01
1776870145.817449063,0,30,1.23
1776870145.817449063,1,0,0.01
1776870145.817449063,2,0,0.01
1776870145.817449063,3,0,0.01
1776870146.850528392,0,30,1.23
1776870146.850528392,1,0,0.01
1776870146.850528392,2,0,0.01
1776870146.850528392,3,0,0.01
1776870147.885148567,0,30,1.23
1776870147.885148567,1,0,0.01
1776870147.885148567,2,0,0.01
1776870147.885148567,3,0,0.01
1776870148.918365358,0,0,1.23
1776870148.918365358,1,0,0.01
1776870148.918365358,2,0,0.01
1776870148.918365358,3,0,0.01
1776870149.951659051,0,0,1.23
1776870149.951659051,1,0,0.01
1776870149.951659051,2,0,0.01
1776870149.951659051,3,0,0.01
1776870150.985631153,0,0,1.23
1776870150.985631153,1,0,0.01
1776870150.985631153,2,0,0.01
1776870150.985631153,3,0,0.01
1776870152.018921842,0,0,1.23
1776870152.018921842,1,0,0.01
1776870152.018921842,2,0,0.01
1776870152.018921842,3,0,0.01
1776870153.052345528,0,9,1.23
1776870153.052345528,1,0,0.01
1776870153.052345528,2,0,0.01
1776870153.052345528,3,0,0.01
1776870154.084161489,0,32,1.23
1776870154.084161489,1,0,0.01
1776870154.084161489,2,0,0.01
1776870154.084161489,3,0,0.01
1776870155.116036061,0,36,1.23
1776870155.116036061,1,0,0.01
1776870155.116036061,2,0,0.01
1776870155.116036061,3,0,0.01
1776870156.148391139,0,36,1.23
1776870156.148391139,1,0,0.01
1776870156.148391139,2,0,0.01
1776870156.148391139,3,0,0.01
1776870157.182277643,0,0,1.23
1776870157.182277643,1,0,0.01
1776870157.182277643,2,0,0.01
1776870157.182277643,3,0,0.01
1776870158.214438742,0,0,1.23
1776870158.214438742,1,0,0.01
1776870158.214438742,2,0,0.01
1776870158.214438742,3,0,0.01
1776870159.247126434,0,0,1.23
1776870159.247126434,1,0,0.01
1776870159.247126434,2,0,0.01
1776870159.247126434,3,0,0.01
1776870160.278122626,0,0,1.23
1776870160.278122626,1,0,0.01
1776870160.278122626,2,0,0.01
1776870160.278122626,3,0,0.01
1776870161.312514457,0,0,1.23
1776870161.312514457,1,0,0.01
1776870161.312514457,2,0,0.01
1776870161.312514457,3,0,0.01
1776870162.346329681,0,37,1.23
1776870162.346329681,1,0,0.01
1776870162.346329681,2,0,0.01
1776870162.346329681,3,0,0.01
1776870163.381119464,0,36,1.23
1776870163.381119464,1,0,0.01
1776870163.381119464,2,0,0.01
1776870163.381119464,3,0,0.01
1776870164.414975122,0,36,1.23
1776870164.414975122,1,0,0.01
1776870164.414975122,2,0,0.01
1776870164.414975122,3,0,0.01
1776870165.448541526,0,0,1.23
1776870165.448541526,1,0,0.01
1776870165.448541526,2,0,0.01
1776870165.448541526,3,0,0.01
1776870166.481592224,0,0,1.23
1776870166.481592224,1,0,0.01
1776870166.481592224,2,0,0.01
1776870166.481592224,3,0,0.01
1776870167.515379280,0,0,1.23
1776870167.515379280,1,0,0.01
1776870167.515379280,2,0,0.01
1776870167.515379280,3,0,0.01
1776870168.549280267,0,0,1.23
1776870168.549280267,1,0,0.01
1776870168.549280267,2,0,0.01
1776870168.549280267,3,0,0.01
1776870169.583277130,0,0,1.23
1776870169.583277130,1,0,0.01
1776870169.583277130,2,0,0.01
1776870169.583277130,3,0,0.01
1776870170.615720496,0,0,1.23
1776870170.615720496,1,0,0.01
1776870170.615720496,2,0,0.01
1776870170.615720496,3,0,0.01
1776870171.649641707,0,0,1.23
1776870171.649641707,1,0,0.01
1776870171.649641707,2,0,0.01
1776870171.649641707,3,0,0.01
1776870172.681394336,0,0,1.23
1776870172.681394336,1,0,0.01
1776870172.681394336,2,0,0.01
1776870172.681394336,3,0,0.01
1776870173.713647251,0,0,1.23
1776870173.713647251,1,0,0.01
1776870173.713647251,2,0,0.01
1776870173.713647251,3,0,0.01
1776870174.746355224,0,0,1.23
1776870174.746355224,1,0,0.01
1776870174.746355224,2,0,0.01
1776870174.746355224,3,0,0.01
1776870175.778838975,0,4,1.23
1776870175.778838975,1,0,0.01
1776870175.778838975,2,0,0.01
1776870175.778838975,3,0,0.01
1776870176.812674669,0,36,1.23
1776870176.812674669,1,0,0.01
1776870176.812674669,2,0,0.01
1776870176.812674669,3,0,0.01
1776870177.846325231,0,36,1.23
1776870177.846325231,1,0,0.01
1776870177.846325231,2,0,0.01
1776870177.846325231,3,0,0.01
1776870178.880481319,0,32,1.23
1776870178.880481319,1,0,0.01
1776870178.880481319,2,0,0.01
1776870178.880481319,3,0,0.01
1776870179.913557500,0,0,1.23
1776870179.913557500,1,0,0.01
1776870179.913557500,2,0,0.01
1776870179.913557500,3,0,0.01
1776870180.947720949,0,0,1.23
1776870180.947720949,1,0,0.01
1776870180.947720949,2,0,0.01
1776870180.947720949,3,0,0.01
1776870181.981418909,0,0,1.23
1776870181.981418909,1,0,0.01
1776870181.981418909,2,0,0.01
1776870181.981418909,3,0,0.01
1776870183.013502826,0,0,1.23
1776870183.013502826,1,0,0.01
1776870183.013502826,2,0,0.01
1776870183.013502826,3,0,0.01
1776870184.047504646,0,33,1.23
1776870184.047504646,1,0,0.01
1776870184.047504646,2,0,0.01
1776870184.047504646,3,0,0.01
1776870185.081630341,0,34,1.23
1776870185.081630341,1,0,0.01
1776870185.081630341,2,0,0.01
1776870185.081630341,3,0,0.01
1776870186.115148344,0,34,1.23
1776870186.115148344,1,0,0.01
1776870186.115148344,2,0,0.01
1776870186.115148344,3,0,0.01
1776870187.149739408,0,36,1.23
1776870187.149739408,1,0,0.01
1776870187.149739408,2,0,0.01
1776870187.149739408,3,0,0.01
1776870188.182633806,0,0,1.23
1776870188.182633806,1,0,0.01
1776870188.182633806,2,0,0.01
1776870188.182633806,3,0,0.01
1776870189.217547877,0,34,1.23
1776870189.217547877,1,0,0.01
1776870189.217547877,2,0,0.01
1776870189.217547877,3,0,0.01
1776870190.251634476,0,34,1.23
1776870190.251634476,1,0,0.01
1776870190.251634476,2,0,0.01
1776870190.251634476,3,0,0.01
1776870191.286528600,0,34,1.23
1776870191.286528600,1,0,0.01
1776870191.286528600,2,0,0.01
1776870191.286528600,3,0,0.01
1776870192.319767875,0,34,1.23
1776870192.319767875,1,0,0.01
1776870192.319767875,2,0,0.01
1776870192.319767875,3,0,0.01
1776870193.353635914,0,0,1.23
1776870193.353635914,1,0,0.01
1776870193.353635914,2,0,0.01
1776870193.353635914,3,0,0.01
1776870194.386728826,0,0,1.23
1776870194.386728826,1,0,0.01
1776870194.386728826,2,0,0.01
1776870194.386728826,3,0,0.01
1776870195.419301169,0,0,1.23
1776870195.419301169,1,0,0.01
1776870195.419301169,2,0,0.01
1776870195.419301169,3,0,0.01
1776870196.453554092,0,0,1.23
1776870196.453554092,1,0,0.01
1776870196.453554092,2,0,0.01
1776870196.453554092,3,0,0.01
1776870197.487312844,0,0,1.23
1776870197.487312844,1,0,0.01
1776870197.487312844,2,0,0.01
1776870197.487312844,3,0,0.01
1776870198.520462553,0,0,1.23
1776870198.520462553,1,0,0.01
1776870198.520462553,2,0,0.01
1776870198.520462553,3,0,0.01
1776870199.553741275,0,24,1.23
1776870199.553741275,1,0,0.01
1776870199.553741275,2,0,0.01
1776870199.553741275,3,0,0.01
1776870200.587906143,0,32,1.23
1776870200.587906143,1,0,0.01
1776870200.587906143,2,0,0.01
1776870200.587906143,3,0,0.01
1776870201.620710898,0,32,1.23
1776870201.620710898,1,0,0.01
1776870201.620710898,2,0,0.01
1776870201.620710898,3,0,0.01
1776870202.653672919,0,32,1.23
1776870202.653672919,1,0,0.01
1776870202.653672919,2,0,0.01
1776870202.653672919,3,0,0.01
1776870203.686821273,0,0,1.23
1776870203.686821273,1,0,0.01
1776870203.686821273,2,0,0.01
1776870203.686821273,3,0,0.01
1776870204.719133879,0,0,1.23
1776870204.719133879,1,0,0.01
1776870204.719133879,2,0,0.01
1776870204.719133879,3,0,0.01
1776870205.750956932,0,32,1.23
1776870205.750956932,1,0,0.01
1776870205.750956932,2,0,0.01
1776870205.750956932,3,0,0.01
1776870206.784639220,0,32,1.23
1776870206.784639220,1,0,0.01
1776870206.784639220,2,0,0.01
1776870206.784639220,3,0,0.01
1776870207.816725557,0,32,1.23
1776870207.816725557,1,0,0.01
1776870207.816725557,2,0,0.01
1776870207.816725557,3,0,0.01
1776870208.850017795,0,32,1.23
1776870208.850017795,1,0,0.01
1776870208.850017795,2,0,0.01
1776870208.850017795,3,0,0.01
1776870209.884295899,0,0,1.23
1776870209.884295899,1,0,0.01
1776870209.884295899,2,0,0.01
1776870209.884295899,3,0,0.01
1776870210.919319720,0,0,1.23
1776870210.919319720,1,0,0.01
1776870210.919319720,2,0,0.01
1776870210.919319720,3,0,0.01
1776870211.952686929,0,0,1.23
1776870211.952686929,1,0,0.01
1776870211.952686929,2,0,0.01
1776870211.952686929,3,0,0.01
1776870212.985606960,0,0,1.23
1776870212.985606960,1,0,0.01
1776870212.985606960,2,0,0.01
1776870212.985606960,3,0,0.01
1776870214.019497561,0,0,1.23
1776870214.019497561,1,0,0.01
1776870214.019497561,2,0,0.01
1776870214.019497561,3,0,0.01
1776870215.051859733,0,0,1.23
1776870215.051859733,1,0,0.01
1776870215.051859733,2,0,0.01
1776870215.051859733,3,0,0.01
1776870216.085281324,0,0,1.23
1776870216.085281324,1,0,0.01
1776870216.085281324,2,0,0.01
1776870216.085281324,3,0,0.01
1776870217.118925343,0,31,1.23
1776870217.118925343,1,0,0.01
1776870217.118925343,2,0,0.01
1776870217.118925343,3,0,0.01
1776870218.152522791,0,31,1.23
1776870218.152522791,1,0,0.01
1776870218.152522791,2,0,0.01
1776870218.152522791,3,0,0.01
1776870219.186488459,0,31,1.23
1776870219.186488459,1,0,0.01
1776870219.186488459,2,0,0.01
1776870219.186488459,3,0,0.01
1776870220.219801135,0,31,1.23
1776870220.219801135,1,0,0.01
1776870220.219801135,2,0,0.01
1776870220.219801135,3,0,0.01
1776870221.252591302,0,0,1.23
1776870221.252591302,1,0,0.01
1776870221.252591302,2,0,0.01
1776870221.252591302,3,0,0.01
1776870222.286654470,0,0,1.23
1776870222.286654470,1,0,0.01
1776870222.286654470,2,0,0.01
1776870222.286654470,3,0,0.01
1776870223.320724017,0,0,1.23
1776870223.320724017,1,0,0.01
1776870223.320724017,2,0,0.01
1776870223.320724017,3,0,0.01
1776870224.355446059,0,5,1.23
1776870224.355446059,1,0,0.01
1776870224.355446059,2,0,0.01
1776870224.355446059,3,0,0.01
1776870225.388906554,0,33,1.23
1776870225.388906554,1,0,0.01
1776870225.388906554,2,0,0.01
1776870225.388906554,3,0,0.01
1776870226.422423800,0,33,1.23
1776870226.422423800,1,0,0.01
1776870226.422423800,2,0,0.01
1776870226.422423800,3,0,0.01
1776870227.455506953,0,33,1.23
1776870227.455506953,1,0,0.01
1776870227.455506953,2,0,0.01
1776870227.455506953,3,0,0.01
1776870228.487256134,0,7,1.23
1776870228.487256134,1,0,0.01
1776870228.487256134,2,0,0.01
1776870228.487256134,3,0,0.01
1776870229.520277166,0,0,1.23
1776870229.520277166,1,0,0.01
1776870229.520277166,2,0,0.01
1776870229.520277166,3,0,0.01
1776870230.554652166,0,0,1.23
1776870230.554652166,1,0,0.01
1776870230.554652166,2,0,0.01
1776870230.554652166,3,0,0.01
1776870231.588688090,0,0,1.23
1776870231.588688090,1,0,0.01
1776870231.588688090,2,0,0.01
1776870231.588688090,3,0,0.01
1776870232.623464799,0,6,1.23
1776870232.623464799,1,0,0.01
1776870232.623464799,2,0,0.01
1776870232.623464799,3,0,0.01
1776870233.656972155,0,32,1.23
1776870233.656972155,1,0,0.01
1776870233.656972155,2,0,0.01
1776870233.656972155,3,0,0.01
1776870234.689591115,0,35,1.23
1776870234.689591115,1,0,0.01
1776870234.689591115,2,0,0.01
1776870234.689591115,3,0,0.01
1776870235.723482032,0,31,1.23
1776870235.723482032,1,0,0.01
1776870235.723482032,2,0,0.01
1776870235.723482032,3,0,0.01
1776870236.757155872,0,0,1.23
1776870236.757155872,1,0,0.01
1776870236.757155872,2,0,0.01
1776870236.757155872,3,0,0.01
1776870237.789810070,0,0,1.23
1776870237.789810070,1,0,0.01
1776870237.789810070,2,0,0.01
1776870237.789810070,3,0,0.01
1776870238.821551947,0,0,1.23
1776870238.821551947,1,0,0.01
1776870238.821551947,2,0,0.01
1776870238.821551947,3,0,0.01
1776870239.853916744,0,0,1.23
1776870239.853916744,1,0,0.01
1776870239.853916744,2,0,0.01
1776870239.853916744,3,0,0.01
1776870240.887443071,0,0,1.23
1776870240.887443071,1,0,0.01
1776870240.887443071,2,0,0.01
1776870240.887443071,3,0,0.01
1776870241.920488425,0,0,1.23
1776870241.920488425,1,0,0.01
1776870241.920488425,2,0,0.01
1776870241.920488425,3,0,0.01
1776870242.952633182,0,0,1.23
1776870242.952633182,1,0,0.01
1776870242.952633182,2,0,0.01
1776870242.952633182,3,0,0.01
1776870243.984198293,0,0,1.23
1776870243.984198293,1,0,0.01
1776870243.984198293,2,0,0.01
1776870243.984198293,3,0,0.01
1776870245.015845864,0,0,1.23
1776870245.015845864,1,0,0.01
1776870245.015845864,2,0,0.01
1776870245.015845864,3,0,0.01
1776870246.047927906,0,0,1.23
1776870246.047927906,1,0,0.01
1776870246.047927906,2,0,0.01
1776870246.047927906,3,0,0.01
1776870247.079748658,0,0,1.23
1776870247.079748658,1,0,0.01
1776870247.079748658,2,0,0.01
1776870247.079748658,3,0,0.01
1776870248.111765861,0,0,1.23
1776870248.111765861,1,0,0.01
1776870248.111765861,2,0,0.01
1776870248.111765861,3,0,0.01
1776870249.143530907,0,0,1.23
1776870249.143530907,1,0,0.01
1776870249.143530907,2,0,0.01
1776870249.143530907,3,0,0.01
1776870250.175575101,0,33,1.23
1776870250.175575101,1,0,0.01
1776870250.175575101,2,0,0.01
1776870250.175575101,3,0,0.01
1776870251.207712802,0,36,1.23
1776870251.207712802,1,0,0.01
1776870251.207712802,2,0,0.01
1776870251.207712802,3,0,0.01
1776870252.239411983,0,37,1.23
1776870252.239411983,1,0,0.01
1776870252.239411983,2,0,0.01
1776870252.239411983,3,0,0.01
1776870253.271595261,0,0,1.23
1776870253.271595261,1,0,0.01
1776870253.271595261,2,0,0.01
1776870253.271595261,3,0,0.01
1776870254.303455788,0,0,1.23
1776870254.303455788,1,0,0.01
1776870254.303455788,2,0,0.01
1776870254.303455788,3,0,0.01
1776870255.335872181,0,0,1.23
1776870255.335872181,1,0,0.01
1776870255.335872181,2,0,0.01
1776870255.335872181,3,0,0.01
1776870256.369931704,0,0,1.23
1776870256.369931704,1,0,0.01
1776870256.369931704,2,0,0.01
1776870256.369931704,3,0,0.01
1776870257.403138276,0,9,1.23
1776870257.403138276,1,0,0.01
1776870257.403138276,2,0,0.01
1776870257.403138276,3,0,0.01
1776870258.438628793,0,33,1.23
1776870258.438628793,1,0,0.01
1776870258.438628793,2,0,0.01
1776870258.438628793,3,0,0.01
1776870259.472181563,0,31,1.23
1776870259.472181563,1,0,0.01
1776870259.472181563,2,0,0.01
1776870259.472181563,3,0,0.01
1776870260.505696445,0,31,1.23
1776870260.505696445,1,0,0.01
1776870260.505696445,2,0,0.01
1776870260.505696445,3,0,0.01
1776870261.539599872,0,0,1.23
1776870261.539599872,1,0,0.01
1776870261.539599872,2,0,0.01
1776870261.539599872,3,0,0.01
1776870262.572486199,0,0,1.23
1776870262.572486199,1,0,0.01
1776870262.572486199,2,0,0.01
1776870262.572486199,3,0,0.01
1776870263.606500440,0,0,1.23
1776870263.606500440,1,0,0.01
1776870263.606500440,2,0,0.01
1776870263.606500440,3,0,0.01
1776870264.641451188,0,0,1.23
1776870264.641451188,1,0,0.01
1776870264.641451188,2,0,0.01
1776870264.641451188,3,0,0.01
1776870265.674760952,0,0,1.23
1776870265.674760952,1,0,0.01
1776870265.674760952,2,0,0.01
1776870265.674760952,3,0,0.01
1776870266.706713808,0,35,1.23
1776870266.706713808,1,0,0.01
1776870266.706713808,2,0,0.01
1776870266.706713808,3,0,0.01
1776870267.740604651,0,35,1.23
1776870267.740604651,1,0,0.01
1776870267.740604651,2,0,0.01
1776870267.740604651,3,0,0.01
1776870268.773562224,0,37,1.23
1776870268.773562224,1,0,0.01
1776870268.773562224,2,0,0.01
1776870268.773562224,3,0,0.01
1776870269.806605420,0,0,1.23
1776870269.806605420,1,0,0.01
1776870269.806605420,2,0,0.01
1776870269.806605420,3,0,0.01
1776870270.840272862,0,0,1.23
1776870270.840272862,1,0,0.01
1776870270.840272862,2,0,0.01
1776870270.840272862,3,0,0.01
1776870271.873789158,0,0,1.23
1776870271.873789158,1,0,0.01
1776870271.873789158,2,0,0.01
1776870271.873789158,3,0,0.01
1776870272.907554991,0,0,1.23
1776870272.907554991,1,0,0.01
1776870272.907554991,2,0,0.01
1776870272.907554991,3,0,0.01
1776870273.941774560,0,37,1.23
1776870273.941774560,1,0,0.01
1776870273.941774560,2,0,0.01
1776870273.941774560,3,0,0.01
1776870274.975066670,0,33,1.23
1776870274.975066670,1,0,0.01
1776870274.975066670,2,0,0.01
1776870274.975066670,3,0,0.01
1776870276.008773822,0,33,1.23
1776870276.008773822,1,0,0.01
1776870276.008773822,2,0,0.01
1776870276.008773822,3,0,0.01
1776870277.042018821,0,13,1.23
1776870277.042018821,1,0,0.01
1776870277.042018821,2,0,0.01
1776870277.042018821,3,0,0.01
1776870278.075633017,0,0,1.23
1776870278.075633017,1,0,0.01
1776870278.075633017,2,0,0.01
1776870278.075633017,3,0,0.01
1776870279.109215514,0,0,1.23
1776870279.109215514,1,0,0.01
1776870279.109215514,2,0,0.01
1776870279.109215514,3,0,0.01
1776870280.143785476,0,0,1.23
1776870280.143785476,1,0,0.01
1776870280.143785476,2,0,0.01
1776870280.143785476,3,0,0.01
1776870281.177587781,0,0,1.23
1776870281.177587781,1,0,0.01
1776870281.177587781,2,0,0.01
1776870281.177587781,3,0,0.01
1776870282.211645017,0,0,1.23
1776870282.211645017,1,0,0.01
1776870282.211645017,2,0,0.01
1776870282.211645017,3,0,0.01
1776870283.245674226,0,0,1.23
1776870283.245674226,1,0,0.01
1776870283.245674226,2,0,0.01
1776870283.245674226,3,0,0.01
1776870284.277869878,0,31,1.23
1776870284.277869878,1,0,0.01
1776870284.277869878,2,0,0.01
1776870284.277869878,3,0,0.01
1776870285.309730013,0,35,1.23
1776870285.309730013,1,0,0.01
1776870285.309730013,2,0,0.01
1776870285.309730013,3,0,0.01
1776870286.343100132,0,35,1.23
1776870286.343100132,1,0,0.01
1776870286.343100132,2,0,0.01
1776870286.343100132,3,0,0.01
1776870287.375989013,0,0,1.23
1776870287.375989013,1,0,0.01
1776870287.375989013,2,0,0.01
1776870287.375989013,3,0,0.01
1776870288.409828291,0,0,1.23
1776870288.409828291,1,0,0.01
1776870288.409828291,2,0,0.01
1776870288.409828291,3,0,0.01
1776870289.443562267,0,0,1.23
1776870289.443562267,1,0,0.01
1776870289.443562267,2,0,0.01
1776870289.443562267,3,0,0.01
1776870290.477367180,0,0,1.23
1776870290.477367180,1,0,0.01
1776870290.477367180,2,0,0.01
1776870290.477367180,3,0,0.01
1776870291.510624358,0,33,1.23
1776870291.510624358,1,0,0.01
1776870291.510624358,2,0,0.01
1776870291.510624358,3,0,0.01
1776870292.543387068,0,34,1.23
1776870292.543387068,1,0,0.01
1776870292.543387068,2,0,0.01
1776870292.543387068,3,0,0.01
1776870293.575767294,0,37,1.23
1776870293.575767294,1,0,0.01
1776870293.575767294,2,0,0.01
1776870293.575767294,3,0,0.01
1776870294.607717564,0,27,1.23
1776870294.607717564,1,0,0.01
1776870294.607717564,2,0,0.01
1776870294.607717564,3,0,0.01
1776870295.640797719,0,0,1.23
1776870295.640797719,1,0,0.01
1776870295.640797719,2,0,0.01
1776870295.640797719,3,0,0.01
1776870296.674557696,0,0,1.23
1776870296.674557696,1,0,0.01
1776870296.674557696,2,0,0.01
1776870296.674557696,3,0,0.01
1776870297.707639507,0,0,1.23
1776870297.707639507,1,0,0.01
1776870297.707639507,2,0,0.01
1776870297.707639507,3,0,0.01
1776870298.741323127,0,0,1.23
1776870298.741323127,1,0,0.01
1776870298.741323127,2,0,0.01
1776870298.741323127,3,0,0.01
1776870299.775826514,0,0,1.23
1776870299.775826514,1,0,0.01
1776870299.775826514,2,0,0.01
1776870299.775826514,3,0,0.01
1776870300.809241821,0,0,1.23
1776870300.809241821,1,0,0.01
1776870300.809241821,2,0,0.01
1776870300.809241821,3,0,0.01
1776870301.842587632,0,37,1.23
1776870301.842587632,1,0,0.01
1776870301.842587632,2,0,0.01
1776870301.842587632,3,0,0.01
1776870302.876044592,0,36,1.23
1776870302.876044592,1,0,0.01
1776870302.876044592,2,0,0.01
1776870302.876044592,3,0,0.01
1776870303.908503638,0,32,1.23
1776870303.908503638,1,0,0.01
1776870303.908503638,2,0,0.01
1776870303.908503638,3,0,0.01
1776870304.943011284,0,0,1.23
1776870304.943011284,1,0,0.01
1776870304.943011284,2,0,0.01
1776870304.943011284,3,0,0.01
1776870305.976884906,0,0,1.23
1776870305.976884906,1,0,0.01
1776870305.976884906,2,0,0.01
1776870305.976884906,3,0,0.01
1776870307.011158725,0,0,1.23
1776870307.011158725,1,0,0.01
1776870307.011158725,2,0,0.01
1776870307.011158725,3,0,0.01
1776870308.044795594,0,0,1.23
1776870308.044795594,1,0,0.01
1776870308.044795594,2,0,0.01
1776870308.044795594,3,0,0.01
1776870309.079854827,0,0,1.23
1776870309.079854827,1,0,0.01
1776870309.079854827,2,0,0.01
1776870309.079854827,3,0,0.01
1776870310.114849686,0,31,1.23
1776870310.114849686,1,0,0.01
1776870310.114849686,2,0,0.01
1776870310.114849686,3,0,0.01
1776870311.148617139,0,31,1.23
1776870311.148617139,1,0,0.01
1776870311.148617139,2,0,0.01
1776870311.148617139,3,0,0.01
1776870312.181510992,0,31,1.23
1776870312.181510992,1,0,0.01
1776870312.181510992,2,0,0.01
1776870312.181510992,3,0,0.01
1776870313.215712624,0,33,1.23
1776870313.215712624,1,0,0.01
1776870313.215712624,2,0,0.01
1776870313.215712624,3,0,0.01
1776870314.247664900,0,0,1.23
1776870314.247664900,1,0,0.01
1776870314.247664900,2,0,0.01
1776870314.247664900,3,0,0.01
1776870315.281733558,0,0,1.23
1776870315.281733558,1,0,0.01
1776870315.281733558,2,0,0.01
1776870315.281733558,3,0,0.01
1776870316.315960381,0,0,1.23
1776870316.315960381,1,0,0.01
1776870316.315960381,2,0,0.01
1776870316.315960381,3,0,0.01
1776870317.350998379,0,0,1.23
1776870317.350998379,1,0,0.01
1776870317.350998379,2,0,0.01
1776870317.350998379,3,0,0.01
1776870318.384664040,0,0,1.23
1776870318.384664040,1,0,0.01
1776870318.384664040,2,0,0.01
1776870318.384664040,3,0,0.01
1776870319.417775149,0,0,1.23
1776870319.417775149,1,0,0.01
1776870319.417775149,2,0,0.01
1776870319.417775149,3,0,0.01
1776870320.451767528,0,33,1.23
1776870320.451767528,1,0,0.01
1776870320.451767528,2,0,0.01
1776870320.451767528,3,0,0.01
1776870321.486777968,0,33,1.23
1776870321.486777968,1,0,0.01
1776870321.486777968,2,0,0.01
1776870321.486777968,3,0,0.01
1776870322.520031857,0,33,1.23
1776870322.520031857,1,0,0.01
1776870322.520031857,2,0,0.01
1776870322.520031857,3,0,0.01
1776870323.554869974,0,14,1.23
1776870323.554869974,1,0,0.01
1776870323.554869974,2,0,0.01
1776870323.554869974,3,0,0.01
1776870324.587793168,0,0,1.23
1776870324.587793168,1,0,0.01
1776870324.587793168,2,0,0.01
1776870324.587793168,3,0,0.01
1776870325.621054567,0,0,1.23
1776870325.621054567,1,0,0.01
1776870325.621054567,2,0,0.01
1776870325.621054567,3,0,0.01
1776870326.654945898,0,0,1.23
1776870326.654945898,1,0,0.01
1776870326.654945898,2,0,0.01
1776870326.654945898,3,0,0.01
1776870327.689242298,0,0,1.23
1776870327.689242298,1,0,0.01
1776870327.689242298,2,0,0.01
1776870327.689242298,3,0,0.01
1776870328.722311379,0,31,1.23
1776870328.722311379,1,0,0.01
1776870328.722311379,2,0,0.01
1776870328.722311379,3,0,0.01
1776870329.755294953,0,32,1.23
1776870329.755294953,1,0,0.01
1776870329.755294953,2,0,0.01
1776870329.755294953,3,0,0.01
1776870330.787039348,0,36,1.23
1776870330.787039348,1,0,0.01
1776870330.787039348,2,0,0.01
1776870330.787039348,3,0,0.01
1776870331.821566512,0,36,1.23
1776870331.821566512,1,0,0.01
1776870331.821566512,2,0,0.01
1776870331.821566512,3,0,0.01
1776870332.854701254,0,0,1.23
1776870332.854701254,1,0,0.01
1776870332.854701254,2,0,0.01
1776870332.854701254,3,0,0.01
1776870333.888187601,0,0,1.23
1776870333.888187601,1,0,0.01
1776870333.888187601,2,0,0.01
1776870333.888187601,3,0,0.01
1776870334.923092584,0,0,1.23
1776870334.923092584,1,0,0.01
1776870334.923092584,2,0,0.01
1776870334.923092584,3,0,0.01
1776870335.956253715,0,37,1.23
1776870335.956253715,1,0,0.01
1776870335.956253715,2,0,0.01
1776870335.956253715,3,0,0.01
1776870336.987784588,0,37,1.23
1776870336.987784588,1,0,0.01
1776870336.987784588,2,0,0.01
1776870336.987784588,3,0,0.01
1776870338.022004866,0,37,1.23
1776870338.022004866,1,0,0.01
1776870338.022004866,2,0,0.01
1776870338.022004866,3,0,0.01
1776870339.055179944,0,35,1.23
1776870339.055179944,1,0,0.01
1776870339.055179944,2,0,0.01
1776870339.055179944,3,0,0.01
1776870340.087818394,0,0,1.23
1776870340.087818394,1,0,0.01
1776870340.087818394,2,0,0.01
1776870340.087818394,3,0,0.01
1776870341.121421230,0,0,1.23
1776870341.121421230,1,0,0.01
1776870341.121421230,2,0,0.01
1776870341.121421230,3,0,0.01
1776870342.156338092,0,0,1.23
1776870342.156338092,1,0,0.01
1776870342.156338092,2,0,0.01
1776870342.156338092,3,0,0.01
1776870343.190702849,0,0,1.23
1776870343.190702849,1,0,0.01
1776870343.190702849,2,0,0.01
1776870343.190702849,3,0,0.01
1776870344.223946676,0,0,1.23
1776870344.223946676,1,0,0.01
1776870344.223946676,2,0,0.01
1776870344.223946676,3,0,0.01
1776870345.257157620,0,0,1.23
1776870345.257157620,1,0,0.01
1776870345.257157620,2,0,0.01
1776870345.257157620,3,0,0.01
1776870346.291825582,0,0,1.23
1776870346.291825582,1,0,0.01
1776870346.291825582,2,0,0.01
1776870346.291825582,3,0,0.01
1776870347.324897379,0,0,1.23
1776870347.324897379,1,0,0.01
1776870347.324897379,2,0,0.01
1776870347.324897379,3,0,0.01
1776870348.359625584,0,36,1.23
1776870348.359625584,1,0,0.01
1776870348.359625584,2,0,0.01
1776870348.359625584,3,0,0.01
1776870349.393166945,0,32,1.23
1776870349.393166945,1,0,0.01
1776870349.393166945,2,0,0.01
1776870349.393166945,3,0,0.01
1776870350.427740047,0,35,1.23
1776870350.427740047,1,0,0.01
1776870350.427740047,2,0,0.01
1776870350.427740047,3,0,0.01
1776870351.459740447,0,0,1.23
1776870351.459740447,1,0,0.01
1776870351.459740447,2,0,0.01
1776870351.459740447,3,0,0.01
1776870352.493798747,0,0,1.23
1776870352.493798747,1,0,0.01
1776870352.493798747,2,0,0.01
1776870352.493798747,3,0,0.01
1776870353.527262152,0,0,1.23
1776870353.527262152,1,0,0.01
1776870353.527262152,2,0,0.01
1776870353.527262152,3,0,0.01
1776870354.560896630,0,0,1.23
1776870354.560896630,1,0,0.01
1776870354.560896630,2,0,0.01
1776870354.560896630,3,0,0.01
1776870355.595274989,0,0,1.23
1776870355.595274989,1,0,0.01
1776870355.595274989,2,0,0.01
1776870355.595274989,3,0,0.01
1776870356.628526117,0,0,1.23
1776870356.628526117,1,0,0.01
1776870356.628526117,2,0,0.01
1776870356.628526117,3,0,0.01
1776870357.661847208,0,35,1.23
1776870357.661847208,1,0,0.01
1776870357.661847208,2,0,0.01
1776870357.661847208,3,0,0.01
1776870358.696322483,0,36,1.23
1776870358.696322483,1,0,0.01
1776870358.696322483,2,0,0.01
1776870358.696322483,3,0,0.01
1776870359.730029400,0,37,1.23
1776870359.730029400,1,0,0.01
1776870359.730029400,2,0,0.01
1776870359.730029400,3,0,0.01
1776870360.762864100,0,0,1.23
1776870360.762864100,1,0,0.01
1776870360.762864100,2,0,0.01
1776870360.762864100,3,0,0.01
1776870361.797351096,0,0,1.23
1776870361.797351096,1,0,0.01
1776870361.797351096,2,0,0.01
1776870361.797351096,3,0,0.01
1776870362.830836505,0,0,1.23
1776870362.830836505,1,0,0.01
1776870362.830836505,2,0,0.01
1776870362.830836505,3,0,0.01
1776870363.864844392,0,0,1.23
1776870363.864844392,1,0,0.01
1776870363.864844392,2,0,0.01
1776870363.864844392,3,0,0.01
1776870364.896447033,0,0,1.23
1776870364.896447033,1,0,0.01
1776870364.896447033,2,0,0.01
1776870364.896447033,3,0,0.01
1776870365.930509042,0,0,1.23
1776870365.930509042,1,0,0.01
1776870365.930509042,2,0,0.01
1776870365.930509042,3,0,0.01
1776870366.964036164,0,0,1.23
1776870366.964036164,1,0,0.01
1776870366.964036164,2,0,0.01
1776870366.964036164,3,0,0.01
1776870367.997936198,0,37,1.23
1776870367.997936198,1,0,0.01
1776870367.997936198,2,0,0.01
1776870367.997936198,3,0,0.01
1776870369.031287004,0,36,1.23
1776870369.031287004,1,0,0.01
1776870369.031287004,2,0,0.01
1776870369.031287004,3,0,0.01
1776870370.064069521,0,37,1.23
1776870370.064069521,1,0,0.01
1776870370.064069521,2,0,0.01
1776870370.064069521,3,0,0.01
1776870371.097216855,0,0,1.23
1776870371.097216855,1,0,0.01
1776870371.097216855,2,0,0.01
1776870371.097216855,3,0,0.01
1776870372.130636938,0,0,1.23
1776870372.130636938,1,0,0.01
1776870372.130636938,2,0,0.01
1776870372.130636938,3,0,0.01
1776870373.164803561,0,0,1.23
1776870373.164803561,1,0,0.01
1776870373.164803561,2,0,0.01
1776870373.164803561,3,0,0.01
1776870374.199027756,0,0,1.23
1776870374.199027756,1,0,0.01
1776870374.199027756,2,0,0.01
1776870374.199027756,3,0,0.01
1776870375.232439319,0,0,1.23
1776870375.232439319,1,0,0.01
1776870375.232439319,2,0,0.01
1776870375.232439319,3,0,0.01
1776870376.266612412,0,0,1.23
1776870376.266612412,1,0,0.01
1776870376.266612412,2,0,0.01
1776870376.266612412,3,0,0.01
1776870377.300784339,0,0,1.23
1776870377.300784339,1,0,0.01
1776870377.300784339,2,0,0.01
1776870377.300784339,3,0,0.01
1776870378.333899089,0,31,1.23
1776870378.333899089,1,0,0.01
1776870378.333899089,2,0,0.01
1776870378.333899089,3,0,0.01
1776870379.367599916,0,31,1.23
1776870379.367599916,1,0,0.01
1776870379.367599916,2,0,0.01
1776870379.367599916,3,0,0.01
1776870380.401003490,0,31,1.23
1776870380.401003490,1,0,0.01
1776870380.401003490,2,0,0.01
1776870380.401003490,3,0,0.01
1776870381.433517524,0,33,1.23
1776870381.433517524,1,0,0.01
1776870381.433517524,2,0,0.01
1776870381.433517524,3,0,0.01
1776870382.466259321,0,0,1.23
1776870382.466259321,1,0,0.01
1776870382.466259321,2,0,0.01
1776870382.466259321,3,0,0.01
1776870383.500534216,0,0,1.23
1776870383.500534216,1,0,0.01
1776870383.500534216,2,0,0.01
1776870383.500534216,3,0,0.01
1776870384.532412853,0,0,1.23
1776870384.532412853,1,0,0.01
1776870384.532412853,2,0,0.01
1776870384.532412853,3,0,0.01
1776870385.565569375,0,37,1.23
1776870385.565569375,1,0,0.01
1776870385.565569375,2,0,0.01
1776870385.565569375,3,0,0.01
1776870386.598939980,0,37,1.23
1776870386.598939980,1,0,0.01
1776870386.598939980,2,0,0.01
1776870386.598939980,3,0,0.01
1776870387.631395289,0,37,1.23
1776870387.631395289,1,0,0.01
1776870387.631395289,2,0,0.01
1776870387.631395289,3,0,0.01
1776870388.663238199,0,0,1.23
1776870388.663238199,1,0,0.01
1776870388.663238199,2,0,0.01
1776870388.663238199,3,0,0.01
1776870389.698428967,0,0,1.23
1776870389.698428967,1,0,0.01
1776870389.698428967,2,0,0.01
1776870389.698428967,3,0,0.01
1776870390.732700640,0,0,1.23
1776870390.732700640,1,0,0.01
1776870390.732700640,2,0,0.01
1776870390.732700640,3,0,0.01
1776870391.766577433,0,0,1.23
1776870391.766577433,1,0,0.01
1776870391.766577433,2,0,0.01
1776870391.766577433,3,0,0.01
1776870392.799985571,0,0,1.23
1776870392.799985571,1,0,0.01
1776870392.799985571,2,0,0.01
1776870392.799985571,3,0,0.01
1776870393.832981160,0,37,1.23
1776870393.832981160,1,0,0.01
1776870393.832981160,2,0,0.01
1776870393.832981160,3,0,0.01
1776870394.866179021,0,37,1.23
1776870394.866179021,1,0,0.01
1776870394.866179021,2,0,0.01
1776870394.866179021,3,0,0.01
1776870395.898616720,0,33,1.23
1776870395.898616720,1,0,0.01
1776870395.898616720,2,0,0.01
1776870395.898616720,3,0,0.01
1776870396.932025418,0,33,1.23
1776870396.932025418,1,0,0.01
1776870396.932025418,2,0,0.01
1776870396.932025418,3,0,0.01
1776870397.966166761,0,0,1.23
1776870397.966166761,1,0,0.01
1776870397.966166761,2,0,0.01
1776870397.966166761,3,0,0.01
1776870398.998377629,0,0,1.23
1776870398.998377629,1,0,0.01
1776870398.998377629,2,0,0.01
1776870398.998377629,3,0,0.01
1776870400.031736479,0,0,1.23
1776870400.031736479,1,0,0.01
1776870400.031736479,2,0,0.01
1776870400.031736479,3,0,0.01
1776870401.064913048,0,0,1.23
1776870401.064913048,1,0,0.01
1776870401.064913048,2,0,0.01
1776870401.064913048,3,0,0.01
1776870402.099186573,0,0,1.23
1776870402.099186573,1,0,0.01
1776870402.099186573,2,0,0.01
1776870402.099186573,3,0,0.01
1776870403.132677066,0,0,1.23
1776870403.132677066,1,0,0.01
1776870403.132677066,2,0,0.01
1776870403.132677066,3,0,0.01
1776870404.166153341,0,0,1.23
1776870404.166153341,1,0,0.01
1776870404.166153341,2,0,0.01
1776870404.166153341,3,0,0.01
1776870405.200135507,0,0,1.23
1776870405.200135507,1,0,0.01
1776870405.200135507,2,0,0.01
1776870405.200135507,3,0,0.01
1776870406.234208174,0,0,1.23
1776870406.234208174,1,0,0.01
1776870406.234208174,2,0,0.01
1776870406.234208174,3,0,0.01
1776870407.267621110,0,0,1.23
1776870407.267621110,1,0,0.01
1776870407.267621110,2,0,0.01
1776870407.267621110,3,0,0.01
1776870408.301713000,0,38,1.23
1776870408.301713000,1,0,0.01
1776870408.301713000,2,0,0.01
1776870408.301713000,3,0,0.01
1776870409.333495153,0,34,1.23
1776870409.333495153,1,0,0.01
1776870409.333495153,2,0,0.01
1776870409.333495153,3,0,0.01
1776870410.367741571,0,38,1.23
1776870410.367741571,1,0,0.01
1776870410.367741571,2,0,0.01
1776870410.367741571,3,0,0.01
1776870411.400840693,0,0,1.23
1776870411.400840693,1,0,0.01
1776870411.400840693,2,0,0.01
1776870411.400840693,3,0,0.01
1776870412.434813018,0,0,1.23
1776870412.434813018,1,0,0.01
1776870412.434813018,2,0,0.01
1776870412.434813018,3,0,0.01
1776870413.469248080,0,0,1.23
1776870413.469248080,1,0,0.01
1776870413.469248080,2,0,0.01
1776870413.469248080,3,0,0.01
1776870414.502809232,0,0,1.23
1776870414.502809232,1,0,0.01
1776870414.502809232,2,0,0.01
1776870414.502809232,3,0,0.01
1776870415.536423717,0,0,1.23
1776870415.536423717,1,0,0.01
1776870415.536423717,2,0,0.01
1776870415.536423717,3,0,0.01
1776870416.570479494,0,0,1.23
1776870416.570479494,1,0,0.01
1776870416.570479494,2,0,0.01
1776870416.570479494,3,0,0.01
1776870417.603601590,0,33,1.23
1776870417.603601590,1,0,0.01
1776870417.603601590,2,0,0.01
1776870417.603601590,3,0,0.01
1776870418.638747879,0,37,1.23
1776870418.638747879,1,0,0.01
1776870418.638747879,2,0,0.01
1776870418.638747879,3,0,0.01
1776870419.673044571,0,33,1.23
1776870419.673044571,1,0,0.01
1776870419.673044571,2,0,0.01
1776870419.673044571,3,0,0.01
1776870420.706589468,0,33,1.23
1776870420.706589468,1,0,0.01
1776870420.706589468,2,0,0.01
1776870420.706589468,3,0,0.01
1776870421.739746371,0,0,1.23
1776870421.739746371,1,0,0.01
1776870421.739746371,2,0,0.01
1776870421.739746371,3,0,0.01
1776870422.773642294,0,0,1.23
1776870422.773642294,1,0,0.01
1776870422.773642294,2,0,0.01
1776870422.773642294,3,0,0.01
1776870423.806634344,0,0,1.23
1776870423.806634344,1,0,0.01
1776870423.806634344,2,0,0.01
1776870423.806634344,3,0,0.01
1776870424.839243438,0,0,1.23
1776870424.839243438,1,0,0.01
1776870424.839243438,2,0,0.01
1776870424.839243438,3,0,0.01
1776870425.873738630,0,31,1.23
1776870425.873738630,1,0,0.01
1776870425.873738630,2,0,0.01
1776870425.873738630,3,0,0.01
1776870426.907354457,0,32,1.23
1776870426.907354457,1,0,0.01
1776870426.907354457,2,0,0.01
1776870426.907354457,3,0,0.01
1776870427.940809569,0,36,1.23
1776870427.940809569,1,0,0.01
1776870427.940809569,2,0,0.01
1776870427.940809569,3,0,0.01
1776870428.973384552,0,0,1.23
1776870428.973384552,1,0,0.01
1776870428.973384552,2,0,0.01
1776870428.973384552,3,0,0.01
1776870430.006070469,0,0,1.23
1776870430.006070469,1,0,0.01
1776870430.006070469,2,0,0.01
1776870430.006070469,3,0,0.01
1776870431.038864165,0,0,1.23
1776870431.038864165,1,0,0.01
1776870431.038864165,2,0,0.01
1776870431.038864165,3,0,0.01
1776870432.073193872,0,0,1.23
1776870432.073193872,1,0,0.01
1776870432.073193872,2,0,0.01
1776870432.073193872,3,0,0.01
1776870433.106197598,0,0,1.23
1776870433.106197598,1,0,0.01
1776870433.106197598,2,0,0.01
1776870433.106197598,3,0,0.01
1776870434.139374961,0,0,1.23
1776870434.139374961,1,0,0.01
1776870434.139374961,2,0,0.01
1776870434.139374961,3,0,0.01
1776870435.172733440,0,0,1.23
1776870435.172733440,1,0,0.01
1776870435.172733440,2,0,0.01
1776870435.172733440,3,0,0.01
1776870436.206711171,0,0,1.23
1776870436.206711171,1,0,0.01
1776870436.206711171,2,0,0.01
1776870436.206711171,3,0,0.01
1776870437.241813643,0,37,1.23
1776870437.241813643,1,0,0.01
1776870437.241813643,2,0,0.01
1776870437.241813643,3,0,0.01
1776870438.275395888,0,36,1.23
1776870438.275395888,1,0,0.01
1776870438.275395888,2,0,0.01
1776870438.275395888,3,0,0.01
1776870439.307562514,0,33,1.23
1776870439.307562514,1,0,0.01
1776870439.307562514,2,0,0.01
1776870439.307562514,3,0,0.01
1776870440.340700493,0,37,1.23
1776870440.340700493,1,0,0.01
1776870440.340700493,2,0,0.01
1776870440.340700493,3,0,0.01
1776870441.373760588,0,31,1.23
1776870441.373760588,1,0,0.01
1776870441.373760588,2,0,0.01
1776870441.373760588,3,0,0.01
1776870442.407515952,0,33,1.23
1776870442.407515952,1,0,0.01
1776870442.407515952,2,0,0.01
1776870442.407515952,3,0,0.01
1776870443.441507004,0,33,1.23
1776870443.441507004,1,0,0.01
1776870443.441507004,2,0,0.01
1776870443.441507004,3,0,0.01
1776870444.473892970,0,33,1.23
1776870444.473892970,1,0,0.01
1776870444.473892970,2,0,0.01
1776870444.473892970,3,0,0.01
1776870445.506711826,0,0,1.23
1776870445.506711826,1,0,0.01
1776870445.506711826,2,0,0.01
1776870445.506711826,3,0,0.01
1776870446.538389250,0,0,1.23
1776870446.538389250,1,0,0.01
1776870446.538389250,2,0,0.01
1776870446.538389250,3,0,0.01
1776870447.572637225,0,0,1.23
1776870447.572637225,1,0,0.01
1776870447.572637225,2,0,0.01
1776870447.572637225,3,0,0.01
1776870448.605967828,0,31,1.23
1776870448.605967828,1,0,0.01
1776870448.605967828,2,0,0.01
1776870448.605967828,3,0,0.01
1776870449.640640735,0,36,1.23
1776870449.640640735,1,0,0.01
1776870449.640640735,2,0,0.01
1776870449.640640735,3,0,0.01
1776870450.674334003,0,31,1.23
1776870450.674334003,1,0,0.01
1776870450.674334003,2,0,0.01
1776870450.674334003,3,0,0.01
1776870451.707756771,0,32,1.23
1776870451.707756771,1,0,0.01
1776870451.707756771,2,0,0.01
1776870451.707756771,3,0,0.01
1776870452.741159600,0,0,1.23
1776870452.741159600,1,0,0.01
1776870452.741159600,2,0,0.01
1776870452.741159600,3,0,0.01
1776870453.775514303,0,0,1.23
1776870453.775514303,1,0,0.01
1776870453.775514303,2,0,0.01
1776870453.775514303,3,0,0.01
1776870454.808593689,0,0,1.23
1776870454.808593689,1,0,0.01
1776870454.808593689,2,0,0.01
1776870454.808593689,3,0,0.01
1776870455.840565946,0,33,1.23
1776870455.840565946,1,0,0.01
1776870455.840565946,2,0,0.01
1776870455.840565946,3,0,0.01
1776870456.873595542,0,34,1.23
1776870456.873595542,1,0,0.01
1776870456.873595542,2,0,0.01
1776870456.873595542,3,0,0.01
1776870457.908273218,0,34,1.23
1776870457.908273218,1,0,0.01
1776870457.908273218,2,0,0.01
1776870457.908273218,3,0,0.01
1776870458.941822247,0,34,1.23
1776870458.941822247,1,0,0.01
1776870458.941822247,2,0,0.01
1776870458.941822247,3,0,0.01
1776870459.975146374,0,0,1.23
1776870459.975146374,1,0,0.01
1776870459.975146374,2,0,0.01
1776870459.975146374,3,0,0.01
1776870461.007701253,0,0,1.23
1776870461.007701253,1,0,0.01
1776870461.007701253,2,0,0.01
1776870461.007701253,3,0,0.01
1776870462.041914594,0,0,1.23
1776870462.041914594,1,0,0.01
1776870462.041914594,2,0,0.01
1776870462.041914594,3,0,0.01
1776870463.075589262,0,0,1.23
1776870463.075589262,1,0,0.01
1776870463.075589262,2,0,0.01
1776870463.075589262,3,0,0.01
1776870464.109152539,0,0,1.23
1776870464.109152539,1,0,0.01
1776870464.109152539,2,0,0.01
1776870464.109152539,3,0,0.01
1776870465.143260003,0,0,1.23
1776870465.143260003,1,0,0.01
1776870465.143260003,2,0,0.01
1776870465.143260003,3,0,0.01
1776870466.176409014,0,33,1.23
1776870466.176409014,1,0,0.01
1776870466.176409014,2,0,0.01
1776870466.176409014,3,0,0.01
1776870467.210638532,0,33,1.23
1776870467.210638532,1,0,0.01
1776870467.210638532,2,0,0.01
1776870467.210638532,3,0,0.01
1776870468.244718322,0,37,1.23
1776870468.244718322,1,0,0.01
1776870468.244718322,2,0,0.01
1776870468.244718322,3,0,0.01
1776870469.276782095,0,0,1.23
1776870469.276782095,1,0,0.01
1776870469.276782095,2,0,0.01
1776870469.276782095,3,0,0.01
1776870470.308601546,0,0,1.23
1776870470.308601546,1,0,0.01
1776870470.308601546,2,0,0.01
1776870470.308601546,3,0,0.01
1776870471.341833754,0,0,1.23
1776870471.341833754,1,0,0.01
1776870471.341833754,2,0,0.01
1776870471.341833754,3,0,0.01
1776870472.375061156,0,0,1.23
1776870472.375061156,1,0,0.01
1776870472.375061156,2,0,0.01
1776870472.375061156,3,0,0.01
1776870473.408589461,0,0,1.23
1776870473.408589461,1,0,0.01
1776870473.408589461,2,0,0.01
1776870473.408589461,3,0,0.01
1776870474.440445947,0,0,1.23
1776870474.440445947,1,0,0.01
1776870474.440445947,2,0,0.01
1776870474.440445947,3,0,0.01
1776870475.474017362,0,0,1.23
1776870475.474017362,1,0,0.01
1776870475.474017362,2,0,0.01
1776870475.474017362,3,0,0.01
1776870476.507489987,0,0,1.23
1776870476.507489987,1,0,0.01
1776870476.507489987,2,0,0.01
1776870476.507489987,3,0,0.01
1776870477.539620971,0,35,1.23
1776870477.539620971,1,0,0.01
1776870477.539620971,2,0,0.01
1776870477.539620971,3,0,0.01
1776870478.571962466,0,35,1.23
1776870478.571962466,1,0,0.01
1776870478.571962466,2,0,0.01
1776870478.571962466,3,0,0.01
1776870479.606170422,0,35,1.23
1776870479.606170422,1,0,0.01
1776870479.606170422,2,0,0.01
1776870479.606170422,3,0,0.01
1776870480.639401023,0,0,1.23
1776870480.639401023,1,0,0.01
1776870480.639401023,2,0,0.01
1776870480.639401023,3,0,0.01
1776870481.671596544,0,0,1.23
1776870481.671596544,1,0,0.01
1776870481.671596544,2,0,0.01
1776870481.671596544,3,0,0.01
1776870482.705456951,0,0,1.23
1776870482.705456951,1,0,0.01
1776870482.705456951,2,0,0.01
1776870482.705456951,3,0,0.01
1776870483.738986790,0,0,1.23
1776870483.738986790,1,0,0.01
1776870483.738986790,2,0,0.01
1776870483.738986790,3,0,0.01
1776870484.773503316,0,37,1.23
1776870484.773503316,1,0,0.01
1776870484.773503316,2,0,0.01
1776870484.773503316,3,0,0.01
1776870485.806124909,0,37,1.23
1776870485.806124909,1,0,0.01
1776870485.806124909,2,0,0.01
1776870485.806124909,3,0,0.01
1776870486.837602560,0,37,1.23
1776870486.837602560,1,0,0.01
1776870486.837602560,2,0,0.01
1776870486.837602560,3,0,0.01
1776870487.871554742,0,28,1.23
1776870487.871554742,1,0,0.01
1776870487.871554742,2,0,0.01
1776870487.871554742,3,0,0.01
1776870488.903812724,0,0,1.23
1776870488.903812724,1,0,0.01
1776870488.903812724,2,0,0.01
1776870488.903812724,3,0,0.01
1776870489.938014965,0,0,1.23
1776870489.938014965,1,0,0.01
1776870489.938014965,2,0,0.01
1776870489.938014965,3,0,0.01
1776870490.970906845,0,0,1.23
1776870490.970906845,1,0,0.01
1776870490.970906845,2,0,0.01
1776870490.970906845,3,0,0.01
1776870492.004519402,0,0,1.23
1776870492.004519402,1,0,0.01
1776870492.004519402,2,0,0.01
1776870492.004519402,3,0,0.01
1776870493.038289881,0,0,1.23
1776870493.038289881,1,0,0.01
1776870493.038289881,2,0,0.01
1776870493.038289881,3,0,0.01
1776870494.072362151,0,0,1.23
1776870494.072362151,1,0,0.01
1776870494.072362151,2,0,0.01
1776870494.072362151,3,0,0.01
1776870495.107100169,0,36,1.23
1776870495.107100169,1,0,0.01
1776870495.107100169,2,0,0.01
1776870495.107100169,3,0,0.01
1776870496.140629957,0,31,1.23
1776870496.140629957,1,0,0.01
1776870496.140629957,2,0,0.01
1776870496.140629957,3,0,0.01
1776870497.173744982,0,31,1.23
1776870497.173744982,1,0,0.01
1776870497.173744982,2,0,0.01
1776870497.173744982,3,0,0.01
1776870498.205856516,0,0,1.23
1776870498.205856516,1,0,0.01
1776870498.205856516,2,0,0.01
1776870498.205856516,3,0,0.01
1776870499.238567004,0,0,1.23
1776870499.238567004,1,0,0.01
1776870499.238567004,2,0,0.01
1776870499.238567004,3,0,0.01
1776870500.272005065,0,0,1.23
1776870500.272005065,1,0,0.01
1776870500.272005065,2,0,0.01
1776870500.272005065,3,0,0.01
1776870501.305822361,0,0,1.23
1776870501.305822361,1,0,0.01
1776870501.305822361,2,0,0.01
1776870501.305822361,3,0,0.01
1776870502.338997013,0,0,1.23
1776870502.338997013,1,0,0.01
1776870502.338997013,2,0,0.01
1776870502.338997013,3,0,0.01
1776870503.372256233,0,0,1.23
1776870503.372256233,1,0,0.01
1776870503.372256233,2,0,0.01
1776870503.372256233,3,0,0.01
1776870504.404456841,0,0,1.23
1776870504.404456841,1,0,0.01
1776870504.404456841,2,0,0.01
1776870504.404456841,3,0,0.01
1776870505.437618902,0,37,1.23
1776870505.437618902,1,0,0.01
1776870505.437618902,2,0,0.01
1776870505.437618902,3,0,0.01
1776870506.469472221,0,37,1.23
1776870506.469472221,1,0,0.01
1776870506.469472221,2,0,0.01
1776870506.469472221,3,0,0.01
1776870507.500910478,0,37,1.23
1776870507.500910478,1,0,0.01
1776870507.500910478,2,0,0.01
1776870507.500910478,3,0,0.01
1776870508.532651079,0,6,1.23
1776870508.532651079,1,0,0.01
1776870508.532651079,2,0,0.01
1776870508.532651079,3,0,0.01
1776870509.564398855,0,0,1.23
1776870509.564398855,1,0,0.01
1776870509.564398855,2,0,0.01
1776870509.564398855,3,0,0.01
1776870510.597175581,0,0,1.23
1776870510.597175581,1,0,0.01
1776870510.597175581,2,0,0.01
1776870510.597175581,3,0,0.01
1776870511.632231625,0,0,1.23
1776870511.632231625,1,0,0.01
1776870511.632231625,2,0,0.01
1776870511.632231625,3,0,0.01
1776870512.665767115,0,0,1.23
1776870512.665767115,1,0,0.01
1776870512.665767115,2,0,0.01
1776870512.665767115,3,0,0.01
1776870513.697664669,0,34,1.23
1776870513.697664669,1,0,0.01
1776870513.697664669,2,0,0.01
1776870513.697664669,3,0,0.01
1776870514.731416974,0,38,1.23
1776870514.731416974,1,0,0.01
1776870514.731416974,2,0,0.01
1776870514.731416974,3,0,0.01
1776870515.765086824,0,36,1.23
1776870515.765086824,1,0,0.01
1776870515.765086824,2,0,0.01
1776870515.765086824,3,0,0.01
1776870516.797912293,0,0,1.23
1776870516.797912293,1,0,0.01
1776870516.797912293,2,0,0.01
1776870516.797912293,3,0,0.01
1776870517.831489034,0,0,1.23
1776870517.831489034,1,0,0.01
1776870517.831489034,2,0,0.01
1776870517.831489034,3,0,0.01
1776870518.866200182,0,0,1.23
1776870518.866200182,1,0,0.01
1776870518.866200182,2,0,0.01
1776870518.866200182,3,0,0.01
1776870519.897980466,0,0,1.23
1776870519.897980466,1,0,0.01
1776870519.897980466,2,0,0.01
1776870519.897980466,3,0,0.01
1776870520.931623793,0,0,1.23
1776870520.931623793,1,0,0.01
1776870520.931623793,2,0,0.01
1776870520.931623793,3,0,0.01
1776870521.963787826,0,0,1.23
1776870521.963787826,1,0,0.01
1776870521.963787826,2,0,0.01
1776870521.963787826,3,0,0.01
1776870522.995490305,0,0,1.23
1776870522.995490305,1,0,0.01
1776870522.995490305,2,0,0.01
1776870522.995490305,3,0,0.01
1776870524.028122060,0,0,1.23
1776870524.028122060,1,0,0.01
1776870524.028122060,2,0,0.01
1776870524.028122060,3,0,0.01
1776870525.061259696,0,0,1.23
1776870525.061259696,1,0,0.01
1776870525.061259696,2,0,0.01
1776870525.061259696,3,0,0.01
1776870526.094730980,0,14,1.23
1776870526.094730980,1,0,0.01
1776870526.094730980,2,0,0.01
1776870526.094730980,3,0,0.01
1776870527.128197014,0,33,1.23
1776870527.128197014,1,0,0.01
1776870527.128197014,2,0,0.01
1776870527.128197014,3,0,0.01
1776870528.161930428,0,33,1.23
1776870528.161930428,1,0,0.01
1776870528.161930428,2,0,0.01
1776870528.161930428,3,0,0.01
1776870529.195023846,0,33,1.23
1776870529.195023846,1,0,0.01
1776870529.195023846,2,0,0.01
1776870529.195023846,3,0,0.01
1776870530.229432539,0,0,1.23
1776870530.229432539,1,0,0.01
1776870530.229432539,2,0,0.01
1776870530.229432539,3,0,0.01
1776870531.261791246,0,0,1.23
1776870531.261791246,1,0,0.01
1776870531.261791246,2,0,0.01
1776870531.261791246,3,0,0.01
1776870532.297371272,0,0,1.23
1776870532.297371272,1,0,0.01
1776870532.297371272,2,0,0.01
1776870532.297371272,3,0,0.01
1776870533.330544926,0,0,1.23
1776870533.330544926,1,0,0.01
1776870533.330544926,2,0,0.01
1776870533.330544926,3,0,0.01
1776870534.363670507,0,9,1.23
1776870534.363670507,1,0,0.01
1776870534.363670507,2,0,0.01
1776870534.363670507,3,0,0.01
1776870535.396745697,0,37,1.23
1776870535.396745697,1,0,0.01
1776870535.396745697,2,0,0.01
1776870535.396745697,3,0,0.01
1776870536.429944299,0,36,1.23
1776870536.429944299,1,0,0.01
1776870536.429944299,2,0,0.01
1776870536.429944299,3,0,0.01
1776870537.463879097,0,36,1.23
1776870537.463879097,1,0,0.01
1776870537.463879097,2,0,0.01
1776870537.463879097,3,0,0.01
1776870538.496003830,0,0,1.23
1776870538.496003830,1,0,0.01
1776870538.496003830,2,0,0.01
1776870538.496003830,3,0,0.01
1776870539.529149137,0,0,1.23
1776870539.529149137,1,0,0.01
1776870539.529149137,2,0,0.01
1776870539.529149137,3,0,0.01
1776870540.561819353,0,35,1.23
1776870540.561819353,1,0,0.01
1776870540.561819353,2,0,0.01
1776870540.561819353,3,0,0.01
1776870541.593708981,0,35,1.23
1776870541.593708981,1,0,0.01
1776870541.593708981,2,0,0.01
1776870541.593708981,3,0,0.01
1776870542.625820061,0,36,1.23
1776870542.625820061,1,0,0.01
1776870542.625820061,2,0,0.01
1776870542.625820061,3,0,0.01
1776870543.659455529,0,0,1.23
1776870543.659455529,1,0,0.01
1776870543.659455529,2,0,0.01
1776870543.659455529,3,0,0.01
1776870544.693975978,0,0,1.23
1776870544.693975978,1,0,0.01
1776870544.693975978,2,0,0.01
1776870544.693975978,3,0,0.01
1776870545.726209745,0,0,1.23
1776870545.726209745,1,0,0.01
1776870545.726209745,2,0,0.01
1776870545.726209745,3,0,0.01
1776870546.760628184,0,0,1.23
1776870546.760628184,1,0,0.01
1776870546.760628184,2,0,0.01
1776870546.760628184,3,0,0.01
1776870547.794534574,0,0,1.23
1776870547.794534574,1,0,0.01
1776870547.794534574,2,0,0.01
1776870547.794534574,3,0,0.01
1776870548.829373891,0,0,1.23
1776870548.829373891,1,0,0.01
1776870548.829373891,2,0,0.01
1776870548.829373891,3,0,0.01
1776870549.862471309,0,0,1.23
1776870549.862471309,1,0,0.01
1776870549.862471309,2,0,0.01
1776870549.862471309,3,0,0.01
1776870550.894767299,0,0,1.23
1776870550.894767299,1,0,0.01
1776870550.894767299,2,0,0.01
1776870550.894767299,3,0,0.01
1776870551.927093750,0,0,1.23
1776870551.927093750,1,0,0.01
1776870551.927093750,2,0,0.01
1776870551.927093750,3,0,0.01
1776870552.960214177,0,38,1.23
1776870552.960214177,1,0,0.01
1776870552.960214177,2,0,0.01
1776870552.960214177,3,0,0.01
1776870553.993552051,0,38,1.23
1776870553.993552051,1,0,0.01
1776870553.993552051,2,0,0.01
1776870553.993552051,3,0,0.01
1776870555.027300738,0,37,1.23
1776870555.027300738,1,0,0.01
1776870555.027300738,2,0,0.01
1776870555.027300738,3,0,0.01
1776870556.060251985,0,0,1.23
1776870556.060251985,1,0,0.01
1776870556.060251985,2,0,0.01
1776870556.060251985,3,0,0.01
1776870557.093180651,0,0,1.23
1776870557.093180651,1,0,0.01
1776870557.093180651,2,0,0.01
1776870557.093180651,3,0,0.01
1776870558.126611603,0,0,1.23
1776870558.126611603,1,0,0.01
1776870558.126611603,2,0,0.01
1776870558.126611603,3,0,0.01
1776870559.160011012,0,0,1.23
1776870559.160011012,1,0,0.01
1776870559.160011012,2,0,0.01
1776870559.160011012,3,0,0.01
1776870560.194227140,0,36,1.23
1776870560.194227140,1,0,0.01
1776870560.194227140,2,0,0.01
1776870560.194227140,3,0,0.01
1776870561.227592368,0,36,1.23
1776870561.227592368,1,0,0.01
1776870561.227592368,2,0,0.01
1776870561.227592368,3,0,0.01
1776870562.260381775,0,36,1.23
1776870562.260381775,1,0,0.01
1776870562.260381775,2,0,0.01
1776870562.260381775,3,0,0.01
1776870563.294415798,0,0,1.23
1776870563.294415798,1,0,0.01
1776870563.294415798,2,0,0.01
1776870563.294415798,3,0,0.01
1776870564.326348127,0,0,1.23
1776870564.326348127,1,0,0.01
1776870564.326348127,2,0,0.01
1776870564.326348127,3,0,0.01
1776870565.358391010,0,0,1.23
1776870565.358391010,1,0,0.01
1776870565.358391010,2,0,0.01
1776870565.358391010,3,0,0.01
1776870566.392341440,0,0,1.23
1776870566.392341440,1,0,0.01
1776870566.392341440,2,0,0.01
1776870566.392341440,3,0,0.01
1776870567.425947837,0,0,1.23
1776870567.425947837,1,0,0.01
1776870567.425947837,2,0,0.01
1776870567.425947837,3,0,0.01
1776870568.460076518,0,0,1.23
1776870568.460076518,1,0,0.01
1776870568.460076518,2,0,0.01
1776870568.460076518,3,0,0.01
1776870569.494207922,0,0,1.23
1776870569.494207922,1,0,0.01
1776870569.494207922,2,0,0.01
1776870569.494207922,3,0,0.01
1776870570.527197041,0,0,1.23
1776870570.527197041,1,0,0.01
1776870570.527197041,2,0,0.01
1776870570.527197041,3,0,0.01
1776870571.561205954,0,0,1.23
1776870571.561205954,1,0,0.01
1776870571.561205954,2,0,0.01
1776870571.561205954,3,0,0.01
1776870572.593128708,0,0,1.23
1776870572.593128708,1,0,0.01
1776870572.593128708,2,0,0.01
1776870572.593128708,3,0,0.01
1776870573.627362450,0,37,1.23
1776870573.627362450,1,0,0.01
1776870573.627362450,2,0,0.01
1776870573.627362450,3,0,0.01
1776870574.661564239,0,37,1.23
1776870574.661564239,1,0,0.01
1776870574.661564239,2,0,0.01
1776870574.661564239,3,0,0.01
1776870575.694824534,0,37,1.23
1776870575.694824534,1,0,0.01
1776870575.694824534,2,0,0.01
1776870575.694824534,3,0,0.01
1776870576.728126500,0,0,1.23
1776870576.728126500,1,0,0.01
1776870576.728126500,2,0,0.01
1776870576.728126500,3,0,0.01
1776870577.761825460,0,0,1.23
1776870577.761825460,1,0,0.01
1776870577.761825460,2,0,0.01
1776870577.761825460,3,0,0.01
1776870578.795554607,0,36,1.23
1776870578.795554607,1,0,0.01
1776870578.795554607,2,0,0.01
1776870578.795554607,3,0,0.01
1776870579.828577603,0,36,1.23
1776870579.828577603,1,0,0.01
1776870579.828577603,2,0,0.01
1776870579.828577603,3,0,0.01
1776870580.863006730,0,36,1.23
1776870580.863006730,1,0,0.01
1776870580.863006730,2,0,0.01
1776870580.863006730,3,0,0.01
1776870581.896402441,0,36,1.23
1776870581.896402441,1,0,0.01
1776870581.896402441,2,0,0.01
1776870581.896402441,3,0,0.01
1776870582.931298594,0,0,1.23
1776870582.931298594,1,0,0.01
1776870582.931298594,2,0,0.01
1776870582.931298594,3,0,0.01
1776870583.966534233,0,0,1.23
1776870583.966534233,1,0,0.01
1776870583.966534233,2,0,0.01
1776870583.966534233,3,0,0.01
1776870585.000547303,0,0,1.23
1776870585.000547303,1,0,0.01
1776870585.000547303,2,0,0.01
1776870585.000547303,3,0,0.01
1776870586.034878232,0,0,1.23
1776870586.034878232,1,0,0.01
1776870586.034878232,2,0,0.01
1776870586.034878232,3,0,0.01
1776870587.069458625,0,0,1.23
1776870587.069458625,1,0,0.01
1776870587.069458625,2,0,0.01
1776870587.069458625,3,0,0.01
1776870588.102685550,0,37,1.23
1776870588.102685550,1,0,0.01
1776870588.102685550,2,0,0.01
1776870588.102685550,3,0,0.01
1776870589.135403012,0,37,1.23
1776870589.135403012,1,0,0.01
1776870589.135403012,2,0,0.01
1776870589.135403012,3,0,0.01
1776870590.169188682,0,37,1.23
1776870590.169188682,1,0,0.01
1776870590.169188682,2,0,0.01
1776870590.169188682,3,0,0.01
1776870591.202455416,0,13,1.23
1776870591.202455416,1,0,0.01
1776870591.202455416,2,0,0.01
1776870591.202455416,3,0,0.01
1776870592.235993191,0,0,1.23
1776870592.235993191,1,0,0.01
1776870592.235993191,2,0,0.01
1776870592.235993191,3,0,0.01
1776870593.269649041,0,0,1.23
1776870593.269649041,1,0,0.01
1776870593.269649041,2,0,0.01
1776870593.269649041,3,0,0.01
1776870594.304605543,0,0,1.23
1776870594.304605543,1,0,0.01
1776870594.304605543,2,0,0.01
1776870594.304605543,3,0,0.01
1776870595.336462528,0,0,1.23
1776870595.336462528,1,0,0.01
1776870595.336462528,2,0,0.01
1776870595.336462528,3,0,0.01
1776870596.369872955,0,0,1.23
1776870596.369872955,1,0,0.01
1776870596.369872955,2,0,0.01
1776870596.369872955,3,0,0.01
1776870597.403392706,0,0,1.23
1776870597.403392706,1,0,0.01
1776870597.403392706,2,0,0.01
1776870597.403392706,3,0,0.01
1776870598.437043528,0,37,1.23
1776870598.437043528,1,0,0.01
1776870598.437043528,2,0,0.01
1776870598.437043528,3,0,0.01
1776870599.470781411,0,37,1.23
1776870599.470781411,1,0,0.01
1776870599.470781411,2,0,0.01
1776870599.470781411,3,0,0.01
1776870600.503529104,0,37,1.23
1776870600.503529104,1,0,0.01
1776870600.503529104,2,0,0.01
1776870600.503529104,3,0,0.01
1776870601.536941703,0,37,1.23
1776870601.536941703,1,0,0.01
1776870601.536941703,2,0,0.01
1776870601.536941703,3,0,0.01
1776870602.569904594,0,0,1.23
1776870602.569904594,1,0,0.01
1776870602.569904594,2,0,0.01
1776870602.569904594,3,0,0.01
1776870603.602257597,0,0,1.23
1776870603.602257597,1,0,0.01
1776870603.602257597,2,0,0.01
1776870603.602257597,3,0,0.01
1776870604.636386326,0,0,1.23
1776870604.636386326,1,0,0.01
1776870604.636386326,2,0,0.01
1776870604.636386326,3,0,0.01
1776870605.670369984,0,0,1.23
1776870605.670369984,1,0,0.01
1776870605.670369984,2,0,0.01
1776870605.670369984,3,0,0.01
1776870606.702581189,0,0,1.23
1776870606.702581189,1,0,0.01
1776870606.702581189,2,0,0.01
1776870606.702581189,3,0,0.01
1776870607.734803828,0,36,1.23
1776870607.734803828,1,0,0.01
1776870607.734803828,2,0,0.01
1776870607.734803828,3,0,0.01
1776870608.768929697,0,31,1.23
1776870608.768929697,1,0,0.01
1776870608.768929697,2,0,0.01
1776870608.768929697,3,0,0.01
1776870609.803033917,0,36,1.23
1776870609.803033917,1,0,0.01
1776870609.803033917,2,0,0.01
1776870609.803033917,3,0,0.01
1776870610.836528106,0,36,1.23
1776870610.836528106,1,0,0.01
1776870610.836528106,2,0,0.01
1776870610.836528106,3,0,0.01
1776870611.868165244,0,0,1.23
1776870611.868165244,1,0,0.01
1776870611.868165244,2,0,0.01
1776870611.868165244,3,0,0.01
1776870612.902656201,0,0,1.23
1776870612.902656201,1,0,0.01
1776870612.902656201,2,0,0.01
1776870612.902656201,3,0,0.01
1776870613.935295665,0,0,1.23
1776870613.935295665,1,0,0.01
1776870613.935295665,2,0,0.01
1776870613.935295665,3,0,0.01
1776870614.967659252,0,0,1.23
1776870614.967659252,1,0,0.01
1776870614.967659252,2,0,0.01
1776870614.967659252,3,0,0.01
1776870616.001594785,0,0,1.23
1776870616.001594785,1,0,0.01
1776870616.001594785,2,0,0.01
1776870616.001594785,3,0,0.01
1776870617.033911118,0,38,1.23
1776870617.033911118,1,0,0.01
1776870617.033911118,2,0,0.01
1776870617.033911118,3,0,0.01
1776870618.067604483,0,38,1.23
1776870618.067604483,1,0,0.01
1776870618.067604483,2,0,0.01
1776870618.067604483,3,0,0.01
1776870619.100111199,0,38,1.23
1776870619.100111199,1,0,0.01
1776870619.100111199,2,0,0.01
1776870619.100111199,3,0,0.01
1776870620.133541686,0,31,1.23
1776870620.133541686,1,0,0.01
1776870620.133541686,2,0,0.01
1776870620.133541686,3,0,0.01
1776870621.167310444,0,0,1.23
1776870621.167310444,1,0,0.01
1776870621.167310444,2,0,0.01
1776870621.167310444,3,0,0.01
1776870622.200473540,0,0,1.23
1776870622.200473540,1,0,0.01
1776870622.200473540,2,0,0.01
1776870622.200473540,3,0,0.01
1776870623.232037247,0,37,1.23
1776870623.232037247,1,0,0.01
1776870623.232037247,2,0,0.01
1776870623.232037247,3,0,0.01
1776870624.265074148,0,37,1.23
1776870624.265074148,1,0,0.01
1776870624.265074148,2,0,0.01
1776870624.265074148,3,0,0.01
1776870625.298369685,0,37,1.23
1776870625.298369685,1,0,0.01
1776870625.298369685,2,0,0.01
1776870625.298369685,3,0,0.01
1776870626.331193552,0,0,1.23
1776870626.331193552,1,0,0.01
1776870626.331193552,2,0,0.01
1776870626.331193552,3,0,0.01
1776870627.364455987,0,0,1.23
1776870627.364455987,1,0,0.01
1776870627.364455987,2,0,0.01
1776870627.364455987,3,0,0.01
1776870628.397456376,0,0,1.23
1776870628.397456376,1,0,0.01
1776870628.397456376,2,0,0.01
1776870628.397456376,3,0,0.01
1776870629.430660400,0,0,1.23
1776870629.430660400,1,0,0.01
1776870629.430660400,2,0,0.01
1776870629.430660400,3,0,0.01
1776870630.463195913,0,35,1.23
1776870630.463195913,1,0,0.01
1776870630.463195913,2,0,0.01
1776870630.463195913,3,0,0.01
1776870631.496667903,0,36,1.23
1776870631.496667903,1,0,0.01
1776870631.496667903,2,0,0.01
1776870631.496667903,3,0,0.01
1776870632.530572252,0,35,1.23
1776870632.530572252,1,0,0.01
1776870632.530572252,2,0,0.01
1776870632.530572252,3,0,0.01
1776870633.564470733,0,32,1.23
1776870633.564470733,1,0,0.01
1776870633.564470733,2,0,0.01
1776870633.564470733,3,0,0.01
1776870634.597617390,0,0,1.23
1776870634.597617390,1,0,0.01
1776870634.597617390,2,0,0.01
1776870634.597617390,3,0,0.01
1776870635.631291253,0,0,1.23
1776870635.631291253,1,0,0.01
1776870635.631291253,2,0,0.01
1776870635.631291253,3,0,0.01
1776870636.665105172,0,0,1.23
1776870636.665105172,1,0,0.01
1776870636.665105172,2,0,0.01
1776870636.665105172,3,0,0.01
1776870637.696605984,0,0,1.23
1776870637.696605984,1,0,0.01
1776870637.696605984,2,0,0.01
1776870637.696605984,3,0,0.01
1776870638.729630841,0,37,1.23
1776870638.729630841,1,0,0.01
1776870638.729630841,2,0,0.01
1776870638.729630841,3,0,0.01
1776870639.763470835,0,33,1.23
1776870639.763470835,1,0,0.01
1776870639.763470835,2,0,0.01
1776870639.763470835,3,0,0.01
1776870640.797288857,0,33,1.23
1776870640.797288857,1,0,0.01
1776870640.797288857,2,0,0.01
1776870640.797288857,3,0,0.01
1776870641.829636439,0,31,1.23
1776870641.829636439,1,0,0.01
1776870641.829636439,2,0,0.01
1776870641.829636439,3,0,0.01
1776870642.861261380,0,0,1.23
1776870642.861261380,1,0,0.01
1776870642.861261380,2,0,0.01
1776870642.861261380,3,0,0.01
1776870643.894932748,0,0,1.23
1776870643.894932748,1,0,0.01
1776870643.894932748,2,0,0.01
1776870643.894932748,3,0,0.01
1776870644.928008696,0,0,1.23
1776870644.928008696,1,0,0.01
1776870644.928008696,2,0,0.01
1776870644.928008696,3,0,0.01
1776870645.960361474,0,0,1.23
1776870645.960361474,1,0,0.01
1776870645.960361474,2,0,0.01
1776870645.960361474,3,0,0.01
1776870646.992578660,0,0,1.23
1776870646.992578660,1,0,0.01
1776870646.992578660,2,0,0.01
1776870646.992578660,3,0,0.01
1776870648.027157654,0,31,1.23
1776870648.027157654,1,0,0.01
1776870648.027157654,2,0,0.01
1776870648.027157654,3,0,0.01
1776870649.061293739,0,32,1.23
1776870649.061293739,1,0,0.01
1776870649.061293739,2,0,0.01
1776870649.061293739,3,0,0.01
1776870650.094358164,0,36,1.23
1776870650.094358164,1,0,0.01
1776870650.094358164,2,0,0.01
1776870650.094358164,3,0,0.01
1776870651.128653803,0,36,1.23
1776870651.128653803,1,0,0.01
1776870651.128653803,2,0,0.01
1776870651.128653803,3,0,0.01
1776870652.163461821,0,0,1.23
1776870652.163461821,1,0,0.01
1776870652.163461821,2,0,0.01
1776870652.163461821,3,0,0.01
1776870653.196671651,0,0,1.23
1776870653.196671651,1,0,0.01
1776870653.196671651,2,0,0.01
1776870653.196671651,3,0,0.01
1776870654.231020569,0,0,1.23
1776870654.231020569,1,0,0.01
1776870654.231020569,2,0,0.01
1776870654.231020569,3,0,0.01
1776870655.264478633,0,0,1.23
1776870655.264478633,1,0,0.01
1776870655.264478633,2,0,0.01
1776870655.264478633,3,0,0.01
1776870656.296408869,0,0,1.23
1776870656.296408869,1,0,0.01
1776870656.296408869,2,0,0.01
1776870656.296408869,3,0,0.01
1776870657.327832962,0,31,1.23
1776870657.327832962,1,0,0.01
1776870657.327832962,2,0,0.01
1776870657.327832962,3,0,0.01
1776870658.362253477,0,33,1.23
1776870658.362253477,1,0,0.01
1776870658.362253477,2,0,0.01
1776870658.362253477,3,0,0.01
1776870659.394737327,0,33,1.23
1776870659.394737327,1,0,0.01
1776870659.394737327,2,0,0.01
1776870659.394737327,3,0,0.01
1776870660.426683506,0,0,1.23
1776870660.426683506,1,0,0.01
1776870660.426683506,2,0,0.01
1776870660.426683506,3,0,0.01
1776870661.459909070,0,0,1.23
1776870661.459909070,1,0,0.01
1776870661.459909070,2,0,0.01
1776870661.459909070,3,0,0.01
1776870662.492506576,0,0,1.23
1776870662.492506576,1,0,0.01
1776870662.492506576,2,0,0.01
1776870662.492506576,3,0,0.01
1776870663.525475336,0,0,1.23
1776870663.525475336,1,0,0.01
1776870663.525475336,2,0,0.01
1776870663.525475336,3,0,0.01
1776870664.559345200,0,0,1.23
1776870664.559345200,1,0,0.01
1776870664.559345200,2,0,0.01
1776870664.559345200,3,0,0.01
1776870665.592988074,0,0,1.23
1776870665.592988074,1,0,0.01
1776870665.592988074,2,0,0.01
1776870665.592988074,3,0,0.01
1776870666.626815106,0,0,1.23
1776870666.626815106,1,0,0.01
1776870666.626815106,2,0,0.01
1776870666.626815106,3,0,0.01
1776870667.660784338,0,0,1.23
1776870667.660784338,1,0,0.01
1776870667.660784338,2,0,0.01
1776870667.660784338,3,0,0.01
1776870668.694992824,0,0,1.23
1776870668.694992824,1,0,0.01
1776870668.694992824,2,0,0.01
1776870668.694992824,3,0,0.01
1776870669.728032752,0,0,1.23
1776870669.728032752,1,0,0.01
1776870669.728032752,2,0,0.01
1776870669.728032752,3,0,0.01
1776870670.762571416,0,0,1.23
1776870670.762571416,1,0,0.01
1776870670.762571416,2,0,0.01
1776870670.762571416,3,0,0.01
1776870671.796216047,0,0,1.23
1776870671.796216047,1,0,0.01
1776870671.796216047,2,0,0.01
1776870671.796216047,3,0,0.01
1776870672.830014082,0,0,1.23
1776870672.830014082,1,0,0.01
1776870672.830014082,2,0,0.01
1776870672.830014082,3,0,0.01
1776870673.864070236,0,36,1.23
1776870673.864070236,1,0,0.01
1776870673.864070236,2,0,0.01
1776870673.864070236,3,0,0.01
1776870674.896328662,0,36,1.23
1776870674.896328662,1,0,0.01
1776870674.896328662,2,0,0.01
1776870674.896328662,3,0,0.01
1776870675.929637905,0,36,1.23
1776870675.929637905,1,0,0.01
1776870675.929637905,2,0,0.01
1776870675.929637905,3,0,0.01
1776870676.963297070,0,24,1.23
1776870676.963297070,1,0,0.01
1776870676.963297070,2,0,0.01
1776870676.963297070,3,0,0.01
1776870677.995619181,0,0,1.23
1776870677.995619181,1,0,0.01
1776870677.995619181,2,0,0.01
1776870677.995619181,3,0,0.01
1776870679.029357149,0,0,1.23
1776870679.029357149,1,0,0.01
1776870679.029357149,2,0,0.01
1776870679.029357149,3,0,0.01
1776870680.063383466,0,0,1.23
1776870680.063383466,1,0,0.01
1776870680.063383466,2,0,0.01
1776870680.063383466,3,0,0.01
1776870681.096501889,0,13,1.23
1776870681.096501889,1,0,0.01
1776870681.096501889,2,0,0.01
1776870681.096501889,3,0,0.01
1776870682.129694135,0,33,1.23
1776870682.129694135,1,0,0.01
1776870682.129694135,2,0,0.01
1776870682.129694135,3,0,0.01
1776870683.162733951,0,33,1.23
1776870683.162733951,1,0,0.01
1776870683.162733951,2,0,0.01
1776870683.162733951,3,0,0.01
1776870684.194336961,0,38,1.23
1776870684.194336961,1,0,0.01
1776870684.194336961,2,0,0.01
1776870684.194336961,3,0,0.01
1776870685.226505471,0,0,1.23
1776870685.226505471,1,0,0.01
1776870685.226505471,2,0,0.01
1776870685.226505471,3,0,0.01
1776870686.259588759,0,0,1.23
1776870686.259588759,1,0,0.01
1776870686.259588759,2,0,0.01
1776870686.259588759,3,0,0.01
1776870687.293440164,0,37,1.23
1776870687.293440164,1,0,0.01
1776870687.293440164,2,0,0.01
1776870687.293440164,3,0,0.01
1776870688.327330622,0,37,1.23
1776870688.327330622,1,0,0.01
1776870688.327330622,2,0,0.01
1776870688.327330622,3,0,0.01
1776870689.359013629,0,37,1.23
1776870689.359013629,1,0,0.01
1776870689.359013629,2,0,0.01
1776870689.359013629,3,0,0.01
1776870690.390774339,0,0,1.23
1776870690.390774339,1,0,0.01
1776870690.390774339,2,0,0.01
1776870690.390774339,3,0,0.01
1776870691.422185414,0,0,1.23
1776870691.422185414,1,0,0.01
1776870691.422185414,2,0,0.01
1776870691.422185414,3,0,0.01
1776870692.454606090,0,0,1.23
1776870692.454606090,1,0,0.01
1776870692.454606090,2,0,0.01
1776870692.454606090,3,0,0.01
1776870693.486513542,0,0,1.23
1776870693.486513542,1,0,0.01
1776870693.486513542,2,0,0.01
1776870693.486513542,3,0,0.01
1776870694.519354781,0,0,1.23
1776870694.519354781,1,0,0.01
1776870694.519354781,2,0,0.01
1776870694.519354781,3,0,0.01
1776870695.553338620,0,0,1.23
1776870695.553338620,1,0,0.01
1776870695.553338620,2,0,0.01
1776870695.553338620,3,0,0.01
1776870696.587100582,0,0,1.23
1776870696.587100582,1,0,0.01
1776870696.587100582,2,0,0.01
1776870696.587100582,3,0,0.01
1776870697.618719064,0,0,1.23
1776870697.618719064,1,0,0.01
1776870697.618719064,2,0,0.01
1776870697.618719064,3,0,0.01
1776870698.651770117,0,0,1.23
1776870698.651770117,1,0,0.01
1776870698.651770117,2,0,0.01
1776870698.651770117,3,0,0.01
1776870699.685253928,0,0,1.23
1776870699.685253928,1,0,0.01
1776870699.685253928,2,0,0.01
1776870699.685253928,3,0,0.01
1776870700.719256493,0,0,1.23
1776870700.719256493,1,0,0.01
1776870700.719256493,2,0,0.01
1776870700.719256493,3,0,0.01
1776870701.752531696,0,0,1.23
1776870701.752531696,1,0,0.01
1776870701.752531696,2,0,0.01
1776870701.752531696,3,0,0.01
1776870702.784644460,0,0,1.23
1776870702.784644460,1,0,0.01
1776870702.784644460,2,0,0.01
1776870702.784644460,3,0,0.01
1776870703.818371007,0,0,1.23
1776870703.818371007,1,0,0.01
1776870703.818371007,2,0,0.01
1776870703.818371007,3,0,0.01
1776870704.851845164,0,0,1.23
1776870704.851845164,1,0,0.01
1776870704.851845164,2,0,0.01
1776870704.851845164,3,0,0.01
1776870705.885372462,0,37,1.23
1776870705.885372462,1,0,0.01
1776870705.885372462,2,0,0.01
1776870705.885372462,3,0,0.01
1776870706.920163541,0,37,1.23
1776870706.920163541,1,0,0.01
1776870706.920163541,2,0,0.01
1776870706.920163541,3,0,0.01
1776870707.952310675,0,37,1.23
1776870707.952310675,1,0,0.01
1776870707.952310675,2,0,0.01
1776870707.952310675,3,0,0.01
1776870708.984473085,0,18,1.23
1776870708.984473085,1,0,0.01
1776870708.984473085,2,0,0.01
1776870708.984473085,3,0,0.01
1776870710.015840255,0,0,1.23
1776870710.015840255,1,0,0.01
1776870710.015840255,2,0,0.01
1776870710.015840255,3,0,0.01
1776870711.048882544,0,0,1.23
1776870711.048882544,1,0,0.01
1776870711.048882544,2,0,0.01
1776870711.048882544,3,0,0.01
1776870712.082184170,0,0,1.23
1776870712.082184170,1,0,0.01
1776870712.082184170,2,0,0.01
1776870712.082184170,3,0,0.01
1776870713.114278800,0,0,1.23
1776870713.114278800,1,0,0.01
1776870713.114278800,2,0,0.01
1776870713.114278800,3,0,0.01
1776870714.145695987,0,37,1.23
1776870714.145695987,1,0,0.01
1776870714.145695987,2,0,0.01
1776870714.145695987,3,0,0.01
1776870715.178574409,0,37,1.23
1776870715.178574409,1,0,0.01
1776870715.178574409,2,0,0.01
1776870715.178574409,3,0,0.01
1776870716.211509451,0,37,1.23
1776870716.211509451,1,0,0.01
1776870716.211509451,2,0,0.01
1776870716.211509451,3,0,0.01
1776870717.244311552,0,0,1.23
1776870717.244311552,1,0,0.01
1776870717.244311552,2,0,0.01
1776870717.244311552,3,0,0.01
1776870718.275928986,0,36,1.23
1776870718.275928986,1,0,0.01
1776870718.275928986,2,0,0.01
1776870718.275928986,3,0,0.01
1776870719.309212383,0,36,1.23
1776870719.309212383,1,0,0.01
1776870719.309212383,2,0,0.01
1776870719.309212383,3,0,0.01
1776870720.340820225,0,36,1.23
1776870720.340820225,1,0,0.01
1776870720.340820225,2,0,0.01
1776870720.340820225,3,0,0.01
1776870721.374363454,0,0,1.23
1776870721.374363454,1,0,0.01
1776870721.374363454,2,0,0.01
1776870721.374363454,3,0,0.01
1776870722.408530973,0,0,1.23
1776870722.408530973,1,0,0.01
1776870722.408530973,2,0,0.01
1776870722.408530973,3,0,0.01
1776870723.442362581,0,0,1.23
1776870723.442362581,1,0,0.01
1776870723.442362581,2,0,0.01
1776870723.442362581,3,0,0.01
1776870724.474603247,0,0,1.23
1776870724.474603247,1,0,0.01
1776870724.474603247,2,0,0.01
1776870724.474603247,3,0,0.01
1776870725.506696364,0,0,1.23
1776870725.506696364,1,0,0.01
1776870725.506696364,2,0,0.01
1776870725.506696364,3,0,0.01
1776870726.538250747,0,0,1.23
1776870726.538250747,1,0,0.01
1776870726.538250747,2,0,0.01
1776870726.538250747,3,0,0.01
1776870727.571733673,0,33,1.23
1776870727.571733673,1,0,0.01
1776870727.571733673,2,0,0.01
1776870727.571733673,3,0,0.01
1776870728.605554389,0,33,1.23
1776870728.605554389,1,0,0.01
1776870728.605554389,2,0,0.01
1776870728.605554389,3,0,0.01
1776870729.639399107,0,33,1.23
1776870729.639399107,1,0,0.01
1776870729.639399107,2,0,0.01
1776870729.639399107,3,0,0.01
1776870730.671674809,0,33,1.23
1776870730.671674809,1,0,0.01
1776870730.671674809,2,0,0.01
1776870730.671674809,3,0,0.01
1776870731.703433874,0,0,1.23
1776870731.703433874,1,0,0.01
1776870731.703433874,2,0,0.01
1776870731.703433874,3,0,0.01
1776870732.735937724,0,0,1.23
1776870732.735937724,1,0,0.01
1776870732.735937724,2,0,0.01
1776870732.735937724,3,0,0.01
1776870733.768568291,0,0,1.23
1776870733.768568291,1,0,0.01
1776870733.768568291,2,0,0.01
1776870733.768568291,3,0,0.01
1776870734.801217583,0,0,1.23
1776870734.801217583,1,0,0.01
1776870734.801217583,2,0,0.01
1776870734.801217583,3,0,0.01
1776870735.834179137,0,0,1.23
1776870735.834179137,1,0,0.01
1776870735.834179137,2,0,0.01
1776870735.834179137,3,0,0.01
1776870736.868162125,0,0,1.23
1776870736.868162125,1,0,0.01
1776870736.868162125,2,0,0.01
1776870736.868162125,3,0,0.01
1776870737.902637183,0,0,1.23
1776870737.902637183,1,0,0.01
1776870737.902637183,2,0,0.01
1776870737.902637183,3,0,0.01
1776870738.937192586,0,0,1.23
1776870738.937192586,1,0,0.01
1776870738.937192586,2,0,0.01
1776870738.937192586,3,0,0.01
1776870739.971131074,0,0,1.23
1776870739.971131074,1,0,0.01
1776870739.971131074,2,0,0.01
1776870739.971131074,3,0,0.01
1776870741.004224501,0,0,1.23
1776870741.004224501,1,0,0.01
1776870741.004224501,2,0,0.01
1776870741.004224501,3,0,0.01
1776870742.037583952,0,31,1.23
1776870742.037583952,1,0,0.01
1776870742.037583952,2,0,0.01
1776870742.037583952,3,0,0.01
1776870743.070918830,0,32,1.23
1776870743.070918830,1,0,0.01
1776870743.070918830,2,0,0.01
1776870743.070918830,3,0,0.01
1776870744.103794411,0,36,1.23
1776870744.103794411,1,0,0.01
1776870744.103794411,2,0,0.01
1776870744.103794411,3,0,0.01
1776870745.135374394,0,36,1.23
1776870745.135374394,1,0,0.01
1776870745.135374394,2,0,0.01
1776870745.135374394,3,0,0.01
1776870746.167199595,0,0,1.23
1776870746.167199595,1,0,0.01
1776870746.167199595,2,0,0.01
1776870746.167199595,3,0,0.01
1776870747.198907572,0,0,1.23
1776870747.198907572,1,0,0.01
1776870747.198907572,2,0,0.01
1776870747.198907572,3,0,0.01
1776870748.232088125,0,36,1.23
1776870748.232088125,1,0,0.01
1776870748.232088125,2,0,0.01
1776870748.232088125,3,0,0.01
1776870749.265559075,0,36,1.23
1776870749.265559075,1,0,0.01
1776870749.265559075,2,0,0.01
1776870749.265559075,3,0,0.01
1776870750.296985226,0,37,1.23
1776870750.296985226,1,0,0.01
1776870750.296985226,2,0,0.01
1776870750.296985226,3,0,0.01
1776870751.330125346,0,0,1.23
1776870751.330125346,1,0,0.01
1776870751.330125346,2,0,0.01
1776870751.330125346,3,0,0.01
1776870752.364016784,0,0,1.23
1776870752.364016784,1,0,0.01
1776870752.364016784,2,0,0.01
1776870752.364016784,3,0,0.01
1776870753.397265607,0,0,1.23
1776870753.397265607,1,0,0.01
1776870753.397265607,2,0,0.01
1776870753.397265607,3,0,0.01
1776870754.430530011,0,0,1.23
1776870754.430530011,1,0,0.01
1776870754.430530011,2,0,0.01
1776870754.430530011,3,0,0.01
1776870755.463009588,0,0,1.23
1776870755.463009588,1,0,0.01
1776870755.463009588,2,0,0.01
1776870755.463009588,3,0,0.01
1776870756.496830620,0,37,1.23
1776870756.496830620,1,0,0.01
1776870756.496830620,2,0,0.01
1776870756.496830620,3,0,0.01
1776870757.531701870,0,37,1.23
1776870757.531701870,1,0,0.01
1776870757.531701870,2,0,0.01
1776870757.531701870,3,0,0.01
1776870758.564811078,0,37,1.23
1776870758.564811078,1,0,0.01
1776870758.564811078,2,0,0.01
1776870758.564811078,3,0,0.01
1776870759.597476395,0,0,1.23
1776870759.597476395,1,0,0.01
1776870759.597476395,2,0,0.01
1776870759.597476395,3,0,0.01
1776870760.629276704,0,0,1.23
1776870760.629276704,1,0,0.01
1776870760.629276704,2,0,0.01
1776870760.629276704,3,0,0.01
1776870761.661068211,0,0,1.23
1776870761.661068211,1,0,0.01
1776870761.661068211,2,0,0.01
1776870761.661068211,3,0,0.01
1776870762.693126891,0,0,1.23
1776870762.693126891,1,0,0.01
1776870762.693126891,2,0,0.01
1776870762.693126891,3,0,0.01
1776870763.724481414,0,0,1.23
1776870763.724481414,1,0,0.01
1776870763.724481414,2,0,0.01
1776870763.724481414,3,0,0.01
1776870764.756142442,0,36,1.23
1776870764.756142442,1,0,0.01
1776870764.756142442,2,0,0.01
1776870764.756142442,3,0,0.01
1776870765.788747687,0,32,1.23
1776870765.788747687,1,0,0.01
1776870765.788747687,2,0,0.01
1776870765.788747687,3,0,0.01
1776870766.821951762,0,32,1.23
1776870766.821951762,1,0,0.01
1776870766.821951762,2,0,0.01
1776870766.821951762,3,0,0.01
1776870767.855569020,0,36,1.23
1776870767.855569020,1,0,0.01
1776870767.855569020,2,0,0.01
1776870767.855569020,3,0,0.01
1776870768.887482924,0,0,1.23
1776870768.887482924,1,0,0.01
1776870768.887482924,2,0,0.01
1776870768.887482924,3,0,0.01
1776870769.919699503,0,0,1.23
1776870769.919699503,1,0,0.01
1776870769.919699503,2,0,0.01
1776870769.919699503,3,0,0.01
1776870770.951761484,0,36,1.23
1776870770.951761484,1,0,0.01
1776870770.951761484,2,0,0.01
1776870770.951761484,3,0,0.01
1776870771.983580117,0,37,1.23
1776870771.983580117,1,0,0.01
1776870771.983580117,2,0,0.01
1776870771.983580117,3,0,0.01
1776870773.017711832,0,37,1.23
1776870773.017711832,1,0,0.01
1776870773.017711832,2,0,0.01
1776870773.017711832,3,0,0.01
1776870774.049594099,0,29,1.23
1776870774.049594099,1,0,0.01
1776870774.049594099,2,0,0.01
1776870774.049594099,3,0,0.01
1776870775.081488093,0,0,1.23
1776870775.081488093,1,0,0.01
1776870775.081488093,2,0,0.01
1776870775.081488093,3,0,0.01
1776870776.112662465,0,0,1.23
1776870776.112662465,1,0,0.01
1776870776.112662465,2,0,0.01
1776870776.112662465,3,0,0.01
1776870777.146208013,0,0,1.23
1776870777.146208013,1,0,0.01
1776870777.146208013,2,0,0.01
1776870777.146208013,3,0,0.01
1776870778.180081223,0,0,1.23
1776870778.180081223,1,0,0.01
1776870778.180081223,2,0,0.01
1776870778.180081223,3,0,0.01
1776870779.213016620,0,37,1.23
1776870779.213016620,1,0,0.01
1776870779.213016620,2,0,0.01
1776870779.213016620,3,0,0.01
1776870780.246781987,0,37,1.23
1776870780.246781987,1,0,0.01
1776870780.246781987,2,0,0.01
1776870780.246781987,3,0,0.01
1776870781.279957577,0,37,1.23
1776870781.279957577,1,0,0.01
1776870781.279957577,2,0,0.01
1776870781.279957577,3,0,0.01
1776870782.312903571,0,0,1.23
1776870782.312903571,1,0,0.01
1776870782.312903571,2,0,0.01
1776870782.312903571,3,0,0.01
1776870783.345892716,0,0,1.23
1776870783.345892716,1,0,0.01
1776870783.345892716,2,0,0.01
1776870783.345892716,3,0,0.01
1776870784.380646810,0,0,1.23
1776870784.380646810,1,0,0.01
1776870784.380646810,2,0,0.01
1776870784.380646810,3,0,0.01
1776870785.413683085,0,0,1.23
1776870785.413683085,1,0,0.01
1776870785.413683085,2,0,0.01
1776870785.413683085,3,0,0.01
1776870786.446625588,0,0,1.23
1776870786.446625588,1,0,0.01
1776870786.446625588,2,0,0.01
1776870786.446625588,3,0,0.01
1776870787.480231088,0,0,1.23
1776870787.480231088,1,0,0.01
1776870787.480231088,2,0,0.01
1776870787.480231088,3,0,0.01
1776870788.513733750,0,0,1.23
1776870788.513733750,1,0,0.01
1776870788.513733750,2,0,0.01
1776870788.513733750,3,0,0.01
1776870789.546166936,0,36,1.23
1776870789.546166936,1,0,0.01
1776870789.546166936,2,0,0.01
1776870789.546166936,3,0,0.01
1776870790.579284753,0,31,1.23
1776870790.579284753,1,0,0.01
1776870790.579284753,2,0,0.01
1776870790.579284753,3,0,0.01
1776870791.610801983,0,31,1.23
1776870791.610801983,1,0,0.01
1776870791.610801983,2,0,0.01
1776870791.610801983,3,0,0.01
1776870792.642581736,0,33,1.23
1776870792.642581736,1,0,0.01
1776870792.642581736,2,0,0.01
1776870792.642581736,3,0,0.01
1776870793.674653654,0,0,1.23
1776870793.674653654,1,0,0.01
1776870793.674653654,2,0,0.01
1776870793.674653654,3,0,0.01
1776870794.707526102,0,0,1.23
1776870794.707526102,1,0,0.01
1776870794.707526102,2,0,0.01
1776870794.707526102,3,0,0.01
1776870795.741256604,0,0,1.23
1776870795.741256604,1,0,0.01
1776870795.741256604,2,0,0.01
1776870795.741256604,3,0,0.01
1776870796.775764803,0,0,1.23
1776870796.775764803,1,0,0.01
1776870796.775764803,2,0,0.01
1776870796.775764803,3,0,0.01
1776870797.808915368,0,0,1.23
1776870797.808915368,1,0,0.01
1776870797.808915368,2,0,0.01
1776870797.808915368,3,0,0.01
1776870798.841172452,0,0,1.23
1776870798.841172452,1,0,0.01
1776870798.841172452,2,0,0.01
1776870798.841172452,3,0,0.01
1776870799.873169665,0,0,1.23
1776870799.873169665,1,0,0.01
1776870799.873169665,2,0,0.01
1776870799.873169665,3,0,0.01
1776870800.905321790,0,0,1.23
1776870800.905321790,1,0,0.01
1776870800.905321790,2,0,0.01
1776870800.905321790,3,0,0.01
1776870801.938911301,0,0,1.23
1776870801.938911301,1,0,0.01
1776870801.938911301,2,0,0.01
1776870801.938911301,3,0,0.01
1776870802.972898424,0,33,1.23
1776870802.972898424,1,0,0.01
1776870802.972898424,2,0,0.01
1776870802.972898424,3,0,0.01
1776870804.006060291,0,33,1.23
1776870804.006060291,1,0,0.01
1776870804.006060291,2,0,0.01
1776870804.006060291,3,0,0.01
1776870805.039562818,0,36,1.23
1776870805.039562818,1,0,0.01
1776870805.039562818,2,0,0.01
1776870805.039562818,3,0,0.01
1776870806.073027927,0,36,1.23
1776870806.073027927,1,0,0.01
1776870806.073027927,2,0,0.01
1776870806.073027927,3,0,0.01
1776870807.106291619,0,0,1.23
1776870807.106291619,1,0,0.01
1776870807.106291619,2,0,0.01
1776870807.106291619,3,0,0.01
1776870808.139743810,0,0,1.23
1776870808.139743810,1,0,0.01
1776870808.139743810,2,0,0.01
1776870808.139743810,3,0,0.01
1776870809.172760445,0,29,1.23
1776870809.172760445,1,0,0.01
1776870809.172760445,2,0,0.01
1776870809.172760445,3,0,0.01
1776870810.204724321,0,36,1.23
1776870810.204724321,1,0,0.01
1776870810.204724321,2,0,0.01
1776870810.204724321,3,0,0.01
1776870811.238582835,0,36,1.23
1776870811.238582835,1,0,0.01
1776870811.238582835,2,0,0.01
1776870811.238582835,3,0,0.01
1776870812.272170071,0,36,1.23
1776870812.272170071,1,0,0.01
1776870812.272170071,2,0,0.01
1776870812.272170071,3,0,0.01
1776870813.304065670,0,0,1.23
1776870813.304065670,1,0,0.01
1776870813.304065670,2,0,0.01
1776870813.304065670,3,0,0.01
1776870814.336969263,0,0,1.23
1776870814.336969263,1,0,0.01
1776870814.336969263,2,0,0.01
1776870814.336969263,3,0,0.01
1776870815.372157760,0,0,1.23
1776870815.372157760,1,0,0.01
1776870815.372157760,2,0,0.01
1776870815.372157760,3,0,0.01
1776870816.405924090,0,0,1.23
1776870816.405924090,1,0,0.01
1776870816.405924090,2,0,0.01
1776870816.405924090,3,0,0.01
1776870817.439092530,0,0,1.23
1776870817.439092530,1,0,0.01
1776870817.439092530,2,0,0.01
1776870817.439092530,3,0,0.01
1776870818.473703394,0,37,1.23
1776870818.473703394,1,0,0.01
1776870818.473703394,2,0,0.01
1776870818.473703394,3,0,0.01
1776870819.508366431,0,37,1.23
1776870819.508366431,1,0,0.01
1776870819.508366431,2,0,0.01
1776870819.508366431,3,0,0.01
1776870820.542617762,0,37,1.23
1776870820.542617762,1,0,0.01
1776870820.542617762,2,0,0.01
1776870820.542617762,3,0,0.01
1776870821.574599870,0,0,1.23
1776870821.574599870,1,0,0.01
1776870821.574599870,2,0,0.01
1776870821.574599870,3,0,0.01
1776870822.608323648,0,0,1.23
1776870822.608323648,1,0,0.01
1776870822.608323648,2,0,0.01
1776870822.608323648,3,0,0.01
1776870823.642332779,0,0,1.23
1776870823.642332779,1,0,0.01
1776870823.642332779,2,0,0.01
1776870823.642332779,3,0,0.01
1776870824.676396923,0,0,1.23
1776870824.676396923,1,0,0.01
1776870824.676396923,2,0,0.01
1776870824.676396923,3,0,0.01
1776870825.709288851,0,0,1.23
1776870825.709288851,1,0,0.01
1776870825.709288851,2,0,0.01
1776870825.709288851,3,0,0.01
1776870826.742645317,0,0,1.23
1776870826.742645317,1,0,0.01
1776870826.742645317,2,0,0.01
1776870826.742645317,3,0,0.01
1776870827.776440101,0,0,1.23
1776870827.776440101,1,0,0.01
1776870827.776440101,2,0,0.01
1776870827.776440101,3,0,0.01
1776870828.809369409,0,0,1.23
1776870828.809369409,1,0,0.01
1776870828.809369409,2,0,0.01
1776870828.809369409,3,0,0.01
1776870829.842159594,0,0,1.23
1776870829.842159594,1,0,0.01
1776870829.842159594,2,0,0.01
1776870829.842159594,3,0,0.01
1776870830.874995077,0,0,1.23
1776870830.874995077,1,0,0.01
1776870830.874995077,2,0,0.01
1776870830.874995077,3,0,0.01
1776870831.908999113,0,0,1.23
1776870831.908999113,1,0,0.01
1776870831.908999113,2,0,0.01
1776870831.908999113,3,0,0.01
1776870832.942391555,0,35,1.23
1776870832.942391555,1,0,0.01
1776870832.942391555,2,0,0.01
1776870832.942391555,3,0,0.01
1776870833.976865633,0,35,1.23
1776870833.976865633,1,0,0.01
1776870833.976865633,2,0,0.01
1776870833.976865633,3,0,0.01
1776870835.009869154,0,35,1.23
1776870835.009869154,1,0,0.01
1776870835.009869154,2,0,0.01
1776870835.009869154,3,0,0.01
1776870836.043738176,0,0,1.23
1776870836.043738176,1,0,0.01
1776870836.043738176,2,0,0.01
1776870836.043738176,3,0,0.01
1776870837.077572010,0,0,1.23
1776870837.077572010,1,0,0.01
1776870837.077572010,2,0,0.01
1776870837.077572010,3,0,0.01
1776870838.110865600,0,0,1.23
1776870838.110865600,1,0,0.01
1776870838.110865600,2,0,0.01
1776870838.110865600,3,0,0.01
1776870839.144527456,0,0,1.23
1776870839.144527456,1,0,0.01
1776870839.144527456,2,0,0.01
1776870839.144527456,3,0,0.01
1776870840.177364626,0,0,1.23
1776870840.177364626,1,0,0.01
1776870840.177364626,2,0,0.01
1776870840.177364626,3,0,0.01
1776870841.211010697,0,0,1.23
1776870841.211010697,1,0,0.01
1776870841.211010697,2,0,0.01
1776870841.211010697,3,0,0.01
1776870842.244513039,0,0,1.23
1776870842.244513039,1,0,0.01
1776870842.244513039,2,0,0.01
1776870842.244513039,3,0,0.01
1776870843.278549252,0,0,1.23
1776870843.278549252,1,0,0.01
1776870843.278549252,2,0,0.01
1776870843.278549252,3,0,0.01
1776870844.312651652,0,0,1.23
1776870844.312651652,1,0,0.01
1776870844.312651652,2,0,0.01
1776870844.312651652,3,0,0.01
1776870845.347329374,0,0,1.23
1776870845.347329374,1,0,0.01
1776870845.347329374,2,0,0.01
1776870845.347329374,3,0,0.01
1776870846.380217131,0,0,1.23
1776870846.380217131,1,0,0.01
1776870846.380217131,2,0,0.01
1776870846.380217131,3,0,0.01
1776870847.414742700,0,0,1.23
1776870847.414742700,1,0,0.01
1776870847.414742700,2,0,0.01
1776870847.414742700,3,0,0.01
1776870848.448553515,0,0,1.23
1776870848.448553515,1,0,0.01
1776870848.448553515,2,0,0.01
1776870848.448553515,3,0,0.01
1776870849.482474729,0,0,1.23
1776870849.482474729,1,0,0.01
1776870849.482474729,2,0,0.01
1776870849.482474729,3,0,0.01
1776870850.516035324,0,0,1.23
1776870850.516035324,1,0,0.01
1776870850.516035324,2,0,0.01
1776870850.516035324,3,0,0.01
1776870851.549682854,0,37,1.23
1776870851.549682854,1,0,0.01
1776870851.549682854,2,0,0.01
1776870851.549682854,3,0,0.01
1776870852.581785672,0,37,1.23
1776870852.581785672,1,0,0.01
1776870852.581785672,2,0,0.01
1776870852.581785672,3,0,0.01
1776870853.614982707,0,31,1.23
1776870853.614982707,1,0,0.01
1776870853.614982707,2,0,0.01
1776870853.614982707,3,0,0.01
1776870854.648808775,0,0,1.23
1776870854.648808775,1,0,0.01
1776870854.648808775,2,0,0.01
1776870854.648808775,3,0,0.01
1776870855.680671564,0,0,1.23
1776870855.680671564,1,0,0.01
1776870855.680671564,2,0,0.01
1776870855.680671564,3,0,0.01
1776870856.713181105,0,0,1.23
1776870856.713181105,1,0,0.01
1776870856.713181105,2,0,0.01
1776870856.713181105,3,0,0.01
1776870857.744869193,0,0,1.23
1776870857.744869193,1,0,0.01
1776870857.744869193,2,0,0.01
1776870857.744869193,3,0,0.01
1776870858.776558477,0,0,1.23
1776870858.776558477,1,0,0.01
1776870858.776558477,2,0,0.01
1776870858.776558477,3,0,0.01
1776870859.809631336,0,0,1.23
1776870859.809631336,1,0,0.01
1776870859.809631336,2,0,0.01
1776870859.809631336,3,0,0.01
1776870860.841602936,0,0,1.23
1776870860.841602936,1,0,0.01
1776870860.841602936,2,0,0.01
1776870860.841602936,3,0,0.01
1776870861.874718079,0,0,1.23
1776870861.874718079,1,0,0.01
1776870861.874718079,2,0,0.01
1776870861.874718079,3,0,0.01
1776870862.907965895,0,33,1.23
1776870862.907965895,1,0,0.01
1776870862.907965895,2,0,0.01
1776870862.907965895,3,0,0.01
1776870863.941500402,0,34,1.23
1776870863.941500402,1,0,0.01
1776870863.941500402,2,0,0.01
1776870863.941500402,3,0,0.01
1776870864.974340338,0,34,1.23
1776870864.974340338,1,0,0.01
1776870864.974340338,2,0,0.01
1776870864.974340338,3,0,0.01
1776870866.006237149,0,34,1.23
1776870866.006237149,1,0,0.01
1776870866.006237149,2,0,0.01
1776870866.006237149,3,0,0.01
1776870867.037949340,0,0,1.23
1776870867.037949340,1,0,0.01
1776870867.037949340,2,0,0.01
1776870867.037949340,3,0,0.01
1776870868.070630011,0,0,1.23
1776870868.070630011,1,0,0.01
1776870868.070630011,2,0,0.01
1776870868.070630011,3,0,0.01
1776870869.104598027,0,0,1.23
1776870869.104598027,1,0,0.01
1776870869.104598027,2,0,0.01
1776870869.104598027,3,0,0.01
1776870870.138613508,0,0,1.23
1776870870.138613508,1,0,0.01
1776870870.138613508,2,0,0.01
1776870870.138613508,3,0,0.01
1776870871.171615920,0,0,1.23
1776870871.171615920,1,0,0.01
1776870871.171615920,2,0,0.01
1776870871.171615920,3,0,0.01
1776870872.205427028,0,0,1.23
1776870872.205427028,1,0,0.01
1776870872.205427028,2,0,0.01
1776870872.205427028,3,0,0.01
1776870873.240057238,0,33,1.23
1776870873.240057238,1,0,0.01
1776870873.240057238,2,0,0.01
1776870873.240057238,3,0,0.01
1776870874.273949905,0,37,1.23
1776870874.273949905,1,0,0.01
1776870874.273949905,2,0,0.01
1776870874.273949905,3,0,0.01
1776870875.306960371,0,37,1.23
1776870875.306960371,1,0,0.01
1776870875.306960371,2,0,0.01
1776870875.306960371,3,0,0.01
1776870876.340506537,0,36,1.23
1776870876.340506537,1,0,0.01
1776870876.340506537,2,0,0.01
1776870876.340506537,3,0,0.01
1776870877.373548440,0,0,1.23
1776870877.373548440,1,0,0.01
1776870877.373548440,2,0,0.01
1776870877.373548440,3,0,0.01
1776870878.405516684,0,0,1.23
1776870878.405516684,1,0,0.01
1776870878.405516684,2,0,0.01
1776870878.405516684,3,0,0.01
1776870879.439555856,0,1,1.23
1776870879.439555856,1,0,0.01
1776870879.439555856,2,0,0.01
1776870879.439555856,3,0,0.01
1776870880.471743084,0,36,1.23
1776870880.471743084,1,0,0.01
1776870880.471743084,2,0,0.01
1776870880.471743084,3,0,0.01
1776870881.504529446,0,32,1.23
1776870881.504529446,1,0,0.01
1776870881.504529446,2,0,0.01
1776870881.504529446,3,0,0.01
1776870882.537771975,0,36,1.23
1776870882.537771975,1,0,0.01
1776870882.537771975,2,0,0.01
1776870882.537771975,3,0,0.01
1776870883.570830113,0,0,1.23
1776870883.570830113,1,0,0.01
1776870883.570830113,2,0,0.01
1776870883.570830113,3,0,0.01
1776870884.602764114,0,0,1.23
1776870884.602764114,1,0,0.01
1776870884.602764114,2,0,0.01
1776870884.602764114,3,0,0.01
1776870885.636090045,0,0,1.23
1776870885.636090045,1,0,0.01
1776870885.636090045,2,0,0.01
1776870885.636090045,3,0,0.01
1776870886.670170404,0,0,1.23
1776870886.670170404,1,0,0.01
1776870886.670170404,2,0,0.01
1776870886.670170404,3,0,0.01
1776870887.703902504,0,0,1.23
1776870887.703902504,1,0,0.01
1776870887.703902504,2,0,0.01
1776870887.703902504,3,0,0.01
1776870888.736661864,0,0,1.23
1776870888.736661864,1,0,0.01
1776870888.736661864,2,0,0.01
1776870888.736661864,3,0,0.01
1776870889.768683223,0,37,1.23
1776870889.768683223,1,0,0.01
1776870889.768683223,2,0,0.01
1776870889.768683223,3,0,0.01
1776870890.801226134,0,33,1.23
1776870890.801226134,1,0,0.01
1776870890.801226134,2,0,0.01
1776870890.801226134,3,0,0.01
1776870891.833905862,0,33,1.23
1776870891.833905862,1,0,0.01
1776870891.833905862,2,0,0.01
1776870891.833905862,3,0,0.01
1776870892.867433209,0,0,1.23
1776870892.867433209,1,0,0.01
1776870892.867433209,2,0,0.01
1776870892.867433209,3,0,0.01
1776870893.899547183,0,0,1.23
1776870893.899547183,1,0,0.01
1776870893.899547183,2,0,0.01
1776870893.899547183,3,0,0.01
1776870894.932760964,0,0,1.23
1776870894.932760964,1,0,0.01
1776870894.932760964,2,0,0.01
1776870894.932760964,3,0,0.01
1776870895.966241919,0,0,1.23
1776870895.966241919,1,0,0.01
1776870895.966241919,2,0,0.01
1776870895.966241919,3,0,0.01
1776870896.998931704,0,4,1.23
1776870896.998931704,1,0,0.01
1776870896.998931704,2,0,0.01
1776870896.998931704,3,0,0.01
1776870898.032230303,0,31,1.23
1776870898.032230303,1,0,0.01
1776870898.032230303,2,0,0.01
1776870898.032230303,3,0,0.01
1776870899.066438687,0,32,1.23
1776870899.066438687,1,0,0.01
1776870899.066438687,2,0,0.01
1776870899.066438687,3,0,0.01
1776870900.099005538,0,31,1.23
1776870900.099005538,1,0,0.01
1776870900.099005538,2,0,0.01
1776870900.099005538,3,0,0.01
1776870901.132547526,0,0,1.23
1776870901.132547526,1,0,0.01
1776870901.132547526,2,0,0.01
1776870901.132547526,3,0,0.01
1776870902.165879176,0,0,1.23
1776870902.165879176,1,0,0.01
1776870902.165879176,2,0,0.01
1776870902.165879176,3,0,0.01
1776870903.199398756,0,0,1.23
1776870903.199398756,1,0,0.01
1776870903.199398756,2,0,0.01
1776870903.199398756,3,0,0.01
1776870904.233755894,0,0,1.23
1776870904.233755894,1,0,0.01
1776870904.233755894,2,0,0.01
1776870904.233755894,3,0,0.01
1776870905.267441704,0,0,1.23
1776870905.267441704,1,0,0.01
1776870905.267441704,2,0,0.01
1776870905.267441704,3,0,0.01
1776870906.300600281,0,0,1.23
1776870906.300600281,1,0,0.01
1776870906.300600281,2,0,0.01
1776870906.300600281,3,0,0.01
1776870907.333587786,0,0,1.23
1776870907.333587786,1,0,0.01
1776870907.333587786,2,0,0.01
1776870907.333587786,3,0,0.01
1776870908.366634130,0,31,1.23
1776870908.366634130,1,0,0.01
1776870908.366634130,2,0,0.01
1776870908.366634130,3,0,0.01
1776870909.401070191,0,37,1.23
1776870909.401070191,1,0,0.01
1776870909.401070191,2,0,0.01
1776870909.401070191,3,0,0.01
1776870910.432432540,0,33,1.23
1776870910.432432540,1,0,0.01
1776870910.432432540,2,0,0.01
1776870910.432432540,3,0,0.01
1776870911.465627511,0,33,1.23
1776870911.465627511,1,0,0.01
1776870911.465627511,2,0,0.01
1776870911.465627511,3,0,0.01
1776870912.500939298,0,0,1.23
1776870912.500939298,1,0,0.01
1776870912.500939298,2,0,0.01
1776870912.500939298,3,0,0.01
1776870913.535304070,0,0,1.23
1776870913.535304070,1,0,0.01
1776870913.535304070,2,0,0.01
1776870913.535304070,3,0,0.01
1776870914.569365334,0,0,1.23
1776870914.569365334,1,0,0.01
1776870914.569365334,2,0,0.01
1776870914.569365334,3,0,0.01
1776870915.602453417,0,0,1.23
1776870915.602453417,1,0,0.01
1776870915.602453417,2,0,0.01
1776870915.602453417,3,0,0.01
1776870916.636136631,0,0,1.23
1776870916.636136631,1,0,0.01
1776870916.636136631,2,0,0.01
1776870916.636136631,3,0,0.01
1776870917.669648683,0,0,1.23
1776870917.669648683,1,0,0.01
1776870917.669648683,2,0,0.01
1776870917.669648683,3,0,0.01
1776870918.704666560,0,0,1.23
1776870918.704666560,1,0,0.01
1776870918.704666560,2,0,0.01
1776870918.704666560,3,0,0.01
1776870919.739142522,0,0,1.23
1776870919.739142522,1,0,0.01
1776870919.739142522,2,0,0.01
1776870919.739142522,3,0,0.01
1776870920.772569159,0,36,1.23
1776870920.772569159,1,0,0.01
1776870920.772569159,2,0,0.01
1776870920.772569159,3,0,0.01
1776870921.806158940,0,36,1.23
1776870921.806158940,1,0,0.01
1776870921.806158940,2,0,0.01
1776870921.806158940,3,0,0.01
1776870922.839849961,0,36,1.23
1776870922.839849961,1,0,0.01
1776870922.839849961,2,0,0.01
1776870922.839849961,3,0,0.01
1776870923.872356459,0,0,1.23
1776870923.872356459,1,0,0.01
1776870923.872356459,2,0,0.01
1776870923.872356459,3,0,0.01
1776870924.906328354,0,0,1.23
1776870924.906328354,1,0,0.01
1776870924.906328354,2,0,0.01
1776870924.906328354,3,0,0.01
1776870925.939710007,0,0,1.23
1776870925.939710007,1,0,0.01
1776870925.939710007,2,0,0.01
1776870925.939710007,3,0,0.01
1776870926.973296535,0,36,1.23
1776870926.973296535,1,0,0.01
1776870926.973296535,2,0,0.01
1776870926.973296535,3,0,0.01
1776870928.007563574,0,36,1.23
1776870928.007563574,1,0,0.01
1776870928.007563574,2,0,0.01
1776870928.007563574,3,0,0.01
1776870929.040820436,0,36,1.23
1776870929.040820436,1,0,0.01
1776870929.040820436,2,0,0.01
1776870929.040820436,3,0,0.01
1776870930.073548379,0,0,1.23
1776870930.073548379,1,0,0.01
1776870930.073548379,2,0,0.01
1776870930.073548379,3,0,0.01
1776870931.105558634,0,0,1.23
1776870931.105558634,1,0,0.01
1776870931.105558634,2,0,0.01
1776870931.105558634,3,0,0.01
1776870932.138845051,0,0,1.23
1776870932.138845051,1,0,0.01
1776870932.138845051,2,0,0.01
1776870932.138845051,3,0,0.01
1776870933.173154473,0,0,1.23
1776870933.173154473,1,0,0.01
1776870933.173154473,2,0,0.01
1776870933.173154473,3,0,0.01
1776870934.206555846,0,0,1.23
1776870934.206555846,1,0,0.01
1776870934.206555846,2,0,0.01
1776870934.206555846,3,0,0.01
1776870935.240690501,0,0,1.23
1776870935.240690501,1,0,0.01
1776870935.240690501,2,0,0.01
1776870935.240690501,3,0,0.01
1776870936.274524787,0,37,1.23
1776870936.274524787,1,0,0.01
1776870936.274524787,2,0,0.01
1776870936.274524787,3,0,0.01
1776870937.307295986,0,37,1.23
1776870937.307295986,1,0,0.01
1776870937.307295986,2,0,0.01
1776870937.307295986,3,0,0.01
1776870938.339760955,0,37,1.23
1776870938.339760955,1,0,0.01
1776870938.339760955,2,0,0.01
1776870938.339760955,3,0,0.01
1776870939.373404957,0,0,1.23
1776870939.373404957,1,0,0.01
1776870939.373404957,2,0,0.01
1776870939.373404957,3,0,0.01
1776870940.405303068,0,37,1.23
1776870940.405303068,1,0,0.01
1776870940.405303068,2,0,0.01
1776870940.405303068,3,0,0.01
1776870941.438686549,0,34,1.23
1776870941.438686549,1,0,0.01
1776870941.438686549,2,0,0.01
1776870941.438686549,3,0,0.01
1776870942.471793448,0,34,1.23
1776870942.471793448,1,0,0.01
1776870942.471793448,2,0,0.01
1776870942.471793448,3,0,0.01
1776870943.505849541,0,34,1.23
1776870943.505849541,1,0,0.01
1776870943.505849541,2,0,0.01
1776870943.505849541,3,0,0.01
1776870944.539671871,0,0,1.23
1776870944.539671871,1,0,0.01
1776870944.539671871,2,0,0.01
1776870944.539671871,3,0,0.01
1776870945.571421692,0,0,1.23
1776870945.571421692,1,0,0.01
1776870945.571421692,2,0,0.01
1776870945.571421692,3,0,0.01
1776870946.605380333,0,0,1.23
1776870946.605380333,1,0,0.01
1776870946.605380333,2,0,0.01
1776870946.605380333,3,0,0.01
1776870947.638952369,0,0,1.23
1776870947.638952369,1,0,0.01
1776870947.638952369,2,0,0.01
1776870947.638952369,3,0,0.01
1776870948.670567670,0,0,1.23
1776870948.670567670,1,0,0.01
1776870948.670567670,2,0,0.01
1776870948.670567670,3,0,0.01
1776870949.703521886,0,0,1.23
1776870949.703521886,1,0,0.01
1776870949.703521886,2,0,0.01
1776870949.703521886,3,0,0.01
1776870950.736940991,0,31,1.23
1776870950.736940991,1,0,0.01
1776870950.736940991,2,0,0.01
1776870950.736940991,3,0,0.01
1776870951.770563675,0,36,1.23
1776870951.770563675,1,0,0.01
1776870951.770563675,2,0,0.01
1776870951.770563675,3,0,0.01
1776870952.804315260,0,36,1.23
1776870952.804315260,1,0,0.01
1776870952.804315260,2,0,0.01
1776870952.804315260,3,0,0.01
1776870953.836793926,0,0,1.23
1776870953.836793926,1,0,0.01
1776870953.836793926,2,0,0.01
1776870953.836793926,3,0,0.01
1776870954.868943063,0,0,1.23
1776870954.868943063,1,0,0.01
1776870954.868943063,2,0,0.01
1776870954.868943063,3,0,0.01
1776870955.902010605,0,0,1.23
1776870955.902010605,1,0,0.01
1776870955.902010605,2,0,0.01
1776870955.902010605,3,0,0.01
1776870956.935985432,0,0,1.23
1776870956.935985432,1,0,0.01
1776870956.935985432,2,0,0.01
1776870956.935985432,3,0,0.01
1776870957.968757555,0,0,1.23
1776870957.968757555,1,0,0.01
1776870957.968757555,2,0,0.01
1776870957.968757555,3,0,0.01
1776870959.000971231,0,0,1.23
1776870959.000971231,1,0,0.01
1776870959.000971231,2,0,0.01
1776870959.000971231,3,0,0.01
1776870960.034432571,0,0,1.23
1776870960.034432571,1,0,0.01
1776870960.034432571,2,0,0.01
1776870960.034432571,3,0,0.01
1776870961.068419016,0,0,1.23
1776870961.068419016,1,0,0.01
1776870961.068419016,2,0,0.01
1776870961.068419016,3,0,0.01
1776870962.102658840,0,38,1.23
1776870962.102658840,1,0,0.01
1776870962.102658840,2,0,0.01
1776870962.102658840,3,0,0.01
1776870963.137141440,0,38,1.23
1776870963.137141440,1,0,0.01
1776870963.137141440,2,0,0.01
1776870963.137141440,3,0,0.01
1776870964.170464189,0,38,1.23
1776870964.170464189,1,0,0.01
1776870964.170464189,2,0,0.01
1776870964.170464189,3,0,0.01
1776870965.204405235,0,0,1.23
1776870965.204405235,1,0,0.01
1776870965.204405235,2,0,0.01
1776870965.204405235,3,0,0.01
1776870966.236309969,0,0,1.23
1776870966.236309969,1,0,0.01
1776870966.236309969,2,0,0.01
1776870966.236309969,3,0,0.01
1776870967.270872012,0,0,1.23
1776870967.270872012,1,0,0.01
1776870967.270872012,2,0,0.01
1776870967.270872012,3,0,0.01
1776870968.304041985,0,0,1.23
1776870968.304041985,1,0,0.01
1776870968.304041985,2,0,0.01
1776870968.304041985,3,0,0.01
1776870969.337837408,0,0,1.23
1776870969.337837408,1,0,0.01
1776870969.337837408,2,0,0.01
1776870969.337837408,3,0,0.01
1776870970.371224211,0,0,1.23
1776870970.371224211,1,0,0.01
1776870970.371224211,2,0,0.01
1776870970.371224211,3,0,0.01
1776870971.404872670,0,0,1.23
1776870971.404872670,1,0,0.01
1776870971.404872670,2,0,0.01
1776870971.404872670,3,0,0.01
1776870972.439039949,0,0,1.23
1776870972.439039949,1,0,0.01
1776870972.439039949,2,0,0.01
1776870972.439039949,3,0,0.01
1776870973.472696691,0,36,1.23
1776870973.472696691,1,0,0.01
1776870973.472696691,2,0,0.01
1776870973.472696691,3,0,0.01
1776870974.505327998,0,32,1.23
1776870974.505327998,1,0,0.01
1776870974.505327998,2,0,0.01
1776870974.505327998,3,0,0.01
1776870975.539453972,0,34,1.23
1776870975.539453972,1,0,0.01
1776870975.539453972,2,0,0.01
1776870975.539453972,3,0,0.01
1776870976.571902693,0,33,1.23
1776870976.571902693,1,0,0.01
1776870976.571902693,2,0,0.01
1776870976.571902693,3,0,0.01
1776870977.603949331,0,0,1.23
1776870977.603949331,1,0,0.01
1776870977.603949331,2,0,0.01
1776870977.603949331,3,0,0.01
1776870978.637648402,0,0,1.23
1776870978.637648402,1,0,0.01
1776870978.637648402,2,0,0.01
1776870978.637648402,3,0,0.01
1776870979.670389406,0,0,1.23
1776870979.670389406,1,0,0.01
1776870979.670389406,2,0,0.01
1776870979.670389406,3,0,0.01
1776870980.703919233,0,34,1.23
1776870980.703919233,1,0,0.01
1776870980.703919233,2,0,0.01
1776870980.703919233,3,0,0.01
1776870981.735662332,0,33,1.23
1776870981.735662332,1,0,0.01
1776870981.735662332,2,0,0.01
1776870981.735662332,3,0,0.01
1776870982.769547278,0,33,1.23
1776870982.769547278,1,0,0.01
1776870982.769547278,2,0,0.01
1776870982.769547278,3,0,0.01
1776870983.802830608,0,25,1.23
1776870983.802830608,1,0,0.01
1776870983.802830608,2,0,0.01
1776870983.802830608,3,0,0.01
1776870984.836908317,0,0,1.23
1776870984.836908317,1,0,0.01
1776870984.836908317,2,0,0.01
1776870984.836908317,3,0,0.01
1776870985.871168488,0,0,1.23
1776870985.871168488,1,0,0.01
1776870985.871168488,2,0,0.01
1776870985.871168488,3,0,0.01
1776870986.904542691,0,0,1.23
1776870986.904542691,1,0,0.01
1776870986.904542691,2,0,0.01
1776870986.904542691,3,0,0.01
1776870987.939131834,0,32,1.23
1776870987.939131834,1,0,0.01
1776870987.939131834,2,0,0.01
1776870987.939131834,3,0,0.01
1776870988.972584607,0,32,1.23
1776870988.972584607,1,0,0.01
1776870988.972584607,2,0,0.01
1776870988.972584607,3,0,0.01
1776870990.006160633,0,32,1.23
1776870990.006160633,1,0,0.01
1776870990.006160633,2,0,0.01
1776870990.006160633,3,0,0.01
1776870991.039680133,0,37,1.23
1776870991.039680133,1,0,0.01
1776870991.039680133,2,0,0.01
1776870991.039680133,3,0,0.01
1776870992.072580050,0,0,1.23
1776870992.072580050,1,0,0.01
1776870992.072580050,2,0,0.01
1776870992.072580050,3,0,0.01
1776870993.105869638,0,0,1.23
1776870993.105869638,1,0,0.01
1776870993.105869638,2,0,0.01
1776870993.105869638,3,0,0.01
1776870994.140042407,0,0,1.23
1776870994.140042407,1,0,0.01
1776870994.140042407,2,0,0.01
1776870994.140042407,3,0,0.01
1776870995.174127313,0,0,1.23
1776870995.174127313,1,0,0.01
1776870995.174127313,2,0,0.01
1776870995.174127313,3,0,0.01
1776870996.207985108,0,0,1.23
1776870996.207985108,1,0,0.01
1776870996.207985108,2,0,0.01
1776870996.207985108,3,0,0.01
1776870997.241934050,0,0,1.23
1776870997.241934050,1,0,0.01
1776870997.241934050,2,0,0.01
1776870997.241934050,3,0,0.01
1776870998.274845827,0,34,1.23
1776870998.274845827,1,0,0.01
1776870998.274845827,2,0,0.01
1776870998.274845827,3,0,0.01
1776870999.308524653,0,34,1.23
1776870999.308524653,1,0,0.01
1776870999.308524653,2,0,0.01
1776870999.308524653,3,0,0.01
1776871000.342630209,0,34,1.23
1776871000.342630209,1,0,0.01
1776871000.342630209,2,0,0.01
1776871000.342630209,3,0,0.01
1776871001.374903550,0,34,1.23
1776871001.374903550,1,0,0.01
1776871001.374903550,2,0,0.01
1776871001.374903550,3,0,0.01
1776871002.408707419,0,0,1.23
1776871002.408707419,1,0,0.01
1776871002.408707419,2,0,0.01
1776871002.408707419,3,0,0.01
1776871003.441611932,0,0,1.23
1776871003.441611932,1,0,0.01
1776871003.441611932,2,0,0.01
1776871003.441611932,3,0,0.01
1776871004.474457992,0,0,1.23
1776871004.474457992,1,0,0.01
1776871004.474457992,2,0,0.01
1776871004.474457992,3,0,0.01
1776871005.506613008,0,0,1.23
1776871005.506613008,1,0,0.01
1776871005.506613008,2,0,0.01
1776871005.506613008,3,0,0.01
1776871006.538719136,0,0,1.23
1776871006.538719136,1,0,0.01
1776871006.538719136,2,0,0.01
1776871006.538719136,3,0,0.01
1776871007.571560403,0,0,1.23
1776871007.571560403,1,0,0.01
1776871007.571560403,2,0,0.01
1776871007.571560403,3,0,0.01
1776871008.605384255,0,36,1.23
1776871008.605384255,1,0,0.01
1776871008.605384255,2,0,0.01
1776871008.605384255,3,0,0.01
1776871009.639183357,0,36,1.23
1776871009.639183357,1,0,0.01
1776871009.639183357,2,0,0.01
1776871009.639183357,3,0,0.01
1776871010.672856967,0,31,1.23
1776871010.672856967,1,0,0.01
1776871010.672856967,2,0,0.01
1776871010.672856967,3,0,0.01
1776871011.705630083,0,0,1.23
1776871011.705630083,1,0,0.01
1776871011.705630083,2,0,0.01
1776871011.705630083,3,0,0.01
1776871012.738877188,0,0,1.23
1776871012.738877188,1,0,0.01
1776871012.738877188,2,0,0.01
1776871012.738877188,3,0,0.01
1776871013.772732198,0,0,1.23
1776871013.772732198,1,0,0.01
1776871013.772732198,2,0,0.01
1776871013.772732198,3,0,0.01
1776871014.804611074,0,32,1.23
1776871014.804611074,1,0,0.01
1776871014.804611074,2,0,0.01
1776871014.804611074,3,0,0.01
1776871015.838106564,0,32,1.23
1776871015.838106564,1,0,0.01
1776871015.838106564,2,0,0.01
1776871015.838106564,3,0,0.01
1776871016.870651400,0,32,1.23
1776871016.870651400,1,0,0.01
1776871016.870651400,2,0,0.01
1776871016.870651400,3,0,0.01
1776871017.903607655,0,34,1.23
1776871017.903607655,1,0,0.01
1776871017.903607655,2,0,0.01
1776871017.903607655,3,0,0.01
1776871018.937517626,0,0,1.23
1776871018.937517626,1,0,0.01
1776871018.937517626,2,0,0.01
1776871018.937517626,3,0,0.01
1776871019.971757851,0,0,1.23
1776871019.971757851,1,0,0.01
1776871019.971757851,2,0,0.01
1776871019.971757851,3,0,0.01
1776871021.006175819,0,0,1.23
1776871021.006175819,1,0,0.01
1776871021.006175819,2,0,0.01
1776871021.006175819,3,0,0.01
1776871022.039846143,0,0,1.23
1776871022.039846143,1,0,0.01
1776871022.039846143,2,0,0.01
1776871022.039846143,3,0,0.01
1776871023.074872958,0,0,1.23
1776871023.074872958,1,0,0.01
1776871023.074872958,2,0,0.01
1776871023.074872958,3,0,0.01
1776871024.109152753,0,0,1.23
1776871024.109152753,1,0,0.01
1776871024.109152753,2,0,0.01
1776871024.109152753,3,0,0.01
1776871025.142745637,0,0,1.23
1776871025.142745637,1,0,0.01
1776871025.142745637,2,0,0.01
1776871025.142745637,3,0,0.01
1776871026.175851081,0,0,1.23
1776871026.175851081,1,0,0.01
1776871026.175851081,2,0,0.01
1776871026.175851081,3,0,0.01
1776871027.209467220,0,0,1.23
1776871027.209467220,1,0,0.01
1776871027.209467220,2,0,0.01
1776871027.209467220,3,0,0.01
1776871028.242659369,0,38,1.23
1776871028.242659369,1,0,0.01
1776871028.242659369,2,0,0.01
1776871028.242659369,3,0,0.01
1776871029.275879933,0,38,1.23
1776871029.275879933,1,0,0.01
1776871029.275879933,2,0,0.01
1776871029.275879933,3,0,0.01
1776871030.309384104,0,32,1.23
1776871030.309384104,1,0,0.01
1776871030.309384104,2,0,0.01
1776871030.309384104,3,0,0.01
1776871031.342643796,0,0,1.23
1776871031.342643796,1,0,0.01
1776871031.342643796,2,0,0.01
1776871031.342643796,3,0,0.01
1776871032.374241347,0,0,1.23
1776871032.374241347,1,0,0.01
1776871032.374241347,2,0,0.01
1776871032.374241347,3,0,0.01
1776871033.408839518,0,0,1.23
1776871033.408839518,1,0,0.01
1776871033.408839518,2,0,0.01
1776871033.408839518,3,0,0.01
1776871034.442213656,0,0,1.23
1776871034.442213656,1,0,0.01
1776871034.442213656,2,0,0.01
1776871034.442213656,3,0,0.01
1776871035.475077567,0,0,1.23
1776871035.475077567,1,0,0.01
1776871035.475077567,2,0,0.01
1776871035.475077567,3,0,0.01
1776871036.507931065,0,0,1.23
1776871036.507931065,1,0,0.01
1776871036.507931065,2,0,0.01
1776871036.507931065,3,0,0.01
1776871037.541918933,0,0,1.23
1776871037.541918933,1,0,0.01
1776871037.541918933,2,0,0.01
1776871037.541918933,3,0,0.01
1776871038.576056295,0,0,1.23
1776871038.576056295,1,0,0.01
1776871038.576056295,2,0,0.01
1776871038.576056295,3,0,0.01
1776871039.610241047,0,32,1.23
1776871039.610241047,1,0,0.01
1776871039.610241047,2,0,0.01
1776871039.610241047,3,0,0.01
1776871040.643453284,0,33,1.23
1776871040.643453284,1,0,0.01
1776871040.643453284,2,0,0.01
1776871040.643453284,3,0,0.01
1776871041.676345789,0,33,1.23
1776871041.676345789,1,0,0.01
1776871041.676345789,2,0,0.01
1776871041.676345789,3,0,0.01
1776871042.710820562,0,33,1.23
1776871042.710820562,1,0,0.01
1776871042.710820562,2,0,0.01
1776871042.710820562,3,0,0.01
1776871043.743874359,0,0,1.23
1776871043.743874359,1,0,0.01
1776871043.743874359,2,0,0.01
1776871043.743874359,3,0,0.01
1776871044.775926075,0,0,1.23
1776871044.775926075,1,0,0.01
1776871044.775926075,2,0,0.01
1776871044.775926075,3,0,0.01
1776871045.809290511,0,0,1.23
1776871045.809290511,1,0,0.01
1776871045.809290511,2,0,0.01
1776871045.809290511,3,0,0.01
1776871046.841048733,0,0,1.23
1776871046.841048733,1,0,0.01
1776871046.841048733,2,0,0.01
1776871046.841048733,3,0,0.01
1776871047.874520120,0,34,1.23
1776871047.874520120,1,0,0.01
1776871047.874520120,2,0,0.01
1776871047.874520120,3,0,0.01
1776871048.906585536,0,38,1.23
1776871048.906585536,1,0,0.01
1776871048.906585536,2,0,0.01
1776871048.906585536,3,0,0.01
1776871049.939785128,0,38,1.23
1776871049.939785128,1,0,0.01
1776871049.939785128,2,0,0.01
1776871049.939785128,3,0,0.01
1776871050.972896904,0,0,1.23
1776871050.972896904,1,0,0.01
1776871050.972896904,2,0,0.01
1776871050.972896904,3,0,0.01
1776871052.006646298,0,0,1.23
1776871052.006646298,1,0,0.01
1776871052.006646298,2,0,0.01
1776871052.006646298,3,0,0.01
1776871053.041706417,0,0,1.23
1776871053.041706417,1,0,0.01
1776871053.041706417,2,0,0.01
1776871053.041706417,3,0,0.01
1776871054.074841277,0,0,1.23
1776871054.074841277,1,0,0.01
1776871054.074841277,2,0,0.01
1776871054.074841277,3,0,0.01
1776871055.108390423,0,0,1.23
1776871055.108390423,1,0,0.01
1776871055.108390423,2,0,0.01
1776871055.108390423,3,0,0.01
1776871056.141682622,0,0,1.23
1776871056.141682622,1,0,0.01
1776871056.141682622,2,0,0.01
1776871056.141682622,3,0,0.01
1776871057.175864559,0,0,1.23
1776871057.175864559,1,0,0.01
1776871057.175864559,2,0,0.01
1776871057.175864559,3,0,0.01
1776871058.210013327,0,0,1.23
1776871058.210013327,1,0,0.01
1776871058.210013327,2,0,0.01
1776871058.210013327,3,0,0.01
1776871059.243209891,0,0,1.23
1776871059.243209891,1,0,0.01
1776871059.243209891,2,0,0.01
1776871059.243209891,3,0,0.01
1776871060.276504952,0,36,1.23
1776871060.276504952,1,0,0.01
1776871060.276504952,2,0,0.01
1776871060.276504952,3,0,0.01
1776871061.310181299,0,37,1.23
1776871061.310181299,1,0,0.01
1776871061.310181299,2,0,0.01
1776871061.310181299,3,0,0.01
1776871062.343549728,0,33,1.23
1776871062.343549728,1,0,0.01
1776871062.343549728,2,0,0.01
1776871062.343549728,3,0,0.01
1776871063.377575810,0,0,1.23
1776871063.377575810,1,0,0.01
1776871063.377575810,2,0,0.01
1776871063.377575810,3,0,0.01
1776871064.411554084,0,0,1.23
1776871064.411554084,1,0,0.01
1776871064.411554084,2,0,0.01
1776871064.411554084,3,0,0.01
1776871065.445364660,0,34,1.23
1776871065.445364660,1,0,0.01
1776871065.445364660,2,0,0.01
1776871065.445364660,3,0,0.01
1776871066.479494293,0,33,1.23
1776871066.479494293,1,0,0.01
1776871066.479494293,2,0,0.01
1776871066.479494293,3,0,0.01
1776871067.512396510,0,33,1.23
1776871067.512396510,1,0,0.01
1776871067.512396510,2,0,0.01
1776871067.512396510,3,0,0.01
1776871068.545599785,0,33,1.23
1776871068.545599785,1,0,0.01
1776871068.545599785,2,0,0.01
1776871068.545599785,3,0,0.01
1776871069.579715600,0,0,1.23
1776871069.579715600,1,0,0.01
1776871069.579715600,2,0,0.01
1776871069.579715600,3,0,0.01
1776871070.613422710,0,0,1.23
1776871070.613422710,1,0,0.01
1776871070.613422710,2,0,0.01
1776871070.613422710,3,0,0.01
1776871071.646405757,0,34,1.23
1776871071.646405757,1,0,0.01
1776871071.646405757,2,0,0.01
1776871071.646405757,3,0,0.01
1776871072.680285594,0,34,1.23
1776871072.680285594,1,0,0.01
1776871072.680285594,2,0,0.01
1776871072.680285594,3,0,0.01
1776871073.713820823,0,34,1.23
1776871073.713820823,1,0,0.01
1776871073.713820823,2,0,0.01
1776871073.713820823,3,0,0.01
1776871074.746427044,0,28,1.23
1776871074.746427044,1,0,0.01
1776871074.746427044,2,0,0.01
1776871074.746427044,3,0,0.01
1776871075.779627574,0,0,1.23
1776871075.779627574,1,0,0.01
1776871075.779627574,2,0,0.01
1776871075.779627574,3,0,0.01
1776871076.812932056,0,0,1.23
1776871076.812932056,1,0,0.01
1776871076.812932056,2,0,0.01
1776871076.812932056,3,0,0.01
1776871077.846095998,0,0,1.23
1776871077.846095998,1,0,0.01
1776871077.846095998,2,0,0.01
1776871077.846095998,3,0,0.01
1776871078.880606892,0,0,1.23
1776871078.880606892,1,0,0.01
1776871078.880606892,2,0,0.01
1776871078.880606892,3,0,0.01
1776871079.914547803,0,0,1.23
1776871079.914547803,1,0,0.01
1776871079.914547803,2,0,0.01
1776871079.914547803,3,0,0.01
1776871080.948052186,0,0,1.23
1776871080.948052186,1,0,0.01
1776871080.948052186,2,0,0.01
1776871080.948052186,3,0,0.01
1776871081.982547052,0,0,1.23
1776871081.982547052,1,0,0.01
1776871081.982547052,2,0,0.01
1776871081.982547052,3,0,0.01
1776871083.017469302,0,0,1.23
1776871083.017469302,1,0,0.01
1776871083.017469302,2,0,0.01
1776871083.017469302,3,0,0.01
1776871084.050659782,0,0,1.23
1776871084.050659782,1,0,0.01
1776871084.050659782,2,0,0.01
1776871084.050659782,3,0,0.01
1776871085.082596790,0,36,1.23
1776871085.082596790,1,0,0.01
1776871085.082596790,2,0,0.01
1776871085.082596790,3,0,0.01
1776871086.115831983,0,35,1.23
1776871086.115831983,1,0,0.01
1776871086.115831983,2,0,0.01
1776871086.115831983,3,0,0.01
1776871087.149450585,0,37,1.23
1776871087.149450585,1,0,0.01
1776871087.149450585,2,0,0.01
1776871087.149450585,3,0,0.01
1776871088.182848915,0,0,1.23
1776871088.182848915,1,0,0.01
1776871088.182848915,2,0,0.01
1776871088.182848915,3,0,0.01
1776871089.216378528,0,38,1.23
1776871089.216378528,1,0,0.01
1776871089.216378528,2,0,0.01
1776871089.216378528,3,0,0.01
1776871090.250335879,0,34,1.23
1776871090.250335879,1,0,0.01
1776871090.250335879,2,0,0.01
1776871090.250335879,3,0,0.01
1776871091.283439315,0,34,1.23
1776871091.283439315,1,0,0.01
1776871091.283439315,2,0,0.01
1776871091.283439315,3,0,0.01
1776871092.315695384,0,38,1.23
1776871092.315695384,1,0,0.01
1776871092.315695384,2,0,0.01
1776871092.315695384,3,0,0.01
1776871093.348603946,0,0,1.23
1776871093.348603946,1,0,0.01
1776871093.348603946,2,0,0.01
1776871093.348603946,3,0,0.01
1776871094.381269902,0,0,1.23
1776871094.381269902,1,0,0.01
1776871094.381269902,2,0,0.01
1776871094.381269902,3,0,0.01
1776871095.415296263,0,0,1.23
1776871095.415296263,1,0,0.01
1776871095.415296263,2,0,0.01
1776871095.415296263,3,0,0.01
1776871096.449468368,0,0,1.23
1776871096.449468368,1,0,0.01
1776871096.449468368,2,0,0.01
1776871096.449468368,3,0,0.01
1776871097.483476583,0,0,1.23
1776871097.483476583,1,0,0.01
1776871097.483476583,2,0,0.01
1776871097.483476583,3,0,0.01
1776871098.516506276,0,0,1.23
1776871098.516506276,1,0,0.01
1776871098.516506276,2,0,0.01
1776871098.516506276,3,0,0.01
1776871099.549413218,0,0,1.23
1776871099.549413218,1,0,0.01
1776871099.549413218,2,0,0.01
1776871099.549413218,3,0,0.01
1776871100.583103314,0,0,1.23
1776871100.583103314,1,0,0.01
1776871100.583103314,2,0,0.01
1776871100.583103314,3,0,0.01
1776871101.617094339,0,0,1.23
1776871101.617094339,1,0,0.01
1776871101.617094339,2,0,0.01
1776871101.617094339,3,0,0.01
1776871102.650557761,0,0,1.23
1776871102.650557761,1,0,0.01
1776871102.650557761,2,0,0.01
1776871102.650557761,3,0,0.01
1776871103.684619773,0,0,1.23
1776871103.684619773,1,0,0.01
1776871103.684619773,2,0,0.01
1776871103.684619773,3,0,0.01
1776871104.718824073,0,0,1.23
1776871104.718824073,1,0,0.01
1776871104.718824073,2,0,0.01
1776871104.718824073,3,0,0.01
1776871105.752490045,0,32,1.23
1776871105.752490045,1,0,0.01
1776871105.752490045,2,0,0.01
1776871105.752490045,3,0,0.01
1776871106.785432570,0,32,1.23
1776871106.785432570,1,0,0.01
1776871106.785432570,2,0,0.01
1776871106.785432570,3,0,0.01
1776871107.817924032,0,32,1.23
1776871107.817924032,1,0,0.01
1776871107.817924032,2,0,0.01
1776871107.817924032,3,0,0.01
1776871108.851917108,0,32,1.23
1776871108.851917108,1,0,0.01
1776871108.851917108,2,0,0.01
1776871108.851917108,3,0,0.01
1776871109.884650103,0,0,1.23
1776871109.884650103,1,0,0.01
1776871109.884650103,2,0,0.01
1776871109.884650103,3,0,0.01
1776871110.918459973,0,0,1.23
1776871110.918459973,1,0,0.01
1776871110.918459973,2,0,0.01
1776871110.918459973,3,0,0.01
1776871111.952320067,0,0,1.23
1776871111.952320067,1,0,0.01
1776871111.952320067,2,0,0.01
1776871111.952320067,3,0,0.01
1776871112.986619053,0,0,1.23
1776871112.986619053,1,0,0.01
1776871112.986619053,2,0,0.01
1776871112.986619053,3,0,0.01
1776871114.019470466,0,31,1.23
1776871114.019470466,1,0,0.01
1776871114.019470466,2,0,0.01
1776871114.019470466,3,0,0.01
1776871115.051664302,0,38,1.23
1776871115.051664302,1,0,0.01
1776871115.051664302,2,0,0.01
1776871115.051664302,3,0,0.01
1776871116.084185987,0,37,1.23
1776871116.084185987,1,0,0.01
1776871116.084185987,2,0,0.01
1776871116.084185987,3,0,0.01
1776871117.117954096,0,34,1.23
1776871117.117954096,1,0,0.01
1776871117.117954096,2,0,0.01
1776871117.117954096,3,0,0.01
1776871118.150684223,0,0,1.23
1776871118.150684223,1,0,0.01
1776871118.150684223,2,0,0.01
1776871118.150684223,3,0,0.01
1776871119.182829738,0,0,1.23
1776871119.182829738,1,0,0.01
1776871119.182829738,2,0,0.01
1776871119.182829738,3,0,0.01
1776871120.214118097,0,33,1.23
1776871120.214118097,1,0,0.01
1776871120.214118097,2,0,0.01
1776871120.214118097,3,0,0.01
1776871121.247650975,0,33,1.23
1776871121.247650975,1,0,0.01
1776871121.247650975,2,0,0.01
1776871121.247650975,3,0,0.01
1776871122.281323812,0,33,1.23
1776871122.281323812,1,0,0.01
1776871122.281323812,2,0,0.01
1776871122.281323812,3,0,0.01
1776871123.316159139,0,0,1.23
1776871123.316159139,1,0,0.01
1776871123.316159139,2,0,0.01
1776871123.316159139,3,0,0.01
1776871124.349277489,0,0,1.23
1776871124.349277489,1,0,0.01
1776871124.349277489,2,0,0.01
1776871124.349277489,3,0,0.01
1776871125.381024513,0,0,1.23
1776871125.381024513,1,0,0.01
1776871125.381024513,2,0,0.01
1776871125.381024513,3,0,0.01
1776871126.414553066,0,0,1.23
1776871126.414553066,1,0,0.01
1776871126.414553066,2,0,0.01
1776871126.414553066,3,0,0.01
1776871127.447684030,0,0,1.23
1776871127.447684030,1,0,0.01
1776871127.447684030,2,0,0.01
1776871127.447684030,3,0,0.01
1776871128.480980155,0,0,1.23
1776871128.480980155,1,0,0.01
1776871128.480980155,2,0,0.01
1776871128.480980155,3,0,0.01
1776871129.514921196,0,0,1.23
1776871129.514921196,1,0,0.01
1776871129.514921196,2,0,0.01
1776871129.514921196,3,0,0.01
1776871130.549185709,0,0,1.23
1776871130.549185709,1,0,0.01
1776871130.549185709,2,0,0.01
1776871130.549185709,3,0,0.01
1776871131.584175823,0,32,1.23
1776871131.584175823,1,0,0.01
1776871131.584175823,2,0,0.01
1776871131.584175823,3,0,0.01
1776871132.618339777,0,32,1.23
1776871132.618339777,1,0,0.01
1776871132.618339777,2,0,0.01
1776871132.618339777,3,0,0.01
1776871133.655300603,0,31,1.23
1776871133.655300603,1,0,0.01
1776871133.655300603,2,0,0.01
1776871133.655300603,3,0,0.01
1776871134.689950992,0,5,1.23
1776871134.689950992,1,0,0.01
1776871134.689950992,2,0,0.01
1776871134.689950992,3,0,0.01
1776871135.723670353,0,0,1.23
1776871135.723670353,1,0,0.01
1776871135.723670353,2,0,0.01
1776871135.723670353,3,0,0.01
1776871136.756271684,0,0,1.23
1776871136.756271684,1,0,0.01
1776871136.756271684,2,0,0.01
1776871136.756271684,3,0,0.01
1776871137.789546744,0,0,1.23
1776871137.789546744,1,0,0.01
1776871137.789546744,2,0,0.01
1776871137.789546744,3,0,0.01
1776871138.823582650,0,32,1.23
1776871138.823582650,1,0,0.01
1776871138.823582650,2,0,0.01
1776871138.823582650,3,0,0.01
1776871139.856474233,0,37,1.23
1776871139.856474233,1,0,0.01
1776871139.856474233,2,0,0.01
1776871139.856474233,3,0,0.01
1776871140.887800351,0,34,1.23
1776871140.887800351,1,0,0.01
1776871140.887800351,2,0,0.01
1776871140.887800351,3,0,0.01
1776871141.921580463,0,33,1.23
1776871141.921580463,1,0,0.01
1776871141.921580463,2,0,0.01
1776871141.921580463,3,0,0.01
1776871142.954582860,0,0,1.23
1776871142.954582860,1,0,0.01
1776871142.954582860,2,0,0.01
1776871142.954582860,3,0,0.01
1776871143.988247385,0,0,1.23
1776871143.988247385,1,0,0.01
1776871143.988247385,2,0,0.01
1776871143.988247385,3,0,0.01
1776871145.021519365,0,0,1.23
1776871145.021519365,1,0,0.01
1776871145.021519365,2,0,0.01
1776871145.021519365,3,0,0.01
1776871146.054869269,0,0,1.23
1776871146.054869269,1,0,0.01
1776871146.054869269,2,0,0.01
1776871146.054869269,3,0,0.01
1776871147.087600228,0,0,1.23
1776871147.087600228,1,0,0.01
1776871147.087600228,2,0,0.01
1776871147.087600228,3,0,0.01
1776871148.120568644,0,0,1.23
1776871148.120568644,1,0,0.01
1776871148.120568644,2,0,0.01
1776871148.120568644,3,0,0.01
1776871149.154177550,0,24,1.23
1776871149.154177550,1,0,0.01
1776871149.154177550,2,0,0.01
1776871149.154177550,3,0,0.01
1776871150.188080642,0,32,1.23
1776871150.188080642,1,0,0.01
1776871150.188080642,2,0,0.01
1776871150.188080642,3,0,0.01
1776871151.220824739,0,32,1.23
1776871151.220824739,1,0,0.01
1776871151.220824739,2,0,0.01
1776871151.220824739,3,0,0.01
1776871152.253962285,0,36,1.23
1776871152.253962285,1,0,0.01
1776871152.253962285,2,0,0.01
1776871152.253962285,3,0,0.01
1776871153.287919072,0,0,1.23
1776871153.287919072,1,0,0.01
1776871153.287919072,2,0,0.01
1776871153.287919072,3,0,0.01
1776871154.320421424,0,0,1.23
1776871154.320421424,1,0,0.01
1776871154.320421424,2,0,0.01
1776871154.320421424,3,0,0.01
1776871155.353331134,0,0,1.23
1776871155.353331134,1,0,0.01
1776871155.353331134,2,0,0.01
1776871155.353331134,3,0,0.01
1776871156.388129602,0,0,1.23
1776871156.388129602,1,0,0.01
1776871156.388129602,2,0,0.01
1776871156.388129602,3,0,0.01
1776871157.422785196,0,0,1.23
1776871157.422785196,1,0,0.01
1776871157.422785196,2,0,0.01
1776871157.422785196,3,0,0.01
1776871158.456310132,0,0,1.23
1776871158.456310132,1,0,0.01
1776871158.456310132,2,0,0.01
1776871158.456310132,3,0,0.01
1776871159.489628998,0,0,1.23
1776871159.489628998,1,0,0.01
1776871159.489628998,2,0,0.01
1776871159.489628998,3,0,0.01
1776871160.521721453,0,0,1.23
1776871160.521721453,1,0,0.01
1776871160.521721453,2,0,0.01
1776871160.521721453,3,0,0.01
1776871161.553461393,0,0,1.23
1776871161.553461393,1,0,0.01
1776871161.553461393,2,0,0.01
1776871161.553461393,3,0,0.01
1776871162.586822644,0,38,1.23
1776871162.586822644,1,0,0.01
1776871162.586822644,2,0,0.01
1776871162.586822644,3,0,0.01
1776871163.620919157,0,34,1.23
1776871163.620919157,1,0,0.01
1776871163.620919157,2,0,0.01
1776871163.620919157,3,0,0.01
1776871164.653879835,0,34,1.23
1776871164.653879835,1,0,0.01
1776871164.653879835,2,0,0.01
1776871164.653879835,3,0,0.01
1776871165.685639971,0,29,1.23
1776871165.685639971,1,0,0.01
1776871165.685639971,2,0,0.01
1776871165.685639971,3,0,0.01
1776871166.718309432,0,0,1.23
1776871166.718309432,1,0,0.01
1776871166.718309432,2,0,0.01
1776871166.718309432,3,0,0.01
1776871167.751900768,0,0,1.23
1776871167.751900768,1,0,0.01
1776871167.751900768,2,0,0.01
1776871167.751900768,3,0,0.01
1776871168.786656840,0,0,1.23
1776871168.786656840,1,0,0.01
1776871168.786656840,2,0,0.01
1776871168.786656840,3,0,0.01
1776871169.819272434,0,0,1.23
1776871169.819272434,1,0,0.01
1776871169.819272434,2,0,0.01
1776871169.819272434,3,0,0.01
1776871170.852123794,0,0,1.23
1776871170.852123794,1,0,0.01
1776871170.852123794,2,0,0.01
1776871170.852123794,3,0,0.01
1776871171.885810489,0,0,1.23
1776871171.885810489,1,0,0.01
1776871171.885810489,2,0,0.01
1776871171.885810489,3,0,0.01
1776871172.919005265,0,0,1.23
1776871172.919005265,1,0,0.01
1776871172.919005265,2,0,0.01
1776871172.919005265,3,0,0.01
1776871173.952417282,0,0,1.23
1776871173.952417282,1,0,0.01
1776871173.952417282,2,0,0.01
1776871173.952417282,3,0,0.01
1776871174.985426768,0,31,1.23
1776871174.985426768,1,0,0.01
1776871174.985426768,2,0,0.01
1776871174.985426768,3,0,0.01
1776871176.018497507,0,31,1.23
1776871176.018497507,1,0,0.01
1776871176.018497507,2,0,0.01
1776871176.018497507,3,0,0.01
1776871177.050520686,0,36,1.23
1776871177.050520686,1,0,0.01
1776871177.050520686,2,0,0.01
1776871177.050520686,3,0,0.01
1776871178.082902836,0,36,1.23
1776871178.082902836,1,0,0.01
1776871178.082902836,2,0,0.01
1776871178.082902836,3,0,0.01
1776871179.116900993,0,0,1.23
1776871179.116900993,1,0,0.01
1776871179.116900993,2,0,0.01
1776871179.116900993,3,0,0.01
1776871180.149609253,0,37,1.23
1776871180.149609253,1,0,0.01
1776871180.149609253,2,0,0.01
1776871180.149609253,3,0,0.01
1776871181.182905839,0,37,1.23
1776871181.182905839,1,0,0.01
1776871181.182905839,2,0,0.01
1776871181.182905839,3,0,0.01
1776871182.216376924,0,37,1.23
1776871182.216376924,1,0,0.01
1776871182.216376924,2,0,0.01
1776871182.216376924,3,0,0.01
1776871183.250630018,0,0,1.23
1776871183.250630018,1,0,0.01
1776871183.250630018,2,0,0.01
1776871183.250630018,3,0,0.01
1776871184.284719560,0,0,1.23
1776871184.284719560,1,0,0.01
1776871184.284719560,2,0,0.01
1776871184.284719560,3,0,0.01
1776871185.318358795,0,0,1.23
1776871185.318358795,1,0,0.01
1776871185.318358795,2,0,0.01
1776871185.318358795,3,0,0.01
1776871186.351923698,0,0,1.23
1776871186.351923698,1,0,0.01
1776871186.351923698,2,0,0.01
1776871186.351923698,3,0,0.01
1776871187.385533908,0,0,1.23
1776871187.385533908,1,0,0.01
1776871187.385533908,2,0,0.01
1776871187.385533908,3,0,0.01
1776871188.418931420,0,0,1.23
1776871188.418931420,1,0,0.01
1776871188.418931420,2,0,0.01
1776871188.418931420,3,0,0.01
1776871189.452986174,0,0,1.23
1776871189.452986174,1,0,0.01
1776871189.452986174,2,0,0.01
1776871189.452986174,3,0,0.01
1776871190.485362909,0,37,1.23
1776871190.485362909,1,0,0.01
1776871190.485362909,2,0,0.01
1776871190.485362909,3,0,0.01
1776871191.517602097,0,38,1.23
1776871191.517602097,1,0,0.01
1776871191.517602097,2,0,0.01
1776871191.517602097,3,0,0.01
1776871192.549875733,0,38,1.23
1776871192.549875733,1,0,0.01
1776871192.549875733,2,0,0.01
1776871192.549875733,3,0,0.01
1776871193.583924869,0,0,1.23
1776871193.583924869,1,0,0.01
1776871193.583924869,2,0,0.01
1776871193.583924869,3,0,0.01
1776871194.617169014,0,0,1.23
1776871194.617169014,1,0,0.01
1776871194.617169014,2,0,0.01
1776871194.617169014,3,0,0.01
1776871195.649554299,0,0,1.23
1776871195.649554299,1,0,0.01
1776871195.649554299,2,0,0.01
1776871195.649554299,3,0,0.01
1776871196.681947533,0,0,1.23
1776871196.681947533,1,0,0.01
1776871196.681947533,2,0,0.01
1776871196.681947533,3,0,0.01
1776871197.713848349,0,0,1.23
1776871197.713848349,1,0,0.01
1776871197.713848349,2,0,0.01
1776871197.713848349,3,0,0.01
1776871198.747464197,0,36,1.23
1776871198.747464197,1,0,0.01
1776871198.747464197,2,0,0.01
1776871198.747464197,3,0,0.01
1776871199.780247347,0,36,1.23
1776871199.780247347,1,0,0.01
1776871199.780247347,2,0,0.01
1776871199.780247347,3,0,0.01
1776871200.812508245,0,36,1.23
1776871200.812508245,1,0,0.01
1776871200.812508245,2,0,0.01
1776871200.812508245,3,0,0.01
1776871201.847167734,0,0,1.23
1776871201.847167734,1,0,0.01
1776871201.847167734,2,0,0.01
1776871201.847167734,3,0,0.01
1776871202.880374595,0,0,1.23
1776871202.880374595,1,0,0.01
1776871202.880374595,2,0,0.01
1776871202.880374595,3,0,0.01
1776871203.914064499,0,0,1.23
1776871203.914064499,1,0,0.01
1776871203.914064499,2,0,0.01
1776871203.914064499,3,0,0.01
1776871204.947469923,0,0,1.23
1776871204.947469923,1,0,0.01
1776871204.947469923,2,0,0.01
1776871204.947469923,3,0,0.01
1776871205.979379292,0,0,1.23
1776871205.979379292,1,0,0.01
1776871205.979379292,2,0,0.01
1776871205.979379292,3,0,0.01
1776871207.012725165,0,0,1.23
1776871207.012725165,1,0,0.01
1776871207.012725165,2,0,0.01
1776871207.012725165,3,0,0.01
1776871208.045438449,0,0,1.23
1776871208.045438449,1,0,0.01
1776871208.045438449,2,0,0.01
1776871208.045438449,3,0,0.01
1776871209.077075770,0,38,1.23
1776871209.077075770,1,0,0.01
1776871209.077075770,2,0,0.01
1776871209.077075770,3,0,0.01
1776871210.109791492,0,38,1.23
1776871210.109791492,1,0,0.01
1776871210.109791492,2,0,0.01
1776871210.109791492,3,0,0.01
1776871211.142139671,0,37,1.23
1776871211.142139671,1,0,0.01
1776871211.142139671,2,0,0.01
1776871211.142139671,3,0,0.01
1776871212.175388692,0,0,1.23
1776871212.175388692,1,0,0.01
1776871212.175388692,2,0,0.01
1776871212.175388692,3,0,0.01
1776871213.208990016,0,0,1.23
1776871213.208990016,1,0,0.01
1776871213.208990016,2,0,0.01
1776871213.208990016,3,0,0.01
1776871214.243130221,0,0,1.23
1776871214.243130221,1,0,0.01
1776871214.243130221,2,0,0.01
1776871214.243130221,3,0,0.01
1776871215.275256480,0,0,1.23
1776871215.275256480,1,0,0.01
1776871215.275256480,2,0,0.01
1776871215.275256480,3,0,0.01
1776871216.309177021,0,37,1.23
1776871216.309177021,1,0,0.01
1776871216.309177021,2,0,0.01
1776871216.309177021,3,0,0.01
1776871217.342819328,0,37,1.23
1776871217.342819328,1,0,0.01
1776871217.342819328,2,0,0.01
1776871217.342819328,3,0,0.01
1776871218.376279412,0,36,1.23
1776871218.376279412,1,0,0.01
1776871218.376279412,2,0,0.01
1776871218.376279412,3,0,0.01
1776871219.410435706,0,0,1.23
1776871219.410435706,1,0,0.01
1776871219.410435706,2,0,0.01
1776871219.410435706,3,0,0.01
1776871220.444258022,0,0,1.23
1776871220.444258022,1,0,0.01
1776871220.444258022,2,0,0.01
1776871220.444258022,3,0,0.01
1776871221.478472905,0,0,1.23
1776871221.478472905,1,0,0.01
1776871221.478472905,2,0,0.01
1776871221.478472905,3,0,0.01
1776871222.512653045,0,0,1.23
1776871222.512653045,1,0,0.01
1776871222.512653045,2,0,0.01
1776871222.512653045,3,0,0.01
1776871223.545939728,0,0,1.23
1776871223.545939728,1,0,0.01
1776871223.545939728,2,0,0.01
1776871223.545939728,3,0,0.01
1776871224.580289490,0,0,1.23
1776871224.580289490,1,0,0.01
1776871224.580289490,2,0,0.01
1776871224.580289490,3,0,0.01
1776871225.612574235,0,0,1.23
1776871225.612574235,1,0,0.01
1776871225.612574235,2,0,0.01
1776871225.612574235,3,0,0.01
1776871226.646990017,0,7,1.23
1776871226.646990017,1,0,0.01
1776871226.646990017,2,0,0.01
1776871226.646990017,3,0,0.01
1776871227.680407709,0,37,1.23
1776871227.680407709,1,0,0.01
1776871227.680407709,2,0,0.01
1776871227.680407709,3,0,0.01
1776871228.712474982,0,37,1.23
1776871228.712474982,1,0,0.01
1776871228.712474982,2,0,0.01
1776871228.712474982,3,0,0.01
1776871229.746500981,0,37,1.23
1776871229.746500981,1,0,0.01
1776871229.746500981,2,0,0.01
1776871229.746500981,3,0,0.01
1776871230.780452941,0,0,1.23
1776871230.780452941,1,0,0.01
1776871230.780452941,2,0,0.01
1776871230.780452941,3,0,0.01
1776871231.813676713,0,0,1.23
1776871231.813676713,1,0,0.01
1776871231.813676713,2,0,0.01
1776871231.813676713,3,0,0.01
1776871232.847508338,0,38,1.23
1776871232.847508338,1,0,0.01
1776871232.847508338,2,0,0.01
1776871232.847508338,3,0,0.01
1776871233.880498440,0,38,1.23
1776871233.880498440,1,0,0.01
1776871233.880498440,2,0,0.01
1776871233.880498440,3,0,0.01
1776871234.913369525,0,38,1.23
1776871234.913369525,1,0,0.01
1776871234.913369525,2,0,0.01
1776871234.913369525,3,0,0.01
1776871235.946311412,0,37,1.23
1776871235.946311412,1,0,0.01
1776871235.946311412,2,0,0.01
1776871235.946311412,3,0,0.01
1776871236.979847526,0,0,1.23
1776871236.979847526,1,0,0.01
1776871236.979847526,2,0,0.01
1776871236.979847526,3,0,0.01
1776871238.012626172,0,37,1.23
1776871238.012626172,1,0,0.01
1776871238.012626172,2,0,0.01
1776871238.012626172,3,0,0.01
1776871239.045282277,0,37,1.23
1776871239.045282277,1,0,0.01
1776871239.045282277,2,0,0.01
1776871239.045282277,3,0,0.01
1776871240.077460514,0,38,1.23
1776871240.077460514,1,0,0.01
1776871240.077460514,2,0,0.01
1776871240.077460514,3,0,0.01
1776871241.111014528,0,0,1.23
1776871241.111014528,1,0,0.01
1776871241.111014528,2,0,0.01
1776871241.111014528,3,0,0.01
1776871242.143203070,0,0,1.23
1776871242.143203070,1,0,0.01
1776871242.143203070,2,0,0.01
1776871242.143203070,3,0,0.01
1776871243.177109013,0,0,1.23
1776871243.177109013,1,0,0.01
1776871243.177109013,2,0,0.01
1776871243.177109013,3,0,0.01
1776871244.210676580,0,0,1.23
1776871244.210676580,1,0,0.01
1776871244.210676580,2,0,0.01
1776871244.210676580,3,0,0.01
1776871245.243855051,0,36,1.23
1776871245.243855051,1,0,0.01
1776871245.243855051,2,0,0.01
1776871245.243855051,3,0,0.01
1776871246.277681008,0,36,1.23
1776871246.277681008,1,0,0.01
1776871246.277681008,2,0,0.01
1776871246.277681008,3,0,0.01
1776871247.311579742,0,36,1.23
1776871247.311579742,1,0,0.01
1776871247.311579742,2,0,0.01
1776871247.311579742,3,0,0.01
1776871248.344640044,0,36,1.23
1776871248.344640044,1,0,0.01
1776871248.344640044,2,0,0.01
1776871248.344640044,3,0,0.01
1776871249.376547263,0,0,1.23
1776871249.376547263,1,0,0.01
1776871249.376547263,2,0,0.01
1776871249.376547263,3,0,0.01
1776871250.409625582,0,0,1.23
1776871250.409625582,1,0,0.01
1776871250.409625582,2,0,0.01
1776871250.409625582,3,0,0.01
1776871251.442660307,0,0,1.23
1776871251.442660307,1,0,0.01
1776871251.442660307,2,0,0.01
1776871251.442660307,3,0,0.01
1776871252.474340306,0,0,1.23
1776871252.474340306,1,0,0.01
1776871252.474340306,2,0,0.01
1776871252.474340306,3,0,0.01
1776871253.508157976,0,0,1.23
1776871253.508157976,1,0,0.01
1776871253.508157976,2,0,0.01
1776871253.508157976,3,0,0.01
1776871254.541763485,0,0,1.23
1776871254.541763485,1,0,0.01
1776871254.541763485,2,0,0.01
1776871254.541763485,3,0,0.01
1776871255.575006332,0,0,1.23
1776871255.575006332,1,0,0.01
1776871255.575006332,2,0,0.01
1776871255.575006332,3,0,0.01
1776871256.609194678,0,0,1.23
1776871256.609194678,1,0,0.01
1776871256.609194678,2,0,0.01
1776871256.609194678,3,0,0.01
1776871257.641562610,0,0,1.23
1776871257.641562610,1,0,0.01
1776871257.641562610,2,0,0.01
1776871257.641562610,3,0,0.01
1776871258.673645059,0,0,1.23
1776871258.673645059,1,0,0.01
1776871258.673645059,2,0,0.01
1776871258.673645059,3,0,0.01
1776871259.705375715,0,0,1.23
1776871259.705375715,1,0,0.01
1776871259.705375715,2,0,0.01
1776871259.705375715,3,0,0.01
1776871260.736866014,0,37,1.23
1776871260.736866014,1,0,0.01
1776871260.736866014,2,0,0.01
1776871260.736866014,3,0,0.01
1776871261.770379619,0,37,1.23
1776871261.770379619,1,0,0.01
1776871261.770379619,2,0,0.01
1776871261.770379619,3,0,0.01
1776871262.804015283,0,38,1.23
1776871262.804015283,1,0,0.01
1776871262.804015283,2,0,0.01
1776871262.804015283,3,0,0.01
1776871263.837795122,0,26,1.23
1776871263.837795122,1,0,0.01
1776871263.837795122,2,0,0.01
1776871263.837795122,3,0,0.01
1776871264.871738652,0,0,1.23
1776871264.871738652,1,0,0.01
1776871264.871738652,2,0,0.01
1776871264.871738652,3,0,0.01
1776871265.904817581,0,0,1.23
1776871265.904817581,1,0,0.01
1776871265.904817581,2,0,0.01
1776871265.904817581,3,0,0.01
1776871266.938511289,0,0,1.23
1776871266.938511289,1,0,0.01
1776871266.938511289,2,0,0.01
1776871266.938511289,3,0,0.01
1776871267.973985811,0,0,1.23
1776871267.973985811,1,0,0.01
1776871267.973985811,2,0,0.01
1776871267.973985811,3,0,0.01
1776871269.007721862,0,0,1.23
1776871269.007721862,1,0,0.01
1776871269.007721862,2,0,0.01
1776871269.007721862,3,0,0.01
1776871270.042928896,0,0,1.23
1776871270.042928896,1,0,0.01
1776871270.042928896,2,0,0.01
1776871270.042928896,3,0,0.01
1776871271.076780465,0,0,1.23
1776871271.076780465,1,0,0.01
1776871271.076780465,2,0,0.01
1776871271.076780465,3,0,0.01
1776871272.110663189,0,0,1.23
1776871272.110663189,1,0,0.01
1776871272.110663189,2,0,0.01
1776871272.110663189,3,0,0.01
1776871273.144255895,0,0,1.23
1776871273.144255895,1,0,0.01
1776871273.144255895,2,0,0.01
1776871273.144255895,3,0,0.01
1776871274.175241316,0,0,1.23
1776871274.175241316,1,0,0.01
1776871274.175241316,2,0,0.01
1776871274.175241316,3,0,0.01
1776871275.207450170,0,0,1.23
1776871275.207450170,1,0,0.01
1776871275.207450170,2,0,0.01
1776871275.207450170,3,0,0.01
1776871276.240410341,0,0,1.23
1776871276.240410341,1,0,0.01
1776871276.240410341,2,0,0.01
1776871276.240410341,3,0,0.01
1776871277.275213339,0,22,1.23
1776871277.275213339,1,0,0.01
1776871277.275213339,2,0,0.01
1776871277.275213339,3,0,0.01
1776871278.309314676,0,38,1.23
1776871278.309314676,1,0,0.01
1776871278.309314676,2,0,0.01
1776871278.309314676,3,0,0.01
1776871279.342712955,0,37,1.23
1776871279.342712955,1,0,0.01
1776871279.342712955,2,0,0.01
1776871279.342712955,3,0,0.01
1776871280.376572346,0,37,1.23
1776871280.376572346,1,0,0.01
1776871280.376572346,2,0,0.01
1776871280.376572346,3,0,0.01
1776871281.409984415,0,0,1.23
1776871281.409984415,1,0,0.01
1776871281.409984415,2,0,0.01
1776871281.409984415,3,0,0.01
1776871282.444083549,0,0,1.23
1776871282.444083549,1,0,0.01
1776871282.444083549,2,0,0.01
1776871282.444083549,3,0,0.01
1776871283.477672211,0,0,1.23
1776871283.477672211,1,0,0.01
1776871283.477672211,2,0,0.01
1776871283.477672211,3,0,0.01
1776871284.509294555,0,0,1.23
1776871284.509294555,1,0,0.01
1776871284.509294555,2,0,0.01
1776871284.509294555,3,0,0.01
1776871285.542629521,0,0,1.23
1776871285.542629521,1,0,0.01
1776871285.542629521,2,0,0.01
1776871285.542629521,3,0,0.01
1776871286.576129958,0,0,1.23
1776871286.576129958,1,0,0.01
1776871286.576129958,2,0,0.01
1776871286.576129958,3,0,0.01
1776871287.610067017,0,0,1.23
1776871287.610067017,1,0,0.01
1776871287.610067017,2,0,0.01
1776871287.610067017,3,0,0.01
1776871288.643088949,0,0,1.23
1776871288.643088949,1,0,0.01
1776871288.643088949,2,0,0.01
1776871288.643088949,3,0,0.01
1776871289.677254327,0,0,1.23
1776871289.677254327,1,0,0.01
1776871289.677254327,2,0,0.01
1776871289.677254327,3,0,0.01
1776871290.710220952,0,0,1.23
1776871290.710220952,1,0,0.01
1776871290.710220952,2,0,0.01
1776871290.710220952,3,0,0.01
1776871291.743443258,0,32,1.23
1776871291.743443258,1,0,0.01
1776871291.743443258,2,0,0.01
1776871291.743443258,3,0,0.01
1776871292.775435964,0,32,1.23
1776871292.775435964,1,0,0.01
1776871292.775435964,2,0,0.01
1776871292.775435964,3,0,0.01
1776871293.808979122,0,32,1.23
1776871293.808979122,1,0,0.01
1776871293.808979122,2,0,0.01
1776871293.808979122,3,0,0.01
1776871294.842447505,0,25,1.23
1776871294.842447505,1,0,0.01
1776871294.842447505,2,0,0.01
1776871294.842447505,3,0,0.01
1776871295.875652465,0,0,1.23
1776871295.875652465,1,0,0.01
1776871295.875652465,2,0,0.01
1776871295.875652465,3,0,0.01
1776871296.908293793,0,0,1.23
1776871296.908293793,1,0,0.01
1776871296.908293793,2,0,0.01
1776871296.908293793,3,0,0.01
1776871297.941164177,0,34,1.23
1776871297.941164177,1,0,0.01
1776871297.941164177,2,0,0.01
1776871297.941164177,3,0,0.01
1776871298.975025967,0,38,1.23
1776871298.975025967,1,0,0.01
1776871298.975025967,2,0,0.01
1776871298.975025967,3,0,0.01
1776871300.006720582,0,38,1.23
1776871300.006720582,1,0,0.01
1776871300.006720582,2,0,0.01
1776871300.006720582,3,0,0.01
1776871301.038291165,0,8,1.23
1776871301.038291165,1,0,0.01
1776871301.038291165,2,0,0.01
1776871301.038291165,3,0,0.01
1776871302.072000318,0,0,1.23
1776871302.072000318,1,0,0.01
1776871302.072000318,2,0,0.01
1776871302.072000318,3,0,0.01
1776871303.103489086,0,0,1.23
1776871303.103489086,1,0,0.01
1776871303.103489086,2,0,0.01
1776871303.103489086,3,0,0.01
1776871304.137076063,0,37,1.23
1776871304.137076063,1,0,0.01
1776871304.137076063,2,0,0.01
1776871304.137076063,3,0,0.01
1776871305.170159888,0,37,1.23
1776871305.170159888,1,0,0.01
1776871305.170159888,2,0,0.01
1776871305.170159888,3,0,0.01
1776871306.202441177,0,34,1.23
1776871306.202441177,1,0,0.01
1776871306.202441177,2,0,0.01
1776871306.202441177,3,0,0.01
1776871307.235950148,0,33,1.23
1776871307.235950148,1,0,0.01
1776871307.235950148,2,0,0.01
1776871307.235950148,3,0,0.01
1776871308.270077796,0,0,1.23
1776871308.270077796,1,0,0.01
1776871308.270077796,2,0,0.01
1776871308.270077796,3,0,0.01
1776871309.304053538,0,0,1.23
1776871309.304053538,1,0,0.01
1776871309.304053538,2,0,0.01
1776871309.304053538,3,0,0.01
1776871310.337253616,0,36,1.23
1776871310.337253616,1,0,0.01
1776871310.337253616,2,0,0.01
1776871310.337253616,3,0,0.01
1776871311.371711882,0,36,1.23
1776871311.371711882,1,0,0.01
1776871311.371711882,2,0,0.01
1776871311.371711882,3,0,0.01
1776871312.404440934,0,32,1.23
1776871312.404440934,1,0,0.01
1776871312.404440934,2,0,0.01
1776871312.404440934,3,0,0.01
1776871313.437734608,0,0,1.23
1776871313.437734608,1,0,0.01
1776871313.437734608,2,0,0.01
1776871313.437734608,3,0,0.01
1776871314.469766776,0,0,1.23
1776871314.469766776,1,0,0.01
1776871314.469766776,2,0,0.01
1776871314.469766776,3,0,0.01
1776871315.503299060,0,0,1.23
1776871315.503299060,1,0,0.01
1776871315.503299060,2,0,0.01
1776871315.503299060,3,0,0.01
1776871316.537358326,0,0,1.23
1776871316.537358326,1,0,0.01
1776871316.537358326,2,0,0.01
1776871316.537358326,3,0,0.01
1776871317.571123789,0,0,1.23
1776871317.571123789,1,0,0.01
1776871317.571123789,2,0,0.01
1776871317.571123789,3,0,0.01
1776871318.604677745,0,0,1.23
1776871318.604677745,1,0,0.01
1776871318.604677745,2,0,0.01
1776871318.604677745,3,0,0.01
1776871319.639238120,0,34,1.23
1776871319.639238120,1,0,0.01
1776871319.639238120,2,0,0.01
1776871319.639238120,3,0,0.01
1776871320.672813538,0,38,1.23
1776871320.672813538,1,0,0.01
1776871320.672813538,2,0,0.01
1776871320.672813538,3,0,0.01
1776871321.707633761,0,38,1.23
1776871321.707633761,1,0,0.01
1776871321.707633761,2,0,0.01
1776871321.707633761,3,0,0.01
1776871322.741713142,0,31,1.23
1776871322.741713142,1,0,0.01
1776871322.741713142,2,0,0.01
1776871322.741713142,3,0,0.01
1776871323.775739194,0,0,1.23
1776871323.775739194,1,0,0.01
1776871323.775739194,2,0,0.01
1776871323.775739194,3,0,0.01
1776871324.809169322,0,0,1.23
1776871324.809169322,1,0,0.01
1776871324.809169322,2,0,0.01
1776871324.809169322,3,0,0.01
1776871325.843159671,0,19,1.23
1776871325.843159671,1,0,0.01
1776871325.843159671,2,0,0.01
1776871325.843159671,3,0,0.01
1776871326.875633850,0,33,1.23
1776871326.875633850,1,0,0.01
1776871326.875633850,2,0,0.01
1776871326.875633850,3,0,0.01
1776871327.907367826,0,33,1.23
1776871327.907367826,1,0,0.01
1776871327.907367826,2,0,0.01
1776871327.907367826,3,0,0.01
1776871328.942022919,0,33,1.23
1776871328.942022919,1,0,0.01
1776871328.942022919,2,0,0.01
1776871328.942022919,3,0,0.01
1776871329.975983751,0,0,1.23
1776871329.975983751,1,0,0.01
1776871329.975983751,2,0,0.01
1776871329.975983751,3,0,0.01
1776871331.008381468,0,0,1.23
1776871331.008381468,1,0,0.01
1776871331.008381468,2,0,0.01
1776871331.008381468,3,0,0.01
1776871332.041610248,0,0,1.23
1776871332.041610248,1,0,0.01
1776871332.041610248,2,0,0.01
1776871332.041610248,3,0,0.01
1776871333.075272948,0,0,1.23
1776871333.075272948,1,0,0.01
1776871333.075272948,2,0,0.01
1776871333.075272948,3,0,0.01
1776871334.106921412,0,0,1.23
1776871334.106921412,1,0,0.01
1776871334.106921412,2,0,0.01
1776871334.106921412,3,0,0.01
1776871335.140305603,0,0,1.23
1776871335.140305603,1,0,0.01
1776871335.140305603,2,0,0.01
1776871335.140305603,3,0,0.01
1776871336.173718876,0,0,1.23
1776871336.173718876,1,0,0.01
1776871336.173718876,2,0,0.01
1776871336.173718876,3,0,0.01
1776871337.207065819,0,0,1.23
1776871337.207065819,1,0,0.01
1776871337.207065819,2,0,0.01
1776871337.207065819,3,0,0.01
1776871338.241226378,0,0,1.23
1776871338.241226378,1,0,0.01
1776871338.241226378,2,0,0.01
1776871338.241226378,3,0,0.01
1776871339.274740867,0,0,1.23
1776871339.274740867,1,0,0.01
1776871339.274740867,2,0,0.01
1776871339.274740867,3,0,0.01
1776871340.307770648,0,31,1.23
1776871340.307770648,1,0,0.01
1776871340.307770648,2,0,0.01
1776871340.307770648,3,0,0.01
1776871341.340979833,0,36,1.23
1776871341.340979833,1,0,0.01
1776871341.340979833,2,0,0.01
1776871341.340979833,3,0,0.01
1776871342.374413126,0,36,1.23
1776871342.374413126,1,0,0.01
1776871342.374413126,2,0,0.01
1776871342.374413126,3,0,0.01
1776871343.406535859,0,0,1.23
1776871343.406535859,1,0,0.01
1776871343.406535859,2,0,0.01
1776871343.406535859,3,0,0.01
1776871344.440439384,0,0,1.23
1776871344.440439384,1,0,0.01
1776871344.440439384,2,0,0.01
1776871344.440439384,3,0,0.01
1776871345.473006878,0,0,1.23
1776871345.473006878,1,0,0.01
1776871345.473006878,2,0,0.01
1776871345.473006878,3,0,0.01
1776871346.506853270,0,0,1.23
1776871346.506853270,1,0,0.01
1776871346.506853270,2,0,0.01
1776871346.506853270,3,0,0.01
1776871347.540449984,0,0,1.23
1776871347.540449984,1,0,0.01
1776871347.540449984,2,0,0.01
1776871347.540449984,3,0,0.01
1776871348.575355169,0,0,1.23
1776871348.575355169,1,0,0.01
1776871348.575355169,2,0,0.01
1776871348.575355169,3,0,0.01
1776871349.608352321,0,38,1.23
1776871349.608352321,1,0,0.01
1776871349.608352321,2,0,0.01
1776871349.608352321,3,0,0.01
1776871350.641426536,0,38,1.23
1776871350.641426536,1,0,0.01
1776871350.641426536,2,0,0.01
1776871350.641426536,3,0,0.01
1776871351.673467456,0,37,1.23
1776871351.673467456,1,0,0.01
1776871351.673467456,2,0,0.01
1776871351.673467456,3,0,0.01
1776871352.707224547,0,0,1.23
1776871352.707224547,1,0,0.01
1776871352.707224547,2,0,0.01
1776871352.707224547,3,0,0.01
1776871353.739303999,0,0,1.23
1776871353.739303999,1,0,0.01
1776871353.739303999,2,0,0.01
1776871353.739303999,3,0,0.01
1776871354.772199865,0,0,1.23
1776871354.772199865,1,0,0.01
1776871354.772199865,2,0,0.01
1776871354.772199865,3,0,0.01
1776871355.805624593,0,37,1.23
1776871355.805624593,1,0,0.01
1776871355.805624593,2,0,0.01
1776871355.805624593,3,0,0.01
1776871356.838568060,0,36,1.23
1776871356.838568060,1,0,0.01
1776871356.838568060,2,0,0.01
1776871356.838568060,3,0,0.01
1776871357.871610984,0,36,1.23
1776871357.871610984,1,0,0.01
1776871357.871610984,2,0,0.01
1776871357.871610984,3,0,0.01
1776871358.905184383,0,0,1.23
1776871358.905184383,1,0,0.01
1776871358.905184383,2,0,0.01
1776871358.905184383,3,0,0.01
1776871359.939687172,0,0,1.23
1776871359.939687172,1,0,0.01
1776871359.939687172,2,0,0.01
1776871359.939687172,3,0,0.01
1776871360.973457163,0,0,1.23
1776871360.973457163,1,0,0.01
1776871360.973457163,2,0,0.01
1776871360.973457163,3,0,0.01
1776871362.007543316,0,0,1.23
1776871362.007543316,1,0,0.01
1776871362.007543316,2,0,0.01
1776871362.007543316,3,0,0.01
1776871363.042282831,0,0,1.23
1776871363.042282831,1,0,0.01
1776871363.042282831,2,0,0.01
1776871363.042282831,3,0,0.01
1776871364.075475036,0,0,1.23
1776871364.075475036,1,0,0.01
1776871364.075475036,2,0,0.01
1776871364.075475036,3,0,0.01
1776871365.107679585,0,0,1.23
1776871365.107679585,1,0,0.01
1776871365.107679585,2,0,0.01
1776871365.107679585,3,0,0.01
1776871366.140433538,0,0,1.23
1776871366.140433538,1,0,0.01
1776871366.140433538,2,0,0.01
1776871366.140433538,3,0,0.01
1776871367.173790114,0,0,1.23
1776871367.173790114,1,0,0.01
1776871367.173790114,2,0,0.01
1776871367.173790114,3,0,0.01
1776871368.206620526,0,38,1.23
1776871368.206620526,1,0,0.01
1776871368.206620526,2,0,0.01
1776871368.206620526,3,0,0.01
1776871369.238322600,0,37,1.23
1776871369.238322600,1,0,0.01
1776871369.238322600,2,0,0.01
1776871369.238322600,3,0,0.01
1776871370.271780268,0,37,1.23
1776871370.271780268,1,0,0.01
1776871370.271780268,2,0,0.01
1776871370.271780268,3,0,0.01
1776871371.303997697,0,22,1.23
1776871371.303997697,1,0,0.01
1776871371.303997697,2,0,0.01
1776871371.303997697,3,0,0.01
1776871372.336487988,0,0,1.23
1776871372.336487988,1,0,0.01
1776871372.336487988,2,0,0.01
1776871372.336487988,3,0,0.01
1776871373.369547703,0,0,1.23
1776871373.369547703,1,0,0.01
1776871373.369547703,2,0,0.01
1776871373.369547703,3,0,0.01
1776871374.401296655,0,0,1.23
1776871374.401296655,1,0,0.01
1776871374.401296655,2,0,0.01
1776871374.401296655,3,0,0.01
1776871375.436360427,0,37,1.23
1776871375.436360427,1,0,0.01
1776871375.436360427,2,0,0.01
1776871375.436360427,3,0,0.01
1776871376.469568602,0,37,1.23
1776871376.469568602,1,0,0.01
1776871376.469568602,2,0,0.01
1776871376.469568602,3,0,0.01
1776871377.502508370,0,37,1.23
1776871377.502508370,1,0,0.01
1776871377.502508370,2,0,0.01
1776871377.502508370,3,0,0.01
1776871378.534467118,0,0,1.23
1776871378.534467118,1,0,0.01
1776871378.534467118,2,0,0.01
1776871378.534467118,3,0,0.01
1776871379.567565373,0,0,1.23
1776871379.567565373,1,0,0.01
1776871379.567565373,2,0,0.01
1776871379.567565373,3,0,0.01
1776871380.600678183,0,0,1.23
1776871380.600678183,1,0,0.01
1776871380.600678183,2,0,0.01
1776871380.600678183,3,0,0.01
1776871381.633711819,0,0,1.23
1776871381.633711819,1,0,0.01
1776871381.633711819,2,0,0.01
1776871381.633711819,3,0,0.01
1776871382.668213092,0,0,1.23
1776871382.668213092,1,0,0.01
1776871382.668213092,2,0,0.01
1776871382.668213092,3,0,0.01
1776871383.702708838,0,0,1.23
1776871383.702708838,1,0,0.01
1776871383.702708838,2,0,0.01
1776871383.702708838,3,0,0.01
1776871384.737275682,0,12,1.23
1776871384.737275682,1,0,0.01
1776871384.737275682,2,0,0.01
1776871384.737275682,3,0,0.01
1776871385.770514737,0,32,1.23
1776871385.770514737,1,0,0.01
1776871385.770514737,2,0,0.01
1776871385.770514737,3,0,0.01
1776871386.803713145,0,32,1.23
1776871386.803713145,1,0,0.01
1776871386.803713145,2,0,0.01
1776871386.803713145,3,0,0.01
1776871387.835409543,0,32,1.23
1776871387.835409543,1,0,0.01
1776871387.835409543,2,0,0.01
1776871387.835409543,3,0,0.01
1776871388.867514742,0,0,1.23
1776871388.867514742,1,0,0.01
1776871388.867514742,2,0,0.01
1776871388.867514742,3,0,0.01
1776871389.900992305,0,0,1.23
1776871389.900992305,1,0,0.01
1776871389.900992305,2,0,0.01
1776871389.900992305,3,0,0.01
1776871390.933128906,0,0,1.23
1776871390.933128906,1,0,0.01
1776871390.933128906,2,0,0.01
1776871390.933128906,3,0,0.01
1776871391.965713706,0,0,1.23
1776871391.965713706,1,0,0.01
1776871391.965713706,2,0,0.01
1776871391.965713706,3,0,0.01
1776871392.999031896,0,0,1.23
1776871392.999031896,1,0,0.01
1776871392.999031896,2,0,0.01
1776871392.999031896,3,0,0.01
1776871394.030538504,0,1,1.23
1776871394.030538504,1,0,0.01
1776871394.030538504,2,0,0.01
1776871394.030538504,3,0,0.01
1776871395.064854774,0,38,1.23
1776871395.064854774,1,0,0.01
1776871395.064854774,2,0,0.01
1776871395.064854774,3,0,0.01
1776871396.097613920,0,37,1.23
1776871396.097613920,1,0,0.01
1776871396.097613920,2,0,0.01
1776871396.097613920,3,0,0.01
1776871397.130204767,0,33,1.23
1776871397.130204767,1,0,0.01
1776871397.130204767,2,0,0.01
1776871397.130204767,3,0,0.01
1776871398.163137438,0,0,1.23
1776871398.163137438,1,0,0.01
1776871398.163137438,2,0,0.01
1776871398.163137438,3,0,0.01
1776871399.195677373,0,0,1.23
1776871399.195677373,1,0,0.01
1776871399.195677373,2,0,0.01
1776871399.195677373,3,0,0.01
1776871400.229064684,0,0,1.23
1776871400.229064684,1,0,0.01
1776871400.229064684,2,0,0.01
1776871400.229064684,3,0,0.01
1776871401.262272700,0,0,1.23
1776871401.262272700,1,0,0.01
1776871401.262272700,2,0,0.01
1776871401.262272700,3,0,0.01
1776871402.293694259,0,0,1.23
1776871402.293694259,1,0,0.01
1776871402.293694259,2,0,0.01
1776871402.293694259,3,0,0.01
1776871403.326452533,0,32,1.23
1776871403.326452533,1,0,0.01
1776871403.326452533,2,0,0.01
1776871403.326452533,3,0,0.01
1776871404.359939666,0,32,1.23
1776871404.359939666,1,0,0.01
1776871404.359939666,2,0,0.01
1776871404.359939666,3,0,0.01
1776871405.392445313,0,32,1.23
1776871405.392445313,1,0,0.01
1776871405.392445313,2,0,0.01
1776871405.392445313,3,0,0.01
1776871406.425900495,0,32,1.23
1776871406.425900495,1,0,0.01
1776871406.425900495,2,0,0.01
1776871406.425900495,3,0,0.01
1776871407.457583494,0,0,1.23
1776871407.457583494,1,0,0.01
1776871407.457583494,2,0,0.01
1776871407.457583494,3,0,0.01
1776871408.489481628,0,0,1.23
1776871408.489481628,1,0,0.01
1776871408.489481628,2,0,0.01
1776871408.489481628,3,0,0.01
1776871409.523293522,0,0,1.23
1776871409.523293522,1,0,0.01
1776871409.523293522,2,0,0.01
1776871409.523293522,3,0,0.01
1776871410.556419924,0,0,1.23
1776871410.556419924,1,0,0.01
1776871410.556419924,2,0,0.01
1776871410.556419924,3,0,0.01
1776871411.590175437,0,36,1.23
1776871411.590175437,1,0,0.01
1776871411.590175437,2,0,0.01
1776871411.590175437,3,0,0.01
1776871412.623934823,0,38,1.23
1776871412.623934823,1,0,0.01
1776871412.623934823,2,0,0.01
1776871412.623934823,3,0,0.01
1776871413.655056413,0,38,1.23
1776871413.655056413,1,0,0.01
1776871413.655056413,2,0,0.01
1776871413.655056413,3,0,0.01
1776871414.687004778,0,38,1.23
1776871414.687004778,1,0,0.01
1776871414.687004778,2,0,0.01
1776871414.687004778,3,0,0.01
1776871415.720878983,0,0,1.23
1776871415.720878983,1,0,0.01
1776871415.720878983,2,0,0.01
1776871415.720878983,3,0,0.01
1776871416.754379885,0,0,1.23
1776871416.754379885,1,0,0.01
1776871416.754379885,2,0,0.01
1776871416.754379885,3,0,0.01
1776871417.788421567,0,0,1.23
1776871417.788421567,1,0,0.01
1776871417.788421567,2,0,0.01
1776871417.788421567,3,0,0.01
1776871418.821945152,0,0,1.23
1776871418.821945152,1,0,0.01
1776871418.821945152,2,0,0.01
1776871418.821945152,3,0,0.01
1776871419.855643795,0,38,1.23
1776871419.855643795,1,0,0.01
1776871419.855643795,2,0,0.01
1776871419.855643795,3,0,0.01
1776871420.889313111,0,34,1.23
1776871420.889313111,1,0,0.01
1776871420.889313111,2,0,0.01
1776871420.889313111,3,0,0.01
1776871421.922469151,0,34,1.23
1776871421.922469151,1,0,0.01
1776871421.922469151,2,0,0.01
1776871421.922469151,3,0,0.01
1776871422.955452745,0,34,1.23
1776871422.955452745,1,0,0.01
1776871422.955452745,2,0,0.01
1776871422.955452745,3,0,0.01
1776871423.989826320,0,0,1.23
1776871423.989826320,1,0,0.01
1776871423.989826320,2,0,0.01
1776871423.989826320,3,0,0.01
1776871425.021552930,0,0,1.23
1776871425.021552930,1,0,0.01
1776871425.021552930,2,0,0.01
1776871425.021552930,3,0,0.01
1776871426.055184187,0,0,1.23
1776871426.055184187,1,0,0.01
1776871426.055184187,2,0,0.01
1776871426.055184187,3,0,0.01
1776871427.088981992,0,0,1.23
1776871427.088981992,1,0,0.01
1776871427.088981992,2,0,0.01
1776871427.088981992,3,0,0.01
1776871428.123189525,0,5,1.23
1776871428.123189525,1,0,0.01
1776871428.123189525,2,0,0.01
1776871428.123189525,3,0,0.01
1776871429.155385137,0,32,1.23
1776871429.155385137,1,0,0.01
1776871429.155385137,2,0,0.01
1776871429.155385137,3,0,0.01
1776871430.187741018,0,32,1.23
1776871430.187741018,1,0,0.01
1776871430.187741018,2,0,0.01
1776871430.187741018,3,0,0.01
1776871431.220424757,0,32,1.23
1776871431.220424757,1,0,0.01
1776871431.220424757,2,0,0.01
1776871431.220424757,3,0,0.01
1776871432.253576267,0,0,1.23
1776871432.253576267,1,0,0.01
1776871432.253576267,2,0,0.01
1776871432.253576267,3,0,0.01
1776871433.286533315,0,0,1.23
1776871433.286533315,1,0,0.01
1776871433.286533315,2,0,0.01
1776871433.286533315,3,0,0.01
1776871434.319693084,0,0,1.23
1776871434.319693084,1,0,0.01
1776871434.319693084,2,0,0.01
1776871434.319693084,3,0,0.01
1776871435.352684475,0,0,1.23
1776871435.352684475,1,0,0.01
1776871435.352684475,2,0,0.01
1776871435.352684475,3,0,0.01
1776871436.386317692,0,0,1.23
1776871436.386317692,1,0,0.01
1776871436.386317692,2,0,0.01
1776871436.386317692,3,0,0.01
1776871437.420338053,0,0,1.23
1776871437.420338053,1,0,0.01
1776871437.420338053,2,0,0.01
1776871437.420338053,3,0,0.01
1776871438.453898961,0,0,1.23
1776871438.453898961,1,0,0.01
1776871438.453898961,2,0,0.01
1776871438.453898961,3,0,0.01
1776871439.487380168,0,0,1.23
1776871439.487380168,1,0,0.01
1776871439.487380168,2,0,0.01
1776871439.487380168,3,0,0.01
1776871440.521991551,0,34,1.23
1776871440.521991551,1,0,0.01
1776871440.521991551,2,0,0.01
1776871440.521991551,3,0,0.01
1776871441.554910924,0,34,1.23
1776871441.554910924,1,0,0.01
1776871441.554910924,2,0,0.01
1776871441.554910924,3,0,0.01
1776871442.587935877,0,37,1.23
1776871442.587935877,1,0,0.01
1776871442.587935877,2,0,0.01
1776871442.587935877,3,0,0.01
1776871443.621590546,0,0,1.23
1776871443.621590546,1,0,0.01
1776871443.621590546,2,0,0.01
1776871443.621590546,3,0,0.01
1776871444.654579325,0,0,1.23
1776871444.654579325,1,0,0.01
1776871444.654579325,2,0,0.01
1776871444.654579325,3,0,0.01
1776871445.686974240,0,0,1.23
1776871445.686974240,1,0,0.01
1776871445.686974240,2,0,0.01
1776871445.686974240,3,0,0.01
1776871446.720808934,0,0,1.23
1776871446.720808934,1,0,0.01
1776871446.720808934,2,0,0.01
1776871446.720808934,3,0,0.01
1776871447.754801715,0,0,1.23
1776871447.754801715,1,0,0.01
1776871447.754801715,2,0,0.01
1776871447.754801715,3,0,0.01
1776871448.788861057,0,0,1.23
1776871448.788861057,1,0,0.01
1776871448.788861057,2,0,0.01
1776871448.788861057,3,0,0.01
1776871449.822000296,0,0,1.23
1776871449.822000296,1,0,0.01
1776871449.822000296,2,0,0.01
1776871449.822000296,3,0,0.01
1776871450.855019318,0,0,1.23
1776871450.855019318,1,0,0.01
1776871450.855019318,2,0,0.01
1776871450.855019318,3,0,0.01
1776871451.888506643,0,0,1.23
1776871451.888506643,1,0,0.01
1776871451.888506643,2,0,0.01
1776871451.888506643,3,0,0.01
1776871452.922443831,0,36,1.23
1776871452.922443831,1,0,0.01
1776871452.922443831,2,0,0.01
1776871452.922443831,3,0,0.01
1776871453.956102002,0,36,1.23
1776871453.956102002,1,0,0.01
1776871453.956102002,2,0,0.01
1776871453.956102002,3,0,0.01
1776871454.988501194,0,32,1.23
1776871454.988501194,1,0,0.01
1776871454.988501194,2,0,0.01
1776871454.988501194,3,0,0.01
1776871456.021998124,0,14,1.23
1776871456.021998124,1,0,0.01
1776871456.021998124,2,0,0.01
1776871456.021998124,3,0,0.01
1776871457.055798430,0,0,1.23
1776871457.055798430,1,0,0.01
1776871457.055798430,2,0,0.01
1776871457.055798430,3,0,0.01
1776871458.089404059,0,0,1.23
1776871458.089404059,1,0,0.01
1776871458.089404059,2,0,0.01
1776871458.089404059,3,0,0.01
1776871459.122767744,0,0,1.23
1776871459.122767744,1,0,0.01
1776871459.122767744,2,0,0.01
1776871459.122767744,3,0,0.01
1776871460.156824869,0,0,1.23
1776871460.156824869,1,0,0.01
1776871460.156824869,2,0,0.01
1776871460.156824869,3,0,0.01
1776871461.191429471,0,0,1.23
1776871461.191429471,1,0,0.01
1776871461.191429471,2,0,0.01
1776871461.191429471,3,0,0.01
1776871462.224726666,0,0,1.23
1776871462.224726666,1,0,0.01
1776871462.224726666,2,0,0.01
1776871462.224726666,3,0,0.01
1776871463.258000630,0,34,1.23
1776871463.258000630,1,0,0.01
1776871463.258000630,2,0,0.01
1776871463.258000630,3,0,0.01
1776871464.291225495,0,34,1.23
1776871464.291225495,1,0,0.01
1776871464.291225495,2,0,0.01
1776871464.291225495,3,0,0.01
1776871465.324730962,0,34,1.23
1776871465.324730962,1,0,0.01
1776871465.324730962,2,0,0.01
1776871465.324730962,3,0,0.01
1776871466.357645271,0,32,1.23
1776871466.357645271,1,0,0.01
1776871466.357645271,2,0,0.01
1776871466.357645271,3,0,0.01
1776871467.389622100,0,0,1.23
1776871467.389622100,1,0,0.01
1776871467.389622100,2,0,0.01
1776871467.389622100,3,0,0.01
1776871468.421235852,0,0,1.23
1776871468.421235852,1,0,0.01
1776871468.421235852,2,0,0.01
1776871468.421235852,3,0,0.01
1776871469.454576911,0,0,1.23
1776871469.454576911,1,0,0.01
1776871469.454576911,2,0,0.01
1776871469.454576911,3,0,0.01
1776871470.487456957,0,0,1.23
1776871470.487456957,1,0,0.01
1776871470.487456957,2,0,0.01
1776871470.487456957,3,0,0.01
1776871471.520841872,0,0,1.23
1776871471.520841872,1,0,0.01
1776871471.520841872,2,0,0.01
1776871471.520841872,3,0,0.01
1776871472.554472781,0,28,1.23
1776871472.554472781,1,0,0.01
1776871472.554472781,2,0,0.01
1776871472.554472781,3,0,0.01
1776871473.588929344,0,32,1.23
1776871473.588929344,1,0,0.01
1776871473.588929344,2,0,0.01
1776871473.588929344,3,0,0.01
1776871474.622542311,0,32,1.23
1776871474.622542311,1,0,0.01
1776871474.622542311,2,0,0.01
1776871474.622542311,3,0,0.01
1776871475.657395976,0,32,1.23
1776871475.657395976,1,0,0.01
1776871475.657395976,2,0,0.01
1776871475.657395976,3,0,0.01
1776871476.690459188,0,0,1.23
1776871476.690459188,1,0,0.01
1776871476.690459188,2,0,0.01
1776871476.690459188,3,0,0.01
1776871477.724507562,0,0,1.23
1776871477.724507562,1,0,0.01
1776871477.724507562,2,0,0.01
1776871477.724507562,3,0,0.01
1776871478.758326664,0,0,1.23
1776871478.758326664,1,0,0.01
1776871478.758326664,2,0,0.01
1776871478.758326664,3,0,0.01
1776871479.791835977,0,28,1.23
1776871479.791835977,1,0,0.01
1776871479.791835977,2,0,0.01
1776871479.791835977,3,0,0.01
1776871480.825418627,0,34,1.23
1776871480.825418627,1,0,0.01
1776871480.825418627,2,0,0.01
1776871480.825418627,3,0,0.01
1776871481.859018175,0,34,1.23
1776871481.859018175,1,0,0.01
1776871481.859018175,2,0,0.01
1776871481.859018175,3,0,0.01
1776871482.892198690,0,34,1.23
1776871482.892198690,1,0,0.01
1776871482.892198690,2,0,0.01
1776871482.892198690,3,0,0.01
1776871483.926523832,0,0,1.23
1776871483.926523832,1,0,0.01
1776871483.926523832,2,0,0.01
1776871483.926523832,3,0,0.01
1776871484.959990866,0,0,1.23
1776871484.959990866,1,0,0.01
1776871484.959990866,2,0,0.01
1776871484.959990866,3,0,0.01
1776871485.991655954,0,0,1.23
1776871485.991655954,1,0,0.01
1776871485.991655954,2,0,0.01
1776871485.991655954,3,0,0.01
1776871487.025599282,0,0,1.23
1776871487.025599282,1,0,0.01
1776871487.025599282,2,0,0.01
1776871487.025599282,3,0,0.01
1776871488.058461917,0,0,1.23
1776871488.058461917,1,0,0.01
1776871488.058461917,2,0,0.01
1776871488.058461917,3,0,0.01
1776871489.091655150,0,34,1.23
1776871489.091655150,1,0,0.01
1776871489.091655150,2,0,0.01
1776871489.091655150,3,0,0.01
1776871490.124665929,0,33,1.23
1776871490.124665929,1,0,0.01
1776871490.124665929,2,0,0.01
1776871490.124665929,3,0,0.01
1776871491.158043793,0,34,1.23
1776871491.158043793,1,0,0.01
1776871491.158043793,2,0,0.01
1776871491.158043793,3,0,0.01
1776871492.193022975,0,23,1.23
1776871492.193022975,1,0,0.01
1776871492.193022975,2,0,0.01
1776871492.193022975,3,0,0.01
1776871493.225715732,0,34,1.23
1776871493.225715732,1,0,0.01
1776871493.225715732,2,0,0.01
1776871493.225715732,3,0,0.01
1776871494.259919859,0,36,1.23
1776871494.259919859,1,0,0.01
1776871494.259919859,2,0,0.01
1776871494.259919859,3,0,0.01
1776871495.292783172,0,36,1.23
1776871495.292783172,1,0,0.01
1776871495.292783172,2,0,0.01
1776871495.292783172,3,0,0.01
1776871496.326665525,0,36,1.23
1776871496.326665525,1,0,0.01
1776871496.326665525,2,0,0.01
1776871496.326665525,3,0,0.01
1776871497.358921305,0,0,1.23
1776871497.358921305,1,0,0.01
1776871497.358921305,2,0,0.01
1776871497.358921305,3,0,0.01
1776871498.392725138,0,0,1.23
1776871498.392725138,1,0,0.01
1776871498.392725138,2,0,0.01
1776871498.392725138,3,0,0.01
1776871499.425833335,0,0,1.23
1776871499.425833335,1,0,0.01
1776871499.425833335,2,0,0.01
1776871499.425833335,3,0,0.01
1776871500.458629743,0,0,1.23
1776871500.458629743,1,0,0.01
1776871500.458629743,2,0,0.01
1776871500.458629743,3,0,0.01
1776871501.493224558,0,0,1.23
1776871501.493224558,1,0,0.01
1776871501.493224558,2,0,0.01
1776871501.493224558,3,0,0.01
1776871502.526840705,0,0,1.23
1776871502.526840705,1,0,0.01
1776871502.526840705,2,0,0.01
1776871502.526840705,3,0,0.01
1776871503.560662587,0,0,1.23
1776871503.560662587,1,0,0.01
1776871503.560662587,2,0,0.01
1776871503.560662587,3,0,0.01
1776871504.592670431,0,0,1.23
1776871504.592670431,1,0,0.01
1776871504.592670431,2,0,0.01
1776871504.592670431,3,0,0.01
1776871505.625886555,0,38,1.23
1776871505.625886555,1,0,0.01
1776871505.625886555,2,0,0.01
1776871505.625886555,3,0,0.01
1776871506.658689152,0,34,1.23
1776871506.658689152,1,0,0.01
1776871506.658689152,2,0,0.01
1776871506.658689152,3,0,0.01
1776871507.691946775,0,38,1.23
1776871507.691946775,1,0,0.01
1776871507.691946775,2,0,0.01
1776871507.691946775,3,0,0.01
1776871508.725657696,0,0,1.23
1776871508.725657696,1,0,0.01
1776871508.725657696,2,0,0.01
1776871508.725657696,3,0,0.01
1776871509.759942909,0,0,1.23
1776871509.759942909,1,0,0.01
1776871509.759942909,2,0,0.01
1776871509.759942909,3,0,0.01
1776871510.793725840,0,0,1.23
1776871510.793725840,1,0,0.01
1776871510.793725840,2,0,0.01
1776871510.793725840,3,0,0.01
1776871511.828011137,0,0,1.23
1776871511.828011137,1,0,0.01
1776871511.828011137,2,0,0.01
1776871511.828011137,3,0,0.01
1776871512.862670873,0,0,1.23
1776871512.862670873,1,0,0.01
1776871512.862670873,2,0,0.01
1776871512.862670873,3,0,0.01
1776871513.895595260,0,0,1.23
1776871513.895595260,1,0,0.01
1776871513.895595260,2,0,0.01
1776871513.895595260,3,0,0.01
1776871514.929602999,0,38,1.23
1776871514.929602999,1,0,0.01
1776871514.929602999,2,0,0.01
1776871514.929602999,3,0,0.01
1776871515.965265282,0,38,1.23
1776871515.965265282,1,0,0.01
1776871515.965265282,2,0,0.01
1776871515.965265282,3,0,0.01
1776871516.998534244,0,36,1.23
1776871516.998534244,1,0,0.01
1776871516.998534244,2,0,0.01
1776871516.998534244,3,0,0.01
1776871518.033507508,0,0,1.23
1776871518.033507508,1,0,0.01
1776871518.033507508,2,0,0.01
1776871518.033507508,3,0,0.01
1776871519.065681998,0,0,1.23
1776871519.065681998,1,0,0.01
1776871519.065681998,2,0,0.01
1776871519.065681998,3,0,0.01
1776871520.099211308,0,0,1.23
1776871520.099211308,1,0,0.01
1776871520.099211308,2,0,0.01
1776871520.099211308,3,0,0.01
1776871521.131560153,0,36,1.23
1776871521.131560153,1,0,0.01
1776871521.131560153,2,0,0.01
1776871521.131560153,3,0,0.01
1776871522.163285460,0,36,1.23
1776871522.163285460,1,0,0.01
1776871522.163285460,2,0,0.01
1776871522.163285460,3,0,0.01
1776871523.195888450,0,36,1.23
1776871523.195888450,1,0,0.01
1776871523.195888450,2,0,0.01
1776871523.195888450,3,0,0.01
1776871524.228671307,0,0,1.23
1776871524.228671307,1,0,0.01
1776871524.228671307,2,0,0.01
1776871524.228671307,3,0,0.01
1776871525.262357793,0,0,1.23
1776871525.262357793,1,0,0.01
1776871525.262357793,2,0,0.01
1776871525.262357793,3,0,0.01
1776871526.296337825,0,0,1.23
1776871526.296337825,1,0,0.01
1776871526.296337825,2,0,0.01
1776871526.296337825,3,0,0.01
1776871527.330070731,0,0,1.23
1776871527.330070731,1,0,0.01
1776871527.330070731,2,0,0.01
1776871527.330070731,3,0,0.01
1776871528.363792359,0,37,1.23
1776871528.363792359,1,0,0.01
1776871528.363792359,2,0,0.01
1776871528.363792359,3,0,0.01
1776871529.396958027,0,37,1.23
1776871529.396958027,1,0,0.01
1776871529.396958027,2,0,0.01
1776871529.396958027,3,0,0.01
1776871530.429974042,0,37,1.23
1776871530.429974042,1,0,0.01
1776871530.429974042,2,0,0.01
1776871530.429974042,3,0,0.01
1776871531.461676518,0,0,1.23
1776871531.461676518,1,0,0.01
1776871531.461676518,2,0,0.01
1776871531.461676518,3,0,0.01
1776871532.494837998,0,0,1.23
1776871532.494837998,1,0,0.01
1776871532.494837998,2,0,0.01
1776871532.494837998,3,0,0.01
1776871533.527384322,0,0,1.23
1776871533.527384322,1,0,0.01
1776871533.527384322,2,0,0.01
1776871533.527384322,3,0,0.01
1776871534.560843528,0,0,1.23
1776871534.560843528,1,0,0.01
1776871534.560843528,2,0,0.01
1776871534.560843528,3,0,0.01
1776871535.594850436,0,0,1.23
1776871535.594850436,1,0,0.01
1776871535.594850436,2,0,0.01
1776871535.594850436,3,0,0.01
1776871536.628706283,0,38,1.23
1776871536.628706283,1,0,0.01
1776871536.628706283,2,0,0.01
1776871536.628706283,3,0,0.01
1776871537.662097227,0,37,1.23
1776871537.662097227,1,0,0.01
1776871537.662097227,2,0,0.01
1776871537.662097227,3,0,0.01
1776871538.695184378,0,37,1.23
1776871538.695184378,1,0,0.01
1776871538.695184378,2,0,0.01
1776871538.695184378,3,0,0.01
1776871539.728843601,0,0,1.23
1776871539.728843601,1,0,0.01
1776871539.728843601,2,0,0.01
1776871539.728843601,3,0,0.01
1776871540.761316964,0,0,1.23
1776871540.761316964,1,0,0.01
1776871540.761316964,2,0,0.01
1776871540.761316964,3,0,0.01
1776871541.794979569,0,4,1.23
1776871541.794979569,1,0,0.01
1776871541.794979569,2,0,0.01
1776871541.794979569,3,0,0.01
1776871542.827537374,0,36,1.23
1776871542.827537374,1,0,0.01
1776871542.827537374,2,0,0.01
1776871542.827537374,3,0,0.01
1776871543.861056143,0,36,1.23
1776871543.861056143,1,0,0.01
1776871543.861056143,2,0,0.01
1776871543.861056143,3,0,0.01
1776871544.893347136,0,36,1.23
1776871544.893347136,1,0,0.01
1776871544.893347136,2,0,0.01
1776871544.893347136,3,0,0.01
1776871545.926547246,0,0,1.23
1776871545.926547246,1,0,0.01
1776871545.926547246,2,0,0.01
1776871545.926547246,3,0,0.01
1776871546.959988492,0,0,1.23
1776871546.959988492,1,0,0.01
1776871546.959988492,2,0,0.01
1776871546.959988492,3,0,0.01
1776871547.994023074,0,0,1.23
1776871547.994023074,1,0,0.01
1776871547.994023074,2,0,0.01
1776871547.994023074,3,0,0.01
1776871549.027277653,0,0,1.23
1776871549.027277653,1,0,0.01
1776871549.027277653,2,0,0.01
1776871549.027277653,3,0,0.01
1776871550.061501281,0,0,1.23
1776871550.061501281,1,0,0.01
1776871550.061501281,2,0,0.01
1776871550.061501281,3,0,0.01
1776871551.095592613,0,0,1.23
1776871551.095592613,1,0,0.01
1776871551.095592613,2,0,0.01
1776871551.095592613,3,0,0.01
1776871552.127716436,0,0,1.23
1776871552.127716436,1,0,0.01
1776871552.127716436,2,0,0.01
1776871552.127716436,3,0,0.01
1776871553.159998167,0,38,1.23
1776871553.159998167,1,0,0.01
1776871553.159998167,2,0,0.01
1776871553.159998167,3,0,0.01
1776871554.194888844,0,38,1.23
1776871554.194888844,1,0,0.01
1776871554.194888844,2,0,0.01
1776871554.194888844,3,0,0.01
1776871555.226904052,0,38,1.23
1776871555.226904052,1,0,0.01
1776871555.226904052,2,0,0.01
1776871555.226904052,3,0,0.01
1776871556.260427445,0,38,1.23
1776871556.260427445,1,0,0.01
1776871556.260427445,2,0,0.01
1776871556.260427445,3,0,0.01
1776871557.294240141,0,0,1.23
1776871557.294240141,1,0,0.01
1776871557.294240141,2,0,0.01
1776871557.294240141,3,0,0.01
1776871558.328156766,0,0,1.23
1776871558.328156766,1,0,0.01
1776871558.328156766,2,0,0.01
1776871558.328156766,3,0,0.01
1776871559.361966205,0,37,1.23
1776871559.361966205,1,0,0.01
1776871559.361966205,2,0,0.01
1776871559.361966205,3,0,0.01
1776871560.396280516,0,34,1.23
1776871560.396280516,1,0,0.01
1776871560.396280516,2,0,0.01
1776871560.396280516,3,0,0.01
1776871561.429176310,0,34,1.23
1776871561.429176310,1,0,0.01
1776871561.429176310,2,0,0.01
1776871561.429176310,3,0,0.01
1776871562.463129074,0,0,1.23
1776871562.463129074,1,0,0.01
1776871562.463129074,2,0,0.01
1776871562.463129074,3,0,0.01
1776871563.496807733,0,0,1.23
1776871563.496807733,1,0,0.01
1776871563.496807733,2,0,0.01
1776871563.496807733,3,0,0.01
1776871564.530516046,0,0,1.23
1776871564.530516046,1,0,0.01
1776871564.530516046,2,0,0.01
1776871564.530516046,3,0,0.01
1776871565.564230891,0,0,1.23
1776871565.564230891,1,0,0.01
1776871565.564230891,2,0,0.01
1776871565.564230891,3,0,0.01
1776871566.598056643,0,0,1.23
1776871566.598056643,1,0,0.01
1776871566.598056643,2,0,0.01
1776871566.598056643,3,0,0.01
1776871567.632396020,0,0,1.23
1776871567.632396020,1,0,0.01
1776871567.632396020,2,0,0.01
1776871567.632396020,3,0,0.01
1776871568.665774501,0,0,1.23
1776871568.665774501,1,0,0.01
1776871568.665774501,2,0,0.01
1776871568.665774501,3,0,0.01
1776871569.699114625,0,0,1.23
1776871569.699114625,1,0,0.01
1776871569.699114625,2,0,0.01
1776871569.699114625,3,0,0.01
1776871570.732793200,0,0,1.23
1776871570.732793200,1,0,0.01
1776871570.732793200,2,0,0.01
1776871570.732793200,3,0,0.01
1776871571.766856314,0,0,1.23
1776871571.766856314,1,0,0.01
1776871571.766856314,2,0,0.01
1776871571.766856314,3,0,0.01
1776871572.799177843,0,0,1.23
1776871572.799177843,1,0,0.01
1776871572.799177843,2,0,0.01
1776871572.799177843,3,0,0.01
1776871573.832808892,0,0,1.23
1776871573.832808892,1,0,0.01
1776871573.832808892,2,0,0.01
1776871573.832808892,3,0,0.01
1776871574.867163105,0,0,1.23
1776871574.867163105,1,0,0.01
1776871574.867163105,2,0,0.01
1776871574.867163105,3,0,0.01
1776871575.900443108,0,0,1.23
1776871575.900443108,1,0,0.01
1776871575.900443108,2,0,0.01
1776871575.900443108,3,0,0.01
1776871576.934895260,0,0,1.23
1776871576.934895260,1,0,0.01
1776871576.934895260,2,0,0.01
1776871576.934895260,3,0,0.01
1776871577.966394794,0,0,1.23
1776871577.966394794,1,0,0.01
1776871577.966394794,2,0,0.01
1776871577.966394794,3,0,0.01
1776871578.998303819,0,0,1.23
1776871578.998303819,1,0,0.01
1776871578.998303819,2,0,0.01
1776871578.998303819,3,0,0.01
1776871580.032058869,0,0,1.23
1776871580.032058869,1,0,0.01
1776871580.032058869,2,0,0.01
1776871580.032058869,3,0,0.01
1776871581.065671083,0,0,1.23
1776871581.065671083,1,0,0.01
1776871581.065671083,2,0,0.01
1776871581.065671083,3,0,0.01
1776871582.097389116,0,0,1.23
1776871582.097389116,1,0,0.01
1776871582.097389116,2,0,0.01
1776871582.097389116,3,0,0.01
1776871583.129819369,0,0,1.23
1776871583.129819369,1,0,0.01
1776871583.129819369,2,0,0.01
1776871583.129819369,3,0,0.01
1776871584.164188923,0,34,1.23
1776871584.164188923,1,0,0.01
1776871584.164188923,2,0,0.01
1776871584.164188923,3,0,0.01
1776871585.197149363,0,33,1.23
1776871585.197149363,1,0,0.01
1776871585.197149363,2,0,0.01
1776871585.197149363,3,0,0.01
1776871586.231202469,0,31,1.23
1776871586.231202469,1,0,0.01
1776871586.231202469,2,0,0.01
1776871586.231202469,3,0,0.01
1776871587.264976759,0,32,1.23
1776871587.264976759,1,0,0.01
1776871587.264976759,2,0,0.01
1776871587.264976759,3,0,0.01
1776871588.298541565,0,0,1.23
1776871588.298541565,1,0,0.01
1776871588.298541565,2,0,0.01
1776871588.298541565,3,0,0.01
1776871589.332137404,0,0,1.23
1776871589.332137404,1,0,0.01
1776871589.332137404,2,0,0.01
1776871589.332137404,3,0,0.01
1776871590.366028395,0,0,1.23
1776871590.366028395,1,0,0.01
1776871590.366028395,2,0,0.01
1776871590.366028395,3,0,0.01
1776871591.400234122,0,0,1.23
1776871591.400234122,1,0,0.01
1776871591.400234122,2,0,0.01
1776871591.400234122,3,0,0.01
1776871592.433863697,0,0,1.23
1776871592.433863697,1,0,0.01
1776871592.433863697,2,0,0.01
1776871592.433863697,3,0,0.01
1776871593.467339766,0,0,1.23
1776871593.467339766,1,0,0.01
1776871593.467339766,2,0,0.01
1776871593.467339766,3,0,0.01
1776871594.500567124,0,0,1.23
1776871594.500567124,1,0,0.01
1776871594.500567124,2,0,0.01
1776871594.500567124,3,0,0.01
1776871595.533559666,0,0,1.23
1776871595.533559666,1,0,0.01
1776871595.533559666,2,0,0.01
1776871595.533559666,3,0,0.01
1776871596.566698279,0,0,1.23
1776871596.566698279,1,0,0.01
1776871596.566698279,2,0,0.01
1776871596.566698279,3,0,0.01
1776871597.600456763,0,10,1.23
1776871597.600456763,1,0,0.01
1776871597.600456763,2,0,0.01
1776871597.600456763,3,0,0.01
1776871598.634683623,0,34,1.23
1776871598.634683623,1,0,0.01
1776871598.634683623,2,0,0.01
1776871598.634683623,3,0,0.01
1776871599.666842101,0,33,1.23
1776871599.666842101,1,0,0.01
1776871599.666842101,2,0,0.01
1776871599.666842101,3,0,0.01
1776871600.700710423,0,33,1.23
1776871600.700710423,1,0,0.01
1776871600.700710423,2,0,0.01
1776871600.700710423,3,0,0.01
1776871601.734961228,0,0,1.23
1776871601.734961228,1,0,0.01
1776871601.734961228,2,0,0.01
1776871601.734961228,3,0,0.01
1776871602.768520050,0,0,1.23
1776871602.768520050,1,0,0.01
1776871602.768520050,2,0,0.01
1776871602.768520050,3,0,0.01
1776871603.802080626,0,0,1.23
1776871603.802080626,1,0,0.01
1776871603.802080626,2,0,0.01
1776871603.802080626,3,0,0.01
1776871604.835428277,0,0,1.23
1776871604.835428277,1,0,0.01
1776871604.835428277,2,0,0.01
1776871604.835428277,3,0,0.01
1776871605.867357320,0,0,1.23
1776871605.867357320,1,0,0.01
1776871605.867357320,2,0,0.01
1776871605.867357320,3,0,0.01
1776871606.900781458,0,0,1.23
1776871606.900781458,1,0,0.01
1776871606.900781458,2,0,0.01
1776871606.900781458,3,0,0.01
1776871607.935522383,0,0,1.23
1776871607.935522383,1,0,0.01
1776871607.935522383,2,0,0.01
1776871607.935522383,3,0,0.01
1776871608.969052977,0,0,1.23
1776871608.969052977,1,0,0.01
1776871608.969052977,2,0,0.01
1776871608.969052977,3,0,0.01
1776871610.003010947,0,0,1.23
1776871610.003010947,1,0,0.01
1776871610.003010947,2,0,0.01
1776871610.003010947,3,0,0.01
1776871611.036091874,0,32,1.23
1776871611.036091874,1,0,0.01
1776871611.036091874,2,0,0.01
1776871611.036091874,3,0,0.01
1776871612.069348299,0,32,1.23
1776871612.069348299,1,0,0.01
1776871612.069348299,2,0,0.01
1776871612.069348299,3,0,0.01
1776871613.102606744,0,32,1.23
1776871613.102606744,1,0,0.01
1776871613.102606744,2,0,0.01
1776871613.102606744,3,0,0.01
1776871614.136920198,0,31,1.23
1776871614.136920198,1,0,0.01
1776871614.136920198,2,0,0.01
1776871614.136920198,3,0,0.01
1776871615.170031632,0,0,1.23
1776871615.170031632,1,0,0.01
1776871615.170031632,2,0,0.01
1776871615.170031632,3,0,0.01
1776871616.204142502,0,0,1.23
1776871616.204142502,1,0,0.01
1776871616.204142502,2,0,0.01
1776871616.204142502,3,0,0.01
1776871617.237033909,0,0,1.23
1776871617.237033909,1,0,0.01
1776871617.237033909,2,0,0.01
1776871617.237033909,3,0,0.01
1776871618.270257273,0,0,1.23
1776871618.270257273,1,0,0.01
1776871618.270257273,2,0,0.01
1776871618.270257273,3,0,0.01
1776871619.302110608,0,0,1.23
1776871619.302110608,1,0,0.01
1776871619.302110608,2,0,0.01
1776871619.302110608,3,0,0.01
1776871620.335915228,0,0,1.23
1776871620.335915228,1,0,0.01
1776871620.335915228,2,0,0.01
1776871620.335915228,3,0,0.01
1776871621.369482835,0,0,1.23
1776871621.369482835,1,0,0.01
1776871621.369482835,2,0,0.01
1776871621.369482835,3,0,0.01
1776871622.402538325,0,0,1.23
1776871622.402538325,1,0,0.01
1776871622.402538325,2,0,0.01
1776871622.402538325,3,0,0.01
1776871623.435647724,0,34,1.23
1776871623.435647724,1,0,0.01
1776871623.435647724,2,0,0.01
1776871623.435647724,3,0,0.01
1776871624.469370473,0,34,1.23
1776871624.469370473,1,0,0.01
1776871624.469370473,2,0,0.01
1776871624.469370473,3,0,0.01
1776871625.502118454,0,34,1.23
1776871625.502118454,1,0,0.01
1776871625.502118454,2,0,0.01
1776871625.502118454,3,0,0.01
1776871626.536169688,0,31,1.23
1776871626.536169688,1,0,0.01
1776871626.536169688,2,0,0.01
1776871626.536169688,3,0,0.01
1776871627.570568747,0,0,1.23
1776871627.570568747,1,0,0.01
1776871627.570568747,2,0,0.01
1776871627.570568747,3,0,0.01
1776871628.604216020,0,0,1.23
1776871628.604216020,1,0,0.01
1776871628.604216020,2,0,0.01
1776871628.604216020,3,0,0.01
1776871629.638323784,0,0,1.23
1776871629.638323784,1,0,0.01
1776871629.638323784,2,0,0.01
1776871629.638323784,3,0,0.01
1776871630.670943247,0,0,1.23
1776871630.670943247,1,0,0.01
1776871630.670943247,2,0,0.01
1776871630.670943247,3,0,0.01
1776871631.703613841,0,0,1.23
1776871631.703613841,1,0,0.01
1776871631.703613841,2,0,0.01
1776871631.703613841,3,0,0.01
1776871632.736176535,0,32,1.23
1776871632.736176535,1,0,0.01
1776871632.736176535,2,0,0.01
1776871632.736176535,3,0,0.01
1776871633.767745584,0,32,1.23
1776871633.767745584,1,0,0.01
1776871633.767745584,2,0,0.01
1776871633.767745584,3,0,0.01
1776871634.801678683,0,32,1.23
1776871634.801678683,1,0,0.01
1776871634.801678683,2,0,0.01
1776871634.801678683,3,0,0.01
1776871635.834703913,0,32,1.23
1776871635.834703913,1,0,0.01
1776871635.834703913,2,0,0.01
1776871635.834703913,3,0,0.01
1776871636.868403270,0,0,1.23
1776871636.868403270,1,0,0.01
1776871636.868403270,2,0,0.01
1776871636.868403270,3,0,0.01
1776871637.902675199,0,0,1.23
1776871637.902675199,1,0,0.01
1776871637.902675199,2,0,0.01
1776871637.902675199,3,0,0.01
1776871638.934544704,0,0,1.23
1776871638.934544704,1,0,0.01
1776871638.934544704,2,0,0.01
1776871638.934544704,3,0,0.01
1776871639.966650754,0,0,1.23
1776871639.966650754,1,0,0.01
1776871639.966650754,2,0,0.01
1776871639.966650754,3,0,0.01
1776871641.000516281,0,0,1.23
1776871641.000516281,1,0,0.01
1776871641.000516281,2,0,0.01
1776871641.000516281,3,0,0.01
1776871642.033562706,0,34,1.23
1776871642.033562706,1,0,0.01
1776871642.033562706,2,0,0.01
1776871642.033562706,3,0,0.01
1776871643.067273315,0,34,1.23
1776871643.067273315,1,0,0.01
1776871643.067273315,2,0,0.01
1776871643.067273315,3,0,0.01
1776871644.100160199,0,34,1.23
1776871644.100160199,1,0,0.01
1776871644.100160199,2,0,0.01
1776871644.100160199,3,0,0.01
1776871645.133819637,0,0,1.23
1776871645.133819637,1,0,0.01
1776871645.133819637,2,0,0.01
1776871645.133819637,3,0,0.01
1776871646.167479765,0,0,1.23
1776871646.167479765,1,0,0.01
1776871646.167479765,2,0,0.01
1776871646.167479765,3,0,0.01
1776871647.201506114,0,0,1.23
1776871647.201506114,1,0,0.01
1776871647.201506114,2,0,0.01
1776871647.201506114,3,0,0.01
1776871648.234793439,0,0,1.23
1776871648.234793439,1,0,0.01
1776871648.234793439,2,0,0.01
1776871648.234793439,3,0,0.01
1776871649.267427939,0,0,1.23
1776871649.267427939,1,0,0.01
1776871649.267427939,2,0,0.01
1776871649.267427939,3,0,0.01
1776871650.299021247,0,0,1.23
1776871650.299021247,1,0,0.01
1776871650.299021247,2,0,0.01
1776871650.299021247,3,0,0.01
1776871651.332166448,0,36,1.23
1776871651.332166448,1,0,0.01
1776871651.332166448,2,0,0.01
1776871651.332166448,3,0,0.01
1776871652.366857955,0,36,1.23
1776871652.366857955,1,0,0.01
1776871652.366857955,2,0,0.01
1776871652.366857955,3,0,0.01
1776871653.400531462,0,36,1.23
1776871653.400531462,1,0,0.01
1776871653.400531462,2,0,0.01
1776871653.400531462,3,0,0.01
1776871654.433771240,0,36,1.23
1776871654.433771240,1,0,0.01
1776871654.433771240,2,0,0.01
1776871654.433771240,3,0,0.01
1776871655.466389262,0,0,1.23
1776871655.466389262,1,0,0.01
1776871655.466389262,2,0,0.01
1776871655.466389262,3,0,0.01
1776871656.498195898,0,0,1.23
1776871656.498195898,1,0,0.01
1776871656.498195898,2,0,0.01
1776871656.498195898,3,0,0.01
1776871657.529514598,0,0,1.23
1776871657.529514598,1,0,0.01
1776871657.529514598,2,0,0.01
1776871657.529514598,3,0,0.01
1776871658.563341598,0,0,1.23
1776871658.563341598,1,0,0.01
1776871658.563341598,2,0,0.01
1776871658.563341598,3,0,0.01
1776871659.596997048,0,0,1.23
1776871659.596997048,1,0,0.01
1776871659.596997048,2,0,0.01
1776871659.596997048,3,0,0.01
1776871660.630998520,0,2,1.23
1776871660.630998520,1,0,0.01
1776871660.630998520,2,0,0.01
1776871660.630998520,3,0,0.01
1776871661.663989119,0,38,1.23
1776871661.663989119,1,0,0.01
1776871661.663989119,2,0,0.01
1776871661.663989119,3,0,0.01
1776871662.697573811,0,38,1.23
1776871662.697573811,1,0,0.01
1776871662.697573811,2,0,0.01
1776871662.697573811,3,0,0.01
1776871663.730870358,0,37,1.23
1776871663.730870358,1,0,0.01
1776871663.730870358,2,0,0.01
1776871663.730870358,3,0,0.01
1776871664.762741443,0,0,1.23
1776871664.762741443,1,0,0.01
1776871664.762741443,2,0,0.01
1776871664.762741443,3,0,0.01
1776871665.796814340,0,0,1.23
1776871665.796814340,1,0,0.01
1776871665.796814340,2,0,0.01
1776871665.796814340,3,0,0.01
1776871666.830365172,0,0,1.23
1776871666.830365172,1,0,0.01
1776871666.830365172,2,0,0.01
1776871666.830365172,3,0,0.01
1776871667.863891703,0,0,1.23
1776871667.863891703,1,0,0.01
1776871667.863891703,2,0,0.01
1776871667.863891703,3,0,0.01
1776871668.898511002,0,0,1.23
1776871668.898511002,1,0,0.01
1776871668.898511002,2,0,0.01
1776871668.898511002,3,0,0.01
1776871669.931662037,0,38,1.23
1776871669.931662037,1,0,0.01
1776871669.931662037,2,0,0.01
1776871669.931662037,3,0,0.01
1776871670.966078908,0,38,1.23
1776871670.966078908,1,0,0.01
1776871670.966078908,2,0,0.01
1776871670.966078908,3,0,0.01
1776871671.999961412,0,36,1.23
1776871671.999961412,1,0,0.01
1776871671.999961412,2,0,0.01
1776871671.999961412,3,0,0.01
1776871673.031842466,0,0,1.23
1776871673.031842466,1,0,0.01
1776871673.031842466,2,0,0.01
1776871673.031842466,3,0,0.01
1776871674.065427184,0,0,1.23
1776871674.065427184,1,0,0.01
1776871674.065427184,2,0,0.01
1776871674.065427184,3,0,0.01
1776871675.099679912,0,0,1.23
1776871675.099679912,1,0,0.01
1776871675.099679912,2,0,0.01
1776871675.099679912,3,0,0.01
1776871676.131613510,0,0,1.23
1776871676.131613510,1,0,0.01
1776871676.131613510,2,0,0.01
1776871676.131613510,3,0,0.01
1776871677.165534164,0,36,1.23
1776871677.165534164,1,0,0.01
1776871677.165534164,2,0,0.01
1776871677.165534164,3,0,0.01
1776871678.199898478,0,36,1.23
1776871678.199898478,1,0,0.01
1776871678.199898478,2,0,0.01
1776871678.199898478,3,0,0.01
1776871679.233121169,0,36,1.23
1776871679.233121169,1,0,0.01
1776871679.233121169,2,0,0.01
1776871679.233121169,3,0,0.01
1776871680.266381050,0,0,1.23
1776871680.266381050,1,0,0.01
1776871680.266381050,2,0,0.01
1776871680.266381050,3,0,0.01
1776871681.299452534,0,0,1.23
1776871681.299452534,1,0,0.01
1776871681.299452534,2,0,0.01
1776871681.299452534,3,0,0.01
1776871682.332552737,0,37,1.23
1776871682.332552737,1,0,0.01
1776871682.332552737,2,0,0.01
1776871682.332552737,3,0,0.01
1776871683.366284029,0,37,1.23
1776871683.366284029,1,0,0.01
1776871683.366284029,2,0,0.01
1776871683.366284029,3,0,0.01
1776871684.398238594,0,37,1.23
1776871684.398238594,1,0,0.01
1776871684.398238594,2,0,0.01
1776871684.398238594,3,0,0.01
1776871685.430345604,0,17,1.23
1776871685.430345604,1,0,0.01
1776871685.430345604,2,0,0.01
1776871685.430345604,3,0,0.01
1776871686.463949951,0,0,1.23
1776871686.463949951,1,0,0.01
1776871686.463949951,2,0,0.01
1776871686.463949951,3,0,0.01
1776871687.495835612,0,0,1.23
1776871687.495835612,1,0,0.01
1776871687.495835612,2,0,0.01
1776871687.495835612,3,0,0.01
1776871688.529172140,0,0,1.23
1776871688.529172140,1,0,0.01
1776871688.529172140,2,0,0.01
1776871688.529172140,3,0,0.01
1776871689.562485803,0,0,1.23
1776871689.562485803,1,0,0.01
1776871689.562485803,2,0,0.01
1776871689.562485803,3,0,0.01
1776871690.596094399,0,0,1.23
1776871690.596094399,1,0,0.01
1776871690.596094399,2,0,0.01
1776871690.596094399,3,0,0.01
1776871691.629174538,0,37,1.23
1776871691.629174538,1,0,0.01
1776871691.629174538,2,0,0.01
1776871691.629174538,3,0,0.01
1776871692.662896574,0,36,1.23
1776871692.662896574,1,0,0.01
1776871692.662896574,2,0,0.01
1776871692.662896574,3,0,0.01
1776871693.694343728,0,36,1.23
1776871693.694343728,1,0,0.01
1776871693.694343728,2,0,0.01
1776871693.694343728,3,0,0.01
1776871694.728007434,0,36,1.23
1776871694.728007434,1,0,0.01
1776871694.728007434,2,0,0.01
1776871694.728007434,3,0,0.01
1776871695.761446621,0,0,1.23
1776871695.761446621,1,0,0.01
1776871695.761446621,2,0,0.01
1776871695.761446621,3,0,0.01
1776871696.795446777,0,0,1.23
1776871696.795446777,1,0,0.01
1776871696.795446777,2,0,0.01
1776871696.795446777,3,0,0.01
1776871697.828683675,0,0,1.23
1776871697.828683675,1,0,0.01
1776871697.828683675,2,0,0.01
1776871697.828683675,3,0,0.01
1776871698.862435109,0,0,1.23
1776871698.862435109,1,0,0.01
1776871698.862435109,2,0,0.01
1776871698.862435109,3,0,0.01
1776871699.895868520,0,0,1.23
1776871699.895868520,1,0,0.01
1776871699.895868520,2,0,0.01
1776871699.895868520,3,0,0.01
1776871700.929645499,0,0,1.23
1776871700.929645499,1,0,0.01
1776871700.929645499,2,0,0.01
1776871700.929645499,3,0,0.01
1776871701.962987203,0,0,1.23
1776871701.962987203,1,0,0.01
1776871701.962987203,2,0,0.01
1776871701.962987203,3,0,0.01
1776871702.996518079,0,0,1.23
1776871702.996518079,1,0,0.01
1776871702.996518079,2,0,0.01
1776871702.996518079,3,0,0.01
1776871704.029944986,0,0,1.23
1776871704.029944986,1,0,0.01
1776871704.029944986,2,0,0.01
1776871704.029944986,3,0,0.01
1776871705.062860281,0,0,1.23
1776871705.062860281,1,0,0.01
1776871705.062860281,2,0,0.01
1776871705.062860281,3,0,0.01
1776871706.095541215,0,0,1.23
1776871706.095541215,1,0,0.01
1776871706.095541215,2,0,0.01
1776871706.095541215,3,0,0.01
1776871707.127463642,0,37,1.23
1776871707.127463642,1,0,0.01
1776871707.127463642,2,0,0.01
1776871707.127463642,3,0,0.01
1776871708.160616608,0,38,1.23
1776871708.160616608,1,0,0.01
1776871708.160616608,2,0,0.01
1776871708.160616608,3,0,0.01
1776871709.192438033,0,37,1.23
1776871709.192438033,1,0,0.01
1776871709.192438033,2,0,0.01
1776871709.192438033,3,0,0.01
1776871710.225590781,0,0,1.23
1776871710.225590781,1,0,0.01
1776871710.225590781,2,0,0.01
1776871710.225590781,3,0,0.01
1776871711.257301869,0,0,1.23
1776871711.257301869,1,0,0.01
1776871711.257301869,2,0,0.01
1776871711.257301869,3,0,0.01
1776871712.290084309,0,0,1.23
1776871712.290084309,1,0,0.01
1776871712.290084309,2,0,0.01
1776871712.290084309,3,0,0.01
1776871713.323381656,0,0,1.23
1776871713.323381656,1,0,0.01
1776871713.323381656,2,0,0.01
1776871713.323381656,3,0,0.01
1776871714.356958027,0,0,1.23
1776871714.356958027,1,0,0.01
1776871714.356958027,2,0,0.01
1776871714.356958027,3,0,0.01
1776871715.391011438,0,0,1.23
1776871715.391011438,1,0,0.01
1776871715.391011438,2,0,0.01
1776871715.391011438,3,0,0.01
1776871716.424200572,0,0,1.23
1776871716.424200572,1,0,0.01
1776871716.424200572,2,0,0.01
1776871716.424200572,3,0,0.01
1776871717.457563758,0,0,1.23
1776871717.457563758,1,0,0.01
1776871717.457563758,2,0,0.01
1776871717.457563758,3,0,0.01
1776871718.491321279,0,0,1.23
1776871718.491321279,1,0,0.01
1776871718.491321279,2,0,0.01
1776871718.491321279,3,0,0.01
1776871719.524044891,0,0,1.23
1776871719.524044891,1,0,0.01
1776871719.524044891,2,0,0.01
1776871719.524044891,3,0,0.01
1776871720.558133944,0,0,1.23
1776871720.558133944,1,0,0.01
1776871720.558133944,2,0,0.01
1776871720.558133944,3,0,0.01
1776871721.591559691,0,0,1.23
1776871721.591559691,1,0,0.01
1776871721.591559691,2,0,0.01
1776871721.591559691,3,0,0.01
1776871722.626000581,0,36,1.23
1776871722.626000581,1,0,0.01
1776871722.626000581,2,0,0.01
1776871722.626000581,3,0,0.01
1776871723.658833229,0,36,1.23
1776871723.658833229,1,0,0.01
1776871723.658833229,2,0,0.01
1776871723.658833229,3,0,0.01
1776871724.693711729,0,36,1.23
1776871724.693711729,1,0,0.01
1776871724.693711729,2,0,0.01
1776871724.693711729,3,0,0.01
1776871725.726997893,0,36,1.23
1776871725.726997893,1,0,0.01
1776871725.726997893,2,0,0.01
1776871725.726997893,3,0,0.01
1776871726.759926482,0,0,1.23
1776871726.759926482,1,0,0.01
1776871726.759926482,2,0,0.01
1776871726.759926482,3,0,0.01
1776871727.793016672,0,1,1.23
1776871727.793016672,1,0,0.01
1776871727.793016672,2,0,0.01
1776871727.793016672,3,0,0.01
1776871728.826073590,0,0,1.23
1776871728.826073590,1,0,0.01
1776871728.826073590,2,0,0.01
1776871728.826073590,3,0,0.01
1776871729.858436434,0,0,1.23
1776871729.858436434,1,0,0.01
1776871729.858436434,2,0,0.01
1776871729.858436434,3,0,0.01
1776871730.891598636,0,37,1.23
1776871730.891598636,1,0,0.01
1776871730.891598636,2,0,0.01
1776871730.891598636,3,0,0.01
1776871731.928596324,0,38,1.23
1776871731.928596324,1,0,0.01
1776871731.928596324,2,0,0.01
1776871731.928596324,3,0,0.01
1776871732.962064398,0,38,1.23
1776871732.962064398,1,0,0.01
1776871732.962064398,2,0,0.01
1776871732.962064398,3,0,0.01
1776871733.993556442,0,0,1.23
1776871733.993556442,1,0,0.01
1776871733.993556442,2,0,0.01
1776871733.993556442,3,0,0.01
1776871735.027252659,0,0,1.23
1776871735.027252659,1,0,0.01
1776871735.027252659,2,0,0.01
1776871735.027252659,3,0,0.01
1776871736.060507299,0,0,1.23
1776871736.060507299,1,0,0.01
1776871736.060507299,2,0,0.01
1776871736.060507299,3,0,0.01
1776871737.094354763,0,0,1.23
1776871737.094354763,1,0,0.01
1776871737.094354763,2,0,0.01
1776871737.094354763,3,0,0.01
1776871738.127336328,0,38,1.23
1776871738.127336328,1,0,0.01
1776871738.127336328,2,0,0.01
1776871738.127336328,3,0,0.01
1776871739.161187878,0,34,1.23
1776871739.161187878,1,0,0.01
1776871739.161187878,2,0,0.01
1776871739.161187878,3,0,0.01
1776871740.194447394,0,33,1.23
1776871740.194447394,1,0,0.01
1776871740.194447394,2,0,0.01
1776871740.194447394,3,0,0.01
1776871741.226816543,0,32,1.23
1776871741.226816543,1,0,0.01
1776871741.226816543,2,0,0.01
1776871741.226816543,3,0,0.01
1776871742.260540278,0,0,1.23
1776871742.260540278,1,0,0.01
1776871742.260540278,2,0,0.01
1776871742.260540278,3,0,0.01
1776871743.294016362,0,0,1.23
1776871743.294016362,1,0,0.01
1776871743.294016362,2,0,0.01
1776871743.294016362,3,0,0.01
1776871744.328600876,0,0,1.23
1776871744.328600876,1,0,0.01
1776871744.328600876,2,0,0.01
1776871744.328600876,3,0,0.01
1776871745.360161869,0,0,1.23
1776871745.360161869,1,0,0.01
1776871745.360161869,2,0,0.01
1776871745.360161869,3,0,0.01
1776871746.393265857,0,0,1.23
1776871746.393265857,1,0,0.01
1776871746.393265857,2,0,0.01
1776871746.393265857,3,0,0.01
1776871747.427325433,0,0,1.23
1776871747.427325433,1,0,0.01
1776871747.427325433,2,0,0.01
1776871747.427325433,3,0,0.01
1776871748.460336772,0,0,1.23
1776871748.460336772,1,0,0.01
1776871748.460336772,2,0,0.01
1776871748.460336772,3,0,0.01
1776871749.494625438,0,36,1.23
1776871749.494625438,1,0,0.01
1776871749.494625438,2,0,0.01
1776871749.494625438,3,0,0.01
1776871750.527814701,0,36,1.23
1776871750.527814701,1,0,0.01
1776871750.527814701,2,0,0.01
1776871750.527814701,3,0,0.01
1776871751.560214378,0,38,1.23
1776871751.560214378,1,0,0.01
1776871751.560214378,2,0,0.01
1776871751.560214378,3,0,0.01
1776871752.593575222,0,0,1.23
1776871752.593575222,1,0,0.01
1776871752.593575222,2,0,0.01
1776871752.593575222,3,0,0.01
1776871753.626723042,0,0,1.23
1776871753.626723042,1,0,0.01
1776871753.626723042,2,0,0.01
1776871753.626723042,3,0,0.01
1776871754.660167026,0,0,1.23
1776871754.660167026,1,0,0.01
1776871754.660167026,2,0,0.01
1776871754.660167026,3,0,0.01
1776871755.693344128,0,38,1.23
1776871755.693344128,1,0,0.01
1776871755.693344128,2,0,0.01
1776871755.693344128,3,0,0.01
1776871756.726559707,0,37,1.23
1776871756.726559707,1,0,0.01
1776871756.726559707,2,0,0.01
1776871756.726559707,3,0,0.01
1776871757.759916791,0,38,1.23
1776871757.759916791,1,0,0.01
1776871757.759916791,2,0,0.01
1776871757.759916791,3,0,0.01
1776871758.793421131,0,0,1.23
1776871758.793421131,1,0,0.01
1776871758.793421131,2,0,0.01
1776871758.793421131,3,0,0.01
1776871759.827241470,0,0,1.23
1776871759.827241470,1,0,0.01
1776871759.827241470,2,0,0.01
1776871759.827241470,3,0,0.01
1776871760.861326937,0,0,1.23
1776871760.861326937,1,0,0.01
1776871760.861326937,2,0,0.01
1776871760.861326937,3,0,0.01
1776871761.894885487,0,0,1.23
1776871761.894885487,1,0,0.01
1776871761.894885487,2,0,0.01
1776871761.894885487,3,0,0.01
1776871762.928816804,0,0,1.23
1776871762.928816804,1,0,0.01
1776871762.928816804,2,0,0.01
1776871762.928816804,3,0,0.01
1776871763.962004381,0,0,1.23
1776871763.962004381,1,0,0.01
1776871763.962004381,2,0,0.01
1776871763.962004381,3,0,0.01
1776871764.995854350,0,0,1.23
1776871764.995854350,1,0,0.01
1776871764.995854350,2,0,0.01
1776871764.995854350,3,0,0.01
1776871766.029312956,0,0,1.23
1776871766.029312956,1,0,0.01
1776871766.029312956,2,0,0.01
1776871766.029312956,3,0,0.01
1776871767.062558671,0,36,1.23
1776871767.062558671,1,0,0.01
1776871767.062558671,2,0,0.01
1776871767.062558671,3,0,0.01
1776871768.095521463,0,36,1.23
1776871768.095521463,1,0,0.01
1776871768.095521463,2,0,0.01
1776871768.095521463,3,0,0.01
1776871769.126790438,0,36,1.23
1776871769.126790438,1,0,0.01
1776871769.126790438,2,0,0.01
1776871769.126790438,3,0,0.01
1776871770.158387800,0,0,1.23
1776871770.158387800,1,0,0.01
1776871770.158387800,2,0,0.01
1776871770.158387800,3,0,0.01
1776871771.190483795,0,0,1.23
1776871771.190483795,1,0,0.01
1776871771.190483795,2,0,0.01
1776871771.190483795,3,0,0.01
1776871772.222933966,0,0,1.23
1776871772.222933966,1,0,0.01
1776871772.222933966,2,0,0.01
1776871772.222933966,3,0,0.01
1776871773.255677073,0,0,1.23
1776871773.255677073,1,0,0.01
1776871773.255677073,2,0,0.01
1776871773.255677073,3,0,0.01
1776871774.287330672,0,37,1.23
1776871774.287330672,1,0,0.01
1776871774.287330672,2,0,0.01
1776871774.287330672,3,0,0.01
1776871775.320661346,0,37,1.23
1776871775.320661346,1,0,0.01
1776871775.320661346,2,0,0.01
1776871775.320661346,3,0,0.01
1776871776.352091303,0,37,1.23
1776871776.352091303,1,0,0.01
1776871776.352091303,2,0,0.01
1776871776.352091303,3,0,0.01
1776871777.384675220,0,0,1.23
1776871777.384675220,1,0,0.01
1776871777.384675220,2,0,0.01
1776871777.384675220,3,0,0.01
1776871778.417297471,0,0,1.23
1776871778.417297471,1,0,0.01
1776871778.417297471,2,0,0.01
1776871778.417297471,3,0,0.01
1776871779.451117783,0,0,1.23
1776871779.451117783,1,0,0.01
1776871779.451117783,2,0,0.01
1776871779.451117783,3,0,0.01
1776871780.484639694,0,0,1.23
1776871780.484639694,1,0,0.01
1776871780.484639694,2,0,0.01
1776871780.484639694,3,0,0.01
1776871781.518175042,0,0,1.23
1776871781.518175042,1,0,0.01
1776871781.518175042,2,0,0.01
1776871781.518175042,3,0,0.01
1776871782.551994960,0,38,1.23
1776871782.551994960,1,0,0.01
1776871782.551994960,2,0,0.01
1776871782.551994960,3,0,0.01
1776871783.585177458,0,38,1.23
1776871783.585177458,1,0,0.01
1776871783.585177458,2,0,0.01
1776871783.585177458,3,0,0.01
1776871784.618243499,0,38,1.23
1776871784.618243499,1,0,0.01
1776871784.618243499,2,0,0.01
1776871784.618243499,3,0,0.01
1776871785.651821507,0,0,1.23
1776871785.651821507,1,0,0.01
1776871785.651821507,2,0,0.01
1776871785.651821507,3,0,0.01
1776871786.684920502,0,0,1.23
1776871786.684920502,1,0,0.01
1776871786.684920502,2,0,0.01
1776871786.684920502,3,0,0.01
1776871787.718373773,0,0,1.23
1776871787.718373773,1,0,0.01
1776871787.718373773,2,0,0.01
1776871787.718373773,3,0,0.01
1776871788.751412205,0,0,1.23
1776871788.751412205,1,0,0.01
1776871788.751412205,2,0,0.01
1776871788.751412205,3,0,0.01
1776871789.784797470,0,0,1.23
1776871789.784797470,1,0,0.01
1776871789.784797470,2,0,0.01
1776871789.784797470,3,0,0.01
1776871790.818473297,0,36,1.23
1776871790.818473297,1,0,0.01
1776871790.818473297,2,0,0.01
1776871790.818473297,3,0,0.01
1776871791.852556586,0,36,1.23
1776871791.852556586,1,0,0.01
1776871791.852556586,2,0,0.01
1776871791.852556586,3,0,0.01
1776871792.885662923,0,36,1.23
1776871792.885662923,1,0,0.01
1776871792.885662923,2,0,0.01
1776871792.885662923,3,0,0.01
1776871793.919343528,0,36,1.23
1776871793.919343528,1,0,0.01
1776871793.919343528,2,0,0.01
1776871793.919343528,3,0,0.01
1776871794.953846605,0,0,1.23
1776871794.953846605,1,0,0.01
1776871794.953846605,2,0,0.01
1776871794.953846605,3,0,0.01
1776871795.987932792,0,0,1.23
1776871795.987932792,1,0,0.01
1776871795.987932792,2,0,0.01
1776871795.987932792,3,0,0.01
1776871797.021340873,0,0,1.23
1776871797.021340873,1,0,0.01
1776871797.021340873,2,0,0.01
1776871797.021340873,3,0,0.01
1776871798.055102745,0,38,1.23
1776871798.055102745,1,0,0.01
1776871798.055102745,2,0,0.01
1776871798.055102745,3,0,0.01
1776871799.088145145,0,37,1.23
1776871799.088145145,1,0,0.01
1776871799.088145145,2,0,0.01
1776871799.088145145,3,0,0.01
1776871800.121122885,0,37,1.23
1776871800.121122885,1,0,0.01
1776871800.121122885,2,0,0.01
1776871800.121122885,3,0,0.01
1776871801.153621107,0,37,1.23
1776871801.153621107,1,0,0.01
1776871801.153621107,2,0,0.01
1776871801.153621107,3,0,0.01
1776871802.185450336,0,0,1.23
1776871802.185450336,1,0,0.01
1776871802.185450336,2,0,0.01
1776871802.185450336,3,0,0.01
1776871803.218392900,0,0,1.23
1776871803.218392900,1,0,0.01
1776871803.218392900,2,0,0.01
1776871803.218392900,3,0,0.01
1776871804.250569045,0,0,1.23
1776871804.250569045,1,0,0.01
1776871804.250569045,2,0,0.01
1776871804.250569045,3,0,0.01
1776871805.283129560,0,0,1.23
1776871805.283129560,1,0,0.01
1776871805.283129560,2,0,0.01
1776871805.283129560,3,0,0.01
1776871806.316733523,0,38,1.23
1776871806.316733523,1,0,0.01
1776871806.316733523,2,0,0.01
1776871806.316733523,3,0,0.01
1776871807.349238733,0,37,1.23
1776871807.349238733,1,0,0.01
1776871807.349238733,2,0,0.01
1776871807.349238733,3,0,0.01
1776871808.382970170,0,36,1.23
1776871808.382970170,1,0,0.01
1776871808.382970170,2,0,0.01
1776871808.382970170,3,0,0.01
1776871809.416551173,0,0,1.23
1776871809.416551173,1,0,0.01
1776871809.416551173,2,0,0.01
1776871809.416551173,3,0,0.01
1776871810.450242557,0,0,1.23
1776871810.450242557,1,0,0.01
1776871810.450242557,2,0,0.01
1776871810.450242557,3,0,0.01
1776871811.483383663,0,0,1.23
1776871811.483383663,1,0,0.01
1776871811.483383663,2,0,0.01
1776871811.483383663,3,0,0.01
1776871812.517670980,0,0,1.23
1776871812.517670980,1,0,0.01
1776871812.517670980,2,0,0.01
1776871812.517670980,3,0,0.01
1776871813.551144297,0,0,1.23
1776871813.551144297,1,0,0.01
1776871813.551144297,2,0,0.01
1776871813.551144297,3,0,0.01
1776871814.584960486,0,0,1.23
1776871814.584960486,1,0,0.01
1776871814.584960486,2,0,0.01
1776871814.584960486,3,0,0.01
1776871815.619260152,0,0,1.23
1776871815.619260152,1,0,0.01
1776871815.619260152,2,0,0.01
1776871815.619260152,3,0,0.01
1776871816.652907513,0,36,1.23
1776871816.652907513,1,0,0.01
1776871816.652907513,2,0,0.01
1776871816.652907513,3,0,0.01
1776871817.685444782,0,38,1.23
1776871817.685444782,1,0,0.01
1776871817.685444782,2,0,0.01
1776871817.685444782,3,0,0.01
1776871818.718543133,0,38,1.23
1776871818.718543133,1,0,0.01
1776871818.718543133,2,0,0.01
1776871818.718543133,3,0,0.01
1776871819.751625172,0,9,1.23
1776871819.751625172,1,0,0.01
1776871819.751625172,2,0,0.01
1776871819.751625172,3,0,0.01
1776871820.784824198,0,0,1.23
1776871820.784824198,1,0,0.01
1776871820.784824198,2,0,0.01
1776871820.784824198,3,0,0.01
1776871821.819244220,0,0,1.23
1776871821.819244220,1,0,0.01
1776871821.819244220,2,0,0.01
1776871821.819244220,3,0,0.01
1776871822.852192687,0,29,1.23
1776871822.852192687,1,0,0.01
1776871822.852192687,2,0,0.01
1776871822.852192687,3,0,0.01
1776871823.885816418,0,38,1.23
1776871823.885816418,1,0,0.01
1776871823.885816418,2,0,0.01
1776871823.885816418,3,0,0.01
1776871824.920491269,0,38,1.23
1776871824.920491269,1,0,0.01
1776871824.920491269,2,0,0.01
1776871824.920491269,3,0,0.01
1776871825.953800646,0,37,1.23
1776871825.953800646,1,0,0.01
1776871825.953800646,2,0,0.01
1776871825.953800646,3,0,0.01
1776871826.986170908,0,0,1.23
1776871826.986170908,1,0,0.01
1776871826.986170908,2,0,0.01
1776871826.986170908,3,0,0.01
1776871828.019483149,0,0,1.23
1776871828.019483149,1,0,0.01
1776871828.019483149,2,0,0.01
1776871828.019483149,3,0,0.01
1776871829.052586601,0,0,1.23
1776871829.052586601,1,0,0.01
1776871829.052586601,2,0,0.01
1776871829.052586601,3,0,0.01
1776871830.084954868,0,0,1.23
1776871830.084954868,1,0,0.01
1776871830.084954868,2,0,0.01
1776871830.084954868,3,0,0.01
1776871831.116203362,0,0,1.23
1776871831.116203362,1,0,0.01
1776871831.116203362,2,0,0.01
1776871831.116203362,3,0,0.01
1776871832.150855688,0,0,1.23
1776871832.150855688,1,0,0.01
1776871832.150855688,2,0,0.01
1776871832.150855688,3,0,0.01
1776871833.184339857,0,36,1.23
1776871833.184339857,1,0,0.01
1776871833.184339857,2,0,0.01
1776871833.184339857,3,0,0.01
1776871834.217963025,0,36,1.23
1776871834.217963025,1,0,0.01
1776871834.217963025,2,0,0.01
1776871834.217963025,3,0,0.01
1776871835.251622297,0,36,1.23
1776871835.251622297,1,0,0.01
1776871835.251622297,2,0,0.01
1776871835.251622297,3,0,0.01
1776871836.285544899,0,36,1.23
1776871836.285544899,1,0,0.01
1776871836.285544899,2,0,0.01
1776871836.285544899,3,0,0.01
1776871837.318731020,0,0,1.23
1776871837.318731020,1,0,0.01
1776871837.318731020,2,0,0.01
1776871837.318731020,3,0,0.01
1776871838.351944363,0,0,1.23
1776871838.351944363,1,0,0.01
1776871838.351944363,2,0,0.01
1776871838.351944363,3,0,0.01
1776871839.386003944,0,0,1.23
1776871839.386003944,1,0,0.01
1776871839.386003944,2,0,0.01
1776871839.386003944,3,0,0.01
1776871840.418977961,0,0,1.23
1776871840.418977961,1,0,0.01
1776871840.418977961,2,0,0.01
1776871840.418977961,3,0,0.01
1776871841.452964434,0,0,1.23
1776871841.452964434,1,0,0.01
1776871841.452964434,2,0,0.01
1776871841.452964434,3,0,0.01
1776871842.486703569,0,0,1.23
1776871842.486703569,1,0,0.01
1776871842.486703569,2,0,0.01
1776871842.486703569,3,0,0.01
1776871843.521030733,0,36,1.23
1776871843.521030733,1,0,0.01
1776871843.521030733,2,0,0.01
1776871843.521030733,3,0,0.01
1776871844.554686236,0,38,1.23
1776871844.554686236,1,0,0.01
1776871844.554686236,2,0,0.01
1776871844.554686236,3,0,0.01
1776871845.588462794,0,38,1.23
1776871845.588462794,1,0,0.01
1776871845.588462794,2,0,0.01
1776871845.588462794,3,0,0.01
1776871846.622433526,0,37,1.23
1776871846.622433526,1,0,0.01
1776871846.622433526,2,0,0.01
1776871846.622433526,3,0,0.01
1776871847.655821118,0,0,1.23
1776871847.655821118,1,0,0.01
1776871847.655821118,2,0,0.01
1776871847.655821118,3,0,0.01
1776871848.689578624,0,0,1.23
1776871848.689578624,1,0,0.01
1776871848.689578624,2,0,0.01
1776871848.689578624,3,0,0.01
1776871849.723434896,0,0,1.23
1776871849.723434896,1,0,0.01
1776871849.723434896,2,0,0.01
1776871849.723434896,3,0,0.01
1776871850.757280424,0,0,1.23
1776871850.757280424,1,0,0.01
1776871850.757280424,2,0,0.01
1776871850.757280424,3,0,0.01
1776871851.790551731,0,37,1.23
1776871851.790551731,1,0,0.01
1776871851.790551731,2,0,0.01
1776871851.790551731,3,0,0.01
1776871852.824231542,0,36,1.23
1776871852.824231542,1,0,0.01
1776871852.824231542,2,0,0.01
1776871852.824231542,3,0,0.01
1776871853.857648034,0,36,1.23
1776871853.857648034,1,0,0.01
1776871853.857648034,2,0,0.01
1776871853.857648034,3,0,0.01
1776871854.891210082,0,0,1.23
1776871854.891210082,1,0,0.01
1776871854.891210082,2,0,0.01
1776871854.891210082,3,0,0.01
1776871855.924357982,0,0,1.23
1776871855.924357982,1,0,0.01
1776871855.924357982,2,0,0.01
1776871855.924357982,3,0,0.01
1776871856.957706621,0,0,1.23
1776871856.957706621,1,0,0.01
1776871856.957706621,2,0,0.01
1776871856.957706621,3,0,0.01
1776871857.990996040,0,36,1.23
1776871857.990996040,1,0,0.01
1776871857.990996040,2,0,0.01
1776871857.990996040,3,0,0.01
1776871859.024143714,0,36,1.23
1776871859.024143714,1,0,0.01
1776871859.024143714,2,0,0.01
1776871859.024143714,3,0,0.01
1776871860.056685381,0,36,1.23
1776871860.056685381,1,0,0.01
1776871860.056685381,2,0,0.01
1776871860.056685381,3,0,0.01
1776871861.091369387,0,25,1.23
1776871861.091369387,1,0,0.01
1776871861.091369387,2,0,0.01
1776871861.091369387,3,0,0.01
1776871862.124198353,0,0,1.23
1776871862.124198353,1,0,0.01
1776871862.124198353,2,0,0.01
1776871862.124198353,3,0,0.01
1776871863.157702355,0,0,1.23
1776871863.157702355,1,0,0.01
1776871863.157702355,2,0,0.01
1776871863.157702355,3,0,0.01
1776871864.191663744,0,0,1.23
1776871864.191663744,1,0,0.01
1776871864.191663744,2,0,0.01
1776871864.191663744,3,0,0.01
1776871865.224571911,0,37,1.23
1776871865.224571911,1,0,0.01
1776871865.224571911,2,0,0.01
1776871865.224571911,3,0,0.01
1776871866.257617237,0,37,1.23
1776871866.257617237,1,0,0.01
1776871866.257617237,2,0,0.01
1776871866.257617237,3,0,0.01
1776871867.291143050,0,37,1.23
1776871867.291143050,1,0,0.01
1776871867.291143050,2,0,0.01
1776871867.291143050,3,0,0.01
1776871868.324236695,0,0,1.23
1776871868.324236695,1,0,0.01
1776871868.324236695,2,0,0.01
1776871868.324236695,3,0,0.01
1776871869.356485088,0,0,1.23
1776871869.356485088,1,0,0.01
1776871869.356485088,2,0,0.01
1776871869.356485088,3,0,0.01
1776871870.389006588,0,0,1.23
1776871870.389006588,1,0,0.01
1776871870.389006588,2,0,0.01
1776871870.389006588,3,0,0.01
1776871871.421023389,0,0,1.23
1776871871.421023389,1,0,0.01
1776871871.421023389,2,0,0.01
1776871871.421023389,3,0,0.01
1776871872.453565225,0,0,1.23
1776871872.453565225,1,0,0.01
1776871872.453565225,2,0,0.01
1776871872.453565225,3,0,0.01
1776871873.487196065,0,36,1.23
1776871873.487196065,1,0,0.01
1776871873.487196065,2,0,0.01
1776871873.487196065,3,0,0.01
1776871874.521127370,0,36,1.23
1776871874.521127370,1,0,0.01
1776871874.521127370,2,0,0.01
1776871874.521127370,3,0,0.01
1776871875.553977233,0,36,1.23
1776871875.553977233,1,0,0.01
1776871875.553977233,2,0,0.01
1776871875.553977233,3,0,0.01
1776871876.588377481,0,36,1.23
1776871876.588377481,1,0,0.01
1776871876.588377481,2,0,0.01
1776871876.588377481,3,0,0.01
1776871877.620135511,0,0,1.23
1776871877.620135511,1,0,0.01
1776871877.620135511,2,0,0.01
1776871877.620135511,3,0,0.01
1776871878.653341486,0,0,1.23
1776871878.653341486,1,0,0.01
1776871878.653341486,2,0,0.01
1776871878.653341486,3,0,0.01
1776871879.685603830,0,0,1.23
1776871879.685603830,1,0,0.01
1776871879.685603830,2,0,0.01
1776871879.685603830,3,0,0.01
1776871880.718909195,0,0,1.23
1776871880.718909195,1,0,0.01
1776871880.718909195,2,0,0.01
1776871880.718909195,3,0,0.01
1776871881.752145715,0,36,1.23
1776871881.752145715,1,0,0.01
1776871881.752145715,2,0,0.01
1776871881.752145715,3,0,0.01
1776871882.785586072,0,38,1.23
1776871882.785586072,1,0,0.01
1776871882.785586072,2,0,0.01
1776871882.785586072,3,0,0.01
1776871883.819534892,0,38,1.23
1776871883.819534892,1,0,0.01
1776871883.819534892,2,0,0.01
1776871883.819534892,3,0,0.01
1776871884.852301715,0,0,1.23
1776871884.852301715,1,0,0.01
1776871884.852301715,2,0,0.01
1776871884.852301715,3,0,0.01
1776871885.885385226,0,0,1.23
1776871885.885385226,1,0,0.01
1776871885.885385226,2,0,0.01
1776871885.885385226,3,0,0.01
1776871886.918227426,0,0,1.23
1776871886.918227426,1,0,0.01
1776871886.918227426,2,0,0.01
1776871886.918227426,3,0,0.01
1776871887.951379517,0,0,1.23
1776871887.951379517,1,0,0.01
1776871887.951379517,2,0,0.01
1776871887.951379517,3,0,0.01
1776871888.984822837,0,0,1.23
1776871888.984822837,1,0,0.01
1776871888.984822837,2,0,0.01
1776871888.984822837,3,0,0.01
1776871890.017832387,0,0,1.23
1776871890.017832387,1,0,0.01
1776871890.017832387,2,0,0.01
1776871890.017832387,3,0,0.01
1776871891.051480282,0,0,1.23
1776871891.051480282,1,0,0.01
1776871891.051480282,2,0,0.01
1776871891.051480282,3,0,0.01
1776871892.084479030,0,0,1.23
1776871892.084479030,1,0,0.01
1776871892.084479030,2,0,0.01
1776871892.084479030,3,0,0.01
1776871893.118582464,0,37,1.23
1776871893.118582464,1,0,0.01
1776871893.118582464,2,0,0.01
1776871893.118582464,3,0,0.01
1776871894.152676871,0,36,1.23
1776871894.152676871,1,0,0.01
1776871894.152676871,2,0,0.01
1776871894.152676871,3,0,0.01
1776871895.184553524,0,36,1.23
1776871895.184553524,1,0,0.01
1776871895.184553524,2,0,0.01
1776871895.184553524,3,0,0.01
1776871896.217040930,0,0,1.23
1776871896.217040930,1,0,0.01
1776871896.217040930,2,0,0.01
1776871896.217040930,3,0,0.01
1776871897.250874587,0,0,1.23
1776871897.250874587,1,0,0.01
1776871897.250874587,2,0,0.01
1776871897.250874587,3,0,0.01
1776871898.284898357,0,0,1.23
1776871898.284898357,1,0,0.01
1776871898.284898357,2,0,0.01
1776871898.284898357,3,0,0.01
1776871899.319080105,0,0,1.23
1776871899.319080105,1,0,0.01
1776871899.319080105,2,0,0.01
1776871899.319080105,3,0,0.01
1776871900.352332839,0,0,1.23
1776871900.352332839,1,0,0.01
1776871900.352332839,2,0,0.01
1776871900.352332839,3,0,0.01
1776871901.385254464,0,0,1.23
1776871901.385254464,1,0,0.01
1776871901.385254464,2,0,0.01
1776871901.385254464,3,0,0.01
1776871902.418703387,0,0,1.23
1776871902.418703387,1,0,0.01
1776871902.418703387,2,0,0.01
1776871902.418703387,3,0,0.01
1776871903.450837269,0,0,1.23
1776871903.450837269,1,0,0.01
1776871903.450837269,2,0,0.01
1776871903.450837269,3,0,0.01
1776871904.484206689,0,37,1.23
1776871904.484206689,1,0,0.01
1776871904.484206689,2,0,0.01
1776871904.484206689,3,0,0.01
1776871905.516962196,0,38,1.23
1776871905.516962196,1,0,0.01
1776871905.516962196,2,0,0.01
1776871905.516962196,3,0,0.01
1776871906.548571241,0,38,1.23
1776871906.548571241,1,0,0.01
1776871906.548571241,2,0,0.01
1776871906.548571241,3,0,0.01
1776871907.580565354,0,7,1.23
1776871907.580565354,1,0,0.01
1776871907.580565354,2,0,0.01
1776871907.580565354,3,0,0.01
1776871908.613969080,0,0,1.23
1776871908.613969080,1,0,0.01
1776871908.613969080,2,0,0.01
1776871908.613969080,3,0,0.01
1776871909.646801752,0,1,1.23
1776871909.646801752,1,0,0.01
1776871909.646801752,2,0,0.01
1776871909.646801752,3,0,0.01
1776871910.678409659,0,0,1.23
1776871910.678409659,1,0,0.01
1776871910.678409659,2,0,0.01
1776871910.678409659,3,0,0.01
1776871911.711277097,0,0,1.23
1776871911.711277097,1,0,0.01
1776871911.711277097,2,0,0.01
1776871911.711277097,3,0,0.01
1776871912.743200733,0,38,1.23
1776871912.743200733,1,0,0.01
1776871912.743200733,2,0,0.01
1776871912.743200733,3,0,0.01
1776871913.774672189,0,37,1.23
1776871913.774672189,1,0,0.01
1776871913.774672189,2,0,0.01
1776871913.774672189,3,0,0.01
1776871914.807950285,0,37,1.23
1776871914.807950285,1,0,0.01
1776871914.807950285,2,0,0.01
1776871914.807950285,3,0,0.01
1776871915.840811683,0,0,1.23
1776871915.840811683,1,0,0.01
1776871915.840811683,2,0,0.01
1776871915.840811683,3,0,0.01
1776871916.872283806,0,0,1.23
1776871916.872283806,1,0,0.01
1776871916.872283806,2,0,0.01
1776871916.872283806,3,0,0.01
1776871917.904052086,0,0,1.23
1776871917.904052086,1,0,0.01
1776871917.904052086,2,0,0.01
1776871917.904052086,3,0,0.01
1776871918.935279501,0,0,1.23
1776871918.935279501,1,0,0.01
1776871918.935279501,2,0,0.01
1776871918.935279501,3,0,0.01
1776871919.969416572,0,0,1.23
1776871919.969416572,1,0,0.01
1776871919.969416572,2,0,0.01
1776871919.969416572,3,0,0.01
1776871921.004137489,0,0,1.23
1776871921.004137489,1,0,0.01
1776871921.004137489,2,0,0.01
1776871921.004137489,3,0,0.01
1776871922.038284029,0,36,1.23
1776871922.038284029,1,0,0.01
1776871922.038284029,2,0,0.01
1776871922.038284029,3,0,0.01
1776871923.070347410,0,36,1.23
1776871923.070347410,1,0,0.01
1776871923.070347410,2,0,0.01
1776871923.070347410,3,0,0.01
1776871924.104694997,0,36,1.23
1776871924.104694997,1,0,0.01
1776871924.104694997,2,0,0.01
1776871924.104694997,3,0,0.01
1776871925.137510811,0,37,1.23
1776871925.137510811,1,0,0.01
1776871925.137510811,2,0,0.01
1776871925.137510811,3,0,0.01
1776871926.172368000,0,0,1.23
1776871926.172368000,1,0,0.01
1776871926.172368000,2,0,0.01
1776871926.172368000,3,0,0.01
1776871927.204424798,0,0,1.23
1776871927.204424798,1,0,0.01
1776871927.204424798,2,0,0.01
1776871927.204424798,3,0,0.01
1776871928.238745314,0,0,1.23
1776871928.238745314,1,0,0.01
1776871928.238745314,2,0,0.01
1776871928.238745314,3,0,0.01
1776871929.271789518,0,0,1.23
1776871929.271789518,1,0,0.01
1776871929.271789518,2,0,0.01
1776871929.271789518,3,0,0.01
1776871930.303235528,0,0,1.23
1776871930.303235528,1,0,0.01
1776871930.303235528,2,0,0.01
1776871930.303235528,3,0,0.01
1776871931.334419899,0,0,1.23
1776871931.334419899,1,0,0.01
1776871931.334419899,2,0,0.01
1776871931.334419899,3,0,0.01
1776871932.366104718,0,38,1.23
1776871932.366104718,1,0,0.01
1776871932.366104718,2,0,0.01
1776871932.366104718,3,0,0.01
1776871933.398409535,0,37,1.23
1776871933.398409535,1,0,0.01
1776871933.398409535,2,0,0.01
1776871933.398409535,3,0,0.01
1776871934.430451555,0,37,1.23
1776871934.430451555,1,0,0.01
1776871934.430451555,2,0,0.01
1776871934.430451555,3,0,0.01
1776871935.463425337,0,0,1.23
1776871935.463425337,1,0,0.01
1776871935.463425337,2,0,0.01
1776871935.463425337,3,0,0.01
1776871936.495346365,0,0,1.23
1776871936.495346365,1,0,0.01
1776871936.495346365,2,0,0.01
1776871936.495346365,3,0,0.01
1776871937.527329550,0,0,1.23
1776871937.527329550,1,0,0.01
1776871937.527329550,2,0,0.01
1776871937.527329550,3,0,0.01
1776871938.559868951,0,0,1.23
1776871938.559868951,1,0,0.01
1776871938.559868951,2,0,0.01
1776871938.559868951,3,0,0.01
1776871939.591554919,0,36,1.23
1776871939.591554919,1,0,0.01
1776871939.591554919,2,0,0.01
1776871939.591554919,3,0,0.01
1776871940.623997852,0,36,1.23
1776871940.623997852,1,0,0.01
1776871940.623997852,2,0,0.01
1776871940.623997852,3,0,0.01
1776871941.657283902,0,36,1.23
1776871941.657283902,1,0,0.01
1776871941.657283902,2,0,0.01
1776871941.657283902,3,0,0.01
1776871942.690423718,0,0,1.23
1776871942.690423718,1,0,0.01
1776871942.690423718,2,0,0.01
1776871942.690423718,3,0,0.01
1776871943.723690017,0,0,1.23
1776871943.723690017,1,0,0.01
1776871943.723690017,2,0,0.01
1776871943.723690017,3,0,0.01
1776871944.756234376,0,0,1.23
1776871944.756234376,1,0,0.01
1776871944.756234376,2,0,0.01
1776871944.756234376,3,0,0.01
1776871945.788247677,0,36,1.23
1776871945.788247677,1,0,0.01
1776871945.788247677,2,0,0.01
1776871945.788247677,3,0,0.01
1776871946.819904221,0,36,1.23
1776871946.819904221,1,0,0.01
1776871946.819904221,2,0,0.01
1776871946.819904221,3,0,0.01
1776871947.852095761,0,38,1.23
1776871947.852095761,1,0,0.01
1776871947.852095761,2,0,0.01
1776871947.852095761,3,0,0.01
1776871948.883840816,0,0,1.23
1776871948.883840816,1,0,0.01
1776871948.883840816,2,0,0.01
1776871948.883840816,3,0,0.01
1776871949.919084671,0,0,1.23
1776871949.919084671,1,0,0.01
1776871949.919084671,2,0,0.01
1776871949.919084671,3,0,0.01
1776871950.953124814,0,0,1.23
1776871950.953124814,1,0,0.01
1776871950.953124814,2,0,0.01
1776871950.953124814,3,0,0.01
1776871951.986197418,0,0,1.23
1776871951.986197418,1,0,0.01
1776871951.986197418,2,0,0.01
1776871951.986197418,3,0,0.01
1776871953.019521792,0,16,1.23
1776871953.019521792,1,0,0.01
1776871953.019521792,2,0,0.01
1776871953.019521792,3,0,0.01
1776871954.053463095,0,38,1.23
1776871954.053463095,1,0,0.01
1776871954.053463095,2,0,0.01
1776871954.053463095,3,0,0.01
1776871955.086790899,0,38,1.23
1776871955.086790899,1,0,0.01
1776871955.086790899,2,0,0.01
1776871955.086790899,3,0,0.01
1776871956.120662692,0,38,1.23
1776871956.120662692,1,0,0.01
1776871956.120662692,2,0,0.01
1776871956.120662692,3,0,0.01
1776871957.154878569,0,0,1.23
1776871957.154878569,1,0,0.01
1776871957.154878569,2,0,0.01
1776871957.154878569,3,0,0.01
1776871958.188460630,0,0,1.23
1776871958.188460630,1,0,0.01
1776871958.188460630,2,0,0.01
1776871958.188460630,3,0,0.01
1776871959.221738634,0,0,1.23
1776871959.221738634,1,0,0.01
1776871959.221738634,2,0,0.01
1776871959.221738634,3,0,0.01
1776871960.255330061,0,0,1.23
1776871960.255330061,1,0,0.01
1776871960.255330061,2,0,0.01
1776871960.255330061,3,0,0.01
1776871961.288606014,0,0,1.23
1776871961.288606014,1,0,0.01
1776871961.288606014,2,0,0.01
1776871961.288606014,3,0,0.01
1776871962.321549980,0,0,1.23
1776871962.321549980,1,0,0.01
1776871962.321549980,2,0,0.01
1776871962.321549980,3,0,0.01
1776871963.355366667,0,0,1.23
1776871963.355366667,1,0,0.01
1776871963.355366667,2,0,0.01
1776871963.355366667,3,0,0.01
1776871964.389018364,0,0,1.23
1776871964.389018364,1,0,0.01
1776871964.389018364,2,0,0.01
1776871964.389018364,3,0,0.01
1776871965.422871568,0,0,1.23
1776871965.422871568,1,0,0.01
1776871965.422871568,2,0,0.01
1776871965.422871568,3,0,0.01
1776871966.456924499,0,0,1.23
1776871966.456924499,1,0,0.01
1776871966.456924499,2,0,0.01
1776871966.456924499,3,0,0.01
1776871967.490671320,0,0,1.23
1776871967.490671320,1,0,0.01
1776871967.490671320,2,0,0.01
1776871967.490671320,3,0,0.01
1776871968.524502536,0,0,1.23
1776871968.524502536,1,0,0.01
1776871968.524502536,2,0,0.01
1776871968.524502536,3,0,0.01
1776871969.558481456,0,37,1.23
1776871969.558481456,1,0,0.01
1776871969.558481456,2,0,0.01
1776871969.558481456,3,0,0.01
1776871970.592007598,0,37,1.23
1776871970.592007598,1,0,0.01
1776871970.592007598,2,0,0.01
1776871970.592007598,3,0,0.01
1776871971.624937250,0,38,1.23
1776871971.624937250,1,0,0.01
1776871971.624937250,2,0,0.01
1776871971.624937250,3,0,0.01
1776871972.659700324,0,0,1.23
1776871972.659700324,1,0,0.01
1776871972.659700324,2,0,0.01
1776871972.659700324,3,0,0.01
1776871973.693328108,0,0,1.23
1776871973.693328108,1,0,0.01
1776871973.693328108,2,0,0.01
1776871973.693328108,3,0,0.01
1776871974.726516915,0,0,1.23
1776871974.726516915,1,0,0.01
1776871974.726516915,2,0,0.01
1776871974.726516915,3,0,0.01
1776871975.759601545,0,0,1.23
1776871975.759601545,1,0,0.01
1776871975.759601545,2,0,0.01
1776871975.759601545,3,0,0.01
1776871976.792659190,0,0,1.23
1776871976.792659190,1,0,0.01
1776871976.792659190,2,0,0.01
1776871976.792659190,3,0,0.01
1776871977.826340442,0,0,1.23
1776871977.826340442,1,0,0.01
1776871977.826340442,2,0,0.01
1776871977.826340442,3,0,0.01
1776871978.860686935,0,0,1.23
1776871978.860686935,1,0,0.01
1776871978.860686935,2,0,0.01
1776871978.860686935,3,0,0.01
1776871979.893682367,0,38,1.23
1776871979.893682367,1,0,0.01
1776871979.893682367,2,0,0.01
1776871979.893682367,3,0,0.01
1776871980.927659614,0,36,1.23
1776871980.927659614,1,0,0.01
1776871980.927659614,2,0,0.01
1776871980.927659614,3,0,0.01
1776871981.960274372,0,36,1.23
1776871981.960274372,1,0,0.01
1776871981.960274372,2,0,0.01
1776871981.960274372,3,0,0.01
1776871982.992049877,0,8,1.23
1776871982.992049877,1,0,0.01
1776871982.992049877,2,0,0.01
1776871982.992049877,3,0,0.01
1776871984.023699190,0,0,1.23
1776871984.023699190,1,0,0.01
1776871984.023699190,2,0,0.01
1776871984.023699190,3,0,0.01
1776871985.058239599,0,0,1.23
1776871985.058239599,1,0,0.01
1776871985.058239599,2,0,0.01
1776871985.058239599,3,0,0.01
1776871986.091530087,0,0,1.23
1776871986.091530087,1,0,0.01
1776871986.091530087,2,0,0.01
1776871986.091530087,3,0,0.01
1776871987.125564743,0,0,1.23
1776871987.125564743,1,0,0.01
1776871987.125564743,2,0,0.01
1776871987.125564743,3,0,0.01
1776871988.157357001,0,0,1.23
1776871988.157357001,1,0,0.01
1776871988.157357001,2,0,0.01
1776871988.157357001,3,0,0.01
1776871989.189503975,0,0,1.23
1776871989.189503975,1,0,0.01
1776871989.189503975,2,0,0.01
1776871989.189503975,3,0,0.01
1776871990.221466432,0,0,1.23
1776871990.221466432,1,0,0.01
1776871990.221466432,2,0,0.01
1776871990.221466432,3,0,0.01
1776871991.253543965,0,38,1.23
1776871991.253543965,1,0,0.01
1776871991.253543965,2,0,0.01
1776871991.253543965,3,0,0.01
1776871992.286252360,0,38,1.23
1776871992.286252360,1,0,0.01
1776871992.286252360,2,0,0.01
1776871992.286252360,3,0,0.01
1776871993.319725289,0,38,1.23
1776871993.319725289,1,0,0.01
1776871993.319725289,2,0,0.01
1776871993.319725289,3,0,0.01
1776871994.353438428,0,0,1.23
1776871994.353438428,1,0,0.01
1776871994.353438428,2,0,0.01
1776871994.353438428,3,0,0.01
1776871995.386567280,0,0,1.23
1776871995.386567280,1,0,0.01
1776871995.386567280,2,0,0.01
1776871995.386567280,3,0,0.01
1776871996.420251733,0,0,1.23
1776871996.420251733,1,0,0.01
1776871996.420251733,2,0,0.01
1776871996.420251733,3,0,0.01
1776871997.457235852,0,0,1.23
1776871997.457235852,1,0,0.01
1776871997.457235852,2,0,0.01
1776871997.457235852,3,0,0.01
1776871998.490613708,0,37,1.23
1776871998.490613708,1,0,0.01
1776871998.490613708,2,0,0.01
1776871998.490613708,3,0,0.01
1776871999.521647334,0,38,1.23
1776871999.521647334,1,0,0.01
1776871999.521647334,2,0,0.01
1776871999.521647334,3,0,0.01
1776872000.553413316,0,37,1.23
1776872000.553413316,1,0,0.01
1776872000.553413316,2,0,0.01
1776872000.553413316,3,0,0.01
1776872001.585425532,0,32,1.23
1776872001.585425532,1,0,0.01
1776872001.585425532,2,0,0.01
1776872001.585425532,3,0,0.01
1776872002.616755611,0,0,1.23
1776872002.616755611,1,0,0.01
1776872002.616755611,2,0,0.01
1776872002.616755611,3,0,0.01
1776872003.651810612,0,15,1.23
1776872003.651810612,1,0,0.01
1776872003.651810612,2,0,0.01
1776872003.651810612,3,0,0.01
1776872004.684727970,0,37,1.23
1776872004.684727970,1,0,0.01
1776872004.684727970,2,0,0.01
1776872004.684727970,3,0,0.01
1776872005.718976684,0,36,1.23
1776872005.718976684,1,0,0.01
1776872005.718976684,2,0,0.01
1776872005.718976684,3,0,0.01
1776872006.754314570,0,36,1.23
1776872006.754314570,1,0,0.01
1776872006.754314570,2,0,0.01
1776872006.754314570,3,0,0.01
1776872007.788465186,0,0,1.23
1776872007.788465186,1,0,0.01
1776872007.788465186,2,0,0.01
1776872007.788465186,3,0,0.01
1776872008.821864373,0,0,1.23
1776872008.821864373,1,0,0.01
1776872008.821864373,2,0,0.01
1776872008.821864373,3,0,0.01
1776872009.855193454,0,0,1.23
1776872009.855193454,1,0,0.01
1776872009.855193454,2,0,0.01
1776872009.855193454,3,0,0.01
1776872010.888842439,0,0,1.23
1776872010.888842439,1,0,0.01
1776872010.888842439,2,0,0.01
1776872010.888842439,3,0,0.01
1776872011.922247979,0,0,1.23
1776872011.922247979,1,0,0.01
1776872011.922247979,2,0,0.01
1776872011.922247979,3,0,0.01
1776872012.955032583,0,0,1.23
1776872012.955032583,1,0,0.01
1776872012.955032583,2,0,0.01
1776872012.955032583,3,0,0.01
1776872013.988171539,0,0,1.23
1776872013.988171539,1,0,0.01
1776872013.988171539,2,0,0.01
1776872013.988171539,3,0,0.01
1776872015.023109082,0,0,1.23
1776872015.023109082,1,0,0.01
1776872015.023109082,2,0,0.01
1776872015.023109082,3,0,0.01
1776872016.056019750,0,0,1.23
1776872016.056019750,1,0,0.01
1776872016.056019750,2,0,0.01
1776872016.056019750,3,0,0.01
1776872017.090265665,0,0,1.23
1776872017.090265665,1,0,0.01
1776872017.090265665,2,0,0.01
1776872017.090265665,3,0,0.01
1776872018.123378268,0,38,1.23
1776872018.123378268,1,0,0.01
1776872018.123378268,2,0,0.01
1776872018.123378268,3,0,0.01
1776872019.154626793,0,37,1.23
1776872019.154626793,1,0,0.01
1776872019.154626793,2,0,0.01
1776872019.154626793,3,0,0.01
1776872020.187931418,0,38,1.23
1776872020.187931418,1,0,0.01
1776872020.187931418,2,0,0.01
1776872020.187931418,3,0,0.01
1776872021.221505005,0,0,1.23
1776872021.221505005,1,0,0.01
1776872021.221505005,2,0,0.01
1776872021.221505005,3,0,0.01
1776872022.255218994,0,0,1.23
1776872022.255218994,1,0,0.01
1776872022.255218994,2,0,0.01
1776872022.255218994,3,0,0.01
1776872023.288302322,0,0,1.23
1776872023.288302322,1,0,0.01
1776872023.288302322,2,0,0.01
1776872023.288302322,3,0,0.01
1776872024.321755533,0,0,1.23
1776872024.321755533,1,0,0.01
1776872024.321755533,2,0,0.01
1776872024.321755533,3,0,0.01
1776872025.356458951,0,0,1.23
1776872025.356458951,1,0,0.01
1776872025.356458951,2,0,0.01
1776872025.356458951,3,0,0.01
1776872026.390112301,0,0,1.23
1776872026.390112301,1,0,0.01
1776872026.390112301,2,0,0.01
1776872026.390112301,3,0,0.01
1776872027.423223588,0,0,1.23
1776872027.423223588,1,0,0.01
1776872027.423223588,2,0,0.01
1776872027.423223588,3,0,0.01
1776872028.456063427,0,0,1.23
1776872028.456063427,1,0,0.01
1776872028.456063427,2,0,0.01
1776872028.456063427,3,0,0.01
1776872029.488920302,0,0,1.23
1776872029.488920302,1,0,0.01
1776872029.488920302,2,0,0.01
1776872029.488920302,3,0,0.01
1776872030.520539824,0,0,1.23
1776872030.520539824,1,0,0.01
1776872030.520539824,2,0,0.01
1776872030.520539824,3,0,0.01
1776872031.552173184,0,0,1.23
1776872031.552173184,1,0,0.01
1776872031.552173184,2,0,0.01
1776872031.552173184,3,0,0.01
1776872032.583853015,0,0,1.23
1776872032.583853015,1,0,0.01
1776872032.583853015,2,0,0.01
1776872032.583853015,3,0,0.01
1776872033.615464302,0,37,1.23
1776872033.615464302,1,0,0.01
1776872033.615464302,2,0,0.01
1776872033.615464302,3,0,0.01
1776872034.647540465,0,37,1.23
1776872034.647540465,1,0,0.01
1776872034.647540465,2,0,0.01
1776872034.647540465,3,0,0.01
1776872035.681848101,0,38,1.23
1776872035.681848101,1,0,0.01
1776872035.681848101,2,0,0.01
1776872035.681848101,3,0,0.01
1776872036.716117972,0,38,1.23
1776872036.716117972,1,0,0.01
1776872036.716117972,2,0,0.01
1776872036.716117972,3,0,0.01
1776872037.749321230,0,0,1.23
1776872037.749321230,1,0,0.01
1776872037.749321230,2,0,0.01
1776872037.749321230,3,0,0.01
1776872038.782248531,0,0,1.23
1776872038.782248531,1,0,0.01
1776872038.782248531,2,0,0.01
1776872038.782248531,3,0,0.01
1776872039.815852110,0,0,1.23
1776872039.815852110,1,0,0.01
1776872039.815852110,2,0,0.01
1776872039.815852110,3,0,0.01
1776872040.848215218,0,0,1.23
1776872040.848215218,1,0,0.01
1776872040.848215218,2,0,0.01
1776872040.848215218,3,0,0.01
1776872041.882526433,0,0,1.23
1776872041.882526433,1,0,0.01
1776872041.882526433,2,0,0.01
1776872041.882526433,3,0,0.01
1776872042.915821506,0,0,1.23
1776872042.915821506,1,0,0.01
1776872042.915821506,2,0,0.01
1776872042.915821506,3,0,0.01
1776872043.949067094,0,38,1.23
1776872043.949067094,1,0,0.01
1776872043.949067094,2,0,0.01
1776872043.949067094,3,0,0.01
1776872044.982340355,0,37,1.23
1776872044.982340355,1,0,0.01
1776872044.982340355,2,0,0.01
1776872044.982340355,3,0,0.01
1776872046.015925709,0,36,1.23
1776872046.015925709,1,0,0.01
1776872046.015925709,2,0,0.01
1776872046.015925709,3,0,0.01
1776872047.047401807,0,0,1.23
1776872047.047401807,1,0,0.01
1776872047.047401807,2,0,0.01
1776872047.047401807,3,0,0.01
1776872048.080891400,0,0,1.23
1776872048.080891400,1,0,0.01
1776872048.080891400,2,0,0.01
1776872048.080891400,3,0,0.01
1776872049.113819533,0,0,1.23
1776872049.113819533,1,0,0.01
1776872049.113819533,2,0,0.01
1776872049.113819533,3,0,0.01
1776872050.147903442,0,36,1.23
1776872050.147903442,1,0,0.01
1776872050.147903442,2,0,0.01
1776872050.147903442,3,0,0.01
1776872051.181596556,0,36,1.23
1776872051.181596556,1,0,0.01
1776872051.181596556,2,0,0.01
1776872051.181596556,3,0,0.01
1776872052.213219287,0,36,1.23
1776872052.213219287,1,0,0.01
1776872052.213219287,2,0,0.01
1776872052.213219287,3,0,0.01
1776872053.246375122,0,36,1.23
1776872053.246375122,1,0,0.01
1776872053.246375122,2,0,0.01
1776872053.246375122,3,0,0.01
1776872054.279525564,0,0,1.23
1776872054.279525564,1,0,0.01
1776872054.279525564,2,0,0.01
1776872054.279525564,3,0,0.01
1776872055.312862355,0,0,1.23
1776872055.312862355,1,0,0.01
1776872055.312862355,2,0,0.01
1776872055.312862355,3,0,0.01
1776872056.346791340,0,0,1.23
1776872056.346791340,1,0,0.01
1776872056.346791340,2,0,0.01
1776872056.346791340,3,0,0.01
1776872057.380131518,0,0,1.23
1776872057.380131518,1,0,0.01
1776872057.380131518,2,0,0.01
1776872057.380131518,3,0,0.01
1776872058.413479920,0,0,1.23
1776872058.413479920,1,0,0.01
1776872058.413479920,2,0,0.01
1776872058.413479920,3,0,0.01
1776872059.447100754,0,0,1.23
1776872059.447100754,1,0,0.01
1776872059.447100754,2,0,0.01
1776872059.447100754,3,0,0.01
1776872060.478870131,0,0,1.23
1776872060.478870131,1,0,0.01
1776872060.478870131,2,0,0.01
1776872060.478870131,3,0,0.01
1776872061.512697072,0,38,1.23
1776872061.512697072,1,0,0.01
1776872061.512697072,2,0,0.01
1776872061.512697072,3,0,0.01
1776872062.545293233,0,38,1.23
1776872062.545293233,1,0,0.01
1776872062.545293233,2,0,0.01
1776872062.545293233,3,0,0.01
1776872063.578991222,0,38,1.23
1776872063.578991222,1,0,0.01
1776872063.578991222,2,0,0.01
1776872063.578991222,3,0,0.01
1776872064.613256561,0,38,1.23
1776872064.613256561,1,0,0.01
1776872064.613256561,2,0,0.01
1776872064.613256561,3,0,0.01
1776872065.645561771,0,0,1.23
1776872065.645561771,1,0,0.01
1776872065.645561771,2,0,0.01
1776872065.645561771,3,0,0.01
1776872066.678375327,0,0,1.23
1776872066.678375327,1,0,0.01
1776872066.678375327,2,0,0.01
1776872066.678375327,3,0,0.01
1776872067.710016578,0,0,1.23
1776872067.710016578,1,0,0.01
1776872067.710016578,2,0,0.01
1776872067.710016578,3,0,0.01
1776872068.743508958,0,0,1.23
1776872068.743508958,1,0,0.01
1776872068.743508958,2,0,0.01
1776872068.743508958,3,0,0.01
1776872069.776578847,0,36,1.23
1776872069.776578847,1,0,0.01
1776872069.776578847,2,0,0.01
1776872069.776578847,3,0,0.01
1776872070.808845737,0,36,1.23
1776872070.808845737,1,0,0.01
1776872070.808845737,2,0,0.01
1776872070.808845737,3,0,0.01
1776872071.842081936,0,36,1.23
1776872071.842081936,1,0,0.01
1776872071.842081936,2,0,0.01
1776872071.842081936,3,0,0.01
1776872072.875994123,0,17,1.23
1776872072.875994123,1,0,0.01
1776872072.875994123,2,0,0.01
1776872072.875994123,3,0,0.01
1776872073.908165749,0,0,1.23
1776872073.908165749,1,0,0.01
1776872073.908165749,2,0,0.01
1776872073.908165749,3,0,0.01
1776872074.939770928,0,0,1.23
1776872074.939770928,1,0,0.01
1776872074.939770928,2,0,0.01
1776872074.939770928,3,0,0.01
1776872075.970968682,0,0,1.23
1776872075.970968682,1,0,0.01
1776872075.970968682,2,0,0.01
1776872075.970968682,3,0,0.01
1776872077.002677235,0,0,1.23
1776872077.002677235,1,0,0.01
1776872077.002677235,2,0,0.01
1776872077.002677235,3,0,0.01
1776872078.035538225,0,0,1.23
1776872078.035538225,1,0,0.01
1776872078.035538225,2,0,0.01
1776872078.035538225,3,0,0.01
1776872079.067060816,0,0,1.23
1776872079.067060816,1,0,0.01
1776872079.067060816,2,0,0.01
1776872079.067060816,3,0,0.01
1776872080.098552593,0,38,1.23
1776872080.098552593,1,0,0.01
1776872080.098552593,2,0,0.01
1776872080.098552593,3,0,0.01
1776872081.130630074,0,38,1.23
1776872081.130630074,1,0,0.01
1776872081.130630074,2,0,0.01
1776872081.130630074,3,0,0.01
1776872082.163674991,0,38,1.23
1776872082.163674991,1,0,0.01
1776872082.163674991,2,0,0.01
1776872082.163674991,3,0,0.01
1776872083.196805645,0,38,1.23
1776872083.196805645,1,0,0.01
1776872083.196805645,2,0,0.01
1776872083.196805645,3,0,0.01
1776872084.230376083,0,0,1.23
1776872084.230376083,1,0,0.01
1776872084.230376083,2,0,0.01
1776872084.230376083,3,0,0.01
1776872085.264535290,0,0,1.23
1776872085.264535290,1,0,0.01
1776872085.264535290,2,0,0.01
1776872085.264535290,3,0,0.01
1776872086.297366057,0,0,1.23
1776872086.297366057,1,0,0.01
1776872086.297366057,2,0,0.01
1776872086.297366057,3,0,0.01
1776872087.331397554,0,0,1.23
1776872087.331397554,1,0,0.01
1776872087.331397554,2,0,0.01
1776872087.331397554,3,0,0.01
1776872088.366544064,0,0,1.23
1776872088.366544064,1,0,0.01
1776872088.366544064,2,0,0.01
1776872088.366544064,3,0,0.01
1776872089.399956897,0,0,1.23
1776872089.399956897,1,0,0.01
1776872089.399956897,2,0,0.01
1776872089.399956897,3,0,0.01
1776872090.434354610,0,0,1.23
1776872090.434354610,1,0,0.01
1776872090.434354610,2,0,0.01
1776872090.434354610,3,0,0.01
1776872091.468359430,0,0,1.23
1776872091.468359430,1,0,0.01
1776872091.468359430,2,0,0.01
1776872091.468359430,3,0,0.01
1776872092.501379221,0,2,1.23
1776872092.501379221,1,0,0.01
1776872092.501379221,2,0,0.01
1776872092.501379221,3,0,0.01
1776872093.535112287,0,38,1.23
1776872093.535112287,1,0,0.01
1776872093.535112287,2,0,0.01
1776872093.535112287,3,0,0.01
1776872094.569279338,0,37,1.23
1776872094.569279338,1,0,0.01
1776872094.569279338,2,0,0.01
1776872094.569279338,3,0,0.01
1776872095.603059283,0,36,1.23
1776872095.603059283,1,0,0.01
1776872095.603059283,2,0,0.01
1776872095.603059283,3,0,0.01
1776872096.636251838,0,0,1.23
1776872096.636251838,1,0,0.01
1776872096.636251838,2,0,0.01
1776872096.636251838,3,0,0.01
1776872097.670279258,0,0,1.23
1776872097.670279258,1,0,0.01
1776872097.670279258,2,0,0.01
1776872097.670279258,3,0,0.01
1776872098.703813284,0,0,1.23
1776872098.703813284,1,0,0.01
1776872098.703813284,2,0,0.01
1776872098.703813284,3,0,0.01
1776872099.737243688,0,0,1.23
1776872099.737243688,1,0,0.01
1776872099.737243688,2,0,0.01
1776872099.737243688,3,0,0.01
1776872100.770799978,0,25,1.23
1776872100.770799978,1,0,0.01
1776872100.770799978,2,0,0.01
1776872100.770799978,3,0,0.01
1776872101.804485565,0,36,1.23
1776872101.804485565,1,0,0.01
1776872101.804485565,2,0,0.01
1776872101.804485565,3,0,0.01
1776872102.838420539,0,36,1.23
1776872102.838420539,1,0,0.01
1776872102.838420539,2,0,0.01
1776872102.838420539,3,0,0.01
1776872103.870304141,0,38,1.23
1776872103.870304141,1,0,0.01
1776872103.870304141,2,0,0.01
1776872103.870304141,3,0,0.01
1776872104.903325276,0,0,1.23
1776872104.903325276,1,0,0.01
1776872104.903325276,2,0,0.01
1776872104.903325276,3,0,0.01
1776872105.936977554,0,0,1.23
1776872105.936977554,1,0,0.01
1776872105.936977554,2,0,0.01
1776872105.936977554,3,0,0.01
1776872106.971211339,0,0,1.23
1776872106.971211339,1,0,0.01
1776872106.971211339,2,0,0.01
1776872106.971211339,3,0,0.01
1776872108.004557145,0,38,1.23
1776872108.004557145,1,0,0.01
1776872108.004557145,2,0,0.01
1776872108.004557145,3,0,0.01
1776872109.037427663,0,38,1.23
1776872109.037427663,1,0,0.01
1776872109.037427663,2,0,0.01
1776872109.037427663,3,0,0.01
1776872110.071523789,0,38,1.23
1776872110.071523789,1,0,0.01
1776872110.071523789,2,0,0.01
1776872110.071523789,3,0,0.01
1776872111.105715673,0,0,1.23
1776872111.105715673,1,0,0.01
1776872111.105715673,2,0,0.01
1776872111.105715673,3,0,0.01
1776872112.139683553,0,0,1.23
1776872112.139683553,1,0,0.01
1776872112.139683553,2,0,0.01
1776872112.139683553,3,0,0.01
1776872113.172407615,0,0,1.23
1776872113.172407615,1,0,0.01
1776872113.172407615,2,0,0.01
1776872113.172407615,3,0,0.01
1776872114.206564194,0,0,1.23
1776872114.206564194,1,0,0.01
1776872114.206564194,2,0,0.01
1776872114.206564194,3,0,0.01
1776872115.240629971,0,0,1.23
1776872115.240629971,1,0,0.01
1776872115.240629971,2,0,0.01
1776872115.240629971,3,0,0.01
1776872116.274317283,0,0,1.23
1776872116.274317283,1,0,0.01
1776872116.274317283,2,0,0.01
1776872116.274317283,3,0,0.01
1776872117.306632950,0,0,1.23
1776872117.306632950,1,0,0.01
1776872117.306632950,2,0,0.01
1776872117.306632950,3,0,0.01
1776872118.339677652,0,36,1.23
1776872118.339677652,1,0,0.01
1776872118.339677652,2,0,0.01
1776872118.339677652,3,0,0.01
1776872119.372353309,0,36,1.23
1776872119.372353309,1,0,0.01
1776872119.372353309,2,0,0.01
1776872119.372353309,3,0,0.01
1776872120.404102800,0,36,1.23
1776872120.404102800,1,0,0.01
1776872120.404102800,2,0,0.01
1776872120.404102800,3,0,0.01
1776872121.436832703,0,18,1.23
1776872121.436832703,1,0,0.01
1776872121.436832703,2,0,0.01
1776872121.436832703,3,0,0.01
1776872122.471518811,0,0,1.23
1776872122.471518811,1,0,0.01
1776872122.471518811,2,0,0.01
1776872122.471518811,3,0,0.01
1776872123.505269205,0,0,1.23
1776872123.505269205,1,0,0.01
1776872123.505269205,2,0,0.01
1776872123.505269205,3,0,0.01
1776872124.538892825,0,0,1.23
1776872124.538892825,1,0,0.01
1776872124.538892825,2,0,0.01
1776872124.538892825,3,0,0.01
1776872125.570657754,0,0,1.23
1776872125.570657754,1,0,0.01
1776872125.570657754,2,0,0.01
1776872125.570657754,3,0,0.01
1776872126.603185697,0,0,1.23
1776872126.603185697,1,0,0.01
1776872126.603185697,2,0,0.01
1776872126.603185697,3,0,0.01
1776872127.634698355,0,0,1.23
1776872127.634698355,1,0,0.01
1776872127.634698355,2,0,0.01
1776872127.634698355,3,0,0.01
1776872128.668238966,0,0,1.23
1776872128.668238966,1,0,0.01
1776872128.668238966,2,0,0.01
1776872128.668238966,3,0,0.01
1776872129.701542864,0,0,1.23
1776872129.701542864,1,0,0.01
1776872129.701542864,2,0,0.01
1776872129.701542864,3,0,0.01
1776872130.735190854,0,0,1.23
1776872130.735190854,1,0,0.01
1776872130.735190854,2,0,0.01
1776872130.735190854,3,0,0.01
1776872131.768559203,0,37,1.23
1776872131.768559203,1,0,0.01
1776872131.768559203,2,0,0.01
1776872131.768559203,3,0,0.01
1776872132.801588842,0,38,1.23
1776872132.801588842,1,0,0.01
1776872132.801588842,2,0,0.01
1776872132.801588842,3,0,0.01
1776872133.834465917,0,37,1.23
1776872133.834465917,1,0,0.01
1776872133.834465917,2,0,0.01
1776872133.834465917,3,0,0.01
1776872134.868146299,0,38,1.23
1776872134.868146299,1,0,0.01
1776872134.868146299,2,0,0.01
1776872134.868146299,3,0,0.01
1776872135.900778696,0,0,1.23
1776872135.900778696,1,0,0.01
1776872135.900778696,2,0,0.01
1776872135.900778696,3,0,0.01
1776872136.934275157,0,0,1.23
1776872136.934275157,1,0,0.01
1776872136.934275157,2,0,0.01
1776872136.934275157,3,0,0.01
1776872137.967739306,0,0,1.23
1776872137.967739306,1,0,0.01
1776872137.967739306,2,0,0.01
1776872137.967739306,3,0,0.01
1776872139.000747948,0,0,1.23
1776872139.000747948,1,0,0.01
1776872139.000747948,2,0,0.01
1776872139.000747948,3,0,0.01
1776872140.034427206,0,0,1.23
1776872140.034427206,1,0,0.01
1776872140.034427206,2,0,0.01
1776872140.034427206,3,0,0.01
1776872141.067874887,0,38,1.23
1776872141.067874887,1,0,0.01
1776872141.067874887,2,0,0.01
1776872141.067874887,3,0,0.01
1776872142.102593219,0,37,1.23
1776872142.102593219,1,0,0.01
1776872142.102593219,2,0,0.01
1776872142.102593219,3,0,0.01
1776872143.136198717,0,36,1.23
1776872143.136198717,1,0,0.01
1776872143.136198717,2,0,0.01
1776872143.136198717,3,0,0.01
1776872144.169680612,0,14,1.23
1776872144.169680612,1,0,0.01
1776872144.169680612,2,0,0.01
1776872144.169680612,3,0,0.01
1776872145.202190007,0,0,1.23
1776872145.202190007,1,0,0.01
1776872145.202190007,2,0,0.01
1776872145.202190007,3,0,0.01
1776872146.236015070,0,0,1.23
1776872146.236015070,1,0,0.01
1776872146.236015070,2,0,0.01
1776872146.236015070,3,0,0.01
1776872147.269711925,0,0,1.23
1776872147.269711925,1,0,0.01
1776872147.269711925,2,0,0.01
1776872147.269711925,3,0,0.01
1776872148.304044480,0,0,1.23
1776872148.304044480,1,0,0.01
1776872148.304044480,2,0,0.01
1776872148.304044480,3,0,0.01
1776872149.337156844,0,0,1.23
1776872149.337156844,1,0,0.01
1776872149.337156844,2,0,0.01
1776872149.337156844,3,0,0.01
1776872150.370736202,0,0,1.23
1776872150.370736202,1,0,0.01
1776872150.370736202,2,0,0.01
1776872150.370736202,3,0,0.01
1776872151.402574764,0,0,1.23
1776872151.402574764,1,0,0.01
1776872151.402574764,2,0,0.01
1776872151.402574764,3,0,0.01
1776872152.435728548,0,38,1.23
1776872152.435728548,1,0,0.01
1776872152.435728548,2,0,0.01
1776872152.435728548,3,0,0.01
1776872153.469623250,0,37,1.23
1776872153.469623250,1,0,0.01
1776872153.469623250,2,0,0.01
1776872153.469623250,3,0,0.01
1776872154.502337646,0,37,1.23
1776872154.502337646,1,0,0.01
1776872154.502337646,2,0,0.01
1776872154.502337646,3,0,0.01
1776872155.536232585,0,0,1.23
1776872155.536232585,1,0,0.01
1776872155.536232585,2,0,0.01
1776872155.536232585,3,0,0.01
1776872156.568071110,0,0,1.23
1776872156.568071110,1,0,0.01
1776872156.568071110,2,0,0.01
1776872156.568071110,3,0,0.01
1776872157.601199905,0,0,1.23
1776872157.601199905,1,0,0.01
1776872157.601199905,2,0,0.01
1776872157.601199905,3,0,0.01
1776872158.635278979,0,0,1.23
1776872158.635278979,1,0,0.01
1776872158.635278979,2,0,0.01
1776872158.635278979,3,0,0.01
1776872159.667181023,0,38,1.23
1776872159.667181023,1,0,0.01
1776872159.667181023,2,0,0.01
1776872159.667181023,3,0,0.01
1776872160.699593007,0,38,1.23
1776872160.699593007,1,0,0.01
1776872160.699593007,2,0,0.01
1776872160.699593007,3,0,0.01
1776872161.731539892,0,38,1.23
1776872161.731539892,1,0,0.01
1776872161.731539892,2,0,0.01
1776872161.731539892,3,0,0.01
1776872162.765578142,0,17,1.23
1776872162.765578142,1,0,0.01
1776872162.765578142,2,0,0.01
1776872162.765578142,3,0,0.01
1776872163.799469596,0,0,1.23
1776872163.799469596,1,0,0.01
1776872163.799469596,2,0,0.01
1776872163.799469596,3,0,0.01
1776872164.832732288,0,0,1.23
1776872164.832732288,1,0,0.01
1776872164.832732288,2,0,0.01
1776872164.832732288,3,0,0.01
1776872165.866229763,0,0,1.23
1776872165.866229763,1,0,0.01
1776872165.866229763,2,0,0.01
1776872165.866229763,3,0,0.01
1776872166.900821451,0,0,1.23
1776872166.900821451,1,0,0.01
1776872166.900821451,2,0,0.01
1776872166.900821451,3,0,0.01
1776872167.934153908,0,0,1.23
1776872167.934153908,1,0,0.01
1776872167.934153908,2,0,0.01
1776872167.934153908,3,0,0.01
1776872168.967913527,0,0,1.23
1776872168.967913527,1,0,0.01
1776872168.967913527,2,0,0.01
1776872168.967913527,3,0,0.01
1776872170.001407297,0,36,1.23
1776872170.001407297,1,0,0.01
1776872170.001407297,2,0,0.01
1776872170.001407297,3,0,0.01
1776872171.034637010,0,36,1.23
1776872171.034637010,1,0,0.01
1776872171.034637010,2,0,0.01
1776872171.034637010,3,0,0.01
1776872172.067607284,0,36,1.23
1776872172.067607284,1,0,0.01
1776872172.067607284,2,0,0.01
1776872172.067607284,3,0,0.01
1776872173.101192920,0,36,1.23
1776872173.101192920,1,0,0.01
1776872173.101192920,2,0,0.01
1776872173.101192920,3,0,0.01
1776872174.135866798,0,0,1.23
1776872174.135866798,1,0,0.01
1776872174.135866798,2,0,0.01
1776872174.135866798,3,0,0.01
1776872175.169769307,0,1,1.23
1776872175.169769307,1,0,0.01
1776872175.169769307,2,0,0.01
1776872175.169769307,3,0,0.01
1776872176.202819851,0,0,1.23
1776872176.202819851,1,0,0.01
1776872176.202819851,2,0,0.01
1776872176.202819851,3,0,0.01
1776872177.236891257,0,0,1.23
1776872177.236891257,1,0,0.01
1776872177.236891257,2,0,0.01
1776872177.236891257,3,0,0.01
1776872178.271280354,0,0,1.23
1776872178.271280354,1,0,0.01
1776872178.271280354,2,0,0.01
1776872178.271280354,3,0,0.01
1776872179.304957246,0,0,1.23
1776872179.304957246,1,0,0.01
1776872179.304957246,2,0,0.01
1776872179.304957246,3,0,0.01
1776872180.339487386,0,38,1.23
1776872180.339487386,1,0,0.01
1776872180.339487386,2,0,0.01
1776872180.339487386,3,0,0.01
1776872181.372374634,0,38,1.23
1776872181.372374634,1,0,0.01
1776872181.372374634,2,0,0.01
1776872181.372374634,3,0,0.01
1776872182.405824809,0,38,1.23
1776872182.405824809,1,0,0.01
1776872182.405824809,2,0,0.01
1776872182.405824809,3,0,0.01
1776872183.437503337,0,0,1.23
1776872183.437503337,1,0,0.01
1776872183.437503337,2,0,0.01
1776872183.437503337,3,0,0.01
1776872184.470367947,0,0,1.23
1776872184.470367947,1,0,0.01
1776872184.470367947,2,0,0.01
1776872184.470367947,3,0,0.01
1776872185.502735675,0,0,1.23
1776872185.502735675,1,0,0.01
1776872185.502735675,2,0,0.01
1776872185.502735675,3,0,0.01
1776872186.537192837,0,0,1.23
1776872186.537192837,1,0,0.01
1776872186.537192837,2,0,0.01
1776872186.537192837,3,0,0.01
1776872187.571697630,0,0,1.23
1776872187.571697630,1,0,0.01
1776872187.571697630,2,0,0.01
1776872187.571697630,3,0,0.01
1776872188.605592135,0,0,1.23
1776872188.605592135,1,0,0.01
1776872188.605592135,2,0,0.01
1776872188.605592135,3,0,0.01
1776872189.639721641,0,36,1.23
1776872189.639721641,1,0,0.01
1776872189.639721641,2,0,0.01
1776872189.639721641,3,0,0.01
1776872190.673832667,0,36,1.23
1776872190.673832667,1,0,0.01
1776872190.673832667,2,0,0.01
1776872190.673832667,3,0,0.01
1776872191.708042951,0,36,1.23
1776872191.708042951,1,0,0.01
1776872191.708042951,2,0,0.01
1776872191.708042951,3,0,0.01
1776872192.741505712,0,36,1.23
1776872192.741505712,1,0,0.01
1776872192.741505712,2,0,0.01
1776872192.741505712,3,0,0.01
1776872193.774657792,0,0,1.23
1776872193.774657792,1,0,0.01
1776872193.774657792,2,0,0.01
1776872193.774657792,3,0,0.01
1776872194.809759571,0,0,1.23
1776872194.809759571,1,0,0.01
1776872194.809759571,2,0,0.01
1776872194.809759571,3,0,0.01
1776872195.844875326,0,0,1.23
1776872195.844875326,1,0,0.01
1776872195.844875326,2,0,0.01
1776872195.844875326,3,0,0.01
1776872196.879178733,0,0,1.23
1776872196.879178733,1,0,0.01
1776872196.879178733,2,0,0.01
1776872196.879178733,3,0,0.01
1776872197.913533663,0,12,1.23
1776872197.913533663,1,0,0.01
1776872197.913533663,2,0,0.01
1776872197.913533663,3,0,0.01
1776872198.946678382,0,38,1.23
1776872198.946678382,1,0,0.01
1776872198.946678382,2,0,0.01
1776872198.946678382,3,0,0.01
1776872199.980538565,0,37,1.23
1776872199.980538565,1,0,0.01
1776872199.980538565,2,0,0.01
1776872199.980538565,3,0,0.01
1776872201.012897221,0,38,1.23
1776872201.012897221,1,0,0.01
1776872201.012897221,2,0,0.01
1776872201.012897221,3,0,0.01
1776872202.046928283,0,0,1.23
1776872202.046928283,1,0,0.01
1776872202.046928283,2,0,0.01
1776872202.046928283,3,0,0.01
1776872203.080085793,0,0,1.23
1776872203.080085793,1,0,0.01
1776872203.080085793,2,0,0.01
1776872203.080085793,3,0,0.01
1776872204.111935732,0,0,1.23
1776872204.111935732,1,0,0.01
1776872204.111935732,2,0,0.01
1776872204.111935732,3,0,0.01
1776872205.143512610,0,0,1.23
1776872205.143512610,1,0,0.01
1776872205.143512610,2,0,0.01
1776872205.143512610,3,0,0.01
1776872206.177415806,0,0,1.23
1776872206.177415806,1,0,0.01
1776872206.177415806,2,0,0.01
1776872206.177415806,3,0,0.01
1776872207.210456263,0,38,1.23
1776872207.210456263,1,0,0.01
1776872207.210456263,2,0,0.01
1776872207.210456263,3,0,0.01
1776872208.243892584,0,37,1.23
1776872208.243892584,1,0,0.01
1776872208.243892584,2,0,0.01
1776872208.243892584,3,0,0.01
1776872209.276542712,0,37,1.23
1776872209.276542712,1,0,0.01
1776872209.276542712,2,0,0.01
1776872209.276542712,3,0,0.01
1776872210.309518655,0,0,1.23
1776872210.309518655,1,0,0.01
1776872210.309518655,2,0,0.01
1776872210.309518655,3,0,0.01
1776872211.343104312,0,0,1.23
1776872211.343104312,1,0,0.01
1776872211.343104312,2,0,0.01
1776872211.343104312,3,0,0.01
1776872212.376408936,0,0,1.23
1776872212.376408936,1,0,0.01
1776872212.376408936,2,0,0.01
1776872212.376408936,3,0,0.01
1776872213.410541574,0,0,1.23
1776872213.410541574,1,0,0.01
1776872213.410541574,2,0,0.01
1776872213.410541574,3,0,0.01
1776872214.444387648,0,0,1.23
1776872214.444387648,1,0,0.01
1776872214.444387648,2,0,0.01
1776872214.444387648,3,0,0.01
1776872215.478055154,0,0,1.23
1776872215.478055154,1,0,0.01
1776872215.478055154,2,0,0.01
1776872215.478055154,3,0,0.01
1776872216.510893487,0,0,1.23
1776872216.510893487,1,0,0.01
1776872216.510893487,2,0,0.01
1776872216.510893487,3,0,0.01
1776872217.544623560,0,0,1.23
1776872217.544623560,1,0,0.01
1776872217.544623560,2,0,0.01
1776872217.544623560,3,0,0.01
1776872218.578394934,0,0,1.23
1776872218.578394934,1,0,0.01
1776872218.578394934,2,0,0.01
1776872218.578394934,3,0,0.01
1776872219.611912083,0,0,1.23
1776872219.611912083,1,0,0.01
1776872219.611912083,2,0,0.01
1776872219.611912083,3,0,0.01
1776872220.645414883,0,0,1.23
1776872220.645414883,1,0,0.01
1776872220.645414883,2,0,0.01
1776872220.645414883,3,0,0.01
1776872221.679087142,0,0,1.23
1776872221.679087142,1,0,0.01
1776872221.679087142,2,0,0.01
1776872221.679087142,3,0,0.01
1776872222.712591254,0,0,1.23
1776872222.712591254,1,0,0.01
1776872222.712591254,2,0,0.01
1776872222.712591254,3,0,0.01
1776872223.745973181,0,38,1.23
1776872223.745973181,1,0,0.01
1776872223.745973181,2,0,0.01
1776872223.745973181,3,0,0.01
1776872224.780419901,0,38,1.23
1776872224.780419901,1,0,0.01
1776872224.780419901,2,0,0.01
1776872224.780419901,3,0,0.01
1776872225.814499967,0,38,1.23
1776872225.814499967,1,0,0.01
1776872225.814499967,2,0,0.01
1776872225.814499967,3,0,0.01
1776872226.847900313,0,0,1.23
1776872226.847900313,1,0,0.01
1776872226.847900313,2,0,0.01
1776872226.847900313,3,0,0.01
1776872227.881115837,0,0,1.23
1776872227.881115837,1,0,0.01
1776872227.881115837,2,0,0.01
1776872227.881115837,3,0,0.01
1776872228.915301726,0,0,1.23
1776872228.915301726,1,0,0.01
1776872228.915301726,2,0,0.01
1776872228.915301726,3,0,0.01
1776872229.948838955,0,0,1.23
1776872229.948838955,1,0,0.01
1776872229.948838955,2,0,0.01
1776872229.948838955,3,0,0.01
1776872230.982157779,0,0,1.23
1776872230.982157779,1,0,0.01
1776872230.982157779,2,0,0.01
1776872230.982157779,3,0,0.01
1776872232.016533666,0,0,1.23
1776872232.016533666,1,0,0.01
1776872232.016533666,2,0,0.01
1776872232.016533666,3,0,0.01
1776872233.050568498,0,38,1.23
1776872233.050568498,1,0,0.01
1776872233.050568498,2,0,0.01
1776872233.050568498,3,0,0.01
1776872234.083558455,0,37,1.23
1776872234.083558455,1,0,0.01
1776872234.083558455,2,0,0.01
1776872234.083558455,3,0,0.01
1776872235.116758310,0,37,1.23
1776872235.116758310,1,0,0.01
1776872235.116758310,2,0,0.01
1776872235.116758310,3,0,0.01
1776872236.148549172,0,0,1.23
1776872236.148549172,1,0,0.01
1776872236.148549172,2,0,0.01
1776872236.148549172,3,0,0.01
1776872237.181444324,0,0,1.23
1776872237.181444324,1,0,0.01
1776872237.181444324,2,0,0.01
1776872237.181444324,3,0,0.01
1776872238.215130240,0,0,1.23
1776872238.215130240,1,0,0.01
1776872238.215130240,2,0,0.01
1776872238.215130240,3,0,0.01
1776872239.248500408,0,0,1.23
1776872239.248500408,1,0,0.01
1776872239.248500408,2,0,0.01
1776872239.248500408,3,0,0.01
1776872240.281792988,0,36,1.23
1776872240.281792988,1,0,0.01
1776872240.281792988,2,0,0.01
1776872240.281792988,3,0,0.01
1776872241.315786504,0,36,1.23
1776872241.315786504,1,0,0.01
1776872241.315786504,2,0,0.01
1776872241.315786504,3,0,0.01
1776872242.348117138,0,36,1.23
1776872242.348117138,1,0,0.01
1776872242.348117138,2,0,0.01
1776872242.348117138,3,0,0.01
1776872243.380347269,0,36,1.23
1776872243.380347269,1,0,0.01
1776872243.380347269,2,0,0.01
1776872243.380347269,3,0,0.01
1776872244.412000719,0,0,1.23
1776872244.412000719,1,0,0.01
1776872244.412000719,2,0,0.01
1776872244.412000719,3,0,0.01
1776872245.445102756,0,0,1.23
1776872245.445102756,1,0,0.01
1776872245.445102756,2,0,0.01
1776872245.445102756,3,0,0.01
1776872246.478961425,0,0,1.23
1776872246.478961425,1,0,0.01
1776872246.478961425,2,0,0.01
1776872246.478961425,3,0,0.01
1776872247.511732337,0,0,1.23
1776872247.511732337,1,0,0.01
1776872247.511732337,2,0,0.01
1776872247.511732337,3,0,0.01
1776872248.543538398,0,0,1.23
1776872248.543538398,1,0,0.01
1776872248.543538398,2,0,0.01
1776872248.543538398,3,0,0.01
1776872249.575592873,0,0,1.23
1776872249.575592873,1,0,0.01
1776872249.575592873,2,0,0.01
1776872249.575592873,3,0,0.01
1776872250.607742518,0,0,1.23
1776872250.607742518,1,0,0.01
1776872250.607742518,2,0,0.01
1776872250.607742518,3,0,0.01
1776872251.642787625,0,0,1.23
1776872251.642787625,1,0,0.01
1776872251.642787625,2,0,0.01
1776872251.642787625,3,0,0.01
1776872252.676150297,0,0,1.23
1776872252.676150297,1,0,0.01
1776872252.676150297,2,0,0.01
1776872252.676150297,3,0,0.01
1776872253.710158709,0,0,1.23
1776872253.710158709,1,0,0.01
1776872253.710158709,2,0,0.01
1776872253.710158709,3,0,0.01
1776872254.743326888,0,0,1.23
1776872254.743326888,1,0,0.01
1776872254.743326888,2,0,0.01
1776872254.743326888,3,0,0.01
1776872255.777635671,0,38,1.23
1776872255.777635671,1,0,0.01
1776872255.777635671,2,0,0.01
1776872255.777635671,3,0,0.01
1776872256.811677682,0,38,1.23
1776872256.811677682,1,0,0.01
1776872256.811677682,2,0,0.01
1776872256.811677682,3,0,0.01
1776872257.845242287,0,38,1.23
1776872257.845242287,1,0,0.01
1776872257.845242287,2,0,0.01
1776872257.845242287,3,0,0.01
1776872258.877522411,0,30,1.23
1776872258.877522411,1,0,0.01
1776872258.877522411,2,0,0.01
1776872258.877522411,3,0,0.01
1776872259.911312487,0,0,1.23
1776872259.911312487,1,0,0.01
1776872259.911312487,2,0,0.01
1776872259.911312487,3,0,0.01
1776872260.944817895,0,0,1.23
1776872260.944817895,1,0,0.01
1776872260.944817895,2,0,0.01
1776872260.944817895,3,0,0.01
1776872261.977616381,0,0,1.23
1776872261.977616381,1,0,0.01
1776872261.977616381,2,0,0.01
1776872261.977616381,3,0,0.01
1776872263.011652629,0,36,1.23
1776872263.011652629,1,0,0.01
1776872263.011652629,2,0,0.01
1776872263.011652629,3,0,0.01
1776872264.046797616,0,36,1.23
1776872264.046797616,1,0,0.01
1776872264.046797616,2,0,0.01
1776872264.046797616,3,0,0.01
1776872265.080306555,0,36,1.23
1776872265.080306555,1,0,0.01
1776872265.080306555,2,0,0.01
1776872265.080306555,3,0,0.01
1776872266.114141445,0,9,1.23
1776872266.114141445,1,0,0.01
1776872266.114141445,2,0,0.01
1776872266.114141445,3,0,0.01
1776872267.146697600,0,0,1.23
1776872267.146697600,1,0,0.01
1776872267.146697600,2,0,0.01
1776872267.146697600,3,0,0.01
1776872268.181091963,0,0,1.23
1776872268.181091963,1,0,0.01
1776872268.181091963,2,0,0.01
1776872268.181091963,3,0,0.01
1776872269.213168142,0,0,1.23
1776872269.213168142,1,0,0.01
1776872269.213168142,2,0,0.01
1776872269.213168142,3,0,0.01
1776872270.247025432,0,0,1.23
1776872270.247025432,1,0,0.01
1776872270.247025432,2,0,0.01
1776872270.247025432,3,0,0.01
1776872271.280662501,0,0,1.23
1776872271.280662501,1,0,0.01
1776872271.280662501,2,0,0.01
1776872271.280662501,3,0,0.01
1776872272.314395388,0,12,1.23
1776872272.314395388,1,0,0.01
1776872272.314395388,2,0,0.01
1776872272.314395388,3,0,0.01
1776872273.348690568,0,37,1.23
1776872273.348690568,1,0,0.01
1776872273.348690568,2,0,0.01
1776872273.348690568,3,0,0.01
1776872274.382320119,0,38,1.23
1776872274.382320119,1,0,0.01
1776872274.382320119,2,0,0.01
1776872274.382320119,3,0,0.01
1776872275.416886906,0,38,1.23
1776872275.416886906,1,0,0.01
1776872275.416886906,2,0,0.01
1776872275.416886906,3,0,0.01
1776872276.450375875,0,0,1.23
1776872276.450375875,1,0,0.01
1776872276.450375875,2,0,0.01
1776872276.450375875,3,0,0.01
1776872277.483699061,0,0,1.23
1776872277.483699061,1,0,0.01
1776872277.483699061,2,0,0.01
1776872277.483699061,3,0,0.01
1776872278.518701288,0,0,1.23
1776872278.518701288,1,0,0.01
1776872278.518701288,2,0,0.01
1776872278.518701288,3,0,0.01
1776872279.552408284,0,0,1.23
1776872279.552408284,1,0,0.01
1776872279.552408284,2,0,0.01
1776872279.552408284,3,0,0.01
1776872280.585643977,0,0,1.23
1776872280.585643977,1,0,0.01
1776872280.585643977,2,0,0.01
1776872280.585643977,3,0,0.01
1776872281.619709250,0,0,1.23
1776872281.619709250,1,0,0.01
1776872281.619709250,2,0,0.01
1776872281.619709250,3,0,0.01
1776872282.652644548,0,0,1.23
1776872282.652644548,1,0,0.01
1776872282.652644548,2,0,0.01
1776872282.652644548,3,0,0.01
1776872283.687856349,0,0,1.23
1776872283.687856349,1,0,0.01
1776872283.687856349,2,0,0.01
1776872283.687856349,3,0,0.01
1776872284.721392361,0,0,1.23
1776872284.721392361,1,0,0.01
1776872284.721392361,2,0,0.01
1776872284.721392361,3,0,0.01
1776872285.754537357,0,0,1.23
1776872285.754537357,1,0,0.01
1776872285.754537357,2,0,0.01
1776872285.754537357,3,0,0.01
1776872286.787697464,0,36,1.23
1776872286.787697464,1,0,0.01
1776872286.787697464,2,0,0.01
1776872286.787697464,3,0,0.01
1776872287.821544101,0,36,1.23
1776872287.821544101,1,0,0.01
1776872287.821544101,2,0,0.01
1776872287.821544101,3,0,0.01
1776872288.854067330,0,36,1.23
1776872288.854067330,1,0,0.01
1776872288.854067330,2,0,0.01
1776872288.854067330,3,0,0.01
1776872289.886964870,0,36,1.23
1776872289.886964870,1,0,0.01
1776872289.886964870,2,0,0.01
1776872289.886964870,3,0,0.01
1776872290.919748574,0,0,1.23
1776872290.919748574,1,0,0.01
1776872290.919748574,2,0,0.01
1776872290.919748574,3,0,0.01
1776872291.952996960,0,0,1.23
1776872291.952996960,1,0,0.01
1776872291.952996960,2,0,0.01
1776872291.952996960,3,0,0.01
1776872292.986786918,0,0,1.23
1776872292.986786918,1,0,0.01
1776872292.986786918,2,0,0.01
1776872292.986786918,3,0,0.01
1776872294.020166356,0,0,1.23
1776872294.020166356,1,0,0.01
1776872294.020166356,2,0,0.01
1776872294.020166356,3,0,0.01
1776872295.052810943,0,37,1.23
1776872295.052810943,1,0,0.01
1776872295.052810943,2,0,0.01
1776872295.052810943,3,0,0.01
1776872296.087924853,0,38,1.23
1776872296.087924853,1,0,0.01
1776872296.087924853,2,0,0.01
1776872296.087924853,3,0,0.01
1776872297.122346184,0,38,1.23
1776872297.122346184,1,0,0.01
1776872297.122346184,2,0,0.01
1776872297.122346184,3,0,0.01
1776872298.155844915,0,0,1.23
1776872298.155844915,1,0,0.01
1776872298.155844915,2,0,0.01
1776872298.155844915,3,0,0.01
1776872299.190726669,0,0,1.23
1776872299.190726669,1,0,0.01
1776872299.190726669,2,0,0.01
1776872299.190726669,3,0,0.01
1776872300.224807979,0,0,1.23
1776872300.224807979,1,0,0.01
1776872300.224807979,2,0,0.01
1776872300.224807979,3,0,0.01
1776872301.258798689,0,0,1.23
1776872301.258798689,1,0,0.01
1776872301.258798689,2,0,0.01
1776872301.258798689,3,0,0.01
1776872302.293362257,0,0,1.23
1776872302.293362257,1,0,0.01
1776872302.293362257,2,0,0.01
1776872302.293362257,3,0,0.01
1776872303.326919559,0,0,1.23
1776872303.326919559,1,0,0.01
1776872303.326919559,2,0,0.01
1776872303.326919559,3,0,0.01
1776872304.359925266,0,0,1.23
1776872304.359925266,1,0,0.01
1776872304.359925266,2,0,0.01
1776872304.359925266,3,0,0.01
1776872305.394812979,0,0,1.23
1776872305.394812979,1,0,0.01
1776872305.394812979,2,0,0.01
1776872305.394812979,3,0,0.01
1776872306.429997481,0,38,1.23
1776872306.429997481,1,0,0.01
1776872306.429997481,2,0,0.01
1776872306.429997481,3,0,0.01
1776872307.463451109,0,36,1.23
1776872307.463451109,1,0,0.01
1776872307.463451109,2,0,0.01
1776872307.463451109,3,0,0.01
1776872308.497516600,0,36,1.23
1776872308.497516600,1,0,0.01
1776872308.497516600,2,0,0.01
1776872308.497516600,3,0,0.01
1776872309.532526607,0,36,1.23
1776872309.532526607,1,0,0.01
1776872309.532526607,2,0,0.01
1776872309.532526607,3,0,0.01
1776872310.566795427,0,0,1.23
1776872310.566795427,1,0,0.01
1776872310.566795427,2,0,0.01
1776872310.566795427,3,0,0.01
1776872311.602301824,0,0,1.23
1776872311.602301824,1,0,0.01
1776872311.602301824,2,0,0.01
1776872311.602301824,3,0,0.01
1776872312.635825173,0,0,1.23
1776872312.635825173,1,0,0.01
1776872312.635825173,2,0,0.01
1776872312.635825173,3,0,0.01
1776872313.667913809,0,0,1.23
1776872313.667913809,1,0,0.01
1776872313.667913809,2,0,0.01
1776872313.667913809,3,0,0.01
1776872314.701467471,0,0,1.23
1776872314.701467471,1,0,0.01
1776872314.701467471,2,0,0.01
1776872314.701467471,3,0,0.01
1776872315.735458924,0,0,1.23
1776872315.735458924,1,0,0.01
1776872315.735458924,2,0,0.01
1776872315.735458924,3,0,0.01
1776872316.768514824,0,38,1.23
1776872316.768514824,1,0,0.01
1776872316.768514824,2,0,0.01
1776872316.768514824,3,0,0.01
1776872317.801887128,0,38,1.23
1776872317.801887128,1,0,0.01
1776872317.801887128,2,0,0.01
1776872317.801887128,3,0,0.01
1776872318.835257367,0,38,1.23
1776872318.835257367,1,0,0.01
1776872318.835257367,2,0,0.01
1776872318.835257367,3,0,0.01
1776872319.868601500,0,38,1.23
1776872319.868601500,1,0,0.01
1776872319.868601500,2,0,0.01
1776872319.868601500,3,0,0.01
1776872320.903116730,0,0,1.23
1776872320.903116730,1,0,0.01
1776872320.903116730,2,0,0.01
1776872320.903116730,3,0,0.01
1776872321.935961117,0,0,1.23
1776872321.935961117,1,0,0.01
1776872321.935961117,2,0,0.01
1776872321.935961117,3,0,0.01
1776872322.970405367,0,0,1.23
1776872322.970405367,1,0,0.01
1776872322.970405367,2,0,0.01
1776872322.970405367,3,0,0.01
1776872324.003922849,0,0,1.23
1776872324.003922849,1,0,0.01
1776872324.003922849,2,0,0.01
1776872324.003922849,3,0,0.01
1776872325.039109944,0,37,1.23
1776872325.039109944,1,0,0.01
1776872325.039109944,2,0,0.01
1776872325.039109944,3,0,0.01
1776872326.071530119,0,38,1.23
1776872326.071530119,1,0,0.01
1776872326.071530119,2,0,0.01
1776872326.071530119,3,0,0.01
1776872327.106090995,0,37,1.23
1776872327.106090995,1,0,0.01
1776872327.106090995,2,0,0.01
1776872327.106090995,3,0,0.01
1776872328.139999778,0,0,1.23
1776872328.139999778,1,0,0.01
1776872328.139999778,2,0,0.01
1776872328.139999778,3,0,0.01
1776872329.174033536,0,0,1.23
1776872329.174033536,1,0,0.01
1776872329.174033536,2,0,0.01
1776872329.174033536,3,0,0.01
1776872330.208238427,0,0,1.23
1776872330.208238427,1,0,0.01
1776872330.208238427,2,0,0.01
1776872330.208238427,3,0,0.01
1776872331.242370824,0,0,1.23
1776872331.242370824,1,0,0.01
1776872331.242370824,2,0,0.01
1776872331.242370824,3,0,0.01
1776872332.275451537,0,0,1.23
1776872332.275451537,1,0,0.01
1776872332.275451537,2,0,0.01
1776872332.275451537,3,0,0.01
1776872333.309079171,0,0,1.23
1776872333.309079171,1,0,0.01
1776872333.309079171,2,0,0.01
1776872333.309079171,3,0,0.01
1776872334.343087483,0,36,1.23
1776872334.343087483,1,0,0.01
1776872334.343087483,2,0,0.01
1776872334.343087483,3,0,0.01
1776872335.376547150,0,36,1.23
1776872335.376547150,1,0,0.01
1776872335.376547150,2,0,0.01
1776872335.376547150,3,0,0.01
1776872336.410881354,0,36,1.23
1776872336.410881354,1,0,0.01
1776872336.410881354,2,0,0.01
1776872336.410881354,3,0,0.01
1776872337.443434992,0,36,1.23
1776872337.443434992,1,0,0.01
1776872337.443434992,2,0,0.01
1776872337.443434992,3,0,0.01
1776872338.477504652,0,0,1.23
1776872338.477504652,1,0,0.01
1776872338.477504652,2,0,0.01
1776872338.477504652,3,0,0.01
1776872339.511087199,0,0,1.23
1776872339.511087199,1,0,0.01
1776872339.511087199,2,0,0.01
1776872339.511087199,3,0,0.01
1776872340.544465655,0,0,1.23
1776872340.544465655,1,0,0.01
1776872340.544465655,2,0,0.01
1776872340.544465655,3,0,0.01
1776872341.579142655,0,0,1.23
1776872341.579142655,1,0,0.01
1776872341.579142655,2,0,0.01
1776872341.579142655,3,0,0.01
1776872342.613265038,0,38,1.23
1776872342.613265038,1,0,0.01
1776872342.613265038,2,0,0.01
1776872342.613265038,3,0,0.01
1776872343.646787737,0,38,1.23
1776872343.646787737,1,0,0.01
1776872343.646787737,2,0,0.01
1776872343.646787737,3,0,0.01
1776872344.679896891,0,38,1.23
1776872344.679896891,1,0,0.01
1776872344.679896891,2,0,0.01
1776872344.679896891,3,0,0.01
1776872345.712546898,0,0,1.23
1776872345.712546898,1,0,0.01
1776872345.712546898,2,0,0.01
1776872345.712546898,3,0,0.01
1776872346.746955134,0,0,1.23
1776872346.746955134,1,0,0.01
1776872346.746955134,2,0,0.01
1776872346.746955134,3,0,0.01
1776872347.780412653,0,38,1.23
1776872347.780412653,1,0,0.01
1776872347.780412653,2,0,0.01
1776872347.780412653,3,0,0.01
1776872348.812842433,0,38,1.23
1776872348.812842433,1,0,0.01
1776872348.812842433,2,0,0.01
1776872348.812842433,3,0,0.01
1776872349.846386587,0,37,1.23
1776872349.846386587,1,0,0.01
1776872349.846386587,2,0,0.01
1776872349.846386587,3,0,0.01
1776872350.879361719,0,0,1.23
1776872350.879361719,1,0,0.01
1776872350.879361719,2,0,0.01
1776872350.879361719,3,0,0.01
1776872351.913133913,0,0,1.23
1776872351.913133913,1,0,0.01
1776872351.913133913,2,0,0.01
1776872351.913133913,3,0,0.01
1776872352.946666603,0,36,1.23
1776872352.946666603,1,0,0.01
1776872352.946666603,2,0,0.01
1776872352.946666603,3,0,0.01
1776872353.980532477,0,36,1.23
1776872353.980532477,1,0,0.01
1776872353.980532477,2,0,0.01
1776872353.980532477,3,0,0.01
1776872355.015068554,0,36,1.23
1776872355.015068554,1,0,0.01
1776872355.015068554,2,0,0.01
1776872355.015068554,3,0,0.01
1776872356.049916875,0,36,1.23
1776872356.049916875,1,0,0.01
1776872356.049916875,2,0,0.01
1776872356.049916875,3,0,0.01
1776872357.083859757,0,0,1.23
1776872357.083859757,1,0,0.01
1776872357.083859757,2,0,0.01
1776872357.083859757,3,0,0.01
1776872358.118377570,0,0,1.23
1776872358.118377570,1,0,0.01
1776872358.118377570,2,0,0.01
1776872358.118377570,3,0,0.01
1776872359.152058599,0,0,1.23
1776872359.152058599,1,0,0.01
1776872359.152058599,2,0,0.01
1776872359.152058599,3,0,0.01
1776872360.185546704,0,0,1.23
1776872360.185546704,1,0,0.01
1776872360.185546704,2,0,0.01
1776872360.185546704,3,0,0.01
1776872361.218824354,0,0,1.23
1776872361.218824354,1,0,0.01
1776872361.218824354,2,0,0.01
1776872361.218824354,3,0,0.01
1776872362.251474109,0,38,1.23
1776872362.251474109,1,0,0.01
1776872362.251474109,2,0,0.01
1776872362.251474109,3,0,0.01
1776872363.285365975,0,38,1.23
1776872363.285365975,1,0,0.01
1776872363.285365975,2,0,0.01
1776872363.285365975,3,0,0.01
1776872364.318518436,0,38,1.23
1776872364.318518436,1,0,0.01
1776872364.318518436,2,0,0.01
1776872364.318518436,3,0,0.01
1776872365.350704075,0,7,1.23
1776872365.350704075,1,0,0.01
1776872365.350704075,2,0,0.01
1776872365.350704075,3,0,0.01
1776872366.385472697,0,0,1.23
1776872366.385472697,1,0,0.01
1776872366.385472697,2,0,0.01
1776872366.385472697,3,0,0.01
1776872367.417270141,0,0,1.23
1776872367.417270141,1,0,0.01
1776872367.417270141,2,0,0.01
1776872367.417270141,3,0,0.01
1776872368.448336717,0,0,1.23
1776872368.448336717,1,0,0.01
1776872368.448336717,2,0,0.01
1776872368.448336717,3,0,0.01
1776872369.480239481,0,37,1.23
1776872369.480239481,1,0,0.01
1776872369.480239481,2,0,0.01
1776872369.480239481,3,0,0.01
1776872370.514228926,0,36,1.23
1776872370.514228926,1,0,0.01
1776872370.514228926,2,0,0.01
1776872370.514228926,3,0,0.01
1776872371.548258495,0,36,1.23
1776872371.548258495,1,0,0.01
1776872371.548258495,2,0,0.01
1776872371.548258495,3,0,0.01
1776872372.581538620,0,0,1.23
1776872372.581538620,1,0,0.01
1776872372.581538620,2,0,0.01
1776872372.581538620,3,0,0.01
1776872373.612868429,0,0,1.23
1776872373.612868429,1,0,0.01
1776872373.612868429,2,0,0.01
1776872373.612868429,3,0,0.01
1776872374.647197839,0,0,1.23
1776872374.647197839,1,0,0.01
1776872374.647197839,2,0,0.01
1776872374.647197839,3,0,0.01
1776872375.680451807,0,0,1.23
1776872375.680451807,1,0,0.01
1776872375.680451807,2,0,0.01
1776872375.680451807,3,0,0.01
1776872376.714095445,0,0,1.23
1776872376.714095445,1,0,0.01
1776872376.714095445,2,0,0.01
1776872376.714095445,3,0,0.01
1776872377.749678968,0,0,1.23
1776872377.749678968,1,0,0.01
1776872377.749678968,2,0,0.01
1776872377.749678968,3,0,0.01
1776872378.783564014,0,36,1.23
1776872378.783564014,1,0,0.01
1776872378.783564014,2,0,0.01
1776872378.783564014,3,0,0.01
1776872379.818056364,0,36,1.23
1776872379.818056364,1,0,0.01
1776872379.818056364,2,0,0.01
1776872379.818056364,3,0,0.01
1776872380.849501298,0,37,1.23
1776872380.849501298,1,0,0.01
1776872380.849501298,2,0,0.01
1776872380.849501298,3,0,0.01
1776872381.883444486,0,0,1.23
1776872381.883444486,1,0,0.01
1776872381.883444486,2,0,0.01
1776872381.883444486,3,0,0.01
1776872382.917157211,0,0,1.23
1776872382.917157211,1,0,0.01
1776872382.917157211,2,0,0.01
1776872382.917157211,3,0,0.01
1776872383.950551531,0,23,1.23
1776872383.950551531,1,0,0.01
1776872383.950551531,2,0,0.01
1776872383.950551531,3,0,0.01
1776872384.983478846,0,38,1.23
1776872384.983478846,1,0,0.01
1776872384.983478846,2,0,0.01
1776872384.983478846,3,0,0.01
1776872386.017108164,0,37,1.23
1776872386.017108164,1,0,0.01
1776872386.017108164,2,0,0.01
1776872386.017108164,3,0,0.01
1776872387.050536447,0,38,1.23
1776872387.050536447,1,0,0.01
1776872387.050536447,2,0,0.01
1776872387.050536447,3,0,0.01
1776872388.083741374,0,0,1.23
1776872388.083741374,1,0,0.01
1776872388.083741374,2,0,0.01
1776872388.083741374,3,0,0.01
1776872389.117549855,0,1,1.23
1776872389.117549855,1,0,0.01
1776872389.117549855,2,0,0.01
1776872389.117549855,3,0,0.01
1776872390.150727298,0,0,1.23
1776872390.150727298,1,0,0.01
1776872390.150727298,2,0,0.01
1776872390.150727298,3,0,0.01
1776872391.185038616,0,0,1.23
1776872391.185038616,1,0,0.01
1776872391.185038616,2,0,0.01
1776872391.185038616,3,0,0.01
1776872392.216955591,0,37,1.23
1776872392.216955591,1,0,0.01
1776872392.216955591,2,0,0.01
1776872392.216955591,3,0,0.01
1776872393.249819226,0,36,1.23
1776872393.249819226,1,0,0.01
1776872393.249819226,2,0,0.01
1776872393.249819226,3,0,0.01
1776872394.282781822,0,36,1.23
1776872394.282781822,1,0,0.01
1776872394.282781822,2,0,0.01
1776872394.282781822,3,0,0.01
1776872395.315198311,0,36,1.23
1776872395.315198311,1,0,0.01
1776872395.315198311,2,0,0.01
1776872395.315198311,3,0,0.01
1776872396.349088068,0,0,1.23
1776872396.349088068,1,0,0.01
1776872396.349088068,2,0,0.01
1776872396.349088068,3,0,0.01
1776872397.382164625,0,0,1.23
1776872397.382164625,1,0,0.01
1776872397.382164625,2,0,0.01
1776872397.382164625,3,0,0.01
1776872398.416233327,0,36,1.23
1776872398.416233327,1,0,0.01
1776872398.416233327,2,0,0.01
1776872398.416233327,3,0,0.01
1776872399.449607142,0,36,1.23
1776872399.449607142,1,0,0.01
1776872399.449607142,2,0,0.01
1776872399.449607142,3,0,0.01
1776872400.483285640,0,36,1.23
1776872400.483285640,1,0,0.01
1776872400.483285640,2,0,0.01
1776872400.483285640,3,0,0.01
1776872401.516187596,0,36,1.23
1776872401.516187596,1,0,0.01
1776872401.516187596,2,0,0.01
1776872401.516187596,3,0,0.01
1776872402.550367438,0,0,1.23
1776872402.550367438,1,0,0.01
1776872402.550367438,2,0,0.01
1776872402.550367438,3,0,0.01
1776872403.582399521,0,0,1.23
1776872403.582399521,1,0,0.01
1776872403.582399521,2,0,0.01
1776872403.582399521,3,0,0.01
1776872404.614552538,0,0,1.23
1776872404.614552538,1,0,0.01
1776872404.614552538,2,0,0.01
1776872404.614552538,3,0,0.01
1776872405.648554825,0,0,1.23
1776872405.648554825,1,0,0.01
1776872405.648554825,2,0,0.01
1776872405.648554825,3,0,0.01
1776872406.681414071,0,0,1.23
1776872406.681414071,1,0,0.01
1776872406.681414071,2,0,0.01
1776872406.681414071,3,0,0.01
1776872407.714578043,0,0,1.23
1776872407.714578043,1,0,0.01
1776872407.714578043,2,0,0.01
1776872407.714578043,3,0,0.01
1776872408.747476968,0,0,1.23
1776872408.747476968,1,0,0.01
1776872408.747476968,2,0,0.01
1776872408.747476968,3,0,0.01
1776872409.781338044,0,0,1.23
1776872409.781338044,1,0,0.01
1776872409.781338044,2,0,0.01
1776872409.781338044,3,0,0.01
1776872410.814773122,0,0,1.23
1776872410.814773122,1,0,0.01
1776872410.814773122,2,0,0.01
1776872410.814773122,3,0,0.01
1776872411.850044265,0,0,1.23
1776872411.850044265,1,0,0.01
1776872411.850044265,2,0,0.01
1776872411.850044265,3,0,0.01
1776872412.883209033,0,38,1.23
1776872412.883209033,1,0,0.01
1776872412.883209033,2,0,0.01
1776872412.883209033,3,0,0.01
1776872413.916912230,0,38,1.23
1776872413.916912230,1,0,0.01
1776872413.916912230,2,0,0.01
1776872413.916912230,3,0,0.01
1776872414.949606161,0,36,1.23
1776872414.949606161,1,0,0.01
1776872414.949606161,2,0,0.01
1776872414.949606161,3,0,0.01
1776872415.981624151,0,0,1.23
1776872415.981624151,1,0,0.01
1776872415.981624151,2,0,0.01
1776872415.981624151,3,0,0.01
1776872417.014598028,0,0,1.23
1776872417.014598028,1,0,0.01
1776872417.014598028,2,0,0.01
1776872417.014598028,3,0,0.01
1776872418.048640059,0,0,1.23
1776872418.048640059,1,0,0.01
1776872418.048640059,2,0,0.01
1776872418.048640059,3,0,0.01
1776872419.081593437,0,0,1.23
1776872419.081593437,1,0,0.01
1776872419.081593437,2,0,0.01
1776872419.081593437,3,0,0.01
1776872420.114485816,0,0,1.23
1776872420.114485816,1,0,0.01
1776872420.114485816,2,0,0.01
1776872420.114485816,3,0,0.01
1776872421.147475292,0,0,1.23
1776872421.147475292,1,0,0.01
1776872421.147475292,2,0,0.01
1776872421.147475292,3,0,0.01
1776872422.181384775,0,0,1.23
1776872422.181384775,1,0,0.01
1776872422.181384775,2,0,0.01
1776872422.181384775,3,0,0.01
1776872423.214306034,0,0,1.23
1776872423.214306034,1,0,0.01
1776872423.214306034,2,0,0.01
1776872423.214306034,3,0,0.01
1776872424.247552313,0,0,1.23
1776872424.247552313,1,0,0.01
1776872424.247552313,2,0,0.01
1776872424.247552313,3,0,0.01
1776872425.281314400,0,0,1.23
1776872425.281314400,1,0,0.01
1776872425.281314400,2,0,0.01
1776872425.281314400,3,0,0.01
1776872426.314905913,0,0,1.23
1776872426.314905913,1,0,0.01
1776872426.314905913,2,0,0.01
1776872426.314905913,3,0,0.01
1776872427.348376342,0,0,1.23
1776872427.348376342,1,0,0.01
1776872427.348376342,2,0,0.01
1776872427.348376342,3,0,0.01
1776872428.380448229,0,37,1.23
1776872428.380448229,1,0,0.01
1776872428.380448229,2,0,0.01
1776872428.380448229,3,0,0.01
1776872429.414563730,0,37,1.23
1776872429.414563730,1,0,0.01
1776872429.414563730,2,0,0.01
1776872429.414563730,3,0,0.01
1776872430.446580054,0,37,1.23
1776872430.446580054,1,0,0.01
1776872430.446580054,2,0,0.01
1776872430.446580054,3,0,0.01
1776872431.479218515,0,0,1.23
1776872431.479218515,1,0,0.01
1776872431.479218515,2,0,0.01
1776872431.479218515,3,0,0.01
1776872432.512824159,0,0,1.23
1776872432.512824159,1,0,0.01
1776872432.512824159,2,0,0.01
1776872432.512824159,3,0,0.01
1776872433.544496911,0,0,1.23
1776872433.544496911,1,0,0.01
1776872433.544496911,2,0,0.01
1776872433.544496911,3,0,0.01
1776872434.578552759,0,0,1.23
1776872434.578552759,1,0,0.01
1776872434.578552759,2,0,0.01
1776872434.578552759,3,0,0.01
1776872435.612114945,0,0,1.23
1776872435.612114945,1,0,0.01
1776872435.612114945,2,0,0.01
1776872435.612114945,3,0,0.01
1776872436.646125574,0,0,1.23
1776872436.646125574,1,0,0.01
1776872436.646125574,2,0,0.01
1776872436.646125574,3,0,0.01
1776872437.678288489,0,0,1.23
1776872437.678288489,1,0,0.01
1776872437.678288489,2,0,0.01
1776872437.678288489,3,0,0.01
1776872438.712352575,0,0,1.23
1776872438.712352575,1,0,0.01
1776872438.712352575,2,0,0.01
1776872438.712352575,3,0,0.01
1776872439.745459682,0,0,1.23
1776872439.745459682,1,0,0.01
1776872439.745459682,2,0,0.01
1776872439.745459682,3,0,0.01
1776872440.776825057,0,2,1.23
1776872440.776825057,1,0,0.01
1776872440.776825057,2,0,0.01
1776872440.776825057,3,0,0.01
1776872441.809470613,0,36,1.23
1776872441.809470613,1,0,0.01
1776872441.809470613,2,0,0.01
1776872441.809470613,3,0,0.01
1776872442.842281746,0,36,1.23
1776872442.842281746,1,0,0.01
1776872442.842281746,2,0,0.01
1776872442.842281746,3,0,0.01
1776872443.875616029,0,36,1.23
1776872443.875616029,1,0,0.01
1776872443.875616029,2,0,0.01
1776872443.875616029,3,0,0.01
1776872444.909872662,0,0,1.23
1776872444.909872662,1,0,0.01
1776872444.909872662,2,0,0.01
1776872444.909872662,3,0,0.01
1776872445.944181466,0,0,1.23
1776872445.944181466,1,0,0.01
1776872445.944181466,2,0,0.01
1776872445.944181466,3,0,0.01
1776872446.977636757,0,0,1.23
1776872446.977636757,1,0,0.01
1776872446.977636757,2,0,0.01
1776872446.977636757,3,0,0.01
1776872448.009915819,0,0,1.23
1776872448.009915819,1,0,0.01
1776872448.009915819,2,0,0.01
1776872448.009915819,3,0,0.01
1776872449.042758756,0,0,1.23
1776872449.042758756,1,0,0.01
1776872449.042758756,2,0,0.01
1776872449.042758756,3,0,0.01
1776872450.074319551,0,0,1.23
1776872450.074319551,1,0,0.01
1776872450.074319551,2,0,0.01
1776872450.074319551,3,0,0.01
1776872451.107416723,0,0,1.23
1776872451.107416723,1,0,0.01
1776872451.107416723,2,0,0.01
1776872451.107416723,3,0,0.01
1776872452.140141850,0,0,1.23
1776872452.140141850,1,0,0.01
1776872452.140141850,2,0,0.01
1776872452.140141850,3,0,0.01
1776872453.173458608,0,0,1.23
1776872453.173458608,1,0,0.01
1776872453.173458608,2,0,0.01
1776872453.173458608,3,0,0.01
1776872454.207437505,0,0,1.23
1776872454.207437505,1,0,0.01
1776872454.207437505,2,0,0.01
1776872454.207437505,3,0,0.01
1776872455.240995031,0,38,1.23
1776872455.240995031,1,0,0.01
1776872455.240995031,2,0,0.01
1776872455.240995031,3,0,0.01
1776872456.274335533,0,38,1.23
1776872456.274335533,1,0,0.01
1776872456.274335533,2,0,0.01
1776872456.274335533,3,0,0.01
1776872457.308870453,0,37,1.23
1776872457.308870453,1,0,0.01
1776872457.308870453,2,0,0.01
1776872457.308870453,3,0,0.01
1776872458.343614840,0,37,1.23
1776872458.343614840,1,0,0.01
1776872458.343614840,2,0,0.01
1776872458.343614840,3,0,0.01
1776872459.376786230,0,0,1.23
1776872459.376786230,1,0,0.01
1776872459.376786230,2,0,0.01
1776872459.376786230,3,0,0.01
1776872460.410711892,0,0,1.23
1776872460.410711892,1,0,0.01
1776872460.410711892,2,0,0.01
1776872460.410711892,3,0,0.01
1776872461.445050670,0,0,1.23
1776872461.445050670,1,0,0.01
1776872461.445050670,2,0,0.01
1776872461.445050670,3,0,0.01
1776872462.479925701,0,0,1.23
1776872462.479925701,1,0,0.01
1776872462.479925701,2,0,0.01
1776872462.479925701,3,0,0.01
1776872463.513094298,0,0,1.23
1776872463.513094298,1,0,0.01
1776872463.513094298,2,0,0.01
1776872463.513094298,3,0,0.01
1776872464.547369427,0,0,1.23
1776872464.547369427,1,0,0.01
1776872464.547369427,2,0,0.01
1776872464.547369427,3,0,0.01
1776872465.580381688,0,0,1.23
1776872465.580381688,1,0,0.01
1776872465.580381688,2,0,0.01
1776872465.580381688,3,0,0.01
1776872466.613595404,0,0,1.23
1776872466.613595404,1,0,0.01
1776872466.613595404,2,0,0.01
1776872466.613595404,3,0,0.01
1776872467.647299020,0,36,1.23
1776872467.647299020,1,0,0.01
1776872467.647299020,2,0,0.01
1776872467.647299020,3,0,0.01
1776872468.681830808,0,38,1.23
1776872468.681830808,1,0,0.01
1776872468.681830808,2,0,0.01
1776872468.681830808,3,0,0.01
1776872469.716522426,0,38,1.23
1776872469.716522426,1,0,0.01
1776872469.716522426,2,0,0.01
1776872469.716522426,3,0,0.01
1776872470.749826978,0,38,1.23
1776872470.749826978,1,0,0.01
1776872470.749826978,2,0,0.01
1776872470.749826978,3,0,0.01
1776872471.781474685,0,0,1.23
1776872471.781474685,1,0,0.01
1776872471.781474685,2,0,0.01
1776872471.781474685,3,0,0.01
1776872472.816080484,0,0,1.23
1776872472.816080484,1,0,0.01
1776872472.816080484,2,0,0.01
1776872472.816080484,3,0,0.01
1776872473.850085657,0,0,1.23
1776872473.850085657,1,0,0.01
1776872473.850085657,2,0,0.01
1776872473.850085657,3,0,0.01
1776872474.883710527,0,0,1.23
1776872474.883710527,1,0,0.01
1776872474.883710527,2,0,0.01
1776872474.883710527,3,0,0.01
1776872475.917469189,0,38,1.23
1776872475.917469189,1,0,0.01
1776872475.917469189,2,0,0.01
1776872475.917469189,3,0,0.01
1776872476.951284299,0,37,1.23
1776872476.951284299,1,0,0.01
1776872476.951284299,2,0,0.01
1776872476.951284299,3,0,0.01
1776872477.983934882,0,37,1.23
1776872477.983934882,1,0,0.01
1776872477.983934882,2,0,0.01
1776872477.983934882,3,0,0.01
1776872479.017513439,0,37,1.23
1776872479.017513439,1,0,0.01
1776872479.017513439,2,0,0.01
1776872479.017513439,3,0,0.01
1776872480.049903249,0,0,1.23
1776872480.049903249,1,0,0.01
1776872480.049903249,2,0,0.01
1776872480.049903249,3,0,0.01
1776872481.085305756,0,0,1.23
1776872481.085305756,1,0,0.01
1776872481.085305756,2,0,0.01
1776872481.085305756,3,0,0.01
1776872482.118895745,0,29,1.23
1776872482.118895745,1,0,0.01
1776872482.118895745,2,0,0.01
1776872482.118895745,3,0,0.01
1776872483.153423384,0,36,1.23
1776872483.153423384,1,0,0.01
1776872483.153423384,2,0,0.01
1776872483.153423384,3,0,0.01
1776872484.186141202,0,36,1.23
1776872484.186141202,1,0,0.01
1776872484.186141202,2,0,0.01
1776872484.186141202,3,0,0.01
1776872485.219478304,0,36,1.23
1776872485.219478304,1,0,0.01
1776872485.219478304,2,0,0.01
1776872485.219478304,3,0,0.01
1776872486.251448055,0,0,1.23
1776872486.251448055,1,0,0.01
1776872486.251448055,2,0,0.01
1776872486.251448055,3,0,0.01
1776872487.285524408,0,0,1.23
1776872487.285524408,1,0,0.01
1776872487.285524408,2,0,0.01
1776872487.285524408,3,0,0.01
1776872488.319039554,0,36,1.23
1776872488.319039554,1,0,0.01
1776872488.319039554,2,0,0.01
1776872488.319039554,3,0,0.01
1776872489.352190471,0,36,1.23
1776872489.352190471,1,0,0.01
1776872489.352190471,2,0,0.01
1776872489.352190471,3,0,0.01
1776872490.384945855,0,38,1.23
1776872490.384945855,1,0,0.01
1776872490.384945855,2,0,0.01
1776872490.384945855,3,0,0.01
1776872491.417138123,0,0,1.23
1776872491.417138123,1,0,0.01
1776872491.417138123,2,0,0.01
1776872491.417138123,3,0,0.01
1776872492.450051987,0,0,1.23
1776872492.450051987,1,0,0.01
1776872492.450051987,2,0,0.01
1776872492.450051987,3,0,0.01
1776872493.482864106,0,1,1.23
1776872493.482864106,1,0,0.01
1776872493.482864106,2,0,0.01
1776872493.482864106,3,0,0.01
1776872494.517007519,0,38,1.23
1776872494.517007519,1,0,0.01
1776872494.517007519,2,0,0.01
1776872494.517007519,3,0,0.01
1776872495.551271131,0,38,1.23
1776872495.551271131,1,0,0.01
1776872495.551271131,2,0,0.01
1776872495.551271131,3,0,0.01
1776872496.584554295,0,38,1.23
1776872496.584554295,1,0,0.01
1776872496.584554295,2,0,0.01
1776872496.584554295,3,0,0.01
1776872497.618287201,0,9,1.23
1776872497.618287201,1,0,0.01
1776872497.618287201,2,0,0.01
1776872497.618287201,3,0,0.01
1776872498.651156148,0,0,1.23
1776872498.651156148,1,0,0.01
1776872498.651156148,2,0,0.01
1776872498.651156148,3,0,0.01
1776872499.685787162,0,0,1.23
1776872499.685787162,1,0,0.01
1776872499.685787162,2,0,0.01
1776872499.685787162,3,0,0.01
1776872500.718127255,0,38,1.23
1776872500.718127255,1,0,0.01
1776872500.718127255,2,0,0.01
1776872500.718127255,3,0,0.01
1776872501.753009581,0,38,1.23
1776872501.753009581,1,0,0.01
1776872501.753009581,2,0,0.01
1776872501.753009581,3,0,0.01
1776872502.786410678,0,38,1.23
1776872502.786410678,1,0,0.01
1776872502.786410678,2,0,0.01
1776872502.786410678,3,0,0.01
1776872503.821586000,0,38,1.23
1776872503.821586000,1,0,0.01
1776872503.821586000,2,0,0.01
1776872503.821586000,3,0,0.01
1776872504.854648166,0,0,1.23
1776872504.854648166,1,0,0.01
1776872504.854648166,2,0,0.01
1776872504.854648166,3,0,0.01
1776872505.886602608,0,0,1.23
1776872505.886602608,1,0,0.01
1776872505.886602608,2,0,0.01
1776872505.886602608,3,0,0.01
1776872506.921043025,0,0,1.23
1776872506.921043025,1,0,0.01
1776872506.921043025,2,0,0.01
1776872506.921043025,3,0,0.01
1776872507.954975797,0,36,1.23
1776872507.954975797,1,0,0.01
1776872507.954975797,2,0,0.01
1776872507.954975797,3,0,0.01
1776872508.989164209,0,36,1.23
1776872508.989164209,1,0,0.01
1776872508.989164209,2,0,0.01
1776872508.989164209,3,0,0.01
1776872510.023616635,0,36,1.23
1776872510.023616635,1,0,0.01
1776872510.023616635,2,0,0.01
1776872510.023616635,3,0,0.01
1776872511.056815915,0,32,1.23
1776872511.056815915,1,0,0.01
1776872511.056815915,2,0,0.01
1776872511.056815915,3,0,0.01
1776872512.089408115,0,0,1.23
1776872512.089408115,1,0,0.01
1776872512.089408115,2,0,0.01
1776872512.089408115,3,0,0.01
1776872513.122338694,0,0,1.23
1776872513.122338694,1,0,0.01
1776872513.122338694,2,0,0.01
1776872513.122338694,3,0,0.01
1776872514.155083728,0,0,1.23
1776872514.155083728,1,0,0.01
1776872514.155083728,2,0,0.01
1776872514.155083728,3,0,0.01
1776872515.187437985,0,0,1.23
1776872515.187437985,1,0,0.01
1776872515.187437985,2,0,0.01
1776872515.187437985,3,0,0.01
1776872516.221236235,0,0,1.23
1776872516.221236235,1,0,0.01
1776872516.221236235,2,0,0.01
1776872516.221236235,3,0,0.01
1776872517.254111175,0,1,1.23
1776872517.254111175,1,0,0.01
1776872517.254111175,2,0,0.01
1776872517.254111175,3,0,0.01
1776872518.286442263,0,0,1.23
1776872518.286442263,1,0,0.01
1776872518.286442263,2,0,0.01
1776872518.286442263,3,0,0.01
1776872519.320177203,0,0,1.23
1776872519.320177203,1,0,0.01
1776872519.320177203,2,0,0.01
1776872519.320177203,3,0,0.01
1776872520.353510948,0,0,1.23
1776872520.353510948,1,0,0.01
1776872520.353510948,2,0,0.01
1776872520.353510948,3,0,0.01
1776872521.386522292,0,38,1.23
1776872521.386522292,1,0,0.01
1776872521.386522292,2,0,0.01
1776872521.386522292,3,0,0.01
1776872522.420135653,0,37,1.23
1776872522.420135653,1,0,0.01
1776872522.420135653,2,0,0.01
1776872522.420135653,3,0,0.01
1776872523.455334399,0,38,1.23
1776872523.455334399,1,0,0.01
1776872523.455334399,2,0,0.01
1776872523.455334399,3,0,0.01
1776872524.487716352,0,0,1.23
1776872524.487716352,1,0,0.01
1776872524.487716352,2,0,0.01
1776872524.487716352,3,0,0.01
1776872525.520379962,0,0,1.23
1776872525.520379962,1,0,0.01
1776872525.520379962,2,0,0.01
1776872525.520379962,3,0,0.01
1776872526.553237093,0,0,1.23
1776872526.553237093,1,0,0.01
1776872526.553237093,2,0,0.01
1776872526.553237093,3,0,0.01
1776872527.586707580,0,0,1.23
1776872527.586707580,1,0,0.01
1776872527.586707580,2,0,0.01
1776872527.586707580,3,0,0.01
1776872528.619739590,0,0,1.23
1776872528.619739590,1,0,0.01
1776872528.619739590,2,0,0.01
1776872528.619739590,3,0,0.01
1776872529.653255578,0,0,1.23
1776872529.653255578,1,0,0.01
1776872529.653255578,2,0,0.01
1776872529.653255578,3,0,0.01
1776872530.686170683,0,0,1.23
1776872530.686170683,1,0,0.01
1776872530.686170683,2,0,0.01
1776872530.686170683,3,0,0.01
1776872531.718520462,0,0,1.23
1776872531.718520462,1,0,0.01
1776872531.718520462,2,0,0.01
1776872531.718520462,3,0,0.01
1776872532.752477460,0,0,1.23
1776872532.752477460,1,0,0.01
1776872532.752477460,2,0,0.01
1776872532.752477460,3,0,0.01
1776872533.786996867,0,0,1.23
1776872533.786996867,1,0,0.01
1776872533.786996867,2,0,0.01
1776872533.786996867,3,0,0.01
1776872534.821011420,0,0,1.23
1776872534.821011420,1,0,0.01
1776872534.821011420,2,0,0.01
1776872534.821011420,3,0,0.01
1776872535.854604500,0,36,1.23
1776872535.854604500,1,0,0.01
1776872535.854604500,2,0,0.01
1776872535.854604500,3,0,0.01
1776872536.887160967,0,36,1.23
1776872536.887160967,1,0,0.01
1776872536.887160967,2,0,0.01
1776872536.887160967,3,0,0.01
1776872537.921233592,0,36,1.23
1776872537.921233592,1,0,0.01
1776872537.921233592,2,0,0.01
1776872537.921233592,3,0,0.01
1776872538.955444409,0,0,1.23
1776872538.955444409,1,0,0.01
1776872538.955444409,2,0,0.01
1776872538.955444409,3,0,0.01
1776872539.988946289,0,0,1.23
1776872539.988946289,1,0,0.01
1776872539.988946289,2,0,0.01
1776872539.988946289,3,0,0.01
1776872541.023095165,0,0,1.23
1776872541.023095165,1,0,0.01
1776872541.023095165,2,0,0.01
1776872541.023095165,3,0,0.01
1776872542.058026879,0,15,1.23
1776872542.058026879,1,0,0.01
1776872542.058026879,2,0,0.01
1776872542.058026879,3,0,0.01
1776872543.091048062,0,37,1.23
1776872543.091048062,1,0,0.01
1776872543.091048062,2,0,0.01
1776872543.091048062,3,0,0.01
1776872544.124920156,0,37,1.23
1776872544.124920156,1,0,0.01
1776872544.124920156,2,0,0.01
1776872544.124920156,3,0,0.01
1776872545.159891478,0,37,1.23
1776872545.159891478,1,0,0.01
1776872545.159891478,2,0,0.01
1776872545.159891478,3,0,0.01
1776872546.192647274,0,0,1.23
1776872546.192647274,1,0,0.01
1776872546.192647274,2,0,0.01
1776872546.192647274,3,0,0.01
1776872547.227560885,0,0,1.23
1776872547.227560885,1,0,0.01
1776872547.227560885,2,0,0.01
1776872547.227560885,3,0,0.01
1776872548.261799080,0,38,1.23
1776872548.261799080,1,0,0.01
1776872548.261799080,2,0,0.01
1776872548.261799080,3,0,0.01
1776872549.295275043,0,38,1.23
1776872549.295275043,1,0,0.01
1776872549.295275043,2,0,0.01
1776872549.295275043,3,0,0.01
1776872550.329686435,0,37,1.23
1776872550.329686435,1,0,0.01
1776872550.329686435,2,0,0.01
1776872550.329686435,3,0,0.01
1776872551.363156162,0,0,1.23
1776872551.363156162,1,0,0.01
1776872551.363156162,2,0,0.01
1776872551.363156162,3,0,0.01
1776872552.396589643,0,0,1.23
1776872552.396589643,1,0,0.01
1776872552.396589643,2,0,0.01
1776872552.396589643,3,0,0.01
1776872553.429288041,0,0,1.23
1776872553.429288041,1,0,0.01
1776872553.429288041,2,0,0.01
1776872553.429288041,3,0,0.01
1776872554.463697053,0,0,1.23
1776872554.463697053,1,0,0.01
1776872554.463697053,2,0,0.01
1776872554.463697053,3,0,0.01
1776872555.496538037,0,36,1.23
1776872555.496538037,1,0,0.01
1776872555.496538037,2,0,0.01
1776872555.496538037,3,0,0.01
1776872556.529940832,0,37,1.23
1776872556.529940832,1,0,0.01
1776872556.529940832,2,0,0.01
1776872556.529940832,3,0,0.01
1776872557.564344448,0,36,1.23
1776872557.564344448,1,0,0.01
1776872557.564344448,2,0,0.01
1776872557.564344448,3,0,0.01
1776872558.596853326,0,20,1.23
1776872558.596853326,1,0,0.01
1776872558.596853326,2,0,0.01
1776872558.596853326,3,0,0.01
1776872559.631362491,0,0,1.23
1776872559.631362491,1,0,0.01
1776872559.631362491,2,0,0.01
1776872559.631362491,3,0,0.01
1776872560.666066578,0,0,1.23
1776872560.666066578,1,0,0.01
1776872560.666066578,2,0,0.01
1776872560.666066578,3,0,0.01
1776872561.698901070,0,0,1.23
1776872561.698901070,1,0,0.01
1776872561.698901070,2,0,0.01
1776872561.698901070,3,0,0.01
1776872562.732360824,0,38,1.23
1776872562.732360824,1,0,0.01
1776872562.732360824,2,0,0.01
1776872562.732360824,3,0,0.01
1776872563.766929114,0,37,1.23
1776872563.766929114,1,0,0.01
1776872563.766929114,2,0,0.01
1776872563.766929114,3,0,0.01
1776872564.799238466,0,38,1.23
1776872564.799238466,1,0,0.01
1776872564.799238466,2,0,0.01
1776872564.799238466,3,0,0.01
1776872565.831071848,0,6,1.23
1776872565.831071848,1,0,0.01
1776872565.831071848,2,0,0.01
1776872565.831071848,3,0,0.01
1776872566.865717293,0,0,1.23
1776872566.865717293,1,0,0.01
1776872566.865717293,2,0,0.01
1776872566.865717293,3,0,0.01
1776872567.898791786,0,0,1.23
1776872567.898791786,1,0,0.01
1776872567.898791786,2,0,0.01
1776872567.898791786,3,0,0.01
1776872568.932289646,0,0,1.23
1776872568.932289646,1,0,0.01
1776872568.932289646,2,0,0.01
1776872568.932289646,3,0,0.01
1776872569.964267110,0,13,1.23
1776872569.964267110,1,0,0.01
1776872569.964267110,2,0,0.01
1776872569.964267110,3,0,0.01
1776872570.996832445,0,38,1.23
1776872570.996832445,1,0,0.01
1776872570.996832445,2,0,0.01
1776872570.996832445,3,0,0.01
1776872572.030399861,0,38,1.23
1776872572.030399861,1,0,0.01
1776872572.030399861,2,0,0.01
1776872572.030399861,3,0,0.01
1776872573.065921579,0,38,1.23
1776872573.065921579,1,0,0.01
1776872573.065921579,2,0,0.01
1776872573.065921579,3,0,0.01
1776872574.099824151,0,0,1.23
1776872574.099824151,1,0,0.01
1776872574.099824151,2,0,0.01
1776872574.099824151,3,0,0.01
1776872575.133985730,0,0,1.23
1776872575.133985730,1,0,0.01
1776872575.133985730,2,0,0.01
1776872575.133985730,3,0,0.01
1776872576.168291665,0,0,1.23
1776872576.168291665,1,0,0.01
1776872576.168291665,2,0,0.01
1776872576.168291665,3,0,0.01
1776872577.202011475,0,0,1.23
1776872577.202011475,1,0,0.01
1776872577.202011475,2,0,0.01
1776872577.202011475,3,0,0.01
1776872578.235977806,0,0,1.23
1776872578.235977806,1,0,0.01
1776872578.235977806,2,0,0.01
1776872578.235977806,3,0,0.01
1776872579.268648601,0,0,1.23
1776872579.268648601,1,0,0.01
1776872579.268648601,2,0,0.01
1776872579.268648601,3,0,0.01
1776872580.302579265,0,0,1.23
1776872580.302579265,1,0,0.01
1776872580.302579265,2,0,0.01
1776872580.302579265,3,0,0.01
1776872581.335422038,0,0,1.23
1776872581.335422038,1,0,0.01
1776872581.335422038,2,0,0.01
1776872581.335422038,3,0,0.01
1776872582.369045101,0,0,1.23
1776872582.369045101,1,0,0.01
1776872582.369045101,2,0,0.01
1776872582.369045101,3,0,0.01
1776872583.402877810,0,38,1.23
1776872583.402877810,1,0,0.01
1776872583.402877810,2,0,0.01
1776872583.402877810,3,0,0.01
1776872584.436503499,0,38,1.23
1776872584.436503499,1,0,0.01
1776872584.436503499,2,0,0.01
1776872584.436503499,3,0,0.01
1776872585.470404860,0,38,1.23
1776872585.470404860,1,0,0.01
1776872585.470404860,2,0,0.01
1776872585.470404860,3,0,0.01
1776872586.503679913,0,0,1.23
1776872586.503679913,1,0,0.01
1776872586.503679913,2,0,0.01
1776872586.503679913,3,0,0.01
1776872587.537546478,0,0,1.23
1776872587.537546478,1,0,0.01
1776872587.537546478,2,0,0.01
1776872587.537546478,3,0,0.01
1776872588.569972800,0,0,1.23
1776872588.569972800,1,0,0.01
1776872588.569972800,2,0,0.01
1776872588.569972800,3,0,0.01
1776872589.605192552,0,0,1.23
1776872589.605192552,1,0,0.01
1776872589.605192552,2,0,0.01
1776872589.605192552,3,0,0.01
1776872590.639399541,0,38,1.23
1776872590.639399541,1,0,0.01
1776872590.639399541,2,0,0.01
1776872590.639399541,3,0,0.01
1776872591.673539151,0,38,1.23
1776872591.673539151,1,0,0.01
1776872591.673539151,2,0,0.01
1776872591.673539151,3,0,0.01
1776872592.706444715,0,37,1.23
1776872592.706444715,1,0,0.01
1776872592.706444715,2,0,0.01
1776872592.706444715,3,0,0.01
1776872593.740672512,0,0,1.23
1776872593.740672512,1,0,0.01
1776872593.740672512,2,0,0.01
1776872593.740672512,3,0,0.01
1776872594.773383006,0,0,1.23
1776872594.773383006,1,0,0.01
1776872594.773383006,2,0,0.01
1776872594.773383006,3,0,0.01
1776872595.806793205,0,0,1.23
1776872595.806793205,1,0,0.01
1776872595.806793205,2,0,0.01
1776872595.806793205,3,0,0.01
1776872596.840726339,0,0,1.23
1776872596.840726339,1,0,0.01
1776872596.840726339,2,0,0.01
1776872596.840726339,3,0,0.01
1776872597.875242633,0,0,1.23
1776872597.875242633,1,0,0.01
1776872597.875242633,2,0,0.01
1776872597.875242633,3,0,0.01
1776872598.908058863,0,0,1.23
1776872598.908058863,1,0,0.01
1776872598.908058863,2,0,0.01
1776872598.908058863,3,0,0.01
1776872599.942359644,0,0,1.23
1776872599.942359644,1,0,0.01
1776872599.942359644,2,0,0.01
1776872599.942359644,3,0,0.01
1776872600.976062459,0,36,1.23
1776872600.976062459,1,0,0.01
1776872600.976062459,2,0,0.01
1776872600.976062459,3,0,0.01
1776872602.010545586,0,36,1.23
1776872602.010545586,1,0,0.01
1776872602.010545586,2,0,0.01
1776872602.010545586,3,0,0.01
1776872603.043791179,0,36,1.23
1776872603.043791179,1,0,0.01
1776872603.043791179,2,0,0.01
1776872603.043791179,3,0,0.01
1776872604.075087869,0,0,1.23
1776872604.075087869,1,0,0.01
1776872604.075087869,2,0,0.01
1776872604.075087869,3,0,0.01
1776872605.107525774,0,0,1.23
1776872605.107525774,1,0,0.01
1776872605.107525774,2,0,0.01
1776872605.107525774,3,0,0.01
1776872606.141800748,0,0,1.23
1776872606.141800748,1,0,0.01
1776872606.141800748,2,0,0.01
1776872606.141800748,3,0,0.01
1776872607.174392675,0,0,1.23
1776872607.174392675,1,0,0.01
1776872607.174392675,2,0,0.01
1776872607.174392675,3,0,0.01
1776872608.207890908,0,0,1.23
1776872608.207890908,1,0,0.01
1776872608.207890908,2,0,0.01
1776872608.207890908,3,0,0.01
1776872609.241013896,0,0,1.23
1776872609.241013896,1,0,0.01
1776872609.241013896,2,0,0.01
1776872609.241013896,3,0,0.01
1776872610.273335094,0,0,1.23
1776872610.273335094,1,0,0.01
1776872610.273335094,2,0,0.01
1776872610.273335094,3,0,0.01
1776872611.305126544,0,0,1.23
1776872611.305126544,1,0,0.01
1776872611.305126544,2,0,0.01
1776872611.305126544,3,0,0.01
1776872612.339131834,0,0,1.23
1776872612.339131834,1,0,0.01
1776872612.339131834,2,0,0.01
1776872612.339131834,3,0,0.01
1776872613.374061889,0,38,1.23
1776872613.374061889,1,0,0.01
1776872613.374061889,2,0,0.01
1776872613.374061889,3,0,0.01
1776872614.406949975,0,38,1.23
1776872614.406949975,1,0,0.01
1776872614.406949975,2,0,0.01
1776872614.406949975,3,0,0.01
1776872615.441478094,0,38,1.23
1776872615.441478094,1,0,0.01
1776872615.441478094,2,0,0.01
1776872615.441478094,3,0,0.01
1776872616.474628347,0,0,1.23
1776872616.474628347,1,0,0.01
1776872616.474628347,2,0,0.01
1776872616.474628347,3,0,0.01
1776872617.508572675,0,0,1.23
1776872617.508572675,1,0,0.01
1776872617.508572675,2,0,0.01
1776872617.508572675,3,0,0.01
1776872618.541778660,0,0,1.23
1776872618.541778660,1,0,0.01
1776872618.541778660,2,0,0.01
1776872618.541778660,3,0,0.01
1776872619.575548798,0,0,1.23
1776872619.575548798,1,0,0.01
1776872619.575548798,2,0,0.01
1776872619.575548798,3,0,0.01
1776872620.608479085,0,0,1.23
1776872620.608479085,1,0,0.01
1776872620.608479085,2,0,0.01
1776872620.608479085,3,0,0.01
1776872621.642079772,0,0,1.23
1776872621.642079772,1,0,0.01
1776872621.642079772,2,0,0.01
1776872621.642079772,3,0,0.01
1776872622.675290631,0,36,1.23
1776872622.675290631,1,0,0.01
1776872622.675290631,2,0,0.01
1776872622.675290631,3,0,0.01
1776872623.709218368,0,36,1.23
1776872623.709218368,1,0,0.01
1776872623.709218368,2,0,0.01
1776872623.709218368,3,0,0.01
1776872624.741913613,0,36,1.23
1776872624.741913613,1,0,0.01
1776872624.741913613,2,0,0.01
1776872624.741913613,3,0,0.01
1776872625.776220218,0,36,1.23
1776872625.776220218,1,0,0.01
1776872625.776220218,2,0,0.01
1776872625.776220218,3,0,0.01
1776872626.809631370,0,0,1.23
1776872626.809631370,1,0,0.01
1776872626.809631370,2,0,0.01
1776872626.809631370,3,0,0.01
1776872627.842535632,0,0,1.23
1776872627.842535632,1,0,0.01
1776872627.842535632,2,0,0.01
1776872627.842535632,3,0,0.01
1776872628.877570493,0,0,1.23
1776872628.877570493,1,0,0.01
1776872628.877570493,2,0,0.01
1776872628.877570493,3,0,0.01
1776872629.912451273,0,0,1.23
1776872629.912451273,1,0,0.01
1776872629.912451273,2,0,0.01
1776872629.912451273,3,0,0.01
1776872630.946248152,0,0,1.23
1776872630.946248152,1,0,0.01
1776872630.946248152,2,0,0.01
1776872630.946248152,3,0,0.01
1776872631.979662506,0,38,1.23
1776872631.979662506,1,0,0.01
1776872631.979662506,2,0,0.01
1776872631.979662506,3,0,0.01
1776872633.012581272,0,38,1.23
1776872633.012581272,1,0,0.01
1776872633.012581272,2,0,0.01
1776872633.012581272,3,0,0.01
1776872634.044900047,0,38,1.23
1776872634.044900047,1,0,0.01
1776872634.044900047,2,0,0.01
1776872634.044900047,3,0,0.01
1776872635.077786927,0,0,1.23
1776872635.077786927,1,0,0.01
1776872635.077786927,2,0,0.01
1776872635.077786927,3,0,0.01
1776872636.111293538,0,0,1.23
1776872636.111293538,1,0,0.01
1776872636.111293538,2,0,0.01
1776872636.111293538,3,0,0.01
1776872637.144131865,0,0,1.23
1776872637.144131865,1,0,0.01
1776872637.144131865,2,0,0.01
1776872637.144131865,3,0,0.01
1776872638.176496203,0,0,1.23
1776872638.176496203,1,0,0.01
1776872638.176496203,2,0,0.01
1776872638.176496203,3,0,0.01
1776872639.211302288,0,0,1.23
1776872639.211302288,1,0,0.01
1776872639.211302288,2,0,0.01
1776872639.211302288,3,0,0.01
1776872640.245095465,0,0,1.23
1776872640.245095465,1,0,0.01
1776872640.245095465,2,0,0.01
1776872640.245095465,3,0,0.01
1776872641.279520257,0,0,1.23
1776872641.279520257,1,0,0.01
1776872641.279520257,2,0,0.01
1776872641.279520257,3,0,0.01
1776872642.312518223,0,0,1.23
1776872642.312518223,1,0,0.01
1776872642.312518223,2,0,0.01
1776872642.312518223,3,0,0.01
1776872643.346609688,0,0,1.23
1776872643.346609688,1,0,0.01
1776872643.346609688,2,0,0.01
1776872643.346609688,3,0,0.01
1776872644.381366101,0,36,1.23
1776872644.381366101,1,0,0.01
1776872644.381366101,2,0,0.01
1776872644.381366101,3,0,0.01
1776872645.414686319,0,36,1.23
1776872645.414686319,1,0,0.01
1776872645.414686319,2,0,0.01
1776872645.414686319,3,0,0.01
1776872646.448311225,0,36,1.23
1776872646.448311225,1,0,0.01
1776872646.448311225,2,0,0.01
1776872646.448311225,3,0,0.01
1776872647.481608708,0,0,1.23
1776872647.481608708,1,0,0.01
1776872647.481608708,2,0,0.01
1776872647.481608708,3,0,0.01
1776872648.514868374,0,0,1.23
1776872648.514868374,1,0,0.01
1776872648.514868374,2,0,0.01
1776872648.514868374,3,0,0.01
1776872649.548640181,0,0,1.23
1776872649.548640181,1,0,0.01
1776872649.548640181,2,0,0.01
1776872649.548640181,3,0,0.01
1776872650.582636963,0,0,1.23
1776872650.582636963,1,0,0.01
1776872650.582636963,2,0,0.01
1776872650.582636963,3,0,0.01
1776872651.615363144,0,0,1.23
1776872651.615363144,1,0,0.01
1776872651.615363144,2,0,0.01
1776872651.615363144,3,0,0.01
1776872652.648519630,0,0,1.23
1776872652.648519630,1,0,0.01
1776872652.648519630,2,0,0.01
1776872652.648519630,3,0,0.01
1776872653.682168385,0,38,1.23
1776872653.682168385,1,0,0.01
1776872653.682168385,2,0,0.01
1776872653.682168385,3,0,0.01
1776872654.715540950,0,38,1.23
1776872654.715540950,1,0,0.01
1776872654.715540950,2,0,0.01
1776872654.715540950,3,0,0.01
1776872655.749842814,0,38,1.23
1776872655.749842814,1,0,0.01
1776872655.749842814,2,0,0.01
1776872655.749842814,3,0,0.01
1776872656.783472042,0,0,1.23
1776872656.783472042,1,0,0.01
1776872656.783472042,2,0,0.01
1776872656.783472042,3,0,0.01
1776872657.817631273,0,0,1.23
1776872657.817631273,1,0,0.01
1776872657.817631273,2,0,0.01
1776872657.817631273,3,0,0.01
1776872658.851692635,0,0,1.23
1776872658.851692635,1,0,0.01
1776872658.851692635,2,0,0.01
1776872658.851692635,3,0,0.01
1776872659.886093748,0,0,1.23
1776872659.886093748,1,0,0.01
1776872659.886093748,2,0,0.01
1776872659.886093748,3,0,0.01
1776872660.920094622,0,0,1.23
1776872660.920094622,1,0,0.01
1776872660.920094622,2,0,0.01
1776872660.920094622,3,0,0.01
1776872661.953707987,0,0,1.23
1776872661.953707987,1,0,0.01
1776872661.953707987,2,0,0.01
1776872661.953707987,3,0,0.01
1776872662.987390295,0,0,1.23
1776872662.987390295,1,0,0.01
1776872662.987390295,2,0,0.01
1776872662.987390295,3,0,0.01
1776872664.021574655,0,0,1.23
1776872664.021574655,1,0,0.01
1776872664.021574655,2,0,0.01
1776872664.021574655,3,0,0.01
1776872665.054569757,0,36,1.23
1776872665.054569757,1,0,0.01
1776872665.054569757,2,0,0.01
1776872665.054569757,3,0,0.01
1776872666.088245243,0,36,1.23
1776872666.088245243,1,0,0.01
1776872666.088245243,2,0,0.01
1776872666.088245243,3,0,0.01
1776872667.119925863,0,36,1.23
1776872667.119925863,1,0,0.01
1776872667.119925863,2,0,0.01
1776872667.119925863,3,0,0.01
1776872668.153914790,0,7,1.23
1776872668.153914790,1,0,0.01
1776872668.153914790,2,0,0.01
1776872668.153914790,3,0,0.01
1776872669.187189604,0,0,1.23
1776872669.187189604,1,0,0.01
1776872669.187189604,2,0,0.01
1776872669.187189604,3,0,0.01
1776872670.218469059,0,0,1.23
1776872670.218469059,1,0,0.01
1776872670.218469059,2,0,0.01
1776872670.218469059,3,0,0.01
1776872671.250295963,0,0,1.23
1776872671.250295963,1,0,0.01
1776872671.250295963,2,0,0.01
1776872671.250295963,3,0,0.01
1776872672.284447957,0,0,1.23
1776872672.284447957,1,0,0.01
1776872672.284447957,2,0,0.01
1776872672.284447957,3,0,0.01
1776872673.319036039,0,0,1.23
1776872673.319036039,1,0,0.01
1776872673.319036039,2,0,0.01
1776872673.319036039,3,0,0.01
1776872674.352613620,0,0,1.23
1776872674.352613620,1,0,0.01
1776872674.352613620,2,0,0.01
1776872674.352613620,3,0,0.01
1776872675.385595359,0,0,1.23
1776872675.385595359,1,0,0.01
1776872675.385595359,2,0,0.01
1776872675.385595359,3,0,0.01
1776872676.419712915,0,0,1.23
1776872676.419712915,1,0,0.01
1776872676.419712915,2,0,0.01
1776872676.419712915,3,0,0.01
1776872677.454461030,0,38,1.23
1776872677.454461030,1,0,0.01
1776872677.454461030,2,0,0.01
1776872677.454461030,3,0,0.01
1776872678.487796234,0,38,1.23
1776872678.487796234,1,0,0.01
1776872678.487796234,2,0,0.01
1776872678.487796234,3,0,0.01
1776872679.521726977,0,38,1.23
1776872679.521726977,1,0,0.01
1776872679.521726977,2,0,0.01
1776872679.521726977,3,0,0.01
1776872680.555377062,0,5,1.23
1776872680.555377062,1,0,0.01
1776872680.555377062,2,0,0.01
1776872680.555377062,3,0,0.01
1776872681.589141590,0,0,1.23
1776872681.589141590,1,0,0.01
1776872681.589141590,2,0,0.01
1776872681.589141590,3,0,0.01
1776872682.623257844,0,0,1.23
1776872682.623257844,1,0,0.01
1776872682.623257844,2,0,0.01
1776872682.623257844,3,0,0.01
1776872683.657296924,0,0,1.23
1776872683.657296924,1,0,0.01
1776872683.657296924,2,0,0.01
1776872683.657296924,3,0,0.01
1776872684.690903098,0,0,1.23
1776872684.690903098,1,0,0.01
1776872684.690903098,2,0,0.01
1776872684.690903098,3,0,0.01
1776872685.725362915,0,0,1.23
1776872685.725362915,1,0,0.01
1776872685.725362915,2,0,0.01
1776872685.725362915,3,0,0.01
1776872686.758796785,0,0,1.23
1776872686.758796785,1,0,0.01
1776872686.758796785,2,0,0.01
1776872686.758796785,3,0,0.01
1776872687.793627229,0,0,1.23
1776872687.793627229,1,0,0.01
1776872687.793627229,2,0,0.01
1776872687.793627229,3,0,0.01
1776872688.825741802,0,36,1.23
1776872688.825741802,1,0,0.01
1776872688.825741802,2,0,0.01
1776872688.825741802,3,0,0.01
1776872689.859109066,0,36,1.23
1776872689.859109066,1,0,0.01
1776872689.859109066,2,0,0.01
1776872689.859109066,3,0,0.01
1776872690.892640774,0,36,1.23
1776872690.892640774,1,0,0.01
1776872690.892640774,2,0,0.01
1776872690.892640774,3,0,0.01
1776872691.926028719,0,31,1.23
1776872691.926028719,1,0,0.01
1776872691.926028719,2,0,0.01
1776872691.926028719,3,0,0.01
1776872692.959821431,0,0,1.23
1776872692.959821431,1,0,0.01
1776872692.959821431,2,0,0.01
1776872692.959821431,3,0,0.01
1776872693.992655477,0,0,1.23
1776872693.992655477,1,0,0.01
1776872693.992655477,2,0,0.01
1776872693.992655477,3,0,0.01
1776872695.025558507,0,0,1.23
1776872695.025558507,1,0,0.01
1776872695.025558507,2,0,0.01
1776872695.025558507,3,0,0.01
1776872696.059615083,0,0,1.23
1776872696.059615083,1,0,0.01
1776872696.059615083,2,0,0.01
1776872696.059615083,3,0,0.01
1776872697.091452433,0,0,1.23
1776872697.091452433,1,0,0.01
1776872697.091452433,2,0,0.01
1776872697.091452433,3,0,0.01
1776872698.125475180,0,38,1.23
1776872698.125475180,1,0,0.01
1776872698.125475180,2,0,0.01
1776872698.125475180,3,0,0.01
1776872699.158457174,0,38,1.23
1776872699.158457174,1,0,0.01
1776872699.158457174,2,0,0.01
1776872699.158457174,3,0,0.01
1776872700.192408682,0,38,1.23
1776872700.192408682,1,0,0.01
1776872700.192408682,2,0,0.01
1776872700.192408682,3,0,0.01
1776872701.224799160,0,38,1.23
1776872701.224799160,1,0,0.01
1776872701.224799160,2,0,0.01
1776872701.224799160,3,0,0.01
1776872702.258390254,0,0,1.23
1776872702.258390254,1,0,0.01
1776872702.258390254,2,0,0.01
1776872702.258390254,3,0,0.01
1776872703.291648349,0,0,1.23
1776872703.291648349,1,0,0.01
1776872703.291648349,2,0,0.01
1776872703.291648349,3,0,0.01
1776872704.324804053,0,36,1.23
1776872704.324804053,1,0,0.01
1776872704.324804053,2,0,0.01
1776872704.324804053,3,0,0.01
1776872705.359276269,0,36,1.23
1776872705.359276269,1,0,0.01
1776872705.359276269,2,0,0.01
1776872705.359276269,3,0,0.01
1776872706.393385222,0,36,1.23
1776872706.393385222,1,0,0.01
1776872706.393385222,2,0,0.01
1776872706.393385222,3,0,0.01
1776872707.426980525,0,36,1.23
1776872707.426980525,1,0,0.01
1776872707.426980525,2,0,0.01
1776872707.426980525,3,0,0.01
1776872708.461634793,0,0,1.23
1776872708.461634793,1,0,0.01
1776872708.461634793,2,0,0.01
1776872708.461634793,3,0,0.01
1776872709.494683471,0,0,1.23
1776872709.494683471,1,0,0.01
1776872709.494683471,2,0,0.01
1776872709.494683471,3,0,0.01
1776872710.527337452,0,0,1.23
1776872710.527337452,1,0,0.01
1776872710.527337452,2,0,0.01
1776872710.527337452,3,0,0.01
1776872711.560700627,0,0,1.23
1776872711.560700627,1,0,0.01
1776872711.560700627,2,0,0.01
1776872711.560700627,3,0,0.01
1776872712.595414431,0,0,1.23
1776872712.595414431,1,0,0.01
1776872712.595414431,2,0,0.01
1776872712.595414431,3,0,0.01
1776872713.629217479,0,0,1.23
1776872713.629217479,1,0,0.01
1776872713.629217479,2,0,0.01
1776872713.629217479,3,0,0.01
1776872714.662922020,0,0,1.23
1776872714.662922020,1,0,0.01
1776872714.662922020,2,0,0.01
1776872714.662922020,3,0,0.01
1776872715.695806406,0,0,1.23
1776872715.695806406,1,0,0.01
1776872715.695806406,2,0,0.01
1776872715.695806406,3,0,0.01
1776872716.730985495,0,0,1.23
1776872716.730985495,1,0,0.01
1776872716.730985495,2,0,0.01
1776872716.730985495,3,0,0.01
1776872717.763786605,0,0,1.23
1776872717.763786605,1,0,0.01
1776872717.763786605,2,0,0.01
1776872717.763786605,3,0,0.01
1776872718.797919464,0,31,1.23
1776872718.797919464,1,0,0.01
1776872718.797919464,2,0,0.01
1776872718.797919464,3,0,0.01
1776872719.830570200,0,37,1.23
1776872719.830570200,1,0,0.01
1776872719.830570200,2,0,0.01
1776872719.830570200,3,0,0.01
1776872720.865247390,0,38,1.23
1776872720.865247390,1,0,0.01
1776872720.865247390,2,0,0.01
1776872720.865247390,3,0,0.01
1776872721.898625723,0,38,1.23
1776872721.898625723,1,0,0.01
1776872721.898625723,2,0,0.01
1776872721.898625723,3,0,0.01
1776872722.934288188,0,0,1.23
1776872722.934288188,1,0,0.01
1776872722.934288188,2,0,0.01
1776872722.934288188,3,0,0.01
1776872723.967699652,0,0,1.23
1776872723.967699652,1,0,0.01
1776872723.967699652,2,0,0.01
1776872723.967699652,3,0,0.01
1776872725.001376560,0,0,1.23
1776872725.001376560,1,0,0.01
1776872725.001376560,2,0,0.01
1776872725.001376560,3,0,0.01
1776872726.035780182,0,0,1.23
1776872726.035780182,1,0,0.01
1776872726.035780182,2,0,0.01
1776872726.035780182,3,0,0.01
1776872727.068553529,0,0,1.23
1776872727.068553529,1,0,0.01
1776872727.068553529,2,0,0.01
1776872727.068553529,3,0,0.01
1776872728.102612620,0,0,1.23
1776872728.102612620,1,0,0.01
1776872728.102612620,2,0,0.01
1776872728.102612620,3,0,0.01
1776872729.135165997,0,36,1.23
1776872729.135165997,1,0,0.01
1776872729.135165997,2,0,0.01
1776872729.135165997,3,0,0.01
1776872730.169384987,0,36,1.23
1776872730.169384987,1,0,0.01
1776872730.169384987,2,0,0.01
1776872730.169384987,3,0,0.01
1776872731.203335945,0,36,1.23
1776872731.203335945,1,0,0.01
1776872731.203335945,2,0,0.01
1776872731.203335945,3,0,0.01
1776872732.237492223,0,36,1.23
1776872732.237492223,1,0,0.01
1776872732.237492223,2,0,0.01
1776872732.237492223,3,0,0.01
1776872733.271408464,0,0,1.23
1776872733.271408464,1,0,0.01
1776872733.271408464,2,0,0.01
1776872733.271408464,3,0,0.01
1776872734.305237757,0,0,1.23
1776872734.305237757,1,0,0.01
1776872734.305237757,2,0,0.01
1776872734.305237757,3,0,0.01
1776872735.339106341,0,0,1.23
1776872735.339106341,1,0,0.01
1776872735.339106341,2,0,0.01
1776872735.339106341,3,0,0.01
1776872736.372921188,0,0,1.23
1776872736.372921188,1,0,0.01
1776872736.372921188,2,0,0.01
1776872736.372921188,3,0,0.01
1776872737.408074363,0,0,1.23
1776872737.408074363,1,0,0.01
1776872737.408074363,2,0,0.01
1776872737.408074363,3,0,0.01
1776872738.440646935,0,0,1.23
1776872738.440646935,1,0,0.01
1776872738.440646935,2,0,0.01
1776872738.440646935,3,0,0.01
1776872739.474423334,0,0,1.23
1776872739.474423334,1,0,0.01
1776872739.474423334,2,0,0.01
1776872739.474423334,3,0,0.01
1776872740.507872338,0,0,1.23
1776872740.507872338,1,0,0.01
1776872740.507872338,2,0,0.01
1776872740.507872338,3,0,0.01
1776872741.542593401,0,0,1.23
1776872741.542593401,1,0,0.01
1776872741.542593401,2,0,0.01
1776872741.542593401,3,0,0.01
1776872742.576641166,0,37,1.23
1776872742.576641166,1,0,0.01
1776872742.576641166,2,0,0.01
1776872742.576641166,3,0,0.01
1776872743.611295069,0,37,1.23
1776872743.611295069,1,0,0.01
1776872743.611295069,2,0,0.01
1776872743.611295069,3,0,0.01
1776872744.644732199,0,37,1.23
1776872744.644732199,1,0,0.01
1776872744.644732199,2,0,0.01
1776872744.644732199,3,0,0.01
1776872745.677817026,0,9,1.23
1776872745.677817026,1,0,0.01
1776872745.677817026,2,0,0.01
1776872745.677817026,3,0,0.01
1776872746.711572961,0,0,1.23
1776872746.711572961,1,0,0.01
1776872746.711572961,2,0,0.01
1776872746.711572961,3,0,0.01
1776872747.744928640,0,0,1.23
1776872747.744928640,1,0,0.01
1776872747.744928640,2,0,0.01
1776872747.744928640,3,0,0.01
1776872748.778028066,0,0,1.23
1776872748.778028066,1,0,0.01
1776872748.778028066,2,0,0.01
1776872748.778028066,3,0,0.01
1776872749.811309848,0,36,1.23
1776872749.811309848,1,0,0.01
1776872749.811309848,2,0,0.01
1776872749.811309848,3,0,0.01
1776872750.844644967,0,36,1.23
1776872750.844644967,1,0,0.01
1776872750.844644967,2,0,0.01
1776872750.844644967,3,0,0.01
1776872751.878238937,0,36,1.23
1776872751.878238937,1,0,0.01
1776872751.878238937,2,0,0.01
1776872751.878238937,3,0,0.01
1776872752.912386115,0,7,1.23
1776872752.912386115,1,0,0.01
1776872752.912386115,2,0,0.01
1776872752.912386115,3,0,0.01
1776872753.945719154,0,0,1.23
1776872753.945719154,1,0,0.01
1776872753.945719154,2,0,0.01
1776872753.945719154,3,0,0.01
1776872754.979561188,0,0,1.23
1776872754.979561188,1,0,0.01
1776872754.979561188,2,0,0.01
1776872754.979561188,3,0,0.01
1776872756.013646005,0,0,1.23
1776872756.013646005,1,0,0.01
1776872756.013646005,2,0,0.01
1776872756.013646005,3,0,0.01
1776872757.047954788,0,0,1.23
1776872757.047954788,1,0,0.01
1776872757.047954788,2,0,0.01
1776872757.047954788,3,0,0.01
1776872758.082132613,0,0,1.23
1776872758.082132613,1,0,0.01
1776872758.082132613,2,0,0.01
1776872758.082132613,3,0,0.01
1776872759.116060929,0,37,1.23
1776872759.116060929,1,0,0.01
1776872759.116060929,2,0,0.01
1776872759.116060929,3,0,0.01
1776872760.149873404,0,37,1.23
1776872760.149873404,1,0,0.01
1776872760.149873404,2,0,0.01
1776872760.149873404,3,0,0.01
1776872761.184616246,0,37,1.23
1776872761.184616246,1,0,0.01
1776872761.184616246,2,0,0.01
1776872761.184616246,3,0,0.01
1776872762.216169892,0,0,1.23
1776872762.216169892,1,0,0.01
1776872762.216169892,2,0,0.01
1776872762.216169892,3,0,0.01
1776872763.248590193,0,0,1.23
1776872763.248590193,1,0,0.01
1776872763.248590193,2,0,0.01
1776872763.248590193,3,0,0.01
1776872764.283016051,0,0,1.23
1776872764.283016051,1,0,0.01
1776872764.283016051,2,0,0.01
1776872764.283016051,3,0,0.01
1776872765.317003323,0,0,1.23
1776872765.317003323,1,0,0.01
1776872765.317003323,2,0,0.01
1776872765.317003323,3,0,0.01
1776872766.350674152,0,0,1.23
1776872766.350674152,1,0,0.01
1776872766.350674152,2,0,0.01
1776872766.350674152,3,0,0.01
1776872767.385483665,0,0,1.23
1776872767.385483665,1,0,0.01
1776872767.385483665,2,0,0.01
1776872767.385483665,3,0,0.01
1776872768.419565435,0,0,1.23
1776872768.419565435,1,0,0.01
1776872768.419565435,2,0,0.01
1776872768.419565435,3,0,0.01
1776872769.452712654,0,0,1.23
1776872769.452712654,1,0,0.01
1776872769.452712654,2,0,0.01
1776872769.452712654,3,0,0.01
1776872770.485295081,0,0,1.23
1776872770.485295081,1,0,0.01
1776872770.485295081,2,0,0.01
1776872770.485295081,3,0,0.01
1776872771.519801757,0,0,1.23
1776872771.519801757,1,0,0.01
1776872771.519801757,2,0,0.01
1776872771.519801757,3,0,0.01
1776872772.552526818,0,0,1.23
1776872772.552526818,1,0,0.01
1776872772.552526818,2,0,0.01
1776872772.552526818,3,0,0.01
1776872773.585686543,0,38,1.23
1776872773.585686543,1,0,0.01
1776872773.585686543,2,0,0.01
1776872773.585686543,3,0,0.01
1776872774.619129898,0,36,1.23
1776872774.619129898,1,0,0.01
1776872774.619129898,2,0,0.01
1776872774.619129898,3,0,0.01
1776872775.652736877,0,36,1.23
1776872775.652736877,1,0,0.01
1776872775.652736877,2,0,0.01
1776872775.652736877,3,0,0.01
1776872776.685372564,0,36,1.23
1776872776.685372564,1,0,0.01
1776872776.685372564,2,0,0.01
1776872776.685372564,3,0,0.01
1776872777.718232522,0,0,1.23
1776872777.718232522,1,0,0.01
1776872777.718232522,2,0,0.01
1776872777.718232522,3,0,0.01
1776872778.751093661,0,0,1.23
1776872778.751093661,1,0,0.01
1776872778.751093661,2,0,0.01
1776872778.751093661,3,0,0.01
1776872779.784553810,0,0,1.23
1776872779.784553810,1,0,0.01
1776872779.784553810,2,0,0.01
1776872779.784553810,3,0,0.01
1776872780.819270033,0,0,1.23
1776872780.819270033,1,0,0.01
1776872780.819270033,2,0,0.01
1776872780.819270033,3,0,0.01
1776872781.853526468,0,0,1.23
1776872781.853526468,1,0,0.01
1776872781.853526468,2,0,0.01
1776872781.853526468,3,0,0.01
1776872782.886375773,0,0,1.23
1776872782.886375773,1,0,0.01
1776872782.886375773,2,0,0.01
1776872782.886375773,3,0,0.01
1776872783.919865956,0,0,1.23
1776872783.919865956,1,0,0.01
1776872783.919865956,2,0,0.01
1776872783.919865956,3,0,0.01
1776872784.953575535,0,0,1.23
1776872784.953575535,1,0,0.01
1776872784.953575535,2,0,0.01
1776872784.953575535,3,0,0.01
1776872785.987698961,0,38,1.23
1776872785.987698961,1,0,0.01
1776872785.987698961,2,0,0.01
1776872785.987698961,3,0,0.01
1776872787.021709700,0,38,1.23
1776872787.021709700,1,0,0.01
1776872787.021709700,2,0,0.01
1776872787.021709700,3,0,0.01
1776872788.053914087,0,37,1.23
1776872788.053914087,1,0,0.01
1776872788.053914087,2,0,0.01
1776872788.053914087,3,0,0.01
1776872789.085470630,0,0,1.23
1776872789.085470630,1,0,0.01
1776872789.085470630,2,0,0.01
1776872789.085470630,3,0,0.01
1776872790.119215580,0,0,1.23
1776872790.119215580,1,0,0.01
1776872790.119215580,2,0,0.01
1776872790.119215580,3,0,0.01
1776872791.150883386,0,38,1.23
1776872791.150883386,1,0,0.01
1776872791.150883386,2,0,0.01
1776872791.150883386,3,0,0.01
1776872792.183673043,0,38,1.23
1776872792.183673043,1,0,0.01
1776872792.183673043,2,0,0.01
1776872792.183673043,3,0,0.01
1776872793.217387474,0,38,1.23
1776872793.217387474,1,0,0.01
1776872793.217387474,2,0,0.01
1776872793.217387474,3,0,0.01
1776872794.248798998,0,38,1.23
1776872794.248798998,1,0,0.01
1776872794.248798998,2,0,0.01
1776872794.248798998,3,0,0.01
1776872795.281900859,0,0,1.23
1776872795.281900859,1,0,0.01
1776872795.281900859,2,0,0.01
1776872795.281900859,3,0,0.01
1776872796.315139870,0,0,1.23
1776872796.315139870,1,0,0.01
1776872796.315139870,2,0,0.01
1776872796.315139870,3,0,0.01
1776872797.348246627,0,0,1.23
1776872797.348246627,1,0,0.01
1776872797.348246627,2,0,0.01
1776872797.348246627,3,0,0.01
1776872798.381735703,0,0,1.23
1776872798.381735703,1,0,0.01
1776872798.381735703,2,0,0.01
1776872798.381735703,3,0,0.01
1776872799.413507148,0,0,1.23
1776872799.413507148,1,0,0.01
1776872799.413507148,2,0,0.01
1776872799.413507148,3,0,0.01
1776872800.447139879,0,0,1.23
1776872800.447139879,1,0,0.01
1776872800.447139879,2,0,0.01
1776872800.447139879,3,0,0.01
1776872801.480849149,0,36,1.23
1776872801.480849149,1,0,0.01
1776872801.480849149,2,0,0.01
1776872801.480849149,3,0,0.01
1776872802.515295885,0,36,1.23
1776872802.515295885,1,0,0.01
1776872802.515295885,2,0,0.01
1776872802.515295885,3,0,0.01
1776872803.548358946,0,36,1.23
1776872803.548358946,1,0,0.01
1776872803.548358946,2,0,0.01
1776872803.548358946,3,0,0.01
1776872804.580980586,0,0,1.23
1776872804.580980586,1,0,0.01
1776872804.580980586,2,0,0.01
1776872804.580980586,3,0,0.01
1776872805.612905703,0,0,1.23
1776872805.612905703,1,0,0.01
1776872805.612905703,2,0,0.01
1776872805.612905703,3,0,0.01
1776872806.647144367,0,0,1.23
1776872806.647144367,1,0,0.01
1776872806.647144367,2,0,0.01
1776872806.647144367,3,0,0.01
1776872807.680244172,0,0,1.23
1776872807.680244172,1,0,0.01
1776872807.680244172,2,0,0.01
1776872807.680244172,3,0,0.01
1776872808.713278451,0,0,1.23
1776872808.713278451,1,0,0.01
1776872808.713278451,2,0,0.01
1776872808.713278451,3,0,0.01
1776872809.747423270,0,0,1.23
1776872809.747423270,1,0,0.01
1776872809.747423270,2,0,0.01
1776872809.747423270,3,0,0.01
1776872810.780709990,0,38,1.23
1776872810.780709990,1,0,0.01
1776872810.780709990,2,0,0.01
1776872810.780709990,3,0,0.01
1776872811.813303623,0,37,1.23
1776872811.813303623,1,0,0.01
1776872811.813303623,2,0,0.01
1776872811.813303623,3,0,0.01
1776872812.846724500,0,38,1.23
1776872812.846724500,1,0,0.01
1776872812.846724500,2,0,0.01
1776872812.846724500,3,0,0.01
1776872813.879443937,0,38,1.23
1776872813.879443937,1,0,0.01
1776872813.879443937,2,0,0.01
1776872813.879443937,3,0,0.01
1776872814.911832559,0,0,1.23
1776872814.911832559,1,0,0.01
1776872814.911832559,2,0,0.01
1776872814.911832559,3,0,0.01
1776872815.944855478,0,0,1.23
1776872815.944855478,1,0,0.01
1776872815.944855478,2,0,0.01
1776872815.944855478,3,0,0.01
1776872816.976618423,0,0,1.23
1776872816.976618423,1,0,0.01
1776872816.976618423,2,0,0.01
1776872816.976618423,3,0,0.01
1776872818.009327020,0,0,1.23
1776872818.009327020,1,0,0.01
1776872818.009327020,2,0,0.01
1776872818.009327020,3,0,0.01
1776872819.042052416,0,0,1.23
1776872819.042052416,1,0,0.01
1776872819.042052416,2,0,0.01
1776872819.042052416,3,0,0.01
1776872820.075116281,0,0,1.23
1776872820.075116281,1,0,0.01
1776872820.075116281,2,0,0.01
1776872820.075116281,3,0,0.01
1776872821.108133104,0,0,1.23
1776872821.108133104,1,0,0.01
1776872821.108133104,2,0,0.01
1776872821.108133104,3,0,0.01
1776872822.140909948,0,0,1.23
1776872822.140909948,1,0,0.01
1776872822.140909948,2,0,0.01
1776872822.140909948,3,0,0.01
1776872823.175089213,0,0,1.23
1776872823.175089213,1,0,0.01
1776872823.175089213,2,0,0.01
1776872823.175089213,3,0,0.01
1776872824.208104752,0,0,1.23
1776872824.208104752,1,0,0.01
1776872824.208104752,2,0,0.01
1776872824.208104752,3,0,0.01
1776872825.240823658,0,0,1.23
1776872825.240823658,1,0,0.01
1776872825.240823658,2,0,0.01
1776872825.240823658,3,0,0.01
1776872826.274472571,0,0,1.23
1776872826.274472571,1,0,0.01
1776872826.274472571,2,0,0.01
1776872826.274472571,3,0,0.01
1776872827.307534801,0,0,1.23
1776872827.307534801,1,0,0.01
1776872827.307534801,2,0,0.01
1776872827.307534801,3,0,0.01
1776872828.341313936,0,0,1.23
1776872828.341313936,1,0,0.01
1776872828.341313936,2,0,0.01
1776872828.341313936,3,0,0.01
1776872829.374347807,0,37,1.23
1776872829.374347807,1,0,0.01
1776872829.374347807,2,0,0.01
1776872829.374347807,3,0,0.01
1776872830.408085925,0,38,1.23
1776872830.408085925,1,0,0.01
1776872830.408085925,2,0,0.01
1776872830.408085925,3,0,0.01
1776872831.441722536,0,38,1.23
1776872831.441722536,1,0,0.01
1776872831.441722536,2,0,0.01
1776872831.441722536,3,0,0.01
1776872832.474936901,0,0,1.23
1776872832.474936901,1,0,0.01
1776872832.474936901,2,0,0.01
1776872832.474936901,3,0,0.01
1776872833.506770396,0,0,1.23
1776872833.506770396,1,0,0.01
1776872833.506770396,2,0,0.01
1776872833.506770396,3,0,0.01
1776872834.540568638,0,0,1.23
1776872834.540568638,1,0,0.01
1776872834.540568638,2,0,0.01
1776872834.540568638,3,0,0.01
1776872835.575240910,0,0,1.23
1776872835.575240910,1,0,0.01
1776872835.575240910,2,0,0.01
1776872835.575240910,3,0,0.01
1776872836.608507644,0,0,1.23
1776872836.608507644,1,0,0.01
1776872836.608507644,2,0,0.01
1776872836.608507644,3,0,0.01
1776872837.642344586,0,38,1.23
1776872837.642344586,1,0,0.01
1776872837.642344586,2,0,0.01
1776872837.642344586,3,0,0.01
1776872838.675603273,0,38,1.23
1776872838.675603273,1,0,0.01
1776872838.675603273,2,0,0.01
1776872838.675603273,3,0,0.01
1776872839.709705908,0,38,1.23
1776872839.709705908,1,0,0.01
1776872839.709705908,2,0,0.01
1776872839.709705908,3,0,0.01
1776872840.742995372,0,0,1.23
1776872840.742995372,1,0,0.01
1776872840.742995372,2,0,0.01
1776872840.742995372,3,0,0.01
1776872841.776907468,0,0,1.23
1776872841.776907468,1,0,0.01
1776872841.776907468,2,0,0.01
1776872841.776907468,3,0,0.01
1776872842.810433325,0,0,1.23
1776872842.810433325,1,0,0.01
1776872842.810433325,2,0,0.01
1776872842.810433325,3,0,0.01
1776872843.842931306,0,0,1.23
1776872843.842931306,1,0,0.01
1776872843.842931306,2,0,0.01
1776872843.842931306,3,0,0.01
1776872844.876414425,0,0,1.23
1776872844.876414425,1,0,0.01
1776872844.876414425,2,0,0.01
1776872844.876414425,3,0,0.01
1776872845.909885956,0,0,1.23
1776872845.909885956,1,0,0.01
1776872845.909885956,2,0,0.01
1776872845.909885956,3,0,0.01
1776872846.943327628,0,0,1.23
1776872846.943327628,1,0,0.01
1776872846.943327628,2,0,0.01
1776872846.943327628,3,0,0.01
1776872847.976711218,0,36,1.23
1776872847.976711218,1,0,0.01
1776872847.976711218,2,0,0.01
1776872847.976711218,3,0,0.01
1776872849.010524749,0,36,1.23
1776872849.010524749,1,0,0.01
1776872849.010524749,2,0,0.01
1776872849.010524749,3,0,0.01
1776872850.044434329,0,36,1.23
1776872850.044434329,1,0,0.01
1776872850.044434329,2,0,0.01
1776872850.044434329,3,0,0.01
1776872851.077557000,0,38,1.23
1776872851.077557000,1,0,0.01
1776872851.077557000,2,0,0.01
1776872851.077557000,3,0,0.01
1776872852.111491169,0,0,1.23
1776872852.111491169,1,0,0.01
1776872852.111491169,2,0,0.01
1776872852.111491169,3,0,0.01
1776872853.143900649,0,0,1.23
1776872853.143900649,1,0,0.01
1776872853.143900649,2,0,0.01
1776872853.143900649,3,0,0.01
1776872854.177445586,0,0,1.23
1776872854.177445586,1,0,0.01
1776872854.177445586,2,0,0.01
1776872854.177445586,3,0,0.01
1776872855.210724793,0,0,1.23
1776872855.210724793,1,0,0.01
1776872855.210724793,2,0,0.01
1776872855.210724793,3,0,0.01
1776872856.244008061,0,0,1.23
1776872856.244008061,1,0,0.01
1776872856.244008061,2,0,0.01
1776872856.244008061,3,0,0.01
1776872857.276886249,0,0,1.23
1776872857.276886249,1,0,0.01
1776872857.276886249,2,0,0.01
1776872857.276886249,3,0,0.01
1776872858.309564978,0,0,1.23
1776872858.309564978,1,0,0.01
1776872858.309564978,2,0,0.01
1776872858.309564978,3,0,0.01
1776872859.344358250,0,0,1.23
1776872859.344358250,1,0,0.01
1776872859.344358250,2,0,0.01
1776872859.344358250,3,0,0.01
1776872860.377560524,0,0,1.23
1776872860.377560524,1,0,0.01
1776872860.377560524,2,0,0.01
1776872860.377560524,3,0,0.01
1776872861.412170925,0,0,1.23
1776872861.412170925,1,0,0.01
1776872861.412170925,2,0,0.01
1776872861.412170925,3,0,0.01
1776872862.445226464,0,38,1.23
1776872862.445226464,1,0,0.01
1776872862.445226464,2,0,0.01
1776872862.445226464,3,0,0.01
1776872863.478296420,0,37,1.23
1776872863.478296420,1,0,0.01
1776872863.478296420,2,0,0.01
1776872863.478296420,3,0,0.01
1776872864.512594377,0,37,1.23
1776872864.512594377,1,0,0.01
1776872864.512594377,2,0,0.01
1776872864.512594377,3,0,0.01
1776872865.546214610,0,37,1.23
1776872865.546214610,1,0,0.01
1776872865.546214610,2,0,0.01
1776872865.546214610,3,0,0.01
1776872866.579313975,0,0,1.23
1776872866.579313975,1,0,0.01
1776872866.579313975,2,0,0.01
1776872866.579313975,3,0,0.01
1776872867.612522754,0,0,1.23
1776872867.612522754,1,0,0.01
1776872867.612522754,2,0,0.01
1776872867.612522754,3,0,0.01
1776872868.646465370,0,0,1.23
1776872868.646465370,1,0,0.01
1776872868.646465370,2,0,0.01
1776872868.646465370,3,0,0.01
1776872869.680359539,0,0,1.23
1776872869.680359539,1,0,0.01
1776872869.680359539,2,0,0.01
1776872869.680359539,3,0,0.01
1776872870.712694764,0,0,1.23
1776872870.712694764,1,0,0.01
1776872870.712694764,2,0,0.01
1776872870.712694764,3,0,0.01
1776872871.747094343,0,0,1.23
1776872871.747094343,1,0,0.01
1776872871.747094343,2,0,0.01
1776872871.747094343,3,0,0.01
1776872872.779871365,0,0,1.23
1776872872.779871365,1,0,0.01
1776872872.779871365,2,0,0.01
1776872872.779871365,3,0,0.01
1776872873.813480520,0,0,1.23
1776872873.813480520,1,0,0.01
1776872873.813480520,2,0,0.01
1776872873.813480520,3,0,0.01
1776872874.846824654,0,0,1.23
1776872874.846824654,1,0,0.01
1776872874.846824654,2,0,0.01
1776872874.846824654,3,0,0.01
1776872875.881157760,0,0,1.23
1776872875.881157760,1,0,0.01
1776872875.881157760,2,0,0.01
1776872875.881157760,3,0,0.01
1776872876.915217069,0,27,1.23
1776872876.915217069,1,0,0.01
1776872876.915217069,2,0,0.01
1776872876.915217069,3,0,0.01
1776872877.948590973,0,38,1.23
1776872877.948590973,1,0,0.01
1776872877.948590973,2,0,0.01
1776872877.948590973,3,0,0.01
1776872878.982048689,0,38,1.23
1776872878.982048689,1,0,0.01
1776872878.982048689,2,0,0.01
1776872878.982048689,3,0,0.01
1776872880.014601996,0,38,1.23
1776872880.014601996,1,0,0.01
1776872880.014601996,2,0,0.01
1776872880.014601996,3,0,0.01
1776872881.047611567,0,0,1.23
1776872881.047611567,1,0,0.01
1776872881.047611567,2,0,0.01
1776872881.047611567,3,0,0.01
1776872882.081151792,0,0,1.23
1776872882.081151792,1,0,0.01
1776872882.081151792,2,0,0.01
1776872882.081151792,3,0,0.01
1776872883.114576881,0,0,1.23
1776872883.114576881,1,0,0.01
1776872883.114576881,2,0,0.01
1776872883.114576881,3,0,0.01
1776872884.148558057,0,0,1.23
1776872884.148558057,1,0,0.01
1776872884.148558057,2,0,0.01
1776872884.148558057,3,0,0.01
1776872885.182399993,0,0,1.23
1776872885.182399993,1,0,0.01
1776872885.182399993,2,0,0.01
1776872885.182399993,3,0,0.01
1776872886.215743760,0,0,1.23
1776872886.215743760,1,0,0.01
1776872886.215743760,2,0,0.01
1776872886.215743760,3,0,0.01
1776872887.248575986,0,38,1.23
1776872887.248575986,1,0,0.01
1776872887.248575986,2,0,0.01
1776872887.248575986,3,0,0.01
1776872888.279499498,0,36,1.23
1776872888.279499498,1,0,0.01
1776872888.279499498,2,0,0.01
1776872888.279499498,3,0,0.01
1776872889.310887513,0,36,1.23
1776872889.310887513,1,0,0.01
1776872889.310887513,2,0,0.01
1776872889.310887513,3,0,0.01
1776872890.344817407,0,0,1.23
1776872890.344817407,1,0,0.01
1776872890.344817407,2,0,0.01
1776872890.344817407,3,0,0.01
1776872891.377074182,0,0,1.23
1776872891.377074182,1,0,0.01
1776872891.377074182,2,0,0.01
1776872891.377074182,3,0,0.01
1776872892.408577619,0,0,1.23
1776872892.408577619,1,0,0.01
1776872892.408577619,2,0,0.01
1776872892.408577619,3,0,0.01
1776872893.442136601,0,0,1.23
1776872893.442136601,1,0,0.01
1776872893.442136601,2,0,0.01
1776872893.442136601,3,0,0.01
1776872894.473967858,0,0,1.23
1776872894.473967858,1,0,0.01
1776872894.473967858,2,0,0.01
1776872894.473967858,3,0,0.01
1776872895.508082316,0,0,1.23
1776872895.508082316,1,0,0.01
1776872895.508082316,2,0,0.01
1776872895.508082316,3,0,0.01
1776872896.541742104,0,36,1.23
1776872896.541742104,1,0,0.01
1776872896.541742104,2,0,0.01
1776872896.541742104,3,0,0.01
1776872897.575300825,0,38,1.23
1776872897.575300825,1,0,0.01
1776872897.575300825,2,0,0.01
1776872897.575300825,3,0,0.01
1776872898.609948060,0,38,1.23
1776872898.609948060,1,0,0.01
1776872898.609948060,2,0,0.01
1776872898.609948060,3,0,0.01
1776872899.642873408,0,0,1.23
1776872899.642873408,1,0,0.01
1776872899.642873408,2,0,0.01
1776872899.642873408,3,0,0.01
1776872900.676809651,0,0,1.23
1776872900.676809651,1,0,0.01
1776872900.676809651,2,0,0.01
1776872900.676809651,3,0,0.01
1776872901.711639815,0,0,1.23
1776872901.711639815,1,0,0.01
1776872901.711639815,2,0,0.01
1776872901.711639815,3,0,0.01
1776872902.746525741,0,0,1.23
1776872902.746525741,1,0,0.01
1776872902.746525741,2,0,0.01
1776872902.746525741,3,0,0.01
1776872903.781032970,0,37,1.23
1776872903.781032970,1,0,0.01
1776872903.781032970,2,0,0.01
1776872903.781032970,3,0,0.01
1776872904.814612683,0,37,1.23
1776872904.814612683,1,0,0.01
1776872904.814612683,2,0,0.01
1776872904.814612683,3,0,0.01
1776872905.845989698,0,38,1.23
1776872905.845989698,1,0,0.01
1776872905.845989698,2,0,0.01
1776872905.845989698,3,0,0.01
1776872906.877609593,0,0,1.23
1776872906.877609593,1,0,0.01
1776872906.877609593,2,0,0.01
1776872906.877609593,3,0,0.01
1776872907.911024723,0,37,1.23
1776872907.911024723,1,0,0.01
1776872907.911024723,2,0,0.01
1776872907.911024723,3,0,0.01
1776872908.944262201,0,37,1.23
1776872908.944262201,1,0,0.01
1776872908.944262201,2,0,0.01
1776872908.944262201,3,0,0.01
1776872909.975625888,0,37,1.23
1776872909.975625888,1,0,0.01
1776872909.975625888,2,0,0.01
1776872909.975625888,3,0,0.01
1776872911.008800338,0,5,1.23
1776872911.008800338,1,0,0.01
1776872911.008800338,2,0,0.01
1776872911.008800338,3,0,0.01
1776872912.040639591,0,0,1.23
1776872912.040639591,1,0,0.01
1776872912.040639591,2,0,0.01
1776872912.040639591,3,0,0.01
1776872913.074151185,0,0,1.23
1776872913.074151185,1,0,0.01
1776872913.074151185,2,0,0.01
1776872913.074151185,3,0,0.01
1776872914.107337758,0,0,1.23
1776872914.107337758,1,0,0.01
1776872914.107337758,2,0,0.01
1776872914.107337758,3,0,0.01
1776872915.140540866,0,0,1.23
1776872915.140540866,1,0,0.01
1776872915.140540866,2,0,0.01
1776872915.140540866,3,0,0.01
1776872916.174647997,0,0,1.23
1776872916.174647997,1,0,0.01
1776872916.174647997,2,0,0.01
1776872916.174647997,3,0,0.01
1776872917.207526892,0,0,1.23
1776872917.207526892,1,0,0.01
1776872917.207526892,2,0,0.01
1776872917.207526892,3,0,0.01
1776872918.242345696,0,0,1.23
1776872918.242345696,1,0,0.01
1776872918.242345696,2,0,0.01
1776872918.242345696,3,0,0.01
1776872919.276575073,0,0,1.23
1776872919.276575073,1,0,0.01
1776872919.276575073,2,0,0.01
1776872919.276575073,3,0,0.01
1776872920.310457875,0,37,1.23
1776872920.310457875,1,0,0.01
1776872920.310457875,2,0,0.01
1776872920.310457875,3,0,0.01
1776872921.344275504,0,37,1.23
1776872921.344275504,1,0,0.01
1776872921.344275504,2,0,0.01
1776872921.344275504,3,0,0.01
1776872922.375662490,0,38,1.23
1776872922.375662490,1,0,0.01
1776872922.375662490,2,0,0.01
1776872922.375662490,3,0,0.01
1776872923.408567627,0,0,1.23
1776872923.408567627,1,0,0.01
1776872923.408567627,2,0,0.01
1776872923.408567627,3,0,0.01
1776872924.442123899,0,0,1.23
1776872924.442123899,1,0,0.01
1776872924.442123899,2,0,0.01
1776872924.442123899,3,0,0.01
1776872925.474933183,0,0,1.23
1776872925.474933183,1,0,0.01
1776872925.474933183,2,0,0.01
1776872925.474933183,3,0,0.01
1776872926.507289673,0,0,1.23
1776872926.507289673,1,0,0.01
1776872926.507289673,2,0,0.01
1776872926.507289673,3,0,0.01
1776872927.540807368,0,0,1.23
1776872927.540807368,1,0,0.01
1776872927.540807368,2,0,0.01
1776872927.540807368,3,0,0.01
1776872928.572431488,0,27,1.23
1776872928.572431488,1,0,0.01
1776872928.572431488,2,0,0.01
1776872928.572431488,3,0,0.01
1776872929.605257143,0,38,1.23
1776872929.605257143,1,0,0.01
1776872929.605257143,2,0,0.01
1776872929.605257143,3,0,0.01
1776872930.637099559,0,38,1.23
1776872930.637099559,1,0,0.01
1776872930.637099559,2,0,0.01
1776872930.637099559,3,0,0.01
1776872931.670788393,0,38,1.23
1776872931.670788393,1,0,0.01
1776872931.670788393,2,0,0.01
1776872931.670788393,3,0,0.01
1776872932.703824450,0,0,1.23
1776872932.703824450,1,0,0.01
1776872932.703824450,2,0,0.01
1776872932.703824450,3,0,0.01
1776872933.736646060,0,0,1.23
1776872933.736646060,1,0,0.01
1776872933.736646060,2,0,0.01
1776872933.736646060,3,0,0.01
1776872934.770671106,0,0,1.23
1776872934.770671106,1,0,0.01
1776872934.770671106,2,0,0.01
1776872934.770671106,3,0,0.01
1776872935.804613561,0,0,1.23
1776872935.804613561,1,0,0.01
1776872935.804613561,2,0,0.01
1776872935.804613561,3,0,0.01
1776872936.838665696,0,0,1.23
1776872936.838665696,1,0,0.01
1776872936.838665696,2,0,0.01
1776872936.838665696,3,0,0.01
1776872937.871360112,0,0,1.23
1776872937.871360112,1,0,0.01
1776872937.871360112,2,0,0.01
1776872937.871360112,3,0,0.01
1776872938.904585912,0,36,1.23
1776872938.904585912,1,0,0.01
1776872938.904585912,2,0,0.01
1776872938.904585912,3,0,0.01
1776872939.938304431,0,36,1.23
1776872939.938304431,1,0,0.01
1776872939.938304431,2,0,0.01
1776872939.938304431,3,0,0.01
1776872940.971675986,0,36,1.23
1776872940.971675986,1,0,0.01
1776872940.971675986,2,0,0.01
1776872940.971675986,3,0,0.01
1776872942.005262900,0,0,1.23
1776872942.005262900,1,0,0.01
1776872942.005262900,2,0,0.01
1776872942.005262900,3,0,0.01
1776872943.038649470,0,0,1.23
1776872943.038649470,1,0,0.01
1776872943.038649470,2,0,0.01
1776872943.038649470,3,0,0.01
1776872944.072314950,0,0,1.23
1776872944.072314950,1,0,0.01
1776872944.072314950,2,0,0.01
1776872944.072314950,3,0,0.01
1776872945.105601324,0,0,1.23
1776872945.105601324,1,0,0.01
1776872945.105601324,2,0,0.01
1776872945.105601324,3,0,0.01
1776872946.139541933,0,0,1.23
1776872946.139541933,1,0,0.01
1776872946.139541933,2,0,0.01
1776872946.139541933,3,0,0.01
1776872947.172869959,0,0,1.23
1776872947.172869959,1,0,0.01
1776872947.172869959,2,0,0.01
1776872947.172869959,3,0,0.01
1776872948.206735283,0,38,1.23
1776872948.206735283,1,0,0.01
1776872948.206735283,2,0,0.01
1776872948.206735283,3,0,0.01
1776872949.239844948,0,38,1.23
1776872949.239844948,1,0,0.01
1776872949.239844948,2,0,0.01
1776872949.239844948,3,0,0.01
1776872950.273052715,0,38,1.23
1776872950.273052715,1,0,0.01
1776872950.273052715,2,0,0.01
1776872950.273052715,3,0,0.01
1776872951.306525567,0,0,1.23
1776872951.306525567,1,0,0.01
1776872951.306525567,2,0,0.01
1776872951.306525567,3,0,0.01
1776872952.340344343,0,0,1.23
1776872952.340344343,1,0,0.01
1776872952.340344343,2,0,0.01
1776872952.340344343,3,0,0.01
1776872953.373485442,0,38,1.23
1776872953.373485442,1,0,0.01
1776872953.373485442,2,0,0.01
1776872953.373485442,3,0,0.01
1776872954.406544774,0,38,1.23
1776872954.406544774,1,0,0.01
1776872954.406544774,2,0,0.01
1776872954.406544774,3,0,0.01
1776872955.439356321,0,38,1.23
1776872955.439356321,1,0,0.01
1776872955.439356321,2,0,0.01
1776872955.439356321,3,0,0.01
1776872956.473693657,0,14,1.23
1776872956.473693657,1,0,0.01
1776872956.473693657,2,0,0.01
1776872956.473693657,3,0,0.01
1776872957.506387557,0,0,1.23
1776872957.506387557,1,0,0.01
1776872957.506387557,2,0,0.01
1776872957.506387557,3,0,0.01
1776872958.539854750,0,0,1.23
1776872958.539854750,1,0,0.01
1776872958.539854750,2,0,0.01
1776872958.539854750,3,0,0.01
1776872959.572855364,0,0,1.23
1776872959.572855364,1,0,0.01
1776872959.572855364,2,0,0.01
1776872959.572855364,3,0,0.01
1776872960.605823904,0,36,1.23
1776872960.605823904,1,0,0.01
1776872960.605823904,2,0,0.01
1776872960.605823904,3,0,0.01
1776872961.640870670,0,36,1.23
1776872961.640870670,1,0,0.01
1776872961.640870670,2,0,0.01
1776872961.640870670,3,0,0.01
1776872962.674785601,0,36,1.23
1776872962.674785601,1,0,0.01
1776872962.674785601,2,0,0.01
1776872962.674785601,3,0,0.01
1776872963.708835124,0,0,1.23
1776872963.708835124,1,0,0.01
1776872963.708835124,2,0,0.01
1776872963.708835124,3,0,0.01
1776872964.741809779,0,0,1.23
1776872964.741809779,1,0,0.01
1776872964.741809779,2,0,0.01
1776872964.741809779,3,0,0.01
1776872965.775259283,0,0,1.23
1776872965.775259283,1,0,0.01
1776872965.775259283,2,0,0.01
1776872965.775259283,3,0,0.01
1776872966.807380133,0,0,1.23
1776872966.807380133,1,0,0.01
1776872966.807380133,2,0,0.01
1776872966.807380133,3,0,0.01
1776872967.842514385,0,0,1.23
1776872967.842514385,1,0,0.01
1776872967.842514385,2,0,0.01
1776872967.842514385,3,0,0.01
1776872968.875900046,0,0,1.23
1776872968.875900046,1,0,0.01
1776872968.875900046,2,0,0.01
1776872968.875900046,3,0,0.01
1776872969.908989337,0,8,1.23
1776872969.908989337,1,0,0.01
1776872969.908989337,2,0,0.01
1776872969.908989337,3,0,0.01
1776872970.941921968,0,37,1.23
1776872970.941921968,1,0,0.01
1776872970.941921968,2,0,0.01
1776872970.941921968,3,0,0.01
1776872971.973852309,0,38,1.23
1776872971.973852309,1,0,0.01
1776872971.973852309,2,0,0.01
1776872971.973852309,3,0,0.01
1776872973.006047234,0,38,1.23
1776872973.006047234,1,0,0.01
1776872973.006047234,2,0,0.01
1776872973.006047234,3,0,0.01
1776872974.038999628,0,0,1.23
1776872974.038999628,1,0,0.01
1776872974.038999628,2,0,0.01
1776872974.038999628,3,0,0.01
1776872975.071788939,0,0,1.23
1776872975.071788939,1,0,0.01
1776872975.071788939,2,0,0.01
1776872975.071788939,3,0,0.01
1776872976.103452976,0,0,1.23
1776872976.103452976,1,0,0.01
1776872976.103452976,2,0,0.01
1776872976.103452976,3,0,0.01
1776872977.134883177,0,0,1.23
1776872977.134883177,1,0,0.01
1776872977.134883177,2,0,0.01
1776872977.134883177,3,0,0.01
1776872978.169601774,0,0,1.23
1776872978.169601774,1,0,0.01
1776872978.169601774,2,0,0.01
1776872978.169601774,3,0,0.01
1776872979.206216976,0,0,1.23
1776872979.206216976,1,0,0.01
1776872979.206216976,2,0,0.01
1776872979.206216976,3,0,0.01
1776872980.240481038,0,9,1.23
1776872980.240481038,1,0,0.01
1776872980.240481038,2,0,0.01
1776872980.240481038,3,0,0.01
1776872981.272859411,0,38,1.23
1776872981.272859411,1,0,0.01
1776872981.272859411,2,0,0.01
1776872981.272859411,3,0,0.01
1776872982.305638485,0,36,1.23
1776872982.305638485,1,0,0.01
1776872982.305638485,2,0,0.01
1776872982.305638485,3,0,0.01
1776872983.339026426,0,17,1.23
1776872983.339026426,1,0,0.01
1776872983.339026426,2,0,0.01
1776872983.339026426,3,0,0.01
1776872984.372996243,0,0,1.23
1776872984.372996243,1,0,0.01
1776872984.372996243,2,0,0.01
1776872984.372996243,3,0,0.01
1776872985.404718165,0,0,1.23
1776872985.404718165,1,0,0.01
1776872985.404718165,2,0,0.01
1776872985.404718165,3,0,0.01
1776872986.438511502,0,0,1.23
1776872986.438511502,1,0,0.01
1776872986.438511502,2,0,0.01
1776872986.438511502,3,0,0.01
1776872987.470589896,0,36,1.23
1776872987.470589896,1,0,0.01
1776872987.470589896,2,0,0.01
1776872987.470589896,3,0,0.01
1776872988.504456299,0,36,1.23
1776872988.504456299,1,0,0.01
1776872988.504456299,2,0,0.01
1776872988.504456299,3,0,0.01
1776872989.536719052,0,36,1.23
1776872989.536719052,1,0,0.01
1776872989.536719052,2,0,0.01
1776872989.536719052,3,0,0.01
1776872990.569787054,0,36,1.23
1776872990.569787054,1,0,0.01
1776872990.569787054,2,0,0.01
1776872990.569787054,3,0,0.01
1776872991.602096140,0,0,1.23
1776872991.602096140,1,0,0.01
1776872991.602096140,2,0,0.01
1776872991.602096140,3,0,0.01
1776872992.634673528,0,0,1.23
1776872992.634673528,1,0,0.01
1776872992.634673528,2,0,0.01
1776872992.634673528,3,0,0.01
1776872993.668619303,0,0,1.23
1776872993.668619303,1,0,0.01
1776872993.668619303,2,0,0.01
1776872993.668619303,3,0,0.01
1776872994.701563036,0,0,1.23
1776872994.701563036,1,0,0.01
1776872994.701563036,2,0,0.01
1776872994.701563036,3,0,0.01
1776872995.733478134,0,0,1.23
1776872995.733478134,1,0,0.01
1776872995.733478134,2,0,0.01
1776872995.733478134,3,0,0.01
1776872996.765996425,0,38,1.23
1776872996.765996425,1,0,0.01
1776872996.765996425,2,0,0.01
1776872996.765996425,3,0,0.01
1776872997.799181525,0,37,1.23
1776872997.799181525,1,0,0.01
1776872997.799181525,2,0,0.01
1776872997.799181525,3,0,0.01
1776872998.832575050,0,38,1.23
1776872998.832575050,1,0,0.01
1776872998.832575050,2,0,0.01
1776872998.832575050,3,0,0.01
1776872999.866147900,0,0,1.23
1776872999.866147900,1,0,0.01
1776872999.866147900,2,0,0.01
1776872999.866147900,3,0,0.01
1776873000.900022665,0,0,1.23
1776873000.900022665,1,0,0.01
1776873000.900022665,2,0,0.01
1776873000.900022665,3,0,0.01
1776873001.933635888,0,0,1.23
1776873001.933635888,1,0,0.01
1776873001.933635888,2,0,0.01
1776873001.933635888,3,0,0.01
1776873002.966560674,0,0,1.23
1776873002.966560674,1,0,0.01
1776873002.966560674,2,0,0.01
1776873002.966560674,3,0,0.01
1776873004.000075774,0,0,1.23
1776873004.000075774,1,0,0.01
1776873004.000075774,2,0,0.01
1776873004.000075774,3,0,0.01
1776873005.033543054,0,36,1.23
1776873005.033543054,1,0,0.01
1776873005.033543054,2,0,0.01
1776873005.033543054,3,0,0.01
1776873006.068437289,0,36,1.23
1776873006.068437289,1,0,0.01
1776873006.068437289,2,0,0.01
1776873006.068437289,3,0,0.01
1776873007.100713737,0,36,1.23
1776873007.100713737,1,0,0.01
1776873007.100713737,2,0,0.01
1776873007.100713737,3,0,0.01
1776873008.134603770,0,36,1.23
1776873008.134603770,1,0,0.01
1776873008.134603770,2,0,0.01
1776873008.134603770,3,0,0.01
1776873009.166401359,0,0,1.23
1776873009.166401359,1,0,0.01
1776873009.166401359,2,0,0.01
1776873009.166401359,3,0,0.01
1776873010.198189795,0,0,1.23
1776873010.198189795,1,0,0.01
1776873010.198189795,2,0,0.01
1776873010.198189795,3,0,0.01
1776873011.231461857,0,0,1.23
1776873011.231461857,1,0,0.01
1776873011.231461857,2,0,0.01
1776873011.231461857,3,0,0.01
1776873012.265541676,0,0,1.23
1776873012.265541676,1,0,0.01
1776873012.265541676,2,0,0.01
1776873012.265541676,3,0,0.01
1776873013.299710214,0,37,1.23
1776873013.299710214,1,0,0.01
1776873013.299710214,2,0,0.01
1776873013.299710214,3,0,0.01
1776873014.333587735,0,38,1.23
1776873014.333587735,1,0,0.01
1776873014.333587735,2,0,0.01
1776873014.333587735,3,0,0.01
1776873015.366689834,0,37,1.23
1776873015.366689834,1,0,0.01
1776873015.366689834,2,0,0.01
1776873015.366689834,3,0,0.01
1776873016.400001718,0,0,1.23
1776873016.400001718,1,0,0.01
1776873016.400001718,2,0,0.01
1776873016.400001718,3,0,0.01
1776873017.433641282,0,0,1.23
1776873017.433641282,1,0,0.01
1776873017.433641282,2,0,0.01
1776873017.433641282,3,0,0.01
1776873018.467383042,0,0,1.23
1776873018.467383042,1,0,0.01
1776873018.467383042,2,0,0.01
1776873018.467383042,3,0,0.01
1776873019.501540034,0,38,1.23
1776873019.501540034,1,0,0.01
1776873019.501540034,2,0,0.01
1776873019.501540034,3,0,0.01
1776873020.534706238,0,38,1.23
1776873020.534706238,1,0,0.01
1776873020.534706238,2,0,0.01
1776873020.534706238,3,0,0.01
1776873021.565940972,0,38,1.23
1776873021.565940972,1,0,0.01
1776873021.565940972,2,0,0.01
1776873021.565940972,3,0,0.01
1776873022.599116073,0,0,1.23
1776873022.599116073,1,0,0.01
1776873022.599116073,2,0,0.01
1776873022.599116073,3,0,0.01
1776873023.632509794,0,0,1.23
1776873023.632509794,1,0,0.01
1776873023.632509794,2,0,0.01
1776873023.632509794,3,0,0.01
1776873024.666134529,0,0,1.23
1776873024.666134529,1,0,0.01
1776873024.666134529,2,0,0.01
1776873024.666134529,3,0,0.01
1776873025.699892421,0,0,1.23
1776873025.699892421,1,0,0.01
1776873025.699892421,2,0,0.01
1776873025.699892421,3,0,0.01
1776873026.733173925,0,0,1.23
1776873026.733173925,1,0,0.01
1776873026.733173925,2,0,0.01
1776873026.733173925,3,0,0.01
1776873027.767042779,0,0,1.23
1776873027.767042779,1,0,0.01
1776873027.767042779,2,0,0.01
1776873027.767042779,3,0,0.01
1776873028.800639955,0,0,1.23
1776873028.800639955,1,0,0.01
1776873028.800639955,2,0,0.01
1776873028.800639955,3,0,0.01
1776873029.831937316,0,0,1.23
1776873029.831937316,1,0,0.01
1776873029.831937316,2,0,0.01
1776873029.831937316,3,0,0.01
1776873030.864597151,0,0,1.23
1776873030.864597151,1,0,0.01
1776873030.864597151,2,0,0.01
1776873030.864597151,3,0,0.01
1776873031.896248188,0,0,1.23
1776873031.896248188,1,0,0.01
1776873031.896248188,2,0,0.01
1776873031.896248188,3,0,0.01
1776873032.928574488,0,0,1.23
1776873032.928574488,1,0,0.01
1776873032.928574488,2,0,0.01
1776873032.928574488,3,0,0.01
1776873033.962897831,0,0,1.23
1776873033.962897831,1,0,0.01
1776873033.962897831,2,0,0.01
1776873033.962897831,3,0,0.01
1776873034.996819774,0,0,1.23
1776873034.996819774,1,0,0.01
1776873034.996819774,2,0,0.01
1776873034.996819774,3,0,0.01
1776873036.030408143,0,0,1.23
1776873036.030408143,1,0,0.01
1776873036.030408143,2,0,0.01
1776873036.030408143,3,0,0.01
1776873037.064282741,0,0,1.23
1776873037.064282741,1,0,0.01
1776873037.064282741,2,0,0.01
1776873037.064282741,3,0,0.01
1776873038.098501490,0,37,1.23
1776873038.098501490,1,0,0.01
1776873038.098501490,2,0,0.01
1776873038.098501490,3,0,0.01
1776873039.131526460,0,37,1.23
1776873039.131526460,1,0,0.01
1776873039.131526460,2,0,0.01
1776873039.131526460,3,0,0.01
1776873040.163591352,0,37,1.23
1776873040.163591352,1,0,0.01
1776873040.163591352,2,0,0.01
1776873040.163591352,3,0,0.01
1776873041.197231996,0,0,1.23
1776873041.197231996,1,0,0.01
1776873041.197231996,2,0,0.01
1776873041.197231996,3,0,0.01
1776873042.231102806,0,0,1.23
1776873042.231102806,1,0,0.01
1776873042.231102806,2,0,0.01
1776873042.231102806,3,0,0.01
1776873043.264907873,0,0,1.23
1776873043.264907873,1,0,0.01
1776873043.264907873,2,0,0.01
1776873043.264907873,3,0,0.01
1776873044.298588125,0,0,1.23
1776873044.298588125,1,0,0.01
1776873044.298588125,2,0,0.01
1776873044.298588125,3,0,0.01
1776873045.331651227,0,0,1.23
1776873045.331651227,1,0,0.01
1776873045.331651227,2,0,0.01
1776873045.331651227,3,0,0.01
1776873046.365478459,0,0,1.23
1776873046.365478459,1,0,0.01
1776873046.365478459,2,0,0.01
1776873046.365478459,3,0,0.01
1776873047.398819038,0,36,1.23
1776873047.398819038,1,0,0.01
1776873047.398819038,2,0,0.01
1776873047.398819038,3,0,0.01
1776873048.432666593,0,36,1.23
1776873048.432666593,1,0,0.01
1776873048.432666593,2,0,0.01
1776873048.432666593,3,0,0.01
1776873049.464714241,0,36,1.23
1776873049.464714241,1,0,0.01
1776873049.464714241,2,0,0.01
1776873049.464714241,3,0,0.01
1776873050.498098364,0,4,1.23
1776873050.498098364,1,0,0.01
1776873050.498098364,2,0,0.01
1776873050.498098364,3,0,0.01
1776873051.531660035,0,0,1.23
1776873051.531660035,1,0,0.01
1776873051.531660035,2,0,0.01
1776873051.531660035,3,0,0.01
1776873052.566292781,0,0,1.23
1776873052.566292781,1,0,0.01
1776873052.566292781,2,0,0.01
1776873052.566292781,3,0,0.01
1776873053.598663822,0,0,1.23
1776873053.598663822,1,0,0.01
1776873053.598663822,2,0,0.01
1776873053.598663822,3,0,0.01
1776873054.631564865,0,0,1.23
1776873054.631564865,1,0,0.01
1776873054.631564865,2,0,0.01
1776873054.631564865,3,0,0.01
1776873055.664657993,0,0,1.23
1776873055.664657993,1,0,0.01
1776873055.664657993,2,0,0.01
1776873055.664657993,3,0,0.01
1776873056.697308247,0,0,1.23
1776873056.697308247,1,0,0.01
1776873056.697308247,2,0,0.01
1776873056.697308247,3,0,0.01
1776873057.729261489,0,38,1.23
1776873057.729261489,1,0,0.01
1776873057.729261489,2,0,0.01
1776873057.729261489,3,0,0.01
1776873058.763274830,0,38,1.23
1776873058.763274830,1,0,0.01
1776873058.763274830,2,0,0.01
1776873058.763274830,3,0,0.01
1776873059.797414311,0,38,1.23
1776873059.797414311,1,0,0.01
1776873059.797414311,2,0,0.01
1776873059.797414311,3,0,0.01
1776873060.831947750,0,38,1.23
1776873060.831947750,1,0,0.01
1776873060.831947750,2,0,0.01
1776873060.831947750,3,0,0.01
1776873061.865065836,0,0,1.23
1776873061.865065836,1,0,0.01
1776873061.865065836,2,0,0.01
1776873061.865065836,3,0,0.01
1776873062.899645684,0,0,1.23
1776873062.899645684,1,0,0.01
1776873062.899645684,2,0,0.01
1776873062.899645684,3,0,0.01
1776873063.933676047,0,0,1.23
1776873063.933676047,1,0,0.01
1776873063.933676047,2,0,0.01
1776873063.933676047,3,0,0.01
1776873064.967554650,0,0,1.23
1776873064.967554650,1,0,0.01
1776873064.967554650,2,0,0.01
1776873064.967554650,3,0,0.01
1776873066.000663614,0,0,1.23
1776873066.000663614,1,0,0.01
1776873066.000663614,2,0,0.01
1776873066.000663614,3,0,0.01
1776873067.035806254,0,0,1.23
1776873067.035806254,1,0,0.01
1776873067.035806254,2,0,0.01
1776873067.035806254,3,0,0.01
1776873068.068192718,0,0,1.23
1776873068.068192718,1,0,0.01
1776873068.068192718,2,0,0.01
1776873068.068192718,3,0,0.01
1776873069.101800980,0,0,1.23
1776873069.101800980,1,0,0.01
1776873069.101800980,2,0,0.01
1776873069.101800980,3,0,0.01
1776873070.136727413,0,0,1.23
1776873070.136727413,1,0,0.01
1776873070.136727413,2,0,0.01
1776873070.136727413,3,0,0.01
1776873071.170514136,0,0,1.23
1776873071.170514136,1,0,0.01
1776873071.170514136,2,0,0.01
1776873071.170514136,3,0,0.01
1776873072.205639852,0,0,1.23
1776873072.205639852,1,0,0.01
1776873072.205639852,2,0,0.01
1776873072.205639852,3,0,0.01
1776873073.239883726,0,6,1.23
1776873073.239883726,1,0,0.01
1776873073.239883726,2,0,0.01
1776873073.239883726,3,0,0.01
1776873074.274858550,0,36,1.23
1776873074.274858550,1,0,0.01
1776873074.274858550,2,0,0.01
1776873074.274858550,3,0,0.01
1776873075.308583062,0,36,1.23
1776873075.308583062,1,0,0.01
1776873075.308583062,2,0,0.01
1776873075.308583062,3,0,0.01
1776873076.342903239,0,36,1.23
1776873076.342903239,1,0,0.01
1776873076.342903239,2,0,0.01
1776873076.342903239,3,0,0.01
1776873077.374814073,0,0,1.23
1776873077.374814073,1,0,0.01
1776873077.374814073,2,0,0.01
1776873077.374814073,3,0,0.01
1776873078.408264908,0,0,1.23
1776873078.408264908,1,0,0.01
1776873078.408264908,2,0,0.01
1776873078.408264908,3,0,0.01
1776873079.440923172,0,17,1.23
1776873079.440923172,1,0,0.01
1776873079.440923172,2,0,0.01
1776873079.440923172,3,0,0.01
1776873080.474382730,0,38,1.23
1776873080.474382730,1,0,0.01
1776873080.474382730,2,0,0.01
1776873080.474382730,3,0,0.01
1776873081.507769815,0,38,1.23
1776873081.507769815,1,0,0.01
1776873081.507769815,2,0,0.01
1776873081.507769815,3,0,0.01
1776873082.541156636,0,38,1.23
1776873082.541156636,1,0,0.01
1776873082.541156636,2,0,0.01
1776873082.541156636,3,0,0.01
1776873083.573457651,0,0,1.23
1776873083.573457651,1,0,0.01
1776873083.573457651,2,0,0.01
1776873083.573457651,3,0,0.01
1776873084.607205861,0,0,1.23
1776873084.607205861,1,0,0.01
1776873084.607205861,2,0,0.01
1776873084.607205861,3,0,0.01
1776873085.641815935,0,8,1.23
1776873085.641815935,1,0,0.01
1776873085.641815935,2,0,0.01
1776873085.641815935,3,0,0.01
1776873086.675385302,0,38,1.23
1776873086.675385302,1,0,0.01
1776873086.675385302,2,0,0.01
1776873086.675385302,3,0,0.01
1776873087.709346078,0,38,1.23
1776873087.709346078,1,0,0.01
1776873087.709346078,2,0,0.01
1776873087.709346078,3,0,0.01
1776873088.742171811,0,38,1.23
1776873088.742171811,1,0,0.01
1776873088.742171811,2,0,0.01
1776873088.742171811,3,0,0.01
1776873089.775724266,0,0,1.23
1776873089.775724266,1,0,0.01
1776873089.775724266,2,0,0.01
1776873089.775724266,3,0,0.01
1776873090.808950784,0,0,1.23
1776873090.808950784,1,0,0.01
1776873090.808950784,2,0,0.01
1776873090.808950784,3,0,0.01
1776873091.842130427,0,0,1.23
1776873091.842130427,1,0,0.01
1776873091.842130427,2,0,0.01
1776873091.842130427,3,0,0.01
1776873092.874869768,0,0,1.23
1776873092.874869768,1,0,0.01
1776873092.874869768,2,0,0.01
1776873092.874869768,3,0,0.01
1776873093.909514403,0,0,1.23
1776873093.909514403,1,0,0.01
1776873093.909514403,2,0,0.01
1776873093.909514403,3,0,0.01
1776873094.943584261,0,0,1.23
1776873094.943584261,1,0,0.01
1776873094.943584261,2,0,0.01
1776873094.943584261,3,0,0.01
1776873095.977118235,0,0,1.23
1776873095.977118235,1,0,0.01
1776873095.977118235,2,0,0.01
1776873095.977118235,3,0,0.01
1776873097.011441670,0,0,1.23
1776873097.011441670,1,0,0.01
1776873097.011441670,2,0,0.01
1776873097.011441670,3,0,0.01
1776873098.045266251,0,0,1.23
1776873098.045266251,1,0,0.01
1776873098.045266251,2,0,0.01
1776873098.045266251,3,0,0.01
1776873099.079018878,0,0,1.23
1776873099.079018878,1,0,0.01
1776873099.079018878,2,0,0.01
1776873099.079018878,3,0,0.01
1776873100.113512580,0,0,1.23
1776873100.113512580,1,0,0.01
1776873100.113512580,2,0,0.01
1776873100.113512580,3,0,0.01
1776873101.147265070,0,38,1.23
1776873101.147265070,1,0,0.01
1776873101.147265070,2,0,0.01
1776873101.147265070,3,0,0.01
1776873102.179565789,0,38,1.23
1776873102.179565789,1,0,0.01
1776873102.179565789,2,0,0.01
1776873102.179565789,3,0,0.01
1776873103.212998820,0,38,1.23
1776873103.212998820,1,0,0.01
1776873103.212998820,2,0,0.01
1776873103.212998820,3,0,0.01
1776873104.247183944,0,0,1.23
1776873104.247183944,1,0,0.01
1776873104.247183944,2,0,0.01
1776873104.247183944,3,0,0.01
1776873105.280894407,0,0,1.23
1776873105.280894407,1,0,0.01
1776873105.280894407,2,0,0.01
1776873105.280894407,3,0,0.01
1776873106.314427740,0,0,1.23
1776873106.314427740,1,0,0.01
1776873106.314427740,2,0,0.01
1776873106.314427740,3,0,0.01
1776873107.348404047,0,0,1.23
1776873107.348404047,1,0,0.01
1776873107.348404047,2,0,0.01
1776873107.348404047,3,0,0.01
1776873108.382515563,0,0,1.23
1776873108.382515563,1,0,0.01
1776873108.382515563,2,0,0.01
1776873108.382515563,3,0,0.01
1776873109.416050775,0,0,1.23
1776873109.416050775,1,0,0.01
1776873109.416050775,2,0,0.01
1776873109.416050775,3,0,0.01
1776873110.449714199,0,37,1.23
1776873110.449714199,1,0,0.01
1776873110.449714199,2,0,0.01
1776873110.449714199,3,0,0.01
1776873111.483073257,0,37,1.23
1776873111.483073257,1,0,0.01
1776873111.483073257,2,0,0.01
1776873111.483073257,3,0,0.01
1776873112.515162412,0,38,1.23
1776873112.515162412,1,0,0.01
1776873112.515162412,2,0,0.01
1776873112.515162412,3,0,0.01
1776873113.549129972,0,0,1.23
1776873113.549129972,1,0,0.01
1776873113.549129972,2,0,0.01
1776873113.549129972,3,0,0.01
1776873114.582993347,0,0,1.23
1776873114.582993347,1,0,0.01
1776873114.582993347,2,0,0.01
1776873114.582993347,3,0,0.01
1776873115.616962914,0,0,1.23
1776873115.616962914,1,0,0.01
1776873115.616962914,2,0,0.01
1776873115.616962914,3,0,0.01
1776873116.650451236,0,0,1.23
1776873116.650451236,1,0,0.01
1776873116.650451236,2,0,0.01
1776873116.650451236,3,0,0.01
1776873117.683728649,0,0,1.23
1776873117.683728649,1,0,0.01
1776873117.683728649,2,0,0.01
1776873117.683728649,3,0,0.01
1776873118.717690597,0,0,1.23
1776873118.717690597,1,0,0.01
1776873118.717690597,2,0,0.01
1776873118.717690597,3,0,0.01
1776873119.751423293,0,36,1.23
1776873119.751423293,1,0,0.01
1776873119.751423293,2,0,0.01
1776873119.751423293,3,0,0.01
1776873120.784742632,0,36,1.23
1776873120.784742632,1,0,0.01
1776873120.784742632,2,0,0.01
1776873120.784742632,3,0,0.01
1776873121.817982557,0,36,1.23
1776873121.817982557,1,0,0.01
1776873121.817982557,2,0,0.01
1776873121.817982557,3,0,0.01
1776873122.851992407,0,36,1.23
1776873122.851992407,1,0,0.01
1776873122.851992407,2,0,0.01
1776873122.851992407,3,0,0.01
1776873123.884482538,0,0,1.23
1776873123.884482538,1,0,0.01
1776873123.884482538,2,0,0.01
1776873123.884482538,3,0,0.01
1776873124.918201944,0,0,1.23
1776873124.918201944,1,0,0.01
1776873124.918201944,2,0,0.01
1776873124.918201944,3,0,0.01
1776873125.952658854,0,0,1.23
1776873125.952658854,1,0,0.01
1776873125.952658854,2,0,0.01
1776873125.952658854,3,0,0.01
1776873126.986803512,0,0,1.23
1776873126.986803512,1,0,0.01
1776873126.986803512,2,0,0.01
1776873126.986803512,3,0,0.01
1776873128.020032064,0,0,1.23
1776873128.020032064,1,0,0.01
1776873128.020032064,2,0,0.01
1776873128.020032064,3,0,0.01
1776873129.054544740,0,38,1.23
1776873129.054544740,1,0,0.01
1776873129.054544740,2,0,0.01
1776873129.054544740,3,0,0.01
1776873130.087604850,0,38,1.23
1776873130.087604850,1,0,0.01
1776873130.087604850,2,0,0.01
1776873130.087604850,3,0,0.01
1776873131.121215987,0,38,1.23
1776873131.121215987,1,0,0.01
1776873131.121215987,2,0,0.01
1776873131.121215987,3,0,0.01
1776873132.152473585,0,0,1.23
1776873132.152473585,1,0,0.01
1776873132.152473585,2,0,0.01
1776873132.152473585,3,0,0.01
1776873133.185532414,0,0,1.23
1776873133.185532414,1,0,0.01
1776873133.185532414,2,0,0.01
1776873133.185532414,3,0,0.01
1776873134.219826842,0,0,1.23
1776873134.219826842,1,0,0.01
1776873134.219826842,2,0,0.01
1776873134.219826842,3,0,0.01
1776873135.252882703,0,0,1.23
1776873135.252882703,1,0,0.01
1776873135.252882703,2,0,0.01
1776873135.252882703,3,0,0.01
1776873136.286227350,0,37,1.23
1776873136.286227350,1,0,0.01
1776873136.286227350,2,0,0.01
1776873136.286227350,3,0,0.01
1776873137.320513981,0,38,1.23
1776873137.320513981,1,0,0.01
1776873137.320513981,2,0,0.01
1776873137.320513981,3,0,0.01
1776873138.353902697,0,38,1.23
1776873138.353902697,1,0,0.01
1776873138.353902697,2,0,0.01
1776873138.353902697,3,0,0.01
1776873139.386986618,0,0,1.23
1776873139.386986618,1,0,0.01
1776873139.386986618,2,0,0.01
1776873139.386986618,3,0,0.01
1776873140.420810169,0,0,1.23
1776873140.420810169,1,0,0.01
1776873140.420810169,2,0,0.01
1776873140.420810169,3,0,0.01
1776873141.454642247,0,0,1.23
1776873141.454642247,1,0,0.01
1776873141.454642247,2,0,0.01
1776873141.454642247,3,0,0.01
1776873142.487818723,0,0,1.23
1776873142.487818723,1,0,0.01
1776873142.487818723,2,0,0.01
1776873142.487818723,3,0,0.01
1776873143.520930438,0,0,1.23
1776873143.520930438,1,0,0.01
1776873143.520930438,2,0,0.01
1776873143.520930438,3,0,0.01
1776873144.554442214,0,27,1.23
1776873144.554442214,1,0,0.01
1776873144.554442214,2,0,0.01
1776873144.554442214,3,0,0.01
1776873145.587589522,0,36,1.23
1776873145.587589522,1,0,0.01
1776873145.587589522,2,0,0.01
1776873145.587589522,3,0,0.01
1776873146.620521949,0,36,1.23
1776873146.620521949,1,0,0.01
1776873146.620521949,2,0,0.01
1776873146.620521949,3,0,0.01
1776873147.652588792,0,36,1.23
1776873147.652588792,1,0,0.01
1776873147.652588792,2,0,0.01
1776873147.652588792,3,0,0.01
1776873148.684339863,0,0,1.23
1776873148.684339863,1,0,0.01
1776873148.684339863,2,0,0.01
1776873148.684339863,3,0,0.01
1776873149.717494670,0,0,1.23
1776873149.717494670,1,0,0.01
1776873149.717494670,2,0,0.01
1776873149.717494670,3,0,0.01
1776873150.752088945,0,0,1.23
1776873150.752088945,1,0,0.01
1776873150.752088945,2,0,0.01
1776873150.752088945,3,0,0.01
1776873151.786210988,0,37,1.23
1776873151.786210988,1,0,0.01
1776873151.786210988,2,0,0.01
1776873151.786210988,3,0,0.01
1776873152.819836429,0,37,1.23
1776873152.819836429,1,0,0.01
1776873152.819836429,2,0,0.01
1776873152.819836429,3,0,0.01
1776873153.852992831,0,38,1.23
1776873153.852992831,1,0,0.01
1776873153.852992831,2,0,0.01
1776873153.852992831,3,0,0.01
1776873154.886716937,0,37,1.23
1776873154.886716937,1,0,0.01
1776873154.886716937,2,0,0.01
1776873154.886716937,3,0,0.01
1776873155.920935770,0,0,1.23
1776873155.920935770,1,0,0.01
1776873155.920935770,2,0,0.01
1776873155.920935770,3,0,0.01
1776873156.952348868,0,0,1.23
1776873156.952348868,1,0,0.01
1776873156.952348868,2,0,0.01
1776873156.952348868,3,0,0.01
1776873157.986458807,0,0,1.23
1776873157.986458807,1,0,0.01
1776873157.986458807,2,0,0.01
1776873157.986458807,3,0,0.01
1776873159.019568224,0,0,1.23
1776873159.019568224,1,0,0.01
1776873159.019568224,2,0,0.01
1776873159.019568224,3,0,0.01
1776873160.053300617,0,38,1.23
1776873160.053300617,1,0,0.01
1776873160.053300617,2,0,0.01
1776873160.053300617,3,0,0.01
1776873161.085462979,0,38,1.23
1776873161.085462979,1,0,0.01
1776873161.085462979,2,0,0.01
1776873161.085462979,3,0,0.01
1776873162.119268899,0,37,1.23
1776873162.119268899,1,0,0.01
1776873162.119268899,2,0,0.01
1776873162.119268899,3,0,0.01
1776873163.152790917,0,36,1.23
1776873163.152790917,1,0,0.01
1776873163.152790917,2,0,0.01
1776873163.152790917,3,0,0.01
1776873164.185512027,0,0,1.23
1776873164.185512027,1,0,0.01
1776873164.185512027,2,0,0.01
1776873164.185512027,3,0,0.01
1776873165.217362937,0,0,1.23
1776873165.217362937,1,0,0.01
1776873165.217362937,2,0,0.01
1776873165.217362937,3,0,0.01
1776873166.251300443,0,0,1.23
1776873166.251300443,1,0,0.01
1776873166.251300443,2,0,0.01
1776873166.251300443,3,0,0.01
1776873167.284568701,0,0,1.23
1776873167.284568701,1,0,0.01
1776873167.284568701,2,0,0.01
1776873167.284568701,3,0,0.01
1776873168.318670701,0,0,1.23
1776873168.318670701,1,0,0.01
1776873168.318670701,2,0,0.01
1776873168.318670701,3,0,0.01
1776873169.352609044,0,0,1.23
1776873169.352609044,1,0,0.01
1776873169.352609044,2,0,0.01
1776873169.352609044,3,0,0.01
1776873170.386197000,0,0,1.23
1776873170.386197000,1,0,0.01
1776873170.386197000,2,0,0.01
1776873170.386197000,3,0,0.01
1776873171.419250574,0,36,1.23
1776873171.419250574,1,0,0.01
1776873171.419250574,2,0,0.01
1776873171.419250574,3,0,0.01
1776873172.453046333,0,38,1.23
1776873172.453046333,1,0,0.01
1776873172.453046333,2,0,0.01
1776873172.453046333,3,0,0.01
1776873173.486183775,0,38,1.23
1776873173.486183775,1,0,0.01
1776873173.486183775,2,0,0.01
1776873173.486183775,3,0,0.01
1776873174.519815178,0,12,1.23
1776873174.519815178,1,0,0.01
1776873174.519815178,2,0,0.01
1776873174.519815178,3,0,0.01
1776873175.551628915,0,0,1.23
1776873175.551628915,1,0,0.01
1776873175.551628915,2,0,0.01
1776873175.551628915,3,0,0.01
1776873176.585347947,0,0,1.23
1776873176.585347947,1,0,0.01
1776873176.585347947,2,0,0.01
1776873176.585347947,3,0,0.01
1776873177.618956199,0,0,1.23
1776873177.618956199,1,0,0.01
1776873177.618956199,2,0,0.01
1776873177.618956199,3,0,0.01
1776873178.652668079,0,0,1.23
1776873178.652668079,1,0,0.01
1776873178.652668079,2,0,0.01
1776873178.652668079,3,0,0.01
1776873179.685681805,0,0,1.23
1776873179.685681805,1,0,0.01
1776873179.685681805,2,0,0.01
1776873179.685681805,3,0,0.01
1776873180.718762279,0,38,1.23
1776873180.718762279,1,0,0.01
1776873180.718762279,2,0,0.01
1776873180.718762279,3,0,0.01
1776873181.750027796,0,38,1.23
1776873181.750027796,1,0,0.01
1776873181.750027796,2,0,0.01
1776873181.750027796,3,0,0.01
1776873182.782824361,0,38,1.23
1776873182.782824361,1,0,0.01
1776873182.782824361,2,0,0.01
1776873182.782824361,3,0,0.01
1776873183.815647062,0,0,1.23
1776873183.815647062,1,0,0.01
1776873183.815647062,2,0,0.01
1776873183.815647062,3,0,0.01
1776873184.849239592,0,0,1.23
1776873184.849239592,1,0,0.01
1776873184.849239592,2,0,0.01
1776873184.849239592,3,0,0.01
1776873185.882799952,0,0,1.23
1776873185.882799952,1,0,0.01
1776873185.882799952,2,0,0.01
1776873185.882799952,3,0,0.01
1776873186.917630833,0,0,1.23
1776873186.917630833,1,0,0.01
1776873186.917630833,2,0,0.01
1776873186.917630833,3,0,0.01
1776873187.951952249,0,0,1.23
1776873187.951952249,1,0,0.01
1776873187.951952249,2,0,0.01
1776873187.951952249,3,0,0.01
1776873188.985616034,0,0,1.23
1776873188.985616034,1,0,0.01
1776873188.985616034,2,0,0.01
1776873188.985616034,3,0,0.01
1776873190.017598001,0,0,1.23
1776873190.017598001,1,0,0.01
1776873190.017598001,2,0,0.01
1776873190.017598001,3,0,0.01
1776873191.051127496,0,36,1.23
1776873191.051127496,1,0,0.01
1776873191.051127496,2,0,0.01
1776873191.051127496,3,0,0.01
1776873192.084474920,0,36,1.23
1776873192.084474920,1,0,0.01
1776873192.084474920,2,0,0.01
1776873192.084474920,3,0,0.01
1776873193.118226277,0,36,1.23
1776873193.118226277,1,0,0.01
1776873193.118226277,2,0,0.01
1776873193.118226277,3,0,0.01
1776873194.150624759,0,37,1.23
1776873194.150624759,1,0,0.01
1776873194.150624759,2,0,0.01
1776873194.150624759,3,0,0.01
1776873195.183463981,0,0,1.23
1776873195.183463981,1,0,0.01
1776873195.183463981,2,0,0.01
1776873195.183463981,3,0,0.01
1776873196.217322506,0,0,1.23
1776873196.217322506,1,0,0.01
1776873196.217322506,2,0,0.01
1776873196.217322506,3,0,0.01
1776873197.250543630,0,0,1.23
1776873197.250543630,1,0,0.01
1776873197.250543630,2,0,0.01
1776873197.250543630,3,0,0.01
1776873198.282539148,0,0,1.23
1776873198.282539148,1,0,0.01
1776873198.282539148,2,0,0.01
1776873198.282539148,3,0,0.01
1776873199.314698669,0,0,1.23
1776873199.314698669,1,0,0.01
1776873199.314698669,2,0,0.01
1776873199.314698669,3,0,0.01
1776873200.346360903,0,0,1.23
1776873200.346360903,1,0,0.01
1776873200.346360903,2,0,0.01
1776873200.346360903,3,0,0.01
1776873201.378415812,0,37,1.23
1776873201.378415812,1,0,0.01
1776873201.378415812,2,0,0.01
1776873201.378415812,3,0,0.01
1776873202.411903039,0,37,1.23
1776873202.411903039,1,0,0.01
1776873202.411903039,2,0,0.01
1776873202.411903039,3,0,0.01
1776873203.444329468,0,38,1.23
1776873203.444329468,1,0,0.01
1776873203.444329468,2,0,0.01
1776873203.444329468,3,0,0.01
1776873204.476353356,0,37,1.23
1776873204.476353356,1,0,0.01
1776873204.476353356,2,0,0.01
1776873204.476353356,3,0,0.01
1776873205.509478838,0,0,1.23
1776873205.509478838,1,0,0.01
1776873205.509478838,2,0,0.01
1776873205.509478838,3,0,0.01
1776873206.541799787,0,0,1.23
1776873206.541799787,1,0,0.01
1776873206.541799787,2,0,0.01
1776873206.541799787,3,0,0.01
1776873207.573669926,0,0,1.23
1776873207.573669926,1,0,0.01
1776873207.573669926,2,0,0.01
1776873207.573669926,3,0,0.01
1776873208.605901093,0,0,1.23
1776873208.605901093,1,0,0.01
1776873208.605901093,2,0,0.01
1776873208.605901093,3,0,0.01
1776873209.637372636,0,0,1.23
1776873209.637372636,1,0,0.01
1776873209.637372636,2,0,0.01
1776873209.637372636,3,0,0.01
1776873210.668806880,0,0,1.23
1776873210.668806880,1,0,0.01
1776873210.668806880,2,0,0.01
1776873210.668806880,3,0,0.01
1776873211.701358114,0,0,1.23
1776873211.701358114,1,0,0.01
1776873211.701358114,2,0,0.01
1776873211.701358114,3,0,0.01
1776873212.733777999,0,0,1.23
1776873212.733777999,1,0,0.01
1776873212.733777999,2,0,0.01
1776873212.733777999,3,0,0.01
1776873213.765832626,0,36,1.23
1776873213.765832626,1,0,0.01
1776873213.765832626,2,0,0.01
1776873213.765832626,3,0,0.01
1776873214.797354104,0,36,1.23
1776873214.797354104,1,0,0.01
1776873214.797354104,2,0,0.01
1776873214.797354104,3,0,0.01
1776873215.829634964,0,36,1.23
1776873215.829634964,1,0,0.01
1776873215.829634964,2,0,0.01
1776873215.829634964,3,0,0.01
1776873216.864706195,0,0,1.23
1776873216.864706195,1,0,0.01
1776873216.864706195,2,0,0.01
1776873216.864706195,3,0,0.01
1776873217.898690597,0,0,1.23
1776873217.898690597,1,0,0.01
1776873217.898690597,2,0,0.01
1776873217.898690597,3,0,0.01
1776873218.932694149,0,0,1.23
1776873218.932694149,1,0,0.01
1776873218.932694149,2,0,0.01
1776873218.932694149,3,0,0.01
1776873219.965428308,0,0,1.23
1776873219.965428308,1,0,0.01
1776873219.965428308,2,0,0.01
1776873219.965428308,3,0,0.01
1776873220.998339588,0,0,1.23
1776873220.998339588,1,0,0.01
1776873220.998339588,2,0,0.01
1776873220.998339588,3,0,0.01
1776873222.031744868,0,0,1.23
1776873222.031744868,1,0,0.01
1776873222.031744868,2,0,0.01
1776873222.031744868,3,0,0.01
1776873223.064686306,0,38,1.23
1776873223.064686306,1,0,0.01
1776873223.064686306,2,0,0.01
1776873223.064686306,3,0,0.01
1776873224.098016752,0,37,1.23
1776873224.098016752,1,0,0.01
1776873224.098016752,2,0,0.01
1776873224.098016752,3,0,0.01
1776873225.132265479,0,37,1.23
1776873225.132265479,1,0,0.01
1776873225.132265479,2,0,0.01
1776873225.132265479,3,0,0.01
1776873226.166314995,0,0,1.23
1776873226.166314995,1,0,0.01
1776873226.166314995,2,0,0.01
1776873226.166314995,3,0,0.01
1776873227.198953925,0,0,1.23
1776873227.198953925,1,0,0.01
1776873227.198953925,2,0,0.01
1776873227.198953925,3,0,0.01
1776873228.231826975,0,37,1.23
1776873228.231826975,1,0,0.01
1776873228.231826975,2,0,0.01
1776873228.231826975,3,0,0.01
1776873229.264609587,0,37,1.23
1776873229.264609587,1,0,0.01
1776873229.264609587,2,0,0.01
1776873229.264609587,3,0,0.01
1776873230.298655188,0,38,1.23
1776873230.298655188,1,0,0.01
1776873230.298655188,2,0,0.01
1776873230.298655188,3,0,0.01
1776873231.330540027,0,0,1.23
1776873231.330540027,1,0,0.01
1776873231.330540027,2,0,0.01
1776873231.330540027,3,0,0.01
1776873232.364973580,0,0,1.23
1776873232.364973580,1,0,0.01
1776873232.364973580,2,0,0.01
1776873232.364973580,3,0,0.01
1776873233.398588269,0,0,1.23
1776873233.398588269,1,0,0.01
1776873233.398588269,2,0,0.01
1776873233.398588269,3,0,0.01
1776873234.432592503,0,0,1.23
1776873234.432592503,1,0,0.01
1776873234.432592503,2,0,0.01
1776873234.432592503,3,0,0.01
1776873235.465449780,0,0,1.23
1776873235.465449780,1,0,0.01
1776873235.465449780,2,0,0.01
1776873235.465449780,3,0,0.01
1776873236.498345302,0,0,1.23
1776873236.498345302,1,0,0.01
1776873236.498345302,2,0,0.01
1776873236.498345302,3,0,0.01
1776873237.530772908,0,0,1.23
1776873237.530772908,1,0,0.01
1776873237.530772908,2,0,0.01
1776873237.530772908,3,0,0.01
1776873238.563236506,0,36,1.23
1776873238.563236506,1,0,0.01
1776873238.563236506,2,0,0.01
1776873238.563236506,3,0,0.01
1776873239.596528853,0,36,1.23
1776873239.596528853,1,0,0.01
1776873239.596528853,2,0,0.01
1776873239.596528853,3,0,0.01
1776873240.629484933,0,36,1.23
1776873240.629484933,1,0,0.01
1776873240.629484933,2,0,0.01
1776873240.629484933,3,0,0.01
1776873241.662534890,0,38,1.23
1776873241.662534890,1,0,0.01
1776873241.662534890,2,0,0.01
1776873241.662534890,3,0,0.01
1776873242.695149885,0,0,1.23
1776873242.695149885,1,0,0.01
1776873242.695149885,2,0,0.01
1776873242.695149885,3,0,0.01
1776873243.727911617,0,0,1.23
1776873243.727911617,1,0,0.01
1776873243.727911617,2,0,0.01
1776873243.727911617,3,0,0.01
1776873244.760223538,0,0,1.23
1776873244.760223538,1,0,0.01
1776873244.760223538,2,0,0.01
1776873244.760223538,3,0,0.01
1776873245.793187948,0,0,1.23
1776873245.793187948,1,0,0.01
1776873245.793187948,2,0,0.01
1776873245.793187948,3,0,0.01
1776873246.827343580,0,0,1.23
1776873246.827343580,1,0,0.01
1776873246.827343580,2,0,0.01
1776873246.827343580,3,0,0.01
1776873247.861512178,0,0,1.23
1776873247.861512178,1,0,0.01
1776873247.861512178,2,0,0.01
1776873247.861512178,3,0,0.01
1776873248.896147889,0,0,1.23
1776873248.896147889,1,0,0.01
1776873248.896147889,2,0,0.01
1776873248.896147889,3,0,0.01
1776873249.929815266,0,38,1.23
1776873249.929815266,1,0,0.01
1776873249.929815266,2,0,0.01
1776873249.929815266,3,0,0.01
1776873250.963256448,0,38,1.23
1776873250.963256448,1,0,0.01
1776873250.963256448,2,0,0.01
1776873250.963256448,3,0,0.01
1776873251.997311935,0,38,1.23
1776873251.997311935,1,0,0.01
1776873251.997311935,2,0,0.01
1776873251.997311935,3,0,0.01
1776873253.030539485,0,38,1.23
1776873253.030539485,1,0,0.01
1776873253.030539485,2,0,0.01
1776873253.030539485,3,0,0.01
1776873254.062078032,0,0,1.23
1776873254.062078032,1,0,0.01
1776873254.062078032,2,0,0.01
1776873254.062078032,3,0,0.01
1776873255.094590919,0,0,1.23
1776873255.094590919,1,0,0.01
1776873255.094590919,2,0,0.01
1776873255.094590919,3,0,0.01
1776873256.129147369,0,0,1.23
1776873256.129147369,1,0,0.01
1776873256.129147369,2,0,0.01
1776873256.129147369,3,0,0.01
1776873257.163209755,0,0,1.23
1776873257.163209755,1,0,0.01
1776873257.163209755,2,0,0.01
1776873257.163209755,3,0,0.01
1776873258.198081850,0,0,1.23
1776873258.198081850,1,0,0.01
1776873258.198081850,2,0,0.01
1776873258.198081850,3,0,0.01
1776873259.231845687,0,0,1.23
1776873259.231845687,1,0,0.01
1776873259.231845687,2,0,0.01
1776873259.231845687,3,0,0.01
1776873260.265560645,0,0,1.23
1776873260.265560645,1,0,0.01
1776873260.265560645,2,0,0.01
1776873260.265560645,3,0,0.01
1776873261.299041746,0,0,1.23
1776873261.299041746,1,0,0.01
1776873261.299041746,2,0,0.01
1776873261.299041746,3,0,0.01
1776873262.332680027,0,0,1.23
1776873262.332680027,1,0,0.01
1776873262.332680027,2,0,0.01
1776873262.332680027,3,0,0.01
1776873263.365604109,0,0,1.23
1776873263.365604109,1,0,0.01
1776873263.365604109,2,0,0.01
1776873263.365604109,3,0,0.01
1776873264.400086198,0,1,1.23
1776873264.400086198,1,0,0.01
1776873264.400086198,2,0,0.01
1776873264.400086198,3,0,0.01
1776873265.432865687,0,37,1.23
1776873265.432865687,1,0,0.01
1776873265.432865687,2,0,0.01
1776873265.432865687,3,0,0.01
1776873266.466555692,0,38,1.23
1776873266.466555692,1,0,0.01
1776873266.466555692,2,0,0.01
1776873266.466555692,3,0,0.01
1776873267.499656106,0,38,1.23
1776873267.499656106,1,0,0.01
1776873267.499656106,2,0,0.01
1776873267.499656106,3,0,0.01
1776873268.534634895,0,0,1.23
1776873268.534634895,1,0,0.01
1776873268.534634895,2,0,0.01
1776873268.534634895,3,0,0.01
1776873269.568668080,0,0,1.23
1776873269.568668080,1,0,0.01
1776873269.568668080,2,0,0.01
1776873269.568668080,3,0,0.01
1776873270.603120871,0,0,1.23
1776873270.603120871,1,0,0.01
1776873270.603120871,2,0,0.01
1776873270.603120871,3,0,0.01
1776873271.637583667,0,0,1.23
1776873271.637583667,1,0,0.01
1776873271.637583667,2,0,0.01
1776873271.637583667,3,0,0.01
1776873272.672538991,0,38,1.23
1776873272.672538991,1,0,0.01
1776873272.672538991,2,0,0.01
1776873272.672538991,3,0,0.01
1776873273.706270407,0,38,1.23
1776873273.706270407,1,0,0.01
1776873273.706270407,2,0,0.01
1776873273.706270407,3,0,0.01
1776873274.740107170,0,36,1.23
1776873274.740107170,1,0,0.01
1776873274.740107170,2,0,0.01
1776873274.740107170,3,0,0.01
1776873275.773124540,0,0,1.23
1776873275.773124540,1,0,0.01
1776873275.773124540,2,0,0.01
1776873275.773124540,3,0,0.01
1776873276.805419635,0,0,1.23
1776873276.805419635,1,0,0.01
1776873276.805419635,2,0,0.01
1776873276.805419635,3,0,0.01
1776873277.837765546,0,0,1.23
1776873277.837765546,1,0,0.01
1776873277.837765546,2,0,0.01
1776873277.837765546,3,0,0.01
1776873278.872069440,0,0,1.23
1776873278.872069440,1,0,0.01
1776873278.872069440,2,0,0.01
1776873278.872069440,3,0,0.01
1776873279.905043304,0,0,1.23
1776873279.905043304,1,0,0.01
1776873279.905043304,2,0,0.01
1776873279.905043304,3,0,0.01
1776873280.938640093,0,0,1.23
1776873280.938640093,1,0,0.01
1776873280.938640093,2,0,0.01
1776873280.938640093,3,0,0.01
1776873281.971145808,0,36,1.23
1776873281.971145808,1,0,0.01
1776873281.971145808,2,0,0.01
1776873281.971145808,3,0,0.01
1776873283.003554148,0,36,1.23
1776873283.003554148,1,0,0.01
1776873283.003554148,2,0,0.01
1776873283.003554148,3,0,0.01
1776873284.038157449,0,36,1.23
1776873284.038157449,1,0,0.01
1776873284.038157449,2,0,0.01
1776873284.038157449,3,0,0.01
1776873285.071489076,0,38,1.23
1776873285.071489076,1,0,0.01
1776873285.071489076,2,0,0.01
1776873285.071489076,3,0,0.01
1776873286.105230147,0,0,1.23
1776873286.105230147,1,0,0.01
1776873286.105230147,2,0,0.01
1776873286.105230147,3,0,0.01
1776873287.137047758,0,0,1.23
1776873287.137047758,1,0,0.01
1776873287.137047758,2,0,0.01
1776873287.137047758,3,0,0.01
1776873288.168838341,0,0,1.23
1776873288.168838341,1,0,0.01
1776873288.168838341,2,0,0.01
1776873288.168838341,3,0,0.01
1776873289.202355310,0,0,1.23
1776873289.202355310,1,0,0.01
1776873289.202355310,2,0,0.01
1776873289.202355310,3,0,0.01
1776873290.237124728,0,0,1.23
1776873290.237124728,1,0,0.01
1776873290.237124728,2,0,0.01
1776873290.237124728,3,0,0.01
1776873291.269947273,0,0,1.23
1776873291.269947273,1,0,0.01
1776873291.269947273,2,0,0.01
1776873291.269947273,3,0,0.01
1776873292.302968691,0,38,1.23
1776873292.302968691,1,0,0.01
1776873292.302968691,2,0,0.01
1776873292.302968691,3,0,0.01
1776873293.337483901,0,37,1.23
1776873293.337483901,1,0,0.01
1776873293.337483901,2,0,0.01
1776873293.337483901,3,0,0.01
1776873294.370709374,0,37,1.23
1776873294.370709374,1,0,0.01
1776873294.370709374,2,0,0.01
1776873294.370709374,3,0,0.01
1776873295.405766704,0,0,1.23
1776873295.405766704,1,0,0.01
1776873295.405766704,2,0,0.01
1776873295.405766704,3,0,0.01
1776873296.439959499,0,38,1.23
1776873296.439959499,1,0,0.01
1776873296.439959499,2,0,0.01
1776873296.439959499,3,0,0.01
1776873297.474217863,0,37,1.23
1776873297.474217863,1,0,0.01
1776873297.474217863,2,0,0.01
1776873297.474217863,3,0,0.01
1776873298.506398879,0,36,1.23
1776873298.506398879,1,0,0.01
1776873298.506398879,2,0,0.01
1776873298.506398879,3,0,0.01
1776873299.540737090,0,36,1.23
1776873299.540737090,1,0,0.01
1776873299.540737090,2,0,0.01
1776873299.540737090,3,0,0.01
1776873300.575144025,0,0,1.23
1776873300.575144025,1,0,0.01
1776873300.575144025,2,0,0.01
1776873300.575144025,3,0,0.01
1776873301.609454618,0,0,1.23
1776873301.609454618,1,0,0.01
1776873301.609454618,2,0,0.01
1776873301.609454618,3,0,0.01
1776873302.643204246,0,0,1.23
1776873302.643204246,1,0,0.01
1776873302.643204246,2,0,0.01
1776873302.643204246,3,0,0.01
1776873303.676815464,0,0,1.23
1776873303.676815464,1,0,0.01
1776873303.676815464,2,0,0.01
1776873303.676815464,3,0,0.01
1776873304.709943356,0,0,1.23
1776873304.709943356,1,0,0.01
1776873304.709943356,2,0,0.01
1776873304.709943356,3,0,0.01
1776873305.743693819,0,0,1.23
1776873305.743693819,1,0,0.01
1776873305.743693819,2,0,0.01
1776873305.743693819,3,0,0.01
1776873306.778673929,0,0,1.23
1776873306.778673929,1,0,0.01
1776873306.778673929,2,0,0.01
1776873306.778673929,3,0,0.01
1776873307.813991621,0,0,1.23
1776873307.813991621,1,0,0.01
1776873307.813991621,2,0,0.01
1776873307.813991621,3,0,0.01
1776873308.847180759,0,0,1.23
1776873308.847180759,1,0,0.01
1776873308.847180759,2,0,0.01
1776873308.847180759,3,0,0.01
1776873309.881297129,0,0,1.23
1776873309.881297129,1,0,0.01
1776873309.881297129,2,0,0.01
1776873309.881297129,3,0,0.01
1776873310.914795423,0,14,1.23
1776873310.914795423,1,0,0.01
1776873310.914795423,2,0,0.01
1776873310.914795423,3,0,0.01
1776873311.949486207,0,38,1.23
1776873311.949486207,1,0,0.01
1776873311.949486207,2,0,0.01
1776873311.949486207,3,0,0.01
1776873312.983109265,0,38,1.23
1776873312.983109265,1,0,0.01
1776873312.983109265,2,0,0.01
1776873312.983109265,3,0,0.01
1776873314.014435765,0,38,1.23
1776873314.014435765,1,0,0.01
1776873314.014435765,2,0,0.01
1776873314.014435765,3,0,0.01
1776873315.048421651,0,0,1.23
1776873315.048421651,1,0,0.01
1776873315.048421651,2,0,0.01
1776873315.048421651,3,0,0.01
1776873316.081877175,0,0,1.23
1776873316.081877175,1,0,0.01
1776873316.081877175,2,0,0.01
1776873316.081877175,3,0,0.01
1776873317.115209720,0,0,1.23
1776873317.115209720,1,0,0.01
1776873317.115209720,2,0,0.01
1776873317.115209720,3,0,0.01
1776873318.148734314,0,36,1.23
1776873318.148734314,1,0,0.01
1776873318.148734314,2,0,0.01
1776873318.148734314,3,0,0.01
1776873319.183801253,0,36,1.23
1776873319.183801253,1,0,0.01
1776873319.183801253,2,0,0.01
1776873319.183801253,3,0,0.01
1776873320.217769911,0,36,1.23
1776873320.217769911,1,0,0.01
1776873320.217769911,2,0,0.01
1776873320.217769911,3,0,0.01
1776873321.250936461,0,0,1.23
1776873321.250936461,1,0,0.01
1776873321.250936461,2,0,0.01
1776873321.250936461,3,0,0.01
1776873322.284335688,0,0,1.23
1776873322.284335688,1,0,0.01
1776873322.284335688,2,0,0.01
1776873322.284335688,3,0,0.01
1776873323.317786962,0,0,1.23
1776873323.317786962,1,0,0.01
1776873323.317786962,2,0,0.01
1776873323.317786962,3,0,0.01
1776873324.351569333,0,0,1.23
1776873324.351569333,1,0,0.01
1776873324.351569333,2,0,0.01
1776873324.351569333,3,0,0.01
1776873325.384718646,0,0,1.23
1776873325.384718646,1,0,0.01
1776873325.384718646,2,0,0.01
1776873325.384718646,3,0,0.01
1776873326.417997617,0,0,1.23
1776873326.417997617,1,0,0.01
1776873326.417997617,2,0,0.01
1776873326.417997617,3,0,0.01
1776873327.451331904,0,0,1.23
1776873327.451331904,1,0,0.01
1776873327.451331904,2,0,0.01
1776873327.451331904,3,0,0.01
1776873328.485549560,0,0,1.23
1776873328.485549560,1,0,0.01
1776873328.485549560,2,0,0.01
1776873328.485549560,3,0,0.01
1776873329.520150351,0,38,1.23
1776873329.520150351,1,0,0.01
1776873329.520150351,2,0,0.01
1776873329.520150351,3,0,0.01
1776873330.554098889,0,38,1.23
1776873330.554098889,1,0,0.01
1776873330.554098889,2,0,0.01
1776873330.554098889,3,0,0.01
1776873331.587862580,0,38,1.23
1776873331.587862580,1,0,0.01
1776873331.587862580,2,0,0.01
1776873331.587862580,3,0,0.01
1776873332.621738269,0,30,1.23
1776873332.621738269,1,0,0.01
1776873332.621738269,2,0,0.01
1776873332.621738269,3,0,0.01
1776873333.655024043,0,0,1.23
1776873333.655024043,1,0,0.01
1776873333.655024043,2,0,0.01
1776873333.655024043,3,0,0.01
1776873334.690455919,0,0,1.23
1776873334.690455919,1,0,0.01
1776873334.690455919,2,0,0.01
1776873334.690455919,3,0,0.01
1776873335.724265614,0,37,1.23
1776873335.724265614,1,0,0.01
1776873335.724265614,2,0,0.01
1776873335.724265614,3,0,0.01
1776873336.757961676,0,38,1.23
1776873336.757961676,1,0,0.01
1776873336.757961676,2,0,0.01
1776873336.757961676,3,0,0.01
1776873337.791098165,0,38,1.23
1776873337.791098165,1,0,0.01
1776873337.791098165,2,0,0.01
1776873337.791098165,3,0,0.01
1776873338.825471790,0,0,1.23
1776873338.825471790,1,0,0.01
1776873338.825471790,2,0,0.01
1776873338.825471790,3,0,0.01
1776873339.860015821,0,0,1.23
1776873339.860015821,1,0,0.01
1776873339.860015821,2,0,0.01
1776873339.860015821,3,0,0.01
1776873340.894010370,0,0,1.23
1776873340.894010370,1,0,0.01
1776873340.894010370,2,0,0.01
1776873340.894010370,3,0,0.01
1776873341.928400676,0,0,1.23
1776873341.928400676,1,0,0.01
1776873341.928400676,2,0,0.01
1776873341.928400676,3,0,0.01
1776873342.962321053,0,0,1.23
1776873342.962321053,1,0,0.01
1776873342.962321053,2,0,0.01
1776873342.962321053,3,0,0.01
1776873343.997400587,0,0,1.23
1776873343.997400587,1,0,0.01
1776873343.997400587,2,0,0.01
1776873343.997400587,3,0,0.01
1776873345.031303804,0,0,1.23
1776873345.031303804,1,0,0.01
1776873345.031303804,2,0,0.01
1776873345.031303804,3,0,0.01
1776873346.065931527,0,0,1.23
1776873346.065931527,1,0,0.01
1776873346.065931527,2,0,0.01
1776873346.065931527,3,0,0.01
1776873347.099240120,0,0,1.23
1776873347.099240120,1,0,0.01
1776873347.099240120,2,0,0.01
1776873347.099240120,3,0,0.01
1776873348.133989322,0,0,1.23
1776873348.133989322,1,0,0.01
1776873348.133989322,2,0,0.01
1776873348.133989322,3,0,0.01
1776873349.166336261,0,38,1.23
1776873349.166336261,1,0,0.01
1776873349.166336261,2,0,0.01
1776873349.166336261,3,0,0.01
1776873350.198271501,0,38,1.23
1776873350.198271501,1,0,0.01
1776873350.198271501,2,0,0.01
1776873350.198271501,3,0,0.01
1776873351.231765207,0,38,1.23
1776873351.231765207,1,0,0.01
1776873351.231765207,2,0,0.01
1776873351.231765207,3,0,0.01
1776873352.265600494,0,0,1.23
1776873352.265600494,1,0,0.01
1776873352.265600494,2,0,0.01
1776873352.265600494,3,0,0.01
1776873353.299758271,0,0,1.23
1776873353.299758271,1,0,0.01
1776873353.299758271,2,0,0.01
1776873353.299758271,3,0,0.01
1776873354.332879308,0,0,1.23
1776873354.332879308,1,0,0.01
1776873354.332879308,2,0,0.01
1776873354.332879308,3,0,0.01
1776873355.367150914,0,0,1.23
1776873355.367150914,1,0,0.01
1776873355.367150914,2,0,0.01
1776873355.367150914,3,0,0.01
1776873356.400362853,0,38,1.23
1776873356.400362853,1,0,0.01
1776873356.400362853,2,0,0.01
1776873356.400362853,3,0,0.01
1776873357.434046625,0,38,1.23
1776873357.434046625,1,0,0.01
1776873357.434046625,2,0,0.01
1776873357.434046625,3,0,0.01
1776873358.467055760,0,38,1.23
1776873358.467055760,1,0,0.01
1776873358.467055760,2,0,0.01
1776873358.467055760,3,0,0.01
1776873359.500450948,0,0,1.23
1776873359.500450948,1,0,0.01
1776873359.500450948,2,0,0.01
1776873359.500450948,3,0,0.01
1776873360.534683634,0,0,1.23
1776873360.534683634,1,0,0.01
1776873360.534683634,2,0,0.01
1776873360.534683634,3,0,0.01
1776873361.570103517,0,0,1.23
1776873361.570103517,1,0,0.01
1776873361.570103517,2,0,0.01
1776873361.570103517,3,0,0.01
1776873362.603446012,0,36,1.23
1776873362.603446012,1,0,0.01
1776873362.603446012,2,0,0.01
1776873362.603446012,3,0,0.01
1776873363.637635883,0,36,1.23
1776873363.637635883,1,0,0.01
1776873363.637635883,2,0,0.01
1776873363.637635883,3,0,0.01
1776873364.670436320,0,36,1.23
1776873364.670436320,1,0,0.01
1776873364.670436320,2,0,0.01
1776873364.670436320,3,0,0.01
1776873365.704437698,0,36,1.23
1776873365.704437698,1,0,0.01
1776873365.704437698,2,0,0.01
1776873365.704437698,3,0,0.01
1776873366.737993876,0,0,1.23
1776873366.737993876,1,0,0.01
1776873366.737993876,2,0,0.01
1776873366.737993876,3,0,0.01
1776873367.770488336,0,0,1.23
1776873367.770488336,1,0,0.01
1776873367.770488336,2,0,0.01
1776873367.770488336,3,0,0.01
1776873368.803553775,0,0,1.23
1776873368.803553775,1,0,0.01
1776873368.803553775,2,0,0.01
1776873368.803553775,3,0,0.01
1776873369.836550228,0,0,1.23
1776873369.836550228,1,0,0.01
1776873369.836550228,2,0,0.01
1776873369.836550228,3,0,0.01
1776873370.870819404,0,0,1.23
1776873370.870819404,1,0,0.01
1776873370.870819404,2,0,0.01
1776873370.870819404,3,0,0.01
1776873371.904363060,0,0,1.23
1776873371.904363060,1,0,0.01
1776873371.904363060,2,0,0.01
1776873371.904363060,3,0,0.01
1776873372.937701300,0,0,1.23
1776873372.937701300,1,0,0.01
1776873372.937701300,2,0,0.01
1776873372.937701300,3,0,0.01
1776873373.971798660,0,0,1.23
1776873373.971798660,1,0,0.01
1776873373.971798660,2,0,0.01
1776873373.971798660,3,0,0.01
1776873375.006176935,0,0,1.23
1776873375.006176935,1,0,0.01
1776873375.006176935,2,0,0.01
1776873375.006176935,3,0,0.01
1776873376.040564709,0,38,1.23
1776873376.040564709,1,0,0.01
1776873376.040564709,2,0,0.01
1776873376.040564709,3,0,0.01
1776873377.075055957,0,37,1.23
1776873377.075055957,1,0,0.01
1776873377.075055957,2,0,0.01
1776873377.075055957,3,0,0.01
1776873378.108209348,0,38,1.23
1776873378.108209348,1,0,0.01
1776873378.108209348,2,0,0.01
1776873378.108209348,3,0,0.01
1776873379.142619435,0,17,1.23
1776873379.142619435,1,0,0.01
1776873379.142619435,2,0,0.01
1776873379.142619435,3,0,0.01
1776873380.175613952,0,0,1.23
1776873380.175613952,1,0,0.01
1776873380.175613952,2,0,0.01
1776873380.175613952,3,0,0.01
1776873381.209594873,0,0,1.23
1776873381.209594873,1,0,0.01
1776873381.209594873,2,0,0.01
1776873381.209594873,3,0,0.01
1776873382.243271062,0,0,1.23
1776873382.243271062,1,0,0.01
1776873382.243271062,2,0,0.01
1776873382.243271062,3,0,0.01
1776873383.277499369,0,0,1.23
1776873383.277499369,1,0,0.01
1776873383.277499369,2,0,0.01
1776873383.277499369,3,0,0.01
1776873384.311043408,0,0,1.23
1776873384.311043408,1,0,0.01
1776873384.311043408,2,0,0.01
1776873384.311043408,3,0,0.01
1776873385.342848410,0,0,1.23
1776873385.342848410,1,0,0.01
1776873385.342848410,2,0,0.01
1776873385.342848410,3,0,0.01
1776873386.375325181,0,0,1.23
1776873386.375325181,1,0,0.01
1776873386.375325181,2,0,0.01
1776873386.375325181,3,0,0.01
1776873387.407294941,0,0,1.23
1776873387.407294941,1,0,0.01
1776873387.407294941,2,0,0.01
1776873387.407294941,3,0,0.01
1776873388.439169470,0,0,1.23
1776873388.439169470,1,0,0.01
1776873388.439169470,2,0,0.01
1776873388.439169470,3,0,0.01
1776873389.470796917,0,0,1.23
1776873389.470796917,1,0,0.01
1776873389.470796917,2,0,0.01
1776873389.470796917,3,0,0.01
1776873390.505328477,0,0,1.23
1776873390.505328477,1,0,0.01
1776873390.505328477,2,0,0.01
1776873390.505328477,3,0,0.01
1776873391.539372343,0,0,1.23
1776873391.539372343,1,0,0.01
1776873391.539372343,2,0,0.01
1776873391.539372343,3,0,0.01
1776873392.571856179,0,0,1.23
1776873392.571856179,1,0,0.01
1776873392.571856179,2,0,0.01
1776873392.571856179,3,0,0.01
1776873393.605682019,0,0,1.23
1776873393.605682019,1,0,0.01
1776873393.605682019,2,0,0.01
1776873393.605682019,3,0,0.01
1776873394.638807740,0,0,1.23
1776873394.638807740,1,0,0.01
1776873394.638807740,2,0,0.01
1776873394.638807740,3,0,0.01
1776873395.671885164,0,37,1.23
1776873395.671885164,1,0,0.01
1776873395.671885164,2,0,0.01
1776873395.671885164,3,0,0.01
1776873396.703736402,0,37,1.23
1776873396.703736402,1,0,0.01
1776873396.703736402,2,0,0.01
1776873396.703736402,3,0,0.01
1776873397.738505458,0,37,1.23
1776873397.738505458,1,0,0.01
1776873397.738505458,2,0,0.01
1776873397.738505458,3,0,0.01
1776873398.772607220,0,12,1.23
1776873398.772607220,1,0,0.01
1776873398.772607220,2,0,0.01
1776873398.772607220,3,0,0.01
1776873399.806634196,0,0,1.23
1776873399.806634196,1,0,0.01
1776873399.806634196,2,0,0.01
1776873399.806634196,3,0,0.01
1776873400.839272462,0,0,1.23
1776873400.839272462,1,0,0.01
1776873400.839272462,2,0,0.01
1776873400.839272462,3,0,0.01
1776873401.873557849,0,0,1.23
1776873401.873557849,1,0,0.01
1776873401.873557849,2,0,0.01
1776873401.873557849,3,0,0.01
1776873402.907543892,0,0,1.23
1776873402.907543892,1,0,0.01
1776873402.907543892,2,0,0.01
1776873402.907543892,3,0,0.01
1776873403.940163413,0,38,1.23
1776873403.940163413,1,0,0.01
1776873403.940163413,2,0,0.01
1776873403.940163413,3,0,0.01
1776873404.972768528,0,37,1.23
1776873404.972768528,1,0,0.01
1776873404.972768528,2,0,0.01
1776873404.972768528,3,0,0.01
1776873406.004581961,0,38,1.23
1776873406.004581961,1,0,0.01
1776873406.004581961,2,0,0.01
1776873406.004581961,3,0,0.01
1776873407.038091339,0,0,1.23
1776873407.038091339,1,0,0.01
1776873407.038091339,2,0,0.01
1776873407.038091339,3,0,0.01
1776873408.072445327,0,0,1.23
1776873408.072445327,1,0,0.01
1776873408.072445327,2,0,0.01
1776873408.072445327,3,0,0.01
1776873409.106415470,0,0,1.23
1776873409.106415470,1,0,0.01
1776873409.106415470,2,0,0.01
1776873409.106415470,3,0,0.01
1776873410.139837236,0,36,1.23
1776873410.139837236,1,0,0.01
1776873410.139837236,2,0,0.01
1776873410.139837236,3,0,0.01
1776873411.173074309,0,36,1.23
1776873411.173074309,1,0,0.01
1776873411.173074309,2,0,0.01
1776873411.173074309,3,0,0.01
1776873412.206046052,0,36,1.23
1776873412.206046052,1,0,0.01
1776873412.206046052,2,0,0.01
1776873412.206046052,3,0,0.01
1776873413.238487586,0,36,1.23
1776873413.238487586,1,0,0.01
1776873413.238487586,2,0,0.01
1776873413.238487586,3,0,0.01
1776873414.270869945,0,0,1.23
1776873414.270869945,1,0,0.01
1776873414.270869945,2,0,0.01
1776873414.270869945,3,0,0.01
1776873415.305892271,0,0,1.23
1776873415.305892271,1,0,0.01
1776873415.305892271,2,0,0.01
1776873415.305892271,3,0,0.01
1776873416.339238022,0,0,1.23
1776873416.339238022,1,0,0.01
1776873416.339238022,2,0,0.01
1776873416.339238022,3,0,0.01
1776873417.373068160,0,0,1.23
1776873417.373068160,1,0,0.01
1776873417.373068160,2,0,0.01
1776873417.373068160,3,0,0.01
1776873418.408246790,0,0,1.23
1776873418.408246790,1,0,0.01
1776873418.408246790,2,0,0.01
1776873418.408246790,3,0,0.01
1776873419.441262857,0,0,1.23
1776873419.441262857,1,0,0.01
1776873419.441262857,2,0,0.01
1776873419.441262857,3,0,0.01
1776873420.475881546,0,0,1.23
1776873420.475881546,1,0,0.01
1776873420.475881546,2,0,0.01
1776873420.475881546,3,0,0.01
1776873421.509326197,0,37,1.23
1776873421.509326197,1,0,0.01
1776873421.509326197,2,0,0.01
1776873421.509326197,3,0,0.01
1776873422.543033717,0,38,1.23
1776873422.543033717,1,0,0.01
1776873422.543033717,2,0,0.01
1776873422.543033717,3,0,0.01
1776873423.576569709,0,37,1.23
1776873423.576569709,1,0,0.01
1776873423.576569709,2,0,0.01
1776873423.576569709,3,0,0.01
1776873424.608675732,0,0,1.23
1776873424.608675732,1,0,0.01
1776873424.608675732,2,0,0.01
1776873424.608675732,3,0,0.01
1776873425.642021867,0,0,1.23
1776873425.642021867,1,0,0.01
1776873425.642021867,2,0,0.01
1776873425.642021867,3,0,0.01
1776873426.676065340,0,0,1.23
1776873426.676065340,1,0,0.01
1776873426.676065340,2,0,0.01
1776873426.676065340,3,0,0.01
1776873427.711128140,0,0,1.23
1776873427.711128140,1,0,0.01
1776873427.711128140,2,0,0.01
1776873427.711128140,3,0,0.01
1776873428.744498312,0,0,1.23
1776873428.744498312,1,0,0.01
1776873428.744498312,2,0,0.01
1776873428.744498312,3,0,0.01
1776873429.777651766,0,37,1.23
1776873429.777651766,1,0,0.01
1776873429.777651766,2,0,0.01
1776873429.777651766,3,0,0.01
1776873430.809442621,0,37,1.23
1776873430.809442621,1,0,0.01
1776873430.809442621,2,0,0.01
1776873430.809442621,3,0,0.01
1776873431.841599364,0,37,1.23
1776873431.841599364,1,0,0.01
1776873431.841599364,2,0,0.01
1776873431.841599364,3,0,0.01
1776873432.875834810,0,0,1.23
1776873432.875834810,1,0,0.01
1776873432.875834810,2,0,0.01
1776873432.875834810,3,0,0.01
1776873433.909407876,0,0,1.23
1776873433.909407876,1,0,0.01
1776873433.909407876,2,0,0.01
1776873433.909407876,3,0,0.01
1776873434.942283376,0,0,1.23
1776873434.942283376,1,0,0.01
1776873434.942283376,2,0,0.01
1776873434.942283376,3,0,0.01
1776873435.975510071,0,0,1.23
1776873435.975510071,1,0,0.01
1776873435.975510071,2,0,0.01
1776873435.975510071,3,0,0.01
1776873437.008240116,0,0,1.23
1776873437.008240116,1,0,0.01
1776873437.008240116,2,0,0.01
1776873437.008240116,3,0,0.01
1776873438.041632605,0,0,1.23
1776873438.041632605,1,0,0.01
1776873438.041632605,2,0,0.01
1776873438.041632605,3,0,0.01
1776873439.074571426,0,0,1.23
1776873439.074571426,1,0,0.01
1776873439.074571426,2,0,0.01
1776873439.074571426,3,0,0.01
1776873440.108960171,0,0,1.23
1776873440.108960171,1,0,0.01
1776873440.108960171,2,0,0.01
1776873440.108960171,3,0,0.01
1776873441.142897743,0,0,1.23
1776873441.142897743,1,0,0.01
1776873441.142897743,2,0,0.01
1776873441.142897743,3,0,0.01
1776873442.176219910,0,0,1.23
1776873442.176219910,1,0,0.01
1776873442.176219910,2,0,0.01
1776873442.176219910,3,0,0.01
1776873443.210226803,0,0,1.23
1776873443.210226803,1,0,0.01
1776873443.210226803,2,0,0.01
1776873443.210226803,3,0,0.01
1776873444.243788401,0,0,1.23
1776873444.243788401,1,0,0.01
1776873444.243788401,2,0,0.01
1776873444.243788401,3,0,0.01
1776873445.276896329,0,0,1.23
1776873445.276896329,1,0,0.01
1776873445.276896329,2,0,0.01
1776873445.276896329,3,0,0.01
1776873446.311616645,0,37,1.23
1776873446.311616645,1,0,0.01
1776873446.311616645,2,0,0.01
1776873446.311616645,3,0,0.01
1776873447.345624552,0,38,1.23
1776873447.345624552,1,0,0.01
1776873447.345624552,2,0,0.01
1776873447.345624552,3,0,0.01
1776873448.377376781,0,37,1.23
1776873448.377376781,1,0,0.01
1776873448.377376781,2,0,0.01
1776873448.377376781,3,0,0.01
1776873449.410946777,0,38,1.23
1776873449.410946777,1,0,0.01
1776873449.410946777,2,0,0.01
1776873449.410946777,3,0,0.01
1776873450.442745319,0,0,1.23
1776873450.442745319,1,0,0.01
1776873450.442745319,2,0,0.01
1776873450.442745319,3,0,0.01
1776873451.474520651,0,0,1.23
1776873451.474520651,1,0,0.01
1776873451.474520651,2,0,0.01
1776873451.474520651,3,0,0.01
1776873452.506759535,0,38,1.23
1776873452.506759535,1,0,0.01
1776873452.506759535,2,0,0.01
1776873452.506759535,3,0,0.01
1776873453.540779112,0,38,1.23
1776873453.540779112,1,0,0.01
1776873453.540779112,2,0,0.01
1776873453.540779112,3,0,0.01
1776873454.574899573,0,38,1.23
1776873454.574899573,1,0,0.01
1776873454.574899573,2,0,0.01
1776873454.574899573,3,0,0.01
1776873455.607586445,0,0,1.23
1776873455.607586445,1,0,0.01
1776873455.607586445,2,0,0.01
1776873455.607586445,3,0,0.01
1776873456.641166264,0,0,1.23
1776873456.641166264,1,0,0.01
1776873456.641166264,2,0,0.01
1776873456.641166264,3,0,0.01
1776873457.675160456,0,0,1.23
1776873457.675160456,1,0,0.01
1776873457.675160456,2,0,0.01
1776873457.675160456,3,0,0.01
1776873458.707316089,0,0,1.23
1776873458.707316089,1,0,0.01
1776873458.707316089,2,0,0.01
1776873458.707316089,3,0,0.01
1776873459.740935171,0,0,1.23
1776873459.740935171,1,0,0.01
1776873459.740935171,2,0,0.01
1776873459.740935171,3,0,0.01
1776873460.773635472,0,3,1.23
1776873460.773635472,1,0,0.01
1776873460.773635472,2,0,0.01
1776873460.773635472,3,0,0.01
1776873461.805661452,0,36,1.23
1776873461.805661452,1,0,0.01
1776873461.805661452,2,0,0.01
1776873461.805661452,3,0,0.01
1776873462.839493077,0,36,1.23
1776873462.839493077,1,0,0.01
1776873462.839493077,2,0,0.01
1776873462.839493077,3,0,0.01
1776873463.873649253,0,36,1.23
1776873463.873649253,1,0,0.01
1776873463.873649253,2,0,0.01
1776873463.873649253,3,0,0.01
1776873464.906398918,0,0,1.23
1776873464.906398918,1,0,0.01
1776873464.906398918,2,0,0.01
1776873464.906398918,3,0,0.01
1776873465.940341537,0,36,1.23
1776873465.940341537,1,0,0.01
1776873465.940341537,2,0,0.01
1776873465.940341537,3,0,0.01
1776873466.974837567,0,36,1.23
1776873466.974837567,1,0,0.01
1776873466.974837567,2,0,0.01
1776873466.974837567,3,0,0.01
1776873468.008299119,0,38,1.23
1776873468.008299119,1,0,0.01
1776873468.008299119,2,0,0.01
1776873468.008299119,3,0,0.01
1776873469.041540115,0,6,1.23
1776873469.041540115,1,0,0.01
1776873469.041540115,2,0,0.01
1776873469.041540115,3,0,0.01
1776873470.074467678,0,0,1.23
1776873470.074467678,1,0,0.01
1776873470.074467678,2,0,0.01
1776873470.074467678,3,0,0.01
1776873471.108266790,0,0,1.23
1776873471.108266790,1,0,0.01
1776873471.108266790,2,0,0.01
1776873471.108266790,3,0,0.01
1776873472.141651020,0,0,1.23
1776873472.141651020,1,0,0.01
1776873472.141651020,2,0,0.01
1776873472.141651020,3,0,0.01
1776873473.176510364,0,0,1.23
1776873473.176510364,1,0,0.01
1776873473.176510364,2,0,0.01
1776873473.176510364,3,0,0.01
1776873474.209455774,0,29,1.23
1776873474.209455774,1,0,0.01
1776873474.209455774,2,0,0.01
1776873474.209455774,3,0,0.01
1776873475.242607898,0,38,1.23
1776873475.242607898,1,0,0.01
1776873475.242607898,2,0,0.01
1776873475.242607898,3,0,0.01
1776873476.275480447,0,38,1.23
1776873476.275480447,1,0,0.01
1776873476.275480447,2,0,0.01
1776873476.275480447,3,0,0.01
1776873477.309496583,0,38,1.23
1776873477.309496583,1,0,0.01
1776873477.309496583,2,0,0.01
1776873477.309496583,3,0,0.01
1776873478.342765319,0,0,1.23
1776873478.342765319,1,0,0.01
1776873478.342765319,2,0,0.01
1776873478.342765319,3,0,0.01
1776873479.376941955,0,0,1.23
1776873479.376941955,1,0,0.01
1776873479.376941955,2,0,0.01
1776873479.376941955,3,0,0.01
1776873480.410381818,0,0,1.23
1776873480.410381818,1,0,0.01
1776873480.410381818,2,0,0.01
1776873480.410381818,3,0,0.01
1776873481.444008419,0,0,1.23
1776873481.444008419,1,0,0.01
1776873481.444008419,2,0,0.01
1776873481.444008419,3,0,0.01
1776873482.479021538,0,0,1.23
1776873482.479021538,1,0,0.01
1776873482.479021538,2,0,0.01
1776873482.479021538,3,0,0.01
1776873483.512418161,0,0,1.23
1776873483.512418161,1,0,0.01
1776873483.512418161,2,0,0.01
1776873483.512418161,3,0,0.01
1776873484.545923449,0,36,1.23
1776873484.545923449,1,0,0.01
1776873484.545923449,2,0,0.01
1776873484.545923449,3,0,0.01
1776873485.579835655,0,36,1.23
1776873485.579835655,1,0,0.01
1776873485.579835655,2,0,0.01
1776873485.579835655,3,0,0.01
1776873486.613707055,0,36,1.23
1776873486.613707055,1,0,0.01
1776873486.613707055,2,0,0.01
1776873486.613707055,3,0,0.01
1776873487.647433519,0,0,1.23
1776873487.647433519,1,0,0.01
1776873487.647433519,2,0,0.01
1776873487.647433519,3,0,0.01
1776873488.680868346,0,0,1.23
1776873488.680868346,1,0,0.01
1776873488.680868346,2,0,0.01
1776873488.680868346,3,0,0.01
1776873489.714021269,0,0,1.23
1776873489.714021269,1,0,0.01
1776873489.714021269,2,0,0.01
1776873489.714021269,3,0,0.01
1776873490.747676907,0,36,1.23
1776873490.747676907,1,0,0.01
1776873490.747676907,2,0,0.01
1776873490.747676907,3,0,0.01
1776873491.781480804,0,38,1.23
1776873491.781480804,1,0,0.01
1776873491.781480804,2,0,0.01
1776873491.781480804,3,0,0.01
1776873492.814936679,0,38,1.23
1776873492.814936679,1,0,0.01
1776873492.814936679,2,0,0.01
1776873492.814936679,3,0,0.01
1776873493.848788392,0,38,1.23
1776873493.848788392,1,0,0.01
1776873493.848788392,2,0,0.01
1776873493.848788392,3,0,0.01
1776873494.882385075,0,0,1.23
1776873494.882385075,1,0,0.01
1776873494.882385075,2,0,0.01
1776873494.882385075,3,0,0.01
1776873495.915136451,0,0,1.23
1776873495.915136451,1,0,0.01
1776873495.915136451,2,0,0.01
1776873495.915136451,3,0,0.01
1776873496.948702826,0,0,1.23
1776873496.948702826,1,0,0.01
1776873496.948702826,2,0,0.01
1776873496.948702826,3,0,0.01
1776873497.981437691,0,0,1.23
1776873497.981437691,1,0,0.01
1776873497.981437691,2,0,0.01
1776873497.981437691,3,0,0.01
1776873499.014684197,0,0,1.23
1776873499.014684197,1,0,0.01
1776873499.014684197,2,0,0.01
1776873499.014684197,3,0,0.01
1776873500.047983246,0,0,1.23
1776873500.047983246,1,0,0.01
1776873500.047983246,2,0,0.01
1776873500.047983246,3,0,0.01
1776873501.081694655,0,38,1.23
1776873501.081694655,1,0,0.01
1776873501.081694655,2,0,0.01
1776873501.081694655,3,0,0.01
1776873502.116008673,0,38,1.23
1776873502.116008673,1,0,0.01
1776873502.116008673,2,0,0.01
1776873502.116008673,3,0,0.01
1776873503.149551639,0,38,1.23
1776873503.149551639,1,0,0.01
1776873503.149551639,2,0,0.01
1776873503.149551639,3,0,0.01
1776873504.182945236,0,2,1.23
1776873504.182945236,1,0,0.01
1776873504.182945236,2,0,0.01
1776873504.182945236,3,0,0.01
1776873505.214709887,0,0,1.23
1776873505.214709887,1,0,0.01
1776873505.214709887,2,0,0.01
1776873505.214709887,3,0,0.01
1776873506.246374951,0,0,1.23
1776873506.246374951,1,0,0.01
1776873506.246374951,2,0,0.01
1776873506.246374951,3,0,0.01
1776873507.279550540,0,0,1.23
1776873507.279550540,1,0,0.01
1776873507.279550540,2,0,0.01
1776873507.279550540,3,0,0.01
1776873508.313507612,0,0,1.23
1776873508.313507612,1,0,0.01
1776873508.313507612,2,0,0.01
1776873508.313507612,3,0,0.01
1776873509.347411645,0,0,1.23
1776873509.347411645,1,0,0.01
1776873509.347411645,2,0,0.01
1776873509.347411645,3,0,0.01
1776873510.381167588,0,0,1.23
1776873510.381167588,1,0,0.01
1776873510.381167588,2,0,0.01
1776873510.381167588,3,0,0.01
1776873511.414469708,0,37,1.23
1776873511.414469708,1,0,0.01
1776873511.414469708,2,0,0.01
1776873511.414469708,3,0,0.01
1776873512.447458024,0,36,1.23
1776873512.447458024,1,0,0.01
1776873512.447458024,2,0,0.01
1776873512.447458024,3,0,0.01
1776873513.480529624,0,36,1.23
1776873513.480529624,1,0,0.01
1776873513.480529624,2,0,0.01
1776873513.480529624,3,0,0.01
1776873514.514641098,0,37,1.23
1776873514.514641098,1,0,0.01
1776873514.514641098,2,0,0.01
1776873514.514641098,3,0,0.01
1776873515.547567637,0,0,1.23
1776873515.547567637,1,0,0.01
1776873515.547567637,2,0,0.01
1776873515.547567637,3,0,0.01
1776873516.580374905,0,0,1.23
1776873516.580374905,1,0,0.01
1776873516.580374905,2,0,0.01
1776873516.580374905,3,0,0.01
1776873517.614507199,0,0,1.23
1776873517.614507199,1,0,0.01
1776873517.614507199,2,0,0.01
1776873517.614507199,3,0,0.01
1776873518.647214262,0,0,1.23
1776873518.647214262,1,0,0.01
1776873518.647214262,2,0,0.01
1776873518.647214262,3,0,0.01
1776873519.680455728,0,0,1.23
1776873519.680455728,1,0,0.01
1776873519.680455728,2,0,0.01
1776873519.680455728,3,0,0.01
1776873520.711843938,0,38,1.23
1776873520.711843938,1,0,0.01
1776873520.711843938,2,0,0.01
1776873520.711843938,3,0,0.01
1776873521.743671599,0,38,1.23
1776873521.743671599,1,0,0.01
1776873521.743671599,2,0,0.01
1776873521.743671599,3,0,0.01
1776873522.777552521,0,38,1.23
1776873522.777552521,1,0,0.01
1776873522.777552521,2,0,0.01
1776873522.777552521,3,0,0.01
1776873523.810956921,0,38,1.23
1776873523.810956921,1,0,0.01
1776873523.810956921,2,0,0.01
1776873523.810956921,3,0,0.01
1776873524.844506831,0,0,1.23
1776873524.844506831,1,0,0.01
1776873524.844506831,2,0,0.01
1776873524.844506831,3,0,0.01
1776873525.876815107,0,0,1.23
1776873525.876815107,1,0,0.01
1776873525.876815107,2,0,0.01
1776873525.876815107,3,0,0.01
1776873526.911057566,0,39,1.23
1776873526.911057566,1,0,0.01
1776873526.911057566,2,0,0.01
1776873526.911057566,3,0,0.01
1776873527.945211545,0,38,1.23
1776873527.945211545,1,0,0.01
1776873527.945211545,2,0,0.01
1776873527.945211545,3,0,0.01
1776873528.980870987,0,38,1.23
1776873528.980870987,1,0,0.01
1776873528.980870987,2,0,0.01
1776873528.980870987,3,0,0.01
1776873530.015383646,0,0,1.23
1776873530.015383646,1,0,0.01
1776873530.015383646,2,0,0.01
1776873530.015383646,3,0,0.01
1776873531.048869246,0,0,1.23
1776873531.048869246,1,0,0.01
1776873531.048869246,2,0,0.01
1776873531.048869246,3,0,0.01
1776873532.082933796,0,0,1.23
1776873532.082933796,1,0,0.01
1776873532.082933796,2,0,0.01
1776873532.082933796,3,0,0.01
1776873533.116568106,0,0,1.23
1776873533.116568106,1,0,0.01
1776873533.116568106,2,0,0.01
1776873533.116568106,3,0,0.01
1776873534.149856198,0,0,1.23
1776873534.149856198,1,0,0.01
1776873534.149856198,2,0,0.01
1776873534.149856198,3,0,0.01
1776873535.185321092,0,12,1.23
1776873535.185321092,1,0,0.01
1776873535.185321092,2,0,0.01
1776873535.185321092,3,0,0.01
1776873536.218918625,0,36,1.23
1776873536.218918625,1,0,0.01
1776873536.218918625,2,0,0.01
1776873536.218918625,3,0,0.01
1776873537.252524188,0,36,1.23
1776873537.252524188,1,0,0.01
1776873537.252524188,2,0,0.01
1776873537.252524188,3,0,0.01
1776873538.285762484,0,36,1.23
1776873538.285762484,1,0,0.01
1776873538.285762484,2,0,0.01
1776873538.285762484,3,0,0.01
1776873539.319635630,0,0,1.23
1776873539.319635630,1,0,0.01
1776873539.319635630,2,0,0.01
1776873539.319635630,3,0,0.01
1776873540.353519215,0,0,1.23
1776873540.353519215,1,0,0.01
1776873540.353519215,2,0,0.01
1776873540.353519215,3,0,0.01
1776873541.386964046,0,0,1.23
1776873541.386964046,1,0,0.01
1776873541.386964046,2,0,0.01
1776873541.386964046,3,0,0.01
1776873542.420345108,0,0,1.23
1776873542.420345108,1,0,0.01
1776873542.420345108,2,0,0.01
1776873542.420345108,3,0,0.01
1776873543.454837056,0,38,1.23
1776873543.454837056,1,0,0.01
1776873543.454837056,2,0,0.01
1776873543.454837056,3,0,0.01
1776873544.489041766,0,38,1.23
1776873544.489041766,1,0,0.01
1776873544.489041766,2,0,0.01
1776873544.489041766,3,0,0.01
1776873545.523634712,0,38,1.23
1776873545.523634712,1,0,0.01
1776873545.523634712,2,0,0.01
1776873545.523634712,3,0,0.01
1776873546.556773480,0,0,1.23
1776873546.556773480,1,0,0.01
1776873546.556773480,2,0,0.01
1776873546.556773480,3,0,0.01
1776873547.590924328,0,0,1.23
1776873547.590924328,1,0,0.01
1776873547.590924328,2,0,0.01
1776873547.590924328,3,0,0.01
1776873548.625213803,0,0,1.23
1776873548.625213803,1,0,0.01
1776873548.625213803,2,0,0.01
1776873548.625213803,3,0,0.01
1776873549.659441286,0,0,1.23
1776873549.659441286,1,0,0.01
1776873549.659441286,2,0,0.01
1776873549.659441286,3,0,0.01
1776873550.693760786,0,38,1.23
1776873550.693760786,1,0,0.01
1776873550.693760786,2,0,0.01
1776873550.693760786,3,0,0.01
1776873551.727505683,0,37,1.23
1776873551.727505683,1,0,0.01
1776873551.727505683,2,0,0.01
1776873551.727505683,3,0,0.01
1776873552.761889884,0,36,1.23
1776873552.761889884,1,0,0.01
1776873552.761889884,2,0,0.01
1776873552.761889884,3,0,0.01
1776873553.796221771,0,0,1.23
1776873553.796221771,1,0,0.01
1776873553.796221771,2,0,0.01
1776873553.796221771,3,0,0.01
1776873554.828341136,0,0,1.23
1776873554.828341136,1,0,0.01
1776873554.828341136,2,0,0.01
1776873554.828341136,3,0,0.01
1776873555.861236219,0,0,1.23
1776873555.861236219,1,0,0.01
1776873555.861236219,2,0,0.01
1776873555.861236219,3,0,0.01
1776873556.894632415,0,0,1.23
1776873556.894632415,1,0,0.01
1776873556.894632415,2,0,0.01
1776873556.894632415,3,0,0.01
1776873557.926868123,0,0,1.23
1776873557.926868123,1,0,0.01
1776873557.926868123,2,0,0.01
1776873557.926868123,3,0,0.01
1776873558.959692033,0,0,1.23
1776873558.959692033,1,0,0.01
1776873558.959692033,2,0,0.01
1776873558.959692033,3,0,0.01
1776873559.993280332,0,36,1.23
1776873559.993280332,1,0,0.01
1776873559.993280332,2,0,0.01
1776873559.993280332,3,0,0.01
1776873561.027072503,0,38,1.23
1776873561.027072503,1,0,0.01
1776873561.027072503,2,0,0.01
1776873561.027072503,3,0,0.01
1776873562.062222529,0,38,1.23
1776873562.062222529,1,0,0.01
1776873562.062222529,2,0,0.01
1776873562.062222529,3,0,0.01
1776873563.096855613,0,38,1.23
1776873563.096855613,1,0,0.01
1776873563.096855613,2,0,0.01
1776873563.096855613,3,0,0.01
1776873564.131363338,0,0,1.23
1776873564.131363338,1,0,0.01
1776873564.131363338,2,0,0.01
1776873564.131363338,3,0,0.01
1776873565.168645998,0,0,1.23
1776873565.168645998,1,0,0.01
1776873565.168645998,2,0,0.01
1776873565.168645998,3,0,0.01
1776873566.202286654,0,0,1.23
1776873566.202286654,1,0,0.01
1776873566.202286654,2,0,0.01
1776873566.202286654,3,0,0.01
1776873567.236515278,0,0,1.23
1776873567.236515278,1,0,0.01
1776873567.236515278,2,0,0.01
1776873567.236515278,3,0,0.01
1776873568.270640873,0,0,1.23
1776873568.270640873,1,0,0.01
1776873568.270640873,2,0,0.01
1776873568.270640873,3,0,0.01
1776873569.304160246,0,0,1.23
1776873569.304160246,1,0,0.01
1776873569.304160246,2,0,0.01
1776873569.304160246,3,0,0.01
1776873570.337327330,0,0,1.23
1776873570.337327330,1,0,0.01
1776873570.337327330,2,0,0.01
1776873570.337327330,3,0,0.01
1776873571.371438356,0,14,1.23
1776873571.371438356,1,0,0.01
1776873571.371438356,2,0,0.01
1776873571.371438356,3,0,0.01
1776873572.404734309,0,38,1.23
1776873572.404734309,1,0,0.01
1776873572.404734309,2,0,0.01
1776873572.404734309,3,0,0.01
1776873573.438840048,0,38,1.23
1776873573.438840048,1,0,0.01
1776873573.438840048,2,0,0.01
1776873573.438840048,3,0,0.01
1776873574.472735183,0,38,1.23
1776873574.472735183,1,0,0.01
1776873574.472735183,2,0,0.01
1776873574.472735183,3,0,0.01
1776873575.507073131,0,0,1.23
1776873575.507073131,1,0,0.01
1776873575.507073131,2,0,0.01
1776873575.507073131,3,0,0.01
1776873576.540769746,0,0,1.23
1776873576.540769746,1,0,0.01
1776873576.540769746,2,0,0.01
1776873576.540769746,3,0,0.01
1776873577.575097163,0,0,1.23
1776873577.575097163,1,0,0.01
1776873577.575097163,2,0,0.01
1776873577.575097163,3,0,0.01
1776873578.608631966,0,0,1.23
1776873578.608631966,1,0,0.01
1776873578.608631966,2,0,0.01
1776873578.608631966,3,0,0.01
1776873579.641866310,0,0,1.23
1776873579.641866310,1,0,0.01
1776873579.641866310,2,0,0.01
1776873579.641866310,3,0,0.01
1776873580.675997237,0,0,1.23
1776873580.675997237,1,0,0.01
1776873580.675997237,2,0,0.01
1776873580.675997237,3,0,0.01
1776873581.709742937,0,0,1.23
1776873581.709742937,1,0,0.01
1776873581.709742937,2,0,0.01
1776873581.709742937,3,0,0.01
1776873582.741357653,0,37,1.23
1776873582.741357653,1,0,0.01
1776873582.741357653,2,0,0.01
1776873582.741357653,3,0,0.01
1776873583.775870992,0,36,1.23
1776873583.775870992,1,0,0.01
1776873583.775870992,2,0,0.01
1776873583.775870992,3,0,0.01
1776873584.809748055,0,36,1.23
1776873584.809748055,1,0,0.01
1776873584.809748055,2,0,0.01
1776873584.809748055,3,0,0.01
1776873585.843123475,0,0,1.23
1776873585.843123475,1,0,0.01
1776873585.843123475,2,0,0.01
1776873585.843123475,3,0,0.01
1776873586.876084951,0,0,1.23
1776873586.876084951,1,0,0.01
1776873586.876084951,2,0,0.01
1776873586.876084951,3,0,0.01
1776873587.910361157,0,0,1.23
1776873587.910361157,1,0,0.01
1776873587.910361157,2,0,0.01
1776873587.910361157,3,0,0.01
1776873588.943376405,0,0,1.23
1776873588.943376405,1,0,0.01
1776873588.943376405,2,0,0.01
1776873588.943376405,3,0,0.01
1776873589.976331780,0,0,1.23
1776873589.976331780,1,0,0.01
1776873589.976331780,2,0,0.01
1776873589.976331780,3,0,0.01
1776873591.010569002,0,0,1.23
1776873591.010569002,1,0,0.01
1776873591.010569002,2,0,0.01
1776873591.010569002,3,0,0.01
1776873592.043459289,0,37,1.23
1776873592.043459289,1,0,0.01
1776873592.043459289,2,0,0.01
1776873592.043459289,3,0,0.01
1776873593.077877203,0,37,1.23
1776873593.077877203,1,0,0.01
1776873593.077877203,2,0,0.01
1776873593.077877203,3,0,0.01
1776873594.112102662,0,37,1.23
1776873594.112102662,1,0,0.01
1776873594.112102662,2,0,0.01
1776873594.112102662,3,0,0.01
1776873595.146221713,0,0,1.23
1776873595.146221713,1,0,0.01
1776873595.146221713,2,0,0.01
1776873595.146221713,3,0,0.01
1776873596.179667641,0,0,1.23
1776873596.179667641,1,0,0.01
1776873596.179667641,2,0,0.01
1776873596.179667641,3,0,0.01
1776873597.211973786,0,0,1.23
1776873597.211973786,1,0,0.01
1776873597.211973786,2,0,0.01
1776873597.211973786,3,0,0.01
1776873598.244306988,0,0,1.23
1776873598.244306988,1,0,0.01
1776873598.244306988,2,0,0.01
1776873598.244306988,3,0,0.01
1776873599.277926175,0,0,1.23
1776873599.277926175,1,0,0.01
1776873599.277926175,2,0,0.01
1776873599.277926175,3,0,0.01
1776873600.311554389,0,0,1.23
1776873600.311554389,1,0,0.01
1776873600.311554389,2,0,0.01
1776873600.311554389,3,0,0.01
1776873601.344509094,0,0,1.23
1776873601.344509094,1,0,0.01
1776873601.344509094,2,0,0.01
1776873601.344509094,3,0,0.01
1776873602.378465474,0,36,1.23
1776873602.378465474,1,0,0.01
1776873602.378465474,2,0,0.01
1776873602.378465474,3,0,0.01
1776873603.411957788,0,36,1.23
1776873603.411957788,1,0,0.01
1776873603.411957788,2,0,0.01
1776873603.411957788,3,0,0.01
1776873604.445407034,0,36,1.23
1776873604.445407034,1,0,0.01
1776873604.445407034,2,0,0.01
1776873604.445407034,3,0,0.01
1776873605.478728982,0,10,1.23
1776873605.478728982,1,0,0.01
1776873605.478728982,2,0,0.01
1776873605.478728982,3,0,0.01
1776873606.512182785,0,0,1.23
1776873606.512182785,1,0,0.01
1776873606.512182785,2,0,0.01
1776873606.512182785,3,0,0.01
1776873607.546029369,0,0,1.23
1776873607.546029369,1,0,0.01
1776873607.546029369,2,0,0.01
1776873607.546029369,3,0,0.01
1776873608.579515961,0,0,1.23
1776873608.579515961,1,0,0.01
1776873608.579515961,2,0,0.01
1776873608.579515961,3,0,0.01
1776873609.613806512,0,0,1.23
1776873609.613806512,1,0,0.01
1776873609.613806512,2,0,0.01
1776873609.613806512,3,0,0.01
1776873610.646291149,0,0,1.23
1776873610.646291149,1,0,0.01
1776873610.646291149,2,0,0.01
1776873610.646291149,3,0,0.01
1776873611.680340295,0,0,1.23
1776873611.680340295,1,0,0.01
1776873611.680340295,2,0,0.01
1776873611.680340295,3,0,0.01
1776873612.714423627,0,0,1.23
1776873612.714423627,1,0,0.01
1776873612.714423627,2,0,0.01
1776873612.714423627,3,0,0.01
1776873613.747692325,0,0,1.23
1776873613.747692325,1,0,0.01
1776873613.747692325,2,0,0.01
1776873613.747692325,3,0,0.01
1776873614.781963126,0,0,1.23
1776873614.781963126,1,0,0.01
1776873614.781963126,2,0,0.01
1776873614.781963126,3,0,0.01
1776873615.815889445,0,0,1.23
1776873615.815889445,1,0,0.01
1776873615.815889445,2,0,0.01
1776873615.815889445,3,0,0.01
1776873616.849906732,0,0,1.23
1776873616.849906732,1,0,0.01
1776873616.849906732,2,0,0.01
1776873616.849906732,3,0,0.01
1776873617.883394505,0,0,1.23
1776873617.883394505,1,0,0.01
1776873617.883394505,2,0,0.01
1776873617.883394505,3,0,0.01
1776873618.917904542,0,38,1.23
1776873618.917904542,1,0,0.01
1776873618.917904542,2,0,0.01
1776873618.917904542,3,0,0.01
1776873619.951452378,0,38,1.23
1776873619.951452378,1,0,0.01
1776873619.951452378,2,0,0.01
1776873619.951452378,3,0,0.01
1776873620.983641244,0,38,1.23
1776873620.983641244,1,0,0.01
1776873620.983641244,2,0,0.01
1776873620.983641244,3,0,0.01
1776873622.015473604,0,0,1.23
1776873622.015473604,1,0,0.01
1776873622.015473604,2,0,0.01
1776873622.015473604,3,0,0.01
1776873623.048036267,0,0,1.23
1776873623.048036267,1,0,0.01
1776873623.048036267,2,0,0.01
1776873623.048036267,3,0,0.01
1776873624.080196452,0,0,1.23
1776873624.080196452,1,0,0.01
1776873624.080196452,2,0,0.01
1776873624.080196452,3,0,0.01
1776873625.112183253,0,0,1.23
1776873625.112183253,1,0,0.01
1776873625.112183253,2,0,0.01
1776873625.112183253,3,0,0.01
1776873626.145334185,0,37,1.23
1776873626.145334185,1,0,0.01
1776873626.145334185,2,0,0.01
1776873626.145334185,3,0,0.01
1776873627.177952681,0,36,1.23
1776873627.177952681,1,0,0.01
1776873627.177952681,2,0,0.01
1776873627.177952681,3,0,0.01
1776873628.209483234,0,36,1.23
1776873628.209483234,1,0,0.01
1776873628.209483234,2,0,0.01
1776873628.209483234,3,0,0.01
1776873629.242732893,0,0,1.23
1776873629.242732893,1,0,0.01
1776873629.242732893,2,0,0.01
1776873629.242732893,3,0,0.01
1776873630.275937527,0,0,1.23
1776873630.275937527,1,0,0.01
1776873630.275937527,2,0,0.01
1776873630.275937527,3,0,0.01
1776873631.310078253,0,0,1.23
1776873631.310078253,1,0,0.01
1776873631.310078253,2,0,0.01
1776873631.310078253,3,0,0.01
1776873632.343268215,0,0,1.23
1776873632.343268215,1,0,0.01
1776873632.343268215,2,0,0.01
1776873632.343268215,3,0,0.01
1776873633.376824763,0,0,1.23
1776873633.376824763,1,0,0.01
1776873633.376824763,2,0,0.01
1776873633.376824763,3,0,0.01
1776873634.411006424,0,0,1.23
1776873634.411006424,1,0,0.01
1776873634.411006424,2,0,0.01
1776873634.411006424,3,0,0.01
1776873635.444488035,0,38,1.23
1776873635.444488035,1,0,0.01
1776873635.444488035,2,0,0.01
1776873635.444488035,3,0,0.01
1776873636.477629598,0,38,1.23
1776873636.477629598,1,0,0.01
1776873636.477629598,2,0,0.01
1776873636.477629598,3,0,0.01
1776873637.509658699,0,38,1.23
1776873637.509658699,1,0,0.01
1776873637.509658699,2,0,0.01
1776873637.509658699,3,0,0.01
1776873638.543352810,0,37,1.23
1776873638.543352810,1,0,0.01
1776873638.543352810,2,0,0.01
1776873638.543352810,3,0,0.01
1776873639.576494068,0,0,1.23
1776873639.576494068,1,0,0.01
1776873639.576494068,2,0,0.01
1776873639.576494068,3,0,0.01
1776873640.616028617,0,0,1.23
1776873640.616028617,1,0,0.01
1776873640.616028617,2,0,0.01
1776873640.616028617,3,0,0.01
1776873641.649859544,0,0,1.23
1776873641.649859544,1,0,0.01
1776873641.649859544,2,0,0.01
1776873641.649859544,3,0,0.01
1776873642.684391834,0,12,1.23
1776873642.684391834,1,0,0.01
1776873642.684391834,2,0,0.01
1776873642.684391834,3,0,0.01
1776873643.717506513,0,38,1.23
1776873643.717506513,1,0,0.01
1776873643.717506513,2,0,0.01
1776873643.717506513,3,0,0.01
1776873644.753203801,0,36,1.23
1776873644.753203801,1,0,0.01
1776873644.753203801,2,0,0.01
1776873644.753203801,3,0,0.01
1776873645.786007452,0,36,1.23
1776873645.786007452,1,0,0.01
1776873645.786007452,2,0,0.01
1776873645.786007452,3,0,0.01
1776873646.819499974,0,0,1.23
1776873646.819499974,1,0,0.01
1776873646.819499974,2,0,0.01
1776873646.819499974,3,0,0.01
1776873647.854090616,0,36,1.23
1776873647.854090616,1,0,0.01
1776873647.854090616,2,0,0.01
1776873647.854090616,3,0,0.01
1776873648.887474697,0,36,1.23
1776873648.887474697,1,0,0.01
1776873648.887474697,2,0,0.01
1776873648.887474697,3,0,0.01
1776873649.920585302,0,37,1.23
1776873649.920585302,1,0,0.01
1776873649.920585302,2,0,0.01
1776873649.920585302,3,0,0.01
1776873650.952589334,0,36,1.23
1776873650.952589334,1,0,0.01
1776873650.952589334,2,0,0.01
1776873650.952589334,3,0,0.01
1776873651.985490497,0,0,1.23
1776873651.985490497,1,0,0.01
1776873651.985490497,2,0,0.01
1776873651.985490497,3,0,0.01
1776873653.019777190,0,0,1.23
1776873653.019777190,1,0,0.01
1776873653.019777190,2,0,0.01
1776873653.019777190,3,0,0.01
1776873654.053417791,0,0,1.23
1776873654.053417791,1,0,0.01
1776873654.053417791,2,0,0.01
1776873654.053417791,3,0,0.01
1776873655.088287753,0,0,1.23
1776873655.088287753,1,0,0.01
1776873655.088287753,2,0,0.01
1776873655.088287753,3,0,0.01
1776873656.121498245,0,1,1.23
1776873656.121498245,1,0,0.01
1776873656.121498245,2,0,0.01
1776873656.121498245,3,0,0.01
1776873657.155819570,0,0,1.23
1776873657.155819570,1,0,0.01
1776873657.155819570,2,0,0.01
1776873657.155819570,3,0,0.01
1776873658.189870336,0,0,1.23
1776873658.189870336,1,0,0.01
1776873658.189870336,2,0,0.01
1776873658.189870336,3,0,0.01
1776873659.223802279,0,0,1.23
1776873659.223802279,1,0,0.01
1776873659.223802279,2,0,0.01
1776873659.223802279,3,0,0.01
1776873660.256667640,0,0,1.23
1776873660.256667640,1,0,0.01
1776873660.256667640,2,0,0.01
1776873660.256667640,3,0,0.01
1776873661.290645185,0,0,1.23
1776873661.290645185,1,0,0.01
1776873661.290645185,2,0,0.01
1776873661.290645185,3,0,0.01
1776873662.324474065,0,0,1.23
1776873662.324474065,1,0,0.01
1776873662.324474065,2,0,0.01
1776873662.324474065,3,0,0.01
1776873663.358097246,0,0,1.23
1776873663.358097246,1,0,0.01
1776873663.358097246,2,0,0.01
1776873663.358097246,3,0,0.01
1776873664.391243279,0,0,1.23
1776873664.391243279,1,0,0.01
1776873664.391243279,2,0,0.01
1776873664.391243279,3,0,0.01
1776873665.425060275,0,0,1.23
1776873665.425060275,1,0,0.01
1776873665.425060275,2,0,0.01
1776873665.425060275,3,0,0.01
1776873666.457698692,0,0,1.23
1776873666.457698692,1,0,0.01
1776873666.457698692,2,0,0.01
1776873666.457698692,3,0,0.01
1776873667.491121529,0,0,1.23
1776873667.491121529,1,0,0.01
1776873667.491121529,2,0,0.01
1776873667.491121529,3,0,0.01
1776873668.524114363,0,0,1.23
1776873668.524114363,1,0,0.01
1776873668.524114363,2,0,0.01
1776873668.524114363,3,0,0.01
1776873669.558953104,0,38,1.23
1776873669.558953104,1,0,0.01
1776873669.558953104,2,0,0.01
1776873669.558953104,3,0,0.01
1776873670.592157010,0,36,1.23
1776873670.592157010,1,0,0.01
1776873670.592157010,2,0,0.01
1776873670.592157010,3,0,0.01
1776873671.626341815,0,36,1.23
1776873671.626341815,1,0,0.01
1776873671.626341815,2,0,0.01
1776873671.626341815,3,0,0.01
1776873672.659421861,0,21,1.23
1776873672.659421861,1,0,0.01
1776873672.659421861,2,0,0.01
1776873672.659421861,3,0,0.01
1776873673.693515081,0,0,1.23
1776873673.693515081,1,0,0.01
1776873673.693515081,2,0,0.01
1776873673.693515081,3,0,0.01
1776873674.726986962,0,0,1.23
1776873674.726986962,1,0,0.01
1776873674.726986962,2,0,0.01
1776873674.726986962,3,0,0.01
1776873675.761153976,0,0,1.23
1776873675.761153976,1,0,0.01
1776873675.761153976,2,0,0.01
1776873675.761153976,3,0,0.01
1776873676.794092253,0,0,1.23
1776873676.794092253,1,0,0.01
1776873676.794092253,2,0,0.01
1776873676.794092253,3,0,0.01
1776873677.827672194,0,0,1.23
1776873677.827672194,1,0,0.01
1776873677.827672194,2,0,0.01
1776873677.827672194,3,0,0.01
1776873678.861356324,0,36,1.23
1776873678.861356324,1,0,0.01
1776873678.861356324,2,0,0.01
1776873678.861356324,3,0,0.01
1776873679.896201631,0,38,1.23
1776873679.896201631,1,0,0.01
1776873679.896201631,2,0,0.01
1776873679.896201631,3,0,0.01
1776873680.929878885,0,38,1.23
1776873680.929878885,1,0,0.01
1776873680.929878885,2,0,0.01
1776873680.929878885,3,0,0.01
1776873681.962488657,0,38,1.23
1776873681.962488657,1,0,0.01
1776873681.962488657,2,0,0.01
1776873681.962488657,3,0,0.01
1776873682.996379774,0,0,1.23
1776873682.996379774,1,0,0.01
1776873682.996379774,2,0,0.01
1776873682.996379774,3,0,0.01
1776873684.031085422,0,0,1.23
1776873684.031085422,1,0,0.01
1776873684.031085422,2,0,0.01
1776873684.031085422,3,0,0.01
1776873685.064688343,0,0,1.23
1776873685.064688343,1,0,0.01
1776873685.064688343,2,0,0.01
1776873685.064688343,3,0,0.01
1776873686.096731186,0,0,1.23
1776873686.096731186,1,0,0.01
1776873686.096731186,2,0,0.01
1776873686.096731186,3,0,0.01
1776873687.128391118,0,37,1.23
1776873687.128391118,1,0,0.01
1776873687.128391118,2,0,0.01
1776873687.128391118,3,0,0.01
1776873688.161846674,0,37,1.23
1776873688.161846674,1,0,0.01
1776873688.161846674,2,0,0.01
1776873688.161846674,3,0,0.01
1776873689.194635120,0,37,1.23
1776873689.194635120,1,0,0.01
1776873689.194635120,2,0,0.01
1776873689.194635120,3,0,0.01
1776873690.226197739,0,38,1.23
1776873690.226197739,1,0,0.01
1776873690.226197739,2,0,0.01
1776873690.226197739,3,0,0.01
1776873691.258391165,0,0,1.23
1776873691.258391165,1,0,0.01
1776873691.258391165,2,0,0.01
1776873691.258391165,3,0,0.01
1776873692.292164873,0,0,1.23
1776873692.292164873,1,0,0.01
1776873692.292164873,2,0,0.01
1776873692.292164873,3,0,0.01
1776873693.325269828,0,0,1.23
1776873693.325269828,1,0,0.01
1776873693.325269828,2,0,0.01
1776873693.325269828,3,0,0.01
1776873694.358469096,0,36,1.23
1776873694.358469096,1,0,0.01
1776873694.358469096,2,0,0.01
1776873694.358469096,3,0,0.01
1776873695.391422831,0,36,1.23
1776873695.391422831,1,0,0.01
1776873695.391422831,2,0,0.01
1776873695.391422831,3,0,0.01
1776873696.425857305,0,36,1.23
1776873696.425857305,1,0,0.01
1776873696.425857305,2,0,0.01
1776873696.425857305,3,0,0.01
1776873697.458773937,0,36,1.23
1776873697.458773937,1,0,0.01
1776873697.458773937,2,0,0.01
1776873697.458773937,3,0,0.01
1776873698.492383847,0,0,1.23
1776873698.492383847,1,0,0.01
1776873698.492383847,2,0,0.01
1776873698.492383847,3,0,0.01
1776873699.525743156,0,0,1.23
1776873699.525743156,1,0,0.01
1776873699.525743156,2,0,0.01
1776873699.525743156,3,0,0.01
1776873700.560323023,0,0,1.23
1776873700.560323023,1,0,0.01
1776873700.560323023,2,0,0.01
1776873700.560323023,3,0,0.01
1776873701.593393027,0,0,1.23
1776873701.593393027,1,0,0.01
1776873701.593393027,2,0,0.01
1776873701.593393027,3,0,0.01
1776873702.627324642,0,37,1.23
1776873702.627324642,1,0,0.01
1776873702.627324642,2,0,0.01
1776873702.627324642,3,0,0.01
1776873703.660653158,0,38,1.23
1776873703.660653158,1,0,0.01
1776873703.660653158,2,0,0.01
1776873703.660653158,3,0,0.01
1776873704.693928556,0,38,1.23
1776873704.693928556,1,0,0.01
1776873704.693928556,2,0,0.01
1776873704.693928556,3,0,0.01
1776873705.727466621,0,0,1.23
1776873705.727466621,1,0,0.01
1776873705.727466621,2,0,0.01
1776873705.727466621,3,0,0.01
1776873706.760291976,0,0,1.23
1776873706.760291976,1,0,0.01
1776873706.760291976,2,0,0.01
1776873706.760291976,3,0,0.01
1776873707.793398409,0,0,1.23
1776873707.793398409,1,0,0.01
1776873707.793398409,2,0,0.01
1776873707.793398409,3,0,0.01
1776873708.827806814,0,0,1.23
1776873708.827806814,1,0,0.01
1776873708.827806814,2,0,0.01
1776873708.827806814,3,0,0.01
1776873709.860826111,0,0,1.23
1776873709.860826111,1,0,0.01
1776873709.860826111,2,0,0.01
1776873709.860826111,3,0,0.01
1776873710.893793289,0,38,1.23
1776873710.893793289,1,0,0.01
1776873710.893793289,2,0,0.01
1776873710.893793289,3,0,0.01
1776873711.927003461,0,38,1.23
1776873711.927003461,1,0,0.01
1776873711.927003461,2,0,0.01
1776873711.927003461,3,0,0.01
1776873712.959988854,0,38,1.23
1776873712.959988854,1,0,0.01
1776873712.959988854,2,0,0.01
1776873712.959988854,3,0,0.01
1776873713.992647461,0,0,1.23
1776873713.992647461,1,0,0.01
1776873713.992647461,2,0,0.01
1776873713.992647461,3,0,0.01
1776873715.024933320,0,0,1.23
1776873715.024933320,1,0,0.01
1776873715.024933320,2,0,0.01
1776873715.024933320,3,0,0.01
1776873716.058683958,0,0,1.23
1776873716.058683958,1,0,0.01
1776873716.058683958,2,0,0.01
1776873716.058683958,3,0,0.01
1776873717.091276809,0,0,1.23
1776873717.091276809,1,0,0.01
1776873717.091276809,2,0,0.01
1776873717.091276809,3,0,0.01
1776873718.124880670,0,0,1.23
1776873718.124880670,1,0,0.01
1776873718.124880670,2,0,0.01
1776873718.124880670,3,0,0.01
1776873719.159369222,0,0,1.23
1776873719.159369222,1,0,0.01
1776873719.159369222,2,0,0.01
1776873719.159369222,3,0,0.01
1776873720.192511422,0,0,1.23
1776873720.192511422,1,0,0.01
1776873720.192511422,2,0,0.01
1776873720.192511422,3,0,0.01
1776873721.226665483,0,0,1.23
1776873721.226665483,1,0,0.01
1776873721.226665483,2,0,0.01
1776873721.226665483,3,0,0.01
1776873722.260120287,0,0,1.23
1776873722.260120287,1,0,0.01
1776873722.260120287,2,0,0.01
1776873722.260120287,3,0,0.01
1776873723.294588668,0,0,1.23
1776873723.294588668,1,0,0.01
1776873723.294588668,2,0,0.01
1776873723.294588668,3,0,0.01
1776873724.328239405,0,0,1.23
1776873724.328239405,1,0,0.01
1776873724.328239405,2,0,0.01
1776873724.328239405,3,0,0.01
1776873725.361539080,0,0,1.23
1776873725.361539080,1,0,0.01
1776873725.361539080,2,0,0.01
1776873725.361539080,3,0,0.01
1776873726.395370049,0,0,1.23
1776873726.395370049,1,0,0.01
1776873726.395370049,2,0,0.01
1776873726.395370049,3,0,0.01
1776873727.428582342,0,0,1.23
1776873727.428582342,1,0,0.01
1776873727.428582342,2,0,0.01
1776873727.428582342,3,0,0.01
1776873728.462034876,0,0,1.23
1776873728.462034876,1,0,0.01
1776873728.462034876,2,0,0.01
1776873728.462034876,3,0,0.01
1776873729.497407641,0,0,1.23
1776873729.497407641,1,0,0.01
1776873729.497407641,2,0,0.01
1776873729.497407641,3,0,0.01
1776873730.531173123,0,10,1.23
1776873730.531173123,1,0,0.01
1776873730.531173123,2,0,0.01
1776873730.531173123,3,0,0.01
1776873731.564329363,0,38,1.23
1776873731.564329363,1,0,0.01
1776873731.564329363,2,0,0.01
1776873731.564329363,3,0,0.01
1776873732.597225792,0,38,1.23
1776873732.597225792,1,0,0.01
1776873732.597225792,2,0,0.01
1776873732.597225792,3,0,0.01
1776873733.629504197,0,38,1.23
1776873733.629504197,1,0,0.01
1776873733.629504197,2,0,0.01
1776873733.629504197,3,0,0.01
1776873734.662986033,0,0,1.23
1776873734.662986033,1,0,0.01
1776873734.662986033,2,0,0.01
1776873734.662986033,3,0,0.01
1776873735.696904805,0,18,1.23
1776873735.696904805,1,0,0.01
1776873735.696904805,2,0,0.01
1776873735.696904805,3,0,0.01
1776873736.731284094,0,37,1.23
1776873736.731284094,1,0,0.01
1776873736.731284094,2,0,0.01
1776873736.731284094,3,0,0.01
1776873737.764969716,0,36,1.23
1776873737.764969716,1,0,0.01
1776873737.764969716,2,0,0.01
1776873737.764969716,3,0,0.01
1776873738.799071663,0,36,1.23
1776873738.799071663,1,0,0.01
1776873738.799071663,2,0,0.01
1776873738.799071663,3,0,0.01
1776873739.832901009,0,0,1.23
1776873739.832901009,1,0,0.01
1776873739.832901009,2,0,0.01
1776873739.832901009,3,0,0.01
1776873740.866221015,0,0,1.23
1776873740.866221015,1,0,0.01
1776873740.866221015,2,0,0.01
1776873740.866221015,3,0,0.01
1776873741.899865342,0,0,1.23
1776873741.899865342,1,0,0.01
1776873741.899865342,2,0,0.01
1776873741.899865342,3,0,0.01
1776873742.933463355,0,0,1.23
1776873742.933463355,1,0,0.01
1776873742.933463355,2,0,0.01
1776873742.933463355,3,0,0.01
1776873743.966699456,0,36,1.23
1776873743.966699456,1,0,0.01
1776873743.966699456,2,0,0.01
1776873743.966699456,3,0,0.01
1776873745.000042264,0,36,1.23
1776873745.000042264,1,0,0.01
1776873745.000042264,2,0,0.01
1776873745.000042264,3,0,0.01
1776873746.033469012,0,36,1.23
1776873746.033469012,1,0,0.01
1776873746.033469012,2,0,0.01
1776873746.033469012,3,0,0.01
1776873747.066425248,0,38,1.23
1776873747.066425248,1,0,0.01
1776873747.066425248,2,0,0.01
1776873747.066425248,3,0,0.01
1776873748.098620092,0,0,1.23
1776873748.098620092,1,0,0.01
1776873748.098620092,2,0,0.01
1776873748.098620092,3,0,0.01
1776873749.133442412,0,0,1.23
1776873749.133442412,1,0,0.01
1776873749.133442412,2,0,0.01
1776873749.133442412,3,0,0.01
1776873750.164941692,0,0,1.23
1776873750.164941692,1,0,0.01
1776873750.164941692,2,0,0.01
1776873750.164941692,3,0,0.01
1776873751.198605747,0,0,1.23
1776873751.198605747,1,0,0.01
1776873751.198605747,2,0,0.01
1776873751.198605747,3,0,0.01
1776873752.231953884,0,0,1.23
1776873752.231953884,1,0,0.01
1776873752.231953884,2,0,0.01
1776873752.231953884,3,0,0.01
1776873753.265957832,0,0,1.23
1776873753.265957832,1,0,0.01
1776873753.265957832,2,0,0.01
1776873753.265957832,3,0,0.01
1776873754.299582225,0,0,1.23
1776873754.299582225,1,0,0.01
1776873754.299582225,2,0,0.01
1776873754.299582225,3,0,0.01
1776873755.333506100,0,38,1.23
1776873755.333506100,1,0,0.01
1776873755.333506100,2,0,0.01
1776873755.333506100,3,0,0.01
1776873756.368085255,0,37,1.23
1776873756.368085255,1,0,0.01
1776873756.368085255,2,0,0.01
1776873756.368085255,3,0,0.01
1776873757.400977334,0,38,1.23
1776873757.400977334,1,0,0.01
1776873757.400977334,2,0,0.01
1776873757.400977334,3,0,0.01
1776873758.435626116,0,18,1.23
1776873758.435626116,1,0,0.01
1776873758.435626116,2,0,0.01
1776873758.435626116,3,0,0.01
1776873759.467174015,0,0,1.23
1776873759.467174015,1,0,0.01
1776873759.467174015,2,0,0.01
1776873759.467174015,3,0,0.01
1776873760.500441600,0,0,1.23
1776873760.500441600,1,0,0.01
1776873760.500441600,2,0,0.01
1776873760.500441600,3,0,0.01
1776873761.532560294,0,0,1.23
1776873761.532560294,1,0,0.01
1776873761.532560294,2,0,0.01
1776873761.532560294,3,0,0.01
1776873762.565976018,0,36,1.23
1776873762.565976018,1,0,0.01
1776873762.565976018,2,0,0.01
1776873762.565976018,3,0,0.01
1776873763.599466168,0,36,1.23
1776873763.599466168,1,0,0.01
1776873763.599466168,2,0,0.01
1776873763.599466168,3,0,0.01
1776873764.632572268,0,36,1.23
1776873764.632572268,1,0,0.01
1776873764.632572268,2,0,0.01
1776873764.632572268,3,0,0.01
1776873765.664561588,0,36,1.23
1776873765.664561588,1,0,0.01
1776873765.664561588,2,0,0.01
1776873765.664561588,3,0,0.01
1776873766.697581210,0,0,1.23
1776873766.697581210,1,0,0.01
1776873766.697581210,2,0,0.01
1776873766.697581210,3,0,0.01
1776873767.731014870,0,0,1.23
1776873767.731014870,1,0,0.01
1776873767.731014870,2,0,0.01
1776873767.731014870,3,0,0.01
1776873768.762681956,0,0,1.23
1776873768.762681956,1,0,0.01
1776873768.762681956,2,0,0.01
1776873768.762681956,3,0,0.01
1776873769.794870326,0,0,1.23
1776873769.794870326,1,0,0.01
1776873769.794870326,2,0,0.01
1776873769.794870326,3,0,0.01
1776873770.827630484,0,0,1.23
1776873770.827630484,1,0,0.01
1776873770.827630484,2,0,0.01
1776873770.827630484,3,0,0.01
1776873771.860683827,0,0,1.23
1776873771.860683827,1,0,0.01
1776873771.860683827,2,0,0.01
1776873771.860683827,3,0,0.01
1776873772.893374734,0,0,1.23
1776873772.893374734,1,0,0.01
1776873772.893374734,2,0,0.01
1776873772.893374734,3,0,0.01
1776873773.925594862,0,37,1.23
1776873773.925594862,1,0,0.01
1776873773.925594862,2,0,0.01
1776873773.925594862,3,0,0.01
1776873774.958500755,0,38,1.23
1776873774.958500755,1,0,0.01
1776873774.958500755,2,0,0.01
1776873774.958500755,3,0,0.01
1776873775.990141559,0,38,1.23
1776873775.990141559,1,0,0.01
1776873775.990141559,2,0,0.01
1776873775.990141559,3,0,0.01
1776873777.022076069,0,1,1.23
1776873777.022076069,1,0,0.01
1776873777.022076069,2,0,0.01
1776873777.022076069,3,0,0.01
1776873778.056026983,0,0,1.23
1776873778.056026983,1,0,0.01
1776873778.056026983,2,0,0.01
1776873778.056026983,3,0,0.01
1776873779.089648906,0,0,1.23
1776873779.089648906,1,0,0.01
1776873779.089648906,2,0,0.01
1776873779.089648906,3,0,0.01
1776873780.123847940,0,0,1.23
1776873780.123847940,1,0,0.01
1776873780.123847940,2,0,0.01
1776873780.123847940,3,0,0.01
1776873781.158153887,0,0,1.23
1776873781.158153887,1,0,0.01
1776873781.158153887,2,0,0.01
1776873781.158153887,3,0,0.01
1776873782.192561196,0,0,1.23
1776873782.192561196,1,0,0.01
1776873782.192561196,2,0,0.01
1776873782.192561196,3,0,0.01
1776873783.226253474,0,0,1.23
1776873783.226253474,1,0,0.01
1776873783.226253474,2,0,0.01
1776873783.226253474,3,0,0.01
1776873784.259597914,0,0,1.23
1776873784.259597914,1,0,0.01
1776873784.259597914,2,0,0.01
1776873784.259597914,3,0,0.01
1776873785.292528329,0,0,1.23
1776873785.292528329,1,0,0.01
1776873785.292528329,2,0,0.01
1776873785.292528329,3,0,0.01
1776873786.326577589,0,0,1.23
1776873786.326577589,1,0,0.01
1776873786.326577589,2,0,0.01
1776873786.326577589,3,0,0.01
1776873787.361068590,0,36,1.23
1776873787.361068590,1,0,0.01
1776873787.361068590,2,0,0.01
1776873787.361068590,3,0,0.01
1776873788.394212892,0,36,1.23
1776873788.394212892,1,0,0.01
1776873788.394212892,2,0,0.01
1776873788.394212892,3,0,0.01
1776873789.426506226,0,36,1.23
1776873789.426506226,1,0,0.01
1776873789.426506226,2,0,0.01
1776873789.426506226,3,0,0.01
1776873790.459529394,0,36,1.23
1776873790.459529394,1,0,0.01
1776873790.459529394,2,0,0.01
1776873790.459529394,3,0,0.01
1776873791.492541533,0,0,1.23
1776873791.492541533,1,0,0.01
1776873791.492541533,2,0,0.01
1776873791.492541533,3,0,0.01
1776873792.526193391,0,0,1.23
1776873792.526193391,1,0,0.01
1776873792.526193391,2,0,0.01
1776873792.526193391,3,0,0.01
1776873793.559562571,0,0,1.23
1776873793.559562571,1,0,0.01
1776873793.559562571,2,0,0.01
1776873793.559562571,3,0,0.01
1776873794.592594004,0,0,1.23
1776873794.592594004,1,0,0.01
1776873794.592594004,2,0,0.01
1776873794.592594004,3,0,0.01
1776873795.625244508,0,0,1.23
1776873795.625244508,1,0,0.01
1776873795.625244508,2,0,0.01
1776873795.625244508,3,0,0.01
1776873796.659139620,0,0,1.23
1776873796.659139620,1,0,0.01
1776873796.659139620,2,0,0.01
1776873796.659139620,3,0,0.01
1776873797.693659370,0,0,1.23
1776873797.693659370,1,0,0.01
1776873797.693659370,2,0,0.01
1776873797.693659370,3,0,0.01
1776873798.727732443,0,0,1.23
1776873798.727732443,1,0,0.01
1776873798.727732443,2,0,0.01
1776873798.727732443,3,0,0.01
1776873799.761766571,0,0,1.23
1776873799.761766571,1,0,0.01
1776873799.761766571,2,0,0.01
1776873799.761766571,3,0,0.01
1776873800.794830042,0,0,1.23
1776873800.794830042,1,0,0.01
1776873800.794830042,2,0,0.01
1776873800.794830042,3,0,0.01
1776873801.829418519,0,0,1.23
1776873801.829418519,1,0,0.01
1776873801.829418519,2,0,0.01
1776873801.829418519,3,0,0.01
1776873802.864302288,0,0,1.23
1776873802.864302288,1,0,0.01
1776873802.864302288,2,0,0.01
1776873802.864302288,3,0,0.01
1776873803.897651962,0,0,1.23
1776873803.897651962,1,0,0.01
1776873803.897651962,2,0,0.01
1776873803.897651962,3,0,0.01
1776873804.930420743,0,38,1.23
1776873804.930420743,1,0,0.01
1776873804.930420743,2,0,0.01
1776873804.930420743,3,0,0.01
1776873805.964722213,0,38,1.23
1776873805.964722213,1,0,0.01
1776873805.964722213,2,0,0.01
1776873805.964722213,3,0,0.01
1776873806.998554049,0,37,1.23
1776873806.998554049,1,0,0.01
1776873806.998554049,2,0,0.01
1776873806.998554049,3,0,0.01
1776873808.032280789,0,36,1.23
1776873808.032280789,1,0,0.01
1776873808.032280789,2,0,0.01
1776873808.032280789,3,0,0.01
1776873809.066309637,0,0,1.23
1776873809.066309637,1,0,0.01
1776873809.066309637,2,0,0.01
1776873809.066309637,3,0,0.01
1776873810.098767027,0,0,1.23
1776873810.098767027,1,0,0.01
1776873810.098767027,2,0,0.01
1776873810.098767027,3,0,0.01
1776873811.132712946,0,0,1.23
1776873811.132712946,1,0,0.01
1776873811.132712946,2,0,0.01
1776873811.132712946,3,0,0.01
1776873812.165813680,0,0,1.23
1776873812.165813680,1,0,0.01
1776873812.165813680,2,0,0.01
1776873812.165813680,3,0,0.01
1776873813.199965721,0,36,1.23
1776873813.199965721,1,0,0.01
1776873813.199965721,2,0,0.01
1776873813.199965721,3,0,0.01
1776873814.233820288,0,36,1.23
1776873814.233820288,1,0,0.01
1776873814.233820288,2,0,0.01
1776873814.233820288,3,0,0.01
1776873815.268398902,0,36,1.23
1776873815.268398902,1,0,0.01
1776873815.268398902,2,0,0.01
1776873815.268398902,3,0,0.01
1776873816.301630643,0,37,1.23
1776873816.301630643,1,0,0.01
1776873816.301630643,2,0,0.01
1776873816.301630643,3,0,0.01
1776873817.335172051,0,0,1.23
1776873817.335172051,1,0,0.01
1776873817.335172051,2,0,0.01
1776873817.335172051,3,0,0.01
1776873818.369222432,0,0,1.23
1776873818.369222432,1,0,0.01
1776873818.369222432,2,0,0.01
1776873818.369222432,3,0,0.01
1776873819.403616241,0,0,1.23
1776873819.403616241,1,0,0.01
1776873819.403616241,2,0,0.01
1776873819.403616241,3,0,0.01
1776873820.436898889,0,0,1.23
1776873820.436898889,1,0,0.01
1776873820.436898889,2,0,0.01
1776873820.436898889,3,0,0.01
1776873821.470843687,0,0,1.23
1776873821.470843687,1,0,0.01
1776873821.470843687,2,0,0.01
1776873821.470843687,3,0,0.01
1776873822.503700789,0,38,1.23
1776873822.503700789,1,0,0.01
1776873822.503700789,2,0,0.01
1776873822.503700789,3,0,0.01
1776873823.535870735,0,38,1.23
1776873823.535870735,1,0,0.01
1776873823.535870735,2,0,0.01
1776873823.535870735,3,0,0.01
1776873824.569925041,0,37,1.23
1776873824.569925041,1,0,0.01
1776873824.569925041,2,0,0.01
1776873824.569925041,3,0,0.01
1776873825.603194838,0,24,1.23
1776873825.603194838,1,0,0.01
1776873825.603194838,2,0,0.01
1776873825.603194838,3,0,0.01
1776873826.637488208,0,0,1.23
1776873826.637488208,1,0,0.01
1776873826.637488208,2,0,0.01
1776873826.637488208,3,0,0.01
1776873827.670723342,0,0,1.23
1776873827.670723342,1,0,0.01
1776873827.670723342,2,0,0.01
1776873827.670723342,3,0,0.01
1776873828.704480646,0,0,1.23
1776873828.704480646,1,0,0.01
1776873828.704480646,2,0,0.01
1776873828.704480646,3,0,0.01
1776873829.738485035,0,0,1.23
1776873829.738485035,1,0,0.01
1776873829.738485035,2,0,0.01
1776873829.738485035,3,0,0.01
1776873830.771976380,0,36,1.23
1776873830.771976380,1,0,0.01
1776873830.771976380,2,0,0.01
1776873830.771976380,3,0,0.01
1776873831.805604080,0,36,1.23
1776873831.805604080,1,0,0.01
1776873831.805604080,2,0,0.01
1776873831.805604080,3,0,0.01
1776873832.839597530,0,36,1.23
1776873832.839597530,1,0,0.01
1776873832.839597530,2,0,0.01
1776873832.839597530,3,0,0.01
1776873833.872087950,0,0,1.23
1776873833.872087950,1,0,0.01
1776873833.872087950,2,0,0.01
1776873833.872087950,3,0,0.01
1776873834.906598029,0,0,1.23
1776873834.906598029,1,0,0.01
1776873834.906598029,2,0,0.01
1776873834.906598029,3,0,0.01
1776873835.939587989,0,0,1.23
1776873835.939587989,1,0,0.01
1776873835.939587989,2,0,0.01
1776873835.939587989,3,0,0.01
1776873836.971544028,0,0,1.23
1776873836.971544028,1,0,0.01
1776873836.971544028,2,0,0.01
1776873836.971544028,3,0,0.01
1776873838.004897528,0,0,1.23
1776873838.004897528,1,0,0.01
1776873838.004897528,2,0,0.01
1776873838.004897528,3,0,0.01
1776873839.038619835,0,37,1.23
1776873839.038619835,1,0,0.01
1776873839.038619835,2,0,0.01
1776873839.038619835,3,0,0.01
1776873840.070154914,0,37,1.23
1776873840.070154914,1,0,0.01
1776873840.070154914,2,0,0.01
1776873840.070154914,3,0,0.01
1776873841.103405154,0,38,1.23
1776873841.103405154,1,0,0.01
1776873841.103405154,2,0,0.01
1776873841.103405154,3,0,0.01
1776873842.135230908,0,9,1.23
1776873842.135230908,1,0,0.01
1776873842.135230908,2,0,0.01
1776873842.135230908,3,0,0.01
1776873843.168185175,0,0,1.23
1776873843.168185175,1,0,0.01
1776873843.168185175,2,0,0.01
1776873843.168185175,3,0,0.01
1776873844.200288515,0,38,1.23
1776873844.200288515,1,0,0.01
1776873844.200288515,2,0,0.01
1776873844.200288515,3,0,0.01
1776873845.231962034,0,38,1.23
1776873845.231962034,1,0,0.01
1776873845.231962034,2,0,0.01
1776873845.231962034,3,0,0.01
1776873846.264687917,0,38,1.23
1776873846.264687917,1,0,0.01
1776873846.264687917,2,0,0.01
1776873846.264687917,3,0,0.01
1776873847.297893106,0,38,1.23
1776873847.297893106,1,0,0.01
1776873847.297893106,2,0,0.01
1776873847.297893106,3,0,0.01
1776873848.332272084,0,0,1.23
1776873848.332272084,1,0,0.01
1776873848.332272084,2,0,0.01
1776873848.332272084,3,0,0.01
1776873849.366980425,0,0,1.23
1776873849.366980425,1,0,0.01
1776873849.366980425,2,0,0.01
1776873849.366980425,3,0,0.01
1776873850.401479134,0,0,1.23
1776873850.401479134,1,0,0.01
1776873850.401479134,2,0,0.01
1776873850.401479134,3,0,0.01
1776873851.436618008,0,0,1.23
1776873851.436618008,1,0,0.01
1776873851.436618008,2,0,0.01
1776873851.436618008,3,0,0.01
1776873852.469062787,0,38,1.23
1776873852.469062787,1,0,0.01
1776873852.469062787,2,0,0.01
1776873852.469062787,3,0,0.01
1776873853.501466297,0,38,1.23
1776873853.501466297,1,0,0.01
1776873853.501466297,2,0,0.01
1776873853.501466297,3,0,0.01
1776873854.534794704,0,37,1.23
1776873854.534794704,1,0,0.01
1776873854.534794704,2,0,0.01
1776873854.534794704,3,0,0.01
1776873855.568088299,0,0,1.23
1776873855.568088299,1,0,0.01
1776873855.568088299,2,0,0.01
1776873855.568088299,3,0,0.01
1776873856.601552656,0,0,1.23
1776873856.601552656,1,0,0.01
1776873856.601552656,2,0,0.01
1776873856.601552656,3,0,0.01
1776873857.635380179,0,0,1.23
1776873857.635380179,1,0,0.01
1776873857.635380179,2,0,0.01
1776873857.635380179,3,0,0.01
1776873858.669141178,0,0,1.23
1776873858.669141178,1,0,0.01
1776873858.669141178,2,0,0.01
1776873858.669141178,3,0,0.01
1776873859.702905842,0,36,1.23
1776873859.702905842,1,0,0.01
1776873859.702905842,2,0,0.01
1776873859.702905842,3,0,0.01
1776873860.736363858,0,37,1.23
1776873860.736363858,1,0,0.01
1776873860.736363858,2,0,0.01
1776873860.736363858,3,0,0.01
1776873861.769592682,0,36,1.23
1776873861.769592682,1,0,0.01
1776873861.769592682,2,0,0.01
1776873861.769592682,3,0,0.01
1776873862.803047618,0,0,1.23
1776873862.803047618,1,0,0.01
1776873862.803047618,2,0,0.01
1776873862.803047618,3,0,0.01
1776873863.835900854,0,0,1.23
1776873863.835900854,1,0,0.01
1776873863.835900854,2,0,0.01
1776873863.835900854,3,0,0.01
1776873864.871871779,0,0,1.23
1776873864.871871779,1,0,0.01
1776873864.871871779,2,0,0.01
1776873864.871871779,3,0,0.01
1776873865.905288898,0,0,1.23
1776873865.905288898,1,0,0.01
1776873865.905288898,2,0,0.01
1776873865.905288898,3,0,0.01
1776873866.939415627,0,6,1.23
1776873866.939415627,1,0,0.01
1776873866.939415627,2,0,0.01
1776873866.939415627,3,0,0.01
1776873867.972618910,0,38,1.23
1776873867.972618910,1,0,0.01
1776873867.972618910,2,0,0.01
1776873867.972618910,3,0,0.01
1776873869.005466392,0,37,1.23
1776873869.005466392,1,0,0.01
1776873869.005466392,2,0,0.01
1776873869.005466392,3,0,0.01
1776873870.038302167,0,38,1.23
1776873870.038302167,1,0,0.01
1776873870.038302167,2,0,0.01
1776873870.038302167,3,0,0.01
1776873871.070840666,0,0,1.23
1776873871.070840666,1,0,0.01
1776873871.070840666,2,0,0.01
1776873871.070840666,3,0,0.01
1776873872.103921375,0,0,1.23
1776873872.103921375,1,0,0.01
1776873872.103921375,2,0,0.01
1776873872.103921375,3,0,0.01
1776873873.138057728,0,0,1.23
1776873873.138057728,1,0,0.01
1776873873.138057728,2,0,0.01
1776873873.138057728,3,0,0.01
1776873874.171528191,0,0,1.23
1776873874.171528191,1,0,0.01
1776873874.171528191,2,0,0.01
1776873874.171528191,3,0,0.01
1776873875.204984738,0,0,1.23
1776873875.204984738,1,0,0.01
1776873875.204984738,2,0,0.01
1776873875.204984738,3,0,0.01
1776873876.238583504,0,38,1.23
1776873876.238583504,1,0,0.01
1776873876.238583504,2,0,0.01
1776873876.238583504,3,0,0.01
1776873877.270953273,0,38,1.23
1776873877.270953273,1,0,0.01
1776873877.270953273,2,0,0.01
1776873877.270953273,3,0,0.01
1776873878.305102295,0,38,1.23
1776873878.305102295,1,0,0.01
1776873878.305102295,2,0,0.01
1776873878.305102295,3,0,0.01
1776873879.338565322,0,0,1.23
1776873879.338565322,1,0,0.01
1776873879.338565322,2,0,0.01
1776873879.338565322,3,0,0.01
1776873880.371646189,0,0,1.23
1776873880.371646189,1,0,0.01
1776873880.371646189,2,0,0.01
1776873880.371646189,3,0,0.01
1776873881.404594354,0,0,1.23
1776873881.404594354,1,0,0.01
1776873881.404594354,2,0,0.01
1776873881.404594354,3,0,0.01
1776873882.438373881,0,0,1.23
1776873882.438373881,1,0,0.01
1776873882.438373881,2,0,0.01
1776873882.438373881,3,0,0.01
1776873883.472827990,0,0,1.23
1776873883.472827990,1,0,0.01
1776873883.472827990,2,0,0.01
1776873883.472827990,3,0,0.01
1776873884.506988263,0,0,1.23
1776873884.506988263,1,0,0.01
1776873884.506988263,2,0,0.01
1776873884.506988263,3,0,0.01
1776873885.540920525,0,0,1.23
1776873885.540920525,1,0,0.01
1776873885.540920525,2,0,0.01
1776873885.540920525,3,0,0.01
1776873886.575058344,0,0,1.23
1776873886.575058344,1,0,0.01
1776873886.575058344,2,0,0.01
1776873886.575058344,3,0,0.01
1776873887.608676930,0,36,1.23
1776873887.608676930,1,0,0.01
1776873887.608676930,2,0,0.01
1776873887.608676930,3,0,0.01
1776873888.640652135,0,37,1.23
1776873888.640652135,1,0,0.01
1776873888.640652135,2,0,0.01
1776873888.640652135,3,0,0.01
1776873889.674391209,0,38,1.23
1776873889.674391209,1,0,0.01
1776873889.674391209,2,0,0.01
1776873889.674391209,3,0,0.01
1776873890.707738334,0,38,1.23
1776873890.707738334,1,0,0.01
1776873890.707738334,2,0,0.01
1776873890.707738334,3,0,0.01
1776873891.741188791,0,0,1.23
1776873891.741188791,1,0,0.01
1776873891.741188791,2,0,0.01
1776873891.741188791,3,0,0.01
1776873892.775495767,0,38,1.23
1776873892.775495767,1,0,0.01
1776873892.775495767,2,0,0.01
1776873892.775495767,3,0,0.01
1776873893.809419416,0,38,1.23
1776873893.809419416,1,0,0.01
1776873893.809419416,2,0,0.01
1776873893.809419416,3,0,0.01
1776873894.843487247,0,38,1.23
1776873894.843487247,1,0,0.01
1776873894.843487247,2,0,0.01
1776873894.843487247,3,0,0.01
1776873895.875532820,0,7,1.23
1776873895.875532820,1,0,0.01
1776873895.875532820,2,0,0.01
1776873895.875532820,3,0,0.01
1776873896.908684917,0,0,1.23
1776873896.908684917,1,0,0.01
1776873896.908684917,2,0,0.01
1776873896.908684917,3,0,0.01
1776873897.942235993,0,0,1.23
1776873897.942235993,1,0,0.01
1776873897.942235993,2,0,0.01
1776873897.942235993,3,0,0.01
1776873898.976035471,0,38,1.23
1776873898.976035471,1,0,0.01
1776873898.976035471,2,0,0.01
1776873898.976035471,3,0,0.01
1776873900.010233492,0,38,1.23
1776873900.010233492,1,0,0.01
1776873900.010233492,2,0,0.01
1776873900.010233492,3,0,0.01
1776873901.043291561,0,37,1.23
1776873901.043291561,1,0,0.01
1776873901.043291561,2,0,0.01
1776873901.043291561,3,0,0.01
1776873902.075465440,0,0,1.23
1776873902.075465440,1,0,0.01
1776873902.075465440,2,0,0.01
1776873902.075465440,3,0,0.01
1776873903.107203910,0,0,1.23
1776873903.107203910,1,0,0.01
1776873903.107203910,2,0,0.01
1776873903.107203910,3,0,0.01
1776873904.142202799,0,0,1.23
1776873904.142202799,1,0,0.01
1776873904.142202799,2,0,0.01
1776873904.142202799,3,0,0.01
1776873905.174991120,0,37,1.23
1776873905.174991120,1,0,0.01
1776873905.174991120,2,0,0.01
1776873905.174991120,3,0,0.01
1776873906.207472398,0,36,1.23
1776873906.207472398,1,0,0.01
1776873906.207472398,2,0,0.01
1776873906.207472398,3,0,0.01
1776873907.239924455,0,36,1.23
1776873907.239924455,1,0,0.01
1776873907.239924455,2,0,0.01
1776873907.239924455,3,0,0.01
1776873908.271599195,0,0,1.23
1776873908.271599195,1,0,0.01
1776873908.271599195,2,0,0.01
1776873908.271599195,3,0,0.01
1776873909.306942860,0,0,1.23
1776873909.306942860,1,0,0.01
1776873909.306942860,2,0,0.01
1776873909.306942860,3,0,0.01
1776873910.340517563,0,0,1.23
1776873910.340517563,1,0,0.01
1776873910.340517563,2,0,0.01
1776873910.340517563,3,0,0.01
1776873911.373723702,0,0,1.23
1776873911.373723702,1,0,0.01
1776873911.373723702,2,0,0.01
1776873911.373723702,3,0,0.01
1776873912.406786448,0,0,1.23
1776873912.406786448,1,0,0.01
1776873912.406786448,2,0,0.01
1776873912.406786448,3,0,0.01
1776873913.440047748,0,0,1.23
1776873913.440047748,1,0,0.01
1776873913.440047748,2,0,0.01
1776873913.440047748,3,0,0.01
1776873914.472094476,0,38,1.23
1776873914.472094476,1,0,0.01
1776873914.472094476,2,0,0.01
1776873914.472094476,3,0,0.01
1776873915.506508146,0,37,1.23
1776873915.506508146,1,0,0.01
1776873915.506508146,2,0,0.01
1776873915.506508146,3,0,0.01
1776873916.541111517,0,38,1.23
1776873916.541111517,1,0,0.01
1776873916.541111517,2,0,0.01
1776873916.541111517,3,0,0.01
1776873917.575058880,0,38,1.23
1776873917.575058880,1,0,0.01
1776873917.575058880,2,0,0.01
1776873917.575058880,3,0,0.01
1776873918.609079787,0,0,1.23
1776873918.609079787,1,0,0.01
1776873918.609079787,2,0,0.01
1776873918.609079787,3,0,0.01
1776873919.642449337,0,0,1.23
1776873919.642449337,1,0,0.01
1776873919.642449337,2,0,0.01
1776873919.642449337,3,0,0.01
1776873920.676902253,0,0,1.23
1776873920.676902253,1,0,0.01
1776873920.676902253,2,0,0.01
1776873920.676902253,3,0,0.01
1776873921.710908890,0,38,1.23
1776873921.710908890,1,0,0.01
1776873921.710908890,2,0,0.01
1776873921.710908890,3,0,0.01
1776873922.744494417,0,38,1.23
1776873922.744494417,1,0,0.01
1776873922.744494417,2,0,0.01
1776873922.744494417,3,0,0.01
1776873923.777612934,0,38,1.23
1776873923.777612934,1,0,0.01
1776873923.777612934,2,0,0.01
1776873923.777612934,3,0,0.01
1776873924.809397734,0,0,1.23
1776873924.809397734,1,0,0.01
1776873924.809397734,2,0,0.01
1776873924.809397734,3,0,0.01
1776873925.843686064,0,0,1.23
1776873925.843686064,1,0,0.01
1776873925.843686064,2,0,0.01
1776873925.843686064,3,0,0.01
1776873926.877598698,0,0,1.23
1776873926.877598698,1,0,0.01
1776873926.877598698,2,0,0.01
1776873926.877598698,3,0,0.01
1776873927.911582144,0,0,1.23
1776873927.911582144,1,0,0.01
1776873927.911582144,2,0,0.01
1776873927.911582144,3,0,0.01
1776873928.945668841,0,0,1.23
1776873928.945668841,1,0,0.01
1776873928.945668841,2,0,0.01
1776873928.945668841,3,0,0.01
1776873929.978379297,0,0,1.23
1776873929.978379297,1,0,0.01
1776873929.978379297,2,0,0.01
1776873929.978379297,3,0,0.01
1776873931.012740287,0,0,1.23
1776873931.012740287,1,0,0.01
1776873931.012740287,2,0,0.01
1776873931.012740287,3,0,0.01
1776873932.047053708,0,0,1.23
1776873932.047053708,1,0,0.01
1776873932.047053708,2,0,0.01
1776873932.047053708,3,0,0.01
1776873933.080383837,0,0,1.23
1776873933.080383837,1,0,0.01
1776873933.080383837,2,0,0.01
1776873933.080383837,3,0,0.01
1776873934.114683582,0,0,1.23
1776873934.114683582,1,0,0.01
1776873934.114683582,2,0,0.01
1776873934.114683582,3,0,0.01
1776873935.148342519,0,0,1.23
1776873935.148342519,1,0,0.01
1776873935.148342519,2,0,0.01
1776873935.148342519,3,0,0.01
1776873936.181584368,0,0,1.23
1776873936.181584368,1,0,0.01
1776873936.181584368,2,0,0.01
1776873936.181584368,3,0,0.01
1776873937.215178303,0,0,1.23
1776873937.215178303,1,0,0.01
1776873937.215178303,2,0,0.01
1776873937.215178303,3,0,0.01
1776873938.247309490,0,0,1.23
1776873938.247309490,1,0,0.01
1776873938.247309490,2,0,0.01
1776873938.247309490,3,0,0.01
1776873939.281296445,0,0,1.23
1776873939.281296445,1,0,0.01
1776873939.281296445,2,0,0.01
1776873939.281296445,3,0,0.01
1776873940.314538794,0,37,1.23
1776873940.314538794,1,0,0.01
1776873940.314538794,2,0,0.01
1776873940.314538794,3,0,0.01
1776873941.348526035,0,37,1.23
1776873941.348526035,1,0,0.01
1776873941.348526035,2,0,0.01
1776873941.348526035,3,0,0.01
1776873942.381539614,0,38,1.23
1776873942.381539614,1,0,0.01
1776873942.381539614,2,0,0.01
1776873942.381539614,3,0,0.01
1776873943.413781750,0,37,1.23
1776873943.413781750,1,0,0.01
1776873943.413781750,2,0,0.01
1776873943.413781750,3,0,0.01
1776873944.448295442,0,0,1.23
1776873944.448295442,1,0,0.01
1776873944.448295442,2,0,0.01
1776873944.448295442,3,0,0.01
1776873945.481697008,0,0,1.23
1776873945.481697008,1,0,0.01
1776873945.481697008,2,0,0.01
1776873945.481697008,3,0,0.01
1776873946.516305598,0,0,1.23
1776873946.516305598,1,0,0.01
1776873946.516305598,2,0,0.01
1776873946.516305598,3,0,0.01
1776873947.550547348,0,38,1.23
1776873947.550547348,1,0,0.01
1776873947.550547348,2,0,0.01
1776873947.550547348,3,0,0.01
1776873948.585306776,0,36,1.23
1776873948.585306776,1,0,0.01
1776873948.585306776,2,0,0.01
1776873948.585306776,3,0,0.01
1776873949.618315857,0,36,1.23
1776873949.618315857,1,0,0.01
1776873949.618315857,2,0,0.01
1776873949.618315857,3,0,0.01
1776873950.651546367,0,0,1.23
1776873950.651546367,1,0,0.01
1776873950.651546367,2,0,0.01
1776873950.651546367,3,0,0.01
1776873951.685561801,0,0,1.23
1776873951.685561801,1,0,0.01
1776873951.685561801,2,0,0.01
1776873951.685561801,3,0,0.01
1776873952.720086524,0,0,1.23
1776873952.720086524,1,0,0.01
1776873952.720086524,2,0,0.01
1776873952.720086524,3,0,0.01
1776873953.754341208,0,0,1.23
1776873953.754341208,1,0,0.01
1776873953.754341208,2,0,0.01
1776873953.754341208,3,0,0.01
1776873954.788212562,0,36,1.23
1776873954.788212562,1,0,0.01
1776873954.788212562,2,0,0.01
1776873954.788212562,3,0,0.01
1776873955.821926878,0,37,1.23
1776873955.821926878,1,0,0.01
1776873955.821926878,2,0,0.01
1776873955.821926878,3,0,0.01
1776873956.854829816,0,37,1.23
1776873956.854829816,1,0,0.01
1776873956.854829816,2,0,0.01
1776873956.854829816,3,0,0.01
1776873957.888477387,0,37,1.23
1776873957.888477387,1,0,0.01
1776873957.888477387,2,0,0.01
1776873957.888477387,3,0,0.01
1776873958.922499279,0,0,1.23
1776873958.922499279,1,0,0.01
1776873958.922499279,2,0,0.01
1776873958.922499279,3,0,0.01
1776873959.956339942,0,0,1.23
1776873959.956339942,1,0,0.01
1776873959.956339942,2,0,0.01
1776873959.956339942,3,0,0.01
1776873960.989478487,0,0,1.23
1776873960.989478487,1,0,0.01
1776873960.989478487,2,0,0.01
1776873960.989478487,3,0,0.01
1776873962.024367098,0,0,1.23
1776873962.024367098,1,0,0.01
1776873962.024367098,2,0,0.01
1776873962.024367098,3,0,0.01
1776873963.057253505,0,38,1.23
1776873963.057253505,1,0,0.01
1776873963.057253505,2,0,0.01
1776873963.057253505,3,0,0.01
1776873964.090921359,0,38,1.23
1776873964.090921359,1,0,0.01
1776873964.090921359,2,0,0.01
1776873964.090921359,3,0,0.01
1776873965.123738856,0,38,1.23
1776873965.123738856,1,0,0.01
1776873965.123738856,2,0,0.01
1776873965.123738856,3,0,0.01
1776873966.158808204,0,0,1.23
1776873966.158808204,1,0,0.01
1776873966.158808204,2,0,0.01
1776873966.158808204,3,0,0.01
1776873967.191766765,0,0,1.23
1776873967.191766765,1,0,0.01
1776873967.191766765,2,0,0.01
1776873967.191766765,3,0,0.01
1776873968.227821837,0,0,1.23
1776873968.227821837,1,0,0.01
1776873968.227821837,2,0,0.01
1776873968.227821837,3,0,0.01
1776873969.261162618,0,0,1.23
1776873969.261162618,1,0,0.01
1776873969.261162618,2,0,0.01
1776873969.261162618,3,0,0.01
1776873970.292578931,0,0,1.23
1776873970.292578931,1,0,0.01
1776873970.292578931,2,0,0.01
1776873970.292578931,3,0,0.01
1776873971.325457066,0,0,1.23
1776873971.325457066,1,0,0.01
1776873971.325457066,2,0,0.01
1776873971.325457066,3,0,0.01
1776873972.359780876,0,0,1.23
1776873972.359780876,1,0,0.01
1776873972.359780876,2,0,0.01
1776873972.359780876,3,0,0.01
1776873973.393545215,0,35,1.23
1776873973.393545215,1,0,0.01
1776873973.393545215,2,0,0.01
1776873973.393545215,3,0,0.01
1776873974.427923974,0,36,1.23
1776873974.427923974,1,0,0.01
1776873974.427923974,2,0,0.01
1776873974.427923974,3,0,0.01
1776873975.461624734,0,36,1.23
1776873975.461624734,1,0,0.01
1776873975.461624734,2,0,0.01
1776873975.461624734,3,0,0.01
1776873976.496072128,0,36,1.23
1776873976.496072128,1,0,0.01
1776873976.496072128,2,0,0.01
1776873976.496072128,3,0,0.01
1776873977.529303097,0,0,1.23
1776873977.529303097,1,0,0.01
1776873977.529303097,2,0,0.01
1776873977.529303097,3,0,0.01
1776873978.563166510,0,0,1.23
1776873978.563166510,1,0,0.01
1776873978.563166510,2,0,0.01
1776873978.563166510,3,0,0.01
1776873979.597304411,0,0,1.23
1776873979.597304411,1,0,0.01
1776873979.597304411,2,0,0.01
1776873979.597304411,3,0,0.01
1776873980.630659600,0,0,1.23
1776873980.630659600,1,0,0.01
1776873980.630659600,2,0,0.01
1776873980.630659600,3,0,0.01
1776873981.663958600,0,36,1.23
1776873981.663958600,1,0,0.01
1776873981.663958600,2,0,0.01
1776873981.663958600,3,0,0.01
1776873982.697874297,0,36,1.23
1776873982.697874297,1,0,0.01
1776873982.697874297,2,0,0.01
1776873982.697874297,3,0,0.01
1776873983.730828081,0,37,1.23
1776873983.730828081,1,0,0.01
1776873983.730828081,2,0,0.01
1776873983.730828081,3,0,0.01
1776873984.764728714,0,35,1.23
1776873984.764728714,1,0,0.01
1776873984.764728714,2,0,0.01
1776873984.764728714,3,0,0.01
1776873985.798500442,0,0,1.23
1776873985.798500442,1,0,0.01
1776873985.798500442,2,0,0.01
1776873985.798500442,3,0,0.01
1776873986.832564419,0,0,1.23
1776873986.832564419,1,0,0.01
1776873986.832564419,2,0,0.01
1776873986.832564419,3,0,0.01
1776873987.866497940,0,0,1.23
1776873987.866497940,1,0,0.01
1776873987.866497940,2,0,0.01
1776873987.866497940,3,0,0.01
1776873988.900251208,0,37,1.23
1776873988.900251208,1,0,0.01
1776873988.900251208,2,0,0.01
1776873988.900251208,3,0,0.01
1776873989.933153399,0,37,1.23
1776873989.933153399,1,0,0.01
1776873989.933153399,2,0,0.01
1776873989.933153399,3,0,0.01
1776873990.964915955,0,37,1.23
1776873990.964915955,1,0,0.01
1776873990.964915955,2,0,0.01
1776873990.964915955,3,0,0.01
1776873991.997259764,0,23,1.23
1776873991.997259764,1,0,0.01
1776873991.997259764,2,0,0.01
1776873991.997259764,3,0,0.01
1776873993.029083701,0,0,1.23
1776873993.029083701,1,0,0.01
1776873993.029083701,2,0,0.01
1776873993.029083701,3,0,0.01
1776873994.060960791,0,0,1.23
1776873994.060960791,1,0,0.01
1776873994.060960791,2,0,0.01
1776873994.060960791,3,0,0.01
1776873995.094339323,0,0,1.23
1776873995.094339323,1,0,0.01
1776873995.094339323,2,0,0.01
1776873995.094339323,3,0,0.01
1776873996.127938416,0,0,1.23
1776873996.127938416,1,0,0.01
1776873996.127938416,2,0,0.01
1776873996.127938416,3,0,0.01
1776873997.160353557,0,0,1.23
1776873997.160353557,1,0,0.01
1776873997.160353557,2,0,0.01
1776873997.160353557,3,0,0.01
1776873998.193827169,0,0,1.23
1776873998.193827169,1,0,0.01
1776873998.193827169,2,0,0.01
1776873998.193827169,3,0,0.01
1776873999.226705399,0,0,1.23
1776873999.226705399,1,0,0.01
1776873999.226705399,2,0,0.01
1776873999.226705399,3,0,0.01
1776874000.258399736,0,36,1.23
1776874000.258399736,1,0,0.01
1776874000.258399736,2,0,0.01
1776874000.258399736,3,0,0.01
1776874001.292930032,0,36,1.23
1776874001.292930032,1,0,0.01
1776874001.292930032,2,0,0.01
1776874001.292930032,3,0,0.01
1776874002.326441366,0,36,1.23
1776874002.326441366,1,0,0.01
1776874002.326441366,2,0,0.01
1776874002.326441366,3,0,0.01
1776874003.360086544,0,36,1.23
1776874003.360086544,1,0,0.01
1776874003.360086544,2,0,0.01
1776874003.360086544,3,0,0.01
1776874004.392814336,0,0,1.23
1776874004.392814336,1,0,0.01
1776874004.392814336,2,0,0.01
1776874004.392814336,3,0,0.01
1776874005.425394222,0,0,1.23
1776874005.425394222,1,0,0.01
1776874005.425394222,2,0,0.01
1776874005.425394222,3,0,0.01
1776874006.458437573,0,0,1.23
1776874006.458437573,1,0,0.01
1776874006.458437573,2,0,0.01
1776874006.458437573,3,0,0.01
1776874007.490835095,0,0,1.23
1776874007.490835095,1,0,0.01
1776874007.490835095,2,0,0.01
1776874007.490835095,3,0,0.01
1776874008.522639969,0,38,1.23
1776874008.522639969,1,0,0.01
1776874008.522639969,2,0,0.01
1776874008.522639969,3,0,0.01
1776874009.556986416,0,38,1.23
1776874009.556986416,1,0,0.01
1776874009.556986416,2,0,0.01
1776874009.556986416,3,0,0.01
1776874010.589400544,0,38,1.23
1776874010.589400544,1,0,0.01
1776874010.589400544,2,0,0.01
1776874010.589400544,3,0,0.01
1776874011.622254403,0,38,1.23
1776874011.622254403,1,0,0.01
1776874011.622254403,2,0,0.01
1776874011.622254403,3,0,0.01
1776874012.656225440,0,0,1.23
1776874012.656225440,1,0,0.01
1776874012.656225440,2,0,0.01
1776874012.656225440,3,0,0.01
1776874013.689887920,0,0,1.23
1776874013.689887920,1,0,0.01
1776874013.689887920,2,0,0.01
1776874013.689887920,3,0,0.01
1776874014.723975669,0,33,1.23
1776874014.723975669,1,0,0.01
1776874014.723975669,2,0,0.01
1776874014.723975669,3,0,0.01
1776874015.757742532,0,38,1.23
1776874015.757742532,1,0,0.01
1776874015.757742532,2,0,0.01
1776874015.757742532,3,0,0.01
1776874016.792538660,0,38,1.23
1776874016.792538660,1,0,0.01
1776874016.792538660,2,0,0.01
1776874016.792538660,3,0,0.01
1776874017.826005461,0,38,1.23
1776874017.826005461,1,0,0.01
1776874017.826005461,2,0,0.01
1776874017.826005461,3,0,0.01
1776874018.858479092,0,0,1.23
1776874018.858479092,1,0,0.01
1776874018.858479092,2,0,0.01
1776874018.858479092,3,0,0.01
1776874019.891552138,0,0,1.23
1776874019.891552138,1,0,0.01
1776874019.891552138,2,0,0.01
1776874019.891552138,3,0,0.01
1776874020.925821770,0,0,1.23
1776874020.925821770,1,0,0.01
1776874020.925821770,2,0,0.01
1776874020.925821770,3,0,0.01
1776874021.959973420,0,0,1.23
1776874021.959973420,1,0,0.01
1776874021.959973420,2,0,0.01
1776874021.959973420,3,0,0.01
1776874022.994567349,0,0,1.23
1776874022.994567349,1,0,0.01
1776874022.994567349,2,0,0.01
1776874022.994567349,3,0,0.01
1776874024.028377485,0,0,1.23
1776874024.028377485,1,0,0.01
1776874024.028377485,2,0,0.01
1776874024.028377485,3,0,0.01
1776874025.061558958,0,0,1.23
1776874025.061558958,1,0,0.01
1776874025.061558958,2,0,0.01
1776874025.061558958,3,0,0.01
1776874026.094564381,0,0,1.23
1776874026.094564381,1,0,0.01
1776874026.094564381,2,0,0.01
1776874026.094564381,3,0,0.01
1776874027.128965036,0,0,1.23
1776874027.128965036,1,0,0.01
1776874027.128965036,2,0,0.01
1776874027.128965036,3,0,0.01
1776874028.163517493,0,0,1.23
1776874028.163517493,1,0,0.01
1776874028.163517493,2,0,0.01
1776874028.163517493,3,0,0.01
1776874029.197575572,0,0,1.23
1776874029.197575572,1,0,0.01
1776874029.197575572,2,0,0.01
1776874029.197575572,3,0,0.01
1776874030.232604726,0,36,1.23
1776874030.232604726,1,0,0.01
1776874030.232604726,2,0,0.01
1776874030.232604726,3,0,0.01
1776874031.264962957,0,36,1.23
1776874031.264962957,1,0,0.01
1776874031.264962957,2,0,0.01
1776874031.264962957,3,0,0.01
1776874032.296953973,0,37,1.23
1776874032.296953973,1,0,0.01
1776874032.296953973,2,0,0.01
1776874032.296953973,3,0,0.01
1776874033.330637075,0,0,1.23
1776874033.330637075,1,0,0.01
1776874033.330637075,2,0,0.01
1776874033.330637075,3,0,0.01
1776874034.364135547,0,0,1.23
1776874034.364135547,1,0,0.01
1776874034.364135547,2,0,0.01
1776874034.364135547,3,0,0.01
1776874035.396041091,0,0,1.23
1776874035.396041091,1,0,0.01
1776874035.396041091,2,0,0.01
1776874035.396041091,3,0,0.01
1776874036.429947426,0,0,1.23
1776874036.429947426,1,0,0.01
1776874036.429947426,2,0,0.01
1776874036.429947426,3,0,0.01
1776874037.463184053,0,0,1.23
1776874037.463184053,1,0,0.01
1776874037.463184053,2,0,0.01
1776874037.463184053,3,0,0.01
1776874038.496264816,0,0,1.23
1776874038.496264816,1,0,0.01
1776874038.496264816,2,0,0.01
1776874038.496264816,3,0,0.01
1776874039.530088698,0,0,1.23
1776874039.530088698,1,0,0.01
1776874039.530088698,2,0,0.01
1776874039.530088698,3,0,0.01
1776874040.563987644,0,0,1.23
1776874040.563987644,1,0,0.01
1776874040.563987644,2,0,0.01
1776874040.563987644,3,0,0.01
1776874041.597608440,0,0,1.23
1776874041.597608440,1,0,0.01
1776874041.597608440,2,0,0.01
1776874041.597608440,3,0,0.01
1776874042.631495984,0,0,1.23
1776874042.631495984,1,0,0.01
1776874042.631495984,2,0,0.01
1776874042.631495984,3,0,0.01
1776874043.664484251,0,0,1.23
1776874043.664484251,1,0,0.01
1776874043.664484251,2,0,0.01
1776874043.664484251,3,0,0.01
1776874044.697235035,0,0,1.23
1776874044.697235035,1,0,0.01
1776874044.697235035,2,0,0.01
1776874044.697235035,3,0,0.01
1776874045.730662267,0,0,1.23
1776874045.730662267,1,0,0.01
1776874045.730662267,2,0,0.01
1776874045.730662267,3,0,0.01
1776874046.764278766,0,0,1.23
1776874046.764278766,1,0,0.01
1776874046.764278766,2,0,0.01
1776874046.764278766,3,0,0.01
1776874047.796675344,0,37,1.23
1776874047.796675344,1,0,0.01
1776874047.796675344,2,0,0.01
1776874047.796675344,3,0,0.01
1776874048.829744096,0,37,1.23
1776874048.829744096,1,0,0.01
1776874048.829744096,2,0,0.01
1776874048.829744096,3,0,0.01
1776874049.867863369,0,36,1.23
1776874049.867863369,1,0,0.01
1776874049.867863369,2,0,0.01
1776874049.867863369,3,0,0.01
1776874050.899501457,0,0,1.23
1776874050.899501457,1,0,0.01
1776874050.899501457,2,0,0.01
1776874050.899501457,3,0,0.01
1776874051.932710690,0,0,1.23
1776874051.932710690,1,0,0.01
1776874051.932710690,2,0,0.01
1776874051.932710690,3,0,0.01
1776874052.966969395,0,0,1.23
1776874052.966969395,1,0,0.01
1776874052.966969395,2,0,0.01
1776874052.966969395,3,0,0.01
1776874053.999285031,0,0,1.23
1776874053.999285031,1,0,0.01
1776874053.999285031,2,0,0.01
1776874053.999285031,3,0,0.01
1776874055.033024692,0,0,1.23
1776874055.033024692,1,0,0.01
1776874055.033024692,2,0,0.01
1776874055.033024692,3,0,0.01
1776874056.066724195,0,0,1.23
1776874056.066724195,1,0,0.01
1776874056.066724195,2,0,0.01
1776874056.066724195,3,0,0.01
1776874057.099887549,0,0,1.23
1776874057.099887549,1,0,0.01
1776874057.099887549,2,0,0.01
1776874057.099887549,3,0,0.01
1776874058.133800656,0,38,1.23
1776874058.133800656,1,0,0.01
1776874058.133800656,2,0,0.01
1776874058.133800656,3,0,0.01
1776874059.167694637,0,38,1.23
1776874059.167694637,1,0,0.01
1776874059.167694637,2,0,0.01
1776874059.167694637,3,0,0.01
1776874060.201748373,0,38,1.23
1776874060.201748373,1,0,0.01
1776874060.201748373,2,0,0.01
1776874060.201748373,3,0,0.01
1776874061.235997692,0,17,1.23
1776874061.235997692,1,0,0.01
1776874061.235997692,2,0,0.01
1776874061.235997692,3,0,0.01
1776874062.269789589,0,0,1.23
1776874062.269789589,1,0,0.01
1776874062.269789589,2,0,0.01
1776874062.269789589,3,0,0.01
1776874063.304294124,0,0,1.23
1776874063.304294124,1,0,0.01
1776874063.304294124,2,0,0.01
1776874063.304294124,3,0,0.01
1776874064.337133161,0,0,1.23
1776874064.337133161,1,0,0.01
1776874064.337133161,2,0,0.01
1776874064.337133161,3,0,0.01
1776874065.369193221,0,38,1.23
1776874065.369193221,1,0,0.01
1776874065.369193221,2,0,0.01
1776874065.369193221,3,0,0.01
1776874066.403638509,0,37,1.23
1776874066.403638509,1,0,0.01
1776874066.403638509,2,0,0.01
1776874066.403638509,3,0,0.01
1776874067.438216139,0,36,1.23
1776874067.438216139,1,0,0.01
1776874067.438216139,2,0,0.01
1776874067.438216139,3,0,0.01
1776874068.472088026,0,36,1.23
1776874068.472088026,1,0,0.01
1776874068.472088026,2,0,0.01
1776874068.472088026,3,0,0.01
1776874069.505197575,0,0,1.23
1776874069.505197575,1,0,0.01
1776874069.505197575,2,0,0.01
1776874069.505197575,3,0,0.01
1776874070.540471280,0,0,1.23
1776874070.540471280,1,0,0.01
1776874070.540471280,2,0,0.01
1776874070.540471280,3,0,0.01
1776874071.574282332,0,0,1.23
1776874071.574282332,1,0,0.01
1776874071.574282332,2,0,0.01
1776874071.574282332,3,0,0.01
1776874072.608281261,0,0,1.23
1776874072.608281261,1,0,0.01
1776874072.608281261,2,0,0.01
1776874072.608281261,3,0,0.01
1776874073.641568462,0,0,1.23
1776874073.641568462,1,0,0.01
1776874073.641568462,2,0,0.01
1776874073.641568462,3,0,0.01
1776874074.675675321,0,0,1.23
1776874074.675675321,1,0,0.01
1776874074.675675321,2,0,0.01
1776874074.675675321,3,0,0.01
1776874075.708719472,0,0,1.23
1776874075.708719472,1,0,0.01
1776874075.708719472,2,0,0.01
1776874075.708719472,3,0,0.01
1776874076.743535216,0,38,1.23
1776874076.743535216,1,0,0.01
1776874076.743535216,2,0,0.01
1776874076.743535216,3,0,0.01
1776874077.777542396,0,38,1.23
1776874077.777542396,1,0,0.01
1776874077.777542396,2,0,0.01
1776874077.777542396,3,0,0.01
1776874078.810851149,0,38,1.23
1776874078.810851149,1,0,0.01
1776874078.810851149,2,0,0.01
1776874078.810851149,3,0,0.01
1776874079.844545760,0,0,1.23
1776874079.844545760,1,0,0.01
1776874079.844545760,2,0,0.01
1776874079.844545760,3,0,0.01
1776874080.876994066,0,0,1.23
1776874080.876994066,1,0,0.01
1776874080.876994066,2,0,0.01
1776874080.876994066,3,0,0.01
1776874081.910876194,0,0,1.23
1776874081.910876194,1,0,0.01
1776874081.910876194,2,0,0.01
1776874081.910876194,3,0,0.01
1776874082.945271694,0,38,1.23
1776874082.945271694,1,0,0.01
1776874082.945271694,2,0,0.01
1776874082.945271694,3,0,0.01
1776874083.979995435,0,38,1.23
1776874083.979995435,1,0,0.01
1776874083.979995435,2,0,0.01
1776874083.979995435,3,0,0.01
1776874085.014703500,0,37,1.23
1776874085.014703500,1,0,0.01
1776874085.014703500,2,0,0.01
1776874085.014703500,3,0,0.01
1776874086.047414291,0,37,1.23
1776874086.047414291,1,0,0.01
1776874086.047414291,2,0,0.01
1776874086.047414291,3,0,0.01
1776874087.081196974,0,0,1.23
1776874087.081196974,1,0,0.01
1776874087.081196974,2,0,0.01
1776874087.081196974,3,0,0.01
1776874088.116643593,0,0,1.23
1776874088.116643593,1,0,0.01
1776874088.116643593,2,0,0.01
1776874088.116643593,3,0,0.01
1776874089.150076712,0,36,1.23
1776874089.150076712,1,0,0.01
1776874089.150076712,2,0,0.01
1776874089.150076712,3,0,0.01
1776874090.183330931,0,36,1.23
1776874090.183330931,1,0,0.01
1776874090.183330931,2,0,0.01
1776874090.183330931,3,0,0.01
1776874091.217565631,0,36,1.23
1776874091.217565631,1,0,0.01
1776874091.217565631,2,0,0.01
1776874091.217565631,3,0,0.01
1776874092.252176857,0,0,1.23
1776874092.252176857,1,0,0.01
1776874092.252176857,2,0,0.01
1776874092.252176857,3,0,0.01
1776874093.286482129,0,0,1.23
1776874093.286482129,1,0,0.01
1776874093.286482129,2,0,0.01
1776874093.286482129,3,0,0.01
1776874094.320184771,0,0,1.23
1776874094.320184771,1,0,0.01
1776874094.320184771,2,0,0.01
1776874094.320184771,3,0,0.01
1776874095.353634154,0,0,1.23
1776874095.353634154,1,0,0.01
1776874095.353634154,2,0,0.01
1776874095.353634154,3,0,0.01
1776874096.387993705,0,0,1.23
1776874096.387993705,1,0,0.01
1776874096.387993705,2,0,0.01
1776874096.387993705,3,0,0.01
1776874097.421844773,0,38,1.23
1776874097.421844773,1,0,0.01
1776874097.421844773,2,0,0.01
1776874097.421844773,3,0,0.01
1776874098.454950606,0,38,1.23
1776874098.454950606,1,0,0.01
1776874098.454950606,2,0,0.01
1776874098.454950606,3,0,0.01
1776874099.486828303,0,38,1.23
1776874099.486828303,1,0,0.01
1776874099.486828303,2,0,0.01
1776874099.486828303,3,0,0.01
1776874100.518028739,0,0,1.23
1776874100.518028739,1,0,0.01
1776874100.518028739,2,0,0.01
1776874100.518028739,3,0,0.01
1776874101.551998933,0,0,1.23
1776874101.551998933,1,0,0.01
1776874101.551998933,2,0,0.01
1776874101.551998933,3,0,0.01
1776874102.586048900,0,0,1.23
1776874102.586048900,1,0,0.01
1776874102.586048900,2,0,0.01
1776874102.586048900,3,0,0.01
1776874103.619304114,0,38,1.23
1776874103.619304114,1,0,0.01
1776874103.619304114,2,0,0.01
1776874103.619304114,3,0,0.01
1776874104.651567921,0,38,1.23
1776874104.651567921,1,0,0.01
1776874104.651567921,2,0,0.01
1776874104.651567921,3,0,0.01
1776874105.683748327,0,38,1.23
1776874105.683748327,1,0,0.01
1776874105.683748327,2,0,0.01
1776874105.683748327,3,0,0.01
1776874106.716652096,0,0,1.23
1776874106.716652096,1,0,0.01
1776874106.716652096,2,0,0.01
1776874106.716652096,3,0,0.01
1776874107.748908918,0,0,1.23
1776874107.748908918,1,0,0.01
1776874107.748908918,2,0,0.01
1776874107.748908918,3,0,0.01
1776874108.780357397,0,0,1.23
1776874108.780357397,1,0,0.01
1776874108.780357397,2,0,0.01
1776874108.780357397,3,0,0.01
1776874109.813892991,0,0,1.23
1776874109.813892991,1,0,0.01
1776874109.813892991,2,0,0.01
1776874109.813892991,3,0,0.01
1776874110.847872509,0,0,1.23
1776874110.847872509,1,0,0.01
1776874110.847872509,2,0,0.01
1776874110.847872509,3,0,0.01
1776874111.881718520,0,36,1.23
1776874111.881718520,1,0,0.01
1776874111.881718520,2,0,0.01
1776874111.881718520,3,0,0.01
1776874112.915142885,0,36,1.23
1776874112.915142885,1,0,0.01
1776874112.915142885,2,0,0.01
1776874112.915142885,3,0,0.01
1776874113.948999899,0,36,1.23
1776874113.948999899,1,0,0.01
1776874113.948999899,2,0,0.01
1776874113.948999899,3,0,0.01
1776874114.983523852,0,0,1.23
1776874114.983523852,1,0,0.01
1776874114.983523852,2,0,0.01
1776874114.983523852,3,0,0.01
1776874116.016677298,0,0,1.23
1776874116.016677298,1,0,0.01
1776874116.016677298,2,0,0.01
1776874116.016677298,3,0,0.01
1776874117.051497701,0,0,1.23
1776874117.051497701,1,0,0.01
1776874117.051497701,2,0,0.01
1776874117.051497701,3,0,0.01
1776874118.085455774,0,0,1.23
1776874118.085455774,1,0,0.01
1776874118.085455774,2,0,0.01
1776874118.085455774,3,0,0.01
1776874119.118529025,0,0,1.23
1776874119.118529025,1,0,0.01
1776874119.118529025,2,0,0.01
1776874119.118529025,3,0,0.01
1776874120.152015159,0,0,1.23
1776874120.152015159,1,0,0.01
1776874120.152015159,2,0,0.01
1776874120.152015159,3,0,0.01
1776874121.185171992,0,38,1.23
1776874121.185171992,1,0,0.01
1776874121.185171992,2,0,0.01
1776874121.185171992,3,0,0.01
1776874122.218892602,0,37,1.23
1776874122.218892602,1,0,0.01
1776874122.218892602,2,0,0.01
1776874122.218892602,3,0,0.01
1776874123.250795911,0,38,1.23
1776874123.250795911,1,0,0.01
1776874123.250795911,2,0,0.01
1776874123.250795911,3,0,0.01
1776874124.284124824,0,0,1.23
1776874124.284124824,1,0,0.01
1776874124.284124824,2,0,0.01
1776874124.284124824,3,0,0.01
1776874125.317702467,0,0,1.23
1776874125.317702467,1,0,0.01
1776874125.317702467,2,0,0.01
1776874125.317702467,3,0,0.01
1776874126.350484104,0,0,1.23
1776874126.350484104,1,0,0.01
1776874126.350484104,2,0,0.01
1776874126.350484104,3,0,0.01
1776874127.385364320,0,0,1.23
1776874127.385364320,1,0,0.01
1776874127.385364320,2,0,0.01
1776874127.385364320,3,0,0.01
1776874128.418930296,0,0,1.23
1776874128.418930296,1,0,0.01
1776874128.418930296,2,0,0.01
1776874128.418930296,3,0,0.01
1776874129.452021850,0,0,1.23
1776874129.452021850,1,0,0.01
1776874129.452021850,2,0,0.01
1776874129.452021850,3,0,0.01
1776874130.486072350,0,0,1.23
1776874130.486072350,1,0,0.01
1776874130.486072350,2,0,0.01
1776874130.486072350,3,0,0.01
1776874131.518151754,0,0,1.23
1776874131.518151754,1,0,0.01
1776874131.518151754,2,0,0.01
1776874131.518151754,3,0,0.01
1776874132.550916437,0,0,1.23
1776874132.550916437,1,0,0.01
1776874132.550916437,2,0,0.01
1776874132.550916437,3,0,0.01
1776874133.583370279,0,0,1.23
1776874133.583370279,1,0,0.01
1776874133.583370279,2,0,0.01
1776874133.583370279,3,0,0.01
1776874134.617540829,0,0,1.23
1776874134.617540829,1,0,0.01
1776874134.617540829,2,0,0.01
1776874134.617540829,3,0,0.01
1776874135.650845949,0,36,1.23
1776874135.650845949,1,0,0.01
1776874135.650845949,2,0,0.01
1776874135.650845949,3,0,0.01
1776874136.684083325,0,36,1.23
1776874136.684083325,1,0,0.01
1776874136.684083325,2,0,0.01
1776874136.684083325,3,0,0.01
1776874137.717769021,0,36,1.23
1776874137.717769021,1,0,0.01
1776874137.717769021,2,0,0.01
1776874137.717769021,3,0,0.01
1776874138.752007791,0,34,1.23
1776874138.752007791,1,0,0.01
1776874138.752007791,2,0,0.01
1776874138.752007791,3,0,0.01
1776874139.784681655,0,0,1.23
1776874139.784681655,1,0,0.01
1776874139.784681655,2,0,0.01
1776874139.784681655,3,0,0.01
1776874140.817989577,0,0,1.23
1776874140.817989577,1,0,0.01
1776874140.817989577,2,0,0.01
1776874140.817989577,3,0,0.01
1776874141.850702478,0,0,1.23
1776874141.850702478,1,0,0.01
1776874141.850702478,2,0,0.01
1776874141.850702478,3,0,0.01
1776874142.884046355,0,0,1.23
1776874142.884046355,1,0,0.01
1776874142.884046355,2,0,0.01
1776874142.884046355,3,0,0.01
1776874143.916973262,0,0,1.23
1776874143.916973262,1,0,0.01
1776874143.916973262,2,0,0.01
1776874143.916973262,3,0,0.01
1776874144.949955140,0,0,1.23
1776874144.949955140,1,0,0.01
1776874144.949955140,2,0,0.01
1776874144.949955140,3,0,0.01
1776874145.983602756,0,0,1.23
1776874145.983602756,1,0,0.01
1776874145.983602756,2,0,0.01
1776874145.983602756,3,0,0.01
1776874147.016604489,0,38,1.23
1776874147.016604489,1,0,0.01
1776874147.016604489,2,0,0.01
1776874147.016604489,3,0,0.01
1776874148.049627375,0,38,1.23
1776874148.049627375,1,0,0.01
1776874148.049627375,2,0,0.01
1776874148.049627375,3,0,0.01
1776874149.083553745,0,37,1.23
1776874149.083553745,1,0,0.01
1776874149.083553745,2,0,0.01
1776874149.083553745,3,0,0.01
1776874150.117506581,0,0,1.23
1776874150.117506581,1,0,0.01
1776874150.117506581,2,0,0.01
1776874150.117506581,3,0,0.01
1776874151.151206987,0,0,1.23
1776874151.151206987,1,0,0.01
1776874151.151206987,2,0,0.01
1776874151.151206987,3,0,0.01
1776874152.182719877,0,0,1.23
1776874152.182719877,1,0,0.01
1776874152.182719877,2,0,0.01
1776874152.182719877,3,0,0.01
1776874153.216269277,0,0,1.23
1776874153.216269277,1,0,0.01
1776874153.216269277,2,0,0.01
1776874153.216269277,3,0,0.01
1776874154.249342738,0,0,1.23
1776874154.249342738,1,0,0.01
1776874154.249342738,2,0,0.01
1776874154.249342738,3,0,0.01
1776874155.283311716,0,0,1.23
1776874155.283311716,1,0,0.01
1776874155.283311716,2,0,0.01
1776874155.283311716,3,0,0.01
1776874156.317281968,0,0,1.23
1776874156.317281968,1,0,0.01
1776874156.317281968,2,0,0.01
1776874156.317281968,3,0,0.01
1776874157.349158123,0,0,1.23
1776874157.349158123,1,0,0.01
1776874157.349158123,2,0,0.01
1776874157.349158123,3,0,0.01
1776874158.382444867,0,0,1.23
1776874158.382444867,1,0,0.01
1776874158.382444867,2,0,0.01
1776874158.382444867,3,0,0.01
1776874159.414933522,0,0,1.23
1776874159.414933522,1,0,0.01
1776874159.414933522,2,0,0.01
1776874159.414933522,3,0,0.01
1776874160.448108195,0,0,1.23
1776874160.448108195,1,0,0.01
1776874160.448108195,2,0,0.01
1776874160.448108195,3,0,0.01
1776874161.480898901,0,0,1.23
1776874161.480898901,1,0,0.01
1776874161.480898901,2,0,0.01
1776874161.480898901,3,0,0.01
1776874162.515258124,0,38,1.23
1776874162.515258124,1,0,0.01
1776874162.515258124,2,0,0.01
1776874162.515258124,3,0,0.01
1776874163.547119586,0,38,1.23
1776874163.547119586,1,0,0.01
1776874163.547119586,2,0,0.01
1776874163.547119586,3,0,0.01
1776874164.579901267,0,38,1.23
1776874164.579901267,1,0,0.01
1776874164.579901267,2,0,0.01
1776874164.579901267,3,0,0.01
1776874165.613389676,0,0,1.23
1776874165.613389676,1,0,0.01
1776874165.613389676,2,0,0.01
1776874165.613389676,3,0,0.01
1776874166.645440400,0,0,1.23
1776874166.645440400,1,0,0.01
1776874166.645440400,2,0,0.01
1776874166.645440400,3,0,0.01
1776874167.678524794,0,0,1.23
1776874167.678524794,1,0,0.01
1776874167.678524794,2,0,0.01
1776874167.678524794,3,0,0.01
1776874168.712066271,0,0,1.23
1776874168.712066271,1,0,0.01
1776874168.712066271,2,0,0.01
1776874168.712066271,3,0,0.01
1776874169.745535404,0,0,1.23
1776874169.745535404,1,0,0.01
1776874169.745535404,2,0,0.01
1776874169.745535404,3,0,0.01
1776874170.778591374,0,0,1.23
1776874170.778591374,1,0,0.01
1776874170.778591374,2,0,0.01
1776874170.778591374,3,0,0.01
1776874171.809917909,0,0,1.23
1776874171.809917909,1,0,0.01
1776874171.809917909,2,0,0.01
1776874171.809917909,3,0,0.01
1776874172.844312328,0,37,1.23
1776874172.844312328,1,0,0.01
1776874172.844312328,2,0,0.01
1776874172.844312328,3,0,0.01
1776874173.877598741,0,36,1.23
1776874173.877598741,1,0,0.01
1776874173.877598741,2,0,0.01
1776874173.877598741,3,0,0.01
1776874174.910541822,0,36,1.23
1776874174.910541822,1,0,0.01
1776874174.910541822,2,0,0.01
1776874174.910541822,3,0,0.01
1776874175.944498975,0,36,1.23
1776874175.944498975,1,0,0.01
1776874175.944498975,2,0,0.01
1776874175.944498975,3,0,0.01
1776874176.977158192,0,0,1.23
1776874176.977158192,1,0,0.01
1776874176.977158192,2,0,0.01
1776874176.977158192,3,0,0.01
1776874178.009522192,0,36,1.23
1776874178.009522192,1,0,0.01
1776874178.009522192,2,0,0.01
1776874178.009522192,3,0,0.01
1776874179.042772061,0,36,1.23
1776874179.042772061,1,0,0.01
1776874179.042772061,2,0,0.01
1776874179.042772061,3,0,0.01
1776874180.075073817,0,36,1.23
1776874180.075073817,1,0,0.01
1776874180.075073817,2,0,0.01
1776874180.075073817,3,0,0.01
1776874181.106506900,0,0,1.23
1776874181.106506900,1,0,0.01
1776874181.106506900,2,0,0.01
1776874181.106506900,3,0,0.01
1776874182.138155449,0,0,1.23
1776874182.138155449,1,0,0.01
1776874182.138155449,2,0,0.01
1776874182.138155449,3,0,0.01
1776874183.171717936,0,0,1.23
1776874183.171717936,1,0,0.01
1776874183.171717936,2,0,0.01
1776874183.171717936,3,0,0.01
1776874184.206293022,0,0,1.23
1776874184.206293022,1,0,0.01
1776874184.206293022,2,0,0.01
1776874184.206293022,3,0,0.01
1776874185.239590499,0,0,1.23
1776874185.239590499,1,0,0.01
1776874185.239590499,2,0,0.01
1776874185.239590499,3,0,0.01
1776874186.273658987,0,0,1.23
1776874186.273658987,1,0,0.01
1776874186.273658987,2,0,0.01
1776874186.273658987,3,0,0.01
1776874187.306945716,0,0,1.23
1776874187.306945716,1,0,0.01
1776874187.306945716,2,0,0.01
1776874187.306945716,3,0,0.01
1776874188.341348266,0,0,1.23
1776874188.341348266,1,0,0.01
1776874188.341348266,2,0,0.01
1776874188.341348266,3,0,0.01
1776874189.374543745,0,35,1.23
1776874189.374543745,1,0,0.01
1776874189.374543745,2,0,0.01
1776874189.374543745,3,0,0.01
1776874190.406327574,0,38,1.23
1776874190.406327574,1,0,0.01
1776874190.406327574,2,0,0.01
1776874190.406327574,3,0,0.01
1776874191.438227193,0,38,1.23
1776874191.438227193,1,0,0.01
1776874191.438227193,2,0,0.01
1776874191.438227193,3,0,0.01
1776874192.470131719,0,38,1.23
1776874192.470131719,1,0,0.01
1776874192.470131719,2,0,0.01
1776874192.470131719,3,0,0.01
1776874193.503899181,0,0,1.23
1776874193.503899181,1,0,0.01
1776874193.503899181,2,0,0.01
1776874193.503899181,3,0,0.01
1776874194.535958736,0,0,1.23
1776874194.535958736,1,0,0.01
1776874194.535958736,2,0,0.01
1776874194.535958736,3,0,0.01
1776874195.569213088,0,0,1.23
1776874195.569213088,1,0,0.01
1776874195.569213088,2,0,0.01
1776874195.569213088,3,0,0.01
1776874196.602624810,0,0,1.23
1776874196.602624810,1,0,0.01
1776874196.602624810,2,0,0.01
1776874196.602624810,3,0,0.01
1776874197.636730532,0,36,1.23
1776874197.636730532,1,0,0.01
1776874197.636730532,2,0,0.01
1776874197.636730532,3,0,0.01
1776874198.670432197,0,36,1.23
1776874198.670432197,1,0,0.01
1776874198.670432197,2,0,0.01
1776874198.670432197,3,0,0.01
1776874199.705415046,0,36,1.23
1776874199.705415046,1,0,0.01
1776874199.705415046,2,0,0.01
1776874199.705415046,3,0,0.01
1776874200.740709318,0,5,1.23
1776874200.740709318,1,0,0.01
1776874200.740709318,2,0,0.01
1776874200.740709318,3,0,0.01
1776874201.772627345,0,0,1.23
1776874201.772627345,1,0,0.01
1776874201.772627345,2,0,0.01
1776874201.772627345,3,0,0.01
1776874202.806857980,0,0,1.23
1776874202.806857980,1,0,0.01
1776874202.806857980,2,0,0.01
1776874202.806857980,3,0,0.01
1776874203.840611846,0,0,1.23
1776874203.840611846,1,0,0.01
1776874203.840611846,2,0,0.01
1776874203.840611846,3,0,0.01
1776874204.874154569,0,37,1.23
1776874204.874154569,1,0,0.01
1776874204.874154569,2,0,0.01
1776874204.874154569,3,0,0.01
1776874205.907300750,0,38,1.23
1776874205.907300750,1,0,0.01
1776874205.907300750,2,0,0.01
1776874205.907300750,3,0,0.01
1776874206.942453478,0,38,1.23
1776874206.942453478,1,0,0.01
1776874206.942453478,2,0,0.01
1776874206.942453478,3,0,0.01
1776874207.975836542,0,0,1.23
1776874207.975836542,1,0,0.01
1776874207.975836542,2,0,0.01
1776874207.975836542,3,0,0.01
1776874209.010351389,0,0,1.23
1776874209.010351389,1,0,0.01
1776874209.010351389,2,0,0.01
1776874209.010351389,3,0,0.01
1776874210.042668901,0,9,1.23
1776874210.042668901,1,0,0.01
1776874210.042668901,2,0,0.01
1776874210.042668901,3,0,0.01
1776874211.076438349,0,38,1.23
1776874211.076438349,1,0,0.01
1776874211.076438349,2,0,0.01
1776874211.076438349,3,0,0.01
1776874212.108269512,0,38,1.23
1776874212.108269512,1,0,0.01
1776874212.108269512,2,0,0.01
1776874212.108269512,3,0,0.01
1776874213.141207956,0,38,1.23
1776874213.141207956,1,0,0.01
1776874213.141207956,2,0,0.01
1776874213.141207956,3,0,0.01
1776874214.173908686,0,0,1.23
1776874214.173908686,1,0,0.01
1776874214.173908686,2,0,0.01
1776874214.173908686,3,0,0.01
1776874215.205909262,0,0,1.23
1776874215.205909262,1,0,0.01
1776874215.205909262,2,0,0.01
1776874215.205909262,3,0,0.01
1776874216.239701741,0,0,1.23
1776874216.239701741,1,0,0.01
1776874216.239701741,2,0,0.01
1776874216.239701741,3,0,0.01
1776874217.271784730,0,0,1.23
1776874217.271784730,1,0,0.01
1776874217.271784730,2,0,0.01
1776874217.271784730,3,0,0.01
1776874218.305748379,0,0,1.23
1776874218.305748379,1,0,0.01
1776874218.305748379,2,0,0.01
1776874218.305748379,3,0,0.01
1776874219.339116542,0,0,1.23
1776874219.339116542,1,0,0.01
1776874219.339116542,2,0,0.01
1776874219.339116542,3,0,0.01
1776874220.373233551,0,36,1.23
1776874220.373233551,1,0,0.01
1776874220.373233551,2,0,0.01
1776874220.373233551,3,0,0.01
1776874221.405237918,0,36,1.23
1776874221.405237918,1,0,0.01
1776874221.405237918,2,0,0.01
1776874221.405237918,3,0,0.01
1776874222.438084882,0,36,1.23
1776874222.438084882,1,0,0.01
1776874222.438084882,2,0,0.01
1776874222.438084882,3,0,0.01
1776874223.469268555,0,0,1.23
1776874223.469268555,1,0,0.01
1776874223.469268555,2,0,0.01
1776874223.469268555,3,0,0.01
1776874224.503070544,0,0,1.23
1776874224.503070544,1,0,0.01
1776874224.503070544,2,0,0.01
1776874224.503070544,3,0,0.01
1776874225.537573357,0,0,1.23
1776874225.537573357,1,0,0.01
1776874225.537573357,2,0,0.01
1776874225.537573357,3,0,0.01
1776874226.570927083,0,0,1.23
1776874226.570927083,1,0,0.01
1776874226.570927083,2,0,0.01
1776874226.570927083,3,0,0.01
1776874227.604384097,0,19,1.23
1776874227.604384097,1,0,0.01
1776874227.604384097,2,0,0.01
1776874227.604384097,3,0,0.01
1776874228.637330029,0,36,1.23
1776874228.637330029,1,0,0.01
1776874228.637330029,2,0,0.01
1776874228.637330029,3,0,0.01
1776874229.670211020,0,38,1.23
1776874229.670211020,1,0,0.01
1776874229.670211020,2,0,0.01
1776874229.670211020,3,0,0.01
1776874230.703475408,0,38,1.23
1776874230.703475408,1,0,0.01
1776874230.703475408,2,0,0.01
1776874230.703475408,3,0,0.01
1776874231.736869178,0,0,1.23
1776874231.736869178,1,0,0.01
1776874231.736869178,2,0,0.01
1776874231.736869178,3,0,0.01
1776874232.770829155,0,0,1.23
1776874232.770829155,1,0,0.01
1776874232.770829155,2,0,0.01
1776874232.770829155,3,0,0.01
1776874233.804846766,0,38,1.23
1776874233.804846766,1,0,0.01
1776874233.804846766,2,0,0.01
1776874233.804846766,3,0,0.01
1776874234.838163605,0,39,1.23
1776874234.838163605,1,0,0.01
1776874234.838163605,2,0,0.01
1776874234.838163605,3,0,0.01
1776874235.870577888,0,38,1.23
1776874235.870577888,1,0,0.01
1776874235.870577888,2,0,0.01
1776874235.870577888,3,0,0.01
1776874236.902578386,0,0,1.23
1776874236.902578386,1,0,0.01
1776874236.902578386,2,0,0.01
1776874236.902578386,3,0,0.01
1776874237.936323155,0,0,1.23
1776874237.936323155,1,0,0.01
1776874237.936323155,2,0,0.01
1776874237.936323155,3,0,0.01
1776874238.969899284,0,0,1.23
1776874238.969899284,1,0,0.01
1776874238.969899284,2,0,0.01
1776874238.969899284,3,0,0.01
1776874240.001292032,0,0,1.23
1776874240.001292032,1,0,0.01
1776874240.001292032,2,0,0.01
1776874240.001292032,3,0,0.01
1776874241.033261423,0,0,1.23
1776874241.033261423,1,0,0.01
1776874241.033261423,2,0,0.01
1776874241.033261423,3,0,0.01
1776874242.064525609,0,0,1.23
1776874242.064525609,1,0,0.01
1776874242.064525609,2,0,0.01
1776874242.064525609,3,0,0.01
1776874243.096433711,0,0,1.23
1776874243.096433711,1,0,0.01
1776874243.096433711,2,0,0.01
1776874243.096433711,3,0,0.01
1776874244.128499657,0,0,1.23
1776874244.128499657,1,0,0.01
1776874244.128499657,2,0,0.01
1776874244.128499657,3,0,0.01
1776874245.160003995,0,0,1.23
1776874245.160003995,1,0,0.01
1776874245.160003995,2,0,0.01
1776874245.160003995,3,0,0.01
1776874246.193558298,0,0,1.23
1776874246.193558298,1,0,0.01
1776874246.193558298,2,0,0.01
1776874246.193558298,3,0,0.01
1776874247.226358910,0,0,1.23
1776874247.226358910,1,0,0.01
1776874247.226358910,2,0,0.01
1776874247.226358910,3,0,0.01
1776874248.258490189,0,0,1.23
1776874248.258490189,1,0,0.01
1776874248.258490189,2,0,0.01
1776874248.258490189,3,0,0.01
1776874249.290223673,0,0,1.23
1776874249.290223673,1,0,0.01
1776874249.290223673,2,0,0.01
1776874249.290223673,3,0,0.01
1776874250.321654337,0,0,1.23
1776874250.321654337,1,0,0.01
1776874250.321654337,2,0,0.01
1776874250.321654337,3,0,0.01
1776874251.354027479,0,0,1.23
1776874251.354027479,1,0,0.01
1776874251.354027479,2,0,0.01
1776874251.354027479,3,0,0.01
1776874252.386360147,0,0,1.23
1776874252.386360147,1,0,0.01
1776874252.386360147,2,0,0.01
1776874252.386360147,3,0,0.01
1776874253.418484580,0,0,1.23
1776874253.418484580,1,0,0.01
1776874253.418484580,2,0,0.01
1776874253.418484580,3,0,0.01
1776874254.450353415,0,0,1.23
1776874254.450353415,1,0,0.01
1776874254.450353415,2,0,0.01
1776874254.450353415,3,0,0.01
1776874255.483102210,0,37,1.23
1776874255.483102210,1,0,0.01
1776874255.483102210,2,0,0.01
1776874255.483102210,3,0,0.01
1776874256.515612888,0,38,1.23
1776874256.515612888,1,0,0.01
1776874256.515612888,2,0,0.01
1776874256.515612888,3,0,0.01
1776874257.547614375,0,38,1.23
1776874257.547614375,1,0,0.01
1776874257.547614375,2,0,0.01
1776874257.547614375,3,0,0.01
1776874258.580584078,0,0,1.23
1776874258.580584078,1,0,0.01
1776874258.580584078,2,0,0.01
1776874258.580584078,3,0,0.01
1776874259.613939894,0,0,1.23
1776874259.613939894,1,0,0.01
1776874259.613939894,2,0,0.01
1776874259.613939894,3,0,0.01
1776874260.645517463,0,0,1.23
1776874260.645517463,1,0,0.01
1776874260.645517463,2,0,0.01
1776874260.645517463,3,0,0.01
1776874261.678597180,0,0,1.23
1776874261.678597180,1,0,0.01
1776874261.678597180,2,0,0.01
1776874261.678597180,3,0,0.01
1776874262.712048911,0,0,1.23
1776874262.712048911,1,0,0.01
1776874262.712048911,2,0,0.01
1776874262.712048911,3,0,0.01
1776874263.744627917,0,0,1.23
1776874263.744627917,1,0,0.01
1776874263.744627917,2,0,0.01
1776874263.744627917,3,0,0.01
1776874264.776887638,0,0,1.23
1776874264.776887638,1,0,0.01
1776874264.776887638,2,0,0.01
1776874264.776887638,3,0,0.01
1776874265.811259446,0,38,1.23
1776874265.811259446,1,0,0.01
1776874265.811259446,2,0,0.01
1776874265.811259446,3,0,0.01
1776874266.843627404,0,36,1.23
1776874266.843627404,1,0,0.01
1776874266.843627404,2,0,0.01
1776874266.843627404,3,0,0.01
1776874267.877672756,0,36,1.23
1776874267.877672756,1,0,0.01
1776874267.877672756,2,0,0.01
1776874267.877672756,3,0,0.01
1776874268.910923941,0,0,1.23
1776874268.910923941,1,0,0.01
1776874268.910923941,2,0,0.01
1776874268.910923941,3,0,0.01
1776874269.944062727,0,0,1.23
1776874269.944062727,1,0,0.01
1776874269.944062727,2,0,0.01
1776874269.944062727,3,0,0.01
1776874270.976805950,0,0,1.23
1776874270.976805950,1,0,0.01
1776874270.976805950,2,0,0.01
1776874270.976805950,3,0,0.01
1776874272.010485188,0,0,1.23
1776874272.010485188,1,0,0.01
1776874272.010485188,2,0,0.01
1776874272.010485188,3,0,0.01
1776874273.044153500,0,0,1.23
1776874273.044153500,1,0,0.01
1776874273.044153500,2,0,0.01
1776874273.044153500,3,0,0.01
1776874274.077461141,0,0,1.23
1776874274.077461141,1,0,0.01
1776874274.077461141,2,0,0.01
1776874274.077461141,3,0,0.01
1776874275.108934579,0,0,1.23
1776874275.108934579,1,0,0.01
1776874275.108934579,2,0,0.01
1776874275.108934579,3,0,0.01
1776874276.142369723,0,0,1.23
1776874276.142369723,1,0,0.01
1776874276.142369723,2,0,0.01
1776874276.142369723,3,0,0.01
1776874277.177139947,0,0,1.23
1776874277.177139947,1,0,0.01
1776874277.177139947,2,0,0.01
1776874277.177139947,3,0,0.01
1776874278.209573115,0,38,1.23
1776874278.209573115,1,0,0.01
1776874278.209573115,2,0,0.01
1776874278.209573115,3,0,0.01
1776874279.243116278,0,38,1.23
1776874279.243116278,1,0,0.01
1776874279.243116278,2,0,0.01
1776874279.243116278,3,0,0.01
1776874280.277130148,0,38,1.23
1776874280.277130148,1,0,0.01
1776874280.277130148,2,0,0.01
1776874280.277130148,3,0,0.01
1776874281.310893313,0,0,1.23
1776874281.310893313,1,0,0.01
1776874281.310893313,2,0,0.01
1776874281.310893313,3,0,0.01
1776874282.344761402,0,38,1.23
1776874282.344761402,1,0,0.01
1776874282.344761402,2,0,0.01
1776874282.344761402,3,0,0.01
1776874283.378627499,0,38,1.23
1776874283.378627499,1,0,0.01
1776874283.378627499,2,0,0.01
1776874283.378627499,3,0,0.01
1776874284.413305692,0,38,1.23
1776874284.413305692,1,0,0.01
1776874284.413305692,2,0,0.01
1776874284.413305692,3,0,0.01
1776874285.446442890,0,33,1.23
1776874285.446442890,1,0,0.01
1776874285.446442890,2,0,0.01
1776874285.446442890,3,0,0.01
1776874286.480686266,0,0,1.23
1776874286.480686266,1,0,0.01
1776874286.480686266,2,0,0.01
1776874286.480686266,3,0,0.01
1776874287.513678046,0,0,1.23
1776874287.513678046,1,0,0.01
1776874287.513678046,2,0,0.01
1776874287.513678046,3,0,0.01
1776874288.545603003,0,0,1.23
1776874288.545603003,1,0,0.01
1776874288.545603003,2,0,0.01
1776874288.545603003,3,0,0.01
1776874289.579446096,0,36,1.23
1776874289.579446096,1,0,0.01
1776874289.579446096,2,0,0.01
1776874289.579446096,3,0,0.01
1776874290.611404837,0,36,1.23
1776874290.611404837,1,0,0.01
1776874290.611404837,2,0,0.01
1776874290.611404837,3,0,0.01
1776874291.643885678,0,36,1.23
1776874291.643885678,1,0,0.01
1776874291.643885678,2,0,0.01
1776874291.643885678,3,0,0.01
1776874292.676488673,0,36,1.23
1776874292.676488673,1,0,0.01
1776874292.676488673,2,0,0.01
1776874292.676488673,3,0,0.01
1776874293.708656769,0,0,1.23
1776874293.708656769,1,0,0.01
1776874293.708656769,2,0,0.01
1776874293.708656769,3,0,0.01
1776874294.741579627,0,0,1.23
1776874294.741579627,1,0,0.01
1776874294.741579627,2,0,0.01
1776874294.741579627,3,0,0.01
1776874295.775544283,0,0,1.23
1776874295.775544283,1,0,0.01
1776874295.775544283,2,0,0.01
1776874295.775544283,3,0,0.01
1776874296.807238513,0,0,1.23
1776874296.807238513,1,0,0.01
1776874296.807238513,2,0,0.01
1776874296.807238513,3,0,0.01
1776874297.839729523,0,0,1.23
1776874297.839729523,1,0,0.01
1776874297.839729523,2,0,0.01
1776874297.839729523,3,0,0.01
1776874298.871504045,0,0,1.23
1776874298.871504045,1,0,0.01
1776874298.871504045,2,0,0.01
1776874298.871504045,3,0,0.01
1776874299.904157941,0,38,1.23
1776874299.904157941,1,0,0.01
1776874299.904157941,2,0,0.01
1776874299.904157941,3,0,0.01
1776874300.936986043,0,38,1.23
1776874300.936986043,1,0,0.01
1776874300.936986043,2,0,0.01
1776874300.936986043,3,0,0.01
1776874301.969044700,0,38,1.23
1776874301.969044700,1,0,0.01
1776874301.969044700,2,0,0.01
1776874301.969044700,3,0,0.01
1776874303.001272875,0,38,1.23
1776874303.001272875,1,0,0.01
1776874303.001272875,2,0,0.01
1776874303.001272875,3,0,0.01
1776874304.033457918,0,0,1.23
1776874304.033457918,1,0,0.01
1776874304.033457918,2,0,0.01
1776874304.033457918,3,0,0.01
1776874305.065967989,0,0,1.23
1776874305.065967989,1,0,0.01
1776874305.065967989,2,0,0.01
1776874305.065967989,3,0,0.01
1776874306.099676088,0,37,1.23
1776874306.099676088,1,0,0.01
1776874306.099676088,2,0,0.01
1776874306.099676088,3,0,0.01
1776874307.133326093,0,38,1.23
1776874307.133326093,1,0,0.01
1776874307.133326093,2,0,0.01
1776874307.133326093,3,0,0.01
1776874308.165826939,0,38,1.23
1776874308.165826939,1,0,0.01
1776874308.165826939,2,0,0.01
1776874308.165826939,3,0,0.01
1776874309.198204444,0,37,1.23
1776874309.198204444,1,0,0.01
1776874309.198204444,2,0,0.01
1776874309.198204444,3,0,0.01
1776874310.230628996,0,0,1.23
1776874310.230628996,1,0,0.01
1776874310.230628996,2,0,0.01
1776874310.230628996,3,0,0.01
1776874311.263635552,0,0,1.23
1776874311.263635552,1,0,0.01
1776874311.263635552,2,0,0.01
1776874311.263635552,3,0,0.01
1776874312.296522607,0,0,1.23
1776874312.296522607,1,0,0.01
1776874312.296522607,2,0,0.01
1776874312.296522607,3,0,0.01
1776874313.329562285,0,36,1.23
1776874313.329562285,1,0,0.01
1776874313.329562285,2,0,0.01
1776874313.329562285,3,0,0.01
1776874314.361949117,0,36,1.23
1776874314.361949117,1,0,0.01
1776874314.361949117,2,0,0.01
1776874314.361949117,3,0,0.01
1776874315.394709406,0,36,1.23
1776874315.394709406,1,0,0.01
1776874315.394709406,2,0,0.01
1776874315.394709406,3,0,0.01
1776874316.426649938,0,22,1.23
1776874316.426649938,1,0,0.01
1776874316.426649938,2,0,0.01
1776874316.426649938,3,0,0.01
1776874317.460957336,0,0,1.23
1776874317.460957336,1,0,0.01
1776874317.460957336,2,0,0.01
1776874317.460957336,3,0,0.01
1776874318.494408265,0,0,1.23
1776874318.494408265,1,0,0.01
1776874318.494408265,2,0,0.01
1776874318.494408265,3,0,0.01
1776874319.527564793,0,0,1.23
1776874319.527564793,1,0,0.01
1776874319.527564793,2,0,0.01
1776874319.527564793,3,0,0.01
1776874320.561012057,0,0,1.23
1776874320.561012057,1,0,0.01
1776874320.561012057,2,0,0.01
1776874320.561012057,3,0,0.01
1776874321.595276963,0,0,1.23
1776874321.595276963,1,0,0.01
1776874321.595276963,2,0,0.01
1776874321.595276963,3,0,0.01
1776874322.629456871,0,0,1.23
1776874322.629456871,1,0,0.01
1776874322.629456871,2,0,0.01
1776874322.629456871,3,0,0.01
1776874323.663179026,0,38,1.23
1776874323.663179026,1,0,0.01
1776874323.663179026,2,0,0.01
1776874323.663179026,3,0,0.01
1776874324.697442164,0,38,1.23
1776874324.697442164,1,0,0.01
1776874324.697442164,2,0,0.01
1776874324.697442164,3,0,0.01
1776874325.729737040,0,38,1.23
1776874325.729737040,1,0,0.01
1776874325.729737040,2,0,0.01
1776874325.729737040,3,0,0.01
1776874326.763806739,0,0,1.23
1776874326.763806739,1,0,0.01
1776874326.763806739,2,0,0.01
1776874326.763806739,3,0,0.01
1776874327.797972744,0,0,1.23
1776874327.797972744,1,0,0.01
1776874327.797972744,2,0,0.01
1776874327.797972744,3,0,0.01
1776874328.831790861,0,0,1.23
1776874328.831790861,1,0,0.01
1776874328.831790861,2,0,0.01
1776874328.831790861,3,0,0.01
1776874329.864948628,0,38,1.23
1776874329.864948628,1,0,0.01
1776874329.864948628,2,0,0.01
1776874329.864948628,3,0,0.01
1776874330.897982345,0,38,1.23
1776874330.897982345,1,0,0.01
1776874330.897982345,2,0,0.01
1776874330.897982345,3,0,0.01
1776874331.931423829,0,38,1.23
1776874331.931423829,1,0,0.01
1776874331.931423829,2,0,0.01
1776874331.931423829,3,0,0.01
1776874332.964374314,0,0,1.23
1776874332.964374314,1,0,0.01
1776874332.964374314,2,0,0.01
1776874332.964374314,3,0,0.01
1776874333.998737878,0,0,1.23
1776874333.998737878,1,0,0.01
1776874333.998737878,2,0,0.01
1776874333.998737878,3,0,0.01
1776874335.032115590,0,36,1.23
1776874335.032115590,1,0,0.01
1776874335.032115590,2,0,0.01
1776874335.032115590,3,0,0.01
1776874336.066195072,0,36,1.23
1776874336.066195072,1,0,0.01
1776874336.066195072,2,0,0.01
1776874336.066195072,3,0,0.01
1776874337.100050202,0,36,1.23
1776874337.100050202,1,0,0.01
1776874337.100050202,2,0,0.01
1776874337.100050202,3,0,0.01
1776874338.132345385,0,0,1.23
1776874338.132345385,1,0,0.01
1776874338.132345385,2,0,0.01
1776874338.132345385,3,0,0.01
1776874339.166840051,0,0,1.23
1776874339.166840051,1,0,0.01
1776874339.166840051,2,0,0.01
1776874339.166840051,3,0,0.01
1776874340.201886739,0,0,1.23
1776874340.201886739,1,0,0.01
1776874340.201886739,2,0,0.01
1776874340.201886739,3,0,0.01
1776874341.235030946,0,0,1.23
1776874341.235030946,1,0,0.01
1776874341.235030946,2,0,0.01
1776874341.235030946,3,0,0.01
1776874342.268849392,0,0,1.23
1776874342.268849392,1,0,0.01
1776874342.268849392,2,0,0.01
1776874342.268849392,3,0,0.01
1776874343.302851596,0,0,1.23
1776874343.302851596,1,0,0.01
1776874343.302851596,2,0,0.01
1776874343.302851596,3,0,0.01
1776874344.337297749,0,38,1.23
1776874344.337297749,1,0,0.01
1776874344.337297749,2,0,0.01
1776874344.337297749,3,0,0.01
1776874345.370767717,0,38,1.23
1776874345.370767717,1,0,0.01
1776874345.370767717,2,0,0.01
1776874345.370767717,3,0,0.01
1776874346.405218722,0,38,1.23
1776874346.405218722,1,0,0.01
1776874346.405218722,2,0,0.01
1776874346.405218722,3,0,0.01
1776874347.437835125,0,0,1.23
1776874347.437835125,1,0,0.01
1776874347.437835125,2,0,0.01
1776874347.437835125,3,0,0.01
1776874348.470770133,0,0,1.23
1776874348.470770133,1,0,0.01
1776874348.470770133,2,0,0.01
1776874348.470770133,3,0,0.01
1776874349.502495918,0,0,1.23
1776874349.502495918,1,0,0.01
1776874349.502495918,2,0,0.01
1776874349.502495918,3,0,0.01
1776874350.534388564,0,0,1.23
1776874350.534388564,1,0,0.01
1776874350.534388564,2,0,0.01
1776874350.534388564,3,0,0.01
1776874351.568432105,0,0,1.23
1776874351.568432105,1,0,0.01
1776874351.568432105,2,0,0.01
1776874351.568432105,3,0,0.01
1776874352.601746445,0,0,1.23
1776874352.601746445,1,0,0.01
1776874352.601746445,2,0,0.01
1776874352.601746445,3,0,0.01
1776874353.635732453,0,0,1.23
1776874353.635732453,1,0,0.01
1776874353.635732453,2,0,0.01
1776874353.635732453,3,0,0.01
1776874354.670172519,0,38,1.23
1776874354.670172519,1,0,0.01
1776874354.670172519,2,0,0.01
1776874354.670172519,3,0,0.01
1776874355.704269587,0,38,1.23
1776874355.704269587,1,0,0.01
1776874355.704269587,2,0,0.01
1776874355.704269587,3,0,0.01
1776874356.738979066,0,38,1.23
1776874356.738979066,1,0,0.01
1776874356.738979066,2,0,0.01
1776874356.738979066,3,0,0.01
1776874357.772422047,0,0,1.23
1776874357.772422047,1,0,0.01
1776874357.772422047,2,0,0.01
1776874357.772422047,3,0,0.01
1776874358.806253819,0,0,1.23
1776874358.806253819,1,0,0.01
1776874358.806253819,2,0,0.01
1776874358.806253819,3,0,0.01
1776874359.838554948,0,0,1.23
1776874359.838554948,1,0,0.01
1776874359.838554948,2,0,0.01
1776874359.838554948,3,0,0.01
1776874360.872266153,0,0,1.23
1776874360.872266153,1,0,0.01
1776874360.872266153,2,0,0.01
1776874360.872266153,3,0,0.01
1776874361.906423637,0,0,1.23
1776874361.906423637,1,0,0.01
1776874361.906423637,2,0,0.01
1776874361.906423637,3,0,0.01
1776874362.939919441,0,0,1.23
1776874362.939919441,1,0,0.01
1776874362.939919441,2,0,0.01
1776874362.939919441,3,0,0.01
1776874363.974637277,0,0,1.23
1776874363.974637277,1,0,0.01
1776874363.974637277,2,0,0.01
1776874363.974637277,3,0,0.01
1776874365.007860231,0,0,1.23
1776874365.007860231,1,0,0.01
1776874365.007860231,2,0,0.01
1776874365.007860231,3,0,0.01
1776874366.041444130,0,36,1.23
1776874366.041444130,1,0,0.01
1776874366.041444130,2,0,0.01
1776874366.041444130,3,0,0.01
1776874367.076316915,0,36,1.23
1776874367.076316915,1,0,0.01
1776874367.076316915,2,0,0.01
1776874367.076316915,3,0,0.01
1776874368.109437421,0,38,1.23
1776874368.109437421,1,0,0.01
1776874368.109437421,2,0,0.01
1776874368.109437421,3,0,0.01
1776874369.143383901,0,37,1.23
1776874369.143383901,1,0,0.01
1776874369.143383901,2,0,0.01
1776874369.143383901,3,0,0.01
1776874370.176482400,0,0,1.23
1776874370.176482400,1,0,0.01
1776874370.176482400,2,0,0.01
1776874370.176482400,3,0,0.01
1776874371.208456300,0,38,1.23
1776874371.208456300,1,0,0.01
1776874371.208456300,2,0,0.01
1776874371.208456300,3,0,0.01
1776874372.242345766,0,38,1.23
1776874372.242345766,1,0,0.01
1776874372.242345766,2,0,0.01
1776874372.242345766,3,0,0.01
1776874373.276050978,0,38,1.23
1776874373.276050978,1,0,0.01
1776874373.276050978,2,0,0.01
1776874373.276050978,3,0,0.01
1776874374.310380714,0,0,1.23
1776874374.310380714,1,0,0.01
1776874374.310380714,2,0,0.01
1776874374.310380714,3,0,0.01
1776874375.343448983,0,0,1.23
1776874375.343448983,1,0,0.01
1776874375.343448983,2,0,0.01
1776874375.343448983,3,0,0.01
1776874376.377329605,0,0,1.23
1776874376.377329605,1,0,0.01
1776874376.377329605,2,0,0.01
1776874376.377329605,3,0,0.01
1776874377.410510829,0,0,1.23
1776874377.410510829,1,0,0.01
1776874377.410510829,2,0,0.01
1776874377.410510829,3,0,0.01
1776874378.443823155,0,0,1.23
1776874378.443823155,1,0,0.01
1776874378.443823155,2,0,0.01
1776874378.443823155,3,0,0.01
1776874379.478608001,0,0,1.23
1776874379.478608001,1,0,0.01
1776874379.478608001,2,0,0.01
1776874379.478608001,3,0,0.01
1776874380.513582787,0,0,1.23
1776874380.513582787,1,0,0.01
1776874380.513582787,2,0,0.01
1776874380.513582787,3,0,0.01
1776874381.546785625,0,36,1.23
1776874381.546785625,1,0,0.01
1776874381.546785625,2,0,0.01
1776874381.546785625,3,0,0.01
1776874382.580762670,0,36,1.23
1776874382.580762670,1,0,0.01
1776874382.580762670,2,0,0.01
1776874382.580762670,3,0,0.01
1776874383.615459019,0,36,1.23
1776874383.615459019,1,0,0.01
1776874383.615459019,2,0,0.01
1776874383.615459019,3,0,0.01
1776874384.649197216,0,36,1.23
1776874384.649197216,1,0,0.01
1776874384.649197216,2,0,0.01
1776874384.649197216,3,0,0.01
1776874385.684106513,0,0,1.23
1776874385.684106513,1,0,0.01
1776874385.684106513,2,0,0.01
1776874385.684106513,3,0,0.01
1776874386.718203654,0,0,1.23
1776874386.718203654,1,0,0.01
1776874386.718203654,2,0,0.01
1776874386.718203654,3,0,0.01
1776874387.752439523,0,0,1.23
1776874387.752439523,1,0,0.01
1776874387.752439523,2,0,0.01
1776874387.752439523,3,0,0.01
1776874388.786553537,0,0,1.23
1776874388.786553537,1,0,0.01
1776874388.786553537,2,0,0.01
1776874388.786553537,3,0,0.01
1776874389.820468520,0,0,1.23
1776874389.820468520,1,0,0.01
1776874389.820468520,2,0,0.01
1776874389.820468520,3,0,0.01
1776874390.854856997,0,0,1.23
1776874390.854856997,1,0,0.01
1776874390.854856997,2,0,0.01
1776874390.854856997,3,0,0.01
1776874391.888163748,0,0,1.23
1776874391.888163748,1,0,0.01
1776874391.888163748,2,0,0.01
1776874391.888163748,3,0,0.01
1776874392.922563510,0,25,1.23
1776874392.922563510,1,0,0.01
1776874392.922563510,2,0,0.01
1776874392.922563510,3,0,0.01
1776874393.956581514,0,38,1.23
1776874393.956581514,1,0,0.01
1776874393.956581514,2,0,0.01
1776874393.956581514,3,0,0.01
1776874394.990496656,0,38,1.23
1776874394.990496656,1,0,0.01
1776874394.990496656,2,0,0.01
1776874394.990496656,3,0,0.01
1776874396.025384743,0,38,1.23
1776874396.025384743,1,0,0.01
1776874396.025384743,2,0,0.01
1776874396.025384743,3,0,0.01
1776874397.058561326,0,0,1.23
1776874397.058561326,1,0,0.01
1776874397.058561326,2,0,0.01
1776874397.058561326,3,0,0.01
1776874398.090040874,0,0,1.23
1776874398.090040874,1,0,0.01
1776874398.090040874,2,0,0.01
1776874398.090040874,3,0,0.01
1776874399.123296913,0,0,1.23
1776874399.123296913,1,0,0.01
1776874399.123296913,2,0,0.01
1776874399.123296913,3,0,0.01
1776874400.157636906,0,0,1.23
1776874400.157636906,1,0,0.01
1776874400.157636906,2,0,0.01
1776874400.157636906,3,0,0.01
1776874401.191837766,0,0,1.23
1776874401.191837766,1,0,0.01
1776874401.191837766,2,0,0.01
1776874401.191837766,3,0,0.01
1776874402.224508409,0,0,1.23
1776874402.224508409,1,0,0.01
1776874402.224508409,2,0,0.01
1776874402.224508409,3,0,0.01
1776874403.257758995,0,0,1.23
1776874403.257758995,1,0,0.01
1776874403.257758995,2,0,0.01
1776874403.257758995,3,0,0.01
1776874404.291600736,0,36,1.23
1776874404.291600736,1,0,0.01
1776874404.291600736,2,0,0.01
1776874404.291600736,3,0,0.01
1776874405.325300671,0,36,1.23
1776874405.325300671,1,0,0.01
1776874405.325300671,2,0,0.01
1776874405.325300671,3,0,0.01
1776874406.358422384,0,37,1.23
1776874406.358422384,1,0,0.01
1776874406.358422384,2,0,0.01
1776874406.358422384,3,0,0.01
1776874407.391869129,0,36,1.23
1776874407.391869129,1,0,0.01
1776874407.391869129,2,0,0.01
1776874407.391869129,3,0,0.01
1776874408.425928290,0,0,1.23
1776874408.425928290,1,0,0.01
1776874408.425928290,2,0,0.01
1776874408.425928290,3,0,0.01
1776874409.460198542,0,0,1.23
1776874409.460198542,1,0,0.01
1776874409.460198542,2,0,0.01
1776874409.460198542,3,0,0.01
1776874410.493570083,0,0,1.23
1776874410.493570083,1,0,0.01
1776874410.493570083,2,0,0.01
1776874410.493570083,3,0,0.01
1776874411.526618827,0,0,1.23
1776874411.526618827,1,0,0.01
1776874411.526618827,2,0,0.01
1776874411.526618827,3,0,0.01
1776874412.561711923,0,0,1.23
1776874412.561711923,1,0,0.01
1776874412.561711923,2,0,0.01
1776874412.561711923,3,0,0.01
1776874413.594663868,0,0,1.23
1776874413.594663868,1,0,0.01
1776874413.594663868,2,0,0.01
1776874413.594663868,3,0,0.01
1776874414.628867001,0,0,1.23
1776874414.628867001,1,0,0.01
1776874414.628867001,2,0,0.01
1776874414.628867001,3,0,0.01
1776874415.662097130,0,0,1.23
1776874415.662097130,1,0,0.01
1776874415.662097130,2,0,0.01
1776874415.662097130,3,0,0.01
1776874416.696162942,0,0,1.23
1776874416.696162942,1,0,0.01
1776874416.696162942,2,0,0.01
1776874416.696162942,3,0,0.01
1776874417.728677422,0,0,1.23
1776874417.728677422,1,0,0.01
1776874417.728677422,2,0,0.01
1776874417.728677422,3,0,0.01
1776874418.762647082,0,0,1.23
1776874418.762647082,1,0,0.01
1776874418.762647082,2,0,0.01
1776874418.762647082,3,0,0.01
1776874419.796933695,0,6,1.23
1776874419.796933695,1,0,0.01
1776874419.796933695,2,0,0.01
1776874419.796933695,3,0,0.01
1776874420.830765211,0,38,1.23
1776874420.830765211,1,0,0.01
1776874420.830765211,2,0,0.01
1776874420.830765211,3,0,0.01
1776874421.864148277,0,38,1.23
1776874421.864148277,1,0,0.01
1776874421.864148277,2,0,0.01
1776874421.864148277,3,0,0.01
1776874422.898735816,0,36,1.23
1776874422.898735816,1,0,0.01
1776874422.898735816,2,0,0.01
1776874422.898735816,3,0,0.01
1776874423.932314217,0,0,1.23
1776874423.932314217,1,0,0.01
1776874423.932314217,2,0,0.01
1776874423.932314217,3,0,0.01
1776874424.966656722,0,0,1.23
1776874424.966656722,1,0,0.01
1776874424.966656722,2,0,0.01
1776874424.966656722,3,0,0.01
1776874426.001189572,0,0,1.23
1776874426.001189572,1,0,0.01
1776874426.001189572,2,0,0.01
1776874426.001189572,3,0,0.01
1776874427.034447374,0,0,1.23
1776874427.034447374,1,0,0.01
1776874427.034447374,2,0,0.01
1776874427.034447374,3,0,0.01
1776874428.067306090,0,0,1.23
1776874428.067306090,1,0,0.01
1776874428.067306090,2,0,0.01
1776874428.067306090,3,0,0.01
1776874429.101200493,0,0,1.23
1776874429.101200493,1,0,0.01
1776874429.101200493,2,0,0.01
1776874429.101200493,3,0,0.01
1776874430.134799947,0,36,1.23
1776874430.134799947,1,0,0.01
1776874430.134799947,2,0,0.01
1776874430.134799947,3,0,0.01
1776874431.167638020,0,36,1.23
1776874431.167638020,1,0,0.01
1776874431.167638020,2,0,0.01
1776874431.167638020,3,0,0.01
1776874432.201539029,0,37,1.23
1776874432.201539029,1,0,0.01
1776874432.201539029,2,0,0.01
1776874432.201539029,3,0,0.01
1776874433.234860891,0,37,1.23
1776874433.234860891,1,0,0.01
1776874433.234860891,2,0,0.01
1776874433.234860891,3,0,0.01
1776874434.268052559,0,0,1.23
1776874434.268052559,1,0,0.01
1776874434.268052559,2,0,0.01
1776874434.268052559,3,0,0.01
1776874435.301629913,0,0,1.23
1776874435.301629913,1,0,0.01
1776874435.301629913,2,0,0.01
1776874435.301629913,3,0,0.01
1776874436.334756475,0,0,1.23
1776874436.334756475,1,0,0.01
1776874436.334756475,2,0,0.01
1776874436.334756475,3,0,0.01
1776874437.367647937,0,0,1.23
1776874437.367647937,1,0,0.01
1776874437.367647937,2,0,0.01
1776874437.367647937,3,0,0.01
1776874438.402717377,0,0,1.23
1776874438.402717377,1,0,0.01
1776874438.402717377,2,0,0.01
1776874438.402717377,3,0,0.01
1776874439.436653429,0,0,1.23
1776874439.436653429,1,0,0.01
1776874439.436653429,2,0,0.01
1776874439.436653429,3,0,0.01
1776874440.468732113,0,0,1.23
1776874440.468732113,1,0,0.01
1776874440.468732113,2,0,0.01
1776874440.468732113,3,0,0.01
1776874441.500561739,0,0,1.23
1776874441.500561739,1,0,0.01
1776874441.500561739,2,0,0.01
1776874441.500561739,3,0,0.01
1776874442.534611131,0,0,1.23
1776874442.534611131,1,0,0.01
1776874442.534611131,2,0,0.01
1776874442.534611131,3,0,0.01
1776874443.568608330,0,0,1.23
1776874443.568608330,1,0,0.01
1776874443.568608330,2,0,0.01
1776874443.568608330,3,0,0.01
1776874444.602358725,0,0,1.23
1776874444.602358725,1,0,0.01
1776874444.602358725,2,0,0.01
1776874444.602358725,3,0,0.01
1776874445.634214370,0,0,1.23
1776874445.634214370,1,0,0.01
1776874445.634214370,2,0,0.01
1776874445.634214370,3,0,0.01
1776874446.667723821,0,0,1.23
1776874446.667723821,1,0,0.01
1776874446.667723821,2,0,0.01
1776874446.667723821,3,0,0.01
1776874447.701323408,0,0,1.23
1776874447.701323408,1,0,0.01
1776874447.701323408,2,0,0.01
1776874447.701323408,3,0,0.01
1776874448.734837202,0,0,1.23
1776874448.734837202,1,0,0.01
1776874448.734837202,2,0,0.01
1776874448.734837202,3,0,0.01
1776874449.769132095,0,0,1.23
1776874449.769132095,1,0,0.01
1776874449.769132095,2,0,0.01
1776874449.769132095,3,0,0.01
1776874450.802760125,0,0,1.23
1776874450.802760125,1,0,0.01
1776874450.802760125,2,0,0.01
1776874450.802760125,3,0,0.01
1776874451.836175960,0,0,1.23
1776874451.836175960,1,0,0.01
1776874451.836175960,2,0,0.01
1776874451.836175960,3,0,0.01
1776874452.869540440,0,0,1.23
1776874452.869540440,1,0,0.01
1776874452.869540440,2,0,0.01
1776874452.869540440,3,0,0.01
1776874453.903352918,0,0,1.23
1776874453.903352918,1,0,0.01
1776874453.903352918,2,0,0.01
1776874453.903352918,3,0,0.01
1776874454.937632332,0,0,1.23
1776874454.937632332,1,0,0.01
1776874454.937632332,2,0,0.01
1776874454.937632332,3,0,0.01
1776874455.971064401,0,0,1.23
1776874455.971064401,1,0,0.01
1776874455.971064401,2,0,0.01
1776874455.971064401,3,0,0.01
1776874457.004249696,0,0,1.23
1776874457.004249696,1,0,0.01
1776874457.004249696,2,0,0.01
1776874457.004249696,3,0,0.01
1776874458.039196857,0,0,1.23
1776874458.039196857,1,0,0.01
1776874458.039196857,2,0,0.01
1776874458.039196857,3,0,0.01
1776874459.072793134,0,0,1.23
1776874459.072793134,1,0,0.01
1776874459.072793134,2,0,0.01
1776874459.072793134,3,0,0.01
1776874460.106716293,0,0,1.23
1776874460.106716293,1,0,0.01
1776874460.106716293,2,0,0.01
1776874460.106716293,3,0,0.01
1776874461.139977656,0,0,1.23
1776874461.139977656,1,0,0.01
1776874461.139977656,2,0,0.01
1776874461.139977656,3,0,0.01
1776874462.173740045,0,0,1.23
1776874462.173740045,1,0,0.01
1776874462.173740045,2,0,0.01
1776874462.173740045,3,0,0.01
1776874463.207494472,0,0,1.23
1776874463.207494472,1,0,0.01
1776874463.207494472,2,0,0.01
1776874463.207494472,3,0,0.01
1776874464.241275874,0,0,1.23
1776874464.241275874,1,0,0.01
1776874464.241275874,2,0,0.01
1776874464.241275874,3,0,0.01
1776874465.272852421,0,0,1.23
1776874465.272852421,1,0,0.01
1776874465.272852421,2,0,0.01
1776874465.272852421,3,0,0.01
1776874466.306638921,0,0,1.23
1776874466.306638921,1,0,0.01
1776874466.306638921,2,0,0.01
1776874466.306638921,3,0,0.01
1776874467.340838364,0,0,1.23
1776874467.340838364,1,0,0.01
1776874467.340838364,2,0,0.01
1776874467.340838364,3,0,0.01
1776874468.374355559,0,0,1.23
1776874468.374355559,1,0,0.01
1776874468.374355559,2,0,0.01
1776874468.374355559,3,0,0.01
1776874469.407884980,0,0,1.23
1776874469.407884980,1,0,0.01
1776874469.407884980,2,0,0.01
1776874469.407884980,3,0,0.01
1776874470.440907901,0,0,1.23
1776874470.440907901,1,0,0.01
1776874470.440907901,2,0,0.01
1776874470.440907901,3,0,0.01
1776874471.475257883,0,0,1.23
1776874471.475257883,1,0,0.01
1776874471.475257883,2,0,0.01
1776874471.475257883,3,0,0.01
1776874472.508699136,0,0,1.23
1776874472.508699136,1,0,0.01
1776874472.508699136,2,0,0.01
1776874472.508699136,3,0,0.01
1776874473.541789516,0,0,1.23
1776874473.541789516,1,0,0.01
1776874473.541789516,2,0,0.01
1776874473.541789516,3,0,0.01
1776874474.575577404,0,0,1.23
1776874474.575577404,1,0,0.01
1776874474.575577404,2,0,0.01
1776874474.575577404,3,0,0.01
1776874475.610185668,0,0,1.23
1776874475.610185668,1,0,0.01
1776874475.610185668,2,0,0.01
1776874475.610185668,3,0,0.01
1776874476.643526816,0,0,1.23
1776874476.643526816,1,0,0.01
1776874476.643526816,2,0,0.01
1776874476.643526816,3,0,0.01
1776874477.676333948,0,0,1.23
1776874477.676333948,1,0,0.01
1776874477.676333948,2,0,0.01
1776874477.676333948,3,0,0.01
1776874478.710513023,0,0,1.23
1776874478.710513023,1,0,0.01
1776874478.710513023,2,0,0.01
1776874478.710513023,3,0,0.01
1776874479.743330098,0,0,1.23
1776874479.743330098,1,0,0.01
1776874479.743330098,2,0,0.01
1776874479.743330098,3,0,0.01
1776874480.777072459,0,0,1.23
1776874480.777072459,1,0,0.01
1776874480.777072459,2,0,0.01
1776874480.777072459,3,0,0.01
1776874481.811287206,0,0,1.23
1776874481.811287206,1,0,0.01
1776874481.811287206,2,0,0.01
1776874481.811287206,3,0,0.01
1776874482.844961432,0,0,1.23
1776874482.844961432,1,0,0.01
1776874482.844961432,2,0,0.01
1776874482.844961432,3,0,0.01
1776874483.878060447,0,0,1.23
1776874483.878060447,1,0,0.01
1776874483.878060447,2,0,0.01
1776874483.878060447,3,0,0.01
1776874484.912397083,0,0,1.23
1776874484.912397083,1,0,0.01
1776874484.912397083,2,0,0.01
1776874484.912397083,3,0,0.01
1776874485.944642865,0,0,1.23
1776874485.944642865,1,0,0.01
1776874485.944642865,2,0,0.01
1776874485.944642865,3,0,0.01
1776874486.978394925,0,0,1.23
1776874486.978394925,1,0,0.01
1776874486.978394925,2,0,0.01
1776874486.978394925,3,0,0.01
1776874488.011252840,0,0,1.23
1776874488.011252840,1,0,0.01
1776874488.011252840,2,0,0.01
1776874488.011252840,3,0,0.01
1776874489.042432251,0,0,1.23
1776874489.042432251,1,0,0.01
1776874489.042432251,2,0,0.01
1776874489.042432251,3,0,0.01
1776874490.075948976,0,0,1.23
1776874490.075948976,1,0,0.01
1776874490.075948976,2,0,0.01
1776874490.075948976,3,0,0.01
1776874491.110015780,0,0,1.23
1776874491.110015780,1,0,0.01
1776874491.110015780,2,0,0.01
1776874491.110015780,3,0,0.01
1776874492.143426712,0,0,1.23
1776874492.143426712,1,0,0.01
1776874492.143426712,2,0,0.01
1776874492.143426712,3,0,0.01
1776874493.177253435,0,0,1.23
1776874493.177253435,1,0,0.01
1776874493.177253435,2,0,0.01
1776874493.177253435,3,0,0.01
1776874494.210988942,0,0,1.23
1776874494.210988942,1,0,0.01
1776874494.210988942,2,0,0.01
1776874494.210988942,3,0,0.01
1776874495.244787365,0,0,1.23
1776874495.244787365,1,0,0.01
1776874495.244787365,2,0,0.01
1776874495.244787365,3,0,0.01
1776874496.277625413,0,0,1.23
1776874496.277625413,1,0,0.01
1776874496.277625413,2,0,0.01
1776874496.277625413,3,0,0.01
1776874497.309092217,0,0,1.23
1776874497.309092217,1,0,0.01
1776874497.309092217,2,0,0.01
1776874497.309092217,3,0,0.01
1776874498.341631623,0,0,1.23
1776874498.341631623,1,0,0.01
1776874498.341631623,2,0,0.01
1776874498.341631623,3,0,0.01
1776874499.375668387,0,0,1.23
1776874499.375668387,1,0,0.01
1776874499.375668387,2,0,0.01
1776874499.375668387,3,0,0.01
