4.707903005182743073e-01
2.056924197822809219e-01
4.029239322990179062e-01
4.510086253285408020e-01
4.491243157535791397e-01
5.382610280066728592e-01
4.513667691498994827e-01
5.271428078413009644e-01
5.457197614014148712e-01
5.370819550007581711e-01
6.192903555929660797e-01
5.373915135860443115e-01
5.276071112602949142e-01
6.403223033994436264e-01
5.374120324850082397e-01
6.305738370865583420e-01
4.026718195527791977e-01
4.537680186331272125e-01
4.137198049575090408e-01
4.504781756550073624e-01
5.379890426993370056e-01
3.577774260193109512e-01
2.266884427517652512e-01
4.972510356456041336e-01
4.513203408569097519e-01
4.493009634315967560e-01
4.510059505701065063e-01
4.495914038270711899e-01
4.462480954825878143e-01
5.428268741816282272e-01
5.367555711418390274e-01
5.425470545887947083e-01
4.625080171972513199e-01
2.259234990924596786e-01
4.280766267329454422e-01
4.105601459741592407e-01
3.851335644721984863e-01
4.311348050832748413e-01
4.331821575760841370e-01
3.613515347242355347e-01
3.699598424136638641e-01
3.934534545987844467e-01
3.595673590898513794e-01
2.990748621523380280e-01
4.269581139087677002e-01
3.326600436121225357e-01
4.289510808885097504e-01
4.303938355296850204e-01
3.786462396383285522e-01
4.329702593386173248e-01
2.778347339481115341e-01
2.626314777880907059e-01
4.831449203193187714e-01
4.816978052258491516e-01
2.637799922376871109e-01
4.393440000712871552e-01
2.436023410409688950e-01
3.659127820283174515e-01
3.314454536885023117e-01
2.829750627279281616e-01
3.700704127550125122e-01
3.266584854573011398e-01
3.192483372986316681e-01
1.882755924016237259e-01
3.592510223388671875e-01
3.589747417718172073e-01
3.442433010786771774e-01
3.879197034984827042e-01
3.855776749551296234e-01
3.865992799401283264e-01
2.239513695240020752e-01
4.062861092388629913e-01
3.813457712531089783e-01
2.879220657050609589e-01
4.717442654073238373e-01
3.587028495967388153e-01
4.339137561619281769e-01
3.594527076929807663e-01
2.761797718703746796e-01
3.487728442996740341e-01
2.744989898055791855e-01
4.965322893112897873e-01
3.143315259367227554e-01
4.239798672497272491e-01
3.012476377189159393e-01
3.811342827975749969e-01
3.822565544396638870e-01
2.831982821226119995e-01
3.438641279935836792e-01
3.101700004190206528e-01
4.101091735064983368e-01
3.279703930020332336e-01
3.905605077743530273e-01
3.466832060366868973e-01
2.882615234702825546e-01
2.810654211789369583e-01
3.178351037204265594e-01
3.504465986043214798e-01
4.758088048547506332e-01
4.639079421758651733e-01
2.745690494775772095e-01
2.749726921319961548e-01
2.743312511593103409e-01
2.745723985135555267e-01
4.954884331673383713e-01
2.367843445390462875e-01
3.382655326277017593e-01
2.590971980243921280e-01
4.331301972270011902e-01
2.311222404241561890e-01
3.686280734837055206e-01
3.504949379712343216e-01
2.246779743582010269e-01
2.066471166908740997e-01
1.972458455711603165e-01
2.264014109969139099e-01
3.441837318241596222e-01
2.977451626211404800e-01
2.891338616609573364e-01
3.268186785280704498e-01
3.890649229288101196e-01
3.082642722874879837e-01
3.892314955592155457e-01
3.913244549185037613e-01
3.375332579016685486e-01
2.596283219754695892e-01
3.694434110075235367e-01
4.657500181347131729e-01
4.260856080800294876e-01
4.131711218506097794e-01
4.230984114110469818e-01
2.590079121291637421e-01
3.974940702319145203e-01
1.980164423584938049e-01
1.827279850840568542e-01
3.967045191675424576e-01
3.602658249437808990e-01
3.698574956506490707e-01
2.985994387418031693e-01
3.016991484910249710e-01
3.250993471592664719e-01
3.437443375587463379e-01
3.322643171995878220e-01
2.319685965776443481e-01
3.067377656698226929e-01
2.982994355261325836e-01
3.344389032572507858e-01
2.792956847697496414e-01
2.729909196496009827e-01
4.825798161327838898e-01
2.602708879858255386e-01
4.761931784451007843e-01
2.698921784758567810e-01
4.048204161226749420e-01
2.779630981385707855e-01
3.708842322230339050e-01
3.972386717796325684e-01
3.612811472266912460e-01
2.301820162683725357e-01
2.385065443813800812e-01
3.123776540160179138e-01
3.332331795245409012e-01
2.285498697310686111e-01
3.086946308612823486e-01
2.252869643270969391e-01
1.969295926392078400e-01
3.258546609431505203e-01
1.883260030299425125e-01
3.249990921467542648e-01
2.295979727059602737e-01
4.152767825871706009e-01
2.910316828638315201e-01
3.073167745023965836e-01
4.392769522964954376e-01
4.770386777818202972e-01
3.377118166536092758e-01
3.912675846368074417e-01
2.691925428807735443e-01
3.473444376140832901e-01
3.808341100811958313e-01
4.521944969892501831e-01
2.368766423314809799e-01
3.377834446728229523e-01
4.144022613763809204e-01
2.169851586222648621e-01
3.168524522334337234e-01
3.335073236376047134e-01
3.609384279698133469e-01
3.176829218864440918e-01
2.236272785812616348e-01
2.256904784590005875e-01
3.881928604096174240e-01
2.277865596115589142e-01
2.747825141996145248e-01
2.906693276017904282e-01
2.292401716113090515e-01
3.419208303093910217e-01
3.420430496335029602e-01
3.447839189320802689e-01
3.628323525190353394e-01
2.828815374523401260e-01
2.727695181965827942e-01
2.384484019130468369e-01
4.974725712090730667e-01
2.764535155147314072e-01
2.756385337561368942e-01
4.434786066412925720e-01
3.914976883679628372e-01
4.432999975979328156e-01
3.900477532297372818e-01
3.323739320039749146e-01
2.279417254030704498e-01
3.894636873155832291e-01
1.971060130745172501e-01
3.693157676607370377e-01
3.080006893724203110e-01
3.719687182456254959e-01
2.290023379027843475e-01
2.900168709456920624e-01
2.816491480916738510e-01
3.452728539705276489e-01
2.902550231665372849e-01
2.282046023756265640e-01
2.288464680314064026e-01
2.253945432603359222e-01
3.775200527161359787e-01
2.983225248754024506e-01
3.615793734788894653e-01
2.303348425775766373e-01
3.593438826501369476e-01
4.618899058550596237e-01
4.450815916061401367e-01
2.768126651644706726e-01
3.712441567331552505e-01
4.542390257120132446e-01
4.868900571018457413e-01
4.552517104893922806e-01
4.855514653027057648e-01
4.857078045606613159e-01
2.757308334112167358e-01
2.282459065318107605e-01
3.709670882672071457e-01
2.273168209940195084e-01
2.281711865216493607e-01
2.283162660896778107e-01
2.064353078603744507e-01
2.716247495263814926e-01
3.705976642668247223e-01
3.169546462595462799e-01
3.692502733319997787e-01
2.887043878436088562e-01
2.153175622224807739e-01
3.434327431023120880e-01
3.161009866744279861e-01
2.286330237984657288e-01
2.319591566920280457e-01
2.282071877270936966e-01
2.240461837500333786e-01
3.789255134761333466e-01
3.973727207630872726e-01
2.240494359284639359e-01
4.220639839768409729e-01
2.748282793909311295e-01
4.012873061001300812e-01
2.588614579290151596e-01
2.758087255060672760e-01
2.488572932779788971e-01
2.762661986052989960e-01
1.850657146424055099e-01
3.379292394965887070e-01
2.770945038646459579e-01
2.301037646830081940e-01
3.620809502899646759e-01
2.286423724144697189e-01
3.430313393473625183e-01
1.881953570991754532e-01
2.072157468646764755e-01
2.249719444662332535e-01
3.689664825797080994e-01
4.147276803851127625e-01
3.611775189638137817e-01
2.154597323387861252e-01
3.689846880733966827e-01
1.894138772040605545e-01
3.973938804119825363e-01
4.797791875898838043e-01
4.338250681757926941e-01
2.754382621496915817e-01
2.754267025738954544e-01
2.600824479013681412e-01
2.582185305655002594e-01
2.592715024948120117e-01
3.689041007310152054e-01
2.264248616993427277e-01
4.960763193666934967e-01
4.207239970564842224e-01
3.659906238317489624e-01
2.905824054032564163e-01
2.239271141588687897e-01
3.935894221067428589e-01
3.510375209152698517e-01
3.855714797973632812e-01
2.297464516013860703e-01
3.046262972056865692e-01
2.808728590607643127e-01
3.796148672699928284e-01
2.068337015807628632e-01
3.418888393789529800e-01
1.821281369775533676e-01
2.292061932384967804e-01
2.233855631202459335e-01
3.967274930328130722e-01
3.976480253040790558e-01
2.288727816194295883e-01
1.968962959945201874e-01
3.289058264344930649e-01
4.054305497556924820e-01
4.521347768604755402e-01
4.855857770889997482e-01
2.690792847424745560e-01
2.760195601731538773e-01
3.788277488201856613e-01
2.742162719368934631e-01
2.158163655549287796e-01
4.319737739861011505e-01
3.820936605334281921e-01
2.747162953019142151e-01
4.088350832462310791e-01
2.284870091825723648e-01
2.071242444217205048e-01
1.970695685595273972e-01
2.143554314970970154e-01
2.151918802410364151e-01
3.408950045704841614e-01
3.421082496643066406e-01
2.813446279615163803e-01
2.302969098091125488e-01
2.352703828364610672e-01
3.600363843142986298e-01
2.318668328225612640e-01
2.233070060610771179e-01
2.283502835780382156e-01
3.345136791467666626e-01
3.432305250316858292e-01
2.800393514335155487e-01
3.356305789202451706e-01
2.717549093067646027e-01
4.758738167583942413e-01
2.271813172847032547e-01
2.354124691337347031e-01
2.730950787663459778e-01
2.591789346188306808e-01
2.690937425941228867e-01
4.212116524577140808e-01
2.749216463416814804e-01
1.877421624958515167e-01
3.163943812251091003e-01
2.149206809699535370e-01
3.867020681500434875e-01
2.288604527711868286e-01
2.292502094060182571e-01
2.793150581419467926e-01
2.146251033991575241e-01
3.768155910074710846e-01
2.724628057330846786e-01
3.680793531239032745e-01
3.585109431296586990e-01
2.276821844279766083e-01
2.273634076118469238e-01
3.589557763189077377e-01
3.328637089580297470e-01
4.064560327678918839e-01
2.287880424410104752e-01
1.979166641831398010e-01
3.524216767400503159e-01
2.757306247949600220e-01
3.396978564560413361e-01
4.857397153973579407e-01
2.698120474815368652e-01
3.885586038231849670e-01
3.681078609079122543e-01
4.215569943189620972e-01
3.578571081161499023e-01
3.911200370639562607e-01
3.332275077700614929e-01
3.072973992675542831e-01
1.960722841322422028e-01
3.427736498415470123e-01
3.497911151498556137e-01
2.147299181669950485e-01
2.141722124069929123e-01
2.984112948179244995e-01
3.942827787250280380e-01
2.146594710648059845e-01
2.973510622978210449e-01
3.764291293919086456e-01
3.615034706890583038e-01
2.287106383591890335e-01
3.490265868604183197e-01
3.226075489073991776e-01
2.813769057393074036e-01
2.557958047837018967e-01
3.587674647569656372e-01
4.652813952416181564e-01
2.747450042515993118e-01
4.104733653366565704e-01
2.466478552669286728e-01
4.424176923930644989e-01
2.162620648741722107e-01
2.754367422312498093e-01
4.203581139445304871e-01
2.481545545160770416e-01
3.768783845007419586e-01
2.296213656663894653e-01
2.048761565238237381e-01
2.721894625574350357e-01
3.236520159989595413e-01
2.306024674326181412e-01
2.064861170947551727e-01
3.241861518472433090e-01
2.150540482252836227e-01
2.978613283485174179e-01
2.276504021137952805e-01
4.202814586460590363e-01
2.899761460721492767e-01
4.137982055544853210e-01
3.707989118993282318e-01
3.687095083296298981e-01
1.530096307396888733e-01
3.683176282793283463e-01
3.618206828832626343e-01
4.103656560182571411e-01
2.512081302702426910e-01
2.755868658423423767e-01
3.479555267840623856e-01
2.752688676118850708e-01
2.759070098400115967e-01
4.242911934852600098e-01
4.233969282358884811e-01
2.765873502939939499e-01
2.763140667229890823e-01
4.023262709379196167e-01
3.197298515588045120e-01
3.949864879250526428e-01
3.325838632881641388e-01
1.885964665561914444e-01
3.351091668009757996e-01
2.298650406301021576e-01
1.971808280795812607e-01
4.321750886738300323e-01
3.180221412330865860e-01
3.703711759299039841e-01
3.517269752919673920e-01
3.250697329640388489e-01
3.086273875087499619e-01
4.329637661576271057e-01
2.250636834651231766e-01
2.265788037329912186e-01
3.373599648475646973e-01
3.920904118567705154e-01
3.798554353415966034e-01
3.578937780112028122e-01
4.645172692835330963e-01
4.213720392435789108e-01
4.451916720718145370e-01
2.260042577981948853e-01
3.601510282605886459e-01
4.108452517539262772e-01
3.799806460738182068e-01
1.881127152591943741e-01
3.443373050540685654e-01
2.809430304914712906e-01
2.284521926194429398e-01
4.131424855440855026e-01
2.098765298724174500e-01
2.277669385075569153e-01
2.281629350036382675e-01
2.256756480783224106e-01
3.250817824155092239e-01
3.596932198852300644e-01
2.976700682193040848e-01
2.284707017242908478e-01
3.601087350398302078e-01
3.375737294554710388e-01
2.259309403598308563e-01
1.947924122214317322e-01
2.685350682586431503e-01
2.745767571032047272e-01
2.746799197047948837e-01
2.582730632275342941e-01
2.705058995634317398e-01
4.544384162873029709e-01
3.689605854451656342e-01
2.759369183331727982e-01
4.342386312782764435e-01
3.329176437109708786e-01
3.674061130732297897e-01
3.411018196493387222e-01
3.771448582410812378e-01
3.735204115509986877e-01
2.057450301945209503e-01
2.799629643559455872e-01
2.836706303060054779e-01
2.293035183101892471e-01
2.274828720837831497e-01
2.291598934680223465e-01
3.708621114492416382e-01
1.796099916100502014e-01
2.271040789783000946e-01
3.780894912779331207e-01
2.060302961617708206e-01
3.248064629733562469e-01
1.963385399430990219e-01
3.745176885277032852e-01
2.745824530720710754e-01
4.843133222311735153e-01
2.688925415277481079e-01
4.627464078366756439e-01
4.745956882834434509e-01
2.464973125606775284e-01
3.362236153334379196e-01
3.871636707335710526e-01
3.135936260223388672e-01
3.477326612919569016e-01
3.222908042371273041e-01
2.360727209597826004e-01
3.315292820334434509e-01
2.046046070754528046e-01
3.420238476246595383e-01
2.905183415859937668e-01
3.249093946069478989e-01
2.227069772779941559e-01
3.940180819481611252e-01
1.810054797679185867e-01
1.791881192475557327e-01
2.051789071410894394e-01
3.568570669740438461e-01
2.975118979811668396e-01
3.572966381907463074e-01
1.971067022532224655e-01
2.559283897280693054e-01
4.827379453927278519e-01
2.742605041712522507e-01
4.438637401908636093e-01
2.577502392232418060e-01
4.202209692448377609e-01
5.050753988325595856e-01
2.469930984079837799e-01
3.572641126811504364e-01
2.740869224071502686e-01
2.737054098397493362e-01
1.959462519735097885e-01
3.658004514873027802e-01
3.335175272077322006e-01
2.231369093060493469e-01
1.870445255190134048e-01
3.237278107553720474e-01
2.215907070785760880e-01
3.383934870362281799e-01
2.265037111937999725e-01
2.267268709838390350e-01
2.135574631392955780e-01
3.519262000918388367e-01
2.960661705583333969e-01
3.143710549920797348e-01
3.668813314288854599e-01
2.018558792769908905e-01
3.576803505420684814e-01
1.779948007315397263e-01
2.241926211863756180e-01
3.849006835371255875e-01
2.279517296701669693e-01
3.346346076577901840e-01
2.126674298197031021e-01
3.872279040515422821e-01
3.775438312441110611e-01
2.732167895883321762e-01
2.733077928423881531e-01
4.609768204391002655e-01
4.920930843800306320e-01
2.689372450113296509e-01
2.280645482242107391e-01
2.045205626636743546e-01
4.344423245638608932e-01
1.962761171162128448e-01
2.136227283626794815e-01
2.697203494608402252e-01
3.332404308021068573e-01
3.078971877694129944e-01
1.949336528778076172e-01
1.789613720029592514e-01
3.126493934541940689e-01
3.552691265940666199e-01
1.866828985512256622e-01
3.503785599023103714e-01
3.217857424169778824e-01
2.874532323330640793e-01
1.627591885626316071e-01
3.926703575998544693e-01
2.738572061061859131e-01
2.360137235373258591e-01
3.768186978995800018e-01
4.308071807026863098e-01
3.350806012749671936e-01
2.375523503869771957e-01
3.572192378342151642e-01
3.974739834666252136e-01
2.670857794582843781e-01
4.093697164207696915e-01
2.251507677137851715e-01
3.844532687216997147e-01
3.739845100790262222e-01
2.127064988017082214e-01
2.121608182787895203e-01
2.270386070013046265e-01
2.256664279848337173e-01
3.501604329794645309e-01
1.778864189982414246e-01
1.957347691059112549e-01
3.913258854299783707e-01
2.294052895158529282e-01
3.646275866776704788e-01
3.393418211489915848e-01
2.262916788458824158e-01
4.206682313233613968e-01
2.779481504112482071e-01
3.461111914366483688e-01
2.544981371611356735e-01
3.880184441804885864e-01
2.583050131797790527e-01
5.154554061591625214e-01
2.743346560746431351e-01
3.774888850748538971e-01
4.937611371278762817e-01
3.383315578103065491e-01
3.564482443034648895e-01
2.734943535178899765e-01
2.730013933032751083e-01
2.870125044137239456e-01
2.286193501204252243e-01
2.266574855893850327e-01
3.378827590495347977e-01
1.870595645159482956e-01
2.259598448872566223e-01
4.355823751538991928e-01
1.956979613751173019e-01
2.213586699217557907e-01
3.904642257839441299e-01
3.477383274585008621e-01
2.256409097462892532e-01
4.812767747789621353e-01
3.362693842500448227e-01
2.467943318188190460e-01
3.665720950812101364e-01
3.455354645848274231e-01
5.146284140646457672e-01
2.463656570762395859e-01
4.299041796475648880e-01
4.301285631954669952e-01
2.742591630667448044e-01
2.279679272323846817e-01
1.959521882236003876e-01
3.070434927940368652e-01
3.048420585691928864e-01
2.220323830842971802e-01
1.874354593455791473e-01
2.282512709498405457e-01
2.133811935782432556e-01
3.197084292769432068e-01
3.062248062342405319e-01
1.959726288914680481e-01
2.210950236767530441e-01
2.274745609611272812e-01
2.256761081516742706e-01
3.658114969730377197e-01
3.474335949867963791e-01
1.812724303454160690e-01
3.044784665107727051e-01
3.220027759671211243e-01
2.802742850035429001e-01
2.946783434599637985e-01
2.039779089391231537e-01
2.285635266453027725e-01
1.980267502367496490e-01
3.347637522965669632e-01
3.618786279112100601e-01
1.938182711601257324e-01
2.564541772007942200e-01
2.461482416838407516e-01
2.146818973124027252e-01
4.076779726892709732e-01
2.671656254678964615e-01
2.564879227429628372e-01
3.462136443704366684e-01
4.714456237852573395e-01
2.772573493421077728e-01
2.270965147763490677e-01
3.928763754665851593e-01
3.643181361258029938e-01
2.214891985058784485e-01
2.280736900866031647e-01
2.259307112544775009e-01
2.267453987151384354e-01
3.837710171937942505e-01
3.399242777377367020e-01
1.766484286636114120e-01
2.134336512535810471e-01
2.232413925230503082e-01
2.263182289898395538e-01
2.214875835925340652e-01
2.277652453631162643e-01
2.573934253305196762e-01
2.255247905850410461e-01
2.766609415411949158e-01
2.578402068465948105e-01
2.575896233320236206e-01
2.360160648822784424e-01
2.466358840465545654e-01
3.978318888694047928e-01
3.350385818630456924e-01
3.474580533802509308e-01
4.516419861465692520e-01
2.745735049247741699e-01
3.930825069546699524e-01
2.272696178406476974e-01
3.952416479587554932e-01
3.315869607031345367e-01
1.676344107836484909e-01
1.884933058172464371e-01
3.833789210766553879e-01
3.743964079767465591e-01
1.964116562157869339e-01
2.244088631123304367e-01
1.772614270448684692e-01
2.034594304859638214e-01
2.273327689617872238e-01
2.260265443474054337e-01
4.284911472350358963e-01
3.921198733150959015e-01
3.943077884614467621e-01
3.155872486531734467e-01
2.783376444131135941e-01
2.367755770683288574e-01
2.679859399795532227e-01
2.744149882346391678e-01
2.740001790225505829e-01
2.734040822833776474e-01
2.738180551677942276e-01
3.563740812242031097e-01
2.685293275862932205e-01
4.401313010603189468e-01
2.358009703457355499e-01
4.816774763166904449e-01
2.230220213532447815e-01
3.827526662498712540e-01
2.052806187421083450e-01
3.418277073651552200e-01
4.035692121833562851e-01
2.047521919012069702e-01
4.272371716797351837e-01
3.122277818620204926e-01
1.945158448070287704e-01
1.956930626183748245e-01
1.978294793516397476e-01
2.133797556161880493e-01
3.385872300714254379e-01
3.386153914034366608e-01
2.680744286626577377e-01
3.998790290206670761e-01
4.313669968396425247e-01
4.090510569512844086e-01
2.750230878591537476e-01
2.739959713071584702e-01
2.470101695507764816e-01
4.935964718461036682e-01
2.572079040110111237e-01
4.827931914478540421e-01
3.012758325785398483e-01
2.261218968778848648e-01
3.398725576698780060e-01
1.623182818293571472e-01
2.049445956945419312e-01
2.956934943795204163e-01
3.777513485401868820e-01
2.225455343723297119e-01
2.271468453109264374e-01
2.810303345322608948e-01
1.600287109613418579e-01
2.137628253549337387e-01
1.876482386142015457e-01
3.043377809226512909e-01
3.395441975444555283e-01
1.952748503535985947e-01
4.527555499225854874e-01
2.738407887518405914e-01
2.143951449543237686e-01
3.781831376254558563e-01
4.096675962209701538e-01
2.742786481976509094e-01
4.088416434824466705e-01
2.734566312283277512e-01
2.734659034758806229e-01
3.369615003466606140e-01
2.583511229604482651e-01
2.224907316267490387e-01
2.053432930260896683e-01
2.266534529626369476e-01
2.077587302774190903e-01
3.922452516853809357e-01
2.285165749490261078e-01
3.049052376300096512e-01
3.592268750071525574e-01
2.047839444130659103e-01
3.739872183650732040e-01
2.139994055032730103e-01
3.419825732707977295e-01
2.138762827962636948e-01
3.128080386668443680e-01
2.263534776866436005e-01
2.722658570855855942e-01
2.222573310136795044e-01
1.686510257422924042e-01
3.672910239547491074e-01
2.439638692885637283e-01
3.979510832577943802e-01
2.249025218188762665e-01
2.148116976022720337e-01
2.149539627134799957e-01
4.208675734698772430e-01
2.728326302021741867e-01
2.743892669677734375e-01
2.739127799868583679e-01
2.742490116506814957e-01
2.738429568707942963e-01
2.364442124962806702e-01
1.958584673702716827e-01
3.375669270753860474e-01
2.041752226650714874e-01
3.477687649428844452e-01
1.892781481146812439e-01
2.264824584126472473e-01
2.786175627261400223e-01
2.269643712788820267e-01
3.382092081010341644e-01
3.660806119441986084e-01
3.874858710914850235e-01
2.293032426387071609e-01
2.795863319188356400e-01
3.561317510902881622e-01
2.874624896794557571e-01
2.420652471482753754e-01
3.361893221735954285e-01
2.289905864745378494e-01
2.655281629413366318e-01
2.727089244872331619e-01
2.728579062968492508e-01
2.681140992790460587e-01
4.618964549154043198e-01
2.664594613015651703e-01
4.610052779316902161e-01
3.561838492751121521e-01
2.273932956159114838e-01
1.950152590870857239e-01
2.266365736722946167e-01
1.973221767693758011e-01
2.123499605804681778e-01
3.227237835526466370e-01
1.545996647328138351e-01
2.223332580178976059e-01
3.291574101895093918e-01
2.975577823817729950e-01
3.044551014900207520e-01
2.224570289254188538e-01
3.382776062935590744e-01
3.582903593778610229e-01
3.477908205240964890e-01
2.267382480204105377e-01
1.697209384292364120e-01
3.584384992718696594e-01
2.524064723402261734e-01
2.359093166887760162e-01
2.462475784122943878e-01
2.151940632611513138e-01
4.292040783911943436e-01
2.470600642263889313e-01
3.666376061737537384e-01
2.353762891143560410e-01
4.515986144542694092e-01
2.722734585404396057e-01
4.720141142606735229e-01
3.272881843149662018e-01
3.565357178449630737e-01
2.106735371053218842e-01
2.041616402566432953e-01
3.484496530145406723e-01
2.220689002424478531e-01
4.083796441555023193e-01
2.777128852903842926e-01
3.135989625006914139e-01
3.905410971492528915e-01
2.264426238834857941e-01
2.038907632231712341e-01
4.131321981549263000e-01
1.956352181732654572e-01
3.568958956748247147e-01
2.135308329015970230e-01
2.174921892583370209e-01
2.734116502106189728e-01
4.114336259663105011e-01
2.254329174757003784e-01
4.091318659484386444e-01
3.455456439405679703e-01
2.158796656876802444e-01
2.717070747166872025e-01
2.469577789306640625e-01
2.150515839457511902e-01
2.727736867964267731e-01
3.546557091176509857e-01
2.264372520148754120e-01
2.256151009351015091e-01
2.218720596283674240e-01
2.134615965187549591e-01
1.845920160412788391e-01
3.201786298304796219e-01
2.049341276288032532e-01
2.225061785429716110e-01
2.261677142232656479e-01
3.550846818834543228e-01
2.272844165563583374e-01
2.258449718356132507e-01
2.255777716636657715e-01
1.871574930846691132e-01
2.866561170667409897e-01
3.036956489086151123e-01
3.392004799097776413e-01
3.158496785908937454e-01
2.216409798711538315e-01
2.126871123909950256e-01
2.276615034788846970e-01
1.989966630935668945e-01
4.336015377193689346e-01
3.350798487663269043e-01
2.466410864144563675e-01
2.672989908605813980e-01
4.399833083152770996e-01
3.545445296913385391e-01
2.732501551508903503e-01
2.241646628826856613e-01
4.296878296881914139e-01
2.458015102893114090e-01
2.524474672973155975e-01
2.255129441618919373e-01
3.289547543972730637e-01
2.285563591867685318e-01
2.047764714807271957e-01
2.035945672541856766e-01
2.251084484159946442e-01
2.209100741893053055e-01
1.948942355811595917e-01
2.127199973911046982e-01
2.265351265668869019e-01
3.742789346724748611e-01
2.236915472894906998e-01
3.378524892032146454e-01
2.261539548635482788e-01
2.158219665288925171e-01
3.312446381896734238e-01
3.469517044723033905e-01
2.135077212005853653e-01
3.058652486652135849e-01
2.429363019764423370e-01
2.139284946024417877e-01
2.240347135812044144e-01
2.578038666397333145e-01
2.582198139280080795e-01
3.772579394280910492e-01
3.992997743189334869e-01
2.468414381146430969e-01
4.084367547184228897e-01
2.455854397267103195e-01
3.486202880740165710e-01
1.880064066499471664e-01
2.046539038419723511e-01
2.802315410226583481e-01
3.211951460689306259e-01
3.861828930675983429e-01
3.324695564806461334e-01
2.047301810234785080e-01
1.704066619277000427e-01
3.069347254931926727e-01
3.218840006738901138e-01
1.959148701280355453e-01
3.868245966732501984e-01
1.689428836107254028e-01
3.134677037596702576e-01
2.275931220501661301e-01
2.134856004267930984e-01
3.388666007667779922e-01
3.303157147020101547e-01
3.448998667299747467e-01
2.252238225191831589e-01
2.260758168995380402e-01
2.748341578990221024e-01
2.730244137346744537e-01
2.728768400847911835e-01
3.551908545196056366e-01
2.672024909406900406e-01
2.569604739546775818e-01
3.873707316815853119e-01
2.243432924151420593e-01
2.270754370838403702e-01
1.964929532259702682e-01
2.866498269140720367e-01
2.128796279430389404e-01
3.381841424852609634e-01
2.268347926437854767e-01
3.223502058535814285e-01
1.974478550255298615e-01
3.503027446568012238e-01
2.265791743993759155e-01
2.146173063665628433e-01
2.245111912488937378e-01
2.047009076923131943e-01
3.308112751692533493e-01
2.289781589061021805e-01
3.568419888615608215e-01
3.133271709084510803e-01
1.775709372013807297e-01
2.459346950054168701e-01
3.855192065238952637e-01
3.345271162688732147e-01
2.243190109729766846e-01
2.760332468897104263e-01
2.741115279495716095e-01
2.680488992482423782e-01
3.352269418537616730e-01
2.158074062317609787e-01
2.736099697649478912e-01
4.511814974248409271e-01
2.747465167194604874e-01
2.329562660306692123e-01
3.300477601587772369e-01
2.289795000106096268e-01
2.146151065826416016e-01
2.969504203647375107e-01
3.416825160384178162e-01
3.415481634438037872e-01
3.137160204350948334e-01
2.873192038387060165e-01
3.137355856597423553e-01
3.241339791566133499e-01
2.958872616291046143e-01
1.878541521728038788e-01
2.296068165451288223e-01
3.410125449299812317e-01
1.958022601902484894e-01
1.983989123255014420e-01
3.572937883436679840e-01
2.270927708595991135e-01
4.525858182460069656e-01
2.597564049065113068e-01
3.568386603146791458e-01
4.557883311063051224e-01
4.098818041384220123e-01
4.227471593767404556e-01
2.261188905686140060e-01
2.760154176503419876e-01
2.099800426512956619e-01
2.315883077681064606e-01
2.049505747854709625e-01
2.816736418753862381e-01
3.336304947733879089e-01
2.885260470211505890e-01
1.532214228063821793e-01
2.277173269540071487e-01
2.236884552985429764e-01
3.500493653118610382e-01
3.579398598521947861e-01
2.074399702250957489e-01
1.963917054235935211e-01
2.274107486009597778e-01
2.164124269038438797e-01
1.791458576917648315e-01
2.051029428839683533e-01
3.421575278043746948e-01
3.776818960905075073e-01
2.572992406785488129e-01
3.899443838745355606e-01
3.452084735035896301e-01
2.254725750535726547e-01
4.100449662655591965e-01
2.732175514101982117e-01
4.498044345527887344e-01
2.461924403905868530e-01
2.743406947702169418e-01
3.410339895635843277e-01
3.315092064440250397e-01
2.956732008606195450e-01
2.069242317229509354e-01
3.400328569114208221e-01
2.048546932637691498e-01
2.273766770958900452e-01
3.600709922611713409e-01
1.964113563299179077e-01
3.331938590854406357e-01
1.992034520953893661e-01
3.484919648617506027e-01
2.217225357890129089e-01
3.320709429681301117e-01
2.358871717005968094e-01
1.696590613573789597e-01
2.270001508295536041e-01
1.981633044779300690e-01
2.876659594476222992e-01
1.874106898903846741e-01
3.215961679816246033e-01
3.474212661385536194e-01
2.361652180552482605e-01
3.375177197158336639e-01
3.775823172181844711e-01
3.878163956105709076e-01
2.469122931361198425e-01
3.458615001291036606e-01
2.252235617488622665e-01
2.468696441501379013e-01
2.254140004515647888e-01
2.568942774087190628e-01
2.298078667372465134e-01
3.219976518303155899e-01
1.711832098662853241e-01
3.567388728260993958e-01
3.576739672571420670e-01
3.051858153194189072e-01
3.249175492674112320e-01
2.805194389075040817e-01
1.959184836596250534e-01
3.388637695461511612e-01
1.795632112771272659e-01
2.260572500526905060e-01
2.259517367929220200e-01
3.491205312311649323e-01
1.868066657334566116e-01
3.310980908572673798e-01
3.475337848067283630e-01
2.185188420116901398e-01
2.356107886880636215e-01
2.733807545155286789e-01
3.474062215536832809e-01
3.881979454308748245e-01
2.742020152509212494e-01
2.484927587211132050e-01
2.576143108308315277e-01
4.101799409836530685e-01
2.044422458857297897e-01
1.939539946615695953e-01
2.750909700989723206e-01
2.503689993172883987e-01
1.876655928790569305e-01
3.942166808992624283e-01
1.961287371814250946e-01
2.135368678718805313e-01
2.284187749028205872e-01
1.959977131336927414e-01
2.230218257755041122e-01
2.292658388614654541e-01
2.051444556564092636e-01
1.794329751282930374e-01
3.214616775512695312e-01
3.085994701832532883e-01
1.711564585566520691e-01
1.972030997276306152e-01
1.860590558499097824e-01
3.970887735486030579e-01
3.690017201006412506e-01
2.475790884345769882e-01
3.798142224550247192e-01
2.741261851042509079e-01
2.067587636411190033e-01
2.569180410355329514e-01
2.755252961069345474e-01
1.930091623216867447e-01
2.596295382827520370e-01
2.269390765577554703e-01
2.987434584647417068e-01
3.215429689735174179e-01
3.397851251065731049e-01
2.237892542034387589e-01
2.266915310174226761e-01
1.973895989358425140e-01
3.141977284103631973e-01
3.045402523130178452e-01
2.042357604950666428e-01
2.268068045377731323e-01
2.260676920413970947e-01
1.716388538479804993e-01
2.038725595921278000e-01
3.219490330666303635e-01
3.818161208182573318e-01
2.573419325053691864e-01
2.352026645094156265e-01
2.739009466022253036e-01
2.733115777373313904e-01
3.767201211303472519e-01
3.890350237488746643e-01
2.463230639696121216e-01
2.349710259586572647e-01
3.336722943931818008e-01
4.085529353469610214e-01
2.258258741348981857e-01
1.975194495171308517e-01
2.131712697446346283e-01
2.268145903944969177e-01
3.597190603613853455e-01
2.217948716133832932e-01
1.947092711925506592e-01
2.266534417867660522e-01
2.262545395642518997e-01
3.063405267894268036e-01
2.036677766591310501e-01
2.262636907398700714e-01
2.052780948579311371e-01
2.966568693518638611e-01
3.329291064292192459e-01
3.303944356739521027e-01
3.054255973547697067e-01
3.247319944202899933e-01
3.766256757080554962e-01
2.355485837906599045e-01
2.364245690405368805e-01
3.671675957739353180e-01
3.957898393273353577e-01
3.548173289746046066e-01
2.663345560431480408e-01
3.488683272153139114e-01
2.260459233075380325e-01
2.031887341290712357e-01
2.263568025082349777e-01
1.512102093547582626e-01
3.456545174121856689e-01
1.888106465339660645e-01
1.770446747541427612e-01
2.251324299722909927e-01
2.262518368661403656e-01
1.947396267205476761e-01
3.307714816182851791e-01
2.037824261933565140e-01
1.863845083862543106e-01
2.242632750421762466e-01
2.264249920845031738e-01
3.128503356128931046e-01
1.874622348695993423e-01
3.600637391209602356e-01
2.274080216884613037e-01
1.871959641575813293e-01
2.972467187792062759e-01
3.472475558519363403e-01
3.924805391579866409e-01
2.244602423161268234e-01
1.945273559540510178e-01
2.562613748013973236e-01
2.575586624443531036e-01
2.725462168455123901e-01
3.760714922100305557e-01
2.733120694756507874e-01
3.347045425325632095e-01
3.168930448591709137e-01
2.270363010466098785e-01
2.866966538131237030e-01
2.125469986349344254e-01
2.088265921920537949e-01
2.072717640548944473e-01
2.223039399832487106e-01
1.866516117006540298e-01
3.067199438810348511e-01
1.867010071873664856e-01
1.867954544723033905e-01
2.969460207968950272e-01
1.955228615552186966e-01
2.138797137886285782e-01
3.412106093019247055e-01
2.264364976435899734e-01
3.205254860222339630e-01
2.277614697813987732e-01
1.781165134161710739e-01
1.714760269969701767e-01
2.733461689203977585e-01
3.563148211687803268e-01
2.249467801302671432e-01
2.356002628803253174e-01
3.785523045808076859e-01
2.356025408953428268e-01
3.356413748115301132e-01
2.145630847662687302e-01
2.730467412620782852e-01
2.670444492250680923e-01
2.249524686485528946e-01
2.737190388143062592e-01
3.151634931564331055e-01
1.962779778987169266e-01
2.136370018124580383e-01
2.268187254667282104e-01
1.960761416703462601e-01
3.514654207974672318e-01
1.960855778306722641e-01
3.574873488396406174e-01
2.952934093773365021e-01
1.869986709207296371e-01
1.959350127726793289e-01
1.862995177507400513e-01
2.137427516281604767e-01
2.050054259598255157e-01
3.344902731478214264e-01
2.894442975521087646e-01
3.264972902834415436e-01
2.691311556845903397e-01
3.455881979316473007e-01
3.459658827632665634e-01
4.139776322990655899e-01
2.739771120250225067e-01
2.774866316467523575e-01
3.450126405805349350e-01
1.991982776671648026e-01
2.140962015837430954e-01
2.283096145838499069e-01
2.262242753058671951e-01
3.184873536229133606e-01
3.213577158749103546e-01
2.279738150537014008e-01
2.048219628632068634e-01
4.116337411105632782e-01
2.227905150502920151e-01
2.870158609002828598e-01
2.870582863688468933e-01
3.405248895287513733e-01
3.243010137230157852e-01
2.258973624557256699e-01
3.570375647395849228e-01
2.247735336422920227e-01
2.568080238997936249e-01
2.566374465823173523e-01
2.042507231235504150e-01
2.739653475582599640e-01
2.365316413342952728e-01
2.726042792201042175e-01
2.745056115090847015e-01
2.742097973823547363e-01
2.738832812756299973e-01
2.740046810358762741e-01
2.723550964146852493e-01
4.939570017158985138e-01
2.226179186254739761e-01
1.887966319918632507e-01
1.872660573571920395e-01
2.040031794458627701e-01
3.677138518542051315e-01
1.692173853516578674e-01
2.047586403787136078e-01
1.898137312382459641e-01
1.873370837420225143e-01
3.300348147749900818e-01
2.228486500680446625e-01
3.496255166828632355e-01
2.051854189485311508e-01
2.050168011337518692e-01
3.657336216419935226e-01
3.174987938255071640e-01
3.137015569955110550e-01
2.230944000184535980e-01
3.134531415998935699e-01
2.298869621008634567e-01
2.387615405023097992e-01
4.005304723978042603e-01
2.740311473608016968e-01
3.997249379754066467e-01
4.514523092657327652e-01
3.672749567776918411e-01
3.676917459815740585e-01
2.735136579722166061e-01
2.738126404583454132e-01
2.674131020903587341e-01
2.581794094294309616e-01
3.258453924208879471e-01
2.224819138646125793e-01
2.263758089393377304e-01
2.292882725596427917e-01
2.276191972196102142e-01
2.977689243853092194e-01
2.272721752524375916e-01
3.764788210391998291e-01
1.792053747922182083e-01
3.314937744289636612e-01
3.050416279584169388e-01
2.269750535488128662e-01
2.267979141324758530e-01
3.403685390949249268e-01
2.277855444699525833e-01
3.676614239811897278e-01
4.297920260578393936e-01
2.247339449822902679e-01
3.462840989232063293e-01
2.359010986983776093e-01
3.686886318027973175e-01
2.733467686921358109e-01
2.738083731383085251e-01
2.728978525847196579e-01
2.573018297553062439e-01
3.251861073076725006e-01
2.686327081173658371e-01
3.139055911451578140e-01
2.268925551325082779e-01
2.064629029482603073e-01
3.236982990056276321e-01
2.056008484214544296e-01
2.263548038899898529e-01
2.048126142472028732e-01
3.314492218196392059e-01
3.308500871062278748e-01
3.137752749025821686e-01
2.274949308484792709e-01
2.269055079668760300e-01
2.270433455705642700e-01
3.487389776855707169e-01
2.044193726032972336e-01
2.134052123874425888e-01
2.269968129694461823e-01
3.121422175318002701e-01
3.583514038473367691e-01
2.860012184828519821e-01
2.273042872548103333e-01
2.387600634247064590e-01
4.187480565160512924e-01
2.364867907017469406e-01
2.464525103569030762e-01
4.718826655298471451e-01
4.807926695793867111e-01
2.721388656646013260e-01
3.457883019000291824e-01
3.760356549173593521e-01
3.577622119337320328e-01
3.667559977620840073e-01
3.036774620413780212e-01
3.196374215185642242e-01
2.864461187273263931e-01
3.301521223038434982e-01
2.065418120473623276e-01
2.876205760985612869e-01
2.880080770701169968e-01
3.585284389555454254e-01
2.267850358039140701e-01
2.267664838582277298e-01
3.223205972462892532e-01
2.155137341469526291e-01
2.872677668929100037e-01
2.267274558544158936e-01
2.987640369683504105e-01
3.440480474382638931e-01
2.318889331072568893e-01
2.479889560490846634e-01
4.087510872632265091e-01
2.371884863823652267e-01
4.073610100895166397e-01
2.750888541340827942e-01
2.677993550896644592e-01
3.466139510273933411e-01
2.460031732916831970e-01
2.247885297983884811e-01
4.493802376091480255e-01
1.935728937387466431e-01
2.864920012652873993e-01
3.215965740382671356e-01
3.424889482557773590e-01
2.136533278971910477e-01
2.139968834817409515e-01
2.715376690030097961e-01
2.951607964932918549e-01
1.865209210664033890e-01
2.792675290256738663e-01
2.214780598878860474e-01
2.219423465430736542e-01
3.843959420919418335e-01
2.270435206592082977e-01
2.268751282244920731e-01
3.407789133489131927e-01
2.360813785344362259e-01
2.739740554243326187e-01
2.678145077079534531e-01
2.728260811418294907e-01
3.457797113806009293e-01
2.364667765796184540e-01
2.566815614700317383e-01
2.674558535218238831e-01
2.457474842667579651e-01
3.568568602204322815e-01
3.879592549055814743e-01
2.287424243986606598e-01
1.779935210943222046e-01
3.742375578731298447e-01
2.695327531546354294e-01
2.076947670429944992e-01
2.259504795074462891e-01
2.132132779806852341e-01
2.080687563866376877e-01
3.128107879310846329e-01
2.128530908375978470e-01
1.965799555182456970e-01
2.296692933887243271e-01
3.395344428718090057e-01
3.566401936113834381e-01
1.957814935594797134e-01
2.125446721911430359e-01
1.794180907309055328e-01
2.685396987944841385e-01
2.863641977310180664e-01
2.292389441281557083e-01
2.274969555437564850e-01
1.955380141735076904e-01
2.736372835934162140e-01
4.087697565555572510e-01
3.359953016042709351e-01
2.149425335228443146e-01
4.294415824115276337e-01
3.347946088761091232e-01
2.565188445150852203e-01
2.456127014011144638e-01
2.145214378833770752e-01
2.132420446723699570e-01
2.735255006700754166e-01
2.723967097699642181e-01
2.860007360577583313e-01
2.855830118060112000e-01
2.200439628213644028e-01
2.693962175399065018e-01
2.775913253426551819e-01
3.409546222537755966e-01
2.048240490257740021e-01
2.218978330492973328e-01
3.501737080514431000e-01
1.962212342768907547e-01
3.388106748461723328e-01
2.221757471561431885e-01
2.147421985864639282e-01
2.128719463944435120e-01
2.271402217447757721e-01
3.584416676312685013e-01
2.265968360006809235e-01
1.686523053795099258e-01
3.455961048603057861e-01
2.719338443130254745e-01
2.731733862310647964e-01
4.066637903451919556e-01
2.243540510535240173e-01
2.728796098381280899e-01
2.349992319941520691e-01
2.131233122199773788e-01
2.446384951472282410e-01
2.724917028099298477e-01
2.719470020383596420e-01
2.349841631948947906e-01
3.300374299287796021e-01
2.226051762700080872e-01
2.248172238469123840e-01
2.151944730430841446e-01
2.789302337914705276e-01
2.141866981983184814e-01
1.952348258346319199e-01
3.165758606046438217e-01
3.489586450159549713e-01
3.056507091969251633e-01
3.315324019640684128e-01
2.976211551576852798e-01
2.278939429670572281e-01
2.791782896965742111e-01
3.161584120243787766e-01
2.271732036024332047e-01
1.604989357292652130e-01
3.055827151983976364e-01
3.785699009895324707e-01
3.639044314622879028e-01
2.148998286575078964e-01
2.738341707736253738e-01
2.728570196777582169e-01
2.725705951452255249e-01
2.734510526061058044e-01
2.580311205238103867e-01
2.465274948626756668e-01
2.140572834759950638e-01
2.350774444639682770e-01
2.462853491306304932e-01
2.286761775612831116e-01
2.263397704809904099e-01
2.899250704795122147e-01
2.269078660756349564e-01
2.147575262933969498e-01
3.503816369920969009e-01
2.967686690390110016e-01
1.961999740451574326e-01
2.295774631202220917e-01
2.876042611896991730e-01
3.870331943035125732e-01
3.318924121558666229e-01
2.310767155140638351e-01
1.955331210047006607e-01
2.281423937529325485e-01
2.283006217330694199e-01
3.299139216542243958e-01
3.435379620641469955e-01
2.662976142019033432e-01
4.186577163636684418e-01
2.725323513150215149e-01
3.543079979717731476e-01
2.454046886414289474e-01
4.067238029092550278e-01
2.463679108768701553e-01
2.725747600197792053e-01
2.728134319186210632e-01
2.675191853195428848e-01
2.279513869434595108e-01
2.137562558054924011e-01
3.421807717531919479e-01
2.281719278544187546e-01
2.267119791358709335e-01
1.892311442643404007e-01
2.268617097288370132e-01
1.777631957083940506e-01
2.286052126437425613e-01
2.279355246573686600e-01
3.144534621387720108e-01
3.781413156539201736e-01
2.163687907159328461e-01
2.888713087886571884e-01
1.864326745271682739e-01
2.808842379599809647e-01
2.270354256033897400e-01
1.959460768848657608e-01
1.882862243801355362e-01
3.222550619393587112e-01
3.220253121107816696e-01
2.674737069755792618e-01
2.143311817198991776e-01
2.727217692881822586e-01
2.732973266392946243e-01
3.668259959667921066e-01
2.145646028220653534e-01
2.720904704183340073e-01
2.688950337469577789e-01
2.729692254215478897e-01
2.349071186035871506e-01
2.205349318683147430e-01
3.313218113034963608e-01
2.276691310107707977e-01
2.899951059371232986e-01
2.265406250953674316e-01
1.796501688659191132e-01
2.267745304852724075e-01
2.270517870783805847e-01
1.790666598826646805e-01
2.289013620465993881e-01
1.695484686642885208e-01
2.265738416463136673e-01
1.892738472670316696e-01
2.261696513742208481e-01
1.788995508104562759e-01
3.425917681306600571e-01
3.560366649180650711e-01
2.720417343080043793e-01
2.746618483215570450e-01
2.730177249759435654e-01
2.727967090904712677e-01
2.139954920858144760e-01
2.145024854689836502e-01
2.036209981888532639e-01
4.185501541942358017e-01
2.726227361708879471e-01
2.237575426697731018e-01
3.616654295474290848e-01
1.967409197241067886e-01
2.356094066053628922e-01
2.062252685427665710e-01
2.260836046189069748e-01
1.804400030523538589e-01
3.399587646126747131e-01
1.949941013008356094e-01
2.297980319708585739e-01
2.262212354689836502e-01
1.519301589578390121e-01
1.885460894554853439e-01
2.960506025701761246e-01
2.778029982000589371e-01
1.603258829563856125e-01
2.270616460591554642e-01
3.486997485160827637e-01
2.166574355214834213e-01
1.790850665420293808e-01
3.660895545035600662e-01
4.599559344351291656e-01
2.565398067235946655e-01
4.188035707920789719e-01
2.141666132956743240e-01
2.720009777694940567e-01
2.724266014993190765e-01
1.836545988917350769e-01
2.736743483692407608e-01
3.242343161255121231e-01
2.741873394697904587e-01
2.721441127359867096e-01
2.858091518282890320e-01
2.237522490322589874e-01
1.696050167083740234e-01
2.069794591516256332e-01
2.259579114615917206e-01
1.777988970279693604e-01
1.969108935445547104e-01
2.272883094847202301e-01
2.856174688786268234e-01
1.872444897890090942e-01
2.265892010182142258e-01
1.958608888089656830e-01
1.974922139197587967e-01
3.139298111200332642e-01
2.041687183082103729e-01
2.134768106043338776e-01
1.813122313469648361e-01
4.385231565684080124e-01
2.722964845597743988e-01
2.471118904650211334e-01
2.351473085582256317e-01
4.086636882275342941e-01
2.727233991026878357e-01
2.724498715251684189e-01
1.924302037805318832e-01
4.068922586739063263e-01
2.733424678444862366e-01
2.187914736568927765e-01
3.555666878819465637e-01
2.267962098121643066e-01
2.258576434105634689e-01
2.217832375317811966e-01
1.964048910886049271e-01
3.936971891671419144e-01
1.949863247573375702e-01
1.856353860348463058e-01
3.661752063781023026e-01
1.862216424196958542e-01
2.266529686748981476e-01
3.054744005203247070e-01
3.725802395492792130e-01
2.132518775761127472e-01
2.278621606528759003e-01
1.957446336746215820e-01
1.866548359394073486e-01
1.705957315862178802e-01
2.257371786981821060e-01
2.218998875468969345e-01
2.041525151580572128e-01
2.257292661815881729e-01
2.047785725444555283e-01
2.615924309939146042e-01
2.668568324297666550e-01
2.562402263283729553e-01
3.665820043534040451e-01
2.563695292919874191e-01
2.245987802743911743e-01
2.367450501769781113e-01
2.719564475119113922e-01
2.354188002645969391e-01
2.724384702742099762e-01
3.450890034437179565e-01
2.140713371336460114e-01
1.801423337310552597e-01
3.299047239124774933e-01
2.258388306945562363e-01
2.777007613331079483e-01
2.036703750491142273e-01
2.283224500715732574e-01
2.125179171562194824e-01
2.131409198045730591e-01
1.365442089736461639e-01
3.030428104102611542e-01
2.258472554385662079e-01
2.245624959468841553e-01
1.951011698693037033e-01
2.963532544672489166e-01
2.276029419153928757e-01
2.037353273481130600e-01
4.292780663818120956e-01
2.689844183623790741e-01
4.295089785009622574e-01
3.652580287307500839e-01
3.461494781076908112e-01
2.564435098320245743e-01
2.038850281387567520e-01
3.254721853882074356e-01
3.959506098181009293e-01
3.881281409412622452e-01
2.045755758881568909e-01
3.043376728892326355e-01
1.947561800479888916e-01
2.253512572497129440e-01
2.258271612226963043e-01
2.131465505808591843e-01
2.258500400930643082e-01
3.500787634402513504e-01
2.260451931506395340e-01
2.210275437682867050e-01
2.282126639038324356e-01
2.260602042078971863e-01
2.260947525501251221e-01
2.286625709384679794e-01
2.857983335852622986e-01
2.215388938784599304e-01
1.886735633015632629e-01
3.198430482298135757e-01
1.952032316476106644e-01
1.970854997634887695e-01
2.258785869926214218e-01
2.273465134203433990e-01
2.291173543781042099e-01
1.693591959774494171e-01
2.547913882881402969e-01
2.354277521371841431e-01
2.137186266481876373e-01
2.727906592190265656e-01
2.569765914231538773e-01
2.734829522669315338e-01
2.252916190773248672e-01
2.732848729938268661e-01
2.344753313809633255e-01
2.725826185196638107e-01
2.032411042600870132e-01
2.454789672046899796e-01
3.861830495297908783e-01
2.937506698071956635e-01
2.210460435599088669e-01
2.119348794221878052e-01
2.126606311649084091e-01
2.212269790470600128e-01
1.688404567539691925e-01
1.777121424674987793e-01
3.351778388023376465e-01
3.041519448161125183e-01
2.262120749801397324e-01
1.964309569448232651e-01
2.136115320026874542e-01
2.272502891719341278e-01
2.258132398128509521e-01
2.280660271644592285e-01
2.147988826036453247e-01
3.979102969169616699e-01
2.739012967795133591e-01
2.350863739848136902e-01
2.036485448479652405e-01
4.071041643619537354e-01
2.713927011936903000e-01
2.556429281830787659e-01
2.573826555162668228e-01
3.862293474376201630e-01
3.369619678705930710e-01
3.337152563035488129e-01
2.258363720029592514e-01
2.888163477182388306e-01
2.270175572484731674e-01
3.034171890467405319e-01
1.447755116969347000e-01
2.041148673743009567e-01
2.226700708270072937e-01
2.267111241817474365e-01
1.605583969503641129e-01
1.599887106567621231e-01
2.262116316705942154e-01
1.982037387788295746e-01
2.875823061913251877e-01
3.044052012264728546e-01
2.259780559688806534e-01
2.275184653699398041e-01
1.775565147399902344e-01
2.261517494916915894e-01
3.585034776479005814e-01
2.261316124349832535e-01
2.958198115229606628e-01
2.799417842179536819e-01
2.855847030878067017e-01
2.182559166103601456e-01
3.776229564100503922e-01
2.367378678172826767e-01
2.249857932329177856e-01
2.690490912646055222e-01
3.665048964321613312e-01
2.249936684966087341e-01
2.739327102899551392e-01
2.352886479347944260e-01
2.147903461009263992e-01
2.729413602501153946e-01
2.149937879294157028e-01
2.030186988413333893e-01
2.276616804301738739e-01
3.304025568068027496e-01
3.382325842976570129e-01
1.951145511120557785e-01
3.066965751349925995e-01
2.781164348125457764e-01
1.785717457532882690e-01
2.157796211540699005e-01
3.247674498707056046e-01
3.220526222139596939e-01
2.284767869859933853e-01
2.868164479732513428e-01
2.946530859917402267e-01
3.210836611688137054e-01
2.277433350682258606e-01
2.271175216883420944e-01
1.955529302358627319e-01
2.958118747919797897e-01
3.744774721562862396e-01
2.090467419475317001e-01
2.667862940579652786e-01
2.457866147160530090e-01
3.352121599018573761e-01
2.726746853440999985e-01
2.355455830693244934e-01
2.361853718757629395e-01
2.731068208813667297e-01
2.683739271014928818e-01
2.248595636337995529e-01
4.160612206906080246e-01
3.655176721513271332e-01
3.032386731356382370e-01
2.280880101025104523e-01
2.251434028148651123e-01
1.684038471430540085e-01
3.031266443431377411e-01
2.261167559772729874e-01
2.262585833668708801e-01
1.863276790827512741e-01
2.862122152000665665e-01
2.037441544234752655e-01
2.274003271013498306e-01
3.208339642733335495e-01
3.042128831148147583e-01
2.258695941418409348e-01
2.065944280475378036e-01
1.513861566781997681e-01
2.954234443604946136e-01
2.734666708856821060e-01
2.457740493118762970e-01
2.720296792685985565e-01
3.891797550022602081e-01
2.677858620882034302e-01
2.735654693096876144e-01
2.351684365421533585e-01
2.725010905414819717e-01
3.356504645198583603e-01
2.560954913496971130e-01
4.175055231899023056e-01
1.680747121572494507e-01
3.236901834607124329e-01
3.211079873144626617e-01
1.958184111863374710e-01
2.064857017248868942e-01
2.779596131294965744e-01
2.265508789569139481e-01
1.955378036946058273e-01
1.785710528492927551e-01
3.208514899015426636e-01
3.410512190312147141e-01
3.050034064799547195e-01
3.628419637680053711e-01
3.571174088865518570e-01
3.321904931217432022e-01
1.692202985286712646e-01
2.945805527269840240e-01
1.956249624490737915e-01
2.219058480113744736e-01
3.304548207670450211e-01
2.150628622621297836e-01
2.375608030706644058e-01
2.735487166792154312e-01
2.744684498757123947e-01
2.363119237124919891e-01
3.880710490047931671e-01
2.145686410367488861e-01
3.660150356590747833e-01
3.352872468531131744e-01
4.505245946347713470e-01
4.290712848305702209e-01
2.732793204486370087e-01
3.149391915649175644e-01
1.869635526090860367e-01
3.224230241030454636e-01
3.040873073041439056e-01
3.234664853662252426e-01
2.263835519552230835e-01
3.376820087432861328e-01
1.900260969996452332e-01
2.224483955651521683e-01
2.289487328380346298e-01
3.130739945918321609e-01
2.154611051082611084e-01
3.257123418152332306e-01
2.744105495512485504e-01
2.675267774611711502e-01
2.053549084812402725e-01
2.399372532963752747e-01
2.265667673200368881e-01
4.081128016114234924e-01
2.152967657893896103e-01
3.454685490578413010e-01
2.368634548038244247e-01
2.565752305090427399e-01
2.476266715675592422e-01
2.343708686530590057e-01
2.258052267134189606e-01
2.232458051294088364e-01
1.788263414055109024e-01
1.427835933864116669e-01
3.501055259257555008e-01
3.562920466065406799e-01
2.871095463633537292e-01
3.318929094821214676e-01
3.568505290895700455e-01
1.865502297878265381e-01
2.256975155323743820e-01
2.131242305040359497e-01
1.782867722213268280e-01
2.792044300585985184e-01
3.070323374122381210e-01
2.266219407320022583e-01
2.269890960305929184e-01
2.272082325071096420e-01
2.957562804222106934e-01
2.309863306581974030e-01
2.318326719105243683e-01
2.465360183268785477e-01
2.258762158453464508e-01
2.459957413375377655e-01
3.687449730932712555e-01
3.783099111169576645e-01
2.729170862585306168e-01
3.671818617731332779e-01
2.269211467355489731e-01
1.534319352358579636e-01
1.793439388275146484e-01
2.272274997085332870e-01
2.227705437690019608e-01
1.869280207902193069e-01
2.223308682441711426e-01
3.074020463973283768e-01
2.878513429313898087e-01
3.029945977032184601e-01
2.260714508593082428e-01
3.299848679453134537e-01
2.130077127367258072e-01
1.685176678001880646e-01
2.213911991566419601e-01
2.261890079826116562e-01
2.232146747410297394e-01
2.189980596303939819e-01
1.931405365467071533e-01
2.469565588980913162e-01
2.763563841581344604e-01
2.376842238008975983e-01
3.901260737329721451e-01
1.833950541913509369e-01
2.361104693263769150e-01
2.584578059613704681e-01
2.262465283274650574e-01
2.738688178360462189e-01
2.730175592005252838e-01
2.562455590814352036e-01
2.132277861237525940e-01
1.871271859854459763e-01
3.575882185250520706e-01
2.964290380477905273e-01
2.130429279059171677e-01
2.990920227020978928e-01
3.451589867472648621e-01
2.137526664882898331e-01
2.264676708728075027e-01
3.036500606685876846e-01
1.784391999244689941e-01
2.781291436403989792e-01
3.559841252863407135e-01
2.259190641343593597e-01
2.283254992216825485e-01
2.263534404337406158e-01
2.274396084249019623e-01
2.152097448706626892e-01
3.131708260625600815e-01
2.277029771357774734e-01
2.151850014925003052e-01
1.696996465325355530e-01
2.866451460868120193e-01
4.299022480845451355e-01
2.473913468420505524e-01
2.573601379990577698e-01
2.258978355675935745e-01
2.675431594252586365e-01
2.563331555575132370e-01
2.737156786024570465e-01
3.659282363951206207e-01
2.734108455479145050e-01
4.080992341041564941e-01
1.951192431151866913e-01
1.879675071686506271e-01
1.952954307198524475e-01
2.265440039336681366e-01
2.243725005537271500e-01
2.255792543292045593e-01
2.268965151160955429e-01
3.144874237477779388e-01
3.035089820623397827e-01
2.263262122869491577e-01
2.062759902328252792e-01
2.274809945374727249e-01
1.682812869548797607e-01
3.229634575545787811e-01
3.391412161290645599e-01
3.560377247631549835e-01
2.129568457603454590e-01
2.143404781818389893e-01
2.207015827298164368e-01
3.130079284310340881e-01
3.562175724655389786e-01
2.144840471446514130e-01
3.976522535085678101e-01
2.733738739043474197e-01
2.135524582117795944e-01
2.719360217452049255e-01
2.679287679493427277e-01
2.136848475784063339e-01
2.744186688214540482e-01
3.861600495874881744e-01
3.559191301465034485e-01
2.261860407888889313e-01
2.264449708163738251e-01
3.476181086152791977e-01
1.955206058919429779e-01
2.988349627703428268e-01
3.386118467897176743e-01
2.951209787279367447e-01
3.050614707171916962e-01
1.705791708081960678e-01
1.690223850309848785e-01
2.261151038110256195e-01
2.703935597091913223e-01
3.574412353336811066e-01
2.039908431470394135e-01
3.068710472434759140e-01
2.268795501440763474e-01
2.129278313368558884e-01
2.743703387677669525e-01
2.368689645081758499e-01
3.562821336090564728e-01
2.677585836499929428e-01
2.455496340990066528e-01
3.673083093017339706e-01
2.733292393386363983e-01
4.308275673538446426e-01
2.686573304235935211e-01
2.561583220958709717e-01
2.672827858477830887e-01
3.238586187362670898e-01
2.263249699026346207e-01
1.946870647370815277e-01
2.136017344892024994e-01
2.042430490255355835e-01
3.556947279721498489e-01
1.937489751726388931e-01
2.254721708595752716e-01
2.262223754078149796e-01
2.227926068007946014e-01
2.157072909176349640e-01
2.121645268052816391e-01
1.869126372039318085e-01
1.693415660411119461e-01
1.947588790208101273e-01
2.266371678560972214e-01
2.266610451042652130e-01
2.273558434098958969e-01
3.315159790217876434e-01
2.693927604705095291e-01
2.267850264906883240e-01
3.020195383578538895e-01
2.580456119030714035e-01
2.575101256370544434e-01
2.684043664485216141e-01
2.249350473284721375e-01
2.731293868273496628e-01
2.679622918367385864e-01
2.364462260156869888e-01
2.467526383697986603e-01
3.552126754075288773e-01
4.307879861444234848e-01
2.740265503525733948e-01
1.772739626467227936e-01
2.273572646081447601e-01
1.689822841435670853e-01
2.212703488767147064e-01
2.291015870869159698e-01
2.248147819191217422e-01
3.170223422348499298e-01
1.961328368633985519e-01
2.263244334608316422e-01
3.212247490882873535e-01
2.057944368571043015e-01
2.126862090080976486e-01
3.040486462414264679e-01
2.057713959366083145e-01
2.045033983886241913e-01
2.271204404532909393e-01
2.262908406555652618e-01
1.868681237101554871e-01
2.289191223680973053e-01
2.040896173566579819e-01
2.253851033747196198e-01
3.626635503023862839e-01
2.682461906224489212e-01
2.467141561210155487e-01
2.680916897952556610e-01
3.881670348346233368e-01
2.468240428715944290e-01
2.741385996341705322e-01
2.745192348957061768e-01
2.459455709904432297e-01
3.664420098066329956e-01
2.147984709590673447e-01
3.998306617140769958e-01
2.716684211045503616e-01
2.286505233496427536e-01
1.866418346762657166e-01
3.055742736905813217e-01
2.265838440507650375e-01
2.285660859197378159e-01
2.270093355327844620e-01
2.141671590507030487e-01
3.419428821653127670e-01
2.059711012989282608e-01
1.871316730976104736e-01
2.266060672700405121e-01
2.047411948442459106e-01
3.559358566999435425e-01
2.064107004553079605e-01
1.870480608195066452e-01
3.389029353857040405e-01
1.869535557925701141e-01
2.224370110780000687e-01
1.955826319754123688e-01
2.221755832433700562e-01
3.578872624784708023e-01
2.144656535238027573e-01
2.159998137503862381e-01
4.096476081758737564e-01
3.469282127916812897e-01
2.270835787057876587e-01
2.151507902890443802e-01
2.597967255860567093e-01
4.288178812712430954e-01
1.968661677092313766e-01
2.219665795564651489e-01
2.387185525149106979e-01
2.699014525860548019e-01
1.890950035303831100e-01
2.283031232655048370e-01
3.576026465743780136e-01
1.864232644438743591e-01
2.291338779032230377e-01
1.782070659101009369e-01
2.128132078796625137e-01
1.959134805947542191e-01
2.141132093966007233e-01
2.264424543827772141e-01
1.597428452223539352e-01
2.037269845604896545e-01
1.874012202024459839e-01
2.264204341918230057e-01
2.654894292354583740e-01
2.735504675656557083e-01
3.778996020555496216e-01
3.470317590981721878e-01
3.771063089370727539e-01
2.469532154500484467e-01
2.748109009116888046e-01
2.678235732018947601e-01
3.986880965530872345e-01
3.466559983789920807e-01
2.729858737438917160e-01
1.963752191513776779e-01
2.245503440499305725e-01
1.871122773736715317e-01
2.268304880708456039e-01
2.279664892703294754e-01
2.139246072620153427e-01
2.258025296032428741e-01
1.871433630585670471e-01
2.863869760185480118e-01
2.142269294708967209e-01
1.547190006822347641e-01
2.050832957029342651e-01
3.308024592697620392e-01
2.274198234081268311e-01
1.897826027125120163e-01
1.865296848118305206e-01
2.946618236601352692e-01
3.057474680244922638e-01
2.373013868927955627e-01
4.294843263924121857e-01
2.473981641232967377e-01
2.568288184702396393e-01
2.362403236329555511e-01
2.569362223148345947e-01
2.147243693470954895e-01
3.884238451719284058e-01
2.161394581198692322e-01
2.458616886287927628e-01
3.989320490509271622e-01
2.208496630191802979e-01
2.135837189853191376e-01
2.975324727594852448e-01
2.873748764395713806e-01
2.042280696332454681e-01
2.140071652829647064e-01
2.221975438296794891e-01
2.035394832491874695e-01
2.284863460808992386e-01
2.222746666520833969e-01
2.256117593497037888e-01
3.311264868825674057e-01
1.785281058400869370e-01
2.258713264018297195e-01
3.049818258732557297e-01
2.264043763279914856e-01
2.257028110325336456e-01
2.301836330443620682e-01
2.724724523723125458e-01
3.442759122699499130e-01
2.717825453728437424e-01
2.718268353492021561e-01
2.456031683832406998e-01
2.566432990133762360e-01
2.725796476006507874e-01
4.403332956135272980e-01
3.763870038092136383e-01
1.823545414954423904e-01
2.448194306343793869e-01
3.365608360618352890e-01
3.204534426331520081e-01
2.264407891780138016e-01
2.800900600850582123e-01
3.197555150836706161e-01
2.259294502437114716e-01
1.776868496090173721e-01
1.795805320143699646e-01
1.778168696910142899e-01
2.254119347780942917e-01
3.341894336044788361e-01
3.197668548673391342e-01
1.608076561242341995e-01
1.883974894881248474e-01
3.369794450700283051e-01
3.355179689824581146e-01
2.583283390849828720e-01
4.082313869148492813e-01
3.461509756743907928e-01
2.572321034967899323e-01
2.471678722649812698e-01
2.582852263003587723e-01
2.740231771022081375e-01
3.878689315170049667e-01
2.729468252509832382e-01
2.464771829545497894e-01
1.961886119097471237e-01
1.885931212455034256e-01
1.688309647142887115e-01
2.252429462969303131e-01
2.242631129920482635e-01
2.265326417982578278e-01
2.051783800125122070e-01
2.061179205775260925e-01
2.952448371797800064e-01
2.267541363835334778e-01
1.621659211814403534e-01
3.033380620181560516e-01
1.868075616657733917e-01
2.235977090895175934e-01
3.495611920952796936e-01
2.270996682345867157e-01
2.046247310936450958e-01
2.260443158447742462e-01
4.287237450480461121e-01
4.080597050487995148e-01
2.713418379426002502e-01
2.715569119900465012e-01
3.554975632578134537e-01
2.253371179103851318e-01
2.135180830955505371e-01
2.565667517483234406e-01
2.715347390621900558e-01
3.438986781984567642e-01
2.255609240382909775e-01
2.259932011365890503e-01
3.041253127157688141e-01
2.115184199064970016e-01
2.125951033085584641e-01
2.257356159389019012e-01
3.203695025295019150e-01
2.264085114002227783e-01
2.119849715381860733e-01
2.253863252699375153e-01
1.951907183974981308e-01
3.047329913824796677e-01
3.205529414117336273e-01
1.772137116640806198e-01
2.057910803705453873e-01
2.269872035831212997e-01
2.438740711659193039e-01
2.729316502809524536e-01
2.720265183597803116e-01
2.138219457119703293e-01
3.962666150182485580e-01
2.346203941851854324e-01
2.713332436978816986e-01
2.448527794331312180e-01
1.925754640251398087e-01
4.494720306247472763e-01
2.031787689775228500e-01
2.347127478569746017e-01
2.773808259516954422e-01
2.034628409892320633e-01
1.949940808117389679e-01
3.292418960481882095e-01
2.886779308319091797e-01
3.470680862665176392e-01
2.035562619566917419e-01
3.041596245020627975e-01
1.970171257853507996e-01
1.783313285559415817e-01
2.945853769779205322e-01
2.278490234166383743e-01
2.689912505447864532e-01
2.257386948913335800e-01
3.839646913111209869e-01
1.691906377673149109e-01
2.036882881075143814e-01
2.263643387705087662e-01
4.086868129670619965e-01
2.737089432775974274e-01
2.141920644789934158e-01
2.722257524728775024e-01
2.674860209226608276e-01
2.455393821001052856e-01
2.727701030671596527e-01
2.737946212291717529e-01
2.563144452869892120e-01
2.039800491183996201e-01
2.374118864536285400e-01
3.321186974644660950e-01
2.128774486482143402e-01
3.069290686398744583e-01
2.267310675233602524e-01
2.271948102861642838e-01
1.976244244724512100e-01
2.705090865492820740e-01
2.264358364045619965e-01
1.945256721228361130e-01
2.217379473149776459e-01
2.872178703546524048e-01
2.869938369840383530e-01
3.552416507154703140e-01
1.784836705774068832e-01
2.134690973907709122e-01
3.128203507512807846e-01
2.896191440522670746e-01
3.359452728182077408e-01
2.737529836595058441e-01
2.727610524743795395e-01
2.358925510197877884e-01
2.744839061051607132e-01
2.566126026213169098e-01
2.253501117229461670e-01
2.143415529280900955e-01
2.463502455502748489e-01
3.862960636615753174e-01
2.130244094878435135e-01
2.275638859719038010e-01
1.876155529171228409e-01
2.966570034623146057e-01
1.600194163620471954e-01
3.133923225104808807e-01
2.041853256523609161e-01
3.327518086880445480e-01
3.208962064236402512e-01
1.796437725424766541e-01
1.978067383170127869e-01
3.328445646911859512e-01
2.039958611130714417e-01
2.711856029927730560e-01
2.213485892862081528e-01
2.508175689727067947e-01
2.149279192090034485e-01
2.463073618710041046e-01
2.471912764012813568e-01
2.468179091811180115e-01
2.565920315682888031e-01
2.729532402008771896e-01
2.732236403971910477e-01
2.678110394626855850e-01
3.666584473103284836e-01
2.271741833537817001e-01
2.572435978800058365e-01
2.667600028216838837e-01
3.277496192604303360e-01
1.700559910386800766e-01
2.209685798734426498e-01
3.126224298030138016e-01
2.946407869458198547e-01
1.775591857731342316e-01
2.698706183582544327e-01
2.282820679247379303e-01
2.149950396269559860e-01
2.226385697722434998e-01
2.270598374307155609e-01
2.136260718107223511e-01
2.235061638057231903e-01
2.291871458292007446e-01
3.214434348046779633e-01
1.974521018564701080e-01
1.797951422631740570e-01
1.866928394883871078e-01
3.215261027216911316e-01
2.155768312513828278e-01
1.867575384676456451e-01
2.951581571251153946e-01
1.947659403085708618e-01
1.982717420905828476e-01
2.189790233969688416e-01
2.597624529153108597e-01
2.641159817576408386e-01
2.387766819447278976e-01
2.343566548079252243e-01
1.930575259029865265e-01
2.455857861787080765e-01
2.459872886538505554e-01
2.336923517286777496e-01
4.603283125907182693e-01
4.097081013023853302e-01
1.984792482107877731e-01
1.778897754848003387e-01
2.258311472833156586e-01
2.268384173512458801e-01
2.256634123623371124e-01
3.129416890442371368e-01
1.972642559558153152e-01
2.861661147326231003e-01
2.269859518855810165e-01
1.887495908886194229e-01
2.215071078389883041e-01
2.865970637649297714e-01
2.283267229795455933e-01
3.043323531746864319e-01
1.774059999734163284e-01
2.263047695159912109e-01
2.390627227723598480e-01
2.733811549842357635e-01
2.682214565575122833e-01
3.992033004760742188e-01
2.738571651279926300e-01
2.142718601971864700e-01
2.576046604663133621e-01
4.086670149117708206e-01
3.471488412469625473e-01
2.739951908588409424e-01
2.156108822673559189e-01
2.742767389863729477e-01
2.276878505945205688e-01
2.053479421883821487e-01
3.222193364053964615e-01
2.038713674992322922e-01
2.046949584037065506e-01
2.136842459440231323e-01
2.158004511147737503e-01
1.957986317574977875e-01
1.705737393349409103e-01
3.250196631997823715e-01
2.870271038264036179e-01
1.620597224682569504e-01
2.278893142938613892e-01
2.266478333622217178e-01
1.863281410187482834e-01
2.890139929950237274e-01
3.062242493033409119e-01
2.692546788603067398e-01
2.141928467899560928e-01
3.908829633146524429e-01
2.474893964827060699e-01
3.989913333207368851e-01
2.357007265090942383e-01
1.937668286263942719e-01
2.734910286962985992e-01
2.694243658334016800e-01
3.779150247573852539e-01
2.570730894804000854e-01
1.960523743182420731e-01
2.129168678075075150e-01
3.742404785007238388e-01
3.482428193092346191e-01
1.870641279965639114e-01
3.056002352386713028e-01
2.257244884967803955e-01
2.220593951642513275e-01
1.965756900608539581e-01
3.834593519568443298e-01
3.557086996734142303e-01
2.276413831859827042e-01
2.298596072942018509e-01
2.049438189715147018e-01
3.470792192965745926e-01
2.729071006178855896e-01
2.459407933056354523e-01
3.565543387085199356e-01
2.256701178848743439e-01
2.579500507563352585e-01
2.043622434139251709e-01
2.732391357421875000e-01
2.677357736974954605e-01
2.739954460412263870e-01
2.735977768898010254e-01
2.354206759482622147e-01
2.405655179172754288e-01
2.038899790495634079e-01
1.957700829952955246e-01
3.758541569113731384e-01
2.261986322700977325e-01
1.962524652481079102e-01
1.966867987066507339e-01
2.274042852222919464e-01
2.875139005482196808e-01
3.046815972775220871e-01
3.153854645788669586e-01
3.228228278458118439e-01
2.220743745565414429e-01
1.804173551499843597e-01
3.130095563828945160e-01
1.774549111723899841e-01
3.065226338803768158e-01
2.044869475066661835e-01
3.288238048553466797e-01
3.755534011870622635e-01
2.687582839280366898e-01
2.676345296204090118e-01
1.940587796270847321e-01
2.468601018190383911e-01
2.729968875646591187e-01
2.355099245905876160e-01
2.365040816366672516e-01
2.683566957712173462e-01
3.345379382371902466e-01
2.254892718046903610e-01
1.896359696984291077e-01
1.866702437400817871e-01
1.859856806695461273e-01
3.039836566895246506e-01
3.381720669567584991e-01
2.130890432745218277e-01
2.233061138540506363e-01
1.683903727680444717e-01
1.774838622659444809e-01
2.212327998131513596e-01
2.274595797061920166e-01
3.149626459926366806e-01
2.134878970682621002e-01
2.283262610435485840e-01
1.620320808142423630e-01
2.954198680818080902e-01
1.784475240856409073e-01
3.856720905750989914e-01
2.743319813162088394e-01
2.349169570952653885e-01
4.184691440314054489e-01
2.673444189131259918e-01
3.683204222470521927e-01
4.314457997679710388e-01
2.044042851775884628e-01
3.467291276901960373e-01
1.932728402316570282e-01
1.938840076327323914e-01
2.130819689482450485e-01
1.601313091814517975e-01
2.875992320477962494e-01
1.868480555713176727e-01
2.220227457582950592e-01
1.991040054708719254e-01
3.049144688993692398e-01
2.269562035799026489e-01
1.903678718954324722e-01
3.394778594374656677e-01
1.870389580726623535e-01
2.296136207878589630e-01
1.796780992299318314e-01
2.144060935825109482e-01
2.989261131733655930e-01
2.055754289031028748e-01
2.258774507790803909e-01
3.253598734736442566e-01
1.436706949025392532e-01
3.046262655407190323e-01
4.021694958209991455e-01
2.589054107666015625e-01
2.596632335335016251e-01
2.733518090099096298e-01
4.179454427212476730e-01
2.364016827195882797e-01
3.570560477674007416e-01
4.192280247807502747e-01
4.293017126619815826e-01
2.568226456642150879e-01
2.737129442393779755e-01
2.243985347449779510e-01
3.050680477172136307e-01
3.245974797755479813e-01
1.877460796386003494e-01
2.042198348790407181e-01
1.604721322655677795e-01
2.050360832363367081e-01
2.288876473903656006e-01
2.310010157525539398e-01
1.989939231425523758e-01
2.146868389099836349e-01
3.110916577279567719e-01
2.288660090416669846e-01
3.096657041460275650e-01
2.172909267246723175e-01
2.059977315366268158e-01
2.754164747893810272e-01
3.368274737149477005e-01
2.045089695602655411e-01
2.365248668938875198e-01
2.584985643625259399e-01
2.744309324771165848e-01
2.741269301623106003e-01
3.675669617950916290e-01
3.888035658746957779e-01
2.396852802485227585e-01
1.940507311373949051e-01
2.285707443952560425e-01
2.291004229336977005e-01
1.608266849070787430e-01
2.963120695203542709e-01
3.142880816012620926e-01
2.216301206499338150e-01
3.214209843426942825e-01
2.808022145181894302e-01
2.134576197713613510e-01
2.274727746844291687e-01
3.327442798763513565e-01
2.234365530312061310e-01
1.524777337908744812e-01
2.051949780434370041e-01
2.243920806795358658e-01
2.229496054351329803e-01
2.886880487203598022e-01
3.248558826744556427e-01
3.141452781856060028e-01
1.871581505984067917e-01
2.375587467104196548e-01
2.696513608098030090e-01
3.468792419880628586e-01
2.356335129588842392e-01
2.573001924902200699e-01
3.768045343458652496e-01
2.571078687906265259e-01
3.671168796718120575e-01
2.362691573798656464e-01
2.354792430996894836e-01
3.376258201897144318e-01
2.266417462378740311e-01
2.277138400822877884e-01
2.280893195420503616e-01
1.871545612812042236e-01
2.276632823050022125e-01
2.222750391811132431e-01
2.223615888506174088e-01
3.140814024955034256e-01
3.738098498433828354e-01
2.266281787306070328e-01
2.068667337298393250e-01
2.266160547733306885e-01
2.298064790666103363e-01
2.138669099658727646e-01
3.149835336953401566e-01
2.290625013411045074e-01
2.222982719540596008e-01
2.051466535776853561e-01
3.756565246731042862e-01
2.150127571076154709e-01
1.688639931380748749e-01
1.797863449901342392e-01
2.263879999518394470e-01
2.558953333646059036e-01
2.731222268193960190e-01
2.362789921462535858e-01
3.345020432025194168e-01
2.739231158047914505e-01
2.262733224779367447e-01
2.722454108297824860e-01
2.734613455832004547e-01
2.462079450488090515e-01
2.742826007306575775e-01
3.879693727940320969e-01
1.614766232669353485e-01
1.961267851293087006e-01
2.037598956376314163e-01
1.690472271293401718e-01
2.269120384007692337e-01
2.160763442516326904e-01
2.229866348206996918e-01
2.265208438038825989e-01
1.793387681245803833e-01
3.562361076474189758e-01
1.790520120412111282e-01
2.083588093519210815e-01
2.231083810329437256e-01
2.276487257331609726e-01
2.221955470740795135e-01
1.884031388908624649e-01
2.792514041066169739e-01
2.229598145931959152e-01
2.292235307395458221e-01
2.694063168019056320e-01
3.674953803420066833e-01
2.745105102658271790e-01
4.187277946621179581e-01
2.362891379743814468e-01
4.194518458098173141e-01
2.578844688832759857e-01
2.680337447673082352e-01
3.970897942781448364e-01
2.484470419585704803e-01
2.474991325289011002e-01
2.011735942214727402e-01
2.297272272408008575e-01
1.787322200834751129e-01
2.273523006588220596e-01
2.056184317916631699e-01
3.569018300622701645e-01
1.872422248125076294e-01
1.807720810174942017e-01
1.871488485485315323e-01
1.609183158725500107e-01
2.262438889592885971e-01
3.067080955952405930e-01
2.271794099360704422e-01
1.884959973394870758e-01
2.290237993001937866e-01
2.281780280172824860e-01
2.293775677680969238e-01
2.157117333263158798e-01
3.432510979473590851e-01
1.971758697181940079e-01
2.281591426581144333e-01
2.743775807321071625e-01
2.478687502443790436e-01
2.585137058049440384e-01
2.372859586030244827e-01
2.260979507118463516e-01
3.692277409136295319e-01
2.584922462701797485e-01
2.750393804162740707e-01
2.738124132156372070e-01
2.576904036104679108e-01
2.478637862950563431e-01
3.388450089842081070e-01
1.962718889117240906e-01
1.700183115899562836e-01
2.274829540401697159e-01
1.960425321012735367e-01
1.960369963198900223e-01
2.045208178460597992e-01
2.270104791969060898e-01
2.219875101000070572e-01
1.699848901480436325e-01
2.280390355736017227e-01
1.682831961661577225e-01
2.274959217756986618e-01
1.709073781967163086e-01
2.278336491435766220e-01
2.221305277198553085e-01
2.258632332086563110e-01
2.259052284061908722e-01
2.266196142882108688e-01
2.271992973983287811e-01
2.134639471769332886e-01
1.982066053897142410e-01
2.773719634860754013e-01
1.951035335659980774e-01
2.464134823530912399e-01
2.735286783427000046e-01
2.251916565001010895e-01
2.681320235133171082e-01
2.055368088185787201e-01
2.346924245357513428e-01
2.727447077631950378e-01
2.682921048253774643e-01
2.728704120963811874e-01
2.730154562741518021e-01
2.565467171370983124e-01
3.073661811649799347e-01
2.254209443926811218e-01
2.292571980506181717e-01
1.866860818117856979e-01
2.267629671841859818e-01
3.414205946028232574e-01
3.131937161087989807e-01
2.258824873715639114e-01
2.056462075561285019e-01
2.266988158226013184e-01
2.264567669481039047e-01
1.614445075392723083e-01
2.944109328091144562e-01
2.215550802648067474e-01
2.949992697685956955e-01
2.278555426746606827e-01
2.271592207252979279e-01
2.255011443048715591e-01
2.040101811289787292e-01
2.122878041118383408e-01
2.270250003784894943e-01
2.280042655766010284e-01
1.698880158364772797e-01
2.547738533467054367e-01
3.661122303456068039e-01
2.763382270932197571e-01
3.683089260011911392e-01
2.740741129964590073e-01
4.101015850901603699e-01
3.571731057018041611e-01
2.462270334362983704e-01
2.747324686497449875e-01
2.229456175118684769e-01
2.275054547935724258e-01
2.291493155062198639e-01
2.041708864271640778e-01
1.944940965622663498e-01
2.289740610867738724e-01
2.261523883789777756e-01
3.033744860440492630e-01
1.622478254139423370e-01
3.298876453191041946e-01
2.125605288892984390e-01
1.893179398030042648e-01
2.140288054943084717e-01
2.125073485076427460e-01
2.286166865378618240e-01
2.225761525332927704e-01
2.263225261121988297e-01
2.061815168708562851e-01
2.735362909734249115e-01
2.574271447956562042e-01
2.587422914803028107e-01
2.575024887919425964e-01
2.724320311099290848e-01
2.735177576541900635e-01
2.460013516247272491e-01
2.728189695626497269e-01
2.732126992195844650e-01
2.743001524358987808e-01
2.032322939485311508e-01
2.512676808983087540e-01
2.296906188130378723e-01
2.163398042321205139e-01
3.559041451662778854e-01
1.865583881735801697e-01
2.249441184103488922e-01
1.955330781638622284e-01
2.268706746399402618e-01
2.238278873264789581e-01
2.268440220504999161e-01
1.962081361562013626e-01
2.259937524795532227e-01
2.258736714720726013e-01
2.270582746714353561e-01
2.046110611408948898e-01
1.693094838410615921e-01
2.263417448848485947e-01
1.777053475379943848e-01
1.861898507922887802e-01
2.976743653416633606e-01
2.277251575142145157e-01
2.130334135144948959e-01
2.059935573488473892e-01
2.135764509439468384e-01
2.646802403032779694e-01
3.777719978243112564e-01
3.876679390668869019e-01
2.693047057837247849e-01
2.705665472894906998e-01
2.749999687075614929e-01
1.933628730475902557e-01
1.927078440785408020e-01
2.739316914230585098e-01
2.728096786886453629e-01
2.727958559989929199e-01
2.567891590297222137e-01
2.259318977594375610e-01
2.259105741977691650e-01
2.124539129436016083e-01
2.209370899945497513e-01
1.775321159511804581e-01
1.972107458859682083e-01
2.131924778223037720e-01
3.381195478141307831e-01
3.474843669682741165e-01
3.583080712705850601e-01
2.253049705177545547e-01
1.881458163261413574e-01
2.067046351730823517e-01
2.262407336384057999e-01
2.251884508877992630e-01
1.601284854114055634e-01
2.592640649527311325e-01
3.306326065212488174e-01
2.731995079666376114e-01
2.730738855898380280e-01
1.926650814712047577e-01
4.289092589169740677e-01
2.572361677885055542e-01
3.350512962788343430e-01
2.458479460328817368e-01
2.035719286650419235e-01
4.500561803579330444e-01
2.472811639308929443e-01
3.050751630216836929e-01
3.029583450406789780e-01
2.120107263326644897e-01
3.062238637357950211e-01
2.034197263419628143e-01
2.261651717126369476e-01
1.949349939823150635e-01
2.127905841916799545e-01
2.059931233525276184e-01
3.290617167949676514e-01
1.951575316488742828e-01
1.882380153983831406e-01
2.253829054534435272e-01
1.787812281399965286e-01
2.277000695466995239e-01
2.947645373642444611e-01
2.261484507471323013e-01
2.036867793649435043e-01
2.862276863306760788e-01
2.269462943077087402e-01
2.948569133877754211e-01
3.125634919852018356e-01
2.741234302520751953e-01
2.678272947669029236e-01
2.745856549590826035e-01
2.350695747882127762e-01
2.736656032502651215e-01
4.180635698139667511e-01
2.760314159095287323e-01
2.677889317274093628e-01
2.153528612107038498e-01
2.352608162909746170e-01
3.242639042437076569e-01
2.231550142168998718e-01
2.150414343923330307e-01
3.073685839772224426e-01
2.041997332125902176e-01
2.266978491097688675e-01
1.965121217072010040e-01
2.036625146865844727e-01
3.464687746018171310e-01
2.961738519370555878e-01
2.038670610636472702e-01
1.958636362105607986e-01
2.288753259927034378e-01
2.268567010760307312e-01
2.135451976209878922e-01
1.980034429579973221e-01
1.949160639196634293e-01
2.870271522551774979e-01
3.234252072870731354e-01
2.273923382163047791e-01
2.267455253750085831e-01
1.957940850406885147e-01
1.956530772149562836e-01
2.566921543329954147e-01
2.696327771991491318e-01
3.558878395706415176e-01
2.748951055109500885e-01
3.869978804141283035e-01
2.456263955682516098e-01
2.686719466000795364e-01
2.567227501422166824e-01
2.480221614241600037e-01
2.354411836713552475e-01
2.729817926883697510e-01
2.580175474286079407e-01
2.214227914810180664e-01
3.499385993927717209e-01
1.333220694214105606e-01
2.129988297820091248e-01
3.041525501757860184e-01
2.059635296463966370e-01
2.041953764855861664e-01
2.133164927363395691e-01
3.683708049356937408e-01
2.269436661154031754e-01
2.160282097756862640e-01
2.062018327414989471e-01
2.201210260391235352e-01
2.683338671922683716e-01
2.353166975080966949e-01
2.729968503117561340e-01
3.985936101526021957e-01
2.029023487120866776e-01
2.364652082324028015e-01
2.138474229723215103e-01
4.505834411829710007e-01
2.565725948661565781e-01
2.721064705401659012e-01
2.733103297650814056e-01
2.125552389770746231e-01
1.782815884798765182e-01
2.214811071753501892e-01
2.152562253177165985e-01
2.120988555252552032e-01
1.946416739374399185e-01
2.064643185585737228e-01
2.264122962951660156e-01
1.953178551048040390e-01
2.269963081926107407e-01
2.128792293369770050e-01
2.257922291755676270e-01
1.883970145136117935e-01
2.047010175883769989e-01
1.721956934779882431e-01
3.041843399405479431e-01
1.777288392186164856e-01
2.238072138279676437e-01
2.677362337708473206e-01
2.142310328781604767e-01
2.568927127867937088e-01
2.458923235535621643e-01
2.351992316544055939e-01
4.185180533677339554e-01
3.672560080885887146e-01
2.674172688275575638e-01
2.732810210436582565e-01
2.575558908283710480e-01
2.576074954122304916e-01
4.737704042345285416e-01
3.040928170084953308e-01
2.272308487445116043e-01
2.891472075134515762e-01
3.336109668016433716e-01
2.275414261966943741e-01
2.273650821298360825e-01
1.888332664966583252e-01
2.047186493873596191e-01
2.219679802656173706e-01
2.041298449039459229e-01
1.774430479854345322e-01
2.141902074217796326e-01
1.861256826668977737e-01
2.867571972310543060e-01
3.309850897639989853e-01
2.975390944629907608e-01
2.359163817018270493e-01
2.264544740319252014e-01
2.364459112286567688e-01
2.140172347426414490e-01
2.361917700618505478e-01
3.563374411314725876e-01
2.746739722788333893e-01
3.552481755614280701e-01
2.250374257564544678e-01
2.037419658154249191e-01
3.982749134302139282e-01
3.460667114704847336e-01
1.729660760611295700e-01
3.034740909934043884e-01
2.260454613715410233e-01
3.254393599927425385e-01
2.869333922863006592e-01
3.205281253904104233e-01
2.221117038279771805e-01
1.714314520359039307e-01
1.951972171664237976e-01
1.861739605665206909e-01
2.965348083525896072e-01
3.456490375101566315e-01
2.957394290715456009e-01
2.268052361905574799e-01
2.262748237699270248e-01
3.206638712435960770e-01
1.766441073268651962e-01
2.164455037564039230e-01
3.234039079397916794e-01
1.867846362292766571e-01
3.968241233378648758e-01
2.151645720005035400e-01
2.732558641582727432e-01
2.460168600082397461e-01
3.763947095721960068e-01
3.551985993981361389e-01
3.354106675833463669e-01
2.144647724926471710e-01
3.975568264722824097e-01
4.073175415396690369e-01
2.137555424124002457e-01
2.052478697150945663e-01
2.279078904539346695e-01
3.650891780853271484e-01
2.224075030535459518e-01
2.311909273266792297e-01
2.036598306149244308e-01
2.040927372872829437e-01
1.861306782811880112e-01
2.261686827987432480e-01
2.769941948354244232e-01
2.269500829279422760e-01
1.869942042976617813e-01
1.956915352493524551e-01
2.305605411529541016e-01
3.876879755407571793e-01
3.706887345761060715e-01
2.662556767463684082e-01
3.713825698941946030e-01
4.187083560973405838e-01
2.766755912452936172e-01
2.674893178045749664e-01
2.771507613360881805e-01
4.390064273029565811e-01
2.771778069436550140e-01
2.731430716812610626e-01
1.893474664539098740e-01
2.270649224519729614e-01
2.216843497008085251e-01
1.982361879199743271e-01
1.599606797099113464e-01
2.041842117905616760e-01
2.293494101613759995e-01
2.963145673274993896e-01
2.790720555931329727e-01
3.512167222797870636e-01
2.266360428184270859e-01
1.856357436627149582e-01
3.056718073785305023e-01
1.863380447030067444e-01
2.127470057457685471e-01
2.050707787275314331e-01
3.218268621712923050e-01
1.699967589229345322e-01
2.273172866553068161e-01
3.443804811686277390e-01
2.675719000399112701e-01
2.573974039405584335e-01
2.732579000294208527e-01
2.746962867677211761e-01
2.683815117925405502e-01
4.511926397681236267e-01
2.734363190829753876e-01
2.734986022114753723e-01
2.728487960994243622e-01
2.730831280350685120e-01
1.880548223853111267e-01
3.155067935585975647e-01
1.696847882121801376e-01
1.867621988058090210e-01
1.514354310929775238e-01
2.264788486063480377e-01
1.883060876280069351e-01
1.814731061458587646e-01
1.951724961400032043e-01
1.960648782551288605e-01
1.952602509409189224e-01
2.054588980972766876e-01
2.134092412889003754e-01
1.962565407156944275e-01
2.222098261117935181e-01
2.741305641829967499e-01
2.748394384980201721e-01
2.728263828903436661e-01
2.677444946020841599e-01
1.819154638797044754e-01
2.582401409745216370e-01
2.681425865739583969e-01
2.370616253465414047e-01
2.732111643999814987e-01
2.730881851166486740e-01
2.455219849944114685e-01
2.184208035469055176e-01
3.035052884370088577e-01
1.688033677637577057e-01
2.151199895888566971e-01
2.052090261131525040e-01
2.971673086285591125e-01
2.139303497970104218e-01
2.953494917601346970e-01
2.895028553903102875e-01
1.961497608572244644e-01
1.950003653764724731e-01
2.063949890434741974e-01
1.689630895853042603e-01
2.141131032258272171e-01
2.250331640243530273e-01
1.617770921438932419e-01
1.783349346369504929e-01
2.282556425780057907e-01
1.688314769417047501e-01
1.687840409576892853e-01
2.272613737732172012e-01
2.262887470424175262e-01
2.883567232638597488e-01
2.392231952399015427e-01
2.141424901783466339e-01
2.670909427106380463e-01
3.657806552946567535e-01
2.666391897946596146e-01
2.461396120488643646e-01
2.356010433286428452e-01
2.466783002018928528e-01
2.736903317272663116e-01
4.190429225564002991e-01
2.565816342830657959e-01
2.576619237661361694e-01
2.237305659800767899e-01
2.164063397794961929e-01
3.376667164266109467e-01
1.953491866588592529e-01
2.869324535131454468e-01
2.159350048750638962e-01
2.957646436989307404e-01
3.924728613346815109e-01
2.874332573264837265e-01
1.945720203220844269e-01
1.965859532356262207e-01
2.231250796467065811e-01
1.525403298437595367e-01
1.692352704703807831e-01
2.721208240836858749e-01
2.464102040976285934e-01
2.610592413693666458e-01
2.472121473401784897e-01
2.774959299713373184e-01
2.347266972064971924e-01
2.723995447158813477e-01
2.729268968105316162e-01
2.499445229768753052e-01
2.731316741555929184e-01
3.978388141840696335e-01
3.747821580618619919e-01
1.986245196312665939e-01
3.402094580233097076e-01
2.169483508914709091e-01
2.276794109493494034e-01
3.226938005536794662e-01
2.036778349429368973e-01
1.873536538332700729e-01
2.265066709369421005e-01
2.291876561939716339e-01
1.869934145361185074e-01
2.878789640963077545e-01
2.960436195135116577e-01
1.788657773286104202e-01
1.965828165411949158e-01
3.076241966336965561e-01
2.267403658479452133e-01
2.045366112142801285e-01
3.243047241121530533e-01
2.219725884497165680e-01
1.602363791316747665e-01
2.137039024382829666e-01
2.718923520296812057e-01
2.456671912223100662e-01
4.177737701684236526e-01
2.671230118721723557e-01
2.730938158929347992e-01
2.725581023842096329e-01
2.354041021317243576e-01
2.686540130525827408e-01
2.350700777024030685e-01
4.188071768730878830e-01
3.345772586762905121e-01
3.042187709361314774e-01
2.269834820181131363e-01
2.233952712267637253e-01
1.956369969993829727e-01
1.785717457532882690e-01
3.225146327167749405e-01
1.804841402918100357e-01
1.689857859164476395e-01
2.137171868234872818e-01
1.800010465085506439e-01
2.259573284536600113e-01
2.050815075635910034e-01
1.607207078486680984e-01
2.265849001705646515e-01
2.153630480170249939e-01
3.214968983083963394e-01
2.971637211740016937e-01
2.729183062911033630e-01
3.665540385991334915e-01
3.975466508418321609e-01
2.155160643160343170e-01
3.360610716044902802e-01
2.727140150964260101e-01
2.737895455211400986e-01
2.675513848662376404e-01
2.354853041470050812e-01
2.364767640829086304e-01
2.578071039170026779e-01
3.975811153650283813e-01
1.955680288374423981e-01
2.271841149777173996e-01
2.276414055377244949e-01
2.276535294950008392e-01
1.970309838652610779e-01
1.717784944921731949e-01
2.278263699263334274e-01
2.269527874886989594e-01
1.721371021121740341e-01
2.267930358648300171e-01
2.695303782820701599e-01
1.797998361289501190e-01
2.970238085836172104e-01
2.265461403876543045e-01
3.158860784024000168e-01
2.225193828344345093e-01
3.653637915849685669e-01
2.154231388121843338e-01
2.149537745863199234e-01
3.450946379452943802e-01
2.351622302085161209e-01
3.554413355886936188e-01
2.690138425678014755e-01
2.731232419610023499e-01
2.144600432366132736e-01
1.930738054215908051e-01
2.355119641870260239e-01
2.469327263534069061e-01
3.161879405379295349e-01
1.782898698002099991e-01
2.136887051165103912e-01
2.158176042139530182e-01
1.869416255503892899e-01
2.268722206354141235e-01
2.079096753150224686e-01
2.264497131109237671e-01
2.147070355713367462e-01
1.692189481109380722e-01
2.134878505021333694e-01
1.869606263935565948e-01
1.954955980181694031e-01
2.042915858328342438e-01
1.600291021168231964e-01
2.049130462110042572e-01
3.062423951923847198e-01
1.869914885610342026e-01
3.134451042860746384e-01
1.957700047641992569e-01
2.049931809306144714e-01
2.257140092551708221e-01
1.931232903152704239e-01
2.730930726975202560e-01
2.737994045019149780e-01
2.351742945611476898e-01
2.146470323204994202e-01
2.355001363903284073e-01
2.729501221328973770e-01
2.574180196970701218e-01
3.556612525135278702e-01
2.468217350542545319e-01
2.358312830328941345e-01
2.128001991659402847e-01
2.867361567914485931e-01
2.037245389074087143e-01
2.051399238407611847e-01
2.267597895115613937e-01
3.343305345624685287e-01
2.895689979195594788e-01
2.276042774319648743e-01
2.263885159045457840e-01
2.137050200253725052e-01
1.866975147277116776e-01
2.199806962162256241e-01
1.961179338395595551e-01
2.128746807575225830e-01
2.148897871375083923e-01
1.869442500174045563e-01
1.955134253948926926e-01
2.266422323882579803e-01
2.222351338714361191e-01
2.066673152148723602e-01
1.857684347778558731e-01
2.390977740287780762e-01
2.569164801388978958e-01
3.663396872580051422e-01
2.370775137096643448e-01
3.579825740307569504e-01
3.982961270958185196e-01
2.744427230209112167e-01
1.937894877046346664e-01
2.456752136349678040e-01
2.722436748445034027e-01
3.963891528546810150e-01
2.564408741891384125e-01
2.260938305407762527e-01
1.422729808837175369e-01
1.860614903271198273e-01
2.275143321603536606e-01
2.302462812513113022e-01
2.270781211555004120e-01
2.272122539579868317e-01
2.161722183227539062e-01
1.691999472677707672e-01
1.948381382972002029e-01
2.053941208869218826e-01
2.269103936851024628e-01
2.287911698222160339e-01
2.039634678512811661e-01
2.124281041324138641e-01
2.231139559298753738e-01
1.781459655612707138e-01
1.869889311492443085e-01
1.950943190604448318e-01
2.275918088853359222e-01
2.694158367812633514e-01
4.295006599277257919e-01
2.359747365117073059e-01
2.243232410401105881e-01
2.720327880233526230e-01
1.928066611289978027e-01
2.252459935843944550e-01
3.977669142186641693e-01
2.466523107141256332e-01
3.767991140484809875e-01
2.678019534796476364e-01
2.229532543569803238e-01
2.267127707600593567e-01
1.772285494953393936e-01
1.980663090944290161e-01
2.271005213260650635e-01
1.870247777551412582e-01
1.961123943328857422e-01
1.789681147783994675e-01
1.867481768131256104e-01
2.875048574060201645e-01
1.517387777566909790e-01
2.249367162585258484e-01
2.221827022731304169e-01
2.874234113842248917e-01
2.246588673442602158e-01
2.265250664204359055e-01
1.777898017317056656e-01
2.042282838374376297e-01
2.264544796198606491e-01
1.982451621443033218e-01
1.689484715461730957e-01
2.535215243697166443e-01
2.553160339593887329e-01
3.450663443654775620e-01
2.032387610524892807e-01
2.148712109774351120e-01
2.731738947331905365e-01
4.513163268566131592e-01
1.929378416389226913e-01
2.740978486835956573e-01
2.566156014800071716e-01
2.734928000718355179e-01
3.983863741159439087e-01
2.275614887475967407e-01
2.786315139383077621e-01
2.233111094683408737e-01
2.299643680453300476e-01
1.952927205711603165e-01
2.299734707921743393e-01
2.260339260101318359e-01
2.132260855287313461e-01
3.320644237101078033e-01
1.954023502767086029e-01
2.792769651859998703e-01
2.226153928786516190e-01
2.806636281311511993e-01
2.211951687932014465e-01
1.702143140137195587e-01
2.282587829977273941e-01
2.956083901226520538e-01
1.846506148576736450e-01
2.245208416134119034e-01
2.457751967012882233e-01
2.729515656828880310e-01
2.734503410756587982e-01
2.739468496292829514e-01
3.573260754346847534e-01
2.738083284348249435e-01
2.712058909237384796e-01
2.731158956885337830e-01
2.722273021936416626e-01
2.135401386767625809e-01
2.264439370483160019e-01
2.282788716256618500e-01
2.061341609805822372e-01
1.954197976738214493e-01
2.233687024563550949e-01
2.291806004941463470e-01
2.269780412316322327e-01
2.268732916563749313e-01
2.294276691973209381e-01
2.135083414614200592e-01
2.264167480170726776e-01
2.286898363381624222e-01
2.056857421994209290e-01
1.692656334489583969e-01
2.796783074736595154e-01
2.052391562610864639e-01
2.499549649655818939e-01
3.981196153908967972e-01
2.357594650238752365e-01
2.378217633813619614e-01
2.726987246423959732e-01
2.146610207855701447e-01
2.729049623012542725e-01
2.461197879165410995e-01
2.733272407203912735e-01
2.728421557694673538e-01
3.248755130916833878e-01
2.354826442897319794e-01
2.727708313614130020e-01
2.283026129007339478e-01
2.277485355734825134e-01
2.129123341292142868e-01
3.205553572624921799e-01
2.714370377361774445e-01
2.265481185168027878e-01
2.265966068953275681e-01
1.884413678199052811e-01
1.863922253251075745e-01
2.131094653159379959e-01
2.051821555942296982e-01
1.781901940703392029e-01
2.272312026470899582e-01
3.056590631604194641e-01
1.781832370907068253e-01
1.878818944096565247e-01
2.980210874229669571e-01
2.262707520276308060e-01
2.494617830961942673e-01
2.028900459408760071e-01
2.363286763429641724e-01
2.463519833981990814e-01
2.358105238527059555e-01
2.359531614929437637e-01
2.478916961699724197e-01
2.362008225172758102e-01
3.760899025946855545e-01
2.247613016515970230e-01
2.737032100558280945e-01
2.147308941930532455e-01
2.573823742568492889e-01
2.233745120465755463e-01
2.057963907718658447e-01
2.264111451804637909e-01
2.266113441437482834e-01
2.047744896262884140e-01
1.870027910917997360e-01
3.043722007423639297e-01
1.954661086201667786e-01
2.772299796342849731e-01
1.866083722561597824e-01
3.115853518247604370e-01
3.495756685733795166e-01
2.272085361182689667e-01
1.959523949772119522e-01
2.891822475939989090e-01
2.261653989553451538e-01
2.892825063318014145e-01
2.564352843910455704e-01
2.555580325424671173e-01
2.721749451011419296e-01
2.714795395731925964e-01
2.666773702949285507e-01
1.725288070738315582e-01
2.142837271094322205e-01
2.726165410131216049e-01
2.575575951486825943e-01
2.246140241622924805e-01
2.340561542659997940e-01
2.346022315323352814e-01
2.572673484683036804e-01
2.272289451211690903e-01
2.052588723599910736e-01
2.264578174799680710e-01
2.047221995890140533e-01
2.263045851141214371e-01
2.269217632710933685e-01
2.226038668304681778e-01
3.588689584285020828e-01
1.871084012091159821e-01
2.218802087008953094e-01
2.269354034215211868e-01
1.695289444178342819e-01
2.047384083271026611e-01
2.166884224861860275e-01
2.136062700301408768e-01
2.280866187065839767e-01
1.984312105923891068e-01
1.878745611757040024e-01
2.272599190473556519e-01
1.900037936866283417e-01
1.778597235679626465e-01
1.955958716571331024e-01
2.064699586480855942e-01
1.897022239863872528e-01
2.653390448540449142e-01
2.234612945467233658e-01
3.662029560655355453e-01
3.875865787267684937e-01
2.393938656896352768e-01
2.562518976628780365e-01
2.041447069495916367e-01
2.248267512768507004e-01
2.148857712745666504e-01
2.364240344613790512e-01
2.739008553326129913e-01
2.726119663566350937e-01
3.273582290858030319e-01
1.875028274953365326e-01
1.606386397033929825e-01
2.916596997529268265e-01
1.785034928470849991e-01
1.964048203080892563e-01
2.273515965789556503e-01
1.796418670564889908e-01
1.692080944776535034e-01
1.952591910958290100e-01
2.244918104261159897e-01
2.957854364067316055e-01
2.118762321770191193e-01
2.296903040260076523e-01
1.868181731551885605e-01
2.217977624386548996e-01
2.385552171617746353e-01
2.601445093750953674e-01
3.551236763596534729e-01
2.775138858705759048e-01
2.348808366805315018e-01
2.617071196436882019e-01
2.719643265008926392e-01
3.605122026056051254e-01
2.245679311454296112e-01
2.831945605576038361e-01
2.239574491977691650e-01
1.448778696358203888e-01
2.267926428467035294e-01
2.225184906274080276e-01
1.874808482825756073e-01
3.168951477855443954e-01
2.036560922861099243e-01
1.951435580849647522e-01
2.695066910237073898e-01
2.970389649271965027e-01
2.051624748855829239e-01
2.260869387537240982e-01
1.782326884567737579e-01
2.050548475235700607e-01
2.264297604560852051e-01
2.217191010713577271e-01
1.520269885659217834e-01
1.975413914769887924e-01
2.265022173523902893e-01
2.273881677538156509e-01
2.280606962740421295e-01
2.286628093570470810e-01
2.239693850278854370e-01
3.866372052580118179e-01
2.241288889199495316e-01
2.728841770440340042e-01
3.653319738805294037e-01
3.341088369488716125e-01
1.929068658500909805e-01
2.680839560925960541e-01
3.980830535292625427e-01
2.725607622414827347e-01
2.728924751281738281e-01
2.269625756889581680e-01
2.296704165637493134e-01
1.863110568374395370e-01
2.275484874844551086e-01
2.971423175185918808e-01
3.036557119339704514e-01
1.873299125581979752e-01
2.292553279548883438e-01
3.119899574667215347e-01
3.211817797273397446e-01
2.269668877124786377e-01
2.231213133782148361e-01
3.295973092317581177e-01
1.773566976189613342e-01
4.177375398576259613e-01
2.344185840338468552e-01
2.560934554785490036e-01
2.142923604696989059e-01
2.720859684050083160e-01
2.136306706815958023e-01
3.454327024519443512e-01
2.558774091303348541e-01
2.725143246352672577e-01
2.720279153436422348e-01
2.686749752610921860e-01
2.719876244664192200e-01
2.213833015412092209e-01
2.264396715909242630e-01
1.776953581720590591e-01
1.686896868050098419e-01
1.800895091146230698e-01
2.030270583927631378e-01
2.131733540445566177e-01
2.289470266550779343e-01
3.136223461478948593e-01
3.206984903663396835e-01
1.779723931103944778e-01
2.255907934159040451e-01
1.956810615956783295e-01
2.274149414151906967e-01
2.285525035113096237e-01
2.264860961586236954e-01
2.277009263634681702e-01
2.244719155132770538e-01
2.331582978367805481e-01
2.281025964766740799e-01
2.453683409839868546e-01
2.743732035160064697e-01
2.673235628753900528e-01
2.138246726244688034e-01
2.690548114478588104e-01
3.358088172972202301e-01
2.571382708847522736e-01
2.569170705974102020e-01
3.664074260741472244e-01
2.580992914736270905e-01
2.231831885874271393e-01
1.813510004431009293e-01
2.149287611246109009e-01
2.295913156121969223e-01
2.294609174132347107e-01
1.608403809368610382e-01
2.303182985633611679e-01
1.696600206196308136e-01
2.369871903210878372e-01
3.069758042693138123e-01
2.279112264513969421e-01
2.231156136840581894e-01
1.695957332849502563e-01
2.297333180904388428e-01
3.147032689303159714e-01
2.289512809365987778e-01
1.968804858624935150e-01
2.287457417696714401e-01
1.878738664090633392e-01
2.314914446324110031e-01
3.068955056369304657e-01
1.607972867786884308e-01
2.471689376980066299e-01
2.735034450888633728e-01
2.744090631604194641e-01
2.468654029071331024e-01
2.471513189375400543e-01
2.694198992103338242e-01
2.735880929976701736e-01
2.141899075359106064e-01
2.464475166052579880e-01
2.738559618592262268e-01
2.252473514527082443e-01
3.776914961636066437e-01
2.138564381748437881e-01
2.087269555777311325e-01
2.138409316539764404e-01
3.753199744969606400e-01
2.273295708000659943e-01
2.903320863842964172e-01
1.988690309226512909e-01
1.699801720678806305e-01
2.265398539602756500e-01
2.274264469742774963e-01
3.516871519386768341e-01
3.299157340079545975e-01
3.289174679666757584e-01
2.219389602541923523e-01
1.801539864391088486e-01
1.894345209002494812e-01
3.623390644788742065e-01
3.039594367146492004e-01
1.875578276813030243e-01
2.650723531842231750e-01
2.243628278374671936e-01
2.149719707667827606e-01
2.754275184124708176e-01
2.571752741932868958e-01
2.371631953865289688e-01
1.830628737807273865e-01
2.472021263092756271e-01
2.050076108425855637e-01
2.770491093397140503e-01
2.477123700082302094e-01
2.576250657439231873e-01
2.284249663352966309e-01
2.302249129861593246e-01
2.280703037977218628e-01
1.876110676676034927e-01
2.149200625717639923e-01
1.789190433919429779e-01
2.968410849571228027e-01
2.291626092046499252e-01
2.286424413323402405e-01
2.141308952122926712e-01
2.067542597651481628e-01
2.277549989521503448e-01
1.789279058575630188e-01
2.814693730324506760e-01
3.047161437571048737e-01
2.266048621386289597e-01
2.073537539690732956e-01
1.865933984518051147e-01
3.313401769846677780e-01
2.496852297335863113e-01
3.458835855126380920e-01
2.734056208282709122e-01
2.682160586118698120e-01
2.578857541084289551e-01
2.355993241071701050e-01
2.677417807281017303e-01
2.740393318235874176e-01
3.454717248678207397e-01
1.974871903657913208e-01
1.600524559617042542e-01
1.871858760714530945e-01
2.777507845312356949e-01
1.951378975063562393e-01
2.265898734331130981e-01
2.284364216029644012e-01
2.132788226008415222e-01
1.865251846611499786e-01
2.133433818817138672e-01
2.145955525338649750e-01
2.300235610455274582e-01
3.396386299282312393e-01
2.135004848241806030e-01
2.047539371997117996e-01
2.267116755247116089e-01
2.271658908575773239e-01
2.782791480422019958e-01
1.808622833341360092e-01
1.958102956414222717e-01
1.953395195305347443e-01
1.691419556736946106e-01
3.311956338584423065e-01
2.385103199630975723e-01
2.723941542208194733e-01
2.568090260028839111e-01
2.748975548893213272e-01
2.739592157304286957e-01
2.139114756137132645e-01
2.253755480051040649e-01
2.457163538783788681e-01
2.740466073155403137e-01
2.730738036334514618e-01
2.147155702114105225e-01
2.466740850359201431e-01
3.501578494906425476e-01
2.270197682082653046e-01
2.276312168687582016e-01
2.972076069563627243e-01
1.874629184603691101e-01
2.261024825274944305e-01
2.160844504833221436e-01
1.872072909027338028e-01
1.876739561557769775e-01
2.269587237387895584e-01
2.220100183039903641e-01
3.046069834381341934e-01
2.249712701886892319e-01
2.130566462874412537e-01
1.781978458166122437e-01
1.878178436309099197e-01
2.138280328363180161e-01
2.497765235602855682e-01
2.251471336930990219e-01
2.683854848146438599e-01
2.681199852377176285e-01
2.571565303951501846e-01
2.355218082666397095e-01
2.693030498921871185e-01
2.739741504192352295e-01
2.731208372861146927e-01
2.724069189280271530e-01
2.035631984472274780e-01
3.349517807364463806e-01
2.134289853274822235e-01
1.778767053037881851e-01
2.065205108374357224e-01
2.225401457399129868e-01
2.221122886985540390e-01
1.864852048456668854e-01
2.046555783599615097e-01
1.807750947773456573e-01
2.782069388777017593e-01
3.268765769898891449e-01
3.040610309690237045e-01
3.106198478490114212e-01
2.271036934107542038e-01
2.700760252773761749e-01
3.352407813072204590e-01
2.717923745512962341e-01
2.351843230426311493e-01
2.776583321392536163e-01
2.676636688411235809e-01
2.047548163682222366e-01
2.248907927423715591e-01
2.563060149550437927e-01
2.149992045015096664e-01
2.566483374685049057e-01
2.669366355985403061e-01
2.432482484728097916e-01
2.126861121505498886e-01
2.062380760908126831e-01
3.206521570682525635e-01
2.224311567842960358e-01
2.265322655439376831e-01
3.064312525093555450e-01
1.948156859725713730e-01
1.887642461806535721e-01
2.242283150553703308e-01
2.263094838708639145e-01
2.784488219767808914e-01
2.296881806105375290e-01
2.265918459743261337e-01
2.288327962160110474e-01
2.277789954096078873e-01
1.963105294853448868e-01
2.054195348173379898e-01
2.267968989908695221e-01
1.960084345191717148e-01
2.865003123879432678e-01
1.988321617245674133e-01
2.047054413706064224e-01
2.730164527893066406e-01
2.725687026977539062e-01
2.730992827564477921e-01
2.732257973402738571e-01
2.567760478705167770e-01
2.032825294882059097e-01
3.455351013690233231e-01
2.254384085536003113e-01
2.676401548087596893e-01
3.550892975181341171e-01
3.546954952180385590e-01
2.134174257516860962e-01
2.282167933881282806e-01
1.682173348963260651e-01
1.515903081744909286e-01
2.265537325292825699e-01
2.250303290784358978e-01
1.856711655855178833e-01
1.853153742849826813e-01
2.258821595460176468e-01
2.266372032463550568e-01
2.258755210787057877e-01
1.950988806784152985e-01
1.772695798426866531e-01
3.144664261490106583e-01
1.852940190583467484e-01
3.199737314134836197e-01
2.207330930978059769e-01
1.689078416675329208e-01
2.266682926565408707e-01
2.576646953821182251e-01
2.664573863148689270e-01
2.673030402511358261e-01
2.440709397196769714e-01
2.551801241934299469e-01
2.714339829981327057e-01
1.706932988017797470e-01
2.727122753858566284e-01
2.344720624387264252e-01
2.731764614582061768e-01
4.492156505584716797e-01
2.719280850142240524e-01
2.325916793197393417e-01
2.039593551307916641e-01
3.635805360972881317e-01
2.143902014940977097e-01
2.123624924570322037e-01
1.946763116866350174e-01
1.855523362755775452e-01
2.257422208786010742e-01
2.248905226588249207e-01
2.029040828347206116e-01
2.201338447630405426e-01
2.257890421897172928e-01
2.202647551894187927e-01
1.774691008031368256e-01
1.940382048487663269e-01
2.132437881082296371e-01
2.207693960517644882e-01
2.265947256237268448e-01
1.429014150053262711e-01
2.475207019597291946e-01
2.713965736329555511e-01
2.677303589880466461e-01
2.244391404092311859e-01
3.853169269859790802e-01
2.727972250431776047e-01
2.668939679861068726e-01
2.455252464860677719e-01
2.357169538736343384e-01
2.457146830856800079e-01
2.128312829881906509e-01
2.669794093817472458e-01
2.054891716688871384e-01
2.132435329258441925e-01
3.081220723688602448e-01
1.616692654788494110e-01
2.260594200342893600e-01
2.252229750156402588e-01
2.272360380738973618e-01
2.222114149481058121e-01
2.252396307885646820e-01
2.052338439971208572e-01
2.874999139457941055e-01
1.863640844821929932e-01
2.255128063261508942e-01
2.280661594122648239e-01
2.289494033902883530e-01
3.354253172874450684e-01
2.579735480248928070e-01
2.681822329759597778e-01
4.011758677661418915e-01
2.689575236290693283e-01
2.590345926582813263e-01
2.254613246768712997e-01
3.790287859737873077e-01
2.367825731635093689e-01
2.760032787919044495e-01
2.731594610959291458e-01
4.009577464312314987e-01
2.047079149633646011e-01
2.301736753433942795e-01
1.867415439337491989e-01
3.392859678715467453e-01
1.976692061871290207e-01
2.264669537544250488e-01
2.270966265350580215e-01
2.261513415724039078e-01
1.689737588167190552e-01
2.947839517146348953e-01
2.265067137777805328e-01
1.774319130927324295e-01
2.291082739830017090e-01
2.258967459201812744e-01
1.604578047990798950e-01
2.286027949303388596e-01
3.048605825752019882e-01
2.648560740053653717e-01
2.572298571467399597e-01
2.682883534580469131e-01
3.672722131013870239e-01
2.570502068847417831e-01
2.680254504084587097e-01
3.664510659873485565e-01
2.259515076875686646e-01
4.312080163508653641e-01
3.668990880250930786e-01
4.193439688533544540e-01
2.570138834416866302e-01
2.785993330180644989e-01
2.286499757319688797e-01
3.415710944682359695e-01
1.970518473535776138e-01
2.248727660626173019e-01
1.549384519457817078e-01
2.055542971938848495e-01
2.965168133378028870e-01
2.141108699142932892e-01
2.232912089675664902e-01
2.069979123771190643e-01
2.053239047527313232e-01
2.274667322635650635e-01
2.237964812666177750e-01
2.288395166397094727e-01
2.356682978570461273e-01
2.746407873928546906e-01
2.759955693036317825e-01
3.803309425711631775e-01
2.587682232260704041e-01
3.473191112279891968e-01
2.254774551838636398e-01
1.944446079432964325e-01
2.736470941454172134e-01
2.168533205986022949e-01
3.282156530767679214e-01
2.695901766419410706e-01
2.313306257128715515e-01
3.158856853842735291e-01
2.065920699387788773e-01
1.618298590183258057e-01
2.160319071263074875e-01
3.775671496987342834e-01
2.311557810753583908e-01
2.147295456379652023e-01
2.253461051732301712e-01
2.164859641343355179e-01
2.062890212982892990e-01
1.899006702005863190e-01
2.058329973369836807e-01
2.968133948743343353e-01
1.786134485155344009e-01
3.082539532333612442e-01
2.245397157967090607e-01
1.970665864646434784e-01
3.288656566292047501e-01
2.243197839707136154e-01
2.283914946019649506e-01
2.304358202964067459e-01
2.067479416728019714e-01
2.254426982253789902e-01
2.632529884576797485e-01
2.577966842800378799e-01
2.461909875273704529e-01
2.739718239754438400e-01
2.742011826485395432e-01
2.036669440567493439e-01
3.559902962297201157e-01
2.726168222725391388e-01
2.728639822453260422e-01
2.269431930035352707e-01
1.862332597374916077e-01
3.037457745522260666e-01
1.871649939566850662e-01
2.128900047391653061e-01
2.133678942918777466e-01
1.955210827291011810e-01
2.278878577053546906e-01
2.281236480921506882e-01
2.232159916311502457e-01
2.897434588521718979e-01
2.285816501826047897e-01
2.985525950789451599e-01
2.276350576430559158e-01
1.965619530528783798e-01
1.880238372832536697e-01
3.221172597259283066e-01
2.278330847620964050e-01
3.408376816660165787e-01
2.368122208863496780e-01
3.886147048324346542e-01
2.355096638202667236e-01
2.607428003102540970e-01
2.673682682216167450e-01
2.581515535712242126e-01
2.751237843185663223e-01
2.746391370892524719e-01
2.476354166865348816e-01
2.751961518079042435e-01
2.153119873255491257e-01
2.750420924276113510e-01
1.972027253359556198e-01
2.303824741393327713e-01
3.218822944909334183e-01
1.881619486957788467e-01
2.300344314426183701e-01
1.705469097942113876e-01
2.053261231631040573e-01
2.167101670056581497e-01
2.281077094376087189e-01
2.053762096911668777e-01
2.261326853185892105e-01
2.144622541964054108e-01
1.963502094149589539e-01
2.162781022489070892e-01
2.963594291359186172e-01
2.280693966895341873e-01
1.979981139302253723e-01
2.145655527710914612e-01
2.226805761456489563e-01
2.274841591715812683e-01
2.268532700836658478e-01
2.276765909045934677e-01
2.290730830281972885e-01
3.237684108316898346e-01
3.683325666934251785e-01
2.742962557822465897e-01
2.050768844783306122e-01
2.743568588048219681e-01
2.360985931009054184e-01
2.730754185467958450e-01
1.940775439143180847e-01
2.747977785766124725e-01
2.474398072808980942e-01
3.867128286510705948e-01
2.742882128804922104e-01
2.280699666589498520e-01
2.059929762035608292e-01
1.970898229628801346e-01
2.892175968736410141e-01
1.537571698427200317e-01
2.232033628970384598e-01
3.143267501145601273e-01
1.874492447823286057e-01
1.974359434098005295e-01
1.964685302227735519e-01
2.163241785019636154e-01
2.156903706490993500e-01
1.966221760958433151e-01
2.158342283219099045e-01
1.703857872635126114e-01
2.178707476705312729e-01
2.057316768914461136e-01
2.145773842930793762e-01
1.970356199890375137e-01
3.160454742610454559e-01
2.291273400187492371e-01
3.137764055281877518e-01
2.995857670903205872e-01
2.739707510918378830e-01
2.269013002514839172e-01
3.684288617223501205e-01
2.056617606431245804e-01
2.261428143829107285e-01
2.680649273097515106e-01
2.745401393622159958e-01
2.588680088520050049e-01
2.374949622899293900e-01
2.732217088341712952e-01
1.961871199309825897e-01
2.143483571708202362e-01
1.721690408885478973e-01
1.798480302095413208e-01
2.258577402681112289e-01
2.235045079141855240e-01
2.280523069202899933e-01
1.813863888382911682e-01
2.150720283389091492e-01
2.066222429275512695e-01
1.802035458385944366e-01
1.712645888328552246e-01
2.891195714473724365e-01
2.139237839728593826e-01
1.879104301333427429e-01
2.238386720418930054e-01
2.162135001271963120e-01
3.876715321093797684e-01
2.034764550626277924e-01
2.577413208782672882e-01
3.863384276628494263e-01
2.736797966063022614e-01
2.052459567785263062e-01
2.463523596525192261e-01
2.363437600433826447e-01
2.731630634516477585e-01
1.727121826261281967e-01
2.583980467170476913e-01
2.348684854805469513e-01
2.289064154028892517e-01
1.620782073587179184e-01
2.263869810849428177e-01
2.043426260352134705e-01
2.275136020034551620e-01
2.268383894115686417e-01
1.873007491230964661e-01
2.231211233884096146e-01
2.143242787569761276e-01
3.238696865737438202e-01
2.278666589409112930e-01
1.818323172628879547e-01
1.883802283555269241e-01
1.709024664014577866e-01
1.793411578983068466e-01
3.419661335647106171e-01
1.972620971500873566e-01
2.159835472702980042e-01
1.874025743454694748e-01
2.145782727748155594e-01
3.180390466004610062e-01
3.267847690731287003e-01
2.127582635730504990e-01
2.693716436624526978e-01
2.255875952541828156e-01
3.997875768691301346e-01
2.752695195376873016e-01
3.378270156681537628e-01
2.052837666124105453e-01
2.579759210348129272e-01
1.725664157420396805e-01
2.054624594748020172e-01
2.743036225438117981e-01
2.679304406046867371e-01
2.702345140278339386e-01
1.790734417736530304e-01
3.257093243300914764e-01
1.973044760525226593e-01
1.981838047504425049e-01
1.907191835343837738e-01
2.281193025410175323e-01
2.975739408284425735e-01
1.983145158737897873e-01
1.783377397805452347e-01
1.968159787356853485e-01
1.714158188551664352e-01
1.610970366746187210e-01
2.155894991010427475e-01
2.053527515381574631e-01
1.788827069103717804e-01
1.973778419196605682e-01
3.397658132016658783e-01
2.277911994606256485e-01
2.900725305080413818e-01
2.906313426792621613e-01
2.987513989210128784e-01
2.693137619644403458e-01
2.470773812383413315e-01
2.471097093075513840e-01
2.690795902162790298e-01
3.883072417229413986e-01
2.672461960464715958e-01
2.365696132183074951e-01
2.737669665366411209e-01
2.034122105687856674e-01
2.046378292143344879e-01
2.244255393743515015e-01
2.263695392757654190e-01
2.060817405581474304e-01
1.957101356238126755e-01
2.293404880911111832e-01
2.048201467841863632e-01
2.219871617853641510e-01
2.273850534111261368e-01
2.132245302200317383e-01
1.972450949251651764e-01
2.049989830702543259e-01
2.144864927977323532e-01
3.143610600382089615e-01
2.130997236818075180e-01
2.282759342342615128e-01
2.154298704117536545e-01
2.801271341741085052e-01
3.315114174038171768e-01
2.274296768009662628e-01
2.183437980711460114e-01
2.722253706306219101e-01
3.888516891747713089e-01
2.351678423583507538e-01
3.672908693552017212e-01
3.555818758904933929e-01
3.863730952143669128e-01
3.354274332523345947e-01
2.575777452439069748e-01
2.352627702057361603e-01
2.357710469514131546e-01
1.875264979898929596e-01
2.298254426568746567e-01
1.592636257410049438e-01
2.786994073539972305e-01
2.293252721428871155e-01
2.789386603981256485e-01
2.279488723725080490e-01
2.227006889879703522e-01
1.890470460057258606e-01
2.267730254679918289e-01
2.139908205717802048e-01
2.245428618043661118e-01
1.595896705985069275e-01
2.056287247687578201e-01
2.285393401980400085e-01
1.778679024428129196e-01
2.880923543125391006e-01
2.151788007467985153e-01
1.687118653208017349e-01
2.738691903650760651e-01
2.661873847246170044e-01
2.574734911322593689e-01
2.574115656316280365e-01
3.660526145249605179e-01
2.160227205604314804e-01
2.254027538001537323e-01
2.457976229488849640e-01
2.687060423195362091e-01
2.728594895452260971e-01
3.876110482960939407e-01
3.557490445673465729e-01
2.246698867529630661e-01
1.431257333606481552e-01
2.265145685523748398e-01
3.235783744603395462e-01
3.568955454975366592e-01
3.487251363694667816e-01
1.605722717940807343e-01
1.785064693540334702e-01
2.872016634792089462e-01
1.871935054659843445e-01
2.269705887883901596e-01
1.608564183115959167e-01
3.264022618532180786e-01
2.269679773598909378e-01
2.144454848021268845e-01
2.317680101841688156e-01
3.152569681406021118e-01
2.277036365121603012e-01
2.268914170563220978e-01
1.892151199281215668e-01
1.783703267574310303e-01
2.277178913354873657e-01
2.344583980739116669e-01
2.726819422096014023e-01
2.466155420988798141e-01
2.574157491326332092e-01
2.460983265191316605e-01
2.671514675021171570e-01
3.778423815965652466e-01
2.366011403501033783e-01
3.673608675599098206e-01
2.581616323441267014e-01
2.146172318607568741e-01
2.740302830934524536e-01
2.485002633184194565e-01
3.573344610631465912e-01
1.959121208637952805e-01
2.273159902542829514e-01
2.285043094307184219e-01
1.781870853155851364e-01
1.968403197824954987e-01
3.747186604887247086e-01
2.231244985014200211e-01
2.274461779743432999e-01
2.904330976307392120e-01
1.788267567753791809e-01
2.272742725908756256e-01
2.301745358854532242e-01
2.274692263454198837e-01
2.799345236271619797e-01
1.716224644333124161e-01
2.874753829091787338e-01
2.081272117793560028e-01
2.750233784317970276e-01
2.252366412431001663e-01
3.461356423795223236e-01
2.743014506995677948e-01
2.739879693835973740e-01
2.257858030498027802e-01
2.147418670356273651e-01
2.583494205027818680e-01
2.838182020932435989e-01
2.468754984438419342e-01
2.135245800018310547e-01
3.176713939756155014e-01
1.790082715451717377e-01
2.225644998252391815e-01
2.154335919767618179e-01
3.747517131268978119e-01
2.140765562653541565e-01
1.862321887165307999e-01
1.782784033566713333e-01
2.351436559110879898e-01
2.138018552213907242e-01
2.270119003951549530e-01
3.126081787049770355e-01
1.980685852468013763e-01
3.129557557404041290e-01
3.045581448823213577e-01
2.880306597799062729e-01
2.334237303584814072e-01
3.359445184469223022e-01
2.719466667622327805e-01
3.337025735527276993e-01
2.344299200922250748e-01
2.127029970288276672e-01
2.021097894757986069e-01
2.724316697567701340e-01
2.358518335968255997e-01
4.064918719232082367e-01
2.066519036889076233e-01
2.264583129435777664e-01
1.944464221596717834e-01
1.863466501235961914e-01
1.519626788794994354e-01
1.773740835487842560e-01
2.239650078117847443e-01
3.121176157146692276e-01
2.050641309469938278e-01
3.054242394864559174e-01
2.047444563359022141e-01
2.709878701716661453e-01
2.144677899777889252e-01
2.298394571989774704e-01
3.465906381607055664e-01
2.040715999901294708e-01
1.771213989704847336e-01
2.258711177855730057e-01
1.761022470891475677e-01
3.219591993838548660e-01
2.299426048994064331e-01
2.256038654595613480e-01
2.319425344467163086e-01
2.758269552141427994e-01
2.717777807265520096e-01
2.784417830407619476e-01
2.764688041061162949e-01
2.180323377251625061e-01
2.600833233445882797e-01
2.181756161153316498e-01
2.062294818460941315e-01
2.194083221256732941e-01
2.501299958676099777e-01
2.775881011039018631e-01
2.737900055944919586e-01
2.259159889072179794e-01
1.946120448410511017e-01
2.263651639223098755e-01
1.690306216478347778e-01
1.686660349369049072e-01
1.942069604992866516e-01
2.278231680393218994e-01
2.289546262472867966e-01
2.232458312064409256e-01
1.601369474083185196e-01
1.778351888060569763e-01
1.981157846748828888e-01
1.814795434474945068e-01
2.299112379550933838e-01
1.684753037989139557e-01
3.421091269701719284e-01
2.873604372143745422e-01
2.325328793376684189e-01
1.839687582105398178e-01
2.476930096745491028e-01
2.388854287564754486e-01
2.588872406631708145e-01
2.383130155503749847e-01
2.594375684857368469e-01
2.381703536957502365e-01
2.756628450006246567e-01
3.805976882576942444e-01
2.194374352693557739e-01
2.100070305168628693e-01
2.312665153294801712e-01
2.137731146067380905e-01
2.047764305025339127e-01
2.148929703980684280e-01
2.343952395021915436e-01
2.300715278834104538e-01
3.289666697382926941e-01
2.810901347547769547e-01
3.002347331494092941e-01
2.141961697489023209e-01
1.713054720312356949e-01
1.985527407377958298e-01
3.786983508616685867e-01
1.536128930747509003e-01
3.164448831230401993e-01
2.274949755519628525e-01
1.807895973324775696e-01
2.284405510872602463e-01
2.266769018024206161e-01
1.819178070873022079e-01
3.283595126122236252e-01
2.690621428191661835e-01
2.480769492685794830e-01
2.482600267976522446e-01
3.576339371502399445e-01
2.157149333506822586e-01
2.737008072435855865e-01
2.264453023672103882e-01
2.373808231204748154e-01
4.315242692828178406e-01
2.597240693867206573e-01
2.748296074569225311e-01
2.056100405752658844e-01
2.285866793245077133e-01
2.232988867908716202e-01
1.784131005406379700e-01
1.792873051017522812e-01
2.280722558498382568e-01
1.969228480011224747e-01
2.263836283236742020e-01
3.054358884692192078e-01
2.269873656332492828e-01
1.809631083160638809e-01
2.130982633680105209e-01
2.229621689766645432e-01
2.901917602866888046e-01
2.047878727316856384e-01
2.705495413392782211e-01
2.150451615452766418e-01
2.151653505861759186e-01
3.721238244324922562e-01
2.584801297634840012e-01
2.724067308008670807e-01
2.752834595739841461e-01
2.251695655286312103e-01
2.745158132165670395e-01
2.469826824963092804e-01
2.593105975538492203e-01
2.383544947952032089e-01
1.699790414422750473e-01
2.080772239714860916e-01
2.077578380703926086e-01
1.875362414866685867e-01
2.060090228915214539e-01
2.001745980232954025e-01
2.252351287752389908e-01
2.309563346207141876e-01
2.058720011264085770e-01
1.897740922868251801e-01
2.253391705453395844e-01
2.054434772580862045e-01
2.078115660697221756e-01
2.246121261268854141e-01
2.059252802282571793e-01
1.972445324063301086e-01
2.062932103872299194e-01
2.277999501675367355e-01
2.056352719664573669e-01
2.285002022981643677e-01
2.303244918584823608e-01
1.731566041707992554e-01
2.374001685529947281e-01
2.377908714115619659e-01
2.270766701549291611e-01
2.368045188486576080e-01
2.161336522549390793e-01
3.377183880656957626e-01
2.739370986819267273e-01
3.582256585359573364e-01
2.393398974090814590e-01
3.354495242238044739e-01
2.056485507637262344e-01
2.146249935030937195e-01
2.273958139121532440e-01
2.266879584640264511e-01
3.215214330703020096e-01
1.606732979416847229e-01
2.912633493542671204e-01
2.056089155375957489e-01
2.883761022239923477e-01
2.072032634168863297e-01
3.308276627212762833e-01
3.324238359928131104e-01
2.055114880204200745e-01
2.251248080283403397e-01
2.289074826985597610e-01
3.510623946785926819e-01
1.991973370313644409e-01
2.063906267285346985e-01
3.701271396130323410e-01
2.374011259526014328e-01
2.291208896785974503e-01
2.715216390788555145e-01
2.776553332805633545e-01
2.762494590133428574e-01
2.598672863095998764e-01
2.395424786955118179e-01
2.722626980394124985e-01
2.760241683572530746e-01
3.868953492492437363e-01
1.903891880065202713e-01
2.287278510630130768e-01
2.186648268252611160e-01
2.321206443011760712e-01
2.302715033292770386e-01
3.168340194970369339e-01
2.250828444957733154e-01
2.304457519203424454e-01
2.736276499927043915e-01
2.304675634950399399e-01
2.257552295923233032e-01
2.256905399262905121e-01
2.300168927758932114e-01
1.978855654597282410e-01
2.293327394872903824e-01
2.304269503802061081e-01
2.740854583680629730e-01
2.285570446401834488e-01
2.296635881066322327e-01
2.781717963516712189e-01
2.367167826741933823e-01
2.503649964928627014e-01
2.763099148869514465e-01
2.791049312800168991e-01
2.492212653160095215e-01
4.391828123480081558e-01
2.752159386873245239e-01
2.719237525016069412e-01
2.327025458216667175e-01
1.822804491966962814e-01
2.341330423951148987e-01
2.318000793457031250e-01
2.243384644389152527e-01
3.158493097871541977e-01
1.970925778150558472e-01
2.294132094830274582e-01
2.959357332438230515e-01
2.152765672653913498e-01
2.157751973718404770e-01
1.863415651023387909e-01
1.539115216583013535e-01
2.275786064565181732e-01
2.279451563954353333e-01
1.899493560194969177e-01
2.242139540612697601e-01
2.156117968261241913e-01
2.235343027859926224e-01
2.706334423273801804e-01
2.034329380840063095e-01
2.767593711614608765e-01
2.592550907284021378e-01
2.759789675474166870e-01
3.574539236724376678e-01
2.758605051785707474e-01
4.022701792418956757e-01
2.389685530215501785e-01
2.165951840579509735e-01
2.046052198857069016e-01
2.586952634155750275e-01
2.313060369342565536e-01
3.189391437917947769e-01
2.303520422428846359e-01
2.309600543230772018e-01
2.299983333796262741e-01
2.316573075950145721e-01
1.821130570024251938e-01
2.278931904584169388e-01
2.324027437716722488e-01
2.290765177458524704e-01
2.290692199021577835e-01
2.911483515053987503e-01
2.289611008018255234e-01
2.145666237920522690e-01
2.310985252261161804e-01
2.158682588487863541e-01
2.295599561184644699e-01
2.309007029980421066e-01
1.877597607672214508e-01
1.889231596142053604e-01
2.045707106590270996e-01
1.948055531829595566e-01
1.838322617113590240e-01
2.752280291169881821e-01
4.085301626473665237e-01
2.383872363716363907e-01
3.373748306185007095e-01
2.365641295909881592e-01
2.475921865552663803e-01
2.584410719573497772e-01
2.586326617747545242e-01
1.441107150167226791e-01
2.065386045724153519e-01
2.135787215083837509e-01
1.800914127379655838e-01
2.302509993314743042e-01
2.284099124372005463e-01
2.239306140691041946e-01
2.792656663805246353e-01
2.170979063957929611e-01
1.873963214457035065e-01
2.053120154887437820e-01
2.165492046624422073e-01
2.289038803428411484e-01
3.423643782734870911e-01
1.980450898408889771e-01
2.303434554487466812e-01
2.248145770281553268e-01
1.789909917861223221e-01
2.061161976307630539e-01
2.962842881679534912e-01
2.369175720959901810e-01
2.673472724854946136e-01
2.490166928619146347e-01
2.668558750301599503e-01
4.769373238086700439e-01
2.486023567616939545e-01
2.773871216922998428e-01
2.754150927066802979e-01
2.606516536325216293e-01
1.738724205642938614e-01
1.722214240580797195e-01
2.916293386369943619e-01
2.937679551541805267e-01
2.154089640825986862e-01
3.012082427740097046e-01
1.975341122597455978e-01
2.164852432906627655e-01
1.809055022895336151e-01
2.303868513554334641e-01
3.707528579980134964e-01
3.082743827253580093e-01
1.892654448747634888e-01
1.803214158862829208e-01
2.243869472295045853e-01
1.657229568809270859e-01
2.265612632036209106e-01
2.994322273880243301e-01
2.295647859573364258e-01
3.349886797368526459e-01
1.894722618162631989e-01
2.058477979153394699e-01
2.524295467883348465e-01
1.941913198679685593e-01
2.743404023349285126e-01
3.798715267330408096e-01
2.745800241827964783e-01
2.487575393170118332e-01
2.165400870144367218e-01
2.698818668723106384e-01
2.261270396411418915e-01
2.595836762338876724e-01
2.755765635520219803e-01
2.170800007879734039e-01
2.194991633296012878e-01
2.308255899697542191e-01
1.626298967748880386e-01
2.180347889661788940e-01
1.631391216069459915e-01
2.242503203451633453e-01
1.995641775429248810e-01
2.292975187301635742e-01
1.973249595612287521e-01
2.012078668922185898e-01
2.292878571897745132e-01
1.624681651592254639e-01
1.897256951779127121e-01
1.987964957952499390e-01
2.923560328781604767e-01
1.795744746923446655e-01
3.277846388518810272e-01
1.978728584945201874e-01
2.165621407330036163e-01
2.009550519287586212e-01
3.163525573909282684e-01
2.168142665177583694e-01
2.770658638328313828e-01
2.775576896965503693e-01
2.497919276356697083e-01
2.729654088616371155e-01
2.379817701876163483e-01
2.769960574805736542e-01
2.772415708750486374e-01
2.711194679141044617e-01
2.495509497821331024e-01
2.766710612922906876e-01
2.750351298600435257e-01
2.280841935425996780e-01
3.179671950638294220e-01
2.251236792653799057e-01
2.266269885003566742e-01
1.986585967242717743e-01
3.619112409651279449e-01
2.010644394904375076e-01
2.311787065118551254e-01
2.164554856717586517e-01
2.276540026068687439e-01
1.813996843993663788e-01
2.897890694439411163e-01
2.176016326993703842e-01
2.257665544748306274e-01
2.072490751743316650e-01
1.917780470103025436e-01
2.284285388886928558e-01
2.283325288444757462e-01
1.923317071050405502e-01
2.298900950700044632e-01
2.155045270919799805e-01
2.298691365867853165e-01
2.250007037073373795e-01
2.757794391363859177e-01
2.669991180300712585e-01
3.680878970772027969e-01
2.748689688742160797e-01
2.739314995706081390e-01
2.371326815336942673e-01
2.473378833383321762e-01
3.584942445158958435e-01
2.392862271517515182e-01
2.492618933320045471e-01
2.583323623985052109e-01
2.260843273252248764e-01
2.317603733390569687e-01
2.297677192836999893e-01
1.624176148325204849e-01
2.086194604635238647e-01
1.982282251119613647e-01
1.891989540308713913e-01
1.895231697708368301e-01
1.896682195365428925e-01
2.009479254484176636e-01
2.054732162505388260e-01
2.998992651700973511e-01
2.299255244433879852e-01
2.144010905176401138e-01
2.064926102757453918e-01
1.988999545574188232e-01
2.286089453846216202e-01
2.269329633563756943e-01
2.175435684621334076e-01
2.287820540368556976e-01
1.535903140902519226e-01
1.848960388451814651e-01
2.479731719940900803e-01
2.475000713020563126e-01
2.776977643370628357e-01
2.506243269890546799e-01
3.924181703478097916e-01
2.172565516084432602e-01
2.482945676892995834e-01
1.839914191514253616e-01
2.063336670398712158e-01
2.679368462413549423e-01
2.037937082350254059e-01
2.150617297738790512e-01
1.800919882953166962e-01
2.283904626965522766e-01
2.284429594874382019e-01
1.795587521046400070e-01
2.900236621499061584e-01
1.973331011831760406e-01
1.787772420793771744e-01
2.276807446032762527e-01
1.814715974032878876e-01
2.232527155429124832e-01
2.275788076221942902e-01
1.972732823342084885e-01
2.892714682966470718e-01
2.144739925861358643e-01
2.282407134771347046e-01
2.172596305608749390e-01
2.149627152830362320e-01
1.873952075839042664e-01
2.011281736195087433e-01
1.890239715576171875e-01
2.563859131187200546e-01
2.480588816106319427e-01
2.598842158913612366e-01
2.583309262990951538e-01
2.735270615667104721e-01
2.353864796459674835e-01
2.737623024731874466e-01
2.474064100533723831e-01
2.749663721770048141e-01
2.735176105052232742e-01
2.604465037584304810e-01
1.524802893400192261e-01
2.156282775104045868e-01
1.890631914138793945e-01
1.896181274205446243e-01
2.165662031620740891e-01
1.984482984989881516e-01
1.879257187247276306e-01
2.284293081611394882e-01
2.143258769065141678e-01
1.635475810617208481e-01
1.699746418744325638e-01
2.057237457484006882e-01
2.185059301555156708e-01
2.280886974185705185e-01
2.883659824728965759e-01
2.300729006528854370e-01
1.806595455855131149e-01
2.252027653157711029e-01
1.903750691562891006e-01
1.965237669646739960e-01
2.079323846846818924e-01
2.273377608507871628e-01
2.386199552565813065e-01
2.175194360315799713e-01
2.061939444392919540e-01
2.181431259959936142e-01
2.731499876827001572e-01
2.360219694674015045e-01
2.571444381028413773e-01
2.170639112591743469e-01
3.274345770478248596e-01
2.368896678090095520e-01
1.887338049709796906e-01
2.235814556479454041e-01
2.269092518836259842e-01
2.982693668454885483e-01
2.038641665130853653e-01
3.263477217406034470e-01
1.878636963665485382e-01
1.787692084908485413e-01
2.239060550928115845e-01
2.315325103700160980e-01
2.283050958067178726e-01
2.246319260448217392e-01
2.307174820452928543e-01
2.050722464919090271e-01
2.775643672794103622e-01
3.132779281586408615e-01
1.612904481589794159e-01
2.036708053201436996e-01
1.609312910586595535e-01
1.963033601641654968e-01
1.692953351885080338e-01
2.051401063799858093e-01
2.261565942317247391e-01
2.746109869331121445e-01
2.600470464676618576e-01
2.368586938828229904e-01
2.373927887529134750e-01
2.479995973408222198e-01
2.489760406315326691e-01
2.048833798617124557e-01
2.260075435042381287e-01
2.738385479897260666e-01
3.666358869522809982e-01
2.377358544617891312e-01
2.060301806777715683e-01
2.295933831483125687e-01
2.313757780939340591e-01
2.062575500458478928e-01
1.638429034501314163e-01
2.930680587887763977e-01
2.301733102649450302e-01
1.873759124428033829e-01
3.267599120736122131e-01
2.249119020998477936e-01
2.278514057397842407e-01
2.299108058214187622e-01
1.722187399864196777e-01
2.266502622514963150e-01
1.926360297948122025e-01
2.257206719368696213e-01
2.258195504546165466e-01
2.601835727691650391e-01
2.502057943493127823e-01
3.514884375035762787e-01
2.762098778039216995e-01
2.745760120451450348e-01
2.494618073105812073e-01
2.499617338180541992e-01
2.753555644303560257e-01
2.756066694855690002e-01
2.751321010291576385e-01
2.261406555771827698e-01
2.370827402919530869e-01
1.944786142557859421e-01
1.975238043814897537e-01
1.702354773879051208e-01
2.057061549276113510e-01
3.094177227467298508e-01
1.973784323781728745e-01
2.285225745290517807e-01
3.177584726363420486e-01
1.454063039273023605e-01
2.063739877194166183e-01
1.718448828905820847e-01
1.973323896527290344e-01
3.062085267156362534e-01
2.311749551445245743e-01
2.146534919738769531e-01
1.866117343306541443e-01
2.901602387428283691e-01
2.060969453305006027e-01
2.275334950536489487e-01
2.288883458822965622e-01
2.286238707602024078e-01
2.233375161886215210e-01
2.368118949234485626e-01
2.682826220989227295e-01
2.479897495359182358e-01
2.735591717064380646e-01
2.485669218003749847e-01
2.369581405073404312e-01
2.261727470904588699e-01
3.366155102849006653e-01
2.368851210922002792e-01
3.570131678134202957e-01
1.945243030786514282e-01
2.262948676943778992e-01
3.410180043429136276e-01
2.049199119210243225e-01
3.398273475468158722e-01
3.241581618785858154e-01
2.748922370374202728e-01
3.088351562619209290e-01
2.058132793754339218e-01
2.058877442032098770e-01
2.189539615064859390e-01
2.986239586025476456e-01
1.969169639050960541e-01
1.721612773835659027e-01
2.986327968537807465e-01
2.297322414815425873e-01
3.260023593902587891e-01
2.240172494202852249e-01
2.740830797702074051e-01
2.253953479230403900e-01
1.720281653106212616e-01
2.466977573931217194e-01
3.906228318810462952e-01
1.741565987467765808e-01
2.588281091302633286e-01
2.690419256687164307e-01
3.483972419053316116e-01
2.376940548419952393e-01
2.383843753486871719e-01
2.473751120269298553e-01
1.739160306751728058e-01
2.743400931358337402e-01
2.579929307103157043e-01
3.176897093653678894e-01
1.880595311522483826e-01
2.000083867460489273e-01
1.707377061247825623e-01
2.058415990322828293e-01
3.058596234768629074e-01
2.276850286871194839e-01
2.972395494580268860e-01
2.059974819421768188e-01
3.174101356416940689e-01
2.262094989418983459e-01
1.971847433596849442e-01
2.223548591136932373e-01
1.966239120811223984e-01
1.622888743877410889e-01
1.964436825364828110e-01
1.969482582062482834e-01
1.692235842347145081e-01
3.153784014284610748e-01
2.307443376630544662e-01
2.282836753875017166e-01
1.958054192364215851e-01
2.082577794790267944e-01
2.313068024814128876e-01
2.741640899330377579e-01
2.744577415287494659e-01
4.108598995953798294e-01
2.732376102358102798e-01
2.734684422612190247e-01
2.745062727481126785e-01
2.374318763613700867e-01
1.933765821158885956e-01
2.063627950847148895e-01
3.158572092652320862e-01
2.270469125360250473e-01
2.978390958160161972e-01
2.171768862754106522e-01
3.505110666155815125e-01
1.699772365391254425e-01
2.144942916929721832e-01
2.769025284796953201e-01
2.300142981112003326e-01
2.262195739895105362e-01
1.970864757895469666e-01
2.272575460374355316e-01
2.964945621788501740e-01
3.415925856679677963e-01
2.286063451319932938e-01
2.653233781456947327e-01
2.259168364107608795e-01
1.831018384546041489e-01
1.727659758180379868e-01
1.835073940455913544e-01
2.044179495424032211e-01
2.379275653511285782e-01
2.246801331639289856e-01
2.477847505360841751e-01
1.933189257979393005e-01
2.132074814289808273e-01
4.605393689125776291e-01
2.075496297329664230e-01
2.057898920029401779e-01
2.268904000520706177e-01
2.287268266081809998e-01
1.951496116816997528e-01
2.274306565523147583e-01
2.264573611319065094e-01
2.292241696268320084e-01
1.954924874007701874e-01
2.056664973497390747e-01
2.041907720267772675e-01
3.304101601243019104e-01
2.129488121718168259e-01
1.689735278487205505e-01
2.262805383652448654e-01
3.493747711181640625e-01
2.262498103082180023e-01
1.865624599158763885e-01
2.563402634114027023e-01
3.461847808212041855e-01
3.981279972940683365e-01
2.465462889522314072e-01
2.574181072413921356e-01
2.571293637156486511e-01
2.681567817926406860e-01
3.442800827324390411e-01
3.458749949932098389e-01
2.683708630502223969e-01
2.569680195301771164e-01
2.059057652950286865e-01
1.870311014354228973e-01
2.271541226655244827e-01
1.772544179111719131e-01
1.693965438753366470e-01
1.862394772469997406e-01
2.044195458292961121e-01
2.049337141215801239e-01
2.972869686782360077e-01
1.962095126509666443e-01
2.277918998152017593e-01
2.262001018971204758e-01
3.404687140136957169e-01
2.272330075502395630e-01
2.265182770788669586e-01
2.071950342506170273e-01
2.283773142844438553e-01
2.284884564578533173e-01
3.216932360082864761e-01
3.648622408509254456e-01
4.087333958595991135e-01
2.731768228113651276e-01
2.249969411641359329e-01
3.556580897420644760e-01
2.464238703250885010e-01
2.461765408515930176e-01
2.355224750936031342e-01
2.375503964722156525e-01
3.773213513195514679e-01
2.140906155109405518e-01
2.278951480984687805e-01
2.233369760215282440e-01
2.240682542324066162e-01
1.975547578185796738e-01
2.274712268263101578e-01
3.075827751308679581e-01
2.880005892366170883e-01
1.603804193437099457e-01
2.289058119058609009e-01
3.239222485572099686e-01
2.270353399217128754e-01
1.815592255443334579e-01
1.433913540095090866e-01
1.967291235923767090e-01
2.800413332879543304e-01
2.285488080233335495e-01
2.274796795099973679e-01
2.238476835191249847e-01
2.267420496791601181e-01
1.698502991348505020e-01
1.890730634331703186e-01
3.042121138423681259e-01
3.046748321503400803e-01
2.700467221438884735e-01
2.726168576627969742e-01
2.471954189240932465e-01
2.146582659333944321e-01
2.752918526530265808e-01
4.288648981600999832e-01
2.342122178524732590e-01
1.936825960874557495e-01
3.986480869352817535e-01
2.724129948765039444e-01
3.349117245525121689e-01
2.141781784594058990e-01
2.252067383378744125e-01
1.867295540869235992e-01
2.858022376894950867e-01
3.396856039762496948e-01
2.878457251936197281e-01
1.978523824363946915e-01
3.055100049823522568e-01
2.137253042310476303e-01
2.245166748762130737e-01
1.951043549925088882e-01
2.221022173762321472e-01
3.594722654670476913e-01
3.055742084980010986e-01
2.143676243722438812e-01
2.284380942583084106e-01
2.269670329988002777e-01
1.790107358247041702e-01
1.986566688865423203e-01
1.871860940009355545e-01
2.240841891616582870e-01
2.165594287216663361e-01
2.738708797842264175e-01
2.686014641076326370e-01
2.595622539520263672e-01
2.756319604814052582e-01
2.459094412624835968e-01
3.766499478369951248e-01
2.452909890562295914e-01
3.778185434639453888e-01
2.356672547757625580e-01
2.470325771719217300e-01
3.456575330346822739e-01
2.223275434225797653e-01
2.275273334234952927e-01
1.957344785332679749e-01
1.607830673456192017e-01
2.265506852418184280e-01
1.880343556404113770e-01
2.032578792423009872e-01
2.130196467041969299e-01
2.146816104650497437e-01
1.860284935683012009e-01
1.689970865845680237e-01
2.152832951396703720e-01
1.861376706510782242e-01
2.955226022750139236e-01
1.987968180328607559e-01
1.862524095922708511e-01
2.264965139329433441e-01
1.812394373118877411e-01
1.970872152596712112e-01
2.731409352272748947e-01
2.727665342390537262e-01
2.566299252212047577e-01
2.361814770847558975e-01
3.552331030368804932e-01
2.350221350789070129e-01
2.244445271790027618e-01
2.244341988116502762e-01
3.457798603922128677e-01
2.237518392503261566e-01
2.345548328012228012e-01
3.178798407316207886e-01
1.601286847144365311e-01
2.261763699352741241e-01
2.044118829071521759e-01
2.220320813357830048e-01
1.777293439954519272e-01
2.153945360332727432e-01
1.696351915597915649e-01
1.511975731700658798e-01
2.265687547624111176e-01
1.875026784837245941e-01
2.220268547534942627e-01
2.239078637212514877e-01
1.703672092407941818e-01
2.233775779604911804e-01
3.148033581674098969e-01
2.244736868888139725e-01
2.139886207878589630e-01
2.360212560743093491e-01
3.978592399507761002e-01
1.838478483259677887e-01
2.689514867961406708e-01
3.263206519186496735e-01
2.037101127207279205e-01
2.735713627189397812e-01
2.348210811614990234e-01
2.026103120297193527e-01
2.579035516828298569e-01
2.465089410543441772e-01
2.730684839189052582e-01
1.779156234115362167e-01
3.230621200054883957e-01
3.145952839404344559e-01
2.221138793975114822e-01
2.129972334951162338e-01
1.977673936635255814e-01
2.051911428570747375e-01
1.948025226593017578e-01
3.035548515617847443e-01
2.275343015789985657e-01
2.948646210134029388e-01
2.291151434183120728e-01
1.781252771615982056e-01
2.138953395187854767e-01
2.301094289869070053e-01
2.211949508637189865e-01
2.050371207296848297e-01
1.787013933062553406e-01
1.829608213156461716e-01
1.927969194948673248e-01
2.687628809362649918e-01
3.556286040693521500e-01
3.862855117768049240e-01
3.250468969345092773e-01
3.452413417398929596e-01
2.729559689760208130e-01
2.562535908073186874e-01
3.766526430845260620e-01
3.736158609390258789e-01
1.775216516107320786e-01
1.781260315328836441e-01
2.269734255969524384e-01
2.272365037351846695e-01
1.689542867243289948e-01
1.427023094147443771e-01
2.226906269788742065e-01
3.582358229905366898e-01
1.956676561385393143e-01
1.604148279875516891e-01
3.408538307994604111e-01
2.270972002297639847e-01
2.064996827393770218e-01
1.792151723057031631e-01
1.778366025537252426e-01
2.163242977112531662e-01
2.266006115823984146e-01
1.683425046503543854e-01
1.705198399722576141e-01
3.138318806886672974e-01
2.703878935426473618e-01
1.704990956932306290e-01
2.153464909642934799e-01
2.651011478155851364e-01
2.731814682483673096e-01
2.246132176369428635e-01
2.141897119581699371e-01
2.034034673124551773e-01
2.726640235632658005e-01
2.575994990766048431e-01
1.715206280350685120e-01
2.601377442479133606e-01
3.874057009816169739e-01
2.353773377835750580e-01
2.474777288734912872e-01
2.270803600549697876e-01
1.513417754322290421e-01
1.878399457782506943e-01
2.195149753242731094e-01
2.226005550473928452e-01
2.905548382550477982e-01
2.268725335597991943e-01
2.043666187673807144e-01
2.287996988743543625e-01
2.236575745046138763e-01
2.227469570934772491e-01
1.630380339920520782e-01
2.794642839580774307e-01
1.608750466257333755e-01
1.610783543437719345e-01
1.956727989017963409e-01
2.262658011168241501e-01
2.889628503471612930e-01
1.693921573460102081e-01
3.484516516327857971e-01
2.048927489668130875e-01
2.720024045556783676e-01
2.144029345363378525e-01
2.732552792876958847e-01
2.364365383982658386e-01
2.347868643701076508e-01
2.044787351042032242e-01
2.146421466022729874e-01
2.730290740728378296e-01
3.354111015796661377e-01
2.304345630109310150e-01
1.345323231071233749e-01
2.811845168471336365e-01
2.237348891794681549e-01
2.132601179182529449e-01
1.782492678612470627e-01
2.238975446671247482e-01
1.773266661912202835e-01
2.299364656209945679e-01
2.125458419322967529e-01
2.061779610812664032e-01
2.290018014609813690e-01
2.161177359521389008e-01
2.135858219116926193e-01
1.962957475334405899e-01
1.862600389868021011e-01
2.277677264064550400e-01
2.272189147770404816e-01
2.962380945682525635e-01
1.972585637122392654e-01
1.949989702552556992e-01
2.787631228566169739e-01
2.671069502830505371e-01
2.452860884368419647e-01
2.738757114857435226e-01
2.721237018704414368e-01
3.346327543258666992e-01
2.732917275279760361e-01
2.452756967395544052e-01
2.041020542383193970e-01
3.559675663709640503e-01
2.737434301525354385e-01
3.563313782215118408e-01
1.966879945248365402e-01
2.229004763066768646e-01
2.258888278156518936e-01
2.244903072714805603e-01
3.740760870277881622e-01
2.264220789074897766e-01
2.781308088451623917e-01
2.295814193785190582e-01
2.264499235898256302e-01
1.601799707859754562e-01
2.066445015370845795e-01
2.274223789572715759e-01
2.131999544799327850e-01
1.692216563969850540e-01
2.133537977933883667e-01
2.150728423148393631e-01
1.865271553397178650e-01
3.222688194364309311e-01
3.307879082858562469e-01
3.421060480177402496e-01
2.358388397842645645e-01
2.149974387139081955e-01
2.568329386413097382e-01
2.250699065625667572e-01
3.250583112239837646e-01
2.356684766709804535e-01
2.139341905713081360e-01
3.868299983441829681e-01
3.562293238937854767e-01
2.729000207036733627e-01
2.276655007153749466e-01
2.267001364380121231e-01
2.303402852267026901e-01
1.873981039971113205e-01
2.041728906333446503e-01
1.607756856828927994e-01
1.872884389013051987e-01
1.878314949572086334e-01
1.797822602093219757e-01
3.042835276573896408e-01
2.269828747957944870e-01
2.281930185854434967e-01
3.127726092934608459e-01
2.268583718687295914e-01
2.268213815987110138e-01
1.514225695282220840e-01
2.072356194257736206e-01
3.051205724477767944e-01
2.049370333552360535e-01
2.726318910717964172e-01
2.675725705921649933e-01
2.042977679520845413e-01
2.463013175874948502e-01
1.923589408397674561e-01
2.352872136980295181e-01
2.565288152545690536e-01
3.981218505650758743e-01
2.566649131476879120e-01
2.149423584342002869e-01
2.754972763359546661e-01
1.824497357010841370e-01
2.263975534588098526e-01
1.540552973747253418e-01
1.961376313120126724e-01
1.437935773283243179e-01
1.962040178477764130e-01
2.788187824189662933e-01
1.972755491733551025e-01
2.261068169027566910e-01
2.040873933583498001e-01
1.541482470929622650e-01
2.784171570092439651e-01
1.958133503794670105e-01
1.971089038997888565e-01
1.956209782510995865e-01
1.878167334944009781e-01
1.975472401827573776e-01
2.228608503937721252e-01
1.870845388621091843e-01
2.136176638305187225e-01
2.680015657097101212e-01
2.730210330337285995e-01
2.473419830203056335e-01
2.035734467208385468e-01
2.742664907127618790e-01
1.943129561841487885e-01
2.725608814507722855e-01
2.456558514386415482e-01
4.425041768699884415e-01
2.733754999935626984e-01
3.110160790383815765e-01
2.266933247447013855e-01
3.079413045197725296e-01
1.513173263520002365e-01
2.037939634174108505e-01
2.289868611842393875e-01
1.955343224108219147e-01
2.044189497828483582e-01
1.782963760197162628e-01
2.260779980570077896e-01
2.263306081295013428e-01
2.204252947121858597e-01
2.780751753598451614e-01
2.267471235245466232e-01
2.154492046684026718e-01
2.135593406856060028e-01
3.137384131550788879e-01
2.053784020245075226e-01
3.398994635790586472e-01
3.057847917079925537e-01
3.976882211863994598e-01
2.727136481553316116e-01
3.357833642512559891e-01
3.772055134177207947e-01
2.680657599121332169e-01
3.766462095081806183e-01
3.980684746056795120e-01
2.565464228391647339e-01
1.937902085483074188e-01
2.060279566794633865e-01
1.926245354115962982e-01
2.274139802902936935e-01
1.784579530358314514e-01
2.306088861078023911e-01
1.962808761745691299e-01
2.296612225472927094e-01
2.287044320255517960e-01
3.313887976109981537e-01
2.051295228302478790e-01
2.361703030765056610e-01
2.049959115684032440e-01
1.603963579982519150e-01
3.068154677748680115e-01
2.047956027090549469e-01
1.874277386814355850e-01
3.065182697027921677e-01
2.773198001086711884e-01
2.260028515011072159e-01
2.671742103993892670e-01
3.656225297600030899e-01
2.722443193197250366e-01
2.249918505549430847e-01
2.720232829451560974e-01
2.729499023407697678e-01
3.859163504093885422e-01
2.564657106995582581e-01
4.070532340556383133e-01
3.547306563705205917e-01
2.347545064985752106e-01
2.218124568462371826e-01
2.282660063356161118e-01
2.951907794922590256e-01
1.956585757434368134e-01
3.319570980966091156e-01
1.876007560640573502e-01
2.042635995894670486e-01
3.551874551922082901e-01
2.280099261552095413e-01
1.868800316005945206e-01
2.063465770334005356e-01
1.868946012109518051e-01
2.221046313643455505e-01
2.950699087232351303e-01
2.141131740063428879e-01
2.135168109089136124e-01
1.347728557884693146e-01
3.137014936655759811e-01
2.051450647413730621e-01
2.276787254959344864e-01
3.253160659223794937e-01
1.957565620541572571e-01
2.732323538511991501e-01
2.365905866026878357e-01
2.682916298508644104e-01
2.692691273987293243e-01
2.574008703231811523e-01
2.352406866848468781e-01
2.576839793473482132e-01
4.206056818366050720e-01
2.736150454729795456e-01
2.667874768376350403e-01
2.270609140396118164e-01
3.078879080712795258e-01
1.962337736040353775e-01
2.264946307986974716e-01
3.151664249598979950e-01
3.236472234129905701e-01
1.521091815084218979e-01
2.874594833701848984e-01
1.694296598434448242e-01
1.525561194866895676e-01
2.142781391739845276e-01
2.135163806378841400e-01
2.045464757829904556e-01
2.154842019081115723e-01
2.229224685579538345e-01
2.359023671597242355e-01
2.745280638337135315e-01
2.741153612732887268e-01
2.370873503386974335e-01
2.356181498616933823e-01
2.568240035325288773e-01
2.731341663748025894e-01
3.866929374635219574e-01
2.573417611420154572e-01
2.720816824585199356e-01
2.350655850023031235e-01
2.727959379553794861e-01
2.281414754688739777e-01
1.871664673089981079e-01
2.271259389817714691e-01
1.715599466115236282e-01
2.272582128643989563e-01
2.134909089654684067e-01
2.895333990454673767e-01
2.229509763419628143e-01
1.768721267580986023e-01
2.217871975153684616e-01
3.310303743928670883e-01
2.226726990193128586e-01
2.302755676209926605e-01
1.778929326683282852e-01
2.969912923872470856e-01
2.443205211311578751e-01
2.146424725651741028e-01
2.731332052499055862e-01
1.922111287713050842e-01
2.141999695450067520e-01
2.564757429063320160e-01
2.142296917736530304e-01
2.036816794425249100e-01
2.735295742750167847e-01
3.673918675631284714e-01
2.139596957713365555e-01
2.028975337743759155e-01
2.138009089976549149e-01
1.722592767328023911e-01
1.872186176478862762e-01
1.788150705397129059e-01
2.799894567579030991e-01
2.878356445580720901e-01
1.611061673611402512e-01
2.224018611013889313e-01
2.141017187386751175e-01
1.957924049347639084e-01
3.159525413066148758e-01
2.051090206950902939e-01
2.050075419247150421e-01
2.292237877845764160e-01
2.138652112334966660e-01
2.274287082254886627e-01
1.777174603193998337e-01
2.048867046833038330e-01
1.779519133269786835e-01
2.141223009675741196e-01
2.881437037140130997e-01
2.231242768466472626e-01
2.306618764996528625e-01
2.357903346419334412e-01
2.735252752900123596e-01
2.163715176284313202e-01
2.464242447167634964e-01
3.664237130433320999e-01
2.256186362355947495e-01
2.727080360054969788e-01
3.783947099000215530e-01
2.733959686011075974e-01
2.248815745115280151e-01
3.875251319259405136e-01
2.693744953721761703e-01
2.265245001763105392e-01
2.287527713924646378e-01
2.139376569539308548e-01
1.791273001581430435e-01
2.230039667338132858e-01
3.128114435821771622e-01
1.894225627183914185e-01
2.271933443844318390e-01
2.061467375606298447e-01
1.801055055111646652e-01
1.867546420544385910e-01
3.665075115859508514e-01
2.276457678526639938e-01
2.054184060543775558e-01
2.272074669599533081e-01
3.051633965224027634e-01
2.246963139623403549e-01
3.763417303562164307e-01
2.453918494284152985e-01
3.352710101753473282e-01
2.248178049921989441e-01
3.657608311623334885e-01
2.460829000920057297e-01
1.927976422011852264e-01
2.136218585073947906e-01
2.470922246575355530e-01
2.253648582845926285e-01
1.819616351276636124e-01
2.352345883846282959e-01
3.143336735665798187e-01
2.139537855982780457e-01
1.789012420922517776e-01
1.786946803331375122e-01
2.272788379341363907e-01
2.059510871767997742e-01
2.046366427093744278e-01
2.286063730716705322e-01
3.158209696412086487e-01
2.143226321786642075e-01
1.733599063009023666e-01
2.133856546133756638e-01
1.880807355046272278e-01
2.158487755805253983e-01
3.614756297320127487e-01
2.228533234447240829e-01
1.975802127271890640e-01
2.681359723210334778e-01
2.675965782254934311e-01
2.572116255760192871e-01
2.257549781352281570e-01
2.576766628772020340e-01
3.975593838840723038e-01
2.247823867946863174e-01
2.141077127307653427e-01
2.354302722960710526e-01
2.463846262544393539e-01
2.734897714108228683e-01
2.088420055806636810e-01
1.610824707895517349e-01
2.170107513666152954e-01
1.953865308314561844e-01
2.044249437749385834e-01
1.986795626580715179e-01
1.790914442390203476e-01
2.297666892409324646e-01
2.267227899283170700e-01
3.372024223208427429e-01
3.167632296681404114e-01
1.884440407156944275e-01
3.532666303217411041e-01
1.875012312084436417e-01
2.589612267911434174e-01
2.745794933289289474e-01
2.702493518590927124e-01
2.727864068001508713e-01
1.946250144392251968e-01
3.465619161725044250e-01
2.376214116811752319e-01
3.669373653829097748e-01
2.372671552002429962e-01
1.930695865303277969e-01
2.370415274053812027e-01
2.126012705266475677e-01
2.226074356585741043e-01
1.873266510665416718e-01
2.970993313938379288e-01
3.226042315363883972e-01
3.151677474379539490e-01
2.710427027195692062e-01
1.874501910060644150e-01
1.876473315060138702e-01
1.559360660612583160e-01
1.699765436351299286e-01
2.133705262094736099e-01
2.265940234065055847e-01
2.247482985258102417e-01
2.273676209151744843e-01
1.706970110535621643e-01
2.232264801859855652e-01
3.410073257982730865e-01
1.517344098538160324e-01
2.279273178428411484e-01
2.138022594153881073e-01
2.221814636141061783e-01
2.288343459367752075e-01
2.647165283560752869e-01
2.467253636568784714e-01
2.249615024775266647e-01
2.586525771766901016e-01
4.072704929858446121e-01
3.662740271538496017e-01
2.360676098614931107e-01
4.078869633376598358e-01
2.571576554328203201e-01
2.727627642452716827e-01
2.739136740565299988e-01
2.062237821519374847e-01
1.880554128438234329e-01
2.872570361942052841e-01
2.895445972681045532e-01
3.228545766323804855e-01
1.610571816563606262e-01
2.247862201184034348e-01
2.261382434517145157e-01
1.972524039447307587e-01
1.424835436046123505e-01
2.113055903464555740e-01
2.129969112575054169e-01
1.431121509522199631e-01
1.882254555821418762e-01
2.279525715857744217e-01
1.954149901866912842e-01
1.689732149243354797e-01
1.617371365427970886e-01
2.428594622761011124e-01
2.185346782207489014e-01
2.138190399855375290e-01
2.248769681900739670e-01
2.348121330142021179e-01
2.462194599211215973e-01
2.457549571990966797e-01
2.565397284924983978e-01
2.242784686386585236e-01
2.248533461242914200e-01
2.676426004618406296e-01
1.827707905322313309e-01
2.574711963534355164e-01
2.781837228685617447e-01
2.125302162021398544e-01
1.948093157261610031e-01
2.262870594859123230e-01
1.885408330708742142e-01
2.054270729422569275e-01
2.269627489149570465e-01
2.244629133492708206e-01
2.141523379832506180e-01
1.603318024426698685e-01
3.407028317451477051e-01
2.213591039180755615e-01
2.044428233057260513e-01
1.888494901359081268e-01
2.143971640616655350e-01
1.956273820251226425e-01
2.968345358967781067e-01
2.220854405313730240e-01
1.778038367629051208e-01
1.872155144810676575e-01
1.600017957389354706e-01
2.599973920732736588e-01
2.049669548869132996e-01
2.465597800910472870e-01
2.359300237149000168e-01
2.729679960757493973e-01
2.734181825071573257e-01
2.267526015639305115e-01
2.727531287819147110e-01
2.730239424854516983e-01
2.734492477029561996e-01
2.355585116893053055e-01
3.869942612946033478e-01
3.016204945743083954e-01
2.267652098089456558e-01
3.240267839282751083e-01
3.826912436634302139e-01
2.133392449468374252e-01
2.059308029711246490e-01
1.695402208715677261e-01
1.784398052841424942e-01
2.152334768325090408e-01
1.865562647581100464e-01
2.874367740005254745e-01
2.282115500420331955e-01
2.050671484321355820e-01
2.260885965079069138e-01
2.291130498051643372e-01
1.962553411722183228e-01
2.274475209414958954e-01
2.465049196034669876e-01
2.133197132498025894e-01
2.363077048212289810e-01
2.678845822811126709e-01
2.150328531861305237e-01
2.353433165699243546e-01
3.662781175225973129e-01
2.729916423559188843e-01
2.577606569975614548e-01
2.248564604669809341e-01
2.739541530609130859e-01
2.729613780975341797e-01
1.960184704512357712e-01
2.146987859159708023e-01
2.305975779891014099e-01
2.272881884127855301e-01
2.294913604855537415e-01
1.884496435523033142e-01
1.869636736810207367e-01
1.990282684564590454e-01
2.134500406682491302e-01
3.050530087202787399e-01
1.968766730278730392e-01
2.967669405043125153e-01
2.058345489203929901e-01
1.899037230759859085e-01
2.260914649814367294e-01
2.144962809979915619e-01
2.254934664815664291e-01
1.803320422768592834e-01
2.290094867348670959e-01
3.568739909678697586e-01
1.950754839926958084e-01
2.153770457953214645e-01
2.364275660365819931e-01
3.671260979026556015e-01
2.733525820076465607e-01
2.150652632117271423e-01
3.472445327788591385e-01
2.735282834619283676e-01
2.039203997701406479e-01
2.358626145869493484e-01
3.222662266343832016e-01
2.269531339406967163e-01
1.881861481815576553e-01
2.796106413006782532e-01
3.136895522475242615e-01
2.821835651993751526e-01
2.272181808948516846e-01
2.284820619970560074e-01
2.051623519510030746e-01
1.712309401482343674e-01
2.983066886663436890e-01
2.987024039030075073e-01
2.881645895540714264e-01
2.270587626844644547e-01
1.372195761650800705e-01
2.273802626878023148e-01
1.692777425050735474e-01
2.064755223691463470e-01
3.035621717572212219e-01
2.274482753127813339e-01
1.798687204718589783e-01
1.957845315337181091e-01
2.469590082764625549e-01
2.040542550384998322e-01
2.039056196808815002e-01
2.144178468734025955e-01
2.576470188796520233e-01
2.736435607075691223e-01
2.578671053051948547e-01
2.459179684519767761e-01
3.357878141105175018e-01
2.141351886093616486e-01
2.147468812763690948e-01
3.125448077917098999e-01
1.876381151378154755e-01
2.906138990074396133e-01
1.951808352023363113e-01
2.225328609347343445e-01
2.862685434520244598e-01
2.267576213926076889e-01
2.268083877861499786e-01
2.890108916908502579e-01
1.602494344115257263e-01
2.138459011912345886e-01
2.062901705503463745e-01
1.690856125205755234e-01
2.780854143202304840e-01
2.147124893963336945e-01
1.960990335792303085e-01
1.861436851322650909e-01
2.287290915846824646e-01
3.058163207024335861e-01
3.214055616408586502e-01
2.869281154125928879e-01
3.368650618940591812e-01
3.652271032333374023e-01
2.346150744706392288e-01
2.724848892539739609e-01
2.138206325471401215e-01
2.579804323613643646e-01
2.729842811822891235e-01
2.684237100183963776e-01
1.922270245850086212e-01
2.502114791423082352e-01
2.052405849099159241e-01
2.273424547165632248e-01
1.975295394659042358e-01
2.273811493068933487e-01
1.693274192512035370e-01
1.903164647519588470e-01
1.706075388938188553e-01
2.046206519007682800e-01
2.275996096432209015e-01
2.259879205375909805e-01
3.299918677657842636e-01
2.295982297509908676e-01
2.047385536134243011e-01
2.143265828490257263e-01
2.791938222944736481e-01
3.288682382553815842e-01
1.779976002871990204e-01
2.723108045756816864e-01
2.566063757985830307e-01
2.730391714721918106e-01
2.464459687471389771e-01
2.718427814543247223e-01
2.579045016318559647e-01
2.462884820997714996e-01
2.459801621735095978e-01
4.289387576282024384e-01
4.290471393615007401e-01
2.726223915815353394e-01
2.874418776482343674e-01
1.870340313762426376e-01
2.130980920046567917e-01
2.046672943979501724e-01
1.878407783806324005e-01
2.131037861108779907e-01
3.127325810492038727e-01
2.060881257057189941e-01
2.874634526669979095e-01
1.961246766149997711e-01
3.153417222201824188e-01
2.270225659012794495e-01
1.608788613229990005e-01
2.808338105678558350e-01
1.598420292139053345e-01
2.275545708835124969e-01
2.046449352055788040e-01
2.180495858192443848e-01
3.654077723622322083e-01
2.713714912533760071e-01
3.459788803011178970e-01
3.555397000163793564e-01
2.670475561171770096e-01
2.456271797418594360e-01
2.250414155423641205e-01
2.349240183830261230e-01
3.373086210340261459e-01
2.732513267546892166e-01
3.653541728854179382e-01
1.775020118802785873e-01
1.606358550488948822e-01
2.042823396623134613e-01
1.610089857131242752e-01
1.972906291484832764e-01
1.904603242874145508e-01
2.279876973479986191e-01
1.955985128879547119e-01
2.240585330873727798e-01
1.968784332275390625e-01
1.951823402196168900e-01
2.301635202020406723e-01
1.966780778020620346e-01
2.217092942446470261e-01
2.163736876100301743e-01
1.778844576328992844e-01
2.278551217168569565e-01
1.712808553129434586e-01
1.872979253530502319e-01
2.223974168300628662e-01
3.335234094411134720e-01
2.270892933011054993e-01
2.741494085639715195e-01
1.925546061247587204e-01
3.458005860447883606e-01
2.726525217294692993e-01
2.348351646214723587e-01
4.195760935544967651e-01
2.035389058291912079e-01
2.461400609463453293e-01
2.570343818515539169e-01
2.353858035057783127e-01
3.441911321133375168e-01
2.310610935091972351e-01
1.686119567602872849e-01
2.067518550902605057e-01
2.052795011550188065e-01
2.235637046396732330e-01
2.049979325383901596e-01
1.869390886276960373e-01
2.295968644320964813e-01
2.967876587063074112e-01
1.771720275282859802e-01
1.956165786832571030e-01
1.953062843531370163e-01
1.779374890029430389e-01
2.227876186370849609e-01
1.693448908627033234e-01
2.873857244849205017e-01
1.685754191130399704e-01
2.276012618094682693e-01
2.264616843312978745e-01
2.002265788614749908e-01
2.460736110806465149e-01
2.688881233334541321e-01
3.465650249272584915e-01
2.679578084498643875e-01
2.143107820302248001e-01
3.548767585307359695e-01
2.247834764420986176e-01
2.743239253759384155e-01
2.249327152967453003e-01
2.729358021169900894e-01
2.035808619111776352e-01
2.364559061825275421e-01
1.604845039546489716e-01
1.962899696081876755e-01
2.076299786567687988e-01
1.783289238810539246e-01
1.876340489834547043e-01
1.868089064955711365e-01
2.271550539880990982e-01
2.131123319268226624e-01
3.068803548812866211e-01
3.058220539242029190e-01
1.436480768024921417e-01
2.216443326324224472e-01
1.685310844331979752e-01
2.266101446002721786e-01
2.902191802859306335e-01
3.054439369589090347e-01
2.877780105918645859e-01
1.779204457998275757e-01
3.103531636297702789e-01
2.048982344567775726e-01
1.956971213221549988e-01
2.269898168742656708e-01
3.207039590924978256e-01
2.275841664522886276e-01
2.144721709191799164e-01
2.560795545578002930e-01
2.466977834701538086e-01
2.571720965206623077e-01
2.728152833878993988e-01
2.036587893962860107e-01
2.348507605493068695e-01
2.040272690355777740e-01
2.738844156265258789e-01
2.677385099232196808e-01
2.354140970855951309e-01
2.722496036440134048e-01
2.072519417852163315e-01
1.691843308508396149e-01
1.949141435325145721e-01
2.241804953664541245e-01
2.052407376468181610e-01
2.041106056421995163e-01
2.291260138154029846e-01
2.691141758114099503e-01
2.222907505929470062e-01
2.160412240773439407e-01
1.959106344729661942e-01
1.870639529079198837e-01
2.297391965985298157e-01
2.269265595823526382e-01
1.520104315131902695e-01
2.262338008731603622e-01
1.604216545820236206e-01
1.705447975546121597e-01
2.123668678104877472e-01
2.638341579586267471e-01
2.728295009583234787e-01
4.179661050438880920e-01
2.727212104946374893e-01
2.131871748715639114e-01
2.714983280748128891e-01
3.353103287518024445e-01
2.667698375880718231e-01
2.240874394774436951e-01
1.696886606514453888e-01
1.601003613322973251e-01
1.891428846865892410e-01
2.218276467174291611e-01
3.416016660630702972e-01
2.274106852710247040e-01
1.690535414963960648e-01
3.036529999226331711e-01
2.053917758166790009e-01
1.863314174115657806e-01
2.264509741216897964e-01
2.785084471106529236e-01
1.813499517738819122e-01
2.223039269447326660e-01
1.706806626170873642e-01
1.802729591727256775e-01
1.872868202626705170e-01
2.264800518751144409e-01
1.694757062941789627e-01
2.264829259365797043e-01
2.140207719057798386e-01
2.217071875929832458e-01
2.651256658136844635e-01
2.447213437408208847e-01
2.583622932434082031e-01
2.732412330806255341e-01
2.669525630772113800e-01
2.352529522031545639e-01
2.137340605258941650e-01
2.044711504131555557e-01
2.352648079395294189e-01
2.576694265007972717e-01
2.356686107814311981e-01
2.354128379374742508e-01
2.333464790135622025e-01
1.777419596910476685e-01
2.131984736770391464e-01
2.290076296776533127e-01
1.956037469208240509e-01
2.219651844352483749e-01
2.235539238899946213e-01
2.050368953496217728e-01
1.511826384812593460e-01
2.292047142982482910e-01
1.860956195741891861e-01
1.776590142399072647e-01
1.884895022958517075e-01
2.131671831011772156e-01
1.871241685003042221e-01
2.272168863564729691e-01
2.666791733354330063e-01
3.863889742642641068e-01
2.717222869396209717e-01
2.575185950845479965e-01
1.721286270767450333e-01
2.728605158627033234e-01
1.721210349351167679e-01
2.135776430368423462e-01
2.466663643717765808e-01
2.530211228877305984e-01
1.859585866332054138e-01
3.235272523015737534e-01
1.697164662182331085e-01
2.263152860105037689e-01
2.065251190215349197e-01
2.048550471663475037e-01
2.128726895898580551e-01
1.811290159821510315e-01
2.276208698749542236e-01
2.137326393276453018e-01
2.295194175094366074e-01
2.224930413067340851e-01
2.045652046799659729e-01
2.888178806751966476e-01
1.777714975178241730e-01
1.967891249805688858e-01
2.239620909094810486e-01
2.131864055991172791e-01
1.606981996446847916e-01
2.274413648992776871e-01
1.948900278657674789e-01
2.276823185384273529e-01
1.598969139158725739e-01
3.242568485438823700e-01
1.978022493422031403e-01
2.277469430118799210e-01
2.494462579488754272e-01
3.355598542839288712e-01
2.733199819922447205e-01
2.468326259404420853e-01
2.468319926410913467e-01
1.826480831950902939e-01
2.244628146290779114e-01
2.563360985368490219e-01
2.244806662201881409e-01
2.241563815623521805e-01
2.259947247803211212e-01
2.239976674318313599e-01
2.956147547811269760e-01
1.961735952645540237e-01
1.690237894654273987e-01
1.779194828122854233e-01
1.962508186697959900e-01
1.696769502013921738e-01
3.126208763569593430e-01
2.160407435148954391e-01
2.039850112050771713e-01
1.957893557846546173e-01
2.282269094139337540e-01
2.275516446679830551e-01
2.247961144894361496e-01
2.282426226884126663e-01
2.391030527651309967e-01
3.452683985233306885e-01
2.246588114649057388e-01
2.465442381799221039e-01
2.356530819088220596e-01
3.344046659767627716e-01
3.446499425917863846e-01
2.462171521037817001e-01
2.722358107566833496e-01
1.934258136898279190e-01
4.078605603426694870e-01
2.238704934716224670e-01
1.683399658650159836e-01
1.683130394667387009e-01
2.039332538843154907e-01
2.126121763139963150e-01
1.957347989082336426e-01
1.779240369796752930e-01
1.614481862634420395e-01
1.775257922708988190e-01
3.637085705995559692e-01
2.065209727734327316e-01
2.140987310558557510e-01
1.685646530240774155e-01
1.971619427204132080e-01
2.273320630192756653e-01
1.784928236156702042e-01
1.528855022042989731e-01
2.272148858755826950e-01
3.306151498109102249e-01
1.967827212065458298e-01
1.694047413766384125e-01
3.401978369802236557e-01
2.135353777557611465e-01
1.956886202096939087e-01
2.280535176396369934e-01
2.565778698772192001e-01
2.351429127156734467e-01
2.740874048322439194e-01
2.734421044588088989e-01
2.359846867620944977e-01
2.729395721107721329e-01
3.451864365488290787e-01
2.721072193235158920e-01
2.743219528347253799e-01
2.584274969995021820e-01
2.684178482741117477e-01
2.387404367327690125e-01
2.135483808815479279e-01
2.868427503854036331e-01
2.264584060758352280e-01
2.043794170022010803e-01
3.139594849199056625e-01
2.301701307296752930e-01
1.965399421751499176e-01
1.697885897010564804e-01
1.509919892996549606e-01
1.764763947576284409e-01
1.694786772131919861e-01
1.699748039245605469e-01
1.778400428593158722e-01
2.063184864819049835e-01
3.983177337795495987e-01
2.675347141921520233e-01
2.247178293764591217e-01
3.758075200021266937e-01
2.744380962103605270e-01
3.878728337585926056e-01
3.461558688431978226e-01
2.248399704694747925e-01
2.725998573005199432e-01
2.447711806744337082e-01
2.457089517265558243e-01
2.240185644477605820e-01
1.701190713793039322e-01
2.224442064762115479e-01
1.776608135551214218e-01
2.706279866397380829e-01
2.268731147050857544e-01
1.874110773205757141e-01
1.955825593322515488e-01
2.264364045113325119e-01
2.140546906739473343e-01
2.280096616595983505e-01
2.134296186268329620e-01
2.279277201741933823e-01
2.140258364379405975e-01
2.049370706081390381e-01
2.240150682628154755e-01
2.262807991355657578e-01
2.204862646758556366e-01
1.775853615254163742e-01
1.960645280778408051e-01
1.695973780006170273e-01
2.225293405354022980e-01
2.130407411605119705e-01
2.964365929365158081e-01
2.216148711740970612e-01
2.134679332375526428e-01
2.731850389391183853e-01
2.027377206832170486e-01
3.971899300813674927e-01
2.723282501101493835e-01
2.145960982888936996e-01
1.819160971790552139e-01
4.291460942476987839e-01
2.468876279890537262e-01
2.356813289225101471e-01
2.719241864979267120e-01
4.295771662145853043e-01
1.952969916164875031e-01
1.772995423525571823e-01
1.962499767541885376e-01
3.041521795094013214e-01
2.288183644413948059e-01
3.040730655193328857e-01
2.863167393952608109e-01
2.276062872260808945e-01
2.269372660666704178e-01
2.793075609952211380e-01
1.689327321946620941e-01
3.046725485473871231e-01
2.261823453009128571e-01
2.135953791439533234e-01
1.800761073827743530e-01
1.864790394902229309e-01
1.895520426332950592e-01
2.260263990610837936e-01
2.143518980592489243e-01
2.724604941904544830e-01
2.356723248958587646e-01
1.923428419977426529e-01
2.035995107144117355e-01
2.028708979487419128e-01
2.742899656295776367e-01
2.144165486097335815e-01
2.724630497395992279e-01
2.254555672407150269e-01
2.717220615595579147e-01
2.456010226160287857e-01
2.135614678263664246e-01
2.196859586983919144e-01
1.777167115360498428e-01
2.044818811118602753e-01
2.218988258391618729e-01
1.946162916719913483e-01
2.261576857417821884e-01
2.038636859506368637e-01
2.267464790493249893e-01
2.259190268814563751e-01
1.966392919421195984e-01
2.265076898038387299e-01
1.954503431916236877e-01
2.777973841875791550e-01
2.134757395833730698e-01
3.033372201025485992e-01
2.283034734427928925e-01
2.859369274228811264e-01
1.865919828414916992e-01
1.972517110407352448e-01
2.776460107415914536e-01
2.269820999354124069e-01
2.666061092168092728e-01
2.352077197283506393e-01
3.655432909727096558e-01
2.465874496847391129e-01
2.729131896048784256e-01
2.723059579730033875e-01
2.458241395652294159e-01
3.456770367920398712e-01
2.723331972956657410e-01
2.350898031145334244e-01
2.040408626198768616e-01
2.320275008678436279e-01
1.865182500332593918e-01
1.863757725805044174e-01
1.804560907185077667e-01
3.028176408261060715e-01
2.260882798582315445e-01
2.068269476294517517e-01
1.972738150507211685e-01
2.262334655970335007e-01
3.387184068560600281e-01
1.806105878204107285e-01
3.298994544893503189e-01
1.954976692795753479e-01
1.953255906701087952e-01
2.046793028712272644e-01
2.702705264091491699e-01
2.300683446228504181e-01
2.134114708751440048e-01
2.264094967395067215e-01
2.664554379880428314e-01
2.732773534953594208e-01
1.925961580127477646e-01
2.677970193326473236e-01
3.967211339622735977e-01
2.364342976361513138e-01
2.027411945164203644e-01
2.348599657416343689e-01
3.967958092689514160e-01
2.666706051677465439e-01
2.463328186422586441e-01
2.728111855685710907e-01
2.038417123258113861e-01
2.264690864831209183e-01
1.604860797524452209e-01
2.225540634244680405e-01
1.634954866021871567e-01
2.273219842463731766e-01
2.224928978830575943e-01
1.890855934470891953e-01
2.221590988337993622e-01
2.271561436355113983e-01
1.784232053905725479e-01
2.270566299557685852e-01
1.691645346581935883e-01
1.600617337971925735e-01
2.273912057280540466e-01
2.955598179250955582e-01
2.788278367370367050e-01
2.067370135337114334e-01
2.046269290149211884e-01
2.343826387077569962e-01
2.574039101600646973e-01
2.571698762476444244e-01
2.730718124657869339e-01
2.361305318772792816e-01
2.356985509395599365e-01
2.565842103213071823e-01
2.257953006774187088e-01
2.681130655109882355e-01
2.576551605015993118e-01
3.565638829022645950e-01
2.239799592643976212e-01
2.259041219949722290e-01
2.163560241460800171e-01
3.300389349460601807e-01
2.053409386426210403e-01
2.049185000360012054e-01
1.605822928249835968e-01
1.698722373694181442e-01
1.514868326485157013e-01
2.215769290924072266e-01
2.059820462018251419e-01
2.219456713646650314e-01
2.267772778868675232e-01
1.623064819723367691e-01
2.269563972949981689e-01
2.273188233375549316e-01
2.887892276048660278e-01
2.268085181713104248e-01
2.131565734744071960e-01
2.315018028020858765e-01
2.271630447357892990e-01
2.270058915019035339e-01
1.985396072268486023e-01
2.277261409908533096e-01
2.724546883255243301e-01
2.718196436762809753e-01
2.339411955326795578e-01
3.672924116253852844e-01
1.921580918133258820e-01
1.927507445216178894e-01
2.247906513512134552e-01
2.575715389102697372e-01
2.571275457739830017e-01
2.138787880539894104e-01
2.669415362179279327e-01
1.688570827245712280e-01
2.972849067300558090e-01
1.597171425819396973e-01
1.784100960940122604e-01
2.804120946675539017e-01
2.056359741836786270e-01
2.865873929113149643e-01
2.283252179622650146e-01
1.950032822787761688e-01
2.230235729366540909e-01
2.173015102744102478e-01
2.215046845376491547e-01
1.947215329855680466e-01
1.958630867302417755e-01
2.263715565204620361e-01
1.780506428331136703e-01
3.161802999675273895e-01
1.699788644909858704e-01
2.053185570985078812e-01
2.110554203391075134e-01
3.555434085428714752e-01
2.458842601627111435e-01
1.829652003943920135e-01
3.754974026232957840e-01
2.368014287203550339e-01
2.363953664898872375e-01
2.680837456136941910e-01
2.031390927731990814e-01
2.244138997048139572e-01
3.645453341305255890e-01
3.549236282706260681e-01
2.272080555558204651e-01
1.786578223109245300e-01
1.980816777795553207e-01
1.779283899813890457e-01
1.603639777749776840e-01
1.893908958882093430e-01
2.244615685194730759e-01
2.046224288642406464e-01
1.978753395378589630e-01
1.781351324170827866e-01
1.784408986568450928e-01
1.870678234845399857e-01
2.140180543065071106e-01
1.975904982537031174e-01
2.261973936110734940e-01
1.693054139614105225e-01
2.047204971313476562e-01
3.054680489003658295e-01
1.949116662144660950e-01
2.223204150795936584e-01
1.966778133064508438e-01
1.804483328014612198e-01
2.135365512222051620e-01
3.037330973893404007e-01
2.287442032247781754e-01
2.739388942718505859e-01
4.074904751032590866e-01
2.253186460584402084e-01
2.673453651368618011e-01
2.577520590275526047e-01
2.249475866556167603e-01
2.734357900917530060e-01
2.671711202710866928e-01
2.244917415082454681e-01
2.361280489712953568e-01
3.877757526934146881e-01
1.871982328593730927e-01
1.867388021200895309e-01
2.135216444730758667e-01
2.039307951927185059e-01
1.887125335633754730e-01
1.868707500398159027e-01
2.266219910234212875e-01
2.045358791947364807e-01
2.139465902000665665e-01
1.982066724449396133e-01
1.607849914580583572e-01
1.803607977926731110e-01
2.272904105484485626e-01
2.865147702395915985e-01
2.276239059865474701e-01
2.292689140886068344e-01
2.267831787467002869e-01
2.131882533431053162e-01
3.364684823900461197e-01
2.707441076636314392e-01
2.674042601138353348e-01
2.573978267610073090e-01
3.444859385490417480e-01
2.728143893182277679e-01
2.463906593620777130e-01
2.369286194443702698e-01
3.765415400266647339e-01
2.688861135393381119e-01
2.738124877214431763e-01
2.358295507729053497e-01
2.263106163591146469e-01
1.863967943936586380e-01
1.776436809450387955e-01
1.700140368193387985e-01
1.777152903378009796e-01
2.140538170933723450e-01
2.263379171490669250e-01
2.041350156068801880e-01
2.216683570295572281e-01
2.942281831055879593e-01
1.687667034566402435e-01
1.698948889970779419e-01
2.144661601632833481e-01
1.454177256673574448e-01
2.046192847192287445e-01
2.257639393210411072e-01
2.293563373386859894e-01
1.869091410189867020e-01
2.258378211408853531e-01
2.075745705515146255e-01
1.694815922528505325e-01
2.267520949244499207e-01
2.262435778975486755e-01
1.876147240400314331e-01
2.568712420761585236e-01
2.032992281019687653e-01
2.246480192989110947e-01
4.299062527716159821e-01
2.140497043728828430e-01
2.457682602107524872e-01
2.467211261391639709e-01
2.572548370808362961e-01
2.354800384491682053e-01
2.563938423991203308e-01
3.868624977767467499e-01
2.465281039476394653e-01
2.257512491196393967e-01
1.867009904235601425e-01
2.154031805694103241e-01
2.210226804018020630e-01
2.261555790901184082e-01
3.148264177143573761e-01
2.269295863807201385e-01
1.958161108195781708e-01
3.503999356180429459e-01
2.268888596445322037e-01
1.866627689450979233e-01
2.247143015265464783e-01
1.697388738393783569e-01
2.268699780106544495e-01
1.622816380113363266e-01
2.218620926141738892e-01
2.947274371981620789e-01
2.229752000421285629e-01
2.048199884593486786e-01
1.860673055052757263e-01
1.692821774631738663e-01
2.487153615802526474e-01
2.054089866578578949e-01
2.430339716374874115e-01
2.588294781744480133e-01
2.732082381844520569e-01
2.746825423091650009e-01
2.351614702492952347e-01
2.373999096453189850e-01
3.561336398124694824e-01
3.601289968937635422e-01
1.788399200886487961e-01
2.328362092375755310e-01
2.884999960660934448e-01
2.284209914505481720e-01
3.391211014240980148e-01
2.318250406533479691e-01
2.871988639235496521e-01
2.219517268240451813e-01
1.902782972902059555e-01
1.528589464724063873e-01
2.071967646479606628e-01
2.278166897594928741e-01
2.230602335184812546e-01
1.808323115110397339e-01
1.959704961627721786e-01
2.874335218220949173e-01
1.892184428870677948e-01
2.273525409400463104e-01
2.130176611244678497e-01
2.743241842836141586e-01
2.680849339812994003e-01
2.685511782765388489e-01
2.577934414148330688e-01
2.249110955744981766e-01
2.688057012856006622e-01
1.826320774853229523e-01
4.089475236833095551e-01
2.352965753525495529e-01
2.731139939278364182e-01
2.463668584823608398e-01
2.683110497891902924e-01
1.521850619465112686e-01
3.129900470376014709e-01
2.342756371945142746e-01
2.271606251597404480e-01
1.781635116785764694e-01
2.870601024478673935e-01
2.291434127837419510e-01
1.951783169060945511e-01
1.868412680923938751e-01
2.248983681201934814e-01
2.050519865006208420e-01
2.143449559807777405e-01
2.050215229392051697e-01
1.779115013778209686e-01
2.896555718034505844e-01
2.143928576260805130e-01
1.782332211732864380e-01
2.081589121371507645e-01
2.647189293056726456e-01
2.564135678112506866e-01
2.036411296576261520e-01
2.352458443492650986e-01
2.472874205559492111e-01
2.350065279752016068e-01
2.749115470796823502e-01
2.349074017256498337e-01
2.247115150094032288e-01
1.823865734040737152e-01
2.145863175392150879e-01
2.673402428627014160e-01
2.138953618705272675e-01
1.966877747327089310e-01
1.886061523109674454e-01
1.860564667731523514e-01
2.131604850292205811e-01
2.277670241892337799e-01
2.257597781717777252e-01
2.275671828538179398e-01
3.153880778700113297e-01
2.056090030819177628e-01
2.788959611207246780e-01
1.820909287780523300e-01
1.960145793855190277e-01
2.218919415026903152e-01
1.783011145889759064e-01
2.140206471085548401e-01
1.693440712988376617e-01
1.785876695066690445e-01
2.284120563417673111e-01
1.891531031578779221e-01
3.868754003196954727e-01
2.721509933471679688e-01
2.350793350487947464e-01
2.351354341953992844e-01
2.467433530837297440e-01
2.471386846154928207e-01
1.928075663745403290e-01
2.243960220366716385e-01
2.142948545515537262e-01
2.298408243805170059e-01
2.784417401999235153e-01
3.399089667946100235e-01
2.145697120577096939e-01
1.611748617142438889e-01
1.953247860074043274e-01
1.886395569890737534e-01
2.266921941190958023e-01
2.140981443226337433e-01
1.958336308598518372e-01
2.048870678991079330e-01
2.219882681965827942e-01
2.144387122243642807e-01
2.223794851452112198e-01
1.969853322952985764e-01
2.258099596947431564e-01
2.273526154458522797e-01
1.369365286082029343e-01
2.648115754127502441e-01
2.457619272172451019e-01
2.252307124435901642e-01
2.565154265612363815e-01
2.684320304542779922e-01
2.131239734590053558e-01
2.030742969363927841e-01
2.457653824239969254e-01
2.668961640447378159e-01
2.463305070996284485e-01
2.460666391998529434e-01
2.729674335569143295e-01
2.145196497440338135e-01
2.263913992792367935e-01
2.272753529250621796e-01
2.133448291569948196e-01
2.237699609249830246e-01
2.269299067556858063e-01
2.186560817062854767e-01
2.141854558140039444e-01
2.042107246816158295e-01
2.266822028905153275e-01
1.952760703861713409e-01
2.271280325949192047e-01
1.513333730399608612e-01
2.257475405931472778e-01
2.121312692761421204e-01
1.779039725661277771e-01
2.265520337969064713e-01
2.112181838601827621e-01
2.733276002109050751e-01
2.244529481977224350e-01
1.928024031221866608e-01
1.931035723537206650e-01
2.346215881407260895e-01
2.133023086935281754e-01
2.352400142699480057e-01
2.736032232642173767e-01
2.141803987324237823e-01
2.027169279754161835e-01
2.455155588686466217e-01
2.029039245098829269e-01
1.952288355678319931e-01
2.050362955778837204e-01
2.262986954301595688e-01
2.279740199446678162e-01
1.605395339429378510e-01
3.135722503066062927e-01
2.269944064319133759e-01
2.291385419666767120e-01
1.867754999548196793e-01
1.961491666734218597e-01
1.962122805416584015e-01
2.135036718100309372e-01
2.299928292632102966e-01
2.034579180181026459e-01
1.601638197898864746e-01
2.270949352532625198e-01
2.219929955899715424e-01
2.271066177636384964e-01
1.888143289834260941e-01
2.262933906167745590e-01
2.125502526760101318e-01
2.128337267786264420e-01
1.864658817648887634e-01
1.606464460492134094e-01
2.639076411724090576e-01
2.683326452970504761e-01
2.249004524201154709e-01
3.962309192866086960e-01
2.732437085360288620e-01
2.349815443158149719e-01
2.726367004215717316e-01
3.343952912837266922e-01
2.459780238568782806e-01
2.456267010420560837e-01
2.726659663021564484e-01
2.734521720558404922e-01
1.783470902591943741e-01
1.878857295960187912e-01
1.952753495424985886e-01
1.866292431950569153e-01
2.281802538782358170e-01
2.038586679846048355e-01
1.964767016470432281e-01
3.049402292817831039e-01
2.213505078107118607e-01
2.258288711309432983e-01
2.286878675222396851e-01
2.226138859987258911e-01
2.148026712238788605e-01
1.957966499030590057e-01
1.690273862332105637e-01
2.049937043339014053e-01
2.365058641880750656e-01
2.147590946406126022e-01
2.679869830608367920e-01
2.366289347410202026e-01
2.140719201415777206e-01
2.678499147295951843e-01
2.675292696803808212e-01
2.723190970718860626e-01
2.352734804153442383e-01
2.317291460931301117e-01
2.737244013696908951e-01
2.217339798808097839e-01
1.696144938468933105e-01
1.873668897897005081e-01
1.871360968798398972e-01
1.691614165902137756e-01
2.071692422032356262e-01
2.238602079451084137e-01
2.047912701964378357e-01
2.243319116532802582e-01
1.961724292486906052e-01
2.195453662425279617e-01
2.060073483735322952e-01
2.138187419623136520e-01
2.283455953001976013e-01
2.298179678618907928e-01
2.262969706207513809e-01
2.275187335908412933e-01
2.063127271831035614e-01
2.226600740104913712e-01
2.275627069175243378e-01
2.281438056379556656e-01
2.397062629461288452e-01
3.975358027964830399e-01
1.829033661633729935e-01
2.734088972210884094e-01
2.565118875354528427e-01
2.150117754936218262e-01
2.364351935684680939e-01
2.249750159680843353e-01
2.582986336201429367e-01
2.459983788430690765e-01
2.734062802046537399e-01
2.569815255701541901e-01
2.269156295806169510e-01
1.724750939756631851e-01
2.278859242796897888e-01
2.231020536273717880e-01
2.301741093397140503e-01
2.130257263779640198e-01
2.141103651374578476e-01
2.135407440364360809e-01
3.124037124216556549e-01
1.790652964264154434e-01
2.246413473039865494e-01
2.046785280108451843e-01
2.243878114968538284e-01
1.605356633663177490e-01
3.392626773566007614e-01
2.150976955890655518e-01
1.789917070418596268e-01
1.618500035256147385e-01
3.324805740267038345e-01
1.781305279582738876e-01
2.304578572511672974e-01
3.798184171319007874e-01
2.575327269732952118e-01
3.562338687479496002e-01
2.263179738074541092e-01
2.464190572500228882e-01
2.576977387070655823e-01
2.682530153542757034e-01
3.681196868419647217e-01
2.740924935787916183e-01
2.675410248339176178e-01
2.464317139238119125e-01
2.734223455190658569e-01
2.271620184183120728e-01
2.260598856955766678e-01
2.890775073319673538e-01
3.395170792937278748e-01
2.280696686357259750e-01
1.957658361643552780e-01
2.147822659462690353e-01
1.614366620779037476e-01
2.286255042999982834e-01
1.877461578696966171e-01
2.242345493286848068e-01
1.871769521385431290e-01
2.291206363588571548e-01
2.297258973121643066e-01
1.529597658663988113e-01
2.134283259510993958e-01
2.154876030981540680e-01
2.549456730484962463e-01
2.556444574147462845e-01
2.034129146486520767e-01
2.251653410494327545e-01
2.564166560769081116e-01
2.362341079860925674e-01
2.733343914151191711e-01
2.671660296618938446e-01
3.353153858333826065e-01
2.563973758369684219e-01
3.237443491816520691e-01
3.644100204110145569e-01
2.285570185631513596e-01
3.051511589437723160e-01
2.267648782581090927e-01
2.050658576190471649e-01
1.781769711524248123e-01
1.773276627063751221e-01
1.712356843054294586e-01
1.960499826818704605e-01
1.774908527731895447e-01
2.144073955714702606e-01
1.776680778712034225e-01
2.266261465847492218e-01
2.266462314873933792e-01
1.682330202311277390e-01
1.960927490144968033e-01
2.039886768907308578e-01
2.034425642341375351e-01
3.321476839482784271e-01
1.606375966221094131e-01
3.042189590632915497e-01
3.670559134334325790e-01
2.570729851722717285e-01
2.727213222533464432e-01
2.722272500395774841e-01
2.569635789841413498e-01
2.028372865170240402e-01
3.886742964386940002e-01
2.727921046316623688e-01
2.685524336993694305e-01
3.988692034035921097e-01
2.586971838027238846e-01
3.143296651542186737e-01
1.631943713873624802e-01
2.272953186184167862e-01
2.148104570806026459e-01
2.278768923133611679e-01
1.524385251104831696e-01
2.164590172469615936e-01
2.284374013543128967e-01
3.051721099764108658e-01
2.278537340462207794e-01
1.885539051145315170e-01
2.064719088375568390e-01
2.306721881031990051e-01
2.279475554823875427e-01
2.285976223647594452e-01
2.312681730836629868e-01
1.893497742712497711e-01
2.291745804250240326e-01
2.572440579533576965e-01
2.062322515994310379e-01
2.485687732696533203e-01
2.050040327012538910e-01
2.370947580784559250e-01
2.474611084908246994e-01
1.946172397583723068e-01
1.927515473216772079e-01
2.569524049758911133e-01
2.581414971500635147e-01
3.682519905269145966e-01
3.464172706007957458e-01
2.274279817938804626e-01
1.986228674650192261e-01
1.874100640416145325e-01
2.149314042180776596e-01
1.883969269692897797e-01
1.606328207999467850e-01
2.296460270881652832e-01
1.878425367176532745e-01
2.145827896893024445e-01
3.154338337481021881e-01
2.271720990538597107e-01
2.043367382138967514e-01
2.896677032113075256e-01
2.140847481787204742e-01
2.270027343183755875e-01
2.298783194273710251e-01
2.144732158631086349e-01
1.881529409438371658e-01
2.225880268961191177e-01
2.686637323349714279e-01
2.744252216070890427e-01
2.248355578631162643e-01
2.248793058097362518e-01
2.359641380608081818e-01
2.352931909263134003e-01
2.152946759015321732e-01
3.774766772985458374e-01
2.460837531834840775e-01
2.469211854040622711e-01
2.560833171010017395e-01
2.139654029160737991e-01
2.230917345732450485e-01
2.182353083044290543e-01
2.047927789390087128e-01
1.695670429617166519e-01
1.875744946300983429e-01
3.134708162397146225e-01
1.688509769737720490e-01
1.780755259096622467e-01
2.043087482452392578e-01
2.268237452954053879e-01
2.225126679986715317e-01
2.145049534738063812e-01
2.264778651297092438e-01
1.519955843687057495e-01
2.872082162648439407e-01
2.277704905718564987e-01
1.784705538302659988e-01
2.877300251275300980e-01
2.142444476485252380e-01
1.699757035821676254e-01
2.215188108384609222e-01
2.646734192967414856e-01
2.474077846854925156e-01
3.769198115915060043e-01
2.472935337573289871e-01
2.683937847614288330e-01
2.468914166092872620e-01
2.361868396401405334e-01
2.053514942526817322e-01
3.268651533871889114e-01
2.274639979004859924e-01
2.230518292635679245e-01
2.066398598253726959e-01
3.083713948726654053e-01
2.054107878357172012e-01
2.137698009610176086e-01
1.815722156316041946e-01
1.959116160869598389e-01
2.282715924084186554e-01
1.729830950498580933e-01
1.790758743882179260e-01
2.065791487693786621e-01
2.256461903452873230e-01
2.154820915311574936e-01
1.637619994580745697e-01
2.056588530540466309e-01
2.058901302516460419e-01
1.894915532320737839e-01
2.273273263126611710e-01
1.688464879989624023e-01
2.988103199750185013e-01
2.284389622509479523e-01
1.896103527396917343e-01
2.150882612913846970e-01
2.255048602819442749e-01
2.156687062233686447e-01
2.681059800088405609e-01
1.729174591600894928e-01
1.828436255455017090e-01
2.141743414103984833e-01
2.469618674367666245e-01
3.476594593375921249e-01
2.735332008451223373e-01
2.459089867770671844e-01
2.350976597517728806e-01
1.955811902880668640e-01
1.685095820575952530e-01
1.695830672979354858e-01
2.295135688036680222e-01
2.137230113148689270e-01
2.047587912529706955e-01
1.981655564159154892e-01
2.143527325242757797e-01
2.044677920639514923e-01
2.053277008235454559e-01
2.057244814932346344e-01
2.144284714013338089e-01
1.958674062043428421e-01
1.886357385665178299e-01
1.958965621888637543e-01
2.276860494166612625e-01
2.232771776616573334e-01
2.539836782962083817e-01
1.828826665878295898e-01
2.743602562695741653e-01
4.190124887973070145e-01
3.572528455406427383e-01
2.680689934641122818e-01
2.747161090373992920e-01
3.449128419160842896e-01
2.259123399853706360e-01
2.136270515620708466e-01
3.358630053699016571e-01
2.680347803980112076e-01
2.233860753476619720e-01
1.637730766087770462e-01
3.132022581994533539e-01
2.270956579595804214e-01
1.868507638573646545e-01
1.801993157714605331e-01
1.524678207933902740e-01
1.987848505377769470e-01
1.701029650866985321e-01
3.049396388232707977e-01
2.159312795847654343e-01
1.867925599217414856e-01
2.692806255072355270e-01
2.302452363073825836e-01
1.867733895778656006e-01
2.230714838951826096e-01
1.993356123566627502e-01
2.130933981388807297e-01
1.696116514503955841e-01
1.799789015203714371e-01
3.308892026543617249e-01
2.132955733686685562e-01
2.160676624625921249e-01
1.960460375994443893e-01
2.194116991013288498e-01
2.101887464523315430e-01
3.667815607041120529e-01
2.136644236743450165e-01
2.560242060571908951e-01
2.041084449738264084e-01
2.459833081811666489e-01
2.454605530947446823e-01
2.155061513185501099e-01
4.082216657698154449e-01
1.933726817369461060e-01
2.028825245797634125e-01
1.936929058283567429e-01
1.695609763264656067e-01
1.965107992291450500e-01
1.803739033639431000e-01
1.971927843987941742e-01
2.155855968594551086e-01
1.968541219830513000e-01
1.866746898740530014e-01
1.823651455342769623e-01
2.140583675354719162e-01
1.718804258853197098e-01
1.536048855632543564e-01
1.708523798733949661e-01
2.237076163291931152e-01
2.276290729641914368e-01
2.788417115807533264e-01
1.898729559034109116e-01
1.959022153168916702e-01
2.558886762708425522e-01
2.745880559086799622e-01
2.687536124140024185e-01
3.764793407171964645e-01
2.151724584400653839e-01
2.735891528427600861e-01
2.146430984139442444e-01
2.730303891003131866e-01
2.029466219246387482e-01
2.582602892071008682e-01
1.553178541362285614e-01
3.162114173173904419e-01
2.143456973135471344e-01
1.524211708456277847e-01
3.420173730701208115e-01
2.718080617487430573e-01
2.262705452740192413e-01
2.067311927676200867e-01
1.881115194410085678e-01
2.346734851598739624e-01
2.155838403850793839e-01
2.282759528607130051e-01
1.799284312874078751e-01
2.048587631434202194e-01
2.262858934700489044e-01
1.704534627497196198e-01
2.272613067179918289e-01
2.634379938244819641e-01
2.652143966406583786e-01
4.301213528960943222e-01
2.734952457249164581e-01
2.741350103169679642e-01
2.730292007327079773e-01
2.736375331878662109e-01
2.738634552806615829e-01
2.756014745682477951e-01
2.463556658476591110e-01
2.258550375699996948e-01
2.473098654299974442e-01
3.520241398364305496e-01
2.278484683483839035e-01
2.242248151451349258e-01
2.253037821501493454e-01
2.055841181427240372e-01
1.878171302378177643e-01
2.131109777837991714e-01
1.690699476748704910e-01
2.138715069741010666e-01
2.079055104404687881e-01
2.265467941761016846e-01
2.125160042196512222e-01
3.336338438093662262e-01
1.969726365059614182e-01
2.270383331924676895e-01
2.139474432915449142e-01
2.265471369028091431e-01
1.877107061445713043e-01
2.465371061116456985e-01
2.726143542677164078e-01
2.727887853980064392e-01
2.468242309987545013e-01
2.453332692384719849e-01
2.459981683641672134e-01
2.030303087085485458e-01
2.461484242230653763e-01
2.253162600100040436e-01
2.736281193792819977e-01
2.733575366437435150e-01
2.359465491026639938e-01
3.580821584910154343e-01
1.715938430279493332e-01
1.785931587219238281e-01
2.226640582084655762e-01
2.297173794358968735e-01
2.867351621389389038e-01
2.056860346347093582e-01
2.051052600145339966e-01
1.972551345825195312e-01
1.785903237760066986e-01
1.599976029247045517e-01
1.689517870545387268e-01
2.240939252078533173e-01
2.259606868028640747e-01
1.873517632484436035e-01
1.706702001392841339e-01
2.259539905935525894e-01
2.308475747704505920e-01
3.062146473675966263e-01
2.270449660718441010e-01
3.210976235568523407e-01
2.284505981951951981e-01
2.218652442097663879e-01
2.268184032291173935e-01
3.424804080277681351e-01
2.727427538484334946e-01
2.459493018686771393e-01
2.249099984765052795e-01
2.250934187322854996e-01
2.245459277182817459e-01
2.674562186002731323e-01
2.454553376883268356e-01
2.720873486250638962e-01
4.077288713306188583e-01
2.239340171217918396e-01
1.936572603881359100e-01
2.714552693068981171e-01
2.271333113312721252e-01
1.420717965811491013e-01
1.777306254953145981e-01
2.261057309806346893e-01
3.140177745372056961e-01
2.227314002811908722e-01
1.342661213129758835e-01
1.611246038228273392e-01
2.128698322921991348e-01
3.068100493401288986e-01
1.600979585200548172e-01
1.879230309277772903e-01
2.143342159688472748e-01
2.240375000983476639e-01
2.868837341666221619e-01
2.245780751109123230e-01
1.875309608876705170e-01
3.361744582653045654e-01
1.875273063778877258e-01
2.246229629963636398e-01
2.146533913910388947e-01
4.077409300953149796e-01
2.137984242290258408e-01
2.720463629812002182e-01
2.735681049525737762e-01
2.243728525936603546e-01
2.567395903170108795e-01
3.958413209766149521e-01
2.731531821191310883e-01
2.162023819983005524e-01
3.130019847303628922e-01
2.226835787296295166e-01
1.712297331541776657e-01
2.272596452385187149e-01
3.037190567702054977e-01
3.165619000792503357e-01
2.857400830835103989e-01
2.214628439396619797e-01
1.871112473309040070e-01
2.137985993176698685e-01
1.700769923627376556e-01
2.071027997881174088e-01
2.045842148363590240e-01
1.964417267590761185e-01
2.247743103653192520e-01
3.235700819641351700e-01
2.275486122816801071e-01
2.667892780154943466e-01
2.147159185260534286e-01
2.466120067983865738e-01
2.737147621810436249e-01
2.137843202799558640e-01
1.932383216917514801e-01
3.965389039367437363e-01
3.651507049798965454e-01
2.565936632454395294e-01
2.567671593278646469e-01
3.338593952357769012e-01
1.867576930671930313e-01
1.774606537073850632e-01
2.212701477110385895e-01
2.965969033539295197e-01
1.953311562538146973e-01
2.045758012682199478e-01
2.260693274438381195e-01
2.127546034753322601e-01
2.059454042464494705e-01
1.709669400006532669e-01
1.681284662336111069e-01
2.259792722761631012e-01
1.880113054066896439e-01
2.222889401018619537e-01
2.221505399793386459e-01
2.044537551701068878e-01
1.599178947508335114e-01
2.131186928600072861e-01
2.189628109335899353e-01
2.563808094710111618e-01
2.022738046944141388e-01
2.721144370734691620e-01
2.353358119726181030e-01
2.240814771503210068e-01
2.142393980175256729e-01
2.723756972700357437e-01
2.245882414281368256e-01
3.549927510321140289e-01
2.461340464651584625e-01
3.462424855679273605e-01
1.688382178544998169e-01
1.598488390445709229e-01
2.222815919667482376e-01
2.266790028661489487e-01
1.949154976755380630e-01
1.601304281502962112e-01
2.241497691720724106e-01
1.789739485830068588e-01
2.048460766673088074e-01
1.892177816480398178e-01
2.151734102517366409e-01
1.423950362950563431e-01
1.887335479259490967e-01
3.394235689193010330e-01
2.139936499297618866e-01
2.249010112136602402e-01
2.269812952727079391e-01
2.323556616902351379e-01
2.486000880599021912e-01
3.561672829091548920e-01
2.159615401178598404e-01
2.352232318371534348e-01
2.593813650310039520e-01
2.351266667246818542e-01
2.377330847084522247e-01
2.677661571651697159e-01
2.682764325290918350e-01
2.270784340798854828e-01
1.980241853743791580e-01
1.779043078422546387e-01
1.439161766320466995e-01
1.804842092096805573e-01
2.269008737057447433e-01
2.250415869057178497e-01
2.134705428034067154e-01
3.396648913621902466e-01
2.048535831272602081e-01
1.976436395198106766e-01
1.518050935119390488e-01
2.264224141836166382e-01
1.785676162689924240e-01
1.960272509604692459e-01
2.272325381636619568e-01
1.960749831050634384e-01
1.340906471014022827e-01
1.691137030720710754e-01
2.787194661796092987e-01
1.776610277593135834e-01
1.954198870807886124e-01
4.181455355137586594e-01
2.236701119691133499e-01
2.355303298681974411e-01
2.129863668233156204e-01
2.247691340744495392e-01
2.136816624552011490e-01
1.930264588445425034e-01
3.442775756120681763e-01
2.345239240676164627e-01
2.721560951322317123e-01
2.720323540270328522e-01
2.556914109736680984e-01
2.672213148325681686e-01
1.520201247185468674e-01
2.172615509480237961e-01
1.883220076560974121e-01
2.138979565352201462e-01
1.985495351254940033e-01
2.279310617595911026e-01
2.234883345663547516e-01
2.257050741463899612e-01
1.710832938551902771e-01
2.276193536818027496e-01
2.303253151476383209e-01
2.146461606025695801e-01
2.133774589747190475e-01
1.601933296769857407e-01
2.214244212955236435e-01
2.134258672595024109e-01
2.294717263430356979e-01
2.265079319477081299e-01
1.602477170526981354e-01
2.714976277202367783e-01
2.026522830128669739e-01
2.240077480673789978e-01
2.719253525137901306e-01
2.352229449898004532e-01
2.029659822583198547e-01
3.652641493827104568e-01
2.682947553694248199e-01
2.031817734241485596e-01
2.137720640748739243e-01
2.722992096096277237e-01
2.719178609549999237e-01
3.045708425343036652e-01
1.417682711035013199e-01
2.217187397181987762e-01
2.278281897306442261e-01
2.134254947304725647e-01
2.884745374321937561e-01
2.138390745967626572e-01
2.232738584280014038e-01
2.160107139497995377e-01
1.962065845727920532e-01
2.271027695387601852e-01
2.291834540665149689e-01
1.864085905253887177e-01
2.219392862170934677e-01
2.279784027487039566e-01
1.700491067022085190e-01
1.962722260504961014e-01
1.982838455587625504e-01
3.261020462960004807e-01
2.466391101479530334e-01
3.760520257055759430e-01
2.133191283792257309e-01
2.370741628110408783e-01
2.582090962678194046e-01
2.568531464785337448e-01
2.735606059432029724e-01
2.736326809972524643e-01
2.137102931737899780e-01
2.352188080549240112e-01
2.723958864808082581e-01
2.730596885085105896e-01
1.960583142936229706e-01
2.261819913983345032e-01
2.264032419770956039e-01
2.870298661291599274e-01
1.985860001295804977e-01
1.861929707229137421e-01
3.058700449764728546e-01
2.247719094157218933e-01
2.269141338765621185e-01
2.276925463229417801e-01
2.069821078330278397e-01
2.272682227194309235e-01
2.274935822933912277e-01
1.795628592371940613e-01
2.276912089437246323e-01
2.268041390925645828e-01
1.874174326658248901e-01
1.868732180446386337e-01
1.771584153175354004e-01
2.147224899381399155e-01
2.132262606173753738e-01
2.216378655284643173e-01
3.010754194110631943e-01
2.367030400782823563e-01
2.248914409428834915e-01
2.463599182665348053e-01
2.140291854739189148e-01
2.458986043930053711e-01
2.139687184244394302e-01
2.138134390115737915e-01
2.739459536969661713e-01
2.574601862579584122e-01
3.446829300373792648e-01
2.355188056826591492e-01
2.127044219523668289e-01
2.140677962452173233e-01
1.773607246577739716e-01
1.867078300565481186e-01
2.280990779399871826e-01
1.952454783022403717e-01
2.263250630348920822e-01
2.046959288418292999e-01
2.217984981834888458e-01
2.039886172860860825e-01
2.143133282661437988e-01
2.257674876600503922e-01
2.246649023145437241e-01
2.043667100369930267e-01
2.054281961172819138e-01
2.269777990877628326e-01
1.692445762455463409e-01
2.049762960523366928e-01
1.965749282389879227e-01
2.444808930158615112e-01
2.729943003505468369e-01
2.038803696632385254e-01
2.555897254496812820e-01
2.720976099371910095e-01
2.242245804518461227e-01
2.725288085639476776e-01
2.726067136973142624e-01
2.457812074571847916e-01
3.472707644104957581e-01
2.722372449934482574e-01
1.945477370172739029e-01
1.955670583993196487e-01
2.269716933369636536e-01
1.797366291284561157e-01
1.598417665809392929e-01
3.218205943703651428e-01
1.693261712789535522e-01
2.267505917698144913e-01
1.861605420708656311e-01
1.684130374342203140e-01
1.955375261604785919e-01
2.050964850932359695e-01
2.712577171623706818e-01
1.682537756860256195e-01
2.269092109054327011e-01
1.603471618145704269e-01
1.860562637448310852e-01
2.261977624148130417e-01
1.596187148243188858e-01
2.058677822351455688e-01
2.728100605309009552e-01
1.929770875722169876e-01
2.143318094313144684e-01
2.350749149918556213e-01
2.451342549175024033e-01
2.026007305830717087e-01
3.555542510002851486e-01
2.470679767429828644e-01
2.563211768865585327e-01
2.730297520756721497e-01
2.670233435928821564e-01
3.118806518614292145e-01
3.039669580757617950e-01
1.962598934769630432e-01
1.780968550592660904e-01
2.048444673418998718e-01
2.060665842145681381e-01
2.785827163606882095e-01
3.661932442337274551e-01
2.040336150676012039e-01
2.294572703540325165e-01
3.052423559129238129e-01
3.047548793256282806e-01
2.075758799910545349e-01
2.046585325151681900e-01
1.525869052857160568e-01
2.070288937538862228e-01
1.797870770096778870e-01
2.048146408051252365e-01
2.276573609560728073e-01
2.739799357950687408e-01
2.671247143298387527e-01
3.452803883701562881e-01
1.929919384419918060e-01
2.364149186760187149e-01
2.462327219545841217e-01
2.241458408534526825e-01
2.032082360237836838e-01
3.352861814200878143e-01
2.251108530908823013e-01
2.727993186563253403e-01
2.153426390141248703e-01
2.290590424090623856e-01
2.256850656121969223e-01
1.967069339007139206e-01
2.274989653378725052e-01
2.261201329529285431e-01
1.690295897424221039e-01
2.142658103257417679e-01
1.773566566407680511e-01
1.956226807087659836e-01
2.040951643139123917e-01
2.224597707390785217e-01
2.059976011514663696e-01
2.142816688865423203e-01
3.069419097155332565e-01
2.141036968678236008e-01
2.264141757041215897e-01
1.954264845699071884e-01
2.264827396720647812e-01
2.786543183028697968e-01
1.872896980494260788e-01
3.285183608531951904e-01
2.348942793905735016e-01
2.454652246087789536e-01
2.719522118568420410e-01
2.455002274364233017e-01
2.145208008587360382e-01
2.342408541589975357e-01
2.142544817179441452e-01
2.345826197415590286e-01
2.467157021164894104e-01
3.383462186902761459e-01
2.683490663766860962e-01
2.417134214192628860e-01
2.158776093274354935e-01
2.223453503102064133e-01
1.783807836472988129e-01
1.846000663936138153e-01
2.258609272539615631e-01
2.222241871058940887e-01
3.068372588604688644e-01
2.273523248732089996e-01
1.944233570247888565e-01
2.058012429624795914e-01
2.263244017958641052e-01
2.133240029215812683e-01
1.605281569063663483e-01
1.865692473948001862e-01
1.864079311490058899e-01
2.806885391473770142e-01
2.220047619193792343e-01
2.262353859841823578e-01
2.065764870494604111e-01
2.720185536891222000e-01
2.240178883075714111e-01
2.237796094268560410e-01
2.721040509641170502e-01
2.460561301559209824e-01
2.461410947144031525e-01
3.972620498389005661e-01
2.041176576167345047e-01
2.675404101610183716e-01
2.746027428656816483e-01
1.824210565537214279e-01
2.254405468702316284e-01
2.163738533854484558e-01
1.773050781339406967e-01
2.714747320860624313e-01
1.959377918392419815e-01
2.268539723008871078e-01
2.294100876897573471e-01
2.148738764226436615e-01
2.156637459993362427e-01
2.222469784319400787e-01
2.279710341244935989e-01
2.135500330477952957e-01
1.777736525982618332e-01
1.513356957584619522e-01
2.272130046039819717e-01
3.218850772827863693e-01
1.782915759831666946e-01
1.957646347582340240e-01
2.291421070694923401e-01
3.041593711823225021e-01
2.703986410051584244e-01
3.652259353548288345e-01
2.720191124826669693e-01
2.139861900359392166e-01
2.469772584736347198e-01
2.731185909360647202e-01
2.717942986637353897e-01
2.246759608387947083e-01
2.727864515036344528e-01
2.039725109934806824e-01
2.733702231198549271e-01
2.743038684129714966e-01
2.730997484177350998e-01
2.043820545077323914e-01
1.780335605144500732e-01
2.278758548200130463e-01
2.268513850867748260e-01
2.135629002004861832e-01
1.775614097714424133e-01
1.782533545047044754e-01
2.879122663289308548e-01
1.957001965492963791e-01
1.779087055474519730e-01
1.866482924669981003e-01
1.781561411917209625e-01
1.962708011269569397e-01
2.133624162524938583e-01
2.057661097496747971e-01
1.603676136583089828e-01
2.266207952052354813e-01
1.707850843667984009e-01
2.220206912606954575e-01
3.221464678645133972e-01
2.438060883432626724e-01
2.354072779417037964e-01
2.361732777208089828e-01
2.141966558992862701e-01
2.476998586207628250e-01
1.826613582670688629e-01
2.241805046796798706e-01
2.724405284970998764e-01
2.731536347419023514e-01
3.454151023179292679e-01
2.144301403313875198e-01
2.249813396483659744e-01
2.731177881360054016e-01
2.036031410098075867e-01
2.274787705391645432e-01
2.149697896093130112e-01
2.071615085005760193e-01
1.695366147905588150e-01
2.280868291854858398e-01
1.686139311641454697e-01
2.038915921002626419e-01
2.041240464895963669e-01
2.223393246531486511e-01
1.698366701602935791e-01
2.299282029271125793e-01
3.065163772553205490e-01
1.955820433795452118e-01
1.705966666340827942e-01
2.263297718018293381e-01
1.507919393479824066e-01
2.285139672458171844e-01
2.131059020757675171e-01
2.049203310161828995e-01
2.302284575998783112e-01
2.047063503414392471e-01
2.130715847015380859e-01
3.002056255936622620e-01
3.366020098328590393e-01
2.734080832451581955e-01
2.354910839349031448e-01
2.461468353867530823e-01
2.250412683933973312e-01
2.356511503458023071e-01
2.726815417408943176e-01
3.249173853546380997e-01
2.152156848460435867e-01
2.140555530786514282e-01
2.647443804889917374e-01
2.272692080587148666e-01
2.268632352352142334e-01
1.967487800866365433e-01
2.276372686028480530e-01
1.858852244913578033e-01
1.603063233196735382e-01
2.134994138032197952e-01
2.281663808971643448e-01
2.265571504831314087e-01
2.259895429015159607e-01
1.976596489548683167e-01
3.477106411010026932e-01
2.866104617714881897e-01
1.785064451396465302e-01
1.773537248373031616e-01
2.133799232542514801e-01
1.961982175707817078e-01
1.960808541625738144e-01
1.787288058549165726e-01
2.288586720824241638e-01
2.422153837978839874e-01
3.974769227206707001e-01
2.741612568497657776e-01
2.466573752462863922e-01
3.773720152676105499e-01
2.146557029336690903e-01
2.369905952364206314e-01
2.060304153710603714e-01
2.518545128405094147e-01
1.978397574275732040e-01
3.593191616237163544e-01
2.282870579510927200e-01
2.275294158607721329e-01
2.996387965977191925e-01
1.880673021078109741e-01
3.329388070851564407e-01
2.278671935200691223e-01
3.006035145372152328e-01
2.054257281124591827e-01
1.804027464240789413e-01
1.866846047341823578e-01
1.689691953361034393e-01
2.286201398819684982e-01
2.259327117353677750e-01
1.867954060435295105e-01
1.699611265212297440e-01
2.271377351135015488e-01
1.866366453468799591e-01
2.295834776014089584e-01
2.272637784481048584e-01
2.275983598083257675e-01
2.133877966552972794e-01
2.393946088850498199e-01
1.826336961239576340e-01
3.455761577934026718e-01
2.745417207479476929e-01
3.658645823597908020e-01
1.933176517486572266e-01
2.357343789190053940e-01
2.730372585356235504e-01
3.463008254766464233e-01
2.742588967084884644e-01
1.510004606097936630e-01
2.140243723988533020e-01
2.278419472277164459e-01
2.162307035177946091e-01
1.961613148450851440e-01
1.962699815630912781e-01
1.791359446942806244e-01
1.954058390110731125e-01
2.968233805149793625e-01
1.966267284005880356e-01
2.133648600429296494e-01
2.267981301993131638e-01
2.271298505365848541e-01
2.233768366277217865e-01
1.697237286716699600e-01
1.780941635370254517e-01
2.970852870494127274e-01
1.961517240852117538e-01
3.078556470572948456e-01
2.667619865387678146e-01
3.662312235683202744e-01
2.460156697779893875e-01
2.729331776499748230e-01
2.473767027258872986e-01
2.740664836019277573e-01
2.678068317472934723e-01
2.351327724754810333e-01
2.737989798188209534e-01
2.361632063984870911e-01
2.465336956083774567e-01
2.733327150344848633e-01
2.275776341557502747e-01
1.607114523649215698e-01
2.223789356648921967e-01
2.052303254604339600e-01
2.055999934673309326e-01
2.274915445595979691e-01
1.443501953035593033e-01
1.870696339756250381e-01
2.130971476435661316e-01
1.612109933048486710e-01
2.283127736300230026e-01
1.539056804031133652e-01
2.276705112308263779e-01
1.784920580685138702e-01
3.418106883764266968e-01
2.236080616712570190e-01
1.876676678657531738e-01
1.979682147502899170e-01
2.151234038174152374e-01
2.258238252252340317e-01
2.142333555966615677e-01
2.569038923829793930e-01
2.264654058963060379e-01
2.258962951600551605e-01
2.724197208881378174e-01
2.361521217972040176e-01
2.726116720587015152e-01
2.363196313381195068e-01
3.577609658241271973e-01
2.742263991385698318e-01
2.732085026800632477e-01
2.045078966766595840e-01
2.219763249158859253e-01
2.280725371092557907e-01
1.876184344291687012e-01
2.271396256983280182e-01
2.244103755801916122e-01
2.049206849187612534e-01
3.077474366873502731e-01
2.274914942681789398e-01
2.791703213006258011e-01
1.877816580235958099e-01
1.979051772505044937e-01
2.051726076751947403e-01
1.899754125624895096e-01
1.967377383261919022e-01
2.231780271977186203e-01
2.272322345525026321e-01
2.264180257916450500e-01
2.262073568999767303e-01
3.864396866410970688e-01
2.669275477528572083e-01
2.721036542207002640e-01
2.036751378327608109e-01
1.826260574162006378e-01
2.717772517353296280e-01
2.137056589126586914e-01
4.181413948535919189e-01
2.721090056002140045e-01
2.736916840076446533e-01
2.730605490505695343e-01
2.579463049769401550e-01
2.471377421170473099e-01
2.667696308344602585e-01
2.870831638574600220e-01
1.779937967658042908e-01
2.883856985718011856e-01
1.701699271798133850e-01
1.523871850222349167e-01
3.217790797352790833e-01
2.872949540615081787e-01
2.267863936722278595e-01
2.250721398741006851e-01
1.871853489428758621e-01
2.266793418675661087e-01
1.988071110099554062e-01
1.791148483753204346e-01
1.954933386296033859e-01
2.156680524349212646e-01
2.270415481179952621e-01
2.270470615476369858e-01
2.294557802379131317e-01
1.424711626023054123e-01
2.063812576234340668e-01
2.671627290546894073e-01
2.575614862143993378e-01
2.737202569842338562e-01
3.360713832080364227e-01
2.746483720839023590e-01
2.252501007169485092e-01
1.936544813215732574e-01
2.746364958584308624e-01
2.046781703829765320e-01
2.042116317898035049e-01
2.139235753566026688e-01
1.958315037190914154e-01
1.779241226613521576e-01
2.269153334200382233e-01
2.297963947057723999e-01
1.964979879558086395e-01
2.789569143205881119e-01
2.290781792253255844e-01
2.039842363446950912e-01
2.272154204547405243e-01
1.722074262797832489e-01
1.879207193851470947e-01
2.052062004804611206e-01
1.453249566256999969e-01
1.773677598685026169e-01
1.690830290317535400e-01
1.436544805765151978e-01
2.137046810239553452e-01
3.065859843045473099e-01
2.276897635310888290e-01
2.265477832406759262e-01
1.957640927284955978e-01
2.660605330020189285e-01
2.145628873258829117e-01
2.740501090884208679e-01
2.729883100837469101e-01
1.737467404454946518e-01
2.716188393533229828e-01
2.358528953045606613e-01
1.939033325761556625e-01
2.255930658429861069e-01
2.464238628745079041e-01
3.887447696179151535e-01
2.263721376657485962e-01
1.706599183380603790e-01
2.268935739994049072e-01
2.237112447619438171e-01
2.229598630219697952e-01
3.130985014140605927e-01
1.952772140502929688e-01
2.060981839895248413e-01
2.234906386584043503e-01
1.611763313412666321e-01
1.980692390352487564e-01
2.166436836123466492e-01
2.275350298732519150e-01
2.139328680932521820e-01
1.789264250546693802e-01
1.878942064940929413e-01
2.216773778200149536e-01
1.795186065137386322e-01
1.867091208696365356e-01
1.814237032085657120e-01
2.012687157839536667e-01
2.747415211051702499e-01
2.734652105718851089e-01
2.736874874681234360e-01
2.724997941404581070e-01
2.366189062595367432e-01
3.673848211765289307e-01
2.569069210439920425e-01
2.743655778467655182e-01
2.725222930312156677e-01
1.946204844862222672e-01
2.733571212738752365e-01
1.867537889629602432e-01
3.050367683172225952e-01
2.271684650331735611e-01
1.880885437130928040e-01
2.235856037586927414e-01
2.133511174470186234e-01
2.896102685481309891e-01
2.043559290468692780e-01
2.129468992352485657e-01
2.036749366670846939e-01
2.969044633209705353e-01
3.214855119585990906e-01
2.275399733334779739e-01
2.161889951676130295e-01
2.048087604343891144e-01
3.050449397414922714e-01
2.278519030660390854e-01
3.048107419162988663e-01
1.773037035018205643e-01
1.795045211911201477e-01
2.265997473150491714e-01
2.047999259084463120e-01
2.389162909239530563e-01
2.344659268856048584e-01
2.254101857542991638e-01
1.920561250299215317e-01
3.866855558007955551e-01
2.038820572197437286e-01
2.456628400832414627e-01
2.731661051511764526e-01
2.667998038232326508e-01
2.244217600673437119e-01
2.725205160677433014e-01
2.730623856186866760e-01
1.526455339044332504e-01
2.273698952049016953e-01
2.036109436303377151e-01
2.043828237801790237e-01
2.161369249224662781e-01
1.949013099074363708e-01
2.205842100083827972e-01
2.279931791126728058e-01
1.953960154205560684e-01
3.398411944508552551e-01
2.289782911539077759e-01
2.131434902548789978e-01
3.212738763540983200e-01
1.532569117844104767e-01
2.047969400882720947e-01
2.129156794399023056e-01
2.068136017769575119e-01
1.693201716989278793e-01
1.600845474749803543e-01
1.864007320255041122e-01
2.268645539879798889e-01
2.141359020024538040e-01
4.699894674122333527e-01
2.353231124579906464e-01
2.718823980540037155e-01
2.670846339315176010e-01
1.922034863382577896e-01
2.042086496949195862e-01
2.026326805353164673e-01
2.569156400859355927e-01
2.234805058687925339e-01
2.269667908549308777e-01
1.785014178603887558e-01
1.975165046751499176e-01
2.232112530618906021e-01
2.251679077744483948e-01
2.271255627274513245e-01
1.870295424014329910e-01
2.268703319132328033e-01
1.885364726185798645e-01
1.958750095218420029e-01
2.151833623647689819e-01
2.137053702026605606e-01
2.216210812330245972e-01
2.301679030060768127e-01
2.258943114429712296e-01
1.778084244579076767e-01
1.795201227068901062e-01
2.050532009452581406e-01
2.279464751482009888e-01
1.690170932561159134e-01
2.957215737551450729e-01
2.805026099085807800e-01
3.939495366066694260e-01
2.674974203109741211e-01
2.727384641766548157e-01
2.720943279564380646e-01
2.355878315865993500e-01
2.725941780954599380e-01
2.733732983469963074e-01
2.252394109964370728e-01
1.918461862951517105e-01
2.721275780349969864e-01
3.651595544070005417e-01
2.652017492800951004e-01
1.951630972325801849e-01
2.128963395953178406e-01
1.610701493918895721e-01
2.279856000095605850e-01
1.595456395298242569e-01
2.137152906507253647e-01
3.294791281223297119e-01
1.779985111206769943e-01
2.238827049732208252e-01
1.605856884270906448e-01
1.517431568354368210e-01
1.953109595924615860e-01
2.272526547312736511e-01
1.957696415483951569e-01
2.899451367557048798e-01
1.531123872846364975e-01
2.256063017994165421e-01
3.065405543893575668e-01
2.041685935109853745e-01
2.065605204552412033e-01
3.309796359390020370e-01
2.250179443508386612e-01
2.351798173040151596e-01
2.356965672224760056e-01
2.353437468409538269e-01
4.173168018460273743e-01
2.722209915518760681e-01
2.250161990523338318e-01
2.235169932246208191e-01
2.145067844539880753e-01
2.355740554630756378e-01
2.551590036600828171e-01
2.563826888799667358e-01
1.781874503940343857e-01
1.690757535398006439e-01
1.951960474252700806e-01
2.955046854913234711e-01
1.688955090939998627e-01
1.974704749882221222e-01
2.265415973961353302e-01
1.949708182364702225e-01
2.154784351587295532e-01
2.229357939213514328e-01
2.218689490109682083e-01
2.283031735569238663e-01
1.525336615741252899e-01
2.956857178360223770e-01
2.889403495937585831e-01
1.864317599684000015e-01
1.861352585256099701e-01
2.383275330066680908e-01
2.069724127650260925e-01
2.730295229703187943e-01
2.464031875133514404e-01
2.030225247144699097e-01
2.044173553586006165e-01
2.462961394339799881e-01
2.145148236304521561e-01
3.332506418228149414e-01
3.252505101263523102e-01
2.727254200726747513e-01
2.144998479634523392e-01
3.048936538398265839e-01
1.884083487093448639e-01
2.036365550011396408e-01
2.142297569662332535e-01
3.577829916030168533e-01
2.032148316502571106e-01
2.039608340710401535e-01
2.281237561255693436e-01
2.035394292324781418e-01
1.950715389102697372e-01
1.613028459250926971e-01
2.257917206734418869e-01
2.859965804964303970e-01
2.070239279419183731e-01
1.688900310546159744e-01
2.220281865447759628e-01
2.063089534640312195e-01
2.258927132934331894e-01
2.043104767799377441e-01
2.038856875151395798e-01
2.210282459855079651e-01
2.636710107326507568e-01
2.153741102665662766e-01
2.724280357360839844e-01
2.561606578528881073e-01
2.352908961474895477e-01
2.142888475209474564e-01
1.835831198841333389e-01
3.558464776724576950e-01
2.354567926377058029e-01
2.566238418221473694e-01
2.586419582366943359e-01
3.544990215450525284e-01
1.608544606715440750e-01
2.258186247199773788e-01
2.152889911085367203e-01
2.790220528841018677e-01
2.257306072860956192e-01
2.145048752427101135e-01
2.255432959645986557e-01
2.130733840167522430e-01
1.868880502879619598e-01
1.996458843350410461e-01
2.267273906618356705e-01
2.281514015048742294e-01
2.265129070729017258e-01
2.968232296407222748e-01
2.152075227349996567e-01
1.815245002508163452e-01
2.363400049507617950e-01
1.925882212817668915e-01
2.155082225799560547e-01
2.752998173236846924e-01
2.739912401884794235e-01
2.762350309640169144e-01
2.569767460227012634e-01
2.562555056065320969e-01
3.677145261317491531e-01
2.563002314418554306e-01
2.034897729754447937e-01
1.939005255699157715e-01
1.955525819212198257e-01
1.950457748025655746e-01
2.271415889263153076e-01
1.717041265219449997e-01
1.960317473858594894e-01
2.040407843887805939e-01
2.979952432215213776e-01
2.273352146148681641e-01
1.864206138998270035e-01
2.078626826405525208e-01
2.133110612630844116e-01
3.305559214204549789e-01
2.974527869373559952e-01
2.269186079502105713e-01
1.774264145642518997e-01
1.973838284611701965e-01
2.267377749085426331e-01
3.210330531001091003e-01
2.683431487530469894e-01
2.357562854886054993e-01
2.464426122605800629e-01
3.338353428989648819e-01
2.356600929051637650e-01
2.724438253790140152e-01
2.035501115024089813e-01
2.249887660145759583e-01
1.817111447453498840e-01
2.681571226567029953e-01
1.792357657104730606e-01
2.279422078281641006e-01
2.864673435688018799e-01
3.130769412964582443e-01
2.275256663560867310e-01
1.957481447607278824e-01
2.220216561108827591e-01
2.800666633993387222e-01
2.042196076363325119e-01
1.777004860341548920e-01
1.973689384758472443e-01
1.601283866912126541e-01
2.273844126611948013e-01
3.331561349332332611e-01
2.257942985743284225e-01
2.504495847970247269e-01
2.211691830307245255e-01
1.822574753314256668e-01
2.356508970260620117e-01
2.138198409229516983e-01
2.667082082480192184e-01
4.396393019706010818e-01
2.673902716487646103e-01
2.450033668428659439e-01
1.936928480863571167e-01
2.026842851191759109e-01
2.254255115985870361e-01
1.830727681517601013e-01
1.690126769244670868e-01
1.623087618499994278e-01
1.777963880449533463e-01
2.054688390344381332e-01
3.241877779364585876e-01
3.057443480938673019e-01
1.609173528850078583e-01
2.050120104104280472e-01
3.324078787118196487e-01
1.783884558826684952e-01
2.220561467111110687e-01
1.728476099669933319e-01
1.429726090282201767e-01
2.047408334910869598e-01
2.037090286612510681e-01
1.876571923494338989e-01
3.300717156380414963e-01
1.807887312024831772e-01
2.137042935937643051e-01
1.979022007435560226e-01
2.157111652195453644e-01
2.876429464668035507e-01
2.316785454750061035e-01
2.692573647946119308e-01
2.683317214250564575e-01
2.146124634891748428e-01
3.359155375510454178e-01
2.139365207403898239e-01
2.252558302134275436e-01
3.559106606990098953e-01
2.723099626600742340e-01
4.414347987622022629e-01
2.359095588326454163e-01
2.682392839342355728e-01
1.975424718111753464e-01
2.132945805788040161e-01
2.039222661405801773e-01
1.871867459267377853e-01
1.945585533976554871e-01
3.213587328791618347e-01
1.885163746774196625e-01
1.781076490879058838e-01
2.231866382062435150e-01
1.782525070011615753e-01
2.209351602941751480e-01
2.152699157595634460e-01
1.783335786312818527e-01
1.956432797014713287e-01
2.093003485351800919e-01
2.082327753305435181e-01
2.673069071024656296e-01
3.359341379255056381e-01
2.573443669825792313e-01
2.733083609491586685e-01
2.576226498931646347e-01
2.734614126384258270e-01
3.459902331233024597e-01
3.777643237262964249e-01
2.256202399730682373e-01
2.360145356506109238e-01
2.680383510887622833e-01
2.227096781134605408e-01
1.515569929033517838e-01
2.047994695603847504e-01
2.234897222369909286e-01
3.047184310853481293e-01
2.687129210680723190e-01
1.696685999631881714e-01
1.955817360430955887e-01
2.265702169388532639e-01
1.781414020806550980e-01
1.956808790564537048e-01
2.862109262496232986e-01
2.273816261440515518e-01
2.127262875437736511e-01
3.312270361930131912e-01
2.286675609648227692e-01
2.893284577876329422e-01
2.472874056547880173e-01
2.744085974991321564e-01
2.736431173980236053e-01
2.460606787353754044e-01
3.891855198889970779e-01
3.564453851431608200e-01
2.375409044325351715e-01
2.040279656648635864e-01
2.357265762984752655e-01
2.290455549955368042e-01
2.267562691122293472e-01
1.439041122794151306e-01
2.155206333845853806e-01
2.046720068901777267e-01
1.873897258192300797e-01
1.863718759268522263e-01
3.299414850771427155e-01
1.876093689352273941e-01
1.949139442294836044e-01
1.961487848311662674e-01
1.616229508072137833e-01
1.954823639243841171e-01
2.131766993552446365e-01
1.873770859092473984e-01
2.060050182044506073e-01
1.954431328922510147e-01
2.172039467841386795e-01
2.162556722760200500e-01
1.791997142136096954e-01
2.307238597422838211e-01
2.296909801661968231e-01
4.517072886228561401e-01
2.667936272919178009e-01
2.735351063311100006e-01
3.892123755067586899e-01
2.349907737225294113e-01
2.730621509253978729e-01
2.248052116483449936e-01
2.136910054832696915e-01
2.473536934703588486e-01
2.468742057681083679e-01
1.609137058258056641e-01
2.031450532376766205e-01
2.258572187274694443e-01
1.875104755163192749e-01
3.037124499678611755e-01
2.262897510081529617e-01
1.980246528983116150e-01
2.266207635402679443e-01
2.276581861078739166e-01
2.067077793180942535e-01
2.276807017624378204e-01
2.144105788320302963e-01
2.271023225039243698e-01
1.877563782036304474e-01
1.959097888320684433e-01
3.324977047741413116e-01
3.049483392387628555e-01
1.699552740901708603e-01
2.048682663589715958e-01
1.701762396842241287e-01
2.134242095053195953e-01
2.590932268649339676e-01
3.670052476227283478e-01
2.466392666101455688e-01
2.360205352306365967e-01
2.246179189532995224e-01
3.456102833151817322e-01
2.738673407584428787e-01
2.721485458314418793e-01
2.740498278290033340e-01
2.686992697417736053e-01
2.148892506957054138e-01
2.270634081214666367e-01
2.294594831764698029e-01
2.046996951103210449e-01
2.049295473843812943e-01
3.387039136141538620e-01
2.274046093225479126e-01
2.046172972768545151e-01
1.882118377834558487e-01
2.268707491457462311e-01
2.870861552655696869e-01
1.898054201155900955e-01
2.136046048253774643e-01
2.270922455936670303e-01
1.813671421259641647e-01
1.698543839156627655e-01
1.967353727668523788e-01
1.714707911014556885e-01
3.133764192461967468e-01
1.964418534189462662e-01
2.382165510207414627e-01
2.676402628421783447e-01
2.467528395354747772e-01
2.580973450094461441e-01
3.658871091902256012e-01
3.568173274397850037e-01
2.266159765422344208e-01
2.352914195507764816e-01
2.724432684481143951e-01
1.940112262964248657e-01
2.716761585325002670e-01
2.030660137534141541e-01
1.869825776666402817e-01
2.884404752403497696e-01
1.782389506697654724e-01
1.862594429403543472e-01
2.257190085947513580e-01
1.856623962521553040e-01
1.953137274831533432e-01
3.387605603784322739e-01
2.281350009143352509e-01
2.786934673786163330e-01
3.052081372588872910e-01
1.868028603494167328e-01
1.803352516144514084e-01
2.045354321599006653e-01
2.066394984722137451e-01
2.040224876254796982e-01
1.954446993768215179e-01
2.281520683318376541e-01
3.044234607368707657e-01
2.068297248333692551e-01
2.355536948889493942e-01
3.449981715530157089e-01
2.563520111143589020e-01
2.233431898057460785e-01
2.554922588169574738e-01
2.729389313608407974e-01
2.449686080217361450e-01
2.129239533096551895e-01
2.474956307560205460e-01
2.220113426446914673e-01
1.704422105103731155e-01
1.694305837154388428e-01
1.779330931603908539e-01
2.283676210790872574e-01
1.600873693823814392e-01
1.953144166618585587e-01
1.697854697704315186e-01
2.133453395217657089e-01
2.264120560139417648e-01
1.887260414659976959e-01
2.116610016673803329e-01
1.722267623990774155e-01
2.265106141567230225e-01
1.967668440192937851e-01
1.622825730592012405e-01
1.776333414018154144e-01
2.271498236805200577e-01
1.870304923504590988e-01
1.946372631937265396e-01
1.766129732131958008e-01
2.265605796128511429e-01
2.674477118998765945e-01
3.565505705773830414e-01
2.360214833170175552e-01
2.252215091139078140e-01
2.355626598000526428e-01
2.580489702522754669e-01
2.684944067150354385e-01
2.351164352148771286e-01
3.345715478062629700e-01
2.351741809397935867e-01
3.457983788102865219e-01
2.437910530716180801e-01
2.878149095922708511e-01
2.129144258797168732e-01
3.476343490183353424e-01
2.071825359016656876e-01
2.126760333776473999e-01
1.866439823061227798e-01
1.887224782258272171e-01
1.871787197887897491e-01
2.239638995379209518e-01
2.266699224710464478e-01
2.219651173800230026e-01
1.861852444708347321e-01
2.047430276870727539e-01
2.049768287688493729e-01
1.715153045952320099e-01
2.039247080683708191e-01
3.211537655442953110e-01
1.864988505840301514e-01
1.860117111355066299e-01
2.264058459550142288e-01
2.276110332459211349e-01
2.263004239648580551e-01
2.287968881428241730e-01
2.013841588050127029e-01
2.739272527396678925e-01
2.462847270071506500e-01
2.359253261238336563e-01
2.732708547264337540e-01
2.674563061445951462e-01
2.678640913218259811e-01
2.729304246604442596e-01
2.454591300338506699e-01
2.246776390820741653e-01
3.450926877558231354e-01
4.072804842144250870e-01
2.052165847271680832e-01
2.136240582913160324e-01
2.137990389019250870e-01
2.269969675689935684e-01
3.331497889012098312e-01
1.608763094991445541e-01
2.875520698726177216e-01
2.282685693353414536e-01
3.758397307246923447e-01
2.048560455441474915e-01
1.876764092594385147e-01
1.618822216987609863e-01
1.961157415062189102e-01
3.661455679684877396e-01
1.871696673333644867e-01
1.981294080615043640e-01
2.724540308117866516e-01
2.729184869676828384e-01
2.732702530920505524e-01
1.926333419978618622e-01
2.743231970816850662e-01
2.141782511025667191e-01
2.764907460659742355e-01
2.733452972024679184e-01
2.563370652496814728e-01
2.576966937631368637e-01
1.944643091410398483e-01
1.789918243885040283e-01
2.058102376759052277e-01
1.871985327452421188e-01
2.327512037009000778e-01
2.276129294186830521e-01
2.048955503851175308e-01
3.072645496577024460e-01
2.227667365223169327e-01
3.050426673144102097e-01
2.271402012556791306e-01
2.803373746573925018e-01
2.134524993598461151e-01
2.039210740476846695e-01
2.265550922602415085e-01
1.686557382345199585e-01
1.978036239743232727e-01
1.691067162901163101e-01
1.780794616788625717e-01
1.973858401179313660e-01
2.263214308768510818e-01
3.544766791164875031e-01
1.948052328079938889e-01
2.459158413112163544e-01
3.281962182372808456e-01
2.731448151171207428e-01
2.697570491582155228e-01
2.034555114805698395e-01
2.155890353024005890e-01
2.634621169418096542e-01
2.265978455543518066e-01
3.049703706055879593e-01
1.882480103522539139e-01
1.781216077506542206e-01
2.262530941516160965e-01
1.699666660279035568e-01
3.473800420761108398e-01
3.228821642696857452e-01
1.872231625020503998e-01
2.273733802139759064e-01
2.144047971814870834e-01
1.730661895126104355e-01
1.868470124900341034e-01
2.291991822421550751e-01
1.968893278390169144e-01
1.515852008014917374e-01
2.267911750823259354e-01
3.054404295980930328e-01
2.461118642240762711e-01
2.256981190294027328e-01
2.726578358560800552e-01
1.934128217399120331e-01
2.253731638193130493e-01
2.033917326480150223e-01
2.148294132202863693e-01
2.468002270907163620e-01
3.565632645040750504e-01
2.464687451720237732e-01
2.256997283548116684e-01
2.407610658556222916e-01
2.048870213329792023e-01
2.228136528283357620e-01
2.286894824355840683e-01
2.039451375603675842e-01
2.260061968117952347e-01
2.811401449143886566e-01
2.280454412102699280e-01
1.789881363511085510e-01
2.239561416208744049e-01
2.218782473355531693e-01
2.225856203585863113e-01
1.967099625617265701e-01
1.699526049196720123e-01
1.887860298156738281e-01
2.265123650431632996e-01
2.123301289975643158e-01
1.611881740391254425e-01
1.873339992016553879e-01
2.287690043449401855e-01
1.599106565117835999e-01
2.049023434519767761e-01
2.253690771758556366e-01
2.140962723642587662e-01
2.571040503680706024e-01
2.149317339062690735e-01
2.347713615745306015e-01
2.033310513943433762e-01
2.152388412505388260e-01
2.046941239386796951e-01
3.872950114309787750e-01
2.045261766761541367e-01
2.042280212044715881e-01
2.731960210949182510e-01
2.318231649696826935e-01
2.267267778515815735e-01
3.157878704369068146e-01
1.866347566246986389e-01
1.961688306182622910e-01
3.590711038559675217e-01
1.874162610620260239e-01
1.968429628759622574e-01
2.059639301151037216e-01
2.278161197900772095e-01
1.882544774562120438e-01
2.047758139669895172e-01
1.533838398754596710e-01
1.981704141944646835e-01
1.980150789022445679e-01
2.158592436462640762e-01
3.161132745444774628e-01
2.246798500418663025e-01
1.809492316097021103e-01
2.983427271246910095e-01
2.228120360523462296e-01
2.337625417858362198e-01
2.168986871838569641e-01
2.279142700135707855e-01
2.743609305471181870e-01
2.733210027217864990e-01
2.251921202987432480e-01
4.178748596459627151e-01
2.040469348430633545e-01
2.705140616744756699e-01
1.937919501215219498e-01
2.344872355461120605e-01
2.466460894793272018e-01
2.297684811055660248e-01
3.038677293807268143e-01
1.797919049859046936e-01
2.250566165894269943e-01
1.592869926244020462e-01
1.782676912844181061e-01
1.688019055873155594e-01
1.601939238607883453e-01
2.281878106296062469e-01
2.259360980242490768e-01
1.867603063583374023e-01
2.201394792646169662e-01
2.255143746733665466e-01
1.956235598772764206e-01
2.261088583618402481e-01
2.880685571581125259e-01
2.704219445586204529e-01
1.875770725309848785e-01
3.468641731888055801e-01
2.356752324849367142e-01
3.449367899447679520e-01
2.031386625021696091e-01
2.135639972984790802e-01
1.827515065670013428e-01
2.659378163516521454e-01
2.348235491663217545e-01
4.077723789960145950e-01
1.424410473555326462e-01
2.142712734639644623e-01
1.779177170246839523e-01
1.964474599808454514e-01
3.140396494418382645e-01
2.038340829312801361e-01
2.266764529049396515e-01
1.608257796615362167e-01
2.045690473169088364e-01
2.262732908129692078e-01
2.260814383625984192e-01
1.863721534609794617e-01
3.642198797315359116e-01
2.039449717849493027e-01
1.602325234562158585e-01
1.798422019928693771e-01
2.258233409374952316e-01
2.344922702759504318e-01
2.051170300692319870e-01
1.871796883642673492e-01
2.732349131256341934e-01
2.685138415545225143e-01
3.559198528528213501e-01
1.931417100131511688e-01
2.047095168381929398e-01
3.246402200311422348e-01
1.937281470745801926e-01
2.564249876886606216e-01
2.358421403914690018e-01
2.031278312206268311e-01
2.303378414362668991e-01
2.282653190195560455e-01
2.215370051562786102e-01
2.258357163518667221e-01
2.278037816286087036e-01
1.870172675698995590e-01
2.770761232823133469e-01
1.600902695208787918e-01
3.021033443510532379e-01
1.869295425713062286e-01
2.258922513574361801e-01
3.042255546897649765e-01
2.040689419955015182e-01
1.694621946662664413e-01
1.948275733739137650e-01
2.073557004332542419e-01
1.781308762729167938e-01
1.600230466574430466e-01
1.792317572981119156e-01
1.862494349479675293e-01
2.487921472638845444e-01
3.456753045320510864e-01
2.238942775875329971e-01
2.456070911139249802e-01
1.939094886183738708e-01
2.733818963170051575e-01
2.574642617255449295e-01
2.739231791347265244e-01
2.735703028738498688e-01
2.460770774632692337e-01
1.929745227098464966e-01
2.253692597150802612e-01
2.402546890079975128e-01
2.263444382697343826e-01
1.710258685052394867e-01
1.960992366075515747e-01
2.951804753392934799e-01
1.711745131760835648e-01
2.867405824363231659e-01
2.257948536425828934e-01
2.032687924802303314e-01
1.600342914462089539e-01
2.878813520073890686e-01
2.255079410970211029e-01
1.514259763062000275e-01
1.710622385144233704e-01
3.378432858735322952e-01
2.267340347170829773e-01
3.069838564842939377e-01
2.258621584624052048e-01
2.258893754333257675e-01
2.277887798845767975e-01
2.951002605259418488e-01
2.703604288399219513e-01
1.948482710868120193e-01
2.038504127413034439e-01
2.348601128906011581e-01
3.470712210983037949e-01
2.736750133335590363e-01
2.354283593595027924e-01
2.671651765704154968e-01
3.451876733452081680e-01
2.460409514605998993e-01
2.751062922179698944e-01
3.363022450357675552e-01
1.979485843330621719e-01
2.041053120046854019e-01
2.047355920076370239e-01
2.135252244770526886e-01
2.871553096920251846e-01
1.893354859203100204e-01
1.623821556568145752e-01
2.136098928749561310e-01
2.293713875114917755e-01
2.220151815563440323e-01
3.126175198704004288e-01
2.806535940617322922e-01
1.956087239086627960e-01
3.216620944440364838e-01
1.693488229066133499e-01
2.274857498705387115e-01
2.680316865444183350e-01
2.351343967020511627e-01
3.664039727300405502e-01
3.561084046959877014e-01
1.929571907967329025e-01
2.563391327857971191e-01
2.729260064661502838e-01
2.735821101814508438e-01
2.469509392976760864e-01
2.257102690637111664e-01
3.465032130479812622e-01
1.943446639925241470e-01
1.955547649413347244e-01
1.811046320945024490e-01
2.262521274387836456e-01
2.280092537403106689e-01
1.893427055329084396e-01
1.877014487981796265e-01
1.690427772700786591e-01
2.241050470620393753e-01
2.270243056118488312e-01
1.781318467110395432e-01
1.693799234926700592e-01
2.231063898652791977e-01
2.907635103911161423e-01
2.141739763319492340e-01
1.957305967807769775e-01
2.266916912049055099e-01
1.784758176654577255e-01
2.269894629716873169e-01
2.135763987898826599e-01
1.512071602046489716e-01
2.045484371483325958e-01
1.693997196853160858e-01
2.055261265486478806e-01
3.013784792274236679e-01
2.685316819697618484e-01
2.364037223160266876e-01
2.742699291557073593e-01
1.937150899320840836e-01
2.351515814661979675e-01
2.731721531599760056e-01
4.212238304316997528e-01
2.141919303685426712e-01
3.694987706840038300e-01
2.572115231305360794e-01
2.473628651350736618e-01
2.130478266626596451e-01
1.700975578278303146e-01
1.798464059829711914e-01
2.957466300576925278e-01
2.219694182276725769e-01
2.274824939668178558e-01
3.412765804678201675e-01
1.868862584233283997e-01
1.951978188008069992e-01
2.267409004271030426e-01
1.695709675550460815e-01
1.686643920838832855e-01
1.696381773799657822e-01
1.513726487755775452e-01
2.161868121474981308e-01
2.043275237083435059e-01
2.256211042404174805e-01
2.052813284099102020e-01
2.135347649455070496e-01
2.362041100859642029e-01
2.146511077880859375e-01
2.257411293685436249e-01
1.829017251729965210e-01
1.924493275582790375e-01
3.377045225352048874e-01
2.470887675881385803e-01
2.461647223681211472e-01
2.254749909043312073e-01
2.472381722182035446e-01
3.992114271968603134e-01
2.330103237181901932e-01
1.892175506800413132e-01
2.220149599015712738e-01
3.041798267513513565e-01
2.058480568230152130e-01
2.128706127405166626e-01
1.775512024760246277e-01
2.039523031562566757e-01
1.953641511499881744e-01
2.271067928522825241e-01
1.977391038089990616e-01
3.314179405570030212e-01
2.274031136184930801e-01
2.036484573036432266e-01
2.217507604509592056e-01
1.863997373729944229e-01
2.223011814057826996e-01
1.608007922768592834e-01
2.043506000190973282e-01
2.292037419974803925e-01
1.949027404189109802e-01
2.232556547969579697e-01
1.869665011763572693e-01
2.354173623025417328e-01
2.727335505187511444e-01
2.746388874948024750e-01
1.824289616197347641e-01
2.729270756244659424e-01
2.737457267940044403e-01
2.576175238937139511e-01
2.459125686436891556e-01
2.461953815072774887e-01
2.141376622021198273e-01
2.729837652295827866e-01
2.352737225592136383e-01
2.937154620885848999e-01
2.125931046903133392e-01
2.040837425738573074e-01
2.281366437673568726e-01
1.784282494336366653e-01
3.566348720341920853e-01
1.961664780974388123e-01
3.385236952453851700e-01
2.052734252065420151e-01
1.864048503339290619e-01
2.217268999665975571e-01
1.691797357052564621e-01
1.951418798416852951e-01
2.271493189036846161e-01
2.233959436416625977e-01
1.864535305649042130e-01
1.879438776522874832e-01
2.960736006498336792e-01
2.237734831869602203e-01
1.975493580102920532e-01
3.362058978527784348e-01
2.605583053082227707e-01
2.738354001194238663e-01
2.740137409418821335e-01
2.688720896840095520e-01
2.161391563713550568e-01
2.675834167748689651e-01
2.369971163570880890e-01
2.729046605527400970e-01
2.756819222122430801e-01
2.729433886706829071e-01
2.242898512631654739e-01
2.132824975997209549e-01
3.315543569624423981e-01
1.801834348589181900e-01
1.950791478157043457e-01
1.963681634515523911e-01
1.957039441913366318e-01
2.047405317425727844e-01
2.260995879769325256e-01
1.864172704517841339e-01
2.155037503689527512e-01
1.780142635107040405e-01
2.131979539990425110e-01
1.871122140437364578e-01
1.863700021058320999e-01
1.779509503394365311e-01
1.686930879950523376e-01
2.222019992768764496e-01
1.801752913743257523e-01
2.258807346224784851e-01
1.874307356774806976e-01
3.562766835093498230e-01
2.040866762399673462e-01
2.733895778656005859e-01
2.683914192020893097e-01
2.682828195393085480e-01
2.729927226901054382e-01
2.372933365404605865e-01
2.249133605509996414e-01
3.886655773967504501e-01
2.453483939170837402e-01
2.729854881763458252e-01
2.129071820527315140e-01
1.610693689435720444e-01
2.051268946379423141e-01
2.048991061747074127e-01
1.950859427452087402e-01
2.871502358466386795e-01
1.895064543932676315e-01
2.259191870689392090e-01
1.780434958636760712e-01
2.246372587978839874e-01
1.866071056574583054e-01
2.266566734760999680e-01
2.289656773209571838e-01
2.331596072763204575e-01
1.884506233036518097e-01
1.955237891525030136e-01
1.964678801596164703e-01
2.154450546950101852e-01
2.039168942719697952e-01
1.599450018256902695e-01
1.708977296948432922e-01
2.261175103485584259e-01
2.783362790942192078e-01
2.151284459978342056e-01
2.352533899247646332e-01
2.559572625905275345e-01
2.663857601583003998e-01
2.134179528802633286e-01
2.725489493459463120e-01
1.830485872924327850e-01
2.464411053806543350e-01
2.564116716384887695e-01
2.741376962512731552e-01
2.566116880625486374e-01
2.357259038835763931e-01
2.140495758503675461e-01
2.737439144402742386e-01
1.871719677001237869e-01
2.251178510487079620e-01
3.044061884284019470e-01
1.793310455977916718e-01
1.896260194480419159e-01
2.257632445544004440e-01
1.608741972595453262e-01
2.878374401479959488e-01
2.052088733762502670e-01
2.134127616882324219e-01
2.073215916752815247e-01
3.300280030816793442e-01
1.961545515805482864e-01
1.804769355803728104e-01
2.226411942392587662e-01
3.036546744406223297e-01
2.153421808034181595e-01
3.037610687315464020e-01
1.779984403401613235e-01
2.152543663978576660e-01
2.576494179666042328e-01
2.143852654844522476e-01
2.260827738791704178e-01
2.565622422844171524e-01
2.466295883059501648e-01
2.460795808583498001e-01
2.741095051169395447e-01
2.749681361019611359e-01
2.353636156767606735e-01
2.723213098943233490e-01
2.726513873785734177e-01
2.275031749159097672e-01
1.956252697855234146e-01
2.143783271312713623e-01
2.227071616798639297e-01
2.257759906351566315e-01
2.048695832490921021e-01
2.265288215130567551e-01
3.227466735988855362e-01
1.858522836118936539e-01
3.041439075022935867e-01
2.221393100917339325e-01
1.784454956650733948e-01
2.131938152015209198e-01
2.296303939074277878e-01
2.261583134531974792e-01
2.269805148243904114e-01
2.154791709035634995e-01
2.884713318198919296e-01
1.781806740909814835e-01
1.862088590860366821e-01
2.655323036015033722e-01
2.563677746802568436e-01
2.726306580007076263e-01
3.447957057505846024e-01
3.670871220529079437e-01
2.736243847757577896e-01
1.929045654833316803e-01
2.369111403822898865e-01
2.457077745348215103e-01
2.274453770369291306e-01
2.135047633200883865e-01
2.689321357756853104e-01
1.779476031661033630e-01
2.067043054848909378e-01
2.275274898856878281e-01
2.135620936751365662e-01
1.882298775017261505e-01
1.964134722948074341e-01
1.602200642228126526e-01
2.282136678695678711e-01
1.956271156668663025e-01
2.218420319259166718e-01
3.053327370434999466e-01
2.048289962112903595e-01
1.609602626413106918e-01
2.293473333120346069e-01
2.269617486745119095e-01
1.874871570616960526e-01
1.984731554985046387e-01
1.950834505259990692e-01
1.868728436529636383e-01
2.274669874459505081e-01
2.133768629282712936e-01
3.415455017238855362e-01
1.887578815221786499e-01
2.674693968147039413e-01
2.674966249614953995e-01
3.982212115079164505e-01
2.358362171798944473e-01
2.675261422991752625e-01
2.035711519420146942e-01
3.465718124061822891e-01
2.244286313652992249e-01
2.733998391777276993e-01
1.941239554435014725e-01
2.141430303454399109e-01
2.280864771455526352e-01
2.271512392908334732e-01
2.277735453099012375e-01
1.978845633566379547e-01
2.259924355894327164e-01
3.208497781306505203e-01
2.134204003959894180e-01
2.217327468097209930e-01
2.264400627464056015e-01
2.220797389745712280e-01
2.116528004407882690e-01
2.260205112397670746e-01
1.892167646437883377e-01
2.224911730736494064e-01
2.959478497505187988e-01
1.796560399234294891e-01
2.221267744898796082e-01
2.055701743811368942e-01
2.965345457196235657e-01
2.262057904154062271e-01
1.602863781154155731e-01
2.225790843367576599e-01
2.454074695706367493e-01
2.741969991475343704e-01
2.567995693534612656e-01
2.689512278884649277e-01
2.460983693599700928e-01
3.475108779966831207e-01
2.730074748396873474e-01
2.044449485838413239e-01
1.777296140789985657e-01
2.220598682761192322e-01
3.213976230472326279e-01
2.277404535561800003e-01
1.954224091023206711e-01
2.283112276345491409e-01
2.272916994988918304e-01
2.269882373511791229e-01
2.798919919878244400e-01
2.265754155814647675e-01
1.596019249409437180e-01
2.050138302147388458e-01
2.235352769494056702e-01
2.059923354536294937e-01
1.783304568380117416e-01
1.792348567396402359e-01
1.607521045953035355e-01
1.876214053481817245e-01
2.270794529467821121e-01
2.877041958272457123e-01
2.076698392629623413e-01
1.967301685363054276e-01
2.725155167281627655e-01
2.371828015893697739e-01
2.034823335707187653e-01
1.924297511577606201e-01
2.036217618733644485e-01
1.947876885533332825e-01
2.459460198879241943e-01
2.258413098752498627e-01
3.981506228446960449e-01
3.451642915606498718e-01
2.358579616993665695e-01
2.143211476504802704e-01
2.263003420084714890e-01
1.860814299434423447e-01
2.133772410452365875e-01
1.865871157497167587e-01
2.050766889005899429e-01
2.267386224120855331e-01
2.053058408200740814e-01
2.972346358001232147e-01
2.260068468749523163e-01
2.218498084694147110e-01
1.887960638850927353e-01
1.690257452428340912e-01
2.263567987829446793e-01
2.135029044002294540e-01
1.872506141662597656e-01
2.145968023687601089e-01
2.147216163575649261e-01
1.601570602506399155e-01
1.848481874912977219e-01
2.473556511104106903e-01
2.756565827876329422e-01
1.936011612415313721e-01
1.961273811757564545e-01
3.872543182224035263e-01
2.758370768278837204e-01
3.759939558804035187e-01
2.168355062603950500e-01
2.588841486722230911e-01
2.695915978401899338e-01
3.359609581530094147e-01
2.881595380604267120e-01
2.690125964581966400e-01
2.690125759690999985e-01
1.954169198870658875e-01
3.207553829997777939e-01
2.041779644787311554e-01
1.960197985172271729e-01
2.266872860491275787e-01
2.304206173866987228e-01
1.600157972425222397e-01
1.955040935426950455e-01
2.275579925626516342e-01
2.296715937554836273e-01
2.055356688797473907e-01
1.965562049299478531e-01
2.160208616405725479e-01
2.263640314340591431e-01
2.227660492062568665e-01
2.065978609025478363e-01
2.267508618533611298e-01
1.950262263417243958e-01
3.247309997677803040e-01
2.677363120019435883e-01
2.033279016613960266e-01
2.743174917995929718e-01
2.582299839705228806e-01
2.722079865634441376e-01
2.731268778443336487e-01
2.247752025723457336e-01
2.464062254875898361e-01
2.250353544950485229e-01
2.734363283962011337e-01
2.564603760838508606e-01
2.234912682324647903e-01
2.228275630623102188e-01
2.247816976159811020e-01
1.874713506549596786e-01
2.264515608549118042e-01
1.982136964797973633e-01
1.597552280873060226e-01
2.139188386499881744e-01
2.148126624524593353e-01
1.602654680609703064e-01
1.861055046319961548e-01
2.272378690540790558e-01
1.689473260194063187e-01
1.974308080971240997e-01
1.432940643280744553e-01
2.220903038978576660e-01
1.877106893807649612e-01
1.701041441410779953e-01
1.604962591081857681e-01
1.695379670709371567e-01
2.252679429948329926e-01
2.058965954929590225e-01
3.261723872274160385e-01
2.253603022545576096e-01
2.727532573044300079e-01
2.466682959347963333e-01
2.675851490348577499e-01
2.699314001947641373e-01
2.730195932090282440e-01
2.732993904501199722e-01
2.463471852242946625e-01
2.363172676414251328e-01
2.280645836144685745e-01
2.280338890850543976e-01
1.788336317986249924e-01
1.611741296947002411e-01
2.137496676295995712e-01
2.302246354520320892e-01
2.785870749503374100e-01
2.134475223720073700e-01
1.972162704914808273e-01
2.862802464514970779e-01
1.866070087999105453e-01
1.978999711573123932e-01
2.261624429374933243e-01
1.869002282619476318e-01
2.234508525580167770e-01
1.703195963054895401e-01
2.306265719234943390e-01
1.690302081406116486e-01
2.260319534689188004e-01
1.966287586838006973e-01
3.755945265293121338e-01
2.042516618967056274e-01
2.249860502779483795e-01
3.460291679948568344e-01
2.458181977272033691e-01
2.723798137158155441e-01
2.250266633927822113e-01
2.727390229701995850e-01
2.567513082176446915e-01
2.732418607920408249e-01
2.038296237587928772e-01
2.495604194700717926e-01
2.280161213129758835e-01
1.627640705555677414e-01
1.960023585706949234e-01
2.160526160150766373e-01
2.264008242636919022e-01
2.041373085230588913e-01
2.070068698376417160e-01
3.056888319551944733e-01
1.607317421585321426e-01
2.302000150084495544e-01
2.038626633584499359e-01
2.266331892460584641e-01
1.966983582824468613e-01
2.784795388579368591e-01
2.264717407524585724e-01
3.223196025937795639e-01
2.269438970834016800e-01
1.951621919870376587e-01
3.247443437576293945e-01
1.865194663405418396e-01
2.246876172721385956e-01
3.762324266135692596e-01
2.729765884578227997e-01
2.143873125314712524e-01
2.461335435509681702e-01
2.737465091049671173e-01
2.678662743419408798e-01
2.731831632554531097e-01
2.673758845776319504e-01
2.248981222510337830e-01
1.935935094952583313e-01
2.455659937113523483e-01
2.059610933065414429e-01
1.778934076428413391e-01
1.692079603672027588e-01
2.994979824870824814e-01
3.127844743430614471e-01
1.957794930785894394e-01
1.799600161612033844e-01
1.867625433951616287e-01
2.125667352229356766e-01
1.617508437484502792e-01
2.230271957814693451e-01
2.224952522665262222e-01
1.778462771326303482e-01
2.277725413441658020e-01
2.051357124000787735e-01
1.861928328871726990e-01
2.046082615852355957e-01
2.287350371479988098e-01
2.269436996430158615e-01
2.141787353903055191e-01
1.813593301922082901e-01
2.361301090568304062e-01
2.461149357259273529e-01
3.474830593913793564e-01
2.043356243520975113e-01
1.949585061520338058e-01
2.733875159174203873e-01
3.659483809024095535e-01
2.725284006446599960e-01
2.045090179890394211e-01
2.462596632540225983e-01
2.149913422763347626e-01
2.247698791325092316e-01
2.282814122736454010e-01
1.605445742607116699e-01
2.257576081901788712e-01
2.162235453724861145e-01
2.133101858198642731e-01
2.284401729702949524e-01
2.302633672952651978e-01
1.968148238956928253e-01
2.053894698619842529e-01
2.251024153083562851e-01
2.263887543231248856e-01
2.052927967160940170e-01
2.894579246640205383e-01
1.696099266409873962e-01
1.868125330656766891e-01
2.301527820527553558e-01
2.278753556311130524e-01
2.363135758787393570e-01
4.409627784043550491e-01
2.727184910327196121e-01
2.677031531929969788e-01
3.351365532726049423e-01
2.469127289950847626e-01
2.681534960865974426e-01
2.461927924305200577e-01
1.832192838191986084e-01
2.026477940380573273e-01
3.661914300173521042e-01
2.458470109850168228e-01
1.700494084507226944e-01
1.785981189459562302e-01
1.780088637024164200e-01
1.962017249315977097e-01
1.880830731242895126e-01
1.990161966532468796e-01
3.048288673162460327e-01
2.793061938136816025e-01
2.131882719695568085e-01
2.278203703463077545e-01
2.060895692557096481e-01
2.282080631703138351e-01
2.277428135275840759e-01
2.881837021559476852e-01
2.278343439102172852e-01
2.719621546566486359e-01
1.964581776410341263e-01
2.273487932980060577e-01
1.881127282977104187e-01
2.270787544548511505e-01
2.893565781414508820e-01
1.611146647483110428e-01
2.791420184075832367e-01
2.302868515253067017e-01
2.739423550665378571e-01
2.151258420199155807e-01
3.893615305423736572e-01
2.695954795926809311e-01
1.938177812844514847e-01
2.719893883913755417e-01
4.186762142926454544e-01
2.363407984375953674e-01
3.451556339859962463e-01
2.360324412584304810e-01
2.249886151403188705e-01
2.227031812071800232e-01
2.801473289728164673e-01
2.047116141766309738e-01
2.049133181571960449e-01
1.605220530182123184e-01
1.782767008990049362e-01
1.952676512300968170e-01
1.871231347322463989e-01
2.059197761118412018e-01
1.891498360782861710e-01
3.038337826728820801e-01
1.627328172326087952e-01
1.806559227406978607e-01
1.778100710362195969e-01
2.875162623822689056e-01
2.290228158235549927e-01
1.960149612277746201e-01
2.261998169124126434e-01
1.513035874813795090e-01
3.661716617643833160e-01
3.350870683789253235e-01
2.735040746629238129e-01
3.458196539431810379e-01
2.349824067205190659e-01
2.573865000158548355e-01
2.031048312783241272e-01
2.717119101434946060e-01
3.457837272435426712e-01
1.991038955748081207e-01
1.952733602374792099e-01
2.268332038074731827e-01
2.065190691500902176e-01
2.233741469681262970e-01
2.141933888196945190e-01
2.301457934081554413e-01
1.963290050625801086e-01
2.279152292758226395e-01
1.890356540679931641e-01
2.274449411779642105e-01
1.953924056142568588e-01
1.984446346759796143e-01
3.120013065636157990e-01
2.136461511254310608e-01
1.861263643950223923e-01
1.518694590777158737e-01
2.260864619165658951e-01
2.288520038127899170e-01
2.129473835229873657e-01
2.952577751129865646e-01
1.957536824047565460e-01
2.285322211682796478e-01
2.255477868020534515e-01
2.459389977157115936e-01
1.929885540157556534e-01
2.462905962020158768e-01
2.350458893924951553e-01
2.666527424007654190e-01
2.033537402749061584e-01
2.355318721383810043e-01
2.564630806446075439e-01
2.457122486084699631e-01
2.725674398243427277e-01
2.355178520083427429e-01
2.231715265661478043e-01
2.770612668246030807e-01
2.277024313807487488e-01
3.307347819209098816e-01
2.047682441771030426e-01
2.263200301676988602e-01
2.887253928929567337e-01
2.149397060275077820e-01
3.134877569973468781e-01
2.053633481264114380e-01
2.275130897760391235e-01
1.960433684289455414e-01
2.141032498329877853e-01
2.261785026639699936e-01
2.056639231741428375e-01
2.952954377979040146e-01
2.292867321521043777e-01
2.031296249479055405e-01
2.050780542194843292e-01
2.260918859392404556e-01
2.271267957985401154e-01
2.132513690739870071e-01
2.130771968513727188e-01
1.937509421259164810e-01
2.362696435302495956e-01
3.468648549169301987e-01
2.252966780215501785e-01
2.453631889075040817e-01
2.668556161224842072e-01
2.243984192609786987e-01
2.146148886531591415e-01
2.464054934680461884e-01
2.564817015081644058e-01
2.736427709460258484e-01
3.632012028247117996e-01
2.270318362861871719e-01
2.268828321248292923e-01
1.785190403461456299e-01
2.138960547745227814e-01
2.293803878128528595e-01
2.268293499946594238e-01
2.141327522695064545e-01
2.264767214655876160e-01
2.131020054221153259e-01
1.778510641306638718e-01
2.271411810070276260e-01
2.047465089708566666e-01
2.205756586045026779e-01
2.256955541670322418e-01
2.721452340483665466e-01
2.033499423414468765e-01
2.352554854005575180e-01
2.464461158961057663e-01
3.773266002535820007e-01
2.593202199786901474e-01
3.749793097376823425e-01
2.356323879212141037e-01
2.238167207688093185e-01
2.463384196162223816e-01
2.234277073293924332e-01
1.868877857923507690e-01
2.224210184067487717e-01
2.272591553628444672e-01
2.270846944302320480e-01
1.964483968913555145e-01
2.279737815260887146e-01
1.966458577662706375e-01
1.869266517460346222e-01
2.281754873692989349e-01
1.954965032637119293e-01
1.691090874373912811e-01
2.042246218770742416e-01
2.271064855158329010e-01
2.053314931690692902e-01
2.138606924563646317e-01
2.138883266597986221e-01
1.973887123167514801e-01
2.248719427734613419e-01
2.057091016322374344e-01
1.807976067066192627e-01
2.685921508818864822e-01
2.154079712927341461e-01
2.377994246780872345e-01
2.749428041279315948e-01
2.745751421898603439e-01
1.726588848978281021e-01
2.575730551034212112e-01
2.735174242407083511e-01
2.580982688814401627e-01
3.562179543077945709e-01
2.233277298510074615e-01
2.144444938749074936e-01
2.214425615966320038e-01
2.030462846159934998e-01
2.260142657905817032e-01
2.126595005393028259e-01
1.779078282415866852e-01
1.873376872390508652e-01
1.861596759408712387e-01
1.868326719850301743e-01
2.275182567536830902e-01
1.785583142191171646e-01
2.137083075940608978e-01
3.128225728869438171e-01
1.869731936603784561e-01
2.271823901683092117e-01
2.224488500505685806e-01
2.283658813685178757e-01
2.269269376993179321e-01
1.779683027416467667e-01
1.888069976121187210e-01
1.874950006604194641e-01
1.874281167984008789e-01
2.044608760625123978e-01
2.372210957109928131e-01
2.477869875729084015e-01
2.713972311466932297e-01
2.138498499989509583e-01
2.469379268586635590e-01
2.249238695949316025e-01
2.354179695248603821e-01
2.143544908612966537e-01
4.066858403384685516e-01
2.141124550253152847e-01
1.616881787776947021e-01
1.793773751705884933e-01
1.794842854142189026e-01
3.072373121976852417e-01
2.127200085669755936e-01
2.134875003248453140e-01
1.782152410596609116e-01
1.611671317368745804e-01
1.339544579386711121e-01
1.781037263572216034e-01
1.867042891681194305e-01
1.774769518524408340e-01
2.269822750240564346e-01
2.133165504783391953e-01
1.867262870073318481e-01
2.031192425638437271e-01
2.134367525577545166e-01
1.617544163018465042e-01
2.264019288122653961e-01
1.956023555248975754e-01
3.241627197712659836e-01
2.644432783126831055e-01
2.363141961395740509e-01
2.571699135005474091e-01
2.355061769485473633e-01
3.667370323091745377e-01
2.355787642300128937e-01
2.569862715899944305e-01
2.565007060766220093e-01
2.720926348119974136e-01
2.357163354754447937e-01
2.719611320644617081e-01
2.566470876336097717e-01
1.781185735017061234e-01
2.066513821482658386e-01
2.275261711329221725e-01
1.685706768184900284e-01
1.973977275192737579e-01
2.225175090134143829e-01
2.150736339390277863e-01
2.264295499771833420e-01
1.955002620816230774e-01
1.878138687461614609e-01
1.687848623842000961e-01
1.687595974653959274e-01
2.049088999629020691e-01
2.224205043166875839e-01
2.235800549387931824e-01
2.291623968631029129e-01
1.872992478311061859e-01
1.700323466211557388e-01
2.289673928171396255e-01
1.604801137000322342e-01
1.954326126724481583e-01
2.692732289433479309e-01
2.743021901696920395e-01
2.357592433691024780e-01
3.770144414156675339e-01
2.569070979952812195e-01
2.721614744514226913e-01
2.363493274897336960e-01
2.041115183383226395e-01
2.138689104467630386e-01
2.735655549913644791e-01
2.452809326350688934e-01
2.035515625029802322e-01
2.132738791406154633e-01
2.139132041484117508e-01
1.962507758289575577e-01
1.968173682689666748e-01
2.285518851131200790e-01
1.960144005715847015e-01
1.885462589561939240e-01
1.783931944519281387e-01
2.270848210901021957e-01
2.239578720182180405e-01
1.863074135035276413e-01
2.300752718001604080e-01
1.955079790204763412e-01
2.055901233106851578e-01
1.644368376582860947e-01
2.274319678544998169e-01
1.520587485283613205e-01
2.268842905759811401e-01
2.138414252549409866e-01
2.273006457835435867e-01
1.628931984305381775e-01
2.249695342034101486e-01
2.228672262281179428e-01
3.674125652760267258e-01
1.937103718519210815e-01
2.039162516593933105e-01
2.566546835005283356e-01
2.251404896378517151e-01
2.730518579483032227e-01
2.362654209136962891e-01
1.934101730585098267e-01
2.738021649420261383e-01
3.771381620317697525e-01
1.806744299829006195e-01
2.146819904446601868e-01
1.914860159158706665e-01
1.960674766451120377e-01
2.316670343279838562e-01
2.144133783876895905e-01
2.298568524420261383e-01
2.823927365243434906e-01
2.315031848847866058e-01
2.136645317077636719e-01
1.808687541633844376e-01
1.964938677847385406e-01
1.614422723650932312e-01
1.775332503020763397e-01
1.875455956906080246e-01
1.900396347045898438e-01
2.049808315932750702e-01
2.043535541743040085e-01
1.782175600528717041e-01
1.876709572970867157e-01
2.796542588621377945e-01
2.727160081267356873e-01
2.717626467347145081e-01
2.565948553383350372e-01
2.039745151996612549e-01
2.738652005791664124e-01
2.350342031568288803e-01
2.566053234040737152e-01
2.247849646955728531e-01
2.564505450427532196e-01
2.463988084346055984e-01
2.245865650475025177e-01
1.928696297109127045e-01
1.862652655690908432e-01
1.953243501484394073e-01
1.868136767297983170e-01
1.861926149576902390e-01
2.795953489840030670e-01
2.289543263614177704e-01
1.868646703660488129e-01
2.274613250046968460e-01
2.219671048223972321e-01
1.534196455031633377e-01
1.710289958864450455e-01
2.275435999035835266e-01
1.862684376537799835e-01
3.214978408068418503e-01
1.869025491178035736e-01
2.870518658310174942e-01
1.869529187679290771e-01
2.125324271619319916e-01
3.217717055231332779e-01
2.036727629601955414e-01
2.556365001946687698e-01
2.728351335972547531e-01
2.137282025068998337e-01
2.233557906001806259e-01
2.567353732883930206e-01
2.720434293150901794e-01
2.667524982243776321e-01
2.139212302863597870e-01
2.574404664337635040e-01
2.459389660507440567e-01
2.721806205809116364e-01
2.133235055953264236e-01
2.268242612481117249e-01
2.794140912592411041e-01
2.264470309019088745e-01
3.317010737955570221e-01
2.259055171161890030e-01
2.110223285853862762e-01
2.066362109035253525e-01
2.127411775290966034e-01
1.864791456609964371e-01
2.132380846887826920e-01
2.060491759330034256e-01
2.041563149541616440e-01
1.774166449904441833e-01
2.132404744625091553e-01
1.948257610201835632e-01
2.884747944772243500e-01
1.873159389942884445e-01
1.967599280178546906e-01
2.430177796632051468e-01
2.732243780046701431e-01
1.921826023608446121e-01
3.751613665372133255e-01
2.708346173167228699e-01
2.034997362643480301e-01
2.567048184573650360e-01
2.447668053209781647e-01
2.729226984083652496e-01
2.733135074377059937e-01
1.819895263761281967e-01
3.863411098718643188e-01
1.872004978358745575e-01
2.127594854682683945e-01
1.795968506485223770e-01
1.688890531659126282e-01
2.250267192721366882e-01
2.278072014451026917e-01
1.603298429399728775e-01
2.137675546109676361e-01
2.143739759922027588e-01
1.971708983182907104e-01
1.897693332284688950e-01
1.865286156535148621e-01
2.036966606974601746e-01
2.294204141944646835e-01
2.270587310194969177e-01
1.864114534109830856e-01
1.715497318655252457e-01
1.616447810083627701e-01
1.699372008442878723e-01
1.665816139429807663e-01
2.139708772301673889e-01
2.249698396772146225e-01
2.565472628921270370e-01
4.500550553202629089e-01
2.241517715156078339e-01
2.732053343206644058e-01
2.356681674718856812e-01
2.464539296925067902e-01
2.678763475269079208e-01
2.565694563090801239e-01
2.228556200861930847e-01
1.968936976045370102e-01
2.056618388742208481e-01
2.946791481226682663e-01
1.875532791018486023e-01
1.972083654254674911e-01
1.954023297876119614e-01
1.962879337370395660e-01
1.436552796512842178e-01
2.060395646840333939e-01
2.058601044118404388e-01
2.312923166900873184e-01
2.274826001375913620e-01
2.966052703559398651e-01
2.232012860476970673e-01
2.271689511835575104e-01
1.612137909978628159e-01
1.983528137207031250e-01
1.517926529049873352e-01
1.703903675079345703e-01
3.062799088656902313e-01
4.157620146870613098e-01
2.731553334742784500e-01
2.152690384536981583e-01
2.348888162523508072e-01
2.353207860141992569e-01
2.729213461279869080e-01
2.564228791743516922e-01
2.722217012196779251e-01
2.730660438537597656e-01
2.346603758633136749e-01
3.971087448298931122e-01
2.982510663568973541e-01
2.882182989269495010e-01
2.262461241334676743e-01
1.781627256423234940e-01
1.691843885928392410e-01
1.869877669960260391e-01
2.065432090312242508e-01
2.037182487547397614e-01
1.778584532439708710e-01
3.259126916527748108e-01
1.787187419831752777e-01
1.774418037384748459e-01
3.047602251172065735e-01
2.272967584431171417e-01
1.690657939761877060e-01
2.212410718202590942e-01
2.860528994351625443e-01
2.729573119431734085e-01
2.471591439098119736e-01
2.713318634778261185e-01
2.573146056383848190e-01
2.730406448245048523e-01
2.447407227009534836e-01
2.359982505440711975e-01
2.733907476067543030e-01
1.729463171213865280e-01
2.028404772281646729e-01
2.039197571575641632e-01
2.429970838129520416e-01
2.038904186338186264e-01
2.239868436008691788e-01
2.032050173729658127e-01
2.036238703876733780e-01
2.276415806263685226e-01
2.261170260608196259e-01
2.134812623262405396e-01
3.126199990510940552e-01
1.518432814627885818e-01
1.867777984589338303e-01
2.288831267505884171e-01
2.777189370244741440e-01
2.127509769052267075e-01
2.293119337409734726e-01
2.880400996655225754e-01
2.262534666806459427e-01
1.764905750751495361e-01
1.800493542104959488e-01
2.026207838207483292e-01
1.865649465471506119e-01
1.859368029981851578e-01
2.257365882396697998e-01
2.379043530672788620e-01
2.015953157097101212e-01
2.030364479869604111e-01
2.723350971937179565e-01
2.139953449368476868e-01
2.676927410066127777e-01
2.442255262285470963e-01
2.669142708182334900e-01
2.342315092682838440e-01
1.924236565828323364e-01
1.926581282168626785e-01
2.359960805624723434e-01
3.240010887384414673e-01
2.072645071893930435e-01
2.261905744671821594e-01
1.605861224234104156e-01
1.781557817012071609e-01
1.629954408854246140e-01
1.949246712028980255e-01
2.038626633584499359e-01
1.772246137261390686e-01
2.869211565703153610e-01
1.955217886716127396e-01
1.784272193908691406e-01
1.961102075874805450e-01
2.290774974972009659e-01
1.864248011261224747e-01
1.696063522249460220e-01
1.606004443019628525e-01
2.287880312651395798e-01
2.220565415918827057e-01
1.972994245588779449e-01
1.957767382264137268e-01
1.426074430346488953e-01
1.606963481754064560e-01
2.286263257265090942e-01
1.919091064482927322e-01
2.585620917379856110e-01
2.170555628836154938e-01
2.360390368849039078e-01
2.160980012267827988e-01
2.584810089319944382e-01
2.049870397895574570e-01
2.674256190657615662e-01
2.043181043118238449e-01
2.680777460336685181e-01
2.152657303959131241e-01
2.463534567505121231e-01
2.252773921936750412e-01
2.139771338552236557e-01
2.137935571372509003e-01
1.963724140077829361e-01
2.270880751311779022e-01
1.965315714478492737e-01
2.141287233680486679e-01
3.427378907799720764e-01
2.294790446758270264e-01
2.271361947059631348e-01
1.622824706137180328e-01
2.043410968035459518e-01
2.050941307097673416e-01
2.040974777191877365e-01
1.868041660636663437e-01
2.147016301751136780e-01
1.711597982794046402e-01
2.670740038156509399e-01
2.679420355707406998e-01
2.022622618824243546e-01
2.572553846985101700e-01
2.571069672703742981e-01
2.036890611052513123e-01
2.149400468915700912e-01
2.464559450745582581e-01
2.043740116059780121e-01
1.934548951685428619e-01
1.919074207544326782e-01
2.053691074252128601e-01
2.079254239797592163e-01
2.294145748019218445e-01
1.784880235791206360e-01
2.286397013813257217e-01
1.772149391472339630e-01
1.693937275558710098e-01
1.775247845798730850e-01
2.078571561723947525e-01
2.216915544122457504e-01
1.813192572444677353e-01
2.221368867903947830e-01
1.790476329624652863e-01
1.884427294135093689e-01
2.219587694853544235e-01
2.243128791451454163e-01
2.359519172459840775e-01
4.082532059401273727e-01
1.925752479583024979e-01
2.659575529396533966e-01
2.465916350483894348e-01
2.146517001092433929e-01
3.872172664850950241e-01
2.724393419921398163e-01
2.376062758266925812e-01
2.735970113426446915e-01
2.470088619738817215e-01
1.818633005023002625e-01
2.799516208469867706e-01
2.280214354395866394e-01
1.692428793758153915e-01
2.143328990787267685e-01
2.891288343816995621e-01
1.719455514103174210e-01
2.268976438790559769e-01
2.139380276203155518e-01
1.862629074603319168e-01
2.256276402622461319e-01
2.047937326133251190e-01
1.960552800446748734e-01
1.952981445938348770e-01
1.944738551974296570e-01
1.865467950701713562e-01
2.027549035847187042e-01
2.149389106780290604e-01
2.045535780489444733e-01
2.120893299579620361e-01
1.880124360322952271e-01
2.133091464638710022e-01
2.274407669901847839e-01
1.515799351036548615e-01
2.065963726490736008e-01
3.367466237396001816e-01
2.452905289828777313e-01
2.051449436694383621e-01
2.559628468006849289e-01
2.764026019722223282e-01
1.819880604743957520e-01
2.493631970137357712e-01
2.728025950491428375e-01
1.952130962163209915e-01
1.525368057191371918e-01
2.305651213973760605e-01
2.263305149972438812e-01
3.063196334987878799e-01
2.140112072229385376e-01
2.892204672098159790e-01
2.138913273811340332e-01
2.139811757951974869e-01
2.072932403534650803e-01
2.263135220855474472e-01
2.269969861954450607e-01
1.523892600089311600e-01
1.890370454639196396e-01
1.888843588531017303e-01
2.222137711942195892e-01
2.217056751251220703e-01
1.962993610650300980e-01
2.777679041028022766e-01
2.140903547406196594e-01
1.883818283677101135e-01
1.958991065621376038e-01
2.280783541500568390e-01
1.626877784729003906e-01
2.608264070004224777e-01
2.755110468715429306e-01
2.355917040258646011e-01
2.738242261111736298e-01
4.190067332237958908e-01
2.475258186459541321e-01
2.580627165734767914e-01
2.475307341665029526e-01
2.676464747637510300e-01
1.941003482788801193e-01
2.726105190813541412e-01
2.151601053774356842e-01
2.145544551312923431e-01
2.289890442043542862e-01
1.959861945360898972e-01
2.231374438852071762e-01
2.218334171921014786e-01
1.701700240373611450e-01
1.876638308167457581e-01
2.299435362219810486e-01
2.272370662540197372e-01
2.230992019176483154e-01
2.247154936194419861e-01
2.276058495044708252e-01
2.141685690730810165e-01
1.801206171512603760e-01
2.268365770578384399e-01
1.707040537148714066e-01
1.811926886439323425e-01
2.257472556084394455e-01
2.474506460130214691e-01
2.241661474108695984e-01
2.736492566764354706e-01
2.738979849964380264e-01
2.482936419546604156e-01
2.581884022802114487e-01
2.725706864148378372e-01
2.669630125164985657e-01
2.484836690127849579e-01
2.272290755063295364e-01
1.972641497850418091e-01
1.867804788053035736e-01
2.138034645467996597e-01
1.956412158906459808e-01
1.874628476798534393e-01
1.869891062378883362e-01
1.953292507678270340e-01
2.269895337522029877e-01
2.042902018874883652e-01
2.240961808711290359e-01
1.785279773175716400e-01
1.687443796545267105e-01
2.042749971151351929e-01
1.868291869759559631e-01
2.129318788647651672e-01
1.967515125870704651e-01
1.775680202990770340e-01
1.881949007511138916e-01
2.047169171273708344e-01
2.277559544891119003e-01
2.271416261792182922e-01
2.651396319270133972e-01
2.669201008975505829e-01
2.469179220497608185e-01
3.987982813268899918e-01
1.942828316241502762e-01
2.155998162925243378e-01
2.352481409907341003e-01
2.729330398142337799e-01
2.566103041172027588e-01
2.252004537731409073e-01
2.027490399777889252e-01
3.671077787876129150e-01
2.056922633200883865e-01
3.126573618501424789e-01
1.974377650767564774e-01
2.271882463246583939e-01
1.964235622435808182e-01
3.416064530611038208e-01
2.270562127232551575e-01
1.786759980022907257e-01
1.779790390282869339e-01
1.956967003643512726e-01
1.786821410059928894e-01
1.526259481906890869e-01
2.046197652816772461e-01
1.709631122648715973e-01
1.957755014300346375e-01
2.047273349016904831e-01
2.042512893676757812e-01
2.565924990922212601e-01
2.734060306102037430e-01
3.469733726233243942e-01
2.767344824969768524e-01
2.358494065701961517e-01
2.481249999254941940e-01
3.977487068623304367e-01
1.933294832706451416e-01
1.959868781268596649e-01
1.702596489340066910e-01
1.776159424334764481e-01
2.080075740814208984e-01
2.230799868702888489e-01
2.278598360717296600e-01
2.289930302649736404e-01
2.151744198054075241e-01
1.685536094009876251e-01
2.269150745123624802e-01
2.137406226247549057e-01
2.869537416845560074e-01
1.724517401307821274e-01
2.273532021790742874e-01
1.613433435559272766e-01
2.140375133603811264e-01
2.057353928685188293e-01
1.966631356626749039e-01
2.051911111921072006e-01
2.254081629216670990e-01
2.803131565451622009e-01
1.782863643020391464e-01
1.961948145180940628e-01
1.689950302243232727e-01
3.533082511276006699e-01
2.032977379858493805e-01
2.587709110230207443e-01
2.576667275279760361e-01
1.937750559300184250e-01
1.718789599835872650e-01
2.239402458071708679e-01
2.582091763615608215e-01
2.363150101155042648e-01
2.463600579649209976e-01
2.681858371943235397e-01
2.151398975402116776e-01
2.269189879298210144e-01
2.147733233869075775e-01
1.868386361747980118e-01
1.602389458566904068e-01
1.790027301758527756e-01
2.272474132478237152e-01
1.791566070169210434e-01
1.518554016947746277e-01
2.696634642779827118e-01
1.626922711730003357e-01
2.144552301615476608e-01
2.269261013716459274e-01
2.977079395204782486e-01
2.144285626709461212e-01
2.133949324488639832e-01
1.693496964871883392e-01
1.872571725398302078e-01
2.141086570918560028e-01
3.669175095856189728e-01
2.730434723198413849e-01
2.678368408232927322e-01
2.738670166581869125e-01
2.149596996605396271e-01
2.574459724128246307e-01
3.463123999536037445e-01
2.249723747372627258e-01
2.250353340059518814e-01
2.141053210943937302e-01
1.936143431812524796e-01
1.791521795094013214e-01
1.957839969545602798e-01
1.779597848653793335e-01
1.956398244947195053e-01
2.277188543230295181e-01
2.125386781990528107e-01
2.149304542690515518e-01
2.279134094715118408e-01
1.431665830314159393e-01
1.874039322137832642e-01
2.215748317539691925e-01
2.130864411592483521e-01
1.432351041585206985e-01
2.227591145783662796e-01
2.267450634390115738e-01
1.876678075641393661e-01
1.607440188527107239e-01
1.822158098220825195e-01
2.274003643542528152e-01
2.280916776508092880e-01
1.892248559743165970e-01
2.268930114805698395e-01
2.968067545443773270e-01
2.071644440293312073e-01
2.271562684327363968e-01
2.460659854114055634e-01
2.139134369790554047e-01
2.355125229805707932e-01
2.720767743885517120e-01
1.934328116476535797e-01
2.388186696916818619e-01
2.358532417565584183e-01
2.572247553616762161e-01
3.464284688234329224e-01
2.454985138028860092e-01
2.252721153199672699e-01
3.252805192023515701e-01
1.427125819027423859e-01
2.266343142837285995e-01
1.513793878257274628e-01
1.873786132782697678e-01
2.062012050300836563e-01
2.042793445289134979e-01
2.118610907346010208e-01
1.955933328717947006e-01
3.038983512669801712e-01
1.604930479079484940e-01
2.133535873144865036e-01
1.608427390456199646e-01
2.041918225586414337e-01
3.418954387307167053e-01
2.263358775526285172e-01
2.271546311676502228e-01
2.792974468320608139e-01
2.381192762404680252e-01
2.747053392231464386e-01
2.734753210097551346e-01
2.733421176671981812e-01
2.727469056844711304e-01
2.469127997756004333e-01
2.594384774565696716e-01
2.037675306200981140e-01
2.728840988129377365e-01
2.263414375483989716e-01
2.357463706284761429e-01
2.675787117332220078e-01
2.268502116203308105e-01
1.695561166852712631e-01
2.231775168329477310e-01
2.276463210582733154e-01
1.888717673718929291e-01
1.865609735250473022e-01
2.231548838317394257e-01
1.431528758257627487e-01
2.809471506625413895e-01
2.221129294484853745e-01
2.236470170319080353e-01
3.309915214776992798e-01
2.134850937873125076e-01
1.960705704987049103e-01
2.701160944998264313e-01
3.248645346611738205e-01
3.427735995501279831e-01
2.270707599818706512e-01
1.434382982552051544e-01
2.494663130491971970e-01
3.670857883989810944e-01
2.148801479488611221e-01
2.730270437896251678e-01
1.935972888022661209e-01
2.355176620185375214e-01
3.466246873140335083e-01
4.009940568357706070e-01
2.471602801233530045e-01
2.153427470475435257e-01
1.933401189744472504e-01
2.145604770630598068e-01
2.887004222720861435e-01
1.959167253226041794e-01
3.400949705392122269e-01
2.874181121587753296e-01
1.692142449319362640e-01
1.961743682622909546e-01
2.140704337507486343e-01
2.276946324855089188e-01
2.132186833769083023e-01
1.518511231988668442e-01
2.282654475420713425e-01
3.223099056631326675e-01
1.987072564661502838e-01
2.957917880266904831e-01
2.037009168416261673e-01
2.038484383374452591e-01
2.568598445504903793e-01
3.445938620716333389e-01
2.716760989278554916e-01
2.727210540324449539e-01
2.729068081825971603e-01
2.733011394739151001e-01
2.575916666537523270e-01
2.677306979894638062e-01
2.664088495075702667e-01
2.461561784148216248e-01
2.152297515422105789e-01
1.955341119319200516e-01
1.868387144058942795e-01
1.974888723343610764e-01
2.870756816118955612e-01
2.956342808902263641e-01
2.237723469734191895e-01
3.311379868537187576e-01
1.786801163107156754e-01
2.265314627438783646e-01
2.266987208276987076e-01
1.876959875226020813e-01
2.262744791805744171e-01
2.309219501912593842e-01
2.225500941276550293e-01
2.205171622335910797e-01
2.259438987821340561e-01
1.952548660337924957e-01
2.044021598994731903e-01
2.125500869005918503e-01
3.036897853016853333e-01
3.566413149237632751e-01
2.352647632360458374e-01
2.138828709721565247e-01
2.366978563368320465e-01
2.739340178668498993e-01
2.751261964440345764e-01
2.447761949151754379e-01
3.534998558461666107e-01
2.130253724753856659e-01
2.579838372766971588e-01
2.451329622417688370e-01
1.600810941308736801e-01
2.114868629723787308e-01
2.279724311083555222e-01
1.783039420843124390e-01
1.971023716032505035e-01
3.344811350107192993e-01
2.876943796873092651e-01
2.223707437515258789e-01
1.803021132946014404e-01
2.277198620140552521e-01
2.141663525253534317e-01
2.292302958667278290e-01
1.696242056787014008e-01
2.278555147349834442e-01
2.000165469944477081e-01
2.143319863826036453e-01
2.270221337676048279e-01
1.702671349048614502e-01
2.280482947826385498e-01
1.947781536728143692e-01
2.273691855370998383e-01
2.125700302422046661e-01
1.851033195853233337e-01
2.359755337238311768e-01
2.713280767202377319e-01
2.715325597673654556e-01
1.815293207764625549e-01
2.723725065588951111e-01
2.441768515855073929e-01
2.349196113646030426e-01
3.939082268625497818e-01
2.029220536351203918e-01
1.915735173970460892e-01
3.538988158106803894e-01
2.723352499306201935e-01
2.857507914304733276e-01
1.768375821411609650e-01
1.968136969953775406e-01
2.248479612171649933e-01
2.123144585639238358e-01
1.888548471033573151e-01
1.773546785116195679e-01
2.294828742742538452e-01
1.702829450368881226e-01
2.108673397451639175e-01
1.932136211544275284e-01
2.040304783731698990e-01
1.842113211750984192e-01
1.766973230987787247e-01
1.857621334493160248e-01
1.601271685212850571e-01
1.625819727778434753e-01
1.944470722228288651e-01
2.114711087197065353e-01
1.613758280873298645e-01
2.329784221947193146e-01
2.653969936072826385e-01
2.544809598475694656e-01
2.236998565495014191e-01
2.336498629301786423e-01
2.496685273945331573e-01
2.487922161817550659e-01
3.545057456940412521e-01
2.551313750445842743e-01
2.708792351186275482e-01
2.440906446427106857e-01
2.696779109537601471e-01
1.606646869331598282e-01
2.879677172750234604e-01
2.080214880406856537e-01
2.061864510178565979e-01
2.208008561283349991e-01
2.317384965717792511e-01
2.849394548684358597e-01
2.218080610036849976e-01
2.274339087307453156e-01
2.146724145859479904e-01
1.696957238018512726e-01
1.687139868736267090e-01
2.250815685838460922e-01
2.040424589067697525e-01
2.213267199695110321e-01
2.067031096667051315e-01
1.785557176917791367e-01
1.767305452376604080e-01
1.770414002239704132e-01
1.962646432220935822e-01
1.703141015022993088e-01
2.249875534325838089e-01
2.051270361989736557e-01
2.148690968751907349e-01
1.979815512895584106e-01
1.675137672573328018e-01
2.140785679221153259e-01
2.566298712044954300e-01
2.152963541448116302e-01
2.475200202316045761e-01
2.730322983115911484e-01
2.358502335846424103e-01
1.924595106393098831e-01
2.150833010673522949e-01
2.203109115362167358e-01
1.966687086969614029e-01
1.708822436630725861e-01
2.051525153219699860e-01
2.236970402300357819e-01
1.953837424516677856e-01
1.886521205306053162e-01
1.528020631521940231e-01
2.304232511669397354e-01
1.789457444101572037e-01
1.713449247181415558e-01
2.239712085574865341e-01
2.300781738013029099e-01
2.054423969238996506e-01
2.171150892972946167e-01
1.884522736072540283e-01
2.138180136680603027e-01
2.276439815759658813e-01
2.145855389535427094e-01
2.145724557340145111e-01
2.471365500241518021e-01
2.731044758111238480e-01
3.676220569759607315e-01
2.742954976856708527e-01
2.144476100802421570e-01
1.829279344528913498e-01
2.730253599584102631e-01
2.464075125753879547e-01
2.723084576427936554e-01
2.578299026936292648e-01
2.432515136897563934e-01
1.626940295100212097e-01
1.715134587138891220e-01
3.057943861931562424e-01
2.051408793777227402e-01
2.231160402297973633e-01
2.150008156895637512e-01
2.284708227962255478e-01
2.079695537686347961e-01
1.515678409487009048e-01
1.880008503794670105e-01
1.639821268618106842e-01
1.956538781523704529e-01
1.618502866476774216e-01
2.152615692466497421e-01
1.964825801551342010e-01
2.141954563558101654e-01
2.995475511997938156e-01
2.143449466675519943e-01
1.879450473934412003e-01
2.296823579818010330e-01
1.521067768335342407e-01
2.077583521604537964e-01
2.289876490831375122e-01
2.383544687181711197e-01
2.716455254703760147e-01
2.680587582290172577e-01
2.483196761459112167e-01
2.464367356151342392e-01
2.358711566776037216e-01
2.734553944319486618e-01
2.739712316542863846e-01
2.744781039655208588e-01
2.471421062946319580e-01
2.464718818664550781e-01
2.485899925231933594e-01
2.241698224097490311e-01
1.881929114460945129e-01
1.964499671012163162e-01
2.055761441588401794e-01
2.138221673667430878e-01
2.277975119650363922e-01
1.981653850525617599e-01
1.619877871125936508e-01
2.296482454985380173e-01
1.978092771023511887e-01
2.271230909973382950e-01
2.205688692629337311e-01
2.288142964243888855e-01
1.961107980459928513e-01
1.870352514088153839e-01
2.279783245176076889e-01
2.147565428167581558e-01
2.051598001271486282e-01
1.953604035079479218e-01
1.870473083108663559e-01
2.134539186954498291e-01
2.737290728837251663e-01
2.362073808908462524e-01
1.941423490643501282e-01
2.361732516437768936e-01
2.584963236004114151e-01
2.459087669849395752e-01
2.365899402648210526e-01
2.672781869769096375e-01
2.356918472796678543e-01
2.562194541096687317e-01
2.462500836700201035e-01
2.469945978373289108e-01
2.561420667916536331e-01
1.700335945934057236e-01
2.230124324560165405e-01
1.958822347223758698e-01
3.040421046316623688e-01
1.785079929977655411e-01
1.783401705324649811e-01
3.221572134643793106e-01
1.775158047676086426e-01
1.683854870498180389e-01
1.965641416609287262e-01
2.233029697090387344e-01
1.684041526168584824e-01
2.864334955811500549e-01
2.232266273349523544e-01
2.262998074293136597e-01
2.133579794317483902e-01
2.280853427946567535e-01
1.949507500976324081e-01
1.907296273857355118e-01
2.081472519785165787e-01
2.463783528655767441e-01
3.347250968217849731e-01
2.354664392769336700e-01
3.460093624889850616e-01
2.729531824588775635e-01
2.567195557057857513e-01
2.736779749393463135e-01
2.459968272596597672e-01
2.574476301670074463e-01
1.779645234346389771e-01
1.784415431320667267e-01
2.247125189751386642e-01
2.267896216362714767e-01
1.780588813126087189e-01
1.608500890433788300e-01
2.263629361987113953e-01
2.132355924695730209e-01
3.029485959559679031e-01
2.267499398440122604e-01
2.301174756139516830e-01
1.512336153537034988e-01
2.283491641283035278e-01
2.310889456421136856e-01
3.304342906922101974e-01
3.334637898951768875e-01
1.937028486281633377e-01
2.257549483329057693e-01
1.835104059427976608e-01
2.253184691071510315e-01
2.363331019878387451e-01
2.751881349831819534e-01
2.729774266481399536e-01
2.737252116203308105e-01
2.365744281560182571e-01
2.363301478326320648e-01
2.740816995501518250e-01
2.734182160347700119e-01
2.262688912451267242e-01
2.137839514762163162e-01
2.877514977008104324e-01
1.626638174057006836e-01
2.220607399940490723e-01
1.608481258153915405e-01
1.691747028380632401e-01
1.785979866981506348e-01
2.287276573479175568e-01
2.044818904250860214e-01
1.609761137515306473e-01
2.883742209523916245e-01
2.235375382006168365e-01
1.979839503765106201e-01
1.886213142424821854e-01
2.081447336822748184e-01
2.139598708599805832e-01
2.292420268058776855e-01
2.272413615137338638e-01
2.608357779681682587e-01
3.361682295799255371e-01
2.254746966063976288e-01
2.367579583078622818e-01
1.928873490542173386e-01
2.053308784961700439e-01
2.254145760089159012e-01
2.262876704335212708e-01
2.253203559666872025e-01
2.330676000565290451e-01
2.273353096097707748e-01
2.276808843016624451e-01
2.161235455423593521e-01
1.961493995040655136e-01
1.876275315880775452e-01
1.966693662106990814e-01
2.130737900733947754e-01
2.277128137648105621e-01
2.071051672101020813e-01
2.294138129800558090e-01
2.278354056179523468e-01
3.262916300445795059e-01
2.275333330035209656e-01
2.270088493824005127e-01
2.069865912199020386e-01
1.787038985639810562e-01
1.984028983861207962e-01
1.967329233884811401e-01
1.775331869721412659e-01
1.709316335618495941e-01
2.465133182704448700e-01
2.261875253170728683e-01
2.471917476505041122e-01
3.675689939409494400e-01
1.931582987308502197e-01
2.147982921451330185e-01
1.940330937504768372e-01
2.726054731756448746e-01
2.475122418254613876e-01
2.743216790258884430e-01
2.460285685956478119e-01
2.736307568848133087e-01
2.734010778367519379e-01
2.132717035710811615e-01
1.957705225795507431e-01
1.608906220644712448e-01
2.140884548425674438e-01
2.073195297271013260e-01
3.052966017276048660e-01
2.285519558936357498e-01
2.220869213342666626e-01
2.274180240929126740e-01
2.230358999222517014e-01
2.121868543326854706e-01
1.865610778331756592e-01
1.871800106018781662e-01
1.699932813644409180e-01
2.263089828193187714e-01
2.260757256299257278e-01
3.136787489056587219e-01
2.137350942939519882e-01
1.869976855814456940e-01
1.964658834040164948e-01
2.273259907960891724e-01
1.964540556073188782e-01
2.289191298186779022e-01
1.672569755464792252e-01
2.747619226574897766e-01
2.251858804374933243e-01
2.695352919399738312e-01
2.740142941474914551e-01
2.679863795638084412e-01
1.832600738853216171e-01
2.461589407175779343e-01
2.377324067056179047e-01
2.043550796806812286e-01
2.692734748125076294e-01
3.279550895094871521e-01
1.964480765163898468e-01
2.310703769326210022e-01
1.784200668334960938e-01
2.320789452642202377e-01
2.277090828865766525e-01
3.083181735128164291e-01
2.290502116084098816e-01
2.998244613409042358e-01
2.287867013365030289e-01
2.312207948416471481e-01
2.163278348743915558e-01
1.530747059732675552e-01
1.963741909712553024e-01
1.866383161395788193e-01
1.957134362310171127e-01
2.281004171818494797e-01
2.267411369830369949e-01
2.162531632930040359e-01
1.992166619747877121e-01
2.262171804904937744e-01
2.147095613181591034e-01
2.359540089964866638e-01
2.667888831347227097e-01
2.574120685458183289e-01
2.695397939532995224e-01
2.369662579149007797e-01
2.352644596248865128e-01
2.135435212403535843e-01
2.695980742573738098e-01
2.466245908290147781e-01
2.742094267159700394e-01
2.272273618727922440e-01
2.252886071801185608e-01
1.973406877368688583e-01
2.146067563444375992e-01
2.293032482266426086e-01
1.522311363369226456e-01
1.968211773782968521e-01
2.970578838139772415e-01
1.878570094704627991e-01
1.519640143960714340e-01
2.063004616647958755e-01
1.868264898657798767e-01
1.791626531630754471e-01
1.882333196699619293e-01
2.056872993707656860e-01
2.079977057874202728e-01
1.978417709469795227e-01
1.826044823974370956e-01
2.038811352103948593e-01
3.466291837394237518e-01
1.829868871718645096e-01
2.050789762288331985e-01
2.362409476190805435e-01
2.686791066080331802e-01
2.740885075181722641e-01
2.578058838844299316e-01
2.261961642652750015e-01
2.678183801472187042e-01
2.565367091447114944e-01
1.960991900414228439e-01
2.048561573028564453e-01
2.235059030354022980e-01
2.074075210839509964e-01
2.230044268071651459e-01
1.608154065907001495e-01
1.877791546285152435e-01
2.276516593992710114e-01
1.977161858230829239e-01
1.962800957262516022e-01
2.145098671317100525e-01
1.702316943556070328e-01
1.880820132791996002e-01
1.903300900012254715e-01
1.698155943304300308e-01
2.366173751652240753e-01
3.244105875492095947e-01
2.881604097783565521e-01
1.875531338155269623e-01
2.173595707863569260e-01
2.046399228274822235e-01
2.791783623397350311e-01
2.298404294997453690e-01
2.136850897222757339e-01
2.732299007475376129e-01
2.745084371417760849e-01
2.740573808550834656e-01
2.152188606560230255e-01
2.158045955002307892e-01
2.363686617463827133e-01
2.478194795548915863e-01
2.726055569946765900e-01
2.686266805976629257e-01
4.546747915446758270e-01
2.685636617243289948e-01
2.303963061422109604e-01
2.051204442977905273e-01
2.271379809826612473e-01
2.048325799405574799e-01
2.050205487757921219e-01
2.226191032677888870e-01
2.791579570621252060e-01
2.283318657428026199e-01
1.950845867395401001e-01
1.956231351941823959e-01
2.051895670592784882e-01
1.711498331278562546e-01
1.963377371430397034e-01
1.611686367541551590e-01
2.224512789398431778e-01
2.275031171739101410e-01
1.696060393005609512e-01
3.143981806933879852e-01
2.967953234910964966e-01
2.738486919552087784e-01
2.568927705287933350e-01
2.147690895944833755e-01
3.555440064519643784e-01
2.734852600842714310e-01
2.481559719890356064e-01
2.139280326664447784e-01
2.568150795996189117e-01
2.147633060812950134e-01
2.677780017256736755e-01
3.775545284152030945e-01
2.048113420605659485e-01
1.883635856211185455e-01
1.961449496448040009e-01
2.228863984346389771e-01
2.294917348772287369e-01
2.280108202248811722e-01
2.784403413534164429e-01
1.693122591823339462e-01
1.864439640194177628e-01
1.781119685620069504e-01
1.618639081716537476e-01
1.512715443968772888e-01
2.047277111560106277e-01
2.291303295642137527e-01
2.262320630252361298e-01
1.961536128073930740e-01
2.148926537483930588e-01
2.263801395893096924e-01
1.873604301363229752e-01
2.291317470371723175e-01
2.271611895412206650e-01
1.446626484394073486e-01
1.959906220436096191e-01
2.258671298623085022e-01
2.730752844363451004e-01
2.739617284387350082e-01
2.138979192823171616e-01
2.139310706406831741e-01
2.733664121478796005e-01
2.148722410202026367e-01
3.458981271833181381e-01
2.463133558630943298e-01
2.732413336634635925e-01
2.666896097362041473e-01
2.458141427487134933e-01
2.499196249991655350e-01
2.136212196201086044e-01
2.053653802722692490e-01
1.603829730302095413e-01
2.249746825546026230e-01
2.271028514951467514e-01
1.866400614380836487e-01
2.131357621401548386e-01
1.702371425926685333e-01
1.802402138710021973e-01
2.273888047784566879e-01
2.139330413192510605e-01
2.157697286456823349e-01
2.262690812349319458e-01
1.692071761935949326e-01
2.275059390813112259e-01
2.142131142318248749e-01
1.618765499442815781e-01
1.517156176269054413e-01
1.520574782043695450e-01
1.818539835512638092e-01
1.697244439274072647e-01
1.922828890383243561e-01
2.740939501672983170e-01
2.472843639552593231e-01
2.142108548432588577e-01
2.672696132212877274e-01
2.748717144131660461e-01
2.145350389182567596e-01
2.730250302702188492e-01
2.046384476125240326e-01
2.726384960114955902e-01
2.454897090792655945e-01
1.934322696179151535e-01
2.521875780075788498e-01
2.076176386326551437e-01
1.958859767764806747e-01
1.619385220110416412e-01
2.279751989990472794e-01
1.888448577374219894e-01
2.293533254414796829e-01
2.136741690337657928e-01
1.880257260054349899e-01
2.308898400515317917e-01
3.138821888715028763e-01
1.864943578839302063e-01
2.072707731276750565e-01
2.047892026603221893e-01
2.066251896321773529e-01
1.960050519555807114e-01
2.268607001751661301e-01
1.886487286537885666e-01
3.145193867385387421e-01
2.138192746788263321e-01
1.710100453346967697e-01
2.275465559214353561e-01
2.741727177053689957e-01
2.450030259788036346e-01
1.731630880385637283e-01
1.831371244043111801e-01
1.715081818401813507e-01
2.044036444276571274e-01
2.250715512782335281e-01
3.971452619880437851e-01
2.727173827588558197e-01
2.667454425245523453e-01
2.570985928177833557e-01
2.356098201125860214e-01
1.779050286859273911e-01
3.043658044189214706e-01
2.250884603708982468e-01
2.215798143297433853e-01
2.265332750976085663e-01
1.961108222603797913e-01
2.042375933378934860e-01
2.051287088543176651e-01
2.219495195895433426e-01
3.073400445282459259e-01
2.269223630428314209e-01
1.693893410265445709e-01
2.899076528847217560e-01
2.277845386415719986e-01
1.871917359530925751e-01
2.257243357598781586e-01
1.522819511592388153e-01
2.789388746023178101e-01
2.239777669310569763e-01
2.082595620304346085e-01
2.462789844721555710e-01
2.457081582397222519e-01
2.724017631262540817e-01
2.671720758080482483e-01
2.137043420225381851e-01
2.563781458884477615e-01
2.145831417292356491e-01
2.730197794735431671e-01
2.561776973307132721e-01
2.725614272058010101e-01
2.728370074182748795e-01
2.298489902168512344e-01
2.045739423483610153e-01
2.266812715679407120e-01
1.612068768590688705e-01
1.954365763813257217e-01
2.788835745304822922e-01
2.731247916817665100e-01
2.873667683452367783e-01
2.260189335793256760e-01
2.277548722922801971e-01
2.136410828679800034e-01
1.779155973345041275e-01
3.073330298066139221e-01
2.043379936367273331e-01
1.966300774365663528e-01
2.776765935122966766e-01
2.123350743204355240e-01
3.046549391001462936e-01
1.519925650209188461e-01
2.036292254924774170e-01
2.472271565347909927e-01
2.721888069063425064e-01
2.722196541726589203e-01
1.924148034304380417e-01
2.727456577122211456e-01
2.663244903087615967e-01
2.721480689942836761e-01
2.240831423550844193e-01
2.237550206482410431e-01
2.563879936933517456e-01
2.716335989534854889e-01
1.716027725487947464e-01
1.935989446938037872e-01
2.274445872753858566e-01
2.049281410872936249e-01
2.265232019126415253e-01
2.286441996693611145e-01
2.255775537341833115e-01
2.048159372061491013e-01
2.059938441962003708e-01
1.952462159097194672e-01
2.141172345727682114e-01
2.886230405420064926e-01
2.264285907149314880e-01
3.213171362876892090e-01
1.969593521207571030e-01
2.226418014615774155e-01
3.700409252196550369e-01
2.047614790499210358e-01
1.864084918051958084e-01
1.693502198904752731e-01
2.219104934483766556e-01
1.697702463716268539e-01
2.130171377211809158e-01
2.250047698616981506e-01
2.129522543400526047e-01
2.505812998861074448e-01
2.458831481635570526e-01
1.719116698950529099e-01
2.461961247026920319e-01
2.353338226675987244e-01
2.673779744654893875e-01
2.568215243518352509e-01
2.735399957746267319e-01
3.456198070198297501e-01
1.923216879367828369e-01
2.043675575405359268e-01
2.147083301097154617e-01
3.353429120033979416e-01
1.608520857989788055e-01
1.791122872382402420e-01
2.060760688036680222e-01
3.047836124897003174e-01
1.890758890658617020e-01
2.045360095798969269e-01
1.792425438761711121e-01
1.887275669723749161e-01
2.283547073602676392e-01
2.228711619973182678e-01
2.255975566804409027e-01
2.790543977171182632e-01
1.871961653232574463e-01
2.062326092272996902e-01
2.177506461739540100e-01
2.648948747664690018e-01
2.743188869208097458e-01
2.563109919428825378e-01
2.464272435754537582e-01
2.569888010621070862e-01
2.667549476027488708e-01
2.574929296970367432e-01
2.464021053165197372e-01
2.246482390910387039e-01
2.467990498989820480e-01
3.661178648471832275e-01
3.040087129920721054e-01
1.694316528737545013e-01
1.883660405874252319e-01
2.266691364347934723e-01
2.263076305389404297e-01
2.267582342028617859e-01
1.867549624294042587e-01
1.955086123198270798e-01
3.233336340636014938e-01
2.121931724250316620e-01
2.264830172061920166e-01
1.630666367709636688e-01
1.778890788555145264e-01
2.962193097919225693e-01
1.809186302125453949e-01
2.230521645396947861e-01
2.147081624716520309e-01
3.126687873154878616e-01
2.491427715867757797e-01
2.033597007393836975e-01
3.766992893069982529e-01
3.859329633414745331e-01
2.452610526233911514e-01
2.724898848682641983e-01
3.755934331566095352e-01
3.869477435946464539e-01
2.347696106880903244e-01
2.343444284051656723e-01
2.669337186962366104e-01
1.716789752244949341e-01
2.055148016661405563e-01
1.868136860430240631e-01
1.859176959842443466e-01
1.861679200083017349e-01
2.041451521217823029e-01
2.150974366813898087e-01
1.695730313658714294e-01
2.262279856950044632e-01
2.292260471731424332e-01
1.775237359106540680e-01
2.042333986610174179e-01
1.885368749499320984e-01
2.049812115728855133e-01
1.776083987206220627e-01
2.263476457446813583e-01
1.958277355879545212e-01
2.265592459589242935e-01
2.266000378876924515e-01
2.636158466339111328e-01
2.725189477205276489e-01
1.930301953107118607e-01
2.354713957756757736e-01
2.576841488480567932e-01
3.553105387836694717e-01
2.739086523652076721e-01
2.722340077161788940e-01
3.874044548720121384e-01
2.140122931450605392e-01
1.869881469756364822e-01
1.791352648288011551e-01
2.271471880376338959e-01
2.039947807788848877e-01
3.058563321828842163e-01
2.274755965918302536e-01
2.043808680027723312e-01
2.218757364898920059e-01
2.264647036790847778e-01
1.784060131758451462e-01
2.259068209677934647e-01
2.229488566517829895e-01
2.280943095684051514e-01
2.124467343091964722e-01
2.193925250321626663e-01
1.785767059773206711e-01
2.775482982397079468e-01
2.265165187418460846e-01
1.878941338509321213e-01
2.263074535876512527e-01
2.224948666989803314e-01
2.977234330028295517e-01
2.281389813870191574e-01
2.571972496807575226e-01
2.246112693101167679e-01
2.456553876399993896e-01
3.344916850328445435e-01
2.564116436988115311e-01
2.464249636977910995e-01
2.721890453249216080e-01
3.360137008130550385e-01
2.044598925858736038e-01
2.579077240079641342e-01
2.473309952765703201e-01
1.992014050483703613e-01
2.045859005302190781e-01
3.143179826438426971e-01
1.705108787864446640e-01
2.268390282988548279e-01
2.225334793329238892e-01
1.781896483153104782e-01
2.274036947637796402e-01
2.262172959744930267e-01
2.261904850602149963e-01
2.218821886926889420e-01
1.896350923925638199e-01
2.153210304677486420e-01
1.773627772927284241e-01
3.050476144999265671e-01
2.965044565498828888e-01
2.047511469572782516e-01
2.222255561500787735e-01
1.693395022302865982e-01
2.223329879343509674e-01
2.268068529665470123e-01
1.972259599715471268e-01
3.204808775335550308e-01
2.569051384925842285e-01
2.716093994677066803e-01
2.353698741644620895e-01
1.931177172809839249e-01
2.569469697773456573e-01
2.352881133556365967e-01
1.924677677452564240e-01
3.455758970230817795e-01
2.726762201637029648e-01
3.850453812628984451e-01
2.266987375915050507e-01
1.863498929888010025e-01
3.308569043874740601e-01
3.235940840095281601e-01
2.268208153545856476e-01
1.852877363562583923e-01
2.157354857772588730e-01
1.771644037216901779e-01
1.772689539939165115e-01
2.269839718937873840e-01
2.279192637652158737e-01
2.062659468501806259e-01
1.953612882643938065e-01
2.779101617634296417e-01
2.147038150578737259e-01
1.515558678656816483e-01
1.519839428365230560e-01
2.159189805388450623e-01
1.866346392780542374e-01
2.273930236697196960e-01
2.247172947973012924e-01
2.668609991669654846e-01
2.569522000849246979e-01
2.373015545308589935e-01
2.572014052420854568e-01
2.724406309425830841e-01
2.720127720385789871e-01
2.464158199727535248e-01
2.134473398327827454e-01
2.363258823752403259e-01
2.035487256944179535e-01
2.691011726856231689e-01
2.722002044320106506e-01
2.267343234270811081e-01
2.893177885562181473e-01
1.691909860819578171e-01
1.871157456189393997e-01
1.975779850035905838e-01
3.048447798937559128e-01
2.259181309491395950e-01
2.055295761674642563e-01
2.277896516025066376e-01
2.273378893733024597e-01
1.801062915474176407e-01
2.285624109208583832e-01
2.873223125934600830e-01
1.626364346593618393e-01
2.039573602378368378e-01
2.137918714433908463e-01
2.117697577923536301e-01
3.670312073081731796e-01
1.821733079850673676e-01
2.672925796359777451e-01
2.347951345145702362e-01
3.664962835609912872e-01
2.554811853915452957e-01
1.925088372081518173e-01
2.736588381230831146e-01
1.722502466291189194e-01
2.569562122225761414e-01
3.073036130517721176e-01
2.039780877530574799e-01
1.620861701667308807e-01
1.614120230078697205e-01
2.065670844167470932e-01
2.053774800151586533e-01
1.970676165074110031e-01
3.123124074190855026e-01
2.234511934220790863e-01
2.138634007424116135e-01
1.975116189569234848e-01
1.963570751249790192e-01
1.964722946286201477e-01
1.547520849853754044e-01
1.783845219761133194e-01
2.262092642486095428e-01
1.952708512544631958e-01
1.953706033527851105e-01
2.224249131977558136e-01
1.867976170033216476e-01
1.602964401245117188e-01
1.795335076749324799e-01
1.980577372014522552e-01
2.139424849301576614e-01
2.717001195996999741e-01
2.751643285155296326e-01
3.565175551921129227e-01
2.262781932950019836e-01
3.474908098578453064e-01
2.721782363951206207e-01
2.372292038053274155e-01
2.032497078180313110e-01
2.147662974894046783e-01
2.244276944547891617e-01
2.360981926321983337e-01
2.361505646258592606e-01
2.230010461062192917e-01
2.373456563800573349e-01
1.960857789963483810e-01
2.225838918238878250e-01
1.699657645076513290e-01
1.873337868601083755e-01
1.605049278587102890e-01
2.242695856839418411e-01
2.271822318434715271e-01
2.138063143938779831e-01
2.040952108800411224e-01
2.044695354998111725e-01
2.266319431364536285e-01
2.068027034401893616e-01
1.781520415097475052e-01
1.955037396401166916e-01
1.800246480852365494e-01
1.515543814748525620e-01
1.606383658945560455e-01
1.949760802090167999e-01
2.262127809226512909e-01
2.272929418832063675e-01
2.157177906483411789e-01
2.457646392285823822e-01
2.350582592189311981e-01
2.240951564162969589e-01
2.727889437228441238e-01
2.148439381271600723e-01
2.680628504604101181e-01
2.571148965507745743e-01
2.726168986409902573e-01
1.876097954809665680e-01
2.145253065973520279e-01
2.278854120522737503e-01
2.135819606482982635e-01
2.061173543334007263e-01
1.783250290900468826e-01
2.261585462838411331e-01
2.125232778489589691e-01
2.252825386822223663e-01
2.221440449357032776e-01
2.275019492954015732e-01
1.614387594163417816e-01
2.038124874234199524e-01
2.273568212985992432e-01
2.259576097130775452e-01
2.039132043719291687e-01
2.258287817239761353e-01
2.037793174386024475e-01
1.883520595729351044e-01
2.011241056025028229e-01
2.444825079292058945e-01
2.413248922675848007e-01
2.460109293460845947e-01
4.287407658994197845e-01
2.465763557702302933e-01
1.937219426035881042e-01
2.730243932455778122e-01
2.356427367776632309e-01
2.144119236618280411e-01
1.813568565994501114e-01
2.722783386707305908e-01
2.149266321212053299e-01
1.699995063245296478e-01
2.270843107253313065e-01
2.253126166760921478e-01
2.043709643185138702e-01
1.599927321076393127e-01
1.892150174826383591e-01
1.953419800847768784e-01
2.134171575307846069e-01
2.291311249136924744e-01
2.702747732400894165e-01
2.122395504266023636e-01
1.887482553720474243e-01
1.955130007117986679e-01
2.042148075997829437e-01
2.266314495354890823e-01
1.953702699393033981e-01
3.158359695225954056e-01
1.608964428305625916e-01
2.273797690868377686e-01
1.891073901206254959e-01
2.270559202879667282e-01
1.958457622677087784e-01
1.707782763987779617e-01
2.142454776912927628e-01
3.645755574107170105e-01
2.675706427544355392e-01
2.722269333899021149e-01
2.729272972792387009e-01
2.463863920420408249e-01
2.554638255387544632e-01
2.241734173148870468e-01
3.349192868918180466e-01
2.417460829019546509e-01
2.049620058387517929e-01
1.954293996095657349e-01
2.274676933884620667e-01
2.275314256548881531e-01
2.046096958220005035e-01
1.715964358299970627e-01
2.275054678320884705e-01
2.274379581212997437e-01
3.318990450352430344e-01
1.783915311098098755e-01
1.956757549196481705e-01
1.896393503993749619e-01
2.047821786254644394e-01
2.132473979145288467e-01
1.979650259017944336e-01
2.262139711529016495e-01
1.345424167811870575e-01
1.959094647318124771e-01
2.135254312306642532e-01
2.565016783773899078e-01
2.729206103831529617e-01
3.553527425974607468e-01
3.656468801200389862e-01
3.765281867235898972e-01
2.356665320694446564e-01
2.563237510621547699e-01
2.565758265554904938e-01
2.466224525123834610e-01
2.243530042469501495e-01
2.666533868759870529e-01
2.864828649908304214e-01
1.953070890158414841e-01
2.222922910004854202e-01
2.285404559224843979e-01
1.959273610264062881e-01
2.284290622919797897e-01
1.601716727018356323e-01
1.521012261509895325e-01
1.947048176079988480e-01
1.879192199558019638e-01
1.450674012303352356e-01
2.292933408170938492e-01
1.867200173437595367e-01
2.140794899314641953e-01
1.991035230457782745e-01
2.280172556638717651e-01
2.043981514871120453e-01
1.982301231473684311e-01
3.037697318941354752e-01
1.767084356397390366e-01
2.251871321350336075e-01
3.348836563527584076e-01
3.359364923089742661e-01
2.755670323967933655e-01
3.875794094055891037e-01
2.353533878922462463e-01
2.354070618748664856e-01
2.730882577598094940e-01
2.350369244813919067e-01
2.452117279171943665e-01
2.274118103086948395e-01
2.270101755857467651e-01
2.811582572758197784e-01
2.264358587563037872e-01
2.047995533794164658e-01
2.132604941725730896e-01
2.046216819435358047e-01
2.156459875404834747e-01
2.130923531949520111e-01
1.963624805212020874e-01
2.068067248910665512e-01
3.036640696227550507e-01
2.267156578600406647e-01
2.062043640762567520e-01
1.873692572116851807e-01
1.602462157607078552e-01
2.255029827356338501e-01
2.125805243849754333e-01
2.267558164894580841e-01
2.281213477253913879e-01
3.562888074666261673e-01
2.742760330438613892e-01
2.137678842991590500e-01
2.159829605370759964e-01
2.137775178998708725e-01
2.159111313521862030e-01
2.735197376459836960e-01
2.165118660777807236e-01
2.674617376178503036e-01
2.054706439375877380e-01
3.451226428151130676e-01
2.160193603485822678e-01
1.597489826381206512e-01
1.879347134381532669e-01
1.870522610843181610e-01
2.266248520463705063e-01
2.136446889489889145e-01
1.789532173424959183e-01
2.263844422996044159e-01
2.260229941457509995e-01
1.443997845053672791e-01
1.960522476583719254e-01
2.267283182591199875e-01
1.887739617377519608e-01
2.781539075076580048e-01
1.599948219954967499e-01
1.955632045865058899e-01
1.954823508858680725e-01
2.273072488605976105e-01
3.610065542161464691e-01
1.865022610872983932e-01
2.259867545217275620e-01
2.259934972971677780e-01
2.724981941282749176e-01
2.135837133973836899e-01
2.549911551177501678e-01
2.727239076048135757e-01
2.232096269726753235e-01
3.659204207360744476e-01
1.826802566647529602e-01
2.023779246956110001e-01
2.551227565854787827e-01
2.725687921047210693e-01
2.720599845051765442e-01
2.460776381194591522e-01
1.894980184733867645e-01
1.506184693425893784e-01
1.765911132097244263e-01
1.510848160833120346e-01
1.769179906696081161e-01
3.146026935428380966e-01
1.953734047710895538e-01
1.877583004534244537e-01
1.884752586483955383e-01
2.133819442242383957e-01
2.044795323163270950e-01
1.596383731812238693e-01
2.216023895889520645e-01
1.793038286268711090e-01
2.258925549685955048e-01
2.052039634436368942e-01
1.628154199570417404e-01
2.215385958552360535e-01
2.051282469183206558e-01
3.989213947206735611e-01
2.145970147103071213e-01
2.719536554068326950e-01
3.754241205751895905e-01
2.716498300433158875e-01
2.740348186343908310e-01
2.470844462513923645e-01
1.922378689050674438e-01
4.699885565787553787e-01
2.715955004096031189e-01
2.035795841366052628e-01
1.789848990738391876e-01
3.306859042495489120e-01
2.267426773905754089e-01
2.945678010582923889e-01
2.042905986309051514e-01
2.040546927601099014e-01
1.690259873867034912e-01
2.134115081280469894e-01
2.353317793458700180e-01
2.272774931043386459e-01
1.950408238917589188e-01
1.718842685222625732e-01
1.959552746266126633e-01
1.781283915042877197e-01
1.697189807891845703e-01
1.964944042265415192e-01
2.228154577314853668e-01
2.051563896238803864e-01
2.228908147662878036e-01
2.056533489376306534e-01
1.867729146033525467e-01
2.227837815880775452e-01
2.569846529513597488e-01
2.137220315635204315e-01
2.729978132992982864e-01
2.354592941701412201e-01
2.362575400620698929e-01
2.141197025775909424e-01
2.566449083387851715e-01
2.252744771540164948e-01
2.041577529162168503e-01
2.672777604311704636e-01
2.038549389690160751e-01
2.275454737246036530e-01
1.695056259632110596e-01
2.261463869363069534e-01
2.159722521901130676e-01
2.267613280564546585e-01
1.608684714883565903e-01
1.776588633656501770e-01
1.954534184187650681e-01
2.287094425410032272e-01
2.141486480832099915e-01
1.776987146586179733e-01
2.237190175801515579e-01
1.955013871192932129e-01
2.870698478072881699e-01
2.230430934578180313e-01
1.863583065569400787e-01
1.688651703298091888e-01
1.977721173316240311e-01
2.450563684105873108e-01
1.929446943104267120e-01
2.739619407802820206e-01
2.462022881954908371e-01
2.557335440069437027e-01
3.549375664442777634e-01
2.730847727507352829e-01
2.356692682951688766e-01
1.927538979798555374e-01
2.726288754492998123e-01
2.034450005739927292e-01
2.726271990686655045e-01
1.956824045628309250e-01
2.217088993638753891e-01
1.612343806773424149e-01
2.227904833853244781e-01
2.230074945837259293e-01
2.162863854318857193e-01
2.785498090088367462e-01
2.265608180314302444e-01
1.774825919419527054e-01
2.257810961455106735e-01
1.955669354647397995e-01
1.983993630856275558e-01
1.773932296782732010e-01
1.948462836444377899e-01
1.952120829373598099e-01
2.041155099868774414e-01
2.156682424247264862e-01
2.046657856553792953e-01
2.441478725522756577e-01
2.650643121451139450e-01
2.728055287152528763e-01
2.263611797243356705e-01
2.134820595383644104e-01
2.676246017217636108e-01
2.140150964260101318e-01
2.455811090767383575e-01
2.463740613311529160e-01
2.452769130468368530e-01
2.248275242745876312e-01
2.662491574883460999e-01
2.727810684591531754e-01
2.270159907639026642e-01
2.145233023911714554e-01
2.035472709685564041e-01
1.697242502123117447e-01
2.256231512874364853e-01
1.957364473491907120e-01
1.707643512636423111e-01
2.215688657015562057e-01
2.263723481446504593e-01
2.224395386874675751e-01
1.777631714940071106e-01
2.125210054218769073e-01
2.283950764685869217e-01
2.129244711250066757e-01
2.042643856257200241e-01
1.454629115760326385e-01
1.916372720152139664e-01
1.917379554361104965e-01
2.245850171893835068e-01
2.031048014760017395e-01
2.351737301796674728e-01
2.451922502368688583e-01
2.717688791453838348e-01
2.032082099467515945e-01
2.450922410935163498e-01
2.147459033876657486e-01
2.347942274063825607e-01
3.478225041180849075e-01
1.993348076939582825e-01
1.962386984378099442e-01
2.154869399964809418e-01
2.123935315757989883e-01
3.122994937002658844e-01
2.801168058067560196e-01
1.966045890003442764e-01
2.134753819555044174e-01
1.957597937434911728e-01
1.965487245470285416e-01
1.782843004912137985e-01
2.296359650790691376e-01
2.274124827235937119e-01
2.279046159237623215e-01
2.239951677620410919e-01
1.951882615685462952e-01
2.264975104480981827e-01
1.964295748621225357e-01
1.682348754256963730e-01
2.043551839888095856e-01
2.045495416969060898e-01
2.122479155659675598e-01
2.069966215640306473e-01
2.029034607112407684e-01
2.131924852728843689e-01
3.444920256733894348e-01
2.713324576616287231e-01
2.720532584935426712e-01
2.354544624686241150e-01
3.327523451298475266e-01
2.455421499907970428e-01
2.030381783843040466e-01
2.588258404284715652e-01
2.720154207199811935e-01
1.871246565133333206e-01
2.137229628860950470e-01
2.048143018037080765e-01
2.045431248843669891e-01
2.221404258161783218e-01
1.958281025290489197e-01
2.155128568410873413e-01
2.268426679074764252e-01
1.699917390942573547e-01
1.886656526476144791e-01
1.430613547563552856e-01
2.041937522590160370e-01
2.157943565398454666e-01
2.130466848611831665e-01
2.130513340234756470e-01
2.235354408621788025e-01
1.866610161960124969e-01
2.266570068895816803e-01
2.060744334012269974e-01
1.871932037174701691e-01
2.264200039207935333e-01
2.051806822419166565e-01
2.609579898416996002e-01
2.666943967342376709e-01
2.135605551302433014e-01
2.048968635499477386e-01
2.459507994353771210e-01
2.718861177563667297e-01
2.730429284274578094e-01
2.571463622152805328e-01
2.461890876293182373e-01
3.341142032295465469e-01
2.348176315426826477e-01
2.354206703603267670e-01
2.360161375254392624e-01
1.871332675218582153e-01
1.873566061258316040e-01
1.876555085182189941e-01
3.220397960394620895e-01
2.295475583523511887e-01
2.137782201170921326e-01
1.964573040604591370e-01
1.888421606272459030e-01
1.955645028501749039e-01
2.301823962479829788e-01
1.609802525490522385e-01
1.878817770630121231e-01
2.062810491770505905e-01
2.279442548751831055e-01
1.704450789839029312e-01
2.293201107531785965e-01
2.276165336370468140e-01
1.864195354282855988e-01
2.132874634116888046e-01
2.390361521393060684e-01
2.683745305985212326e-01
2.143411990255117416e-01
2.140394505113363266e-01
3.982922676950693130e-01
3.979977052658796310e-01
2.742565628141164780e-01
1.823168173432350159e-01
2.689385991543531418e-01
2.738337721675634384e-01
2.240111716091632843e-01
2.568987254053354263e-01
1.687796451151371002e-01
2.284702975302934647e-01
1.613330170512199402e-01
2.894873358309268951e-01
1.953555457293987274e-01
1.872076503932476044e-01
2.077248003333806992e-01
1.961949430406093597e-01
1.953758355230093002e-01
1.972534079104661942e-01
2.268070876598358154e-01
1.958985142409801483e-01
2.155594229698181152e-01
1.964589394629001617e-01
1.870203539729118347e-01
1.957927942276000977e-01
2.056813668459653854e-01
1.961435284465551376e-01
1.691099014133214951e-01
2.262640465050935745e-01
2.265337798744440079e-01
2.247859500348567963e-01
2.343050688505172729e-01
2.571721039712429047e-01
2.470441088080406189e-01
2.561996411532163620e-01
2.449068985879421234e-01
2.244057953357696533e-01
2.717503514140844345e-01
1.719807442277669907e-01
2.036517523229122162e-01
2.662140782922506332e-01
2.249485421925783157e-01
2.035968974232673645e-01
2.061001490801572800e-01
1.946989595890045166e-01
1.771805789321660995e-01
2.131785508245229721e-01
2.042467370629310608e-01
1.623494997620582581e-01
1.954132895916700363e-01
1.681923326104879379e-01
2.120685428380966187e-01
2.213673777878284454e-01
2.120606359094381332e-01
2.768997978419065475e-01
1.867166720330715179e-01
2.261412907391786575e-01
2.033711522817611694e-01
3.037044964730739594e-01
2.895428799092769623e-01
2.639325112104415894e-01
2.463238257914781570e-01
1.928183082491159439e-01
2.669800166040658951e-01
2.574995346367359161e-01
1.924259774386882782e-01
1.922540236264467239e-01
2.723299395292997360e-01
2.575128749012947083e-01
2.723914869129657745e-01
2.558304890990257263e-01
2.734217587858438492e-01
2.704173605889081955e-01
2.985832411795854568e-01
1.964003778994083405e-01
1.786703690886497498e-01
1.868956759572029114e-01
2.275592125952243805e-01
1.958671864122152328e-01
2.307452913373708725e-01
2.132060751318931580e-01
2.049316186457872391e-01
1.775232236832380295e-01
2.266892045736312866e-01
2.971027344465255737e-01
2.332367990165948868e-01
1.951783075928688049e-01
1.892822366207838058e-01
1.865326482802629471e-01
1.958779599517583847e-01
1.701128650456666946e-01
2.134564872831106186e-01
2.282359115779399872e-01
2.993164192885160446e-01
2.033782713115215302e-01
2.727517373859882355e-01
3.648627288639545441e-01
2.673915047198534012e-01
2.352848164737224579e-01
2.046810723841190338e-01
2.140824627131223679e-01
3.767077680677175522e-01
2.039068415760993958e-01
2.467905301600694656e-01
3.337527010589838028e-01
3.558311443775892258e-01
1.949996892362833023e-01
1.536612994968891144e-01
1.607563514262437820e-01
1.860979534685611725e-01
1.769490726292133331e-01
2.262401059269905090e-01
2.266993932425975800e-01
1.768542677164077759e-01
1.521094348281621933e-01
2.241742834448814392e-01
2.040533423423767090e-01
1.863497719168663025e-01
1.699187848716974258e-01
1.955848746001720428e-01
2.124056592583656311e-01
1.977768167853355408e-01
2.263084240257740021e-01
1.866757329553365707e-01
1.778282690793275833e-01
1.604566331952810287e-01
2.667522449046373367e-01
2.716249842196702957e-01
2.234511170536279678e-01
4.056487251073122025e-01
2.135275267064571381e-01
1.917565800249576569e-01
2.672052793204784393e-01
2.728288825601339340e-01
2.031277511268854141e-01
2.725649978965520859e-01
2.563804797828197479e-01
2.014569118618965149e-01
1.872356757521629333e-01
2.955718524754047394e-01
3.054991159588098526e-01
2.054315581917762756e-01
3.047498669475317001e-01
1.865312270820140839e-01
1.868130471557378769e-01
1.775535289198160172e-01
1.866277083754539490e-01
1.697496864944696426e-01
2.042118329554796219e-01
3.225325215607881546e-01
1.850151922553777695e-01
3.123893570154905319e-01
1.953455042093992233e-01
2.261835187673568726e-01
1.771480981260538101e-01
1.984077040106058121e-01
2.953064087778329849e-01
2.967342808842658997e-01
2.408212088048458099e-01
2.459846623241901398e-01
1.826409623026847839e-01
2.729779705405235291e-01
2.142049744725227356e-01
1.924526039510965347e-01
3.883939161896705627e-01
2.046541590243577957e-01
3.657389171421527863e-01
2.729696929454803467e-01
2.575138919055461884e-01
3.355703093111515045e-01
2.152006998658180237e-01
1.599466744810342789e-01
1.699066329747438431e-01
3.215742334723472595e-01
2.048878241330385208e-01
2.809355705976486206e-01
1.781886983662843704e-01
2.265920862555503845e-01
1.986193004995584488e-01
1.970876473933458328e-01
1.960959546267986298e-01
2.292796038091182709e-01
1.784711591899394989e-01
2.226646021008491516e-01
2.078123725950717926e-01
2.048234250396490097e-01
2.055664025247097015e-01
2.265670485794544220e-01
2.271826639771461487e-01
2.067946493625640869e-01
2.077084090560674667e-01
2.563663814216852188e-01
2.456893119961023331e-01
2.043215651065111160e-01
2.144481278955936432e-01
2.037015110254287720e-01
2.339926511049270630e-01
2.721042372286319733e-01
2.231619060039520264e-01
2.718338947743177414e-01
1.918048560619354248e-01
1.949952822178602219e-01
3.141514509916305542e-01
2.212960198521614075e-01
1.860592793673276901e-01
2.286896668374538422e-01
2.217957451939582825e-01
1.768116112798452377e-01
2.797914799302816391e-01
2.268940564244985580e-01
1.689449530094861984e-01
2.036432065069675446e-01
2.228597458451986313e-01
2.263639662414789200e-01
1.874994337558746338e-01
2.262107580900192261e-01
2.304306905716657639e-01
1.869792472571134567e-01
1.784851588308811188e-01
1.892201900482177734e-01
2.137745320796966553e-01
3.239059187471866608e-01
1.933519747108221054e-01
2.343861199915409088e-01
2.473053354769945145e-01
2.353405617177486420e-01
2.452366668730974197e-01
2.446058671921491623e-01
3.445701301097869873e-01
2.244842071086168289e-01
2.456295564770698547e-01
2.726653441786766052e-01
1.921100914478302002e-01
1.256331615149974823e-01
3.134486414492130280e-01
2.140783481299877167e-01
2.863125614821910858e-01
1.958386674523353577e-01
1.957064121961593628e-01
1.868520155549049377e-01
2.049676328897476196e-01
2.288981135934591293e-01
1.955800354480743408e-01
1.857191082090139389e-01
2.145691756159067154e-01
2.046278715133666992e-01
1.877614445984363556e-01
1.969370283186435699e-01
2.237933091819286346e-01
2.271863073110580444e-01
3.223190568387508392e-01
2.751971073448657990e-01
1.928874123841524124e-01
2.447450198233127594e-01
1.936069093644618988e-01
2.037794608622789383e-01
2.036767061799764633e-01
2.232496067881584167e-01
2.561853453516960144e-01
2.463048100471496582e-01
2.737880144268274307e-01
2.364490572363138199e-01
2.546041496098041534e-01
2.144619356840848923e-01
1.609742883592844009e-01
1.955533493310213089e-01
2.042822632938623428e-01
1.962577980011701584e-01
2.283567525446414948e-01
2.958023250102996826e-01
2.130457013845443726e-01
2.063336633145809174e-01
2.130310125648975372e-01
1.782733779400587082e-01
1.712984517216682434e-01
1.959857679903507233e-01
3.474354445934295654e-01
2.877698093652725220e-01
1.955679450184106827e-01
2.794557400047779083e-01
1.887888945639133453e-01
1.604936234652996063e-01
2.125750258564949036e-01
1.968946456909179688e-01
2.177277859300374985e-01
4.066659193485975266e-01
1.920687519013881683e-01
2.358970921486616135e-01
2.722887322306632996e-01
3.562445137649774551e-01
2.237085290253162384e-01
2.666284069418907166e-01
2.029077634215354919e-01
2.559680528938770294e-01
2.728433944284915924e-01
2.258537411689758301e-01
2.138249687850475311e-01
1.603277698159217834e-01
2.131442669779062271e-01
2.263947222381830215e-01
1.790631618350744247e-01
2.131150048226118088e-01
1.683823764324188232e-01
1.522119622677564621e-01
1.771503556519746780e-01
1.602651588618755341e-01
1.781538389623165131e-01
1.952159237116575241e-01
2.249649222940206528e-01
1.434458885341882706e-01
2.140033245086669922e-01
2.155857775360345840e-01
1.875433977693319321e-01
2.246901765465736389e-01
1.631657816469669342e-01
2.676925901323556900e-01
2.450114376842975616e-01
2.456069812178611755e-01
2.720275148749351501e-01
2.732958830893039703e-01
2.250077296048402786e-01
1.710990797728300095e-01
2.563935201615095139e-01
2.460081949830055237e-01
2.460031639784574509e-01
2.352496795356273651e-01
2.288483008742332458e-01
2.129113376140594482e-01
2.037870641797780991e-01
2.841864861547946930e-01
2.033027149736881256e-01
3.033200632780790329e-01
2.253525704145431519e-01
2.121935263276100159e-01
1.849673818796873093e-01
2.252100445330142975e-01
2.271240260452032089e-01
1.672820542007684708e-01
2.244364265352487564e-01
3.020448237657546997e-01
1.938520893454551697e-01
2.255424298346042633e-01
1.939554736018180847e-01
3.056139890104532242e-01
2.725083790719509125e-01
2.544607818126678467e-01
2.029332835227251053e-01
2.340938895940780640e-01
2.134699877351522446e-01
2.444752585142850876e-01
3.424887154251337051e-01
3.947129193693399429e-01
2.331303358078002930e-01
2.453037276864051819e-01
2.659966591745615005e-01
1.456651631742715836e-01
2.938574012368917465e-01
2.197868581861257553e-01
2.031702026724815369e-01
2.250767126679420471e-01
2.276337146759033203e-01
1.941710654646158218e-01
2.114797104150056839e-01
1.875874642282724380e-01
2.123349029570817947e-01
2.132522501051425934e-01
2.274604067206382751e-01
3.562738168984651566e-01
1.941092386841773987e-01
1.632359009236097336e-01
2.237586323171854019e-01
2.571130134165287018e-01
2.673149667680263519e-01
2.277312427759170532e-01
2.362058125436306000e-01
2.178467046469449997e-01
2.561500091105699539e-01
3.496455699205398560e-01
2.771842479705810547e-01
2.574820704758167267e-01
3.762473147362470627e-01
2.606723420321941376e-01
2.161958571523427963e-01
1.965032741427421570e-01
2.144360989332199097e-01
2.847585957497358322e-01
2.233181893825531006e-01
1.982648931443691254e-01
2.303463295102119446e-01
1.985284928232431412e-01
1.982706226408481598e-01
1.862551216036081314e-01
1.957899425178766251e-01
2.298966124653816223e-01
3.107399214059114456e-01
1.532506924122571945e-01
1.962210908532142639e-01
2.287715058773756027e-01
2.270352952182292938e-01
2.500433921813964844e-01
2.363724410533905029e-01
2.771376185119152069e-01
3.769687637686729431e-01
2.763894479721784592e-01
1.827789023518562317e-01
2.747460082173347473e-01
2.266345396637916565e-01
2.694975901395082474e-01
2.735644560307264328e-01
2.393136769533157349e-01
2.165996674448251724e-01
1.806751396507024765e-01
2.295754402875900269e-01
2.040001265704631805e-01
1.804341729730367661e-01
1.981648020446300507e-01
2.277328819036483765e-01
2.158801443874835968e-01
2.294523753225803375e-01
1.979447901248931885e-01
1.738504283130168915e-01
1.774652805179357529e-01
1.986336484551429749e-01
1.959104929119348526e-01
2.078765369951725006e-01
2.060974873602390289e-01
2.167753297835588455e-01
2.167949955910444260e-01
2.231380268931388855e-01
1.804111134260892868e-01
1.769324876368045807e-01
2.445276789367198944e-01
1.936699599027633667e-01
2.154369913041591644e-01
2.663014028221368790e-01
2.719118762761354446e-01
2.731458749622106552e-01
1.956972181797027588e-01
2.152591608464717865e-01
2.588309049606323242e-01
2.162600569427013397e-01
1.963920257985591888e-01
2.053187545388936996e-01
2.309834379702806473e-01
1.880024485290050507e-01
2.280923593789339066e-01
2.257585600018501282e-01
1.877399645745754242e-01
1.619584411382675171e-01
3.091560639441013336e-01
2.232089843600988388e-01
1.959761027246713638e-01
1.983764711767435074e-01
2.784227691590785980e-01
1.972721498459577560e-01
1.736955028027296066e-01
2.282238509505987167e-01
1.877675391733646393e-01
2.735183294862508774e-01
2.760724965482950211e-01
2.480125967413187027e-01
2.732775062322616577e-01
2.738197129219770432e-01
2.363797668367624283e-01
2.359532732516527176e-01
2.246981747448444366e-01
2.137364596128463745e-01
2.472096830606460571e-01
2.575889322906732559e-01
2.540900427848100662e-01
1.876585446298122406e-01
2.050618324428796768e-01
1.610947661101818085e-01
1.803572848439216614e-01
1.961139515042304993e-01
2.278061825782060623e-01
2.287896890193223953e-01
2.272861879318952560e-01
2.062960360199213028e-01
1.707131061702966690e-01
1.976884119212627411e-01
1.792391184717416763e-01
2.058701384812593460e-01
1.790843363851308823e-01
1.627521794289350510e-01
2.145665418356657028e-01
2.893695030361413956e-01
2.064842265099287033e-01
2.301183994859457016e-01
1.528424955904483795e-01
1.888686902821063995e-01
1.979320123791694641e-01
2.057527899742126465e-01
2.299841940402984619e-01
2.476915810257196426e-01
2.153155002743005753e-01
2.752237282693386078e-01
2.256176918745040894e-01
2.691143453121185303e-01
2.358545921742916107e-01
2.050068136304616928e-01
2.741851303726434708e-01
2.688827086240053177e-01
2.577776070684194565e-01
2.471244763582944870e-01
1.965058464556932449e-01
2.057184278964996338e-01
1.792881507426500320e-01
2.244212944060564041e-01
2.152053415775299072e-01
1.702518854290246964e-01
2.910498902201652527e-01
2.138779126107692719e-01
1.789216417819261551e-01
1.636523399502038956e-01
2.795032802969217300e-01
1.265434026718139648e-01
2.178597841411828995e-01
2.234923597425222397e-01
2.063030228018760681e-01
1.617228556424379349e-01
1.874227803200483322e-01
1.702609620988368988e-01
2.600529268383979797e-01
2.574648726731538773e-01
2.737087197601795197e-01
1.938222460448741913e-01
2.739728428423404694e-01
2.360810823738574982e-01
2.256220337003469467e-01
3.678228519856929779e-01
2.576921842992305756e-01
1.936966888606548309e-01
1.943020634353160858e-01
1.841728445142507553e-01
1.837356481701135635e-01
1.974525675177574158e-01
2.283721994608640671e-01
3.263102304190397263e-01
2.268271129578351974e-01
2.249645777046680450e-01
2.045007329434156418e-01
2.276684213429689407e-01
1.870911885052919388e-01
2.047882564365863800e-01
2.049792204052209854e-01
2.282584253698587418e-01
1.690764948725700378e-01
1.962250545620918274e-01
1.774820890277624130e-01
2.272287216037511826e-01
2.057207580655813217e-01
2.216162420809268951e-01
1.955108977854251862e-01
1.708278544247150421e-01
2.259836494922637939e-01
1.951514780521392822e-01
2.281756531447172165e-01
1.603072453290224075e-01
1.681435834616422653e-01
2.591233681887388229e-01
2.348706852644681931e-01
2.464518155902624130e-01
2.726155947893857956e-01
2.710629664361476898e-01
2.253888752311468124e-01
2.352714780718088150e-01
2.728427220135927200e-01
2.675545923411846161e-01
3.441090881824493408e-01
2.237473428249359131e-01
2.343854606151580811e-01
2.302690297365188599e-01
2.224373612552881241e-01
2.278936430811882019e-01
2.273475378751754761e-01
1.957120709121227264e-01
2.269636783748865128e-01
2.062040753662586212e-01
2.051392588764429092e-01
2.053199242800474167e-01
1.772965695708990097e-01
2.282626032829284668e-01
2.263158895075321198e-01
2.279868144541978836e-01
2.143531218171119690e-01
2.354705575853586197e-01
3.550036959350109100e-01
2.570700347423553467e-01
2.733774222433567047e-01
2.734385076910257339e-01
2.455122061073780060e-01
1.821029689162969589e-01
2.361125331372022629e-01
3.463547583669424057e-01
2.720398977398872375e-01
2.571040559560060501e-01
2.965582348406314850e-01
2.280146572738885880e-01
2.137625105679035187e-01
1.702212654054164886e-01
2.244522850960493088e-01
1.511009167879819870e-01
2.229566983878612518e-01
3.097500223666429520e-01
2.260557431727647781e-01
1.695112884044647217e-01
1.974107325077056885e-01
1.784360650926828384e-01
2.270224075764417648e-01
2.295860648155212402e-01
2.270416170358657837e-01
2.873567212373018265e-01
2.076114453375339508e-01
2.047788277268409729e-01
1.871370635926723480e-01
1.963671930134296417e-01
1.963618081063032150e-01
2.040056400001049042e-01
2.270440813153982162e-01
2.163611091673374176e-01
2.078355588018894196e-01
1.930020004510879517e-01
2.739157360047101974e-01
2.565707303583621979e-01
2.677740007638931274e-01
2.470347732305526733e-01
2.664271071553230286e-01
3.688282147049903870e-01
1.827448271214962006e-01
1.927129067480564117e-01
2.357838321477174759e-01
2.737865392118692398e-01
2.052031029015779495e-01
1.638982445001602173e-01
2.120934911072254181e-01
2.273490652441978455e-01
1.967957876622676849e-01
2.965773344039916992e-01
1.962443012744188309e-01
1.706565394997596741e-01
2.233844771981239319e-01
2.069390770047903061e-01
2.134095020592212677e-01
2.143830005079507828e-01
2.148577105253934860e-01
2.277076914906501770e-01
2.228321488946676254e-01
2.282964363694190979e-01
1.694126632064580917e-01
1.874260287731885910e-01
2.566918320953845978e-01
1.942540761083364487e-01
2.246558833867311478e-01
2.566622067242860794e-01
3.771612234413623810e-01
2.262384444475173950e-01
2.740015275776386261e-01
2.365080211311578751e-01
2.373725064098834991e-01
2.668620180338621140e-01
1.932855583727359772e-01
1.930706035345792770e-01
2.053825519979000092e-01
2.221885565668344498e-01
1.455441396683454514e-01
1.862183716148138046e-01
1.700214110314846039e-01
1.968051753938198090e-01
1.961539294570684433e-01
1.987186949700117111e-01
1.691484116017818451e-01
2.141725663095712662e-01
1.617203466594219208e-01
2.131557036191225052e-01
2.222742605954408646e-01
2.462184745818376541e-01
2.467439156025648117e-01
3.659325819462537766e-01
2.739228233695030212e-01
2.475387547165155411e-01
2.349382061511278152e-01
2.260013315826654434e-01
3.358717858791351318e-01
2.134373690932989120e-01
2.733947038650512695e-01
2.728287335485219955e-01
2.054152898490428925e-01
1.886982005089521408e-01
2.054992597550153732e-01
2.146514151245355606e-01
2.052762582898139954e-01
2.219887319952249527e-01
2.270055469125509262e-01
2.156183235347270966e-01
1.795557904988527298e-01
1.967942714691162109e-01
2.280814778059720993e-01
1.963297892361879349e-01
1.904820427298545837e-01
2.882856484502553940e-01
2.276467382907867432e-01
2.949308268725872040e-01
3.301708884537220001e-01
2.033287771046161652e-01
2.574773021042346954e-01
2.457797974348068237e-01
2.569974660873413086e-01
2.035532835870981216e-01
2.267454136162996292e-01
2.741543818265199661e-01
2.362441271543502808e-01
3.352728318423032761e-01
2.576853521168231964e-01
2.743700519204139709e-01
2.061408087611198425e-01
2.806868422776460648e-01
3.047358114272356033e-01
2.276394218206405640e-01
1.622513439506292343e-01
2.058847099542617798e-01
2.976014856249094009e-01
2.310199011117219925e-01
2.286879327148199081e-01
2.141224667429924011e-01
1.900629606097936630e-01
1.781851425766944885e-01
2.240934111177921295e-01
2.256103400141000748e-01
1.876543387770652771e-01
2.230915818363428116e-01
2.069369424134492874e-01
2.220362238585948944e-01
2.485313154757022858e-01
2.255481071770191193e-01
2.257488444447517395e-01
2.365674898028373718e-01
3.561394084244966507e-01
2.567340712994337082e-01
2.465210258960723877e-01
2.742147650569677353e-01
2.368532307446002960e-01
2.476548831909894943e-01
2.151155807077884674e-01
2.277385015040636063e-01
1.804182324558496475e-01
1.883690021932125092e-01
2.287636157125234604e-01
1.794900521636009216e-01
2.245832271873950958e-01
1.697709504514932632e-01
1.788072641938924789e-01
1.622355263680219650e-01
2.253031488507986069e-01
1.703228298574686050e-01
2.288353312760591507e-01
2.829875461757183075e-01
1.874908488243818283e-01
2.236893437802791595e-01
2.149150874465703964e-01
1.523512620478868484e-01
2.271737493574619293e-01
3.061771616339683533e-01
2.224060241132974625e-01
2.257205881178379059e-01
1.938273664563894272e-01
2.594407889991998672e-01
2.745767310261726379e-01
2.147558741271495819e-01
2.148633245378732681e-01
2.737301047891378403e-01
2.149437125772237778e-01
1.714150328189134598e-01
2.482406664639711380e-01
2.738555781543254852e-01
1.690017171204090118e-01
2.985430546104907990e-01
2.059485148638486862e-01
2.290191594511270523e-01
1.720589492470026016e-01
1.787779890000820160e-01
2.902267444878816605e-01
3.088053911924362183e-01
2.051323242485523224e-01
2.285867482423782349e-01
1.734420172870159149e-01
2.249166350811719894e-01
2.059334609657526016e-01
1.895821895450353622e-01
1.616123784333467484e-01
1.792356818914413452e-01
1.806407868862152100e-01
1.968202535063028336e-01
3.882705811411142349e-01
3.265588413923978806e-01
3.684289082884788513e-01
2.144349496811628342e-01
2.159800734370946884e-01
2.742060255259275436e-01
2.693278286606073380e-01
2.374890763312578201e-01
2.155647166073322296e-01
3.322282116860151291e-01
2.229768093675374985e-01
3.099927362054586411e-01
2.280797977000474930e-01
1.796856354922056198e-01
1.908712759613990784e-01
3.325822781771421432e-01
1.703728046268224716e-01
1.898913923650979996e-01
2.280037086457014084e-01
3.238260708749294281e-01
1.806149538606405258e-01
3.408271837979555130e-01
2.272618133574724197e-01
2.994889914989471436e-01
2.808724399656057358e-01
2.054415661841630936e-01
1.798178162425756454e-01
2.277529016137123108e-01
1.799538694322109222e-01
2.297005262225866318e-01
3.731464687734842300e-01
2.254356555640697479e-01
2.738991081714630127e-01
2.571292482316493988e-01
4.086646996438503265e-01
2.151006907224655151e-01
2.149606309831142426e-01
2.478587776422500610e-01
2.742253076285123825e-01
2.737605310976505280e-01
2.043091226369142532e-01
2.461502030491828918e-01
1.697129644453525543e-01
2.309383675456047058e-01
2.233434133231639862e-01
2.273995038121938705e-01
2.997572626918554306e-01
1.709789112210273743e-01
2.147253584116697311e-01
1.821465473622083664e-01
3.663062229752540588e-01
2.233792971819639206e-01
3.006506692618131638e-01
2.064214311540126801e-01
2.266046591103076935e-01
1.965031903237104416e-01
2.236039601266384125e-01
1.959901750087738037e-01
2.750826440751552582e-01
1.877708155661821365e-01
2.281430158764123917e-01
3.248165138065814972e-01
2.479660604149103165e-01
2.146477550268173218e-01
2.464566305279731750e-01
2.674953453242778778e-01
1.934241391718387604e-01
3.792635370045900345e-01
2.745842467993497849e-01
2.375611104071140289e-01
3.882730156183242798e-01
2.577275503426790237e-01
2.371146772056818008e-01
1.706973761320114136e-01
2.273799739778041840e-01
2.075526583939790726e-01
2.970755361020565033e-01
1.778890360146760941e-01
3.345675654709339142e-01
1.607833597809076309e-01
2.274941317737102509e-01
1.448891777545213699e-01
2.220605369657278061e-01
3.040637113153934479e-01
2.073907200247049332e-01
2.694895770400762558e-01
2.274434696882963181e-01
2.302542887628078461e-01
2.138886768370866776e-01
1.701897606253623962e-01
1.874889750033617020e-01
2.264383807778358459e-01
1.702687013894319534e-01
3.050012271851301193e-01
1.781966071575880051e-01
2.492122408002614975e-01
2.141304649412631989e-01
2.738962937146425247e-01
2.038291152566671371e-01
3.362434580922126770e-01
2.568483762443065643e-01
2.697281818836927414e-01
2.461854200810194016e-01
3.463676329702138901e-01
2.152825016528367996e-01
2.156208176165819168e-01
2.139365617185831070e-01
1.972029525786638260e-01
1.606499869376420975e-01
2.275379095226526260e-01
2.955728694796562195e-01
2.273419667035341263e-01
2.268102504312992096e-01
1.874109841883182526e-01
1.875348389148712158e-01
2.147702015936374664e-01
2.151817101985216141e-01
1.954001989215612411e-01
1.809386163949966431e-01
1.789458040148019791e-01
1.711254827678203583e-01
2.056614924222230911e-01
2.062738146632909775e-01
2.355921715497970581e-01
2.676160614937543869e-01
2.735922839492559433e-01
2.264383845031261444e-01
2.146172970533370972e-01
2.768026869744062424e-01
2.151526492089033127e-01
2.674697320908308029e-01
2.248659525066614151e-01
2.573973480612039566e-01
2.243800926953554153e-01
2.297292426228523254e-01
1.869828384369611740e-01
2.268752548843622208e-01
1.692660357803106308e-01
1.960865315049886703e-01
1.873357743024826050e-01
1.893912497907876968e-01
3.568966165184974670e-01
1.610383205115795135e-01
1.800186801701784134e-01
1.963559426367282867e-01
2.045274414122104645e-01
1.444232054054737091e-01
1.688958965241909027e-01
3.224088624119758606e-01
1.720549594610929489e-01
2.279825843870639801e-01
1.815498899668455124e-01
2.281024400144815445e-01
1.517302189022302628e-01
2.205994632095098495e-01
3.698995038866996765e-01
2.729723975062370300e-01
2.737748268991708755e-01
2.359692621976137161e-01
2.578686885535717010e-01
2.728754710406064987e-01
2.566857188940048218e-01
1.926297787576913834e-01
3.668643571436405182e-01
2.151542175561189651e-01
2.250233683735132217e-01
1.832473892718553543e-01
2.142938114702701569e-01
1.872072592377662659e-01
2.280162964016199112e-01
2.276576552540063858e-01
2.288444805890321732e-01
1.693397369235754013e-01
1.709999833256006241e-01
3.052853886038064957e-01
1.963667664676904678e-01
2.075186148285865784e-01
1.879355628043413162e-01
2.278313152492046356e-01
1.876109465956687927e-01
1.796152386814355850e-01
1.973054800182580948e-01
1.967388745397329330e-01
2.146077211946249008e-01
2.240437977015972137e-01
2.362300362437963486e-01
2.464736700057983398e-01
2.354599293321371078e-01
2.159460689872503281e-01
1.826231554150581360e-01
2.156658805906772614e-01
2.251352686434984207e-01
2.036519739776849747e-01
2.245963849127292633e-01
2.707393486052751541e-01
2.546739131212234497e-01
2.347941827028989792e-01
2.050254829227924347e-01
2.252465151250362396e-01
2.039876747876405716e-01
2.140412423759698868e-01
1.508801169693470001e-01
3.120572976768016815e-01
2.040384206920862198e-01
3.036835305392742157e-01
1.335957162082195282e-01
2.049524765461683273e-01
1.859804075211286545e-01
2.278678584843873978e-01
1.952132675796747208e-01
1.602164357900619507e-01
1.952556315809488297e-01
2.778508476912975311e-01
2.330250423401594162e-01
1.858928557485342026e-01
2.780616525560617447e-01
1.420869212597608566e-01
2.262407336384057999e-01
2.049878221005201340e-01
1.981547418981790543e-01
1.948617473244667053e-01
2.240614220499992371e-01
2.724407240748405457e-01
2.356742080301046371e-01
1.819133106619119644e-01
2.341187894344329834e-01
2.351389564573764801e-01
2.721341568976640701e-01
2.721338663250207901e-01
2.230508998036384583e-01
3.750237841159105301e-01
2.659369725733995438e-01
2.253597974777221680e-01
2.245912905782461166e-01
2.047796864062547684e-01
2.272133007645606995e-01
2.219436056911945343e-01
2.290878221392631531e-01
1.999362371861934662e-01
2.132210265845060349e-01
1.979843154549598694e-01
2.195805795490741730e-01
1.982600018382072449e-01
2.088857199996709824e-01
1.836946252733469009e-01
2.229362390935420990e-01
2.085607443004846573e-01
1.833822689950466156e-01
2.164156436920166016e-01
1.957494672387838364e-01
2.388746254146099091e-01
2.489533089101314545e-01
2.508908659219741821e-01
2.498524896800518036e-01
1.957867592573165894e-01
2.274922281503677368e-01
2.162392716854810715e-01
2.676600143313407898e-01
3.248071875423192978e-01
2.696766871958971024e-01
2.062975130975246429e-01
2.150447033345699310e-01
1.801699530333280563e-01
1.733257286250591278e-01
2.068829275667667389e-01
1.798026505857706070e-01
2.198682539165019989e-01
1.789588686078786850e-01
2.328558545559644699e-01
2.309396713972091675e-01
2.091207318007946014e-01
2.919885478913784027e-01
2.946452647447586060e-01
2.283878829330205917e-01
2.284861784428358078e-01
2.305454630404710770e-01
1.887888144701719284e-01
2.071373965591192245e-01
2.104332689195871353e-01
2.076430339366197586e-01
2.082191258668899536e-01
2.271364424377679825e-01
2.764442898333072662e-01
2.062208782881498337e-01
2.395880781114101410e-01
2.071057800203561783e-01
2.385136447846889496e-01
2.494490463286638260e-01
2.151281442493200302e-01
2.048549540340900421e-01
2.061028834432363510e-01
1.844241637736558914e-01
2.762177363038063049e-01
2.764065414667129517e-01
2.934998050332069397e-01
2.315719518810510635e-01
1.800505071878433228e-01
2.272817641496658325e-01
2.256651706993579865e-01
2.989843022078275681e-01
2.290041912347078323e-01
2.085225563496351242e-01
1.715094186365604401e-01
2.287610787898302078e-01
2.261947039514780045e-01
2.289982605725526810e-01
2.056199386715888977e-01
2.298803627490997314e-01
1.982793137431144714e-01
1.970426607877016068e-01
2.247997950762510300e-01
2.277804873883724213e-01
1.789157744497060776e-01
2.301582451909780502e-01
1.704002711921930313e-01
1.900073476135730743e-01
2.148000728338956833e-01
1.902566645294427872e-01
2.684131711721420288e-01
1.825448479503393173e-01
3.370501473546028137e-01
2.467873040586709976e-01
2.572823669761419296e-01
3.476483356207609177e-01
2.587627377361059189e-01
3.885761890560388565e-01
2.154405955225229263e-01
2.753479629755020142e-01
2.048571854829788208e-01
1.894755754619836807e-01
1.613838579505681992e-01
2.280545085668563843e-01
1.628775224089622498e-01
2.284596227109432220e-01
2.809509076178073883e-01
1.975422501564025879e-01
1.790667604655027390e-01
2.350564580410718918e-01
1.611653733998537064e-01
1.703782714903354645e-01
1.799537278711795807e-01
2.888410594314336777e-01
2.312325742095708847e-01
3.365591131150722504e-01
2.159763853996992111e-01
2.043645624071359634e-01
2.744335345923900604e-01
2.159955054521560669e-01
2.272711768746376038e-01
2.753865607082843781e-01
3.598666079342365265e-01
2.156887371093034744e-01
2.751120124012231827e-01
2.270498499274253845e-01
2.278300896286964417e-01
2.309348545968532562e-01
1.882317773997783661e-01
2.288695480674505234e-01
1.629873830825090408e-01
1.971859075129032135e-01
2.153924535959959030e-01
2.067682426422834396e-01
1.794895865023136139e-01
2.821608278900384903e-01
1.716063618659973145e-01
2.154269441962242126e-01
2.243800871074199677e-01
2.283710390329360962e-01
1.795213446021080017e-01
2.143997028470039368e-01
2.313280366361141205e-01
3.515847641974687576e-01
2.163634151220321655e-01
2.078159078955650330e-01
1.806607078760862350e-01
2.069040965288877487e-01
2.284989394247531891e-01
2.398064639419317245e-01
2.739653903990983963e-01
2.249354012310504913e-01
2.705230955034494400e-01
2.584400158375501633e-01
2.060873750597238541e-01
2.275073900818824768e-01
2.586271446198225021e-01
2.601668182760477066e-01
2.741154469549655914e-01
2.755226511508226395e-01
2.148188725113868713e-01
2.024530693888664246e-01
2.288320250809192657e-01
1.885747648775577545e-01
2.257580496370792389e-01
1.979064997285604477e-01
1.886541582643985748e-01
2.307489775121212006e-01
2.283954825252294540e-01
1.795610412955284119e-01
2.834905795753002167e-01
1.626179367303848267e-01
2.292133457958698273e-01
1.614850573241710663e-01
2.070933952927589417e-01
2.724781204015016556e-01
2.669215854257345200e-01
2.355655692517757416e-01
2.346069850027561188e-01
2.236894275993108749e-01
2.352006025612354279e-01
2.345687188208103180e-01
2.727468349039554596e-01
2.036185413599014282e-01
2.351695355027914047e-01
2.238269839435815811e-01
2.787040304392576218e-01
2.043362148106098175e-01
2.130619417876005173e-01
2.162029165774583817e-01
1.602958030998706818e-01
2.277828585356473923e-01
2.147905267775058746e-01
2.278874684125185013e-01
2.876108419150114059e-01
1.712126471102237701e-01
2.271426226943731308e-01
1.954568140208721161e-01
2.302181888371706009e-01
2.275940366089344025e-01
3.034210242331027985e-01
2.294916715472936630e-01
2.146532442420721054e-01
2.287006191909313202e-01
2.291492726653814316e-01
2.087156213819980621e-01
2.293478120118379593e-01
1.884448714554309845e-01
2.298433948308229446e-01
1.994638517498970032e-01
2.476042229682207108e-01
2.469128947705030441e-01
2.166974525898694992e-01
3.370277024805545807e-01
1.944140531122684479e-01
2.380416914820671082e-01
2.493752017617225647e-01
2.779965251684188843e-01
2.051502168178558350e-01
2.273542955517768860e-01
1.945161018520593643e-01
2.266240920871496201e-01
2.568202205002307892e-01
2.094517294317483902e-01
2.068402543663978577e-01
1.969083677977323532e-01
1.862045880407094955e-01
1.719739269465208054e-01
2.279634829610586166e-01
2.242278829216957092e-01
2.253452315926551819e-01
2.957908157259225845e-01
1.958475355058908463e-01
2.296236082911491394e-01
2.225701007992029190e-01
1.880631297826766968e-01
2.294696662575006485e-01
1.869692429900169373e-01
1.951714307069778442e-01
2.173709869384765625e-01
1.863944903016090393e-01
1.786239501088857651e-01
1.604265626519918442e-01
1.967403274029493332e-01
2.244320660829544067e-01
2.296441178768873215e-01
3.456984292715787888e-01
2.259305827319622040e-01
2.154869362711906433e-01
1.832999382168054581e-01
2.164414059370756149e-01
2.362842038273811340e-01
2.745473403483629227e-01
2.577038314193487167e-01
2.740599345415830612e-01
2.141742259263992310e-01
2.151211835443973541e-01
2.365386225283145905e-01
2.339454535394906998e-01
1.872743703424930573e-01
1.713985931128263474e-01
1.707318834960460663e-01
2.977192644029855728e-01
1.724908519536256790e-01
1.800028644502162933e-01
2.153617758303880692e-01
2.295907661318778992e-01
1.431872174143791199e-01
2.992576025426387787e-01
1.616279110312461853e-01
1.897683311253786087e-01
2.320467308163642883e-01
2.274689748883247375e-01
2.404826804995536804e-01
2.759134508669376373e-01
2.790967747569084167e-01
2.053353078663349152e-01
2.631614152342081070e-01
2.769940830767154694e-01
2.397113405168056488e-01
2.573816254734992981e-01
2.773749101907014847e-01
2.365671992301940918e-01
2.576995231211185455e-01
2.229007836431264877e-01
2.251444905996322632e-01
2.948907352983951569e-01
1.785638220608234406e-01
1.802542600780725479e-01
2.266111969947814941e-01
2.060633338987827301e-01
1.707263365387916565e-01
1.965831518173217773e-01
1.871970593929290771e-01
1.881255861371755600e-01
2.879692707210779190e-01
1.787207480520009995e-01
2.277027163654565811e-01
1.777457110583782196e-01
1.526521705090999603e-01
1.956497803330421448e-01
2.164001688361167908e-01
1.827693991363048553e-01
2.751367725431919098e-01
3.473265338689088821e-01
2.158966176211833954e-01
2.749808896332979202e-01
1.832838840782642365e-01
2.682834174484014511e-01
2.737248279154300690e-01
2.698580473661422729e-01
1.834800709038972855e-01
4.324505589902400970e-01
2.276229802519083023e-01
2.151812966912984848e-01
2.054344769567251205e-01
1.968105807900428772e-01
1.981056556105613708e-01
1.883773598819971085e-01
1.972682215273380280e-01
2.295292858034372330e-01
2.281225137412548065e-01
1.873650699853897095e-01
2.898998372256755829e-01
2.152354530990123749e-01
2.293775714933872223e-01
2.282592058181762695e-01
2.088858280330896378e-01
2.071458455175161362e-01
1.611430421471595764e-01
2.156842742115259171e-01
2.268012091517448425e-01
1.812506504356861115e-01
2.269008569419384003e-01
2.273461408913135529e-01
1.804844066500663757e-01
2.227095626294612885e-01
2.736960425972938538e-01
2.045946475118398666e-01
2.472045607864856720e-01
2.474505677819252014e-01
2.252170611172914505e-01
2.580043580383062363e-01
2.166863419115543365e-01
2.577249482274055481e-01
2.752471659332513809e-01
2.465248182415962219e-01
2.585308272391557693e-01
2.253220975399017334e-01
2.139819003641605377e-01
2.281417157500982285e-01
2.058911845088005066e-01
2.707971613854169846e-01
2.277225889265537262e-01
2.286032587289810181e-01
2.059059292078018188e-01
2.064700108021497726e-01
2.244487442076206207e-01
1.961500123143196106e-01
2.235117182135581970e-01
2.078571747988462448e-01
2.287174649536609650e-01
1.985309515148401260e-01
1.883489284664392471e-01
2.063635308295488358e-01
2.388040963560342789e-01
2.738838680088520050e-01
2.039497401565313339e-01
2.362655680626630783e-01
2.575753461569547653e-01
2.566725648939609528e-01
2.372195031493902206e-01
2.376097850501537323e-01
3.578963726758956909e-01
2.176550235599279404e-01
3.870238624513149261e-01
1.709155812859535217e-01
1.887717694044113159e-01
2.296053208410739899e-01
1.534873470664024353e-01
1.883980091661214828e-01
2.066240124404430389e-01
2.054253350943326950e-01
1.715882644057273865e-01
1.790595632046461105e-01
2.229145560413599014e-01
1.989570185542106628e-01
1.961090415716171265e-01
1.828274857252836227e-01
1.626901272684335709e-01
1.446974892169237137e-01
2.263379767537117004e-01
1.708572618663311005e-01
2.176174502819776535e-01
1.977761276066303253e-01
2.285851035267114639e-01
2.287875059992074966e-01
2.272921856492757797e-01
1.878887005150318146e-01
1.807497609406709671e-01
2.054691687226295471e-01
2.754774000495672226e-01
2.480418495833873749e-01
2.138361129909753799e-01
1.714715790003538132e-01
2.718170341104269028e-01
2.033630535006523132e-01
2.031819876283407211e-01
1.724324859678745270e-01
2.718308512121438980e-01
2.347574289888143539e-01
2.564202602952718735e-01
1.933726165443658829e-01
2.184352073818445206e-01
1.688080094754695892e-01
1.693870499730110168e-01
1.431314684450626373e-01
3.174187839031219482e-01
2.054930161684751511e-01
1.696304846554994583e-01
1.883388254791498184e-01
2.055189460515975952e-01
1.782451104372739792e-01
1.800840292125940323e-01
2.055156733840703964e-01
1.970156338065862656e-01
1.980296727269887924e-01
1.878167949616909027e-01
1.883885040879249573e-01
2.313307337462902069e-01
1.968985572457313538e-01
2.067755591124296188e-01
1.975897978991270065e-01
2.283419556915760040e-01
2.296700458973646164e-01
2.481984067708253860e-01
2.369481027126312256e-01
2.586088497191667557e-01
2.753084376454353333e-01
2.748125828802585602e-01
2.359787970781326294e-01
2.037312239408493042e-01
3.880040664225816727e-01
1.827290840446949005e-01
2.357878014445304871e-01
4.003818426281213760e-01
2.278008069843053818e-01
2.157020233571529388e-01
2.276536822319030762e-01
2.144322954118251801e-01
2.283981759101152420e-01
2.248765937983989716e-01
3.057522028684616089e-01
2.072703149169683456e-01
2.234021052718162537e-01
1.796936076134443283e-01
2.069942206144332886e-01
2.239179592579603195e-01
2.903850339353084564e-01
2.063689529895782471e-01
2.288802433758974075e-01
2.292246613651514053e-01
2.465742528438568115e-01
2.340742014348506927e-01
2.562539093196392059e-01
2.730021663010120392e-01
2.020254172384738922e-01
2.674569189548492432e-01
3.799519240856170654e-01
1.935181692242622375e-01
1.931770518422126770e-01
2.719756867736577988e-01
2.663110643625259399e-01
2.909453772008419037e-01
2.266564927995204926e-01
2.139293234795331955e-01
2.072856854647397995e-01
2.134575620293617249e-01
2.966999076306819916e-01
2.242862638086080551e-01
2.132369838654994965e-01
2.272286452353000641e-01
2.067812960594892502e-01
1.773316692560911179e-01
2.040806729346513748e-01
3.150300085544586182e-01
2.143687289208173752e-01
3.155142553150653839e-01
1.885311901569366455e-01
2.146958317607641220e-01
2.289285045117139816e-01
1.710984706878662109e-01
2.057567704468965530e-01
2.066512908786535263e-01
2.306927628815174103e-01
1.875672973692417145e-01
3.328062854707241058e-01
1.926225740462541580e-01
3.386483546346426010e-01
2.255808319896459579e-01
2.477689106017351151e-01
2.733221035450696945e-01
2.730663325637578964e-01
3.257582448422908783e-01
2.253304980695247650e-01
2.746465969830751419e-01
1.535591091960668564e-01
1.977873034775257111e-01
2.082029804587364197e-01
2.275603041052818298e-01
2.297852672636508942e-01
1.996444053947925568e-01
2.152625061571598053e-01
1.789382919669151306e-01
1.813749782741069794e-01
1.967341341078281403e-01
2.053267881274223328e-01
1.972579713910818100e-01
1.800889708101749420e-01
2.286009639501571655e-01
2.062010690569877625e-01
2.902752831578254700e-01
1.804968025535345078e-01
1.772275809198617935e-01
3.633237145841121674e-01
2.712897974997758865e-01
2.355121783912181854e-01
2.245727069675922394e-01
2.238891907036304474e-01
2.229969501495361328e-01
2.247046623378992081e-01
2.045159935951232910e-01
2.454597130417823792e-01
3.642108049243688583e-01
2.720058392733335495e-01
2.733634989708662033e-01
1.789304446429014206e-01
2.277052532881498337e-01
1.607718169689178467e-01
1.605330556631088257e-01
1.537429057061672211e-01
2.228236142545938492e-01
2.269855160266160965e-01
1.519981138408184052e-01
2.082532849162817001e-01
2.279807180166244507e-01
1.788389701396226883e-01
2.233036123216152191e-01
2.051030676811933517e-01
2.069276161491870880e-01
1.966757401823997498e-01
2.300120964646339417e-01
1.798711065202951431e-01
2.290743831545114517e-01
1.872705426067113876e-01
1.967236120253801346e-01
1.439625248312950134e-01
3.156624231487512589e-01
2.252753544598817825e-01
2.149795666337013245e-01
2.148643229156732559e-01
2.477265112102031708e-01
2.478002235293388367e-01
2.147129550576210022e-01
2.028855029493570328e-01
2.741232309490442276e-01
2.752525601536035538e-01
2.150765229016542435e-01
2.743088342249393463e-01
1.938931755721569061e-01
2.269485536962747574e-01
2.483863476663827896e-01
2.665761131793260574e-01
2.040628846734762192e-01
2.261308506131172180e-01
3.246046900749206543e-01
2.063456010073423386e-01
1.621109973639249802e-01
1.884671449661254883e-01
2.247337773442268372e-01
2.150678280740976334e-01
2.303270120173692703e-01
3.093598932027816772e-01
1.954428441822528839e-01
1.881371457129716873e-01
1.697817649692296982e-01
2.268894072622060776e-01
1.866684965789318085e-01
1.976674515753984451e-01
3.347944449633359909e-01
2.352313641458749771e-01
2.578228954225778580e-01
2.735205143690109253e-01
2.753363754600286484e-01
3.687708918005228043e-01
2.751878555864095688e-01
2.739826720207929611e-01
2.151274923235177994e-01
2.040331549942493439e-01
2.743844538927078247e-01
1.834103167057037354e-01
1.983444858342409134e-01
2.882765922695398331e-01
3.056353144347667694e-01
2.973286155611276627e-01
1.693171244114637375e-01
1.611893717199563980e-01
2.228080723434686661e-01
2.257093191146850586e-01
2.974004950374364853e-01
2.286002617329359055e-01
1.903829537332057953e-01
1.790557075291872025e-01
2.288369163870811462e-01
1.996317226439714432e-01
2.250156886875629425e-01
3.411649353802204132e-01
2.273916844278573990e-01
2.068592831492424011e-01
2.243496309965848923e-01
2.139971908181905746e-01
2.273582704365253448e-01
3.486560806632041931e-01
2.742665000259876251e-01
2.714739814400672913e-01
2.746791504323482513e-01
2.164065614342689514e-01
3.893632926046848297e-01
2.274655643850564957e-01
2.148613743484020233e-01
2.599752824753522873e-01
2.175353225320577621e-01
2.487288713455200195e-01
2.153181228786706924e-01
2.289768904447555542e-01
2.303192000836133957e-01
2.279058899730443954e-01
1.787184886634349823e-01
2.146689649671316147e-01
2.298025451600551605e-01
2.261481955647468567e-01
2.166657708585262299e-01
2.133109569549560547e-01
2.061891034245491028e-01
3.042346108704805374e-01
1.772609837353229523e-01
2.073612622916698456e-01
2.279809731990098953e-01
1.611933354288339615e-01
1.611826196312904358e-01
2.271484192460775375e-01
1.786519400775432587e-01
2.276353202760219574e-01
2.878151647746562958e-01
2.270044442266225815e-01
3.566530700773000717e-01
2.677766531705856323e-01
2.242079451680183411e-01
2.461492810398340225e-01
2.722030319273471832e-01
2.582775969058275223e-01
2.467255108058452606e-01
2.729339078068733215e-01
2.752492837607860565e-01
2.487119846045970917e-01
2.256250139325857162e-01
2.256890311837196350e-01
1.706626415252685547e-01
2.798019815236330032e-01
1.894664652645587921e-01
2.153141535818576813e-01
2.239930778741836548e-01
1.967451013624668121e-01
2.285307738929986954e-01
1.790659297257661819e-01
2.290998026728630066e-01
1.699662711471319199e-01
2.301610000431537628e-01
2.066240850836038589e-01
1.964203342795372009e-01
1.990336459130048752e-01
1.887838058173656464e-01
1.960074733942747116e-01
2.187848892062902451e-01
2.067743930965662003e-01
3.541550505906343460e-01
2.750952020287513733e-01
3.594885692000389099e-01
1.844794955104589462e-01
2.166021186858415604e-01
2.039536777883768082e-01
2.391185928136110306e-01
2.366655822843313217e-01
2.360044866800308228e-01
2.749481499195098877e-01
2.364972345530986786e-01
1.928771380335092545e-01
2.717943564057350159e-01
2.071645855903625488e-01
2.266687341034412384e-01
1.966735608875751495e-01
2.275665979832410812e-01
2.161662448197603226e-01
1.698755752295255661e-01
2.265273369848728180e-01
1.866827774792909622e-01
1.869524344801902771e-01
1.781459674239158630e-01
2.266024276614189148e-01
1.861074138432741165e-01
1.793578211218118668e-01
1.781838461756706238e-01
2.129919175058603287e-01
2.264135144650936127e-01
1.769799720495939255e-01
2.427538502961397171e-01
2.727656103670597076e-01
2.571914773434400558e-01
1.934014949947595596e-01
2.726490441709756851e-01
2.049200795590877533e-01
2.360990755259990692e-01
3.994890619069337845e-01
1.951107736676931381e-01
1.933467537164688110e-01
2.261014301329851151e-01
2.263952139765024185e-01
2.146697267889976501e-01
1.958419643342494965e-01
2.281806096434593201e-01
1.798339392989873886e-01
2.802892662584781647e-01
2.158587202429771423e-01
2.232689820230007172e-01
2.161555662751197815e-01
2.159914970397949219e-01
1.705747898668050766e-01
1.889432761818170547e-01
2.165203522890806198e-01
3.061275687068700790e-01
3.501686342060565948e-01
1.885789185762405396e-01
1.639273148030042648e-01
1.965975165367126465e-01
2.236007619649171829e-01
2.934270482510328293e-01
4.081371519714593887e-01
3.681222181767225266e-01
3.775231391191482544e-01
2.369908709079027176e-01
2.150992732495069504e-01
2.477344200015068054e-01
1.941753886640071869e-01
2.729730047285556793e-01
2.376404758542776108e-01
2.744181621819734573e-01
2.242132164537906647e-01
2.165078129619359970e-01
1.618772316724061966e-01
2.225999329239130020e-01
3.592352848500013351e-01
2.800465617328882217e-01
2.808661442250013351e-01
2.137001994997262955e-01
1.875333543866872787e-01
1.959465425461530685e-01
1.631225552409887314e-01
2.222035974264144897e-01
2.226947508752346039e-01
2.069451306015253067e-01
2.051749974489212036e-01
1.521264016628265381e-01
2.269305456429719925e-01
3.416307978332042694e-01
1.702859830111265182e-01
1.894501168280839920e-01
2.967284936457872391e-01
2.271837592124938965e-01
1.683127358555793762e-01
2.276662699878215790e-01
1.695408802479505539e-01
2.283619493246078491e-01
2.463569752871990204e-01
2.476618904620409012e-01
3.501956220716238022e-01
2.478172872215509415e-01
2.687938734889030457e-01
2.364126872271299362e-01
2.470936160534620285e-01
2.261175792664289474e-01
2.752783056348562241e-01
2.373077366501092911e-01
2.161082141101360321e-01
1.698210090398788452e-01
2.291804645210504532e-01
1.917548719793558121e-01
2.291919272392988205e-01
1.794426664710044861e-01
2.256784085184335709e-01
1.896960902959108353e-01
2.287440896034240723e-01
2.315299995243549347e-01
2.279538437724113464e-01
2.163186240941286087e-01
2.326490506529808044e-01
1.897491402924060822e-01
1.798408683389425278e-01
2.284928783774375916e-01
2.895492166280746460e-01
1.957526374608278275e-01
2.359267175197601318e-01
3.888162486255168915e-01
2.702290527522563934e-01
2.749832607805728912e-01
2.489538528025150299e-01
2.473304588347673416e-01
2.741139456629753113e-01
2.757108025252819061e-01
2.260092496871948242e-01
2.571309283375740051e-01
3.375730942934751511e-01
2.285813558846712112e-01
2.244694922119379044e-01
2.130421623587608337e-01
1.692836023867130280e-01
2.059364765882492065e-01
1.779766455292701721e-01
1.957943476736545563e-01
1.701037529855966568e-01
2.054692786186933517e-01
2.299893368035554886e-01
2.038632482290267944e-01
2.294151186943054199e-01
2.145981695502996445e-01
2.064909730106592178e-01
1.783369071781635284e-01
1.700651068240404129e-01
2.059774901717901230e-01
2.826045304536819458e-01
2.051306553184986115e-01
2.470151595771312714e-01
3.882264047861099243e-01
2.682599723339080811e-01
2.037633154541254044e-01
2.366171032190322876e-01
2.740092948079109192e-01
2.580749019980430603e-01
2.364490069448947906e-01
2.583398018032312393e-01
2.271394580602645874e-01
2.141973916441202164e-01
2.695043981075286865e-01
2.147074341773986816e-01
1.782702337950468063e-01
2.065915334969758987e-01
1.519084610044956207e-01
1.814121361821889877e-01
1.979316454380750656e-01
2.293370198458433151e-01
1.985253468155860901e-01
1.697758622467517853e-01
2.898145001381635666e-01
1.982910782098770142e-01
3.231742940843105316e-01
1.801099721342325211e-01
1.353419478982686996e-01
1.969612762331962585e-01
2.075402736663818359e-01
2.296730838716030121e-01
1.974201388657093048e-01
2.633074633777141571e-01
2.685625981539487839e-01
2.768821083009243011e-01
2.735279221087694168e-01
2.598750982433557510e-01
2.682811431586742401e-01
3.487851768732070923e-01
2.760791555047035217e-01
2.589537519961595535e-01
2.724609524011611938e-01
2.044521532952785492e-01
2.601989712566137314e-01
2.300839181989431381e-01
2.280367482453584671e-01
2.064255923032760620e-01
1.838174723088741302e-01
2.280337046831846237e-01
1.878668051213026047e-01
3.168595787137746811e-01
2.172276135534048080e-01
2.227661758661270142e-01
1.894291359931230545e-01
1.980284303426742554e-01
2.280354704707860947e-01
2.303566504269838333e-01
2.295098789036273956e-01
1.965221650898456573e-01
2.879894338548183441e-01
2.232242785394191742e-01
2.283212225884199142e-01
3.071212489157915115e-01
2.293849568814039230e-01
1.524380613118410110e-01
2.306598182767629623e-01
1.963717397302389145e-01
2.586425356566905975e-01
2.381617389619350433e-01
2.365118525922298431e-01
2.735310066491365433e-01
2.361227311193943024e-01
2.349316924810409546e-01
3.800249714404344559e-01
2.576924618333578110e-01
2.586585767567157745e-01
3.670067880302667618e-01
1.944610029458999634e-01
1.785126533359289169e-01
1.872806847095489502e-01
1.888204943388700485e-01
2.040776982903480530e-01
1.906598843634128571e-01
1.619132440537214279e-01
2.232978902757167816e-01
3.253120034933090210e-01
2.890032958239316940e-01
2.145029883831739426e-01
1.885618288069963455e-01
1.612528711557388306e-01
1.969086378812789917e-01
1.973569914698600769e-01
2.277887072414159775e-01
1.960711982101202011e-01
2.257663384079933167e-01
2.182801589369773865e-01
2.730795200914144516e-01
2.504903525114059448e-01
1.941917445510625839e-01
2.182137593626976013e-01
3.781417477875947952e-01
2.515378445386886597e-01
2.745403759181499481e-01
2.383267823606729507e-01
2.087161261588335037e-01
3.199034743010997772e-01
2.157056443393230438e-01
2.183314170688390732e-01
2.974711470305919647e-01
2.277029845863580704e-01
1.717298384755849838e-01
1.616340931504964828e-01
2.152920477092266083e-01
1.882723756134510040e-01
2.258775457739830017e-01
1.869478169828653336e-01
2.235680576413869858e-01
2.300442252308130264e-01
1.880785208195447922e-01
2.277633883059024811e-01
1.807431504130363464e-01
2.144005112349987030e-01
2.225208356976509094e-01
1.971540059894323349e-01
1.961745992302894592e-01
1.976398155093193054e-01
3.163484930992126465e-01
3.692713789641857147e-01
2.572922762483358383e-01
2.371365707367658615e-01
2.151191923767328262e-01
2.474888395518064499e-01
2.589340433478355408e-01
2.481865752488374710e-01
1.840150710195302963e-01
2.750563286244869232e-01
2.678326852619647980e-01
2.170928735285997391e-01
2.762606851756572723e-01
2.344362717121839523e-01
1.970822270959615707e-01
1.555390488356351852e-01
2.297337166965007782e-01
1.792489960789680481e-01
2.247781679034233093e-01
2.061230521649122238e-01
1.807896066457033157e-01
2.259016409516334534e-01
2.243860736489295959e-01
2.055232618004083633e-01
1.714161150157451630e-01
2.296183779835700989e-01
1.877898238599300385e-01
2.312360405921936035e-01
1.971475370228290558e-01
2.144989166408777237e-01
1.912901923060417175e-01
2.238545864820480347e-01
1.975942589342594147e-01
3.182151746004819870e-01
2.464564237743616104e-01
2.587315998971462250e-01
2.596537303179502487e-01
2.477786038070917130e-01
2.267910223454236984e-01
2.042119298130273819e-01
2.584641817957162857e-01
1.950191035866737366e-01
2.266164217144250870e-01
2.009884752333164215e-01
2.270114365965127945e-01
2.153409589082002640e-01
1.656990181654691696e-01
2.277642339468002319e-01
2.062976062297821045e-01
1.998154930770397186e-01
2.273778729140758514e-01
2.139234673231840134e-01
3.072393741458654404e-01
1.692972425371408463e-01
2.234003674238920212e-01
2.255932856351137161e-01
2.253265827894210815e-01
2.268413770943880081e-01
1.437962651252746582e-01
1.896662488579750061e-01
2.255332134664058685e-01
2.365294098854064941e-01
2.471966389566659927e-01
2.461899667978286743e-01
2.729874309152364731e-01
2.704386599361896515e-01
1.934932414442300797e-01
2.679399605840444565e-01
2.733470164239406586e-01
2.681292258203029633e-01
2.151886690407991409e-01
2.458453662693500519e-01
2.985145077109336853e-01
2.261809632182121277e-01
1.963371653109788895e-01
1.803034804761409760e-01
3.402431048452854156e-01
2.267444189637899399e-01
1.874535363167524338e-01
2.134210262447595596e-01
2.226643413305282593e-01
3.507661055773496628e-01
2.227357458323240280e-01
1.701133809983730316e-01
1.977121476083993912e-01
1.692056786268949509e-01
2.266108728945255280e-01
3.143713828176259995e-01
2.269597761332988739e-01
2.568890843540430069e-01
2.747720535844564438e-01
3.446146529167890549e-01
2.033678218722343445e-01
2.569387424737215042e-01
2.566387895494699478e-01
2.678706515580415726e-01
1.929730996489524841e-01
2.458167001605033875e-01
2.735782880336046219e-01
1.713293734937906265e-01
2.451953049749135971e-01
2.061567492783069611e-01
1.873008813709020615e-01
1.699847895652055740e-01
2.073756512254476547e-01
1.604278907179832458e-01
1.717920042574405670e-01
1.697815917432308197e-01
2.141327299177646637e-01
1.597119495272636414e-01
1.513694338500499725e-01
1.440611798316240311e-01
2.272242512553930283e-01
1.868318971246480942e-01
2.227633427828550339e-01
1.518344562500715256e-01
2.275655753910541534e-01
1.795515790581703186e-01
1.517309695482254028e-01
2.229196764528751373e-01
1.996535286307334900e-01
2.674253899604082108e-01
2.493697609752416611e-01
2.141470145434141159e-01
2.260656766593456268e-01
2.035584226250648499e-01
2.600664310157299042e-01
2.377664037048816681e-01
2.384077105671167374e-01
2.361549027264118195e-01
2.486100718379020691e-01
1.993927843868732452e-01
2.161872815340757370e-01
2.284202836453914642e-01
1.544275004416704178e-01
2.057818975299596786e-01
2.274725306779146194e-01
1.975885201245546341e-01
3.039460089057683945e-01
2.116156276315450668e-01
1.885240525007247925e-01
1.963177919387817383e-01
2.052524425089359283e-01
1.993042510002851486e-01
2.275361213833093643e-01
1.956928186118602753e-01
1.689839418977499008e-01
2.634399235248565674e-01
2.466763872653245926e-01
2.363120485097169876e-01
2.262591551989316940e-01
3.781659156084060669e-01
2.252387460321187973e-01
2.245000004768371582e-01
2.734846509993076324e-01
2.376680299639701843e-01
2.680786009877920151e-01
2.693684026598930359e-01
2.242844346910715103e-01
2.677435521036386490e-01
2.233841754496097565e-01
2.161834053695201874e-01
2.271577026695013046e-01
1.425013914704322815e-01
1.513663548976182938e-01
2.048754822462797165e-01
1.783335451036691666e-01
2.144378647208213806e-01
1.954161133617162704e-01
2.272049374878406525e-01
2.268899586051702499e-01
2.142302375286817551e-01
1.695872731506824493e-01
2.059524189680814743e-01
3.054379522800445557e-01
1.953018400818109512e-01
1.972431764006614685e-01
2.217823807150125504e-01
2.260568216443061829e-01
2.288329862058162689e-01
1.599711291491985321e-01
1.960184499621391296e-01
1.869578901678323746e-01
2.562457360327243805e-01
1.925383489578962326e-01
2.348066568374633789e-01
2.689833138138055801e-01
3.343449905514717102e-01
2.723135817795991898e-01
2.256987486034631729e-01
2.244620770215988159e-01
2.247855495661497116e-01
2.428891789168119431e-01
1.785409636795520782e-01
2.041523251682519913e-01
2.139143068343400955e-01
1.516881100833415985e-01
2.126773707568645477e-01
1.777880135923624039e-01
1.869194675236940384e-01
1.890511047095060349e-01
1.952666454017162323e-01
1.785675045102834702e-01
2.041720524430274963e-01
1.872407682240009308e-01
2.293230798095464706e-01
2.266602758318185806e-01
1.786416172981262207e-01
3.069922626018524170e-01
1.603708155453205109e-01
2.196519039571285248e-01
2.651240285485982895e-01
1.930711884051561356e-01
2.140034213662147522e-01
2.034583035856485367e-01
1.933973785489797592e-01
2.453142106533050537e-01
3.763114158064126968e-01
2.239489685744047165e-01
2.667575143277645111e-01
1.923068203032016754e-01
2.733174860477447510e-01
2.461127340793609619e-01
1.877099648118019104e-01
1.964240130037069321e-01
3.044899012893438339e-01
1.873721983283758163e-01
2.058716621249914169e-01
1.955459825694561005e-01
2.052674833685159683e-01
1.795337367802858353e-01
1.960386633872985840e-01
3.386240135878324509e-01
1.960060596466064453e-01
2.880698516964912415e-01
1.961117051541805267e-01
2.969517670571804047e-01
1.695416942238807678e-01
1.875813193619251251e-01
2.282759100198745728e-01
2.633149772882461548e-01
2.754324022680521011e-01
2.248874064534902573e-01
2.147911936044692993e-01
2.253939285874366760e-01
2.575405631214380264e-01
2.367406319826841354e-01
2.256245985627174377e-01
2.745804022997617722e-01
3.871034178882837296e-01
2.734530773013830185e-01
2.572192642837762833e-01
1.702191159129142761e-01
1.543716806918382645e-01
1.871676463633775711e-01
1.607978828251361847e-01
1.799286026507616043e-01
1.979762520641088486e-01
3.083466235548257828e-01
2.057273257523775101e-01
1.880469024181365967e-01
1.891746781766414642e-01
3.579258713871240616e-01
1.705522798001766205e-01
1.982652265578508377e-01
1.976558361202478409e-01
1.792482025921344757e-01
1.692333091050386429e-01
1.955905444920063019e-01
2.828221879899501801e-01
2.279551401734352112e-01
1.969813015311956406e-01
2.305392455309629440e-01
2.585532758384943008e-01
2.236189357936382294e-01
2.567951157689094543e-01
3.886727206408977509e-01
2.370445989072322845e-01
2.581929862499237061e-01
2.034780513495206833e-01
2.072318233549594879e-01
2.350901253521442413e-01
2.142165396362543106e-01
2.741281148046255112e-01
2.031507827341556549e-01
2.357279006391763687e-01
2.277367971837520599e-01
1.805923711508512497e-01
1.698202323168516159e-01
1.793929412961006165e-01
2.073976080864667892e-01
1.781365331262350082e-01
1.594713442027568817e-01
1.784164626151323318e-01
2.155700027942657471e-01
2.081166468560695648e-01
2.278638686984777451e-01
1.961951963603496552e-01
1.697455719113349915e-01
2.064936757087707520e-01
1.781964693218469620e-01
1.541622411459684372e-01
2.046094015240669250e-01
1.797531098127365112e-01
2.677929215133190155e-01
2.252663373947143555e-01
2.150624636560678482e-01
2.747578881680965424e-01
2.576375734061002731e-01
2.574448287487030029e-01
3.454826939851045609e-01
2.260165326297283173e-01
2.137987557798624039e-01
2.575669549405574799e-01
2.470691781491041183e-01
2.388605009764432907e-01
1.524947918951511383e-01
2.277587149292230606e-01
1.877928990870714188e-01
2.282725721597671509e-01
1.513336263597011566e-01
2.225821129977703094e-01
1.956941206008195877e-01
1.716831233352422714e-01
1.781534701585769653e-01
1.957988012582063675e-01
1.899712663143873215e-01
3.317712731659412384e-01
3.131769280880689621e-01
1.966544836759567261e-01
3.495927378535270691e-01
1.869550570845603943e-01
1.716528236865997314e-01
2.129794750362634659e-01
1.510509364306926727e-01
1.610305421054363251e-01
3.316629584878683090e-01
2.141364477574825287e-01
2.563452869653701782e-01
2.280957736074924469e-01
2.040248643606901169e-01
2.753241788595914841e-01
2.568248342722654343e-01
2.286899797618389130e-01
2.247674670070409775e-01
2.371389120817184448e-01
2.036802750080823898e-01
1.819707080721855164e-01
2.143326289951801300e-01
1.806814484298229218e-01
2.059207744896411896e-01
1.613794434815645218e-01
1.600571926683187485e-01
1.707252152264118195e-01
1.784162148833274841e-01
2.228644452989101410e-01
2.145108375698328018e-01
1.873605716973543167e-01
1.967956125736236572e-01
1.712661571800708771e-01
2.131036985665559769e-01
1.772429458796977997e-01
1.346233747899532318e-01
2.881765346974134445e-01
2.256769239902496338e-01
3.657897803932428360e-01
2.354504056274890900e-01
2.143724188208580017e-01
2.458491809666156769e-01
2.564156688749790192e-01
2.567641977220773697e-01
2.034857701510190964e-01
2.354281302541494370e-01
2.673120554536581039e-01
2.030214983969926834e-01
2.353942114859819412e-01
1.968071945011615753e-01
2.272368259727954865e-01
2.041626442223787308e-01
2.264900989830493927e-01
1.876520738005638123e-01
2.277900185436010361e-01
2.887863423675298691e-01
2.268723249435424805e-01
1.606428436934947968e-01
2.284372877329587936e-01
1.692917775362730026e-01
2.275253869593143463e-01
1.782979015260934830e-01
1.959710586816072464e-01
2.042125072330236435e-01
2.149183433502912521e-01
2.341505307704210281e-01
2.052967678755521774e-01
1.980482805520296097e-01
2.145426813513040543e-01
2.052641492336988449e-01
2.285325005650520325e-01
3.235739096999168396e-01
2.280485574156045914e-01
4.162226617336273193e-01
2.458026818931102753e-01
2.682622168213129044e-01
2.134020235389471054e-01
2.350565735250711441e-01
1.721571963280439377e-01
2.257786151021718979e-01
2.134949062019586563e-01
2.728554811328649521e-01
1.692674551159143448e-01
1.804869920015335083e-01
1.607304662466049194e-01
1.519399974495172501e-01
2.242256924510002136e-01
1.793804951012134552e-01
2.058976907283067703e-01
1.971643306314945221e-01
2.117380611598491669e-01
2.052752841264009476e-01
1.702699232846498489e-01
1.957589350640773773e-01
2.151871081441640854e-01
2.266806885600090027e-01
2.270719353109598160e-01
2.288324534893035889e-01
3.358266539871692657e-01
2.728057112544775009e-01
2.569060251116752625e-01
2.726426515728235245e-01
2.361838240176439285e-01
2.248038984835147858e-01
2.568923421204090118e-01
2.728135548532009125e-01
2.460776586085557938e-01
3.449255060404539108e-01
2.679634634405374527e-01
2.572332620620727539e-01
1.690118592232465744e-01
2.271096333861351013e-01
2.219475563615560532e-01
2.270178087055683136e-01
2.952103000134229660e-01
2.236001286655664444e-01
2.044245619326829910e-01
2.038452345877885818e-01
1.955235693603754044e-01
2.228857930749654770e-01
1.953225471079349518e-01
1.864635385572910309e-01
2.248922921717166901e-01
2.056467086076736450e-01
2.266251631081104279e-01
2.259940598160028458e-01
2.232738994061946869e-01
2.262807916849851608e-01
1.681153587996959686e-01
2.966340500861406326e-01
3.658448774367570877e-01
2.041600812226533890e-01
1.800209060311317444e-01
1.601360365748405457e-01
2.735881507396697998e-01
2.170779611915349960e-01
2.459039427340030670e-01
2.457074094563722610e-01
2.453144025057554245e-01
2.357903346419334412e-01
2.571304887533187866e-01
4.281446356326341629e-01
2.029440049082040787e-01
2.244086824357509613e-01
2.254384141415357590e-01
2.129670623689889908e-01
1.601635031402111053e-01
2.131766490638256073e-01
2.274720687419176102e-01
1.859168466180562973e-01
1.771486308425664902e-01
2.283833045512437820e-01
2.279352545738220215e-01
2.263275850564241409e-01
1.880001761019229889e-01
1.956830639392137527e-01
2.244570255279541016e-01
2.135235629975795746e-01
2.130789961665868759e-01
2.292921785265207291e-01
2.218410670757293701e-01
1.511723119765520096e-01
2.549400124698877335e-01
2.731474172323942184e-01
2.737155407667160034e-01
2.245532143861055374e-01
2.034887224435806274e-01
4.197026304900646210e-01
2.560683656483888626e-01
2.242976780980825424e-01
2.130425907671451569e-01
2.566611953079700470e-01
2.127084154635667801e-01
3.667358849197626114e-01
1.862672474235296249e-01
2.265993412584066391e-01
2.046745270490646362e-01
1.771650109440088272e-01
1.860054321587085724e-01
2.041366510093212128e-01
2.261407598853111267e-01
2.223797645419836044e-01
3.115598596632480621e-01
2.052448671311140060e-01
2.138596195727586746e-01
2.161220815032720566e-01
1.953674294054508209e-01
2.283547259867191315e-01
2.402391955256462097e-01
2.178011573851108551e-01
1.925364043563604355e-01
2.353191208094358444e-01
2.449866030365228653e-01
2.672568261623382568e-01
2.566779721528291702e-01
2.710688877850770950e-01
1.918273810297250748e-01
3.951126541942358017e-01
2.717186864465475082e-01
3.853173069655895233e-01
2.130128592252731323e-01
1.682988926768302917e-01
1.943571045994758606e-01
1.719722338020801544e-01
1.947692539542913437e-01
2.030064985156059265e-01
2.264101505279541016e-01
2.129497583955526352e-01
2.256193123757839203e-01
2.256401181221008301e-01
2.039140332490205765e-01
1.796878557652235031e-01
1.766360979527235031e-01
2.266112528741359711e-01
2.039455082267522812e-01
2.038322892040014267e-01
2.236360181123018265e-01
2.880843523889780045e-01
3.042493071407079697e-01
1.947618089616298676e-01
2.041093371808528900e-01
2.131966985762119293e-01
2.821239698678255081e-01
2.261946201324462891e-01
2.111873943358659744e-01
2.561776582151651382e-01
2.356393430382013321e-01
2.453417293727397919e-01
2.469728365540504456e-01
2.734348345547914505e-01
1.922773644328117371e-01
2.142816446721553802e-01
2.141106408089399338e-01
2.733404487371444702e-01
2.566962055861949921e-01
2.725337371230125427e-01
2.171403858810663223e-01
1.421371605247259140e-01
1.781941018998622894e-01
2.218032591044902802e-01
2.152055930346250534e-01
2.786566223949193954e-01
1.869017239660024643e-01
2.260109931230545044e-01
1.678633112460374832e-01
1.710705943405628204e-01
2.269296664744615555e-01
2.042546141892671585e-01
1.539216376841068268e-01
2.045816089957952499e-01
1.953490339219570160e-01
1.966727245599031448e-01
1.956328246742486954e-01
2.889038622379302979e-01
3.327179886400699615e-01
1.687611807137727737e-01
2.249534744769334793e-01
2.137859053909778595e-01
2.721462640911340714e-01
2.570414431393146515e-01
2.271200958639383316e-01
2.032967228442430496e-01
2.257537059485912323e-01
2.149022817611694336e-01
2.724479250609874725e-01
2.454504426568746567e-01
2.346506100147962570e-01
2.715727780014276505e-01
1.890677381306886673e-01
2.298352532088756561e-01
2.048531826585531235e-01
2.130121942609548569e-01
1.796887926757335663e-01
1.961057186126708984e-01
2.267159353941679001e-01
2.237703353166580200e-01
2.961817607283592224e-01
2.270561084151268005e-01
2.242975868284702301e-01
1.951894927769899368e-01
1.868589781224727631e-01
1.869469489902257919e-01
1.693231705576181412e-01
2.702416572719812393e-01
2.297220248728990555e-01
1.865655556321144104e-01
1.866882387548685074e-01
1.694614738225936890e-01
1.779014188796281815e-01
2.268249932676553726e-01
1.784784719347953796e-01
2.068258505314588547e-01
2.707040291279554367e-01
2.242769692093133926e-01
2.455449383705854416e-01
2.558446284383535385e-01
2.450397461652755737e-01
2.355303931981325150e-01
2.251560632139444351e-01
1.923316717147827148e-01
3.655187189579010010e-01
2.462299074977636337e-01
2.131086643785238266e-01
2.158945966511964798e-01
2.863050829619169235e-01
1.861669365316629410e-01
2.240084148943424225e-01
2.260719221085309982e-01
2.124891225248575211e-01
1.705041620880365372e-01
1.948147434741258621e-01
1.689427066594362259e-01
2.270999476313591003e-01
2.036910485476255417e-01
1.606435384601354599e-01
2.263186201453208923e-01
1.955116037279367447e-01
2.052996531128883362e-01
2.260621730238199234e-01
1.967983841896057129e-01
1.738048698753118515e-01
2.441859692335128784e-01
3.346258215606212616e-01
1.918944641947746277e-01
2.353752050548791885e-01
2.677016686648130417e-01
2.133288923650979996e-01
2.681827098131179810e-01
2.246043700724840164e-01
3.972504641860723495e-01
2.143315747380256653e-01
2.034257818013429642e-01
2.438986450433731079e-01
2.268548738211393356e-01
2.151427119970321655e-01
2.048666439950466156e-01
1.955993305891752243e-01
2.232960704714059830e-01
2.216774709522724152e-01
2.058860734105110168e-01
1.865956466645002365e-01
3.133597783744335175e-01
1.954916566610336304e-01
2.286427021026611328e-01
2.263697404414415359e-01
2.271287441253662109e-01
1.879900712519884109e-01
2.264738623052835464e-01
2.226639147847890854e-01
2.292080745100975037e-01
1.610112600028514862e-01
2.229543328285217285e-01
1.983638554811477661e-01
2.781856954097747803e-01
1.603783722966909409e-01
1.973676364868879318e-01
2.276471648365259171e-01
2.571436502039432526e-01
2.252210583537817001e-01
2.139714732766151428e-01
1.930775456130504608e-01
2.724034283310174942e-01
2.562246117740869522e-01
2.031446062028408051e-01
2.460377514362335205e-01
2.729304339736700058e-01
2.726635709404945374e-01
2.609236557036638260e-01
2.276182174682617188e-01
1.783452462404966354e-01
2.039159201085567474e-01
2.274491265416145325e-01
2.876563705503940582e-01
2.036656122654676437e-01
2.135850135236978531e-01
2.047088593244552612e-01
2.137233056128025055e-01
2.156365159898996353e-01
1.695324238389730453e-01
2.275249790400266647e-01
1.885020080953836441e-01
1.525701414793729782e-01
1.955607272684574127e-01
2.474274598062038422e-01
2.732410710304975510e-01
2.745986487716436386e-01
2.722027506679296494e-01
2.592396438121795654e-01
2.567040957510471344e-01
2.578704487532377243e-01
2.354590184986591339e-01
2.478025965392589569e-01
2.732018996030092239e-01
2.484054975211620331e-01
1.966150533407926559e-01
2.287397962063550949e-01
1.625190228223800659e-01
2.271923739463090897e-01
2.213768884539604187e-01
2.255517244338989258e-01
1.954508405178785324e-01
2.043217662721872330e-01
1.619394570589065552e-01
1.531843971461057663e-01
1.862373892217874527e-01
2.054204773157835007e-01
1.704816948622465134e-01
1.958618182688951492e-01
1.863288599997758865e-01
2.041858993470668793e-01
1.616182792931795120e-01
2.135811485350131989e-01
2.262837029993534088e-01
1.693403478711843491e-01
2.128870878368616104e-01
2.292678877711296082e-01
1.777517925947904587e-01
1.877406854182481766e-01
2.462685052305459976e-01
2.678846754133701324e-01
2.345288135111331940e-01
2.136409431695938110e-01
2.671775203198194504e-01
2.134987898170948029e-01
2.236461881548166275e-01
1.825628839433193207e-01
2.350413650274276733e-01
2.026917859911918640e-01
1.920033972710371017e-01
2.456905581057071686e-01
3.037531618028879166e-01
2.240829523652791977e-01
1.776527725160121918e-01
2.274523116648197174e-01
1.864769514650106430e-01
2.229920588433742523e-01
2.345756907016038895e-01
2.286316268146038055e-01
1.775522343814373016e-01
2.281403392553329468e-01
2.263253033161163330e-01
2.127121426165103912e-01
1.896010488271713257e-01
3.128100670874118805e-01
2.871219199150800705e-01
1.776842996478080750e-01
2.165040150284767151e-01
2.180229425430297852e-01
2.732164952903985977e-01
2.351720016449689865e-01
1.928543336689472198e-01
2.345229052007198334e-01
3.345755245536565781e-01
3.452060241252183914e-01
2.147203665226697922e-01
2.353384699672460556e-01
2.736342884600162506e-01
2.563313562422990799e-01
2.672222256660461426e-01
3.524528685957193375e-01
1.951198112219572067e-01
1.786270011216402054e-01
1.688773985952138901e-01
2.257585376501083374e-01
1.862244736403226852e-01
2.958413362503051758e-01
1.862476151436567307e-01
2.037416920065879822e-01
1.953786481171846390e-01
1.599407587200403214e-01
2.259569317102432251e-01
2.284585777670145035e-01
1.701223514974117279e-01
2.261341940611600876e-01
1.784059274941682816e-01
2.128023877739906311e-01
2.123070992529392242e-01
3.205697406083345413e-01
1.784480810165405273e-01
1.962293684482574463e-01
3.033195082098245621e-01
1.787719856947660446e-01
1.958266813308000565e-01
2.375869881361722946e-01
2.032424155622720718e-01
3.971831519156694412e-01
2.730426844209432602e-01
2.027673423290252686e-01
2.723062504082918167e-01
1.922599580138921738e-01
2.025720383971929550e-01
3.231770824640989304e-01
2.241495605558156967e-01
2.455611526966094971e-01
2.029356211423873901e-01
3.981942590326070786e-01
1.859540753066539764e-01
1.782731655985116959e-01
1.682027056813240051e-01
2.950085029006004333e-01
3.051045443862676620e-01
1.868292745202779770e-01
2.236373517662286758e-01
2.061419300734996796e-01
1.599948760122060776e-01
2.197023835033178329e-01
2.078185155987739563e-01
2.260062210261821747e-01
2.135700117796659470e-01
1.717969048768281937e-01
2.256933487951755524e-01
1.687854453921318054e-01
1.860983967781066895e-01
3.658160548657178879e-01
2.677221726626157761e-01
3.433953672647476196e-01
3.455464038997888565e-01
2.348022107034921646e-01
4.005967378616333008e-01
2.237885054200887680e-01
2.725200708955526352e-01
2.142299264669418335e-01
2.134018559008836746e-01
2.087186370044946671e-01
2.264983635395765305e-01
3.033386077731847763e-01
2.259695716202259064e-01
2.267756182700395584e-01
2.272114716470241547e-01
2.036159932613372803e-01
2.880749814212322235e-01
2.047399505972862244e-01
2.130747195333242416e-01
2.268472183495759964e-01
2.777627930045127869e-01
2.364529110491275787e-01
1.600273679941892624e-01
2.254120092839002609e-01
1.692827027291059494e-01
1.858608946204185486e-01
1.604595500975847244e-01
2.724433671683073044e-01
2.732031475752592087e-01
2.721078600734472275e-01
2.717834301292896271e-01
2.467211224138736725e-01
2.722268383949995041e-01
2.468322273343801498e-01
2.145633827894926071e-01
2.459204625338315964e-01
2.664614897221326828e-01
2.245321609079837799e-01
2.739553079009056091e-01
1.866386681795120239e-01
1.861351709812879562e-01
3.071285691112279892e-01
1.775443870574235916e-01
2.868589404970407486e-01
3.045759238302707672e-01
2.041293643414974213e-01
1.959764286875724792e-01
1.600385159254074097e-01
2.031793631613254547e-01
3.205123040825128555e-01
2.295676432549953461e-01
1.865503378212451935e-01
2.258537244051694870e-01
2.143760677427053452e-01
1.951005700975656509e-01
1.774213016033172607e-01
1.800394300371408463e-01
2.134810164570808411e-01
2.265409044921398163e-01
2.173132542520761490e-01
2.036215066909790039e-01
2.354105338454246521e-01
2.571416478604078293e-01
4.378365129232406616e-01
2.723898291587829590e-01
2.249752618372440338e-01
2.142796479165554047e-01
2.345773018896579742e-01
2.669119071215391159e-01
2.571216449141502380e-01
1.828205455094575882e-01
2.218378782272338867e-01
3.234916944056749344e-01
2.263347916305065155e-01
1.600824631750583649e-01
2.282682470977306366e-01
2.039479911327362061e-01
1.862497907131910324e-01
1.486749723553657532e-01
2.131067793816328049e-01
3.771293237805366516e-01
1.695672459900379181e-01
1.861045453697443008e-01
1.953829601407051086e-01
1.963411606848239899e-01
2.257393021136522293e-01
2.799469176679849625e-01
2.262932229787111282e-01
2.257354594767093658e-01
2.058037202805280685e-01
1.948484331369400024e-01
1.596049983054399490e-01
2.066874932497739792e-01
2.479421868920326233e-01
3.866453245282173157e-01
2.244183756411075592e-01
3.657088540494441986e-01
2.143017686903476715e-01
2.559016253799200058e-01
2.155970726162195206e-01
2.562273405492305756e-01
2.354094032198190689e-01
2.462227214127779007e-01
2.714172713458538055e-01
2.662366144359111786e-01
1.883363295346498489e-01
2.229610271751880646e-01
2.280241288244724274e-01
2.268289700150489807e-01
1.784441247582435608e-01
1.604652721434831619e-01
2.297668475657701492e-01
2.140773870050907135e-01
3.128578271716833115e-01
1.794826351106166840e-01
1.679971385747194290e-01
1.695057023316621780e-01
1.974593196064233780e-01
2.206048369407653809e-01
1.861583348363637924e-01
2.803320065140724182e-01
1.705428212881088257e-01
2.131217662245035172e-01
2.073205057531595230e-01
2.130621131509542465e-01
1.696190703660249710e-01
1.883088424801826477e-01
1.778083406388759613e-01
2.453809250146150589e-01
2.730889078229665756e-01
3.440591339021921158e-01
2.231478951871395111e-01
2.142020631581544876e-01
2.720878869295120239e-01
2.660233583301305771e-01
2.038827911019325256e-01
2.721605394035577774e-01
1.592038199305534363e-01
1.337039656937122345e-01
1.599615011364221573e-01
1.709420364350080490e-01
1.773680672049522400e-01
2.043094374239444733e-01
2.311296667903661728e-01
2.698898687958717346e-01
2.267024908214807510e-01
1.687060240656137466e-01
2.124936170876026154e-01
1.432556193321943283e-01
1.872823983430862427e-01
1.853433903306722641e-01
3.300940748304128647e-01
1.704222466796636581e-01
2.266150396317243576e-01
1.856284458190202713e-01
2.047474402934312820e-01
1.961592305451631546e-01
2.681347597390413284e-01
2.460622917860746384e-01
2.684665042906999588e-01
2.725664582103490829e-01
2.359806336462497711e-01
2.355215977877378464e-01
2.565883304923772812e-01
2.142852861434221268e-01
1.818107236176729202e-01
2.146243751049041748e-01
2.726991176605224609e-01
2.569900825619697571e-01
1.781543567776679993e-01
3.328094445168972015e-01
2.077377829700708389e-01
1.956118848174810410e-01
2.061492521315813065e-01
3.214511200785636902e-01
2.276754230260848999e-01
1.710177492350339890e-01
2.265531048178672791e-01
2.040956448763608932e-01
2.291044574230909348e-01
1.958147026598453522e-01
1.780870240181684494e-01
2.265277840197086334e-01
1.691733393818140030e-01
2.790634408593177795e-01
1.954393982887268066e-01
2.219944000244140625e-01
1.596658416092395782e-01
2.264579180628061295e-01
1.860552858561277390e-01
2.355914507061243057e-01
2.571866810321807861e-01
2.026249319314956665e-01
2.452189959585666656e-01
2.734873201698064804e-01
2.350261136889457703e-01
2.453101295977830887e-01
2.245001625269651413e-01
2.248377110809087753e-01
2.559443321079015732e-01
3.446480557322502136e-01
2.254451960325241089e-01
2.264797203242778778e-01
1.896524019539356232e-01
1.690748278051614761e-01
1.772907059639692307e-01
2.264060713350772858e-01
3.392396364361047745e-01
2.857866436243057251e-01
1.969762928783893585e-01
2.864976283162832260e-01
2.778130173683166504e-01
1.952032577246427536e-01
1.952714323997497559e-01
2.261485438793897629e-01
1.864226311445236206e-01
1.952387243509292603e-01
2.140145301818847656e-01
2.161546368151903152e-01
2.271276693791151047e-01
1.870557237416505814e-01
3.349117673933506012e-01
2.140959426760673523e-01
2.665810957551002502e-01
2.358547132462263107e-01
2.683596294373273849e-01
2.729710526764392853e-01
3.344698585569858551e-01
2.451178580522537231e-01
2.723615933209657669e-01
2.247228547930717468e-01
2.564966790378093719e-01
2.142872549593448639e-01
2.259182259440422058e-01
1.871188804507255554e-01
1.774763427674770355e-01
2.227849140763282776e-01
2.281557470560073853e-01
1.780419927090406418e-01
1.698921583592891693e-01
2.240640949457883835e-01
2.037852555513381958e-01
1.684715803712606430e-01
2.284796014428138733e-01
1.690484043210744858e-01
3.325829356908798218e-01
1.869172919541597366e-01
1.953034736216068268e-01
1.968117635697126389e-01
2.225892357528209686e-01
3.136376477777957916e-01
2.052662111818790436e-01
2.049673721194267273e-01
2.267114557325839996e-01
2.704053558409214020e-01
2.050741948187351227e-01
2.142642419785261154e-01
3.679936192929744720e-01
2.131190337240695953e-01
2.140737790614366531e-01
2.361393943428993225e-01
3.345180749893188477e-01
2.673775553703308105e-01
3.459748793393373489e-01
2.025334797799587250e-01
2.736869920045137405e-01
1.782764531672000885e-01
1.772660873830318451e-01
1.511873006820678711e-01
1.705529242753982544e-01
1.887478977441787720e-01
1.781616434454917908e-01
1.609471123665571213e-01
3.237533457577228546e-01
1.868467219173908234e-01
2.262891158461570740e-01
2.285106368362903595e-01
2.788974568247795105e-01
2.273846510797739029e-01
2.048269286751747131e-01
2.274891361594200134e-01
2.264333330094814301e-01
1.442399732768535614e-01
2.221305649727582932e-01
2.462167702615261078e-01
2.587827239185571671e-01
2.671346534043550491e-01
2.240267693996429443e-01
2.574546821415424347e-01
2.666453216224908829e-01
2.455843891948461533e-01
2.348075024783611298e-01
3.645982667803764343e-01
2.239020485430955887e-01
2.660926859825849533e-01
2.722134515643119812e-01
1.717888526618480682e-01
2.253096997737884521e-01
2.275035604834556580e-01
3.223475795239210129e-01
2.262264098972082138e-01
2.868799604475498199e-01
2.287390362471342087e-01
3.046077713370323181e-01
2.283525578677654266e-01
1.970442291349172592e-01
1.784939151257276535e-01
1.695614401251077652e-01
1.809915285557508469e-01
2.122224103659391403e-01
1.893791407346725464e-01
2.041059955954551697e-01
2.038239631801843643e-01
2.294711936265230179e-01
2.126991767436265945e-01
2.872700300067663193e-01
2.685689926147460938e-01
2.036529108881950378e-01
2.033846937119960785e-01
2.721669580787420273e-01
2.742077633738517761e-01
2.244703713804483414e-01
2.237824406474828720e-01
2.720469180494546890e-01
2.148235235363245010e-01
2.568943127989768982e-01
3.667680304497480392e-01
2.728209495544433594e-01
2.197500523179769516e-01
2.275364771485328674e-01
2.981255650520324707e-01
2.770983409136533737e-01
1.859495658427476883e-01
2.061542626470327377e-01
3.473121635615825653e-01
2.125594336539506912e-01
1.450051870197057724e-01
1.608714088797569275e-01
2.118200752884149551e-01
1.983228307217359543e-01
2.261900622397661209e-01
2.209785189479589462e-01
2.311983238905668259e-01
2.259901873767375946e-01
3.035512994974851608e-01
1.627691499888896942e-01
2.260589171200990677e-01
1.775993406772613525e-01
2.241574693471193314e-01
2.052923720329999924e-01
2.226159498095512390e-01
4.074302446097135544e-01
2.241817153990268707e-01
2.349492888897657394e-01
3.239976521581411362e-01
2.136279270052909851e-01
2.569839581847190857e-01
2.248688638210296631e-01
2.565842363983392715e-01
2.140085380524396896e-01
1.927052643150091171e-01
2.568846810609102249e-01
2.226609289646148682e-01
1.694485675543546677e-01
2.045787200331687927e-01
1.947208736091852188e-01
1.777760423719882965e-01
1.610912512987852097e-01
3.403236325830221176e-01
1.956760510802268982e-01
1.698671448975801468e-01
3.162118215113878250e-01
1.603176053613424301e-01
1.600634790956974030e-01
2.133035846054553986e-01
1.607056967914104462e-01
1.813526805490255356e-01
1.956758331507444382e-01
2.277591321617364883e-01
2.460409849882125854e-01
2.133139763027429581e-01
2.560736946761608124e-01
2.563126571476459503e-01
2.239714954048395157e-01
2.344194613397121429e-01
2.582628205418586731e-01
2.722337506711483002e-01
2.158027365803718567e-01
2.731122542172670364e-01
2.248083874583244324e-01
2.250935249030590057e-01
1.964353863149881363e-01
2.279973309487104416e-01
1.953010912984609604e-01
1.800136342644691467e-01
1.608287356793880463e-01
2.037191521376371384e-01
1.860386766493320465e-01
2.269518002867698669e-01
1.776002421975135803e-01
1.798714082688093185e-01
2.274456508457660675e-01
1.787471696734428406e-01
2.275242377072572708e-01
1.691088825464248657e-01
1.951404120773077011e-01
2.131475489586591721e-01
2.051569931209087372e-01
3.559757973998785019e-01
2.469574492424726486e-01
3.666278831660747528e-01
2.049882914870977402e-01
2.572035379707813263e-01
2.740833237767219543e-01
3.558254484087228775e-01
2.697912491858005524e-01
2.450958117842674255e-01
2.735267635434865952e-01
1.807785108685493469e-01
2.227960191667079926e-01
2.126513086259365082e-01
1.893135383725166321e-01
1.955084055662155151e-01
1.607232782989740372e-01
1.952972505241632462e-01
2.143185716122388840e-01
2.258631121367216110e-01
2.226155791431665421e-01
2.276463806629180908e-01
2.876556031405925751e-01
1.869389805942773819e-01
1.778590101748704910e-01
2.128966376185417175e-01
2.244312129914760590e-01
2.320580352097749710e-01
2.457560747861862183e-01
2.729148119688034058e-01
2.462203595787286758e-01
2.035203836858272552e-01
2.142306417226791382e-01
2.727855574339628220e-01
2.572710905224084854e-01
2.029694691300392151e-01
2.565076984465122223e-01
2.036606930196285248e-01
1.867288853973150253e-01
1.866099573671817780e-01
1.777383219450712204e-01
2.263121921569108963e-01
3.308169618248939514e-01
2.262071799486875534e-01
2.253632899373769760e-01
2.244197670370340347e-01
2.129974942654371262e-01
1.687519084662199020e-01
2.062371876090764999e-01
1.868251860141754150e-01
1.873084977269172668e-01
2.044518887996673584e-01
1.956459973007440567e-01
2.131466120481491089e-01
1.952315475791692734e-01
1.867335885763168335e-01
2.133352886885404587e-01
2.224844098091125488e-01
1.810532398521900177e-01
1.959427930414676666e-01
2.637444660067558289e-01
2.573575228452682495e-01
2.358761429786682129e-01
3.674256093800067902e-01
2.676264848560094833e-01
2.568605355918407440e-01
3.448974117636680603e-01
2.569467723369598389e-01
2.574101015925407410e-01
2.682034727185964584e-01
2.697187624871730804e-01
2.713634949177503586e-01
2.296288628131151199e-01
1.794796641916036606e-01
2.310101930052042007e-01
1.891859471797943115e-01
1.519623622298240662e-01
1.721726208925247192e-01
2.267912607640028000e-01
2.052833531051874161e-01
2.894017454236745834e-01
2.267936561256647110e-01
1.782920714467763901e-01
2.039073631167411804e-01
1.865299548953771591e-01
2.137968353927135468e-01
1.788206566125154495e-01
1.871383637189865112e-01
2.452183645218610764e-01
3.762391190975904465e-01
2.251126561313867569e-01
2.743392400443553925e-01
2.729487866163253784e-01
2.680550646036863327e-01
2.355841584503650665e-01
2.481202278286218643e-01
1.830164343118667603e-01
2.564148269593715668e-01
2.034948598593473434e-01
2.346690539270639420e-01
3.104663565754890442e-01
1.606548000127077103e-01
1.545739714056253433e-01
2.865845374763011932e-01
1.689057722687721252e-01
2.066362518817186356e-01
2.225533463060855865e-01
2.262042835354804993e-01
2.135611828416585922e-01
2.781997080892324448e-01
2.258965820074081421e-01
2.081076949834823608e-01
1.780023314058780670e-01
1.959043461829423904e-01
1.708905342966318130e-01
2.221793886274099350e-01
2.698020376265048981e-01
1.799500677734613419e-01
1.784077994525432587e-01
2.047484517097473145e-01
2.298347055912017822e-01
1.957797612994909286e-01
2.270967010408639908e-01
1.897062640637159348e-01
2.244196161627769470e-01
2.377476710826158524e-01
2.456285897642374039e-01
1.955668535083532333e-01
3.769584260880947113e-01
3.399668596684932709e-01
2.676974590867757797e-01
2.761954274028539658e-01
2.745753936469554901e-01
2.045026328414678574e-01
1.604131441563367844e-01
1.980402562767267227e-01
2.046332675963640213e-01
2.286219242960214615e-01
1.976441964507102966e-01
2.230245005339384079e-01
2.262821663171052933e-01
2.065357137471437454e-01
1.691189240664243698e-01
1.688654981553554535e-01
1.981469951570034027e-01
2.274089995771646500e-01
2.273096088320016861e-01
2.149002142250537872e-01
2.034276723861694336e-01
1.793120279908180237e-01
2.783749978989362717e-01
2.724116034805774689e-01
2.155369482934474945e-01
2.735841386020183563e-01
2.347158398479223251e-01
2.569509260356426239e-01
2.244210485368967056e-01
2.461721878498792648e-01
2.135495953261852264e-01
3.968172594904899597e-01
2.236356995999813080e-01
4.194626249372959137e-01
2.734450083225965500e-01
1.767701264470815659e-01
1.781268697232007980e-01
2.327124997973442078e-01
1.689266636967658997e-01
2.256996184587478638e-01
2.129243742674589157e-01
1.774940192699432373e-01
2.260234933346509933e-01
1.774055287241935730e-01
2.127410639077425003e-01
2.253504898399114609e-01
1.956443767994642258e-01
1.773483101278543472e-01
2.268723957240581512e-01
2.125791572034358978e-01
1.600200198590755463e-01
1.511895209550857544e-01
1.868005115538835526e-01
2.874165009707212448e-01
1.963819675147533417e-01
3.562325127422809601e-01
1.773824859410524368e-01
1.512200422585010529e-01
1.927438843995332718e-01
2.738906610757112503e-01
2.723979055881500244e-01
3.864311370998620987e-01
2.239379733800888062e-01
2.673900667577981949e-01
2.721973937004804611e-01
3.983554355800151825e-01
2.361167576164007187e-01
2.574115730822086334e-01
2.572853583842515945e-01
2.680172510445117950e-01
2.214240543544292450e-01
2.310376018285751343e-01
2.131911013275384903e-01
1.771459784358739853e-01
2.271030787378549576e-01
1.956885010004043579e-01
1.957864686846733093e-01
2.280747592449188232e-01
1.780335064977407455e-01
1.601304709911346436e-01
1.891000587493181229e-01
2.270317394286394119e-01
1.689470205456018448e-01
1.692994199693202972e-01
2.287522852420806885e-01
1.951138265430927277e-01
2.014027480036020279e-01
2.413227856159210205e-01
3.408899642527103424e-01
3.772410769015550613e-01
2.761404495686292648e-01
3.664550688117742538e-01
2.612406425178050995e-01
2.150184847414493561e-01
2.388407401740550995e-01
2.256133817136287689e-01
2.047167457640171051e-01
2.149389460682868958e-01
2.670785505324602127e-01
2.117534931749105453e-01
2.047377936542034149e-01
2.269851602613925934e-01
1.723408456891775131e-01
1.929618585854768753e-01
2.134668584913015366e-01
2.293479181826114655e-01
2.213874850422143936e-01
2.267188578844070435e-01
2.237822916358709335e-01
2.046108841896057129e-01
3.040322512388229370e-01
1.874960511922836304e-01
1.862300410866737366e-01
2.226022854447364807e-01
2.158787120133638382e-01
2.127656731754541397e-01
1.960071660578250885e-01
2.239661868661642075e-01
2.268251720815896988e-01
2.261628769338130951e-01
1.921413019299507141e-01
1.936094686388969421e-01
2.239962182939052582e-01
3.654198460280895233e-01
2.367256563156843185e-01
2.146795671433210373e-01
2.249288093298673630e-01
2.253875751048326492e-01
1.817726567387580872e-01
2.733501046895980835e-01
2.365477625280618668e-01
2.736805304884910583e-01
1.698503345251083374e-01
1.895439624786376953e-01
2.046230472624301910e-01
2.263725865632295609e-01
2.152194939553737640e-01
2.264051716774702072e-01
1.695171017199754715e-01
1.960823833942413330e-01
2.043088283389806747e-01
1.698215678334236145e-01
2.045354060828685760e-01
1.956963464617729187e-01
2.288230545818805695e-01
2.262096535414457321e-01
2.266940139234066010e-01
1.786522008478641510e-01
2.229555658996105194e-01
3.592263776808977127e-01
1.970562264323234558e-01
1.825825534760951996e-01
3.457442875951528549e-01
2.672725208103656769e-01
2.732703741639852524e-01
2.733029332011938095e-01
2.462625466287136078e-01
2.670602966099977493e-01
2.350051738321781158e-01
2.354774679988622665e-01
2.457421198487281799e-01
2.245408073067665100e-01
2.135995998978614807e-01
2.575762439519166946e-01
2.258930504322052002e-01
3.148281816393136978e-01
1.951730307191610336e-01
3.295127134770154953e-01
2.253887467086315155e-01
2.142638228833675385e-01
1.693562045693397522e-01
2.267282456159591675e-01
2.966595143079757690e-01
1.779164709150791168e-01
1.599391438066959381e-01
1.777233723551034927e-01
2.259969916194677353e-01
2.275430150330066681e-01
1.867702398449182510e-01
1.693724580109119415e-01
1.683980114758014679e-01
2.032409571111202240e-01
2.492294181138277054e-01
2.358183301985263824e-01
2.726505175232887268e-01
2.356183826923370361e-01
1.923714336007833481e-01
2.450440898537635803e-01
2.672306615859270096e-01
1.929674372076988220e-01
2.562728151679039001e-01
2.353388164192438126e-01
2.359888199716806412e-01
1.917792800813913345e-01
2.133565060794353485e-01
1.947986986488103867e-01
2.276708297431468964e-01
2.041000109165906906e-01
2.278385851532220840e-01
1.690263096243143082e-01
1.954175624996423721e-01
1.721682790666818619e-01
2.129692398011684418e-01
2.047988995909690857e-01
1.509467270225286484e-01
2.228602655231952667e-01
3.566424418240785599e-01
1.692191269248723984e-01
2.294550202786922455e-01
2.049711402505636215e-01
1.941531337797641754e-01
2.477464154362678528e-01
2.039328776299953461e-01
2.583396825939416885e-01
2.146461829543113708e-01
1.821488551795482635e-01
2.041353490203619003e-01
2.723964583128690720e-01
2.258184663951396942e-01
2.349164374172687531e-01
2.731662951409816742e-01
2.458714842796325684e-01
2.954890765249729156e-01
2.153066992759704590e-01
1.695048920810222626e-01
1.959278397262096405e-01
2.342389170080423355e-01
2.044478282332420349e-01
1.867648474872112274e-01
2.223613783717155457e-01
1.777150239795446396e-01
1.688648555427789688e-01
1.776869520545005798e-01
3.147327918559312820e-01
3.762834593653678894e-01
1.959629543125629425e-01
2.279729656875133514e-01
2.169557493180036545e-01
1.607459411025047302e-01
2.275289241224527359e-01
2.870850153267383575e-01
1.786244213581085205e-01
1.692335940897464752e-01
2.430711481720209122e-01
2.672822866588830948e-01
2.727937586605548859e-01
2.673854175955057144e-01
2.249678168445825577e-01
2.741621732711791992e-01
2.260744925588369370e-01
2.729673422873020172e-01
2.565435450524091721e-01
3.552207201719284058e-01
2.679034452885389328e-01
3.769241031259298325e-01
1.963576134294271469e-01
2.253026217222213745e-01
2.045877780765295029e-01
2.274254932999610901e-01
2.280776146799325943e-01
1.870565321296453476e-01
2.272382006049156189e-01
2.132408935576677322e-01
2.964944262057542801e-01
1.958741266280412674e-01
1.957684271037578583e-01
2.294945530593395233e-01
1.784536223858594894e-01
1.778020318597555161e-01
1.875854805111885071e-01
2.297237887978553772e-01
2.263300307095050812e-01
1.978172119706869125e-01
1.861256510019302368e-01
1.597327571362257004e-01
1.981598250567913055e-01
2.125984765589237213e-01
3.555122185498476028e-01
2.131983283907175064e-01
2.461213096976280212e-01
2.459054179489612579e-01
2.239353470504283905e-01
2.030828781425952911e-01
2.670771814882755280e-01
3.765460196882486343e-01
2.250661104917526245e-01
2.577780559659004211e-01
2.243783622980117798e-01
2.462968900799751282e-01
2.258972432464361191e-01
1.610960662364959717e-01
1.953849811106920242e-01
1.694867033511400223e-01
3.468222115188837051e-01
1.777631305158138275e-01
2.162987682968378067e-01
2.040721401572227478e-01
1.776247266680002213e-01
1.710214037448167801e-01
2.272598780691623688e-01
2.258721124380826950e-01
2.064827457070350647e-01
2.134265322238206863e-01
1.600506249815225601e-01
2.277641855180263519e-01
1.685233395546674728e-01
1.959611810743808746e-01
2.740229181945323944e-01
2.564967330545186996e-01
2.356697898358106613e-01
2.347505129873752594e-01
2.731690891087055206e-01
2.562940884381532669e-01
2.735020108520984650e-01
3.249913286417722702e-01
2.563636694103479385e-01
1.927222274243831635e-01
3.451875429600477219e-01
2.725743521004915237e-01
2.288447320461273193e-01
1.779025178402662277e-01
1.870546545833349228e-01
2.128600850701332092e-01
2.262943182140588760e-01
2.232794221490621567e-01
1.782504338771104813e-01
2.041403986513614655e-01
1.690520923584699631e-01
2.266550865024328232e-01
1.707746628671884537e-01
1.686390340328216553e-01
2.863321211189031601e-01
2.051454670727252960e-01
2.220813930034637451e-01
1.861524786800146103e-01
1.705160718411207199e-01
2.255438528954982758e-01
2.281777895987033844e-01
3.570647612214088440e-01
1.612626872956752777e-01
2.272250726819038391e-01
1.868189126253128052e-01
2.668962590396404266e-01
2.565789502114057541e-01
2.726768050342798233e-01
2.673794273287057877e-01
2.561163492500782013e-01
3.371079787611961365e-01
2.035646550357341766e-01
2.245602291077375412e-01
2.035563923418521881e-01
2.570660058408975601e-01
2.359184250235557556e-01
2.573253903537988663e-01
2.861814815551042557e-01
1.862879395484924316e-01
2.799592968076467514e-01
2.265888843685388565e-01
2.221974562853574753e-01
1.452415902167558670e-01
1.961564682424068451e-01
1.869896296411752701e-01
2.245880085974931717e-01
1.953694652765989304e-01
2.257429920136928558e-01
2.292953692376613617e-01
1.945030558854341507e-01
2.134121786803007126e-01
1.705167628824710846e-01
1.604972537606954575e-01
1.793485321104526520e-01
1.868806164711713791e-01
2.347022760659456253e-01
2.471790984272956848e-01
2.340774275362491608e-01
2.667956333607435226e-01
3.541633188724517822e-01
1.939115505665540695e-01
3.546502720564603806e-01
3.336380459368228912e-01
2.140198945999145508e-01
2.460084091871976852e-01
1.717896386981010437e-01
2.350174468010663986e-01
2.700895853340625763e-01
1.865691095590591431e-01
1.866471376270055771e-01
2.159473709762096405e-01
2.130444981157779694e-01
2.134770099073648453e-01
1.779952291399240494e-01
2.259833998978137970e-01
1.870148535817861557e-01
2.131838761270046234e-01
2.227136846631765366e-01
2.334489822387695312e-01
2.137290593236684799e-01
1.517036911100149155e-01
1.516250446438789368e-01
1.865427959710359573e-01
2.037786040455102921e-01
2.047523073852062225e-01
1.959467623382806778e-01
1.890804860740900040e-01
1.695088874548673630e-01
2.661133911460638046e-01
2.667501531541347504e-01
2.697978354990482330e-01
1.716088578104972839e-01
2.723408527672290802e-01
2.726647984236478806e-01
2.027818411588668823e-01
2.721932828426361084e-01
2.348078954964876175e-01
2.022777441889047623e-01
2.142191901803016663e-01
2.346973903477191925e-01
2.347720805555582047e-01
1.959544289857149124e-01
2.239251062273979187e-01
1.772451363503932953e-01
2.129569984972476959e-01
3.318957705050706863e-01
2.217592000961303711e-01
1.780401766300201416e-01
1.685545910149812698e-01
2.221512794494628906e-01
1.932346075773239136e-01
1.952376812696456909e-01
2.257726527750492096e-01
3.221228495240211487e-01
1.790863983333110809e-01
2.270641308277845383e-01
3.292330540716648102e-01
1.957412026822566986e-01
2.261681612581014633e-01
2.133868318051099777e-01
2.271759230643510818e-01
2.386630959808826447e-01
2.451813817024230957e-01
2.670712843537330627e-01
2.667193859815597534e-01
2.029305007308721542e-01
2.145692016929388046e-01
2.357973773032426834e-01
2.739032153040170670e-01
2.568192221224308014e-01
2.143081743270158768e-01
2.144440487027168274e-01
2.671241499483585358e-01
2.288720812648534775e-01
1.781820170581340790e-01
1.595769412815570831e-01
2.061765342950820923e-01
1.601094231009483337e-01
1.862050406634807587e-01
2.131195180118083954e-01
1.424174588173627853e-01
2.275957800447940826e-01
2.262301035225391388e-01
2.037253510206937790e-01
2.790411766618490219e-01
1.945999041199684143e-01
2.261522449553012848e-01
2.224528398364782333e-01
2.214229851961135864e-01
2.046058364212512970e-01
2.047784850001335144e-01
1.960442587733268738e-01
2.066339291632175446e-01
2.398607786744832993e-01
3.454898670315742493e-01
2.458132021129131317e-01
2.350696641951799393e-01
1.936089769005775452e-01
2.476000916212797165e-01
2.039458863437175751e-01
2.470320761203765869e-01
2.724113576114177704e-01
1.977736372500658035e-01
2.864341605454683304e-01
2.794543616473674774e-01
2.267018593847751617e-01
2.056857421994209290e-01
1.785806491971015930e-01
2.042972370982170105e-01
2.215078789740800858e-01
3.223772570490837097e-01
2.266249414533376694e-01
2.241527363657951355e-01
2.039287295192480087e-01
2.049171365797519684e-01
2.874857410788536072e-01
2.271157260984182358e-01
1.785763539373874664e-01
2.218199800699949265e-01
1.867885254323482513e-01
2.163678966462612152e-01
2.030529454350471497e-01
2.445683721452951431e-01
2.578191626816987991e-01
2.577356547117233276e-01
2.576564960181713104e-01
2.243075817823410034e-01
2.671660333871841431e-01
2.142254821956157684e-01
2.241738978773355484e-01
2.460681162774562836e-01
1.714933086186647415e-01
2.573776002973318100e-01
1.745644193142652512e-01
2.275817040354013443e-01
2.140002623200416565e-01
1.856107842177152634e-01
2.256552502512931824e-01
1.955738272517919540e-01
2.206268999725580215e-01
1.690382305532693863e-01
2.141363900154829025e-01
2.262883242219686508e-01
2.128241416066884995e-01
1.860234476625919342e-01
2.038104198873043060e-01
2.124050874263048172e-01
1.870389617979526520e-01
1.684954576194286346e-01
1.529324129223823547e-01
2.260314654558897018e-01
1.777984183281660080e-01
2.070993222296237946e-01
3.383317720144987106e-01
2.340950351208448410e-01
2.137613017112016678e-01
2.142533715814352036e-01
3.440834172070026398e-01
2.362192459404468536e-01
3.441929016262292862e-01
2.728878613561391830e-01
2.028090506792068481e-01
2.565566971898078918e-01
2.722511459141969681e-01
2.033442780375480652e-01
2.720614653080701828e-01
1.925114803016185760e-01
3.566160518676042557e-01
1.949669960886240005e-01
2.290488071739673615e-01
2.040634006261825562e-01
1.872436087578535080e-01
1.870240550488233566e-01
1.959771439433097839e-01
1.809413637965917587e-01
1.689502205699682236e-01
1.597819495946168900e-01
2.266118414700031281e-01
1.843259148299694061e-01
2.130443472415208817e-01
3.150264006108045578e-01
2.859996668994426727e-01
1.957233212888240814e-01
1.867361906915903091e-01
2.050636596977710724e-01
2.249326277524232864e-01
1.952177286148071289e-01
1.877357549965381622e-01
2.305438704788684845e-01
2.604916468262672424e-01
2.679523434489965439e-01
1.927458886057138443e-01
2.463036868721246719e-01
3.554491102695465088e-01
2.022802475839853287e-01
2.566442675888538361e-01
2.730834055691957474e-01
3.299884218722581863e-01
1.538244131952524185e-01
2.258976753801107407e-01
3.211842477321624756e-01
1.976988948881626129e-01
1.598618328571319580e-01
1.771449148654937744e-01
1.963901761919260025e-01
2.253910657018423080e-01
1.799491494894027710e-01
2.283990792930126190e-01
1.522528473287820816e-01
2.134950086474418640e-01
1.783071383833885193e-01
1.883436106145381927e-01
1.959106996655464172e-01
1.964264921844005585e-01
1.974726878106594086e-01
2.049276810139417648e-01
1.787046846002340317e-01
2.575055994093418121e-01
2.148276027292013168e-01
2.140514273196458817e-01
2.149815056473016739e-01
2.681692391633987427e-01
2.592855431139469147e-01
2.473485544323921204e-01
2.769837491214275360e-01
2.263617869466543198e-01
2.150950562208890915e-01
2.259396035224199295e-01
2.576146237552165985e-01
3.201374411582946777e-01
3.235254175961017609e-01
2.224183380603790283e-01
2.047839350998401642e-01
2.064422797411680222e-01
2.051867153495550156e-01
2.132184542715549469e-01
2.269199695438146591e-01
2.047797404229640961e-01
2.269304227083921432e-01
1.796364579349756241e-01
2.224808000028133392e-01
2.221386581659317017e-01
2.053820863366127014e-01
2.220626827329397202e-01
2.134378831833600998e-01
1.888851299881935120e-01
1.777690853923559189e-01
1.952812541276216507e-01
2.153172250837087631e-01
2.034961096942424774e-01
4.212671220302581787e-01
2.147558014839887619e-01
2.141003832221031189e-01
2.356559224426746368e-01
2.563262581825256348e-01
2.751896493136882782e-01
2.727051917463541031e-01
2.730987947434186935e-01
2.669419702142477036e-01
2.579670064151287079e-01
2.455297410488128662e-01
2.418724894523620605e-01
1.779426373541355133e-01
1.696047112345695496e-01
1.694921255111694336e-01
3.202676214277744293e-01
3.321759570389986038e-01
1.708468645811080933e-01
2.038691360503435135e-01
1.697549298405647278e-01
2.069001663476228714e-01
2.045638747513294220e-01
2.278872840106487274e-01
1.854227725416421890e-01
1.867730375379323959e-01
1.887770667672157288e-01
2.042588144540786743e-01
1.959914732724428177e-01
2.177471779286861420e-01
3.766642082482576370e-01
1.931639350950717926e-01
4.100662320852279663e-01
2.576931063085794449e-01
2.736213393509387970e-01
2.729500196874141693e-01
3.971442803740501404e-01
2.677224706858396530e-01
2.725196927785873413e-01
2.677468545734882355e-01
2.273411490023136139e-01
2.298049218952655792e-01
2.137149665504693985e-01
2.128848694264888763e-01
2.159929815679788589e-01
1.867941711097955704e-01
1.860653683543205261e-01
3.347054738551378250e-01
2.893415484577417374e-01
2.272565718740224838e-01
2.140468936413526535e-01
2.273095231503248215e-01
1.695246864110231400e-01
2.257433384656906128e-01
2.280806526541709900e-01
1.787779685109853745e-01
1.979663670063018799e-01
2.143405769020318985e-01
3.454966582357883453e-01
2.365759406238794327e-01
2.466780524700880051e-01
2.035752851516008377e-01
2.740709874778985977e-01
3.461818117648363113e-01
2.572679594159126282e-01
1.931186225265264511e-01
2.142287027090787888e-01
1.781924273818731308e-01
1.690391693264245987e-01
2.279503419995307922e-01
1.870463173836469650e-01
1.968026254326105118e-01
2.287689372897148132e-01
1.958465371280908585e-01
2.045021280646324158e-01
2.051342111080884933e-01
1.613639406859874725e-01
2.136345393955707550e-01
1.969321519136428833e-01
2.955762017518281937e-01
1.695288699120283127e-01
2.295847274363040924e-01
3.039464801549911499e-01
2.272006999701261520e-01
2.272597942501306534e-01
1.960343252867460251e-01
1.523059457540512085e-01
1.873555202037096024e-01
2.262437362223863602e-01
2.291314993053674698e-01
2.574846986681222916e-01
2.025858759880065918e-01
2.139980588108301163e-01
2.029416635632514954e-01
2.252894900739192963e-01
2.565525043755769730e-01
2.729643918573856354e-01
2.734171785414218903e-01
2.248651329427957535e-01
2.563457768410444260e-01
1.922582779079675674e-01
1.929343994706869125e-01
2.487373203039169312e-01
3.211453817784786224e-01
1.780835632234811783e-01
2.237625215202569962e-01
2.233559209853410721e-01
1.886191554367542267e-01
2.290640436112880707e-01
1.770654525607824326e-01
1.596794463694095612e-01
1.951075010001659393e-01
1.517700683325529099e-01
2.288066130131483078e-01
2.264142222702503204e-01
2.258588075637817383e-01
2.067967765033245087e-01
2.258029654622077942e-01
1.873645354062318802e-01
2.283147536218166351e-01
1.348058599978685379e-01
2.134913727641105652e-01
1.869748923927545547e-01
2.045365367084741592e-01
1.784048918634653091e-01
2.191125079989433289e-01
2.454328313469886780e-01
2.721924334764480591e-01
2.141285110265016556e-01
2.136884760111570358e-01
2.360215932130813599e-01
2.247927021235227585e-01
2.723705079406499863e-01
2.146026864647865295e-01
2.469731289893388748e-01
2.134218458086252213e-01
1.608300991356372833e-01
2.160986941307783127e-01
1.687944158911705017e-01
2.267724033445119858e-01
1.978845316916704178e-01
1.956349648535251617e-01
2.127101756632328033e-01
2.288653086870908737e-01
3.040792271494865417e-01
1.860815398395061493e-01
2.281020246446132660e-01
1.784014292061328888e-01
2.055372521281242371e-01
2.162200789898633957e-01
2.134651076048612595e-01
1.865134779363870621e-01
2.697667907923460007e-01
1.446730103343725204e-01
1.699983906000852585e-01
2.035335004329681396e-01
2.561534605920314789e-01
2.035249695181846619e-01
2.456553075462579727e-01
2.462117560207843781e-01
2.032552231103181839e-01
2.369521297514438629e-01
2.723884824663400650e-01
1.924951486289501190e-01
2.722771205008029938e-01
1.922071781009435654e-01
2.354133334010839462e-01
2.343044392764568329e-01
1.789193339645862579e-01
1.892194114625453949e-01
1.961399447172880173e-01
1.864994578063488007e-01
2.969897631555795670e-01
2.262605112046003342e-01
1.611256357282400131e-01
2.301583811640739441e-01
2.045904286205768585e-01
2.781178355216979980e-01
1.793274730443954468e-01
2.232251539826393127e-01
1.681828480213880539e-01
1.961282081902027130e-01
2.062505371868610382e-01
2.117221951484680176e-01
1.868893876671791077e-01
1.690900959074497223e-01
3.137075956910848618e-01
1.682860478758811951e-01
2.230875678360462189e-01
2.153597548604011536e-01
1.921227294951677322e-01
2.353245578706264496e-01
3.360564168542623520e-01
2.144580427557229996e-01
2.241062670946121216e-01
2.572046555578708649e-01
2.568473257124423981e-01
2.725774068385362625e-01
2.140830792486667633e-01
1.926208473742008209e-01
1.950429305434226990e-01
1.738989409059286118e-01
2.211824338883161545e-01
1.252054106444120407e-01
3.125070855021476746e-01
1.782319452613592148e-01
2.268985882401466370e-01
3.084606397897005081e-01
2.265183143317699432e-01
1.784441396594047546e-01
1.785366311669349670e-01
2.216105870902538300e-01
1.782644446939229965e-01
1.973911002278327942e-01
1.777779385447502136e-01
3.037117589265108109e-01
2.160744089633226395e-01
1.694780420511960983e-01
2.271734625101089478e-01
2.281793579459190369e-01
2.699549924582242966e-01
2.671050149947404861e-01
1.838434897363185883e-01
2.461914140731096268e-01
2.134525626897811890e-01
2.680367473512887955e-01
2.134957779198884964e-01
2.729762792587280273e-01
2.365550007671117783e-01
2.290389649569988251e-01
1.780614145100116730e-01
1.774556320160627365e-01
2.235941980034112930e-01
2.272475529462099075e-01
3.388284724205732346e-01
3.144597131758928299e-01
2.780400123447179794e-01
2.264723181724548340e-01
2.285293284803628922e-01
2.046823799610137939e-01
1.952728293836116791e-01
2.267013173550367355e-01
1.254743523895740509e-01
1.951836589723825455e-01
1.867802683264017105e-01
1.693196538835763931e-01
3.121872153133153915e-01
2.256600651890039444e-01
1.598832271993160248e-01
2.723771687597036362e-01
3.549701049923896790e-01
2.463739048689603806e-01
2.354071661829948425e-01
2.356711868196725845e-01
2.471313122659921646e-01
2.666072454303503036e-01
2.673355285078287125e-01
2.755894158035516739e-01
1.699592508375644684e-01
1.700528096407651901e-01
1.877847742289304733e-01
2.061453666538000107e-01
1.972644738852977753e-01
2.179880514740943909e-01
1.707680206745862961e-01
1.883405093103647232e-01
2.297560498118400574e-01
2.895304262638092041e-01
1.979083083570003510e-01
2.153538372367620468e-01
2.057638596743345261e-01
1.788004022091627121e-01
2.287679407745599747e-01
2.042031716555356979e-01
2.565097976475954056e-01
2.579188700765371323e-01
2.571032475680112839e-01
1.930346079170703888e-01
2.670336756855249405e-01
2.138511557132005692e-01
2.729106023907661438e-01
2.727026604115962982e-01
2.348988801240921021e-01
2.038576621562242508e-01
2.350645437836647034e-01
2.251398544758558273e-01
2.218403536826372147e-01
2.039617374539375305e-01
1.861583311110734940e-01
2.265453729778528214e-01
1.885359436273574829e-01
2.213607393205165863e-01
2.039281465113162994e-01
1.881778538227081299e-01
1.955946236848831177e-01
1.694343090057373047e-01
2.149452865123748779e-01
2.141694948077201843e-01
1.774261854588985443e-01
1.604027673602104187e-01
2.137974891811609268e-01
1.783547289669513702e-01
3.044434320181608200e-01
2.230911515653133392e-01
1.952500604093074799e-01
1.780294813215732574e-01
1.599047128111124039e-01
2.264657225459814072e-01
1.867136415094137192e-01
2.955367490649223328e-01
2.587129306048154831e-01
2.113454677164554596e-01
2.456400133669376373e-01
2.730247098952531815e-01
2.355195004492998123e-01
2.732508294284343719e-01
2.137391585856676102e-01
2.683452963829040527e-01
2.365731522440910339e-01
2.353496979922056198e-01
2.566879205405712128e-01
2.729700356721878052e-01
2.217671871185302734e-01
1.699724793434143066e-01
1.885257661342620850e-01
1.778957135975360870e-01
2.053236644715070724e-01
1.960921660065650940e-01
2.046571634709835052e-01
1.897772904485464096e-01
1.864300742745399475e-01
2.037787530571222305e-01
1.706037595868110657e-01
1.962395440787076950e-01
2.026022747159004211e-01
1.598650850355625153e-01
2.117606773972511292e-01
1.773814894258975983e-01
2.133157663047313690e-01
2.269219085574150085e-01
2.056037373840808868e-01
1.960018035024404526e-01
2.294496763497591019e-01
2.499519307166337967e-01
1.969864498823881149e-01
2.592099662870168686e-01
2.254826426506042480e-01
2.464202120900154114e-01
2.142838351428508759e-01
2.161035109311342239e-01
1.717608980834484100e-01
2.563046589493751526e-01
2.733686249703168869e-01
2.352092117071151733e-01
2.571543995290994644e-01
3.127161990851163864e-01
1.696216203272342682e-01
2.271214574575424194e-01
2.287026233971118927e-01
1.787084173411130905e-01
1.870828587561845779e-01
2.223680913448333740e-01
1.865347418934106827e-01
1.895537786185741425e-01
1.687464043498039246e-01
2.265809010714292526e-01
1.863934658467769623e-01
1.699225828051567078e-01
1.780492197722196579e-01
1.970213819295167923e-01
2.277800776064395905e-01
2.063511628657579422e-01
2.142416816204786301e-01
2.470652218908071518e-01
1.832250561565160751e-01
2.357509788125753403e-01
2.565802223980426788e-01
2.249475400894880295e-01
1.926580388098955154e-01
2.569880560040473938e-01
1.938442420214414597e-01
4.060596618801355362e-01
2.232608702033758163e-01
2.261191476136445999e-01
2.036157157272100449e-01
2.278417870402336121e-01
1.610080618411302567e-01
2.870339974761009216e-01
1.795133091509342194e-01
1.859579402953386307e-01
2.274997234344482422e-01
1.694994512945413589e-01
1.958971973508596420e-01
3.644828982651233673e-01
1.780948266386985779e-01
3.046583440154790878e-01
1.782522853463888168e-01
1.777743082493543625e-01
2.045975290238857269e-01
2.240811511874198914e-01
2.268576100468635559e-01
1.601645983755588531e-01
1.446419991552829742e-01
1.958387270569801331e-01
2.271742392331361771e-01
1.871562208980321884e-01
2.393685989081859589e-01
2.379547506570816040e-01
2.680816631764173508e-01
2.460003551095724106e-01
2.353262063115835190e-01
2.144103944301605225e-01
1.832004189491271973e-01
2.678517680615186691e-01
2.740913387387990952e-01
3.756990190595388412e-01
2.350767571479082108e-01
2.727344240993261337e-01
2.673691399395465851e-01
2.271777223795652390e-01
2.148422598838806152e-01
1.866872832179069519e-01
1.873939242213964462e-01
2.259154450148344040e-01
2.049948740750551224e-01
3.061502426862716675e-01
1.784429159015417099e-01
2.048626169562339783e-01
1.696822382509708405e-01
2.268850374966859818e-01
2.269354723393917084e-01
2.067618500441312790e-01
1.867840550839900970e-01
2.867733780294656754e-01
1.785109154880046844e-01
4.183857664465904236e-01
2.746344730257987976e-01
3.350580930709838867e-01
3.343750052154064178e-01
2.729219160974025726e-01
2.459156177937984467e-01
2.734058760106563568e-01
2.251704186201095581e-01
2.141089122742414474e-01
2.245889585465192795e-01
1.945655159652233124e-01
1.972631588578224182e-01
2.139196619391441345e-01
1.790324188768863678e-01
2.287522684782743454e-01
2.047710753977298737e-01
1.878738366067409515e-01
2.293583806604146957e-01
1.954078227281570435e-01
2.261012773960828781e-01
1.883718241006135941e-01
1.943571623414754868e-01
2.128024306148290634e-01
1.958550754934549332e-01
2.046838123351335526e-01
3.207521606236696243e-01
3.239517174661159515e-01
2.559816762804985046e-01
2.721959240734577179e-01
2.455943841487169266e-01
2.563043404370546341e-01
2.722366359084844589e-01
3.444302678108215332e-01
3.757908921688795090e-01
2.469713017344474792e-01
1.924388557672500610e-01
1.929701790213584900e-01
2.270704042166471481e-01
2.263887953013181686e-01
2.268432360142469406e-01
1.602521259337663651e-01
2.236847691237926483e-01
2.227557785809040070e-01
2.270526271313428879e-01
2.052392885088920593e-01
1.778504997491836548e-01
3.651202321052551270e-01
3.060666248202323914e-01
2.260566055774688721e-01
1.603911481797695160e-01
1.699610128998756409e-01
1.964470855891704559e-01
1.869861129671335220e-01
2.354551106691360474e-01
2.678137384355068207e-01
2.736827917397022247e-01
2.247261311858892441e-01
2.724520303308963776e-01
2.563869450241327286e-01
2.342649605125188828e-01
2.461427785456180573e-01
2.725270166993141174e-01
1.782628707587718964e-01
2.128208167850971222e-01
1.774593312293291092e-01
2.261907458305358887e-01
2.221725210547447205e-01
1.777608301490545273e-01
2.274908535182476044e-01
3.066691998392343521e-01
3.134075328707695007e-01
2.049457561224699020e-01
1.694672722369432449e-01
1.687895171344280243e-01
1.510201375931501389e-01
2.294358294457197189e-01
2.273270003497600555e-01
2.795974053442478180e-01
1.615062654018402100e-01
3.305519167333841324e-01
2.266132440418004990e-01
2.260107696056365967e-01
2.132347840815782547e-01
2.137410156428813934e-01
1.716073639690876007e-01
2.343977764248847961e-01
2.461829166859388351e-01
2.459565438330173492e-01
1.933287978172302246e-01
2.356971837580204010e-01
2.736248988658189774e-01
2.719312496483325958e-01
2.247161623090505600e-01
2.234256640076637268e-01
2.350515574216842651e-01
2.042134143412113190e-01
2.139026429504156113e-01
1.426480226218700409e-01
1.955072768032550812e-01
1.684809997677803040e-01
2.152382619678974152e-01
1.856189463287591934e-01
1.957568414509296417e-01
1.854153424501419067e-01
2.262208983302116394e-01
2.276009228080511093e-01
2.050492595881223679e-01
1.960566584020853043e-01
1.607062164694070816e-01
1.960177514702081680e-01
3.213241454213857651e-01
1.865728944540023804e-01
2.133551109582185745e-01
2.261543367058038712e-01
1.976735610514879227e-01
1.778863016515970230e-01
1.784693077206611633e-01
2.248652800917625427e-01
2.740321736782789230e-01
2.734579481184482574e-01
2.567376978695392609e-01
2.730831950902938843e-01
2.735101953148841858e-01
2.245177011936903000e-01
2.376324124634265900e-01
2.583809904754161835e-01
3.779611662030220032e-01
2.254158332943916321e-01
2.573937717825174332e-01
2.221051324158906937e-01
2.140963096171617508e-01
2.136191353201866150e-01
1.781486440449953079e-01
1.874196771532297134e-01
1.954964920878410339e-01
1.972068399190902710e-01
1.691309306770563126e-01
2.045992929488420486e-01
2.139885351061820984e-01
2.056544572114944458e-01
2.228763401508331299e-01
3.253364544361829758e-01
2.797244694083929062e-01
2.293266542255878448e-01
1.779354419559240341e-01
1.867651753127574921e-01
2.272110898047685623e-01
2.678500935435295105e-01
2.728947252035140991e-01
2.669192831963300705e-01
3.346188552677631378e-01
2.355063315480947495e-01
2.727773897349834442e-01
2.473090402781963348e-01
2.724683638662099838e-01
2.740907147526741028e-01
2.665268015116453171e-01
2.459591925144195557e-01
3.389217145740985870e-01
2.220157831907272339e-01
2.227230276912450790e-01
1.859401315450668335e-01
2.298760525882244110e-01
3.213867079466581345e-01
1.787731572985649109e-01
2.243716865777969360e-01
2.279247716069221497e-01
1.609374303370714188e-01
1.976416446268558502e-01
1.604668777436017990e-01
2.154568918049335480e-01
3.052037563174962997e-01
2.231710255146026611e-01
2.272914890199899673e-01
2.703163642436265945e-01
2.248387373983860016e-01
2.147312331944704056e-01
3.772674202919006348e-01
3.350622653961181641e-01
2.257487587630748749e-01
3.362084701657295227e-01
2.566367965191602707e-01
2.746634520590305328e-01
2.041574344038963318e-01
2.361305151134729385e-01
2.043836042284965515e-01
2.268584799021482468e-01
2.246724124997854233e-01
1.873015351593494415e-01
2.270576208829879761e-01
1.813364550471305847e-01
1.698003392666578293e-01
1.691633015871047974e-01
2.071902323514223099e-01
2.773181740194559097e-01
1.611468549817800522e-01
2.725829128175973892e-01
2.265671901404857635e-01
2.054776903241872787e-01
3.244786467403173447e-01
3.124979082494974136e-01
1.608931291848421097e-01
1.631606444716453552e-01
3.225563690066337585e-01
2.781648747622966766e-01
1.866410989314317703e-01
2.141294889152050018e-01
1.957636512815952301e-01
3.145838845521211624e-01
2.588494848459959030e-01
2.466043587774038315e-01
2.721490804105997086e-01
2.350930720567703247e-01
2.134181540459394455e-01
2.144354991614818573e-01
2.144000176340341568e-01
3.568833414465188980e-01
2.461367622017860413e-01
2.734085805714130402e-01
2.141378447413444519e-01
2.457980047911405563e-01
2.222760617733001709e-01
1.976792551577091217e-01
2.266951985657215118e-01
1.511644534766674042e-01
2.279558666050434113e-01
2.126775290817022324e-01
3.140671178698539734e-01
2.250979803502559662e-01
3.149208072572946548e-01
2.268735915422439575e-01
2.054804023355245590e-01
1.874175257980823517e-01
2.038079518824815750e-01
2.277655471116304398e-01
3.066266831010580063e-01
2.133476361632347107e-01
2.360394690185785294e-01
2.729412112385034561e-01
3.658851198852062225e-01
2.571808584034442902e-01
2.731290329247713089e-01
2.037094123661518097e-01
2.035277392715215683e-01
2.734035067260265350e-01
2.457862123847007751e-01
2.677281163632869720e-01
2.478848639875650406e-01
1.868162006139755249e-01
2.334072943776845932e-01
1.511201057583093643e-01
2.172430697828531265e-01
2.227988764643669128e-01
2.222543060779571533e-01
1.964755151420831680e-01
2.269424144178628922e-01
2.074446212500333786e-01
2.267776336520910263e-01
1.694716308265924454e-01
1.516618970781564713e-01
1.451864875853061676e-01
2.037249300628900528e-01
2.872473262250423431e-01
2.247436307370662689e-01
1.690639127045869827e-01
2.239887677133083344e-01
2.042062450200319290e-01
2.143120318651199341e-01
2.141114156693220139e-01
2.220749333500862122e-01
2.781622521579265594e-01
2.151636984199285507e-01
2.337144706398248672e-01
2.141077928245067596e-01
2.462619338184595108e-01
2.144924644380807877e-01
2.569017168134450912e-01
2.691593095660209656e-01
2.454872895032167435e-01
2.478928416967391968e-01
2.573619540780782700e-01
4.217201545834541321e-01
2.271095067262649536e-01
1.640439350157976151e-01
2.214992363005876541e-01
2.142732255160808563e-01
2.292348369956016541e-01
1.782169695943593979e-01
1.703742295503616333e-01
2.299545034766197205e-01
1.775641106069087982e-01
1.712671685963869095e-01
1.873588413000106812e-01
2.131399959325790405e-01
1.891559362411499023e-01
2.137414868921041489e-01
2.276542820036411285e-01
3.412478938698768616e-01
1.605959404259920120e-01
2.048685960471630096e-01
2.733945194631814957e-01
1.822977699339389801e-01
3.551013730466365814e-01
2.730607893317937851e-01
1.932411007583141327e-01
1.933203674852848053e-01
1.937193665653467178e-01
2.243706155568361282e-01
1.821370292454957962e-01
1.932042893022298813e-01
2.729113306850194931e-01
2.399015631526708603e-01
1.975089237093925476e-01
2.069765627384185791e-01
2.232007216662168503e-01
1.878045890480279922e-01
1.989246495068073273e-01
1.960317250341176987e-01
2.149377986788749695e-01
1.981487721204757690e-01
2.236669287085533142e-01
2.232361286878585815e-01
2.252465039491653442e-01
1.875636000186204910e-01
1.972389295697212219e-01
1.522226240485906601e-01
2.050345353782176971e-01
2.053651046007871628e-01
2.261188346892595291e-01
2.280727513134479523e-01
2.153982315212488174e-01
2.743490617722272873e-01
2.576830126345157623e-01
2.251275051385164261e-01
2.158858980983495712e-01
2.737992890179157257e-01
2.462340574711561203e-01
2.355047035962343216e-01
2.729885429143905640e-01
2.462585903704166412e-01
2.038697451353073120e-01
1.937037110328674316e-01
1.959166526794433594e-01
2.043222263455390930e-01
2.052307389676570892e-01
2.322508674114942551e-01
1.688695736229419708e-01
2.145791891962289810e-01
1.533089093863964081e-01
1.970894411206245422e-01
1.972021646797657013e-01
2.160200476646423340e-01
2.060749512165784836e-01
1.873983480036258698e-01
2.051661200821399689e-01
2.136047277599573135e-01
2.147616464644670486e-01
1.693694386631250381e-01
2.147023137658834457e-01
1.615328378975391388e-01
1.976424399763345718e-01
1.529437582939863205e-01
1.882817912846803665e-01
2.663864754140377045e-01
2.739095874130725861e-01
2.158018629997968674e-01
2.361013703048229218e-01
2.689668517559766769e-01
2.480792831629514694e-01
2.368008140474557877e-01
2.467319630086421967e-01
2.689245101064443588e-01
2.683003805577754974e-01
2.260295897722244263e-01
4.107424449175596237e-01
1.715091317892074585e-01
2.253920659422874451e-01
1.786103658378124237e-01
2.287383098155260086e-01
3.484867010265588760e-01
1.980142071843147278e-01
1.544431224465370178e-01
2.273554559797048569e-01
1.787814646959304810e-01
2.163010779768228531e-01
1.969460379332304001e-01
1.522105354815721512e-01
2.240974158048629761e-01
2.291525769978761673e-01
1.894850451499223709e-01
1.798063404858112335e-01
2.267557084560394287e-01
2.907774038612842560e-01
2.060966249555349350e-01
2.375470083206892014e-01
2.252319157123565674e-01
1.828756518661975861e-01
2.744369562715291977e-01
2.683629207313060760e-01
2.054594904184341431e-01
3.358451239764690399e-01
2.576752379536628723e-01
2.264488097280263901e-01
2.469846308231353760e-01
4.195617400109767914e-01
2.587085943669080734e-01
1.981349047273397446e-01
1.970249991863965988e-01
1.706640459597110748e-01
1.810118071734905243e-01
2.239180654287338257e-01
3.065318465232849121e-01
2.078779935836791992e-01
1.617145035415887833e-01
2.269889619201421738e-01
1.980585567653179169e-01
2.151729855686426163e-01
2.142100594937801361e-01
1.953211184591054916e-01
1.611175555735826492e-01
2.071041762828826904e-01
3.144191931933164597e-01
2.272203974425792694e-01
3.145651407539844513e-01
1.971225813031196594e-01
2.278981450945138931e-01
2.056526076048612595e-01
1.985506750643253326e-01
2.140429839491844177e-01
2.316983398050069809e-01
2.145302295684814453e-01
1.721025835722684860e-01
2.581527493894100189e-01
2.735003810375928879e-01
2.260951399803161621e-01
2.250046394765377045e-01
2.475075758993625641e-01
2.257705144584178925e-01
2.040893696248531342e-01
2.470209263265132904e-01
2.045210991054773331e-01
2.567319497466087341e-01
2.294774837791919708e-01
2.142730038613080978e-01
1.967032272368669510e-01
2.301227077841758728e-01
2.054633051156997681e-01
1.702306084334850311e-01
2.298484295606613159e-01
2.899878881871700287e-01
1.907633636146783829e-01
2.993084806948900223e-01
2.169366721063852310e-01
2.053186576813459396e-01
1.926766615360975266e-01
1.874679643660783768e-01
1.904914099723100662e-01
1.964583732187747955e-01
2.308341842144727707e-01
2.686127051711082458e-01
2.713088374584913254e-01
2.267396617680788040e-01
2.375228088349103928e-01
2.693947106599807739e-01
2.477073688060045242e-01
2.260968536138534546e-01
2.469969168305397034e-01
2.746095340698957443e-01
2.738981470465660095e-01
1.947414502501487732e-01
1.943422518670558929e-01
2.155505307018756866e-01
1.716757044196128845e-01
1.964580323547124863e-01
1.969728153198957443e-01
2.276359722018241882e-01
2.243931312114000320e-01
2.163477074354887009e-01
2.063001431524753571e-01
2.138184532523155212e-01
1.728520374745130539e-01
2.235376983880996704e-01
1.430440396070480347e-01
2.079640999436378479e-01
2.284194286912679672e-01
2.236004881560802460e-01
1.723792161792516708e-01
2.147579677402973175e-01
2.294297795742750168e-01
2.252609468996524811e-01
2.272777743637561798e-01
3.769759461283683777e-01
2.269328068941831589e-01
2.759392913430929184e-01
2.260472010821104050e-01
2.691395785659551620e-01
2.156740427017211914e-01
2.476790845394134521e-01
2.757723331451416016e-01
3.685316108167171478e-01
2.386722639203071594e-01
1.952718533575534821e-01
2.053744755685329437e-01
2.059403117746114731e-01
2.304728329181671143e-01
1.879579257220029831e-01
1.787074655294418335e-01
2.903538178652524948e-01
2.266595084220170975e-01
1.705427858978509903e-01
2.260132934898138046e-01
1.967943068593740463e-01
1.700332798063755035e-01
2.298890724778175354e-01
2.967863511294126511e-01
1.696062423288822174e-01
1.984156519174575806e-01
2.229894157499074936e-01
2.127312496304512024e-01
2.149342279881238937e-01
3.776021674275398254e-01
2.368364948779344559e-01
2.584127336740493774e-01
2.584378160536289215e-01
2.682131435722112656e-01
2.039594613015651703e-01
2.742593474686145782e-01
2.363521456718444824e-01
2.161560487002134323e-01
2.264232914894819260e-01
2.361338492482900620e-01
1.855541598051786423e-01
2.048139870166778564e-01
1.782222278416156769e-01
2.273765541613101959e-01
1.970206610858440399e-01
2.046246547251939774e-01
1.719964873045682907e-01
1.524330936372280121e-01
3.056873008608818054e-01
1.984635293483734131e-01
3.304757438600063324e-01
1.791644003242254257e-01
2.290928494185209274e-01
1.870647128671407700e-01
1.700775343924760818e-01
1.727190911769866943e-01
2.043748311698436737e-01
2.744698971509933472e-01
2.749022580683231354e-01
2.683236729353666306e-01
1.729775927960872650e-01
2.478870023041963577e-01
2.064739316701889038e-01
2.587081100791692734e-01
2.253070659935474396e-01
2.256886530667543411e-01
2.471654694527387619e-01
1.714725531637668610e-01
1.697916034609079361e-01
1.874305699020624161e-01
2.299096733331680298e-01
1.790824215859174728e-01
1.877975668758153915e-01
1.964182686060667038e-01
1.718661785125732422e-01
2.143215127289295197e-01
2.284959293901920319e-01
2.145719379186630249e-01
2.151828780770301819e-01
2.240220718085765839e-01
1.968545336276292801e-01
1.900211963802576065e-01
1.958883125334978104e-01
3.663575462996959686e-01
2.255077641457319260e-01
2.740486413240432739e-01
1.937374901026487350e-01
3.464886341243982315e-01
2.365223858505487442e-01
1.946533638983964920e-01
2.742117661982774734e-01
3.374311141669750214e-01
2.747446019202470779e-01
1.940168105065822601e-01
2.160744499415159225e-01
2.312341108918190002e-01
2.270707264542579651e-01
2.213525641709566116e-01
2.304291538894176483e-01
2.274218071252107620e-01
2.269492466002702713e-01
1.614698097109794617e-01
2.973888702690601349e-01
1.971903480589389801e-01
2.271972727030515671e-01
1.800711378455162048e-01
1.989131737500429153e-01
2.059860602021217346e-01
1.796742547303438187e-01
2.072644829750061035e-01
1.789402533322572708e-01
1.350486502051353455e-01
3.312945328652858734e-01
1.865110229700803757e-01
2.611312698572874069e-01
1.724422220140695572e-01
2.479065470397472382e-01
2.259177770465612411e-01
2.704424578696489334e-01
2.474821396172046661e-01
2.589262425899505615e-01
2.708197347819805145e-01
2.051525004208087921e-01
2.156947907060384750e-01
2.260764334350824356e-01
2.268298566341400146e-01
2.058406639844179153e-01
1.876459512859582901e-01
1.973493471741676331e-01
1.976508107036352158e-01
1.610303223133087158e-01
2.886849641799926758e-01
2.087159063667058945e-01
1.617295593023300171e-01
1.884537357836961746e-01
2.168929595500230789e-01
3.311745878309011459e-01
1.888528410345315933e-01
1.815628819167613983e-01
2.150637060403823853e-01
2.287065964192152023e-01
2.584351636469364166e-01
2.754069399088621140e-01
2.708575222641229630e-01
2.154527641832828522e-01
2.492494862526655197e-01
2.265117913484573364e-01
2.582161463797092438e-01
2.745292875915765762e-01
2.486628443002700806e-01
1.954554971307516098e-01
2.480185665190219879e-01
2.252197116613388062e-01
1.978599205613136292e-01
2.298100031912326813e-01
2.236280012875795364e-01
2.150382995605468750e-01
2.164320927113294601e-01
2.137706093490123749e-01
2.141845356673002243e-01
1.725729703903198242e-01
2.050680071115493774e-01
1.523039042949676514e-01
2.289025112986564636e-01
1.438176967203617096e-01
2.255870383232831955e-01
1.608098670840263367e-01
2.291536293923854828e-01
2.242123819887638092e-01
2.060529273003339767e-01
2.052381951361894608e-01
1.974518280476331711e-01
1.881493777036666870e-01
1.885060817003250122e-01
2.067870926111936569e-01
2.275866884738206863e-01
2.069158311933279037e-01
2.580090165138244629e-01
2.682604249566793442e-01
2.480824980884790421e-01
2.577588278800249100e-01
2.371296118944883347e-01
2.581413127481937408e-01
2.257053032517433167e-01
2.368411496281623840e-01
2.731958627700805664e-01
2.270027901977300644e-01
2.287590447813272476e-01
1.705157291144132614e-01
1.975858472287654877e-01
1.953597571700811386e-01
2.139379661530256271e-01
2.992446273565292358e-01
1.700141094624996185e-01
1.958127506077289581e-01
2.142737098038196564e-01
1.609780006110668182e-01
1.715613137930631638e-01
1.958589442074298859e-01
1.958483122289180756e-01
1.627701167017221451e-01
1.964530255645513535e-01
1.789942625910043716e-01
2.148335017263889313e-01
2.684045154601335526e-01
2.742232941091060638e-01
2.370021604001522064e-01
2.155899703502655029e-01
2.044772673398256302e-01
2.040264196693897247e-01
2.697223797440528870e-01
2.752731814980506897e-01
2.041783276945352554e-01
2.733014933764934540e-01
2.579754739999771118e-01
2.267070189118385315e-01
2.150234337896108627e-01
2.076339814811944962e-01
2.139760069549083710e-01
1.432522032409906387e-01
2.280666716396808624e-01
2.058367654681205750e-01
2.054398376494646072e-01
2.163358591496944427e-01
2.286781519651412964e-01
2.275957353413105011e-01
3.085254132747650146e-01
1.959670893847942352e-01
1.697959080338478088e-01
3.167530689388513565e-01
3.059058338403701782e-01
2.056815158575773239e-01
3.075268287211656570e-01
1.876822263002395630e-01
1.966404449194669724e-01
2.294113300740718842e-01
2.061893157660961151e-01
1.880440060049295425e-01
2.073992863297462463e-01
3.210645206272602081e-01
2.154162544757127762e-01
3.255355022847652435e-01
3.568439763039350510e-01
2.584482003003358841e-01
3.680422268807888031e-01
2.467016987502574921e-01
2.686500661075115204e-01
2.462825756520032883e-01
2.147806640714406967e-01
2.365408744663000107e-01
2.740276642143726349e-01
1.974633689969778061e-01
1.518062837421894073e-01
1.968874242156744003e-01
2.155171837657690048e-01
2.230143528431653976e-01
2.796461191028356552e-01
2.280893530696630478e-01
2.003194764256477356e-01
1.687880549579858780e-01
2.289826814085245132e-01
2.165224365890026093e-01
1.699655130505561829e-01
1.784676481038331985e-01
1.706122644245624542e-01
2.285658027976751328e-01
1.977060046046972275e-01
2.056199405342340469e-01
1.875807531177997589e-01
2.274248022586107254e-01
2.141125109046697617e-01
1.726837363094091415e-01
2.232949659228324890e-01
3.072336222976446152e-01
2.272418662905693054e-01
1.714720595628023148e-01
2.257419638335704803e-01
2.743227388709783554e-01
2.737822011113166809e-01
2.739176638424396515e-01
1.727995239198207855e-01
2.040182761847972870e-01
2.371858581900596619e-01
2.266343180090188980e-01
2.685745414346456528e-01
1.936513148248195648e-01
2.738094907253980637e-01
2.251256816089153290e-01
2.789903059601783752e-01
2.302848286926746368e-01
2.234172727912664413e-01
1.966792084276676178e-01
2.280795276165008545e-01
1.787620801478624344e-01
1.728325989097356796e-01
2.050500009208917618e-01
2.143998444080352783e-01
1.809759400784969330e-01
1.958507653325796127e-01
1.705028619617223740e-01
1.877376567572355270e-01
2.052160054445266724e-01
1.615084670484066010e-01
2.049798090010881424e-01
3.236264642328023911e-01
1.434899903833866119e-01
2.149347048252820969e-01
2.152074594050645828e-01
2.361268494278192520e-01
2.369986716657876968e-01
1.930416654795408249e-01
2.153656892478466034e-01
2.467134315520524979e-01
2.576128765940666199e-01
2.259963564574718475e-01
2.471800707280635834e-01
3.264865856617689133e-01
1.940300427377223969e-01
2.587743718177080154e-01
2.258481234312057495e-01
2.279315646737813950e-01
1.967795286327600479e-01
2.148262988775968552e-01
2.280569486320018768e-01
2.280742563307285309e-01
1.704056784510612488e-01
1.786622367799282074e-01
1.964380256831645966e-01
2.143727429211139679e-01
2.869075685739517212e-01
1.884195730090141296e-01
1.506109945476055145e-01
2.273075468838214874e-01
1.808702852576971054e-01
2.155164983123540878e-01
1.961002405732870102e-01
2.045087814331054688e-01
1.879261210560798645e-01
1.910791080445051193e-01
1.807005740702152252e-01
2.901494987308979034e-01
2.096473686397075653e-01
1.830713786184787750e-01
2.364517338573932648e-01
2.158136852085590363e-01
2.742892038077116013e-01
3.469884078949689865e-01
2.735305763781070709e-01
2.364439591765403748e-01
2.038586176931858063e-01
2.691804040223360062e-01
2.358033321797847748e-01
2.355538886040449142e-01
2.291387151926755905e-01
2.307063098996877670e-01
2.710889913141727448e-01
1.967741884291172028e-01
1.605882421135902405e-01
1.965433023869991302e-01
1.877558529376983643e-01
1.878378782421350479e-01
1.873700618743896484e-01
1.522083617746829987e-01
2.249277327209711075e-01
1.786794625222682953e-01
2.272953297942876816e-01
2.172642145305871964e-01
1.706993319094181061e-01
1.788287907838821411e-01
1.695486921817064285e-01
1.609054468572139740e-01
3.066695276647806168e-01
1.959961354732513428e-01
1.614561881870031357e-01
2.675946839153766632e-01
3.884297441691160202e-01
2.261758372187614441e-01
2.143250033259391785e-01
2.734241746366024017e-01
2.684146389365196228e-01
2.741517219692468643e-01
2.735537141561508179e-01
2.579807173460721970e-01
2.458572853356599808e-01
3.989378660917282104e-01
3.422297015786170959e-01
2.236425392329692841e-01
1.876148618757724762e-01
2.145362328737974167e-01
2.237318214029073715e-01
1.901565808802843094e-01
1.784539781510829926e-01
2.238841801881790161e-01
2.300896886736154556e-01
3.351690750569105148e-01
2.981348410248756409e-01
1.975032966583967209e-01
2.304254062473773956e-01
1.615824382752180099e-01
3.231538925319910049e-01
3.062187246978282928e-01
2.295505609363317490e-01
2.142239641398191452e-01
1.973813287913799286e-01
1.435518898069858551e-01
2.144553828984498978e-01
1.612407360225915909e-01
2.293831910938024521e-01
2.742088176310062408e-01
3.255788534879684448e-01
2.160557825118303299e-01
2.476000320166349411e-01
2.497725058346986771e-01
1.943208184093236923e-01
2.767792996019124985e-01
2.372312769293785095e-01
1.900017224252223969e-01
1.438573226332664490e-01
1.990245897322893143e-01
2.288613282144069672e-01
1.625183429569005966e-01
2.142730485647916794e-01
1.469865906983613968e-01
2.142544779926538467e-01
1.980180907994508743e-01
1.908809915184974670e-01
1.788798179477453232e-01
1.890043132007122040e-01
2.714205030351877213e-01
1.788726747035980225e-01
2.060035988688468933e-01
2.884073797613382339e-01
2.286864928901195526e-01
1.796788070350885391e-01
1.698070019483566284e-01
2.155334111303091049e-01
2.591137830168008804e-01
2.576606981456279755e-01
1.946104951202869415e-01
2.733847033232450485e-01
2.055882867425680161e-01
2.736476473510265350e-01
2.475602570921182632e-01
1.932940389961004257e-01
2.738795187324285507e-01
2.681676801294088364e-01
2.151266187429428101e-01
2.279637008905410767e-01
2.142093721777200699e-01
1.981004104018211365e-01
2.048139031976461411e-01
1.976822912693023682e-01
1.897604409605264664e-01
1.872829012572765350e-01
1.788189690560102463e-01
1.694666482508182526e-01
1.876171790063381195e-01
2.075802572071552277e-01
1.516021601855754852e-01
2.049813885241746902e-01
2.142165079712867737e-01
1.958208084106445312e-01
2.271228600293397903e-01
2.306651789695024490e-01
1.970313377678394318e-01
2.142294049263000488e-01
2.317253444343805313e-01
1.797794084995985031e-01
2.281834464520215988e-01
2.072606980800628662e-01
1.829323507845401764e-01
2.477001957595348358e-01
2.043663579970598221e-01
2.750310115516185760e-01
2.743281293660402298e-01
2.160342521965503693e-01
2.700514923781156540e-01
2.588540967553853989e-01
2.739299423992633820e-01
1.835124865174293518e-01
2.580753564834594727e-01
2.212833631783723831e-01
1.900696065276861191e-01
1.969030853360891342e-01
1.547870524227619171e-01
1.963263787329196930e-01
2.075031455606222153e-01
1.967667974531650543e-01
1.972304526716470718e-01
2.141654919832944870e-01
2.144372034817934036e-01
2.061318699270486832e-01
2.285803500562906265e-01
1.698704343289136887e-01
3.041276838630437851e-01
1.704612709581851959e-01
2.286598365753889084e-01
2.301947791129350662e-01
2.060587704181671143e-01
1.966044176369905472e-01
3.054602388292551041e-01
2.250850778073072433e-01
1.791205257177352905e-01
2.281999681144952774e-01
1.721558421850204468e-01
2.580422516912221909e-01
1.827783267945051193e-01
2.478841524571180344e-01
2.495969217270612717e-01
2.741765901446342468e-01
2.053736392408609390e-01
2.153104245662689209e-01
2.269977573305368423e-01
2.591083049774169922e-01
1.537211909890174866e-01
2.059381492435932159e-01
2.167680338025093079e-01
2.275610100477933884e-01
1.967485956847667694e-01
2.060069534927606583e-01
1.734567191451787949e-01
1.965733803808689117e-01
2.301274798810482025e-01
3.059438057243824005e-01
1.696509085595607758e-01
2.064050119370222092e-01
2.281813900917768478e-01
1.980041041970252991e-01
1.910931598395109177e-01
2.277245186269283295e-01
1.788908019661903381e-01
2.296958491206169128e-01
1.615654304623603821e-01
2.314114887267351151e-01
1.617076378315687180e-01
1.969621181488037109e-01
2.234121151268482208e-01
1.789948195219039917e-01
1.807972025126218796e-01
2.045212704688310623e-01
2.047906666994094849e-01
2.370758783072233200e-01
2.472634501755237579e-01
2.155728954821825027e-01
1.622640248388051987e-01
3.680693320930004120e-01
2.743461281061172485e-01
2.150263339281082153e-01
2.746195606887340546e-01
2.741043306887149811e-01
2.362255714833736420e-01
2.169757783412933350e-01
1.526151988655328751e-01
1.987594645470380783e-01
1.527760513126850128e-01
1.783976349979639053e-01
2.079235855489969254e-01
1.786189023405313492e-01
2.052461039274930954e-01
1.966928672045469284e-01
2.279512919485569000e-01
3.080970328301191330e-01
2.282657213509082794e-01
1.873020380735397339e-01
1.985625699162483215e-01
1.884942427277565002e-01
2.141666319221258163e-01
2.234688475728034973e-01
2.140557616949081421e-01
2.276074159890413284e-01
1.901827994734048843e-01
1.968834809958934784e-01
1.871825773268938065e-01
2.054152563214302063e-01
2.055025659501552582e-01
2.176331672817468643e-01
2.367487195879220963e-01
2.678447980433702469e-01
2.478362191468477249e-01
2.365790195763111115e-01
2.366233486682176590e-01
2.370770275592803955e-01
2.488983143121004105e-01
2.589139938354492188e-01
2.475868687033653259e-01
2.754319757223129272e-01
2.158753871917724609e-01
2.591279577463865280e-01
1.989063099026679993e-01
1.525623034685850143e-01
2.350525818765163422e-01
2.154651302844285965e-01
1.611470729112625122e-01
2.793782036751508713e-01
2.235548347234725952e-01
2.057780418545007706e-01
2.284732796251773834e-01
1.726103313267230988e-01
2.278717104345560074e-01
1.963414214551448822e-01
1.974458750337362289e-01
1.960206124931573868e-01
3.068920094519853592e-01
1.792157217860221863e-01
1.779295206069946289e-01
1.873807888478040695e-01
2.054835036396980286e-01
2.676306515932083130e-01
2.577252965420484543e-01
2.370306681841611862e-01
2.373628821223974228e-01
3.270672038197517395e-01
2.147252522408962250e-01
1.957402825355529785e-01
2.161210458725690842e-01
2.260383795946836472e-01
2.373646926134824753e-01
1.699364278465509415e-01
1.701634451746940613e-01
2.051563579589128494e-01
2.043462358415126801e-01
2.278423029929399490e-01
1.622603274881839752e-01
2.136270795017480850e-01
2.155855223536491394e-01
2.890451587736606598e-01
2.899470180273056030e-01
2.273138090968132019e-01
1.793133616447448730e-01
2.290535774081945419e-01
2.282873596996068954e-01
2.063188645988702774e-01
1.639059111475944519e-01
2.890548147261142731e-01
2.288480512797832489e-01
1.820737831294536591e-01
1.798437833786010742e-01
1.884173732250928879e-01
2.307178694754838943e-01
2.740958258509635925e-01
2.756729051470756531e-01
2.234522420912981033e-01
2.137358170002698898e-01
1.615962702780961990e-01
2.034799195826053619e-01
2.031350992619991302e-01
3.388334456831216812e-01
2.672653291374444962e-01
2.136499248445034027e-01
2.027362715452909470e-01
2.734610736370086670e-01
1.697113271802663803e-01
2.138766869902610779e-01
1.967602241784334183e-01
2.219362091273069382e-01
2.686730865389108658e-01
2.958205640316009521e-01
2.225873470306396484e-01
2.131302002817392349e-01
1.791362203657627106e-01
2.047176063060760498e-01
1.607821956276893616e-01
1.883538533002138138e-01
2.218810189515352249e-01
1.974137928336858749e-01
1.952678021043539047e-01
2.875323649495840073e-01
1.768833361566066742e-01
2.042998764663934708e-01
1.956767644733190536e-01
1.696708370000123978e-01
2.350116930902004242e-01
2.558375820517539978e-01
3.874750453978776932e-01
2.458359636366367340e-01
2.581501062959432602e-01
2.024993002414703369e-01
2.734931875020265579e-01
2.351087201386690140e-01
2.738204635679721832e-01
2.352300267666578293e-01
2.360894195735454559e-01
2.366652600467205048e-01
2.324420306831598282e-01
2.043542601168155670e-01
2.222260124981403351e-01
1.771777514368295670e-01
2.264639120548963547e-01
1.961876545101404190e-01
2.294263318181037903e-01
2.256284449249505997e-01
2.210937943309545517e-01
2.048176769167184830e-01
1.700534690171480179e-01
2.273379787802696228e-01
1.720348671078681946e-01
2.047973386943340302e-01
1.705582309514284134e-01
2.905199322849512100e-01
2.056403532624244690e-01
1.782562918961048126e-01
2.290554307401180267e-01
2.268056925386190414e-01
2.049104142934083939e-01
2.294622119516134262e-01
2.741378061473369598e-01
3.669884540140628815e-01
2.477800454944372177e-01
2.727791406214237213e-01
2.469362616539001465e-01
2.258759904652833939e-01
2.466266416013240814e-01
2.729607783257961273e-01
2.367703262716531754e-01
3.560698796063661575e-01
1.702487953007221222e-01
1.955042425543069839e-01
2.273467257618904114e-01
2.227689735591411591e-01
2.260857000946998596e-01
2.268008589744567871e-01
1.602053474634885788e-01
2.262626271694898605e-01
2.129271980375051498e-01
1.968406997621059418e-01
2.055016104131937027e-01
3.310626503080129623e-01
1.537439990788698196e-01
1.696857716888189316e-01
1.427639946341514587e-01
2.268937509506940842e-01
1.965366415679454803e-01
2.079524379223585129e-01
2.250170540064573288e-01
2.563704010099172592e-01
2.357628233730792999e-01
2.247395403683185577e-01
2.252722289413213730e-01
1.832149978727102280e-01
2.147222161293029785e-01
2.041732501238584518e-01
2.571755927056074142e-01
2.729768548160791397e-01
2.035497073084115982e-01
3.570797797292470932e-01
2.277972567826509476e-01
1.870755311101675034e-01
2.343116048723459244e-01
1.616992466151714325e-01
2.059155013412237167e-01
2.279981542378664017e-01
1.792430039495229721e-01
2.053774353116750717e-01
2.019280418753623962e-01
2.227572109550237656e-01
2.047305461019277573e-01
1.958411950618028641e-01
2.237729355692863464e-01
1.693824063986539841e-01
1.775350756943225861e-01
2.978814300149679184e-01
2.047010883688926697e-01
1.962878145277500153e-01
2.295063268393278122e-01
1.694320403039455414e-01
2.129897810518741608e-01
2.716777715831995010e-01
2.142326179891824722e-01
2.081342246383428574e-01
2.470484301447868347e-01
3.771428745239973068e-01
2.568400520831346512e-01
3.775085546076297760e-01
2.257872074842453003e-01
2.731844782829284668e-01
2.456799205392599106e-01
2.459386084228754044e-01
2.722602225840091705e-01
2.253355402499437332e-01
3.347613643854856491e-01
1.959525328129529953e-01
2.966456077992916107e-01
3.041328340768814087e-01
1.956559456884860992e-01
1.867255978286266327e-01
1.689766235649585724e-01
2.269143983721733093e-01
2.277207486331462860e-01
1.949273515492677689e-01
2.276685237884521484e-01
1.810080874711275101e-01
2.271338049322366714e-01
2.263773176819086075e-01
3.143788427114486694e-01
1.949506513774394989e-01
2.142201792448759079e-01
2.047471180558204651e-01
1.963270902633666992e-01
2.220114450901746750e-01
2.783101759850978851e-01
1.895733885467052460e-01
2.022440005093812943e-01
2.724160291254520416e-01
2.564822249114513397e-01
2.462952397763729095e-01
3.763593789190053940e-01
2.673803921788930893e-01
1.928613856434822083e-01
2.555273547768592834e-01
2.721002157777547836e-01
2.348890621215105057e-01
2.029284238815307617e-01
3.771824929863214493e-01
1.518658380955457687e-01
1.687883976846933365e-01
1.784671433269977570e-01
1.959617491811513901e-01
1.967828329652547836e-01
1.777250710874795914e-01
2.225323580205440521e-01
1.874560751020908356e-01
1.981705259531736374e-01
1.768367793411016464e-01
2.059627529233694077e-01
1.784337088465690613e-01
2.065108567476272583e-01
2.044596355408430099e-01
1.961499731987714767e-01
1.965446304529905319e-01
3.256297502666711807e-01
2.697631362825632095e-01
2.741812523454427719e-01
2.690045144408941269e-01
2.731807772070169449e-01
2.356652393937110901e-01
2.243742048740386963e-01
2.147822007536888123e-01
2.139292564243078232e-01
2.145589403808116913e-01
2.356820702552795410e-01
1.832118686288595200e-01
2.247063778340816498e-01
3.317441288381814957e-01
2.224713284522294998e-01
2.267543394118547440e-01
1.527764685451984406e-01
2.288222350180149078e-01
1.783536560833454132e-01
2.792839929461479187e-01
2.128794901072978973e-01
1.613835915923118591e-01
2.246743459254503250e-01
2.227358855307102203e-01
2.135946787893772125e-01
1.599761135876178741e-01
2.043888829648494720e-01
1.874971538782119751e-01
1.885005403310060501e-01
1.878351792693138123e-01
2.259146086871623993e-01
1.871737521141767502e-01
2.269914317876100540e-01
1.885622758418321609e-01
2.268303819000720978e-01
1.432187762111425400e-01
1.891227625310420990e-01
1.457171384245157242e-01
2.388078123331069946e-01
2.045833263546228409e-01
1.925324033945798874e-01
2.356482613831758499e-01
2.142283562570810318e-01
3.665061891078948975e-01
2.036998830735683441e-01
2.031923085451126099e-01
2.472315654158592224e-01
2.585121020674705505e-01
2.462595682591199875e-01
2.735508866608142853e-01
2.133010700345039368e-01
2.065045237541198730e-01
1.975269503891468048e-01
2.228505369275808334e-01
1.958598122000694275e-01
2.054206691682338715e-01
2.271304968744516373e-01
2.229801211506128311e-01
1.785153802484273911e-01
2.307904027402400970e-01
1.520501207560300827e-01
1.874974668025970459e-01
1.994231212884187698e-01
2.235990297049283981e-01
2.267674114555120468e-01
1.642223093658685684e-01
2.265663743019104004e-01
2.141123376786708832e-01
2.065272238105535507e-01
1.952245738357305527e-01
1.868724301457405090e-01
2.650736123323440552e-01
3.875362928956747055e-01
2.345786578953266144e-01
2.672028467059135437e-01
2.456840593367815018e-01
2.243748698383569717e-01
2.052419241517782211e-01
2.464726399630308151e-01
1.950703896582126617e-01
2.239485904574394226e-01
2.463281787931919098e-01
1.822280567139387131e-01
2.194540835916996002e-01
1.886508036404848099e-01
2.268736138939857483e-01
1.693969909101724625e-01
2.058324944227933884e-01
2.960237395018339157e-01
1.791416909545660019e-01
1.698975898325443268e-01
1.865815445780754089e-01
3.149486165493726730e-01
1.954151932150125504e-01
2.792870979756116867e-01
1.619055494666099548e-01
2.052904032170772552e-01
2.137221787124872208e-01
1.805230937898159027e-01
1.953329201787710190e-01
1.344067901372909546e-01
1.778403483331203461e-01
1.955927927047014236e-01
2.151204217225313187e-01
1.977794133126735687e-01
2.669653818011283875e-01
1.931988801807165146e-01
3.451829478144645691e-01
2.678919434547424316e-01
2.571650408208370209e-01
2.464452702552080154e-01
2.151777315884828568e-01
3.453517388552427292e-01
2.568028829991817474e-01
3.238223586231470108e-01
2.670445144176483154e-01
2.055716942995786667e-01
2.798585984855890274e-01
1.603896263986825943e-01
1.516005042940378189e-01
1.954823713749647141e-01
2.222271114587783813e-01
2.152822166681289673e-01
1.777320690453052521e-01
2.050983421504497528e-01
2.285788804292678833e-01
1.947276946157217026e-01
1.950020659714937210e-01
1.704972628504037857e-01
1.774757355451583862e-01
1.959898993372917175e-01
1.858036518096923828e-01
3.135255947709083557e-01
2.031052187085151672e-01
2.082665301859378815e-01
2.726129461079835892e-01
2.580549232661724091e-01
2.348461113870143890e-01
2.141374107450246811e-01
2.455748599022626877e-01
2.575806397944688797e-01
2.250327970832586288e-01
2.718060743063688278e-01
3.873443696647882462e-01
2.677136175334453583e-01
2.717309165745973587e-01
3.295802529901266098e-01
1.600612122565507889e-01
2.981300447136163712e-01
2.266667541116476059e-01
1.961866412311792374e-01
1.703434158116579056e-01
2.266798224300146103e-01
2.865796610713005066e-01
2.137520387768745422e-01
1.683293730020523071e-01
1.700217295438051224e-01
2.298221439123153687e-01
1.962361484766006470e-01
1.687178835272789001e-01
1.867101807147264481e-01
1.949837338179349899e-01
2.044064477086067200e-01
2.048126198351383209e-01
2.226732149720191956e-01
2.873613461852073669e-01
1.620015781372785568e-01
2.276818547397851944e-01
2.042377144098281860e-01
2.570591475814580917e-01
2.728575859218835831e-01
2.571508269757032394e-01
2.248907014727592468e-01
2.351433373987674713e-01
2.028583046048879623e-01
2.723781280219554901e-01
2.566705197095870972e-01
2.356333844363689423e-01
3.670673035085201263e-01
2.246563248336315155e-01
2.041507586836814880e-01
1.519935224205255508e-01
2.275372501462697983e-01
1.781878266483545303e-01
2.261668685823678970e-01
1.871659085154533386e-01
1.607997417449951172e-01
1.883055567741394043e-01
2.231168746948242188e-01
2.229697462171316147e-01
2.227003760635852814e-01
1.697140522301197052e-01
2.081483844667673111e-01
2.277879901230335236e-01
1.431618779897689819e-01
1.898391917347908020e-01
3.044343292713165283e-01
2.276393175125122070e-01
2.272626515477895737e-01
2.214086800813674927e-01
2.049988117069005966e-01
2.644046228379011154e-01
2.728832010179758072e-01
2.723253890872001648e-01
2.247513160109519958e-01
2.246951125562191010e-01
2.669482044875621796e-01
2.731160372495651245e-01
1.823249366134405136e-01
2.461734395474195480e-01
2.734209857881069183e-01
2.354059033095836639e-01
2.460627928376197815e-01
2.177347093820571899e-01
1.861208863556385040e-01
2.048411909490823746e-01
1.958062332123517990e-01
1.864093542098999023e-01
2.160785254091024399e-01
2.703139595687389374e-01
1.693188343197107315e-01
2.288064137101173401e-01
2.270419541746377945e-01
1.879987902939319611e-01
1.694670971482992172e-01
2.135758697986602783e-01
2.283967118710279465e-01
2.980897519737482071e-01
2.282202020287513733e-01
2.735685072839260101e-01
1.948773358017206192e-01
1.829836368560791016e-01
3.366861920803785324e-01
2.681651059538125992e-01
2.151627447456121445e-01
2.735047880560159683e-01
3.490960188210010529e-01
1.926667299121618271e-01
2.758205067366361618e-01
2.355933878570795059e-01
2.721354588866233826e-01
2.152307070791721344e-01
1.964085046201944351e-01
1.869562994688749313e-01
2.262965720146894455e-01
1.859289426356554031e-01
1.814034376293420792e-01
1.615278106182813644e-01
1.607993151992559433e-01
2.935542538762092590e-01
2.236124686896800995e-01
2.269989140331745148e-01
2.156822383403778076e-01
1.603544037789106369e-01
1.814959179610013962e-01
3.048177510499954224e-01
2.056326903402805328e-01
2.737223394215106964e-01
2.034960500895977020e-01
2.670092638581991196e-01
2.726321313530206680e-01
2.727544177323579788e-01
2.746190745383501053e-01
2.136381417512893677e-01
2.464331015944480896e-01
2.564842812716960907e-01
2.463194988667964935e-01
2.574763372540473938e-01
2.250307518988847733e-01
2.149130199104547501e-01
1.873847600072622299e-01
1.960218995809555054e-01
2.227874267846345901e-01
3.339972030371427536e-01
2.137638963758945465e-01
1.872644107788801193e-01
2.078534811735153198e-01
1.609545797109603882e-01
1.697016507387161255e-01
1.787094157189130783e-01
2.270757369697093964e-01
2.040878646075725555e-01
2.142600975930690765e-01
2.263465188443660736e-01
1.866590883582830429e-01
2.129330616444349289e-01
1.871396768838167191e-01
2.229784708470106125e-01
2.051584497094154358e-01
1.514360159635543823e-01
2.055499292910099030e-01
2.129373606294393539e-01
1.891416031867265701e-01
1.783034168183803558e-01
3.382716532796621323e-01
2.463540937751531601e-01
2.135301772505044937e-01
3.975041601806879044e-01
2.731434479355812073e-01
3.555702567100524902e-01
2.142760828137397766e-01
1.926104612648487091e-01
2.738785799592733383e-01
4.199669845402240753e-01
2.733490318059921265e-01
1.782769206911325455e-01
2.268419153988361359e-01
1.985804736614227295e-01
2.271302547305822372e-01
2.129723597317934036e-01
1.787164621055126190e-01
2.971403691917657852e-01
1.783192586153745651e-01
2.224491406232118607e-01
2.139827758073806763e-01
2.149450182914733887e-01
2.279878910630941391e-01
2.142881341278553009e-01
1.880206167697906494e-01
2.277404963970184326e-01
1.525663658976554871e-01
1.798932030797004700e-01
2.634720914065837860e-01
2.466965857893228531e-01
1.829896215349435806e-01
2.356842029839754105e-01
3.876803349703550339e-01
2.562914248555898666e-01
2.576742358505725861e-01
3.767778910696506500e-01
2.247521784156560898e-01
2.357914298772811890e-01
2.683453429490327835e-01
2.356146611273288727e-01
2.088998109102249146e-01
1.960830558091402054e-01
1.887870468199253082e-01
1.875556018203496933e-01
2.278173975646495819e-01
1.871262248605489731e-01
2.140762861818075180e-01
1.972832139581441879e-01
1.605089269578456879e-01
2.048074007034301758e-01
1.432732697576284409e-01
1.695792917162179947e-01
2.153324764221906662e-01
2.126827519387006760e-01
1.956280395388603210e-01
1.716140676289796829e-01
1.873349342495203018e-01
1.972281560301780701e-01
2.354935333132743835e-01
2.451046556234359741e-01
2.153786290436983109e-01
2.347065396606922150e-01
2.359708994626998901e-01
2.140963766723871231e-01
2.354767099022865295e-01
2.726404182612895966e-01
2.253067549318075180e-01
2.030918169766664505e-01
2.581783123314380646e-01
1.929892096668481827e-01
1.793696358799934387e-01
2.043510861694812775e-01
1.933446042239665985e-01
1.976350452750921249e-01
1.776091177016496658e-01
3.299887515604496002e-01
1.874611228704452515e-01
2.267153821885585785e-01
1.692268382757902145e-01
2.214473150670528412e-01
2.141265459358692169e-01
2.270556539297103882e-01
2.225050386041402817e-01
2.784234788268804550e-01
2.028583995997905731e-01
1.971013937145471573e-01
2.127725519239902496e-01
2.546840254217386246e-01
2.561770044267177582e-01
2.577793914824724197e-01
2.670674156397581100e-01
2.267909254878759384e-01
2.253452520817518234e-01
2.248275130987167358e-01
2.725058346986770630e-01
2.353795263916254044e-01
2.239693105220794678e-01
2.570505794137716293e-01
2.458317652344703674e-01
2.124234065413475037e-01
2.273980285972356796e-01
1.887387633323669434e-01
1.958974543958902359e-01
2.237180173397064209e-01
1.800601556897163391e-01
1.960208043456077576e-01
2.263744249939918518e-01
1.875977236777544022e-01
3.139467108994722366e-01
1.811078861355781555e-01
1.969507802277803421e-01
2.220505587756633759e-01
2.275091335177421570e-01
1.691527850925922394e-01
2.044423799961805344e-01
2.231342475861310959e-01
2.245776318013668060e-01
2.249238621443510056e-01
2.726107481867074966e-01
2.676733378320932388e-01
2.669065631926059723e-01
2.454077545553445816e-01
2.248354200273752213e-01
2.460141498595476151e-01
1.822022385895252228e-01
2.735173404216766357e-01
2.254573814570903778e-01
2.458032760769128799e-01
1.863051149994134903e-01
2.134660333395004272e-01
1.865346934646368027e-01
1.868558246642351151e-01
2.260197084397077560e-01
1.689103040844202042e-01
2.154664658010005951e-01
1.777881458401679993e-01
2.268396634608507156e-01
1.515924166887998581e-01
1.432625912129878998e-01
1.872770115733146667e-01
1.782921496778726578e-01
2.215479984879493713e-01
2.276199832558631897e-01
1.692674756050109863e-01
2.263108305633068085e-01
2.271441556513309479e-01
3.334478531032800674e-01
2.458061892539262772e-01
2.259049396961927414e-01
2.464566938579082489e-01
2.722283042967319489e-01
2.030991706997156143e-01
2.252726387232542038e-01
2.246983572840690613e-01
2.726848274469375610e-01
2.269641514867544174e-01
2.732043396681547165e-01
3.771174401044845581e-01
1.783283986151218414e-01
2.279470004141330719e-01
1.875873282551765442e-01
2.296157144010066986e-01
1.601570006459951401e-01
1.527528557926416397e-01
2.297718208283185959e-01
2.271103654056787491e-01
2.126896940171718597e-01
2.261038105934858322e-01
2.033832669258117676e-01
2.292863931506872177e-01
2.044283654540777206e-01
1.969424877315759659e-01
1.711721848696470261e-01
1.871932372450828552e-01
2.244936265051364899e-01
2.680537663400173187e-01
2.737329583615064621e-01
1.926478296518325806e-01
2.721934020519256592e-01
2.741628400981426239e-01
2.733414769172668457e-01
2.577768974006175995e-01
2.143032904714345932e-01
2.729135658591985703e-01
2.459409441798925400e-01
2.139620706439018250e-01
1.923153791576623917e-01
1.864376887679100037e-01
2.277459055185317993e-01
2.231329530477523804e-01
3.064897321164608002e-01
1.873118430376052856e-01
1.789641156792640686e-01
1.881187837570905685e-01
2.949513457715511322e-01
2.860485296696424484e-01
1.695430856198072433e-01
2.168881744146347046e-01
1.784114092588424683e-01
1.698795910924673080e-01
2.359464000910520554e-01
1.601306181401014328e-01
2.267313413321971893e-01
2.267135214060544968e-01
1.785701978951692581e-01
2.063716314733028412e-01
1.967490632086992264e-01
2.134297136217355728e-01
2.269093990325927734e-01
3.072168603539466858e-01
2.284725308418273926e-01
2.159005887806415558e-01
2.673916760832071304e-01
2.465247157961130142e-01
3.455834072083234787e-01
1.939164008945226669e-01
2.037508822977542877e-01
2.460802979767322540e-01
2.565651573240756989e-01
3.339418936520814896e-01
2.347791511565446854e-01
4.285384230315685272e-01
2.262837793678045273e-01
1.696234457194805145e-01
2.139428537338972092e-01
2.216528020799160004e-01
1.693836692720651627e-01
2.265626434236764908e-01
2.067259401082992554e-01
1.429459694772958755e-01
1.608991883695125580e-01
2.038157284259796143e-01
1.617937684059143066e-01
1.983594242483377457e-01
2.263930458575487137e-01
1.613371465355157852e-01
2.142200488597154617e-01
2.455138191580772400e-01
2.043616231530904770e-01
3.483389131724834442e-01
2.351011261343955994e-01
2.721655480563640594e-01
2.454806268215179443e-01
2.735931724309921265e-01
2.731522116810083389e-01
2.351334597915410995e-01
2.031535506248474121e-01
2.567205447703599930e-01
1.688060872256755829e-01
2.869671192020177841e-01
1.892249137163162231e-01
2.261863909661769867e-01
2.954950984567403793e-01
1.866202950477600098e-01
2.218881659209728241e-01
1.607741434127092361e-01
1.632277518510818481e-01
1.599001027643680573e-01
1.965133622288703918e-01
1.739820111542940140e-01
2.865918725728988647e-01
2.040271162986755371e-01
2.287431210279464722e-01
2.126417551189661026e-01
1.602310854941606522e-01
2.274881210178136826e-01
2.224015686661005020e-01
1.867597848176956177e-01
2.272980641573667526e-01
1.690373085439205170e-01
2.242187540978193283e-01
2.108304966241121292e-01
2.727196123450994492e-01
2.722367849200963974e-01
2.465306762605905533e-01
2.041324302554130554e-01
2.726945877075195312e-01
1.820226851850748062e-01
2.457607779651880264e-01
3.461588602513074875e-01
1.714943572878837585e-01
2.244903799146413803e-01
2.158036250621080399e-01
1.882509924471378326e-01
2.036033570766448975e-01
2.265442553907632828e-01
2.285017762333154678e-01
2.128520011901855469e-01
2.229867931455373764e-01
2.145839463919401169e-01
3.726400546729564667e-01
1.777857504785060883e-01
1.873433459550142288e-01
2.042633388191461563e-01
1.786563973873853683e-01
1.621988117694854736e-01
2.144731935113668442e-01
1.691661141812801361e-01
2.223577015101909637e-01
2.954374961555004120e-01
1.952488068491220474e-01
1.605010461062192917e-01
2.146345376968383789e-01
2.267582137137651443e-01
1.927627995610237122e-01
3.980721868574619293e-01
2.248213570564985275e-01
2.142847832292318344e-01
2.561316210776567459e-01
2.732753027230501175e-01
2.730711307376623154e-01
2.727139722555875778e-01
2.727220933884382248e-01
2.250386234372854233e-01
2.246944103389978409e-01
1.928631979972124100e-01
2.047112956643104553e-01
2.974101565778255463e-01
1.965016033500432968e-01
2.046932391822338104e-01
1.960015706717967987e-01
3.215725608170032501e-01
1.880085375159978867e-01
2.294872272759675980e-01
1.952737215906381607e-01
1.960055008530616760e-01
1.986364405602216721e-01
2.958058118820190430e-01
2.224352229386568069e-01
1.991592384874820709e-01
2.275692876428365707e-01
1.960402019321918488e-01
2.044444773346185684e-01
1.695536877959966660e-01
1.864073928445577621e-01
2.295466102659702301e-01
2.211647331714630127e-01
1.713561248034238815e-01
2.261062525212764740e-01
1.342896614223718643e-01
2.468160558491945267e-01
2.671579308807849884e-01
2.142158858478069305e-01
2.569730058312416077e-01
2.031626347452402115e-01
2.349296454340219498e-01
4.065281245857477188e-01
2.730583548545837402e-01
2.675610110163688660e-01
2.674000319093465805e-01
2.448523733764886856e-01
2.688528690487146378e-01
2.280880045145750046e-01
2.266224641352891922e-01
1.800577361136674881e-01
2.139204517006874084e-01
2.215367723256349564e-01
1.865233071148395538e-01
1.606537718325853348e-01
2.886168323457241058e-01
2.242465075105428696e-01
2.221990320831537247e-01
2.269603367894887924e-01
1.779896207153797150e-01
2.077756449580192566e-01
2.063375748693943024e-01
1.956417150795459747e-01
2.219372913241386414e-01
1.539800018072128296e-01
1.869964171200990677e-01
3.787871152162551880e-01
2.345567774027585983e-01
2.262075822800397873e-01
2.454445492476224899e-01
2.489349339157342911e-01
3.766057230532169342e-01
2.479603048413991928e-01
2.246799133718013763e-01
2.260956764221191406e-01
1.928936317563056946e-01
2.152498029172420502e-01
1.346306782215833664e-01
2.269988432526588440e-01
2.135905716568231583e-01
2.143251318484544754e-01
1.893480475991964340e-01
3.292678333818912506e-01
2.128808833658695221e-01
1.801841910928487778e-01
2.174036409705877304e-01
1.873547323048114777e-01
2.146544679999351501e-01
2.272565960884094238e-01
1.870016455650329590e-01
2.036855760961771011e-01
1.781880650669336319e-01
2.279638331383466721e-01
1.777473576366901398e-01
1.520881317555904388e-01
1.784097403287887573e-01
1.872018668800592422e-01
1.872481741011142731e-01
2.032134775072336197e-01
2.140915077179670334e-01
2.245326843112707138e-01
2.350475583225488663e-01
2.727336473762989044e-01
3.565126545727252960e-01
2.745542451739311218e-01
2.724302150309085846e-01
2.748272977769374847e-01
2.417525518685579300e-01
2.800816781818866730e-01
1.693836729973554611e-01
2.292520254850387573e-01
2.126554995775222778e-01
1.987663935869932175e-01
1.599597465246915817e-01
1.867813803255558014e-01
2.169149313122034073e-01
2.295906022191047668e-01
1.955987159162759781e-01
2.903532255440950394e-01
2.791969384998083115e-01
2.143100425601005554e-01
2.807683292776346207e-01
2.130829561501741409e-01
1.868883278220891953e-01
1.895120702683925629e-01
1.957594528794288635e-01
1.787101514637470245e-01
1.966525185853242874e-01
2.267889417707920074e-01
1.868129353970289230e-01
2.206658795475959778e-01
2.459252979606389999e-01
2.354627344757318497e-01
2.738197967410087585e-01
2.676759045571088791e-01
2.032812424004077911e-01
2.743234615772962570e-01
2.682187780737876892e-01
3.444922994822263718e-01
1.832621768116950989e-01
2.727086674422025681e-01
1.939653847366571426e-01
3.043196685612201691e-01
1.865687984973192215e-01
2.066419646143913269e-01
1.869773603975772858e-01
2.041689418256282806e-01
2.065156120806932449e-01
1.871186755597591400e-01
3.051602896302938461e-01
1.782361734658479691e-01
2.052331473678350449e-01
1.518047153949737549e-01
2.285868022590875626e-01
2.136785686016082764e-01
2.154421061277389526e-01
2.066789641976356506e-01
1.963835973292589188e-01
2.140030097216367722e-01
1.966132931411266327e-01
2.263810895383358002e-01
2.464418597519397736e-01
1.825691089034080505e-01
2.681628894060850143e-01
2.571075130254030228e-01
2.723227292299270630e-01
2.133370041847229004e-01
2.343259993940591812e-01
2.141302693635225296e-01
3.861050158739089966e-01
2.454352900385856628e-01
1.959702707827091217e-01
2.148734051734209061e-01
2.265161219984292984e-01
2.044272199273109436e-01
1.805336251854896545e-01
1.952924970537424088e-01
2.294306810945272446e-01
2.048349305987358093e-01
2.136718668043613434e-01
1.514262724667787552e-01
1.693958565592765808e-01
1.787367146462202072e-01
1.711770277470350266e-01
2.134905066341161728e-01
1.865056827664375305e-01
2.238082773983478546e-01
2.129765842109918594e-01
1.776867229491472244e-01
2.234995309263467789e-01
1.688794773072004318e-01
2.130854874849319458e-01
1.961964070796966553e-01
2.047351319342851639e-01
2.671860549598932266e-01
2.461482398211956024e-01
2.141025532037019730e-01
2.246183790266513824e-01
2.455521710216999054e-01
2.036236952990293503e-01
2.351490408182144165e-01
2.569538336247205734e-01
2.736137937754392624e-01
2.669900972396135330e-01
2.725017890334129333e-01
2.348955962806940079e-01
1.922813076525926590e-01
2.292537260800600052e-01
1.693053152412176132e-01
1.602418534457683563e-01
1.882853023707866669e-01
2.053064610809087753e-01
1.697209533303976059e-01
2.139600068330764771e-01
2.264297325164079666e-01
1.892365571111440659e-01
3.032399285584688187e-01
2.274354565888643265e-01
2.150673978030681610e-01
2.272557280957698822e-01
3.564397059381008148e-01
2.272245977073907852e-01
2.959254663437604904e-01
1.432934477925300598e-01
2.029962874948978424e-01
2.555050291121006012e-01
2.139549776911735535e-01
2.667073644697666168e-01
2.464515939354896545e-01
2.460632044821977615e-01
2.351375315338373184e-01
2.137509845197200775e-01
2.695036698132753372e-01
2.251994702965021133e-01
2.676720507442951202e-01
2.568906098604202271e-01
2.279577050358057022e-01
2.039754372090101242e-01
1.792842503637075424e-01
1.876303143799304962e-01
2.285078242421150208e-01
1.786302160471677780e-01
2.216513771563768387e-01
1.968705728650093079e-01
1.860415600240230560e-01
2.151143085211515427e-01
1.624956484884023666e-01
2.285373453050851822e-01
1.516420952975749969e-01
1.954838540405035019e-01
1.517565175890922546e-01
1.973753850907087326e-01
1.785913202911615372e-01
2.269928976893424988e-01
2.238332685083150864e-01
1.595975309610366821e-01
1.690769623965024948e-01
2.270225323736667633e-01
2.041550483554601669e-01
1.983939930796623230e-01
1.685150936245918274e-01
2.738271635025739670e-01
2.342248708009719849e-01
2.243756894022226334e-01
2.555744498968124390e-01
3.857368919998407364e-01
2.666607443243265152e-01
2.348401099443435669e-01
2.347488738596439362e-01
2.452101390808820724e-01
2.241057828068733215e-01
2.668722458183765411e-01
2.676667850464582443e-01
2.968140412122011185e-01
2.045951392501592636e-01
2.774250339716672897e-01
2.293373085558414459e-01
1.682355068624019623e-01
2.128750588744878769e-01
1.783184446394443512e-01
1.691703274846076965e-01
1.887173131108283997e-01
2.270209770649671555e-01
1.874932907521724701e-01
2.065285351127386093e-01
2.128303721547126770e-01
1.869559548795223236e-01
1.773107554763555527e-01
2.278469074517488480e-01
1.953516453504562378e-01
2.279955949634313583e-01
2.042794227600097656e-01
2.271848060190677643e-01
1.954470705240964890e-01
2.247960474342107773e-01
2.136810142546892166e-01
3.867088984698057175e-01
2.244528420269489288e-01
2.349037248641252518e-01
2.250211872160434723e-01
3.969737607985734940e-01
2.465847022831439972e-01
2.031868211925029755e-01
2.083549927920103073e-01
1.871170960366725922e-01
2.040533088147640228e-01
2.862210664898157120e-01
2.267476376146078110e-01
2.974379193037748337e-01
2.268944550305604935e-01
2.213967088609933853e-01
3.076483104377985001e-01
2.127981595695018768e-01
1.948725618422031403e-01
2.218530047684907913e-01
1.778173260390758514e-01
1.776390578597784042e-01
2.249201014637947083e-01
2.253646682947874069e-01
1.786764599382877350e-01
1.887198165059089661e-01
2.264277413487434387e-01
2.485545631498098373e-01
2.244512178003787994e-01
2.739712391048669815e-01
2.255627214908599854e-01
2.559349108487367630e-01
2.723222635686397552e-01
2.247873973101377487e-01
3.964746706187725067e-01
2.242496814578771591e-01
2.560960110276937485e-01
3.884672652930021286e-01
4.715488404035568237e-01
1.892691869288682938e-01
2.258416973054409027e-01
1.865999717265367508e-01
1.977232489734888077e-01
2.264018282294273376e-01
2.272218503057956696e-01
2.167178969830274582e-01
2.263528443872928619e-01
1.518378648906946182e-01
3.059332892298698425e-01
1.767676603049039841e-01
2.229907773435115814e-01
1.777079179883003235e-01
1.955661978572607040e-01
2.145154066383838654e-01
2.240260876715183258e-01
2.661931961774826050e-01
2.724830675870180130e-01
2.734228949993848801e-01
2.244754042476415634e-01
2.456109616905450821e-01
3.542972803115844727e-01
2.559435833245515823e-01
2.238617260009050369e-01
2.734494432806968689e-01
1.947880536317825317e-01
1.817183345556259155e-01
3.342455662786960602e-01
2.156787719577550888e-01
2.134732510894536972e-01
2.866510301828384399e-01
2.807929087430238724e-01
1.957597006112337112e-01
2.133813966065645218e-01
1.889032125473022461e-01
1.870529763400554657e-01
2.274717129766941071e-01
2.240521553903818130e-01
2.266334109008312225e-01
2.278216779232025146e-01
1.711705382913351059e-01
2.952584493905305862e-01
2.266533207148313522e-01
2.294769473373889923e-01
2.270324435085058212e-01
1.699018068611621857e-01
1.986026968806982040e-01
2.272062022238969803e-01
2.046941891312599182e-01
1.806487012654542923e-01
2.050370238721370697e-01
2.144311945885419846e-01
3.875435180962085724e-01
2.139274403452873230e-01
2.038269005715847015e-01
3.867314420640468597e-01
2.250875290483236313e-01
2.729007378220558167e-01
1.942867729812860489e-01
3.878285102546215057e-01
2.152103837579488754e-01
1.937697902321815491e-01
2.572086919099092484e-01
2.294131033122539520e-01
2.270165570080280304e-01
2.287069298326969147e-01
2.270989343523979187e-01
2.266644593328237534e-01
2.271198946982622147e-01
1.987589709460735321e-01
1.784494090825319290e-01
2.232645973563194275e-01
2.267303485423326492e-01
2.252176813781261444e-01
2.138580605387687683e-01
1.855827346444129944e-01
2.437534332275390625e-01
2.651999648660421371e-01
2.355020139366388321e-01
2.710098568350076675e-01
2.708302382379770279e-01
1.705106887966394424e-01
2.572031021118164062e-01
2.230196632444858551e-01
2.227263618260622025e-01
3.740135766565799713e-01
1.915570348501205444e-01
2.233175951987504959e-01
2.586942985653877258e-01
2.249734830111265182e-01
1.506003234535455704e-01
2.035029437392950058e-01
1.602394860237836838e-01
2.266965974122285843e-01
2.269429620355367661e-01
2.277361266314983368e-01
2.299441639333963394e-01
2.045674975961446762e-01
1.784954536706209183e-01
2.063406985253095627e-01
1.962894760072231293e-01
1.698558274656534195e-01
1.804403364658355713e-01
1.695919558405876160e-01
1.799042299389839172e-01
1.693743430078029633e-01
1.955027561634778976e-01
2.051853891462087631e-01
3.485288359224796295e-01
2.274835444986820221e-01
1.806222386658191681e-01
2.231165878474712372e-01
2.139545120298862457e-01
2.360672466456890106e-01
3.718319684267044067e-01
2.471901215612888336e-01
2.774557732045650482e-01
2.146270964294672012e-01
2.602482084184885025e-01
2.465742845088243484e-01
2.167387269437313080e-01
2.565842960029840469e-01
1.644542682915925980e-01
3.129706047475337982e-01
1.809612512588500977e-01
2.196585889905691147e-01
3.745054937899112701e-01
1.971721313893795013e-01
3.240412585437297821e-01
2.230952139943838120e-01
1.607640367001295090e-01
2.294454202055931091e-01
2.271786294877529144e-01
1.962077412754297256e-01
2.054802030324935913e-01
2.284729294478893280e-01
1.954759657382965088e-01
2.808965519070625305e-01
1.967115532606840134e-01
2.265001386404037476e-01
1.904949340969324112e-01
1.433292478322982788e-01
2.271365281194448471e-01
2.251063324511051178e-01
2.140189334750175476e-01
3.438786622136831284e-01
2.461208254098892212e-01
2.467327397316694260e-01
2.733015995472669601e-01
2.730495948344469070e-01
2.147475071251392365e-01
2.732662800699472427e-01
2.154768668115139008e-01
1.934785675257444382e-01
2.462426442652940750e-01
2.674449868500232697e-01
1.985458806157112122e-01
2.295803315937519073e-01
2.066696453839540482e-01
2.249758318066596985e-01
2.297164965420961380e-01
2.066569030284881592e-01
2.312969695776700974e-01
2.064149603247642517e-01
2.059344928711652756e-01
2.065652105957269669e-01
2.307767774909734726e-01
1.803102027624845505e-01
1.896105706691741943e-01
2.047814503312110901e-01
1.871709711849689484e-01
2.290665134787559509e-01
2.273054402321577072e-01
1.534840539097785950e-01
2.471773568540811539e-01
2.729957569390535355e-01
2.737124990671873093e-01
2.744264882057905197e-01
3.553396612405776978e-01
1.833102013915777206e-01
2.739999946206808090e-01
2.249727640300989151e-01
2.145922109484672546e-01
2.253945097327232361e-01
1.525247525423765182e-01
2.159315105527639389e-01
2.273977547883987427e-01
2.262127026915550232e-01
2.238775733858346939e-01
1.873010676354169846e-01
1.868937835097312927e-01
2.069130018353462219e-01
1.969584356993436813e-01
2.884146720170974731e-01
2.305970191955566406e-01
1.962804831564426422e-01
1.435650400817394257e-01
2.273306772112846375e-01
1.522214598953723907e-01
2.138953469693660736e-01
2.048120815306901932e-01
1.692090071737766266e-01
1.532728932797908783e-01
2.275619003921747208e-01
1.961204614490270615e-01
3.070559389889240265e-01
1.353893559426069260e-01
2.278276700526475906e-01
2.732170447707176208e-01
2.734574936330318451e-01
2.361097410321235657e-01
2.578542120754718781e-01
2.466049361974000931e-01
2.148529253900051117e-01
2.740869317203760147e-01
2.361272461712360382e-01
2.687396425753831863e-01
3.253376055508852005e-01
2.577883657068014145e-01
3.671628572046756744e-01
1.622374281287193298e-01
2.303498759865760803e-01
2.061447650194168091e-01
2.061965372413396835e-01
2.294063828885555267e-01
1.977740619331598282e-01
1.789127215743064880e-01
2.249155621975660324e-01
2.265191450715065002e-01
2.137326542288064957e-01
2.152861766517162323e-01
1.448094248771667480e-01
2.277931775897741318e-01
2.051305137574672699e-01
2.236709389835596085e-01
1.810471732169389725e-01
2.133950218558311462e-01
2.252262458205223083e-01
2.688927538692951202e-01
3.898062184453010559e-01
2.142491526901721954e-01
2.743579838424921036e-01
3.666899148374795914e-01
2.764670494943857193e-01
2.254913914948701859e-01
3.479922190308570862e-01
1.724800094962120056e-01
2.049029171466827393e-01
2.139039654284715652e-01
1.985473819077014923e-01
1.960176993161439896e-01
1.602469477802515030e-01
2.299704179167747498e-01
2.142563574016094208e-01
2.045807763934135437e-01
2.071527782827615738e-01
1.703922413289546967e-01
2.231042329221963882e-01
2.804617621004581451e-01
1.609230451285839081e-01
1.982674356549978256e-01
2.143330182880163193e-01
2.275005765259265900e-01
1.798824202269315720e-01
2.271384000778198242e-01
2.064571846276521683e-01
2.792658843100070953e-01
1.874355077743530273e-01
1.430921815335750580e-01
2.585679683834314346e-01
3.985656406730413437e-01
2.742664217948913574e-01
2.472446504980325699e-01
2.727969922125339508e-01
2.045152168720960617e-01
2.148996982723474503e-01
2.576282154768705368e-01
2.567616533488035202e-01
2.563499305397272110e-01
2.368865720927715302e-01
2.259262260049581528e-01
1.729038972407579422e-01
3.067222088575363159e-01
1.973311565816402435e-01
1.619269456714391708e-01
2.791697327047586441e-01
1.788046788424253464e-01
2.142045404762029648e-01
2.142827790230512619e-01
2.278557047247886658e-01
2.339512538164854050e-01
2.146885953843593597e-01
1.785507760941982269e-01
2.222589366137981415e-01
1.701733432710170746e-01
1.990184281021356583e-01
1.880417112261056900e-01
2.149319369345903397e-01
1.670373957604169846e-01
2.472544591873884201e-01
2.740833852440118790e-01
2.153381407260894775e-01
2.679224405437707901e-01
2.149025686085224152e-01
2.150573860853910446e-01
1.622607652097940445e-01
2.047565057873725891e-01
2.744852919131517410e-01
2.370920553803443909e-01
2.152139376848936081e-01
1.887503620237112045e-01
2.256289515644311905e-01
1.431336198002099991e-01
1.874594837427139282e-01
2.301668040454387665e-01
1.801044698804616928e-01
2.051929403096437454e-01
1.792186014354228973e-01
3.044014759361743927e-01
2.782458942383527756e-01
1.812404133379459381e-01
2.275851182639598846e-01
2.279972191900014877e-01
1.696300394833087921e-01
2.145996075123548508e-01
1.961261127144098282e-01
2.983334045857191086e-01
1.789832804352045059e-01
2.233636137098073959e-01
2.293724510818719864e-01
1.523778848350048065e-01
1.962278187274932861e-01
1.959085706621408463e-01
1.966767944395542145e-01
1.839137505739927292e-01
2.372564766556024551e-01
1.822039019316434860e-01
2.687839642167091370e-01
2.358819954097270966e-01
2.169800400733947754e-01
2.740338370203971863e-01
2.734924349933862686e-01
2.467726934701204300e-01
2.370541505515575409e-01
3.560608010739088058e-01
1.798600275069475174e-01
1.954344958066940308e-01
2.053210604935884476e-01
2.243240419775247574e-01
2.043445017188787460e-01
2.275457940995693207e-01
2.280184943228960037e-01
2.259243819862604141e-01
2.041983809322118759e-01
2.710665613412857056e-01
2.127244379371404648e-01
2.125750780105590820e-01
2.233905103057622910e-01
1.345421411097049713e-01
1.865424066781997681e-01
1.870006117969751358e-01
1.606888882815837860e-01
2.268533967435359955e-01
1.868891641497612000e-01
1.949299853295087814e-01
2.146403752267360687e-01
3.343413416296243668e-01
2.243634201586246490e-01
2.249090559780597687e-01
2.733207847923040390e-01
2.725697197020053864e-01
2.467302177101373672e-01
2.133899815380573273e-01
2.350890133529901505e-01
2.678469028323888779e-01
2.032862044870853424e-01
2.252904288470745087e-01
2.462410666048526764e-01
2.869220916181802750e-01
2.067798990756273270e-01
2.044431567192077637e-01
1.961707547307014465e-01
1.964357513934373856e-01
2.137080617249011993e-01
3.040265534073114395e-01
1.982289515435695648e-01
1.958086844533681870e-01
1.876988578587770462e-01
2.059221714735031128e-01
2.041781041771173477e-01
1.972589604556560516e-01
2.265678178519010544e-01
2.121501546353101730e-01
2.712024543434381485e-01
2.216751668602228165e-01
2.045264430344104767e-01
2.153692133724689484e-01
2.271056119352579117e-01
2.726250439882278442e-01
2.360655684024095535e-01
2.459200713783502579e-01
1.926232445985078812e-01
2.461760304868221283e-01
2.360550668090581894e-01
2.672958392649888992e-01
2.561371270567178726e-01
2.451167404651641846e-01
2.663063444197177887e-01
2.462553605437278748e-01
2.311808671802282333e-01
1.971616018563508987e-01
2.046144083142280579e-01
2.292035464197397232e-01
1.606462281197309494e-01
2.287284582853317261e-01
2.152256723493337631e-01
2.262365818023681641e-01
1.691975947469472885e-01
2.283888608217239380e-01
2.224242184311151505e-01
2.262374293059110641e-01
3.406076598912477493e-01
2.284499481320381165e-01
1.960800569504499435e-01
2.222457341849803925e-01
3.070015180855989456e-01
1.953291390091180801e-01
1.957565732300281525e-01
2.156215198338031769e-01
2.272289209067821503e-01
1.956453043967485428e-01
1.887341085821390152e-01
2.293189093470573425e-01
2.263454217463731766e-01
3.254804480820894241e-01
2.465458326041698456e-01
2.575904484838247299e-01
2.357476819306612015e-01
2.567281369119882584e-01
1.935992632061243057e-01
2.328990362584590912e-01
2.261940836906433105e-01
1.867675110697746277e-01
1.613278519362211227e-01
1.612651646137237549e-01
1.783671360462903976e-01
1.950658801943063736e-01
1.951935105025768280e-01
2.253754902631044388e-01
1.607377864420413971e-01
2.227203417569398880e-01
2.136097326874732971e-01
3.062531705945730209e-01
2.031463049352169037e-01
1.793016437441110611e-01
1.779918670654296875e-01
1.864048782736063004e-01
2.216920927166938782e-01
2.090348079800605774e-01
2.176872435957193375e-01
2.460830807685852051e-01
2.350488100200891495e-01
2.462189719080924988e-01
2.461633384227752686e-01
2.241109199821949005e-01
2.718017008155584335e-01
2.375161144882440567e-01
2.466130163520574570e-01
2.674611900001764297e-01
2.224104832857847214e-01
1.618128977715969086e-01
1.783404368907213211e-01
2.145752701908349991e-01
2.143631912767887115e-01
2.267825789749622345e-01
1.800140738487243652e-01
1.948240622878074646e-01
1.599100101739168167e-01
2.220862284302711487e-01
2.270496673882007599e-01
2.238333020359277725e-01
1.694874316453933716e-01
1.605664584785699844e-01
2.135928869247436523e-01
1.774508971720933914e-01
1.861301027238368988e-01
2.044845689088106155e-01
2.138173803687095642e-01
1.949155200272798538e-01
2.046510707587003708e-01
1.781334728002548218e-01
2.364094257354736328e-01
1.819532904773950577e-01
2.242212686687707901e-01
2.558158505707979202e-01
3.864600285887718201e-01
2.146465983241796494e-01
1.815005652606487274e-01
2.679525762796401978e-01
2.723933961242437363e-01
2.551385592669248581e-01
2.446476463228464127e-01
1.921332348138093948e-01
2.720456663519144058e-01
2.239520307630300522e-01
1.953957304358482361e-01
1.949845198541879654e-01
2.291263509541749954e-01
2.944784630089998245e-01
1.351878177374601364e-01
1.971149910241365433e-01
1.966146472841501236e-01
2.037156987935304642e-01
2.072260305285453796e-01
2.221502903848886490e-01
2.271136976778507233e-01
2.126618549227714539e-01
1.956426594406366348e-01
2.215979024767875671e-01
2.278201952576637268e-01
2.230748962610960007e-01
1.950182914733886719e-01
2.453548889607191086e-01
1.794666144996881485e-01
2.140902057290077209e-01
2.340991739183664322e-01
2.722990531474351883e-01
2.023476064205169678e-01
2.727664727717638016e-01
2.725904881954193115e-01
2.461449243128299713e-01
2.452413253486156464e-01
2.349189035594463348e-01
2.238200828433036804e-01
2.724250424653291702e-01
2.350755278021097183e-01
2.260904666036367416e-01
2.263896837830543518e-01
1.865183953195810318e-01
2.274836637079715729e-01
2.362608928233385086e-01
2.134767603129148483e-01
1.951988805085420609e-01
2.214734014123678207e-01
2.231707237660884857e-01
2.048661410808563232e-01
2.263047378510236740e-01
1.952053084969520569e-01
1.870100218802690506e-01
1.881468016654253006e-01
1.422462891787290573e-01
2.132516819983720779e-01
3.070688247680664062e-01
2.218027208000421524e-01
2.032933235168457031e-01
2.570575736463069916e-01
2.354476191103458405e-01
2.716630715876817703e-01
2.592606693506240845e-01
2.747141793370246887e-01
2.356830984354019165e-01
2.399008776992559433e-01
3.369165733456611633e-01
2.742924187332391739e-01
2.737721577286720276e-01
2.362847700715065002e-01
2.296929955482482910e-01
1.606662888079881668e-01
2.697202600538730621e-01
2.230845075100660324e-01
1.955594923347234726e-01
1.775962822139263153e-01
1.983408834785223007e-01
1.690255571156740189e-01
1.615078356117010117e-01
2.058056499809026718e-01
2.279787678271532059e-01
2.218866497278213501e-01
1.599975954741239548e-01
2.260468564927577972e-01
1.893551573157310486e-01
1.956137325614690781e-01
2.129489965736865997e-01
1.954187788069248199e-01
1.684815920889377594e-01
1.689224075525999069e-01
2.134335581213235855e-01
3.382710162550210953e-01
2.566939815878868103e-01
2.732106521725654602e-01
2.260670047253370285e-01
2.738281097263097763e-01
2.724897023290395737e-01
2.734944298863410950e-01
2.363536600023508072e-01
2.733416203409433365e-01
2.048132233321666718e-01
2.258762754499912262e-01
1.935481745749711990e-01
2.353734131902456284e-01
2.301039528101682663e-01
1.686757933348417282e-01
2.289290241897106171e-01
2.294479981064796448e-01
1.866783779114484787e-01
1.961640361696481705e-01
3.246373422443866730e-01
1.787102352827787399e-01
1.687941122800111771e-01
2.289764545857906342e-01
2.139023896306753159e-01
1.786707434803247452e-01
2.300126682966947556e-01
2.215658724308013916e-01
1.602196581661701202e-01
2.215382587164640427e-01
1.864549387246370316e-01
2.298657801002264023e-01
1.966653224080801010e-01
2.464698757976293564e-01
2.462087478488683701e-01
2.725836485624313354e-01
3.664157222956418991e-01
3.561541233211755753e-01
2.258535940200090408e-01
2.255680076777935028e-01
1.728076450526714325e-01
1.931378431618213654e-01
2.039168775081634521e-01
2.665014192461967468e-01
3.766877893358469009e-01
2.269872520118951797e-01
1.789612397551536560e-01
1.778307352215051651e-01
1.638442687690258026e-01
2.269681580364704132e-01
1.874842252582311630e-01
1.538822203874588013e-01
2.215618062764406204e-01
1.862740479409694672e-01
2.164945825934410095e-01
2.263576574623584747e-01
1.957232356071472168e-01
1.716251056641340256e-01
2.127009686082601547e-01
2.254576943814754486e-01
1.785239502787590027e-01
2.221285793930292130e-01
2.048455905169248581e-01
2.135913129895925522e-01
2.219856791198253632e-01
1.965090371668338776e-01
2.144953105598688126e-01
2.461333926767110825e-01
2.336543258279561996e-01
2.134261690080165863e-01
2.653439752757549286e-01
2.710064593702554703e-01
2.341748401522636414e-01
1.917577143758535385e-01
2.137288060039281845e-01
2.240844517946243286e-01
2.125541754066944122e-01
2.131823953241109848e-01
2.220521904528141022e-01
1.609970275312662125e-01
2.287615258246660233e-01
1.951781399548053741e-01
1.880338937044143677e-01
2.788957823067903519e-01
2.042679637670516968e-01
1.873464286327362061e-01
2.265443913638591766e-01
2.046053316444158554e-01
1.966129429638385773e-01
1.944708283990621567e-01
1.876993738114833832e-01
3.037546090781688690e-01
2.292508184909820557e-01
1.690298449248075485e-01
1.870057787746191025e-01
2.362681478261947632e-01
1.937822569161653519e-01
1.943975817412137985e-01
2.348941434174776077e-01
2.685263603925704956e-01
2.146539129316806793e-01
2.736110296100378036e-01
2.364487834274768829e-01
3.977134972810745239e-01
2.463070191442966461e-01
2.250876314938068390e-01
2.352985385805368423e-01
2.134444937109947205e-01
2.264366392046213150e-01
2.305404264479875565e-01
1.689555253833532333e-01
2.141898013651371002e-01
3.736015390604734421e-01
2.265791501849889755e-01
1.815936155617237091e-01
1.514376755803823471e-01
2.241814546287059784e-01
1.608638502657413483e-01
1.800170950591564178e-01
1.788999233394861221e-01
1.602555792778730392e-01
1.779423076659440994e-01
2.073314376175403595e-01
1.954448912292718887e-01
2.258253991603851318e-01
2.068186551332473755e-01
2.263858877122402191e-01
1.948197763413190842e-01
2.074184846132993698e-01
2.153255492448806763e-01
2.729950286448001862e-01
2.470945715904235840e-01
2.583831287920475006e-01
2.040379531681537628e-01
2.681836895644664764e-01
3.348113317042589188e-01
2.466210015118122101e-01
2.732065655291080475e-01
2.364683002233505249e-01
2.731354758143424988e-01
2.736933398991823196e-01
2.262206729501485825e-01
1.787713300436735153e-01
2.268925607204437256e-01
2.141496092081069946e-01
1.604627501219511032e-01
1.797466948628425598e-01
1.869432516396045685e-01
1.693865936249494553e-01
2.228034846484661102e-01
1.824126131832599640e-01
2.053698282688856125e-01
2.043343782424926758e-01
1.608166601508855820e-01
2.271888479590415955e-01
1.865930724889039993e-01
2.229806222021579742e-01
1.871226578950881958e-01
2.144218310713768005e-01
1.979010961949825287e-01
1.626297608017921448e-01
2.250564303249120712e-01
2.565198093652725220e-01
2.465205956250429153e-01
2.682328596711158752e-01
3.360947836190462112e-01
2.135366778820753098e-01
2.142105679959058762e-01
2.137257251888513565e-01
2.747336216270923615e-01
2.241981886327266693e-01
1.949361748993396759e-01
2.281858120113611221e-01
1.877971012145280838e-01
2.267334498465061188e-01
2.294154632836580276e-01
1.859217286109924316e-01
2.049107551574707031e-01
2.301631923764944077e-01
1.697044670581817627e-01
1.965572834014892578e-01
1.783223189413547516e-01
1.878283973783254623e-01
2.170860897749662399e-01
3.131129611283540726e-01
2.217146679759025574e-01
1.804100014269351959e-01
2.263504508882761002e-01
1.705922689288854599e-01
1.635156534612178802e-01
2.275497373193502426e-01
2.190838009119033813e-01
2.990623656660318375e-01
2.141017057001590729e-01
2.731100041419267654e-01
2.131167035549879074e-01
3.976609259843826294e-01
2.461488470435142517e-01
2.140946388244628906e-01
2.038319837301969528e-01
2.566617783159017563e-01
2.457858864217996597e-01
2.741700615733861923e-01
1.926891077309846878e-01
2.741349563002586365e-01
2.283159252256155014e-01
1.955773998051881790e-01
2.226344104856252670e-01
2.286043092608451843e-01
2.277649678289890289e-01
1.876499727368354797e-01
3.594478499144315720e-01
2.136365342885255814e-01
1.979950629174709320e-01
2.063783407211303711e-01
2.232851516455411911e-01
1.884284354746341705e-01
1.870671622455120087e-01
2.046493310481309891e-01
1.801918502897024155e-01
1.609257683157920837e-01
2.324886173009872437e-01
2.738765999674797058e-01
2.735473141074180603e-01
2.146122399717569351e-01
2.368213478475809097e-01
2.351934276521205902e-01
1.938252188265323639e-01
2.735432460904121399e-01
2.353873103857040405e-01
2.154641505330801010e-01
2.693622838705778122e-01
2.739171721041202545e-01
1.883734818547964096e-01
1.952595319598913193e-01
2.279375158250331879e-01
1.533189639449119568e-01
1.532477606087923050e-01
1.696663908660411835e-01
2.159186694771051407e-01
2.227735854685306549e-01
1.788375359028577805e-01
2.275726236402988434e-01
2.044943030923604965e-01
2.275770641863346100e-01
1.964220777153968811e-01
1.962808109819889069e-01
1.968309171497821808e-01
3.060171809047460556e-01
1.686084736138582230e-01
2.286719772964715958e-01
2.501228712499141693e-01
2.583429105579853058e-01
2.356137707829475403e-01
2.139334715902805328e-01
2.722626700997352600e-01
2.041631676256656647e-01
2.623497452586889267e-01
2.465986348688602448e-01
1.722209658473730087e-01
3.781357035040855408e-01
2.251948099583387375e-01
2.678802199661731720e-01
2.447829656302928925e-01
1.875440608710050583e-01
1.606014240533113480e-01
2.135468963533639908e-01
1.426476389169692993e-01
1.719825062900781631e-01
2.274422664195299149e-01
1.776967383921146393e-01
1.979887131601572037e-01
2.140728998929262161e-01
2.266372591257095337e-01
2.067001648247241974e-01
1.869372185319662094e-01
2.275501396507024765e-01
1.973334532231092453e-01
1.348674222826957703e-01
2.158420141786336899e-01
2.036908380687236786e-01
1.523896157741546631e-01
2.281970847398042679e-01
2.739706374704837799e-01
2.739507053047418594e-01
2.357225883752107620e-01
2.745316326618194580e-01
3.783297035843133926e-01
2.358509935438632965e-01
2.735512796789407730e-01
1.951855272054672241e-01
1.930588204413652420e-01
2.729847896844148636e-01
1.821442730724811554e-01
2.745831590145826340e-01
1.524568777531385422e-01
2.022817153483629227e-01
2.047630585730075836e-01
1.962049640715122223e-01
2.140709664672613144e-01
1.778500881046056747e-01
2.878074217587709427e-01
2.275370657444000244e-01
1.973574217408895493e-01
2.272135466337203979e-01
1.520362347364425659e-01
1.799364853650331497e-01
1.963184792548418045e-01
2.273533493280410767e-01
1.604346446692943573e-01
2.076549474149942398e-01
1.806382536888122559e-01
3.179074767976999283e-01
2.056074403226375580e-01
2.712230980396270752e-01
2.743720244616270065e-01
1.749370619654655457e-01
1.728617828339338303e-01
2.775134276598691940e-01
2.575324755162000656e-01
2.269565165042877197e-01
2.481252606958150864e-01
2.581070400774478912e-01
2.734827939420938492e-01
2.582729347050189972e-01
1.691783759742975235e-01
2.131436709314584732e-01
2.276990208774805069e-01
2.143295537680387497e-01
3.074359837919473648e-01
2.280233465135097504e-01
1.720670517534017563e-01
2.245942931622266769e-01
2.284135967493057251e-01
1.961033474653959274e-01
1.521915178745985031e-01
2.061754241585731506e-01
1.863859612494707108e-01
1.787429694086313248e-01
2.130953446030616760e-01
2.299762275069952011e-01
1.513246484100818634e-01
1.879751086235046387e-01
1.942968536168336868e-01
2.563608475029468536e-01
2.734890356659889221e-01
2.750318571925163269e-01
2.573780864477157593e-01
1.825258526951074600e-01
1.944570336490869522e-01
2.461316790431737900e-01
2.051788270473480225e-01
1.724132504314184189e-01
2.735418565571308136e-01
2.264808248728513718e-01
2.399309240281581879e-01
2.220879904925823212e-01
1.950986720621585846e-01
2.298838999122381210e-01
1.692923791706562042e-01
2.273997422307729721e-01
1.966930329799652100e-01
2.229346502572298050e-01
1.956167891621589661e-01
2.072647213935852051e-01
2.055388242006301880e-01
2.053599245846271515e-01
1.781958565115928650e-01
2.047569248825311661e-01
2.269280422478914261e-01
2.278770841658115387e-01
2.220717966556549072e-01
2.042894922196865082e-01
2.879782896488904953e-01
2.262922525405883789e-01
2.262115161865949631e-01
1.951064001768827438e-01
2.277413886040449142e-01
1.702705752104520798e-01
2.452918197959661484e-01
2.453036420047283173e-01
2.042237054556608200e-01
2.739084977656602859e-01
2.026690933853387833e-01
2.154181804507970810e-01
2.683360669761896133e-01
2.460539918392896652e-01
3.352459501475095749e-01
1.831615716218948364e-01
2.454485818743705750e-01
2.347745858132839203e-01
2.012130599468946457e-01
2.229018807411193848e-01
2.145177200436592102e-01
2.256459798663854599e-01
1.779681555926799774e-01
2.146403621882200241e-01
1.444982830435037613e-01
2.134976908564567566e-01
1.738838534802198410e-01
2.128512039780616760e-01
1.815362907946109772e-01
2.162774633616209030e-01
1.813564039766788483e-01
2.148086167871952057e-01
2.280491366982460022e-01
2.310316022485494614e-01
1.958794873207807541e-01
2.731072176247835159e-01
2.391809951514005661e-01
2.039288729429244995e-01
2.366130799055099487e-01
2.585536353290081024e-01
3.572988826781511307e-01
2.733369395136833191e-01
2.048201970756053925e-01
2.745514400303363800e-01
2.251517791301012039e-01
2.262143529951572418e-01
2.271858863532543182e-01
1.866735201328992844e-01
1.783042196184396744e-01
1.692804060876369476e-01
2.052057608962059021e-01
2.277403417974710464e-01
2.139341682195663452e-01
1.785162501037120819e-01
1.881974134594202042e-01
1.788667701184749603e-01
2.073002066463232040e-01
3.243577517569065094e-01
2.275322023779153824e-01
1.788477748632431030e-01
1.803874503821134567e-01
2.143470998853445053e-01
2.153166793286800385e-01
2.282807826995849609e-01
2.298122551292181015e-01
2.282036654651165009e-01
2.245030514895915985e-01
1.965729333460330963e-01
1.998055092990398407e-01
3.155332244932651520e-01
2.153532560914754868e-01
2.742553856223821640e-01
2.479999437928199768e-01
2.739757392555475235e-01
3.383799213916063309e-01
2.352347765117883682e-01
2.480804249644279480e-01
2.571317143738269806e-01
3.489095438271760941e-01
1.785307247191667557e-01
2.276495527476072311e-01
2.275914791971445084e-01
2.278785407543182373e-01
2.233720812946557999e-01
1.961979921907186508e-01
2.298836465924978256e-01
2.869160398840904236e-01
1.952566839754581451e-01
2.242504898458719254e-01
1.524158492684364319e-01
2.265332154929637909e-01
2.292186990380287170e-01
1.961424332112073898e-01
2.272568270564079285e-01
1.868147905915975571e-01
2.236044928431510925e-01
2.229649815708398819e-01
2.260153926908969879e-01
1.795008704066276550e-01
1.962433457374572754e-01
1.699498128145933151e-01
2.468366492539644241e-01
3.565186597406864166e-01
2.140189353376626968e-01
2.757463417947292328e-01
1.928333137184381485e-01
2.469964995980262756e-01
2.368528600782155991e-01
1.835787557065486908e-01
1.939641516655683517e-01
2.577833868563175201e-01
2.153046391904354095e-01
2.743158284574747086e-01
2.275089211761951447e-01
2.138744592666625977e-01
2.266785372048616409e-01
1.787613313645124435e-01
1.885936167091131210e-01
1.695747487246990204e-01
1.877102069556713104e-01
3.134409021586179733e-01
2.271254789084196091e-01
1.722756624221801758e-01
2.780675664544105530e-01
1.781278047710657120e-01
2.292671632021665573e-01
3.144059777259826660e-01
1.692724619060754776e-01
2.158073391765356064e-01
2.046252489089965820e-01
2.137609999626874924e-01
1.785456109791994095e-01
2.273992281407117844e-01
2.136749289929866791e-01
2.504176162183284760e-01
2.349668517708778381e-01
2.675030548125505447e-01
2.458351682871580124e-01
2.575448378920555115e-01
2.699337583035230637e-01
2.469130642712116241e-01
2.239988297224044800e-01
2.255371343344449997e-01
2.740253005176782608e-01
1.966268364340066910e-01
2.041445001959800720e-01
1.986727919429540634e-01
2.714844420552253723e-01
2.271928191184997559e-01
2.163668312132358551e-01
1.872074585407972336e-01
2.867652326822280884e-01
1.526414137333631516e-01
1.694938912987709045e-01
1.776872407644987106e-01
1.802814844995737076e-01
2.951363343745470047e-01
2.131398841738700867e-01
1.897311136126518250e-01
1.775894407182931900e-01
1.953685339540243149e-01
2.144362553954124451e-01
1.780001465231180191e-01
1.908667497336864471e-01
2.037216536700725555e-01
2.453999705612659454e-01
2.560149878263473511e-01
2.456161007285118103e-01
2.733728140592575073e-01
2.359681148082017899e-01
2.145870886743068695e-01
2.139715813100337982e-01
2.137613110244274139e-01
2.031665090471506119e-01
2.238460611552000046e-01
2.570918854326009750e-01
1.810283474624156952e-01
1.773884445428848267e-01
1.868442781269550323e-01
1.602285709232091904e-01
1.778555177152156830e-01
1.600596290081739426e-01
2.272934783250093460e-01
1.964663937687873840e-01
2.263266481459140778e-01
3.124923501163721085e-01
1.776735354214906693e-01
2.255481481552124023e-01
2.054056506603956223e-01
1.970197409391403198e-01
2.136181127279996872e-01
1.869441661983728409e-01
2.193141467869281769e-01
2.725198511034250259e-01
2.459389716386795044e-01
3.452542889863252640e-01
2.035174984484910965e-01
2.246842794120311737e-01
2.566424608230590820e-01
3.446852006018161774e-01
3.668557330965995789e-01
2.732253968715667725e-01
2.730252426117658615e-01
2.361606843769550323e-01
1.780690439045429230e-01
2.282147686928510666e-01
2.282477952539920807e-01
2.078310437500476837e-01
1.693574972450733185e-01
1.437337920069694519e-01
1.801829449832439423e-01
1.700182389467954636e-01
2.052198350429534912e-01
2.276395075023174286e-01
3.059100061655044556e-01
2.270590588450431824e-01
2.169492095708847046e-01
1.521396394819021225e-01
1.781694628298282623e-01
1.618688292801380157e-01
2.050812244415283203e-01
2.110938634723424911e-01
2.742085997015237808e-01
2.738125436007976532e-01
2.742368169128894806e-01
2.366801351308822632e-01
2.575963288545608521e-01
2.363350428640842438e-01
2.052533756941556931e-01
1.934008244425058365e-01
2.153927460312843323e-01
2.743089664727449417e-01
2.590173557400703430e-01
2.366408836096525192e-01
2.162620816379785538e-01
3.330961558967828751e-01
1.688251253217458725e-01
2.078601177781820297e-01
2.280058525502681732e-01
2.058609072118997574e-01
1.794231999665498734e-01
2.280870098620653152e-01
1.783808469772338867e-01
2.273920848965644836e-01
1.527691408991813660e-01
2.293789815157651901e-01
1.604859475046396255e-01
2.287008687853813171e-01
2.151621673256158829e-01
1.980214249342679977e-01
2.724647708237171173e-01
1.810488980263471603e-01
2.152812872081995010e-01
2.364920843392610550e-01
2.747558988630771637e-01
2.754479181021451950e-01
2.694585956633090973e-01
2.749832831323146820e-01
3.566254265606403351e-01
2.744992803782224655e-01
2.756259441375732422e-01
2.582525517791509628e-01
2.753328550606966019e-01
1.732828468084335327e-01
1.859004590660333633e-01
1.795958224684000015e-01
1.527931988239288330e-01
2.166617680341005325e-01
2.267853617668151855e-01
2.315853610634803772e-01
1.794013362377882004e-01
1.898938231170177460e-01
2.297917976975440979e-01
1.706212479621171951e-01
2.276089657098054886e-01
1.881037745624780655e-01
2.005007136613130569e-01
1.873591095209121704e-01
2.293914873152971268e-01
1.906607523560523987e-01
2.291210722178220749e-01
1.605045273900032043e-01
1.887264996767044067e-01
1.792109720408916473e-01
1.799010187387466431e-01
1.722822673618793488e-01
2.281406894326210022e-01
2.372111678123474121e-01
3.496334534138441086e-01
2.738220114260911942e-01
1.945386268198490143e-01
2.255056910216808319e-01
2.289922069758176804e-01
1.623185295611619949e-01
2.275898735970258713e-01
2.758353985846042633e-01
2.382325083017349243e-01
2.585944328457117081e-01
2.385263536125421524e-01
2.087434120476245880e-01
2.248208858072757721e-01
2.054416723549365997e-01
1.812471691519021988e-01
1.694876551628112793e-01
2.232652660459280014e-01
1.900259349495172501e-01
2.291174456477165222e-01
2.287101112306118011e-01
2.280363291501998901e-01
2.054619546979665756e-01
1.876341030001640320e-01
1.694796383380889893e-01
2.241484709084033966e-01
2.313480358570814133e-01
2.391287460923194885e-01
2.250926978886127472e-01
2.150554396212100983e-01
2.379978913813829422e-01
2.369090765714645386e-01
2.356330864131450653e-01
2.592006288468837738e-01
2.734831571578979492e-01
3.461415488272905350e-01
2.137858700007200241e-01
1.931676324456930161e-01
2.730923406779766083e-01
2.265849746763706207e-01
2.317867409437894821e-01
2.279224209487438202e-01
2.278392147272825241e-01
1.701404955238103867e-01
2.143600378185510635e-01
1.973925940692424774e-01
1.788413785398006439e-01
2.285429518669843674e-01
1.806274633854627609e-01
2.291597500443458557e-01
2.148066181689500809e-01
1.780046802014112473e-01
2.303759232163429260e-01
1.874887030571699142e-01
2.296220734715461731e-01
2.709666583687067032e-01
1.599229965358972549e-01
1.793446317315101624e-01
2.085211761295795441e-01
1.523790955543518066e-01
2.148349732160568237e-01
2.817764785140752792e-01
2.673456594347953796e-01
3.758642077445983887e-01
2.687225267291069031e-01
1.823687534779310226e-01
2.721754852682352066e-01
2.139253392815589905e-01
1.616328619420528412e-01
1.710906326770782471e-01
2.727515604346990585e-01
2.360940873622894287e-01
2.566462121903896332e-01
2.733614593744277954e-01
2.253655772656202316e-01
2.043575029820203781e-01
1.787846162915229797e-01
3.433472029864788055e-01
2.063991017639636993e-01
2.954084780067205429e-01
2.052247021347284317e-01
1.689850017428398132e-01
2.260601613670587540e-01
2.046666052192449570e-01
2.284718565642833710e-01
2.051320113241672516e-01
2.876186203211545944e-01
2.241756785660982132e-01
1.776711400598287582e-01
1.870890911668539047e-01
2.291745543479919434e-01
2.050920836627483368e-01
1.866321191191673279e-01
1.976898796856403351e-01
2.566452734172344208e-01
2.733575198799371719e-01
3.666072506457567215e-01
2.733852937817573547e-01
3.971365969628095627e-01
2.038374822586774826e-01
2.724378090351819992e-01
2.144789956510066986e-01
2.349797077476978302e-01
2.133006025105714798e-01
2.739764992147684097e-01
2.569255679845809937e-01
2.265381850302219391e-01
1.982520315796136856e-01
2.293620910495519638e-01
1.874965652823448181e-01
2.158430460840463638e-01
2.280462477356195450e-01
2.052277494221925735e-01
2.289565689861774445e-01
1.959574241191148758e-01
1.430903356522321701e-01
1.881864797323942184e-01
2.048663552850484848e-01
2.872640602290630341e-01
2.823192495852708817e-01
2.868977803736925125e-01
1.793471518903970718e-01
2.040630895644426346e-01
2.045052032917737961e-01
3.557544201612472534e-01
2.151628807187080383e-01
3.644234500825405121e-01
2.146965190768241882e-01
2.349560912698507309e-01
2.734577711671590805e-01
2.600930724292993546e-01
2.568569257855415344e-01
2.462868317961692810e-01
3.034392893314361572e-01
2.295654676854610443e-01
2.048049941658973694e-01
1.861407347023487091e-01
1.899426057934761047e-01
2.275835797190666199e-01
2.044759262353181839e-01
2.288428395986557007e-01
1.960525773465633392e-01
1.960318405181169510e-01
1.445211023092269897e-01
1.608648654073476791e-01
2.144775185734033585e-01
1.872647665441036224e-01
2.879815902560949326e-01
2.886018063873052597e-01
2.699274513870477676e-01
2.559656444936990738e-01
2.353571485728025436e-01
2.350289560854434967e-01
2.134658955037593842e-01
2.721666935831308365e-01
2.368423119187355042e-01
2.472822926938533783e-01
2.732314690947532654e-01
3.759325798600912094e-01
2.248960416764020920e-01
2.670455761253833771e-01
2.139079365879297256e-01
2.277477793395519257e-01
2.043297141790390015e-01
1.694081630557775497e-01
1.802001278847455978e-01
1.953627970069646835e-01
2.275867089629173279e-01
1.961892098188400269e-01
1.708878260105848312e-01
1.980126742273569107e-01
2.790132202208042145e-01
3.044075686484575272e-01
1.784223821014165878e-01
1.698208954185247421e-01
1.687873173505067825e-01
2.070024311542510986e-01
2.279173396527767181e-01
2.274235822260379791e-01
2.817124426364898682e-01
2.268322017043828964e-01
1.957219559699296951e-01
1.864225044846534729e-01
1.872706804424524307e-01
1.790497433394193649e-01
2.293680757284164429e-01
2.036986574530601501e-01
2.573651969432830811e-01
2.689993586391210556e-01
2.362246140837669373e-01
2.588693499565124512e-01
2.692481409758329391e-01
2.585866078734397888e-01
1.828794889152050018e-01
2.256876919418573380e-01
1.518682707101106644e-01
2.281895950436592102e-01
2.271211929619312286e-01
1.609949953854084015e-01
1.815990135073661804e-01
1.688667181879281998e-01
2.035315278917551041e-01
1.518295984715223312e-01
2.139651700854301453e-01
1.875331755727529526e-01
2.143332660198211670e-01
2.268361169844865799e-01
2.301501072943210602e-01
1.956145484000444412e-01
2.275570947676897049e-01
1.716929767280817032e-01
1.963695008307695389e-01
1.619280632585287094e-01
2.052497863769531250e-01
1.962081361562013626e-01
3.570112064480781555e-01
2.253405898809432983e-01
2.351031973958015442e-01
3.477896116673946381e-01
2.249192222952842712e-01
2.577658742666244507e-01
2.680050302296876907e-01
1.821791119873523712e-01
2.145728226751089096e-01
2.733541093766689301e-01
2.145515754818916321e-01
2.351575288921594620e-01
1.610737536102533340e-01
2.049410492181777954e-01
2.149044126272201538e-01
1.907709632068872452e-01
2.140861246734857559e-01
1.530839242041110992e-01
1.979479230940341949e-01
1.870837807655334473e-01
2.896468173712491989e-01
1.603197678923606873e-01
2.282653003931045532e-01
3.319267947226762772e-01
1.960169970989227295e-01
1.597886867821216583e-01
2.248043809086084366e-01
1.869391407817602158e-01
3.124134540557861328e-01
2.081705704331398010e-01
1.868231650441884995e-01
2.148176804184913635e-01
2.562187314033508301e-01
3.468543533235788345e-01
2.249144706875085831e-01
3.362986147403717041e-01
2.678114287555217743e-01
2.746362145990133286e-01
2.349634356796741486e-01
2.684545535594224930e-01
3.354711681604385376e-01
2.572026476263999939e-01
1.834168303757905960e-01
2.565868776291608810e-01
2.257897574454545975e-01
2.136487830430269241e-01
2.265763841569423676e-01
2.269932813942432404e-01
1.519560646265745163e-01
1.991847604513168335e-01
1.866452675312757492e-01
2.261068429797887802e-01
1.797719839960336685e-01
1.867742910981178284e-01
1.975838374346494675e-01
1.788472626358270645e-01
3.051449805498123169e-01
1.877048593014478683e-01
1.956392712891101837e-01
1.960162017494440079e-01
2.234038691967725754e-01
1.956482008099555969e-01
3.301871009171009064e-01
1.980249881744384766e-01
2.362539581954479218e-01
2.356275357306003571e-01
2.252265829592943192e-01
1.950160320848226547e-01
2.253053933382034302e-01
2.739636041224002838e-01
2.580683119595050812e-01
2.729439884424209595e-01
2.463155966252088547e-01
2.246247548609972000e-01
2.749989237636327744e-01
1.791430748999118805e-01
1.774177085608243942e-01
2.228249292820692062e-01
1.792404782027006149e-01
2.246275804936885834e-01
2.264668736606836319e-01
1.881269458681344986e-01
2.715830430388450623e-01
3.217834960669279099e-01
2.259844690561294556e-01
1.891381703317165375e-01
1.613837573677301407e-01
2.228993009775876999e-01
1.608459372073411942e-01
1.696039829403162003e-01
1.630267836153507233e-01
1.783616114407777786e-01
1.873409058898687363e-01
1.512105651199817657e-01
1.874260678887367249e-01
1.926803737878799438e-01
2.154869325459003448e-01
1.948090381920337677e-01
2.057695128023624420e-01
1.947850100696086884e-01
2.370922304689884186e-01
2.728644181042909622e-01
2.473526783287525177e-01
2.360976748168468475e-01
2.233228739351034164e-01
2.145620733499526978e-01
2.278168722987174988e-01
2.066743504256010056e-01
1.892152857035398483e-01
2.140929773449897766e-01
2.783165052533149719e-01
2.288943957537412643e-01
2.141649238765239716e-01
1.788848619908094406e-01
1.960260495543479919e-01
2.268608026206493378e-01
1.537013147026300430e-01
1.961869616061449051e-01
1.952570676803588867e-01
1.953254416584968567e-01
1.424864027649164200e-01
1.952173747122287750e-01
1.778109967708587646e-01
1.699685305356979370e-01
1.974744703620672226e-01
1.956726256757974625e-01
1.967113222926855087e-01
1.835228577256202698e-01
2.143703922629356384e-01
1.930305957794189453e-01
2.248466089367866516e-01
2.034162897616624832e-01
2.737546637654304504e-01
3.775598444044589996e-01
2.355997096747159958e-01
2.676235102117061615e-01
2.271370235830545425e-01
2.247235085815191269e-01
2.296821121126413345e-01
1.691079586744308472e-01
1.617227774113416672e-01
1.783406194299459457e-01
2.162085883319377899e-01
2.053759340196847916e-01
2.062949016690254211e-01
1.885458193719387054e-01
2.061757948249578476e-01
2.252572011202573776e-01
1.961587611585855484e-01
2.272257991135120392e-01
1.873427443206310272e-01
1.949450336396694183e-01
1.865748781710863113e-01
2.051611784845590591e-01
2.067004181444644928e-01
2.129444330930709839e-01
3.659569639712572098e-01
2.040046881884336472e-01
2.673529759049415588e-01
2.368154060095548630e-01
2.581965848803520203e-01
2.375591024756431580e-01
1.950127910822629929e-01
2.757789976894855499e-01
2.575283236801624298e-01
2.954815346747636795e-01
2.066903449594974518e-01
2.000363282859325409e-01
1.875252220779657364e-01
2.165629919618368149e-01
1.959571763873100281e-01
2.813363801687955856e-01
1.691424306482076645e-01
2.281814441084861755e-01
2.134486082941293716e-01
2.143866010010242462e-01
2.267959974706172943e-01
2.218891046941280365e-01
1.614014599472284317e-01
1.783987693488597870e-01
3.249891474843025208e-01
2.264415398240089417e-01
1.984128523617982864e-01
1.785244364291429520e-01
2.804351467639207840e-01
1.912397220730781555e-01
3.482586760073900223e-01
1.823454517871141434e-01
2.737316731363534927e-01
2.568438909947872162e-01
2.461704015731811523e-01
2.578651905059814453e-01
3.672815095633268356e-01
3.360617421567440033e-01
2.568004783242940903e-01
2.733124662190675735e-01
1.925527639687061310e-01
2.731979452073574066e-01
1.906321439892053604e-01
2.275787685066461563e-01
1.703793797641992569e-01
2.080458607524633408e-01
2.062681335955858231e-01
1.444526072591543198e-01
2.255587987601757050e-01
1.781383026391267776e-01
1.438017804175615311e-01
1.887308117002248764e-01
1.785504203289747238e-01
2.050203010439872742e-01
2.156612332910299301e-01
2.232572659850120544e-01
3.062052056193351746e-01
1.713447328656911850e-01
2.960259336978197098e-01
1.789798215031623840e-01
2.996232714504003525e-01
3.059130199253559113e-01
1.967671997845172882e-01
2.260524071753025055e-01
1.829286981374025345e-01
2.259976081550121307e-01
2.683514133095741272e-01
2.735277973115444183e-01
2.266970574855804443e-01
2.363136019557714462e-01
2.044177409261465073e-01
2.732005752623081207e-01
2.750152871012687683e-01
2.683364748954772949e-01
2.242923621088266373e-01
1.953656431287527084e-01
2.077580615878105164e-01
2.279235459864139557e-01
1.957412771880626678e-01
1.994578670710325241e-01
2.044842801988124847e-01
2.044137045741081238e-01
2.133845575153827667e-01
2.131250444799661636e-01
2.903043683618307114e-01
1.946508102118968964e-01
2.273199055343866348e-01
2.955978829413652420e-01
2.262533176690340042e-01
1.516822837293148041e-01
2.275368161499500275e-01
1.432992778718471527e-01
1.683550458401441574e-01
1.598986666649580002e-01
1.983870510011911392e-01
2.243745476007461548e-01
2.249973267316818237e-01
2.245108354836702347e-01
2.476853765547275543e-01
2.249930426478385925e-01
2.461629677563905716e-01
2.066102996468544006e-01
2.714864872395992279e-01
2.685769461095333099e-01
2.260613348335027695e-01
1.731402743607759476e-01
2.267705574631690979e-01
1.981295160949230194e-01
2.294616736471652985e-01
2.295810896903276443e-01
1.766330488026142120e-01
1.557591017335653305e-01
1.615437008440494537e-01
1.695305332541465759e-01
1.953659299761056900e-01
1.869878023862838745e-01
2.279473468661308289e-01
2.789338435977697372e-01
2.230467889457941055e-01
2.270193789154291153e-01
2.568807881325483322e-01
2.565570101141929626e-01
2.131388727575540543e-01
2.250135727226734161e-01
2.135483901947736740e-01
2.353453785181045532e-01
2.151497025042772293e-01
2.355105988681316376e-01
2.468230538070201874e-01
2.236075811088085175e-01
2.732989303767681122e-01
1.929080989211797714e-01
2.279984578490257263e-01
1.943009924143552780e-01
1.864728815853595734e-01
1.604563631117343903e-01
1.876386664807796478e-01
2.289093956351280212e-01
2.263886500149965286e-01
1.957003120332956314e-01
1.777586396783590317e-01
3.045229222625494003e-01
2.873567808419466019e-01
1.969637610018253326e-01
2.217778954654932022e-01
2.260739058256149292e-01
1.799871698021888733e-01
2.270670272409915924e-01
2.261721473187208176e-01
1.976788938045501709e-01
2.233268320560455322e-01
2.048771120607852936e-01
1.775825396180152893e-01
2.265004608780145645e-01
1.776586379855871201e-01
1.950514428317546844e-01
2.730875071138143539e-01
2.147120106965303421e-01
2.142681069672107697e-01
2.247725427150726318e-01
2.735839430242776871e-01
3.562436513602733612e-01
2.738311532884836197e-01
2.734350431710481644e-01
2.468194589018821716e-01
2.143130488693714142e-01
2.572353892028331757e-01
2.666582334786653519e-01
2.800923474133014679e-01
1.692712903022766113e-01
2.142789047211408615e-01
2.127511389553546906e-01
1.778587512671947479e-01
2.239559609442949295e-01
1.867707632482051849e-01
2.262692395597696304e-01
2.155122794210910797e-01
1.861661151051521301e-01
1.783940792083740234e-01
1.705860011279582977e-01
1.866391450166702271e-01
2.227018363773822784e-01
2.145911511033773422e-01
1.607632469385862350e-01
1.977288424968719482e-01
2.131669577211141586e-01
1.525226272642612457e-01
2.161383889615535736e-01
2.039048038423061371e-01
2.560079619288444519e-01
2.052316535264253616e-01
2.740541622042655945e-01
2.132329922169446945e-01
2.561807353049516678e-01
2.454950157552957535e-01
2.560620773583650589e-01
3.451223727315664291e-01
2.357164099812507629e-01
1.692334935069084167e-01
2.066215127706527710e-01
2.139678690582513809e-01
1.955027133226394653e-01
2.266557589173316956e-01
1.876856181770563126e-01
1.716080699115991592e-01
2.132103778421878815e-01
2.282700911164283752e-01
2.249669656157493591e-01
2.140580154955387115e-01
1.779323164373636246e-01
1.712724268436431885e-01
1.890620552003383636e-01
2.274179272353649139e-01
1.981086395680904388e-01
2.278841435909271240e-01
1.780322045087814331e-01
2.230899706482887268e-01
2.653100192546844482e-01
2.574845217168331146e-01
2.732384279370307922e-01
2.141229622066020966e-01
2.041111346334218979e-01
2.357644885778427124e-01
2.469311058521270752e-01
3.357668444514274597e-01
2.159020397812128067e-01
2.578010559082031250e-01
2.745400257408618927e-01
2.143188137561082840e-01
2.244257796555757523e-01
1.772137954831123352e-01
1.968015842139720917e-01
1.632173489779233932e-01
2.867919281125068665e-01
2.149634826928377151e-01
2.308879271149635315e-01
1.689778696745634079e-01
1.782522760331630707e-01
2.227745540440082550e-01
2.044473141431808472e-01
2.046427037566900253e-01
1.804933417588472366e-01
1.868220046162605286e-01
1.707147769629955292e-01
2.073104660958051682e-01
2.056781202554702759e-01
3.246207218617200851e-01
2.368208803236484528e-01
2.480811066925525665e-01
2.374502848833799362e-01
1.935848146677017212e-01
2.744340505450963974e-01
2.684458885341882706e-01
2.368723843246698380e-01
2.747063841670751572e-01
2.569938898086547852e-01
2.146106343716382980e-01
2.473913524299860001e-01
2.682341430336236954e-01
1.875399313867092133e-01
1.896003205329179764e-01
1.784986499696969986e-01
1.955474540591239929e-01
2.069075554609298706e-01
2.132019475102424622e-01
1.682028267532587051e-01
2.282976768910884857e-01
1.606182437390089035e-01
2.144388724118471146e-01
2.263950388878583908e-01
2.954244781285524368e-01
2.289640195667743683e-01
2.358143050223588943e-01
1.950800567865371704e-01
2.137715220451354980e-01
2.766143232583999634e-01
1.826984789222478867e-01
2.485484015196561813e-01
2.746055647730827332e-01
2.058388628065586090e-01
2.256668359041213989e-01
2.372767757624387741e-01
3.370209746062755585e-01
2.464073318988084793e-01
2.053076662123203278e-01
2.068878039717674255e-01
2.285353615880012512e-01
2.278235163539648056e-01
2.071530260145664215e-01
1.879952903836965561e-01
2.085167486220598221e-01
1.529434360563755035e-01
2.051420640200376511e-01
2.236795034259557724e-01
2.142604216933250427e-01
1.695138718932867050e-01
1.608950756490230560e-01
2.224511280655860901e-01
2.003176175057888031e-01
2.070299889892339706e-01
2.080087885260581970e-01
2.317788116633892059e-01
2.154677920043468475e-01
1.803923565894365311e-01
1.742436811327934265e-01
2.479564454406499863e-01
2.155380714684724808e-01
2.375673092901706696e-01
2.492590267211198807e-01
2.745818067342042923e-01
2.254958171397447586e-01
1.929051540791988373e-01
2.681107483804225922e-01
2.352600507438182831e-01
2.746283784508705139e-01
1.827600467950105667e-01
1.824632622301578522e-01
1.870141327381134033e-01
1.958806905895471573e-01
1.791658736765384674e-01
1.874787919223308563e-01
1.860640123486518860e-01
2.228003516793251038e-01
2.787619940936565399e-01
2.273143157362937927e-01
2.264847848564386368e-01
1.867619697004556656e-01
1.806623749434947968e-01
2.042836025357246399e-01
1.863094530999660492e-01
2.079645916819572449e-01
1.960709262639284134e-01
1.806260459125041962e-01
2.135571744292974472e-01
2.276224214583635330e-01
1.616171654313802719e-01
2.727938611060380936e-01
4.074331708252429962e-01
2.377858310937881470e-01
1.822518743574619293e-01
2.463676109910011292e-01
3.453119471669197083e-01
2.738004811108112335e-01
2.033768892288208008e-01
2.253153230994939804e-01
2.723902277648448944e-01
2.455309499055147171e-01
2.744214236736297607e-01
1.692500356584787369e-01
2.151291240006685257e-01
1.970467250794172287e-01
1.610737945884466171e-01
3.253298029303550720e-01
1.957596335560083389e-01
1.772912945598363876e-01
3.078420497477054596e-01
1.696864888072013855e-01
2.143970541656017303e-01
2.160167805850505829e-01
1.779165770858526230e-01
3.217846974730491638e-01
2.301023211330175400e-01
2.037605624645948410e-01
1.607225723564624786e-01
2.290738057345151901e-01
1.968977991491556168e-01
2.968314569443464279e-01
2.794064022600650787e-01
1.870001517236232758e-01
1.964348945766687393e-01
2.156712263822555542e-01
2.569181956350803375e-01
2.269162647426128387e-01
2.565979491919279099e-01
1.935620848089456558e-01
2.354702539741992950e-01
2.485736794769763947e-01
2.361202742904424667e-01
2.689318526536226273e-01
2.042896486818790436e-01
2.750183902680873871e-01
2.277267109602689743e-01
2.087968643754720688e-01
2.044066432863473892e-01
2.060052119195461273e-01
1.625597756356000900e-01
3.048252556473016739e-01
3.134617581963539124e-01
2.081348244100809097e-01
1.876901648938655853e-01
1.792773567140102386e-01
1.902693640440702438e-01
1.701604276895523071e-01
1.957791186869144440e-01
2.268980927765369415e-01
1.690154615789651871e-01
2.226744461804628372e-01
1.994354762136936188e-01
2.966395728290081024e-01
1.964757051318883896e-01
2.729074228554964066e-01
1.924069374799728394e-01
3.563020657747983932e-01
2.481334693729877472e-01
2.568042501807212830e-01
2.245705276727676392e-01
2.039154786616563797e-01
2.034721747040748596e-01
2.574395667761564255e-01
2.262921314686536789e-01
2.745014354586601257e-01
3.566769845783710480e-01
1.876788567751646042e-01
2.145955711603164673e-01
3.065563235431909561e-01
2.218621205538511276e-01
1.958310715854167938e-01
2.293800786137580872e-01
2.049532756209373474e-01
2.135402206331491470e-01
1.897935718297958374e-01
2.137817628681659698e-01
1.953141260892152786e-01
2.161754500120878220e-01
2.790879495441913605e-01
1.967164278030395508e-01
2.065730448812246323e-01
2.789140585809946060e-01
2.140817362815141678e-01
2.079585213214159012e-01
2.284319568425416946e-01
1.961315013468265533e-01
2.075403705239295959e-01
2.074774969369173050e-01
2.477165851742029190e-01
2.728141508996486664e-01
2.235594112426042557e-01
1.917132269591093063e-01
2.041931133717298508e-01
2.351295370608568192e-01
2.454097140580415726e-01
2.677444424480199814e-01
2.463374640792608261e-01
1.509953495115041733e-01
1.970568560063838959e-01
1.871749274432659149e-01
2.700516711920499802e-01
1.901735980063676834e-01
2.052283920347690582e-01
1.790693309158086777e-01
1.973803732544183731e-01
1.953255031257867813e-01
2.703719343990087509e-01
2.168428599834442139e-01
1.949330959469079971e-01
2.274825107306241989e-01
1.898512113839387894e-01
1.867401134222745895e-01
1.956010255962610245e-01
2.070109974592924118e-01
1.964041572064161301e-01
1.437071263790130615e-01
2.039242926985025406e-01
2.039107102900743484e-01
2.364775855094194412e-01
2.281182352453470230e-01
2.746793963015079498e-01
2.145150732249021530e-01
2.461292892694473267e-01
2.471631225198507309e-01
2.746347300708293915e-01
2.574623152613639832e-01
1.938968803733587265e-01
2.257682662457227707e-01
2.883498668670654297e-01
2.052018027752637863e-01
2.226381618529558182e-01
1.792411059141159058e-01
1.718671564012765884e-01
2.145331650972366333e-01
1.869369931519031525e-01
1.991413086652755737e-01
1.780352145433425903e-01
1.971358228474855423e-01
1.709077712148427963e-01
2.708923108875751495e-01
2.051097415387630463e-01
1.958304718136787415e-01
2.053079772740602493e-01
1.898845788091421127e-01
2.051200177520513535e-01
2.146741189062595367e-01
1.980344913899898529e-01
1.870224326848983765e-01
2.261962424963712692e-01
2.646247390657663345e-01
2.635684479027986526e-01
2.719572875648736954e-01
2.576012443751096725e-01
2.568756900727748871e-01
2.256834395229816437e-01
2.251667622476816177e-01
3.975688498467206955e-01
1.921238042414188385e-01
2.354108933359384537e-01
2.465679720044136047e-01
1.783699281513690948e-01
2.209216859191656113e-01
1.962052024900913239e-01
1.607598997652530670e-01
1.780946999788284302e-01
1.519019398838281631e-01
2.249496392905712128e-01
1.865969374775886536e-01
2.140895761549472809e-01
1.892303861677646637e-01
1.774475835263729095e-01
2.272129300981760025e-01
1.877209357917308807e-01
2.221788149327039719e-01
2.873512394726276398e-01
2.062103338539600372e-01
1.865877881646156311e-01
3.070854898542165756e-01
1.861481070518493652e-01
2.144265044480562210e-01
2.149503268301486969e-01
1.958624515682458878e-01
2.034424450248479843e-01
1.934641543775796890e-01
1.718195565044879913e-01
2.361208256334066391e-01
2.250175960361957550e-01
3.763062767684459686e-01
3.871945440769195557e-01
2.471309471875429153e-01
2.155598923563957214e-01
2.382575608789920807e-01
2.165759876370429993e-01
2.277653776109218597e-01
1.871340051293373108e-01
1.700728628784418106e-01
1.776101849973201752e-01
2.047719135880470276e-01
1.830238010734319687e-01
2.143512647598981857e-01
1.863912045955657959e-01
1.897453125566244125e-01
2.967525627464056015e-01
1.878185812383890152e-01
2.048466727137565613e-01
2.036699131131172180e-01
1.961511168628931046e-01
2.276674211025238037e-01
2.275772765278816223e-01
1.608515586704015732e-01
1.971658077090978622e-01
1.868225429207086563e-01
2.269350253045558929e-01
2.294764332473278046e-01
2.571584079414606094e-01
2.736149933189153671e-01
2.349227908998727798e-01
1.820131987333297729e-01
2.143539357930421829e-01
2.137460988014936447e-01
2.031525038182735443e-01
1.932633165270090103e-01
2.355324439704418182e-01
2.725164219737052917e-01
2.141783554106950760e-01
1.951316148042678833e-01
2.276243902742862701e-01
2.959573548287153244e-01
1.955917943269014359e-01
1.894017048180103302e-01
1.874343100935220718e-01
1.959026083350181580e-01
2.276121601462364197e-01
2.148231770843267441e-01
2.298780735582113266e-01
2.234101742506027222e-01
2.268067337572574615e-01
2.282329574227333069e-01
1.789742931723594666e-01
1.692990921437740326e-01
2.284534275531768799e-01
3.077283073216676712e-01
1.441329363733530045e-01
1.782175749540328979e-01
1.428313478827476501e-01
1.615139264613389969e-01
2.301957886666059494e-01
3.446029089391231537e-01
2.037329357117414474e-01
2.135681547224521637e-01
2.039455715566873550e-01
2.360276468098163605e-01
2.570131868124008179e-01
2.143441531807184219e-01
2.351445890963077545e-01
2.032290920615196228e-01
2.673611007630825043e-01
1.934024170041084290e-01
2.042080033570528030e-01
1.977516859769821167e-01
1.703834123909473419e-01
1.518075037747621536e-01
1.781174372881650925e-01
2.274390850216150284e-01
1.807547491043806076e-01
1.882263533771038055e-01
2.146500423550605774e-01
1.885779649019241333e-01
1.864327192306518555e-01
2.262228932231664658e-01
2.309861835092306137e-01
2.057891041040420532e-01
2.136949189007282257e-01
2.160715255886316299e-01
1.867636162787675858e-01
2.221806794404983521e-01
1.457872297614812851e-01
2.494379803538322449e-01
3.359102029353380203e-01
2.244754154235124588e-01
2.153105493634939194e-01
2.570316586643457413e-01
2.560469321906566620e-01
2.031545136123895645e-01
2.038823217153549194e-01
2.736024707555770874e-01
1.929155886173248291e-01
2.349040973931550980e-01
2.020900212228298187e-01
2.300668675452470779e-01
1.599697638303041458e-01
2.075326815247535706e-01
1.783750485628843307e-01
3.563469294458627701e-01
2.052266411483287811e-01
1.770223248749971390e-01
2.044438887387514114e-01
2.147463541477918625e-01
2.140340618789196014e-01
1.966732963919639587e-01
2.045552860945463181e-01
1.956821065396070480e-01
1.987341064959764481e-01
2.043693251907825470e-01
2.055026832967996597e-01
2.043546494096517563e-01
1.788820438086986542e-01
1.607730407267808914e-01
2.803186308592557907e-01
1.877250205725431442e-01
1.803918275982141495e-01
1.551096569746732712e-01
2.136635612696409225e-01
2.031065765768289566e-01
3.561215680092573166e-01
2.731936257332563400e-01
2.352481186389923096e-01
2.263787053525447845e-01
2.363603152334690094e-01
2.041790988296270370e-01
2.463300079107284546e-01
2.150435410439968109e-01
2.695541922003030777e-01
2.473926246166229248e-01
2.719189375638961792e-01
2.556344754993915558e-01
3.125839252024888992e-01
2.162501849234104156e-01
2.227253727614879608e-01
1.698470059782266617e-01
2.159233633428812027e-01
2.270607966929674149e-01
1.860090792179107666e-01
2.288962099701166153e-01
1.614549830555915833e-01
2.282976452261209488e-01
1.699250787496566772e-01
2.278377041220664978e-01
2.134999986737966537e-01
2.251937016844749451e-01
1.697664409875869751e-01
1.877298261970281601e-01
1.694602426141500473e-01
1.869094688445329666e-01
2.781227882951498032e-01
2.051226366311311722e-01
2.388181388378143311e-01
2.437077928334474564e-01
2.469033878296613693e-01
2.685157656669616699e-01
2.725109960883855820e-01
2.576513569802045822e-01
2.146794162690639496e-01
2.577166315168142319e-01
2.352254968136548996e-01
2.142891492694616318e-01
1.780805084854364395e-01
2.152837570756673813e-01
1.703141257166862488e-01
1.612260919064283371e-01
2.277786023914813995e-01
2.087497580796480179e-01
2.270190417766571045e-01
2.135417480021715164e-01
1.960057318210601807e-01
2.273865919560194016e-01
1.522818580269813538e-01
2.142560109496116638e-01
1.960163861513137817e-01
2.223493047058582306e-01
2.277194466441869736e-01
2.266365028917789459e-01
1.867601182311773300e-01
2.875820025801658630e-01
2.134460862725973129e-01
1.954883411526679993e-01
2.215801235288381577e-01
2.035041768103837967e-01
1.877192649990320206e-01
1.869715843349695206e-01
2.349178772419691086e-01
2.241470254957675934e-01
2.566269654780626297e-01
2.725509777665138245e-01
2.680343296378850937e-01
2.729771882295608521e-01
2.722117416560649872e-01
2.344463374465703964e-01
1.930673923343420029e-01
2.356335129588842392e-01
2.346413824707269669e-01
2.731828968971967697e-01
1.806565783917903900e-01
2.137156501412391663e-01
1.512799151241779327e-01
1.952671315521001816e-01
1.790345609188079834e-01
1.892339643090963364e-01
1.948396991938352585e-01
1.786668617278337479e-01
2.045923583209514618e-01
2.136902399361133575e-01
3.214391656219959259e-01
1.972022540867328644e-01
2.217768784612417221e-01
1.955519393086433411e-01
1.980565842241048813e-01
1.432177945971488953e-01
1.868149228394031525e-01
2.268084920942783356e-01
2.038392294198274612e-01
2.155628558248281479e-01
1.863545626401901245e-01
1.607413571327924728e-01
2.282265760004520416e-01
3.661452569067478180e-01
2.673672977834939957e-01
2.351957317441701889e-01
2.735106479376554489e-01
2.735255490988492966e-01
2.464492172002792358e-01
2.739103548228740692e-01
2.563566658645868301e-01
2.570352144539356232e-01
2.563468404114246368e-01
2.457206752151250839e-01
3.129486460238695145e-01
2.701356485486030579e-01
1.801263559609651566e-01
1.975864358246326447e-01
2.284985333681106567e-01
1.973390858620405197e-01
1.713618151843547821e-01
2.303950581699609756e-01
1.680268142372369766e-01
1.601932775229215622e-01
2.255743891000747681e-01
2.051549144089221954e-01
1.949124820530414581e-01
2.267662286758422852e-01
2.790530938655138016e-01
1.854530181735754013e-01
3.282306194305419922e-01
1.715691797435283661e-01
2.339040711522102356e-01
2.133879568427801132e-01
2.705229166895151138e-01
2.129035517573356628e-01
1.911059971898794174e-01
2.344030234962701797e-01
2.653511781245470047e-01
3.539560511708259583e-01
2.648048400878906250e-01
2.703281026333570480e-01
2.716001179069280624e-01
2.437709253281354904e-01
1.705670524388551712e-01
1.949664968997240067e-01
1.772600132972002029e-01
1.764750126749277115e-01
1.690345108509063721e-01
2.118036001920700073e-01
2.116571608930826187e-01
2.252914998680353165e-01
2.267328612506389618e-01
2.030918784439563751e-01
1.850360445678234100e-01
2.285491190850734711e-01
2.022596038877964020e-01
2.207168191671371460e-01
1.873969230800867081e-01
1.693479921668767929e-01
1.947714537382125854e-01
2.277838978916406631e-01
2.536358889192342758e-01
2.658890020102262497e-01
2.717217504978179932e-01
2.240708731114864349e-01
2.702574189752340317e-01
2.729133516550064087e-01
2.344738319516181946e-01
2.457568533718585968e-01
2.354100663214921951e-01
2.031030338257551193e-01
2.250014077872037888e-01
1.867894269526004791e-01
2.129793409258127213e-01
2.888321261852979660e-01
1.339325867593288422e-01
1.950782109051942825e-01
2.053465358912944794e-01
2.246937267482280731e-01
3.042726460844278336e-01
1.961477547883987427e-01
1.608941778540611267e-01
2.043046746402978897e-01
1.966497935354709625e-01
1.878616604954004288e-01
2.260829191654920578e-01
2.222439106553792953e-01
2.260038834065198898e-01
1.963778492063283920e-01
2.093211840838193893e-01
3.566386830061674118e-01
2.745281662791967392e-01
2.245446890592575073e-01
2.387109287083148956e-01
2.141239568591117859e-01
2.572743985801935196e-01
2.570249903947114944e-01
2.147631347179412842e-01
2.722873557358980179e-01
2.352290470153093338e-01
2.173131573945283890e-01
2.455347348004579544e-01
1.987254321575164795e-01
2.096037808805704117e-01
1.850397735834121704e-01
2.174780368804931641e-01
2.337912097573280334e-01
2.070383075624704361e-01
1.989223435521125793e-01
2.333869822323322296e-01
1.436198297888040543e-01
2.872830834239721298e-01
1.814075186848640442e-01
1.998038645833730698e-01
2.195687945932149887e-01
1.967721935361623764e-01
1.992857791483402252e-01
2.839340865612030029e-01
2.086212448775768280e-01
1.961812879890203476e-01
2.407039571553468704e-01
3.930922131985425949e-01
2.581445649266242981e-01
2.073730211704969406e-01
2.724291775375604630e-01
2.399856559932231903e-01
2.183524444699287415e-01
3.604227062314748764e-01
1.940833367407321930e-01
2.356079723685979843e-01
2.732454091310501099e-01
1.964782308787107468e-01
2.743602171540260315e-01
1.970656197518110275e-01
2.178881671279668808e-01
2.307266872376203537e-01
1.748014781624078751e-01
2.141011673957109451e-01
1.636358425021171570e-01
2.333562672138214111e-01
1.613868568092584610e-01
2.309281267225742340e-01
1.734789572656154633e-01
2.301896587014198303e-01
2.178785204887390137e-01
2.290004976093769073e-01
2.586704641580581665e-01
2.464253753423690796e-01
2.171854972839355469e-01
2.572523020207881927e-01
2.149893362075090408e-01
2.456725947558879852e-01
2.699102945625782013e-01
1.941088382154703140e-01
2.769620437175035477e-01
2.761472500860691071e-01
2.726967465132474899e-01
1.713681630790233612e-01
1.639038473367691040e-01
1.543638985604047775e-01
2.166385240852832794e-01
2.129817362874746323e-01
2.080163136124610901e-01
2.266424410045146942e-01
2.145189084112644196e-01
2.055218294262886047e-01
1.707280818372964859e-01
2.133646737784147263e-01
2.307671569287776947e-01
1.968233417719602585e-01
2.280913107097148895e-01
2.277166508138179779e-01
1.706381756812334061e-01
1.985151134431362152e-01
1.641016937792301178e-01
1.870327014476060867e-01
2.301490027457475662e-01
2.291981875896453857e-01
1.911722272634506226e-01
2.322828825563192368e-01
2.530872840434312820e-01
2.162332870066165924e-01
2.722266782075166702e-01
2.038538530468940735e-01
2.267067022621631622e-01
2.365617267787456512e-01
2.382139395922422409e-01
2.357560005038976669e-01
2.374179530888795853e-01
2.044975031167268753e-01
1.971413772553205490e-01
2.255737390369176865e-01
2.274173311889171600e-01
2.135357763618230820e-01
2.061106320470571518e-01
1.790522485971450806e-01
2.890037037432193756e-01
1.526704989373683929e-01
2.278344593942165375e-01
2.272649239748716354e-01
2.067697551101446152e-01
2.058313991874456406e-01
2.278981991112232208e-01
1.814574096351861954e-01
2.273448463529348373e-01
1.959356684237718582e-01
1.693073716014623642e-01
3.124607931822538376e-01
2.139862086623907089e-01
2.075747195631265640e-01
1.839837059378623962e-01
2.251099906861782074e-01
2.758380416780710220e-01
2.046077661216259003e-01
2.362531479448080063e-01
4.088685382157564163e-01
2.728100866079330444e-01
1.934163793921470642e-01
2.259721830487251282e-01
2.479685172438621521e-01
2.749096564948558807e-01
1.930719427764415741e-01
2.275538109242916107e-01
1.813398376107215881e-01
2.042117845267057419e-01
1.720653995871543884e-01
2.275600302964448929e-01
1.963226310908794403e-01
1.625156756490468979e-01
1.606396697461605072e-01
1.955677699297666550e-01
2.300496939569711685e-01
2.225552052259445190e-01
2.150499336421489716e-01
2.272589188069105148e-01
1.605467367917299271e-01
1.866021305322647095e-01
2.138066384941339493e-01
2.228514291346073151e-01
3.059618677943944931e-01
2.300340272486209869e-01
1.795822326093912125e-01
2.054506223648786545e-01
1.963472310453653336e-01
1.879343111068010330e-01
2.167130354791879654e-01
2.750943135470151901e-01
2.575959824025630951e-01
3.574030287563800812e-01
2.045645620673894882e-01
3.891792669892311096e-01
2.363071665167808533e-01
2.166051939129829407e-01
2.746930662542581558e-01
2.160836849361658096e-01
2.589470613747835159e-01
2.741155084222555161e-01
1.704326104372739792e-01
1.898379363119602203e-01
2.277836333960294724e-01
1.968224085867404938e-01
1.991793718189001083e-01
2.274552807211875916e-01
2.278401665389537811e-01
1.644894089549779892e-01
2.277813944965600967e-01
1.806470677256584167e-01
1.901990454643964767e-01
1.790734007954597473e-01
2.297384478151798248e-01
2.285265401005744934e-01
1.802080683410167694e-01
2.168627399951219559e-01
2.135270461440086365e-01
2.273033224046230316e-01
2.180140223354101181e-01
2.385580930858850479e-01
2.258936762809753418e-01
2.468915060162544250e-01
1.940752025693655014e-01
3.468090295791625977e-01
2.739471513777971268e-01
2.678001597523689270e-01
3.876387700438499451e-01
2.736409772187471390e-01
2.750087305903434753e-01
2.588730193674564362e-01
2.483159359544515610e-01
3.361497148871421814e-01
2.238374128937721252e-01
1.969673335552215576e-01
1.807751357555389404e-01
2.296304777264595032e-01
2.841106634587049484e-01
1.795708220452070236e-01
1.892321258783340454e-01
2.253184113651514053e-01
1.619491074234247208e-01
1.796500198543071747e-01
2.257088962942361832e-01
1.977289933711290359e-01
2.285039462149143219e-01
2.325887028127908707e-01
1.782252080738544464e-01
2.720180079340934753e-01
1.534138359129428864e-01
1.704002972692251205e-01
2.286158986389636993e-01
2.082413863390684128e-01
2.054206002503633499e-01
2.358961738646030426e-01
2.141354996711015701e-01
2.046136520802974701e-01
2.592255119234323502e-01
2.570097986608743668e-01
2.570929117500782013e-01
2.731938622891902924e-01
2.353132870048284531e-01
2.245290912687778473e-01
2.465591039508581161e-01
2.723122872412204742e-01
1.962821297347545624e-01
1.520658880472183228e-01
2.216760646551847458e-01
2.225190382450819016e-01
2.283556796610355377e-01
1.695381384342908859e-01
1.875926852226257324e-01
2.218267302960157394e-01
1.808931939303874969e-01
1.957054659724235535e-01
2.047073394060134888e-01
2.297691106796264648e-01
2.265594080090522766e-01
1.876614801585674286e-01
1.813976112753152847e-01
2.265458703041076660e-01
2.274944446980953217e-01
1.781658288091421127e-01
2.969392817467451096e-01
2.142914570868015289e-01
2.352373506873846054e-01
2.461102772504091263e-01
2.682246305048465729e-01
2.143134120851755142e-01
1.622124593704938889e-01
2.673635967075824738e-01
2.737522125244140625e-01
1.929464749991893768e-01
1.933142971247434616e-01
1.938929054886102676e-01
2.358035612851381302e-01
2.271983567625284195e-01
1.954996827989816666e-01
3.226427938789129257e-01
2.122631557285785675e-01
2.269866913557052612e-01
1.614653449505567551e-01
2.275071460753679276e-01
1.778413113206624985e-01
1.521231252700090408e-01
1.787480823695659637e-01
2.245259340852499008e-01
1.875811778008937836e-01
2.051712982356548309e-01
2.247249856591224670e-01
2.052023988217115402e-01
2.262315787374973297e-01
2.140319049358367920e-01
2.873573116958141327e-01
2.893521226942539215e-01
2.063932474702596664e-01
1.964470427483320236e-01
3.390171770006418228e-01
2.098973747342824936e-01
3.463073242455720901e-01
2.025704775005578995e-01
2.143362127244472504e-01
2.247312180697917938e-01
2.044274974614381790e-01
2.456580363214015961e-01
2.357781715691089630e-01
2.744437064975500107e-01
3.369785174727439880e-01
2.741099130362272263e-01
2.143963463604450226e-01
2.039606310427188873e-01
2.081643026322126389e-01
2.139855977147817612e-01
2.224118318408727646e-01
1.857654247432947159e-01
1.783731654286384583e-01
2.268720548599958420e-01
1.795618496835231781e-01
2.141709439456462860e-01
2.271453253924846649e-01
2.156505435705184937e-01
1.950769741088151932e-01
2.281962949782609940e-01
2.271342352032661438e-01
2.270086184144020081e-01
1.783919483423233032e-01
1.897535398602485657e-01
2.058158535510301590e-01
1.893856991082429886e-01
1.615869943052530289e-01
1.523907613009214401e-01
2.068117056041955948e-01
1.965952180325984955e-01
1.931795310229063034e-01
3.694311678409576416e-01
2.740993015468120575e-01
2.262332271784543991e-01
2.685836870223283768e-01
1.827305071055889130e-01
2.468677926808595657e-01
2.260691337287425995e-01
2.737677488476037979e-01
2.266397438943386078e-01
2.220307681709527969e-01
2.287804465740919113e-01
2.972282785922288895e-01
2.271753698587417603e-01
1.880913246423006058e-01
1.881817318499088287e-01
2.146381698548793793e-01
2.219788320362567902e-01
2.050796728581190109e-01
2.134280614554882050e-01
2.345772646367549896e-01
2.136912029236555099e-01
2.227288689464330673e-01
1.902657859027385712e-01
2.288241479545831680e-01
2.154048066586256027e-01
2.457490228116512299e-01
2.488451898097991943e-01
2.486324161291122437e-01
2.759790774434804916e-01
2.587086763232946396e-01
2.472990378737449646e-01
2.368011642247438431e-01
2.753149196505546570e-01
2.483704295009374619e-01
2.464296352118253708e-01
2.742836773395538330e-01
2.755907420068979263e-01
2.044803835451602936e-01
1.516606472432613373e-01
2.266468591988086700e-01
1.709726583212614059e-01
2.044240795075893402e-01
1.793731227517127991e-01
1.693654432892799377e-01
2.063007839024066925e-01
2.236974034458398819e-01
2.057403214275836945e-01
2.147232424467802048e-01
2.140466719865798950e-01
1.870413571596145630e-01
2.993795815855264664e-01
2.233337312936782837e-01
2.056578416377305984e-01
2.150777000933885574e-01
2.051282767206430435e-01
3.053305465728044510e-01
2.283678781241178513e-01
1.965110953897237778e-01
1.888502482324838638e-01
2.262214198708534241e-01
1.715411096811294556e-01
3.578848782926797867e-01
1.832718234509229660e-01
2.745204847306013107e-01
2.480630110949277878e-01
2.166667170822620392e-01
2.048570550978183746e-01
1.718986146152019501e-01
2.152832876890897751e-01
2.742201685905456543e-01
2.251978330314159393e-01
2.753608580678701401e-01
2.361778747290372849e-01
2.153144124895334244e-01
1.970573533326387405e-01
1.882608924061059952e-01
2.056105919182300568e-01
1.705242637544870377e-01
1.973872557282447815e-01
2.893638238310813904e-01
2.148255147039890289e-01
1.993906274437904358e-01
1.961554698646068573e-01
1.616748142987489700e-01
2.051805090159177780e-01
2.055711988359689713e-01
2.167245298624038696e-01
1.881002988666296005e-01
3.061369378119707108e-01
1.821245886385440826e-01
1.871466450393199921e-01
1.967038325965404510e-01
2.987157981842756271e-01
1.879670638591051102e-01
2.461704909801483154e-01
2.732141669839620590e-01
2.674804050475358963e-01
2.729801926761865616e-01
2.261436227709054947e-01
2.458076216280460358e-01
2.462820149958133698e-01
2.737148981541395187e-01
2.739269826561212540e-01
2.679013609886169434e-01
2.369911093264818192e-01
2.727026510983705521e-01
2.137908954173326492e-01
2.272446639835834503e-01
1.606361847370862961e-01
1.802572626620531082e-01
2.875107768923044205e-01
1.703592985868453979e-01
2.274008113890886307e-01
1.954941432923078537e-01
1.778329219669103622e-01
2.232170756906270981e-01
2.885495740920305252e-01
1.872284077107906342e-01
2.294001784175634384e-01
2.242729514837265015e-01
2.301934696733951569e-01
2.244191691279411316e-01
1.971365325152873993e-01
2.310835663229227066e-01
3.488332219421863556e-01
1.779497694224119186e-01
1.697896029800176620e-01
2.877605445683002472e-01
1.874657310545444489e-01
1.686312258243560791e-01
1.928270477801561356e-01
2.479538042098283768e-01
2.256159558892250061e-01
1.723683159798383713e-01
2.153743263334035873e-01
1.947189215570688248e-01
2.734428662806749344e-01
2.031330224126577377e-01
2.474674005061388016e-01
2.278494928032159805e-01
1.781405657529830933e-01
1.959202848374843597e-01
2.035854756832122803e-01
2.222029585391283035e-01
2.285961303859949112e-01
2.127118892967700958e-01
2.225534003227949142e-01
1.952589694410562515e-01
1.941633373498916626e-01
1.694039478898048401e-01
3.134974353015422821e-01
1.592577397823333740e-01
1.692768093198537827e-01
2.268805522471666336e-01
3.123808391392230988e-01
1.523550339043140411e-01
2.261041998863220215e-01
2.047490887343883514e-01
2.306626327335834503e-01
2.444001976400613785e-01
3.856053818017244339e-01
3.430935963988304138e-01
2.120365053415298462e-01
3.645758852362632751e-01
2.718046922236680984e-01
3.647641930729150772e-01
2.710864022374153137e-01
2.126628924161195755e-01
2.707396429032087326e-01
2.556377798318862915e-01
1.593049522489309311e-01
2.228816021233797073e-01
1.503936108201742172e-01
1.859031431376934052e-01
2.280005309730768204e-01
1.951025649905204773e-01
1.776888351887464523e-01
1.774327196180820465e-01
1.772007942199707031e-01
1.625594142824411392e-01
2.257279977202415466e-01
1.611192431300878525e-01
2.152988091111183167e-01
2.770441398024559021e-01
1.939616017043590546e-01
1.774751227349042892e-01
2.126540932804346085e-01
1.777373068034648895e-01
1.955862697213888168e-01
2.131636664271354675e-01
2.314501591026782990e-01
2.265952564775943756e-01
1.690371930599212646e-01
1.973684225231409073e-01
2.722599022090435028e-01
2.785656526684761047e-01
2.142817731946706772e-01
2.195652239024639130e-01
2.057829648256301880e-01
3.497272543609142303e-01
1.973949987441301346e-01
2.621679771691560745e-01
2.791722435504198074e-01
2.098440155386924744e-01
2.316632959991693497e-01
2.085905801504850388e-01
1.642356440424919128e-01
2.312492188066244125e-01
2.294545788317918777e-01
1.961687002331018448e-01
2.321324702352285385e-01
2.198292575776576996e-01
2.261622212827205658e-01
2.388555072247982025e-01
2.324928939342498779e-01
1.916360910981893539e-01
2.087397240102291107e-01
1.928373370319604874e-01
1.919416580349206924e-01
2.091768626123666763e-01
1.902188695967197418e-01
2.317821122705936432e-01
2.428583018481731415e-01
3.460168074816465378e-01
1.961577106267213821e-01
2.783186715096235275e-01
3.780431319028139114e-01
3.945127446204423904e-01
2.169332709163427353e-01
2.565756645053625107e-01
2.279581185430288315e-01
2.146105859428644180e-01
2.293433137238025665e-01
2.786442227661609650e-01
1.986612994223833084e-01
3.113850876688957214e-01
3.641891069710254669e-01
1.625471357256174088e-01
2.315075509250164032e-01
2.304056789726018906e-01
1.731079015880823135e-01
2.308362107723951340e-01
2.195621859282255173e-01
2.307155020534992218e-01
1.918948944658041000e-01
2.331334371119737625e-01
2.089752461761236191e-01
1.683549135923385620e-01
1.687793713063001633e-01
1.851553842425346375e-01
2.714977059513330460e-01
2.719226460903882980e-01
2.449014950543642044e-01
2.130531389266252518e-01
1.923838946968317032e-01
2.550497613847255707e-01
2.557256054133176804e-01
2.126554045826196671e-01
3.850102927535772324e-01
1.811870522797107697e-01
2.571140024811029434e-01
2.354511916637420654e-01
1.508319415152072906e-01
1.971923988312482834e-01
2.140322178602218628e-01
2.779790759086608887e-01
2.070920057594776154e-01
3.142589163035154343e-01
2.129661682993173599e-01
2.171839457005262375e-01
2.233698200434446335e-01
2.275114040821790695e-01
2.068853266537189484e-01
2.144789975136518478e-01
2.258037701249122620e-01
1.520720664411783218e-01
2.131267823278903961e-01
2.226456515491008759e-01
1.521058902144432068e-01
1.781923100352287292e-01
2.144007757306098938e-01
1.598347835242748260e-01
2.042579483240842819e-01
2.049906104803085327e-01
2.468619402498006821e-01
2.240624018013477325e-01
2.037490420043468475e-01
2.251882217824459076e-01
2.742930650711059570e-01
2.686022557318210602e-01
2.163348346948623657e-01
2.459612041711807251e-01
2.681394536048173904e-01
2.727668043226003647e-01
1.930605657398700714e-01
2.232552822679281235e-01
1.508674845099449158e-01
1.963728144764900208e-01
2.050575260072946548e-01
1.782263685017824173e-01
2.043731715530157089e-01
1.866152193397283554e-01
1.969289388507604599e-01
2.072207201272249222e-01
2.284664809703826904e-01
1.881242431700229645e-01
2.282538190484046936e-01
1.701121330261230469e-01
1.796210166066884995e-01
2.273945827037096024e-01
2.275340240448713303e-01
2.865064535290002823e-01
2.569120172411203384e-01
1.930382959544658661e-01
2.734549045562744141e-01
2.735729943960905075e-01
2.245743833482265472e-01
4.078279547393321991e-01
2.580382917076349258e-01
1.934179645031690598e-01
2.740117087960243225e-01
2.360182367265224457e-01
2.362371943891048431e-01
2.037253230810165405e-01
1.682571619749069214e-01
1.868250351399183273e-01
2.143932115286588669e-01
2.220954038202762604e-01
1.987982820719480515e-01
2.040895707905292511e-01
2.262552250176668167e-01
2.286377400159835815e-01
1.780658662319183350e-01
2.218900583684444427e-01
1.953133475035429001e-01
2.042495496571063995e-01
2.138254623860120773e-01
1.776204183697700500e-01
1.866852696985006332e-01
1.800027117133140564e-01
2.272493671625852585e-01
2.234985679388046265e-01
2.071525473147630692e-01
2.154056075960397720e-01
2.023370880633592606e-01
2.150888964533805847e-01
2.570329755544662476e-01
2.577582336962223053e-01
2.131781354546546936e-01
1.827973239123821259e-01
2.473258990794420242e-01
1.818128731101751328e-01
2.353110481053590775e-01
2.689464744180440903e-01
2.740797400474548340e-01
2.575115896761417389e-01
1.862817406654357910e-01
1.893505174666643143e-01
1.960668712854385376e-01
1.697627380490303040e-01
1.992030534893274307e-01
2.284762281924486160e-01
1.699668206274509430e-01
1.967378742992877960e-01
1.616546660661697388e-01
2.295491192489862442e-01
2.284310553222894669e-01
2.279607597738504410e-01
1.879770271480083466e-01
2.150791585445404053e-01
1.961264759302139282e-01
2.901479583233594894e-01
2.281710226088762283e-01
2.282302472740411758e-01
1.787785813212394714e-01
2.726939078420400620e-01
2.256478909403085709e-01
1.932105738669633865e-01
2.475120369344949722e-01
2.577275075018405914e-01
2.736988905817270279e-01
1.725989654660224915e-01
2.048370242118835449e-01
2.735987529158592224e-01
2.363820206373929977e-01
2.358239647001028061e-01
2.035266514867544174e-01
2.276439778506755829e-01
2.168060969561338425e-01
2.233855593949556351e-01
1.978246122598648071e-01
1.777731887996196747e-01
2.274161260575056076e-01
2.223129253834486008e-01
1.784023214131593704e-01
1.512221321463584900e-01
1.886356342583894730e-01
2.133784033358097076e-01
2.233828790485858917e-01
1.976432427763938904e-01
2.989807203412055969e-01
1.967306677252054214e-01
1.903239078819751740e-01
1.880642957985401154e-01
3.090422116219997406e-01
1.968749053776264191e-01
2.722833231091499329e-01
2.357597947120666504e-01
2.507905848324298859e-01
2.259273659437894821e-01
2.267618626356124878e-01
1.832446940243244171e-01
2.153899613767862320e-01
2.249799799174070358e-01
2.360022049397230148e-01
2.465972360223531723e-01
2.732654754072427750e-01
1.827664021402597427e-01
2.346091195940971375e-01
1.872670426964759827e-01
2.286225110292434692e-01
1.897677127271890640e-01
1.699383165687322617e-01
2.896247636526823044e-01
2.301047053188085556e-01
1.880612485110759735e-01
1.875602398067712784e-01
2.112463526427745819e-01
2.274325042963027954e-01
2.273837011307477951e-01
2.137853223830461502e-01
1.959707513451576233e-01
2.266852501779794693e-01
1.961451452225446701e-01
2.273187376558780670e-01
1.789733469486236572e-01
2.576116863638162613e-01
2.466771379113197327e-01
2.460963316261768341e-01
2.261996753513813019e-01
2.680840305984020233e-01
2.251804023981094360e-01
2.728294525295495987e-01
2.363242693245410919e-01
2.350445277988910675e-01
2.720509432256221771e-01
2.564419172704219818e-01
2.037844602018594742e-01
1.792826466262340546e-01
2.128941155970096588e-01
1.782231703400611877e-01
2.129481881856918335e-01
1.789376027882099152e-01
2.791249509900808334e-01
2.216569241136312485e-01
1.513105798512697220e-01
2.053057700395584106e-01
1.874050833284854889e-01
2.163908351212739944e-01
1.868646480143070221e-01
1.780339889228343964e-01
2.270884700119495392e-01
1.957046128809452057e-01
2.167446091771125793e-01
2.235766276717185974e-01
2.267121672630310059e-01
2.289744634181261063e-01
1.863991301506757736e-01
2.218030262738466263e-01
1.695312205702066422e-01
2.136010583490133286e-01
2.731949836015701294e-01
2.157040033489465714e-01
2.734933607280254364e-01
2.350738961249589920e-01
2.572699505835771561e-01
3.981604725122451782e-01
2.253435328602790833e-01
2.726185042411088943e-01
2.359273228794336319e-01
2.728766538202762604e-01
2.153142299503087997e-01
2.456881888210773468e-01
1.960226930677890778e-01
2.147913277149200439e-01
1.445453036576509476e-01
1.958812493830919266e-01
2.135315686464309692e-01
2.288156412541866302e-01
1.958594620227813721e-01
2.138598915189504623e-01
1.681186538189649582e-01
2.264278139919042587e-01
1.950898952782154083e-01
1.765262521803379059e-01
2.874244302511215210e-01
2.265987079590559006e-01
2.092997506260871887e-01
2.357031293213367462e-01
2.149599920958280563e-01
2.355906143784523010e-01
2.737378776073455811e-01
1.931491680443286896e-01
2.456791996955871582e-01
2.138197626918554306e-01
2.679888252168893814e-01
2.558670807629823685e-01
2.562874127179384232e-01
2.458587847650051117e-01
2.236129250377416611e-01
2.125785890966653824e-01
2.129098027944564819e-01
2.064059153199195862e-01
1.511737424880266190e-01
2.218211274594068527e-01
2.076915316283702850e-01
1.599184572696685791e-01
2.065925691276788712e-01
1.599629875272512436e-01
1.864334214478731155e-01
2.256019823253154755e-01
2.211398296058177948e-01
1.811269409954547882e-01
1.685471478849649429e-01
1.960037369281053543e-01
3.073998708277940750e-01
1.966886892914772034e-01
1.967340428382158279e-01
1.869519427418708801e-01
2.136839274317026138e-01
2.160379718989133835e-01
2.355175521224737167e-01
2.033781111240386963e-01
2.575062923133373260e-01
1.931751612573862076e-01
2.252596821635961533e-01
2.466226369142532349e-01
1.831643618643283844e-01
2.257414255291223526e-01
1.953010056167840958e-01
1.626397911459207535e-01
2.261478006839752197e-01
1.883281283080577850e-01
2.301727049052715302e-01
1.875213515013456345e-01
2.262167520821094513e-01
1.978267207741737366e-01
1.601045168936252594e-01
3.127011824399232864e-01
1.535189691931009293e-01
2.266254182904958725e-01
2.863181345164775848e-01
2.296742554754018784e-01
1.958330459892749786e-01
2.269129455089569092e-01
3.656391166150569916e-01
2.350019291043281555e-01
2.254304047673940659e-01
3.865820728242397308e-01
2.358341757208108902e-01
2.355558872222900391e-01
2.243795767426490784e-01
2.245903573930263519e-01
2.446473799645900726e-01
2.240233980119228363e-01
2.724980656057596207e-01
2.028015814721584320e-01
2.041960395872592926e-01
1.698197294026613235e-01
2.291857562959194183e-01
2.146960422396659851e-01
1.515325549989938736e-01
1.774822175502777100e-01
2.046455834060907364e-01
2.282471191138029099e-01
1.783603802323341370e-01
2.864967752248048782e-01
2.146769911050796509e-01
2.236768510192632675e-01
1.784300785511732101e-01
2.077362034469842911e-01
2.230494692921638489e-01
1.776213943958282471e-01
2.156644742935895920e-01
2.053694780915975571e-01
2.462355643510818481e-01
2.138419188559055328e-01
2.565550170838832855e-01
2.571696210652589798e-01
2.668852824717760086e-01
2.463729325681924820e-01
2.739794086664915085e-01
2.473498582839965820e-01
2.578061893582344055e-01
2.270326856523752213e-01
2.145964540541172028e-01
2.596817668527364731e-01
3.616000395268201828e-01
1.955971643328666687e-01
2.163551338016986847e-01
2.224953267723321915e-01
1.868923231959342957e-01
2.071984801441431046e-01
1.951781865209341049e-01
2.052207347005605698e-01
2.273755818605422974e-01
2.891456466168165207e-01
3.129751086235046387e-01
1.887477096170186996e-01
2.265035975724458694e-01
2.270264420658349991e-01
1.891516894102096558e-01
1.972767841070890427e-01
2.265082988888025284e-01
2.151031922549009323e-01
2.670363839715719223e-01
2.146970164030790329e-01
2.731705363839864731e-01
2.676836568862199783e-01
2.248293496668338776e-01
2.125957068055868149e-01
1.924449019134044647e-01
1.919684074819087982e-01
2.346262093633413315e-01
2.719735186547040939e-01
2.464107777923345566e-01
2.240397315472364426e-01
1.794024184346199036e-01
1.432104762643575668e-01
1.958745419979095459e-01
1.960215717554092407e-01
2.047925256192684174e-01
1.426082234829664230e-01
2.140768114477396011e-01
2.228814326226711273e-01
2.213956508785486221e-01
1.875919774174690247e-01
2.261302340775728226e-01
1.507062111049890518e-01
1.509456615895032883e-01
2.140226978808641434e-01
1.885674074292182922e-01
1.608329694718122482e-01
2.284955568611621857e-01
3.159765526652336121e-01
2.143949903547763824e-01
2.133356668055057526e-01
2.161742001771926880e-01
1.781417001038789749e-01
1.790015492588281631e-01
2.746881972998380661e-01
2.677219305187463760e-01
3.660244084894657135e-01
2.135005332529544830e-01
2.070339266210794449e-01
2.729464434087276459e-01
2.593088801950216293e-01
2.049361467361450195e-01
2.740457113832235336e-01
3.350013010203838348e-01
2.314794044941663742e-01
2.029849309474229813e-01
1.601889859884977341e-01
2.232351787388324738e-01
1.694126557558774948e-01
1.631739158183336258e-01
1.627141200006008148e-01
1.782929226756095886e-01
2.055087834596633911e-01
2.150314506143331528e-01
1.854095235466957092e-01
1.699184775352478027e-01
2.264762800186872482e-01
1.608427837491035461e-01
2.277653254568576813e-01
2.875030245631933212e-01
1.951359193772077560e-01
1.606937088072299957e-01
2.375633753836154938e-01
3.453343082219362259e-01
2.725062482059001923e-01
2.037076950073242188e-01
3.755181841552257538e-01
2.726768720895051956e-01
3.647264558821916580e-01
2.559927683323621750e-01
3.749136831611394882e-01
2.551848031580448151e-01
2.438233960419893265e-01
1.943871825933456421e-01
2.215232327580451965e-01
2.035817448049783707e-01
1.715503502637147903e-01
2.035741768777370453e-01
1.956148445606231689e-01
1.689560171216726303e-01
3.389879148453474045e-01
1.699242256581783295e-01
1.779039613902568817e-01
1.691672429442405701e-01
1.881756298243999481e-01
2.135691065341234207e-01
1.694493796676397324e-01
2.251509558409452438e-01
2.138198912143707275e-01
2.347203288227319717e-01
1.974512897431850433e-01
1.873265765607357025e-01
2.271187249571084976e-01
2.295242771506309509e-01
1.712794378399848938e-01
2.288588732481002808e-01
1.715882122516632080e-01
2.257085498422384262e-01
2.731471769511699677e-01
2.368268314749002457e-01
3.362677749246358871e-01
2.696555349975824356e-01
2.476950939744710922e-01
2.153911702334880829e-01
2.466733660548925400e-01
3.503883145749568939e-01
2.710312996059656143e-01
2.782486584037542343e-01
2.004518099129199982e-01
2.264392711222171783e-01
2.892928887158632278e-01
1.683214083313941956e-01
2.142017297446727753e-01
1.943384222686290741e-01
2.046059072017669678e-01
2.259447854012250900e-01
2.219155896455049515e-01
2.126709278672933578e-01
1.942531391978263855e-01
3.462365176528692245e-01
1.979720983654260635e-01
1.965307518839836121e-01
1.781060416251420975e-01
1.775747630745172501e-01
1.695470530539751053e-01
2.246217690408229828e-01
1.783542297780513763e-01
1.962752994149923325e-01
3.559993281960487366e-01
2.356463614851236343e-01
2.033934686332941055e-01
2.719586379826068878e-01
2.245280761271715164e-01
2.561202235519886017e-01
2.041592095047235489e-01
2.723603062331676483e-01
2.139547802507877350e-01
2.148585468530654907e-01
2.239513099193572998e-01
3.762584812939167023e-01
1.785784959793090820e-01
2.263631131500005722e-01
2.697961330413818359e-01
2.238186132162809372e-01
1.983918901532888412e-01
2.268302086740732193e-01
1.684399247169494629e-01
1.982520967721939087e-01
1.867689583450555801e-01
1.966749541461467743e-01
1.791195925325155258e-01
2.272254414856433868e-01
2.065240982919931412e-01
1.689003780484199524e-01
1.788734849542379379e-01
2.065665889531373978e-01
2.730654720216989517e-01
3.458140790462493896e-01
2.365752384066581726e-01
2.474968321621417999e-01
1.715424824506044388e-01
2.736265100538730621e-01
2.144331540912389755e-01
2.032571509480476379e-01
2.498560156673192978e-01
2.564879767596721649e-01
2.603551838546991348e-01
2.066093571484088898e-01
2.589280400425195694e-01
2.045566830784082413e-01
2.275464069098234177e-01
1.705676708370447159e-01
1.427212227135896683e-01
1.601956412196159363e-01
1.951505951583385468e-01
1.856467220932245255e-01
1.623320132493972778e-01
1.681914608925580978e-01
1.614803336560726166e-01
2.036342527717351913e-01
2.271737568080425262e-01
2.058061528950929642e-01
1.947979964315891266e-01
1.600658483803272247e-01
1.948085613548755646e-01
2.264140918850898743e-01
1.959081739187240601e-01
1.954632978886365891e-01
1.772712972015142441e-01
2.157542314380407333e-01
2.633726410567760468e-01
2.260408829897642136e-01
3.958327863365411758e-01
2.253355029970407486e-01
3.559328690171241760e-01
2.573356200009584427e-01
2.450461965054273605e-01
2.667589504271745682e-01
2.676329147070646286e-01
2.246981430798768997e-01
2.719551753252744675e-01
2.359539661556482315e-01
2.030375637114048004e-01
2.144581563770771027e-01
2.134453337639570236e-01
2.152527421712875366e-01
1.784779392182826996e-01
3.218396063894033432e-01
2.270672526210546494e-01
2.070926409214735031e-01
1.702813208103179932e-01
1.434340551495552063e-01
2.299105431884527206e-01
2.271646056324243546e-01
1.968772169202566147e-01
2.899932060390710831e-01
2.272922229021787643e-01
2.879978474229574203e-01
1.781853772699832916e-01
2.264508958905935287e-01
1.871574949473142624e-01
3.561720997095108032e-01
2.710082475095987320e-01
2.136227432638406754e-01
2.274168804287910461e-01
2.453111335635185242e-01
2.574882470071315765e-01
2.739296052604913712e-01
2.043318096548318863e-01
2.569372616708278656e-01
1.517263930290937424e-01
2.230217400938272476e-01
1.866480745375156403e-01
1.991754136979579926e-01
1.957693956792354584e-01
2.271422799676656723e-01
2.164390776306390762e-01
1.969049628823995590e-01
2.265864443033933640e-01
1.905712969601154327e-01
1.696195378899574280e-01
1.873014625161886215e-01
2.050191089510917664e-01
1.705571524798870087e-01
1.619121935218572617e-01
2.130269892513751984e-01
2.273067217320203781e-01
1.954725552350282669e-01
2.250598557293415070e-01
2.280709836632013321e-01
1.877157818526029587e-01
2.166178841143846512e-01
1.961494479328393936e-01
2.128816302865743637e-01
2.143466360867023468e-01
1.926662977784872055e-01
2.584811411798000336e-01
1.932937335222959518e-01
1.817781124264001846e-01
2.244077213108539581e-01
2.348635736852884293e-01
2.244018409401178360e-01
2.029058244079351425e-01
1.503162179142236710e-01
2.244705576449632645e-01
2.250999696552753448e-01
3.549930993467569351e-01
1.869623772799968719e-01
2.273511663079261780e-01
2.270446494221687317e-01
2.046949639916419983e-01
1.869742721319198608e-01
2.040544897317886353e-01
1.699456088244915009e-01
1.718671265989542007e-01
2.264473978430032730e-01
2.146083861589431763e-01
2.985100354999303818e-01
1.690917611122131348e-01
2.273005321621894836e-01
2.268655262887477875e-01
2.040896266698837280e-01
1.869352441281080246e-01
1.984545830637216568e-01
2.878821119666099548e-01
1.964255310595035553e-01
2.714285366237163544e-01
2.166645992547273636e-01
2.247757762670516968e-01
2.040065508335828781e-01
2.255516815930604935e-01
2.354242838919162750e-01
2.739395592361688614e-01
2.678465936332941055e-01
2.252735756337642670e-01
1.934232916682958603e-01
1.937969643622636795e-01
2.258264254778623581e-01
1.966982819139957428e-01
2.292964290827512741e-01
2.046645022928714752e-01
2.277984675019979477e-01
2.165984734892845154e-01
2.231080122292041779e-01
2.216341812163591385e-01
1.783475391566753387e-01
2.807022761553525925e-01
1.683400440961122513e-01
3.202983979135751724e-01
3.329195864498615265e-01
2.261186446994543076e-01
1.865564063191413879e-01
1.866801753640174866e-01
2.055906187742948532e-01
1.866372767835855484e-01
2.291018553078174591e-01
2.435109652578830719e-01
2.238756008446216583e-01
2.563079372048377991e-01
1.925737913697957993e-01
2.362514995038509369e-01
2.138659283518791199e-01
2.688506096601486206e-01
2.580921109765768051e-01
2.675135079771280289e-01
2.250587251037359238e-01
3.050738237798213959e-01
2.299492899328470230e-01
2.272430043667554855e-01
2.231577988713979721e-01
1.624042335897684097e-01
1.695803422480821609e-01
3.315445035696029663e-01
2.245916035026311874e-01
2.886027656495571136e-01
1.781526301056146622e-01
2.288570515811443329e-01
1.794994976371526718e-01
1.963207703083753586e-01
2.275837287306785583e-01
2.349819485098123550e-01
2.287787459790706635e-01
1.972893401980400085e-01
2.143405247479677200e-01
1.783823836594820023e-01
1.890373285859823227e-01
2.261851150542497635e-01
1.691977716982364655e-01
2.655846383422613144e-01
2.301922384649515152e-01
2.050433810800313950e-01
2.716384846717119217e-01
3.474319837987422943e-01
2.565309144556522369e-01
3.345006816089153290e-01
2.750785704702138901e-01
2.354194689542055130e-01
2.744999211281538010e-01
2.348939776420593262e-01
1.827508248388767242e-01
1.862042844295501709e-01
2.294078189879655838e-01
2.217228170484304428e-01
1.519197635352611542e-01
2.039951514452695847e-01
1.959594674408435822e-01
1.958714108914136887e-01
2.261262442916631699e-01
1.955619323998689651e-01
3.050883933901786804e-01
3.236283957958221436e-01
1.960049625486135483e-01
2.263263277709484100e-01
2.033199369907379150e-01
2.955119982361793518e-01
2.715721111744642258e-01
2.044023741036653519e-01
2.139020692557096481e-01
2.659251950681209564e-01
2.237975075840950012e-01
2.458870541304349899e-01
2.241614405065774918e-01
2.236853223294019699e-01
2.761156726628541946e-01
2.451602425426244736e-01
2.144388798624277115e-01
3.336891438812017441e-01
3.350204564630985260e-01
2.216266337782144547e-01
1.960898023098707199e-01
1.428634468466043472e-01
1.596861295402050018e-01
1.961358506232500076e-01
2.256378792226314545e-01
2.284811902791261673e-01
1.695078816264867783e-01
1.770587917417287827e-01
1.600226201117038727e-01
1.521092709153890610e-01
2.154363151639699936e-01
1.869403496384620667e-01
2.280026320368051529e-01
2.686686106026172638e-01
2.742959987372159958e-01
2.726784069091081619e-01
2.729718480259180069e-01
2.728746701031923294e-01
3.869068399071693420e-01
2.680744864046573639e-01
2.671462632715702057e-01
2.456770148128271103e-01
2.243191823363304138e-01
2.360533848404884338e-01
2.345161922276020050e-01
1.776753179728984833e-01
1.800844203680753708e-01
1.597340088337659836e-01
1.694474183022975922e-01
2.244816049933433533e-01
1.947141308337450027e-01
1.859282758086919785e-01
2.152061425149440765e-01
1.860049646347761154e-01
3.124528098851442337e-01
3.057932946830987930e-01
2.253466714173555374e-01
1.690145414322614670e-01
1.896136440336704254e-01
1.948633790016174316e-01
2.276875544339418411e-01
1.717062033712863922e-01
3.024454843252897263e-01
1.767455860972404480e-01
2.070373911410570145e-01
1.600785050541162491e-01
2.047827839851379395e-01
2.060098908841609955e-01
2.210861630737781525e-01
2.459907829761505127e-01
2.457750774919986725e-01
2.739349603652954102e-01
2.476884834468364716e-01
2.465621717274188995e-01
2.668562550097703934e-01
1.923832781612873077e-01
2.356697134673595428e-01
2.454478647559881210e-01
2.296981960535049438e-01
1.865793708711862564e-01
2.259249724447727203e-01
1.860882341861724854e-01
1.601918004453182220e-01
3.129328321665525436e-01
2.124482076615095139e-01
1.800377368927001953e-01
2.264946047216653824e-01
1.784748639911413193e-01
2.289104014635086060e-01
1.961295176297426224e-01
1.871255394071340561e-01
2.161876093596220016e-01
2.866966594010591507e-01
2.048411369323730469e-01
2.051703259348869324e-01
1.953412648290395737e-01
2.045765500515699387e-01
1.893809605389833450e-01
1.807684265077114105e-01
1.995939444750547409e-01
2.084965910762548447e-01
2.353129684925079346e-01
2.796450834721326828e-01
2.066297270357608795e-01
1.824363768100738525e-01
2.381024453788995743e-01
2.038676645606756210e-01
1.823538411408662796e-01
2.292610388249158859e-01
3.394188378006219864e-01
3.602348864078521729e-01
2.287272289395332336e-01
1.993408389389514923e-01
2.313934434205293655e-01
1.961022205650806427e-01
1.872808877378702164e-01
1.897183079272508621e-01
1.863103993237018585e-01
2.044810224324464798e-01
1.983195338398218155e-01
1.886439658701419830e-01
1.779889091849327087e-01
3.265697006136178970e-01
1.899036951363086700e-01
2.092552427202463150e-01
1.971184611320495605e-01
1.813327558338642120e-01
1.993473209440708160e-01
2.070955634117126465e-01
1.606934424489736557e-01
1.874763946980237961e-01
1.874718349426984787e-01
2.093216218054294586e-01
2.206296566873788834e-01
3.386216275393962860e-01
2.030102349817752838e-01
1.939185578376054764e-01
2.285844758152961731e-01
2.729964219033718109e-01
2.700164895504713058e-01
2.731697969138622284e-01
1.968884821981191635e-01
2.262383624911308289e-01
2.766791768372058868e-01
2.249969337135553360e-01
2.350720688700675964e-01
2.292941715568304062e-01
2.295901179313659668e-01
2.168492544442415237e-01
1.778586097061634064e-01
1.601716745644807816e-01
1.638041324913501740e-01
2.147696986794471741e-01
1.695136800408363342e-01
2.072261888533830643e-01
2.163421865552663803e-01
2.149940170347690582e-01
2.181254252791404724e-01
2.054736874997615814e-01
2.290840316563844681e-01
2.074870169162750244e-01
1.892131697386503220e-01
2.290234360843896866e-01
1.806500256061553955e-01
2.162918187677860260e-01
2.270025778561830521e-01
1.958593036979436874e-01
2.219548877328634262e-01
2.213221844285726547e-01
4.001810215413570404e-01
2.750037200748920441e-01
3.700428586453199387e-01
2.698967829346656799e-01
2.479102239012718201e-01
2.266150470823049545e-01
1.937487442046403885e-01
2.694902531802654266e-01
2.586934547871351242e-01
2.587990351021289825e-01
2.257355730980634689e-01
2.734029851853847504e-01
2.261302731931209564e-01
2.254293523728847504e-01
2.272143885493278503e-01
2.262067440897226334e-01
1.975241173058748245e-01
2.262850739061832428e-01
1.871531270444393158e-01
1.986706349998712540e-01
2.058725301176309586e-01
2.122773826122283936e-01
1.867933906614780426e-01
1.885079909116029739e-01
2.278718948364257812e-01
2.148999683558940887e-01
1.698041856288909912e-01
1.724776849150657654e-01
1.970347352325916290e-01
2.676988691091537476e-01
2.138514798134565353e-01
2.569020539522171021e-01
2.689916789531707764e-01
2.039696369320154190e-01
2.563502341508865356e-01
2.745667155832052231e-01
2.045584674924612045e-01
2.358712572604417801e-01
2.727043349295854568e-01
2.727696057409048080e-01
2.045974116772413254e-01
2.298108264803886414e-01
1.342345364391803741e-01
2.244038172066211700e-01
2.266256175935268402e-01
2.219174262136220932e-01
2.157380897551774979e-01
2.046926990151405334e-01
1.962911467999219894e-01
1.961481850594282150e-01
2.131527736783027649e-01
2.139740083366632462e-01
1.777865886688232422e-01
1.433421727269887924e-01
1.342825982719659805e-01
1.779829058796167374e-01
1.623087432235479355e-01
2.457860559225082397e-01
1.823068466037511826e-01
2.358604148030281067e-01
2.358382511883974075e-01
3.658823668956756592e-01
2.153083011507987976e-01
3.660726435482501984e-01
2.359879482537508011e-01
2.728347610682249069e-01
2.727847527712583542e-01
2.252629324793815613e-01
2.568500656634569168e-01
2.156769335269927979e-01
2.139137089252471924e-01
1.872577425092458725e-01
1.902318000793457031e-01
1.432654373347759247e-01
1.962930615991353989e-01
2.284757997840642929e-01
1.703984774649143219e-01
1.896881125867366791e-01
1.957855131477117538e-01
1.768924426287412643e-01
2.773642800748348236e-01
2.271317970007658005e-01
2.143331952393054962e-01
3.250349573791027069e-01
1.597213912755250931e-01
2.120182104408740997e-01
2.288735527545213699e-01
2.570835333317518234e-01
3.244273103773593903e-01
2.250420972704887390e-01
2.562264725565910339e-01
2.141815610229969025e-01
2.729450333863496780e-01
2.247397769242525101e-01
1.823921408504247665e-01
2.470298465341329575e-01
1.816070619970560074e-01
2.744830343872308731e-01
1.926824189722537994e-01
1.887279562652111053e-01
1.962680518627166748e-01
1.771234385669231415e-01
1.781696211546659470e-01
2.282044440507888794e-01
2.077834401279687881e-01
1.783217005431652069e-01
3.401596117764711380e-01
1.962994858622550964e-01
1.692198868840932846e-01
1.963513717055320740e-01
1.623060218989849091e-01
1.877545677125453949e-01
1.607052125036716461e-01
2.134735919535160065e-01
2.224709037691354752e-01
2.241361588239669800e-01
1.952943801879882812e-01
3.056831788271665573e-01
1.961622834205627441e-01
2.231969740241765976e-01
2.858040593564510345e-01
2.265148479491472244e-01
3.653303589671850204e-01
2.364848405122756958e-01
2.473041452467441559e-01
2.753638140857219696e-01
2.467222735285758972e-01
2.584246303886175156e-01
3.878698777407407761e-01
2.726847045123577118e-01
1.943778861314058304e-01
2.805335056036710739e-01
2.079254128038883209e-01
1.618805993348360062e-01
2.289470769464969635e-01
1.872482728213071823e-01
2.276580650359392166e-01
1.895650420337915421e-01
2.130219135433435440e-01
1.947436127811670303e-01
1.801107022911310196e-01
1.862456202507019043e-01
2.137541733682155609e-01
2.289167791604995728e-01
2.046354841440916061e-01
1.521311458200216293e-01
1.896869149059057236e-01
1.950889322906732559e-01
1.615581307560205460e-01
2.144011277705430984e-01
3.688253238797187805e-01
2.362769041210412979e-01
2.037269342690706253e-01
2.472900282591581345e-01
3.467723354697227478e-01
2.363453563302755356e-01
1.935515142977237701e-01
1.824466288089752197e-01
2.136796154081821442e-01
2.366511356085538864e-01
2.505566775798797607e-01
2.278741486370563507e-01
2.263388130813837051e-01
1.952804587781429291e-01
1.873482912778854370e-01
1.618207320570945740e-01
2.268283814191818237e-01
3.229305408895015717e-01
1.633078902959823608e-01
2.131858672946691513e-01
1.863448638468980789e-01
2.041534036397933960e-01
2.790065389126539230e-01
1.862437613308429718e-01
1.794006284326314926e-01
2.951428722590208054e-01
2.048953026533126831e-01
1.783781107515096664e-01
2.266216259449720383e-01
1.789498254656791687e-01
2.349465172737836838e-01
2.572451569139957428e-01
2.246047426015138626e-01
3.252894803881645203e-01
2.044541947543621063e-01
2.145951073616743088e-01
2.348277941346168518e-01
2.726985532790422440e-01
1.933711338788270950e-01
2.559136431664228439e-01
2.568053640425205231e-01
2.047688290476799011e-01
2.557758372277021408e-01
2.257338166236877441e-01
2.044067792594432831e-01
3.759344443678855896e-01
2.132647950202226639e-01
2.223960421979427338e-01
1.707319766283035278e-01
2.126972079277038574e-01
2.042721267789602280e-01
2.245362531393766403e-01
1.965716481208801270e-01
2.056901268661022186e-01
2.070188336074352264e-01
2.133387718349695206e-01
3.207977451384067535e-01
2.236351724714040756e-01
3.032989669591188431e-01
2.328083831816911697e-01
2.042542956769466400e-01
2.343522161245346069e-01
2.236155960708856583e-01
1.716849356889724731e-01
3.446298073977231979e-01
2.734132185578346252e-01
3.661058507859706879e-01
2.576353140175342560e-01
2.568689789623022079e-01
2.667823433876037598e-01
3.670412432402372360e-01
2.214568313211202621e-01
1.952901743352413177e-01
1.951072923839092255e-01
1.799462586641311646e-01
1.764008514583110809e-01
2.062307335436344147e-01
2.900630049407482147e-01
2.342465873807668686e-01
2.225918881595134735e-01
1.965702529996633530e-01
2.214626017957925797e-01
1.796590499579906464e-01
3.050086684525012970e-01
2.278843801468610764e-01
1.638007648289203644e-01
2.284051980823278427e-01
1.880554258823394775e-01
1.895419061183929443e-01
1.964407451450824738e-01
2.146888952702283859e-01
2.675950620323419571e-01
2.160056587308645248e-01
2.579195704311132431e-01
2.742957379668951035e-01
2.480603251606225967e-01
2.464922387152910233e-01
2.373223602771759033e-01
2.698003556579351425e-01
2.730718404054641724e-01
2.457108907401561737e-01
2.681918013840913773e-01
3.869702257215976715e-01
2.220836542546749115e-01
2.047898173332214355e-01
1.812371835112571716e-01
1.863467209041118622e-01
2.279130257666110992e-01
2.275214716792106628e-01
1.528005376458168030e-01
2.060255967080593109e-01
2.140636835247278214e-01
1.808874737471342087e-01
3.038841132074594498e-01
1.954684015363454819e-01
1.702504772692918777e-01
2.274240218102931976e-01
2.140415944159030914e-01
4.000701699405908585e-01
2.145843300968408585e-01
2.571014277637004852e-01
2.035375386476516724e-01
2.261513359844684601e-01
3.771454598754644394e-01
2.570584658533334732e-01
2.573034614324569702e-01
2.152876909822225571e-01
2.361190188676118851e-01
2.739927247166633606e-01
2.187687214463949203e-01
1.607137899845838547e-01
1.437117643654346466e-01
1.896828990429639816e-01
2.052423879504203796e-01
1.986757405102252960e-01
2.146330643445253372e-01
1.875600125640630722e-01
1.874751392751932144e-01
2.281268052756786346e-01
2.273886948823928833e-01
1.879329830408096313e-01
1.613814234733581543e-01
1.881721988320350647e-01
2.288837339729070663e-01
2.277405858039855957e-01
1.702817995101213455e-01
2.465808149427175522e-01
2.159786783158779144e-01
2.357676103711128235e-01
2.469549793750047684e-01
2.255388312041759491e-01
2.581314183771610260e-01
2.146162744611501694e-01
2.146019339561462402e-01
2.737350426614284515e-01
2.149971146136522293e-01
2.476044707000255585e-01
2.362170554697513580e-01
2.233664467930793762e-01
1.785198710858821869e-01
1.878081280738115311e-01
2.166050747036933899e-01
1.778573468327522278e-01
2.269451133906841278e-01
2.037277948111295700e-01
2.136134188622236252e-01
2.051617950201034546e-01
2.130976095795631409e-01
2.141029816120862961e-01
1.982570905238389969e-01
1.697480324655771255e-01
1.875917203724384308e-01
2.160714361816644669e-01
2.273319773375988007e-01
1.617695968598127365e-01
1.928698904812335968e-01
2.040716297924518585e-01
2.138480376452207565e-01
1.833865530788898468e-01
2.469983454793691635e-01
2.563763856887817383e-01
2.349401526153087616e-01
2.253745868802070618e-01
2.669547628611326218e-01
3.680428136140108109e-01
2.245615106076002121e-01
2.048075050115585327e-01
1.536081228405237198e-01
3.044975791126489639e-01
1.786314677447080612e-01
1.805186159908771515e-01
2.228871528059244156e-01
2.050622384995222092e-01
1.985564585775136948e-01
2.963400445878505707e-01
2.265972048044204712e-01
2.289263643324375153e-01
2.266440670937299728e-01
2.039832603186368942e-01
1.613078843802213669e-01
2.047776766121387482e-01
1.802134457975625992e-01
2.409172356128692627e-01
2.150217536836862564e-01
2.367191389203071594e-01
2.145607043057680130e-01
2.364159934222698212e-01
2.253693360835313797e-01
2.462515644729137421e-01
1.934729050844907761e-01
2.463822979480028152e-01
1.927436199039220810e-01
2.672708313912153244e-01
2.361960336565971375e-01
2.458593659102916718e-01
1.523875426501035690e-01
2.135555185377597809e-01
1.872839834541082382e-01
2.141494750976562500e-01
1.787200607359409332e-01
2.145664822310209274e-01
1.952945236116647720e-01
2.272548489272594452e-01
1.694389525800943375e-01
2.129620499908924103e-01
2.232649810612201691e-01
1.981936320662498474e-01
2.205045968294143677e-01
1.774668749421834946e-01
1.808988451957702637e-01
2.046517655253410339e-01
2.272859215736389160e-01
2.287196479737758636e-01
1.873183213174343109e-01
2.228418942540884018e-01
1.959544420242309570e-01
1.524876076728105545e-01
2.360962014645338058e-01
2.727799043059349060e-01
2.471581920981407166e-01
3.684810232371091843e-01
2.036587316542863846e-01
2.585186846554279327e-01
2.147139087319374084e-01
2.580181863158941269e-01
2.040672320872545242e-01
2.685162983834743500e-01
1.937543824315071106e-01
3.622507881373167038e-01
1.516922675073146820e-01
2.229429185390472412e-01
1.898793354630470276e-01
2.232160810381174088e-01
2.276091109961271286e-01
2.320626303553581238e-01
3.154505044221878052e-01
1.698049567639827728e-01
1.541899461299180984e-01
2.061114907264709473e-01
1.891677454113960266e-01
2.136954180896282196e-01
1.891714092344045639e-01
2.271046936511993408e-01
3.331705685704946518e-01
1.623556558042764664e-01
1.873181704431772232e-01
2.243236359208822250e-01
2.088743653148412704e-01
2.050852701067924500e-01
2.047659009695053101e-01
2.036843653768301010e-01
1.928270738571882248e-01
2.572451867163181305e-01
3.564176820218563080e-01
2.135539297014474869e-01
2.729503791779279709e-01
2.736771032214164734e-01
2.358171436935663223e-01
2.466023955494165421e-01
2.369844969362020493e-01
2.360840868204832077e-01
1.753250565379858017e-01
1.974490955471992493e-01
1.967573929578065872e-01
1.784946192055940628e-01
2.223997190594673157e-01
1.801839563995599747e-01
1.878470834344625473e-01
2.139769736677408218e-01
1.786373611539602280e-01
1.707340665161609650e-01
1.891310326755046844e-01
1.870287489145994186e-01
2.285376545041799545e-01
1.544986274093389511e-01
1.959566846489906311e-01
2.270306963473558426e-01
2.070954386144876480e-01
1.512232776731252670e-01
2.268673069775104523e-01
1.957128271460533142e-01
2.673086933791637421e-01
2.254911437630653381e-01
2.459654267877340317e-01
1.822950597852468491e-01
2.247483562678098679e-01
2.240362465381622314e-01
2.736966945230960846e-01
1.829321626573801041e-01
2.562107983976602554e-01
2.145742718130350113e-01
2.569853737950325012e-01
2.671271041035652161e-01
2.165470235049724579e-01
2.960284706205129623e-01
1.695108953863382339e-01
1.663687899708747864e-01
2.273083440959453583e-01
1.785276420414447784e-01
2.133522368967533112e-01
1.979724857956171036e-01
2.291957587003707886e-01
2.136568557471036911e-01
1.868092920631170273e-01
2.044838946312665939e-01
2.264220602810382843e-01
1.629577185958623886e-01
2.339838780462741852e-01
2.279927805066108704e-01
2.730077151209115982e-01
2.687543388456106186e-01
2.678849976509809494e-01
2.353728637099266052e-01
2.366711031645536423e-01
2.729183565825223923e-01
3.567471913993358612e-01
2.042879741638898849e-01
2.252251673489809036e-01
2.149912621825933456e-01
2.253367528319358826e-01
2.730507664382457733e-01
3.536104261875152588e-01
2.230892404913902283e-01
1.964015290141105652e-01
2.036923319101333618e-01
1.793044582009315491e-01
2.261242251843214035e-01
1.873191595077514648e-01
2.292456030845642090e-01
2.266938462853431702e-01
2.048759870231151581e-01
1.804258842021226883e-01
2.216894142329692841e-01
2.783178109675645828e-01
1.794467102736234665e-01
1.790917217731475830e-01
2.284668534994125366e-01
2.051043845713138580e-01
1.801138520240783691e-01
3.232787549495697021e-01
1.960191763937473297e-01
2.262001372873783112e-01
2.219195142388343811e-01
2.272187657654285431e-01
1.696655414998531342e-01
2.463198583573102951e-01
2.670770715922117233e-01
2.762679215520620346e-01
1.929467990994453430e-01
1.933716181665658951e-01
2.247481029480695724e-01
2.148027569055557251e-01
2.562128379940986633e-01
2.355414386838674545e-01
2.472366839647293091e-01
2.575807925313711166e-01
2.726788837462663651e-01
1.783996541053056717e-01
2.212257850915193558e-01
2.048811968415975571e-01
2.130297962576150894e-01
1.976999174803495407e-01
1.789969746023416519e-01
1.955511476844549179e-01
2.258000113070011139e-01
3.317245785146951675e-01
2.129554543644189835e-01
1.511364765465259552e-01
2.043426018208265305e-01
3.023531064391136169e-01
2.213173229247331619e-01
2.285570837557315826e-01
1.424059718847274780e-01
2.126054689288139343e-01
1.809161510318517685e-01
2.242014538496732712e-01
1.921120099723339081e-01
2.361202407628297806e-01
2.372145690023899078e-01
2.143139988183975220e-01
2.260737549513578415e-01
2.566004991531372070e-01
2.036537528038024902e-01
2.457633614540100098e-01
2.460497375577688217e-01
2.040415033698081970e-01
2.241930421441793442e-01
2.294202707707881927e-01
1.973572634160518646e-01
2.264518346637487411e-01
2.261542193591594696e-01
2.162490375339984894e-01
2.043519858270883560e-01
3.308039549738168716e-01
1.768668647855520248e-01
1.339331511408090591e-01
2.034177258610725403e-01
1.684937607496976852e-01
2.128358613699674606e-01
2.065606042742729187e-01
2.041538450866937637e-01
2.263752594590187073e-01
2.297490853816270828e-01
2.565823998302221298e-01
1.939442455768585205e-01
2.570047676563262939e-01
1.614893972873687744e-01
4.083525128662586212e-01
2.726061884313821793e-01
1.718652248382568359e-01
2.145774867385625839e-01
2.250283658504486084e-01
2.462756708264350891e-01
2.705390434712171555e-01
2.012142147868871689e-01
1.509492024779319763e-01
2.262944001704454422e-01
2.046634219586849213e-01
1.687208488583564758e-01
3.114848043769598007e-01
2.273643314838409424e-01
1.883705239742994308e-01
1.942002195864915848e-01
2.218893822282552719e-01
2.141375634819269180e-01
2.044983860105276108e-01
2.128568850457668304e-01
1.978141982108354568e-01
1.859358046203851700e-01
1.956974938511848450e-01
2.147086914628744125e-01
2.260358445346355438e-01
1.773429736495018005e-01
1.800517179071903229e-01
2.747451923787593842e-01
2.452444825321435928e-01
1.827330477535724640e-01
1.930887904018163681e-01
2.460339851677417755e-01
2.250163387507200241e-01
2.579791713505983353e-01
2.255958430469036102e-01
3.447657302021980286e-01
2.253413386642932892e-01
2.372536100447177887e-01
2.131066750735044479e-01
1.890019271522760391e-01
1.868780478835105896e-01
2.141473442316055298e-01
1.975772697478532791e-01
2.146999593824148178e-01
2.131118252873420715e-01
1.803930308669805527e-01
1.781220994889736176e-01
2.779504638165235519e-01
1.970801055431365967e-01
1.601066738367080688e-01
1.873032581061124802e-01
2.239541895687580109e-01
1.606256738305091858e-01
2.042462788522243500e-01
2.267407216131687164e-01
2.042513657361268997e-01
2.047994975000619888e-01
2.143997363746166229e-01
2.090308312326669693e-01
2.035642638802528381e-01
2.151447311043739319e-01
1.824470702558755875e-01
2.750625330954790115e-01
3.342789728194475174e-01
2.674335464835166931e-01
2.351948060095310211e-01
2.256817594170570374e-01
2.727967910468578339e-01
2.130990866571664810e-01
2.470130324363708496e-01
2.226855363696813583e-01
2.054367214441299438e-01
2.125011757016181946e-01
2.948850095272064209e-01
2.271107006818056107e-01
1.525349058210849762e-01
2.287465669214725494e-01
2.230982836335897446e-01
2.124901413917541504e-01
1.885906346142292023e-01
2.142085935920476913e-01
1.781972367316484451e-01
1.696241106837987900e-01
1.865009665489196777e-01
2.212446834892034531e-01
3.425174932926893234e-01
2.127386108040809631e-01
2.219006884843111038e-01
2.235370147973299026e-01
2.154424916952848434e-01
2.574602086097002029e-01
2.727758698165416718e-01
2.142670117318630219e-01
2.723673265427350998e-01
1.940038762986660004e-01
2.730960398912429810e-01
2.688001710921525955e-01
2.731217276304960251e-01
2.040500584989786148e-01
1.926600635051727295e-01
2.140884157270193100e-01
2.053509894758462906e-01
3.136963415890932083e-01
2.050560228526592255e-01
1.893496979027986526e-01
1.956798508763313293e-01
1.770910955965518951e-01
2.255630530416965485e-01
1.778017468750476837e-01
1.895598527044057846e-01
2.132404185831546783e-01
2.269331123679876328e-01
1.694806888699531555e-01
2.043230496346950531e-01
1.599198803305625916e-01
1.872081663459539413e-01
2.269919998943805695e-01
2.064155619591474533e-01
1.608334798365831375e-01
2.042931411415338516e-01
1.888556163758039474e-01
2.223915737122297287e-01
1.778186578303575516e-01
2.547972444444894791e-01
1.935872249305248260e-01
2.736266516149044037e-01
2.361054886132478714e-01
1.815599463880062103e-01
2.044401578605175018e-01
2.141491025686264038e-01
2.738138642162084579e-01
1.932823415845632553e-01
2.146894671022891998e-01
2.563152480870485306e-01
2.700288575142621994e-01
1.612664982676506042e-01
1.963429227471351624e-01
2.262454014271497726e-01
1.598993316292762756e-01
3.123130649328231812e-01
1.770019475370645523e-01
2.258943356573581696e-01
1.950097866356372833e-01
1.866628527641296387e-01
1.979915834963321686e-01
1.612127944827079773e-01
2.265729345381259918e-01
2.279111389070749283e-01
1.687131375074386597e-01
2.260257937014102936e-01
1.687303259968757629e-01
2.261708863079547882e-01
2.272359281778335571e-01
1.689658686518669128e-01
2.071486320346593857e-01
2.269318401813507080e-01
2.281969096511602402e-01
2.011048886924982071e-01
2.731615826487541199e-01
2.356134224683046341e-01
2.140337098389863968e-01
2.255207262933254242e-01
2.137385662645101547e-01
1.930470895022153854e-01
2.735824827104806900e-01
2.163666635751724243e-01
2.371275089681148529e-01
2.686453182250261307e-01
2.351013123989105225e-01
2.459577135741710663e-01
1.605856027454137802e-01
2.287039346992969513e-01
2.693309411406517029e-01
2.261315677314996719e-01
2.075633704662322998e-01
1.784201543778181076e-01
2.272529620677232742e-01
3.206816986203193665e-01
2.968694698065519333e-01
2.138358168303966522e-01
1.781848371028900146e-01
2.153997514396905899e-01
1.956447958946228027e-01
2.866007331758737564e-01
2.221516948193311691e-01
1.951927058398723602e-01
2.410569824278354645e-01
2.159582674503326416e-01
2.151989787817001343e-01
2.156108431518077850e-01
2.680759578943252563e-01
2.695933040231466293e-01
2.361061908304691315e-01
2.464503664523363113e-01
2.133308872580528259e-01
1.942022442817687988e-01
2.400962393730878830e-01
2.149787861853837967e-01
1.862873025238513947e-01
2.878289204090833664e-01
1.784651987254619598e-01
1.871196627616882324e-01
1.966001614928245544e-01
2.267437316477298737e-01
1.948937438428401947e-01
1.521410252898931503e-01
1.510999910533428192e-01
3.121492359787225723e-01
2.272148132324218750e-01
1.773027461022138596e-01
2.219215724617242813e-01
1.689667161554098129e-01
1.611260604113340378e-01
1.622196789830923080e-01
1.944377515465021133e-01
2.219032905995845795e-01
1.895986367017030716e-01
2.265544086694717407e-01
2.102155815809965134e-01
3.768985215574502945e-01
2.679167371243238449e-01
3.354197517037391663e-01
2.570115104317665100e-01
2.146960422396659851e-01
2.369911260902881622e-01
2.574896216392517090e-01
2.255571819841861725e-01
2.569345384836196899e-01
2.739108279347419739e-01
2.040474135428667068e-01
1.862338669598102570e-01
1.528499070554971695e-01
1.691104359924793243e-01
1.603653226047754288e-01
1.695239804685115814e-01
2.216942328959703445e-01
2.157723493874073029e-01
2.048947662115097046e-01
2.045417800545692444e-01
1.978508345782756805e-01
1.964843813329935074e-01
2.048722282052040100e-01
1.889857910573482513e-01
2.262330073863267899e-01
2.265887968242168427e-01
3.166462276130914688e-01
2.042891494929790497e-01
1.953759826719760895e-01
2.278792597353458405e-01
2.178897317498922348e-01
2.477516662329435349e-01
2.350182663649320602e-01
1.836545430123806000e-01
2.251655925065279007e-01
2.040278334170579910e-01
2.737530097365379333e-01
2.139931023120880127e-01
2.748136185109615326e-01
2.467757370322942734e-01
2.581447567790746689e-01
2.243547439575195312e-01
1.697120349854230881e-01
2.981533817946910858e-01
1.950729135423898697e-01
2.141010500490665436e-01
2.228559069335460663e-01
1.425519585609436035e-01
3.077663946896791458e-01
2.220405470579862595e-01
2.044517453759908676e-01
1.984120476990938187e-01
2.224485632032155991e-01
1.867527477443218231e-01
1.890522986650466919e-01
2.048238124698400497e-01
1.953452322632074356e-01
2.073532044887542725e-01
2.052229195833206177e-01
2.268570438027381897e-01
2.268648613244295120e-01
1.775444000959396362e-01
3.143437318503856659e-01
2.040311116725206375e-01
1.779017727822065353e-01
2.470282129943370819e-01
1.939452122896909714e-01
2.467972971498966217e-01
1.926257479935884476e-01
2.043939195573329926e-01
2.360230460762977600e-01
2.040409222245216370e-01
2.143269497901201248e-01
2.728634700179100037e-01
3.344592489302158356e-01
2.043394558131694794e-01
2.138762678951025009e-01
3.212072625756263733e-01
2.037443891167640686e-01
1.430822443217039108e-01
1.517955195158720016e-01
1.952572520822286606e-01
2.886881809681653976e-01
2.273675631731748581e-01
2.126428354531526566e-01
1.956171821802854538e-01
2.262645885348320007e-01
1.861149016767740250e-01
2.288311347365379333e-01
2.261797860264778137e-01
2.044880911707878113e-01
1.862103715538978577e-01
1.689186841249465942e-01
1.957747917622327805e-01
1.683472767472267151e-01
3.133089859038591385e-01
2.267366927117109299e-01
1.865074262022972107e-01
1.952437870204448700e-01
1.774781253188848495e-01
3.222540300339460373e-01
2.234248425811529160e-01
2.460439652204513550e-01
2.734639756381511688e-01
2.669789958745241165e-01
1.715920176357030869e-01
3.461072202771902084e-01
2.721784766763448715e-01
2.460843436419963837e-01
2.562531996518373489e-01
2.461044527590274811e-01
2.736560702323913574e-01
2.046078946441411972e-01
2.128115370869636536e-01
2.264510970562696457e-01
2.070281282067298889e-01
1.963955704122781754e-01
2.261201236397027969e-01
2.146706897765398026e-01
1.953233312815427780e-01
1.508048027753829956e-01
2.059475835412740707e-01
2.227483708411455154e-01
1.684397235512733459e-01
2.055333536118268967e-01
2.272015307098627090e-01
2.263804133981466293e-01
1.686906125396490097e-01
1.776443887501955032e-01
1.860296465456485748e-01
2.223793175071477890e-01
2.209547664970159531e-01
2.148953527212142944e-01
1.599739082157611847e-01
2.859549485146999359e-01
1.760854478925466537e-01
2.500633019953966141e-01
1.818613540381193161e-01
3.349459487944841385e-01
2.730110827833414078e-01
1.936297770589590073e-01
2.566901184618473053e-01
2.469558417797088623e-01
2.247404661029577255e-01
2.141663506627082825e-01
1.927356384694576263e-01
1.934051364660263062e-01
2.272424120455980301e-01
2.280993107706308365e-01
3.302690424025058746e-01
2.122641429305076599e-01
2.240477483719587326e-01
2.138197496533393860e-01
1.865351404994726181e-01
2.298728879541158676e-01
1.964648235589265823e-01
1.874074731022119522e-01
1.871430575847625732e-01
2.132852282375097275e-01
2.885401248931884766e-01
2.043006885796785355e-01
1.876728124916553497e-01
2.060321159660816193e-01
1.600761692970991135e-01
1.967357806861400604e-01
1.957651115953922272e-01
1.968843620270490646e-01
2.740040961652994156e-01
1.835259590297937393e-01
1.931124962866306305e-01
2.583159562200307846e-01
1.923309434205293655e-01
2.351609319448471069e-01
2.149560078978538513e-01
2.575598340481519699e-01
2.512195706367492676e-01
1.611136458814144135e-01
1.880284082144498825e-01
2.271862402558326721e-01
1.994063463062047958e-01
2.044756915420293808e-01
1.790289599448442459e-01
2.985131349414587021e-01
2.278697378933429718e-01
2.050589807331562042e-01
1.974916774779558182e-01
1.959169656038284302e-01
1.796484608203172684e-01
2.144018188118934631e-01
1.605078689754009247e-01
2.261813636869192123e-01
1.956940088421106339e-01
1.955901198089122772e-01
1.684860326349735260e-01
1.983814500272274017e-01
1.779754217714071274e-01
1.346758082509040833e-01
2.143186200410127640e-01
2.572569828480482101e-01
2.572112698107957840e-01
1.830981653183698654e-01
2.672662287950515747e-01
2.357456907629966736e-01
2.725079730153083801e-01
2.360684052109718323e-01
3.348723780363798141e-01
2.038944382220506668e-01
2.724297419190406799e-01
2.456488572061061859e-01
2.024213746190071106e-01
2.134595047682523727e-01
1.607579756528139114e-01
3.050689082592725754e-01
1.597895827144384384e-01
1.773192286491394043e-01
1.955509986728429794e-01
1.955949813127517700e-01
1.792094931006431580e-01
1.608124431222677231e-01
1.688183974474668503e-01
2.285805586725473404e-01
2.266262769699096680e-01
1.953429654240608215e-01
2.249340694397687912e-01
1.687366496771574020e-01
3.210393618792295456e-01
1.975198630243539810e-01
1.597471311688423157e-01
2.562856804579496384e-01
2.131328098475933075e-01
2.028640676289796829e-01
2.721723336726427078e-01
2.146374005824327469e-01
2.025955114513635635e-01
2.252321001142263412e-01
3.668057676404714584e-01
3.760889954864978790e-01
2.744731269776821136e-01
2.732199449092149734e-01
1.691238023340702057e-01
1.889564096927642822e-01
1.957033574581146240e-01
1.683766487985849380e-01
2.072621937841176987e-01
2.047605495899915695e-01
1.692767664790153503e-01
2.139421235769987106e-01
1.771143283694982529e-01
1.607722714543342590e-01
1.692743729799985886e-01
1.617654357105493546e-01
1.988619416952133179e-01
2.276636566966772079e-01
2.781010381877422333e-01
2.271773591637611389e-01
2.139700260013341904e-01
1.784971952438354492e-01
1.806217730045318604e-01
2.138024568557739258e-01
1.857296433299779892e-01
2.587930969893932343e-01
2.365275211632251740e-01
2.729109134525060654e-01
2.261594459414482117e-01
1.933792531490325928e-01
1.611067820340394974e-01
1.708499602973461151e-01
2.354146409779787064e-01
2.728474028408527374e-01
1.716733407229185104e-01
1.865252722054719925e-01
1.864757575094699860e-01
1.956066656857728958e-01
1.595978811383247375e-01
1.890096124261617661e-01
1.773052643984556198e-01
1.879778951406478882e-01
1.723184529691934586e-01
2.134979069232940674e-01
1.684069447219371796e-01
1.883119847625494003e-01
3.038000389933586121e-01
2.132591679692268372e-01
1.886850241571664810e-01
2.224090229719877243e-01
1.952599268406629562e-01
1.974072605371475220e-01
3.307286277413368225e-01
1.949783079326152802e-01
2.263923119753599167e-01
2.074514869600534439e-01
2.034747302532196045e-01
2.571182642132043839e-01
2.360868249088525772e-01
2.479490563273429871e-01
2.031206320971250534e-01
2.035326045006513596e-01
2.144125159829854965e-01
2.730654068291187286e-01
2.461671549826860428e-01
2.142507117241621017e-01
2.724666837602853775e-01
1.924192439764738083e-01
1.930655445903539658e-01
2.264836356043815613e-01
1.874814555048942566e-01
2.060082238167524338e-01
1.954862624406814575e-01
2.265904508531093597e-01
2.243820354342460632e-01
1.694562751799821854e-01
1.951307300478219986e-01
2.060898169875144958e-01
2.270487565547227859e-01
2.255066633224487305e-01
2.072178162634372711e-01
1.511499006301164627e-01
1.776991058140993118e-01
1.536304187029600143e-01
1.863846071064472198e-01
2.221457567065954208e-01
1.885745357722043991e-01
2.775737866759300232e-01
2.951638381928205490e-01
1.870748717337846756e-01
2.356672100722789764e-01
2.757080122828483582e-01
2.671174835413694382e-01
2.766092680394649506e-01
2.360775042325258255e-01
1.849401500076055527e-01
2.352606542408466339e-01
2.401832304894924164e-01
2.114527504891157150e-01
1.615565493702888489e-01
1.780260056257247925e-01
1.900534983724355698e-01
1.869870424270629883e-01
1.783178299665451050e-01
2.144381999969482422e-01
2.143848743289709091e-01
2.285740915685892105e-01
1.871937699615955353e-01
1.869120486080646515e-01
1.949379295110702515e-01
1.903616376221179962e-01
1.511288695037364960e-01
2.038761749863624573e-01
1.958861164748668671e-01
3.386461082845926285e-01
2.261265087872743607e-01
1.955325454473495483e-01
1.597703807055950165e-01
2.262656558305025101e-01
1.513498313724994659e-01
2.050770930945873260e-01
1.695492025464773178e-01
2.130545414984226227e-01
1.976204216480255127e-01
3.362736385315656662e-01
2.674882616847753525e-01
2.570730186998844147e-01
2.683651745319366455e-01
2.683788482099771500e-01
2.579655107110738754e-01
2.471859361976385117e-01
2.152561098337173462e-01
2.581555955111980438e-01
2.352374270558357239e-01
2.583802882581949234e-01
1.960090752691030502e-01
1.776528246700763702e-01
2.274252045899629593e-01
2.311733886599540710e-01
1.964721716940402985e-01
2.047025337815284729e-01
1.976104509085416794e-01
1.961427740752696991e-01
1.604315005242824554e-01
1.899446193128824234e-01
1.773015689104795456e-01
2.217568922787904739e-01
2.232031878083944321e-01
1.858069784939289093e-01
2.126601096242666245e-01
2.039934545755386353e-01
1.951806209981441498e-01
2.044052723795175552e-01
1.984206978231668472e-01
2.051529791206121445e-01
3.556212000548839569e-01
2.735014148056507111e-01
2.243864480406045914e-01
2.148818355053663254e-01
2.742347121238708496e-01
2.248231489211320877e-01
2.249694336205720901e-01
3.246878460049629211e-01
2.035987097769975662e-01
2.464321963489055634e-01
2.259847670793533325e-01
2.352609205991029739e-01
2.270698640495538712e-01
2.271548043936491013e-01
2.217141818255186081e-01
1.861935667693614960e-01
2.126921750605106354e-01
1.775933448225259781e-01
2.262986116111278534e-01
1.952086165547370911e-01
2.150915879756212234e-01
2.133395783603191376e-01
2.133596017956733704e-01
1.537555381655693054e-01
1.951946225017309189e-01
2.229953836649656296e-01
2.247736304998397827e-01
2.264670152217149734e-01
2.125313784927129745e-01
1.436391938477754593e-01
2.273513395339250565e-01
3.049314226955175400e-01
2.267307359725236893e-01
2.324879802763462067e-01
3.357588164508342743e-01
2.466569300740957260e-01
2.574510015547275543e-01
2.729630898684263229e-01
2.366343569010496140e-01
2.679000329226255417e-01
2.146096061915159225e-01
2.688910122960805893e-01
2.676959075033664703e-01
2.357830777764320374e-01
2.470493633300065994e-01
1.619312539696693420e-01
2.222152873873710632e-01
2.037656418979167938e-01
2.289640326052904129e-01
1.871435157954692841e-01
1.788623780012130737e-01
1.787020303308963776e-01
1.691209319978952408e-01
2.281572297215461731e-01
2.038239948451519012e-01
1.423268038779497147e-01
2.159426286816596985e-01
2.041601855307817459e-01
1.601216737180948257e-01
2.278151679784059525e-01
2.127212993800640106e-01
1.594510339200496674e-01
2.260953374207019806e-01
2.639603652060031891e-01
2.344414386898279190e-01
2.448031771928071976e-01
2.237473502755165100e-01
2.251505106687545776e-01
2.671750262379646301e-01
2.142588943243026733e-01
2.345760893076658249e-01
2.345755975693464279e-01
3.765256162732839584e-01
2.034350950270891190e-01
2.246510908007621765e-01
2.402060106396675110e-01
3.126511350274085999e-01
1.863221935927867889e-01
1.947196125984191895e-01
1.507463995367288589e-01
1.795075014233589172e-01
1.856590099632740021e-01
1.687430925667285919e-01
1.686607096344232559e-01
1.855619326233863831e-01
2.032862715423107147e-01
1.705902013927698135e-01
1.600728873163461685e-01
2.266317103058099747e-01
1.945017427206039429e-01
2.721263524144887924e-01
2.736167479306459427e-01
2.356976103037595749e-01
2.569837681949138641e-01
2.132420409470796585e-01
1.922248639166355133e-01
2.033032327890396118e-01
2.136343121528625488e-01
3.453966099768877029e-01
2.359985616058111191e-01
2.562246099114418030e-01
2.034986950457096100e-01
1.912154760211706161e-01
3.640348259359598160e-01
1.871666107326745987e-01
1.860345732420682907e-01
2.039288152009248734e-01
2.210791315883398056e-01
2.267565838992595673e-01
2.126890812069177628e-01
2.116598393768072128e-01
1.596626117825508118e-01
1.693358533084392548e-01
2.877225074917078018e-01
2.037385962903499603e-01
1.612821742892265320e-01
2.150248251855373383e-01
2.674115933477878571e-01
2.453333530575037003e-01
2.042680941522121429e-01
2.140650767832994461e-01
3.656463380903005600e-01
2.240689340978860855e-01
2.457583807408809662e-01
2.571290601044893265e-01
2.026361823081970215e-01
2.566694822162389755e-01
2.465590499341487885e-01
2.346729785203933716e-01
2.863184046000242233e-01
2.958106845617294312e-01
1.869942750781774521e-01
1.865263432264328003e-01
2.894188407808542252e-01
1.953787673264741898e-01
1.702794395387172699e-01
1.793055273592472076e-01
1.956465449184179306e-01
2.266671117395162582e-01
1.893882807344198227e-01
1.963510494679212570e-01
1.961212549358606339e-01
2.043010760098695755e-01
2.137536294758319855e-01
2.059252429753541946e-01
1.865413691848516464e-01
2.221688032150268555e-01
1.984331812709569931e-01
1.874820012599229813e-01
1.965136043727397919e-01
2.891433406621217728e-01
1.871427092701196671e-01
1.794259957969188690e-01
2.573378216475248337e-01
1.729464866220951080e-01
2.136453296989202499e-01
2.571483906358480453e-01
2.463810686022043228e-01
2.344048172235488892e-01
2.141556143760681152e-01
2.342507857829332352e-01
2.566164415329694748e-01
2.137974817305803299e-01
2.039336301386356354e-01
1.938893906772136688e-01
1.752639077603816986e-01
1.860660947859287262e-01
3.216663859784603119e-01
1.955451034009456635e-01
1.863150559365749359e-01
2.263574823737144470e-01
2.056861221790313721e-01
2.207110021263360977e-01
2.046448849141597748e-01
2.040644884109497070e-01
1.594904270023107529e-01
2.128239423036575317e-01
2.262194361537694931e-01
1.596945095807313919e-01
1.694948822259902954e-01
2.150350622832775116e-01
1.860735397785902023e-01
3.035262934863567352e-01
3.062038924545049667e-01
2.239528167992830276e-01
2.131329588592052460e-01
2.729727625846862793e-01
3.448154348880052567e-01
2.351919449865818024e-01
2.030477505177259445e-01
1.924955528229475021e-01
3.761096522212028503e-01
2.253522500395774841e-01
2.574203498661518097e-01
1.927478481084108353e-01
2.458389811217784882e-01
2.563695162534713745e-01
1.514858230948448181e-01
1.779021024703979492e-01
2.263389267027378082e-01
1.604544837027788162e-01
1.784747019410133362e-01
1.617345549166202545e-01
2.077073361724615097e-01
2.281709127128124237e-01
2.049529291689395905e-01
2.301365900784730911e-01
1.519282404333353043e-01
2.062784694135189056e-01
1.775923650711774826e-01
2.788822371512651443e-01
1.597366444766521454e-01
2.206080593168735504e-01
2.251276057213544846e-01
2.046152129769325256e-01
2.253655977547168732e-01
2.250074427574872971e-01
2.038067243993282318e-01
2.467743828892707825e-01
2.730900086462497711e-01
1.818875148892402649e-01
2.362158279865980148e-01
2.139726318418979645e-01
3.658520560711622238e-01
2.013568039983510971e-01
2.038767896592617035e-01
2.211395893245935440e-01
2.275692187249660492e-01
2.034490276128053665e-01
1.952020470052957535e-01
2.140198741108179092e-01
2.257390003651380539e-01
2.262935470789670944e-01
1.706617176532745361e-01
1.776391770690679550e-01
1.769313104450702667e-01
1.597073096781969070e-01
2.134864572435617447e-01
1.959193479269742966e-01
2.211297191679477692e-01
1.858707703649997711e-01
2.058559656143188477e-01
1.249488592147827148e-01
1.950138658285140991e-01
2.142426129430532455e-01
2.350267954170703888e-01
2.671924605965614319e-01
2.681270092725753784e-01
2.454372830688953400e-01
2.469626143574714661e-01
2.256825044751167297e-01
2.137261554598808289e-01
2.035311479121446609e-01
2.458752337843179703e-01
2.465722616761922836e-01
2.665275316685438156e-01
2.166449576616287231e-01
1.775857191532850266e-01
2.037367131561040878e-01
2.267144620418548584e-01
2.140584085136651993e-01
1.871509216725826263e-01
2.040357571095228195e-01
2.131878901273012161e-01
2.052883803844451904e-01
2.052692901343107224e-01
2.232003211975097656e-01
1.779214534908533096e-01
2.276927512139081955e-01
1.690586246550083160e-01
2.264314331114292145e-01
2.283417433500289917e-01
2.148125097155570984e-01
2.256685383617877960e-01
2.212812453508377075e-01
1.510335821658372879e-01
1.695057936012744904e-01
1.605272740125656128e-01
2.039167974144220352e-01
2.296279370784759521e-01
2.726002540439367294e-01
1.820362936705350876e-01
2.025309540331363678e-01
2.562435921281576157e-01
2.676581777632236481e-01
2.376185394823551178e-01
2.258205059915781021e-01
1.942484769970178604e-01
2.249993216246366501e-01
2.346799764782190323e-01
1.859860084950923920e-01
2.296749334782361984e-01
2.262187059968709946e-01
1.953107211738824844e-01
2.260531093925237656e-01
1.779189910739660263e-01
2.127602361142635345e-01
1.897033080458641052e-01
2.213660851120948792e-01
1.422620471566915512e-01
1.977905444800853729e-01
1.688622850924730301e-01
1.951733771711587906e-01
2.136419843882322311e-01
2.129800058901309967e-01
1.601670607924461365e-01
1.961064841598272324e-01
1.791290156543254852e-01
2.286138050258159637e-01
3.657792620360851288e-01
2.444171812385320663e-01
1.615454535931348801e-01
2.243120539933443069e-01
2.468438465148210526e-01
2.243181597441434860e-01
2.243700176477432251e-01
2.470744345337152481e-01
2.041379846632480621e-01
2.242163531482219696e-01
2.141775023192167282e-01
1.957648247480392456e-01
1.951885949820280075e-01
2.220197375863790512e-01
2.223877031356096268e-01
2.132385261356830597e-01
2.958267908543348312e-01
1.786880921572446823e-01
2.052695471793413162e-01
2.044548429548740387e-01
1.858698166906833649e-01
1.596930921077728271e-01
2.291145250201225281e-01
2.228974942117929459e-01
2.049810625612735748e-01
1.952367909252643585e-01
1.864842213690280914e-01
2.291509900242090225e-01
3.124685250222682953e-01
1.867382768541574478e-01
2.246170975267887115e-01
1.953975837677717209e-01
2.734982445836067200e-01
2.681012451648712158e-01
2.359902132302522659e-01
2.760719731450080872e-01
2.248751409351825714e-01
2.725543715059757233e-01
1.717845760285854340e-01
2.275739423930644989e-01
2.359444312751293182e-01
2.454441580921411514e-01
2.573736459016799927e-01
2.049853466451168060e-01
1.872229017317295074e-01
2.136737741529941559e-01
1.874711737036705017e-01
1.781124398112297058e-01
2.124122921377420425e-01
1.966630667448043823e-01
2.043703570961952209e-01
2.270607594400644302e-01
2.286655791103839874e-01
2.290605138987302780e-01
2.134707737714052200e-01
1.880654711276292801e-01
1.945371963083744049e-01
2.255843020975589752e-01
1.613796949386596680e-01
2.279588710516691208e-01
1.870251540094614029e-01
2.659774888306856155e-01
2.245794497430324554e-01
2.687089629471302032e-01
2.562624812126159668e-01
1.944346129894256592e-01
2.733917534351348877e-01
2.049617655575275421e-01
2.145622447133064270e-01
2.734665237367153168e-01
1.824425794184207916e-01
2.554793972522020340e-01
2.144251577556133270e-01
1.898042242974042892e-01
1.685453243553638458e-01
2.219923008233308792e-01
2.287623286247253418e-01
1.680678687989711761e-01
2.952846363186836243e-01
1.986279953271150589e-01
1.688510291278362274e-01
1.685034278780221939e-01
1.252890434116125107e-01
3.123805448412895203e-01
1.699145697057247162e-01
2.258941810578107834e-01
2.261387091130018234e-01
2.139228917658329010e-01
1.693179681897163391e-01
2.220097985118627548e-01
2.062251493334770203e-01
1.872943341732025146e-01
2.138702161610126495e-01
1.801761016249656677e-01
1.860555056482553482e-01
2.946338187903165817e-01
3.382140733301639557e-01
1.728150974959135056e-01
2.373282033950090408e-01
2.355301193892955780e-01
2.137639299035072327e-01
2.046451009809970856e-01
2.348403874784708023e-01
3.652533963322639465e-01
2.249792758375406265e-01
4.089811574667692184e-01
2.669830340892076492e-01
2.234190497547388077e-01
1.603472642600536346e-01
1.776669640094041824e-01
1.708489172160625458e-01
1.607318557798862457e-01
2.225890886038541794e-01
1.600721180438995361e-01
2.270033527165651321e-01
1.955177504569292068e-01
1.966620869934558868e-01
1.509248558431863785e-01
2.270697802305221558e-01
1.932763382792472839e-01
1.789423357695341110e-01
2.271576542407274246e-01
1.957804225385189056e-01
2.231451813131570816e-01
2.040337566286325455e-01
1.599234528839588165e-01
1.776558887213468552e-01
2.156109623610973358e-01
2.260898910462856293e-01
2.142669893801212311e-01
2.352247219532728195e-01
3.347761761397123337e-01
1.816217135637998581e-01
2.137226723134517670e-01
2.726793047040700912e-01
2.241516280919313431e-01
2.138623613864183426e-01
3.456749748438596725e-01
2.467259354889392853e-01
2.140022777020931244e-01
1.863289196044206619e-01
2.211260534822940826e-01
1.866412535309791565e-01
2.288496308028697968e-01
3.036573287099599838e-01
2.218328453600406647e-01
2.219066768884658813e-01
1.862743534147739410e-01
1.684663929045200348e-01
1.601443290710449219e-01
3.040524516254663467e-01
1.433871220797300339e-01
1.969254147261381149e-01
1.964791230857372284e-01
2.263827063143253326e-01
1.598125547170639038e-01
2.782711833715438843e-01
1.861964669078588486e-01
2.273512966930866241e-01
2.040584590286016464e-01
3.037841301411390305e-01
2.647440470755100250e-01
2.693194746971130371e-01
2.243998274207115173e-01
2.473828308284282684e-01
3.466957118362188339e-01
2.736023850739002228e-01
2.252768874168395996e-01
1.937073431909084320e-01
2.719342168420553207e-01
2.144290190190076828e-01
2.152260597795248032e-01
2.279295064508914948e-01
1.697435267269611359e-01
2.056152094155550003e-01
1.804055385291576385e-01
2.065081037580966949e-01
1.861174236983060837e-01
2.286245897412300110e-01
1.872746534645557404e-01
2.066331151872873306e-01
1.715126540511846542e-01
2.152747083455324173e-01
1.963054127991199493e-01
2.066275440156459808e-01
1.605668235570192337e-01
2.261236794292926788e-01
2.270021922886371613e-01
1.927939802408218384e-01
2.730491776019334793e-01
1.615455877035856247e-01
2.353492863476276398e-01
2.356515284627676010e-01
2.239467836916446686e-01
2.143925279378890991e-01
2.568414807319641113e-01
2.150500044226646423e-01
2.742668557912111282e-01
1.834066156297922134e-01
2.251663915812969208e-01
1.784799750894308090e-01
2.219057306647300720e-01
2.154525369405746460e-01
2.273459658026695251e-01
2.043469790369272232e-01
1.725810654461383820e-01
1.516393572092056274e-01
2.047785278409719467e-01
2.151111345738172531e-01
2.232031375169754028e-01
1.961696613579988480e-01
3.083970602601766586e-01
1.874637231230735779e-01
3.061053510755300522e-01
2.152626980096101761e-01
2.224289868026971817e-01
2.645073663443326950e-01
2.472777478396892548e-01
2.474371753633022308e-01
2.733961883932352066e-01
3.450690265744924545e-01
2.684264965355396271e-01
2.353954296559095383e-01
2.608139459043741226e-01
2.254504114389419556e-01
2.741842959076166153e-01
1.937504690140485764e-01
3.463766369968652725e-01
1.633421946316957474e-01
1.778861843049526215e-01
1.787603665143251419e-01
1.974527016282081604e-01
1.806607749313116074e-01
1.606313865631818771e-01
2.292436398565769196e-01
2.221708148717880249e-01
1.790059469640254974e-01
2.168065514415502548e-01
1.627428326755762100e-01
1.954160016030073166e-01
2.174956277012825012e-01
2.237865105271339417e-01
1.437153853476047516e-01
2.069455366581678391e-01
2.273696567863225937e-01
2.056091669946908951e-01
1.532924044877290726e-01
2.275861799716949463e-01
2.389078922569751740e-01
2.094266787171363831e-01
2.688326034694910049e-01
2.731809709221124649e-01
2.482714429497718811e-01
2.741590719670057297e-01
2.706495225429534912e-01
1.728502903133630753e-01
2.250689864158630371e-01
2.739028315991163254e-01
2.734511755406856537e-01
2.572013717144727707e-01
2.214345932006835938e-01
2.135664019733667374e-01
1.877024304121732712e-01
1.866418458521366119e-01
1.971724070608615875e-01
2.049796432256698608e-01
1.783549711108207703e-01
2.261590268462896347e-01
1.789981592446565628e-01
3.036487102508544922e-01
1.777015924453735352e-01
2.290870267897844315e-01
2.155927512794733047e-01
2.129611391574144363e-01
1.690294556319713593e-01
2.277005445212125778e-01
1.875762492418289185e-01
1.782683003693819046e-01
1.703926101326942444e-01
1.787495799362659454e-01
1.948838811367750168e-01
2.589377444237470627e-01
2.142957113683223724e-01
2.244577612727880478e-01
2.739268150180578232e-01
2.362995222210884094e-01
2.566671613603830338e-01
2.263965439051389694e-01
2.469803765416145325e-01
2.149015907198190689e-01
2.578154057264328003e-01
1.728662177920341492e-01
2.469446994364261627e-01
2.298084273934364319e-01
1.981030926108360291e-01
1.671826019883155823e-01
2.281121630221605301e-01
2.054633852094411850e-01
2.133227214217185974e-01
1.956235524266958237e-01
1.697929352521896362e-01
2.280167024582624435e-01
1.957302670925855637e-01
2.269318904727697372e-01
2.799087334424257278e-01
2.137617915868759155e-01
2.265711929649114609e-01
2.145832628011703491e-01
1.968750581145286560e-01
1.515483409166336060e-01
1.800756808370351791e-01
1.960425097495317459e-01
2.563641164451837540e-01
1.883920319378376007e-01
2.339806910604238510e-01
2.259171735495328903e-01
2.142859343439340591e-01
2.577588669955730438e-01
2.745522279292345047e-01
2.047173883765935898e-01
2.355078514665365219e-01
2.724988274276256561e-01
1.951686479151248932e-01
1.787418853491544724e-01
2.219190504401922226e-01
2.271023634821176529e-01
1.631966214627027512e-01
2.051886189728975296e-01
1.955188512802124023e-01
1.631403900682926178e-01
1.888305153697729111e-01
2.054771706461906433e-01
3.158870749175548553e-01
1.695212163031101227e-01
1.685914471745491028e-01
2.068833149969577789e-01
2.787251267582178116e-01
2.133354414254426956e-01
2.067295517772436142e-01
2.674404308199882507e-01
2.577263116836547852e-01
2.459825910627841949e-01
2.034092992544174194e-01
2.679939959198236465e-01
2.263583000749349594e-01
2.571863587945699692e-01
2.034476269036531448e-01
2.036540322005748749e-01
2.570785731077194214e-01
1.717605255544185638e-01
2.325256150215864182e-01
2.794098705053329468e-01
2.268304899334907532e-01
2.863695379346609116e-01
2.260534968227148056e-01
2.288130670785903931e-01
2.219244316220283508e-01
2.121919058263301849e-01
1.960182320326566696e-01
1.958677321672439575e-01
1.861116811633110046e-01
1.804133988916873932e-01
2.268521916121244431e-01
2.044035084545612335e-01
2.291253749281167984e-01
1.772866453975439072e-01
2.259346880018711090e-01
2.309193834662437439e-01
2.271760329604148865e-01
2.381472792476415634e-01
2.285302300006151199e-01
2.729557398706674576e-01
2.569489832967519760e-01
1.611503977328538895e-01
2.034249398857355118e-01
2.566141653805971146e-01
2.040613945573568344e-01
2.159307561814785004e-01
1.693191695958375931e-01
2.720882743597030640e-01
2.233803197741508484e-01
3.314211573451757431e-01
1.719009540975093842e-01
2.138003502041101456e-01
1.784935127943754196e-01
2.229274138808250427e-01
2.056782096624374390e-01
2.162214741110801697e-01
2.272885534912347794e-01
1.783381830900907516e-01
1.697925291955471039e-01
1.955474596470594406e-01
1.878566741943359375e-01
3.161231204867362976e-01
2.185951601713895798e-01
2.178960833698511124e-01
2.598669994622468948e-01
2.257034387439489365e-01
2.361733485013246536e-01
1.722271963953971863e-01
3.466260582208633423e-01
2.251862790435552597e-01
4.090737402439117432e-01
2.749038729816675186e-01
2.733820825815200806e-01
2.677683215588331223e-01
1.983525343239307404e-01
2.284293603152036667e-01
2.050958499312400818e-01
1.803233027458190918e-01
1.870680209249258041e-01
2.278855219483375549e-01
1.811118889600038528e-01
1.878172326833009720e-01
1.628050357103347778e-01
2.131835501641035080e-01
2.962149661034345627e-01
1.962000615894794464e-01
2.272123675793409348e-01
1.521456893533468246e-01
1.892815399914979935e-01
1.605724710971117020e-01
1.962710805237293243e-01
1.954291667789220810e-01
2.137564662843942642e-01
1.539241578429937363e-01
2.230906821787357330e-01
1.701492443680763245e-01
2.239816114306449890e-01
1.694007739424705505e-01
3.785990718752145767e-01
2.252493556588888168e-01
2.737764753401279449e-01
4.290555957704782486e-01
2.468914631754159927e-01
3.562086708843708038e-01
2.253653872758150101e-01
2.154378741979598999e-01
2.727461680769920349e-01
1.944011244922876358e-01
1.942228935658931732e-01
2.153312824666500092e-01
2.273815236985683441e-01
2.895476706326007843e-01
1.604524869471788406e-01
1.952461972832679749e-01
2.236252427101135254e-01
2.277998887002468109e-01
3.224483765661716461e-01
1.713705342262983322e-01
1.696695555001497269e-01
2.265079692006111145e-01
1.889497414231300354e-01
1.873013731092214584e-01
1.869484838098287582e-01
1.957713402807712555e-01
2.049341518431901932e-01
2.291397042572498322e-01
1.812307406216859818e-01
1.610096693038940430e-01
1.960224229842424393e-01
2.896904945373535156e-01
1.959257088601589203e-01
1.783347558230161667e-01
2.060536053031682968e-01
2.031694967299699783e-01
3.561451956629753113e-01
2.572431154549121857e-01
2.671640701591968536e-01
1.925960145890712738e-01
3.870582915842533112e-01
2.450936269015073776e-01
2.689476367086172104e-01
2.153893318027257919e-01
1.930306460708379745e-01
1.822609864175319672e-01
2.152325082570314407e-01
2.148734778165817261e-01
1.867996435612440109e-01
2.785838749259710312e-01
2.144050411880016327e-01
2.284713853150606155e-01
2.338215503841638565e-01
2.134053502231836319e-01
1.958727277815341949e-01
2.874865680932998657e-01
1.775975860655307770e-01
2.256573215126991272e-01
2.137330994009971619e-01
1.613655854016542435e-01
2.390004992485046387e-01
2.472311258316040039e-01
2.458515819162130356e-01
2.750649526715278625e-01
1.817289646714925766e-01
2.136025689542293549e-01
2.737516462802886963e-01
2.350721154361963272e-01
2.581341862678527832e-01
2.731365971267223358e-01
2.566576674580574036e-01
2.465873658657073975e-01
2.054362874478101730e-01
1.508069336414337158e-01
2.139918431639671326e-01
1.724229529500007629e-01
2.266806326806545258e-01
2.049102634191513062e-01
2.257317695766687393e-01
2.137237899005413055e-01
1.522024758160114288e-01
1.714275702834129333e-01
1.609628777951002121e-01
2.868077419698238373e-01
2.274945434182882309e-01
1.863425131887197495e-01
1.877891849726438522e-01
2.071592099964618683e-01
1.692200079560279846e-01
1.956136617809534073e-01
2.362066917121410370e-01
1.932134646922349930e-01
2.749160043895244598e-01
1.719248164445161819e-01
2.140338923782110214e-01
2.045990414917469025e-01
2.460014708340167999e-01
2.675354648381471634e-01
2.144039198756217957e-01
2.566692624241113663e-01
2.246091514825820923e-01
2.676646448671817780e-01
1.610869690775871277e-01
2.162084430456161499e-01
2.054414488375186920e-01
1.604151483625173569e-01
1.719598714262247086e-01
1.785926688462495804e-01
1.788285989314317703e-01
1.780546549707651138e-01
2.269419282674789429e-01
1.697376910597085953e-01
2.266522087156772614e-01
1.957489643245935440e-01
2.992486245930194855e-01
1.876547951251268387e-01
1.863190885633230209e-01
2.277564164251089096e-01
2.046078052371740341e-01
2.265385985374450684e-01
2.146489731967449188e-01
2.227524518966674805e-01
1.511449385434389114e-01
2.047257442027330399e-01
1.605216432362794876e-01
2.148506771773099899e-01
3.766468558460474014e-01
2.040302995592355728e-01
2.468683011829853058e-01
2.149480972439050674e-01
1.926426496356725693e-01
2.463487517088651657e-01
2.461173832416534424e-01
2.464334946125745773e-01
2.573179043829441071e-01
2.249840945005416870e-01
2.741930745542049408e-01
1.946335230022668839e-01
2.293500341475009918e-01
1.692245583981275558e-01
2.148402333259582520e-01
1.958508007228374481e-01
2.050785627216100693e-01
1.512790508568286896e-01
1.968995612114667892e-01
1.957817506045103073e-01
2.043445315212011337e-01
2.048658952116966248e-01
2.267448231577873230e-01
2.146940790116786957e-01
2.137534376233816147e-01
1.951915901154279709e-01
2.781656645238399506e-01
1.972909495234489441e-01
1.960082408040761948e-01
1.606293097138404846e-01
1.628862041980028152e-01
2.044122796505689621e-01
1.952506005764007568e-01
1.877512037754058838e-01
1.828783713281154633e-01
2.035495582967996597e-01
2.677674274891614914e-01
3.558495584875345230e-01
2.564394194632768631e-01
2.359299995005130768e-01
2.047892380505800247e-01
2.468587215989828110e-01
2.370961364358663559e-01
2.489062231034040451e-01
2.371114473789930344e-01
2.781379725784063339e-01
1.512902863323688507e-01
2.198559902608394623e-01
1.865486092865467072e-01
1.887850519269704819e-01
1.684258859604597092e-01
1.694746278226375580e-01
2.291185073554515839e-01
3.208580836653709412e-01
2.055459190160036087e-01
2.128410097211599350e-01
2.040296327322721481e-01
1.773201450705528259e-01
1.695014517754316330e-01
1.779964920133352280e-01
1.772983297705650330e-01
2.060612663626670837e-01
1.421688646078109741e-01
1.785290874540805817e-01
1.970711648464202881e-01
2.041581161320209503e-01
2.736127711832523346e-01
2.143869530409574509e-01
2.731905952095985413e-01
2.240919116884469986e-01
2.136504072695970535e-01
2.574159204959869385e-01
2.358282376080751419e-01
2.251054402440786362e-01
1.928833704441785812e-01
1.934614442288875580e-01
2.459642104804515839e-01
1.908907275646924973e-01
2.133259922266006470e-01
1.697877813130617142e-01
1.814402043819427490e-01
1.969087198376655579e-01
3.048917781561613083e-01
1.983035504817962646e-01
2.274022884666919708e-01
1.609330214560031891e-01
2.158785276114940643e-01
1.606713701039552689e-01
1.951494850218296051e-01
1.888162661343812943e-01
2.260481938719749451e-01
2.701693270355463028e-01
2.286598198115825653e-01
2.269320525228977203e-01
1.693477369844913483e-01
2.264987435191869736e-01
2.130844797939062119e-01
2.295029405504465103e-01
1.871456503868103027e-01
2.250509411096572876e-01
2.038265541195869446e-01
2.363327220082283020e-01
2.736344486474990845e-01
2.356492020189762115e-01
2.244939915835857391e-01
2.719515487551689148e-01
2.569042332470417023e-01
2.248333301395177841e-01
1.925161741673946381e-01
3.351175747811794281e-01
2.575772572308778763e-01
1.779003273695707321e-01
1.543422229588031769e-01
2.224020604044198990e-01
2.043140921741724014e-01
2.261160742491483688e-01
1.969715449959039688e-01
1.806624308228492737e-01
2.135306876152753830e-01
1.710542980581521988e-01
2.078541796654462814e-01
2.043654136359691620e-01
1.602639183402061462e-01
1.960600670427083969e-01
1.598494201898574829e-01
2.053906265646219254e-01
2.237782441079616547e-01
1.689799446612596512e-01
1.599927451461553574e-01
2.298960480839014053e-01
1.962335128337144852e-01
1.963250264525413513e-01
2.064251508563756943e-01
3.888954445719718933e-01
2.681343723088502884e-01
2.754791267216205597e-01
2.673962768167257309e-01
2.470363881438970566e-01
2.365470044314861298e-01
2.356734592467546463e-01
3.794150650501251221e-01
2.159937806427478790e-01
2.731193751096725464e-01
2.363733258098363876e-01
1.933403853327035904e-01
2.062028646469116211e-01
1.780787874013185501e-01
2.132581137120723724e-01
1.788555439561605453e-01
2.271075733006000519e-01
1.952988673001527786e-01
1.700460910797119141e-01
1.959585957229137421e-01
2.911254409700632095e-01
1.867986638098955154e-01
2.136674504727125168e-01
1.786856409162282944e-01
1.971604675054550171e-01
2.133986651897430420e-01
1.875585764646530151e-01
1.782743036746978760e-01
2.345003262162208557e-01
2.281156554818153381e-01
2.137104589492082596e-01
2.254743501543998718e-01
2.570916246622800827e-01
2.677330449223518372e-01
2.732777427881956100e-01
2.668602019548416138e-01
2.037679851055145264e-01
2.688210271298885345e-01
1.933726277202367783e-01
2.460121642798185349e-01
3.452442586421966553e-01
1.963525526225566864e-01
1.775721292942762375e-01
1.700412146747112274e-01
1.424472928047180176e-01
2.287492342293262482e-01
2.134412005543708801e-01
2.046039421111345291e-01
1.865480151027441025e-01
1.522724851965904236e-01
2.256400156766176224e-01
2.067816462367773056e-01
2.263658866286277771e-01
1.603525001555681229e-01
1.723093893378973007e-01
1.692916918545961380e-01
3.036292456090450287e-01
1.978636793792247772e-01
1.959084197878837585e-01
2.137356717139482498e-01
1.980974227190017700e-01
2.053103968501091003e-01
2.300375308841466904e-01
2.486921269446611404e-01
2.394405826926231384e-01
1.922758575528860092e-01
2.355403471738100052e-01
2.243149429559707642e-01
2.556719854474067688e-01
2.556931450963020325e-01
2.146277781575918198e-01
2.571272030472755432e-01
2.139503732323646545e-01
2.467517014592885971e-01
2.731294725090265274e-01
2.263113781809806824e-01
1.783101819455623627e-01
1.599503289908170700e-01
2.255617622286081314e-01
2.270301673561334610e-01
2.227513380348682404e-01
1.681412346661090851e-01
2.130663543939590454e-01
1.783700622618198395e-01
3.159402534365653992e-01
1.967826355248689651e-01
2.224447168409824371e-01
1.684910729527473450e-01
2.041325233876705170e-01
2.084505837410688400e-01
2.263349555432796478e-01
2.155733909457921982e-01
2.566074822098016739e-01
3.561587110161781311e-01
2.731309663504362106e-01
2.354668192565441132e-01
2.672493401914834976e-01
2.447812259197235107e-01
2.454604133963584900e-01
3.545733802020549774e-01
2.575886510312557220e-01
2.567597571760416031e-01
2.954504638910293579e-01
1.965407095849514008e-01
2.153546102344989777e-01
1.950871106237173080e-01
2.136204838752746582e-01
1.805917397141456604e-01
1.783574484288692474e-01
1.951247230172157288e-01
2.283145617693662643e-01
1.952017657458782196e-01
2.042671758681535721e-01
2.161322217434644699e-01
1.697356868535280228e-01
2.284040730446577072e-01
2.165547087788581848e-01
2.271164171397686005e-01
2.036028467118740082e-01
2.050879355520009995e-01
2.497319038957357407e-01
3.359499424695968628e-01
2.477315906435251236e-01
1.942913308739662170e-01
1.934422925114631653e-01
1.944297198206186295e-01
2.435263004153966904e-01
1.927647832781076431e-01
2.363652661442756653e-01
2.670305166393518448e-01
2.136138454079627991e-01
2.726445402950048447e-01
2.138161901384592056e-01
2.358254306018352509e-01
1.965018492192029953e-01
2.270117886364459991e-01
1.774866320192813873e-01
1.867243386805057526e-01
2.141426429152488708e-01
3.501678314059972763e-01
1.866198983043432236e-01
2.961891014128923416e-01
2.261832598596811295e-01
1.526896040886640549e-01
1.958251260221004486e-01
1.720048282295465469e-01
1.608450245112180710e-01
1.782834138721227646e-01
2.290396839380264282e-01
2.739364486187696457e-01
2.149890363216400146e-01
2.743566352874040604e-01
2.736804317682981491e-01
2.459279317408800125e-01
2.152435276657342911e-01
4.090591911226511002e-01
1.824815254658460617e-01
2.560654040426015854e-01
2.034154590219259262e-01
2.720924485474824905e-01
2.141781132668256760e-01
1.639769487082958221e-01
2.043500076979398727e-01
2.131493333727121353e-01
1.604618728160858154e-01
1.598569639027118683e-01
2.124610319733619690e-01
2.134422753006219864e-01
2.075468655675649643e-01
2.878017984330654144e-01
2.126352712512016296e-01
3.298324104398488998e-01
2.280878089368343353e-01
1.957947816699743271e-01
2.226025275886058807e-01
2.157132886350154877e-01
2.253889422863721848e-01
2.777407784014940262e-01
1.601099800318479538e-01
2.041207198053598404e-01
1.956502441316843033e-01
2.058333326131105423e-01
1.952951848506927490e-01
1.946669854223728180e-01
3.209758680313825607e-01
2.555268742144107819e-01
2.724087871611118317e-01
2.243212163448333740e-01
2.728002369403839111e-01
2.720477152615785599e-01
2.022483274340629578e-01
2.034182194620370865e-01
2.242338750511407852e-01
2.559381593018770218e-01
2.728213276714086533e-01
2.278126850724220276e-01
2.135327421128749847e-01
1.972868815064430237e-01
1.693797260522842407e-01
2.273277118802070618e-01
2.056489773094654083e-01
2.271687183529138565e-01
2.044176533818244934e-01
1.689798757433891296e-01
1.858783662319183350e-01
2.260418627411127090e-01
2.133675236254930496e-01
1.688329372555017471e-01
1.898964010179042816e-01
1.871504206210374832e-01
1.776447407901287079e-01
1.984853837639093399e-01
2.451332677155733109e-01
2.129161935299634933e-01
2.251949701458215714e-01
3.978943414986133575e-01
2.361519485712051392e-01
1.819068882614374161e-01
2.368604242801666260e-01
2.725390940904617310e-01
2.735224775969982147e-01
2.298232354223728180e-01
1.870652921497821808e-01
1.776297595351934433e-01
2.252851016819477081e-01
2.125741448253393173e-01
1.609337646514177322e-01
1.423248481005430222e-01
2.258228454738855362e-01
2.041785381734371185e-01
1.785867866128683090e-01
2.262673638761043549e-01
2.296905927360057831e-01
2.223082929849624634e-01
1.961937565356492996e-01
2.144392803311347961e-01
2.045416627079248428e-01
1.758361384272575378e-01
1.871318370103836060e-01
1.339113749563694000e-01
1.717272978276014328e-01
2.259103637188673019e-01
1.802355125546455383e-01
1.982586830854415894e-01
2.872734628617763519e-01
2.369291484355926514e-01
2.744660768657922745e-01
2.037044391036033630e-01
2.142050135880708694e-01
2.245805673301219940e-01
2.570729367434978485e-01
2.729816082864999771e-01
2.674885634332895279e-01
2.720713056623935699e-01
2.723556049168109894e-01
3.350865114480257034e-01
2.449781130999326706e-01
2.599136494100093842e-01
2.699452042579650879e-01
2.274464275687932968e-01
2.141405120491981506e-01
1.783404778689146042e-01
2.047344632446765900e-01
1.796449720859527588e-01
1.870751995593309402e-01
2.217175606638193130e-01
1.777331084012985229e-01
1.686959005892276764e-01
1.891288068145513535e-01
2.046631108969449997e-01
1.955420989543199539e-01
1.795919742435216904e-01
1.780974604189395905e-01
1.605985816568136215e-01
2.258063927292823792e-01
1.933525986969470978e-01
2.358361613005399704e-01
3.458335306495428085e-01
2.730387598276138306e-01
1.839184015989303589e-01
3.878906983882188797e-01
2.379081305116415024e-01
2.147846817970275879e-01
1.938754413276910782e-01
2.147235926240682602e-01
2.037314753979444504e-01
2.130428813397884369e-01
1.860967949032783508e-01
1.784728430211544037e-01
1.777930278331041336e-01
1.976112537086009979e-01
1.863740142434835434e-01
1.785949151962995529e-01
2.878806795924901962e-01
2.037120983004570007e-01
2.392150759696960449e-01
1.875846683979034424e-01
1.609604191035032272e-01
2.132729757577180862e-01
2.216146290302276611e-01
1.690500620752573013e-01
1.790917236357927322e-01
1.949804536998271942e-01
1.955609414726495743e-01
1.617259029299020767e-01
2.268459685146808624e-01
2.271965742111206055e-01
2.243165839463472366e-01
2.666433155536651611e-01
2.473466563969850540e-01
2.354365829378366470e-01
2.457940503954887390e-01
2.669653929769992828e-01
2.143970504403114319e-01
2.668924219906330109e-01
2.463286314159631729e-01
1.607886161655187607e-01
2.346425075083971024e-01
1.923535596579313278e-01
1.773661728948354721e-01
1.508469879627227783e-01
1.865091547369956970e-01
1.514843236654996872e-01
1.862467434257268906e-01
2.264898996800184250e-01
1.595960389822721481e-01
1.859630886465311050e-01
1.948661096394062042e-01
2.286367341876029968e-01
1.699689831584692001e-01
1.600398644804954529e-01
1.971972621977329254e-01
2.266321536153554916e-01
1.864139027893543243e-01
1.714857909828424454e-01
1.773531734943389893e-01
2.223094720393419266e-01
1.992561239749193192e-01
2.240065205842256546e-01
3.442220780998468399e-01
2.351304534822702408e-01
3.455619048327207565e-01
2.724642548710107803e-01
2.040266841650009155e-01
2.664699815213680267e-01
2.676050402224063873e-01
2.557423729449510574e-01
2.246301639825105667e-01
1.930838152766227722e-01
1.778887398540973663e-01
2.077943217009305954e-01
1.608004290610551834e-01
1.960350275039672852e-01
1.733162645250558853e-01
2.137861102819442749e-01
2.048927787691354752e-01
2.300524059683084488e-01
1.791596114635467529e-01
1.782502289861440659e-01
2.061897311359643936e-01
1.871254295110702515e-01
2.273008618503808975e-01
3.154247552156448364e-01
2.036143764853477478e-01
2.050273586064577103e-01
1.985181905329227448e-01
1.965581066906452179e-01
1.603545043617486954e-01
2.277543582022190094e-01
2.246126141399145126e-01
2.026149723678827286e-01
1.932686008512973785e-01
2.244152333587408066e-01
2.354693002998828888e-01
2.245978806167840958e-01
2.674993090331554413e-01
2.144998051226139069e-01
1.722854673862457275e-01
2.163860015571117401e-01
2.572986502200365067e-01
2.666203342378139496e-01
2.461934331804513931e-01
1.954927258193492889e-01
1.970885638147592545e-01
1.777119096368551254e-01
2.266655229032039642e-01
2.152500227093696594e-01
3.041101079434156418e-01
1.961202193051576614e-01
1.990149840712547302e-01
2.052627038210630417e-01
2.263672389090061188e-01
1.793407611548900604e-01
2.167247701436281204e-01
1.872157175093889236e-01
1.862996388226747513e-01
2.042535655200481415e-01
1.600681040436029434e-01
2.909678220748901367e-01
1.872360091656446457e-01
2.050623018294572830e-01
2.155971862375736237e-01
1.760664731264114380e-01
2.738994117826223373e-01
2.039513457566499710e-01
3.876328766345977783e-01
2.680359855294227600e-01
2.350083570927381516e-01
2.151381559669971466e-01
2.729969248175621033e-01
2.727493457496166229e-01
2.682564649730920792e-01
2.456596605479717255e-01
2.459292225539684296e-01
1.762876342982053757e-01
2.038320135325193405e-01
1.606343835592269897e-01
2.150647584348917007e-01
1.516896989196538925e-01
2.264135293662548065e-01
1.696303747594356537e-01
1.789644863456487656e-01
1.869898848235607147e-01
2.292538210749626160e-01
2.129330467432737350e-01
2.135166116058826447e-01
2.262399997562170029e-01
2.265225369483232498e-01
2.238096985965967178e-01
1.871908176690340042e-01
1.722055301070213318e-01
2.054986916482448578e-01
2.798008657991886139e-01
1.984161697328090668e-01
2.142107430845499039e-01
2.065170146524906158e-01
1.695759724825620651e-01
1.699280235916376114e-01
2.085406146943569183e-01
2.147325463593006134e-01
2.567303888499736786e-01
2.241790145635604858e-01
2.733618263155221939e-01
2.568233627825975418e-01
2.576864119619131088e-01
2.560163885354995728e-01
2.727754246443510056e-01
2.134238835424184799e-01
2.572656553238630295e-01
2.134219799190759659e-01
2.164837326854467392e-01
1.879465542733669281e-01
2.044308576732873917e-01
2.272025663405656815e-01
1.787808462977409363e-01
2.137451265007257462e-01
2.045238018035888672e-01
1.949954871088266373e-01
1.863088645040988922e-01
1.799309160560369492e-01
2.149935606867074966e-01
1.340492572635412216e-01
2.285583484917879105e-01
2.049282267689704895e-01
1.960337776690721512e-01
2.292957715690135956e-01
2.272923085838556290e-01
1.522251572459936142e-01
1.541145052760839462e-01
2.037192378193140030e-01
2.348485775291919708e-01
2.354967314749956131e-01
2.061446569859981537e-01
2.569956611841917038e-01
3.374178353697061539e-01
2.263749670237302780e-01
2.055500186979770660e-01
2.263451330363750458e-01
2.609567344188690186e-01
1.887170411646366119e-01
2.289163041859865189e-01
2.275832109153270721e-01
2.242580112069845200e-01
1.597105786204338074e-01
2.217452954500913620e-01
2.284030579030513763e-01
2.225924972444772720e-01
2.854367811232805252e-01
2.280896715819835663e-01
2.157736290246248245e-01
2.282278146594762802e-01
2.005517855286598206e-01
2.286329884082078934e-01
1.724403221160173416e-01
2.883361782878637314e-01
2.303226999938488007e-01
2.311585843563079834e-01
2.409809287637472153e-01
2.276148647069931030e-01
2.505291309207677841e-01
1.943710278719663620e-01
2.029097601771354675e-01
1.713953539729118347e-01
2.563621085137128830e-01
2.473587896674871445e-01
2.459882181137800217e-01
2.564836200326681137e-01
2.567179836332798004e-01
2.357101794332265854e-01
2.036067005246877670e-01
2.580367699265480042e-01
1.953994873911142349e-01
1.787854172289371490e-01
2.126184869557619095e-01
2.276993878185749054e-01
1.694639939814805984e-01
2.221686430275440216e-01
1.960270013660192490e-01
2.251997031271457672e-01
1.609518937766551971e-01
1.702938210219144821e-01
1.883916184306144714e-01
2.270776126533746719e-01
2.259993534535169601e-01
1.879239957779645920e-01
1.950268838554620743e-01
2.039899900555610657e-01
1.945785619318485260e-01
2.128453571349382401e-01
2.048824038356542587e-01
1.688329428434371948e-01
2.261200323700904846e-01
2.070712223649024963e-01
1.864159088581800461e-01
2.725238371640443802e-01
2.344272285699844360e-01
2.661958280950784683e-01
2.736574821174144745e-01
2.450688574463129044e-01
2.454047463834285736e-01
2.665021736174821854e-01
2.566134743392467499e-01
2.033935394138097763e-01
2.565179299563169479e-01
3.759787678718566895e-01
1.690397914499044418e-01
1.518255826085805893e-01
1.873437929898500443e-01
2.075542528182268143e-01
2.270965576171875000e-01
2.122831176966428757e-01
1.540431939065456390e-01
1.773781329393386841e-01
2.075712364166975021e-01
1.687969230115413666e-01
2.738081533461809158e-01
1.790051311254501343e-01
2.167468611150979996e-01
2.127424143254756927e-01
1.623352412134408951e-01
1.864463351666927338e-01
2.310380935668945312e-01
2.215423732995986938e-01
1.623747367411851883e-01
2.585349604487419128e-01
2.327483687549829483e-01
2.242150790989398956e-01
2.721532825380563736e-01
2.672651372849941254e-01
2.132276613265275955e-01
2.738689370453357697e-01
2.560802977532148361e-01
2.575924787670373917e-01
3.446314949542284012e-01
2.045473270118236542e-01
1.825083792209625244e-01
2.142661996185779572e-01
2.130358330905437469e-01
2.131860163062810898e-01
1.429526265710592270e-01
2.155110016465187073e-01
2.263814788311719894e-01
2.260345760732889175e-01
1.954851020127534866e-01
1.775860060006380081e-01
2.259334325790405273e-01
2.135651707649230957e-01
1.690633520483970642e-01
2.138876188546419144e-01
1.947551164776086807e-01
2.263241615146398544e-01
1.868157368153333664e-01
1.632788777351379395e-01
2.264054641127586365e-01
1.612295694649219513e-01
2.278603110462427139e-01
2.218005191534757614e-01
2.271867562085390091e-01
1.618018914014101028e-01
2.025084979832172394e-01
2.281770538538694382e-01
2.346404287964105606e-01
2.671054732054471970e-01
2.354649733752012253e-01
2.720763962715864182e-01
2.253070808947086334e-01
2.348520420491695404e-01
2.135991975665092468e-01
2.718022726476192474e-01
2.148253265768289566e-01
1.869389452040195465e-01
2.213177904486656189e-01
2.262593079358339310e-01
2.787560336291790009e-01
2.260069139301776886e-01
1.592005714774131775e-01
1.951865311712026596e-01
2.138231545686721802e-01
2.969511132687330246e-01
2.039075084030628204e-01
1.681869924068450928e-01
1.878995783627033234e-01
1.766522973775863647e-01
2.153543215245008469e-01
1.857251059263944626e-01
1.597455814480781555e-01
2.262318599969148636e-01
1.769320666790008545e-01
1.689436640590429306e-01
1.686796955764293671e-01
2.143502570688724518e-01
2.278924938291311264e-01
1.601154021918773651e-01
2.027468588203191757e-01
1.922242101281881332e-01
3.969737812876701355e-01
2.038315869867801666e-01
2.456606458872556686e-01
2.142717819660902023e-01
2.028500474989414215e-01
2.349384762346744537e-01
2.455163039267063141e-01
2.136501874774694443e-01
2.042996603995561600e-01
2.348533906042575836e-01
2.036802023649215698e-01
2.291498798877000809e-01
1.971061918884515762e-01
2.045649643987417221e-01
1.605206523090600967e-01
2.957286946475505829e-01
2.057635914534330368e-01
2.162166945636272430e-01
2.045302949845790863e-01
1.615431308746337891e-01
2.245039977133274078e-01
1.766977794468402863e-01
1.867726501077413559e-01
1.803839486092329025e-01
2.220936715602874756e-01
2.225786969065666199e-01
2.241679206490516663e-01
2.123750038444995880e-01
2.132866792380809784e-01
2.251259684562683105e-01
2.573795355856418610e-01
2.167606297880411148e-01
2.032600734382867813e-01
2.688988503068685532e-01
3.759759142994880676e-01
2.263953797519207001e-01
2.722380533814430237e-01
2.723645791411399841e-01
1.924023907631635666e-01
2.696690522134304047e-01
3.043831903487443924e-01
2.879809066653251648e-01
1.508111637085676193e-01
1.597174257040023804e-01
2.948111221194267273e-01
1.604408957064151764e-01
2.777440510690212250e-01
1.948599275201559067e-01
2.158053368330001831e-01
1.685905661433935165e-01
2.159821707755327225e-01
1.420670170336961746e-01
2.127074487507343292e-01
1.690308284014463425e-01
2.126913405954837799e-01
1.604286916553974152e-01
2.262462712824344635e-01
2.174869868904352188e-01
1.765616256743669510e-01
2.534048985689878464e-01
1.937127001583576202e-01
1.717742625623941422e-01
2.741271350532770157e-01
2.681652773171663284e-01
2.732801176607608795e-01
2.673239149153232574e-01
2.575455307960510254e-01
1.925586722791194916e-01
2.137882336974143982e-01
2.241743970662355423e-01
2.123454883694648743e-01
1.713775321841239929e-01
2.255897149443626404e-01
2.264516111463308334e-01
2.239337898790836334e-01
1.683100778609514236e-01
2.130342628806829453e-01
3.218966592103242874e-01
2.218972295522689819e-01
2.036150228232145309e-01
1.891914308071136475e-01
1.950762998312711716e-01
2.859089523553848267e-01
3.411808032542467117e-01
1.615850944072008133e-01
2.047003265470266342e-01
2.458761110901832581e-01
2.731230221688747406e-01
2.730698417872190475e-01
1.824477501213550568e-01
2.141610179096460342e-01
1.821736358106136322e-01
2.349011711776256561e-01
2.148017939180135727e-01
2.468953821808099747e-01
2.241414226591587067e-01
2.452540192753076553e-01
2.728445120155811310e-01
1.596621181815862656e-01
1.773822307586669922e-01
2.282447125762701035e-01
1.867424082010984421e-01
2.218738459050655365e-01
2.146069556474685669e-01
1.784021593630313873e-01
1.867732144892215729e-01
1.599736679345369339e-01
2.787734474986791611e-01
1.794148217886686325e-01
1.700618136674165726e-01
1.861710976809263229e-01
2.291746009141206741e-01
2.265074718743562698e-01
3.302663192152976990e-01
3.493776321411132812e-01
2.386128772050142288e-01
2.247463203966617584e-01
2.348038181662559509e-01
2.736511528491973877e-01
2.581295594573020935e-01
2.728932760655879974e-01
2.246115729212760925e-01
2.039544489234685898e-01
3.678877390921115875e-01
2.037509139627218246e-01
2.148169931024312973e-01
2.738547995686531067e-01
2.053544018417596817e-01
2.062349133193492889e-01
1.604115124791860580e-01
2.217202708125114441e-01
2.157919257879257202e-01
1.782217472791671753e-01
2.137388624250888824e-01
1.708903517574071884e-01
1.773623190820217133e-01
2.261362168937921524e-01
2.258323524147272110e-01
1.871384438127279282e-01
2.263016980141401291e-01
2.218334488570690155e-01
2.037873249500989914e-01
1.803145557641983032e-01
1.691926289349794388e-01
1.707805041223764420e-01
2.142748590558767319e-01
2.453483473509550095e-01
2.557568140327930450e-01
2.562612686306238174e-01
2.669405639171600342e-01
2.253669947385787964e-01
2.158426344394683838e-01
3.563782125711441040e-01
2.034834977239370346e-01
2.456307262182235718e-01
2.036203499883413315e-01
2.729335408657789230e-01
1.957279350608587265e-01
1.807262860238552094e-01
1.869441904127597809e-01
2.267869785428047180e-01
2.068252544850111008e-01
2.043415270745754242e-01
2.041231989860534668e-01
1.980569828301668167e-01
1.954506915062665939e-01
2.130295876413583755e-01
2.284158244729042053e-01
2.258837446570396423e-01
1.512398384511470795e-01
2.259506992995738983e-01
2.272159624844789505e-01
1.781273782253265381e-01
2.131607998162508011e-01
1.609326098114252090e-01
2.063918597996234894e-01
1.693208832293748856e-01
1.775356251746416092e-01
1.952610667794942856e-01
1.946272924542427063e-01
1.787248272448778152e-01
2.481828983873128891e-01
2.580254524946212769e-01
2.146609257906675339e-01
2.136979270726442337e-01
2.730327881872653961e-01
2.661046497523784637e-01
2.728680986911058426e-01
1.922339051961898804e-01
2.239520084112882614e-01
2.720020953565835953e-01
1.784182470291852951e-01
1.684009488672018051e-01
2.274910863488912582e-01
1.699124835431575775e-01
2.135370690375566483e-01
2.264448646456003189e-01
2.285451088100671768e-01
2.216299623250961304e-01
2.227256409823894501e-01
2.255739588290452957e-01
1.778883822262287140e-01
1.951945740729570389e-01
1.982474159449338913e-01
3.136217035353183746e-01
1.777515839785337448e-01
2.158975452184677124e-01
2.056187335401773453e-01
1.863600667566061020e-01
1.450246665626764297e-01
3.208778519183397293e-01
2.134507354348897934e-01
1.929455120116472244e-01
2.032376490533351898e-01
2.566871475428342819e-01
2.462638374418020248e-01
2.729406729340553284e-01
2.727845609188079834e-01
3.451236505061388016e-01
2.361336871981620789e-01
2.558198012411594391e-01
2.461979147046804428e-01
1.594668850302696228e-01
2.216455247253179550e-01
2.953171599656343460e-01
2.039100024849176407e-01
2.237917724996805191e-01
2.861894983798265457e-01
1.508366186171770096e-01
2.071961965411901474e-01
2.043188475072383881e-01
2.045129369944334030e-01
2.275063693523406982e-01
1.863685399293899536e-01
2.222864739596843719e-01
2.283438798040151596e-01
2.276330031454563141e-01
2.135722674429416656e-01
1.970920693129301071e-01
1.595286671072244644e-01
2.146061509847640991e-01
2.036520354449748993e-01
2.135028243064880371e-01
2.262965813279151917e-01
2.276667319238185883e-01
2.407390810549259186e-01
2.571972645819187164e-01
2.352401018142700195e-01
1.822829525917768478e-01
2.471317742019891739e-01
3.868264928460121155e-01
2.240379583090543747e-01
3.874907176941633224e-01
2.141341324895620346e-01
2.041006758809089661e-01
2.030847948044538498e-01
2.723779901862144470e-01
2.104760017246007919e-01
1.781075485050678253e-01
1.431518755853176117e-01
2.037821654230356216e-01
1.791319418698549271e-01
1.703494302928447723e-01
1.868272908031940460e-01
1.787537224590778351e-01
2.128852065652608871e-01
1.645994558930397034e-01
1.619722992181777954e-01
1.961930748075246811e-01
1.524008214473724365e-01
2.235427517443895340e-01
1.776319891214370728e-01
1.515743639320135117e-01
2.140420041978359222e-01
3.187042232602834702e-01
2.361636906862258911e-01
1.931464280933141708e-01
3.353291526436805725e-01
2.668953184038400650e-01
2.255695834755897522e-01
2.246389295905828476e-01
3.654431961476802826e-01
2.249370384961366653e-01
2.740697413682937622e-01
2.138880807906389236e-01
2.459246218204498291e-01
2.231716383248567581e-01
2.144025713205337524e-01
1.689522899687290192e-01
3.498447500169277191e-01
2.265713978558778763e-01
2.264048550277948380e-01
2.133741993457078934e-01
2.124106884002685547e-01
1.425090357661247253e-01
2.132844291627407074e-01
1.959360148757696152e-01
2.232477739453315735e-01
2.212500646710395813e-01
3.130279611796140671e-01
1.975956931710243225e-01
2.039411347359418869e-01
1.878272369503974915e-01
2.046020887792110443e-01
2.063383087515830994e-01
2.285546418279409409e-01
2.151725906878709793e-01
2.912451755255460739e-01
2.722683940082788467e-01
2.730934228748083115e-01
2.046013176441192627e-01
1.928952969610691071e-01
2.262332905083894730e-01
2.460391838103532791e-01
2.151605319231748581e-01
2.458245344460010529e-01
1.819938439875841141e-01
2.464024126529693604e-01
2.142902743071317673e-01
2.035897281020879745e-01
2.268631570041179657e-01
2.292969748377799988e-01
1.951731722801923752e-01
2.231038678437471390e-01
2.251871712505817413e-01
1.782030556350946426e-01
2.273843884468078613e-01
2.134714350104331970e-01
1.880256291478872299e-01
1.675714477896690369e-01
1.962839178740978241e-01
1.608269810676574707e-01
1.960791051387786865e-01
2.067007012665271759e-01
1.967798452824354172e-01
1.604766901582479477e-01
2.284850068390369415e-01
2.534591294825077057e-01
2.037666682153940201e-01
2.469236217439174652e-01
4.000298753380775452e-01
2.244920767843723297e-01
2.728407271206378937e-01
2.139824721962213516e-01
2.244293410331010818e-01
2.254198230803012848e-01
1.933688800781965256e-01
3.447767011821269989e-01
2.143464051187038422e-01
2.261122893542051315e-01
1.869128849357366562e-01
2.316086608916521072e-01
1.876142788678407669e-01
2.286408320069313049e-01
1.858925446867942810e-01
1.774089541286230087e-01
1.953101865947246552e-01
2.261099405586719513e-01
1.769596040248870850e-01
2.852555960416793823e-01
2.121697422116994858e-01
2.265133280307054520e-01
2.273691780865192413e-01
1.864087637513875961e-01
3.478140980005264282e-01
2.287293169647455215e-01
1.869911476969718933e-01
2.261694874614477158e-01
2.067390307784080505e-01
1.517839003354310989e-01
2.264079637825489044e-01
2.348407600075006485e-01
2.664772234857082367e-01
2.245245520025491714e-01
2.732515670359134674e-01
2.046597916632890701e-01
2.460460048168897629e-01
1.928608808666467667e-01
3.347219843417406082e-01
2.030904144048690796e-01
2.246473431587219238e-01
2.568174041807651520e-01
2.273012474179267883e-01
2.261379677802324295e-01
2.212199885398149490e-01
2.055810503661632538e-01
2.225024197250604630e-01
2.131609041243791580e-01
1.884754057973623276e-01
2.263293731957674026e-01
1.423486694693565369e-01
1.871491000056266785e-01
3.203897215425968170e-01
2.257834244519472122e-01
2.221744749695062637e-01
2.039532382041215897e-01
2.031970638781785965e-01
1.951880622655153275e-01
1.861551869660615921e-01
1.978603787720203400e-01
2.440691050142049789e-01
3.456139080226421356e-01
2.035672254860401154e-01
2.042706180363893509e-01
2.467535603791475296e-01
3.559864740818738937e-01
2.254735194146633148e-01
1.927891280502080917e-01
2.450553197413682938e-01
1.943903584033250809e-01
1.929223481565713882e-01
1.933426577597856522e-01
1.963446177542209625e-01
2.057788800448179245e-01
2.124421391636133194e-01
2.156351935118436813e-01
2.257997989654541016e-01
1.772427838295698166e-01
2.139797154814004898e-01
1.686234455555677414e-01
1.949968449771404266e-01
1.966345217078924179e-01
2.353820689022541046e-01
1.885280609130859375e-01
1.775890681892633438e-01
1.889922507107257843e-01
2.038693726062774658e-01
2.457773499190807343e-01
2.724127359688282013e-01
2.467120625078678131e-01
2.361829560250043869e-01
2.040698435157537460e-01
2.576406281441450119e-01
2.465538177639245987e-01
2.474320549517869949e-01
2.363183610141277313e-01
3.354478217661380768e-01
2.567290738224983215e-01
2.249720431864261627e-01
2.123529072850942612e-01
2.154853362590074539e-01
1.608716882765293121e-01
2.265948746353387833e-01
2.043916713446378708e-01
2.042871993035078049e-01
2.132474463433027267e-01
1.958802770823240280e-01
1.692485734820365906e-01
1.882354132831096649e-01
2.043367624282836914e-01
1.862567141652107239e-01
1.973613146692514420e-01
1.701298784464597702e-01
1.771093849092721939e-01
1.631543021649122238e-01
2.889053039252758026e-01
2.229128647595643997e-01
1.971947811543941498e-01
3.766242675483226776e-01
2.657494507730007172e-01
1.574825532734394073e-01
2.572606950998306274e-01
2.474307008087635040e-01
2.677402589470148087e-01
2.737885192036628723e-01
2.734785582870244980e-01
2.740461453795433044e-01
2.673216722905635834e-01
2.569937352091073990e-01
1.866297349333763123e-01
1.865771636366844177e-01
1.872416865080595016e-01
2.049499955028295517e-01
1.955552790313959122e-01
2.279747873544692993e-01
1.694630030542612076e-01
2.275166064500808716e-01
2.268861625343561172e-01
1.874959096312522888e-01
1.980827283114194870e-01
2.131501771509647369e-01
2.048780918121337891e-01
2.062859591096639633e-01
3.216384164988994598e-01
1.964245904237031937e-01
1.712902020663022995e-01
1.961837857961654663e-01
2.959409896284341812e-01
2.156681269407272339e-01
1.961737554520368576e-01
2.131975684314966202e-01
2.008284628391265869e-01
2.676939330995082855e-01
2.569962684065103531e-01
2.736893221735954285e-01
2.717235088348388672e-01
2.460126094520092010e-01
2.348388992249965668e-01
2.348188776522874832e-01
2.458449807018041611e-01
2.042441219091415405e-01
2.244261261075735092e-01
2.719955407083034515e-01
2.190583944320678711e-01
1.871970258653163910e-01
2.265492156147956848e-01
2.291777487844228745e-01
1.959608756005764008e-01
2.046109326183795929e-01
1.702758651226758957e-01
2.260573692619800568e-01
2.268678788095712662e-01
1.964694242924451828e-01
2.262797616422176361e-01
1.914209816604852676e-01
2.045233119279146194e-01
2.262533791363239288e-01
1.969651952385902405e-01
1.991690285503864288e-01
1.949893645942211151e-01
2.090307995676994324e-01
1.685156356543302536e-01
1.788732446730136871e-01
2.465213611721992493e-01
2.383593395352363586e-01
2.236997522413730621e-01
2.049300372600555420e-01
2.463461589068174362e-01
2.463673017919063568e-01
2.250832859426736832e-01
2.354769166558980942e-01
2.242702953517436981e-01
2.348305862396955490e-01
2.453376632183790207e-01
2.573102787137031555e-01
2.023912221193313599e-01
3.228221442550420761e-01
1.865030173212289810e-01
2.044802438467741013e-01
1.776112895458936691e-01
2.131724171340465546e-01
1.605234071612358093e-01
2.043037582188844681e-01
1.867272071540355682e-01
2.161038089543581009e-01
2.132563553750514984e-01
1.614569593220949173e-01
2.130053341388702393e-01
1.604600213468074799e-01
2.136269286274909973e-01
1.958483010530471802e-01
1.689108610153198242e-01
2.278060093522071838e-01
2.215521987527608871e-01
2.245653420686721802e-01
2.359877843409776688e-01
3.556453064084053040e-01
2.726825214922428131e-01
2.728642281144857407e-01
1.934378333389759064e-01
2.136657014489173889e-01
2.031046468764543533e-01
2.457692343741655350e-01
2.463140245527029037e-01
2.352553047239780426e-01
3.245659731328487396e-01
2.341544833034276962e-01
2.125611212104558945e-01
2.042911071330308914e-01
1.785977911204099655e-01
1.871925406157970428e-01
1.960342358797788620e-01
1.889375410974025726e-01
2.268418781459331512e-01
2.213748879730701447e-01
1.990700624883174896e-01
2.271759118884801865e-01
1.514700427651405334e-01
2.295828368514776230e-01
1.862570885568857193e-01
1.961545143276453018e-01
1.869436148554086685e-01
1.512718964368104935e-01
2.226058114320039749e-01
2.040762081742286682e-01
1.697905976325273514e-01
2.134360857307910919e-01
1.692602485418319702e-01
1.977035570889711380e-01
1.691183838993310928e-01
2.417138163000345230e-01
2.136606145650148392e-01
2.357826419174671173e-01
2.356641460210084915e-01
2.134441286325454712e-01
2.565899882465600967e-01
2.146547138690948486e-01
1.929998137056827545e-01
2.259028274565935135e-01
1.716344822198152542e-01
2.577971387654542923e-01
2.740389481186866760e-01
1.934304442256689072e-01
1.594733055680990219e-01
2.696061562746763229e-01
2.271698005497455597e-01
2.134888693690299988e-01
2.866130936890840530e-01
2.248354665935039520e-01
2.138847094029188156e-01
2.052303291857242584e-01
2.245244923979043961e-01
1.862211916595697403e-01
2.264590859413146973e-01
2.142865099012851715e-01
1.858883108943700790e-01
1.861734408885240555e-01
2.263700887560844421e-01
1.688746139407157898e-01
2.131041716784238815e-01
2.258960418403148651e-01
1.947443559765815735e-01
1.768794059753417969e-01
2.378492522984743118e-01
2.267540730535984039e-01
2.650671545416116714e-01
2.514426931738853455e-01
2.036040406674146652e-01
1.826450414955615997e-01
1.930247955024242401e-01
2.142747808247804642e-01
2.151283789426088333e-01
2.734047323465347290e-01
2.684815004467964172e-01
2.357045523822307587e-01
2.043278943747282028e-01
1.801385432481765747e-01
2.128308564424514771e-01
1.775034610182046890e-01
1.683583911508321762e-01
2.259922344237565994e-01
2.798342294991016388e-01
2.038742862641811371e-01
2.128644604235887527e-01
2.121099941432476044e-01
1.768835391849279404e-01
1.865292806178331375e-01
2.259157691150903702e-01
1.878693439066410065e-01
1.955306492745876312e-01
1.597711816430091858e-01
2.215530518442392349e-01
2.060484066605567932e-01
3.231550063937902451e-01
1.976644210517406464e-01
2.673459444195032120e-01
2.358639035373926163e-01
2.348853405565023422e-01
2.571760248392820358e-01
2.358526978641748428e-01
2.361101880669593811e-01
1.823587976396083832e-01
2.235706131905317307e-01
3.558619208633899689e-01
1.923355869948863983e-01
1.928385589271783829e-01
2.039752285927534103e-01
1.953467540442943573e-01
2.271074149757623672e-01
3.147651255130767822e-01
1.945217698812484741e-01
2.212115433067083359e-01
1.510930527001619339e-01
2.257345728576183319e-01
2.212928105145692825e-01
1.952219046652317047e-01
3.023206330835819244e-01
2.145278342068195343e-01
2.255080491304397583e-01
2.135008722543716431e-01
2.253345586359500885e-01
1.951726619154214859e-01
1.862154137343168259e-01
2.049967925995588303e-01
1.946679353713989258e-01
1.973193567246198654e-01
2.488428913056850433e-01
2.080271169543266296e-01
2.355395089834928513e-01
2.352498117834329605e-01
2.680029831826686859e-01
2.563120089471340179e-01
2.456960342824459076e-01
2.358822748064994812e-01
3.854987137019634247e-01
2.723811063915491104e-01
2.032277379184961319e-01
1.723543927073478699e-01
2.230038009583950043e-01
1.685371827334165573e-01
2.277454603463411331e-01
1.687595639377832413e-01
2.265896704047918320e-01
1.972318198531866074e-01
1.953613143414258957e-01
1.860523242503404617e-01
1.865627225488424301e-01
2.030029203742742538e-01
1.681165546178817749e-01
1.948798615485429764e-01
3.204868808388710022e-01
3.203950449824333191e-01
1.507775858044624329e-01
2.264085002243518829e-01
2.433853987604379654e-01
2.039320096373558044e-01
2.347023040056228638e-01
2.129469513893127441e-01
2.680274993181228638e-01
3.459263425320386887e-01
2.724928949028253555e-01
2.250032238662242889e-01
2.729358505457639694e-01
2.447595112025737762e-01
2.678192146122455597e-01
2.688029278069734573e-01
2.447790950536727905e-01
2.254077754914760590e-01
1.932233516126871109e-01
1.594263054430484772e-01
2.265104278922080994e-01
2.264278735965490341e-01
1.775443907827138901e-01
2.037082407623529434e-01
2.046545520424842834e-01
2.780327834188938141e-01
2.219696920365095139e-01
1.789945214986801147e-01
2.270376998931169510e-01
1.869052555412054062e-01
2.281863912940025330e-01
1.778308991342782974e-01
1.596908923238515854e-01
1.617692951112985611e-01
1.872300338000059128e-01
2.072201874107122421e-01
2.360439468175172806e-01
2.367568667978048325e-01
1.929839961230754852e-01
2.677542753517627716e-01
2.731095459312200546e-01
2.682613003998994827e-01
2.731339335441589355e-01
2.460521738976240158e-01
2.353031989187002182e-01
2.246696613729000092e-01
2.259808648377656937e-01
2.249446567147970200e-01
2.123972307890653610e-01
2.216654065996408463e-01
1.689756978303194046e-01
2.133269701153039932e-01
3.209804538637399673e-01
2.066126354038715363e-01
3.034305311739444733e-01
2.132881954312324524e-01
2.266369480639696121e-01
1.772308014333248138e-01
1.692100744694471359e-01
1.881831642240285873e-01
1.865345332771539688e-01
1.873597614467144012e-01
2.160480692982673645e-01
2.590363025665283203e-01
2.201427258551120758e-01
2.458017617464065552e-01
2.723691109567880630e-01
3.445689454674720764e-01
2.035827878862619400e-01
2.347946558147668839e-01
2.469931617379188538e-01
2.743566296994686127e-01
2.352923732250928879e-01
3.657838068902492523e-01
2.258469220250844955e-01
1.926125958561897278e-01
3.112806547433137894e-01
2.274168524891138077e-01
1.953438725322484970e-01
2.131037563085556030e-01
2.136319149285554886e-01
2.254151422530412674e-01
2.255037594586610794e-01
2.051500082015991211e-01
1.863293871283531189e-01
2.263889368623495102e-01
1.967754643410444260e-01
1.869351305067539215e-01
2.261484283953905106e-01
3.134439066052436829e-01
1.602795440703630447e-01
1.964695546776056290e-01
1.424023341387510300e-01
2.267489116638898849e-01
1.777585297822952271e-01
2.316862270236015320e-01
2.141479682177305222e-01
2.671057377010583878e-01
2.457350529730319977e-01
2.457170840352773666e-01
2.726885713636875153e-01
2.365286536514759064e-01
2.565118446946144104e-01
1.929296217858791351e-01
2.038329709321260452e-01
1.504060588777065277e-01
1.943440847098827362e-01
1.421727370470762253e-01
2.256378084421157837e-01
1.800415962934494019e-01
2.221676595509052277e-01
3.131438437849283218e-01
1.971681229770183563e-01
2.040016651153564453e-01
1.953298505395650864e-01
1.702231764793395996e-01
2.860974334180355072e-01
2.308717314153909683e-01
2.243918068706989288e-01
2.040617279708385468e-01
1.513913981616497040e-01
1.356186084449291229e-01
2.295405752956867218e-01
2.346743457019329071e-01
2.731874976307153702e-01
2.727180775254964828e-01
2.351127434521913528e-01
2.671900726854801178e-01
2.571730799973011017e-01
2.247556690126657486e-01
2.568852528929710388e-01
3.665773496031761169e-01
3.550671786069869995e-01
2.722345348447561264e-01
3.208620473742485046e-01
2.205065544694662094e-01
2.876013573259115219e-01
3.457724805921316147e-01
1.949872877448797226e-01
1.686305068433284760e-01
1.693181954324245453e-01
2.868394013494253159e-01
2.258154302835464478e-01
1.858543734997510910e-01
1.858636252582073212e-01
1.951070055365562439e-01
2.297737188637256622e-01
1.948986668139696121e-01
2.044859137386083603e-01
3.452781494706869125e-01
2.150714118033647537e-01
2.353594731539487839e-01
2.723643817007541656e-01
2.737269122153520584e-01
2.254746966063976288e-01
2.465739343315362930e-01
2.466365639120340347e-01
2.137706689536571503e-01
2.726778052747249603e-01
2.725224792957305908e-01
2.679653596132993698e-01
1.859774515032768250e-01
1.337787900120019913e-01
2.046813350170850754e-01
2.261938452720642090e-01
1.881562154740095139e-01
1.957357954233884811e-01
2.259239573031663895e-01
1.966497879475355148e-01
1.862232293933629990e-01
1.597131472080945969e-01
2.289798986166715622e-01
2.222190778702497482e-01
1.786126643419265747e-01
1.894607376307249069e-01
1.681188568472862244e-01
2.258522324264049530e-01
1.715274285525083542e-01
2.430546097457408905e-01
2.484120894223451614e-01
2.344989571720361710e-01
2.732415553182363510e-01
2.465924415737390518e-01
2.036739420145750046e-01
1.820363588631153107e-01
2.567836008965969086e-01
2.160745039582252502e-01
1.818432696163654327e-01
3.446123618632555008e-01
2.449006102979183197e-01
3.468386903405189514e-01
1.683800555765628815e-01
1.869235951453447342e-01
1.946009360253810883e-01
2.257063724100589752e-01
2.262110207229852676e-01
1.860561855137348175e-01
2.043240945786237717e-01
2.126483414322137833e-01
1.510040108114480972e-01
1.879191957414150238e-01
1.465668063610792160e-01
1.593298651278018951e-01
2.214906327426433563e-01
1.863114107400178909e-01
1.870793104171752930e-01
1.770415939390659332e-01
2.119915746152400970e-01
1.894442364573478699e-01
2.559096775949001312e-01
1.929958779364824295e-01
2.142688669264316559e-01
2.139096613973379135e-01
2.243932038545608521e-01
2.147000189870595932e-01
2.573919612914323807e-01
2.464175019413232803e-01
2.567103356122970581e-01
2.250751946121454239e-01
2.035911884158849716e-01
2.726350221782922745e-01
3.856637086719274521e-01
1.681338530033826828e-01
2.257154732942581177e-01
1.539307069033384323e-01
3.194202147424221039e-01
2.121354117989540100e-01
2.221536617726087570e-01
1.856388542801141739e-01
1.781509853899478912e-01
2.263627201318740845e-01
2.038799840956926346e-01
1.949589513242244720e-01
1.699871197342872620e-01
1.437414791435003281e-01
1.955497208982706070e-01
2.034413535147905350e-01
1.777957845479249954e-01
1.865993756800889969e-01
1.951348539441823959e-01
1.861789524555206299e-01
1.769713573157787323e-01
1.802491247653961182e-01
1.772681362926959991e-01
1.511886045336723328e-01
2.588484808802604675e-01
2.579697035253047943e-01
2.239791583269834518e-01
2.739348616451025009e-01
2.246822640299797058e-01
2.256965842097997665e-01
2.356308642774820328e-01
2.591664250940084457e-01
2.559489924460649490e-01
2.250547725707292557e-01
2.035631705075502396e-01
1.979121528565883636e-01
1.953037288039922714e-01
2.049092017114162445e-01
2.288506198674440384e-01
2.273375093936920166e-01
1.773747205734252930e-01
1.707600001245737076e-01
1.873308289796113968e-01
1.949578560888767242e-01
2.279246821999549866e-01
2.055866159498691559e-01
1.684762313961982727e-01
2.268398627638816833e-01
2.034254819154739380e-01
2.121977582573890686e-01
2.127110324800014496e-01
1.858481597155332565e-01
1.878665201365947723e-01
3.337124437093734741e-01
3.458981681615114212e-01
2.349035721272230148e-01
2.139511760324239731e-01
2.567508779466152191e-01
2.467628512531518936e-01
2.464610263705253601e-01
2.720823176205158234e-01
2.357643023133277893e-01
2.345741409808397293e-01
2.040146291255950928e-01
2.044159248471260071e-01
2.267971616238355637e-01
1.961820237338542938e-01
1.861488912254571915e-01
2.971936296671628952e-01
1.866454277187585831e-01
1.954099200665950775e-01
1.625073738396167755e-01
2.273853551596403122e-01
2.042623348534107208e-01
2.879396621137857437e-01
1.780168991535902023e-01
1.780003421008586884e-01
3.155136611312627792e-01
1.953783892095088959e-01
2.263650279492139816e-01
2.033338546752929688e-01
1.777686066925525665e-01
2.041174154728651047e-01
1.688827797770500183e-01
3.567932434380054474e-01
3.439675085246562958e-01
2.565191686153411865e-01
2.739172875881195068e-01
2.459471710026264191e-01
1.922969836741685867e-01
2.360267899930477142e-01
2.028619609773159027e-01
2.730115316808223724e-01
2.253955155611038208e-01
2.726862039417028427e-01
2.739703133702278137e-01
2.052585724741220474e-01
2.292496785521507263e-01
2.197940461337566376e-01
1.606006938964128494e-01
2.290960103273391724e-01
2.129978276789188385e-01
2.226083204150199890e-01
2.225351110100746155e-01
2.262243572622537613e-01
2.265527918934822083e-01
1.686796322464942932e-01
2.272437773644924164e-01
1.794460564851760864e-01
1.960255037993192673e-01
1.961173675954341888e-01
3.503530919551849365e-01
2.150002457201480865e-01
1.513765435665845871e-01
1.776603087782859802e-01
2.037819530814886093e-01
1.783827561885118484e-01
2.745578158646821976e-01
3.565454073250293732e-01
2.746147103607654572e-01
2.140661459416151047e-01
2.683716714382171631e-01
2.142327260226011276e-01
2.565450817346572876e-01
2.357967346906661987e-01
2.368404008448123932e-01
2.041387353092432022e-01
3.458745032548904419e-01
2.411713227629661560e-01
2.038914673030376434e-01
1.869748942553997040e-01
1.967997252941131592e-01
1.950589381158351898e-01
1.684136986732482910e-01
2.703621331602334976e-01
2.138660103082656860e-01
1.979942284524440765e-01
2.261808328330516815e-01
2.227636799216270447e-01
1.663813944905996323e-01
2.233134247362613678e-01
1.869231779128313065e-01
1.982541959732770920e-01
2.262481991201639175e-01
1.422199383378028870e-01
2.153333500027656555e-01
2.126153055578470230e-01
1.685824878513813019e-01
1.763262562453746796e-01
2.651581764221191406e-01
2.736465837806463242e-01
2.729803975671529770e-01
2.669137883931398392e-01
2.568208351731300354e-01
2.038934249430894852e-01
2.466617245227098465e-01
1.937802042812108994e-01
2.358477823436260223e-01
2.678305562585592270e-01
2.472420986741781235e-01
1.697812676429748535e-01
1.715751439332962036e-01
2.219493519514799118e-01
1.598560158163309097e-01
1.888779923319816589e-01
2.133656721562147141e-01
2.257587388157844543e-01
2.287068217992782593e-01
1.684044972062110901e-01
1.859895586967468262e-01
2.268678564578294754e-01
1.946234889328479767e-01
2.040332686156034470e-01
2.286586500704288483e-01
3.296131081879138947e-01
2.257380075752735138e-01
1.683323290199041367e-01
1.771380584686994553e-01
2.285310979932546616e-01
2.958816066384315491e-01
2.039806172251701355e-01
1.952108442783355713e-01
2.674050498753786087e-01
2.463449127972126007e-01
3.579315356910228729e-01
2.470657192170619965e-01
2.738264109939336777e-01
3.766449540853500366e-01
1.723418291658163071e-01
2.461461089551448822e-01
2.251831311732530594e-01
2.353002503514289856e-01
1.895850915461778641e-01
1.948253475129604340e-01
1.828518044203519821e-01
2.258202340453863144e-01
2.261644601821899414e-01
1.981394048780202866e-01
1.955130174756050110e-01
1.606657486408948898e-01
1.955980993807315826e-01
2.127803303301334381e-01
1.787895448505878448e-01
1.778694260865449905e-01
2.047619279474020004e-01
1.693086493760347366e-01
1.870467960834503174e-01
2.041112873703241348e-01
2.290717139840126038e-01
1.781568564474582672e-01
1.601175311952829361e-01
2.430831510573625565e-01
2.730537485331296921e-01
2.253754399716854095e-01
2.042263671755790710e-01
2.567653432488441467e-01
2.367054801434278488e-01
3.669174034148454666e-01
2.251173276454210281e-01
2.243086304515600204e-01
2.476265132427215576e-01
2.144784014672040939e-01
2.254892345517873764e-01
2.076450195163488388e-01
1.598267424851655960e-01
2.055232133716344833e-01
2.239621188491582870e-01
1.620318945497274399e-01
2.035019528120756149e-01
3.350505474954843521e-01
2.140341326594352722e-01
1.872809752821922302e-01
2.055187243968248367e-01
1.971488073468208313e-01
1.955570131540298462e-01
1.888985466212034225e-01
1.871539410203695297e-01
2.036081161350011826e-01
1.894393954426050186e-01
2.128603272140026093e-01
2.396501246839761734e-01
2.043657377362251282e-01
2.468925807625055313e-01
2.253865376114845276e-01
2.464164476841688156e-01
2.734134774655103683e-01
2.263630051165819168e-01
1.725905202329158783e-01
1.943034175783395767e-01
2.730919383466243744e-01
2.740716189146041870e-01
2.373517528176307678e-01
1.631013937294483185e-01
1.687739863991737366e-01
2.955834306776523590e-01
2.156223244965076447e-01
2.266635727137327194e-01
1.513725612312555313e-01
1.422563176602125168e-01
2.269239183515310287e-01
1.617698147892951965e-01
2.213254552334547043e-01
1.774097811430692673e-01
2.288141399621963501e-01
1.867009066045284271e-01
1.955220624804496765e-01
2.157262824475765228e-01
2.045196276158094406e-01
1.776150222867727280e-01
2.291754819452762604e-01
1.779121309518814087e-01
2.043721862137317657e-01
2.363953981548547745e-01
2.145372610539197922e-01
2.467478755861520767e-01
2.686874829232692719e-01
2.739464305341243744e-01
2.358730025589466095e-01
2.152572236955165863e-01
2.043276969343423843e-01
3.512311838567256927e-01
2.048755306750535965e-01
2.223357632756233215e-01
3.134149629622697830e-01
1.877863612025976181e-01
2.292041294276714325e-01
1.872691661119461060e-01
1.785082127898931503e-01
2.218804210424423218e-01
1.780739780515432358e-01
2.795975655317306519e-01
1.340045463293790817e-01
2.257014345377683640e-01
1.705821044743061066e-01
1.518300808966159821e-01
1.790135316550731659e-01
2.051652427762746811e-01
2.266949694603681564e-01
2.744831200689077377e-01
2.669153772294521332e-01
1.825931016355752945e-01
2.346929460763931274e-01
2.239668518304824829e-01
2.354786619544029236e-01
2.250643949955701828e-01
1.715076733380556107e-01
2.675960958003997803e-01
2.038493622094392776e-01
2.673381231725215912e-01
2.142673414200544357e-01
2.164091821759939194e-01
2.131424285471439362e-01
1.718483064323663712e-01
2.225326932966709137e-01
1.962432041764259338e-01
2.038780059665441513e-01
2.149812709540128708e-01
1.708039771765470505e-01
2.264486197382211685e-01
2.048081215471029282e-01
2.291040122509002686e-01
1.961036678403615952e-01
1.857516691088676453e-01
1.971557550132274628e-01
2.861003223806619644e-01
1.860832255333662033e-01
1.712206695228815079e-01
1.948466561734676361e-01
2.034972924739122391e-01
1.872940491884946823e-01
2.338860593736171722e-01
3.969668485224246979e-01
2.730983085930347443e-01
2.569343000650405884e-01
2.559704054147005081e-01
2.246300000697374344e-01
2.740676924586296082e-01
2.350317277014255524e-01
2.040388397872447968e-01
2.731218505650758743e-01
2.667176537215709686e-01
2.147486768662929535e-01
2.046482395380735397e-01
1.342742275446653366e-01
1.945345122367143631e-01
1.515301764011383057e-01
2.276674006134271622e-01
1.789964344352483749e-01
1.956283338367938995e-01
2.131580356508493423e-01
1.777622122317552567e-01
1.798960343003273010e-01
1.601733621209859848e-01
1.955933477729558945e-01
2.162291035056114197e-01
2.862546890974044800e-01
1.598737724125385284e-01
2.284059282392263412e-01
2.735006902366876602e-01
2.730482835322618484e-01
2.248514648526906967e-01
2.263960391283035278e-01
2.460651341825723648e-01
2.148738428950309753e-01
2.680796887725591660e-01
2.357740569859743118e-01
2.142976615577936172e-01
2.558288108557462692e-01
2.469368483871221542e-01
1.933408714830875397e-01
1.947054043412208557e-01
2.261525373905897141e-01
1.707851737737655640e-01
1.866521332412958145e-01
2.035146262496709824e-01
2.268493361771106720e-01
1.772355716675519943e-01
1.889200136065483093e-01
2.048653773963451385e-01
2.227230519056320190e-01
1.863418258726596832e-01
1.599770355969667435e-01
2.134001459926366806e-01
2.262393739074468613e-01
2.276012916117906570e-01
2.047045920044183731e-01
1.971392296254634857e-01
2.266501635313034058e-01
1.866650097072124481e-01
1.798149272799491882e-01
2.329457122832536697e-01
2.453958522528409958e-01
2.572747562080621719e-01
3.568391092121601105e-01
2.248513661324977875e-01
2.357538864016532898e-01
2.569043375551700592e-01
2.570197582244873047e-01
3.657853007316589355e-01
1.973775494843721390e-01
1.687082778662443161e-01
1.783537771552801132e-01
2.042925748974084854e-01
2.271870151162147522e-01
2.264059241861104965e-01
2.221469897776842117e-01
2.257699444890022278e-01
1.520633939653635025e-01
1.950659900903701782e-01
2.046283259987831116e-01
2.040641773492097855e-01
2.979098837822675705e-01
2.266467567533254623e-01
2.257584054023027420e-01
2.149447016417980194e-01
1.780005041509866714e-01
1.693723108619451523e-01
1.718147173523902893e-01
2.282546218484640121e-01
2.732644323259592056e-01
2.733182702213525772e-01
2.473581861704587936e-01
2.728979475796222687e-01
2.739678565412759781e-01
2.723486442118883133e-01
2.727273125201463699e-01
2.037786152213811874e-01
2.728793919086456299e-01
2.678451389074325562e-01
1.925696395337581635e-01
2.264157868921756744e-01
2.047468591481447220e-01
1.686126198619604111e-01
1.969359237700700760e-01
2.122422140091657639e-01
1.598712708801031113e-01
2.889713887125253677e-01
2.225088272243738174e-01
1.778245773166418076e-01
2.299696728587150574e-01
2.269253712147474289e-01
1.694946959614753723e-01
2.235821988433599472e-01
1.960377674549818039e-01
1.958640217781066895e-01
2.230783887207508087e-01
1.686475463211536407e-01
1.817053109407424927e-01
2.685561943799257278e-01
2.360886074602603912e-01
1.824255026876926422e-01
2.478149235248565674e-01
1.937250718474388123e-01
2.735598366707563400e-01
2.566764522343873978e-01
2.251028418540954590e-01
2.569110020995140076e-01
2.734242752194404602e-01
2.251925021409988403e-01
2.252793889492750168e-01
2.625841628760099411e-01
2.332934439182281494e-01
1.783493310213088989e-01
1.950104478746652603e-01
1.939417775720357895e-01
1.857393514364957809e-01
1.859535612165927887e-01
2.058955896645784378e-01
1.952111013233661652e-01
2.215559799224138260e-01
2.232155073434114456e-01
1.606541611254215240e-01
2.266473788768053055e-01
1.891457233577966690e-01
2.355574704706668854e-01
2.256153151392936707e-01
2.741479445248842239e-01
2.032690178602933884e-01
2.572303488850593567e-01
2.247305344790220261e-01
2.358292881399393082e-01
2.152725514024496078e-01
2.726213559508323669e-01
2.470950633287429810e-01
2.145805861800909042e-01
2.570769153535366058e-01
2.278820518404245377e-01
3.642876893281936646e-01
1.867679338902235031e-01
1.689327731728553772e-01
1.978105176240205765e-01
2.124684434384107590e-01
2.262889537960290909e-01
1.707651689648628235e-01
2.035564407706260681e-01
2.221521101891994476e-01
2.069946154952049255e-01
1.950010787695646286e-01
2.047139815986156464e-01
1.770942043513059616e-01
1.860708631575107574e-01
2.054677661508321762e-01
1.954395156353712082e-01
1.866530776023864746e-01
1.772149689495563507e-01
2.230854108929634094e-01
1.958780009299516678e-01
2.280940040946006775e-01
1.952857468277215958e-01
1.690549720078706741e-01
2.738137897104024887e-01
2.734083123505115509e-01
1.611473634839057922e-01
2.251423392444849014e-01
2.455777078866958618e-01
2.562059443444013596e-01
2.030733469873666763e-01
2.454338781535625458e-01
2.563518118113279343e-01
2.725391890853643417e-01
2.026058305054903030e-01
1.434385199099779129e-01
1.428433507680892944e-01
2.211850415915250778e-01
1.948915477842092514e-01
2.268677465617656708e-01
1.883530430495738983e-01
2.215806599706411362e-01
2.029706276953220367e-01
3.309402484446763992e-01
2.126962952315807343e-01
1.771959997713565826e-01
2.280110269784927368e-01
2.035534381866455078e-01
2.255987133830785751e-01
1.977839246392250061e-01
2.043809890747070312e-01
2.037844955921173096e-01
2.033135145902633667e-01
2.351170741021633148e-01
2.245272845029830933e-01
2.463411837816238403e-01
2.456888873130083084e-01
3.346344679594039917e-01
2.247680798172950745e-01
2.256965097039937973e-01
2.239883728325366974e-01
2.567170411348342896e-01
2.567324675619602203e-01
1.926029603928327560e-01
1.955204382538795471e-01
2.239139210432767868e-01
1.952435057610273361e-01
2.123429067432880402e-01
2.144802529364824295e-01
2.264367435127496719e-01
2.946515418589115143e-01
2.273241709917783737e-01
1.601835992187261581e-01
1.768370997160673141e-01
1.778517700731754303e-01
2.257898952811956406e-01
2.948501538485288620e-01
1.690870914608240128e-01
1.705793552100658417e-01
2.780607677996158600e-01
2.289487738162279129e-01
1.953332182019948959e-01
1.595099456608295441e-01
2.728382404893636703e-01
2.142733056098222733e-01
2.459221631288528442e-01
2.469184733927249908e-01
2.564205601811408997e-01
2.035418711602687836e-01
2.357722781598567963e-01
2.356198374181985855e-01
2.355855796486139297e-01
1.926186420023441315e-01
1.714252587407827377e-01
2.259402759373188019e-01
1.896659843623638153e-01
2.780163139104843140e-01
3.313177525997161865e-01
2.228149119764566422e-01
1.786520145833492279e-01
2.257260959595441818e-01
1.623631808906793594e-01
2.261910922825336456e-01
1.958505399525165558e-01
2.260585427284240723e-01
2.307395413517951965e-01
2.781229112297296524e-01
1.613250132650136948e-01
1.972413957118988037e-01
2.131165489554405212e-01
1.924815736711025238e-01
2.461082115769386292e-01
2.254890184849500656e-01
2.249566055834293365e-01
2.745236735790967941e-01
2.251389008015394211e-01
2.685696370899677277e-01
3.870111275464296341e-01
2.478951215744018555e-01
2.036111969500780106e-01
2.672476731240749359e-01
3.727871719747781754e-01
1.778700761497020721e-01
2.128516938537359238e-01
1.856750026345252991e-01
1.949151996523141861e-01
1.776005886495113373e-01
1.881452873349189758e-01
1.858459990471601486e-01
1.971172988414764404e-01
1.778553184121847153e-01
1.779379677027463913e-01
2.232046592980623245e-01
2.221332360059022903e-01
2.135706953704357147e-01
1.687931418418884277e-01
2.223608791828155518e-01
1.867234539240598679e-01
1.520901620388031006e-01
1.958406418561935425e-01
3.565522432327270508e-01
3.569594249129295349e-01
2.726524770259857178e-01
2.726439926773309708e-01
2.247339133173227310e-01
2.736730109900236130e-01
2.569913268089294434e-01
1.941774338483810425e-01
2.748036514967679977e-01
1.944467611610889435e-01
2.461404558271169662e-01
1.704044714570045471e-01
1.863568555563688278e-01
2.049633618444204330e-01
2.223332114517688751e-01
2.141929939389228821e-01
2.219451386481523514e-01
3.219222370535135269e-01
2.289418354630470276e-01
3.134571388363838196e-01
2.266136612743139267e-01
2.274721879512071609e-01
1.955895312130451202e-01
2.139468844980001450e-01
2.267313878983259201e-01
1.599612664431333542e-01
2.261892948299646378e-01
2.293649055063724518e-01
1.696585770696401596e-01
3.219063002616167068e-01
1.962684318423271179e-01
1.348402053117752075e-01
2.033449914306402206e-01
2.242161370813846588e-01
2.145172022283077240e-01
2.735493555665016174e-01
2.737507130950689316e-01
2.255086991935968399e-01
2.136981971561908722e-01
2.577475756406784058e-01
1.816656254231929779e-01
2.143791727721691132e-01
3.459433242678642273e-01
1.686474960297346115e-01
1.963717099279165268e-01
2.215830665081739426e-01
1.697537973523139954e-01
2.274305336177349091e-01
2.272510807961225510e-01
2.260665111243724823e-01
1.873908359557390213e-01
2.133995071053504944e-01
1.880234070122241974e-01
1.775501184165477753e-01
1.958229411393404007e-01
2.224026639014482498e-01
1.599342767149209976e-01
1.598555929958820343e-01
1.950207576155662537e-01
2.283916547894477844e-01
2.047044187784194946e-01
2.269289549440145493e-01
2.061055637896060944e-01
2.275546751916408539e-01
1.799653787165880203e-01
2.265283614397048950e-01
1.938801016658544540e-01
2.566602099686861038e-01
2.726712580770254135e-01
3.463221341371536255e-01
2.359993346035480499e-01
2.566982321441173553e-01
2.724718283861875534e-01
3.458414990454912186e-01
2.158172745257616043e-01
2.573129925876855850e-01
2.674654312431812286e-01
1.966618504375219345e-01
2.137391492724418640e-01
3.048192262649536133e-01
1.693331561982631683e-01
2.075114175677299500e-01
1.976618040353059769e-01
1.976491715759038925e-01
2.157719563692808151e-01
1.876871269196271896e-01
1.822829879820346832e-01
2.269697710871696472e-01
1.888493578881025314e-01
2.283384948968887329e-01
2.290955819189548492e-01
2.144309077411890030e-01
2.833933867514133453e-01
2.048767935484647751e-01
1.613211166113615036e-01
2.435207366943359375e-01
2.738490458577871323e-01
2.371971067041158676e-01
2.034707181155681610e-01
2.742870319634675980e-01
2.244935669004917145e-01
2.352539002895355225e-01
2.465241402387619019e-01
2.733345311135053635e-01
1.943287141621112823e-01
2.146404851227998734e-01
2.257677465677261353e-01
2.176132742315530777e-01
1.624419409781694412e-01
1.515524871647357941e-01
2.044688407331705093e-01
1.543527785688638687e-01
1.783734280616044998e-01
2.038926128298044205e-01
2.891193237155675888e-01
2.274394091218709946e-01
2.135032098740339279e-01
1.888169199228286743e-01
1.958626005798578262e-01
1.870464328676462173e-01
2.156344242393970490e-01
2.226911447942256927e-01
2.695409711450338364e-01
2.287222985178232193e-01
2.043785154819488525e-01
1.962842307984828949e-01
1.943569984287023544e-01
3.886589929461479187e-01
2.253344636410474777e-01
2.463735286146402359e-01
2.351547721773386002e-01
2.731377389281988144e-01
2.032003551721572876e-01
2.368924785405397415e-01
1.931622903794050217e-01
2.669203970581293106e-01
2.254021037369966507e-01
2.362170293927192688e-01
2.342761270701885223e-01
1.959147229790687561e-01
2.894897870719432831e-01
1.951054818928241730e-01
1.777947302907705307e-01
2.247973456978797913e-01
1.957052852958440781e-01
2.276503108441829681e-01
2.155684065073728561e-01
1.945857554674148560e-01
1.946321818977594376e-01
1.947413850575685501e-01
2.052902840077877045e-01
1.866985671222209930e-01
1.687564067542552948e-01
2.138963956385850906e-01
2.466399241238832474e-01
2.242740653455257416e-01
2.726829666644334793e-01
2.740237396210432053e-01
1.926949769258499146e-01
2.464533168822526932e-01
2.746713142842054367e-01
1.719277370721101761e-01
2.143817488104104996e-01
2.150696627795696259e-01
1.804632954299449921e-01
1.954673882573843002e-01
1.965257897973060608e-01
3.141777087002992630e-01
1.873121224343776703e-01
2.276542298495769501e-01
1.691901050508022308e-01
1.522036176174879074e-01
2.235436942428350449e-01
2.054552212357521057e-01
2.226677108556032181e-01
2.135252114385366440e-01
2.242494989186525345e-01
1.863020602613687515e-01
2.276833914220333099e-01
2.992905490100383759e-01
1.693832762539386749e-01
2.785639930516481400e-01
1.692038401961326599e-01
2.046055253595113754e-01
1.788622662425041199e-01
2.169163245707750320e-01
1.867093909531831741e-01
2.286902666091918945e-01
2.422855682671070099e-01
2.259814888238906860e-01
2.737092785537242889e-01
2.362960316240787506e-01
2.058628685772418976e-01
2.039212100207805634e-01
2.739290464669466019e-01
2.694399021565914154e-01
2.370058316737413406e-01
2.140665538609027863e-01
2.575991675257682800e-01
3.992602787911891937e-01
2.685967124998569489e-01
1.631471868604421616e-01
2.279508113861083984e-01
2.263687662780284882e-01
2.234541140496730804e-01
2.266613822430372238e-01
1.964211203157901764e-01
1.987077984958887100e-01
2.229038160294294357e-01
3.303486537188291550e-01
2.282945904880762100e-01
2.221159972250461578e-01
2.224610261619091034e-01
2.285709548741579056e-01
1.695007048547267914e-01
2.066551689058542252e-01
2.137151509523391724e-01
1.872960142791271210e-01
2.276914119720458984e-01
1.952028293162584305e-01
2.029278650879859924e-01
2.356720473617315292e-01
3.354275431483983994e-01
2.464634031057357788e-01
2.358794678002595901e-01
2.149637117981910706e-01
2.033823318779468536e-01
3.667739201337099075e-01
2.137007974088191986e-01
2.465874422341585159e-01
1.720160078257322311e-01
2.043085582554340363e-01
2.285189665853977203e-01
2.145358473062515259e-01
1.956115178763866425e-01
2.135894652456045151e-01
1.694426592439413071e-01
2.289878856390714645e-01
2.258706707507371902e-01
2.042525243014097214e-01
1.975432783365249634e-01
2.129655033349990845e-01
2.130357865244150162e-01
2.152319047600030899e-01
1.874047797173261642e-01
1.964724883437156677e-01
2.788333967328071594e-01
1.972755752503871918e-01
2.261026129126548767e-01
1.693171840161085129e-01
1.603844966739416122e-01
2.036955282092094421e-01
2.574361898005008698e-01
2.457574456930160522e-01
2.249881252646446228e-01
2.725215181708335876e-01
2.147703487426042557e-01
2.032348271459341049e-01
2.727714385837316513e-01
2.047168258577585220e-01
2.739360816776752472e-01
3.445837236940860748e-01
2.158146109431982040e-01
2.360541224479675293e-01
2.128107491880655289e-01
1.881109438836574554e-01
1.691694650799036026e-01
2.240523230284452438e-01
1.697729621082544327e-01
1.688028052449226379e-01
1.973292082548141479e-01
2.233843766152858734e-01
2.134915702044963837e-01
1.713116094470024109e-01
2.048281319439411163e-01
1.629497744143009186e-01
2.274494953453540802e-01
2.274606283754110336e-01
3.163556400686502457e-01
2.280091773718595505e-01
1.964488960802555084e-01
1.803436540067195892e-01
2.467876952141523361e-01
2.147250156849622726e-01
2.576311174780130386e-01
2.696778737008571625e-01
2.728838138282299042e-01
1.942246910184621811e-01
2.452971432358026505e-01
2.736729718744754791e-01
2.161572854965925217e-01
2.464750930666923523e-01
2.464327160269021988e-01
1.822020653635263443e-01
2.151083927601575851e-01
2.873058672994375229e-01
2.873622905462980270e-01
2.854718156158924103e-01
1.517001967877149582e-01
1.871765628457069397e-01
2.724140714854001999e-01
2.132002823054790497e-01
2.870744541287422180e-01
2.045706342905759811e-01
2.155963908880949020e-01
2.039999235421419144e-01
2.270391378551721573e-01
1.976881101727485657e-01
2.259427774697542191e-01
2.216961681842803955e-01
1.876175999641418457e-01
2.278646938502788544e-01
2.683495525270700455e-01
2.349770125001668930e-01
2.587925456464290619e-01
2.724686302244663239e-01
2.725703362375497818e-01
2.356907725334167480e-01
2.470216285437345505e-01
2.240815237164497375e-01
2.738019935786724091e-01
2.468048091977834702e-01
3.246164936572313309e-01
2.287768311798572540e-01
2.127968519926071167e-01
1.869522947818040848e-01
1.798456814140081406e-01
2.271736767143011093e-01
2.047325577586889267e-01
2.278378158807754517e-01
1.871757078915834427e-01
2.871110569685697556e-01
3.142447657883167267e-01
2.271637916564941406e-01
2.259836401790380478e-01
2.975092679262161255e-01
2.699101455509662628e-01
1.690055467188358307e-01
3.035806007683277130e-01
1.883735787123441696e-01
3.206515163183212280e-01
2.054038550704717636e-01
2.316421736031770706e-01
2.137333955615758896e-01
1.927916873246431351e-01
2.132925558835268021e-01
2.735999450087547302e-01
2.676844801753759384e-01
2.358080465346574783e-01
2.671729512512683868e-01
2.729742582887411118e-01
2.743588797748088837e-01
2.726429048925638199e-01
2.143244538456201553e-01
2.904379870742559433e-01
3.034845739603042603e-01
1.781394425779581070e-01
1.601142995059490204e-01
2.264546919614076614e-01
3.288276661187410355e-01
1.617060247808694839e-01
1.511219777166843414e-01
1.947247665375471115e-01
1.967270206660032272e-01
2.215504422783851624e-01
1.441249381750822067e-01
1.872908566147089005e-01
1.598952878266572952e-01
2.274263240396976471e-01
2.266297154128551483e-01
2.556727267801761627e-01
2.154332455247640610e-01
2.564520314335823059e-01
2.359408605843782425e-01
1.932245567440986633e-01
2.456198465079069138e-01
2.583248857408761978e-01
1.927266176789999008e-01
2.243034318089485168e-01
3.354856465011835098e-01
2.748742140829563141e-01
3.864535056054592133e-01
2.734210919588804245e-01
1.778845153748989105e-01
3.019104320555925369e-01
2.281827665865421295e-01
3.033315744251012802e-01
1.855836044996976852e-01
1.607035007327795029e-01
2.207103595137596130e-01
1.604973655194044113e-01
2.265841569751501083e-01
1.692512109875679016e-01
3.028922155499458313e-01
3.294490519911050797e-01
2.048691455274820328e-01
2.951053157448768616e-01
2.228252347558736801e-01
2.777158897370100021e-01
1.767815388739109039e-01
1.969417538493871689e-01
2.207616344094276428e-01
2.264780867844820023e-01
2.144641522318124771e-01
2.449813392013311386e-01
2.677992489188909531e-01
2.145629841834306717e-01
2.339948359876871109e-01
2.359810024499893188e-01
3.659586254507303238e-01
2.138506527990102768e-01
2.573078945279121399e-01
2.147188559174537659e-01
2.460736408829689026e-01
2.358691655099391937e-01
2.242174558341503143e-01
1.961874533444643021e-01
1.866760514676570892e-01
1.858040019869804382e-01
1.686414331197738647e-01
2.041503973305225372e-01
1.864695027470588684e-01
2.264368310570716858e-01
2.264552507549524307e-01
1.884233579039573669e-01
1.947467904537916183e-01
2.261970806866884232e-01
2.156519591808319092e-01
2.257191445678472519e-01
1.708784364163875580e-01
1.950289942324161530e-01
1.687697321176528931e-01
1.427841726690530777e-01
1.772580835968255997e-01
2.298278771340847015e-01
2.742264792323112488e-01
2.474001888185739517e-01
2.361050508916378021e-01
2.133459579199552536e-01
2.683833260089159012e-01
2.728736530989408493e-01
2.361510042101144791e-01
2.456623725593090057e-01
2.730877269059419632e-01
2.250576969236135483e-01
2.030154988169670105e-01
2.204896751791238785e-01
2.256189752370119095e-01
1.687152739614248276e-01
1.698673330247402191e-01
1.859552208334207535e-01
1.951647046953439713e-01
2.249649409204721451e-01
2.262090407311916351e-01
2.261117938905954361e-01
1.690674051642417908e-01
2.032983154058456421e-01
2.249223217368125916e-01
2.263245563954114914e-01
1.864635739475488663e-01
1.810938976705074310e-01
1.774324923753738403e-01
2.042210511863231659e-01
2.066294699907302856e-01
2.786789536476135254e-01
1.768553759902715683e-01
1.957408245652914047e-01
2.571640554815530777e-01
3.566283192485570908e-01
2.737544961273670197e-01
2.677307743579149246e-01
2.350859213620424271e-01
2.730531245470046997e-01
2.680135164409875870e-01
2.571286149322986603e-01
2.731737606227397919e-01
2.467136494815349579e-01
2.464941404759883881e-01
2.724503744393587112e-01
2.268067281693220139e-01
1.509880032390356064e-01
2.159818708896636963e-01
2.129937857389450073e-01
2.221577707678079605e-01
1.890948135405778885e-01
1.959575228393077850e-01
1.614723503589630127e-01
3.067985735833644867e-01
1.692600734531879425e-01
1.782525684684514999e-01
1.812987476587295532e-01
2.146035321056842804e-01
2.789922412484884262e-01
2.298007067292928696e-01
1.868268065154552460e-01
2.050132974982261658e-01
1.865757480263710022e-01
2.134627290070056915e-01
1.603985894471406937e-01
2.285078763961791992e-01
1.994456220418214798e-01
1.968667954206466675e-01
2.711450457572937012e-01
2.587227392941713333e-01
2.682138346135616302e-01
2.754452265799045563e-01
2.728114034980535507e-01
2.741547934710979462e-01
4.087562039494514465e-01
2.675114907324314117e-01
2.043829802423715591e-01
2.043853569775819778e-01
2.276907227933406830e-01
1.605715584009885788e-01
2.270893529057502747e-01
1.988990008831024170e-01
2.130145411938428879e-01
2.237576805055141449e-01
1.974260304123163223e-01
1.872859168797731400e-01
2.147415727376937866e-01
2.908225152641534805e-01
2.139559555798768997e-01
1.791077982634305954e-01
2.046188581734895706e-01
2.272805329412221909e-01
2.142437826842069626e-01
2.285794522613286972e-01
1.781446095556020737e-01
2.274091653525829315e-01
1.985250320285558701e-01
2.279552295804023743e-01
1.864242106676101685e-01
1.694135684520006180e-01
1.703647356480360031e-01
1.960839517414569855e-01
1.811689641326665878e-01
2.390193380415439606e-01
2.484625298529863358e-01
2.365729510784149170e-01
3.567538689821958542e-01
2.748248167335987091e-01
2.468035276979207993e-01
2.038208991289138794e-01
2.141712736338376999e-01
2.583510503172874451e-01
1.973140556365251541e-01
2.252251524478197098e-01
2.223071623593568802e-01
1.790394801646471024e-01
2.278084699064493179e-01
1.702209375798702240e-01
2.233342789113521576e-01
3.072508089244365692e-01
1.951749417930841446e-01
1.974329147487878799e-01
1.968361325562000275e-01
1.704280450940132141e-01
2.283825166523456573e-01
1.777850743383169174e-01
2.275025900453329086e-01
1.872376333922147751e-01
2.065904214978218079e-01
2.263374067842960358e-01
1.870397441089153290e-01
2.060061022639274597e-01
1.694530211389064789e-01
1.881507243961095810e-01
2.311987560242414474e-01
2.251380905508995056e-01
3.900379352271556854e-01
3.466689325869083405e-01
2.359105721116065979e-01
2.732722498476505280e-01
2.036054190248250961e-01
2.251498419791460037e-01
2.255342826247215271e-01
2.471157740801572800e-01
1.935288179665803909e-01
3.661892358213663101e-01
2.256913147866725922e-01
2.141811698675155640e-01
1.689042970538139343e-01
2.222171407192945480e-01
2.232674714177846909e-01
1.788802575320005417e-01
2.262844685465097427e-01
1.519082821905612946e-01
1.696177739650011063e-01
1.788383517414331436e-01
1.788022816181182861e-01
3.074794635176658630e-01
2.964764963835477829e-01
1.786305624991655350e-01
1.693449616432189941e-01
1.960011292248964310e-01
2.054038327187299728e-01
2.305533979088068008e-01
2.137231454253196716e-01
2.043824791908264160e-01
2.277125585824251175e-01
3.306838870048522949e-01
2.215901110321283340e-01
3.588515911251306534e-01
3.880766537040472031e-01
2.735119555145502090e-01
2.258993331342935562e-01
2.463397514075040817e-01
2.357402797788381577e-01
2.735540494322776794e-01
2.041221167892217636e-01
2.044783383607864380e-01
1.932855956256389618e-01
2.042015437036752701e-01
1.716165337711572647e-01
1.790373139083385468e-01
2.144930586218833923e-01
2.273433189839124680e-01
1.889801453799009323e-01
1.615025345236063004e-01
1.617288179695606232e-01
2.273289598524570465e-01
2.280307710170745850e-01
1.812526378780603409e-01
3.256996367126703262e-01
1.707740873098373413e-01
2.273881062865257263e-01
1.722377426922321320e-01
1.620255131274461746e-01
1.785609479993581772e-01
2.278002705425024033e-01
2.058584038168191910e-01
2.149623539298772812e-01
2.245672009885311127e-01
1.533281859010457993e-01
2.036090809851884842e-01
2.747491691261529922e-01
2.735425364226102829e-01
2.368507571518421173e-01
2.360570430755615234e-01
2.365138940513134003e-01
2.587082516402006149e-01
2.680268455296754837e-01
2.046681772917509079e-01
2.368519324809312820e-01
2.726164255291223526e-01
2.059652823954820633e-01
2.053119223564863205e-01
2.047749254852533340e-01
1.896549779921770096e-01
1.773854549974203110e-01
1.614113841205835342e-01
1.890224535018205643e-01
1.788465715944766998e-01
1.702522598206996918e-01
2.166853249073028564e-01
2.050591781735420227e-01
2.051182594150304794e-01
2.255748268216848373e-01
1.614862736314535141e-01
1.791057940572500229e-01
1.973862554877996445e-01
2.228858564049005508e-01
2.136511560529470444e-01
3.362785149365663528e-01
2.365496437996625900e-01
2.557361703366041183e-01
2.034107726067304611e-01
2.570391520857810974e-01
2.580410894006490707e-01
1.520759295672178268e-01
1.936259958893060684e-01
2.148716729134321213e-01
1.949982997030019760e-01
3.473126105964183807e-01
2.041992358863353729e-01
2.143196612596511841e-01
2.059398368000984192e-01
1.525991912931203842e-01
1.786736734211444855e-01
1.971740871667861938e-01
1.983354538679122925e-01
1.427091173827648163e-01
1.865952126681804657e-01
2.065815851092338562e-01
1.779120098799467087e-01
2.050735149532556534e-01
1.704934667795896530e-01
2.959113083779811859e-01
2.039027791470289230e-01
1.803512461483478546e-01
2.868516519665718079e-01
1.698959134519100189e-01
1.955012958496809006e-01
2.074988093227148056e-01
1.974555496126413345e-01
2.272932976484298706e-01
1.782510597258806229e-01
1.782979089766740799e-01
2.267649602144956589e-01
2.142715416848659515e-01
2.038257978856563568e-01
1.717781946063041687e-01
2.670902106910943985e-01
2.358260676264762878e-01
2.236275393515825272e-01
1.820588745176792145e-01
2.247907500714063644e-01
2.141268663108348846e-01
1.715679857879877090e-01
2.257652878761291504e-01
2.349935118108987808e-01
2.020711954683065414e-01
1.345025803893804550e-01
2.274507749825716019e-01
2.068981826305389404e-01
2.264813929796218872e-01
2.139633130282163620e-01
2.288044560700654984e-01
2.259277962148189545e-01
2.275168690830469131e-01
2.054526023566722870e-01
1.692543532699346542e-01
2.055838461965322495e-01
1.961962562054395676e-01
1.597584616392850876e-01
2.147699873894453049e-01
1.773744318634271622e-01
1.787636559456586838e-01
1.794244572520256042e-01
2.273070607334375381e-01
3.564017694443464279e-01
2.686376534402370453e-01
2.569305729120969772e-01
2.038599494844675064e-01
2.149024847894906998e-01
2.578205764293670654e-01
2.246510125696659088e-01
2.360495384782552719e-01
2.146942820399999619e-01
2.254510559141635895e-01
2.257472276687622070e-01
2.353824600577354431e-01
1.782073266804218292e-01
1.684249136596918106e-01
2.257264945656061172e-01
1.793771144002676010e-01
2.159383464604616165e-01
1.961922924965620041e-01
1.959989536553621292e-01
2.295634895563125610e-01
1.599021516740322113e-01
2.041995897889137268e-01
1.713383141905069351e-01
1.786956228315830231e-01
1.782513391226530075e-01
2.131159435957670212e-01
1.794737726449966431e-01
1.878751106560230255e-01
2.595693599432706833e-01
2.586423363536596298e-01
2.739008646458387375e-01
3.887624796479940414e-01
2.749263141304254532e-01
2.581820301711559296e-01
2.163020968437194824e-01
2.753584366291761398e-01
2.373900078237056732e-01
2.370738368481397629e-01
2.258241549134254456e-01
2.135657016187906265e-01
1.609791889786720276e-01
1.874219235032796860e-01
3.226963337510824203e-01
2.072026655077934265e-01
2.874661665409803391e-01
1.965794414281845093e-01
1.797192730009555817e-01
2.233462408185005188e-01
1.881321519613265991e-01
1.989403851330280304e-01
1.702042836695909500e-01
2.288879118859767914e-01
1.812081914395093918e-01
2.058016192167997360e-01
2.054210361093282700e-01
2.235316410660743713e-01
2.589438483119010925e-01
2.691804189234972000e-01
3.581829387694597244e-01
2.481931447982788086e-01
2.758869789540767670e-01
2.744744792580604553e-01
2.738345582038164139e-01
2.049841005355119705e-01
3.460978586226701736e-01
2.477411907166242599e-01
2.579764239490032196e-01
2.350917849689722061e-01
2.227764166891574860e-01
1.963651105761528015e-01
1.789804399013519287e-01
1.958781182765960693e-01
1.973314359784126282e-01
2.284368351101875305e-01
2.133886795490980148e-01
2.165766451507806778e-01
1.878305431455373764e-01
1.699526663869619370e-01
1.546777281910181046e-01
1.521471254527568817e-01
2.137346994131803513e-01
1.804351191967725754e-01
2.055279314517974854e-01
1.782918982207775116e-01
2.158042453229427338e-01
2.290308550000190735e-01
2.381064500659704208e-01
2.572453599423170090e-01
2.354406174272298813e-01
2.471107635647058487e-01
2.484623994678258896e-01
1.931515876203775406e-01
2.254770789295434952e-01
2.247897796332836151e-01
2.363336998969316483e-01
1.820305623114109039e-01
1.615666318684816360e-01
2.868369203060865402e-01
1.645845267921686172e-01
3.056796528398990631e-01
1.896569710224866867e-01
1.985104773193597794e-01
2.052394095808267593e-01
2.042317427694797516e-01
1.959237623959779739e-01
1.967080496251583099e-01
2.073251325637102127e-01
2.058652024716138840e-01
2.054077889770269394e-01
1.692857705056667328e-01
1.610000431537628174e-01
1.877248920500278473e-01
1.698845326900482178e-01
2.270142603665590286e-01
2.226197440177202225e-01
2.735922951251268387e-01
2.148846145719289780e-01
2.264254018664360046e-01
2.470705565065145493e-01
1.836735662072896957e-01
2.254374735057353973e-01
2.454355005174875259e-01
1.931514255702495575e-01
2.458934001624584198e-01
2.572189029306173325e-01
2.725741192698478699e-01
2.562890145927667618e-01
1.744859851896762848e-01
2.134117763489484787e-01
1.959163714200258255e-01
1.868077330291271210e-01
1.868472397327423096e-01
2.038579862564802170e-01
1.952579598873853683e-01
1.629125662147998810e-01
1.773566026240587234e-01
1.965996306389570236e-01
2.352068945765495300e-01
2.052262406796216965e-01
2.285730969160795212e-01
2.161143794655799866e-01
2.133748326450586319e-01
1.691137459129095078e-01
1.984330397099256516e-01
2.131849955767393112e-01
2.157420739531517029e-01
1.931462865322828293e-01
2.035555820912122726e-01
2.580733615905046463e-01
2.139912191778421402e-01
2.741185594350099564e-01
3.255725633352994919e-01
2.027886677533388138e-01
2.267102394253015518e-01
2.053689099848270416e-01
1.706276964396238327e-01
1.697106398642063141e-01
2.332272361963987350e-01
2.062583565711975098e-01
2.131294291466474533e-01
1.779126655310392380e-01
1.865718457847833633e-01
1.609420180320739746e-01
2.290669064968824387e-01
1.605469342321157455e-01
2.120267376303672791e-01
1.722301095724105835e-01
2.214222531765699387e-01
1.867636293172836304e-01
1.603472810238599777e-01
2.259798254817724228e-01
2.288916762918233871e-01
1.951493863016366959e-01
2.264404892921447754e-01
1.831563357263803482e-01
2.249870784580707550e-01
2.138671837747097015e-01
2.031543962657451630e-01
2.242454979568719864e-01
2.052024807780981064e-01
2.261721398681402206e-01
2.567595932632684708e-01
4.190157800912857056e-01
2.576313894242048264e-01
2.738445028662681580e-01
3.651989065110683441e-01
2.220669947564601898e-01
1.634543705731630325e-01
1.628789510577917099e-01
2.217408288270235062e-01
2.270087171345949173e-01
1.601183600723743439e-01
2.224970925599336624e-01
1.695016380399465561e-01
1.695022620260715485e-01
2.064051777124404907e-01
1.517345644533634186e-01
2.258939184248447418e-01
2.254200689494609833e-01
2.240676060318946838e-01
1.796188168227672577e-01
1.947433687746524811e-01
1.965732555836439133e-01
2.055531181395053864e-01
1.506374478340148926e-01
1.872738637030124664e-01
2.462797630578279495e-01
2.737681120634078979e-01
2.253000866621732712e-01
2.141151838004589081e-01
2.254310660064220428e-01
2.724310215562582016e-01
2.036219909787178040e-01
2.242375835776329041e-01
2.717062830924987793e-01
1.929809190332889557e-01
3.438931368291378021e-01
2.141547165811061859e-01
2.146592568606138229e-01
2.206241190433502197e-01
1.954815573990345001e-01
3.158757630735635757e-01
2.049822099506855011e-01
1.858537327498197556e-01
1.883867811411619186e-01
1.804001200944185257e-01
1.523595619946718216e-01
2.179058417677879333e-01
2.267836611717939377e-01
2.179908100515604019e-01
1.621293835341930389e-01
2.060851678252220154e-01
2.309330999851226807e-01
2.286887150257825851e-01
2.283576708287000656e-01
2.171650156378746033e-01
2.267113104462623596e-01
2.794067654758691788e-01
1.958114784210920334e-01
2.030971311032772064e-01
2.576422598212957382e-01
2.039679046720266342e-01
2.726503573358058929e-01
2.037048451602458954e-01
4.095401521772146225e-01
2.741744909435510635e-01
3.987321034073829651e-01
2.671483326703310013e-01
2.677424438297748566e-01
2.567106243222951889e-01
2.121009714901447296e-01
1.956380773335695267e-01
1.694565862417221069e-01
1.726288311183452606e-01
2.285733744502067566e-01
2.283024694770574570e-01
2.275876365602016449e-01
2.219447959214448929e-01
1.977719217538833618e-01
1.874503809958696365e-01
2.277512867003679276e-01
2.265778537839651108e-01
2.302632331848144531e-01
1.517692580819129944e-01
1.874429471790790558e-01
2.237902116030454636e-01
2.051554415374994278e-01
1.802532840520143509e-01
2.138520292937755585e-01
2.319677770137786865e-01
2.662249673157930374e-01
2.250846233218908310e-01
2.355538122355937958e-01
2.031473964452743530e-01
3.466771878302097321e-01
2.729116119444370270e-01
1.832954399287700653e-01
2.464991509914398193e-01
1.936819124966859818e-01
2.737019173800945282e-01
2.581032849848270416e-01
2.576352600008249283e-01
1.809706613421440125e-01
2.048409022390842438e-01
2.275678236037492752e-01
2.170344199985265732e-01
1.966526191681623459e-01
2.277638595551252365e-01
1.900214478373527527e-01
1.958758570253849030e-01
1.967406086623668671e-01
1.696965061128139496e-01
2.048564311116933823e-01
1.778545565903186798e-01
2.272267099469900131e-01
2.274376843124628067e-01
1.802371814846992493e-01
1.787261422723531723e-01
2.281595952808856964e-01
1.969743669033050537e-01
2.662187442183494568e-01
2.033012323081493378e-01
2.735851779580116272e-01
3.658908829092979431e-01
2.450393140316009521e-01
2.664916217327117920e-01
2.348961196839809418e-01
2.660600077360868454e-01
2.348957099020481110e-01
2.224398516118526459e-01
1.515111196786165237e-01
2.033675648272037506e-01
1.772676613181829453e-01
2.701418045908212662e-01
2.244979348033666611e-01
2.054127193987369537e-01
2.964023426175117493e-01
2.286857683211565018e-01
2.057343386113643646e-01
1.774862539023160934e-01
2.165400870144367218e-01
2.144433949142694473e-01
1.776771955192089081e-01
1.696210280060768127e-01
1.619627382606267929e-01
1.970923952758312225e-01
2.135766353458166122e-01
1.870345510542392731e-01
2.260061986744403839e-01
1.698833238333463669e-01
1.962517108768224716e-01
2.732676584273576736e-01
1.817855741828680038e-01
1.824820693582296371e-01
3.548133578151464462e-01
2.561766691505908966e-01
2.148807831108570099e-01
2.348483540117740631e-01
2.727488353848457336e-01
2.356901187449693680e-01
2.561924271285533905e-01
2.041522879153490067e-01
2.727536130696535110e-01
1.693035978823900223e-01
2.058852650225162506e-01
2.137993853539228439e-01
2.264481261372566223e-01
1.690981015563011169e-01
2.261299733072519302e-01
2.260638605803251266e-01
1.860858500003814697e-01
2.123053334653377533e-01
2.268630154430866241e-01
1.772024817764759064e-01
2.230343818664550781e-01
2.147369664162397385e-01
2.127556689083576202e-01
1.774002965539693832e-01
1.530580893158912659e-01
1.793051790446043015e-01
2.128823231905698776e-01
2.156422827392816544e-01
1.862706448882818222e-01
2.260541506111621857e-01
2.152379937469959259e-01
2.401074655354022980e-01
2.463838998228311539e-01
2.687220834195613861e-01
2.247495260089635849e-01
2.359681352972984314e-01
2.461383342742919922e-01
2.572115268558263779e-01
3.751775752753019333e-01
2.681560777127742767e-01
2.371237482875585556e-01
3.769935537129640579e-01
2.353245653212070465e-01
2.040825132280588150e-01
1.701097134500741959e-01
2.047685664147138596e-01
1.878633312880992889e-01
2.267757914960384369e-01
2.150360438972711563e-01
2.047220356762409210e-01
1.956667900085449219e-01
1.605813298374414444e-01
1.793234720826148987e-01
1.781593058258295059e-01
2.163213416934013367e-01
1.942933406680822372e-01
2.263028044253587723e-01
2.049300316721200943e-01
1.787079200148582458e-01
2.223063185811042786e-01
1.779161151498556137e-01
2.861839029937982559e-01
2.401933018118143082e-01
2.136353459209203720e-01
1.825077347457408905e-01
2.251365482807159424e-01
2.739585954695940018e-01
2.735381182283163071e-01
2.571619022637605667e-01
2.458447981625795364e-01
2.362547107040882111e-01
2.475512009114027023e-01
2.479092832654714584e-01
2.256000414490699768e-01
3.250418063253164291e-01
1.867844983935356140e-01
2.271415200084447861e-01
3.239203821867704391e-01
2.285291459411382675e-01
2.261294443160295486e-01
2.302124798297882080e-01
1.879887729883193970e-01
2.055143471807241440e-01
1.893263515084981918e-01
1.875061802566051483e-01
1.864076927304267883e-01
2.813493981957435608e-01
1.975723300129175186e-01
1.972700208425521851e-01
2.042623031884431839e-01
2.233600821346044540e-01
1.811856888234615326e-01
1.963464375585317612e-01
1.603997945785522461e-01
1.806730814278125763e-01
2.052077129483222961e-01
2.225142940878868103e-01
2.150596398860216141e-01
1.944288387894630432e-01
2.166714984923601151e-01
2.365751154720783234e-01
2.763886488974094391e-01
2.160096298903226852e-01
2.757821120321750641e-01
2.750384863466024399e-01
3.291947692632675171e-01
2.741667460650205612e-01
2.386968452483415604e-01
1.707014720886945724e-01
2.072204984724521637e-01
2.277887351810932159e-01
2.259981408715248108e-01
1.901294272392988205e-01
2.056572455912828445e-01
1.713357325643301010e-01
1.986054498702287674e-01
2.245153300464153290e-01
2.066291347146034241e-01
1.531834881752729416e-01
2.270509563386440277e-01
1.975568756461143494e-01
2.306539043784141541e-01
1.955152824521064758e-01
1.747090276330709457e-01
2.607313320040702820e-01
2.599704209715127945e-01
2.681980598717927933e-01
2.682246286422014236e-01
2.251001670956611633e-01
2.579425889998674393e-01
2.149338424205780029e-01
2.038145083934068680e-01
1.945453975349664688e-01
2.481146231293678284e-01
1.723712068051099777e-01
2.046730779111385345e-01
1.782637834548950195e-01
2.078164331614971161e-01
2.034749053418636322e-01
2.240213025361299515e-01
1.916145849972963333e-01
2.061804793775081635e-01
2.071132399141788483e-01
2.242203317582607269e-01
2.158304564654827118e-01
1.983736213296651840e-01
1.970755979418754578e-01
2.059066314250230789e-01
1.984373144805431366e-01
2.283101119101047516e-01
2.145459037274122238e-01
1.433484349399805069e-01
2.279897704720497131e-01
2.292666956782341003e-01
2.261742223054170609e-01
2.374631538987159729e-01
2.685297690331935883e-01
2.483767345547676086e-01
2.575572952628135681e-01
1.930782217532396317e-01
2.157499771565198898e-01
2.568852361291646957e-01
2.585992533713579178e-01
2.159603741019964218e-01
2.737631201744079590e-01
2.275664620101451874e-01
1.724316813051700592e-01
2.134916670620441437e-01
1.876483093947172165e-01
2.164400741457939148e-01
1.878283973783254623e-01
2.236573975533246994e-01
1.995302103459835052e-01
1.970370169728994370e-01
2.055349629372358322e-01
1.922879219055175781e-01
1.616883892565965652e-01
1.793678533285856247e-01
2.313821129500865936e-01
1.804149691015481949e-01
1.973811164498329163e-01
2.156375087797641754e-01
2.064218334853649139e-01
1.968899350613355637e-01
2.156942542642354965e-01
2.277159318327903748e-01
1.793789137154817581e-01
2.088694535195827484e-01
2.755221463739871979e-01
3.468564487993717194e-01
2.740123607218265533e-01
2.763896901160478592e-01
2.595800794661045074e-01
2.151072081178426743e-01
2.272528093308210373e-01
2.377905435860157013e-01
2.584253046661615372e-01
2.160384077578783035e-01
2.054121121764183044e-01
1.887275688350200653e-01
1.972080096602439880e-01
1.885551493614912033e-01
2.160242162644863129e-01
2.272688578814268112e-01
2.239969987422227859e-01
2.282898891717195511e-01
1.900979969650506973e-01
1.614297460764646530e-01
2.288757115602493286e-01
3.086894769221544266e-01
1.982914600521326065e-01
2.244697436690330505e-01
2.314239069819450378e-01
3.168022762984037399e-01
2.143973167985677719e-01
1.916567236185073853e-01
2.231149468570947647e-01
3.435294684022665024e-01
2.245422340929508209e-01
2.155302818864583969e-01
1.720792204141616821e-01
1.816741973161697388e-01
2.294669412076473236e-01
2.168109025806188583e-01
1.948583498597145081e-01
1.951135545969009399e-01
2.743149958550930023e-01
2.758168280124664307e-01
2.492033019661903381e-01
2.269335146993398666e-01
2.691737115383148193e-01
2.482699472457170486e-01
2.061914466321468353e-01
1.951137259602546692e-01
2.484619375318288803e-01
2.182475216686725616e-01
1.964009851217269897e-01
1.805791743099689484e-01
2.242810297757387161e-01
1.877804975956678391e-01
1.962463092058897018e-01
1.610291823744773865e-01
1.600377280265092850e-01
2.299757916480302811e-01
2.132973670959472656e-01
1.602959614247083664e-01
1.699998565018177032e-01
1.954256463795900345e-01
1.871330644935369492e-01
2.267846316099166870e-01
3.048755619674921036e-01
1.956506539136171341e-01
2.321701068431138992e-01
2.749612480401992798e-01
3.451644461601972580e-01
3.557679820805788040e-01
1.936482992023229599e-01
1.718667503446340561e-01
2.724386099725961685e-01
2.664516456425189972e-01
2.463975120335817337e-01
3.765979968011379242e-01
2.719047833234071732e-01
2.458098568022251129e-01
2.052052412182092667e-01
2.051379941403865814e-01
2.264424711465835571e-01
2.246605362743139267e-01
1.953821126371622086e-01
1.701049823313951492e-01
2.070194128900766373e-01
1.600021794438362122e-01
2.290075868368148804e-01
1.864344570785760880e-01
1.598068792372941971e-01
2.133095990866422653e-01
1.855207905173301697e-01
1.604117359966039658e-01
2.276644464582204819e-01
1.869929078966379166e-01
2.231935057789087296e-01
1.777200270444154739e-01
3.197744470089673996e-01
1.648357156664133072e-01
2.470100093632936478e-01
2.745117936283349991e-01
2.567656338214874268e-01
2.351941168308258057e-01
2.565166577696800232e-01
2.033395860344171524e-01
2.147113382816314697e-01
2.260749880224466324e-01
2.674093432724475861e-01
2.456573229283094406e-01
2.670913301408290863e-01
2.267936635762453079e-01
1.721545532345771790e-01
1.961216256022453308e-01
1.606832221150398254e-01
1.701784227043390274e-01
2.960829269140958786e-01
2.143610883504152298e-01
1.875820606946945190e-01
1.773341111838817596e-01
1.872844379395246506e-01
1.990403365343809128e-01
1.523874793201684952e-01
1.781572420150041580e-01
1.962351165711879730e-01
2.138628941029310226e-01
2.056530881673097610e-01
1.784844994544982910e-01
2.224617414176464081e-01
1.876160576939582825e-01
1.994424015283584595e-01
2.135319039225578308e-01
1.875392645597457886e-01
2.322574406862258911e-01
2.377328947186470032e-01
2.365285046398639679e-01
3.667331691831350327e-01
2.454750332981348038e-01
2.361421510577201843e-01
2.052291873842477798e-01
2.580359261482954025e-01
2.736412975937128067e-01
2.463339921087026596e-01
2.251108400523662567e-01
3.424028530716896057e-01
1.956239044666290283e-01
2.305560950189828873e-01
2.140151504427194595e-01
1.622616238892078400e-01
2.704209368675947189e-01
1.430266909301280975e-01
2.274419348686933517e-01
2.297611348330974579e-01
2.241402696818113327e-01
1.882217936217784882e-01
1.896494273096323013e-01
1.961895842105150223e-01
2.272769380360841751e-01
2.176350411027669907e-01
2.789809834212064743e-01
1.880681812763214111e-01
2.291269190609455109e-01
1.606093775480985641e-01
2.415259052067995071e-01
2.468094993382692337e-01
2.571107652038335800e-01
2.261520940810441971e-01
2.268878221511840820e-01
2.679920159280300140e-01
2.043360210955142975e-01
1.927947364747524261e-01
2.685532532632350922e-01
2.365829348564147949e-01
2.148042656481266022e-01
2.151497974991798401e-01
2.156617641448974609e-01
2.226781025528907776e-01
2.147287875413894653e-01
1.699712835252285004e-01
1.800849810242652893e-01
1.613065674901008606e-01
1.771349553018808365e-01
1.725511681288480759e-01
1.788154542446136475e-01
1.877779997885227203e-01
2.162546254694461823e-01
1.881541963666677475e-01
1.606195345520973206e-01
2.059038393199443817e-01
2.272897325456142426e-01
2.165095862001180649e-01
2.280947789549827576e-01
1.690465100109577179e-01
2.258801888674497604e-01
2.048386670649051666e-01
2.466959897428750992e-01
1.829421017318964005e-01
2.683729212731122971e-01
2.753204517066478729e-01
2.746138218790292740e-01
2.749872952699661255e-01
3.673695046454668045e-01
2.739351503551006317e-01
1.732946988195180893e-01
2.740842010825872421e-01
2.270266041159629822e-01
1.351487915962934494e-01
2.148725781589746475e-01
1.792685389518737793e-01
1.703482698649168015e-01
1.970569510012865067e-01
1.968733519315719604e-01
2.150983251631259918e-01
1.953751873224973679e-01
2.045947182923555374e-01
2.290895506739616394e-01
2.138489261269569397e-01
2.266701720654964447e-01
1.628187764436006546e-01
1.959582883864641190e-01
2.229624893516302109e-01
3.022169303148984909e-01
1.931723598390817642e-01
1.928661521524190903e-01
2.138150613754987717e-01
2.273895982652902603e-01
2.687183097004890442e-01
2.036157082766294479e-01
2.745819650590419769e-01
2.373632229864597321e-01
2.744744122028350830e-01
2.041812259703874588e-01
2.357924189418554306e-01
3.355121407657861710e-01
2.731537967920303345e-01
1.509749405086040497e-01
1.891686841845512390e-01
1.698038820177316666e-01
1.958504468202590942e-01
2.247799970209598541e-01
2.131150867789983749e-01
1.782796364277601242e-01
3.042379599064588547e-01
1.704026143997907639e-01
2.204471640288829803e-01
1.965378690510988235e-01
2.143448777496814728e-01
2.293670531362295151e-01
2.270907405763864517e-01
1.958731655031442642e-01
1.879010852426290512e-01
1.971327234059572220e-01
2.359887845814228058e-01
2.744456771761178970e-01
2.742425333708524704e-01
2.467984072864055634e-01
2.740050181746482849e-01
2.155635356903076172e-01
2.689619977027177811e-01
2.363693676888942719e-01
2.562146484851837158e-01
2.467997502535581589e-01
1.895585916936397552e-01
1.508346889168024063e-01
1.790257245302200317e-01
1.981474515050649643e-01
1.792059317231178284e-01
2.273348942399024963e-01
1.890587713569402695e-01
2.876105643808841705e-01
2.275031525641679764e-01
1.895184572786092758e-01
1.864571534097194672e-01
2.140134330838918686e-01
1.985697057098150253e-01
3.124258741736412048e-01
1.504543665796518326e-01
2.154454272240400314e-01
1.693593114614486694e-01
2.775882668793201447e-01
1.883503179997205734e-01
1.870801616460084915e-01
2.233381960541009903e-01
2.156545575708150864e-01
2.139894627034664154e-01
2.359306756407022476e-01
2.471218407154083252e-01
2.048570495098829269e-01
2.477940842509269714e-01
1.818418540060520172e-01
2.254989445209503174e-01
2.573327608406543732e-01
2.730756290256977081e-01
2.139717619866132736e-01
2.741680610924959183e-01
1.605105791240930557e-01
3.317328579723834991e-01
1.869371496140956879e-01
1.596547719091176987e-01
2.270638030022382736e-01
1.709940060973167419e-01
2.956441119313240051e-01
1.883629616349935532e-01
2.216667681932449341e-01
2.292676605284214020e-01
1.623996198177337646e-01
2.254792544990777969e-01
2.689138483256101608e-01
1.595525629818439484e-01
2.257969845086336136e-01
3.055051863193511963e-01
1.683767102658748627e-01
3.325765505433082581e-01
2.248570863157510757e-01
2.687450759112834930e-01
2.350176237523555756e-01
2.736236657947301865e-01
2.364324610680341721e-01
2.729937694966793060e-01
3.669983912259340286e-01
2.732957769185304642e-01
2.685227058827877045e-01
2.254329286515712738e-01
2.462759353220462799e-01
2.357618845999240875e-01
1.800084114074707031e-01
2.157716676592826843e-01
1.952353827655315399e-01
1.886357143521308899e-01
2.054421547800302505e-01
1.960673909634351730e-01
2.291466128081083298e-01
1.778796464204788208e-01
1.777837742120027542e-01
2.261236645281314850e-01
1.874649450182914734e-01
1.623477395623922348e-01
2.231277842074632645e-01
1.788761615753173828e-01
2.232992704957723618e-01
2.964169345796108246e-01
3.178856875747442245e-01
1.932419240474700928e-01
2.359122801572084427e-01
4.512110669165849686e-01
2.249739337712526321e-01
2.137913070619106293e-01
2.246052250266075134e-01
2.738955207169055939e-01
2.753713242709636688e-01
2.745835483074188232e-01
2.743473779410123825e-01
2.747503127902746201e-01
1.525199208408594131e-01
2.297021131962537766e-01
1.695436909794807434e-01
2.073117084801197052e-01
2.065472416579723358e-01
2.277593817561864853e-01
1.968892104923725128e-01
2.051876224577426910e-01
1.787994801998138428e-01
1.626719348132610321e-01
1.879536882042884827e-01
1.608327329158782959e-01
1.873946040868759155e-01
1.876552589237689972e-01
1.984712872654199600e-01
3.145631384104490280e-01
2.290155366063117981e-01
1.539095807820558548e-01
2.051386162638664246e-01
1.892253533005714417e-01
2.300686910748481750e-01
2.779664974659681320e-01
2.031936794519424438e-01
3.515950031578540802e-01
2.750231735408306122e-01
1.953574363142251968e-01
2.263673245906829834e-01
2.281882558017969131e-01
2.260305862873792648e-01
2.295222152024507523e-01
2.759907841682434082e-01
2.376820836216211319e-01
2.369017824530601501e-01
1.969024203717708588e-01
3.067280743271112442e-01
2.191153373569250107e-01
2.243220396339893341e-01
1.886351127177476883e-01
2.147694639861583710e-01
1.637187059968709946e-01
3.244409430772066116e-01
3.311489373445510864e-01
1.988673321902751923e-01
2.291327994316816330e-01
2.282275259494781494e-01
1.701220087707042694e-01
2.059653904289007187e-01
2.278281897306442261e-01
2.153900209814310074e-01
1.782997362315654755e-01
1.617416292428970337e-01
1.875811181962490082e-01
2.105357609689235687e-01
2.261516749858856201e-01
1.723992377519607544e-01
2.268147859722375870e-01
2.741983737796545029e-01
2.155885472893714905e-01
2.469174358993768692e-01
2.366544101387262344e-01
1.937640551477670670e-01
2.475021909922361374e-01
2.368864007294178009e-01
2.158873379230499268e-01
2.585156075656414032e-01
2.281230371445417404e-01
2.890168167650699615e-01
2.258815914392471313e-01
1.708638276904821396e-01
2.280934173613786697e-01
1.816557198762893677e-01
1.967991441488265991e-01
1.881941240280866623e-01
1.876355893909931183e-01
1.966494154185056686e-01
2.076566610485315323e-01
1.877929829061031342e-01
1.345387194305658340e-01
2.167339548468589783e-01
2.058364115655422211e-01
2.143034934997558594e-01
1.970522012561559677e-01
2.048251330852508545e-01
2.369054928421974182e-01
2.371223438531160355e-01
2.750381976366043091e-01
2.151912562549114227e-01
2.164067607372999191e-01
2.263774890452623367e-01
4.550719615072011948e-01
2.678384296596050262e-01
2.585751321166753769e-01
2.358316257596015930e-01
2.146714106202125549e-01
1.431314293295145035e-01
1.607907135039567947e-01
1.863736528903245926e-01
2.230021413415670395e-01
1.613581590354442596e-01
1.963175367563962936e-01
1.543948817998170853e-01
1.785910334438085556e-01
3.051837384700775146e-01
1.899340171366930008e-01
1.882089134305715561e-01
2.161220740526914597e-01
1.884778495877981186e-01
1.882964074611663818e-01
1.965056154876947403e-01
2.050510644912719727e-01
1.710359808057546616e-01
1.957705803215503693e-01
2.150263916701078415e-01
2.068685702979564667e-01
2.153817731887102127e-01
2.692698035389184952e-01
2.262062113732099533e-01
2.474451567977666855e-01
3.360874038189649582e-01
2.161032930016517639e-01
2.695909775793552399e-01
2.764837890863418579e-01
2.371505424380302429e-01
2.764540016651153564e-01
1.924069952219724655e-01
2.389941904693841934e-01
2.293966747820377350e-01
1.959825307130813599e-01
2.080185431987047195e-01
2.353117540478706360e-01
2.052133195102214813e-01
2.157437968999147415e-01
2.281592339277267456e-01
1.958179567009210587e-01
2.260926496237516403e-01
1.697513330727815628e-01
1.966579724103212357e-01
1.796825639903545380e-01
1.693965680897235870e-01
1.879480648785829544e-01
3.051304835826158524e-01
2.279523350298404694e-01
1.877292767167091370e-01
1.614147238433361053e-01
1.883206907659769058e-01
2.145248614251613617e-01
1.688581816852092743e-01
1.826031021773815155e-01
2.037963140755891800e-01
2.468520160764455795e-01
2.679513469338417053e-01
2.035087347030639648e-01
2.461158242076635361e-01
2.041471414268016815e-01
2.239824272692203522e-01
2.745914943516254425e-01
1.963458769023418427e-01
2.288920748978853226e-01
2.127850577235221863e-01
2.786081843078136444e-01
1.812582053244113922e-01
3.050963245332241058e-01
2.226781938225030899e-01
1.893287263810634613e-01
2.133906092494726181e-01
2.260164543986320496e-01
1.718764882534742355e-01
1.963182706385850906e-01
2.262379527091979980e-01
1.988470368087291718e-01
1.960490681231021881e-01
2.133609279990196228e-01
1.688388995826244354e-01
2.046795599162578583e-01
1.960003059357404709e-01
1.692487318068742752e-01
2.046427521854639053e-01
1.865078415721654892e-01
2.043632250279188156e-01
1.692560128867626190e-01
2.330168783664703369e-01
2.033790703862905502e-01
2.036262359470129013e-01
2.459489591419696808e-01
2.721976432949304581e-01
2.673632204532623291e-01
2.251171041280031204e-01
2.245305925607681274e-01
2.719830516725778580e-01
2.040056847035884857e-01
2.464429214596748352e-01
2.460019420832395554e-01
1.780265346169471741e-01
1.871161889284849167e-01
1.612251512706279755e-01
2.049879450350999832e-01
1.952727064490318298e-01
2.128414493054151535e-01
1.864874623715877533e-01
1.778175644576549530e-01
2.215164750814437866e-01
1.640680655837059021e-01
1.781103163957595825e-01
1.604313366115093231e-01
1.787436846643686295e-01
2.259572129696607590e-01
1.718597356230020523e-01
2.277829609811306000e-01
1.869442481547594070e-01
1.695984620600938797e-01
1.961559634655714035e-01
1.957426797598600388e-01
2.361109461635351181e-01
2.355018742382526398e-01
3.361712489277124405e-01
2.258375249803066254e-01
2.738749533891677856e-01
2.492775097489356995e-01
1.933517456054687500e-01
2.359470129013061523e-01
2.246480379253625870e-01
2.470307666808366776e-01
2.726125288754701614e-01
3.764667157083749771e-01
1.862589791417121887e-01
2.057829406112432480e-01
3.157893903553485870e-01
1.606599930673837662e-01
2.277229484170675278e-01
2.068946063518524170e-01
1.793806068599224091e-01
1.952130086719989777e-01
2.221963796764612198e-01
1.805322393774986267e-01
2.228764984756708145e-01
2.272896617650985718e-01
2.275480218231678009e-01
1.877729352563619614e-01
1.689976248890161514e-01
2.234946284443140030e-01
2.289924006909132004e-01
1.784341651946306229e-01
1.791391689330339432e-01
2.236772011965513229e-01
2.635332588106393814e-01
2.361442912369966507e-01
2.160220518708229065e-01
2.456109132617712021e-01
2.365970946848392487e-01
1.712680216878652573e-01
3.660490736365318298e-01
2.362969592213630676e-01
2.359031438827514648e-01
2.037390638142824173e-01
2.567290626466274261e-01
2.146429251879453659e-01
2.254624385386705399e-01
1.961856856942176819e-01
1.698384489864110947e-01
2.285557854920625687e-01
2.136780340224504471e-01
1.695766393095254898e-01
1.612566336989402771e-01
2.061588019132614136e-01
1.780931744724512100e-01
2.299260012805461884e-01
2.909194752573966980e-01
2.233937643468379974e-01
2.235720213502645493e-01
2.057005763053894043e-01
1.528214812278747559e-01
2.139694187790155411e-01
1.780278012156486511e-01
2.731710057705640793e-01
2.022951859980821609e-01
2.040434479713439941e-01
2.150478977710008621e-01
2.359225526452064514e-01
2.723857071250677109e-01
2.456075698137283325e-01
2.688143737614154816e-01
2.245084941387176514e-01
2.734246011823415756e-01
1.548436600714921951e-01
2.268248144537210464e-01
1.789693217724561691e-01
1.688837129622697830e-01
1.784255262464284897e-01
1.612267363816499710e-01
2.275972180068492889e-01
2.222081497311592102e-01
1.941528413444757462e-01
1.964011602103710175e-01
2.271031308919191360e-01
2.896791398525238037e-01
1.871247868984937668e-01
1.953432466834783554e-01
1.789288800209760666e-01
1.875757668167352676e-01
1.951961368322372437e-01
2.140712160617113113e-01
1.606504693627357483e-01
3.054779153317213058e-01
2.301963046193122864e-01
1.878777779638767242e-01
1.968021895736455917e-01
2.556160707026720047e-01
2.569765113294124603e-01
3.456780612468719482e-01
2.352892570197582245e-01
3.665738869458436966e-01
2.245206180959939957e-01
1.933726388961076736e-01
2.573309410363435745e-01
2.240319643169641495e-01
2.671154700219631195e-01
1.824759282171726227e-01
2.349588721990585327e-01
2.459788043051958084e-01
2.049314714968204498e-01
1.687688473612070084e-01
2.234156187623739243e-01
1.605297289788722992e-01
2.153145577758550644e-01
2.230125293135643005e-01
1.887733861804008484e-01
1.818687748163938522e-01
2.890891376882791519e-01
2.217059098184108734e-01
2.297513205558061600e-01
2.136261891573667526e-01
2.142715025693178177e-01
1.980872526764869690e-01
2.219742983579635620e-01
2.239362746477127075e-01
2.782089859247207642e-01
1.602437365800142288e-01
2.088510356843471527e-01
2.571939360350370407e-01
2.671606484800577164e-01
2.571382429450750351e-01
1.827592812478542328e-01
2.449203394353389740e-01
2.733243685215711594e-01
1.710484866052865982e-01
2.043354324996471405e-01
2.568578310310840607e-01
2.746609542518854141e-01
2.577045783400535583e-01
1.875347718596458435e-01
2.139327488839626312e-01
2.272955607622861862e-01
1.869204454123973846e-01
3.398422468453645706e-01
1.985356733202934265e-01
2.134423647075891495e-01
2.229412253946065903e-01
2.076513599604368210e-01
2.059188112616539001e-01
2.042359299957752228e-01
2.298013679683208466e-01
1.862581856548786163e-01
2.037756368517875671e-01
1.985007915645837784e-01
2.133453339338302612e-01
2.365213651210069656e-01
2.726066596806049347e-01
2.470570839941501617e-01
2.356471531093120575e-01
3.781305868178606033e-01
2.349758911877870560e-01
2.580091562122106552e-01
2.353772018104791641e-01
2.573873102664947510e-01
2.347250245511531830e-01
3.520406708121299744e-01
3.389604277908802032e-01
1.808958202600479126e-01
2.221176791936159134e-01
1.957119498401880264e-01
3.062387034296989441e-01
2.266924958676099777e-01
1.686840280890464783e-01
2.707771379500627518e-01
2.262771390378475189e-01
1.870747841894626617e-01
2.160489000380039215e-01
1.601863708347082138e-01
1.535197105258703232e-01
2.260111030191183090e-01
2.689024917781352997e-01
3.412850797176361084e-01
2.220851499587297440e-01
2.039340753108263016e-01
2.151969000697135925e-01
2.177169006317853928e-01
2.082288544625043869e-01
2.172044496983289719e-01
2.642290070652961731e-01
2.257833033800125122e-01
1.925547476857900620e-01
2.352875415235757828e-01
1.719134710729122162e-01
2.147204112261533737e-01
2.363027706742286682e-01
2.135717105120420456e-01
3.655636776238679886e-01
1.774805206805467606e-01
2.256816178560256958e-01
1.597878895699977875e-01
2.260182462632656097e-01
2.041705567389726639e-01
1.947300005704164505e-01
1.861046627163887024e-01
2.887731194496154785e-01
1.966423913836479187e-01
2.127513289451599121e-01
2.260565310716629028e-01
2.272419072687625885e-01
1.602832265198230743e-01
2.259777616709470749e-01
1.593246478587388992e-01
2.215572819113731384e-01
2.273947689682245255e-01
1.968145109713077545e-01
1.776705570518970490e-01
2.459441944956779480e-01
3.653280958533287048e-01
2.135490961372852325e-01
2.560048662126064301e-01
2.466431502252817154e-01
2.163335755467414856e-01
1.932016536593437195e-01
2.038887757807970047e-01
2.728287409991025925e-01
2.353861462324857712e-01
2.356174401938915253e-01
2.137521132826805115e-01
2.688608523458242416e-01
2.282532714307308197e-01
2.263205796480178833e-01
2.233341522514820099e-01
1.806582212448120117e-01
2.218841500580310822e-01
1.864474695175886154e-01
1.716223433613777161e-01
2.268488425761461258e-01
1.962298583239316940e-01
2.132470682263374329e-01
2.276740465313196182e-01
1.952498517930507660e-01
2.905703838914632797e-01
1.957747358828783035e-01
2.186455596238374710e-01
2.451299596577882767e-01
2.674560453742742538e-01
2.576212175190448761e-01
2.145849540829658508e-01
1.830471828579902649e-01
1.932748612016439438e-01
2.350732609629631042e-01
2.027724068611860275e-01
2.724003102630376816e-01
2.351172082126140594e-01
2.725370414555072784e-01
1.519180666655302048e-01
2.267333660274744034e-01
2.048067264258861542e-01
1.794713493436574936e-01
1.863079667091369629e-01
2.971717640757560730e-01
1.961557399481534958e-01
1.517888735979795456e-01
1.870305258780717850e-01
1.967465355992317200e-01
1.704450119286775589e-01
2.288548108190298080e-01
2.046772148460149765e-01
2.046701982617378235e-01
1.894993837922811508e-01
3.044744152575731277e-01
2.133826650679111481e-01
2.056350801140069962e-01
1.882325820624828339e-01
3.225808907300233841e-01
1.954533495008945465e-01
2.464745473116636276e-01
2.355203460901975632e-01
2.035118434578180313e-01
2.462403289973735809e-01
1.724503897130489349e-01
2.247576694935560226e-01
2.140530236065387726e-01
2.732325959950685501e-01
2.355816904455423355e-01
2.355888504534959793e-01
2.725228108465671539e-01
1.920535564422607422e-01
2.539538498967885971e-01
2.210844866931438446e-01
1.774721127003431320e-01
2.045474331825971603e-01
2.053323201835155487e-01
2.064648624509572983e-01
1.958313919603824615e-01
1.958777606487274170e-01
2.146243508905172348e-01
2.147211041301488876e-01
2.277336176484823227e-01
1.882952507585287094e-01
2.044386565685272217e-01
2.268353439867496490e-01
1.707852352410554886e-01
2.052008807659149170e-01
2.282958291471004486e-01
1.871759630739688873e-01
2.246924955397844315e-01
2.711995150893926620e-01
2.721272967755794525e-01
2.721735872328281403e-01
2.668241634964942932e-01
2.142280824482440948e-01
2.750093750655651093e-01
3.751937579363584518e-01
2.362451925873756409e-01
2.464550714939832687e-01
2.350235152989625931e-01
2.025220822542905807e-01
2.030180618166923523e-01
1.775714736431837082e-01
2.274675704538822174e-01
2.333187181502580643e-01
2.137627266347408295e-01
2.128578685224056244e-01
2.266872413456439972e-01
1.779783722013235092e-01
1.686934735625982285e-01
1.514525786042213440e-01
3.322143480181694031e-01
1.777427829802036285e-01
2.274678722023963928e-01
1.975491233170032501e-01
1.951880455017089844e-01
1.686955206096172333e-01
1.700280532240867615e-01
1.960160620510578156e-01
2.225968316197395325e-01
1.780288014560937881e-01
1.430025640875101089e-01
2.049712855368852615e-01
2.560633160173892975e-01
2.676042169332504272e-01
2.141376603394746780e-01
2.685592789202928543e-01
2.133181635290384293e-01
1.923254616558551788e-01
2.574383672326803207e-01
2.744830567389726639e-01
2.249856051057577133e-01
2.356161940842866898e-01
2.245178725570440292e-01
2.044202014803886414e-01
2.550681419670581818e-01
2.966074347496032715e-01
1.876969374716281891e-01
1.428704969584941864e-01
1.882279049605131149e-01
1.800530347973108292e-01
2.269988562911748886e-01
2.263422850519418716e-01
2.137965559959411621e-01
2.265565600246191025e-01
1.789397429674863815e-01
2.043779809027910233e-01
2.261945214122533798e-01
2.220776248723268509e-01
2.277539949864149094e-01
1.988100614398717880e-01
1.605496946722269058e-01
2.275961264967918396e-01
1.810784488916397095e-01
1.865641344338655472e-01
3.136004842817783356e-01
1.984474100172519684e-01
2.168718799948692322e-01
2.677132692188024521e-01
2.671295572072267532e-01
2.728445455431938171e-01
2.560512591153383255e-01
1.921692807227373123e-01
2.734798602759838104e-01
1.930233407765626907e-01
2.237963043153285980e-01
1.718086339533329010e-01
2.571518830955028534e-01
2.472536023706197739e-01
1.829676255583763123e-01
2.042115554213523865e-01
1.974547766149044037e-01
1.879546549171209335e-01
2.137395758181810379e-01
1.966986022889614105e-01
2.275607250630855560e-01
1.699190791696310043e-01
1.874726004898548126e-01
2.708669081330299377e-01
1.954394634813070297e-01
2.263766080141067505e-01
1.953717377036809921e-01
2.063594236969947815e-01
2.226374652236700058e-01
2.120390925556421280e-01
2.248357534408569336e-01
2.586600184440612793e-01
2.569202817976474762e-01
2.584108561277389526e-01
2.144977506250143051e-01
1.718599945306777954e-01
2.161597590893507004e-01
1.826539449393749237e-01
2.246706243604421616e-01
2.680911961942911148e-01
1.621245555579662323e-01
2.671562470495700836e-01
1.874573696404695511e-01
2.291224412620067596e-01
1.875704564154148102e-01
1.867075078189373016e-01
1.982250101864337921e-01
2.270199675112962723e-01
1.778404843062162399e-01
1.622337661683559418e-01
2.134120911359786987e-01
2.270678784698247910e-01
1.702204402536153793e-01
2.953988611698150635e-01
1.865409724414348602e-01
2.279763966798782349e-01
1.887908969074487686e-01
1.694712992757558823e-01
1.819461695849895477e-01
1.860406342893838882e-01
1.958026308566331863e-01
2.041052542626857758e-01
1.964327506721019745e-01
1.719741448760032654e-01
2.129671201109886169e-01
2.719555981457233429e-01
2.459033299237489700e-01
2.678291592746973038e-01
2.128759417682886124e-01
1.924186516553163528e-01
2.734384927898645401e-01
2.730491459369659424e-01
2.725963331758975983e-01
2.136402875185012817e-01
2.030422333627939224e-01
1.518706604838371277e-01
1.975817177444696426e-01
1.859293282032012939e-01
2.263814657926559448e-01
1.971815451979637146e-01
2.259537130594253540e-01
1.767729427665472031e-01
1.771650500595569611e-01
1.770404633134603500e-01
2.061350978910923004e-01
3.301261700689792633e-01
1.784181911498308182e-01
2.800125796347856522e-01
2.136476561427116394e-01
2.037982027977705002e-01
1.685294564813375473e-01
2.256398387253284454e-01
2.221118938177824020e-01
1.784435100853443146e-01
1.849915813654661179e-01
2.618947420269250870e-01
2.136523928493261337e-01
1.714902948588132858e-01
1.932226438075304031e-01
2.667811587452888489e-01
2.455071881413459778e-01
2.463190965354442596e-01
2.725055348128080368e-01
2.245579715818166733e-01
2.722837738692760468e-01
1.930106952786445618e-01
2.249822225421667099e-01
1.958435233682394028e-01
1.887118555605411530e-01
1.778277680277824402e-01
2.048045303672552109e-01
2.153082937002182007e-01
2.048326674848794937e-01
1.599221080541610718e-01
1.788277141749858856e-01
1.699784491211175919e-01
1.688912026584148407e-01
2.134537082165479660e-01
1.964543554931879044e-01
2.235965263098478317e-01
2.050743717700242996e-01
1.879442874342203140e-01
1.691753659397363663e-01
1.967931352555751801e-01
2.222347743809223175e-01
2.224458381533622742e-01
1.774781718850135803e-01
2.046485953032970428e-01
2.074157539755105972e-01
2.078294716775417328e-01
2.740788385272026062e-01
2.739910818636417389e-01
2.041874807327985764e-01
2.580528333783149719e-01
2.463502418249845505e-01
2.677722740918397903e-01
3.359244503080844879e-01
2.737091761082410812e-01
1.927799340337514877e-01
2.736627534031867981e-01
2.357934433966875076e-01
2.273484263569116592e-01
1.610322780907154083e-01
2.221136707812547684e-01
1.614679992198944092e-01
2.053439766168594360e-01
2.222050949931144714e-01
2.138965129852294922e-01
2.208384573459625244e-01
2.225598227232694626e-01
1.965577844530344009e-01
2.043064795434474945e-01
2.052852064371109009e-01
1.705581210553646088e-01
1.772172171622514725e-01
2.050555553287267685e-01
1.514820531010627747e-01
2.220197245478630066e-01
2.452535238116979599e-01
2.356743887066841125e-01
2.032339144498109818e-01
2.136826720088720322e-01
2.674071509391069412e-01
2.146502118557691574e-01
2.472487799823284149e-01
2.723270431160926819e-01
2.571954261511564255e-01
2.468358594924211502e-01
3.669822197407484055e-01
2.045717909932136536e-01
1.870684418827295303e-01
2.045145183801651001e-01
1.801410950720310211e-01
2.138207890093326569e-01
1.780429184436798096e-01
1.872966364026069641e-01
1.963000483810901642e-01
2.283739987760782242e-01
1.511189565062522888e-01
2.148356791585683823e-01
2.157707624137401581e-01
2.234121784567832947e-01
3.147958796471357346e-01
2.289790995419025421e-01
1.704120114445686340e-01
1.710662133991718292e-01
2.316079046577215195e-01
1.660195887088775635e-01
2.755764424800872803e-01
1.945285405963659286e-01
2.747251521795988083e-01
2.689657323062419891e-01
2.362548932433128357e-01
2.728303987532854080e-01
2.470051236450672150e-01
2.046351656317710876e-01
1.929804459214210510e-01
1.935355868190526962e-01
2.034472580999135971e-01
1.778435725718736649e-01
2.233704030513763428e-01
2.271430380642414093e-01
1.724537201225757599e-01
2.269438635557889938e-01
2.688564397394657135e-01
1.966825835406780243e-01
1.421504579484462738e-01
2.109564077109098434e-01
1.596505455672740936e-01
1.957061365246772766e-01
1.873551420867443085e-01
1.866535414010286331e-01
2.265846375375986099e-01
2.299710921943187714e-01
1.775385886430740356e-01
1.694325506687164307e-01
2.294160574674606323e-01
1.770096141844987869e-01
2.226232029497623444e-01
2.564413826912641525e-01
2.250054702162742615e-01
2.451105806976556778e-01
2.565430738031864166e-01
2.675112430006265640e-01
2.253950834274291992e-01
2.463643252849578857e-01
2.478158380836248398e-01
1.922348532825708389e-01
2.582884635776281357e-01
2.256790790706872940e-01
1.865937430411577225e-01
1.699380632489919662e-01
1.638683602213859558e-01
2.152425907552242279e-01
2.051124647259712219e-01
2.256405875086784363e-01
2.262310851365327835e-01
1.883003320544958115e-01
1.988650895655155182e-01
1.704664379358291626e-01
1.608408652245998383e-01
2.289297338575124741e-01
2.257081493735313416e-01
1.858500279486179352e-01
1.601282823830842972e-01
2.274829186499118805e-01
1.780493352562189102e-01
2.068462576717138290e-01
1.965317483991384506e-01
1.601800024509429932e-01
2.325454391539096832e-01
2.367536164820194244e-01
2.726014610379934311e-01
2.688012495636940002e-01
1.929956264793872833e-01
2.568892203271389008e-01
2.733028549700975418e-01
2.249422185122966766e-01
2.686135042458772659e-01
2.563302796334028244e-01
2.360573150217533112e-01
2.147244140505790710e-01
2.149855140596628189e-01
1.864625215530395508e-01
1.787339262664318085e-01
2.256533242762088776e-01
2.042254880070686340e-01
1.955515742301940918e-01
1.858064197003841400e-01
1.872563101351261139e-01
2.128684986382722855e-01
1.967471241950988770e-01
2.279626894742250443e-01
2.221119515597820282e-01
1.777512114495038986e-01
2.043398413807153702e-01
1.952008511871099472e-01
1.968438923358917236e-01
2.126019392162561417e-01
1.957620289176702499e-01
1.861044019460678101e-01
2.258741073310375214e-01
1.948943063616752625e-01
2.212729454040527344e-01
1.951465923339128494e-01
3.235880695283412933e-01
2.729865424335002899e-01
2.729791682213544846e-01
2.252419162541627884e-01
2.030422110110521317e-01
2.364274486899375916e-01
1.929721571505069733e-01
2.349901925772428513e-01
1.721492651849985123e-01
2.352223116904497147e-01
2.346992474049329758e-01
2.460444960743188858e-01
2.410411238670349121e-01
1.605777516961097717e-01
1.599980164319276810e-01
1.866108365356922150e-01
2.295657433569431305e-01
2.047133464366197586e-01
1.781319435685873032e-01
1.969468872994184494e-01
2.232548929750919342e-01
1.514712572097778320e-01
1.598148718476295471e-01
2.272546831518411636e-01
2.219087537378072739e-01
2.137554250657558441e-01
1.949437819421291351e-01
1.863464843481779099e-01
1.609347797930240631e-01
1.958422195166349411e-01
2.055033855140209198e-01
1.954889893531799316e-01
2.527018748223781586e-01
2.138755004853010178e-01
2.247450500726699829e-01
2.746536619961261749e-01
2.039140351116657257e-01
2.030937522649765015e-01
2.344586327672004700e-01
2.126634679734706879e-01
2.668284457176923752e-01
2.552147638052701950e-01
1.979221682995557785e-01
2.042134553194046021e-01
1.693612262606620789e-01
1.713015381246805191e-01
1.866255179047584534e-01
1.787385940551757812e-01
1.776692681014537811e-01
2.219331152737140656e-01
1.609586440026760101e-01
1.692044585943222046e-01
2.955643255263566971e-01
1.503145080059766769e-01
2.899695318192243576e-01
2.271821703761816025e-01
1.957635227590799332e-01
1.948172021657228470e-01
2.268087994307279587e-01
1.978087462484836578e-01
1.868077591061592102e-01
2.169739007949829102e-01
2.541163284331560135e-01
2.458721306174993515e-01
2.726026643067598343e-01
2.576482780277729034e-01
2.592005133628845215e-01
2.349486611783504486e-01
2.167722098529338837e-01
3.784177377820014954e-01
3.359390571713447571e-01
2.365837618708610535e-01
1.933502871543169022e-01
2.003290504217147827e-01
1.787391584366559982e-01
2.224834617227315903e-01
1.984520554542541504e-01
1.786137986928224564e-01
2.274541649967432022e-01
2.072997894138097763e-01
1.957049071788787842e-01
1.956822294741868973e-01
2.054003961384296417e-01
1.518686357885599136e-01
3.214013706892728806e-01
2.279034815728664398e-01
2.054315265268087387e-01
1.954881250858306885e-01
1.960198096930980682e-01
1.873971931636333466e-01
2.262945808470249176e-01
2.259160559624433517e-01
2.643214929848909378e-01
2.135769091546535492e-01
2.460673730820417404e-01
2.753985300660133362e-01
2.578719705343246460e-01
2.378139179199934006e-01
1.818018127232789993e-01
2.753270845860242844e-01
2.390028815716505051e-01
2.316933441907167435e-01
1.687308754771947861e-01
1.906058099120855331e-01
1.863789446651935577e-01
1.999777425080537796e-01
2.264438737183809280e-01
1.985166240483522415e-01
2.042021397501230240e-01
2.265047319233417511e-01
2.258110679686069489e-01
1.966824457049369812e-01
2.268614117056131363e-01
2.223512530326843262e-01
2.258893977850675583e-01
1.778469849377870560e-01
2.052797451615333557e-01
1.950701810419559479e-01
1.870021428912878036e-01
2.135555036365985870e-01
2.257253620773553848e-01
2.722075674682855606e-01
2.232973631471395493e-01
2.681105658411979675e-01
2.719956804066896439e-01
2.268311884254217148e-01
2.466172259300947189e-01
1.819448433816432953e-01
2.156046051532030106e-01
2.229588292539119720e-01
2.282358203083276749e-01
1.955334916710853577e-01
2.282568253576755524e-01
2.147823162376880646e-01
2.275435794144868851e-01
2.951572909951210022e-01
2.275749444961547852e-01
2.164700217545032501e-01
2.281093671917915344e-01
1.521770618855953217e-01
1.860297136008739471e-01
1.691827606409788132e-01
1.512795817106962204e-01
1.609425190836191177e-01
1.956156976521015167e-01
2.280244957655668259e-01
1.791638247668743134e-01
2.248798385262489319e-01
2.665800265967845917e-01
2.562422808259725571e-01
2.477191835641860962e-01
2.463359385728836060e-01
2.565983962267637253e-01
2.663866095244884491e-01
2.275552917271852493e-01
2.349579166620969772e-01
2.051192149519920349e-01
2.681663054972887039e-01
2.145151291042566299e-01
1.988926548510789871e-01
1.958534531295299530e-01
1.776992063969373703e-01
2.126678545027971268e-01
2.145647630095481873e-01
1.894310861825942993e-01
1.954961884766817093e-01
1.876688152551651001e-01
1.609900258481502533e-01
1.607587244361639023e-01
2.045769132673740387e-01
1.869450956583023071e-01
2.224732059985399246e-01
1.961580179631710052e-01
1.873267590999603271e-01
1.522122342139482498e-01
2.042084131389856339e-01
1.805521827191114426e-01
2.041034772992134094e-01
1.812520846724510193e-01
2.557585779577493668e-01
2.362187094986438751e-01
1.931958571076393127e-01
2.471022494137287140e-01
2.743169367313385010e-01
2.472317945212125778e-01
2.733597010374069214e-01
2.467663306742906570e-01
2.731626369059085846e-01
2.151063494384288788e-01
3.194401413202285767e-01
2.225854955613613129e-01
2.239702194929122925e-01
2.264068257063627243e-01
2.224826551973819733e-01
2.315290812402963638e-01
1.785990558564662933e-01
2.309821490198373795e-01
1.697651147842407227e-01
2.309767156839370728e-01
1.610344257205724716e-01
1.998915020376443863e-01
1.799070611596107483e-01
2.184134013950824738e-01
1.418530344963073730e-01
2.744556553661823273e-01
2.575510907918214798e-01
2.250718735158443451e-01
2.363071013242006302e-01
1.928968839347362518e-01
2.254604715853929520e-01
2.470227889716625214e-01
2.163967229425907135e-01
2.743420340120792389e-01
2.751350700855255127e-01
2.054552379995584488e-01
2.164221014827489853e-01
1.871782839298248291e-01
1.879408787935972214e-01
2.054499089717864990e-01
2.048875726759433746e-01
1.961474176496267319e-01
1.967886351048946381e-01
1.878304462879896164e-01
1.883789040148258209e-01
2.352661099284887314e-01
2.289314381778240204e-01
1.786277871578931808e-01
2.050188127905130386e-01
1.705332640558481216e-01
1.616841331124305725e-01
2.968999389559030533e-01
1.974645536392927170e-01
1.769033018499612808e-01
2.133866790682077408e-01
2.044747173786163330e-01
2.358454260975122452e-01
2.736099418252706528e-01
2.362779956310987473e-01
2.585766091942787170e-01
2.246864922344684601e-01
2.727026324719190598e-01
2.365055717527866364e-01
2.682742532342672348e-01
2.254878729581832886e-01
1.790730729699134827e-01
1.698844023048877716e-01
2.243711724877357483e-01
1.966334003955125809e-01
3.258469998836517334e-01
2.269474156200885773e-01
1.710626315325498581e-01
2.276649847626686096e-01
1.968180201947689056e-01
2.287682704627513885e-01
1.796523034572601318e-01
1.617208588868379593e-01
1.988664623349905014e-01
1.431213710457086563e-01
2.286462374031543732e-01
2.991807293146848679e-01
2.144925948232412338e-01
1.604805309325456619e-01
1.716510113328695297e-01
1.434340178966522217e-01
2.275929935276508331e-01
2.687842287123203278e-01
2.741164099425077438e-01
3.674896415323019028e-01
2.370263189077377319e-01
1.932924482971429825e-01
2.263471670448780060e-01
2.594260666519403458e-01
2.471039183437824249e-01
2.742800526320934296e-01
1.936392430216073990e-01
2.746198549866676331e-01
2.688941787928342819e-01
1.987327914685010910e-01
2.277158237993717194e-01
2.061392422765493393e-01
2.287074904888868332e-01
1.868003122508525848e-01
1.962508652359247208e-01
3.096734937280416489e-01
1.880321335047483444e-01
2.063626069575548172e-01
2.045233100652694702e-01
1.882305778563022614e-01
2.254348751157522202e-01
2.057235296815633774e-01
2.141370158642530441e-01
2.154076434671878815e-01
2.890194654464721680e-01
1.868848782032728195e-01
2.305983360856771469e-01
2.284195665270090103e-01
1.960408799350261688e-01
1.528899893164634705e-01
2.618337683379650116e-01
2.582515757530927658e-01
2.255392633378505707e-01
2.457757312804460526e-01
1.725832410156726837e-01
2.578467726707458496e-01
2.363706622272729874e-01
2.574576046317815781e-01
2.155312020331621170e-01
2.371856812387704849e-01
2.366581577807664871e-01
1.942654624581336975e-01
2.303385436534881592e-01
1.876019015908241272e-01
1.612776611000299454e-01
1.893880460411310196e-01
3.141581136733293533e-01
2.233780119568109512e-01
2.232145667076110840e-01
1.814817823469638824e-01
1.529218591749668121e-01
2.163012810051441193e-01
1.701826862990856171e-01
1.706282589584589005e-01
1.891449913382530212e-01
1.789312455803155899e-01
2.275389563292264938e-01
2.251442577689886093e-01
1.880149133503437042e-01
1.875728294253349304e-01
2.300606239587068558e-01
1.798521485179662704e-01
1.963103506714105606e-01
1.635004859417676926e-01
2.140714321285486221e-01
3.264053110033273697e-01
3.675832580775022507e-01
2.162950225174427032e-01
2.152373734861612320e-01
2.050097063183784485e-01
1.838360521942377090e-01
2.167488634586334229e-01
2.746458314359188080e-01
2.688567321747541428e-01
2.749636713415384293e-01
2.744404375553131104e-01
1.804821342229843140e-01
1.967437844723463058e-01
1.526127792894840240e-01
1.894266810268163681e-01
2.243945058435201645e-01
1.988761965185403824e-01
1.616916805505752563e-01
1.886561233550310135e-01
1.971389576792716980e-01
2.306180819869041443e-01
2.152439188212156296e-01
1.956533379852771759e-01
2.895566038787364960e-01
2.284503709524869919e-01
1.969176717102527618e-01
3.261487074196338654e-01
1.785378959029912949e-01
3.696432970464229584e-01
2.377997580915689468e-01
4.537105988711118698e-01
1.947730332612991333e-01
1.844617687165737152e-01
2.745415009558200836e-01
2.377356737852096558e-01
2.770213000476360321e-01
3.581981416791677475e-01
2.740669138729572296e-01
1.918607670813798904e-01
2.246683370321989059e-01
2.238039467483758926e-01
1.900076381862163544e-01
1.799349263310432434e-01
2.285694219172000885e-01
2.288124579936265945e-01
1.796254701912403107e-01
1.735039427876472473e-01
2.064640820026397705e-01
1.801470797508955002e-01
1.987277213484048843e-01
1.963428631424903870e-01
1.887796185910701752e-01
2.162672262638807297e-01
1.791226249188184738e-01
1.701300907880067825e-01
2.071500271558761597e-01
1.971511915326118469e-01
2.297288570553064346e-01
2.173852194100618362e-01
3.413683995604515076e-01
2.594185192137956619e-01
1.843391358852386475e-01
2.745401971042156219e-01
2.268688082695007324e-01
2.582512721419334412e-01
2.749322745949029922e-01
2.694712635129690170e-01
2.153208926320075989e-01
2.052365522831678391e-01
3.479605112224817276e-01
2.731723189353942871e-01
2.889367938041687012e-01
