timestamp,idx,gpu_util_pct,mem_used_pct
1772908214.190507374,0,0,0.00
1772908214.190507374,1,0,0.00
1772908215.216138330,0,0,0.00
1772908215.216138330,1,0,0.00
1772908216.240668551,0,0,0.00
1772908216.240668551,1,0,0.00
1772908217.264142828,0,0,0.00
1772908217.264142828,1,0,0.00
1772908218.289131491,0,0,0.00
1772908218.289131491,1,0,0.00
1772908219.312091931,0,0,0.00
1772908219.312091931,1,0,0.00
1772908220.339493240,0,0,0.00
1772908220.339493240,1,0,0.00
1772908221.363663319,0,0,0.00
1772908221.363663319,1,0,0.00
1772908222.388667352,0,0,0.01
1772908222.388667352,1,0,0.01
1772908223.412282868,0,0,8.53
1772908223.412282868,1,0,0.01
1772908224.436230238,0,0,8.53
1772908224.436230238,1,0,0.01
1772908225.461444718,0,0,8.53
1772908225.461444718,1,0,0.01
1772908226.487020401,0,0,8.53
1772908226.487020401,1,0,0.01
1772908227.512785236,0,0,8.59
1772908227.512785236,1,0,0.01
1772908228.537898211,0,0,8.59
1772908228.537898211,1,0,0.01
1772908229.562139788,0,0,8.59
1772908229.562139788,1,0,0.01
1772908230.585993221,0,0,8.59
1772908230.585993221,1,0,0.01
1772908231.609897388,0,0,8.59
1772908231.609897388,1,0,0.01
1772908232.632883565,0,0,8.59
1772908232.632883565,1,0,0.01
1772908233.657291409,0,0,8.59
1772908233.657291409,1,0,0.01
1772908234.682610765,0,0,8.59
1772908234.682610765,1,0,0.01
1772908235.708248842,0,0,8.59
1772908235.708248842,1,0,0.01
1772908236.733913893,0,0,8.59
1772908236.733913893,1,0,0.01
1772908237.757804230,0,0,8.59
1772908237.757804230,1,0,0.01
1772908238.780392319,0,0,8.59
1772908238.780392319,1,0,0.01
1772908239.804137699,0,0,8.59
1772908239.804137699,1,0,0.01
1772908240.827805266,0,0,8.59
1772908240.827805266,1,0,0.01
1772908241.850400635,0,0,8.59
1772908241.850400635,1,0,0.01
1772908242.874361741,0,0,8.59
1772908242.874361741,1,0,0.01
1772908243.898908335,0,0,8.59
1772908243.898908335,1,0,0.01
1772908244.923990177,0,0,8.59
1772908244.923990177,1,0,0.01
1772908245.947290729,0,0,8.59
1772908245.947290729,1,0,0.01
1772908246.971103346,0,0,8.59
1772908246.971103346,1,0,0.01
1772908247.993858750,0,0,8.59
1772908247.993858750,1,0,0.01
1772908249.016956752,0,0,8.59
1772908249.016956752,1,0,0.01
1772908250.040546775,0,0,8.59
1772908250.040546775,1,0,0.01
1772908251.065361592,0,0,8.59
1772908251.065361592,1,0,0.01
1772908252.089433777,0,0,8.59
1772908252.089433777,1,0,0.01
1772908253.112332976,0,0,8.59
1772908253.112332976,1,0,0.01
1772908254.135243813,0,0,8.59
1772908254.135243813,1,0,0.01
1772908255.158266248,0,0,8.59
1772908255.158266248,1,0,0.01
1772908256.181066889,0,0,8.59
1772908256.181066889,1,0,0.01
1772908257.204234430,0,0,8.59
1772908257.204234430,1,0,0.01
1772908258.227007443,0,0,8.59
1772908258.227007443,1,0,0.01
1772908259.249915889,0,0,8.59
1772908259.249915889,1,0,0.01
1772908260.272594370,0,0,8.59
1772908260.272594370,1,0,0.01
1772908261.295627012,0,0,8.59
1772908261.295627012,1,0,0.01
1772908262.318750522,0,0,8.59
1772908262.318750522,1,0,0.01
1772908263.342337363,0,0,8.59
1772908263.342337363,1,0,0.01
1772908264.365809719,0,0,8.59
1772908264.365809719,1,0,0.01
1772908265.388749228,0,0,8.59
1772908265.388749228,1,0,0.01
1772908266.413503357,0,0,8.59
1772908266.413503357,1,0,0.01
1772908267.438343416,0,0,8.59
1772908267.438343416,1,0,0.01
1772908268.462864830,0,0,8.59
1772908268.462864830,1,0,0.01
1772908269.486522992,0,0,8.59
1772908269.486522992,1,0,0.01
1772908270.509746814,0,0,8.59
1772908270.509746814,1,0,0.01
1772908271.533935818,0,0,8.59
1772908271.533935818,1,0,0.01
1772908272.558188152,0,5,8.95
1772908272.558188152,1,0,0.01
1772908273.583095672,0,0,9.14
1772908273.583095672,1,0,0.01
1772908274.606737969,0,100,9.69
1772908274.606737969,1,0,0.01
1772908275.630507429,0,100,10.42
1772908275.630507429,1,0,0.01
1772908276.654034980,0,100,10.51
1772908276.654034980,1,0,0.01
1772908277.677065284,0,100,10.78
1772908277.677065284,1,0,0.01
1772908278.701389627,0,99,11.06
1772908278.701389627,1,0,0.01
1772908279.724605473,0,99,11.06
1772908279.724605473,1,0,0.01
1772908280.748649833,0,99,11.06
1772908280.748649833,1,0,0.01
1772908281.774568896,0,99,11.06
1772908281.774568896,1,0,0.01
1772908282.799929669,0,99,11.06
1772908282.799929669,1,0,0.01
1772908283.823185490,0,100,11.06
1772908283.823185490,1,0,0.01
1772908284.848844167,0,100,11.06
1772908284.848844167,1,0,0.01
1772908285.873162048,0,100,11.06
1772908285.873162048,1,0,0.01
1772908286.896449742,0,28,11.06
1772908286.896449742,1,0,0.01
1772908287.918485389,0,0,11.06
1772908287.918485389,1,0,0.01
1772908288.941112825,0,0,11.06
1772908288.941112825,1,0,0.01
1772908289.964751270,0,0,11.06
1772908289.964751270,1,0,0.01
1772908290.987598935,0,0,11.06
1772908290.987598935,1,0,0.01
1772908292.011031383,0,0,11.06
1772908292.011031383,1,0,0.01
1772908293.033556752,0,0,11.06
1772908293.033556752,1,0,0.01
1772908294.056871817,0,0,11.06
1772908294.056871817,1,0,0.01
1772908295.079510455,0,0,11.06
1772908295.079510455,1,0,0.01
1772908296.103163714,0,0,11.06
1772908296.103163714,1,0,0.01
1772908297.126317197,0,0,11.06
1772908297.126317197,1,0,0.01
1772908298.151333851,0,0,11.06
1772908298.151333851,1,0,0.01
1772908299.175134140,0,0,11.06
1772908299.175134140,1,0,0.01
1772908300.197794116,0,0,11.06
1772908300.197794116,1,0,0.01
1772908301.221202635,0,0,11.06
1772908301.221202635,1,0,0.01
1772908302.244030386,0,0,11.06
1772908302.244030386,1,0,0.01
1772908303.267479451,0,0,11.06
1772908303.267479451,1,0,0.01
1772908304.291026042,0,0,11.06
1772908304.291026042,1,0,0.01
1772908305.313998314,0,0,11.06
1772908305.313998314,1,0,0.01
1772908306.337473699,0,0,11.06
1772908306.337473699,1,0,0.01
1772908307.361264681,0,0,11.06
1772908307.361264681,1,0,0.01
1772908308.384162047,0,1,11.06
1772908308.384162047,1,0,0.01
1772908309.407462719,0,0,11.06
1772908309.407462719,1,0,0.01
1772908310.430111370,0,0,11.06
1772908310.430111370,1,0,0.01
1772908311.453563294,0,0,11.06
1772908311.453563294,1,0,0.01
1772908312.476202542,0,0,11.06
1772908312.476202542,1,0,0.01
1772908313.498738837,0,0,11.06
1772908313.498738837,1,0,0.01
1772908314.521399355,0,0,11.06
1772908314.521399355,1,0,0.01
1772908315.544399944,0,0,11.06
1772908315.544399944,1,0,0.01
1772908316.568294838,0,0,11.06
1772908316.568294838,1,0,0.01
1772908317.590949154,0,0,11.06
1772908317.590949154,1,0,0.01
1772908318.614798187,0,0,11.06
1772908318.614798187,1,0,0.01
1772908319.638546052,0,0,11.06
1772908319.638546052,1,0,0.01
1772908320.661728783,0,0,11.06
1772908320.661728783,1,0,0.01
1772908321.685401932,0,0,11.06
1772908321.685401932,1,0,0.01
1772908322.708384833,0,0,11.06
1772908322.708384833,1,0,0.01
1772908323.732183290,0,0,11.06
1772908323.732183290,1,0,0.01
1772908324.755234485,0,1,11.06
1772908324.755234485,1,0,0.01
1772908325.779010300,0,0,11.06
1772908325.779010300,1,0,0.01
1772908326.803808606,0,0,11.06
1772908326.803808606,1,0,0.01
1772908327.827451792,0,0,11.06
1772908327.827451792,1,0,0.01
1772908328.851295083,0,0,11.06
1772908328.851295083,1,0,0.01
1772908329.874638933,0,1,11.06
1772908329.874638933,1,0,0.01
1772908330.898746812,0,0,11.06
1772908330.898746812,1,0,0.01
1772908331.922596007,0,0,11.06
1772908331.922596007,1,0,0.01
1772908332.946371448,0,0,11.06
1772908332.946371448,1,0,0.01
1772908333.970231492,0,0,11.06
1772908333.970231492,1,0,0.01
1772908334.995452058,0,0,11.06
1772908334.995452058,1,0,0.01
1772908336.018558873,0,0,11.06
1772908336.018558873,1,0,0.01
1772908337.042108641,0,0,11.06
1772908337.042108641,1,0,0.01
1772908338.065304943,0,0,11.06
1772908338.065304943,1,0,0.01
1772908339.089272240,0,0,11.06
1772908339.089272240,1,0,0.01
1772908340.112301062,0,0,11.06
1772908340.112301062,1,0,0.01
1772908341.135168038,0,0,11.06
1772908341.135168038,1,0,0.01
1772908342.157005190,0,0,11.06
1772908342.157005190,1,0,0.01
1772908343.180200320,0,0,11.06
1772908343.180200320,1,0,0.01
1772908344.203395744,0,0,11.06
1772908344.203395744,1,0,0.01
1772908345.227428354,0,0,11.06
1772908345.227428354,1,0,0.01
1772908346.249548494,0,0,11.06
1772908346.249548494,1,0,0.01
1772908347.272517251,0,0,11.06
1772908347.272517251,1,0,0.01
1772908348.295639840,0,0,11.06
1772908348.295639840,1,0,0.01
1772908349.318420743,0,1,11.06
1772908349.318420743,1,0,0.01
1772908350.340815009,0,0,11.06
1772908350.340815009,1,0,0.01
1772908351.364457655,0,0,11.06
1772908351.364457655,1,0,0.01
1772908352.387391748,0,0,11.06
1772908352.387391748,1,0,0.01
1772908353.410032797,0,0,11.06
1772908353.410032797,1,0,0.01
1772908354.432889486,0,1,11.06
1772908354.432889486,1,0,0.01
1772908355.456246828,0,0,11.06
1772908355.456246828,1,0,0.01
1772908356.478849234,0,0,11.06
1772908356.478849234,1,0,0.01
1772908357.502300483,0,0,11.06
1772908357.502300483,1,0,0.01
1772908358.524336103,0,0,11.06
1772908358.524336103,1,0,0.01
1772908359.545477915,0,0,11.06
1772908359.545477915,1,0,0.01
1772908360.568747990,0,0,11.06
1772908360.568747990,1,0,0.01
1772908361.591128106,0,0,11.06
1772908361.591128106,1,0,0.01
1772908362.613498209,0,0,11.06
1772908362.613498209,1,0,0.01
1772908363.635935609,0,0,11.06
1772908363.635935609,1,0,0.01
1772908364.658555078,0,0,11.06
1772908364.658555078,1,0,0.01
1772908365.681395058,0,0,11.06
1772908365.681395058,1,0,0.01
1772908366.704937768,0,0,11.06
1772908366.704937768,1,0,0.01
1772908367.727912071,0,0,11.06
1772908367.727912071,1,0,0.01
1772908368.750234667,0,0,11.06
1772908368.750234667,1,0,0.01
1772908369.773041979,0,0,11.06
1772908369.773041979,1,0,0.01
1772908370.795914744,0,0,11.06
1772908370.795914744,1,0,0.01
1772908371.818340371,0,0,11.06
1772908371.818340371,1,0,0.01
1772908372.841877624,0,0,11.06
1772908372.841877624,1,0,0.01
1772908373.863454136,0,0,11.06
1772908373.863454136,1,0,0.01
1772908374.886225814,0,0,11.06
1772908374.886225814,1,0,0.01
1772908375.908952965,0,0,11.06
1772908375.908952965,1,0,0.01
1772908376.931608492,0,0,11.06
1772908376.931608492,1,0,0.01
1772908377.953943665,0,0,11.06
1772908377.953943665,1,0,0.01
1772908378.976262924,0,0,11.06
1772908378.976262924,1,0,0.01
1772908379.999374828,0,0,11.06
1772908379.999374828,1,0,0.01
1772908381.021560108,0,0,11.06
1772908381.021560108,1,0,0.01
1772908382.045097758,0,1,11.06
1772908382.045097758,1,0,0.01
1772908383.067921594,0,0,11.06
1772908383.067921594,1,0,0.01
1772908384.088787392,0,0,11.06
1772908384.088787392,1,0,0.01
1772908385.111999902,0,0,11.06
1772908385.111999902,1,0,0.01
1772908386.134361778,0,0,11.06
1772908386.134361778,1,0,0.01
1772908387.156081509,0,0,11.06
1772908387.156081509,1,0,0.01
1772908388.178957705,0,0,11.06
1772908388.178957705,1,0,0.01
1772908389.201823501,0,0,11.06
1772908389.201823501,1,0,0.01
1772908390.223785258,0,0,11.06
1772908390.223785258,1,0,0.01
1772908391.245907786,0,0,11.06
1772908391.245907786,1,0,0.01
1772908392.268479728,0,0,11.06
1772908392.268479728,1,0,0.01
1772908393.290249290,0,0,11.06
1772908393.290249290,1,0,0.01
1772908394.313184955,0,0,11.06
1772908394.313184955,1,0,0.01
1772908395.336959633,0,0,11.06
1772908395.336959633,1,0,0.01
1772908396.359915681,0,0,11.06
1772908396.359915681,1,0,0.01
1772908397.381903291,0,0,11.06
1772908397.381903291,1,0,0.01
1772908398.403800920,0,0,11.06
1772908398.403800920,1,0,0.01
1772908399.425691831,0,0,11.06
1772908399.425691831,1,0,0.01
1772908400.448743374,0,0,11.06
1772908400.448743374,1,0,0.01
1772908401.471526756,0,0,11.06
1772908401.471526756,1,0,0.01
1772908402.495107608,0,0,11.06
1772908402.495107608,1,0,0.01
1772908403.518115153,0,0,11.06
1772908403.518115153,1,0,0.01
1772908404.540216077,0,0,11.06
1772908404.540216077,1,0,0.01
1772908405.563025927,0,0,11.06
1772908405.563025927,1,0,0.01
1772908406.585687357,0,0,11.06
1772908406.585687357,1,0,0.01
1772908407.608078901,0,0,11.06
1772908407.608078901,1,0,0.01
1772908408.629959283,0,0,11.06
1772908408.629959283,1,0,0.01
1772908409.651820070,0,0,11.06
1772908409.651820070,1,0,0.01
1772908410.674017574,0,0,11.06
1772908410.674017574,1,0,0.01
1772908411.695696698,0,0,11.06
1772908411.695696698,1,0,0.01
1772908412.718861673,0,0,11.06
1772908412.718861673,1,0,0.01
1772908413.741182884,0,0,11.06
1772908413.741182884,1,0,0.01
1772908414.764758102,0,0,11.06
1772908414.764758102,1,0,0.01
1772908415.787589798,0,0,11.06
1772908415.787589798,1,0,0.01
1772908416.810544678,0,0,11.06
1772908416.810544678,1,0,0.01
1772908417.832902484,0,0,11.06
1772908417.832902484,1,0,0.01
1772908418.854621704,0,0,11.06
1772908418.854621704,1,0,0.01
1772908419.876979373,0,0,11.06
1772908419.876979373,1,0,0.01
1772908420.899253206,0,0,11.06
1772908420.899253206,1,0,0.01
1772908421.922298399,0,0,11.06
1772908421.922298399,1,0,0.01
1772908422.944850892,0,0,11.06
1772908422.944850892,1,0,0.01
1772908423.967243316,0,0,11.06
1772908423.967243316,1,0,0.01
1772908424.989413728,0,0,11.06
1772908424.989413728,1,0,0.01
1772908426.010836615,0,0,11.06
1772908426.010836615,1,0,0.01
1772908427.032506505,0,0,11.06
1772908427.032506505,1,0,0.01
1772908428.055332137,0,0,11.06
1772908428.055332137,1,0,0.01
1772908429.076809333,0,0,11.06
1772908429.076809333,1,0,0.01
1772908430.098098799,0,0,11.06
1772908430.098098799,1,0,0.01
1772908431.120262439,0,0,11.06
1772908431.120262439,1,0,0.01
1772908432.141828591,0,0,11.06
1772908432.141828591,1,0,0.01
1772908433.164286249,0,49,11.06
1772908433.164286249,1,0,0.01
1772908434.186404020,0,59,11.06
1772908434.186404020,1,0,0.01
1772908435.209086248,0,0,11.06
1772908435.209086248,1,0,0.01
1772908436.232438201,0,0,11.06
1772908436.232438201,1,0,0.01
1772908437.255609471,0,0,11.06
1772908437.255609471,1,0,0.01
1772908438.278107948,0,0,11.06
1772908438.278107948,1,0,0.01
1772908439.300710117,0,0,11.06
1772908439.300710117,1,0,0.01
1772908440.323455188,0,0,11.06
1772908440.323455188,1,0,0.01
1772908441.344539458,0,52,11.06
1772908441.344539458,1,0,0.01
1772908442.365411843,0,59,11.06
1772908442.365411843,1,0,0.01
1772908443.388124456,0,0,11.06
1772908443.388124456,1,0,0.01
1772908444.410563003,0,0,11.06
1772908444.410563003,1,0,0.01
1772908445.432991963,0,0,11.06
1772908445.432991963,1,0,0.01
1772908446.455811235,0,0,11.06
1772908446.455811235,1,0,0.01
1772908447.478157872,0,0,11.06
1772908447.478157872,1,0,0.01
1772908448.500609687,0,60,11.06
1772908448.500609687,1,0,0.01
1772908449.523551274,0,60,11.06
1772908449.523551274,1,0,0.01
1772908450.546853132,0,0,11.06
1772908450.546853132,1,0,0.01
1772908451.569029516,0,0,11.06
1772908451.569029516,1,0,0.01
1772908452.591332198,0,0,11.06
1772908452.591332198,1,0,0.01
1772908453.613693188,0,0,11.06
1772908453.613693188,1,0,0.01
1772908454.635683083,0,0,11.06
1772908454.635683083,1,0,0.01
1772908455.657797852,0,0,11.06
1772908455.657797852,1,0,0.01
1772908456.679794053,0,0,11.06
1772908456.679794053,1,0,0.01
1772908457.701906252,0,0,11.06
1772908457.701906252,1,0,0.01
1772908458.724887857,0,0,11.06
1772908458.724887857,1,0,0.01
1772908459.747255727,0,0,11.06
1772908459.747255727,1,0,0.01
1772908460.770475737,0,0,11.06
1772908460.770475737,1,0,0.01
1772908461.792744970,0,0,11.06
1772908461.792744970,1,0,0.01
1772908462.814159807,0,0,11.06
1772908462.814159807,1,0,0.01
1772908463.836126890,0,0,11.06
1772908463.836126890,1,0,0.01
1772908464.858278969,0,0,11.06
1772908464.858278969,1,0,0.01
1772908465.880754307,0,0,11.06
1772908465.880754307,1,0,0.01
1772908466.903224852,0,0,11.06
1772908466.903224852,1,0,0.01
1772908467.925690394,0,0,11.06
1772908467.925690394,1,0,0.01
1772908468.947340536,0,0,11.06
1772908468.947340536,1,0,0.01
1772908469.969954700,0,0,11.06
1772908469.969954700,1,0,0.01
1772908470.991579650,0,0,11.06
1772908470.991579650,1,0,0.01
1772908472.014318801,0,0,11.06
1772908472.014318801,1,0,0.01
1772908473.037874111,0,60,11.06
1772908473.037874111,1,0,0.01
1772908474.061156134,0,62,11.06
1772908474.061156134,1,0,0.01
1772908475.083451867,0,0,11.06
1772908475.083451867,1,0,0.01
1772908476.106595883,0,0,11.06
1772908476.106595883,1,0,0.01
1772908477.129083252,0,0,11.06
1772908477.129083252,1,0,0.01
1772908478.151624493,0,0,11.06
1772908478.151624493,1,0,0.01
1772908479.173390811,0,0,11.06
1772908479.173390811,1,0,0.01
1772908480.196323342,0,0,11.06
1772908480.196323342,1,0,0.01
1772908481.217954601,0,0,11.06
1772908481.217954601,1,0,0.01
1772908482.240728748,0,0,11.06
1772908482.240728748,1,0,0.01
1772908483.263387557,0,0,11.06
1772908483.263387557,1,0,0.01
1772908484.285514235,0,60,11.06
1772908484.285514235,1,0,0.01
1772908485.306329347,0,60,11.06
1772908485.306329347,1,0,0.01
1772908486.328460960,0,0,11.06
1772908486.328460960,1,0,0.01
1772908487.350883772,0,0,11.06
1772908487.350883772,1,0,0.01
1772908488.373362978,0,0,11.06
1772908488.373362978,1,0,0.01
1772908489.396654900,0,0,11.06
1772908489.396654900,1,0,0.01
1772908490.419262144,0,0,11.06
1772908490.419262144,1,0,0.01
1772908491.442635686,0,0,11.06
1772908491.442635686,1,0,0.01
1772908492.466569005,0,0,11.06
1772908492.466569005,1,0,0.01
1772908493.489402217,0,0,11.06
1772908493.489402217,1,0,0.01
1772908494.512776025,0,0,11.06
1772908494.512776025,1,0,0.01
1772908495.535956951,0,0,11.06
1772908495.535956951,1,0,0.01
1772908496.557939622,0,1,11.06
1772908496.557939622,1,0,0.01
1772908497.580220737,0,0,11.06
1772908497.580220737,1,0,0.01
1772908498.602152829,0,0,11.06
1772908498.602152829,1,0,0.01
1772908499.624317320,0,0,11.06
1772908499.624317320,1,0,0.01
1772908500.646631240,0,0,11.06
1772908500.646631240,1,0,0.01
1772908501.669293384,0,0,11.06
1772908501.669293384,1,0,0.01
1772908502.691084880,0,0,11.06
1772908502.691084880,1,0,0.01
1772908503.713121058,0,0,11.06
1772908503.713121058,1,0,0.01
1772908504.735552902,0,0,11.06
1772908504.735552902,1,0,0.01
1772908505.757292329,0,0,11.06
1772908505.757292329,1,0,0.01
1772908506.779164810,0,0,11.06
1772908506.779164810,1,0,0.01
1772908507.800829338,0,0,11.06
1772908507.800829338,1,0,0.01
1772908508.822792746,0,0,11.06
1772908508.822792746,1,0,0.01
1772908509.845121364,0,0,11.06
1772908509.845121364,1,0,0.01
1772908510.867995249,0,0,11.06
1772908510.867995249,1,0,0.01
1772908511.889340788,0,0,11.06
1772908511.889340788,1,0,0.01
1772908512.911710830,0,0,11.06
1772908512.911710830,1,0,0.01
1772908513.933694602,0,0,11.06
1772908513.933694602,1,0,0.01
1772908514.956174781,0,0,11.06
1772908514.956174781,1,0,0.01
1772908515.979378925,0,0,11.06
1772908515.979378925,1,0,0.01
1772908517.002444990,0,0,11.06
1772908517.002444990,1,0,0.01
1772908518.025013353,0,0,11.06
1772908518.025013353,1,0,0.01
1772908519.047795060,0,0,11.06
1772908519.047795060,1,0,0.01
1772908520.070467261,0,0,11.06
1772908520.070467261,1,0,0.01
1772908521.092561185,0,0,11.06
1772908521.092561185,1,0,0.01
1772908522.115332712,0,0,11.06
1772908522.115332712,1,0,0.01
1772908523.137899285,0,0,11.06
1772908523.137899285,1,0,0.01
1772908524.160564090,0,0,11.06
1772908524.160564090,1,0,0.01
1772908525.183339194,0,0,11.06
1772908525.183339194,1,0,0.01
1772908526.207676905,0,0,11.06
1772908526.207676905,1,0,0.01
1772908527.229175287,0,0,11.06
1772908527.229175287,1,0,0.01
1772908528.251875375,0,0,11.06
1772908528.251875375,1,0,0.01
1772908529.273613587,0,0,11.06
1772908529.273613587,1,0,0.01
1772908530.296553776,0,0,11.06
1772908530.296553776,1,0,0.01
1772908531.318073539,0,0,11.06
1772908531.318073539,1,0,0.01
1772908532.339709104,0,0,11.06
1772908532.339709104,1,0,0.01
1772908533.361133836,0,0,11.06
1772908533.361133836,1,0,0.01
1772908534.384203218,0,0,11.06
1772908534.384203218,1,0,0.01
1772908535.407470774,0,1,11.06
1772908535.407470774,1,0,0.01
1772908536.428343001,0,0,11.06
1772908536.428343001,1,0,0.01
1772908537.452478568,0,0,11.06
1772908537.452478568,1,0,0.01
1772908538.475881274,0,0,11.06
1772908538.475881274,1,0,0.01
1772908539.498475093,0,0,11.06
1772908539.498475093,1,0,0.01
1772908540.523317322,0,0,11.06
1772908540.523317322,1,0,0.01
1772908541.545433024,0,0,11.06
1772908541.545433024,1,0,0.01
1772908542.567560064,0,0,11.06
1772908542.567560064,1,0,0.01
1772908543.591034966,0,0,11.06
1772908543.591034966,1,0,0.01
1772908544.613236533,0,0,11.06
1772908544.613236533,1,0,0.01
1772908545.635622167,0,0,11.06
1772908545.635622167,1,0,0.01
1772908546.657698181,0,0,11.06
1772908546.657698181,1,0,0.01
1772908547.681408962,0,0,11.06
1772908547.681408962,1,0,0.01
1772908548.705041003,0,0,11.06
1772908548.705041003,1,0,0.01
1772908549.728030125,0,0,11.06
1772908549.728030125,1,0,0.01
1772908550.750536348,0,0,11.06
1772908550.750536348,1,0,0.01
1772908551.772381594,0,0,11.06
1772908551.772381594,1,0,0.01
1772908552.794732023,0,0,11.06
1772908552.794732023,1,0,0.01
1772908553.817656818,0,0,11.06
1772908553.817656818,1,0,0.01
1772908554.840631434,0,0,11.06
1772908554.840631434,1,0,0.01
1772908555.864103751,0,0,11.06
1772908555.864103751,1,0,0.01
1772908556.886309822,0,0,11.06
1772908556.886309822,1,0,0.01
1772908557.908757036,0,78,11.06
1772908557.908757036,1,0,0.01
1772908558.931947574,0,98,11.06
1772908558.931947574,1,0,0.01
1772908559.955874676,0,98,11.06
1772908559.955874676,1,0,0.01
1772908560.978644837,0,0,11.06
1772908560.978644837,1,0,0.01
1772908562.001890440,0,0,11.06
1772908562.001890440,1,0,0.01
1772908563.023744519,0,0,11.06
1772908563.023744519,1,0,0.01
1772908564.047874122,0,62,11.06
1772908564.047874122,1,0,0.01
1772908565.071500909,0,62,11.06
1772908565.071500909,1,0,0.01
1772908566.094574175,0,60,11.06
1772908566.094574175,1,0,0.01
1772908567.117531592,0,59,11.06
1772908567.117531592,1,0,0.01
1772908568.140597628,0,0,11.06
1772908568.140597628,1,0,0.01
1772908569.164355969,0,0,11.06
1772908569.164355969,1,0,0.01
1772908570.187079883,0,0,11.06
1772908570.187079883,1,0,0.01
1772908571.211381583,0,0,11.06
1772908571.211381583,1,0,0.01
1772908572.233458849,0,0,11.06
1772908572.233458849,1,0,0.01
1772908573.256291102,0,0,11.06
1772908573.256291102,1,0,0.01
1772908574.279531909,0,0,11.06
1772908574.279531909,1,0,0.01
1772908575.302048479,0,0,11.06
1772908575.302048479,1,0,0.01
1772908576.324264487,0,0,11.06
1772908576.324264487,1,0,0.01
1772908577.346395967,0,0,11.06
1772908577.346395967,1,0,0.01
1772908578.368329269,0,0,11.06
1772908578.368329269,1,0,0.01
1772908579.390897096,0,0,11.06
1772908579.390897096,1,0,0.01
1772908580.413372182,0,0,11.06
1772908580.413372182,1,0,0.01
1772908581.435151759,0,0,11.06
1772908581.435151759,1,0,0.01
1772908582.457962090,0,0,11.06
1772908582.457962090,1,0,0.01
1772908583.480485661,0,0,11.06
1772908583.480485661,1,0,0.01
1772908584.502313495,0,1,11.06
1772908584.502313495,1,0,0.01
1772908585.523858326,0,1,11.06
1772908585.523858326,1,0,0.01
1772908586.545437047,0,0,11.06
1772908586.545437047,1,0,0.01
1772908587.568573724,0,0,11.06
1772908587.568573724,1,0,0.01
1772908588.590161463,0,0,11.06
1772908588.590161463,1,0,0.01
1772908589.611786013,0,0,11.06
1772908589.611786013,1,0,0.01
1772908590.633924977,0,0,11.06
1772908590.633924977,1,0,0.01
1772908591.655326442,0,0,11.06
1772908591.655326442,1,0,0.01
1772908592.676106933,0,0,11.06
1772908592.676106933,1,0,0.01
1772908593.698935271,0,0,11.06
1772908593.698935271,1,0,0.01
1772908594.721392946,0,0,11.06
1772908594.721392946,1,0,0.01
1772908595.742905866,0,0,11.06
1772908595.742905866,1,0,0.01
1772908596.764258804,0,0,11.06
1772908596.764258804,1,0,0.01
1772908597.785750764,0,0,11.06
1772908597.785750764,1,0,0.01
1772908598.809076409,0,0,11.06
1772908598.809076409,1,0,0.01
1772908599.830803473,0,0,11.06
1772908599.830803473,1,0,0.01
1772908600.853314089,0,0,11.06
1772908600.853314089,1,0,0.01
1772908601.875942706,0,0,11.06
1772908601.875942706,1,0,0.01
1772908602.898468383,0,0,11.06
1772908602.898468383,1,0,0.01
1772908603.922194214,0,0,11.06
1772908603.922194214,1,0,0.01
1772908604.945955139,0,0,11.06
1772908604.945955139,1,0,0.01
1772908605.969142287,0,1,11.06
1772908605.969142287,1,0,0.01
1772908606.992776905,0,0,11.06
1772908606.992776905,1,0,0.01
1772908608.017525594,0,0,11.06
1772908608.017525594,1,0,0.01
1772908609.040992086,0,0,11.06
1772908609.040992086,1,0,0.01
1772908610.063892938,0,0,11.06
1772908610.063892938,1,0,0.01
1772908611.087500465,0,0,11.06
1772908611.087500465,1,0,0.01
1772908612.110004769,0,0,11.06
1772908612.110004769,1,0,0.01
1772908613.132339056,0,0,11.06
1772908613.132339056,1,0,0.01
1772908614.155123635,0,0,11.06
1772908614.155123635,1,0,0.01
1772908615.176918129,0,64,11.06
1772908615.176918129,1,0,0.01
1772908616.199522680,0,64,11.06
1772908616.199522680,1,0,0.01
1772908617.222404273,0,0,11.06
1772908617.222404273,1,0,0.01
1772908618.244594650,0,0,11.06
1772908618.244594650,1,0,0.01
1772908619.267019807,0,0,11.06
1772908619.267019807,1,0,0.01
1772908620.291535762,0,0,11.06
1772908620.291535762,1,0,0.01
1772908621.314488107,0,0,11.06
1772908621.314488107,1,0,0.01
1772908622.337929883,0,0,11.06
1772908622.337929883,1,0,0.01
1772908623.360684238,0,0,11.06
1772908623.360684238,1,0,0.01
1772908624.383603890,0,0,11.06
1772908624.383603890,1,0,0.01
1772908625.407126485,0,0,11.06
1772908625.407126485,1,0,0.01
1772908626.430289515,0,0,11.06
1772908626.430289515,1,0,0.01
1772908627.452172415,0,0,11.06
1772908627.452172415,1,0,0.01
1772908628.474292555,0,0,11.06
1772908628.474292555,1,0,0.01
1772908629.496935955,0,0,11.06
1772908629.496935955,1,0,0.01
1772908630.519359235,0,0,11.06
1772908630.519359235,1,0,0.01
1772908631.542063812,0,0,11.06
1772908631.542063812,1,0,0.01
1772908632.565125241,0,0,11.06
1772908632.565125241,1,0,0.01
1772908633.588868526,0,0,11.06
1772908633.588868526,1,0,0.01
1772908634.612058821,0,0,11.06
1772908634.612058821,1,0,0.01
1772908635.636177086,0,0,11.06
1772908635.636177086,1,0,0.01
1772908636.659189723,0,0,11.06
1772908636.659189723,1,0,0.01
1772908637.681631556,0,0,11.06
1772908637.681631556,1,0,0.01
1772908638.705252061,0,65,11.06
1772908638.705252061,1,0,0.01
1772908639.728133016,0,65,11.06
1772908639.728133016,1,0,0.01
1772908640.751670116,0,0,11.06
1772908640.751670116,1,0,0.01
1772908641.774648458,0,0,11.06
1772908641.774648458,1,0,0.01
1772908642.797785456,0,0,11.06
1772908642.797785456,1,0,0.01
1772908643.821028725,0,0,11.06
1772908643.821028725,1,0,0.01
1772908644.843461242,0,0,11.06
1772908644.843461242,1,0,0.01
1772908645.866814786,0,0,11.06
1772908645.866814786,1,0,0.01
1772908646.890300605,0,0,11.06
1772908646.890300605,1,0,0.01
1772908647.913477567,0,0,11.06
1772908647.913477567,1,0,0.01
1772908648.937107716,0,63,11.06
1772908648.937107716,1,0,0.01
1772908649.961242225,0,63,11.06
1772908649.961242225,1,0,0.01
1772908650.984650117,0,0,11.06
1772908650.984650117,1,0,0.01
1772908652.006905731,0,0,11.06
1772908652.006905731,1,0,0.01
1772908653.029869578,0,0,11.06
1772908653.029869578,1,0,0.01
1772908654.053364348,0,0,11.06
1772908654.053364348,1,0,0.01
1772908655.076590855,0,48,11.06
1772908655.076590855,1,0,0.01
1772908656.101636603,0,59,11.06
1772908656.101636603,1,0,0.01
1772908657.124688233,0,1,11.06
1772908657.124688233,1,0,0.01
1772908658.147199536,0,0,11.06
1772908658.147199536,1,0,0.01
1772908659.169605684,0,0,11.06
1772908659.169605684,1,0,0.01
1772908660.191847883,0,0,11.06
1772908660.191847883,1,0,0.01
1772908661.213935872,0,0,11.06
1772908661.213935872,1,0,0.01
1772908662.237450431,0,88,11.06
1772908662.237450431,1,0,0.01
1772908663.260877004,0,99,11.06
1772908663.260877004,1,0,0.01
1772908664.283966671,0,99,11.06
1772908664.283966671,1,0,0.01
1772908665.306604579,0,99,11.06
1772908665.306604579,1,0,0.01
1772908666.328758240,0,0,11.06
1772908666.328758240,1,0,0.01
1772908667.352305814,0,0,11.06
1772908667.352305814,1,0,0.01
1772908668.376248516,0,0,11.06
1772908668.376248516,1,0,0.01
1772908669.398984244,0,0,11.06
1772908669.398984244,1,0,0.01
1772908670.422606594,0,0,11.06
1772908670.422606594,1,0,0.01
1772908671.445941326,0,0,11.06
1772908671.445941326,1,0,0.01
1772908672.468611651,0,0,11.06
1772908672.468611651,1,0,0.01
1772908673.492462880,0,0,11.06
1772908673.492462880,1,0,0.01
1772908674.515738045,0,0,11.06
1772908674.515738045,1,0,0.01
1772908675.538983846,0,0,11.06
1772908675.538983846,1,0,0.01
1772908676.561835721,0,0,11.06
1772908676.561835721,1,0,0.01
1772908677.584168961,0,64,11.06
1772908677.584168961,1,0,0.01
1772908678.607416701,0,63,11.06
1772908678.607416701,1,0,0.01
1772908679.631113952,0,0,11.06
1772908679.631113952,1,0,0.01
1772908680.652996214,0,0,11.06
1772908680.652996214,1,0,0.01
1772908681.676463730,0,0,11.06
1772908681.676463730,1,0,0.01
1772908682.699258210,0,0,11.06
1772908682.699258210,1,0,0.01
1772908683.722539612,0,1,11.06
1772908683.722539612,1,0,0.01
1772908684.744321594,0,0,11.06
1772908684.744321594,1,0,0.01
1772908685.768137461,0,0,11.06
1772908685.768137461,1,0,0.01
1772908686.790234970,0,0,11.06
1772908686.790234970,1,0,0.01
1772908687.812777962,0,0,11.06
1772908687.812777962,1,0,0.01
1772908688.835673487,0,0,11.06
1772908688.835673487,1,0,0.01
1772908689.858092262,0,0,11.06
1772908689.858092262,1,0,0.01
1772908690.881195899,0,0,11.06
1772908690.881195899,1,0,0.01
1772908691.903548559,0,0,11.06
1772908691.903548559,1,0,0.01
1772908692.925958011,0,0,11.06
1772908692.925958011,1,0,0.01
1772908693.949017129,0,0,11.06
1772908693.949017129,1,0,0.01
1772908694.971979165,0,0,11.06
1772908694.971979165,1,0,0.01
1772908695.995388375,0,0,11.06
1772908695.995388375,1,0,0.01
1772908697.020090439,0,0,11.06
1772908697.020090439,1,0,0.01
1772908698.044144631,0,0,11.06
1772908698.044144631,1,0,0.01
1772908699.067064025,0,0,11.06
1772908699.067064025,1,0,0.01
1772908700.090392462,0,0,11.06
1772908700.090392462,1,0,0.01
1772908701.112980925,0,0,11.06
1772908701.112980925,1,0,0.01
1772908702.135577504,0,0,11.06
1772908702.135577504,1,0,0.01
1772908703.160733294,0,0,11.06
1772908703.160733294,1,0,0.01
1772908704.186246601,0,0,11.06
1772908704.186246601,1,0,0.01
1772908705.209430304,0,0,11.06
1772908705.209430304,1,0,0.01
1772908706.232366465,0,0,11.06
1772908706.232366465,1,0,0.01
1772908707.256388440,0,0,11.06
1772908707.256388440,1,0,0.01
1772908708.280188398,0,0,11.06
1772908708.280188398,1,0,0.01
1772908709.302609294,0,0,11.06
1772908709.302609294,1,0,0.01
1772908710.325738871,0,0,11.06
1772908710.325738871,1,0,0.01
1772908711.348590279,0,0,11.06
1772908711.348590279,1,0,0.01
1772908712.371451815,0,0,11.06
1772908712.371451815,1,0,0.01
1772908713.395133192,0,0,11.06
1772908713.395133192,1,0,0.01
1772908714.418205989,0,0,11.06
1772908714.418205989,1,0,0.01
1772908715.441916648,0,0,11.06
1772908715.441916648,1,0,0.01
1772908716.465005045,0,0,11.06
1772908716.465005045,1,0,0.01
1772908717.488798885,0,0,11.06
1772908717.488798885,1,0,0.01
1772908718.512826469,0,0,11.06
1772908718.512826469,1,0,0.01
1772908719.537022500,0,0,11.06
1772908719.537022500,1,0,0.01
1772908720.562483102,0,64,11.06
1772908720.562483102,1,0,0.01
1772908721.586846571,0,64,11.06
1772908721.586846571,1,0,0.01
1772908722.610719444,0,0,11.06
1772908722.610719444,1,0,0.01
1772908723.634428428,0,0,11.06
1772908723.634428428,1,0,0.01
1772908724.657733427,0,0,11.06
1772908724.657733427,1,0,0.01
1772908725.682594755,0,0,11.06
1772908725.682594755,1,0,0.01
1772908726.706222935,0,0,11.06
1772908726.706222935,1,0,0.01
1772908727.729904935,0,0,11.06
1772908727.729904935,1,0,0.01
1772908728.752053204,0,0,11.06
1772908728.752053204,1,0,0.01
1772908729.776123879,0,0,11.06
1772908729.776123879,1,0,0.01
1772908730.799374417,0,0,11.06
1772908730.799374417,1,0,0.01
1772908731.822806759,0,0,11.06
1772908731.822806759,1,0,0.01
1772908732.846165762,0,0,11.06
1772908732.846165762,1,0,0.01
1772908733.868524290,0,0,11.06
1772908733.868524290,1,0,0.01
1772908734.892229039,0,0,11.06
1772908734.892229039,1,0,0.01
1772908735.915892235,0,0,11.06
1772908735.915892235,1,0,0.01
1772908736.939295825,0,0,11.06
1772908736.939295825,1,0,0.01
1772908737.961937428,0,0,11.06
1772908737.961937428,1,0,0.01
1772908738.985102577,0,0,11.06
1772908738.985102577,1,0,0.01
1772908740.008281273,0,0,11.06
1772908740.008281273,1,0,0.01
1772908741.032171472,0,0,11.06
1772908741.032171472,1,0,0.01
1772908742.055299312,0,0,11.06
1772908742.055299312,1,0,0.01
1772908743.078210805,0,0,11.06
1772908743.078210805,1,0,0.01
1772908744.101995662,0,0,11.06
1772908744.101995662,1,0,0.01
1772908745.125643136,0,0,11.06
1772908745.125643136,1,0,0.01
1772908746.147979488,0,0,11.06
1772908746.147979488,1,0,0.01
1772908747.170275267,0,0,11.06
1772908747.170275267,1,0,0.01
1772908748.194384063,0,0,11.06
1772908748.194384063,1,0,0.01
1772908749.219412382,0,0,11.06
1772908749.219412382,1,0,0.01
1772908750.243709267,0,1,11.06
1772908750.243709267,1,0,0.01
1772908751.267436664,0,63,11.06
1772908751.267436664,1,0,0.01
1772908752.290164129,0,63,11.06
1772908752.290164129,1,0,0.01
1772908753.313271644,0,0,11.06
1772908753.313271644,1,0,0.01
1772908754.336204183,0,0,11.06
1772908754.336204183,1,0,0.01
1772908755.359368786,0,0,11.06
1772908755.359368786,1,0,0.01
1772908756.382555914,0,0,11.06
1772908756.382555914,1,0,0.01
1772908757.406329177,0,0,11.06
1772908757.406329177,1,0,0.01
1772908758.429277882,0,0,11.06
1772908758.429277882,1,0,0.01
1772908759.452857180,0,0,11.06
1772908759.452857180,1,0,0.01
1772908760.475576280,0,0,11.06
1772908760.475576280,1,0,0.01
1772908761.498940471,0,0,11.06
1772908761.498940471,1,0,0.01
1772908762.523998263,0,0,11.06
1772908762.523998263,1,0,0.01
1772908763.548372936,0,0,11.06
1772908763.548372936,1,0,0.01
1772908764.572632656,0,0,11.06
1772908764.572632656,1,0,0.01
1772908765.597692866,0,0,11.06
1772908765.597692866,1,0,0.01
1772908766.620479283,0,0,11.06
1772908766.620479283,1,0,0.01
1772908767.644720968,0,0,11.06
1772908767.644720968,1,0,0.01
1772908768.668183597,0,0,11.06
1772908768.668183597,1,0,0.01
1772908769.691841939,0,0,11.06
1772908769.691841939,1,0,0.01
1772908770.714585656,0,0,11.06
1772908770.714585656,1,0,0.01
1772908771.737548535,0,0,11.06
1772908771.737548535,1,0,0.01
1772908772.761236977,0,1,11.06
1772908772.761236977,1,0,0.01
1772908773.784315765,0,0,11.06
1772908773.784315765,1,0,0.01
1772908774.806846396,0,0,11.06
1772908774.806846396,1,0,0.01
1772908775.830100572,0,0,11.06
1772908775.830100572,1,0,0.01
1772908776.852619951,0,0,11.06
1772908776.852619951,1,0,0.01
1772908777.876549370,0,0,11.06
1772908777.876549370,1,0,0.01
1772908778.900362958,0,0,11.06
1772908778.900362958,1,0,0.01
1772908779.924114363,0,0,11.06
1772908779.924114363,1,0,0.01
1772908780.947875582,0,0,11.06
1772908780.947875582,1,0,0.01
1772908781.971940285,0,0,11.06
1772908781.971940285,1,0,0.01
1772908782.995661812,0,0,11.06
1772908782.995661812,1,0,0.01
1772908784.018123543,0,0,11.06
1772908784.018123543,1,0,0.01
1772908785.041159701,0,0,11.06
1772908785.041159701,1,0,0.01
1772908786.064205614,0,0,11.06
1772908786.064205614,1,0,0.01
1772908787.088181596,0,0,11.06
1772908787.088181596,1,0,0.01
1772908788.111249772,0,0,11.06
1772908788.111249772,1,0,0.01
1772908789.134933853,0,1,11.06
1772908789.134933853,1,0,0.01
1772908790.158339583,0,0,11.06
1772908790.158339583,1,0,0.01
1772908791.182148428,0,0,11.06
1772908791.182148428,1,0,0.01
1772908792.205446117,0,0,11.06
1772908792.205446117,1,0,0.01
1772908793.228737447,0,1,11.06
1772908793.228737447,1,0,0.01
1772908794.252205261,0,0,11.06
1772908794.252205261,1,0,0.01
1772908795.275971704,0,1,11.06
1772908795.275971704,1,0,0.01
1772908796.300425104,0,0,11.06
1772908796.300425104,1,0,0.01
1772908797.323900556,0,0,11.06
1772908797.323900556,1,0,0.01
1772908798.347703742,0,0,11.06
1772908798.347703742,1,0,0.01
1772908799.370639387,0,0,11.06
1772908799.370639387,1,0,0.01
1772908800.394657151,0,0,11.06
1772908800.394657151,1,0,0.01
1772908801.420189760,0,0,11.06
1772908801.420189760,1,0,0.01
1772908802.444366255,0,0,11.06
1772908802.444366255,1,0,0.01
1772908803.467408309,0,0,11.06
1772908803.467408309,1,0,0.01
1772908804.490318884,0,0,11.06
1772908804.490318884,1,0,0.01
1772908805.514108644,0,0,11.06
1772908805.514108644,1,0,0.01
1772908806.538428513,0,0,11.06
1772908806.538428513,1,0,0.01
1772908807.562181529,0,0,11.06
1772908807.562181529,1,0,0.01
1772908808.585162428,0,0,11.06
1772908808.585162428,1,0,0.01
1772908809.608057885,0,0,11.06
1772908809.608057885,1,0,0.01
1772908810.631615442,0,0,11.06
1772908810.631615442,1,0,0.01
1772908811.655448287,0,1,11.06
1772908811.655448287,1,0,0.01
1772908812.679537185,0,0,11.06
1772908812.679537185,1,0,0.01
1772908813.702816780,0,0,11.06
1772908813.702816780,1,0,0.01
1772908814.726386085,0,0,11.06
1772908814.726386085,1,0,0.01
1772908815.749747670,0,0,11.06
1772908815.749747670,1,0,0.01
1772908816.774036405,0,0,11.06
1772908816.774036405,1,0,0.01
1772908817.798913464,0,0,11.06
1772908817.798913464,1,0,0.01
1772908818.823432795,0,0,11.06
1772908818.823432795,1,0,0.01
1772908819.846904116,0,0,11.06
1772908819.846904116,1,0,0.01
1772908820.870429476,0,0,11.06
1772908820.870429476,1,0,0.01
1772908821.894299282,0,0,11.06
1772908821.894299282,1,0,0.01
1772908822.918976279,0,0,11.06
1772908822.918976279,1,0,0.01
1772908823.943117630,0,0,11.06
1772908823.943117630,1,0,0.01
1772908824.967204742,0,0,11.06
1772908824.967204742,1,0,0.01
1772908825.991039497,0,0,11.06
1772908825.991039497,1,0,0.01
1772908827.014429224,0,0,11.06
1772908827.014429224,1,0,0.01
1772908828.038702014,0,0,11.06
1772908828.038702014,1,0,0.01
1772908829.062222927,0,0,11.06
1772908829.062222927,1,0,0.01
1772908830.086416859,0,0,11.06
1772908830.086416859,1,0,0.01
1772908831.111339754,0,0,11.06
1772908831.111339754,1,0,0.01
1772908832.135280982,0,0,11.06
1772908832.135280982,1,0,0.01
1772908833.159268029,0,0,11.06
1772908833.159268029,1,0,0.01
1772908834.181948376,0,0,11.06
1772908834.181948376,1,0,0.01
1772908835.205670957,0,0,11.06
1772908835.205670957,1,0,0.01
1772908836.228631755,0,0,11.06
1772908836.228631755,1,0,0.01
1772908837.252366027,0,0,11.06
1772908837.252366027,1,0,0.01
1772908838.275798614,0,0,11.06
1772908838.275798614,1,0,0.01
1772908839.298905526,0,0,11.06
1772908839.298905526,1,0,0.01
1772908840.321624173,0,0,11.06
1772908840.321624173,1,0,0.01
1772908841.344495330,0,0,11.06
1772908841.344495330,1,0,0.01
1772908842.367358969,0,0,11.06
1772908842.367358969,1,0,0.01
1772908843.390767077,0,0,11.06
1772908843.390767077,1,0,0.01
1772908844.415189713,0,0,11.06
1772908844.415189713,1,0,0.01
1772908845.439256592,0,0,11.06
1772908845.439256592,1,0,0.01
1772908846.462450884,0,1,11.06
1772908846.462450884,1,0,0.01
1772908847.485295113,0,0,11.06
1772908847.485295113,1,0,0.01
1772908848.508383154,0,0,11.06
1772908848.508383154,1,0,0.01
1772908849.531972739,0,0,11.06
1772908849.531972739,1,0,0.01
1772908850.554320465,0,1,11.06
1772908850.554320465,1,0,0.01
1772908851.577252589,0,0,11.06
1772908851.577252589,1,0,0.01
1772908852.601630779,0,0,11.06
1772908852.601630779,1,0,0.01
1772908853.625948070,0,0,11.06
1772908853.625948070,1,0,0.01
1772908854.648893873,0,0,11.06
1772908854.648893873,1,0,0.01
1772908855.671529140,0,0,11.06
1772908855.671529140,1,0,0.01
1772908856.695850963,0,0,11.06
1772908856.695850963,1,0,0.01
1772908857.720972921,0,1,11.06
1772908857.720972921,1,0,0.01
1772908858.745539513,0,0,11.06
1772908858.745539513,1,0,0.01
1772908859.769760003,0,0,11.06
1772908859.769760003,1,0,0.01
1772908860.794343480,0,0,11.06
1772908860.794343480,1,0,0.01
1772908861.818089699,0,0,11.06
1772908861.818089699,1,0,0.01
1772908862.842667404,0,0,11.06
1772908862.842667404,1,0,0.01
1772908863.866160315,0,1,11.06
1772908863.866160315,1,0,0.01
1772908864.890950371,0,0,11.06
1772908864.890950371,1,0,0.01
1772908865.915696781,0,0,11.06
1772908865.915696781,1,0,0.01
1772908866.939813397,0,1,11.06
1772908866.939813397,1,0,0.01
1772908867.964318716,0,0,11.06
1772908867.964318716,1,0,0.01
1772908868.988213464,0,0,11.06
1772908868.988213464,1,0,0.01
1772908870.012851807,0,0,11.06
1772908870.012851807,1,0,0.01
1772908871.035931200,0,0,11.06
1772908871.035931200,1,0,0.01
1772908872.058694695,0,0,11.06
1772908872.058694695,1,0,0.01
1772908873.081186555,0,0,11.06
1772908873.081186555,1,0,0.01
1772908874.104258312,0,0,11.06
1772908874.104258312,1,0,0.01
1772908875.127549146,0,0,11.06
1772908875.127549146,1,0,0.01
1772908876.150504350,0,0,11.06
1772908876.150504350,1,0,0.01
1772908877.172822290,0,0,11.06
1772908877.172822290,1,0,0.01
1772908878.195582909,0,0,11.06
1772908878.195582909,1,0,0.01
1772908879.217860652,0,0,11.06
1772908879.217860652,1,0,0.01
1772908880.240678812,0,0,11.06
1772908880.240678812,1,0,0.01
1772908881.264019363,0,0,11.06
1772908881.264019363,1,0,0.01
1772908882.287786962,0,0,11.06
1772908882.287786962,1,0,0.01
1772908883.311110252,0,65,11.06
1772908883.311110252,1,0,0.01
1772908884.335858847,0,64,11.06
1772908884.335858847,1,0,0.01
1772908885.359810368,0,1,11.06
1772908885.359810368,1,0,0.01
1772908886.383374645,0,0,11.06
1772908886.383374645,1,0,0.01
1772908887.407052361,0,0,11.06
1772908887.407052361,1,0,0.01
1772908888.430301072,0,0,11.06
1772908888.430301072,1,0,0.01
1772908889.454402776,0,0,11.06
1772908889.454402776,1,0,0.01
1772908890.477171060,0,0,11.06
1772908890.477171060,1,0,0.01
1772908891.501120116,0,0,11.06
1772908891.501120116,1,0,0.01
1772908892.524642931,0,0,11.06
1772908892.524642931,1,0,0.01
1772908893.547403120,0,0,11.06
1772908893.547403120,1,0,0.01
1772908894.571078094,0,0,11.06
1772908894.571078094,1,0,0.01
1772908895.595093323,0,65,11.06
1772908895.595093323,1,0,0.01
1772908896.618688980,0,65,11.06
1772908896.618688980,1,0,0.01
1772908897.642012426,0,0,11.06
1772908897.642012426,1,0,0.01
1772908898.665786156,0,0,11.06
1772908898.665786156,1,0,0.01
1772908899.688471600,0,0,11.06
1772908899.688471600,1,0,0.01
1772908900.712131376,0,0,11.06
1772908900.712131376,1,0,0.01
1772908901.735035313,0,0,11.06
1772908901.735035313,1,0,0.01
1772908902.757315690,0,0,11.06
1772908902.757315690,1,0,0.01
1772908903.780775895,0,0,11.06
1772908903.780775895,1,0,0.01
1772908904.805062326,0,0,11.06
1772908904.805062326,1,0,0.01
1772908905.829451044,0,0,11.06
1772908905.829451044,1,0,0.01
1772908906.853412132,0,0,11.06
1772908906.853412132,1,0,0.01
1772908907.876571721,0,0,11.06
1772908907.876571721,1,0,0.01
1772908908.899646584,0,0,11.06
1772908908.899646584,1,0,0.01
1772908909.922645528,0,0,11.06
1772908909.922645528,1,0,0.01
1772908910.945632496,0,0,11.06
1772908910.945632496,1,0,0.01
1772908911.969327721,0,0,11.06
1772908911.969327721,1,0,0.01
1772908912.992522514,0,0,11.06
1772908912.992522514,1,0,0.01
1772908914.015975586,0,0,11.06
1772908914.015975586,1,0,0.01
1772908915.038894467,0,0,11.06
1772908915.038894467,1,0,0.01
1772908916.061695632,0,0,11.06
1772908916.061695632,1,0,0.01
1772908917.084628776,0,0,11.06
1772908917.084628776,1,0,0.01
1772908918.108681303,0,0,11.06
1772908918.108681303,1,0,0.01
1772908919.131259586,0,0,11.06
1772908919.131259586,1,0,0.01
1772908920.154759527,0,0,11.06
1772908920.154759527,1,0,0.01
1772908921.179296195,0,0,11.06
1772908921.179296195,1,0,0.01
1772908922.201852366,0,0,11.06
1772908922.201852366,1,0,0.01
1772908923.225448959,0,0,11.06
1772908923.225448959,1,0,0.01
1772908924.248675535,0,0,11.06
1772908924.248675535,1,0,0.01
1772908925.272682939,0,0,11.06
1772908925.272682939,1,0,0.01
1772908926.296609420,0,0,11.06
1772908926.296609420,1,0,0.01
1772908927.320726928,0,1,11.06
1772908927.320726928,1,0,0.01
1772908928.344129595,0,0,11.06
1772908928.344129595,1,0,0.01
1772908929.368087317,0,0,11.06
1772908929.368087317,1,0,0.01
1772908930.391089009,0,0,11.06
1772908930.391089009,1,0,0.01
1772908931.414158782,0,0,11.06
1772908931.414158782,1,0,0.01
1772908932.437675805,0,0,11.06
1772908932.437675805,1,0,0.01
1772908933.460568487,0,0,11.06
1772908933.460568487,1,0,0.01
1772908934.484439497,0,0,11.06
1772908934.484439497,1,0,0.01
1772908935.507937509,0,0,11.06
1772908935.507937509,1,0,0.01
1772908936.532390020,0,0,11.06
1772908936.532390020,1,0,0.01
1772908937.556656651,0,0,11.06
1772908937.556656651,1,0,0.01
1772908938.579414250,0,0,11.06
1772908938.579414250,1,0,0.01
1772908939.604232689,0,0,11.06
1772908939.604232689,1,0,0.01
1772908940.629774787,0,0,11.06
1772908940.629774787,1,0,0.01
1772908941.652708904,0,0,11.06
1772908941.652708904,1,0,0.01
1772908942.675327791,0,0,11.06
1772908942.675327791,1,0,0.01
1772908943.699581439,0,0,11.06
1772908943.699581439,1,0,0.01
1772908944.723218823,0,0,11.06
1772908944.723218823,1,0,0.01
1772908945.746429286,0,0,11.06
1772908945.746429286,1,0,0.01
1772908946.769296789,0,0,11.06
1772908946.769296789,1,0,0.01
1772908947.792678443,0,0,11.06
1772908947.792678443,1,0,0.01
1772908948.815935493,0,0,11.06
1772908948.815935493,1,0,0.01
1772908949.841082449,0,0,11.06
1772908949.841082449,1,0,0.01
1772908950.864791590,0,0,11.06
1772908950.864791590,1,0,0.01
1772908951.890036650,0,0,11.06
1772908951.890036650,1,0,0.01
1772908952.915897301,0,0,11.06
1772908952.915897301,1,0,0.01
1772908953.939646306,0,0,11.06
1772908953.939646306,1,0,0.01
1772908954.964635735,0,0,11.06
1772908954.964635735,1,0,0.01
1772908955.988945580,0,0,11.06
1772908955.988945580,1,0,0.01
1772908957.013402781,0,0,11.06
1772908957.013402781,1,0,0.01
1772908958.037260152,0,0,11.06
1772908958.037260152,1,0,0.01
1772908959.061571261,0,0,11.06
1772908959.061571261,1,0,0.01
1772908960.085250063,0,0,11.06
1772908960.085250063,1,0,0.01
1772908961.107985966,0,0,11.06
1772908961.107985966,1,0,0.01
1772908962.132447568,0,0,11.06
1772908962.132447568,1,0,0.01
1772908963.156033885,0,0,11.06
1772908963.156033885,1,0,0.01
1772908964.178999848,0,0,11.06
1772908964.178999848,1,0,0.01
1772908965.202036500,0,0,11.06
1772908965.202036500,1,0,0.01
1772908966.225077596,0,65,11.06
1772908966.225077596,1,0,0.01
1772908967.247924766,0,65,11.06
1772908967.247924766,1,0,0.01
1772908968.270295753,0,0,11.06
1772908968.270295753,1,0,0.01
1772908969.293127119,0,0,11.06
1772908969.293127119,1,0,0.01
1772908970.315919468,0,0,11.06
1772908970.315919468,1,0,0.01
1772908971.339440456,0,0,11.06
1772908971.339440456,1,0,0.01
1772908972.363153562,0,0,11.06
1772908972.363153562,1,0,0.01
1772908973.386210524,0,0,11.06
1772908973.386210524,1,0,0.01
1772908974.411197094,0,0,11.06
1772908974.411197094,1,0,0.01
1772908975.435265170,0,0,11.06
1772908975.435265170,1,0,0.01
1772908976.459017535,0,0,11.06
1772908976.459017535,1,0,0.01
1772908977.483271627,0,0,11.06
1772908977.483271627,1,0,0.01
1772908978.507816104,0,0,11.06
1772908978.507816104,1,0,0.01
1772908979.531022711,0,0,11.06
1772908979.531022711,1,0,0.01
1772908980.553970114,0,0,11.06
1772908980.553970114,1,0,0.01
1772908981.576694409,0,0,11.06
1772908981.576694409,1,0,0.01
1772908982.599336415,0,0,11.06
1772908982.599336415,1,0,0.01
1772908983.622058191,0,0,11.06
1772908983.622058191,1,0,0.01
1772908984.645639479,0,0,11.06
1772908984.645639479,1,0,0.01
1772908985.669000930,0,1,11.06
1772908985.669000930,1,0,0.01
1772908986.692189481,0,0,11.06
1772908986.692189481,1,0,0.01
1772908987.714947089,0,65,11.06
1772908987.714947089,1,0,0.01
1772908988.737685992,0,65,11.06
1772908988.737685992,1,0,0.01
1772908989.761115752,0,0,11.06
1772908989.761115752,1,0,0.01
1772908990.783957917,0,0,11.06
1772908990.783957917,1,0,0.01
1772908991.807159450,0,0,11.06
1772908991.807159450,1,0,0.01
1772908992.830527341,0,0,11.06
1772908992.830527341,1,0,0.01
1772908993.852960291,0,0,11.06
1772908993.852960291,1,0,0.01
1772908994.875468810,0,0,11.06
1772908994.875468810,1,0,0.01
1772908995.898202107,0,0,11.06
1772908995.898202107,1,0,0.01
1772908996.920339236,0,0,11.06
1772908996.920339236,1,0,0.01
1772908997.942918222,0,1,11.06
1772908997.942918222,1,0,0.01
1772908998.965701042,0,0,11.06
1772908998.965701042,1,0,0.01
1772908999.988540951,0,0,11.06
1772908999.988540951,1,0,0.01
1772909001.011636937,0,0,11.06
1772909001.011636937,1,0,0.01
1772909002.034276842,0,0,11.06
1772909002.034276842,1,0,0.01
1772909003.056758864,0,0,11.06
1772909003.056758864,1,0,0.01
1772909004.080227660,0,0,11.06
1772909004.080227660,1,0,0.01
1772909005.105347824,0,0,11.06
1772909005.105347824,1,0,0.01
1772909006.129074943,0,0,11.06
1772909006.129074943,1,0,0.01
1772909007.152410481,0,0,11.06
1772909007.152410481,1,0,0.01
1772909008.175305197,0,0,11.06
1772909008.175305197,1,0,0.01
1772909009.198309958,0,0,11.06
1772909009.198309958,1,0,0.01
1772909010.221581049,0,0,11.06
1772909010.221581049,1,0,0.01
1772909011.244424942,0,0,11.06
1772909011.244424942,1,0,0.01
1772909012.268941111,0,64,11.06
1772909012.268941111,1,0,0.01
1772909013.292466480,0,67,11.06
1772909013.292466480,1,0,0.01
1772909014.316503287,0,0,11.06
1772909014.316503287,1,0,0.01
1772909015.340483007,0,0,11.06
1772909015.340483007,1,0,0.01
1772909016.364347190,0,0,11.06
1772909016.364347190,1,0,0.01
1772909017.387916868,0,0,11.06
1772909017.387916868,1,0,0.01
1772909018.410760494,0,0,11.06
1772909018.410760494,1,0,0.01
1772909019.434202360,0,0,11.06
1772909019.434202360,1,0,0.01
1772909020.457753564,0,0,11.06
1772909020.457753564,1,0,0.01
1772909021.482138551,0,0,11.06
1772909021.482138551,1,0,0.01
1772909022.507003437,0,0,11.06
1772909022.507003437,1,0,0.01
1772909023.534148437,0,0,11.06
1772909023.534148437,1,0,0.01
1772909024.559251185,0,0,11.06
1772909024.559251185,1,0,0.01
1772909025.583083658,0,0,11.06
1772909025.583083658,1,0,0.01
1772909026.606037687,0,0,11.06
1772909026.606037687,1,0,0.01
1772909027.629452423,0,0,11.06
1772909027.629452423,1,0,0.01
1772909028.653017470,0,0,11.06
1772909028.653017470,1,0,0.01
1772909029.676537091,0,0,11.06
1772909029.676537091,1,0,0.01
1772909030.701384597,0,0,11.06
1772909030.701384597,1,0,0.01
1772909031.725287410,0,0,11.06
1772909031.725287410,1,0,0.01
1772909032.749316975,0,0,11.06
1772909032.749316975,1,0,0.01
1772909033.772833772,0,0,11.06
1772909033.772833772,1,0,0.01
1772909034.795984698,0,0,11.06
1772909034.795984698,1,0,0.01
1772909035.818830271,0,0,11.06
1772909035.818830271,1,0,0.01
1772909036.842958437,0,1,11.06
1772909036.842958437,1,0,0.01
1772909037.866864906,0,0,11.06
1772909037.866864906,1,0,0.01
1772909038.889243046,0,0,11.06
1772909038.889243046,1,0,0.01
1772909039.911521987,0,0,11.06
1772909039.911521987,1,0,0.01
1772909040.934824245,0,0,11.06
1772909040.934824245,1,0,0.01
1772909041.957633768,0,0,11.06
1772909041.957633768,1,0,0.01
1772909042.980339104,0,0,11.06
1772909042.980339104,1,0,0.01
1772909044.002975865,0,1,11.06
1772909044.002975865,1,0,0.01
1772909045.025441060,0,0,11.06
1772909045.025441060,1,0,0.01
1772909046.048908266,0,0,11.06
1772909046.048908266,1,0,0.01
1772909047.073251592,0,0,11.06
1772909047.073251592,1,0,0.01
1772909048.096757418,0,0,11.06
1772909048.096757418,1,0,0.01
1772909049.121157212,0,0,11.06
1772909049.121157212,1,0,0.01
1772909050.144556295,0,0,11.06
1772909050.144556295,1,0,0.01
1772909051.168341698,0,1,11.06
1772909051.168341698,1,0,0.01
1772909052.191734331,0,0,11.06
1772909052.191734331,1,0,0.01
1772909053.216763344,0,0,11.06
1772909053.216763344,1,0,0.01
1772909054.241033202,0,0,11.06
1772909054.241033202,1,0,0.01
1772909055.264496525,0,0,11.06
1772909055.264496525,1,0,0.01
1772909056.288755130,0,0,11.06
1772909056.288755130,1,0,0.01
1772909057.312727413,0,0,11.06
1772909057.312727413,1,0,0.01
1772909058.336567698,0,0,11.06
1772909058.336567698,1,0,0.01
1772909059.360224277,0,0,11.06
1772909059.360224277,1,0,0.01
1772909060.384467069,0,0,11.06
1772909060.384467069,1,0,0.01
1772909061.407361910,0,0,11.06
1772909061.407361910,1,0,0.01
1772909062.429890801,0,0,11.06
1772909062.429890801,1,0,0.01
1772909063.452286243,0,0,11.06
1772909063.452286243,1,0,0.01
1772909064.475878788,0,0,11.06
1772909064.475878788,1,0,0.01
1772909065.498598608,0,0,11.06
1772909065.498598608,1,0,0.01
1772909066.522215558,0,0,11.06
1772909066.522215558,1,0,0.01
1772909067.547435334,0,0,11.06
1772909067.547435334,1,0,0.01
1772909068.570749158,0,0,11.06
1772909068.570749158,1,0,0.01
1772909069.594262562,0,0,11.06
1772909069.594262562,1,0,0.01
1772909070.617530921,0,0,11.06
1772909070.617530921,1,0,0.01
1772909071.639915918,0,0,11.06
1772909071.639915918,1,0,0.01
1772909072.662533277,0,0,11.06
1772909072.662533277,1,0,0.01
1772909073.685704233,0,0,11.06
1772909073.685704233,1,0,0.01
1772909074.708739086,0,0,11.06
1772909074.708739086,1,0,0.01
1772909075.731510853,0,0,11.06
1772909075.731510853,1,0,0.01
1772909076.754663417,0,0,11.06
1772909076.754663417,1,0,0.01
1772909077.777394501,0,0,11.06
1772909077.777394501,1,0,0.01
1772909078.800314089,0,0,11.06
1772909078.800314089,1,0,0.01
1772909079.824472794,0,0,11.06
1772909079.824472794,1,0,0.01
1772909080.847208422,0,0,11.06
1772909080.847208422,1,0,0.01
1772909081.871150370,0,0,11.06
1772909081.871150370,1,0,0.01
1772909082.894231491,0,0,11.06
1772909082.894231491,1,0,0.01
1772909083.916604881,0,0,11.06
1772909083.916604881,1,0,0.01
1772909084.939228055,0,0,11.06
1772909084.939228055,1,0,0.01
1772909085.963688409,0,0,11.06
1772909085.963688409,1,0,0.01
1772909086.987652479,0,0,11.06
1772909086.987652479,1,0,0.01
1772909088.010526098,0,0,11.06
1772909088.010526098,1,0,0.01
1772909089.033679905,0,0,11.06
1772909089.033679905,1,0,0.01
1772909090.057510384,0,0,11.06
1772909090.057510384,1,0,0.01
1772909091.081368093,0,0,11.06
1772909091.081368093,1,0,0.01
1772909092.104845612,0,0,11.06
1772909092.104845612,1,0,0.01
1772909093.128303167,0,0,11.06
1772909093.128303167,1,0,0.01
1772909094.151741497,0,0,11.06
1772909094.151741497,1,0,0.01
1772909095.174764323,0,0,11.06
1772909095.174764323,1,0,0.01
1772909096.198423240,0,0,11.06
1772909096.198423240,1,0,0.01
1772909097.220956329,0,0,11.06
1772909097.220956329,1,0,0.01
1772909098.243394381,0,1,11.06
1772909098.243394381,1,0,0.01
1772909099.265786524,0,1,11.06
1772909099.265786524,1,0,0.01
1772909100.289360677,0,0,11.06
1772909100.289360677,1,0,0.01
1772909101.312503050,0,0,11.06
1772909101.312503050,1,0,0.01
1772909102.335607144,0,0,11.06
1772909102.335607144,1,0,0.01
1772909103.360020235,0,0,11.06
1772909103.360020235,1,0,0.01
1772909104.384616619,0,1,11.06
1772909104.384616619,1,0,0.01
1772909105.408261061,0,0,11.06
1772909105.408261061,1,0,0.01
1772909106.431701528,0,0,11.06
1772909106.431701528,1,0,0.01
1772909107.455396541,0,34,11.06
1772909107.455396541,1,0,0.01
1772909108.478699828,0,70,11.06
1772909108.478699828,1,0,0.01
1772909109.501621554,0,9,11.06
1772909109.501621554,1,0,0.01
1772909110.526234599,0,0,11.06
1772909110.526234599,1,0,0.01
1772909111.550819491,0,0,11.06
1772909111.550819491,1,0,0.01
1772909112.575033773,0,0,11.06
1772909112.575033773,1,0,0.01
1772909113.599433310,0,1,11.06
1772909113.599433310,1,0,0.01
1772909114.622649239,0,0,11.06
1772909114.622649239,1,0,0.01
1772909115.646147108,0,0,11.06
1772909115.646147108,1,0,0.01
1772909116.670383798,0,0,11.06
1772909116.670383798,1,0,0.01
1772909117.694372012,0,1,11.06
1772909117.694372012,1,0,0.01
1772909118.717948437,0,0,11.06
1772909118.717948437,1,0,0.01
1772909119.742492729,0,0,11.06
1772909119.742492729,1,0,0.01
1772909120.767911720,0,0,11.06
1772909120.767911720,1,0,0.01
1772909121.792181381,0,0,11.06
1772909121.792181381,1,0,0.01
1772909122.815519971,0,0,11.06
1772909122.815519971,1,0,0.01
1772909123.838368720,0,0,11.06
1772909123.838368720,1,0,0.01
1772909124.861936325,0,1,11.06
1772909124.861936325,1,0,0.01
1772909125.884818360,0,0,11.06
1772909125.884818360,1,0,0.01
1772909126.908063316,0,0,11.06
1772909126.908063316,1,0,0.01
1772909127.931077644,0,0,11.06
1772909127.931077644,1,0,0.01
1772909128.954790289,0,0,11.06
1772909128.954790289,1,0,0.01
1772909129.977239848,0,0,11.06
1772909129.977239848,1,0,0.01
1772909131.000655131,0,0,11.06
1772909131.000655131,1,0,0.01
1772909132.023161386,0,0,11.06
1772909132.023161386,1,0,0.01
1772909133.046073059,0,0,11.06
1772909133.046073059,1,0,0.01
1772909134.069845364,0,0,11.06
1772909134.069845364,1,0,0.01
1772909135.093443807,0,0,11.06
1772909135.093443807,1,0,0.01
1772909136.117065538,0,0,11.06
1772909136.117065538,1,0,0.01
1772909137.141038093,0,0,11.06
1772909137.141038093,1,0,0.01
1772909138.165977080,0,0,11.06
1772909138.165977080,1,0,0.01
1772909139.189322701,0,0,11.06
1772909139.189322701,1,0,0.01
1772909140.214121257,0,0,11.06
1772909140.214121257,1,0,0.01
1772909141.237482773,0,0,11.06
1772909141.237482773,1,0,0.01
1772909142.260308664,0,0,11.06
1772909142.260308664,1,0,0.01
1772909143.283181296,0,0,11.06
1772909143.283181296,1,0,0.01
1772909144.305934065,0,0,11.06
1772909144.305934065,1,0,0.01
1772909145.328683665,0,0,11.06
1772909145.328683665,1,0,0.01
1772909146.351193093,0,0,11.06
1772909146.351193093,1,0,0.01
1772909147.375233912,0,0,11.06
1772909147.375233912,1,0,0.01
1772909148.398910728,0,1,11.06
1772909148.398910728,1,0,0.01
1772909149.422132850,0,0,11.06
1772909149.422132850,1,0,0.01
1772909150.447429390,0,0,11.06
1772909150.447429390,1,0,0.01
1772909151.469917529,0,0,11.06
1772909151.469917529,1,0,0.01
1772909152.493675512,0,0,11.06
1772909152.493675512,1,0,0.01
1772909153.516941651,0,0,11.06
1772909153.516941651,1,0,0.01
1772909154.539904159,0,0,11.06
1772909154.539904159,1,0,0.01
1772909155.562750847,0,0,11.06
1772909155.562750847,1,0,0.01
1772909156.585893038,0,0,11.06
1772909156.585893038,1,0,0.01
1772909157.608863986,0,0,11.06
1772909157.608863986,1,0,0.01
1772909158.631566958,0,68,11.06
1772909158.631566958,1,0,0.01
1772909159.655343593,0,64,11.06
1772909159.655343593,1,0,0.01
1772909160.680078423,0,0,11.06
1772909160.680078423,1,0,0.01
1772909161.702955070,0,0,11.06
1772909161.702955070,1,0,0.01
1772909162.726650844,0,0,11.06
1772909162.726650844,1,0,0.01
1772909163.749782276,0,0,11.06
1772909163.749782276,1,0,0.01
1772909164.773455710,0,0,11.06
1772909164.773455710,1,0,0.01
1772909165.795918529,0,0,11.06
1772909165.795918529,1,0,0.01
1772909166.818961554,0,0,11.06
1772909166.818961554,1,0,0.01
1772909167.842496487,0,0,11.06
1772909167.842496487,1,0,0.01
1772909168.865658558,0,0,11.06
1772909168.865658558,1,0,0.01
1772909169.889359085,0,0,11.06
1772909169.889359085,1,0,0.01
1772909170.912497167,0,0,11.06
1772909170.912497167,1,0,0.01
1772909171.935161776,0,0,11.06
1772909171.935161776,1,0,0.01
1772909172.957845312,0,0,11.06
1772909172.957845312,1,0,0.01
1772909173.981779047,0,0,11.06
1772909173.981779047,1,0,0.01
1772909175.004873411,0,0,11.06
1772909175.004873411,1,0,0.01
1772909176.027190388,0,0,11.06
1772909176.027190388,1,0,0.01
1772909177.050441129,0,0,11.06
1772909177.050441129,1,0,0.01
1772909178.074035322,0,0,11.06
1772909178.074035322,1,0,0.01
1772909179.097364164,0,0,11.06
1772909179.097364164,1,0,0.01
1772909180.120836707,0,0,11.06
1772909180.120836707,1,0,0.01
1772909181.144292107,0,0,11.06
1772909181.144292107,1,0,0.01
1772909182.166833199,0,8,11.06
1772909182.166833199,1,0,0.01
1772909183.190382890,0,63,11.06
1772909183.190382890,1,0,0.01
1772909184.212806277,0,61,11.06
1772909184.212806277,1,0,0.01
1772909185.235204141,0,0,11.06
1772909185.235204141,1,0,0.01
1772909186.257875465,0,0,11.06
1772909186.257875465,1,0,0.01
1772909187.281859299,0,0,11.06
1772909187.281859299,1,0,0.01
1772909188.304794496,0,0,11.06
1772909188.304794496,1,0,0.01
1772909189.327711516,0,0,11.06
1772909189.327711516,1,0,0.01
1772909190.351918220,0,0,11.06
1772909190.351918220,1,0,0.01
1772909191.375873292,0,0,11.06
1772909191.375873292,1,0,0.01
1772909192.398872955,0,0,11.06
1772909192.398872955,1,0,0.01
1772909193.421208835,0,0,11.06
1772909193.421208835,1,0,0.01
1772909194.444307590,0,1,11.06
1772909194.444307590,1,0,0.01
1772909195.466545041,0,0,11.06
1772909195.466545041,1,0,0.01
1772909196.488746178,0,0,11.06
1772909196.488746178,1,0,0.01
1772909197.511701515,0,0,11.06
1772909197.511701515,1,0,0.01
1772909198.535240688,0,0,11.06
1772909198.535240688,1,0,0.01
1772909199.557277201,0,0,11.06
1772909199.557277201,1,0,0.01
1772909200.579545315,0,0,11.06
1772909200.579545315,1,0,0.01
1772909201.601781112,0,0,11.06
1772909201.601781112,1,0,0.01
1772909202.624246228,0,0,11.06
1772909202.624246228,1,0,0.01
1772909203.648069450,0,0,11.06
1772909203.648069450,1,0,0.01
1772909204.670225973,0,0,11.06
1772909204.670225973,1,0,0.01
1772909205.692916050,0,0,11.06
1772909205.692916050,1,0,0.01
1772909206.716210069,0,0,11.06
1772909206.716210069,1,0,0.01
1772909207.739373645,0,0,11.06
1772909207.739373645,1,0,0.01
1772909208.764078019,0,0,11.06
1772909208.764078019,1,0,0.01
1772909209.788663719,0,0,11.06
1772909209.788663719,1,0,0.01
1772909210.813329302,0,0,11.06
1772909210.813329302,1,0,0.01
1772909211.837580238,0,0,11.06
1772909211.837580238,1,0,0.01
1772909212.861624030,0,0,11.06
1772909212.861624030,1,0,0.01
1772909213.884190253,0,0,11.06
1772909213.884190253,1,0,0.01
1772909214.906965123,0,0,11.06
1772909214.906965123,1,0,0.01
1772909215.931601238,0,0,11.06
1772909215.931601238,1,0,0.01
1772909216.954546805,0,0,11.06
1772909216.954546805,1,0,0.01
1772909217.977485230,0,0,11.06
1772909217.977485230,1,0,0.01
1772909219.002833028,0,0,11.06
1772909219.002833028,1,0,0.01
1772909220.025988903,0,0,11.06
1772909220.025988903,1,0,0.01
1772909221.048900908,0,0,11.06
1772909221.048900908,1,0,0.01
1772909222.071276672,0,0,11.06
1772909222.071276672,1,0,0.01
1772909223.094738673,0,0,11.06
1772909223.094738673,1,0,0.01
1772909224.117926067,0,0,11.06
1772909224.117926067,1,0,0.01
1772909225.141306146,0,0,11.06
1772909225.141306146,1,0,0.01
1772909226.164571167,0,0,11.06
1772909226.164571167,1,0,0.01
1772909227.187654391,0,0,11.06
1772909227.187654391,1,0,0.01
1772909228.210746731,0,0,11.06
1772909228.210746731,1,0,0.01
1772909229.234383073,0,0,11.06
1772909229.234383073,1,0,0.01
1772909230.257628905,0,0,11.06
1772909230.257628905,1,0,0.01
1772909231.280712284,0,0,11.06
1772909231.280712284,1,0,0.01
1772909232.304668162,0,0,11.06
1772909232.304668162,1,0,0.01
1772909233.328916238,0,0,11.06
1772909233.328916238,1,0,0.01
1772909234.351794540,0,0,11.06
1772909234.351794540,1,0,0.01
1772909235.374624951,0,0,11.06
1772909235.374624951,1,0,0.01
1772909236.398115065,0,0,11.06
1772909236.398115065,1,0,0.01
1772909237.420248803,0,0,11.06
1772909237.420248803,1,0,0.01
1772909238.442330143,0,0,11.06
1772909238.442330143,1,0,0.01
1772909239.464926619,0,0,11.06
1772909239.464926619,1,0,0.01
1772909240.487518725,0,0,11.06
1772909240.487518725,1,0,0.01
1772909241.509997491,0,0,11.06
1772909241.509997491,1,0,0.01
1772909242.532504324,0,0,11.06
1772909242.532504324,1,0,0.01
1772909243.554916450,0,0,11.06
1772909243.554916450,1,0,0.01
1772909244.577816163,0,0,11.06
1772909244.577816163,1,0,0.01
1772909245.600110376,0,67,11.06
1772909245.600110376,1,0,0.01
1772909246.623577316,0,68,11.06
1772909246.623577316,1,0,0.01
1772909247.647939836,0,0,11.06
1772909247.647939836,1,0,0.01
1772909248.672331949,0,0,11.06
1772909248.672331949,1,0,0.01
1772909249.695166949,0,0,11.06
1772909249.695166949,1,0,0.01
1772909250.717425750,0,0,11.06
1772909250.717425750,1,0,0.01
1772909251.741598434,0,0,11.06
1772909251.741598434,1,0,0.01
1772909252.765184858,0,0,11.06
1772909252.765184858,1,0,0.01
1772909253.787775900,0,0,11.06
1772909253.787775900,1,0,0.01
1772909254.810081487,0,0,11.06
1772909254.810081487,1,0,0.01
1772909255.832458932,0,0,11.06
1772909255.832458932,1,0,0.01
1772909256.855453406,0,0,11.06
1772909256.855453406,1,0,0.01
1772909257.878123752,0,0,11.06
1772909257.878123752,1,0,0.01
1772909258.901233881,0,0,11.06
1772909258.901233881,1,0,0.01
1772909259.925670404,0,0,11.06
1772909259.925670404,1,0,0.01
1772909260.948681198,0,0,11.06
1772909260.948681198,1,0,0.01
1772909261.973957392,0,0,11.06
1772909261.973957392,1,0,0.01
1772909262.997115446,0,0,11.06
1772909262.997115446,1,0,0.01
1772909264.020940684,0,0,11.06
1772909264.020940684,1,0,0.01
1772909265.045216620,0,0,11.06
1772909265.045216620,1,0,0.01
1772909266.069490884,0,0,11.06
1772909266.069490884,1,0,0.01
1772909267.093598645,0,0,11.06
1772909267.093598645,1,0,0.01
1772909268.115967881,0,68,11.06
1772909268.115967881,1,0,0.01
1772909269.138399801,0,68,11.06
1772909269.138399801,1,0,0.01
1772909270.160258566,0,0,11.06
1772909270.160258566,1,0,0.01
1772909271.182914962,0,0,11.06
1772909271.182914962,1,0,0.01
1772909272.206079437,0,0,11.06
1772909272.206079437,1,0,0.01
1772909273.229638629,0,0,11.06
1772909273.229638629,1,0,0.01
1772909274.253069829,0,0,11.06
1772909274.253069829,1,0,0.01
1772909275.275649519,0,0,11.06
1772909275.275649519,1,0,0.01
1772909276.300312696,0,0,11.06
1772909276.300312696,1,0,0.01
1772909277.324058670,0,0,11.06
1772909277.324058670,1,0,0.01
1772909278.348066629,0,0,11.06
1772909278.348066629,1,0,0.01
1772909279.371157910,0,0,11.06
1772909279.371157910,1,0,0.01
1772909280.393621341,0,0,11.06
1772909280.393621341,1,0,0.01
1772909281.417620778,0,1,11.06
1772909281.417620778,1,0,0.01
1772909282.440065363,0,0,11.06
1772909282.440065363,1,0,0.01
1772909283.462603254,0,0,11.06
1772909283.462603254,1,0,0.01
1772909284.486370821,0,0,11.06
1772909284.486370821,1,0,0.01
1772909285.509414667,0,0,11.06
1772909285.509414667,1,0,0.01
1772909286.532676026,0,0,11.06
1772909286.532676026,1,0,0.01
1772909287.557074424,0,0,11.06
1772909287.557074424,1,0,0.01
1772909288.580063333,0,0,11.06
1772909288.580063333,1,0,0.01
1772909289.602614443,0,0,11.06
1772909289.602614443,1,0,0.01
1772909290.627057038,0,0,11.06
1772909290.627057038,1,0,0.01
1772909291.650758441,0,0,11.06
1772909291.650758441,1,0,0.01
1772909292.673996982,0,0,11.06
1772909292.673996982,1,0,0.01
1772909293.696860496,0,0,11.06
1772909293.696860496,1,0,0.01
1772909294.719177174,0,0,11.06
1772909294.719177174,1,0,0.01
1772909295.742569508,0,0,11.06
1772909295.742569508,1,0,0.01
1772909296.764462535,0,0,11.06
1772909296.764462535,1,0,0.01
1772909297.787000111,0,0,11.06
1772909297.787000111,1,0,0.01
1772909298.809523779,0,67,11.06
1772909298.809523779,1,0,0.01
1772909299.832403658,0,43,11.06
1772909299.832403658,1,0,0.01
1772909300.855284317,0,0,11.06
1772909300.855284317,1,0,0.01
1772909301.877782530,0,0,11.06
1772909301.877782530,1,0,0.01
1772909302.900747250,0,0,11.06
1772909302.900747250,1,0,0.01
1772909303.923555622,0,0,11.06
1772909303.923555622,1,0,0.01
1772909304.946616475,0,0,11.06
1772909304.946616475,1,0,0.01
1772909305.969403675,0,0,11.06
1772909305.969403675,1,0,0.01
1772909306.991827708,0,0,11.06
1772909306.991827708,1,0,0.01
1772909308.015066088,0,1,11.06
1772909308.015066088,1,0,0.01
1772909309.038397945,0,0,11.06
1772909309.038397945,1,0,0.01
1772909310.060290921,0,0,11.06
1772909310.060290921,1,0,0.01
1772909311.083603103,0,0,11.06
1772909311.083603103,1,0,0.01
1772909312.105820284,0,1,11.06
1772909312.105820284,1,0,0.01
1772909313.128917751,0,0,11.06
1772909313.128917751,1,0,0.01
1772909314.152204547,0,0,11.06
1772909314.152204547,1,0,0.01
1772909315.175190539,0,0,11.06
1772909315.175190539,1,0,0.01
1772909316.197246060,0,0,11.06
1772909316.197246060,1,0,0.01
1772909317.219283906,0,0,11.06
1772909317.219283906,1,0,0.01
1772909318.241577783,0,0,11.06
1772909318.241577783,1,0,0.01
1772909319.265314436,0,1,11.06
1772909319.265314436,1,0,0.01
1772909320.288701415,0,0,11.06
1772909320.288701415,1,0,0.01
1772909321.312888112,0,0,11.06
1772909321.312888112,1,0,0.01
1772909322.336700980,0,0,11.06
1772909322.336700980,1,0,0.01
1772909323.360202128,0,0,11.06
1772909323.360202128,1,0,0.01
1772909324.382544930,0,0,11.06
1772909324.382544930,1,0,0.01
1772909325.406078194,0,0,11.06
1772909325.406078194,1,0,0.01
1772909326.429144968,0,0,11.06
1772909326.429144968,1,0,0.01
1772909327.452486283,0,0,11.06
1772909327.452486283,1,0,0.01
1772909328.475204649,0,0,11.06
1772909328.475204649,1,0,0.01
1772909329.498474195,0,0,11.06
1772909329.498474195,1,0,0.01
1772909330.522246919,0,0,11.06
1772909330.522246919,1,0,0.01
1772909331.545200066,0,0,11.06
1772909331.545200066,1,0,0.01
1772909332.569547494,0,0,11.06
1772909332.569547494,1,0,0.01
1772909333.593406932,0,0,11.06
1772909333.593406932,1,0,0.01
1772909334.616482711,0,34,11.06
1772909334.616482711,1,0,0.01
1772909335.639381064,0,69,11.06
1772909335.639381064,1,0,0.01
1772909336.663173285,0,18,11.06
1772909336.663173285,1,0,0.01
1772909337.686474757,0,68,11.06
1772909337.686474757,1,0,0.01
1772909338.708798049,0,67,11.06
1772909338.708798049,1,0,0.01
1772909339.732269577,0,0,11.06
1772909339.732269577,1,0,0.01
1772909340.756891155,0,0,11.06
1772909340.756891155,1,0,0.01
1772909341.778331451,0,0,11.06
1772909341.778331451,1,0,0.01
1772909342.800430108,0,0,11.06
1772909342.800430108,1,0,0.01
1772909343.824017665,0,0,11.06
1772909343.824017665,1,0,0.01
1772909344.846469979,0,0,11.06
1772909344.846469979,1,0,0.01
1772909345.870149902,0,0,11.06
1772909345.870149902,1,0,0.01
1772909346.892908890,0,0,11.06
1772909346.892908890,1,0,0.01
1772909347.916475974,0,0,11.06
1772909347.916475974,1,0,0.01
1772909348.939572986,0,0,11.06
1772909348.939572986,1,0,0.01
1772909349.962135558,0,0,11.06
1772909349.962135558,1,0,0.01
1772909350.985203890,0,0,11.06
1772909350.985203890,1,0,0.01
1772909352.007501516,0,0,11.06
1772909352.007501516,1,0,0.01
1772909353.029603490,0,0,11.06
1772909353.029603490,1,0,0.01
1772909354.053306505,0,0,11.06
1772909354.053306505,1,0,0.01
1772909355.075454650,0,0,11.06
1772909355.075454650,1,0,0.01
1772909356.099221282,0,0,11.06
1772909356.099221282,1,0,0.01
1772909357.121069893,0,0,11.06
1772909357.121069893,1,0,0.01
1772909358.143944309,0,0,11.06
1772909358.143944309,1,0,0.01
1772909359.166190947,0,0,11.06
1772909359.166190947,1,0,0.01
1772909360.188552384,0,0,11.06
1772909360.188552384,1,0,0.01
1772909361.210690058,0,0,11.06
1772909361.210690058,1,0,0.01
1772909362.233987833,0,0,11.06
1772909362.233987833,1,0,0.01
1772909363.256174158,0,0,11.06
1772909363.256174158,1,0,0.01
1772909364.279655179,0,0,11.06
1772909364.279655179,1,0,0.01
1772909365.302313706,0,0,11.06
1772909365.302313706,1,0,0.01
1772909366.326036838,0,0,11.06
1772909366.326036838,1,0,0.01
1772909367.349442390,0,0,11.06
1772909367.349442390,1,0,0.01
1772909368.372331644,0,0,11.06
1772909368.372331644,1,0,0.01
1772909369.395100409,0,0,11.06
1772909369.395100409,1,0,0.01
1772909370.417739966,0,0,11.06
1772909370.417739966,1,0,0.01
1772909371.439591966,0,0,11.06
1772909371.439591966,1,0,0.01
1772909372.462616848,0,1,11.06
1772909372.462616848,1,0,0.01
1772909373.484340418,0,0,11.06
1772909373.484340418,1,0,0.01
1772909374.507033997,0,0,11.06
1772909374.507033997,1,0,0.01
1772909375.530487627,0,0,11.06
1772909375.530487627,1,0,0.01
1772909376.552927458,0,0,11.06
1772909376.552927458,1,0,0.01
1772909377.575677042,0,0,11.06
1772909377.575677042,1,0,0.01
1772909378.598574250,0,0,11.06
1772909378.598574250,1,0,0.01
1772909379.621232985,0,0,11.06
1772909379.621232985,1,0,0.01
1772909380.643785551,0,0,11.06
1772909380.643785551,1,0,0.01
1772909381.667255704,0,0,11.06
1772909381.667255704,1,0,0.01
1772909382.689964192,0,0,11.06
1772909382.689964192,1,0,0.01
1772909383.712471858,0,0,11.06
1772909383.712471858,1,0,0.01
1772909384.734541255,0,0,11.06
1772909384.734541255,1,0,0.01
1772909385.757375787,0,0,11.06
1772909385.757375787,1,0,0.01
1772909386.780758844,0,0,11.06
1772909386.780758844,1,0,0.01
1772909387.802757879,0,0,11.06
1772909387.802757879,1,0,0.01
1772909388.825316178,0,0,11.06
1772909388.825316178,1,0,0.01
1772909389.847738266,0,0,11.06
1772909389.847738266,1,0,0.01
1772909390.869706153,0,0,11.06
1772909390.869706153,1,0,0.01
1772909391.892597352,0,0,11.06
1772909391.892597352,1,0,0.01
1772909392.914470302,0,0,11.06
1772909392.914470302,1,0,0.01
1772909393.936546078,0,1,11.06
1772909393.936546078,1,0,0.01
1772909394.959967227,0,0,11.06
1772909394.959967227,1,0,0.01
1772909395.982682195,0,0,11.06
1772909395.982682195,1,0,0.01
1772909397.004806580,0,0,11.06
1772909397.004806580,1,0,0.01
1772909398.027507085,0,0,11.06
1772909398.027507085,1,0,0.01
1772909399.051226114,0,0,11.06
1772909399.051226114,1,0,0.01
1772909400.073713505,0,0,11.06
1772909400.073713505,1,0,0.01
1772909401.098213628,0,0,11.06
1772909401.098213628,1,0,0.01
1772909402.120593615,0,0,11.06
1772909402.120593615,1,0,0.01
1772909403.142946904,0,0,11.06
1772909403.142946904,1,0,0.01
1772909404.164907301,0,0,11.06
1772909404.164907301,1,0,0.01
1772909405.187462280,0,0,11.06
1772909405.187462280,1,0,0.01
1772909406.210657947,0,0,11.06
1772909406.210657947,1,0,0.01
1772909407.233631087,0,0,11.06
1772909407.233631087,1,0,0.01
1772909408.256399170,0,0,11.06
1772909408.256399170,1,0,0.01
1772909409.278862404,0,0,11.06
1772909409.278862404,1,0,0.01
1772909410.301260583,0,0,11.06
1772909410.301260583,1,0,0.01
1772909411.323280061,0,0,11.06
1772909411.323280061,1,0,0.01
1772909412.345890659,0,0,11.06
1772909412.345890659,1,0,0.01
1772909413.369309495,0,0,11.06
1772909413.369309495,1,0,0.01
1772909414.393118777,0,0,11.06
1772909414.393118777,1,0,0.01
1772909415.417457419,0,0,11.06
1772909415.417457419,1,0,0.01
1772909416.441654126,0,0,11.06
1772909416.441654126,1,0,0.01
1772909417.463874354,0,0,11.06
1772909417.463874354,1,0,0.01
1772909418.487530569,0,0,11.06
1772909418.487530569,1,0,0.01
1772909419.510919613,0,0,11.06
1772909419.510919613,1,0,0.01
1772909420.533694441,0,0,11.06
1772909420.533694441,1,0,0.01
1772909421.557164695,0,0,11.06
1772909421.557164695,1,0,0.01
1772909422.579879623,0,0,11.06
1772909422.579879623,1,0,0.01
1772909423.603747440,0,0,11.06
1772909423.603747440,1,0,0.01
1772909424.626938789,0,0,11.06
1772909424.626938789,1,0,0.01
1772909425.650208097,0,0,11.06
1772909425.650208097,1,0,0.01
1772909426.674139799,0,0,11.06
1772909426.674139799,1,0,0.01
1772909427.696660117,0,0,11.06
1772909427.696660117,1,0,0.01
1772909428.720095298,0,0,11.06
1772909428.720095298,1,0,0.01
1772909429.742750987,0,0,11.06
1772909429.742750987,1,0,0.01
1772909430.765970466,0,0,11.06
1772909430.765970466,1,0,0.01
1772909431.788803469,0,0,11.06
1772909431.788803469,1,0,0.01
1772909432.812387863,0,0,11.06
1772909432.812387863,1,0,0.01
1772909433.836996722,0,1,11.06
1772909433.836996722,1,0,0.01
1772909434.859930569,0,0,11.06
1772909434.859930569,1,0,0.01
1772909435.883141636,0,0,11.06
1772909435.883141636,1,0,0.01
1772909436.906821320,0,0,11.06
1772909436.906821320,1,0,0.01
1772909437.929682100,0,0,11.06
1772909437.929682100,1,0,0.01
1772909438.953504253,0,1,11.06
1772909438.953504253,1,0,0.01
1772909439.976590675,0,0,11.06
1772909439.976590675,1,0,0.01
1772909440.999217643,0,0,11.06
1772909440.999217643,1,0,0.01
1772909442.023312760,0,0,11.06
1772909442.023312760,1,0,0.01
1772909443.047008261,0,0,11.06
1772909443.047008261,1,0,0.01
1772909444.071088896,0,0,11.06
1772909444.071088896,1,0,0.01
1772909445.096260565,0,0,11.06
1772909445.096260565,1,0,0.01
1772909446.119658618,0,0,11.06
1772909446.119658618,1,0,0.01
1772909447.143930017,0,0,11.06
1772909447.143930017,1,0,0.01
1772909448.169043122,0,0,11.06
1772909448.169043122,1,0,0.01
1772909449.192662823,0,0,11.06
1772909449.192662823,1,0,0.01
1772909450.215893631,0,0,11.06
1772909450.215893631,1,0,0.01
1772909451.239903922,0,0,11.06
1772909451.239903922,1,0,0.01
1772909452.265369190,0,1,11.06
1772909452.265369190,1,0,0.01
1772909453.289364324,0,0,11.06
1772909453.289364324,1,0,0.01
1772909454.313240520,0,0,11.06
1772909454.313240520,1,0,0.01
1772909455.337086462,0,0,11.06
1772909455.337086462,1,0,0.01
1772909456.360021271,0,0,11.06
1772909456.360021271,1,0,0.01
1772909457.383400500,0,0,11.06
1772909457.383400500,1,0,0.01
1772909458.406928820,0,0,11.06
1772909458.406928820,1,0,0.01
1772909459.429091979,0,0,11.06
1772909459.429091979,1,0,0.01
1772909460.451887310,0,0,11.06
1772909460.451887310,1,0,0.01
1772909461.475774719,0,0,11.06
1772909461.475774719,1,0,0.01
1772909462.498401435,0,1,11.06
1772909462.498401435,1,0,0.01
1772909463.521432904,0,0,11.06
1772909463.521432904,1,0,0.01
1772909464.543855061,0,0,11.06
1772909464.543855061,1,0,0.01
1772909465.568186714,0,0,11.06
1772909465.568186714,1,0,0.01
1772909466.594402465,0,0,11.06
1772909466.594402465,1,0,0.01
1772909467.618813967,0,0,11.06
1772909467.618813967,1,0,0.01
1772909468.642621980,0,1,11.06
1772909468.642621980,1,0,0.01
1772909469.665902254,0,0,11.06
1772909469.665902254,1,0,0.01
1772909470.689315066,0,0,11.06
1772909470.689315066,1,0,0.01
1772909471.711604399,0,1,11.06
1772909471.711604399,1,0,0.01
1772909472.734386915,0,0,11.06
1772909472.734386915,1,0,0.01
1772909473.756778862,0,0,11.06
1772909473.756778862,1,0,0.01
1772909474.779502776,0,0,11.06
1772909474.779502776,1,0,0.01
1772909475.802018604,0,0,11.06
1772909475.802018604,1,0,0.01
1772909476.824743941,0,0,11.06
1772909476.824743941,1,0,0.01
1772909477.848021139,0,0,11.06
1772909477.848021139,1,0,0.01
1772909478.870628212,0,0,11.06
1772909478.870628212,1,0,0.01
1772909479.893145977,0,0,11.06
1772909479.893145977,1,0,0.01
1772909480.916259635,0,0,11.06
1772909480.916259635,1,0,0.01
1772909481.938683220,0,0,11.06
1772909481.938683220,1,0,0.01
1772909482.962403680,0,0,11.06
1772909482.962403680,1,0,0.01
1772909483.985177229,0,0,11.06
1772909483.985177229,1,0,0.01
1772909485.008343910,0,0,11.06
1772909485.008343910,1,0,0.01
1772909486.031213120,0,0,11.06
1772909486.031213120,1,0,0.01
1772909487.054277490,0,0,11.06
1772909487.054277490,1,0,0.01
1772909488.077807208,0,0,11.06
1772909488.077807208,1,0,0.01
1772909489.101442698,0,0,11.06
1772909489.101442698,1,0,0.01
1772909490.124245322,0,0,11.06
1772909490.124245322,1,0,0.01
1772909491.146974335,0,0,11.06
1772909491.146974335,1,0,0.01
1772909492.169793376,0,0,11.06
1772909492.169793376,1,0,0.01
1772909493.192925204,0,0,11.06
1772909493.192925204,1,0,0.01
1772909494.216087700,0,0,11.06
1772909494.216087700,1,0,0.01
1772909495.238543556,0,0,11.06
1772909495.238543556,1,0,0.01
1772909496.261163599,0,1,11.06
1772909496.261163599,1,0,0.01
1772909497.284156447,0,0,11.06
1772909497.284156447,1,0,0.01
1772909498.307388207,0,0,11.06
1772909498.307388207,1,0,0.01
1772909499.329917702,0,0,11.06
1772909499.329917702,1,0,0.01
1772909500.351993870,0,0,11.06
1772909500.351993870,1,0,0.01
1772909501.374452184,0,0,11.06
1772909501.374452184,1,0,0.01
1772909502.397053609,0,0,11.06
1772909502.397053609,1,0,0.01
1772909503.419069819,0,1,11.06
1772909503.419069819,1,0,0.01
1772909504.440703621,0,0,11.06
1772909504.440703621,1,0,0.01
1772909505.463152268,0,0,11.06
1772909505.463152268,1,0,0.01
1772909506.484560968,0,0,11.06
1772909506.484560968,1,0,0.01
1772909507.506205140,0,0,11.06
1772909507.506205140,1,0,0.01
1772909508.528432039,0,0,11.06
1772909508.528432039,1,0,0.01
1772909509.549916589,0,0,11.06
1772909509.549916589,1,0,0.01
1772909510.571404778,0,0,11.06
1772909510.571404778,1,0,0.01
1772909511.592909898,0,0,11.06
1772909511.592909898,1,0,0.01
1772909512.614306674,0,0,11.06
1772909512.614306674,1,0,0.01
1772909513.636693873,0,0,11.06
1772909513.636693873,1,0,0.01
1772909514.658159967,0,0,11.06
1772909514.658159967,1,0,0.01
1772909515.679648071,0,0,11.06
1772909515.679648071,1,0,0.01
1772909516.701862146,0,60,11.06
1772909516.701862146,1,0,0.01
1772909517.723735798,0,65,11.06
1772909517.723735798,1,0,0.01
1772909518.746059146,0,0,11.06
1772909518.746059146,1,0,0.01
1772909519.768386704,0,0,11.06
1772909519.768386704,1,0,0.01
1772909520.789696775,0,0,11.06
1772909520.789696775,1,0,0.01
1772909521.811156442,0,0,11.06
1772909521.811156442,1,0,0.01
1772909522.832505865,0,0,11.06
1772909522.832505865,1,0,0.01
1772909523.853939328,0,0,11.06
1772909523.853939328,1,0,0.01
1772909524.875457113,0,0,11.06
1772909524.875457113,1,0,0.01
1772909525.897046787,0,0,11.06
1772909525.897046787,1,0,0.01
1772909526.919463718,0,0,11.06
1772909526.919463718,1,0,0.01
1772909527.941017075,0,0,11.06
1772909527.941017075,1,0,0.01
1772909528.962528709,0,0,11.06
1772909528.962528709,1,0,0.01
1772909529.984151206,0,0,11.06
1772909529.984151206,1,0,0.01
1772909531.006523591,0,0,11.06
1772909531.006523591,1,0,0.01
1772909532.028348031,0,0,11.06
1772909532.028348031,1,0,0.01
1772909533.049870358,0,0,11.06
1772909533.049870358,1,0,0.01
1772909534.072236186,0,0,11.06
1772909534.072236186,1,0,0.01
1772909535.093604302,0,0,11.06
1772909535.093604302,1,0,0.01
1772909536.115245742,0,0,11.06
1772909536.115245742,1,0,0.01
1772909537.137176063,0,0,11.06
1772909537.137176063,1,0,0.01
1772909538.158793461,0,0,11.06
1772909538.158793461,1,0,0.01
1772909539.180794561,0,1,11.06
1772909539.180794561,1,0,0.01
1772909540.202946117,0,0,11.06
1772909540.202946117,1,0,0.01
1772909541.224412160,0,0,11.06
1772909541.224412160,1,0,0.01
1772909542.245764545,0,70,11.06
1772909542.245764545,1,0,0.01
1772909543.268386495,0,70,11.06
1772909543.268386495,1,0,0.01
1772909544.290402486,0,0,11.06
1772909544.290402486,1,0,0.01
1772909545.311895019,0,0,11.06
1772909545.311895019,1,0,0.01
1772909546.334594351,0,0,11.06
1772909546.334594351,1,0,0.01
1772909547.356679999,0,0,11.06
1772909547.356679999,1,0,0.01
1772909548.378556058,0,0,11.06
1772909548.378556058,1,0,0.01
1772909549.400131049,0,0,11.06
1772909549.400131049,1,0,0.01
1772909550.421831791,0,0,11.06
1772909550.421831791,1,0,0.01
1772909551.444257479,0,0,11.06
1772909551.444257479,1,0,0.01
1772909552.465841369,0,0,11.06
1772909552.465841369,1,0,0.01
1772909553.488287353,0,0,11.06
1772909553.488287353,1,0,0.01
1772909554.510045410,0,0,11.06
1772909554.510045410,1,0,0.01
1772909555.531881250,0,0,11.06
1772909555.531881250,1,0,0.01
1772909556.553432533,0,0,11.06
1772909556.553432533,1,0,0.01
1772909557.575697392,0,0,11.06
1772909557.575697392,1,0,0.01
1772909558.598023089,0,0,11.06
1772909558.598023089,1,0,0.01
1772909559.619986983,0,0,11.06
1772909559.619986983,1,0,0.01
1772909560.642378438,0,0,11.06
1772909560.642378438,1,0,0.01
1772909561.664561891,0,0,11.06
1772909561.664561891,1,0,0.01
1772909562.686806401,0,0,11.06
1772909562.686806401,1,0,0.01
1772909563.707920144,0,0,11.06
1772909563.707920144,1,0,0.01
1772909564.730338677,0,0,11.06
1772909564.730338677,1,0,0.01
1772909565.751557434,0,0,11.06
1772909565.751557434,1,0,0.01
1772909566.773039418,0,0,11.06
1772909566.773039418,1,0,0.01
1772909567.795134275,0,0,11.06
1772909567.795134275,1,0,0.01
1772909568.816541500,0,1,11.06
1772909568.816541500,1,0,0.01
1772909569.838611190,0,0,11.06
1772909569.838611190,1,0,0.01
1772909570.860142046,0,0,11.06
1772909570.860142046,1,0,0.01
1772909571.881607745,0,0,11.06
1772909571.881607745,1,0,0.01
1772909572.903208904,0,0,11.06
1772909572.903208904,1,0,0.01
1772909573.925899821,0,0,11.06
1772909573.925899821,1,0,0.01
1772909574.947873512,0,0,11.06
1772909574.947873512,1,0,0.01
1772909575.969396035,0,0,11.06
1772909575.969396035,1,0,0.01
1772909576.991850356,0,0,11.06
1772909576.991850356,1,0,0.01
1772909578.013579581,0,0,11.06
1772909578.013579581,1,0,0.01
1772909579.035292273,0,0,11.06
1772909579.035292273,1,0,0.01
1772909580.057535254,0,0,11.06
1772909580.057535254,1,0,0.01
1772909581.079274736,0,0,11.06
1772909581.079274736,1,0,0.01
1772909582.101505294,0,0,11.06
1772909582.101505294,1,0,0.01
1772909583.123010803,0,0,11.06
1772909583.123010803,1,0,0.01
1772909584.145290642,0,0,11.06
1772909584.145290642,1,0,0.01
1772909585.166776636,0,0,11.06
1772909585.166776636,1,0,0.01
1772909586.189207144,0,0,11.06
1772909586.189207144,1,0,0.01
1772909587.210743394,0,0,11.06
1772909587.210743394,1,0,0.01
1772909588.232145319,0,0,11.06
1772909588.232145319,1,0,0.01
1772909589.253602248,0,0,11.06
1772909589.253602248,1,0,0.01
1772909590.275935918,0,0,11.06
1772909590.275935918,1,0,0.01
1772909591.297315859,0,0,11.06
1772909591.297315859,1,0,0.01
1772909592.318806482,0,0,11.06
1772909592.318806482,1,0,0.01
1772909593.340175217,0,1,11.06
1772909593.340175217,1,0,0.01
1772909594.362525761,0,0,11.06
1772909594.362525761,1,0,0.01
1772909595.384022660,0,0,11.06
1772909595.384022660,1,0,0.01
1772909596.406445668,0,0,11.06
1772909596.406445668,1,0,0.01
1772909597.428075145,0,0,11.06
1772909597.428075145,1,0,0.01
1772909598.450417106,0,1,11.06
1772909598.450417106,1,0,0.01
1772909599.472035208,0,0,11.06
1772909599.472035208,1,0,0.01
1772909600.493734244,0,0,11.06
1772909600.493734244,1,0,0.01
1772909601.515300207,0,0,11.06
1772909601.515300207,1,0,0.01
1772909602.536862371,0,0,11.06
1772909602.536862371,1,0,0.01
1772909603.558776859,0,0,11.06
1772909603.558776859,1,0,0.01
1772909604.580363236,0,0,11.06
1772909604.580363236,1,0,0.01
1772909605.602742544,0,0,11.06
1772909605.602742544,1,0,0.01
1772909606.624984591,0,1,11.06
1772909606.624984591,1,0,0.01
1772909607.646762399,0,0,11.06
1772909607.646762399,1,0,0.01
1772909608.668487453,0,0,11.06
1772909608.668487453,1,0,0.01
1772909609.690180620,0,0,11.06
1772909609.690180620,1,0,0.01
1772909610.712457873,0,0,11.06
1772909610.712457873,1,0,0.01
1772909611.734593529,0,1,11.06
1772909611.734593529,1,0,0.01
1772909612.755848078,0,1,11.06
1772909612.755848078,1,0,0.01
1772909613.778015751,0,0,11.06
1772909613.778015751,1,0,0.01
1772909614.799246320,0,0,11.06
1772909614.799246320,1,0,0.01
1772909615.821238564,0,0,11.06
1772909615.821238564,1,0,0.01
1772909616.842802461,0,0,11.06
1772909616.842802461,1,0,0.01
1772909617.864296042,0,0,11.06
1772909617.864296042,1,0,0.01
1772909618.886495465,0,0,11.06
1772909618.886495465,1,0,0.01
1772909619.908223920,0,0,11.06
1772909619.908223920,1,0,0.01
1772909620.930103703,0,0,11.06
1772909620.930103703,1,0,0.01
1772909621.952625294,0,0,11.06
1772909621.952625294,1,0,0.01
1772909622.974407405,0,0,11.06
1772909622.974407405,1,0,0.01
1772909623.996193429,0,0,11.06
1772909623.996193429,1,0,0.01
1772909625.018033788,0,0,11.06
1772909625.018033788,1,0,0.01
1772909626.040658244,0,0,11.06
1772909626.040658244,1,0,0.01
1772909627.062381182,0,0,11.06
1772909627.062381182,1,0,0.01
1772909628.084294449,0,0,11.06
1772909628.084294449,1,0,0.01
1772909629.106059873,0,0,11.06
1772909629.106059873,1,0,0.01
1772909630.127833437,0,0,11.06
1772909630.127833437,1,0,0.01
1772909631.149523365,0,0,11.06
1772909631.149523365,1,0,0.01
1772909632.171693214,0,1,11.06
1772909632.171693214,1,0,0.01
1772909633.192966055,0,0,11.06
1772909633.192966055,1,0,0.01
1772909634.214198485,0,0,11.06
1772909634.214198485,1,0,0.01
1772909635.235597089,0,0,11.06
1772909635.235597089,1,0,0.01
1772909636.257270704,0,0,11.06
1772909636.257270704,1,0,0.01
1772909637.278548824,0,0,11.06
1772909637.278548824,1,0,0.01
1772909638.299806767,0,1,11.06
1772909638.299806767,1,0,0.01
1772909639.321201236,0,0,11.06
1772909639.321201236,1,0,0.01
1772909640.342549089,0,0,11.06
1772909640.342549089,1,0,0.01
1772909641.363892412,0,0,11.06
1772909641.363892412,1,0,0.01
1772909642.385564112,0,0,11.06
1772909642.385564112,1,0,0.01
1772909643.406990434,0,0,11.06
1772909643.406990434,1,0,0.01
1772909644.428497424,0,1,11.06
1772909644.428497424,1,0,0.01
1772909645.450084652,0,0,11.06
1772909645.450084652,1,0,0.01
1772909646.472431665,0,0,11.06
1772909646.472431665,1,0,0.01
1772909647.494155807,0,0,11.06
1772909647.494155807,1,0,0.01
1772909648.515773748,0,0,11.06
1772909648.515773748,1,0,0.01
1772909649.537357345,0,0,11.06
1772909649.537357345,1,0,0.01
1772909650.558965010,0,0,11.06
1772909650.558965010,1,0,0.01
1772909651.581180819,0,1,11.06
1772909651.581180819,1,0,0.01
1772909652.603355211,0,0,11.06
1772909652.603355211,1,0,0.01
1772909653.625646796,0,0,11.06
1772909653.625646796,1,0,0.01
1772909654.647250455,0,0,11.06
1772909654.647250455,1,0,0.01
1772909655.669028828,0,0,11.06
1772909655.669028828,1,0,0.01
1772909656.690576460,0,0,11.06
1772909656.690576460,1,0,0.01
1772909657.711780789,0,0,11.06
1772909657.711780789,1,0,0.01
1772909658.733057918,0,0,11.06
1772909658.733057918,1,0,0.01
1772909659.754393832,0,0,11.06
1772909659.754393832,1,0,0.01
1772909660.776488204,0,0,11.06
1772909660.776488204,1,0,0.01
1772909661.797854467,0,0,11.06
1772909661.797854467,1,0,0.01
1772909662.819077647,0,0,11.06
1772909662.819077647,1,0,0.01
1772909663.840305442,0,68,11.06
1772909663.840305442,1,0,0.01
1772909664.861616796,0,68,11.06
1772909664.861616796,1,0,0.01
1772909665.883855727,0,0,11.06
1772909665.883855727,1,0,0.01
1772909666.905402966,0,0,11.06
1772909666.905402966,1,0,0.01
1772909667.927438906,0,0,11.06
1772909667.927438906,1,0,0.01
1772909668.949058195,0,0,11.06
1772909668.949058195,1,0,0.01
1772909669.970674478,0,0,11.06
1772909669.970674478,1,0,0.01
1772909670.993172168,0,0,11.06
1772909670.993172168,1,0,0.01
1772909672.014519354,0,0,11.06
1772909672.014519354,1,0,0.01
1772909673.036013707,0,0,11.06
1772909673.036013707,1,0,0.01
1772909674.057408144,0,0,11.06
1772909674.057408144,1,0,0.01
1772909675.078944910,0,0,11.06
1772909675.078944910,1,0,0.01
1772909676.100553777,0,0,11.06
1772909676.100553777,1,0,0.01
1772909677.122077477,0,0,11.06
1772909677.122077477,1,0,0.01
1772909678.143561706,0,0,11.06
1772909678.143561706,1,0,0.01
1772909679.165551236,0,0,11.06
1772909679.165551236,1,0,0.01
1772909680.186987305,0,0,11.06
1772909680.186987305,1,0,0.01
1772909681.208293472,0,0,11.06
1772909681.208293472,1,0,0.01
1772909682.229506020,0,0,11.06
1772909682.229506020,1,0,0.01
1772909683.250933476,0,0,11.06
1772909683.250933476,1,0,0.01
1772909684.272382916,0,0,11.06
1772909684.272382916,1,0,0.01
1772909685.294392630,0,0,11.06
1772909685.294392630,1,0,0.01
1772909686.316257023,0,0,11.06
1772909686.316257023,1,0,0.01
1772909687.337634998,0,0,11.06
1772909687.337634998,1,0,0.01
1772909688.359257938,0,1,11.06
1772909688.359257938,1,0,0.01
1772909689.381365645,0,0,11.06
1772909689.381365645,1,0,0.01
1772909690.402835272,0,0,11.06
1772909690.402835272,1,0,0.01
1772909691.424376639,0,0,11.06
1772909691.424376639,1,0,0.01
1772909692.446471827,0,0,11.06
1772909692.446471827,1,0,0.01
1772909693.469067206,0,0,11.06
1772909693.469067206,1,0,0.01
1772909694.491337028,0,1,11.06
1772909694.491337028,1,0,0.01
1772909695.513052457,0,0,11.06
1772909695.513052457,1,0,0.01
1772909696.534609143,0,0,11.06
1772909696.534609143,1,0,0.01
1772909697.556492489,0,0,11.06
1772909697.556492489,1,0,0.01
1772909698.578008097,0,0,11.06
1772909698.578008097,1,0,0.01
1772909699.599451454,0,0,11.06
1772909699.599451454,1,0,0.01
1772909700.621196905,0,0,11.06
1772909700.621196905,1,0,0.01
1772909701.643098869,0,0,11.06
1772909701.643098869,1,0,0.01
1772909702.664229726,0,0,11.06
1772909702.664229726,1,0,0.01
1772909703.686205113,0,0,11.06
1772909703.686205113,1,0,0.01
1772909704.708196813,0,0,11.06
1772909704.708196813,1,0,0.01
1772909705.730529616,0,0,11.06
1772909705.730529616,1,0,0.01
1772909706.751734524,0,0,11.06
1772909706.751734524,1,0,0.01
1772909707.773778621,0,0,11.06
1772909707.773778621,1,0,0.01
1772909708.794843977,0,1,11.06
1772909708.794843977,1,0,0.01
1772909709.816199672,0,0,11.06
1772909709.816199672,1,0,0.01
1772909710.837345103,0,0,11.06
1772909710.837345103,1,0,0.01
1772909711.859593276,0,0,11.06
1772909711.859593276,1,0,0.01
1772909712.881371361,0,0,11.06
1772909712.881371361,1,0,0.01
1772909713.903028347,0,0,11.06
1772909713.903028347,1,0,0.01
1772909714.924384662,0,0,11.06
1772909714.924384662,1,0,0.01
1772909715.946952564,0,0,11.06
1772909715.946952564,1,0,0.01
1772909716.968560089,0,0,11.06
1772909716.968560089,1,0,0.01
1772909717.989957268,0,0,11.06
1772909717.989957268,1,0,0.01
1772909719.012132011,0,0,11.06
1772909719.012132011,1,0,0.01
1772909720.033907911,0,0,11.06
1772909720.033907911,1,0,0.01
1772909721.055659310,0,0,11.06
1772909721.055659310,1,0,0.01
1772909722.077365233,0,0,11.06
1772909722.077365233,1,0,0.01
1772909723.099621751,0,0,11.06
1772909723.099621751,1,0,0.01
1772909724.121621747,0,0,11.06
1772909724.121621747,1,0,0.01
1772909725.143809245,0,0,11.06
1772909725.143809245,1,0,0.01
1772909726.165211882,0,0,11.06
1772909726.165211882,1,0,0.01
1772909727.186444295,0,0,11.06
1772909727.186444295,1,0,0.01
1772909728.207705589,0,0,11.06
1772909728.207705589,1,0,0.01
1772909729.229583991,0,0,11.06
1772909729.229583991,1,0,0.01
1772909730.250963328,0,0,11.06
1772909730.250963328,1,0,0.01
1772909731.272785779,0,1,11.06
1772909731.272785779,1,0,0.01
1772909732.294754265,0,0,11.06
1772909732.294754265,1,0,0.01
1772909733.315983419,0,0,11.06
1772909733.315983419,1,0,0.01
1772909734.337398688,0,0,11.06
1772909734.337398688,1,0,0.01
1772909735.359487360,0,1,11.06
1772909735.359487360,1,0,0.01
1772909736.381198663,0,0,11.06
1772909736.381198663,1,0,0.01
1772909737.403521074,0,0,11.06
1772909737.403521074,1,0,0.01
1772909738.425138717,0,0,11.06
1772909738.425138717,1,0,0.01
1772909739.446690044,0,0,11.06
1772909739.446690044,1,0,0.01
1772909740.467826317,0,0,11.06
1772909740.467826317,1,0,0.01
1772909741.489422009,0,0,11.06
1772909741.489422009,1,0,0.01
1772909742.511062637,0,1,11.06
1772909742.511062637,1,0,0.01
1772909743.532568315,0,0,11.06
1772909743.532568315,1,0,0.01
1772909744.554317160,0,0,11.06
1772909744.554317160,1,0,0.01
1772909745.576379434,0,0,11.06
1772909745.576379434,1,0,0.01
1772909746.597960062,0,0,11.06
1772909746.597960062,1,0,0.01
1772909747.619307990,0,0,11.06
1772909747.619307990,1,0,0.01
1772909748.641696971,0,0,11.06
1772909748.641696971,1,0,0.01
1772909749.663193711,0,0,11.06
1772909749.663193711,1,0,0.01
1772909750.684403564,0,0,11.06
1772909750.684403564,1,0,0.01
1772909751.706318799,0,0,11.06
1772909751.706318799,1,0,0.01
1772909752.727603675,0,0,11.06
1772909752.727603675,1,0,0.01
1772909753.749663809,0,0,11.06
1772909753.749663809,1,0,0.01
1772909754.771726272,0,0,11.06
1772909754.771726272,1,0,0.01
1772909755.792915319,0,0,11.06
1772909755.792915319,1,0,0.01
1772909756.814141979,0,0,11.06
1772909756.814141979,1,0,0.01
1772909757.835477218,0,0,11.06
1772909757.835477218,1,0,0.01
1772909758.857785222,0,0,11.06
1772909758.857785222,1,0,0.01
1772909759.879517804,0,0,11.06
1772909759.879517804,1,0,0.01
1772909760.901222141,0,0,11.06
1772909760.901222141,1,0,0.01
1772909761.922812408,0,0,11.06
1772909761.922812408,1,0,0.01
1772909762.944543497,0,0,11.06
1772909762.944543497,1,0,0.01
1772909763.966010267,0,0,11.06
1772909763.966010267,1,0,0.01
1772909764.987469522,0,0,11.06
1772909764.987469522,1,0,0.01
1772909766.009679929,0,0,11.06
1772909766.009679929,1,0,0.01
1772909767.031199117,0,0,11.06
1772909767.031199117,1,0,0.01
1772909768.052922595,0,0,11.06
1772909768.052922595,1,0,0.01
1772909769.074554876,0,1,11.06
1772909769.074554876,1,0,0.01
1772909770.097076484,0,0,11.06
1772909770.097076484,1,0,0.01
1772909771.119396975,0,0,11.06
1772909771.119396975,1,0,0.01
1772909772.140745591,0,0,11.06
1772909772.140745591,1,0,0.01
1772909773.162147512,0,1,11.06
1772909773.162147512,1,0,0.01
1772909774.183462683,0,0,11.06
1772909774.183462683,1,0,0.01
1772909775.205484364,0,0,11.06
1772909775.205484364,1,0,0.01
1772909776.227457114,0,0,11.06
1772909776.227457114,1,0,0.01
1772909777.249392353,0,0,11.06
1772909777.249392353,1,0,0.01
1772909778.270689912,0,0,11.06
1772909778.270689912,1,0,0.01
1772909779.292679928,0,0,11.06
1772909779.292679928,1,0,0.01
1772909780.313989046,0,0,11.06
1772909780.313989046,1,0,0.01
1772909781.335438472,0,0,11.06
1772909781.335438472,1,0,0.01
1772909782.357154924,0,0,11.06
1772909782.357154924,1,0,0.01
1772909783.379618598,0,0,11.06
1772909783.379618598,1,0,0.01
1772909784.401175730,0,0,11.06
1772909784.401175730,1,0,0.01
1772909785.422704841,0,0,11.06
1772909785.422704841,1,0,0.01
1772909786.444905100,0,0,11.06
1772909786.444905100,1,0,0.01
1772909787.466477498,0,0,11.06
1772909787.466477498,1,0,0.01
1772909788.488038812,0,0,11.06
1772909788.488038812,1,0,0.01
1772909789.509718827,0,0,11.06
1772909789.509718827,1,0,0.01
1772909790.531942362,0,0,11.06
1772909790.531942362,1,0,0.01
1772909791.553596690,0,0,11.06
1772909791.553596690,1,0,0.01
1772909792.575264025,0,0,11.06
1772909792.575264025,1,0,0.01
1772909793.597749080,0,0,11.06
1772909793.597749080,1,0,0.01
1772909794.620171665,0,0,11.06
1772909794.620171665,1,0,0.01
1772909795.641780755,0,0,11.06
1772909795.641780755,1,0,0.01
1772909796.663118491,0,0,11.06
1772909796.663118491,1,0,0.01
1772909797.685141160,0,0,11.06
1772909797.685141160,1,0,0.01
1772909798.707122299,0,0,11.06
1772909798.707122299,1,0,0.01
1772909799.728481131,0,0,11.06
1772909799.728481131,1,0,0.01
1772909800.749802168,0,0,11.06
1772909800.749802168,1,0,0.01
1772909801.771796221,0,0,11.06
1772909801.771796221,1,0,0.01
1772909802.793001665,0,0,11.06
1772909802.793001665,1,0,0.01
1772909803.815158216,0,0,11.06
1772909803.815158216,1,0,0.01
1772909804.836805865,0,0,11.06
1772909804.836805865,1,0,0.01
1772909805.858609591,0,0,11.06
1772909805.858609591,1,0,0.01
1772909806.880038183,0,0,11.06
1772909806.880038183,1,0,0.01
1772909807.901526926,0,0,11.06
1772909807.901526926,1,0,0.01
1772909808.923916204,0,0,11.06
1772909808.923916204,1,0,0.01
1772909809.945762212,0,0,11.06
1772909809.945762212,1,0,0.01
1772909810.967338540,0,0,11.06
1772909810.967338540,1,0,0.01
1772909811.988923878,0,0,11.06
1772909811.988923878,1,0,0.01
1772909813.011316747,0,0,11.06
1772909813.011316747,1,0,0.01
1772909814.032989764,0,0,11.06
1772909814.032989764,1,0,0.01
1772909815.054740914,0,0,11.06
1772909815.054740914,1,0,0.01
1772909816.076664952,0,0,11.06
1772909816.076664952,1,0,0.01
1772909817.099303919,0,0,11.06
1772909817.099303919,1,0,0.01
1772909818.121621972,0,0,11.06
1772909818.121621972,1,0,0.01
1772909819.146696460,0,0,11.06
1772909819.146696460,1,0,0.01
1772909820.168608703,0,0,11.06
1772909820.168608703,1,0,0.01
1772909821.190947999,0,0,11.06
1772909821.190947999,1,0,0.01
1772909822.212334857,0,0,11.06
1772909822.212334857,1,0,0.01
1772909823.233861426,0,0,11.06
1772909823.233861426,1,0,0.01
1772909824.255420677,0,0,11.06
1772909824.255420677,1,0,0.01
1772909825.276758804,0,0,11.06
1772909825.276758804,1,0,0.01
1772909826.298194407,0,0,11.06
1772909826.298194407,1,0,0.01
1772909827.319560772,0,1,11.06
1772909827.319560772,1,0,0.01
1772909828.341854324,0,0,11.06
1772909828.341854324,1,0,0.01
1772909829.364099755,0,0,11.06
1772909829.364099755,1,0,0.01
1772909830.386825897,0,0,11.06
1772909830.386825897,1,0,0.01
1772909831.409147830,0,0,11.06
1772909831.409147830,1,0,0.01
1772909832.431932667,0,0,11.06
1772909832.431932667,1,0,0.01
1772909833.453708121,0,0,11.06
1772909833.453708121,1,0,0.01
1772909834.476145027,0,1,11.06
1772909834.476145027,1,0,0.01
1772909835.497684213,0,0,11.06
1772909835.497684213,1,0,0.01
1772909836.520361758,0,0,11.06
1772909836.520361758,1,0,0.01
1772909837.541941055,0,0,11.06
1772909837.541941055,1,0,0.01
1772909838.564368922,0,0,11.06
1772909838.564368922,1,0,0.01
1772909839.586520949,0,68,11.06
1772909839.586520949,1,0,0.01
1772909840.608795310,0,67,11.06
1772909840.608795310,1,0,0.01
1772909841.630507778,0,0,11.06
1772909841.630507778,1,0,0.01
1772909842.651945223,0,0,11.06
1772909842.651945223,1,0,0.01
1772909843.674142337,0,0,11.06
1772909843.674142337,1,0,0.01
1772909844.696097160,0,0,11.06
1772909844.696097160,1,0,0.01
1772909845.717615775,0,0,11.06
1772909845.717615775,1,0,0.01
1772909846.739570702,0,0,11.06
1772909846.739570702,1,0,0.01
1772909847.761023850,0,0,11.06
1772909847.761023850,1,0,0.01
1772909848.782271642,0,0,11.06
1772909848.782271642,1,0,0.01
1772909849.803970721,0,0,11.06
1772909849.803970721,1,0,0.01
1772909850.825184409,0,0,11.06
1772909850.825184409,1,0,0.01
1772909851.847480060,0,0,11.06
1772909851.847480060,1,0,0.01
1772909852.869495975,0,67,11.06
1772909852.869495975,1,0,0.01
1772909853.891196681,0,66,11.06
1772909853.891196681,1,0,0.01
1772909854.913015233,0,0,11.06
1772909854.913015233,1,0,0.01
1772909855.934717830,0,0,11.06
1772909855.934717830,1,0,0.01
1772909856.956334934,0,0,11.06
1772909856.956334934,1,0,0.01
1772909857.978512004,0,0,11.06
1772909857.978512004,1,0,0.01
1772909859.000149145,0,0,11.06
1772909859.000149145,1,0,0.01
1772909860.021734323,0,0,11.06
1772909860.021734323,1,0,0.01
1772909861.043959095,0,0,11.06
1772909861.043959095,1,0,0.01
1772909862.066278855,0,0,11.06
1772909862.066278855,1,0,0.01
1772909863.088261210,0,0,11.06
1772909863.088261210,1,0,0.01
1772909864.109878947,0,0,11.06
1772909864.109878947,1,0,0.01
1772909865.131485017,0,0,11.06
1772909865.131485017,1,0,0.01
1772909866.153096184,0,0,11.06
1772909866.153096184,1,0,0.01
1772909867.175169218,0,0,11.06
1772909867.175169218,1,0,0.01
1772909868.196955756,0,0,11.06
1772909868.196955756,1,0,0.01
1772909869.219030619,0,0,11.06
1772909869.219030619,1,0,0.01
1772909870.241034850,0,0,11.06
1772909870.241034850,1,0,0.01
1772909871.263047716,0,0,11.06
1772909871.263047716,1,0,0.01
1772909872.284279660,0,1,11.06
1772909872.284279660,1,0,0.01
1772909873.305659741,0,0,11.06
1772909873.305659741,1,0,0.01
1772909874.327036865,0,0,11.06
1772909874.327036865,1,0,0.01
1772909875.348359090,0,68,11.06
1772909875.348359090,1,0,0.01
1772909876.370176969,0,67,11.06
1772909876.370176969,1,0,0.01
1772909877.392372440,0,0,11.06
1772909877.392372440,1,0,0.01
1772909878.414864918,0,0,11.06
1772909878.414864918,1,0,0.01
1772909879.436457045,0,1,11.06
1772909879.436457045,1,0,0.01
1772909880.459408291,0,0,11.06
1772909880.459408291,1,0,0.01
1772909881.480940201,0,0,11.06
1772909881.480940201,1,0,0.01
1772909882.502328559,0,0,11.06
1772909882.502328559,1,0,0.01
1772909883.524788007,0,0,11.06
1772909883.524788007,1,0,0.01
1772909884.546979309,0,0,11.06
1772909884.546979309,1,0,0.01
1772909885.569374541,0,0,11.06
1772909885.569374541,1,0,0.01
1772909886.591508964,0,0,11.06
1772909886.591508964,1,0,0.01
1772909887.613868006,0,0,11.06
1772909887.613868006,1,0,0.01
1772909888.636264373,0,1,11.06
1772909888.636264373,1,0,0.01
1772909889.657615314,0,0,11.06
1772909889.657615314,1,0,0.01
1772909890.679924754,0,0,11.06
1772909890.679924754,1,0,0.01
1772909891.701935625,0,0,11.06
1772909891.701935625,1,0,0.01
1772909892.723330394,0,0,11.06
1772909892.723330394,1,0,0.01
1772909893.744818455,0,0,11.06
1772909893.744818455,1,0,0.01
1772909894.767008498,0,0,11.06
1772909894.767008498,1,0,0.01
1772909895.789105964,0,0,11.06
1772909895.789105964,1,0,0.01
1772909896.810743677,0,0,11.06
1772909896.810743677,1,0,0.01
1772909897.832553507,0,0,11.06
1772909897.832553507,1,0,0.01
1772909898.854703958,0,0,11.06
1772909898.854703958,1,0,0.01
1772909899.876468047,0,1,11.06
1772909899.876468047,1,0,0.01
1772909900.898134567,0,0,11.06
1772909900.898134567,1,0,0.01
1772909901.920564052,0,0,11.06
1772909901.920564052,1,0,0.01
1772909902.941816138,0,1,11.06
1772909902.941816138,1,0,0.01
1772909903.963394235,0,0,11.06
1772909903.963394235,1,0,0.01
1772909904.985188316,0,0,11.06
1772909904.985188316,1,0,0.01
1772909906.006714405,0,0,11.06
1772909906.006714405,1,0,0.01
1772909907.028120727,0,0,11.06
1772909907.028120727,1,0,0.01
1772909908.050443476,0,0,11.06
1772909908.050443476,1,0,0.01
1772909909.071863246,0,0,11.06
1772909909.071863246,1,0,0.01
1772909910.093420386,0,0,11.06
1772909910.093420386,1,0,0.01
1772909911.114823523,0,0,11.06
1772909911.114823523,1,0,0.01
1772909912.137190996,0,0,11.06
1772909912.137190996,1,0,0.01
1772909913.158400327,0,0,11.06
1772909913.158400327,1,0,0.01
1772909914.179658364,0,0,11.06
1772909914.179658364,1,0,0.01
1772909915.200911663,0,0,11.06
1772909915.200911663,1,0,0.01
1772909916.222251687,0,0,11.06
1772909916.222251687,1,0,0.01
1772909917.243555933,0,0,11.06
1772909917.243555933,1,0,0.01
1772909918.265558554,0,0,11.06
1772909918.265558554,1,0,0.01
1772909919.286835381,0,1,11.06
1772909919.286835381,1,0,0.01
1772909920.309117089,0,0,11.06
1772909920.309117089,1,0,0.01
1772909921.331257109,0,0,11.06
1772909921.331257109,1,0,0.01
1772909922.353168615,0,0,11.06
1772909922.353168615,1,0,0.01
1772909923.374544961,0,0,11.06
1772909923.374544961,1,0,0.01
1772909924.396651257,0,0,11.06
1772909924.396651257,1,0,0.01
1772909925.418825421,0,0,11.06
1772909925.418825421,1,0,0.01
1772909926.440507167,0,0,11.06
1772909926.440507167,1,0,0.01
1772909927.461976525,0,0,11.06
1772909927.461976525,1,0,0.01
1772909928.484325927,0,0,11.06
1772909928.484325927,1,0,0.01
1772909929.506623805,0,0,11.06
1772909929.506623805,1,0,0.01
1772909930.528884533,0,0,11.06
1772909930.528884533,1,0,0.01
1772909931.550133617,0,0,11.06
1772909931.550133617,1,0,0.01
1772909932.571727967,0,0,11.06
1772909932.571727967,1,0,0.01
1772909933.593179144,0,0,11.06
1772909933.593179144,1,0,0.01
1772909934.614569508,0,0,11.06
1772909934.614569508,1,0,0.01
1772909935.635831237,0,0,11.06
1772909935.635831237,1,0,0.01
1772909936.657025784,0,79,11.06
1772909936.657025784,1,0,0.01
1772909937.679622912,0,99,11.06
1772909937.679622912,1,0,0.01
1772909938.701319652,0,99,11.06
1772909938.701319652,1,0,0.01
1772909939.723919663,0,99,11.06
1772909939.723919663,1,0,0.01
1772909940.746523011,0,0,11.06
1772909940.746523011,1,0,0.01
1772909941.768032831,0,0,11.06
1772909941.768032831,1,0,0.01
1772909942.789246166,0,1,11.06
1772909942.789246166,1,0,0.01
1772909943.810845096,0,0,11.06
1772909943.810845096,1,0,0.01
1772909944.833068576,0,0,11.06
1772909944.833068576,1,0,0.01
1772909945.854648073,0,0,11.06
1772909945.854648073,1,0,0.01
1772909946.876329831,0,0,11.06
1772909946.876329831,1,0,0.01
1772909947.898944457,0,0,11.06
1772909947.898944457,1,0,0.01
1772909948.920736660,0,0,11.06
1772909948.920736660,1,0,0.01
1772909949.943181337,0,0,11.06
1772909949.943181337,1,0,0.01
1772909950.965635884,0,0,11.06
1772909950.965635884,1,0,0.01
1772909951.988534530,0,0,11.06
1772909951.988534530,1,0,0.01
1772909953.011616986,0,0,11.06
1772909953.011616986,1,0,0.01
1772909954.033906448,0,1,11.06
1772909954.033906448,1,0,0.01
1772909955.056379683,0,0,11.06
1772909955.056379683,1,0,0.01
1772909956.078931271,0,0,11.06
1772909956.078931271,1,0,0.01
1772909957.101408781,0,0,11.06
1772909957.101408781,1,0,0.01
1772909958.123854253,0,0,11.06
1772909958.123854253,1,0,0.01
1772909959.146229522,0,0,11.06
1772909959.146229522,1,0,0.01
1772909960.169588259,0,0,11.06
1772909960.169588259,1,0,0.01
1772909961.193664091,0,0,11.06
1772909961.193664091,1,0,0.01
1772909962.215926876,0,0,11.06
1772909962.215926876,1,0,0.01
1772909963.238280723,0,0,11.06
1772909963.238280723,1,0,0.01
1772909964.261254888,0,0,11.06
1772909964.261254888,1,0,0.01
1772909965.283594118,0,0,11.06
1772909965.283594118,1,0,0.01
1772909966.305964465,0,0,11.06
1772909966.305964465,1,0,0.01
1772909967.329058196,0,0,11.06
1772909967.329058196,1,0,0.01
1772909968.351784228,0,0,11.06
1772909968.351784228,1,0,0.01
1772909969.374476285,0,0,11.06
1772909969.374476285,1,0,0.01
1772909970.397106507,0,0,11.06
1772909970.397106507,1,0,0.01
1772909971.419626185,0,0,11.06
1772909971.419626185,1,0,0.01
1772909972.441466470,0,0,11.06
1772909972.441466470,1,0,0.01
1772909973.464291612,0,0,11.06
1772909973.464291612,1,0,0.01
1772909974.486772225,0,0,11.06
1772909974.486772225,1,0,0.01
1772909975.509468887,0,0,11.06
1772909975.509468887,1,0,0.01
1772909976.532029101,0,0,11.06
1772909976.532029101,1,0,0.01
1772909977.554818124,0,0,11.06
1772909977.554818124,1,0,0.01
1772909978.577347164,0,0,11.06
1772909978.577347164,1,0,0.01
1772909979.600246034,0,0,11.06
1772909979.600246034,1,0,0.01
1772909980.622831053,0,0,11.06
1772909980.622831053,1,0,0.01
1772909981.645297417,0,0,11.06
1772909981.645297417,1,0,0.01
1772909982.667595111,0,0,11.06
1772909982.667595111,1,0,0.01
1772909983.689861536,0,0,11.06
1772909983.689861536,1,0,0.01
1772909984.712196580,0,0,11.06
1772909984.712196580,1,0,0.01
1772909985.734628334,0,0,11.06
1772909985.734628334,1,0,0.01
1772909986.756947673,0,0,11.06
1772909986.756947673,1,0,0.01
1772909987.779338301,0,0,11.06
1772909987.779338301,1,0,0.01
1772909988.802496017,0,0,11.06
1772909988.802496017,1,0,0.01
1772909989.824930352,0,0,11.06
1772909989.824930352,1,0,0.01
1772909990.847157962,0,0,11.06
1772909990.847157962,1,0,0.01
1772909991.869917266,0,0,11.06
1772909991.869917266,1,0,0.01
1772909992.891757769,0,0,11.06
1772909992.891757769,1,0,0.01
1772909993.914515162,0,0,11.06
1772909993.914515162,1,0,0.01
1772909994.936941857,0,0,11.06
1772909994.936941857,1,0,0.01
1772909995.960121013,0,0,11.06
1772909995.960121013,1,0,0.01
1772909996.982274875,0,1,11.06
1772909996.982274875,1,0,0.01
1772909998.004819985,0,0,11.06
1772909998.004819985,1,0,0.01
1772909999.027062865,0,0,11.06
1772909999.027062865,1,0,0.01
1772910000.049578577,0,0,11.06
1772910000.049578577,1,0,0.01
1772910001.071479316,0,0,11.06
1772910001.071479316,1,0,0.01
1772910002.093996874,0,0,11.06
1772910002.093996874,1,0,0.01
1772910003.115946481,0,0,11.06
1772910003.115946481,1,0,0.01
1772910004.138643649,0,0,11.06
1772910004.138643649,1,0,0.01
1772910005.160539576,0,0,11.06
1772910005.160539576,1,0,0.01
1772910006.183719109,0,0,11.06
1772910006.183719109,1,0,0.01
1772910007.205573689,0,0,11.06
1772910007.205573689,1,0,0.01
1772910008.227213785,0,0,11.06
1772910008.227213785,1,0,0.01
1772910009.249055902,0,0,11.06
1772910009.249055902,1,0,0.01
1772910010.271654517,0,0,11.06
1772910010.271654517,1,0,0.01
1772910011.294183690,0,0,11.06
1772910011.294183690,1,0,0.01
1772910012.317466678,0,0,11.06
1772910012.317466678,1,0,0.01
1772910013.338880825,0,0,11.06
1772910013.338880825,1,0,0.01
1772910014.360755148,0,0,11.06
1772910014.360755148,1,0,0.01
1772910015.383822429,0,0,11.06
1772910015.383822429,1,0,0.01
1772910016.407522057,0,0,11.06
1772910016.407522057,1,0,0.01
1772910017.430396604,0,0,11.06
1772910017.430396604,1,0,0.01
1772910018.451933297,0,0,11.06
1772910018.451933297,1,0,0.01
1772910019.473681042,0,0,11.06
1772910019.473681042,1,0,0.01
1772910020.497169422,0,0,11.06
1772910020.497169422,1,0,0.01
1772910021.518941924,0,0,11.06
1772910021.518941924,1,0,0.01
1772910022.541329955,0,0,11.06
1772910022.541329955,1,0,0.01
1772910023.564421314,0,1,11.06
1772910023.564421314,1,0,0.01
1772910024.587404117,0,0,11.06
1772910024.587404117,1,0,0.01
1772910025.610399257,0,0,11.06
1772910025.610399257,1,0,0.01
1772910026.633047905,0,0,11.06
1772910026.633047905,1,0,0.01
1772910027.656093648,0,0,11.06
1772910027.656093648,1,0,0.01
1772910028.678669199,0,0,11.06
1772910028.678669199,1,0,0.01
1772910029.701089019,0,1,11.06
1772910029.701089019,1,0,0.01
1772910030.724495339,0,0,11.06
1772910030.724495339,1,0,0.01
1772910031.746991995,0,0,11.06
1772910031.746991995,1,0,0.01
1772910032.768554736,0,0,11.06
1772910032.768554736,1,0,0.01
1772910033.791787138,0,0,11.06
1772910033.791787138,1,0,0.01
1772910034.814494088,0,0,11.06
1772910034.814494088,1,0,0.01
1772910035.836194557,0,0,11.06
1772910035.836194557,1,0,0.01
1772910036.858519641,0,0,11.06
1772910036.858519641,1,0,0.01
1772910037.881760246,0,0,11.06
1772910037.881760246,1,0,0.01
1772910038.904786368,0,0,11.06
1772910038.904786368,1,0,0.01
1772910039.926656105,0,0,11.06
1772910039.926656105,1,0,0.01
1772910040.949838648,0,0,11.06
1772910040.949838648,1,0,0.01
1772910041.972110622,0,0,11.06
1772910041.972110622,1,0,0.01
1772910042.994079791,0,0,11.06
1772910042.994079791,1,0,0.01
1772910044.016891725,0,1,11.06
1772910044.016891725,1,0,0.01
1772910045.039842583,0,0,11.06
1772910045.039842583,1,0,0.01
1772910046.062051052,0,0,11.06
1772910046.062051052,1,0,0.01
1772910047.084284205,0,0,11.06
1772910047.084284205,1,0,0.01
1772910048.106072625,0,0,11.06
1772910048.106072625,1,0,0.01
1772910049.127825432,0,0,11.06
1772910049.127825432,1,0,0.01
1772910050.149814171,0,0,11.06
1772910050.149814171,1,0,0.01
1772910051.171218280,0,0,11.06
1772910051.171218280,1,0,0.01
1772910052.192647486,0,0,11.06
1772910052.192647486,1,0,0.01
1772910053.215401150,0,0,11.06
1772910053.215401150,1,0,0.01
1772910054.238443471,0,0,11.06
1772910054.238443471,1,0,0.01
1772910055.260972942,0,0,11.06
1772910055.260972942,1,0,0.01
1772910056.283460027,0,0,11.06
1772910056.283460027,1,0,0.01
1772910057.307912328,0,0,11.06
1772910057.307912328,1,0,0.01
1772910058.330589789,0,0,11.06
1772910058.330589789,1,0,0.01
1772910059.353584456,0,0,11.06
1772910059.353584456,1,0,0.01
1772910060.375636426,0,1,11.06
1772910060.375636426,1,0,0.01
1772910061.397798256,0,0,11.06
1772910061.397798256,1,0,0.01
1772910062.420223994,0,0,11.06
1772910062.420223994,1,0,0.01
1772910063.444411650,0,0,11.06
1772910063.444411650,1,0,0.01
1772910064.466739840,0,1,11.06
1772910064.466739840,1,0,0.01
1772910065.488975902,0,0,11.06
1772910065.488975902,1,0,0.01
1772910066.510236276,0,0,11.06
1772910066.510236276,1,0,0.01
1772910067.533618821,0,1,11.06
1772910067.533618821,1,0,0.01
1772910068.555571684,0,0,11.06
1772910068.555571684,1,0,0.01
1772910069.576984662,0,0,11.06
1772910069.576984662,1,0,0.01
1772910070.599832075,0,0,11.06
1772910070.599832075,1,0,0.01
1772910071.621138364,0,0,11.06
1772910071.621138364,1,0,0.01
1772910072.644536586,0,0,11.06
1772910072.644536586,1,0,0.01
1772910073.667929473,0,0,11.06
1772910073.667929473,1,0,0.01
1772910074.690266300,0,0,11.06
1772910074.690266300,1,0,0.01
1772910075.711919773,0,0,11.06
1772910075.711919773,1,0,0.01
1772910076.734126383,0,0,11.06
1772910076.734126383,1,0,0.01
1772910077.756943920,0,0,11.06
1772910077.756943920,1,0,0.01
1772910078.779982067,0,0,11.06
1772910078.779982067,1,0,0.01
1772910079.801935886,0,0,11.06
1772910079.801935886,1,0,0.01
1772910080.824551332,0,0,11.06
1772910080.824551332,1,0,0.01
1772910081.846163767,0,1,11.06
1772910081.846163767,1,0,0.01
1772910082.871294451,0,0,11.06
1772910082.871294451,1,0,0.01
1772910083.895180364,0,0,11.06
1772910083.895180364,1,0,0.01
1772910084.918059320,0,0,11.06
1772910084.918059320,1,0,0.01
1772910085.941241978,0,0,11.06
1772910085.941241978,1,0,0.01
1772910086.964579045,0,0,11.06
1772910086.964579045,1,0,0.01
1772910087.986464969,0,0,11.06
1772910087.986464969,1,0,0.01
1772910089.009116725,0,0,11.06
1772910089.009116725,1,0,0.01
1772910090.032548320,0,0,11.06
1772910090.032548320,1,0,0.01
1772910091.056159554,0,0,11.06
1772910091.056159554,1,0,0.01
1772910092.078523674,0,0,11.06
1772910092.078523674,1,0,0.01
1772910093.101965790,0,0,11.06
1772910093.101965790,1,0,0.01
1772910094.124654852,0,0,11.06
1772910094.124654852,1,0,0.01
1772910095.147891760,0,0,11.06
1772910095.147891760,1,0,0.01
1772910096.170914164,0,0,11.06
1772910096.170914164,1,0,0.01
1772910097.193447799,0,0,11.06
1772910097.193447799,1,0,0.01
1772910098.216632199,0,0,11.06
1772910098.216632199,1,0,0.01
1772910099.240940981,0,0,11.06
1772910099.240940981,1,0,0.01
1772910100.264989413,0,0,11.06
1772910100.264989413,1,0,0.01
1772910101.287889642,0,0,11.06
1772910101.287889642,1,0,0.01
1772910102.310408944,0,0,11.06
1772910102.310408944,1,0,0.01
1772910103.332960905,0,0,11.06
1772910103.332960905,1,0,0.01
1772910104.355416362,0,0,11.06
1772910104.355416362,1,0,0.01
1772910105.378454786,0,0,11.06
1772910105.378454786,1,0,0.01
1772910106.400532724,0,0,11.06
1772910106.400532724,1,0,0.01
1772910107.423224343,0,0,11.06
1772910107.423224343,1,0,0.01
1772910108.445084160,0,0,11.06
1772910108.445084160,1,0,0.01
1772910109.467428583,0,0,11.06
1772910109.467428583,1,0,0.01
1772910110.489733465,0,0,11.06
1772910110.489733465,1,0,0.01
1772910111.511838151,0,0,11.06
1772910111.511838151,1,0,0.01
1772910112.535616143,0,0,11.06
1772910112.535616143,1,0,0.01
1772910113.557730993,0,0,11.06
1772910113.557730993,1,0,0.01
1772910114.580983284,0,0,11.06
1772910114.580983284,1,0,0.01
1772910115.604557496,0,0,11.06
1772910115.604557496,1,0,0.01
1772910116.628192434,0,0,11.06
1772910116.628192434,1,0,0.01
1772910117.651284872,0,0,11.06
1772910117.651284872,1,0,0.01
1772910118.673752508,0,0,11.06
1772910118.673752508,1,0,0.01
1772910119.696521268,0,0,11.06
1772910119.696521268,1,0,0.01
1772910120.718972543,0,0,11.06
1772910120.718972543,1,0,0.01
1772910121.741770944,0,1,11.06
1772910121.741770944,1,0,0.01
1772910122.764222568,0,0,11.06
1772910122.764222568,1,0,0.01
1772910123.787169855,0,0,11.06
1772910123.787169855,1,0,0.01
1772910124.809661256,0,0,11.06
1772910124.809661256,1,0,0.01
1772910125.832542313,0,0,11.06
1772910125.832542313,1,0,0.01
1772910126.856179954,0,0,11.06
1772910126.856179954,1,0,0.01
1772910127.879496095,0,1,11.06
1772910127.879496095,1,0,0.01
1772910128.902820038,0,0,11.06
1772910128.902820038,1,0,0.01
1772910129.924432352,0,0,11.06
1772910129.924432352,1,0,0.01
1772910130.946142237,0,0,11.06
1772910130.946142237,1,0,0.01
1772910131.969275107,0,0,11.06
1772910131.969275107,1,0,0.01
1772910132.991807435,0,0,11.06
1772910132.991807435,1,0,0.01
1772910134.013935023,0,0,11.06
1772910134.013935023,1,0,0.01
1772910135.036403990,0,0,11.06
1772910135.036403990,1,0,0.01
1772910136.058700924,0,0,11.06
1772910136.058700924,1,0,0.01
1772910137.080599475,0,0,11.06
1772910137.080599475,1,0,0.01
1772910138.103695185,0,0,11.06
1772910138.103695185,1,0,0.01
1772910139.125485758,0,0,11.06
1772910139.125485758,1,0,0.01
1772910140.147435758,0,0,11.06
1772910140.147435758,1,0,0.01
1772910141.171545628,0,0,11.06
1772910141.171545628,1,0,0.01
1772910142.194431915,0,0,11.06
1772910142.194431915,1,0,0.01
1772910143.217694591,0,1,11.06
1772910143.217694591,1,0,0.01
1772910144.240722465,0,0,11.06
1772910144.240722465,1,0,0.01
1772910145.263958741,0,0,11.06
1772910145.263958741,1,0,0.01
1772910146.287000934,0,0,11.06
1772910146.287000934,1,0,0.01
1772910147.310519682,0,0,11.06
1772910147.310519682,1,0,0.01
1772910148.332742561,0,1,11.06
1772910148.332742561,1,0,0.01
1772910149.355579197,0,0,11.06
1772910149.355579197,1,0,0.01
1772910150.378014977,0,0,11.06
1772910150.378014977,1,0,0.01
1772910151.401067581,0,0,11.06
1772910151.401067581,1,0,0.01
1772910152.422816824,0,0,11.06
1772910152.422816824,1,0,0.01
1772910153.444878805,0,0,11.06
1772910153.444878805,1,0,0.01
1772910154.468568334,0,0,11.06
1772910154.468568334,1,0,0.01
1772910155.490916647,0,0,11.06
1772910155.490916647,1,0,0.01
1772910156.514074446,0,0,11.06
1772910156.514074446,1,0,0.01
1772910157.536693468,0,0,11.06
1772910157.536693468,1,0,0.01
1772910158.559066828,0,0,11.06
1772910158.559066828,1,0,0.01
1772910159.581896184,0,0,11.06
1772910159.581896184,1,0,0.01
1772910160.604932115,0,0,11.06
1772910160.604932115,1,0,0.01
1772910161.628206742,0,0,11.06
1772910161.628206742,1,0,0.01
1772910162.650092255,0,0,11.06
1772910162.650092255,1,0,0.01
1772910163.672589681,0,0,11.06
1772910163.672589681,1,0,0.01
1772910164.695289346,0,0,11.06
1772910164.695289346,1,0,0.01
1772910165.717703295,0,0,11.06
1772910165.717703295,1,0,0.01
1772910166.739823086,0,0,11.06
1772910166.739823086,1,0,0.01
1772910167.762509449,0,0,11.06
1772910167.762509449,1,0,0.01
1772910168.784524216,0,0,11.06
1772910168.784524216,1,0,0.01
1772910169.806061254,0,0,11.06
1772910169.806061254,1,0,0.01
1772910170.828057735,0,0,11.06
1772910170.828057735,1,0,0.01
1772910171.850611605,0,0,11.06
1772910171.850611605,1,0,0.01
1772910172.872990187,0,0,11.06
1772910172.872990187,1,0,0.01
1772910173.896138956,0,0,11.06
1772910173.896138956,1,0,0.01
1772910174.919431703,0,0,11.06
1772910174.919431703,1,0,0.01
1772910175.942360405,0,0,11.06
1772910175.942360405,1,0,0.01
1772910176.965139153,0,0,11.06
1772910176.965139153,1,0,0.01
1772910177.987822528,0,0,11.06
1772910177.987822528,1,0,0.01
1772910179.009925696,0,0,11.06
1772910179.009925696,1,0,0.01
1772910180.032508104,0,0,11.06
1772910180.032508104,1,0,0.01
1772910181.054685640,0,0,11.06
1772910181.054685640,1,0,0.01
1772910182.077457212,0,0,11.06
1772910182.077457212,1,0,0.01
1772910183.100358207,0,0,11.06
1772910183.100358207,1,0,0.01
1772910184.122205321,0,0,11.06
1772910184.122205321,1,0,0.01
1772910185.144951784,0,0,11.06
1772910185.144951784,1,0,0.01
1772910186.167772372,0,0,11.06
1772910186.167772372,1,0,0.01
1772910187.190088204,0,1,11.06
1772910187.190088204,1,0,0.01
1772910188.212376378,0,0,11.06
1772910188.212376378,1,0,0.01
1772910189.235113635,0,0,11.06
1772910189.235113635,1,0,0.01
1772910190.256960468,0,0,11.06
1772910190.256960468,1,0,0.01
1772910191.279460764,0,0,11.06
1772910191.279460764,1,0,0.01
1772910192.302753460,0,0,11.06
1772910192.302753460,1,0,0.01
1772910193.325765416,0,0,11.06
1772910193.325765416,1,0,0.01
1772910194.348328698,0,0,11.06
1772910194.348328698,1,0,0.01
1772910195.370415139,0,0,11.06
1772910195.370415139,1,0,0.01
1772910196.392653008,0,0,11.06
1772910196.392653008,1,0,0.01
1772910197.414805968,0,0,11.06
1772910197.414805968,1,0,0.01
1772910198.437734639,0,0,11.06
1772910198.437734639,1,0,0.01
1772910199.461285458,0,0,11.06
1772910199.461285458,1,0,0.01
1772910200.483719203,0,0,11.06
1772910200.483719203,1,0,0.01
1772910201.507119689,0,0,11.06
1772910201.507119689,1,0,0.01
1772910202.529341452,0,0,11.06
1772910202.529341452,1,0,0.01
1772910203.551133506,0,0,11.06
1772910203.551133506,1,0,0.01
1772910204.574470426,0,0,11.06
1772910204.574470426,1,0,0.01
1772910205.597052286,0,0,11.06
1772910205.597052286,1,0,0.01
1772910206.619824353,0,0,11.06
1772910206.619824353,1,0,0.01
1772910207.642698146,0,0,11.06
1772910207.642698146,1,0,0.01
1772910208.665081673,0,0,11.06
1772910208.665081673,1,0,0.01
1772910209.687224240,0,0,11.06
1772910209.687224240,1,0,0.01
1772910210.710268472,0,0,11.06
1772910210.710268472,1,0,0.01
1772910211.732942450,0,0,11.06
1772910211.732942450,1,0,0.01
1772910212.755524104,0,0,11.06
1772910212.755524104,1,0,0.01
1772910213.778617496,0,0,11.06
1772910213.778617496,1,0,0.01
1772910214.800995155,0,0,11.06
1772910214.800995155,1,0,0.01
1772910215.823137047,0,0,11.06
1772910215.823137047,1,0,0.01
1772910216.845621003,0,0,11.06
1772910216.845621003,1,0,0.01
1772910217.868496240,0,0,11.06
1772910217.868496240,1,0,0.01
1772910218.890306378,0,0,11.06
1772910218.890306378,1,0,0.01
1772910219.912935796,0,0,11.06
1772910219.912935796,1,0,0.01
1772910220.934809221,0,0,11.06
1772910220.934809221,1,0,0.01
1772910221.957234619,0,0,11.06
1772910221.957234619,1,0,0.01
1772910222.980098677,0,0,11.06
1772910222.980098677,1,0,0.01
1772910224.002605566,0,0,11.06
1772910224.002605566,1,0,0.01
1772910225.025487378,0,0,11.06
1772910225.025487378,1,0,0.01
1772910226.047984426,0,0,11.06
1772910226.047984426,1,0,0.01
1772910227.070601747,0,0,11.06
1772910227.070601747,1,0,0.01
1772910228.093037829,0,0,11.06
1772910228.093037829,1,0,0.01
1772910229.116021542,0,0,11.06
1772910229.116021542,1,0,0.01
1772910230.138490086,0,0,11.06
1772910230.138490086,1,0,0.01
1772910231.160818625,0,0,11.06
1772910231.160818625,1,0,0.01
1772910232.183669651,0,0,11.06
1772910232.183669651,1,0,0.01
1772910233.204887860,0,0,11.06
1772910233.204887860,1,0,0.01
1772910234.227560802,0,0,11.06
1772910234.227560802,1,0,0.01
1772910235.249377637,0,0,11.06
1772910235.249377637,1,0,0.01
1772910236.272062611,0,0,11.06
1772910236.272062611,1,0,0.01
1772910237.294331343,0,1,11.06
1772910237.294331343,1,0,0.01
1772910238.317637031,0,0,11.06
1772910238.317637031,1,0,0.01
1772910239.340461187,0,0,11.06
1772910239.340461187,1,0,0.01
1772910240.363251206,0,0,11.06
1772910240.363251206,1,0,0.01
1772910241.385658066,0,1,11.06
1772910241.385658066,1,0,0.01
1772910242.407657003,0,0,11.06
1772910242.407657003,1,0,0.01
1772910243.429617721,0,0,11.06
1772910243.429617721,1,0,0.01
1772910244.451617160,0,0,11.06
1772910244.451617160,1,0,0.01
1772910245.473653685,0,0,11.06
1772910245.473653685,1,0,0.01
1772910246.496007211,0,0,11.06
1772910246.496007211,1,0,0.01
1772910247.518837025,0,0,11.06
1772910247.518837025,1,0,0.01
1772910248.541522809,0,0,11.06
1772910248.541522809,1,0,0.01
1772910249.562948017,0,0,11.06
1772910249.562948017,1,0,0.01
1772910250.584122052,0,0,11.06
1772910250.584122052,1,0,0.01
1772910251.606024212,0,1,11.06
1772910251.606024212,1,0,0.01
1772910252.628316758,0,0,11.06
1772910252.628316758,1,0,0.01
1772910253.650636061,0,0,11.06
1772910253.650636061,1,0,0.01
1772910254.672429755,0,0,11.06
1772910254.672429755,1,0,0.01
1772910255.694653802,0,0,11.06
1772910255.694653802,1,0,0.01
1772910256.717617117,0,0,11.06
1772910256.717617117,1,0,0.01
1772910257.739856045,0,0,11.06
1772910257.739856045,1,0,0.01
1772910258.762269507,0,0,11.06
1772910258.762269507,1,0,0.01
1772910259.785295792,0,1,11.06
1772910259.785295792,1,0,0.01
1772910260.807837848,0,0,11.06
1772910260.807837848,1,0,0.01
1772910261.830435722,0,0,11.06
1772910261.830435722,1,0,0.01
1772910262.852887004,0,0,11.06
1772910262.852887004,1,0,0.01
1772910263.875731879,0,0,11.06
1772910263.875731879,1,0,0.01
1772910264.898284209,0,0,11.06
1772910264.898284209,1,0,0.01
1772910265.920612755,0,0,11.06
1772910265.920612755,1,0,0.01
1772910266.942860063,0,1,11.06
1772910266.942860063,1,0,0.01
1772910267.965067387,0,0,11.06
1772910267.965067387,1,0,0.01
1772910268.987479044,0,68,11.06
1772910268.987479044,1,0,0.01
1772910270.010281454,0,68,11.06
1772910270.010281454,1,0,0.01
1772910271.033385328,0,0,11.06
1772910271.033385328,1,0,0.01
1772910272.055735948,0,1,11.06
1772910272.055735948,1,0,0.01
1772910273.077834258,0,0,11.06
1772910273.077834258,1,0,0.01
1772910274.100170554,0,0,11.06
1772910274.100170554,1,0,0.01
1772910275.122206762,0,0,11.06
1772910275.122206762,1,0,0.01
1772910276.145361395,0,0,11.06
1772910276.145361395,1,0,0.01
1772910277.166410843,0,0,11.06
1772910277.166410843,1,0,0.01
1772910278.188157502,0,0,11.06
1772910278.188157502,1,0,0.01
1772910279.210581501,0,0,11.06
1772910279.210581501,1,0,0.01
1772910280.232942978,0,0,11.06
1772910280.232942978,1,0,0.01
1772910281.254478934,0,0,11.06
1772910281.254478934,1,0,0.01
1772910282.277616854,0,0,11.06
1772910282.277616854,1,0,0.01
1772910283.300947728,0,0,11.06
1772910283.300947728,1,0,0.01
1772910284.323472767,0,1,11.06
1772910284.323472767,1,0,0.01
1772910285.345613183,0,1,11.06
1772910285.345613183,1,0,0.01
1772910286.367374059,0,0,11.06
1772910286.367374059,1,0,0.01
1772910287.390327121,0,0,11.06
1772910287.390327121,1,0,0.01
1772910288.412257593,0,0,11.06
1772910288.412257593,1,0,0.01
1772910289.435451554,0,72,11.06
1772910289.435451554,1,0,0.01
1772910290.457606071,0,71,11.06
1772910290.457606071,1,0,0.01
1772910291.481114634,0,0,11.06
1772910291.481114634,1,0,0.01
1772910292.503254225,0,0,11.06
1772910292.503254225,1,0,0.01
1772910293.524800545,0,0,11.06
1772910293.524800545,1,0,0.01
1772910294.548457012,0,0,11.06
1772910294.548457012,1,0,0.01
1772910295.571376810,0,0,11.06
1772910295.571376810,1,0,0.01
1772910296.594162908,0,0,11.06
1772910296.594162908,1,0,0.01
1772910297.617131948,0,0,11.06
1772910297.617131948,1,0,0.01
1772910298.639392676,0,1,11.06
1772910298.639392676,1,0,0.01
1772910299.661998061,0,0,11.06
1772910299.661998061,1,0,0.01
1772910300.685743993,0,0,11.06
1772910300.685743993,1,0,0.01
1772910301.708232974,0,0,11.06
1772910301.708232974,1,0,0.01
1772910302.731998203,0,0,11.06
1772910302.731998203,1,0,0.01
1772910303.755803255,0,0,11.06
1772910303.755803255,1,0,0.01
1772910304.778194578,0,0,11.06
1772910304.778194578,1,0,0.01
1772910305.800839181,0,0,11.06
1772910305.800839181,1,0,0.01
1772910306.823649627,0,0,11.06
1772910306.823649627,1,0,0.01
1772910307.846618575,0,1,11.06
1772910307.846618575,1,0,0.01
1772910308.869246800,0,0,11.06
1772910308.869246800,1,0,0.01
1772910309.892248835,0,0,11.06
1772910309.892248835,1,0,0.01
1772910310.915458616,0,0,11.06
1772910310.915458616,1,0,0.01
1772910311.937405650,0,0,11.06
1772910311.937405650,1,0,0.01
1772910312.959705649,0,0,11.06
1772910312.959705649,1,0,0.01
1772910313.981411596,0,0,11.06
1772910313.981411596,1,0,0.01
1772910315.004057316,0,0,11.06
1772910315.004057316,1,0,0.01
1772910316.026632544,0,0,11.06
1772910316.026632544,1,0,0.01
1772910317.048249435,0,0,11.06
1772910317.048249435,1,0,0.01
1772910318.071702185,0,0,11.06
1772910318.071702185,1,0,0.01
1772910319.094431793,0,0,11.06
1772910319.094431793,1,0,0.01
1772910320.115708177,0,0,11.06
1772910320.115708177,1,0,0.01
1772910321.137253941,0,1,11.06
1772910321.137253941,1,0,0.01
1772910322.160128251,0,0,11.06
1772910322.160128251,1,0,0.01
1772910323.181820614,0,0,11.06
1772910323.181820614,1,0,0.01
1772910324.203484495,0,0,11.06
1772910324.203484495,1,0,0.01
1772910325.226929801,0,0,11.06
1772910325.226929801,1,0,0.01
1772910326.249216661,0,0,11.06
1772910326.249216661,1,0,0.01
1772910327.271940902,0,0,11.06
1772910327.271940902,1,0,0.01
1772910328.295911767,0,0,11.06
1772910328.295911767,1,0,0.01
1772910329.318605792,0,0,11.06
1772910329.318605792,1,0,0.01
1772910330.341605885,0,0,11.06
1772910330.341605885,1,0,0.01
1772910331.364821984,0,0,11.06
1772910331.364821984,1,0,0.01
1772910332.386859169,0,0,11.06
1772910332.386859169,1,0,0.01
1772910333.409808320,0,0,11.06
1772910333.409808320,1,0,0.01
1772910334.431858240,0,0,11.06
1772910334.431858240,1,0,0.01
1772910335.454165233,0,0,11.06
1772910335.454165233,1,0,0.01
1772910336.476266755,0,0,11.06
1772910336.476266755,1,0,0.01
1772910337.498998700,0,0,11.06
1772910337.498998700,1,0,0.01
1772910338.521369618,0,0,11.06
1772910338.521369618,1,0,0.01
1772910339.543675963,0,0,11.06
1772910339.543675963,1,0,0.01
1772910340.567160763,0,1,11.06
1772910340.567160763,1,0,0.01
1772910341.590107638,0,0,11.06
1772910341.590107638,1,0,0.01
1772910342.613049081,0,0,11.06
1772910342.613049081,1,0,0.01
1772910343.635481733,0,0,11.06
1772910343.635481733,1,0,0.01
1772910344.657993408,0,0,11.06
1772910344.657993408,1,0,0.01
1772910345.681138787,0,0,11.06
1772910345.681138787,1,0,0.01
1772910346.702648268,0,0,11.06
1772910346.702648268,1,0,0.01
1772910347.725385027,0,0,11.06
1772910347.725385027,1,0,0.01
1772910348.748855136,0,0,11.06
1772910348.748855136,1,0,0.01
1772910349.770862259,0,0,11.06
1772910349.770862259,1,0,0.01
1772910350.794159987,0,0,11.06
1772910350.794159987,1,0,0.01
1772910351.817626064,0,0,11.06
1772910351.817626064,1,0,0.01
1772910352.840346715,0,0,11.06
1772910352.840346715,1,0,0.01
1772910353.862543850,0,0,11.06
1772910353.862543850,1,0,0.01
1772910354.884808995,0,0,11.06
1772910354.884808995,1,0,0.01
1772910355.907161607,0,0,11.06
1772910355.907161607,1,0,0.01
1772910356.930284709,0,0,11.06
1772910356.930284709,1,0,0.01
1772910357.952537617,0,0,11.06
1772910357.952537617,1,0,0.01
1772910358.974557390,0,0,11.06
1772910358.974557390,1,0,0.01
1772910359.996881492,0,0,11.06
1772910359.996881492,1,0,0.01
1772910361.018858852,0,0,11.06
1772910361.018858852,1,0,0.01
1772910362.041400850,0,0,11.06
1772910362.041400850,1,0,0.01
1772910363.064225323,0,0,11.06
1772910363.064225323,1,0,0.01
1772910364.086178724,0,0,11.06
1772910364.086178724,1,0,0.01
1772910365.109897319,0,0,11.06
1772910365.109897319,1,0,0.01
1772910366.132979512,0,0,11.06
1772910366.132979512,1,0,0.01
1772910367.157523456,0,0,11.06
1772910367.157523456,1,0,0.01
1772910368.180299780,0,0,11.06
1772910368.180299780,1,0,0.01
1772910369.203401835,0,0,11.06
1772910369.203401835,1,0,0.01
1772910370.226506559,0,0,11.06
1772910370.226506559,1,0,0.01
1772910371.248483225,0,0,11.06
1772910371.248483225,1,0,0.01
1772910372.272142254,0,0,11.06
1772910372.272142254,1,0,0.01
1772910373.295069159,0,0,11.06
1772910373.295069159,1,0,0.01
1772910374.317583410,0,0,11.06
1772910374.317583410,1,0,0.01
1772910375.339936005,0,0,11.06
1772910375.339936005,1,0,0.01
1772910376.362853009,0,0,11.06
1772910376.362853009,1,0,0.01
1772910377.385882087,0,0,11.06
1772910377.385882087,1,0,0.01
1772910378.409183263,0,0,11.06
1772910378.409183263,1,0,0.01
1772910379.430084988,0,0,11.06
1772910379.430084988,1,0,0.01
1772910380.452869840,0,0,11.06
1772910380.452869840,1,0,0.01
1772910381.474894767,0,0,11.06
1772910381.474894767,1,0,0.01
1772910382.497362597,0,0,11.06
1772910382.497362597,1,0,0.01
1772910383.519858155,0,0,11.06
1772910383.519858155,1,0,0.01
1772910384.542832401,0,0,11.06
1772910384.542832401,1,0,0.01
1772910385.565891662,0,0,11.06
1772910385.565891662,1,0,0.01
1772910386.589040358,0,0,11.06
1772910386.589040358,1,0,0.01
1772910387.612220948,0,0,11.06
1772910387.612220948,1,0,0.01
1772910388.635486319,0,0,11.06
1772910388.635486319,1,0,0.01
1772910389.658876648,0,0,11.06
1772910389.658876648,1,0,0.01
1772910390.682479424,0,0,11.06
1772910390.682479424,1,0,0.01
1772910391.706450841,0,0,11.06
1772910391.706450841,1,0,0.01
1772910392.729819191,0,0,11.06
1772910392.729819191,1,0,0.01
1772910393.752492309,0,0,11.06
1772910393.752492309,1,0,0.01
1772910394.774712817,0,0,11.06
1772910394.774712817,1,0,0.01
1772910395.797580370,0,0,11.06
1772910395.797580370,1,0,0.01
1772910396.819226406,0,0,11.06
1772910396.819226406,1,0,0.01
1772910397.841154795,0,0,11.06
1772910397.841154795,1,0,0.01
1772910398.864520677,0,0,11.06
1772910398.864520677,1,0,0.01
1772910399.886482783,0,0,11.06
1772910399.886482783,1,0,0.01
1772910400.908641752,0,0,11.06
1772910400.908641752,1,0,0.01
1772910401.932473570,0,1,11.06
1772910401.932473570,1,0,0.01
1772910402.954809923,0,0,11.06
1772910402.954809923,1,0,0.01
1772910403.977782100,0,0,11.06
1772910403.977782100,1,0,0.01
1772910404.999558017,0,0,11.06
1772910404.999558017,1,0,0.01
1772910406.022206614,0,0,11.06
1772910406.022206614,1,0,0.01
1772910407.044951957,0,0,11.06
1772910407.044951957,1,0,0.01
1772910408.067765731,0,1,11.06
1772910408.067765731,1,0,0.01
1772910409.089501030,0,0,11.06
1772910409.089501030,1,0,0.01
1772910410.111240369,0,0,11.06
1772910410.111240369,1,0,0.01
1772910411.133063630,0,0,11.06
1772910411.133063630,1,0,0.01
1772910412.155589541,0,0,11.06
1772910412.155589541,1,0,0.01
1772910413.177158226,0,0,11.06
1772910413.177158226,1,0,0.01
1772910414.200023639,0,0,11.06
1772910414.200023639,1,0,0.01
1772910415.222080833,0,0,11.06
1772910415.222080833,1,0,0.01
1772910416.244468683,0,0,11.06
1772910416.244468683,1,0,0.01
1772910417.266990600,0,0,11.06
1772910417.266990600,1,0,0.01
1772910418.288917367,0,0,11.06
1772910418.288917367,1,0,0.01
1772910419.311141461,0,0,11.06
1772910419.311141461,1,0,0.01
1772910420.333197927,0,0,11.06
1772910420.333197927,1,0,0.01
1772910421.355644207,0,1,11.06
1772910421.355644207,1,0,0.01
1772910422.377870717,0,0,11.06
1772910422.377870717,1,0,0.01
1772910423.400302392,0,0,11.06
1772910423.400302392,1,0,0.01
1772910424.422429623,0,0,11.06
1772910424.422429623,1,0,0.01
1772910425.444936309,0,0,11.06
1772910425.444936309,1,0,0.01
1772910426.467718281,0,0,11.06
1772910426.467718281,1,0,0.01
1772910427.490059505,0,0,11.06
1772910427.490059505,1,0,0.01
1772910428.511773183,0,0,11.06
1772910428.511773183,1,0,0.01
1772910429.534033638,0,1,11.06
1772910429.534033638,1,0,0.01
1772910430.555999100,0,0,11.06
1772910430.555999100,1,0,0.01
1772910431.578690608,0,0,11.06
1772910431.578690608,1,0,0.01
1772910432.602829524,0,0,11.06
1772910432.602829524,1,0,0.01
1772910433.625452628,0,0,11.06
1772910433.625452628,1,0,0.01
1772910434.649058618,0,0,11.06
1772910434.649058618,1,0,0.01
1772910435.671436022,0,0,11.06
1772910435.671436022,1,0,0.01
1772910436.694369699,0,0,11.06
1772910436.694369699,1,0,0.01
1772910437.716278334,0,0,11.06
1772910437.716278334,1,0,0.01
1772910438.739501525,0,0,11.06
1772910438.739501525,1,0,0.01
1772910439.762214325,0,0,11.06
1772910439.762214325,1,0,0.01
1772910440.784595622,0,0,11.06
1772910440.784595622,1,0,0.01
1772910441.805831549,0,0,11.06
1772910441.805831549,1,0,0.01
1772910442.829520316,0,0,11.06
1772910442.829520316,1,0,0.01
1772910443.852914761,0,0,11.06
1772910443.852914761,1,0,0.01
1772910444.875166650,0,0,11.06
1772910444.875166650,1,0,0.01
1772910445.899559388,0,0,11.06
1772910445.899559388,1,0,0.01
1772910446.921745767,0,0,11.06
1772910446.921745767,1,0,0.01
1772910447.944217757,0,0,11.06
1772910447.944217757,1,0,0.01
1772910448.966469236,0,0,11.06
1772910448.966469236,1,0,0.01
1772910449.988091159,0,0,11.06
1772910449.988091159,1,0,0.01
1772910451.010903239,0,1,11.06
1772910451.010903239,1,0,0.01
1772910452.032774385,0,0,11.06
1772910452.032774385,1,0,0.01
1772910453.054854075,0,0,11.06
1772910453.054854075,1,0,0.01
1772910454.077297091,0,0,11.06
1772910454.077297091,1,0,0.01
1772910455.100011938,0,0,11.06
1772910455.100011938,1,0,0.01
1772910456.123109000,0,0,11.06
1772910456.123109000,1,0,0.01
1772910457.146171571,0,0,11.06
1772910457.146171571,1,0,0.01
1772910458.168257540,0,0,11.06
1772910458.168257540,1,0,0.01
1772910459.191830568,0,0,11.06
1772910459.191830568,1,0,0.01
1772910460.214824361,0,1,11.06
1772910460.214824361,1,0,0.01
1772910461.237444886,0,0,11.06
1772910461.237444886,1,0,0.01
1772910462.260137653,0,0,11.06
1772910462.260137653,1,0,0.01
1772910463.284036641,0,0,11.06
1772910463.284036641,1,0,0.01
1772910464.308007858,0,1,11.06
1772910464.308007858,1,0,0.01
1772910465.330790759,0,0,11.06
1772910465.330790759,1,0,0.01
1772910466.352930336,0,0,11.06
1772910466.352930336,1,0,0.01
1772910467.375654540,0,0,11.06
1772910467.375654540,1,0,0.01
1772910468.397541996,0,0,11.06
1772910468.397541996,1,0,0.01
1772910469.420622786,0,0,11.06
1772910469.420622786,1,0,0.01
1772910470.443640890,0,0,11.06
1772910470.443640890,1,0,0.01
1772910471.466869742,0,0,11.06
1772910471.466869742,1,0,0.01
1772910472.489134055,0,0,11.06
1772910472.489134055,1,0,0.01
1772910473.511895938,0,0,11.06
1772910473.511895938,1,0,0.01
1772910474.534245011,0,0,11.06
1772910474.534245011,1,0,0.01
1772910475.557130477,0,0,11.06
1772910475.557130477,1,0,0.01
1772910476.578632154,0,0,11.06
1772910476.578632154,1,0,0.01
1772910477.601953344,0,0,11.06
1772910477.601953344,1,0,0.01
1772910478.624969757,0,0,11.06
1772910478.624969757,1,0,0.01
1772910479.646892748,0,0,11.06
1772910479.646892748,1,0,0.01
1772910480.670983906,0,0,11.06
1772910480.670983906,1,0,0.01
1772910481.693534765,0,0,11.06
1772910481.693534765,1,0,0.01
1772910482.717149735,0,0,11.06
1772910482.717149735,1,0,0.01
1772910483.739980519,0,0,11.06
1772910483.739980519,1,0,0.01
1772910484.763961451,0,0,11.06
1772910484.763961451,1,0,0.01
1772910485.786258665,0,0,11.06
1772910485.786258665,1,0,0.01
1772910486.808095592,0,0,11.06
1772910486.808095592,1,0,0.01
1772910487.832168836,0,0,11.06
1772910487.832168836,1,0,0.01
1772910488.856022529,0,68,11.06
1772910488.856022529,1,0,0.01
1772910489.880777810,0,69,11.06
1772910489.880777810,1,0,0.01
1772910490.904146426,0,29,11.06
1772910490.904146426,1,0,0.01
1772910491.927203175,0,0,11.06
1772910491.927203175,1,0,0.01
1772910492.952230554,0,0,11.06
1772910492.952230554,1,0,0.01
1772910493.975538586,0,0,11.06
1772910493.975538586,1,0,0.01
1772910494.998356796,0,0,11.06
1772910494.998356796,1,0,0.01
1772910496.021511355,0,0,11.06
1772910496.021511355,1,0,0.01
1772910497.043642669,0,0,11.06
1772910497.043642669,1,0,0.01
1772910498.065586629,0,0,11.06
1772910498.065586629,1,0,0.01
1772910499.087990673,0,0,11.06
1772910499.087990673,1,0,0.01
1772910500.111112212,0,0,11.06
1772910500.111112212,1,0,0.01
1772910501.134298037,0,0,11.06
1772910501.134298037,1,0,0.01
1772910502.156871831,0,0,11.06
1772910502.156871831,1,0,0.01
1772910503.178877386,0,0,11.06
1772910503.178877386,1,0,0.01
1772910504.200575034,0,0,11.06
1772910504.200575034,1,0,0.01
1772910505.226700119,0,0,11.06
1772910505.226700119,1,0,0.01
1772910506.248854459,0,0,11.06
1772910506.248854459,1,0,0.01
1772910507.271875136,0,0,11.06
1772910507.271875136,1,0,0.01
1772910508.294442973,0,0,11.06
1772910508.294442973,1,0,0.01
1772910509.316742705,0,0,11.06
1772910509.316742705,1,0,0.01
1772910510.339156665,0,0,11.06
1772910510.339156665,1,0,0.01
1772910511.361496513,0,0,11.06
1772910511.361496513,1,0,0.01
1772910512.383903253,0,1,11.06
1772910512.383903253,1,0,0.01
1772910513.407001058,0,0,11.06
1772910513.407001058,1,0,0.01
1772910514.428417472,0,0,11.06
1772910514.428417472,1,0,0.01
1772910515.450846030,0,0,11.06
1772910515.450846030,1,0,0.01
1772910516.473471382,0,0,11.06
1772910516.473471382,1,0,0.01
1772910517.495887185,0,0,11.06
1772910517.495887185,1,0,0.01
1772910518.517726149,0,0,11.06
1772910518.517726149,1,0,0.01
1772910519.539398211,0,0,11.06
1772910519.539398211,1,0,0.01
1772910520.561244304,0,0,11.06
1772910520.561244304,1,0,0.01
1772910521.583505488,0,0,11.06
1772910521.583505488,1,0,0.01
1772910522.605991782,0,0,11.06
1772910522.605991782,1,0,0.01
1772910523.628221957,0,0,11.06
1772910523.628221957,1,0,0.01
1772910524.651323559,0,0,11.06
1772910524.651323559,1,0,0.01
1772910525.673448072,0,0,11.06
1772910525.673448072,1,0,0.01
1772910526.698899744,0,0,11.06
1772910526.698899744,1,0,0.01
1772910527.722165823,0,0,11.06
1772910527.722165823,1,0,0.01
1772910528.744786203,0,0,11.06
1772910528.744786203,1,0,0.01
1772910529.767684235,0,0,11.06
1772910529.767684235,1,0,0.01
1772910530.790893682,0,0,11.06
1772910530.790893682,1,0,0.01
1772910531.812814892,0,71,11.06
1772910531.812814892,1,0,0.01
1772910532.835569786,0,69,11.06
1772910532.835569786,1,0,0.01
1772910533.857779861,0,0,11.06
1772910533.857779861,1,0,0.01
1772910534.880684137,0,0,11.06
1772910534.880684137,1,0,0.01
1772910535.904179480,0,0,11.06
1772910535.904179480,1,0,0.01
1772910536.925574369,0,0,11.06
1772910536.925574369,1,0,0.01
1772910537.947679454,0,0,11.06
1772910537.947679454,1,0,0.01
1772910538.969696226,0,0,11.06
1772910538.969696226,1,0,0.01
1772910539.991510046,0,0,11.06
1772910539.991510046,1,0,0.01
1772910541.013964292,0,0,11.06
1772910541.013964292,1,0,0.01
1772910542.037380890,0,0,11.06
1772910542.037380890,1,0,0.01
1772910543.059703336,0,0,11.06
1772910543.059703336,1,0,0.01
1772910544.081693706,0,0,11.06
1772910544.081693706,1,0,0.01
1772910545.103081777,0,0,11.06
1772910545.103081777,1,0,0.01
1772910546.125270854,0,65,11.06
1772910546.125270854,1,0,0.01
1772910547.148041628,0,65,11.06
1772910547.148041628,1,0,0.01
1772910548.170327671,0,0,11.06
1772910548.170327671,1,0,0.01
1772910549.192584715,0,0,11.06
1772910549.192584715,1,0,0.01
1772910550.214325921,0,0,11.06
1772910550.214325921,1,0,0.01
1772910551.236267530,0,0,11.06
1772910551.236267530,1,0,0.01
1772910552.258250465,0,0,11.06
1772910552.258250465,1,0,0.01
1772910553.281314641,0,0,11.06
1772910553.281314641,1,0,0.01
1772910554.304442577,0,0,11.06
1772910554.304442577,1,0,0.01
1772910555.326519223,0,0,11.06
1772910555.326519223,1,0,0.01
1772910556.349418013,0,0,11.06
1772910556.349418013,1,0,0.01
1772910557.373368093,0,0,11.06
1772910557.373368093,1,0,0.01
1772910558.396702850,0,0,11.06
1772910558.396702850,1,0,0.01
1772910559.418849522,0,0,11.06
1772910559.418849522,1,0,0.01
1772910560.442123461,0,0,11.06
1772910560.442123461,1,0,0.01
1772910561.465020571,0,0,11.06
1772910561.465020571,1,0,0.01
1772910562.487494886,0,0,11.06
1772910562.487494886,1,0,0.01
1772910563.511150667,0,0,11.06
1772910563.511150667,1,0,0.01
1772910564.533675407,0,0,11.06
1772910564.533675407,1,0,0.01
1772910565.555887848,0,0,11.06
1772910565.555887848,1,0,0.01
1772910566.577925303,0,0,11.06
1772910566.577925303,1,0,0.01
1772910567.601526768,0,0,11.06
1772910567.601526768,1,0,0.01
1772910568.624058897,0,0,11.06
1772910568.624058897,1,0,0.01
1772910569.644801197,0,0,11.06
1772910569.644801197,1,0,0.01
1772910570.667067175,0,0,11.06
1772910570.667067175,1,0,0.01
1772910571.689911583,0,0,11.06
1772910571.689911583,1,0,0.01
1772910572.712291722,0,0,11.06
1772910572.712291722,1,0,0.01
1772910573.734827272,0,0,11.06
1772910573.734827272,1,0,0.01
1772910574.757158346,0,0,11.06
1772910574.757158346,1,0,0.01
1772910575.779049785,0,0,11.06
1772910575.779049785,1,0,0.01
1772910576.800897379,0,0,11.06
1772910576.800897379,1,0,0.01
1772910577.823597249,0,0,11.06
1772910577.823597249,1,0,0.01
1772910578.846278741,0,0,11.06
1772910578.846278741,1,0,0.01
1772910579.868987165,0,0,11.06
1772910579.868987165,1,0,0.01
1772910580.890805736,0,1,11.06
1772910580.890805736,1,0,0.01
1772910581.913956972,0,0,11.06
1772910581.913956972,1,0,0.01
1772910582.936954056,0,0,11.06
1772910582.936954056,1,0,0.01
1772910583.959955880,0,0,11.06
1772910583.959955880,1,0,0.01
1772910584.981818873,0,0,11.06
1772910584.981818873,1,0,0.01
1772910586.003636979,0,0,11.06
1772910586.003636979,1,0,0.01
1772910587.025107396,0,0,11.06
1772910587.025107396,1,0,0.01
1772910588.046446957,0,0,11.06
1772910588.046446957,1,0,0.01
1772910589.068762129,0,0,11.06
1772910589.068762129,1,0,0.01
1772910590.091530375,0,0,11.06
1772910590.091530375,1,0,0.01
1772910591.113551406,0,0,11.06
1772910591.113551406,1,0,0.01
1772910592.134575423,0,0,11.06
1772910592.134575423,1,0,0.01
1772910593.156488453,0,0,11.06
1772910593.156488453,1,0,0.01
1772910594.177943089,0,0,11.06
1772910594.177943089,1,0,0.01
1772910595.200628859,0,0,11.06
1772910595.200628859,1,0,0.01
1772910596.222282527,0,0,11.06
1772910596.222282527,1,0,0.01
1772910597.245908280,0,0,11.06
1772910597.245908280,1,0,0.01
1772910598.268581180,0,0,11.06
1772910598.268581180,1,0,0.01
1772910599.292600528,0,0,11.06
1772910599.292600528,1,0,0.01
1772910600.315172118,0,0,11.06
1772910600.315172118,1,0,0.01
1772910601.338165438,0,0,11.06
1772910601.338165438,1,0,0.01
1772910602.360829648,0,0,11.06
1772910602.360829648,1,0,0.01
1772910603.383071261,0,0,11.06
1772910603.383071261,1,0,0.01
1772910604.405791192,0,1,11.06
1772910604.405791192,1,0,0.01
1772910605.428906877,0,0,11.06
1772910605.428906877,1,0,0.01
1772910606.451359971,0,0,11.06
1772910606.451359971,1,0,0.01
1772910607.473144105,0,0,11.06
1772910607.473144105,1,0,0.01
1772910608.497015524,0,0,11.06
1772910608.497015524,1,0,0.01
1772910609.520557568,0,0,11.06
1772910609.520557568,1,0,0.01
1772910610.542554063,0,1,11.06
1772910610.542554063,1,0,0.01
1772910611.565437871,0,0,11.06
1772910611.565437871,1,0,0.01
1772910612.588013060,0,0,11.06
1772910612.588013060,1,0,0.01
1772910613.611550512,0,0,11.06
1772910613.611550512,1,0,0.01
1772910614.634185578,0,0,11.06
1772910614.634185578,1,0,0.01
1772910615.657405036,0,0,11.06
1772910615.657405036,1,0,0.01
1772910616.678779393,0,0,11.06
1772910616.678779393,1,0,0.01
1772910617.700968760,0,0,11.06
1772910617.700968760,1,0,0.01
1772910618.724181554,0,0,11.06
1772910618.724181554,1,0,0.01
1772910619.746840754,0,0,11.06
1772910619.746840754,1,0,0.01
1772910620.769445187,0,0,11.06
1772910620.769445187,1,0,0.01
1772910621.791017946,0,0,11.06
1772910621.791017946,1,0,0.01
1772910622.813170183,0,0,11.06
1772910622.813170183,1,0,0.01
1772910623.835031164,0,0,11.06
1772910623.835031164,1,0,0.01
1772910624.857634519,0,0,11.06
1772910624.857634519,1,0,0.01
1772910625.879869817,0,0,11.06
1772910625.879869817,1,0,0.01
1772910626.902881836,0,0,11.06
1772910626.902881836,1,0,0.01
1772910627.925742750,0,0,11.06
1772910627.925742750,1,0,0.01
1772910628.947800048,0,0,11.06
1772910628.947800048,1,0,0.01
1772910629.969530826,0,0,11.06
1772910629.969530826,1,0,0.01
1772910630.991071360,0,1,11.06
1772910630.991071360,1,0,0.01
1772910632.012815415,0,0,11.06
1772910632.012815415,1,0,0.01
1772910633.034221880,0,0,11.06
1772910633.034221880,1,0,0.01
1772910634.057328649,0,0,11.06
1772910634.057328649,1,0,0.01
1772910635.079192069,0,0,11.06
1772910635.079192069,1,0,0.01
1772910636.100815759,0,0,11.06
1772910636.100815759,1,0,0.01
1772910637.123146591,0,0,11.06
1772910637.123146591,1,0,0.01
1772910638.146027929,0,0,11.06
1772910638.146027929,1,0,0.01
1772910639.169857337,0,0,11.06
1772910639.169857337,1,0,0.01
1772910640.191951523,0,0,11.06
1772910640.191951523,1,0,0.01
1772910641.214223922,0,0,11.06
1772910641.214223922,1,0,0.01
1772910642.236263536,0,0,11.06
1772910642.236263536,1,0,0.01
1772910643.259415906,0,0,11.06
1772910643.259415906,1,0,0.01
1772910644.280910350,0,0,11.06
1772910644.280910350,1,0,0.01
1772910645.303939481,0,0,11.06
1772910645.303939481,1,0,0.01
1772910646.328129477,0,0,11.06
1772910646.328129477,1,0,0.01
1772910647.350294329,0,0,11.06
1772910647.350294329,1,0,0.01
1772910648.372672296,0,0,11.06
1772910648.372672296,1,0,0.01
1772910649.395593190,0,0,11.06
1772910649.395593190,1,0,0.01
1772910650.417928787,0,0,11.06
1772910650.417928787,1,0,0.01
1772910651.441026722,0,0,11.06
1772910651.441026722,1,0,0.01
1772910652.463542819,0,0,11.06
1772910652.463542819,1,0,0.01
1772910653.485724953,0,0,11.06
1772910653.485724953,1,0,0.01
1772910654.507829148,0,0,11.06
1772910654.507829148,1,0,0.01
1772910655.530781842,0,0,11.06
1772910655.530781842,1,0,0.01
1772910656.552890916,0,0,11.06
1772910656.552890916,1,0,0.01
1772910657.574649056,0,0,11.06
1772910657.574649056,1,0,0.01
1772910658.596511481,0,0,11.06
1772910658.596511481,1,0,0.01
1772910659.619794186,0,0,11.06
1772910659.619794186,1,0,0.01
1772910660.642142551,0,22,11.06
1772910660.642142551,1,0,0.01
1772910661.664271081,0,70,11.06
1772910661.664271081,1,0,0.01
1772910662.687391406,0,51,11.06
1772910662.687391406,1,0,0.01
1772910663.709775359,0,0,11.06
1772910663.709775359,1,0,0.01
1772910664.732582467,0,0,11.06
1772910664.732582467,1,0,0.01
1772910665.754788493,0,0,11.06
1772910665.754788493,1,0,0.01
1772910666.778033892,0,0,11.06
1772910666.778033892,1,0,0.01
1772910667.800609498,0,0,11.06
1772910667.800609498,1,0,0.01
1772910668.824243875,0,0,11.06
1772910668.824243875,1,0,0.01
1772910669.847961262,0,0,11.06
1772910669.847961262,1,0,0.01
1772910670.870977201,0,0,11.06
1772910670.870977201,1,0,0.01
1772910671.893855436,0,0,11.06
1772910671.893855436,1,0,0.01
1772910672.916849901,0,0,11.06
1772910672.916849901,1,0,0.01
1772910673.938932576,0,0,11.06
1772910673.938932576,1,0,0.01
1772910674.961961655,0,0,11.06
1772910674.961961655,1,0,0.01
1772910675.984504233,0,1,11.06
1772910675.984504233,1,0,0.01
1772910677.007393030,0,0,11.06
1772910677.007393030,1,0,0.01
1772910678.029289972,0,0,11.06
1772910678.029289972,1,0,0.01
1772910679.052005563,0,0,11.06
1772910679.052005563,1,0,0.01
1772910680.073347826,0,0,11.06
1772910680.073347826,1,0,0.01
1772910681.096575216,0,0,11.06
1772910681.096575216,1,0,0.01
1772910682.118814049,0,0,11.06
1772910682.118814049,1,0,0.01
1772910683.141886444,0,0,11.06
1772910683.141886444,1,0,0.01
1772910684.163093088,0,0,11.06
1772910684.163093088,1,0,0.01
1772910685.185070733,0,0,11.06
1772910685.185070733,1,0,0.01
1772910686.207918117,0,0,11.06
1772910686.207918117,1,0,0.01
1772910687.231043776,0,0,11.06
1772910687.231043776,1,0,0.01
1772910688.252529471,0,0,11.06
1772910688.252529471,1,0,0.01
1772910689.275012838,0,0,11.06
1772910689.275012838,1,0,0.01
1772910690.296407185,0,0,11.06
1772910690.296407185,1,0,0.01
1772910691.319251136,0,0,11.06
1772910691.319251136,1,0,0.01
1772910692.341924982,0,0,11.06
1772910692.341924982,1,0,0.01
1772910693.363931729,0,0,11.06
1772910693.363931729,1,0,0.01
1772910694.385736588,0,0,11.06
1772910694.385736588,1,0,0.01
1772910695.406390372,0,0,11.06
1772910695.406390372,1,0,0.01
1772910696.428896142,0,0,11.06
1772910696.428896142,1,0,0.01
1772910697.451508895,0,0,11.06
1772910697.451508895,1,0,0.01
1772910698.474026023,0,0,11.06
1772910698.474026023,1,0,0.01
1772910699.496679993,0,0,11.06
1772910699.496679993,1,0,0.01
1772910700.518610498,0,0,11.06
1772910700.518610498,1,0,0.01
1772910701.542018866,0,0,11.06
1772910701.542018866,1,0,0.01
1772910702.565216735,0,0,11.06
1772910702.565216735,1,0,0.01
1772910703.587084493,0,0,11.06
1772910703.587084493,1,0,0.01
1772910704.610313026,0,0,11.06
1772910704.610313026,1,0,0.01
1772910705.632432204,0,0,11.06
1772910705.632432204,1,0,0.01
1772910706.655075471,0,0,11.06
1772910706.655075471,1,0,0.01
1772910707.677656003,0,0,9.83
1772910707.677656003,1,0,0.01
1772910708.701064526,0,0,9.83
1772910708.701064526,1,0,0.01
1772910709.723670175,0,0,9.83
1772910709.723670175,1,0,0.01
1772910710.744881512,0,0,9.83
1772910710.744881512,1,0,0.01
1772910711.767859566,0,0,9.83
1772910711.767859566,1,0,0.01
1772910712.791468268,0,0,9.83
1772910712.791468268,1,0,0.01
1772910713.814475530,0,0,9.83
1772910713.814475530,1,0,0.01
1772910714.837834204,0,0,9.83
1772910714.837834204,1,0,0.01
1772910715.860687088,0,0,9.83
1772910715.860687088,1,0,0.01
1772910716.883420497,0,0,9.83
1772910716.883420497,1,0,0.01
1772910717.906060312,0,0,9.83
1772910717.906060312,1,0,0.01
1772910718.928197548,0,0,9.83
1772910718.928197548,1,0,0.01
1772910719.951677130,0,0,9.83
1772910719.951677130,1,0,0.01
1772910720.975499450,0,0,9.83
1772910720.975499450,1,0,0.01
1772910721.998203292,0,0,9.83
1772910721.998203292,1,0,0.01
1772910723.020916976,0,0,9.83
1772910723.020916976,1,0,0.01
1772910724.043029671,0,0,9.83
1772910724.043029671,1,0,0.01
1772910725.065868242,0,0,9.83
1772910725.065868242,1,0,0.01
1772910726.088595096,0,0,9.83
1772910726.088595096,1,0,0.01
1772910727.111633364,0,0,8.61
1772910727.111633364,1,0,0.01
1772910728.134466422,0,0,8.61
1772910728.134466422,1,0,0.01
1772910729.157523922,0,1,8.61
1772910729.157523922,1,0,0.01
1772910730.180117209,0,0,8.61
1772910730.180117209,1,0,0.01
1772910731.202362623,0,0,8.61
1772910731.202362623,1,0,0.01
1772910732.224491789,0,0,8.61
1772910732.224491789,1,0,0.01
1772910733.247198092,0,0,8.61
1772910733.247198092,1,0,0.01
1772910734.270601812,0,1,8.61
1772910734.270601812,1,0,0.01
1772910735.294159342,0,0,8.61
1772910735.294159342,1,0,0.01
1772910736.317164964,0,0,8.61
1772910736.317164964,1,0,0.01
1772910737.340423625,0,0,8.61
1772910737.340423625,1,0,0.01
1772910738.363888920,0,0,8.61
1772910738.363888920,1,0,0.01
1772910739.385660063,0,0,8.61
1772910739.385660063,1,0,0.01
1772910740.408413612,0,0,8.61
1772910740.408413612,1,0,0.01
1772910741.430915973,0,0,8.61
1772910741.430915973,1,0,0.01
1772910742.453477714,0,0,8.61
1772910742.453477714,1,0,0.01
1772910743.475869592,0,0,8.61
1772910743.475869592,1,0,0.01
1772910744.498367938,0,0,8.61
1772910744.498367938,1,0,0.01
1772910745.520605343,0,0,8.61
1772910745.520605343,1,0,0.01
1772910746.543137067,0,0,8.61
1772910746.543137067,1,0,0.01
1772910747.565757976,0,0,8.61
1772910747.565757976,1,0,0.01
1772910748.589946134,0,0,8.61
1772910748.589946134,1,0,0.01
1772910749.612168897,0,0,8.61
1772910749.612168897,1,0,0.01
1772910750.635332278,0,0,8.61
1772910750.635332278,1,0,0.01
1772910751.658126046,0,0,8.61
1772910751.658126046,1,0,0.01
1772910752.682814891,0,0,8.61
1772910752.682814891,1,0,0.01
1772910753.705678041,0,0,8.61
1772910753.705678041,1,0,0.01
1772910754.728551925,0,0,8.61
1772910754.728551925,1,0,0.01
1772910755.751440278,0,0,8.61
1772910755.751440278,1,0,0.01
1772910756.774029154,0,0,8.61
1772910756.774029154,1,0,0.01
1772910757.797158771,0,0,8.61
1772910757.797158771,1,0,0.01
1772910758.819320678,0,0,8.61
1772910758.819320678,1,0,0.01
1772910759.842553536,0,0,8.61
1772910759.842553536,1,0,0.01
1772910760.866500578,0,0,8.61
1772910760.866500578,1,0,0.01
1772910761.890120502,0,0,8.61
1772910761.890120502,1,0,0.01
1772910762.912713046,0,0,8.61
1772910762.912713046,1,0,0.01
1772910763.936314846,0,0,8.61
1772910763.936314846,1,0,0.01
1772910764.958868598,0,0,8.61
1772910764.958868598,1,0,0.01
1772910765.981632682,0,0,8.61
1772910765.981632682,1,0,0.01
1772910767.005167605,0,0,8.61
1772910767.005167605,1,0,0.01
1772910768.028315548,0,0,8.61
1772910768.028315548,1,0,0.01
1772910769.052002942,0,0,8.61
1772910769.052002942,1,0,0.01
1772910770.075864494,0,8,7.38
1772910770.075864494,1,0,0.01
1772910771.098265265,0,0,7.38
1772910771.098265265,1,0,0.01
1772910772.122052419,0,0,7.38
1772910772.122052419,1,0,0.01
1772910773.146493224,0,0,7.38
1772910773.146493224,1,0,0.01
1772910774.168964192,0,0,7.38
1772910774.168964192,1,0,0.01
1772910775.191631505,0,0,7.38
1772910775.191631505,1,0,0.01
1772910776.214408983,0,0,7.38
1772910776.214408983,1,0,0.01
1772910777.238365353,0,0,7.38
1772910777.238365353,1,0,0.01
1772910778.261650209,0,0,7.38
1772910778.261650209,1,0,0.01
1772910779.285705340,0,0,7.38
1772910779.285705340,1,0,0.01
1772910780.309584315,0,0,7.38
1772910780.309584315,1,0,0.01
1772910781.334050736,0,0,7.38
1772910781.334050736,1,0,0.01
1772910782.357333141,0,0,7.38
1772910782.357333141,1,0,0.01
1772910783.381939150,0,0,7.38
1772910783.381939150,1,0,0.01
1772910784.405470342,0,0,7.38
1772910784.405470342,1,0,0.01
1772910785.428984378,0,8,6.15
1772910785.428984378,1,0,0.01
1772910786.451975222,0,0,6.15
1772910786.451975222,1,0,0.01
1772910787.475256902,0,0,6.15
1772910787.475256902,1,0,0.01
1772910788.497081266,0,0,6.15
1772910788.497081266,1,0,0.01
1772910789.520118499,0,0,6.15
1772910789.520118499,1,0,0.01
1772910790.543029218,0,0,6.15
1772910790.543029218,1,0,0.01
1772910791.565578458,0,0,4.93
1772910791.565578458,1,0,0.01
1772910792.588278869,0,0,4.93
1772910792.588278869,1,0,0.01
1772910793.610360192,0,0,4.93
1772910793.610360192,1,0,0.01
1772910794.633709700,0,0,4.93
1772910794.633709700,1,0,0.01
1772910795.657175907,0,0,4.93
1772910795.657175907,1,0,0.01
1772910796.679772624,0,0,4.93
1772910796.679772624,1,0,0.01
1772910797.703158806,0,0,4.93
1772910797.703158806,1,0,0.01
1772910798.725303119,0,0,4.93
1772910798.725303119,1,0,0.01
1772910799.748767933,0,0,4.93
1772910799.748767933,1,0,0.01
1772910800.771327784,0,0,4.93
1772910800.771327784,1,0,0.01
1772910801.793827776,0,0,4.93
1772910801.793827776,1,0,0.01
1772910802.816319909,0,0,4.93
1772910802.816319909,1,0,0.01
1772910803.838314715,0,0,4.93
1772910803.838314715,1,0,0.01
1772910804.860264617,0,0,4.93
1772910804.860264617,1,0,0.01
1772910805.882905413,0,0,4.93
1772910805.882905413,1,0,0.01
1772910806.905135028,0,0,4.93
1772910806.905135028,1,0,0.01
1772910807.927161188,0,0,4.93
1772910807.927161188,1,0,0.01
1772910808.949937878,0,0,4.93
1772910808.949937878,1,0,0.01
1772910809.972942676,0,0,4.93
1772910809.972942676,1,0,0.01
1772910810.995875603,0,0,4.93
1772910810.995875603,1,0,0.01
1772910812.018455821,0,0,4.93
1772910812.018455821,1,0,0.01
1772910813.041156191,0,0,4.93
1772910813.041156191,1,0,0.01
1772910814.064579630,0,0,4.93
1772910814.064579630,1,0,0.01
1772910815.086308736,0,0,4.93
1772910815.086308736,1,0,0.01
1772910816.108672813,0,0,4.93
1772910816.108672813,1,0,0.01
1772910817.131078142,0,0,4.93
1772910817.131078142,1,0,0.01
1772910818.153292192,0,0,4.93
1772910818.153292192,1,0,0.01
1772910819.175590905,0,0,4.93
1772910819.175590905,1,0,0.01
1772910820.198105289,0,0,4.93
1772910820.198105289,1,0,0.01
1772910821.220429231,0,0,4.93
1772910821.220429231,1,0,0.01
1772910822.243520712,0,0,4.93
1772910822.243520712,1,0,0.01
1772910823.266727730,0,0,4.93
1772910823.266727730,1,0,0.01
1772910824.289686559,0,0,4.93
1772910824.289686559,1,0,0.01
1772910825.311614879,0,0,4.93
1772910825.311614879,1,0,0.01
1772910826.334106571,0,0,4.93
1772910826.334106571,1,0,0.01
1772910827.356415295,0,0,4.93
1772910827.356415295,1,0,0.01
1772910828.378700256,0,0,4.93
1772910828.378700256,1,0,0.01
1772910829.400510839,0,0,4.93
1772910829.400510839,1,0,0.01
1772910830.422600254,0,0,4.93
1772910830.422600254,1,0,0.01
1772910831.444339498,0,0,4.93
1772910831.444339498,1,0,0.01
1772910832.466464601,0,0,4.93
1772910832.466464601,1,0,0.01
1772910833.489107937,0,0,4.93
1772910833.489107937,1,0,0.01
1772910834.510754639,0,0,4.93
1772910834.510754639,1,0,0.01
1772910835.533616255,0,0,4.93
1772910835.533616255,1,0,0.01
1772910836.556525418,0,0,4.93
1772910836.556525418,1,0,0.01
1772910837.578559279,0,0,4.93
1772910837.578559279,1,0,0.01
1772910838.599669307,0,0,4.93
1772910838.599669307,1,0,0.01
1772910839.621913363,0,0,4.93
1772910839.621913363,1,0,0.01
1772910840.644572752,0,0,4.93
1772910840.644572752,1,0,0.01
1772910841.666603125,0,0,4.93
1772910841.666603125,1,0,0.01
1772910842.688589379,0,0,4.93
1772910842.688589379,1,0,0.01
1772910843.710512824,0,0,4.93
1772910843.710512824,1,0,0.01
1772910844.732545975,0,0,4.93
1772910844.732545975,1,0,0.01
1772910845.754549458,0,0,4.93
1772910845.754549458,1,0,0.01
1772910846.776688079,0,0,4.93
1772910846.776688079,1,0,0.01
1772910847.798826591,0,0,4.93
1772910847.798826591,1,0,0.01
1772910848.820954534,0,0,4.93
1772910848.820954534,1,0,0.01
1772910849.842921883,0,0,4.93
1772910849.842921883,1,0,0.01
1772910850.865591980,0,0,4.93
1772910850.865591980,1,0,0.01
1772910851.887581913,0,0,4.93
1772910851.887581913,1,0,0.01
1772910852.909748132,0,0,4.93
1772910852.909748132,1,0,0.01
1772910853.931763358,0,0,4.93
1772910853.931763358,1,0,0.01
1772910854.954381422,0,0,4.93
1772910854.954381422,1,0,0.01
1772910855.976336350,0,0,4.93
1772910855.976336350,1,0,0.01
1772910856.998702820,0,0,4.93
1772910856.998702820,1,0,0.01
1772910858.020728217,0,0,4.93
1772910858.020728217,1,0,0.01
1772910859.042972420,0,0,4.93
1772910859.042972420,1,0,0.01
1772910860.065016531,0,0,4.93
1772910860.065016531,1,0,0.01
1772910861.086970936,0,0,4.93
1772910861.086970936,1,0,0.01
1772910862.109509060,0,0,4.93
1772910862.109509060,1,0,0.01
1772910863.131795446,0,0,4.93
1772910863.131795446,1,0,0.01
1772910864.151176398,0,0,3.70
1772910864.151176398,1,0,0.01
1772910865.172383615,0,0,3.70
1772910865.172383615,1,0,0.01
