timestamp,idx,gpu_util_pct,mem_used_pct
1773168637.798279820,0,0,0.00
1773168637.798279820,1,0,0.00
1773168638.830195913,0,0,0.00
1773168638.830195913,1,0,0.00
1773168639.860563436,0,0,0.00
1773168639.860563436,1,0,0.00
1773168640.884896145,0,0,0.00
1773168640.884896145,1,0,0.00
1773168641.908649512,0,0,0.00
1773168641.908649512,1,0,0.00
1773168642.934816934,0,0,0.00
1773168642.934816934,1,0,0.00
1773168643.960473592,0,0,0.00
1773168643.960473592,1,0,0.00
1773168644.984909460,0,0,0.00
1773168644.984909460,1,0,0.00
1773168646.008972245,0,0,0.00
1773168646.008972245,1,0,0.00
1773168647.034507058,0,0,7.59
1773168647.034507058,1,0,0.01
1773168648.059144371,0,0,7.59
1773168648.059144371,1,0,0.01
1773168649.083857422,0,0,7.59
1773168649.083857422,1,0,0.01
1773168650.107772819,0,0,7.59
1773168650.107772819,1,0,0.01
1773168651.131157286,0,0,7.59
1773168651.131157286,1,0,0.01
1773168652.154566765,0,0,7.64
1773168652.154566765,1,0,0.01
1773168653.178812992,0,0,7.64
1773168653.178812992,1,0,0.01
1773168654.203291368,0,0,7.64
1773168654.203291368,1,0,0.01
1773168655.227506985,0,0,7.64
1773168655.227506985,1,0,0.01
1773168656.251138766,0,0,7.64
1773168656.251138766,1,0,0.01
1773168657.274897165,0,0,7.64
1773168657.274897165,1,0,0.01
1773168658.298338969,0,0,7.64
1773168658.298338969,1,0,0.01
1773168659.321569402,0,0,7.64
1773168659.321569402,1,0,0.01
1773168660.344848109,0,0,7.64
1773168660.344848109,1,0,0.01
1773168661.367505707,0,0,7.64
1773168661.367505707,1,0,0.01
1773168662.390468817,0,0,7.64
1773168662.390468817,1,0,0.01
1773168663.413881376,0,0,7.64
1773168663.413881376,1,0,0.01
1773168664.438708455,0,0,7.64
1773168664.438708455,1,0,0.01
1773168665.462172720,0,0,7.64
1773168665.462172720,1,0,0.01
1773168666.485107636,0,0,7.64
1773168666.485107636,1,0,0.01
1773168667.507364872,0,0,7.64
1773168667.507364872,1,0,0.01
1773168668.533468878,0,0,7.64
1773168668.533468878,1,0,0.01
1773168669.559137701,0,0,7.64
1773168669.559137701,1,0,0.01
1773168670.587851555,0,0,7.64
1773168670.587851555,1,0,0.01
1773168671.612056074,0,0,7.64
1773168671.612056074,1,0,0.01
1773168672.636385935,0,0,7.64
1773168672.636385935,1,0,0.01
1773168673.660343344,0,0,7.64
1773168673.660343344,1,0,0.01
1773168674.683756622,0,0,7.64
1773168674.683756622,1,0,0.01
1773168675.709764435,0,0,7.64
1773168675.709764435,1,0,0.01
1773168676.734197386,0,0,7.64
1773168676.734197386,1,0,0.01
1773168677.759346000,0,0,7.64
1773168677.759346000,1,0,0.01
1773168678.783048792,0,0,7.64
1773168678.783048792,1,0,0.01
1773168679.806646511,0,0,7.64
1773168679.806646511,1,0,0.01
1773168680.829598896,0,0,7.64
1773168680.829598896,1,0,0.01
1773168681.853174185,0,0,7.64
1773168681.853174185,1,0,0.01
1773168682.875888776,0,0,7.64
1773168682.875888776,1,0,0.01
1773168683.898570175,0,0,7.64
1773168683.898570175,1,0,0.01
1773168684.920474953,0,0,7.64
1773168684.920474953,1,0,0.01
1773168685.943590249,0,0,7.64
1773168685.943590249,1,0,0.01
1773168686.965785333,0,0,7.64
1773168686.965785333,1,0,0.01
1773168687.990786185,0,0,7.64
1773168687.990786185,1,0,0.01
1773168689.015839569,0,0,7.64
1773168689.015839569,1,0,0.01
1773168690.041243826,0,0,7.64
1773168690.041243826,1,0,0.01
1773168691.066085547,0,0,7.64
1773168691.066085547,1,0,0.01
1773168692.089092880,0,0,7.64
1773168692.089092880,1,0,0.01
1773168693.113300666,0,0,7.64
1773168693.113300666,1,0,0.01
1773168694.137854489,0,0,7.64
1773168694.137854489,1,0,0.01
1773168695.161199463,0,0,7.64
1773168695.161199463,1,0,0.01
1773168696.184918974,0,0,7.64
1773168696.184918974,1,0,0.01
1773168697.208510719,0,0,8.08
1773168697.208510719,1,0,0.01
1773168698.232751806,0,100,9.00
1773168698.232751806,1,0,0.01
1773168699.257198442,0,100,9.28
1773168699.257198442,1,0,0.01
1773168700.280266212,0,100,9.56
1773168700.280266212,1,0,0.01
1773168701.305419855,0,100,9.56
1773168701.305419855,1,0,0.01
1773168702.329534243,0,100,9.83
1773168702.329534243,1,0,0.01
1773168703.353167372,0,100,9.83
1773168703.353167372,1,0,0.01
1773168704.378009209,0,100,9.83
1773168704.378009209,1,0,0.01
1773168705.401398377,0,100,9.83
1773168705.401398377,1,0,0.01
1773168706.425366518,0,100,9.83
1773168706.425366518,1,0,0.01
1773168707.449145291,0,100,9.83
1773168707.449145291,1,0,0.01
1773168708.472166027,0,99,9.83
1773168708.472166027,1,0,0.01
1773168709.495056205,0,0,9.83
1773168709.495056205,1,0,0.01
1773168710.518713410,0,0,9.83
1773168710.518713410,1,0,0.01
1773168711.542836008,0,0,9.83
1773168711.542836008,1,0,0.01
1773168712.568019281,0,0,9.83
1773168712.568019281,1,0,0.01
1773168713.590861096,0,0,9.83
1773168713.590861096,1,0,0.01
1773168714.612233477,0,0,9.83
1773168714.612233477,1,0,0.01
1773168715.634129650,0,0,9.83
1773168715.634129650,1,0,0.01
1773168716.656234956,0,0,9.83
1773168716.656234956,1,0,0.01
1773168717.678319743,0,0,9.83
1773168717.678319743,1,0,0.01
1773168718.700750513,0,0,9.83
1773168718.700750513,1,0,0.01
1773168719.724201756,0,1,9.83
1773168719.724201756,1,0,0.01
1773168720.747717302,0,0,9.83
1773168720.747717302,1,0,0.01
1773168721.770394041,0,0,9.83
1773168721.770394041,1,0,0.01
1773168722.793022050,0,0,9.83
1773168722.793022050,1,0,0.01
1773168723.816040217,0,0,9.83
1773168723.816040217,1,0,0.01
1773168724.839081513,0,0,9.83
1773168724.839081513,1,0,0.01
1773168725.862311760,0,0,9.83
1773168725.862311760,1,0,0.01
1773168726.885394877,0,0,9.83
1773168726.885394877,1,0,0.01
1773168727.907941343,0,0,9.83
1773168727.907941343,1,0,0.01
1773168728.929598366,0,0,9.83
1773168728.929598366,1,0,0.01
1773168729.951412816,0,0,9.83
1773168729.951412816,1,0,0.01
1773168730.974275154,0,0,9.83
1773168730.974275154,1,0,0.01
1773168731.997402425,0,0,9.83
1773168731.997402425,1,0,0.01
1773168733.020889355,0,0,9.83
1773168733.020889355,1,0,0.01
1773168734.043913239,0,0,9.83
1773168734.043913239,1,0,0.01
1773168735.067962733,0,0,9.83
1773168735.067962733,1,0,0.01
1773168736.091676177,0,0,9.83
1773168736.091676177,1,0,0.01
1773168737.114321239,0,0,9.83
1773168737.114321239,1,0,0.01
1773168738.138136148,0,0,9.83
1773168738.138136148,1,0,0.01
1773168739.160871326,0,0,9.83
1773168739.160871326,1,0,0.01
1773168740.183063952,0,0,9.83
1773168740.183063952,1,0,0.01
1773168741.205543033,0,0,9.83
1773168741.205543033,1,0,0.01
1773168742.227981089,0,0,9.83
1773168742.227981089,1,0,0.01
1773168743.250389698,0,0,9.83
1773168743.250389698,1,0,0.01
1773168744.273088211,0,0,9.83
1773168744.273088211,1,0,0.01
1773168745.297371295,0,0,9.83
1773168745.297371295,1,0,0.01
1773168746.320889482,0,0,9.83
1773168746.320889482,1,0,0.01
1773168747.345620315,0,0,9.83
1773168747.345620315,1,0,0.01
1773168748.369484726,0,0,9.83
1773168748.369484726,1,0,0.01
1773168749.393901960,0,0,9.83
1773168749.393901960,1,0,0.01
1773168750.416817463,0,0,9.83
1773168750.416817463,1,0,0.01
1773168751.440457914,0,0,9.83
1773168751.440457914,1,0,0.01
1773168752.464056639,0,0,9.83
1773168752.464056639,1,0,0.01
1773168753.487861066,0,0,9.83
1773168753.487861066,1,0,0.01
1773168754.510524248,0,0,9.83
1773168754.510524248,1,0,0.01
1773168755.532514784,0,0,9.83
1773168755.532514784,1,0,0.01
1773168756.556584234,0,0,9.83
1773168756.556584234,1,0,0.01
1773168757.580776441,0,0,9.83
1773168757.580776441,1,0,0.01
1773168758.604075388,0,0,9.83
1773168758.604075388,1,0,0.01
1773168759.626294760,0,0,9.83
1773168759.626294760,1,0,0.01
1773168760.649986272,0,0,9.83
1773168760.649986272,1,0,0.01
1773168761.673732704,0,0,9.83
1773168761.673732704,1,0,0.01
1773168762.697506112,0,0,9.83
1773168762.697506112,1,0,0.01
1773168763.720602895,0,0,9.83
1773168763.720602895,1,0,0.01
1773168764.743433603,0,0,9.83
1773168764.743433603,1,0,0.01
1773168765.766214884,0,0,9.83
1773168765.766214884,1,0,0.01
1773168766.789717131,0,0,9.83
1773168766.789717131,1,0,0.01
1773168767.812569205,0,0,9.83
1773168767.812569205,1,0,0.01
1773168768.835975268,0,0,9.83
1773168768.835975268,1,0,0.01
1773168769.859576730,0,0,9.83
1773168769.859576730,1,0,0.01
1773168770.882689732,0,0,9.83
1773168770.882689732,1,0,0.01
1773168771.905611694,0,0,9.83
1773168771.905611694,1,0,0.01
1773168772.929114552,0,0,9.83
1773168772.929114552,1,0,0.01
1773168773.951746579,0,0,9.83
1773168773.951746579,1,0,0.01
1773168774.975432751,0,0,9.83
1773168774.975432751,1,0,0.01
1773168775.998381959,0,0,9.83
1773168775.998381959,1,0,0.01
1773168777.021322476,0,0,9.83
1773168777.021322476,1,0,0.01
1773168778.044418636,0,0,9.83
1773168778.044418636,1,0,0.01
1773168779.067715281,0,0,9.83
1773168779.067715281,1,0,0.01
1773168780.090404226,0,0,9.83
1773168780.090404226,1,0,0.01
1773168781.114750399,0,0,9.83
1773168781.114750399,1,0,0.01
1773168782.137923253,0,0,9.83
1773168782.137923253,1,0,0.01
1773168783.161589814,0,0,9.83
1773168783.161589814,1,0,0.01
1773168784.185128741,0,0,9.83
1773168784.185128741,1,0,0.01
1773168785.208489873,0,0,9.83
1773168785.208489873,1,0,0.01
1773168786.231474156,0,0,9.83
1773168786.231474156,1,0,0.01
1773168787.253635666,0,0,9.83
1773168787.253635666,1,0,0.01
1773168788.275723358,0,0,9.83
1773168788.275723358,1,0,0.01
1773168789.299926899,0,0,9.83
1773168789.299926899,1,0,0.01
1773168790.323193873,0,0,9.83
1773168790.323193873,1,0,0.01
1773168791.345919398,0,0,9.83
1773168791.345919398,1,0,0.01
1773168792.368968044,0,0,9.83
1773168792.368968044,1,0,0.01
1773168793.391572679,0,0,9.83
1773168793.391572679,1,0,0.01
1773168794.415126527,0,0,9.83
1773168794.415126527,1,0,0.01
1773168795.438249632,0,0,9.83
1773168795.438249632,1,0,0.01
1773168796.461068918,0,0,9.83
1773168796.461068918,1,0,0.01
1773168797.484580070,0,0,9.83
1773168797.484580070,1,0,0.01
1773168798.508103691,0,0,9.83
1773168798.508103691,1,0,0.01
1773168799.531313166,0,0,9.83
1773168799.531313166,1,0,0.01
1773168800.555318885,0,0,9.83
1773168800.555318885,1,0,0.01
1773168801.578995022,0,0,9.83
1773168801.578995022,1,0,0.01
1773168802.602898011,0,0,9.83
1773168802.602898011,1,0,0.01
1773168803.626718027,0,0,9.83
1773168803.626718027,1,0,0.01
1773168804.649821129,0,0,9.83
1773168804.649821129,1,0,0.01
1773168805.673199911,0,1,9.83
1773168805.673199911,1,0,0.01
1773168806.696549162,0,0,9.83
1773168806.696549162,1,0,0.01
1773168807.719321004,0,0,9.83
1773168807.719321004,1,0,0.01
1773168808.742064061,0,0,9.83
1773168808.742064061,1,0,0.01
1773168809.765167812,0,0,9.83
1773168809.765167812,1,0,0.01
1773168810.787883430,0,0,9.83
1773168810.787883430,1,0,0.01
1773168811.810833132,0,0,9.83
1773168811.810833132,1,0,0.01
1773168812.833600976,0,0,9.83
1773168812.833600976,1,0,0.01
1773168813.856270756,0,0,9.83
1773168813.856270756,1,0,0.01
1773168814.880559268,0,0,9.83
1773168814.880559268,1,0,0.01
1773168815.904685061,0,0,9.83
1773168815.904685061,1,0,0.01
1773168816.927459258,0,0,9.83
1773168816.927459258,1,0,0.01
1773168817.950805932,0,0,9.83
1773168817.950805932,1,0,0.01
1773168818.972817582,0,0,9.83
1773168818.972817582,1,0,0.01
1773168819.995329165,0,0,9.83
1773168819.995329165,1,0,0.01
1773168821.017822977,0,0,9.83
1773168821.017822977,1,0,0.01
1773168822.041373827,0,0,9.83
1773168822.041373827,1,0,0.01
1773168823.064603166,0,0,9.83
1773168823.064603166,1,0,0.01
1773168824.088798204,0,0,9.83
1773168824.088798204,1,0,0.01
1773168825.112006895,0,0,9.83
1773168825.112006895,1,0,0.01
1773168826.135139006,0,0,9.83
1773168826.135139006,1,0,0.01
1773168827.158549848,0,0,9.83
1773168827.158549848,1,0,0.01
1773168828.182476388,0,0,9.83
1773168828.182476388,1,0,0.01
1773168829.206517636,0,0,9.83
1773168829.206517636,1,0,0.01
1773168830.229887528,0,0,9.83
1773168830.229887528,1,0,0.01
1773168831.252470811,0,0,9.83
1773168831.252470811,1,0,0.01
1773168832.275894081,0,0,9.83
1773168832.275894081,1,0,0.01
1773168833.298419347,0,0,9.83
1773168833.298419347,1,0,0.01
1773168834.321737271,0,0,9.83
1773168834.321737271,1,0,0.01
1773168835.344589696,0,0,9.83
1773168835.344589696,1,0,0.01
1773168836.367314788,0,0,9.83
1773168836.367314788,1,0,0.01
1773168837.389975770,0,1,9.83
1773168837.389975770,1,0,0.01
1773168838.412984644,0,0,9.83
1773168838.412984644,1,0,0.01
1773168839.435466946,0,0,9.83
1773168839.435466946,1,0,0.01
1773168840.457594378,0,0,9.83
1773168840.457594378,1,0,0.01
1773168841.480051830,0,0,9.83
1773168841.480051830,1,0,0.01
1773168842.502744811,0,0,9.83
1773168842.502744811,1,0,0.01
1773168843.525091920,0,1,9.83
1773168843.525091920,1,0,0.01
1773168844.548303454,0,0,9.83
1773168844.548303454,1,0,0.01
1773168845.571271742,0,0,9.83
1773168845.571271742,1,0,0.01
1773168846.593683057,0,0,9.83
1773168846.593683057,1,0,0.01
1773168847.615859488,0,0,9.83
1773168847.615859488,1,0,0.01
1773168848.638488235,0,0,9.83
1773168848.638488235,1,0,0.01
1773168849.660800903,0,0,9.83
1773168849.660800903,1,0,0.01
1773168850.683432811,0,0,9.83
1773168850.683432811,1,0,0.01
1773168851.706696290,0,0,9.83
1773168851.706696290,1,0,0.01
1773168852.729828792,0,0,9.83
1773168852.729828792,1,0,0.01
1773168853.754455073,0,0,9.83
1773168853.754455073,1,0,0.01
1773168854.777008297,0,0,9.83
1773168854.777008297,1,0,0.01
1773168855.801878148,0,59,9.83
1773168855.801878148,1,0,0.01
1773168856.827341763,0,60,9.83
1773168856.827341763,1,0,0.01
1773168857.850470435,0,58,9.83
1773168857.850470435,1,0,0.01
1773168858.874390503,0,99,9.83
1773168858.874390503,1,0,0.01
1773168859.898140146,0,86,9.83
1773168859.898140146,1,0,0.01
1773168860.921410358,0,59,9.83
1773168860.921410358,1,0,0.01
1773168861.944548062,0,59,9.83
1773168861.944548062,1,0,0.01
1773168862.967416423,0,59,9.83
1773168862.967416423,1,0,0.01
1773168863.990016717,0,0,9.83
1773168863.990016717,1,0,0.01
1773168865.012813881,0,0,9.83
1773168865.012813881,1,0,0.01
1773168866.034916231,0,0,9.83
1773168866.034916231,1,0,0.01
1773168867.057610140,0,0,9.83
1773168867.057610140,1,0,0.01
1773168868.080035928,0,0,9.83
1773168868.080035928,1,0,0.01
1773168869.102969877,0,61,9.83
1773168869.102969877,1,0,0.01
1773168870.126511789,0,61,9.83
1773168870.126511789,1,0,0.01
1773168871.149333122,0,0,9.83
1773168871.149333122,1,0,0.01
1773168872.174142646,0,0,9.83
1773168872.174142646,1,0,0.01
1773168873.197158162,0,0,9.83
1773168873.197158162,1,0,0.01
1773168874.221393522,0,0,9.83
1773168874.221393522,1,0,0.01
1773168875.244759394,0,0,9.83
1773168875.244759394,1,0,0.01
1773168876.268550240,0,0,9.83
1773168876.268550240,1,0,0.01
1773168877.293209279,0,0,9.83
1773168877.293209279,1,0,0.01
1773168878.318284883,0,0,9.83
1773168878.318284883,1,0,0.01
1773168879.341635622,0,0,9.83
1773168879.341635622,1,0,0.01
1773168880.364904693,0,0,9.83
1773168880.364904693,1,0,0.01
1773168881.387164939,0,0,9.83
1773168881.387164939,1,0,0.01
1773168882.409623984,0,0,9.83
1773168882.409623984,1,0,0.01
1773168883.431971639,0,0,9.83
1773168883.431971639,1,0,0.01
1773168884.454041479,0,0,9.83
1773168884.454041479,1,0,0.01
1773168885.478129807,0,0,9.83
1773168885.478129807,1,0,0.01
1773168886.500993874,0,0,9.83
1773168886.500993874,1,0,0.01
1773168887.524000111,0,0,9.83
1773168887.524000111,1,0,0.01
1773168888.546567675,0,0,9.83
1773168888.546567675,1,0,0.01
1773168889.569577690,0,0,9.83
1773168889.569577690,1,0,0.01
1773168890.592970237,0,60,9.83
1773168890.592970237,1,0,0.01
1773168891.616788004,0,60,9.83
1773168891.616788004,1,0,0.01
1773168892.639605488,0,1,9.83
1773168892.639605488,1,0,0.01
1773168893.661605096,0,0,9.83
1773168893.661605096,1,0,0.01
1773168894.684340750,0,0,9.83
1773168894.684340750,1,0,0.01
1773168895.707945923,0,0,9.83
1773168895.707945923,1,0,0.01
1773168896.731650128,0,58,9.83
1773168896.731650128,1,0,0.01
1773168897.755474165,0,59,9.83
1773168897.755474165,1,0,0.01
1773168898.778538582,0,0,9.83
1773168898.778538582,1,0,0.01
1773168899.801784981,0,0,9.83
1773168899.801784981,1,0,0.01
1773168900.825092899,0,0,9.83
1773168900.825092899,1,0,0.01
1773168901.848833080,0,0,9.83
1773168901.848833080,1,0,0.01
1773168902.872211181,0,0,9.83
1773168902.872211181,1,0,0.01
1773168903.896913484,0,0,9.83
1773168903.896913484,1,0,0.01
1773168904.919870856,0,0,9.83
1773168904.919870856,1,0,0.01
1773168905.942962064,0,0,9.83
1773168905.942962064,1,0,0.01
1773168906.966827102,0,0,9.83
1773168906.966827102,1,0,0.01
1773168907.990194411,0,0,9.83
1773168907.990194411,1,0,0.01
1773168909.013313511,0,0,9.83
1773168909.013313511,1,0,0.01
1773168910.036449711,0,0,9.83
1773168910.036449711,1,0,0.01
1773168911.059992644,0,0,9.83
1773168911.059992644,1,0,0.01
1773168912.082936515,0,0,9.83
1773168912.082936515,1,0,0.01
1773168913.105086792,0,0,9.83
1773168913.105086792,1,0,0.01
1773168914.128495037,0,0,9.83
1773168914.128495037,1,0,0.01
1773168915.153297725,0,0,9.83
1773168915.153297725,1,0,0.01
1773168916.176849150,0,0,9.83
1773168916.176849150,1,0,0.01
1773168917.199927138,0,0,9.83
1773168917.199927138,1,0,0.01
1773168918.224736998,0,1,9.83
1773168918.224736998,1,0,0.01
1773168919.248772285,0,0,9.83
1773168919.248772285,1,0,0.01
1773168920.271789483,0,0,9.83
1773168920.271789483,1,0,0.01
1773168921.295631338,0,0,9.83
1773168921.295631338,1,0,0.01
1773168922.318724845,0,0,9.83
1773168922.318724845,1,0,0.01
1773168923.342494612,0,0,9.83
1773168923.342494612,1,0,0.01
1773168924.364960956,0,0,9.83
1773168924.364960956,1,0,0.01
1773168925.388193074,0,0,9.83
1773168925.388193074,1,0,0.01
1773168926.411340840,0,0,9.83
1773168926.411340840,1,0,0.01
1773168927.434817709,0,0,9.83
1773168927.434817709,1,0,0.01
1773168928.458955360,0,62,9.83
1773168928.458955360,1,0,0.01
1773168929.483077350,0,62,9.83
1773168929.483077350,1,0,0.01
1773168930.506464802,0,0,9.83
1773168930.506464802,1,0,0.01
1773168931.529628830,0,0,9.83
1773168931.529628830,1,0,0.01
1773168932.553732264,0,0,9.83
1773168932.553732264,1,0,0.01
1773168933.577361784,0,0,9.83
1773168933.577361784,1,0,0.01
1773168934.600234645,0,0,9.83
1773168934.600234645,1,0,0.01
1773168935.622998504,0,1,9.83
1773168935.622998504,1,0,0.01
1773168936.646785025,0,0,9.83
1773168936.646785025,1,0,0.01
1773168937.669565488,0,0,9.83
1773168937.669565488,1,0,0.01
1773168938.692949915,0,0,9.83
1773168938.692949915,1,0,0.01
1773168939.715611488,0,0,9.83
1773168939.715611488,1,0,0.01
1773168940.738164676,0,0,9.83
1773168940.738164676,1,0,0.01
1773168941.761553113,0,0,9.83
1773168941.761553113,1,0,0.01
1773168942.784117121,0,0,9.83
1773168942.784117121,1,0,0.01
1773168943.807522478,0,0,9.83
1773168943.807522478,1,0,0.01
1773168944.829834301,0,0,9.83
1773168944.829834301,1,0,0.01
1773168945.852314653,0,0,9.83
1773168945.852314653,1,0,0.01
1773168946.875229930,0,0,9.83
1773168946.875229930,1,0,0.01
1773168947.897781999,0,0,9.83
1773168947.897781999,1,0,0.01
1773168948.920257968,0,0,9.83
1773168948.920257968,1,0,0.01
1773168949.942322452,0,0,9.83
1773168949.942322452,1,0,0.01
1773168950.963671319,0,0,9.83
1773168950.963671319,1,0,0.01
1773168951.987858296,0,0,9.83
1773168951.987858296,1,0,0.01
1773168953.011961057,0,0,9.83
1773168953.011961057,1,0,0.01
1773168954.034386824,0,0,9.83
1773168954.034386824,1,0,0.01
1773168955.057880928,0,0,9.83
1773168955.057880928,1,0,0.01
1773168956.081073700,0,0,9.83
1773168956.081073700,1,0,0.01
1773168957.105326366,0,0,9.83
1773168957.105326366,1,0,0.01
1773168958.128493236,0,0,9.83
1773168958.128493236,1,0,0.01
1773168959.151395877,0,0,9.83
1773168959.151395877,1,0,0.01
1773168960.175336897,0,0,9.83
1773168960.175336897,1,0,0.01
1773168961.198672189,0,0,9.83
1773168961.198672189,1,0,0.01
1773168962.222074504,0,0,9.83
1773168962.222074504,1,0,0.01
1773168963.245473969,0,0,9.83
1773168963.245473969,1,0,0.01
1773168964.268645681,0,0,9.83
1773168964.268645681,1,0,0.01
1773168965.291548672,0,0,9.83
1773168965.291548672,1,0,0.01
1773168966.313300279,0,0,9.83
1773168966.313300279,1,0,0.01
1773168967.337713977,0,64,9.83
1773168967.337713977,1,0,0.01
1773168968.361660189,0,60,9.83
1773168968.361660189,1,0,0.01
1773168969.384187038,0,0,9.83
1773168969.384187038,1,0,0.01
1773168970.406339388,0,0,9.83
1773168970.406339388,1,0,0.01
1773168971.427843064,0,0,9.83
1773168971.427843064,1,0,0.01
1773168972.452012564,0,0,9.83
1773168972.452012564,1,0,0.01
1773168973.475424394,0,0,9.83
1773168973.475424394,1,0,0.01
1773168974.498474538,0,0,9.83
1773168974.498474538,1,0,0.01
1773168975.521911714,0,0,9.83
1773168975.521911714,1,0,0.01
1773168976.545199828,0,0,9.83
1773168976.545199828,1,0,0.01
1773168977.568491149,0,0,9.83
1773168977.568491149,1,0,0.01
1773168978.593327084,0,0,9.83
1773168978.593327084,1,0,0.01
1773168979.616478066,0,0,9.83
1773168979.616478066,1,0,0.01
1773168980.639620603,0,0,9.83
1773168980.639620603,1,0,0.01
1773168981.662357448,0,0,9.83
1773168981.662357448,1,0,0.01
1773168982.685637176,0,0,9.83
1773168982.685637176,1,0,0.01
1773168983.708721225,0,0,9.83
1773168983.708721225,1,0,0.01
1773168984.731108532,0,0,9.83
1773168984.731108532,1,0,0.01
1773168985.754674483,0,0,9.83
1773168985.754674483,1,0,0.01
1773168986.777696348,0,0,9.83
1773168986.777696348,1,0,0.01
1773168987.799862785,0,0,9.83
1773168987.799862785,1,0,0.01
1773168988.824321923,0,0,9.83
1773168988.824321923,1,0,0.01
1773168989.847723105,0,0,9.83
1773168989.847723105,1,0,0.01
1773168990.870926832,0,0,9.83
1773168990.870926832,1,0,0.01
1773168991.895121654,0,0,9.83
1773168991.895121654,1,0,0.01
1773168992.919399391,0,0,9.83
1773168992.919399391,1,0,0.01
1773168993.943832096,0,0,9.83
1773168993.943832096,1,0,0.01
1773168994.967870056,0,0,9.83
1773168994.967870056,1,0,0.01
1773168995.990617526,0,0,9.83
1773168995.990617526,1,0,0.01
1773168997.014040638,0,0,9.83
1773168997.014040638,1,0,0.01
1773168998.036904476,0,0,9.83
1773168998.036904476,1,0,0.01
1773168999.059567288,0,0,9.83
1773168999.059567288,1,0,0.01
1773169000.081931177,0,63,9.83
1773169000.081931177,1,0,0.01
1773169001.105741340,0,62,9.83
1773169001.105741340,1,0,0.01
1773169002.128695212,0,0,9.83
1773169002.128695212,1,0,0.01
1773169003.152252006,0,0,9.83
1773169003.152252006,1,0,0.01
1773169004.175322119,0,0,9.83
1773169004.175322119,1,0,0.01
1773169005.197860187,0,0,9.83
1773169005.197860187,1,0,0.01
1773169006.220695803,0,0,9.83
1773169006.220695803,1,0,0.01
1773169007.242826460,0,0,9.83
1773169007.242826460,1,0,0.01
1773169008.265310669,0,0,9.83
1773169008.265310669,1,0,0.01
1773169009.287933453,0,0,9.83
1773169009.287933453,1,0,0.01
1773169010.311058317,0,0,9.83
1773169010.311058317,1,0,0.01
1773169011.335571661,0,0,9.83
1773169011.335571661,1,0,0.01
1773169012.359764664,0,0,9.83
1773169012.359764664,1,0,0.01
1773169013.384404700,0,0,9.83
1773169013.384404700,1,0,0.01
1773169014.408228483,0,0,9.83
1773169014.408228483,1,0,0.01
1773169015.431526278,0,0,9.83
1773169015.431526278,1,0,0.01
1773169016.455072284,0,0,9.83
1773169016.455072284,1,0,0.01
1773169017.479523601,0,0,9.83
1773169017.479523601,1,0,0.01
1773169018.503452977,0,0,9.83
1773169018.503452977,1,0,0.01
1773169019.526461300,0,0,9.83
1773169019.526461300,1,0,0.01
1773169020.550106132,0,0,9.83
1773169020.550106132,1,0,0.01
1773169021.573816520,0,0,9.83
1773169021.573816520,1,0,0.01
1773169022.596758499,0,0,9.83
1773169022.596758499,1,0,0.01
1773169023.619258007,0,0,9.83
1773169023.619258007,1,0,0.01
1773169024.641196052,0,64,9.83
1773169024.641196052,1,0,0.01
1773169025.663747381,0,63,9.83
1773169025.663747381,1,0,0.01
1773169026.686015863,0,0,9.83
1773169026.686015863,1,0,0.01
1773169027.708467429,0,0,9.83
1773169027.708467429,1,0,0.01
1773169028.730790297,0,0,9.83
1773169028.730790297,1,0,0.01
1773169029.754294228,0,65,9.83
1773169029.754294228,1,0,0.01
1773169030.778212751,0,65,9.83
1773169030.778212751,1,0,0.01
1773169031.800433149,0,0,9.83
1773169031.800433149,1,0,0.01
1773169032.823952510,0,0,9.83
1773169032.823952510,1,0,0.01
1773169033.848291079,0,0,9.83
1773169033.848291079,1,0,0.01
1773169034.872132375,0,0,9.83
1773169034.872132375,1,0,0.01
1773169035.894582423,0,0,9.83
1773169035.894582423,1,0,0.01
1773169036.918003898,0,0,9.83
1773169036.918003898,1,0,0.01
1773169037.941512166,0,0,9.83
1773169037.941512166,1,0,0.01
1773169038.964914819,0,0,9.83
1773169038.964914819,1,0,0.01
1773169039.987580017,0,0,9.83
1773169039.987580017,1,0,0.01
1773169041.009326418,0,0,9.83
1773169041.009326418,1,0,0.01
1773169042.031961451,0,0,9.83
1773169042.031961451,1,0,0.01
1773169043.054889352,0,0,9.83
1773169043.054889352,1,0,0.01
1773169044.077127451,0,0,9.83
1773169044.077127451,1,0,0.01
1773169045.099841307,0,0,9.83
1773169045.099841307,1,0,0.01
1773169046.122628995,0,0,9.83
1773169046.122628995,1,0,0.01
1773169047.145278540,0,0,9.83
1773169047.145278540,1,0,0.01
1773169048.167469988,0,0,9.83
1773169048.167469988,1,0,0.01
1773169049.190338412,0,0,9.83
1773169049.190338412,1,0,0.01
1773169050.212728127,0,0,9.83
1773169050.212728127,1,0,0.01
1773169051.236134404,0,0,9.83
1773169051.236134404,1,0,0.01
1773169052.258289148,0,0,9.83
1773169052.258289148,1,0,0.01
1773169053.281712709,0,1,9.83
1773169053.281712709,1,0,0.01
1773169054.304859503,0,0,9.83
1773169054.304859503,1,0,0.01
1773169055.327389024,0,1,9.83
1773169055.327389024,1,0,0.01
1773169056.349941684,0,0,9.83
1773169056.349941684,1,0,0.01
1773169057.373108207,0,0,9.83
1773169057.373108207,1,0,0.01
1773169058.395796346,0,0,9.83
1773169058.395796346,1,0,0.01
1773169059.417330575,0,0,9.83
1773169059.417330575,1,0,0.01
1773169060.441649267,0,0,9.83
1773169060.441649267,1,0,0.01
1773169061.464206917,0,62,9.83
1773169061.464206917,1,0,0.01
1773169062.486328057,0,60,9.83
1773169062.486328057,1,0,0.01
1773169063.510065926,0,0,9.83
1773169063.510065926,1,0,0.01
1773169064.533056202,0,0,9.83
1773169064.533056202,1,0,0.01
1773169065.557416932,0,0,9.83
1773169065.557416932,1,0,0.01
1773169066.579938894,0,0,9.83
1773169066.579938894,1,0,0.01
1773169067.604664324,0,0,9.83
1773169067.604664324,1,0,0.01
1773169068.628701129,0,0,9.83
1773169068.628701129,1,0,0.01
1773169069.652986884,0,0,9.83
1773169069.652986884,1,0,0.01
1773169070.674965170,0,0,9.83
1773169070.674965170,1,0,0.01
1773169071.698030247,0,0,9.83
1773169071.698030247,1,0,0.01
1773169072.721177438,0,0,9.83
1773169072.721177438,1,0,0.01
1773169073.742495763,0,0,9.83
1773169073.742495763,1,0,0.01
1773169074.764987167,0,0,9.83
1773169074.764987167,1,0,0.01
1773169075.788313837,0,0,9.83
1773169075.788313837,1,0,0.01
1773169076.811905997,0,0,9.83
1773169076.811905997,1,0,0.01
1773169077.832557160,0,0,9.83
1773169077.832557160,1,0,0.01
1773169078.855599470,0,0,9.83
1773169078.855599470,1,0,0.01
1773169079.876270601,0,0,9.83
1773169079.876270601,1,0,0.01
1773169080.898208007,0,62,9.83
1773169080.898208007,1,0,0.01
1773169081.921140129,0,62,9.83
1773169081.921140129,1,0,0.01
1773169082.945068439,0,0,9.83
1773169082.945068439,1,0,0.01
1773169083.967968357,0,0,9.83
1773169083.967968357,1,0,0.01
1773169084.991475644,0,0,9.83
1773169084.991475644,1,0,0.01
1773169086.013583179,0,0,9.83
1773169086.013583179,1,0,0.01
1773169087.037202731,0,0,9.83
1773169087.037202731,1,0,0.01
1773169088.060514395,0,62,9.83
1773169088.060514395,1,0,0.01
1773169089.084441659,0,62,9.83
1773169089.084441659,1,0,0.01
1773169090.108096114,0,0,9.83
1773169090.108096114,1,0,0.01
1773169091.130894456,0,0,9.83
1773169091.130894456,1,0,0.01
1773169092.153639981,0,0,9.83
1773169092.153639981,1,0,0.01
1773169093.177162629,0,0,9.83
1773169093.177162629,1,0,0.01
1773169094.199295811,0,0,9.83
1773169094.199295811,1,0,0.01
1773169095.222398345,0,0,9.83
1773169095.222398345,1,0,0.01
1773169096.244894691,0,0,9.83
1773169096.244894691,1,0,0.01
1773169097.267236541,0,0,9.83
1773169097.267236541,1,0,0.01
1773169098.290347175,0,0,9.83
1773169098.290347175,1,0,0.01
1773169099.312108746,0,0,9.83
1773169099.312108746,1,0,0.01
1773169100.335363526,0,0,9.83
1773169100.335363526,1,0,0.01
1773169101.357484812,0,0,9.83
1773169101.357484812,1,0,0.01
1773169102.379672207,0,0,9.83
1773169102.379672207,1,0,0.01
1773169103.402312122,0,0,9.83
1773169103.402312122,1,0,0.01
1773169104.424991237,0,0,9.83
1773169104.424991237,1,0,0.01
1773169105.448482165,0,30,9.83
1773169105.448482165,1,0,0.01
1773169106.472918041,0,66,9.83
1773169106.472918041,1,0,0.01
1773169107.496586614,0,0,9.83
1773169107.496586614,1,0,0.01
1773169108.519972641,0,0,9.83
1773169108.519972641,1,0,0.01
1773169109.544273149,0,0,9.83
1773169109.544273149,1,0,0.01
1773169110.568744033,0,0,9.83
1773169110.568744033,1,0,0.01
1773169111.591937998,0,0,9.83
1773169111.591937998,1,0,0.01
1773169112.615751470,0,0,9.83
1773169112.615751470,1,0,0.01
1773169113.637973815,0,0,9.83
1773169113.637973815,1,0,0.01
1773169114.661680638,0,0,9.83
1773169114.661680638,1,0,0.01
1773169115.683995903,0,0,9.83
1773169115.683995903,1,0,0.01
1773169116.706412077,0,0,9.83
1773169116.706412077,1,0,0.01
1773169117.728725089,0,0,9.83
1773169117.728725089,1,0,0.01
1773169118.751595312,0,0,9.83
1773169118.751595312,1,0,0.01
1773169119.773664626,0,0,9.83
1773169119.773664626,1,0,0.01
1773169120.796646535,0,0,9.83
1773169120.796646535,1,0,0.01
1773169121.818627401,0,0,9.83
1773169121.818627401,1,0,0.01
1773169122.841963696,0,0,9.83
1773169122.841963696,1,0,0.01
1773169123.864578476,0,0,9.83
1773169123.864578476,1,0,0.01
1773169124.887263839,0,0,9.83
1773169124.887263839,1,0,0.01
1773169125.910395462,0,0,9.83
1773169125.910395462,1,0,0.01
1773169126.932428187,0,0,9.83
1773169126.932428187,1,0,0.01
1773169127.954525274,0,0,9.83
1773169127.954525274,1,0,0.01
1773169128.977600476,0,0,9.83
1773169128.977600476,1,0,0.01
1773169130.000721353,0,0,9.83
1773169130.000721353,1,0,0.01
1773169131.025153354,0,0,9.83
1773169131.025153354,1,0,0.01
1773169132.047751620,0,0,9.83
1773169132.047751620,1,0,0.01
1773169133.070853948,0,0,9.83
1773169133.070853948,1,0,0.01
1773169134.094656280,0,0,9.83
1773169134.094656280,1,0,0.01
1773169135.117200442,0,0,9.83
1773169135.117200442,1,0,0.01
1773169136.139786356,0,0,9.83
1773169136.139786356,1,0,0.01
1773169137.161980390,0,0,9.83
1773169137.161980390,1,0,0.01
1773169138.185228459,0,0,9.83
1773169138.185228459,1,0,0.01
1773169139.208862115,0,0,9.83
1773169139.208862115,1,0,0.01
1773169140.231225808,0,0,9.83
1773169140.231225808,1,0,0.01
1773169141.253690535,0,0,9.83
1773169141.253690535,1,0,0.01
1773169142.275671194,0,0,9.83
1773169142.275671194,1,0,0.01
1773169143.298288778,0,0,9.83
1773169143.298288778,1,0,0.01
1773169144.320845979,0,0,9.83
1773169144.320845979,1,0,0.01
1773169145.343227196,0,0,9.83
1773169145.343227196,1,0,0.01
1773169146.365673429,0,0,9.83
1773169146.365673429,1,0,0.01
1773169147.387801725,0,0,9.83
1773169147.387801725,1,0,0.01
1773169148.410387559,0,0,9.83
1773169148.410387559,1,0,0.01
1773169149.431909843,0,0,9.83
1773169149.431909843,1,0,0.01
1773169150.454177931,0,0,9.83
1773169150.454177931,1,0,0.01
1773169151.475566172,0,62,9.83
1773169151.475566172,1,0,0.01
1773169152.506706590,0,63,9.83
1773169152.506706590,1,0,0.01
1773169153.529481076,0,8,9.83
1773169153.529481076,1,0,0.01
1773169154.552771864,0,0,9.83
1773169154.552771864,1,0,0.01
1773169155.575817964,0,0,9.83
1773169155.575817964,1,0,0.01
1773169156.598700630,0,0,9.83
1773169156.598700630,1,0,0.01
1773169157.621900389,0,0,9.83
1773169157.621900389,1,0,0.01
1773169158.644334609,0,0,9.83
1773169158.644334609,1,0,0.01
1773169159.665645633,0,0,9.83
1773169159.665645633,1,0,0.01
1773169160.688630758,0,0,9.83
1773169160.688630758,1,0,0.01
1773169161.711251018,0,0,9.83
1773169161.711251018,1,0,0.01
1773169162.734347962,0,0,9.83
1773169162.734347962,1,0,0.01
1773169163.757109427,0,0,9.83
1773169163.757109427,1,0,0.01
1773169164.780977832,0,0,9.83
1773169164.780977832,1,0,0.01
1773169165.804336228,0,0,9.83
1773169165.804336228,1,0,0.01
1773169166.827128510,0,0,9.83
1773169166.827128510,1,0,0.01
1773169167.850395334,0,0,9.83
1773169167.850395334,1,0,0.01
1773169168.873197398,0,0,9.83
1773169168.873197398,1,0,0.01
1773169169.896481292,0,0,9.83
1773169169.896481292,1,0,0.01
1773169170.919214209,0,0,9.83
1773169170.919214209,1,0,0.01
1773169171.941791772,0,0,9.83
1773169171.941791772,1,0,0.01
1773169172.964695880,0,0,9.83
1773169172.964695880,1,0,0.01
1773169173.987390432,0,0,9.83
1773169173.987390432,1,0,0.01
1773169175.011221189,0,0,9.83
1773169175.011221189,1,0,0.01
1773169176.033969326,0,0,9.83
1773169176.033969326,1,0,0.01
1773169177.057034725,0,0,9.83
1773169177.057034725,1,0,0.01
1773169178.079777163,0,0,9.83
1773169178.079777163,1,0,0.01
1773169179.102466452,0,0,9.83
1773169179.102466452,1,0,0.01
1773169180.125355318,0,0,9.83
1773169180.125355318,1,0,0.01
1773169181.148915085,0,0,9.83
1773169181.148915085,1,0,0.01
1773169182.171862657,0,0,9.83
1773169182.171862657,1,0,0.01
1773169183.194784182,0,0,9.83
1773169183.194784182,1,0,0.01
1773169184.217870528,0,0,9.83
1773169184.217870528,1,0,0.01
1773169185.241527800,0,0,9.83
1773169185.241527800,1,0,0.01
1773169186.263908289,0,0,9.83
1773169186.263908289,1,0,0.01
1773169187.286218587,0,0,9.83
1773169187.286218587,1,0,0.01
1773169188.308869514,0,0,9.83
1773169188.308869514,1,0,0.01
1773169189.331340238,0,0,9.83
1773169189.331340238,1,0,0.01
1773169190.352089588,0,0,9.83
1773169190.352089588,1,0,0.01
1773169191.374130246,0,0,9.83
1773169191.374130246,1,0,0.01
1773169192.397765502,0,0,9.83
1773169192.397765502,1,0,0.01
1773169193.420817417,0,0,9.83
1773169193.420817417,1,0,0.01
1773169194.444854117,0,0,9.83
1773169194.444854117,1,0,0.01
1773169195.467574467,0,45,9.83
1773169195.467574467,1,0,0.01
1773169196.490859793,0,61,9.83
1773169196.490859793,1,0,0.01
1773169197.513158087,0,61,9.83
1773169197.513158087,1,0,0.01
1773169198.536123784,0,0,9.83
1773169198.536123784,1,0,0.01
1773169199.560274316,0,0,9.83
1773169199.560274316,1,0,0.01
1773169200.584569982,0,0,9.83
1773169200.584569982,1,0,0.01
1773169201.608011921,0,0,9.83
1773169201.608011921,1,0,0.01
1773169202.630997884,0,0,9.83
1773169202.630997884,1,0,0.01
1773169203.656146634,0,0,9.83
1773169203.656146634,1,0,0.01
1773169204.679720982,0,0,9.83
1773169204.679720982,1,0,0.01
1773169205.701590451,0,1,9.83
1773169205.701590451,1,0,0.01
1773169206.724659969,0,0,9.83
1773169206.724659969,1,0,0.01
1773169207.746894953,0,0,9.83
1773169207.746894953,1,0,0.01
1773169208.770281961,0,0,9.83
1773169208.770281961,1,0,0.01
1773169209.793449808,0,0,9.83
1773169209.793449808,1,0,0.01
1773169210.817643995,0,0,9.83
1773169210.817643995,1,0,0.01
1773169211.840942390,0,0,9.83
1773169211.840942390,1,0,0.01
1773169212.863884044,0,0,9.83
1773169212.863884044,1,0,0.01
1773169213.888219985,0,0,9.83
1773169213.888219985,1,0,0.01
1773169214.910846374,0,0,9.83
1773169214.910846374,1,0,0.01
1773169215.933773976,0,62,9.83
1773169215.933773976,1,0,0.01
1773169216.957335593,0,62,9.83
1773169216.957335593,1,0,0.01
1773169217.980860749,0,0,9.83
1773169217.980860749,1,0,0.01
1773169219.003912014,0,0,9.83
1773169219.003912014,1,0,0.01
1773169220.026020584,0,0,9.83
1773169220.026020584,1,0,0.01
1773169221.048434801,0,0,9.83
1773169221.048434801,1,0,0.01
1773169222.070502034,0,0,9.83
1773169222.070502034,1,0,0.01
1773169223.092981110,0,0,9.83
1773169223.092981110,1,0,0.01
1773169224.116166950,0,0,9.83
1773169224.116166950,1,0,0.01
1773169225.138944831,0,0,9.83
1773169225.138944831,1,0,0.01
1773169226.162011589,0,0,9.83
1773169226.162011589,1,0,0.01
1773169227.184461119,0,0,9.83
1773169227.184461119,1,0,0.01
1773169228.206697303,0,0,9.83
1773169228.206697303,1,0,0.01
1773169229.228300931,0,0,9.83
1773169229.228300931,1,0,0.01
1773169230.251039035,0,0,9.83
1773169230.251039035,1,0,0.01
1773169231.272584999,0,0,9.83
1773169231.272584999,1,0,0.01
1773169232.294875826,0,0,9.83
1773169232.294875826,1,0,0.01
1773169233.317046643,0,0,9.83
1773169233.317046643,1,0,0.01
1773169234.341227722,0,0,9.83
1773169234.341227722,1,0,0.01
1773169235.363804738,0,67,9.83
1773169235.363804738,1,0,0.01
1773169236.386370798,0,65,9.83
1773169236.386370798,1,0,0.01
1773169237.410737251,0,0,9.83
1773169237.410737251,1,0,0.01
1773169238.433923477,0,0,9.83
1773169238.433923477,1,0,0.01
1773169239.456496583,0,0,9.83
1773169239.456496583,1,0,0.01
1773169240.479224350,0,0,9.83
1773169240.479224350,1,0,0.01
1773169241.501317668,0,0,9.83
1773169241.501317668,1,0,0.01
1773169242.524184093,0,0,9.83
1773169242.524184093,1,0,0.01
1773169243.547095173,0,0,9.83
1773169243.547095173,1,0,0.01
1773169244.571696376,0,0,9.83
1773169244.571696376,1,0,0.01
1773169245.594901243,0,0,9.83
1773169245.594901243,1,0,0.01
1773169246.618388160,0,0,9.83
1773169246.618388160,1,0,0.01
1773169247.640301579,0,0,9.83
1773169247.640301579,1,0,0.01
1773169248.663037221,0,0,9.83
1773169248.663037221,1,0,0.01
1773169249.684858319,0,0,9.83
1773169249.684858319,1,0,0.01
1773169250.706902738,0,0,9.83
1773169250.706902738,1,0,0.01
1773169251.729673543,0,0,9.83
1773169251.729673543,1,0,0.01
1773169252.751589518,0,0,9.83
1773169252.751589518,1,0,0.01
1773169253.774796140,0,0,9.83
1773169253.774796140,1,0,0.01
1773169254.797676352,0,0,9.83
1773169254.797676352,1,0,0.01
1773169255.821726289,0,0,9.83
1773169255.821726289,1,0,0.01
1773169256.845997862,0,0,9.83
1773169256.845997862,1,0,0.01
1773169257.869041191,0,0,9.83
1773169257.869041191,1,0,0.01
1773169258.891311198,0,0,9.83
1773169258.891311198,1,0,0.01
1773169259.913612631,0,0,9.83
1773169259.913612631,1,0,0.01
1773169260.935161506,0,0,9.83
1773169260.935161506,1,0,0.01
1773169261.958934438,0,0,9.83
1773169261.958934438,1,0,0.01
1773169262.981756376,0,0,9.83
1773169262.981756376,1,0,0.01
1773169264.003936394,0,0,9.83
1773169264.003936394,1,0,0.01
1773169265.026710466,0,0,9.83
1773169265.026710466,1,0,0.01
1773169266.048177427,0,0,9.83
1773169266.048177427,1,0,0.01
1773169267.069713377,0,0,9.83
1773169267.069713377,1,0,0.01
1773169268.092245833,0,0,9.83
1773169268.092245833,1,0,0.01
1773169269.114919913,0,0,9.83
1773169269.114919913,1,0,0.01
1773169270.137639250,0,0,9.83
1773169270.137639250,1,0,0.01
1773169271.161625989,0,0,9.83
1773169271.161625989,1,0,0.01
1773169272.183635403,0,0,9.83
1773169272.183635403,1,0,0.01
1773169273.206871149,0,0,9.83
1773169273.206871149,1,0,0.01
1773169274.229461377,0,0,9.83
1773169274.229461377,1,0,0.01
1773169275.252626147,0,0,9.83
1773169275.252626147,1,0,0.01
1773169276.275576844,0,0,9.83
1773169276.275576844,1,0,0.01
1773169277.299442982,0,0,9.83
1773169277.299442982,1,0,0.01
1773169278.322751476,0,0,9.83
1773169278.322751476,1,0,0.01
1773169279.345539922,0,0,9.83
1773169279.345539922,1,0,0.01
1773169280.369939107,0,0,9.83
1773169280.369939107,1,0,0.01
1773169281.393112962,0,0,9.83
1773169281.393112962,1,0,0.01
1773169282.415094490,0,0,9.83
1773169282.415094490,1,0,0.01
1773169283.438808117,0,0,9.83
1773169283.438808117,1,0,0.01
1773169284.462399484,0,0,9.83
1773169284.462399484,1,0,0.01
1773169285.485835062,0,0,9.83
1773169285.485835062,1,0,0.01
1773169286.508242499,0,0,9.83
1773169286.508242499,1,0,0.01
1773169287.530417630,0,0,9.83
1773169287.530417630,1,0,0.01
1773169288.553469026,0,0,9.83
1773169288.553469026,1,0,0.01
1773169289.575596411,0,0,9.83
1773169289.575596411,1,0,0.01
1773169290.597272084,0,0,9.83
1773169290.597272084,1,0,0.01
1773169291.619866140,0,0,9.83
1773169291.619866140,1,0,0.01
1773169292.642400071,0,0,9.83
1773169292.642400071,1,0,0.01
1773169293.665594750,0,0,9.83
1773169293.665594750,1,0,0.01
1773169294.687717634,0,0,9.83
1773169294.687717634,1,0,0.01
1773169295.710959599,0,0,9.83
1773169295.710959599,1,0,0.01
1773169296.733790242,0,0,9.83
1773169296.733790242,1,0,0.01
1773169297.757312150,0,0,9.83
1773169297.757312150,1,0,0.01
1773169298.779598394,0,0,9.83
1773169298.779598394,1,0,0.01
1773169299.802188354,0,0,9.83
1773169299.802188354,1,0,0.01
1773169300.826176859,0,1,9.83
1773169300.826176859,1,0,0.01
1773169301.848253391,0,61,9.83
1773169301.848253391,1,0,0.01
1773169302.873213757,0,64,9.83
1773169302.873213757,1,0,0.01
1773169303.896602574,0,0,9.83
1773169303.896602574,1,0,0.01
1773169304.919173287,0,0,9.83
1773169304.919173287,1,0,0.01
1773169305.942367188,0,0,9.83
1773169305.942367188,1,0,0.01
1773169306.965763334,0,0,9.83
1773169306.965763334,1,0,0.01
1773169307.988771634,0,0,9.83
1773169307.988771634,1,0,0.01
1773169309.010546753,0,0,9.83
1773169309.010546753,1,0,0.01
1773169310.033090710,0,0,9.83
1773169310.033090710,1,0,0.01
1773169311.055482351,0,1,9.83
1773169311.055482351,1,0,0.01
1773169312.078745749,0,0,9.83
1773169312.078745749,1,0,0.01
1773169313.101022786,0,0,9.83
1773169313.101022786,1,0,0.01
1773169314.123552017,0,0,9.83
1773169314.123552017,1,0,0.01
1773169315.146836158,0,0,9.83
1773169315.146836158,1,0,0.01
1773169316.169594379,0,0,9.83
1773169316.169594379,1,0,0.01
1773169317.192652458,0,0,9.83
1773169317.192652458,1,0,0.01
1773169318.214618110,0,0,9.83
1773169318.214618110,1,0,0.01
1773169319.236823352,0,0,9.83
1773169319.236823352,1,0,0.01
1773169320.259315068,0,0,9.83
1773169320.259315068,1,0,0.01
1773169321.281275723,0,0,9.83
1773169321.281275723,1,0,0.01
1773169322.304235912,0,0,9.83
1773169322.304235912,1,0,0.01
1773169323.326920255,0,1,9.83
1773169323.326920255,1,0,0.01
1773169324.349697334,0,0,9.83
1773169324.349697334,1,0,0.01
1773169325.372575972,0,0,9.83
1773169325.372575972,1,0,0.01
1773169326.395443466,0,0,9.83
1773169326.395443466,1,0,0.01
1773169327.418245506,0,0,9.83
1773169327.418245506,1,0,0.01
1773169328.441097431,0,0,9.83
1773169328.441097431,1,0,0.01
1773169329.464591323,0,0,9.83
1773169329.464591323,1,0,0.01
1773169330.488204047,0,0,9.83
1773169330.488204047,1,0,0.01
1773169331.511785939,0,0,9.83
1773169331.511785939,1,0,0.01
1773169332.535307374,0,0,9.83
1773169332.535307374,1,0,0.01
1773169333.559453798,0,0,9.83
1773169333.559453798,1,0,0.01
1773169334.582825734,0,0,9.83
1773169334.582825734,1,0,0.01
1773169335.605742698,0,0,9.83
1773169335.605742698,1,0,0.01
1773169336.628700459,0,0,9.83
1773169336.628700459,1,0,0.01
1773169337.653416476,0,0,9.83
1773169337.653416476,1,0,0.01
1773169338.677671527,0,1,9.83
1773169338.677671527,1,0,0.01
1773169339.700759949,0,0,9.83
1773169339.700759949,1,0,0.01
1773169340.724143143,0,0,9.83
1773169340.724143143,1,0,0.01
1773169341.747680012,0,0,9.83
1773169341.747680012,1,0,0.01
1773169342.770981627,0,0,9.83
1773169342.770981627,1,0,0.01
1773169343.794931855,0,0,9.83
1773169343.794931855,1,0,0.01
1773169344.817359478,0,0,9.83
1773169344.817359478,1,0,0.01
1773169345.840309447,0,0,9.83
1773169345.840309447,1,0,0.01
1773169346.864802541,0,0,9.83
1773169346.864802541,1,0,0.01
1773169347.888645616,0,0,9.83
1773169347.888645616,1,0,0.01
1773169348.911265177,0,0,9.83
1773169348.911265177,1,0,0.01
1773169349.934180912,0,1,9.83
1773169349.934180912,1,0,0.01
1773169350.957068541,0,0,9.83
1773169350.957068541,1,0,0.01
1773169351.980011356,0,0,9.83
1773169351.980011356,1,0,0.01
1773169353.002627895,0,0,9.83
1773169353.002627895,1,0,0.01
1773169354.026331068,0,0,9.83
1773169354.026331068,1,0,0.01
1773169355.049207037,0,0,9.83
1773169355.049207037,1,0,0.01
1773169356.071846164,0,0,9.83
1773169356.071846164,1,0,0.01
1773169357.094995611,0,0,9.83
1773169357.094995611,1,0,0.01
1773169358.117502308,0,0,9.83
1773169358.117502308,1,0,0.01
1773169359.141382659,0,0,9.83
1773169359.141382659,1,0,0.01
1773169360.164634289,0,0,9.83
1773169360.164634289,1,0,0.01
1773169361.187544510,0,0,9.83
1773169361.187544510,1,0,0.01
1773169362.211470550,0,0,9.83
1773169362.211470550,1,0,0.01
1773169363.233822689,0,0,9.83
1773169363.233822689,1,0,0.01
1773169364.257804902,0,0,9.83
1773169364.257804902,1,0,0.01
1773169365.280979623,0,0,9.83
1773169365.280979623,1,0,0.01
1773169366.305239883,0,0,9.83
1773169366.305239883,1,0,0.01
1773169367.328122998,0,0,9.83
1773169367.328122998,1,0,0.01
1773169368.350777437,0,0,9.83
1773169368.350777437,1,0,0.01
1773169369.373744346,0,0,9.83
1773169369.373744346,1,0,0.01
1773169370.395868506,0,0,9.83
1773169370.395868506,1,0,0.01
1773169371.418663530,0,0,9.83
1773169371.418663530,1,0,0.01
1773169372.440861732,0,0,9.83
1773169372.440861732,1,0,0.01
1773169373.463612888,0,0,9.83
1773169373.463612888,1,0,0.01
1773169374.485605023,0,0,9.83
1773169374.485605023,1,0,0.01
1773169375.508158003,0,0,9.83
1773169375.508158003,1,0,0.01
1773169376.530282939,0,0,9.83
1773169376.530282939,1,0,0.01
1773169377.552820374,0,0,9.83
1773169377.552820374,1,0,0.01
1773169378.575769444,0,0,9.83
1773169378.575769444,1,0,0.01
1773169379.598533175,0,0,9.83
1773169379.598533175,1,0,0.01
1773169380.621720915,0,0,9.83
1773169380.621720915,1,0,0.01
1773169381.643428865,0,0,9.83
1773169381.643428865,1,0,0.01
1773169382.666293022,0,0,9.83
1773169382.666293022,1,0,0.01
1773169383.688861672,0,0,9.83
1773169383.688861672,1,0,0.01
1773169384.712346618,0,1,9.83
1773169384.712346618,1,0,0.01
1773169385.735097358,0,0,9.83
1773169385.735097358,1,0,0.01
1773169386.758389894,0,0,9.83
1773169386.758389894,1,0,0.01
1773169387.781162973,0,0,9.83
1773169387.781162973,1,0,0.01
1773169388.803883159,0,0,9.83
1773169388.803883159,1,0,0.01
1773169389.827163303,0,1,9.83
1773169389.827163303,1,0,0.01
1773169390.849921804,0,0,9.83
1773169390.849921804,1,0,0.01
1773169391.871736125,0,0,9.83
1773169391.871736125,1,0,0.01
1773169392.894393933,0,0,9.83
1773169392.894393933,1,0,0.01
1773169393.917238311,0,0,9.83
1773169393.917238311,1,0,0.01
1773169394.939665018,0,0,9.83
1773169394.939665018,1,0,0.01
1773169395.961551298,0,0,9.83
1773169395.961551298,1,0,0.01
1773169396.983684717,0,0,9.83
1773169396.983684717,1,0,0.01
1773169398.006869264,0,0,9.83
1773169398.006869264,1,0,0.01
1773169399.030041118,0,0,9.83
1773169399.030041118,1,0,0.01
1773169400.052751959,0,0,9.83
1773169400.052751959,1,0,0.01
1773169401.075515307,0,0,9.83
1773169401.075515307,1,0,0.01
1773169402.097076486,0,0,9.83
1773169402.097076486,1,0,0.01
1773169403.120834519,0,0,9.83
1773169403.120834519,1,0,0.01
1773169404.143181397,0,0,9.83
1773169404.143181397,1,0,0.01
1773169405.166317174,0,0,9.83
1773169405.166317174,1,0,0.01
1773169406.189101174,0,0,9.83
1773169406.189101174,1,0,0.01
1773169407.212278564,0,0,9.83
1773169407.212278564,1,0,0.01
1773169408.234806792,0,0,9.83
1773169408.234806792,1,0,0.01
1773169409.258025610,0,0,9.83
1773169409.258025610,1,0,0.01
1773169410.279941147,0,0,9.83
1773169410.279941147,1,0,0.01
1773169411.303078611,0,0,9.83
1773169411.303078611,1,0,0.01
1773169412.326024992,0,0,9.83
1773169412.326024992,1,0,0.01
1773169413.349871097,0,0,9.83
1773169413.349871097,1,0,0.01
1773169414.372586663,0,0,9.83
1773169414.372586663,1,0,0.01
1773169415.395837080,0,0,9.83
1773169415.395837080,1,0,0.01
1773169416.417538023,0,0,9.83
1773169416.417538023,1,0,0.01
1773169417.440650335,0,0,9.83
1773169417.440650335,1,0,0.01
1773169418.462570626,0,0,9.83
1773169418.462570626,1,0,0.01
1773169419.484835606,0,0,9.83
1773169419.484835606,1,0,0.01
1773169420.508365290,0,0,9.83
1773169420.508365290,1,0,0.01
1773169421.531661517,0,0,9.83
1773169421.531661517,1,0,0.01
1773169422.554269410,0,0,9.83
1773169422.554269410,1,0,0.01
1773169423.576406095,0,0,9.83
1773169423.576406095,1,0,0.01
1773169424.599083330,0,0,9.83
1773169424.599083330,1,0,0.01
1773169425.621952307,0,0,9.83
1773169425.621952307,1,0,0.01
1773169426.645311526,0,0,9.83
1773169426.645311526,1,0,0.01
1773169427.667325839,0,0,9.83
1773169427.667325839,1,0,0.01
1773169428.689924312,0,0,9.83
1773169428.689924312,1,0,0.01
1773169429.712522587,0,0,9.83
1773169429.712522587,1,0,0.01
1773169430.735988189,0,0,9.83
1773169430.735988189,1,0,0.01
1773169431.759034546,0,0,9.83
1773169431.759034546,1,0,0.01
1773169432.782495758,0,0,9.83
1773169432.782495758,1,0,0.01
1773169433.805456023,0,66,9.83
1773169433.805456023,1,0,0.01
1773169434.827377710,0,66,9.83
1773169434.827377710,1,0,0.01
1773169435.850358983,0,0,9.83
1773169435.850358983,1,0,0.01
1773169436.873885890,0,0,9.83
1773169436.873885890,1,0,0.01
1773169437.896988733,0,0,9.83
1773169437.896988733,1,0,0.01
1773169438.920382510,0,0,9.83
1773169438.920382510,1,0,0.01
1773169439.943447946,0,0,9.83
1773169439.943447946,1,0,0.01
1773169440.966316026,0,0,9.83
1773169440.966316026,1,0,0.01
1773169441.988628224,0,0,9.83
1773169441.988628224,1,0,0.01
1773169443.012122429,0,0,9.83
1773169443.012122429,1,0,0.01
1773169444.034922534,0,0,9.83
1773169444.034922534,1,0,0.01
1773169445.058196100,0,0,9.83
1773169445.058196100,1,0,0.01
1773169446.080483729,0,0,9.83
1773169446.080483729,1,0,0.01
1773169447.103889130,0,0,9.83
1773169447.103889130,1,0,0.01
1773169448.125996373,0,0,9.83
1773169448.125996373,1,0,0.01
1773169449.148119316,0,0,9.83
1773169449.148119316,1,0,0.01
1773169450.171299295,0,0,9.83
1773169450.171299295,1,0,0.01
1773169451.193999081,0,0,9.83
1773169451.193999081,1,0,0.01
1773169452.216510064,0,0,9.83
1773169452.216510064,1,0,0.01
1773169453.239845707,0,0,9.83
1773169453.239845707,1,0,0.01
1773169454.263556338,0,0,9.83
1773169454.263556338,1,0,0.01
1773169455.286565966,0,0,9.83
1773169455.286565966,1,0,0.01
1773169456.309365834,0,0,9.83
1773169456.309365834,1,0,0.01
1773169457.332723916,0,0,9.83
1773169457.332723916,1,0,0.01
1773169458.355878013,0,0,9.83
1773169458.355878013,1,0,0.01
1773169459.377743537,0,0,9.83
1773169459.377743537,1,0,0.01
1773169460.401884360,0,0,9.83
1773169460.401884360,1,0,0.01
1773169461.424018843,0,0,9.83
1773169461.424018843,1,0,0.01
1773169462.446201542,0,0,9.83
1773169462.446201542,1,0,0.01
1773169463.469453809,0,0,9.83
1773169463.469453809,1,0,0.01
1773169464.492662203,0,0,9.83
1773169464.492662203,1,0,0.01
1773169465.515510864,0,0,9.83
1773169465.515510864,1,0,0.01
1773169466.537950778,0,0,9.83
1773169466.537950778,1,0,0.01
1773169467.561392099,0,0,9.83
1773169467.561392099,1,0,0.01
1773169468.584564296,0,0,9.83
1773169468.584564296,1,0,0.01
1773169469.607311211,0,0,9.83
1773169469.607311211,1,0,0.01
1773169470.630335871,0,0,9.83
1773169470.630335871,1,0,0.01
1773169471.651296400,0,0,9.83
1773169471.651296400,1,0,0.01
1773169472.675162733,0,0,9.83
1773169472.675162733,1,0,0.01
1773169473.697811369,0,0,9.83
1773169473.697811369,1,0,0.01
1773169474.720839625,0,1,9.83
1773169474.720839625,1,0,0.01
1773169475.743503414,0,0,9.83
1773169475.743503414,1,0,0.01
1773169476.766583291,0,0,9.83
1773169476.766583291,1,0,0.01
1773169477.789274222,0,0,9.83
1773169477.789274222,1,0,0.01
1773169478.812855530,0,0,9.83
1773169478.812855530,1,0,0.01
1773169479.835905748,0,0,9.83
1773169479.835905748,1,0,0.01
1773169480.859153390,0,0,9.83
1773169480.859153390,1,0,0.01
1773169481.883287730,0,0,9.83
1773169481.883287730,1,0,0.01
1773169482.906427954,0,0,9.83
1773169482.906427954,1,0,0.01
1773169483.930727467,0,0,9.83
1773169483.930727467,1,0,0.01
1773169484.954436519,0,0,9.83
1773169484.954436519,1,0,0.01
1773169485.978599920,0,0,9.83
1773169485.978599920,1,0,0.01
1773169487.002253602,0,0,9.83
1773169487.002253602,1,0,0.01
1773169488.025852114,0,0,9.83
1773169488.025852114,1,0,0.01
1773169489.048401417,0,0,9.83
1773169489.048401417,1,0,0.01
1773169490.071593748,0,0,9.83
1773169490.071593748,1,0,0.01
1773169491.094862405,0,0,9.83
1773169491.094862405,1,0,0.01
1773169492.117522246,0,0,9.83
1773169492.117522246,1,0,0.01
1773169493.141188378,0,0,9.83
1773169493.141188378,1,0,0.01
1773169494.165732093,0,0,9.83
1773169494.165732093,1,0,0.01
1773169495.188837033,0,0,9.83
1773169495.188837033,1,0,0.01
1773169496.211304290,0,0,9.83
1773169496.211304290,1,0,0.01
1773169497.234239677,0,0,9.83
1773169497.234239677,1,0,0.01
1773169498.258550933,0,0,9.83
1773169498.258550933,1,0,0.01
1773169499.280607321,0,0,9.83
1773169499.280607321,1,0,0.01
1773169500.303922597,0,0,9.83
1773169500.303922597,1,0,0.01
1773169501.329307765,0,0,9.83
1773169501.329307765,1,0,0.01
1773169502.354058863,0,0,9.83
1773169502.354058863,1,0,0.01
1773169503.376156497,0,0,9.83
1773169503.376156497,1,0,0.01
1773169504.399254993,0,0,9.83
1773169504.399254993,1,0,0.01
1773169505.421674191,0,0,9.83
1773169505.421674191,1,0,0.01
1773169506.444271297,0,0,9.83
1773169506.444271297,1,0,0.01
1773169507.467938284,0,0,9.83
1773169507.467938284,1,0,0.01
1773169508.491797884,0,0,9.83
1773169508.491797884,1,0,0.01
1773169509.515004812,0,0,9.83
1773169509.515004812,1,0,0.01
1773169510.538483611,0,0,9.83
1773169510.538483611,1,0,0.01
1773169511.562628334,0,0,9.83
1773169511.562628334,1,0,0.01
1773169512.585867618,0,0,9.83
1773169512.585867618,1,0,0.01
1773169513.610427453,0,0,9.83
1773169513.610427453,1,0,0.01
1773169514.633443550,0,0,9.83
1773169514.633443550,1,0,0.01
1773169515.657593586,0,0,9.83
1773169515.657593586,1,0,0.01
1773169516.680375676,0,0,9.83
1773169516.680375676,1,0,0.01
1773169517.702689459,0,0,9.83
1773169517.702689459,1,0,0.01
1773169518.723600298,0,0,9.83
1773169518.723600298,1,0,0.01
1773169519.746815415,0,0,9.83
1773169519.746815415,1,0,0.01
1773169520.769892656,0,0,9.83
1773169520.769892656,1,0,0.01
1773169521.791631555,0,63,9.83
1773169521.791631555,1,0,0.01
1773169522.815216126,0,67,9.83
1773169522.815216126,1,0,0.01
1773169523.837170415,0,0,9.83
1773169523.837170415,1,0,0.01
1773169524.859874020,0,0,9.83
1773169524.859874020,1,0,0.01
1773169525.884731251,0,0,9.83
1773169525.884731251,1,0,0.01
1773169526.907924540,0,0,9.83
1773169526.907924540,1,0,0.01
1773169527.929945562,0,0,9.83
1773169527.929945562,1,0,0.01
1773169528.952369904,0,0,9.83
1773169528.952369904,1,0,0.01
1773169529.974214499,0,0,9.83
1773169529.974214499,1,0,0.01
1773169530.997284068,0,0,9.83
1773169530.997284068,1,0,0.01
1773169532.019747342,0,0,9.83
1773169532.019747342,1,0,0.01
1773169533.042048023,0,0,9.83
1773169533.042048023,1,0,0.01
1773169534.064160441,0,0,9.83
1773169534.064160441,1,0,0.01
1773169535.087963132,0,0,9.83
1773169535.087963132,1,0,0.01
1773169536.110934198,0,0,9.83
1773169536.110934198,1,0,0.01
1773169537.133746830,0,0,9.83
1773169537.133746830,1,0,0.01
1773169538.157420605,0,0,9.83
1773169538.157420605,1,0,0.01
1773169539.180230854,0,0,9.83
1773169539.180230854,1,0,0.01
1773169540.202987208,0,0,9.83
1773169540.202987208,1,0,0.01
1773169541.226346179,0,0,9.83
1773169541.226346179,1,0,0.01
1773169542.250969824,0,0,9.83
1773169542.250969824,1,0,0.01
1773169543.274936920,0,0,9.83
1773169543.274936920,1,0,0.01
1773169544.297081133,0,0,9.83
1773169544.297081133,1,0,0.01
1773169545.319829953,0,0,9.83
1773169545.319829953,1,0,0.01
1773169546.342374902,0,0,9.83
1773169546.342374902,1,0,0.01
1773169547.366282098,0,0,9.83
1773169547.366282098,1,0,0.01
1773169548.390266961,0,0,9.83
1773169548.390266961,1,0,0.01
1773169549.412564129,0,0,9.83
1773169549.412564129,1,0,0.01
1773169550.435776974,0,0,9.83
1773169550.435776974,1,0,0.01
1773169551.460430806,0,0,9.83
1773169551.460430806,1,0,0.01
1773169552.483509881,0,0,9.83
1773169552.483509881,1,0,0.01
1773169553.506328692,0,0,9.83
1773169553.506328692,1,0,0.01
1773169554.529590665,0,0,9.83
1773169554.529590665,1,0,0.01
1773169555.552614636,0,0,9.83
1773169555.552614636,1,0,0.01
1773169556.577492089,0,0,9.83
1773169556.577492089,1,0,0.01
1773169557.600514733,0,0,9.83
1773169557.600514733,1,0,0.01
1773169558.624827600,0,0,9.83
1773169558.624827600,1,0,0.01
1773169559.647333135,0,0,9.83
1773169559.647333135,1,0,0.01
1773169560.669605298,0,0,9.83
1773169560.669605298,1,0,0.01
1773169561.692379238,0,0,9.83
1773169561.692379238,1,0,0.01
1773169562.714525970,0,0,9.83
1773169562.714525970,1,0,0.01
1773169563.736746253,0,0,9.83
1773169563.736746253,1,0,0.01
1773169564.759287124,0,0,9.83
1773169564.759287124,1,0,0.01
1773169565.781735949,0,0,9.83
1773169565.781735949,1,0,0.01
1773169566.804122180,0,0,9.83
1773169566.804122180,1,0,0.01
1773169567.827587940,0,0,9.83
1773169567.827587940,1,0,0.01
1773169568.850317431,0,0,9.83
1773169568.850317431,1,0,0.01
1773169569.874534471,0,0,9.83
1773169569.874534471,1,0,0.01
1773169570.897734629,0,0,9.83
1773169570.897734629,1,0,0.01
1773169571.921311539,0,0,9.83
1773169571.921311539,1,0,0.01
1773169572.944324270,0,0,9.83
1773169572.944324270,1,0,0.01
1773169573.967280857,0,0,9.83
1773169573.967280857,1,0,0.01
1773169574.989960691,0,0,9.83
1773169574.989960691,1,0,0.01
1773169576.014006015,0,0,9.83
1773169576.014006015,1,0,0.01
1773169577.036851833,0,0,9.83
1773169577.036851833,1,0,0.01
1773169578.059691748,0,0,9.83
1773169578.059691748,1,0,0.01
1773169579.081755291,0,0,9.83
1773169579.081755291,1,0,0.01
1773169580.105083170,0,0,9.83
1773169580.105083170,1,0,0.01
1773169581.128155571,0,0,9.83
1773169581.128155571,1,0,0.01
1773169582.151016900,0,0,9.83
1773169582.151016900,1,0,0.01
1773169583.174877129,0,0,9.83
1773169583.174877129,1,0,0.01
1773169584.196820740,0,0,9.83
1773169584.196820740,1,0,0.01
1773169585.219653434,0,0,9.83
1773169585.219653434,1,0,0.01
1773169586.242460465,0,1,9.83
1773169586.242460465,1,0,0.01
1773169587.264798814,0,0,9.83
1773169587.264798814,1,0,0.01
1773169588.288768501,0,0,9.83
1773169588.288768501,1,0,0.01
1773169589.310427749,0,0,9.83
1773169589.310427749,1,0,0.01
1773169590.332831591,0,0,9.83
1773169590.332831591,1,0,0.01
1773169591.355159609,0,0,9.83
1773169591.355159609,1,0,0.01
1773169592.377557082,0,0,9.83
1773169592.377557082,1,0,0.01
1773169593.400135198,0,0,9.83
1773169593.400135198,1,0,0.01
1773169594.422014549,0,0,9.83
1773169594.422014549,1,0,0.01
1773169595.444414293,0,0,9.83
1773169595.444414293,1,0,0.01
1773169596.467057529,0,0,9.83
1773169596.467057529,1,0,0.01
1773169597.490188682,0,0,9.83
1773169597.490188682,1,0,0.01
1773169598.513343958,0,0,9.83
1773169598.513343958,1,0,0.01
1773169599.536347774,0,0,9.83
1773169599.536347774,1,0,0.01
1773169600.559791436,0,0,9.83
1773169600.559791436,1,0,0.01
1773169601.581744655,0,0,9.83
1773169601.581744655,1,0,0.01
1773169602.603855305,0,0,9.83
1773169602.603855305,1,0,0.01
1773169603.626581591,0,0,9.83
1773169603.626581591,1,0,0.01
1773169604.648715017,0,0,9.83
1773169604.648715017,1,0,0.01
1773169605.671496556,0,0,9.83
1773169605.671496556,1,0,0.01
1773169606.694249438,0,0,9.83
1773169606.694249438,1,0,0.01
1773169607.716337746,0,0,9.83
1773169607.716337746,1,0,0.01
1773169608.740106205,0,0,9.83
1773169608.740106205,1,0,0.01
1773169609.762850663,0,0,9.83
1773169609.762850663,1,0,0.01
1773169610.785434627,0,0,9.83
1773169610.785434627,1,0,0.01
1773169611.808636820,0,0,9.83
1773169611.808636820,1,0,0.01
1773169612.831564493,0,0,9.83
1773169612.831564493,1,0,0.01
1773169613.853597716,0,0,9.83
1773169613.853597716,1,0,0.01
1773169614.876362967,0,0,9.83
1773169614.876362967,1,0,0.01
1773169615.898367071,0,0,9.83
1773169615.898367071,1,0,0.01
1773169616.921137348,0,0,9.83
1773169616.921137348,1,0,0.01
1773169617.944091532,0,70,9.83
1773169617.944091532,1,0,0.01
1773169618.967312024,0,66,9.83
1773169618.967312024,1,0,0.01
1773169619.990537345,0,0,9.83
1773169619.990537345,1,0,0.01
1773169621.012227991,0,0,9.83
1773169621.012227991,1,0,0.01
1773169622.035787654,0,0,9.83
1773169622.035787654,1,0,0.01
1773169623.058805622,0,1,9.83
1773169623.058805622,1,0,0.01
1773169624.082247641,0,0,9.83
1773169624.082247641,1,0,0.01
1773169625.105036272,0,0,9.83
1773169625.105036272,1,0,0.01
1773169626.128957399,0,0,9.83
1773169626.128957399,1,0,0.01
1773169627.152588840,0,0,9.83
1773169627.152588840,1,0,0.01
1773169628.176694527,0,0,9.83
1773169628.176694527,1,0,0.01
1773169629.200024549,0,0,9.83
1773169629.200024549,1,0,0.01
1773169630.224299443,0,0,9.83
1773169630.224299443,1,0,0.01
1773169631.247161050,0,0,9.83
1773169631.247161050,1,0,0.01
1773169632.268882485,0,0,9.83
1773169632.268882485,1,0,0.01
1773169633.291328383,0,0,9.83
1773169633.291328383,1,0,0.01
1773169634.314126999,0,0,9.83
1773169634.314126999,1,0,0.01
1773169635.336873617,0,0,9.83
1773169635.336873617,1,0,0.01
1773169636.359641359,0,0,9.83
1773169636.359641359,1,0,0.01
1773169637.382633927,0,0,9.83
1773169637.382633927,1,0,0.01
1773169638.405500932,0,0,9.83
1773169638.405500932,1,0,0.01
1773169639.427967801,0,0,9.83
1773169639.427967801,1,0,0.01
1773169640.452372588,0,0,9.83
1773169640.452372588,1,0,0.01
1773169641.474733416,0,0,9.83
1773169641.474733416,1,0,0.01
1773169642.497758117,0,0,9.83
1773169642.497758117,1,0,0.01
1773169643.520616830,0,0,9.83
1773169643.520616830,1,0,0.01
1773169644.544940939,0,0,9.83
1773169644.544940939,1,0,0.01
1773169645.567945600,0,0,9.83
1773169645.567945600,1,0,0.01
1773169646.592542801,0,0,9.83
1773169646.592542801,1,0,0.01
1773169647.616176695,0,0,9.83
1773169647.616176695,1,0,0.01
1773169648.640460562,0,0,9.83
1773169648.640460562,1,0,0.01
1773169649.663364745,0,0,9.83
1773169649.663364745,1,0,0.01
1773169650.686791258,0,0,9.83
1773169650.686791258,1,0,0.01
1773169651.711153942,0,0,9.83
1773169651.711153942,1,0,0.01
1773169652.733267343,0,0,9.83
1773169652.733267343,1,0,0.01
1773169653.756826203,0,1,9.83
1773169653.756826203,1,0,0.01
1773169654.780083684,0,0,9.83
1773169654.780083684,1,0,0.01
1773169655.802183594,0,0,9.83
1773169655.802183594,1,0,0.01
1773169656.824713054,0,1,9.83
1773169656.824713054,1,0,0.01
1773169657.848374748,0,0,9.83
1773169657.848374748,1,0,0.01
1773169658.872269563,0,0,9.83
1773169658.872269563,1,0,0.01
1773169659.895891387,0,0,9.83
1773169659.895891387,1,0,0.01
1773169660.918583668,0,0,9.83
1773169660.918583668,1,0,0.01
1773169661.941164963,0,0,9.83
1773169661.941164963,1,0,0.01
1773169662.963001151,0,0,9.83
1773169662.963001151,1,0,0.01
1773169663.986524398,0,0,9.83
1773169663.986524398,1,0,0.01
1773169665.009042980,0,0,9.83
1773169665.009042980,1,0,0.01
1773169666.031766772,0,0,9.83
1773169666.031766772,1,0,0.01
1773169667.054024434,0,0,9.83
1773169667.054024434,1,0,0.01
1773169668.077271978,0,0,9.83
1773169668.077271978,1,0,0.01
1773169669.099894556,0,0,9.83
1773169669.099894556,1,0,0.01
1773169670.122925013,0,0,9.83
1773169670.122925013,1,0,0.01
1773169671.145754052,0,0,9.83
1773169671.145754052,1,0,0.01
1773169672.168673521,0,0,9.83
1773169672.168673521,1,0,0.01
1773169673.190568004,0,0,9.83
1773169673.190568004,1,0,0.01
1773169674.214548808,0,0,9.83
1773169674.214548808,1,0,0.01
1773169675.237160930,0,0,9.83
1773169675.237160930,1,0,0.01
1773169676.260130312,0,0,9.83
1773169676.260130312,1,0,0.01
1773169677.282850399,0,0,9.83
1773169677.282850399,1,0,0.01
1773169678.306259408,0,0,9.83
1773169678.306259408,1,0,0.01
1773169679.329496063,0,0,9.83
1773169679.329496063,1,0,0.01
1773169680.351396241,0,0,9.83
1773169680.351396241,1,0,0.01
1773169681.374340881,0,0,9.83
1773169681.374340881,1,0,0.01
1773169682.397223189,0,0,9.83
1773169682.397223189,1,0,0.01
1773169683.421161529,0,0,9.83
1773169683.421161529,1,0,0.01
1773169684.444645278,0,0,9.83
1773169684.444645278,1,0,0.01
1773169685.467980125,0,0,9.83
1773169685.467980125,1,0,0.01
1773169686.491619584,0,0,9.83
1773169686.491619584,1,0,0.01
1773169687.514330366,0,0,9.83
1773169687.514330366,1,0,0.01
1773169688.537560537,0,0,9.83
1773169688.537560537,1,0,0.01
1773169689.561139367,0,0,9.83
1773169689.561139367,1,0,0.01
1773169690.583403781,0,0,9.83
1773169690.583403781,1,0,0.01
1773169691.606701294,0,0,9.83
1773169691.606701294,1,0,0.01
1773169692.629401225,0,0,9.83
1773169692.629401225,1,0,0.01
1773169693.652907805,0,0,9.83
1773169693.652907805,1,0,0.01
1773169694.675397432,0,0,9.83
1773169694.675397432,1,0,0.01
1773169695.698546823,0,0,9.83
1773169695.698546823,1,0,0.01
1773169696.721789767,0,0,9.83
1773169696.721789767,1,0,0.01
1773169697.744575109,0,0,9.83
1773169697.744575109,1,0,0.01
1773169698.767356927,0,0,9.83
1773169698.767356927,1,0,0.01
1773169699.790416222,0,0,9.83
1773169699.790416222,1,0,0.01
1773169700.812990554,0,0,9.83
1773169700.812990554,1,0,0.01
1773169701.834606476,0,0,9.83
1773169701.834606476,1,0,0.01
1773169702.858254959,0,0,9.83
1773169702.858254959,1,0,0.01
1773169703.881405192,0,0,9.83
1773169703.881405192,1,0,0.01
1773169704.903853517,0,1,9.83
1773169704.903853517,1,0,0.01
1773169705.925718860,0,0,9.83
1773169705.925718860,1,0,0.01
1773169706.948613134,0,0,9.83
1773169706.948613134,1,0,0.01
1773169707.970488313,0,0,9.83
1773169707.970488313,1,0,0.01
1773169708.995101254,0,0,9.83
1773169708.995101254,1,0,0.01
1773169710.017904233,0,0,9.83
1773169710.017904233,1,0,0.01
1773169711.041017175,0,0,9.83
1773169711.041017175,1,0,0.01
1773169712.063458787,0,0,9.83
1773169712.063458787,1,0,0.01
1773169713.089203324,0,0,9.83
1773169713.089203324,1,0,0.01
1773169714.112166879,0,0,9.83
1773169714.112166879,1,0,0.01
1773169715.134503788,0,0,9.83
1773169715.134503788,1,0,0.01
1773169716.157709222,0,0,9.83
1773169716.157709222,1,0,0.01
1773169717.180409756,0,0,9.83
1773169717.180409756,1,0,0.01
1773169718.203263160,0,0,9.83
1773169718.203263160,1,0,0.01
1773169719.225725103,0,0,9.83
1773169719.225725103,1,0,0.01
1773169720.248619824,0,0,9.83
1773169720.248619824,1,0,0.01
1773169721.271840667,0,0,9.83
1773169721.271840667,1,0,0.01
1773169722.293862767,0,0,9.83
1773169722.293862767,1,0,0.01
1773169723.316109422,0,0,9.83
1773169723.316109422,1,0,0.01
1773169724.338772962,0,0,9.83
1773169724.338772962,1,0,0.01
1773169725.361238668,0,0,9.83
1773169725.361238668,1,0,0.01
1773169726.383511591,0,0,9.83
1773169726.383511591,1,0,0.01
1773169727.405127847,0,0,9.83
1773169727.405127847,1,0,0.01
1773169728.427365555,0,0,9.83
1773169728.427365555,1,0,0.01
1773169729.449604333,0,0,9.83
1773169729.449604333,1,0,0.01
1773169730.471966046,0,0,9.83
1773169730.471966046,1,0,0.01
1773169731.494492846,0,0,9.83
1773169731.494492846,1,0,0.01
1773169732.516268739,0,0,9.83
1773169732.516268739,1,0,0.01
1773169733.539318401,0,0,9.83
1773169733.539318401,1,0,0.01
1773169734.563118472,0,0,9.83
1773169734.563118472,1,0,0.01
1773169735.586923940,0,0,9.83
1773169735.586923940,1,0,0.01
1773169736.610583702,0,0,9.83
1773169736.610583702,1,0,0.01
1773169737.632176164,0,0,9.83
1773169737.632176164,1,0,0.01
1773169738.654356806,0,1,9.83
1773169738.654356806,1,0,0.01
1773169739.677890902,0,0,9.83
1773169739.677890902,1,0,0.01
1773169740.698440387,0,0,9.83
1773169740.698440387,1,0,0.01
1773169741.721528301,0,0,9.83
1773169741.721528301,1,0,0.01
1773169742.744956006,0,0,9.83
1773169742.744956006,1,0,0.01
1773169743.767837334,0,0,9.83
1773169743.767837334,1,0,0.01
1773169744.790430629,0,0,9.83
1773169744.790430629,1,0,0.01
1773169745.812744152,0,0,9.83
1773169745.812744152,1,0,0.01
1773169746.835243071,0,0,9.83
1773169746.835243071,1,0,0.01
1773169747.857961408,0,43,9.83
1773169747.857961408,1,0,0.01
1773169748.879309107,0,65,9.83
1773169748.879309107,1,0,0.01
1773169749.902803295,0,11,9.83
1773169749.902803295,1,0,0.01
1773169750.926306688,0,0,9.83
1773169750.926306688,1,0,0.01
1773169751.949250093,0,0,9.83
1773169751.949250093,1,0,0.01
1773169752.971927465,0,0,9.83
1773169752.971927465,1,0,0.01
1773169753.994712393,0,0,9.83
1773169753.994712393,1,0,0.01
1773169755.018178569,0,0,9.83
1773169755.018178569,1,0,0.01
1773169756.041832523,0,0,9.83
1773169756.041832523,1,0,0.01
1773169757.065202309,0,0,9.83
1773169757.065202309,1,0,0.01
1773169758.088159780,0,14,9.83
1773169758.088159780,1,0,0.01
1773169759.111207630,0,66,9.83
1773169759.111207630,1,0,0.01
1773169760.133877495,0,66,9.83
1773169760.133877495,1,0,0.01
1773169761.157138219,0,0,9.83
1773169761.157138219,1,0,0.01
1773169762.180624189,0,0,9.83
1773169762.180624189,1,0,0.01
1773169763.203175992,0,0,9.83
1773169763.203175992,1,0,0.01
1773169764.225851382,0,0,9.83
1773169764.225851382,1,0,0.01
1773169765.247508111,0,0,9.83
1773169765.247508111,1,0,0.01
1773169766.270445008,0,0,9.83
1773169766.270445008,1,0,0.01
1773169767.292065266,0,0,9.83
1773169767.292065266,1,0,0.01
1773169768.313236297,0,0,9.83
1773169768.313236297,1,0,0.01
1773169769.336642743,0,0,9.83
1773169769.336642743,1,0,0.01
1773169770.359959772,0,0,9.83
1773169770.359959772,1,0,0.01
1773169771.383659515,0,0,9.83
1773169771.383659515,1,0,0.01
1773169772.407031204,0,0,9.83
1773169772.407031204,1,0,0.01
1773169773.429848238,0,0,9.83
1773169773.429848238,1,0,0.01
1773169774.450807114,0,0,9.83
1773169774.450807114,1,0,0.01
1773169775.473688740,0,0,9.83
1773169775.473688740,1,0,0.01
1773169776.497030495,0,0,9.83
1773169776.497030495,1,0,0.01
1773169777.520622814,0,0,9.83
1773169777.520622814,1,0,0.01
1773169778.543319183,0,0,9.83
1773169778.543319183,1,0,0.01
1773169779.566287887,0,0,9.83
1773169779.566287887,1,0,0.01
1773169780.589230073,0,0,9.83
1773169780.589230073,1,0,0.01
1773169781.613039257,0,0,9.83
1773169781.613039257,1,0,0.01
1773169782.635014730,0,0,9.83
1773169782.635014730,1,0,0.01
1773169783.658434310,0,0,9.83
1773169783.658434310,1,0,0.01
1773169784.680469053,0,0,9.83
1773169784.680469053,1,0,0.01
1773169785.703863814,0,0,9.83
1773169785.703863814,1,0,0.01
1773169786.726501812,0,0,9.83
1773169786.726501812,1,0,0.01
1773169787.749209349,0,67,9.83
1773169787.749209349,1,0,0.01
1773169788.771458124,0,70,9.83
1773169788.771458124,1,0,0.01
1773169789.794414423,0,0,9.83
1773169789.794414423,1,0,0.01
1773169790.816128210,0,0,9.83
1773169790.816128210,1,0,0.01
1773169791.838618052,0,1,9.83
1773169791.838618052,1,0,0.01
1773169792.860196846,0,0,9.83
1773169792.860196846,1,0,0.01
1773169793.882106826,0,0,9.83
1773169793.882106826,1,0,0.01
1773169794.903272060,0,0,9.83
1773169794.903272060,1,0,0.01
1773169795.924778084,0,0,9.83
1773169795.924778084,1,0,0.01
1773169796.947190647,0,0,9.83
1773169796.947190647,1,0,0.01
1773169797.968633642,0,0,9.83
1773169797.968633642,1,0,0.01
1773169798.990230799,0,0,9.83
1773169798.990230799,1,0,0.01
1773169800.012548009,0,0,9.83
1773169800.012548009,1,0,0.01
1773169801.034006856,0,0,9.83
1773169801.034006856,1,0,0.01
1773169802.056669976,0,0,9.83
1773169802.056669976,1,0,0.01
1773169803.078346038,0,68,9.83
1773169803.078346038,1,0,0.01
1773169804.101411239,0,67,9.83
1773169804.101411239,1,0,0.01
1773169805.123092793,0,0,9.83
1773169805.123092793,1,0,0.01
1773169806.144291837,0,0,9.83
1773169806.144291837,1,0,0.01
1773169807.166761653,0,0,9.83
1773169807.166761653,1,0,0.01
1773169808.188312152,0,0,9.83
1773169808.188312152,1,0,0.01
1773169809.209856409,0,0,9.83
1773169809.209856409,1,0,0.01
1773169810.231280746,0,0,9.83
1773169810.231280746,1,0,0.01
1773169811.253775760,0,0,9.83
1773169811.253775760,1,0,0.01
1773169812.275180603,0,0,9.83
1773169812.275180603,1,0,0.01
1773169813.296716673,0,0,9.83
1773169813.296716673,1,0,0.01
1773169814.318322050,0,0,9.83
1773169814.318322050,1,0,0.01
1773169815.340097304,0,0,9.83
1773169815.340097304,1,0,0.01
1773169816.361490155,0,0,9.83
1773169816.361490155,1,0,0.01
1773169817.383805469,0,0,9.83
1773169817.383805469,1,0,0.01
1773169818.405242685,0,0,9.83
1773169818.405242685,1,0,0.01
1773169819.427090892,0,0,9.83
1773169819.427090892,1,0,0.01
1773169820.449072926,0,0,9.83
1773169820.449072926,1,0,0.01
1773169821.470788346,0,0,9.83
1773169821.470788346,1,0,0.01
1773169822.492040491,0,0,9.83
1773169822.492040491,1,0,0.01
1773169823.514580348,0,0,9.83
1773169823.514580348,1,0,0.01
1773169824.536792037,0,66,9.83
1773169824.536792037,1,0,0.01
1773169825.558542477,0,66,9.83
1773169825.558542477,1,0,0.01
1773169826.581325102,0,7,9.83
1773169826.581325102,1,0,0.01
1773169827.603320918,0,0,9.83
1773169827.603320918,1,0,0.01
1773169828.625007183,0,0,9.83
1773169828.625007183,1,0,0.01
1773169829.647645651,0,0,9.83
1773169829.647645651,1,0,0.01
1773169830.669287623,0,0,9.83
1773169830.669287623,1,0,0.01
1773169831.691890228,0,0,9.83
1773169831.691890228,1,0,0.01
1773169832.714333379,0,0,9.83
1773169832.714333379,1,0,0.01
1773169833.736911993,0,0,9.83
1773169833.736911993,1,0,0.01
1773169834.759363691,0,0,9.83
1773169834.759363691,1,0,0.01
1773169835.781428545,0,0,9.83
1773169835.781428545,1,0,0.01
1773169836.803835876,0,0,9.83
1773169836.803835876,1,0,0.01
1773169837.825905141,0,0,9.83
1773169837.825905141,1,0,0.01
1773169838.847640975,0,0,9.83
1773169838.847640975,1,0,0.01
1773169839.870708567,0,0,9.83
1773169839.870708567,1,0,0.01
1773169840.892221196,0,0,9.83
1773169840.892221196,1,0,0.01
1773169841.914049769,0,0,9.83
1773169841.914049769,1,0,0.01
1773169842.936575945,0,0,9.83
1773169842.936575945,1,0,0.01
1773169843.958604803,0,0,9.83
1773169843.958604803,1,0,0.01
1773169844.981125826,0,0,9.83
1773169844.981125826,1,0,0.01
1773169846.002957092,0,0,9.83
1773169846.002957092,1,0,0.01
1773169847.025348087,0,0,9.83
1773169847.025348087,1,0,0.01
1773169848.047326039,0,1,9.83
1773169848.047326039,1,0,0.01
1773169849.068999608,0,0,9.83
1773169849.068999608,1,0,0.01
1773169850.091786482,0,0,9.83
1773169850.091786482,1,0,0.01
1773169851.113507497,0,0,9.83
1773169851.113507497,1,0,0.01
1773169852.135393974,0,0,9.83
1773169852.135393974,1,0,0.01
1773169853.157812595,0,0,9.83
1773169853.157812595,1,0,0.01
1773169854.180357058,0,0,9.83
1773169854.180357058,1,0,0.01
1773169855.202551629,0,0,9.83
1773169855.202551629,1,0,0.01
1773169856.224983749,0,0,9.83
1773169856.224983749,1,0,0.01
1773169857.247165960,0,0,9.83
1773169857.247165960,1,0,0.01
1773169858.269774682,0,0,9.83
1773169858.269774682,1,0,0.01
1773169859.291299922,0,0,9.83
1773169859.291299922,1,0,0.01
1773169860.313520563,0,0,9.83
1773169860.313520563,1,0,0.01
1773169861.335263329,0,0,9.83
1773169861.335263329,1,0,0.01
1773169862.357065260,0,0,9.83
1773169862.357065260,1,0,0.01
1773169863.379228914,0,0,9.83
1773169863.379228914,1,0,0.01
1773169864.400993257,0,0,9.83
1773169864.400993257,1,0,0.01
1773169865.422677351,0,0,9.83
1773169865.422677351,1,0,0.01
1773169866.444460729,0,0,9.83
1773169866.444460729,1,0,0.01
1773169867.465893833,0,0,9.83
1773169867.465893833,1,0,0.01
1773169868.488394765,0,0,9.83
1773169868.488394765,1,0,0.01
1773169869.510441280,0,0,9.83
1773169869.510441280,1,0,0.01
1773169870.532989365,0,0,9.83
1773169870.532989365,1,0,0.01
1773169871.555331109,0,0,9.83
1773169871.555331109,1,0,0.01
1773169872.577164822,0,0,9.83
1773169872.577164822,1,0,0.01
1773169873.598770649,0,0,9.83
1773169873.598770649,1,0,0.01
1773169874.620976573,0,0,9.83
1773169874.620976573,1,0,0.01
1773169875.642694732,0,0,9.83
1773169875.642694732,1,0,0.01
1773169876.665412575,0,0,9.83
1773169876.665412575,1,0,0.01
1773169877.687801268,0,0,9.83
1773169877.687801268,1,0,0.01
1773169878.709793942,0,0,9.83
1773169878.709793942,1,0,0.01
1773169879.731464132,0,0,9.83
1773169879.731464132,1,0,0.01
1773169880.753413033,0,0,9.83
1773169880.753413033,1,0,0.01
1773169881.775096364,0,0,9.83
1773169881.775096364,1,0,0.01
1773169882.796637576,0,60,9.83
1773169882.796637576,1,0,0.01
1773169883.818391220,0,68,9.83
1773169883.818391220,1,0,0.01
1773169884.840294925,0,0,9.83
1773169884.840294925,1,0,0.01
1773169885.861937298,0,0,9.83
1773169885.861937298,1,0,0.01
1773169886.884798461,0,0,9.83
1773169886.884798461,1,0,0.01
1773169887.906223956,0,0,9.83
1773169887.906223956,1,0,0.01
1773169888.928653207,0,0,9.83
1773169888.928653207,1,0,0.01
1773169889.950074257,0,0,9.83
1773169889.950074257,1,0,0.01
1773169890.972499199,0,0,9.83
1773169890.972499199,1,0,0.01
1773169891.994045540,0,0,9.83
1773169891.994045540,1,0,0.01
1773169893.015613816,0,0,9.83
1773169893.015613816,1,0,0.01
1773169894.037242011,0,0,9.83
1773169894.037242011,1,0,0.01
1773169895.059025974,0,0,9.83
1773169895.059025974,1,0,0.01
1773169896.081206776,0,0,9.83
1773169896.081206776,1,0,0.01
1773169897.102939033,0,0,9.83
1773169897.102939033,1,0,0.01
1773169898.124777137,0,0,9.83
1773169898.124777137,1,0,0.01
1773169899.145943341,0,0,9.83
1773169899.145943341,1,0,0.01
1773169900.167730676,0,0,9.83
1773169900.167730676,1,0,0.01
1773169901.189662537,0,0,9.83
1773169901.189662537,1,0,0.01
1773169902.211438166,0,0,9.83
1773169902.211438166,1,0,0.01
1773169903.233138524,0,0,9.83
1773169903.233138524,1,0,0.01
1773169904.254824622,0,0,9.83
1773169904.254824622,1,0,0.01
1773169905.275935222,0,0,9.83
1773169905.275935222,1,0,0.01
1773169906.297729917,0,0,9.83
1773169906.297729917,1,0,0.01
1773169907.319823166,0,0,9.83
1773169907.319823166,1,0,0.01
1773169908.341810275,0,0,9.83
1773169908.341810275,1,0,0.01
1773169909.362780034,0,0,9.83
1773169909.362780034,1,0,0.01
1773169910.384552457,0,0,9.83
1773169910.384552457,1,0,0.01
1773169911.406775993,0,0,9.83
1773169911.406775993,1,0,0.01
1773169912.429282415,0,0,9.83
1773169912.429282415,1,0,0.01
1773169913.449151848,0,0,9.83
1773169913.449151848,1,0,0.01
1773169914.471341428,0,0,9.83
1773169914.471341428,1,0,0.01
1773169915.491992061,0,0,9.83
1773169915.491992061,1,0,0.01
1773169916.514207780,0,0,9.83
1773169916.514207780,1,0,0.01
1773169917.535614012,0,0,9.83
1773169917.535614012,1,0,0.01
1773169918.557733143,0,0,9.83
1773169918.557733143,1,0,0.01
1773169919.579782326,0,0,9.83
1773169919.579782326,1,0,0.01
1773169920.602281131,0,0,9.83
1773169920.602281131,1,0,0.01
1773169921.625198208,0,0,9.83
1773169921.625198208,1,0,0.01
1773169922.647248336,0,0,9.83
1773169922.647248336,1,0,0.01
1773169923.668864212,0,0,9.83
1773169923.668864212,1,0,0.01
1773169924.690604757,0,0,9.83
1773169924.690604757,1,0,0.01
1773169925.712047649,0,0,9.83
1773169925.712047649,1,0,0.01
1773169926.734035341,0,0,9.83
1773169926.734035341,1,0,0.01
1773169927.755271478,0,0,9.83
1773169927.755271478,1,0,0.01
1773169928.777284740,0,0,9.83
1773169928.777284740,1,0,0.01
1773169929.797471846,0,0,9.83
1773169929.797471846,1,0,0.01
1773169930.819495196,0,0,9.83
1773169930.819495196,1,0,0.01
1773169931.841671408,0,0,9.83
1773169931.841671408,1,0,0.01
1773169932.861615617,0,0,9.83
1773169932.861615617,1,0,0.01
1773169933.882928669,0,0,9.83
1773169933.882928669,1,0,0.01
1773169934.904914958,0,0,9.83
1773169934.904914958,1,0,0.01
1773169935.926668628,0,0,9.83
1773169935.926668628,1,0,0.01
1773169936.948143273,0,0,9.83
1773169936.948143273,1,0,0.01
1773169937.969798669,0,0,9.83
1773169937.969798669,1,0,0.01
1773169938.990566914,0,0,9.83
1773169938.990566914,1,0,0.01
1773169940.012404588,0,0,9.83
1773169940.012404588,1,0,0.01
1773169941.034347095,0,0,9.83
1773169941.034347095,1,0,0.01
1773169942.055618667,0,0,9.83
1773169942.055618667,1,0,0.01
1773169943.077355689,0,0,9.83
1773169943.077355689,1,0,0.01
1773169944.100964621,0,0,9.83
1773169944.100964621,1,0,0.01
1773169945.122704903,0,0,9.83
1773169945.122704903,1,0,0.01
1773169946.145362081,0,0,9.83
1773169946.145362081,1,0,0.01
1773169947.167106172,0,0,9.83
1773169947.167106172,1,0,0.01
1773169948.189463041,0,0,9.83
1773169948.189463041,1,0,0.01
1773169949.211838712,0,0,9.83
1773169949.211838712,1,0,0.01
1773169950.233802363,0,0,9.83
1773169950.233802363,1,0,0.01
1773169951.255332024,0,0,9.83
1773169951.255332024,1,0,0.01
1773169952.277401406,0,0,9.83
1773169952.277401406,1,0,0.01
1773169953.299782276,0,0,9.83
1773169953.299782276,1,0,0.01
1773169954.319730863,0,0,9.83
1773169954.319730863,1,0,0.01
1773169955.341807764,0,0,9.83
1773169955.341807764,1,0,0.01
1773169956.363172610,0,0,9.83
1773169956.363172610,1,0,0.01
1773169957.384662054,0,0,9.83
1773169957.384662054,1,0,0.01
1773169958.406106901,0,0,9.83
1773169958.406106901,1,0,0.01
1773169959.428664455,0,0,9.83
1773169959.428664455,1,0,0.01
1773169960.450658195,0,0,9.83
1773169960.450658195,1,0,0.01
1773169961.471776433,0,0,9.83
1773169961.471776433,1,0,0.01
1773169962.493939785,0,0,9.83
1773169962.493939785,1,0,0.01
1773169963.514814587,0,0,9.83
1773169963.514814587,1,0,0.01
1773169964.535885337,0,0,9.83
1773169964.535885337,1,0,0.01
1773169965.557820876,0,0,9.83
1773169965.557820876,1,0,0.01
1773169966.579424667,0,0,9.83
1773169966.579424667,1,0,0.01
1773169967.602316683,0,0,9.83
1773169967.602316683,1,0,0.01
1773169968.622649385,0,0,9.83
1773169968.622649385,1,0,0.01
1773169969.644319607,0,0,9.83
1773169969.644319607,1,0,0.01
1773169970.665958748,0,0,9.83
1773169970.665958748,1,0,0.01
1773169971.687413684,0,0,9.83
1773169971.687413684,1,0,0.01
1773169972.707478169,0,0,9.83
1773169972.707478169,1,0,0.01
1773169973.728958243,0,0,9.83
1773169973.728958243,1,0,0.01
1773169974.751154338,0,0,9.83
1773169974.751154338,1,0,0.01
1773169975.773591229,0,0,9.83
1773169975.773591229,1,0,0.01
1773169976.795068210,0,0,9.83
1773169976.795068210,1,0,0.01
1773169977.816717717,0,0,9.83
1773169977.816717717,1,0,0.01
1773169978.838061363,0,0,9.83
1773169978.838061363,1,0,0.01
1773169979.859448594,0,0,9.83
1773169979.859448594,1,0,0.01
1773169980.880814133,0,0,9.83
1773169980.880814133,1,0,0.01
1773169981.902632778,0,0,9.83
1773169981.902632778,1,0,0.01
1773169982.924920497,0,0,9.83
1773169982.924920497,1,0,0.01
1773169983.947037890,0,0,9.83
1773169983.947037890,1,0,0.01
1773169984.969372311,0,0,9.83
1773169984.969372311,1,0,0.01
1773169985.991341523,0,0,9.83
1773169985.991341523,1,0,0.01
1773169987.012933293,0,0,9.83
1773169987.012933293,1,0,0.01
1773169988.034826385,0,0,9.83
1773169988.034826385,1,0,0.01
1773169989.056373555,0,0,9.83
1773169989.056373555,1,0,0.01
1773169990.078712407,0,0,9.83
1773169990.078712407,1,0,0.01
1773169991.100318713,0,0,9.83
1773169991.100318713,1,0,0.01
1773169992.121895024,0,0,9.83
1773169992.121895024,1,0,0.01
1773169993.144203281,0,0,9.83
1773169993.144203281,1,0,0.01
1773169994.165481227,0,0,9.83
1773169994.165481227,1,0,0.01
1773169995.187291588,0,0,9.83
1773169995.187291588,1,0,0.01
1773169996.208640355,0,0,9.83
1773169996.208640355,1,0,0.01
1773169997.230357986,0,0,9.83
1773169997.230357986,1,0,0.01
1773169998.252143723,0,0,9.83
1773169998.252143723,1,0,0.01
1773169999.274148822,0,0,9.83
1773169999.274148822,1,0,0.01
1773170000.296603922,0,0,9.83
1773170000.296603922,1,0,0.01
1773170001.318605263,0,0,9.83
1773170001.318605263,1,0,0.01
1773170002.340748166,0,66,9.83
1773170002.340748166,1,0,0.01
1773170003.363417455,0,99,9.83
1773170003.363417455,1,0,0.01
1773170004.383923603,0,99,9.83
1773170004.383923603,1,0,0.01
1773170005.405906006,0,69,9.83
1773170005.405906006,1,0,0.01
1773170006.427390312,0,0,9.83
1773170006.427390312,1,0,0.01
1773170007.448052030,0,0,9.83
1773170007.448052030,1,0,0.01
1773170008.469484841,0,0,9.83
1773170008.469484841,1,0,0.01
1773170009.491776400,0,0,9.83
1773170009.491776400,1,0,0.01
1773170010.513927844,0,0,9.83
1773170010.513927844,1,0,0.01
1773170011.535273839,0,0,9.83
1773170011.535273839,1,0,0.01
1773170012.556738343,0,0,9.83
1773170012.556738343,1,0,0.01
1773170013.578936960,0,0,9.83
1773170013.578936960,1,0,0.01
1773170014.600513630,0,0,9.83
1773170014.600513630,1,0,0.01
1773170015.622177815,0,0,9.83
1773170015.622177815,1,0,0.01
1773170016.643768899,0,0,9.83
1773170016.643768899,1,0,0.01
1773170017.664887507,0,0,9.83
1773170017.664887507,1,0,0.01
1773170018.686438251,0,0,9.83
1773170018.686438251,1,0,0.01
1773170019.709278040,0,0,9.83
1773170019.709278040,1,0,0.01
1773170020.730820205,0,0,9.83
1773170020.730820205,1,0,0.01
1773170021.752987212,0,0,9.83
1773170021.752987212,1,0,0.01
1773170022.774962369,0,0,9.83
1773170022.774962369,1,0,0.01
1773170023.797450562,0,0,9.83
1773170023.797450562,1,0,0.01
1773170024.819455204,0,0,9.83
1773170024.819455204,1,0,0.01
1773170025.841239073,0,0,9.83
1773170025.841239073,1,0,0.01
1773170026.863661879,0,0,9.83
1773170026.863661879,1,0,0.01
1773170027.886028629,0,0,9.83
1773170027.886028629,1,0,0.01
1773170028.907874712,0,0,9.83
1773170028.907874712,1,0,0.01
1773170029.930251374,0,0,9.83
1773170029.930251374,1,0,0.01
1773170030.952227059,0,0,9.83
1773170030.952227059,1,0,0.01
1773170031.973825063,0,0,9.83
1773170031.973825063,1,0,0.01
1773170032.996077226,0,0,9.83
1773170032.996077226,1,0,0.01
1773170034.018792327,0,0,9.83
1773170034.018792327,1,0,0.01
1773170035.040362519,0,0,9.83
1773170035.040362519,1,0,0.01
1773170036.062014386,0,0,9.83
1773170036.062014386,1,0,0.01
1773170037.084201125,0,0,9.83
1773170037.084201125,1,0,0.01
1773170038.105806649,0,0,9.83
1773170038.105806649,1,0,0.01
1773170039.127433984,0,0,9.83
1773170039.127433984,1,0,0.01
1773170040.149617376,0,0,9.83
1773170040.149617376,1,0,0.01
1773170041.171275052,0,0,9.83
1773170041.171275052,1,0,0.01
1773170042.192766016,0,0,9.83
1773170042.192766016,1,0,0.01
1773170043.214629869,0,0,9.83
1773170043.214629869,1,0,0.01
1773170044.235741518,0,0,9.83
1773170044.235741518,1,0,0.01
1773170045.257490194,0,0,9.83
1773170045.257490194,1,0,0.01
1773170046.279212064,0,0,9.83
1773170046.279212064,1,0,0.01
1773170047.301938211,0,0,9.83
1773170047.301938211,1,0,0.01
1773170048.323437286,0,0,9.83
1773170048.323437286,1,0,0.01
1773170049.344634494,0,0,9.83
1773170049.344634494,1,0,0.01
1773170050.366200865,0,0,9.83
1773170050.366200865,1,0,0.01
1773170051.388187090,0,0,9.83
1773170051.388187090,1,0,0.01
1773170052.410858274,0,0,9.83
1773170052.410858274,1,0,0.01
1773170053.432737431,0,0,9.83
1773170053.432737431,1,0,0.01
1773170054.454663724,0,0,9.83
1773170054.454663724,1,0,0.01
1773170055.476820477,0,0,9.83
1773170055.476820477,1,0,0.01
1773170056.498617656,0,0,9.83
1773170056.498617656,1,0,0.01
1773170057.520779101,0,0,9.83
1773170057.520779101,1,0,0.01
1773170058.542564416,0,0,9.83
1773170058.542564416,1,0,0.01
1773170059.564054906,0,0,9.83
1773170059.564054906,1,0,0.01
1773170060.585524413,0,0,9.83
1773170060.585524413,1,0,0.01
1773170061.606967266,0,0,9.83
1773170061.606967266,1,0,0.01
1773170062.629599381,0,0,9.83
1773170062.629599381,1,0,0.01
1773170063.651108656,0,0,9.83
1773170063.651108656,1,0,0.01
1773170064.673904018,0,0,9.83
1773170064.673904018,1,0,0.01
1773170065.693755602,0,0,9.83
1773170065.693755602,1,0,0.01
1773170066.716070647,0,0,9.83
1773170066.716070647,1,0,0.01
1773170067.739439643,0,0,9.83
1773170067.739439643,1,0,0.01
1773170068.762824842,0,0,9.83
1773170068.762824842,1,0,0.01
1773170069.785199843,0,0,9.83
1773170069.785199843,1,0,0.01
1773170070.808298257,0,0,9.83
1773170070.808298257,1,0,0.01
1773170071.830215218,0,0,9.83
1773170071.830215218,1,0,0.01
1773170072.852938860,0,0,9.83
1773170072.852938860,1,0,0.01
1773170073.875547558,0,0,9.83
1773170073.875547558,1,0,0.01
1773170074.898037692,0,0,9.83
1773170074.898037692,1,0,0.01
1773170075.919787643,0,0,9.83
1773170075.919787643,1,0,0.01
1773170076.941366309,0,0,9.83
1773170076.941366309,1,0,0.01
1773170077.965052056,0,0,9.83
1773170077.965052056,1,0,0.01
1773170078.987466839,0,0,9.83
1773170078.987466839,1,0,0.01
1773170080.009889154,0,0,9.83
1773170080.009889154,1,0,0.01
1773170081.033620987,0,1,9.83
1773170081.033620987,1,0,0.01
1773170082.057002926,0,0,9.83
1773170082.057002926,1,0,0.01
1773170083.081062664,0,0,9.83
1773170083.081062664,1,0,0.01
1773170084.104723985,0,0,9.83
1773170084.104723985,1,0,0.01
1773170085.127612413,0,0,9.83
1773170085.127612413,1,0,0.01
1773170086.150645865,0,0,9.83
1773170086.150645865,1,0,0.01
1773170087.173574470,0,0,9.83
1773170087.173574470,1,0,0.01
1773170088.197416862,0,0,9.83
1773170088.197416862,1,0,0.01
1773170089.219926594,0,0,9.83
1773170089.219926594,1,0,0.01
1773170090.243391670,0,0,9.83
1773170090.243391670,1,0,0.01
1773170091.265360129,0,0,9.83
1773170091.265360129,1,0,0.01
1773170092.287754812,0,0,9.83
1773170092.287754812,1,0,0.01
1773170093.310398365,0,0,9.83
1773170093.310398365,1,0,0.01
1773170094.333132611,0,1,9.83
1773170094.333132611,1,0,0.01
1773170095.354800125,0,0,9.83
1773170095.354800125,1,0,0.01
1773170096.377085934,0,0,9.83
1773170096.377085934,1,0,0.01
1773170097.399436156,0,0,9.83
1773170097.399436156,1,0,0.01
1773170098.421795720,0,0,9.83
1773170098.421795720,1,0,0.01
1773170099.444892432,0,0,9.83
1773170099.444892432,1,0,0.01
1773170100.468145552,0,0,9.83
1773170100.468145552,1,0,0.01
1773170101.491533065,0,0,9.83
1773170101.491533065,1,0,0.01
1773170102.513962977,0,0,9.83
1773170102.513962977,1,0,0.01
1773170103.536215785,0,0,9.83
1773170103.536215785,1,0,0.01
1773170104.558598138,0,0,9.83
1773170104.558598138,1,0,0.01
1773170105.580983861,0,67,9.83
1773170105.580983861,1,0,0.01
1773170106.603716436,0,66,9.83
1773170106.603716436,1,0,0.01
1773170107.627328276,0,0,9.83
1773170107.627328276,1,0,0.01
1773170108.649523143,0,0,9.83
1773170108.649523143,1,0,0.01
1773170109.672447430,0,0,9.83
1773170109.672447430,1,0,0.01
1773170110.695733510,0,0,9.83
1773170110.695733510,1,0,0.01
1773170111.717770855,0,0,9.83
1773170111.717770855,1,0,0.01
1773170112.740578176,0,0,9.83
1773170112.740578176,1,0,0.01
1773170113.762953778,0,0,9.83
1773170113.762953778,1,0,0.01
1773170114.786199170,0,0,9.83
1773170114.786199170,1,0,0.01
1773170115.808656170,0,0,9.83
1773170115.808656170,1,0,0.01
1773170116.830841374,0,0,9.83
1773170116.830841374,1,0,0.01
1773170117.853983851,0,0,9.83
1773170117.853983851,1,0,0.01
1773170118.877317457,0,0,9.83
1773170118.877317457,1,0,0.01
1773170119.899996919,0,0,9.83
1773170119.899996919,1,0,0.01
1773170120.922895152,0,0,9.83
1773170120.922895152,1,0,0.01
1773170121.945786717,0,0,9.83
1773170121.945786717,1,0,0.01
1773170122.968304870,0,70,9.83
1773170122.968304870,1,0,0.01
1773170123.990515026,0,70,9.83
1773170123.990515026,1,0,0.01
1773170125.013122563,0,0,9.83
1773170125.013122563,1,0,0.01
1773170126.037331257,0,0,9.83
1773170126.037331257,1,0,0.01
1773170127.060107880,0,0,9.83
1773170127.060107880,1,0,0.01
1773170128.083112444,0,0,9.83
1773170128.083112444,1,0,0.01
1773170129.106973309,0,0,9.83
1773170129.106973309,1,0,0.01
1773170130.129830229,0,0,9.83
1773170130.129830229,1,0,0.01
1773170131.153378548,0,0,9.83
1773170131.153378548,1,0,0.01
1773170132.177194255,0,0,9.83
1773170132.177194255,1,0,0.01
1773170133.200433850,0,0,9.83
1773170133.200433850,1,0,0.01
1773170134.225096390,0,0,9.83
1773170134.225096390,1,0,0.01
1773170135.248804420,0,0,9.83
1773170135.248804420,1,0,0.01
1773170136.272234042,0,0,9.83
1773170136.272234042,1,0,0.01
1773170137.295333871,0,0,9.83
1773170137.295333871,1,0,0.01
1773170138.319091523,0,0,9.83
1773170138.319091523,1,0,0.01
1773170139.344215791,0,0,9.83
1773170139.344215791,1,0,0.01
1773170140.368695796,0,0,9.83
1773170140.368695796,1,0,0.01
1773170141.393252761,0,0,9.83
1773170141.393252761,1,0,0.01
1773170142.417118719,0,0,9.83
1773170142.417118719,1,0,0.01
1773170143.439768410,0,0,9.83
1773170143.439768410,1,0,0.01
1773170144.462552453,0,0,9.83
1773170144.462552453,1,0,0.01
1773170145.487286971,0,0,9.83
1773170145.487286971,1,0,0.01
1773170146.510724545,0,0,9.83
1773170146.510724545,1,0,0.01
1773170147.532993288,0,0,9.83
1773170147.532993288,1,0,0.01
1773170148.555847705,0,0,9.83
1773170148.555847705,1,0,0.01
1773170149.580389102,0,0,9.83
1773170149.580389102,1,0,0.01
1773170150.602932096,0,0,9.83
1773170150.602932096,1,0,0.01
1773170151.625509639,0,0,9.83
1773170151.625509639,1,0,0.01
1773170152.648649403,0,0,9.83
1773170152.648649403,1,0,0.01
1773170153.671874919,0,0,9.83
1773170153.671874919,1,0,0.01
1773170154.695448628,0,0,9.83
1773170154.695448628,1,0,0.01
1773170155.718526585,0,0,9.83
1773170155.718526585,1,0,0.01
1773170156.741484842,0,0,9.83
1773170156.741484842,1,0,0.01
1773170157.765097787,0,0,9.83
1773170157.765097787,1,0,0.01
1773170158.787893420,0,0,9.83
1773170158.787893420,1,0,0.01
1773170159.811734035,0,0,9.83
1773170159.811734035,1,0,0.01
1773170160.835745849,0,0,9.83
1773170160.835745849,1,0,0.01
1773170161.858587469,0,0,9.83
1773170161.858587469,1,0,0.01
1773170162.882272267,0,0,9.83
1773170162.882272267,1,0,0.01
1773170163.905461815,0,0,9.83
1773170163.905461815,1,0,0.01
1773170164.929426767,0,0,9.83
1773170164.929426767,1,0,0.01
1773170165.953542710,0,0,9.83
1773170165.953542710,1,0,0.01
1773170166.976723855,0,0,9.83
1773170166.976723855,1,0,0.01
1773170168.001413590,0,0,9.83
1773170168.001413590,1,0,0.01
1773170169.025018720,0,0,9.83
1773170169.025018720,1,0,0.01
1773170170.049413071,0,0,9.83
1773170170.049413071,1,0,0.01
1773170171.072643615,0,0,9.83
1773170171.072643615,1,0,0.01
1773170172.096677988,0,0,9.83
1773170172.096677988,1,0,0.01
1773170173.120977929,0,0,9.83
1773170173.120977929,1,0,0.01
1773170174.143954689,0,0,9.83
1773170174.143954689,1,0,0.01
1773170175.167147395,0,0,9.83
1773170175.167147395,1,0,0.01
1773170176.190530210,0,0,9.83
1773170176.190530210,1,0,0.01
1773170177.213804659,0,0,9.83
1773170177.213804659,1,0,0.01
1773170178.236804892,0,0,9.83
1773170178.236804892,1,0,0.01
1773170179.259717604,0,0,9.83
1773170179.259717604,1,0,0.01
1773170180.283096794,0,0,9.83
1773170180.283096794,1,0,0.01
1773170181.307469885,0,0,9.83
1773170181.307469885,1,0,0.01
1773170182.331614073,0,0,9.83
1773170182.331614073,1,0,0.01
1773170183.355417765,0,0,9.83
1773170183.355417765,1,0,0.01
1773170184.378315692,0,0,9.83
1773170184.378315692,1,0,0.01
1773170185.401528655,0,0,9.83
1773170185.401528655,1,0,0.01
1773170186.424546020,0,0,9.83
1773170186.424546020,1,0,0.01
1773170187.447529311,0,0,9.83
1773170187.447529311,1,0,0.01
1773170188.471012577,0,0,9.83
1773170188.471012577,1,0,0.01
1773170189.494091264,0,0,9.83
1773170189.494091264,1,0,0.01
1773170190.517061818,0,0,9.83
1773170190.517061818,1,0,0.01
1773170191.540319399,0,0,9.83
1773170191.540319399,1,0,0.01
1773170192.564166555,0,0,9.83
1773170192.564166555,1,0,0.01
1773170193.587574853,0,0,9.83
1773170193.587574853,1,0,0.01
1773170194.611542162,0,0,9.83
1773170194.611542162,1,0,0.01
1773170195.636158675,0,0,9.83
1773170195.636158675,1,0,0.01
1773170196.660736493,0,0,9.83
1773170196.660736493,1,0,0.01
1773170197.684344169,0,1,9.83
1773170197.684344169,1,0,0.01
1773170198.707965757,0,0,9.83
1773170198.707965757,1,0,0.01
1773170199.731450322,0,0,9.83
1773170199.731450322,1,0,0.01
1773170200.755302112,0,0,9.83
1773170200.755302112,1,0,0.01
1773170201.777637837,0,0,9.83
1773170201.777637837,1,0,0.01
1773170202.800523907,0,0,9.83
1773170202.800523907,1,0,0.01
1773170203.823180181,0,0,9.83
1773170203.823180181,1,0,0.01
1773170204.845510433,0,0,9.83
1773170204.845510433,1,0,0.01
1773170205.868852753,0,0,9.83
1773170205.868852753,1,0,0.01
1773170206.891039008,0,0,9.83
1773170206.891039008,1,0,0.01
1773170207.913763641,0,0,9.83
1773170207.913763641,1,0,0.01
1773170208.936345368,0,0,9.83
1773170208.936345368,1,0,0.01
1773170209.959196772,0,0,9.83
1773170209.959196772,1,0,0.01
1773170210.982461115,0,0,9.83
1773170210.982461115,1,0,0.01
1773170212.005886014,0,0,9.83
1773170212.005886014,1,0,0.01
1773170213.029889104,0,0,9.83
1773170213.029889104,1,0,0.01
1773170214.053652552,0,0,9.83
1773170214.053652552,1,0,0.01
1773170215.076606641,0,0,9.83
1773170215.076606641,1,0,0.01
1773170216.099080530,0,0,9.83
1773170216.099080530,1,0,0.01
1773170217.122674087,0,0,9.83
1773170217.122674087,1,0,0.01
1773170218.145576594,0,0,9.83
1773170218.145576594,1,0,0.01
1773170219.168390590,0,0,9.83
1773170219.168390590,1,0,0.01
1773170220.192319027,0,0,9.83
1773170220.192319027,1,0,0.01
1773170221.215409278,0,0,9.83
1773170221.215409278,1,0,0.01
1773170222.239007037,0,0,9.83
1773170222.239007037,1,0,0.01
1773170223.263296114,0,0,9.83
1773170223.263296114,1,0,0.01
1773170224.286935844,0,0,9.83
1773170224.286935844,1,0,0.01
1773170225.310833353,0,0,9.83
1773170225.310833353,1,0,0.01
1773170226.334512674,0,0,9.83
1773170226.334512674,1,0,0.01
1773170227.359336371,0,0,9.83
1773170227.359336371,1,0,0.01
1773170228.384005681,0,0,9.83
1773170228.384005681,1,0,0.01
1773170229.408666313,0,0,9.83
1773170229.408666313,1,0,0.01
1773170230.433335233,0,0,9.83
1773170230.433335233,1,0,0.01
1773170231.457105327,0,0,9.83
1773170231.457105327,1,0,0.01
1773170232.482924391,0,0,9.83
1773170232.482924391,1,0,0.01
1773170233.506115453,0,0,9.83
1773170233.506115453,1,0,0.01
1773170234.529912067,0,0,9.83
1773170234.529912067,1,0,0.01
1773170235.554066136,0,0,9.83
1773170235.554066136,1,0,0.01
1773170236.578590440,0,0,9.83
1773170236.578590440,1,0,0.01
1773170237.604151404,0,0,9.83
1773170237.604151404,1,0,0.01
1773170238.628389365,0,0,9.83
1773170238.628389365,1,0,0.01
1773170239.651768890,0,0,9.83
1773170239.651768890,1,0,0.01
1773170240.675059005,0,0,9.83
1773170240.675059005,1,0,0.01
1773170241.699036297,0,0,9.83
1773170241.699036297,1,0,0.01
1773170242.722418999,0,0,9.83
1773170242.722418999,1,0,0.01
1773170243.745021904,0,0,9.83
1773170243.745021904,1,0,0.01
1773170244.767704021,0,0,9.83
1773170244.767704021,1,0,0.01
1773170245.791076061,0,0,9.83
1773170245.791076061,1,0,0.01
1773170246.814894864,0,0,9.83
1773170246.814894864,1,0,0.01
1773170247.838316457,0,0,9.83
1773170247.838316457,1,0,0.01
1773170248.861031611,0,0,9.83
1773170248.861031611,1,0,0.01
1773170249.885875680,0,0,9.83
1773170249.885875680,1,0,0.01
1773170250.908663508,0,0,9.83
1773170250.908663508,1,0,0.01
1773170251.932376170,0,1,9.83
1773170251.932376170,1,0,0.01
1773170252.958197182,0,0,9.83
1773170252.958197182,1,0,0.01
1773170253.982502457,0,0,9.83
1773170253.982502457,1,0,0.01
1773170255.007175615,0,0,9.83
1773170255.007175615,1,0,0.01
1773170256.031744508,0,0,9.83
1773170256.031744508,1,0,0.01
1773170257.054729210,0,1,9.83
1773170257.054729210,1,0,0.01
1773170258.077101859,0,0,9.83
1773170258.077101859,1,0,0.01
1773170259.100093857,0,0,9.83
1773170259.100093857,1,0,0.01
1773170260.123111980,0,67,9.83
1773170260.123111980,1,0,0.01
1773170261.146891551,0,67,9.83
1773170261.146891551,1,0,0.01
1773170262.170286434,0,0,9.83
1773170262.170286434,1,0,0.01
1773170263.194169796,0,0,9.83
1773170263.194169796,1,0,0.01
1773170264.219251740,0,0,9.83
1773170264.219251740,1,0,0.01
1773170265.242865352,0,0,9.83
1773170265.242865352,1,0,0.01
1773170266.265630689,0,0,9.83
1773170266.265630689,1,0,0.01
1773170267.288727717,0,0,9.83
1773170267.288727717,1,0,0.01
1773170268.312152526,0,0,9.83
1773170268.312152526,1,0,0.01
1773170269.335807652,0,0,9.83
1773170269.335807652,1,0,0.01
1773170270.359578913,0,0,9.83
1773170270.359578913,1,0,0.01
1773170271.383113180,0,0,9.83
1773170271.383113180,1,0,0.01
1773170272.407033257,0,0,9.83
1773170272.407033257,1,0,0.01
1773170273.430579032,0,0,9.83
1773170273.430579032,1,0,0.01
1773170274.454934338,0,0,9.83
1773170274.454934338,1,0,0.01
1773170275.478730398,0,0,9.83
1773170275.478730398,1,0,0.01
1773170276.502056400,0,0,9.83
1773170276.502056400,1,0,0.01
1773170277.525270073,0,0,9.83
1773170277.525270073,1,0,0.01
1773170278.547432940,0,0,9.83
1773170278.547432940,1,0,0.01
1773170279.571157001,0,0,9.83
1773170279.571157001,1,0,0.01
1773170280.594540737,0,0,9.83
1773170280.594540737,1,0,0.01
1773170281.617862161,0,0,9.83
1773170281.617862161,1,0,0.01
1773170282.640922960,0,0,9.83
1773170282.640922960,1,0,0.01
1773170283.664303973,0,0,9.83
1773170283.664303973,1,0,0.01
1773170284.687962565,0,0,9.83
1773170284.687962565,1,0,0.01
1773170285.712072259,0,0,9.83
1773170285.712072259,1,0,0.01
1773170286.735770919,0,0,9.83
1773170286.735770919,1,0,0.01
1773170287.759118403,0,0,9.83
1773170287.759118403,1,0,0.01
1773170288.781917633,0,0,9.83
1773170288.781917633,1,0,0.01
1773170289.804541461,0,0,9.83
1773170289.804541461,1,0,0.01
1773170290.827565644,0,0,9.83
1773170290.827565644,1,0,0.01
1773170291.850524233,0,0,9.83
1773170291.850524233,1,0,0.01
1773170292.873611998,0,0,9.83
1773170292.873611998,1,0,0.01
1773170293.897776596,0,0,9.83
1773170293.897776596,1,0,0.01
1773170294.921312903,0,1,9.83
1773170294.921312903,1,0,0.01
1773170295.945814253,0,0,9.83
1773170295.945814253,1,0,0.01
1773170296.969419172,0,0,9.83
1773170296.969419172,1,0,0.01
1773170297.993452541,0,0,9.83
1773170297.993452541,1,0,0.01
1773170299.016752340,0,0,9.83
1773170299.016752340,1,0,0.01
1773170300.041790699,0,0,9.83
1773170300.041790699,1,0,0.01
1773170301.064816005,0,0,9.83
1773170301.064816005,1,0,0.01
1773170302.088185858,0,0,9.83
1773170302.088185858,1,0,0.01
1773170303.112400748,0,0,9.83
1773170303.112400748,1,0,0.01
1773170304.135853185,0,1,9.83
1773170304.135853185,1,0,0.01
1773170305.160359109,0,0,9.83
1773170305.160359109,1,0,0.01
1773170306.183545354,0,0,9.83
1773170306.183545354,1,0,0.01
1773170307.208806745,0,0,9.83
1773170307.208806745,1,0,0.01
1773170308.232125007,0,0,9.83
1773170308.232125007,1,0,0.01
1773170309.255815480,0,0,9.83
1773170309.255815480,1,0,0.01
1773170310.279198678,0,0,9.83
1773170310.279198678,1,0,0.01
1773170311.303137768,0,0,9.83
1773170311.303137768,1,0,0.01
1773170312.326514785,0,0,9.83
1773170312.326514785,1,0,0.01
1773170313.350334267,0,0,9.83
1773170313.350334267,1,0,0.01
1773170314.374014460,0,0,9.83
1773170314.374014460,1,0,0.01
1773170315.396931114,0,0,9.83
1773170315.396931114,1,0,0.01
1773170316.420212804,0,0,9.83
1773170316.420212804,1,0,0.01
1773170317.443541124,0,0,9.83
1773170317.443541124,1,0,0.01
1773170318.466035185,0,0,9.83
1773170318.466035185,1,0,0.01
1773170319.488823464,0,0,9.83
1773170319.488823464,1,0,0.01
1773170320.511777848,0,0,9.83
1773170320.511777848,1,0,0.01
1773170321.535329935,0,0,9.83
1773170321.535329935,1,0,0.01
1773170322.560430254,0,0,9.83
1773170322.560430254,1,0,0.01
1773170323.585308106,0,0,9.83
1773170323.585308106,1,0,0.01
1773170324.608555533,0,0,9.83
1773170324.608555533,1,0,0.01
1773170325.631659810,0,0,9.83
1773170325.631659810,1,0,0.01
1773170326.654534168,0,0,9.83
1773170326.654534168,1,0,0.01
1773170327.677423127,0,0,9.83
1773170327.677423127,1,0,0.01
1773170328.700919765,0,0,9.83
1773170328.700919765,1,0,0.01
1773170329.724574347,0,0,9.83
1773170329.724574347,1,0,0.01
1773170330.748087178,0,0,9.83
1773170330.748087178,1,0,0.01
1773170331.771874664,0,0,9.83
1773170331.771874664,1,0,0.01
1773170332.794868995,0,0,9.83
1773170332.794868995,1,0,0.01
1773170333.817456402,0,0,9.83
1773170333.817456402,1,0,0.01
1773170334.839962757,0,0,9.83
1773170334.839962757,1,0,0.01
1773170335.862339297,0,0,9.83
1773170335.862339297,1,0,0.01
1773170336.884217927,0,0,9.83
1773170336.884217927,1,0,0.01
1773170337.907230663,0,0,9.83
1773170337.907230663,1,0,0.01
1773170338.930780154,0,0,9.83
1773170338.930780154,1,0,0.01
1773170339.953787466,0,0,9.83
1773170339.953787466,1,0,0.01
1773170340.976269660,0,0,9.83
1773170340.976269660,1,0,0.01
1773170342.000757920,0,0,9.83
1773170342.000757920,1,0,0.01
1773170343.025568462,0,0,9.83
1773170343.025568462,1,0,0.01
1773170344.050008155,0,1,9.83
1773170344.050008155,1,0,0.01
1773170345.074272696,0,0,9.83
1773170345.074272696,1,0,0.01
1773170346.097934737,0,0,9.83
1773170346.097934737,1,0,0.01
1773170347.122031410,0,0,9.83
1773170347.122031410,1,0,0.01
1773170348.146094705,0,0,9.83
1773170348.146094705,1,0,0.01
1773170349.169215107,0,0,9.83
1773170349.169215107,1,0,0.01
1773170350.192250773,0,0,9.83
1773170350.192250773,1,0,0.01
1773170351.216255499,0,0,9.83
1773170351.216255499,1,0,0.01
1773170352.240095538,0,1,9.83
1773170352.240095538,1,0,0.01
1773170353.263820185,0,0,9.83
1773170353.263820185,1,0,0.01
1773170354.286661736,0,0,9.83
1773170354.286661736,1,0,0.01
1773170355.309179167,0,0,9.83
1773170355.309179167,1,0,0.01
1773170356.331571190,0,1,9.83
1773170356.331571190,1,0,0.01
1773170357.353439182,0,0,9.83
1773170357.353439182,1,0,0.01
1773170358.376936447,0,0,9.83
1773170358.376936447,1,0,0.01
1773170359.400271857,0,0,9.83
1773170359.400271857,1,0,0.01
1773170360.424196122,0,0,9.83
1773170360.424196122,1,0,0.01
1773170361.448441792,0,0,9.83
1773170361.448441792,1,0,0.01
1773170362.470873158,0,0,9.83
1773170362.470873158,1,0,0.01
1773170363.493580763,0,0,9.83
1773170363.493580763,1,0,0.01
1773170364.516676163,0,0,9.83
1773170364.516676163,1,0,0.01
1773170365.540048699,0,0,9.83
1773170365.540048699,1,0,0.01
1773170366.564015521,0,0,9.83
1773170366.564015521,1,0,0.01
1773170367.587800132,0,0,9.83
1773170367.587800132,1,0,0.01
1773170368.610460689,0,0,9.83
1773170368.610460689,1,0,0.01
1773170369.634462584,0,0,9.83
1773170369.634462584,1,0,0.01
1773170370.657921408,0,0,9.83
1773170370.657921408,1,0,0.01
1773170371.681375987,0,0,9.83
1773170371.681375987,1,0,0.01
1773170372.705278177,0,0,9.83
1773170372.705278177,1,0,0.01
1773170373.729198811,0,0,9.83
1773170373.729198811,1,0,0.01
1773170374.751773461,0,0,9.83
1773170374.751773461,1,0,0.01
1773170375.774672100,0,0,9.83
1773170375.774672100,1,0,0.01
1773170376.797165490,0,0,9.83
1773170376.797165490,1,0,0.01
1773170377.820111137,0,0,9.83
1773170377.820111137,1,0,0.01
1773170378.842917671,0,0,9.83
1773170378.842917671,1,0,0.01
1773170379.865524253,0,0,9.83
1773170379.865524253,1,0,0.01
1773170380.889381379,0,0,9.83
1773170380.889381379,1,0,0.01
1773170381.912828601,0,0,9.83
1773170381.912828601,1,0,0.01
1773170382.936337253,0,0,9.83
1773170382.936337253,1,0,0.01
1773170383.959053423,0,0,9.83
1773170383.959053423,1,0,0.01
1773170384.981685321,0,0,9.83
1773170384.981685321,1,0,0.01
1773170386.004568770,0,0,9.83
1773170386.004568770,1,0,0.01
1773170387.027934783,0,0,9.83
1773170387.027934783,1,0,0.01
1773170388.052047031,0,0,9.83
1773170388.052047031,1,0,0.01
1773170389.075822365,0,0,9.83
1773170389.075822365,1,0,0.01
1773170390.099265744,0,0,9.83
1773170390.099265744,1,0,0.01
1773170391.123830475,0,0,9.83
1773170391.123830475,1,0,0.01
1773170392.146937306,0,0,9.83
1773170392.146937306,1,0,0.01
1773170393.169966315,0,68,9.83
1773170393.169966315,1,0,0.01
1773170394.192592945,0,67,9.83
1773170394.192592945,1,0,0.01
1773170395.214984009,0,0,9.83
1773170395.214984009,1,0,0.01
1773170396.237963127,0,0,9.83
1773170396.237963127,1,0,0.01
1773170397.260977468,0,0,9.83
1773170397.260977468,1,0,0.01
1773170398.283667904,0,0,9.83
1773170398.283667904,1,0,0.01
1773170399.306388082,0,0,9.83
1773170399.306388082,1,0,0.01
1773170400.330298384,0,0,9.83
1773170400.330298384,1,0,0.01
1773170401.353544400,0,0,9.83
1773170401.353544400,1,0,0.01
1773170402.376995404,0,0,9.83
1773170402.376995404,1,0,0.01
1773170403.400902360,0,0,9.83
1773170403.400902360,1,0,0.01
1773170404.423980322,0,0,9.83
1773170404.423980322,1,0,0.01
1773170405.446893330,0,0,9.83
1773170405.446893330,1,0,0.01
1773170406.470075181,0,0,9.83
1773170406.470075181,1,0,0.01
1773170407.492955680,0,0,9.83
1773170407.492955680,1,0,0.01
1773170408.515709760,0,0,9.83
1773170408.515709760,1,0,0.01
1773170409.538767680,0,0,9.83
1773170409.538767680,1,0,0.01
1773170410.561836418,0,0,9.83
1773170410.561836418,1,0,0.01
1773170411.585013375,0,0,9.83
1773170411.585013375,1,0,0.01
1773170412.608327823,0,0,9.83
1773170412.608327823,1,0,0.01
1773170413.632587627,0,0,9.83
1773170413.632587627,1,0,0.01
1773170414.656986250,0,0,9.83
1773170414.656986250,1,0,0.01
1773170415.680458230,0,0,9.83
1773170415.680458230,1,0,0.01
1773170416.705009797,0,0,9.83
1773170416.705009797,1,0,0.01
1773170417.729269652,0,0,9.83
1773170417.729269652,1,0,0.01
1773170418.752421472,0,0,9.83
1773170418.752421472,1,0,0.01
1773170419.775695616,0,0,9.83
1773170419.775695616,1,0,0.01
1773170420.797818465,0,0,9.83
1773170420.797818465,1,0,0.01
1773170421.820451357,0,0,9.83
1773170421.820451357,1,0,0.01
1773170422.843072612,0,0,9.83
1773170422.843072612,1,0,0.01
1773170423.866557426,0,0,9.83
1773170423.866557426,1,0,0.01
1773170424.890438802,0,0,9.83
1773170424.890438802,1,0,0.01
1773170425.913079469,0,0,9.83
1773170425.913079469,1,0,0.01
1773170426.937207819,0,0,9.83
1773170426.937207819,1,0,0.01
1773170427.961228859,0,0,9.83
1773170427.961228859,1,0,0.01
1773170428.983821209,0,0,9.83
1773170428.983821209,1,0,0.01
1773170430.007322842,0,0,9.83
1773170430.007322842,1,0,0.01
1773170431.029940287,0,0,9.83
1773170431.029940287,1,0,0.01
1773170432.052326618,0,0,9.83
1773170432.052326618,1,0,0.01
1773170433.076415862,0,0,9.83
1773170433.076415862,1,0,0.01
1773170434.101205137,0,0,9.83
1773170434.101205137,1,0,0.01
1773170435.126079014,0,0,9.83
1773170435.126079014,1,0,0.01
1773170436.149857698,0,0,9.83
1773170436.149857698,1,0,0.01
1773170437.175015702,0,0,9.83
1773170437.175015702,1,0,0.01
1773170438.199046359,0,0,9.83
1773170438.199046359,1,0,0.01
1773170439.221771849,0,0,9.83
1773170439.221771849,1,0,0.01
1773170440.245097075,0,0,9.83
1773170440.245097075,1,0,0.01
1773170441.268453629,0,0,9.83
1773170441.268453629,1,0,0.01
1773170442.291140943,0,0,9.83
1773170442.291140943,1,0,0.01
1773170443.315747932,0,0,9.83
1773170443.315747932,1,0,0.01
1773170444.340666348,0,0,9.83
1773170444.340666348,1,0,0.01
1773170445.363490820,0,0,9.83
1773170445.363490820,1,0,0.01
1773170446.386466517,0,0,9.83
1773170446.386466517,1,0,0.01
1773170447.408481523,0,0,9.83
1773170447.408481523,1,0,0.01
1773170448.431025974,0,0,9.83
1773170448.431025974,1,0,0.01
1773170449.454055109,0,0,9.83
1773170449.454055109,1,0,0.01
1773170450.477677705,0,0,9.83
1773170450.477677705,1,0,0.01
1773170451.500299848,0,0,9.83
1773170451.500299848,1,0,0.01
1773170452.523109968,0,0,9.83
1773170452.523109968,1,0,0.01
1773170453.545828176,0,0,9.83
1773170453.545828176,1,0,0.01
1773170454.568790967,0,0,9.83
1773170454.568790967,1,0,0.01
1773170455.591742184,0,0,9.83
1773170455.591742184,1,0,0.01
1773170456.615396316,0,0,9.83
1773170456.615396316,1,0,0.01
1773170457.638324717,0,0,9.83
1773170457.638324717,1,0,0.01
1773170458.661876605,0,0,9.83
1773170458.661876605,1,0,0.01
1773170459.685413757,0,0,9.83
1773170459.685413757,1,0,0.01
1773170460.709542243,0,0,9.83
1773170460.709542243,1,0,0.01
1773170461.731530329,0,0,9.83
1773170461.731530329,1,0,0.01
1773170462.755363765,0,0,9.83
1773170462.755363765,1,0,0.01
1773170463.778163135,0,1,9.83
1773170463.778163135,1,0,0.01
1773170464.801289652,0,0,9.83
1773170464.801289652,1,0,0.01
1773170465.823293348,0,0,9.83
1773170465.823293348,1,0,0.01
1773170466.845718223,0,0,9.83
1773170466.845718223,1,0,0.01
1773170467.868570252,0,0,9.83
1773170467.868570252,1,0,0.01
1773170468.892494068,0,0,9.83
1773170468.892494068,1,0,0.01
1773170469.915182411,0,1,9.83
1773170469.915182411,1,0,0.01
1773170470.938103101,0,0,9.83
1773170470.938103101,1,0,0.01
1773170471.960982548,0,0,9.83
1773170471.960982548,1,0,0.01
1773170472.983918627,0,0,9.83
1773170472.983918627,1,0,0.01
1773170474.007177643,0,0,9.83
1773170474.007177643,1,0,0.01
1773170475.031112298,0,0,9.83
1773170475.031112298,1,0,0.01
1773170476.054210810,0,0,9.83
1773170476.054210810,1,0,0.01
1773170477.077126290,0,0,9.83
1773170477.077126290,1,0,0.01
1773170478.100756002,0,0,9.83
1773170478.100756002,1,0,0.01
1773170479.124258775,0,0,9.83
1773170479.124258775,1,0,0.01
1773170480.147266734,0,0,9.83
1773170480.147266734,1,0,0.01
1773170481.172399350,0,1,9.83
1773170481.172399350,1,0,0.01
1773170482.196056149,0,0,9.83
1773170482.196056149,1,0,0.01
1773170483.221427518,0,0,9.83
1773170483.221427518,1,0,0.01
1773170484.246926082,0,0,9.83
1773170484.246926082,1,0,0.01
1773170485.270519884,0,0,9.83
1773170485.270519884,1,0,0.01
1773170486.293470650,0,0,9.83
1773170486.293470650,1,0,0.01
1773170487.316940711,0,0,9.83
1773170487.316940711,1,0,0.01
1773170488.341025457,0,0,9.83
1773170488.341025457,1,0,0.01
1773170489.364389013,0,0,9.83
1773170489.364389013,1,0,0.01
1773170490.387805413,0,0,9.83
1773170490.387805413,1,0,0.01
1773170491.410036672,0,0,9.83
1773170491.410036672,1,0,0.01
1773170492.432892321,0,0,9.83
1773170492.432892321,1,0,0.01
1773170493.454774355,0,0,9.83
1773170493.454774355,1,0,0.01
1773170494.477861777,0,10,9.83
1773170494.477861777,1,0,0.01
1773170495.501321173,0,71,9.83
1773170495.501321173,1,0,0.01
1773170496.524190441,0,0,9.83
1773170496.524190441,1,0,0.01
1773170497.547403679,0,0,9.83
1773170497.547403679,1,0,0.01
1773170498.570197272,0,0,9.83
1773170498.570197272,1,0,0.01
1773170499.592415937,0,1,9.83
1773170499.592415937,1,0,0.01
1773170500.615218755,0,0,9.83
1773170500.615218755,1,0,0.01
1773170501.638508697,0,0,9.83
1773170501.638508697,1,0,0.01
1773170502.661674794,0,0,9.83
1773170502.661674794,1,0,0.01
1773170503.685169693,0,0,9.83
1773170503.685169693,1,0,0.01
1773170504.708304052,0,0,9.83
1773170504.708304052,1,0,0.01
1773170505.731906374,0,0,9.83
1773170505.731906374,1,0,0.01
1773170506.756639064,0,0,9.83
1773170506.756639064,1,0,0.01
1773170507.781779025,0,0,9.83
1773170507.781779025,1,0,0.01
1773170508.805306077,0,0,9.83
1773170508.805306077,1,0,0.01
1773170509.829368529,0,0,9.83
1773170509.829368529,1,0,0.01
1773170510.853823192,0,0,9.83
1773170510.853823192,1,0,0.01
1773170511.877020356,0,0,9.83
1773170511.877020356,1,0,0.01
1773170512.899959592,0,0,9.83
1773170512.899959592,1,0,0.01
1773170513.922745460,0,0,9.83
1773170513.922745460,1,0,0.01
1773170514.947313411,0,0,9.83
1773170514.947313411,1,0,0.01
1773170515.970772486,0,0,9.83
1773170515.970772486,1,0,0.01
1773170516.994077382,0,0,9.83
1773170516.994077382,1,0,0.01
1773170518.017190166,0,0,9.83
1773170518.017190166,1,0,0.01
1773170519.039504376,0,0,9.83
1773170519.039504376,1,0,0.01
1773170520.063623929,0,0,9.83
1773170520.063623929,1,0,0.01
1773170521.086949911,0,0,9.83
1773170521.086949911,1,0,0.01
1773170522.109409567,0,0,9.83
1773170522.109409567,1,0,0.01
1773170523.131666027,0,0,9.83
1773170523.131666027,1,0,0.01
1773170524.154978032,0,0,9.83
1773170524.154978032,1,0,0.01
1773170525.177804970,0,1,9.83
1773170525.177804970,1,0,0.01
1773170526.200528798,0,0,9.83
1773170526.200528798,1,0,0.01
1773170527.223097772,0,0,9.83
1773170527.223097772,1,0,0.01
1773170528.247222644,0,0,9.83
1773170528.247222644,1,0,0.01
1773170529.270803114,0,0,9.83
1773170529.270803114,1,0,0.01
1773170530.294254768,0,0,9.83
1773170530.294254768,1,0,0.01
1773170531.317019972,0,0,9.83
1773170531.317019972,1,0,0.01
1773170532.340035792,0,0,9.83
1773170532.340035792,1,0,0.01
1773170533.363196416,0,1,9.83
1773170533.363196416,1,0,0.01
1773170534.388155479,0,0,9.83
1773170534.388155479,1,0,0.01
1773170535.412507680,0,0,9.83
1773170535.412507680,1,0,0.01
1773170536.435525975,0,0,9.83
1773170536.435525975,1,0,0.01
1773170537.457967087,0,0,9.83
1773170537.457967087,1,0,0.01
1773170538.480498019,0,0,9.83
1773170538.480498019,1,0,0.01
1773170539.502919858,0,0,9.83
1773170539.502919858,1,0,0.01
1773170540.526533928,0,0,9.83
1773170540.526533928,1,0,0.01
1773170541.549520461,0,0,9.83
1773170541.549520461,1,0,0.01
1773170542.573599972,0,1,9.83
1773170542.573599972,1,0,0.01
1773170543.596664088,0,0,9.83
1773170543.596664088,1,0,0.01
1773170544.620568925,0,0,9.83
1773170544.620568925,1,0,0.01
1773170545.645869752,0,0,9.83
1773170545.645869752,1,0,0.01
1773170546.670838749,0,0,9.83
1773170546.670838749,1,0,0.01
1773170547.694520302,0,0,9.83
1773170547.694520302,1,0,0.01
1773170548.719582961,0,0,9.83
1773170548.719582961,1,0,0.01
1773170549.744324089,0,0,9.83
1773170549.744324089,1,0,0.01
1773170550.768509782,0,0,9.83
1773170550.768509782,1,0,0.01
1773170551.791928638,0,0,9.83
1773170551.791928638,1,0,0.01
1773170552.815611564,0,0,9.83
1773170552.815611564,1,0,0.01
1773170553.840463615,0,0,9.83
1773170553.840463615,1,0,0.01
1773170554.865365860,0,0,9.83
1773170554.865365860,1,0,0.01
1773170555.890208852,0,0,9.83
1773170555.890208852,1,0,0.01
1773170556.913636812,0,0,9.83
1773170556.913636812,1,0,0.01
1773170557.936989370,0,0,9.83
1773170557.936989370,1,0,0.01
1773170558.959945204,0,1,9.83
1773170558.959945204,1,0,0.01
1773170559.983036812,0,0,9.83
1773170559.983036812,1,0,0.01
1773170561.006104511,0,0,9.83
1773170561.006104511,1,0,0.01
1773170562.029935248,0,66,9.83
1773170562.029935248,1,0,0.01
1773170563.053080493,0,62,9.83
1773170563.053080493,1,0,0.01
1773170564.075896677,0,0,9.83
1773170564.075896677,1,0,0.01
1773170565.099293083,0,0,9.83
1773170565.099293083,1,0,0.01
1773170566.123129494,0,0,9.83
1773170566.123129494,1,0,0.01
1773170567.146424894,0,0,9.83
1773170567.146424894,1,0,0.01
1773170568.168120903,0,0,9.83
1773170568.168120903,1,0,0.01
1773170569.190753550,0,0,9.83
1773170569.190753550,1,0,0.01
1773170570.214590587,0,0,9.83
1773170570.214590587,1,0,0.01
1773170571.239066945,0,0,9.83
1773170571.239066945,1,0,0.01
1773170572.262505049,0,0,9.83
1773170572.262505049,1,0,0.01
1773170573.285764918,0,0,9.83
1773170573.285764918,1,0,0.01
1773170574.308653316,0,0,9.83
1773170574.308653316,1,0,0.01
1773170575.331845172,0,0,9.83
1773170575.331845172,1,0,0.01
1773170576.355093362,0,0,9.83
1773170576.355093362,1,0,0.01
1773170577.377417941,0,0,9.83
1773170577.377417941,1,0,0.01
1773170578.400781310,0,0,9.83
1773170578.400781310,1,0,0.01
1773170579.423755278,0,0,9.83
1773170579.423755278,1,0,0.01
1773170580.447130951,0,0,9.83
1773170580.447130951,1,0,0.01
1773170581.470098123,0,0,9.83
1773170581.470098123,1,0,0.01
1773170582.493006009,0,0,9.83
1773170582.493006009,1,0,0.01
1773170583.515950419,0,0,9.83
1773170583.515950419,1,0,0.01
1773170584.539096605,0,0,9.83
1773170584.539096605,1,0,0.01
1773170585.562017209,0,0,9.83
1773170585.562017209,1,0,0.01
1773170586.585201301,0,0,9.83
1773170586.585201301,1,0,0.01
1773170587.607330136,0,0,9.83
1773170587.607330136,1,0,0.01
1773170588.631439309,0,0,9.83
1773170588.631439309,1,0,0.01
1773170589.654347514,0,69,9.83
1773170589.654347514,1,0,0.01
1773170590.678139748,0,69,9.83
1773170590.678139748,1,0,0.01
1773170591.701500936,0,0,9.83
1773170591.701500936,1,0,0.01
1773170592.724970053,0,0,9.83
1773170592.724970053,1,0,0.01
1773170593.747898053,0,0,9.83
1773170593.747898053,1,0,0.01
1773170594.770024012,0,0,9.83
1773170594.770024012,1,0,0.01
1773170595.793031849,0,1,9.83
1773170595.793031849,1,0,0.01
1773170596.815796326,0,0,9.83
1773170596.815796326,1,0,0.01
1773170597.838159955,0,0,9.83
1773170597.838159955,1,0,0.01
1773170598.861556026,0,0,9.83
1773170598.861556026,1,0,0.01
1773170599.885135684,0,0,9.83
1773170599.885135684,1,0,0.01
1773170600.908037224,0,0,9.83
1773170600.908037224,1,0,0.01
1773170601.932013352,0,0,9.83
1773170601.932013352,1,0,0.01
1773170602.956028353,0,0,9.83
1773170602.956028353,1,0,0.01
1773170603.978470588,0,0,9.83
1773170603.978470588,1,0,0.01
1773170605.000686966,0,0,9.83
1773170605.000686966,1,0,0.01
1773170606.024257121,0,0,9.83
1773170606.024257121,1,0,0.01
1773170607.047431182,0,0,9.83
1773170607.047431182,1,0,0.01
1773170608.070847897,0,0,9.83
1773170608.070847897,1,0,0.01
1773170609.094116125,0,0,9.83
1773170609.094116125,1,0,0.01
1773170610.117703949,0,0,9.83
1773170610.117703949,1,0,0.01
1773170611.141576191,0,0,9.83
1773170611.141576191,1,0,0.01
1773170612.165520089,0,0,9.83
1773170612.165520089,1,0,0.01
1773170613.188381273,0,0,9.83
1773170613.188381273,1,0,0.01
1773170614.212446154,0,0,9.83
1773170614.212446154,1,0,0.01
1773170615.235541960,0,0,9.83
1773170615.235541960,1,0,0.01
1773170616.260897277,0,0,9.83
1773170616.260897277,1,0,0.01
1773170617.284987230,0,0,9.83
1773170617.284987230,1,0,0.01
1773170618.308932403,0,0,9.83
1773170618.308932403,1,0,0.01
1773170619.332744323,0,0,9.83
1773170619.332744323,1,0,0.01
1773170620.358175606,0,0,9.83
1773170620.358175606,1,0,0.01
1773170621.382101784,0,0,9.83
1773170621.382101784,1,0,0.01
1773170622.406999997,0,0,9.83
1773170622.406999997,1,0,0.01
1773170623.430876156,0,0,9.83
1773170623.430876156,1,0,0.01
1773170624.454548423,0,0,9.83
1773170624.454548423,1,0,0.01
1773170625.476487825,0,0,9.83
1773170625.476487825,1,0,0.01
1773170626.500319434,0,0,9.83
1773170626.500319434,1,0,0.01
1773170627.524539675,0,0,9.83
1773170627.524539675,1,0,0.01
1773170628.548754723,0,0,9.83
1773170628.548754723,1,0,0.01
1773170629.571949308,0,0,9.83
1773170629.571949308,1,0,0.01
1773170630.594681474,0,0,9.83
1773170630.594681474,1,0,0.01
1773170631.617984034,0,0,9.83
1773170631.617984034,1,0,0.01
1773170632.640981581,0,0,9.83
1773170632.640981581,1,0,0.01
1773170633.663851626,0,0,9.83
1773170633.663851626,1,0,0.01
1773170634.687059757,0,0,9.83
1773170634.687059757,1,0,0.01
1773170635.709863646,0,0,9.83
1773170635.709863646,1,0,0.01
1773170636.732250122,0,0,9.83
1773170636.732250122,1,0,0.01
1773170637.755554472,0,0,9.83
1773170637.755554472,1,0,0.01
1773170638.778938406,0,0,9.83
1773170638.778938406,1,0,0.01
1773170639.802941545,0,0,9.83
1773170639.802941545,1,0,0.01
1773170640.826598892,0,0,9.83
1773170640.826598892,1,0,0.01
1773170641.850084580,0,0,9.83
1773170641.850084580,1,0,0.01
1773170642.873581244,0,0,9.83
1773170642.873581244,1,0,0.01
1773170643.896875679,0,0,9.83
1773170643.896875679,1,0,0.01
1773170644.921211832,0,0,9.83
1773170644.921211832,1,0,0.01
1773170645.944399360,0,0,9.83
1773170645.944399360,1,0,0.01
1773170646.967904003,0,0,9.83
1773170646.967904003,1,0,0.01
1773170647.990176322,0,0,9.83
1773170647.990176322,1,0,0.01
1773170649.013827715,0,0,9.83
1773170649.013827715,1,0,0.01
1773170650.036362625,0,0,9.83
1773170650.036362625,1,0,0.01
1773170651.059894160,0,0,9.83
1773170651.059894160,1,0,0.01
1773170652.081477707,0,0,9.83
1773170652.081477707,1,0,0.01
1773170653.104205663,0,0,9.83
1773170653.104205663,1,0,0.01
1773170654.127979384,0,0,9.83
1773170654.127979384,1,0,0.01
1773170655.151218416,0,0,9.83
1773170655.151218416,1,0,0.01
1773170656.175657086,0,0,9.83
1773170656.175657086,1,0,0.01
1773170657.200860877,0,0,9.83
1773170657.200860877,1,0,0.01
1773170658.224714481,0,0,9.83
1773170658.224714481,1,0,0.01
1773170659.247981521,0,0,9.83
1773170659.247981521,1,0,0.01
1773170660.270557607,0,0,9.83
1773170660.270557607,1,0,0.01
1773170661.293440444,0,0,9.83
1773170661.293440444,1,0,0.01
1773170662.316437971,0,0,9.83
1773170662.316437971,1,0,0.01
1773170663.339294547,0,0,9.83
1773170663.339294547,1,0,0.01
1773170664.362835525,0,0,9.83
1773170664.362835525,1,0,0.01
1773170665.386836090,0,0,9.83
1773170665.386836090,1,0,0.01
1773170666.409957448,0,0,9.83
1773170666.409957448,1,0,0.01
1773170667.432913917,0,0,9.83
1773170667.432913917,1,0,0.01
1773170668.455781021,0,0,9.83
1773170668.455781021,1,0,0.01
1773170669.479408210,0,0,9.83
1773170669.479408210,1,0,0.01
1773170670.503143958,0,0,9.83
1773170670.503143958,1,0,0.01
1773170671.525727434,0,0,9.83
1773170671.525727434,1,0,0.01
1773170672.547483506,0,0,9.83
1773170672.547483506,1,0,0.01
1773170673.569990526,0,0,9.83
1773170673.569990526,1,0,0.01
1773170674.593558671,0,0,9.83
1773170674.593558671,1,0,0.01
1773170675.617918365,0,0,9.83
1773170675.617918365,1,0,0.01
1773170676.642147621,0,0,9.83
1773170676.642147621,1,0,0.01
1773170677.665423985,0,0,9.83
1773170677.665423985,1,0,0.01
1773170678.688783903,0,0,9.83
1773170678.688783903,1,0,0.01
1773170679.711882785,0,0,9.83
1773170679.711882785,1,0,0.01
1773170680.734730600,0,0,9.83
1773170680.734730600,1,0,0.01
1773170681.757616965,0,0,9.83
1773170681.757616965,1,0,0.01
1773170682.780102359,0,0,9.83
1773170682.780102359,1,0,0.01
1773170683.803662572,0,71,9.83
1773170683.803662572,1,0,0.01
1773170684.827327110,0,67,9.83
1773170684.827327110,1,0,0.01
1773170685.850282879,0,33,9.83
1773170685.850282879,1,0,0.01
1773170686.873063582,0,0,9.83
1773170686.873063582,1,0,0.01
1773170687.896385718,0,0,9.83
1773170687.896385718,1,0,0.01
1773170688.919513152,0,0,9.83
1773170688.919513152,1,0,0.01
1773170689.942082223,0,0,9.83
1773170689.942082223,1,0,0.01
1773170690.965264563,0,0,9.83
1773170690.965264563,1,0,0.01
1773170691.988180736,0,0,9.83
1773170691.988180736,1,0,0.01
1773170693.011049675,0,0,9.83
1773170693.011049675,1,0,0.01
1773170694.033942551,0,0,9.83
1773170694.033942551,1,0,0.01
1773170695.056883481,0,0,9.83
1773170695.056883481,1,0,0.01
1773170696.079530514,0,0,9.83
1773170696.079530514,1,0,0.01
1773170697.102424041,0,0,9.83
1773170697.102424041,1,0,0.01
1773170698.125730404,0,0,9.83
1773170698.125730404,1,0,0.01
1773170699.148558402,0,0,9.83
1773170699.148558402,1,0,0.01
1773170700.171410367,0,0,9.83
1773170700.171410367,1,0,0.01
1773170701.194769878,0,0,9.83
1773170701.194769878,1,0,0.01
1773170702.217670747,0,0,9.83
1773170702.217670747,1,0,0.01
1773170703.240678544,0,0,9.83
1773170703.240678544,1,0,0.01
1773170704.264220272,0,0,9.83
1773170704.264220272,1,0,0.01
1773170705.287332406,0,0,9.83
1773170705.287332406,1,0,0.01
1773170706.310021019,0,0,9.83
1773170706.310021019,1,0,0.01
1773170707.333022690,0,0,9.83
1773170707.333022690,1,0,0.01
1773170708.355471456,0,0,9.83
1773170708.355471456,1,0,0.01
1773170709.378515978,0,0,9.83
1773170709.378515978,1,0,0.01
1773170710.401366652,0,0,9.83
1773170710.401366652,1,0,0.01
1773170711.425127035,0,0,9.83
1773170711.425127035,1,0,0.01
1773170712.448256416,0,0,9.83
1773170712.448256416,1,0,0.01
1773170713.471354994,0,0,9.83
1773170713.471354994,1,0,0.01
1773170714.494944298,0,0,9.83
1773170714.494944298,1,0,0.01
1773170715.518598355,0,0,9.83
1773170715.518598355,1,0,0.01
1773170716.541933520,0,0,9.83
1773170716.541933520,1,0,0.01
1773170717.565170240,0,0,9.83
1773170717.565170240,1,0,0.01
1773170718.588532969,0,0,9.83
1773170718.588532969,1,0,0.01
1773170719.612126608,0,0,9.83
1773170719.612126608,1,0,0.01
1773170720.635708901,0,0,9.83
1773170720.635708901,1,0,0.01
1773170721.659471008,0,0,9.83
1773170721.659471008,1,0,0.01
1773170722.685172343,0,0,9.83
1773170722.685172343,1,0,0.01
1773170723.707898040,0,0,9.83
1773170723.707898040,1,0,0.01
1773170724.731142036,0,0,9.83
1773170724.731142036,1,0,0.01
1773170725.754416951,0,0,9.83
1773170725.754416951,1,0,0.01
1773170726.777869912,0,0,9.83
1773170726.777869912,1,0,0.01
1773170727.800816942,0,0,9.83
1773170727.800816942,1,0,0.01
1773170728.823461935,0,0,9.83
1773170728.823461935,1,0,0.01
1773170729.845818805,0,0,9.83
1773170729.845818805,1,0,0.01
1773170730.869118451,0,0,9.83
1773170730.869118451,1,0,0.01
1773170731.891202055,0,0,9.83
1773170731.891202055,1,0,0.01
1773170732.913846169,0,0,9.83
1773170732.913846169,1,0,0.01
1773170733.936914382,0,0,9.83
1773170733.936914382,1,0,0.01
1773170734.960583913,0,0,9.83
1773170734.960583913,1,0,0.01
1773170735.983855833,0,0,9.83
1773170735.983855833,1,0,0.01
1773170737.006945299,0,0,9.83
1773170737.006945299,1,0,0.01
1773170738.029442613,0,0,9.83
1773170738.029442613,1,0,0.01
1773170739.053104193,0,0,9.83
1773170739.053104193,1,0,0.01
1773170740.076646716,0,1,9.83
1773170740.076646716,1,0,0.01
1773170741.098647111,0,0,9.83
1773170741.098647111,1,0,0.01
1773170742.121623157,0,0,9.83
1773170742.121623157,1,0,0.01
1773170743.144893342,0,0,9.83
1773170743.144893342,1,0,0.01
1773170744.167970606,0,0,9.83
1773170744.167970606,1,0,0.01
1773170745.190340976,0,0,9.83
1773170745.190340976,1,0,0.01
1773170746.213214775,0,0,9.83
1773170746.213214775,1,0,0.01
1773170747.237313474,0,0,9.83
1773170747.237313474,1,0,0.01
1773170748.260846063,0,0,9.83
1773170748.260846063,1,0,0.01
1773170749.282998377,0,0,9.83
1773170749.282998377,1,0,0.01
1773170750.305928900,0,0,9.83
1773170750.305928900,1,0,0.01
1773170751.328706099,0,0,9.83
1773170751.328706099,1,0,0.01
1773170752.351921900,0,0,9.83
1773170752.351921900,1,0,0.01
1773170753.374062246,0,0,9.83
1773170753.374062246,1,0,0.01
1773170754.396821099,0,0,9.83
1773170754.396821099,1,0,0.01
1773170755.420119721,0,0,9.83
1773170755.420119721,1,0,0.01
1773170756.443492548,0,1,9.83
1773170756.443492548,1,0,0.01
1773170757.466502917,0,0,9.83
1773170757.466502917,1,0,0.01
1773170758.489976256,0,0,9.83
1773170758.489976256,1,0,0.01
1773170759.513826126,0,0,9.83
1773170759.513826126,1,0,0.01
1773170760.537521111,0,0,9.83
1773170760.537521111,1,0,0.01
1773170761.560987360,0,0,9.83
1773170761.560987360,1,0,0.01
1773170762.584438746,0,0,9.83
1773170762.584438746,1,0,0.01
1773170763.607522810,0,0,9.83
1773170763.607522810,1,0,0.01
1773170764.631283804,0,0,9.83
1773170764.631283804,1,0,0.01
1773170765.655021664,0,0,9.83
1773170765.655021664,1,0,0.01
1773170766.677968404,0,0,9.83
1773170766.677968404,1,0,0.01
1773170767.701031905,0,0,9.83
1773170767.701031905,1,0,0.01
1773170768.726159487,0,0,9.83
1773170768.726159487,1,0,0.01
1773170769.749140231,0,0,9.83
1773170769.749140231,1,0,0.01
1773170770.772224049,0,0,9.83
1773170770.772224049,1,0,0.01
1773170771.796383945,0,0,9.83
1773170771.796383945,1,0,0.01
1773170772.820310775,0,0,9.83
1773170772.820310775,1,0,0.01
1773170773.844360046,0,0,9.83
1773170773.844360046,1,0,0.01
1773170774.867996605,0,0,9.83
1773170774.867996605,1,0,0.01
1773170775.890847778,0,0,9.83
1773170775.890847778,1,0,0.01
1773170776.913806806,0,0,9.83
1773170776.913806806,1,0,0.01
1773170777.937857359,0,0,9.83
1773170777.937857359,1,0,0.01
1773170778.961456726,0,0,9.83
1773170778.961456726,1,0,0.01
1773170779.985401851,0,0,9.83
1773170779.985401851,1,0,0.01
1773170781.008316148,0,0,9.83
1773170781.008316148,1,0,0.01
1773170782.031601876,0,0,9.83
1773170782.031601876,1,0,0.01
1773170783.054522626,0,0,9.83
1773170783.054522626,1,0,0.01
1773170784.078410357,0,0,9.83
1773170784.078410357,1,0,0.01
1773170785.100917341,0,0,9.83
1773170785.100917341,1,0,0.01
1773170786.124007727,0,0,9.83
1773170786.124007727,1,0,0.01
1773170787.147794624,0,1,9.83
1773170787.147794624,1,0,0.01
1773170788.171379861,0,0,9.83
1773170788.171379861,1,0,0.01
1773170789.194577401,0,0,9.83
1773170789.194577401,1,0,0.01
1773170790.218141982,0,0,9.83
1773170790.218141982,1,0,0.01
1773170791.241982185,0,0,9.83
1773170791.241982185,1,0,0.01
1773170792.267092645,0,0,9.83
1773170792.267092645,1,0,0.01
1773170793.290327023,0,0,9.83
1773170793.290327023,1,0,0.01
1773170794.313733848,0,0,9.83
1773170794.313733848,1,0,0.01
1773170795.337284919,0,0,9.83
1773170795.337284919,1,0,0.01
1773170796.360795006,0,0,9.83
1773170796.360795006,1,0,0.01
1773170797.383705101,0,0,9.83
1773170797.383705101,1,0,0.01
1773170798.407044240,0,0,9.83
1773170798.407044240,1,0,0.01
1773170799.429931953,0,74,9.83
1773170799.429931953,1,0,0.01
1773170800.453612588,0,70,9.83
1773170800.453612588,1,0,0.01
1773170801.476913040,0,0,9.83
1773170801.476913040,1,0,0.01
1773170802.500482847,0,0,9.83
1773170802.500482847,1,0,0.01
1773170803.523267664,0,0,9.83
1773170803.523267664,1,0,0.01
1773170804.545831673,0,0,9.83
1773170804.545831673,1,0,0.01
1773170805.569402465,0,1,9.83
1773170805.569402465,1,0,0.01
1773170806.592167061,0,0,9.83
1773170806.592167061,1,0,0.01
1773170807.615235273,0,0,9.83
1773170807.615235273,1,0,0.01
1773170808.638160992,0,0,9.83
1773170808.638160992,1,0,0.01
1773170809.661999043,0,0,9.83
1773170809.661999043,1,0,0.01
1773170810.686071920,0,0,9.83
1773170810.686071920,1,0,0.01
1773170811.709507875,0,0,9.83
1773170811.709507875,1,0,0.01
1773170812.733364084,0,0,9.83
1773170812.733364084,1,0,0.01
1773170813.756563887,0,0,9.83
1773170813.756563887,1,0,0.01
1773170814.779476267,0,0,9.83
1773170814.779476267,1,0,0.01
1773170815.802516070,0,0,9.83
1773170815.802516070,1,0,0.01
1773170816.826117026,0,1,9.83
1773170816.826117026,1,0,0.01
1773170817.848943060,0,75,9.83
1773170817.848943060,1,0,0.01
1773170818.871268241,0,67,9.83
1773170818.871268241,1,0,0.01
1773170819.894625122,0,3,9.83
1773170819.894625122,1,0,0.01
1773170820.917920974,0,0,9.83
1773170820.917920974,1,0,0.01
1773170821.940743672,0,0,9.83
1773170821.940743672,1,0,0.01
1773170822.963575613,0,0,9.83
1773170822.963575613,1,0,0.01
1773170823.986388080,0,0,9.83
1773170823.986388080,1,0,0.01
1773170825.009195975,0,0,9.83
1773170825.009195975,1,0,0.01
1773170826.032081524,0,0,9.83
1773170826.032081524,1,0,0.01
1773170827.055923267,0,0,9.83
1773170827.055923267,1,0,0.01
1773170828.079228854,0,0,9.83
1773170828.079228854,1,0,0.01
1773170829.102079985,0,0,9.83
1773170829.102079985,1,0,0.01
1773170830.124952037,0,0,9.83
1773170830.124952037,1,0,0.01
1773170831.148128681,0,0,9.83
1773170831.148128681,1,0,0.01
1773170832.171489046,0,0,9.83
1773170832.171489046,1,0,0.01
1773170833.194501458,0,0,9.83
1773170833.194501458,1,0,0.01
1773170834.217212830,0,0,9.83
1773170834.217212830,1,0,0.01
1773170835.239722226,0,0,9.83
1773170835.239722226,1,0,0.01
1773170836.262336016,0,0,9.83
1773170836.262336016,1,0,0.01
1773170837.284959445,0,0,9.83
1773170837.284959445,1,0,0.01
1773170838.308635871,0,0,9.83
1773170838.308635871,1,0,0.01
1773170839.331683781,0,0,9.83
1773170839.331683781,1,0,0.01
1773170840.354321674,0,0,9.83
1773170840.354321674,1,0,0.01
1773170841.376881314,0,0,9.83
1773170841.376881314,1,0,0.01
1773170842.399899515,0,0,9.83
1773170842.399899515,1,0,0.01
1773170843.422506513,0,0,9.83
1773170843.422506513,1,0,0.01
1773170844.445133806,0,0,9.83
1773170844.445133806,1,0,0.01
1773170845.468283789,0,0,9.83
1773170845.468283789,1,0,0.01
1773170846.490810204,0,0,9.83
1773170846.490810204,1,0,0.01
1773170847.513893356,0,0,9.83
1773170847.513893356,1,0,0.01
1773170848.535879487,0,0,9.83
1773170848.535879487,1,0,0.01
1773170849.557603299,0,0,9.83
1773170849.557603299,1,0,0.01
1773170850.580556970,0,0,9.83
1773170850.580556970,1,0,0.01
1773170851.603842050,0,0,9.83
1773170851.603842050,1,0,0.01
1773170852.626503346,0,0,9.83
1773170852.626503346,1,0,0.01
1773170853.649471487,0,0,9.83
1773170853.649471487,1,0,0.01
1773170854.672484006,0,0,9.83
1773170854.672484006,1,0,0.01
1773170855.694999194,0,0,9.83
1773170855.694999194,1,0,0.01
1773170856.717652217,0,0,9.83
1773170856.717652217,1,0,0.01
1773170857.742065047,0,0,9.83
1773170857.742065047,1,0,0.01
1773170858.764987389,0,0,9.83
1773170858.764987389,1,0,0.01
1773170859.787582078,0,0,9.83
1773170859.787582078,1,0,0.01
1773170860.810650160,0,0,9.83
1773170860.810650160,1,0,0.01
1773170861.833380367,0,0,9.83
1773170861.833380367,1,0,0.01
1773170862.856189127,0,0,9.83
1773170862.856189127,1,0,0.01
1773170863.878654802,0,0,9.83
1773170863.878654802,1,0,0.01
1773170864.901562273,0,0,9.83
1773170864.901562273,1,0,0.01
1773170865.923706875,0,0,9.83
1773170865.923706875,1,0,0.01
1773170866.945736316,0,0,9.83
1773170866.945736316,1,0,0.01
1773170867.968338799,0,0,9.83
1773170867.968338799,1,0,0.01
1773170868.990664433,0,0,9.83
1773170868.990664433,1,0,0.01
1773170870.012950193,0,0,9.83
1773170870.012950193,1,0,0.01
1773170871.035948250,0,0,9.83
1773170871.035948250,1,0,0.01
1773170872.058905502,0,0,9.83
1773170872.058905502,1,0,0.01
1773170873.081062686,0,0,9.83
1773170873.081062686,1,0,0.01
1773170874.103431065,0,1,9.83
1773170874.103431065,1,0,0.01
1773170875.125846430,0,0,9.83
1773170875.125846430,1,0,0.01
1773170876.148431963,0,0,9.83
1773170876.148431963,1,0,0.01
1773170877.170890935,0,0,9.83
1773170877.170890935,1,0,0.01
1773170878.192552385,0,0,9.83
1773170878.192552385,1,0,0.01
1773170879.215217123,0,0,9.83
1773170879.215217123,1,0,0.01
1773170880.237472609,0,0,9.83
1773170880.237472609,1,0,0.01
1773170881.260630557,0,0,9.83
1773170881.260630557,1,0,0.01
1773170882.283468737,0,0,9.83
1773170882.283468737,1,0,0.01
1773170883.305936399,0,0,9.83
1773170883.305936399,1,0,0.01
1773170884.328362003,0,0,9.83
1773170884.328362003,1,0,0.01
1773170885.351051987,0,0,9.83
1773170885.351051987,1,0,0.01
1773170886.373936953,0,0,9.83
1773170886.373936953,1,0,0.01
1773170887.396793369,0,0,9.83
1773170887.396793369,1,0,0.01
1773170888.420129853,0,0,9.83
1773170888.420129853,1,0,0.01
1773170889.443474885,0,0,9.83
1773170889.443474885,1,0,0.01
1773170890.466109070,0,0,9.83
1773170890.466109070,1,0,0.01
1773170891.488899589,0,0,9.83
1773170891.488899589,1,0,0.01
1773170892.511498052,0,0,9.83
1773170892.511498052,1,0,0.01
1773170893.533785332,0,65,9.83
1773170893.533785332,1,0,0.01
1773170894.556840297,0,65,9.83
1773170894.556840297,1,0,0.01
1773170895.579981083,0,0,9.83
1773170895.579981083,1,0,0.01
1773170896.602067399,0,0,9.83
1773170896.602067399,1,0,0.01
1773170897.624282112,0,0,9.83
1773170897.624282112,1,0,0.01
1773170898.647412174,0,0,9.83
1773170898.647412174,1,0,0.01
1773170899.670011268,0,0,9.83
1773170899.670011268,1,0,0.01
1773170900.692648636,0,0,9.83
1773170900.692648636,1,0,0.01
1773170901.715342269,0,0,9.83
1773170901.715342269,1,0,0.01
1773170902.738386635,0,0,9.83
1773170902.738386635,1,0,0.01
1773170903.760911206,0,0,9.83
1773170903.760911206,1,0,0.01
1773170904.783702822,0,0,9.83
1773170904.783702822,1,0,0.01
1773170905.806267629,0,0,9.83
1773170905.806267629,1,0,0.01
1773170906.828154440,0,0,9.83
1773170906.828154440,1,0,0.01
1773170907.849730135,0,0,9.83
1773170907.849730135,1,0,0.01
1773170908.873055655,0,0,9.83
1773170908.873055655,1,0,0.01
1773170909.896035963,0,0,9.83
1773170909.896035963,1,0,0.01
1773170910.918575611,0,0,9.83
1773170910.918575611,1,0,0.01
1773170911.941905938,0,0,9.83
1773170911.941905938,1,0,0.01
1773170912.963924994,0,0,9.83
1773170912.963924994,1,0,0.01
1773170913.986296403,0,0,9.83
1773170913.986296403,1,0,0.01
1773170915.008787878,0,0,9.83
1773170915.008787878,1,0,0.01
1773170916.031976396,0,0,9.83
1773170916.031976396,1,0,0.01
1773170917.054458383,0,0,9.83
1773170917.054458383,1,0,0.01
1773170918.077056642,0,0,9.83
1773170918.077056642,1,0,0.01
1773170919.099740891,0,0,9.83
1773170919.099740891,1,0,0.01
1773170920.122481925,0,0,9.83
1773170920.122481925,1,0,0.01
1773170921.144819521,0,0,9.83
1773170921.144819521,1,0,0.01
1773170922.168455052,0,0,9.83
1773170922.168455052,1,0,0.01
1773170923.191657643,0,0,9.83
1773170923.191657643,1,0,0.01
1773170924.213921974,0,0,9.83
1773170924.213921974,1,0,0.01
1773170925.239118775,0,0,9.83
1773170925.239118775,1,0,0.01
1773170926.263050253,0,0,9.83
1773170926.263050253,1,0,0.01
1773170927.287394829,0,0,9.83
1773170927.287394829,1,0,0.01
1773170928.310208642,0,0,9.83
1773170928.310208642,1,0,0.01
1773170929.332736335,0,0,9.83
1773170929.332736335,1,0,0.01
1773170930.355179136,0,0,9.83
1773170930.355179136,1,0,0.01
1773170931.378112380,0,0,9.83
1773170931.378112380,1,0,0.01
1773170932.400977865,0,1,9.83
1773170932.400977865,1,0,0.01
1773170933.424485586,0,0,9.83
1773170933.424485586,1,0,0.01
1773170934.447485834,0,0,9.83
1773170934.447485834,1,0,0.01
1773170935.470512776,0,0,9.83
1773170935.470512776,1,0,0.01
1773170936.493433648,0,0,9.83
1773170936.493433648,1,0,0.01
1773170937.515644045,0,0,9.83
1773170937.515644045,1,0,0.01
1773170938.538106045,0,0,9.83
1773170938.538106045,1,0,0.01
1773170939.560042305,0,0,9.83
1773170939.560042305,1,0,0.01
1773170940.583895515,0,0,9.83
1773170940.583895515,1,0,0.01
1773170941.607003318,0,0,9.83
1773170941.607003318,1,0,0.01
1773170942.629590904,0,0,9.83
1773170942.629590904,1,0,0.01
1773170943.653396321,0,0,9.83
1773170943.653396321,1,0,0.01
1773170944.675765028,0,0,9.83
1773170944.675765028,1,0,0.01
1773170945.698641078,0,0,9.83
1773170945.698641078,1,0,0.01
1773170946.721558685,0,0,9.83
1773170946.721558685,1,0,0.01
1773170947.744156819,0,0,9.83
1773170947.744156819,1,0,0.01
1773170948.767326655,0,0,9.83
1773170948.767326655,1,0,0.01
1773170949.790644415,0,0,9.83
1773170949.790644415,1,0,0.01
1773170950.812096219,0,0,9.83
1773170950.812096219,1,0,0.01
1773170951.835399656,0,0,9.83
1773170951.835399656,1,0,0.01
1773170952.857264403,0,0,9.83
1773170952.857264403,1,0,0.01
1773170953.879697449,0,0,9.83
1773170953.879697449,1,0,0.01
1773170954.901694879,0,0,9.83
1773170954.901694879,1,0,0.01
1773170955.924312491,0,0,9.83
1773170955.924312491,1,0,0.01
1773170956.946524977,0,0,9.83
1773170956.946524977,1,0,0.01
1773170957.968508741,0,0,9.83
1773170957.968508741,1,0,0.01
1773170958.991913236,0,0,9.83
1773170958.991913236,1,0,0.01
1773170960.013888020,0,0,9.83
1773170960.013888020,1,0,0.01
1773170961.036786479,0,0,9.83
1773170961.036786479,1,0,0.01
1773170962.059608183,0,0,9.83
1773170962.059608183,1,0,0.01
1773170963.082578567,0,0,9.83
1773170963.082578567,1,0,0.01
1773170964.105668991,0,0,9.83
1773170964.105668991,1,0,0.01
1773170965.129541063,0,0,9.83
1773170965.129541063,1,0,0.01
1773170966.152584697,0,0,9.83
1773170966.152584697,1,0,0.01
1773170967.175232824,0,0,9.83
1773170967.175232824,1,0,0.01
1773170968.198592361,0,0,9.83
1773170968.198592361,1,0,0.01
1773170969.221571378,0,0,9.83
1773170969.221571378,1,0,0.01
1773170970.243410049,0,0,9.83
1773170970.243410049,1,0,0.01
1773170971.267079375,0,0,9.83
1773170971.267079375,1,0,0.01
1773170972.289734843,0,0,9.83
1773170972.289734843,1,0,0.01
1773170973.312906392,0,0,9.83
1773170973.312906392,1,0,0.01
1773170974.336113798,0,0,9.83
1773170974.336113798,1,0,0.01
1773170975.359292788,0,0,9.83
1773170975.359292788,1,0,0.01
1773170976.382698386,0,0,9.83
1773170976.382698386,1,0,0.01
1773170977.406112833,0,0,9.83
1773170977.406112833,1,0,0.01
1773170978.428061079,0,0,9.83
1773170978.428061079,1,0,0.01
1773170979.451612269,0,0,9.83
1773170979.451612269,1,0,0.01
1773170980.474813280,0,0,9.83
1773170980.474813280,1,0,0.01
1773170981.497044722,0,0,9.83
1773170981.497044722,1,0,0.01
1773170982.519773015,0,0,9.83
1773170982.519773015,1,0,0.01
1773170983.542460901,0,0,9.83
1773170983.542460901,1,0,0.01
1773170984.565878981,0,0,9.83
1773170984.565878981,1,0,0.01
1773170985.587616593,0,0,9.83
1773170985.587616593,1,0,0.01
1773170986.610324357,0,0,9.83
1773170986.610324357,1,0,0.01
1773170987.633549613,0,0,9.83
1773170987.633549613,1,0,0.01
1773170988.656455856,0,0,9.83
1773170988.656455856,1,0,0.01
1773170989.679607728,0,0,9.83
1773170989.679607728,1,0,0.01
1773170990.702429514,0,0,9.83
1773170990.702429514,1,0,0.01
1773170991.725182749,0,0,9.83
1773170991.725182749,1,0,0.01
1773170992.748992033,0,0,9.83
1773170992.748992033,1,0,0.01
1773170993.770762971,0,0,9.83
1773170993.770762971,1,0,0.01
1773170994.792862659,0,0,9.83
1773170994.792862659,1,0,0.01
1773170995.816521258,0,0,9.83
1773170995.816521258,1,0,0.01
1773170996.839088592,0,0,9.83
1773170996.839088592,1,0,0.01
1773170997.862555689,0,0,9.83
1773170997.862555689,1,0,0.01
1773170998.885225501,0,0,9.83
1773170998.885225501,1,0,0.01
1773170999.906939689,0,0,9.83
1773170999.906939689,1,0,0.01
1773171000.930416966,0,0,9.83
1773171000.930416966,1,0,0.01
1773171001.953626550,0,0,9.83
1773171001.953626550,1,0,0.01
1773171002.977087092,0,0,9.83
1773171002.977087092,1,0,0.01
1773171004.000050798,0,0,9.83
1773171004.000050798,1,0,0.01
1773171005.022297246,0,0,9.83
1773171005.022297246,1,0,0.01
1773171006.044201596,0,0,9.83
1773171006.044201596,1,0,0.01
1773171007.067226612,0,0,9.83
1773171007.067226612,1,0,0.01
1773171008.089579601,0,0,9.83
1773171008.089579601,1,0,0.01
1773171009.111952204,0,0,9.83
1773171009.111952204,1,0,0.01
1773171010.134088079,0,0,9.83
1773171010.134088079,1,0,0.01
1773171011.157101266,0,0,9.83
1773171011.157101266,1,0,0.01
1773171012.179797066,0,0,9.83
1773171012.179797066,1,0,0.01
1773171013.202147212,0,0,9.83
1773171013.202147212,1,0,0.01
1773171014.225471292,0,0,9.83
1773171014.225471292,1,0,0.01
1773171015.248295500,0,0,9.83
1773171015.248295500,1,0,0.01
1773171016.270377989,0,0,9.83
1773171016.270377989,1,0,0.01
1773171017.293568961,0,0,9.83
1773171017.293568961,1,0,0.01
1773171018.315916815,0,0,9.83
1773171018.315916815,1,0,0.01
1773171019.338019728,0,0,9.83
1773171019.338019728,1,0,0.01
1773171020.360665875,0,0,9.83
1773171020.360665875,1,0,0.01
1773171021.384358623,0,0,9.83
1773171021.384358623,1,0,0.01
1773171022.406932331,0,0,9.83
1773171022.406932331,1,0,0.01
1773171023.430689263,0,0,9.83
1773171023.430689263,1,0,0.01
1773171024.453727380,0,0,9.83
1773171024.453727380,1,0,0.01
1773171025.477140766,0,0,9.83
1773171025.477140766,1,0,0.01
1773171026.499673263,0,0,9.83
1773171026.499673263,1,0,0.01
1773171027.523130067,0,0,9.83
1773171027.523130067,1,0,0.01
1773171028.547146612,0,0,9.83
1773171028.547146612,1,0,0.01
1773171029.569683926,0,0,9.83
1773171029.569683926,1,0,0.01
1773171030.592610212,0,0,9.83
1773171030.592610212,1,0,0.01
1773171031.615109448,0,0,9.83
1773171031.615109448,1,0,0.01
1773171032.637722093,0,0,9.83
1773171032.637722093,1,0,0.01
1773171033.660454571,0,0,9.83
1773171033.660454571,1,0,0.01
1773171034.684157864,0,0,9.83
1773171034.684157864,1,0,0.01
1773171035.707488564,0,0,9.83
1773171035.707488564,1,0,0.01
1773171036.730368943,0,0,9.83
1773171036.730368943,1,0,0.01
1773171037.752764714,0,0,9.83
1773171037.752764714,1,0,0.01
1773171038.775988575,0,0,9.83
1773171038.775988575,1,0,0.01
1773171039.798312865,0,0,9.83
1773171039.798312865,1,0,0.01
1773171040.820275425,0,0,9.83
1773171040.820275425,1,0,0.01
1773171041.841484620,0,0,9.83
1773171041.841484620,1,0,0.01
1773171042.864673910,0,0,9.83
1773171042.864673910,1,0,0.01
1773171043.886955954,0,0,9.83
1773171043.886955954,1,0,0.01
1773171044.910044071,0,0,9.83
1773171044.910044071,1,0,0.01
1773171045.932456317,0,0,9.83
1773171045.932456317,1,0,0.01
1773171046.955652160,0,0,9.83
1773171046.955652160,1,0,0.01
1773171047.979612009,0,0,9.83
1773171047.979612009,1,0,0.01
1773171049.001954155,0,0,9.83
1773171049.001954155,1,0,0.01
1773171050.024341204,0,0,9.83
1773171050.024341204,1,0,0.01
1773171051.046639659,0,0,9.83
1773171051.046639659,1,0,0.01
1773171052.069306062,0,0,9.83
1773171052.069306062,1,0,0.01
1773171053.091061118,0,0,9.83
1773171053.091061118,1,0,0.01
1773171054.113245669,0,0,9.83
1773171054.113245669,1,0,0.01
1773171055.136041617,0,0,9.83
1773171055.136041617,1,0,0.01
1773171056.159283221,0,0,9.83
1773171056.159283221,1,0,0.01
1773171057.181480103,0,0,9.83
1773171057.181480103,1,0,0.01
1773171058.203560945,0,0,9.83
1773171058.203560945,1,0,0.01
1773171059.227066903,0,0,9.83
1773171059.227066903,1,0,0.01
1773171060.250231831,0,0,9.83
1773171060.250231831,1,0,0.01
1773171061.273995850,0,0,9.83
1773171061.273995850,1,0,0.01
1773171062.297527708,0,0,9.83
1773171062.297527708,1,0,0.01
1773171063.319843767,0,0,9.83
1773171063.319843767,1,0,0.01
1773171064.343523484,0,0,9.83
1773171064.343523484,1,0,0.01
1773171065.367905947,0,0,9.83
1773171065.367905947,1,0,0.01
1773171066.391395650,0,0,9.83
1773171066.391395650,1,0,0.01
1773171067.414453940,0,0,9.83
1773171067.414453940,1,0,0.01
1773171068.437709694,0,0,9.83
1773171068.437709694,1,0,0.01
1773171069.461745818,0,0,9.83
1773171069.461745818,1,0,0.01
1773171070.484209313,0,0,9.83
1773171070.484209313,1,0,0.01
1773171071.507675255,0,0,9.83
1773171071.507675255,1,0,0.01
1773171072.531211466,0,0,9.83
1773171072.531211466,1,0,0.01
1773171073.555659795,0,0,9.83
1773171073.555659795,1,0,0.01
1773171074.579444552,0,0,9.83
1773171074.579444552,1,0,0.01
1773171075.603739567,0,0,9.83
1773171075.603739567,1,0,0.01
1773171076.627919313,0,0,9.83
1773171076.627919313,1,0,0.01
1773171077.651033407,0,0,9.83
1773171077.651033407,1,0,0.01
1773171078.673070495,0,0,9.83
1773171078.673070495,1,0,0.01
1773171079.696440703,0,0,9.83
1773171079.696440703,1,0,0.01
1773171080.719290569,0,0,9.83
1773171080.719290569,1,0,0.01
1773171081.741019973,0,60,9.83
1773171081.741019973,1,0,0.01
1773171082.765483185,0,60,9.83
1773171082.765483185,1,0,0.01
1773171083.789622017,0,3,9.83
1773171083.789622017,1,0,0.01
1773171084.811878535,0,0,9.83
1773171084.811878535,1,0,0.01
1773171085.834951366,0,0,9.83
1773171085.834951366,1,0,0.01
1773171086.858610947,0,0,9.83
1773171086.858610947,1,0,0.01
1773171087.881564347,0,0,9.83
1773171087.881564347,1,0,0.01
1773171088.904489217,0,0,9.83
1773171088.904489217,1,0,0.01
1773171089.927703168,0,0,9.83
1773171089.927703168,1,0,0.01
1773171090.949987276,0,0,9.83
1773171090.949987276,1,0,0.01
1773171091.973581702,0,0,9.83
1773171091.973581702,1,0,0.01
1773171092.996246487,0,0,9.83
1773171092.996246487,1,0,0.01
1773171094.020077830,0,1,9.83
1773171094.020077830,1,0,0.01
1773171095.046296076,0,0,9.83
1773171095.046296076,1,0,0.01
1773171096.068637530,0,0,9.83
1773171096.068637530,1,0,0.01
1773171097.090690720,0,0,9.83
1773171097.090690720,1,0,0.01
1773171098.114998586,0,0,9.83
1773171098.114998586,1,0,0.01
1773171099.139367352,0,0,9.83
1773171099.139367352,1,0,0.01
1773171100.161906729,0,0,9.83
1773171100.161906729,1,0,0.01
1773171101.184883296,0,0,9.83
1773171101.184883296,1,0,0.01
1773171102.207544317,0,67,9.83
1773171102.207544317,1,0,0.01
1773171103.230646175,0,68,9.83
1773171103.230646175,1,0,0.01
1773171104.253494531,0,0,9.83
1773171104.253494531,1,0,0.01
1773171105.276508915,0,0,9.83
1773171105.276508915,1,0,0.01
1773171106.299106634,0,0,9.83
1773171106.299106634,1,0,0.01
1773171107.322179174,0,0,9.83
1773171107.322179174,1,0,0.01
1773171108.345069100,0,0,9.83
1773171108.345069100,1,0,0.01
1773171109.368263292,0,0,9.83
1773171109.368263292,1,0,0.01
1773171110.391292539,0,0,9.83
1773171110.391292539,1,0,0.01
1773171111.413477031,0,0,9.83
1773171111.413477031,1,0,0.01
1773171112.435727088,0,0,9.83
1773171112.435727088,1,0,0.01
1773171113.458622242,0,0,9.83
1773171113.458622242,1,0,0.01
1773171114.481986674,0,1,9.83
1773171114.481986674,1,0,0.01
1773171115.505877059,0,0,9.83
1773171115.505877059,1,0,0.01
1773171116.528510887,0,0,9.83
1773171116.528510887,1,0,0.01
1773171117.551528735,0,0,9.83
1773171117.551528735,1,0,0.01
1773171118.576042003,0,0,9.83
1773171118.576042003,1,0,0.01
1773171119.598908595,0,0,9.83
1773171119.598908595,1,0,0.01
1773171120.622066630,0,0,9.83
1773171120.622066630,1,0,0.01
1773171121.645684914,0,0,9.83
1773171121.645684914,1,0,0.01
1773171122.670488395,0,0,9.83
1773171122.670488395,1,0,0.01
1773171123.694284916,0,0,9.83
1773171123.694284916,1,0,0.01
1773171124.716721763,0,0,9.83
1773171124.716721763,1,0,0.01
1773171125.739576465,0,0,9.83
1773171125.739576465,1,0,0.01
1773171126.762961819,0,0,9.83
1773171126.762961819,1,0,0.01
1773171127.785650577,0,0,9.83
1773171127.785650577,1,0,0.01
1773171128.809445205,0,0,9.83
1773171128.809445205,1,0,0.01
1773171129.833676088,0,0,9.83
1773171129.833676088,1,0,0.01
1773171130.857519565,0,0,9.83
1773171130.857519565,1,0,0.01
1773171131.880890025,0,0,9.83
1773171131.880890025,1,0,0.01
1773171132.903893901,0,0,9.83
1773171132.903893901,1,0,0.01
1773171133.927891709,0,0,9.83
1773171133.927891709,1,0,0.01
1773171134.950531209,0,0,9.83
1773171134.950531209,1,0,0.01
1773171135.975697909,0,0,9.83
1773171135.975697909,1,0,0.01
1773171136.998830523,0,0,9.83
1773171136.998830523,1,0,0.01
1773171138.022055804,0,0,9.83
1773171138.022055804,1,0,0.01
1773171139.045201038,0,0,9.83
1773171139.045201038,1,0,0.01
1773171140.068002574,0,0,9.83
1773171140.068002574,1,0,0.01
1773171141.090427799,0,0,9.83
1773171141.090427799,1,0,0.01
1773171142.113655274,0,0,9.83
1773171142.113655274,1,0,0.01
1773171143.135444516,0,0,9.83
1773171143.135444516,1,0,0.01
1773171144.157540174,0,0,9.83
1773171144.157540174,1,0,0.01
1773171145.180254914,0,0,9.83
1773171145.180254914,1,0,0.01
1773171146.202698671,0,0,9.83
1773171146.202698671,1,0,0.01
1773171147.224823267,0,0,9.83
1773171147.224823267,1,0,0.01
1773171148.248249313,0,0,9.83
1773171148.248249313,1,0,0.01
1773171149.270714566,0,0,9.83
1773171149.270714566,1,0,0.01
1773171150.293451881,0,0,9.83
1773171150.293451881,1,0,0.01
1773171151.316183453,0,0,9.83
1773171151.316183453,1,0,0.01
1773171152.339192983,0,0,9.83
1773171152.339192983,1,0,0.01
1773171153.363431598,0,0,9.83
1773171153.363431598,1,0,0.01
1773171154.386678773,0,0,9.83
1773171154.386678773,1,0,0.01
1773171155.410171676,0,0,9.83
1773171155.410171676,1,0,0.01
1773171156.434325257,0,0,9.83
1773171156.434325257,1,0,0.01
1773171157.458640131,0,0,8.61
1773171157.458640131,1,0,0.01
1773171158.481598933,0,0,8.61
1773171158.481598933,1,0,0.01
1773171159.505358827,0,0,8.61
1773171159.505358827,1,0,0.01
1773171160.528516182,0,0,8.61
1773171160.528516182,1,0,0.01
1773171161.551175311,0,0,8.61
1773171161.551175311,1,0,0.01
1773171162.574795447,0,0,8.61
1773171162.574795447,1,0,0.01
1773171163.598208016,0,0,8.61
1773171163.598208016,1,0,0.01
1773171164.621203530,0,0,8.61
1773171164.621203530,1,0,0.01
1773171165.643855891,0,0,8.61
1773171165.643855891,1,0,0.01
1773171166.666401193,0,0,8.61
1773171166.666401193,1,0,0.01
1773171167.689506534,0,0,8.61
1773171167.689506534,1,0,0.01
1773171168.713833798,0,0,8.61
1773171168.713833798,1,0,0.01
1773171169.736340487,0,0,8.69
1773171169.736340487,1,0,0.01
1773171170.759217756,0,0,9.55
1773171170.759217756,1,0,0.01
1773171171.783327405,0,0,9.55
1773171171.783327405,1,0,0.01
1773171172.808247109,0,0,8.33
1773171172.808247109,1,0,0.01
1773171173.831323210,0,0,8.33
1773171173.831323210,1,0,0.01
1773171174.854628197,0,0,8.33
1773171174.854628197,1,0,0.01
1773171175.877043900,0,0,8.33
1773171175.877043900,1,0,0.01
1773171176.899256573,0,0,8.33
1773171176.899256573,1,0,0.01
1773171177.921123441,0,0,8.33
1773171177.921123441,1,0,0.01
1773171178.944327793,0,0,8.33
1773171178.944327793,1,0,0.01
1773171179.967199298,0,0,8.33
1773171179.967199298,1,0,0.01
1773171180.989123575,0,0,7.10
1773171180.989123575,1,0,0.01
1773171182.012255817,0,0,7.10
1773171182.012255817,1,0,0.01
1773171183.034711032,0,0,7.10
1773171183.034711032,1,0,0.01
1773171184.057305246,0,0,7.10
1773171184.057305246,1,0,0.01
1773171185.080219768,0,0,7.10
1773171185.080219768,1,0,0.01
1773171186.102809023,0,70,7.10
1773171186.102809023,1,0,0.01
1773171187.126787325,0,68,8.04
1773171187.126787325,1,0,0.01
1773171188.149290723,0,0,8.05
1773171188.149290723,1,0,0.01
1773171189.172893044,0,0,8.05
1773171189.172893044,1,0,0.01
1773171190.195183231,0,0,8.06
1773171190.195183231,1,0,0.01
1773171191.217133748,0,0,8.06
1773171191.217133748,1,0,0.01
1773171192.239065336,0,0,8.06
1773171192.239065336,1,0,0.01
1773171193.262296163,0,0,8.06
1773171193.262296163,1,0,0.01
1773171194.284240372,0,0,6.83
1773171194.284240372,1,0,0.01
1773171195.306242919,0,0,6.83
1773171195.306242919,1,0,0.01
1773171196.328141461,0,0,6.83
1773171196.328141461,1,0,0.01
1773171197.350833690,0,0,6.83
1773171197.350833690,1,0,0.01
1773171198.373264388,0,0,6.83
1773171198.373264388,1,0,0.01
1773171199.395044602,0,0,6.83
1773171199.395044602,1,0,0.01
1773171200.416778618,0,0,6.83
1773171200.416778618,1,0,0.01
1773171201.438160249,0,0,6.83
1773171201.438160249,1,0,0.01
1773171202.459891679,0,0,6.83
1773171202.459891679,1,0,0.01
