timestamp,idx,gpu_util_pct,mem_used_pct
1772931971.836932189,0,0,0.00
1772931971.836932189,1,0,0.00
1772931972.862017955,0,0,0.00
1772931972.862017955,1,0,0.00
1772931973.886743124,0,0,0.00
1772931973.886743124,1,0,0.00
1772931974.909134679,0,0,0.00
1772931974.909134679,1,0,0.00
1772931975.933263946,0,0,0.00
1772931975.933263946,1,0,0.00
1772931976.956414386,0,0,0.00
1772931976.956414386,1,0,0.00
1772931977.980191662,0,0,0.00
1772931977.980191662,1,0,0.00
1772931979.003655017,0,0,0.00
1772931979.003655017,1,0,0.00
1772931980.026869280,0,0,3.80
1772931980.026869280,1,0,0.01
1772931981.051895945,0,0,3.80
1772931981.051895945,1,0,0.01
1772931982.076482607,0,0,3.80
1772931982.076482607,1,0,0.01
1772931983.101016779,0,0,3.80
1772931983.101016779,1,0,0.01
1772931984.125357985,0,0,3.82
1772931984.125357985,1,0,0.01
1772931985.148989928,0,0,3.82
1772931985.148989928,1,0,0.01
1772931986.172199272,0,0,3.82
1772931986.172199272,1,0,0.01
1772931987.195008777,0,0,3.82
1772931987.195008777,1,0,0.01
1772931988.217358126,0,0,3.82
1772931988.217358126,1,0,0.01
1772931989.239438729,0,0,3.82
1772931989.239438729,1,0,0.01
1772931990.261664999,0,0,3.82
1772931990.261664999,1,0,0.01
1772931991.283789271,0,0,3.82
1772931991.283789271,1,0,0.01
1772931992.305855472,0,0,3.82
1772931992.305855472,1,0,0.01
1772931993.328512467,0,0,3.82
1772931993.328512467,1,0,0.01
1772931994.351618553,0,0,3.82
1772931994.351618553,1,0,0.01
1772931995.373646412,0,0,3.82
1772931995.373646412,1,0,0.01
1772931996.395769617,0,0,3.82
1772931996.395769617,1,0,0.01
1772931997.417649203,0,0,3.82
1772931997.417649203,1,0,0.01
1772931998.440170740,0,0,3.82
1772931998.440170740,1,0,0.01
1772931999.461924333,0,0,3.82
1772931999.461924333,1,0,0.01
1772932000.483723102,0,0,3.82
1772932000.483723102,1,0,0.01
1772932001.506341045,0,0,3.82
1772932001.506341045,1,0,0.01
1772932002.529097370,0,0,3.82
1772932002.529097370,1,0,0.01
1772932003.551411900,0,0,3.82
1772932003.551411900,1,0,0.01
1772932004.573622429,0,0,3.82
1772932004.573622429,1,0,0.01
1772932005.596319374,0,0,3.82
1772932005.596319374,1,0,0.01
1772932006.618723876,0,0,3.82
1772932006.618723876,1,0,0.01
1772932007.641058237,0,0,3.82
1772932007.641058237,1,0,0.01
1772932008.663951812,0,0,3.82
1772932008.663951812,1,0,0.01
1772932009.686335054,0,0,3.82
1772932009.686335054,1,0,0.01
1772932010.708196450,0,0,3.82
1772932010.708196450,1,0,0.01
1772932011.730251379,0,0,3.82
1772932011.730251379,1,0,0.01
1772932012.752583331,0,0,3.82
1772932012.752583331,1,0,0.01
1772932013.774580362,0,0,3.82
1772932013.774580362,1,0,0.01
1772932014.796699399,0,0,3.82
1772932014.796699399,1,0,0.01
1772932015.819373923,0,0,3.82
1772932015.819373923,1,0,0.01
1772932016.842210909,0,0,3.82
1772932016.842210909,1,0,0.01
1772932017.864255466,0,0,3.82
1772932017.864255466,1,0,0.01
1772932018.887271133,0,0,3.82
1772932018.887271133,1,0,0.01
1772932019.909404214,0,0,3.82
1772932019.909404214,1,0,0.01
1772932020.931103227,0,0,3.82
1772932020.931103227,1,0,0.01
1772932021.953269734,0,0,3.82
1772932021.953269734,1,0,0.01
1772932022.975309760,0,0,3.82
1772932022.975309760,1,0,0.01
1772932023.998120955,0,0,3.82
1772932023.998120955,1,0,0.01
1772932025.020939949,0,0,3.82
1772932025.020939949,1,0,0.01
1772932026.043220355,0,0,4.08
1772932026.043220355,1,0,0.01
1772932027.065891747,0,58,4.10
1772932027.065891747,1,0,0.01
1772932028.088518866,0,58,4.10
1772932028.088518866,1,0,0.01
1772932029.110661715,0,0,4.10
1772932029.110661715,1,0,0.01
1772932030.132527036,0,0,4.10
1772932030.132527036,1,0,0.01
1772932031.156182991,0,54,4.37
1772932031.156182991,1,0,0.01
1772932032.179162030,0,57,4.37
1772932032.179162030,1,0,0.01
1772932033.202253344,0,99,4.92
1772932033.202253344,1,0,0.01
1772932034.226960058,0,99,4.92
1772932034.226960058,1,0,0.01
1772932035.251328655,0,99,4.92
1772932035.251328655,1,0,0.01
1772932036.274110018,0,32,4.92
1772932036.274110018,1,0,0.01
1772932037.296974928,0,0,4.92
1772932037.296974928,1,0,0.01
1772932038.319642419,0,0,4.92
1772932038.319642419,1,0,0.01
1772932039.342446820,0,0,4.92
1772932039.342446820,1,0,0.01
1772932040.364927274,0,0,4.92
1772932040.364927274,1,0,0.01
1772932041.387374846,0,0,4.92
1772932041.387374846,1,0,0.01
1772932042.409653934,0,0,4.92
1772932042.409653934,1,0,0.01
1772932043.433672452,0,0,4.92
1772932043.433672452,1,0,0.01
1772932044.456266668,0,0,4.92
1772932044.456266668,1,0,0.01
1772932045.479486916,0,0,4.92
1772932045.479486916,1,0,0.01
1772932046.501959871,0,0,4.92
1772932046.501959871,1,0,0.01
1772932047.524750770,0,0,4.92
1772932047.524750770,1,0,0.01
1772932048.547371753,0,0,4.92
1772932048.547371753,1,0,0.01
1772932049.569278167,0,0,4.92
1772932049.569278167,1,0,0.01
1772932050.592863402,0,0,4.92
1772932050.592863402,1,0,0.01
1772932051.614827557,0,0,4.92
1772932051.614827557,1,0,0.01
1772932052.638339364,0,0,4.92
1772932052.638339364,1,0,0.01
1772932053.660829320,0,0,4.92
1772932053.660829320,1,0,0.01
1772932054.682987854,0,0,4.92
1772932054.682987854,1,0,0.01
1772932055.705556654,0,0,4.92
1772932055.705556654,1,0,0.01
1772932056.728744101,0,0,4.92
1772932056.728744101,1,0,0.01
1772932057.750407286,0,0,4.92
1772932057.750407286,1,0,0.01
1772932058.773097411,0,0,4.92
1772932058.773097411,1,0,0.01
1772932059.795146903,0,0,4.92
1772932059.795146903,1,0,0.01
1772932060.816957021,0,0,4.92
1772932060.816957021,1,0,0.01
1772932061.838880959,0,0,4.92
1772932061.838880959,1,0,0.01
1772932062.861481244,0,0,4.92
1772932062.861481244,1,0,0.01
1772932063.883741401,0,0,4.92
1772932063.883741401,1,0,0.01
1772932064.905785096,0,0,4.92
1772932064.905785096,1,0,0.01
1772932065.927887263,0,0,4.92
1772932065.927887263,1,0,0.01
1772932066.950745028,0,0,4.92
1772932066.950745028,1,0,0.01
1772932067.973030629,0,0,4.92
1772932067.973030629,1,0,0.01
1772932068.996416455,0,0,4.92
1772932068.996416455,1,0,0.01
1772932070.020239170,0,0,4.92
1772932070.020239170,1,0,0.01
1772932071.042718428,0,0,4.92
1772932071.042718428,1,0,0.01
1772932072.066304469,0,0,4.92
1772932072.066304469,1,0,0.01
1772932073.088913791,0,0,4.92
1772932073.088913791,1,0,0.01
1772932074.111747026,0,0,4.92
1772932074.111747026,1,0,0.01
1772932075.135262571,0,0,4.92
1772932075.135262571,1,0,0.01
1772932076.159193737,0,0,4.92
1772932076.159193737,1,0,0.01
1772932077.182713596,0,0,4.92
1772932077.182713596,1,0,0.01
1772932078.206336864,0,0,4.92
1772932078.206336864,1,0,0.01
1772932079.229157006,0,0,4.92
1772932079.229157006,1,0,0.01
1772932080.252644099,0,0,4.92
1772932080.252644099,1,0,0.01
1772932081.276298400,0,0,4.92
1772932081.276298400,1,0,0.01
1772932082.299737928,0,0,4.92
1772932082.299737928,1,0,0.01
1772932083.322430395,0,0,4.92
1772932083.322430395,1,0,0.01
1772932084.345037873,0,0,4.92
1772932084.345037873,1,0,0.01
1772932085.367897467,0,0,4.92
1772932085.367897467,1,0,0.01
1772932086.390547065,0,0,4.92
1772932086.390547065,1,0,0.01
1772932087.414448198,0,0,4.92
1772932087.414448198,1,0,0.01
1772932088.436938773,0,0,4.92
1772932088.436938773,1,0,0.01
1772932089.459511692,0,0,4.92
1772932089.459511692,1,0,0.01
1772932090.483187800,0,0,4.92
1772932090.483187800,1,0,0.01
1772932091.506658056,0,0,4.92
1772932091.506658056,1,0,0.01
1772932092.530711061,0,0,4.92
1772932092.530711061,1,0,0.01
1772932093.555644186,0,0,4.92
1772932093.555644186,1,0,0.01
1772932094.578179711,0,0,4.92
1772932094.578179711,1,0,0.01
1772932095.599852463,0,0,4.92
1772932095.599852463,1,0,0.01
1772932096.623992269,0,0,4.92
1772932096.623992269,1,0,0.01
1772932097.646368280,0,0,4.92
1772932097.646368280,1,0,0.01
1772932098.668696232,0,0,4.92
1772932098.668696232,1,0,0.01
1772932099.691987405,0,0,4.92
1772932099.691987405,1,0,0.01
1772932100.714956815,0,0,4.92
1772932100.714956815,1,0,0.01
1772932101.736985481,0,0,4.92
1772932101.736985481,1,0,0.01
1772932102.760105470,0,0,4.92
1772932102.760105470,1,0,0.01
1772932103.783088440,0,0,4.92
1772932103.783088440,1,0,0.01
1772932104.805087279,0,0,4.92
1772932104.805087279,1,0,0.01
1772932105.827522032,0,0,4.92
1772932105.827522032,1,0,0.01
1772932106.849927139,0,0,4.92
1772932106.849927139,1,0,0.01
1772932107.871999426,0,0,4.92
1772932107.871999426,1,0,0.01
1772932108.894986157,0,0,4.92
1772932108.894986157,1,0,0.01
1772932109.917939835,0,0,4.92
1772932109.917939835,1,0,0.01
1772932110.940851343,0,0,4.92
1772932110.940851343,1,0,0.01
1772932111.963239016,0,0,4.92
1772932111.963239016,1,0,0.01
1772932112.986366575,0,0,4.92
1772932112.986366575,1,0,0.01
1772932114.008804233,0,0,4.92
1772932114.008804233,1,0,0.01
1772932115.031146836,0,0,4.92
1772932115.031146836,1,0,0.01
1772932116.054474176,0,0,4.92
1772932116.054474176,1,0,0.01
1772932117.077869161,0,0,4.92
1772932117.077869161,1,0,0.01
1772932118.100308194,0,0,4.92
1772932118.100308194,1,0,0.01
1772932119.123336549,0,0,4.92
1772932119.123336549,1,0,0.01
1772932120.146386016,0,0,4.92
1772932120.146386016,1,0,0.01
1772932121.168977008,0,0,4.92
1772932121.168977008,1,0,0.01
1772932122.192152967,0,0,4.92
1772932122.192152967,1,0,0.01
1772932123.214845279,0,0,4.92
1772932123.214845279,1,0,0.01
1772932124.237274818,0,0,4.92
1772932124.237274818,1,0,0.01
1772932125.260672554,0,0,4.92
1772932125.260672554,1,0,0.01
1772932126.282853125,0,0,4.92
1772932126.282853125,1,0,0.01
1772932127.305979922,0,0,4.92
1772932127.305979922,1,0,0.01
1772932128.329006615,0,0,4.92
1772932128.329006615,1,0,0.01
1772932129.351679351,0,0,4.92
1772932129.351679351,1,0,0.01
1772932130.373926124,0,0,4.92
1772932130.373926124,1,0,0.01
1772932131.396250504,0,0,4.92
1772932131.396250504,1,0,0.01
1772932132.418626403,0,0,4.92
1772932132.418626403,1,0,0.01
1772932133.441628525,0,0,4.92
1772932133.441628525,1,0,0.01
1772932134.463743632,0,0,4.92
1772932134.463743632,1,0,0.01
1772932135.486473437,0,0,4.92
1772932135.486473437,1,0,0.01
1772932136.509167614,0,0,4.92
1772932136.509167614,1,0,0.01
1772932137.531436187,0,0,4.92
1772932137.531436187,1,0,0.01
1772932138.554395282,0,0,4.92
1772932138.554395282,1,0,0.01
1772932139.576777034,0,0,4.92
1772932139.576777034,1,0,0.01
1772932140.599108534,0,0,4.92
1772932140.599108534,1,0,0.01
1772932141.621425699,0,0,4.92
1772932141.621425699,1,0,0.01
1772932142.644326732,0,0,4.92
1772932142.644326732,1,0,0.01
1772932143.666579219,0,0,4.92
1772932143.666579219,1,0,0.01
1772932144.688794962,0,0,4.92
1772932144.688794962,1,0,0.01
1772932145.711567742,0,0,4.92
1772932145.711567742,1,0,0.01
1772932146.734525207,0,0,4.92
1772932146.734525207,1,0,0.01
1772932147.756763298,0,0,4.92
1772932147.756763298,1,0,0.01
1772932148.779016731,0,0,4.92
1772932148.779016731,1,0,0.01
1772932149.801215130,0,0,4.92
1772932149.801215130,1,0,0.01
1772932150.824128123,0,0,4.92
1772932150.824128123,1,0,0.01
1772932151.846787041,0,0,4.92
1772932151.846787041,1,0,0.01
1772932152.869070765,0,0,4.92
1772932152.869070765,1,0,0.01
1772932153.891181256,0,0,4.92
1772932153.891181256,1,0,0.01
1772932154.913280659,0,0,4.92
1772932154.913280659,1,0,0.01
1772932155.935276906,0,0,4.92
1772932155.935276906,1,0,0.01
1772932156.957549311,0,0,4.92
1772932156.957549311,1,0,0.01
1772932157.979676170,0,0,4.92
1772932157.979676170,1,0,0.01
1772932159.001929022,0,0,4.92
1772932159.001929022,1,0,0.01
1772932160.024127874,0,0,4.92
1772932160.024127874,1,0,0.01
1772932161.046474646,0,0,4.92
1772932161.046474646,1,0,0.01
1772932162.069161317,0,0,4.92
1772932162.069161317,1,0,0.01
1772932163.091573434,0,0,4.92
1772932163.091573434,1,0,0.01
1772932164.113523765,0,0,4.92
1772932164.113523765,1,0,0.01
1772932165.135591017,0,0,4.92
1772932165.135591017,1,0,0.01
1772932166.158157827,0,0,4.92
1772932166.158157827,1,0,0.01
1772932167.181000311,0,62,4.92
1772932167.181000311,1,0,0.01
1772932168.203839694,0,62,4.92
1772932168.203839694,1,0,0.01
1772932169.226933761,0,0,4.92
1772932169.226933761,1,0,0.01
1772932170.249750131,0,0,4.92
1772932170.249750131,1,0,0.01
1772932171.271911359,0,0,4.92
1772932171.271911359,1,0,0.01
1772932172.294552167,0,0,4.92
1772932172.294552167,1,0,0.01
1772932173.316754702,0,0,4.92
1772932173.316754702,1,0,0.01
1772932174.339313704,0,0,4.92
1772932174.339313704,1,0,0.01
1772932175.361168326,0,0,4.92
1772932175.361168326,1,0,0.01
1772932176.383512228,0,0,4.92
1772932176.383512228,1,0,0.01
1772932177.406213243,0,0,4.92
1772932177.406213243,1,0,0.01
1772932178.428221924,0,0,4.92
1772932178.428221924,1,0,0.01
1772932179.449939886,0,0,4.92
1772932179.449939886,1,0,0.01
1772932180.471882879,0,0,4.92
1772932180.471882879,1,0,0.01
1772932181.494727043,0,0,4.92
1772932181.494727043,1,0,0.01
1772932182.517314022,0,0,4.92
1772932182.517314022,1,0,0.01
1772932183.539240295,0,0,4.92
1772932183.539240295,1,0,0.01
1772932184.561188173,0,0,4.92
1772932184.561188173,1,0,0.01
1772932185.582491998,0,0,4.92
1772932185.582491998,1,0,0.01
1772932186.603777978,0,0,4.92
1772932186.603777978,1,0,0.01
1772932187.624826441,0,0,4.92
1772932187.624826441,1,0,0.01
1772932188.645999109,0,0,4.92
1772932188.645999109,1,0,0.01
1772932189.667574282,0,0,4.92
1772932189.667574282,1,0,0.01
1772932190.688787376,0,0,4.92
1772932190.688787376,1,0,0.01
1772932191.710112079,0,0,4.92
1772932191.710112079,1,0,0.01
1772932192.731325571,0,0,4.92
1772932192.731325571,1,0,0.01
1772932193.752151491,0,0,4.92
1772932193.752151491,1,0,0.01
1772932194.773015853,0,0,4.92
1772932194.773015853,1,0,0.01
1772932195.794215888,0,0,4.92
1772932195.794215888,1,0,0.01
1772932196.814998039,0,0,4.92
1772932196.814998039,1,0,0.01
1772932197.836505741,0,0,4.92
1772932197.836505741,1,0,0.01
1772932198.857940552,0,0,4.92
1772932198.857940552,1,0,0.01
1772932199.879157544,0,0,4.92
1772932199.879157544,1,0,0.01
1772932200.899899697,0,0,4.92
1772932200.899899697,1,0,0.01
1772932201.921182732,0,0,4.92
1772932201.921182732,1,0,0.01
1772932202.941139430,0,0,4.92
1772932202.941139430,1,0,0.01
1772932203.962915636,0,0,4.92
1772932203.962915636,1,0,0.01
1772932204.984261128,0,0,4.92
1772932204.984261128,1,0,0.01
1772932206.004864798,0,0,4.92
1772932206.004864798,1,0,0.01
1772932207.025221329,0,0,4.92
1772932207.025221329,1,0,0.01
1772932208.047209831,0,0,4.92
1772932208.047209831,1,0,0.01
1772932209.068430436,0,0,4.92
1772932209.068430436,1,0,0.01
1772932210.089772428,0,0,4.92
1772932210.089772428,1,0,0.01
1772932211.111770590,0,0,4.92
1772932211.111770590,1,0,0.01
1772932212.133163116,0,0,4.92
1772932212.133163116,1,0,0.01
1772932213.154900985,0,0,4.92
1772932213.154900985,1,0,0.01
1772932214.176645374,0,0,4.92
1772932214.176645374,1,0,0.01
1772932215.198857127,0,0,4.92
1772932215.198857127,1,0,0.01
1772932216.220425549,0,0,4.92
1772932216.220425549,1,0,0.01
1772932217.241584512,0,0,4.92
1772932217.241584512,1,0,0.01
1772932218.263298437,0,0,4.92
1772932218.263298437,1,0,0.01
1772932219.285176106,0,0,4.92
1772932219.285176106,1,0,0.01
1772932220.307028587,0,0,4.92
1772932220.307028587,1,0,0.01
1772932221.328212559,0,0,4.92
1772932221.328212559,1,0,0.01
1772932222.350073330,0,0,4.92
1772932222.350073330,1,0,0.01
1772932223.370239779,0,0,4.92
1772932223.370239779,1,0,0.01
1772932224.392371999,0,0,4.92
1772932224.392371999,1,0,0.01
1772932225.414485369,0,0,4.92
1772932225.414485369,1,0,0.01
1772932226.436616446,0,0,4.92
1772932226.436616446,1,0,0.01
1772932227.458738607,0,0,4.92
1772932227.458738607,1,0,0.01
1772932228.479765619,0,62,4.92
1772932228.479765619,1,0,0.01
1772932229.501566986,0,60,4.92
1772932229.501566986,1,0,0.01
1772932230.522996044,0,0,4.92
1772932230.522996044,1,0,0.01
1772932231.544296570,0,0,4.92
1772932231.544296570,1,0,0.01
1772932232.565394692,0,0,4.92
1772932232.565394692,1,0,0.01
1772932233.586282765,0,59,4.92
1772932233.586282765,1,0,0.01
1772932234.608002270,0,58,4.92
1772932234.608002270,1,0,0.01
1772932235.629386578,0,0,4.92
1772932235.629386578,1,0,0.01
1772932236.650624064,0,0,4.92
1772932236.650624064,1,0,0.01
1772932237.671919623,0,0,4.92
1772932237.671919623,1,0,0.01
1772932238.693276655,0,0,4.92
1772932238.693276655,1,0,0.01
1772932239.715234582,0,0,4.92
1772932239.715234582,1,0,0.01
1772932240.736889466,0,0,4.92
1772932240.736889466,1,0,0.01
1772932241.758551963,0,0,4.92
1772932241.758551963,1,0,0.01
1772932242.780484543,0,0,4.92
1772932242.780484543,1,0,0.01
1772932243.801662521,0,0,4.92
1772932243.801662521,1,0,0.01
1772932244.823064302,0,0,4.92
1772932244.823064302,1,0,0.01
1772932245.844661366,0,0,4.92
1772932245.844661366,1,0,0.01
1772932246.866614875,0,0,4.92
1772932246.866614875,1,0,0.01
1772932247.887270825,0,0,4.92
1772932247.887270825,1,0,0.01
1772932248.907205791,0,0,4.92
1772932248.907205791,1,0,0.01
1772932249.928053834,0,0,4.92
1772932249.928053834,1,0,0.01
1772932250.949392571,0,0,4.92
1772932250.949392571,1,0,0.01
1772932251.970078674,0,0,4.92
1772932251.970078674,1,0,0.01
1772932252.991893977,0,0,4.92
1772932252.991893977,1,0,0.01
1772932254.013312802,0,0,4.92
1772932254.013312802,1,0,0.01
1772932255.034153942,0,0,4.92
1772932255.034153942,1,0,0.01
1772932256.055089225,0,0,4.92
1772932256.055089225,1,0,0.01
1772932257.075884174,0,0,4.92
1772932257.075884174,1,0,0.01
1772932258.095716033,0,0,4.92
1772932258.095716033,1,0,0.01
1772932259.117395504,0,0,4.92
1772932259.117395504,1,0,0.01
1772932260.138528553,0,0,4.92
1772932260.138528553,1,0,0.01
1772932261.158476457,0,0,4.92
1772932261.158476457,1,0,0.01
1772932262.179369630,0,0,4.92
1772932262.179369630,1,0,0.01
1772932263.200718322,0,0,4.92
1772932263.200718322,1,0,0.01
1772932264.222070178,0,0,4.92
1772932264.222070178,1,0,0.01
1772932265.243718223,0,0,4.92
1772932265.243718223,1,0,0.01
1772932266.264508619,0,0,4.92
1772932266.264508619,1,0,0.01
1772932267.286017082,0,0,4.92
1772932267.286017082,1,0,0.01
1772932268.306480144,0,0,4.92
1772932268.306480144,1,0,0.01
1772932269.328089529,0,0,4.92
1772932269.328089529,1,0,0.01
1772932270.349963307,0,0,4.92
1772932270.349963307,1,0,0.01
1772932271.370705328,0,0,4.92
1772932271.370705328,1,0,0.01
1772932272.392263302,0,61,4.92
1772932272.392263302,1,0,0.01
1772932273.413847386,0,62,4.92
1772932273.413847386,1,0,0.01
1772932274.434810117,0,0,4.92
1772932274.434810117,1,0,0.01
1772932275.455383893,0,0,4.92
1772932275.455383893,1,0,0.01
1772932276.476219455,0,0,4.92
1772932276.476219455,1,0,0.01
1772932277.497263941,0,0,4.92
1772932277.497263941,1,0,0.01
1772932278.518796355,0,0,4.92
1772932278.518796355,1,0,0.01
1772932279.539942982,0,0,4.92
1772932279.539942982,1,0,0.01
1772932280.560915282,0,0,4.92
1772932280.560915282,1,0,0.01
1772932281.581477279,0,0,4.92
1772932281.581477279,1,0,0.01
1772932282.602698309,0,0,4.92
1772932282.602698309,1,0,0.01
1772932283.623792956,0,0,4.92
1772932283.623792956,1,0,0.01
1772932284.644514087,0,0,4.92
1772932284.644514087,1,0,0.01
1772932285.665265210,0,0,4.92
1772932285.665265210,1,0,0.01
1772932286.685893782,0,0,4.92
1772932286.685893782,1,0,0.01
1772932287.707268858,0,65,4.92
1772932287.707268858,1,0,0.01
1772932288.727985547,0,65,4.92
1772932288.727985547,1,0,0.01
1772932289.749378653,0,0,4.92
1772932289.749378653,1,0,0.01
1772932290.771021609,0,0,4.92
1772932290.771021609,1,0,0.01
1772932291.791018177,0,0,4.92
1772932291.791018177,1,0,0.01
1772932292.811835961,0,0,4.92
1772932292.811835961,1,0,0.01
1772932293.832626429,0,0,4.92
1772932293.832626429,1,0,0.01
1772932294.853598911,0,0,4.92
1772932294.853598911,1,0,0.01
1772932295.875152903,0,0,4.92
1772932295.875152903,1,0,0.01
1772932296.896717628,0,0,4.92
1772932296.896717628,1,0,0.01
1772932297.917574836,0,0,4.92
1772932297.917574836,1,0,0.01
1772932298.939177470,0,0,4.92
1772932298.939177470,1,0,0.01
1772932299.960595257,0,0,4.92
1772932299.960595257,1,0,0.01
1772932300.981510494,0,0,4.92
1772932300.981510494,1,0,0.01
1772932302.002557788,0,0,4.92
1772932302.002557788,1,0,0.01
1772932303.023463339,0,0,4.92
1772932303.023463339,1,0,0.01
1772932304.044312155,0,0,4.92
1772932304.044312155,1,0,0.01
1772932305.065191784,0,0,4.92
1772932305.065191784,1,0,0.01
1772932306.086199468,0,62,4.92
1772932306.086199468,1,0,0.01
1772932307.107106395,0,24,4.92
1772932307.107106395,1,0,0.01
1772932308.128072291,0,0,4.92
1772932308.128072291,1,0,0.01
1772932309.150007610,0,0,4.92
1772932309.150007610,1,0,0.01
1772932310.171083326,0,0,4.92
1772932310.171083326,1,0,0.01
1772932311.192129702,0,0,4.92
1772932311.192129702,1,0,0.01
1772932312.213682197,0,0,4.92
1772932312.213682197,1,0,0.01
1772932313.233600936,0,0,4.92
1772932313.233600936,1,0,0.01
1772932314.254896280,0,0,4.92
1772932314.254896280,1,0,0.01
1772932315.276495877,0,0,4.92
1772932315.276495877,1,0,0.01
1772932316.297960087,0,0,4.92
1772932316.297960087,1,0,0.01
1772932317.319442943,0,0,4.92
1772932317.319442943,1,0,0.01
1772932318.340503964,0,0,4.92
1772932318.340503964,1,0,0.01
1772932319.361308762,0,0,4.92
1772932319.361308762,1,0,0.01
1772932320.382830107,0,0,4.92
1772932320.382830107,1,0,0.01
1772932321.404509816,0,0,4.92
1772932321.404509816,1,0,0.01
1772932322.425340921,0,0,4.92
1772932322.425340921,1,0,0.01
1772932323.446309900,0,0,4.92
1772932323.446309900,1,0,0.01
1772932324.467152633,0,0,4.92
1772932324.467152633,1,0,0.01
1772932325.488055690,0,0,4.92
1772932325.488055690,1,0,0.01
1772932326.509079698,0,0,4.92
1772932326.509079698,1,0,0.01
1772932327.529776305,0,0,4.92
1772932327.529776305,1,0,0.01
1772932328.550775395,0,0,4.92
1772932328.550775395,1,0,0.01
1772932329.571655959,0,0,4.92
1772932329.571655959,1,0,0.01
1772932330.592487445,0,0,4.92
1772932330.592487445,1,0,0.01
1772932331.613280465,0,0,4.92
1772932331.613280465,1,0,0.01
1772932332.634197775,0,0,4.92
1772932332.634197775,1,0,0.01
1772932333.655718009,0,0,4.92
1772932333.655718009,1,0,0.01
1772932334.676806779,0,0,4.92
1772932334.676806779,1,0,0.01
1772932335.698159316,0,0,4.92
1772932335.698159316,1,0,0.01
1772932336.719129077,0,0,4.92
1772932336.719129077,1,0,0.01
1772932337.741075649,0,0,4.92
1772932337.741075649,1,0,0.01
1772932338.762185077,0,0,4.92
1772932338.762185077,1,0,0.01
1772932339.783992705,0,0,4.92
1772932339.783992705,1,0,0.01
1772932340.804769785,0,0,4.92
1772932340.804769785,1,0,0.01
1772932341.826518628,0,0,4.92
1772932341.826518628,1,0,0.01
1772932342.848124847,0,0,4.92
1772932342.848124847,1,0,0.01
1772932343.868648114,0,0,4.92
1772932343.868648114,1,0,0.01
1772932344.889941896,0,0,4.92
1772932344.889941896,1,0,0.01
1772932345.910879730,0,0,4.92
1772932345.910879730,1,0,0.01
1772932346.932905368,0,0,4.92
1772932346.932905368,1,0,0.01
1772932347.954163956,0,0,4.92
1772932347.954163956,1,0,0.01
1772932348.975148915,0,0,4.92
1772932348.975148915,1,0,0.01
1772932349.996395722,0,0,4.92
1772932349.996395722,1,0,0.01
1772932351.018227636,0,0,4.92
1772932351.018227636,1,0,0.01
1772932352.039494195,0,0,4.92
1772932352.039494195,1,0,0.01
1772932353.059904887,0,0,4.92
1772932353.059904887,1,0,0.01
1772932354.080955522,0,0,4.92
1772932354.080955522,1,0,0.01
1772932355.101228080,0,0,4.92
1772932355.101228080,1,0,0.01
1772932356.122854289,0,0,4.92
1772932356.122854289,1,0,0.01
1772932357.144076964,0,0,4.92
1772932357.144076964,1,0,0.01
1772932358.166192036,0,0,4.92
1772932358.166192036,1,0,0.01
1772932359.187510558,0,0,4.92
1772932359.187510558,1,0,0.01
1772932360.207988948,0,0,4.92
1772932360.207988948,1,0,0.01
1772932361.228657633,0,0,4.92
1772932361.228657633,1,0,0.01
1772932362.249385981,0,0,4.92
1772932362.249385981,1,0,0.01
1772932363.271148815,0,0,4.92
1772932363.271148815,1,0,0.01
1772932364.292607947,0,0,4.92
1772932364.292607947,1,0,0.01
1772932365.313494021,0,0,4.92
1772932365.313494021,1,0,0.01
1772932366.335258845,0,0,4.92
1772932366.335258845,1,0,0.01
1772932367.356443886,0,0,4.92
1772932367.356443886,1,0,0.01
1772932368.378620360,0,0,4.92
1772932368.378620360,1,0,0.01
1772932369.399600704,0,0,4.92
1772932369.399600704,1,0,0.01
1772932370.421045978,0,0,4.92
1772932370.421045978,1,0,0.01
1772932371.441912646,0,0,4.92
1772932371.441912646,1,0,0.01
1772932372.462708321,0,0,4.92
1772932372.462708321,1,0,0.01
1772932373.483740855,0,0,4.92
1772932373.483740855,1,0,0.01
1772932374.505142128,0,0,4.92
1772932374.505142128,1,0,0.01
1772932375.525945455,0,0,4.92
1772932375.525945455,1,0,0.01
1772932376.546761619,0,0,4.92
1772932376.546761619,1,0,0.01
1772932377.567314177,0,0,4.92
1772932377.567314177,1,0,0.01
1772932378.588897363,0,0,4.92
1772932378.588897363,1,0,0.01
1772932379.609601705,0,0,4.92
1772932379.609601705,1,0,0.01
1772932380.630529907,0,0,4.92
1772932380.630529907,1,0,0.01
1772932381.651424969,0,0,4.92
1772932381.651424969,1,0,0.01
1772932382.673098672,0,0,4.92
1772932382.673098672,1,0,0.01
1772932383.693824112,0,0,4.92
1772932383.693824112,1,0,0.01
1772932384.714971063,0,0,4.92
1772932384.714971063,1,0,0.01
1772932385.736884035,0,0,4.92
1772932385.736884035,1,0,0.01
1772932386.758445846,0,0,4.92
1772932386.758445846,1,0,0.01
1772932387.779995935,0,0,4.92
1772932387.779995935,1,0,0.01
1772932388.800664886,0,0,4.92
1772932388.800664886,1,0,0.01
1772932389.821842428,0,0,4.92
1772932389.821842428,1,0,0.01
1772932390.842850675,0,0,4.92
1772932390.842850675,1,0,0.01
1772932391.863802121,0,0,4.92
1772932391.863802121,1,0,0.01
1772932392.884668056,0,0,4.92
1772932392.884668056,1,0,0.01
1772932393.905322549,0,0,4.92
1772932393.905322549,1,0,0.01
1772932394.926507233,0,0,4.92
1772932394.926507233,1,0,0.01
1772932395.947300732,0,0,4.92
1772932395.947300732,1,0,0.01
1772932396.967393807,0,0,4.92
1772932396.967393807,1,0,0.01
1772932397.989218942,0,0,4.92
1772932397.989218942,1,0,0.01
1772932399.010857539,0,0,4.92
1772932399.010857539,1,0,0.01
1772932400.031790533,0,0,4.92
1772932400.031790533,1,0,0.01
1772932401.052395997,0,0,4.92
1772932401.052395997,1,0,0.01
1772932402.073193413,0,25,4.92
1772932402.073193413,1,0,0.01
1772932403.094430013,0,66,4.92
1772932403.094430013,1,0,0.01
1772932404.115585243,0,0,4.92
1772932404.115585243,1,0,0.01
1772932405.137445569,0,0,4.92
1772932405.137445569,1,0,0.01
1772932406.158200537,0,0,4.92
1772932406.158200537,1,0,0.01
1772932407.179125919,0,41,4.92
1772932407.179125919,1,0,0.01
1772932408.200244188,0,63,4.92
1772932408.200244188,1,0,0.01
1772932409.221040229,0,17,4.92
1772932409.221040229,1,0,0.01
1772932410.241870819,0,0,4.92
1772932410.241870819,1,0,0.01
1772932411.263532563,0,0,4.92
1772932411.263532563,1,0,0.01
1772932412.284600465,0,0,4.92
1772932412.284600465,1,0,0.01
1772932413.306187345,0,0,4.92
1772932413.306187345,1,0,0.01
1772932414.328004573,0,0,4.92
1772932414.328004573,1,0,0.01
1772932415.348875674,0,0,4.92
1772932415.348875674,1,0,0.01
1772932416.370641826,0,0,4.92
1772932416.370641826,1,0,0.01
1772932417.391617842,0,0,4.92
1772932417.391617842,1,0,0.01
1772932418.412572733,0,0,4.92
1772932418.412572733,1,0,0.01
1772932419.433195971,0,0,4.92
1772932419.433195971,1,0,0.01
1772932420.454234385,0,0,4.92
1772932420.454234385,1,0,0.01
1772932421.475203859,0,0,4.92
1772932421.475203859,1,0,0.01
1772932422.496770691,0,0,4.92
1772932422.496770691,1,0,0.01
1772932423.518242190,0,0,4.92
1772932423.518242190,1,0,0.01
1772932424.539772035,0,0,4.92
1772932424.539772035,1,0,0.01
1772932425.560596868,0,0,4.92
1772932425.560596868,1,0,0.01
1772932426.581665606,0,0,4.92
1772932426.581665606,1,0,0.01
1772932427.603003372,0,0,4.92
1772932427.603003372,1,0,0.01
1772932428.624704932,0,0,4.92
1772932428.624704932,1,0,0.01
1772932429.646275196,0,0,4.92
1772932429.646275196,1,0,0.01
1772932430.667819134,0,0,4.92
1772932430.667819134,1,0,0.01
1772932431.688688409,0,0,4.92
1772932431.688688409,1,0,0.01
1772932432.709802797,0,0,4.92
1772932432.709802797,1,0,0.01
1772932433.730723295,0,0,4.92
1772932433.730723295,1,0,0.01
1772932434.751593855,0,0,4.92
1772932434.751593855,1,0,0.01
1772932435.772533560,0,0,4.92
1772932435.772533560,1,0,0.01
1772932436.793464584,0,0,4.92
1772932436.793464584,1,0,0.01
1772932437.814223042,0,1,4.92
1772932437.814223042,1,0,0.01
1772932438.835208502,0,0,4.92
1772932438.835208502,1,0,0.01
1772932439.856058991,0,0,4.92
1772932439.856058991,1,0,0.01
1772932440.877030018,0,0,4.92
1772932440.877030018,1,0,0.01
1772932441.897793447,0,0,4.92
1772932441.897793447,1,0,0.01
1772932442.919431214,0,0,4.92
1772932442.919431214,1,0,0.01
1772932443.941248588,0,0,4.92
1772932443.941248588,1,0,0.01
1772932444.962973430,0,0,4.92
1772932444.962973430,1,0,0.01
1772932445.983988055,0,0,4.92
1772932445.983988055,1,0,0.01
1772932447.004744126,0,0,4.92
1772932447.004744126,1,0,0.01
1772932448.025479892,0,0,4.92
1772932448.025479892,1,0,0.01
1772932449.046509988,0,0,4.92
1772932449.046509988,1,0,0.01
1772932450.067520056,0,0,4.92
1772932450.067520056,1,0,0.01
1772932451.088460252,0,0,4.92
1772932451.088460252,1,0,0.01
1772932452.110078565,0,0,4.92
1772932452.110078565,1,0,0.01
1772932453.130977520,0,0,4.92
1772932453.130977520,1,0,0.01
1772932454.151882375,0,0,4.92
1772932454.151882375,1,0,0.01
1772932455.172899179,0,0,4.92
1772932455.172899179,1,0,0.01
1772932456.194469011,0,0,4.92
1772932456.194469011,1,0,0.01
1772932457.215530630,0,0,4.92
1772932457.215530630,1,0,0.01
1772932458.236666795,0,0,4.92
1772932458.236666795,1,0,0.01
1772932459.257597832,0,0,4.92
1772932459.257597832,1,0,0.01
1772932460.278492597,0,0,4.92
1772932460.278492597,1,0,0.01
1772932461.299479723,0,0,4.92
1772932461.299479723,1,0,0.01
1772932462.321187658,0,0,4.92
1772932462.321187658,1,0,0.01
1772932463.342826017,0,0,4.92
1772932463.342826017,1,0,0.01
1772932464.363553480,0,0,4.92
1772932464.363553480,1,0,0.01
1772932465.384437290,0,0,4.92
1772932465.384437290,1,0,0.01
1772932466.405297297,0,0,4.92
1772932466.405297297,1,0,0.01
1772932467.426913633,0,0,4.92
1772932467.426913633,1,0,0.01
1772932468.448262597,0,0,4.92
1772932468.448262597,1,0,0.01
1772932469.469668961,0,71,4.92
1772932469.469668961,1,0,0.01
1772932470.491065438,0,68,4.92
1772932470.491065438,1,0,0.01
1772932471.512997269,0,0,4.92
1772932471.512997269,1,0,0.01
1772932472.534169955,0,0,4.92
1772932472.534169955,1,0,0.01
1772932473.555039823,0,0,4.92
1772932473.555039823,1,0,0.01
1772932474.576164603,0,0,4.92
1772932474.576164603,1,0,0.01
1772932475.597237702,0,0,4.92
1772932475.597237702,1,0,0.01
1772932476.618281788,0,0,4.92
1772932476.618281788,1,0,0.01
1772932477.639360082,0,0,4.92
1772932477.639360082,1,0,0.01
1772932478.660262384,0,0,4.92
1772932478.660262384,1,0,0.01
1772932479.681431904,0,0,4.92
1772932479.681431904,1,0,0.01
1772932480.702259869,0,0,4.92
1772932480.702259869,1,0,0.01
1772932481.723235964,0,0,4.92
1772932481.723235964,1,0,0.01
1772932482.744130632,0,0,4.92
1772932482.744130632,1,0,0.01
1772932483.764977014,0,0,4.92
1772932483.764977014,1,0,0.01
1772932484.786544554,0,0,4.92
1772932484.786544554,1,0,0.01
1772932485.807570457,0,0,4.92
1772932485.807570457,1,0,0.01
1772932486.829112880,0,0,4.92
1772932486.829112880,1,0,0.01
1772932487.850659389,0,0,4.92
1772932487.850659389,1,0,0.01
1772932488.871707863,0,0,4.92
1772932488.871707863,1,0,0.01
1772932489.891817677,0,0,4.92
1772932489.891817677,1,0,0.01
1772932490.912608506,0,0,4.92
1772932490.912608506,1,0,0.01
1772932491.934253940,0,0,4.92
1772932491.934253940,1,0,0.01
1772932492.955203422,0,0,4.92
1772932492.955203422,1,0,0.01
1772932493.975866354,0,0,4.92
1772932493.975866354,1,0,0.01
1772932494.997544056,0,0,4.92
1772932494.997544056,1,0,0.01
1772932496.018381687,0,0,4.92
1772932496.018381687,1,0,0.01
1772932497.039218336,0,0,4.92
1772932497.039218336,1,0,0.01
1772932498.060662572,0,0,4.92
1772932498.060662572,1,0,0.01
1772932499.080548576,0,0,4.92
1772932499.080548576,1,0,0.01
1772932500.100851102,0,0,4.92
1772932500.100851102,1,0,0.01
1772932501.122373950,0,0,4.92
1772932501.122373950,1,0,0.01
1772932502.143225526,0,0,4.92
1772932502.143225526,1,0,0.01
1772932503.164299550,0,0,4.92
1772932503.164299550,1,0,0.01
1772932504.185563532,0,0,4.92
1772932504.185563532,1,0,0.01
1772932505.206219890,0,0,4.92
1772932505.206219890,1,0,0.01
1772932506.227304564,0,0,4.92
1772932506.227304564,1,0,0.01
1772932507.248552627,0,0,4.92
1772932507.248552627,1,0,0.01
1772932508.269283635,0,0,4.92
1772932508.269283635,1,0,0.01
1772932509.290553402,0,0,4.92
1772932509.290553402,1,0,0.01
1772932510.312070364,0,0,4.92
1772932510.312070364,1,0,0.01
1772932511.333809936,0,0,4.92
1772932511.333809936,1,0,0.01
1772932512.354982245,0,0,4.92
1772932512.354982245,1,0,0.01
1772932513.376794856,0,0,4.92
1772932513.376794856,1,0,0.01
1772932514.399249042,0,0,4.92
1772932514.399249042,1,0,0.01
1772932515.420071927,0,0,4.92
1772932515.420071927,1,0,0.01
1772932516.440869973,0,0,4.92
1772932516.440869973,1,0,0.01
1772932517.461872388,0,0,4.92
1772932517.461872388,1,0,0.01
1772932518.483455353,0,0,4.92
1772932518.483455353,1,0,0.01
1772932519.505278101,0,0,4.92
1772932519.505278101,1,0,0.01
1772932520.526658922,0,0,4.92
1772932520.526658922,1,0,0.01
1772932521.547671718,0,0,4.92
1772932521.547671718,1,0,0.01
1772932522.568590386,0,0,4.92
1772932522.568590386,1,0,0.01
1772932523.590159687,0,0,4.92
1772932523.590159687,1,0,0.01
1772932524.611165990,0,0,4.92
1772932524.611165990,1,0,0.01
1772932525.632724644,0,0,4.92
1772932525.632724644,1,0,0.01
1772932526.654595352,0,0,4.92
1772932526.654595352,1,0,0.01
1772932527.675413976,0,0,4.92
1772932527.675413976,1,0,0.01
1772932528.696253655,0,0,4.92
1772932528.696253655,1,0,0.01
1772932529.717804954,0,0,4.92
1772932529.717804954,1,0,0.01
1772932530.738379888,0,0,4.92
1772932530.738379888,1,0,0.01
1772932531.759458601,0,0,4.92
1772932531.759458601,1,0,0.01
1772932532.780586042,0,0,4.92
1772932532.780586042,1,0,0.01
1772932533.801463273,0,0,4.92
1772932533.801463273,1,0,0.01
1772932534.822231064,0,0,4.92
1772932534.822231064,1,0,0.01
1772932535.843732102,0,0,4.92
1772932535.843732102,1,0,0.01
1772932536.865494687,0,0,4.92
1772932536.865494687,1,0,0.01
1772932537.887143147,0,0,4.92
1772932537.887143147,1,0,0.01
1772932538.908175378,0,0,4.92
1772932538.908175378,1,0,0.01
1772932539.929000065,0,0,4.92
1772932539.929000065,1,0,0.01
1772932540.949829318,0,0,4.92
1772932540.949829318,1,0,0.01
1772932541.970765087,0,0,4.92
1772932541.970765087,1,0,0.01
1772932542.991808549,0,0,4.92
1772932542.991808549,1,0,0.01
1772932544.012634881,0,0,4.92
1772932544.012634881,1,0,0.01
1772932545.033534003,0,0,4.92
1772932545.033534003,1,0,0.01
1772932546.055055182,0,0,4.92
1772932546.055055182,1,0,0.01
1772932547.075925414,0,0,4.92
1772932547.075925414,1,0,0.01
1772932548.096625783,0,0,4.92
1772932548.096625783,1,0,0.01
1772932549.118054141,0,0,4.92
1772932549.118054141,1,0,0.01
1772932550.138753281,0,0,4.92
1772932550.138753281,1,0,0.01
1772932551.159486068,0,0,4.92
1772932551.159486068,1,0,0.01
1772932552.180277799,0,0,4.92
1772932552.180277799,1,0,0.01
1772932553.201063962,0,0,4.92
1772932553.201063962,1,0,0.01
1772932554.221964725,0,0,4.92
1772932554.221964725,1,0,0.01
1772932555.242865725,0,0,4.92
1772932555.242865725,1,0,0.01
1772932556.263478835,0,0,4.92
1772932556.263478835,1,0,0.01
1772932557.284408185,0,0,4.92
1772932557.284408185,1,0,0.01
1772932558.305187413,0,0,4.92
1772932558.305187413,1,0,0.01
1772932559.326863161,0,0,4.92
1772932559.326863161,1,0,0.01
1772932560.347768556,0,0,4.92
1772932560.347768556,1,0,0.01
1772932561.368323606,0,0,4.92
1772932561.368323606,1,0,0.01
1772932562.389806572,0,0,4.92
1772932562.389806572,1,0,0.01
1772932563.410474810,0,0,4.92
1772932563.410474810,1,0,0.01
1772932564.431280602,0,0,4.92
1772932564.431280602,1,0,0.01
1772932565.452408709,0,0,4.92
1772932565.452408709,1,0,0.01
1772932566.473690935,0,0,4.92
1772932566.473690935,1,0,0.01
1772932567.494710456,0,0,4.92
1772932567.494710456,1,0,0.01
1772932568.515744968,0,0,4.92
1772932568.515744968,1,0,0.01
1772932569.536881843,0,0,4.92
1772932569.536881843,1,0,0.01
1772932570.557841779,0,0,4.92
1772932570.557841779,1,0,0.01
1772932571.579594035,0,0,4.92
1772932571.579594035,1,0,0.01
1772932572.601947157,0,0,4.92
1772932572.601947157,1,0,0.01
1772932573.624065261,0,0,4.92
1772932573.624065261,1,0,0.01
1772932574.645160263,0,65,4.92
1772932574.645160263,1,0,0.01
1772932575.666285379,0,65,4.92
1772932575.666285379,1,0,0.01
1772932576.687402488,0,0,4.92
1772932576.687402488,1,0,0.01
1772932577.708578116,0,0,4.92
1772932577.708578116,1,0,0.01
1772932578.730438773,0,0,4.92
1772932578.730438773,1,0,0.01
1772932579.752408389,0,0,4.92
1772932579.752408389,1,0,0.01
1772932580.773270710,0,0,4.92
1772932580.773270710,1,0,0.01
1772932581.794674340,0,0,4.92
1772932581.794674340,1,0,0.01
1772932582.815545625,0,0,4.92
1772932582.815545625,1,0,0.01
1772932583.836518593,0,66,4.92
1772932583.836518593,1,0,0.01
1772932584.857951159,0,66,4.92
1772932584.857951159,1,0,0.01
1772932585.879559413,0,0,4.92
1772932585.879559413,1,0,0.01
1772932586.900321595,0,0,4.92
1772932586.900321595,1,0,0.01
1772932587.921375349,0,0,4.92
1772932587.921375349,1,0,0.01
1772932588.942422449,0,0,4.92
1772932588.942422449,1,0,0.01
1772932589.962467974,0,0,4.92
1772932589.962467974,1,0,0.01
1772932590.983661573,0,0,4.92
1772932590.983661573,1,0,0.01
1772932592.004644865,0,0,4.92
1772932592.004644865,1,0,0.01
1772932593.025181596,0,0,4.92
1772932593.025181596,1,0,0.01
1772932594.045530573,0,0,4.92
1772932594.045530573,1,0,0.01
1772932595.066203059,0,0,4.92
1772932595.066203059,1,0,0.01
1772932596.087756871,0,0,4.92
1772932596.087756871,1,0,0.01
1772932597.109318165,0,0,4.92
1772932597.109318165,1,0,0.01
1772932598.130059668,0,0,4.92
1772932598.130059668,1,0,0.01
1772932599.151707618,0,0,4.92
1772932599.151707618,1,0,0.01
1772932600.172413305,0,0,4.92
1772932600.172413305,1,0,0.01
1772932601.192947070,0,0,4.92
1772932601.192947070,1,0,0.01
1772932602.213623272,0,0,4.92
1772932602.213623272,1,0,0.01
1772932603.234300888,0,0,4.92
1772932603.234300888,1,0,0.01
1772932604.255226353,0,0,4.92
1772932604.255226353,1,0,0.01
1772932605.276445422,0,0,4.92
1772932605.276445422,1,0,0.01
1772932606.297174087,0,0,4.92
1772932606.297174087,1,0,0.01
1772932607.317818808,0,0,4.92
1772932607.317818808,1,0,0.01
1772932608.338607247,0,0,4.92
1772932608.338607247,1,0,0.01
1772932609.359174522,0,0,4.92
1772932609.359174522,1,0,0.01
1772932610.379945320,0,0,4.92
1772932610.379945320,1,0,0.01
1772932611.401074510,0,0,4.92
1772932611.401074510,1,0,0.01
1772932612.421850878,0,0,4.92
1772932612.421850878,1,0,0.01
1772932613.442550441,0,0,4.92
1772932613.442550441,1,0,0.01
1772932614.463258677,0,0,4.92
1772932614.463258677,1,0,0.01
1772932615.484819627,0,0,4.92
1772932615.484819627,1,0,0.01
1772932616.505314973,0,0,4.92
1772932616.505314973,1,0,0.01
1772932617.526627387,0,0,4.92
1772932617.526627387,1,0,0.01
1772932618.547632761,0,0,4.92
1772932618.547632761,1,0,0.01
1772932619.568856279,0,0,4.92
1772932619.568856279,1,0,0.01
1772932620.589797867,0,0,4.92
1772932620.589797867,1,0,0.01
1772932621.610501659,0,0,4.92
1772932621.610501659,1,0,0.01
1772932622.631312813,0,0,4.92
1772932622.631312813,1,0,0.01
1772932623.652972194,0,0,4.92
1772932623.652972194,1,0,0.01
1772932624.674581919,0,0,4.92
1772932624.674581919,1,0,0.01
1772932625.696159331,0,0,4.92
1772932625.696159331,1,0,0.01
1772932626.716968093,0,0,4.92
1772932626.716968093,1,0,0.01
1772932627.737897349,0,0,4.92
1772932627.737897349,1,0,0.01
1772932628.759286030,0,0,4.92
1772932628.759286030,1,0,0.01
1772932629.779728853,0,0,4.92
1772932629.779728853,1,0,0.01
1772932630.800399067,0,0,4.92
1772932630.800399067,1,0,0.01
1772932631.820856479,0,0,4.92
1772932631.820856479,1,0,0.01
1772932632.841653077,0,0,4.92
1772932632.841653077,1,0,0.01
1772932633.862525876,0,0,4.92
1772932633.862525876,1,0,0.01
1772932634.883765184,0,0,4.92
1772932634.883765184,1,0,0.01
1772932635.904359336,0,0,4.92
1772932635.904359336,1,0,0.01
1772932636.924967046,0,0,4.92
1772932636.924967046,1,0,0.01
1772932637.946186937,0,0,4.92
1772932637.946186937,1,0,0.01
1772932638.966838396,0,0,4.92
1772932638.966838396,1,0,0.01
1772932639.988229335,0,0,4.92
1772932639.988229335,1,0,0.01
1772932641.009176697,0,0,4.92
1772932641.009176697,1,0,0.01
1772932642.029874889,0,0,4.92
1772932642.029874889,1,0,0.01
1772932643.050824208,0,0,4.92
1772932643.050824208,1,0,0.01
1772932644.072302516,0,0,4.92
1772932644.072302516,1,0,0.01
1772932645.093236005,0,0,4.92
1772932645.093236005,1,0,0.01
1772932646.114260114,0,0,4.92
1772932646.114260114,1,0,0.01
1772932647.135121356,0,0,4.92
1772932647.135121356,1,0,0.01
1772932648.156016830,0,0,4.92
1772932648.156016830,1,0,0.01
1772932649.177525271,0,0,4.92
1772932649.177525271,1,0,0.01
1772932650.198548702,0,0,4.92
1772932650.198548702,1,0,0.01
1772932651.219467836,0,0,4.92
1772932651.219467836,1,0,0.01
1772932652.240672828,0,0,4.92
1772932652.240672828,1,0,0.01
1772932653.261807774,0,0,4.92
1772932653.261807774,1,0,0.01
1772932654.282554440,0,0,4.92
1772932654.282554440,1,0,0.01
1772932655.303672980,0,0,4.92
1772932655.303672980,1,0,0.01
1772932656.324809329,0,0,4.92
1772932656.324809329,1,0,0.01
1772932657.345992955,0,0,4.92
1772932657.345992955,1,0,0.01
1772932658.367114969,0,0,4.92
1772932658.367114969,1,0,0.01
1772932659.388852229,0,0,4.92
1772932659.388852229,1,0,0.01
1772932660.410220616,0,0,4.92
1772932660.410220616,1,0,0.01
1772932661.431825837,0,0,4.92
1772932661.431825837,1,0,0.01
1772932662.452962753,0,0,4.92
1772932662.452962753,1,0,0.01
1772932663.474473750,0,0,4.92
1772932663.474473750,1,0,0.01
1772932664.495130444,0,0,4.92
1772932664.495130444,1,0,0.01
1772932665.516133423,0,0,4.92
1772932665.516133423,1,0,0.01
1772932666.537096696,0,0,4.92
1772932666.537096696,1,0,0.01
1772932667.558963206,0,0,4.92
1772932667.558963206,1,0,0.01
1772932668.580767944,0,0,4.92
1772932668.580767944,1,0,0.01
1772932669.602314891,0,0,4.92
1772932669.602314891,1,0,0.01
1772932670.623576748,0,0,4.92
1772932670.623576748,1,0,0.01
1772932671.645504855,0,0,4.92
1772932671.645504855,1,0,0.01
1772932672.667247856,0,0,4.92
1772932672.667247856,1,0,0.01
1772932673.689067565,0,0,4.92
1772932673.689067565,1,0,0.01
1772932674.709816074,0,0,4.92
1772932674.709816074,1,0,0.01
1772932675.730313226,0,0,4.92
1772932675.730313226,1,0,0.01
1772932676.751959825,0,0,4.92
1772932676.751959825,1,0,0.01
1772932677.773088642,0,0,4.92
1772932677.773088642,1,0,0.01
1772932678.793853786,0,0,4.92
1772932678.793853786,1,0,0.01
1772932679.815508929,0,0,4.92
1772932679.815508929,1,0,0.01
1772932680.836887027,0,0,4.92
1772932680.836887027,1,0,0.01
1772932681.858460524,0,0,4.92
1772932681.858460524,1,0,0.01
1772932682.879862412,0,0,4.92
1772932682.879862412,1,0,0.01
1772932683.901302401,0,0,4.92
1772932683.901302401,1,0,0.01
1772932684.922096022,0,0,4.92
1772932684.922096022,1,0,0.01
1772932685.943460065,0,0,4.92
1772932685.943460065,1,0,0.01
1772932686.964963147,0,0,4.92
1772932686.964963147,1,0,0.01
1772932687.986595935,0,0,4.92
1772932687.986595935,1,0,0.01
1772932689.007269974,0,0,4.92
1772932689.007269974,1,0,0.01
1772932690.028185555,0,0,4.92
1772932690.028185555,1,0,0.01
1772932691.049472532,0,0,4.92
1772932691.049472532,1,0,0.01
1772932692.070112704,0,0,4.92
1772932692.070112704,1,0,0.01
1772932693.090974022,0,0,4.92
1772932693.090974022,1,0,0.01
1772932694.111848205,0,0,4.92
1772932694.111848205,1,0,0.01
1772932695.133305287,0,0,4.92
1772932695.133305287,1,0,0.01
1772932696.154112623,0,0,4.92
1772932696.154112623,1,0,0.01
1772932697.175432140,0,0,4.92
1772932697.175432140,1,0,0.01
1772932698.197265362,0,0,4.92
1772932698.197265362,1,0,0.01
1772932699.218083304,0,0,4.92
1772932699.218083304,1,0,0.01
1772932700.239682210,0,0,4.92
1772932700.239682210,1,0,0.01
1772932701.261251601,0,0,4.92
1772932701.261251601,1,0,0.01
1772932702.282086256,0,0,4.92
1772932702.282086256,1,0,0.01
1772932703.301709743,0,0,4.92
1772932703.301709743,1,0,0.01
1772932704.321625991,0,0,4.92
1772932704.321625991,1,0,0.01
1772932705.342368718,0,0,4.92
1772932705.342368718,1,0,0.01
1772932706.363154263,0,0,4.92
1772932706.363154263,1,0,0.01
1772932707.384746538,0,0,4.92
1772932707.384746538,1,0,0.01
1772932708.406285088,0,0,4.92
1772932708.406285088,1,0,0.01
1772932709.427156648,0,0,4.92
1772932709.427156648,1,0,0.01
1772932710.449292125,0,0,4.92
1772932710.449292125,1,0,0.01
1772932711.471150609,0,0,4.92
1772932711.471150609,1,0,0.01
1772932712.492809119,0,0,4.92
1772932712.492809119,1,0,0.01
1772932713.513561640,0,0,4.92
1772932713.513561640,1,0,0.01
1772932714.535002297,0,0,4.92
1772932714.535002297,1,0,0.01
1772932715.556424281,0,0,4.92
1772932715.556424281,1,0,0.01
1772932716.576011847,0,0,4.92
1772932716.576011847,1,0,0.01
1772932717.596813874,0,0,4.92
1772932717.596813874,1,0,0.01
1772932718.617652510,0,0,4.92
1772932718.617652510,1,0,0.01
1772932719.638174920,0,0,4.92
1772932719.638174920,1,0,0.01
1772932720.659007022,0,0,4.92
1772932720.659007022,1,0,0.01
1772932721.680466118,0,0,4.92
1772932721.680466118,1,0,0.01
1772932722.701568778,0,0,4.92
1772932722.701568778,1,0,0.01
1772932723.723100399,0,0,4.92
1772932723.723100399,1,0,0.01
1772932724.743971163,0,0,4.92
1772932724.743971163,1,0,0.01
1772932725.765310652,0,0,4.92
1772932725.765310652,1,0,0.01
1772932726.786265931,0,0,4.92
1772932726.786265931,1,0,0.01
1772932727.807147930,0,0,4.92
1772932727.807147930,1,0,0.01
1772932728.828746409,0,0,4.92
1772932728.828746409,1,0,0.01
1772932729.850091612,0,0,4.92
1772932729.850091612,1,0,0.01
1772932730.871833475,0,0,4.92
1772932730.871833475,1,0,0.01
1772932731.893401873,0,0,4.92
1772932731.893401873,1,0,0.01
1772932732.915451069,0,0,4.92
1772932732.915451069,1,0,0.01
1772932733.936807734,0,0,4.92
1772932733.936807734,1,0,0.01
1772932734.957636088,0,0,4.92
1772932734.957636088,1,0,0.01
1772932735.979567302,0,0,4.92
1772932735.979567302,1,0,0.01
1772932737.001589961,0,0,4.92
1772932737.001589961,1,0,0.01
1772932738.023048293,0,0,4.92
1772932738.023048293,1,0,0.01
1772932739.044362572,0,0,4.92
1772932739.044362572,1,0,0.01
1772932740.065705038,0,0,4.92
1772932740.065705038,1,0,0.01
1772932741.087147339,0,0,4.92
1772932741.087147339,1,0,0.01
1772932742.108077391,0,0,4.92
1772932742.108077391,1,0,0.01
1772932743.129939179,0,0,4.92
1772932743.129939179,1,0,0.01
1772932744.150904729,0,0,4.92
1772932744.150904729,1,0,0.01
1772932745.172544391,0,0,4.92
1772932745.172544391,1,0,0.01
1772932746.193528474,0,0,4.92
1772932746.193528474,1,0,0.01
1772932747.215030956,0,0,4.92
1772932747.215030956,1,0,0.01
1772932748.236163106,0,0,4.92
1772932748.236163106,1,0,0.01
1772932749.257020837,0,0,4.92
1772932749.257020837,1,0,0.01
1772932750.277757705,0,0,4.92
1772932750.277757705,1,0,0.01
1772932751.298799557,0,0,4.92
1772932751.298799557,1,0,0.01
1772932752.318829668,0,0,4.92
1772932752.318829668,1,0,0.01
1772932753.338578686,0,0,4.92
1772932753.338578686,1,0,0.01
1772932754.359634053,0,0,4.92
1772932754.359634053,1,0,0.01
1772932755.379788092,0,0,4.92
1772932755.379788092,1,0,0.01
1772932756.400270047,0,0,4.92
1772932756.400270047,1,0,0.01
1772932757.421595265,0,0,4.92
1772932757.421595265,1,0,0.01
1772932758.443242908,0,0,4.92
1772932758.443242908,1,0,0.01
1772932759.465026376,0,0,4.92
1772932759.465026376,1,0,0.01
1772932760.486025341,0,0,4.92
1772932760.486025341,1,0,0.01
1772932761.506951402,0,0,4.92
1772932761.506951402,1,0,0.01
1772932762.528375701,0,0,4.92
1772932762.528375701,1,0,0.01
1772932763.549174270,0,0,4.92
1772932763.549174270,1,0,0.01
1772932764.570233052,0,0,4.92
1772932764.570233052,1,0,0.01
1772932765.591050702,0,70,4.92
1772932765.591050702,1,0,0.01
1772932766.611999755,0,69,4.92
1772932766.611999755,1,0,0.01
1772932767.631939198,0,0,4.92
1772932767.631939198,1,0,0.01
1772932768.653132238,0,0,4.92
1772932768.653132238,1,0,0.01
1772932769.673292678,0,0,4.92
1772932769.673292678,1,0,0.01
1772932770.692841256,0,0,4.92
1772932770.692841256,1,0,0.01
1772932771.713728709,0,0,4.92
1772932771.713728709,1,0,0.01
1772932772.734462950,0,0,4.92
1772932772.734462950,1,0,0.01
1772932773.755317405,0,0,4.92
1772932773.755317405,1,0,0.01
1772932774.777005805,0,0,4.92
1772932774.777005805,1,0,0.01
1772932775.797943329,0,0,4.92
1772932775.797943329,1,0,0.01
1772932776.819205495,0,0,4.92
1772932776.819205495,1,0,0.01
1772932777.840627016,0,0,4.92
1772932777.840627016,1,0,0.01
1772932778.861335275,0,0,4.92
1772932778.861335275,1,0,0.01
1772932779.882167542,0,0,4.92
1772932779.882167542,1,0,0.01
1772932780.903242669,0,0,4.92
1772932780.903242669,1,0,0.01
1772932781.924082073,0,0,4.92
1772932781.924082073,1,0,0.01
1772932782.945007219,0,0,4.92
1772932782.945007219,1,0,0.01
1772932783.964741015,0,0,4.92
1772932783.964741015,1,0,0.01
1772932784.986205770,0,0,4.92
1772932784.986205770,1,0,0.01
1772932786.008149899,0,0,4.92
1772932786.008149899,1,0,0.01
1772932787.029729224,0,0,4.92
1772932787.029729224,1,0,0.01
1772932788.050834667,0,0,4.92
1772932788.050834667,1,0,0.01
1772932789.072013886,0,0,4.92
1772932789.072013886,1,0,0.01
1772932790.093856667,0,0,4.92
1772932790.093856667,1,0,0.01
1772932791.115045013,0,0,4.92
1772932791.115045013,1,0,0.01
1772932792.136093439,0,0,4.92
1772932792.136093439,1,0,0.01
1772932793.157596002,0,0,4.92
1772932793.157596002,1,0,0.01
1772932794.179034227,0,0,4.92
1772932794.179034227,1,0,0.01
1772932795.200593959,0,0,4.92
1772932795.200593959,1,0,0.01
1772932796.222134658,0,0,4.92
1772932796.222134658,1,0,0.01
1772932797.243409595,0,0,4.92
1772932797.243409595,1,0,0.01
1772932798.264478039,0,0,4.92
1772932798.264478039,1,0,0.01
1772932799.285912322,0,0,4.92
1772932799.285912322,1,0,0.01
1772932800.306842481,0,0,4.92
1772932800.306842481,1,0,0.01
1772932801.327736364,0,0,4.92
1772932801.327736364,1,0,0.01
1772932802.348754079,0,0,4.92
1772932802.348754079,1,0,0.01
1772932803.370312183,0,0,4.92
1772932803.370312183,1,0,0.01
1772932804.391998862,0,0,4.92
1772932804.391998862,1,0,0.01
1772932805.412748537,0,0,4.92
1772932805.412748537,1,0,0.01
1772932806.434243514,0,0,4.92
1772932806.434243514,1,0,0.01
1772932807.455850306,0,0,4.92
1772932807.455850306,1,0,0.01
1772932808.476585809,0,0,4.92
1772932808.476585809,1,0,0.01
1772932809.497655357,0,0,4.92
1772932809.497655357,1,0,0.01
1772932810.518804728,0,0,4.92
1772932810.518804728,1,0,0.01
1772932811.539369441,0,0,4.92
1772932811.539369441,1,0,0.01
1772932812.561232043,0,0,4.92
1772932812.561232043,1,0,0.01
1772932813.582675540,0,0,4.92
1772932813.582675540,1,0,0.01
1772932814.603613197,0,0,4.92
1772932814.603613197,1,0,0.01
1772932815.625063965,0,0,4.92
1772932815.625063965,1,0,0.01
1772932816.646686109,0,0,4.92
1772932816.646686109,1,0,0.01
1772932817.667568383,0,0,4.92
1772932817.667568383,1,0,0.01
1772932818.688448571,0,0,4.92
1772932818.688448571,1,0,0.01
1772932819.709167925,0,0,4.92
1772932819.709167925,1,0,0.01
1772932820.730101144,0,0,4.92
1772932820.730101144,1,0,0.01
1772932821.750976385,0,0,4.92
1772932821.750976385,1,0,0.01
1772932822.771792901,0,0,4.92
1772932822.771792901,1,0,0.01
1772932823.793282837,0,0,4.92
1772932823.793282837,1,0,0.01
1772932824.814889174,0,0,4.92
1772932824.814889174,1,0,0.01
1772932825.834893344,0,0,4.92
1772932825.834893344,1,0,0.01
1772932826.856544434,0,0,4.92
1772932826.856544434,1,0,0.01
1772932827.877277925,0,0,4.92
1772932827.877277925,1,0,0.01
1772932828.898552606,0,0,4.92
1772932828.898552606,1,0,0.01
1772932829.919590717,0,0,4.92
1772932829.919590717,1,0,0.01
1772932830.940974300,0,0,4.92
1772932830.940974300,1,0,0.01
1772932831.963004310,0,67,4.92
1772932831.963004310,1,0,0.01
1772932832.985494089,0,66,4.92
1772932832.985494089,1,0,0.01
1772932834.007336884,0,0,4.92
1772932834.007336884,1,0,0.01
1772932835.028389884,0,0,4.92
1772932835.028389884,1,0,0.01
1772932836.049795137,0,0,4.92
1772932836.049795137,1,0,0.01
1772932837.070989437,0,0,4.92
1772932837.070989437,1,0,0.01
1772932838.091884628,0,0,4.92
1772932838.091884628,1,0,0.01
1772932839.113737129,0,0,4.92
1772932839.113737129,1,0,0.01
1772932840.134275760,0,0,4.92
1772932840.134275760,1,0,0.01
1772932841.155493315,0,0,4.92
1772932841.155493315,1,0,0.01
1772932842.176686109,0,0,4.92
1772932842.176686109,1,0,0.01
1772932843.198246582,0,0,4.92
1772932843.198246582,1,0,0.01
1772932844.219693376,0,0,4.92
1772932844.219693376,1,0,0.01
1772932845.241192194,0,0,4.92
1772932845.241192194,1,0,0.01
1772932846.262544943,0,0,4.92
1772932846.262544943,1,0,0.01
1772932847.283764183,0,0,4.92
1772932847.283764183,1,0,0.01
1772932848.305221874,0,0,4.92
1772932848.305221874,1,0,0.01
1772932849.326205491,0,0,4.92
1772932849.326205491,1,0,0.01
1772932850.348447043,0,0,4.92
1772932850.348447043,1,0,0.01
1772932851.370449300,0,0,4.92
1772932851.370449300,1,0,0.01
1772932852.392022725,0,0,4.92
1772932852.392022725,1,0,0.01
1772932853.413106322,0,0,4.92
1772932853.413106322,1,0,0.01
1772932854.434567648,0,0,4.92
1772932854.434567648,1,0,0.01
1772932855.456094406,0,0,4.92
1772932855.456094406,1,0,0.01
1772932856.477198299,0,0,4.92
1772932856.477198299,1,0,0.01
1772932857.498401566,0,0,4.92
1772932857.498401566,1,0,0.01
1772932858.519706646,0,0,4.92
1772932858.519706646,1,0,0.01
1772932859.540975132,0,0,4.92
1772932859.540975132,1,0,0.01
1772932860.562153923,0,0,4.92
1772932860.562153923,1,0,0.01
1772932861.583693107,0,0,4.92
1772932861.583693107,1,0,0.01
1772932862.604870119,0,0,4.92
1772932862.604870119,1,0,0.01
1772932863.626499103,0,0,4.92
1772932863.626499103,1,0,0.01
1772932864.647617320,0,0,4.92
1772932864.647617320,1,0,0.01
1772932865.668578337,0,0,4.92
1772932865.668578337,1,0,0.01
1772932866.689413469,0,0,4.92
1772932866.689413469,1,0,0.01
1772932867.710533822,0,0,4.92
1772932867.710533822,1,0,0.01
1772932868.731778790,0,0,4.92
1772932868.731778790,1,0,0.01
1772932869.753029884,0,0,4.92
1772932869.753029884,1,0,0.01
1772932870.774419988,0,0,4.92
1772932870.774419988,1,0,0.01
1772932871.795483718,0,0,4.92
1772932871.795483718,1,0,0.01
1772932872.816616542,0,0,4.92
1772932872.816616542,1,0,0.01
1772932873.837595853,0,0,4.92
1772932873.837595853,1,0,0.01
1772932874.859124814,0,0,4.92
1772932874.859124814,1,0,0.01
1772932875.880455983,0,0,4.92
1772932875.880455983,1,0,0.01
1772932876.901966837,0,0,4.92
1772932876.901966837,1,0,0.01
1772932877.923225580,0,0,4.92
1772932877.923225580,1,0,0.01
1772932878.944108850,0,0,4.92
1772932878.944108850,1,0,0.01
1772932879.965335371,0,0,4.92
1772932879.965335371,1,0,0.01
1772932880.986574939,0,0,4.92
1772932880.986574939,1,0,0.01
1772932882.008255809,0,0,4.92
1772932882.008255809,1,0,0.01
1772932883.029985113,0,0,4.92
1772932883.029985113,1,0,0.01
1772932884.051659981,0,0,4.92
1772932884.051659981,1,0,0.01
1772932885.073205451,0,0,4.92
1772932885.073205451,1,0,0.01
1772932886.094985914,0,0,4.92
1772932886.094985914,1,0,0.01
1772932887.116386595,0,0,4.92
1772932887.116386595,1,0,0.01
1772932888.137204579,0,0,4.92
1772932888.137204579,1,0,0.01
1772932889.158909316,0,0,4.92
1772932889.158909316,1,0,0.01
1772932890.180166770,0,0,4.92
1772932890.180166770,1,0,0.01
1772932891.201247174,0,0,4.92
1772932891.201247174,1,0,0.01
1772932892.222000578,0,0,4.92
1772932892.222000578,1,0,0.01
1772932893.243652716,0,0,4.92
1772932893.243652716,1,0,0.01
1772932894.264846681,0,0,4.92
1772932894.264846681,1,0,0.01
1772932895.286421528,0,0,4.92
1772932895.286421528,1,0,0.01
1772932896.308204771,0,0,4.92
1772932896.308204771,1,0,0.01
1772932897.329222326,0,0,4.92
1772932897.329222326,1,0,0.01
1772932898.351026631,0,0,4.92
1772932898.351026631,1,0,0.01
1772932899.372299891,0,0,4.92
1772932899.372299891,1,0,0.01
1772932900.393565064,0,0,4.92
1772932900.393565064,1,0,0.01
1772932901.415218246,0,0,4.92
1772932901.415218246,1,0,0.01
1772932902.436862829,0,0,4.92
1772932902.436862829,1,0,0.01
1772932903.458651688,0,0,4.92
1772932903.458651688,1,0,0.01
1772932904.479397890,0,0,4.92
1772932904.479397890,1,0,0.01
1772932905.500366402,0,0,4.92
1772932905.500366402,1,0,0.01
1772932906.521037541,0,0,4.92
1772932906.521037541,1,0,0.01
1772932907.542307159,0,0,4.92
1772932907.542307159,1,0,0.01
1772932908.563458390,0,0,4.92
1772932908.563458390,1,0,0.01
1772932909.584147780,0,0,4.92
1772932909.584147780,1,0,0.01
1772932910.605394669,0,0,4.92
1772932910.605394669,1,0,0.01
1772932911.626613173,0,0,4.92
1772932911.626613173,1,0,0.01
1772932912.648428675,0,0,4.92
1772932912.648428675,1,0,0.01
1772932913.669133777,0,0,4.92
1772932913.669133777,1,0,0.01
1772932914.691080803,0,0,4.92
1772932914.691080803,1,0,0.01
1772932915.712303670,0,0,4.92
1772932915.712303670,1,0,0.01
1772932916.733052976,0,0,4.92
1772932916.733052976,1,0,0.01
1772932917.754734426,0,0,4.92
1772932917.754734426,1,0,0.01
1772932918.776422648,0,0,4.92
1772932918.776422648,1,0,0.01
1772932919.797554064,0,0,4.92
1772932919.797554064,1,0,0.01
1772932920.818741840,0,0,4.92
1772932920.818741840,1,0,0.01
1772932921.840159626,0,0,4.92
1772932921.840159626,1,0,0.01
1772932922.861809351,0,0,4.92
1772932922.861809351,1,0,0.01
1772932923.883512484,0,0,4.92
1772932923.883512484,1,0,0.01
1772932924.904150735,0,0,4.92
1772932924.904150735,1,0,0.01
1772932925.926038056,0,0,4.92
1772932925.926038056,1,0,0.01
1772932926.947215483,0,0,4.92
1772932926.947215483,1,0,0.01
1772932927.968583536,0,0,4.92
1772932927.968583536,1,0,0.01
1772932928.989620784,0,0,4.92
1772932928.989620784,1,0,0.01
1772932930.010746345,0,0,4.92
1772932930.010746345,1,0,0.01
1772932931.031529524,0,0,4.92
1772932931.031529524,1,0,0.01
1772932932.053552761,0,0,4.92
1772932932.053552761,1,0,0.01
1772932933.074157347,0,0,4.92
1772932933.074157347,1,0,0.01
1772932934.095278026,0,0,4.92
1772932934.095278026,1,0,0.01
1772932935.116439373,0,0,4.92
1772932935.116439373,1,0,0.01
1772932936.138034103,0,0,4.92
1772932936.138034103,1,0,0.01
1772932937.159051750,0,0,4.92
1772932937.159051750,1,0,0.01
1772932938.179756612,0,0,4.92
1772932938.179756612,1,0,0.01
1772932939.201150333,0,0,4.92
1772932939.201150333,1,0,0.01
1772932940.221863172,0,0,4.92
1772932940.221863172,1,0,0.01
1772932941.243035765,0,0,4.92
1772932941.243035765,1,0,0.01
1772932942.264596539,0,0,4.92
1772932942.264596539,1,0,0.01
1772932943.286048519,0,0,4.92
1772932943.286048519,1,0,0.01
1772932944.307238844,0,0,4.92
1772932944.307238844,1,0,0.01
1772932945.328449922,0,0,4.92
1772932945.328449922,1,0,0.01
1772932946.349882681,0,0,4.92
1772932946.349882681,1,0,0.01
1772932947.371116990,0,0,4.92
1772932947.371116990,1,0,0.01
1772932948.392628402,0,0,4.92
1772932948.392628402,1,0,0.01
1772932949.414023985,0,0,4.92
1772932949.414023985,1,0,0.01
1772932950.435621934,0,0,4.92
1772932950.435621934,1,0,0.01
1772932951.457166407,0,0,4.92
1772932951.457166407,1,0,0.01
1772932952.478360634,0,0,4.92
1772932952.478360634,1,0,0.01
1772932953.499342785,0,0,4.92
1772932953.499342785,1,0,0.01
1772932954.521030724,0,0,4.92
1772932954.521030724,1,0,0.01
1772932955.542751033,0,0,4.92
1772932955.542751033,1,0,0.01
1772932956.564273556,0,0,4.92
1772932956.564273556,1,0,0.01
1772932957.585366495,0,0,4.92
1772932957.585366495,1,0,0.01
1772932958.606589013,0,0,4.92
1772932958.606589013,1,0,0.01
1772932959.628174746,0,0,4.92
1772932959.628174746,1,0,0.01
1772932960.649159537,0,0,4.92
1772932960.649159537,1,0,0.01
1772932961.670403729,0,0,4.92
1772932961.670403729,1,0,0.01
1772932962.691756724,0,23,4.92
1772932962.691756724,1,0,0.01
1772932963.712688548,0,65,4.92
1772932963.712688548,1,0,0.01
1772932964.733566954,0,18,4.92
1772932964.733566954,1,0,0.01
1772932965.755135307,0,0,4.92
1772932965.755135307,1,0,0.01
1772932966.776472808,0,0,4.92
1772932966.776472808,1,0,0.01
1772932967.797313859,0,0,4.92
1772932967.797313859,1,0,0.01
1772932968.818045033,0,0,4.92
1772932968.818045033,1,0,0.01
1772932969.838795327,0,0,4.92
1772932969.838795327,1,0,0.01
1772932970.859768171,0,0,4.92
1772932970.859768171,1,0,0.01
1772932971.880698988,0,0,4.92
1772932971.880698988,1,0,0.01
1772932972.901515645,0,0,4.92
1772932972.901515645,1,0,0.01
1772932973.922439119,0,0,4.92
1772932973.922439119,1,0,0.01
1772932974.943522245,0,0,4.92
1772932974.943522245,1,0,0.01
1772932975.964358130,0,0,4.92
1772932975.964358130,1,0,0.01
1772932976.985241810,0,0,4.92
1772932976.985241810,1,0,0.01
1772932978.006763033,0,0,4.92
1772932978.006763033,1,0,0.01
1772932979.027523775,0,0,4.92
1772932979.027523775,1,0,0.01
1772932980.048894316,0,0,4.92
1772932980.048894316,1,0,0.01
1772932981.069540016,0,0,4.92
1772932981.069540016,1,0,0.01
1772932982.090328186,0,0,4.92
1772932982.090328186,1,0,0.01
1772932983.111231869,0,0,4.92
1772932983.111231869,1,0,0.01
1772932984.132098578,0,0,4.92
1772932984.132098578,1,0,0.01
1772932985.152887951,0,0,4.92
1772932985.152887951,1,0,0.01
1772932986.173989235,0,0,4.92
1772932986.173989235,1,0,0.01
1772932987.194869450,0,0,4.92
1772932987.194869450,1,0,0.01
1772932988.216441026,0,0,4.92
1772932988.216441026,1,0,0.01
1772932989.237283113,0,0,4.92
1772932989.237283113,1,0,0.01
1772932990.258773426,0,0,4.92
1772932990.258773426,1,0,0.01
1772932991.279731550,0,0,4.92
1772932991.279731550,1,0,0.01
1772932992.300745087,0,0,4.92
1772932992.300745087,1,0,0.01
1772932993.321469099,0,0,4.92
1772932993.321469099,1,0,0.01
1772932994.342140659,0,0,4.92
1772932994.342140659,1,0,0.01
1772932995.362823128,0,0,4.92
1772932995.362823128,1,0,0.01
1772932996.384268647,0,0,4.92
1772932996.384268647,1,0,0.01
1772932997.404949197,0,0,4.92
1772932997.404949197,1,0,0.01
1772932998.425667729,0,0,4.92
1772932998.425667729,1,0,0.01
1772932999.447325642,0,0,4.92
1772932999.447325642,1,0,0.01
1772933000.468107654,0,0,4.92
1772933000.468107654,1,0,0.01
1772933001.489776364,0,0,4.92
1772933001.489776364,1,0,0.01
1772933002.510500775,0,0,4.92
1772933002.510500775,1,0,0.01
1772933003.532255868,0,0,4.92
1772933003.532255868,1,0,0.01
1772933004.553249275,0,0,4.92
1772933004.553249275,1,0,0.01
1772933005.575117989,0,0,4.92
1772933005.575117989,1,0,0.01
1772933006.596862157,0,0,4.92
1772933006.596862157,1,0,0.01
1772933007.617798404,0,0,4.92
1772933007.617798404,1,0,0.01
1772933008.638535829,0,0,4.92
1772933008.638535829,1,0,0.01
1772933009.659506923,0,0,4.92
1772933009.659506923,1,0,0.01
1772933010.680315251,0,0,4.92
1772933010.680315251,1,0,0.01
1772933011.701742406,0,0,4.92
1772933011.701742406,1,0,0.01
1772933012.723433845,0,0,4.92
1772933012.723433845,1,0,0.01
1772933013.744217319,0,0,4.92
1772933013.744217319,1,0,0.01
1772933014.765222080,0,0,4.92
1772933014.765222080,1,0,0.01
1772933015.785934194,0,0,4.92
1772933015.785934194,1,0,0.01
1772933016.806906136,0,0,4.92
1772933016.806906136,1,0,0.01
1772933017.828001094,0,0,4.92
1772933017.828001094,1,0,0.01
1772933018.850050378,0,0,4.92
1772933018.850050378,1,0,0.01
1772933019.871771569,0,0,4.92
1772933019.871771569,1,0,0.01
1772933020.892517453,0,0,4.92
1772933020.892517453,1,0,0.01
1772933021.914194755,0,70,4.92
1772933021.914194755,1,0,0.01
1772933022.935169525,0,69,4.92
1772933022.935169525,1,0,0.01
1772933023.955922931,0,0,4.92
1772933023.955922931,1,0,0.01
1772933024.977072712,0,0,4.92
1772933024.977072712,1,0,0.01
1772933025.998170234,0,0,4.92
1772933025.998170234,1,0,0.01
1772933027.019116359,0,0,4.92
1772933027.019116359,1,0,0.01
1772933028.040083062,0,0,4.92
1772933028.040083062,1,0,0.01
1772933029.061137424,0,0,4.92
1772933029.061137424,1,0,0.01
1772933030.082720743,0,0,4.92
1772933030.082720743,1,0,0.01
1772933031.103760639,0,0,4.92
1772933031.103760639,1,0,0.01
1772933032.125692210,0,0,4.92
1772933032.125692210,1,0,0.01
1772933033.147587199,0,0,4.92
1772933033.147587199,1,0,0.01
1772933034.168342499,0,0,4.92
1772933034.168342499,1,0,0.01
1772933035.189190904,0,0,4.92
1772933035.189190904,1,0,0.01
1772933036.210741657,0,0,4.92
1772933036.210741657,1,0,0.01
1772933037.232329439,0,0,4.92
1772933037.232329439,1,0,0.01
1772933038.254123653,0,0,4.92
1772933038.254123653,1,0,0.01
1772933039.275323668,0,0,4.92
1772933039.275323668,1,0,0.01
1772933040.296094935,0,0,4.92
1772933040.296094935,1,0,0.01
1772933041.317588030,0,0,4.92
1772933041.317588030,1,0,0.01
1772933042.338195068,0,0,4.92
1772933042.338195068,1,0,0.01
1772933043.359402744,0,0,4.92
1772933043.359402744,1,0,0.01
1772933044.379908175,0,0,4.92
1772933044.379908175,1,0,0.01
1772933045.400458679,0,0,4.92
1772933045.400458679,1,0,0.01
1772933046.421776675,0,0,4.92
1772933046.421776675,1,0,0.01
1772933047.442631394,0,0,4.92
1772933047.442631394,1,0,0.01
1772933048.463769031,0,0,4.92
1772933048.463769031,1,0,0.01
1772933049.484366171,0,0,4.92
1772933049.484366171,1,0,0.01
1772933050.505094263,0,0,4.92
1772933050.505094263,1,0,0.01
1772933051.526092796,0,0,4.92
1772933051.526092796,1,0,0.01
1772933052.546684228,0,0,4.92
1772933052.546684228,1,0,0.01
1772933053.567244598,0,0,4.92
1772933053.567244598,1,0,0.01
1772933054.587862515,0,0,4.92
1772933054.587862515,1,0,0.01
1772933055.609190492,0,0,4.92
1772933055.609190492,1,0,0.01
1772933056.630025383,0,0,4.92
1772933056.630025383,1,0,0.01
1772933057.650968242,0,0,4.92
1772933057.650968242,1,0,0.01
1772933058.672365965,0,0,4.92
1772933058.672365965,1,0,0.01
1772933059.694825170,0,0,4.92
1772933059.694825170,1,0,0.01
1772933060.715707938,0,0,4.92
1772933060.715707938,1,0,0.01
1772933061.738402751,0,0,4.92
1772933061.738402751,1,0,0.01
1772933062.759975867,0,0,4.92
1772933062.759975867,1,0,0.01
1772933063.780866152,0,0,4.92
1772933063.780866152,1,0,0.01
1772933064.801922020,0,0,4.92
1772933064.801922020,1,0,0.01
1772933065.823621557,0,0,4.92
1772933065.823621557,1,0,0.01
1772933066.845572333,0,0,4.92
1772933066.845572333,1,0,0.01
1772933067.866407918,0,0,4.92
1772933067.866407918,1,0,0.01
1772933068.888642518,0,0,4.92
1772933068.888642518,1,0,0.01
1772933069.909861898,0,0,4.92
1772933069.909861898,1,0,0.01
1772933070.931923374,0,0,4.92
1772933070.931923374,1,0,0.01
1772933071.954070814,0,0,4.92
1772933071.954070814,1,0,0.01
1772933072.975603249,0,0,4.92
1772933072.975603249,1,0,0.01
1772933073.997811930,0,0,4.92
1772933073.997811930,1,0,0.01
1772933075.019172291,0,0,4.92
1772933075.019172291,1,0,0.01
1772933076.040980631,0,0,4.92
1772933076.040980631,1,0,0.01
1772933077.062344430,0,0,4.92
1772933077.062344430,1,0,0.01
1772933078.084120407,0,0,4.92
1772933078.084120407,1,0,0.01
1772933079.106375635,0,0,4.92
1772933079.106375635,1,0,0.01
1772933080.128193660,0,0,4.92
1772933080.128193660,1,0,0.01
1772933081.150274350,0,0,4.92
1772933081.150274350,1,0,0.01
1772933082.173013416,0,0,4.92
1772933082.173013416,1,0,0.01
1772933083.194785798,0,0,4.92
1772933083.194785798,1,0,0.01
1772933084.216605990,0,0,4.92
1772933084.216605990,1,0,0.01
1772933085.238394140,0,0,4.92
1772933085.238394140,1,0,0.01
1772933086.260142979,0,0,4.92
1772933086.260142979,1,0,0.01
1772933087.282413668,0,0,4.92
1772933087.282413668,1,0,0.01
1772933088.304044338,0,0,4.92
1772933088.304044338,1,0,0.01
1772933089.325889681,0,0,4.92
1772933089.325889681,1,0,0.01
1772933090.347919718,0,0,4.92
1772933090.347919718,1,0,0.01
1772933091.370042066,0,0,4.92
1772933091.370042066,1,0,0.01
1772933092.392904276,0,0,4.92
1772933092.392904276,1,0,0.01
1772933093.415080810,0,0,4.92
1772933093.415080810,1,0,0.01
1772933094.437992987,0,0,4.92
1772933094.437992987,1,0,0.01
1772933095.459896368,0,0,4.92
1772933095.459896368,1,0,0.01
1772933096.482204862,0,0,4.92
1772933096.482204862,1,0,0.01
1772933097.504602709,0,0,4.92
1772933097.504602709,1,0,0.01
1772933098.526707851,0,0,4.92
1772933098.526707851,1,0,0.01
1772933099.548869010,0,0,4.92
1772933099.548869010,1,0,0.01
1772933100.572002976,0,0,4.92
1772933100.572002976,1,0,0.01
1772933101.594170500,0,0,4.92
1772933101.594170500,1,0,0.01
1772933102.616770269,0,0,4.92
1772933102.616770269,1,0,0.01
1772933103.638993011,0,0,4.92
1772933103.638993011,1,0,0.01
1772933104.661222298,0,0,4.92
1772933104.661222298,1,0,0.01
1772933105.683283563,0,0,4.92
1772933105.683283563,1,0,0.01
1772933106.705444080,0,0,4.92
1772933106.705444080,1,0,0.01
1772933107.727499011,0,0,4.92
1772933107.727499011,1,0,0.01
1772933108.749758187,0,0,4.92
1772933108.749758187,1,0,0.01
1772933109.771955566,0,0,4.92
1772933109.771955566,1,0,0.01
1772933110.793914492,0,0,4.92
1772933110.793914492,1,0,0.01
1772933111.815929808,0,0,4.92
1772933111.815929808,1,0,0.01
1772933112.839101534,0,0,4.92
1772933112.839101534,1,0,0.01
1772933113.861338153,0,0,4.92
1772933113.861338153,1,0,0.01
1772933114.883344129,0,0,4.92
1772933114.883344129,1,0,0.01
1772933115.906149960,0,0,4.92
1772933115.906149960,1,0,0.01
1772933116.928209324,0,0,4.92
1772933116.928209324,1,0,0.01
1772933117.951014634,0,0,4.92
1772933117.951014634,1,0,0.01
1772933118.973175146,0,0,4.92
1772933118.973175146,1,0,0.01
1772933119.995419390,0,0,4.92
1772933119.995419390,1,0,0.01
1772933121.017577391,0,0,4.92
1772933121.017577391,1,0,0.01
1772933122.039778858,0,0,4.92
1772933122.039778858,1,0,0.01
1772933123.061998510,0,0,4.92
1772933123.061998510,1,0,0.01
1772933124.084908574,0,0,4.92
1772933124.084908574,1,0,0.01
1772933125.107723846,0,0,4.92
1772933125.107723846,1,0,0.01
1772933126.129755061,0,0,4.92
1772933126.129755061,1,0,0.01
1772933127.151951671,0,0,4.92
1772933127.151951671,1,0,0.01
1772933128.174760700,0,0,4.92
1772933128.174760700,1,0,0.01
1772933129.197454063,0,0,4.92
1772933129.197454063,1,0,0.01
1772933130.219545277,0,0,4.92
1772933130.219545277,1,0,0.01
1772933131.241683465,0,0,4.92
1772933131.241683465,1,0,0.01
1772933132.264538728,0,0,4.92
1772933132.264538728,1,0,0.01
1772933133.286649200,0,0,4.92
1772933133.286649200,1,0,0.01
1772933134.308958396,0,0,4.92
1772933134.308958396,1,0,0.01
1772933135.331237230,0,0,4.92
1772933135.331237230,1,0,0.01
1772933136.354073618,0,0,4.92
1772933136.354073618,1,0,0.01
1772933137.376529990,0,0,4.92
1772933137.376529990,1,0,0.01
1772933138.398729575,0,0,4.92
1772933138.398729575,1,0,0.01
1772933139.421500840,0,0,4.92
1772933139.421500840,1,0,0.01
1772933140.444231369,0,0,4.92
1772933140.444231369,1,0,0.01
1772933141.466343403,0,0,4.92
1772933141.466343403,1,0,0.01
1772933142.488828615,0,0,4.92
1772933142.488828615,1,0,0.01
1772933143.511093380,0,0,4.92
1772933143.511093380,1,0,0.01
1772933144.533716121,0,0,4.92
1772933144.533716121,1,0,0.01
1772933145.556030177,0,0,4.92
1772933145.556030177,1,0,0.01
1772933146.578364960,0,0,4.92
1772933146.578364960,1,0,0.01
1772933147.600630312,0,0,4.92
1772933147.600630312,1,0,0.01
1772933148.622793054,0,0,4.92
1772933148.622793054,1,0,0.01
1772933149.644788346,0,0,4.92
1772933149.644788346,1,0,0.01
1772933150.667546534,0,0,4.92
1772933150.667546534,1,0,0.01
1772933151.689851672,0,0,4.92
1772933151.689851672,1,0,0.01
1772933152.712556156,0,0,4.92
1772933152.712556156,1,0,0.01
1772933153.734358750,0,0,4.92
1772933153.734358750,1,0,0.01
1772933154.756288782,0,0,4.92
1772933154.756288782,1,0,0.01
1772933155.778804093,0,0,4.92
1772933155.778804093,1,0,0.01
1772933156.800772332,0,0,4.92
1772933156.800772332,1,0,0.01
1772933157.822931515,0,75,4.92
1772933157.822931515,1,0,0.01
1772933158.845488111,0,71,4.92
1772933158.845488111,1,0,0.01
1772933159.867622307,0,0,4.92
1772933159.867622307,1,0,0.01
1772933160.889629395,0,0,4.92
1772933160.889629395,1,0,0.01
1772933161.912168477,0,0,4.92
1772933161.912168477,1,0,0.01
1772933162.934636228,0,0,4.92
1772933162.934636228,1,0,0.01
1772933163.957782714,0,0,4.92
1772933163.957782714,1,0,0.01
1772933164.980665257,0,0,4.92
1772933164.980665257,1,0,0.01
1772933166.003289812,0,0,4.92
1772933166.003289812,1,0,0.01
1772933167.026338184,0,0,4.92
1772933167.026338184,1,0,0.01
1772933168.049297215,0,0,4.92
1772933168.049297215,1,0,0.01
1772933169.071368090,0,0,4.92
1772933169.071368090,1,0,0.01
1772933170.094056280,0,0,4.92
1772933170.094056280,1,0,0.01
1772933171.116535601,0,0,4.92
1772933171.116535601,1,0,0.01
1772933172.139597669,0,0,4.92
1772933172.139597669,1,0,0.01
1772933173.162371212,0,0,4.92
1772933173.162371212,1,0,0.01
1772933174.186100869,0,0,4.92
1772933174.186100869,1,0,0.01
1772933175.210371462,0,0,4.92
1772933175.210371462,1,0,0.01
1772933176.233008941,0,39,4.92
1772933176.233008941,1,0,0.01
1772933177.255879150,0,67,4.92
1772933177.255879150,1,0,0.01
1772933178.279428463,0,28,4.92
1772933178.279428463,1,0,0.01
1772933179.303173499,0,0,4.92
1772933179.303173499,1,0,0.01
1772933180.326267677,0,0,4.92
1772933180.326267677,1,0,0.01
1772933181.349208437,0,0,4.92
1772933181.349208437,1,0,0.01
1772933182.373073012,0,69,4.92
1772933182.373073012,1,0,0.01
1772933183.396700952,0,55,4.92
1772933183.396700952,1,0,0.01
1772933184.419698087,0,0,4.92
1772933184.419698087,1,0,0.01
1772933185.442304663,0,64,4.92
1772933185.442304663,1,0,0.01
1772933186.464507656,0,58,4.92
1772933186.464507656,1,0,0.01
1772933187.488166854,0,0,4.92
1772933187.488166854,1,0,0.01
1772933188.512328009,0,0,4.92
1772933188.512328009,1,0,0.01
1772933189.534546711,0,0,4.92
1772933189.534546711,1,0,0.01
1772933190.557210111,0,0,4.92
1772933190.557210111,1,0,0.01
1772933191.580071171,0,0,4.92
1772933191.580071171,1,0,0.01
1772933192.604220716,0,0,4.92
1772933192.604220716,1,0,0.01
1772933193.628206549,0,0,4.92
1772933193.628206549,1,0,0.01
1772933194.651404120,0,0,4.92
1772933194.651404120,1,0,0.01
1772933195.672602433,0,0,4.92
1772933195.672602433,1,0,0.01
1772933196.694584828,0,0,4.92
1772933196.694584828,1,0,0.01
1772933197.716249712,0,0,4.92
1772933197.716249712,1,0,0.01
1772933198.738447836,0,0,4.92
1772933198.738447836,1,0,0.01
1772933199.760615824,0,0,4.92
1772933199.760615824,1,0,0.01
1772933200.782846846,0,0,4.92
1772933200.782846846,1,0,0.01
1772933201.804972792,0,0,4.92
1772933201.804972792,1,0,0.01
1772933202.827895891,0,0,4.92
1772933202.827895891,1,0,0.01
1772933203.850572419,0,0,4.92
1772933203.850572419,1,0,0.01
1772933204.873413177,0,0,4.92
1772933204.873413177,1,0,0.01
1772933205.895605805,0,0,4.92
1772933205.895605805,1,0,0.01
1772933206.917544543,0,0,4.92
1772933206.917544543,1,0,0.01
1772933207.939825179,0,0,4.92
1772933207.939825179,1,0,0.01
1772933208.962616570,0,0,4.92
1772933208.962616570,1,0,0.01
1772933209.985359104,0,0,4.92
1772933209.985359104,1,0,0.01
1772933211.007961784,0,0,4.92
1772933211.007961784,1,0,0.01
1772933212.030211704,0,0,4.92
1772933212.030211704,1,0,0.01
1772933213.052491917,0,0,4.92
1772933213.052491917,1,0,0.01
1772933214.074649922,0,0,4.92
1772933214.074649922,1,0,0.01
1772933215.096910220,0,0,4.92
1772933215.096910220,1,0,0.01
1772933216.119976563,0,0,4.92
1772933216.119976563,1,0,0.01
1772933217.142203645,0,0,4.92
1772933217.142203645,1,0,0.01
1772933218.164953423,0,0,4.92
1772933218.164953423,1,0,0.01
1772933219.187294199,0,0,4.92
1772933219.187294199,1,0,0.01
1772933220.209227152,0,0,4.92
1772933220.209227152,1,0,0.01
1772933221.231716402,0,0,4.92
1772933221.231716402,1,0,0.01
1772933222.254128516,0,0,4.92
1772933222.254128516,1,0,0.01
1772933223.275985322,0,0,4.92
1772933223.275985322,1,0,0.01
1772933224.298037591,0,0,4.92
1772933224.298037591,1,0,0.01
1772933225.320534716,0,0,4.92
1772933225.320534716,1,0,0.01
1772933226.343248980,0,0,4.92
1772933226.343248980,1,0,0.01
1772933227.365147430,0,0,4.92
1772933227.365147430,1,0,0.01
1772933228.386785262,0,0,4.92
1772933228.386785262,1,0,0.01
1772933229.408993501,0,0,4.92
1772933229.408993501,1,0,0.01
1772933230.430081802,0,0,4.92
1772933230.430081802,1,0,0.01
1772933231.451682578,0,0,4.92
1772933231.451682578,1,0,0.01
1772933232.473184354,0,0,4.92
1772933232.473184354,1,0,0.01
1772933233.493788391,0,0,4.92
1772933233.493788391,1,0,0.01
1772933234.515319193,0,0,4.92
1772933234.515319193,1,0,0.01
1772933235.537111774,0,0,4.92
1772933235.537111774,1,0,0.01
1772933236.558619255,0,0,4.92
1772933236.558619255,1,0,0.01
1772933237.579504496,0,0,4.92
1772933237.579504496,1,0,0.01
1772933238.600208110,0,0,4.92
1772933238.600208110,1,0,0.01
1772933239.621613438,0,0,4.92
1772933239.621613438,1,0,0.01
1772933240.643183824,0,0,4.92
1772933240.643183824,1,0,0.01
1772933241.663945441,0,0,4.92
1772933241.663945441,1,0,0.01
1772933242.685455564,0,0,4.92
1772933242.685455564,1,0,0.01
1772933243.706306260,0,0,4.92
1772933243.706306260,1,0,0.01
1772933244.727151400,0,0,4.92
1772933244.727151400,1,0,0.01
1772933245.748553773,0,0,4.92
1772933245.748553773,1,0,0.01
1772933246.769429825,0,0,4.92
1772933246.769429825,1,0,0.01
1772933247.790464146,0,0,4.92
1772933247.790464146,1,0,0.01
1772933248.811884143,0,0,4.92
1772933248.811884143,1,0,0.01
1772933249.832465626,0,0,4.92
1772933249.832465626,1,0,0.01
1772933250.853908832,0,0,4.92
1772933250.853908832,1,0,0.01
1772933251.874633481,0,0,4.92
1772933251.874633481,1,0,0.01
1772933252.896110584,0,0,4.92
1772933252.896110584,1,0,0.01
1772933253.916910218,0,0,4.92
1772933253.916910218,1,0,0.01
1772933254.937820008,0,0,4.92
1772933254.937820008,1,0,0.01
1772933255.958595499,0,0,4.92
1772933255.958595499,1,0,0.01
1772933256.979205738,0,0,4.92
1772933256.979205738,1,0,0.01
1772933258.000122879,0,0,4.92
1772933258.000122879,1,0,0.01
1772933259.021782132,0,0,4.92
1772933259.021782132,1,0,0.01
1772933260.042568781,0,0,4.92
1772933260.042568781,1,0,0.01
1772933261.063296821,0,0,4.92
1772933261.063296821,1,0,0.01
1772933262.084126112,0,0,4.92
1772933262.084126112,1,0,0.01
1772933263.104945894,0,0,4.92
1772933263.104945894,1,0,0.01
1772933264.125890514,0,0,4.92
1772933264.125890514,1,0,0.01
1772933265.147253872,0,0,4.92
1772933265.147253872,1,0,0.01
1772933266.168655717,0,0,4.92
1772933266.168655717,1,0,0.01
1772933267.189448846,0,0,4.92
1772933267.189448846,1,0,0.01
1772933268.210201162,0,0,4.92
1772933268.210201162,1,0,0.01
1772933269.231543924,0,0,4.92
1772933269.231543924,1,0,0.01
1772933270.253095786,0,0,4.92
1772933270.253095786,1,0,0.01
1772933271.274567444,0,0,4.92
1772933271.274567444,1,0,0.01
1772933272.295410400,0,0,4.92
1772933272.295410400,1,0,0.01
1772933273.316161880,0,0,4.92
1772933273.316161880,1,0,0.01
1772933274.336964414,0,0,4.92
1772933274.336964414,1,0,0.01
1772933275.358120296,0,0,4.92
1772933275.358120296,1,0,0.01
1772933276.379507115,0,0,4.92
1772933276.379507115,1,0,0.01
1772933277.400299576,0,0,4.92
1772933277.400299576,1,0,0.01
1772933278.421840413,0,0,4.92
1772933278.421840413,1,0,0.01
1772933279.443436304,0,0,4.92
1772933279.443436304,1,0,0.01
1772933280.464209123,0,0,4.92
1772933280.464209123,1,0,0.01
1772933281.485540433,0,0,4.92
1772933281.485540433,1,0,0.01
1772933282.506393939,0,0,4.92
1772933282.506393939,1,0,0.01
1772933283.527102637,0,0,4.92
1772933283.527102637,1,0,0.01
1772933284.547878467,0,0,4.92
1772933284.547878467,1,0,0.01
1772933285.568669652,0,0,4.92
1772933285.568669652,1,0,0.01
1772933286.590242708,0,0,4.92
1772933286.590242708,1,0,0.01
1772933287.611149820,0,0,4.92
1772933287.611149820,1,0,0.01
1772933288.631997567,0,0,4.92
1772933288.631997567,1,0,0.01
1772933289.652902227,0,0,4.92
1772933289.652902227,1,0,0.01
1772933290.673557558,0,0,4.92
1772933290.673557558,1,0,0.01
1772933291.694262935,0,0,4.92
1772933291.694262935,1,0,0.01
1772933292.715058362,0,0,4.92
1772933292.715058362,1,0,0.01
1772933293.735592230,0,0,4.92
1772933293.735592230,1,0,0.01
1772933294.756484077,0,0,4.92
1772933294.756484077,1,0,0.01
1772933295.777514283,0,0,4.92
1772933295.777514283,1,0,0.01
1772933296.798240833,0,0,4.92
1772933296.798240833,1,0,0.01
1772933297.819170415,0,0,4.92
1772933297.819170415,1,0,0.01
1772933298.839820366,0,0,4.92
1772933298.839820366,1,0,0.01
1772933299.861257811,0,0,4.92
1772933299.861257811,1,0,0.01
1772933300.882032246,0,0,4.92
1772933300.882032246,1,0,0.01
1772933301.902848812,0,0,4.92
1772933301.902848812,1,0,0.01
1772933302.923588716,0,0,4.92
1772933302.923588716,1,0,0.01
1772933303.944339839,0,0,4.92
1772933303.944339839,1,0,0.01
1772933304.966048334,0,0,4.92
1772933304.966048334,1,0,0.01
1772933305.986867921,0,0,4.92
1772933305.986867921,1,0,0.01
1772933307.008116992,0,0,4.92
1772933307.008116992,1,0,0.01
1772933308.029023742,0,0,4.92
1772933308.029023742,1,0,0.01
1772933309.049834083,0,0,4.92
1772933309.049834083,1,0,0.01
1772933310.070714779,0,0,4.92
1772933310.070714779,1,0,0.01
1772933311.092667052,0,0,4.92
1772933311.092667052,1,0,0.01
1772933312.113686022,0,0,4.92
1772933312.113686022,1,0,0.01
1772933313.134724233,0,0,4.92
1772933313.134724233,1,0,0.01
1772933314.156192100,0,0,4.92
1772933314.156192100,1,0,0.01
1772933315.177070610,0,0,4.92
1772933315.177070610,1,0,0.01
1772933316.198631329,0,0,4.92
1772933316.198631329,1,0,0.01
1772933317.219692420,0,0,4.92
1772933317.219692420,1,0,0.01
1772933318.240533679,0,0,4.92
1772933318.240533679,1,0,0.01
1772933319.261525779,0,0,4.92
1772933319.261525779,1,0,0.01
1772933320.282521096,0,0,4.92
1772933320.282521096,1,0,0.01
1772933321.303603911,0,0,4.92
1772933321.303603911,1,0,0.01
1772933322.324498404,0,0,4.92
1772933322.324498404,1,0,0.01
1772933323.345435265,0,0,4.92
1772933323.345435265,1,0,0.01
1772933324.367041074,0,0,4.92
1772933324.367041074,1,0,0.01
1772933325.388667888,0,0,4.92
1772933325.388667888,1,0,0.01
1772933326.409455872,0,0,4.92
1772933326.409455872,1,0,0.01
1772933327.430859845,0,0,4.92
1772933327.430859845,1,0,0.01
1772933328.452500201,0,0,4.92
1772933328.452500201,1,0,0.01
1772933329.473344524,0,0,4.92
1772933329.473344524,1,0,0.01
1772933330.494662016,0,0,4.92
1772933330.494662016,1,0,0.01
1772933331.516207086,0,0,4.92
1772933331.516207086,1,0,0.01
1772933332.537896306,0,0,4.92
1772933332.537896306,1,0,0.01
1772933333.559438520,0,0,4.92
1772933333.559438520,1,0,0.01
1772933334.581143816,0,0,4.92
1772933334.581143816,1,0,0.01
1772933335.602043818,0,0,4.92
1772933335.602043818,1,0,0.01
1772933336.622815635,0,0,4.92
1772933336.622815635,1,0,0.01
1772933337.643761895,0,0,4.92
1772933337.643761895,1,0,0.01
1772933338.664718627,0,0,4.92
1772933338.664718627,1,0,0.01
1772933339.686396277,0,0,4.92
1772933339.686396277,1,0,0.01
1772933340.708232178,0,0,4.92
1772933340.708232178,1,0,0.01
1772933341.729195177,0,0,4.92
1772933341.729195177,1,0,0.01
1772933342.750633148,0,0,4.92
1772933342.750633148,1,0,0.01
1772933343.772086793,0,0,4.92
1772933343.772086793,1,0,0.01
1772933344.793653047,0,0,4.92
1772933344.793653047,1,0,0.01
1772933345.814537813,0,0,4.92
1772933345.814537813,1,0,0.01
1772933346.835969462,0,0,4.92
1772933346.835969462,1,0,0.01
1772933347.857167565,0,0,4.92
1772933347.857167565,1,0,0.01
1772933348.878855343,0,0,4.92
1772933348.878855343,1,0,0.01
1772933349.900400412,0,0,4.92
1772933349.900400412,1,0,0.01
1772933350.921259752,0,0,4.92
1772933350.921259752,1,0,0.01
1772933351.942767544,0,0,4.92
1772933351.942767544,1,0,0.01
1772933352.963691253,0,0,4.92
1772933352.963691253,1,0,0.01
1772933353.984512541,0,0,4.92
1772933353.984512541,1,0,0.01
1772933355.006177490,0,0,4.92
1772933355.006177490,1,0,0.01
1772933356.027347181,0,0,4.92
1772933356.027347181,1,0,0.01
1772933357.048465465,0,0,4.92
1772933357.048465465,1,0,0.01
1772933358.070294021,0,0,4.92
1772933358.070294021,1,0,0.01
1772933359.091503116,0,0,4.92
1772933359.091503116,1,0,0.01
1772933360.112435269,0,0,4.92
1772933360.112435269,1,0,0.01
1772933361.133400559,0,0,4.92
1772933361.133400559,1,0,0.01
1772933362.154249168,0,0,4.92
1772933362.154249168,1,0,0.01
1772933363.175813283,0,0,4.92
1772933363.175813283,1,0,0.01
1772933364.196703663,0,0,4.92
1772933364.196703663,1,0,0.01
1772933365.217506927,0,0,4.92
1772933365.217506927,1,0,0.01
1772933366.239141745,0,0,4.92
1772933366.239141745,1,0,0.01
1772933367.260011285,0,0,4.92
1772933367.260011285,1,0,0.01
1772933368.280952328,0,0,4.92
1772933368.280952328,1,0,0.01
1772933369.301962395,0,0,4.92
1772933369.301962395,1,0,0.01
1772933370.322886002,0,0,4.92
1772933370.322886002,1,0,0.01
1772933371.343794069,0,0,4.92
1772933371.343794069,1,0,0.01
1772933372.364564647,0,0,4.92
1772933372.364564647,1,0,0.01
1772933373.385380133,0,0,4.92
1772933373.385380133,1,0,0.01
1772933374.406744806,0,0,4.92
1772933374.406744806,1,0,0.01
1772933375.428293794,0,0,4.92
1772933375.428293794,1,0,0.01
1772933376.449134341,0,0,4.92
1772933376.449134341,1,0,0.01
1772933377.470111960,0,0,4.92
1772933377.470111960,1,0,0.01
1772933378.491018605,0,0,4.92
1772933378.491018605,1,0,0.01
1772933379.511955371,0,0,4.92
1772933379.511955371,1,0,0.01
1772933380.532936729,0,0,4.92
1772933380.532936729,1,0,0.01
1772933381.553704602,0,0,4.92
1772933381.553704602,1,0,0.01
1772933382.575257853,0,0,4.92
1772933382.575257853,1,0,0.01
1772933383.596158043,0,0,4.92
1772933383.596158043,1,0,0.01
1772933384.617065492,0,0,4.92
1772933384.617065492,1,0,0.01
1772933385.638848762,0,0,4.92
1772933385.638848762,1,0,0.01
1772933386.660368086,0,0,4.92
1772933386.660368086,1,0,0.01
1772933387.681249946,0,0,4.92
1772933387.681249946,1,0,0.01
1772933388.702831186,0,0,4.92
1772933388.702831186,1,0,0.01
1772933389.723642062,0,0,4.92
1772933389.723642062,1,0,0.01
1772933390.745110398,0,0,4.92
1772933390.745110398,1,0,0.01
1772933391.766578061,0,0,4.92
1772933391.766578061,1,0,0.01
1772933392.787450543,0,0,4.92
1772933392.787450543,1,0,0.01
1772933393.808189220,0,0,4.92
1772933393.808189220,1,0,0.01
1772933394.829056551,0,0,4.92
1772933394.829056551,1,0,0.01
1772933395.849964114,0,0,4.92
1772933395.849964114,1,0,0.01
1772933396.871705421,0,0,4.92
1772933396.871705421,1,0,0.01
1772933397.892685669,0,0,4.92
1772933397.892685669,1,0,0.01
1772933398.913855671,0,0,4.92
1772933398.913855671,1,0,0.01
1772933399.934934649,0,0,4.92
1772933399.934934649,1,0,0.01
1772933400.955748353,0,0,4.92
1772933400.955748353,1,0,0.01
1772933401.976614991,0,0,4.92
1772933401.976614991,1,0,0.01
1772933402.998312789,0,0,4.92
1772933402.998312789,1,0,0.01
1772933404.019142492,0,0,4.92
1772933404.019142492,1,0,0.01
1772933405.040029446,0,0,4.92
1772933405.040029446,1,0,0.01
1772933406.061107719,0,0,4.92
1772933406.061107719,1,0,0.01
1772933407.082046870,0,0,4.92
1772933407.082046870,1,0,0.01
1772933408.103007409,0,0,4.92
1772933408.103007409,1,0,0.01
1772933409.123945382,0,0,4.92
1772933409.123945382,1,0,0.01
1772933410.144967997,0,0,4.92
1772933410.144967997,1,0,0.01
1772933411.166773077,0,0,4.92
1772933411.166773077,1,0,0.01
1772933412.187676772,0,0,4.92
1772933412.187676772,1,0,0.01
1772933413.208739509,0,0,4.92
1772933413.208739509,1,0,0.01
1772933414.229518004,0,0,4.92
1772933414.229518004,1,0,0.01
1772933415.250627545,0,0,4.92
1772933415.250627545,1,0,0.01
1772933416.271472883,0,0,4.92
1772933416.271472883,1,0,0.01
1772933417.292219485,0,0,4.92
1772933417.292219485,1,0,0.01
1772933418.313339474,0,0,4.92
1772933418.313339474,1,0,0.01
1772933419.335063136,0,0,4.92
1772933419.335063136,1,0,0.01
1772933420.356512810,0,0,4.92
1772933420.356512810,1,0,0.01
1772933421.377311165,0,0,4.92
1772933421.377311165,1,0,0.01
1772933422.398161427,0,0,4.92
1772933422.398161427,1,0,0.01
1772933423.419124328,0,0,4.92
1772933423.419124328,1,0,0.01
1772933424.440177031,0,0,4.92
1772933424.440177031,1,0,0.01
1772933425.460957463,0,0,4.92
1772933425.460957463,1,0,0.01
1772933426.481885499,0,0,4.92
1772933426.481885499,1,0,0.01
1772933427.502818780,0,0,4.92
1772933427.502818780,1,0,0.01
1772933428.524254205,0,0,4.92
1772933428.524254205,1,0,0.01
1772933429.545146071,0,0,4.92
1772933429.545146071,1,0,0.01
1772933430.566305502,0,0,4.92
1772933430.566305502,1,0,0.01
1772933431.587828125,0,0,4.92
1772933431.587828125,1,0,0.01
1772933432.609778218,0,0,4.92
1772933432.609778218,1,0,0.01
1772933433.631504704,0,0,4.92
1772933433.631504704,1,0,0.01
1772933434.653066904,0,0,4.92
1772933434.653066904,1,0,0.01
1772933435.675363442,0,0,4.92
1772933435.675363442,1,0,0.01
1772933436.696768763,0,0,4.92
1772933436.696768763,1,0,0.01
1772933437.718476362,0,0,4.92
1772933437.718476362,1,0,0.01
1772933438.740517204,0,0,4.92
1772933438.740517204,1,0,0.01
1772933439.762170900,0,0,4.92
1772933439.762170900,1,0,0.01
1772933440.782910489,0,0,4.92
1772933440.782910489,1,0,0.01
1772933441.804643678,0,0,4.92
1772933441.804643678,1,0,0.01
1772933442.826205340,0,0,4.92
1772933442.826205340,1,0,0.01
1772933443.847850764,0,0,4.92
1772933443.847850764,1,0,0.01
1772933444.869246011,0,0,4.92
1772933444.869246011,1,0,0.01
1772933445.890641609,0,0,4.92
1772933445.890641609,1,0,0.01
1772933446.912091253,0,0,4.92
1772933446.912091253,1,0,0.01
1772933447.934090719,0,0,4.92
1772933447.934090719,1,0,0.01
1772933448.956424950,0,0,4.92
1772933448.956424950,1,0,0.01
1772933449.977989334,0,0,4.92
1772933449.977989334,1,0,0.01
1772933450.999659736,0,0,4.92
1772933450.999659736,1,0,0.01
1772933452.021422827,0,0,4.92
1772933452.021422827,1,0,0.01
1772933453.042221559,0,0,4.92
1772933453.042221559,1,0,0.01
1772933454.063908948,0,0,4.92
1772933454.063908948,1,0,0.01
1772933455.085294136,0,0,4.92
1772933455.085294136,1,0,0.01
1772933456.106185114,0,0,4.92
1772933456.106185114,1,0,0.01
1772933457.128009335,0,0,4.92
1772933457.128009335,1,0,0.01
1772933458.149615898,0,0,4.92
1772933458.149615898,1,0,0.01
1772933459.170410668,0,0,4.92
1772933459.170410668,1,0,0.01
1772933460.192554082,0,0,4.92
1772933460.192554082,1,0,0.01
1772933461.213299899,0,0,4.92
1772933461.213299899,1,0,0.01
1772933462.234859394,0,0,4.92
1772933462.234859394,1,0,0.01
1772933463.256476396,0,0,4.92
1772933463.256476396,1,0,0.01
1772933464.278635704,0,0,4.92
1772933464.278635704,1,0,0.01
1772933465.300208094,0,70,4.92
1772933465.300208094,1,0,0.01
1772933466.321904941,0,70,4.92
1772933466.321904941,1,0,0.01
1772933467.343330758,0,0,4.92
1772933467.343330758,1,0,0.01
1772933468.365119889,0,0,4.92
1772933468.365119889,1,0,0.01
1772933469.386671286,0,0,4.92
1772933469.386671286,1,0,0.01
1772933470.407538990,0,0,4.92
1772933470.407538990,1,0,0.01
1772933471.429203038,0,0,4.92
1772933471.429203038,1,0,0.01
1772933472.450801140,0,0,4.92
1772933472.450801140,1,0,0.01
1772933473.472628812,0,0,4.92
1772933473.472628812,1,0,0.01
1772933474.494325728,0,0,4.92
1772933474.494325728,1,0,0.01
1772933475.515868668,0,0,4.92
1772933475.515868668,1,0,0.01
1772933476.537941961,0,0,4.92
1772933476.537941961,1,0,0.01
1772933477.559689694,0,0,4.92
1772933477.559689694,1,0,0.01
1772933478.581698544,0,0,4.92
1772933478.581698544,1,0,0.01
1772933479.603455327,0,0,4.92
1772933479.603455327,1,0,0.01
1772933480.625101196,0,0,4.92
1772933480.625101196,1,0,0.01
1772933481.646761634,0,0,4.92
1772933481.646761634,1,0,0.01
1772933482.668322754,0,0,4.92
1772933482.668322754,1,0,0.01
1772933483.690247988,0,0,4.92
1772933483.690247988,1,0,0.01
1772933484.712023073,0,0,4.92
1772933484.712023073,1,0,0.01
1772933485.734017399,0,0,4.92
1772933485.734017399,1,0,0.01
1772933486.756085181,0,0,4.92
1772933486.756085181,1,0,0.01
1772933487.778035966,0,0,4.92
1772933487.778035966,1,0,0.01
1772933488.800137142,0,0,4.92
1772933488.800137142,1,0,0.01
1772933489.822260609,0,0,4.92
1772933489.822260609,1,0,0.01
1772933490.844946177,0,0,4.92
1772933490.844946177,1,0,0.01
1772933491.867239638,0,0,4.92
1772933491.867239638,1,0,0.01
1772933492.890167585,0,0,4.92
1772933492.890167585,1,0,0.01
1772933493.912837873,0,0,4.92
1772933493.912837873,1,0,0.01
1772933494.934940515,0,0,4.92
1772933494.934940515,1,0,0.01
1772933495.957209207,0,0,4.92
1772933495.957209207,1,0,0.01
1772933496.979682747,0,0,4.92
1772933496.979682747,1,0,0.01
1772933498.002812841,0,0,4.92
1772933498.002812841,1,0,0.01
1772933499.025565041,0,0,4.92
1772933499.025565041,1,0,0.01
1772933500.048057247,0,0,4.92
1772933500.048057247,1,0,0.01
1772933501.070784161,0,0,4.92
1772933501.070784161,1,0,0.01
1772933502.092933720,0,0,4.92
1772933502.092933720,1,0,0.01
1772933503.115807905,0,0,4.92
1772933503.115807905,1,0,0.01
1772933504.138550454,0,0,4.92
1772933504.138550454,1,0,0.01
1772933505.160626546,0,0,4.92
1772933505.160626546,1,0,0.01
1772933506.183484792,0,0,4.92
1772933506.183484792,1,0,0.01
1772933507.204556685,0,0,4.92
1772933507.204556685,1,0,0.01
1772933508.225617460,0,0,4.92
1772933508.225617460,1,0,0.01
1772933509.247716482,0,0,4.92
1772933509.247716482,1,0,0.01
1772933510.269708816,0,0,4.92
1772933510.269708816,1,0,0.01
1772933511.291821317,0,0,4.92
1772933511.291821317,1,0,0.01
1772933512.313972763,0,0,4.92
1772933512.313972763,1,0,0.01
1772933513.335919060,0,0,4.92
1772933513.335919060,1,0,0.01
1772933514.358021379,0,0,4.92
1772933514.358021379,1,0,0.01
1772933515.379896050,0,0,4.92
1772933515.379896050,1,0,0.01
1772933516.401329181,0,0,4.92
1772933516.401329181,1,0,0.01
1772933517.423976562,0,0,4.92
1772933517.423976562,1,0,0.01
1772933518.446636902,0,0,4.92
1772933518.446636902,1,0,0.01
1772933519.468476230,0,0,4.92
1772933519.468476230,1,0,0.01
1772933520.489759635,0,0,4.92
1772933520.489759635,1,0,0.01
1772933521.511572959,0,0,4.92
1772933521.511572959,1,0,0.01
1772933522.533342262,0,0,4.92
1772933522.533342262,1,0,0.01
1772933523.555233500,0,0,4.92
1772933523.555233500,1,0,0.01
1772933524.577950925,0,0,4.92
1772933524.577950925,1,0,0.01
1772933525.599970436,0,0,4.92
1772933525.599970436,1,0,0.01
1772933526.622649907,0,0,4.92
1772933526.622649907,1,0,0.01
1772933527.644718797,0,0,4.92
1772933527.644718797,1,0,0.01
1772933528.666554173,0,0,4.92
1772933528.666554173,1,0,0.01
1772933529.688288929,0,0,4.92
1772933529.688288929,1,0,0.01
1772933530.709357832,0,0,4.92
1772933530.709357832,1,0,0.01
1772933531.732164928,0,0,4.92
1772933531.732164928,1,0,0.01
1772933532.754342043,0,0,4.92
1772933532.754342043,1,0,0.01
1772933533.776346199,0,0,4.92
1772933533.776346199,1,0,0.01
1772933534.797686825,0,0,4.92
1772933534.797686825,1,0,0.01
1772933535.819570155,0,0,4.92
1772933535.819570155,1,0,0.01
1772933536.840889821,0,0,4.92
1772933536.840889821,1,0,0.01
1772933537.863255919,0,0,4.92
1772933537.863255919,1,0,0.01
1772933538.884635864,0,0,4.92
1772933538.884635864,1,0,0.01
1772933539.906535068,0,0,4.92
1772933539.906535068,1,0,0.01
1772933540.927755672,0,0,4.92
1772933540.927755672,1,0,0.01
1772933541.950493182,0,0,4.92
1772933541.950493182,1,0,0.01
1772933542.973218234,0,0,4.92
1772933542.973218234,1,0,0.01
1772933543.995124663,0,0,4.92
1772933543.995124663,1,0,0.01
1772933545.016999936,0,0,4.92
1772933545.016999936,1,0,0.01
1772933546.038886918,0,0,4.92
1772933546.038886918,1,0,0.01
1772933547.061359805,0,0,4.92
1772933547.061359805,1,0,0.01
1772933548.082718880,0,0,4.92
1772933548.082718880,1,0,0.01
1772933549.104108575,0,0,4.92
1772933549.104108575,1,0,0.01
1772933550.126291807,0,0,4.92
1772933550.126291807,1,0,0.01
1772933551.148314984,0,0,4.92
1772933551.148314984,1,0,0.01
1772933552.170180671,0,0,4.92
1772933552.170180671,1,0,0.01
1772933553.192900038,0,0,4.92
1772933553.192900038,1,0,0.01
1772933554.215502954,0,0,4.92
1772933554.215502954,1,0,0.01
1772933555.237286824,0,0,4.92
1772933555.237286824,1,0,0.01
1772933556.259311068,0,0,4.92
1772933556.259311068,1,0,0.01
1772933557.281510875,0,0,4.92
1772933557.281510875,1,0,0.01
1772933558.304290897,0,0,4.92
1772933558.304290897,1,0,0.01
1772933559.327206181,0,0,4.92
1772933559.327206181,1,0,0.01
1772933560.350011641,0,0,4.92
1772933560.350011641,1,0,0.01
1772933561.372414171,0,0,4.92
1772933561.372414171,1,0,0.01
1772933562.395635102,0,0,4.92
1772933562.395635102,1,0,0.01
1772933563.418885344,0,0,4.92
1772933563.418885344,1,0,0.01
1772933564.442151562,0,0,4.92
1772933564.442151562,1,0,0.01
1772933565.463953099,0,0,4.92
1772933565.463953099,1,0,0.01
1772933566.486188676,0,0,4.92
1772933566.486188676,1,0,0.01
1772933567.509403431,0,0,4.92
1772933567.509403431,1,0,0.01
1772933568.532002800,0,0,4.92
1772933568.532002800,1,0,0.01
1772933569.555121719,0,0,4.92
1772933569.555121719,1,0,0.01
1772933570.577943926,0,0,4.92
1772933570.577943926,1,0,0.01
1772933571.600801659,0,0,4.92
1772933571.600801659,1,0,0.01
1772933572.623068345,0,0,4.92
1772933572.623068345,1,0,0.01
1772933573.647019573,0,0,4.92
1772933573.647019573,1,0,0.01
1772933574.669602873,0,0,4.92
1772933574.669602873,1,0,0.01
1772933575.693214846,0,0,4.92
1772933575.693214846,1,0,0.01
1772933576.715703866,0,0,4.92
1772933576.715703866,1,0,0.01
1772933577.738741917,0,0,4.92
1772933577.738741917,1,0,0.01
1772933578.761060424,0,0,4.92
1772933578.761060424,1,0,0.01
1772933579.783679535,0,0,4.92
1772933579.783679535,1,0,0.01
1772933580.806710114,0,0,4.92
1772933580.806710114,1,0,0.01
1772933581.829524774,0,0,4.92
1772933581.829524774,1,0,0.01
1772933582.852726801,0,0,4.92
1772933582.852726801,1,0,0.01
1772933583.875170269,0,0,4.92
1772933583.875170269,1,0,0.01
1772933584.898156686,0,0,4.92
1772933584.898156686,1,0,0.01
1772933585.921381082,0,0,4.92
1772933585.921381082,1,0,0.01
1772933586.944588557,0,0,4.92
1772933586.944588557,1,0,0.01
1772933587.967644638,0,0,4.92
1772933587.967644638,1,0,0.01
1772933588.990475105,0,0,4.92
1772933588.990475105,1,0,0.01
1772933590.015810719,0,0,4.92
1772933590.015810719,1,0,0.01
1772933591.039400284,0,0,4.92
1772933591.039400284,1,0,0.01
1772933592.062883280,0,0,4.92
1772933592.062883280,1,0,0.01
1772933593.085948452,0,0,4.92
1772933593.085948452,1,0,0.01
1772933594.107989371,0,0,4.92
1772933594.107989371,1,0,0.01
1772933595.130717155,0,0,4.92
1772933595.130717155,1,0,0.01
1772933596.152835674,0,1,4.92
1772933596.152835674,1,0,0.01
1772933597.175854839,0,0,4.92
1772933597.175854839,1,0,0.01
1772933598.199493795,0,0,4.92
1772933598.199493795,1,0,0.01
1772933599.222928117,0,0,4.92
1772933599.222928117,1,0,0.01
1772933600.246184731,0,0,4.92
1772933600.246184731,1,0,0.01
1772933601.270440804,0,0,4.92
1772933601.270440804,1,0,0.01
1772933602.293403415,0,0,4.92
1772933602.293403415,1,0,0.01
1772933603.315589437,0,0,4.92
1772933603.315589437,1,0,0.01
1772933604.338139332,0,67,4.92
1772933604.338139332,1,0,0.01
1772933605.362339376,0,68,4.92
1772933605.362339376,1,0,0.01
1772933606.385935914,0,0,4.92
1772933606.385935914,1,0,0.01
1772933607.409291508,0,0,4.92
1772933607.409291508,1,0,0.01
1772933608.431411157,0,0,4.92
1772933608.431411157,1,0,0.01
1772933609.455263479,0,0,4.92
1772933609.455263479,1,0,0.01
1772933610.478254328,0,0,4.92
1772933610.478254328,1,0,0.01
1772933611.501999929,0,0,4.92
1772933611.501999929,1,0,0.01
1772933612.526148967,0,0,4.92
1772933612.526148967,1,0,0.01
1772933613.548523525,0,0,4.92
1772933613.548523525,1,0,0.01
1772933614.570805052,0,0,4.92
1772933614.570805052,1,0,0.01
1772933615.593214927,0,0,4.92
1772933615.593214927,1,0,0.01
1772933616.615444537,0,0,4.92
1772933616.615444537,1,0,0.01
1772933617.638251585,0,0,4.92
1772933617.638251585,1,0,0.01
1772933618.661005748,0,0,4.92
1772933618.661005748,1,0,0.01
1772933619.683764397,0,0,4.92
1772933619.683764397,1,0,0.01
1772933620.706596947,0,0,4.92
1772933620.706596947,1,0,0.01
1772933621.729644642,0,0,4.92
1772933621.729644642,1,0,0.01
1772933622.751857879,0,0,4.92
1772933622.751857879,1,0,0.01
1772933623.774723373,0,0,4.92
1772933623.774723373,1,0,0.01
1772933624.797136142,0,1,4.92
1772933624.797136142,1,0,0.01
1772933625.820276489,0,0,4.92
1772933625.820276489,1,0,0.01
1772933626.843154599,0,0,4.92
1772933626.843154599,1,0,0.01
1772933627.866019281,0,0,4.92
1772933627.866019281,1,0,0.01
1772933628.888632150,0,0,4.92
1772933628.888632150,1,0,0.01
1772933629.911979362,0,0,4.92
1772933629.911979362,1,0,0.01
1772933630.934590922,0,0,4.92
1772933630.934590922,1,0,0.01
1772933631.957882173,0,0,4.92
1772933631.957882173,1,0,0.01
1772933632.980503033,0,0,4.92
1772933632.980503033,1,0,0.01
1772933634.003592371,0,0,4.92
1772933634.003592371,1,0,0.01
1772933635.025770137,0,0,4.92
1772933635.025770137,1,0,0.01
1772933636.048296283,0,0,4.92
1772933636.048296283,1,0,0.01
1772933637.070366171,0,0,4.92
1772933637.070366171,1,0,0.01
1772933638.093512271,0,0,4.92
1772933638.093512271,1,0,0.01
1772933639.115459765,0,0,4.92
1772933639.115459765,1,0,0.01
1772933640.137453319,0,0,4.92
1772933640.137453319,1,0,0.01
1772933641.160224071,0,0,4.92
1772933641.160224071,1,0,0.01
1772933642.182494476,0,0,4.92
1772933642.182494476,1,0,0.01
1772933643.204675817,0,0,4.92
1772933643.204675817,1,0,0.01
1772933644.226628124,0,0,4.92
1772933644.226628124,1,0,0.01
1772933645.248963004,0,0,4.92
1772933645.248963004,1,0,0.01
1772933646.270898624,0,0,4.92
1772933646.270898624,1,0,0.01
1772933647.293220238,0,0,4.92
1772933647.293220238,1,0,0.01
1772933648.315554786,0,0,4.92
1772933648.315554786,1,0,0.01
1772933649.337758053,0,0,4.92
1772933649.337758053,1,0,0.01
1772933650.360638523,0,0,4.92
1772933650.360638523,1,0,0.01
1772933651.382814125,0,0,4.92
1772933651.382814125,1,0,0.01
1772933652.405417856,0,0,4.92
1772933652.405417856,1,0,0.01
1772933653.427961690,0,0,4.92
1772933653.427961690,1,0,0.01
1772933654.449953776,0,0,4.92
1772933654.449953776,1,0,0.01
1772933655.472460291,0,0,4.92
1772933655.472460291,1,0,0.01
1772933656.494599200,0,0,4.92
1772933656.494599200,1,0,0.01
1772933657.516248527,0,0,4.92
1772933657.516248527,1,0,0.01
1772933658.538681685,0,0,4.92
1772933658.538681685,1,0,0.01
1772933659.561696536,0,0,4.92
1772933659.561696536,1,0,0.01
1772933660.584085644,0,0,4.92
1772933660.584085644,1,0,0.01
1772933661.607007785,0,0,4.92
1772933661.607007785,1,0,0.01
1772933662.629905629,0,0,4.92
1772933662.629905629,1,0,0.01
1772933663.652284356,0,0,4.92
1772933663.652284356,1,0,0.01
1772933664.674880502,0,0,4.92
1772933664.674880502,1,0,0.01
1772933665.697733425,0,0,4.92
1772933665.697733425,1,0,0.01
1772933666.720717058,0,0,4.92
1772933666.720717058,1,0,0.01
1772933667.743691239,0,0,4.92
1772933667.743691239,1,0,0.01
1772933668.766162369,0,0,4.92
1772933668.766162369,1,0,0.01
1772933669.789440288,0,0,4.92
1772933669.789440288,1,0,0.01
1772933670.812322655,0,0,4.92
1772933670.812322655,1,0,0.01
1772933671.835470875,0,0,4.92
1772933671.835470875,1,0,0.01
1772933672.858734629,0,0,4.92
1772933672.858734629,1,0,0.01
1772933673.880958530,0,0,4.92
1772933673.880958530,1,0,0.01
1772933674.904001091,0,0,4.92
1772933674.904001091,1,0,0.01
1772933675.926567064,0,0,4.92
1772933675.926567064,1,0,0.01
1772933676.949291694,0,0,4.92
1772933676.949291694,1,0,0.01
1772933677.972048207,0,0,4.92
1772933677.972048207,1,0,0.01
1772933678.994852890,0,0,4.92
1772933678.994852890,1,0,0.01
1772933680.017341024,0,0,4.92
1772933680.017341024,1,0,0.01
1772933681.039676474,0,0,4.92
1772933681.039676474,1,0,0.01
1772933682.063155519,0,0,4.92
1772933682.063155519,1,0,0.01
1772933683.087490112,0,0,4.92
1772933683.087490112,1,0,0.01
1772933684.110054852,0,0,4.92
1772933684.110054852,1,0,0.01
1772933685.133812133,0,0,4.92
1772933685.133812133,1,0,0.01
1772933686.157136884,0,0,4.92
1772933686.157136884,1,0,0.01
1772933687.180951847,0,0,4.92
1772933687.180951847,1,0,0.01
1772933688.206100104,0,0,4.92
1772933688.206100104,1,0,0.01
1772933689.230036383,0,0,4.92
1772933689.230036383,1,0,0.01
1772933690.253566260,0,0,4.92
1772933690.253566260,1,0,0.01
1772933691.276595363,0,0,4.92
1772933691.276595363,1,0,0.01
1772933692.300267199,0,0,4.92
1772933692.300267199,1,0,0.01
1772933693.323241260,0,0,4.92
1772933693.323241260,1,0,0.01
1772933694.345610483,0,0,4.92
1772933694.345610483,1,0,0.01
1772933695.367887767,0,0,4.92
1772933695.367887767,1,0,0.01
1772933696.390877469,0,0,4.92
1772933696.390877469,1,0,0.01
1772933697.413881984,0,0,4.92
1772933697.413881984,1,0,0.01
1772933698.436248719,0,0,4.92
1772933698.436248719,1,0,0.01
1772933699.458031161,0,0,4.92
1772933699.458031161,1,0,0.01
1772933700.480517862,0,0,4.92
1772933700.480517862,1,0,0.01
1772933701.502885359,0,0,4.92
1772933701.502885359,1,0,0.01
1772933702.525024063,0,0,4.92
1772933702.525024063,1,0,0.01
1772933703.547245657,0,0,4.92
1772933703.547245657,1,0,0.01
1772933704.569837551,0,0,4.92
1772933704.569837551,1,0,0.01
1772933705.593216698,0,0,4.92
1772933705.593216698,1,0,0.01
1772933706.616153411,0,0,4.92
1772933706.616153411,1,0,0.01
1772933707.638633380,0,0,4.92
1772933707.638633380,1,0,0.01
1772933708.661588534,0,0,4.92
1772933708.661588534,1,0,0.01
1772933709.684880861,0,0,4.92
1772933709.684880861,1,0,0.01
1772933710.707940180,0,0,4.92
1772933710.707940180,1,0,0.01
1772933711.731456633,0,0,4.92
1772933711.731456633,1,0,0.01
1772933712.755438563,0,0,4.92
1772933712.755438563,1,0,0.01
1772933713.779299465,0,0,4.92
1772933713.779299465,1,0,0.01
1772933714.802937616,0,0,4.92
1772933714.802937616,1,0,0.01
1772933715.826585397,0,0,4.92
1772933715.826585397,1,0,0.01
1772933716.849029953,0,0,4.92
1772933716.849029953,1,0,0.01
1772933717.872387294,0,0,4.92
1772933717.872387294,1,0,0.01
1772933718.894981507,0,0,4.92
1772933718.894981507,1,0,0.01
1772933719.917457519,0,0,4.92
1772933719.917457519,1,0,0.01
1772933720.940985603,0,0,4.92
1772933720.940985603,1,0,0.01
1772933721.963915849,0,0,4.92
1772933721.963915849,1,0,0.01
1772933722.986647203,0,0,4.92
1772933722.986647203,1,0,0.01
1772933724.009259252,0,0,4.92
1772933724.009259252,1,0,0.01
1772933725.032647955,0,0,4.92
1772933725.032647955,1,0,0.01
1772933726.055578985,0,0,4.92
1772933726.055578985,1,0,0.01
1772933727.078361216,0,0,4.92
1772933727.078361216,1,0,0.01
1772933728.102531493,0,0,4.92
1772933728.102531493,1,0,0.01
1772933729.125994522,0,0,4.92
1772933729.125994522,1,0,0.01
1772933730.148771713,0,0,4.92
1772933730.148771713,1,0,0.01
1772933731.172463322,0,0,4.92
1772933731.172463322,1,0,0.01
1772933732.194684300,0,0,4.92
1772933732.194684300,1,0,0.01
1772933733.217279200,0,0,4.92
1772933733.217279200,1,0,0.01
1772933734.239906892,0,0,4.92
1772933734.239906892,1,0,0.01
1772933735.262924836,0,0,4.92
1772933735.262924836,1,0,0.01
1772933736.285747983,0,0,4.92
1772933736.285747983,1,0,0.01
1772933737.308283884,0,0,4.92
1772933737.308283884,1,0,0.01
1772933738.330953900,0,0,4.92
1772933738.330953900,1,0,0.01
1772933739.353572008,0,0,4.92
1772933739.353572008,1,0,0.01
1772933740.376847028,0,0,4.92
1772933740.376847028,1,0,0.01
1772933741.399733613,0,0,4.92
1772933741.399733613,1,0,0.01
1772933742.422411939,0,0,4.92
1772933742.422411939,1,0,0.01
1772933743.445227973,0,0,4.92
1772933743.445227973,1,0,0.01
1772933744.467903659,0,0,4.92
1772933744.467903659,1,0,0.01
1772933745.490877715,0,0,4.92
1772933745.490877715,1,0,0.01
1772933746.514897365,0,0,4.92
1772933746.514897365,1,0,0.01
1772933747.537425080,0,0,4.92
1772933747.537425080,1,0,0.01
1772933748.559485876,0,0,4.92
1772933748.559485876,1,0,0.01
1772933749.582092893,0,0,4.92
1772933749.582092893,1,0,0.01
1772933750.604600260,0,0,4.92
1772933750.604600260,1,0,0.01
1772933751.627060664,0,0,4.92
1772933751.627060664,1,0,0.01
1772933752.650129472,0,0,4.92
1772933752.650129472,1,0,0.01
1772933753.673288601,0,0,4.92
1772933753.673288601,1,0,0.01
1772933754.695534134,0,0,4.92
1772933754.695534134,1,0,0.01
1772933755.718915734,0,0,4.92
1772933755.718915734,1,0,0.01
1772933756.740781450,0,0,4.92
1772933756.740781450,1,0,0.01
1772933757.763488067,0,0,4.92
1772933757.763488067,1,0,0.01
1772933758.786798816,0,0,4.92
1772933758.786798816,1,0,0.01
1772933759.809663034,0,0,4.92
1772933759.809663034,1,0,0.01
1772933760.832511155,0,0,4.92
1772933760.832511155,1,0,0.01
1772933761.854888301,0,0,4.92
1772933761.854888301,1,0,0.01
1772933762.878180974,0,0,4.92
1772933762.878180974,1,0,0.01
1772933763.900607716,0,0,4.92
1772933763.900607716,1,0,0.01
1772933764.923337993,0,0,4.92
1772933764.923337993,1,0,0.01
1772933765.946050611,0,0,4.92
1772933765.946050611,1,0,0.01
1772933766.968240097,0,0,4.92
1772933766.968240097,1,0,0.01
1772933767.990391667,0,0,4.92
1772933767.990391667,1,0,0.01
1772933769.013253265,0,0,4.92
1772933769.013253265,1,0,0.01
1772933770.035826268,0,0,4.92
1772933770.035826268,1,0,0.01
1772933771.058434863,0,69,4.92
1772933771.058434863,1,0,0.01
1772933772.080795264,0,70,4.92
1772933772.080795264,1,0,0.01
1772933773.104118812,0,0,4.92
1772933773.104118812,1,0,0.01
1772933774.127248042,0,0,4.92
1772933774.127248042,1,0,0.01
1772933775.152225309,0,0,4.92
1772933775.152225309,1,0,0.01
1772933776.174814125,0,0,4.92
1772933776.174814125,1,0,0.01
1772933777.197162308,0,0,4.92
1772933777.197162308,1,0,0.01
1772933778.219413880,0,0,4.92
1772933778.219413880,1,0,0.01
1772933779.242772770,0,0,4.92
1772933779.242772770,1,0,0.01
1772933780.264888198,0,0,4.92
1772933780.264888198,1,0,0.01
1772933781.288394546,0,0,4.92
1772933781.288394546,1,0,0.01
1772933782.312084682,0,0,4.92
1772933782.312084682,1,0,0.01
1772933783.335945365,0,0,4.92
1772933783.335945365,1,0,0.01
1772933784.358964335,0,0,4.92
1772933784.358964335,1,0,0.01
1772933785.381707977,0,0,4.92
1772933785.381707977,1,0,0.01
1772933786.404468165,0,0,4.92
1772933786.404468165,1,0,0.01
1772933787.428606504,0,0,4.92
1772933787.428606504,1,0,0.01
1772933788.451339136,0,0,4.92
1772933788.451339136,1,0,0.01
1772933789.474452151,0,0,4.92
1772933789.474452151,1,0,0.01
1772933790.497207310,0,0,4.92
1772933790.497207310,1,0,0.01
1772933791.520295440,0,0,4.92
1772933791.520295440,1,0,0.01
1772933792.543218766,0,0,4.92
1772933792.543218766,1,0,0.01
1772933793.565733425,0,0,4.92
1772933793.565733425,1,0,0.01
1772933794.588326316,0,0,4.92
1772933794.588326316,1,0,0.01
1772933795.611898251,0,0,4.92
1772933795.611898251,1,0,0.01
1772933796.634889294,0,0,4.92
1772933796.634889294,1,0,0.01
1772933797.658261996,0,0,4.92
1772933797.658261996,1,0,0.01
1772933798.680780538,0,0,4.92
1772933798.680780538,1,0,0.01
1772933799.704286580,0,0,4.92
1772933799.704286580,1,0,0.01
1772933800.727900339,0,0,4.92
1772933800.727900339,1,0,0.01
1772933801.750836419,0,0,4.92
1772933801.750836419,1,0,0.01
1772933802.774408572,0,0,4.92
1772933802.774408572,1,0,0.01
1772933803.797560510,0,0,4.92
1772933803.797560510,1,0,0.01
1772933804.820464201,0,0,4.92
1772933804.820464201,1,0,0.01
1772933805.843361102,0,0,4.92
1772933805.843361102,1,0,0.01
1772933806.867004319,0,0,4.92
1772933806.867004319,1,0,0.01
1772933807.889854198,0,0,4.92
1772933807.889854198,1,0,0.01
1772933808.912834090,0,0,4.92
1772933808.912834090,1,0,0.01
1772933809.936338610,0,0,4.92
1772933809.936338610,1,0,0.01
1772933810.960388095,0,0,4.92
1772933810.960388095,1,0,0.01
1772933811.983838185,0,0,4.92
1772933811.983838185,1,0,0.01
1772933813.006281397,0,0,4.92
1772933813.006281397,1,0,0.01
1772933814.029580731,0,0,4.92
1772933814.029580731,1,0,0.01
1772933815.053517702,0,0,4.92
1772933815.053517702,1,0,0.01
1772933816.076785252,0,0,4.92
1772933816.076785252,1,0,0.01
1772933817.100018363,0,0,4.92
1772933817.100018363,1,0,0.01
1772933818.123109245,0,0,4.92
1772933818.123109245,1,0,0.01
1772933819.146866570,0,0,4.92
1772933819.146866570,1,0,0.01
1772933820.169430162,0,0,4.92
1772933820.169430162,1,0,0.01
1772933821.191905165,0,62,4.92
1772933821.191905165,1,0,0.01
1772933822.214743974,0,51,4.92
1772933822.214743974,1,0,0.01
1772933823.237422934,0,0,4.92
1772933823.237422934,1,0,0.01
1772933824.261194682,0,0,4.92
1772933824.261194682,1,0,0.01
1772933825.284021308,0,0,4.92
1772933825.284021308,1,0,0.01
1772933826.306863474,0,0,4.92
1772933826.306863474,1,0,0.01
1772933827.330980964,0,0,4.92
1772933827.330980964,1,0,0.01
1772933828.352970444,0,0,4.92
1772933828.352970444,1,0,0.01
1772933829.376278898,0,0,4.92
1772933829.376278898,1,0,0.01
1772933830.399285527,0,0,4.92
1772933830.399285527,1,0,0.01
1772933831.423544299,0,0,4.92
1772933831.423544299,1,0,0.01
1772933832.446068664,0,0,4.92
1772933832.446068664,1,0,0.01
1772933833.469765425,0,0,4.92
1772933833.469765425,1,0,0.01
1772933834.492648343,0,0,4.92
1772933834.492648343,1,0,0.01
1772933835.516279010,0,0,4.92
1772933835.516279010,1,0,0.01
1772933836.539143401,0,0,4.92
1772933836.539143401,1,0,0.01
1772933837.561862341,0,0,4.92
1772933837.561862341,1,0,0.01
1772933838.585213364,0,0,4.92
1772933838.585213364,1,0,0.01
1772933839.608193680,0,0,4.92
1772933839.608193680,1,0,0.01
1772933840.630627446,0,0,4.92
1772933840.630627446,1,0,0.01
1772933841.653040439,0,0,4.92
1772933841.653040439,1,0,0.01
1772933842.675416979,0,0,4.92
1772933842.675416979,1,0,0.01
1772933843.697328678,0,0,4.92
1772933843.697328678,1,0,0.01
1772933844.720678208,0,0,4.92
1772933844.720678208,1,0,0.01
1772933845.742447416,0,0,4.92
1772933845.742447416,1,0,0.01
1772933846.765115505,0,0,4.92
1772933846.765115505,1,0,0.01
1772933847.788625730,0,0,4.92
1772933847.788625730,1,0,0.01
1772933848.812123254,0,0,4.92
1772933848.812123254,1,0,0.01
1772933849.834518049,0,0,4.92
1772933849.834518049,1,0,0.01
1772933850.857404465,0,0,4.92
1772933850.857404465,1,0,0.01
1772933851.879622786,0,0,4.92
1772933851.879622786,1,0,0.01
1772933852.902469358,0,0,4.92
1772933852.902469358,1,0,0.01
1772933853.925270833,0,0,4.92
1772933853.925270833,1,0,0.01
1772933854.947694886,0,0,4.92
1772933854.947694886,1,0,0.01
1772933855.970527586,0,0,4.92
1772933855.970527586,1,0,0.01
1772933856.993272360,0,0,4.92
1772933856.993272360,1,0,0.01
1772933858.016103667,0,0,4.92
1772933858.016103667,1,0,0.01
1772933859.038613167,0,0,4.92
1772933859.038613167,1,0,0.01
1772933860.061415134,0,0,4.92
1772933860.061415134,1,0,0.01
1772933861.083606408,0,0,4.92
1772933861.083606408,1,0,0.01
1772933862.106292303,0,0,4.92
1772933862.106292303,1,0,0.01
1772933863.128989647,0,0,4.92
1772933863.128989647,1,0,0.01
1772933864.151408300,0,0,4.92
1772933864.151408300,1,0,0.01
1772933865.174482748,0,0,4.92
1772933865.174482748,1,0,0.01
1772933866.196085410,0,0,4.92
1772933866.196085410,1,0,0.01
1772933867.219522626,0,0,4.92
1772933867.219522626,1,0,0.01
1772933868.243609255,0,0,4.92
1772933868.243609255,1,0,0.01
1772933869.267307111,0,0,4.92
1772933869.267307111,1,0,0.01
1772933870.290900939,0,0,4.92
1772933870.290900939,1,0,0.01
1772933871.314689808,0,0,4.92
1772933871.314689808,1,0,0.01
1772933872.339005509,0,0,4.92
1772933872.339005509,1,0,0.01
1772933873.362010068,0,0,4.92
1772933873.362010068,1,0,0.01
1772933874.385549950,0,0,4.92
1772933874.385549950,1,0,0.01
1772933875.408433411,0,0,4.92
1772933875.408433411,1,0,0.01
1772933876.433163521,0,0,4.92
1772933876.433163521,1,0,0.01
1772933877.454997136,0,0,4.92
1772933877.454997136,1,0,0.01
1772933878.476981634,0,0,4.92
1772933878.476981634,1,0,0.01
1772933879.499437251,0,0,4.92
1772933879.499437251,1,0,0.01
1772933880.522130308,0,0,4.92
1772933880.522130308,1,0,0.01
1772933881.544412214,0,0,4.92
1772933881.544412214,1,0,0.01
1772933882.567422995,0,0,4.92
1772933882.567422995,1,0,0.01
1772933883.591317783,0,0,4.92
1772933883.591317783,1,0,0.01
1772933884.615668174,0,0,4.92
1772933884.615668174,1,0,0.01
1772933885.639039811,0,0,4.92
1772933885.639039811,1,0,0.01
1772933886.661724222,0,0,4.92
1772933886.661724222,1,0,0.01
1772933887.684947778,0,0,4.92
1772933887.684947778,1,0,0.01
1772933888.709021392,0,0,4.92
1772933888.709021392,1,0,0.01
1772933889.732772702,0,0,4.92
1772933889.732772702,1,0,0.01
1772933890.756503942,0,0,4.92
1772933890.756503942,1,0,0.01
1772933891.779220419,0,0,4.92
1772933891.779220419,1,0,0.01
1772933892.802909022,0,0,4.92
1772933892.802909022,1,0,0.01
1772933893.826938636,0,0,4.92
1772933893.826938636,1,0,0.01
1772933894.851550641,0,0,4.92
1772933894.851550641,1,0,0.01
1772933895.874787804,0,0,4.92
1772933895.874787804,1,0,0.01
1772933896.897074458,0,0,4.92
1772933896.897074458,1,0,0.01
1772933897.920047777,0,0,4.92
1772933897.920047777,1,0,0.01
1772933898.943873967,0,0,4.92
1772933898.943873967,1,0,0.01
1772933899.968416667,0,0,4.92
1772933899.968416667,1,0,0.01
1772933900.992549848,0,0,4.92
1772933900.992549848,1,0,0.01
1772933902.017157435,0,0,4.92
1772933902.017157435,1,0,0.01
1772933903.041546585,0,0,4.92
1772933903.041546585,1,0,0.01
1772933904.064951317,0,0,4.92
1772933904.064951317,1,0,0.01
1772933905.087597439,0,0,4.92
1772933905.087597439,1,0,0.01
1772933906.109956344,0,0,4.92
1772933906.109956344,1,0,0.01
1772933907.132473570,0,0,4.92
1772933907.132473570,1,0,0.01
1772933908.155402438,0,0,4.92
1772933908.155402438,1,0,0.01
1772933909.178545941,0,0,4.92
1772933909.178545941,1,0,0.01
1772933910.200785985,0,0,4.92
1772933910.200785985,1,0,0.01
1772933911.223261797,0,0,4.92
1772933911.223261797,1,0,0.01
1772933912.246672543,0,0,4.92
1772933912.246672543,1,0,0.01
1772933913.269772485,0,0,4.92
1772933913.269772485,1,0,0.01
1772933914.292237878,0,0,4.92
1772933914.292237878,1,0,0.01
1772933915.315102640,0,0,4.92
1772933915.315102640,1,0,0.01
1772933916.337559495,0,0,4.92
1772933916.337559495,1,0,0.01
1772933917.359951708,0,0,4.92
1772933917.359951708,1,0,0.01
1772933918.384168335,0,0,4.92
1772933918.384168335,1,0,0.01
1772933919.407102132,0,0,4.92
1772933919.407102132,1,0,0.01
1772933920.429650942,0,0,4.92
1772933920.429650942,1,0,0.01
1772933921.451904028,0,0,4.92
1772933921.451904028,1,0,0.01
1772933922.474096506,0,0,4.92
1772933922.474096506,1,0,0.01
1772933923.496158728,0,0,4.92
1772933923.496158728,1,0,0.01
1772933924.519177312,0,0,4.92
1772933924.519177312,1,0,0.01
1772933925.541920575,0,0,4.92
1772933925.541920575,1,0,0.01
1772933926.564225278,0,0,4.92
1772933926.564225278,1,0,0.01
1772933927.587166169,0,0,4.92
1772933927.587166169,1,0,0.01
1772933928.609771970,0,0,4.92
1772933928.609771970,1,0,0.01
1772933929.632565116,0,0,4.92
1772933929.632565116,1,0,0.01
1772933930.654475354,0,0,4.92
1772933930.654475354,1,0,0.01
1772933931.676717416,0,0,4.92
1772933931.676717416,1,0,0.01
1772933932.698755575,0,74,4.92
1772933932.698755575,1,0,0.01
1772933933.722128576,0,70,4.92
1772933933.722128576,1,0,0.01
1772933934.745198746,0,0,4.92
1772933934.745198746,1,0,0.01
1772933935.768578107,0,0,4.92
1772933935.768578107,1,0,0.01
1772933936.791705408,0,0,4.92
1772933936.791705408,1,0,0.01
1772933937.813996112,0,0,4.92
1772933937.813996112,1,0,0.01
1772933938.836989508,0,0,4.92
1772933938.836989508,1,0,0.01
1772933939.859747060,0,0,4.92
1772933939.859747060,1,0,0.01
1772933940.883323673,0,0,4.92
1772933940.883323673,1,0,0.01
1772933941.907401587,0,0,4.92
1772933941.907401587,1,0,0.01
1772933942.932286581,0,0,4.92
1772933942.932286581,1,0,0.01
1772933943.955568155,0,0,4.92
1772933943.955568155,1,0,0.01
1772933944.978463568,0,0,4.92
1772933944.978463568,1,0,0.01
1772933946.002874625,0,0,4.92
1772933946.002874625,1,0,0.01
1772933947.026768460,0,0,4.92
1772933947.026768460,1,0,0.01
1772933948.049041255,0,0,4.92
1772933948.049041255,1,0,0.01
1772933949.072106794,0,0,4.92
1772933949.072106794,1,0,0.01
1772933950.095948911,0,0,4.92
1772933950.095948911,1,0,0.01
1772933951.118988597,0,0,4.92
1772933951.118988597,1,0,0.01
1772933952.142405436,0,0,4.92
1772933952.142405436,1,0,0.01
1772933953.164403585,0,0,4.92
1772933953.164403585,1,0,0.01
1772933954.186572413,0,0,4.92
1772933954.186572413,1,0,0.01
1772933955.209060228,0,0,4.92
1772933955.209060228,1,0,0.01
1772933956.231001156,0,0,4.92
1772933956.231001156,1,0,0.01
1772933957.253004923,0,0,4.92
1772933957.253004923,1,0,0.01
1772933958.275659232,0,0,4.92
1772933958.275659232,1,0,0.01
1772933959.297676156,0,0,4.92
1772933959.297676156,1,0,0.01
1772933960.321631851,0,0,4.92
1772933960.321631851,1,0,0.01
1772933961.344694393,0,0,4.92
1772933961.344694393,1,0,0.01
1772933962.368668309,0,0,4.92
1772933962.368668309,1,0,0.01
1772933963.392013129,0,0,4.92
1772933963.392013129,1,0,0.01
1772933964.414981343,0,0,4.92
1772933964.414981343,1,0,0.01
1772933965.438237128,0,0,4.92
1772933965.438237128,1,0,0.01
1772933966.462016173,0,0,4.92
1772933966.462016173,1,0,0.01
1772933967.485102723,0,0,4.92
1772933967.485102723,1,0,0.01
1772933968.508501105,0,0,4.92
1772933968.508501105,1,0,0.01
1772933969.533043037,0,0,4.92
1772933969.533043037,1,0,0.01
1772933970.556278041,0,0,4.92
1772933970.556278041,1,0,0.01
1772933971.580193867,0,0,4.92
1772933971.580193867,1,0,0.01
1772933972.602368506,0,0,4.92
1772933972.602368506,1,0,0.01
1772933973.625067636,0,0,4.92
1772933973.625067636,1,0,0.01
1772933974.647806946,0,0,4.92
1772933974.647806946,1,0,0.01
1772933975.670982860,0,0,4.92
1772933975.670982860,1,0,0.01
1772933976.694593696,0,0,4.92
1772933976.694593696,1,0,0.01
1772933977.717594602,0,0,4.92
1772933977.717594602,1,0,0.01
1772933978.741217309,0,0,4.92
1772933978.741217309,1,0,0.01
1772933979.763731545,0,0,4.92
1772933979.763731545,1,0,0.01
1772933980.786595949,0,0,4.92
1772933980.786595949,1,0,0.01
1772933981.809324319,0,0,4.92
1772933981.809324319,1,0,0.01
1772933982.832551446,0,0,4.92
1772933982.832551446,1,0,0.01
1772933983.854876381,0,0,4.92
1772933983.854876381,1,0,0.01
1772933984.877765918,0,0,4.92
1772933984.877765918,1,0,0.01
1772933985.900645254,0,0,4.92
1772933985.900645254,1,0,0.01
1772933986.923834686,0,0,4.92
1772933986.923834686,1,0,0.01
1772933987.946717580,0,0,4.92
1772933987.946717580,1,0,0.01
1772933988.969665327,0,0,4.92
1772933988.969665327,1,0,0.01
1772933989.991814921,0,0,4.92
1772933989.991814921,1,0,0.01
1772933991.014307589,0,0,4.92
1772933991.014307589,1,0,0.01
1772933992.037560218,0,0,4.92
1772933992.037560218,1,0,0.01
1772933993.060479335,0,0,4.92
1772933993.060479335,1,0,0.01
1772933994.083958570,0,0,4.92
1772933994.083958570,1,0,0.01
1772933995.106123726,0,0,4.92
1772933995.106123726,1,0,0.01
1772933996.128743262,0,0,4.92
1772933996.128743262,1,0,0.01
1772933997.152033428,0,0,4.92
1772933997.152033428,1,0,0.01
1772933998.175214461,0,0,4.92
1772933998.175214461,1,0,0.01
1772933999.199197451,0,0,4.92
1772933999.199197451,1,0,0.01
1772934000.221368538,0,0,4.92
1772934000.221368538,1,0,0.01
1772934001.245006428,0,63,4.92
1772934001.245006428,1,0,0.01
1772934002.267282287,0,62,4.92
1772934002.267282287,1,0,0.01
1772934003.290367760,0,0,4.92
1772934003.290367760,1,0,0.01
1772934004.312987975,0,0,4.92
1772934004.312987975,1,0,0.01
1772934005.336571191,0,66,4.92
1772934005.336571191,1,0,0.01
1772934006.359391267,0,65,4.92
1772934006.359391267,1,0,0.01
1772934007.382427916,0,0,4.92
1772934007.382427916,1,0,0.01
1772934008.405475956,0,0,4.92
1772934008.405475956,1,0,0.01
1772934009.428303462,0,0,4.92
1772934009.428303462,1,0,0.01
1772934010.450458691,0,0,4.92
1772934010.450458691,1,0,0.01
1772934011.473400003,0,0,4.92
1772934011.473400003,1,0,0.01
1772934012.495961733,0,0,4.92
1772934012.495961733,1,0,0.01
1772934013.518887156,0,0,4.92
1772934013.518887156,1,0,0.01
1772934014.542004748,0,0,4.92
1772934014.542004748,1,0,0.01
1772934015.565228859,0,0,4.92
1772934015.565228859,1,0,0.01
1772934016.587680881,0,0,4.92
1772934016.587680881,1,0,0.01
1772934017.610405622,0,0,4.92
1772934017.610405622,1,0,0.01
1772934018.632946851,0,0,4.92
1772934018.632946851,1,0,0.01
1772934019.658180890,0,0,4.92
1772934019.658180890,1,0,0.01
1772934020.680343431,0,0,4.92
1772934020.680343431,1,0,0.01
1772934021.703532187,0,0,4.92
1772934021.703532187,1,0,0.01
1772934022.726466910,0,0,4.92
1772934022.726466910,1,0,0.01
1772934023.748493332,0,0,4.92
1772934023.748493332,1,0,0.01
1772934024.771364016,0,0,4.92
1772934024.771364016,1,0,0.01
1772934025.794029449,0,0,4.92
1772934025.794029449,1,0,0.01
1772934026.816159994,0,0,4.92
1772934026.816159994,1,0,0.01
1772934027.838452839,0,0,4.92
1772934027.838452839,1,0,0.01
1772934028.861356116,0,0,4.92
1772934028.861356116,1,0,0.01
1772934029.883386338,0,0,4.92
1772934029.883386338,1,0,0.01
1772934030.906073164,0,0,4.92
1772934030.906073164,1,0,0.01
1772934031.928321341,0,0,4.92
1772934031.928321341,1,0,0.01
1772934032.950521201,0,0,4.92
1772934032.950521201,1,0,0.01
1772934033.973207881,0,0,4.92
1772934033.973207881,1,0,0.01
1772934034.995674537,0,0,4.92
1772934034.995674537,1,0,0.01
1772934036.019718969,0,0,4.92
1772934036.019718969,1,0,0.01
1772934037.042085254,0,0,4.92
1772934037.042085254,1,0,0.01
1772934038.064404990,0,0,4.92
1772934038.064404990,1,0,0.01
1772934039.087256799,0,0,4.92
1772934039.087256799,1,0,0.01
1772934040.109570746,0,0,4.92
1772934040.109570746,1,0,0.01
1772934041.131824111,0,0,4.92
1772934041.131824111,1,0,0.01
1772934042.154670636,0,0,4.92
1772934042.154670636,1,0,0.01
1772934043.177427830,0,0,4.92
1772934043.177427830,1,0,0.01
1772934044.199543771,0,0,4.92
1772934044.199543771,1,0,0.01
1772934045.221652658,0,0,4.92
1772934045.221652658,1,0,0.01
1772934046.243869701,0,0,4.92
1772934046.243869701,1,0,0.01
1772934047.266133312,0,0,4.92
1772934047.266133312,1,0,0.01
1772934048.288738857,0,0,4.92
1772934048.288738857,1,0,0.01
1772934049.310708538,0,0,4.92
1772934049.310708538,1,0,0.01
1772934050.332680148,0,0,4.92
1772934050.332680148,1,0,0.01
1772934051.354813864,0,0,4.92
1772934051.354813864,1,0,0.01
1772934052.377690120,0,0,4.92
1772934052.377690120,1,0,0.01
1772934053.400265664,0,0,4.92
1772934053.400265664,1,0,0.01
1772934054.422621148,0,0,4.92
1772934054.422621148,1,0,0.01
1772934055.444911504,0,0,4.92
1772934055.444911504,1,0,0.01
1772934056.467538888,0,0,4.92
1772934056.467538888,1,0,0.01
1772934057.489969014,0,0,4.92
1772934057.489969014,1,0,0.01
1772934058.512754112,0,0,4.92
1772934058.512754112,1,0,0.01
1772934059.534999246,0,0,4.92
1772934059.534999246,1,0,0.01
1772934060.557766255,0,0,4.92
1772934060.557766255,1,0,0.01
1772934061.579894849,0,0,4.92
1772934061.579894849,1,0,0.01
1772934062.602747353,0,0,4.92
1772934062.602747353,1,0,0.01
1772934063.625475347,0,0,4.92
1772934063.625475347,1,0,0.01
1772934064.647770244,0,0,4.92
1772934064.647770244,1,0,0.01
1772934065.670784617,0,0,4.92
1772934065.670784617,1,0,0.01
1772934066.692969910,0,0,4.92
1772934066.692969910,1,0,0.01
1772934067.715919939,0,0,4.92
1772934067.715919939,1,0,0.01
1772934068.738523125,0,0,4.92
1772934068.738523125,1,0,0.01
1772934069.761566470,0,0,4.92
1772934069.761566470,1,0,0.01
1772934070.784492375,0,0,4.92
1772934070.784492375,1,0,0.01
1772934071.806796361,0,0,4.92
1772934071.806796361,1,0,0.01
1772934072.829114708,0,0,4.92
1772934072.829114708,1,0,0.01
1772934073.851469741,0,0,4.92
1772934073.851469741,1,0,0.01
1772934074.874393229,0,0,4.92
1772934074.874393229,1,0,0.01
1772934075.896760312,0,0,4.92
1772934075.896760312,1,0,0.01
1772934076.918642299,0,0,4.92
1772934076.918642299,1,0,0.01
1772934077.941682216,0,0,4.92
1772934077.941682216,1,0,0.01
1772934078.964644283,0,0,4.92
1772934078.964644283,1,0,0.01
1772934079.987030955,0,0,4.92
1772934079.987030955,1,0,0.01
1772934081.009059431,0,0,4.92
1772934081.009059431,1,0,0.01
1772934082.031324382,0,0,4.92
1772934082.031324382,1,0,0.01
1772934083.054409797,0,0,4.92
1772934083.054409797,1,0,0.01
1772934084.075883584,0,0,4.92
1772934084.075883584,1,0,0.01
1772934085.097804284,0,0,4.92
1772934085.097804284,1,0,0.01
1772934086.119383760,0,0,4.92
1772934086.119383760,1,0,0.01
1772934087.141609036,0,0,4.92
1772934087.141609036,1,0,0.01
1772934088.164039898,0,0,4.92
1772934088.164039898,1,0,0.01
1772934089.185634001,0,0,4.92
1772934089.185634001,1,0,0.01
1772934090.206818129,0,0,4.92
1772934090.206818129,1,0,0.01
1772934091.228665447,0,0,4.92
1772934091.228665447,1,0,0.01
1772934092.249369635,0,0,4.92
1772934092.249369635,1,0,0.01
1772934093.270237962,0,0,4.92
1772934093.270237962,1,0,0.01
1772934094.291101819,0,0,4.92
1772934094.291101819,1,0,0.01
1772934095.312038454,0,0,4.92
1772934095.312038454,1,0,0.01
1772934096.333371519,0,0,4.92
1772934096.333371519,1,0,0.01
1772934097.354252777,0,0,4.92
1772934097.354252777,1,0,0.01
1772934098.374893483,0,0,4.92
1772934098.374893483,1,0,0.01
1772934099.395509528,0,0,4.92
1772934099.395509528,1,0,0.01
1772934100.416097942,0,0,4.92
1772934100.416097942,1,0,0.01
1772934101.437309810,0,0,4.92
1772934101.437309810,1,0,0.01
1772934102.458208333,0,0,4.92
1772934102.458208333,1,0,0.01
1772934103.478886512,0,0,4.92
1772934103.478886512,1,0,0.01
1772934104.499679141,0,0,4.92
1772934104.499679141,1,0,0.01
1772934105.520601956,0,0,4.92
1772934105.520601956,1,0,0.01
1772934106.541292989,0,0,4.92
1772934106.541292989,1,0,0.01
1772934107.562903812,0,0,4.92
1772934107.562903812,1,0,0.01
1772934108.583626654,0,0,4.92
1772934108.583626654,1,0,0.01
1772934109.605199978,0,0,4.92
1772934109.605199978,1,0,0.01
1772934110.625803116,0,0,4.92
1772934110.625803116,1,0,0.01
1772934111.646665258,0,0,4.92
1772934111.646665258,1,0,0.01
1772934112.667474469,0,0,4.92
1772934112.667474469,1,0,0.01
1772934113.688339948,0,0,4.92
1772934113.688339948,1,0,0.01
1772934114.709018906,0,0,4.92
1772934114.709018906,1,0,0.01
1772934115.729793527,0,0,4.92
1772934115.729793527,1,0,0.01
1772934116.750977751,0,0,4.92
1772934116.750977751,1,0,0.01
1772934117.771658260,0,0,4.92
1772934117.771658260,1,0,0.01
1772934118.792235556,0,0,4.92
1772934118.792235556,1,0,0.01
1772934119.813652396,0,0,4.92
1772934119.813652396,1,0,0.01
1772934120.834501849,0,0,4.92
1772934120.834501849,1,0,0.01
1772934121.855903126,0,0,4.92
1772934121.855903126,1,0,0.01
1772934122.876579516,0,0,4.92
1772934122.876579516,1,0,0.01
1772934123.897895170,0,0,4.92
1772934123.897895170,1,0,0.01
1772934124.918456317,0,0,4.92
1772934124.918456317,1,0,0.01
1772934125.939886237,0,0,4.92
1772934125.939886237,1,0,0.01
1772934126.960651879,0,0,4.92
1772934126.960651879,1,0,0.01
1772934127.982037668,0,0,4.92
1772934127.982037668,1,0,0.01
1772934129.002866036,0,0,4.92
1772934129.002866036,1,0,0.01
1772934130.023459939,0,0,4.92
1772934130.023459939,1,0,0.01
1772934131.045071359,0,0,4.92
1772934131.045071359,1,0,0.01
1772934132.065646243,0,0,4.92
1772934132.065646243,1,0,0.01
1772934133.086308058,0,0,4.92
1772934133.086308058,1,0,0.01
1772934134.107187226,0,0,4.92
1772934134.107187226,1,0,0.01
1772934135.127768990,0,0,4.92
1772934135.127768990,1,0,0.01
1772934136.149214615,0,0,4.92
1772934136.149214615,1,0,0.01
1772934137.170125170,0,0,4.92
1772934137.170125170,1,0,0.01
1772934138.190858126,0,0,4.92
1772934138.190858126,1,0,0.01
1772934139.211522299,0,0,4.92
1772934139.211522299,1,0,0.01
1772934140.232738566,0,0,4.92
1772934140.232738566,1,0,0.01
1772934141.253346536,0,68,4.92
1772934141.253346536,1,0,0.01
1772934142.273926498,0,67,4.92
1772934142.273926498,1,0,0.01
1772934143.295200964,0,0,4.92
1772934143.295200964,1,0,0.01
1772934144.316020131,0,0,4.92
1772934144.316020131,1,0,0.01
1772934145.337536942,0,0,4.92
1772934145.337536942,1,0,0.01
1772934146.358307262,0,0,4.92
1772934146.358307262,1,0,0.01
1772934147.378862815,0,0,4.92
1772934147.378862815,1,0,0.01
1772934148.399442122,0,0,4.92
1772934148.399442122,1,0,0.01
1772934149.420228717,0,0,4.92
1772934149.420228717,1,0,0.01
1772934150.441042945,0,0,4.92
1772934150.441042945,1,0,0.01
1772934151.461620801,0,0,4.92
1772934151.461620801,1,0,0.01
1772934152.482633150,0,0,4.92
1772934152.482633150,1,0,0.01
1772934153.503121498,0,0,4.92
1772934153.503121498,1,0,0.01
1772934154.524372531,0,0,4.92
1772934154.524372531,1,0,0.01
1772934155.545869661,0,0,4.92
1772934155.545869661,1,0,0.01
1772934156.566659710,0,0,4.92
1772934156.566659710,1,0,0.01
1772934157.587363331,0,0,4.92
1772934157.587363331,1,0,0.01
1772934158.608026132,0,0,4.92
1772934158.608026132,1,0,0.01
1772934159.628872910,0,0,4.92
1772934159.628872910,1,0,0.01
1772934160.649629266,0,0,4.92
1772934160.649629266,1,0,0.01
1772934161.670925438,0,0,4.92
1772934161.670925438,1,0,0.01
1772934162.692504088,0,0,4.92
1772934162.692504088,1,0,0.01
1772934163.713833281,0,0,4.92
1772934163.713833281,1,0,0.01
1772934164.735030775,0,0,4.92
1772934164.735030775,1,0,0.01
1772934165.755767265,0,0,4.92
1772934165.755767265,1,0,0.01
1772934166.776504652,0,0,4.92
1772934166.776504652,1,0,0.01
1772934167.797092830,0,0,4.92
1772934167.797092830,1,0,0.01
1772934168.817729690,0,0,4.92
1772934168.817729690,1,0,0.01
1772934169.838379101,0,0,4.92
1772934169.838379101,1,0,0.01
1772934170.858905421,0,0,4.92
1772934170.858905421,1,0,0.01
1772934171.880396822,0,0,4.92
1772934171.880396822,1,0,0.01
1772934172.901148914,0,0,4.92
1772934172.901148914,1,0,0.01
1772934173.921900508,0,0,4.92
1772934173.921900508,1,0,0.01
1772934174.942421255,0,0,4.92
1772934174.942421255,1,0,0.01
1772934175.962955061,0,0,4.92
1772934175.962955061,1,0,0.01
1772934176.982770258,0,0,4.92
1772934176.982770258,1,0,0.01
1772934178.003279518,0,0,4.92
1772934178.003279518,1,0,0.01
1772934179.023884872,0,0,4.92
1772934179.023884872,1,0,0.01
1772934180.044574612,0,0,4.92
1772934180.044574612,1,0,0.01
1772934181.065076607,0,0,4.92
1772934181.065076607,1,0,0.01
1772934182.085814706,0,0,4.92
1772934182.085814706,1,0,0.01
1772934183.106713503,0,0,4.92
1772934183.106713503,1,0,0.01
1772934184.127442155,0,0,4.92
1772934184.127442155,1,0,0.01
1772934185.148253503,0,0,4.92
1772934185.148253503,1,0,0.01
1772934186.169131225,0,0,4.92
1772934186.169131225,1,0,0.01
1772934187.190541896,0,0,4.92
1772934187.190541896,1,0,0.01
1772934188.211500312,0,0,4.92
1772934188.211500312,1,0,0.01
1772934189.232279725,0,0,4.92
1772934189.232279725,1,0,0.01
1772934190.253012158,0,0,4.92
1772934190.253012158,1,0,0.01
1772934191.274527183,0,0,4.92
1772934191.274527183,1,0,0.01
1772934192.296093616,0,0,4.92
1772934192.296093616,1,0,0.01
1772934193.316717844,0,0,4.92
1772934193.316717844,1,0,0.01
1772934194.337372000,0,0,4.92
1772934194.337372000,1,0,0.01
1772934195.358204883,0,0,4.92
1772934195.358204883,1,0,0.01
1772934196.379646381,0,0,4.92
1772934196.379646381,1,0,0.01
1772934197.400441179,0,0,4.92
1772934197.400441179,1,0,0.01
1772934198.421333889,0,0,4.92
1772934198.421333889,1,0,0.01
1772934199.442141800,0,0,4.92
1772934199.442141800,1,0,0.01
1772934200.463826407,0,0,4.92
1772934200.463826407,1,0,0.01
1772934201.484870853,0,0,4.92
1772934201.484870853,1,0,0.01
1772934202.505928397,0,0,4.92
1772934202.505928397,1,0,0.01
1772934203.526954621,0,0,4.92
1772934203.526954621,1,0,0.01
1772934204.547918077,0,0,4.92
1772934204.547918077,1,0,0.01
1772934205.568788677,0,0,4.92
1772934205.568788677,1,0,0.01
1772934206.589833499,0,0,4.92
1772934206.589833499,1,0,0.01
1772934207.611489768,0,0,4.92
1772934207.611489768,1,0,0.01
1772934208.633290382,0,0,4.92
1772934208.633290382,1,0,0.01
1772934209.654191279,0,0,4.92
1772934209.654191279,1,0,0.01
1772934210.675117071,0,0,4.92
1772934210.675117071,1,0,0.01
1772934211.696973082,0,0,4.92
1772934211.696973082,1,0,0.01
1772934212.717899378,0,0,4.92
1772934212.717899378,1,0,0.01
1772934213.739588496,0,0,4.92
1772934213.739588496,1,0,0.01
1772934214.760680517,0,0,4.92
1772934214.760680517,1,0,0.01
1772934215.781587538,0,0,4.92
1772934215.781587538,1,0,0.01
1772934216.802331751,0,0,4.92
1772934216.802331751,1,0,0.01
1772934217.823778467,0,0,4.92
1772934217.823778467,1,0,0.01
1772934218.844682007,0,0,4.92
1772934218.844682007,1,0,0.01
1772934219.865267872,0,0,4.92
1772934219.865267872,1,0,0.01
1772934220.887007452,0,0,4.92
1772934220.887007452,1,0,0.01
1772934221.907990458,0,0,4.92
1772934221.907990458,1,0,0.01
1772934222.928991662,0,0,4.92
1772934222.928991662,1,0,0.01
1772934223.950593897,0,0,4.92
1772934223.950593897,1,0,0.01
1772934224.971392268,0,0,4.92
1772934224.971392268,1,0,0.01
1772934225.993012405,0,0,4.92
1772934225.993012405,1,0,0.01
1772934227.013941740,0,0,4.92
1772934227.013941740,1,0,0.01
1772934228.035012629,0,0,4.92
1772934228.035012629,1,0,0.01
1772934229.055932130,0,0,4.92
1772934229.055932130,1,0,0.01
1772934230.077323706,0,0,4.92
1772934230.077323706,1,0,0.01
1772934231.098101714,0,0,4.92
1772934231.098101714,1,0,0.01
1772934232.118963811,0,0,4.92
1772934232.118963811,1,0,0.01
1772934233.140534888,0,0,4.92
1772934233.140534888,1,0,0.01
1772934234.161537659,0,0,4.92
1772934234.161537659,1,0,0.01
1772934235.182495707,0,0,4.92
1772934235.182495707,1,0,0.01
1772934236.204122029,0,0,4.92
1772934236.204122029,1,0,0.01
1772934237.225732136,0,0,4.92
1772934237.225732136,1,0,0.01
1772934238.247499971,0,0,4.92
1772934238.247499971,1,0,0.01
1772934239.269104170,0,0,4.92
1772934239.269104170,1,0,0.01
1772934240.290208373,0,0,4.92
1772934240.290208373,1,0,0.01
1772934241.311771832,0,0,4.92
1772934241.311771832,1,0,0.01
1772934242.332781855,0,0,4.92
1772934242.332781855,1,0,0.01
1772934243.353651279,0,0,4.92
1772934243.353651279,1,0,0.01
1772934244.374369615,0,0,4.92
1772934244.374369615,1,0,0.01
1772934245.395529705,0,0,4.92
1772934245.395529705,1,0,0.01
1772934246.416357014,0,0,4.92
1772934246.416357014,1,0,0.01
1772934247.437260155,0,0,4.92
1772934247.437260155,1,0,0.01
1772934248.458144988,0,0,4.92
1772934248.458144988,1,0,0.01
1772934249.479133499,0,0,4.92
1772934249.479133499,1,0,0.01
1772934250.500161349,0,0,4.92
1772934250.500161349,1,0,0.01
1772934251.521379756,0,0,4.92
1772934251.521379756,1,0,0.01
1772934252.542373952,0,0,4.92
1772934252.542373952,1,0,0.01
1772934253.563023305,0,0,4.92
1772934253.563023305,1,0,0.01
1772934254.584019432,0,0,4.92
1772934254.584019432,1,0,0.01
1772934255.605611720,0,0,4.92
1772934255.605611720,1,0,0.01
1772934256.626484254,0,0,4.92
1772934256.626484254,1,0,0.01
1772934257.647226209,0,0,4.92
1772934257.647226209,1,0,0.01
1772934258.669005121,0,0,4.92
1772934258.669005121,1,0,0.01
1772934259.689600479,0,0,4.92
1772934259.689600479,1,0,0.01
1772934260.711305582,0,0,4.92
1772934260.711305582,1,0,0.01
1772934261.732206138,0,0,4.92
1772934261.732206138,1,0,0.01
1772934262.753003095,0,0,4.92
1772934262.753003095,1,0,0.01
1772934263.773949121,0,0,4.92
1772934263.773949121,1,0,0.01
1772934264.795368006,0,0,4.92
1772934264.795368006,1,0,0.01
1772934265.816250501,0,0,4.92
1772934265.816250501,1,0,0.01
1772934266.837338999,0,0,4.92
1772934266.837338999,1,0,0.01
1772934267.858447788,0,0,4.92
1772934267.858447788,1,0,0.01
1772934268.879390720,0,0,4.92
1772934268.879390720,1,0,0.01
1772934269.900709610,0,0,4.92
1772934269.900709610,1,0,0.01
1772934270.922162129,0,0,4.92
1772934270.922162129,1,0,0.01
1772934271.943623355,0,0,4.92
1772934271.943623355,1,0,0.01
1772934272.964583487,0,0,4.92
1772934272.964583487,1,0,0.01
1772934273.985490957,0,0,4.92
1772934273.985490957,1,0,0.01
1772934275.007660172,0,0,4.92
1772934275.007660172,1,0,0.01
1772934276.029570652,0,0,4.92
1772934276.029570652,1,0,0.01
1772934277.050689990,0,0,4.92
1772934277.050689990,1,0,0.01
1772934278.072295240,0,0,4.92
1772934278.072295240,1,0,0.01
1772934279.093096946,0,0,4.92
1772934279.093096946,1,0,0.01
1772934280.114131542,0,0,4.92
1772934280.114131542,1,0,0.01
1772934281.135392509,0,0,4.92
1772934281.135392509,1,0,0.01
1772934282.156846656,0,0,4.92
1772934282.156846656,1,0,0.01
1772934283.177831138,0,73,4.92
1772934283.177831138,1,0,0.01
1772934284.198803137,0,69,4.92
1772934284.198803137,1,0,0.01
1772934285.219906704,0,0,4.92
1772934285.219906704,1,0,0.01
1772934286.241014570,0,0,4.92
1772934286.241014570,1,0,0.01
1772934287.262695058,0,0,4.92
1772934287.262695058,1,0,0.01
1772934288.283790169,0,0,4.92
1772934288.283790169,1,0,0.01
1772934289.304606724,0,0,4.92
1772934289.304606724,1,0,0.01
1772934290.325119950,0,0,4.92
1772934290.325119950,1,0,0.01
1772934291.345860161,0,0,4.92
1772934291.345860161,1,0,0.01
1772934292.366702009,0,0,4.92
1772934292.366702009,1,0,0.01
1772934293.387646750,0,0,4.92
1772934293.387646750,1,0,0.01
1772934294.409346037,0,0,4.92
1772934294.409346037,1,0,0.01
1772934295.430287111,0,0,4.92
1772934295.430287111,1,0,0.01
1772934296.451719469,0,0,4.92
1772934296.451719469,1,0,0.01
1772934297.473411636,0,0,4.92
1772934297.473411636,1,0,0.01
1772934298.493928928,0,0,4.92
1772934298.493928928,1,0,0.01
1772934299.515279531,0,0,4.92
1772934299.515279531,1,0,0.01
1772934300.535853228,0,0,4.92
1772934300.535853228,1,0,0.01
1772934301.557131401,0,0,4.92
1772934301.557131401,1,0,0.01
1772934302.577753260,0,0,4.92
1772934302.577753260,1,0,0.01
1772934303.598504163,0,0,4.92
1772934303.598504163,1,0,0.01
1772934304.619567475,0,0,4.92
1772934304.619567475,1,0,0.01
1772934305.640886909,0,0,4.92
1772934305.640886909,1,0,0.01
1772934306.661618419,0,0,4.92
1772934306.661618419,1,0,0.01
1772934307.682480724,0,0,4.92
1772934307.682480724,1,0,0.01
1772934308.703109684,0,0,4.92
1772934308.703109684,1,0,0.01
1772934309.724366443,0,0,4.92
1772934309.724366443,1,0,0.01
1772934310.746025354,0,0,4.92
1772934310.746025354,1,0,0.01
1772934311.767038332,0,0,4.92
1772934311.767038332,1,0,0.01
1772934312.788431343,0,0,4.92
1772934312.788431343,1,0,0.01
1772934313.809213096,0,0,4.92
1772934313.809213096,1,0,0.01
1772934314.830726457,0,63,4.92
1772934314.830726457,1,0,0.01
1772934315.852204885,0,61,4.92
1772934315.852204885,1,0,0.01
1772934316.873231508,0,0,4.92
1772934316.873231508,1,0,0.01
1772934317.894950878,0,0,4.92
1772934317.894950878,1,0,0.01
1772934318.918071176,0,0,3.69
1772934318.918071176,1,0,0.01
