timestamp,idx,gpu_util_pct,mem_used_pct
1773168637.798537439,0,0,0.00
1773168637.798537439,1,0,0.00
1773168638.830173045,0,0,0.00
1773168638.830173045,1,0,0.00
1773168639.860518433,0,0,0.00
1773168639.860518433,1,0,0.00
1773168640.884321085,0,0,0.00
1773168640.884321085,1,0,0.00
1773168641.908646043,0,0,0.00
1773168641.908646043,1,0,0.00
1773168642.934876902,0,0,0.00
1773168642.934876902,1,0,0.00
1773168643.960527923,0,0,0.00
1773168643.960527923,1,0,0.00
1773168644.984889265,0,0,0.00
1773168644.984889265,1,0,0.00
1773168646.008978147,0,0,0.00
1773168646.008978147,1,0,0.00
1773168647.034479686,0,0,7.59
1773168647.034479686,1,0,0.01
1773168648.057608059,0,0,7.59
1773168648.057608059,1,0,0.01
1773168649.080514015,0,0,7.59
1773168649.080514015,1,0,0.01
1773168650.103390259,0,0,7.59
1773168650.103390259,1,0,0.01
1773168651.128226368,0,0,7.59
1773168651.128226368,1,0,0.01
1773168652.152697508,0,0,7.64
1773168652.152697508,1,0,0.01
1773168653.178185598,0,0,7.64
1773168653.178185598,1,0,0.01
1773168654.201183592,0,0,7.64
1773168654.201183592,1,0,0.01
1773168655.226099876,0,0,7.64
1773168655.226099876,1,0,0.01
1773168656.249752547,0,0,7.64
1773168656.249752547,1,0,0.01
1773168657.272875140,0,0,7.64
1773168657.272875140,1,0,0.01
1773168658.296003998,0,0,7.64
1773168658.296003998,1,0,0.01
1773168659.318854757,0,0,7.64
1773168659.318854757,1,0,0.01
1773168660.342221976,0,0,7.64
1773168660.342221976,1,0,0.01
1773168661.365467719,0,0,7.64
1773168661.365467719,1,0,0.01
1773168662.390278623,0,0,7.64
1773168662.390278623,1,0,0.01
1773168663.413934983,0,0,7.64
1773168663.413934983,1,0,0.01
1773168664.437579989,0,0,7.64
1773168664.437579989,1,0,0.01
1773168665.460245370,0,0,7.64
1773168665.460245370,1,0,0.01
1773168666.483893553,0,0,7.64
1773168666.483893553,1,0,0.01
1773168667.507279874,0,0,7.64
1773168667.507279874,1,0,0.01
1773168668.532973285,0,0,7.64
1773168668.532973285,1,0,0.01
1773168669.556885315,0,0,7.64
1773168669.556885315,1,0,0.01
1773168670.580452194,0,0,7.64
1773168670.580452194,1,0,0.01
1773168671.603621400,0,0,7.64
1773168671.603621400,1,0,0.01
1773168672.626338546,0,0,7.64
1773168672.626338546,1,0,0.01
1773168673.649260575,0,0,7.64
1773168673.649260575,1,0,0.01
1773168674.673336562,0,0,7.64
1773168674.673336562,1,0,0.01
1773168675.697092246,0,0,7.64
1773168675.697092246,1,0,0.01
1773168676.719942586,0,0,7.64
1773168676.719942586,1,0,0.01
1773168677.742982729,0,0,7.64
1773168677.742982729,1,0,0.01
1773168678.765861666,0,0,7.64
1773168678.765861666,1,0,0.01
1773168679.788942572,0,0,7.64
1773168679.788942572,1,0,0.01
1773168680.811760307,0,0,7.64
1773168680.811760307,1,0,0.01
1773168681.834646286,0,0,7.64
1773168681.834646286,1,0,0.01
1773168682.858632651,0,0,7.64
1773168682.858632651,1,0,0.01
1773168683.882361445,0,0,7.64
1773168683.882361445,1,0,0.01
1773168684.905657297,0,0,7.64
1773168684.905657297,1,0,0.01
1773168685.929284463,0,0,7.64
1773168685.929284463,1,0,0.01
1773168686.953392022,0,0,7.64
1773168686.953392022,1,0,0.01
1773168687.978826006,0,0,7.64
1773168687.978826006,1,0,0.01
1773168689.002633868,0,0,7.64
1773168689.002633868,1,0,0.01
1773168690.026339948,0,0,7.64
1773168690.026339948,1,0,0.01
1773168691.049377435,0,0,7.64
1773168691.049377435,1,0,0.01
1773168692.072251268,0,0,7.64
1773168692.072251268,1,0,0.01
1773168693.094946197,0,0,7.64
1773168693.094946197,1,0,0.01
1773168694.118526664,0,0,7.64
1773168694.118526664,1,0,0.01
1773168695.141318253,0,0,7.64
1773168695.141318253,1,0,0.01
1773168696.163961787,0,0,7.64
1773168696.163961787,1,0,0.01
1773168697.186618319,0,0,8.08
1773168697.186618319,1,0,0.01
1773168698.209404757,0,100,8.92
1773168698.209404757,1,0,0.01
1773168699.231889806,0,100,9.28
1773168699.231889806,1,0,0.01
1773168700.255498861,0,100,9.55
1773168700.255498861,1,0,0.01
1773168701.278516874,0,100,9.56
1773168701.278516874,1,0,0.01
1773168702.301629824,0,100,9.83
1773168702.301629824,1,0,0.01
1773168703.324566679,0,100,9.83
1773168703.324566679,1,0,0.01
1773168704.346746820,0,100,9.83
1773168704.346746820,1,0,0.01
1773168705.369105520,0,100,9.83
1773168705.369105520,1,0,0.01
1773168706.392004146,0,100,9.83
1773168706.392004146,1,0,0.01
1773168707.415031660,0,100,9.83
1773168707.415031660,1,0,0.01
1773168708.438492891,0,99,9.83
1773168708.438492891,1,0,0.01
1773168709.461083362,0,0,9.83
1773168709.461083362,1,0,0.01
1773168710.482677350,0,0,9.83
1773168710.482677350,1,0,0.01
1773168711.504221781,0,0,9.83
1773168711.504221781,1,0,0.01
1773168712.526834870,0,0,9.83
1773168712.526834870,1,0,0.01
1773168713.549510313,0,0,9.83
1773168713.549510313,1,0,0.01
1773168714.572859590,0,0,9.83
1773168714.572859590,1,0,0.01
1773168715.596734337,0,0,9.83
1773168715.596734337,1,0,0.01
1773168716.619476623,0,0,9.83
1773168716.619476623,1,0,0.01
1773168717.642369470,0,0,9.83
1773168717.642369470,1,0,0.01
1773168718.665634425,0,0,9.83
1773168718.665634425,1,0,0.01
1773168719.688886843,0,1,9.83
1773168719.688886843,1,0,0.01
1773168720.711293971,0,0,9.83
1773168720.711293971,1,0,0.01
1773168721.733898317,0,0,9.83
1773168721.733898317,1,0,0.01
1773168722.756081166,0,0,9.83
1773168722.756081166,1,0,0.01
1773168723.779838211,0,0,9.83
1773168723.779838211,1,0,0.01
1773168724.803547809,0,0,9.83
1773168724.803547809,1,0,0.01
1773168725.825848452,0,0,9.83
1773168725.825848452,1,0,0.01
1773168726.848455151,0,0,9.83
1773168726.848455151,1,0,0.01
1773168727.871179927,0,0,9.83
1773168727.871179927,1,0,0.01
1773168728.893794708,0,0,9.83
1773168728.893794708,1,0,0.01
1773168729.916944691,0,0,9.83
1773168729.916944691,1,0,0.01
1773168730.940319263,0,0,9.83
1773168730.940319263,1,0,0.01
1773168731.962749306,0,0,9.83
1773168731.962749306,1,0,0.01
1773168732.985381566,0,0,9.83
1773168732.985381566,1,0,0.01
1773168734.007596083,0,0,9.83
1773168734.007596083,1,0,0.01
1773168735.030856905,0,0,9.83
1773168735.030856905,1,0,0.01
1773168736.053314956,0,0,9.83
1773168736.053314956,1,0,0.01
1773168737.075617478,0,0,9.83
1773168737.075617478,1,0,0.01
1773168738.098746400,0,0,9.83
1773168738.098746400,1,0,0.01
1773168739.120996105,0,0,9.83
1773168739.120996105,1,0,0.01
1773168740.143045777,0,0,9.83
1773168740.143045777,1,0,0.01
1773168741.166748515,0,0,9.83
1773168741.166748515,1,0,0.01
1773168742.190251142,0,0,9.83
1773168742.190251142,1,0,0.01
1773168743.212674849,0,0,9.83
1773168743.212674849,1,0,0.01
1773168744.237008072,0,0,9.83
1773168744.237008072,1,0,0.01
1773168745.258862502,0,0,9.83
1773168745.258862502,1,0,0.01
1773168746.282287870,0,0,9.83
1773168746.282287870,1,0,0.01
1773168747.305412968,0,0,9.83
1773168747.305412968,1,0,0.01
1773168748.328577041,0,0,9.83
1773168748.328577041,1,0,0.01
1773168749.352050013,0,0,9.83
1773168749.352050013,1,0,0.01
1773168750.374477019,0,0,9.83
1773168750.374477019,1,0,0.01
1773168751.396308524,0,0,9.83
1773168751.396308524,1,0,0.01
1773168752.419236892,0,0,9.83
1773168752.419236892,1,0,0.01
1773168753.441381204,0,0,9.83
1773168753.441381204,1,0,0.01
1773168754.463758538,0,0,9.83
1773168754.463758538,1,0,0.01
1773168755.487409941,0,0,9.83
1773168755.487409941,1,0,0.01
1773168756.510334526,0,0,9.83
1773168756.510334526,1,0,0.01
1773168757.532569697,0,0,9.83
1773168757.532569697,1,0,0.01
1773168758.555276108,0,0,9.83
1773168758.555276108,1,0,0.01
1773168759.577968265,0,0,9.83
1773168759.577968265,1,0,0.01
1773168760.601977207,0,0,9.83
1773168760.601977207,1,0,0.01
1773168761.625987001,0,0,9.83
1773168761.625987001,1,0,0.01
1773168762.649394851,0,0,9.83
1773168762.649394851,1,0,0.01
1773168763.672020565,0,0,9.83
1773168763.672020565,1,0,0.01
1773168764.694656130,0,0,9.83
1773168764.694656130,1,0,0.01
1773168765.716995413,0,0,9.83
1773168765.716995413,1,0,0.01
1773168766.739442172,0,0,9.83
1773168766.739442172,1,0,0.01
1773168767.762224242,0,0,9.83
1773168767.762224242,1,0,0.01
1773168768.785342860,0,0,9.83
1773168768.785342860,1,0,0.01
1773168769.807701273,0,0,9.83
1773168769.807701273,1,0,0.01
1773168770.830375294,0,0,9.83
1773168770.830375294,1,0,0.01
1773168771.852217340,0,0,9.83
1773168771.852217340,1,0,0.01
1773168772.874626155,0,0,9.83
1773168772.874626155,1,0,0.01
1773168773.896819546,0,0,9.83
1773168773.896819546,1,0,0.01
1773168774.918783126,0,0,9.83
1773168774.918783126,1,0,0.01
1773168775.942188915,0,0,9.83
1773168775.942188915,1,0,0.01
1773168776.963884034,0,0,9.83
1773168776.963884034,1,0,0.01
1773168777.985554729,0,0,9.83
1773168777.985554729,1,0,0.01
1773168779.008951212,0,0,9.83
1773168779.008951212,1,0,0.01
1773168780.029424902,0,0,9.83
1773168780.029424902,1,0,0.01
1773168781.052302783,0,0,9.83
1773168781.052302783,1,0,0.01
1773168782.075658419,0,0,9.83
1773168782.075658419,1,0,0.01
1773168783.097434942,0,0,9.83
1773168783.097434942,1,0,0.01
1773168784.120017972,0,0,9.83
1773168784.120017972,1,0,0.01
1773168785.143115893,0,0,9.83
1773168785.143115893,1,0,0.01
1773168786.165286169,0,0,9.83
1773168786.165286169,1,0,0.01
1773168787.188306252,0,0,9.83
1773168787.188306252,1,0,0.01
1773168788.211101089,0,0,9.83
1773168788.211101089,1,0,0.01
1773168789.233841088,0,0,9.83
1773168789.233841088,1,0,0.01
1773168790.257471765,0,0,9.83
1773168790.257471765,1,0,0.01
1773168791.280204883,0,0,9.83
1773168791.280204883,1,0,0.01
1773168792.303033482,0,0,9.83
1773168792.303033482,1,0,0.01
1773168793.324643394,0,0,9.83
1773168793.324643394,1,0,0.01
1773168794.347576831,0,0,9.83
1773168794.347576831,1,0,0.01
1773168795.370132189,0,0,9.83
1773168795.370132189,1,0,0.01
1773168796.392759367,0,0,9.83
1773168796.392759367,1,0,0.01
1773168797.415229205,0,0,9.83
1773168797.415229205,1,0,0.01
1773168798.437886616,0,0,9.83
1773168798.437886616,1,0,0.01
1773168799.460392246,0,0,9.83
1773168799.460392246,1,0,0.01
1773168800.482232934,0,0,9.83
1773168800.482232934,1,0,0.01
1773168801.504554444,0,0,9.83
1773168801.504554444,1,0,0.01
1773168802.527152643,0,0,9.83
1773168802.527152643,1,0,0.01
1773168803.549934560,0,0,9.83
1773168803.549934560,1,0,0.01
1773168804.572722097,0,0,9.83
1773168804.572722097,1,0,0.01
1773168805.596099066,0,1,9.83
1773168805.596099066,1,0,0.01
1773168806.619192391,0,0,9.83
1773168806.619192391,1,0,0.01
1773168807.642194568,0,0,9.83
1773168807.642194568,1,0,0.01
1773168808.665384647,0,0,9.83
1773168808.665384647,1,0,0.01
1773168809.688169215,0,0,9.83
1773168809.688169215,1,0,0.01
1773168810.710476893,0,0,9.83
1773168810.710476893,1,0,0.01
1773168811.733459449,0,0,9.83
1773168811.733459449,1,0,0.01
1773168812.756465334,0,0,9.83
1773168812.756465334,1,0,0.01
1773168813.780737456,0,0,9.83
1773168813.780737456,1,0,0.01
1773168814.803544504,0,0,9.83
1773168814.803544504,1,0,0.01
1773168815.827183142,0,0,9.83
1773168815.827183142,1,0,0.01
1773168816.851002094,0,0,9.83
1773168816.851002094,1,0,0.01
1773168817.875119658,0,0,9.83
1773168817.875119658,1,0,0.01
1773168818.898881279,0,0,9.83
1773168818.898881279,1,0,0.01
1773168819.922105185,0,0,9.83
1773168819.922105185,1,0,0.01
1773168820.945659430,0,0,9.83
1773168820.945659430,1,0,0.01
1773168821.968034826,0,0,9.83
1773168821.968034826,1,0,0.01
1773168822.991299715,0,0,9.83
1773168822.991299715,1,0,0.01
1773168824.013925032,0,0,9.83
1773168824.013925032,1,0,0.01
1773168825.037758991,0,0,9.83
1773168825.037758991,1,0,0.01
1773168826.060088265,0,0,9.83
1773168826.060088265,1,0,0.01
1773168827.083360760,0,0,9.83
1773168827.083360760,1,0,0.01
1773168828.107004178,0,0,9.83
1773168828.107004178,1,0,0.01
1773168829.130383241,0,0,9.83
1773168829.130383241,1,0,0.01
1773168830.153429525,0,0,9.83
1773168830.153429525,1,0,0.01
1773168831.176529542,0,0,9.83
1773168831.176529542,1,0,0.01
1773168832.200711850,0,0,9.83
1773168832.200711850,1,0,0.01
1773168833.223845562,0,0,9.83
1773168833.223845562,1,0,0.01
1773168834.247082243,0,0,9.83
1773168834.247082243,1,0,0.01
1773168835.271019072,0,0,9.83
1773168835.271019072,1,0,0.01
1773168836.294448743,0,0,9.83
1773168836.294448743,1,0,0.01
1773168837.317263545,0,1,9.83
1773168837.317263545,1,0,0.01
1773168838.340250589,0,0,9.83
1773168838.340250589,1,0,0.01
1773168839.363298621,0,0,9.83
1773168839.363298621,1,0,0.01
1773168840.386449693,0,0,9.83
1773168840.386449693,1,0,0.01
1773168841.408257472,0,0,9.83
1773168841.408257472,1,0,0.01
1773168842.428952285,0,0,9.83
1773168842.428952285,1,0,0.01
1773168843.451967090,0,0,9.83
1773168843.451967090,1,0,0.01
1773168844.473404557,0,0,9.83
1773168844.473404557,1,0,0.01
1773168845.496894849,0,0,9.83
1773168845.496894849,1,0,0.01
1773168846.520358238,0,0,9.83
1773168846.520358238,1,0,0.01
1773168847.543997146,0,0,9.83
1773168847.543997146,1,0,0.01
1773168848.567345075,0,0,9.83
1773168848.567345075,1,0,0.01
1773168849.590206656,0,0,9.83
1773168849.590206656,1,0,0.01
1773168850.613840502,0,0,9.83
1773168850.613840502,1,0,0.01
1773168851.636570952,0,0,9.83
1773168851.636570952,1,0,0.01
1773168852.659525039,0,0,9.83
1773168852.659525039,1,0,0.01
1773168853.683456787,0,0,9.83
1773168853.683456787,1,0,0.01
1773168854.705128612,0,0,9.83
1773168854.705128612,1,0,0.01
1773168855.727946201,0,59,9.83
1773168855.727946201,1,0,0.01
1773168856.750130690,0,60,9.83
1773168856.750130690,1,0,0.01
1773168857.773658397,0,58,9.83
1773168857.773658397,1,0,0.01
1773168858.796453570,0,99,9.83
1773168858.796453570,1,0,0.01
1773168859.819857632,0,99,9.83
1773168859.819857632,1,0,0.01
1773168860.841429034,0,60,9.83
1773168860.841429034,1,0,0.01
1773168861.864375998,0,59,9.83
1773168861.864375998,1,0,0.01
1773168862.886162850,0,58,9.83
1773168862.886162850,1,0,0.01
1773168863.908941214,0,0,9.83
1773168863.908941214,1,0,0.01
1773168864.930776301,0,0,9.83
1773168864.930776301,1,0,0.01
1773168865.952849401,0,0,9.83
1773168865.952849401,1,0,0.01
1773168866.973555151,0,0,9.83
1773168866.973555151,1,0,0.01
1773168867.995956573,0,0,9.83
1773168867.995956573,1,0,0.01
1773168869.018233591,0,46,9.83
1773168869.018233591,1,0,0.01
1773168870.040927563,0,61,9.83
1773168870.040927563,1,0,0.01
1773168871.063012838,0,0,9.83
1773168871.063012838,1,0,0.01
1773168872.084337535,0,0,9.83
1773168872.084337535,1,0,0.01
1773168873.105258008,0,0,9.83
1773168873.105258008,1,0,0.01
1773168874.127125708,0,0,9.83
1773168874.127125708,1,0,0.01
1773168875.147994750,0,0,9.83
1773168875.147994750,1,0,0.01
1773168876.169829030,0,0,9.83
1773168876.169829030,1,0,0.01
1773168877.192175035,0,0,9.83
1773168877.192175035,1,0,0.01
1773168878.214564490,0,0,9.83
1773168878.214564490,1,0,0.01
1773168879.236562908,0,0,9.83
1773168879.236562908,1,0,0.01
1773168880.258609644,0,0,9.83
1773168880.258609644,1,0,0.01
1773168881.280845567,0,0,9.83
1773168881.280845567,1,0,0.01
1773168882.302668521,0,0,9.83
1773168882.302668521,1,0,0.01
1773168883.324963846,0,0,9.83
1773168883.324963846,1,0,0.01
1773168884.346906500,0,0,9.83
1773168884.346906500,1,0,0.01
1773168885.369362418,0,0,9.83
1773168885.369362418,1,0,0.01
1773168886.391629320,0,0,9.83
1773168886.391629320,1,0,0.01
1773168887.413737044,0,0,9.83
1773168887.413737044,1,0,0.01
1773168888.436397713,0,0,9.83
1773168888.436397713,1,0,0.01
1773168889.458633138,0,0,9.83
1773168889.458633138,1,0,0.01
1773168890.480723887,0,60,9.83
1773168890.480723887,1,0,0.01
1773168891.501808775,0,60,9.83
1773168891.501808775,1,0,0.01
1773168892.524398352,0,1,9.83
1773168892.524398352,1,0,0.01
1773168893.544585168,0,0,9.83
1773168893.544585168,1,0,0.01
1773168894.566446357,0,0,9.83
1773168894.566446357,1,0,0.01
1773168895.588150865,0,0,9.83
1773168895.588150865,1,0,0.01
1773168896.610409225,0,57,9.83
1773168896.610409225,1,0,0.01
1773168897.632244526,0,60,9.83
1773168897.632244526,1,0,0.01
1773168898.654508882,0,0,9.83
1773168898.654508882,1,0,0.01
1773168899.674961521,0,0,9.83
1773168899.674961521,1,0,0.01
1773168900.695320020,0,0,9.83
1773168900.695320020,1,0,0.01
1773168901.717896875,0,0,9.83
1773168901.717896875,1,0,0.01
1773168902.739745476,0,0,9.83
1773168902.739745476,1,0,0.01
1773168903.762911385,0,0,9.83
1773168903.762911385,1,0,0.01
1773168904.784883230,0,0,9.83
1773168904.784883230,1,0,0.01
1773168905.807008774,0,0,9.83
1773168905.807008774,1,0,0.01
1773168906.828874483,0,0,9.83
1773168906.828874483,1,0,0.01
1773168907.849619581,0,0,9.83
1773168907.849619581,1,0,0.01
1773168908.871720750,0,0,9.83
1773168908.871720750,1,0,0.01
1773168909.893488552,0,0,9.83
1773168909.893488552,1,0,0.01
1773168910.916198256,0,0,9.83
1773168910.916198256,1,0,0.01
1773168911.938599941,0,0,9.83
1773168911.938599941,1,0,0.01
1773168912.961330496,0,0,9.83
1773168912.961330496,1,0,0.01
1773168913.981899546,0,0,9.83
1773168913.981899546,1,0,0.01
1773168915.004534564,0,0,9.83
1773168915.004534564,1,0,0.01
1773168916.026406588,0,0,9.83
1773168916.026406588,1,0,0.01
1773168917.048976663,0,0,9.83
1773168917.048976663,1,0,0.01
1773168918.070672527,0,0,9.83
1773168918.070672527,1,0,0.01
1773168919.092433207,0,0,9.83
1773168919.092433207,1,0,0.01
1773168920.115147378,0,0,9.83
1773168920.115147378,1,0,0.01
1773168921.137522644,0,1,9.83
1773168921.137522644,1,0,0.01
1773168922.159532746,0,0,9.83
1773168922.159532746,1,0,0.01
1773168923.182295583,0,0,9.83
1773168923.182295583,1,0,0.01
1773168924.204287573,0,0,9.83
1773168924.204287573,1,0,0.01
1773168925.227028931,0,0,9.83
1773168925.227028931,1,0,0.01
1773168926.248652498,0,0,9.83
1773168926.248652498,1,0,0.01
1773168927.270600792,0,0,9.83
1773168927.270600792,1,0,0.01
1773168928.293454553,0,62,9.83
1773168928.293454553,1,0,0.01
1773168929.315788693,0,61,9.83
1773168929.315788693,1,0,0.01
1773168930.337605249,0,0,9.83
1773168930.337605249,1,0,0.01
1773168931.360575762,0,0,9.83
1773168931.360575762,1,0,0.01
1773168932.382540421,0,0,9.83
1773168932.382540421,1,0,0.01
1773168933.405021401,0,0,9.83
1773168933.405021401,1,0,0.01
1773168934.426467063,0,0,9.83
1773168934.426467063,1,0,0.01
1773168935.447885794,0,0,9.83
1773168935.447885794,1,0,0.01
1773168936.469829629,0,0,9.83
1773168936.469829629,1,0,0.01
1773168937.492385262,0,0,9.83
1773168937.492385262,1,0,0.01
1773168938.514429999,0,0,9.83
1773168938.514429999,1,0,0.01
1773168939.536059454,0,1,9.83
1773168939.536059454,1,0,0.01
1773168940.557677270,0,0,9.83
1773168940.557677270,1,0,0.01
1773168941.579362273,0,0,9.83
1773168941.579362273,1,0,0.01
1773168942.600935903,0,0,9.83
1773168942.600935903,1,0,0.01
1773168943.622616963,0,0,9.83
1773168943.622616963,1,0,0.01
1773168944.644309322,0,0,9.83
1773168944.644309322,1,0,0.01
1773168945.666077614,0,0,9.83
1773168945.666077614,1,0,0.01
1773168946.688197271,0,0,9.83
1773168946.688197271,1,0,0.01
1773168947.709731205,0,0,9.83
1773168947.709731205,1,0,0.01
1773168948.731895128,0,0,9.83
1773168948.731895128,1,0,0.01
1773168949.754620804,0,0,9.83
1773168949.754620804,1,0,0.01
1773168950.776678743,0,0,9.83
1773168950.776678743,1,0,0.01
1773168951.797711697,0,0,9.83
1773168951.797711697,1,0,0.01
1773168952.819821511,0,0,9.83
1773168952.819821511,1,0,0.01
1773168953.840990504,0,0,9.83
1773168953.840990504,1,0,0.01
1773168954.862512433,0,1,9.83
1773168954.862512433,1,0,0.01
1773168955.884255439,0,0,9.83
1773168955.884255439,1,0,0.01
1773168956.906087186,0,0,9.83
1773168956.906087186,1,0,0.01
1773168957.927971522,0,0,9.83
1773168957.927971522,1,0,0.01
1773168958.949457748,0,0,9.83
1773168958.949457748,1,0,0.01
1773168959.970321992,0,0,9.83
1773168959.970321992,1,0,0.01
1773168960.992296533,0,0,9.83
1773168960.992296533,1,0,0.01
1773168962.012923684,0,0,9.83
1773168962.012923684,1,0,0.01
1773168963.033284159,0,0,9.83
1773168963.033284159,1,0,0.01
1773168964.055630538,0,0,9.83
1773168964.055630538,1,0,0.01
1773168965.077320006,0,0,9.83
1773168965.077320006,1,0,0.01
1773168966.098679432,0,0,9.83
1773168966.098679432,1,0,0.01
1773168967.119768959,0,67,9.83
1773168967.119768959,1,0,0.01
1773168968.140442143,0,60,9.83
1773168968.140442143,1,0,0.01
1773168969.162111692,0,0,9.83
1773168969.162111692,1,0,0.01
1773168970.184380876,0,0,9.83
1773168970.184380876,1,0,0.01
1773168971.206689346,0,0,9.83
1773168971.206689346,1,0,0.01
1773168972.229328349,0,0,9.83
1773168972.229328349,1,0,0.01
1773168973.251678156,0,0,9.83
1773168973.251678156,1,0,0.01
1773168974.273780802,0,0,9.83
1773168974.273780802,1,0,0.01
1773168975.296664471,0,0,9.83
1773168975.296664471,1,0,0.01
1773168976.318751412,0,0,9.83
1773168976.318751412,1,0,0.01
1773168977.341335529,0,0,9.83
1773168977.341335529,1,0,0.01
1773168978.363639353,0,0,9.83
1773168978.363639353,1,0,0.01
1773168979.385435492,0,0,9.83
1773168979.385435492,1,0,0.01
1773168980.407513444,0,0,9.83
1773168980.407513444,1,0,0.01
1773168981.429252806,0,0,9.83
1773168981.429252806,1,0,0.01
1773168982.452000091,0,0,9.83
1773168982.452000091,1,0,0.01
1773168983.473823527,0,0,9.83
1773168983.473823527,1,0,0.01
1773168984.495208232,0,0,9.83
1773168984.495208232,1,0,0.01
1773168985.517732183,0,0,9.83
1773168985.517732183,1,0,0.01
1773168986.539672652,0,0,9.83
1773168986.539672652,1,0,0.01
1773168987.562219833,0,0,9.83
1773168987.562219833,1,0,0.01
1773168988.584764095,0,0,9.83
1773168988.584764095,1,0,0.01
1773168989.607089839,0,0,9.83
1773168989.607089839,1,0,0.01
1773168990.629037070,0,0,9.83
1773168990.629037070,1,0,0.01
1773168991.651623057,0,0,9.83
1773168991.651623057,1,0,0.01
1773168992.674169411,0,0,9.83
1773168992.674169411,1,0,0.01
1773168993.697009970,0,0,9.83
1773168993.697009970,1,0,0.01
1773168994.718671699,0,0,9.83
1773168994.718671699,1,0,0.01
1773168995.741644652,0,0,9.83
1773168995.741644652,1,0,0.01
1773168996.763614276,0,0,9.83
1773168996.763614276,1,0,0.01
1773168997.786020028,0,0,9.83
1773168997.786020028,1,0,0.01
1773168998.807741878,0,0,9.83
1773168998.807741878,1,0,0.01
1773168999.830405345,0,62,9.83
1773168999.830405345,1,0,0.01
1773169000.853063108,0,62,9.83
1773169000.853063108,1,0,0.01
1773169001.875674256,0,0,9.83
1773169001.875674256,1,0,0.01
1773169002.897182082,0,0,9.83
1773169002.897182082,1,0,0.01
1773169003.919197958,0,0,9.83
1773169003.919197958,1,0,0.01
1773169004.939376146,0,0,9.83
1773169004.939376146,1,0,0.01
1773169005.961393379,0,0,9.83
1773169005.961393379,1,0,0.01
1773169006.983278987,0,0,9.83
1773169006.983278987,1,0,0.01
1773169008.005231781,0,0,9.83
1773169008.005231781,1,0,0.01
1773169009.026793465,0,0,9.83
1773169009.026793465,1,0,0.01
1773169010.048651783,0,0,9.83
1773169010.048651783,1,0,0.01
1773169011.069471011,0,0,9.83
1773169011.069471011,1,0,0.01
1773169012.091670643,0,0,9.83
1773169012.091670643,1,0,0.01
1773169013.113039755,0,0,9.83
1773169013.113039755,1,0,0.01
1773169014.135841417,0,0,9.83
1773169014.135841417,1,0,0.01
1773169015.157360029,0,0,9.83
1773169015.157360029,1,0,0.01
1773169016.179279498,0,0,9.83
1773169016.179279498,1,0,0.01
1773169017.200984751,0,0,9.83
1773169017.200984751,1,0,0.01
1773169018.222473966,0,0,9.83
1773169018.222473966,1,0,0.01
1773169019.243007597,0,0,9.83
1773169019.243007597,1,0,0.01
1773169020.264814743,0,0,9.83
1773169020.264814743,1,0,0.01
1773169021.285580581,0,0,9.83
1773169021.285580581,1,0,0.01
1773169022.308210026,0,0,9.83
1773169022.308210026,1,0,0.01
1773169023.330538658,0,0,9.83
1773169023.330538658,1,0,0.01
1773169024.352520053,0,64,9.83
1773169024.352520053,1,0,0.01
1773169025.374624959,0,66,9.83
1773169025.374624959,1,0,0.01
1773169026.396612191,0,0,9.83
1773169026.396612191,1,0,0.01
1773169027.418427541,0,0,9.83
1773169027.418427541,1,0,0.01
1773169028.440285900,0,0,9.83
1773169028.440285900,1,0,0.01
1773169029.461881464,0,66,9.83
1773169029.461881464,1,0,0.01
1773169030.484520275,0,66,9.83
1773169030.484520275,1,0,0.01
1773169031.505199436,0,0,9.83
1773169031.505199436,1,0,0.01
1773169032.526831245,0,0,9.83
1773169032.526831245,1,0,0.01
1773169033.549183714,0,0,9.83
1773169033.549183714,1,0,0.01
1773169034.570847845,0,0,9.83
1773169034.570847845,1,0,0.01
1773169035.592545764,0,0,9.83
1773169035.592545764,1,0,0.01
1773169036.614969638,0,0,9.83
1773169036.614969638,1,0,0.01
1773169037.637085741,0,0,9.83
1773169037.637085741,1,0,0.01
1773169038.658856563,0,0,9.83
1773169038.658856563,1,0,0.01
1773169039.681328578,0,0,9.83
1773169039.681328578,1,0,0.01
1773169040.703484116,0,0,9.83
1773169040.703484116,1,0,0.01
1773169041.725239133,0,0,9.83
1773169041.725239133,1,0,0.01
1773169042.747678116,0,0,9.83
1773169042.747678116,1,0,0.01
1773169043.768006220,0,0,9.83
1773169043.768006220,1,0,0.01
1773169044.790381562,0,0,9.83
1773169044.790381562,1,0,0.01
1773169045.812227533,0,0,9.83
1773169045.812227533,1,0,0.01
1773169046.834586897,0,0,9.83
1773169046.834586897,1,0,0.01
1773169047.857078478,0,0,9.83
1773169047.857078478,1,0,0.01
1773169048.878152001,0,0,9.83
1773169048.878152001,1,0,0.01
1773169049.899666829,0,0,9.83
1773169049.899666829,1,0,0.01
1773169050.922046291,0,0,9.83
1773169050.922046291,1,0,0.01
1773169051.943510927,0,0,9.83
1773169051.943510927,1,0,0.01
1773169052.965866821,0,0,9.83
1773169052.965866821,1,0,0.01
1773169053.987494850,0,0,9.83
1773169053.987494850,1,0,0.01
1773169055.009848500,0,0,9.83
1773169055.009848500,1,0,0.01
1773169056.031748620,0,0,9.83
1773169056.031748620,1,0,0.01
1773169057.054556328,0,0,9.83
1773169057.054556328,1,0,0.01
1773169058.075970168,0,1,9.83
1773169058.075970168,1,0,0.01
1773169059.098404196,0,0,9.83
1773169059.098404196,1,0,0.01
1773169060.120802797,0,0,9.83
1773169060.120802797,1,0,0.01
1773169061.142557924,0,42,9.83
1773169061.142557924,1,0,0.01
1773169062.166497945,0,60,9.83
1773169062.166497945,1,0,0.01
1773169063.188856917,0,55,9.83
1773169063.188856917,1,0,0.01
1773169064.210734888,0,0,9.83
1773169064.210734888,1,0,0.01
1773169065.232417580,0,0,9.83
1773169065.232417580,1,0,0.01
1773169066.255014476,0,0,9.83
1773169066.255014476,1,0,0.01
1773169067.276905736,0,0,9.83
1773169067.276905736,1,0,0.01
1773169068.298508212,0,0,9.83
1773169068.298508212,1,0,0.01
1773169069.320729355,0,0,9.83
1773169069.320729355,1,0,0.01
1773169070.343133263,0,0,9.83
1773169070.343133263,1,0,0.01
1773169071.365191761,0,0,9.83
1773169071.365191761,1,0,0.01
1773169072.386819970,0,0,9.83
1773169072.386819970,1,0,0.01
1773169073.409368458,0,0,9.83
1773169073.409368458,1,0,0.01
1773169074.430114959,0,0,9.83
1773169074.430114959,1,0,0.01
1773169075.452262918,0,0,9.83
1773169075.452262918,1,0,0.01
1773169076.473671022,0,0,9.83
1773169076.473671022,1,0,0.01
1773169077.495510605,0,0,9.83
1773169077.495510605,1,0,0.01
1773169078.517537339,0,0,9.83
1773169078.517537339,1,0,0.01
1773169079.540289305,0,0,9.83
1773169079.540289305,1,0,0.01
1773169080.561850165,0,63,9.83
1773169080.561850165,1,0,0.01
1773169081.584695566,0,63,9.83
1773169081.584695566,1,0,0.01
1773169082.607260625,0,0,9.83
1773169082.607260625,1,0,0.01
1773169083.629435611,0,0,9.83
1773169083.629435611,1,0,0.01
1773169084.651489004,0,0,9.83
1773169084.651489004,1,0,0.01
1773169085.673904370,0,0,9.83
1773169085.673904370,1,0,0.01
1773169086.695474838,0,1,9.83
1773169086.695474838,1,0,0.01
1773169087.716712155,0,62,9.83
1773169087.716712155,1,0,0.01
1773169088.738125817,0,62,9.83
1773169088.738125817,1,0,0.01
1773169089.761441572,0,0,9.83
1773169089.761441572,1,0,0.01
1773169090.781860999,0,0,9.83
1773169090.781860999,1,0,0.01
1773169091.804027597,0,0,9.83
1773169091.804027597,1,0,0.01
1773169092.826304266,0,0,9.83
1773169092.826304266,1,0,0.01
1773169093.848443016,0,0,9.83
1773169093.848443016,1,0,0.01
1773169094.870674809,0,0,9.83
1773169094.870674809,1,0,0.01
1773169095.892818427,0,0,9.83
1773169095.892818427,1,0,0.01
1773169096.914327670,0,0,9.83
1773169096.914327670,1,0,0.01
1773169097.936032381,0,0,9.83
1773169097.936032381,1,0,0.01
1773169098.957786150,0,0,9.83
1773169098.957786150,1,0,0.01
1773169099.980052345,0,0,9.83
1773169099.980052345,1,0,0.01
1773169101.001833768,0,0,9.83
1773169101.001833768,1,0,0.01
1773169102.023888154,0,0,9.83
1773169102.023888154,1,0,0.01
1773169103.045711455,0,0,9.83
1773169103.045711455,1,0,0.01
1773169104.066990681,0,0,9.83
1773169104.066990681,1,0,0.01
1773169105.088976340,0,0,9.83
1773169105.088976340,1,0,0.01
1773169106.110673130,0,65,9.83
1773169106.110673130,1,0,0.01
1773169107.133681341,0,65,9.83
1773169107.133681341,1,0,0.01
1773169108.155662997,0,0,9.83
1773169108.155662997,1,0,0.01
1773169109.177917265,0,0,9.83
1773169109.177917265,1,0,0.01
1773169110.199312633,0,0,9.83
1773169110.199312633,1,0,0.01
1773169111.221196804,0,0,9.83
1773169111.221196804,1,0,0.01
1773169112.242946856,0,0,9.83
1773169112.242946856,1,0,0.01
1773169113.265699814,0,0,9.83
1773169113.265699814,1,0,0.01
1773169114.287003336,0,0,9.83
1773169114.287003336,1,0,0.01
1773169115.308985237,0,0,9.83
1773169115.308985237,1,0,0.01
1773169116.331319565,0,0,9.83
1773169116.331319565,1,0,0.01
1773169117.352529052,0,0,9.83
1773169117.352529052,1,0,0.01
1773169118.372463889,0,0,9.83
1773169118.372463889,1,0,0.01
1773169119.392804932,0,0,9.83
1773169119.392804932,1,0,0.01
1773169120.414829732,0,0,9.83
1773169120.414829732,1,0,0.01
1773169121.435850440,0,0,9.83
1773169121.435850440,1,0,0.01
1773169122.457324654,0,0,9.83
1773169122.457324654,1,0,0.01
1773169123.478803901,0,0,9.83
1773169123.478803901,1,0,0.01
1773169124.501550238,0,0,9.83
1773169124.501550238,1,0,0.01
1773169125.523159736,0,0,9.83
1773169125.523159736,1,0,0.01
1773169126.545133209,0,0,9.83
1773169126.545133209,1,0,0.01
1773169127.566939402,0,0,9.83
1773169127.566939402,1,0,0.01
1773169128.589152318,0,0,9.83
1773169128.589152318,1,0,0.01
1773169129.611984134,0,0,9.83
1773169129.611984134,1,0,0.01
1773169130.634851752,0,0,9.83
1773169130.634851752,1,0,0.01
1773169131.656548496,0,0,9.83
1773169131.656548496,1,0,0.01
1773169132.678791142,0,0,9.83
1773169132.678791142,1,0,0.01
1773169133.700377718,0,0,9.83
1773169133.700377718,1,0,0.01
1773169134.722032337,0,0,9.83
1773169134.722032337,1,0,0.01
1773169135.742525450,0,0,9.83
1773169135.742525450,1,0,0.01
1773169136.764205952,0,0,9.83
1773169136.764205952,1,0,0.01
1773169137.786856400,0,0,9.83
1773169137.786856400,1,0,0.01
1773169138.808674976,0,0,9.83
1773169138.808674976,1,0,0.01
1773169139.831642609,0,0,9.83
1773169139.831642609,1,0,0.01
1773169140.853305883,0,0,9.83
1773169140.853305883,1,0,0.01
1773169141.876252732,0,0,9.83
1773169141.876252732,1,0,0.01
1773169142.898822169,0,0,9.83
1773169142.898822169,1,0,0.01
1773169143.920893605,0,0,9.83
1773169143.920893605,1,0,0.01
1773169144.943090616,0,0,9.83
1773169144.943090616,1,0,0.01
1773169145.965071418,0,0,9.83
1773169145.965071418,1,0,0.01
1773169146.986614811,0,0,9.83
1773169146.986614811,1,0,0.01
1773169148.008615840,0,0,9.83
1773169148.008615840,1,0,0.01
1773169149.030624516,0,0,9.83
1773169149.030624516,1,0,0.01
1773169150.053420407,0,0,9.83
1773169150.053420407,1,0,0.01
1773169151.075416276,0,0,9.83
1773169151.075416276,1,0,0.01
1773169152.097520671,0,61,9.83
1773169152.097520671,1,0,0.01
1773169153.119092696,0,61,9.83
1773169153.119092696,1,0,0.01
1773169154.140777163,0,0,9.83
1773169154.140777163,1,0,0.01
1773169155.163153295,0,0,9.83
1773169155.163153295,1,0,0.01
1773169156.185802656,0,0,9.83
1773169156.185802656,1,0,0.01
1773169157.207711722,0,0,9.83
1773169157.207711722,1,0,0.01
1773169158.229855463,0,0,9.83
1773169158.229855463,1,0,0.01
1773169159.251702578,0,0,9.83
1773169159.251702578,1,0,0.01
1773169160.273679808,0,0,9.83
1773169160.273679808,1,0,0.01
1773169161.295385495,0,0,9.83
1773169161.295385495,1,0,0.01
1773169162.317553565,0,0,9.83
1773169162.317553565,1,0,0.01
1773169163.339439652,0,0,9.83
1773169163.339439652,1,0,0.01
1773169164.361506509,0,0,9.83
1773169164.361506509,1,0,0.01
1773169165.384005923,0,0,9.83
1773169165.384005923,1,0,0.01
1773169166.405890812,0,0,9.83
1773169166.405890812,1,0,0.01
1773169167.427623315,0,0,9.83
1773169167.427623315,1,0,0.01
1773169168.449745447,0,0,9.83
1773169168.449745447,1,0,0.01
1773169169.471929114,0,0,9.83
1773169169.471929114,1,0,0.01
1773169170.494716613,0,0,9.83
1773169170.494716613,1,0,0.01
1773169171.517005202,0,0,9.83
1773169171.517005202,1,0,0.01
1773169172.539259932,0,0,9.83
1773169172.539259932,1,0,0.01
1773169173.560930794,0,0,9.83
1773169173.560930794,1,0,0.01
1773169174.583881306,0,0,9.83
1773169174.583881306,1,0,0.01
1773169175.605556430,0,0,9.83
1773169175.605556430,1,0,0.01
1773169176.627693529,0,0,9.83
1773169176.627693529,1,0,0.01
1773169177.650127411,0,0,9.83
1773169177.650127411,1,0,0.01
1773169178.672196446,0,0,9.83
1773169178.672196446,1,0,0.01
1773169179.693986510,0,0,9.83
1773169179.693986510,1,0,0.01
1773169180.716110396,0,0,9.83
1773169180.716110396,1,0,0.01
1773169181.738471729,0,0,9.83
1773169181.738471729,1,0,0.01
1773169182.760010043,0,0,9.83
1773169182.760010043,1,0,0.01
1773169183.782654181,0,0,9.83
1773169183.782654181,1,0,0.01
1773169184.804151142,0,0,9.83
1773169184.804151142,1,0,0.01
1773169185.826189665,0,0,9.83
1773169185.826189665,1,0,0.01
1773169186.847937784,0,1,9.83
1773169186.847937784,1,0,0.01
1773169187.869961875,0,0,9.83
1773169187.869961875,1,0,0.01
1773169188.892472886,0,0,9.83
1773169188.892472886,1,0,0.01
1773169189.914157139,0,0,9.83
1773169189.914157139,1,0,0.01
1773169190.935912894,0,0,9.83
1773169190.935912894,1,0,0.01
1773169191.957568402,0,0,9.83
1773169191.957568402,1,0,0.01
1773169192.978923383,0,0,9.83
1773169192.978923383,1,0,0.01
1773169194.000398310,0,0,9.83
1773169194.000398310,1,0,0.01
1773169195.022681683,0,0,9.83
1773169195.022681683,1,0,0.01
1773169196.044145545,0,60,9.83
1773169196.044145545,1,0,0.01
1773169197.065946130,0,61,9.83
1773169197.065946130,1,0,0.01
1773169198.087800497,0,0,9.83
1773169198.087800497,1,0,0.01
1773169199.109320759,0,0,9.83
1773169199.109320759,1,0,0.01
1773169200.131658015,0,0,9.83
1773169200.131658015,1,0,0.01
1773169201.153851735,0,0,9.83
1773169201.153851735,1,0,0.01
1773169202.175799738,0,0,9.83
1773169202.175799738,1,0,0.01
1773169203.197386256,0,0,9.83
1773169203.197386256,1,0,0.01
1773169204.219149956,0,0,9.83
1773169204.219149956,1,0,0.01
1773169205.240809854,0,0,9.83
1773169205.240809854,1,0,0.01
1773169206.262814701,0,0,9.83
1773169206.262814701,1,0,0.01
1773169207.285595739,0,0,9.83
1773169207.285595739,1,0,0.01
1773169208.307505235,0,0,9.83
1773169208.307505235,1,0,0.01
1773169209.329406804,0,0,9.83
1773169209.329406804,1,0,0.01
1773169210.351174406,0,0,9.83
1773169210.351174406,1,0,0.01
1773169211.373887266,0,0,9.83
1773169211.373887266,1,0,0.01
1773169212.396340091,0,0,9.83
1773169212.396340091,1,0,0.01
1773169213.418411300,0,0,9.83
1773169213.418411300,1,0,0.01
1773169214.438467727,0,0,9.83
1773169214.438467727,1,0,0.01
1773169215.460067500,0,31,9.83
1773169215.460067500,1,0,0.01
1773169216.481220211,0,62,9.83
1773169216.481220211,1,0,0.01
1773169217.503900099,0,52,9.83
1773169217.503900099,1,0,0.01
1773169218.525489676,0,0,9.83
1773169218.525489676,1,0,0.01
1773169219.546922766,0,0,9.83
1773169219.546922766,1,0,0.01
1773169220.568878902,0,0,9.83
1773169220.568878902,1,0,0.01
1773169221.590594565,0,0,9.83
1773169221.590594565,1,0,0.01
1773169222.612978892,0,0,9.83
1773169222.612978892,1,0,0.01
1773169223.634817833,0,0,9.83
1773169223.634817833,1,0,0.01
1773169224.656636133,0,0,9.83
1773169224.656636133,1,0,0.01
1773169225.678513276,0,0,9.83
1773169225.678513276,1,0,0.01
1773169226.700460473,0,0,9.83
1773169226.700460473,1,0,0.01
1773169227.722861961,0,0,9.83
1773169227.722861961,1,0,0.01
1773169228.745185578,0,0,9.83
1773169228.745185578,1,0,0.01
1773169229.767909310,0,0,9.83
1773169229.767909310,1,0,0.01
1773169230.789503605,0,0,9.83
1773169230.789503605,1,0,0.01
1773169231.812834258,0,0,9.83
1773169231.812834258,1,0,0.01
1773169232.835273887,0,0,9.83
1773169232.835273887,1,0,0.01
1773169233.857160089,0,0,9.83
1773169233.857160089,1,0,0.01
1773169234.880737627,0,67,9.83
1773169234.880737627,1,0,0.01
1773169235.902555466,0,66,9.83
1773169235.902555466,1,0,0.01
1773169236.924319820,0,0,9.83
1773169236.924319820,1,0,0.01
1773169237.947245865,0,0,9.83
1773169237.947245865,1,0,0.01
1773169238.969963453,0,0,9.83
1773169238.969963453,1,0,0.01
1773169239.991519032,0,0,9.83
1773169239.991519032,1,0,0.01
1773169241.013372191,0,0,9.83
1773169241.013372191,1,0,0.01
1773169242.034999212,0,0,9.83
1773169242.034999212,1,0,0.01
1773169243.056587022,0,0,9.83
1773169243.056587022,1,0,0.01
1773169244.078436337,0,0,9.83
1773169244.078436337,1,0,0.01
1773169245.100183909,0,0,9.83
1773169245.100183909,1,0,0.01
1773169246.122243408,0,1,9.83
1773169246.122243408,1,0,0.01
1773169247.144598080,0,0,9.83
1773169247.144598080,1,0,0.01
1773169248.166544780,0,0,9.83
1773169248.166544780,1,0,0.01
1773169249.189078988,0,0,9.83
1773169249.189078988,1,0,0.01
1773169250.211481901,0,0,9.83
1773169250.211481901,1,0,0.01
1773169251.233721446,0,0,9.83
1773169251.233721446,1,0,0.01
1773169252.255418086,0,1,9.83
1773169252.255418086,1,0,0.01
1773169253.277663395,0,0,9.83
1773169253.277663395,1,0,0.01
1773169254.299544639,0,0,9.83
1773169254.299544639,1,0,0.01
1773169255.321258247,0,0,9.83
1773169255.321258247,1,0,0.01
1773169256.343044557,0,0,9.83
1773169256.343044557,1,0,0.01
1773169257.365037838,0,0,9.83
1773169257.365037838,1,0,0.01
1773169258.387685137,0,0,9.83
1773169258.387685137,1,0,0.01
1773169259.409580251,0,0,9.83
1773169259.409580251,1,0,0.01
1773169260.431602890,0,0,9.83
1773169260.431602890,1,0,0.01
1773169261.453192690,0,0,9.83
1773169261.453192690,1,0,0.01
1773169262.474773910,0,0,9.83
1773169262.474773910,1,0,0.01
1773169263.497208754,0,0,9.83
1773169263.497208754,1,0,0.01
1773169264.519227905,0,0,9.83
1773169264.519227905,1,0,0.01
1773169265.540948575,0,0,9.83
1773169265.540948575,1,0,0.01
1773169266.562224729,0,0,9.83
1773169266.562224729,1,0,0.01
1773169267.583845705,0,0,9.83
1773169267.583845705,1,0,0.01
1773169268.605471110,0,0,9.83
1773169268.605471110,1,0,0.01
1773169269.627801444,0,0,9.83
1773169269.627801444,1,0,0.01
1773169270.648090665,0,0,9.83
1773169270.648090665,1,0,0.01
1773169271.669835835,0,0,9.83
1773169271.669835835,1,0,0.01
1773169272.692147432,0,0,9.83
1773169272.692147432,1,0,0.01
1773169273.713945754,0,0,9.83
1773169273.713945754,1,0,0.01
1773169274.735723486,0,0,9.83
1773169274.735723486,1,0,0.01
1773169275.757523952,0,0,9.83
1773169275.757523952,1,0,0.01
1773169276.778872131,0,0,9.83
1773169276.778872131,1,0,0.01
1773169277.801610583,0,0,9.83
1773169277.801610583,1,0,0.01
1773169278.824049132,0,0,9.83
1773169278.824049132,1,0,0.01
1773169279.846155649,0,0,9.83
1773169279.846155649,1,0,0.01
1773169280.868295939,0,0,9.83
1773169280.868295939,1,0,0.01
1773169281.890193376,0,0,9.83
1773169281.890193376,1,0,0.01
1773169282.912413500,0,0,9.83
1773169282.912413500,1,0,0.01
1773169283.934201540,0,0,9.83
1773169283.934201540,1,0,0.01
1773169284.955960893,0,0,9.83
1773169284.955960893,1,0,0.01
1773169285.977845482,0,0,9.83
1773169285.977845482,1,0,0.01
1773169286.999610465,0,0,9.83
1773169286.999610465,1,0,0.01
1773169288.021407919,0,1,9.83
1773169288.021407919,1,0,0.01
1773169289.043217578,0,0,9.83
1773169289.043217578,1,0,0.01
1773169290.064938748,0,0,9.83
1773169290.064938748,1,0,0.01
1773169291.087354845,0,0,9.83
1773169291.087354845,1,0,0.01
1773169292.109404420,0,0,9.83
1773169292.109404420,1,0,0.01
1773169293.131874264,0,0,9.83
1773169293.131874264,1,0,0.01
1773169294.154889821,0,0,9.83
1773169294.154889821,1,0,0.01
1773169295.176924118,0,0,9.83
1773169295.176924118,1,0,0.01
1773169296.199393237,0,0,9.83
1773169296.199393237,1,0,0.01
1773169297.221236599,0,0,9.83
1773169297.221236599,1,0,0.01
1773169298.244304280,0,0,9.83
1773169298.244304280,1,0,0.01
1773169299.265907026,0,0,9.83
1773169299.265907026,1,0,0.01
1773169300.288385721,0,0,9.83
1773169300.288385721,1,0,0.01
1773169301.309841974,0,65,9.83
1773169301.309841974,1,0,0.01
1773169302.332028868,0,47,9.83
1773169302.332028868,1,0,0.01
1773169303.354672428,0,0,9.83
1773169303.354672428,1,0,0.01
1773169304.376569954,0,0,9.83
1773169304.376569954,1,0,0.01
1773169305.398023839,0,0,9.83
1773169305.398023839,1,0,0.01
1773169306.419817384,0,0,9.83
1773169306.419817384,1,0,0.01
1773169307.440583451,0,0,9.83
1773169307.440583451,1,0,0.01
1773169308.462261267,0,0,9.83
1773169308.462261267,1,0,0.01
1773169309.483803084,0,0,9.83
1773169309.483803084,1,0,0.01
1773169310.506162390,0,0,9.83
1773169310.506162390,1,0,0.01
1773169311.527494436,0,0,9.83
1773169311.527494436,1,0,0.01
1773169312.549108838,0,0,9.83
1773169312.549108838,1,0,0.01
1773169313.570526050,0,0,9.83
1773169313.570526050,1,0,0.01
1773169314.592212114,0,0,9.83
1773169314.592212114,1,0,0.01
1773169315.613715654,0,0,9.83
1773169315.613715654,1,0,0.01
1773169316.636428260,0,0,9.83
1773169316.636428260,1,0,0.01
1773169317.658210418,0,0,9.83
1773169317.658210418,1,0,0.01
1773169318.679882938,0,0,9.83
1773169318.679882938,1,0,0.01
1773169319.701511522,0,0,9.83
1773169319.701511522,1,0,0.01
1773169320.723195745,0,0,9.83
1773169320.723195745,1,0,0.01
1773169321.744648048,0,0,9.83
1773169321.744648048,1,0,0.01
1773169322.765439810,0,0,9.83
1773169322.765439810,1,0,0.01
1773169323.788025937,0,0,9.83
1773169323.788025937,1,0,0.01
1773169324.809838606,0,0,9.83
1773169324.809838606,1,0,0.01
1773169325.832163297,0,0,9.83
1773169325.832163297,1,0,0.01
1773169326.853706749,0,1,9.83
1773169326.853706749,1,0,0.01
1773169327.875858270,0,0,9.83
1773169327.875858270,1,0,0.01
1773169328.897462459,0,0,9.83
1773169328.897462459,1,0,0.01
1773169329.919332121,0,0,9.83
1773169329.919332121,1,0,0.01
1773169330.941180213,0,0,9.83
1773169330.941180213,1,0,0.01
1773169331.963808812,0,0,9.83
1773169331.963808812,1,0,0.01
1773169332.986113674,0,0,9.83
1773169332.986113674,1,0,0.01
1773169334.008009729,0,0,9.83
1773169334.008009729,1,0,0.01
1773169335.030291011,0,0,9.83
1773169335.030291011,1,0,0.01
1773169336.052299021,0,0,9.83
1773169336.052299021,1,0,0.01
1773169337.073969942,0,0,9.83
1773169337.073969942,1,0,0.01
1773169338.096589346,0,0,9.83
1773169338.096589346,1,0,0.01
1773169339.118843091,0,0,9.83
1773169339.118843091,1,0,0.01
1773169340.140682850,0,0,9.83
1773169340.140682850,1,0,0.01
1773169341.162223771,0,0,9.83
1773169341.162223771,1,0,0.01
1773169342.184240071,0,0,9.83
1773169342.184240071,1,0,0.01
1773169343.205817091,0,0,9.83
1773169343.205817091,1,0,0.01
1773169344.227815437,0,0,9.83
1773169344.227815437,1,0,0.01
1773169345.249256984,0,0,9.83
1773169345.249256984,1,0,0.01
1773169346.271805966,0,0,9.83
1773169346.271805966,1,0,0.01
1773169347.294089682,0,0,9.83
1773169347.294089682,1,0,0.01
1773169348.315812493,0,0,9.83
1773169348.315812493,1,0,0.01
1773169349.337914286,0,0,9.83
1773169349.337914286,1,0,0.01
1773169350.360310303,0,0,9.83
1773169350.360310303,1,0,0.01
1773169351.381974176,0,0,9.83
1773169351.381974176,1,0,0.01
1773169352.403362985,0,0,9.83
1773169352.403362985,1,0,0.01
1773169353.424890859,0,0,9.83
1773169353.424890859,1,0,0.01
1773169354.446332955,0,0,9.83
1773169354.446332955,1,0,0.01
1773169355.467912065,0,0,9.83
1773169355.467912065,1,0,0.01
1773169356.489423111,0,0,9.83
1773169356.489423111,1,0,0.01
1773169357.511757261,0,0,9.83
1773169357.511757261,1,0,0.01
1773169358.533195717,0,0,9.83
1773169358.533195717,1,0,0.01
1773169359.554752824,0,0,9.83
1773169359.554752824,1,0,0.01
1773169360.576903783,0,0,9.83
1773169360.576903783,1,0,0.01
1773169361.598793070,0,0,9.83
1773169361.598793070,1,0,0.01
1773169362.619965004,0,0,9.83
1773169362.619965004,1,0,0.01
1773169363.641816273,0,0,9.83
1773169363.641816273,1,0,0.01
1773169364.663690516,0,0,9.83
1773169364.663690516,1,0,0.01
1773169365.685504718,0,0,9.83
1773169365.685504718,1,0,0.01
1773169366.707264473,0,0,9.83
1773169366.707264473,1,0,0.01
1773169367.729542570,0,0,9.83
1773169367.729542570,1,0,0.01
1773169368.751795805,0,0,9.83
1773169368.751795805,1,0,0.01
1773169369.774332092,0,0,9.83
1773169369.774332092,1,0,0.01
1773169370.796449323,0,0,9.83
1773169370.796449323,1,0,0.01
1773169371.818031904,0,0,9.83
1773169371.818031904,1,0,0.01
1773169372.839432976,0,0,9.83
1773169372.839432976,1,0,0.01
1773169373.861196943,0,0,9.83
1773169373.861196943,1,0,0.01
1773169374.882446198,0,0,9.83
1773169374.882446198,1,0,0.01
1773169375.904762945,0,0,9.83
1773169375.904762945,1,0,0.01
1773169376.926070140,0,0,9.83
1773169376.926070140,1,0,0.01
1773169377.948385904,0,0,9.83
1773169377.948385904,1,0,0.01
1773169378.970202465,0,0,9.83
1773169378.970202465,1,0,0.01
1773169379.991534979,0,1,9.83
1773169379.991534979,1,0,0.01
1773169381.013287921,0,0,9.83
1773169381.013287921,1,0,0.01
1773169382.034785573,0,0,9.83
1773169382.034785573,1,0,0.01
1773169383.056315716,0,0,9.83
1773169383.056315716,1,0,0.01
1773169384.077727892,0,0,9.83
1773169384.077727892,1,0,0.01
1773169385.099708777,0,0,9.83
1773169385.099708777,1,0,0.01
1773169386.122112689,0,0,9.83
1773169386.122112689,1,0,0.01
1773169387.143872822,0,0,9.83
1773169387.143872822,1,0,0.01
1773169388.165209053,0,0,9.83
1773169388.165209053,1,0,0.01
1773169389.187975336,0,0,9.83
1773169389.187975336,1,0,0.01
1773169390.210226120,0,0,9.83
1773169390.210226120,1,0,0.01
1773169391.232279343,0,0,9.83
1773169391.232279343,1,0,0.01
1773169392.253258922,0,0,9.83
1773169392.253258922,1,0,0.01
1773169393.275966330,0,0,9.83
1773169393.275966330,1,0,0.01
1773169394.297432584,0,0,9.83
1773169394.297432584,1,0,0.01
1773169395.319452937,0,0,9.83
1773169395.319452937,1,0,0.01
1773169396.341419639,0,0,9.83
1773169396.341419639,1,0,0.01
1773169397.364157544,0,1,9.83
1773169397.364157544,1,0,0.01
1773169398.385716361,0,0,9.83
1773169398.385716361,1,0,0.01
1773169399.408240483,0,0,9.83
1773169399.408240483,1,0,0.01
1773169400.430839250,0,0,9.83
1773169400.430839250,1,0,0.01
1773169401.452019737,0,0,9.83
1773169401.452019737,1,0,0.01
1773169402.473695739,0,0,9.83
1773169402.473695739,1,0,0.01
1773169403.494895037,0,0,9.83
1773169403.494895037,1,0,0.01
1773169404.516522782,0,0,9.83
1773169404.516522782,1,0,0.01
1773169405.537953773,0,1,9.83
1773169405.537953773,1,0,0.01
1773169406.560255990,0,0,9.83
1773169406.560255990,1,0,0.01
1773169407.581767656,0,0,9.83
1773169407.581767656,1,0,0.01
1773169408.602250392,0,0,9.83
1773169408.602250392,1,0,0.01
1773169409.623558979,0,0,9.83
1773169409.623558979,1,0,0.01
1773169410.646134698,0,0,9.83
1773169410.646134698,1,0,0.01
1773169411.668093876,0,0,9.83
1773169411.668093876,1,0,0.01
1773169412.688731199,0,0,9.83
1773169412.688731199,1,0,0.01
1773169413.711674438,0,1,9.83
1773169413.711674438,1,0,0.01
1773169414.734181065,0,0,9.83
1773169414.734181065,1,0,0.01
1773169415.755629701,0,0,9.83
1773169415.755629701,1,0,0.01
1773169416.777007618,0,0,9.83
1773169416.777007618,1,0,0.01
1773169417.799432292,0,0,9.83
1773169417.799432292,1,0,0.01
1773169418.820274532,0,0,9.83
1773169418.820274532,1,0,0.01
1773169419.842169061,0,0,9.83
1773169419.842169061,1,0,0.01
1773169420.863873976,0,0,9.83
1773169420.863873976,1,0,0.01
1773169421.885711534,0,0,9.83
1773169421.885711534,1,0,0.01
1773169422.907866758,0,0,9.83
1773169422.907866758,1,0,0.01
1773169423.929755747,0,0,9.83
1773169423.929755747,1,0,0.01
1773169424.951071731,0,0,9.83
1773169424.951071731,1,0,0.01
1773169425.972741194,0,0,9.83
1773169425.972741194,1,0,0.01
1773169426.994133474,0,0,9.83
1773169426.994133474,1,0,0.01
1773169428.015960022,0,0,9.83
1773169428.015960022,1,0,0.01
1773169429.037275288,0,0,9.83
1773169429.037275288,1,0,0.01
1773169430.060012814,0,0,9.83
1773169430.060012814,1,0,0.01
1773169431.082789549,0,0,9.83
1773169431.082789549,1,0,0.01
1773169432.104712843,0,0,9.83
1773169432.104712843,1,0,0.01
1773169433.127466653,0,13,9.83
1773169433.127466653,1,0,0.01
1773169434.149205884,0,66,9.83
1773169434.149205884,1,0,0.01
1773169435.171126638,0,11,9.83
1773169435.171126638,1,0,0.01
1773169436.192847721,0,0,9.83
1773169436.192847721,1,0,0.01
1773169437.214800356,0,0,9.83
1773169437.214800356,1,0,0.01
1773169438.236497400,0,1,9.83
1773169438.236497400,1,0,0.01
1773169439.258556760,0,0,9.83
1773169439.258556760,1,0,0.01
1773169440.280337788,0,0,9.83
1773169440.280337788,1,0,0.01
1773169441.302385004,0,0,9.83
1773169441.302385004,1,0,0.01
1773169442.323951886,0,0,9.83
1773169442.323951886,1,0,0.01
1773169443.346046686,0,0,9.83
1773169443.346046686,1,0,0.01
1773169444.367562555,0,0,9.83
1773169444.367562555,1,0,0.01
1773169445.389274857,0,0,9.83
1773169445.389274857,1,0,0.01
1773169446.410800944,0,0,9.83
1773169446.410800944,1,0,0.01
1773169447.432664375,0,0,9.83
1773169447.432664375,1,0,0.01
1773169448.453974975,0,0,9.83
1773169448.453974975,1,0,0.01
1773169449.476523806,0,0,9.83
1773169449.476523806,1,0,0.01
1773169450.497964424,0,0,9.83
1773169450.497964424,1,0,0.01
1773169451.519744237,0,0,9.83
1773169451.519744237,1,0,0.01
1773169452.541162091,0,0,9.83
1773169452.541162091,1,0,0.01
1773169453.562177298,0,0,9.83
1773169453.562177298,1,0,0.01
1773169454.582951819,0,0,9.83
1773169454.582951819,1,0,0.01
1773169455.605198079,0,0,9.83
1773169455.605198079,1,0,0.01
1773169456.626853972,0,0,9.83
1773169456.626853972,1,0,0.01
1773169457.649480132,0,0,9.83
1773169457.649480132,1,0,0.01
1773169458.671113681,0,0,9.83
1773169458.671113681,1,0,0.01
1773169459.693185302,0,0,9.83
1773169459.693185302,1,0,0.01
1773169460.714918002,0,0,9.83
1773169460.714918002,1,0,0.01
1773169461.736541181,0,0,9.83
1773169461.736541181,1,0,0.01
1773169462.757909793,0,0,9.83
1773169462.757909793,1,0,0.01
1773169463.780118422,0,0,9.83
1773169463.780118422,1,0,0.01
1773169464.801186691,0,0,9.83
1773169464.801186691,1,0,0.01
1773169465.822707504,0,0,9.83
1773169465.822707504,1,0,0.01
1773169466.844314885,0,0,9.83
1773169466.844314885,1,0,0.01
1773169467.867007989,0,0,9.83
1773169467.867007989,1,0,0.01
1773169468.889272200,0,0,9.83
1773169468.889272200,1,0,0.01
1773169469.911023953,0,0,9.83
1773169469.911023953,1,0,0.01
1773169470.933313060,0,0,9.83
1773169470.933313060,1,0,0.01
1773169471.955943537,0,0,9.83
1773169471.955943537,1,0,0.01
1773169472.977489026,0,0,9.83
1773169472.977489026,1,0,0.01
1773169473.999253150,0,0,9.83
1773169473.999253150,1,0,0.01
1773169475.021239302,0,0,9.83
1773169475.021239302,1,0,0.01
1773169476.043665145,0,0,9.83
1773169476.043665145,1,0,0.01
1773169477.065221516,0,0,9.83
1773169477.065221516,1,0,0.01
1773169478.087632725,0,0,9.83
1773169478.087632725,1,0,0.01
1773169479.110155785,0,0,9.83
1773169479.110155785,1,0,0.01
1773169480.132030462,0,0,9.83
1773169480.132030462,1,0,0.01
1773169481.154422543,0,0,9.83
1773169481.154422543,1,0,0.01
1773169482.177252407,0,0,9.83
1773169482.177252407,1,0,0.01
1773169483.198728149,0,0,9.83
1773169483.198728149,1,0,0.01
1773169484.220562739,0,0,9.83
1773169484.220562739,1,0,0.01
1773169485.242808335,0,0,9.83
1773169485.242808335,1,0,0.01
1773169486.264272825,0,0,9.83
1773169486.264272825,1,0,0.01
1773169487.286627143,0,0,9.83
1773169487.286627143,1,0,0.01
1773169488.308440353,0,0,9.83
1773169488.308440353,1,0,0.01
1773169489.330958886,0,0,9.83
1773169489.330958886,1,0,0.01
1773169490.353574022,0,0,9.83
1773169490.353574022,1,0,0.01
1773169491.375766300,0,0,9.83
1773169491.375766300,1,0,0.01
1773169492.397500129,0,0,9.83
1773169492.397500129,1,0,0.01
1773169493.419140699,0,0,9.83
1773169493.419140699,1,0,0.01
1773169494.441107770,0,0,9.83
1773169494.441107770,1,0,0.01
1773169495.462709348,0,0,9.83
1773169495.462709348,1,0,0.01
1773169496.485339002,0,0,9.83
1773169496.485339002,1,0,0.01
1773169497.507437487,0,0,9.83
1773169497.507437487,1,0,0.01
1773169498.530036967,0,0,9.83
1773169498.530036967,1,0,0.01
1773169499.551985260,0,0,9.83
1773169499.551985260,1,0,0.01
1773169500.574954001,0,0,9.83
1773169500.574954001,1,0,0.01
1773169501.597325077,0,0,9.83
1773169501.597325077,1,0,0.01
1773169502.619516360,0,0,9.83
1773169502.619516360,1,0,0.01
1773169503.641256967,0,0,9.83
1773169503.641256967,1,0,0.01
1773169504.664219446,0,0,9.83
1773169504.664219446,1,0,0.01
1773169505.685743215,0,0,9.83
1773169505.685743215,1,0,0.01
1773169506.708062751,0,0,9.83
1773169506.708062751,1,0,0.01
1773169507.729845414,0,0,9.83
1773169507.729845414,1,0,0.01
1773169508.751760813,0,0,9.83
1773169508.751760813,1,0,0.01
1773169509.773395375,0,1,9.83
1773169509.773395375,1,0,0.01
1773169510.795955645,0,0,9.83
1773169510.795955645,1,0,0.01
1773169511.817587099,0,0,9.83
1773169511.817587099,1,0,0.01
1773169512.840234169,0,0,9.83
1773169512.840234169,1,0,0.01
1773169513.862100867,0,0,9.83
1773169513.862100867,1,0,0.01
1773169514.884265124,0,0,9.83
1773169514.884265124,1,0,0.01
1773169515.906493628,0,0,9.83
1773169515.906493628,1,0,0.01
1773169516.927860239,0,0,9.83
1773169516.927860239,1,0,0.01
1773169517.949379110,0,0,9.83
1773169517.949379110,1,0,0.01
1773169518.970852550,0,0,9.83
1773169518.970852550,1,0,0.01
1773169519.993207522,0,0,9.83
1773169519.993207522,1,0,0.01
1773169521.014490775,0,0,9.83
1773169521.014490775,1,0,0.01
1773169522.036730591,0,62,9.83
1773169522.036730591,1,0,0.01
1773169523.058385879,0,63,9.83
1773169523.058385879,1,0,0.01
1773169524.080244040,0,0,9.83
1773169524.080244040,1,0,0.01
1773169525.102926934,0,0,9.83
1773169525.102926934,1,0,0.01
1773169526.124644140,0,0,9.83
1773169526.124644140,1,0,0.01
1773169527.145943742,0,0,9.83
1773169527.145943742,1,0,0.01
1773169528.167783956,0,0,9.83
1773169528.167783956,1,0,0.01
1773169529.190653617,0,0,9.83
1773169529.190653617,1,0,0.01
1773169530.212511387,0,0,9.83
1773169530.212511387,1,0,0.01
1773169531.234258633,0,0,9.83
1773169531.234258633,1,0,0.01
1773169532.256011728,0,0,9.83
1773169532.256011728,1,0,0.01
1773169533.278830169,0,0,9.83
1773169533.278830169,1,0,0.01
1773169534.300246580,0,1,9.83
1773169534.300246580,1,0,0.01
1773169535.321787850,0,0,9.83
1773169535.321787850,1,0,0.01
1773169536.343775051,0,0,9.83
1773169536.343775051,1,0,0.01
1773169537.365512271,0,0,9.83
1773169537.365512271,1,0,0.01
1773169538.387025512,0,0,9.83
1773169538.387025512,1,0,0.01
1773169539.409321833,0,0,9.83
1773169539.409321833,1,0,0.01
1773169540.430703432,0,0,9.83
1773169540.430703432,1,0,0.01
1773169541.452238190,0,0,9.83
1773169541.452238190,1,0,0.01
1773169542.474607994,0,0,9.83
1773169542.474607994,1,0,0.01
1773169543.496526136,0,0,9.83
1773169543.496526136,1,0,0.01
1773169544.518151005,0,0,9.83
1773169544.518151005,1,0,0.01
1773169545.540870623,0,0,9.83
1773169545.540870623,1,0,0.01
1773169546.563030781,0,0,9.83
1773169546.563030781,1,0,0.01
1773169547.585001817,0,0,9.83
1773169547.585001817,1,0,0.01
1773169548.607052076,0,0,9.83
1773169548.607052076,1,0,0.01
1773169549.629298517,0,0,9.83
1773169549.629298517,1,0,0.01
1773169550.651639878,0,0,9.83
1773169550.651639878,1,0,0.01
1773169551.674167766,0,0,9.83
1773169551.674167766,1,0,0.01
1773169552.696367946,0,0,9.83
1773169552.696367946,1,0,0.01
1773169553.718652544,0,0,9.83
1773169553.718652544,1,0,0.01
1773169554.740766983,0,0,9.83
1773169554.740766983,1,0,0.01
1773169555.762864182,0,0,9.83
1773169555.762864182,1,0,0.01
1773169556.784242785,0,0,9.83
1773169556.784242785,1,0,0.01
1773169557.806327146,0,0,9.83
1773169557.806327146,1,0,0.01
1773169558.827947512,0,0,9.83
1773169558.827947512,1,0,0.01
1773169559.850024829,0,0,9.83
1773169559.850024829,1,0,0.01
1773169560.872204493,0,0,9.83
1773169560.872204493,1,0,0.01
1773169561.893659468,0,0,9.83
1773169561.893659468,1,0,0.01
1773169562.915672995,0,0,9.83
1773169562.915672995,1,0,0.01
1773169563.937179249,0,0,9.83
1773169563.937179249,1,0,0.01
1773169564.959597552,0,0,9.83
1773169564.959597552,1,0,0.01
1773169565.981639159,0,0,9.83
1773169565.981639159,1,0,0.01
1773169567.003902973,0,0,9.83
1773169567.003902973,1,0,0.01
1773169568.025566728,0,0,9.83
1773169568.025566728,1,0,0.01
1773169569.046693983,0,0,9.83
1773169569.046693983,1,0,0.01
1773169570.068939803,0,0,9.83
1773169570.068939803,1,0,0.01
1773169571.091820814,0,0,9.83
1773169571.091820814,1,0,0.01
1773169572.114320210,0,0,9.83
1773169572.114320210,1,0,0.01
1773169573.136426230,0,0,9.83
1773169573.136426230,1,0,0.01
1773169574.158791579,0,0,9.83
1773169574.158791579,1,0,0.01
1773169575.180580547,0,0,9.83
1773169575.180580547,1,0,0.01
1773169576.201869108,0,0,9.83
1773169576.201869108,1,0,0.01
1773169577.224948350,0,0,9.83
1773169577.224948350,1,0,0.01
1773169578.247224398,0,0,9.83
1773169578.247224398,1,0,0.01
1773169579.269117912,0,0,9.83
1773169579.269117912,1,0,0.01
1773169580.291311674,0,0,9.83
1773169580.291311674,1,0,0.01
1773169581.313199826,0,0,9.83
1773169581.313199826,1,0,0.01
1773169582.335853876,0,0,9.83
1773169582.335853876,1,0,0.01
1773169583.358331541,0,0,9.83
1773169583.358331541,1,0,0.01
1773169584.380506383,0,0,9.83
1773169584.380506383,1,0,0.01
1773169585.402296449,0,0,9.83
1773169585.402296449,1,0,0.01
1773169586.423372006,0,0,9.83
1773169586.423372006,1,0,0.01
1773169587.445146022,0,0,9.83
1773169587.445146022,1,0,0.01
1773169588.466476589,0,0,9.83
1773169588.466476589,1,0,0.01
1773169589.488924247,0,0,9.83
1773169589.488924247,1,0,0.01
1773169590.510290437,0,0,9.83
1773169590.510290437,1,0,0.01
1773169591.531874101,0,0,9.83
1773169591.531874101,1,0,0.01
1773169592.553918076,0,0,9.83
1773169592.553918076,1,0,0.01
1773169593.576377584,0,0,9.83
1773169593.576377584,1,0,0.01
1773169594.598457591,0,0,9.83
1773169594.598457591,1,0,0.01
1773169595.620199414,0,0,9.83
1773169595.620199414,1,0,0.01
1773169596.641062345,0,0,9.83
1773169596.641062345,1,0,0.01
1773169597.663311249,0,0,9.83
1773169597.663311249,1,0,0.01
1773169598.684398614,0,0,9.83
1773169598.684398614,1,0,0.01
1773169599.707137251,0,0,9.83
1773169599.707137251,1,0,0.01
1773169600.729390718,0,0,9.83
1773169600.729390718,1,0,0.01
1773169601.751183389,0,0,9.83
1773169601.751183389,1,0,0.01
1773169602.772719290,0,1,9.83
1773169602.772719290,1,0,0.01
1773169603.795599581,0,0,9.83
1773169603.795599581,1,0,0.01
1773169604.817200374,0,0,9.83
1773169604.817200374,1,0,0.01
1773169605.839998888,0,0,9.83
1773169605.839998888,1,0,0.01
1773169606.861552128,0,0,9.83
1773169606.861552128,1,0,0.01
1773169607.883740017,0,0,9.83
1773169607.883740017,1,0,0.01
1773169608.905153857,0,0,9.83
1773169608.905153857,1,0,0.01
1773169609.927057598,0,0,9.83
1773169609.927057598,1,0,0.01
1773169610.948553550,0,1,9.83
1773169610.948553550,1,0,0.01
1773169611.971247038,0,0,9.83
1773169611.971247038,1,0,0.01
1773169612.992836073,0,0,9.83
1773169612.992836073,1,0,0.01
1773169614.015040500,0,0,9.83
1773169614.015040500,1,0,0.01
1773169615.038391541,0,0,9.83
1773169615.038391541,1,0,0.01
1773169616.059806933,0,0,9.83
1773169616.059806933,1,0,0.01
1773169617.080913204,0,46,9.83
1773169617.080913204,1,0,0.01
1773169618.103318105,0,69,9.83
1773169618.103318105,1,0,0.01
1773169619.125662914,0,12,9.83
1773169619.125662914,1,0,0.01
1773169620.147546387,0,0,9.83
1773169620.147546387,1,0,0.01
1773169621.168791726,0,0,9.83
1773169621.168791726,1,0,0.01
1773169622.193102422,0,0,9.83
1773169622.193102422,1,0,0.01
1773169623.214448291,0,0,9.83
1773169623.214448291,1,0,0.01
1773169624.236857257,0,0,9.83
1773169624.236857257,1,0,0.01
1773169625.258991674,0,0,9.83
1773169625.258991674,1,0,0.01
1773169626.281265621,0,0,9.83
1773169626.281265621,1,0,0.01
1773169627.302239953,0,0,9.83
1773169627.302239953,1,0,0.01
1773169628.323886522,0,0,9.83
1773169628.323886522,1,0,0.01
1773169629.344665466,0,0,9.83
1773169629.344665466,1,0,0.01
1773169630.366926218,0,0,9.83
1773169630.366926218,1,0,0.01
1773169631.387454218,0,0,9.83
1773169631.387454218,1,0,0.01
1773169632.409283199,0,0,9.83
1773169632.409283199,1,0,0.01
1773169633.431320657,0,0,9.83
1773169633.431320657,1,0,0.01
1773169634.452859596,0,0,9.83
1773169634.452859596,1,0,0.01
1773169635.474419409,0,0,9.83
1773169635.474419409,1,0,0.01
1773169636.496795875,0,0,9.83
1773169636.496795875,1,0,0.01
1773169637.518362139,0,0,9.83
1773169637.518362139,1,0,0.01
1773169638.539965868,0,0,9.83
1773169638.539965868,1,0,0.01
1773169639.561315568,0,0,9.83
1773169639.561315568,1,0,0.01
1773169640.583062076,0,0,9.83
1773169640.583062076,1,0,0.01
1773169641.604571874,0,0,9.83
1773169641.604571874,1,0,0.01
1773169642.626441705,0,0,9.83
1773169642.626441705,1,0,0.01
1773169643.648128168,0,0,9.83
1773169643.648128168,1,0,0.01
1773169644.669817262,0,0,9.83
1773169644.669817262,1,0,0.01
1773169645.691534112,0,0,9.83
1773169645.691534112,1,0,0.01
1773169646.713935871,0,0,9.83
1773169646.713935871,1,0,0.01
1773169647.735924667,0,0,9.83
1773169647.735924667,1,0,0.01
1773169648.757623328,0,0,9.83
1773169648.757623328,1,0,0.01
1773169649.779405746,0,0,9.83
1773169649.779405746,1,0,0.01
1773169650.801611487,0,0,9.83
1773169650.801611487,1,0,0.01
1773169651.824144017,0,0,9.83
1773169651.824144017,1,0,0.01
1773169652.846214170,0,0,9.83
1773169652.846214170,1,0,0.01
1773169653.867882916,0,0,9.83
1773169653.867882916,1,0,0.01
1773169654.889043334,0,0,9.83
1773169654.889043334,1,0,0.01
1773169655.910984309,0,0,9.83
1773169655.910984309,1,0,0.01
1773169656.932770909,0,0,9.83
1773169656.932770909,1,0,0.01
1773169657.954052052,0,0,9.83
1773169657.954052052,1,0,0.01
1773169658.976360840,0,0,9.83
1773169658.976360840,1,0,0.01
1773169659.998505198,0,0,9.83
1773169659.998505198,1,0,0.01
1773169661.020269856,0,0,9.83
1773169661.020269856,1,0,0.01
1773169662.041462238,0,0,9.83
1773169662.041462238,1,0,0.01
1773169663.063839771,0,0,9.83
1773169663.063839771,1,0,0.01
1773169664.084514025,0,0,9.83
1773169664.084514025,1,0,0.01
1773169665.104954922,0,0,9.83
1773169665.104954922,1,0,0.01
1773169666.126040438,0,0,9.83
1773169666.126040438,1,0,0.01
1773169667.147825751,0,0,9.83
1773169667.147825751,1,0,0.01
1773169668.169571373,0,0,9.83
1773169668.169571373,1,0,0.01
1773169669.191522909,0,0,9.83
1773169669.191522909,1,0,0.01
1773169670.213325052,0,0,9.83
1773169670.213325052,1,0,0.01
1773169671.235787192,0,0,9.83
1773169671.235787192,1,0,0.01
1773169672.257445291,0,0,9.83
1773169672.257445291,1,0,0.01
1773169673.278986108,0,0,9.83
1773169673.278986108,1,0,0.01
1773169674.300781521,0,0,9.83
1773169674.300781521,1,0,0.01
1773169675.322789822,0,0,9.83
1773169675.322789822,1,0,0.01
1773169676.343930064,0,0,9.83
1773169676.343930064,1,0,0.01
1773169677.365537207,0,0,9.83
1773169677.365537207,1,0,0.01
1773169678.386694480,0,0,9.83
1773169678.386694480,1,0,0.01
1773169679.408449303,0,0,9.83
1773169679.408449303,1,0,0.01
1773169680.428272124,0,0,9.83
1773169680.428272124,1,0,0.01
1773169681.449855831,0,0,9.83
1773169681.449855831,1,0,0.01
1773169682.470395531,0,0,9.83
1773169682.470395531,1,0,0.01
1773169683.492348057,0,0,9.83
1773169683.492348057,1,0,0.01
1773169684.512808378,0,0,9.83
1773169684.512808378,1,0,0.01
1773169685.534582705,0,0,9.83
1773169685.534582705,1,0,0.01
1773169686.556830323,0,0,9.83
1773169686.556830323,1,0,0.01
1773169687.579442324,0,0,9.83
1773169687.579442324,1,0,0.01
1773169688.600834654,0,0,9.83
1773169688.600834654,1,0,0.01
1773169689.622492390,0,0,9.83
1773169689.622492390,1,0,0.01
1773169690.644653788,0,0,9.83
1773169690.644653788,1,0,0.01
1773169691.666939285,0,0,9.83
1773169691.666939285,1,0,0.01
1773169692.688514265,0,0,9.83
1773169692.688514265,1,0,0.01
1773169693.711167324,0,0,9.83
1773169693.711167324,1,0,0.01
1773169694.733172813,0,0,9.83
1773169694.733172813,1,0,0.01
1773169695.753623903,0,0,9.83
1773169695.753623903,1,0,0.01
1773169696.775491811,0,0,9.83
1773169696.775491811,1,0,0.01
1773169697.798115630,0,0,9.83
1773169697.798115630,1,0,0.01
1773169698.819708066,0,0,9.83
1773169698.819708066,1,0,0.01
1773169699.841506199,0,0,9.83
1773169699.841506199,1,0,0.01
1773169700.862988868,0,0,9.83
1773169700.862988868,1,0,0.01
1773169701.884628481,0,0,9.83
1773169701.884628481,1,0,0.01
1773169702.906637582,0,0,9.83
1773169702.906637582,1,0,0.01
1773169703.928311073,0,0,9.83
1773169703.928311073,1,0,0.01
1773169704.949751530,0,1,9.83
1773169704.949751530,1,0,0.01
1773169705.971486530,0,0,9.83
1773169705.971486530,1,0,0.01
1773169706.993974395,0,0,9.83
1773169706.993974395,1,0,0.01
1773169708.015658740,0,0,9.83
1773169708.015658740,1,0,0.01
1773169709.037301783,0,0,9.83
1773169709.037301783,1,0,0.01
1773169710.059831699,0,0,9.83
1773169710.059831699,1,0,0.01
1773169711.082226672,0,0,9.83
1773169711.082226672,1,0,0.01
1773169712.104070370,0,0,9.83
1773169712.104070370,1,0,0.01
1773169713.125478471,0,0,9.83
1773169713.125478471,1,0,0.01
1773169714.147058899,0,0,9.83
1773169714.147058899,1,0,0.01
1773169715.168721417,0,0,9.83
1773169715.168721417,1,0,0.01
1773169716.190583674,0,0,9.83
1773169716.190583674,1,0,0.01
1773169717.212238148,0,0,9.83
1773169717.212238148,1,0,0.01
1773169718.234211027,0,0,9.83
1773169718.234211027,1,0,0.01
1773169719.256016798,0,0,9.83
1773169719.256016798,1,0,0.01
1773169720.277623306,0,0,9.83
1773169720.277623306,1,0,0.01
1773169721.299313586,0,0,9.83
1773169721.299313586,1,0,0.01
1773169722.321190371,0,0,9.83
1773169722.321190371,1,0,0.01
1773169723.342443364,0,0,9.83
1773169723.342443364,1,0,0.01
1773169724.362743512,0,0,9.83
1773169724.362743512,1,0,0.01
1773169725.384322159,0,0,9.83
1773169725.384322159,1,0,0.01
1773169726.405887516,0,0,9.83
1773169726.405887516,1,0,0.01
1773169727.427315260,0,0,9.83
1773169727.427315260,1,0,0.01
1773169728.449070648,0,0,9.83
1773169728.449070648,1,0,0.01
1773169729.471283930,0,0,9.83
1773169729.471283930,1,0,0.01
1773169730.493958219,0,0,9.83
1773169730.493958219,1,0,0.01
1773169731.515683388,0,0,9.83
1773169731.515683388,1,0,0.01
1773169732.535903886,0,0,9.83
1773169732.535903886,1,0,0.01
1773169733.557673365,0,0,9.83
1773169733.557673365,1,0,0.01
1773169734.579535789,0,0,9.83
1773169734.579535789,1,0,0.01
1773169735.601214616,0,0,9.83
1773169735.601214616,1,0,0.01
1773169736.624253072,0,0,9.83
1773169736.624253072,1,0,0.01
1773169737.646220055,0,0,9.83
1773169737.646220055,1,0,0.01
1773169738.669187687,0,1,9.83
1773169738.669187687,1,0,0.01
1773169739.691586353,0,0,9.83
1773169739.691586353,1,0,0.01
1773169740.715273167,0,0,9.83
1773169740.715273167,1,0,0.01
1773169741.738426900,0,0,9.83
1773169741.738426900,1,0,0.01
1773169742.762058731,0,0,9.83
1773169742.762058731,1,0,0.01
1773169743.784998694,0,0,9.83
1773169743.784998694,1,0,0.01
1773169744.808172490,0,0,9.83
1773169744.808172490,1,0,0.01
1773169745.830773693,0,0,9.83
1773169745.830773693,1,0,0.01
1773169746.853287676,0,0,9.83
1773169746.853287676,1,0,0.01
1773169747.876181121,0,43,9.83
1773169747.876181121,1,0,0.01
1773169748.898869818,0,65,9.83
1773169748.898869818,1,0,0.01
1773169749.920661830,0,11,9.83
1773169749.920661830,1,0,0.01
1773169750.943212001,0,0,9.83
1773169750.943212001,1,0,0.01
1773169751.966730753,0,0,9.83
1773169751.966730753,1,0,0.01
1773169752.989654044,0,0,9.83
1773169752.989654044,1,0,0.01
1773169754.011811676,0,0,9.83
1773169754.011811676,1,0,0.01
1773169755.033888227,0,0,9.83
1773169755.033888227,1,0,0.01
1773169756.056661611,0,0,9.83
1773169756.056661611,1,0,0.01
1773169757.078781588,0,0,9.83
1773169757.078781588,1,0,0.01
1773169758.101427540,0,14,9.83
1773169758.101427540,1,0,0.01
1773169759.124864006,0,66,9.83
1773169759.124864006,1,0,0.01
1773169760.148387663,0,66,9.83
1773169760.148387663,1,0,0.01
1773169761.170283795,0,0,9.83
1773169761.170283795,1,0,0.01
1773169762.193189298,0,0,9.83
1773169762.193189298,1,0,0.01
1773169763.215627215,0,0,9.83
1773169763.215627215,1,0,0.01
1773169764.238634559,0,0,9.83
1773169764.238634559,1,0,0.01
1773169765.261270204,0,0,9.83
1773169765.261270204,1,0,0.01
1773169766.284700316,0,0,9.83
1773169766.284700316,1,0,0.01
1773169767.307454468,0,0,9.83
1773169767.307454468,1,0,0.01
1773169768.329910081,0,0,9.83
1773169768.329910081,1,0,0.01
1773169769.352260259,0,0,9.83
1773169769.352260259,1,0,0.01
1773169770.374816564,0,0,9.83
1773169770.374816564,1,0,0.01
1773169771.397971094,0,0,9.83
1773169771.397971094,1,0,0.01
1773169772.420292497,0,0,9.83
1773169772.420292497,1,0,0.01
1773169773.443219394,0,0,9.83
1773169773.443219394,1,0,0.01
1773169774.465471173,0,0,9.83
1773169774.465471173,1,0,0.01
1773169775.487856840,0,0,9.83
1773169775.487856840,1,0,0.01
1773169776.510940315,0,0,9.83
1773169776.510940315,1,0,0.01
1773169777.532645053,0,0,9.83
1773169777.532645053,1,0,0.01
1773169778.555321737,0,0,9.83
1773169778.555321737,1,0,0.01
1773169779.577544631,0,0,9.83
1773169779.577544631,1,0,0.01
1773169780.601626120,0,0,9.83
1773169780.601626120,1,0,0.01
1773169781.626186899,0,0,9.83
1773169781.626186899,1,0,0.01
1773169782.649637876,0,0,9.83
1773169782.649637876,1,0,0.01
1773169783.673040810,0,0,9.83
1773169783.673040810,1,0,0.01
1773169784.697027427,0,0,9.83
1773169784.697027427,1,0,0.01
1773169785.719051107,0,0,9.83
1773169785.719051107,1,0,0.01
1773169786.741825297,0,0,9.83
1773169786.741825297,1,0,0.01
1773169787.766604382,0,67,9.83
1773169787.766604382,1,0,0.01
1773169788.789793337,0,70,9.83
1773169788.789793337,1,0,0.01
1773169789.812105386,0,0,9.83
1773169789.812105386,1,0,0.01
1773169790.834501974,0,0,9.83
1773169790.834501974,1,0,0.01
1773169791.857319171,0,1,9.83
1773169791.857319171,1,0,0.01
1773169792.880816248,0,0,9.83
1773169792.880816248,1,0,0.01
1773169793.903522295,0,0,9.83
1773169793.903522295,1,0,0.01
1773169794.926823755,0,0,9.83
1773169794.926823755,1,0,0.01
1773169795.950729877,0,0,9.83
1773169795.950729877,1,0,0.01
1773169796.973682731,0,0,9.83
1773169796.973682731,1,0,0.01
1773169797.996463595,0,0,9.83
1773169797.996463595,1,0,0.01
1773169799.018211773,0,0,9.83
1773169799.018211773,1,0,0.01
1773169800.041428723,0,0,9.83
1773169800.041428723,1,0,0.01
1773169801.064756204,0,0,9.83
1773169801.064756204,1,0,0.01
1773169802.088457850,0,0,9.83
1773169802.088457850,1,0,0.01
1773169803.110143010,0,68,9.83
1773169803.110143010,1,0,0.01
1773169804.132679613,0,67,9.83
1773169804.132679613,1,0,0.01
1773169805.155275786,0,0,9.83
1773169805.155275786,1,0,0.01
1773169806.177520213,0,0,9.83
1773169806.177520213,1,0,0.01
1773169807.201637662,0,0,9.83
1773169807.201637662,1,0,0.01
1773169808.224666250,0,0,9.83
1773169808.224666250,1,0,0.01
1773169809.248490557,0,0,9.83
1773169809.248490557,1,0,0.01
1773169810.271129508,0,0,9.83
1773169810.271129508,1,0,0.01
1773169811.293399142,0,0,9.83
1773169811.293399142,1,0,0.01
1773169812.316700857,0,0,9.83
1773169812.316700857,1,0,0.01
1773169813.340770065,0,0,9.83
1773169813.340770065,1,0,0.01
1773169814.363660169,0,0,9.83
1773169814.363660169,1,0,0.01
1773169815.386893160,0,0,9.83
1773169815.386893160,1,0,0.01
1773169816.409792003,0,0,9.83
1773169816.409792003,1,0,0.01
1773169817.432791835,0,0,9.83
1773169817.432791835,1,0,0.01
1773169818.455589576,0,0,9.83
1773169818.455589576,1,0,0.01
1773169819.477882357,0,0,9.83
1773169819.477882357,1,0,0.01
1773169820.500968537,0,0,9.83
1773169820.500968537,1,0,0.01
1773169821.523674607,0,0,9.83
1773169821.523674607,1,0,0.01
1773169822.546212370,0,0,9.83
1773169822.546212370,1,0,0.01
1773169823.568245222,0,0,9.83
1773169823.568245222,1,0,0.01
1773169824.590935663,0,66,9.83
1773169824.590935663,1,0,0.01
1773169825.614020788,0,66,9.83
1773169825.614020788,1,0,0.01
1773169826.636810578,0,0,9.83
1773169826.636810578,1,0,0.01
1773169827.661022204,0,0,9.83
1773169827.661022204,1,0,0.01
1773169828.683504845,0,0,9.83
1773169828.683504845,1,0,0.01
1773169829.706706366,0,0,9.83
1773169829.706706366,1,0,0.01
1773169830.729300867,0,0,9.83
1773169830.729300867,1,0,0.01
1773169831.751675676,0,0,9.83
1773169831.751675676,1,0,0.01
1773169832.774121356,0,0,9.83
1773169832.774121356,1,0,0.01
1773169833.797441016,0,0,9.83
1773169833.797441016,1,0,0.01
1773169834.820308871,0,0,9.83
1773169834.820308871,1,0,0.01
1773169835.842612903,0,0,9.83
1773169835.842612903,1,0,0.01
1773169836.864966167,0,0,9.83
1773169836.864966167,1,0,0.01
1773169837.886726726,0,0,9.83
1773169837.886726726,1,0,0.01
1773169838.910318894,0,0,9.83
1773169838.910318894,1,0,0.01
1773169839.932684034,0,0,9.83
1773169839.932684034,1,0,0.01
1773169840.955395758,0,0,9.83
1773169840.955395758,1,0,0.01
1773169841.978734736,0,0,9.83
1773169841.978734736,1,0,0.01
1773169843.000890674,0,0,9.83
1773169843.000890674,1,0,0.01
1773169844.022259573,0,0,9.83
1773169844.022259573,1,0,0.01
1773169845.043752698,0,0,9.83
1773169845.043752698,1,0,0.01
1773169846.065863898,0,0,9.83
1773169846.065863898,1,0,0.01
1773169847.088707110,0,0,9.83
1773169847.088707110,1,0,0.01
1773169848.110934618,0,1,9.83
1773169848.110934618,1,0,0.01
1773169849.133740230,0,0,9.83
1773169849.133740230,1,0,0.01
1773169850.156169942,0,0,9.83
1773169850.156169942,1,0,0.01
1773169851.179394342,0,0,9.83
1773169851.179394342,1,0,0.01
1773169852.202652711,0,0,9.83
1773169852.202652711,1,0,0.01
1773169853.224966734,0,0,9.83
1773169853.224966734,1,0,0.01
1773169854.246492366,0,0,9.83
1773169854.246492366,1,0,0.01
1773169855.269260817,0,0,9.83
1773169855.269260817,1,0,0.01
1773169856.291309204,0,0,9.83
1773169856.291309204,1,0,0.01
1773169857.313859515,0,0,9.83
1773169857.313859515,1,0,0.01
1773169858.336040763,0,0,9.83
1773169858.336040763,1,0,0.01
1773169859.358582986,0,0,9.83
1773169859.358582986,1,0,0.01
1773169860.383269712,0,0,9.83
1773169860.383269712,1,0,0.01
1773169861.405761093,0,0,9.83
1773169861.405761093,1,0,0.01
1773169862.428696799,0,0,9.83
1773169862.428696799,1,0,0.01
1773169863.451377580,0,0,9.83
1773169863.451377580,1,0,0.01
1773169864.474752017,0,0,9.83
1773169864.474752017,1,0,0.01
1773169865.496837171,0,0,9.83
1773169865.496837171,1,0,0.01
1773169866.519605783,0,0,9.83
1773169866.519605783,1,0,0.01
1773169867.543399132,0,0,9.83
1773169867.543399132,1,0,0.01
1773169868.566649932,0,0,9.83
1773169868.566649932,1,0,0.01
1773169869.591193625,0,0,9.83
1773169869.591193625,1,0,0.01
1773169870.613774954,0,0,9.83
1773169870.613774954,1,0,0.01
1773169871.636043182,0,0,9.83
1773169871.636043182,1,0,0.01
1773169872.659007305,0,0,9.83
1773169872.659007305,1,0,0.01
1773169873.682345507,0,0,9.83
1773169873.682345507,1,0,0.01
1773169874.704436785,0,0,9.83
1773169874.704436785,1,0,0.01
1773169875.727616653,0,0,9.83
1773169875.727616653,1,0,0.01
1773169876.751416544,0,0,9.83
1773169876.751416544,1,0,0.01
1773169877.773849874,0,0,9.83
1773169877.773849874,1,0,0.01
1773169878.797885329,0,0,9.83
1773169878.797885329,1,0,0.01
1773169879.820046792,0,0,9.83
1773169879.820046792,1,0,0.01
1773169880.842211342,0,0,9.83
1773169880.842211342,1,0,0.01
1773169881.864741032,0,0,9.83
1773169881.864741032,1,0,0.01
1773169882.887450159,0,69,9.83
1773169882.887450159,1,0,0.01
1773169883.909875487,0,67,9.83
1773169883.909875487,1,0,0.01
1773169884.932074883,0,0,9.83
1773169884.932074883,1,0,0.01
1773169885.954231013,0,0,9.83
1773169885.954231013,1,0,0.01
1773169886.977147771,0,0,9.83
1773169886.977147771,1,0,0.01
1773169887.997960871,0,0,9.83
1773169887.997960871,1,0,0.01
1773169889.019700944,0,0,9.83
1773169889.019700944,1,0,0.01
1773169890.042868702,0,0,9.83
1773169890.042868702,1,0,0.01
1773169891.064478665,0,0,9.83
1773169891.064478665,1,0,0.01
1773169892.086884628,0,0,9.83
1773169892.086884628,1,0,0.01
1773169893.109820867,0,1,9.83
1773169893.109820867,1,0,0.01
1773169894.132657704,0,0,9.83
1773169894.132657704,1,0,0.01
1773169895.155546713,0,0,9.83
1773169895.155546713,1,0,0.01
1773169896.178362783,0,0,9.83
1773169896.178362783,1,0,0.01
1773169897.200544677,0,0,9.83
1773169897.200544677,1,0,0.01
1773169898.223456928,0,0,9.83
1773169898.223456928,1,0,0.01
1773169899.245871936,0,0,9.83
1773169899.245871936,1,0,0.01
1773169900.269687782,0,0,9.83
1773169900.269687782,1,0,0.01
1773169901.291582374,0,0,9.83
1773169901.291582374,1,0,0.01
1773169902.314473911,0,0,9.83
1773169902.314473911,1,0,0.01
1773169903.337616272,0,0,9.83
1773169903.337616272,1,0,0.01
1773169904.360458430,0,0,9.83
1773169904.360458430,1,0,0.01
1773169905.383056889,0,0,9.83
1773169905.383056889,1,0,0.01
1773169906.405925864,0,0,9.83
1773169906.405925864,1,0,0.01
1773169907.428930491,0,0,9.83
1773169907.428930491,1,0,0.01
1773169908.452024986,0,0,9.83
1773169908.452024986,1,0,0.01
1773169909.475599558,0,0,9.83
1773169909.475599558,1,0,0.01
1773169910.497471219,0,0,9.83
1773169910.497471219,1,0,0.01
1773169911.520557762,0,0,9.83
1773169911.520557762,1,0,0.01
1773169912.543355804,0,0,9.83
1773169912.543355804,1,0,0.01
1773169913.565498809,0,0,9.83
1773169913.565498809,1,0,0.01
1773169914.588008979,0,0,9.83
1773169914.588008979,1,0,0.01
1773169915.611406576,0,0,9.83
1773169915.611406576,1,0,0.01
1773169916.635483500,0,0,9.83
1773169916.635483500,1,0,0.01
1773169917.657568421,0,0,9.83
1773169917.657568421,1,0,0.01
1773169918.680073302,0,0,9.83
1773169918.680073302,1,0,0.01
1773169919.702791887,0,0,9.83
1773169919.702791887,1,0,0.01
1773169920.725388065,0,0,9.83
1773169920.725388065,1,0,0.01
1773169921.747987421,0,0,9.83
1773169921.747987421,1,0,0.01
1773169922.770011779,0,1,9.83
1773169922.770011779,1,0,0.01
1773169923.793701634,0,0,9.83
1773169923.793701634,1,0,0.01
1773169924.816712454,0,0,9.83
1773169924.816712454,1,0,0.01
1773169925.838531525,0,0,9.83
1773169925.838531525,1,0,0.01
1773169926.861301476,0,0,9.83
1773169926.861301476,1,0,0.01
1773169927.883502488,0,0,9.83
1773169927.883502488,1,0,0.01
1773169928.906849509,0,0,9.83
1773169928.906849509,1,0,0.01
1773169929.930616569,0,0,9.83
1773169929.930616569,1,0,0.01
1773169930.953908112,0,0,9.83
1773169930.953908112,1,0,0.01
1773169931.976672267,0,0,9.83
1773169931.976672267,1,0,0.01
1773169932.999299132,0,0,9.83
1773169932.999299132,1,0,0.01
1773169934.022482606,0,0,9.83
1773169934.022482606,1,0,0.01
1773169935.045594371,0,0,9.83
1773169935.045594371,1,0,0.01
1773169936.068075608,0,0,9.83
1773169936.068075608,1,0,0.01
1773169937.091559893,0,0,9.83
1773169937.091559893,1,0,0.01
1773169938.114805454,0,0,9.83
1773169938.114805454,1,0,0.01
1773169939.138207715,0,0,9.83
1773169939.138207715,1,0,0.01
1773169940.161596523,0,0,9.83
1773169940.161596523,1,0,0.01
1773169941.185118435,0,0,9.83
1773169941.185118435,1,0,0.01
1773169942.207924416,0,0,9.83
1773169942.207924416,1,0,0.01
1773169943.230945599,0,0,9.83
1773169943.230945599,1,0,0.01
1773169944.253139832,0,0,9.83
1773169944.253139832,1,0,0.01
1773169945.275282783,0,0,9.83
1773169945.275282783,1,0,0.01
1773169946.298792087,0,0,9.83
1773169946.298792087,1,0,0.01
1773169947.321299651,0,0,9.83
1773169947.321299651,1,0,0.01
1773169948.344297525,0,0,9.83
1773169948.344297525,1,0,0.01
1773169949.366945305,0,0,9.83
1773169949.366945305,1,0,0.01
1773169950.388980876,0,0,9.83
1773169950.388980876,1,0,0.01
1773169951.411969183,0,0,9.83
1773169951.411969183,1,0,0.01
1773169952.433921169,0,0,9.83
1773169952.433921169,1,0,0.01
1773169953.455799725,0,0,9.83
1773169953.455799725,1,0,0.01
1773169954.478981186,0,0,9.83
1773169954.478981186,1,0,0.01
1773169955.501808778,0,0,9.83
1773169955.501808778,1,0,0.01
1773169956.524800816,0,0,9.83
1773169956.524800816,1,0,0.01
1773169957.546469562,0,0,9.83
1773169957.546469562,1,0,0.01
1773169958.569374623,0,0,9.83
1773169958.569374623,1,0,0.01
1773169959.592791340,0,0,9.83
1773169959.592791340,1,0,0.01
1773169960.615666971,0,0,9.83
1773169960.615666971,1,0,0.01
1773169961.638470301,0,0,9.83
1773169961.638470301,1,0,0.01
1773169962.659751319,0,0,9.83
1773169962.659751319,1,0,0.01
1773169963.682535192,0,0,9.83
1773169963.682535192,1,0,0.01
1773169964.705213049,0,0,9.83
1773169964.705213049,1,0,0.01
1773169965.729998507,0,0,9.83
1773169965.729998507,1,0,0.01
1773169966.752224173,0,0,9.83
1773169966.752224173,1,0,0.01
1773169967.775013947,0,0,9.83
1773169967.775013947,1,0,0.01
1773169968.797583713,0,0,9.83
1773169968.797583713,1,0,0.01
1773169969.819920291,0,0,9.83
1773169969.819920291,1,0,0.01
1773169970.843075329,0,0,9.83
1773169970.843075329,1,0,0.01
1773169971.866288439,0,0,9.83
1773169971.866288439,1,0,0.01
1773169972.889070852,0,0,9.83
1773169972.889070852,1,0,0.01
1773169973.911823904,0,0,9.83
1773169973.911823904,1,0,0.01
1773169974.934645740,0,0,9.83
1773169974.934645740,1,0,0.01
1773169975.958231407,0,0,9.83
1773169975.958231407,1,0,0.01
1773169976.980163335,0,0,9.83
1773169976.980163335,1,0,0.01
1773169978.003906813,0,0,9.83
1773169978.003906813,1,0,0.01
1773169979.027228364,0,0,9.83
1773169979.027228364,1,0,0.01
1773169980.050264142,0,0,9.83
1773169980.050264142,1,0,0.01
1773169981.073539889,0,0,9.83
1773169981.073539889,1,0,0.01
1773169982.096987086,0,0,9.83
1773169982.096987086,1,0,0.01
1773169983.118746760,0,0,9.83
1773169983.118746760,1,0,0.01
1773169984.143378325,0,0,9.83
1773169984.143378325,1,0,0.01
1773169985.166254904,0,0,9.83
1773169985.166254904,1,0,0.01
1773169986.188210815,0,0,9.83
1773169986.188210815,1,0,0.01
1773169987.210633565,0,0,9.83
1773169987.210633565,1,0,0.01
1773169988.233603693,0,0,9.83
1773169988.233603693,1,0,0.01
1773169989.257059785,0,0,9.83
1773169989.257059785,1,0,0.01
1773169990.279553846,0,0,9.83
1773169990.279553846,1,0,0.01
1773169991.301865699,0,0,9.83
1773169991.301865699,1,0,0.01
1773169992.324865293,0,0,9.83
1773169992.324865293,1,0,0.01
1773169993.347097546,0,0,9.83
1773169993.347097546,1,0,0.01
1773169994.369465343,0,0,9.83
1773169994.369465343,1,0,0.01
1773169995.391471214,0,0,9.83
1773169995.391471214,1,0,0.01
1773169996.414428561,0,0,9.83
1773169996.414428561,1,0,0.01
1773169997.436912402,0,0,9.83
1773169997.436912402,1,0,0.01
1773169998.458969198,0,0,9.83
1773169998.458969198,1,0,0.01
1773169999.480953089,0,0,9.83
1773169999.480953089,1,0,0.01
1773170000.503430590,0,0,9.83
1773170000.503430590,1,0,0.01
1773170001.525490435,0,0,9.83
1773170001.525490435,1,0,0.01
1773170002.549042572,0,65,9.83
1773170002.549042572,1,0,0.01
1773170003.572235490,0,99,9.83
1773170003.572235490,1,0,0.01
1773170004.596665246,0,99,9.83
1773170004.596665246,1,0,0.01
1773170005.621560752,0,44,9.83
1773170005.621560752,1,0,0.01
1773170006.645444568,0,0,9.83
1773170006.645444568,1,0,0.01
1773170007.666567240,0,0,9.83
1773170007.666567240,1,0,0.01
1773170008.689200352,0,0,9.83
1773170008.689200352,1,0,0.01
1773170009.711929741,0,0,9.83
1773170009.711929741,1,0,0.01
1773170010.733788877,0,0,9.83
1773170010.733788877,1,0,0.01
1773170011.756171860,0,0,9.83
1773170011.756171860,1,0,0.01
1773170012.778560009,0,0,9.83
1773170012.778560009,1,0,0.01
1773170013.801891273,0,0,9.83
1773170013.801891273,1,0,0.01
1773170014.824800220,0,0,9.83
1773170014.824800220,1,0,0.01
1773170015.847621572,0,0,9.83
1773170015.847621572,1,0,0.01
1773170016.871462564,0,0,9.83
1773170016.871462564,1,0,0.01
1773170017.893964751,0,0,9.83
1773170017.893964751,1,0,0.01
1773170018.917945365,0,0,9.83
1773170018.917945365,1,0,0.01
1773170019.940480175,0,0,9.83
1773170019.940480175,1,0,0.01
1773170020.963532838,0,0,9.83
1773170020.963532838,1,0,0.01
1773170021.986798914,0,0,9.83
1773170021.986798914,1,0,0.01
1773170023.008858497,0,0,9.83
1773170023.008858497,1,0,0.01
1773170024.032587101,0,0,9.83
1773170024.032587101,1,0,0.01
1773170025.054834728,0,0,9.83
1773170025.054834728,1,0,0.01
1773170026.077719096,0,0,9.83
1773170026.077719096,1,0,0.01
1773170027.100254877,0,0,9.83
1773170027.100254877,1,0,0.01
1773170028.122154759,0,0,9.83
1773170028.122154759,1,0,0.01
1773170029.145542355,0,0,9.83
1773170029.145542355,1,0,0.01
1773170030.168092249,0,0,9.83
1773170030.168092249,1,0,0.01
1773170031.190918950,0,0,9.83
1773170031.190918950,1,0,0.01
1773170032.213560859,0,0,9.83
1773170032.213560859,1,0,0.01
1773170033.238504931,0,0,9.83
1773170033.238504931,1,0,0.01
1773170034.263886876,0,0,9.83
1773170034.263886876,1,0,0.01
1773170035.285972677,0,0,9.83
1773170035.285972677,1,0,0.01
1773170036.309425234,0,0,9.83
1773170036.309425234,1,0,0.01
1773170037.332330117,0,0,9.83
1773170037.332330117,1,0,0.01
1773170038.357256859,0,0,9.83
1773170038.357256859,1,0,0.01
1773170039.380372676,0,0,9.83
1773170039.380372676,1,0,0.01
1773170040.405104750,0,0,9.83
1773170040.405104750,1,0,0.01
1773170041.428907893,0,0,9.83
1773170041.428907893,1,0,0.01
1773170042.452036153,0,0,9.83
1773170042.452036153,1,0,0.01
1773170043.475170211,0,0,9.83
1773170043.475170211,1,0,0.01
1773170044.498988259,0,0,9.83
1773170044.498988259,1,0,0.01
1773170045.524242175,0,0,9.83
1773170045.524242175,1,0,0.01
1773170046.548870414,0,0,9.83
1773170046.548870414,1,0,0.01
1773170047.571626602,0,0,9.83
1773170047.571626602,1,0,0.01
1773170048.594541581,0,0,9.83
1773170048.594541581,1,0,0.01
1773170049.617711072,0,0,9.83
1773170049.617711072,1,0,0.01
1773170050.642506385,0,0,9.83
1773170050.642506385,1,0,0.01
1773170051.664438391,0,0,9.83
1773170051.664438391,1,0,0.01
1773170052.686180141,0,0,9.83
1773170052.686180141,1,0,0.01
1773170053.708940216,0,0,9.83
1773170053.708940216,1,0,0.01
1773170054.730590192,0,0,9.83
1773170054.730590192,1,0,0.01
1773170055.754077444,0,0,9.83
1773170055.754077444,1,0,0.01
1773170056.776727893,0,0,9.83
1773170056.776727893,1,0,0.01
1773170057.798856339,0,0,9.83
1773170057.798856339,1,0,0.01
1773170058.820809054,0,0,9.83
1773170058.820809054,1,0,0.01
1773170059.844546871,0,0,9.83
1773170059.844546871,1,0,0.01
1773170060.867564983,0,0,9.83
1773170060.867564983,1,0,0.01
1773170061.891454425,0,0,9.83
1773170061.891454425,1,0,0.01
1773170062.914172811,0,0,9.83
1773170062.914172811,1,0,0.01
1773170063.937310823,0,0,9.83
1773170063.937310823,1,0,0.01
1773170064.960169718,0,0,9.83
1773170064.960169718,1,0,0.01
1773170065.982324426,0,0,9.83
1773170065.982324426,1,0,0.01
1773170067.005020685,0,0,9.83
1773170067.005020685,1,0,0.01
1773170068.028596194,0,0,9.83
1773170068.028596194,1,0,0.01
1773170069.051175350,0,0,9.83
1773170069.051175350,1,0,0.01
1773170070.073317427,0,0,9.83
1773170070.073317427,1,0,0.01
1773170071.095418092,0,0,9.83
1773170071.095418092,1,0,0.01
1773170072.117662341,0,0,9.83
1773170072.117662341,1,0,0.01
1773170073.139379974,0,0,9.83
1773170073.139379974,1,0,0.01
1773170074.162448870,0,0,9.83
1773170074.162448870,1,0,0.01
1773170075.184944109,0,0,9.83
1773170075.184944109,1,0,0.01
1773170076.209008140,0,0,9.83
1773170076.209008140,1,0,0.01
1773170077.231068034,0,0,9.83
1773170077.231068034,1,0,0.01
1773170078.254042113,0,0,9.83
1773170078.254042113,1,0,0.01
1773170079.276850183,0,0,9.83
1773170079.276850183,1,0,0.01
1773170080.300105778,0,0,9.83
1773170080.300105778,1,0,0.01
1773170081.322675003,0,0,9.83
1773170081.322675003,1,0,0.01
1773170082.345527930,0,0,9.83
1773170082.345527930,1,0,0.01
1773170083.367968951,0,0,9.83
1773170083.367968951,1,0,0.01
1773170084.390096856,0,0,9.83
1773170084.390096856,1,0,0.01
1773170085.413203526,0,0,9.83
1773170085.413203526,1,0,0.01
1773170086.437155877,0,0,9.83
1773170086.437155877,1,0,0.01
1773170087.460153231,0,0,9.83
1773170087.460153231,1,0,0.01
1773170088.482830874,0,0,9.83
1773170088.482830874,1,0,0.01
1773170089.506268495,0,0,9.83
1773170089.506268495,1,0,0.01
1773170090.528807444,0,0,9.83
1773170090.528807444,1,0,0.01
1773170091.552123865,0,0,9.83
1773170091.552123865,1,0,0.01
1773170092.574800748,0,0,9.83
1773170092.574800748,1,0,0.01
1773170093.596849713,0,0,9.83
1773170093.596849713,1,0,0.01
1773170094.620532977,0,0,9.83
1773170094.620532977,1,0,0.01
1773170095.643077142,0,0,9.83
1773170095.643077142,1,0,0.01
1773170096.665109009,0,0,9.83
1773170096.665109009,1,0,0.01
1773170097.688859569,0,0,9.83
1773170097.688859569,1,0,0.01
1773170098.712470300,0,0,9.83
1773170098.712470300,1,0,0.01
1773170099.735595485,0,0,9.83
1773170099.735595485,1,0,0.01
1773170100.757935159,0,0,9.83
1773170100.757935159,1,0,0.01
1773170101.781011735,0,0,9.83
1773170101.781011735,1,0,0.01
1773170102.803653426,0,0,9.83
1773170102.803653426,1,0,0.01
1773170103.826843000,0,0,9.83
1773170103.826843000,1,0,0.01
1773170104.850553314,0,28,9.83
1773170104.850553314,1,0,0.01
1773170105.873955562,0,66,9.83
1773170105.873955562,1,0,0.01
1773170106.897260777,0,40,9.83
1773170106.897260777,1,0,0.01
1773170107.919772400,0,0,9.83
1773170107.919772400,1,0,0.01
1773170108.942681187,0,0,9.83
1773170108.942681187,1,0,0.01
1773170109.966476594,0,0,9.83
1773170109.966476594,1,0,0.01
1773170110.989759797,0,0,9.83
1773170110.989759797,1,0,0.01
1773170112.012560919,0,0,9.83
1773170112.012560919,1,0,0.01
1773170113.035635662,0,0,9.83
1773170113.035635662,1,0,0.01
1773170114.058222587,0,0,9.83
1773170114.058222587,1,0,0.01
1773170115.081157162,0,0,9.83
1773170115.081157162,1,0,0.01
1773170116.102705833,0,0,9.83
1773170116.102705833,1,0,0.01
1773170117.125055998,0,0,9.83
1773170117.125055998,1,0,0.01
1773170118.148286059,0,0,9.83
1773170118.148286059,1,0,0.01
1773170119.171910448,0,0,9.83
1773170119.171910448,1,0,0.01
1773170120.193834579,0,0,9.83
1773170120.193834579,1,0,0.01
1773170121.215709416,0,0,9.83
1773170121.215709416,1,0,0.01
1773170122.237495254,0,0,9.83
1773170122.237495254,1,0,0.01
1773170123.259472092,0,70,9.83
1773170123.259472092,1,0,0.01
1773170124.283586778,0,70,9.83
1773170124.283586778,1,0,0.01
1773170125.307373172,0,0,9.83
1773170125.307373172,1,0,0.01
1773170126.330401731,0,0,9.83
1773170126.330401731,1,0,0.01
1773170127.353590928,0,0,9.83
1773170127.353590928,1,0,0.01
1773170128.376528900,0,0,9.83
1773170128.376528900,1,0,0.01
1773170129.401207554,0,0,9.83
1773170129.401207554,1,0,0.01
1773170130.424375735,0,0,9.83
1773170130.424375735,1,0,0.01
1773170131.447019270,0,0,9.83
1773170131.447019270,1,0,0.01
1773170132.470673628,0,0,9.83
1773170132.470673628,1,0,0.01
1773170133.495030912,0,0,9.83
1773170133.495030912,1,0,0.01
1773170134.519714478,0,0,9.83
1773170134.519714478,1,0,0.01
1773170135.542433725,0,0,9.83
1773170135.542433725,1,0,0.01
1773170136.565770807,0,0,9.83
1773170136.565770807,1,0,0.01
1773170137.588202073,0,0,9.83
1773170137.588202073,1,0,0.01
1773170138.611964774,0,0,9.83
1773170138.611964774,1,0,0.01
1773170139.634756621,0,0,9.83
1773170139.634756621,1,0,0.01
1773170140.657103465,0,0,9.83
1773170140.657103465,1,0,0.01
1773170141.679138843,0,0,9.83
1773170141.679138843,1,0,0.01
1773170142.701638441,0,0,9.83
1773170142.701638441,1,0,0.01
1773170143.723541840,0,0,9.83
1773170143.723541840,1,0,0.01
1773170144.745659598,0,0,9.83
1773170144.745659598,1,0,0.01
1773170145.769128222,0,0,9.83
1773170145.769128222,1,0,0.01
1773170146.793096458,0,0,9.83
1773170146.793096458,1,0,0.01
1773170147.816329088,0,0,9.83
1773170147.816329088,1,0,0.01
1773170148.837639250,0,0,9.83
1773170148.837639250,1,0,0.01
1773170149.860736841,0,0,9.83
1773170149.860736841,1,0,0.01
1773170150.884364848,0,0,9.83
1773170150.884364848,1,0,0.01
1773170151.907130587,0,0,9.83
1773170151.907130587,1,0,0.01
1773170152.930073121,0,0,9.83
1773170152.930073121,1,0,0.01
1773170153.953642636,0,0,9.83
1773170153.953642636,1,0,0.01
1773170154.976248558,0,0,9.83
1773170154.976248558,1,0,0.01
1773170155.999171709,0,0,9.83
1773170155.999171709,1,0,0.01
1773170157.024369743,0,0,9.83
1773170157.024369743,1,0,0.01
1773170158.048761318,0,0,9.83
1773170158.048761318,1,0,0.01
1773170159.071744442,0,0,9.83
1773170159.071744442,1,0,0.01
1773170160.094730287,0,0,9.83
1773170160.094730287,1,0,0.01
1773170161.117970631,0,0,9.83
1773170161.117970631,1,0,0.01
1773170162.140380813,0,0,9.83
1773170162.140380813,1,0,0.01
1773170163.163581670,0,0,9.83
1773170163.163581670,1,0,0.01
1773170164.185883916,0,0,9.83
1773170164.185883916,1,0,0.01
1773170165.208713101,0,0,9.83
1773170165.208713101,1,0,0.01
1773170166.231740067,0,0,9.83
1773170166.231740067,1,0,0.01
1773170167.254715209,0,0,9.83
1773170167.254715209,1,0,0.01
1773170168.280146162,0,0,9.83
1773170168.280146162,1,0,0.01
1773170169.304476731,0,0,9.83
1773170169.304476731,1,0,0.01
1773170170.326954823,0,0,9.83
1773170170.326954823,1,0,0.01
1773170171.349621692,0,0,9.83
1773170171.349621692,1,0,0.01
1773170172.372023666,0,0,9.83
1773170172.372023666,1,0,0.01
1773170173.394414547,0,1,9.83
1773170173.394414547,1,0,0.01
1773170174.416828098,0,0,9.83
1773170174.416828098,1,0,0.01
1773170175.439206804,0,0,9.83
1773170175.439206804,1,0,0.01
1773170176.461093137,0,0,9.83
1773170176.461093137,1,0,0.01
1773170177.484145581,0,0,9.83
1773170177.484145581,1,0,0.01
1773170178.507149758,0,0,9.83
1773170178.507149758,1,0,0.01
1773170179.529907356,0,0,9.83
1773170179.529907356,1,0,0.01
1773170180.553378262,0,0,9.83
1773170180.553378262,1,0,0.01
1773170181.575827798,0,0,9.83
1773170181.575827798,1,0,0.01
1773170182.599786141,0,0,9.83
1773170182.599786141,1,0,0.01
1773170183.622626680,0,0,9.83
1773170183.622626680,1,0,0.01
1773170184.647038949,0,0,9.83
1773170184.647038949,1,0,0.01
1773170185.669687585,0,0,9.83
1773170185.669687585,1,0,0.01
1773170186.694110380,0,0,9.83
1773170186.694110380,1,0,0.01
1773170187.717111229,0,0,9.83
1773170187.717111229,1,0,0.01
1773170188.740811282,0,0,9.83
1773170188.740811282,1,0,0.01
1773170189.764708876,0,0,9.83
1773170189.764708876,1,0,0.01
1773170190.787600906,0,0,9.83
1773170190.787600906,1,0,0.01
1773170191.810930656,0,0,9.83
1773170191.810930656,1,0,0.01
1773170192.835135070,0,0,9.83
1773170192.835135070,1,0,0.01
1773170193.858340366,0,0,9.83
1773170193.858340366,1,0,0.01
1773170194.881698312,0,0,9.83
1773170194.881698312,1,0,0.01
1773170195.906699939,0,0,9.83
1773170195.906699939,1,0,0.01
1773170196.930584114,0,0,9.83
1773170196.930584114,1,0,0.01
1773170197.954453541,0,0,9.83
1773170197.954453541,1,0,0.01
1773170198.977154639,0,0,9.83
1773170198.977154639,1,0,0.01
1773170199.999600627,0,0,9.83
1773170199.999600627,1,0,0.01
1773170201.022953126,0,0,9.83
1773170201.022953126,1,0,0.01
1773170202.045008214,0,0,9.83
1773170202.045008214,1,0,0.01
1773170203.067051839,0,0,9.83
1773170203.067051839,1,0,0.01
1773170204.089832428,0,0,9.83
1773170204.089832428,1,0,0.01
1773170205.112666729,0,0,9.83
1773170205.112666729,1,0,0.01
1773170206.135487015,0,0,9.83
1773170206.135487015,1,0,0.01
1773170207.159411314,0,1,9.83
1773170207.159411314,1,0,0.01
1773170208.182720624,0,0,9.83
1773170208.182720624,1,0,0.01
1773170209.204712086,0,0,9.83
1773170209.204712086,1,0,0.01
1773170210.227430169,0,0,9.83
1773170210.227430169,1,0,0.01
1773170211.249800839,0,0,9.83
1773170211.249800839,1,0,0.01
1773170212.272720431,0,0,9.83
1773170212.272720431,1,0,0.01
1773170213.295226108,0,0,9.83
1773170213.295226108,1,0,0.01
1773170214.319017141,0,0,9.83
1773170214.319017141,1,0,0.01
1773170215.342444388,0,0,9.83
1773170215.342444388,1,0,0.01
1773170216.365363073,0,0,9.83
1773170216.365363073,1,0,0.01
1773170217.388723991,0,0,9.83
1773170217.388723991,1,0,0.01
1773170218.410976472,0,0,9.83
1773170218.410976472,1,0,0.01
1773170219.433641887,0,0,9.83
1773170219.433641887,1,0,0.01
1773170220.456700553,0,0,9.83
1773170220.456700553,1,0,0.01
1773170221.480237738,0,0,9.83
1773170221.480237738,1,0,0.01
1773170222.502197280,0,0,9.83
1773170222.502197280,1,0,0.01
1773170223.524148039,0,0,9.83
1773170223.524148039,1,0,0.01
1773170224.547093665,0,0,9.83
1773170224.547093665,1,0,0.01
1773170225.569867383,0,0,9.83
1773170225.569867383,1,0,0.01
1773170226.592857487,0,0,9.83
1773170226.592857487,1,0,0.01
1773170227.615625990,0,0,9.83
1773170227.615625990,1,0,0.01
1773170228.638808022,0,0,9.83
1773170228.638808022,1,0,0.01
1773170229.661589763,0,0,9.83
1773170229.661589763,1,0,0.01
1773170230.683853844,0,0,9.83
1773170230.683853844,1,0,0.01
1773170231.707336196,0,0,9.83
1773170231.707336196,1,0,0.01
1773170232.730563122,0,0,9.83
1773170232.730563122,1,0,0.01
1773170233.753065049,0,0,9.83
1773170233.753065049,1,0,0.01
1773170234.776324712,0,0,9.83
1773170234.776324712,1,0,0.01
1773170235.799727664,0,0,9.83
1773170235.799727664,1,0,0.01
1773170236.823143957,0,0,9.83
1773170236.823143957,1,0,0.01
1773170237.847366629,0,0,9.83
1773170237.847366629,1,0,0.01
1773170238.869377794,0,0,9.83
1773170238.869377794,1,0,0.01
1773170239.892136748,0,0,9.83
1773170239.892136748,1,0,0.01
1773170240.916009091,0,0,9.83
1773170240.916009091,1,0,0.01
1773170241.938875573,0,0,9.83
1773170241.938875573,1,0,0.01
1773170242.961337639,0,0,9.83
1773170242.961337639,1,0,0.01
1773170243.985777350,0,0,9.83
1773170243.985777350,1,0,0.01
1773170245.008985249,0,0,9.83
1773170245.008985249,1,0,0.01
1773170246.031746038,0,0,9.83
1773170246.031746038,1,0,0.01
1773170247.055430893,0,0,9.83
1773170247.055430893,1,0,0.01
1773170248.077419580,0,0,9.83
1773170248.077419580,1,0,0.01
1773170249.099621918,0,0,9.83
1773170249.099621918,1,0,0.01
1773170250.122543248,0,0,9.83
1773170250.122543248,1,0,0.01
1773170251.145327981,0,0,9.83
1773170251.145327981,1,0,0.01
1773170252.168315577,0,0,9.83
1773170252.168315577,1,0,0.01
1773170253.191263846,0,1,9.83
1773170253.191263846,1,0,0.01
1773170254.213773543,0,0,9.83
1773170254.213773543,1,0,0.01
1773170255.236929614,0,0,9.83
1773170255.236929614,1,0,0.01
1773170256.259098614,0,0,9.83
1773170256.259098614,1,0,0.01
1773170257.282167017,0,0,9.83
1773170257.282167017,1,0,0.01
1773170258.304976664,0,0,9.83
1773170258.304976664,1,0,0.01
1773170259.327560337,0,0,9.83
1773170259.327560337,1,0,0.01
1773170260.349585724,0,67,9.83
1773170260.349585724,1,0,0.01
1773170261.371914331,0,70,9.83
1773170261.371914331,1,0,0.01
1773170262.394815568,0,0,9.83
1773170262.394815568,1,0,0.01
1773170263.417421859,0,0,9.83
1773170263.417421859,1,0,0.01
1773170264.440304655,0,0,9.83
1773170264.440304655,1,0,0.01
1773170265.463456106,0,0,9.83
1773170265.463456106,1,0,0.01
1773170266.486238620,0,0,9.83
1773170266.486238620,1,0,0.01
1773170267.508990430,0,0,9.83
1773170267.508990430,1,0,0.01
1773170268.530479070,0,0,9.83
1773170268.530479070,1,0,0.01
1773170269.553952291,0,0,9.83
1773170269.553952291,1,0,0.01
1773170270.577343952,0,0,9.83
1773170270.577343952,1,0,0.01
1773170271.599181308,0,0,9.83
1773170271.599181308,1,0,0.01
1773170272.620343792,0,0,9.83
1773170272.620343792,1,0,0.01
1773170273.643250574,0,0,9.83
1773170273.643250574,1,0,0.01
1773170274.666553607,0,0,9.83
1773170274.666553607,1,0,0.01
1773170275.689268268,0,0,9.83
1773170275.689268268,1,0,0.01
1773170276.712380738,0,0,9.83
1773170276.712380738,1,0,0.01
1773170277.735477999,0,0,9.83
1773170277.735477999,1,0,0.01
1773170278.757931150,0,0,9.83
1773170278.757931150,1,0,0.01
1773170279.780247312,0,0,9.83
1773170279.780247312,1,0,0.01
1773170280.802899905,0,0,9.83
1773170280.802899905,1,0,0.01
1773170281.824957418,0,0,9.83
1773170281.824957418,1,0,0.01
1773170282.848132935,0,0,9.83
1773170282.848132935,1,0,0.01
1773170283.870225026,0,0,9.83
1773170283.870225026,1,0,0.01
1773170284.893378458,0,0,9.83
1773170284.893378458,1,0,0.01
1773170285.915236697,0,0,9.83
1773170285.915236697,1,0,0.01
1773170286.937690649,0,0,9.83
1773170286.937690649,1,0,0.01
1773170287.960543967,0,0,9.83
1773170287.960543967,1,0,0.01
1773170288.983285944,0,0,9.83
1773170288.983285944,1,0,0.01
1773170290.005905741,0,0,9.83
1773170290.005905741,1,0,0.01
1773170291.030017146,0,0,9.83
1773170291.030017146,1,0,0.01
1773170292.053454064,0,0,9.83
1773170292.053454064,1,0,0.01
1773170293.076762694,0,0,9.83
1773170293.076762694,1,0,0.01
1773170294.099515558,0,0,9.83
1773170294.099515558,1,0,0.01
1773170295.123438112,0,0,9.83
1773170295.123438112,1,0,0.01
1773170296.147941272,0,0,9.83
1773170296.147941272,1,0,0.01
1773170297.171041824,0,0,9.83
1773170297.171041824,1,0,0.01
1773170298.193632366,0,0,9.83
1773170298.193632366,1,0,0.01
1773170299.216717859,0,0,9.83
1773170299.216717859,1,0,0.01
1773170300.240878364,0,0,9.83
1773170300.240878364,1,0,0.01
1773170301.265411044,0,0,9.83
1773170301.265411044,1,0,0.01
1773170302.287786113,0,0,9.83
1773170302.287786113,1,0,0.01
1773170303.311476339,0,0,9.83
1773170303.311476339,1,0,0.01
1773170304.335335707,0,0,9.83
1773170304.335335707,1,0,0.01
1773170305.358762018,0,0,9.83
1773170305.358762018,1,0,0.01
1773170306.381455904,0,0,9.83
1773170306.381455904,1,0,0.01
1773170307.405136738,0,0,9.83
1773170307.405136738,1,0,0.01
1773170308.428867788,0,1,9.83
1773170308.428867788,1,0,0.01
1773170309.450785479,0,0,9.83
1773170309.450785479,1,0,0.01
1773170310.472986475,0,0,9.83
1773170310.472986475,1,0,0.01
1773170311.495772371,0,0,9.83
1773170311.495772371,1,0,0.01
1773170312.517949513,0,0,9.83
1773170312.517949513,1,0,0.01
1773170313.539850523,0,0,9.83
1773170313.539850523,1,0,0.01
1773170314.561767298,0,1,9.83
1773170314.561767298,1,0,0.01
1773170315.583497335,0,0,9.83
1773170315.583497335,1,0,0.01
1773170316.606034875,0,0,9.83
1773170316.606034875,1,0,0.01
1773170317.628448342,0,0,9.83
1773170317.628448342,1,0,0.01
1773170318.651118584,0,0,9.83
1773170318.651118584,1,0,0.01
1773170319.674189424,0,1,9.83
1773170319.674189424,1,0,0.01
1773170320.696646070,0,0,9.83
1773170320.696646070,1,0,0.01
1773170321.719574260,0,0,9.83
1773170321.719574260,1,0,0.01
1773170322.743076082,0,0,9.83
1773170322.743076082,1,0,0.01
1773170323.764095022,0,0,9.83
1773170323.764095022,1,0,0.01
1773170324.786277659,0,0,9.83
1773170324.786277659,1,0,0.01
1773170325.809117975,0,0,9.83
1773170325.809117975,1,0,0.01
1773170326.833074444,0,0,9.83
1773170326.833074444,1,0,0.01
1773170327.858233284,0,0,9.83
1773170327.858233284,1,0,0.01
1773170328.880632758,0,0,9.83
1773170328.880632758,1,0,0.01
1773170329.902747322,0,0,9.83
1773170329.902747322,1,0,0.01
1773170330.926634700,0,0,9.83
1773170330.926634700,1,0,0.01
1773170331.950485721,0,0,9.83
1773170331.950485721,1,0,0.01
1773170332.974776365,0,0,9.83
1773170332.974776365,1,0,0.01
1773170333.997125270,0,0,9.83
1773170333.997125270,1,0,0.01
1773170335.020760839,0,0,9.83
1773170335.020760839,1,0,0.01
1773170336.043834627,0,0,9.83
1773170336.043834627,1,0,0.01
1773170337.067452847,0,0,9.83
1773170337.067452847,1,0,0.01
1773170338.091565742,0,0,9.83
1773170338.091565742,1,0,0.01
1773170339.114565053,0,0,9.83
1773170339.114565053,1,0,0.01
1773170340.137482965,0,1,9.83
1773170340.137482965,1,0,0.01
1773170341.159792322,0,0,9.83
1773170341.159792322,1,0,0.01
1773170342.183038913,0,0,9.83
1773170342.183038913,1,0,0.01
1773170343.205404655,0,0,9.83
1773170343.205404655,1,0,0.01
1773170344.228516819,0,0,9.83
1773170344.228516819,1,0,0.01
1773170345.251861110,0,0,9.83
1773170345.251861110,1,0,0.01
1773170346.275776602,0,0,9.83
1773170346.275776602,1,0,0.01
1773170347.297122031,0,0,9.83
1773170347.297122031,1,0,0.01
1773170348.320604805,0,0,9.83
1773170348.320604805,1,0,0.01
1773170349.343456535,0,0,9.83
1773170349.343456535,1,0,0.01
1773170350.365766847,0,0,9.83
1773170350.365766847,1,0,0.01
1773170351.388477933,0,0,9.83
1773170351.388477933,1,0,0.01
1773170352.410870212,0,0,9.83
1773170352.410870212,1,0,0.01
1773170353.433685075,0,0,9.83
1773170353.433685075,1,0,0.01
1773170354.456880049,0,0,9.83
1773170354.456880049,1,0,0.01
1773170355.479068359,0,0,9.83
1773170355.479068359,1,0,0.01
1773170356.500426036,0,0,9.83
1773170356.500426036,1,0,0.01
1773170357.522257246,0,0,9.83
1773170357.522257246,1,0,0.01
1773170358.545295916,0,0,9.83
1773170358.545295916,1,0,0.01
1773170359.567247010,0,0,9.83
1773170359.567247010,1,0,0.01
1773170360.590230156,0,0,9.83
1773170360.590230156,1,0,0.01
1773170361.614498459,0,0,9.83
1773170361.614498459,1,0,0.01
1773170362.637434017,0,0,9.83
1773170362.637434017,1,0,0.01
1773170363.660413309,0,0,9.83
1773170363.660413309,1,0,0.01
1773170364.683857060,0,0,9.83
1773170364.683857060,1,0,0.01
1773170365.706935131,0,0,9.83
1773170365.706935131,1,0,0.01
1773170366.729563280,0,0,9.83
1773170366.729563280,1,0,0.01
1773170367.752723702,0,0,9.83
1773170367.752723702,1,0,0.01
1773170368.776384966,0,0,9.83
1773170368.776384966,1,0,0.01
1773170369.800949494,0,0,9.83
1773170369.800949494,1,0,0.01
1773170370.824637542,0,0,9.83
1773170370.824637542,1,0,0.01
1773170371.846344088,0,0,9.83
1773170371.846344088,1,0,0.01
1773170372.869456506,0,0,9.83
1773170372.869456506,1,0,0.01
1773170373.892806574,0,0,9.83
1773170373.892806574,1,0,0.01
1773170374.916355875,0,0,9.83
1773170374.916355875,1,0,0.01
1773170375.938154987,0,0,9.83
1773170375.938154987,1,0,0.01
1773170376.961096452,0,0,9.83
1773170376.961096452,1,0,0.01
1773170377.984590827,0,0,9.83
1773170377.984590827,1,0,0.01
1773170379.007669819,0,0,9.83
1773170379.007669819,1,0,0.01
1773170380.030215853,0,0,9.83
1773170380.030215853,1,0,0.01
1773170381.053196336,0,0,9.83
1773170381.053196336,1,0,0.01
1773170382.076001253,0,0,9.83
1773170382.076001253,1,0,0.01
1773170383.098868859,0,0,9.83
1773170383.098868859,1,0,0.01
1773170384.121977882,0,0,9.83
1773170384.121977882,1,0,0.01
1773170385.145274014,0,0,9.83
1773170385.145274014,1,0,0.01
1773170386.170136277,0,0,9.83
1773170386.170136277,1,0,0.01
1773170387.193881062,0,0,9.83
1773170387.193881062,1,0,0.01
1773170388.217110630,0,0,9.83
1773170388.217110630,1,0,0.01
1773170389.242019333,0,0,9.83
1773170389.242019333,1,0,0.01
1773170390.265260382,0,0,9.83
1773170390.265260382,1,0,0.01
1773170391.289122794,0,0,9.83
1773170391.289122794,1,0,0.01
1773170392.312828148,0,0,9.83
1773170392.312828148,1,0,0.01
1773170393.337346199,0,66,9.83
1773170393.337346199,1,0,0.01
1773170394.361104291,0,68,9.83
1773170394.361104291,1,0,0.01
1773170395.383816288,0,0,9.83
1773170395.383816288,1,0,0.01
1773170396.407001622,0,0,9.83
1773170396.407001622,1,0,0.01
1773170397.429923418,0,0,9.83
1773170397.429923418,1,0,0.01
1773170398.453764934,0,0,9.83
1773170398.453764934,1,0,0.01
1773170399.476757041,0,0,9.83
1773170399.476757041,1,0,0.01
1773170400.499668767,0,0,9.83
1773170400.499668767,1,0,0.01
1773170401.523394295,0,0,9.83
1773170401.523394295,1,0,0.01
1773170402.545913482,0,0,9.83
1773170402.545913482,1,0,0.01
1773170403.568758747,0,0,9.83
1773170403.568758747,1,0,0.01
1773170404.591860981,0,0,9.83
1773170404.591860981,1,0,0.01
1773170405.615466485,0,0,9.83
1773170405.615466485,1,0,0.01
1773170406.638292023,0,0,9.83
1773170406.638292023,1,0,0.01
1773170407.661704120,0,0,9.83
1773170407.661704120,1,0,0.01
1773170408.684657831,0,0,9.83
1773170408.684657831,1,0,0.01
1773170409.707545148,0,0,9.83
1773170409.707545148,1,0,0.01
1773170410.731116996,0,0,9.83
1773170410.731116996,1,0,0.01
1773170411.754443590,0,0,9.83
1773170411.754443590,1,0,0.01
1773170412.777095091,0,0,9.83
1773170412.777095091,1,0,0.01
1773170413.801178343,0,0,9.83
1773170413.801178343,1,0,0.01
1773170414.824024548,0,0,9.83
1773170414.824024548,1,0,0.01
1773170415.848529131,0,0,9.83
1773170415.848529131,1,0,0.01
1773170416.872043662,0,0,9.83
1773170416.872043662,1,0,0.01
1773170417.896010101,0,0,9.83
1773170417.896010101,1,0,0.01
1773170418.918662851,0,0,9.83
1773170418.918662851,1,0,0.01
1773170419.941327517,0,0,9.83
1773170419.941327517,1,0,0.01
1773170420.964005382,0,0,9.83
1773170420.964005382,1,0,0.01
1773170421.987465212,0,0,9.83
1773170421.987465212,1,0,0.01
1773170423.010239506,0,0,9.83
1773170423.010239506,1,0,0.01
1773170424.032895754,0,0,9.83
1773170424.032895754,1,0,0.01
1773170425.054948083,0,0,9.83
1773170425.054948083,1,0,0.01
1773170426.078709274,0,0,9.83
1773170426.078709274,1,0,0.01
1773170427.100638994,0,0,9.83
1773170427.100638994,1,0,0.01
1773170428.123207291,0,0,9.83
1773170428.123207291,1,0,0.01
1773170429.146020141,0,0,9.83
1773170429.146020141,1,0,0.01
1773170430.168614018,0,0,9.83
1773170430.168614018,1,0,0.01
1773170431.190782624,0,0,9.83
1773170431.190782624,1,0,0.01
1773170432.213344817,0,0,9.83
1773170432.213344817,1,0,0.01
1773170433.237233403,0,0,9.83
1773170433.237233403,1,0,0.01
1773170434.260102766,0,0,9.83
1773170434.260102766,1,0,0.01
1773170435.282693830,0,0,9.83
1773170435.282693830,1,0,0.01
1773170436.305309260,0,0,9.83
1773170436.305309260,1,0,0.01
1773170437.327375523,0,0,9.83
1773170437.327375523,1,0,0.01
1773170438.349969786,0,0,9.83
1773170438.349969786,1,0,0.01
1773170439.373137148,0,0,9.83
1773170439.373137148,1,0,0.01
1773170440.395204790,0,0,9.83
1773170440.395204790,1,0,0.01
1773170441.418722557,0,0,9.83
1773170441.418722557,1,0,0.01
1773170442.441963423,0,0,9.83
1773170442.441963423,1,0,0.01
1773170443.464358456,0,0,9.83
1773170443.464358456,1,0,0.01
1773170444.486233213,0,0,9.83
1773170444.486233213,1,0,0.01
1773170445.508611785,0,0,9.83
1773170445.508611785,1,0,0.01
1773170446.530963918,0,0,9.83
1773170446.530963918,1,0,0.01
1773170447.553645352,0,0,9.83
1773170447.553645352,1,0,0.01
1773170448.576860515,0,0,9.83
1773170448.576860515,1,0,0.01
1773170449.600476869,0,0,9.83
1773170449.600476869,1,0,0.01
1773170450.622861623,0,0,9.83
1773170450.622861623,1,0,0.01
1773170451.645655860,0,0,9.83
1773170451.645655860,1,0,0.01
1773170452.669475129,0,0,9.83
1773170452.669475129,1,0,0.01
1773170453.692451672,0,0,9.83
1773170453.692451672,1,0,0.01
1773170454.715316863,0,0,9.83
1773170454.715316863,1,0,0.01
1773170455.738188676,0,0,9.83
1773170455.738188676,1,0,0.01
1773170456.760750906,0,0,9.83
1773170456.760750906,1,0,0.01
1773170457.783626458,0,0,9.83
1773170457.783626458,1,0,0.01
1773170458.806342834,0,0,9.83
1773170458.806342834,1,0,0.01
1773170459.829180217,0,0,9.83
1773170459.829180217,1,0,0.01
1773170460.851904096,0,0,9.83
1773170460.851904096,1,0,0.01
1773170461.875930190,0,0,9.83
1773170461.875930190,1,0,0.01
1773170462.898220134,0,0,9.83
1773170462.898220134,1,0,0.01
1773170463.921282955,0,0,9.83
1773170463.921282955,1,0,0.01
1773170464.943915317,0,0,9.83
1773170464.943915317,1,0,0.01
1773170465.966305944,0,0,9.83
1773170465.966305944,1,0,0.01
1773170466.988867952,0,0,9.83
1773170466.988867952,1,0,0.01
1773170468.010907909,0,0,9.83
1773170468.010907909,1,0,0.01
1773170469.034574644,0,0,9.83
1773170469.034574644,1,0,0.01
1773170470.057661744,0,1,9.83
1773170470.057661744,1,0,0.01
1773170471.080444589,0,0,9.83
1773170471.080444589,1,0,0.01
1773170472.103569772,0,0,9.83
1773170472.103569772,1,0,0.01
1773170473.126779975,0,0,9.83
1773170473.126779975,1,0,0.01
1773170474.148523179,0,0,9.83
1773170474.148523179,1,0,0.01
1773170475.170737092,0,0,9.83
1773170475.170737092,1,0,0.01
1773170476.192902028,0,0,9.83
1773170476.192902028,1,0,0.01
1773170477.215545036,0,0,9.83
1773170477.215545036,1,0,0.01
1773170478.238221319,0,0,9.83
1773170478.238221319,1,0,0.01
1773170479.260679908,0,0,9.83
1773170479.260679908,1,0,0.01
1773170480.283299404,0,0,9.83
1773170480.283299404,1,0,0.01
1773170481.305988491,0,0,9.83
1773170481.305988491,1,0,0.01
1773170482.329664936,0,0,9.83
1773170482.329664936,1,0,0.01
1773170483.353622827,0,0,9.83
1773170483.353622827,1,0,0.01
1773170484.378214267,0,0,9.83
1773170484.378214267,1,0,0.01
1773170485.401462131,0,0,9.83
1773170485.401462131,1,0,0.01
1773170486.423697239,0,0,9.83
1773170486.423697239,1,0,0.01
1773170487.445874663,0,0,9.83
1773170487.445874663,1,0,0.01
1773170488.468729556,0,0,9.83
1773170488.468729556,1,0,0.01
1773170489.490815763,0,0,9.83
1773170489.490815763,1,0,0.01
1773170490.513736751,0,0,9.83
1773170490.513736751,1,0,0.01
1773170491.537021158,0,0,9.83
1773170491.537021158,1,0,0.01
1773170492.559857980,0,0,9.83
1773170492.559857980,1,0,0.01
1773170493.582960860,0,0,9.83
1773170493.582960860,1,0,0.01
1773170494.604579048,0,75,9.83
1773170494.604579048,1,0,0.01
1773170495.627851100,0,71,9.83
1773170495.627851100,1,0,0.01
1773170496.650711677,0,0,9.83
1773170496.650711677,1,0,0.01
1773170497.672447297,0,0,9.83
1773170497.672447297,1,0,0.01
1773170498.695265621,0,0,9.83
1773170498.695265621,1,0,0.01
1773170499.718565112,0,0,9.83
1773170499.718565112,1,0,0.01
1773170500.741218799,0,0,9.83
1773170500.741218799,1,0,0.01
1773170501.763963573,0,0,9.83
1773170501.763963573,1,0,0.01
1773170502.788071217,0,0,9.83
1773170502.788071217,1,0,0.01
1773170503.810485893,0,0,9.83
1773170503.810485893,1,0,0.01
1773170504.832746793,0,0,9.83
1773170504.832746793,1,0,0.01
1773170505.855736456,0,0,9.83
1773170505.855736456,1,0,0.01
1773170506.878772987,0,0,9.83
1773170506.878772987,1,0,0.01
1773170507.901496259,0,0,9.83
1773170507.901496259,1,0,0.01
1773170508.924528570,0,0,9.83
1773170508.924528570,1,0,0.01
1773170509.946836240,0,0,9.83
1773170509.946836240,1,0,0.01
1773170510.969698585,0,0,9.83
1773170510.969698585,1,0,0.01
1773170511.992839252,0,0,9.83
1773170511.992839252,1,0,0.01
1773170513.017003411,0,0,9.83
1773170513.017003411,1,0,0.01
1773170514.041150973,0,0,9.83
1773170514.041150973,1,0,0.01
1773170515.064285026,0,0,9.83
1773170515.064285026,1,0,0.01
1773170516.086764537,0,0,9.83
1773170516.086764537,1,0,0.01
1773170517.110178942,0,0,9.83
1773170517.110178942,1,0,0.01
1773170518.133029213,0,0,9.83
1773170518.133029213,1,0,0.01
1773170519.157319117,0,0,9.83
1773170519.157319117,1,0,0.01
1773170520.180235570,0,0,9.83
1773170520.180235570,1,0,0.01
1773170521.202364085,0,0,9.83
1773170521.202364085,1,0,0.01
1773170522.224728408,0,0,9.83
1773170522.224728408,1,0,0.01
1773170523.248411204,0,0,9.83
1773170523.248411204,1,0,0.01
1773170524.271785199,0,0,9.83
1773170524.271785199,1,0,0.01
1773170525.294909447,0,0,9.83
1773170525.294909447,1,0,0.01
1773170526.318175312,0,0,9.83
1773170526.318175312,1,0,0.01
1773170527.340900914,0,0,9.83
1773170527.340900914,1,0,0.01
1773170528.363622133,0,0,9.83
1773170528.363622133,1,0,0.01
1773170529.386064690,0,0,9.83
1773170529.386064690,1,0,0.01
1773170530.411392355,0,0,9.83
1773170530.411392355,1,0,0.01
1773170531.433460840,0,0,9.83
1773170531.433460840,1,0,0.01
1773170532.456920078,0,0,9.83
1773170532.456920078,1,0,0.01
1773170533.480324427,0,0,9.83
1773170533.480324427,1,0,0.01
1773170534.505880728,0,0,9.83
1773170534.505880728,1,0,0.01
1773170535.528095960,0,0,9.83
1773170535.528095960,1,0,0.01
1773170536.551809119,0,0,9.83
1773170536.551809119,1,0,0.01
1773170537.575043124,0,0,9.83
1773170537.575043124,1,0,0.01
1773170538.598442002,0,0,9.83
1773170538.598442002,1,0,0.01
1773170539.621446926,0,0,9.83
1773170539.621446926,1,0,0.01
1773170540.644550699,0,0,9.83
1773170540.644550699,1,0,0.01
1773170541.668231018,0,0,9.83
1773170541.668231018,1,0,0.01
1773170542.690839201,0,0,9.83
1773170542.690839201,1,0,0.01
1773170543.714902766,0,0,9.83
1773170543.714902766,1,0,0.01
1773170544.737211952,0,0,9.83
1773170544.737211952,1,0,0.01
1773170545.760963422,0,0,9.83
1773170545.760963422,1,0,0.01
1773170546.783551821,0,0,9.83
1773170546.783551821,1,0,0.01
1773170547.806691341,0,0,9.83
1773170547.806691341,1,0,0.01
1773170548.829844932,0,0,9.83
1773170548.829844932,1,0,0.01
1773170549.852229427,0,0,9.83
1773170549.852229427,1,0,0.01
1773170550.875874654,0,0,9.83
1773170550.875874654,1,0,0.01
1773170551.900037363,0,0,9.83
1773170551.900037363,1,0,0.01
1773170552.922877782,0,0,9.83
1773170552.922877782,1,0,0.01
1773170553.946964993,0,0,9.83
1773170553.946964993,1,0,0.01
1773170554.968932020,0,0,9.83
1773170554.968932020,1,0,0.01
1773170555.993264793,0,0,9.83
1773170555.993264793,1,0,0.01
1773170557.016273615,0,0,9.83
1773170557.016273615,1,0,0.01
1773170558.038953228,0,0,9.83
1773170558.038953228,1,0,0.01
1773170559.061903807,0,1,9.83
1773170559.061903807,1,0,0.01
1773170560.084407691,0,0,9.83
1773170560.084407691,1,0,0.01
1773170561.108062630,0,0,9.83
1773170561.108062630,1,0,0.01
1773170562.130579147,0,63,9.83
1773170562.130579147,1,0,0.01
1773170563.152272704,0,62,9.83
1773170563.152272704,1,0,0.01
1773170564.176158538,0,0,9.83
1773170564.176158538,1,0,0.01
1773170565.198016181,0,0,9.83
1773170565.198016181,1,0,0.01
1773170566.220111285,0,0,9.83
1773170566.220111285,1,0,0.01
1773170567.242629813,0,0,9.83
1773170567.242629813,1,0,0.01
1773170568.264633405,0,0,9.83
1773170568.264633405,1,0,0.01
1773170569.287220320,0,0,9.83
1773170569.287220320,1,0,0.01
1773170570.310984758,0,0,9.83
1773170570.310984758,1,0,0.01
1773170571.333824570,0,0,9.83
1773170571.333824570,1,0,0.01
1773170572.356020594,0,0,9.83
1773170572.356020594,1,0,0.01
1773170573.379172729,0,0,9.83
1773170573.379172729,1,0,0.01
1773170574.401472700,0,0,9.83
1773170574.401472700,1,0,0.01
1773170575.425245564,0,0,9.83
1773170575.425245564,1,0,0.01
1773170576.448264576,0,0,9.83
1773170576.448264576,1,0,0.01
1773170577.470888389,0,0,9.83
1773170577.470888389,1,0,0.01
1773170578.493931507,0,0,9.83
1773170578.493931507,1,0,0.01
1773170579.515987212,0,0,9.83
1773170579.515987212,1,0,0.01
1773170580.538138235,0,0,9.83
1773170580.538138235,1,0,0.01
1773170581.562112621,0,0,9.83
1773170581.562112621,1,0,0.01
1773170582.584923429,0,0,9.83
1773170582.584923429,1,0,0.01
1773170583.608613746,0,0,9.83
1773170583.608613746,1,0,0.01
1773170584.631016323,0,0,9.83
1773170584.631016323,1,0,0.01
1773170585.653899418,0,0,9.83
1773170585.653899418,1,0,0.01
1773170586.676490527,0,0,9.83
1773170586.676490527,1,0,0.01
1773170587.699456026,0,0,9.83
1773170587.699456026,1,0,0.01
1773170588.721958726,0,54,9.83
1773170588.721958726,1,0,0.01
1773170589.744934534,0,69,9.83
1773170589.744934534,1,0,0.01
1773170590.768528809,0,12,9.83
1773170590.768528809,1,0,0.01
1773170591.791334596,0,0,9.83
1773170591.791334596,1,0,0.01
1773170592.814128656,0,0,9.83
1773170592.814128656,1,0,0.01
1773170593.836684206,0,0,9.83
1773170593.836684206,1,0,0.01
1773170594.858830425,0,0,9.83
1773170594.858830425,1,0,0.01
1773170595.882367741,0,0,9.83
1773170595.882367741,1,0,0.01
1773170596.904142031,0,0,9.83
1773170596.904142031,1,0,0.01
1773170597.927243751,0,0,9.83
1773170597.927243751,1,0,0.01
1773170598.950129197,0,0,9.83
1773170598.950129197,1,0,0.01
1773170599.972380638,0,0,9.83
1773170599.972380638,1,0,0.01
1773170600.996752568,0,0,9.83
1773170600.996752568,1,0,0.01
1773170602.019057849,0,0,9.83
1773170602.019057849,1,0,0.01
1773170603.042735674,0,0,9.83
1773170603.042735674,1,0,0.01
1773170604.065706119,0,0,9.83
1773170604.065706119,1,0,0.01
1773170605.089175998,0,0,9.83
1773170605.089175998,1,0,0.01
1773170606.111291155,0,0,9.83
1773170606.111291155,1,0,0.01
1773170607.134492314,0,0,9.83
1773170607.134492314,1,0,0.01
1773170608.156060202,0,1,9.83
1773170608.156060202,1,0,0.01
1773170609.179697807,0,0,9.83
1773170609.179697807,1,0,0.01
1773170610.201834866,0,0,9.83
1773170610.201834866,1,0,0.01
1773170611.224061620,0,0,9.83
1773170611.224061620,1,0,0.01
1773170612.247075192,0,0,9.83
1773170612.247075192,1,0,0.01
1773170613.268154583,0,0,9.83
1773170613.268154583,1,0,0.01
1773170614.291475852,0,0,9.83
1773170614.291475852,1,0,0.01
1773170615.314127941,0,1,9.83
1773170615.314127941,1,0,0.01
1773170616.336835455,0,0,9.83
1773170616.336835455,1,0,0.01
1773170617.359701623,0,0,9.83
1773170617.359701623,1,0,0.01
1773170618.382609992,0,0,9.83
1773170618.382609992,1,0,0.01
1773170619.406111142,0,0,9.83
1773170619.406111142,1,0,0.01
1773170620.429147737,0,0,9.83
1773170620.429147737,1,0,0.01
1773170621.452443902,0,0,9.83
1773170621.452443902,1,0,0.01
1773170622.475514701,0,0,9.83
1773170622.475514701,1,0,0.01
1773170623.498474104,0,0,9.83
1773170623.498474104,1,0,0.01
1773170624.521687923,0,0,9.83
1773170624.521687923,1,0,0.01
1773170625.544607455,0,0,9.83
1773170625.544607455,1,0,0.01
1773170626.567964348,0,0,9.83
1773170626.567964348,1,0,0.01
1773170627.592166878,0,0,9.83
1773170627.592166878,1,0,0.01
1773170628.615537244,0,0,9.83
1773170628.615537244,1,0,0.01
1773170629.639812776,0,0,9.83
1773170629.639812776,1,0,0.01
1773170630.662411783,0,0,9.83
1773170630.662411783,1,0,0.01
1773170631.685879154,0,0,9.83
1773170631.685879154,1,0,0.01
1773170632.710366612,0,0,9.83
1773170632.710366612,1,0,0.01
1773170633.733913460,0,0,9.83
1773170633.733913460,1,0,0.01
1773170634.756711422,0,0,9.83
1773170634.756711422,1,0,0.01
1773170635.779973377,0,0,9.83
1773170635.779973377,1,0,0.01
1773170636.802458513,0,0,9.83
1773170636.802458513,1,0,0.01
1773170637.824690065,0,0,9.83
1773170637.824690065,1,0,0.01
1773170638.846817084,0,0,9.83
1773170638.846817084,1,0,0.01
1773170639.870037671,0,0,9.83
1773170639.870037671,1,0,0.01
1773170640.892773488,0,0,9.83
1773170640.892773488,1,0,0.01
1773170641.916810748,0,0,9.83
1773170641.916810748,1,0,0.01
1773170642.939251410,0,0,9.83
1773170642.939251410,1,0,0.01
1773170643.961515044,0,0,9.83
1773170643.961515044,1,0,0.01
1773170644.983567222,0,0,9.83
1773170644.983567222,1,0,0.01
1773170646.006721336,0,0,9.83
1773170646.006721336,1,0,0.01
1773170647.030057808,0,0,9.83
1773170647.030057808,1,0,0.01
1773170648.053406203,0,0,9.83
1773170648.053406203,1,0,0.01
1773170649.076211407,0,0,9.83
1773170649.076211407,1,0,0.01
1773170650.097939254,0,0,9.83
1773170650.097939254,1,0,0.01
1773170651.120453460,0,0,9.83
1773170651.120453460,1,0,0.01
1773170652.143146344,0,0,9.83
1773170652.143146344,1,0,0.01
1773170653.165485674,0,0,9.83
1773170653.165485674,1,0,0.01
1773170654.187847404,0,0,9.83
1773170654.187847404,1,0,0.01
1773170655.210132566,0,0,9.83
1773170655.210132566,1,0,0.01
1773170656.232456901,0,0,9.83
1773170656.232456901,1,0,0.01
1773170657.253949490,0,0,9.83
1773170657.253949490,1,0,0.01
1773170658.276843708,0,0,9.83
1773170658.276843708,1,0,0.01
1773170659.299768300,0,0,9.83
1773170659.299768300,1,0,0.01
1773170660.323383378,0,0,9.83
1773170660.323383378,1,0,0.01
1773170661.346483040,0,0,9.83
1773170661.346483040,1,0,0.01
1773170662.369712882,0,0,9.83
1773170662.369712882,1,0,0.01
1773170663.393244244,0,0,9.83
1773170663.393244244,1,0,0.01
1773170664.416761882,0,0,9.83
1773170664.416761882,1,0,0.01
1773170665.441162204,0,0,9.83
1773170665.441162204,1,0,0.01
1773170666.464067172,0,0,9.83
1773170666.464067172,1,0,0.01
1773170667.487385543,0,0,9.83
1773170667.487385543,1,0,0.01
1773170668.510588964,0,0,9.83
1773170668.510588964,1,0,0.01
1773170669.532755743,0,0,9.83
1773170669.532755743,1,0,0.01
1773170670.555706319,0,0,9.83
1773170670.555706319,1,0,0.01
1773170671.578423328,0,0,9.83
1773170671.578423328,1,0,0.01
1773170672.601718854,0,0,9.83
1773170672.601718854,1,0,0.01
1773170673.625043725,0,0,9.83
1773170673.625043725,1,0,0.01
1773170674.648380384,0,0,9.83
1773170674.648380384,1,0,0.01
1773170675.672795656,0,0,9.83
1773170675.672795656,1,0,0.01
1773170676.696892067,0,0,9.83
1773170676.696892067,1,0,0.01
1773170677.720745519,0,0,9.83
1773170677.720745519,1,0,0.01
1773170678.742971425,0,0,9.83
1773170678.742971425,1,0,0.01
1773170679.767046811,0,0,9.83
1773170679.767046811,1,0,0.01
1773170680.790752697,0,0,9.83
1773170680.790752697,1,0,0.01
1773170681.813120346,0,0,9.83
1773170681.813120346,1,0,0.01
1773170682.835309794,0,0,9.83
1773170682.835309794,1,0,0.01
1773170683.857602870,0,71,9.83
1773170683.857602870,1,0,0.01
1773170684.881065321,0,67,9.83
1773170684.881065321,1,0,0.01
1773170685.904856091,0,33,9.83
1773170685.904856091,1,0,0.01
1773170686.928312184,0,0,9.83
1773170686.928312184,1,0,0.01
1773170687.951696764,0,0,9.83
1773170687.951696764,1,0,0.01
1773170688.974133666,0,0,9.83
1773170688.974133666,1,0,0.01
1773170689.995714927,0,0,9.83
1773170689.995714927,1,0,0.01
1773170691.018298098,0,0,9.83
1773170691.018298098,1,0,0.01
1773170692.040843201,0,0,9.83
1773170692.040843201,1,0,0.01
1773170693.062640545,0,0,9.83
1773170693.062640545,1,0,0.01
1773170694.085304171,0,0,9.83
1773170694.085304171,1,0,0.01
1773170695.108230473,0,0,9.83
1773170695.108230473,1,0,0.01
1773170696.130074489,0,0,9.83
1773170696.130074489,1,0,0.01
1773170697.153393484,0,0,9.83
1773170697.153393484,1,0,0.01
1773170698.175793316,0,0,9.83
1773170698.175793316,1,0,0.01
1773170699.198005768,0,0,9.83
1773170699.198005768,1,0,0.01
1773170700.221276503,0,0,9.83
1773170700.221276503,1,0,0.01
1773170701.244438295,0,0,9.83
1773170701.244438295,1,0,0.01
1773170702.266582513,0,0,9.83
1773170702.266582513,1,0,0.01
1773170703.288213593,0,0,9.83
1773170703.288213593,1,0,0.01
1773170704.310771538,0,0,9.83
1773170704.310771538,1,0,0.01
1773170705.333270105,0,0,9.83
1773170705.333270105,1,0,0.01
1773170706.355415947,0,0,9.83
1773170706.355415947,1,0,0.01
1773170707.377871563,0,0,9.83
1773170707.377871563,1,0,0.01
1773170708.399607906,0,0,9.83
1773170708.399607906,1,0,0.01
1773170709.422805363,0,0,9.83
1773170709.422805363,1,0,0.01
1773170710.446555505,0,0,9.83
1773170710.446555505,1,0,0.01
1773170711.467511509,0,0,9.83
1773170711.467511509,1,0,0.01
1773170712.490043340,0,0,9.83
1773170712.490043340,1,0,0.01
1773170713.514856644,0,0,9.83
1773170713.514856644,1,0,0.01
1773170714.538339453,0,0,9.83
1773170714.538339453,1,0,0.01
1773170715.560213633,0,0,9.83
1773170715.560213633,1,0,0.01
1773170716.584024692,0,0,9.83
1773170716.584024692,1,0,0.01
1773170717.605411387,0,0,9.83
1773170717.605411387,1,0,0.01
1773170718.627373118,0,0,9.83
1773170718.627373118,1,0,0.01
1773170719.649912935,0,0,9.83
1773170719.649912935,1,0,0.01
1773170720.671398148,0,0,9.83
1773170720.671398148,1,0,0.01
1773170721.695262458,0,0,9.83
1773170721.695262458,1,0,0.01
1773170722.717196840,0,0,9.83
1773170722.717196840,1,0,0.01
1773170723.740160254,0,0,9.83
1773170723.740160254,1,0,0.01
1773170724.763109550,0,0,9.83
1773170724.763109550,1,0,0.01
1773170725.785385476,0,0,9.83
1773170725.785385476,1,0,0.01
1773170726.808420467,0,0,9.83
1773170726.808420467,1,0,0.01
1773170727.831746737,0,0,9.83
1773170727.831746737,1,0,0.01
1773170728.855259610,0,0,9.83
1773170728.855259610,1,0,0.01
1773170729.878310598,0,0,9.83
1773170729.878310598,1,0,0.01
1773170730.900651120,0,0,9.83
1773170730.900651120,1,0,0.01
1773170731.924827005,0,0,9.83
1773170731.924827005,1,0,0.01
1773170732.946951905,0,0,9.83
1773170732.946951905,1,0,0.01
1773170733.969508673,0,0,9.83
1773170733.969508673,1,0,0.01
1773170734.993479712,0,0,9.83
1773170734.993479712,1,0,0.01
1773170736.015526527,0,0,9.83
1773170736.015526527,1,0,0.01
1773170737.038761214,0,0,9.83
1773170737.038761214,1,0,0.01
1773170738.062282578,0,0,9.83
1773170738.062282578,1,0,0.01
1773170739.085711688,0,0,9.83
1773170739.085711688,1,0,0.01
1773170740.109738021,0,1,9.83
1773170740.109738021,1,0,0.01
1773170741.132126795,0,0,9.83
1773170741.132126795,1,0,0.01
1773170742.154494036,0,0,9.83
1773170742.154494036,1,0,0.01
1773170743.176647632,0,0,9.83
1773170743.176647632,1,0,0.01
1773170744.198244540,0,0,9.83
1773170744.198244540,1,0,0.01
1773170745.221421267,0,0,9.83
1773170745.221421267,1,0,0.01
1773170746.244072031,0,0,9.83
1773170746.244072031,1,0,0.01
1773170747.266585287,0,0,9.83
1773170747.266585287,1,0,0.01
1773170748.289261838,0,0,9.83
1773170748.289261838,1,0,0.01
1773170749.310750872,0,0,9.83
1773170749.310750872,1,0,0.01
1773170750.334455264,0,0,9.83
1773170750.334455264,1,0,0.01
1773170751.357828359,0,0,9.83
1773170751.357828359,1,0,0.01
1773170752.380956733,0,0,9.83
1773170752.380956733,1,0,0.01
1773170753.403226214,0,0,9.83
1773170753.403226214,1,0,0.01
1773170754.426497711,0,0,9.83
1773170754.426497711,1,0,0.01
1773170755.449620703,0,0,9.83
1773170755.449620703,1,0,0.01
1773170756.472749384,0,1,9.83
1773170756.472749384,1,0,0.01
1773170757.495182665,0,0,9.83
1773170757.495182665,1,0,0.01
1773170758.516760660,0,0,9.83
1773170758.516760660,1,0,0.01
1773170759.538252206,0,0,9.83
1773170759.538252206,1,0,0.01
1773170760.560395642,0,0,9.83
1773170760.560395642,1,0,0.01
1773170761.582838782,0,0,9.83
1773170761.582838782,1,0,0.01
1773170762.605502037,0,0,9.83
1773170762.605502037,1,0,0.01
1773170763.629042459,0,0,9.83
1773170763.629042459,1,0,0.01
1773170764.651027996,0,0,9.83
1773170764.651027996,1,0,0.01
1773170765.673814957,0,0,9.83
1773170765.673814957,1,0,0.01
1773170766.696637936,0,0,9.83
1773170766.696637936,1,0,0.01
1773170767.720037792,0,0,9.83
1773170767.720037792,1,0,0.01
1773170768.743319026,0,0,9.83
1773170768.743319026,1,0,0.01
1773170769.765557749,0,0,9.83
1773170769.765557749,1,0,0.01
1773170770.788881128,0,0,9.83
1773170770.788881128,1,0,0.01
1773170771.811461503,0,0,9.83
1773170771.811461503,1,0,0.01
1773170772.834421996,0,0,9.83
1773170772.834421996,1,0,0.01
1773170773.856860110,0,0,9.83
1773170773.856860110,1,0,0.01
1773170774.879422326,0,0,9.83
1773170774.879422326,1,0,0.01
1773170775.902319564,0,0,9.83
1773170775.902319564,1,0,0.01
1773170776.925135326,0,0,9.83
1773170776.925135326,1,0,0.01
1773170777.948003262,0,0,9.83
1773170777.948003262,1,0,0.01
1773170778.970810095,0,0,9.83
1773170778.970810095,1,0,0.01
1773170779.994059941,0,0,9.83
1773170779.994059941,1,0,0.01
1773170781.017326893,0,0,9.83
1773170781.017326893,1,0,0.01
1773170782.040279483,0,0,9.83
1773170782.040279483,1,0,0.01
1773170783.063510485,0,0,9.83
1773170783.063510485,1,0,0.01
1773170784.086529299,0,0,9.83
1773170784.086529299,1,0,0.01
1773170785.110067909,0,0,9.83
1773170785.110067909,1,0,0.01
1773170786.132997013,0,0,9.83
1773170786.132997013,1,0,0.01
1773170787.156370957,0,1,9.83
1773170787.156370957,1,0,0.01
1773170788.179783697,0,0,9.83
1773170788.179783697,1,0,0.01
1773170789.202928834,0,0,9.83
1773170789.202928834,1,0,0.01
1773170790.226656310,0,0,9.83
1773170790.226656310,1,0,0.01
1773170791.250367488,0,0,9.83
1773170791.250367488,1,0,0.01
1773170792.274367902,0,0,9.83
1773170792.274367902,1,0,0.01
1773170793.297412284,0,0,9.83
1773170793.297412284,1,0,0.01
1773170794.320526371,0,0,9.83
1773170794.320526371,1,0,0.01
1773170795.342993024,0,0,9.83
1773170795.342993024,1,0,0.01
1773170796.366347998,0,0,9.83
1773170796.366347998,1,0,0.01
1773170797.389671494,0,0,9.83
1773170797.389671494,1,0,0.01
1773170798.412449743,0,0,9.83
1773170798.412449743,1,0,0.01
1773170799.435600726,0,74,9.83
1773170799.435600726,1,0,0.01
1773170800.459150091,0,70,9.83
1773170800.459150091,1,0,0.01
1773170801.484909634,0,0,9.83
1773170801.484909634,1,0,0.01
1773170802.507747285,0,0,9.83
1773170802.507747285,1,0,0.01
1773170803.531025429,0,0,9.83
1773170803.531025429,1,0,0.01
1773170804.554316646,0,0,9.83
1773170804.554316646,1,0,0.01
1773170805.577076977,0,1,9.83
1773170805.577076977,1,0,0.01
1773170806.601187485,0,0,9.83
1773170806.601187485,1,0,0.01
1773170807.625594014,0,0,9.83
1773170807.625594014,1,0,0.01
1773170808.647548183,0,0,9.83
1773170808.647548183,1,0,0.01
1773170809.670320019,0,0,9.83
1773170809.670320019,1,0,0.01
1773170810.693277508,0,0,9.83
1773170810.693277508,1,0,0.01
1773170811.716833627,0,0,9.83
1773170811.716833627,1,0,0.01
1773170812.740141666,0,0,9.83
1773170812.740141666,1,0,0.01
1773170813.764085456,0,0,9.83
1773170813.764085456,1,0,0.01
1773170814.786841035,0,0,9.83
1773170814.786841035,1,0,0.01
1773170815.809964861,0,0,9.83
1773170815.809964861,1,0,0.01
1773170816.833851069,0,1,9.83
1773170816.833851069,1,0,0.01
1773170817.857611308,0,75,9.83
1773170817.857611308,1,0,0.01
1773170818.880953188,0,67,9.83
1773170818.880953188,1,0,0.01
1773170819.903991441,0,3,9.83
1773170819.903991441,1,0,0.01
1773170820.926623243,0,0,9.83
1773170820.926623243,1,0,0.01
1773170821.950044574,0,0,9.83
1773170821.950044574,1,0,0.01
1773170822.972881006,0,0,9.83
1773170822.972881006,1,0,0.01
1773170823.995633242,0,0,9.83
1773170823.995633242,1,0,0.01
1773170825.019384004,0,0,9.83
1773170825.019384004,1,0,0.01
1773170826.042225227,0,0,9.83
1773170826.042225227,1,0,0.01
1773170827.065917760,0,0,9.83
1773170827.065917760,1,0,0.01
1773170828.088610465,0,0,9.83
1773170828.088610465,1,0,0.01
1773170829.111274421,0,0,9.83
1773170829.111274421,1,0,0.01
1773170830.133896051,0,0,9.83
1773170830.133896051,1,0,0.01
1773170831.156717639,0,0,9.83
1773170831.156717639,1,0,0.01
1773170832.179439167,0,0,9.83
1773170832.179439167,1,0,0.01
1773170833.201989472,0,0,9.83
1773170833.201989472,1,0,0.01
1773170834.224652499,0,0,9.83
1773170834.224652499,1,0,0.01
1773170835.247423703,0,0,9.83
1773170835.247423703,1,0,0.01
1773170836.271038225,0,0,9.83
1773170836.271038225,1,0,0.01
1773170837.294869500,0,0,9.83
1773170837.294869500,1,0,0.01
1773170838.318129358,0,0,9.83
1773170838.318129358,1,0,0.01
1773170839.342005956,0,0,9.83
1773170839.342005956,1,0,0.01
1773170840.365506481,0,0,9.83
1773170840.365506481,1,0,0.01
1773170841.388354978,0,0,9.83
1773170841.388354978,1,0,0.01
1773170842.411926346,0,0,9.83
1773170842.411926346,1,0,0.01
1773170843.435682960,0,0,9.83
1773170843.435682960,1,0,0.01
1773170844.459441115,0,0,9.83
1773170844.459441115,1,0,0.01
1773170845.482324952,0,0,9.83
1773170845.482324952,1,0,0.01
1773170846.506110283,0,0,9.83
1773170846.506110283,1,0,0.01
1773170847.530094542,0,0,9.83
1773170847.530094542,1,0,0.01
1773170848.553008703,0,0,9.83
1773170848.553008703,1,0,0.01
1773170849.577059868,0,0,9.83
1773170849.577059868,1,0,0.01
1773170850.600894513,0,0,9.83
1773170850.600894513,1,0,0.01
1773170851.623840943,0,0,9.83
1773170851.623840943,1,0,0.01
1773170852.647044198,0,0,9.83
1773170852.647044198,1,0,0.01
1773170853.670677452,0,0,9.83
1773170853.670677452,1,0,0.01
1773170854.694177183,0,0,9.83
1773170854.694177183,1,0,0.01
1773170855.719328616,0,0,9.83
1773170855.719328616,1,0,0.01
1773170856.742255079,0,0,9.83
1773170856.742255079,1,0,0.01
1773170857.765140818,0,0,9.83
1773170857.765140818,1,0,0.01
1773170858.789143386,0,0,9.83
1773170858.789143386,1,0,0.01
1773170859.812547258,0,0,9.83
1773170859.812547258,1,0,0.01
1773170860.835074131,0,0,9.83
1773170860.835074131,1,0,0.01
1773170861.858428766,0,0,9.83
1773170861.858428766,1,0,0.01
1773170862.880724881,0,0,9.83
1773170862.880724881,1,0,0.01
1773170863.903270765,0,0,9.83
1773170863.903270765,1,0,0.01
1773170864.926462320,0,0,9.83
1773170864.926462320,1,0,0.01
1773170865.949474202,0,0,9.83
1773170865.949474202,1,0,0.01
1773170866.972870719,0,0,9.83
1773170866.972870719,1,0,0.01
1773170867.996218516,0,0,9.83
1773170867.996218516,1,0,0.01
1773170869.019399281,0,0,9.83
1773170869.019399281,1,0,0.01
1773170870.041591644,0,0,9.83
1773170870.041591644,1,0,0.01
1773170871.064421744,0,0,9.83
1773170871.064421744,1,0,0.01
1773170872.086877395,0,0,9.83
1773170872.086877395,1,0,0.01
1773170873.109607892,0,0,9.83
1773170873.109607892,1,0,0.01
1773170874.133636663,0,1,9.83
1773170874.133636663,1,0,0.01
1773170875.157641572,0,0,9.83
1773170875.157641572,1,0,0.01
1773170876.181340812,0,0,9.83
1773170876.181340812,1,0,0.01
1773170877.204997623,0,0,9.83
1773170877.204997623,1,0,0.01
1773170878.225628205,0,0,9.83
1773170878.225628205,1,0,0.01
1773170879.248336752,0,0,9.83
1773170879.248336752,1,0,0.01
1773170880.273126974,0,0,9.83
1773170880.273126974,1,0,0.01
1773170881.296884284,0,0,9.83
1773170881.296884284,1,0,0.01
1773170882.319853737,0,0,9.83
1773170882.319853737,1,0,0.01
1773170883.343039087,0,0,9.83
1773170883.343039087,1,0,0.01
1773170884.366196336,0,0,9.83
1773170884.366196336,1,0,0.01
1773170885.389661157,0,0,9.83
1773170885.389661157,1,0,0.01
1773170886.413019300,0,0,9.83
1773170886.413019300,1,0,0.01
1773170887.437069258,0,0,9.83
1773170887.437069258,1,0,0.01
1773170888.459145693,0,0,9.83
1773170888.459145693,1,0,0.01
1773170889.483838395,0,0,9.83
1773170889.483838395,1,0,0.01
1773170890.509457161,0,0,9.83
1773170890.509457161,1,0,0.01
1773170891.533798082,0,0,9.83
1773170891.533798082,1,0,0.01
1773170892.557709976,0,0,9.83
1773170892.557709976,1,0,0.01
1773170893.580398804,0,65,9.83
1773170893.580398804,1,0,0.01
1773170894.602982670,0,65,9.83
1773170894.602982670,1,0,0.01
1773170895.626004621,0,0,9.83
1773170895.626004621,1,0,0.01
1773170896.649520739,0,0,9.83
1773170896.649520739,1,0,0.01
1773170897.672558455,0,0,9.83
1773170897.672558455,1,0,0.01
1773170898.694774429,0,0,9.83
1773170898.694774429,1,0,0.01
1773170899.718875832,0,0,9.83
1773170899.718875832,1,0,0.01
1773170900.743157701,0,0,9.83
1773170900.743157701,1,0,0.01
1773170901.766391021,0,0,9.83
1773170901.766391021,1,0,0.01
1773170902.790731189,0,0,9.83
1773170902.790731189,1,0,0.01
1773170903.813577878,0,0,9.83
1773170903.813577878,1,0,0.01
1773170904.836567055,0,0,9.83
1773170904.836567055,1,0,0.01
1773170905.859734950,0,0,9.83
1773170905.859734950,1,0,0.01
1773170906.882297083,0,0,9.83
1773170906.882297083,1,0,0.01
1773170907.904926965,0,0,9.83
1773170907.904926965,1,0,0.01
1773170908.928829545,0,0,9.83
1773170908.928829545,1,0,0.01
1773170909.951339344,0,0,9.83
1773170909.951339344,1,0,0.01
1773170910.974119491,0,0,9.83
1773170910.974119491,1,0,0.01
1773170911.996940046,0,0,9.83
1773170911.996940046,1,0,0.01
1773170913.020444781,0,0,9.83
1773170913.020444781,1,0,0.01
1773170914.043712458,0,0,9.83
1773170914.043712458,1,0,0.01
1773170915.067464779,0,0,9.83
1773170915.067464779,1,0,0.01
1773170916.090085870,0,0,9.83
1773170916.090085870,1,0,0.01
1773170917.112704064,0,0,9.83
1773170917.112704064,1,0,0.01
1773170918.136095020,0,0,9.83
1773170918.136095020,1,0,0.01
1773170919.159112640,0,0,9.83
1773170919.159112640,1,0,0.01
1773170920.181623282,0,0,9.83
1773170920.181623282,1,0,0.01
1773170921.203633469,0,0,9.83
1773170921.203633469,1,0,0.01
1773170922.226497224,0,0,9.83
1773170922.226497224,1,0,0.01
1773170923.249842450,0,0,9.83
1773170923.249842450,1,0,0.01
1773170924.272658181,0,0,9.83
1773170924.272658181,1,0,0.01
1773170925.295325226,0,0,9.83
1773170925.295325226,1,0,0.01
1773170926.317938770,0,0,9.83
1773170926.317938770,1,0,0.01
1773170927.342705249,0,0,9.83
1773170927.342705249,1,0,0.01
1773170928.366175718,0,0,9.83
1773170928.366175718,1,0,0.01
1773170929.388774946,0,0,9.83
1773170929.388774946,1,0,0.01
1773170930.411703913,0,0,9.83
1773170930.411703913,1,0,0.01
1773170931.435241282,0,1,9.83
1773170931.435241282,1,0,0.01
1773170932.457839729,0,1,9.83
1773170932.457839729,1,0,0.01
1773170933.481248814,0,0,9.83
1773170933.481248814,1,0,0.01
1773170934.504077847,0,0,9.83
1773170934.504077847,1,0,0.01
1773170935.526139135,0,0,9.83
1773170935.526139135,1,0,0.01
1773170936.549068844,0,0,9.83
1773170936.549068844,1,0,0.01
1773170937.571530774,0,0,9.83
1773170937.571530774,1,0,0.01
1773170938.595745971,0,0,9.83
1773170938.595745971,1,0,0.01
1773170939.618801351,0,0,9.83
1773170939.618801351,1,0,0.01
1773170940.641558256,0,0,9.83
1773170940.641558256,1,0,0.01
1773170941.663464303,0,0,9.83
1773170941.663464303,1,0,0.01
1773170942.686437709,0,0,9.83
1773170942.686437709,1,0,0.01
1773170943.710325218,0,0,9.83
1773170943.710325218,1,0,0.01
1773170944.733924831,0,0,9.83
1773170944.733924831,1,0,0.01
1773170945.757068289,0,0,9.83
1773170945.757068289,1,0,0.01
1773170946.780396903,0,0,9.83
1773170946.780396903,1,0,0.01
1773170947.804534226,0,0,9.83
1773170947.804534226,1,0,0.01
1773170948.828676093,0,0,9.83
1773170948.828676093,1,0,0.01
1773170949.851267410,0,0,9.83
1773170949.851267410,1,0,0.01
1773170950.874676888,0,0,9.83
1773170950.874676888,1,0,0.01
1773170951.897121439,0,0,9.83
1773170951.897121439,1,0,0.01
1773170952.919390586,0,0,9.83
1773170952.919390586,1,0,0.01
1773170953.942157167,0,0,9.83
1773170953.942157167,1,0,0.01
1773170954.965548581,0,0,9.83
1773170954.965548581,1,0,0.01
1773170955.989097196,0,0,9.83
1773170955.989097196,1,0,0.01
1773170957.011726098,0,0,9.83
1773170957.011726098,1,0,0.01
1773170958.034285827,0,0,9.83
1773170958.034285827,1,0,0.01
1773170959.057345946,0,0,9.83
1773170959.057345946,1,0,0.01
1773170960.080445758,0,0,9.83
1773170960.080445758,1,0,0.01
1773170961.103419937,0,0,9.83
1773170961.103419937,1,0,0.01
1773170962.126967890,0,0,9.83
1773170962.126967890,1,0,0.01
1773170963.150127418,0,0,9.83
1773170963.150127418,1,0,0.01
1773170964.173679054,0,0,9.83
1773170964.173679054,1,0,0.01
1773170965.197417135,0,0,9.83
1773170965.197417135,1,0,0.01
1773170966.220516139,0,0,9.83
1773170966.220516139,1,0,0.01
1773170967.244174012,0,0,9.83
1773170967.244174012,1,0,0.01
1773170968.266793180,0,0,9.83
1773170968.266793180,1,0,0.01
1773170969.290321714,0,0,9.83
1773170969.290321714,1,0,0.01
1773170970.313417399,0,0,9.83
1773170970.313417399,1,0,0.01
1773170971.337562139,0,0,9.83
1773170971.337562139,1,0,0.01
1773170972.360439574,0,0,9.83
1773170972.360439574,1,0,0.01
1773170973.384056838,0,0,9.83
1773170973.384056838,1,0,0.01
1773170974.408360005,0,0,9.83
1773170974.408360005,1,0,0.01
1773170975.431322334,0,0,9.83
1773170975.431322334,1,0,0.01
1773170976.454653055,0,0,9.83
1773170976.454653055,1,0,0.01
1773170977.479086147,0,0,9.83
1773170977.479086147,1,0,0.01
1773170978.501603691,0,0,9.83
1773170978.501603691,1,0,0.01
1773170979.523838599,0,0,9.83
1773170979.523838599,1,0,0.01
1773170980.548005104,0,0,9.83
1773170980.548005104,1,0,0.01
1773170981.571292940,0,0,9.83
1773170981.571292940,1,0,0.01
1773170982.594661511,0,0,9.83
1773170982.594661511,1,0,0.01
1773170983.617416158,0,0,9.83
1773170983.617416158,1,0,0.01
1773170984.640369098,0,0,9.83
1773170984.640369098,1,0,0.01
1773170985.662562522,0,0,9.83
1773170985.662562522,1,0,0.01
1773170986.685711351,0,0,9.83
1773170986.685711351,1,0,0.01
1773170987.708657846,0,0,9.83
1773170987.708657846,1,0,0.01
1773170988.731163004,0,0,9.83
1773170988.731163004,1,0,0.01
1773170989.755722200,0,0,9.83
1773170989.755722200,1,0,0.01
1773170990.778658489,0,0,9.83
1773170990.778658489,1,0,0.01
1773170991.801949886,0,0,9.83
1773170991.801949886,1,0,0.01
1773170992.824238862,0,0,9.83
1773170992.824238862,1,0,0.01
1773170993.848041902,0,0,9.83
1773170993.848041902,1,0,0.01
1773170994.871686653,0,0,9.83
1773170994.871686653,1,0,0.01
1773170995.894743542,0,0,9.83
1773170995.894743542,1,0,0.01
1773170996.917762697,0,0,9.83
1773170996.917762697,1,0,0.01
1773170997.940128380,0,0,9.83
1773170997.940128380,1,0,0.01
1773170998.962501657,0,0,9.83
1773170998.962501657,1,0,0.01
1773170999.985632179,0,0,9.83
1773170999.985632179,1,0,0.01
1773171001.009687455,0,0,9.83
1773171001.009687455,1,0,0.01
1773171002.031811105,0,0,9.83
1773171002.031811105,1,0,0.01
1773171003.053905249,0,0,9.83
1773171003.053905249,1,0,0.01
1773171004.077240678,0,0,9.83
1773171004.077240678,1,0,0.01
1773171005.100131969,0,0,9.83
1773171005.100131969,1,0,0.01
1773171006.122779781,0,0,9.83
1773171006.122779781,1,0,0.01
1773171007.146211078,0,0,9.83
1773171007.146211078,1,0,0.01
1773171008.169454515,0,0,9.83
1773171008.169454515,1,0,0.01
1773171009.191973478,0,0,9.83
1773171009.191973478,1,0,0.01
1773171010.214113606,0,0,9.83
1773171010.214113606,1,0,0.01
1773171011.237408325,0,0,9.83
1773171011.237408325,1,0,0.01
1773171012.261546065,0,0,9.83
1773171012.261546065,1,0,0.01
1773171013.285266512,0,0,9.83
1773171013.285266512,1,0,0.01
1773171014.307820844,0,0,9.83
1773171014.307820844,1,0,0.01
1773171015.330997452,0,0,9.83
1773171015.330997452,1,0,0.01
1773171016.354604558,0,0,9.83
1773171016.354604558,1,0,0.01
1773171017.377372141,0,0,9.83
1773171017.377372141,1,0,0.01
1773171018.401128661,0,0,9.83
1773171018.401128661,1,0,0.01
1773171019.425092997,0,0,9.83
1773171019.425092997,1,0,0.01
1773171020.449037353,0,0,9.83
1773171020.449037353,1,0,0.01
1773171021.472429856,0,0,9.83
1773171021.472429856,1,0,0.01
1773171022.495501912,0,0,9.83
1773171022.495501912,1,0,0.01
1773171023.518947283,0,0,9.83
1773171023.518947283,1,0,0.01
1773171024.541676096,0,0,9.83
1773171024.541676096,1,0,0.01
1773171025.565853435,0,0,9.83
1773171025.565853435,1,0,0.01
1773171026.588865018,0,0,9.83
1773171026.588865018,1,0,0.01
1773171027.612861390,0,0,9.83
1773171027.612861390,1,0,0.01
1773171028.636082272,0,0,9.83
1773171028.636082272,1,0,0.01
1773171029.658974880,0,0,9.83
1773171029.658974880,1,0,0.01
1773171030.681747459,0,1,9.83
1773171030.681747459,1,0,0.01
1773171031.705814635,0,0,9.83
1773171031.705814635,1,0,0.01
1773171032.730053594,0,0,9.83
1773171032.730053594,1,0,0.01
1773171033.753086893,0,0,9.83
1773171033.753086893,1,0,0.01
1773171034.776019305,0,0,9.83
1773171034.776019305,1,0,0.01
1773171035.798037111,0,0,9.83
1773171035.798037111,1,0,0.01
1773171036.821279771,0,0,9.83
1773171036.821279771,1,0,0.01
1773171037.843520669,0,0,9.83
1773171037.843520669,1,0,0.01
1773171038.867089229,0,0,9.83
1773171038.867089229,1,0,0.01
1773171039.891787367,0,0,9.83
1773171039.891787367,1,0,0.01
1773171040.915040777,0,0,9.83
1773171040.915040777,1,0,0.01
1773171041.938512487,0,0,9.83
1773171041.938512487,1,0,0.01
1773171042.960637598,0,0,9.83
1773171042.960637598,1,0,0.01
1773171043.983647412,0,0,9.83
1773171043.983647412,1,0,0.01
1773171045.007040461,0,0,9.83
1773171045.007040461,1,0,0.01
1773171046.032018886,0,0,9.83
1773171046.032018886,1,0,0.01
1773171047.057470757,0,0,9.83
1773171047.057470757,1,0,0.01
1773171048.081838965,0,0,9.83
1773171048.081838965,1,0,0.01
1773171049.105392558,0,0,9.83
1773171049.105392558,1,0,0.01
1773171050.128572798,0,0,9.83
1773171050.128572798,1,0,0.01
1773171051.151729599,0,0,9.83
1773171051.151729599,1,0,0.01
1773171052.174782451,0,0,9.83
1773171052.174782451,1,0,0.01
1773171053.198600429,0,0,9.83
1773171053.198600429,1,0,0.01
1773171054.221548954,0,0,9.83
1773171054.221548954,1,0,0.01
1773171055.246213712,0,0,9.83
1773171055.246213712,1,0,0.01
1773171056.269354357,0,0,9.83
1773171056.269354357,1,0,0.01
1773171057.293813871,0,0,9.83
1773171057.293813871,1,0,0.01
1773171058.318027642,0,0,9.83
1773171058.318027642,1,0,0.01
1773171059.340624821,0,0,9.83
1773171059.340624821,1,0,0.01
1773171060.363487955,0,0,9.83
1773171060.363487955,1,0,0.01
1773171061.387129017,0,0,9.83
1773171061.387129017,1,0,0.01
1773171062.410973282,0,0,9.83
1773171062.410973282,1,0,0.01
1773171063.434937664,0,0,9.83
1773171063.434937664,1,0,0.01
1773171064.457972609,0,0,9.83
1773171064.457972609,1,0,0.01
1773171065.481906324,0,0,9.83
1773171065.481906324,1,0,0.01
1773171066.504591489,0,0,9.83
1773171066.504591489,1,0,0.01
1773171067.527312832,0,0,9.83
1773171067.527312832,1,0,0.01
1773171068.550241552,0,0,9.83
1773171068.550241552,1,0,0.01
1773171069.573214478,0,0,9.83
1773171069.573214478,1,0,0.01
1773171070.596912470,0,0,9.83
1773171070.596912470,1,0,0.01
1773171071.619105850,0,0,9.83
1773171071.619105850,1,0,0.01
1773171072.642279733,0,0,9.83
1773171072.642279733,1,0,0.01
1773171073.665217506,0,0,9.83
1773171073.665217506,1,0,0.01
1773171074.687700028,0,0,9.83
1773171074.687700028,1,0,0.01
1773171075.710373916,0,0,9.83
1773171075.710373916,1,0,0.01
1773171076.735621660,0,0,9.83
1773171076.735621660,1,0,0.01
1773171077.759842924,0,0,9.83
1773171077.759842924,1,0,0.01
1773171078.783756738,0,0,9.83
1773171078.783756738,1,0,0.01
1773171079.806790017,0,0,9.83
1773171079.806790017,1,0,0.01
1773171080.830895519,0,0,9.83
1773171080.830895519,1,0,0.01
1773171081.854464758,0,64,9.83
1773171081.854464758,1,0,0.01
1773171082.878224314,0,60,9.83
1773171082.878224314,1,0,0.01
1773171083.902370820,0,0,9.83
1773171083.902370820,1,0,0.01
1773171084.925135829,0,0,9.83
1773171084.925135829,1,0,0.01
1773171085.947804219,0,0,9.83
1773171085.947804219,1,0,0.01
1773171086.970859776,0,0,9.83
1773171086.970859776,1,0,0.01
1773171087.993583071,0,0,9.83
1773171087.993583071,1,0,0.01
1773171089.017466916,0,1,9.83
1773171089.017466916,1,0,0.01
1773171090.040537854,0,0,9.83
1773171090.040537854,1,0,0.01
1773171091.063310878,0,0,9.83
1773171091.063310878,1,0,0.01
1773171092.085882030,0,0,9.83
1773171092.085882030,1,0,0.01
1773171093.108293463,0,0,9.83
1773171093.108293463,1,0,0.01
1773171094.131389177,0,1,9.83
1773171094.131389177,1,0,0.01
1773171095.155153919,0,0,9.83
1773171095.155153919,1,0,0.01
1773171096.179167469,0,0,9.83
1773171096.179167469,1,0,0.01
1773171097.203334892,0,0,9.83
1773171097.203334892,1,0,0.01
1773171098.227085273,0,0,9.83
1773171098.227085273,1,0,0.01
1773171099.250429589,0,0,9.83
1773171099.250429589,1,0,0.01
1773171100.273464586,0,0,9.83
1773171100.273464586,1,0,0.01
1773171101.296475028,0,0,9.83
1773171101.296475028,1,0,0.01
1773171102.319226545,0,68,9.83
1773171102.319226545,1,0,0.01
1773171103.341864933,0,68,9.83
1773171103.341864933,1,0,0.01
1773171104.365808035,0,0,9.83
1773171104.365808035,1,0,0.01
1773171105.389145202,0,0,9.83
1773171105.389145202,1,0,0.01
1773171106.411728431,0,0,9.83
1773171106.411728431,1,0,0.01
1773171107.435387863,0,0,9.83
1773171107.435387863,1,0,0.01
1773171108.458577193,0,0,9.83
1773171108.458577193,1,0,0.01
1773171109.481063775,0,0,9.83
1773171109.481063775,1,0,0.01
1773171110.504444703,0,0,9.83
1773171110.504444703,1,0,0.01
1773171111.527568013,0,0,9.83
1773171111.527568013,1,0,0.01
1773171112.551371847,0,0,9.83
1773171112.551371847,1,0,0.01
1773171113.574949346,0,0,9.83
1773171113.574949346,1,0,0.01
1773171114.597960020,0,0,9.83
1773171114.597960020,1,0,0.01
1773171115.621525501,0,0,9.83
1773171115.621525501,1,0,0.01
1773171116.645458080,0,0,9.83
1773171116.645458080,1,0,0.01
1773171117.668552491,0,0,9.83
1773171117.668552491,1,0,0.01
1773171118.691517105,0,0,9.83
1773171118.691517105,1,0,0.01
1773171119.714590532,0,0,9.83
1773171119.714590532,1,0,0.01
1773171120.737085459,0,0,9.83
1773171120.737085459,1,0,0.01
1773171121.759704547,0,0,9.83
1773171121.759704547,1,0,0.01
1773171122.782135819,0,0,9.83
1773171122.782135819,1,0,0.01
1773171123.804875963,0,0,9.83
1773171123.804875963,1,0,0.01
1773171124.830054868,0,0,9.83
1773171124.830054868,1,0,0.01
1773171125.852281582,0,0,9.83
1773171125.852281582,1,0,0.01
1773171126.873767448,0,0,9.83
1773171126.873767448,1,0,0.01
1773171127.898167473,0,0,9.83
1773171127.898167473,1,0,0.01
1773171128.919866527,0,0,9.83
1773171128.919866527,1,0,0.01
1773171129.942687912,0,0,9.83
1773171129.942687912,1,0,0.01
1773171130.965152748,0,0,9.83
1773171130.965152748,1,0,0.01
1773171131.987612438,0,0,9.83
1773171131.987612438,1,0,0.01
1773171133.009826019,0,0,9.83
1773171133.009826019,1,0,0.01
1773171134.032667222,0,0,9.83
1773171134.032667222,1,0,0.01
1773171135.056265814,0,0,9.83
1773171135.056265814,1,0,0.01
1773171136.078789037,0,0,9.83
1773171136.078789037,1,0,0.01
1773171137.100606059,0,0,9.83
1773171137.100606059,1,0,0.01
1773171138.123329627,0,0,9.83
1773171138.123329627,1,0,0.01
1773171139.146774509,0,0,9.83
1773171139.146774509,1,0,0.01
1773171140.168815742,0,0,9.83
1773171140.168815742,1,0,0.01
1773171141.192011802,0,0,9.83
1773171141.192011802,1,0,0.01
1773171142.215031484,0,0,9.83
1773171142.215031484,1,0,0.01
1773171143.236815930,0,0,9.83
1773171143.236815930,1,0,0.01
1773171144.259176014,0,0,9.83
1773171144.259176014,1,0,0.01
1773171145.280966284,0,0,9.83
1773171145.280966284,1,0,0.01
1773171146.304422683,0,0,9.83
1773171146.304422683,1,0,0.01
1773171147.327109130,0,0,9.83
1773171147.327109130,1,0,0.01
1773171148.349658261,0,0,9.83
1773171148.349658261,1,0,0.01
1773171149.372305326,0,0,9.83
1773171149.372305326,1,0,0.01
1773171150.396241023,0,0,9.83
1773171150.396241023,1,0,0.01
1773171151.418680967,0,0,9.83
1773171151.418680967,1,0,0.01
1773171152.441566655,0,0,9.83
1773171152.441566655,1,0,0.01
1773171153.464750735,0,0,9.83
1773171153.464750735,1,0,0.01
1773171154.487968445,0,0,9.83
1773171154.487968445,1,0,0.01
1773171155.510054402,0,0,9.83
1773171155.510054402,1,0,0.01
1773171156.532409005,0,0,9.83
1773171156.532409005,1,0,0.01
1773171157.554883629,0,0,8.61
1773171157.554883629,1,0,0.01
1773171158.577435485,0,0,8.61
1773171158.577435485,1,0,0.01
1773171159.600458110,0,0,8.61
1773171159.600458110,1,0,0.01
1773171160.623220385,0,0,8.61
1773171160.623220385,1,0,0.01
1773171161.645187837,0,0,8.61
1773171161.645187837,1,0,0.01
1773171162.667816043,0,0,8.61
1773171162.667816043,1,0,0.01
1773171163.690116114,0,0,8.61
1773171163.690116114,1,0,0.01
1773171164.712869722,0,0,8.61
1773171164.712869722,1,0,0.01
1773171165.735029510,0,0,8.61
1773171165.735029510,1,0,0.01
1773171166.758003107,0,0,8.61
1773171166.758003107,1,0,0.01
1773171167.780850021,0,0,8.61
1773171167.780850021,1,0,0.01
1773171168.802467365,0,0,8.61
1773171168.802467365,1,0,0.01
1773171169.824818557,0,2,9.55
1773171169.824818557,1,0,0.01
1773171170.846844488,0,0,9.55
1773171170.846844488,1,0,0.01
1773171171.869750499,0,0,9.55
1773171171.869750499,1,0,0.01
1773171172.893247309,0,0,8.33
1773171172.893247309,1,0,0.01
1773171173.916452632,0,0,8.33
1773171173.916452632,1,0,0.01
1773171174.939096724,0,0,8.33
1773171174.939096724,1,0,0.01
1773171175.961163108,0,0,8.33
1773171175.961163108,1,0,0.01
1773171176.983171095,0,0,8.33
1773171176.983171095,1,0,0.01
1773171178.005283544,0,0,8.33
1773171178.005283544,1,0,0.01
1773171179.027090230,0,0,8.33
1773171179.027090230,1,0,0.01
1773171180.049044281,0,0,8.33
1773171180.049044281,1,0,0.01
