timestamp,idx,gpu_util_pct,mem_used_pct
1773184255.544057781,0,0,1.25
1773184255.544057781,1,0,0.01
1773184256.566183765,0,0,1.25
1773184256.566183765,1,0,0.01
1773184257.588049565,0,0,1.25
1773184257.588049565,1,0,0.01
1773184258.608994766,0,0,1.25
1773184258.608994766,1,0,0.01
1773184259.630165217,0,0,2.19
1773184259.630165217,1,0,0.01
1773184260.650572532,0,0,2.19
1773184260.650572532,1,0,0.01
1773184261.671861406,0,0,2.20
1773184261.671861406,1,0,0.01
1773184262.693109827,0,0,2.20
1773184262.693109827,1,0,0.01
1773184263.714429201,0,0,2.20
1773184263.714429201,1,0,0.01
1773184264.735437836,0,0,2.20
1773184264.735437836,1,0,0.01
1773184265.756602900,0,0,2.20
1773184265.756602900,1,0,0.01
1773184266.778363632,0,0,2.20
1773184266.778363632,1,0,0.01
1773184267.800186559,0,0,2.20
1773184267.800186559,1,0,0.01
1773184268.821104278,0,0,2.20
1773184268.821104278,1,0,0.01
1773184269.842238956,0,0,2.20
1773184269.842238956,1,0,0.01
1773184270.863001562,0,0,2.20
1773184270.863001562,1,0,0.01
1773184271.884743090,0,0,2.20
1773184271.884743090,1,0,0.01
1773184272.906494862,0,0,2.20
1773184272.906494862,1,0,0.01
1773184273.926469283,0,0,2.20
1773184273.926469283,1,0,0.01
1773184274.946328911,0,0,2.20
1773184274.946328911,1,0,0.01
1773184275.966863176,0,0,2.20
1773184275.966863176,1,0,0.01
1773184276.987227075,0,0,2.20
1773184276.987227075,1,0,0.01
1773184278.008075036,0,0,2.20
1773184278.008075036,1,0,0.01
1773184279.030016089,0,0,2.20
1773184279.030016089,1,0,0.01
1773184280.051271916,0,0,2.20
1773184280.051271916,1,0,0.01
1773184281.072843004,0,0,2.20
1773184281.072843004,1,0,0.01
1773184282.094646104,0,0,2.20
1773184282.094646104,1,0,0.01
1773184283.116102177,0,0,2.20
1773184283.116102177,1,0,0.01
1773184284.137302309,0,0,2.20
1773184284.137302309,1,0,0.01
1773184285.156866002,0,0,2.20
1773184285.156866002,1,0,0.01
1773184286.176505957,0,0,2.20
1773184286.176505957,1,0,0.01
1773184287.196265003,0,0,2.20
1773184287.196265003,1,0,0.01
1773184288.217122128,0,0,2.20
1773184288.217122128,1,0,0.01
1773184289.238123260,0,0,2.20
1773184289.238123260,1,0,0.01
1773184290.259238138,0,0,2.20
1773184290.259238138,1,0,0.01
1773184291.280439583,0,0,2.20
1773184291.280439583,1,0,0.01
1773184292.300832580,0,0,2.20
1773184292.300832580,1,0,0.01
1773184293.320903731,0,0,2.20
1773184293.320903731,1,0,0.01
1773184294.341131745,0,0,2.20
1773184294.341131745,1,0,0.01
1773184295.361314527,0,0,2.20
1773184295.361314527,1,0,0.01
1773184296.381213003,0,0,2.20
1773184296.381213003,1,0,0.01
1773184297.402260404,0,0,2.20
1773184297.402260404,1,0,0.01
1773184298.423953110,0,0,2.20
1773184298.423953110,1,0,0.01
1773184299.445102388,0,0,2.20
1773184299.445102388,1,0,0.01
1773184300.467391258,0,0,2.20
1773184300.467391258,1,0,0.01
1773184301.489227845,0,0,2.20
1773184301.489227845,1,0,0.01
1773184302.511110015,0,0,2.20
1773184302.511110015,1,0,0.01
1773184303.532177293,0,0,2.20
1773184303.532177293,1,0,0.01
1773184304.552258885,0,0,2.20
1773184304.552258885,1,0,0.01
1773184305.574289367,0,0,2.20
1773184305.574289367,1,0,0.01
1773184306.595113308,0,0,2.20
1773184306.595113308,1,0,0.01
1773184307.615226756,0,0,2.20
1773184307.615226756,1,0,0.01
1773184308.636200397,0,60,2.47
1773184308.636200397,1,0,0.01
1773184309.657237275,0,59,2.47
1773184309.657237275,1,0,0.01
1773184310.677035727,0,0,2.47
1773184310.677035727,1,0,0.01
1773184311.698805504,0,0,2.47
1773184311.698805504,1,0,0.01
1773184312.719125062,0,0,2.47
1773184312.719125062,1,0,0.01
1773184313.740305810,0,0,2.47
1773184313.740305810,1,0,0.01
1773184314.761290975,0,0,2.47
1773184314.761290975,1,0,0.01
1773184315.782177571,0,0,2.47
1773184315.782177571,1,0,0.01
1773184316.802737493,0,0,2.47
1773184316.802737493,1,0,0.01
1773184317.824406507,0,0,2.47
1773184317.824406507,1,0,0.01
1773184318.845001288,0,0,2.47
1773184318.845001288,1,0,0.01
1773184319.865619459,0,0,2.47
1773184319.865619459,1,0,0.01
1773184320.887871973,0,0,2.47
1773184320.887871973,1,0,0.01
1773184321.908125704,0,0,2.47
1773184321.908125704,1,0,0.01
1773184322.928436667,0,0,2.47
1773184322.928436667,1,0,0.01
1773184323.949937177,0,0,2.47
1773184323.949937177,1,0,0.01
1773184324.970187408,0,0,2.47
1773184324.970187408,1,0,0.01
1773184325.990233473,0,0,2.47
1773184325.990233473,1,0,0.01
1773184327.010719923,0,0,2.47
1773184327.010719923,1,0,0.01
1773184328.030591491,0,0,2.47
1773184328.030591491,1,0,0.01
1773184329.051441284,0,0,2.47
1773184329.051441284,1,0,0.01
1773184330.071995764,0,0,2.47
1773184330.071995764,1,0,0.01
1773184331.093932135,0,0,2.47
1773184331.093932135,1,0,0.01
1773184332.115147124,0,0,2.47
1773184332.115147124,1,0,0.01
1773184333.136398783,0,0,2.47
1773184333.136398783,1,0,0.01
1773184334.157565712,0,0,2.47
1773184334.157565712,1,0,0.01
1773184335.179480930,0,0,2.47
1773184335.179480930,1,0,0.01
1773184336.199280132,0,0,2.47
1773184336.199280132,1,0,0.01
1773184337.219590459,0,0,2.47
1773184337.219590459,1,0,0.01
1773184338.239467716,0,0,2.47
1773184338.239467716,1,0,0.01
1773184339.259125552,0,0,2.47
1773184339.259125552,1,0,0.01
1773184340.280450957,0,0,2.47
1773184340.280450957,1,0,0.01
1773184341.302463374,0,0,2.47
1773184341.302463374,1,0,0.01
1773184342.324468091,0,0,2.47
1773184342.324468091,1,0,0.01
1773184343.344217867,0,0,2.47
1773184343.344217867,1,0,0.01
1773184344.365946202,0,0,2.47
1773184344.365946202,1,0,0.01
1773184345.387758949,0,0,2.47
1773184345.387758949,1,0,0.01
1773184346.408750068,0,0,2.47
1773184346.408750068,1,0,0.01
1773184347.429739794,0,0,2.47
1773184347.429739794,1,0,0.01
1773184348.450589583,0,0,2.47
1773184348.450589583,1,0,0.01
1773184349.471181726,0,0,2.47
1773184349.471181726,1,0,0.01
1773184350.492058427,0,0,2.47
1773184350.492058427,1,0,0.01
1773184351.512537013,0,0,2.47
1773184351.512537013,1,0,0.01
1773184352.533681206,0,0,2.47
1773184352.533681206,1,0,0.01
1773184353.554720450,0,0,2.47
1773184353.554720450,1,0,0.01
1773184354.575452536,0,0,2.47
1773184354.575452536,1,0,0.01
1773184355.596846536,0,0,2.47
1773184355.596846536,1,0,0.01
1773184356.618055328,0,0,2.47
1773184356.618055328,1,0,0.01
1773184357.638977008,0,0,2.47
1773184357.638977008,1,0,0.01
1773184358.660041304,0,0,2.47
1773184358.660041304,1,0,0.01
1773184359.681140040,0,0,2.47
1773184359.681140040,1,0,0.01
1773184360.702119586,0,0,2.47
1773184360.702119586,1,0,0.01
1773184361.723035325,0,0,2.47
1773184361.723035325,1,0,0.01
1773184362.744075248,0,0,2.47
1773184362.744075248,1,0,0.01
1773184363.765212242,0,0,2.47
1773184363.765212242,1,0,0.01
1773184364.785966118,0,0,2.47
1773184364.785966118,1,0,0.01
1773184365.806168533,0,0,2.47
1773184365.806168533,1,0,0.01
1773184366.826925999,0,0,2.47
1773184366.826925999,1,0,0.01
1773184367.847403183,0,0,2.47
1773184367.847403183,1,0,0.01
1773184368.867888131,0,0,2.47
1773184368.867888131,1,0,0.01
1773184369.888610269,0,0,2.47
1773184369.888610269,1,0,0.01
1773184370.908763769,0,0,2.47
1773184370.908763769,1,0,0.01
1773184371.929240705,0,0,2.47
1773184371.929240705,1,0,0.01
1773184372.950217567,0,0,2.47
1773184372.950217567,1,0,0.01
1773184373.969613936,0,0,2.47
1773184373.969613936,1,0,0.01
1773184374.990031484,0,0,2.47
1773184374.990031484,1,0,0.01
1773184376.010152653,0,0,2.47
1773184376.010152653,1,0,0.01
1773184377.029930706,0,0,2.47
1773184377.029930706,1,0,0.01
1773184378.049789424,0,0,2.47
1773184378.049789424,1,0,0.01
1773184379.070841955,0,62,2.47
1773184379.070841955,1,0,0.01
1773184380.091486137,0,61,2.47
1773184380.091486137,1,0,0.01
1773184381.111404575,0,0,2.47
1773184381.111404575,1,0,0.01
1773184382.132273439,0,0,2.47
1773184382.132273439,1,0,0.01
1773184383.153265901,0,0,2.47
1773184383.153265901,1,0,0.01
1773184384.175150981,0,0,2.47
1773184384.175150981,1,0,0.01
1773184385.196418859,0,0,2.47
1773184385.196418859,1,0,0.01
1773184386.216212686,0,0,2.47
1773184386.216212686,1,0,0.01
1773184387.235538790,0,0,2.47
1773184387.235538790,1,0,0.01
1773184388.255118621,0,0,2.47
1773184388.255118621,1,0,0.01
1773184389.276302712,0,0,2.47
1773184389.276302712,1,0,0.01
1773184390.297224635,0,0,2.47
1773184390.297224635,1,0,0.01
1773184391.317647025,0,0,2.47
1773184391.317647025,1,0,0.01
1773184392.337163489,0,0,2.47
1773184392.337163489,1,0,0.01
1773184393.358059830,0,0,2.47
1773184393.358059830,1,0,0.01
1773184394.377965185,0,0,2.47
1773184394.377965185,1,0,0.01
1773184395.398851375,0,0,2.47
1773184395.398851375,1,0,0.01
1773184396.419248582,0,0,2.47
1773184396.419248582,1,0,0.01
1773184397.439275568,0,0,2.47
1773184397.439275568,1,0,0.01
1773184398.458841968,0,0,2.47
1773184398.458841968,1,0,0.01
1773184399.478248628,0,0,2.47
1773184399.478248628,1,0,0.01
1773184400.499049684,0,0,2.47
1773184400.499049684,1,0,0.01
1773184401.519125512,0,0,2.47
1773184401.519125512,1,0,0.01
1773184402.539063334,0,0,2.47
1773184402.539063334,1,0,0.01
1773184403.559846843,0,0,2.47
1773184403.559846843,1,0,0.01
1773184404.579873079,0,0,2.47
1773184404.579873079,1,0,0.01
1773184405.600091914,0,0,2.47
1773184405.600091914,1,0,0.01
1773184406.621066687,0,0,2.47
1773184406.621066687,1,0,0.01
1773184407.641066294,0,0,2.47
1773184407.641066294,1,0,0.01
1773184408.662372144,0,0,2.47
1773184408.662372144,1,0,0.01
1773184409.682949004,0,0,2.47
1773184409.682949004,1,0,0.01
1773184410.702750396,0,0,2.47
1773184410.702750396,1,0,0.01
1773184411.723533499,0,0,2.47
1773184411.723533499,1,0,0.01
1773184412.744706230,0,0,2.47
1773184412.744706230,1,0,0.01
1773184413.764823267,0,0,2.47
1773184413.764823267,1,0,0.01
1773184414.785531718,0,0,2.47
1773184414.785531718,1,0,0.01
1773184415.806645271,0,0,2.47
1773184415.806645271,1,0,0.01
1773184416.826487306,0,0,2.47
1773184416.826487306,1,0,0.01
1773184417.846254892,0,0,2.47
1773184417.846254892,1,0,0.01
1773184418.866770280,0,0,2.47
1773184418.866770280,1,0,0.01
1773184419.886721894,0,0,2.47
1773184419.886721894,1,0,0.01
1773184420.907281873,0,0,2.47
1773184420.907281873,1,0,0.01
1773184421.927341086,0,0,2.47
1773184421.927341086,1,0,0.01
1773184422.949571490,0,0,2.47
1773184422.949571490,1,0,0.01
1773184423.970918291,0,0,2.47
1773184423.970918291,1,0,0.01
1773184424.992427366,0,0,2.47
1773184424.992427366,1,0,0.01
1773184426.013157931,0,0,2.47
1773184426.013157931,1,0,0.01
1773184427.033227033,0,0,2.47
1773184427.033227033,1,0,0.01
1773184428.053152581,0,0,2.47
1773184428.053152581,1,0,0.01
1773184429.074830573,0,0,2.47
1773184429.074830573,1,0,0.01
1773184430.094988364,0,0,2.47
1773184430.094988364,1,0,0.01
1773184431.116771638,0,0,2.47
1773184431.116771638,1,0,0.01
1773184432.137703784,0,0,2.47
1773184432.137703784,1,0,0.01
1773184433.158886899,0,0,2.47
1773184433.158886899,1,0,0.01
1773184434.180267720,0,0,2.47
1773184434.180267720,1,0,0.01
1773184435.201729565,0,0,2.47
1773184435.201729565,1,0,0.01
1773184436.221868263,0,0,2.47
1773184436.221868263,1,0,0.01
1773184437.241413236,0,0,2.47
1773184437.241413236,1,0,0.01
1773184438.262903463,0,0,2.47
1773184438.262903463,1,0,0.01
1773184439.284709845,0,0,2.47
1773184439.284709845,1,0,0.01
1773184440.305835019,0,0,2.47
1773184440.305835019,1,0,0.01
1773184441.328003568,0,0,2.47
1773184441.328003568,1,0,0.01
1773184442.349990819,0,0,2.47
1773184442.349990819,1,0,0.01
1773184443.371012953,0,0,2.47
1773184443.371012953,1,0,0.01
1773184444.392414096,0,0,2.47
1773184444.392414096,1,0,0.01
1773184445.414108390,0,0,2.47
1773184445.414108390,1,0,0.01
1773184446.435595964,0,0,2.47
1773184446.435595964,1,0,0.01
1773184447.457429833,0,0,2.47
1773184447.457429833,1,0,0.01
1773184448.478919347,0,0,2.47
1773184448.478919347,1,0,0.01
1773184449.499922761,0,0,2.47
1773184449.499922761,1,0,0.01
1773184450.521251095,0,0,2.47
1773184450.521251095,1,0,0.01
1773184451.542346902,0,0,2.47
1773184451.542346902,1,0,0.01
1773184452.564110125,0,0,2.47
1773184452.564110125,1,0,0.01
1773184453.586067654,0,0,2.47
1773184453.586067654,1,0,0.01
1773184454.608361423,0,0,2.47
1773184454.608361423,1,0,0.01
1773184455.629163408,0,0,2.47
1773184455.629163408,1,0,0.01
1773184456.651018193,0,0,2.47
1773184456.651018193,1,0,0.01
1773184457.672387110,0,0,2.47
1773184457.672387110,1,0,0.01
1773184458.693701724,0,0,2.47
1773184458.693701724,1,0,0.01
1773184459.715503053,0,0,2.47
1773184459.715503053,1,0,0.01
1773184460.737576913,0,0,2.47
1773184460.737576913,1,0,0.01
1773184461.758623579,0,0,2.47
1773184461.758623579,1,0,0.01
1773184462.779884948,0,0,2.47
1773184462.779884948,1,0,0.01
1773184463.801458114,0,0,2.47
1773184463.801458114,1,0,0.01
1773184464.822723325,0,0,2.47
1773184464.822723325,1,0,0.01
1773184465.843728530,0,0,2.47
1773184465.843728530,1,0,0.01
1773184466.865326942,0,0,2.47
1773184466.865326942,1,0,0.01
1773184467.887541096,0,0,2.47
1773184467.887541096,1,0,0.01
1773184468.908786976,0,0,2.47
1773184468.908786976,1,0,0.01
1773184469.929787358,0,0,2.47
1773184469.929787358,1,0,0.01
1773184470.951483861,0,0,2.47
1773184470.951483861,1,0,0.01
1773184471.973655553,0,0,2.47
1773184471.973655553,1,0,0.01
1773184472.994910290,0,0,2.47
1773184472.994910290,1,0,0.01
1773184474.016136844,0,0,2.47
1773184474.016136844,1,0,0.01
1773184475.037171515,0,0,2.47
1773184475.037171515,1,0,0.01
1773184476.060163992,0,0,2.47
1773184476.060163992,1,0,0.01
1773184477.081598849,0,0,2.47
1773184477.081598849,1,0,0.01
1773184478.103068615,0,0,2.47
1773184478.103068615,1,0,0.01
1773184479.124678572,0,0,2.47
1773184479.124678572,1,0,0.01
1773184480.146470407,0,0,2.47
1773184480.146470407,1,0,0.01
1773184481.167250659,0,0,2.47
1773184481.167250659,1,0,0.01
1773184482.188183033,0,0,2.47
1773184482.188183033,1,0,0.01
1773184483.209360502,0,0,2.47
1773184483.209360502,1,0,0.01
1773184484.231400207,0,0,2.47
1773184484.231400207,1,0,0.01
1773184485.252387292,0,0,2.47
1773184485.252387292,1,0,0.01
1773184486.274317581,0,0,2.47
1773184486.274317581,1,0,0.01
1773184487.296846548,0,0,2.47
1773184487.296846548,1,0,0.01
1773184488.318261813,0,0,2.47
1773184488.318261813,1,0,0.01
1773184489.340218442,0,0,2.47
1773184489.340218442,1,0,0.01
1773184490.361611222,0,0,2.47
1773184490.361611222,1,0,0.01
1773184491.383509881,0,0,2.47
1773184491.383509881,1,0,0.01
1773184492.405310523,0,0,2.47
1773184492.405310523,1,0,0.01
1773184493.426568687,0,0,2.47
1773184493.426568687,1,0,0.01
1773184494.447725791,0,0,2.47
1773184494.447725791,1,0,0.01
1773184495.468995116,0,0,2.47
1773184495.468995116,1,0,0.01
1773184496.490189119,0,0,2.47
1773184496.490189119,1,0,0.01
1773184497.511435476,0,0,2.47
1773184497.511435476,1,0,0.01
1773184498.532667722,0,0,2.47
1773184498.532667722,1,0,0.01
1773184499.553782620,0,0,2.47
1773184499.553782620,1,0,0.01
1773184500.574944684,0,0,2.47
1773184500.574944684,1,0,0.01
1773184501.596997897,0,0,2.47
1773184501.596997897,1,0,0.01
1773184502.618158919,0,0,2.47
1773184502.618158919,1,0,0.01
1773184503.639215212,0,0,2.47
1773184503.639215212,1,0,0.01
1773184504.660346379,0,0,2.47
1773184504.660346379,1,0,0.01
1773184505.682089264,0,0,2.47
1773184505.682089264,1,0,0.01
1773184506.703920807,0,0,2.47
1773184506.703920807,1,0,0.01
1773184507.725208446,0,0,2.47
1773184507.725208446,1,0,0.01
1773184508.746485002,0,0,2.47
1773184508.746485002,1,0,0.01
1773184509.768138252,0,0,2.47
1773184509.768138252,1,0,0.01
1773184510.789632009,0,0,2.47
1773184510.789632009,1,0,0.01
1773184511.810501245,0,0,2.47
1773184511.810501245,1,0,0.01
1773184512.831834529,0,0,2.47
1773184512.831834529,1,0,0.01
1773184513.853284492,0,0,2.47
1773184513.853284492,1,0,0.01
1773184514.874855270,0,0,2.47
1773184514.874855270,1,0,0.01
1773184515.897071801,0,0,2.47
1773184515.897071801,1,0,0.01
1773184516.918340946,0,0,2.47
1773184516.918340946,1,0,0.01
1773184517.940094946,0,0,2.47
1773184517.940094946,1,0,0.01
1773184518.961865350,0,0,2.47
1773184518.961865350,1,0,0.01
1773184519.983471148,0,0,2.47
1773184519.983471148,1,0,0.01
1773184521.005005684,0,0,2.47
1773184521.005005684,1,0,0.01
1773184522.027016214,0,0,2.47
1773184522.027016214,1,0,0.01
1773184523.049410823,0,0,2.47
1773184523.049410823,1,0,0.01
1773184524.070571126,0,0,2.47
1773184524.070571126,1,0,0.01
1773184525.092049897,0,0,2.47
1773184525.092049897,1,0,0.01
1773184526.113821666,0,0,2.47
1773184526.113821666,1,0,0.01
1773184527.135507127,0,0,2.47
1773184527.135507127,1,0,0.01
1773184528.157191316,0,0,2.47
1773184528.157191316,1,0,0.01
1773184529.178553180,0,0,2.47
1773184529.178553180,1,0,0.01
1773184530.199849005,0,0,2.47
1773184530.199849005,1,0,0.01
1773184531.221176450,0,0,2.47
1773184531.221176450,1,0,0.01
1773184532.243487413,0,0,2.47
1773184532.243487413,1,0,0.01
1773184533.265547911,0,0,2.47
1773184533.265547911,1,0,0.01
1773184534.287279190,0,0,2.47
1773184534.287279190,1,0,0.01
1773184535.308500677,0,0,2.47
1773184535.308500677,1,0,0.01
1773184536.329932531,0,0,2.47
1773184536.329932531,1,0,0.01
1773184537.351885747,0,0,2.47
1773184537.351885747,1,0,0.01
1773184538.372613764,0,0,2.47
1773184538.372613764,1,0,0.01
1773184539.393369245,0,0,2.47
1773184539.393369245,1,0,0.01
1773184540.415034401,0,0,2.47
1773184540.415034401,1,0,0.01
1773184541.437061605,0,0,2.47
1773184541.437061605,1,0,0.01
1773184542.458532605,0,0,2.47
1773184542.458532605,1,0,0.01
1773184543.480673003,0,0,2.47
1773184543.480673003,1,0,0.01
1773184544.501940737,0,0,2.47
1773184544.501940737,1,0,0.01
1773184545.522981055,0,0,2.47
1773184545.522981055,1,0,0.01
1773184546.543854051,0,0,2.47
1773184546.543854051,1,0,0.01
1773184547.565463099,0,0,2.47
1773184547.565463099,1,0,0.01
1773184548.586771476,0,0,2.47
1773184548.586771476,1,0,0.01
1773184549.607943776,0,0,2.47
1773184549.607943776,1,0,0.01
1773184550.629574041,0,0,2.47
1773184550.629574041,1,0,0.01
1773184551.650846960,0,0,2.47
1773184551.650846960,1,0,0.01
1773184552.672284086,0,0,2.47
1773184552.672284086,1,0,0.01
1773184553.693087543,0,0,2.47
1773184553.693087543,1,0,0.01
1773184554.714046284,0,0,2.47
1773184554.714046284,1,0,0.01
1773184555.734898413,0,0,2.47
1773184555.734898413,1,0,0.01
1773184556.756045527,0,0,2.47
1773184556.756045527,1,0,0.01
1773184557.777332136,0,0,2.47
1773184557.777332136,1,0,0.01
1773184558.798267265,0,0,2.47
1773184558.798267265,1,0,0.01
1773184559.819447408,0,0,2.47
1773184559.819447408,1,0,0.01
1773184560.840711433,0,0,2.47
1773184560.840711433,1,0,0.01
1773184561.861740593,0,0,2.47
1773184561.861740593,1,0,0.01
1773184562.883538026,0,0,2.47
1773184562.883538026,1,0,0.01
1773184563.904721603,0,0,2.47
1773184563.904721603,1,0,0.01
1773184564.925859086,0,0,2.47
1773184564.925859086,1,0,0.01
1773184565.946661937,0,0,2.47
1773184565.946661937,1,0,0.01
1773184566.969117537,0,0,2.47
1773184566.969117537,1,0,0.01
1773184567.990231798,0,0,2.47
1773184567.990231798,1,0,0.01
1773184569.012056595,0,0,2.47
1773184569.012056595,1,0,0.01
1773184570.033230298,0,0,2.47
1773184570.033230298,1,0,0.01
1773184571.054929935,0,0,2.47
1773184571.054929935,1,0,0.01
1773184572.076164190,0,0,2.47
1773184572.076164190,1,0,0.01
1773184573.096992874,0,0,2.47
1773184573.096992874,1,0,0.01
1773184574.118946079,0,0,2.47
1773184574.118946079,1,0,0.01
1773184575.139986720,0,0,2.47
1773184575.139986720,1,0,0.01
1773184576.160840746,0,0,2.47
1773184576.160840746,1,0,0.01
1773184577.181852897,0,0,2.47
1773184577.181852897,1,0,0.01
1773184578.203167200,0,0,2.47
1773184578.203167200,1,0,0.01
1773184579.224163457,0,0,2.47
1773184579.224163457,1,0,0.01
1773184580.245262801,0,0,2.47
1773184580.245262801,1,0,0.01
1773184581.266088578,0,0,2.47
1773184581.266088578,1,0,0.01
1773184582.287607668,0,0,2.47
1773184582.287607668,1,0,0.01
1773184583.308971163,0,0,2.47
1773184583.308971163,1,0,0.01
1773184584.330532533,0,0,2.47
1773184584.330532533,1,0,0.01
1773184585.351990218,0,0,2.47
1773184585.351990218,1,0,0.01
1773184586.372825044,0,0,2.47
1773184586.372825044,1,0,0.01
1773184587.394812126,0,0,2.47
1773184587.394812126,1,0,0.01
1773184588.416067576,0,0,2.47
1773184588.416067576,1,0,0.01
1773184589.437229056,0,0,2.47
1773184589.437229056,1,0,0.01
1773184590.458823071,0,0,2.47
1773184590.458823071,1,0,0.01
1773184591.479921744,0,0,2.47
1773184591.479921744,1,0,0.01
1773184592.501646410,0,0,2.47
1773184592.501646410,1,0,0.01
1773184593.523299765,0,0,2.47
1773184593.523299765,1,0,0.01
1773184594.544824587,0,0,2.47
1773184594.544824587,1,0,0.01
1773184595.566047350,0,0,2.47
1773184595.566047350,1,0,0.01
1773184596.587266283,0,0,2.47
1773184596.587266283,1,0,0.01
1773184597.608707617,0,0,2.47
1773184597.608707617,1,0,0.01
1773184598.630038143,0,0,2.47
1773184598.630038143,1,0,0.01
1773184599.652008097,0,0,2.47
1773184599.652008097,1,0,0.01
1773184600.673401101,0,0,2.47
1773184600.673401101,1,0,0.01
1773184601.695712171,0,0,2.47
1773184601.695712171,1,0,0.01
1773184602.718295563,0,0,2.47
1773184602.718295563,1,0,0.01
1773184603.740194473,0,0,2.47
1773184603.740194473,1,0,0.01
1773184604.762219662,0,0,2.47
1773184604.762219662,1,0,0.01
1773184605.783641486,0,0,2.47
1773184605.783641486,1,0,0.01
1773184606.804778158,0,0,2.47
1773184606.804778158,1,0,0.01
1773184607.826588755,0,0,2.47
1773184607.826588755,1,0,0.01
1773184608.847292409,0,0,2.47
1773184608.847292409,1,0,0.01
1773184609.868877965,0,0,2.47
1773184609.868877965,1,0,0.01
1773184610.889936760,0,0,2.47
1773184610.889936760,1,0,0.01
1773184611.910678982,0,0,2.47
1773184611.910678982,1,0,0.01
1773184612.931997241,0,0,2.47
1773184612.931997241,1,0,0.01
1773184613.953054325,0,0,2.47
1773184613.953054325,1,0,0.01
1773184614.974281673,0,0,2.47
1773184614.974281673,1,0,0.01
1773184615.995202532,0,0,2.47
1773184615.995202532,1,0,0.01
1773184617.016533290,0,0,2.47
1773184617.016533290,1,0,0.01
1773184618.037427528,0,0,2.47
1773184618.037427528,1,0,0.01
1773184619.058843503,0,0,2.47
1773184619.058843503,1,0,0.01
1773184620.079667777,0,0,2.47
1773184620.079667777,1,0,0.01
1773184621.101268583,0,0,2.47
1773184621.101268583,1,0,0.01
1773184622.122434873,0,0,2.47
1773184622.122434873,1,0,0.01
1773184623.143454052,0,0,2.47
1773184623.143454052,1,0,0.01
1773184624.165156722,0,0,2.47
1773184624.165156722,1,0,0.01
1773184625.186430152,0,0,2.47
1773184625.186430152,1,0,0.01
1773184626.208144174,0,0,2.47
1773184626.208144174,1,0,0.01
1773184627.229158381,0,66,2.47
1773184627.229158381,1,0,0.01
1773184628.250778789,0,62,2.47
1773184628.250778789,1,0,0.01
1773184629.272510622,0,0,2.47
1773184629.272510622,1,0,0.01
1773184630.294428175,0,0,2.47
1773184630.294428175,1,0,0.01
1773184631.316150529,0,0,2.47
1773184631.316150529,1,0,0.01
1773184632.337269182,0,0,2.47
1773184632.337269182,1,0,0.01
1773184633.358787707,0,0,2.47
1773184633.358787707,1,0,0.01
1773184634.380817599,0,0,2.47
1773184634.380817599,1,0,0.01
1773184635.402153920,0,0,2.47
1773184635.402153920,1,0,0.01
1773184636.423881685,0,0,2.47
1773184636.423881685,1,0,0.01
1773184637.445435177,0,0,2.47
1773184637.445435177,1,0,0.01
1773184638.467493404,0,0,2.47
1773184638.467493404,1,0,0.01
1773184639.489910436,0,0,2.47
1773184639.489910436,1,0,0.01
1773184640.511899548,0,0,2.47
1773184640.511899548,1,0,0.01
1773184641.533427034,0,0,2.47
1773184641.533427034,1,0,0.01
1773184642.554562753,0,0,2.47
1773184642.554562753,1,0,0.01
1773184643.576437020,0,0,2.47
1773184643.576437020,1,0,0.01
1773184644.598114085,0,0,2.47
1773184644.598114085,1,0,0.01
1773184645.619189014,0,0,2.47
1773184645.619189014,1,0,0.01
1773184646.640920157,0,0,2.47
1773184646.640920157,1,0,0.01
1773184647.662928257,0,0,2.47
1773184647.662928257,1,0,0.01
1773184648.685356865,0,0,2.47
1773184648.685356865,1,0,0.01
1773184649.707229650,0,0,2.47
1773184649.707229650,1,0,0.01
1773184650.729110245,0,0,2.47
1773184650.729110245,1,0,0.01
1773184651.750564527,0,0,2.47
1773184651.750564527,1,0,0.01
1773184652.773290283,0,0,2.47
1773184652.773290283,1,0,0.01
1773184653.795245249,0,0,2.47
1773184653.795245249,1,0,0.01
1773184654.816565804,0,0,2.47
1773184654.816565804,1,0,0.01
1773184655.838371967,0,0,2.47
1773184655.838371967,1,0,0.01
1773184656.860420438,0,0,2.47
1773184656.860420438,1,0,0.01
1773184657.882544956,0,0,2.47
1773184657.882544956,1,0,0.01
1773184658.905116655,0,0,2.47
1773184658.905116655,1,0,0.01
1773184659.926680270,0,0,2.47
1773184659.926680270,1,0,0.01
1773184660.947952402,0,0,2.47
1773184660.947952402,1,0,0.01
1773184661.969151870,0,0,2.47
1773184661.969151870,1,0,0.01
1773184662.990983642,0,0,2.47
1773184662.990983642,1,0,0.01
1773184664.012989068,0,0,2.47
1773184664.012989068,1,0,0.01
1773184665.034507303,0,0,2.47
1773184665.034507303,1,0,0.01
1773184666.055523274,0,0,2.47
1773184666.055523274,1,0,0.01
1773184667.077151140,0,0,2.47
1773184667.077151140,1,0,0.01
1773184668.098600564,0,0,2.47
1773184668.098600564,1,0,0.01
1773184669.120450719,0,0,2.47
1773184669.120450719,1,0,0.01
1773184670.141741989,0,0,2.47
1773184670.141741989,1,0,0.01
1773184671.164054736,0,0,2.47
1773184671.164054736,1,0,0.01
1773184672.186644660,0,0,2.47
1773184672.186644660,1,0,0.01
1773184673.209092334,0,0,2.47
1773184673.209092334,1,0,0.01
1773184674.232131389,0,0,2.47
1773184674.232131389,1,0,0.01
1773184675.254140529,0,0,2.47
1773184675.254140529,1,0,0.01
1773184676.276495069,0,0,2.47
1773184676.276495069,1,0,0.01
1773184677.298856474,0,0,2.47
1773184677.298856474,1,0,0.01
1773184678.320590953,0,0,2.47
1773184678.320590953,1,0,0.01
1773184679.342857527,0,0,2.47
1773184679.342857527,1,0,0.01
1773184680.364920452,0,0,2.47
1773184680.364920452,1,0,0.01
1773184681.386218901,0,0,2.47
1773184681.386218901,1,0,0.01
1773184682.407710877,0,0,2.47
1773184682.407710877,1,0,0.01
1773184683.428867708,0,0,2.47
1773184683.428867708,1,0,0.01
1773184684.450387310,0,0,2.47
1773184684.450387310,1,0,0.01
1773184685.471344205,0,0,2.47
1773184685.471344205,1,0,0.01
1773184686.493044917,0,0,2.47
1773184686.493044917,1,0,0.01
1773184687.514240471,0,0,2.47
1773184687.514240471,1,0,0.01
1773184688.535704916,0,0,2.47
1773184688.535704916,1,0,0.01
1773184689.557460829,0,0,2.47
1773184689.557460829,1,0,0.01
1773184690.578610428,0,0,2.47
1773184690.578610428,1,0,0.01
1773184691.600197833,0,0,2.47
1773184691.600197833,1,0,0.01
1773184692.621170404,0,0,2.47
1773184692.621170404,1,0,0.01
1773184693.643289404,0,0,2.47
1773184693.643289404,1,0,0.01
1773184694.664965646,0,0,2.47
1773184694.664965646,1,0,0.01
1773184695.687529088,0,0,2.47
1773184695.687529088,1,0,0.01
1773184696.708848331,0,0,2.47
1773184696.708848331,1,0,0.01
1773184697.730367381,0,0,2.47
1773184697.730367381,1,0,0.01
1773184698.751330498,0,0,2.47
1773184698.751330498,1,0,0.01
1773184699.772090435,0,0,2.47
1773184699.772090435,1,0,0.01
1773184700.792424425,0,0,2.47
1773184700.792424425,1,0,0.01
1773184701.813682459,0,0,2.47
1773184701.813682459,1,0,0.01
1773184702.835501098,0,0,2.47
1773184702.835501098,1,0,0.01
1773184703.857233814,0,0,2.47
1773184703.857233814,1,0,0.01
1773184704.878710039,0,0,2.47
1773184704.878710039,1,0,0.01
1773184705.900403940,0,0,2.47
1773184705.900403940,1,0,0.01
1773184706.921105718,0,0,2.47
1773184706.921105718,1,0,0.01
1773184707.942747468,0,0,2.47
1773184707.942747468,1,0,0.01
1773184708.964196601,0,0,2.47
1773184708.964196601,1,0,0.01
1773184709.986265828,0,0,2.47
1773184709.986265828,1,0,0.01
1773184711.007387091,0,0,2.47
1773184711.007387091,1,0,0.01
1773184712.028917541,0,0,2.47
1773184712.028917541,1,0,0.01
1773184713.049487526,0,0,2.47
1773184713.049487526,1,0,0.01
1773184714.070799141,0,0,2.47
1773184714.070799141,1,0,0.01
1773184715.092293068,0,0,2.47
1773184715.092293068,1,0,0.01
1773184716.113810542,0,0,2.47
1773184716.113810542,1,0,0.01
1773184717.135740797,0,0,2.47
1773184717.135740797,1,0,0.01
1773184718.157450283,0,0,2.47
1773184718.157450283,1,0,0.01
1773184719.178559867,0,0,2.47
1773184719.178559867,1,0,0.01
1773184720.198761037,0,0,2.47
1773184720.198761037,1,0,0.01
1773184721.219531420,0,0,2.47
1773184721.219531420,1,0,0.01
1773184722.240547174,0,0,2.47
1773184722.240547174,1,0,0.01
1773184723.261545197,0,0,2.47
1773184723.261545197,1,0,0.01
1773184724.282927022,0,0,2.47
1773184724.282927022,1,0,0.01
1773184725.303821672,0,0,2.47
1773184725.303821672,1,0,0.01
1773184726.324823198,0,0,2.47
1773184726.324823198,1,0,0.01
1773184727.345780349,0,0,2.47
1773184727.345780349,1,0,0.01
1773184728.366679751,0,0,2.47
1773184728.366679751,1,0,0.01
1773184729.388770578,0,0,2.47
1773184729.388770578,1,0,0.01
1773184730.409561831,0,0,2.47
1773184730.409561831,1,0,0.01
1773184731.430304038,0,0,2.47
1773184731.430304038,1,0,0.01
1773184732.451982124,0,0,2.47
1773184732.451982124,1,0,0.01
1773184733.472811332,0,0,2.47
1773184733.472811332,1,0,0.01
1773184734.493505056,0,0,2.47
1773184734.493505056,1,0,0.01
1773184735.514564654,0,0,2.47
1773184735.514564654,1,0,0.01
1773184736.535964831,0,0,2.47
1773184736.535964831,1,0,0.01
1773184737.557025346,0,0,2.47
1773184737.557025346,1,0,0.01
1773184738.577627543,0,0,2.47
1773184738.577627543,1,0,0.01
1773184739.598705856,0,0,2.47
1773184739.598705856,1,0,0.01
1773184740.620318836,0,0,2.47
1773184740.620318836,1,0,0.01
1773184741.641579625,0,0,2.47
1773184741.641579625,1,0,0.01
1773184742.662673661,0,0,2.47
1773184742.662673661,1,0,0.01
1773184743.684127468,0,0,2.47
1773184743.684127468,1,0,0.01
1773184744.704933390,0,0,2.47
1773184744.704933390,1,0,0.01
1773184745.725763337,0,0,2.47
1773184745.725763337,1,0,0.01
1773184746.747285962,0,0,2.47
1773184746.747285962,1,0,0.01
1773184747.768026347,0,0,2.47
1773184747.768026347,1,0,0.01
1773184748.788918492,0,0,2.47
1773184748.788918492,1,0,0.01
1773184749.809884471,0,0,2.47
1773184749.809884471,1,0,0.01
1773184750.831831632,0,0,2.47
1773184750.831831632,1,0,0.01
1773184751.852341338,0,0,2.47
1773184751.852341338,1,0,0.01
1773184752.873874617,0,0,2.47
1773184752.873874617,1,0,0.01
1773184753.895896048,0,0,2.47
1773184753.895896048,1,0,0.01
1773184754.917968079,0,0,2.47
1773184754.917968079,1,0,0.01
1773184755.939723387,0,0,2.47
1773184755.939723387,1,0,0.01
1773184756.960646556,0,0,2.47
1773184756.960646556,1,0,0.01
1773184757.981556770,0,0,2.47
1773184757.981556770,1,0,0.01
1773184759.002580615,0,0,2.47
1773184759.002580615,1,0,0.01
1773184760.023169669,0,0,2.47
1773184760.023169669,1,0,0.01
1773184761.044297392,0,36,2.47
1773184761.044297392,1,0,0.01
1773184762.065638269,0,65,2.47
1773184762.065638269,1,0,0.01
1773184763.087321613,0,1,2.47
1773184763.087321613,1,0,0.01
1773184764.108588384,0,0,2.47
1773184764.108588384,1,0,0.01
1773184765.129652780,0,0,2.47
1773184765.129652780,1,0,0.01
1773184766.150710899,0,0,2.47
1773184766.150710899,1,0,0.01
1773184767.171775329,0,0,2.47
1773184767.171775329,1,0,0.01
1773184768.193741205,0,0,2.47
1773184768.193741205,1,0,0.01
1773184769.215859926,0,0,2.47
1773184769.215859926,1,0,0.01
1773184770.237640639,0,0,2.47
1773184770.237640639,1,0,0.01
1773184771.258929674,0,0,2.47
1773184771.258929674,1,0,0.01
1773184772.280885538,0,0,2.47
1773184772.280885538,1,0,0.01
1773184773.301494743,0,0,2.47
1773184773.301494743,1,0,0.01
1773184774.322807504,0,0,2.47
1773184774.322807504,1,0,0.01
1773184775.345058676,0,0,2.47
1773184775.345058676,1,0,0.01
1773184776.366152165,0,0,2.47
1773184776.366152165,1,0,0.01
1773184777.387663016,0,0,2.47
1773184777.387663016,1,0,0.01
1773184778.409039069,0,0,2.47
1773184778.409039069,1,0,0.01
1773184779.429906861,0,0,2.47
1773184779.429906861,1,0,0.01
1773184780.451021159,0,0,2.47
1773184780.451021159,1,0,0.01
1773184781.473140421,0,0,2.47
1773184781.473140421,1,0,0.01
1773184782.495253423,0,0,2.47
1773184782.495253423,1,0,0.01
1773184783.516074628,0,0,2.47
1773184783.516074628,1,0,0.01
1773184784.536973753,0,0,2.47
1773184784.536973753,1,0,0.01
1773184785.557897454,0,0,2.47
1773184785.557897454,1,0,0.01
1773184786.578856743,0,0,2.47
1773184786.578856743,1,0,0.01
1773184787.600108714,0,0,2.47
1773184787.600108714,1,0,0.01
1773184788.621340818,0,0,2.47
1773184788.621340818,1,0,0.01
1773184789.642420584,0,0,2.47
1773184789.642420584,1,0,0.01
1773184790.663583050,0,0,2.47
1773184790.663583050,1,0,0.01
1773184791.684853624,0,0,2.47
1773184791.684853624,1,0,0.01
1773184792.706103234,0,0,2.47
1773184792.706103234,1,0,0.01
1773184793.728271831,0,0,2.47
1773184793.728271831,1,0,0.01
1773184794.749000668,0,0,2.47
1773184794.749000668,1,0,0.01
1773184795.770813694,0,0,2.47
1773184795.770813694,1,0,0.01
1773184796.792059266,0,0,2.47
1773184796.792059266,1,0,0.01
1773184797.813123007,0,0,2.47
1773184797.813123007,1,0,0.01
1773184798.833783230,0,0,2.47
1773184798.833783230,1,0,0.01
1773184799.855419423,0,0,2.47
1773184799.855419423,1,0,0.01
1773184800.876006373,0,0,2.47
1773184800.876006373,1,0,0.01
1773184801.897189494,0,0,2.47
1773184801.897189494,1,0,0.01
1773184802.919048698,0,0,2.47
1773184802.919048698,1,0,0.01
1773184803.940030733,0,0,2.47
1773184803.940030733,1,0,0.01
1773184804.961172762,0,0,2.47
1773184804.961172762,1,0,0.01
1773184805.982156562,0,0,2.47
1773184805.982156562,1,0,0.01
1773184807.003153070,0,0,2.47
1773184807.003153070,1,0,0.01
1773184808.024290040,0,0,2.47
1773184808.024290040,1,0,0.01
1773184809.045116334,0,0,2.47
1773184809.045116334,1,0,0.01
1773184810.066157369,0,0,2.47
1773184810.066157369,1,0,0.01
1773184811.087214139,0,0,2.47
1773184811.087214139,1,0,0.01
1773184812.108802265,0,0,2.47
1773184812.108802265,1,0,0.01
1773184813.130949389,0,0,2.47
1773184813.130949389,1,0,0.01
1773184814.152096709,0,0,2.47
1773184814.152096709,1,0,0.01
1773184815.172981821,0,0,2.47
1773184815.172981821,1,0,0.01
1773184816.195087544,0,0,2.47
1773184816.195087544,1,0,0.01
1773184817.216526501,0,0,2.47
1773184817.216526501,1,0,0.01
1773184818.237662039,0,0,2.47
1773184818.237662039,1,0,0.01
1773184819.258465101,0,0,2.47
1773184819.258465101,1,0,0.01
1773184820.280062836,0,0,2.47
1773184820.280062836,1,0,0.01
1773184821.301247252,0,0,2.47
1773184821.301247252,1,0,0.01
1773184822.322167949,0,0,2.47
1773184822.322167949,1,0,0.01
1773184823.343964958,0,0,2.47
1773184823.343964958,1,0,0.01
1773184824.365139786,0,0,2.47
1773184824.365139786,1,0,0.01
1773184825.386278904,0,0,2.47
1773184825.386278904,1,0,0.01
1773184826.407501118,0,0,2.47
1773184826.407501118,1,0,0.01
1773184827.428329236,0,0,2.47
1773184827.428329236,1,0,0.01
1773184828.449379313,0,0,2.47
1773184828.449379313,1,0,0.01
1773184829.470515691,0,0,2.47
1773184829.470515691,1,0,0.01
1773184830.492039875,0,0,2.47
1773184830.492039875,1,0,0.01
1773184831.513193650,0,0,2.47
1773184831.513193650,1,0,0.01
1773184832.535027183,0,0,2.47
1773184832.535027183,1,0,0.01
1773184833.556278586,0,0,2.47
1773184833.556278586,1,0,0.01
1773184834.577331969,0,0,2.47
1773184834.577331969,1,0,0.01
1773184835.598838969,0,0,2.47
1773184835.598838969,1,0,0.01
1773184836.620045148,0,0,2.47
1773184836.620045148,1,0,0.01
1773184837.641341843,0,0,2.47
1773184837.641341843,1,0,0.01
1773184838.663373894,0,0,2.47
1773184838.663373894,1,0,0.01
1773184839.684485807,0,0,2.47
1773184839.684485807,1,0,0.01
1773184840.705743647,0,0,2.47
1773184840.705743647,1,0,0.01
1773184841.727741723,0,0,2.47
1773184841.727741723,1,0,0.01
1773184842.749129457,0,0,2.47
1773184842.749129457,1,0,0.01
1773184843.771186917,0,0,2.47
1773184843.771186917,1,0,0.01
1773184844.793084719,0,0,2.47
1773184844.793084719,1,0,0.01
1773184845.815413652,0,0,2.47
1773184845.815413652,1,0,0.01
1773184846.836714996,0,0,2.47
1773184846.836714996,1,0,0.01
1773184847.857904749,0,0,2.47
1773184847.857904749,1,0,0.01
1773184848.879137090,0,0,2.47
1773184848.879137090,1,0,0.01
1773184849.899942615,0,0,2.47
1773184849.899942615,1,0,0.01
1773184850.920960200,0,0,2.47
1773184850.920960200,1,0,0.01
1773184851.942489791,0,0,2.47
1773184851.942489791,1,0,0.01
1773184852.963821095,0,0,2.47
1773184852.963821095,1,0,0.01
1773184853.985734589,0,0,2.47
1773184853.985734589,1,0,0.01
1773184855.007223506,0,0,2.47
1773184855.007223506,1,0,0.01
1773184856.028704456,0,0,2.47
1773184856.028704456,1,0,0.01
1773184857.051180408,0,0,2.47
1773184857.051180408,1,0,0.01
1773184858.073193755,0,0,2.47
1773184858.073193755,1,0,0.01
1773184859.094634970,0,0,2.47
1773184859.094634970,1,0,0.01
1773184860.116497833,0,0,2.47
1773184860.116497833,1,0,0.01
1773184861.137758840,0,0,2.47
1773184861.137758840,1,0,0.01
1773184862.161112860,0,0,2.47
1773184862.161112860,1,0,0.01
1773184863.182864482,0,0,2.47
1773184863.182864482,1,0,0.01
1773184864.203587942,0,0,2.47
1773184864.203587942,1,0,0.01
1773184865.225561280,0,0,2.47
1773184865.225561280,1,0,0.01
1773184866.247277075,0,0,2.47
1773184866.247277075,1,0,0.01
1773184867.268675595,0,0,2.47
1773184867.268675595,1,0,0.01
1773184868.290052581,0,0,2.47
1773184868.290052581,1,0,0.01
1773184869.311977798,0,0,2.47
1773184869.311977798,1,0,0.01
1773184870.333059284,0,0,2.47
1773184870.333059284,1,0,0.01
1773184871.354084644,0,0,2.47
1773184871.354084644,1,0,0.01
1773184872.375299304,0,0,2.47
1773184872.375299304,1,0,0.01
1773184873.396046763,0,0,2.47
1773184873.396046763,1,0,0.01
1773184874.417891938,0,0,2.47
1773184874.417891938,1,0,0.01
1773184875.439666755,0,0,2.47
1773184875.439666755,1,0,0.01
1773184876.460712290,0,0,2.47
1773184876.460712290,1,0,0.01
1773184877.481725312,0,0,2.47
1773184877.481725312,1,0,0.01
1773184878.503696531,0,0,2.47
1773184878.503696531,1,0,0.01
1773184879.524589136,0,0,2.47
1773184879.524589136,1,0,0.01
1773184880.546093123,0,0,2.47
1773184880.546093123,1,0,0.01
1773184881.567362750,0,0,2.47
1773184881.567362750,1,0,0.01
1773184882.588702765,0,0,2.47
1773184882.588702765,1,0,0.01
1773184883.610468126,0,0,2.47
1773184883.610468126,1,0,0.01
1773184884.631135212,0,0,2.47
1773184884.631135212,1,0,0.01
1773184885.652347211,0,0,2.47
1773184885.652347211,1,0,0.01
1773184886.673256760,0,0,2.47
1773184886.673256760,1,0,0.01
1773184887.694640436,0,66,2.47
1773184887.694640436,1,0,0.01
1773184888.716231147,0,66,2.47
1773184888.716231147,1,0,0.01
1773184889.738106492,0,0,2.47
1773184889.738106492,1,0,0.01
1773184890.759521699,0,0,2.47
1773184890.759521699,1,0,0.01
1773184891.780408891,0,0,2.47
1773184891.780408891,1,0,0.01
1773184892.801934159,0,0,2.47
1773184892.801934159,1,0,0.01
1773184893.824131639,0,0,2.47
1773184893.824131639,1,0,0.01
1773184894.845427599,0,0,2.47
1773184894.845427599,1,0,0.01
1773184895.866558442,0,0,2.47
1773184895.866558442,1,0,0.01
1773184896.888573071,0,0,2.47
1773184896.888573071,1,0,0.01
1773184897.909982457,0,0,2.47
1773184897.909982457,1,0,0.01
1773184898.931078721,0,0,2.47
1773184898.931078721,1,0,0.01
1773184899.952050076,0,0,2.47
1773184899.952050076,1,0,0.01
1773184900.973219240,0,0,2.47
1773184900.973219240,1,0,0.01
1773184901.995048419,0,0,2.47
1773184901.995048419,1,0,0.01
1773184903.016515760,0,0,2.47
1773184903.016515760,1,0,0.01
1773184904.038583677,0,0,2.47
1773184904.038583677,1,0,0.01
1773184905.060269108,0,0,2.47
1773184905.060269108,1,0,0.01
1773184906.081578879,0,0,2.47
1773184906.081578879,1,0,0.01
1773184907.103201037,0,0,2.47
1773184907.103201037,1,0,0.01
1773184908.124965491,0,0,2.47
1773184908.124965491,1,0,0.01
1773184909.146172473,0,0,2.47
1773184909.146172473,1,0,0.01
1773184910.167596819,0,0,2.47
1773184910.167596819,1,0,0.01
1773184911.189589137,0,0,2.47
1773184911.189589137,1,0,0.01
1773184912.211255812,0,0,2.47
1773184912.211255812,1,0,0.01
1773184913.232897816,0,0,2.47
1773184913.232897816,1,0,0.01
1773184914.254976415,0,0,2.47
1773184914.254976415,1,0,0.01
1773184915.276933968,0,0,2.47
1773184915.276933968,1,0,0.01
1773184916.298251471,0,0,2.47
1773184916.298251471,1,0,0.01
1773184917.319673503,0,0,2.47
1773184917.319673503,1,0,0.01
1773184918.341734139,0,0,2.47
1773184918.341734139,1,0,0.01
1773184919.363819402,0,0,2.47
1773184919.363819402,1,0,0.01
1773184920.384812128,0,0,2.47
1773184920.384812128,1,0,0.01
1773184921.405871739,0,0,2.47
1773184921.405871739,1,0,0.01
1773184922.427608023,0,0,2.47
1773184922.427608023,1,0,0.01
1773184923.449521099,0,0,2.47
1773184923.449521099,1,0,0.01
1773184924.470638736,0,0,2.47
1773184924.470638736,1,0,0.01
1773184925.491469016,0,0,2.47
1773184925.491469016,1,0,0.01
1773184926.513069562,0,0,2.47
1773184926.513069562,1,0,0.01
1773184927.533823451,0,0,2.47
1773184927.533823451,1,0,0.01
1773184928.555023468,0,0,2.47
1773184928.555023468,1,0,0.01
1773184929.575882588,0,0,2.47
1773184929.575882588,1,0,0.01
1773184930.597452876,0,0,2.47
1773184930.597452876,1,0,0.01
1773184931.618899202,0,0,2.47
1773184931.618899202,1,0,0.01
1773184932.640808944,0,0,2.47
1773184932.640808944,1,0,0.01
1773184933.662103342,0,0,2.47
1773184933.662103342,1,0,0.01
1773184934.683178675,0,0,2.47
1773184934.683178675,1,0,0.01
1773184935.705052327,0,0,2.47
1773184935.705052327,1,0,0.01
1773184936.725935336,0,0,2.47
1773184936.725935336,1,0,0.01
1773184937.747248207,0,0,2.47
1773184937.747248207,1,0,0.01
1773184938.768183342,0,0,2.47
1773184938.768183342,1,0,0.01
1773184939.790183959,0,0,2.47
1773184939.790183959,1,0,0.01
1773184940.811345103,0,0,2.47
1773184940.811345103,1,0,0.01
1773184941.832770622,0,0,2.47
1773184941.832770622,1,0,0.01
1773184942.853685795,0,0,2.47
1773184942.853685795,1,0,0.01
1773184943.875727344,0,0,2.47
1773184943.875727344,1,0,0.01
1773184944.897534943,0,0,2.47
1773184944.897534943,1,0,0.01
1773184945.918770224,0,0,2.47
1773184945.918770224,1,0,0.01
1773184946.940932842,0,0,2.47
1773184946.940932842,1,0,0.01
1773184947.962446424,0,0,2.47
1773184947.962446424,1,0,0.01
1773184948.983673551,0,0,2.47
1773184948.983673551,1,0,0.01
1773184950.004530247,0,0,2.47
1773184950.004530247,1,0,0.01
1773184951.025547429,0,0,2.47
1773184951.025547429,1,0,0.01
1773184952.046568635,0,0,2.47
1773184952.046568635,1,0,0.01
1773184953.067592130,0,0,2.47
1773184953.067592130,1,0,0.01
1773184954.089087986,0,0,2.47
1773184954.089087986,1,0,0.01
1773184955.110431085,0,0,2.47
1773184955.110431085,1,0,0.01
1773184956.132080086,0,0,2.47
1773184956.132080086,1,0,0.01
1773184957.153623060,0,0,2.47
1773184957.153623060,1,0,0.01
1773184958.175512942,0,0,2.47
1773184958.175512942,1,0,0.01
1773184959.197081223,0,0,2.47
1773184959.197081223,1,0,0.01
1773184960.218795547,0,0,2.47
1773184960.218795547,1,0,0.01
1773184961.240635166,0,0,2.47
1773184961.240635166,1,0,0.01
1773184962.262468187,0,0,2.47
1773184962.262468187,1,0,0.01
1773184963.283675812,0,0,2.47
1773184963.283675812,1,0,0.01
1773184964.305504574,0,0,2.47
1773184964.305504574,1,0,0.01
1773184965.326990098,0,0,2.47
1773184965.326990098,1,0,0.01
1773184966.347980067,0,0,2.47
1773184966.347980067,1,0,0.01
1773184967.369106822,0,0,2.47
1773184967.369106822,1,0,0.01
1773184968.390459661,0,0,2.47
1773184968.390459661,1,0,0.01
1773184969.411660073,0,0,2.47
1773184969.411660073,1,0,0.01
1773184970.432587978,0,0,2.47
1773184970.432587978,1,0,0.01
1773184971.453503969,0,0,2.47
1773184971.453503969,1,0,0.01
1773184972.474628163,0,0,2.47
1773184972.474628163,1,0,0.01
1773184973.495582524,0,0,2.47
1773184973.495582524,1,0,0.01
1773184974.516883574,0,0,2.47
1773184974.516883574,1,0,0.01
1773184975.537882371,0,0,2.47
1773184975.537882371,1,0,0.01
1773184976.559513668,0,0,2.47
1773184976.559513668,1,0,0.01
1773184977.580115566,0,0,2.47
1773184977.580115566,1,0,0.01
1773184978.600917236,0,0,2.47
1773184978.600917236,1,0,0.01
1773184979.622507313,0,0,2.47
1773184979.622507313,1,0,0.01
1773184980.644177598,0,0,2.47
1773184980.644177598,1,0,0.01
1773184981.665656206,0,0,2.47
1773184981.665656206,1,0,0.01
1773184982.687711454,0,0,2.47
1773184982.687711454,1,0,0.01
1773184983.708669442,0,0,2.47
1773184983.708669442,1,0,0.01
1773184984.730869396,0,0,2.47
1773184984.730869396,1,0,0.01
1773184985.752229587,0,0,2.47
1773184985.752229587,1,0,0.01
1773184986.773361044,0,0,2.47
1773184986.773361044,1,0,0.01
1773184987.795435978,0,0,2.47
1773184987.795435978,1,0,0.01
1773184988.816875208,0,0,2.47
1773184988.816875208,1,0,0.01
1773184989.838976633,0,0,2.47
1773184989.838976633,1,0,0.01
1773184990.860140425,0,0,2.47
1773184990.860140425,1,0,0.01
1773184991.880849423,0,0,2.47
1773184991.880849423,1,0,0.01
1773184992.901868063,0,0,2.47
1773184992.901868063,1,0,0.01
1773184993.924216433,0,0,2.47
1773184993.924216433,1,0,0.01
1773184994.945229641,0,0,2.47
1773184994.945229641,1,0,0.01
1773184995.967275029,0,0,2.47
1773184995.967275029,1,0,0.01
1773184996.989083056,0,0,2.47
1773184996.989083056,1,0,0.01
1773184998.010276633,0,0,2.47
1773184998.010276633,1,0,0.01
1773184999.031946428,0,0,2.47
1773184999.031946428,1,0,0.01
1773185000.052867860,0,0,2.47
1773185000.052867860,1,0,0.01
1773185001.073940295,0,0,2.47
1773185001.073940295,1,0,0.01
1773185002.095402307,0,0,2.47
1773185002.095402307,1,0,0.01
1773185003.117592830,0,0,2.47
1773185003.117592830,1,0,0.01
1773185004.138615398,0,0,2.47
1773185004.138615398,1,0,0.01
1773185005.160669623,0,0,2.47
1773185005.160669623,1,0,0.01
1773185006.181919853,0,0,2.47
1773185006.181919853,1,0,0.01
1773185007.203075768,0,0,2.47
1773185007.203075768,1,0,0.01
1773185008.224140122,0,0,2.47
1773185008.224140122,1,0,0.01
1773185009.245452435,0,0,2.47
1773185009.245452435,1,0,0.01
1773185010.266691532,0,0,2.47
1773185010.266691532,1,0,0.01
1773185011.287866492,0,0,2.47
1773185011.287866492,1,0,0.01
1773185012.308956969,0,0,2.47
1773185012.308956969,1,0,0.01
1773185013.329953681,0,0,2.47
1773185013.329953681,1,0,0.01
1773185014.351900136,0,0,2.47
1773185014.351900136,1,0,0.01
1773185015.374086077,0,0,2.47
1773185015.374086077,1,0,0.01
1773185016.395082901,0,0,2.47
1773185016.395082901,1,0,0.01
1773185017.416942349,0,0,2.47
1773185017.416942349,1,0,0.01
1773185018.439060577,0,0,2.47
1773185018.439060577,1,0,0.01
1773185019.459614593,0,0,2.47
1773185019.459614593,1,0,0.01
1773185020.481130049,0,0,2.47
1773185020.481130049,1,0,0.01
1773185021.503061670,0,0,2.47
1773185021.503061670,1,0,0.01
1773185022.524743029,0,0,2.47
1773185022.524743029,1,0,0.01
1773185023.545943411,0,0,2.47
1773185023.545943411,1,0,0.01
1773185024.567678471,0,0,2.47
1773185024.567678471,1,0,0.01
1773185025.589600691,0,0,2.47
1773185025.589600691,1,0,0.01
1773185026.611191961,0,0,2.47
1773185026.611191961,1,0,0.01
1773185027.632728552,0,0,2.47
1773185027.632728552,1,0,0.01
1773185028.654501022,0,0,2.47
1773185028.654501022,1,0,0.01
1773185029.675893876,0,0,2.47
1773185029.675893876,1,0,0.01
1773185030.698000521,0,0,2.47
1773185030.698000521,1,0,0.01
1773185031.719475781,0,0,2.47
1773185031.719475781,1,0,0.01
1773185032.741063352,0,0,2.47
1773185032.741063352,1,0,0.01
1773185033.762964117,0,0,2.47
1773185033.762964117,1,0,0.01
1773185034.785188076,0,0,2.47
1773185034.785188076,1,0,0.01
1773185035.807426617,0,0,2.47
1773185035.807426617,1,0,0.01
1773185036.828971906,0,0,2.47
1773185036.828971906,1,0,0.01
1773185037.849950836,0,0,2.47
1773185037.849950836,1,0,0.01
1773185038.871229748,0,0,2.47
1773185038.871229748,1,0,0.01
1773185039.892511162,0,0,2.47
1773185039.892511162,1,0,0.01
1773185040.913883408,0,0,2.47
1773185040.913883408,1,0,0.01
1773185041.934968677,0,0,2.47
1773185041.934968677,1,0,0.01
1773185042.956176274,0,0,2.47
1773185042.956176274,1,0,0.01
1773185043.978018452,0,0,2.47
1773185043.978018452,1,0,0.01
1773185045.000246273,0,0,2.47
1773185045.000246273,1,0,0.01
1773185046.022031156,0,0,2.47
1773185046.022031156,1,0,0.01
1773185047.043598376,0,0,2.47
1773185047.043598376,1,0,0.01
1773185048.065428655,0,0,2.47
1773185048.065428655,1,0,0.01
1773185049.086255410,0,0,2.47
1773185049.086255410,1,0,0.01
1773185050.107160173,0,0,2.47
1773185050.107160173,1,0,0.01
1773185051.129035500,0,0,2.47
1773185051.129035500,1,0,0.01
1773185052.150659940,0,0,2.47
1773185052.150659940,1,0,0.01
1773185053.171648000,0,0,2.47
1773185053.171648000,1,0,0.01
1773185054.193283667,0,0,2.47
1773185054.193283667,1,0,0.01
1773185055.213161586,0,0,2.47
1773185055.213161586,1,0,0.01
1773185056.234118250,0,0,2.47
1773185056.234118250,1,0,0.01
1773185057.256089590,0,0,2.47
1773185057.256089590,1,0,0.01
1773185058.277479890,0,0,2.47
1773185058.277479890,1,0,0.01
1773185059.299079567,0,0,2.47
1773185059.299079567,1,0,0.01
1773185060.320136683,0,0,2.47
1773185060.320136683,1,0,0.01
1773185061.341243727,0,0,2.47
1773185061.341243727,1,0,0.01
1773185062.362205047,0,0,2.47
1773185062.362205047,1,0,0.01
1773185063.383176529,0,0,2.47
1773185063.383176529,1,0,0.01
1773185064.404960301,0,0,2.47
1773185064.404960301,1,0,0.01
1773185065.426523987,0,0,2.47
1773185065.426523987,1,0,0.01
1773185066.447525626,0,0,2.47
1773185066.447525626,1,0,0.01
1773185067.468872948,0,0,2.47
1773185067.468872948,1,0,0.01
1773185068.490446678,0,0,2.47
1773185068.490446678,1,0,0.01
1773185069.512267159,0,0,2.47
1773185069.512267159,1,0,0.01
1773185070.533100450,0,0,2.47
1773185070.533100450,1,0,0.01
1773185071.554655894,0,0,2.47
1773185071.554655894,1,0,0.01
1773185072.575607720,0,0,2.47
1773185072.575607720,1,0,0.01
1773185073.597721273,0,0,2.47
1773185073.597721273,1,0,0.01
1773185074.618803091,0,0,2.47
1773185074.618803091,1,0,0.01
1773185075.639827271,0,0,2.47
1773185075.639827271,1,0,0.01
1773185076.661628352,0,0,2.47
1773185076.661628352,1,0,0.01
1773185077.683492350,0,0,2.47
1773185077.683492350,1,0,0.01
1773185078.705689487,0,0,2.47
1773185078.705689487,1,0,0.01
1773185079.726358993,0,0,2.47
1773185079.726358993,1,0,0.01
1773185080.747361701,0,0,2.47
1773185080.747361701,1,0,0.01
1773185081.769127971,0,0,2.47
1773185081.769127971,1,0,0.01
1773185082.791039316,0,0,2.47
1773185082.791039316,1,0,0.01
1773185083.812399427,0,0,2.47
1773185083.812399427,1,0,0.01
1773185084.834063176,0,0,2.47
1773185084.834063176,1,0,0.01
1773185085.855628074,0,0,2.47
1773185085.855628074,1,0,0.01
1773185086.876922067,0,0,2.47
1773185086.876922067,1,0,0.01
1773185087.897627591,0,0,2.47
1773185087.897627591,1,0,0.01
1773185088.918208406,0,0,2.47
1773185088.918208406,1,0,0.01
1773185089.939747648,0,0,2.47
1773185089.939747648,1,0,0.01
1773185090.961132481,0,0,2.47
1773185090.961132481,1,0,0.01
1773185091.981528459,0,0,2.47
1773185091.981528459,1,0,0.01
1773185093.003212029,0,0,2.47
1773185093.003212029,1,0,0.01
1773185094.024765020,0,0,2.47
1773185094.024765020,1,0,0.01
1773185095.046341334,0,0,2.47
1773185095.046341334,1,0,0.01
1773185096.067122792,0,0,2.47
1773185096.067122792,1,0,0.01
1773185097.088699942,0,0,2.47
1773185097.088699942,1,0,0.01
1773185098.110608407,0,0,2.47
1773185098.110608407,1,0,0.01
1773185099.131171659,0,0,2.47
1773185099.131171659,1,0,0.01
1773185100.152886595,0,0,2.47
1773185100.152886595,1,0,0.01
1773185101.174464032,0,0,2.47
1773185101.174464032,1,0,0.01
1773185102.195399501,0,0,2.47
1773185102.195399501,1,0,0.01
1773185103.216508397,0,0,2.47
1773185103.216508397,1,0,0.01
1773185104.237728137,0,0,2.47
1773185104.237728137,1,0,0.01
1773185105.259162342,0,0,2.47
1773185105.259162342,1,0,0.01
1773185106.281282442,0,0,2.47
1773185106.281282442,1,0,0.01
1773185107.302892539,0,0,2.47
1773185107.302892539,1,0,0.01
1773185108.325213318,0,0,2.47
1773185108.325213318,1,0,0.01
1773185109.346186413,0,0,2.47
1773185109.346186413,1,0,0.01
1773185110.367903177,0,0,2.47
1773185110.367903177,1,0,0.01
1773185111.389399017,0,0,2.47
1773185111.389399017,1,0,0.01
1773185112.410213327,0,0,2.47
1773185112.410213327,1,0,0.01
1773185113.430788871,0,0,2.47
1773185113.430788871,1,0,0.01
1773185114.452334971,0,0,2.47
1773185114.452334971,1,0,0.01
1773185115.473200826,0,0,2.47
1773185115.473200826,1,0,0.01
1773185116.494199377,0,0,2.47
1773185116.494199377,1,0,0.01
1773185117.515458514,0,0,2.47
1773185117.515458514,1,0,0.01
1773185118.537176683,0,0,2.47
1773185118.537176683,1,0,0.01
1773185119.558073911,0,0,2.47
1773185119.558073911,1,0,0.01
1773185120.579262798,0,0,2.47
1773185120.579262798,1,0,0.01
1773185121.600689580,0,0,2.47
1773185121.600689580,1,0,0.01
1773185122.622144274,0,0,2.47
1773185122.622144274,1,0,0.01
1773185123.643308727,0,0,2.47
1773185123.643308727,1,0,0.01
1773185124.665865490,0,0,2.47
1773185124.665865490,1,0,0.01
1773185125.688133295,0,0,2.47
1773185125.688133295,1,0,0.01
1773185126.709816959,0,0,2.47
1773185126.709816959,1,0,0.01
1773185127.731868756,0,0,2.47
1773185127.731868756,1,0,0.01
1773185128.754157174,0,0,2.47
1773185128.754157174,1,0,0.01
1773185129.775498444,0,0,2.47
1773185129.775498444,1,0,0.01
1773185130.796583973,0,0,2.47
1773185130.796583973,1,0,0.01
1773185131.817988575,0,0,2.47
1773185131.817988575,1,0,0.01
1773185132.839414534,0,0,2.47
1773185132.839414534,1,0,0.01
1773185133.860524092,0,0,2.47
1773185133.860524092,1,0,0.01
1773185134.881993609,0,0,2.47
1773185134.881993609,1,0,0.01
1773185135.903306348,0,0,2.47
1773185135.903306348,1,0,0.01
1773185136.924534315,0,0,2.47
1773185136.924534315,1,0,0.01
1773185137.945746256,0,0,2.47
1773185137.945746256,1,0,0.01
1773185138.967022571,0,0,2.47
1773185138.967022571,1,0,0.01
1773185139.988617857,0,0,2.47
1773185139.988617857,1,0,0.01
1773185141.009853779,0,0,2.47
1773185141.009853779,1,0,0.01
1773185142.030507976,0,0,2.47
1773185142.030507976,1,0,0.01
1773185143.051131709,0,0,2.47
1773185143.051131709,1,0,0.01
1773185144.072083499,0,0,2.47
1773185144.072083499,1,0,0.01
1773185145.093166733,0,0,2.47
1773185145.093166733,1,0,0.01
1773185146.114422899,0,0,2.47
1773185146.114422899,1,0,0.01
1773185147.135488172,0,0,2.47
1773185147.135488172,1,0,0.01
1773185148.156822097,0,0,2.47
1773185148.156822097,1,0,0.01
1773185149.178369999,0,0,2.47
1773185149.178369999,1,0,0.01
1773185150.199004042,0,0,2.47
1773185150.199004042,1,0,0.01
1773185151.220332147,0,0,2.47
1773185151.220332147,1,0,0.01
1773185152.241587806,0,0,2.47
1773185152.241587806,1,0,0.01
1773185153.263173232,0,0,2.47
1773185153.263173232,1,0,0.01
1773185154.285020107,0,0,2.47
1773185154.285020107,1,0,0.01
1773185155.305885596,0,0,2.47
1773185155.305885596,1,0,0.01
1773185156.326971772,0,0,2.47
1773185156.326971772,1,0,0.01
1773185157.347834634,0,0,2.47
1773185157.347834634,1,0,0.01
1773185158.368665539,0,0,2.47
1773185158.368665539,1,0,0.01
1773185159.390447873,0,0,2.47
1773185159.390447873,1,0,0.01
1773185160.412217098,0,0,2.47
1773185160.412217098,1,0,0.01
1773185161.433080097,0,0,2.47
1773185161.433080097,1,0,0.01
1773185162.454566988,0,0,2.47
1773185162.454566988,1,0,0.01
1773185163.475365741,0,0,2.47
1773185163.475365741,1,0,0.01
1773185164.497405695,0,0,2.47
1773185164.497405695,1,0,0.01
1773185165.519021871,0,0,2.47
1773185165.519021871,1,0,0.01
1773185166.540876441,0,0,2.47
1773185166.540876441,1,0,0.01
1773185167.561661502,0,0,2.47
1773185167.561661502,1,0,0.01
1773185168.582313813,0,0,2.47
1773185168.582313813,1,0,0.01
1773185169.603919967,0,0,2.47
1773185169.603919967,1,0,0.01
1773185170.624878465,0,0,2.47
1773185170.624878465,1,0,0.01
1773185171.645929405,0,0,2.47
1773185171.645929405,1,0,0.01
1773185172.666806644,0,0,2.47
1773185172.666806644,1,0,0.01
1773185173.687388774,0,0,2.47
1773185173.687388774,1,0,0.01
1773185174.709147777,0,0,2.47
1773185174.709147777,1,0,0.01
1773185175.730904002,0,0,2.47
1773185175.730904002,1,0,0.01
1773185176.751849657,0,0,2.47
1773185176.751849657,1,0,0.01
1773185177.772878375,0,0,2.47
1773185177.772878375,1,0,0.01
1773185178.793928123,0,0,2.47
1773185178.793928123,1,0,0.01
1773185179.815314371,0,0,2.47
1773185179.815314371,1,0,0.01
1773185180.836533356,0,0,2.47
1773185180.836533356,1,0,0.01
1773185181.858436185,0,0,2.47
1773185181.858436185,1,0,0.01
1773185182.880135667,0,0,2.47
1773185182.880135667,1,0,0.01
1773185183.900964949,0,0,2.47
1773185183.900964949,1,0,0.01
1773185184.922162229,0,0,2.47
1773185184.922162229,1,0,0.01
1773185185.943085733,0,0,2.47
1773185185.943085733,1,0,0.01
1773185186.963755370,0,0,2.47
1773185186.963755370,1,0,0.01
1773185187.984992004,0,0,2.47
1773185187.984992004,1,0,0.01
1773185189.005965836,0,0,2.47
1773185189.005965836,1,0,0.01
1773185190.028016616,0,0,2.47
1773185190.028016616,1,0,0.01
1773185191.048401242,0,0,2.47
1773185191.048401242,1,0,0.01
1773185192.069525091,0,0,2.47
1773185192.069525091,1,0,0.01
1773185193.090458333,0,0,2.47
1773185193.090458333,1,0,0.01
1773185194.111285159,0,0,2.47
1773185194.111285159,1,0,0.01
1773185195.132845508,0,0,2.47
1773185195.132845508,1,0,0.01
1773185196.154043311,0,0,2.47
1773185196.154043311,1,0,0.01
1773185197.175511990,0,0,2.47
1773185197.175511990,1,0,0.01
1773185198.196647939,0,0,2.47
1773185198.196647939,1,0,0.01
1773185199.218494067,0,0,2.47
1773185199.218494067,1,0,0.01
1773185200.239863496,0,0,2.47
1773185200.239863496,1,0,0.01
1773185201.262222775,0,0,2.47
1773185201.262222775,1,0,0.01
1773185202.283247990,0,0,2.47
1773185202.283247990,1,0,0.01
1773185203.305392326,0,0,2.47
1773185203.305392326,1,0,0.01
1773185204.326820406,0,0,2.47
1773185204.326820406,1,0,0.01
1773185205.347925419,0,0,2.47
1773185205.347925419,1,0,0.01
1773185206.369491371,0,0,2.47
1773185206.369491371,1,0,0.01
1773185207.391127815,0,0,2.47
1773185207.391127815,1,0,0.01
1773185208.412442002,0,0,2.47
1773185208.412442002,1,0,0.01
1773185209.433828765,0,0,2.47
1773185209.433828765,1,0,0.01
1773185210.455159397,0,0,2.47
1773185210.455159397,1,0,0.01
1773185211.477179257,0,0,2.47
1773185211.477179257,1,0,0.01
1773185212.498236655,0,0,2.47
1773185212.498236655,1,0,0.01
1773185213.518925767,0,0,2.47
1773185213.518925767,1,0,0.01
1773185214.539983129,0,0,2.47
1773185214.539983129,1,0,0.01
1773185215.561070662,0,0,2.47
1773185215.561070662,1,0,0.01
1773185216.581926450,0,0,2.47
1773185216.581926450,1,0,0.01
1773185217.604277849,0,0,2.47
1773185217.604277849,1,0,0.01
1773185218.625873633,0,0,2.47
1773185218.625873633,1,0,0.01
1773185219.647787096,0,0,2.47
1773185219.647787096,1,0,0.01
1773185220.669129566,0,0,2.47
1773185220.669129566,1,0,0.01
1773185221.690096580,0,0,2.47
1773185221.690096580,1,0,0.01
1773185222.711947648,0,0,2.47
1773185222.711947648,1,0,0.01
1773185223.733028739,0,0,2.47
1773185223.733028739,1,0,0.01
1773185224.754230449,0,0,2.47
1773185224.754230449,1,0,0.01
1773185225.776530263,0,0,2.47
1773185225.776530263,1,0,0.01
1773185226.798125644,0,0,2.47
1773185226.798125644,1,0,0.01
1773185227.819541286,0,0,2.47
1773185227.819541286,1,0,0.01
1773185228.841026214,0,0,2.47
1773185228.841026214,1,0,0.01
1773185229.862070406,0,0,2.47
1773185229.862070406,1,0,0.01
1773185230.884113465,0,0,2.47
1773185230.884113465,1,0,0.01
1773185231.905038948,0,0,2.47
1773185231.905038948,1,0,0.01
1773185232.927330876,0,0,2.47
1773185232.927330876,1,0,0.01
1773185233.949486719,0,0,2.47
1773185233.949486719,1,0,0.01
1773185234.970493763,0,0,2.47
1773185234.970493763,1,0,0.01
1773185235.992355800,0,0,2.47
1773185235.992355800,1,0,0.01
1773185237.013468082,0,0,2.47
1773185237.013468082,1,0,0.01
1773185238.035196430,0,0,2.47
1773185238.035196430,1,0,0.01
1773185239.057156865,0,0,2.47
1773185239.057156865,1,0,0.01
1773185240.078985815,0,0,2.47
1773185240.078985815,1,0,0.01
1773185241.100223484,0,0,2.47
1773185241.100223484,1,0,0.01
1773185242.121621936,0,0,2.47
1773185242.121621936,1,0,0.01
1773185243.143020372,0,0,2.47
1773185243.143020372,1,0,0.01
1773185244.164214868,0,0,2.47
1773185244.164214868,1,0,0.01
1773185245.185894206,0,0,2.47
1773185245.185894206,1,0,0.01
1773185246.206750594,0,0,2.47
1773185246.206750594,1,0,0.01
1773185247.228129435,0,0,2.47
1773185247.228129435,1,0,0.01
1773185248.249131103,0,0,2.47
1773185248.249131103,1,0,0.01
1773185249.270370020,0,0,2.47
1773185249.270370020,1,0,0.01
1773185250.292143482,0,0,2.47
1773185250.292143482,1,0,0.01
1773185251.313168194,0,0,2.47
1773185251.313168194,1,0,0.01
1773185252.334607401,0,0,2.47
1773185252.334607401,1,0,0.01
1773185253.355683886,0,0,2.47
1773185253.355683886,1,0,0.01
1773185254.377095390,0,0,2.47
1773185254.377095390,1,0,0.01
1773185255.398266350,0,0,2.47
1773185255.398266350,1,0,0.01
1773185256.420359499,0,0,2.47
1773185256.420359499,1,0,0.01
1773185257.441916071,0,0,2.47
1773185257.441916071,1,0,0.01
1773185258.463203583,0,0,2.47
1773185258.463203583,1,0,0.01
1773185259.484231476,0,0,2.47
1773185259.484231476,1,0,0.01
1773185260.505450202,0,0,2.47
1773185260.505450202,1,0,0.01
1773185261.527359003,0,0,2.47
1773185261.527359003,1,0,0.01
1773185262.549192868,0,0,2.47
1773185262.549192868,1,0,0.01
1773185263.570207792,0,0,2.47
1773185263.570207792,1,0,0.01
1773185264.591486765,0,0,2.47
1773185264.591486765,1,0,0.01
1773185265.613307681,0,0,2.47
1773185265.613307681,1,0,0.01
1773185266.634605959,0,0,2.47
1773185266.634605959,1,0,0.01
1773185267.655762341,0,0,2.47
1773185267.655762341,1,0,0.01
1773185268.677075390,0,0,2.47
1773185268.677075390,1,0,0.01
1773185269.697707158,0,0,2.47
1773185269.697707158,1,0,0.01
1773185270.719103152,0,0,2.47
1773185270.719103152,1,0,0.01
1773185271.739859781,0,0,2.47
1773185271.739859781,1,0,0.01
1773185272.761182043,0,0,2.47
1773185272.761182043,1,0,0.01
1773185273.782286537,0,0,2.47
1773185273.782286537,1,0,0.01
1773185274.803445265,0,0,2.47
1773185274.803445265,1,0,0.01
1773185275.824941889,0,0,2.47
1773185275.824941889,1,0,0.01
1773185276.846426098,0,0,2.47
1773185276.846426098,1,0,0.01
1773185277.867753552,0,0,2.47
1773185277.867753552,1,0,0.01
1773185278.888698414,0,0,2.47
1773185278.888698414,1,0,0.01
1773185279.909846190,0,0,2.47
1773185279.909846190,1,0,0.01
1773185280.931367112,0,0,2.47
1773185280.931367112,1,0,0.01
1773185281.952422479,0,0,2.47
1773185281.952422479,1,0,0.01
1773185282.973257023,0,0,2.47
1773185282.973257023,1,0,0.01
1773185283.995201314,0,0,2.47
1773185283.995201314,1,0,0.01
1773185285.017232067,0,0,2.47
1773185285.017232067,1,0,0.01
1773185286.039305677,0,0,2.47
1773185286.039305677,1,0,0.01
1773185287.060214611,0,0,2.47
1773185287.060214611,1,0,0.01
1773185288.081226867,0,0,2.47
1773185288.081226867,1,0,0.01
1773185289.102326714,0,0,2.47
1773185289.102326714,1,0,0.01
1773185290.123855474,0,0,2.47
1773185290.123855474,1,0,0.01
1773185291.146108645,0,0,2.47
1773185291.146108645,1,0,0.01
1773185292.167343780,0,0,2.47
1773185292.167343780,1,0,0.01
1773185293.188673352,0,0,2.47
1773185293.188673352,1,0,0.01
1773185294.209950736,0,0,2.47
1773185294.209950736,1,0,0.01
1773185295.230976748,0,0,2.47
1773185295.230976748,1,0,0.01
1773185296.252204206,0,0,2.47
1773185296.252204206,1,0,0.01
1773185297.272720152,0,0,2.47
1773185297.272720152,1,0,0.01
1773185298.293775608,0,0,2.47
1773185298.293775608,1,0,0.01
1773185299.314615161,0,0,2.47
1773185299.314615161,1,0,0.01
1773185300.335781811,0,0,2.47
1773185300.335781811,1,0,0.01
1773185301.356949833,0,0,2.47
1773185301.356949833,1,0,0.01
1773185302.377830050,0,0,2.47
1773185302.377830050,1,0,0.01
1773185303.399147992,0,0,2.47
1773185303.399147992,1,0,0.01
1773185304.420537416,0,0,2.47
1773185304.420537416,1,0,0.01
1773185305.442619991,0,0,2.47
1773185305.442619991,1,0,0.01
1773185306.463610380,0,0,2.47
1773185306.463610380,1,0,0.01
1773185307.485075790,0,0,2.47
1773185307.485075790,1,0,0.01
1773185308.506110550,0,0,2.47
1773185308.506110550,1,0,0.01
1773185309.527932150,0,0,2.47
1773185309.527932150,1,0,0.01
1773185310.549418196,0,0,2.47
1773185310.549418196,1,0,0.01
1773185311.570203137,0,0,2.47
1773185311.570203137,1,0,0.01
1773185312.591665221,0,0,2.47
1773185312.591665221,1,0,0.01
1773185313.613727346,0,0,2.47
1773185313.613727346,1,0,0.01
1773185314.635104869,0,0,2.47
1773185314.635104869,1,0,0.01
1773185315.656232194,0,0,2.47
1773185315.656232194,1,0,0.01
1773185316.677731264,0,0,2.47
1773185316.677731264,1,0,0.01
1773185317.698794182,0,0,2.47
1773185317.698794182,1,0,0.01
1773185318.720635512,0,0,2.47
1773185318.720635512,1,0,0.01
1773185319.741711959,0,0,2.47
1773185319.741711959,1,0,0.01
1773185320.762532344,0,0,2.47
1773185320.762532344,1,0,0.01
1773185321.783780919,0,0,2.47
1773185321.783780919,1,0,0.01
1773185322.805411877,0,0,2.47
1773185322.805411877,1,0,0.01
1773185323.827026254,0,0,2.47
1773185323.827026254,1,0,0.01
1773185324.848497266,0,0,2.47
1773185324.848497266,1,0,0.01
1773185325.870216674,0,0,2.47
1773185325.870216674,1,0,0.01
1773185326.892193558,0,0,2.47
1773185326.892193558,1,0,0.01
1773185327.913423199,0,0,2.47
1773185327.913423199,1,0,0.01
1773185328.934739219,0,0,2.47
1773185328.934739219,1,0,0.01
1773185329.955597231,0,0,2.47
1773185329.955597231,1,0,0.01
1773185330.976664093,0,0,2.47
1773185330.976664093,1,0,0.01
1773185331.998465844,0,0,2.47
1773185331.998465844,1,0,0.01
1773185333.019692423,0,0,2.47
1773185333.019692423,1,0,0.01
1773185334.040610319,0,0,2.47
1773185334.040610319,1,0,0.01
1773185335.061194144,0,0,2.47
1773185335.061194144,1,0,0.01
1773185336.083011903,0,0,2.47
1773185336.083011903,1,0,0.01
1773185337.104670253,0,0,2.47
1773185337.104670253,1,0,0.01
1773185338.125391475,0,0,2.47
1773185338.125391475,1,0,0.01
1773185339.146611385,0,0,2.47
1773185339.146611385,1,0,0.01
1773185340.168018713,0,0,2.47
1773185340.168018713,1,0,0.01
1773185341.189630999,0,0,2.47
1773185341.189630999,1,0,0.01
1773185342.210784721,0,0,2.47
1773185342.210784721,1,0,0.01
1773185343.231680520,0,0,2.47
1773185343.231680520,1,0,0.01
1773185344.252837487,0,0,2.47
1773185344.252837487,1,0,0.01
1773185345.274745942,0,0,2.47
1773185345.274745942,1,0,0.01
1773185346.295529348,0,0,2.47
1773185346.295529348,1,0,0.01
1773185347.317066347,0,0,2.47
1773185347.317066347,1,0,0.01
1773185348.337999258,0,0,2.47
1773185348.337999258,1,0,0.01
1773185349.359087952,0,0,2.47
1773185349.359087952,1,0,0.01
1773185350.380894920,0,0,2.47
1773185350.380894920,1,0,0.01
1773185351.402063112,0,0,2.47
1773185351.402063112,1,0,0.01
1773185352.423127755,0,0,2.47
1773185352.423127755,1,0,0.01
1773185353.444254541,0,0,2.47
1773185353.444254541,1,0,0.01
1773185354.465693112,0,0,2.47
1773185354.465693112,1,0,0.01
1773185355.486614711,0,0,2.47
1773185355.486614711,1,0,0.01
1773185356.508952641,0,0,2.47
1773185356.508952641,1,0,0.01
1773185357.531064192,0,0,2.47
1773185357.531064192,1,0,0.01
1773185358.551995105,0,0,2.47
1773185358.551995105,1,0,0.01
1773185359.573673532,0,0,2.47
1773185359.573673532,1,0,0.01
1773185360.594663468,0,0,2.47
1773185360.594663468,1,0,0.01
1773185361.615742595,0,0,2.47
1773185361.615742595,1,0,0.01
1773185362.637267895,0,0,2.47
1773185362.637267895,1,0,0.01
1773185363.658786785,0,0,2.47
1773185363.658786785,1,0,0.01
1773185364.680047929,0,0,2.47
1773185364.680047929,1,0,0.01
1773185365.702056636,0,0,2.47
1773185365.702056636,1,0,0.01
1773185366.724193573,0,0,2.47
1773185366.724193573,1,0,0.01
1773185367.746440281,0,0,2.47
1773185367.746440281,1,0,0.01
1773185368.767983279,0,0,2.47
1773185368.767983279,1,0,0.01
1773185369.789499879,0,0,2.47
1773185369.789499879,1,0,0.01
1773185370.811609903,0,0,2.47
1773185370.811609903,1,0,0.01
1773185371.832420775,0,0,2.47
1773185371.832420775,1,0,0.01
1773185372.854241491,0,0,2.47
1773185372.854241491,1,0,0.01
1773185373.875515844,0,0,2.47
1773185373.875515844,1,0,0.01
1773185374.896476113,0,0,2.47
1773185374.896476113,1,0,0.01
1773185375.917733651,0,0,2.47
1773185375.917733651,1,0,0.01
1773185376.939303339,0,0,2.47
1773185376.939303339,1,0,0.01
1773185377.960084101,0,0,2.47
1773185377.960084101,1,0,0.01
1773185378.981950535,0,0,2.47
1773185378.981950535,1,0,0.01
1773185380.003050915,0,0,2.47
1773185380.003050915,1,0,0.01
1773185381.025307101,0,0,2.47
1773185381.025307101,1,0,0.01
1773185382.046321904,0,0,2.47
1773185382.046321904,1,0,0.01
1773185383.067969965,0,0,2.47
1773185383.067969965,1,0,0.01
1773185384.090028625,0,0,2.47
1773185384.090028625,1,0,0.01
1773185385.111665508,0,0,2.47
1773185385.111665508,1,0,0.01
1773185386.133076512,0,0,2.47
1773185386.133076512,1,0,0.01
1773185387.154008774,0,0,2.47
1773185387.154008774,1,0,0.01
1773185388.175281348,0,0,2.47
1773185388.175281348,1,0,0.01
1773185389.196271147,0,0,2.47
1773185389.196271147,1,0,0.01
1773185390.217931434,0,0,2.47
1773185390.217931434,1,0,0.01
1773185391.238673960,0,0,2.47
1773185391.238673960,1,0,0.01
1773185392.260319243,0,0,2.47
1773185392.260319243,1,0,0.01
1773185393.282019128,0,0,2.47
1773185393.282019128,1,0,0.01
1773185394.303714697,0,0,2.47
1773185394.303714697,1,0,0.01
1773185395.325542493,0,0,2.47
1773185395.325542493,1,0,0.01
1773185396.346398484,0,0,2.47
1773185396.346398484,1,0,0.01
1773185397.367920902,0,0,2.47
1773185397.367920902,1,0,0.01
1773185398.388490664,0,0,2.47
1773185398.388490664,1,0,0.01
1773185399.410750483,0,0,2.47
1773185399.410750483,1,0,0.01
1773185400.432075439,0,0,2.47
1773185400.432075439,1,0,0.01
1773185401.453260550,0,0,2.47
1773185401.453260550,1,0,0.01
1773185402.474657122,0,0,2.47
1773185402.474657122,1,0,0.01
1773185403.495834507,0,0,2.47
1773185403.495834507,1,0,0.01
1773185404.517883166,0,0,2.47
1773185404.517883166,1,0,0.01
1773185405.539888135,0,0,2.47
1773185405.539888135,1,0,0.01
1773185406.560752314,0,0,2.47
1773185406.560752314,1,0,0.01
1773185407.581892822,0,0,2.47
1773185407.581892822,1,0,0.01
1773185408.603699121,0,0,2.47
1773185408.603699121,1,0,0.01
1773185409.624629413,0,0,2.47
1773185409.624629413,1,0,0.01
1773185410.646061762,0,0,2.47
1773185410.646061762,1,0,0.01
1773185411.667425417,0,0,2.47
1773185411.667425417,1,0,0.01
1773185412.689555835,0,0,2.47
1773185412.689555835,1,0,0.01
1773185413.711151557,0,0,2.47
1773185413.711151557,1,0,0.01
1773185414.732703741,0,0,2.47
1773185414.732703741,1,0,0.01
1773185415.754455145,0,0,2.47
1773185415.754455145,1,0,0.01
1773185416.776016288,0,0,2.47
1773185416.776016288,1,0,0.01
1773185417.797714433,0,0,2.47
1773185417.797714433,1,0,0.01
1773185418.819065910,0,0,2.47
1773185418.819065910,1,0,0.01
1773185419.840546639,0,0,2.47
1773185419.840546639,1,0,0.01
1773185420.861805974,0,0,2.47
1773185420.861805974,1,0,0.01
1773185421.883341551,0,0,2.47
1773185421.883341551,1,0,0.01
1773185422.904893110,0,0,2.47
1773185422.904893110,1,0,0.01
1773185423.926214741,0,0,2.47
1773185423.926214741,1,0,0.01
1773185424.947102748,0,0,2.47
1773185424.947102748,1,0,0.01
1773185425.968431431,0,0,2.47
1773185425.968431431,1,0,0.01
1773185426.989861336,0,0,2.47
1773185426.989861336,1,0,0.01
1773185428.011102161,0,0,2.47
1773185428.011102161,1,0,0.01
1773185429.032146930,0,0,2.47
1773185429.032146930,1,0,0.01
1773185430.053076025,0,0,2.47
1773185430.053076025,1,0,0.01
1773185431.075001995,0,0,2.47
1773185431.075001995,1,0,0.01
1773185432.097164656,0,0,2.47
1773185432.097164656,1,0,0.01
1773185433.119305279,0,0,2.47
1773185433.119305279,1,0,0.01
1773185434.141270883,0,0,2.47
1773185434.141270883,1,0,0.01
1773185435.163011793,0,0,2.47
1773185435.163011793,1,0,0.01
1773185436.184323642,0,0,2.47
1773185436.184323642,1,0,0.01
1773185437.205739654,0,0,2.47
1773185437.205739654,1,0,0.01
1773185438.227222595,0,0,2.47
1773185438.227222595,1,0,0.01
1773185439.248572398,0,0,2.47
1773185439.248572398,1,0,0.01
1773185440.269911144,0,0,2.47
1773185440.269911144,1,0,0.01
1773185441.292132378,0,0,2.47
1773185441.292132378,1,0,0.01
1773185442.313995958,0,0,2.47
1773185442.313995958,1,0,0.01
1773185443.335016326,0,0,2.47
1773185443.335016326,1,0,0.01
1773185444.357128200,0,0,2.47
1773185444.357128200,1,0,0.01
1773185445.378237762,0,0,2.47
1773185445.378237762,1,0,0.01
1773185446.399936766,0,0,2.47
1773185446.399936766,1,0,0.01
1773185447.421498434,0,0,2.47
1773185447.421498434,1,0,0.01
1773185448.442641331,0,0,2.47
1773185448.442641331,1,0,0.01
1773185449.464490046,0,0,2.47
1773185449.464490046,1,0,0.01
1773185450.486323462,0,0,2.47
1773185450.486323462,1,0,0.01
1773185451.508444515,0,0,2.47
1773185451.508444515,1,0,0.01
1773185452.530615649,0,0,2.47
1773185452.530615649,1,0,0.01
1773185453.552216096,0,0,2.47
1773185453.552216096,1,0,0.01
1773185454.574298172,0,0,2.47
1773185454.574298172,1,0,0.01
1773185455.596003262,0,0,2.47
1773185455.596003262,1,0,0.01
1773185456.617787373,0,0,2.47
1773185456.617787373,1,0,0.01
1773185457.642776259,0,0,2.47
1773185457.642776259,1,0,0.01
1773185458.664058847,0,0,2.47
1773185458.664058847,1,0,0.01
1773185459.686148001,0,0,2.47
1773185459.686148001,1,0,0.01
1773185460.708141037,0,0,2.47
1773185460.708141037,1,0,0.01
1773185461.730162694,0,0,2.47
1773185461.730162694,1,0,0.01
1773185462.751363405,0,0,2.47
1773185462.751363405,1,0,0.01
1773185463.772531087,0,0,2.47
1773185463.772531087,1,0,0.01
1773185464.795109161,0,0,2.47
1773185464.795109161,1,0,0.01
1773185465.816749618,0,0,2.47
1773185465.816749618,1,0,0.01
1773185466.838854746,0,0,2.47
1773185466.838854746,1,0,0.01
1773185467.861166476,0,0,2.47
1773185467.861166476,1,0,0.01
1773185468.882814689,0,1,2.47
1773185468.882814689,1,0,0.01
1773185469.904162848,0,0,2.47
1773185469.904162848,1,0,0.01
1773185470.925311682,0,0,2.47
1773185470.925311682,1,0,0.01
1773185471.946320035,0,0,2.47
1773185471.946320035,1,0,0.01
1773185472.966961422,0,0,2.47
1773185472.966961422,1,0,0.01
1773185473.988218144,0,0,2.47
1773185473.988218144,1,0,0.01
1773185475.009443469,0,0,2.47
1773185475.009443469,1,0,0.01
1773185476.030699551,0,0,2.47
1773185476.030699551,1,0,0.01
1773185477.051964236,0,0,2.47
1773185477.051964236,1,0,0.01
1773185478.074306016,0,0,2.47
1773185478.074306016,1,0,0.01
1773185479.095761257,0,0,2.47
1773185479.095761257,1,0,0.01
1773185480.116950973,0,0,2.47
1773185480.116950973,1,0,0.01
1773185481.138082210,0,0,2.47
1773185481.138082210,1,0,0.01
1773185482.159158788,0,0,2.47
1773185482.159158788,1,0,0.01
1773185483.181372303,0,0,2.47
1773185483.181372303,1,0,0.01
1773185484.203018703,0,0,2.47
1773185484.203018703,1,0,0.01
1773185485.224186211,0,0,2.47
1773185485.224186211,1,0,0.01
1773185486.246158286,0,0,2.47
1773185486.246158286,1,0,0.01
1773185487.267701916,0,0,2.47
1773185487.267701916,1,0,0.01
1773185488.289212558,0,0,2.47
1773185488.289212558,1,0,0.01
1773185489.310252678,0,0,2.47
1773185489.310252678,1,0,0.01
1773185490.331280704,0,0,2.47
1773185490.331280704,1,0,0.01
1773185491.352347821,0,0,2.47
1773185491.352347821,1,0,0.01
1773185492.373495974,0,0,2.47
1773185492.373495974,1,0,0.01
1773185493.394660101,0,0,2.47
1773185493.394660101,1,0,0.01
1773185494.415922783,0,0,2.47
1773185494.415922783,1,0,0.01
1773185495.437461983,0,0,2.47
1773185495.437461983,1,0,0.01
1773185496.458800234,0,0,2.47
1773185496.458800234,1,0,0.01
1773185497.479714961,0,0,2.47
1773185497.479714961,1,0,0.01
1773185498.500247180,0,0,2.47
1773185498.500247180,1,0,0.01
1773185499.522859271,0,0,2.47
1773185499.522859271,1,0,0.01
1773185500.544146683,0,0,2.47
1773185500.544146683,1,0,0.01
1773185501.565195982,0,0,2.47
1773185501.565195982,1,0,0.01
1773185502.586258567,0,0,2.47
1773185502.586258567,1,0,0.01
1773185503.607190677,0,0,2.47
1773185503.607190677,1,0,0.01
1773185504.628466078,0,0,2.47
1773185504.628466078,1,0,0.01
1773185505.649342517,0,0,2.47
1773185505.649342517,1,0,0.01
1773185506.671556867,0,0,2.47
1773185506.671556867,1,0,0.01
1773185507.692895544,0,0,2.47
1773185507.692895544,1,0,0.01
1773185508.714424171,0,0,2.47
1773185508.714424171,1,0,0.01
1773185509.735508317,0,0,2.47
1773185509.735508317,1,0,0.01
1773185510.757298372,0,0,2.47
1773185510.757298372,1,0,0.01
1773185511.778994960,0,0,2.47
1773185511.778994960,1,0,0.01
1773185512.800056010,0,0,2.47
1773185512.800056010,1,0,0.01
1773185513.820966414,0,0,2.47
1773185513.820966414,1,0,0.01
1773185514.842227988,0,0,2.47
1773185514.842227988,1,0,0.01
1773185515.863089664,0,0,2.47
1773185515.863089664,1,0,0.01
1773185516.884622762,0,0,2.47
1773185516.884622762,1,0,0.01
1773185517.906182776,0,0,2.47
1773185517.906182776,1,0,0.01
1773185518.927884143,0,0,2.47
1773185518.927884143,1,0,0.01
1773185519.947563773,0,70,2.47
1773185519.947563773,1,0,0.01
1773185520.968837463,0,70,2.47
1773185520.968837463,1,0,0.01
1773185521.990573491,0,0,2.47
1773185521.990573491,1,0,0.01
1773185523.011812987,0,0,2.47
1773185523.011812987,1,0,0.01
1773185524.033505539,0,0,2.47
1773185524.033505539,1,0,0.01
1773185525.055666696,0,0,2.47
1773185525.055666696,1,0,0.01
1773185526.077614790,0,0,2.47
1773185526.077614790,1,0,0.01
1773185527.099146861,0,0,2.47
1773185527.099146861,1,0,0.01
1773185528.121038786,0,0,2.47
1773185528.121038786,1,0,0.01
1773185529.141890303,0,0,2.47
1773185529.141890303,1,0,0.01
1773185530.163005071,0,0,2.47
1773185530.163005071,1,0,0.01
1773185531.184656076,0,0,2.47
1773185531.184656076,1,0,0.01
1773185532.206601590,0,0,2.47
1773185532.206601590,1,0,0.01
1773185533.227052955,0,0,2.47
1773185533.227052955,1,0,0.01
1773185534.248107683,0,0,2.47
1773185534.248107683,1,0,0.01
1773185535.269977217,0,0,2.47
1773185535.269977217,1,0,0.01
1773185536.290551924,0,0,2.47
1773185536.290551924,1,0,0.01
1773185537.311343278,0,0,2.47
1773185537.311343278,1,0,0.01
1773185538.331812890,0,0,2.47
1773185538.331812890,1,0,0.01
1773185539.353328929,0,0,2.47
1773185539.353328929,1,0,0.01
1773185540.374784189,0,0,2.47
1773185540.374784189,1,0,0.01
1773185541.395720837,0,0,2.47
1773185541.395720837,1,0,0.01
1773185542.418108754,0,0,2.47
1773185542.418108754,1,0,0.01
1773185543.439413761,0,0,2.47
1773185543.439413761,1,0,0.01
1773185544.460440080,0,0,2.47
1773185544.460440080,1,0,0.01
1773185545.481976906,0,69,2.47
1773185545.481976906,1,0,0.01
1773185546.502771488,0,67,2.47
1773185546.502771488,1,0,0.01
1773185547.524188914,0,0,2.47
1773185547.524188914,1,0,0.01
1773185548.545058736,0,0,2.47
1773185548.545058736,1,0,0.01
1773185549.566121268,0,0,2.47
1773185549.566121268,1,0,0.01
1773185550.586894652,0,0,2.47
1773185550.586894652,1,0,0.01
1773185551.608433702,0,0,2.47
1773185551.608433702,1,0,0.01
1773185552.630052773,0,0,2.47
1773185552.630052773,1,0,0.01
1773185553.651113731,0,0,2.47
1773185553.651113731,1,0,0.01
1773185554.672334112,0,0,2.47
1773185554.672334112,1,0,0.01
1773185555.693895967,0,0,2.47
1773185555.693895967,1,0,0.01
1773185556.715326997,0,0,2.47
1773185556.715326997,1,0,0.01
1773185557.736786391,0,0,2.47
1773185557.736786391,1,0,0.01
1773185558.758062234,0,0,2.47
1773185558.758062234,1,0,0.01
1773185559.778886310,0,0,2.47
1773185559.778886310,1,0,0.01
1773185560.800870961,0,0,2.47
1773185560.800870961,1,0,0.01
1773185561.822511298,0,0,2.47
1773185561.822511298,1,0,0.01
1773185562.844515134,0,0,2.47
1773185562.844515134,1,0,0.01
1773185563.865894221,0,0,2.47
1773185563.865894221,1,0,0.01
1773185564.886779658,0,0,2.47
1773185564.886779658,1,0,0.01
1773185565.907829642,0,0,2.47
1773185565.907829642,1,0,0.01
1773185566.929589142,0,0,2.47
1773185566.929589142,1,0,0.01
1773185567.950555858,0,0,2.47
1773185567.950555858,1,0,0.01
1773185568.971170815,0,0,2.47
1773185568.971170815,1,0,0.01
1773185569.992298585,0,0,2.47
1773185569.992298585,1,0,0.01
1773185571.013213581,0,0,2.47
1773185571.013213581,1,0,0.01
1773185572.040166893,0,0,2.47
1773185572.040166893,1,0,0.01
1773185573.061607948,0,0,2.47
1773185573.061607948,1,0,0.01
1773185574.083390138,0,0,2.47
1773185574.083390138,1,0,0.01
1773185575.104642732,0,0,2.47
1773185575.104642732,1,0,0.01
1773185576.126282552,0,0,2.47
1773185576.126282552,1,0,0.01
1773185577.148562819,0,0,2.47
1773185577.148562819,1,0,0.01
1773185578.170071762,0,0,2.47
1773185578.170071762,1,0,0.01
1773185579.191417863,0,0,2.47
1773185579.191417863,1,0,0.01
1773185580.213444852,0,0,2.47
1773185580.213444852,1,0,0.01
1773185581.235773618,0,0,2.47
1773185581.235773618,1,0,0.01
1773185582.257995903,0,0,2.47
1773185582.257995903,1,0,0.01
1773185583.280093774,0,0,2.47
1773185583.280093774,1,0,0.01
1773185584.302007991,0,0,2.47
1773185584.302007991,1,0,0.01
1773185585.323975608,0,0,2.47
1773185585.323975608,1,0,0.01
1773185586.346121148,0,0,2.47
1773185586.346121148,1,0,0.01
1773185587.368203130,0,0,2.47
1773185587.368203130,1,0,0.01
1773185588.390130370,0,0,2.47
1773185588.390130370,1,0,0.01
1773185589.412320229,0,0,2.47
1773185589.412320229,1,0,0.01
1773185590.434375623,0,0,2.47
1773185590.434375623,1,0,0.01
1773185591.456687868,0,0,2.47
1773185591.456687868,1,0,0.01
1773185592.478683680,0,0,2.47
1773185592.478683680,1,0,0.01
1773185593.501160258,0,0,2.47
1773185593.501160258,1,0,0.01
1773185594.522886735,0,0,2.47
1773185594.522886735,1,0,0.01
1773185595.544690405,0,0,2.47
1773185595.544690405,1,0,0.01
1773185596.567204622,0,0,2.47
1773185596.567204622,1,0,0.01
1773185597.589103208,0,0,2.47
1773185597.589103208,1,0,0.01
1773185598.610997823,0,0,2.47
1773185598.610997823,1,0,0.01
1773185599.632926521,0,0,2.47
1773185599.632926521,1,0,0.01
1773185600.655413412,0,0,2.47
1773185600.655413412,1,0,0.01
1773185601.677932873,0,0,2.47
1773185601.677932873,1,0,0.01
1773185602.699863879,0,0,2.47
1773185602.699863879,1,0,0.01
1773185603.721622560,0,0,2.47
1773185603.721622560,1,0,0.01
1773185604.743160818,0,0,2.47
1773185604.743160818,1,0,0.01
1773185605.765111488,0,0,2.47
1773185605.765111488,1,0,0.01
1773185606.787444454,0,0,2.47
1773185606.787444454,1,0,0.01
1773185607.809035075,0,0,2.47
1773185607.809035075,1,0,0.01
1773185608.830392277,0,0,2.47
1773185608.830392277,1,0,0.01
1773185609.852254874,0,0,2.47
1773185609.852254874,1,0,0.01
1773185610.873905511,0,0,2.47
1773185610.873905511,1,0,0.01
1773185611.895430403,0,0,2.47
1773185611.895430403,1,0,0.01
1773185612.917743979,0,0,2.47
1773185612.917743979,1,0,0.01
1773185613.939155742,0,0,2.47
1773185613.939155742,1,0,0.01
1773185614.960481817,0,0,2.47
1773185614.960481817,1,0,0.01
1773185615.981863901,0,0,2.47
1773185615.981863901,1,0,0.01
1773185617.004038359,0,0,2.47
1773185617.004038359,1,0,0.01
1773185618.024889735,0,0,2.47
1773185618.024889735,1,0,0.01
1773185619.046875162,0,0,2.47
1773185619.046875162,1,0,0.01
1773185620.069766372,0,0,2.47
1773185620.069766372,1,0,0.01
1773185621.091405291,0,0,2.47
1773185621.091405291,1,0,0.01
1773185622.113124717,0,0,2.47
1773185622.113124717,1,0,0.01
1773185623.134216874,0,0,2.47
1773185623.134216874,1,0,0.01
1773185624.154911961,0,0,2.47
1773185624.154911961,1,0,0.01
1773185625.176015346,0,0,2.47
1773185625.176015346,1,0,0.01
1773185626.197707098,0,0,2.47
1773185626.197707098,1,0,0.01
1773185627.218803720,0,0,2.47
1773185627.218803720,1,0,0.01
1773185628.239507856,0,0,2.47
1773185628.239507856,1,0,0.01
1773185629.260557678,0,0,2.47
1773185629.260557678,1,0,0.01
1773185630.281668988,0,0,2.47
1773185630.281668988,1,0,0.01
1773185631.303398946,0,0,2.47
1773185631.303398946,1,0,0.01
1773185632.324425304,0,0,2.47
1773185632.324425304,1,0,0.01
1773185633.345468199,0,0,2.47
1773185633.345468199,1,0,0.01
1773185634.366173684,0,0,2.47
1773185634.366173684,1,0,0.01
1773185635.387135589,0,0,2.47
1773185635.387135589,1,0,0.01
1773185636.407720875,0,0,2.47
1773185636.407720875,1,0,0.01
1773185637.428614792,0,0,2.47
1773185637.428614792,1,0,0.01
1773185638.449707183,0,0,2.47
1773185638.449707183,1,0,0.01
1773185639.470626076,0,0,2.47
1773185639.470626076,1,0,0.01
1773185640.491448614,0,0,2.47
1773185640.491448614,1,0,0.01
1773185641.512486011,0,0,2.47
1773185641.512486011,1,0,0.01
1773185642.533657518,0,0,2.47
1773185642.533657518,1,0,0.01
1773185643.554572374,0,0,2.47
1773185643.554572374,1,0,0.01
1773185644.575807769,0,0,2.47
1773185644.575807769,1,0,0.01
1773185645.596673972,0,0,2.47
1773185645.596673972,1,0,0.01
1773185646.617696474,0,0,2.47
1773185646.617696474,1,0,0.01
1773185647.638590887,0,0,2.47
1773185647.638590887,1,0,0.01
1773185648.659759130,0,0,2.47
1773185648.659759130,1,0,0.01
1773185649.681119200,0,0,2.47
1773185649.681119200,1,0,0.01
1773185650.702129313,0,0,2.47
1773185650.702129313,1,0,0.01
1773185651.723530507,0,0,2.47
1773185651.723530507,1,0,0.01
1773185652.744443827,0,0,2.47
1773185652.744443827,1,0,0.01
1773185653.765451153,0,0,2.47
1773185653.765451153,1,0,0.01
1773185654.786470434,0,0,2.47
1773185654.786470434,1,0,0.01
1773185655.807152935,0,0,2.47
1773185655.807152935,1,0,0.01
1773185656.828099518,0,0,2.47
1773185656.828099518,1,0,0.01
1773185657.849919574,0,0,2.47
1773185657.849919574,1,0,0.01
1773185658.871356870,0,0,2.47
1773185658.871356870,1,0,0.01
1773185659.892056404,0,0,2.47
1773185659.892056404,1,0,0.01
1773185660.914076603,0,0,2.47
1773185660.914076603,1,0,0.01
1773185661.935170703,0,0,2.47
1773185661.935170703,1,0,0.01
1773185662.957179893,0,0,2.47
1773185662.957179893,1,0,0.01
1773185663.978275807,0,0,2.47
1773185663.978275807,1,0,0.01
1773185664.999874004,0,0,2.47
1773185664.999874004,1,0,0.01
1773185666.021099845,0,0,2.47
1773185666.021099845,1,0,0.01
1773185667.042001940,0,0,2.47
1773185667.042001940,1,0,0.01
1773185668.063979603,0,0,2.47
1773185668.063979603,1,0,0.01
1773185669.085139550,0,0,2.47
1773185669.085139550,1,0,0.01
1773185670.107346057,0,0,2.47
1773185670.107346057,1,0,0.01
1773185671.128177207,0,0,2.47
1773185671.128177207,1,0,0.01
1773185672.149904429,0,0,2.47
1773185672.149904429,1,0,0.01
1773185673.171109101,0,0,2.47
1773185673.171109101,1,0,0.01
1773185674.193273924,0,0,2.47
1773185674.193273924,1,0,0.01
1773185675.215343760,0,0,2.47
1773185675.215343760,1,0,0.01
1773185676.237189787,0,0,2.47
1773185676.237189787,1,0,0.01
1773185677.259190925,0,0,2.47
1773185677.259190925,1,0,0.01
1773185678.280473680,0,0,2.47
1773185678.280473680,1,0,0.01
1773185679.301671215,0,0,2.47
1773185679.301671215,1,0,0.01
1773185680.322945468,0,0,2.47
1773185680.322945468,1,0,0.01
1773185681.344389665,0,0,2.47
1773185681.344389665,1,0,0.01
1773185682.365332063,0,0,2.47
1773185682.365332063,1,0,0.01
1773185683.387306045,0,0,2.47
1773185683.387306045,1,0,0.01
1773185684.408809898,0,0,2.47
1773185684.408809898,1,0,0.01
1773185685.430151118,0,0,2.47
1773185685.430151118,1,0,0.01
1773185686.451874171,0,0,2.47
1773185686.451874171,1,0,0.01
1773185687.473417549,0,0,2.47
1773185687.473417549,1,0,0.01
1773185688.495268201,0,0,2.47
1773185688.495268201,1,0,0.01
1773185689.516941352,0,0,2.47
1773185689.516941352,1,0,0.01
1773185690.538888718,0,0,2.47
1773185690.538888718,1,0,0.01
1773185691.560478983,0,0,2.47
1773185691.560478983,1,0,0.01
1773185692.582125174,0,0,2.47
1773185692.582125174,1,0,0.01
1773185693.603542197,0,0,2.47
1773185693.603542197,1,0,0.01
1773185694.626418046,0,0,2.47
1773185694.626418046,1,0,0.01
1773185695.648488205,0,0,2.47
1773185695.648488205,1,0,0.01
1773185696.669790123,0,0,2.47
1773185696.669790123,1,0,0.01
1773185697.691140914,0,0,2.47
1773185697.691140914,1,0,0.01
1773185698.713106852,0,0,2.47
1773185698.713106852,1,0,0.01
1773185699.735055566,0,0,2.47
1773185699.735055566,1,0,0.01
1773185700.756723079,0,0,2.47
1773185700.756723079,1,0,0.01
1773185701.778324906,0,0,2.47
1773185701.778324906,1,0,0.01
1773185702.800562481,0,0,2.47
1773185702.800562481,1,0,0.01
1773185703.821937339,0,0,2.47
1773185703.821937339,1,0,0.01
1773185704.843467921,0,0,2.47
1773185704.843467921,1,0,0.01
1773185705.864736118,0,0,2.47
1773185705.864736118,1,0,0.01
1773185706.886280135,0,0,2.47
1773185706.886280135,1,0,0.01
1773185707.908003777,0,0,2.47
1773185707.908003777,1,0,0.01
1773185708.929702580,0,0,2.47
1773185708.929702580,1,0,0.01
1773185709.950941708,0,0,2.47
1773185709.950941708,1,0,0.01
1773185710.973439212,0,0,2.47
1773185710.973439212,1,0,0.01
1773185711.994726387,0,0,2.47
1773185711.994726387,1,0,0.01
1773185713.015679674,0,0,2.47
1773185713.015679674,1,0,0.01
1773185714.037902747,0,0,2.47
1773185714.037902747,1,0,0.01
1773185715.059593411,0,0,2.47
1773185715.059593411,1,0,0.01
1773185716.081116837,0,0,2.47
1773185716.081116837,1,0,0.01
1773185717.102961900,0,0,2.47
1773185717.102961900,1,0,0.01
1773185718.124045352,0,0,2.47
1773185718.124045352,1,0,0.01
1773185719.146249104,0,0,2.47
1773185719.146249104,1,0,0.01
1773185720.167510707,0,0,2.47
1773185720.167510707,1,0,0.01
1773185721.188806695,0,0,2.47
1773185721.188806695,1,0,0.01
1773185722.210210936,0,0,2.47
1773185722.210210936,1,0,0.01
1773185723.231618680,0,0,2.47
1773185723.231618680,1,0,0.01
1773185724.253042728,0,0,2.47
1773185724.253042728,1,0,0.01
1773185725.275079555,0,0,2.47
1773185725.275079555,1,0,0.01
1773185726.296927868,0,0,2.47
1773185726.296927868,1,0,0.01
1773185727.318857071,0,0,2.47
1773185727.318857071,1,0,0.01
1773185728.340054817,0,0,2.47
1773185728.340054817,1,0,0.01
1773185729.362140742,0,0,2.47
1773185729.362140742,1,0,0.01
1773185730.383595340,0,0,2.47
1773185730.383595340,1,0,0.01
1773185731.405146344,0,0,2.47
1773185731.405146344,1,0,0.01
1773185732.427158331,0,0,2.47
1773185732.427158331,1,0,0.01
1773185733.448968263,0,0,2.47
1773185733.448968263,1,0,0.01
1773185734.471448572,0,0,2.47
1773185734.471448572,1,0,0.01
1773185735.493019823,0,0,2.47
1773185735.493019823,1,0,0.01
1773185736.514235500,0,0,2.47
1773185736.514235500,1,0,0.01
1773185737.535206167,0,0,2.47
1773185737.535206167,1,0,0.01
1773185738.557143857,0,0,2.47
1773185738.557143857,1,0,0.01
1773185739.578632334,0,0,2.47
1773185739.578632334,1,0,0.01
1773185740.600428448,0,0,2.47
1773185740.600428448,1,0,0.01
1773185741.621748396,0,0,2.47
1773185741.621748396,1,0,0.01
1773185742.643130692,0,0,2.47
1773185742.643130692,1,0,0.01
1773185743.664548815,0,0,2.47
1773185743.664548815,1,0,0.01
1773185744.685895983,0,0,2.47
1773185744.685895983,1,0,0.01
1773185745.707154688,0,0,2.47
1773185745.707154688,1,0,0.01
1773185746.728681370,0,0,2.47
1773185746.728681370,1,0,0.01
1773185747.750124208,0,0,2.47
1773185747.750124208,1,0,0.01
1773185748.771908965,0,0,2.47
1773185748.771908965,1,0,0.01
1773185749.793321033,0,0,2.47
1773185749.793321033,1,0,0.01
1773185750.814929960,0,0,2.47
1773185750.814929960,1,0,0.01
1773185751.836143683,0,0,2.47
1773185751.836143683,1,0,0.01
1773185752.857893112,0,0,2.47
1773185752.857893112,1,0,0.01
1773185753.879835472,0,0,2.47
1773185753.879835472,1,0,0.01
1773185754.902557783,0,0,2.47
1773185754.902557783,1,0,0.01
1773185755.924814488,0,0,2.47
1773185755.924814488,1,0,0.01
1773185756.946717950,0,0,2.47
1773185756.946717950,1,0,0.01
1773185757.968682049,0,0,2.47
1773185757.968682049,1,0,0.01
1773185758.990467029,0,0,2.47
1773185758.990467029,1,0,0.01
1773185760.012008390,0,0,2.47
1773185760.012008390,1,0,0.01
1773185761.032996138,0,0,2.47
1773185761.032996138,1,0,0.01
1773185762.055174109,0,0,2.47
1773185762.055174109,1,0,0.01
1773185763.076931614,0,0,2.47
1773185763.076931614,1,0,0.01
1773185764.098922850,0,0,2.47
1773185764.098922850,1,0,0.01
1773185765.120025386,0,0,2.47
1773185765.120025386,1,0,0.01
1773185766.141241938,0,0,2.47
1773185766.141241938,1,0,0.01
1773185767.163009925,0,0,2.47
1773185767.163009925,1,0,0.01
1773185768.184840153,0,0,2.47
1773185768.184840153,1,0,0.01
1773185769.206311146,0,0,2.47
1773185769.206311146,1,0,0.01
1773185770.227912703,0,0,2.47
1773185770.227912703,1,0,0.01
1773185771.249387517,0,0,2.47
1773185771.249387517,1,0,0.01
1773185772.270939089,0,0,2.47
1773185772.270939089,1,0,0.01
1773185773.292796956,0,0,2.47
1773185773.292796956,1,0,0.01
1773185774.314554477,0,0,2.47
1773185774.314554477,1,0,0.01
1773185775.336822376,0,0,2.47
1773185775.336822376,1,0,0.01
1773185776.358894742,0,0,2.47
1773185776.358894742,1,0,0.01
1773185777.380202699,0,0,2.47
1773185777.380202699,1,0,0.01
1773185778.401831603,0,0,2.47
1773185778.401831603,1,0,0.01
1773185779.424201409,0,0,2.47
1773185779.424201409,1,0,0.01
1773185780.445266667,0,0,2.47
1773185780.445266667,1,0,0.01
1773185781.466870373,0,0,2.47
1773185781.466870373,1,0,0.01
1773185782.488005577,0,0,2.47
1773185782.488005577,1,0,0.01
1773185783.509082498,0,0,2.47
1773185783.509082498,1,0,0.01
1773185784.529768853,0,0,2.47
1773185784.529768853,1,0,0.01
1773185785.550905497,0,0,2.47
1773185785.550905497,1,0,0.01
1773185786.571901502,0,0,2.47
1773185786.571901502,1,0,0.01
1773185787.592786118,0,0,2.47
1773185787.592786118,1,0,0.01
1773185788.613871884,0,0,2.47
1773185788.613871884,1,0,0.01
1773185789.635123131,0,0,2.47
1773185789.635123131,1,0,0.01
1773185790.656203076,0,0,2.47
1773185790.656203076,1,0,0.01
1773185791.677150296,0,0,2.47
1773185791.677150296,1,0,0.01
1773185792.697826015,0,0,2.47
1773185792.697826015,1,0,0.01
1773185793.718958645,0,0,2.47
1773185793.718958645,1,0,0.01
1773185794.740080379,0,0,2.47
1773185794.740080379,1,0,0.01
1773185795.761093298,0,0,2.47
1773185795.761093298,1,0,0.01
1773185796.782929374,0,0,2.47
1773185796.782929374,1,0,0.01
1773185797.803716000,0,0,2.47
1773185797.803716000,1,0,0.01
1773185798.824544916,0,0,2.47
1773185798.824544916,1,0,0.01
1773185799.845565357,0,0,2.47
1773185799.845565357,1,0,0.01
1773185800.866786703,0,0,2.47
1773185800.866786703,1,0,0.01
1773185801.886879348,0,0,2.47
1773185801.886879348,1,0,0.01
1773185802.908507845,0,0,2.47
1773185802.908507845,1,0,0.01
1773185803.929610334,0,0,2.47
1773185803.929610334,1,0,0.01
1773185804.950578373,0,0,2.47
1773185804.950578373,1,0,0.01
1773185805.971724088,0,0,2.47
1773185805.971724088,1,0,0.01
1773185806.993237642,0,0,2.47
1773185806.993237642,1,0,0.01
1773185808.014767042,0,0,2.47
1773185808.014767042,1,0,0.01
1773185809.035567542,0,0,2.47
1773185809.035567542,1,0,0.01
1773185810.057039184,0,0,2.47
1773185810.057039184,1,0,0.01
1773185811.078786816,0,0,2.47
1773185811.078786816,1,0,0.01
1773185812.101312266,0,0,2.47
1773185812.101312266,1,0,0.01
1773185813.122293368,0,0,2.47
1773185813.122293368,1,0,0.01
1773185814.144241457,0,0,2.47
1773185814.144241457,1,0,0.01
1773185815.164912494,0,0,2.47
1773185815.164912494,1,0,0.01
1773185816.186941855,0,0,2.47
1773185816.186941855,1,0,0.01
1773185817.207719473,0,0,2.47
1773185817.207719473,1,0,0.01
1773185818.229489650,0,0,2.47
1773185818.229489650,1,0,0.01
1773185819.251217751,0,0,2.47
1773185819.251217751,1,0,0.01
1773185820.272829360,0,0,2.47
1773185820.272829360,1,0,0.01
1773185821.294334319,0,0,2.47
1773185821.294334319,1,0,0.01
1773185822.316556484,0,0,2.47
1773185822.316556484,1,0,0.01
1773185823.338257634,0,0,2.47
1773185823.338257634,1,0,0.01
1773185824.359547101,0,0,2.47
1773185824.359547101,1,0,0.01
1773185825.381059648,0,0,2.47
1773185825.381059648,1,0,0.01
1773185826.401927272,0,0,2.47
1773185826.401927272,1,0,0.01
1773185827.423018409,0,0,2.47
1773185827.423018409,1,0,0.01
1773185828.444538297,0,0,2.47
1773185828.444538297,1,0,0.01
1773185829.465718623,0,0,2.47
1773185829.465718623,1,0,0.01
1773185830.487786005,0,0,2.47
1773185830.487786005,1,0,0.01
1773185831.509051633,0,0,2.47
1773185831.509051633,1,0,0.01
1773185832.530397153,0,0,2.47
1773185832.530397153,1,0,0.01
1773185833.551550432,0,0,2.47
1773185833.551550432,1,0,0.01
1773185834.572379303,0,0,2.47
1773185834.572379303,1,0,0.01
1773185835.593569475,0,0,2.47
1773185835.593569475,1,0,0.01
1773185836.615457312,0,0,2.47
1773185836.615457312,1,0,0.01
1773185837.637077807,0,0,2.47
1773185837.637077807,1,0,0.01
1773185838.658116921,0,0,2.47
1773185838.658116921,1,0,0.01
1773185839.679289013,0,0,2.47
1773185839.679289013,1,0,0.01
1773185840.701466587,0,0,2.47
1773185840.701466587,1,0,0.01
1773185841.722908259,0,0,2.47
1773185841.722908259,1,0,0.01
1773185842.745006983,0,0,2.47
1773185842.745006983,1,0,0.01
1773185843.766574999,0,0,2.47
1773185843.766574999,1,0,0.01
1773185844.787719788,0,0,2.47
1773185844.787719788,1,0,0.01
1773185845.808683102,0,0,2.47
1773185845.808683102,1,0,0.01
1773185846.830101298,0,0,2.47
1773185846.830101298,1,0,0.01
1773185847.851343701,0,0,2.47
1773185847.851343701,1,0,0.01
1773185848.872648791,0,0,2.47
1773185848.872648791,1,0,0.01
1773185849.894367727,0,0,2.47
1773185849.894367727,1,0,0.01
1773185850.915239951,0,0,2.47
1773185850.915239951,1,0,0.01
1773185851.937516130,0,0,2.47
1773185851.937516130,1,0,0.01
1773185852.959283141,0,0,2.47
1773185852.959283141,1,0,0.01
1773185853.980231460,0,0,2.47
1773185853.980231460,1,0,0.01
1773185855.001386031,0,0,2.47
1773185855.001386031,1,0,0.01
1773185856.022489045,0,0,2.47
1773185856.022489045,1,0,0.01
1773185857.043710728,0,0,2.47
1773185857.043710728,1,0,0.01
1773185858.065029828,0,0,2.47
1773185858.065029828,1,0,0.01
1773185859.087489786,0,0,2.47
1773185859.087489786,1,0,0.01
1773185860.108811409,0,0,2.47
1773185860.108811409,1,0,0.01
1773185861.129920067,0,0,2.47
1773185861.129920067,1,0,0.01
1773185862.151187537,0,0,2.47
1773185862.151187537,1,0,0.01
1773185863.173121113,0,0,2.47
1773185863.173121113,1,0,0.01
1773185864.194222938,0,0,2.47
1773185864.194222938,1,0,0.01
1773185865.216044780,0,0,2.47
1773185865.216044780,1,0,0.01
1773185866.238264793,0,0,2.47
1773185866.238264793,1,0,0.01
1773185867.259997313,0,0,2.47
1773185867.259997313,1,0,0.01
1773185868.281678685,0,0,2.47
1773185868.281678685,1,0,0.01
1773185869.303066927,0,0,2.47
1773185869.303066927,1,0,0.01
1773185870.324762380,0,0,2.47
1773185870.324762380,1,0,0.01
1773185871.346131579,0,0,2.47
1773185871.346131579,1,0,0.01
1773185872.368415401,0,0,2.47
1773185872.368415401,1,0,0.01
1773185873.390425491,0,0,2.47
1773185873.390425491,1,0,0.01
1773185874.411221030,0,0,2.47
1773185874.411221030,1,0,0.01
1773185875.431802775,0,0,2.47
1773185875.431802775,1,0,0.01
1773185876.452673489,0,0,2.47
1773185876.452673489,1,0,0.01
1773185877.473910496,0,0,2.47
1773185877.473910496,1,0,0.01
1773185878.496010585,0,0,2.47
1773185878.496010585,1,0,0.01
1773185879.517761088,0,0,2.47
1773185879.517761088,1,0,0.01
1773185880.539356645,0,0,2.47
1773185880.539356645,1,0,0.01
1773185881.560503464,0,0,2.47
1773185881.560503464,1,0,0.01
1773185882.582199934,0,0,2.47
1773185882.582199934,1,0,0.01
1773185883.603533927,0,0,2.47
1773185883.603533927,1,0,0.01
1773185884.625010228,0,0,2.47
1773185884.625010228,1,0,0.01
1773185885.646359731,0,0,2.47
1773185885.646359731,1,0,0.01
1773185886.667647176,0,0,2.47
1773185886.667647176,1,0,0.01
1773185887.689036549,0,0,2.47
1773185887.689036549,1,0,0.01
1773185888.710799949,0,0,2.47
1773185888.710799949,1,0,0.01
1773185889.731882763,0,0,2.47
1773185889.731882763,1,0,0.01
1773185890.754131980,0,0,2.47
1773185890.754131980,1,0,0.01
1773185891.774863964,0,0,2.47
1773185891.774863964,1,0,0.01
1773185892.796715910,0,0,2.47
1773185892.796715910,1,0,0.01
1773185893.818268741,0,0,2.47
1773185893.818268741,1,0,0.01
1773185894.839544181,0,0,2.47
1773185894.839544181,1,0,0.01
1773185895.860994920,0,0,2.47
1773185895.860994920,1,0,0.01
1773185896.882239430,0,0,2.47
1773185896.882239430,1,0,0.01
1773185897.903307723,0,0,2.47
1773185897.903307723,1,0,0.01
1773185898.925501958,0,0,2.47
1773185898.925501958,1,0,0.01
1773185899.946660359,0,0,2.47
1773185899.946660359,1,0,0.01
1773185900.968401574,0,0,2.47
1773185900.968401574,1,0,0.01
1773185901.990437279,0,0,2.47
1773185901.990437279,1,0,0.01
1773185903.011360931,0,0,2.47
1773185903.011360931,1,0,0.01
1773185904.033572947,0,0,2.47
1773185904.033572947,1,0,0.01
1773185905.054665691,0,0,2.47
1773185905.054665691,1,0,0.01
1773185906.076329707,0,0,2.47
1773185906.076329707,1,0,0.01
1773185907.097655944,0,0,2.47
1773185907.097655944,1,0,0.01
1773185908.118314573,0,0,2.47
1773185908.118314573,1,0,0.01
1773185909.139898677,0,0,2.47
1773185909.139898677,1,0,0.01
1773185910.161011739,0,0,2.47
1773185910.161011739,1,0,0.01
1773185911.182335018,0,0,2.47
1773185911.182335018,1,0,0.01
1773185912.203338277,0,0,2.47
1773185912.203338277,1,0,0.01
1773185913.224947409,0,0,2.47
1773185913.224947409,1,0,0.01
1773185914.246816403,0,0,2.47
1773185914.246816403,1,0,0.01
1773185915.268290789,0,0,2.47
1773185915.268290789,1,0,0.01
1773185916.290888758,0,0,2.47
1773185916.290888758,1,0,0.01
1773185917.312858468,0,0,2.47
1773185917.312858468,1,0,0.01
1773185918.334055847,0,0,2.47
1773185918.334055847,1,0,0.01
1773185919.355483727,0,0,2.47
1773185919.355483727,1,0,0.01
1773185920.376442227,0,0,2.47
1773185920.376442227,1,0,0.01
1773185921.397924669,0,0,2.47
1773185921.397924669,1,0,0.01
1773185922.419697551,0,0,2.47
1773185922.419697551,1,0,0.01
1773185923.441122433,0,0,2.47
1773185923.441122433,1,0,0.01
1773185924.462270743,0,0,2.47
1773185924.462270743,1,0,0.01
1773185925.483406235,0,0,2.47
1773185925.483406235,1,0,0.01
1773185926.504421078,0,0,2.47
1773185926.504421078,1,0,0.01
1773185927.525647130,0,0,2.47
1773185927.525647130,1,0,0.01
1773185928.547070145,0,0,2.47
1773185928.547070145,1,0,0.01
1773185929.568110949,0,0,2.47
1773185929.568110949,1,0,0.01
1773185930.589322928,0,0,2.47
1773185930.589322928,1,0,0.01
1773185931.611001132,0,0,2.47
1773185931.611001132,1,0,0.01
1773185932.632613794,0,0,2.47
1773185932.632613794,1,0,0.01
1773185933.654143563,0,0,2.47
1773185933.654143563,1,0,0.01
1773185934.675464883,0,0,2.47
1773185934.675464883,1,0,0.01
1773185935.697051278,0,0,2.47
1773185935.697051278,1,0,0.01
1773185936.718399832,0,0,2.47
1773185936.718399832,1,0,0.01
1773185937.740796070,0,0,2.47
1773185937.740796070,1,0,0.01
1773185938.762161880,0,0,2.47
1773185938.762161880,1,0,0.01
1773185939.784006299,0,0,2.47
1773185939.784006299,1,0,0.01
1773185940.805316599,0,0,2.47
1773185940.805316599,1,0,0.01
1773185941.827390521,0,0,2.47
1773185941.827390521,1,0,0.01
1773185942.848885678,0,0,2.47
1773185942.848885678,1,0,0.01
1773185943.870134897,0,0,2.47
1773185943.870134897,1,0,0.01
1773185944.891124945,0,0,2.47
1773185944.891124945,1,0,0.01
1773185945.911842514,0,0,2.47
1773185945.911842514,1,0,0.01
1773185946.933054779,0,0,2.47
1773185946.933054779,1,0,0.01
1773185947.953922587,0,0,2.47
1773185947.953922587,1,0,0.01
1773185948.975238738,0,0,2.47
1773185948.975238738,1,0,0.01
1773185949.995961904,0,0,2.47
1773185949.995961904,1,0,0.01
1773185951.017173643,0,0,2.47
1773185951.017173643,1,0,0.01
1773185952.038151659,0,0,2.47
1773185952.038151659,1,0,0.01
1773185953.059345136,0,0,2.47
1773185953.059345136,1,0,0.01
1773185954.080816470,0,0,2.47
1773185954.080816470,1,0,0.01
1773185955.101756440,0,0,2.47
1773185955.101756440,1,0,0.01
1773185956.122534428,0,0,2.47
1773185956.122534428,1,0,0.01
1773185957.143667718,0,0,2.47
1773185957.143667718,1,0,0.01
1773185958.164816845,0,0,2.47
1773185958.164816845,1,0,0.01
1773185959.186976363,0,0,2.47
1773185959.186976363,1,0,0.01
1773185960.208182578,0,0,2.47
1773185960.208182578,1,0,0.01
1773185961.229251861,0,0,2.47
1773185961.229251861,1,0,0.01
1773185962.250956043,0,0,2.47
1773185962.250956043,1,0,0.01
1773185963.272684143,0,0,2.47
1773185963.272684143,1,0,0.01
1773185964.294839769,0,0,2.47
1773185964.294839769,1,0,0.01
1773185965.316848716,0,0,2.47
1773185965.316848716,1,0,0.01
1773185966.338228079,0,0,2.47
1773185966.338228079,1,0,0.01
1773185967.359514834,0,0,2.47
1773185967.359514834,1,0,0.01
1773185968.380856214,0,0,2.47
1773185968.380856214,1,0,0.01
1773185969.402885059,0,0,2.47
1773185969.402885059,1,0,0.01
1773185970.424806116,0,0,2.47
1773185970.424806116,1,0,0.01
1773185971.446784509,0,0,2.47
1773185971.446784509,1,0,0.01
1773185972.467806834,0,0,2.47
1773185972.467806834,1,0,0.01
1773185973.489287577,0,0,2.47
1773185973.489287577,1,0,0.01
1773185974.510914216,0,0,2.47
1773185974.510914216,1,0,0.01
1773185975.532702665,0,0,2.47
1773185975.532702665,1,0,0.01
1773185976.554104105,0,0,2.47
1773185976.554104105,1,0,0.01
1773185977.575265970,0,0,2.47
1773185977.575265970,1,0,0.01
1773185978.596676035,0,0,2.47
1773185978.596676035,1,0,0.01
1773185979.618073793,0,0,2.47
1773185979.618073793,1,0,0.01
1773185980.639058575,0,0,2.47
1773185980.639058575,1,0,0.01
1773185981.660295410,0,0,2.47
1773185981.660295410,1,0,0.01
1773185982.682032401,0,0,2.47
1773185982.682032401,1,0,0.01
1773185983.703226156,0,0,2.47
1773185983.703226156,1,0,0.01
1773185984.724803828,0,0,2.47
1773185984.724803828,1,0,0.01
1773185985.746299301,0,0,2.47
1773185985.746299301,1,0,0.01
1773185986.767176089,0,0,2.47
1773185986.767176089,1,0,0.01
1773185987.788856641,0,0,2.47
1773185987.788856641,1,0,0.01
1773185988.809838462,0,0,2.47
1773185988.809838462,1,0,0.01
1773185989.831127167,0,0,2.47
1773185989.831127167,1,0,0.01
1773185990.852843430,0,0,2.47
1773185990.852843430,1,0,0.01
1773185991.874726707,0,0,2.47
1773185991.874726707,1,0,0.01
1773185992.896446689,0,0,2.47
1773185992.896446689,1,0,0.01
1773185993.918085396,0,0,2.47
1773185993.918085396,1,0,0.01
1773185994.939321094,0,0,2.47
1773185994.939321094,1,0,0.01
1773185995.961212072,0,0,2.47
1773185995.961212072,1,0,0.01
1773185996.982472884,0,0,2.47
1773185996.982472884,1,0,0.01
1773185998.004048676,0,0,2.47
1773185998.004048676,1,0,0.01
1773185999.025103586,0,0,2.47
1773185999.025103586,1,0,0.01
1773186000.046569706,0,0,2.47
1773186000.046569706,1,0,0.01
1773186001.068531904,0,0,2.47
1773186001.068531904,1,0,0.01
1773186002.090061579,0,0,2.47
1773186002.090061579,1,0,0.01
1773186003.111233416,0,0,2.47
1773186003.111233416,1,0,0.01
1773186004.132619721,0,0,2.47
1773186004.132619721,1,0,0.01
1773186005.153923852,0,0,2.47
1773186005.153923852,1,0,0.01
1773186006.175193989,0,0,2.47
1773186006.175193989,1,0,0.01
1773186007.196318543,0,0,2.47
1773186007.196318543,1,0,0.01
1773186008.217819851,0,0,2.47
1773186008.217819851,1,0,0.01
1773186009.238884003,0,0,2.47
1773186009.238884003,1,0,0.01
1773186010.259911133,0,0,2.47
1773186010.259911133,1,0,0.01
1773186011.281825654,0,0,2.47
1773186011.281825654,1,0,0.01
1773186012.304274426,0,0,2.47
1773186012.304274426,1,0,0.01
1773186013.326127539,0,0,2.47
1773186013.326127539,1,0,0.01
1773186014.348014825,0,0,2.47
1773186014.348014825,1,0,0.01
1773186015.370108542,0,0,2.47
1773186015.370108542,1,0,0.01
1773186016.391344524,0,0,2.47
1773186016.391344524,1,0,0.01
1773186017.413123577,0,0,2.47
1773186017.413123577,1,0,0.01
1773186018.435050830,0,0,2.47
1773186018.435050830,1,0,0.01
1773186019.457052250,0,0,2.47
1773186019.457052250,1,0,0.01
1773186020.479049705,0,0,2.47
1773186020.479049705,1,0,0.01
1773186021.500745928,0,0,2.47
1773186021.500745928,1,0,0.01
1773186022.522972734,0,0,2.47
1773186022.522972734,1,0,0.01
1773186023.544366941,0,0,2.47
1773186023.544366941,1,0,0.01
1773186024.567183423,0,0,2.47
1773186024.567183423,1,0,0.01
1773186025.589859503,0,0,2.47
1773186025.589859503,1,0,0.01
1773186026.611469835,0,0,2.47
1773186026.611469835,1,0,0.01
1773186027.634024658,0,0,2.47
1773186027.634024658,1,0,0.01
1773186028.656095071,0,0,2.47
1773186028.656095071,1,0,0.01
1773186029.678470430,0,0,2.47
1773186029.678470430,1,0,0.01
1773186030.700435942,0,0,2.47
1773186030.700435942,1,0,0.01
1773186031.722192240,0,0,2.47
1773186031.722192240,1,0,0.01
1773186032.744040704,0,0,2.47
1773186032.744040704,1,0,0.01
1773186033.766075031,0,0,2.47
1773186033.766075031,1,0,0.01
1773186034.788752081,0,0,2.47
1773186034.788752081,1,0,0.01
1773186035.811196403,0,0,2.47
1773186035.811196403,1,0,0.01
1773186036.833686966,0,0,2.47
1773186036.833686966,1,0,0.01
1773186037.856278912,0,0,2.47
1773186037.856278912,1,0,0.01
1773186038.878020729,0,0,2.47
1773186038.878020729,1,0,0.01
1773186039.900179753,0,0,2.47
1773186039.900179753,1,0,0.01
1773186040.922716295,0,0,2.47
1773186040.922716295,1,0,0.01
1773186041.944743748,0,0,2.47
1773186041.944743748,1,0,0.01
1773186042.967243419,0,0,2.47
1773186042.967243419,1,0,0.01
1773186043.989489115,0,0,2.47
1773186043.989489115,1,0,0.01
1773186045.011907299,0,0,2.47
1773186045.011907299,1,0,0.01
1773186046.033790641,0,0,2.47
1773186046.033790641,1,0,0.01
1773186047.055986184,0,0,2.47
1773186047.055986184,1,0,0.01
1773186048.077814629,0,0,2.47
1773186048.077814629,1,0,0.01
1773186049.099958468,0,0,2.47
1773186049.099958468,1,0,0.01
1773186050.123081822,0,0,2.47
1773186050.123081822,1,0,0.01
1773186051.146342034,0,0,2.47
1773186051.146342034,1,0,0.01
1773186052.168659190,0,0,2.47
1773186052.168659190,1,0,0.01
1773186053.191207428,0,0,2.47
1773186053.191207428,1,0,0.01
1773186054.213061335,0,0,2.47
1773186054.213061335,1,0,0.01
1773186055.235432385,0,0,2.47
1773186055.235432385,1,0,0.01
1773186056.257523449,0,0,2.47
1773186056.257523449,1,0,0.01
1773186057.279278437,0,0,2.47
1773186057.279278437,1,0,0.01
1773186058.305001398,0,71,2.47
1773186058.305001398,1,0,0.01
1773186059.327062158,0,71,2.47
1773186059.327062158,1,0,0.01
1773186060.348645681,0,0,2.47
1773186060.348645681,1,0,0.01
1773186061.371340030,0,0,2.47
1773186061.371340030,1,0,0.01
1773186062.393677134,0,0,2.47
1773186062.393677134,1,0,0.01
1773186063.422803189,0,0,2.47
1773186063.422803189,1,0,0.01
1773186064.445204569,0,0,2.47
1773186064.445204569,1,0,0.01
1773186065.467568189,0,0,2.47
1773186065.467568189,1,0,0.01
1773186066.489392324,0,0,2.47
1773186066.489392324,1,0,0.01
1773186067.511159125,0,0,2.47
1773186067.511159125,1,0,0.01
1773186068.533337154,0,0,2.47
1773186068.533337154,1,0,0.01
1773186069.555345451,0,0,2.47
1773186069.555345451,1,0,0.01
1773186070.577159996,0,0,2.47
1773186070.577159996,1,0,0.01
1773186071.598981015,0,0,2.47
1773186071.598981015,1,0,0.01
1773186072.620667994,0,0,2.47
1773186072.620667994,1,0,0.01
1773186073.643340041,0,0,2.47
1773186073.643340041,1,0,0.01
1773186074.666945779,0,0,2.47
1773186074.666945779,1,0,0.01
1773186075.689220317,0,0,2.47
1773186075.689220317,1,0,0.01
1773186076.711721386,0,0,2.47
1773186076.711721386,1,0,0.01
1773186077.733726593,0,0,2.47
1773186077.733726593,1,0,0.01
1773186078.755906761,0,0,2.47
1773186078.755906761,1,0,0.01
1773186079.777732763,0,0,2.47
1773186079.777732763,1,0,0.01
1773186080.800130007,0,0,2.47
1773186080.800130007,1,0,0.01
1773186081.822296622,0,0,2.47
1773186081.822296622,1,0,0.01
1773186082.844326827,0,0,2.47
1773186082.844326827,1,0,0.01
1773186083.866143095,0,0,2.47
1773186083.866143095,1,0,0.01
1773186084.888574403,0,0,2.47
1773186084.888574403,1,0,0.01
1773186085.910367693,0,0,2.47
1773186085.910367693,1,0,0.01
1773186086.932131931,0,0,2.47
1773186086.932131931,1,0,0.01
1773186087.953685954,0,0,2.47
1773186087.953685954,1,0,0.01
1773186088.976484641,0,0,2.47
1773186088.976484641,1,0,0.01
1773186089.998765388,0,0,2.47
1773186089.998765388,1,0,0.01
1773186091.020317108,0,0,2.47
1773186091.020317108,1,0,0.01
1773186092.042947922,0,0,2.47
1773186092.042947922,1,0,0.01
1773186093.064474919,0,0,2.47
1773186093.064474919,1,0,0.01
1773186094.086459354,0,0,2.47
1773186094.086459354,1,0,0.01
1773186095.108259957,0,0,2.47
1773186095.108259957,1,0,0.01
1773186096.130091143,0,0,2.47
1773186096.130091143,1,0,0.01
1773186097.152673436,0,68,2.47
1773186097.152673436,1,0,0.01
1773186098.175126782,0,63,2.47
1773186098.175126782,1,0,0.01
1773186099.197485004,0,0,2.47
1773186099.197485004,1,0,0.01
1773186100.219594539,0,0,2.47
1773186100.219594539,1,0,0.01
1773186101.241709883,0,0,2.47
1773186101.241709883,1,0,0.01
1773186102.263590062,0,0,2.47
1773186102.263590062,1,0,0.01
1773186103.286315676,0,0,2.47
1773186103.286315676,1,0,0.01
1773186104.308607338,0,0,2.47
1773186104.308607338,1,0,0.01
1773186105.330734346,0,0,2.47
1773186105.330734346,1,0,0.01
1773186106.352820222,0,0,2.47
1773186106.352820222,1,0,0.01
1773186107.375292874,0,0,2.47
1773186107.375292874,1,0,0.01
1773186108.396953277,0,0,2.47
1773186108.396953277,1,0,0.01
1773186109.418569036,0,0,2.47
1773186109.418569036,1,0,0.01
1773186110.440580581,0,0,2.47
1773186110.440580581,1,0,0.01
1773186111.462634075,0,0,2.47
1773186111.462634075,1,0,0.01
1773186112.484281612,0,0,2.47
1773186112.484281612,1,0,0.01
1773186113.506033062,0,0,2.47
1773186113.506033062,1,0,0.01
1773186114.528791967,0,0,2.47
1773186114.528791967,1,0,0.01
1773186115.551438479,0,0,2.47
1773186115.551438479,1,0,0.01
1773186116.573161663,0,0,2.47
1773186116.573161663,1,0,0.01
1773186117.594573082,0,0,2.47
1773186117.594573082,1,0,0.01
1773186118.615944249,0,0,2.47
1773186118.615944249,1,0,0.01
1773186119.637469201,0,0,2.47
1773186119.637469201,1,0,0.01
1773186120.662110302,0,0,2.47
1773186120.662110302,1,0,0.01
1773186121.684253482,0,0,2.47
1773186121.684253482,1,0,0.01
1773186122.705804369,0,0,2.47
1773186122.705804369,1,0,0.01
1773186123.726874277,0,0,2.47
1773186123.726874277,1,0,0.01
1773186124.748122848,0,0,2.47
1773186124.748122848,1,0,0.01
1773186125.768930771,0,0,2.47
1773186125.768930771,1,0,0.01
1773186126.789650927,0,0,2.47
1773186126.789650927,1,0,0.01
1773186127.811506880,0,0,2.47
1773186127.811506880,1,0,0.01
1773186128.832869121,0,0,2.47
1773186128.832869121,1,0,0.01
1773186129.854313595,0,0,2.47
1773186129.854313595,1,0,0.01
1773186130.876090982,0,0,2.47
1773186130.876090982,1,0,0.01
1773186131.897110228,0,0,2.47
1773186131.897110228,1,0,0.01
1773186132.917626367,0,0,2.47
1773186132.917626367,1,0,0.01
1773186133.938617990,0,0,2.47
1773186133.938617990,1,0,0.01
1773186134.959981381,0,0,2.47
1773186134.959981381,1,0,0.01
1773186135.981218473,0,0,2.47
1773186135.981218473,1,0,0.01
1773186137.002817888,0,0,2.47
1773186137.002817888,1,0,0.01
1773186138.024007153,0,0,2.47
1773186138.024007153,1,0,0.01
1773186139.045391366,0,0,2.47
1773186139.045391366,1,0,0.01
1773186140.067140291,0,0,2.47
1773186140.067140291,1,0,0.01
1773186141.088340946,0,0,2.47
1773186141.088340946,1,0,0.01
1773186142.110104742,0,0,2.47
1773186142.110104742,1,0,0.01
1773186143.131761467,0,0,2.47
1773186143.131761467,1,0,0.01
1773186144.153249539,0,0,2.47
1773186144.153249539,1,0,0.01
1773186145.175583775,0,0,2.47
1773186145.175583775,1,0,0.01
1773186146.197875577,0,0,2.47
1773186146.197875577,1,0,0.01
1773186147.218272483,0,0,2.47
1773186147.218272483,1,0,0.01
1773186148.240172921,0,0,2.47
1773186148.240172921,1,0,0.01
1773186149.261898398,0,0,2.47
1773186149.261898398,1,0,0.01
1773186150.283151378,0,0,2.47
1773186150.283151378,1,0,0.01
1773186151.304901896,0,0,2.47
1773186151.304901896,1,0,0.01
1773186152.326558320,0,0,2.47
1773186152.326558320,1,0,0.01
1773186153.348999987,0,0,2.47
1773186153.348999987,1,0,0.01
1773186154.369996903,0,0,2.47
1773186154.369996903,1,0,0.01
1773186155.392133398,0,0,2.47
1773186155.392133398,1,0,0.01
1773186156.413573548,0,0,2.47
1773186156.413573548,1,0,0.01
1773186157.436213876,0,0,2.47
1773186157.436213876,1,0,0.01
1773186158.458787689,0,0,2.47
1773186158.458787689,1,0,0.01
1773186159.480273148,0,0,2.47
1773186159.480273148,1,0,0.01
1773186160.502416100,0,0,2.47
1773186160.502416100,1,0,0.01
1773186161.523707887,0,0,2.47
1773186161.523707887,1,0,0.01
1773186162.545235064,0,0,2.47
1773186162.545235064,1,0,0.01
1773186163.566302181,0,0,2.47
1773186163.566302181,1,0,0.01
1773186164.587150733,0,0,2.47
1773186164.587150733,1,0,0.01
1773186165.608655977,0,0,2.47
1773186165.608655977,1,0,0.01
1773186166.629981699,0,0,2.47
1773186166.629981699,1,0,0.01
1773186167.652154547,0,0,2.47
1773186167.652154547,1,0,0.01
1773186168.673325921,0,0,2.47
1773186168.673325921,1,0,0.01
1773186169.694410711,0,0,2.47
1773186169.694410711,1,0,0.01
1773186170.715655993,0,0,2.47
1773186170.715655993,1,0,0.01
1773186171.737424371,0,0,2.47
1773186171.737424371,1,0,0.01
1773186172.758927918,0,0,2.47
1773186172.758927918,1,0,0.01
1773186173.779958958,0,0,2.47
1773186173.779958958,1,0,0.01
1773186174.800913921,0,0,2.47
1773186174.800913921,1,0,0.01
1773186175.821925270,0,0,2.47
1773186175.821925270,1,0,0.01
1773186176.844111382,0,0,2.47
1773186176.844111382,1,0,0.01
1773186177.865358814,0,0,2.47
1773186177.865358814,1,0,0.01
1773186178.887226125,0,0,2.47
1773186178.887226125,1,0,0.01
1773186179.909073786,0,0,2.47
1773186179.909073786,1,0,0.01
1773186180.930225197,0,0,2.47
1773186180.930225197,1,0,0.01
1773186181.951091641,0,0,2.47
1773186181.951091641,1,0,0.01
1773186182.972677473,0,0,2.47
1773186182.972677473,1,0,0.01
1773186183.994043307,0,0,2.47
1773186183.994043307,1,0,0.01
1773186185.015698469,0,0,2.47
1773186185.015698469,1,0,0.01
1773186186.036776334,0,0,2.47
1773186186.036776334,1,0,0.01
1773186187.057843597,0,0,2.47
1773186187.057843597,1,0,0.01
1773186188.080224732,0,0,2.47
1773186188.080224732,1,0,0.01
1773186189.101457076,0,0,2.47
1773186189.101457076,1,0,0.01
1773186190.122604176,0,0,2.47
1773186190.122604176,1,0,0.01
1773186191.143841945,0,0,2.47
1773186191.143841945,1,0,0.01
1773186192.164922212,0,0,2.47
1773186192.164922212,1,0,0.01
1773186193.187192613,0,0,2.47
1773186193.187192613,1,0,0.01
1773186194.208069934,0,0,2.47
1773186194.208069934,1,0,0.01
1773186195.229007641,0,0,2.47
1773186195.229007641,1,0,0.01
1773186196.250185393,0,2,2.47
1773186196.250185393,1,0,0.01
1773186197.272524184,0,71,2.47
1773186197.272524184,1,0,0.01
1773186198.293908102,0,0,2.47
1773186198.293908102,1,0,0.01
1773186199.315933147,0,0,2.47
1773186199.315933147,1,0,0.01
1773186200.337506759,0,0,2.47
1773186200.337506759,1,0,0.01
1773186201.358681341,0,0,2.47
1773186201.358681341,1,0,0.01
1773186202.380103133,0,0,2.47
1773186202.380103133,1,0,0.01
1773186203.401246472,0,0,2.47
1773186203.401246472,1,0,0.01
1773186204.422258126,0,0,2.47
1773186204.422258126,1,0,0.01
1773186205.444031282,0,0,2.47
1773186205.444031282,1,0,0.01
1773186206.465506317,0,0,2.47
1773186206.465506317,1,0,0.01
1773186207.486649944,0,0,2.47
1773186207.486649944,1,0,0.01
1773186208.508797215,0,0,2.47
1773186208.508797215,1,0,0.01
1773186209.530218706,0,0,2.47
1773186209.530218706,1,0,0.01
1773186210.551465621,0,0,2.47
1773186210.551465621,1,0,0.01
1773186211.572403800,0,0,2.47
1773186211.572403800,1,0,0.01
1773186212.593747789,0,0,2.47
1773186212.593747789,1,0,0.01
1773186213.614489855,0,0,2.47
1773186213.614489855,1,0,0.01
1773186214.635815181,0,0,2.47
1773186214.635815181,1,0,0.01
1773186215.657747025,0,0,2.47
1773186215.657747025,1,0,0.01
1773186216.678715559,0,0,2.47
1773186216.678715559,1,0,0.01
1773186217.699718836,0,0,2.47
1773186217.699718836,1,0,0.01
1773186218.721250543,0,0,2.47
1773186218.721250543,1,0,0.01
1773186219.742148942,0,0,2.47
1773186219.742148942,1,0,0.01
1773186220.763316468,0,0,2.47
1773186220.763316468,1,0,0.01
1773186221.784847477,0,0,2.47
1773186221.784847477,1,0,0.01
1773186222.806105943,0,0,2.47
1773186222.806105943,1,0,0.01
1773186223.827062079,0,0,2.47
1773186223.827062079,1,0,0.01
1773186224.848996993,0,0,2.47
1773186224.848996993,1,0,0.01
1773186225.871145475,0,0,2.47
1773186225.871145475,1,0,0.01
1773186226.892615752,0,0,2.47
1773186226.892615752,1,0,0.01
1773186227.914199169,0,0,2.47
1773186227.914199169,1,0,0.01
1773186228.935063620,0,0,2.47
1773186228.935063620,1,0,0.01
1773186229.956775508,0,0,2.47
1773186229.956775508,1,0,0.01
1773186230.978407792,0,0,2.47
1773186230.978407792,1,0,0.01
1773186231.999127356,0,0,2.47
1773186231.999127356,1,0,0.01
1773186233.020132154,0,0,2.47
1773186233.020132154,1,0,0.01
1773186234.041079063,0,0,2.47
1773186234.041079063,1,0,0.01
1773186235.063107350,0,0,2.47
1773186235.063107350,1,0,0.01
1773186236.084882710,0,0,2.47
1773186236.084882710,1,0,0.01
1773186237.106595722,0,0,2.47
1773186237.106595722,1,0,0.01
1773186238.127699663,0,0,2.47
1773186238.127699663,1,0,0.01
1773186239.149254057,0,0,2.47
1773186239.149254057,1,0,0.01
1773186240.170447072,0,0,2.47
1773186240.170447072,1,0,0.01
1773186241.192177400,0,0,2.47
1773186241.192177400,1,0,0.01
1773186242.213423037,0,0,2.47
1773186242.213423037,1,0,0.01
1773186243.234300025,0,0,2.47
1773186243.234300025,1,0,0.01
1773186244.255662776,0,0,2.47
1773186244.255662776,1,0,0.01
1773186245.276926737,0,0,2.47
1773186245.276926737,1,0,0.01
1773186246.298626462,0,0,2.47
1773186246.298626462,1,0,0.01
1773186247.320801305,0,0,2.47
1773186247.320801305,1,0,0.01
1773186248.341590952,0,0,2.47
1773186248.341590952,1,0,0.01
1773186249.363149544,0,0,2.47
1773186249.363149544,1,0,0.01
1773186250.384640307,0,0,2.47
1773186250.384640307,1,0,0.01
1773186251.406144959,0,0,2.47
1773186251.406144959,1,0,0.01
1773186252.427193730,0,0,2.47
1773186252.427193730,1,0,0.01
1773186253.449220986,0,0,2.47
1773186253.449220986,1,0,0.01
1773186254.470780659,0,0,2.47
1773186254.470780659,1,0,0.01
1773186255.492274533,0,0,2.47
1773186255.492274533,1,0,0.01
1773186256.514422953,0,0,2.47
1773186256.514422953,1,0,0.01
1773186257.535801841,0,0,2.47
1773186257.535801841,1,0,0.01
1773186258.557657644,0,0,2.47
1773186258.557657644,1,0,0.01
1773186259.579187504,0,0,2.47
1773186259.579187504,1,0,0.01
1773186260.600170362,0,0,2.47
1773186260.600170362,1,0,0.01
1773186261.621110198,0,0,2.47
1773186261.621110198,1,0,0.01
1773186262.642792895,0,0,2.47
1773186262.642792895,1,0,0.01
1773186263.663793821,0,0,2.47
1773186263.663793821,1,0,0.01
1773186264.685813319,0,0,2.47
1773186264.685813319,1,0,0.01
1773186265.707119237,0,0,2.47
1773186265.707119237,1,0,0.01
1773186266.728476136,0,0,2.47
1773186266.728476136,1,0,0.01
1773186267.749394186,0,0,2.47
1773186267.749394186,1,0,0.01
1773186268.771153467,0,0,2.47
1773186268.771153467,1,0,0.01
1773186269.792407858,0,0,2.47
1773186269.792407858,1,0,0.01
1773186270.813471893,0,0,2.47
1773186270.813471893,1,0,0.01
1773186271.834538132,0,0,2.47
1773186271.834538132,1,0,0.01
1773186272.855761899,0,0,2.47
1773186272.855761899,1,0,0.01
1773186273.876411017,0,0,2.47
1773186273.876411017,1,0,0.01
1773186274.898209387,0,0,2.47
1773186274.898209387,1,0,0.01
1773186275.919614488,0,0,2.47
1773186275.919614488,1,0,0.01
1773186276.941060038,0,0,2.47
1773186276.941060038,1,0,0.01
1773186277.962670162,0,0,2.47
1773186277.962670162,1,0,0.01
1773186278.983940506,0,0,2.47
1773186278.983940506,1,0,0.01
1773186280.005770812,0,0,2.47
1773186280.005770812,1,0,0.01
1773186281.026938191,0,0,2.47
1773186281.026938191,1,0,0.01
1773186282.048596540,0,0,2.47
1773186282.048596540,1,0,0.01
1773186283.070408179,0,0,2.47
1773186283.070408179,1,0,0.01
1773186284.092114258,0,0,2.47
1773186284.092114258,1,0,0.01
1773186285.113128104,0,0,2.47
1773186285.113128104,1,0,0.01
1773186286.134471253,0,0,2.47
1773186286.134471253,1,0,0.01
1773186287.156464771,0,0,2.47
1773186287.156464771,1,0,0.01
1773186288.178248822,0,0,2.47
1773186288.178248822,1,0,0.01
1773186289.199791349,0,0,2.47
1773186289.199791349,1,0,0.01
1773186290.220316556,0,0,2.47
1773186290.220316556,1,0,0.01
1773186291.241073254,0,0,2.47
1773186291.241073254,1,0,0.01
1773186292.262533140,0,0,2.47
1773186292.262533140,1,0,0.01
1773186293.283694677,0,0,2.47
1773186293.283694677,1,0,0.01
1773186294.305375341,0,0,2.47
1773186294.305375341,1,0,0.01
1773186295.326472961,0,0,2.47
1773186295.326472961,1,0,0.01
1773186296.347966144,0,0,2.47
1773186296.347966144,1,0,0.01
1773186297.369291491,0,0,2.47
1773186297.369291491,1,0,0.01
1773186298.390488995,0,0,2.47
1773186298.390488995,1,0,0.01
1773186299.412777494,0,0,2.47
1773186299.412777494,1,0,0.01
1773186300.433745174,0,0,2.47
1773186300.433745174,1,0,0.01
1773186301.455140346,0,0,2.47
1773186301.455140346,1,0,0.01
1773186302.476503031,0,0,2.47
1773186302.476503031,1,0,0.01
1773186303.497657858,0,0,2.47
1773186303.497657858,1,0,0.01
1773186304.518698114,0,0,2.47
1773186304.518698114,1,0,0.01
1773186305.539681964,0,0,2.47
1773186305.539681964,1,0,0.01
1773186306.560703926,0,0,2.47
1773186306.560703926,1,0,0.01
1773186307.582958276,0,0,2.47
1773186307.582958276,1,0,0.01
1773186308.604160837,0,0,2.47
1773186308.604160837,1,0,0.01
1773186309.625149134,0,0,2.47
1773186309.625149134,1,0,0.01
1773186310.646421005,0,0,2.47
1773186310.646421005,1,0,0.01
1773186311.667770914,0,0,2.47
1773186311.667770914,1,0,0.01
1773186312.688950179,0,0,2.47
1773186312.688950179,1,0,0.01
1773186313.710507751,0,0,2.47
1773186313.710507751,1,0,0.01
1773186314.731746064,0,0,2.47
1773186314.731746064,1,0,0.01
1773186315.753913256,0,0,2.47
1773186315.753913256,1,0,0.01
1773186316.775512825,0,0,2.47
1773186316.775512825,1,0,0.01
1773186317.797030516,0,0,2.47
1773186317.797030516,1,0,0.01
1773186318.818596650,0,0,2.47
1773186318.818596650,1,0,0.01
1773186319.840051058,0,0,2.47
1773186319.840051058,1,0,0.01
1773186320.861586673,0,70,2.47
1773186320.861586673,1,0,0.01
1773186321.882541232,0,66,2.47
1773186321.882541232,1,0,0.01
1773186322.904007189,0,0,2.47
1773186322.904007189,1,0,0.01
1773186323.925155142,0,0,2.47
1773186323.925155142,1,0,0.01
1773186324.946345580,0,0,2.47
1773186324.946345580,1,0,0.01
1773186325.967764698,0,0,2.47
1773186325.967764698,1,0,0.01
1773186326.989823300,0,0,2.47
1773186326.989823300,1,0,0.01
1773186328.011199750,0,0,2.47
1773186328.011199750,1,0,0.01
1773186329.032258443,0,0,2.47
1773186329.032258443,1,0,0.01
1773186330.053665449,0,0,2.47
1773186330.053665449,1,0,0.01
1773186331.075762511,0,0,2.47
1773186331.075762511,1,0,0.01
1773186332.097104361,0,0,2.47
1773186332.097104361,1,0,0.01
1773186333.118542837,0,0,2.47
1773186333.118542837,1,0,0.01
1773186334.139613613,0,0,2.47
1773186334.139613613,1,0,0.01
1773186335.160937138,0,0,2.47
1773186335.160937138,1,0,0.01
1773186336.182991784,0,0,2.47
1773186336.182991784,1,0,0.01
1773186337.204208742,0,0,2.47
1773186337.204208742,1,0,0.01
1773186338.225405753,0,0,2.47
1773186338.225405753,1,0,0.01
1773186339.247182999,0,0,2.47
1773186339.247182999,1,0,0.01
1773186340.268433022,0,0,2.47
1773186340.268433022,1,0,0.01
1773186341.289962342,0,0,2.47
1773186341.289962342,1,0,0.01
1773186342.311227515,0,0,2.47
1773186342.311227515,1,0,0.01
1773186343.332135861,0,0,2.47
1773186343.332135861,1,0,0.01
1773186344.353133636,0,0,2.47
1773186344.353133636,1,0,0.01
1773186345.375388810,0,0,2.47
1773186345.375388810,1,0,0.01
1773186346.397025480,0,0,2.47
1773186346.397025480,1,0,0.01
1773186347.417931034,0,0,2.47
1773186347.417931034,1,0,0.01
1773186348.439887022,0,0,2.47
1773186348.439887022,1,0,0.01
1773186349.461574298,0,0,2.47
1773186349.461574298,1,0,0.01
1773186350.483572106,0,0,2.47
1773186350.483572106,1,0,0.01
1773186351.505758288,0,0,2.47
1773186351.505758288,1,0,0.01
1773186352.528014044,0,0,2.47
1773186352.528014044,1,0,0.01
1773186353.549516546,0,0,2.47
1773186353.549516546,1,0,0.01
1773186354.570628296,0,0,2.47
1773186354.570628296,1,0,0.01
1773186355.591829085,0,0,2.47
1773186355.591829085,1,0,0.01
1773186356.613435283,0,0,2.47
1773186356.613435283,1,0,0.01
1773186357.634646934,0,0,2.47
1773186357.634646934,1,0,0.01
1773186358.655836859,0,0,2.47
1773186358.655836859,1,0,0.01
1773186359.678129320,0,0,2.47
1773186359.678129320,1,0,0.01
1773186360.699261194,0,0,2.47
1773186360.699261194,1,0,0.01
1773186361.720761183,0,0,2.47
1773186361.720761183,1,0,0.01
1773186362.742818701,0,0,2.47
1773186362.742818701,1,0,0.01
1773186363.764169975,0,0,2.47
1773186363.764169975,1,0,0.01
1773186364.785297639,0,0,2.47
1773186364.785297639,1,0,0.01
1773186365.807094958,0,0,2.47
1773186365.807094958,1,0,0.01
1773186366.829285313,0,0,2.47
1773186366.829285313,1,0,0.01
1773186367.850651007,0,0,2.47
1773186367.850651007,1,0,0.01
1773186368.872018835,0,0,2.47
1773186368.872018835,1,0,0.01
1773186369.893817495,0,0,2.47
1773186369.893817495,1,0,0.01
1773186370.915307114,0,0,1.25
1773186370.915307114,1,0,0.01
1773186371.937034122,0,0,1.25
1773186371.937034122,1,0,0.01
1773186372.959118929,0,0,1.25
1773186372.959118929,1,0,0.01
1773186373.981512144,0,0,1.25
1773186373.981512144,1,0,0.01
1773186375.003649909,0,0,1.25
1773186375.003649909,1,0,0.01
1773186376.025015187,0,0,1.25
1773186376.025015187,1,0,0.01
1773186377.047074142,0,0,1.25
1773186377.047074142,1,0,0.01
1773186378.068994269,0,0,1.25
1773186378.068994269,1,0,0.01
1773186379.091749248,0,0,1.25
1773186379.091749248,1,0,0.01
1773186380.113554036,0,0,1.25
1773186380.113554036,1,0,0.01
1773186381.134705210,0,0,1.25
1773186381.134705210,1,0,0.01
1773186382.156741624,0,0,1.25
1773186382.156741624,1,0,0.01
1773186383.178481802,0,0,1.25
1773186383.178481802,1,0,0.01
1773186384.200376716,0,0,2.19
1773186384.200376716,1,0,0.01
1773186385.222088038,0,0,2.19
1773186385.222088038,1,0,0.01
1773186386.244588502,0,0,2.19
1773186386.244588502,1,0,0.01
1773186387.265769137,0,0,2.19
1773186387.265769137,1,0,0.01
1773186388.286689324,0,0,2.20
1773186388.286689324,1,0,0.01
1773186389.307784894,0,0,2.20
1773186389.307784894,1,0,0.01
1773186390.327991041,0,0,2.20
1773186390.327991041,1,0,0.01
1773186391.349051418,0,0,2.20
1773186391.349051418,1,0,0.01
1773186392.369926692,0,0,2.20
1773186392.369926692,1,0,0.01
1773186393.391922677,0,0,2.20
1773186393.391922677,1,0,0.01
1773186394.412794535,0,0,2.20
1773186394.412794535,1,0,0.01
1773186395.433847836,0,0,2.20
1773186395.433847836,1,0,0.01
1773186396.455877846,0,0,2.20
1773186396.455877846,1,0,0.01
1773186397.477082463,0,0,2.20
1773186397.477082463,1,0,0.01
1773186398.498274967,0,0,2.20
1773186398.498274967,1,0,0.01
1773186399.519134922,0,0,2.20
1773186399.519134922,1,0,0.01
1773186400.540020617,0,0,2.20
1773186400.540020617,1,0,0.01
1773186401.561517589,0,0,2.20
1773186401.561517589,1,0,0.01
1773186402.583106263,0,0,2.20
1773186402.583106263,1,0,0.01
1773186403.604141470,0,0,2.20
1773186403.604141470,1,0,0.01
1773186404.625812893,0,0,2.20
1773186404.625812893,1,0,0.01
1773186405.647507241,0,0,2.20
1773186405.647507241,1,0,0.01
1773186406.668446960,0,0,2.20
1773186406.668446960,1,0,0.01
1773186407.689557763,0,0,2.20
1773186407.689557763,1,0,0.01
1773186408.710590287,0,0,2.20
1773186408.710590287,1,0,0.01
1773186409.731908553,0,0,2.20
1773186409.731908553,1,0,0.01
1773186410.753448531,0,0,2.20
1773186410.753448531,1,0,0.01
1773186411.774257397,0,0,2.20
1773186411.774257397,1,0,0.01
1773186412.795736135,0,0,2.20
1773186412.795736135,1,0,0.01
1773186413.817115712,0,0,2.20
1773186413.817115712,1,0,0.01
1773186414.838034927,0,0,2.20
1773186414.838034927,1,0,0.01
1773186415.859224993,0,0,2.20
1773186415.859224993,1,0,0.01
1773186416.880366944,0,0,2.20
1773186416.880366944,1,0,0.01
1773186417.901345628,0,0,2.20
1773186417.901345628,1,0,0.01
1773186418.922433599,0,0,2.20
1773186418.922433599,1,0,0.01
1773186419.943644105,0,0,2.20
1773186419.943644105,1,0,0.01
1773186420.964525392,0,0,2.20
1773186420.964525392,1,0,0.01
1773186421.985550363,0,0,2.20
1773186421.985550363,1,0,0.01
1773186423.006749192,0,0,2.20
1773186423.006749192,1,0,0.01
1773186424.027677570,0,0,2.20
1773186424.027677570,1,0,0.01
1773186425.049746410,0,0,2.20
1773186425.049746410,1,0,0.01
1773186426.071001208,0,0,2.20
1773186426.071001208,1,0,0.01
1773186427.092093671,0,0,2.20
1773186427.092093671,1,0,0.01
1773186428.113168906,0,0,2.20
1773186428.113168906,1,0,0.01
1773186429.134564603,0,0,2.20
1773186429.134564603,1,0,0.01
1773186430.155343089,0,0,2.20
1773186430.155343089,1,0,0.01
1773186431.177386250,0,0,2.20
1773186431.177386250,1,0,0.01
1773186432.198913818,0,0,2.20
1773186432.198913818,1,0,0.01
1773186433.220867430,0,0,2.20
1773186433.220867430,1,0,0.01
1773186434.240952989,0,7,2.47
1773186434.240952989,1,0,0.01
1773186435.260869273,0,59,2.47
1773186435.260869273,1,0,0.01
1773186436.282527755,0,26,2.47
1773186436.282527755,1,0,0.01
1773186437.304220779,0,0,2.47
1773186437.304220779,1,0,0.01
1773186438.325027991,0,0,2.47
1773186438.325027991,1,0,0.01
1773186439.346101378,0,0,2.47
1773186439.346101378,1,0,0.01
1773186440.367208223,0,0,2.47
1773186440.367208223,1,0,0.01
1773186441.387685557,0,0,2.47
1773186441.387685557,1,0,0.01
1773186442.409745084,0,0,2.47
1773186442.409745084,1,0,0.01
1773186443.430807163,0,0,2.47
1773186443.430807163,1,0,0.01
1773186444.451532597,0,0,2.47
1773186444.451532597,1,0,0.01
1773186445.473290881,0,0,2.47
1773186445.473290881,1,0,0.01
1773186446.495207673,0,0,2.47
1773186446.495207673,1,0,0.01
1773186447.515913352,0,0,2.47
1773186447.515913352,1,0,0.01
1773186448.536621566,0,0,2.47
1773186448.536621566,1,0,0.01
1773186449.557418834,0,0,2.47
1773186449.557418834,1,0,0.01
1773186450.578257096,0,0,2.47
1773186450.578257096,1,0,0.01
1773186451.598983938,0,0,2.47
1773186451.598983938,1,0,0.01
1773186452.619311753,0,0,2.47
1773186452.619311753,1,0,0.01
1773186453.640556549,0,0,2.47
1773186453.640556549,1,0,0.01
1773186454.661225681,0,0,2.47
1773186454.661225681,1,0,0.01
1773186455.682190085,0,0,2.47
1773186455.682190085,1,0,0.01
1773186456.703504604,0,0,2.47
1773186456.703504604,1,0,0.01
1773186457.724523404,0,0,2.47
1773186457.724523404,1,0,0.01
1773186458.745135410,0,0,2.47
1773186458.745135410,1,0,0.01
1773186459.764532445,0,0,2.47
1773186459.764532445,1,0,0.01
1773186460.785553801,0,0,2.47
1773186460.785553801,1,0,0.01
1773186461.806261967,0,0,2.47
1773186461.806261967,1,0,0.01
1773186462.827340176,0,0,2.47
1773186462.827340176,1,0,0.01
1773186463.848866016,0,0,2.47
1773186463.848866016,1,0,0.01
1773186464.868638176,0,0,2.47
1773186464.868638176,1,0,0.01
1773186465.889184363,0,0,2.47
1773186465.889184363,1,0,0.01
1773186466.910323700,0,0,2.47
1773186466.910323700,1,0,0.01
1773186467.932075649,0,0,2.47
1773186467.932075649,1,0,0.01
1773186468.953251825,0,0,2.47
1773186468.953251825,1,0,0.01
1773186469.974297932,0,0,2.47
1773186469.974297932,1,0,0.01
1773186470.995235474,0,0,2.47
1773186470.995235474,1,0,0.01
1773186472.017237598,0,0,2.47
1773186472.017237598,1,0,0.01
1773186473.038300101,0,0,2.47
1773186473.038300101,1,0,0.01
1773186474.060334632,0,0,2.47
1773186474.060334632,1,0,0.01
1773186475.081072657,0,0,2.47
1773186475.081072657,1,0,0.01
1773186476.102082656,0,0,2.47
1773186476.102082656,1,0,0.01
1773186477.123042883,0,0,2.47
1773186477.123042883,1,0,0.01
1773186478.145039091,0,0,2.47
1773186478.145039091,1,0,0.01
1773186479.166414299,0,0,2.47
1773186479.166414299,1,0,0.01
1773186480.187335490,0,0,2.47
1773186480.187335490,1,0,0.01
1773186481.208323431,0,0,2.47
1773186481.208323431,1,0,0.01
1773186482.229245344,0,0,2.47
1773186482.229245344,1,0,0.01
1773186483.250369424,0,0,2.47
1773186483.250369424,1,0,0.01
1773186484.272291615,0,0,2.47
1773186484.272291615,1,0,0.01
1773186485.293057870,0,0,2.47
1773186485.293057870,1,0,0.01
1773186486.314039060,0,0,2.47
1773186486.314039060,1,0,0.01
1773186487.335053589,0,0,2.47
1773186487.335053589,1,0,0.01
1773186488.356162092,0,0,2.47
1773186488.356162092,1,0,0.01
1773186489.377920886,0,0,2.47
1773186489.377920886,1,0,0.01
1773186490.398642261,0,0,2.47
1773186490.398642261,1,0,0.01
1773186491.419459751,0,0,2.47
1773186491.419459751,1,0,0.01
1773186492.440690967,0,0,2.47
1773186492.440690967,1,0,0.01
1773186493.462530778,0,0,2.47
1773186493.462530778,1,0,0.01
1773186494.483108926,0,0,2.47
1773186494.483108926,1,0,0.01
1773186495.504640279,0,0,2.47
1773186495.504640279,1,0,0.01
1773186496.525474824,0,0,2.47
1773186496.525474824,1,0,0.01
1773186497.546950283,0,0,2.47
1773186497.546950283,1,0,0.01
1773186498.568658808,0,0,2.47
1773186498.568658808,1,0,0.01
1773186499.589904718,0,0,2.47
1773186499.589904718,1,0,0.01
1773186500.610577535,0,0,2.47
1773186500.610577535,1,0,0.01
1773186501.632506524,0,0,2.47
1773186501.632506524,1,0,0.01
1773186502.653482996,0,0,2.47
1773186502.653482996,1,0,0.01
1773186503.674272524,0,0,2.47
1773186503.674272524,1,0,0.01
1773186504.695017466,0,0,2.47
1773186504.695017466,1,0,0.01
1773186505.716018814,0,0,2.47
1773186505.716018814,1,0,0.01
1773186506.737099853,0,0,2.47
1773186506.737099853,1,0,0.01
1773186507.758743335,0,0,2.47
1773186507.758743335,1,0,0.01
1773186508.778622547,0,0,2.47
1773186508.778622547,1,0,0.01
1773186509.800150525,0,0,2.47
1773186509.800150525,1,0,0.01
1773186510.822392481,0,0,2.47
1773186510.822392481,1,0,0.01
1773186511.843797970,0,0,2.47
1773186511.843797970,1,0,0.01
1773186512.864845150,0,0,2.47
1773186512.864845150,1,0,0.01
1773186513.885868414,0,0,2.47
1773186513.885868414,1,0,0.01
1773186514.906915856,0,0,2.47
1773186514.906915856,1,0,0.01
1773186515.928500240,0,0,2.47
1773186515.928500240,1,0,0.01
1773186516.949166476,0,0,2.47
1773186516.949166476,1,0,0.01
1773186517.969877489,0,0,2.47
1773186517.969877489,1,0,0.01
1773186518.992521466,0,0,2.47
1773186518.992521466,1,0,0.01
1773186520.013465370,0,0,2.47
1773186520.013465370,1,0,0.01
1773186521.034485735,0,0,2.47
1773186521.034485735,1,0,0.01
1773186522.056103245,0,0,2.47
1773186522.056103245,1,0,0.01
1773186523.077424452,0,0,2.47
1773186523.077424452,1,0,0.01
1773186524.098114209,0,0,2.47
1773186524.098114209,1,0,0.01
1773186525.119312135,0,0,2.47
1773186525.119312135,1,0,0.01
1773186526.141084613,0,0,2.47
1773186526.141084613,1,0,0.01
1773186527.160713761,0,0,2.47
1773186527.160713761,1,0,0.01
1773186528.181742758,0,0,2.47
1773186528.181742758,1,0,0.01
1773186529.202848210,0,0,2.47
1773186529.202848210,1,0,0.01
1773186530.222527189,0,0,2.47
1773186530.222527189,1,0,0.01
1773186531.244519185,0,0,2.47
1773186531.244519185,1,0,0.01
1773186532.266582539,0,0,2.47
1773186532.266582539,1,0,0.01
1773186533.287886512,0,0,2.47
1773186533.287886512,1,0,0.01
1773186534.309979475,0,0,2.47
1773186534.309979475,1,0,0.01
1773186535.332153517,0,0,2.47
1773186535.332153517,1,0,0.01
1773186536.352229669,0,0,2.47
1773186536.352229669,1,0,0.01
1773186537.374607063,0,0,2.47
1773186537.374607063,1,0,0.01
1773186538.396535629,0,0,2.47
1773186538.396535629,1,0,0.01
1773186539.418482566,0,0,2.47
1773186539.418482566,1,0,0.01
1773186540.439225568,0,0,2.47
1773186540.439225568,1,0,0.01
1773186541.460082479,0,0,2.47
1773186541.460082479,1,0,0.01
1773186542.482053016,0,0,2.47
1773186542.482053016,1,0,0.01
1773186543.502501365,0,0,2.47
1773186543.502501365,1,0,0.01
1773186544.524404295,0,0,2.47
1773186544.524404295,1,0,0.01
1773186545.545254380,0,0,2.47
1773186545.545254380,1,0,0.01
1773186546.567056518,0,0,2.47
1773186546.567056518,1,0,0.01
1773186547.587709366,0,0,2.47
1773186547.587709366,1,0,0.01
1773186548.609993729,0,0,2.47
1773186548.609993729,1,0,0.01
1773186549.632120973,0,0,2.47
1773186549.632120973,1,0,0.01
1773186550.653827095,0,0,2.47
1773186550.653827095,1,0,0.01
1773186551.674625299,0,0,2.47
1773186551.674625299,1,0,0.01
1773186552.696333319,0,0,2.47
1773186552.696333319,1,0,0.01
1773186553.717776273,0,0,2.47
1773186553.717776273,1,0,0.01
1773186554.738615967,0,0,2.47
1773186554.738615967,1,0,0.01
1773186555.758516610,0,0,2.47
1773186555.758516610,1,0,0.01
1773186556.780114684,0,0,2.47
1773186556.780114684,1,0,0.01
1773186557.801513282,0,0,2.47
1773186557.801513282,1,0,0.01
1773186558.822263579,0,0,2.47
1773186558.822263579,1,0,0.01
1773186559.843245989,0,70,2.47
1773186559.843245989,1,0,0.01
1773186560.862840537,0,70,2.47
1773186560.862840537,1,0,0.01
1773186561.884492948,0,0,2.47
1773186561.884492948,1,0,0.01
1773186562.906253703,0,0,2.47
1773186562.906253703,1,0,0.01
1773186563.927145843,0,0,2.47
1773186563.927145843,1,0,0.01
1773186564.948921649,0,0,2.47
1773186564.948921649,1,0,0.01
1773186565.969934014,0,0,2.47
1773186565.969934014,1,0,0.01
1773186566.989696295,0,0,2.47
1773186566.989696295,1,0,0.01
1773186568.010391885,0,0,2.47
1773186568.010391885,1,0,0.01
1773186569.031546703,0,0,2.47
1773186569.031546703,1,0,0.01
1773186570.052612379,0,0,2.47
1773186570.052612379,1,0,0.01
1773186571.073532336,0,0,2.47
1773186571.073532336,1,0,0.01
1773186572.093746688,0,0,2.47
1773186572.093746688,1,0,0.01
1773186573.115174155,0,0,2.47
1773186573.115174155,1,0,0.01
1773186574.137852741,0,0,2.47
1773186574.137852741,1,0,0.01
1773186575.157614799,0,0,2.47
1773186575.157614799,1,0,0.01
1773186576.178885279,0,0,2.47
1773186576.178885279,1,0,0.01
1773186577.199668494,0,0,2.47
1773186577.199668494,1,0,0.01
1773186578.220408705,0,0,2.47
1773186578.220408705,1,0,0.01
1773186579.241197071,0,0,2.47
1773186579.241197071,1,0,0.01
1773186580.261214721,0,0,2.47
1773186580.261214721,1,0,0.01
1773186581.282869062,0,0,2.47
1773186581.282869062,1,0,0.01
1773186582.304462609,0,0,2.47
1773186582.304462609,1,0,0.01
1773186583.325709336,0,0,2.47
1773186583.325709336,1,0,0.01
1773186584.347126670,0,0,2.47
1773186584.347126670,1,0,0.01
1773186585.368934669,0,0,2.47
1773186585.368934669,1,0,0.01
1773186586.390249047,0,0,2.47
1773186586.390249047,1,0,0.01
1773186587.411196360,0,0,2.47
1773186587.411196360,1,0,0.01
1773186588.433093520,0,0,2.47
1773186588.433093520,1,0,0.01
1773186589.454214330,0,0,2.47
1773186589.454214330,1,0,0.01
1773186590.475644249,0,0,2.47
1773186590.475644249,1,0,0.01
1773186591.497682206,0,0,2.47
1773186591.497682206,1,0,0.01
1773186592.519060582,0,0,2.47
1773186592.519060582,1,0,0.01
1773186593.541213305,0,0,2.47
1773186593.541213305,1,0,0.01
1773186594.561990756,0,0,2.47
1773186594.561990756,1,0,0.01
1773186595.583959838,0,0,2.47
1773186595.583959838,1,0,0.01
1773186596.605269810,0,0,2.47
1773186596.605269810,1,0,0.01
1773186597.626680409,0,0,2.47
1773186597.626680409,1,0,0.01
1773186598.646471712,0,0,2.47
1773186598.646471712,1,0,0.01
1773186599.668079779,0,0,2.47
1773186599.668079779,1,0,0.01
1773186600.689471930,0,0,2.47
1773186600.689471930,1,0,0.01
1773186601.709979275,0,0,2.47
1773186601.709979275,1,0,0.01
1773186602.731080441,0,0,2.47
1773186602.731080441,1,0,0.01
1773186603.752403516,0,0,2.47
1773186603.752403516,1,0,0.01
1773186604.773476985,0,0,2.47
1773186604.773476985,1,0,0.01
1773186605.795663866,0,0,2.47
1773186605.795663866,1,0,0.01
1773186606.816930189,0,0,2.47
1773186606.816930189,1,0,0.01
1773186607.837931094,0,0,2.47
1773186607.837931094,1,0,0.01
1773186608.858957365,0,0,2.47
1773186608.858957365,1,0,0.01
1773186609.879911723,0,0,2.47
1773186609.879911723,1,0,0.01
1773186610.901742644,0,0,2.47
1773186610.901742644,1,0,0.01
1773186611.923311605,0,0,2.47
1773186611.923311605,1,0,0.01
1773186612.945704993,0,0,2.47
1773186612.945704993,1,0,0.01
1773186613.966474149,0,0,2.47
1773186613.966474149,1,0,0.01
1773186614.988324418,0,0,2.47
1773186614.988324418,1,0,0.01
1773186616.008300049,0,0,2.47
1773186616.008300049,1,0,0.01
1773186617.029450845,0,0,2.47
1773186617.029450845,1,0,0.01
1773186618.049175231,0,0,2.47
1773186618.049175231,1,0,0.01
1773186619.071233502,0,0,2.47
1773186619.071233502,1,0,0.01
1773186620.093062418,0,0,2.47
1773186620.093062418,1,0,0.01
1773186621.113270476,0,65,2.47
1773186621.113270476,1,0,0.01
1773186622.133966357,0,60,2.47
1773186622.133966357,1,0,0.01
1773186623.155140719,0,0,2.47
1773186623.155140719,1,0,0.01
1773186624.176649316,0,0,2.47
1773186624.176649316,1,0,0.01
1773186625.198675805,0,0,2.47
1773186625.198675805,1,0,0.01
1773186626.219504155,0,0,2.47
1773186626.219504155,1,0,0.01
1773186627.241084989,0,0,2.47
1773186627.241084989,1,0,0.01
1773186628.262104045,0,0,2.47
1773186628.262104045,1,0,0.01
1773186629.283228097,0,0,2.47
1773186629.283228097,1,0,0.01
1773186630.304156658,0,0,2.47
1773186630.304156658,1,0,0.01
1773186631.326085630,0,0,2.47
1773186631.326085630,1,0,0.01
1773186632.348436812,0,0,2.47
1773186632.348436812,1,0,0.01
1773186633.369718967,0,0,2.47
1773186633.369718967,1,0,0.01
1773186634.390990124,0,0,2.47
1773186634.390990124,1,0,0.01
1773186635.411843313,0,0,2.47
1773186635.411843313,1,0,0.01
1773186636.433094822,0,0,2.47
1773186636.433094822,1,0,0.01
1773186637.455058562,0,0,2.47
1773186637.455058562,1,0,0.01
1773186638.477041773,0,0,2.47
1773186638.477041773,1,0,0.01
1773186639.498282943,0,0,2.47
1773186639.498282943,1,0,0.01
1773186640.520197638,0,0,2.47
1773186640.520197638,1,0,0.01
1773186641.541296464,0,0,2.47
1773186641.541296464,1,0,0.01
1773186642.562391910,0,0,2.47
1773186642.562391910,1,0,0.01
1773186643.582356358,0,0,2.47
1773186643.582356358,1,0,0.01
1773186644.603701822,0,0,2.47
1773186644.603701822,1,0,0.01
1773186645.625034437,0,0,2.47
1773186645.625034437,1,0,0.01
1773186646.646546578,0,0,2.47
1773186646.646546578,1,0,0.01
1773186647.668680977,0,0,2.47
1773186647.668680977,1,0,0.01
1773186648.690159841,0,0,2.47
1773186648.690159841,1,0,0.01
1773186649.711316729,0,0,2.47
1773186649.711316729,1,0,0.01
1773186650.732084499,0,0,2.47
1773186650.732084499,1,0,0.01
1773186651.753544065,0,0,2.47
1773186651.753544065,1,0,0.01
1773186652.774717190,0,0,2.47
1773186652.774717190,1,0,0.01
1773186653.796109080,0,0,2.47
1773186653.796109080,1,0,0.01
1773186654.817997113,0,0,2.47
1773186654.817997113,1,0,0.01
1773186655.839313931,0,0,2.47
1773186655.839313931,1,0,0.01
1773186656.860404173,0,0,2.47
1773186656.860404173,1,0,0.01
1773186657.881783463,0,0,2.47
1773186657.881783463,1,0,0.01
1773186658.902972310,0,0,2.47
1773186658.902972310,1,0,0.01
1773186659.924299995,0,0,2.47
1773186659.924299995,1,0,0.01
1773186660.946355691,0,0,2.47
1773186660.946355691,1,0,0.01
1773186661.967253983,0,0,2.47
1773186661.967253983,1,0,0.01
1773186662.989137014,0,0,2.47
1773186662.989137014,1,0,0.01
1773186664.010207019,0,0,2.47
1773186664.010207019,1,0,0.01
1773186665.031221970,0,0,2.47
1773186665.031221970,1,0,0.01
1773186666.052302311,0,0,2.47
1773186666.052302311,1,0,0.01
1773186667.072504128,0,0,2.47
1773186667.072504128,1,0,0.01
1773186668.094160513,0,0,2.47
1773186668.094160513,1,0,0.01
1773186669.115325655,0,0,2.47
1773186669.115325655,1,0,0.01
1773186670.135759235,0,0,2.47
1773186670.135759235,1,0,0.01
1773186671.157162692,0,0,2.47
1773186671.157162692,1,0,0.01
1773186672.179262586,0,0,2.47
1773186672.179262586,1,0,0.01
1773186673.200921893,0,0,2.47
1773186673.200921893,1,0,0.01
1773186674.222773414,0,0,2.47
1773186674.222773414,1,0,0.01
1773186675.243536750,0,0,2.47
1773186675.243536750,1,0,0.01
1773186676.265559532,0,0,2.47
1773186676.265559532,1,0,0.01
1773186677.287163629,0,0,2.47
1773186677.287163629,1,0,0.01
1773186678.307842548,0,0,2.47
1773186678.307842548,1,0,0.01
1773186679.330213733,0,0,2.47
1773186679.330213733,1,0,0.01
1773186680.350396235,0,0,2.47
1773186680.350396235,1,0,0.01
1773186681.371878564,0,0,2.47
1773186681.371878564,1,0,0.01
1773186682.392740577,0,0,2.47
1773186682.392740577,1,0,0.01
1773186683.413829037,0,0,2.47
1773186683.413829037,1,0,0.01
1773186684.435219271,0,0,2.47
1773186684.435219271,1,0,0.01
1773186685.456414704,0,0,2.47
1773186685.456414704,1,0,0.01
1773186686.477789425,0,0,2.47
1773186686.477789425,1,0,0.01
1773186687.499202495,0,0,2.47
1773186687.499202495,1,0,0.01
1773186688.520473348,0,0,2.47
1773186688.520473348,1,0,0.01
1773186689.541324718,0,0,2.47
1773186689.541324718,1,0,0.01
1773186690.562329301,0,0,2.47
1773186690.562329301,1,0,0.01
1773186691.584543610,0,0,2.47
1773186691.584543610,1,0,0.01
1773186692.606093432,0,0,2.47
1773186692.606093432,1,0,0.01
1773186693.628259919,0,0,2.47
1773186693.628259919,1,0,0.01
1773186694.648436344,0,0,2.47
1773186694.648436344,1,0,0.01
1773186695.670652597,0,0,2.47
1773186695.670652597,1,0,0.01
1773186696.690957310,0,0,2.47
1773186696.690957310,1,0,0.01
1773186697.712200525,0,0,2.47
1773186697.712200525,1,0,0.01
1773186698.732972901,0,0,2.47
1773186698.732972901,1,0,0.01
1773186699.752943986,0,0,2.47
1773186699.752943986,1,0,0.01
1773186700.774165069,0,0,2.47
1773186700.774165069,1,0,0.01
1773186701.795231307,0,0,2.47
1773186701.795231307,1,0,0.01
1773186702.816550476,0,0,2.47
1773186702.816550476,1,0,0.01
1773186703.837318561,0,0,2.47
1773186703.837318561,1,0,0.01
1773186704.858806477,0,0,2.47
1773186704.858806477,1,0,0.01
1773186705.879948495,0,0,2.47
1773186705.879948495,1,0,0.01
1773186706.901143408,0,0,2.47
1773186706.901143408,1,0,0.01
1773186707.922307552,0,0,2.47
1773186707.922307552,1,0,0.01
1773186708.942096849,0,0,2.47
1773186708.942096849,1,0,0.01
1773186709.963010989,0,0,2.47
1773186709.963010989,1,0,0.01
1773186710.983493166,0,0,2.47
1773186710.983493166,1,0,0.01
1773186712.005460629,0,0,2.47
1773186712.005460629,1,0,0.01
1773186713.025505520,0,0,2.47
1773186713.025505520,1,0,0.01
1773186714.044956569,0,0,2.47
1773186714.044956569,1,0,0.01
1773186715.066635708,0,0,2.47
1773186715.066635708,1,0,0.01
1773186716.086671258,0,0,2.47
1773186716.086671258,1,0,0.01
1773186717.108009735,0,0,2.47
1773186717.108009735,1,0,0.01
1773186718.129950420,0,0,2.47
1773186718.129950420,1,0,0.01
1773186719.150233870,0,0,2.47
1773186719.150233870,1,0,0.01
1773186720.170391591,0,0,2.47
1773186720.170391591,1,0,0.01
1773186721.190318528,0,0,2.47
1773186721.190318528,1,0,0.01
1773186722.210121925,0,0,2.47
1773186722.210121925,1,0,0.01
1773186723.229882539,0,0,2.47
1773186723.229882539,1,0,0.01
1773186724.250659361,0,0,2.47
1773186724.250659361,1,0,0.01
1773186725.271555381,0,0,2.47
1773186725.271555381,1,0,0.01
1773186726.293037587,0,0,2.47
1773186726.293037587,1,0,0.01
1773186727.314864553,0,0,2.47
1773186727.314864553,1,0,0.01
1773186728.336116780,0,0,2.47
1773186728.336116780,1,0,0.01
1773186729.358241811,0,0,2.47
1773186729.358241811,1,0,0.01
1773186730.380589796,0,0,2.47
1773186730.380589796,1,0,0.01
1773186731.400678933,0,0,2.47
1773186731.400678933,1,0,0.01
1773186732.421735549,0,0,2.47
1773186732.421735549,1,0,0.01
1773186733.441279273,0,0,2.47
1773186733.441279273,1,0,0.01
1773186734.461096928,0,0,2.47
1773186734.461096928,1,0,0.01
1773186735.482228367,0,0,2.47
1773186735.482228367,1,0,0.01
1773186736.503127703,0,0,2.47
1773186736.503127703,1,0,0.01
1773186737.525028209,0,0,2.47
1773186737.525028209,1,0,0.01
1773186738.546089135,0,0,2.47
1773186738.546089135,1,0,0.01
1773186739.567740163,0,0,2.47
1773186739.567740163,1,0,0.01
1773186740.588797640,0,0,2.47
1773186740.588797640,1,0,0.01
1773186741.610628465,0,0,2.47
1773186741.610628465,1,0,0.01
1773186742.631975594,0,0,2.47
1773186742.631975594,1,0,0.01
1773186743.654109027,0,0,2.47
1773186743.654109027,1,0,0.01
1773186744.675735138,0,0,2.47
1773186744.675735138,1,0,0.01
1773186745.696967288,0,0,2.47
1773186745.696967288,1,0,0.01
1773186746.717945268,0,0,2.47
1773186746.717945268,1,0,0.01
1773186747.738982209,0,0,2.47
1773186747.738982209,1,0,0.01
1773186748.761108675,0,0,2.47
1773186748.761108675,1,0,0.01
1773186749.782083880,0,0,2.47
1773186749.782083880,1,0,0.01
1773186750.803086803,0,0,2.47
1773186750.803086803,1,0,0.01
1773186751.824033173,0,0,2.47
1773186751.824033173,1,0,0.01
1773186752.845003592,0,0,2.47
1773186752.845003592,1,0,0.01
1773186753.866396896,0,0,2.47
1773186753.866396896,1,0,0.01
1773186754.887787702,0,0,2.47
1773186754.887787702,1,0,0.01
1773186755.909721066,0,0,2.47
1773186755.909721066,1,0,0.01
1773186756.930671765,0,0,2.47
1773186756.930671765,1,0,0.01
1773186757.951861706,0,0,2.47
1773186757.951861706,1,0,0.01
1773186758.973158270,0,0,2.47
1773186758.973158270,1,0,0.01
1773186759.993742360,0,0,2.47
1773186759.993742360,1,0,0.01
1773186761.014798193,0,0,2.47
1773186761.014798193,1,0,0.01
1773186762.035679629,0,0,2.47
1773186762.035679629,1,0,0.01
1773186763.056227611,0,0,2.47
1773186763.056227611,1,0,0.01
1773186764.077259066,0,0,2.47
1773186764.077259066,1,0,0.01
1773186765.098830862,0,0,2.47
1773186765.098830862,1,0,0.01
1773186766.118583895,0,0,2.47
1773186766.118583895,1,0,0.01
1773186767.140374450,0,0,2.47
1773186767.140374450,1,0,0.01
1773186768.162026690,0,0,2.47
1773186768.162026690,1,0,0.01
1773186769.181974086,0,0,2.47
1773186769.181974086,1,0,0.01
1773186770.202810848,0,0,2.47
1773186770.202810848,1,0,0.01
1773186771.223627276,0,0,2.47
1773186771.223627276,1,0,0.01
1773186772.245064898,0,0,2.47
1773186772.245064898,1,0,0.01
1773186773.266343703,0,0,2.47
1773186773.266343703,1,0,0.01
1773186774.286476098,0,0,2.47
1773186774.286476098,1,0,0.01
1773186775.306513136,0,0,2.47
1773186775.306513136,1,0,0.01
1773186776.328387639,0,0,2.47
1773186776.328387639,1,0,0.01
1773186777.349262082,0,0,2.47
1773186777.349262082,1,0,0.01
1773186778.369250906,0,0,2.47
1773186778.369250906,1,0,0.01
1773186779.389342624,0,0,2.47
1773186779.389342624,1,0,0.01
1773186780.410781087,0,0,2.47
1773186780.410781087,1,0,0.01
1773186781.431054923,0,0,2.47
1773186781.431054923,1,0,0.01
1773186782.450489170,0,0,2.47
1773186782.450489170,1,0,0.01
1773186783.471917438,0,0,2.47
1773186783.471917438,1,0,0.01
1773186784.491837623,0,0,2.47
1773186784.491837623,1,0,0.01
1773186785.512202613,0,0,2.47
1773186785.512202613,1,0,0.01
1773186786.533208474,0,0,2.47
1773186786.533208474,1,0,0.01
1773186787.554438562,0,0,2.47
1773186787.554438562,1,0,0.01
1773186788.576660536,0,0,2.47
1773186788.576660536,1,0,0.01
1773186789.598593328,0,0,2.47
1773186789.598593328,1,0,0.01
1773186790.618618488,0,0,2.47
1773186790.618618488,1,0,0.01
1773186791.640180089,0,0,2.47
1773186791.640180089,1,0,0.01
1773186792.660771993,0,0,2.47
1773186792.660771993,1,0,0.01
1773186793.680444368,0,0,2.47
1773186793.680444368,1,0,0.01
1773186794.700713007,0,0,2.47
1773186794.700713007,1,0,0.01
1773186795.721058646,0,0,2.47
1773186795.721058646,1,0,0.01
1773186796.741188654,0,0,2.47
1773186796.741188654,1,0,0.01
1773186797.761525111,0,0,2.47
1773186797.761525111,1,0,0.01
1773186798.782325927,0,0,2.47
1773186798.782325927,1,0,0.01
1773186799.802544173,0,0,2.47
1773186799.802544173,1,0,0.01
1773186800.824617891,0,0,2.47
1773186800.824617891,1,0,0.01
1773186801.845396290,0,0,2.47
1773186801.845396290,1,0,0.01
1773186802.866360866,0,0,2.47
1773186802.866360866,1,0,0.01
1773186803.887280118,0,0,2.47
1773186803.887280118,1,0,0.01
1773186804.907530326,0,0,2.47
1773186804.907530326,1,0,0.01
1773186805.928473486,0,0,2.47
1773186805.928473486,1,0,0.01
1773186806.948240678,0,0,2.47
1773186806.948240678,1,0,0.01
1773186807.969929418,0,0,2.47
1773186807.969929418,1,0,0.01
1773186808.990148833,0,0,2.47
1773186808.990148833,1,0,0.01
1773186810.011384969,0,0,2.47
1773186810.011384969,1,0,0.01
1773186811.032963517,0,0,2.47
1773186811.032963517,1,0,0.01
1773186812.053922563,0,0,2.47
1773186812.053922563,1,0,0.01
1773186813.075932404,0,0,2.47
1773186813.075932404,1,0,0.01
1773186814.096562968,0,0,2.47
1773186814.096562968,1,0,0.01
1773186815.117466403,0,0,2.47
1773186815.117466403,1,0,0.01
1773186816.138032649,0,0,2.47
1773186816.138032649,1,0,0.01
1773186817.159490563,0,0,2.47
1773186817.159490563,1,0,0.01
1773186818.181135353,0,0,2.47
1773186818.181135353,1,0,0.01
1773186819.203127334,0,0,2.47
1773186819.203127334,1,0,0.01
1773186820.224238164,0,0,2.47
1773186820.224238164,1,0,0.01
1773186821.244426275,0,0,2.47
1773186821.244426275,1,0,0.01
1773186822.266047368,0,0,2.47
1773186822.266047368,1,0,0.01
1773186823.287081764,0,0,2.47
1773186823.287081764,1,0,0.01
1773186824.307567721,0,0,2.47
1773186824.307567721,1,0,0.01
1773186825.329092641,0,0,2.47
1773186825.329092641,1,0,0.01
1773186826.349906493,0,0,2.47
1773186826.349906493,1,0,0.01
1773186827.371525316,0,0,2.47
1773186827.371525316,1,0,0.01
1773186828.392764564,0,0,2.47
1773186828.392764564,1,0,0.01
1773186829.413042082,0,0,2.47
1773186829.413042082,1,0,0.01
1773186830.433203723,0,0,2.47
1773186830.433203723,1,0,0.01
1773186831.454642444,0,0,2.47
1773186831.454642444,1,0,0.01
1773186832.475733486,0,63,2.47
1773186832.475733486,1,0,0.01
1773186833.496144495,0,58,2.47
1773186833.496144495,1,0,0.01
1773186834.517248128,0,0,2.47
1773186834.517248128,1,0,0.01
