timestamp,idx,gpu_util_pct,mem_used_pct
1772916929.820970355,0,0,9.56
1772916929.820970355,1,0,0.01
1772916930.843318841,0,0,9.56
1772916930.843318841,1,0,0.01
1772916931.863609685,0,0,9.61
1772916931.863609685,1,0,0.01
1772916932.886712418,0,0,10.50
1772916932.886712418,1,0,0.01
1772916933.908003153,0,0,10.51
1772916933.908003153,1,0,0.01
1772916934.929833454,0,64,10.51
1772916934.929833454,1,0,0.01
1772916935.952015681,0,63,10.51
1772916935.952015681,1,0,0.01
1772916936.974061443,0,0,10.51
1772916936.974061443,1,0,0.01
1772916937.996182630,0,0,10.51
1772916937.996182630,1,0,0.01
1772916939.018288444,0,0,10.51
1772916939.018288444,1,0,0.01
1772916940.039644787,0,0,10.51
1772916940.039644787,1,0,0.01
1772916941.061253598,0,0,10.51
1772916941.061253598,1,0,0.01
1772916942.083250463,0,0,10.51
1772916942.083250463,1,0,0.01
1772916943.104398841,0,0,10.51
1772916943.104398841,1,0,0.01
1772916944.125965461,0,0,10.51
1772916944.125965461,1,0,0.01
1772916945.147315940,0,0,10.51
1772916945.147315940,1,0,0.01
1772916946.168564889,0,0,10.51
1772916946.168564889,1,0,0.01
1772916947.190460064,0,0,10.51
1772916947.190460064,1,0,0.01
1772916948.211697961,0,0,10.51
1772916948.211697961,1,0,0.01
1772916949.232677636,0,0,10.51
1772916949.232677636,1,0,0.01
1772916950.253660247,0,0,10.51
1772916950.253660247,1,0,0.01
1772916951.274764494,0,66,10.51
1772916951.274764494,1,0,0.01
1772916952.296247096,0,99,10.78
1772916952.296247096,1,0,0.01
1772916953.318039250,0,99,10.78
1772916953.318039250,1,0,0.01
1772916954.340345448,0,57,10.78
1772916954.340345448,1,0,0.01
1772916955.363154422,0,0,10.78
1772916955.363154422,1,0,0.01
1772916956.384520564,0,0,10.78
1772916956.384520564,1,0,0.01
1772916957.406292416,0,0,10.78
1772916957.406292416,1,0,0.01
1772916958.427613555,0,6,10.78
1772916958.427613555,1,0,0.01
1772916959.449997645,0,97,10.78
1772916959.449997645,1,0,0.01
1772916960.472285185,0,99,10.78
1772916960.472285185,1,0,0.01
1772916961.493877420,0,55,10.78
1772916961.493877420,1,0,0.01
1772916962.516210969,0,0,10.78
1772916962.516210969,1,0,0.01
1772916963.538087735,0,1,10.78
1772916963.538087735,1,0,0.01
1772916964.559149596,0,0,10.78
1772916964.559149596,1,0,0.01
1772916965.581401454,0,59,10.78
1772916965.581401454,1,0,0.01
1772916966.603355349,0,59,10.78
1772916966.603355349,1,0,0.01
1772916967.625539528,0,0,10.78
1772916967.625539528,1,0,0.01
1772916968.647358817,0,65,10.78
1772916968.647358817,1,0,0.01
1772916969.669266321,0,66,10.78
1772916969.669266321,1,0,0.01
1772916970.690829226,0,0,10.78
1772916970.690829226,1,0,0.01
1772916971.712628482,0,0,10.78
1772916971.712628482,1,0,0.01
1772916972.733754212,0,0,10.78
1772916972.733754212,1,0,0.01
1772916973.755471160,0,0,10.78
1772916973.755471160,1,0,0.01
1772916974.776696447,0,0,10.78
1772916974.776696447,1,0,0.01
1772916975.798177967,0,0,10.78
1772916975.798177967,1,0,0.01
1772916976.820275871,0,0,10.78
1772916976.820275871,1,0,0.01
1772916977.842054622,0,0,10.78
1772916977.842054622,1,0,0.01
1772916978.864044911,0,0,10.78
1772916978.864044911,1,0,0.01
1772916979.885167569,0,0,10.78
1772916979.885167569,1,0,0.01
1772916980.907175665,0,0,10.78
1772916980.907175665,1,0,0.01
1772916981.929202286,0,99,11.06
1772916981.929202286,1,0,0.01
1772916982.950740424,0,99,11.06
1772916982.950740424,1,0,0.01
1772916983.972478209,0,99,11.06
1772916983.972478209,1,0,0.01
1772916984.992987817,0,0,11.06
1772916984.992987817,1,0,0.01
1772916986.014390277,0,0,11.06
1772916986.014390277,1,0,0.01
1772916987.035680024,0,0,11.06
1772916987.035680024,1,0,0.01
1772916988.057290289,0,0,11.06
1772916988.057290289,1,0,0.01
1772916989.078268542,0,37,11.06
1772916989.078268542,1,0,0.01
1772916990.100097336,0,99,11.06
1772916990.100097336,1,0,0.01
1772916991.122481054,0,99,11.06
1772916991.122481054,1,0,0.01
1772916992.144850025,0,99,11.06
1772916992.144850025,1,0,0.01
1772916993.167433407,0,0,11.06
1772916993.167433407,1,0,0.01
1772916994.187931885,0,0,11.06
1772916994.187931885,1,0,0.01
1772916995.209223157,0,0,11.06
1772916995.209223157,1,0,0.01
1772916996.231332849,0,0,11.06
1772916996.231332849,1,0,0.01
1772916997.253152841,0,0,11.06
1772916997.253152841,1,0,0.01
1772916998.273707226,0,0,11.06
1772916998.273707226,1,0,0.01
1772916999.294883361,0,0,11.06
1772916999.294883361,1,0,0.01
1772917000.315914297,0,0,11.06
1772917000.315914297,1,0,0.01
1772917001.337385135,0,98,11.06
1772917001.337385135,1,0,0.01
1772917002.359337712,0,99,11.06
1772917002.359337712,1,0,0.01
1772917003.380966096,0,99,11.06
1772917003.380966096,1,0,0.01
1772917004.402793701,0,99,11.06
1772917004.402793701,1,0,0.01
1772917005.424246444,0,0,11.06
1772917005.424246444,1,0,0.01
1772917006.445800014,0,0,11.06
1772917006.445800014,1,0,0.01
1772917007.467840887,0,0,11.06
1772917007.467840887,1,0,0.01
1772917008.489575518,0,0,11.06
1772917008.489575518,1,0,0.01
1772917009.511783561,0,66,11.06
1772917009.511783561,1,0,0.01
1772917010.533766994,0,67,11.06
1772917010.533766994,1,0,0.01
1772917011.555394887,0,0,11.06
1772917011.555394887,1,0,0.01
1772917012.577170904,0,0,11.06
1772917012.577170904,1,0,0.01
1772917013.599042853,0,0,11.06
1772917013.599042853,1,0,0.01
1772917014.620711378,0,0,11.06
1772917014.620711378,1,0,0.01
1772917015.642177919,0,68,11.06
1772917015.642177919,1,0,0.01
1772917016.663162736,0,68,11.06
1772917016.663162736,1,0,0.01
1772917017.684656839,0,0,11.06
1772917017.684656839,1,0,0.01
1772917018.705581653,0,0,11.06
1772917018.705581653,1,0,0.01
1772917019.726817220,0,0,11.06
1772917019.726817220,1,0,0.01
1772917020.747937897,0,0,11.06
1772917020.747937897,1,0,0.01
1772917021.769216352,0,0,11.06
1772917021.769216352,1,0,0.01
1772917022.790761186,0,0,11.06
1772917022.790761186,1,0,0.01
1772917023.810721237,0,0,11.06
1772917023.810721237,1,0,0.01
1772917024.832452031,0,0,11.06
1772917024.832452031,1,0,0.01
1772917025.853843606,0,0,11.06
1772917025.853843606,1,0,0.01
1772917026.875402650,0,59,11.06
1772917026.875402650,1,0,0.01
1772917027.897573369,0,59,11.06
1772917027.897573369,1,0,0.01
1772917028.919129295,0,0,11.06
1772917028.919129295,1,0,0.01
1772917029.941157752,0,0,11.06
1772917029.941157752,1,0,0.01
1772917030.963002669,0,0,11.06
1772917030.963002669,1,0,0.01
1772917031.984526486,0,0,11.06
1772917031.984526486,1,0,0.01
1772917033.005943923,0,0,11.06
1772917033.005943923,1,0,0.01
1772917034.028155536,0,0,11.06
1772917034.028155536,1,0,0.01
1772917035.049641998,0,64,11.06
1772917035.049641998,1,0,0.01
1772917036.071783606,0,99,11.06
1772917036.071783606,1,0,0.01
1772917037.093090963,0,89,11.06
1772917037.093090963,1,0,0.01
1772917038.115297284,0,14,11.06
1772917038.115297284,1,0,0.01
1772917039.136441499,0,0,11.06
1772917039.136441499,1,0,0.01
1772917040.157491773,0,0,11.06
1772917040.157491773,1,0,0.01
1772917041.177646024,0,0,11.06
1772917041.177646024,1,0,0.01
1772917042.199417893,0,0,11.06
1772917042.199417893,1,0,0.01
1772917043.220540215,0,0,11.06
1772917043.220540215,1,0,0.01
1772917044.241815522,0,0,11.06
1772917044.241815522,1,0,0.01
1772917045.263254856,0,0,11.06
1772917045.263254856,1,0,0.01
1772917046.284567750,0,0,11.06
1772917046.284567750,1,0,0.01
1772917047.305685058,0,0,11.06
1772917047.305685058,1,0,0.01
1772917048.327578663,0,65,11.06
1772917048.327578663,1,0,0.01
1772917049.349228545,0,61,11.06
1772917049.349228545,1,0,0.01
1772917050.370777938,0,0,11.06
1772917050.370777938,1,0,0.01
1772917051.392342136,0,0,11.06
1772917051.392342136,1,0,0.01
1772917052.414301250,0,0,11.06
1772917052.414301250,1,0,0.01
1772917053.436316256,0,0,11.06
1772917053.436316256,1,0,0.01
1772917054.458052701,0,0,11.06
1772917054.458052701,1,0,0.01
1772917055.480287829,0,0,11.06
1772917055.480287829,1,0,0.01
1772917056.501861256,0,73,11.06
1772917056.501861256,1,0,0.01
1772917057.523769068,0,72,11.06
1772917057.523769068,1,0,0.01
1772917058.544320890,0,0,11.06
1772917058.544320890,1,0,0.01
1772917059.565927842,0,0,11.06
1772917059.565927842,1,0,0.01
1772917060.587447061,0,0,11.06
1772917060.587447061,1,0,0.01
1772917061.609202466,0,0,11.06
1772917061.609202466,1,0,0.01
1772917062.629236181,0,0,11.06
1772917062.629236181,1,0,0.01
1772917063.651669907,0,63,11.06
1772917063.651669907,1,0,0.01
1772917064.673262463,0,63,11.06
1772917064.673262463,1,0,0.01
1772917065.695214697,0,0,11.06
1772917065.695214697,1,0,0.01
1772917066.716129991,0,0,11.06
1772917066.716129991,1,0,0.01
1772917067.737626708,0,0,11.06
1772917067.737626708,1,0,0.01
1772917068.758679733,0,0,11.06
1772917068.758679733,1,0,0.01
1772917069.778726329,0,0,11.06
1772917069.778726329,1,0,0.01
1772917070.799886279,0,0,11.06
1772917070.799886279,1,0,0.01
1772917071.820616276,0,0,11.06
1772917071.820616276,1,0,0.01
1772917072.842343800,0,0,11.06
1772917072.842343800,1,0,0.01
1772917073.863426141,0,0,11.06
1772917073.863426141,1,0,0.01
1772917074.885379147,0,65,11.06
1772917074.885379147,1,0,0.01
1772917075.907189148,0,64,11.06
1772917075.907189148,1,0,0.01
1772917076.929539172,0,0,11.06
1772917076.929539172,1,0,0.01
1772917077.951153401,0,0,11.06
1772917077.951153401,1,0,0.01
1772917078.972305809,0,66,11.06
1772917078.972305809,1,0,0.01
1772917079.994532305,0,68,11.06
1772917079.994532305,1,0,0.01
1772917081.016438654,0,0,11.06
1772917081.016438654,1,0,0.01
1772917082.038221760,0,0,11.06
1772917082.038221760,1,0,0.01
1772917083.058668384,0,68,11.06
1772917083.058668384,1,0,0.01
1772917084.078609278,0,68,11.06
1772917084.078609278,1,0,0.01
1772917085.099986832,0,0,11.06
1772917085.099986832,1,0,0.01
1772917086.122023071,0,0,11.06
1772917086.122023071,1,0,0.01
1772917087.143768459,0,0,11.06
1772917087.143768459,1,0,0.01
1772917088.164164458,0,0,11.06
1772917088.164164458,1,0,0.01
1772917089.185635904,0,0,11.06
1772917089.185635904,1,0,0.01
1772917090.206599143,0,0,11.06
1772917090.206599143,1,0,0.01
1772917091.227656263,0,0,11.06
1772917091.227656263,1,0,0.01
1772917092.248205396,0,0,11.06
1772917092.248205396,1,0,0.01
1772917093.269727851,0,0,11.06
1772917093.269727851,1,0,0.01
1772917094.290018509,0,0,11.06
1772917094.290018509,1,0,0.01
1772917095.309929590,0,0,11.06
1772917095.309929590,1,0,0.01
1772917096.331167130,0,0,11.06
1772917096.331167130,1,0,0.01
1772917097.352933408,0,67,11.06
1772917097.352933408,1,0,0.01
1772917098.373341934,0,68,11.06
1772917098.373341934,1,0,0.01
1772917099.394809347,0,0,11.06
1772917099.394809347,1,0,0.01
1772917100.415051179,0,0,11.06
1772917100.415051179,1,0,0.01
1772917101.436898210,0,0,11.06
1772917101.436898210,1,0,0.01
1772917102.458562540,0,0,11.06
1772917102.458562540,1,0,0.01
1772917103.480554510,0,0,11.06
1772917103.480554510,1,0,0.01
1772917104.500575846,0,0,11.06
1772917104.500575846,1,0,0.01
1772917105.521812969,0,63,11.06
1772917105.521812969,1,0,0.01
1772917106.544180107,0,63,11.06
1772917106.544180107,1,0,0.01
1772917107.566757418,0,0,11.06
1772917107.566757418,1,0,0.01
1772917108.587685757,0,0,11.06
1772917108.587685757,1,0,0.01
1772917109.608854075,0,0,11.06
1772917109.608854075,1,0,0.01
1772917110.629940408,0,0,11.06
1772917110.629940408,1,0,0.01
1772917111.652148218,0,0,11.06
1772917111.652148218,1,0,0.01
1772917112.673635591,0,0,11.06
1772917112.673635591,1,0,0.01
1772917113.695803417,0,0,11.06
1772917113.695803417,1,0,0.01
1772917114.717150160,0,0,11.06
1772917114.717150160,1,0,0.01
1772917115.739167422,0,0,11.06
1772917115.739167422,1,0,0.01
1772917116.760252364,0,59,11.06
1772917116.760252364,1,0,0.01
1772917117.782421457,0,60,11.06
1772917117.782421457,1,0,0.01
1772917118.803539468,0,0,11.06
1772917118.803539468,1,0,0.01
1772917119.825359731,0,0,11.06
1772917119.825359731,1,0,0.01
1772917120.847479164,0,66,11.06
1772917120.847479164,1,0,0.01
1772917121.869197037,0,65,11.06
1772917121.869197037,1,0,0.01
1772917122.890118319,0,9,11.06
1772917122.890118319,1,0,0.01
1772917123.912503686,0,65,11.06
1772917123.912503686,1,0,0.01
1772917124.934896880,0,55,11.06
1772917124.934896880,1,0,0.01
1772917125.956947054,0,0,11.06
1772917125.956947054,1,0,0.01
1772917126.976888729,0,0,11.06
1772917126.976888729,1,0,0.01
1772917127.997753252,0,0,11.06
1772917127.997753252,1,0,0.01
1772917129.019202802,0,0,11.06
1772917129.019202802,1,0,0.01
1772917130.041152233,0,0,11.06
1772917130.041152233,1,0,0.01
1772917131.063106844,0,10,11.06
1772917131.063106844,1,0,0.01
1772917132.084624498,0,67,11.06
1772917132.084624498,1,0,0.01
1772917133.106233337,0,99,11.06
1772917133.106233337,1,0,0.01
1772917134.127882043,0,67,11.06
1772917134.127882043,1,0,0.01
1772917135.149271484,0,49,11.06
1772917135.149271484,1,0,0.01
1772917136.171163162,0,0,11.06
1772917136.171163162,1,0,0.01
1772917137.192557364,0,0,11.06
1772917137.192557364,1,0,0.01
1772917138.213960566,0,9,11.06
1772917138.213960566,1,0,0.01
1772917139.236344930,0,67,11.06
1772917139.236344930,1,0,0.01
1772917140.258824989,0,0,11.06
1772917140.258824989,1,0,0.01
1772917141.279165174,0,69,11.06
1772917141.279165174,1,0,0.01
1772917142.300653081,0,67,11.06
1772917142.300653081,1,0,0.01
1772917143.322909309,0,0,11.06
1772917143.322909309,1,0,0.01
1772917144.344870546,0,0,11.06
1772917144.344870546,1,0,0.01
1772917145.366154142,0,0,11.06
1772917145.366154142,1,0,0.01
1772917146.387614402,0,0,11.06
1772917146.387614402,1,0,0.01
1772917147.408911702,0,62,11.06
1772917147.408911702,1,0,0.01
1772917148.430422720,0,99,11.06
1772917148.430422720,1,0,0.01
1772917149.452759188,0,99,11.06
1772917149.452759188,1,0,0.01
1772917150.475103641,0,99,11.06
1772917150.475103641,1,0,0.01
1772917151.497250486,0,99,11.06
1772917151.497250486,1,0,0.01
1772917152.519635015,0,1,11.06
1772917152.519635015,1,0,0.01
1772917153.541652282,0,0,11.06
1772917153.541652282,1,0,0.01
1772917154.561965580,0,0,11.06
1772917154.561965580,1,0,0.01
1772917155.583274916,0,0,11.06
1772917155.583274916,1,0,0.01
1772917156.605050770,0,68,11.06
1772917156.605050770,1,0,0.01
1772917157.627382398,0,67,11.06
1772917157.627382398,1,0,0.01
1772917158.649604665,0,0,11.06
1772917158.649604665,1,0,0.01
1772917159.670917474,0,0,11.06
1772917159.670917474,1,0,0.01
1772917160.692337020,0,0,11.06
1772917160.692337020,1,0,0.01
1772917161.714143333,0,0,11.06
1772917161.714143333,1,0,0.01
1772917162.736063733,0,0,11.06
1772917162.736063733,1,0,0.01
1772917163.758120609,0,0,11.06
1772917163.758120609,1,0,0.01
1772917164.779287259,0,0,11.06
1772917164.779287259,1,0,0.01
1772917165.799443005,0,0,11.06
1772917165.799443005,1,0,0.01
1772917166.820650287,0,0,11.06
1772917166.820650287,1,0,0.01
1772917167.841192691,0,0,11.06
1772917167.841192691,1,0,0.01
1772917168.862913219,0,0,11.06
1772917168.862913219,1,0,0.01
1772917169.884793410,0,0,11.06
1772917169.884793410,1,0,0.01
1772917170.906295714,0,62,11.06
1772917170.906295714,1,0,0.01
1772917171.928516468,0,62,11.06
1772917171.928516468,1,0,0.01
1772917172.949856250,0,0,11.06
1772917172.949856250,1,0,0.01
1772917173.970131722,0,0,11.06
1772917173.970131722,1,0,0.01
1772917174.991232450,0,0,11.06
1772917174.991232450,1,0,0.01
1772917176.012624438,0,0,11.06
1772917176.012624438,1,0,0.01
1772917177.034791706,0,0,11.06
1772917177.034791706,1,0,0.01
1772917178.056323182,0,0,11.06
1772917178.056323182,1,0,0.01
1772917179.078134060,0,0,11.06
1772917179.078134060,1,0,0.01
1772917180.100183509,0,42,11.06
1772917180.100183509,1,0,0.01
1772917181.122511933,0,70,11.06
1772917181.122511933,1,0,0.01
1772917182.144760038,0,19,11.06
1772917182.144760038,1,0,0.01
1772917183.166512347,0,0,11.06
1772917183.166512347,1,0,0.01
1772917184.188197763,0,0,11.06
1772917184.188197763,1,0,0.01
1772917185.209743811,0,0,11.06
1772917185.209743811,1,0,0.01
1772917186.231582859,0,0,11.06
1772917186.231582859,1,0,0.01
1772917187.252977807,0,0,11.06
1772917187.252977807,1,0,0.01
1772917188.273541133,0,0,11.06
1772917188.273541133,1,0,0.01
1772917189.295093730,0,0,11.06
1772917189.295093730,1,0,0.01
1772917190.316298213,0,0,11.06
1772917190.316298213,1,0,0.01
1772917191.337503001,0,0,11.06
1772917191.337503001,1,0,0.01
1772917192.358801187,0,0,11.06
1772917192.358801187,1,0,0.01
1772917193.380226268,0,0,11.06
1772917193.380226268,1,0,0.01
1772917194.402159056,0,0,11.06
1772917194.402159056,1,0,0.01
1772917195.422294506,0,0,11.06
1772917195.422294506,1,0,0.01
1772917196.443529499,0,0,11.06
1772917196.443529499,1,0,0.01
1772917197.464647971,0,0,11.06
1772917197.464647971,1,0,0.01
1772917198.486010078,0,1,11.06
1772917198.486010078,1,0,0.01
1772917199.507421639,0,0,11.06
1772917199.507421639,1,0,0.01
1772917200.528712567,0,24,11.06
1772917200.528712567,1,0,0.01
1772917201.549599193,0,63,11.06
1772917201.549599193,1,0,0.01
1772917202.570944534,0,30,11.06
1772917202.570944534,1,0,0.01
1772917203.592451897,0,0,11.06
1772917203.592451897,1,0,0.01
1772917204.614314021,0,0,11.06
1772917204.614314021,1,0,0.01
1772917205.636514068,0,0,11.06
1772917205.636514068,1,0,0.01
1772917206.657785641,0,69,11.06
1772917206.657785641,1,0,0.01
1772917207.679976424,0,99,11.06
1772917207.679976424,1,0,0.01
1772917208.700778189,0,71,11.06
1772917208.700778189,1,0,0.01
1772917209.721750153,0,0,11.06
1772917209.721750153,1,0,0.01
1772917210.743206615,0,0,11.06
1772917210.743206615,1,0,0.01
1772917211.764754828,0,0,11.06
1772917211.764754828,1,0,0.01
1772917212.784930400,0,0,11.06
1772917212.784930400,1,0,0.01
1772917213.806989094,0,0,11.06
1772917213.806989094,1,0,0.01
1772917214.826872742,0,0,11.06
1772917214.826872742,1,0,0.01
1772917215.848321776,0,0,11.06
1772917215.848321776,1,0,0.01
1772917216.869912014,0,0,11.06
1772917216.869912014,1,0,0.01
1772917217.890185309,0,0,11.06
1772917217.890185309,1,0,0.01
1772917218.911896124,0,68,11.06
1772917218.911896124,1,0,0.01
1772917219.933953251,0,68,11.06
1772917219.933953251,1,0,0.01
1772917220.957010150,0,63,11.06
1772917220.957010150,1,0,0.01
1772917221.979829107,0,63,11.06
1772917221.979829107,1,0,0.01
1772917223.002237859,0,0,11.06
1772917223.002237859,1,0,0.01
1772917224.024320073,0,0,11.06
1772917224.024320073,1,0,0.01
1772917225.046082058,0,0,11.06
1772917225.046082058,1,0,0.01
1772917226.067707876,0,0,11.06
1772917226.067707876,1,0,0.01
1772917227.089499573,0,64,11.06
1772917227.089499573,1,0,0.01
1772917228.112120810,0,99,11.06
1772917228.112120810,1,0,0.01
1772917229.133840196,0,99,11.06
1772917229.133840196,1,0,0.01
1772917230.155697559,0,63,11.06
1772917230.155697559,1,0,0.01
1772917231.177042212,0,0,11.06
1772917231.177042212,1,0,0.01
1772917232.198405097,0,0,11.06
1772917232.198405097,1,0,0.01
1772917233.219813107,0,0,11.06
1772917233.219813107,1,0,0.01
1772917234.241221910,0,0,11.06
1772917234.241221910,1,0,0.01
1772917235.263243489,0,0,11.06
1772917235.263243489,1,0,0.01
1772917236.285077592,0,0,11.06
1772917236.285077592,1,0,0.01
1772917237.307187251,0,0,11.06
1772917237.307187251,1,0,0.01
1772917238.329505027,0,0,11.06
1772917238.329505027,1,0,0.01
1772917239.351711268,0,0,11.06
1772917239.351711268,1,0,0.01
1772917240.374161894,0,26,11.06
1772917240.374161894,1,0,0.01
1772917241.395332214,0,61,11.06
1772917241.395332214,1,0,0.01
1772917242.416894770,0,99,11.06
1772917242.416894770,1,0,0.01
1772917243.439651291,0,68,11.06
1772917243.439651291,1,0,0.01
1772917244.461933627,0,12,11.06
1772917244.461933627,1,0,0.01
1772917245.484249311,0,0,11.06
1772917245.484249311,1,0,0.01
1772917246.506824235,0,95,11.06
1772917246.506824235,1,0,0.01
1772917247.529188900,0,100,11.06
1772917247.529188900,1,0,0.01
1772917248.551583043,0,100,11.06
1772917248.551583043,1,0,0.01
1772917249.574313838,0,100,11.06
1772917249.574313838,1,0,0.01
1772917250.596868363,0,100,11.06
1772917250.596868363,1,0,0.01
1772917251.619410448,0,0,11.06
1772917251.619410448,1,0,0.01
1772917252.642026979,0,0,11.06
1772917252.642026979,1,0,0.01
1772917253.664250622,0,0,11.06
1772917253.664250622,1,0,0.01
1772917254.685551077,0,0,11.06
1772917254.685551077,1,0,0.01
1772917255.708696245,0,0,11.06
1772917255.708696245,1,0,0.01
1772917256.731816312,0,0,11.06
1772917256.731816312,1,0,0.01
1772917257.754449957,0,0,11.06
1772917257.754449957,1,0,0.01
1772917258.777760879,0,0,11.06
1772917258.777760879,1,0,0.01
1772917259.801499210,0,60,11.06
1772917259.801499210,1,0,0.01
1772917260.824085748,0,61,11.06
1772917260.824085748,1,0,0.01
1772917261.847422371,0,0,11.06
1772917261.847422371,1,0,0.01
1772917262.869939655,0,0,11.06
1772917262.869939655,1,0,0.01
1772917263.893275517,0,0,11.06
1772917263.893275517,1,0,0.01
1772917264.915819619,0,0,11.06
1772917264.915819619,1,0,0.01
1772917265.939329320,0,0,11.06
1772917265.939329320,1,0,0.01
1772917266.961549354,0,0,11.06
1772917266.961549354,1,0,0.01
1772917267.984309860,0,55,11.06
1772917267.984309860,1,0,0.01
1772917269.007288031,0,60,11.06
1772917269.007288031,1,0,0.01
1772917270.030307099,0,0,11.06
1772917270.030307099,1,0,0.01
1772917271.053729857,0,0,11.06
1772917271.053729857,1,0,0.01
1772917272.076252200,0,0,11.06
1772917272.076252200,1,0,0.01
1772917273.099774042,0,0,11.06
1772917273.099774042,1,0,0.01
1772917274.122688649,0,0,11.06
1772917274.122688649,1,0,0.01
1772917275.145899252,0,0,11.06
1772917275.145899252,1,0,0.01
1772917276.168566807,0,0,11.06
1772917276.168566807,1,0,0.01
1772917277.191106137,0,0,11.06
1772917277.191106137,1,0,0.01
1772917278.213769230,0,0,11.06
1772917278.213769230,1,0,0.01
1772917279.236291966,0,0,11.06
1772917279.236291966,1,0,0.01
1772917280.260668781,0,0,11.06
1772917280.260668781,1,0,0.01
1772917281.284849773,0,67,11.06
1772917281.284849773,1,0,0.01
1772917282.309289643,0,67,11.06
1772917282.309289643,1,0,0.01
1772917283.333073419,0,0,11.06
1772917283.333073419,1,0,0.01
1772917284.356171915,0,0,11.06
1772917284.356171915,1,0,0.01
1772917285.380811421,0,0,11.06
1772917285.380811421,1,0,0.01
1772917286.403945109,0,0,11.06
1772917286.403945109,1,0,0.01
1772917287.427625805,0,0,11.06
1772917287.427625805,1,0,0.01
1772917288.452436892,0,71,11.06
1772917288.452436892,1,0,0.01
1772917289.476498866,0,71,11.06
1772917289.476498866,1,0,0.01
1772917290.500553254,0,0,11.06
1772917290.500553254,1,0,0.01
1772917291.524154555,0,0,11.06
1772917291.524154555,1,0,0.01
1772917292.547805621,0,64,11.06
1772917292.547805621,1,0,0.01
1772917293.571362939,0,64,11.06
1772917293.571362939,1,0,0.01
1772917294.594064345,0,0,11.06
1772917294.594064345,1,0,0.01
1772917295.616226315,0,0,11.06
1772917295.616226315,1,0,0.01
1772917296.640413892,0,0,11.06
1772917296.640413892,1,0,0.01
1772917297.663097173,0,0,11.06
1772917297.663097173,1,0,0.01
1772917298.686282716,0,0,11.06
1772917298.686282716,1,0,0.01
1772917299.709208933,0,0,11.06
1772917299.709208933,1,0,0.01
1772917300.733322239,0,0,11.06
1772917300.733322239,1,0,0.01
1772917301.759313714,0,0,11.06
1772917301.759313714,1,0,0.01
1772917302.782644446,0,0,11.06
1772917302.782644446,1,0,0.01
1772917303.806237253,0,0,11.06
1772917303.806237253,1,0,0.01
1772917304.830181396,0,68,11.06
1772917304.830181396,1,0,0.01
1772917305.854250311,0,99,11.06
1772917305.854250311,1,0,0.01
1772917306.877806142,0,98,11.06
1772917306.877806142,1,0,0.01
1772917307.902151759,0,39,11.06
1772917307.902151759,1,0,0.01
1772917308.926131789,0,59,11.06
1772917308.926131789,1,0,0.01
1772917309.950223270,0,60,11.06
1772917309.950223270,1,0,0.01
1772917310.973763032,0,0,11.06
1772917310.973763032,1,0,0.01
1772917311.996405111,0,0,11.06
1772917311.996405111,1,0,0.01
1772917313.020233578,0,0,11.06
1772917313.020233578,1,0,0.01
1772917314.043965643,0,0,11.06
1772917314.043965643,1,0,0.01
1772917315.069024230,0,63,11.06
1772917315.069024230,1,0,0.01
1772917316.093621142,0,63,11.06
1772917316.093621142,1,0,0.01
1772917317.117642346,0,0,11.06
1772917317.117642346,1,0,0.01
1772917318.140846828,0,0,11.06
1772917318.140846828,1,0,0.01
1772917319.164516420,0,0,11.06
1772917319.164516420,1,0,0.01
1772917320.188704114,0,0,11.06
1772917320.188704114,1,0,0.01
1772917321.212680620,0,0,11.06
1772917321.212680620,1,0,0.01
1772917322.236190071,0,63,11.06
1772917322.236190071,1,0,0.01
1772917323.258744837,0,63,11.06
1772917323.258744837,1,0,0.01
1772917324.281779790,0,16,11.06
1772917324.281779790,1,0,0.01
1772917325.304334556,0,0,11.06
1772917325.304334556,1,0,0.01
1772917326.327425065,0,0,11.06
1772917326.327425065,1,0,0.01
1772917327.350223613,0,0,11.06
1772917327.350223613,1,0,0.01
1772917328.374956618,0,0,11.06
1772917328.374956618,1,0,0.01
1772917329.399302334,0,0,11.06
1772917329.399302334,1,0,0.01
1772917330.422614753,0,0,11.06
1772917330.422614753,1,0,0.01
1772917331.445879444,0,0,11.06
1772917331.445879444,1,0,0.01
1772917332.469935410,0,0,11.06
1772917332.469935410,1,0,0.01
1772917333.494035549,0,0,11.06
1772917333.494035549,1,0,0.01
1772917334.518248114,0,0,11.06
1772917334.518248114,1,0,0.01
1772917335.542448391,0,0,11.06
1772917335.542448391,1,0,0.01
1772917336.564489508,0,0,11.06
1772917336.564489508,1,0,0.01
1772917337.587951901,0,0,11.06
1772917337.587951901,1,0,0.01
1772917338.610211285,0,0,11.06
1772917338.610211285,1,0,0.01
1772917339.633855837,0,0,11.06
1772917339.633855837,1,0,0.01
1772917340.656238850,0,0,11.06
1772917340.656238850,1,0,0.01
1772917341.679275219,0,0,11.06
1772917341.679275219,1,0,0.01
1772917342.702587475,0,0,11.06
1772917342.702587475,1,0,0.01
1772917343.726393798,0,0,11.06
1772917343.726393798,1,0,0.01
1772917344.750385216,0,0,11.06
1772917344.750385216,1,0,0.01
1772917345.773647746,0,0,11.06
1772917345.773647746,1,0,0.01
1772917346.795927307,0,64,11.06
1772917346.795927307,1,0,0.01
1772917347.820723975,0,48,11.06
1772917347.820723975,1,0,0.01
1772917348.843503414,0,0,11.06
1772917348.843503414,1,0,0.01
1772917349.867395699,0,0,11.06
1772917349.867395699,1,0,0.01
1772917350.891736767,0,0,11.06
1772917350.891736767,1,0,0.01
1772917351.914440046,0,0,11.06
1772917351.914440046,1,0,0.01
1772917352.936619567,0,0,11.06
1772917352.936619567,1,0,0.01
1772917353.959636266,0,0,11.06
1772917353.959636266,1,0,0.01
1772917354.982915313,0,0,11.06
1772917354.982915313,1,0,0.01
1772917356.005849349,0,0,11.06
1772917356.005849349,1,0,0.01
1772917357.029365672,0,0,11.06
1772917357.029365672,1,0,0.01
1772917358.052721038,0,68,11.06
1772917358.052721038,1,0,0.01
1772917359.076064608,0,69,11.06
1772917359.076064608,1,0,0.01
1772917360.099416151,0,0,11.06
1772917360.099416151,1,0,0.01
1772917361.122525194,0,0,11.06
1772917361.122525194,1,0,0.01
1772917362.144637616,0,0,11.06
1772917362.144637616,1,0,0.01
1772917363.166633160,0,0,11.06
1772917363.166633160,1,0,0.01
1772917364.188672450,0,0,11.06
1772917364.188672450,1,0,0.01
1772917365.211889645,0,0,11.06
1772917365.211889645,1,0,0.01
1772917366.233875453,0,0,11.06
1772917366.233875453,1,0,0.01
1772917367.257023085,0,65,11.06
1772917367.257023085,1,0,0.01
1772917368.279813123,0,99,11.06
1772917368.279813123,1,0,0.01
1772917369.302970733,0,69,11.06
1772917369.302970733,1,0,0.01
1772917370.325903656,0,0,11.06
1772917370.325903656,1,0,0.01
1772917371.348974655,0,0,11.06
1772917371.348974655,1,0,0.01
1772917372.371355577,0,0,11.06
1772917372.371355577,1,0,0.01
1772917373.394185988,0,0,11.06
1772917373.394185988,1,0,0.01
1772917374.416998807,0,0,11.06
1772917374.416998807,1,0,0.01
1772917375.439384520,0,0,11.06
1772917375.439384520,1,0,0.01
1772917376.462281895,0,0,11.06
1772917376.462281895,1,0,0.01
1772917377.484647045,0,62,11.06
1772917377.484647045,1,0,0.01
1772917378.507753506,0,61,11.06
1772917378.507753506,1,0,0.01
1772917379.531377477,0,58,11.06
1772917379.531377477,1,0,0.01
1772917380.553866673,0,58,11.06
1772917380.553866673,1,0,0.01
1772917381.576476527,0,0,11.06
1772917381.576476527,1,0,0.01
1772917382.599229848,0,0,11.06
1772917382.599229848,1,0,0.01
1772917383.622550200,0,0,11.06
1772917383.622550200,1,0,0.01
1772917384.645280802,0,0,11.06
1772917384.645280802,1,0,0.01
1772917385.667729516,0,99,11.06
1772917385.667729516,1,0,0.01
1772917386.690886531,0,99,11.06
1772917386.690886531,1,0,0.01
1772917387.714135821,0,100,11.06
1772917387.714135821,1,0,0.01
1772917388.736506194,0,100,11.06
1772917388.736506194,1,0,0.01
1772917389.758978328,0,69,11.06
1772917389.758978328,1,0,0.01
1772917390.781514501,0,0,11.06
1772917390.781514501,1,0,0.01
1772917391.805281210,0,0,11.06
1772917391.805281210,1,0,0.01
1772917392.828548426,0,0,11.06
1772917392.828548426,1,0,0.01
1772917393.851336927,0,0,11.06
1772917393.851336927,1,0,0.01
1772917394.873700005,0,0,11.06
1772917394.873700005,1,0,0.01
1772917395.896223534,0,0,11.06
1772917395.896223534,1,0,0.01
1772917396.919484308,0,0,11.06
1772917396.919484308,1,0,0.01
1772917397.941981114,0,7,11.06
1772917397.941981114,1,0,0.01
1772917398.964902830,0,70,11.06
1772917398.964902830,1,0,0.01
1772917399.988314406,0,55,11.06
1772917399.988314406,1,0,0.01
1772917401.011049537,0,0,11.06
1772917401.011049537,1,0,0.01
1772917402.034412447,0,0,11.06
1772917402.034412447,1,0,0.01
1772917403.057168169,0,0,11.06
1772917403.057168169,1,0,0.01
1772917404.079629493,0,0,11.06
1772917404.079629493,1,0,0.01
1772917405.102354605,0,0,11.06
1772917405.102354605,1,0,0.01
1772917406.124790573,0,0,11.06
1772917406.124790573,1,0,0.01
1772917407.147336068,0,0,11.06
1772917407.147336068,1,0,0.01
1772917408.170053322,0,0,11.06
1772917408.170053322,1,0,0.01
1772917409.192595765,0,0,11.06
1772917409.192595765,1,0,0.01
1772917410.216131552,0,0,11.06
1772917410.216131552,1,0,0.01
1772917411.238762126,0,0,11.06
1772917411.238762126,1,0,0.01
1772917412.262118906,0,0,11.06
1772917412.262118906,1,0,0.01
1772917413.284707556,0,66,11.06
1772917413.284707556,1,0,0.01
1772917414.308773069,0,99,11.06
1772917414.308773069,1,0,0.01
1772917415.331434566,0,89,11.06
1772917415.331434566,1,0,0.01
1772917416.354301194,0,0,11.06
1772917416.354301194,1,0,0.01
1772917417.377224324,0,0,11.06
1772917417.377224324,1,0,0.01
1772917418.400864463,0,0,11.06
1772917418.400864463,1,0,0.01
1772917419.424180061,0,0,11.06
1772917419.424180061,1,0,0.01
1772917420.447051903,0,0,11.06
1772917420.447051903,1,0,0.01
1772917421.470532641,0,0,11.06
1772917421.470532641,1,0,0.01
1772917422.493696468,0,66,11.06
1772917422.493696468,1,0,0.01
1772917423.516885822,0,66,11.06
1772917423.516885822,1,0,0.01
1772917424.540257962,0,0,11.06
1772917424.540257962,1,0,0.01
1772917425.563230805,0,0,11.06
1772917425.563230805,1,0,0.01
1772917426.587716261,0,0,11.06
1772917426.587716261,1,0,0.01
1772917427.610321404,0,0,11.06
1772917427.610321404,1,0,0.01
1772917428.632258254,0,0,11.06
1772917428.632258254,1,0,0.01
1772917429.655222228,0,0,11.06
1772917429.655222228,1,0,0.01
1772917430.677667974,0,0,11.06
1772917430.677667974,1,0,0.01
1772917431.701090077,0,0,11.06
1772917431.701090077,1,0,0.01
1772917432.723672162,0,0,11.06
1772917432.723672162,1,0,0.01
1772917433.746673540,0,0,11.06
1772917433.746673540,1,0,0.01
1772917434.769664264,0,0,11.06
1772917434.769664264,1,0,0.01
1772917435.792834748,0,0,11.06
1772917435.792834748,1,0,0.01
1772917436.815164426,0,0,11.06
1772917436.815164426,1,0,0.01
1772917437.838138158,0,0,11.06
1772917437.838138158,1,0,0.01
1772917438.860961551,0,0,11.06
1772917438.860961551,1,0,0.01
1772917439.884732218,0,0,11.06
1772917439.884732218,1,0,0.01
1772917440.907723127,0,0,11.06
1772917440.907723127,1,0,0.01
1772917441.930504096,0,0,11.06
1772917441.930504096,1,0,0.01
1772917442.952051342,0,61,11.06
1772917442.952051342,1,0,0.01
1772917443.975198047,0,60,11.06
1772917443.975198047,1,0,0.01
1772917444.997989284,0,0,11.06
1772917444.997989284,1,0,0.01
1772917446.020633906,0,69,11.06
1772917446.020633906,1,0,0.01
1772917447.043357631,0,69,11.06
1772917447.043357631,1,0,0.01
1772917448.065681790,0,0,11.06
1772917448.065681790,1,0,0.01
1772917449.088122304,0,0,11.06
1772917449.088122304,1,0,0.01
1772917450.110514840,0,0,11.06
1772917450.110514840,1,0,0.01
1772917451.133379121,0,0,11.06
1772917451.133379121,1,0,0.01
1772917452.155866433,0,63,11.06
1772917452.155866433,1,0,0.01
1772917453.179285226,0,63,11.06
1772917453.179285226,1,0,0.01
1772917454.202404370,0,0,11.06
1772917454.202404370,1,0,0.01
1772917455.224953568,0,68,11.06
1772917455.224953568,1,0,0.01
1772917456.248095336,0,68,11.06
1772917456.248095336,1,0,0.01
1772917457.271455302,0,1,11.06
1772917457.271455302,1,0,0.01
1772917458.294689998,0,63,11.06
1772917458.294689998,1,0,0.01
1772917459.318614938,0,63,11.06
1772917459.318614938,1,0,0.01
1772917460.341469836,0,0,11.06
1772917460.341469836,1,0,0.01
1772917461.364234712,0,0,11.06
1772917461.364234712,1,0,0.01
1772917462.386695823,0,0,11.06
1772917462.386695823,1,0,0.01
1772917463.409324593,0,0,11.06
1772917463.409324593,1,0,0.01
1772917464.432219993,0,0,11.06
1772917464.432219993,1,0,0.01
1772917465.455623717,0,0,11.06
1772917465.455623717,1,0,0.01
1772917466.478291196,0,0,11.06
1772917466.478291196,1,0,0.01
1772917467.501080094,0,0,11.06
1772917467.501080094,1,0,0.01
1772917468.523605013,0,0,11.06
1772917468.523605013,1,0,0.01
1772917469.547304951,0,0,11.06
1772917469.547304951,1,0,0.01
1772917470.569944266,0,0,11.06
1772917470.569944266,1,0,0.01
1772917471.593312351,0,0,11.06
1772917471.593312351,1,0,0.01
1772917472.616248781,0,0,11.06
1772917472.616248781,1,0,0.01
1772917473.637830018,0,0,11.06
1772917473.637830018,1,0,0.01
1772917474.661541657,0,65,11.06
1772917474.661541657,1,0,0.01
1772917475.684428279,0,66,11.06
1772917475.684428279,1,0,0.01
1772917476.706684932,0,0,11.06
1772917476.706684932,1,0,0.01
1772917477.728810980,0,0,11.06
1772917477.728810980,1,0,0.01
1772917478.751852737,0,0,11.06
1772917478.751852737,1,0,0.01
1772917479.775197877,0,0,11.06
1772917479.775197877,1,0,0.01
1772917480.797759225,0,0,11.06
1772917480.797759225,1,0,0.01
1772917481.820048043,0,14,11.06
1772917481.820048043,1,0,0.01
1772917482.842911720,0,68,11.06
1772917482.842911720,1,0,0.01
1772917483.865682089,0,31,11.06
1772917483.865682089,1,0,0.01
1772917484.888561293,0,0,11.06
1772917484.888561293,1,0,0.01
1772917485.910862798,0,0,11.06
1772917485.910862798,1,0,0.01
1772917486.933765620,0,63,11.06
1772917486.933765620,1,0,0.01
1772917487.956611633,0,62,11.06
1772917487.956611633,1,0,0.01
1772917488.979175833,0,0,11.06
1772917488.979175833,1,0,0.01
1772917490.001745924,0,0,11.06
1772917490.001745924,1,0,0.01
1772917491.023525998,0,69,11.06
1772917491.023525998,1,0,0.01
1772917492.046589014,0,69,11.06
1772917492.046589014,1,0,0.01
1772917493.069464097,0,0,11.06
1772917493.069464097,1,0,0.01
1772917494.093230161,0,0,11.06
1772917494.093230161,1,0,0.01
1772917495.115791925,0,0,11.06
1772917495.115791925,1,0,0.01
1772917496.138768464,0,0,11.06
1772917496.138768464,1,0,0.01
1772917497.161447696,0,0,11.06
1772917497.161447696,1,0,0.01
1772917498.184157986,0,0,11.06
1772917498.184157986,1,0,0.01
1772917499.206589588,0,0,11.06
1772917499.206589588,1,0,0.01
1772917500.229488805,0,0,11.06
1772917500.229488805,1,0,0.01
1772917501.253380343,0,0,11.06
1772917501.253380343,1,0,0.01
1772917502.275295966,0,71,11.06
1772917502.275295966,1,0,0.01
1772917503.297332722,0,99,11.06
1772917503.297332722,1,0,0.01
1772917504.320810685,0,100,11.06
1772917504.320810685,1,0,0.01
1772917505.344105947,0,99,11.06
1772917505.344105947,1,0,0.01
1772917506.366408865,0,92,11.06
1772917506.366408865,1,0,0.01
1772917507.389653461,0,4,11.06
1772917507.389653461,1,0,0.01
1772917508.411218193,0,0,11.06
1772917508.411218193,1,0,0.01
1772917509.434540188,0,0,11.06
1772917509.434540188,1,0,0.01
1772917510.457682798,0,0,11.06
1772917510.457682798,1,0,0.01
1772917511.480659525,0,68,11.06
1772917511.480659525,1,0,0.01
1772917512.503896161,0,68,11.06
1772917512.503896161,1,0,0.01
1772917513.525646259,0,0,11.06
1772917513.525646259,1,0,0.01
1772917514.548757256,0,66,11.06
1772917514.548757256,1,0,0.01
1772917515.571934522,0,67,11.06
1772917515.571934522,1,0,0.01
1772917516.594907486,0,25,11.06
1772917516.594907486,1,0,0.01
1772917517.616937518,0,0,11.06
1772917517.616937518,1,0,0.01
1772917518.638735603,0,0,11.06
1772917518.638735603,1,0,0.01
1772917519.660858801,0,68,11.06
1772917519.660858801,1,0,0.01
1772917520.683420132,0,99,11.06
1772917520.683420132,1,0,0.01
1772917521.705670825,0,99,11.06
1772917521.705670825,1,0,0.01
1772917522.728828172,0,26,11.06
1772917522.728828172,1,0,0.01
1772917523.751908615,0,0,11.06
1772917523.751908615,1,0,0.01
1772917524.775036764,0,0,11.06
1772917524.775036764,1,0,0.01
1772917525.798597100,0,0,11.06
1772917525.798597100,1,0,0.01
1772917526.820885076,0,0,11.06
1772917526.820885076,1,0,0.01
1772917527.843911817,0,0,11.06
1772917527.843911817,1,0,0.01
1772917528.866299471,0,1,11.06
1772917528.866299471,1,0,0.01
1772917529.887595057,0,0,11.06
1772917529.887595057,1,0,0.01
1772917530.911187725,0,0,11.06
1772917530.911187725,1,0,0.01
1772917531.933970656,0,0,11.06
1772917531.933970656,1,0,0.01
1772917532.956709707,0,1,11.06
1772917532.956709707,1,0,0.01
1772917533.979389824,0,0,11.06
1772917533.979389824,1,0,0.01
1772917535.002425616,0,0,11.06
1772917535.002425616,1,0,0.01
1772917536.026951001,0,0,11.06
1772917536.026951001,1,0,0.01
1772917537.050905166,0,0,11.06
1772917537.050905166,1,0,0.01
1772917538.071410789,0,0,11.06
1772917538.071410789,1,0,0.01
1772917539.094167692,0,0,11.06
1772917539.094167692,1,0,0.01
1772917540.116865964,0,0,11.06
1772917540.116865964,1,0,0.01
1772917541.138613679,0,0,11.06
1772917541.138613679,1,0,0.01
1772917542.160803159,0,0,11.06
1772917542.160803159,1,0,0.01
1772917543.182604628,0,0,11.06
1772917543.182604628,1,0,0.01
1772917544.205906338,0,0,11.06
1772917544.205906338,1,0,0.01
1772917545.229806643,0,65,11.06
1772917545.229806643,1,0,0.01
1772917546.252695191,0,66,11.06
1772917546.252695191,1,0,0.01
1772917547.274307278,0,1,11.06
1772917547.274307278,1,0,0.01
1772917548.296487609,0,0,11.06
1772917548.296487609,1,0,0.01
1772917549.318331861,0,0,11.06
1772917549.318331861,1,0,0.01
1772917550.340828032,0,0,11.06
1772917550.340828032,1,0,0.01
1772917551.362044611,0,0,11.06
1772917551.362044611,1,0,0.01
1772917552.383620782,0,0,11.06
1772917552.383620782,1,0,0.01
1772917553.405146565,0,0,11.06
1772917553.405146565,1,0,0.01
1772917554.428100394,0,0,11.06
1772917554.428100394,1,0,0.01
1772917555.450988679,0,70,11.06
1772917555.450988679,1,0,0.01
1772917556.472323264,0,71,11.06
1772917556.472323264,1,0,0.01
1772917557.495683128,0,0,11.06
1772917557.495683128,1,0,0.01
1772917558.517486444,0,0,11.06
1772917558.517486444,1,0,0.01
1772917559.539928190,0,0,11.06
1772917559.539928190,1,0,0.01
1772917560.563113626,0,72,11.06
1772917560.563113626,1,0,0.01
1772917561.586123583,0,70,11.06
1772917561.586123583,1,0,0.01
1772917562.607210591,0,0,11.06
1772917562.607210591,1,0,0.01
1772917563.629769322,0,0,11.06
1772917563.629769322,1,0,0.01
1772917564.652116232,0,0,11.06
1772917564.652116232,1,0,0.01
1772917565.674727767,0,0,11.06
1772917565.674727767,1,0,0.01
1772917566.695977672,0,0,11.06
1772917566.695977672,1,0,0.01
1772917567.717508884,0,1,11.06
1772917567.717508884,1,0,0.01
1772917568.739664921,0,0,11.06
1772917568.739664921,1,0,0.01
1772917569.760460909,0,0,11.06
1772917569.760460909,1,0,0.01
1772917570.781704507,0,0,11.06
1772917570.781704507,1,0,0.01
1772917571.805306350,0,0,11.06
1772917571.805306350,1,0,0.01
1772917572.825469233,0,0,11.06
1772917572.825469233,1,0,0.01
1772917573.847738230,0,0,11.06
1772917573.847738230,1,0,0.01
1772917574.870638072,0,0,11.06
1772917574.870638072,1,0,0.01
1772917575.892734812,0,0,11.06
1772917575.892734812,1,0,0.01
1772917576.913639667,0,68,11.06
1772917576.913639667,1,0,0.01
1772917577.935909132,0,67,11.06
1772917577.935909132,1,0,0.01
1772917578.958568365,0,65,11.06
1772917578.958568365,1,0,0.01
1772917579.980893402,0,64,11.06
1772917579.980893402,1,0,0.01
1772917581.003108516,0,0,11.06
1772917581.003108516,1,0,0.01
1772917582.025603002,0,0,11.06
1772917582.025603002,1,0,0.01
1772917583.047036487,0,0,11.06
1772917583.047036487,1,0,0.01
1772917584.067598834,0,0,11.06
1772917584.067598834,1,0,0.01
1772917585.089306765,0,0,11.06
1772917585.089306765,1,0,0.01
1772917586.111986921,0,0,11.06
1772917586.111986921,1,0,0.01
1772917587.133949270,0,0,11.06
1772917587.133949270,1,0,0.01
1772917588.156465688,0,0,11.06
1772917588.156465688,1,0,0.01
1772917589.179448336,0,0,11.06
1772917589.179448336,1,0,0.01
1772917590.200980964,0,0,11.06
1772917590.200980964,1,0,0.01
1772917591.223295492,0,0,11.06
1772917591.223295492,1,0,0.01
1772917592.245551883,0,0,11.06
1772917592.245551883,1,0,0.01
1772917593.268584467,0,68,11.06
1772917593.268584467,1,0,0.01
1772917594.290981920,0,68,11.06
1772917594.290981920,1,0,0.01
1772917595.312222800,0,63,11.06
1772917595.312222800,1,0,0.01
1772917596.335061282,0,62,11.06
1772917596.335061282,1,0,0.01
1772917597.357797330,0,65,11.06
1772917597.357797330,1,0,0.01
1772917598.380282416,0,65,11.06
1772917598.380282416,1,0,0.01
1772917599.401917740,0,0,11.06
1772917599.401917740,1,0,0.01
1772917600.424292517,0,0,11.06
1772917600.424292517,1,0,0.01
1772917601.446744213,0,0,11.06
1772917601.446744213,1,0,0.01
1772917602.467969146,0,0,11.06
1772917602.467969146,1,0,0.01
1772917603.490933207,0,0,11.06
1772917603.490933207,1,0,0.01
1772917604.514093038,0,0,11.06
1772917604.514093038,1,0,0.01
1772917605.535857414,0,0,11.06
1772917605.535857414,1,0,0.01
1772917606.559049524,0,0,11.06
1772917606.559049524,1,0,0.01
1772917607.582203918,0,0,11.06
1772917607.582203918,1,0,0.01
1772917608.604935748,0,0,11.06
1772917608.604935748,1,0,0.01
1772917609.627482355,0,1,11.06
1772917609.627482355,1,0,0.01
1772917610.650162784,0,0,11.06
1772917610.650162784,1,0,0.01
1772917611.672807590,0,0,11.06
1772917611.672807590,1,0,0.01
1772917612.695236263,0,0,11.06
1772917612.695236263,1,0,0.01
1772917613.718269943,0,0,11.06
1772917613.718269943,1,0,0.01
1772917614.739530627,0,0,11.06
1772917614.739530627,1,0,0.01
1772917615.761884392,0,0,11.06
1772917615.761884392,1,0,0.01
1772917616.784376563,0,0,11.06
1772917616.784376563,1,0,0.01
1772917617.806745613,0,0,11.06
1772917617.806745613,1,0,0.01
1772917618.829185777,0,0,11.06
1772917618.829185777,1,0,0.01
1772917619.850861910,0,57,11.06
1772917619.850861910,1,0,0.01
1772917620.873994103,0,68,11.06
1772917620.873994103,1,0,0.01
1772917621.896624169,0,22,11.06
1772917621.896624169,1,0,0.01
1772917622.919298917,0,0,11.06
1772917622.919298917,1,0,0.01
1772917623.941706016,0,0,11.06
1772917623.941706016,1,0,0.01
1772917624.964182727,0,0,11.06
1772917624.964182727,1,0,0.01
1772917625.986797576,0,69,11.06
1772917625.986797576,1,0,0.01
1772917627.009403360,0,69,11.06
1772917627.009403360,1,0,0.01
1772917628.032960256,0,67,11.06
1772917628.032960256,1,0,0.01
1772917629.055177753,0,65,11.06
1772917629.055177753,1,0,0.01
1772917630.076262960,0,0,11.06
1772917630.076262960,1,0,0.01
1772917631.098703275,0,0,11.06
1772917631.098703275,1,0,0.01
1772917632.120944136,0,0,11.06
1772917632.120944136,1,0,0.01
1772917633.143816081,0,0,11.06
1772917633.143816081,1,0,0.01
1772917634.166533359,0,0,11.06
1772917634.166533359,1,0,0.01
1772917635.189525477,0,0,11.06
1772917635.189525477,1,0,0.01
1772917636.210533381,0,1,11.06
1772917636.210533381,1,0,0.01
1772917637.233457056,0,0,11.06
1772917637.233457056,1,0,0.01
1772917638.255924450,0,0,11.06
1772917638.255924450,1,0,0.01
1772917639.278319744,0,0,11.06
1772917639.278319744,1,0,0.01
1772917640.300584717,0,0,11.06
1772917640.300584717,1,0,0.01
1772917641.322887663,0,1,11.06
1772917641.322887663,1,0,0.01
1772917642.343674799,0,63,11.06
1772917642.343674799,1,0,0.01
1772917643.366452177,0,62,11.06
1772917643.366452177,1,0,0.01
1772917644.388574127,0,0,11.06
1772917644.388574127,1,0,0.01
1772917645.411645893,0,0,11.06
1772917645.411645893,1,0,0.01
1772917646.434230198,0,0,11.06
1772917646.434230198,1,0,0.01
1772917647.456743647,0,0,11.06
1772917647.456743647,1,0,0.01
1772917648.479545762,0,69,11.06
1772917648.479545762,1,0,0.01
1772917649.503292906,0,99,11.06
1772917649.503292906,1,0,0.01
1772917650.526072348,0,63,11.06
1772917650.526072348,1,0,0.01
1772917651.548620290,0,62,11.06
1772917651.548620290,1,0,0.01
1772917652.571539256,0,64,11.06
1772917652.571539256,1,0,0.01
1772917653.594746039,0,64,11.06
1772917653.594746039,1,0,0.01
1772917654.617937942,0,0,11.06
1772917654.617937942,1,0,0.01
1772917655.640461714,0,3,11.06
1772917655.640461714,1,0,0.01
1772917656.663069274,0,67,11.06
1772917656.663069274,1,0,0.01
1772917657.686034707,0,41,11.06
1772917657.686034707,1,0,0.01
1772917658.708547682,0,0,11.06
1772917658.708547682,1,0,0.01
1772917659.731395544,0,0,11.06
1772917659.731395544,1,0,0.01
1772917660.753513120,0,0,11.06
1772917660.753513120,1,0,0.01
1772917661.776109222,0,0,11.06
1772917661.776109222,1,0,0.01
1772917662.798614972,0,0,11.06
1772917662.798614972,1,0,0.01
1772917663.821324807,0,0,11.06
1772917663.821324807,1,0,0.01
1772917664.843851728,0,68,11.06
1772917664.843851728,1,0,0.01
1772917665.866439623,0,68,11.06
1772917665.866439623,1,0,0.01
1772917666.889591956,0,0,11.06
1772917666.889591956,1,0,0.01
1772917667.911983561,0,0,11.06
1772917667.911983561,1,0,0.01
1772917668.935037886,0,0,11.06
1772917668.935037886,1,0,0.01
1772917669.958271104,0,0,11.06
1772917669.958271104,1,0,0.01
1772917670.981156910,0,0,11.06
1772917670.981156910,1,0,0.01
1772917672.003515610,0,0,11.06
1772917672.003515610,1,0,0.01
1772917673.025840749,0,0,11.06
1772917673.025840749,1,0,0.01
1772917674.048128981,0,0,11.06
1772917674.048128981,1,0,0.01
1772917675.070474022,0,63,11.06
1772917675.070474022,1,0,0.01
1772917676.093538815,0,58,11.06
1772917676.093538815,1,0,0.01
1772917677.115948527,0,0,11.06
1772917677.115948527,1,0,0.01
1772917678.138325195,0,0,11.06
1772917678.138325195,1,0,0.01
1772917679.160667495,0,0,11.06
1772917679.160667495,1,0,0.01
1772917680.183803234,0,0,11.06
1772917680.183803234,1,0,0.01
1772917681.206135120,0,0,11.06
1772917681.206135120,1,0,0.01
1772917682.228486083,0,1,11.06
1772917682.228486083,1,0,0.01
1772917683.251447253,0,0,11.06
1772917683.251447253,1,0,0.01
1772917684.274609594,0,0,11.06
1772917684.274609594,1,0,0.01
1772917685.297586860,0,63,11.06
1772917685.297586860,1,0,0.01
1772917686.320218499,0,62,11.06
1772917686.320218499,1,0,0.01
1772917687.343627265,0,0,11.06
1772917687.343627265,1,0,0.01
1772917688.365329514,0,69,11.06
1772917688.365329514,1,0,0.01
1772917689.387271522,0,69,11.06
1772917689.387271522,1,0,0.01
1772917690.409292726,0,0,11.06
1772917690.409292726,1,0,0.01
1772917691.431817857,0,0,11.06
1772917691.431817857,1,0,0.01
1772917692.455279713,0,0,11.06
1772917692.455279713,1,0,0.01
1772917693.477814250,0,17,11.06
1772917693.477814250,1,0,0.01
1772917694.500540272,0,64,11.06
1772917694.500540272,1,0,0.01
1772917695.522964661,0,65,11.06
1772917695.522964661,1,0,0.01
1772917696.545110218,0,0,11.06
1772917696.545110218,1,0,0.01
1772917697.567831522,0,0,11.06
1772917697.567831522,1,0,0.01
1772917698.591081480,0,0,11.06
1772917698.591081480,1,0,0.01
1772917699.614262067,0,0,11.06
1772917699.614262067,1,0,0.01
1772917700.637043544,0,0,11.06
1772917700.637043544,1,0,0.01
1772917701.660107903,0,63,11.06
1772917701.660107903,1,0,0.01
1772917702.682502690,0,63,11.06
1772917702.682502690,1,0,0.01
1772917703.704736196,0,0,11.06
1772917703.704736196,1,0,0.01
1772917704.725692851,0,0,11.06
1772917704.725692851,1,0,0.01
1772917705.748797519,0,0,11.06
1772917705.748797519,1,0,0.01
1772917706.772038046,0,0,11.06
1772917706.772038046,1,0,0.01
1772917707.794323854,0,0,11.06
1772917707.794323854,1,0,0.01
1772917708.817322316,0,0,11.06
1772917708.817322316,1,0,0.01
1772917709.839254610,0,0,11.06
1772917709.839254610,1,0,0.01
1772917710.862678743,0,0,11.06
1772917710.862678743,1,0,0.01
1772917711.885570637,0,0,11.06
1772917711.885570637,1,0,0.01
1772917712.906574958,0,0,11.06
1772917712.906574958,1,0,0.01
1772917713.929823966,0,26,11.06
1772917713.929823966,1,0,0.01
1772917714.952902514,0,69,11.06
1772917714.952902514,1,0,0.01
1772917715.975195163,0,43,11.06
1772917715.975195163,1,0,0.01
1772917716.997053299,0,0,11.06
1772917716.997053299,1,0,0.01
1772917718.019942751,0,0,11.06
1772917718.019942751,1,0,0.01
1772917719.042331183,0,0,11.06
1772917719.042331183,1,0,0.01
1772917720.065270274,0,0,11.06
1772917720.065270274,1,0,0.01
1772917721.087963958,0,0,11.06
1772917721.087963958,1,0,0.01
1772917722.110871162,0,0,11.06
1772917722.110871162,1,0,0.01
1772917723.133608774,0,0,11.06
1772917723.133608774,1,0,0.01
1772917724.156780610,0,0,11.06
1772917724.156780610,1,0,0.01
1772917725.179265074,0,72,11.06
1772917725.179265074,1,0,0.01
1772917726.201633605,0,99,11.06
1772917726.201633605,1,0,0.01
1772917727.225090209,0,100,11.06
1772917727.225090209,1,0,0.01
1772917728.247642541,0,100,11.06
1772917728.247642541,1,0,0.01
1772917729.271046762,0,99,11.06
1772917729.271046762,1,0,0.01
1772917730.294031826,0,41,11.06
1772917730.294031826,1,0,0.01
1772917731.317034878,0,63,11.06
1772917731.317034878,1,0,0.01
1772917732.340758809,0,64,11.06
1772917732.340758809,1,0,0.01
1772917733.364541464,0,0,11.06
1772917733.364541464,1,0,0.01
1772917734.386987017,0,0,11.06
1772917734.386987017,1,0,0.01
1772917735.410193045,0,68,11.06
1772917735.410193045,1,0,0.01
1772917736.432831933,0,70,11.06
1772917736.432831933,1,0,0.01
1772917737.455291265,0,0,11.06
1772917737.455291265,1,0,0.01
1772917738.477692110,0,0,11.06
1772917738.477692110,1,0,0.01
1772917739.499173013,0,0,11.06
1772917739.499173013,1,0,0.01
1772917740.522400548,0,66,11.06
1772917740.522400548,1,0,0.01
1772917741.544940025,0,66,11.06
1772917741.544940025,1,0,0.01
1772917742.567578699,0,0,11.06
1772917742.567578699,1,0,0.01
1772917743.590436943,0,31,11.06
1772917743.590436943,1,0,0.01
1772917744.613126674,0,60,11.06
1772917744.613126674,1,0,0.01
1772917745.635815408,0,54,11.06
1772917745.635815408,1,0,0.01
1772917746.658315862,0,0,11.06
1772917746.658315862,1,0,0.01
1772917747.681214331,0,0,11.06
1772917747.681214331,1,0,0.01
1772917748.703830096,0,0,11.06
1772917748.703830096,1,0,0.01
1772917749.727250865,0,0,11.06
1772917749.727250865,1,0,0.01
1772917750.748523402,0,0,11.06
1772917750.748523402,1,0,0.01
1772917751.771436812,0,0,11.06
1772917751.771436812,1,0,0.01
1772917752.793925808,0,0,11.06
1772917752.793925808,1,0,0.01
1772917753.816800975,0,0,11.06
1772917753.816800975,1,0,0.01
1772917754.840015652,0,0,11.06
1772917754.840015652,1,0,0.01
1772917755.862497653,0,66,11.06
1772917755.862497653,1,0,0.01
1772917756.885075428,0,66,11.06
1772917756.885075428,1,0,0.01
1772917757.907901807,0,0,11.06
1772917757.907901807,1,0,0.01
1772917758.931498150,0,0,11.06
1772917758.931498150,1,0,0.01
1772917759.954021250,0,0,11.06
1772917759.954021250,1,0,0.01
1772917760.976494826,0,0,11.06
1772917760.976494826,1,0,0.01
1772917761.999825499,0,0,11.06
1772917761.999825499,1,0,0.01
1772917763.021835631,0,0,11.06
1772917763.021835631,1,0,0.01
1772917764.045302059,0,67,11.06
1772917764.045302059,1,0,0.01
1772917765.068242762,0,68,11.06
1772917765.068242762,1,0,0.01
1772917766.091676891,0,0,11.06
1772917766.091676891,1,0,0.01
1772917767.114878508,0,1,11.06
1772917767.114878508,1,0,0.01
1772917768.137978698,0,0,11.06
1772917768.137978698,1,0,0.01
1772917769.160538310,0,0,11.06
1772917769.160538310,1,0,0.01
1772917770.183877245,0,0,11.06
1772917770.183877245,1,0,0.01
1772917771.206847339,0,0,11.06
1772917771.206847339,1,0,0.01
1772917772.229599593,0,0,11.06
1772917772.229599593,1,0,0.01
1772917773.252144914,0,0,11.06
1772917773.252144914,1,0,0.01
1772917774.275128215,0,0,11.06
1772917774.275128215,1,0,0.01
1772917775.298169545,0,0,11.06
1772917775.298169545,1,0,0.01
1772917776.322051861,0,0,11.06
1772917776.322051861,1,0,0.01
1772917777.346714540,0,0,11.06
1772917777.346714540,1,0,0.01
1772917778.369661060,0,0,11.06
1772917778.369661060,1,0,0.01
1772917779.392906269,0,0,11.06
1772917779.392906269,1,0,0.01
1772917780.416246835,0,0,11.06
1772917780.416246835,1,0,0.01
1772917781.439332820,0,1,11.06
1772917781.439332820,1,0,0.01
1772917782.463620263,0,0,11.06
1772917782.463620263,1,0,0.01
1772917783.486154243,0,0,11.06
1772917783.486154243,1,0,0.01
1772917784.508689146,0,0,11.06
1772917784.508689146,1,0,0.01
1772917785.531083606,0,0,11.06
1772917785.531083606,1,0,0.01
1772917786.556273863,0,0,11.06
1772917786.556273863,1,0,0.01
1772917787.580713885,0,68,11.06
1772917787.580713885,1,0,0.01
1772917788.604260664,0,0,11.06
1772917788.604260664,1,0,0.01
1772917789.627133508,0,0,11.06
1772917789.627133508,1,0,0.01
1772917790.649812284,0,68,11.06
1772917790.649812284,1,0,0.01
1772917791.674774479,0,68,11.06
1772917791.674774479,1,0,0.01
1772917792.698667978,0,0,11.06
1772917792.698667978,1,0,0.01
1772917793.722844435,0,0,11.06
1772917793.722844435,1,0,0.01
1772917794.746218147,0,0,11.06
1772917794.746218147,1,0,0.01
1772917795.769358052,0,0,11.06
1772917795.769358052,1,0,0.01
1772917796.792033493,0,67,11.06
1772917796.792033493,1,0,0.01
1772917797.815116063,0,66,11.06
1772917797.815116063,1,0,0.01
1772917798.838000862,0,0,11.06
1772917798.838000862,1,0,0.01
1772917799.861327047,0,0,11.06
1772917799.861327047,1,0,0.01
1772917800.883788410,0,0,11.06
1772917800.883788410,1,0,0.01
1772917801.907938467,0,0,11.06
1772917801.907938467,1,0,0.01
1772917802.932427419,0,0,11.06
1772917802.932427419,1,0,0.01
1772917803.956057830,0,0,11.06
1772917803.956057830,1,0,0.01
1772917804.980207931,0,0,11.06
1772917804.980207931,1,0,0.01
1772917806.003626969,0,0,11.06
1772917806.003626969,1,0,0.01
1772917807.026827632,0,0,11.06
1772917807.026827632,1,0,0.01
1772917808.050609456,0,0,11.06
1772917808.050609456,1,0,0.01
1772917809.072712641,0,0,11.06
1772917809.072712641,1,0,0.01
1772917810.096090623,0,0,11.06
1772917810.096090623,1,0,0.01
1772917811.118762838,0,70,11.06
1772917811.118762838,1,0,0.01
1772917812.142440820,0,70,11.06
1772917812.142440820,1,0,0.01
1772917813.165229534,0,61,11.06
1772917813.165229534,1,0,0.01
1772917814.187786427,0,65,11.06
1772917814.187786427,1,0,0.01
1772917815.210258632,0,0,11.06
1772917815.210258632,1,0,0.01
1772917816.234199190,0,0,11.06
1772917816.234199190,1,0,0.01
1772917817.256553167,0,1,11.06
1772917817.256553167,1,0,0.01
1772917818.280137871,0,0,11.06
1772917818.280137871,1,0,0.01
1772917819.303110047,0,62,11.06
1772917819.303110047,1,0,0.01
1772917820.326238288,0,99,11.06
1772917820.326238288,1,0,0.01
1772917821.349387848,0,99,11.06
1772917821.349387848,1,0,0.01
1772917822.372483171,0,68,11.06
1772917822.372483171,1,0,0.01
1772917823.395236944,0,0,11.06
1772917823.395236944,1,0,0.01
1772917824.417846937,0,0,11.06
1772917824.417846937,1,0,0.01
1772917825.441023156,0,0,11.06
1772917825.441023156,1,0,0.01
1772917826.463762386,0,0,11.06
1772917826.463762386,1,0,0.01
1772917827.486359622,0,0,11.06
1772917827.486359622,1,0,0.01
1772917828.508868584,0,0,11.06
1772917828.508868584,1,0,0.01
1772917829.531443182,0,0,11.06
1772917829.531443182,1,0,0.01
1772917830.554651246,0,67,11.06
1772917830.554651246,1,0,0.01
1772917831.576979831,0,67,11.06
1772917831.576979831,1,0,0.01
1772917832.600289552,0,0,11.06
1772917832.600289552,1,0,0.01
1772917833.623463249,0,0,11.06
1772917833.623463249,1,0,0.01
1772917834.646423937,0,0,11.06
1772917834.646423937,1,0,0.01
1772917835.669098726,0,67,11.06
1772917835.669098726,1,0,0.01
1772917836.692071627,0,99,11.06
1772917836.692071627,1,0,0.01
1772917837.714730782,0,65,11.06
1772917837.714730782,1,0,0.01
1772917838.737372418,0,65,11.06
1772917838.737372418,1,0,0.01
1772917839.760063687,0,0,11.06
1772917839.760063687,1,0,0.01
1772917840.783516465,0,0,11.06
1772917840.783516465,1,0,0.01
1772917841.806991130,0,0,11.06
1772917841.806991130,1,0,0.01
1772917842.829831147,0,0,11.06
1772917842.829831147,1,0,0.01
1772917843.853683461,0,0,11.06
1772917843.853683461,1,0,0.01
1772917844.876403005,0,0,11.06
1772917844.876403005,1,0,0.01
1772917845.898465707,0,0,11.06
1772917845.898465707,1,0,0.01
1772917846.920902752,0,0,11.06
1772917846.920902752,1,0,0.01
1772917847.944857992,0,0,11.06
1772917847.944857992,1,0,0.01
1772917848.967366734,0,0,11.06
1772917848.967366734,1,0,0.01
1772917849.990455273,0,0,11.06
1772917849.990455273,1,0,0.01
1772917851.014003617,0,69,11.06
1772917851.014003617,1,0,0.01
1772917852.036985561,0,67,11.06
1772917852.036985561,1,0,0.01
1772917853.060785468,0,0,11.06
1772917853.060785468,1,0,0.01
1772917854.083949598,0,0,11.06
1772917854.083949598,1,0,0.01
1772917855.107144863,0,0,11.06
1772917855.107144863,1,0,0.01
1772917856.129475636,0,0,11.06
1772917856.129475636,1,0,0.01
1772917857.152705045,0,0,11.06
1772917857.152705045,1,0,0.01
1772917858.175014573,0,0,11.06
1772917858.175014573,1,0,0.01
1772917859.197589640,0,0,11.06
1772917859.197589640,1,0,0.01
1772917860.220649618,0,0,11.06
1772917860.220649618,1,0,0.01
1772917861.243197854,0,0,11.06
1772917861.243197854,1,0,0.01
1772917862.265944884,0,0,11.06
1772917862.265944884,1,0,0.01
1772917863.288543984,0,0,11.06
1772917863.288543984,1,0,0.01
1772917864.311697745,0,0,11.06
1772917864.311697745,1,0,0.01
1772917865.333806861,0,0,11.06
1772917865.333806861,1,0,0.01
1772917866.356905200,0,0,11.06
1772917866.356905200,1,0,0.01
1772917867.380472891,0,0,11.06
1772917867.380472891,1,0,0.01
1772917868.403256684,0,0,11.06
1772917868.403256684,1,0,0.01
1772917869.425409290,0,0,11.06
1772917869.425409290,1,0,0.01
1772917870.447870169,0,0,11.06
1772917870.447870169,1,0,0.01
1772917871.470462954,0,69,11.06
1772917871.470462954,1,0,0.01
1772917872.493163407,0,68,11.06
1772917872.493163407,1,0,0.01
1772917873.516533097,0,0,11.06
1772917873.516533097,1,0,0.01
1772917874.538985678,0,0,11.06
1772917874.538985678,1,0,0.01
1772917875.562178240,0,0,11.06
1772917875.562178240,1,0,0.01
1772917876.584682930,0,0,11.06
1772917876.584682930,1,0,0.01
1772917877.607331604,0,0,11.06
1772917877.607331604,1,0,0.01
1772917878.629360287,0,0,11.06
1772917878.629360287,1,0,0.01
1772917879.652743314,0,0,11.06
1772917879.652743314,1,0,0.01
1772917880.675433247,0,0,11.06
1772917880.675433247,1,0,0.01
1772917881.697841415,0,0,11.06
1772917881.697841415,1,0,0.01
1772917882.720358924,0,0,11.06
1772917882.720358924,1,0,0.01
1772917883.743132914,0,0,11.06
1772917883.743132914,1,0,0.01
1772917884.765649718,0,0,11.06
1772917884.765649718,1,0,0.01
1772917885.788954687,0,0,11.06
1772917885.788954687,1,0,0.01
1772917886.811931074,0,0,11.06
1772917886.811931074,1,0,0.01
1772917887.834950439,0,0,11.06
1772917887.834950439,1,0,0.01
1772917888.857870380,0,0,11.06
1772917888.857870380,1,0,0.01
1772917889.880835651,0,0,11.06
1772917889.880835651,1,0,0.01
1772917890.903655668,0,14,11.06
1772917890.903655668,1,0,0.01
1772917891.927169677,0,67,11.06
1772917891.927169677,1,0,0.01
1772917892.950194454,0,67,11.06
1772917892.950194454,1,0,0.01
1772917893.973205927,0,0,11.06
1772917893.973205927,1,0,0.01
1772917894.995664057,0,0,11.06
1772917894.995664057,1,0,0.01
1772917896.018223110,0,0,11.06
1772917896.018223110,1,0,0.01
1772917897.040887175,0,0,11.06
1772917897.040887175,1,0,0.01
1772917898.063200921,0,0,11.06
1772917898.063200921,1,0,0.01
1772917899.084281573,0,0,11.06
1772917899.084281573,1,0,0.01
1772917900.107167538,0,0,11.06
1772917900.107167538,1,0,0.01
1772917901.128327018,0,0,11.06
1772917901.128327018,1,0,0.01
1772917902.150954320,0,0,11.06
1772917902.150954320,1,0,0.01
1772917903.174140768,0,0,11.06
1772917903.174140768,1,0,0.01
1772917904.196847189,0,70,11.06
1772917904.196847189,1,0,0.01
1772917905.219604706,0,71,11.06
1772917905.219604706,1,0,0.01
1772917906.242051667,0,0,11.06
1772917906.242051667,1,0,0.01
1772917907.264541059,0,65,11.06
1772917907.264541059,1,0,0.01
1772917908.285521751,0,64,11.06
1772917908.285521751,1,0,0.01
1772917909.307938866,0,0,11.06
1772917909.307938866,1,0,0.01
1772917910.330921792,0,0,11.06
1772917910.330921792,1,0,0.01
1772917911.352692519,0,0,11.06
1772917911.352692519,1,0,0.01
1772917912.375620921,0,0,11.06
1772917912.375620921,1,0,0.01
1772917913.398169960,0,0,11.06
1772917913.398169960,1,0,0.01
1772917914.419933288,0,0,11.06
1772917914.419933288,1,0,0.01
1772917915.441540463,0,0,11.06
1772917915.441540463,1,0,0.01
1772917916.463331022,0,0,11.06
1772917916.463331022,1,0,0.01
1772917917.485785085,0,68,11.06
1772917917.485785085,1,0,0.01
1772917918.508206238,0,68,11.06
1772917918.508206238,1,0,0.01
1772917919.529868654,0,0,11.06
1772917919.529868654,1,0,0.01
1772917920.551605625,0,0,11.06
1772917920.551605625,1,0,0.01
1772917921.573240015,0,0,11.06
1772917921.573240015,1,0,0.01
1772917922.595400154,0,0,11.06
1772917922.595400154,1,0,0.01
1772917923.615414927,0,0,11.06
1772917923.615414927,1,0,0.01
1772917924.636705362,0,0,11.06
1772917924.636705362,1,0,0.01
1772917925.658053108,0,0,11.06
1772917925.658053108,1,0,0.01
1772917926.678882240,0,0,11.06
1772917926.678882240,1,0,0.01
1772917927.700969009,0,0,11.06
1772917927.700969009,1,0,0.01
1772917928.722590426,0,0,11.06
1772917928.722590426,1,0,0.01
1772917929.744377610,0,0,11.06
1772917929.744377610,1,0,0.01
1772917930.766355132,0,0,11.06
1772917930.766355132,1,0,0.01
1772917931.786304153,0,0,11.06
1772917931.786304153,1,0,0.01
1772917932.808254619,0,0,11.06
1772917932.808254619,1,0,0.01
1772917933.828094986,0,0,11.06
1772917933.828094986,1,0,0.01
1772917934.849282828,0,0,11.06
1772917934.849282828,1,0,0.01
1772917935.871006278,0,0,11.06
1772917935.871006278,1,0,0.01
1772917936.892130444,0,62,11.06
1772917936.892130444,1,0,0.01
1772917937.913942224,0,68,11.06
1772917937.913942224,1,0,0.01
1772917938.936229518,0,0,11.06
1772917938.936229518,1,0,0.01
1772917939.957414190,0,0,11.06
1772917939.957414190,1,0,0.01
1772917940.978952785,0,0,11.06
1772917940.978952785,1,0,0.01
1772917942.000178095,0,0,11.06
1772917942.000178095,1,0,0.01
1772917943.021134226,0,0,11.06
1772917943.021134226,1,0,0.01
1772917944.042278878,0,68,11.06
1772917944.042278878,1,0,0.01
1772917945.063277257,0,69,11.06
1772917945.063277257,1,0,0.01
1772917946.084945685,0,1,11.06
1772917946.084945685,1,0,0.01
1772917947.106180377,0,0,11.06
1772917947.106180377,1,0,0.01
1772917948.128444761,0,0,11.06
1772917948.128444761,1,0,0.01
1772917949.149597090,0,66,11.06
1772917949.149597090,1,0,0.01
1772917950.170821444,0,66,11.06
1772917950.170821444,1,0,0.01
1772917951.191838068,0,0,11.06
1772917951.191838068,1,0,0.01
1772917952.213141575,0,0,11.06
1772917952.213141575,1,0,0.01
1772917953.235299960,0,0,11.06
1772917953.235299960,1,0,0.01
1772917954.256271799,0,0,11.06
1772917954.256271799,1,0,0.01
1772917955.278290367,0,0,11.06
1772917955.278290367,1,0,0.01
1772917956.299782110,0,1,11.06
1772917956.299782110,1,0,0.01
1772917957.321575733,0,0,11.06
1772917957.321575733,1,0,0.01
1772917958.342795436,0,0,11.06
1772917958.342795436,1,0,0.01
1772917959.364957917,0,0,11.06
1772917959.364957917,1,0,0.01
1772917960.387069745,0,0,11.06
1772917960.387069745,1,0,0.01
1772917961.408834094,0,0,11.06
1772917961.408834094,1,0,0.01
1772917962.429839164,0,69,11.06
1772917962.429839164,1,0,0.01
1772917963.451775488,0,69,11.06
1772917963.451775488,1,0,0.01
1772917964.472760690,0,0,11.06
1772917964.472760690,1,0,0.01
1772917965.494747725,0,0,11.06
1772917965.494747725,1,0,0.01
1772917966.516601146,0,0,11.06
1772917966.516601146,1,0,0.01
1772917967.537784738,0,0,11.06
1772917967.537784738,1,0,0.01
1772917968.558962320,0,68,11.06
1772917968.558962320,1,0,0.01
1772917969.581548563,0,68,11.06
1772917969.581548563,1,0,0.01
1772917970.603811168,0,0,11.06
1772917970.603811168,1,0,0.01
1772917971.625025996,0,0,11.06
1772917971.625025996,1,0,0.01
1772917972.646773923,0,0,11.06
1772917972.646773923,1,0,0.01
1772917973.667891549,0,0,11.06
1772917973.667891549,1,0,0.01
1772917974.688513848,0,68,11.06
1772917974.688513848,1,0,0.01
1772917975.710018045,0,66,11.06
1772917975.710018045,1,0,0.01
1772917976.732479465,0,0,11.06
1772917976.732479465,1,0,0.01
1772917977.753494645,0,0,11.06
1772917977.753494645,1,0,0.01
1772917978.774467410,0,0,11.06
1772917978.774467410,1,0,0.01
1772917979.796302612,0,0,11.06
1772917979.796302612,1,0,0.01
1772917980.817638612,0,0,11.06
1772917980.817638612,1,0,0.01
1772917981.839412221,0,0,11.06
1772917981.839412221,1,0,0.01
1772917982.860089866,0,0,11.06
1772917982.860089866,1,0,0.01
1772917983.882321545,0,0,11.06
1772917983.882321545,1,0,0.01
1772917984.904307680,0,66,11.06
1772917984.904307680,1,0,0.01
1772917985.925620495,0,65,11.06
1772917985.925620495,1,0,0.01
1772917986.945161215,0,1,11.06
1772917986.945161215,1,0,0.01
1772917987.966270905,0,0,11.06
1772917987.966270905,1,0,0.01
1772917988.988418801,0,0,11.06
1772917988.988418801,1,0,0.01
1772917990.009719180,0,0,11.06
1772917990.009719180,1,0,0.01
1772917991.030498716,0,0,11.06
1772917991.030498716,1,0,0.01
1772917992.050139543,0,0,11.06
1772917992.050139543,1,0,0.01
1772917993.071222186,0,99,11.06
1772917993.071222186,1,0,0.01
1772917994.092740927,0,100,11.06
1772917994.092740927,1,0,0.01
1772917995.114831799,0,100,11.06
1772917995.114831799,1,0,0.01
1772917996.137016878,0,100,11.06
1772917996.137016878,1,0,0.01
1772917997.158407010,0,99,11.06
1772917997.158407010,1,0,0.01
1772917998.179988747,0,0,11.06
1772917998.179988747,1,0,0.01
1772917999.201036458,0,0,11.06
1772917999.201036458,1,0,0.01
1772918000.222989562,0,0,11.06
1772918000.222989562,1,0,0.01
1772918001.244406125,0,0,11.06
1772918001.244406125,1,0,0.01
1772918002.264378004,0,0,11.06
1772918002.264378004,1,0,0.01
1772918003.285302032,0,0,11.06
1772918003.285302032,1,0,0.01
1772918004.307360549,0,0,11.06
1772918004.307360549,1,0,0.01
1772918005.329765260,0,0,11.06
1772918005.329765260,1,0,0.01
1772918006.351778531,0,0,11.06
1772918006.351778531,1,0,0.01
1772918007.373149078,0,0,11.06
1772918007.373149078,1,0,0.01
1772918008.394495468,0,1,11.06
1772918008.394495468,1,0,0.01
1772918009.416147444,0,0,11.06
1772918009.416147444,1,0,0.01
1772918010.437216259,0,0,11.06
1772918010.437216259,1,0,0.01
1772918011.458547489,0,0,11.06
1772918011.458547489,1,0,0.01
1772918012.479835172,0,0,11.06
1772918012.479835172,1,0,0.01
1772918013.501038909,0,0,11.06
1772918013.501038909,1,0,0.01
1772918014.522068210,0,72,11.06
1772918014.522068210,1,0,0.01
1772918015.543153203,0,72,11.06
1772918015.543153203,1,0,0.01
1772918016.563164761,0,0,11.06
1772918016.563164761,1,0,0.01
1772918017.584566971,0,0,11.06
1772918017.584566971,1,0,0.01
1772918018.605706364,0,0,11.06
1772918018.605706364,1,0,0.01
1772918019.626631173,0,0,11.06
1772918019.626631173,1,0,0.01
1772918020.647122457,0,0,11.06
1772918020.647122457,1,0,0.01
1772918021.668315900,0,0,11.06
1772918021.668315900,1,0,0.01
1772918022.689591214,0,0,11.06
1772918022.689591214,1,0,0.01
1772918023.711631594,0,0,11.06
1772918023.711631594,1,0,0.01
1772918024.732695720,0,0,11.06
1772918024.732695720,1,0,0.01
1772918025.752531834,0,0,11.06
1772918025.752531834,1,0,0.01
1772918026.773969392,0,0,11.06
1772918026.773969392,1,0,0.01
1772918027.795292526,0,0,11.06
1772918027.795292526,1,0,0.01
1772918028.814964373,0,63,11.06
1772918028.814964373,1,0,0.01
1772918029.836465191,0,63,11.06
1772918029.836465191,1,0,0.01
1772918030.858251301,0,66,11.06
1772918030.858251301,1,0,0.01
1772918031.880149029,0,99,11.06
1772918031.880149029,1,0,0.01
1772918032.902693354,0,99,11.06
1772918032.902693354,1,0,0.01
1772918033.924135341,0,68,11.06
1772918033.924135341,1,0,0.01
1772918034.945927511,0,0,11.06
1772918034.945927511,1,0,0.01
1772918035.968193381,0,0,11.06
1772918035.968193381,1,0,0.01
1772918036.990217783,0,0,11.06
1772918036.990217783,1,0,0.01
1772918038.012131916,0,0,11.06
1772918038.012131916,1,0,0.01
1772918039.034312386,0,0,11.06
1772918039.034312386,1,0,0.01
1772918040.055485107,0,0,11.06
1772918040.055485107,1,0,0.01
1772918041.076536456,0,70,11.06
1772918041.076536456,1,0,0.01
1772918042.097954280,0,69,11.06
1772918042.097954280,1,0,0.01
1772918043.119791989,0,0,11.06
1772918043.119791989,1,0,0.01
1772918044.140991513,0,3,11.06
1772918044.140991513,1,0,0.01
1772918045.162614734,0,95,11.06
1772918045.162614734,1,0,0.01
1772918046.184601573,0,99,11.06
1772918046.184601573,1,0,0.01
1772918047.205948864,0,79,11.06
1772918047.205948864,1,0,0.01
1772918048.226722851,0,0,11.06
1772918048.226722851,1,0,0.01
1772918049.247858648,0,0,11.06
1772918049.247858648,1,0,0.01
1772918050.268978270,0,69,11.06
1772918050.268978270,1,0,0.01
1772918051.290594235,0,69,11.06
1772918051.290594235,1,0,0.01
1772918052.312591149,0,0,11.06
1772918052.312591149,1,0,0.01
1772918053.333606372,0,0,11.06
1772918053.333606372,1,0,0.01
1772918054.353455950,0,0,11.06
1772918054.353455950,1,0,0.01
1772918055.374832548,0,0,11.06
1772918055.374832548,1,0,0.01
1772918056.396118114,0,1,11.06
1772918056.396118114,1,0,0.01
1772918057.417622214,0,0,11.06
1772918057.417622214,1,0,0.01
1772918058.440021962,0,0,11.06
1772918058.440021962,1,0,0.01
1772918059.462008771,0,0,11.06
1772918059.462008771,1,0,0.01
1772918060.483313694,0,0,11.06
1772918060.483313694,1,0,0.01
1772918061.504835368,0,0,11.06
1772918061.504835368,1,0,0.01
1772918062.526364600,0,0,11.06
1772918062.526364600,1,0,0.01
1772918063.549272902,0,0,11.06
1772918063.549272902,1,0,0.01
1772918064.570527909,0,0,11.06
1772918064.570527909,1,0,0.01
1772918065.592075245,0,0,11.06
1772918065.592075245,1,0,0.01
1772918066.613810579,0,0,11.06
1772918066.613810579,1,0,0.01
1772918067.636636521,0,0,11.06
1772918067.636636521,1,0,0.01
1772918068.659418460,0,0,11.06
1772918068.659418460,1,0,0.01
1772918069.681469217,0,0,11.06
1772918069.681469217,1,0,0.01
1772918070.702181387,0,0,11.06
1772918070.702181387,1,0,0.01
1772918071.723671146,0,99,11.06
1772918071.723671146,1,0,0.01
1772918072.745777566,0,99,11.06
1772918072.745777566,1,0,0.01
1772918073.768716246,0,99,11.06
1772918073.768716246,1,0,0.01
1772918074.791132964,0,0,11.06
1772918074.791132964,1,0,0.01
1772918075.813437722,0,0,11.06
1772918075.813437722,1,0,0.01
1772918076.835463584,0,0,11.06
1772918076.835463584,1,0,0.01
1772918077.857258672,0,0,11.06
1772918077.857258672,1,0,0.01
1772918078.879249673,0,1,11.06
1772918078.879249673,1,0,0.01
1772918079.901836562,0,67,11.06
1772918079.901836562,1,0,0.01
1772918080.924983892,0,67,11.06
1772918080.924983892,1,0,0.01
1772918081.946476590,0,0,11.06
1772918081.946476590,1,0,0.01
1772918082.969234896,0,0,11.06
1772918082.969234896,1,0,0.01
1772918083.991299378,0,66,11.06
1772918083.991299378,1,0,0.01
1772918085.012917713,0,67,11.06
1772918085.012917713,1,0,0.01
1772918086.035932990,0,0,11.06
1772918086.035932990,1,0,0.01
1772918087.058594936,0,0,11.06
1772918087.058594936,1,0,0.01
1772918088.079932465,0,0,11.06
1772918088.079932465,1,0,0.01
1772918089.102612889,0,0,11.06
1772918089.102612889,1,0,0.01
1772918090.124315241,0,0,11.06
1772918090.124315241,1,0,0.01
1772918091.147201906,0,0,11.06
1772918091.147201906,1,0,0.01
1772918092.170235989,0,0,11.06
1772918092.170235989,1,0,0.01
1772918093.192355587,0,55,11.06
1772918093.192355587,1,0,0.01
1772918094.214937307,0,66,11.06
1772918094.214937307,1,0,0.01
1772918095.237676021,0,26,11.06
1772918095.237676021,1,0,0.01
1772918096.260159990,0,0,11.06
1772918096.260159990,1,0,0.01
1772918097.282149355,0,8,11.06
1772918097.282149355,1,0,0.01
1772918098.305563373,0,69,11.06
1772918098.305563373,1,0,0.01
1772918099.329947215,0,68,11.06
1772918099.329947215,1,0,0.01
1772918100.352872592,0,0,11.06
1772918100.352872592,1,0,0.01
1772918101.375985463,0,0,11.06
1772918101.375985463,1,0,0.01
1772918102.399494264,0,0,11.06
1772918102.399494264,1,0,0.01
1772918103.421691081,0,0,11.06
1772918103.421691081,1,0,0.01
1772918104.443707544,0,0,11.06
1772918104.443707544,1,0,0.01
1772918105.467135558,0,0,11.06
1772918105.467135558,1,0,0.01
1772918106.491273556,0,0,11.06
1772918106.491273556,1,0,0.01
1772918107.513893568,0,0,11.06
1772918107.513893568,1,0,0.01
1772918108.536805493,0,0,11.06
1772918108.536805493,1,0,0.01
1772918109.560553491,0,0,11.06
1772918109.560553491,1,0,0.01
1772918110.583753968,0,0,11.06
1772918110.583753968,1,0,0.01
1772918111.605463467,0,0,11.06
1772918111.605463467,1,0,0.01
1772918112.628853524,0,0,11.06
1772918112.628853524,1,0,0.01
1772918113.650885972,0,0,11.06
1772918113.650885972,1,0,0.01
1772918114.672755559,0,0,11.06
1772918114.672755559,1,0,0.01
1772918115.694726632,0,0,11.06
1772918115.694726632,1,0,0.01
1772918116.717762319,0,0,11.06
1772918116.717762319,1,0,0.01
1772918117.740002966,0,0,11.06
1772918117.740002966,1,0,0.01
1772918118.762984321,0,0,11.06
1772918118.762984321,1,0,0.01
1772918119.784612573,0,0,11.06
1772918119.784612573,1,0,0.01
1772918120.807522232,0,0,11.06
1772918120.807522232,1,0,0.01
1772918121.829848978,0,1,11.06
1772918121.829848978,1,0,0.01
1772918122.852243998,0,69,11.06
1772918122.852243998,1,0,0.01
1772918123.874856895,0,65,11.06
1772918123.874856895,1,0,0.01
1772918124.897906024,0,0,11.06
1772918124.897906024,1,0,0.01
1772918125.920863103,0,0,11.06
1772918125.920863103,1,0,0.01
1772918126.942446502,0,0,11.06
1772918126.942446502,1,0,0.01
1772918127.966342135,0,0,11.06
1772918127.966342135,1,0,0.01
1772918128.988498037,0,0,11.06
1772918128.988498037,1,0,0.01
1772918130.011204165,0,0,11.06
1772918130.011204165,1,0,0.01
1772918131.036275871,0,0,11.06
1772918131.036275871,1,0,0.01
1772918132.058162471,0,0,11.06
1772918132.058162471,1,0,0.01
1772918133.079923807,0,0,11.06
1772918133.079923807,1,0,0.01
1772918134.101468387,0,0,11.06
1772918134.101468387,1,0,0.01
1772918135.124257804,0,0,11.06
1772918135.124257804,1,0,0.01
1772918136.146216568,0,0,11.06
1772918136.146216568,1,0,0.01
1772918137.167989570,0,0,11.06
1772918137.167989570,1,0,0.01
1772918138.189731800,0,0,11.06
1772918138.189731800,1,0,0.01
1772918139.211121493,0,0,11.06
1772918139.211121493,1,0,0.01
1772918140.232966445,0,0,11.06
1772918140.232966445,1,0,0.01
1772918141.255830984,0,0,11.06
1772918141.255830984,1,0,0.01
1772918142.278857806,0,66,11.06
1772918142.278857806,1,0,0.01
1772918143.301231850,0,66,11.06
1772918143.301231850,1,0,0.01
1772918144.323238543,0,0,11.06
1772918144.323238543,1,0,0.01
1772918145.345289532,0,0,11.06
1772918145.345289532,1,0,0.01
1772918146.367402010,0,0,11.06
1772918146.367402010,1,0,0.01
1772918147.390266068,0,0,11.06
1772918147.390266068,1,0,0.01
1772918148.412560695,0,69,11.06
1772918148.412560695,1,0,0.01
1772918149.435459129,0,95,11.06
1772918149.435459129,1,0,0.01
1772918150.457307126,0,69,11.06
1772918150.457307126,1,0,0.01
1772918151.479445367,0,69,11.06
1772918151.479445367,1,0,0.01
1772918152.502403129,0,0,11.06
1772918152.502403129,1,0,0.01
1772918153.524980036,0,0,11.06
1772918153.524980036,1,0,0.01
1772918154.546973433,0,1,11.06
1772918154.546973433,1,0,0.01
1772918155.569307564,0,1,11.06
1772918155.569307564,1,0,0.01
1772918156.592296459,0,0,11.06
1772918156.592296459,1,0,0.01
1772918157.614018412,0,0,11.06
1772918157.614018412,1,0,0.01
1772918158.636514603,0,0,11.06
1772918158.636514603,1,0,0.01
1772918159.659667353,0,0,11.06
1772918159.659667353,1,0,0.01
1772918160.683545961,0,0,11.06
1772918160.683545961,1,0,0.01
1772918161.706503742,0,0,11.06
1772918161.706503742,1,0,0.01
1772918162.729559582,0,0,11.06
1772918162.729559582,1,0,0.01
1772918163.752683730,0,65,11.06
1772918163.752683730,1,0,0.01
1772918164.776100039,0,65,11.06
1772918164.776100039,1,0,0.01
1772918165.799286833,0,0,11.06
1772918165.799286833,1,0,0.01
1772918166.822989247,0,0,11.06
1772918166.822989247,1,0,0.01
1772918167.846133226,0,0,11.06
1772918167.846133226,1,0,0.01
1772918168.868556700,0,0,11.06
1772918168.868556700,1,0,0.01
1772918169.891391918,0,0,11.06
1772918169.891391918,1,0,0.01
1772918170.914883398,0,0,11.06
1772918170.914883398,1,0,0.01
1772918171.937389074,0,1,11.06
1772918171.937389074,1,0,0.01
1772918172.960365403,0,0,11.06
1772918172.960365403,1,0,0.01
1772918173.981148051,0,0,11.06
1772918173.981148051,1,0,0.01
1772918175.003474046,0,0,11.06
1772918175.003474046,1,0,0.01
1772918176.026305721,0,0,11.06
1772918176.026305721,1,0,0.01
1772918177.049319839,0,0,11.06
1772918177.049319839,1,0,0.01
1772918178.072217479,0,0,11.06
1772918178.072217479,1,0,0.01
1772918179.095153036,0,0,11.06
1772918179.095153036,1,0,0.01
1772918180.117906262,0,0,11.06
1772918180.117906262,1,0,0.01
1772918181.139702676,0,0,11.06
1772918181.139702676,1,0,0.01
1772918182.162739062,0,0,11.06
1772918182.162739062,1,0,0.01
1772918183.185242047,0,0,11.06
1772918183.185242047,1,0,0.01
1772918184.208702350,0,0,11.06
1772918184.208702350,1,0,0.01
1772918185.231368201,0,0,11.06
1772918185.231368201,1,0,0.01
1772918186.253551646,0,0,11.06
1772918186.253551646,1,0,0.01
1772918187.276480790,0,1,11.06
1772918187.276480790,1,0,0.01
1772918188.299375673,0,0,11.06
1772918188.299375673,1,0,0.01
1772918189.321640567,0,0,11.06
1772918189.321640567,1,0,0.01
1772918190.343277005,0,15,11.06
1772918190.343277005,1,0,0.01
1772918191.365927600,0,99,11.06
1772918191.365927600,1,0,0.01
1772918192.390034703,0,99,11.06
1772918192.390034703,1,0,0.01
1772918193.413173074,0,99,11.06
1772918193.413173074,1,0,0.01
1772918194.435779708,0,0,11.06
1772918194.435779708,1,0,0.01
1772918195.458784012,0,0,11.06
1772918195.458784012,1,0,0.01
1772918196.480925859,0,0,11.06
1772918196.480925859,1,0,0.01
1772918197.503684358,0,0,11.06
1772918197.503684358,1,0,0.01
1772918198.525408174,0,0,11.06
1772918198.525408174,1,0,0.01
1772918199.548700384,0,0,11.06
1772918199.548700384,1,0,0.01
1772918200.570657635,0,0,11.06
1772918200.570657635,1,0,0.01
1772918201.593274573,0,0,11.06
1772918201.593274573,1,0,0.01
1772918202.616733827,0,0,11.06
1772918202.616733827,1,0,0.01
1772918203.639339903,0,0,11.06
1772918203.639339903,1,0,0.01
1772918204.661089653,0,0,11.06
1772918204.661089653,1,0,0.01
1772918205.683406475,0,63,11.06
1772918205.683406475,1,0,0.01
1772918206.707083498,0,64,11.06
1772918206.707083498,1,0,0.01
1772918207.729319441,0,0,11.06
1772918207.729319441,1,0,0.01
1772918208.751965570,0,0,11.06
1772918208.751965570,1,0,0.01
1772918209.774802461,0,0,11.06
1772918209.774802461,1,0,0.01
1772918210.797848954,0,0,11.06
1772918210.797848954,1,0,0.01
1772918211.820824517,0,0,11.06
1772918211.820824517,1,0,0.01
1772918212.843566550,0,0,11.06
1772918212.843566550,1,0,0.01
1772918213.868520104,0,0,11.06
1772918213.868520104,1,0,0.01
1772918214.891519434,0,0,11.06
1772918214.891519434,1,0,0.01
1772918215.914118637,0,0,11.06
1772918215.914118637,1,0,0.01
1772918216.936730351,0,0,11.06
1772918216.936730351,1,0,0.01
1772918217.959452967,0,68,11.06
1772918217.959452967,1,0,0.01
1772918218.982172241,0,68,11.06
1772918218.982172241,1,0,0.01
1772918220.004598821,0,0,11.06
1772918220.004598821,1,0,0.01
1772918221.027003610,0,0,11.06
1772918221.027003610,1,0,0.01
1772918222.049165800,0,0,11.06
1772918222.049165800,1,0,0.01
1772918223.071963409,0,0,11.06
1772918223.071963409,1,0,0.01
1772918224.094080053,0,69,11.06
1772918224.094080053,1,0,0.01
1772918225.117409837,0,69,11.06
1772918225.117409837,1,0,0.01
1772918226.141046796,0,0,11.06
1772918226.141046796,1,0,0.01
1772918227.162992610,0,18,11.06
1772918227.162992610,1,0,0.01
1772918228.185253326,0,65,11.06
1772918228.185253326,1,0,0.01
1772918229.207930728,0,0,11.06
1772918229.207930728,1,0,0.01
1772918230.230931300,0,0,11.06
1772918230.230931300,1,0,0.01
1772918231.253673973,0,0,11.06
1772918231.253673973,1,0,0.01
1772918232.276287824,0,0,11.06
1772918232.276287824,1,0,0.01
1772918233.298785474,0,0,11.06
1772918233.298785474,1,0,0.01
1772918234.321842157,0,67,11.06
1772918234.321842157,1,0,0.01
1772918235.345153722,0,67,11.06
1772918235.345153722,1,0,0.01
1772918236.368127829,0,0,11.06
1772918236.368127829,1,0,0.01
1772918237.391317130,0,0,11.06
1772918237.391317130,1,0,0.01
1772918238.415473113,0,0,11.06
1772918238.415473113,1,0,0.01
1772918239.438125502,0,1,11.06
1772918239.438125502,1,0,0.01
1772918240.461359476,0,0,11.06
1772918240.461359476,1,0,0.01
1772918241.483608650,0,0,11.06
1772918241.483608650,1,0,0.01
1772918242.506767570,0,0,11.06
1772918242.506767570,1,0,0.01
1772918243.529968562,0,0,11.06
1772918243.529968562,1,0,0.01
1772918244.552339345,0,0,11.06
1772918244.552339345,1,0,0.01
1772918245.574277853,0,0,11.06
1772918245.574277853,1,0,0.01
1772918246.597170051,0,0,11.06
1772918246.597170051,1,0,0.01
1772918247.619417653,0,1,11.06
1772918247.619417653,1,0,0.01
1772918248.641792657,0,0,11.06
1772918248.641792657,1,0,0.01
1772918249.663435527,0,0,11.06
1772918249.663435527,1,0,0.01
1772918250.685856108,0,1,11.06
1772918250.685856108,1,0,0.01
1772918251.708689426,0,0,11.06
1772918251.708689426,1,0,0.01
1772918252.731458732,0,0,11.06
1772918252.731458732,1,0,0.01
1772918253.753583755,0,0,11.06
1772918253.753583755,1,0,0.01
1772918254.776496826,0,52,11.06
1772918254.776496826,1,0,0.01
1772918255.799252438,0,70,11.06
1772918255.799252438,1,0,0.01
1772918256.821218452,0,11,11.06
1772918256.821218452,1,0,0.01
1772918257.843579772,0,99,11.06
1772918257.843579772,1,0,0.01
1772918258.866141322,0,99,11.06
1772918258.866141322,1,0,0.01
1772918259.889340424,0,99,11.06
1772918259.889340424,1,0,0.01
1772918260.911847070,0,0,11.06
1772918260.911847070,1,0,0.01
1772918261.934171721,0,0,11.06
1772918261.934171721,1,0,0.01
1772918262.955487295,0,0,11.06
1772918262.955487295,1,0,0.01
1772918263.978877844,0,0,11.06
1772918263.978877844,1,0,0.01
1772918265.001164080,0,0,11.06
1772918265.001164080,1,0,0.01
1772918266.023560684,0,0,11.06
1772918266.023560684,1,0,0.01
1772918267.045978954,0,0,11.06
1772918267.045978954,1,0,0.01
1772918268.068126085,0,0,11.06
1772918268.068126085,1,0,0.01
1772918269.090343171,0,0,11.06
1772918269.090343171,1,0,0.01
1772918270.112754432,0,0,11.06
1772918270.112754432,1,0,0.01
1772918271.137704741,0,0,11.06
1772918271.137704741,1,0,0.01
1772918272.160296253,0,0,11.06
1772918272.160296253,1,0,0.01
1772918273.183130431,0,0,11.06
1772918273.183130431,1,0,0.01
1772918274.205674048,0,0,11.06
1772918274.205674048,1,0,0.01
1772918275.228701872,0,0,11.06
1772918275.228701872,1,0,0.01
1772918276.250976546,0,0,11.06
1772918276.250976546,1,0,0.01
1772918277.273208092,0,0,11.06
1772918277.273208092,1,0,0.01
1772918278.295896122,0,0,11.06
1772918278.295896122,1,0,0.01
1772918279.318209424,0,0,11.06
1772918279.318209424,1,0,0.01
1772918280.340375666,0,0,11.06
1772918280.340375666,1,0,0.01
1772918281.362436922,0,0,11.06
1772918281.362436922,1,0,0.01
1772918282.384382551,0,0,11.06
1772918282.384382551,1,0,0.01
1772918283.407634248,0,63,11.06
1772918283.407634248,1,0,0.01
1772918284.429687633,0,41,11.06
1772918284.429687633,1,0,0.01
1772918285.452014262,0,65,11.06
1772918285.452014262,1,0,0.01
1772918286.474171787,0,64,11.06
1772918286.474171787,1,0,0.01
1772918287.495507787,0,0,11.06
1772918287.495507787,1,0,0.01
1772918288.517445960,0,0,11.06
1772918288.517445960,1,0,0.01
1772918289.539429662,0,70,11.06
1772918289.539429662,1,0,0.01
1772918290.561566647,0,70,11.06
1772918290.561566647,1,0,0.01
1772918291.583294443,0,0,11.06
1772918291.583294443,1,0,0.01
1772918292.606488801,0,1,11.06
1772918292.606488801,1,0,0.01
1772918293.628963157,0,1,11.06
1772918293.628963157,1,0,0.01
1772918294.652576897,0,0,11.06
1772918294.652576897,1,0,0.01
1772918295.675907018,0,0,11.06
1772918295.675907018,1,0,0.01
1772918296.698794994,0,0,11.06
1772918296.698794994,1,0,0.01
1772918297.720720357,0,0,11.06
1772918297.720720357,1,0,0.01
1772918298.742940078,0,1,11.06
1772918298.742940078,1,0,0.01
1772918299.765417927,0,0,11.06
1772918299.765417927,1,0,0.01
1772918300.788803540,0,99,11.06
1772918300.788803540,1,0,0.01
1772918301.811153570,0,99,11.06
1772918301.811153570,1,0,0.01
1772918302.833878069,0,75,11.06
1772918302.833878069,1,0,0.01
1772918303.855575945,0,0,11.06
1772918303.855575945,1,0,0.01
1772918304.878116337,0,0,11.06
1772918304.878116337,1,0,0.01
1772918305.899812998,0,0,11.06
1772918305.899812998,1,0,0.01
1772918306.922201095,0,0,11.06
1772918306.922201095,1,0,0.01
1772918307.945054693,0,0,11.06
1772918307.945054693,1,0,0.01
1772918308.966878272,0,0,11.06
1772918308.966878272,1,0,0.01
1772918309.990463755,0,0,11.06
1772918309.990463755,1,0,0.01
1772918311.013240318,0,99,11.06
1772918311.013240318,1,0,0.01
1772918312.035359321,0,99,11.06
1772918312.035359321,1,0,0.01
1772918313.057602555,0,99,11.06
1772918313.057602555,1,0,0.01
1772918314.081409377,0,99,11.06
1772918314.081409377,1,0,0.01
1772918315.104887283,0,1,11.06
1772918315.104887283,1,0,0.01
1772918316.127247996,0,0,11.06
1772918316.127247996,1,0,0.01
1772918317.150389166,0,0,11.06
1772918317.150389166,1,0,0.01
1772918318.173603638,0,0,11.06
1772918318.173603638,1,0,0.01
1772918319.196757934,0,0,11.06
1772918319.196757934,1,0,0.01
1772918320.218954666,0,0,11.06
1772918320.218954666,1,0,0.01
1772918321.241637627,0,0,11.06
1772918321.241637627,1,0,0.01
1772918322.263754291,0,0,11.06
1772918322.263754291,1,0,0.01
1772918323.285937724,0,64,11.06
1772918323.285937724,1,0,0.01
1772918324.309424341,0,64,11.06
1772918324.309424341,1,0,0.01
1772918325.332554204,0,0,11.06
1772918325.332554204,1,0,0.01
1772918326.355828101,0,0,11.06
1772918326.355828101,1,0,0.01
1772918327.378007804,0,0,11.06
1772918327.378007804,1,0,0.01
1772918328.400016387,0,0,11.06
1772918328.400016387,1,0,0.01
1772918329.421907201,0,1,11.06
1772918329.421907201,1,0,0.01
1772918330.443890521,0,0,11.06
1772918330.443890521,1,0,0.01
1772918331.466159525,0,0,11.06
1772918331.466159525,1,0,0.01
1772918332.490185434,0,0,11.06
1772918332.490185434,1,0,0.01
1772918333.513518355,0,0,11.06
1772918333.513518355,1,0,0.01
1772918334.536581034,0,0,11.06
1772918334.536581034,1,0,0.01
1772918335.558816215,0,0,11.06
1772918335.558816215,1,0,0.01
1772918336.581402017,0,1,11.06
1772918336.581402017,1,0,0.01
1772918337.604443103,0,0,11.06
1772918337.604443103,1,0,0.01
1772918338.626787767,0,0,11.06
1772918338.626787767,1,0,0.01
1772918339.648830153,0,0,11.06
1772918339.648830153,1,0,0.01
1772918340.671260183,0,0,11.06
1772918340.671260183,1,0,0.01
1772918341.693882869,0,0,11.06
1772918341.693882869,1,0,0.01
1772918342.715510590,0,0,11.06
1772918342.715510590,1,0,0.01
1772918343.737557495,0,0,11.06
1772918343.737557495,1,0,0.01
1772918344.760761203,0,0,11.06
1772918344.760761203,1,0,0.01
1772918345.783248670,0,0,11.06
1772918345.783248670,1,0,0.01
1772918346.807221937,0,72,11.06
1772918346.807221937,1,0,0.01
1772918347.829907743,0,70,11.06
1772918347.829907743,1,0,0.01
1772918348.853202328,0,0,11.06
1772918348.853202328,1,0,0.01
1772918349.876404074,0,70,11.06
1772918349.876404074,1,0,0.01
1772918350.899886951,0,69,11.06
1772918350.899886951,1,0,0.01
1772918351.923314343,0,0,11.06
1772918351.923314343,1,0,0.01
1772918352.946221176,0,0,11.06
1772918352.946221176,1,0,0.01
1772918353.967629702,0,0,11.06
1772918353.967629702,1,0,0.01
1772918354.989700149,0,0,11.06
1772918354.989700149,1,0,0.01
1772918356.011748070,0,0,11.06
1772918356.011748070,1,0,0.01
1772918357.034304362,0,0,11.06
1772918357.034304362,1,0,0.01
1772918358.057356260,0,0,11.06
1772918358.057356260,1,0,0.01
1772918359.079694354,0,0,11.06
1772918359.079694354,1,0,0.01
1772918360.101220948,0,0,11.06
1772918360.101220948,1,0,0.01
1772918361.124597244,0,0,11.06
1772918361.124597244,1,0,0.01
1772918362.147924825,0,0,11.06
1772918362.147924825,1,0,0.01
1772918363.171541612,0,67,11.06
1772918363.171541612,1,0,0.01
1772918364.194371035,0,67,11.06
1772918364.194371035,1,0,0.01
1772918365.218176331,0,0,11.06
1772918365.218176331,1,0,0.01
1772918366.241445870,0,0,11.06
1772918366.241445870,1,0,0.01
1772918367.264109796,0,60,11.06
1772918367.264109796,1,0,0.01
1772918368.286931746,0,65,11.06
1772918368.286931746,1,0,0.01
1772918369.309512973,0,5,11.06
1772918369.309512973,1,0,0.01
1772918370.331995427,0,0,11.06
1772918370.331995427,1,0,0.01
1772918371.353542882,0,0,11.06
1772918371.353542882,1,0,0.01
1772918372.375676101,0,0,11.06
1772918372.375676101,1,0,0.01
1772918373.398870809,0,0,11.06
1772918373.398870809,1,0,0.01
1772918374.420030949,0,38,11.06
1772918374.420030949,1,0,0.01
1772918375.442587338,0,67,11.06
1772918375.442587338,1,0,0.01
1772918376.465328061,0,0,11.06
1772918376.465328061,1,0,0.01
1772918377.487801844,0,0,11.06
1772918377.487801844,1,0,0.01
1772918378.510456267,0,0,11.06
1772918378.510456267,1,0,0.01
1772918379.531958801,0,0,11.06
1772918379.531958801,1,0,0.01
1772918380.553655357,0,0,11.06
1772918380.553655357,1,0,0.01
1772918381.575211374,0,0,11.06
1772918381.575211374,1,0,0.01
1772918382.597731538,0,0,11.06
1772918382.597731538,1,0,0.01
1772918383.619137537,0,0,11.06
1772918383.619137537,1,0,0.01
1772918384.642589025,0,0,11.06
1772918384.642589025,1,0,0.01
1772918385.666028720,0,0,11.06
1772918385.666028720,1,0,0.01
1772918386.688692880,0,0,11.06
1772918386.688692880,1,0,0.01
1772918387.711171371,0,69,11.06
1772918387.711171371,1,0,0.01
1772918388.734031353,0,69,11.06
1772918388.734031353,1,0,0.01
1772918389.758091834,0,72,11.06
1772918389.758091834,1,0,0.01
1772918390.781463333,0,72,11.06
1772918390.781463333,1,0,0.01
1772918391.804105334,0,0,11.06
1772918391.804105334,1,0,0.01
1772918392.827215866,0,0,11.06
1772918392.827215866,1,0,0.01
1772918393.849365056,0,0,11.06
1772918393.849365056,1,0,0.01
1772918394.871821393,0,0,11.06
1772918394.871821393,1,0,0.01
1772918395.894378196,0,0,11.06
1772918395.894378196,1,0,0.01
1772918396.917440485,0,0,11.06
1772918396.917440485,1,0,0.01
1772918397.939736974,0,0,11.06
1772918397.939736974,1,0,0.01
1772918398.962333336,0,0,11.06
1772918398.962333336,1,0,0.01
1772918399.985438828,0,0,11.06
1772918399.985438828,1,0,0.01
1772918401.007716312,0,1,11.06
1772918401.007716312,1,0,0.01
1772918402.030923412,0,0,11.06
1772918402.030923412,1,0,0.01
1772918403.053277620,0,0,11.06
1772918403.053277620,1,0,0.01
1772918404.076408559,0,0,11.06
1772918404.076408559,1,0,0.01
1772918405.099372716,0,0,11.06
1772918405.099372716,1,0,0.01
1772918406.122742029,0,0,11.06
1772918406.122742029,1,0,0.01
1772918407.145751126,0,0,11.06
1772918407.145751126,1,0,0.01
1772918408.168005103,0,0,11.06
1772918408.168005103,1,0,0.01
1772918409.190837492,0,0,11.06
1772918409.190837492,1,0,0.01
1772918410.214083384,0,0,11.06
1772918410.214083384,1,0,0.01
1772918411.236853379,0,0,11.06
1772918411.236853379,1,0,0.01
1772918412.259849521,0,0,11.06
1772918412.259849521,1,0,0.01
1772918413.281859217,0,0,11.06
1772918413.281859217,1,0,0.01
1772918414.304617116,0,0,11.06
1772918414.304617116,1,0,0.01
1772918415.327413859,0,69,11.06
1772918415.327413859,1,0,0.01
1772918416.350189114,0,68,11.06
1772918416.350189114,1,0,0.01
1772918417.372328494,0,0,11.06
1772918417.372328494,1,0,0.01
1772918418.394391883,0,0,11.06
1772918418.394391883,1,0,0.01
1772918419.416597857,0,0,11.06
1772918419.416597857,1,0,0.01
1772918420.439749827,0,0,11.06
1772918420.439749827,1,0,0.01
1772918421.462102398,0,66,11.06
1772918421.462102398,1,0,0.01
1772918422.485320897,0,66,11.06
1772918422.485320897,1,0,0.01
1772918423.508222680,0,0,11.06
1772918423.508222680,1,0,0.01
1772918424.531050203,0,0,11.06
1772918424.531050203,1,0,0.01
1772918425.553377036,0,0,11.06
1772918425.553377036,1,0,0.01
1772918426.576229618,0,0,11.06
1772918426.576229618,1,0,0.01
1772918427.599004335,0,1,11.06
1772918427.599004335,1,0,0.01
1772918428.621061399,0,0,11.06
1772918428.621061399,1,0,0.01
1772918429.643582544,0,0,11.06
1772918429.643582544,1,0,0.01
1772918430.665622799,0,0,11.06
1772918430.665622799,1,0,0.01
1772918431.688216672,0,0,11.06
1772918431.688216672,1,0,0.01
1772918432.710731694,0,0,11.06
1772918432.710731694,1,0,0.01
1772918433.732810541,0,0,11.06
1772918433.732810541,1,0,0.01
1772918434.755305178,0,0,11.06
1772918434.755305178,1,0,0.01
1772918435.777392197,0,0,11.06
1772918435.777392197,1,0,0.01
1772918436.799171786,0,71,11.06
1772918436.799171786,1,0,0.01
1772918437.821590508,0,99,11.06
1772918437.821590508,1,0,0.01
1772918438.844173766,0,99,11.06
1772918438.844173766,1,0,0.01
1772918439.866678115,0,71,11.06
1772918439.866678115,1,0,0.01
1772918440.888403045,0,0,11.06
1772918440.888403045,1,0,0.01
1772918441.910146357,0,68,11.06
1772918441.910146357,1,0,0.01
1772918442.932404607,0,67,11.06
1772918442.932404607,1,0,0.01
1772918443.954913708,0,0,11.06
1772918443.954913708,1,0,0.01
1772918444.977300509,0,0,11.06
1772918444.977300509,1,0,0.01
1772918445.999919464,0,0,11.06
1772918445.999919464,1,0,0.01
1772918447.022337746,0,0,11.06
1772918447.022337746,1,0,0.01
1772918448.044496334,0,0,11.06
1772918448.044496334,1,0,0.01
1772918449.066463079,0,0,11.06
1772918449.066463079,1,0,0.01
1772918450.088924247,0,0,11.06
1772918450.088924247,1,0,0.01
1772918451.111364617,0,0,11.06
1772918451.111364617,1,0,0.01
1772918452.133430023,0,67,11.06
1772918452.133430023,1,0,0.01
1772918453.156871300,0,99,11.06
1772918453.156871300,1,0,0.01
1772918454.179302936,0,78,11.06
1772918454.179302936,1,0,0.01
1772918455.202840122,0,67,11.06
1772918455.202840122,1,0,0.01
1772918456.225031723,0,0,11.06
1772918456.225031723,1,0,0.01
1772918457.247168705,0,0,11.06
1772918457.247168705,1,0,0.01
1772918458.269186413,0,0,11.06
1772918458.269186413,1,0,0.01
1772918459.291211786,0,0,11.06
1772918459.291211786,1,0,0.01
1772918460.314122052,0,70,11.06
1772918460.314122052,1,0,0.01
1772918461.336057790,0,70,11.06
1772918461.336057790,1,0,0.01
1772918462.358471577,0,0,11.06
1772918462.358471577,1,0,0.01
1772918463.380197385,0,0,11.06
1772918463.380197385,1,0,0.01
1772918464.402490333,0,0,11.06
1772918464.402490333,1,0,0.01
1772918465.425139948,0,0,11.06
1772918465.425139948,1,0,0.01
1772918466.447484464,0,1,11.06
1772918466.447484464,1,0,0.01
1772918467.470147211,0,0,11.06
1772918467.470147211,1,0,0.01
1772918468.493144414,0,0,11.06
1772918468.493144414,1,0,0.01
1772918469.515829936,0,78,11.06
1772918469.515829936,1,0,0.01
1772918470.538520785,0,99,11.06
1772918470.538520785,1,0,0.01
1772918471.561658552,0,99,11.06
1772918471.561658552,1,0,0.01
1772918472.584317923,0,100,11.06
1772918472.584317923,1,0,0.01
1772918473.606753491,0,66,11.06
1772918473.606753491,1,0,0.01
1772918474.629900754,0,66,11.06
1772918474.629900754,1,0,0.01
1772918475.652028557,0,0,11.06
1772918475.652028557,1,0,0.01
1772918476.674098477,0,0,11.06
1772918476.674098477,1,0,0.01
1772918477.696311787,0,0,11.06
1772918477.696311787,1,0,0.01
1772918478.718548703,0,0,11.06
1772918478.718548703,1,0,0.01
1772918479.740663369,0,0,11.06
1772918479.740663369,1,0,0.01
1772918480.762802401,0,0,11.06
1772918480.762802401,1,0,0.01
1772918481.785621773,0,0,11.06
1772918481.785621773,1,0,0.01
1772918482.807930141,0,0,11.06
1772918482.807930141,1,0,0.01
1772918483.830229139,0,0,11.06
1772918483.830229139,1,0,0.01
1772918484.853459346,0,0,11.06
1772918484.853459346,1,0,0.01
1772918485.875340646,0,0,11.06
1772918485.875340646,1,0,0.01
1772918486.897929948,0,0,11.06
1772918486.897929948,1,0,0.01
1772918487.920240701,0,0,11.06
1772918487.920240701,1,0,0.01
1772918488.941892733,0,99,11.06
1772918488.941892733,1,0,0.01
1772918489.964773177,0,99,11.06
1772918489.964773177,1,0,0.01
1772918490.987041827,0,99,11.06
1772918490.987041827,1,0,0.01
1772918492.009961030,0,68,11.06
1772918492.009961030,1,0,0.01
1772918493.031927353,0,0,11.06
1772918493.031927353,1,0,0.01
1772918494.054926812,0,0,11.06
1772918494.054926812,1,0,0.01
1772918495.076644866,0,0,11.06
1772918495.076644866,1,0,0.01
1772918496.099792599,0,0,11.06
1772918496.099792599,1,0,0.01
1772918497.121880701,0,68,11.06
1772918497.121880701,1,0,0.01
1772918498.145018607,0,67,11.06
1772918498.145018607,1,0,0.01
1772918499.167246709,0,34,11.06
1772918499.167246709,1,0,0.01
1772918500.189405741,0,0,11.06
1772918500.189405741,1,0,0.01
1772918501.212643721,0,0,11.06
1772918501.212643721,1,0,0.01
1772918502.235716030,0,0,11.06
1772918502.235716030,1,0,0.01
1772918503.258939010,0,0,11.06
1772918503.258939010,1,0,0.01
1772918504.281631156,0,0,11.06
1772918504.281631156,1,0,0.01
1772918505.303964410,0,0,11.06
1772918505.303964410,1,0,0.01
1772918506.327239166,0,1,11.06
1772918506.327239166,1,0,0.01
1772918507.349785540,0,0,11.06
1772918507.349785540,1,0,0.01
1772918508.372818701,0,0,11.06
1772918508.372818701,1,0,0.01
1772918509.395329046,0,0,11.06
1772918509.395329046,1,0,0.01
1772918510.418468678,0,0,11.06
1772918510.418468678,1,0,0.01
1772918511.441630595,0,0,11.06
1772918511.441630595,1,0,0.01
1772918512.464868390,0,67,11.06
1772918512.464868390,1,0,0.01
1772918513.488063148,0,67,11.06
1772918513.488063148,1,0,0.01
1772918514.510911272,0,0,11.06
1772918514.510911272,1,0,0.01
1772918515.533360364,0,0,11.06
1772918515.533360364,1,0,0.01
1772918516.556339521,0,0,11.06
1772918516.556339521,1,0,0.01
1772918517.578503565,0,0,11.06
1772918517.578503565,1,0,0.01
1772918518.601664814,0,0,11.06
1772918518.601664814,1,0,0.01
1772918519.624518771,0,0,11.06
1772918519.624518771,1,0,0.01
1772918520.647295366,0,0,11.06
1772918520.647295366,1,0,0.01
1772918521.669782570,0,0,11.06
1772918521.669782570,1,0,0.01
1772918522.692128580,0,0,11.06
1772918522.692128580,1,0,0.01
1772918523.715591228,0,0,11.06
1772918523.715591228,1,0,0.01
1772918524.738269639,0,0,11.06
1772918524.738269639,1,0,0.01
1772918525.761076254,0,0,11.06
1772918525.761076254,1,0,0.01
1772918526.783470164,0,0,11.06
1772918526.783470164,1,0,0.01
1772918527.806002339,0,98,11.06
1772918527.806002339,1,0,0.01
1772918528.828528866,0,99,11.06
1772918528.828528866,1,0,0.01
1772918529.851910778,0,99,11.06
1772918529.851910778,1,0,0.01
1772918530.874747980,0,53,11.06
1772918530.874747980,1,0,0.01
1772918531.896911377,0,0,11.06
1772918531.896911377,1,0,0.01
1772918532.919612043,0,0,11.06
1772918532.919612043,1,0,0.01
1772918533.942506314,0,0,11.06
1772918533.942506314,1,0,0.01
1772918534.965399536,0,69,11.06
1772918534.965399536,1,0,0.01
1772918535.987541511,0,69,11.06
1772918535.987541511,1,0,0.01
1772918537.010315070,0,0,11.06
1772918537.010315070,1,0,0.01
1772918538.033821417,0,0,11.06
1772918538.033821417,1,0,0.01
1772918539.056051992,0,67,11.06
1772918539.056051992,1,0,0.01
1772918540.078371046,0,67,11.06
1772918540.078371046,1,0,0.01
1772918541.100345166,0,41,11.06
1772918541.100345166,1,0,0.01
1772918542.122668947,0,69,11.06
1772918542.122668947,1,0,0.01
1772918543.144356635,0,0,11.06
1772918543.144356635,1,0,0.01
1772918544.167001588,0,0,11.06
1772918544.167001588,1,0,0.01
1772918545.189478150,0,0,11.06
1772918545.189478150,1,0,0.01
1772918546.211765155,0,0,11.06
1772918546.211765155,1,0,0.01
1772918547.234169319,0,0,11.06
1772918547.234169319,1,0,0.01
1772918548.256423905,0,0,11.06
1772918548.256423905,1,0,0.01
1772918549.278941970,0,0,11.06
1772918549.278941970,1,0,0.01
1772918550.301287678,0,0,11.06
1772918550.301287678,1,0,0.01
1772918551.323786425,0,0,11.06
1772918551.323786425,1,0,0.01
1772918552.346788755,0,0,11.06
1772918552.346788755,1,0,0.01
1772918553.368833380,0,0,11.06
1772918553.368833380,1,0,0.01
1772918554.391106904,0,0,11.06
1772918554.391106904,1,0,0.01
1772918555.413862364,0,0,11.06
1772918555.413862364,1,0,0.01
1772918556.436486477,0,0,11.06
1772918556.436486477,1,0,0.01
1772918557.459029273,0,0,11.06
1772918557.459029273,1,0,0.01
1772918558.482251210,0,0,11.06
1772918558.482251210,1,0,0.01
1772918559.504557514,0,67,11.06
1772918559.504557514,1,0,0.01
1772918560.527539538,0,36,11.06
1772918560.527539538,1,0,0.01
1772918561.549740466,0,0,11.06
1772918561.549740466,1,0,0.01
1772918562.571890994,0,0,11.06
1772918562.571890994,1,0,0.01
1772918563.594410274,0,0,11.06
1772918563.594410274,1,0,0.01
1772918564.616419016,0,64,11.06
1772918564.616419016,1,0,0.01
1772918565.639158014,0,64,11.06
1772918565.639158014,1,0,0.01
1772918566.662532203,0,0,11.06
1772918566.662532203,1,0,0.01
1772918567.685042126,0,0,11.06
1772918567.685042126,1,0,0.01
1772918568.707418256,0,0,11.06
1772918568.707418256,1,0,0.01
1772918569.729840790,0,1,11.06
1772918569.729840790,1,0,0.01
1772918570.752418542,0,1,11.06
1772918570.752418542,1,0,0.01
1772918571.774692083,0,68,11.07
1772918571.774692083,1,0,0.01
1772918572.797173903,0,68,11.07
1772918572.797173903,1,0,0.01
1772918573.819457762,0,0,11.07
1772918573.819457762,1,0,0.01
1772918574.842089772,0,0,11.07
1772918574.842089772,1,0,0.01
1772918575.864301059,0,0,11.07
1772918575.864301059,1,0,0.01
1772918576.887487160,0,0,11.07
1772918576.887487160,1,0,0.01
1772918577.909792489,0,0,11.07
1772918577.909792489,1,0,0.01
1772918578.932937111,0,0,11.07
1772918578.932937111,1,0,0.01
1772918579.956097895,0,0,11.07
1772918579.956097895,1,0,0.01
1772918580.978873289,0,59,11.07
1772918580.978873289,1,0,0.01
1772918582.002096498,0,99,11.07
1772918582.002096498,1,0,0.01
1772918583.025262428,0,99,11.07
1772918583.025262428,1,0,0.01
1772918584.048624421,0,69,11.07
1772918584.048624421,1,0,0.01
1772918585.071269228,0,0,11.07
1772918585.071269228,1,0,0.01
1772918586.093239555,0,0,11.07
1772918586.093239555,1,0,0.01
1772918587.115925302,0,0,11.07
1772918587.115925302,1,0,0.01
1772918588.139358953,0,0,11.07
1772918588.139358953,1,0,0.01
1772918589.161767695,0,0,11.07
1772918589.161767695,1,0,0.01
1772918590.184324026,0,0,11.07
1772918590.184324026,1,0,0.01
1772918591.207228379,0,0,11.07
1772918591.207228379,1,0,0.01
1772918592.229734355,0,0,11.07
1772918592.229734355,1,0,0.01
1772918593.252410738,0,68,11.07
1772918593.252410738,1,0,0.01
1772918594.274807306,0,67,11.07
1772918594.274807306,1,0,0.01
1772918595.297207540,0,0,11.07
1772918595.297207540,1,0,0.01
1772918596.319720896,0,0,11.07
1772918596.319720896,1,0,0.01
1772918597.342207990,0,0,11.07
1772918597.342207990,1,0,0.01
1772918598.364546971,0,0,11.07
1772918598.364546971,1,0,0.01
1772918599.386870167,0,0,11.07
1772918599.386870167,1,0,0.01
1772918600.409221509,0,0,11.07
1772918600.409221509,1,0,0.01
1772918601.430950797,0,0,11.07
1772918601.430950797,1,0,0.01
1772918602.454959842,0,61,11.07
1772918602.454959842,1,0,0.01
1772918603.478433020,0,60,11.07
1772918603.478433020,1,0,0.01
1772918604.501548197,0,99,11.07
1772918604.501548197,1,0,0.01
1772918605.524540211,0,66,11.07
1772918605.524540211,1,0,0.01
1772918606.547856679,0,0,11.07
1772918606.547856679,1,0,0.01
1772918607.571254589,0,0,11.07
1772918607.571254589,1,0,0.01
1772918608.593937854,0,0,11.07
1772918608.593937854,1,0,0.01
1772918609.616476654,0,0,11.07
1772918609.616476654,1,0,0.01
1772918610.638845619,0,0,11.07
1772918610.638845619,1,0,0.01
1772918611.662053841,0,0,11.07
1772918611.662053841,1,0,0.01
1772918612.684851963,0,0,11.07
1772918612.684851963,1,0,0.01
1772918613.708579016,0,0,11.07
1772918613.708579016,1,0,0.01
1772918614.731007311,0,1,11.07
1772918614.731007311,1,0,0.01
1772918615.752770491,0,0,11.07
1772918615.752770491,1,0,0.01
1772918616.774993681,0,0,11.07
1772918616.774993681,1,0,0.01
1772918617.798216266,0,0,11.07
1772918617.798216266,1,0,0.01
1772918618.820939550,0,0,11.07
1772918618.820939550,1,0,0.01
1772918619.844231470,0,0,11.07
1772918619.844231470,1,0,0.01
1772918620.866902636,0,0,11.07
1772918620.866902636,1,0,0.01
1772918621.890106071,0,0,11.07
1772918621.890106071,1,0,0.01
1772918622.912472455,0,0,11.07
1772918622.912472455,1,0,0.01
1772918623.935219693,0,0,11.07
1772918623.935219693,1,0,0.01
1772918624.958055326,0,0,11.07
1772918624.958055326,1,0,0.01
1772918625.981063795,0,69,11.07
1772918625.981063795,1,0,0.01
1772918627.004151932,0,70,11.07
1772918627.004151932,1,0,0.01
1772918628.027266572,0,0,11.07
1772918628.027266572,1,0,0.01
1772918629.049965088,0,0,11.07
1772918629.049965088,1,0,0.01
1772918630.073170358,0,0,11.07
1772918630.073170358,1,0,0.01
1772918631.095993591,0,0,11.07
1772918631.095993591,1,0,0.01
1772918632.118378154,0,69,11.07
1772918632.118378154,1,0,0.01
1772918633.141662229,0,99,11.07
1772918633.141662229,1,0,0.01
1772918634.164419023,0,68,11.07
1772918634.164419023,1,0,0.01
1772918635.186633098,0,26,11.07
1772918635.186633098,1,0,0.01
1772918636.208912623,0,1,11.07
1772918636.208912623,1,0,0.01
1772918637.231126896,0,0,11.07
1772918637.231126896,1,0,0.01
1772918638.253410240,0,99,11.07
1772918638.253410240,1,0,0.01
1772918639.276819258,0,99,11.07
1772918639.276819258,1,0,0.01
1772918640.298835663,0,99,11.07
1772918640.298835663,1,0,0.01
1772918641.322238070,0,79,11.07
1772918641.322238070,1,0,0.01
1772918642.344943194,0,0,11.07
1772918642.344943194,1,0,0.01
1772918643.367138235,0,0,11.07
1772918643.367138235,1,0,0.01
1772918644.389271912,0,0,11.07
1772918644.389271912,1,0,0.01
1772918645.411659359,0,0,11.07
1772918645.411659359,1,0,0.01
1772918646.434877912,0,0,11.07
1772918646.434877912,1,0,0.01
1772918647.457627882,0,68,11.07
1772918647.457627882,1,0,0.01
1772918648.480945294,0,68,11.07
1772918648.480945294,1,0,0.01
1772918649.503924601,0,0,11.07
1772918649.503924601,1,0,0.01
1772918650.526491139,0,0,11.07
1772918650.526491139,1,0,0.01
1772918651.549590668,0,0,11.07
1772918651.549590668,1,0,0.01
1772918652.572628400,0,0,11.07
1772918652.572628400,1,0,0.01
1772918653.594772405,0,0,11.07
1772918653.594772405,1,0,0.01
1772918654.617879646,0,0,11.07
1772918654.617879646,1,0,0.01
1772918655.640642518,0,0,11.07
1772918655.640642518,1,0,0.01
1772918656.662885687,0,0,11.07
1772918656.662885687,1,0,0.01
1772918657.686149097,0,0,11.07
1772918657.686149097,1,0,0.01
1772918658.708718249,0,0,11.07
1772918658.708718249,1,0,0.01
1772918659.731029352,0,0,11.07
1772918659.731029352,1,0,0.01
1772918660.753792633,0,0,11.07
1772918660.753792633,1,0,0.01
1772918661.776080799,0,0,11.07
1772918661.776080799,1,0,0.01
1772918662.798552370,0,0,11.07
1772918662.798552370,1,0,0.01
1772918663.820803444,0,0,11.07
1772918663.820803444,1,0,0.01
1772918664.843407871,0,1,11.07
1772918664.843407871,1,0,0.01
1772918665.865789950,0,0,11.07
1772918665.865789950,1,0,0.01
1772918666.888241742,0,0,11.07
1772918666.888241742,1,0,0.01
1772918667.911250198,0,0,11.07
1772918667.911250198,1,0,0.01
1772918668.933405437,0,0,11.07
1772918668.933405437,1,0,0.01
1772918669.956446574,0,0,11.07
1772918669.956446574,1,0,0.01
1772918670.978803187,0,0,11.07
1772918670.978803187,1,0,0.01
1772918672.001418865,0,0,11.07
1772918672.001418865,1,0,0.01
1772918673.023960534,0,0,11.07
1772918673.023960534,1,0,0.01
1772918674.046415898,0,0,11.07
1772918674.046415898,1,0,0.01
1772918675.068605794,0,0,11.07
1772918675.068605794,1,0,0.01
1772918676.090690751,0,0,11.07
1772918676.090690751,1,0,0.01
1772918677.113685469,0,0,11.07
1772918677.113685469,1,0,0.01
1772918678.136714581,0,0,11.07
1772918678.136714581,1,0,0.01
1772918679.159683493,0,0,11.07
1772918679.159683493,1,0,0.01
1772918680.183027019,0,0,11.07
1772918680.183027019,1,0,0.01
1772918681.207199631,0,1,11.07
1772918681.207199631,1,0,0.01
1772918682.230960142,0,0,11.07
1772918682.230960142,1,0,0.01
1772918683.254468348,0,0,11.07
1772918683.254468348,1,0,0.01
1772918684.277844897,0,70,11.07
1772918684.277844897,1,0,0.01
1772918685.301366468,0,70,11.07
1772918685.301366468,1,0,0.01
1772918686.324896166,0,0,11.07
1772918686.324896166,1,0,0.01
1772918687.347052860,0,0,11.07
1772918687.347052860,1,0,0.01
1772918688.370347236,0,70,11.07
1772918688.370347236,1,0,0.01
1772918689.393319296,0,14,11.07
1772918689.393319296,1,0,0.01
1772918690.415923632,0,1,11.07
1772918690.415923632,1,0,0.01
1772918691.439306586,0,69,11.07
1772918691.439306586,1,0,0.01
1772918692.462017132,0,71,11.07
1772918692.462017132,1,0,0.01
1772918693.485405045,0,62,11.07
1772918693.485405045,1,0,0.01
1772918694.508520157,0,62,11.07
1772918694.508520157,1,0,0.01
1772918695.532342776,0,0,11.07
1772918695.532342776,1,0,0.01
1772918696.554795899,0,0,11.07
1772918696.554795899,1,0,0.01
1772918697.577554916,0,0,11.07
1772918697.577554916,1,0,0.01
1772918698.600294532,0,0,11.07
1772918698.600294532,1,0,0.01
1772918699.623463545,0,0,11.07
1772918699.623463545,1,0,0.01
1772918700.646637253,0,1,11.07
1772918700.646637253,1,0,0.01
1772918701.669650696,0,0,11.07
1772918701.669650696,1,0,0.01
1772918702.693078910,0,0,11.07
1772918702.693078910,1,0,0.01
1772918703.716566099,0,0,11.07
1772918703.716566099,1,0,0.01
1772918704.738857900,0,67,11.07
1772918704.738857900,1,0,0.01
1772918705.763126124,0,66,11.07
1772918705.763126124,1,0,0.01
1772918706.786689410,0,0,11.07
1772918706.786689410,1,0,0.01
1772918707.809661820,0,0,11.07
1772918707.809661820,1,0,0.01
1772918708.832970232,0,63,11.07
1772918708.832970232,1,0,0.01
1772918709.855699354,0,99,11.07
1772918709.855699354,1,0,0.01
1772918710.878277126,0,99,11.07
1772918710.878277126,1,0,0.01
1772918711.900515734,0,67,11.07
1772918711.900515734,1,0,0.01
1772918712.922959917,0,0,11.07
1772918712.922959917,1,0,0.01
1772918713.945884204,0,0,11.07
1772918713.945884204,1,0,0.01
1772918714.968925511,0,0,11.07
1772918714.968925511,1,0,0.01
1772918715.991732770,0,0,11.07
1772918715.991732770,1,0,0.01
1772918717.013840577,0,0,11.07
1772918717.013840577,1,0,0.01
1772918718.036043046,0,0,11.07
1772918718.036043046,1,0,0.01
1772918719.058357976,0,0,11.07
1772918719.058357976,1,0,0.01
1772918720.080651159,0,0,11.07
1772918720.080651159,1,0,0.01
1772918721.102976739,0,0,11.07
1772918721.102976739,1,0,0.01
1772918722.125336527,0,0,11.07
1772918722.125336527,1,0,0.01
1772918723.148132457,0,0,11.07
1772918723.148132457,1,0,0.01
1772918724.170324817,0,0,11.07
1772918724.170324817,1,0,0.01
1772918725.192456524,0,66,11.07
1772918725.192456524,1,0,0.01
1772918726.215298147,0,66,11.07
1772918726.215298147,1,0,0.01
1772918727.237446736,0,0,11.07
1772918727.237446736,1,0,0.01
1772918728.260140046,0,0,11.07
1772918728.260140046,1,0,0.01
1772918729.281999552,0,0,11.07
1772918729.281999552,1,0,0.01
1772918730.304135551,0,0,11.07
1772918730.304135551,1,0,0.01
1772918731.326829134,0,0,11.07
1772918731.326829134,1,0,0.01
1772918732.348037079,0,0,11.07
1772918732.348037079,1,0,0.01
1772918733.371052104,0,0,11.07
1772918733.371052104,1,0,0.01
1772918734.393587307,0,0,11.07
1772918734.393587307,1,0,0.01
1772918735.416180002,0,0,11.07
1772918735.416180002,1,0,0.01
1772918736.439300739,0,0,11.07
1772918736.439300739,1,0,0.01
1772918737.462465891,0,69,11.07
1772918737.462465891,1,0,0.01
1772918738.485099054,0,69,11.07
1772918738.485099054,1,0,0.01
1772918739.507398612,0,0,11.07
1772918739.507398612,1,0,0.01
1772918740.530309878,0,0,11.07
1772918740.530309878,1,0,0.01
1772918741.552150723,0,0,11.07
1772918741.552150723,1,0,0.01
1772918742.574489523,0,0,11.07
1772918742.574489523,1,0,0.01
1772918743.596416438,0,0,11.07
1772918743.596416438,1,0,0.01
1772918744.618524403,0,0,11.07
1772918744.618524403,1,0,0.01
1772918745.640706741,0,0,11.07
1772918745.640706741,1,0,0.01
1772918746.663668322,0,0,11.07
1772918746.663668322,1,0,0.01
1772918747.686317437,0,0,11.07
1772918747.686317437,1,0,0.01
1772918748.708426313,0,0,11.07
1772918748.708426313,1,0,0.01
1772918749.730382257,0,0,11.07
1772918749.730382257,1,0,0.01
1772918750.753094157,0,0,11.07
1772918750.753094157,1,0,0.01
1772918751.775268205,0,0,11.07
1772918751.775268205,1,0,0.01
1772918752.798207033,0,0,11.07
1772918752.798207033,1,0,0.01
1772918753.820543643,0,0,11.07
1772918753.820543643,1,0,0.01
1772918754.843515373,0,0,11.07
1772918754.843515373,1,0,0.01
1772918755.866830287,0,0,11.07
1772918755.866830287,1,0,0.01
1772918756.889303635,0,0,11.07
1772918756.889303635,1,0,0.01
1772918757.912519139,0,0,11.07
1772918757.912519139,1,0,0.01
1772918758.935996781,0,0,11.07
1772918758.935996781,1,0,0.01
1772918759.958328221,0,0,11.07
1772918759.958328221,1,0,0.01
1772918760.981338243,0,69,11.07
1772918760.981338243,1,0,0.01
1772918762.004456380,0,69,11.07
1772918762.004456380,1,0,0.01
1772918763.026868885,0,0,11.07
1772918763.026868885,1,0,0.01
1772918764.048752209,0,0,11.07
1772918764.048752209,1,0,0.01
1772918765.071330581,0,0,11.07
1772918765.071330581,1,0,0.01
1772918766.094080469,0,0,11.07
1772918766.094080469,1,0,0.01
1772918767.117468603,0,0,11.07
1772918767.117468603,1,0,0.01
1772918768.140620406,0,0,11.07
1772918768.140620406,1,0,0.01
1772918769.162633754,0,0,11.07
1772918769.162633754,1,0,0.01
1772918770.186278931,0,0,11.07
1772918770.186278931,1,0,0.01
1772918771.209444642,0,0,11.07
1772918771.209444642,1,0,0.01
1772918772.233513594,0,0,11.07
1772918772.233513594,1,0,0.01
1772918773.256346602,0,0,11.07
1772918773.256346602,1,0,0.01
1772918774.278730861,0,0,11.07
1772918774.278730861,1,0,0.01
1772918775.301745163,0,0,11.07
1772918775.301745163,1,0,0.01
1772918776.324703820,0,0,11.07
1772918776.324703820,1,0,0.01
1772918777.347893441,0,0,11.07
1772918777.347893441,1,0,0.01
1772918778.371675853,0,51,11.07
1772918778.371675853,1,0,0.01
1772918779.396459193,0,70,11.07
1772918779.396459193,1,0,0.01
1772918780.420285284,0,0,11.07
1772918780.420285284,1,0,0.01
1772918781.443854455,0,0,11.07
1772918781.443854455,1,0,0.01
1772918782.466834171,0,0,11.07
1772918782.466834171,1,0,0.01
1772918783.489906580,0,0,11.07
1772918783.489906580,1,0,0.01
1772918784.512923939,0,0,11.07
1772918784.512923939,1,0,0.01
1772918785.536700370,0,0,11.07
1772918785.536700370,1,0,0.01
1772918786.560754162,0,0,11.07
1772918786.560754162,1,0,0.01
1772918787.583498876,0,0,11.07
1772918787.583498876,1,0,0.01
1772918788.606924723,0,0,11.07
1772918788.606924723,1,0,0.01
1772918789.630637919,0,1,11.07
1772918789.630637919,1,0,0.01
1772918790.653302064,0,0,11.07
1772918790.653302064,1,0,0.01
1772918791.676890496,0,0,11.07
1772918791.676890496,1,0,0.01
1772918792.699583526,0,0,11.07
1772918792.699583526,1,0,0.01
1772918793.722740720,0,99,11.07
1772918793.722740720,1,0,0.01
1772918794.745810989,0,99,11.07
1772918794.745810989,1,0,0.01
1772918795.769248892,0,99,11.07
1772918795.769248892,1,0,0.01
1772918796.791993502,0,0,11.07
1772918796.791993502,1,0,0.01
1772918797.815709509,0,0,11.07
1772918797.815709509,1,0,0.01
1772918798.840483210,0,0,11.07
1772918798.840483210,1,0,0.01
1772918799.863960745,0,0,11.07
1772918799.863960745,1,0,0.01
1772918800.888113402,0,0,11.07
1772918800.888113402,1,0,0.01
1772918801.912910520,0,58,11.07
1772918801.912910520,1,0,0.01
1772918802.937534361,0,67,11.07
1772918802.937534361,1,0,0.01
1772918803.960094890,0,0,11.07
1772918803.960094890,1,0,0.01
1772918804.983001793,0,0,11.07
1772918804.983001793,1,0,0.01
1772918806.006881867,0,0,11.07
1772918806.006881867,1,0,0.01
1772918807.030457092,0,68,11.07
1772918807.030457092,1,0,0.01
1772918808.053987529,0,67,11.07
1772918808.053987529,1,0,0.01
1772918809.078164576,0,0,11.07
1772918809.078164576,1,0,0.01
1772918810.101291410,0,0,11.07
1772918810.101291410,1,0,0.01
1772918811.125035112,0,0,11.07
1772918811.125035112,1,0,0.01
1772918812.147375033,0,0,11.07
1772918812.147375033,1,0,0.01
1772918813.170985919,0,71,11.07
1772918813.170985919,1,0,0.01
1772918814.193282430,0,71,11.07
1772918814.193282430,1,0,0.01
1772918815.215620796,0,0,11.07
1772918815.215620796,1,0,0.01
1772918816.239569971,0,61,11.07
1772918816.239569971,1,0,0.01
1772918817.263192066,0,61,11.07
1772918817.263192066,1,0,0.01
1772918818.287629507,0,0,11.07
1772918818.287629507,1,0,0.01
1772918819.312568657,0,0,11.07
1772918819.312568657,1,0,0.01
1772918820.336306357,0,0,11.07
1772918820.336306357,1,0,0.01
1772918821.359525369,0,0,11.07
1772918821.359525369,1,0,0.01
1772918822.383059914,0,0,11.07
1772918822.383059914,1,0,0.01
1772918823.405196160,0,0,11.07
1772918823.405196160,1,0,0.01
1772918824.428344820,0,0,11.07
1772918824.428344820,1,0,0.01
1772918825.451448524,0,68,11.07
1772918825.451448524,1,0,0.01
1772918826.474439930,0,67,11.07
1772918826.474439930,1,0,0.01
1772918827.497341079,0,1,11.07
1772918827.497341079,1,0,0.01
1772918828.519549790,0,0,11.07
1772918828.519549790,1,0,0.01
1772918829.542427374,0,0,11.07
1772918829.542427374,1,0,0.01
1772918830.565960250,0,0,11.07
1772918830.565960250,1,0,0.01
1772918831.589391966,0,0,11.07
1772918831.589391966,1,0,0.01
1772918832.611998074,0,0,11.07
1772918832.611998074,1,0,0.01
1772918833.634843605,0,0,11.07
1772918833.634843605,1,0,0.01
1772918834.657477771,0,0,11.07
1772918834.657477771,1,0,0.01
1772918835.680471094,0,0,11.07
1772918835.680471094,1,0,0.01
1772918836.702390762,0,0,11.07
1772918836.702390762,1,0,0.01
1772918837.725310546,0,0,11.07
1772918837.725310546,1,0,0.01
1772918838.747842143,0,0,11.07
1772918838.747842143,1,0,0.01
1772918839.771449070,0,0,11.07
1772918839.771449070,1,0,0.01
1772918840.794365037,0,0,11.07
1772918840.794365037,1,0,0.01
1772918841.818795453,0,0,11.07
1772918841.818795453,1,0,0.01
1772918842.842301676,0,0,11.07
1772918842.842301676,1,0,0.01
1772918843.864874377,0,0,11.07
1772918843.864874377,1,0,0.01
1772918844.887744028,0,0,11.07
1772918844.887744028,1,0,0.01
1772918845.910850544,0,0,11.07
1772918845.910850544,1,0,0.01
1772918846.934091643,0,65,11.07
1772918846.934091643,1,0,0.01
1772918847.958104129,0,66,11.07
1772918847.958104129,1,0,0.01
1772918848.979917952,0,0,11.07
1772918848.979917952,1,0,0.01
1772918850.003827970,0,0,11.07
1772918850.003827970,1,0,0.01
1772918851.027030858,0,0,11.07
1772918851.027030858,1,0,0.01
1772918852.050265477,0,0,11.07
1772918852.050265477,1,0,0.01
1772918853.073147571,0,71,11.07
1772918853.073147571,1,0,0.01
1772918854.096337763,0,99,11.07
1772918854.096337763,1,0,0.01
1772918855.119202790,0,99,11.07
1772918855.119202790,1,0,0.01
1772918856.142111567,0,67,11.07
1772918856.142111567,1,0,0.01
1772918857.164257589,0,0,11.07
1772918857.164257589,1,0,0.01
1772918858.186388127,0,0,11.07
1772918858.186388127,1,0,0.01
1772918859.208946120,0,1,11.07
1772918859.208946120,1,0,0.01
1772918860.230883472,0,0,11.07
1772918860.230883472,1,0,0.01
1772918861.253211693,0,0,11.07
1772918861.253211693,1,0,0.01
1772918862.275142210,0,0,11.07
1772918862.275142210,1,0,0.01
1772918863.297664038,0,0,11.07
1772918863.297664038,1,0,0.01
1772918864.319931512,0,0,11.07
1772918864.319931512,1,0,0.01
1772918865.343016601,0,0,11.07
1772918865.343016601,1,0,0.01
1772918866.364915213,0,0,11.07
1772918866.364915213,1,0,0.01
1772918867.387571224,0,0,11.07
1772918867.387571224,1,0,0.01
1772918868.410478178,0,0,11.07
1772918868.410478178,1,0,0.01
1772918869.431808284,0,0,11.07
1772918869.431808284,1,0,0.01
1772918870.453541129,0,0,11.07
1772918870.453541129,1,0,0.01
1772918871.474931568,0,0,11.07
1772918871.474931568,1,0,0.01
1772918872.497070923,0,0,11.07
1772918872.497070923,1,0,0.01
1772918873.518630713,0,0,11.07
1772918873.518630713,1,0,0.01
1772918874.541513013,0,0,11.07
1772918874.541513013,1,0,0.01
1772918875.562576869,0,67,11.07
1772918875.562576869,1,0,0.01
1772918876.585516429,0,69,11.07
1772918876.585516429,1,0,0.01
1772918877.608382230,0,0,11.07
1772918877.608382230,1,0,0.01
1772918878.630199552,0,68,11.07
1772918878.630199552,1,0,0.01
1772918879.652322180,0,67,11.07
1772918879.652322180,1,0,0.01
1772918880.674199086,0,0,11.07
1772918880.674199086,1,0,0.01
1772918881.695704518,0,0,11.07
1772918881.695704518,1,0,0.01
1772918882.717323842,0,72,11.07
1772918882.717323842,1,0,0.01
1772918883.739141055,0,99,11.07
1772918883.739141055,1,0,0.01
1772918884.761258822,0,68,11.07
1772918884.761258822,1,0,0.01
1772918885.783616503,0,0,11.07
1772918885.783616503,1,0,0.01
1772918886.805149775,0,0,11.07
1772918886.805149775,1,0,0.01
1772918887.826733822,0,0,11.07
1772918887.826733822,1,0,0.01
1772918888.848406585,0,0,11.07
1772918888.848406585,1,0,0.01
1772918889.870685623,0,0,11.07
1772918889.870685623,1,0,0.01
1772918890.892453530,0,0,11.07
1772918890.892453530,1,0,0.01
1772918891.912870963,0,0,11.07
1772918891.912870963,1,0,0.01
1772918892.934233073,0,0,11.07
1772918892.934233073,1,0,0.01
1772918893.956231806,0,0,11.07
1772918893.956231806,1,0,0.01
1772918894.976686571,0,0,11.07
1772918894.976686571,1,0,0.01
1772918895.998259703,0,0,11.07
1772918895.998259703,1,0,0.01
1772918897.019738886,0,70,11.07
1772918897.019738886,1,0,0.01
1772918898.042377708,0,68,11.07
1772918898.042377708,1,0,0.01
1772918899.064818296,0,0,11.07
1772918899.064818296,1,0,0.01
1772918900.086258719,0,0,11.07
1772918900.086258719,1,0,0.01
1772918901.108167515,0,0,11.07
1772918901.108167515,1,0,0.01
1772918902.130239640,0,0,11.07
1772918902.130239640,1,0,0.01
1772918903.152003733,0,0,11.07
1772918903.152003733,1,0,0.01
1772918904.173862693,0,0,11.07
1772918904.173862693,1,0,0.01
1772918905.195646493,0,45,11.07
1772918905.195646493,1,0,0.01
1772918906.217115100,0,69,11.07
1772918906.217115100,1,0,0.01
1772918907.238150458,0,0,11.07
1772918907.238150458,1,0,0.01
1772918908.260197934,0,0,11.07
1772918908.260197934,1,0,0.01
1772918909.282003876,0,0,11.07
1772918909.282003876,1,0,0.01
1772918910.303725562,0,0,11.07
1772918910.303725562,1,0,0.01
1772918911.325764800,0,0,11.07
1772918911.325764800,1,0,0.01
1772918912.347312063,0,0,11.07
1772918912.347312063,1,0,0.01
1772918913.368756929,0,0,11.07
1772918913.368756929,1,0,0.01
1772918914.389081083,0,0,11.07
1772918914.389081083,1,0,0.01
1772918915.411136189,0,0,11.07
1772918915.411136189,1,0,0.01
1772918916.431754084,0,0,11.07
1772918916.431754084,1,0,0.01
1772918917.453362356,0,0,11.07
1772918917.453362356,1,0,0.01
1772918918.475037790,0,0,11.07
1772918918.475037790,1,0,0.01
1772918919.497887678,0,0,11.07
1772918919.497887678,1,0,0.01
1772918920.519758574,0,0,11.07
1772918920.519758574,1,0,0.01
1772918921.542228390,0,0,11.07
1772918921.542228390,1,0,0.01
1772918922.563902198,0,0,11.07
1772918922.563902198,1,0,0.01
1772918923.585642545,0,41,11.07
1772918923.585642545,1,0,0.01
1772918924.607513994,0,69,11.07
1772918924.607513994,1,0,0.01
1772918925.629318884,0,0,11.07
1772918925.629318884,1,0,0.01
1772918926.651822452,0,0,11.07
1772918926.651822452,1,0,0.01
1772918927.673547591,0,0,11.07
1772918927.673547591,1,0,0.01
1772918928.695157086,0,0,11.07
1772918928.695157086,1,0,0.01
1772918929.715548637,0,0,11.07
1772918929.715548637,1,0,0.01
1772918930.736614658,0,0,11.07
1772918930.736614658,1,0,0.01
1772918931.758160220,0,0,11.07
1772918931.758160220,1,0,0.01
1772918932.779043530,0,0,11.07
1772918932.779043530,1,0,0.01
1772918933.800651936,0,0,11.07
1772918933.800651936,1,0,0.01
1772918934.821767801,0,0,11.07
1772918934.821767801,1,0,0.01
1772918935.843251245,0,0,11.07
1772918935.843251245,1,0,0.01
1772918936.864425095,0,0,11.07
1772918936.864425095,1,0,0.01
1772918937.886508202,0,68,11.08
1772918937.886508202,1,0,0.01
1772918938.908098680,0,68,11.08
1772918938.908098680,1,0,0.01
1772918939.929383758,0,66,11.08
1772918939.929383758,1,0,0.01
1772918940.951638538,0,68,11.08
1772918940.951638538,1,0,0.01
1772918941.973411580,0,0,11.08
1772918941.973411580,1,0,0.01
1772918942.994939252,0,0,11.08
1772918942.994939252,1,0,0.01
1772918944.016304305,0,0,11.08
1772918944.016304305,1,0,0.01
1772918945.037832829,0,0,11.08
1772918945.037832829,1,0,0.01
1772918946.059195551,0,0,11.08
1772918946.059195551,1,0,0.01
1772918947.079970443,0,0,11.08
1772918947.079970443,1,0,0.01
1772918948.102221564,0,0,11.08
1772918948.102221564,1,0,0.01
1772918949.123263438,0,0,11.08
1772918949.123263438,1,0,0.01
1772918950.144561608,0,71,11.08
1772918950.144561608,1,0,0.01
1772918951.166358675,0,71,11.08
1772918951.166358675,1,0,0.01
1772918952.187679818,0,0,11.08
1772918952.187679818,1,0,0.01
1772918953.209276234,0,0,11.08
1772918953.209276234,1,0,0.01
1772918954.231175664,0,68,11.08
1772918954.231175664,1,0,0.01
1772918955.252604426,0,68,11.08
1772918955.252604426,1,0,0.01
1772918956.273715983,0,0,11.08
1772918956.273715983,1,0,0.01
1772918957.295649062,0,0,11.08
1772918957.295649062,1,0,0.01
1772918958.316925599,0,0,11.08
1772918958.316925599,1,0,0.01
1772918959.338322207,0,0,11.08
1772918959.338322207,1,0,0.01
1772918960.360415227,0,0,11.08
1772918960.360415227,1,0,0.01
1772918961.381884171,0,0,11.08
1772918961.381884171,1,0,0.01
1772918962.404332741,0,0,11.08
1772918962.404332741,1,0,0.01
1772918963.425603847,0,0,11.08
1772918963.425603847,1,0,0.01
1772918964.447561098,0,0,11.08
1772918964.447561098,1,0,0.01
1772918965.468223380,0,0,11.08
1772918965.468223380,1,0,0.01
1772918966.488765216,0,0,11.08
1772918966.488765216,1,0,0.01
1772918967.509713177,0,0,11.08
1772918967.509713177,1,0,0.01
1772918968.532425039,0,0,11.08
1772918968.532425039,1,0,0.01
1772918969.554594862,0,0,11.08
1772918969.554594862,1,0,0.01
1772918970.576938381,0,0,11.08
1772918970.576938381,1,0,0.01
1772918971.597983163,0,0,11.08
1772918971.597983163,1,0,0.01
1772918972.619659502,0,0,11.08
1772918972.619659502,1,0,0.01
1772918973.641430135,0,0,11.08
1772918973.641430135,1,0,0.01
1772918974.663260423,0,0,11.08
1772918974.663260423,1,0,0.01
1772918975.684850496,0,0,11.08
1772918975.684850496,1,0,0.01
1772918976.706186818,0,0,11.08
1772918976.706186818,1,0,0.01
1772918977.728194123,0,70,11.08
1772918977.728194123,1,0,0.01
1772918978.749697283,0,71,11.08
1772918978.749697283,1,0,0.01
1772918979.771109213,0,69,11.08
1772918979.771109213,1,0,0.01
1772918980.793519723,0,67,11.08
1772918980.793519723,1,0,0.01
1772918981.815509288,0,0,11.08
1772918981.815509288,1,0,0.01
1772918982.837851315,0,0,11.08
1772918982.837851315,1,0,0.01
1772918983.859785715,0,0,11.08
1772918983.859785715,1,0,0.01
1772918984.881317553,0,0,11.08
1772918984.881317553,1,0,0.01
1772918985.902946593,0,70,11.08
1772918985.902946593,1,0,0.01
1772918986.926298617,0,69,11.08
1772918986.926298617,1,0,0.01
1772918987.947758490,0,0,11.08
1772918987.947758490,1,0,0.01
1772918988.969232150,0,0,11.08
1772918988.969232150,1,0,0.01
1772918989.991677537,0,0,11.08
1772918989.991677537,1,0,0.01
1772918991.013788203,0,73,11.08
1772918991.013788203,1,0,0.01
1772918992.037001580,0,71,11.08
1772918992.037001580,1,0,0.01
1772918993.059571244,0,0,11.08
1772918993.059571244,1,0,0.01
1772918994.082074781,0,0,11.08
1772918994.082074781,1,0,0.01
1772918995.105224803,0,0,11.08
1772918995.105224803,1,0,0.01
1772918996.128258455,0,1,11.08
1772918996.128258455,1,0,0.01
1772918997.150890199,0,21,11.08
1772918997.150890199,1,0,0.01
1772918998.173743628,0,99,11.08
1772918998.173743628,1,0,0.01
1772918999.196385404,0,99,11.08
1772918999.196385404,1,0,0.01
1772919000.219063911,0,94,11.08
1772919000.219063911,1,0,0.01
1772919001.241316925,0,0,11.08
1772919001.241316925,1,0,0.01
1772919002.264272426,0,0,11.08
1772919002.264272426,1,0,0.01
1772919003.287737249,0,0,11.08
1772919003.287737249,1,0,0.01
1772919004.310522777,0,0,11.08
1772919004.310522777,1,0,0.01
1772919005.333887263,0,0,11.08
1772919005.333887263,1,0,0.01
1772919006.356661218,0,0,11.08
1772919006.356661218,1,0,0.01
1772919007.379624371,0,0,11.08
1772919007.379624371,1,0,0.01
1772919008.402679423,0,0,11.08
1772919008.402679423,1,0,0.01
1772919009.425956789,0,69,11.08
1772919009.425956789,1,0,0.01
1772919010.448816672,0,69,11.08
1772919010.448816672,1,0,0.01
1772919011.472094287,0,0,11.08
1772919011.472094287,1,0,0.01
1772919012.493954094,0,0,11.08
1772919012.493954094,1,0,0.01
1772919013.516271820,0,0,11.08
1772919013.516271820,1,0,0.01
1772919014.538832321,0,0,11.08
1772919014.538832321,1,0,0.01
1772919015.561952293,0,0,11.08
1772919015.561952293,1,0,0.01
1772919016.584782828,0,34,11.08
1772919016.584782828,1,0,0.01
1772919017.608922307,0,69,11.08
1772919017.608922307,1,0,0.01
1772919018.633367080,0,34,11.08
1772919018.633367080,1,0,0.01
1772919019.656158074,0,0,11.08
1772919019.656158074,1,0,0.01
1772919020.679068648,0,0,11.08
1772919020.679068648,1,0,0.01
1772919021.701519361,0,0,11.08
1772919021.701519361,1,0,0.01
1772919022.724333123,0,0,11.08
1772919022.724333123,1,0,0.01
1772919023.746420086,0,0,11.08
1772919023.746420086,1,0,0.01
1772919024.769313409,0,0,11.08
1772919024.769313409,1,0,0.01
1772919025.791976750,0,0,11.08
1772919025.791976750,1,0,0.01
1772919026.814307008,0,0,11.08
1772919026.814307008,1,0,0.01
1772919027.838221405,0,0,11.08
1772919027.838221405,1,0,0.01
1772919028.861443134,0,0,11.08
1772919028.861443134,1,0,0.01
1772919029.883623913,0,0,11.08
1772919029.883623913,1,0,0.01
1772919030.906367519,0,0,11.08
1772919030.906367519,1,0,0.01
1772919031.929181521,0,0,11.08
1772919031.929181521,1,0,0.01
1772919032.952039019,0,6,11.08
1772919032.952039019,1,0,0.01
1772919033.975557557,0,67,11.08
1772919033.975557557,1,0,0.01
1772919034.998530353,0,67,11.08
1772919034.998530353,1,0,0.01
1772919036.021599902,0,0,11.08
1772919036.021599902,1,0,0.01
1772919037.044807709,0,0,11.08
1772919037.044807709,1,0,0.01
1772919038.068459918,0,0,11.08
1772919038.068459918,1,0,0.01
1772919039.092367407,0,0,11.08
1772919039.092367407,1,0,0.01
1772919040.115733427,0,99,11.08
1772919040.115733427,1,0,0.01
1772919041.139341613,0,99,11.08
1772919041.139341613,1,0,0.01
1772919042.162774238,0,99,11.08
1772919042.162774238,1,0,0.01
1772919043.186244837,0,0,11.08
1772919043.186244837,1,0,0.01
1772919044.209475678,0,0,11.08
1772919044.209475678,1,0,0.01
1772919045.232965075,0,64,11.08
1772919045.232965075,1,0,0.01
1772919046.257049448,0,64,11.08
1772919046.257049448,1,0,0.01
1772919047.280240455,0,0,11.08
1772919047.280240455,1,0,0.01
1772919048.303110678,0,0,11.08
1772919048.303110678,1,0,0.01
1772919049.325635797,0,0,11.08
1772919049.325635797,1,0,0.01
1772919050.348308641,0,0,11.08
1772919050.348308641,1,0,0.01
1772919051.372301593,0,0,11.08
1772919051.372301593,1,0,0.01
1772919052.395560406,0,0,11.08
1772919052.395560406,1,0,0.01
1772919053.419453453,0,0,11.08
1772919053.419453453,1,0,0.01
1772919054.442280942,0,0,11.08
1772919054.442280942,1,0,0.01
1772919055.466180085,0,65,11.08
1772919055.466180085,1,0,0.01
1772919056.488272374,0,64,11.08
1772919056.488272374,1,0,0.01
1772919057.511645948,0,0,11.08
1772919057.511645948,1,0,0.01
1772919058.534154780,0,0,11.08
1772919058.534154780,1,0,0.01
1772919059.556810048,0,0,11.08
1772919059.556810048,1,0,0.01
1772919060.580231506,0,0,11.08
1772919060.580231506,1,0,0.01
1772919061.601972777,0,9,11.08
1772919061.601972777,1,0,0.01
1772919062.624587896,0,67,11.08
1772919062.624587896,1,0,0.01
1772919063.647540233,0,50,11.08
1772919063.647540233,1,0,0.01
1772919064.670190641,0,0,11.08
1772919064.670190641,1,0,0.01
1772919065.693073039,0,69,11.08
1772919065.693073039,1,0,0.01
1772919066.715998585,0,38,11.08
1772919066.715998585,1,0,0.01
1772919067.738526250,0,0,11.08
1772919067.738526250,1,0,0.01
1772919068.762847020,0,0,11.08
1772919068.762847020,1,0,0.01
1772919069.786312185,0,0,11.08
1772919069.786312185,1,0,0.01
1772919070.808653976,0,0,11.08
1772919070.808653976,1,0,0.01
1772919071.831788082,0,0,11.08
1772919071.831788082,1,0,0.01
1772919072.855264570,0,0,11.08
1772919072.855264570,1,0,0.01
1772919073.878216578,0,0,11.08
1772919073.878216578,1,0,0.01
1772919074.901449923,0,0,11.08
1772919074.901449923,1,0,0.01
1772919075.924197851,0,34,11.08
1772919075.924197851,1,0,0.01
1772919076.947219949,0,67,11.08
1772919076.947219949,1,0,0.01
1772919077.969748894,0,35,11.08
1772919077.969748894,1,0,0.01
1772919078.992249974,0,0,11.08
1772919078.992249974,1,0,0.01
1772919080.014733686,0,0,11.08
1772919080.014733686,1,0,0.01
1772919081.037059613,0,0,11.08
1772919081.037059613,1,0,0.01
1772919082.059514604,0,0,11.08
1772919082.059514604,1,0,0.01
1772919083.081616656,0,0,11.08
1772919083.081616656,1,0,0.01
1772919084.102065853,0,70,11.08
1772919084.102065853,1,0,0.01
1772919085.122450502,0,99,11.08
1772919085.122450502,1,0,0.01
1772919086.143315598,0,99,11.08
1772919086.143315598,1,0,0.01
1772919087.165097743,0,69,11.08
1772919087.165097743,1,0,0.01
1772919088.186704054,0,0,11.08
1772919088.186704054,1,0,0.01
1772919089.208287160,0,0,11.08
1772919089.208287160,1,0,0.01
1772919090.229827181,0,0,11.08
1772919090.229827181,1,0,0.01
1772919091.250172565,0,0,11.08
1772919091.250172565,1,0,0.01
1772919092.270976485,0,0,11.08
1772919092.270976485,1,0,0.01
1772919093.292335575,0,0,11.08
1772919093.292335575,1,0,0.01
1772919094.314002255,0,0,11.08
1772919094.314002255,1,0,0.01
1772919095.335470143,0,0,11.08
1772919095.335470143,1,0,0.01
1772919096.355862915,0,1,11.08
1772919096.355862915,1,0,0.01
1772919097.377378715,0,0,11.08
1772919097.377378715,1,0,0.01
1772919098.399226327,0,0,11.08
1772919098.399226327,1,0,0.01
1772919099.421165815,0,0,11.08
1772919099.421165815,1,0,0.01
1772919100.441653205,0,0,11.08
1772919100.441653205,1,0,0.01
1772919101.463230870,0,0,11.08
1772919101.463230870,1,0,0.01
1772919102.485335653,0,0,11.08
1772919102.485335653,1,0,0.01
1772919103.506721855,0,99,11.08
1772919103.506721855,1,0,0.01
1772919104.528470601,0,99,11.08
1772919104.528470601,1,0,0.01
1772919105.550110042,0,99,11.08
1772919105.550110042,1,0,0.01
1772919106.571835089,0,99,11.08
1772919106.571835089,1,0,0.01
1772919107.593173378,0,64,11.08
1772919107.593173378,1,0,0.01
1772919108.614426170,0,42,11.08
1772919108.614426170,1,0,0.01
1772919109.635675721,0,72,11.08
1772919109.635675721,1,0,0.01
1772919110.657053887,0,13,11.08
1772919110.657053887,1,0,0.01
1772919111.678448181,0,0,11.08
1772919111.678448181,1,0,0.01
1772919112.699187018,0,70,11.08
1772919112.699187018,1,0,0.01
1772919113.721355302,0,69,11.08
1772919113.721355302,1,0,0.01
1772919114.742742360,0,0,11.08
1772919114.742742360,1,0,0.01
1772919115.764037483,0,67,11.08
1772919115.764037483,1,0,0.01
1772919116.785020434,0,67,11.08
1772919116.785020434,1,0,0.01
1772919117.807513466,0,0,11.08
1772919117.807513466,1,0,0.01
1772919118.828788885,0,0,11.08
1772919118.828788885,1,0,0.01
1772919119.849977080,0,0,11.08
1772919119.849977080,1,0,0.01
1772919120.872793463,0,0,11.08
1772919120.872793463,1,0,0.01
1772919121.894242886,0,0,11.08
1772919121.894242886,1,0,0.01
1772919122.915298324,0,0,11.08
1772919122.915298324,1,0,0.01
1772919123.937252229,0,0,11.08
1772919123.937252229,1,0,0.01
1772919124.959274422,0,0,11.08
1772919124.959274422,1,0,0.01
1772919125.980698272,0,0,11.08
1772919125.980698272,1,0,0.01
1772919127.002140901,0,0,11.08
1772919127.002140901,1,0,0.01
1772919128.023807513,0,0,11.08
1772919128.023807513,1,0,0.01
1772919129.045364510,0,0,11.08
1772919129.045364510,1,0,0.01
1772919130.067713933,0,0,11.09
1772919130.067713933,1,0,0.01
1772919131.089947224,0,67,11.09
1772919131.089947224,1,0,0.01
1772919132.111229752,0,24,11.09
1772919132.111229752,1,0,0.01
1772919133.133328833,0,0,11.09
1772919133.133328833,1,0,0.01
1772919134.155707981,0,0,11.09
1772919134.155707981,1,0,0.01
1772919135.177807242,0,0,11.09
1772919135.177807242,1,0,0.01
1772919136.200025485,0,0,11.09
1772919136.200025485,1,0,0.01
1772919137.221356942,0,0,11.09
1772919137.221356942,1,0,0.01
1772919138.242870811,0,0,11.09
1772919138.242870811,1,0,0.01
1772919139.264710160,0,0,11.09
1772919139.264710160,1,0,0.01
1772919140.286692766,0,0,11.09
1772919140.286692766,1,0,0.01
1772919141.307055821,0,0,11.09
1772919141.307055821,1,0,0.01
1772919142.328541211,0,0,11.09
1772919142.328541211,1,0,0.01
1772919143.348915718,0,0,11.09
1772919143.348915718,1,0,0.01
1772919144.371004916,0,0,11.09
1772919144.371004916,1,0,0.01
1772919145.392865128,0,0,11.09
1772919145.392865128,1,0,0.01
1772919146.414131116,0,0,11.09
1772919146.414131116,1,0,0.01
1772919147.434506842,0,0,11.09
1772919147.434506842,1,0,0.01
1772919148.456218930,0,0,11.09
1772919148.456218930,1,0,0.01
1772919149.477697036,0,0,11.09
1772919149.477697036,1,0,0.01
1772919150.500150178,0,0,11.09
1772919150.500150178,1,0,0.01
1772919151.520337251,0,0,11.09
1772919151.520337251,1,0,0.01
1772919152.542411917,0,69,11.09
1772919152.542411917,1,0,0.01
1772919153.564783933,0,68,11.09
1772919153.564783933,1,0,0.01
1772919154.586893354,0,0,11.09
1772919154.586893354,1,0,0.01
1772919155.608844466,0,0,11.09
1772919155.608844466,1,0,0.01
1772919156.630386846,0,0,11.09
1772919156.630386846,1,0,0.01
1772919157.652681010,0,0,11.09
1772919157.652681010,1,0,0.01
1772919158.673027485,0,0,11.09
1772919158.673027485,1,0,0.01
1772919159.693939168,0,66,11.09
1772919159.693939168,1,0,0.01
1772919160.714808986,0,67,11.09
1772919160.714808986,1,0,0.01
1772919161.735583333,0,0,11.09
1772919161.735583333,1,0,0.01
1772919162.755937514,0,0,11.09
1772919162.755937514,1,0,0.01
1772919163.777941475,0,0,11.09
1772919163.777941475,1,0,0.01
1772919164.798133296,0,0,11.09
1772919164.798133296,1,0,0.01
1772919165.819836790,0,0,11.09
1772919165.819836790,1,0,0.01
1772919166.841220698,0,0,11.09
1772919166.841220698,1,0,0.01
1772919167.862368071,0,0,11.09
1772919167.862368071,1,0,0.01
1772919168.882749119,0,0,11.09
1772919168.882749119,1,0,0.01
1772919169.904145471,0,0,11.09
1772919169.904145471,1,0,0.01
1772919170.925791598,0,0,11.09
1772919170.925791598,1,0,0.01
1772919171.946234299,0,0,11.09
1772919171.946234299,1,0,0.01
1772919172.968381731,0,0,11.09
1772919172.968381731,1,0,0.01
1772919173.990902331,0,67,11.09
1772919173.990902331,1,0,0.01
1772919175.012700185,0,67,11.09
1772919175.012700185,1,0,0.01
1772919176.035730297,0,0,11.09
1772919176.035730297,1,0,0.01
1772919177.057910915,0,0,11.09
1772919177.057910915,1,0,0.01
1772919178.079118612,0,0,11.09
1772919178.079118612,1,0,0.01
1772919179.100462308,0,1,11.09
1772919179.100462308,1,0,0.01
1772919180.122119493,0,0,11.09
1772919180.122119493,1,0,0.01
1772919181.142263315,0,0,11.09
1772919181.142263315,1,0,0.01
1772919182.163877883,0,0,11.09
1772919182.163877883,1,0,0.01
1772919183.184320720,0,0,11.09
1772919183.184320720,1,0,0.01
1772919184.206269376,0,67,11.09
1772919184.206269376,1,0,0.01
1772919185.228850594,0,72,11.09
1772919185.228850594,1,0,0.01
1772919186.250750167,0,0,11.09
1772919186.250750167,1,0,0.01
1772919187.272767647,0,36,11.09
1772919187.272767647,1,0,0.01
1772919188.294387159,0,70,11.09
1772919188.294387159,1,0,0.01
1772919189.316117845,0,0,11.09
1772919189.316117845,1,0,0.01
1772919190.336444314,0,64,11.09
1772919190.336444314,1,0,0.01
1772919191.357661216,0,65,11.09
1772919191.357661216,1,0,0.01
1772919192.379454465,0,0,11.09
1772919192.379454465,1,0,0.01
1772919193.401433832,0,0,11.09
1772919193.401433832,1,0,0.01
1772919194.422777324,0,0,11.09
1772919194.422777324,1,0,0.01
1772919195.444187114,0,0,11.09
1772919195.444187114,1,0,0.01
1772919196.465780539,0,66,11.09
1772919196.465780539,1,0,0.01
1772919197.487902957,0,99,11.09
1772919197.487902957,1,0,0.01
1772919198.508632590,0,96,11.09
1772919198.508632590,1,0,0.01
1772919199.530368169,0,60,11.09
1772919199.530368169,1,0,0.01
1772919200.551759496,0,0,11.09
1772919200.551759496,1,0,0.01
1772919201.571812795,0,0,11.09
1772919201.571812795,1,0,0.01
1772919202.593386431,0,0,11.09
1772919202.593386431,1,0,0.01
1772919203.614255312,0,0,11.09
1772919203.614255312,1,0,0.01
1772919204.636341378,0,0,11.09
1772919204.636341378,1,0,0.01
1772919205.657763583,0,0,11.09
1772919205.657763583,1,0,0.01
1772919206.678739789,0,69,11.09
1772919206.678739789,1,0,0.01
1772919207.700261225,0,69,11.09
1772919207.700261225,1,0,0.01
1772919208.720504219,0,0,11.09
1772919208.720504219,1,0,0.01
1772919209.740705689,0,0,11.09
1772919209.740705689,1,0,0.01
1772919210.762156734,0,7,11.09
1772919210.762156734,1,0,0.01
1772919211.783999468,0,67,11.09
1772919211.783999468,1,0,0.01
1772919212.805822209,0,57,11.09
1772919212.805822209,1,0,0.01
1772919213.827174905,0,0,11.09
1772919213.827174905,1,0,0.01
1772919214.848514197,0,0,11.09
1772919214.848514197,1,0,0.01
1772919215.868681692,0,0,11.09
1772919215.868681692,1,0,0.01
1772919216.890209827,0,0,11.09
1772919216.890209827,1,0,0.01
1772919217.911232026,0,0,11.09
1772919217.911232026,1,0,0.01
1772919218.933224884,0,0,11.09
1772919218.933224884,1,0,0.01
1772919219.954293216,0,67,11.09
1772919219.954293216,1,0,0.01
1772919220.976226432,0,47,11.09
1772919220.976226432,1,0,0.01
1772919221.998104132,0,1,11.09
1772919221.998104132,1,0,0.01
1772919223.019384154,0,0,11.09
1772919223.019384154,1,0,0.01
1772919224.040469883,0,69,11.09
1772919224.040469883,1,0,0.01
1772919225.061601468,0,68,11.09
1772919225.061601468,1,0,0.01
1772919226.083818163,0,0,11.09
1772919226.083818163,1,0,0.01
1772919227.104564681,0,0,11.09
1772919227.104564681,1,0,0.01
1772919228.124962246,0,0,11.09
1772919228.124962246,1,0,0.01
1772919229.145204491,0,0,11.09
1772919229.145204491,1,0,0.01
1772919230.166644498,0,0,11.09
1772919230.166644498,1,0,0.01
1772919231.187795385,0,0,11.09
1772919231.187795385,1,0,0.01
1772919232.208961366,0,69,11.09
1772919232.208961366,1,0,0.01
1772919233.230850675,0,69,11.09
1772919233.230850675,1,0,0.01
1772919234.253157172,0,0,11.09
1772919234.253157172,1,0,0.01
1772919235.274320642,0,0,11.09
1772919235.274320642,1,0,0.01
1772919236.295274314,0,68,11.09
1772919236.295274314,1,0,0.01
1772919237.317756673,0,68,11.09
1772919237.317756673,1,0,0.01
1772919238.340441110,0,0,11.09
1772919238.340441110,1,0,0.01
1772919239.362293705,0,0,11.09
1772919239.362293705,1,0,0.01
1772919240.384314480,0,0,11.09
1772919240.384314480,1,0,0.01
1772919241.405672697,0,0,11.09
1772919241.405672697,1,0,0.01
1772919242.427613860,0,0,11.09
1772919242.427613860,1,0,0.01
1772919243.449441658,0,51,11.09
1772919243.449441658,1,0,0.01
1772919244.471220595,0,70,11.09
1772919244.471220595,1,0,0.01
1772919245.492357880,0,23,11.09
1772919245.492357880,1,0,0.01
1772919246.514072638,0,0,11.09
1772919246.514072638,1,0,0.01
1772919247.535313745,0,0,11.09
1772919247.535313745,1,0,0.01
1772919248.557161352,0,0,11.09
1772919248.557161352,1,0,0.01
1772919249.578625401,0,0,11.09
1772919249.578625401,1,0,0.01
1772919250.600862207,0,0,11.09
1772919250.600862207,1,0,0.01
1772919251.621158459,0,0,11.09
1772919251.621158459,1,0,0.01
1772919252.642405750,0,0,11.09
1772919252.642405750,1,0,0.01
1772919253.663896501,0,0,11.09
1772919253.663896501,1,0,0.01
1772919254.685278963,0,66,11.09
1772919254.685278963,1,0,0.01
1772919255.706413697,0,67,11.09
1772919255.706413697,1,0,0.01
1772919256.727597926,0,0,11.09
1772919256.727597926,1,0,0.01
1772919257.748988174,0,0,11.09
1772919257.748988174,1,0,0.01
1772919258.770918962,0,0,11.09
1772919258.770918962,1,0,0.01
1772919259.792923536,0,0,11.09
1772919259.792923536,1,0,0.01
1772919260.814214339,0,5,11.09
1772919260.814214339,1,0,0.01
1772919261.836159109,0,69,11.09
1772919261.836159109,1,0,0.01
1772919262.858445047,0,48,11.09
1772919262.858445047,1,0,0.01
1772919263.879987219,0,0,11.09
1772919263.879987219,1,0,0.01
1772919264.900160458,0,0,11.09
1772919264.900160458,1,0,0.01
1772919265.921529279,0,0,11.09
1772919265.921529279,1,0,0.01
1772919266.942790303,0,0,11.09
1772919266.942790303,1,0,0.01
1772919267.964010631,0,68,11.09
1772919267.964010631,1,0,0.01
1772919268.986247489,0,99,11.09
1772919268.986247489,1,0,0.01
1772919270.007146192,0,99,11.09
1772919270.007146192,1,0,0.01
1772919271.029655513,0,68,11.09
1772919271.029655513,1,0,0.01
1772919272.051456097,0,0,11.09
1772919272.051456097,1,0,0.01
1772919273.073185506,0,0,11.09
1772919273.073185506,1,0,0.01
1772919274.094785168,0,68,11.09
1772919274.094785168,1,0,0.01
1772919275.116119243,0,68,11.09
1772919275.116119243,1,0,0.01
1772919276.137582275,0,0,11.09
1772919276.137582275,1,0,0.01
1772919277.159325495,0,0,11.09
1772919277.159325495,1,0,0.01
1772919278.180469625,0,0,11.09
1772919278.180469625,1,0,0.01
1772919279.201484925,0,0,11.09
1772919279.201484925,1,0,0.01
1772919280.223519917,0,1,11.09
1772919280.223519917,1,0,0.01
1772919281.244106017,0,1,11.09
1772919281.244106017,1,0,0.01
1772919282.265193352,0,0,11.09
1772919282.265193352,1,0,0.01
1772919283.286413198,0,0,11.09
1772919283.286413198,1,0,0.01
1772919284.307748266,0,0,11.09
1772919284.307748266,1,0,0.01
1772919285.329211562,0,0,11.09
1772919285.329211562,1,0,0.01
1772919286.350612435,0,0,11.09
1772919286.350612435,1,0,0.01
1772919287.372370705,0,1,11.09
1772919287.372370705,1,0,0.01
1772919288.394242496,0,0,11.09
1772919288.394242496,1,0,0.01
1772919289.415424039,0,0,11.09
1772919289.415424039,1,0,0.01
1772919290.436771550,0,0,11.09
1772919290.436771550,1,0,0.01
1772919291.458134595,0,0,11.09
1772919291.458134595,1,0,0.01
1772919292.480013693,0,0,11.09
1772919292.480013693,1,0,0.01
1772919293.502541429,0,0,11.09
1772919293.502541429,1,0,0.01
1772919294.524104163,0,0,11.09
1772919294.524104163,1,0,0.01
1772919295.545893799,0,0,11.09
1772919295.545893799,1,0,0.01
1772919296.567243836,0,0,11.09
1772919296.567243836,1,0,0.01
1772919297.588925311,0,0,11.09
1772919297.588925311,1,0,0.01
1772919298.610360887,0,0,11.09
1772919298.610360887,1,0,0.01
1772919299.631721774,0,0,11.09
1772919299.631721774,1,0,0.01
1772919300.653653508,0,1,11.09
1772919300.653653508,1,0,0.01
1772919301.674916929,0,0,11.09
1772919301.674916929,1,0,0.01
1772919302.696871960,0,0,11.09
1772919302.696871960,1,0,0.01
1772919303.719041067,0,0,11.09
1772919303.719041067,1,0,0.01
1772919304.740225056,0,0,11.09
1772919304.740225056,1,0,0.01
1772919305.762355749,0,0,11.09
1772919305.762355749,1,0,0.01
1772919306.785847384,0,69,9.86
1772919306.785847384,1,0,0.01
1772919307.806916088,0,69,9.86
1772919307.806916088,1,0,0.01
1772919308.827780240,0,71,9.86
1772919308.827780240,1,0,0.01
1772919309.850161912,0,70,9.86
1772919309.850161912,1,0,0.01
1772919310.871977111,0,0,9.86
1772919310.871977111,1,0,0.01
1772919311.894150898,0,0,9.86
1772919311.894150898,1,0,0.01
1772919312.914605807,0,0,9.86
1772919312.914605807,1,0,0.01
1772919313.936486986,0,62,9.86
1772919313.936486986,1,0,0.01
1772919314.959233106,0,65,9.86
1772919314.959233106,1,0,0.01
1772919315.981787830,0,0,9.86
1772919315.981787830,1,0,0.01
1772919317.002447191,0,0,9.86
1772919317.002447191,1,0,0.01
1772919318.023519676,0,0,9.86
1772919318.023519676,1,0,0.01
1772919319.046679494,0,0,8.62
1772919319.046679494,1,0,0.01
1772919320.067952021,0,0,9.57
1772919320.067952021,1,0,0.01
1772919321.089034672,0,0,9.57
1772919321.089034672,1,0,0.01
1772919322.110828022,0,0,9.57
1772919322.110828022,1,0,0.01
1772919323.132212584,0,0,9.58
1772919323.132212584,1,0,0.01
1772919324.154271123,0,1,9.58
1772919324.154271123,1,0,0.01
1772919325.176219645,0,0,9.58
1772919325.176219645,1,0,0.01
1772919326.198499553,0,0,9.58
1772919326.198499553,1,0,0.01
1772919327.220884220,0,0,9.58
1772919327.220884220,1,0,0.01
1772919328.242919530,0,0,9.58
1772919328.242919530,1,0,0.01
1772919329.265159392,0,0,9.58
1772919329.265159392,1,0,0.01
1772919330.287537235,0,0,9.58
1772919330.287537235,1,0,0.01
1772919331.310145796,0,0,9.58
1772919331.310145796,1,0,0.01
1772919332.331949652,0,0,9.58
1772919332.331949652,1,0,0.01
1772919333.353902953,0,0,9.58
1772919333.353902953,1,0,0.01
1772919334.375319378,0,0,9.58
1772919334.375319378,1,0,0.01
1772919335.396623862,0,32,9.58
1772919335.396623862,1,0,0.01
1772919336.418492194,0,68,9.58
1772919336.418492194,1,0,0.01
1772919337.440494066,0,0,9.58
1772919337.440494066,1,0,0.01
1772919338.462935362,0,0,9.58
1772919338.462935362,1,0,0.01
1772919339.485554826,0,0,9.58
1772919339.485554826,1,0,0.01
1772919340.506263195,0,0,9.58
1772919340.506263195,1,0,0.01
1772919341.527533411,0,0,9.58
1772919341.527533411,1,0,0.01
1772919342.548206672,0,0,9.58
1772919342.548206672,1,0,0.01
1772919343.569451872,0,0,9.58
1772919343.569451872,1,0,0.01
1772919344.591182632,0,0,9.58
1772919344.591182632,1,0,0.01
1772919345.612834075,0,0,9.58
1772919345.612834075,1,0,0.01
1772919346.634412337,0,0,9.58
1772919346.634412337,1,0,0.01
1772919347.656743511,0,69,9.58
1772919347.656743511,1,0,0.01
1772919348.678609546,0,68,9.58
1772919348.678609546,1,0,0.01
1772919349.700194814,0,0,9.58
1772919349.700194814,1,0,0.01
1772919350.720678179,0,0,9.58
1772919350.720678179,1,0,0.01
1772919351.742282301,0,0,9.58
1772919351.742282301,1,0,0.01
1772919352.764458299,0,0,9.58
1772919352.764458299,1,0,0.01
1772919353.786264165,0,0,9.58
1772919353.786264165,1,0,0.01
1772919354.807275555,0,0,9.58
1772919354.807275555,1,0,0.01
1772919355.829170381,0,0,9.58
1772919355.829170381,1,0,0.01
1772919356.850831533,0,0,9.58
1772919356.850831533,1,0,0.01
1772919357.872388399,0,99,9.58
1772919357.872388399,1,0,0.01
1772919358.894222203,0,99,9.58
1772919358.894222203,1,0,0.01
1772919359.916496175,0,99,9.58
1772919359.916496175,1,0,0.01
1772919360.939009534,0,88,9.58
1772919360.939009534,1,0,0.01
1772919361.961548414,0,0,9.58
1772919361.961548414,1,0,0.01
1772919362.983148993,0,0,9.58
1772919362.983148993,1,0,0.01
1772919364.005032369,0,0,9.58
1772919364.005032369,1,0,0.01
1772919365.026371122,0,0,9.58
1772919365.026371122,1,0,0.01
1772919366.048826777,0,0,9.58
1772919366.048826777,1,0,0.01
1772919367.070462171,0,0,9.58
1772919367.070462171,1,0,0.01
1772919368.092258947,0,0,9.58
1772919368.092258947,1,0,0.01
1772919369.114738667,0,0,8.34
1772919369.114738667,1,0,0.01
1772919370.136206781,0,0,8.34
1772919370.136206781,1,0,0.01
1772919371.157748207,0,70,8.53
1772919371.157748207,1,0,0.01
1772919372.177751224,0,99,8.62
1772919372.177751224,1,0,0.01
1772919373.199277948,0,55,8.62
1772919373.199277948,1,0,0.01
1772919374.221236483,0,58,8.62
1772919374.221236483,1,0,0.01
1772919375.243142706,0,0,8.62
1772919375.243142706,1,0,0.01
1772919376.264861543,0,66,8.62
1772919376.264861543,1,0,0.01
1772919377.286677024,0,65,8.62
1772919377.286677024,1,0,0.01
1772919378.309626489,0,0,8.62
1772919378.309626489,1,0,0.01
1772919379.331246383,0,0,8.62
1772919379.331246383,1,0,0.01
1772919380.354019668,0,0,8.62
1772919380.354019668,1,0,0.01
1772919381.374641598,0,0,8.62
1772919381.374641598,1,0,0.01
1772919382.396462527,0,0,8.62
1772919382.396462527,1,0,0.01
1772919383.418286668,0,0,8.62
1772919383.418286668,1,0,0.01
1772919384.440105975,0,0,8.62
1772919384.440105975,1,0,0.01
1772919385.462015454,0,0,8.62
1772919385.462015454,1,0,0.01
1772919386.485041039,0,0,8.62
1772919386.485041039,1,0,0.01
1772919387.507147111,0,0,8.62
1772919387.507147111,1,0,0.01
1772919388.529186390,0,0,8.62
1772919388.529186390,1,0,0.01
1772919389.552027849,0,0,8.62
1772919389.552027849,1,0,0.01
1772919390.575427875,0,0,8.62
1772919390.575427875,1,0,0.01
1772919391.598305728,0,0,8.62
1772919391.598305728,1,0,0.01
1772919392.620643239,0,0,8.62
1772919392.620643239,1,0,0.01
1772919393.642869272,0,0,8.62
1772919393.642869272,1,0,0.01
1772919394.664865605,0,0,8.62
1772919394.664865605,1,0,0.01
1772919395.687855068,0,0,8.62
1772919395.687855068,1,0,0.01
1772919396.709989036,0,0,8.62
1772919396.709989036,1,0,0.01
1772919397.733593940,0,0,8.62
1772919397.733593940,1,0,0.01
1772919398.756734394,0,0,7.39
1772919398.756734394,1,0,0.01
1772919399.778856452,0,0,7.39
1772919399.778856452,1,0,0.01
1772919400.801542567,0,0,7.39
1772919400.801542567,1,0,0.01
1772919401.823690017,0,0,7.39
1772919401.823690017,1,0,0.01
1772919402.846183300,0,0,7.39
1772919402.846183300,1,0,0.01
1772919403.868614296,0,0,7.39
1772919403.868614296,1,0,0.01
1772919404.890469022,0,0,7.39
1772919404.890469022,1,0,0.01
1772919405.912075457,0,0,7.39
1772919405.912075457,1,0,0.01
1772919406.934131016,0,0,7.39
1772919406.934131016,1,0,0.01
1772919407.957258147,0,0,7.39
1772919407.957258147,1,0,0.01
1772919408.980429594,0,0,7.39
1772919408.980429594,1,0,0.01
1772919410.003403393,0,0,7.39
1772919410.003403393,1,0,0.01
1772919411.025989314,0,0,7.39
1772919411.025989314,1,0,0.01
1772919412.048037802,0,70,7.40
1772919412.048037802,1,0,0.01
1772919413.071899968,0,68,7.40
1772919413.071899968,1,0,0.01
1772919414.094616148,0,0,7.40
1772919414.094616148,1,0,0.01
1772919415.118387570,0,0,7.40
1772919415.118387570,1,0,0.01
1772919416.141661906,0,0,6.16
1772919416.141661906,1,0,0.01
1772919417.164510849,0,0,6.16
1772919417.164510849,1,0,0.01
1772919418.188227443,0,0,6.16
1772919418.188227443,1,0,0.01
1772919419.211714878,0,0,6.16
1772919419.211714878,1,0,0.01
1772919420.235279738,0,0,6.16
1772919420.235279738,1,0,0.01
1772919421.259606842,0,0,6.16
1772919421.259606842,1,0,0.01
1772919422.282259071,0,0,6.16
1772919422.282259071,1,0,0.01
1772919423.305089623,0,0,6.16
1772919423.305089623,1,0,0.01
1772919424.329065015,0,0,6.16
1772919424.329065015,1,0,0.01
1772919425.352930465,0,0,6.16
1772919425.352930465,1,0,0.01
1772919426.375944571,0,0,6.16
1772919426.375944571,1,0,0.01
1772919427.398784680,0,0,6.16
1772919427.398784680,1,0,0.01
1772919428.421090084,0,0,6.16
1772919428.421090084,1,0,0.01
1772919429.443623934,0,0,6.16
1772919429.443623934,1,0,0.01
1772919430.466136862,0,0,6.16
1772919430.466136862,1,0,0.01
1772919431.489504874,0,0,6.16
1772919431.489504874,1,0,0.01
1772919432.513379988,0,0,6.16
1772919432.513379988,1,0,0.01
1772919433.536824761,0,0,6.16
1772919433.536824761,1,0,0.01
1772919434.560542228,0,0,6.16
1772919434.560542228,1,0,0.01
1772919435.583241398,0,0,6.16
1772919435.583241398,1,0,0.01
1772919436.605886060,0,0,6.16
1772919436.605886060,1,0,0.01
1772919437.628582672,0,0,6.16
1772919437.628582672,1,0,0.01
1772919438.652058211,0,0,6.16
1772919438.652058211,1,0,0.01
1772919439.674817780,0,0,6.16
1772919439.674817780,1,0,0.01
1772919440.698585662,0,0,6.16
1772919440.698585662,1,0,0.01
1772919441.721749443,0,0,6.16
1772919441.721749443,1,0,0.01
1772919442.744101994,0,0,6.16
1772919442.744101994,1,0,0.01
1772919443.766500851,0,0,6.16
1772919443.766500851,1,0,0.01
1772919444.788805428,0,0,6.16
1772919444.788805428,1,0,0.01
1772919445.811822687,0,0,6.16
1772919445.811822687,1,0,0.01
1772919446.834848147,0,0,6.16
1772919446.834848147,1,0,0.01
1772919447.857217663,0,0,6.16
1772919447.857217663,1,0,0.01
1772919448.879683997,0,0,6.16
1772919448.879683997,1,0,0.01
1772919449.902898965,0,0,6.16
1772919449.902898965,1,0,0.01
1772919450.927755864,0,0,6.16
1772919450.927755864,1,0,0.01
1772919451.950322886,0,0,6.16
1772919451.950322886,1,0,0.01
1772919452.972964795,0,0,6.16
1772919452.972964795,1,0,0.01
1772919453.995374826,0,0,6.16
1772919453.995374826,1,0,0.01
1772919455.017530591,0,0,6.16
1772919455.017530591,1,0,0.01
1772919456.039731885,0,0,6.16
1772919456.039731885,1,0,0.01
1772919457.062133866,0,0,6.16
1772919457.062133866,1,0,0.01
1772919458.084491001,0,0,6.16
1772919458.084491001,1,0,0.01
1772919459.107267262,0,0,6.16
1772919459.107267262,1,0,0.01
1772919460.130289102,0,0,6.16
1772919460.130289102,1,0,0.01
1772919461.153286248,0,71,6.16
1772919461.153286248,1,0,0.01
1772919462.176036467,0,71,6.16
1772919462.176036467,1,0,0.01
1772919463.199571352,0,0,6.16
1772919463.199571352,1,0,0.01
1772919464.221675993,0,0,6.16
1772919464.221675993,1,0,0.01
1772919465.245427816,0,0,6.16
1772919465.245427816,1,0,0.01
1772919466.267968500,0,70,6.16
1772919466.267968500,1,0,0.01
1772919467.293319187,0,70,6.16
1772919467.293319187,1,0,0.01
1772919468.315967097,0,0,6.16
1772919468.315967097,1,0,0.01
1772919469.337825901,0,0,6.16
1772919469.337825901,1,0,0.01
1772919470.360371110,0,0,6.16
1772919470.360371110,1,0,0.01
1772919471.382885657,0,0,6.16
1772919471.382885657,1,0,0.01
1772919472.406072323,0,1,6.16
1772919472.406072323,1,0,0.01
1772919473.429315554,0,0,6.16
1772919473.429315554,1,0,0.01
1772919474.451746572,0,0,6.16
1772919474.451746572,1,0,0.01
1772919475.474282675,0,0,6.16
1772919475.474282675,1,0,0.01
1772919476.496773180,0,0,6.16
1772919476.496773180,1,0,0.01
1772919477.519387705,0,0,6.16
1772919477.519387705,1,0,0.01
1772919478.542577886,0,0,6.16
1772919478.542577886,1,0,0.01
1772919479.565477055,0,0,6.16
1772919479.565477055,1,0,0.01
1772919480.587071162,0,0,6.16
1772919480.587071162,1,0,0.01
1772919481.609080220,0,0,6.16
1772919481.609080220,1,0,0.01
1772919482.632115497,0,0,6.16
1772919482.632115497,1,0,0.01
1772919483.655181298,0,0,6.16
1772919483.655181298,1,0,0.01
1772919484.677508807,0,0,6.16
1772919484.677508807,1,0,0.01
1772919485.700026272,0,0,6.16
1772919485.700026272,1,0,0.01
1772919486.722962952,0,0,6.16
1772919486.722962952,1,0,0.01
1772919487.745607113,0,0,6.16
1772919487.745607113,1,0,0.01
1772919488.768732682,0,0,6.16
1772919488.768732682,1,0,0.01
1772919489.790922159,0,11,6.16
1772919489.790922159,1,0,0.01
1772919490.813713245,0,67,6.16
1772919490.813713245,1,0,0.01
1772919491.837489295,0,0,6.16
1772919491.837489295,1,0,0.01
1772919492.860214474,0,0,6.16
1772919492.860214474,1,0,0.01
1772919493.882798985,0,62,6.16
1772919493.882798985,1,0,0.01
1772919494.905142241,0,62,6.16
1772919494.905142241,1,0,0.01
1772919495.928184902,0,0,6.16
1772919495.928184902,1,0,0.01
1772919496.951062990,0,0,6.16
1772919496.951062990,1,0,0.01
1772919497.974280059,0,0,6.16
1772919497.974280059,1,0,0.01
1772919498.996861391,0,0,6.16
1772919498.996861391,1,0,0.01
1772919500.020156093,0,0,6.16
1772919500.020156093,1,0,0.01
1772919501.043243490,0,70,6.16
1772919501.043243490,1,0,0.01
1772919502.065552889,0,30,6.16
1772919502.065552889,1,0,0.01
1772919503.087767157,0,0,6.16
1772919503.087767157,1,0,0.01
1772919504.110070544,0,0,6.16
1772919504.110070544,1,0,0.01
1772919505.133047878,0,0,6.16
1772919505.133047878,1,0,0.01
1772919506.155141465,0,0,6.16
1772919506.155141465,1,0,0.01
1772919507.177219260,0,0,6.16
1772919507.177219260,1,0,0.01
1772919508.200235416,0,0,6.16
1772919508.200235416,1,0,0.01
1772919509.222444436,0,0,6.16
1772919509.222444436,1,0,0.01
1772919510.244625141,0,0,6.16
1772919510.244625141,1,0,0.01
1772919511.266938517,0,0,6.16
1772919511.266938517,1,0,0.01
1772919512.289863048,0,0,6.16
1772919512.289863048,1,0,0.01
1772919513.312473377,0,0,6.16
1772919513.312473377,1,0,0.01
1772919514.334557413,0,0,6.16
1772919514.334557413,1,0,0.01
1772919515.357318789,0,0,6.16
1772919515.357318789,1,0,0.01
1772919516.379812627,0,0,4.93
1772919516.379812627,1,0,0.01
1772919517.403678268,0,0,4.93
1772919517.403678268,1,0,0.01
1772919518.426478506,0,0,4.93
1772919518.426478506,1,0,0.01
1772919519.449060383,0,0,4.93
1772919519.449060383,1,0,0.01
1772919520.472061129,0,0,4.93
1772919520.472061129,1,0,0.01
1772919521.494653862,0,0,4.93
1772919521.494653862,1,0,0.01
1772919522.517301888,0,0,4.93
1772919522.517301888,1,0,0.01
1772919523.539100887,0,0,4.93
1772919523.539100887,1,0,0.01
1772919524.561449138,0,0,4.93
1772919524.561449138,1,0,0.01
1772919525.583575754,0,0,4.93
1772919525.583575754,1,0,0.01
1772919526.605387018,0,0,4.93
1772919526.605387018,1,0,0.01
1772919527.627409878,0,0,4.93
1772919527.627409878,1,0,0.01
1772919528.649596711,0,0,4.93
1772919528.649596711,1,0,0.01
1772919529.670980701,0,0,4.93
1772919529.670980701,1,0,0.01
1772919530.693189827,0,0,4.93
1772919530.693189827,1,0,0.01
1772919531.715105565,0,0,4.93
1772919531.715105565,1,0,0.01
1772919532.738064951,0,0,4.93
1772919532.738064951,1,0,0.01
1772919533.761672744,0,0,3.70
1772919533.761672744,1,0,0.01
1772919534.783928590,0,0,3.70
1772919534.783928590,1,0,0.01
1772919535.807447716,0,70,3.70
1772919535.807447716,1,0,0.01
1772919536.830100577,0,70,3.70
1772919536.830100577,1,0,0.01
1772919537.852219315,0,0,3.70
1772919537.852219315,1,0,0.01
1772919538.875637290,0,0,3.70
1772919538.875637290,1,0,0.01
1772919539.897196169,0,0,3.70
1772919539.897196169,1,0,0.01
1772919540.920683653,0,0,3.70
1772919540.920683653,1,0,0.01
1772919541.942644468,0,0,3.70
1772919541.942644468,1,0,0.01
1772919542.965019896,0,0,3.70
1772919542.965019896,1,0,0.01
1772919543.987679829,0,0,3.70
1772919543.987679829,1,0,0.01
1772919545.009830803,0,0,3.70
1772919545.009830803,1,0,0.01
1772919546.031657829,0,0,3.70
1772919546.031657829,1,0,0.01
1772919547.053448845,0,0,3.70
1772919547.053448845,1,0,0.01
1772919548.075073633,0,0,3.70
1772919548.075073633,1,0,0.01
1772919549.097104013,0,0,3.70
1772919549.097104013,1,0,0.01
