timestamp,idx,gpu_util_pct,mem_used_pct
1772916855.852789276,0,0,9.84
1772916855.852789276,1,0,0.01
1772916856.875748714,0,0,9.84
1772916856.875748714,1,0,0.01
1772916857.898807758,0,0,9.89
1772916857.898807758,1,0,0.01
1772916858.922732714,0,0,10.78
1772916858.922732714,1,0,0.01
1772916859.945381537,0,0,10.79
1772916859.945381537,1,0,0.01
1772916860.967639490,0,0,10.79
1772916860.967639490,1,0,0.01
1772916861.990176394,0,0,10.79
1772916861.990176394,1,0,0.01
1772916863.012834266,0,0,10.79
1772916863.012834266,1,0,0.01
1772916864.034990081,0,0,10.79
1772916864.034990081,1,0,0.01
1772916865.057547051,0,0,10.79
1772916865.057547051,1,0,0.01
1772916866.080592137,0,0,10.79
1772916866.080592137,1,0,0.01
1772916867.103599725,0,0,10.79
1772916867.103599725,1,0,0.01
1772916868.126829368,0,0,10.79
1772916868.126829368,1,0,0.01
1772916869.149961588,0,0,10.79
1772916869.149961588,1,0,0.01
1772916870.172371300,0,0,10.79
1772916870.172371300,1,0,0.01
1772916871.194950835,0,0,10.79
1772916871.194950835,1,0,0.01
1772916872.217485835,0,0,10.79
1772916872.217485835,1,0,0.01
1772916873.239720788,0,0,10.79
1772916873.239720788,1,0,0.01
1772916874.262163752,0,0,10.79
1772916874.262163752,1,0,0.01
1772916875.284988231,0,0,10.79
1772916875.284988231,1,0,0.01
1772916876.307393415,0,0,10.79
1772916876.307393415,1,0,0.01
1772916877.329880579,0,0,10.79
1772916877.329880579,1,0,0.01
1772916878.352496583,0,0,10.79
1772916878.352496583,1,0,0.01
1772916879.374475859,0,99,10.80
1772916879.374475859,1,0,0.01
1772916880.397065519,0,99,10.80
1772916880.397065519,1,0,0.01
1772916881.419960870,0,99,10.80
1772916881.419960870,1,0,0.01
1772916882.442750660,0,0,10.80
1772916882.442750660,1,0,0.01
1772916883.465116302,0,0,10.80
1772916883.465116302,1,0,0.01
1772916884.486535258,0,0,10.80
1772916884.486535258,1,0,0.01
1772916885.509149308,0,0,10.80
1772916885.509149308,1,0,0.01
1772916886.531557845,0,0,10.80
1772916886.531557845,1,0,0.01
1772916887.554598876,0,0,10.80
1772916887.554598876,1,0,0.01
1772916888.577323672,0,0,10.80
1772916888.577323672,1,0,0.01
1772916889.599813968,0,0,10.80
1772916889.599813968,1,0,0.01
1772916890.622637552,0,66,10.80
1772916890.622637552,1,0,0.01
1772916891.645400141,0,67,10.80
1772916891.645400141,1,0,0.01
1772916892.667984706,0,0,10.80
1772916892.667984706,1,0,0.01
1772916893.690587921,0,0,10.80
1772916893.690587921,1,0,0.01
1772916894.712766374,0,0,10.80
1772916894.712766374,1,0,0.01
1772916895.735482241,0,0,10.80
1772916895.735482241,1,0,0.01
1772916896.758341854,0,0,10.80
1772916896.758341854,1,0,0.01
1772916897.781100677,0,0,9.56
1772916897.781100677,1,0,0.01
1772916898.804106597,0,0,9.56
1772916898.804106597,1,0,0.01
1772916899.827824350,0,0,9.56
1772916899.827824350,1,0,0.01
1772916900.850650125,0,0,9.56
1772916900.850650125,1,0,0.01
1772916901.873312979,0,67,10.51
1772916901.873312979,1,0,0.01
1772916902.895655223,0,63,10.51
1772916902.895655223,1,0,0.01
1772916903.918677901,0,0,10.52
1772916903.918677901,1,0,0.01
1772916904.940279873,0,0,10.52
1772916904.940279873,1,0,0.01
1772916905.962691937,0,0,10.52
1772916905.962691937,1,0,0.01
1772916906.984910637,0,59,10.52
1772916906.984910637,1,0,0.01
1772916908.006742735,0,62,10.52
1772916908.006742735,1,0,0.01
1772916909.029166411,0,0,10.52
1772916909.029166411,1,0,0.01
1772916910.052342861,0,52,10.79
1772916910.052342861,1,0,0.01
1772916911.074885507,0,57,10.79
1772916911.074885507,1,0,0.01
1772916912.097715828,0,15,10.79
1772916912.097715828,1,0,0.01
1772916913.119136383,0,59,10.79
1772916913.119136383,1,0,0.01
1772916914.141267053,0,59,10.79
1772916914.141267053,1,0,0.01
1772916915.163219325,0,0,10.79
1772916915.163219325,1,0,0.01
1772916916.185019230,0,0,10.79
1772916916.185019230,1,0,0.01
1772916917.207641289,0,0,10.79
1772916917.207641289,1,0,0.01
1772916918.230359380,0,0,10.79
1772916918.230359380,1,0,0.01
1772916919.253773598,0,0,10.79
1772916919.253773598,1,0,0.01
1772916920.275307862,0,59,10.79
1772916920.275307862,1,0,0.01
1772916921.298214530,0,59,10.79
1772916921.298214530,1,0,0.01
1772916922.321105142,0,0,10.79
1772916922.321105142,1,0,0.01
1772916923.342962933,0,0,10.79
1772916923.342962933,1,0,0.01
1772916924.365552531,0,0,10.79
1772916924.365552531,1,0,0.01
1772916925.388607277,0,0,10.79
1772916925.388607277,1,0,0.01
1772916926.411294389,0,0,10.79
1772916926.411294389,1,0,0.01
1772916927.433364719,0,0,9.56
1772916927.433364719,1,0,0.01
1772916928.456155754,0,0,9.56
1772916928.456155754,1,0,0.01
1772916929.479218868,0,0,9.56
1772916929.479218868,1,0,0.01
1772916930.501224327,0,0,9.56
1772916930.501224327,1,0,0.01
1772916931.523589679,0,0,9.56
1772916931.523589679,1,0,0.01
1772916932.546802859,0,0,10.50
1772916932.546802859,1,0,0.01
1772916933.568698323,0,0,10.51
1772916933.568698323,1,0,0.01
1772916934.591236913,0,3,10.51
1772916934.591236913,1,0,0.01
1772916935.613219060,0,64,10.51
1772916935.613219060,1,0,0.01
1772916936.635190559,0,0,10.51
1772916936.635190559,1,0,0.01
1772916937.656770848,0,0,10.51
1772916937.656770848,1,0,0.01
1772916938.679164602,0,0,10.51
1772916938.679164602,1,0,0.01
1772916939.700789927,0,0,10.51
1772916939.700789927,1,0,0.01
1772916940.723346300,0,0,10.51
1772916940.723346300,1,0,0.01
1772916941.744825393,0,0,10.51
1772916941.744825393,1,0,0.01
1772916942.768057545,0,0,10.51
1772916942.768057545,1,0,0.01
1772916943.790188039,0,0,10.51
1772916943.790188039,1,0,0.01
1772916944.812542074,0,0,10.51
1772916944.812542074,1,0,0.01
1772916945.835544988,0,0,10.51
1772916945.835544988,1,0,0.01
1772916946.857826214,0,0,10.51
1772916946.857826214,1,0,0.01
1772916947.879354933,0,0,10.51
1772916947.879354933,1,0,0.01
1772916948.901592536,0,0,10.51
1772916948.901592536,1,0,0.01
1772916949.923955553,0,0,10.51
1772916949.923955553,1,0,0.01
1772916950.946421926,0,0,10.51
1772916950.946421926,1,0,0.01
1772916951.969137149,0,70,10.78
1772916951.969137149,1,0,0.01
1772916952.992788954,0,99,10.78
1772916952.992788954,1,0,0.01
1772916954.015014935,0,57,10.78
1772916954.015014935,1,0,0.01
1772916955.038147018,0,0,10.78
1772916955.038147018,1,0,0.01
1772916956.060538117,0,0,10.78
1772916956.060538117,1,0,0.01
1772916957.082923972,0,0,10.78
1772916957.082923972,1,0,0.01
1772916958.104308395,0,0,10.78
1772916958.104308395,1,0,0.01
1772916959.126789325,0,62,10.78
1772916959.126789325,1,0,0.01
1772916960.150025893,0,99,10.78
1772916960.150025893,1,0,0.01
1772916961.172610098,0,99,10.78
1772916961.172610098,1,0,0.01
1772916962.195083048,0,52,10.78
1772916962.195083048,1,0,0.01
1772916963.217406001,0,0,10.78
1772916963.217406001,1,0,0.01
1772916964.239974557,0,0,10.78
1772916964.239974557,1,0,0.01
1772916965.261338741,0,59,10.78
1772916965.261338741,1,0,0.01
1772916966.284397062,0,58,10.78
1772916966.284397062,1,0,0.01
1772916967.306694179,0,0,10.78
1772916967.306694179,1,0,0.01
1772916968.328979771,0,64,10.78
1772916968.328979771,1,0,0.01
1772916969.351958036,0,65,10.78
1772916969.351958036,1,0,0.01
1772916970.374212782,0,0,10.78
1772916970.374212782,1,0,0.01
1772916971.395616094,0,0,10.78
1772916971.395616094,1,0,0.01
1772916972.418175158,0,0,10.78
1772916972.418175158,1,0,0.01
1772916973.440488073,0,0,10.78
1772916973.440488073,1,0,0.01
1772916974.463035444,0,0,10.78
1772916974.463035444,1,0,0.01
1772916975.484900301,0,0,10.78
1772916975.484900301,1,0,0.01
1772916976.507184055,0,0,10.78
1772916976.507184055,1,0,0.01
1772916977.529658065,0,0,10.78
1772916977.529658065,1,0,0.01
1772916978.552428273,0,0,10.78
1772916978.552428273,1,0,0.01
1772916979.575213793,0,0,10.78
1772916979.575213793,1,0,0.01
1772916980.597846168,0,0,10.78
1772916980.597846168,1,0,0.01
1772916981.619288626,0,68,11.06
1772916981.619288626,1,0,0.01
1772916982.641986221,0,99,11.06
1772916982.641986221,1,0,0.01
1772916983.664819327,0,99,11.06
1772916983.664819327,1,0,0.01
1772916984.688290690,0,4,11.06
1772916984.688290690,1,0,0.01
1772916985.709911528,0,0,11.06
1772916985.709911528,1,0,0.01
1772916986.732250492,0,0,11.06
1772916986.732250492,1,0,0.01
1772916987.754766572,0,0,11.06
1772916987.754766572,1,0,0.01
1772916988.777510454,0,0,11.06
1772916988.777510454,1,0,0.01
1772916989.799854975,0,99,11.06
1772916989.799854975,1,0,0.01
1772916990.822406008,0,99,11.06
1772916990.822406008,1,0,0.01
1772916991.844971280,0,99,11.06
1772916991.844971280,1,0,0.01
1772916992.868250297,0,0,11.06
1772916992.868250297,1,0,0.01
1772916993.891416719,0,0,11.06
1772916993.891416719,1,0,0.01
1772916994.913503406,0,0,11.06
1772916994.913503406,1,0,0.01
1772916995.935919385,0,0,11.06
1772916995.935919385,1,0,0.01
1772916996.958289570,0,0,11.06
1772916996.958289570,1,0,0.01
1772916997.980597236,0,0,11.06
1772916997.980597236,1,0,0.01
1772916999.003841261,0,0,11.06
1772916999.003841261,1,0,0.01
1772917000.026109789,0,0,11.06
1772917000.026109789,1,0,0.01
1772917001.049020633,0,0,11.06
1772917001.049020633,1,0,0.01
1772917002.071709223,0,99,11.06
1772917002.071709223,1,0,0.01
1772917003.094196595,0,99,11.06
1772917003.094196595,1,0,0.01
1772917004.117318668,0,99,11.06
1772917004.117318668,1,0,0.01
1772917005.140186214,0,0,11.06
1772917005.140186214,1,0,0.01
1772917006.162453640,0,0,11.06
1772917006.162453640,1,0,0.01
1772917007.184888492,0,0,11.06
1772917007.184888492,1,0,0.01
1772917008.207481970,0,0,11.06
1772917008.207481970,1,0,0.01
1772917009.230027691,0,66,11.06
1772917009.230027691,1,0,0.01
1772917010.253580509,0,66,11.06
1772917010.253580509,1,0,0.01
1772917011.275867867,0,0,11.06
1772917011.275867867,1,0,0.01
1772917012.298392273,0,0,11.06
1772917012.298392273,1,0,0.01
1772917013.320735248,0,0,11.06
1772917013.320735248,1,0,0.01
1772917014.343290291,0,0,11.06
1772917014.343290291,1,0,0.01
1772917015.364996248,0,68,11.06
1772917015.364996248,1,0,0.01
1772917016.387842468,0,68,11.06
1772917016.387842468,1,0,0.01
1772917017.409479260,0,0,11.06
1772917017.409479260,1,0,0.01
1772917018.432033793,0,0,11.06
1772917018.432033793,1,0,0.01
1772917019.453599812,0,1,11.06
1772917019.453599812,1,0,0.01
1772917020.476230060,0,0,11.06
1772917020.476230060,1,0,0.01
1772917021.498572556,0,0,11.06
1772917021.498572556,1,0,0.01
1772917022.520869507,0,0,11.06
1772917022.520869507,1,0,0.01
1772917023.543422910,0,0,11.06
1772917023.543422910,1,0,0.01
1772917024.565858867,0,0,11.06
1772917024.565858867,1,0,0.01
1772917025.588312383,0,0,11.06
1772917025.588312383,1,0,0.01
1772917026.611230519,0,0,11.06
1772917026.611230519,1,0,0.01
1772917027.634540422,0,59,11.06
1772917027.634540422,1,0,0.01
1772917028.657260837,0,60,11.06
1772917028.657260837,1,0,0.01
1772917029.679380083,0,0,11.06
1772917029.679380083,1,0,0.01
1772917030.701830809,0,0,11.06
1772917030.701830809,1,0,0.01
1772917031.724215041,0,0,11.06
1772917031.724215041,1,0,0.01
1772917032.747104196,0,0,11.06
1772917032.747104196,1,0,0.01
1772917033.769659947,0,0,11.06
1772917033.769659947,1,0,0.01
1772917034.792088160,0,65,11.06
1772917034.792088160,1,0,0.01
1772917035.814493095,0,99,11.06
1772917035.814493095,1,0,0.01
1772917036.837796837,0,99,11.06
1772917036.837796837,1,0,0.01
1772917037.860573045,0,72,11.06
1772917037.860573045,1,0,0.01
1772917038.882569975,0,0,11.06
1772917038.882569975,1,0,0.01
1772917039.904852687,0,0,11.06
1772917039.904852687,1,0,0.01
1772917040.926425150,0,0,11.06
1772917040.926425150,1,0,0.01
1772917041.948993880,0,0,11.06
1772917041.948993880,1,0,0.01
1772917042.971356466,0,0,11.06
1772917042.971356466,1,0,0.01
1772917043.993953448,0,0,11.06
1772917043.993953448,1,0,0.01
1772917045.015560125,0,0,11.06
1772917045.015560125,1,0,0.01
1772917046.038249165,0,0,11.06
1772917046.038249165,1,0,0.01
1772917047.060769942,0,0,11.06
1772917047.060769942,1,0,0.01
1772917048.083142229,0,66,11.06
1772917048.083142229,1,0,0.01
1772917049.105521654,0,64,11.06
1772917049.105521654,1,0,0.01
1772917050.127787842,0,0,11.06
1772917050.127787842,1,0,0.01
1772917051.150624870,0,0,11.06
1772917051.150624870,1,0,0.01
1772917052.173194074,0,0,11.06
1772917052.173194074,1,0,0.01
1772917053.195747073,0,0,11.06
1772917053.195747073,1,0,0.01
1772917054.218199111,0,1,11.06
1772917054.218199111,1,0,0.01
1772917055.240582315,0,0,11.06
1772917055.240582315,1,0,0.01
1772917056.263039866,0,72,11.06
1772917056.263039866,1,0,0.01
1772917057.286274600,0,72,11.06
1772917057.286274600,1,0,0.01
1772917058.308756912,0,0,11.06
1772917058.308756912,1,0,0.01
1772917059.331408634,0,0,11.06
1772917059.331408634,1,0,0.01
1772917060.353689002,0,0,11.06
1772917060.353689002,1,0,0.01
1772917061.376158774,0,0,11.06
1772917061.376158774,1,0,0.01
1772917062.399250329,0,0,11.06
1772917062.399250329,1,0,0.01
1772917063.421739844,0,62,11.06
1772917063.421739844,1,0,0.01
1772917064.444931436,0,62,11.06
1772917064.444931436,1,0,0.01
1772917065.467401233,0,1,11.06
1772917065.467401233,1,0,0.01
1772917066.489314029,0,0,11.06
1772917066.489314029,1,0,0.01
1772917067.512268276,0,0,11.06
1772917067.512268276,1,0,0.01
1772917068.534614407,0,0,11.06
1772917068.534614407,1,0,0.01
1772917069.557537110,0,0,11.06
1772917069.557537110,1,0,0.01
1772917070.579953499,0,0,11.06
1772917070.579953499,1,0,0.01
1772917071.602241164,0,0,11.06
1772917071.602241164,1,0,0.01
1772917072.624612501,0,0,11.06
1772917072.624612501,1,0,0.01
1772917073.646475910,0,0,11.06
1772917073.646475910,1,0,0.01
1772917074.669656062,0,64,11.06
1772917074.669656062,1,0,0.01
1772917075.691821617,0,64,11.06
1772917075.691821617,1,0,0.01
1772917076.714205126,0,0,11.06
1772917076.714205126,1,0,0.01
1772917077.737244710,0,0,11.06
1772917077.737244710,1,0,0.01
1772917078.759907288,0,67,11.06
1772917078.759907288,1,0,0.01
1772917079.783503882,0,68,11.06
1772917079.783503882,1,0,0.01
1772917080.805870134,0,0,11.06
1772917080.805870134,1,0,0.01
1772917081.828305021,0,0,11.06
1772917081.828305021,1,0,0.01
1772917082.850192068,0,11,11.06
1772917082.850192068,1,0,0.01
1772917083.872549765,0,68,11.06
1772917083.872549765,1,0,0.01
1772917084.894987583,0,0,11.06
1772917084.894987583,1,0,0.01
1772917085.918002810,0,0,11.06
1772917085.918002810,1,0,0.01
1772917086.940259512,0,0,11.06
1772917086.940259512,1,0,0.01
1772917087.963289098,0,0,11.06
1772917087.963289098,1,0,0.01
1772917088.985364997,0,0,11.06
1772917088.985364997,1,0,0.01
1772917090.007236678,0,0,11.06
1772917090.007236678,1,0,0.01
1772917091.028920058,0,0,11.06
1772917091.028920058,1,0,0.01
1772917092.051853771,0,0,11.06
1772917092.051853771,1,0,0.01
1772917093.074338031,0,0,11.06
1772917093.074338031,1,0,0.01
1772917094.096776752,0,0,11.06
1772917094.096776752,1,0,0.01
1772917095.119254406,0,0,11.06
1772917095.119254406,1,0,0.01
1772917096.142243076,0,0,11.06
1772917096.142243076,1,0,0.01
1772917097.165269986,0,68,11.06
1772917097.165269986,1,0,0.01
1772917098.187796022,0,67,11.06
1772917098.187796022,1,0,0.01
1772917099.209576735,0,0,11.06
1772917099.209576735,1,0,0.01
1772917100.232673886,0,0,11.06
1772917100.232673886,1,0,0.01
1772917101.254306216,0,0,11.06
1772917101.254306216,1,0,0.01
1772917102.276221770,0,0,11.06
1772917102.276221770,1,0,0.01
1772917103.298694757,0,0,11.06
1772917103.298694757,1,0,0.01
1772917104.321214774,0,0,11.06
1772917104.321214774,1,0,0.01
1772917105.344674259,0,63,11.06
1772917105.344674259,1,0,0.01
1772917106.367171124,0,64,11.06
1772917106.367171124,1,0,0.01
1772917107.389859722,0,0,11.06
1772917107.389859722,1,0,0.01
1772917108.412977029,0,0,11.06
1772917108.412977029,1,0,0.01
1772917109.435714398,0,0,11.06
1772917109.435714398,1,0,0.01
1772917110.457532146,0,0,11.06
1772917110.457532146,1,0,0.01
1772917111.480484251,0,0,11.06
1772917111.480484251,1,0,0.01
1772917112.502276387,0,0,11.06
1772917112.502276387,1,0,0.01
1772917113.525424990,0,0,11.06
1772917113.525424990,1,0,0.01
1772917114.547592226,0,0,11.06
1772917114.547592226,1,0,0.01
1772917115.570126100,0,0,11.06
1772917115.570126100,1,0,0.01
1772917116.591800055,0,0,11.06
1772917116.591800055,1,0,0.01
1772917117.614155686,0,60,11.06
1772917117.614155686,1,0,0.01
1772917118.636765471,0,54,11.06
1772917118.636765471,1,0,0.01
1772917119.659168510,0,0,11.06
1772917119.659168510,1,0,0.01
1772917120.681675610,0,66,11.06
1772917120.681675610,1,0,0.01
1772917121.704274433,0,66,11.06
1772917121.704274433,1,0,0.01
1772917122.726989094,0,0,11.06
1772917122.726989094,1,0,0.01
1772917123.749988796,0,65,11.06
1772917123.749988796,1,0,0.01
1772917124.772798025,0,65,11.06
1772917124.772798025,1,0,0.01
1772917125.795573621,0,0,11.06
1772917125.795573621,1,0,0.01
1772917126.817896320,0,0,11.06
1772917126.817896320,1,0,0.01
1772917127.840481922,0,0,11.06
1772917127.840481922,1,0,0.01
1772917128.862961947,0,0,11.06
1772917128.862961947,1,0,0.01
1772917129.885288145,0,0,11.06
1772917129.885288145,1,0,0.01
1772917130.906866857,0,0,11.06
1772917130.906866857,1,0,0.01
1772917131.929151720,0,67,11.06
1772917131.929151720,1,0,0.01
1772917132.951631952,0,74,11.06
1772917132.951631952,1,0,0.01
1772917133.973749393,0,67,11.06
1772917133.973749393,1,0,0.01
1772917134.996214705,0,61,11.06
1772917134.996214705,1,0,0.01
1772917136.018386890,0,0,11.06
1772917136.018386890,1,0,0.01
1772917137.040854812,0,0,11.06
1772917137.040854812,1,0,0.01
1772917138.063322482,0,0,11.06
1772917138.063322482,1,0,0.01
1772917139.085938168,0,67,11.06
1772917139.085938168,1,0,0.01
1772917140.108538040,0,55,11.06
1772917140.108538040,1,0,0.01
1772917141.131740287,0,69,11.06
1772917141.131740287,1,0,0.01
1772917142.154218385,0,67,11.06
1772917142.154218385,1,0,0.01
1772917143.176414861,0,0,11.06
1772917143.176414861,1,0,0.01
1772917144.198873699,0,0,11.06
1772917144.198873699,1,0,0.01
1772917145.221649685,0,0,11.06
1772917145.221649685,1,0,0.01
1772917146.244265694,0,0,11.06
1772917146.244265694,1,0,0.01
1772917147.266711877,0,61,11.06
1772917147.266711877,1,0,0.01
1772917148.289836353,0,99,11.06
1772917148.289836353,1,0,0.01
1772917149.312697079,0,99,11.06
1772917149.312697079,1,0,0.01
1772917150.335405057,0,99,11.06
1772917150.335405057,1,0,0.01
1772917151.358228150,0,99,11.06
1772917151.358228150,1,0,0.01
1772917152.381435290,0,0,11.06
1772917152.381435290,1,0,0.01
1772917153.403987773,0,0,11.06
1772917153.403987773,1,0,0.01
1772917154.427022265,0,0,11.06
1772917154.427022265,1,0,0.01
1772917155.448766979,0,0,11.06
1772917155.448766979,1,0,0.01
1772917156.471339541,0,67,11.06
1772917156.471339541,1,0,0.01
1772917157.493399683,0,67,11.06
1772917157.493399683,1,0,0.01
1772917158.516551738,0,0,11.06
1772917158.516551738,1,0,0.01
1772917159.539123482,0,0,11.06
1772917159.539123482,1,0,0.01
1772917160.561654290,0,0,11.06
1772917160.561654290,1,0,0.01
1772917161.584141245,0,0,11.06
1772917161.584141245,1,0,0.01
1772917162.607265701,0,0,11.06
1772917162.607265701,1,0,0.01
1772917163.629499264,0,0,11.06
1772917163.629499264,1,0,0.01
1772917164.651845444,0,0,11.06
1772917164.651845444,1,0,0.01
1772917165.673704258,0,0,11.06
1772917165.673704258,1,0,0.01
1772917166.696175628,0,0,11.06
1772917166.696175628,1,0,0.01
1772917167.718845635,0,0,11.06
1772917167.718845635,1,0,0.01
1772917168.741246370,0,0,11.06
1772917168.741246370,1,0,0.01
1772917169.764099198,0,0,11.06
1772917169.764099198,1,0,0.01
1772917170.786409085,0,62,11.06
1772917170.786409085,1,0,0.01
1772917171.808107863,0,62,11.06
1772917171.808107863,1,0,0.01
1772917172.830746397,0,0,11.06
1772917172.830746397,1,0,0.01
1772917173.852640073,0,0,11.06
1772917173.852640073,1,0,0.01
1772917174.875220090,0,0,11.06
1772917174.875220090,1,0,0.01
1772917175.898471240,0,0,11.06
1772917175.898471240,1,0,0.01
1772917176.920808849,0,0,11.06
1772917176.920808849,1,0,0.01
1772917177.942545392,0,0,11.06
1772917177.942545392,1,0,0.01
1772917178.965698377,0,0,11.06
1772917178.965698377,1,0,0.01
1772917179.988665186,0,0,11.06
1772917179.988665186,1,0,0.01
1772917181.010888403,0,70,11.06
1772917181.010888403,1,0,0.01
1772917182.033612119,0,70,11.06
1772917182.033612119,1,0,0.01
1772917183.056267598,0,0,11.06
1772917183.056267598,1,0,0.01
1772917184.078970962,0,0,11.06
1772917184.078970962,1,0,0.01
1772917185.101812028,0,0,11.06
1772917185.101812028,1,0,0.01
1772917186.124943286,0,0,11.06
1772917186.124943286,1,0,0.01
1772917187.147530091,0,0,11.06
1772917187.147530091,1,0,0.01
1772917188.170168433,0,0,11.06
1772917188.170168433,1,0,0.01
1772917189.193363109,0,0,11.06
1772917189.193363109,1,0,0.01
1772917190.216376677,0,0,11.06
1772917190.216376677,1,0,0.01
1772917191.240200251,0,0,11.06
1772917191.240200251,1,0,0.01
1772917192.263448229,0,0,11.06
1772917192.263448229,1,0,0.01
1772917193.286533858,0,0,11.06
1772917193.286533858,1,0,0.01
1772917194.309004288,0,0,11.06
1772917194.309004288,1,0,0.01
1772917195.331586036,0,0,11.06
1772917195.331586036,1,0,0.01
1772917196.354537206,0,0,11.06
1772917196.354537206,1,0,0.01
1772917197.378584657,0,1,11.06
1772917197.378584657,1,0,0.01
1772917198.402673560,0,0,11.06
1772917198.402673560,1,0,0.01
1772917199.425540227,0,0,11.06
1772917199.425540227,1,0,0.01
1772917200.449441300,0,0,11.06
1772917200.449441300,1,0,0.01
1772917201.472597150,0,63,11.06
1772917201.472597150,1,0,0.01
1772917202.494850263,0,63,11.06
1772917202.494850263,1,0,0.01
1772917203.517271031,0,0,11.06
1772917203.517271031,1,0,0.01
1772917204.540929726,0,0,11.06
1772917204.540929726,1,0,0.01
1772917205.563860806,0,0,11.06
1772917205.563860806,1,0,0.01
1772917206.586090798,0,69,11.06
1772917206.586090798,1,0,0.01
1772917207.608748193,0,99,11.06
1772917207.608748193,1,0,0.01
1772917208.631948515,0,71,11.06
1772917208.631948515,1,0,0.01
1772917209.654223883,0,6,11.06
1772917209.654223883,1,0,0.01
1772917210.678425109,0,0,11.06
1772917210.678425109,1,0,0.01
1772917211.701189276,0,0,11.06
1772917211.701189276,1,0,0.01
1772917212.723952063,0,0,11.06
1772917212.723952063,1,0,0.01
1772917213.746792671,0,0,11.06
1772917213.746792671,1,0,0.01
1772917214.770160091,0,0,11.06
1772917214.770160091,1,0,0.01
1772917215.794240328,0,0,11.06
1772917215.794240328,1,0,0.01
1772917216.816968058,0,0,11.06
1772917216.816968058,1,0,0.01
1772917217.842501842,0,0,11.06
1772917217.842501842,1,0,0.01
1772917218.864690080,0,68,11.06
1772917218.864690080,1,0,0.01
1772917219.887514991,0,68,11.06
1772917219.887514991,1,0,0.01
1772917220.910321146,0,96,11.06
1772917220.910321146,1,0,0.01
1772917221.933467854,0,63,11.06
1772917221.933467854,1,0,0.01
1772917222.956422513,0,0,11.06
1772917222.956422513,1,0,0.01
1772917223.979249957,0,0,11.06
1772917223.979249957,1,0,0.01
1772917225.002512660,0,0,11.06
1772917225.002512660,1,0,0.01
1772917226.025277391,0,0,11.06
1772917226.025277391,1,0,0.01
1772917227.048270246,0,64,11.06
1772917227.048270246,1,0,0.01
1772917228.071677076,0,99,11.06
1772917228.071677076,1,0,0.01
1772917229.095946559,0,99,11.06
1772917229.095946559,1,0,0.01
1772917230.118929672,0,63,11.06
1772917230.118929672,1,0,0.01
1772917231.141559509,0,0,11.06
1772917231.141559509,1,0,0.01
1772917232.164046413,0,0,11.06
1772917232.164046413,1,0,0.01
1772917233.186543571,0,0,11.06
1772917233.186543571,1,0,0.01
1772917234.209998318,0,0,11.06
1772917234.209998318,1,0,0.01
1772917235.232670708,0,0,11.06
1772917235.232670708,1,0,0.01
1772917236.255042504,0,0,11.06
1772917236.255042504,1,0,0.01
1772917237.278554051,0,0,11.06
1772917237.278554051,1,0,0.01
1772917238.301562168,0,0,11.06
1772917238.301562168,1,0,0.01
1772917239.324359032,0,0,11.06
1772917239.324359032,1,0,0.01
1772917240.347640735,0,26,11.06
1772917240.347640735,1,0,0.01
1772917241.371945849,0,61,11.06
1772917241.371945849,1,0,0.01
1772917242.395865433,0,99,11.06
1772917242.395865433,1,0,0.01
1772917243.419121912,0,68,11.06
1772917243.419121912,1,0,0.01
1772917244.442716054,0,12,11.06
1772917244.442716054,1,0,0.01
1772917245.465596702,0,0,11.06
1772917245.465596702,1,0,0.01
1772917246.488120801,0,95,11.06
1772917246.488120801,1,0,0.01
1772917247.511605654,0,100,11.06
1772917247.511605654,1,0,0.01
1772917248.535051065,0,100,11.06
1772917248.535051065,1,0,0.01
1772917249.557894090,0,100,11.06
1772917249.557894090,1,0,0.01
1772917250.580947525,0,100,11.06
1772917250.580947525,1,0,0.01
1772917251.604356603,0,0,11.06
1772917251.604356603,1,0,0.01
1772917252.627809061,0,0,11.06
1772917252.627809061,1,0,0.01
1772917253.650380989,0,0,11.06
1772917253.650380989,1,0,0.01
1772917254.674003519,0,0,11.06
1772917254.674003519,1,0,0.01
1772917255.696741565,0,0,11.06
1772917255.696741565,1,0,0.01
1772917256.719500601,0,1,11.06
1772917256.719500601,1,0,0.01
1772917257.742800904,0,0,11.06
1772917257.742800904,1,0,0.01
1772917258.766268795,0,0,11.06
1772917258.766268795,1,0,0.01
1772917259.790635354,0,60,11.06
1772917259.790635354,1,0,0.01
1772917260.814104218,0,61,11.06
1772917260.814104218,1,0,0.01
1772917261.839204585,0,0,11.06
1772917261.839204585,1,0,0.01
1772917262.863120115,0,0,11.06
1772917262.863120115,1,0,0.01
1772917263.885914121,0,0,11.06
1772917263.885914121,1,0,0.01
1772917264.908289460,0,0,11.06
1772917264.908289460,1,0,0.01
1772917265.931819243,0,0,11.06
1772917265.931819243,1,0,0.01
1772917266.955425109,0,0,11.06
1772917266.955425109,1,0,0.01
1772917267.978321186,0,55,11.06
1772917267.978321186,1,0,0.01
1772917269.001661352,0,60,11.06
1772917269.001661352,1,0,0.01
1772917270.025784737,0,0,11.06
1772917270.025784737,1,0,0.01
1772917271.048986881,0,0,11.06
1772917271.048986881,1,0,0.01
1772917272.073268211,0,0,11.06
1772917272.073268211,1,0,0.01
1772917273.096440095,0,0,11.06
1772917273.096440095,1,0,0.01
1772917274.119484909,0,0,11.06
1772917274.119484909,1,0,0.01
1772917275.142084155,0,0,11.06
1772917275.142084155,1,0,0.01
1772917276.164691229,0,0,11.06
1772917276.164691229,1,0,0.01
1772917277.187240287,0,0,11.06
1772917277.187240287,1,0,0.01
1772917278.211234799,0,0,11.06
1772917278.211234799,1,0,0.01
1772917279.234808193,0,0,11.06
1772917279.234808193,1,0,0.01
1772917280.258036975,0,0,11.06
1772917280.258036975,1,0,0.01
1772917281.280878043,0,67,11.06
1772917281.280878043,1,0,0.01
1772917282.303441338,0,67,11.06
1772917282.303441338,1,0,0.01
1772917283.327010728,0,0,11.06
1772917283.327010728,1,0,0.01
1772917284.349900755,0,0,11.06
1772917284.349900755,1,0,0.01
1772917285.373536504,0,0,11.06
1772917285.373536504,1,0,0.01
1772917286.397069607,0,0,11.06
1772917286.397069607,1,0,0.01
1772917287.419880718,0,0,11.06
1772917287.419880718,1,0,0.01
1772917288.443269094,0,71,11.06
1772917288.443269094,1,0,0.01
1772917289.466011372,0,71,11.06
1772917289.466011372,1,0,0.01
1772917290.488987569,0,0,11.06
1772917290.488987569,1,0,0.01
1772917291.512203472,0,0,11.06
1772917291.512203472,1,0,0.01
1772917292.534714323,0,64,11.06
1772917292.534714323,1,0,0.01
1772917293.557937196,0,64,11.06
1772917293.557937196,1,0,0.01
1772917294.580952632,0,0,11.06
1772917294.580952632,1,0,0.01
1772917295.604131297,0,0,11.06
1772917295.604131297,1,0,0.01
1772917296.627523316,0,0,11.06
1772917296.627523316,1,0,0.01
1772917297.650880491,0,0,11.06
1772917297.650880491,1,0,0.01
1772917298.673862095,0,0,11.06
1772917298.673862095,1,0,0.01
1772917299.696977734,0,0,11.06
1772917299.696977734,1,0,0.01
1772917300.719886873,0,0,11.06
1772917300.719886873,1,0,0.01
1772917301.742722776,0,0,11.06
1772917301.742722776,1,0,0.01
1772917302.765402815,0,0,11.06
1772917302.765402815,1,0,0.01
1772917303.787611937,0,0,11.06
1772917303.787611937,1,0,0.01
1772917304.810052254,0,68,11.06
1772917304.810052254,1,0,0.01
1772917305.832100334,0,99,11.06
1772917305.832100334,1,0,0.01
1772917306.854812786,0,98,11.06
1772917306.854812786,1,0,0.01
1772917307.877234469,0,39,11.06
1772917307.877234469,1,0,0.01
1772917308.899479977,0,59,11.06
1772917308.899479977,1,0,0.01
1772917309.921902344,0,59,11.06
1772917309.921902344,1,0,0.01
1772917310.944307885,0,0,11.06
1772917310.944307885,1,0,0.01
1772917311.966417681,0,0,11.06
1772917311.966417681,1,0,0.01
1772917312.987835523,0,0,11.06
1772917312.987835523,1,0,0.01
1772917314.009425474,0,0,11.06
1772917314.009425474,1,0,0.01
1772917315.030709335,0,63,11.06
1772917315.030709335,1,0,0.01
1772917316.051892933,0,63,11.06
1772917316.051892933,1,0,0.01
1772917317.073247368,0,0,11.06
1772917317.073247368,1,0,0.01
1772917318.093533567,0,0,11.06
1772917318.093533567,1,0,0.01
1772917319.115544700,0,0,11.06
1772917319.115544700,1,0,0.01
1772917320.137806220,0,0,11.06
1772917320.137806220,1,0,0.01
1772917321.159864140,0,0,11.06
1772917321.159864140,1,0,0.01
1772917322.181829948,0,63,11.06
1772917322.181829948,1,0,0.01
1772917323.203578451,0,63,11.06
1772917323.203578451,1,0,0.01
1772917324.225515021,0,16,11.06
1772917324.225515021,1,0,0.01
1772917325.247070693,0,0,11.06
1772917325.247070693,1,0,0.01
1772917326.268654099,0,0,11.06
1772917326.268654099,1,0,0.01
1772917327.290595794,0,0,11.06
1772917327.290595794,1,0,0.01
1772917328.312177522,0,0,11.06
1772917328.312177522,1,0,0.01
1772917329.334237849,0,0,11.06
1772917329.334237849,1,0,0.01
1772917330.356668210,0,0,11.06
1772917330.356668210,1,0,0.01
1772917331.378426851,0,0,11.06
1772917331.378426851,1,0,0.01
1772917332.400081709,0,0,11.06
1772917332.400081709,1,0,0.01
1772917333.421763164,0,0,11.06
1772917333.421763164,1,0,0.01
1772917334.444250058,0,0,11.06
1772917334.444250058,1,0,0.01
1772917335.466734439,0,0,11.06
1772917335.466734439,1,0,0.01
1772917336.488477432,0,0,11.06
1772917336.488477432,1,0,0.01
1772917337.510765120,0,0,11.06
1772917337.510765120,1,0,0.01
1772917338.533153349,0,0,11.06
1772917338.533153349,1,0,0.01
1772917339.554781857,0,0,11.06
1772917339.554781857,1,0,0.01
1772917340.576248399,0,0,11.06
1772917340.576248399,1,0,0.01
1772917341.597843818,0,0,11.06
1772917341.597843818,1,0,0.01
1772917342.619933862,0,0,11.06
1772917342.619933862,1,0,0.01
1772917343.641621111,0,0,11.06
1772917343.641621111,1,0,0.01
1772917344.663569783,0,0,11.06
1772917344.663569783,1,0,0.01
1772917345.685604140,0,0,11.06
1772917345.685604140,1,0,0.01
1772917346.707257946,0,63,11.06
1772917346.707257946,1,0,0.01
1772917347.728778276,0,63,11.06
1772917347.728778276,1,0,0.01
1772917348.750566453,0,0,11.06
1772917348.750566453,1,0,0.01
1772917349.772265371,0,0,11.06
1772917349.772265371,1,0,0.01
1772917350.794117632,0,0,11.06
1772917350.794117632,1,0,0.01
1772917351.815879942,0,0,11.06
1772917351.815879942,1,0,0.01
1772917352.837707681,0,0,11.06
1772917352.837707681,1,0,0.01
1772917353.859888414,0,0,11.06
1772917353.859888414,1,0,0.01
1772917354.881268705,0,0,11.06
1772917354.881268705,1,0,0.01
1772917355.903392810,0,0,11.06
1772917355.903392810,1,0,0.01
1772917356.925770675,0,0,11.06
1772917356.925770675,1,0,0.01
1772917357.947220989,0,68,11.06
1772917357.947220989,1,0,0.01
1772917358.969067037,0,69,11.06
1772917358.969067037,1,0,0.01
1772917359.990880165,0,0,11.06
1772917359.990880165,1,0,0.01
1772917361.012440840,0,0,11.06
1772917361.012440840,1,0,0.01
1772917362.033931187,0,0,11.06
1772917362.033931187,1,0,0.01
1772917363.055712064,0,0,11.06
1772917363.055712064,1,0,0.01
1772917364.077697618,0,0,11.06
1772917364.077697618,1,0,0.01
1772917365.098901286,0,0,11.06
1772917365.098901286,1,0,0.01
1772917366.121270764,0,0,11.06
1772917366.121270764,1,0,0.01
1772917367.143178508,0,65,11.06
1772917367.143178508,1,0,0.01
1772917368.164922150,0,99,11.06
1772917368.164922150,1,0,0.01
1772917369.186862604,0,69,11.06
1772917369.186862604,1,0,0.01
1772917370.208385958,0,0,11.06
1772917370.208385958,1,0,0.01
1772917371.230220495,0,0,11.06
1772917371.230220495,1,0,0.01
1772917372.252643025,0,0,11.06
1772917372.252643025,1,0,0.01
1772917373.274419935,0,0,11.06
1772917373.274419935,1,0,0.01
1772917374.295964711,0,0,11.06
1772917374.295964711,1,0,0.01
1772917375.317388112,0,0,11.06
1772917375.317388112,1,0,0.01
1772917376.339197425,0,0,11.06
1772917376.339197425,1,0,0.01
1772917377.361297626,0,62,11.06
1772917377.361297626,1,0,0.01
1772917378.382829902,0,61,11.06
1772917378.382829902,1,0,0.01
1772917379.404686559,0,58,11.06
1772917379.404686559,1,0,0.01
1772917380.426128650,0,57,11.06
1772917380.426128650,1,0,0.01
1772917381.447784235,0,0,11.06
1772917381.447784235,1,0,0.01
1772917382.468888793,0,0,11.06
1772917382.468888793,1,0,0.01
1772917383.490936583,0,0,11.06
1772917383.490936583,1,0,0.01
1772917384.512335765,0,0,11.06
1772917384.512335765,1,0,0.01
1772917385.534008879,0,99,11.06
1772917385.534008879,1,0,0.01
1772917386.555930158,0,99,11.06
1772917386.555930158,1,0,0.01
1772917387.577330781,0,100,11.06
1772917387.577330781,1,0,0.01
1772917388.599088593,0,100,11.06
1772917388.599088593,1,0,0.01
1772917389.620608355,0,68,11.06
1772917389.620608355,1,0,0.01
1772917390.641934228,0,0,11.06
1772917390.641934228,1,0,0.01
1772917391.663392948,0,0,11.06
1772917391.663392948,1,0,0.01
1772917392.684942426,0,0,11.06
1772917392.684942426,1,0,0.01
1772917393.706616714,0,0,11.06
1772917393.706616714,1,0,0.01
1772917394.728253128,0,0,11.06
1772917394.728253128,1,0,0.01
1772917395.750403485,0,0,11.06
1772917395.750403485,1,0,0.01
1772917396.772322576,0,0,11.06
1772917396.772322576,1,0,0.01
1772917397.793877140,0,0,11.06
1772917397.793877140,1,0,0.01
1772917398.815132072,0,69,11.06
1772917398.815132072,1,0,0.01
1772917399.836646617,0,69,11.06
1772917399.836646617,1,0,0.01
1772917400.858282654,0,0,11.06
1772917400.858282654,1,0,0.01
1772917401.879544420,0,0,11.06
1772917401.879544420,1,0,0.01
1772917402.901051463,0,0,11.06
1772917402.901051463,1,0,0.01
1772917403.923272729,0,0,11.06
1772917403.923272729,1,0,0.01
1772917404.944759001,0,0,11.06
1772917404.944759001,1,0,0.01
1772917405.966441696,0,0,11.06
1772917405.966441696,1,0,0.01
1772917406.988775806,0,0,11.06
1772917406.988775806,1,0,0.01
1772917408.010516326,0,0,11.06
1772917408.010516326,1,0,0.01
1772917409.032239662,0,0,11.06
1772917409.032239662,1,0,0.01
1772917410.054371133,0,0,11.06
1772917410.054371133,1,0,0.01
1772917411.076292345,0,0,11.06
1772917411.076292345,1,0,0.01
1772917412.097741651,0,0,11.06
1772917412.097741651,1,0,0.01
1772917413.119270701,0,66,11.06
1772917413.119270701,1,0,0.01
1772917414.141113637,0,99,11.06
1772917414.141113637,1,0,0.01
1772917415.163467057,0,99,11.06
1772917415.163467057,1,0,0.01
1772917416.185084401,0,51,11.06
1772917416.185084401,1,0,0.01
1772917417.206602152,0,0,11.06
1772917417.206602152,1,0,0.01
1772917418.228029426,0,0,11.06
1772917418.228029426,1,0,0.01
1772917419.249605568,0,0,11.06
1772917419.249605568,1,0,0.01
1772917420.271082925,0,0,11.06
1772917420.271082925,1,0,0.01
1772917421.292995596,0,0,11.06
1772917421.292995596,1,0,0.01
1772917422.314502160,0,14,11.06
1772917422.314502160,1,0,0.01
1772917423.336518129,0,66,11.06
1772917423.336518129,1,0,0.01
1772917424.358191935,0,67,11.06
1772917424.358191935,1,0,0.01
1772917425.379810910,0,0,11.06
1772917425.379810910,1,0,0.01
1772917426.401683802,0,0,11.06
1772917426.401683802,1,0,0.01
1772917427.423482918,0,0,11.06
1772917427.423482918,1,0,0.01
1772917428.445474003,0,0,11.06
1772917428.445474003,1,0,0.01
1772917429.467095119,0,0,11.06
1772917429.467095119,1,0,0.01
1772917430.488990291,0,0,11.06
1772917430.488990291,1,0,0.01
1772917431.510496026,0,0,11.06
1772917431.510496026,1,0,0.01
1772917432.531940628,0,0,11.06
1772917432.531940628,1,0,0.01
1772917433.553902539,0,0,11.06
1772917433.553902539,1,0,0.01
1772917434.575766192,0,0,11.06
1772917434.575766192,1,0,0.01
1772917435.597146523,0,1,11.06
1772917435.597146523,1,0,0.01
1772917436.619373337,0,0,11.06
1772917436.619373337,1,0,0.01
1772917437.640642378,0,0,11.06
1772917437.640642378,1,0,0.01
1772917438.662703852,0,1,11.06
1772917438.662703852,1,0,0.01
1772917439.684067272,0,0,11.06
1772917439.684067272,1,0,0.01
1772917440.705955086,0,0,11.06
1772917440.705955086,1,0,0.01
1772917441.727179202,0,0,11.06
1772917441.727179202,1,0,0.01
1772917442.748428176,0,67,11.06
1772917442.748428176,1,0,0.01
1772917443.770485899,0,61,11.06
1772917443.770485899,1,0,0.01
1772917444.791822294,0,0,11.06
1772917444.791822294,1,0,0.01
1772917445.812879376,0,68,11.06
1772917445.812879376,1,0,0.01
1772917446.835097615,0,68,11.06
1772917446.835097615,1,0,0.01
1772917447.856819006,0,0,11.06
1772917447.856819006,1,0,0.01
1772917448.878230165,0,0,11.06
1772917448.878230165,1,0,0.01
1772917449.899724017,0,0,11.06
1772917449.899724017,1,0,0.01
1772917450.921017039,0,0,11.06
1772917450.921017039,1,0,0.01
1772917451.942675646,0,64,11.06
1772917451.942675646,1,0,0.01
1772917452.964761562,0,64,11.06
1772917452.964761562,1,0,0.01
1772917453.986647360,0,0,11.06
1772917453.986647360,1,0,0.01
1772917455.008668740,0,69,11.06
1772917455.008668740,1,0,0.01
1772917456.029998586,0,68,11.06
1772917456.029998586,1,0,0.01
1772917457.053583793,0,0,11.06
1772917457.053583793,1,0,0.01
1772917458.074947320,0,64,11.06
1772917458.074947320,1,0,0.01
1772917459.096960391,0,65,11.06
1772917459.096960391,1,0,0.01
1772917460.119638803,0,0,11.06
1772917460.119638803,1,0,0.01
1772917461.141828364,0,0,11.06
1772917461.141828364,1,0,0.01
1772917462.163380525,0,0,11.06
1772917462.163380525,1,0,0.01
1772917463.184769839,0,0,11.06
1772917463.184769839,1,0,0.01
1772917464.206310250,0,0,11.06
1772917464.206310250,1,0,0.01
1772917465.227727888,0,0,11.06
1772917465.227727888,1,0,0.01
1772917466.249774555,0,0,11.06
1772917466.249774555,1,0,0.01
1772917467.271270906,0,0,11.06
1772917467.271270906,1,0,0.01
1772917468.292812586,0,0,11.06
1772917468.292812586,1,0,0.01
1772917469.315123865,0,0,11.06
1772917469.315123865,1,0,0.01
1772917470.337323007,0,0,11.06
1772917470.337323007,1,0,0.01
1772917471.359255767,0,0,11.06
1772917471.359255767,1,0,0.01
1772917472.380858526,0,0,11.06
1772917472.380858526,1,0,0.01
1772917473.403032426,0,0,11.06
1772917473.403032426,1,0,0.01
1772917474.425144488,0,65,11.06
1772917474.425144488,1,0,0.01
1772917475.446889977,0,64,11.06
1772917475.446889977,1,0,0.01
1772917476.468887450,0,0,11.06
1772917476.468887450,1,0,0.01
1772917477.490170269,0,0,11.06
1772917477.490170269,1,0,0.01
1772917478.512566199,0,0,11.06
1772917478.512566199,1,0,0.01
1772917479.535286886,0,0,11.06
1772917479.535286886,1,0,0.01
1772917480.557532268,0,0,11.06
1772917480.557532268,1,0,0.01
1772917481.579409763,0,0,11.06
1772917481.579409763,1,0,0.01
1772917482.601424819,0,68,11.06
1772917482.601424819,1,0,0.01
1772917483.622811301,0,69,11.06
1772917483.622811301,1,0,0.01
1772917484.644497157,0,0,11.06
1772917484.644497157,1,0,0.01
1772917485.666072919,0,0,11.06
1772917485.666072919,1,0,0.01
1772917486.688220817,0,62,11.06
1772917486.688220817,1,0,0.01
1772917487.710000747,0,62,11.06
1772917487.710000747,1,0,0.01
1772917488.731808386,0,0,11.06
1772917488.731808386,1,0,0.01
1772917489.753832338,0,1,11.06
1772917489.753832338,1,0,0.01
1772917490.775162447,0,68,11.06
1772917490.775162447,1,0,0.01
1772917491.797301446,0,68,11.06
1772917491.797301446,1,0,0.01
1772917492.819077018,0,0,11.06
1772917492.819077018,1,0,0.01
1772917493.840216936,0,0,11.06
1772917493.840216936,1,0,0.01
1772917494.861722414,0,0,11.06
1772917494.861722414,1,0,0.01
1772917495.883697552,0,0,11.06
1772917495.883697552,1,0,0.01
1772917496.905172900,0,0,11.06
1772917496.905172900,1,0,0.01
1772917497.926468665,0,0,11.06
1772917497.926468665,1,0,0.01
1772917498.947960071,0,0,11.06
1772917498.947960071,1,0,0.01
1772917499.970166472,0,0,11.06
1772917499.970166472,1,0,0.01
1772917500.991866792,0,0,11.06
1772917500.991866792,1,0,0.01
1772917502.013906852,0,74,11.06
1772917502.013906852,1,0,0.01
1772917503.035098799,0,99,11.06
1772917503.035098799,1,0,0.01
1772917504.056772533,0,99,11.06
1772917504.056772533,1,0,0.01
1772917505.079047284,0,100,11.06
1772917505.079047284,1,0,0.01
1772917506.101682537,0,99,11.06
1772917506.101682537,1,0,0.01
1772917507.123357305,0,64,11.06
1772917507.123357305,1,0,0.01
1772917508.145754550,0,0,11.06
1772917508.145754550,1,0,0.01
1772917509.167588082,0,0,11.06
1772917509.167588082,1,0,0.01
1772917510.189198175,0,0,11.06
1772917510.189198175,1,0,0.01
1772917511.210730161,0,68,11.06
1772917511.210730161,1,0,0.01
1772917512.232050330,0,69,11.06
1772917512.232050330,1,0,0.01
1772917513.253278072,0,0,11.06
1772917513.253278072,1,0,0.01
1772917514.274605667,0,0,11.06
1772917514.274605667,1,0,0.01
1772917515.295929929,0,67,11.06
1772917515.295929929,1,0,0.01
1772917516.318486077,0,67,11.06
1772917516.318486077,1,0,0.01
1772917517.340864558,0,0,11.06
1772917517.340864558,1,0,0.01
1772917518.362330709,0,0,11.06
1772917518.362330709,1,0,0.01
1772917519.384257773,0,68,11.06
1772917519.384257773,1,0,0.01
1772917520.406275052,0,99,11.06
1772917520.406275052,1,0,0.01
1772917521.427588530,0,99,11.06
1772917521.427588530,1,0,0.01
1772917522.450124729,0,68,11.06
1772917522.450124729,1,0,0.01
1772917523.471256552,0,0,11.06
1772917523.471256552,1,0,0.01
1772917524.492723947,0,0,11.06
1772917524.492723947,1,0,0.01
1772917525.513611305,0,0,11.06
1772917525.513611305,1,0,0.01
1772917526.536146404,0,0,11.06
1772917526.536146404,1,0,0.01
1772917527.557950038,0,0,11.06
1772917527.557950038,1,0,0.01
1772917528.580472027,0,0,11.06
1772917528.580472027,1,0,0.01
1772917529.602004344,0,0,11.06
1772917529.602004344,1,0,0.01
1772917530.623523714,0,0,11.06
1772917530.623523714,1,0,0.01
1772917531.645038482,0,0,11.06
1772917531.645038482,1,0,0.01
1772917532.667694985,0,0,11.06
1772917532.667694985,1,0,0.01
1772917533.689854307,0,0,11.06
1772917533.689854307,1,0,0.01
1772917534.712061659,0,0,11.06
1772917534.712061659,1,0,0.01
1772917535.733316464,0,0,11.06
1772917535.733316464,1,0,0.01
1772917536.753475371,0,0,11.06
1772917536.753475371,1,0,0.01
1772917537.775343659,0,0,11.06
1772917537.775343659,1,0,0.01
1772917538.796356332,0,0,11.06
1772917538.796356332,1,0,0.01
1772917539.816815280,0,0,11.06
1772917539.816815280,1,0,0.01
1772917540.837289911,0,0,11.06
1772917540.837289911,1,0,0.01
1772917541.858766510,0,1,11.06
1772917541.858766510,1,0,0.01
1772917542.879220847,0,0,11.06
1772917542.879220847,1,0,0.01
1772917543.900509723,0,0,11.06
1772917543.900509723,1,0,0.01
1772917544.921706457,0,66,11.06
1772917544.921706457,1,0,0.01
1772917545.943331430,0,66,11.06
1772917545.943331430,1,0,0.01
1772917546.965116715,0,0,11.06
1772917546.965116715,1,0,0.01
1772917547.985475016,0,0,11.06
1772917547.985475016,1,0,0.01
1772917549.007244712,0,0,11.06
1772917549.007244712,1,0,0.01
1772917550.029191435,0,0,11.06
1772917550.029191435,1,0,0.01
1772917551.050874732,0,0,11.06
1772917551.050874732,1,0,0.01
1772917552.072324078,0,1,11.06
1772917552.072324078,1,0,0.01
1772917553.094156646,0,0,11.06
1772917553.094156646,1,0,0.01
1772917554.115273037,0,0,11.06
1772917554.115273037,1,0,0.01
1772917555.136933143,0,70,11.06
1772917555.136933143,1,0,0.01
1772917556.158337709,0,71,11.06
1772917556.158337709,1,0,0.01
1772917557.180116592,0,0,11.06
1772917557.180116592,1,0,0.01
1772917558.202015809,0,0,11.06
1772917558.202015809,1,0,0.01
1772917559.223994337,0,1,11.06
1772917559.223994337,1,0,0.01
1772917560.245694932,0,72,11.06
1772917560.245694932,1,0,0.01
1772917561.267293727,0,72,11.06
1772917561.267293727,1,0,0.01
1772917562.288883775,0,0,11.06
1772917562.288883775,1,0,0.01
1772917563.310307199,0,0,11.06
1772917563.310307199,1,0,0.01
1772917564.331418032,0,0,11.06
1772917564.331418032,1,0,0.01
1772917565.351290250,0,0,11.06
1772917565.351290250,1,0,0.01
1772917566.371614546,0,1,11.06
1772917566.371614546,1,0,0.01
1772917567.392625906,0,0,11.06
1772917567.392625906,1,0,0.01
1772917568.414718823,0,0,11.06
1772917568.414718823,1,0,0.01
1772917569.436613119,0,0,11.06
1772917569.436613119,1,0,0.01
1772917570.458852903,0,0,11.06
1772917570.458852903,1,0,0.01
1772917571.479173856,0,0,11.06
1772917571.479173856,1,0,0.01
1772917572.500491081,0,0,11.06
1772917572.500491081,1,0,0.01
1772917573.522497016,0,0,11.06
1772917573.522497016,1,0,0.01
1772917574.543663078,0,0,11.06
1772917574.543663078,1,0,0.01
1772917575.564847134,0,0,11.06
1772917575.564847134,1,0,0.01
1772917576.586180115,0,68,11.06
1772917576.586180115,1,0,0.01
1772917577.607054449,0,67,11.06
1772917577.607054449,1,0,0.01
1772917578.628534842,0,64,11.06
1772917578.628534842,1,0,0.01
1772917579.649571066,0,64,11.06
1772917579.649571066,1,0,0.01
1772917580.671599139,0,0,11.06
1772917580.671599139,1,0,0.01
1772917581.693422742,0,1,11.06
1772917581.693422742,1,0,0.01
1772917582.714623510,0,0,11.06
1772917582.714623510,1,0,0.01
1772917583.735533128,0,0,11.06
1772917583.735533128,1,0,0.01
1772917584.756865835,0,0,11.06
1772917584.756865835,1,0,0.01
1772917585.778028101,0,0,11.06
1772917585.778028101,1,0,0.01
1772917586.799328824,0,0,11.06
1772917586.799328824,1,0,0.01
1772917587.821214948,0,0,11.06
1772917587.821214948,1,0,0.01
1772917588.843487536,0,0,11.06
1772917588.843487536,1,0,0.01
1772917589.864642264,0,0,11.06
1772917589.864642264,1,0,0.01
1772917590.886472683,0,0,11.06
1772917590.886472683,1,0,0.01
1772917591.907887672,0,0,11.06
1772917591.907887672,1,0,0.01
1772917592.929723760,0,68,11.06
1772917592.929723760,1,0,0.01
1772917593.952087872,0,68,11.06
1772917593.952087872,1,0,0.01
1772917594.973671930,0,0,11.06
1772917594.973671930,1,0,0.01
1772917595.995258335,0,62,11.06
1772917595.995258335,1,0,0.01
1772917597.017623447,0,62,11.06
1772917597.017623447,1,0,0.01
1772917598.039326536,0,65,11.06
1772917598.039326536,1,0,0.01
1772917599.060772747,0,67,11.06
1772917599.060772747,1,0,0.01
1772917600.080859715,0,0,11.06
1772917600.080859715,1,0,0.01
1772917601.102671985,0,0,11.06
1772917601.102671985,1,0,0.01
1772917602.123839993,0,0,11.06
1772917602.123839993,1,0,0.01
1772917603.146112239,0,1,11.06
1772917603.146112239,1,0,0.01
1772917604.167976398,0,0,11.06
1772917604.167976398,1,0,0.01
1772917605.189897459,0,0,11.06
1772917605.189897459,1,0,0.01
1772917606.211336713,0,0,11.06
1772917606.211336713,1,0,0.01
1772917607.232811517,0,1,11.06
1772917607.232811517,1,0,0.01
1772917608.253902601,0,0,11.06
1772917608.253902601,1,0,0.01
1772917609.275445795,0,0,11.06
1772917609.275445795,1,0,0.01
1772917610.295652103,0,0,11.06
1772917610.295652103,1,0,0.01
1772917611.317851719,0,0,11.06
1772917611.317851719,1,0,0.01
1772917612.339837052,0,0,11.06
1772917612.339837052,1,0,0.01
1772917613.361249456,0,0,11.06
1772917613.361249456,1,0,0.01
1772917614.383319740,0,1,11.06
1772917614.383319740,1,0,0.01
1772917615.404800672,0,0,11.06
1772917615.404800672,1,0,0.01
1772917616.427146048,0,0,11.06
1772917616.427146048,1,0,0.01
1772917617.449781603,0,0,11.06
1772917617.449781603,1,0,0.01
1772917618.471748651,0,0,11.06
1772917618.471748651,1,0,0.01
1772917619.494776178,0,0,11.06
1772917619.494776178,1,0,0.01
1772917620.516932906,0,67,11.06
1772917620.516932906,1,0,0.01
1772917621.539330379,0,68,11.06
1772917621.539330379,1,0,0.01
1772917622.561264435,0,0,11.06
1772917622.561264435,1,0,0.01
1772917623.583088350,0,0,11.06
1772917623.583088350,1,0,0.01
1772917624.605147740,0,0,11.06
1772917624.605147740,1,0,0.01
1772917625.627173128,0,69,11.06
1772917625.627173128,1,0,0.01
1772917626.649159983,0,69,11.06
1772917626.649159983,1,0,0.01
1772917627.671691145,0,67,11.06
1772917627.671691145,1,0,0.01
1772917628.692988447,0,66,11.06
1772917628.692988447,1,0,0.01
1772917629.714630796,0,0,11.06
1772917629.714630796,1,0,0.01
1772917630.736824002,0,0,11.06
1772917630.736824002,1,0,0.01
1772917631.758369356,0,0,11.06
1772917631.758369356,1,0,0.01
1772917632.779944121,0,0,11.06
1772917632.779944121,1,0,0.01
1772917633.802456647,0,0,11.06
1772917633.802456647,1,0,0.01
1772917634.823597214,0,0,11.06
1772917634.823597214,1,0,0.01
1772917635.846190960,0,1,11.06
1772917635.846190960,1,0,0.01
1772917636.866516960,0,0,11.06
1772917636.866516960,1,0,0.01
1772917637.888537816,0,0,11.06
1772917637.888537816,1,0,0.01
1772917638.910550489,0,0,11.06
1772917638.910550489,1,0,0.01
1772917639.933396691,0,0,11.06
1772917639.933396691,1,0,0.01
1772917640.955560166,0,0,11.06
1772917640.955560166,1,0,0.01
1772917641.977286716,0,47,11.06
1772917641.977286716,1,0,0.01
1772917642.999003100,0,62,11.06
1772917642.999003100,1,0,0.01
1772917644.020475089,0,19,11.06
1772917644.020475089,1,0,0.01
1772917645.042969163,0,0,11.06
1772917645.042969163,1,0,0.01
1772917646.064497732,0,0,11.06
1772917646.064497732,1,0,0.01
1772917647.085801287,0,0,11.06
1772917647.085801287,1,0,0.01
1772917648.108487301,0,68,11.06
1772917648.108487301,1,0,0.01
1772917649.130188716,0,68,11.06
1772917649.130188716,1,0,0.01
1772917650.152110448,0,99,11.06
1772917650.152110448,1,0,0.01
1772917651.173885446,0,62,11.06
1772917651.173885446,1,0,0.01
1772917652.196286594,0,65,11.06
1772917652.196286594,1,0,0.01
1772917653.219094114,0,64,11.06
1772917653.219094114,1,0,0.01
1772917654.240792030,0,0,11.06
1772917654.240792030,1,0,0.01
1772917655.262043091,0,0,11.06
1772917655.262043091,1,0,0.01
1772917656.283432270,0,67,11.06
1772917656.283432270,1,0,0.01
1772917657.306723606,0,68,11.06
1772917657.306723606,1,0,0.01
1772917658.328756128,0,0,11.06
1772917658.328756128,1,0,0.01
1772917659.350932463,0,0,11.06
1772917659.350932463,1,0,0.01
1772917660.372924863,0,0,11.06
1772917660.372924863,1,0,0.01
1772917661.394976462,0,0,11.06
1772917661.394976462,1,0,0.01
1772917662.416387322,0,0,11.06
1772917662.416387322,1,0,0.01
1772917663.437422811,0,0,11.06
1772917663.437422811,1,0,0.01
1772917664.459337161,0,0,11.06
1772917664.459337161,1,0,0.01
1772917665.481400074,0,68,11.06
1772917665.481400074,1,0,0.01
1772917666.503779434,0,68,11.06
1772917666.503779434,1,0,0.01
1772917667.525941376,0,0,11.06
1772917667.525941376,1,0,0.01
1772917668.548071540,0,0,11.06
1772917668.548071540,1,0,0.01
1772917669.569914671,0,0,11.06
1772917669.569914671,1,0,0.01
1772917670.591034987,0,0,11.06
1772917670.591034987,1,0,0.01
1772917671.612882335,0,0,11.06
1772917671.612882335,1,0,0.01
1772917672.634415589,0,0,11.06
1772917672.634415589,1,0,0.01
1772917673.656144049,0,0,11.06
1772917673.656144049,1,0,0.01
1772917674.678656854,0,59,11.06
1772917674.678656854,1,0,0.01
1772917675.700955628,0,58,11.06
1772917675.700955628,1,0,0.01
1772917676.722450416,0,0,11.06
1772917676.722450416,1,0,0.01
1772917677.744654994,0,0,11.06
1772917677.744654994,1,0,0.01
1772917678.766367879,0,0,11.06
1772917678.766367879,1,0,0.01
1772917679.788775657,0,0,11.06
1772917679.788775657,1,0,0.01
1772917680.810251156,0,0,11.06
1772917680.810251156,1,0,0.01
1772917681.832311401,0,0,11.06
1772917681.832311401,1,0,0.01
1772917682.854276595,0,0,11.06
1772917682.854276595,1,0,0.01
1772917683.875575192,0,0,11.06
1772917683.875575192,1,0,0.01
1772917684.897364351,0,0,11.06
1772917684.897364351,1,0,0.01
1772917685.918921565,0,62,11.06
1772917685.918921565,1,0,0.01
1772917686.941696134,0,62,11.06
1772917686.941696134,1,0,0.01
1772917687.963698374,0,69,11.06
1772917687.963698374,1,0,0.01
1772917688.986578504,0,69,11.06
1772917688.986578504,1,0,0.01
1772917690.008404644,0,0,11.06
1772917690.008404644,1,0,0.01
1772917691.030114923,0,0,11.06
1772917691.030114923,1,0,0.01
1772917692.052092032,0,0,11.06
1772917692.052092032,1,0,0.01
1772917693.074260970,0,0,11.06
1772917693.074260970,1,0,0.01
1772917694.096925997,0,65,11.06
1772917694.096925997,1,0,0.01
1772917695.119096838,0,65,11.06
1772917695.119096838,1,0,0.01
1772917696.141179731,0,0,11.06
1772917696.141179731,1,0,0.01
1772917697.162447067,0,0,11.06
1772917697.162447067,1,0,0.01
1772917698.184520374,0,0,11.06
1772917698.184520374,1,0,0.01
1772917699.205880239,0,0,11.06
1772917699.205880239,1,0,0.01
1772917700.227366681,0,0,11.06
1772917700.227366681,1,0,0.01
1772917701.249266211,0,0,11.06
1772917701.249266211,1,0,0.01
1772917702.270960084,0,63,11.06
1772917702.270960084,1,0,0.01
1772917703.293021146,0,63,11.06
1772917703.293021146,1,0,0.01
1772917704.315008137,0,0,11.06
1772917704.315008137,1,0,0.01
1772917705.337319428,0,0,11.06
1772917705.337319428,1,0,0.01
1772917706.358564760,0,0,11.06
1772917706.358564760,1,0,0.01
1772917707.380776759,0,0,11.06
1772917707.380776759,1,0,0.01
1772917708.402543129,0,0,11.06
1772917708.402543129,1,0,0.01
1772917709.424491879,0,1,11.06
1772917709.424491879,1,0,0.01
1772917710.445878551,0,0,11.06
1772917710.445878551,1,0,0.01
1772917711.467464779,0,0,11.06
1772917711.467464779,1,0,0.01
1772917712.489376374,0,0,11.06
1772917712.489376374,1,0,0.01
1772917713.511066161,0,0,11.06
1772917713.511066161,1,0,0.01
1772917714.532306625,0,69,11.06
1772917714.532306625,1,0,0.01
1772917715.554459686,0,68,11.06
1772917715.554459686,1,0,0.01
1772917716.576791198,0,0,11.06
1772917716.576791198,1,0,0.01
1772917717.597916323,0,0,11.06
1772917717.597916323,1,0,0.01
1772917718.620197375,0,0,11.06
1772917718.620197375,1,0,0.01
1772917719.641782299,0,0,11.06
1772917719.641782299,1,0,0.01
1772917720.663200713,0,0,11.06
1772917720.663200713,1,0,0.01
1772917721.684974834,0,1,11.06
1772917721.684974834,1,0,0.01
1772917722.708146068,0,0,11.06
1772917722.708146068,1,0,0.01
1772917723.729336982,0,0,11.06
1772917723.729336982,1,0,0.01
1772917724.751673486,0,0,11.06
1772917724.751673486,1,0,0.01
1772917725.773610096,0,76,11.06
1772917725.773610096,1,0,0.01
1772917726.796134262,0,99,11.06
1772917726.796134262,1,0,0.01
1772917727.819272535,0,100,11.06
1772917727.819272535,1,0,0.01
1772917728.842099920,0,99,11.06
1772917728.842099920,1,0,0.01
1772917729.865015931,0,89,11.06
1772917729.865015931,1,0,0.01
1772917730.887123867,0,0,11.06
1772917730.887123867,1,0,0.01
1772917731.909104007,0,63,11.06
1772917731.909104007,1,0,0.01
1772917732.931166729,0,63,11.06
1772917732.931166729,1,0,0.01
1772917733.952406402,0,0,11.06
1772917733.952406402,1,0,0.01
1772917734.973714616,0,69,11.06
1772917734.973714616,1,0,0.01
1772917735.994924827,0,68,11.06
1772917735.994924827,1,0,0.01
1772917737.016191139,0,0,11.06
1772917737.016191139,1,0,0.01
1772917738.037901826,0,0,11.06
1772917738.037901826,1,0,0.01
1772917739.059762184,0,0,11.06
1772917739.059762184,1,0,0.01
1772917740.081431204,0,41,11.06
1772917740.081431204,1,0,0.01
1772917741.102880434,0,67,11.06
1772917741.102880434,1,0,0.01
1772917742.124085226,0,8,11.06
1772917742.124085226,1,0,0.01
1772917743.145397530,0,0,11.06
1772917743.145397530,1,0,0.01
1772917744.166457383,0,60,11.06
1772917744.166457383,1,0,0.01
1772917745.187806809,0,66,11.06
1772917745.187806809,1,0,0.01
1772917746.209801237,0,0,11.06
1772917746.209801237,1,0,0.01
1772917747.231907114,0,0,11.06
1772917747.231907114,1,0,0.01
1772917748.253997242,0,0,11.06
1772917748.253997242,1,0,0.01
1772917749.275249604,0,0,11.06
1772917749.275249604,1,0,0.01
1772917750.296871817,0,0,11.06
1772917750.296871817,1,0,0.01
1772917751.318312946,0,0,11.06
1772917751.318312946,1,0,0.01
1772917752.340563618,0,0,11.06
1772917752.340563618,1,0,0.01
1772917753.361872013,0,0,11.06
1772917753.361872013,1,0,0.01
1772917754.383569013,0,0,11.06
1772917754.383569013,1,0,0.01
1772917755.405306859,0,36,11.06
1772917755.405306859,1,0,0.01
1772917756.427445314,0,66,11.06
1772917756.427445314,1,0,0.01
1772917757.449105073,0,44,11.06
1772917757.449105073,1,0,0.01
1772917758.470776765,0,0,11.06
1772917758.470776765,1,0,0.01
1772917759.492314716,0,0,11.06
1772917759.492314716,1,0,0.01
1772917760.514531155,0,0,11.06
1772917760.514531155,1,0,0.01
1772917761.536819992,0,0,11.06
1772917761.536819992,1,0,0.01
1772917762.558148275,0,0,11.06
1772917762.558148275,1,0,0.01
1772917763.579626493,0,0,11.06
1772917763.579626493,1,0,0.01
1772917764.601958992,0,68,11.06
1772917764.601958992,1,0,0.01
1772917765.623914745,0,68,11.06
1772917765.623914745,1,0,0.01
1772917766.645111966,0,0,11.06
1772917766.645111966,1,0,0.01
1772917767.666568783,0,0,11.06
1772917767.666568783,1,0,0.01
1772917768.688903796,0,0,11.06
1772917768.688903796,1,0,0.01
1772917769.710911048,0,0,11.06
1772917769.710911048,1,0,0.01
1772917770.732327654,0,0,11.06
1772917770.732327654,1,0,0.01
1772917771.754506407,0,0,11.06
1772917771.754506407,1,0,0.01
1772917772.776132135,0,0,11.06
1772917772.776132135,1,0,0.01
1772917773.798673129,0,0,11.06
1772917773.798673129,1,0,0.01
1772917774.820372533,0,0,11.06
1772917774.820372533,1,0,0.01
1772917775.842033205,0,0,11.06
1772917775.842033205,1,0,0.01
1772917776.863547132,0,0,11.06
1772917776.863547132,1,0,0.01
1772917777.885219554,0,0,11.06
1772917777.885219554,1,0,0.01
1772917778.907186607,0,0,11.06
1772917778.907186607,1,0,0.01
1772917779.929207025,0,0,11.06
1772917779.929207025,1,0,0.01
1772917780.950946031,0,1,11.06
1772917780.950946031,1,0,0.01
1772917781.973087744,0,0,11.06
1772917781.973087744,1,0,0.01
1772917782.994884982,0,0,11.06
1772917782.994884982,1,0,0.01
1772917784.016955059,0,1,11.06
1772917784.016955059,1,0,0.01
1772917785.039930648,0,0,11.06
1772917785.039930648,1,0,0.01
1772917786.062478386,0,1,11.06
1772917786.062478386,1,0,0.01
1772917787.084640004,0,68,11.06
1772917787.084640004,1,0,0.01
1772917788.107168971,0,67,11.06
1772917788.107168971,1,0,0.01
1772917789.130338600,0,0,11.06
1772917789.130338600,1,0,0.01
1772917790.153531243,0,0,11.06
1772917790.153531243,1,0,0.01
1772917791.176430733,0,68,11.06
1772917791.176430733,1,0,0.01
1772917792.199074372,0,68,11.06
1772917792.199074372,1,0,0.01
1772917793.221626326,0,0,11.06
1772917793.221626326,1,0,0.01
1772917794.244763001,0,0,11.06
1772917794.244763001,1,0,0.01
1772917795.267881860,0,0,11.06
1772917795.267881860,1,0,0.01
1772917796.291008362,0,0,11.06
1772917796.291008362,1,0,0.01
1772917797.314250974,0,67,11.06
1772917797.314250974,1,0,0.01
1772917798.337702405,0,67,11.06
1772917798.337702405,1,0,0.01
1772917799.360965368,0,0,11.06
1772917799.360965368,1,0,0.01
1772917800.383951720,0,0,11.06
1772917800.383951720,1,0,0.01
1772917801.407272834,0,0,11.06
1772917801.407272834,1,0,0.01
1772917802.428537417,0,0,11.06
1772917802.428537417,1,0,0.01
1772917803.451756750,0,0,11.06
1772917803.451756750,1,0,0.01
1772917804.474040065,0,0,11.06
1772917804.474040065,1,0,0.01
1772917805.496280565,0,0,11.06
1772917805.496280565,1,0,0.01
1772917806.518002788,0,0,11.06
1772917806.518002788,1,0,0.01
1772917807.540557401,0,0,11.06
1772917807.540557401,1,0,0.01
1772917808.562827761,0,0,11.06
1772917808.562827761,1,0,0.01
1772917809.585053936,0,0,11.06
1772917809.585053936,1,0,0.01
1772917810.607424322,0,70,11.06
1772917810.607424322,1,0,0.01
1772917811.630482075,0,69,11.06
1772917811.630482075,1,0,0.01
1772917812.652710767,0,0,11.06
1772917812.652710767,1,0,0.01
1772917813.675792001,0,65,11.06
1772917813.675792001,1,0,0.01
1772917814.698213208,0,67,11.06
1772917814.698213208,1,0,0.01
1772917815.720802019,0,0,11.06
1772917815.720802019,1,0,0.01
1772917816.742330333,0,0,11.06
1772917816.742330333,1,0,0.01
1772917817.764778325,0,0,11.06
1772917817.764778325,1,0,0.01
1772917818.786249304,0,0,11.06
1772917818.786249304,1,0,0.01
1772917819.808516151,0,61,11.06
1772917819.808516151,1,0,0.01
1772917820.829978751,0,99,11.06
1772917820.829978751,1,0,0.01
1772917821.852402882,0,68,11.06
1772917821.852402882,1,0,0.01
1772917822.874619513,0,36,11.06
1772917822.874619513,1,0,0.01
1772917823.897174377,0,0,11.06
1772917823.897174377,1,0,0.01
1772917824.919403467,0,1,11.06
1772917824.919403467,1,0,0.01
1772917825.942291716,0,0,11.06
1772917825.942291716,1,0,0.01
1772917826.964298649,0,0,11.06
1772917826.964298649,1,0,0.01
1772917827.987419498,0,0,11.06
1772917827.987419498,1,0,0.01
1772917829.008858254,0,0,11.06
1772917829.008858254,1,0,0.01
1772917830.032165572,0,67,11.06
1772917830.032165572,1,0,0.01
1772917831.055270049,0,67,11.06
1772917831.055270049,1,0,0.01
1772917832.077939546,0,0,11.06
1772917832.077939546,1,0,0.01
1772917833.099455944,0,0,11.06
1772917833.099455944,1,0,0.01
1772917834.122714503,0,0,11.06
1772917834.122714503,1,0,0.01
1772917835.145226595,0,62,11.06
1772917835.145226595,1,0,0.01
1772917836.167498390,0,67,11.06
1772917836.167498390,1,0,0.01
1772917837.190168615,0,99,11.06
1772917837.190168615,1,0,0.01
1772917838.213508208,0,66,11.06
1772917838.213508208,1,0,0.01
1772917839.236692823,0,0,11.06
1772917839.236692823,1,0,0.01
1772917840.259305221,0,0,11.06
1772917840.259305221,1,0,0.01
1772917841.281882221,0,0,11.06
1772917841.281882221,1,0,0.01
1772917842.304159351,0,0,11.06
1772917842.304159351,1,0,0.01
1772917843.326639112,0,0,11.06
1772917843.326639112,1,0,0.01
1772917844.348973437,0,0,11.06
1772917844.348973437,1,0,0.01
1772917845.372179396,0,0,11.06
1772917845.372179396,1,0,0.01
1772917846.394383959,0,0,11.06
1772917846.394383959,1,0,0.01
1772917847.416836348,0,0,11.06
1772917847.416836348,1,0,0.01
1772917848.438266026,0,0,11.06
1772917848.438266026,1,0,0.01
1772917849.460802497,0,0,11.06
1772917849.460802497,1,0,0.01
1772917850.483071492,0,5,11.06
1772917850.483071492,1,0,0.01
1772917851.505607786,0,68,11.06
1772917851.505607786,1,0,0.01
1772917852.528992240,0,53,11.06
1772917852.528992240,1,0,0.01
1772917853.551637895,0,0,11.06
1772917853.551637895,1,0,0.01
1772917854.573905405,0,0,11.06
1772917854.573905405,1,0,0.01
1772917855.596571816,0,0,11.06
1772917855.596571816,1,0,0.01
1772917856.619087157,0,0,11.06
1772917856.619087157,1,0,0.01
1772917857.640936028,0,0,11.06
1772917857.640936028,1,0,0.01
1772917858.663654917,0,0,11.06
1772917858.663654917,1,0,0.01
1772917859.685940327,0,0,11.06
1772917859.685940327,1,0,0.01
1772917860.708562151,0,0,11.06
1772917860.708562151,1,0,0.01
1772917861.730771273,0,0,11.06
1772917861.730771273,1,0,0.01
1772917862.753253372,0,0,11.06
1772917862.753253372,1,0,0.01
1772917863.776135366,0,0,11.06
1772917863.776135366,1,0,0.01
1772917864.798632945,0,0,11.06
1772917864.798632945,1,0,0.01
1772917865.821899806,0,0,11.06
1772917865.821899806,1,0,0.01
1772917866.844299076,0,0,11.06
1772917866.844299076,1,0,0.01
1772917867.867269608,0,0,11.06
1772917867.867269608,1,0,0.01
1772917868.889907246,0,0,11.06
1772917868.889907246,1,0,0.01
1772917869.912337501,0,0,11.06
1772917869.912337501,1,0,0.01
1772917870.933910463,0,68,11.06
1772917870.933910463,1,0,0.01
1772917871.956589729,0,68,11.06
1772917871.956589729,1,0,0.01
1772917872.979156186,0,0,11.06
1772917872.979156186,1,0,0.01
1772917874.002407513,0,0,11.06
1772917874.002407513,1,0,0.01
1772917875.024801419,0,0,11.06
1772917875.024801419,1,0,0.01
1772917876.047395753,0,0,11.06
1772917876.047395753,1,0,0.01
1772917877.070071551,0,0,11.06
1772917877.070071551,1,0,0.01
1772917878.092914906,0,0,11.06
1772917878.092914906,1,0,0.01
1772917879.114513188,0,0,11.06
1772917879.114513188,1,0,0.01
1772917880.136760082,0,0,11.06
1772917880.136760082,1,0,0.01
1772917881.159206893,0,0,11.06
1772917881.159206893,1,0,0.01
1772917882.181770532,0,1,11.06
1772917882.181770532,1,0,0.01
1772917883.204270739,0,0,11.06
1772917883.204270739,1,0,0.01
1772917884.226788061,0,0,11.06
1772917884.226788061,1,0,0.01
1772917885.249828776,0,0,11.06
1772917885.249828776,1,0,0.01
1772917886.271433370,0,0,11.06
1772917886.271433370,1,0,0.01
1772917887.293241784,0,0,11.06
1772917887.293241784,1,0,0.01
1772917888.315819767,0,0,11.06
1772917888.315819767,1,0,0.01
1772917889.339238416,0,0,11.06
1772917889.339238416,1,0,0.01
1772917890.360940856,0,0,11.06
1772917890.360940856,1,0,0.01
1772917891.383574046,0,67,11.06
1772917891.383574046,1,0,0.01
1772917892.407525575,0,67,11.06
1772917892.407525575,1,0,0.01
1772917893.430282967,0,0,11.06
1772917893.430282967,1,0,0.01
1772917894.451995481,0,0,11.06
1772917894.451995481,1,0,0.01
1772917895.474432287,0,0,11.06
1772917895.474432287,1,0,0.01
1772917896.496388321,0,0,11.06
1772917896.496388321,1,0,0.01
1772917897.519452021,0,0,11.06
1772917897.519452021,1,0,0.01
1772917898.542469648,0,0,11.06
1772917898.542469648,1,0,0.01
1772917899.565418820,0,0,11.06
1772917899.565418820,1,0,0.01
1772917900.587766700,0,0,11.06
1772917900.587766700,1,0,0.01
1772917901.610205888,0,0,11.06
1772917901.610205888,1,0,0.01
1772917902.631876618,0,0,11.06
1772917902.631876618,1,0,0.01
1772917903.654282318,0,40,11.06
1772917903.654282318,1,0,0.01
1772917904.676581951,0,71,11.06
1772917904.676581951,1,0,0.01
1772917905.699244992,0,21,11.06
1772917905.699244992,1,0,0.01
1772917906.720936633,0,0,11.06
1772917906.720936633,1,0,0.01
1772917907.744048404,0,65,11.06
1772917907.744048404,1,0,0.01
1772917908.766154673,0,64,11.06
1772917908.766154673,1,0,0.01
1772917909.789279873,0,0,11.06
1772917909.789279873,1,0,0.01
1772917910.810979396,0,0,11.06
1772917910.810979396,1,0,0.01
1772917911.833125426,0,1,11.06
1772917911.833125426,1,0,0.01
1772917912.855413392,0,0,11.06
1772917912.855413392,1,0,0.01
1772917913.878279514,0,0,11.06
1772917913.878279514,1,0,0.01
1772917914.900616710,0,0,11.06
1772917914.900616710,1,0,0.01
1772917915.922187071,0,0,11.06
1772917915.922187071,1,0,0.01
1772917916.943761686,0,0,11.06
1772917916.943761686,1,0,0.01
1772917917.966503578,0,68,11.06
1772917917.966503578,1,0,0.01
1772917918.988978554,0,20,11.06
1772917918.988978554,1,0,0.01
1772917920.011296781,0,0,11.06
1772917920.011296781,1,0,0.01
1772917921.033859726,0,0,11.06
1772917921.033859726,1,0,0.01
1772917922.056276157,0,0,11.06
1772917922.056276157,1,0,0.01
1772917923.078992221,0,0,11.06
1772917923.078992221,1,0,0.01
1772917924.101337037,0,0,11.06
1772917924.101337037,1,0,0.01
1772917925.123852962,0,0,11.06
1772917925.123852962,1,0,0.01
1772917926.146124326,0,0,11.06
1772917926.146124326,1,0,0.01
1772917927.169661189,0,0,11.06
1772917927.169661189,1,0,0.01
1772917928.191484183,0,0,11.06
1772917928.191484183,1,0,0.01
1772917929.213751478,0,0,11.06
1772917929.213751478,1,0,0.01
1772917930.236293151,0,0,11.06
1772917930.236293151,1,0,0.01
1772917931.258721238,0,0,11.06
1772917931.258721238,1,0,0.01
1772917932.281283982,0,0,11.06
1772917932.281283982,1,0,0.01
1772917933.303938209,0,0,11.06
1772917933.303938209,1,0,0.01
1772917934.326982124,0,0,11.06
1772917934.326982124,1,0,0.01
1772917935.350226417,0,0,11.06
1772917935.350226417,1,0,0.01
1772917936.372684088,0,0,11.06
1772917936.372684088,1,0,0.01
1772917937.395294207,0,68,11.06
1772917937.395294207,1,0,0.01
1772917938.417188145,0,69,11.06
1772917938.417188145,1,0,0.01
1772917939.439897530,0,0,11.06
1772917939.439897530,1,0,0.01
1772917940.462137318,0,0,11.06
1772917940.462137318,1,0,0.01
1772917941.484960205,0,0,11.06
1772917941.484960205,1,0,0.01
1772917942.506419558,0,0,11.06
1772917942.506419558,1,0,0.01
1772917943.529308786,0,68,11.06
1772917943.529308786,1,0,0.01
1772917944.550920025,0,68,11.06
1772917944.550920025,1,0,0.01
1772917945.573538310,0,0,11.06
1772917945.573538310,1,0,0.01
1772917946.596712493,0,0,11.06
1772917946.596712493,1,0,0.01
1772917947.619224716,0,0,11.06
1772917947.619224716,1,0,0.01
1772917948.641502840,0,66,11.06
1772917948.641502840,1,0,0.01
1772917949.664174374,0,66,11.06
1772917949.664174374,1,0,0.01
1772917950.686963951,0,0,11.06
1772917950.686963951,1,0,0.01
1772917951.709910431,0,0,11.06
1772917951.709910431,1,0,0.01
1772917952.732650783,0,0,11.06
1772917952.732650783,1,0,0.01
1772917953.755290478,0,0,11.06
1772917953.755290478,1,0,0.01
1772917954.777731983,0,0,11.06
1772917954.777731983,1,0,0.01
1772917955.800228637,0,0,11.06
1772917955.800228637,1,0,0.01
1772917956.823400801,0,0,11.06
1772917956.823400801,1,0,0.01
1772917957.845721983,0,0,11.06
1772917957.845721983,1,0,0.01
1772917958.867201683,0,0,11.06
1772917958.867201683,1,0,0.01
1772917959.889029616,0,0,11.06
1772917959.889029616,1,0,0.01
1772917960.911796311,0,0,11.06
1772917960.911796311,1,0,0.01
1772917961.933721085,0,70,11.06
1772917961.933721085,1,0,0.01
1772917962.956979534,0,70,11.06
1772917962.956979534,1,0,0.01
1772917963.979738886,0,0,11.06
1772917963.979738886,1,0,0.01
1772917965.002971984,0,0,11.06
1772917965.002971984,1,0,0.01
1772917966.024926866,0,0,11.06
1772917966.024926866,1,0,0.01
1772917967.047324530,0,0,11.06
1772917967.047324530,1,0,0.01
1772917968.069844345,0,1,11.06
1772917968.069844345,1,0,0.01
1772917969.092847157,0,70,11.06
1772917969.092847157,1,0,0.01
1772917970.115171647,0,68,11.06
1772917970.115171647,1,0,0.01
1772917971.137714154,0,0,11.06
1772917971.137714154,1,0,0.01
1772917972.160210605,0,1,11.06
1772917972.160210605,1,0,0.01
1772917973.182931958,0,0,11.06
1772917973.182931958,1,0,0.01
1772917974.204470710,0,0,11.06
1772917974.204470710,1,0,0.01
1772917975.227058067,0,66,11.06
1772917975.227058067,1,0,0.01
1772917976.249184837,0,66,11.06
1772917976.249184837,1,0,0.01
1772917977.271955346,0,0,11.06
1772917977.271955346,1,0,0.01
1772917978.294998408,0,0,11.06
1772917978.294998408,1,0,0.01
1772917979.317494276,0,0,11.06
1772917979.317494276,1,0,0.01
1772917980.339800832,0,0,11.06
1772917980.339800832,1,0,0.01
1772917981.362031931,0,0,11.06
1772917981.362031931,1,0,0.01
1772917982.384567681,0,0,11.06
1772917982.384567681,1,0,0.01
1772917983.406126359,0,0,11.06
1772917983.406126359,1,0,0.01
1772917984.429206937,0,0,11.06
1772917984.429206937,1,0,0.01
1772917985.451637337,0,66,11.06
1772917985.451637337,1,0,0.01
1772917986.473951000,0,65,11.06
1772917986.473951000,1,0,0.01
1772917987.495805615,0,1,11.06
1772917987.495805615,1,0,0.01
1772917988.518298113,0,0,11.06
1772917988.518298113,1,0,0.01
1772917989.541631068,0,0,11.06
1772917989.541631068,1,0,0.01
1772917990.564537833,0,0,11.06
1772917990.564537833,1,0,0.01
1772917991.587267874,0,0,11.06
1772917991.587267874,1,0,0.01
1772917992.609888485,0,20,11.06
1772917992.609888485,1,0,0.01
1772917993.632155806,0,100,11.06
1772917993.632155806,1,0,0.01
1772917994.654706936,0,100,11.06
1772917994.654706936,1,0,0.01
1772917995.677851461,0,100,11.06
1772917995.677851461,1,0,0.01
1772917996.700499373,0,100,11.06
1772917996.700499373,1,0,0.01
1772917997.723173307,0,46,11.06
1772917997.723173307,1,0,0.01
1772917998.745509900,0,0,11.06
1772917998.745509900,1,0,0.01
1772917999.767281422,0,0,11.06
1772917999.767281422,1,0,0.01
1772918000.789964006,0,0,11.06
1772918000.789964006,1,0,0.01
1772918001.812986205,0,0,11.06
1772918001.812986205,1,0,0.01
1772918002.835423000,0,0,11.06
1772918002.835423000,1,0,0.01
1772918003.857897180,0,0,11.06
1772918003.857897180,1,0,0.01
1772918004.881219127,0,1,11.06
1772918004.881219127,1,0,0.01
1772918005.904206575,0,1,11.06
1772918005.904206575,1,0,0.01
1772918006.926648086,0,0,11.06
1772918006.926648086,1,0,0.01
1772918007.949251772,0,0,11.06
1772918007.949251772,1,0,0.01
1772918008.971324040,0,0,11.06
1772918008.971324040,1,0,0.01
1772918009.993834883,0,0,11.06
1772918009.993834883,1,0,0.01
1772918011.016376727,0,0,11.06
1772918011.016376727,1,0,0.01
1772918012.038807631,0,0,11.06
1772918012.038807631,1,0,0.01
1772918013.061209165,0,0,11.06
1772918013.061209165,1,0,0.01
1772918014.084459458,0,0,11.06
1772918014.084459458,1,0,0.01
1772918015.107485332,0,71,11.06
1772918015.107485332,1,0,0.01
1772918016.129803300,0,71,11.06
1772918016.129803300,1,0,0.01
1772918017.153209243,0,0,11.06
1772918017.153209243,1,0,0.01
1772918018.175793241,0,0,11.06
1772918018.175793241,1,0,0.01
1772918019.198367058,0,0,11.06
1772918019.198367058,1,0,0.01
1772918020.221424236,0,0,11.06
1772918020.221424236,1,0,0.01
1772918021.243046642,0,0,11.06
1772918021.243046642,1,0,0.01
1772918022.265653836,0,0,11.06
1772918022.265653836,1,0,0.01
1772918023.287582235,0,0,11.06
1772918023.287582235,1,0,0.01
1772918024.310087125,0,0,11.06
1772918024.310087125,1,0,0.01
1772918025.333047965,0,0,11.06
1772918025.333047965,1,0,0.01
1772918026.355669649,0,0,11.06
1772918026.355669649,1,0,0.01
1772918027.378232851,0,0,11.06
1772918027.378232851,1,0,0.01
1772918028.400891029,0,0,11.06
1772918028.400891029,1,0,0.01
1772918029.424200586,0,62,11.06
1772918029.424200586,1,0,0.01
1772918030.446356765,0,63,11.06
1772918030.446356765,1,0,0.01
1772918031.469091471,0,99,11.06
1772918031.469091471,1,0,0.01
1772918032.491120727,0,99,11.06
1772918032.491120727,1,0,0.01
1772918033.513714607,0,99,11.06
1772918033.513714607,1,0,0.01
1772918034.536681267,0,0,11.06
1772918034.536681267,1,0,0.01
1772918035.559898034,0,0,11.06
1772918035.559898034,1,0,0.01
1772918036.581675111,0,0,11.06
1772918036.581675111,1,0,0.01
1772918037.604072571,0,0,11.06
1772918037.604072571,1,0,0.01
1772918038.627210028,0,0,11.06
1772918038.627210028,1,0,0.01
1772918039.649847452,0,0,11.06
1772918039.649847452,1,0,0.01
1772918040.671430276,0,70,11.06
1772918040.671430276,1,0,0.01
1772918041.693826400,0,69,11.06
1772918041.693826400,1,0,0.01
1772918042.715601291,0,0,11.06
1772918042.715601291,1,0,0.01
1772918043.738219688,0,0,11.06
1772918043.738219688,1,0,0.01
1772918044.761340945,0,71,11.06
1772918044.761340945,1,0,0.01
1772918045.783696152,0,99,11.06
1772918045.783696152,1,0,0.01
1772918046.806114238,0,99,11.06
1772918046.806114238,1,0,0.01
1772918047.828580923,0,72,11.06
1772918047.828580923,1,0,0.01
1772918048.850940901,0,0,11.06
1772918048.850940901,1,0,0.01
1772918049.873442880,0,69,11.06
1772918049.873442880,1,0,0.01
1772918050.896781988,0,69,11.06
1772918050.896781988,1,0,0.01
1772918051.919431167,0,0,11.06
1772918051.919431167,1,0,0.01
1772918052.941846642,0,0,11.06
1772918052.941846642,1,0,0.01
1772918053.964293466,0,0,11.06
1772918053.964293466,1,0,0.01
1772918054.986690678,0,0,11.06
1772918054.986690678,1,0,0.01
1772918056.009784574,0,0,11.06
1772918056.009784574,1,0,0.01
1772918057.032204630,0,0,11.06
1772918057.032204630,1,0,0.01
1772918058.054773933,0,0,11.06
1772918058.054773933,1,0,0.01
1772918059.078042894,0,1,11.06
1772918059.078042894,1,0,0.01
1772918060.100542987,0,0,11.06
1772918060.100542987,1,0,0.01
1772918061.123736538,0,0,11.06
1772918061.123736538,1,0,0.01
1772918062.146824870,0,0,11.06
1772918062.146824870,1,0,0.01
1772918063.169316834,0,0,11.06
1772918063.169316834,1,0,0.01
1772918064.191565867,0,0,11.06
1772918064.191565867,1,0,0.01
1772918065.214851973,0,0,11.06
1772918065.214851973,1,0,0.01
1772918066.236779068,0,0,11.06
1772918066.236779068,1,0,0.01
1772918067.259366881,0,0,11.06
1772918067.259366881,1,0,0.01
1772918068.281012037,0,0,11.06
1772918068.281012037,1,0,0.01
1772918069.304166678,0,0,11.06
1772918069.304166678,1,0,0.01
1772918070.326864608,0,0,11.06
1772918070.326864608,1,0,0.01
1772918071.349652690,0,99,11.06
1772918071.349652690,1,0,0.01
1772918072.372013622,0,99,11.06
1772918072.372013622,1,0,0.01
1772918073.394901976,0,99,11.06
1772918073.394901976,1,0,0.01
1772918074.417999855,0,30,11.06
1772918074.417999855,1,0,0.01
1772918075.441164703,0,0,11.06
1772918075.441164703,1,0,0.01
1772918076.462880604,0,0,11.06
1772918076.462880604,1,0,0.01
1772918077.485427321,0,0,11.06
1772918077.485427321,1,0,0.01
1772918078.508111518,0,0,11.06
1772918078.508111518,1,0,0.01
1772918079.530768655,0,67,11.06
1772918079.530768655,1,0,0.01
1772918080.552867017,0,68,11.06
1772918080.552867017,1,0,0.01
1772918081.576160798,0,0,11.06
1772918081.576160798,1,0,0.01
1772918082.598585701,0,0,11.06
1772918082.598585701,1,0,0.01
1772918083.621909227,0,66,11.06
1772918083.621909227,1,0,0.01
1772918084.644936413,0,67,11.06
1772918084.644936413,1,0,0.01
1772918085.667802713,0,0,11.06
1772918085.667802713,1,0,0.01
1772918086.689366097,0,0,11.06
1772918086.689366097,1,0,0.01
1772918087.711924727,0,0,11.06
1772918087.711924727,1,0,0.01
1772918088.733656184,0,0,11.06
1772918088.733656184,1,0,0.01
1772918089.756043629,0,0,11.06
1772918089.756043629,1,0,0.01
1772918090.778326134,0,0,11.06
1772918090.778326134,1,0,0.01
1772918091.800749454,0,0,11.06
1772918091.800749454,1,0,0.01
1772918092.823042748,0,0,11.06
1772918092.823042748,1,0,0.01
1772918093.845536970,0,67,11.06
1772918093.845536970,1,0,0.01
1772918094.867137313,0,66,11.06
1772918094.867137313,1,0,0.01
1772918095.890004909,0,0,11.06
1772918095.890004909,1,0,0.01
1772918096.912610158,0,0,11.06
1772918096.912610158,1,0,0.01
1772918097.935168182,0,68,11.06
1772918097.935168182,1,0,0.01
1772918098.956917869,0,68,11.06
1772918098.956917869,1,0,0.01
1772918099.979594464,0,0,11.06
1772918099.979594464,1,0,0.01
1772918101.002055477,0,0,11.06
1772918101.002055477,1,0,0.01
1772918102.024645009,0,0,11.06
1772918102.024645009,1,0,0.01
1772918103.047205283,0,0,11.06
1772918103.047205283,1,0,0.01
1772918104.070378197,0,0,11.06
1772918104.070378197,1,0,0.01
1772918105.093225267,0,0,11.06
1772918105.093225267,1,0,0.01
1772918106.115963746,0,0,11.06
1772918106.115963746,1,0,0.01
1772918107.138426505,0,0,11.06
1772918107.138426505,1,0,0.01
1772918108.161177946,0,0,11.06
1772918108.161177946,1,0,0.01
1772918109.183808488,0,0,11.06
1772918109.183808488,1,0,0.01
1772918110.206362257,0,0,11.06
1772918110.206362257,1,0,0.01
1772918111.228900937,0,0,11.06
1772918111.228900937,1,0,0.01
1772918112.251319853,0,0,11.06
1772918112.251319853,1,0,0.01
1772918113.274556989,0,0,11.06
1772918113.274556989,1,0,0.01
1772918114.297119465,0,0,11.06
1772918114.297119465,1,0,0.01
1772918115.320172272,0,0,11.06
1772918115.320172272,1,0,0.01
1772918116.342699978,0,0,11.06
1772918116.342699978,1,0,0.01
1772918117.365222029,0,0,11.06
1772918117.365222029,1,0,0.01
1772918118.387404275,0,0,11.06
1772918118.387404275,1,0,0.01
1772918119.410600581,0,0,11.06
1772918119.410600581,1,0,0.01
1772918120.433389018,0,0,11.06
1772918120.433389018,1,0,0.01
1772918121.455093389,0,0,11.06
1772918121.455093389,1,0,0.01
1772918122.477610240,0,0,11.06
1772918122.477610240,1,0,0.01
1772918123.499564911,0,65,11.06
1772918123.499564911,1,0,0.01
1772918124.522345409,0,65,11.06
1772918124.522345409,1,0,0.01
1772918125.544429108,0,0,11.06
1772918125.544429108,1,0,0.01
1772918126.567072932,0,0,11.06
1772918126.567072932,1,0,0.01
1772918127.589741997,0,0,11.06
1772918127.589741997,1,0,0.01
1772918128.612287616,0,0,11.06
1772918128.612287616,1,0,0.01
1772918129.634873190,0,0,11.06
1772918129.634873190,1,0,0.01
1772918130.657546995,0,0,11.06
1772918130.657546995,1,0,0.01
1772918131.680242420,0,0,11.06
1772918131.680242420,1,0,0.01
1772918132.702137808,0,0,11.06
1772918132.702137808,1,0,0.01
1772918133.725428851,0,0,11.06
1772918133.725428851,1,0,0.01
1772918134.747913683,0,0,11.06
1772918134.747913683,1,0,0.01
1772918135.770123626,0,0,11.06
1772918135.770123626,1,0,0.01
1772918136.791782944,0,0,11.06
1772918136.791782944,1,0,0.01
1772918137.813727206,0,0,11.06
1772918137.813727206,1,0,0.01
1772918138.836806422,0,0,11.06
1772918138.836806422,1,0,0.01
1772918139.858698804,0,0,11.06
1772918139.858698804,1,0,0.01
1772918140.882189700,0,0,11.06
1772918140.882189700,1,0,0.01
1772918141.903736261,0,67,11.06
1772918141.903736261,1,0,0.01
1772918142.925572164,0,67,11.06
1772918142.925572164,1,0,0.01
1772918143.947811215,0,0,11.06
1772918143.947811215,1,0,0.01
1772918144.970366889,0,0,11.06
1772918144.970366889,1,0,0.01
1772918145.992227651,0,0,11.06
1772918145.992227651,1,0,0.01
1772918147.014504479,0,0,11.06
1772918147.014504479,1,0,0.01
1772918148.037366187,0,69,11.06
1772918148.037366187,1,0,0.01
1772918149.061168858,0,68,11.06
1772918149.061168858,1,0,0.01
1772918150.084027376,0,93,11.06
1772918150.084027376,1,0,0.01
1772918151.106520659,0,69,11.06
1772918151.106520659,1,0,0.01
1772918152.128488430,0,0,11.06
1772918152.128488430,1,0,0.01
1772918153.150314712,0,0,11.06
1772918153.150314712,1,0,0.01
1772918154.172968843,0,0,11.06
1772918154.172968843,1,0,0.01
1772918155.195483681,0,0,11.06
1772918155.195483681,1,0,0.01
1772918156.218020505,0,0,11.06
1772918156.218020505,1,0,0.01
1772918157.240575523,0,0,11.06
1772918157.240575523,1,0,0.01
1772918158.263078603,0,0,11.06
1772918158.263078603,1,0,0.01
1772918159.285698361,0,0,11.06
1772918159.285698361,1,0,0.01
1772918160.308029021,0,0,11.06
1772918160.308029021,1,0,0.01
1772918161.330745878,0,0,11.06
1772918161.330745878,1,0,0.01
1772918162.352957885,0,0,11.06
1772918162.352957885,1,0,0.01
1772918163.375212596,0,65,11.06
1772918163.375212596,1,0,0.01
1772918164.397895541,0,65,11.06
1772918164.397895541,1,0,0.01
1772918165.421341111,0,0,11.06
1772918165.421341111,1,0,0.01
1772918166.443992672,0,0,11.06
1772918166.443992672,1,0,0.01
1772918167.466238627,0,0,11.06
1772918167.466238627,1,0,0.01
1772918168.488775295,0,0,11.06
1772918168.488775295,1,0,0.01
1772918169.511338607,0,0,11.06
1772918169.511338607,1,0,0.01
1772918170.534045933,0,0,11.06
1772918170.534045933,1,0,0.01
1772918171.556553187,0,0,11.06
1772918171.556553187,1,0,0.01
1772918172.579672576,0,0,11.06
1772918172.579672576,1,0,0.01
1772918173.602312199,0,0,11.06
1772918173.602312199,1,0,0.01
1772918174.624991634,0,0,11.06
1772918174.624991634,1,0,0.01
1772918175.646944231,0,0,11.06
1772918175.646944231,1,0,0.01
1772918176.669450668,0,0,11.06
1772918176.669450668,1,0,0.01
1772918177.691616505,0,0,11.06
1772918177.691616505,1,0,0.01
1772918178.714149693,0,0,11.06
1772918178.714149693,1,0,0.01
1772918179.736378205,0,0,11.06
1772918179.736378205,1,0,0.01
1772918180.758958380,0,0,11.06
1772918180.758958380,1,0,0.01
1772918181.781323077,0,0,11.06
1772918181.781323077,1,0,0.01
1772918182.803939905,0,0,11.06
1772918182.803939905,1,0,0.01
1772918183.826366316,0,0,11.06
1772918183.826366316,1,0,0.01
1772918184.849197628,0,0,11.06
1772918184.849197628,1,0,0.01
1772918185.871617505,0,0,11.06
1772918185.871617505,1,0,0.01
1772918186.894238794,0,0,11.06
1772918186.894238794,1,0,0.01
1772918187.916435027,0,0,11.06
1772918187.916435027,1,0,0.01
1772918188.939066082,0,0,11.06
1772918188.939066082,1,0,0.01
1772918189.961379493,0,0,11.06
1772918189.961379493,1,0,0.01
1772918190.984048174,0,99,11.06
1772918190.984048174,1,0,0.01
1772918192.006074117,0,99,11.06
1772918192.006074117,1,0,0.01
1772918193.028823416,0,99,11.06
1772918193.028823416,1,0,0.01
1772918194.051885274,0,0,11.06
1772918194.051885274,1,0,0.01
1772918195.074460680,0,0,11.06
1772918195.074460680,1,0,0.01
1772918196.097056507,0,0,11.06
1772918196.097056507,1,0,0.01
1772918197.120271830,0,0,11.06
1772918197.120271830,1,0,0.01
1772918198.142173944,0,0,11.06
1772918198.142173944,1,0,0.01
1772918199.164391822,0,0,11.06
1772918199.164391822,1,0,0.01
1772918200.187360238,0,0,11.06
1772918200.187360238,1,0,0.01
1772918201.210852216,0,0,11.06
1772918201.210852216,1,0,0.01
1772918202.233437485,0,0,11.06
1772918202.233437485,1,0,0.01
1772918203.255887389,0,0,11.06
1772918203.255887389,1,0,0.01
1772918204.279318723,0,0,11.06
1772918204.279318723,1,0,0.01
1772918205.301757285,0,63,11.06
1772918205.301757285,1,0,0.01
1772918206.324788261,0,64,11.06
1772918206.324788261,1,0,0.01
1772918207.347496683,0,0,11.06
1772918207.347496683,1,0,0.01
1772918208.369817253,0,0,11.06
1772918208.369817253,1,0,0.01
1772918209.392171871,0,0,11.06
1772918209.392171871,1,0,0.01
1772918210.415264155,0,0,11.06
1772918210.415264155,1,0,0.01
1772918211.436946164,0,0,11.06
1772918211.436946164,1,0,0.01
1772918212.459530455,0,0,11.06
1772918212.459530455,1,0,0.01
1772918213.482787652,0,0,11.06
1772918213.482787652,1,0,0.01
1772918214.505196381,0,1,11.06
1772918214.505196381,1,0,0.01
1772918215.527909570,0,0,11.06
1772918215.527909570,1,0,0.01
1772918216.549779115,0,0,11.06
1772918216.549779115,1,0,0.01
1772918217.572438989,0,52,11.06
1772918217.572438989,1,0,0.01
1772918218.595242227,0,68,11.06
1772918218.595242227,1,0,0.01
1772918219.617436012,0,5,11.06
1772918219.617436012,1,0,0.01
1772918220.639888271,0,0,11.06
1772918220.639888271,1,0,0.01
1772918221.662389150,0,0,11.06
1772918221.662389150,1,0,0.01
1772918222.684831277,0,0,11.06
1772918222.684831277,1,0,0.01
1772918223.707342141,0,0,11.06
1772918223.707342141,1,0,0.01
1772918224.729267901,0,69,11.06
1772918224.729267901,1,0,0.01
1772918225.751774164,0,63,11.06
1772918225.751774164,1,0,0.01
1772918226.774299715,0,0,11.06
1772918226.774299715,1,0,0.01
1772918227.797308477,0,65,11.06
1772918227.797308477,1,0,0.01
1772918228.819873150,0,65,11.06
1772918228.819873150,1,0,0.01
1772918229.842430859,0,0,11.06
1772918229.842430859,1,0,0.01
1772918230.864785239,0,0,11.06
1772918230.864785239,1,0,0.01
1772918231.887225791,0,0,11.06
1772918231.887225791,1,0,0.01
1772918232.909415517,0,0,11.06
1772918232.909415517,1,0,0.01
1772918233.931855645,0,4,11.06
1772918233.931855645,1,0,0.01
1772918234.954287676,0,68,11.06
1772918234.954287676,1,0,0.01
1772918235.976758808,0,68,11.06
1772918235.976758808,1,0,0.01
1772918236.999232595,0,0,11.06
1772918236.999232595,1,0,0.01
1772918238.022658374,0,0,11.06
1772918238.022658374,1,0,0.01
1772918239.044221293,0,0,11.06
1772918239.044221293,1,0,0.01
1772918240.066633961,0,0,11.06
1772918240.066633961,1,0,0.01
1772918241.089609965,0,1,11.06
1772918241.089609965,1,0,0.01
1772918242.112718510,0,0,11.06
1772918242.112718510,1,0,0.01
1772918243.135278985,0,0,11.06
1772918243.135278985,1,0,0.01
1772918244.157584360,0,1,11.06
1772918244.157584360,1,0,0.01
1772918245.179824825,0,0,11.06
1772918245.179824825,1,0,0.01
1772918246.202407491,0,0,11.06
1772918246.202407491,1,0,0.01
1772918247.225591404,0,0,11.06
1772918247.225591404,1,0,0.01
1772918248.248195385,0,0,11.06
1772918248.248195385,1,0,0.01
1772918249.269448746,0,0,11.06
1772918249.269448746,1,0,0.01
1772918250.291999084,0,0,11.06
1772918250.291999084,1,0,0.01
1772918251.313799613,0,0,11.06
1772918251.313799613,1,0,0.01
1772918252.336891201,0,0,11.06
1772918252.336891201,1,0,0.01
1772918253.358727984,0,0,11.06
1772918253.358727984,1,0,0.01
1772918254.381777870,0,0,11.06
1772918254.381777870,1,0,0.01
1772918255.404857130,0,68,11.06
1772918255.404857130,1,0,0.01
1772918256.427076378,0,68,11.06
1772918256.427076378,1,0,0.01
1772918257.450135511,0,77,11.06
1772918257.450135511,1,0,0.01
1772918258.473366418,0,99,11.06
1772918258.473366418,1,0,0.01
1772918259.496554298,0,99,11.06
1772918259.496554298,1,0,0.01
1772918260.519464207,0,68,11.06
1772918260.519464207,1,0,0.01
1772918261.542004706,0,0,11.06
1772918261.542004706,1,0,0.01
1772918262.563384407,0,0,11.06
1772918262.563384407,1,0,0.01
1772918263.585973710,0,0,11.06
1772918263.585973710,1,0,0.01
1772918264.607920057,0,0,11.06
1772918264.607920057,1,0,0.01
1772918265.629976034,0,0,11.06
1772918265.629976034,1,0,0.01
1772918266.652906928,0,0,11.06
1772918266.652906928,1,0,0.01
1772918267.675400633,0,0,11.06
1772918267.675400633,1,0,0.01
1772918268.698853466,0,0,11.06
1772918268.698853466,1,0,0.01
1772918269.721879487,0,0,11.06
1772918269.721879487,1,0,0.01
1772918270.744363588,0,0,11.06
1772918270.744363588,1,0,0.01
1772918271.766925071,0,0,11.06
1772918271.766925071,1,0,0.01
1772918272.789494924,0,0,11.06
1772918272.789494924,1,0,0.01
1772918273.812013439,0,0,11.06
1772918273.812013439,1,0,0.01
1772918274.835163122,0,0,11.06
1772918274.835163122,1,0,0.01
1772918275.857728616,0,0,11.06
1772918275.857728616,1,0,0.01
1772918276.880876764,0,0,11.06
1772918276.880876764,1,0,0.01
1772918277.903948628,0,0,11.06
1772918277.903948628,1,0,0.01
1772918278.926982766,0,0,11.06
1772918278.926982766,1,0,0.01
1772918279.949364301,0,0,11.06
1772918279.949364301,1,0,0.01
1772918280.972179881,0,0,11.06
1772918280.972179881,1,0,0.01
1772918281.994619560,0,0,11.06
1772918281.994619560,1,0,0.01
1772918283.017993703,0,64,11.06
1772918283.017993703,1,0,0.01
1772918284.040792138,0,63,11.06
1772918284.040792138,1,0,0.01
1772918285.063402871,0,65,11.06
1772918285.063402871,1,0,0.01
1772918286.086912451,0,65,11.06
1772918286.086912451,1,0,0.01
1772918287.109657053,0,0,11.06
1772918287.109657053,1,0,0.01
1772918288.132478525,0,0,11.06
1772918288.132478525,1,0,0.01
1772918289.155580676,0,70,11.06
1772918289.155580676,1,0,0.01
1772918290.178168968,0,70,11.06
1772918290.178168968,1,0,0.01
1772918291.200915218,0,0,11.06
1772918291.200915218,1,0,0.01
1772918292.224262992,0,0,11.06
1772918292.224262992,1,0,0.01
1772918293.245904081,0,0,11.06
1772918293.245904081,1,0,0.01
1772918294.269466207,0,0,11.06
1772918294.269466207,1,0,0.01
1772918295.292155539,0,0,11.06
1772918295.292155539,1,0,0.01
1772918296.314451903,0,0,11.06
1772918296.314451903,1,0,0.01
1772918297.336175061,0,0,11.06
1772918297.336175061,1,0,0.01
1772918298.359426479,0,0,11.06
1772918298.359426479,1,0,0.01
1772918299.381668608,0,0,11.06
1772918299.381668608,1,0,0.01
1772918300.404228142,0,68,11.06
1772918300.404228142,1,0,0.01
1772918301.426169185,0,99,11.06
1772918301.426169185,1,0,0.01
1772918302.448854061,0,99,11.06
1772918302.448854061,1,0,0.01
1772918303.471283816,0,12,11.06
1772918303.471283816,1,0,0.01
1772918304.493712766,0,0,11.06
1772918304.493712766,1,0,0.01
1772918305.516930375,0,0,11.06
1772918305.516930375,1,0,0.01
1772918306.538590270,0,0,11.06
1772918306.538590270,1,0,0.01
1772918307.561718470,0,1,11.06
1772918307.561718470,1,0,0.01
1772918308.583659739,0,0,11.06
1772918308.583659739,1,0,0.01
1772918309.606206972,0,0,11.06
1772918309.606206972,1,0,0.01
1772918310.628623612,0,0,11.06
1772918310.628623612,1,0,0.01
1772918311.651941661,0,99,11.06
1772918311.651941661,1,0,0.01
1772918312.673949084,0,99,11.06
1772918312.673949084,1,0,0.01
1772918313.696808442,0,99,11.06
1772918313.696808442,1,0,0.01
1772918314.719434389,0,0,11.06
1772918314.719434389,1,0,0.01
1772918315.741681370,0,0,11.06
1772918315.741681370,1,0,0.01
1772918316.764192672,0,0,11.06
1772918316.764192672,1,0,0.01
1772918317.786388068,0,0,11.06
1772918317.786388068,1,0,0.01
1772918318.808855223,0,0,11.06
1772918318.808855223,1,0,0.01
1772918319.832347954,0,1,11.06
1772918319.832347954,1,0,0.01
1772918320.854115778,0,0,11.06
1772918320.854115778,1,0,0.01
1772918321.876550004,0,0,11.06
1772918321.876550004,1,0,0.01
1772918322.899020299,0,64,11.06
1772918322.899020299,1,0,0.01
1772918323.921609197,0,64,11.06
1772918323.921609197,1,0,0.01
1772918324.943653835,0,0,11.06
1772918324.943653835,1,0,0.01
1772918325.967059086,0,0,11.06
1772918325.967059086,1,0,0.01
1772918326.988910804,0,0,11.06
1772918326.988910804,1,0,0.01
1772918328.011868546,0,1,11.06
1772918328.011868546,1,0,0.01
1772918329.034212080,0,0,11.06
1772918329.034212080,1,0,0.01
1772918330.056452713,0,0,11.06
1772918330.056452713,1,0,0.01
1772918331.079563988,0,0,11.06
1772918331.079563988,1,0,0.01
1772918332.102567841,0,0,11.06
1772918332.102567841,1,0,0.01
1772918333.124762944,0,1,11.06
1772918333.124762944,1,0,0.01
1772918334.147430213,0,0,11.06
1772918334.147430213,1,0,0.01
1772918335.169955574,0,0,11.06
1772918335.169955574,1,0,0.01
1772918336.192649816,0,0,11.06
1772918336.192649816,1,0,0.01
1772918337.215166868,0,0,11.06
1772918337.215166868,1,0,0.01
1772918338.237572219,0,0,11.06
1772918338.237572219,1,0,0.01
1772918339.260230874,0,0,11.06
1772918339.260230874,1,0,0.01
1772918340.282205907,0,0,11.06
1772918340.282205907,1,0,0.01
1772918341.304785331,0,1,11.06
1772918341.304785331,1,0,0.01
1772918342.328150894,0,0,11.06
1772918342.328150894,1,0,0.01
1772918343.349894688,0,0,11.06
1772918343.349894688,1,0,0.01
1772918344.373138570,0,0,11.06
1772918344.373138570,1,0,0.01
1772918345.395327486,0,0,11.06
1772918345.395327486,1,0,0.01
1772918346.417781361,0,7,11.06
1772918346.417781361,1,0,0.01
1772918347.439712865,0,71,11.06
1772918347.439712865,1,0,0.01
1772918348.462442332,0,53,11.06
1772918348.462442332,1,0,0.01
1772918349.484843802,0,69,11.06
1772918349.484843802,1,0,0.01
1772918350.506780856,0,69,11.06
1772918350.506780856,1,0,0.01
1772918351.529869796,0,0,11.06
1772918351.529869796,1,0,0.01
1772918352.551925600,0,0,11.06
1772918352.551925600,1,0,0.01
1772918353.573557684,0,0,11.06
1772918353.573557684,1,0,0.01
1772918354.595999979,0,0,11.06
1772918354.595999979,1,0,0.01
1772918355.618636586,0,0,11.06
1772918355.618636586,1,0,0.01
1772918356.640993050,0,0,11.06
1772918356.640993050,1,0,0.01
1772918357.663522378,0,0,11.06
1772918357.663522378,1,0,0.01
1772918358.685124613,0,0,11.06
1772918358.685124613,1,0,0.01
1772918359.708295807,0,0,11.06
1772918359.708295807,1,0,0.01
1772918360.731386856,0,0,11.06
1772918360.731386856,1,0,0.01
1772918361.753149018,0,0,11.06
1772918361.753149018,1,0,0.01
1772918362.775801210,0,67,11.06
1772918362.775801210,1,0,0.01
1772918363.798576225,0,67,11.06
1772918363.798576225,1,0,0.01
1772918364.821136685,0,0,11.06
1772918364.821136685,1,0,0.01
1772918365.842837979,0,0,11.06
1772918365.842837979,1,0,0.01
1772918366.865481720,0,0,11.06
1772918366.865481720,1,0,0.01
1772918367.887488700,0,66,11.06
1772918367.887488700,1,0,0.01
1772918368.909273739,0,66,11.06
1772918368.909273739,1,0,0.01
1772918369.932042616,0,0,11.06
1772918369.932042616,1,0,0.01
1772918370.954606056,0,0,11.06
1772918370.954606056,1,0,0.01
1772918371.977169369,0,0,11.06
1772918371.977169369,1,0,0.01
1772918372.998798718,0,0,11.06
1772918372.998798718,1,0,0.01
1772918374.021964667,0,0,11.06
1772918374.021964667,1,0,0.01
1772918375.044440011,0,67,11.06
1772918375.044440011,1,0,0.01
1772918376.066949449,0,67,11.06
1772918376.066949449,1,0,0.01
1772918377.090211433,0,0,11.06
1772918377.090211433,1,0,0.01
1772918378.112631796,0,0,11.06
1772918378.112631796,1,0,0.01
1772918379.135734399,0,0,11.06
1772918379.135734399,1,0,0.01
1772918380.157475783,0,0,11.06
1772918380.157475783,1,0,0.01
1772918381.179915187,0,0,11.06
1772918381.179915187,1,0,0.01
1772918382.201831513,0,0,11.06
1772918382.201831513,1,0,0.01
1772918383.224237398,0,0,11.06
1772918383.224237398,1,0,0.01
1772918384.247425819,0,0,11.06
1772918384.247425819,1,0,0.01
1772918385.270964217,0,1,11.06
1772918385.270964217,1,0,0.01
1772918386.294372084,0,0,11.06
1772918386.294372084,1,0,0.01
1772918387.316989471,0,69,11.06
1772918387.316989471,1,0,0.01
1772918388.340396465,0,69,11.06
1772918388.340396465,1,0,0.01
1772918389.363690271,0,72,11.06
1772918389.363690271,1,0,0.01
1772918390.385659193,0,71,11.06
1772918390.385659193,1,0,0.01
1772918391.407511008,0,0,11.06
1772918391.407511008,1,0,0.01
1772918392.430582795,0,0,11.06
1772918392.430582795,1,0,0.01
1772918393.453621168,0,0,11.06
1772918393.453621168,1,0,0.01
1772918394.475149736,0,0,11.06
1772918394.475149736,1,0,0.01
1772918395.497009881,0,0,11.06
1772918395.497009881,1,0,0.01
1772918396.520123698,0,0,11.06
1772918396.520123698,1,0,0.01
1772918397.542788874,0,0,11.06
1772918397.542788874,1,0,0.01
1772918398.565248547,0,0,11.06
1772918398.565248547,1,0,0.01
1772918399.587757764,0,0,11.06
1772918399.587757764,1,0,0.01
1772918400.610475872,0,0,11.06
1772918400.610475872,1,0,0.01
1772918401.632930826,0,0,11.06
1772918401.632930826,1,0,0.01
1772918402.656399092,0,0,11.06
1772918402.656399092,1,0,0.01
1772918403.678261974,0,0,11.06
1772918403.678261974,1,0,0.01
1772918404.700261627,0,1,11.06
1772918404.700261627,1,0,0.01
1772918405.722741500,0,0,11.06
1772918405.722741500,1,0,0.01
1772918406.745412905,0,0,11.06
1772918406.745412905,1,0,0.01
1772918407.767191644,0,0,11.06
1772918407.767191644,1,0,0.01
1772918408.790419752,0,0,11.06
1772918408.790419752,1,0,0.01
1772918409.813031751,0,0,11.06
1772918409.813031751,1,0,0.01
1772918410.835328500,0,0,11.06
1772918410.835328500,1,0,0.01
1772918411.858011545,0,1,11.06
1772918411.858011545,1,0,0.01
1772918412.880887246,0,0,11.06
1772918412.880887246,1,0,0.01
1772918413.902363170,0,0,11.06
1772918413.902363170,1,0,0.01
1772918414.924251100,0,0,11.06
1772918414.924251100,1,0,0.01
1772918415.946334366,0,67,11.06
1772918415.946334366,1,0,0.01
1772918416.968200031,0,67,11.06
1772918416.968200031,1,0,0.01
1772918417.990605913,0,0,11.06
1772918417.990605913,1,0,0.01
1772918419.013860185,0,0,11.06
1772918419.013860185,1,0,0.01
1772918420.035560832,0,0,11.06
1772918420.035560832,1,0,0.01
1772918421.058011276,0,67,11.06
1772918421.058011276,1,0,0.01
1772918422.079776810,0,66,11.06
1772918422.079776810,1,0,0.01
1772918423.101514064,0,0,11.06
1772918423.101514064,1,0,0.01
1772918424.124032543,0,0,11.06
1772918424.124032543,1,0,0.01
1772918425.145828505,0,0,11.06
1772918425.145828505,1,0,0.01
1772918426.168967903,0,0,11.06
1772918426.168967903,1,0,0.01
1772918427.191498034,0,0,11.06
1772918427.191498034,1,0,0.01
1772918428.214695123,0,0,11.06
1772918428.214695123,1,0,0.01
1772918429.237401444,0,0,11.06
1772918429.237401444,1,0,0.01
1772918430.259979418,0,0,11.06
1772918430.259979418,1,0,0.01
1772918431.281780045,0,0,11.06
1772918431.281780045,1,0,0.01
1772918432.304329934,0,0,11.06
1772918432.304329934,1,0,0.01
1772918433.326800007,0,0,11.06
1772918433.326800007,1,0,0.01
1772918434.350211447,0,0,11.06
1772918434.350211447,1,0,0.01
1772918435.372709893,0,0,11.06
1772918435.372709893,1,0,0.01
1772918436.395238076,0,0,11.06
1772918436.395238076,1,0,0.01
1772918437.418558964,0,83,11.06
1772918437.418558964,1,0,0.01
1772918438.440034177,0,99,11.06
1772918438.440034177,1,0,0.01
1772918439.461763009,0,99,11.06
1772918439.461763009,1,0,0.01
1772918440.483671629,0,13,11.06
1772918440.483671629,1,0,0.01
1772918441.506256597,0,0,11.06
1772918441.506256597,1,0,0.01
1772918442.528549422,0,68,11.06
1772918442.528549422,1,0,0.01
1772918443.552084095,0,67,11.06
1772918443.552084095,1,0,0.01
1772918444.574430024,0,0,11.06
1772918444.574430024,1,0,0.01
1772918445.597265681,0,0,11.06
1772918445.597265681,1,0,0.01
1772918446.619898759,0,0,11.06
1772918446.619898759,1,0,0.01
1772918447.642281285,0,0,11.06
1772918447.642281285,1,0,0.01
1772918448.664822557,0,0,11.06
1772918448.664822557,1,0,0.01
1772918449.687410935,0,0,11.06
1772918449.687410935,1,0,0.01
1772918450.710741872,0,0,11.06
1772918450.710741872,1,0,0.01
1772918451.732707421,0,67,11.06
1772918451.732707421,1,0,0.01
1772918452.755944402,0,99,11.06
1772918452.755944402,1,0,0.01
1772918453.778896687,0,99,11.06
1772918453.778896687,1,0,0.01
1772918454.801908370,0,67,11.06
1772918454.801908370,1,0,0.01
1772918455.823591063,0,0,11.06
1772918455.823591063,1,0,0.01
1772918456.846321495,0,0,11.06
1772918456.846321495,1,0,0.01
1772918457.868857045,0,0,11.06
1772918457.868857045,1,0,0.01
1772918458.891290700,0,0,11.06
1772918458.891290700,1,0,0.01
1772918459.913203818,0,69,11.06
1772918459.913203818,1,0,0.01
1772918460.935818741,0,70,11.06
1772918460.935818741,1,0,0.01
1772918461.957579618,0,0,11.06
1772918461.957579618,1,0,0.01
1772918462.980728916,0,0,11.06
1772918462.980728916,1,0,0.01
1772918464.003298281,0,0,11.06
1772918464.003298281,1,0,0.01
1772918465.025500771,0,0,11.06
1772918465.025500771,1,0,0.01
1772918466.047875364,0,0,11.06
1772918466.047875364,1,0,0.01
1772918467.070512936,0,0,11.06
1772918467.070512936,1,0,0.01
1772918468.093444044,0,0,11.06
1772918468.093444044,1,0,0.01
1772918469.115958197,0,0,11.06
1772918469.115958197,1,0,0.01
1772918470.137756450,0,99,11.06
1772918470.137756450,1,0,0.01
1772918471.160239434,0,99,11.06
1772918471.160239434,1,0,0.01
1772918472.182821898,0,100,11.06
1772918472.182821898,1,0,0.01
1772918473.205602890,0,100,11.06
1772918473.205602890,1,0,0.01
1772918474.228901665,0,66,11.06
1772918474.228901665,1,0,0.01
1772918475.250942409,0,0,11.06
1772918475.250942409,1,0,0.01
1772918476.274229019,0,0,11.06
1772918476.274229019,1,0,0.01
1772918477.296201026,0,0,11.06
1772918477.296201026,1,0,0.01
1772918478.319307742,0,0,11.06
1772918478.319307742,1,0,0.01
1772918479.342037366,0,0,11.06
1772918479.342037366,1,0,0.01
1772918480.365187427,0,0,11.06
1772918480.365187427,1,0,0.01
1772918481.386910718,0,0,11.06
1772918481.386910718,1,0,0.01
1772918482.409859762,0,0,11.06
1772918482.409859762,1,0,0.01
1772918483.431775211,0,0,11.06
1772918483.431775211,1,0,0.01
1772918484.455085389,0,0,11.06
1772918484.455085389,1,0,0.01
1772918485.477600924,0,0,11.06
1772918485.477600924,1,0,0.01
1772918486.499281349,0,0,11.06
1772918486.499281349,1,0,0.01
1772918487.520905493,0,0,11.06
1772918487.520905493,1,0,0.01
1772918488.543780749,0,68,11.06
1772918488.543780749,1,0,0.01
1772918489.566087700,0,99,11.06
1772918489.566087700,1,0,0.01
1772918490.589490871,0,99,11.06
1772918490.589490871,1,0,0.01
1772918491.611395618,0,69,11.06
1772918491.611395618,1,0,0.01
1772918492.633977842,0,0,11.06
1772918492.633977842,1,0,0.01
1772918493.656955155,0,0,11.06
1772918493.656955155,1,0,0.01
1772918494.679739901,0,0,11.06
1772918494.679739901,1,0,0.01
1772918495.701281806,0,0,11.06
1772918495.701281806,1,0,0.01
1772918496.724398629,0,0,11.06
1772918496.724398629,1,0,0.01
1772918497.746308413,0,68,11.06
1772918497.746308413,1,0,0.01
1772918498.769643674,0,67,11.06
1772918498.769643674,1,0,0.01
1772918499.791554130,0,0,11.06
1772918499.791554130,1,0,0.01
1772918500.814016078,0,0,11.06
1772918500.814016078,1,0,0.01
1772918501.835762285,0,0,11.06
1772918501.835762285,1,0,0.01
1772918502.858218062,0,0,11.06
1772918502.858218062,1,0,0.01
1772918503.880246443,0,0,11.06
1772918503.880246443,1,0,0.01
1772918504.903243604,0,0,11.06
1772918504.903243604,1,0,0.01
1772918505.925519493,0,0,11.06
1772918505.925519493,1,0,0.01
1772918506.947790304,0,0,11.06
1772918506.947790304,1,0,0.01
1772918507.969679593,0,0,11.06
1772918507.969679593,1,0,0.01
1772918508.992147698,0,0,11.06
1772918508.992147698,1,0,0.01
1772918510.014704971,0,0,11.06
1772918510.014704971,1,0,0.01
1772918511.037746170,0,0,11.06
1772918511.037746170,1,0,0.01
1772918512.060056041,0,0,11.06
1772918512.060056041,1,0,0.01
1772918513.083465461,0,67,11.06
1772918513.083465461,1,0,0.01
1772918514.106246455,0,67,11.06
1772918514.106246455,1,0,0.01
1772918515.129482602,0,0,11.06
1772918515.129482602,1,0,0.01
1772918516.151220367,0,0,11.06
1772918516.151220367,1,0,0.01
1772918517.173794017,0,0,11.06
1772918517.173794017,1,0,0.01
1772918518.196233782,0,0,11.06
1772918518.196233782,1,0,0.01
1772918519.218794050,0,0,11.06
1772918519.218794050,1,0,0.01
1772918520.241483301,0,0,11.06
1772918520.241483301,1,0,0.01
1772918521.264155935,0,0,11.06
1772918521.264155935,1,0,0.01
1772918522.287151660,0,0,11.06
1772918522.287151660,1,0,0.01
1772918523.309620739,0,0,11.06
1772918523.309620739,1,0,0.01
1772918524.332207395,0,0,11.06
1772918524.332207395,1,0,0.01
1772918525.355583995,0,0,11.06
1772918525.355583995,1,0,0.01
1772918526.378010560,0,0,11.06
1772918526.378010560,1,0,0.01
1772918527.399852160,0,64,11.06
1772918527.399852160,1,0,0.01
1772918528.422248275,0,99,11.06
1772918528.422248275,1,0,0.01
1772918529.445052125,0,99,11.06
1772918529.445052125,1,0,0.01
1772918530.467613571,0,99,11.06
1772918530.467613571,1,0,0.01
1772918531.490519916,0,0,11.06
1772918531.490519916,1,0,0.01
1772918532.512455027,0,0,11.06
1772918532.512455027,1,0,0.01
1772918533.535804740,0,0,11.06
1772918533.535804740,1,0,0.01
1772918534.558274163,0,69,11.06
1772918534.558274163,1,0,0.01
1772918535.580849916,0,69,11.06
1772918535.580849916,1,0,0.01
1772918536.603256212,0,0,11.06
1772918536.603256212,1,0,0.01
1772918537.626707790,0,0,11.06
1772918537.626707790,1,0,0.01
1772918538.648163364,0,0,11.06
1772918538.648163364,1,0,0.01
1772918539.671626691,0,67,11.06
1772918539.671626691,1,0,0.01
1772918540.694012399,0,67,11.06
1772918540.694012399,1,0,0.01
1772918541.717219302,0,68,11.06
1772918541.717219302,1,0,0.01
1772918542.740215734,0,67,11.06
1772918542.740215734,1,0,0.01
1772918543.762670890,0,0,11.06
1772918543.762670890,1,0,0.01
1772918544.784815226,0,0,11.06
1772918544.784815226,1,0,0.01
1772918545.807666943,0,0,11.06
1772918545.807666943,1,0,0.01
1772918546.829354989,0,0,11.06
1772918546.829354989,1,0,0.01
1772918547.851813610,0,0,11.06
1772918547.851813610,1,0,0.01
1772918548.873663870,0,0,11.06
1772918548.873663870,1,0,0.01
1772918549.896946487,0,1,11.06
1772918549.896946487,1,0,0.01
1772918550.918700092,0,0,11.06
1772918550.918700092,1,0,0.01
1772918551.941305757,0,0,11.06
1772918551.941305757,1,0,0.01
1772918552.963675993,0,0,11.06
1772918552.963675993,1,0,0.01
1772918553.985997437,0,0,11.06
1772918553.985997437,1,0,0.01
1772918555.008359293,0,0,11.06
1772918555.008359293,1,0,0.01
1772918556.031489498,0,0,11.06
1772918556.031489498,1,0,0.01
1772918557.054282187,0,0,11.06
1772918557.054282187,1,0,0.01
1772918558.076850691,0,0,11.06
1772918558.076850691,1,0,0.01
1772918559.099652754,0,67,11.06
1772918559.099652754,1,0,0.01
1772918560.122049641,0,67,11.06
1772918560.122049641,1,0,0.01
1772918561.144418656,0,0,11.06
1772918561.144418656,1,0,0.01
1772918562.166872412,0,0,11.06
1772918562.166872412,1,0,0.01
1772918563.188365699,0,0,11.06
1772918563.188365699,1,0,0.01
1772918564.211600521,0,49,11.06
1772918564.211600521,1,0,0.01
1772918565.234161294,0,64,11.06
1772918565.234161294,1,0,0.01
1772918566.257266924,0,36,11.06
1772918566.257266924,1,0,0.01
1772918567.280043922,0,0,11.06
1772918567.280043922,1,0,0.01
1772918568.303274827,0,0,11.06
1772918568.303274827,1,0,0.01
1772918569.326259774,0,1,11.06
1772918569.326259774,1,0,0.01
1772918570.348966337,0,0,11.06
1772918570.348966337,1,0,0.01
1772918571.371554755,0,69,11.07
1772918571.371554755,1,0,0.01
1772918572.394418629,0,68,11.07
1772918572.394418629,1,0,0.01
1772918573.417230469,0,0,11.07
1772918573.417230469,1,0,0.01
1772918574.440015086,0,0,11.07
1772918574.440015086,1,0,0.01
1772918575.462487660,0,0,11.07
1772918575.462487660,1,0,0.01
1772918576.485162890,0,0,11.07
1772918576.485162890,1,0,0.01
1772918577.507707513,0,0,11.07
1772918577.507707513,1,0,0.01
1772918578.530222831,0,0,11.07
1772918578.530222831,1,0,0.01
1772918579.552761597,0,0,11.07
1772918579.552761597,1,0,0.01
1772918580.576192095,0,0,11.07
1772918580.576192095,1,0,0.01
1772918581.598266290,0,81,11.07
1772918581.598266290,1,0,0.01
1772918582.620989624,0,99,11.07
1772918582.620989624,1,0,0.01
1772918583.643782163,0,99,11.07
1772918583.643782163,1,0,0.01
1772918584.667228310,0,25,11.07
1772918584.667228310,1,0,0.01
1772918585.689176678,0,0,11.07
1772918585.689176678,1,0,0.01
1772918586.711661942,0,0,11.07
1772918586.711661942,1,0,0.01
1772918587.734345384,0,0,11.07
1772918587.734345384,1,0,0.01
1772918588.756932005,0,0,11.07
1772918588.756932005,1,0,0.01
1772918589.779755024,0,0,11.07
1772918589.779755024,1,0,0.01
1772918590.801476420,0,0,11.07
1772918590.801476420,1,0,0.01
1772918591.823559586,0,0,11.07
1772918591.823559586,1,0,0.01
1772918592.846238403,0,68,11.07
1772918592.846238403,1,0,0.01
1772918593.868040726,0,68,11.07
1772918593.868040726,1,0,0.01
1772918594.891154986,0,0,11.07
1772918594.891154986,1,0,0.01
1772918595.913218810,0,0,11.07
1772918595.913218810,1,0,0.01
1772918596.936204726,0,0,11.07
1772918596.936204726,1,0,0.01
1772918597.958165072,0,0,11.07
1772918597.958165072,1,0,0.01
1772918598.981808550,0,0,11.07
1772918598.981808550,1,0,0.01
1772918600.004376139,0,0,11.07
1772918600.004376139,1,0,0.01
1772918601.027743205,0,0,11.07
1772918601.027743205,1,0,0.01
1772918602.049904538,0,0,11.07
1772918602.049904538,1,0,0.01
1772918603.073256560,0,61,11.07
1772918603.073256560,1,0,0.01
1772918604.095020888,0,99,11.07
1772918604.095020888,1,0,0.01
1772918605.117835181,0,67,11.07
1772918605.117835181,1,0,0.01
1772918606.139699667,0,19,11.07
1772918606.139699667,1,0,0.01
1772918607.161864120,0,0,11.07
1772918607.161864120,1,0,0.01
1772918608.183600967,0,0,11.07
1772918608.183600967,1,0,0.01
1772918609.205702993,0,0,11.07
1772918609.205702993,1,0,0.01
1772918610.227428393,0,0,11.07
1772918610.227428393,1,0,0.01
1772918611.250049478,0,0,11.07
1772918611.250049478,1,0,0.01
1772918612.271879145,0,1,11.07
1772918612.271879145,1,0,0.01
1772918613.294371230,0,0,11.07
1772918613.294371230,1,0,0.01
1772918614.317155760,0,1,11.07
1772918614.317155760,1,0,0.01
1772918615.339760742,0,0,11.07
1772918615.339760742,1,0,0.01
1772918616.362448012,0,0,11.07
1772918616.362448012,1,0,0.01
1772918617.386046652,0,0,11.07
1772918617.386046652,1,0,0.01
1772918618.408411478,0,0,11.07
1772918618.408411478,1,0,0.01
1772918619.431670526,0,0,11.07
1772918619.431670526,1,0,0.01
1772918620.454271346,0,0,11.07
1772918620.454271346,1,0,0.01
1772918621.476854873,0,0,11.07
1772918621.476854873,1,0,0.01
1772918622.499231963,0,0,11.07
1772918622.499231963,1,0,0.01
1772918623.521910439,0,0,11.07
1772918623.521910439,1,0,0.01
1772918624.544041625,0,0,11.07
1772918624.544041625,1,0,0.01
1772918625.566564885,0,73,11.07
1772918625.566564885,1,0,0.01
1772918626.588281473,0,69,11.07
1772918626.588281473,1,0,0.01
1772918627.610610965,0,0,11.07
1772918627.610610965,1,0,0.01
1772918628.632848688,0,0,11.07
1772918628.632848688,1,0,0.01
1772918629.655238469,0,0,11.07
1772918629.655238469,1,0,0.01
1772918630.677510645,0,0,11.07
1772918630.677510645,1,0,0.01
1772918631.700836782,0,71,11.07
1772918631.700836782,1,0,0.01
1772918632.723810708,0,69,11.07
1772918632.723810708,1,0,0.01
1772918633.746125009,0,69,11.07
1772918633.746125009,1,0,0.01
1772918634.768927140,0,69,11.07
1772918634.768927140,1,0,0.01
1772918635.792174869,0,0,11.07
1772918635.792174869,1,0,0.01
1772918636.815358569,0,0,11.07
1772918636.815358569,1,0,0.01
1772918637.838261218,0,27,11.07
1772918637.838261218,1,0,0.01
1772918638.861132388,0,99,11.07
1772918638.861132388,1,0,0.01
1772918639.883746103,0,99,11.07
1772918639.883746103,1,0,0.01
1772918640.906629617,0,99,11.07
1772918640.906629617,1,0,0.01
1772918641.929510603,0,0,11.07
1772918641.929510603,1,0,0.01
1772918642.952410250,0,0,11.07
1772918642.952410250,1,0,0.01
1772918643.974856144,0,0,11.07
1772918643.974856144,1,0,0.01
1772918644.997389788,0,0,11.07
1772918644.997389788,1,0,0.01
1772918646.019799370,0,0,11.07
1772918646.019799370,1,0,0.01
1772918647.042186657,0,0,11.07
1772918647.042186657,1,0,0.01
1772918648.065443384,0,69,11.07
1772918648.065443384,1,0,0.01
1772918649.087840902,0,69,11.07
1772918649.087840902,1,0,0.01
1772918650.111193794,0,0,11.07
1772918650.111193794,1,0,0.01
1772918651.133911275,0,1,11.07
1772918651.133911275,1,0,0.01
1772918652.156204196,0,0,11.07
1772918652.156204196,1,0,0.01
1772918653.178562680,0,0,11.07
1772918653.178562680,1,0,0.01
1772918654.201958538,0,0,11.07
1772918654.201958538,1,0,0.01
1772918655.224604560,0,0,11.07
1772918655.224604560,1,0,0.01
1772918656.246737605,0,0,11.07
1772918656.246737605,1,0,0.01
1772918657.269932031,0,0,11.07
1772918657.269932031,1,0,0.01
1772918658.293118636,0,0,11.07
1772918658.293118636,1,0,0.01
1772918659.315437945,0,0,11.07
1772918659.315437945,1,0,0.01
1772918660.337940648,0,0,11.07
1772918660.337940648,1,0,0.01
1772918661.360840803,0,1,11.07
1772918661.360840803,1,0,0.01
1772918662.383427601,0,1,11.07
1772918662.383427601,1,0,0.01
1772918663.406084145,0,0,11.07
1772918663.406084145,1,0,0.01
1772918664.428456216,0,0,11.07
1772918664.428456216,1,0,0.01
1772918665.451444198,0,0,11.07
1772918665.451444198,1,0,0.01
1772918666.473083809,0,0,11.07
1772918666.473083809,1,0,0.01
1772918667.496398781,0,0,11.07
1772918667.496398781,1,0,0.01
1772918668.518131404,0,0,11.07
1772918668.518131404,1,0,0.01
1772918669.541381896,0,0,11.07
1772918669.541381896,1,0,0.01
1772918670.563019769,0,0,11.07
1772918670.563019769,1,0,0.01
1772918671.586303148,0,0,11.07
1772918671.586303148,1,0,0.01
1772918672.609444090,0,0,11.07
1772918672.609444090,1,0,0.01
1772918673.631896554,0,0,11.07
1772918673.631896554,1,0,0.01
1772918674.655144350,0,0,11.07
1772918674.655144350,1,0,0.01
1772918675.676497343,0,0,11.07
1772918675.676497343,1,0,0.01
1772918676.699804414,0,0,11.07
1772918676.699804414,1,0,0.01
1772918677.722234992,0,1,11.07
1772918677.722234992,1,0,0.01
1772918678.745598627,0,0,11.07
1772918678.745598627,1,0,0.01
1772918679.768463114,0,0,11.07
1772918679.768463114,1,0,0.01
1772918680.791059056,0,0,11.07
1772918680.791059056,1,0,0.01
1772918681.813846403,0,0,11.07
1772918681.813846403,1,0,0.01
1772918682.837195588,0,0,11.07
1772918682.837195588,1,0,0.01
1772918683.859644712,0,0,11.07
1772918683.859644712,1,0,0.01
1772918684.882981546,0,70,11.07
1772918684.882981546,1,0,0.01
1772918685.906122532,0,69,11.07
1772918685.906122532,1,0,0.01
1772918686.929172345,0,0,11.07
1772918686.929172345,1,0,0.01
1772918687.951252522,0,70,11.07
1772918687.951252522,1,0,0.01
1772918688.974856663,0,69,11.07
1772918688.974856663,1,0,0.01
1772918689.998902871,0,0,11.07
1772918689.998902871,1,0,0.01
1772918691.021831946,0,68,11.07
1772918691.021831946,1,0,0.01
1772918692.045222239,0,71,11.07
1772918692.045222239,1,0,0.01
1772918693.067707026,0,62,11.07
1772918693.067707026,1,0,0.01
1772918694.090302715,0,68,11.07
1772918694.090302715,1,0,0.01
1772918695.112344427,0,22,11.07
1772918695.112344427,1,0,0.01
1772918696.135260537,0,0,11.07
1772918696.135260537,1,0,0.01
1772918697.157944190,0,0,11.07
1772918697.157944190,1,0,0.01
1772918698.180107167,0,0,11.07
1772918698.180107167,1,0,0.01
1772918699.202074474,0,0,11.07
1772918699.202074474,1,0,0.01
1772918700.224821464,0,0,11.07
1772918700.224821464,1,0,0.01
1772918701.246738390,0,0,11.07
1772918701.246738390,1,0,0.01
1772918702.269060613,0,0,11.07
1772918702.269060613,1,0,0.01
1772918703.291555312,0,0,11.07
1772918703.291555312,1,0,0.01
1772918704.314443621,0,66,11.07
1772918704.314443621,1,0,0.01
1772918705.337200393,0,66,11.07
1772918705.337200393,1,0,0.01
1772918706.359507170,0,0,11.07
1772918706.359507170,1,0,0.01
1772918707.382386547,0,0,11.07
1772918707.382386547,1,0,0.01
1772918708.404549994,0,52,11.07
1772918708.404549994,1,0,0.01
1772918709.426803883,0,99,11.07
1772918709.426803883,1,0,0.01
1772918710.449105217,0,99,11.07
1772918710.449105217,1,0,0.01
1772918711.471847707,0,67,11.07
1772918711.471847707,1,0,0.01
1772918712.494174226,0,0,11.07
1772918712.494174226,1,0,0.01
1772918713.517399866,0,0,11.07
1772918713.517399866,1,0,0.01
1772918714.539947042,0,0,11.07
1772918714.539947042,1,0,0.01
1772918715.562012069,0,0,11.07
1772918715.562012069,1,0,0.01
1772918716.584058989,0,0,11.07
1772918716.584058989,1,0,0.01
1772918717.607022016,0,0,11.07
1772918717.607022016,1,0,0.01
1772918718.629545845,0,0,11.07
1772918718.629545845,1,0,0.01
1772918719.652510147,0,0,11.07
1772918719.652510147,1,0,0.01
1772918720.675155887,0,0,11.07
1772918720.675155887,1,0,0.01
1772918721.698052041,0,0,11.07
1772918721.698052041,1,0,0.01
1772918722.720031382,0,0,11.07
1772918722.720031382,1,0,0.01
1772918723.743491295,0,0,11.07
1772918723.743491295,1,0,0.01
1772918724.767131634,0,66,11.07
1772918724.767131634,1,0,0.01
1772918725.789796770,0,65,11.07
1772918725.789796770,1,0,0.01
1772918726.812411503,0,0,11.07
1772918726.812411503,1,0,0.01
1772918727.835081666,0,0,11.07
1772918727.835081666,1,0,0.01
1772918728.858302042,0,0,11.07
1772918728.858302042,1,0,0.01
1772918729.880640725,0,0,11.07
1772918729.880640725,1,0,0.01
1772918730.903885640,0,0,11.07
1772918730.903885640,1,0,0.01
1772918731.926893364,0,0,11.07
1772918731.926893364,1,0,0.01
1772918732.949251036,0,0,11.07
1772918732.949251036,1,0,0.01
1772918733.971977571,0,0,11.07
1772918733.971977571,1,0,0.01
1772918734.994811072,0,0,11.07
1772918734.994811072,1,0,0.01
1772918736.018556052,0,0,11.07
1772918736.018556052,1,0,0.01
1772918737.041585135,0,69,11.07
1772918737.041585135,1,0,0.01
1772918738.065014541,0,69,11.07
1772918738.065014541,1,0,0.01
1772918739.089154569,0,0,11.07
1772918739.089154569,1,0,0.01
1772918740.112078221,0,0,11.07
1772918740.112078221,1,0,0.01
1772918741.134852064,0,0,11.07
1772918741.134852064,1,0,0.01
1772918742.157617898,0,0,11.07
1772918742.157617898,1,0,0.01
1772918743.181718183,0,0,11.07
1772918743.181718183,1,0,0.01
1772918744.204968614,0,0,11.07
1772918744.204968614,1,0,0.01
1772918745.227587676,0,0,11.07
1772918745.227587676,1,0,0.01
1772918746.251409232,0,0,11.07
1772918746.251409232,1,0,0.01
1772918747.274285258,0,0,11.07
1772918747.274285258,1,0,0.01
1772918748.297156838,0,1,11.07
1772918748.297156838,1,0,0.01
1772918749.320565387,0,0,11.07
1772918749.320565387,1,0,0.01
1772918750.343634090,0,0,11.07
1772918750.343634090,1,0,0.01
1772918751.366546999,0,0,11.07
1772918751.366546999,1,0,0.01
1772918752.389466466,0,0,11.07
1772918752.389466466,1,0,0.01
1772918753.412736238,0,0,11.07
1772918753.412736238,1,0,0.01
1772918754.435628802,0,0,11.07
1772918754.435628802,1,0,0.01
1772918755.458430149,0,0,11.07
1772918755.458430149,1,0,0.01
1772918756.480975127,0,0,11.07
1772918756.480975127,1,0,0.01
1772918757.503623617,0,0,11.07
1772918757.503623617,1,0,0.01
1772918758.527082062,0,0,11.07
1772918758.527082062,1,0,0.01
1772918759.550279321,0,0,11.07
1772918759.550279321,1,0,0.01
1772918760.572505396,0,0,11.07
1772918760.572505396,1,0,0.01
1772918761.595855936,0,70,11.07
1772918761.595855936,1,0,0.01
1772918762.619470232,0,69,11.07
1772918762.619470232,1,0,0.01
1772918763.641645754,0,0,11.07
1772918763.641645754,1,0,0.01
1772918764.663993792,0,0,11.07
1772918764.663993792,1,0,0.01
1772918765.686041594,0,0,11.07
1772918765.686041594,1,0,0.01
1772918766.708482550,0,0,11.07
1772918766.708482550,1,0,0.01
1772918767.731587406,0,0,11.07
1772918767.731587406,1,0,0.01
1772918768.755116743,0,0,11.07
1772918768.755116743,1,0,0.01
1772918769.778551687,0,0,11.07
1772918769.778551687,1,0,0.01
1772918770.801289707,0,0,11.07
1772918770.801289707,1,0,0.01
1772918771.824362570,0,0,11.07
1772918771.824362570,1,0,0.01
1772918772.846959389,0,0,11.07
1772918772.846959389,1,0,0.01
1772918773.869814849,0,0,11.07
1772918773.869814849,1,0,0.01
1772918774.892924771,0,0,11.07
1772918774.892924771,1,0,0.01
1772918775.915482695,0,0,11.07
1772918775.915482695,1,0,0.01
1772918776.938828156,0,0,11.07
1772918776.938828156,1,0,0.01
1772918777.960995092,0,0,11.07
1772918777.960995092,1,0,0.01
1772918778.983712415,0,70,11.07
1772918778.983712415,1,0,0.01
1772918780.007178713,0,70,11.07
1772918780.007178713,1,0,0.01
1772918781.030220683,0,0,11.07
1772918781.030220683,1,0,0.01
1772918782.053837228,0,0,11.07
1772918782.053837228,1,0,0.01
1772918783.077276079,0,0,11.07
1772918783.077276079,1,0,0.01
1772918784.099665386,0,0,11.07
1772918784.099665386,1,0,0.01
1772918785.122770255,0,0,11.07
1772918785.122770255,1,0,0.01
1772918786.145155501,0,0,11.07
1772918786.145155501,1,0,0.01
1772918787.167275455,0,0,11.07
1772918787.167275455,1,0,0.01
1772918788.189481247,0,0,11.07
1772918788.189481247,1,0,0.01
1772918789.211617195,0,0,11.07
1772918789.211617195,1,0,0.01
1772918790.234191067,0,0,11.07
1772918790.234191067,1,0,0.01
1772918791.257657422,0,0,11.07
1772918791.257657422,1,0,0.01
1772918792.280936199,0,0,11.07
1772918792.280936199,1,0,0.01
1772918793.304451716,0,99,11.07
1772918793.304451716,1,0,0.01
1772918794.328957850,0,99,11.07
1772918794.328957850,1,0,0.01
1772918795.352628934,0,99,11.07
1772918795.352628934,1,0,0.01
1772918796.376388895,0,66,11.07
1772918796.376388895,1,0,0.01
1772918797.399042501,0,0,11.07
1772918797.399042501,1,0,0.01
1772918798.421618158,0,1,11.07
1772918798.421618158,1,0,0.01
1772918799.444560510,0,1,11.07
1772918799.444560510,1,0,0.01
1772918800.466833834,0,0,11.07
1772918800.466833834,1,0,0.01
1772918801.489509517,0,67,11.07
1772918801.489509517,1,0,0.01
1772918802.512641810,0,66,11.07
1772918802.512641810,1,0,0.01
1772918803.535668057,0,0,11.07
1772918803.535668057,1,0,0.01
1772918804.558033736,0,0,11.07
1772918804.558033736,1,0,0.01
1772918805.580051972,0,0,11.07
1772918805.580051972,1,0,0.01
1772918806.602817498,0,1,11.07
1772918806.602817498,1,0,0.01
1772918807.626165803,0,66,11.07
1772918807.626165803,1,0,0.01
1772918808.649282866,0,67,11.07
1772918808.649282866,1,0,0.01
1772918809.670953116,0,0,11.07
1772918809.670953116,1,0,0.01
1772918810.693545781,0,0,11.07
1772918810.693545781,1,0,0.01
1772918811.716074595,0,0,11.07
1772918811.716074595,1,0,0.01
1772918812.738806826,0,72,11.07
1772918812.738806826,1,0,0.01
1772918813.761024523,0,71,11.07
1772918813.761024523,1,0,0.01
1772918814.784424534,0,0,11.07
1772918814.784424534,1,0,0.01
1772918815.806823007,0,0,11.07
1772918815.806823007,1,0,0.01
1772918816.829725623,0,62,11.07
1772918816.829725623,1,0,0.01
1772918817.852752192,0,62,11.07
1772918817.852752192,1,0,0.01
1772918818.876082426,0,0,11.07
1772918818.876082426,1,0,0.01
1772918819.898760356,0,0,11.07
1772918819.898760356,1,0,0.01
1772918820.921357404,0,0,11.07
1772918820.921357404,1,0,0.01
1772918821.944271055,0,0,11.07
1772918821.944271055,1,0,0.01
1772918822.967819862,0,0,11.07
1772918822.967819862,1,0,0.01
1772918823.990166861,0,0,11.07
1772918823.990166861,1,0,0.01
1772918825.013585724,0,67,11.07
1772918825.013585724,1,0,0.01
1772918826.036941809,0,67,11.07
1772918826.036941809,1,0,0.01
1772918827.059941965,0,0,11.07
1772918827.059941965,1,0,0.01
1772918828.083182896,0,0,11.07
1772918828.083182896,1,0,0.01
1772918829.105303649,0,0,11.07
1772918829.105303649,1,0,0.01
1772918830.127309602,0,0,11.07
1772918830.127309602,1,0,0.01
1772918831.149212193,0,0,11.07
1772918831.149212193,1,0,0.01
1772918832.171932856,0,0,11.07
1772918832.171932856,1,0,0.01
1772918833.195794196,0,0,11.07
1772918833.195794196,1,0,0.01
1772918834.218589927,0,0,11.07
1772918834.218589927,1,0,0.01
1772918835.240919239,0,0,11.07
1772918835.240919239,1,0,0.01
1772918836.264035440,0,0,11.07
1772918836.264035440,1,0,0.01
1772918837.286177607,0,0,11.07
1772918837.286177607,1,0,0.01
1772918838.308677974,0,0,11.07
1772918838.308677974,1,0,0.01
1772918839.331751054,0,0,11.07
1772918839.331751054,1,0,0.01
1772918840.354959818,0,0,11.07
1772918840.354959818,1,0,0.01
1772918841.377481598,0,0,11.07
1772918841.377481598,1,0,0.01
1772918842.400320021,0,0,11.07
1772918842.400320021,1,0,0.01
1772918843.423449619,0,0,11.07
1772918843.423449619,1,0,0.01
1772918844.446758556,0,0,11.07
1772918844.446758556,1,0,0.01
1772918845.468707955,0,0,11.07
1772918845.468707955,1,0,0.01
1772918846.491448701,0,0,11.07
1772918846.491448701,1,0,0.01
1772918847.513601281,0,66,11.07
1772918847.513601281,1,0,0.01
1772918848.537369223,0,65,11.07
1772918848.537369223,1,0,0.01
1772918849.560865285,0,0,11.07
1772918849.560865285,1,0,0.01
1772918850.583538340,0,0,11.07
1772918850.583538340,1,0,0.01
1772918851.605810652,0,0,11.07
1772918851.605810652,1,0,0.01
1772918852.628751061,0,0,11.07
1772918852.628751061,1,0,0.01
1772918853.651625068,0,80,11.07
1772918853.651625068,1,0,0.01
1772918854.674518048,0,99,11.07
1772918854.674518048,1,0,0.01
1772918855.697762297,0,67,11.07
1772918855.697762297,1,0,0.01
1772918856.720347875,0,0,11.07
1772918856.720347875,1,0,0.01
1772918857.742440245,0,0,11.07
1772918857.742440245,1,0,0.01
1772918858.765914213,0,0,11.07
1772918858.765914213,1,0,0.01
1772918859.788361495,0,0,11.07
1772918859.788361495,1,0,0.01
1772918860.811227617,0,0,11.07
1772918860.811227617,1,0,0.01
1772918861.833811129,0,0,11.07
1772918861.833811129,1,0,0.01
1772918862.856749017,0,0,11.07
1772918862.856749017,1,0,0.01
1772918863.880460825,0,0,11.07
1772918863.880460825,1,0,0.01
1772918864.902765674,0,0,11.07
1772918864.902765674,1,0,0.01
1772918865.925461761,0,0,11.07
1772918865.925461761,1,0,0.01
1772918866.949214013,0,0,11.07
1772918866.949214013,1,0,0.01
1772918867.971911310,0,0,11.07
1772918867.971911310,1,0,0.01
1772918868.994175304,0,0,11.07
1772918868.994175304,1,0,0.01
1772918870.016682504,0,0,11.07
1772918870.016682504,1,0,0.01
1772918871.038289032,0,0,11.07
1772918871.038289032,1,0,0.01
1772918872.061782326,0,0,11.07
1772918872.061782326,1,0,0.01
1772918873.084662609,0,0,11.07
1772918873.084662609,1,0,0.01
1772918874.107680164,0,0,11.07
1772918874.107680164,1,0,0.01
1772918875.130326596,0,0,11.07
1772918875.130326596,1,0,0.01
1772918876.153977249,0,68,11.07
1772918876.153977249,1,0,0.01
1772918877.177639376,0,68,11.07
1772918877.177639376,1,0,0.01
1772918878.200239567,0,0,11.07
1772918878.200239567,1,0,0.01
1772918879.223390666,0,68,11.07
1772918879.223390666,1,0,0.01
1772918880.246726145,0,67,11.07
1772918880.246726145,1,0,0.01
1772918881.269891861,0,0,11.07
1772918881.269891861,1,0,0.01
1772918882.293317842,0,72,11.07
1772918882.293317842,1,0,0.01
1772918883.316226293,0,99,11.07
1772918883.316226293,1,0,0.01
1772918884.339456571,0,99,11.07
1772918884.339456571,1,0,0.01
1772918885.361745771,0,68,11.07
1772918885.361745771,1,0,0.01
1772918886.384519110,0,0,11.07
1772918886.384519110,1,0,0.01
1772918887.406647652,0,0,11.07
1772918887.406647652,1,0,0.01
1772918888.428733718,0,0,11.07
1772918888.428733718,1,0,0.01
1772918889.451535756,0,0,11.07
1772918889.451535756,1,0,0.01
1772918890.474548327,0,0,11.07
1772918890.474548327,1,0,0.01
1772918891.497498579,0,0,11.07
1772918891.497498579,1,0,0.01
1772918892.520601078,0,0,11.07
1772918892.520601078,1,0,0.01
1772918893.543537598,0,0,11.07
1772918893.543537598,1,0,0.01
1772918894.566003098,0,0,11.07
1772918894.566003098,1,0,0.01
1772918895.588437589,0,0,11.07
1772918895.588437589,1,0,0.01
1772918896.611439636,0,0,11.07
1772918896.611439636,1,0,0.01
1772918897.634525830,0,68,11.07
1772918897.634525830,1,0,0.01
1772918898.657062734,0,68,11.07
1772918898.657062734,1,0,0.01
1772918899.679676687,0,0,11.07
1772918899.679676687,1,0,0.01
1772918900.702549224,0,0,11.07
1772918900.702549224,1,0,0.01
1772918901.724636255,0,0,11.07
1772918901.724636255,1,0,0.01
1772918902.746867816,0,0,11.07
1772918902.746867816,1,0,0.01
1772918903.768832928,0,0,11.07
1772918903.768832928,1,0,0.01
1772918904.791005338,0,0,11.07
1772918904.791005338,1,0,0.01
1772918905.813143303,0,69,11.07
1772918905.813143303,1,0,0.01
1772918906.835246629,0,69,11.07
1772918906.835246629,1,0,0.01
1772918907.857503331,0,0,11.07
1772918907.857503331,1,0,0.01
1772918908.880495048,0,0,11.07
1772918908.880495048,1,0,0.01
1772918909.903627641,0,0,11.07
1772918909.903627641,1,0,0.01
1772918910.926085372,0,0,11.07
1772918910.926085372,1,0,0.01
1772918911.948497921,0,0,11.07
1772918911.948497921,1,0,0.01
1772918912.970901845,0,0,11.07
1772918912.970901845,1,0,0.01
1772918913.994026516,0,0,11.07
1772918913.994026516,1,0,0.01
1772918915.017073699,0,0,11.07
1772918915.017073699,1,0,0.01
1772918916.039461473,0,0,11.07
1772918916.039461473,1,0,0.01
1772918917.061845865,0,0,11.07
1772918917.061845865,1,0,0.01
1772918918.085068043,0,0,11.07
1772918918.085068043,1,0,0.01
1772918919.107596953,0,0,11.07
1772918919.107596953,1,0,0.01
1772918920.129430616,0,0,11.07
1772918920.129430616,1,0,0.01
1772918921.151673063,0,0,11.07
1772918921.151673063,1,0,0.01
1772918922.174467914,0,0,11.07
1772918922.174467914,1,0,0.01
1772918923.197467887,0,0,11.07
1772918923.197467887,1,0,0.01
1772918924.220165930,0,68,11.07
1772918924.220165930,1,0,0.01
1772918925.242653940,0,68,11.07
1772918925.242653940,1,0,0.01
1772918926.265721284,0,0,11.07
1772918926.265721284,1,0,0.01
1772918927.288683961,0,0,11.07
1772918927.288683961,1,0,0.01
1772918928.311959104,0,0,11.07
1772918928.311959104,1,0,0.01
1772918929.334854603,0,0,11.07
1772918929.334854603,1,0,0.01
1772918930.357028835,0,0,11.07
1772918930.357028835,1,0,0.01
1772918931.379102302,0,0,11.07
1772918931.379102302,1,0,0.01
1772918932.401192797,0,0,11.07
1772918932.401192797,1,0,0.01
1772918933.423911700,0,0,11.07
1772918933.423911700,1,0,0.01
1772918934.446184363,0,0,11.07
1772918934.446184363,1,0,0.01
1772918935.468964737,0,0,11.07
1772918935.468964737,1,0,0.01
1772918936.491589875,0,0,11.07
1772918936.491589875,1,0,0.01
1772918937.513729474,0,47,11.08
1772918937.513729474,1,0,0.01
1772918938.536117419,0,69,11.08
1772918938.536117419,1,0,0.01
1772918939.559211872,0,5,11.08
1772918939.559211872,1,0,0.01
1772918940.581466367,0,67,11.08
1772918940.581466367,1,0,0.01
1772918941.604643326,0,67,11.08
1772918941.604643326,1,0,0.01
1772918942.626875419,0,0,11.08
1772918942.626875419,1,0,0.01
1772918943.649076885,0,0,11.08
1772918943.649076885,1,0,0.01
1772918944.672014368,0,0,11.08
1772918944.672014368,1,0,0.01
1772918945.694926844,0,0,11.08
1772918945.694926844,1,0,0.01
1772918946.717899634,0,0,11.08
1772918946.717899634,1,0,0.01
1772918947.740495735,0,0,11.08
1772918947.740495735,1,0,0.01
1772918948.763557670,0,0,11.08
1772918948.763557670,1,0,0.01
1772918949.786294333,0,59,11.08
1772918949.786294333,1,0,0.01
1772918950.809300944,0,71,11.08
1772918950.809300944,1,0,0.01
1772918951.831279139,0,0,11.08
1772918951.831279139,1,0,0.01
1772918952.853556630,0,0,11.08
1772918952.853556630,1,0,0.01
1772918953.876433791,0,0,11.08
1772918953.876433791,1,0,0.01
1772918954.898698363,0,68,11.08
1772918954.898698363,1,0,0.01
1772918955.921265762,0,37,11.08
1772918955.921265762,1,0,0.01
1772918956.943428143,0,0,11.08
1772918956.943428143,1,0,0.01
1772918957.966407942,0,0,11.08
1772918957.966407942,1,0,0.01
1772918958.989594289,0,0,11.08
1772918958.989594289,1,0,0.01
1772918960.011895073,0,0,11.08
1772918960.011895073,1,0,0.01
1772918961.034181513,0,1,11.08
1772918961.034181513,1,0,0.01
1772918962.056881570,0,0,11.08
1772918962.056881570,1,0,0.01
1772918963.079183461,0,0,11.08
1772918963.079183461,1,0,0.01
1772918964.101478679,0,0,11.08
1772918964.101478679,1,0,0.01
1772918965.123854678,0,0,11.08
1772918965.123854678,1,0,0.01
1772918966.146099464,0,0,11.08
1772918966.146099464,1,0,0.01
1772918967.168317921,0,0,11.08
1772918967.168317921,1,0,0.01
1772918968.191085841,0,0,11.08
1772918968.191085841,1,0,0.01
1772918969.213448996,0,0,11.08
1772918969.213448996,1,0,0.01
1772918970.235830093,0,0,11.08
1772918970.235830093,1,0,0.01
1772918971.258160042,0,0,11.08
1772918971.258160042,1,0,0.01
1772918972.280958478,0,0,11.08
1772918972.280958478,1,0,0.01
1772918973.302948378,0,0,11.08
1772918973.302948378,1,0,0.01
1772918974.325242832,0,0,11.08
1772918974.325242832,1,0,0.01
1772918975.348052893,0,0,11.08
1772918975.348052893,1,0,0.01
1772918976.371069341,0,0,11.08
1772918976.371069341,1,0,0.01
1772918977.393348116,0,71,11.08
1772918977.393348116,1,0,0.01
1772918978.416157563,0,70,11.08
1772918978.416157563,1,0,0.01
1772918979.438370217,0,68,11.08
1772918979.438370217,1,0,0.01
1772918980.460648810,0,67,11.08
1772918980.460648810,1,0,0.01
1772918981.483796745,0,0,11.08
1772918981.483796745,1,0,0.01
1772918982.506186400,0,0,11.08
1772918982.506186400,1,0,0.01
1772918983.528733576,0,0,11.08
1772918983.528733576,1,0,0.01
1772918984.551627123,0,0,11.08
1772918984.551627123,1,0,0.01
1772918985.574409723,0,69,11.08
1772918985.574409723,1,0,0.01
1772918986.596726282,0,69,11.08
1772918986.596726282,1,0,0.01
1772918987.619364982,0,0,11.08
1772918987.619364982,1,0,0.01
1772918988.641627095,0,0,11.08
1772918988.641627095,1,0,0.01
1772918989.664035031,0,0,11.08
1772918989.664035031,1,0,0.01
1772918990.687523985,0,34,11.08
1772918990.687523985,1,0,0.01
1772918991.709836848,0,71,11.08
1772918991.709836848,1,0,0.01
1772918992.732540616,0,0,11.08
1772918992.732540616,1,0,0.01
1772918993.755441273,0,0,11.08
1772918993.755441273,1,0,0.01
1772918994.777973877,0,1,11.08
1772918994.777973877,1,0,0.01
1772918995.800293997,0,0,11.08
1772918995.800293997,1,0,0.01
1772918996.822503651,0,0,11.08
1772918996.822503651,1,0,0.01
1772918997.844557753,0,68,11.08
1772918997.844557753,1,0,0.01
1772918998.867013098,0,99,11.08
1772918998.867013098,1,0,0.01
1772918999.889506273,0,99,11.08
1772918999.889506273,1,0,0.01
1772919000.912874292,0,4,11.08
1772919000.912874292,1,0,0.01
1772919001.935357946,0,0,11.08
1772919001.935357946,1,0,0.01
1772919002.957514179,0,0,11.08
1772919002.957514179,1,0,0.01
1772919003.979927840,0,0,11.08
1772919003.979927840,1,0,0.01
1772919005.002298831,0,1,11.08
1772919005.002298831,1,0,0.01
1772919006.025194803,0,0,11.08
1772919006.025194803,1,0,0.01
1772919007.047493813,0,0,11.08
1772919007.047493813,1,0,0.01
1772919008.069596732,0,0,11.08
1772919008.069596732,1,0,0.01
1772919009.092414780,0,0,11.08
1772919009.092414780,1,0,0.01
1772919010.114673285,0,69,11.08
1772919010.114673285,1,0,0.01
1772919011.137176294,0,69,11.08
1772919011.137176294,1,0,0.01
1772919012.160036645,0,0,11.08
1772919012.160036645,1,0,0.01
1772919013.182441925,0,0,11.08
1772919013.182441925,1,0,0.01
1772919014.205748806,0,0,11.08
1772919014.205748806,1,0,0.01
1772919015.228170265,0,0,11.08
1772919015.228170265,1,0,0.01
1772919016.250571640,0,0,11.08
1772919016.250571640,1,0,0.01
1772919017.273430480,0,63,11.08
1772919017.273430480,1,0,0.01
1772919018.296241656,0,69,11.08
1772919018.296241656,1,0,0.01
1772919019.319155015,0,0,11.08
1772919019.319155015,1,0,0.01
1772919020.341227918,0,0,11.08
1772919020.341227918,1,0,0.01
1772919021.363222233,0,0,11.08
1772919021.363222233,1,0,0.01
1772919022.386100027,0,0,11.08
1772919022.386100027,1,0,0.01
1772919023.408880004,0,0,11.08
1772919023.408880004,1,0,0.01
1772919024.431166055,0,0,11.08
1772919024.431166055,1,0,0.01
1772919025.453220634,0,0,11.08
1772919025.453220634,1,0,0.01
1772919026.476080597,0,0,11.08
1772919026.476080597,1,0,0.01
1772919027.498322189,0,0,11.08
1772919027.498322189,1,0,0.01
1772919028.521132882,0,0,11.08
1772919028.521132882,1,0,0.01
1772919029.544089437,0,0,11.08
1772919029.544089437,1,0,0.01
1772919030.566417649,0,0,11.08
1772919030.566417649,1,0,0.01
1772919031.589378622,0,0,11.08
1772919031.589378622,1,0,0.01
1772919032.612423372,0,0,11.08
1772919032.612423372,1,0,0.01
1772919033.634795846,0,67,11.08
1772919033.634795846,1,0,0.01
1772919034.657698343,0,67,11.08
1772919034.657698343,1,0,0.01
1772919035.680118955,0,0,11.08
1772919035.680118955,1,0,0.01
1772919036.703124180,0,0,11.08
1772919036.703124180,1,0,0.01
1772919037.726091359,0,0,11.08
1772919037.726091359,1,0,0.01
1772919038.748003361,0,0,11.08
1772919038.748003361,1,0,0.01
1772919039.770184693,0,99,11.08
1772919039.770184693,1,0,0.01
1772919040.793058564,0,99,11.08
1772919040.793058564,1,0,0.01
1772919041.815714816,0,98,11.08
1772919041.815714816,1,0,0.01
1772919042.838530522,0,85,11.08
1772919042.838530522,1,0,0.01
1772919043.860806812,0,0,11.08
1772919043.860806812,1,0,0.01
1772919044.883482185,0,0,11.08
1772919044.883482185,1,0,0.01
1772919045.905913670,0,65,11.08
1772919045.905913670,1,0,0.01
1772919046.928065388,0,69,11.08
1772919046.928065388,1,0,0.01
1772919047.950213764,0,0,11.08
1772919047.950213764,1,0,0.01
1772919048.971773629,0,0,11.08
1772919048.971773629,1,0,0.01
1772919049.994043167,0,0,11.08
1772919049.994043167,1,0,0.01
1772919051.017048853,0,0,11.08
1772919051.017048853,1,0,0.01
1772919052.039937768,0,0,11.08
1772919052.039937768,1,0,0.01
1772919053.062839093,0,0,11.08
1772919053.062839093,1,0,0.01
1772919054.085010496,0,0,11.08
1772919054.085010496,1,0,0.01
1772919055.107902374,0,0,11.08
1772919055.107902374,1,0,0.01
1772919056.130754557,0,65,11.08
1772919056.130754557,1,0,0.01
1772919057.153776303,0,51,11.08
1772919057.153776303,1,0,0.01
1772919058.176043951,0,0,11.08
1772919058.176043951,1,0,0.01
1772919059.199135187,0,0,11.08
1772919059.199135187,1,0,0.01
1772919060.221464237,0,0,11.08
1772919060.221464237,1,0,0.01
1772919061.243347644,0,0,11.08
1772919061.243347644,1,0,0.01
1772919062.266205006,0,65,11.08
1772919062.266205006,1,0,0.01
1772919063.289447332,0,66,11.08
1772919063.289447332,1,0,0.01
1772919064.311990763,0,1,11.08
1772919064.311990763,1,0,0.01
1772919065.334781586,0,69,11.08
1772919065.334781586,1,0,0.01
1772919066.357293882,0,69,11.08
1772919066.357293882,1,0,0.01
1772919067.380339109,0,0,11.08
1772919067.380339109,1,0,0.01
1772919068.402751878,0,0,11.08
1772919068.402751878,1,0,0.01
1772919069.424811106,0,0,11.08
1772919069.424811106,1,0,0.01
1772919070.448011542,0,0,11.08
1772919070.448011542,1,0,0.01
1772919071.470313543,0,0,11.08
1772919071.470313543,1,0,0.01
1772919072.493169362,0,0,11.08
1772919072.493169362,1,0,0.01
1772919073.515142900,0,0,11.08
1772919073.515142900,1,0,0.01
1772919074.537233977,0,0,11.08
1772919074.537233977,1,0,0.01
1772919075.559328150,0,0,11.08
1772919075.559328150,1,0,0.01
1772919076.581323666,0,67,11.08
1772919076.581323666,1,0,0.01
1772919077.603882047,0,66,11.08
1772919077.603882047,1,0,0.01
1772919078.626286027,0,0,11.08
1772919078.626286027,1,0,0.01
1772919079.649346889,0,0,11.08
1772919079.649346889,1,0,0.01
1772919080.671649197,0,0,11.08
1772919080.671649197,1,0,0.01
1772919081.694753983,0,0,11.08
1772919081.694753983,1,0,0.01
1772919082.716794122,0,0,11.08
1772919082.716794122,1,0,0.01
1772919083.739064016,0,64,11.08
1772919083.739064016,1,0,0.01
1772919084.761689052,0,99,11.08
1772919084.761689052,1,0,0.01
1772919085.783910635,0,99,11.08
1772919085.783910635,1,0,0.01
1772919086.807318666,0,68,11.08
1772919086.807318666,1,0,0.01
1772919087.829879703,0,0,11.08
1772919087.829879703,1,0,0.01
1772919088.852336945,0,0,11.08
1772919088.852336945,1,0,0.01
1772919089.874372755,0,0,11.08
1772919089.874372755,1,0,0.01
1772919090.896423286,0,0,11.08
1772919090.896423286,1,0,0.01
1772919091.918472231,0,0,11.08
1772919091.918472231,1,0,0.01
1772919092.940577592,0,0,11.08
1772919092.940577592,1,0,0.01
1772919093.962703418,0,0,11.08
1772919093.962703418,1,0,0.01
1772919094.985187119,0,0,11.08
1772919094.985187119,1,0,0.01
1772919096.007261884,0,0,11.08
1772919096.007261884,1,0,0.01
1772919097.029315485,0,0,11.08
1772919097.029315485,1,0,0.01
1772919098.051586417,0,0,11.08
1772919098.051586417,1,0,0.01
1772919099.074486649,0,0,11.08
1772919099.074486649,1,0,0.01
1772919100.096406857,0,0,11.08
1772919100.096406857,1,0,0.01
1772919101.118524157,0,0,11.08
1772919101.118524157,1,0,0.01
1772919102.140708019,0,0,11.08
1772919102.140708019,1,0,0.01
1772919103.164011392,0,99,11.08
1772919103.164011392,1,0,0.01
1772919104.186054804,0,99,11.08
1772919104.186054804,1,0,0.01
1772919105.208533645,0,99,11.08
1772919105.208533645,1,0,0.01
1772919106.230918731,0,99,11.08
1772919106.230918731,1,0,0.01
1772919107.253311198,0,64,11.08
1772919107.253311198,1,0,0.01
1772919108.275584592,0,63,11.08
1772919108.275584592,1,0,0.01
1772919109.299739955,0,72,11.08
1772919109.299739955,1,0,0.01
1772919110.322013077,0,72,11.08
1772919110.322013077,1,0,0.01
1772919111.344221034,0,0,11.08
1772919111.344221034,1,0,0.01
1772919112.367153945,0,69,11.08
1772919112.367153945,1,0,0.01
1772919113.389441221,0,69,11.08
1772919113.389441221,1,0,0.01
1772919114.411888093,0,0,11.08
1772919114.411888093,1,0,0.01
1772919115.434560988,0,27,11.08
1772919115.434560988,1,0,0.01
1772919116.457595878,0,67,11.08
1772919116.457595878,1,0,0.01
1772919117.480128639,0,53,11.08
1772919117.480128639,1,0,0.01
1772919118.502494298,0,0,11.08
1772919118.502494298,1,0,0.01
1772919119.524549560,0,0,11.08
1772919119.524549560,1,0,0.01
1772919120.547360882,0,0,11.08
1772919120.547360882,1,0,0.01
1772919121.569950645,0,0,11.08
1772919121.569950645,1,0,0.01
1772919122.591951376,0,0,11.08
1772919122.591951376,1,0,0.01
1772919123.614898734,0,0,11.08
1772919123.614898734,1,0,0.01
1772919124.637585697,0,0,11.08
1772919124.637585697,1,0,0.01
1772919125.660700666,0,0,11.08
1772919125.660700666,1,0,0.01
1772919126.684537154,0,0,11.08
1772919126.684537154,1,0,0.01
1772919127.707386562,0,0,11.08
1772919127.707386562,1,0,0.01
1772919128.730284606,0,0,11.08
1772919128.730284606,1,0,0.01
1772919129.752913668,0,0,11.08
1772919129.752913668,1,0,0.01
1772919130.775900779,0,67,11.09
1772919130.775900779,1,0,0.01
1772919131.798893560,0,66,11.09
1772919131.798893560,1,0,0.01
1772919132.822075483,0,0,11.09
1772919132.822075483,1,0,0.01
1772919133.844486394,0,0,11.09
1772919133.844486394,1,0,0.01
1772919134.868914813,0,0,11.09
1772919134.868914813,1,0,0.01
1772919135.892334405,0,0,11.09
1772919135.892334405,1,0,0.01
1772919136.914084416,0,0,11.09
1772919136.914084416,1,0,0.01
1772919137.935956077,0,0,11.09
1772919137.935956077,1,0,0.01
1772919138.957641136,0,0,11.09
1772919138.957641136,1,0,0.01
1772919139.980347070,0,0,11.09
1772919139.980347070,1,0,0.01
1772919141.002140770,0,0,11.09
1772919141.002140770,1,0,0.01
1772919142.023866472,0,0,11.09
1772919142.023866472,1,0,0.01
1772919143.046305593,0,0,11.09
1772919143.046305593,1,0,0.01
1772919144.068101964,0,0,11.09
1772919144.068101964,1,0,0.01
1772919145.091342821,0,0,11.09
1772919145.091342821,1,0,0.01
1772919146.112820117,0,0,11.09
1772919146.112820117,1,0,0.01
1772919147.135246026,0,0,11.09
1772919147.135246026,1,0,0.01
1772919148.157756102,0,0,11.09
1772919148.157756102,1,0,0.01
1772919149.180506134,0,0,11.09
1772919149.180506134,1,0,0.01
1772919150.202933896,0,0,11.09
1772919150.202933896,1,0,0.01
1772919151.226013565,0,0,11.09
1772919151.226013565,1,0,0.01
1772919152.249210083,0,68,11.09
1772919152.249210083,1,0,0.01
1772919153.271378954,0,68,11.09
1772919153.271378954,1,0,0.01
1772919154.294669502,0,0,11.09
1772919154.294669502,1,0,0.01
1772919155.317410354,0,0,11.09
1772919155.317410354,1,0,0.01
1772919156.340056260,0,1,11.09
1772919156.340056260,1,0,0.01
1772919157.361887563,0,0,11.09
1772919157.361887563,1,0,0.01
1772919158.384736359,0,0,11.09
1772919158.384736359,1,0,0.01
1772919159.406715637,0,67,11.09
1772919159.406715637,1,0,0.01
1772919160.429383597,0,67,11.09
1772919160.429383597,1,0,0.01
1772919161.452189709,0,0,11.09
1772919161.452189709,1,0,0.01
1772919162.474975990,0,0,11.09
1772919162.474975990,1,0,0.01
1772919163.496729137,0,0,11.09
1772919163.496729137,1,0,0.01
1772919164.520001503,0,0,11.09
1772919164.520001503,1,0,0.01
1772919165.541954141,0,0,11.09
1772919165.541954141,1,0,0.01
1772919166.564490675,0,0,11.09
1772919166.564490675,1,0,0.01
1772919167.587668274,0,0,11.09
1772919167.587668274,1,0,0.01
1772919168.609510074,0,0,11.09
1772919168.609510074,1,0,0.01
1772919169.631901804,0,0,11.09
1772919169.631901804,1,0,0.01
1772919170.653705343,0,0,11.09
1772919170.653705343,1,0,0.01
1772919171.676988501,0,0,11.09
1772919171.676988501,1,0,0.01
1772919172.699449943,0,0,11.09
1772919172.699449943,1,0,0.01
1772919173.722293690,0,67,11.09
1772919173.722293690,1,0,0.01
1772919174.745471976,0,67,11.09
1772919174.745471976,1,0,0.01
1772919175.768203758,0,0,11.09
1772919175.768203758,1,0,0.01
1772919176.790113339,0,0,11.09
1772919176.790113339,1,0,0.01
1772919177.813216310,0,0,11.09
1772919177.813216310,1,0,0.01
1772919178.835846835,0,0,11.09
1772919178.835846835,1,0,0.01
1772919179.858179919,0,0,11.09
1772919179.858179919,1,0,0.01
1772919180.880815871,0,0,11.09
1772919180.880815871,1,0,0.01
1772919181.902751536,0,0,11.09
1772919181.902751536,1,0,0.01
1772919182.925919654,0,0,11.09
1772919182.925919654,1,0,0.01
1772919183.948508130,0,0,11.09
1772919183.948508130,1,0,0.01
1772919184.971197301,0,66,11.09
1772919184.971197301,1,0,0.01
1772919185.993081276,0,24,11.09
1772919185.993081276,1,0,0.01
1772919187.015093200,0,0,11.09
1772919187.015093200,1,0,0.01
1772919188.038286565,0,68,11.09
1772919188.038286565,1,0,0.01
1772919189.060371125,0,68,11.09
1772919189.060371125,1,0,0.01
1772919190.083931317,0,50,11.09
1772919190.083931317,1,0,0.01
1772919191.107835133,0,64,11.09
1772919191.107835133,1,0,0.01
1772919192.130645983,0,30,11.09
1772919192.130645983,1,0,0.01
1772919193.154083047,0,0,11.09
1772919193.154083047,1,0,0.01
1772919194.176886788,0,0,11.09
1772919194.176886788,1,0,0.01
1772919195.200546458,0,0,11.09
1772919195.200546458,1,0,0.01
1772919196.223566096,0,66,11.09
1772919196.223566096,1,0,0.01
1772919197.246151786,0,99,11.09
1772919197.246151786,1,0,0.01
1772919198.269954015,0,99,11.09
1772919198.269954015,1,0,0.01
1772919199.294597365,0,69,11.09
1772919199.294597365,1,0,0.01
1772919200.317447364,0,0,11.09
1772919200.317447364,1,0,0.01
1772919201.339845073,0,0,11.09
1772919201.339845073,1,0,0.01
1772919202.362330812,0,0,11.09
1772919202.362330812,1,0,0.01
1772919203.384860339,0,0,11.09
1772919203.384860339,1,0,0.01
1772919204.406892660,0,0,11.09
1772919204.406892660,1,0,0.01
1772919205.430028729,0,0,11.09
1772919205.430028729,1,0,0.01
1772919206.452499484,0,69,11.09
1772919206.452499484,1,0,0.01
1772919207.474920976,0,69,11.09
1772919207.474920976,1,0,0.01
1772919208.497254816,0,0,11.09
1772919208.497254816,1,0,0.01
1772919209.519413541,0,0,11.09
1772919209.519413541,1,0,0.01
1772919210.542495906,0,0,11.09
1772919210.542495906,1,0,0.01
1772919211.564728745,0,67,11.09
1772919211.564728745,1,0,0.01
1772919212.586890493,0,68,11.09
1772919212.586890493,1,0,0.01
1772919213.610107763,0,0,11.09
1772919213.610107763,1,0,0.01
1772919214.633481638,0,1,11.09
1772919214.633481638,1,0,0.01
1772919215.655980743,0,0,11.09
1772919215.655980743,1,0,0.01
1772919216.678963356,0,0,11.09
1772919216.678963356,1,0,0.01
1772919217.701359285,0,0,11.09
1772919217.701359285,1,0,0.01
1772919218.724054658,0,0,11.09
1772919218.724054658,1,0,0.01
1772919219.746471190,0,67,11.09
1772919219.746471190,1,0,0.01
1772919220.770275897,0,68,11.09
1772919220.770275897,1,0,0.01
1772919221.793211365,0,0,11.09
1772919221.793211365,1,0,0.01
1772919222.815967387,0,0,11.09
1772919222.815967387,1,0,0.01
1772919223.838488940,0,68,11.09
1772919223.838488940,1,0,0.01
1772919224.860978008,0,68,11.09
1772919224.860978008,1,0,0.01
1772919225.884379396,0,0,11.09
1772919225.884379396,1,0,0.01
1772919226.906929680,0,0,11.09
1772919226.906929680,1,0,0.01
1772919227.929342276,0,0,11.09
1772919227.929342276,1,0,0.01
1772919228.952298073,0,0,11.09
1772919228.952298073,1,0,0.01
1772919229.975226749,0,0,11.09
1772919229.975226749,1,0,0.01
1772919230.997557804,0,0,11.09
1772919230.997557804,1,0,0.01
1772919232.019566561,0,69,11.09
1772919232.019566561,1,0,0.01
1772919233.042159634,0,69,11.09
1772919233.042159634,1,0,0.01
1772919234.065234921,0,0,11.09
1772919234.065234921,1,0,0.01
1772919235.087412891,0,0,11.09
1772919235.087412891,1,0,0.01
1772919236.109624188,0,69,11.09
1772919236.109624188,1,0,0.01
1772919237.131750915,0,69,11.09
1772919237.131750915,1,0,0.01
1772919238.154467702,0,0,11.09
1772919238.154467702,1,0,0.01
1772919239.177471613,0,0,11.09
1772919239.177471613,1,0,0.01
1772919240.199440531,0,0,11.09
1772919240.199440531,1,0,0.01
1772919241.222566801,0,0,11.09
1772919241.222566801,1,0,0.01
1772919242.245453963,0,0,11.09
1772919242.245453963,1,0,0.01
1772919243.269033566,0,0,11.09
1772919243.269033566,1,0,0.01
1772919244.291134555,0,70,11.09
1772919244.291134555,1,0,0.01
1772919245.314444366,0,70,11.09
1772919245.314444366,1,0,0.01
1772919246.336725169,0,0,11.09
1772919246.336725169,1,0,0.01
1772919247.359000479,0,0,11.09
1772919247.359000479,1,0,0.01
1772919248.381212884,0,0,11.09
1772919248.381212884,1,0,0.01
1772919249.403329003,0,0,11.09
1772919249.403329003,1,0,0.01
1772919250.426450371,0,0,11.09
1772919250.426450371,1,0,0.01
1772919251.448806146,0,0,11.09
1772919251.448806146,1,0,0.01
1772919252.471706545,0,0,11.09
1772919252.471706545,1,0,0.01
1772919253.494417680,0,0,11.09
1772919253.494417680,1,0,0.01
1772919254.517390517,0,66,11.09
1772919254.517390517,1,0,0.01
1772919255.540274793,0,66,11.09
1772919255.540274793,1,0,0.01
1772919256.563123143,0,0,11.09
1772919256.563123143,1,0,0.01
1772919257.585549679,0,0,11.09
1772919257.585549679,1,0,0.01
1772919258.607724871,0,0,11.09
1772919258.607724871,1,0,0.01
1772919259.629889550,0,0,11.09
1772919259.629889550,1,0,0.01
1772919260.652365719,0,0,11.09
1772919260.652365719,1,0,0.01
1772919261.675032905,0,68,11.09
1772919261.675032905,1,0,0.01
1772919262.698284338,0,69,11.09
1772919262.698284338,1,0,0.01
1772919263.720590581,0,0,11.09
1772919263.720590581,1,0,0.01
1772919264.742725637,0,0,11.09
1772919264.742725637,1,0,0.01
1772919265.765234332,0,0,11.09
1772919265.765234332,1,0,0.01
1772919266.788493720,0,0,11.09
1772919266.788493720,1,0,0.01
1772919267.810893756,0,68,11.09
1772919267.810893756,1,0,0.01
1772919268.834133205,0,99,11.09
1772919268.834133205,1,0,0.01
1772919269.857380538,0,99,11.09
1772919269.857380538,1,0,0.01
1772919270.879835735,0,67,11.09
1772919270.879835735,1,0,0.01
1772919271.902600290,0,0,11.09
1772919271.902600290,1,0,0.01
1772919272.924908760,0,0,11.09
1772919272.924908760,1,0,0.01
1772919273.947863513,0,68,11.09
1772919273.947863513,1,0,0.01
1772919274.970802913,0,68,11.09
1772919274.970802913,1,0,0.01
1772919275.993137892,0,0,11.09
1772919275.993137892,1,0,0.01
1772919277.015566384,0,0,11.09
1772919277.015566384,1,0,0.01
1772919278.037788067,0,0,11.09
1772919278.037788067,1,0,0.01
1772919279.060241716,0,0,11.09
1772919279.060241716,1,0,0.01
1772919280.082521215,0,0,11.09
1772919280.082521215,1,0,0.01
1772919281.104870011,0,0,11.09
1772919281.104870011,1,0,0.01
1772919282.127783208,0,0,11.09
1772919282.127783208,1,0,0.01
1772919283.150256255,0,0,11.09
1772919283.150256255,1,0,0.01
1772919284.173573257,0,0,11.09
1772919284.173573257,1,0,0.01
1772919285.196538545,0,0,11.09
1772919285.196538545,1,0,0.01
1772919286.218985965,0,0,11.09
1772919286.218985965,1,0,0.01
1772919287.241315184,0,1,11.09
1772919287.241315184,1,0,0.01
1772919288.263867285,0,0,11.09
1772919288.263867285,1,0,0.01
1772919289.286096796,0,0,11.09
1772919289.286096796,1,0,0.01
1772919290.308656888,0,0,11.09
1772919290.308656888,1,0,0.01
1772919291.331809092,0,0,11.09
1772919291.331809092,1,0,0.01
1772919292.354440772,0,0,11.09
1772919292.354440772,1,0,0.01
1772919293.377392507,0,0,11.09
1772919293.377392507,1,0,0.01
1772919294.400026625,0,0,11.09
1772919294.400026625,1,0,0.01
1772919295.423387111,0,0,11.09
1772919295.423387111,1,0,0.01
1772919296.446127969,0,0,11.09
1772919296.446127969,1,0,0.01
1772919297.468662985,0,0,11.09
1772919297.468662985,1,0,0.01
1772919298.491867889,0,0,11.09
1772919298.491867889,1,0,0.01
1772919299.514217240,0,0,11.09
1772919299.514217240,1,0,0.01
1772919300.536766348,0,0,11.09
1772919300.536766348,1,0,0.01
1772919301.559874924,0,0,11.09
1772919301.559874924,1,0,0.01
1772919302.583082038,0,0,11.09
1772919302.583082038,1,0,0.01
1772919303.605709789,0,0,11.09
1772919303.605709789,1,0,0.01
1772919304.627903618,0,0,11.09
1772919304.627903618,1,0,0.01
1772919305.651165549,0,0,11.09
1772919305.651165549,1,0,0.01
1772919306.674577215,0,69,9.86
1772919306.674577215,1,0,0.01
1772919307.697397433,0,69,9.86
1772919307.697397433,1,0,0.01
1772919308.719745639,0,70,9.86
1772919308.719745639,1,0,0.01
1772919309.741814556,0,69,9.86
1772919309.741814556,1,0,0.01
1772919310.765062803,0,1,9.86
1772919310.765062803,1,0,0.01
1772919311.789224778,0,0,9.86
1772919311.789224778,1,0,0.01
1772919312.812061642,0,0,9.86
1772919312.812061642,1,0,0.01
1772919313.836162279,0,62,9.86
1772919313.836162279,1,0,0.01
1772919314.859586440,0,65,9.86
1772919314.859586440,1,0,0.01
1772919315.883197326,0,0,9.86
1772919315.883197326,1,0,0.01
1772919316.906320750,0,0,9.86
1772919316.906320750,1,0,0.01
1772919317.928751189,0,0,9.86
1772919317.928751189,1,0,0.01
1772919318.951548948,0,7,8.62
1772919318.951548948,1,0,0.01
1772919319.974667439,0,0,9.57
1772919319.974667439,1,0,0.01
1772919320.998419662,0,0,9.57
1772919320.998419662,1,0,0.01
1772919322.020568779,0,0,9.57
1772919322.020568779,1,0,0.01
1772919323.043182538,0,0,9.58
1772919323.043182538,1,0,0.01
1772919324.066166972,0,1,9.58
1772919324.066166972,1,0,0.01
1772919325.090884538,0,0,9.58
1772919325.090884538,1,0,0.01
1772919326.114324356,0,0,9.58
1772919326.114324356,1,0,0.01
1772919327.137761586,0,0,9.58
1772919327.137761586,1,0,0.01
1772919328.160927105,0,0,9.58
1772919328.160927105,1,0,0.01
1772919329.183668765,0,0,9.58
1772919329.183668765,1,0,0.01
1772919330.206934273,0,0,9.58
1772919330.206934273,1,0,0.01
1772919331.229887205,0,0,9.58
1772919331.229887205,1,0,0.01
1772919332.253440398,0,0,9.58
1772919332.253440398,1,0,0.01
1772919333.277156428,0,0,9.58
1772919333.277156428,1,0,0.01
1772919334.299335909,0,0,9.58
1772919334.299335909,1,0,0.01
1772919335.322160094,0,32,9.58
1772919335.322160094,1,0,0.01
1772919336.345343104,0,68,9.58
1772919336.345343104,1,0,0.01
1772919337.367501686,0,52,9.58
1772919337.367501686,1,0,0.01
1772919338.390493261,0,0,9.58
1772919338.390493261,1,0,0.01
1772919339.412867273,0,0,9.58
1772919339.412867273,1,0,0.01
1772919340.435542581,0,0,9.58
1772919340.435542581,1,0,0.01
1772919341.457298416,0,0,9.58
1772919341.457298416,1,0,0.01
1772919342.479465920,0,0,9.58
1772919342.479465920,1,0,0.01
1772919343.502485959,0,0,9.58
1772919343.502485959,1,0,0.01
1772919344.524743664,0,0,9.58
1772919344.524743664,1,0,0.01
1772919345.548375971,0,0,9.58
1772919345.548375971,1,0,0.01
1772919346.571653693,0,0,9.58
1772919346.571653693,1,0,0.01
1772919347.593991714,0,68,9.58
1772919347.593991714,1,0,0.01
1772919348.617733659,0,68,9.58
1772919348.617733659,1,0,0.01
1772919349.640843638,0,0,9.58
1772919349.640843638,1,0,0.01
1772919350.664177504,0,0,9.58
1772919350.664177504,1,0,0.01
1772919351.687093021,0,0,9.58
1772919351.687093021,1,0,0.01
1772919352.710177744,0,0,9.58
1772919352.710177744,1,0,0.01
1772919353.733306242,0,0,9.58
1772919353.733306242,1,0,0.01
1772919354.756251948,0,0,9.58
1772919354.756251948,1,0,0.01
1772919355.780426814,0,0,9.58
1772919355.780426814,1,0,0.01
1772919356.803705127,0,0,9.58
1772919356.803705127,1,0,0.01
1772919357.828272779,0,99,9.58
1772919357.828272779,1,0,0.01
1772919358.851689522,0,99,9.58
1772919358.851689522,1,0,0.01
1772919359.875238943,0,99,9.58
1772919359.875238943,1,0,0.01
1772919360.897447044,0,88,9.58
1772919360.897447044,1,0,0.01
1772919361.920563686,0,0,9.58
1772919361.920563686,1,0,0.01
1772919362.942680839,0,0,9.58
1772919362.942680839,1,0,0.01
1772919363.965085542,0,0,9.58
1772919363.965085542,1,0,0.01
1772919364.987978590,0,0,9.58
1772919364.987978590,1,0,0.01
1772919366.010700123,0,0,9.58
1772919366.010700123,1,0,0.01
1772919367.033634643,0,0,9.58
1772919367.033634643,1,0,0.01
1772919368.056517094,0,0,9.58
1772919368.056517094,1,0,0.01
1772919369.079885693,0,0,8.34
1772919369.079885693,1,0,0.01
1772919370.102609736,0,0,8.34
1772919370.102609736,1,0,0.01
1772919371.125230810,0,70,8.51
1772919371.125230810,1,0,0.01
1772919372.148792313,0,99,8.62
1772919372.148792313,1,0,0.01
1772919373.171573759,0,55,8.62
1772919373.171573759,1,0,0.01
1772919374.194247650,0,58,8.62
1772919374.194247650,1,0,0.01
1772919375.216846580,0,0,8.62
1772919375.216846580,1,0,0.01
1772919376.239956810,0,47,8.62
1772919376.239956810,1,0,0.01
1772919377.262798907,0,65,8.62
1772919377.262798907,1,0,0.01
1772919378.285780762,0,0,8.62
1772919378.285780762,1,0,0.01
1772919379.309205691,0,0,8.62
1772919379.309205691,1,0,0.01
1772919380.332166927,0,0,8.62
1772919380.332166927,1,0,0.01
1772919381.354739469,0,0,8.62
1772919381.354739469,1,0,0.01
1772919382.377582096,0,0,8.62
1772919382.377582096,1,0,0.01
1772919383.400409221,0,0,8.62
1772919383.400409221,1,0,0.01
1772919384.423626137,0,0,8.62
1772919384.423626137,1,0,0.01
1772919385.446360372,0,0,8.62
1772919385.446360372,1,0,0.01
1772919386.469169743,0,0,8.62
1772919386.469169743,1,0,0.01
1772919387.492020221,0,0,8.62
1772919387.492020221,1,0,0.01
1772919388.515016659,0,0,8.62
1772919388.515016659,1,0,0.01
1772919389.537778370,0,0,8.62
1772919389.537778370,1,0,0.01
1772919390.560547853,0,0,8.62
1772919390.560547853,1,0,0.01
1772919391.583346983,0,0,8.62
1772919391.583346983,1,0,0.01
1772919392.606479093,0,0,8.62
1772919392.606479093,1,0,0.01
1772919393.629449792,0,0,8.62
1772919393.629449792,1,0,0.01
1772919394.652732357,0,0,8.62
1772919394.652732357,1,0,0.01
1772919395.675456379,0,0,8.62
1772919395.675456379,1,0,0.01
1772919396.698048385,0,0,8.62
1772919396.698048385,1,0,0.01
1772919397.720977718,0,0,8.62
1772919397.720977718,1,0,0.01
1772919398.744510362,0,0,7.39
1772919398.744510362,1,0,0.01
1772919399.767306099,0,0,7.39
1772919399.767306099,1,0,0.01
1772919400.791200623,0,0,7.39
1772919400.791200623,1,0,0.01
1772919401.814008526,0,0,7.39
1772919401.814008526,1,0,0.01
1772919402.837429924,0,0,7.39
1772919402.837429924,1,0,0.01
1772919403.860989027,0,0,7.39
1772919403.860989027,1,0,0.01
1772919404.885115051,0,0,7.39
1772919404.885115051,1,0,0.01
1772919405.908831521,0,0,7.39
1772919405.908831521,1,0,0.01
1772919406.932667224,0,0,7.39
1772919406.932667224,1,0,0.01
1772919407.955838407,0,0,7.39
1772919407.955838407,1,0,0.01
1772919408.978730710,0,0,7.39
1772919408.978730710,1,0,0.01
1772919410.001995713,0,0,7.39
1772919410.001995713,1,0,0.01
1772919411.024976366,0,0,7.39
1772919411.024976366,1,0,0.01
1772919412.047751004,0,70,7.40
1772919412.047751004,1,0,0.01
1772919413.071672156,0,68,7.40
1772919413.071672156,1,0,0.01
1772919414.094926421,0,0,7.40
1772919414.094926421,1,0,0.01
1772919415.117848211,0,0,7.40
1772919415.117848211,1,0,0.01
1772919416.141813791,0,0,6.16
1772919416.141813791,1,0,0.01
1772919417.164473096,0,0,6.16
1772919417.164473096,1,0,0.01
1772919418.188378242,0,0,6.16
1772919418.188378242,1,0,0.01
1772919419.212698980,0,0,6.16
1772919419.212698980,1,0,0.01
1772919420.236042615,0,0,6.16
1772919420.236042615,1,0,0.01
1772919421.259618860,0,0,6.16
1772919421.259618860,1,0,0.01
1772919422.281997823,0,0,6.16
1772919422.281997823,1,0,0.01
1772919423.304766139,0,0,6.16
1772919423.304766139,1,0,0.01
1772919424.329464531,0,0,6.16
1772919424.329464531,1,0,0.01
1772919425.352866445,0,0,6.16
1772919425.352866445,1,0,0.01
1772919426.377869550,0,0,6.16
1772919426.377869550,1,0,0.01
1772919427.401943198,0,0,6.16
1772919427.401943198,1,0,0.01
1772919428.424803938,0,0,6.16
1772919428.424803938,1,0,0.01
1772919429.446708388,0,0,6.16
1772919429.446708388,1,0,0.01
1772919430.468440773,0,0,6.16
1772919430.468440773,1,0,0.01
1772919431.490755238,0,0,6.16
1772919431.490755238,1,0,0.01
1772919432.513662848,0,0,6.16
1772919432.513662848,1,0,0.01
1772919433.536998812,0,0,6.16
1772919433.536998812,1,0,0.01
1772919434.560304608,0,0,6.16
1772919434.560304608,1,0,0.01
1772919435.582829909,0,0,6.16
1772919435.582829909,1,0,0.01
1772919436.605409140,0,0,6.16
1772919436.605409140,1,0,0.01
1772919437.627541209,0,0,6.16
1772919437.627541209,1,0,0.01
1772919438.651720551,0,0,6.16
1772919438.651720551,1,0,0.01
1772919439.675049645,0,0,6.16
1772919439.675049645,1,0,0.01
1772919440.698622284,0,0,6.16
1772919440.698622284,1,0,0.01
1772919441.721269035,0,0,6.16
1772919441.721269035,1,0,0.01
1772919442.743591281,0,0,6.16
1772919442.743591281,1,0,0.01
1772919443.766020547,0,0,6.16
1772919443.766020547,1,0,0.01
1772919444.788120113,0,0,6.16
1772919444.788120113,1,0,0.01
1772919445.811580345,0,0,6.16
1772919445.811580345,1,0,0.01
1772919446.834490624,0,0,6.16
1772919446.834490624,1,0,0.01
1772919447.858077742,0,0,6.16
1772919447.858077742,1,0,0.01
1772919448.880418572,0,0,6.16
1772919448.880418572,1,0,0.01
1772919449.903433706,0,0,6.16
1772919449.903433706,1,0,0.01
1772919450.927468708,0,0,6.16
1772919450.927468708,1,0,0.01
1772919451.950723578,0,0,6.16
1772919451.950723578,1,0,0.01
1772919452.973783231,0,0,6.16
1772919452.973783231,1,0,0.01
1772919453.996633854,0,0,6.16
1772919453.996633854,1,0,0.01
1772919455.018941970,0,0,6.16
1772919455.018941970,1,0,0.01
1772919456.041072106,0,0,6.16
1772919456.041072106,1,0,0.01
1772919457.063723472,0,0,6.16
1772919457.063723472,1,0,0.01
1772919458.086009958,0,0,6.16
1772919458.086009958,1,0,0.01
1772919459.108484997,0,0,6.16
1772919459.108484997,1,0,0.01
1772919460.130419505,0,0,6.16
1772919460.130419505,1,0,0.01
1772919461.153247064,0,71,6.16
1772919461.153247064,1,0,0.01
1772919462.176437200,0,71,6.16
1772919462.176437200,1,0,0.01
1772919463.199209893,0,0,6.16
1772919463.199209893,1,0,0.01
1772919464.222182223,0,0,6.16
1772919464.222182223,1,0,0.01
1772919465.245408922,0,0,6.16
1772919465.245408922,1,0,0.01
1772919466.268303864,0,70,6.16
1772919466.268303864,1,0,0.01
1772919467.293205178,0,70,6.16
1772919467.293205178,1,0,0.01
1772919468.316907623,0,0,6.16
1772919468.316907623,1,0,0.01
1772919469.339199664,0,0,6.16
1772919469.339199664,1,0,0.01
1772919470.362374088,0,0,6.16
1772919470.362374088,1,0,0.01
1772919471.384659839,0,0,6.16
1772919471.384659839,1,0,0.01
1772919472.407899765,0,1,6.16
1772919472.407899765,1,0,0.01
1772919473.430499371,0,0,6.16
1772919473.430499371,1,0,0.01
1772919474.452607848,0,0,6.16
1772919474.452607848,1,0,0.01
1772919475.475566340,0,0,6.16
1772919475.475566340,1,0,0.01
1772919476.497775785,0,0,6.16
1772919476.497775785,1,0,0.01
1772919477.520137625,0,0,6.16
1772919477.520137625,1,0,0.01
1772919478.543446341,0,0,6.16
1772919478.543446341,1,0,0.01
1772919479.566208212,0,0,6.16
1772919479.566208212,1,0,0.01
1772919480.588604265,0,0,6.16
1772919480.588604265,1,0,0.01
1772919481.611258956,0,0,6.16
1772919481.611258956,1,0,0.01
1772919482.633135978,0,0,6.16
1772919482.633135978,1,0,0.01
1772919483.655779313,0,0,6.16
1772919483.655779313,1,0,0.01
1772919484.677845100,0,0,6.16
1772919484.677845100,1,0,0.01
1772919485.700065134,0,0,6.16
1772919485.700065134,1,0,0.01
1772919486.722593929,0,0,6.16
1772919486.722593929,1,0,0.01
1772919487.745223292,0,0,6.16
1772919487.745223292,1,0,0.01
1772919488.767309568,0,0,6.16
1772919488.767309568,1,0,0.01
1772919489.789894813,0,11,6.16
1772919489.789894813,1,0,0.01
1772919490.813897462,0,67,6.16
1772919490.813897462,1,0,0.01
1772919491.836555471,0,55,6.16
1772919491.836555471,1,0,0.01
1772919492.859454804,0,0,6.16
1772919492.859454804,1,0,0.01
1772919493.882242137,0,62,6.16
1772919493.882242137,1,0,0.01
1772919494.904975328,0,62,6.16
1772919494.904975328,1,0,0.01
1772919495.928371757,0,0,6.16
1772919495.928371757,1,0,0.01
1772919496.950922453,0,0,6.16
1772919496.950922453,1,0,0.01
1772919497.973856789,0,0,6.16
1772919497.973856789,1,0,0.01
1772919498.996810086,0,0,6.16
1772919498.996810086,1,0,0.01
1772919500.019226595,0,0,6.16
1772919500.019226595,1,0,0.01
1772919501.041875458,0,70,6.16
1772919501.041875458,1,0,0.01
1772919502.063834050,0,30,6.16
1772919502.063834050,1,0,0.01
1772919503.085654584,0,0,6.16
1772919503.085654584,1,0,0.01
1772919504.107846181,0,0,6.16
1772919504.107846181,1,0,0.01
1772919505.129889912,0,0,6.16
1772919505.129889912,1,0,0.01
1772919506.152692299,0,0,6.16
1772919506.152692299,1,0,0.01
1772919507.175377776,0,0,6.16
1772919507.175377776,1,0,0.01
1772919508.197642459,0,0,6.16
1772919508.197642459,1,0,0.01
1772919509.219979390,0,0,6.16
1772919509.219979390,1,0,0.01
1772919510.242594977,0,0,6.16
1772919510.242594977,1,0,0.01
1772919511.265084215,0,0,6.16
1772919511.265084215,1,0,0.01
1772919512.287308284,0,0,6.16
1772919512.287308284,1,0,0.01
1772919513.310340235,0,0,6.16
1772919513.310340235,1,0,0.01
1772919514.333056374,0,0,6.16
1772919514.333056374,1,0,0.01
1772919515.356662415,0,0,6.16
1772919515.356662415,1,0,0.01
1772919516.380510123,0,0,4.93
1772919516.380510123,1,0,0.01
1772919517.403798694,0,0,4.93
1772919517.403798694,1,0,0.01
1772919518.426478607,0,0,4.93
1772919518.426478607,1,0,0.01
1772919519.449024936,0,0,4.93
1772919519.449024936,1,0,0.01
1772919520.470439405,0,0,4.93
1772919520.470439405,1,0,0.01
1772919521.492814967,0,0,4.93
1772919521.492814967,1,0,0.01
1772919522.514911351,0,0,4.93
1772919522.514911351,1,0,0.01
1772919523.537070148,0,0,4.93
1772919523.537070148,1,0,0.01
1772919524.558639705,0,0,4.93
1772919524.558639705,1,0,0.01
1772919525.580948541,0,0,4.93
1772919525.580948541,1,0,0.01
1772919526.603762933,0,0,4.93
1772919526.603762933,1,0,0.01
1772919527.626774571,0,0,4.93
1772919527.626774571,1,0,0.01
1772919528.649062595,0,0,4.93
1772919528.649062595,1,0,0.01
1772919529.671786717,0,0,4.93
1772919529.671786717,1,0,0.01
1772919530.693475118,0,0,4.93
1772919530.693475118,1,0,0.01
1772919531.716025119,0,0,4.93
1772919531.716025119,1,0,0.01
1772919532.738067387,0,0,4.93
1772919532.738067387,1,0,0.01
1772919533.761693639,0,0,3.70
1772919533.761693639,1,0,0.01
1772919534.783633883,0,0,3.70
1772919534.783633883,1,0,0.01
1772919535.807551411,0,70,3.70
1772919535.807551411,1,0,0.01
1772919536.830474836,0,70,3.70
1772919536.830474836,1,0,0.01
1772919537.853507890,0,0,3.70
1772919537.853507890,1,0,0.01
1772919538.875671545,0,0,3.70
1772919538.875671545,1,0,0.01
1772919539.897750203,0,0,3.70
1772919539.897750203,1,0,0.01
1772919540.920665880,0,0,3.70
1772919540.920665880,1,0,0.01
1772919541.940992384,0,0,3.70
1772919541.940992384,1,0,0.01
1772919542.962309828,0,0,3.70
1772919542.962309828,1,0,0.01
1772919543.984489288,0,0,3.70
1772919543.984489288,1,0,0.01
1772919545.006413837,0,0,3.70
1772919545.006413837,1,0,0.01
1772919546.028647820,0,0,3.70
1772919546.028647820,1,0,0.01
1772919547.049955122,0,0,3.70
1772919547.049955122,1,0,0.01
1772919548.071191236,0,0,3.70
1772919548.071191236,1,0,0.01
1772919549.094172339,0,0,3.70
1772919549.094172339,1,0,0.01
1772919550.116790963,0,64,2.47
1772919550.116790963,1,0,0.01
1772919551.139477086,0,66,2.47
1772919551.139477086,1,0,0.01
1772919552.160886005,0,0,2.47
1772919552.160886005,1,0,0.01
1772919553.182205550,0,0,2.47
1772919553.182205550,1,0,0.01
1772919554.203326131,0,0,2.47
1772919554.203326131,1,0,0.01
1772919555.224681982,0,68,2.47
1772919555.224681982,1,0,0.01
1772919556.245917266,0,68,2.47
1772919556.245917266,1,0,0.01
1772919557.268242511,0,0,2.47
1772919557.268242511,1,0,0.01
1772919558.289257135,0,0,2.47
1772919558.289257135,1,0,0.01
1772919559.311012984,0,0,2.47
1772919559.311012984,1,0,0.01
1772919560.332030807,0,0,2.47
1772919560.332030807,1,0,0.01
1772919561.353572898,0,0,2.47
1772919561.353572898,1,0,0.01
1772919562.373911254,0,0,2.47
1772919562.373911254,1,0,0.01
1772919563.395693358,0,0,2.47
1772919563.395693358,1,0,0.01
1772919564.415978613,0,0,2.47
1772919564.415978613,1,0,0.01
1772919565.437571461,0,0,2.47
1772919565.437571461,1,0,0.01
1772919566.459737247,0,0,2.47
1772919566.459737247,1,0,0.01
1772919567.482145748,0,0,2.47
1772919567.482145748,1,0,0.01
1772919568.503368087,0,0,2.47
1772919568.503368087,1,0,0.01
1772919569.523876089,0,0,2.47
1772919569.523876089,1,0,0.01
1772919570.544166359,0,0,2.47
1772919570.544166359,1,0,0.01
1772919571.565910464,0,0,2.47
1772919571.565910464,1,0,0.01
1772919572.586185789,0,0,2.47
1772919572.586185789,1,0,0.01
1772919573.607930256,0,0,2.47
1772919573.607930256,1,0,0.01
1772919574.628120299,0,0,2.47
1772919574.628120299,1,0,0.01
1772919575.649742499,0,0,2.47
1772919575.649742499,1,0,0.01
1772919576.671686734,0,0,2.47
1772919576.671686734,1,0,0.01
1772919577.693300566,0,0,2.47
1772919577.693300566,1,0,0.01
1772919578.713806162,0,0,2.47
1772919578.713806162,1,0,0.01
1772919579.735369089,0,0,2.47
1772919579.735369089,1,0,0.01
1772919580.755435736,0,0,2.47
1772919580.755435736,1,0,0.01
1772919581.776999051,0,0,2.47
1772919581.776999051,1,0,0.01
1772919582.797238928,0,0,2.47
1772919582.797238928,1,0,0.01
1772919583.818793432,0,0,2.47
1772919583.818793432,1,0,0.01
1772919584.839096186,0,0,2.47
1772919584.839096186,1,0,0.01
1772919585.860725704,0,0,2.47
1772919585.860725704,1,0,0.01
1772919586.880923950,0,0,2.47
1772919586.880923950,1,0,0.01
1772919587.902466232,0,0,2.47
1772919587.902466232,1,0,0.01
1772919588.923895132,0,0,2.47
1772919588.923895132,1,0,0.01
1772919589.945370808,0,0,2.47
1772919589.945370808,1,0,0.01
1772919590.966569153,0,0,2.47
1772919590.966569153,1,0,0.01
1772919591.988326870,0,0,2.47
1772919591.988326870,1,0,0.01
1772919593.009989042,0,0,2.47
1772919593.009989042,1,0,0.01
1772919594.032408588,0,0,2.47
1772919594.032408588,1,0,0.01
1772919595.053322369,0,0,2.47
1772919595.053322369,1,0,0.01
1772919596.074567286,0,0,2.47
1772919596.074567286,1,0,0.01
1772919597.096518906,0,0,2.47
1772919597.096518906,1,0,0.01
