timestamp,idx,gpu_util_pct,mem_used_pct
1772905706.745212009,0,0,0.00
1772905706.745212009,1,0,0.00
1772905707.769180488,0,0,0.00
1772905707.769180488,1,0,0.00
1772905708.791399956,0,0,0.00
1772905708.791399956,1,0,0.00
1772905709.813051886,0,0,0.00
1772905709.813051886,1,0,0.00
1772905710.834795187,0,0,0.00
1772905710.834795187,1,0,0.00
1772905711.856245768,0,0,0.00
1772905711.856245768,1,0,0.00
1772905712.877203324,0,0,0.00
1772905712.877203324,1,0,0.00
1772905713.899158593,0,0,0.00
1772905713.899158593,1,0,0.00
1772905714.919616930,0,0,0.96
1772905714.919616930,1,0,0.01
1772905715.940825354,0,0,0.96
1772905715.940825354,1,0,0.01
1772905716.962784070,0,0,0.96
1772905716.962784070,1,0,0.01
1772905717.984526809,0,0,0.96
1772905717.984526809,1,0,0.01
1772905719.005858901,0,0,0.96
1772905719.005858901,1,0,0.01
1772905720.027274264,0,0,0.96
1772905720.027274264,1,0,0.01
1772905721.048742548,0,0,0.96
1772905721.048742548,1,0,0.01
1772905722.069554881,0,0,0.96
1772905722.069554881,1,0,0.01
1772905723.090967088,0,0,0.96
1772905723.090967088,1,0,0.01
1772905724.112263314,0,0,0.96
1772905724.112263314,1,0,0.01
1772905725.132462923,0,0,0.96
1772905725.132462923,1,0,0.01
1772905726.152271962,0,0,0.96
1772905726.152271962,1,0,0.01
1772905727.172248156,0,0,0.96
1772905727.172248156,1,0,0.01
1772905728.194155287,0,0,0.96
1772905728.194155287,1,0,0.01
1772905729.215939361,0,0,0.96
1772905729.215939361,1,0,0.01
1772905730.237617285,0,0,0.96
1772905730.237617285,1,0,0.01
1772905731.258899014,0,0,0.96
1772905731.258899014,1,0,0.01
1772905732.279758391,0,0,0.96
1772905732.279758391,1,0,0.01
1772905733.300607105,0,0,0.96
1772905733.300607105,1,0,0.01
1772905734.321946958,0,0,0.96
1772905734.321946958,1,0,0.01
1772905735.342930483,0,0,0.96
1772905735.342930483,1,0,0.01
1772905736.364031546,0,0,0.96
1772905736.364031546,1,0,0.01
1772905737.385902665,0,0,0.96
1772905737.385902665,1,0,0.01
1772905738.407825555,0,0,0.96
1772905738.407825555,1,0,0.01
1772905739.428782052,0,0,0.96
1772905739.428782052,1,0,0.01
1772905740.449982187,0,0,0.96
1772905740.449982187,1,0,0.01
1772905741.470987435,0,0,0.96
1772905741.470987435,1,0,0.01
1772905742.492036673,0,0,0.96
1772905742.492036673,1,0,0.01
1772905743.513318583,0,0,0.96
1772905743.513318583,1,0,0.01
1772905744.534954375,0,0,0.96
1772905744.534954375,1,0,0.01
1772905745.556865642,0,0,0.96
1772905745.556865642,1,0,0.01
1772905746.578236806,0,0,0.96
1772905746.578236806,1,0,0.01
1772905747.600023500,0,0,0.96
1772905747.600023500,1,0,0.01
1772905748.622083098,0,0,0.96
1772905748.622083098,1,0,0.01
1772905749.643271744,0,0,0.96
1772905749.643271744,1,0,0.01
1772905750.663387317,0,0,0.96
1772905750.663387317,1,0,0.01
1772905751.684480978,0,0,0.96
1772905751.684480978,1,0,0.01
1772905752.706044737,0,0,0.96
1772905752.706044737,1,0,0.01
1772905753.727680906,0,0,0.96
1772905753.727680906,1,0,0.01
1772905754.749379977,0,0,0.96
1772905754.749379977,1,0,0.01
1772905755.768936557,0,0,0.96
1772905755.768936557,1,0,0.01
1772905756.788585742,0,0,0.96
1772905756.788585742,1,0,0.01
1772905757.810384843,0,0,0.96
1772905757.810384843,1,0,0.01
1772905758.831913251,0,0,0.96
1772905758.831913251,1,0,0.01
1772905759.853056887,0,0,0.96
1772905759.853056887,1,0,0.01
1772905760.874425445,0,0,0.96
1772905760.874425445,1,0,0.01
1772905761.895804073,0,0,0.96
1772905761.895804073,1,0,0.01
1772905762.916992638,0,0,0.96
1772905762.916992638,1,0,0.01
1772905763.938504780,0,0,0.96
1772905763.938504780,1,0,0.01
1772905764.959923981,0,0,0.96
1772905764.959923981,1,0,0.01
1772905765.981930374,0,0,0.96
1772905765.981930374,1,0,0.01
1772905767.003157209,0,0,0.96
1772905767.003157209,1,0,0.01
1772905768.024215695,0,1,1.23
1772905768.024215695,1,0,0.01
1772905769.045247356,0,53,1.24
1772905769.045247356,1,0,0.01
1772905770.067541974,0,59,1.24
1772905770.067541974,1,0,0.01
1772905771.088948819,0,0,1.24
1772905771.088948819,1,0,0.01
1772905772.110421104,0,0,1.24
1772905772.110421104,1,0,0.01
1772905773.131560499,0,0,1.24
1772905773.131560499,1,0,0.01
1772905774.153515957,0,0,1.24
1772905774.153515957,1,0,0.01
1772905775.174906826,0,0,1.24
1772905775.174906826,1,0,0.01
1772905776.196933272,0,0,1.24
1772905776.196933272,1,0,0.01
1772905777.218079065,0,0,1.24
1772905777.218079065,1,0,0.01
1772905778.240079773,0,0,1.24
1772905778.240079773,1,0,0.01
1772905779.261450230,0,0,1.24
1772905779.261450230,1,0,0.01
1772905780.282155604,0,0,1.24
1772905780.282155604,1,0,0.01
1772905781.302295481,0,0,1.24
1772905781.302295481,1,0,0.01
1772905782.322948893,0,0,1.24
1772905782.322948893,1,0,0.01
1772905783.342612694,0,0,1.24
1772905783.342612694,1,0,0.01
1772905784.364293156,0,0,1.24
1772905784.364293156,1,0,0.01
1772905785.385597973,0,0,1.24
1772905785.385597973,1,0,0.01
1772905786.407444334,0,0,1.24
1772905786.407444334,1,0,0.01
1772905787.429707503,0,0,1.24
1772905787.429707503,1,0,0.01
1772905788.450675425,0,0,1.24
1772905788.450675425,1,0,0.01
1772905789.472514890,0,0,1.24
1772905789.472514890,1,0,0.01
1772905790.494172102,0,0,1.24
1772905790.494172102,1,0,0.01
1772905791.516064438,0,0,1.24
1772905791.516064438,1,0,0.01
1772905792.537236054,0,0,1.24
1772905792.537236054,1,0,0.01
1772905793.557280453,0,0,1.24
1772905793.557280453,1,0,0.01
1772905794.579556442,0,0,1.24
1772905794.579556442,1,0,0.01
1772905795.600602811,0,0,1.24
1772905795.600602811,1,0,0.01
1772905796.621272291,0,0,1.24
1772905796.621272291,1,0,0.01
1772905797.643400337,0,0,1.24
1772905797.643400337,1,0,0.01
1772905798.664580181,0,0,1.24
1772905798.664580181,1,0,0.01
1772905799.686476003,0,0,1.24
1772905799.686476003,1,0,0.01
1772905800.708053706,0,0,1.24
1772905800.708053706,1,0,0.01
1772905801.730171530,0,0,1.24
1772905801.730171530,1,0,0.01
1772905802.751220270,0,0,1.24
1772905802.751220270,1,0,0.01
1772905803.773195447,0,0,1.24
1772905803.773195447,1,0,0.01
1772905804.794660524,0,0,1.24
1772905804.794660524,1,0,0.01
1772905805.816196418,0,0,1.24
1772905805.816196418,1,0,0.01
1772905806.837229250,0,0,1.24
1772905806.837229250,1,0,0.01
1772905807.858666291,0,0,1.24
1772905807.858666291,1,0,0.01
1772905808.878364802,0,0,1.24
1772905808.878364802,1,0,0.01
1772905809.898603474,0,0,1.24
1772905809.898603474,1,0,0.01
1772905810.918147795,0,0,1.24
1772905810.918147795,1,0,0.01
1772905811.938172251,0,0,1.24
1772905811.938172251,1,0,0.01
1772905812.958050977,0,0,1.24
1772905812.958050977,1,0,0.01
1772905813.979135761,0,0,1.24
1772905813.979135761,1,0,0.01
1772905814.999886051,0,0,1.24
1772905814.999886051,1,0,0.01
1772905816.021533457,0,0,1.24
1772905816.021533457,1,0,0.01
1772905817.043497726,0,0,1.24
1772905817.043497726,1,0,0.01
1772905818.064913024,0,0,1.24
1772905818.064913024,1,0,0.01
1772905819.084564115,0,0,1.24
1772905819.084564115,1,0,0.01
1772905820.104386279,0,0,1.24
1772905820.104386279,1,0,0.01
1772905821.124232553,0,0,1.24
1772905821.124232553,1,0,0.01
1772905822.146027472,0,0,1.24
1772905822.146027472,1,0,0.01
1772905823.168083612,0,0,1.24
1772905823.168083612,1,0,0.01
1772905824.190082487,0,0,1.24
1772905824.190082487,1,0,0.01
1772905825.211279722,0,0,1.24
1772905825.211279722,1,0,0.01
1772905826.232979938,0,0,1.24
1772905826.232979938,1,0,0.01
1772905827.255522478,0,0,1.24
1772905827.255522478,1,0,0.01
1772905828.277424702,0,0,1.24
1772905828.277424702,1,0,0.01
1772905829.298270458,0,0,1.24
1772905829.298270458,1,0,0.01
1772905830.319752930,0,0,1.24
1772905830.319752930,1,0,0.01
1772905831.341323362,0,0,1.24
1772905831.341323362,1,0,0.01
1772905832.362855156,0,0,1.24
1772905832.362855156,1,0,0.01
1772905833.383852160,0,0,1.24
1772905833.383852160,1,0,0.01
1772905834.405889216,0,0,1.24
1772905834.405889216,1,0,0.01
1772905835.427315138,0,0,1.24
1772905835.427315138,1,0,0.01
1772905836.448543422,0,0,1.24
1772905836.448543422,1,0,0.01
1772905837.469824142,0,0,1.24
1772905837.469824142,1,0,0.01
1772905838.490979092,0,0,1.24
1772905838.490979092,1,0,0.01
1772905839.512383563,0,0,1.24
1772905839.512383563,1,0,0.01
1772905840.534368717,0,0,1.24
1772905840.534368717,1,0,0.01
1772905841.556250266,0,0,1.24
1772905841.556250266,1,0,0.01
1772905842.577344276,0,0,1.24
1772905842.577344276,1,0,0.01
1772905843.599827005,0,0,1.24
1772905843.599827005,1,0,0.01
1772905844.621273017,0,0,1.24
1772905844.621273017,1,0,0.01
1772905845.642454590,0,0,1.24
1772905845.642454590,1,0,0.01
1772905846.662824805,0,0,1.24
1772905846.662824805,1,0,0.01
1772905847.684113990,0,0,1.24
1772905847.684113990,1,0,0.01
1772905848.705361201,0,0,1.24
1772905848.705361201,1,0,0.01
1772905849.726866227,0,0,1.24
1772905849.726866227,1,0,0.01
1772905850.748910548,0,0,1.24
1772905850.748910548,1,0,0.01
1772905851.770029209,0,0,1.24
1772905851.770029209,1,0,0.01
1772905852.791557735,0,0,1.24
1772905852.791557735,1,0,0.01
1772905853.813510103,0,0,1.24
1772905853.813510103,1,0,0.01
1772905854.835099333,0,0,1.24
1772905854.835099333,1,0,0.01
1772905855.856613014,0,0,1.24
1772905855.856613014,1,0,0.01
1772905856.877909896,0,0,1.24
1772905856.877909896,1,0,0.01
1772905857.898821224,0,0,1.24
1772905857.898821224,1,0,0.01
1772905858.920411883,0,0,1.24
1772905858.920411883,1,0,0.01
1772905859.942552325,0,0,1.24
1772905859.942552325,1,0,0.01
1772905860.963758508,0,0,1.24
1772905860.963758508,1,0,0.01
1772905861.985853123,0,0,1.24
1772905861.985853123,1,0,0.01
1772905863.006800968,0,0,1.24
1772905863.006800968,1,0,0.01
1772905864.028343280,0,0,1.24
1772905864.028343280,1,0,0.01
1772905865.049185097,0,0,1.24
1772905865.049185097,1,0,0.01
1772905866.070638704,0,0,1.24
1772905866.070638704,1,0,0.01
1772905867.092131265,0,0,1.24
1772905867.092131265,1,0,0.01
1772905868.113138697,0,0,1.24
1772905868.113138697,1,0,0.01
1772905869.134176451,0,0,1.24
1772905869.134176451,1,0,0.01
1772905870.154868091,0,0,1.24
1772905870.154868091,1,0,0.01
1772905871.174868745,0,0,1.24
1772905871.174868745,1,0,0.01
1772905872.196093617,0,0,1.24
1772905872.196093617,1,0,0.01
1772905873.218114744,0,0,1.24
1772905873.218114744,1,0,0.01
1772905874.239306292,0,0,1.24
1772905874.239306292,1,0,0.01
1772905875.258789881,0,0,1.24
1772905875.258789881,1,0,0.01
1772905876.281001033,0,0,1.24
1772905876.281001033,1,0,0.01
1772905877.303060341,0,0,1.24
1772905877.303060341,1,0,0.01
1772905878.324746116,0,0,1.24
1772905878.324746116,1,0,0.01
1772905879.346033544,0,0,1.24
1772905879.346033544,1,0,0.01
1772905880.368058505,0,0,1.24
1772905880.368058505,1,0,0.01
1772905881.390128330,0,0,1.24
1772905881.390128330,1,0,0.01
1772905882.411874521,0,0,1.24
1772905882.411874521,1,0,0.01
1772905883.432614780,0,0,1.24
1772905883.432614780,1,0,0.01
1772905884.452735689,0,0,1.24
1772905884.452735689,1,0,0.01
1772905885.473727421,0,0,1.24
1772905885.473727421,1,0,0.01
1772905886.495420897,0,0,1.24
1772905886.495420897,1,0,0.01
1772905887.516788388,0,0,1.24
1772905887.516788388,1,0,0.01
1772905888.536830797,0,0,1.24
1772905888.536830797,1,0,0.01
1772905889.556775440,0,0,1.24
1772905889.556775440,1,0,0.01
1772905890.577966831,0,0,1.24
1772905890.577966831,1,0,0.01
1772905891.599849689,0,0,1.24
1772905891.599849689,1,0,0.01
1772905892.619839163,0,0,1.24
1772905892.619839163,1,0,0.01
1772905893.640838559,0,0,1.24
1772905893.640838559,1,0,0.01
1772905894.662818508,0,0,1.24
1772905894.662818508,1,0,0.01
1772905895.684689872,0,0,1.24
1772905895.684689872,1,0,0.01
1772905896.705741646,0,0,1.24
1772905896.705741646,1,0,0.01
1772905897.726831954,0,0,1.24
1772905897.726831954,1,0,0.01
1772905898.748659988,0,0,1.24
1772905898.748659988,1,0,0.01
1772905899.769412550,0,0,1.24
1772905899.769412550,1,0,0.01
1772905900.790232288,0,0,1.24
1772905900.790232288,1,0,0.01
1772905901.810130533,0,0,1.24
1772905901.810130533,1,0,0.01
1772905902.831212200,0,0,1.24
1772905902.831212200,1,0,0.01
1772905903.852455768,0,0,1.24
1772905903.852455768,1,0,0.01
1772905904.873904123,0,0,1.24
1772905904.873904123,1,0,0.01
1772905905.896007868,0,0,1.24
1772905905.896007868,1,0,0.01
1772905906.917113633,0,0,1.24
1772905906.917113633,1,0,0.01
1772905907.937677129,0,0,1.24
1772905907.937677129,1,0,0.01
1772905908.957309685,0,0,1.24
1772905908.957309685,1,0,0.01
1772905909.978720854,0,0,1.24
1772905909.978720854,1,0,0.01
1772905910.999890801,0,0,1.24
1772905910.999890801,1,0,0.01
1772905912.021146872,0,0,1.24
1772905912.021146872,1,0,0.01
1772905913.043183122,0,0,1.24
1772905913.043183122,1,0,0.01
1772905914.065068836,0,0,1.24
1772905914.065068836,1,0,0.01
1772905915.086858318,0,0,1.24
1772905915.086858318,1,0,0.01
1772905916.108545090,0,0,1.24
1772905916.108545090,1,0,0.01
1772905917.130477400,0,0,1.24
1772905917.130477400,1,0,0.01
1772905918.151830856,0,0,1.24
1772905918.151830856,1,0,0.01
1772905919.173116265,0,0,1.24
1772905919.173116265,1,0,0.01
1772905920.194396781,0,0,1.24
1772905920.194396781,1,0,0.01
1772905921.215861811,0,0,1.24
1772905921.215861811,1,0,0.01
1772905922.237548047,0,0,1.24
1772905922.237548047,1,0,0.01
1772905923.258841258,0,0,1.24
1772905923.258841258,1,0,0.01
1772905924.279832057,0,0,1.24
1772905924.279832057,1,0,0.01
1772905925.301896141,0,0,1.24
1772905925.301896141,1,0,0.01
1772905926.323100697,0,0,1.24
1772905926.323100697,1,0,0.01
1772905927.344554622,0,0,1.24
1772905927.344554622,1,0,0.01
1772905928.365868193,0,0,1.24
1772905928.365868193,1,0,0.01
1772905929.387410436,0,0,1.24
1772905929.387410436,1,0,0.01
1772905930.408629257,0,0,1.24
1772905930.408629257,1,0,0.01
1772905931.429793177,0,0,1.24
1772905931.429793177,1,0,0.01
1772905932.449937776,0,0,1.24
1772905932.449937776,1,0,0.01
1772905933.471066638,0,0,1.24
1772905933.471066638,1,0,0.01
1772905934.492378864,0,0,1.24
1772905934.492378864,1,0,0.01
1772905935.513894616,0,0,1.24
1772905935.513894616,1,0,0.01
1772905936.534813183,0,0,1.24
1772905936.534813183,1,0,0.01
1772905937.554915876,0,0,1.24
1772905937.554915876,1,0,0.01
1772905938.575056671,0,0,1.24
1772905938.575056671,1,0,0.01
1772905939.596927821,0,0,1.24
1772905939.596927821,1,0,0.01
1772905940.618065090,0,0,1.24
1772905940.618065090,1,0,0.01
1772905941.639181759,0,0,1.24
1772905941.639181759,1,0,0.01
1772905942.660483198,0,0,1.24
1772905942.660483198,1,0,0.01
1772905943.683045182,0,0,1.24
1772905943.683045182,1,0,0.01
1772905944.704330000,0,0,1.24
1772905944.704330000,1,0,0.01
1772905945.725427650,0,0,1.24
1772905945.725427650,1,0,0.01
1772905946.747647512,0,0,1.24
1772905946.747647512,1,0,0.01
1772905947.769291971,0,0,1.24
1772905947.769291971,1,0,0.01
1772905948.790587849,0,0,1.24
1772905948.790587849,1,0,0.01
1772905949.812184446,0,0,1.24
1772905949.812184446,1,0,0.01
1772905950.832384531,0,0,1.24
1772905950.832384531,1,0,0.01
1772905951.854187269,0,0,1.24
1772905951.854187269,1,0,0.01
1772905952.874217290,0,65,1.24
1772905952.874217290,1,0,0.01
1772905953.894178834,0,30,1.24
1772905953.894178834,1,0,0.01
1772905954.914937713,0,0,1.24
1772905954.914937713,1,0,0.01
1772905955.936100297,0,0,1.24
1772905955.936100297,1,0,0.01
1772905956.957459777,0,0,1.24
1772905956.957459777,1,0,0.01
1772905957.978637511,0,0,1.24
1772905957.978637511,1,0,0.01
1772905959.000000075,0,0,1.24
1772905959.000000075,1,0,0.01
1772905960.022625509,0,0,1.24
1772905960.022625509,1,0,0.01
1772905961.044173606,0,0,1.24
1772905961.044173606,1,0,0.01
1772905962.065280045,0,0,1.24
1772905962.065280045,1,0,0.01
1772905963.087505281,0,0,1.24
1772905963.087505281,1,0,0.01
1772905964.109554303,0,0,1.24
1772905964.109554303,1,0,0.01
1772905965.129582655,0,0,1.24
1772905965.129582655,1,0,0.01
1772905966.151095326,0,0,1.24
1772905966.151095326,1,0,0.01
1772905967.172434806,0,0,1.24
1772905967.172434806,1,0,0.01
1772905968.194524827,0,0,1.24
1772905968.194524827,1,0,0.01
1772905969.214129131,0,0,1.24
1772905969.214129131,1,0,0.01
1772905970.236112654,0,0,1.24
1772905970.236112654,1,0,0.01
1772905971.256915112,0,0,1.24
1772905971.256915112,1,0,0.01
1772905972.278066893,0,0,1.24
1772905972.278066893,1,0,0.01
1772905973.299697967,0,0,1.24
1772905973.299697967,1,0,0.01
1772905974.320975892,0,0,1.24
1772905974.320975892,1,0,0.01
1772905975.342305375,0,0,1.24
1772905975.342305375,1,0,0.01
1772905976.364695853,0,0,1.24
1772905976.364695853,1,0,0.01
1772905977.386635861,0,0,1.24
1772905977.386635861,1,0,0.01
1772905978.407676357,0,0,1.24
1772905978.407676357,1,0,0.01
1772905979.427778149,0,0,1.24
1772905979.427778149,1,0,0.01
1772905980.449523356,0,0,1.24
1772905980.449523356,1,0,0.01
1772905981.471209094,0,0,1.24
1772905981.471209094,1,0,0.01
1772905982.492012996,0,0,1.24
1772905982.492012996,1,0,0.01
1772905983.512632178,0,0,1.24
1772905983.512632178,1,0,0.01
1772905984.534415542,0,0,1.24
1772905984.534415542,1,0,0.01
1772905985.556383299,0,0,1.24
1772905985.556383299,1,0,0.01
1772905986.577634026,0,0,1.24
1772905986.577634026,1,0,0.01
1772905987.599276292,0,0,1.24
1772905987.599276292,1,0,0.01
1772905988.619536456,0,0,1.24
1772905988.619536456,1,0,0.01
1772905989.641691918,0,0,1.24
1772905989.641691918,1,0,0.01
1772905990.662287135,0,0,1.24
1772905990.662287135,1,0,0.01
1772905991.681911633,0,0,1.24
1772905991.681911633,1,0,0.01
1772905992.701699333,0,0,1.24
1772905992.701699333,1,0,0.01
1772905993.722819117,0,0,1.24
1772905993.722819117,1,0,0.01
1772905994.744286085,0,0,1.24
1772905994.744286085,1,0,0.01
1772905995.764032477,0,0,1.24
1772905995.764032477,1,0,0.01
1772905996.785131036,0,0,1.24
1772905996.785131036,1,0,0.01
1772905997.806643210,0,0,1.24
1772905997.806643210,1,0,0.01
1772905998.828135769,0,0,1.24
1772905998.828135769,1,0,0.01
1772905999.850399435,0,0,1.24
1772905999.850399435,1,0,0.01
1772906000.871691313,0,0,1.24
1772906000.871691313,1,0,0.01
1772906001.893093621,0,0,1.24
1772906001.893093621,1,0,0.01
1772906002.914769044,0,0,1.24
1772906002.914769044,1,0,0.01
1772906003.935878523,0,0,1.24
1772906003.935878523,1,0,0.01
1772906004.957115960,0,0,1.24
1772906004.957115960,1,0,0.01
1772906005.979460547,0,0,1.24
1772906005.979460547,1,0,0.01
1772906007.000687817,0,0,1.24
1772906007.000687817,1,0,0.01
1772906008.023019555,0,0,1.24
1772906008.023019555,1,0,0.01
1772906009.044482070,0,0,1.24
1772906009.044482070,1,0,0.01
1772906010.065799785,0,0,1.24
1772906010.065799785,1,0,0.01
1772906011.087420289,0,0,1.24
1772906011.087420289,1,0,0.01
1772906012.108745442,0,0,1.24
1772906012.108745442,1,0,0.01
1772906013.129701721,0,0,1.24
1772906013.129701721,1,0,0.01
1772906014.151056177,0,0,1.24
1772906014.151056177,1,0,0.01
1772906015.172960310,0,0,1.24
1772906015.172960310,1,0,0.01
1772906016.195027625,0,0,1.24
1772906016.195027625,1,0,0.01
1772906017.216431140,0,0,1.24
1772906017.216431140,1,0,0.01
1772906018.237129417,0,0,1.24
1772906018.237129417,1,0,0.01
1772906019.258385988,0,0,1.24
1772906019.258385988,1,0,0.01
1772906020.278307562,0,0,1.24
1772906020.278307562,1,0,0.01
1772906021.298735017,0,0,1.24
1772906021.298735017,1,0,0.01
1772906022.320864780,0,0,1.24
1772906022.320864780,1,0,0.01
1772906023.343435778,0,0,1.24
1772906023.343435778,1,0,0.01
1772906024.366031398,0,0,1.24
1772906024.366031398,1,0,0.01
1772906025.387916816,0,0,1.24
1772906025.387916816,1,0,0.01
1772906026.409509399,0,0,1.24
1772906026.409509399,1,0,0.01
1772906027.430857390,0,0,1.24
1772906027.430857390,1,0,0.01
1772906028.451780197,0,0,1.24
1772906028.451780197,1,0,0.01
1772906029.473864074,0,0,1.24
1772906029.473864074,1,0,0.01
1772906030.495481924,0,0,1.24
1772906030.495481924,1,0,0.01
1772906031.516877819,0,0,1.24
1772906031.516877819,1,0,0.01
1772906032.538168478,0,0,1.24
1772906032.538168478,1,0,0.01
1772906033.559556942,0,0,1.24
1772906033.559556942,1,0,0.01
1772906034.580651984,0,0,1.24
1772906034.580651984,1,0,0.01
1772906035.602370573,0,0,1.24
1772906035.602370573,1,0,0.01
1772906036.623767114,0,0,1.24
1772906036.623767114,1,0,0.01
1772906037.645778794,0,0,1.24
1772906037.645778794,1,0,0.01
1772906038.668509591,0,0,1.24
1772906038.668509591,1,0,0.01
1772906039.690443027,0,0,1.24
1772906039.690443027,1,0,0.01
1772906040.712633736,0,0,1.24
1772906040.712633736,1,0,0.01
1772906041.733847839,0,0,1.24
1772906041.733847839,1,0,0.01
1772906042.756271013,0,0,1.24
1772906042.756271013,1,0,0.01
1772906043.777951346,0,0,1.24
1772906043.777951346,1,0,0.01
1772906044.799800756,0,0,1.24
1772906044.799800756,1,0,0.01
1772906045.822076919,0,0,1.24
1772906045.822076919,1,0,0.01
1772906046.843654160,0,0,1.24
1772906046.843654160,1,0,0.01
1772906047.865407918,0,0,1.24
1772906047.865407918,1,0,0.01
1772906048.886695631,0,68,1.24
1772906048.886695631,1,0,0.01
1772906049.907819640,0,44,1.24
1772906049.907819640,1,0,0.01
1772906050.928666093,0,0,1.24
1772906050.928666093,1,0,0.01
1772906051.949417524,0,0,1.24
1772906051.949417524,1,0,0.01
1772906052.970442633,0,0,1.24
1772906052.970442633,1,0,0.01
1772906053.992939427,0,0,1.24
1772906053.992939427,1,0,0.01
1772906055.014820562,0,0,1.24
1772906055.014820562,1,0,0.01
1772906056.036173453,0,0,1.24
1772906056.036173453,1,0,0.01
1772906057.056934683,0,0,1.24
1772906057.056934683,1,0,0.01
1772906058.077637110,0,0,1.24
1772906058.077637110,1,0,0.01
1772906059.099335299,0,0,1.24
1772906059.099335299,1,0,0.01
1772906060.121187493,0,0,1.24
1772906060.121187493,1,0,0.01
1772906061.142322571,0,0,1.24
1772906061.142322571,1,0,0.01
1772906062.163861153,0,0,1.24
1772906062.163861153,1,0,0.01
1772906063.185801633,0,0,1.24
1772906063.185801633,1,0,0.01
1772906064.207098615,0,0,1.24
1772906064.207098615,1,0,0.01
1772906065.228194669,0,0,1.24
1772906065.228194669,1,0,0.01
1772906066.249928290,0,0,1.24
1772906066.249928290,1,0,0.01
1772906067.272203214,0,0,1.24
1772906067.272203214,1,0,0.01
1772906068.293613684,0,0,1.24
1772906068.293613684,1,0,0.01
1772906069.314635290,0,0,1.24
1772906069.314635290,1,0,0.01
1772906070.336071087,0,0,1.24
1772906070.336071087,1,0,0.01
1772906071.357894553,0,0,1.24
1772906071.357894553,1,0,0.01
1772906072.379495706,0,0,1.24
1772906072.379495706,1,0,0.01
1772906073.400611850,0,0,1.24
1772906073.400611850,1,0,0.01
1772906074.422166545,0,0,1.24
1772906074.422166545,1,0,0.01
1772906075.442944089,0,0,1.24
1772906075.442944089,1,0,0.01
1772906076.464176065,0,0,1.24
1772906076.464176065,1,0,0.01
1772906077.484410277,0,0,1.24
1772906077.484410277,1,0,0.01
1772906078.505471430,0,0,1.24
1772906078.505471430,1,0,0.01
1772906079.527798924,0,0,1.24
1772906079.527798924,1,0,0.01
1772906080.548884551,0,0,1.24
1772906080.548884551,1,0,0.01
1772906081.569855661,0,0,1.24
1772906081.569855661,1,0,0.01
1772906082.590798260,0,0,1.24
1772906082.590798260,1,0,0.01
1772906083.611725572,0,0,1.24
1772906083.611725572,1,0,0.01
1772906084.633997624,0,0,1.24
1772906084.633997624,1,0,0.01
1772906085.655544970,0,0,1.24
1772906085.655544970,1,0,0.01
1772906086.677339237,0,0,1.24
1772906086.677339237,1,0,0.01
1772906087.698789551,0,0,1.24
1772906087.698789551,1,0,0.01
1772906088.720835903,0,0,1.24
1772906088.720835903,1,0,0.01
1772906089.742500626,0,0,1.24
1772906089.742500626,1,0,0.01
1772906090.763662650,0,0,1.24
1772906090.763662650,1,0,0.01
1772906091.784525813,0,0,1.24
1772906091.784525813,1,0,0.01
1772906092.806340726,0,0,1.24
1772906092.806340726,1,0,0.01
1772906093.827255283,0,0,1.24
1772906093.827255283,1,0,0.01
1772906094.848088683,0,0,1.24
1772906094.848088683,1,0,0.01
1772906095.869642815,0,0,1.24
1772906095.869642815,1,0,0.01
1772906096.891246949,0,0,1.24
1772906096.891246949,1,0,0.01
1772906097.911119074,0,0,1.24
1772906097.911119074,1,0,0.01
1772906098.932366689,0,0,1.24
1772906098.932366689,1,0,0.01
1772906099.954208850,0,0,1.24
1772906099.954208850,1,0,0.01
1772906100.974649547,0,0,1.24
1772906100.974649547,1,0,0.01
1772906101.994853751,0,0,1.24
1772906101.994853751,1,0,0.01
1772906103.016576135,0,0,1.24
1772906103.016576135,1,0,0.01
1772906104.037901667,0,0,1.24
1772906104.037901667,1,0,0.01
1772906105.059817594,0,0,1.24
1772906105.059817594,1,0,0.01
1772906106.080899607,0,0,1.24
1772906106.080899607,1,0,0.01
1772906107.102777104,0,0,1.24
1772906107.102777104,1,0,0.01
1772906108.123755498,0,0,1.24
1772906108.123755498,1,0,0.01
1772906109.145296099,0,0,1.24
1772906109.145296099,1,0,0.01
1772906110.166642848,0,0,1.24
1772906110.166642848,1,0,0.01
1772906111.188276718,0,0,1.24
1772906111.188276718,1,0,0.01
1772906112.209768677,0,0,1.24
1772906112.209768677,1,0,0.01
1772906113.232369830,0,0,1.24
1772906113.232369830,1,0,0.01
1772906114.254125665,0,0,1.24
1772906114.254125665,1,0,0.01
1772906115.276033056,0,0,1.24
1772906115.276033056,1,0,0.01
1772906116.297345862,0,0,1.24
1772906116.297345862,1,0,0.01
1772906117.318346797,0,0,1.24
1772906117.318346797,1,0,0.01
1772906118.340020267,0,0,1.24
1772906118.340020267,1,0,0.01
1772906119.361334863,0,0,1.24
1772906119.361334863,1,0,0.01
1772906120.382589001,0,0,1.24
1772906120.382589001,1,0,0.01
1772906121.404671019,0,0,1.24
1772906121.404671019,1,0,0.01
1772906122.426427722,0,0,1.24
1772906122.426427722,1,0,0.01
1772906123.448116047,0,0,1.24
1772906123.448116047,1,0,0.01
1772906124.469748364,0,0,1.24
1772906124.469748364,1,0,0.01
1772906125.489638572,0,0,1.24
1772906125.489638572,1,0,0.01
1772906126.511076063,0,0,1.24
1772906126.511076063,1,0,0.01
1772906127.532282370,0,0,1.24
1772906127.532282370,1,0,0.01
1772906128.553988407,0,0,1.24
1772906128.553988407,1,0,0.01
1772906129.575307612,0,0,1.24
1772906129.575307612,1,0,0.01
1772906130.596439059,0,0,1.24
1772906130.596439059,1,0,0.01
1772906131.617923414,0,0,1.24
1772906131.617923414,1,0,0.01
1772906132.638977121,0,0,1.24
1772906132.638977121,1,0,0.01
1772906133.660930416,0,0,1.24
1772906133.660930416,1,0,0.01
1772906134.682534872,0,0,1.24
1772906134.682534872,1,0,0.01
1772906135.704480424,0,0,1.24
1772906135.704480424,1,0,0.01
1772906136.727118180,0,0,1.24
1772906136.727118180,1,0,0.01
1772906137.749296136,0,0,1.24
1772906137.749296136,1,0,0.01
1772906138.771357738,0,0,1.24
1772906138.771357738,1,0,0.01
1772906139.791410597,0,0,1.24
1772906139.791410597,1,0,0.01
1772906140.812141813,0,0,1.24
1772906140.812141813,1,0,0.01
1772906141.833568627,0,0,1.24
1772906141.833568627,1,0,0.01
1772906142.855007396,0,0,1.24
1772906142.855007396,1,0,0.01
1772906143.876565644,0,0,1.24
1772906143.876565644,1,0,0.01
1772906144.897976782,0,0,1.24
1772906144.897976782,1,0,0.01
1772906145.919251830,0,0,1.24
1772906145.919251830,1,0,0.01
1772906146.940125528,0,0,1.24
1772906146.940125528,1,0,0.01
1772906147.960405457,0,0,1.24
1772906147.960405457,1,0,0.01
1772906148.982560881,0,0,1.24
1772906148.982560881,1,0,0.01
1772906150.003793665,0,0,1.24
1772906150.003793665,1,0,0.01
1772906151.023905278,0,0,1.24
1772906151.023905278,1,0,0.01
1772906152.044316130,0,0,1.24
1772906152.044316130,1,0,0.01
1772906153.065960532,0,0,1.24
1772906153.065960532,1,0,0.01
1772906154.086982625,0,0,1.24
1772906154.086982625,1,0,0.01
1772906155.108874554,0,0,1.24
1772906155.108874554,1,0,0.01
1772906156.130039952,0,0,1.24
1772906156.130039952,1,0,0.01
1772906157.151638535,0,0,1.24
1772906157.151638535,1,0,0.01
1772906158.173929104,0,0,1.24
1772906158.173929104,1,0,0.01
1772906159.195660198,0,0,1.24
1772906159.195660198,1,0,0.01
1772906160.216138783,0,0,1.24
1772906160.216138783,1,0,0.01
1772906161.237269723,0,0,1.24
1772906161.237269723,1,0,0.01
1772906162.259321776,0,0,1.24
1772906162.259321776,1,0,0.01
1772906163.280722021,0,0,1.24
1772906163.280722021,1,0,0.01
1772906164.303182683,0,0,1.24
1772906164.303182683,1,0,0.01
1772906165.324179569,0,0,1.24
1772906165.324179569,1,0,0.01
1772906166.346425754,0,0,1.24
1772906166.346425754,1,0,0.01
1772906167.367162553,0,0,1.24
1772906167.367162553,1,0,0.01
1772906168.388625474,0,0,1.24
1772906168.388625474,1,0,0.01
1772906169.410504647,0,0,1.24
1772906169.410504647,1,0,0.01
1772906170.432079584,0,0,1.24
1772906170.432079584,1,0,0.01
1772906171.453765647,0,0,1.24
1772906171.453765647,1,0,0.01
1772906172.475253319,0,0,1.24
1772906172.475253319,1,0,0.01
1772906173.495630502,0,0,1.24
1772906173.495630502,1,0,0.01
1772906174.515371437,0,0,1.24
1772906174.515371437,1,0,0.01
1772906175.537227154,0,0,1.24
1772906175.537227154,1,0,0.01
1772906176.558683866,0,0,1.24
1772906176.558683866,1,0,0.01
1772906177.580527967,0,0,1.24
1772906177.580527967,1,0,0.01
1772906178.601854299,0,0,1.24
1772906178.601854299,1,0,0.01
1772906179.624223172,0,0,1.24
1772906179.624223172,1,0,0.01
1772906180.645696575,0,0,1.24
1772906180.645696575,1,0,0.01
1772906181.667444651,0,0,1.24
1772906181.667444651,1,0,0.01
1772906182.688621578,0,0,1.24
1772906182.688621578,1,0,0.01
1772906183.710218624,0,0,1.24
1772906183.710218624,1,0,0.01
1772906184.732559900,0,0,1.24
1772906184.732559900,1,0,0.01
1772906185.754033601,0,0,1.24
1772906185.754033601,1,0,0.01
1772906186.775370569,0,0,1.24
1772906186.775370569,1,0,0.01
1772906187.797545526,0,0,1.24
1772906187.797545526,1,0,0.01
1772906188.818856007,0,0,1.24
1772906188.818856007,1,0,0.01
1772906189.841196949,0,0,1.24
1772906189.841196949,1,0,0.01
1772906190.863160029,0,0,1.24
1772906190.863160029,1,0,0.01
1772906191.884473500,0,0,1.24
1772906191.884473500,1,0,0.01
1772906192.905817362,0,0,1.24
1772906192.905817362,1,0,0.01
1772906193.927475003,0,0,1.24
1772906193.927475003,1,0,0.01
1772906194.948721601,0,0,1.24
1772906194.948721601,1,0,0.01
1772906195.970859913,0,0,1.24
1772906195.970859913,1,0,0.01
1772906196.991598120,0,0,1.24
1772906196.991598120,1,0,0.01
1772906198.011907392,0,0,1.24
1772906198.011907392,1,0,0.01
1772906199.033441352,0,0,1.24
1772906199.033441352,1,0,0.01
1772906200.054630316,0,0,1.24
1772906200.054630316,1,0,0.01
1772906201.077110936,0,0,1.24
1772906201.077110936,1,0,0.01
1772906202.099229297,0,0,1.24
1772906202.099229297,1,0,0.01
1772906203.120508008,0,0,1.24
1772906203.120508008,1,0,0.01
1772906204.142264013,0,0,1.24
1772906204.142264013,1,0,0.01
1772906205.164232054,0,0,1.24
1772906205.164232054,1,0,0.01
1772906206.186289086,0,0,1.24
1772906206.186289086,1,0,0.01
1772906207.208595847,0,0,1.24
1772906207.208595847,1,0,0.01
1772906208.230991525,0,0,1.24
1772906208.230991525,1,0,0.01
1772906209.252307413,0,0,1.24
1772906209.252307413,1,0,0.01
1772906210.273623907,0,0,1.24
1772906210.273623907,1,0,0.01
1772906211.295067884,0,0,1.24
1772906211.295067884,1,0,0.01
1772906212.318157620,0,0,1.24
1772906212.318157620,1,0,0.01
1772906213.340937890,0,0,1.24
1772906213.340937890,1,0,0.01
1772906214.362328085,0,0,1.24
1772906214.362328085,1,0,0.01
1772906215.384565187,0,0,1.24
1772906215.384565187,1,0,0.01
1772906216.405688386,0,0,1.24
1772906216.405688386,1,0,0.01
1772906217.428100055,0,0,1.24
1772906217.428100055,1,0,0.01
1772906218.449929588,0,0,1.24
1772906218.449929588,1,0,0.01
1772906219.471843933,0,0,1.24
1772906219.471843933,1,0,0.01
1772906220.492971019,0,0,1.24
1772906220.492971019,1,0,0.01
1772906221.514667152,0,0,1.24
1772906221.514667152,1,0,0.01
1772906222.535740384,0,0,1.24
1772906222.535740384,1,0,0.01
1772906223.557127443,0,0,1.24
1772906223.557127443,1,0,0.01
1772906224.578581658,0,0,1.24
1772906224.578581658,1,0,0.01
1772906225.600275250,0,0,1.24
1772906225.600275250,1,0,0.01
1772906226.620912376,0,0,1.24
1772906226.620912376,1,0,0.01
1772906227.641534212,0,0,1.24
1772906227.641534212,1,0,0.01
1772906228.663570558,0,0,1.24
1772906228.663570558,1,0,0.01
1772906229.685436378,0,0,1.24
1772906229.685436378,1,0,0.01
1772906230.706253307,0,0,1.24
1772906230.706253307,1,0,0.01
1772906231.729484680,0,0,1.24
1772906231.729484680,1,0,0.01
1772906232.750856310,0,0,1.24
1772906232.750856310,1,0,0.01
1772906233.772454108,0,0,1.24
1772906233.772454108,1,0,0.01
1772906234.793549187,0,0,1.24
1772906234.793549187,1,0,0.01
1772906235.814561464,0,0,1.24
1772906235.814561464,1,0,0.01
1772906236.836648631,0,0,1.24
1772906236.836648631,1,0,0.01
1772906237.858478684,0,0,1.24
1772906237.858478684,1,0,0.01
1772906238.879341396,0,0,1.24
1772906238.879341396,1,0,0.01
1772906239.902008852,0,0,1.24
1772906239.902008852,1,0,0.01
1772906240.923433014,0,0,1.24
1772906240.923433014,1,0,0.01
1772906241.944543979,0,0,1.24
1772906241.944543979,1,0,0.01
1772906242.966674662,0,0,1.24
1772906242.966674662,1,0,0.01
1772906243.987829973,0,0,1.24
1772906243.987829973,1,0,0.01
1772906245.009233050,0,0,1.24
1772906245.009233050,1,0,0.01
1772906246.029267163,0,0,1.24
1772906246.029267163,1,0,0.01
1772906247.050898679,0,0,1.24
1772906247.050898679,1,0,0.01
1772906248.072140299,0,0,1.24
1772906248.072140299,1,0,0.01
1772906249.093890184,0,0,1.24
1772906249.093890184,1,0,0.01
1772906250.114805597,0,0,1.24
1772906250.114805597,1,0,0.01
1772906251.137090743,0,0,1.24
1772906251.137090743,1,0,0.01
1772906252.158310121,0,0,1.24
1772906252.158310121,1,0,0.01
1772906253.180447900,0,0,1.24
1772906253.180447900,1,0,0.01
1772906254.201805352,0,0,1.24
1772906254.201805352,1,0,0.01
1772906255.223457698,0,0,1.24
1772906255.223457698,1,0,0.01
1772906256.244776893,0,0,1.24
1772906256.244776893,1,0,0.01
1772906257.266478680,0,0,1.24
1772906257.266478680,1,0,0.01
1772906258.288132547,0,0,1.24
1772906258.288132547,1,0,0.01
1772906259.309163796,0,0,1.24
1772906259.309163796,1,0,0.01
1772906260.330515828,0,0,1.24
1772906260.330515828,1,0,0.01
1772906261.352618507,0,0,1.24
1772906261.352618507,1,0,0.01
1772906262.373677123,0,0,1.24
1772906262.373677123,1,0,0.01
1772906263.395576022,0,0,1.24
1772906263.395576022,1,0,0.01
1772906264.416384189,0,0,1.24
1772906264.416384189,1,0,0.01
1772906265.438633090,0,0,1.24
1772906265.438633090,1,0,0.01
1772906266.459620081,0,0,1.24
1772906266.459620081,1,0,0.01
1772906267.481493568,0,0,1.24
1772906267.481493568,1,0,0.01
1772906268.502280962,0,0,1.24
1772906268.502280962,1,0,0.01
1772906269.523735451,0,0,1.24
1772906269.523735451,1,0,0.01
1772906270.545744313,0,0,1.24
1772906270.545744313,1,0,0.01
1772906271.567022215,0,0,1.24
1772906271.567022215,1,0,0.01
1772906272.589152092,0,0,1.24
1772906272.589152092,1,0,0.01
1772906273.611018981,0,0,1.24
1772906273.611018981,1,0,0.01
1772906274.632380751,0,0,1.24
1772906274.632380751,1,0,0.01
1772906275.654260711,0,0,1.24
1772906275.654260711,1,0,0.01
1772906276.674918019,0,0,1.24
1772906276.674918019,1,0,0.01
1772906277.695214789,0,0,1.24
1772906277.695214789,1,0,0.01
1772906278.715642498,0,0,1.24
1772906278.715642498,1,0,0.01
1772906279.736816313,0,0,1.24
1772906279.736816313,1,0,0.01
1772906280.758957031,0,0,1.24
1772906280.758957031,1,0,0.01
1772906281.781224368,0,0,1.24
1772906281.781224368,1,0,0.01
1772906282.803240501,0,0,1.24
1772906282.803240501,1,0,0.01
1772906283.824641712,0,0,1.24
1772906283.824641712,1,0,0.01
1772906284.846603087,0,0,1.24
1772906284.846603087,1,0,0.01
1772906285.868431907,0,0,1.24
1772906285.868431907,1,0,0.01
1772906286.887992606,0,0,1.24
1772906286.887992606,1,0,0.01
1772906287.909722006,0,0,1.24
1772906287.909722006,1,0,0.01
1772906288.930829593,0,0,1.24
1772906288.930829593,1,0,0.01
1772906289.950718489,0,0,1.24
1772906289.950718489,1,0,0.01
1772906290.971325175,0,0,1.24
1772906290.971325175,1,0,0.01
1772906291.992951620,0,0,1.24
1772906291.992951620,1,0,0.01
1772906293.012958976,0,0,1.24
1772906293.012958976,1,0,0.01
1772906294.034200588,0,0,1.24
1772906294.034200588,1,0,0.01
1772906295.055097686,0,0,1.24
1772906295.055097686,1,0,0.01
1772906296.076164047,0,0,1.24
1772906296.076164047,1,0,0.01
1772906297.098200494,0,0,1.24
1772906297.098200494,1,0,0.01
1772906298.118745052,0,0,1.24
1772906298.118745052,1,0,0.01
1772906299.139230651,0,0,1.24
1772906299.139230651,1,0,0.01
1772906300.159929916,0,0,1.24
1772906300.159929916,1,0,0.01
1772906301.180178466,0,0,1.24
1772906301.180178466,1,0,0.01
1772906302.200292227,0,0,1.24
1772906302.200292227,1,0,0.01
1772906303.220571032,0,0,1.24
1772906303.220571032,1,0,0.01
1772906304.242435150,0,0,1.24
1772906304.242435150,1,0,0.01
1772906305.263946934,0,0,1.24
1772906305.263946934,1,0,0.01
1772906306.285790514,0,0,1.24
1772906306.285790514,1,0,0.01
1772906307.307161059,0,0,1.24
1772906307.307161059,1,0,0.01
1772906308.330758380,0,0,1.24
1772906308.330758380,1,0,0.01
1772906309.353424162,0,0,1.24
1772906309.353424162,1,0,0.01
1772906310.374821313,0,0,1.24
1772906310.374821313,1,0,0.01
1772906311.396605749,0,0,1.24
1772906311.396605749,1,0,0.01
1772906312.418086286,0,0,1.24
1772906312.418086286,1,0,0.01
1772906313.438217512,0,0,1.24
1772906313.438217512,1,0,0.01
1772906314.461095810,0,0,1.24
1772906314.461095810,1,0,0.01
1772906315.482965331,0,0,1.24
1772906315.482965331,1,0,0.01
1772906316.504965636,0,0,1.24
1772906316.504965636,1,0,0.01
1772906317.527757321,0,0,1.24
1772906317.527757321,1,0,0.01
1772906318.548029731,0,0,1.24
1772906318.548029731,1,0,0.01
1772906319.569996841,0,0,1.24
1772906319.569996841,1,0,0.01
1772906320.589795991,0,0,1.24
1772906320.589795991,1,0,0.01
1772906321.611121570,0,0,1.24
1772906321.611121570,1,0,0.01
1772906322.632323407,0,0,1.24
1772906322.632323407,1,0,0.01
1772906323.653641589,0,0,1.24
1772906323.653641589,1,0,0.01
1772906324.674086100,0,0,1.24
1772906324.674086100,1,0,0.01
1772906325.695514029,0,0,1.24
1772906325.695514029,1,0,0.01
1772906326.717328445,0,0,1.24
1772906326.717328445,1,0,0.01
1772906327.737587515,0,0,1.24
1772906327.737587515,1,0,0.01
1772906328.758222152,0,0,1.24
1772906328.758222152,1,0,0.01
1772906329.780012040,0,0,1.24
1772906329.780012040,1,0,0.01
1772906330.801471383,0,0,1.24
1772906330.801471383,1,0,0.01
1772906331.823059369,0,17,1.24
1772906331.823059369,1,0,0.01
1772906332.843345991,0,69,1.24
1772906332.843345991,1,0,0.01
1772906333.863293744,0,29,1.24
1772906333.863293744,1,0,0.01
1772906334.884875558,0,0,1.24
1772906334.884875558,1,0,0.01
1772906335.906434581,0,0,1.24
1772906335.906434581,1,0,0.01
1772906336.927466506,0,0,1.24
1772906336.927466506,1,0,0.01
1772906337.948173276,0,0,1.24
1772906337.948173276,1,0,0.01
1772906338.969441405,0,0,1.24
1772906338.969441405,1,0,0.01
1772906339.990669734,0,0,1.24
1772906339.990669734,1,0,0.01
1772906341.012241737,0,0,1.24
1772906341.012241737,1,0,0.01
1772906342.032461038,0,0,1.24
1772906342.032461038,1,0,0.01
1772906343.052687590,0,0,1.24
1772906343.052687590,1,0,0.01
1772906344.074337569,0,0,1.24
1772906344.074337569,1,0,0.01
1772906345.096633417,0,0,1.24
1772906345.096633417,1,0,0.01
1772906346.118655498,0,0,1.24
1772906346.118655498,1,0,0.01
1772906347.141935129,0,0,1.24
1772906347.141935129,1,0,0.01
1772906348.162393257,0,0,1.24
1772906348.162393257,1,0,0.01
1772906349.182871996,0,0,1.24
1772906349.182871996,1,0,0.01
1772906350.204121156,0,0,1.24
1772906350.204121156,1,0,0.01
1772906351.225486000,0,0,1.24
1772906351.225486000,1,0,0.01
1772906352.246872084,0,0,1.24
1772906352.246872084,1,0,0.01
1772906353.268740020,0,0,1.24
1772906353.268740020,1,0,0.01
1772906354.290090301,0,0,1.24
1772906354.290090301,1,0,0.01
1772906355.311624875,0,0,1.24
1772906355.311624875,1,0,0.01
1772906356.333165683,0,0,1.24
1772906356.333165683,1,0,0.01
1772906357.354263959,0,0,1.24
1772906357.354263959,1,0,0.01
1772906358.375418134,0,0,1.24
1772906358.375418134,1,0,0.01
1772906359.395597829,0,0,1.24
1772906359.395597829,1,0,0.01
1772906360.416792779,0,0,1.24
1772906360.416792779,1,0,0.01
1772906361.438249490,0,0,1.24
1772906361.438249490,1,0,0.01
1772906362.461146449,0,0,1.24
1772906362.461146449,1,0,0.01
1772906363.481840846,0,0,1.24
1772906363.481840846,1,0,0.01
1772906364.503949592,0,0,1.24
1772906364.503949592,1,0,0.01
1772906365.524965901,0,0,1.24
1772906365.524965901,1,0,0.01
1772906366.547598802,0,0,1.24
1772906366.547598802,1,0,0.01
1772906367.568701188,0,0,1.24
1772906367.568701188,1,0,0.01
1772906368.591058622,0,0,1.24
1772906368.591058622,1,0,0.01
1772906369.612412364,0,0,1.24
1772906369.612412364,1,0,0.01
1772906370.633947753,0,0,1.24
1772906370.633947753,1,0,0.01
1772906371.655435932,0,0,1.24
1772906371.655435932,1,0,0.01
1772906372.676927383,0,0,1.24
1772906372.676927383,1,0,0.01
1772906373.698222161,0,0,1.24
1772906373.698222161,1,0,0.01
1772906374.720087139,0,0,1.24
1772906374.720087139,1,0,0.01
1772906375.742032030,0,0,1.24
1772906375.742032030,1,0,0.01
1772906376.763500923,0,0,1.24
1772906376.763500923,1,0,0.01
1772906377.784862160,0,0,1.24
1772906377.784862160,1,0,0.01
1772906378.806222478,0,0,1.24
1772906378.806222478,1,0,0.01
1772906379.826302282,0,0,1.24
1772906379.826302282,1,0,0.01
1772906380.846416478,0,0,1.24
1772906380.846416478,1,0,0.01
1772906381.867603983,0,0,1.24
1772906381.867603983,1,0,0.01
1772906382.887730400,0,0,1.24
1772906382.887730400,1,0,0.01
1772906383.907502533,0,0,1.24
1772906383.907502533,1,0,0.01
1772906384.929254450,0,0,1.24
1772906384.929254450,1,0,0.01
1772906385.950077780,0,0,1.24
1772906385.950077780,1,0,0.01
1772906386.970307714,0,0,1.24
1772906386.970307714,1,0,0.01
1772906387.991702937,0,0,1.24
1772906387.991702937,1,0,0.01
1772906389.013211990,0,0,1.24
1772906389.013211990,1,0,0.01
1772906390.033813565,0,0,1.24
1772906390.033813565,1,0,0.01
1772906391.054823507,0,0,1.24
1772906391.054823507,1,0,0.01
1772906392.076399100,0,0,1.24
1772906392.076399100,1,0,0.01
1772906393.097578001,0,0,1.24
1772906393.097578001,1,0,0.01
1772906394.118620371,0,0,1.24
1772906394.118620371,1,0,0.01
1772906395.140093244,0,0,1.24
1772906395.140093244,1,0,0.01
1772906396.161830206,0,0,1.24
1772906396.161830206,1,0,0.01
1772906397.183936086,0,0,1.24
1772906397.183936086,1,0,0.01
1772906398.205478219,0,0,1.24
1772906398.205478219,1,0,0.01
1772906399.227461274,0,0,1.24
1772906399.227461274,1,0,0.01
1772906400.248941806,0,0,1.24
1772906400.248941806,1,0,0.01
1772906401.270959898,0,0,1.24
1772906401.270959898,1,0,0.01
1772906402.293005235,0,0,1.24
1772906402.293005235,1,0,0.01
1772906403.317120352,0,0,1.24
1772906403.317120352,1,0,0.01
1772906404.339072000,0,0,1.24
1772906404.339072000,1,0,0.01
1772906405.359839060,0,0,1.24
1772906405.359839060,1,0,0.01
1772906406.381644716,0,0,1.24
1772906406.381644716,1,0,0.01
1772906407.402779790,0,0,1.24
1772906407.402779790,1,0,0.01
1772906408.424395271,0,0,1.24
1772906408.424395271,1,0,0.01
1772906409.445668387,0,0,1.24
1772906409.445668387,1,0,0.01
1772906410.467213120,0,0,1.24
1772906410.467213120,1,0,0.01
1772906411.486981442,0,0,1.24
1772906411.486981442,1,0,0.01
1772906412.508176577,0,0,1.24
1772906412.508176577,1,0,0.01
1772906413.529561796,0,0,1.24
1772906413.529561796,1,0,0.01
1772906414.550999800,0,0,1.24
1772906414.550999800,1,0,0.01
1772906415.572844100,0,0,1.24
1772906415.572844100,1,0,0.01
1772906416.594188831,0,0,1.24
1772906416.594188831,1,0,0.01
1772906417.616022715,0,0,1.24
1772906417.616022715,1,0,0.01
1772906418.637227959,0,0,1.24
1772906418.637227959,1,0,0.01
1772906419.659580963,0,0,1.24
1772906419.659580963,1,0,0.01
1772906420.681463195,0,0,1.24
1772906420.681463195,1,0,0.01
1772906421.703141512,0,0,1.24
1772906421.703141512,1,0,0.01
1772906422.724926443,0,0,1.24
1772906422.724926443,1,0,0.01
1772906423.746650545,0,0,1.24
1772906423.746650545,1,0,0.01
1772906424.768694789,0,0,1.24
1772906424.768694789,1,0,0.01
1772906425.790231273,0,0,1.24
1772906425.790231273,1,0,0.01
1772906426.810211380,0,0,1.24
1772906426.810211380,1,0,0.01
1772906427.831313725,0,0,1.24
1772906427.831313725,1,0,0.01
1772906428.852840530,0,0,1.24
1772906428.852840530,1,0,0.01
1772906429.874489224,0,0,1.24
1772906429.874489224,1,0,0.01
1772906430.895257777,0,0,1.24
1772906430.895257777,1,0,0.01
1772906431.916555827,0,0,1.24
1772906431.916555827,1,0,0.01
1772906432.937593405,0,0,1.24
1772906432.937593405,1,0,0.01
1772906433.959249490,0,0,1.24
1772906433.959249490,1,0,0.01
1772906434.980280201,0,0,1.24
1772906434.980280201,1,0,0.01
1772906436.001115968,0,0,1.24
1772906436.001115968,1,0,0.01
1772906437.022936470,0,0,1.24
1772906437.022936470,1,0,0.01
1772906438.044738471,0,0,1.24
1772906438.044738471,1,0,0.01
1772906439.066106183,0,0,1.24
1772906439.066106183,1,0,0.01
1772906440.087543954,0,0,1.24
1772906440.087543954,1,0,0.01
1772906441.109597390,0,0,1.24
1772906441.109597390,1,0,0.01
1772906442.131461438,0,0,1.24
1772906442.131461438,1,0,0.01
1772906443.152827907,0,0,1.24
1772906443.152827907,1,0,0.01
1772906444.175541856,0,0,1.24
1772906444.175541856,1,0,0.01
1772906445.196875691,0,0,1.24
1772906445.196875691,1,0,0.01
1772906446.218612489,0,0,1.24
1772906446.218612489,1,0,0.01
1772906447.240195573,0,0,1.24
1772906447.240195573,1,0,0.01
1772906448.262018900,0,0,1.24
1772906448.262018900,1,0,0.01
1772906449.283170835,0,0,1.24
1772906449.283170835,1,0,0.01
1772906450.304918675,0,0,1.24
1772906450.304918675,1,0,0.01
1772906451.326159665,0,0,1.24
1772906451.326159665,1,0,0.01
1772906452.347675940,0,0,1.24
1772906452.347675940,1,0,0.01
1772906453.369089882,0,0,1.24
1772906453.369089882,1,0,0.01
1772906454.391015429,0,0,1.24
1772906454.391015429,1,0,0.01
1772906455.411910408,0,0,1.24
1772906455.411910408,1,0,0.01
1772906456.434681783,0,0,1.24
1772906456.434681783,1,0,0.01
1772906457.456253452,0,0,1.24
1772906457.456253452,1,0,0.01
1772906458.478113651,0,0,1.24
1772906458.478113651,1,0,0.01
1772906459.500640635,0,0,1.24
1772906459.500640635,1,0,0.01
1772906460.522506836,0,0,1.24
1772906460.522506836,1,0,0.01
1772906461.543107681,0,0,1.24
1772906461.543107681,1,0,0.01
1772906462.563067349,0,0,1.24
1772906462.563067349,1,0,0.01
1772906463.583812122,0,0,1.24
1772906463.583812122,1,0,0.01
1772906464.605357906,0,0,1.24
1772906464.605357906,1,0,0.01
1772906465.626838123,0,0,1.24
1772906465.626838123,1,0,0.01
1772906466.648698957,0,0,1.24
1772906466.648698957,1,0,0.01
1772906467.670429918,0,0,1.24
1772906467.670429918,1,0,0.01
1772906468.692269262,0,0,1.24
1772906468.692269262,1,0,0.01
1772906469.713246878,0,0,1.24
1772906469.713246878,1,0,0.01
1772906470.734322273,0,0,1.24
1772906470.734322273,1,0,0.01
1772906471.756144606,0,0,1.24
1772906471.756144606,1,0,0.01
1772906472.777953865,0,0,1.24
1772906472.777953865,1,0,0.01
1772906473.800138712,0,0,1.24
1772906473.800138712,1,0,0.01
1772906474.822856846,0,0,1.24
1772906474.822856846,1,0,0.01
1772906475.844821789,0,0,1.24
1772906475.844821789,1,0,0.01
1772906476.867271839,0,0,1.24
1772906476.867271839,1,0,0.01
1772906477.888290943,0,0,1.24
1772906477.888290943,1,0,0.01
1772906478.909239481,0,0,1.24
1772906478.909239481,1,0,0.01
1772906479.931205784,0,0,1.24
1772906479.931205784,1,0,0.01
1772906480.953815065,0,0,1.24
1772906480.953815065,1,0,0.01
1772906481.975274214,0,0,1.24
1772906481.975274214,1,0,0.01
1772906482.997139452,0,0,1.24
1772906482.997139452,1,0,0.01
1772906484.019046857,0,0,1.24
1772906484.019046857,1,0,0.01
1772906485.041781863,0,0,1.24
1772906485.041781863,1,0,0.01
1772906486.063344029,0,0,1.24
1772906486.063344029,1,0,0.01
1772906487.085360239,0,0,1.24
1772906487.085360239,1,0,0.01
1772906488.107415235,0,0,1.24
1772906488.107415235,1,0,0.01
1772906489.129499748,0,0,1.24
1772906489.129499748,1,0,0.01
1772906490.151604047,0,0,1.24
1772906490.151604047,1,0,0.01
1772906491.173282199,0,0,1.24
1772906491.173282199,1,0,0.01
1772906492.194865821,0,0,1.24
1772906492.194865821,1,0,0.01
1772906493.216051810,0,0,1.24
1772906493.216051810,1,0,0.01
1772906494.237447928,0,0,1.24
1772906494.237447928,1,0,0.01
1772906495.258254443,0,0,1.24
1772906495.258254443,1,0,0.01
1772906496.280841532,0,0,1.24
1772906496.280841532,1,0,0.01
1772906497.303365231,0,0,1.24
1772906497.303365231,1,0,0.01
1772906498.325457780,0,0,1.24
1772906498.325457780,1,0,0.01
1772906499.347196415,0,0,1.24
1772906499.347196415,1,0,0.01
1772906500.369203051,0,0,1.24
1772906500.369203051,1,0,0.01
1772906501.390824652,0,0,1.24
1772906501.390824652,1,0,0.01
1772906502.411326557,0,0,1.24
1772906502.411326557,1,0,0.01
1772906503.433157763,0,0,1.24
1772906503.433157763,1,0,0.01
1772906504.454607293,0,0,1.24
1772906504.454607293,1,0,0.01
1772906505.476323028,0,0,1.24
1772906505.476323028,1,0,0.01
1772906506.497910684,0,0,1.24
1772906506.497910684,1,0,0.01
1772906507.519582676,0,0,1.24
1772906507.519582676,1,0,0.01
1772906508.541227073,0,0,1.24
1772906508.541227073,1,0,0.01
1772906509.562089525,0,0,1.24
1772906509.562089525,1,0,0.01
1772906510.584088746,0,0,1.24
1772906510.584088746,1,0,0.01
1772906511.606707806,0,0,1.24
1772906511.606707806,1,0,0.01
1772906512.629028024,0,0,1.24
1772906512.629028024,1,0,0.01
1772906513.651542472,0,0,1.24
1772906513.651542472,1,0,0.01
1772906514.674060223,0,0,1.24
1772906514.674060223,1,0,0.01
1772906515.696132127,0,0,1.24
1772906515.696132127,1,0,0.01
1772906516.718021637,0,0,1.24
1772906516.718021637,1,0,0.01
1772906517.739054808,0,0,1.24
1772906517.739054808,1,0,0.01
1772906518.761474279,0,0,1.24
1772906518.761474279,1,0,0.01
1772906519.782561638,0,0,1.24
1772906519.782561638,1,0,0.01
1772906520.804621486,0,0,1.24
1772906520.804621486,1,0,0.01
1772906521.824947291,0,0,1.24
1772906521.824947291,1,0,0.01
1772906522.846087891,0,0,1.24
1772906522.846087891,1,0,0.01
1772906523.867476314,0,0,1.24
1772906523.867476314,1,0,0.01
1772906524.889454610,0,0,1.24
1772906524.889454610,1,0,0.01
1772906525.911981233,0,0,1.24
1772906525.911981233,1,0,0.01
1772906526.932253883,0,0,1.24
1772906526.932253883,1,0,0.01
1772906527.954313602,0,0,1.24
1772906527.954313602,1,0,0.01
1772906528.976085614,0,0,1.24
1772906528.976085614,1,0,0.01
1772906529.997843428,0,0,1.24
1772906529.997843428,1,0,0.01
1772906531.018055361,0,0,1.24
1772906531.018055361,1,0,0.01
1772906532.039691125,0,0,1.24
1772906532.039691125,1,0,0.01
1772906533.061335558,0,0,1.24
1772906533.061335558,1,0,0.01
1772906534.083506067,0,0,1.24
1772906534.083506067,1,0,0.01
1772906535.105368949,0,0,1.24
1772906535.105368949,1,0,0.01
1772906536.126994626,0,0,1.24
1772906536.126994626,1,0,0.01
1772906537.147996647,0,0,1.24
1772906537.147996647,1,0,0.01
1772906538.169298572,0,0,1.24
1772906538.169298572,1,0,0.01
1772906539.191326224,0,0,1.24
1772906539.191326224,1,0,0.01
1772906540.212355728,0,0,1.24
1772906540.212355728,1,0,0.01
1772906541.233618997,0,0,1.24
1772906541.233618997,1,0,0.01
1772906542.255218944,0,0,1.24
1772906542.255218944,1,0,0.01
1772906543.277717791,0,0,1.24
1772906543.277717791,1,0,0.01
1772906544.299466458,0,0,1.24
1772906544.299466458,1,0,0.01
1772906545.321965816,0,0,1.24
1772906545.321965816,1,0,0.01
1772906546.344070464,0,0,1.24
1772906546.344070464,1,0,0.01
1772906547.366154610,0,0,1.24
1772906547.366154610,1,0,0.01
1772906548.387814332,0,0,1.24
1772906548.387814332,1,0,0.01
1772906549.409566275,0,0,1.24
1772906549.409566275,1,0,0.01
1772906550.432144194,0,0,1.24
1772906550.432144194,1,0,0.01
1772906551.454680749,0,0,1.24
1772906551.454680749,1,0,0.01
1772906552.474889261,0,0,1.24
1772906552.474889261,1,0,0.01
1772906553.497161428,0,0,1.24
1772906553.497161428,1,0,0.01
1772906554.518776276,0,0,1.24
1772906554.518776276,1,0,0.01
1772906555.540932899,0,0,1.24
1772906555.540932899,1,0,0.01
1772906556.561971469,0,0,1.24
1772906556.561971469,1,0,0.01
1772906557.583283481,0,0,1.24
1772906557.583283481,1,0,0.01
1772906558.603707414,0,0,1.24
1772906558.603707414,1,0,0.01
1772906559.624462557,0,0,1.24
1772906559.624462557,1,0,0.01
1772906560.646163372,0,0,1.24
1772906560.646163372,1,0,0.01
1772906561.666527412,0,0,1.24
1772906561.666527412,1,0,0.01
1772906562.687176810,0,0,1.24
1772906562.687176810,1,0,0.01
1772906563.709324733,0,0,1.24
1772906563.709324733,1,0,0.01
1772906564.730928935,0,0,1.24
1772906564.730928935,1,0,0.01
1772906565.752047329,0,0,1.24
1772906565.752047329,1,0,0.01
1772906566.773559005,0,0,1.24
1772906566.773559005,1,0,0.01
1772906567.794536917,0,0,1.24
1772906567.794536917,1,0,0.01
1772906568.816128855,0,0,1.24
1772906568.816128855,1,0,0.01
1772906569.836862555,0,0,1.24
1772906569.836862555,1,0,0.01
1772906570.859246389,0,0,1.24
1772906570.859246389,1,0,0.01
1772906571.880737085,0,0,1.24
1772906571.880737085,1,0,0.01
1772906572.902316393,0,0,1.24
1772906572.902316393,1,0,0.01
1772906573.924279689,0,0,1.24
1772906573.924279689,1,0,0.01
1772906574.945682399,0,0,1.24
1772906574.945682399,1,0,0.01
1772906575.967285908,0,0,1.24
1772906575.967285908,1,0,0.01
1772906576.988159985,0,0,1.24
1772906576.988159985,1,0,0.01
1772906578.010050121,0,0,1.24
1772906578.010050121,1,0,0.01
1772906579.031973785,0,0,1.24
1772906579.031973785,1,0,0.01
1772906580.053586345,0,0,1.24
1772906580.053586345,1,0,0.01
1772906581.074071939,0,0,1.24
1772906581.074071939,1,0,0.01
1772906582.095959371,0,0,1.24
1772906582.095959371,1,0,0.01
1772906583.117722610,0,0,1.24
1772906583.117722610,1,0,0.01
1772906584.139986847,0,0,1.24
1772906584.139986847,1,0,0.01
1772906585.161467154,0,0,1.24
1772906585.161467154,1,0,0.01
1772906586.182610604,0,0,1.24
1772906586.182610604,1,0,0.01
1772906587.203984087,0,0,1.24
1772906587.203984087,1,0,0.01
1772906588.225847903,0,0,1.24
1772906588.225847903,1,0,0.01
1772906589.247686220,0,0,1.24
1772906589.247686220,1,0,0.01
1772906590.268961943,0,0,1.24
1772906590.268961943,1,0,0.01
1772906591.291056582,0,0,1.24
1772906591.291056582,1,0,0.01
1772906592.312873937,0,0,1.24
1772906592.312873937,1,0,0.01
1772906593.332838720,0,0,1.24
1772906593.332838720,1,0,0.01
1772906594.354619958,0,0,1.24
1772906594.354619958,1,0,0.01
1772906595.375786441,0,0,1.24
1772906595.375786441,1,0,0.01
1772906596.397463713,0,0,1.24
1772906596.397463713,1,0,0.01
1772906597.418559404,0,0,1.24
1772906597.418559404,1,0,0.01
1772906598.440988339,0,0,1.24
1772906598.440988339,1,0,0.01
1772906599.462879996,0,0,1.24
1772906599.462879996,1,0,0.01
1772906600.485091997,0,0,1.24
1772906600.485091997,1,0,0.01
1772906601.506870740,0,0,1.24
1772906601.506870740,1,0,0.01
1772906602.528331709,0,0,1.24
1772906602.528331709,1,0,0.01
1772906603.549382569,0,0,1.24
1772906603.549382569,1,0,0.01
1772906604.571228645,0,0,1.24
1772906604.571228645,1,0,0.01
1772906605.593631783,0,0,1.24
1772906605.593631783,1,0,0.01
1772906606.615028127,0,0,1.24
1772906606.615028127,1,0,0.01
1772906607.637105224,0,0,1.24
1772906607.637105224,1,0,0.01
1772906608.658170625,0,0,1.24
1772906608.658170625,1,0,0.01
1772906609.679622685,0,0,1.24
1772906609.679622685,1,0,0.01
1772906610.701895322,0,0,1.24
1772906610.701895322,1,0,0.01
1772906611.723573657,0,0,1.24
1772906611.723573657,1,0,0.01
1772906612.745103985,0,0,1.24
1772906612.745103985,1,0,0.01
1772906613.766727568,0,0,1.24
1772906613.766727568,1,0,0.01
1772906614.788759945,0,0,1.24
1772906614.788759945,1,0,0.01
1772906615.811305109,0,0,1.24
1772906615.811305109,1,0,0.01
1772906616.833448671,0,0,1.24
1772906616.833448671,1,0,0.01
1772906617.854625021,0,0,1.24
1772906617.854625021,1,0,0.01
1772906618.876408386,0,0,1.24
1772906618.876408386,1,0,0.01
1772906619.897604296,0,0,1.24
1772906619.897604296,1,0,0.01
1772906620.917309747,0,0,1.24
1772906620.917309747,1,0,0.01
1772906621.937768491,0,0,1.24
1772906621.937768491,1,0,0.01
1772906622.957444164,0,0,1.24
1772906622.957444164,1,0,0.01
1772906623.978057688,0,0,1.24
1772906623.978057688,1,0,0.01
1772906624.998238607,0,0,1.24
1772906624.998238607,1,0,0.01
1772906626.018466073,0,0,1.24
1772906626.018466073,1,0,0.01
1772906627.040551919,0,0,1.24
1772906627.040551919,1,0,0.01
1772906628.061227691,0,0,1.24
1772906628.061227691,1,0,0.01
1772906629.083271817,0,0,1.24
1772906629.083271817,1,0,0.01
1772906630.105868159,0,0,1.24
1772906630.105868159,1,0,0.01
1772906631.127614628,0,0,1.24
1772906631.127614628,1,0,0.01
1772906632.149227772,0,0,1.24
1772906632.149227772,1,0,0.01
1772906633.171466774,0,0,1.24
1772906633.171466774,1,0,0.01
1772906634.193131822,0,0,1.24
1772906634.193131822,1,0,0.01
1772906635.215230647,0,0,1.24
1772906635.215230647,1,0,0.01
1772906636.236948369,0,0,1.24
1772906636.236948369,1,0,0.01
1772906637.258608672,0,0,1.24
1772906637.258608672,1,0,0.01
1772906638.279863544,0,0,1.24
1772906638.279863544,1,0,0.01
1772906639.301646840,0,0,1.24
1772906639.301646840,1,0,0.01
1772906640.323112789,0,0,1.24
1772906640.323112789,1,0,0.01
1772906641.345228599,0,0,1.24
1772906641.345228599,1,0,0.01
1772906642.366736042,0,0,1.24
1772906642.366736042,1,0,0.01
1772906643.388263525,0,0,1.24
1772906643.388263525,1,0,0.01
1772906644.409570956,0,0,1.24
1772906644.409570956,1,0,0.01
1772906645.431102453,0,0,1.24
1772906645.431102453,1,0,0.01
1772906646.451725424,0,0,1.24
1772906646.451725424,1,0,0.01
1772906647.473082030,0,0,1.24
1772906647.473082030,1,0,0.01
1772906648.494389796,0,0,1.24
1772906648.494389796,1,0,0.01
1772906649.515970731,0,0,1.24
1772906649.515970731,1,0,0.01
1772906650.537661950,0,0,1.24
1772906650.537661950,1,0,0.01
1772906651.558713137,0,0,1.24
1772906651.558713137,1,0,0.01
1772906652.578924144,0,0,1.24
1772906652.578924144,1,0,0.01
1772906653.600327112,0,0,1.24
1772906653.600327112,1,0,0.01
1772906654.621842444,0,0,1.24
1772906654.621842444,1,0,0.01
1772906655.643562922,0,0,1.24
1772906655.643562922,1,0,0.01
1772906656.664605936,0,0,1.24
1772906656.664605936,1,0,0.01
1772906657.685633037,0,0,1.24
1772906657.685633037,1,0,0.01
1772906658.705987799,0,0,1.24
1772906658.705987799,1,0,0.01
1772906659.727132386,0,0,1.24
1772906659.727132386,1,0,0.01
1772906660.748920120,0,0,1.24
1772906660.748920120,1,0,0.01
1772906661.770151929,0,0,1.24
1772906661.770151929,1,0,0.01
1772906662.791782217,0,0,1.24
1772906662.791782217,1,0,0.01
1772906663.813513623,0,0,1.24
1772906663.813513623,1,0,0.01
1772906664.833837959,0,0,1.24
1772906664.833837959,1,0,0.01
1772906665.855901929,0,0,1.24
1772906665.855901929,1,0,0.01
1772906666.876722257,0,0,1.24
1772906666.876722257,1,0,0.01
1772906667.898360920,0,0,1.24
1772906667.898360920,1,0,0.01
1772906668.919636076,0,0,1.24
1772906668.919636076,1,0,0.01
1772906669.941818540,0,0,1.24
1772906669.941818540,1,0,0.01
1772906670.963309847,0,0,1.24
1772906670.963309847,1,0,0.01
1772906671.985009140,0,0,1.24
1772906671.985009140,1,0,0.01
1772906673.006136906,0,0,1.24
1772906673.006136906,1,0,0.01
1772906674.027564866,0,0,1.24
1772906674.027564866,1,0,0.01
1772906675.048540730,0,0,1.24
1772906675.048540730,1,0,0.01
1772906676.070494666,0,0,1.24
1772906676.070494666,1,0,0.01
1772906677.091759065,0,0,1.24
1772906677.091759065,1,0,0.01
1772906678.111839748,0,0,1.24
1772906678.111839748,1,0,0.01
1772906679.131701729,0,0,1.24
1772906679.131701729,1,0,0.01
1772906680.152964599,0,0,1.24
1772906680.152964599,1,0,0.01
1772906681.174272293,0,0,1.24
1772906681.174272293,1,0,0.01
1772906682.193616480,0,0,1.24
1772906682.193616480,1,0,0.01
1772906683.213315658,0,0,1.24
1772906683.213315658,1,0,0.01
1772906684.235147633,0,0,1.24
1772906684.235147633,1,0,0.01
1772906685.255919740,0,0,1.24
1772906685.255919740,1,0,0.01
1772906686.278328488,0,0,1.24
1772906686.278328488,1,0,0.01
1772906687.299275682,0,0,1.24
1772906687.299275682,1,0,0.01
1772906688.318993260,0,0,1.24
1772906688.318993260,1,0,0.01
1772906689.339008382,0,0,1.24
1772906689.339008382,1,0,0.01
1772906690.360764680,0,0,1.24
1772906690.360764680,1,0,0.01
1772906691.382021053,0,71,1.24
1772906691.382021053,1,0,0.01
1772906692.403848116,0,65,1.24
1772906692.403848116,1,0,0.01
1772906693.424889675,0,0,1.24
1772906693.424889675,1,0,0.01
1772906694.447201349,0,0,1.24
1772906694.447201349,1,0,0.01
1772906695.468775410,0,0,1.24
1772906695.468775410,1,0,0.01
1772906696.490784692,0,0,1.24
1772906696.490784692,1,0,0.01
1772906697.512125610,0,0,1.24
1772906697.512125610,1,0,0.01
1772906698.533432602,0,0,1.24
1772906698.533432602,1,0,0.01
1772906699.555614839,0,0,1.24
1772906699.555614839,1,0,0.01
1772906700.577452992,0,0,1.24
1772906700.577452992,1,0,0.01
1772906701.598904953,0,0,1.24
1772906701.598904953,1,0,0.01
1772906702.621049392,0,0,1.24
1772906702.621049392,1,0,0.01
1772906703.643226992,0,0,1.24
1772906703.643226992,1,0,0.01
1772906704.666269765,0,0,1.24
1772906704.666269765,1,0,0.01
1772906705.687594795,0,0,1.24
1772906705.687594795,1,0,0.01
1772906706.709063815,0,0,1.24
1772906706.709063815,1,0,0.01
1772906707.731618445,0,0,1.24
1772906707.731618445,1,0,0.01
1772906708.753012899,0,0,1.24
1772906708.753012899,1,0,0.01
1772906709.774058604,0,0,1.24
1772906709.774058604,1,0,0.01
1772906710.795091604,0,0,1.24
1772906710.795091604,1,0,0.01
1772906711.815639782,0,0,1.24
1772906711.815639782,1,0,0.01
1772906712.837417014,0,0,1.24
1772906712.837417014,1,0,0.01
1772906713.857673042,0,0,1.24
1772906713.857673042,1,0,0.01
1772906714.879321820,0,0,1.24
1772906714.879321820,1,0,0.01
1772906715.901509803,0,0,1.24
1772906715.901509803,1,0,0.01
1772906716.922732579,0,0,1.24
1772906716.922732579,1,0,0.01
1772906717.944027680,0,0,1.24
1772906717.944027680,1,0,0.01
1772906718.965507033,0,0,1.24
1772906718.965507033,1,0,0.01
1772906719.986127583,0,0,1.24
1772906719.986127583,1,0,0.01
1772906721.007668963,0,0,1.24
1772906721.007668963,1,0,0.01
1772906722.029051377,0,0,1.24
1772906722.029051377,1,0,0.01
1772906723.050310716,0,0,1.24
1772906723.050310716,1,0,0.01
1772906724.071628737,0,0,1.24
1772906724.071628737,1,0,0.01
1772906725.093389299,0,0,1.24
1772906725.093389299,1,0,0.01
1772906726.115164761,0,0,1.24
1772906726.115164761,1,0,0.01
1772906727.136257226,0,0,1.24
1772906727.136257226,1,0,0.01
1772906728.158407191,0,0,1.24
1772906728.158407191,1,0,0.01
1772906729.180323211,0,0,1.24
1772906729.180323211,1,0,0.01
1772906730.201885413,0,0,1.24
1772906730.201885413,1,0,0.01
1772906731.223426102,0,0,1.24
1772906731.223426102,1,0,0.01
1772906732.245130987,0,0,1.24
1772906732.245130987,1,0,0.01
1772906733.267054335,0,0,1.24
1772906733.267054335,1,0,0.01
1772906734.287984182,0,0,1.24
1772906734.287984182,1,0,0.01
1772906735.308286070,0,0,1.24
1772906735.308286070,1,0,0.01
1772906736.329764601,0,0,1.24
1772906736.329764601,1,0,0.01
1772906737.351337126,0,0,1.24
1772906737.351337126,1,0,0.01
1772906738.372998437,0,0,1.24
1772906738.372998437,1,0,0.01
1772906739.394199426,0,0,1.24
1772906739.394199426,1,0,0.01
1772906740.416297320,0,0,1.24
1772906740.416297320,1,0,0.01
1772906741.437511064,0,0,1.24
1772906741.437511064,1,0,0.01
1772906742.459052125,0,0,1.24
1772906742.459052125,1,0,0.01
1772906743.480833505,0,0,1.24
1772906743.480833505,1,0,0.01
1772906744.502613888,0,0,1.24
1772906744.502613888,1,0,0.01
1772906745.524778109,0,0,1.24
1772906745.524778109,1,0,0.01
1772906746.546437942,0,0,1.24
1772906746.546437942,1,0,0.01
1772906747.568186119,0,0,1.24
1772906747.568186119,1,0,0.01
1772906748.589171339,0,0,1.24
1772906748.589171339,1,0,0.01
1772906749.611483639,0,0,1.24
1772906749.611483639,1,0,0.01
1772906750.633291663,0,0,1.24
1772906750.633291663,1,0,0.01
1772906751.654761463,0,0,1.24
1772906751.654761463,1,0,0.01
1772906752.676178972,0,0,1.24
1772906752.676178972,1,0,0.01
1772906753.697146868,0,0,1.24
1772906753.697146868,1,0,0.01
1772906754.719598221,0,0,1.24
1772906754.719598221,1,0,0.01
1772906755.741217428,0,0,1.24
1772906755.741217428,1,0,0.01
1772906756.761892320,0,0,1.24
1772906756.761892320,1,0,0.01
1772906757.782341597,0,0,1.24
1772906757.782341597,1,0,0.01
1772906758.803963292,0,0,1.24
1772906758.803963292,1,0,0.01
1772906759.826447981,0,0,1.24
1772906759.826447981,1,0,0.01
1772906760.848256769,0,0,1.24
1772906760.848256769,1,0,0.01
1772906761.869430246,0,0,1.24
1772906761.869430246,1,0,0.01
1772906762.890865098,0,0,1.24
1772906762.890865098,1,0,0.01
1772906763.912722678,0,0,1.24
1772906763.912722678,1,0,0.01
1772906764.934101349,0,0,1.24
1772906764.934101349,1,0,0.01
1772906765.954455982,0,0,1.24
1772906765.954455982,1,0,0.01
1772906766.975926836,0,0,1.24
1772906766.975926836,1,0,0.01
1772906767.997331208,0,0,1.24
1772906767.997331208,1,0,0.01
1772906769.018582855,0,0,1.24
1772906769.018582855,1,0,0.01
1772906770.040780144,0,0,1.24
1772906770.040780144,1,0,0.01
1772906771.062316926,0,0,1.24
1772906771.062316926,1,0,0.01
1772906772.083708942,0,0,1.24
1772906772.083708942,1,0,0.01
1772906773.105410347,0,0,1.24
1772906773.105410347,1,0,0.01
1772906774.127236156,0,0,1.24
1772906774.127236156,1,0,0.01
1772906775.149509477,0,0,1.24
1772906775.149509477,1,0,0.01
1772906776.170701980,0,0,1.24
1772906776.170701980,1,0,0.01
1772906777.192256553,0,0,1.24
1772906777.192256553,1,0,0.01
1772906778.213523764,0,0,1.24
1772906778.213523764,1,0,0.01
1772906779.234811747,0,0,1.24
1772906779.234811747,1,0,0.01
1772906780.256145517,0,0,1.24
1772906780.256145517,1,0,0.01
1772906781.278456389,0,0,1.24
1772906781.278456389,1,0,0.01
1772906782.299614206,0,0,1.24
1772906782.299614206,1,0,0.01
1772906783.320948758,0,0,1.24
1772906783.320948758,1,0,0.01
1772906784.343293544,0,0,1.24
1772906784.343293544,1,0,0.01
1772906785.364487521,0,0,1.24
1772906785.364487521,1,0,0.01
1772906786.385511473,0,0,1.24
1772906786.385511473,1,0,0.01
1772906787.405546271,0,0,1.24
1772906787.405546271,1,0,0.01
1772906788.426961755,0,0,1.24
1772906788.426961755,1,0,0.01
1772906789.448793795,0,0,1.24
1772906789.448793795,1,0,0.01
1772906790.470830599,0,0,1.24
1772906790.470830599,1,0,0.01
1772906791.492669861,0,0,1.24
1772906791.492669861,1,0,0.01
1772906792.514260567,0,0,1.24
1772906792.514260567,1,0,0.01
1772906793.535374743,0,0,1.24
1772906793.535374743,1,0,0.01
1772906794.557449107,0,0,1.24
1772906794.557449107,1,0,0.01
1772906795.578611085,0,0,1.24
1772906795.578611085,1,0,0.01
1772906796.599312607,0,0,1.24
1772906796.599312607,1,0,0.01
1772906797.621098434,0,0,1.24
1772906797.621098434,1,0,0.01
1772906798.642724372,0,0,1.24
1772906798.642724372,1,0,0.01
1772906799.664403104,0,0,1.24
1772906799.664403104,1,0,0.01
1772906800.684546991,0,0,1.24
1772906800.684546991,1,0,0.01
1772906801.706161788,0,0,1.24
1772906801.706161788,1,0,0.01
1772906802.727992597,0,0,1.24
1772906802.727992597,1,0,0.01
1772906803.750214889,0,0,1.24
1772906803.750214889,1,0,0.01
1772906804.771504465,0,0,1.24
1772906804.771504465,1,0,0.01
1772906805.793327763,0,0,1.24
1772906805.793327763,1,0,0.01
1772906806.815002084,0,0,1.24
1772906806.815002084,1,0,0.01
1772906807.835550245,0,0,1.24
1772906807.835550245,1,0,0.01
1772906808.856946020,0,0,1.24
1772906808.856946020,1,0,0.01
1772906809.878927150,0,0,1.24
1772906809.878927150,1,0,0.01
1772906810.902074659,0,0,1.24
1772906810.902074659,1,0,0.01
1772906811.924461465,0,0,1.24
1772906811.924461465,1,0,0.01
1772906812.946134286,0,0,1.24
1772906812.946134286,1,0,0.01
1772906813.967853918,0,0,1.24
1772906813.967853918,1,0,0.01
1772906814.989064412,0,0,1.24
1772906814.989064412,1,0,0.01
1772906816.010592126,0,0,1.24
1772906816.010592126,1,0,0.01
1772906817.032076337,0,0,1.24
1772906817.032076337,1,0,0.01
1772906818.053965220,0,0,1.24
1772906818.053965220,1,0,0.01
1772906819.074172082,0,0,1.24
1772906819.074172082,1,0,0.01
1772906820.095586628,0,0,1.24
1772906820.095586628,1,0,0.01
1772906821.116818230,0,0,1.24
1772906821.116818230,1,0,0.01
1772906822.138161426,0,0,1.24
1772906822.138161426,1,0,0.01
1772906823.159553082,0,0,1.24
1772906823.159553082,1,0,0.01
1772906824.181479375,0,0,1.24
1772906824.181479375,1,0,0.01
1772906825.203687314,0,0,1.24
1772906825.203687314,1,0,0.01
1772906826.225635862,0,0,1.24
1772906826.225635862,1,0,0.01
1772906827.246786470,0,0,1.24
1772906827.246786470,1,0,0.01
1772906828.268417808,0,0,1.24
1772906828.268417808,1,0,0.01
1772906829.290024916,0,0,1.24
1772906829.290024916,1,0,0.01
1772906830.309768325,0,0,1.24
1772906830.309768325,1,0,0.01
1772906831.329788577,0,0,1.24
1772906831.329788577,1,0,0.01
1772906832.351313068,0,0,1.24
1772906832.351313068,1,0,0.01
1772906833.372766098,0,0,1.24
1772906833.372766098,1,0,0.01
1772906834.394192043,0,0,1.24
1772906834.394192043,1,0,0.01
1772906835.415216217,0,0,1.24
1772906835.415216217,1,0,0.01
1772906836.436723504,0,0,1.24
1772906836.436723504,1,0,0.01
1772906837.456844711,0,0,1.24
1772906837.456844711,1,0,0.01
1772906838.479714071,0,0,1.24
1772906838.479714071,1,0,0.01
1772906839.501135597,0,0,1.24
1772906839.501135597,1,0,0.01
1772906840.522878658,0,0,1.24
1772906840.522878658,1,0,0.01
1772906841.543887275,0,0,1.24
1772906841.543887275,1,0,0.01
1772906842.564303559,0,0,1.24
1772906842.564303559,1,0,0.01
1772906843.586300869,0,0,1.24
1772906843.586300869,1,0,0.01
1772906844.608171115,0,0,1.24
1772906844.608171115,1,0,0.01
1772906845.630166869,0,0,1.24
1772906845.630166869,1,0,0.01
1772906846.651568085,0,0,1.24
1772906846.651568085,1,0,0.01
1772906847.673105880,0,0,1.24
1772906847.673105880,1,0,0.01
1772906848.694977301,0,0,1.24
1772906848.694977301,1,0,0.01
1772906849.716703515,0,0,1.24
1772906849.716703515,1,0,0.01
1772906850.738889341,0,0,1.24
1772906850.738889341,1,0,0.01
1772906851.760360853,0,0,1.24
1772906851.760360853,1,0,0.01
1772906852.781790001,0,0,1.24
1772906852.781790001,1,0,0.01
1772906853.803196993,0,0,1.24
1772906853.803196993,1,0,0.01
1772906854.824344405,0,0,1.24
1772906854.824344405,1,0,0.01
1772906855.845930292,0,0,1.24
1772906855.845930292,1,0,0.01
1772906856.867333321,0,0,1.24
1772906856.867333321,1,0,0.01
1772906857.888514530,0,0,1.24
1772906857.888514530,1,0,0.01
1772906858.909916166,0,0,1.24
1772906858.909916166,1,0,0.01
1772906859.931211018,0,0,1.24
1772906859.931211018,1,0,0.01
1772906860.952357693,0,0,1.24
1772906860.952357693,1,0,0.01
1772906861.974132811,0,0,1.24
1772906861.974132811,1,0,0.01
1772906862.995257284,0,0,1.24
1772906862.995257284,1,0,0.01
1772906864.018212357,0,0,1.24
1772906864.018212357,1,0,0.01
1772906865.039627713,0,0,1.24
1772906865.039627713,1,0,0.01
1772906866.061322708,0,0,1.24
1772906866.061322708,1,0,0.01
1772906867.082738725,0,0,1.24
1772906867.082738725,1,0,0.01
1772906868.104504282,0,0,1.24
1772906868.104504282,1,0,0.01
1772906869.126160066,0,0,1.24
1772906869.126160066,1,0,0.01
1772906870.147213420,0,0,1.24
1772906870.147213420,1,0,0.01
1772906871.168451776,0,0,1.24
1772906871.168451776,1,0,0.01
1772906872.189863134,0,0,1.24
1772906872.189863134,1,0,0.01
1772906873.211979930,0,0,1.24
1772906873.211979930,1,0,0.01
1772906874.233058817,0,0,1.24
1772906874.233058817,1,0,0.01
1772906875.254751570,0,0,1.24
1772906875.254751570,1,0,0.01
1772906876.275913945,0,0,1.24
1772906876.275913945,1,0,0.01
1772906877.297502216,0,0,1.24
1772906877.297502216,1,0,0.01
1772906878.319386786,0,0,1.24
1772906878.319386786,1,0,0.01
1772906879.340668229,0,0,1.24
1772906879.340668229,1,0,0.01
1772906880.362414124,0,0,1.24
1772906880.362414124,1,0,0.01
1772906881.382374257,0,0,1.24
1772906881.382374257,1,0,0.01
1772906882.404050800,0,0,1.24
1772906882.404050800,1,0,0.01
1772906883.426141411,0,0,1.24
1772906883.426141411,1,0,0.01
1772906884.448385408,0,0,1.24
1772906884.448385408,1,0,0.01
1772906885.470043901,0,0,1.24
1772906885.470043901,1,0,0.01
1772906886.492098772,0,0,1.24
1772906886.492098772,1,0,0.01
1772906887.512309787,0,0,1.24
1772906887.512309787,1,0,0.01
1772906888.533160449,0,0,1.24
1772906888.533160449,1,0,0.01
1772906889.555485735,0,0,1.24
1772906889.555485735,1,0,0.01
1772906890.577138281,0,0,1.24
1772906890.577138281,1,0,0.01
1772906891.598513755,0,0,1.24
1772906891.598513755,1,0,0.01
1772906892.618304845,0,0,1.24
1772906892.618304845,1,0,0.01
1772906893.638986125,0,0,1.24
1772906893.638986125,1,0,0.01
1772906894.660138193,0,0,1.24
1772906894.660138193,1,0,0.01
1772906895.681869187,0,0,1.24
1772906895.681869187,1,0,0.01
1772906896.703011209,0,0,1.24
1772906896.703011209,1,0,0.01
1772906897.723451664,0,0,1.24
1772906897.723451664,1,0,0.01
1772906898.743192873,0,0,1.24
1772906898.743192873,1,0,0.01
1772906899.764069373,0,0,1.24
1772906899.764069373,1,0,0.01
1772906900.785153396,0,0,1.24
1772906900.785153396,1,0,0.01
1772906901.805511514,0,0,1.24
1772906901.805511514,1,0,0.01
1772906902.827055778,0,0,1.24
1772906902.827055778,1,0,0.01
1772906903.847779637,0,0,1.24
1772906903.847779637,1,0,0.01
1772906904.867996092,0,0,1.24
1772906904.867996092,1,0,0.01
1772906905.889523954,0,0,1.24
1772906905.889523954,1,0,0.01
1772906906.910543731,0,0,1.24
1772906906.910543731,1,0,0.01
1772906907.930386161,0,0,1.24
1772906907.930386161,1,0,0.01
1772906908.950278565,0,0,1.24
1772906908.950278565,1,0,0.01
1772906909.972091605,0,0,1.24
1772906909.972091605,1,0,0.01
1772906910.994260680,0,0,1.24
1772906910.994260680,1,0,0.01
1772906912.015611418,0,0,1.24
1772906912.015611418,1,0,0.01
1772906913.036624515,0,0,1.24
1772906913.036624515,1,0,0.01
1772906914.058425762,0,0,1.24
1772906914.058425762,1,0,0.01
1772906915.078212716,0,0,1.24
1772906915.078212716,1,0,0.01
1772906916.099992445,0,0,1.24
1772906916.099992445,1,0,0.01
1772906917.122150634,0,0,1.24
1772906917.122150634,1,0,0.01
1772906918.144131251,0,0,1.24
1772906918.144131251,1,0,0.01
1772906919.165754430,0,0,1.24
1772906919.165754430,1,0,0.01
1772906920.185483167,0,0,1.24
1772906920.185483167,1,0,0.01
1772906921.207107135,0,0,1.24
1772906921.207107135,1,0,0.01
1772906922.227881467,0,0,1.24
1772906922.227881467,1,0,0.01
1772906923.249232838,0,0,1.24
1772906923.249232838,1,0,0.01
1772906924.270803567,0,0,1.24
1772906924.270803567,1,0,0.01
1772906925.293362722,0,0,1.24
1772906925.293362722,1,0,0.01
1772906926.313489665,0,0,1.24
1772906926.313489665,1,0,0.01
1772906927.335095947,0,0,1.24
1772906927.335095947,1,0,0.01
1772906928.355288749,0,0,1.24
1772906928.355288749,1,0,0.01
1772906929.376573056,0,0,1.24
1772906929.376573056,1,0,0.01
1772906930.397970180,0,0,1.24
1772906930.397970180,1,0,0.01
1772906931.420433329,0,0,1.24
1772906931.420433329,1,0,0.01
1772906932.442129852,0,0,1.24
1772906932.442129852,1,0,0.01
1772906933.467722895,0,0,1.24
1772906933.467722895,1,0,0.01
1772906934.488196349,0,0,1.24
1772906934.488196349,1,0,0.01
1772906935.510395742,0,0,1.24
1772906935.510395742,1,0,0.01
1772906936.531916499,0,0,1.24
1772906936.531916499,1,0,0.01
1772906937.553314500,0,0,1.24
1772906937.553314500,1,0,0.01
1772906938.574865256,0,0,1.24
1772906938.574865256,1,0,0.01
1772906939.596369448,0,0,1.24
1772906939.596369448,1,0,0.01
1772906940.618310971,0,0,1.24
1772906940.618310971,1,0,0.01
1772906941.640046958,0,0,1.24
1772906941.640046958,1,0,0.01
1772906942.661372715,0,0,1.24
1772906942.661372715,1,0,0.01
1772906943.682017367,0,0,1.24
1772906943.682017367,1,0,0.01
1772906944.702699514,0,0,1.24
1772906944.702699514,1,0,0.01
1772906945.724329746,0,0,1.24
1772906945.724329746,1,0,0.01
1772906946.746120687,0,0,1.24
1772906946.746120687,1,0,0.01
1772906947.767215168,0,0,1.24
1772906947.767215168,1,0,0.01
1772906948.788469713,0,0,1.24
1772906948.788469713,1,0,0.01
1772906949.809461716,0,0,1.24
1772906949.809461716,1,0,0.01
1772906950.829487140,0,0,1.24
1772906950.829487140,1,0,0.01
1772906951.850686761,0,0,1.24
1772906951.850686761,1,0,0.01
1772906952.871283152,0,0,1.24
1772906952.871283152,1,0,0.01
1772906953.893271065,0,0,1.24
1772906953.893271065,1,0,0.01
1772906954.914168001,0,0,1.24
1772906954.914168001,1,0,0.01
1772906955.934637695,0,0,1.24
1772906955.934637695,1,0,0.01
1772906956.956049940,0,0,1.24
1772906956.956049940,1,0,0.01
1772906957.978188919,0,0,1.24
1772906957.978188919,1,0,0.01
1772906958.999480818,0,0,1.24
1772906958.999480818,1,0,0.01
1772906960.020431277,0,0,1.24
1772906960.020431277,1,0,0.01
1772906961.041530186,0,0,1.24
1772906961.041530186,1,0,0.01
1772906962.061462434,0,0,1.24
1772906962.061462434,1,0,0.01
1772906963.082875422,0,0,1.24
1772906963.082875422,1,0,0.01
1772906964.104901148,0,0,1.24
1772906964.104901148,1,0,0.01
1772906965.125938448,0,0,1.24
1772906965.125938448,1,0,0.01
1772906966.146452709,0,0,1.24
1772906966.146452709,1,0,0.01
1772906967.168104826,0,0,1.24
1772906967.168104826,1,0,0.01
1772906968.189284667,0,0,1.24
1772906968.189284667,1,0,0.01
1772906969.209963930,0,0,1.24
1772906969.209963930,1,0,0.01
1772906970.230042777,0,0,1.24
1772906970.230042777,1,0,0.01
1772906971.250138895,0,0,1.24
1772906971.250138895,1,0,0.01
1772906972.270100813,0,0,1.24
1772906972.270100813,1,0,0.01
1772906973.293546717,0,0,1.24
1772906973.293546717,1,0,0.01
1772906974.315433902,0,0,1.24
1772906974.315433902,1,0,0.01
1772906975.336958337,0,0,1.24
1772906975.336958337,1,0,0.01
1772906976.358580922,0,0,1.24
1772906976.358580922,1,0,0.01
1772906977.379908454,0,0,1.24
1772906977.379908454,1,0,0.01
1772906978.401870497,0,0,1.24
1772906978.401870497,1,0,0.01
1772906979.422305982,0,0,1.24
1772906979.422305982,1,0,0.01
1772906980.443041047,0,0,1.24
1772906980.443041047,1,0,0.01
1772906981.464015815,0,0,1.24
1772906981.464015815,1,0,0.01
1772906982.484264779,0,0,1.24
1772906982.484264779,1,0,0.01
1772906983.505443080,0,0,1.24
1772906983.505443080,1,0,0.01
1772906984.526872162,0,0,1.24
1772906984.526872162,1,0,0.01
1772906985.549495267,0,0,1.24
1772906985.549495267,1,0,0.01
1772906986.570776241,0,0,1.24
1772906986.570776241,1,0,0.01
1772906987.593022311,0,0,1.24
1772906987.593022311,1,0,0.01
1772906988.613991024,0,0,1.24
1772906988.613991024,1,0,0.01
1772906989.634593531,0,0,1.24
1772906989.634593531,1,0,0.01
1772906990.655936313,0,0,1.24
1772906990.655936313,1,0,0.01
1772906991.677146052,0,0,1.24
1772906991.677146052,1,0,0.01
1772906992.698149720,0,0,1.24
1772906992.698149720,1,0,0.01
1772906993.719073031,0,0,1.24
1772906993.719073031,1,0,0.01
1772906994.740720827,0,0,1.24
1772906994.740720827,1,0,0.01
1772906995.762725262,0,0,1.24
1772906995.762725262,1,0,0.01
1772906996.783777678,0,0,1.24
1772906996.783777678,1,0,0.01
1772906997.805751190,0,0,1.24
1772906997.805751190,1,0,0.01
1772906998.826898049,0,0,1.24
1772906998.826898049,1,0,0.01
1772906999.848193632,0,0,1.24
1772906999.848193632,1,0,0.01
1772907000.868530846,0,0,1.24
1772907000.868530846,1,0,0.01
1772907001.888973671,0,0,1.24
1772907001.888973671,1,0,0.01
1772907002.910911462,0,0,1.24
1772907002.910911462,1,0,0.01
1772907003.933105777,0,0,1.24
1772907003.933105777,1,0,0.01
1772907004.954018855,0,0,1.24
1772907004.954018855,1,0,0.01
1772907005.974693879,0,0,1.24
1772907005.974693879,1,0,0.01
1772907006.996427948,0,0,1.24
1772907006.996427948,1,0,0.01
1772907008.017599569,0,0,1.24
1772907008.017599569,1,0,0.01
1772907009.039079090,0,0,1.24
1772907009.039079090,1,0,0.01
1772907010.060486756,0,2,1.24
1772907010.060486756,1,0,0.01
1772907011.080788510,0,65,1.24
1772907011.080788510,1,0,0.01
1772907012.102098999,0,65,1.24
1772907012.102098999,1,0,0.01
1772907013.122294198,0,0,1.24
1772907013.122294198,1,0,0.01
1772907014.143316595,0,0,1.24
1772907014.143316595,1,0,0.01
1772907015.164162131,0,0,1.24
1772907015.164162131,1,0,0.01
1772907016.185801591,0,0,1.24
1772907016.185801591,1,0,0.01
1772907017.207300046,0,0,1.24
1772907017.207300046,1,0,0.01
1772907018.228903458,0,0,1.24
1772907018.228903458,1,0,0.01
1772907019.250228746,0,0,1.24
1772907019.250228746,1,0,0.01
1772907020.271220346,0,0,1.24
1772907020.271220346,1,0,0.01
1772907021.292508410,0,0,1.24
1772907021.292508410,1,0,0.01
1772907022.314478960,0,0,1.24
1772907022.314478960,1,0,0.01
1772907023.336074715,0,0,1.24
1772907023.336074715,1,0,0.01
1772907024.355968056,0,0,1.24
1772907024.355968056,1,0,0.01
1772907025.377487167,0,0,1.24
1772907025.377487167,1,0,0.01
1772907026.399165645,0,0,1.24
1772907026.399165645,1,0,0.01
1772907027.420213357,0,0,1.24
1772907027.420213357,1,0,0.01
1772907028.440244391,0,0,1.24
1772907028.440244391,1,0,0.01
1772907029.461177373,0,0,1.24
1772907029.461177373,1,0,0.01
1772907030.482791822,0,0,1.24
1772907030.482791822,1,0,0.01
1772907031.503873406,0,0,1.24
1772907031.503873406,1,0,0.01
1772907032.525115982,0,0,1.24
1772907032.525115982,1,0,0.01
1772907033.546701265,0,0,1.24
1772907033.546701265,1,0,0.01
1772907034.568842131,0,0,1.24
1772907034.568842131,1,0,0.01
1772907035.589883161,0,0,1.24
1772907035.589883161,1,0,0.01
1772907036.609548984,0,0,1.24
1772907036.609548984,1,0,0.01
1772907037.629315539,0,0,1.24
1772907037.629315539,1,0,0.01
1772907038.650937425,0,0,1.24
1772907038.650937425,1,0,0.01
1772907039.671964980,0,0,1.24
1772907039.671964980,1,0,0.01
1772907040.693354388,0,0,1.24
1772907040.693354388,1,0,0.01
1772907041.714895674,0,0,1.24
1772907041.714895674,1,0,0.01
1772907042.735992799,0,0,1.24
1772907042.735992799,1,0,0.01
1772907043.758202345,0,0,1.24
1772907043.758202345,1,0,0.01
1772907044.780078966,0,0,1.24
1772907044.780078966,1,0,0.01
1772907045.801355884,0,0,1.24
1772907045.801355884,1,0,0.01
1772907046.822594944,0,0,1.24
1772907046.822594944,1,0,0.01
1772907047.844164299,0,0,1.24
1772907047.844164299,1,0,0.01
1772907048.865242122,0,0,1.24
1772907048.865242122,1,0,0.01
1772907049.886488298,0,0,1.24
1772907049.886488298,1,0,0.01
1772907050.907643629,0,0,1.24
1772907050.907643629,1,0,0.01
1772907051.927824649,0,0,1.24
1772907051.927824649,1,0,0.01
1772907052.949623732,0,0,1.24
1772907052.949623732,1,0,0.01
1772907053.970629369,0,0,1.24
1772907053.970629369,1,0,0.01
1772907054.992125320,0,0,1.24
1772907054.992125320,1,0,0.01
1772907056.013859221,0,0,1.24
1772907056.013859221,1,0,0.01
1772907057.034466291,0,0,1.24
1772907057.034466291,1,0,0.01
1772907058.055822101,0,0,1.24
1772907058.055822101,1,0,0.01
1772907059.077373558,0,0,1.24
1772907059.077373558,1,0,0.01
1772907060.099067012,0,0,1.24
1772907060.099067012,1,0,0.01
1772907061.121140976,0,0,1.24
1772907061.121140976,1,0,0.01
1772907062.143326148,0,0,1.24
1772907062.143326148,1,0,0.01
1772907063.165821460,0,0,1.24
1772907063.165821460,1,0,0.01
1772907064.186841558,0,0,1.24
1772907064.186841558,1,0,0.01
1772907065.208774255,0,0,1.24
1772907065.208774255,1,0,0.01
1772907066.230127287,0,0,1.24
1772907066.230127287,1,0,0.01
1772907067.251896351,0,0,1.24
1772907067.251896351,1,0,0.01
1772907068.273206243,0,0,1.24
1772907068.273206243,1,0,0.01
1772907069.294441710,0,0,1.24
1772907069.294441710,1,0,0.01
1772907070.316309989,0,0,1.24
1772907070.316309989,1,0,0.01
1772907071.336932574,0,0,1.24
1772907071.336932574,1,0,0.01
1772907072.359102929,0,0,1.24
1772907072.359102929,1,0,0.01
1772907073.380197914,0,0,1.24
1772907073.380197914,1,0,0.01
1772907074.400939761,0,0,1.24
1772907074.400939761,1,0,0.01
1772907075.420848906,0,0,1.24
1772907075.420848906,1,0,0.01
1772907076.443294865,0,0,1.24
1772907076.443294865,1,0,0.01
1772907077.464568013,0,0,1.24
1772907077.464568013,1,0,0.01
1772907078.485997234,0,0,1.24
1772907078.485997234,1,0,0.01
1772907079.507821330,0,0,1.24
1772907079.507821330,1,0,0.01
1772907080.529342104,0,0,1.24
1772907080.529342104,1,0,0.01
1772907081.550913106,0,0,1.24
1772907081.550913106,1,0,0.01
1772907082.572009863,0,0,1.24
1772907082.572009863,1,0,0.01
1772907083.593418348,0,0,1.24
1772907083.593418348,1,0,0.01
1772907084.615102566,0,0,1.24
1772907084.615102566,1,0,0.01
1772907085.635529951,0,0,1.24
1772907085.635529951,1,0,0.01
1772907086.657286644,0,0,1.24
1772907086.657286644,1,0,0.01
1772907087.677988188,0,0,1.24
1772907087.677988188,1,0,0.01
1772907088.700132073,0,0,1.24
1772907088.700132073,1,0,0.01
1772907089.723274751,0,0,1.24
1772907089.723274751,1,0,0.01
1772907090.744899399,0,0,1.24
1772907090.744899399,1,0,0.01
1772907091.766102245,0,0,1.24
1772907091.766102245,1,0,0.01
1772907092.787285784,0,0,1.24
1772907092.787285784,1,0,0.01
1772907093.807082769,0,0,1.24
1772907093.807082769,1,0,0.01
1772907094.826950138,0,0,1.24
1772907094.826950138,1,0,0.01
1772907095.848514561,0,0,1.24
1772907095.848514561,1,0,0.01
1772907096.869070239,0,0,1.24
1772907096.869070239,1,0,0.01
1772907097.890509724,0,0,1.24
1772907097.890509724,1,0,0.01
1772907098.911647882,0,0,1.24
1772907098.911647882,1,0,0.01
1772907099.932821165,0,1,1.24
1772907099.932821165,1,0,0.01
1772907100.952934365,0,58,1.24
1772907100.952934365,1,0,0.01
1772907101.973853029,0,26,1.24
1772907101.973853029,1,0,0.01
1772907102.994071866,0,0,1.24
1772907102.994071866,1,0,0.01
1772907104.015496328,0,0,1.24
1772907104.015496328,1,0,0.01
1772907105.036860583,0,0,1.24
1772907105.036860583,1,0,0.01
1772907106.058291383,0,0,1.24
1772907106.058291383,1,0,0.01
1772907107.080023649,0,0,1.24
1772907107.080023649,1,0,0.01
1772907108.102326505,0,0,1.24
1772907108.102326505,1,0,0.01
1772907109.123488300,0,0,1.24
1772907109.123488300,1,0,0.01
1772907110.144265503,0,0,1.24
1772907110.144265503,1,0,0.01
1772907111.166134216,0,0,1.24
1772907111.166134216,1,0,0.01
1772907112.187827613,0,0,1.24
1772907112.187827613,1,0,0.01
1772907113.207702900,0,0,1.24
1772907113.207702900,1,0,0.01
1772907114.228655410,0,0,1.24
1772907114.228655410,1,0,0.01
1772907115.250964606,0,0,1.24
1772907115.250964606,1,0,0.01
1772907116.271198707,0,0,1.24
1772907116.271198707,1,0,0.01
1772907117.292462693,0,0,1.24
1772907117.292462693,1,0,0.01
1772907118.313843453,0,0,1.24
1772907118.313843453,1,0,0.01
1772907119.335189258,0,0,1.24
1772907119.335189258,1,0,0.01
1772907120.357021891,0,0,1.24
1772907120.357021891,1,0,0.01
1772907121.378927801,0,0,1.24
1772907121.378927801,1,0,0.01
1772907122.401212042,0,0,1.24
1772907122.401212042,1,0,0.01
1772907123.423116986,0,0,1.24
1772907123.423116986,1,0,0.01
1772907124.444281004,0,0,1.24
1772907124.444281004,1,0,0.01
1772907125.464782726,0,0,1.24
1772907125.464782726,1,0,0.01
1772907126.486217286,0,0,1.24
1772907126.486217286,1,0,0.01
1772907127.508286374,0,0,1.24
1772907127.508286374,1,0,0.01
1772907128.528866550,0,0,1.24
1772907128.528866550,1,0,0.01
1772907129.550348019,0,0,1.24
1772907129.550348019,1,0,0.01
1772907130.571326826,0,0,1.24
1772907130.571326826,1,0,0.01
1772907131.593117217,0,0,1.24
1772907131.593117217,1,0,0.01
1772907132.614864608,0,0,1.24
1772907132.614864608,1,0,0.01
1772907133.636308140,0,0,1.24
1772907133.636308140,1,0,0.01
1772907134.656202481,0,0,1.24
1772907134.656202481,1,0,0.01
1772907135.677219399,0,0,1.24
1772907135.677219399,1,0,0.01
1772907136.698736348,0,0,1.24
1772907136.698736348,1,0,0.01
1772907137.720717121,0,0,1.24
1772907137.720717121,1,0,0.01
1772907138.741824822,0,0,1.24
1772907138.741824822,1,0,0.01
1772907139.764204633,0,0,1.24
1772907139.764204633,1,0,0.01
1772907140.784708655,0,0,1.24
1772907140.784708655,1,0,0.01
1772907141.805712278,0,0,1.24
1772907141.805712278,1,0,0.01
1772907142.825332152,0,0,1.24
1772907142.825332152,1,0,0.01
1772907143.846800738,0,0,1.24
1772907143.846800738,1,0,0.01
1772907144.868158941,0,0,1.24
1772907144.868158941,1,0,0.01
1772907145.889306088,0,0,1.24
1772907145.889306088,1,0,0.01
1772907146.908992166,0,0,1.24
1772907146.908992166,1,0,0.01
1772907147.929949609,0,0,1.24
1772907147.929949609,1,0,0.01
1772907148.951421505,0,0,1.24
1772907148.951421505,1,0,0.01
1772907149.973331265,0,0,1.24
1772907149.973331265,1,0,0.01
1772907150.995122509,0,0,1.24
1772907150.995122509,1,0,0.01
1772907152.017069573,0,0,1.24
1772907152.017069573,1,0,0.01
1772907153.038576295,0,0,1.24
1772907153.038576295,1,0,0.01
1772907154.059883494,0,0,1.24
1772907154.059883494,1,0,0.01
1772907155.081773160,0,0,1.24
1772907155.081773160,1,0,0.01
1772907156.103245385,0,0,1.24
1772907156.103245385,1,0,0.01
1772907157.125862317,0,0,1.24
1772907157.125862317,1,0,0.01
1772907158.147744191,0,0,1.24
1772907158.147744191,1,0,0.01
1772907159.168647496,0,0,1.24
1772907159.168647496,1,0,0.01
1772907160.189614046,0,0,1.24
1772907160.189614046,1,0,0.01
1772907161.211205251,0,0,1.24
1772907161.211205251,1,0,0.01
1772907162.232204052,0,0,1.24
1772907162.232204052,1,0,0.01
1772907163.257997712,0,0,1.24
1772907163.257997712,1,0,0.01
1772907164.278029819,0,0,1.24
1772907164.278029819,1,0,0.01
1772907165.301652905,0,0,1.24
1772907165.301652905,1,0,0.01
1772907166.323136964,0,0,1.24
1772907166.323136964,1,0,0.01
1772907167.344587166,0,0,1.24
1772907167.344587166,1,0,0.01
1772907168.365991596,0,0,1.24
1772907168.365991596,1,0,0.01
1772907169.387249980,0,0,1.24
1772907169.387249980,1,0,0.01
1772907170.407231327,0,0,1.24
1772907170.407231327,1,0,0.01
1772907171.428239917,0,0,1.24
1772907171.428239917,1,0,0.01
1772907172.450441529,0,0,1.24
1772907172.450441529,1,0,0.01
1772907173.472931909,0,0,1.24
1772907173.472931909,1,0,0.01
1772907174.495146636,0,0,1.24
1772907174.495146636,1,0,0.01
1772907175.516959208,0,0,1.24
1772907175.516959208,1,0,0.01
1772907176.539386319,0,0,1.24
1772907176.539386319,1,0,0.01
1772907177.560796951,0,0,1.24
1772907177.560796951,1,0,0.01
1772907178.582861699,0,0,1.24
1772907178.582861699,1,0,0.01
1772907179.604707764,0,0,1.24
1772907179.604707764,1,0,0.01
1772907180.626536931,0,0,1.24
1772907180.626536931,1,0,0.01
1772907181.648863524,0,0,1.24
1772907181.648863524,1,0,0.01
1772907182.670630719,0,0,1.24
1772907182.670630719,1,0,0.01
1772907183.691930632,0,0,1.24
1772907183.691930632,1,0,0.01
1772907184.713045443,0,0,1.24
1772907184.713045443,1,0,0.01
1772907185.732769838,0,0,1.24
1772907185.732769838,1,0,0.01
1772907186.752436403,0,0,1.24
1772907186.752436403,1,0,0.01
1772907187.772445916,0,0,1.24
1772907187.772445916,1,0,0.01
1772907188.793806857,0,0,1.24
1772907188.793806857,1,0,0.01
1772907189.814624205,0,0,1.24
1772907189.814624205,1,0,0.01
1772907190.834555157,0,0,1.24
1772907190.834555157,1,0,0.01
1772907191.854073164,0,0,1.24
1772907191.854073164,1,0,0.01
1772907192.874843310,0,0,1.24
1772907192.874843310,1,0,0.01
1772907193.895915435,0,0,1.24
1772907193.895915435,1,0,0.01
1772907194.916924255,0,0,1.24
1772907194.916924255,1,0,0.01
1772907195.938107029,0,0,1.24
1772907195.938107029,1,0,0.01
1772907196.957929299,0,0,1.24
1772907196.957929299,1,0,0.01
1772907197.979923940,0,0,1.24
1772907197.979923940,1,0,0.01
1772907199.000731313,0,0,1.24
1772907199.000731313,1,0,0.01
1772907200.022643282,0,0,1.24
1772907200.022643282,1,0,0.01
1772907201.044948357,0,0,1.24
1772907201.044948357,1,0,0.01
1772907202.066459999,0,0,1.24
1772907202.066459999,1,0,0.01
1772907203.088125474,0,0,1.24
1772907203.088125474,1,0,0.01
1772907204.109877492,0,0,1.24
1772907204.109877492,1,0,0.01
1772907205.131532953,0,0,1.24
1772907205.131532953,1,0,0.01
1772907206.152450205,0,0,1.24
1772907206.152450205,1,0,0.01
1772907207.173648795,0,0,1.24
1772907207.173648795,1,0,0.01
1772907208.194965470,0,0,1.24
1772907208.194965470,1,0,0.01
1772907209.216141143,0,0,1.24
1772907209.216141143,1,0,0.01
1772907210.237877775,0,0,1.24
1772907210.237877775,1,0,0.01
1772907211.259101946,0,0,1.24
1772907211.259101946,1,0,0.01
1772907212.280763753,0,0,1.24
1772907212.280763753,1,0,0.01
1772907213.302901871,0,0,1.24
1772907213.302901871,1,0,0.01
1772907214.324340817,0,0,1.24
1772907214.324340817,1,0,0.01
1772907215.345809701,0,0,1.24
1772907215.345809701,1,0,0.01
1772907216.366926604,0,0,1.24
1772907216.366926604,1,0,0.01
1772907217.388128265,0,0,1.24
1772907217.388128265,1,0,0.01
1772907218.408362073,0,0,1.24
1772907218.408362073,1,0,0.01
1772907219.429224685,0,0,1.24
1772907219.429224685,1,0,0.01
1772907220.450706299,0,0,1.24
1772907220.450706299,1,0,0.01
1772907221.472122175,0,0,1.24
1772907221.472122175,1,0,0.01
1772907222.491998328,0,0,1.24
1772907222.491998328,1,0,0.01
1772907223.512686122,0,0,1.24
1772907223.512686122,1,0,0.01
1772907224.532144990,0,0,1.24
1772907224.532144990,1,0,0.01
1772907225.553499029,0,0,1.24
1772907225.553499029,1,0,0.01
1772907226.574721392,0,0,1.24
1772907226.574721392,1,0,0.01
1772907227.596063844,0,0,1.24
1772907227.596063844,1,0,0.01
1772907228.617171374,0,0,1.24
1772907228.617171374,1,0,0.01
1772907229.639277013,0,0,1.24
1772907229.639277013,1,0,0.01
1772907230.660878633,0,0,1.24
1772907230.660878633,1,0,0.01
1772907231.682300744,0,0,1.24
1772907231.682300744,1,0,0.01
1772907232.703867866,0,0,1.24
1772907232.703867866,1,0,0.01
1772907233.725828507,0,0,1.24
1772907233.725828507,1,0,0.01
1772907234.747820908,0,0,1.24
1772907234.747820908,1,0,0.01
1772907235.768918535,0,0,1.24
1772907235.768918535,1,0,0.01
1772907236.790900555,0,0,1.24
1772907236.790900555,1,0,0.01
1772907237.812175303,0,0,1.24
1772907237.812175303,1,0,0.01
1772907238.834705776,0,0,1.24
1772907238.834705776,1,0,0.01
1772907239.854632593,0,0,1.24
1772907239.854632593,1,0,0.01
1772907240.876142235,0,0,1.24
1772907240.876142235,1,0,0.01
1772907241.897294395,0,0,1.24
1772907241.897294395,1,0,0.01
1772907242.919221207,0,0,1.24
1772907242.919221207,1,0,0.01
1772907243.939721950,0,0,1.24
1772907243.939721950,1,0,0.01
1772907244.961690590,0,0,1.24
1772907244.961690590,1,0,0.01
1772907245.982036745,0,0,1.24
1772907245.982036745,1,0,0.01
1772907247.004128708,0,0,1.24
1772907247.004128708,1,0,0.01
1772907248.026279468,0,0,1.24
1772907248.026279468,1,0,0.01
1772907249.048315394,0,0,1.24
1772907249.048315394,1,0,0.01
1772907250.069872599,0,0,1.24
1772907250.069872599,1,0,0.01
1772907251.091690400,0,0,1.24
1772907251.091690400,1,0,0.01
1772907252.112867016,0,0,1.24
1772907252.112867016,1,0,0.01
1772907253.134963339,0,0,1.24
1772907253.134963339,1,0,0.01
1772907254.155451873,0,0,1.24
1772907254.155451873,1,0,0.01
1772907255.175860396,0,0,1.24
1772907255.175860396,1,0,0.01
1772907256.197014702,0,0,1.24
1772907256.197014702,1,0,0.01
1772907257.216585211,0,0,1.24
1772907257.216585211,1,0,0.01
1772907258.238489915,0,0,1.24
1772907258.238489915,1,0,0.01
1772907259.259511727,0,0,1.24
1772907259.259511727,1,0,0.01
1772907260.279902777,0,0,1.24
1772907260.279902777,1,0,0.01
1772907261.302161850,0,0,1.24
1772907261.302161850,1,0,0.01
1772907262.323343343,0,0,1.24
1772907262.323343343,1,0,0.01
1772907263.344427336,0,0,1.24
1772907263.344427336,1,0,0.01
1772907264.366433048,0,0,1.24
1772907264.366433048,1,0,0.01
1772907265.388089714,0,0,1.24
1772907265.388089714,1,0,0.01
1772907266.409428919,0,0,1.24
1772907266.409428919,1,0,0.01
1772907267.430912563,0,0,1.24
1772907267.430912563,1,0,0.01
1772907268.452808170,0,0,1.24
1772907268.452808170,1,0,0.01
1772907269.474569063,0,0,1.24
1772907269.474569063,1,0,0.01
1772907270.496578106,0,0,1.24
1772907270.496578106,1,0,0.01
1772907271.519127604,0,0,1.24
1772907271.519127604,1,0,0.01
1772907272.540164135,0,0,1.24
1772907272.540164135,1,0,0.01
1772907273.562084441,0,0,1.24
1772907273.562084441,1,0,0.01
1772907274.583757360,0,0,1.24
1772907274.583757360,1,0,0.01
1772907275.603677540,0,0,1.24
1772907275.603677540,1,0,0.01
1772907276.625158683,0,0,1.24
1772907276.625158683,1,0,0.01
1772907277.646839384,0,0,1.24
1772907277.646839384,1,0,0.01
1772907278.666734731,0,0,1.24
1772907278.666734731,1,0,0.01
1772907279.687948471,0,0,1.24
1772907279.687948471,1,0,0.01
1772907280.708937154,0,0,1.24
1772907280.708937154,1,0,0.01
1772907281.729993249,0,0,1.24
1772907281.729993249,1,0,0.01
1772907282.751341413,0,0,1.24
1772907282.751341413,1,0,0.01
1772907283.772177143,0,0,1.24
1772907283.772177143,1,0,0.01
1772907284.793390730,0,0,1.24
1772907284.793390730,1,0,0.01
1772907285.814655216,0,0,1.24
1772907285.814655216,1,0,0.01
1772907286.836164426,0,0,1.24
1772907286.836164426,1,0,0.01
1772907287.857080494,0,0,1.24
1772907287.857080494,1,0,0.01
1772907288.878479973,0,0,1.24
1772907288.878479973,1,0,0.01
1772907289.899418752,0,0,1.24
1772907289.899418752,1,0,0.01
1772907290.920014540,0,0,1.24
1772907290.920014540,1,0,0.01
1772907291.941466324,0,0,1.24
1772907291.941466324,1,0,0.01
1772907292.963079805,0,0,1.24
1772907292.963079805,1,0,0.01
1772907293.984886181,0,0,1.24
1772907293.984886181,1,0,0.01
1772907295.006189656,0,0,1.24
1772907295.006189656,1,0,0.01
1772907296.029096734,0,0,1.24
1772907296.029096734,1,0,0.01
1772907297.050580697,0,0,1.24
1772907297.050580697,1,0,0.01
1772907298.072287281,0,0,1.24
1772907298.072287281,1,0,0.01
1772907299.093064418,0,0,1.24
1772907299.093064418,1,0,0.01
1772907300.115219037,0,0,1.24
1772907300.115219037,1,0,0.01
1772907301.137849765,0,0,1.24
1772907301.137849765,1,0,0.01
1772907302.159868778,0,0,1.24
1772907302.159868778,1,0,0.01
1772907303.181301622,0,0,1.24
1772907303.181301622,1,0,0.01
1772907304.203270610,0,0,1.24
1772907304.203270610,1,0,0.01
1772907305.222898873,0,0,1.24
1772907305.222898873,1,0,0.01
1772907306.242651948,0,0,1.24
1772907306.242651948,1,0,0.01
1772907307.264168164,0,0,1.24
1772907307.264168164,1,0,0.01
1772907308.285391076,0,0,1.24
1772907308.285391076,1,0,0.01
1772907309.306558121,0,0,1.24
1772907309.306558121,1,0,0.01
1772907310.328169898,0,0,1.24
1772907310.328169898,1,0,0.01
1772907311.349314329,0,0,1.24
1772907311.349314329,1,0,0.01
1772907312.371060684,0,0,1.24
1772907312.371060684,1,0,0.01
1772907313.392196568,0,0,1.24
1772907313.392196568,1,0,0.01
1772907314.411825095,0,0,1.24
1772907314.411825095,1,0,0.01
1772907315.433306935,0,0,1.24
1772907315.433306935,1,0,0.01
1772907316.455296869,0,0,1.24
1772907316.455296869,1,0,0.01
1772907317.477069431,0,0,1.24
1772907317.477069431,1,0,0.01
1772907318.498425430,0,0,1.24
1772907318.498425430,1,0,0.01
1772907319.519703824,0,0,1.24
1772907319.519703824,1,0,0.01
1772907320.540866937,0,0,1.24
1772907320.540866937,1,0,0.01
1772907321.562298495,0,0,1.24
1772907321.562298495,1,0,0.01
1772907322.583363229,0,0,1.24
1772907322.583363229,1,0,0.01
1772907323.603729351,0,0,1.24
1772907323.603729351,1,0,0.01
1772907324.625450253,0,0,1.24
1772907324.625450253,1,0,0.01
1772907325.645206670,0,0,1.24
1772907325.645206670,1,0,0.01
1772907326.666311812,0,0,1.24
1772907326.666311812,1,0,0.01
1772907327.688288906,0,0,1.24
1772907327.688288906,1,0,0.01
1772907328.708697156,0,0,1.24
1772907328.708697156,1,0,0.01
1772907329.728786898,0,0,1.24
1772907329.728786898,1,0,0.01
1772907330.750315650,0,0,1.24
1772907330.750315650,1,0,0.01
1772907331.771813785,0,61,1.24
1772907331.771813785,1,0,0.01
1772907332.793123981,0,66,1.24
1772907332.793123981,1,0,0.01
1772907333.814592590,0,0,1.24
1772907333.814592590,1,0,0.01
1772907334.836687067,0,0,1.24
1772907334.836687067,1,0,0.01
1772907335.858151557,0,0,1.24
1772907335.858151557,1,0,0.01
1772907336.878447664,0,0,1.24
1772907336.878447664,1,0,0.01
1772907337.899854764,0,0,1.24
1772907337.899854764,1,0,0.01
1772907338.921143190,0,0,1.24
1772907338.921143190,1,0,0.01
1772907339.942862398,0,0,1.24
1772907339.942862398,1,0,0.01
1772907340.965767249,0,0,1.24
1772907340.965767249,1,0,0.01
1772907341.986776351,0,0,1.24
1772907341.986776351,1,0,0.01
1772907343.007826018,0,0,1.24
1772907343.007826018,1,0,0.01
1772907344.029177442,0,0,1.24
1772907344.029177442,1,0,0.01
1772907345.051063566,0,0,1.24
1772907345.051063566,1,0,0.01
1772907346.072426487,0,0,1.24
1772907346.072426487,1,0,0.01
1772907347.093317044,0,0,1.24
1772907347.093317044,1,0,0.01
1772907348.113317707,0,0,1.24
1772907348.113317707,1,0,0.01
1772907349.135567753,0,0,1.24
1772907349.135567753,1,0,0.01
1772907350.156880373,0,0,1.24
1772907350.156880373,1,0,0.01
1772907351.178920347,0,0,1.24
1772907351.178920347,1,0,0.01
1772907352.200565470,0,0,1.24
1772907352.200565470,1,0,0.01
1772907353.220445658,0,0,1.24
1772907353.220445658,1,0,0.01
1772907354.241520415,0,0,1.24
1772907354.241520415,1,0,0.01
1772907355.261423241,0,0,1.24
1772907355.261423241,1,0,0.01
1772907356.282229400,0,0,1.24
1772907356.282229400,1,0,0.01
1772907357.301930070,0,0,1.24
1772907357.301930070,1,0,0.01
1772907358.322110015,0,0,1.24
1772907358.322110015,1,0,0.01
1772907359.343360363,0,0,1.24
1772907359.343360363,1,0,0.01
1772907360.364625481,0,0,1.24
1772907360.364625481,1,0,0.01
1772907361.386610324,0,0,1.24
1772907361.386610324,1,0,0.01
1772907362.407967414,0,0,1.24
1772907362.407967414,1,0,0.01
1772907363.427963814,0,0,1.24
1772907363.427963814,1,0,0.01
1772907364.449874114,0,0,1.24
1772907364.449874114,1,0,0.01
1772907365.470953584,0,0,1.24
1772907365.470953584,1,0,0.01
1772907366.492113957,0,0,1.24
1772907366.492113957,1,0,0.01
1772907367.514294637,0,0,1.24
1772907367.514294637,1,0,0.01
1772907368.535902655,0,0,1.24
1772907368.535902655,1,0,0.01
1772907369.555249219,0,0,1.24
1772907369.555249219,1,0,0.01
1772907370.576018833,0,0,1.24
1772907370.576018833,1,0,0.01
1772907371.596171555,0,0,1.24
1772907371.596171555,1,0,0.01
1772907372.616449426,0,0,1.24
1772907372.616449426,1,0,0.01
1772907373.638119731,0,0,1.24
1772907373.638119731,1,0,0.01
1772907374.658702739,0,0,1.24
1772907374.658702739,1,0,0.01
1772907375.679767626,0,0,1.24
1772907375.679767626,1,0,0.01
1772907376.702092197,0,0,1.24
1772907376.702092197,1,0,0.01
1772907377.723110847,0,0,1.24
1772907377.723110847,1,0,0.01
1772907378.743107424,0,0,1.24
1772907378.743107424,1,0,0.01
1772907379.764306571,0,0,1.24
1772907379.764306571,1,0,0.01
1772907380.785705154,0,0,1.24
1772907380.785705154,1,0,0.01
1772907381.806271823,0,0,1.24
1772907381.806271823,1,0,0.01
1772907382.828048459,0,0,1.24
1772907382.828048459,1,0,0.01
1772907383.849792796,0,0,1.24
1772907383.849792796,1,0,0.01
1772907384.872046515,0,0,1.24
1772907384.872046515,1,0,0.01
1772907385.893488433,0,0,1.24
1772907385.893488433,1,0,0.01
1772907386.914916737,0,0,1.24
1772907386.914916737,1,0,0.01
1772907387.937300064,0,0,1.24
1772907387.937300064,1,0,0.01
1772907388.959204750,0,0,1.24
1772907388.959204750,1,0,0.01
1772907389.981283207,0,0,1.24
1772907389.981283207,1,0,0.01
1772907391.002326750,0,0,1.24
1772907391.002326750,1,0,0.01
1772907392.022549742,0,0,1.24
1772907392.022549742,1,0,0.01
1772907393.043879645,0,0,1.24
1772907393.043879645,1,0,0.01
1772907394.065558879,0,0,1.24
1772907394.065558879,1,0,0.01
1772907395.086805357,0,0,1.24
1772907395.086805357,1,0,0.01
1772907396.107583348,0,0,1.24
1772907396.107583348,1,0,0.01
1772907397.128772272,0,0,1.24
1772907397.128772272,1,0,0.01
1772907398.149429488,0,0,1.24
1772907398.149429488,1,0,0.01
1772907399.169220448,0,0,1.24
1772907399.169220448,1,0,0.01
1772907400.191188873,0,0,1.24
1772907400.191188873,1,0,0.01
1772907401.212942968,0,0,1.24
1772907401.212942968,1,0,0.01
1772907402.235157767,0,0,1.24
1772907402.235157767,1,0,0.01
1772907403.256939616,0,0,1.24
1772907403.256939616,1,0,0.01
1772907404.279012003,0,0,1.24
1772907404.279012003,1,0,0.01
1772907405.300068824,0,0,1.24
1772907405.300068824,1,0,0.01
1772907406.319658659,0,0,1.24
1772907406.319658659,1,0,0.01
1772907407.341790461,0,0,1.24
1772907407.341790461,1,0,0.01
1772907408.362807328,0,0,1.24
1772907408.362807328,1,0,0.01
1772907409.383845888,0,0,1.24
1772907409.383845888,1,0,0.01
1772907410.405934806,0,0,1.24
1772907410.405934806,1,0,0.01
1772907411.428619310,0,0,1.24
1772907411.428619310,1,0,0.01
1772907412.449309058,0,0,1.24
1772907412.449309058,1,0,0.01
1772907413.470728320,0,0,1.24
1772907413.470728320,1,0,0.01
1772907414.491576565,0,0,1.24
1772907414.491576565,1,0,0.01
1772907415.512966418,0,0,1.24
1772907415.512966418,1,0,0.01
1772907416.534485314,0,0,1.24
1772907416.534485314,1,0,0.01
1772907417.555589398,0,0,1.24
1772907417.555589398,1,0,0.01
1772907418.577118353,0,0,1.24
1772907418.577118353,1,0,0.01
1772907419.598394260,0,0,1.24
1772907419.598394260,1,0,0.01
1772907420.619746688,0,0,1.24
1772907420.619746688,1,0,0.01
1772907421.641409198,0,0,1.24
1772907421.641409198,1,0,0.01
1772907422.662763113,0,0,1.24
1772907422.662763113,1,0,0.01
1772907423.683756527,0,0,1.24
1772907423.683756527,1,0,0.01
1772907424.704884467,0,0,1.24
1772907424.704884467,1,0,0.01
1772907425.726588344,0,0,1.24
1772907425.726588344,1,0,0.01
1772907426.746734266,0,0,1.24
1772907426.746734266,1,0,0.01
1772907427.768650012,0,0,1.24
1772907427.768650012,1,0,0.01
1772907428.788441306,0,0,1.24
1772907428.788441306,1,0,0.01
1772907429.808307584,0,0,1.24
1772907429.808307584,1,0,0.01
1772907430.829297740,0,0,1.24
1772907430.829297740,1,0,0.01
1772907431.850972850,0,0,1.24
1772907431.850972850,1,0,0.01
1772907432.872965836,0,0,1.24
1772907432.872965836,1,0,0.01
1772907433.893988756,0,0,1.24
1772907433.893988756,1,0,0.01
1772907434.914985536,0,0,1.24
1772907434.914985536,1,0,0.01
1772907435.934822988,0,0,1.24
1772907435.934822988,1,0,0.01
1772907436.956206921,0,0,1.24
1772907436.956206921,1,0,0.01
1772907437.978820947,0,0,1.24
1772907437.978820947,1,0,0.01
1772907439.000882665,0,0,1.24
1772907439.000882665,1,0,0.01
1772907440.022063873,0,0,1.24
1772907440.022063873,1,0,0.01
1772907441.041877687,0,0,1.24
1772907441.041877687,1,0,0.01
1772907442.063552274,0,0,1.24
1772907442.063552274,1,0,0.01
1772907443.085014579,0,0,1.24
1772907443.085014579,1,0,0.01
1772907444.106370234,0,0,1.24
1772907444.106370234,1,0,0.01
1772907445.126144011,0,0,1.24
1772907445.126144011,1,0,0.01
1772907446.146882383,0,0,1.24
1772907446.146882383,1,0,0.01
1772907447.167521750,0,0,1.24
1772907447.167521750,1,0,0.01
1772907448.189490171,0,0,1.24
1772907448.189490171,1,0,0.01
1772907449.210607572,0,0,1.24
1772907449.210607572,1,0,0.01
1772907450.231879674,0,0,1.24
1772907450.231879674,1,0,0.01
1772907451.253441635,0,0,1.24
1772907451.253441635,1,0,0.01
1772907452.275141158,0,0,1.24
1772907452.275141158,1,0,0.01
1772907453.296600215,0,0,1.24
1772907453.296600215,1,0,0.01
1772907454.317423870,0,0,1.24
1772907454.317423870,1,0,0.01
1772907455.339493572,0,0,1.24
1772907455.339493572,1,0,0.01
1772907456.361409063,0,0,1.24
1772907456.361409063,1,0,0.01
1772907457.382550537,0,0,1.24
1772907457.382550537,1,0,0.01
1772907458.403521965,0,0,1.24
1772907458.403521965,1,0,0.01
1772907459.424929942,0,0,1.24
1772907459.424929942,1,0,0.01
1772907460.445910450,0,0,1.24
1772907460.445910450,1,0,0.01
1772907461.467482356,0,0,1.24
1772907461.467482356,1,0,0.01
1772907462.488822242,0,0,1.24
1772907462.488822242,1,0,0.01
1772907463.510047006,0,0,1.24
1772907463.510047006,1,0,0.01
1772907464.531846904,0,0,1.24
1772907464.531846904,1,0,0.01
1772907465.554088896,0,0,1.24
1772907465.554088896,1,0,0.01
1772907466.575300443,0,0,1.24
1772907466.575300443,1,0,0.01
1772907467.597502640,0,0,1.24
1772907467.597502640,1,0,0.01
1772907468.617996181,0,0,1.24
1772907468.617996181,1,0,0.01
1772907469.638109833,0,0,1.24
1772907469.638109833,1,0,0.01
1772907470.660454455,0,0,1.24
1772907470.660454455,1,0,0.01
1772907471.681515146,0,0,1.24
1772907471.681515146,1,0,0.01
1772907472.703955936,0,0,1.24
1772907472.703955936,1,0,0.01
1772907473.725248471,0,0,1.24
1772907473.725248471,1,0,0.01
1772907474.747125540,0,0,1.24
1772907474.747125540,1,0,0.01
1772907475.768278770,0,0,1.24
1772907475.768278770,1,0,0.01
1772907476.789549905,0,0,1.24
1772907476.789549905,1,0,0.01
1772907477.810868869,0,0,1.24
1772907477.810868869,1,0,0.01
1772907478.831908302,0,0,1.24
1772907478.831908302,1,0,0.01
1772907479.853782416,0,0,1.24
1772907479.853782416,1,0,0.01
1772907480.875260546,0,0,1.24
1772907480.875260546,1,0,0.01
1772907481.896618117,0,0,1.24
1772907481.896618117,1,0,0.01
1772907482.918522201,0,0,1.24
1772907482.918522201,1,0,0.01
1772907483.940243625,0,0,1.24
1772907483.940243625,1,0,0.01
1772907484.960172364,0,0,1.24
1772907484.960172364,1,0,0.01
1772907485.981758610,0,0,1.24
1772907485.981758610,1,0,0.01
1772907487.003219075,0,0,1.24
1772907487.003219075,1,0,0.01
1772907488.024581448,0,0,1.24
1772907488.024581448,1,0,0.01
1772907489.046155800,0,0,1.24
1772907489.046155800,1,0,0.01
1772907490.067424950,0,0,1.24
1772907490.067424950,1,0,0.01
1772907491.089742543,0,0,1.24
1772907491.089742543,1,0,0.01
1772907492.109799503,0,0,1.24
1772907492.109799503,1,0,0.01
1772907493.131190214,0,0,1.24
1772907493.131190214,1,0,0.01
1772907494.152200088,0,0,1.24
1772907494.152200088,1,0,0.01
1772907495.171724284,0,0,1.24
1772907495.171724284,1,0,0.01
1772907496.193082143,0,0,1.24
1772907496.193082143,1,0,0.01
1772907497.214845221,0,0,1.24
1772907497.214845221,1,0,0.01
1772907498.234923942,0,0,1.24
1772907498.234923942,1,0,0.01
1772907499.256190951,0,0,1.24
1772907499.256190951,1,0,0.01
1772907500.278618524,0,0,1.24
1772907500.278618524,1,0,0.01
1772907501.300152410,0,0,1.24
1772907501.300152410,1,0,0.01
1772907502.320128087,0,0,1.24
1772907502.320128087,1,0,0.01
1772907503.341306250,0,0,1.24
1772907503.341306250,1,0,0.01
1772907504.363410883,0,0,1.24
1772907504.363410883,1,0,0.01
1772907505.384829760,0,0,1.24
1772907505.384829760,1,0,0.01
1772907506.406186643,0,0,1.24
1772907506.406186643,1,0,0.01
1772907507.428055957,0,0,1.24
1772907507.428055957,1,0,0.01
1772907508.448581778,0,0,1.24
1772907508.448581778,1,0,0.01
1772907509.470271488,0,0,1.24
1772907509.470271488,1,0,0.01
1772907510.491583271,0,0,1.24
1772907510.491583271,1,0,0.01
1772907511.513175041,0,0,1.24
1772907511.513175041,1,0,0.01
1772907512.534179781,0,0,1.24
1772907512.534179781,1,0,0.01
1772907513.555743834,0,0,1.24
1772907513.555743834,1,0,0.01
1772907514.576527506,0,0,1.24
1772907514.576527506,1,0,0.01
1772907515.596820025,0,0,1.24
1772907515.596820025,1,0,0.01
1772907516.618607805,0,0,1.24
1772907516.618607805,1,0,0.01
1772907517.640371760,0,0,1.24
1772907517.640371760,1,0,0.01
1772907518.661360310,0,0,1.24
1772907518.661360310,1,0,0.01
1772907519.682472290,0,0,1.24
1772907519.682472290,1,0,0.01
1772907520.703082064,0,69,1.24
1772907520.703082064,1,0,0.01
1772907521.724426554,0,54,1.24
1772907521.724426554,1,0,0.01
1772907522.745412790,0,0,1.24
1772907522.745412790,1,0,0.01
1772907523.767239994,0,0,1.24
1772907523.767239994,1,0,0.01
1772907524.787484684,0,0,1.24
1772907524.787484684,1,0,0.01
1772907525.808813539,0,0,1.24
1772907525.808813539,1,0,0.01
1772907526.830184349,0,0,1.24
1772907526.830184349,1,0,0.01
1772907527.851290910,0,0,1.24
1772907527.851290910,1,0,0.01
1772907528.872974339,0,0,1.24
1772907528.872974339,1,0,0.01
1772907529.894298195,0,0,1.24
1772907529.894298195,1,0,0.01
1772907530.915078417,0,0,1.24
1772907530.915078417,1,0,0.01
1772907531.935633023,0,0,1.24
1772907531.935633023,1,0,0.01
1772907532.955604017,0,0,1.24
1772907532.955604017,1,0,0.01
1772907533.975818580,0,0,1.24
1772907533.975818580,1,0,0.01
1772907534.999512444,0,0,1.24
1772907534.999512444,1,0,0.01
1772907536.019249386,0,0,1.24
1772907536.019249386,1,0,0.01
1772907537.040609107,0,0,1.24
1772907537.040609107,1,0,0.01
1772907538.062321111,0,0,1.24
1772907538.062321111,1,0,0.01
1772907539.084188245,0,0,1.24
1772907539.084188245,1,0,0.01
1772907540.105578649,0,0,1.24
1772907540.105578649,1,0,0.01
1772907541.126946601,0,0,1.24
1772907541.126946601,1,0,0.01
1772907542.148688567,0,0,1.24
1772907542.148688567,1,0,0.01
1772907543.170419073,0,0,1.24
1772907543.170419073,1,0,0.01
1772907544.191481014,0,0,1.24
1772907544.191481014,1,0,0.01
1772907545.213850821,0,0,1.24
1772907545.213850821,1,0,0.01
1772907546.235033827,0,0,1.24
1772907546.235033827,1,0,0.01
1772907547.255158578,0,0,1.24
1772907547.255158578,1,0,0.01
1772907548.276301727,0,0,1.24
1772907548.276301727,1,0,0.01
1772907549.296987925,0,0,1.24
1772907549.296987925,1,0,0.01
1772907550.319018939,0,0,1.24
1772907550.319018939,1,0,0.01
1772907551.340477522,0,0,1.24
1772907551.340477522,1,0,0.01
1772907552.362332541,0,0,1.24
1772907552.362332541,1,0,0.01
1772907553.382055455,0,0,1.24
1772907553.382055455,1,0,0.01
1772907554.402616058,0,0,1.24
1772907554.402616058,1,0,0.01
1772907555.422702221,0,0,1.24
1772907555.422702221,1,0,0.01
1772907556.444075044,0,0,1.24
1772907556.444075044,1,0,0.01
1772907557.465975594,0,0,1.24
1772907557.465975594,1,0,0.01
1772907558.487130803,0,0,1.24
1772907558.487130803,1,0,0.01
1772907559.508964651,0,0,1.24
1772907559.508964651,1,0,0.01
1772907560.529898392,0,0,1.24
1772907560.529898392,1,0,0.01
1772907561.551180833,0,0,1.24
1772907561.551180833,1,0,0.01
1772907562.572500776,0,0,1.24
1772907562.572500776,1,0,0.01
1772907563.594108841,0,0,1.24
1772907563.594108841,1,0,0.01
1772907564.615499498,0,0,1.24
1772907564.615499498,1,0,0.01
1772907565.637870534,0,0,1.24
1772907565.637870534,1,0,0.01
1772907566.658813605,0,0,1.24
1772907566.658813605,1,0,0.01
1772907567.680167651,0,0,1.24
1772907567.680167651,1,0,0.01
1772907568.702140801,0,0,1.24
1772907568.702140801,1,0,0.01
1772907569.723132674,0,0,1.24
1772907569.723132674,1,0,0.01
1772907570.744550360,0,0,1.24
1772907570.744550360,1,0,0.01
1772907571.766644136,0,0,1.24
1772907571.766644136,1,0,0.01
1772907572.788504107,0,0,1.24
1772907572.788504107,1,0,0.01
1772907573.810724988,0,0,1.24
1772907573.810724988,1,0,0.01
1772907574.832035433,0,0,1.24
1772907574.832035433,1,0,0.01
1772907575.853130920,0,0,1.24
1772907575.853130920,1,0,0.01
1772907576.873924108,0,0,1.24
1772907576.873924108,1,0,0.01
1772907577.894084126,0,0,1.24
1772907577.894084126,1,0,0.01
1772907578.916079602,0,0,1.24
1772907578.916079602,1,0,0.01
1772907579.936984081,0,0,1.24
1772907579.936984081,1,0,0.01
1772907580.957186783,0,0,1.24
1772907580.957186783,1,0,0.01
1772907581.979083887,0,0,1.24
1772907581.979083887,1,0,0.01
1772907582.998865731,0,0,1.24
1772907582.998865731,1,0,0.01
1772907584.020162221,0,0,1.24
1772907584.020162221,1,0,0.01
1772907585.040796342,0,0,1.24
1772907585.040796342,1,0,0.01
1772907586.061552069,0,0,1.24
1772907586.061552069,1,0,0.01
1772907587.083842002,0,0,1.24
1772907587.083842002,1,0,0.01
1772907588.105839258,0,0,1.24
1772907588.105839258,1,0,0.01
1772907589.128161150,0,0,1.24
1772907589.128161150,1,0,0.01
1772907590.149061091,0,0,1.24
1772907590.149061091,1,0,0.01
1772907591.170419604,0,71,1.24
1772907591.170419604,1,0,0.01
1772907592.191002891,0,70,1.24
1772907592.191002891,1,0,0.01
1772907593.210869556,0,0,1.24
1772907593.210869556,1,0,0.01
1772907594.232618508,0,0,1.24
1772907594.232618508,1,0,0.01
1772907595.253719293,0,0,1.24
1772907595.253719293,1,0,0.01
1772907596.275206565,0,0,1.24
1772907596.275206565,1,0,0.01
1772907597.297475840,0,0,1.24
1772907597.297475840,1,0,0.01
1772907598.318677740,0,0,1.24
1772907598.318677740,1,0,0.01
1772907599.340248284,0,0,1.24
1772907599.340248284,1,0,0.01
1772907600.362688493,0,0,1.24
1772907600.362688493,1,0,0.01
1772907601.384198747,0,0,1.24
1772907601.384198747,1,0,0.01
1772907602.406322333,0,0,1.24
1772907602.406322333,1,0,0.01
1772907603.428022005,0,0,1.24
1772907603.428022005,1,0,0.01
1772907604.450134925,0,0,1.24
1772907604.450134925,1,0,0.01
1772907605.472424865,0,0,1.24
1772907605.472424865,1,0,0.01
1772907606.492852403,0,0,1.24
1772907606.492852403,1,0,0.01
1772907607.513918951,0,0,1.24
1772907607.513918951,1,0,0.01
1772907608.535885792,0,0,1.24
1772907608.535885792,1,0,0.01
1772907609.557011818,0,0,1.24
1772907609.557011818,1,0,0.01
1772907610.577319627,0,0,1.24
1772907610.577319627,1,0,0.01
1772907611.598963070,0,0,1.24
1772907611.598963070,1,0,0.01
1772907612.619764398,0,0,1.24
1772907612.619764398,1,0,0.01
1772907613.641255904,0,0,1.24
1772907613.641255904,1,0,0.01
1772907614.663165809,0,0,1.24
1772907614.663165809,1,0,0.01
1772907615.684323440,0,0,1.24
1772907615.684323440,1,0,0.01
1772907616.705946820,0,0,1.24
1772907616.705946820,1,0,0.01
1772907617.727954234,0,0,1.24
1772907617.727954234,1,0,0.01
1772907618.749946267,0,0,1.24
1772907618.749946267,1,0,0.01
1772907619.771175393,0,0,1.24
1772907619.771175393,1,0,0.01
1772907620.793995920,0,0,1.24
1772907620.793995920,1,0,0.01
1772907621.816018126,0,0,1.24
1772907621.816018126,1,0,0.01
1772907622.837388972,0,0,1.24
1772907622.837388972,1,0,0.01
1772907623.859174803,0,0,1.24
1772907623.859174803,1,0,0.01
1772907624.881128849,0,0,1.24
1772907624.881128849,1,0,0.01
1772907625.903214743,0,0,1.24
1772907625.903214743,1,0,0.01
1772907626.925431130,0,0,1.24
1772907626.925431130,1,0,0.01
1772907627.947101817,0,0,1.24
1772907627.947101817,1,0,0.01
1772907628.968257754,0,0,1.24
1772907628.968257754,1,0,0.01
1772907629.987967012,0,0,1.24
1772907629.987967012,1,0,0.01
1772907631.008708199,0,0,1.24
1772907631.008708199,1,0,0.01
1772907632.029098735,0,0,1.24
1772907632.029098735,1,0,0.01
1772907633.051099534,0,0,1.24
1772907633.051099534,1,0,0.01
1772907634.072444955,0,0,1.24
1772907634.072444955,1,0,0.01
1772907635.094423770,0,0,1.24
1772907635.094423770,1,0,0.01
1772907636.114291827,0,0,1.24
1772907636.114291827,1,0,0.01
1772907637.135099803,0,0,1.24
1772907637.135099803,1,0,0.01
1772907638.156440990,0,0,1.24
1772907638.156440990,1,0,0.01
1772907639.178425696,0,0,1.24
1772907639.178425696,1,0,0.01
1772907640.200465104,0,0,1.24
1772907640.200465104,1,0,0.01
1772907641.222148794,0,0,1.24
1772907641.222148794,1,0,0.01
1772907642.243191061,0,0,1.24
1772907642.243191061,1,0,0.01
1772907643.263100389,0,0,1.24
1772907643.263100389,1,0,0.01
1772907644.283196986,0,0,1.24
1772907644.283196986,1,0,0.01
1772907645.306035783,0,0,1.24
1772907645.306035783,1,0,0.01
1772907646.327929146,0,0,1.24
1772907646.327929146,1,0,0.01
1772907647.350261421,0,0,1.24
1772907647.350261421,1,0,0.01
1772907648.372151352,0,0,1.24
1772907648.372151352,1,0,0.01
1772907649.393934352,0,0,1.24
1772907649.393934352,1,0,0.01
1772907650.415113160,0,0,1.24
1772907650.415113160,1,0,0.01
1772907651.436459130,0,0,1.24
1772907651.436459130,1,0,0.01
1772907652.458531996,0,0,1.24
1772907652.458531996,1,0,0.01
1772907653.479853547,0,0,1.24
1772907653.479853547,1,0,0.01
1772907654.501836436,0,0,1.24
1772907654.501836436,1,0,0.01
1772907655.523805644,0,0,1.24
1772907655.523805644,1,0,0.01
1772907656.545680119,0,0,1.24
1772907656.545680119,1,0,0.01
1772907657.567489105,0,0,1.24
1772907657.567489105,1,0,0.01
1772907658.588621837,0,0,1.24
1772907658.588621837,1,0,0.01
1772907659.610580565,0,0,1.24
1772907659.610580565,1,0,0.01
1772907660.632659247,0,0,1.24
1772907660.632659247,1,0,0.01
1772907661.654672747,0,0,1.24
1772907661.654672747,1,0,0.01
1772907662.676127529,0,0,1.24
1772907662.676127529,1,0,0.01
1772907663.698322690,0,0,1.24
1772907663.698322690,1,0,0.01
1772907664.719265896,0,0,1.24
1772907664.719265896,1,0,0.01
1772907665.739595359,0,0,1.24
1772907665.739595359,1,0,0.01
1772907666.761664029,0,0,1.24
1772907666.761664029,1,0,0.01
1772907667.782358014,0,0,1.24
1772907667.782358014,1,0,0.01
1772907668.804005007,0,0,1.24
1772907668.804005007,1,0,0.01
1772907669.825383933,0,0,1.24
1772907669.825383933,1,0,0.01
1772907670.846222334,0,0,1.24
1772907670.846222334,1,0,0.01
1772907671.868107299,0,0,1.24
1772907671.868107299,1,0,0.01
1772907672.889595818,0,0,1.24
1772907672.889595818,1,0,0.01
1772907673.911827531,0,0,1.24
1772907673.911827531,1,0,0.01
1772907674.933099767,0,0,1.24
1772907674.933099767,1,0,0.01
1772907675.955039226,0,0,1.24
1772907675.955039226,1,0,0.01
1772907676.975134883,0,0,1.24
1772907676.975134883,1,0,0.01
1772907677.996718705,0,0,1.24
1772907677.996718705,1,0,0.01
1772907679.018174785,0,0,1.24
1772907679.018174785,1,0,0.01
1772907680.038347747,0,0,1.24
1772907680.038347747,1,0,0.01
1772907681.059036475,0,0,1.24
1772907681.059036475,1,0,0.01
1772907682.081243491,0,0,1.24
1772907682.081243491,1,0,0.01
1772907683.102938646,0,0,1.24
1772907683.102938646,1,0,0.01
1772907684.124248656,0,0,1.24
1772907684.124248656,1,0,0.01
1772907685.145909565,0,0,1.24
1772907685.145909565,1,0,0.01
1772907686.167861828,0,0,1.24
1772907686.167861828,1,0,0.01
1772907687.189727831,0,0,1.24
1772907687.189727831,1,0,0.01
1772907688.210399655,0,0,1.24
1772907688.210399655,1,0,0.01
1772907689.230429294,0,0,1.24
1772907689.230429294,1,0,0.01
1772907690.252370144,0,0,1.24
1772907690.252370144,1,0,0.01
1772907691.273704904,0,0,1.24
1772907691.273704904,1,0,0.01
1772907692.293464452,0,0,1.24
1772907692.293464452,1,0,0.01
1772907693.315649562,0,0,1.24
1772907693.315649562,1,0,0.01
1772907694.336853697,0,0,1.24
1772907694.336853697,1,0,0.01
1772907695.359178653,0,0,1.24
1772907695.359178653,1,0,0.01
1772907696.381559505,0,0,1.24
1772907696.381559505,1,0,0.01
1772907697.402857073,0,0,1.24
1772907697.402857073,1,0,0.01
1772907698.424426176,0,0,1.24
1772907698.424426176,1,0,0.01
1772907699.445530152,0,0,1.24
1772907699.445530152,1,0,0.01
1772907700.467253038,0,0,1.24
1772907700.467253038,1,0,0.01
1772907701.487843129,0,0,1.24
1772907701.487843129,1,0,0.01
1772907702.508741072,0,0,1.24
1772907702.508741072,1,0,0.01
1772907703.530845323,0,0,1.24
1772907703.530845323,1,0,0.01
1772907704.553459782,0,0,1.24
1772907704.553459782,1,0,0.01
1772907705.574772925,0,0,1.24
1772907705.574772925,1,0,0.01
1772907706.596737596,0,0,1.24
1772907706.596737596,1,0,0.01
1772907707.617888263,0,0,1.24
1772907707.617888263,1,0,0.01
1772907708.639765270,0,0,1.24
1772907708.639765270,1,0,0.01
1772907709.660809775,0,0,1.24
1772907709.660809775,1,0,0.01
1772907710.682419487,0,0,1.24
1772907710.682419487,1,0,0.01
1772907711.703919660,0,0,1.24
1772907711.703919660,1,0,0.01
1772907712.725476960,0,0,1.24
1772907712.725476960,1,0,0.01
1772907713.746298965,0,0,1.24
1772907713.746298965,1,0,0.01
1772907714.767807052,0,0,1.24
1772907714.767807052,1,0,0.01
1772907715.789690260,0,0,1.24
1772907715.789690260,1,0,0.01
1772907716.811919835,0,0,1.24
1772907716.811919835,1,0,0.01
1772907717.834442796,0,0,1.24
1772907717.834442796,1,0,0.01
1772907718.856298650,0,0,1.24
1772907718.856298650,1,0,0.01
1772907719.878560756,0,0,1.24
1772907719.878560756,1,0,0.01
1772907720.900409560,0,0,1.24
1772907720.900409560,1,0,0.01
1772907721.920131598,0,0,1.24
1772907721.920131598,1,0,0.01
1772907722.940345784,0,0,1.24
1772907722.940345784,1,0,0.01
1772907723.962148707,0,0,1.24
1772907723.962148707,1,0,0.01
1772907724.984069209,0,0,1.24
1772907724.984069209,1,0,0.01
1772907726.005886926,0,0,1.24
1772907726.005886926,1,0,0.01
1772907727.026954489,0,0,1.24
1772907727.026954489,1,0,0.01
1772907728.049284732,0,0,1.24
1772907728.049284732,1,0,0.01
1772907729.070485069,0,0,1.24
1772907729.070485069,1,0,0.01
1772907730.092466276,0,0,1.24
1772907730.092466276,1,0,0.01
1772907731.112886985,0,0,1.24
1772907731.112886985,1,0,0.01
1772907732.134415470,0,0,1.24
1772907732.134415470,1,0,0.01
1772907733.155591515,0,0,1.24
1772907733.155591515,1,0,0.01
1772907734.175894853,0,0,1.24
1772907734.175894853,1,0,0.01
1772907735.197081103,0,0,1.24
1772907735.197081103,1,0,0.01
1772907736.217414244,0,0,1.24
1772907736.217414244,1,0,0.01
1772907737.238744225,0,0,1.24
1772907737.238744225,1,0,0.01
1772907738.259909739,0,0,1.24
1772907738.259909739,1,0,0.01
1772907739.281555753,0,0,1.24
1772907739.281555753,1,0,0.01
1772907740.303126748,0,0,1.24
1772907740.303126748,1,0,0.01
1772907741.325104108,0,0,1.24
1772907741.325104108,1,0,0.01
1772907742.347214516,0,0,1.24
1772907742.347214516,1,0,0.01
1772907743.367538583,0,0,1.24
1772907743.367538583,1,0,0.01
1772907744.388459631,0,0,1.24
1772907744.388459631,1,0,0.01
1772907745.409408719,0,0,1.24
1772907745.409408719,1,0,0.01
1772907746.431538568,0,0,1.24
1772907746.431538568,1,0,0.01
1772907747.453170562,0,0,1.24
1772907747.453170562,1,0,0.01
1772907748.475543719,0,0,1.24
1772907748.475543719,1,0,0.01
1772907749.497737441,0,0,1.24
1772907749.497737441,1,0,0.01
1772907750.519253258,0,0,1.24
1772907750.519253258,1,0,0.01
1772907751.540847736,0,0,1.24
1772907751.540847736,1,0,0.01
1772907752.563413105,0,0,1.24
1772907752.563413105,1,0,0.01
1772907753.586278139,0,0,1.24
1772907753.586278139,1,0,0.01
1772907754.607719970,0,0,1.24
1772907754.607719970,1,0,0.01
1772907755.629148535,0,0,1.24
1772907755.629148535,1,0,0.01
1772907756.650234196,0,0,1.24
1772907756.650234196,1,0,0.01
1772907757.672077077,0,0,1.24
1772907757.672077077,1,0,0.01
1772907758.693973870,0,0,1.24
1772907758.693973870,1,0,0.01
1772907759.715973889,0,0,1.24
1772907759.715973889,1,0,0.01
1772907760.737265229,0,0,1.24
1772907760.737265229,1,0,0.01
1772907761.758674520,0,0,1.24
1772907761.758674520,1,0,0.01
1772907762.780149795,0,0,1.24
1772907762.780149795,1,0,0.01
1772907763.804015490,0,0,1.24
1772907763.804015490,1,0,0.01
1772907764.824126770,0,0,1.24
1772907764.824126770,1,0,0.01
1772907765.844149650,0,0,1.24
1772907765.844149650,1,0,0.01
1772907766.866135614,0,0,1.24
1772907766.866135614,1,0,0.01
1772907767.887885003,0,0,1.24
1772907767.887885003,1,0,0.01
1772907768.909507604,0,0,1.24
1772907768.909507604,1,0,0.01
1772907769.931142734,0,0,1.24
1772907769.931142734,1,0,0.01
1772907770.952666864,0,0,1.24
1772907770.952666864,1,0,0.01
1772907771.974076086,0,0,1.24
1772907771.974076086,1,0,0.01
1772907772.996077824,0,0,1.24
1772907772.996077824,1,0,0.01
1772907774.018055292,0,0,1.24
1772907774.018055292,1,0,0.01
1772907775.039895033,0,0,1.24
1772907775.039895033,1,0,0.01
1772907776.061915616,0,0,1.24
1772907776.061915616,1,0,0.01
1772907777.083840911,0,0,1.24
1772907777.083840911,1,0,0.01
1772907778.106155433,0,0,1.24
1772907778.106155433,1,0,0.01
1772907779.127936490,0,0,1.24
1772907779.127936490,1,0,0.01
1772907780.149942415,0,0,1.24
1772907780.149942415,1,0,0.01
1772907781.171902179,0,0,1.24
1772907781.171902179,1,0,0.01
1772907782.193049059,0,0,1.24
1772907782.193049059,1,0,0.01
1772907783.214157626,0,0,1.24
1772907783.214157626,1,0,0.01
1772907784.235496340,0,0,1.24
1772907784.235496340,1,0,0.01
1772907785.257101638,0,0,1.24
1772907785.257101638,1,0,0.01
1772907786.278323625,0,0,1.24
1772907786.278323625,1,0,0.01
1772907787.299596828,0,0,1.24
1772907787.299596828,1,0,0.01
1772907788.321103307,0,0,1.24
1772907788.321103307,1,0,0.01
1772907789.343065990,0,0,1.24
1772907789.343065990,1,0,0.01
1772907790.364043542,0,0,1.24
1772907790.364043542,1,0,0.01
1772907791.385473823,0,0,1.24
1772907791.385473823,1,0,0.01
1772907792.406920193,0,0,1.24
1772907792.406920193,1,0,0.01
1772907793.426942324,0,0,1.24
1772907793.426942324,1,0,0.01
1772907794.448093499,0,0,1.24
1772907794.448093499,1,0,0.01
1772907795.469285457,0,0,1.24
1772907795.469285457,1,0,0.01
1772907796.489609539,0,0,1.24
1772907796.489609539,1,0,0.01
1772907797.511974958,0,0,1.24
1772907797.511974958,1,0,0.01
1772907798.533873972,0,0,1.24
1772907798.533873972,1,0,0.01
1772907799.555172728,0,0,1.24
1772907799.555172728,1,0,0.01
1772907800.577422009,0,0,1.24
1772907800.577422009,1,0,0.01
1772907801.598927685,0,0,1.24
1772907801.598927685,1,0,0.01
1772907802.621077699,0,0,1.24
1772907802.621077699,1,0,0.01
1772907803.642714926,0,0,1.24
1772907803.642714926,1,0,0.01
1772907804.664294282,0,71,1.24
1772907804.664294282,1,0,0.01
1772907805.685882914,0,70,1.24
1772907805.685882914,1,0,0.01
1772907806.705840163,0,0,1.24
1772907806.705840163,1,0,0.01
1772907807.727965233,0,0,1.24
1772907807.727965233,1,0,0.01
1772907808.749949161,0,0,1.24
1772907808.749949161,1,0,0.01
1772907809.771189944,0,0,1.24
1772907809.771189944,1,0,0.01
1772907810.793369610,0,0,1.24
1772907810.793369610,1,0,0.01
1772907811.815119660,0,0,1.24
1772907811.815119660,1,0,0.01
1772907812.836979311,0,0,1.24
1772907812.836979311,1,0,0.01
1772907813.859460300,0,0,1.24
1772907813.859460300,1,0,0.01
1772907814.880947674,0,0,1.24
1772907814.880947674,1,0,0.01
1772907815.902463947,0,0,1.24
1772907815.902463947,1,0,0.01
1772907816.922631821,0,0,1.24
1772907816.922631821,1,0,0.01
1772907817.944119510,0,0,1.24
1772907817.944119510,1,0,0.01
1772907818.965445968,0,0,1.24
1772907818.965445968,1,0,0.01
1772907819.985336873,0,0,1.24
1772907819.985336873,1,0,0.01
1772907821.005232010,0,0,1.24
1772907821.005232010,1,0,0.01
1772907822.026319120,0,0,1.24
1772907822.026319120,1,0,0.01
1772907823.048075320,0,0,1.24
1772907823.048075320,1,0,0.01
1772907824.069489258,0,0,1.24
1772907824.069489258,1,0,0.01
1772907825.091010912,0,0,1.24
1772907825.091010912,1,0,0.01
1772907826.113119155,0,0,1.24
1772907826.113119155,1,0,0.01
1772907827.135502776,0,0,1.24
1772907827.135502776,1,0,0.01
1772907828.157089259,0,0,1.24
1772907828.157089259,1,0,0.01
1772907829.178531655,0,0,1.24
1772907829.178531655,1,0,0.01
1772907830.199667990,0,0,1.24
1772907830.199667990,1,0,0.01
1772907831.221285813,0,0,1.24
1772907831.221285813,1,0,0.01
1772907832.242523221,0,0,1.24
1772907832.242523221,1,0,0.01
1772907833.265082672,0,0,1.24
1772907833.265082672,1,0,0.01
1772907834.286916903,0,0,1.24
1772907834.286916903,1,0,0.01
1772907835.308762612,0,0,1.24
1772907835.308762612,1,0,0.01
1772907836.330999696,0,0,1.24
1772907836.330999696,1,0,0.01
1772907837.352323495,0,0,1.24
1772907837.352323495,1,0,0.01
1772907838.374034310,0,0,1.24
1772907838.374034310,1,0,0.01
1772907839.395472348,0,0,1.24
1772907839.395472348,1,0,0.01
1772907840.416646425,0,0,1.24
1772907840.416646425,1,0,0.01
1772907841.438202665,0,0,1.24
1772907841.438202665,1,0,0.01
1772907842.460113911,0,0,1.24
1772907842.460113911,1,0,0.01
1772907843.481292182,0,0,1.24
1772907843.481292182,1,0,0.01
1772907844.502556706,0,0,1.24
1772907844.502556706,1,0,0.01
1772907845.524273266,0,0,1.24
1772907845.524273266,1,0,0.01
1772907846.545163210,0,0,1.24
1772907846.545163210,1,0,0.01
1772907847.566608953,0,0,1.24
1772907847.566608953,1,0,0.01
1772907848.589064593,0,0,1.24
1772907848.589064593,1,0,0.01
1772907849.610321371,0,0,1.24
1772907849.610321371,1,0,0.01
1772907850.631674307,0,0,1.24
1772907850.631674307,1,0,0.01
1772907851.653154244,0,0,1.24
1772907851.653154244,1,0,0.01
1772907852.674675160,0,0,1.24
1772907852.674675160,1,0,0.01
1772907853.696384112,0,0,1.24
1772907853.696384112,1,0,0.01
1772907854.718403109,0,0,1.24
1772907854.718403109,1,0,0.01
1772907855.740173264,0,0,1.24
1772907855.740173264,1,0,0.01
1772907856.761645006,0,0,1.24
1772907856.761645006,1,0,0.01
1772907857.783528015,0,0,1.24
1772907857.783528015,1,0,0.01
1772907858.805447317,0,0,1.24
1772907858.805447317,1,0,0.01
1772907859.826220939,0,0,1.24
1772907859.826220939,1,0,0.01
1772907860.846170927,0,0,1.24
1772907860.846170927,1,0,0.01
1772907861.868502297,0,0,1.24
1772907861.868502297,1,0,0.01
1772907862.889051521,0,0,1.24
1772907862.889051521,1,0,0.01
1772907863.911240087,0,0,1.24
1772907863.911240087,1,0,0.01
1772907864.931370476,0,0,1.24
1772907864.931370476,1,0,0.01
1772907865.953822335,0,0,1.24
1772907865.953822335,1,0,0.01
1772907866.975663353,0,0,1.24
1772907866.975663353,1,0,0.01
1772907867.997173285,0,0,1.24
1772907867.997173285,1,0,0.01
1772907869.018839627,0,0,1.24
1772907869.018839627,1,0,0.01
1772907870.041111687,0,0,1.24
1772907870.041111687,1,0,0.01
1772907871.062477837,0,0,1.24
1772907871.062477837,1,0,0.01
1772907872.084709339,0,0,1.24
1772907872.084709339,1,0,0.01
1772907873.106674216,0,0,1.24
1772907873.106674216,1,0,0.01
1772907874.128467686,0,0,1.24
1772907874.128467686,1,0,0.01
1772907875.150229995,0,0,1.24
1772907875.150229995,1,0,0.01
1772907876.171221884,0,0,1.24
1772907876.171221884,1,0,0.01
1772907877.193936997,0,0,1.24
1772907877.193936997,1,0,0.01
1772907878.214588404,0,0,1.24
1772907878.214588404,1,0,0.01
1772907879.236333062,0,0,1.24
1772907879.236333062,1,0,0.01
1772907880.257991354,0,0,1.24
1772907880.257991354,1,0,0.01
1772907881.279281693,0,0,1.24
1772907881.279281693,1,0,0.01
1772907882.300527280,0,0,1.24
1772907882.300527280,1,0,0.01
1772907883.321704938,0,0,1.24
1772907883.321704938,1,0,0.01
1772907884.344273083,0,0,1.24
1772907884.344273083,1,0,0.01
1772907885.365064127,0,0,1.24
1772907885.365064127,1,0,0.01
1772907886.385847326,0,0,1.24
1772907886.385847326,1,0,0.01
1772907887.406697942,0,0,1.24
1772907887.406697942,1,0,0.01
1772907888.428526949,0,0,1.24
1772907888.428526949,1,0,0.01
1772907889.450190509,0,0,1.24
1772907889.450190509,1,0,0.01
1772907890.471656986,0,0,1.24
1772907890.471656986,1,0,0.01
1772907891.493131146,0,0,1.24
1772907891.493131146,1,0,0.01
1772907892.514906595,0,0,1.24
1772907892.514906595,1,0,0.01
1772907893.536493944,0,0,1.24
1772907893.536493944,1,0,0.01
1772907894.558691008,0,0,1.24
1772907894.558691008,1,0,0.01
1772907895.580106779,0,0,1.24
1772907895.580106779,1,0,0.01
1772907896.601748038,0,0,1.24
1772907896.601748038,1,0,0.01
1772907897.624139087,0,0,1.24
1772907897.624139087,1,0,0.01
1772907898.645809781,0,0,1.24
1772907898.645809781,1,0,0.01
1772907899.667238771,0,0,1.24
1772907899.667238771,1,0,0.01
1772907900.688528398,0,0,1.24
1772907900.688528398,1,0,0.01
1772907901.710892159,0,0,1.24
1772907901.710892159,1,0,0.01
1772907902.732875909,0,0,1.24
1772907902.732875909,1,0,0.01
1772907903.754938299,0,0,1.24
1772907903.754938299,1,0,0.01
1772907904.776450385,0,0,1.24
1772907904.776450385,1,0,0.01
1772907905.798651390,0,0,1.24
1772907905.798651390,1,0,0.01
1772907906.820839038,0,0,1.24
1772907906.820839038,1,0,0.01
1772907907.842264891,0,0,1.24
1772907907.842264891,1,0,0.01
1772907908.863208057,0,0,1.24
1772907908.863208057,1,0,0.01
1772907909.883588642,0,0,1.24
1772907909.883588642,1,0,0.01
1772907910.905079167,0,0,1.24
1772907910.905079167,1,0,0.01
1772907911.926626591,0,0,1.24
1772907911.926626591,1,0,0.01
1772907912.948257087,0,0,1.24
1772907912.948257087,1,0,0.01
1772907913.969019355,0,0,1.24
1772907913.969019355,1,0,0.01
1772907914.990832987,0,0,1.24
1772907914.990832987,1,0,0.01
1772907916.011564565,0,0,1.24
1772907916.011564565,1,0,0.01
1772907917.032167495,0,0,1.24
1772907917.032167495,1,0,0.01
1772907918.053052711,0,0,1.24
1772907918.053052711,1,0,0.01
1772907919.072721053,0,0,1.24
1772907919.072721053,1,0,0.01
1772907920.094485926,0,0,1.24
1772907920.094485926,1,0,0.01
1772907921.115152999,0,0,1.24
1772907921.115152999,1,0,0.01
1772907922.136602535,0,0,1.24
1772907922.136602535,1,0,0.01
1772907923.158232862,0,0,1.24
1772907923.158232862,1,0,0.01
1772907924.179504431,0,0,1.24
1772907924.179504431,1,0,0.01
1772907925.199696203,0,0,1.24
1772907925.199696203,1,0,0.01
1772907926.221631732,0,0,1.24
1772907926.221631732,1,0,0.01
1772907927.243117903,0,0,1.24
1772907927.243117903,1,0,0.01
1772907928.264711464,0,0,1.24
1772907928.264711464,1,0,0.01
1772907929.286435724,0,0,1.24
1772907929.286435724,1,0,0.01
1772907930.306592080,0,0,1.24
1772907930.306592080,1,0,0.01
1772907931.327809659,0,0,1.24
1772907931.327809659,1,0,0.01
1772907932.349697218,0,0,1.24
1772907932.349697218,1,0,0.01
1772907933.370875765,0,0,1.24
1772907933.370875765,1,0,0.01
1772907934.392332413,0,0,1.24
1772907934.392332413,1,0,0.01
1772907935.413579966,0,0,1.24
1772907935.413579966,1,0,0.01
1772907936.435868638,0,0,1.24
1772907936.435868638,1,0,0.01
1772907937.456994276,0,0,1.24
1772907937.456994276,1,0,0.01
1772907938.478229464,0,0,1.24
1772907938.478229464,1,0,0.01
1772907939.499223170,0,0,1.24
1772907939.499223170,1,0,0.01
1772907940.520923336,0,0,1.24
1772907940.520923336,1,0,0.01
1772907941.542282967,0,0,1.24
1772907941.542282967,1,0,0.01
1772907942.563737426,0,0,1.24
1772907942.563737426,1,0,0.01
1772907943.584762359,0,0,1.24
1772907943.584762359,1,0,0.01
1772907944.606819633,0,0,1.24
1772907944.606819633,1,0,0.01
1772907945.628167823,0,0,1.24
1772907945.628167823,1,0,0.01
1772907946.650506606,0,0,1.24
1772907946.650506606,1,0,0.01
1772907947.671236547,0,0,1.24
1772907947.671236547,1,0,0.01
1772907948.693143583,0,0,1.24
1772907948.693143583,1,0,0.01
1772907949.714778118,0,0,1.24
1772907949.714778118,1,0,0.01
1772907950.735850084,0,0,1.24
1772907950.735850084,1,0,0.01
1772907951.757151269,0,0,1.24
1772907951.757151269,1,0,0.01
1772907952.777150951,0,0,1.24
1772907952.777150951,1,0,0.01
1772907953.799134243,0,0,1.24
1772907953.799134243,1,0,0.01
1772907954.820964985,0,0,1.24
1772907954.820964985,1,0,0.01
1772907955.842240039,0,0,1.24
1772907955.842240039,1,0,0.01
1772907956.863551376,0,0,1.24
1772907956.863551376,1,0,0.01
1772907957.885855161,0,0,1.24
1772907957.885855161,1,0,0.01
1772907958.906184498,0,0,1.24
1772907958.906184498,1,0,0.01
1772907959.928295661,0,0,1.24
1772907959.928295661,1,0,0.01
1772907960.950089597,0,0,1.24
1772907960.950089597,1,0,0.01
1772907961.970624562,0,0,1.24
1772907961.970624562,1,0,0.01
1772907962.991790130,0,0,1.24
1772907962.991790130,1,0,0.01
1772907964.012290705,0,0,1.24
1772907964.012290705,1,0,0.01
1772907965.034294948,0,0,1.24
1772907965.034294948,1,0,0.01
1772907966.055940985,0,0,1.24
1772907966.055940985,1,0,0.01
1772907967.077901187,0,0,1.24
1772907967.077901187,1,0,0.01
1772907968.099647195,0,0,1.24
1772907968.099647195,1,0,0.01
1772907969.121065916,0,0,1.24
1772907969.121065916,1,0,0.01
1772907970.140893301,0,0,1.24
1772907970.140893301,1,0,0.01
1772907971.162616479,0,0,1.24
1772907971.162616479,1,0,0.01
1772907972.184306516,0,0,1.24
1772907972.184306516,1,0,0.01
1772907973.205654585,0,0,1.24
1772907973.205654585,1,0,0.01
1772907974.227401576,0,0,1.24
1772907974.227401576,1,0,0.01
1772907975.249217576,0,0,1.24
1772907975.249217576,1,0,0.01
1772907976.271113286,0,0,1.24
1772907976.271113286,1,0,0.01
1772907977.294139097,0,0,1.24
1772907977.294139097,1,0,0.01
1772907978.315273369,0,0,1.24
1772907978.315273369,1,0,0.01
1772907979.337072482,0,0,1.24
1772907979.337072482,1,0,0.01
1772907980.358281605,0,0,1.24
1772907980.358281605,1,0,0.01
1772907981.379145107,0,0,1.24
1772907981.379145107,1,0,0.01
1772907982.398892428,0,0,1.24
1772907982.398892428,1,0,0.01
1772907983.420307835,0,0,1.24
1772907983.420307835,1,0,0.01
1772907984.440296302,0,0,1.24
1772907984.440296302,1,0,0.01
1772907985.461536441,0,0,1.24
1772907985.461536441,1,0,0.01
1772907986.482215043,0,0,1.24
1772907986.482215043,1,0,0.01
1772907987.502995634,0,0,1.24
1772907987.502995634,1,0,0.01
1772907988.523838372,0,0,1.24
1772907988.523838372,1,0,0.01
1772907989.546197841,0,0,1.24
1772907989.546197841,1,0,0.01
1772907990.567560746,0,0,1.24
1772907990.567560746,1,0,0.01
1772907991.589816310,0,0,1.24
1772907991.589816310,1,0,0.01
1772907992.612125195,0,0,1.24
1772907992.612125195,1,0,0.01
1772907993.633449702,0,0,1.24
1772907993.633449702,1,0,0.01
1772907994.655950767,0,0,1.24
1772907994.655950767,1,0,0.01
1772907995.677571049,0,0,1.24
1772907995.677571049,1,0,0.01
1772907996.699397749,0,0,1.24
1772907996.699397749,1,0,0.01
1772907997.720297940,0,0,1.24
1772907997.720297940,1,0,0.01
1772907998.741802449,0,0,1.24
1772907998.741802449,1,0,0.01
1772907999.763056400,0,0,1.24
1772907999.763056400,1,0,0.01
1772908000.784183496,0,0,1.24
1772908000.784183496,1,0,0.01
1772908001.805405390,0,0,1.24
1772908001.805405390,1,0,0.01
1772908002.827165972,0,0,1.24
1772908002.827165972,1,0,0.01
1772908003.850312993,0,0,1.24
1772908003.850312993,1,0,0.01
1772908004.871607697,0,0,1.24
1772908004.871607697,1,0,0.01
1772908005.893102667,0,0,1.24
1772908005.893102667,1,0,0.01
1772908006.914340118,0,0,1.24
1772908006.914340118,1,0,0.01
1772908007.937101724,0,0,1.24
1772908007.937101724,1,0,0.01
1772908008.957852811,0,72,1.24
1772908008.957852811,1,0,0.01
1772908009.979517954,0,72,1.24
1772908009.979517954,1,0,0.01
1772908011.000106095,0,0,1.24
1772908011.000106095,1,0,0.01
1772908012.021943796,0,0,1.24
1772908012.021943796,1,0,0.01
1772908013.043956492,0,0,1.24
1772908013.043956492,1,0,0.01
1772908014.064737805,0,0,1.24
1772908014.064737805,1,0,0.01
1772908015.086151157,0,0,1.24
1772908015.086151157,1,0,0.01
1772908016.107913969,0,0,1.24
1772908016.107913969,1,0,0.01
1772908017.130266648,0,0,1.24
1772908017.130266648,1,0,0.01
1772908018.152430431,0,0,1.24
1772908018.152430431,1,0,0.01
1772908019.173940971,0,0,1.24
1772908019.173940971,1,0,0.01
1772908020.196059615,0,0,1.24
1772908020.196059615,1,0,0.01
1772908021.217307082,0,0,1.24
1772908021.217307082,1,0,0.01
1772908022.238812023,0,0,1.24
1772908022.238812023,1,0,0.01
1772908023.260289414,0,0,1.24
1772908023.260289414,1,0,0.01
1772908024.281434929,0,0,1.24
1772908024.281434929,1,0,0.01
1772908025.303244965,0,0,1.24
1772908025.303244965,1,0,0.01
1772908026.324764789,0,0,1.24
1772908026.324764789,1,0,0.01
1772908027.346975929,0,0,1.24
1772908027.346975929,1,0,0.01
1772908028.368534475,0,0,1.24
1772908028.368534475,1,0,0.01
1772908029.390172109,0,0,1.24
1772908029.390172109,1,0,0.01
1772908030.410973068,0,0,1.24
1772908030.410973068,1,0,0.01
1772908031.432594103,0,0,1.24
1772908031.432594103,1,0,0.01
1772908032.453454651,0,0,1.24
1772908032.453454651,1,0,0.01
1772908033.475046945,0,0,1.24
1772908033.475046945,1,0,0.01
1772908034.497096218,0,0,1.24
1772908034.497096218,1,0,0.01
1772908035.518247125,0,0,1.24
1772908035.518247125,1,0,0.01
1772908036.540001517,0,0,1.24
1772908036.540001517,1,0,0.01
1772908037.562213326,0,0,1.24
1772908037.562213326,1,0,0.01
1772908038.583601403,0,0,1.24
1772908038.583601403,1,0,0.01
1772908039.606139502,0,0,1.24
1772908039.606139502,1,0,0.01
1772908040.627070289,0,0,1.24
1772908040.627070289,1,0,0.01
1772908041.648341951,0,0,1.24
1772908041.648341951,1,0,0.01
1772908042.669146246,0,0,1.24
1772908042.669146246,1,0,0.01
1772908043.691115958,0,0,1.24
1772908043.691115958,1,0,0.01
1772908044.712016828,0,0,1.24
1772908044.712016828,1,0,0.01
1772908045.733714468,0,0,1.24
1772908045.733714468,1,0,0.01
1772908046.754596504,0,0,1.24
1772908046.754596504,1,0,0.01
1772908047.776179822,0,0,1.24
1772908047.776179822,1,0,0.01
1772908048.798152425,0,0,1.24
1772908048.798152425,1,0,0.01
1772908049.819764360,0,0,1.24
1772908049.819764360,1,0,0.01
1772908050.841249508,0,0,1.24
1772908050.841249508,1,0,0.01
1772908051.863172888,0,0,1.24
1772908051.863172888,1,0,0.01
1772908052.884528527,0,0,1.24
1772908052.884528527,1,0,0.01
1772908053.906172129,0,0,1.24
1772908053.906172129,1,0,0.01
1772908054.927837957,0,0,1.24
1772908054.927837957,1,0,0.01
1772908055.949359459,0,0,1.24
1772908055.949359459,1,0,0.01
1772908056.971204053,0,0,1.24
1772908056.971204053,1,0,0.01
1772908057.992767488,0,0,1.24
1772908057.992767488,1,0,0.01
1772908059.014002439,0,0,1.24
1772908059.014002439,1,0,0.01
1772908060.035707816,0,0,1.24
1772908060.035707816,1,0,0.01
1772908061.057148330,0,0,1.24
1772908061.057148330,1,0,0.01
1772908062.077922822,0,0,1.24
1772908062.077922822,1,0,0.01
1772908063.099313492,0,0,1.24
1772908063.099313492,1,0,0.01
1772908064.120762239,0,0,1.24
1772908064.120762239,1,0,0.01
1772908065.142581595,0,0,1.24
1772908065.142581595,1,0,0.01
1772908066.163764371,0,0,1.24
1772908066.163764371,1,0,0.01
1772908067.185314599,0,0,1.24
1772908067.185314599,1,0,0.01
1772908068.206925903,0,0,1.24
1772908068.206925903,1,0,0.01
1772908069.229511767,0,0,1.24
1772908069.229511767,1,0,0.01
1772908070.250493105,0,0,1.24
1772908070.250493105,1,0,0.01
1772908071.273199456,0,0,1.24
1772908071.273199456,1,0,0.01
1772908072.294766954,0,0,1.24
1772908072.294766954,1,0,0.01
1772908073.316821606,0,0,1.24
1772908073.316821606,1,0,0.01
1772908074.338711875,0,0,1.24
1772908074.338711875,1,0,0.01
1772908075.359869600,0,0,1.24
1772908075.359869600,1,0,0.01
1772908076.381486192,0,0,1.24
1772908076.381486192,1,0,0.01
1772908077.402347086,0,0,1.24
1772908077.402347086,1,0,0.01
1772908078.423826786,0,0,1.24
1772908078.423826786,1,0,0.01
1772908079.444560232,0,0,1.24
1772908079.444560232,1,0,0.01
1772908080.466055294,0,0,1.24
1772908080.466055294,1,0,0.01
1772908081.487061552,0,0,1.24
1772908081.487061552,1,0,0.01
1772908082.509490516,0,0,1.24
1772908082.509490516,1,0,0.01
1772908083.531151402,0,0,1.24
1772908083.531151402,1,0,0.01
1772908084.553332435,0,0,1.24
1772908084.553332435,1,0,0.01
1772908085.574054434,0,0,1.24
1772908085.574054434,1,0,0.01
1772908086.595910984,0,0,1.24
1772908086.595910984,1,0,0.01
1772908087.618323895,0,0,1.24
1772908087.618323895,1,0,0.01
1772908088.640598886,0,0,1.24
1772908088.640598886,1,0,0.01
1772908089.662018002,0,0,1.24
1772908089.662018002,1,0,0.01
1772908090.683819145,0,0,1.24
1772908090.683819145,1,0,0.01
1772908091.704882884,0,0,1.24
1772908091.704882884,1,0,0.01
1772908092.726487922,0,0,1.24
1772908092.726487922,1,0,0.01
1772908093.746883507,0,0,1.24
1772908093.746883507,1,0,0.01
1772908094.767358140,0,0,1.24
1772908094.767358140,1,0,0.01
1772908095.787731798,0,0,1.24
1772908095.787731798,1,0,0.01
1772908096.809167326,0,0,1.24
1772908096.809167326,1,0,0.01
1772908097.831340978,0,0,1.24
1772908097.831340978,1,0,0.01
1772908098.851686348,0,0,1.24
1772908098.851686348,1,0,0.01
1772908099.873562845,0,0,1.24
1772908099.873562845,1,0,0.01
1772908100.895900557,0,0,1.24
1772908100.895900557,1,0,0.01
1772908101.917545254,0,0,1.24
1772908101.917545254,1,0,0.01
1772908102.939553521,0,0,1.24
1772908102.939553521,1,0,0.01
1772908103.960778814,0,0,1.24
1772908103.960778814,1,0,0.01
1772908104.982549329,0,0,1.24
1772908104.982549329,1,0,0.01
1772908106.004113413,0,0,1.24
1772908106.004113413,1,0,0.01
1772908107.024203873,0,0,1.24
1772908107.024203873,1,0,0.01
1772908108.045761023,0,0,1.24
1772908108.045761023,1,0,0.01
1772908109.067659708,0,0,1.24
1772908109.067659708,1,0,0.01
1772908110.088721829,0,0,1.24
1772908110.088721829,1,0,0.01
1772908111.109602881,0,0,1.24
1772908111.109602881,1,0,0.01
1772908112.129679593,0,0,1.24
1772908112.129679593,1,0,0.01
1772908113.151950336,0,0,1.24
1772908113.151950336,1,0,0.01
1772908114.173505078,0,0,1.24
1772908114.173505078,1,0,0.01
1772908115.195142843,0,0,1.24
1772908115.195142843,1,0,0.01
1772908116.216265830,0,0,1.24
1772908116.216265830,1,0,0.01
1772908117.237450928,0,0,1.24
1772908117.237450928,1,0,0.01
1772908118.259342311,0,0,1.24
1772908118.259342311,1,0,0.01
1772908119.281509903,0,0,1.24
1772908119.281509903,1,0,0.01
1772908120.302931106,0,0,1.24
1772908120.302931106,1,0,0.01
1772908121.324184323,0,0,1.24
1772908121.324184323,1,0,0.01
1772908122.345281638,0,0,1.24
1772908122.345281638,1,0,0.01
1772908123.367128535,0,0,1.24
1772908123.367128535,1,0,0.01
1772908124.388497392,0,0,1.24
1772908124.388497392,1,0,0.01
1772908125.410184022,0,0,1.24
1772908125.410184022,1,0,0.01
1772908126.432194706,0,0,1.24
1772908126.432194706,1,0,0.01
1772908127.454049825,0,0,1.24
1772908127.454049825,1,0,0.01
1772908128.475174914,0,0,1.24
1772908128.475174914,1,0,0.01
1772908129.496653158,0,0,1.24
1772908129.496653158,1,0,0.01
1772908130.518961327,0,0,1.24
1772908130.518961327,1,0,0.01
1772908131.540194989,0,0,1.24
1772908131.540194989,1,0,0.01
1772908132.562095595,0,0,1.24
1772908132.562095595,1,0,0.01
1772908133.583989989,0,0,1.24
1772908133.583989989,1,0,0.01
1772908134.605977750,0,0,1.24
1772908134.605977750,1,0,0.01
1772908135.629961351,0,0,1.24
1772908135.629961351,1,0,0.01
1772908136.650092074,0,0,1.24
1772908136.650092074,1,0,0.01
1772908137.671059615,0,0,1.24
1772908137.671059615,1,0,0.01
1772908138.693097749,0,0,1.24
1772908138.693097749,1,0,0.01
1772908139.714568251,0,0,1.24
1772908139.714568251,1,0,0.01
1772908140.734817924,0,0,1.24
1772908140.734817924,1,0,0.01
1772908141.756126192,0,0,1.24
1772908141.756126192,1,0,0.01
1772908142.777784476,0,0,1.24
1772908142.777784476,1,0,0.01
1772908143.798933562,0,0,1.24
1772908143.798933562,1,0,0.01
1772908144.820217810,0,0,1.24
1772908144.820217810,1,0,0.01
1772908145.841079503,0,0,1.24
1772908145.841079503,1,0,0.01
1772908146.862516436,0,0,1.24
1772908146.862516436,1,0,0.01
1772908147.884317782,0,0,1.24
1772908147.884317782,1,0,0.01
1772908148.905840485,0,0,1.24
1772908148.905840485,1,0,0.01
1772908149.927038364,0,0,1.24
1772908149.927038364,1,0,0.01
1772908150.947889727,0,0,1.24
1772908150.947889727,1,0,0.01
1772908151.969959342,0,0,1.24
1772908151.969959342,1,0,0.01
1772908152.991873892,0,0,1.24
1772908152.991873892,1,0,0.01
1772908154.012223798,0,0,1.24
1772908154.012223798,1,0,0.01
1772908155.033025893,0,0,1.24
1772908155.033025893,1,0,0.01
1772908156.052906211,0,0,1.24
1772908156.052906211,1,0,0.01
1772908157.074859128,0,0,1.24
1772908157.074859128,1,0,0.01
1772908158.096222292,0,0,1.24
1772908158.096222292,1,0,0.01
1772908159.116077656,0,0,1.24
1772908159.116077656,1,0,0.01
1772908160.135981691,0,0,1.24
1772908160.135981691,1,0,0.01
1772908161.157375180,0,0,1.24
1772908161.157375180,1,0,0.01
1772908162.177770858,0,0,1.24
1772908162.177770858,1,0,0.01
1772908163.199745821,0,0,1.24
1772908163.199745821,1,0,0.01
1772908164.221122114,0,0,1.24
1772908164.221122114,1,0,0.01
1772908165.242452547,0,0,1.24
1772908165.242452547,1,0,0.01
1772908166.263830732,0,0,1.24
1772908166.263830732,1,0,0.01
1772908167.284513197,0,0,1.24
1772908167.284513197,1,0,0.01
1772908168.306275051,0,0,1.24
1772908168.306275051,1,0,0.01
1772908169.326834190,0,0,1.24
1772908169.326834190,1,0,0.01
1772908170.347929896,0,0,1.24
1772908170.347929896,1,0,0.01
1772908171.369283844,0,0,1.24
1772908171.369283844,1,0,0.01
1772908172.391106478,0,0,1.24
1772908172.391106478,1,0,0.01
1772908173.414054187,0,0,1.24
1772908173.414054187,1,0,0.01
1772908174.436168137,0,0,1.24
1772908174.436168137,1,0,0.01
1772908175.457804244,0,0,1.24
1772908175.457804244,1,0,0.01
1772908176.479039753,0,0,1.24
1772908176.479039753,1,0,0.01
1772908177.500302571,0,0,1.24
1772908177.500302571,1,0,0.01
1772908178.521141864,0,0,1.24
1772908178.521141864,1,0,0.01
1772908179.541164354,0,0,1.24
1772908179.541164354,1,0,0.01
1772908180.561278991,0,0,1.24
1772908180.561278991,1,0,0.01
1772908181.581458159,0,0,1.24
1772908181.581458159,1,0,0.01
1772908182.601705888,0,0,1.24
1772908182.601705888,1,0,0.01
1772908183.622761134,0,0,1.24
1772908183.622761134,1,0,0.01
1772908184.644743722,0,0,1.24
1772908184.644743722,1,0,0.01
1772908185.665731518,0,0,1.24
1772908185.665731518,1,0,0.01
1772908186.686061312,0,0,1.24
1772908186.686061312,1,0,0.01
1772908187.707881361,0,0,1.24
1772908187.707881361,1,0,0.01
1772908188.728355760,0,0,1.24
1772908188.728355760,1,0,0.01
1772908189.749079372,0,0,1.24
1772908189.749079372,1,0,0.01
1772908190.769287072,0,0,1.24
1772908190.769287072,1,0,0.01
1772908191.791270491,0,0,1.24
1772908191.791270491,1,0,0.01
1772908192.812865608,0,0,1.24
1772908192.812865608,1,0,0.01
1772908193.833179382,0,0,1.24
1772908193.833179382,1,0,0.01
1772908194.855179798,0,0,1.24
1772908194.855179798,1,0,0.01
1772908195.876522773,0,0,1.24
1772908195.876522773,1,0,0.01
1772908196.898105936,0,0,1.24
1772908196.898105936,1,0,0.01
1772908197.918328043,0,0,1.24
1772908197.918328043,1,0,0.01
1772908198.940116447,0,0,1.24
1772908198.940116447,1,0,0.01
1772908199.962104244,0,0,1.24
1772908199.962104244,1,0,0.01
1772908200.984083310,0,0,1.24
1772908200.984083310,1,0,0.01
1772908202.005898212,0,0,1.24
1772908202.005898212,1,0,0.01
1772908203.028338828,0,0,1.24
1772908203.028338828,1,0,0.01
1772908204.050284902,0,0,1.24
1772908204.050284902,1,0,0.01
1772908205.072139111,0,0,1.24
1772908205.072139111,1,0,0.01
1772908206.093753841,0,0,1.24
1772908206.093753841,1,0,0.01
1772908207.115643006,0,0,1.24
1772908207.115643006,1,0,0.01
1772908208.138237795,0,0,1.24
1772908208.138237795,1,0,0.01
