timestamp,idx,gpu_util_pct,mem_used_pct
1773168637.799128439,0,0,0.00
1773168637.799128439,1,0,0.00
1773168638.830274314,0,0,0.00
1773168638.830274314,1,0,0.00
1773168639.860682987,0,0,0.00
1773168639.860682987,1,0,0.00
1773168640.884010269,0,0,0.00
1773168640.884010269,1,0,0.00
1773168641.907562803,0,0,0.00
1773168641.907562803,1,0,0.00
1773168642.934368826,0,0,0.00
1773168642.934368826,1,0,0.00
1773168643.957654085,0,0,0.00
1773168643.957654085,1,0,0.00
1773168644.980766823,0,0,0.00
1773168644.980766823,1,0,0.00
1773168646.003939595,0,0,0.00
1773168646.003939595,1,0,0.00
1773168647.027598871,0,0,7.59
1773168647.027598871,1,0,0.01
1773168648.051658316,0,0,7.59
1773168648.051658316,1,0,0.01
1773168649.077222187,0,0,7.59
1773168649.077222187,1,0,0.01
1773168650.101909332,0,0,7.59
1773168650.101909332,1,0,0.01
1773168651.126593305,0,0,7.59
1773168651.126593305,1,0,0.01
1773168652.150875929,0,0,7.64
1773168652.150875929,1,0,0.01
1773168653.174139596,0,0,7.64
1773168653.174139596,1,0,0.01
1773168654.197363177,0,0,7.64
1773168654.197363177,1,0,0.01
1773168655.220616789,0,0,7.64
1773168655.220616789,1,0,0.01
1773168656.243468435,0,0,7.64
1773168656.243468435,1,0,0.01
1773168657.267065876,0,0,7.64
1773168657.267065876,1,0,0.01
1773168658.291756203,0,0,7.64
1773168658.291756203,1,0,0.01
1773168659.315237276,0,0,7.64
1773168659.315237276,1,0,0.01
1773168660.339859024,0,0,7.64
1773168660.339859024,1,0,0.01
1773168661.364222455,0,0,7.64
1773168661.364222455,1,0,0.01
1773168662.388458254,0,0,7.64
1773168662.388458254,1,0,0.01
1773168663.411700556,0,0,7.64
1773168663.411700556,1,0,0.01
1773168664.434834946,0,0,7.64
1773168664.434834946,1,0,0.01
1773168665.458911434,0,0,7.64
1773168665.458911434,1,0,0.01
1773168666.482303062,0,0,7.64
1773168666.482303062,1,0,0.01
1773168667.507206154,0,0,7.64
1773168667.507206154,1,0,0.01
1773168668.533270225,0,0,7.64
1773168668.533270225,1,0,0.01
1773168669.559939389,0,0,7.64
1773168669.559939389,1,0,0.01
1773168670.586829492,0,0,7.64
1773168670.586829492,1,0,0.01
1773168671.610852085,0,0,7.64
1773168671.610852085,1,0,0.01
1773168672.635223301,0,0,7.64
1773168672.635223301,1,0,0.01
1773168673.660085766,0,0,7.64
1773168673.660085766,1,0,0.01
1773168674.683245334,0,0,7.64
1773168674.683245334,1,0,0.01
1773168675.706345839,0,0,7.64
1773168675.706345839,1,0,0.01
1773168676.729151830,0,0,7.64
1773168676.729151830,1,0,0.01
1773168677.752336009,0,0,7.64
1773168677.752336009,1,0,0.01
1773168678.775197792,0,0,7.64
1773168678.775197792,1,0,0.01
1773168679.798042444,0,0,7.64
1773168679.798042444,1,0,0.01
1773168680.820858487,0,0,7.64
1773168680.820858487,1,0,0.01
1773168681.843658003,0,0,7.64
1773168681.843658003,1,0,0.01
1773168682.867459654,0,0,7.64
1773168682.867459654,1,0,0.01
1773168683.890325385,0,0,7.64
1773168683.890325385,1,0,0.01
1773168684.913221386,0,0,7.64
1773168684.913221386,1,0,0.01
1773168685.936819062,0,0,7.64
1773168685.936819062,1,0,0.01
1773168686.960310442,0,0,7.64
1773168686.960310442,1,0,0.01
1773168687.984467127,0,0,7.64
1773168687.984467127,1,0,0.01
1773168689.008031848,0,0,7.64
1773168689.008031848,1,0,0.01
1773168690.031714821,0,0,7.64
1773168690.031714821,1,0,0.01
1773168691.054819999,0,0,7.64
1773168691.054819999,1,0,0.01
1773168692.078495646,0,0,7.64
1773168692.078495646,1,0,0.01
1773168693.102383568,0,0,7.64
1773168693.102383568,1,0,0.01
1773168694.125299432,0,0,7.64
1773168694.125299432,1,0,0.01
1773168695.148537838,0,0,7.64
1773168695.148537838,1,0,0.01
1773168696.171537885,0,0,7.64
1773168696.171537885,1,0,0.01
1773168697.194081007,0,0,8.08
1773168697.194081007,1,0,0.01
1773168698.218900677,0,100,8.92
1773168698.218900677,1,0,0.01
1773168699.242500775,0,100,9.28
1773168699.242500775,1,0,0.01
1773168700.266022722,0,100,9.55
1773168700.266022722,1,0,0.01
1773168701.290057457,0,100,9.56
1773168701.290057457,1,0,0.01
1773168702.313623791,0,100,9.83
1773168702.313623791,1,0,0.01
1773168703.337532442,0,100,9.83
1773168703.337532442,1,0,0.01
1773168704.361310797,0,100,9.83
1773168704.361310797,1,0,0.01
1773168705.384267173,0,100,9.83
1773168705.384267173,1,0,0.01
1773168706.407714816,0,100,9.83
1773168706.407714816,1,0,0.01
1773168707.431296752,0,100,9.83
1773168707.431296752,1,0,0.01
1773168708.454760762,0,99,9.83
1773168708.454760762,1,0,0.01
1773168709.477542895,0,0,9.83
1773168709.477542895,1,0,0.01
1773168710.500658396,0,0,9.83
1773168710.500658396,1,0,0.01
1773168711.522135411,0,0,9.83
1773168711.522135411,1,0,0.01
1773168712.545456202,0,0,9.83
1773168712.545456202,1,0,0.01
1773168713.568106840,0,0,9.83
1773168713.568106840,1,0,0.01
1773168714.591983637,0,0,9.83
1773168714.591983637,1,0,0.01
1773168715.613801260,0,0,9.83
1773168715.613801260,1,0,0.01
1773168716.635988335,0,0,9.83
1773168716.635988335,1,0,0.01
1773168717.659671090,0,0,9.83
1773168717.659671090,1,0,0.01
1773168718.682054694,0,0,9.83
1773168718.682054694,1,0,0.01
1773168719.704096784,0,1,9.83
1773168719.704096784,1,0,0.01
1773168720.726227632,0,0,9.83
1773168720.726227632,1,0,0.01
1773168721.749075464,0,0,9.83
1773168721.749075464,1,0,0.01
1773168722.770845925,0,0,9.83
1773168722.770845925,1,0,0.01
1773168723.793276545,0,0,9.83
1773168723.793276545,1,0,0.01
1773168724.815654437,0,0,9.83
1773168724.815654437,1,0,0.01
1773168725.838541371,0,0,9.83
1773168725.838541371,1,0,0.01
1773168726.860817080,0,0,9.83
1773168726.860817080,1,0,0.01
1773168727.882858237,0,0,9.83
1773168727.882858237,1,0,0.01
1773168728.905197516,0,0,9.83
1773168728.905197516,1,0,0.01
1773168729.928117545,0,0,9.83
1773168729.928117545,1,0,0.01
1773168730.951053517,0,0,9.83
1773168730.951053517,1,0,0.01
1773168731.973425214,0,0,9.83
1773168731.973425214,1,0,0.01
1773168732.996180455,0,0,9.83
1773168732.996180455,1,0,0.01
1773168734.018034947,0,0,9.83
1773168734.018034947,1,0,0.01
1773168735.040501342,0,0,9.83
1773168735.040501342,1,0,0.01
1773168736.063556361,0,0,9.83
1773168736.063556361,1,0,0.01
1773168737.085576250,0,0,9.83
1773168737.085576250,1,0,0.01
1773168738.108238315,0,0,9.83
1773168738.108238315,1,0,0.01
1773168739.130621669,0,0,9.83
1773168739.130621669,1,0,0.01
1773168740.153139932,0,0,9.83
1773168740.153139932,1,0,0.01
1773168741.176884372,0,0,9.83
1773168741.176884372,1,0,0.01
1773168742.200151742,0,0,9.83
1773168742.200151742,1,0,0.01
1773168743.223514262,0,0,9.83
1773168743.223514262,1,0,0.01
1773168744.246225964,0,0,9.83
1773168744.246225964,1,0,0.01
1773168745.268754938,0,0,9.83
1773168745.268754938,1,0,0.01
1773168746.291172226,0,0,9.83
1773168746.291172226,1,0,0.01
1773168747.313776471,0,0,9.83
1773168747.313776471,1,0,0.01
1773168748.336030321,0,0,9.83
1773168748.336030321,1,0,0.01
1773168749.358689107,0,0,9.83
1773168749.358689107,1,0,0.01
1773168750.380890421,0,0,9.83
1773168750.380890421,1,0,0.01
1773168751.403288134,0,0,9.83
1773168751.403288134,1,0,0.01
1773168752.425135260,0,0,9.83
1773168752.425135260,1,0,0.01
1773168753.446805829,0,0,9.83
1773168753.446805829,1,0,0.01
1773168754.468907217,0,0,9.83
1773168754.468907217,1,0,0.01
1773168755.490802412,0,0,9.83
1773168755.490802412,1,0,0.01
1773168756.513366070,0,0,9.83
1773168756.513366070,1,0,0.01
1773168757.535846450,0,0,9.83
1773168757.535846450,1,0,0.01
1773168758.557917649,0,0,9.83
1773168758.557917649,1,0,0.01
1773168759.580644738,0,0,9.83
1773168759.580644738,1,0,0.01
1773168760.603147494,0,0,9.83
1773168760.603147494,1,0,0.01
1773168761.625986922,0,0,9.83
1773168761.625986922,1,0,0.01
1773168762.648970664,0,0,9.83
1773168762.648970664,1,0,0.01
1773168763.672169827,0,0,9.83
1773168763.672169827,1,0,0.01
1773168764.695124670,0,0,9.83
1773168764.695124670,1,0,0.01
1773168765.718134879,0,0,9.83
1773168765.718134879,1,0,0.01
1773168766.740082441,0,0,9.83
1773168766.740082441,1,0,0.01
1773168767.762225620,0,0,9.83
1773168767.762225620,1,0,0.01
1773168768.785522630,0,0,9.83
1773168768.785522630,1,0,0.01
1773168769.808596313,0,0,9.83
1773168769.808596313,1,0,0.01
1773168770.831477722,0,0,9.83
1773168770.831477722,1,0,0.01
1773168771.854414511,0,0,9.83
1773168771.854414511,1,0,0.01
1773168772.877124636,0,0,9.83
1773168772.877124636,1,0,0.01
1773168773.898627306,0,0,9.83
1773168773.898627306,1,0,0.01
1773168774.920364804,0,0,9.83
1773168774.920364804,1,0,0.01
1773168775.943254468,0,0,9.83
1773168775.943254468,1,0,0.01
1773168776.966870693,0,0,9.83
1773168776.966870693,1,0,0.01
1773168777.989774476,0,0,9.83
1773168777.989774476,1,0,0.01
1773168779.012430960,0,0,9.83
1773168779.012430960,1,0,0.01
1773168780.035336824,0,0,9.83
1773168780.035336824,1,0,0.01
1773168781.057431318,0,0,9.83
1773168781.057431318,1,0,0.01
1773168782.079591777,0,0,9.83
1773168782.079591777,1,0,0.01
1773168783.102084133,0,0,9.83
1773168783.102084133,1,0,0.01
1773168784.125101533,0,0,9.83
1773168784.125101533,1,0,0.01
1773168785.147660478,0,0,9.83
1773168785.147660478,1,0,0.01
1773168786.170933131,0,0,9.83
1773168786.170933131,1,0,0.01
1773168787.193344766,0,0,9.83
1773168787.193344766,1,0,0.01
1773168788.217176898,0,0,9.83
1773168788.217176898,1,0,0.01
1773168789.239473053,0,0,9.83
1773168789.239473053,1,0,0.01
1773168790.262092852,0,0,9.83
1773168790.262092852,1,0,0.01
1773168791.286009200,0,0,9.83
1773168791.286009200,1,0,0.01
1773168792.308873291,0,0,9.83
1773168792.308873291,1,0,0.01
1773168793.331314133,0,0,9.83
1773168793.331314133,1,0,0.01
1773168794.354401554,0,0,9.83
1773168794.354401554,1,0,0.01
1773168795.377140089,0,0,9.83
1773168795.377140089,1,0,0.01
1773168796.399346237,0,0,9.83
1773168796.399346237,1,0,0.01
1773168797.421812352,0,0,9.83
1773168797.421812352,1,0,0.01
1773168798.444112715,0,0,9.83
1773168798.444112715,1,0,0.01
1773168799.466180609,0,0,9.83
1773168799.466180609,1,0,0.01
1773168800.488899903,0,0,9.83
1773168800.488899903,1,0,0.01
1773168801.511229778,0,0,9.83
1773168801.511229778,1,0,0.01
1773168802.534361043,0,0,9.83
1773168802.534361043,1,0,0.01
1773168803.556558764,0,0,9.83
1773168803.556558764,1,0,0.01
1773168804.578776028,0,0,9.83
1773168804.578776028,1,0,0.01
1773168805.601200901,0,1,9.83
1773168805.601200901,1,0,0.01
1773168806.623667861,0,0,9.83
1773168806.623667861,1,0,0.01
1773168807.645048968,0,0,9.83
1773168807.645048968,1,0,0.01
1773168808.668012606,0,0,9.83
1773168808.668012606,1,0,0.01
1773168809.690262354,0,0,9.83
1773168809.690262354,1,0,0.01
1773168810.712095222,0,0,9.83
1773168810.712095222,1,0,0.01
1773168811.734503224,0,0,9.83
1773168811.734503224,1,0,0.01
1773168812.757520165,0,0,9.83
1773168812.757520165,1,0,0.01
1773168813.780698980,0,0,9.83
1773168813.780698980,1,0,0.01
1773168814.804063506,0,0,9.83
1773168814.804063506,1,0,0.01
1773168815.828091279,0,0,9.83
1773168815.828091279,1,0,0.01
1773168816.851062789,0,0,9.83
1773168816.851062789,1,0,0.01
1773168817.875248810,0,0,9.83
1773168817.875248810,1,0,0.01
1773168818.898963162,0,0,9.83
1773168818.898963162,1,0,0.01
1773168819.922155386,0,0,9.83
1773168819.922155386,1,0,0.01
1773168820.945509836,0,0,9.83
1773168820.945509836,1,0,0.01
1773168821.969295076,0,0,9.83
1773168821.969295076,1,0,0.01
1773168822.990874053,0,0,9.83
1773168822.990874053,1,0,0.01
1773168824.015540858,0,0,9.83
1773168824.015540858,1,0,0.01
1773168825.039098561,0,0,9.83
1773168825.039098561,1,0,0.01
1773168826.062318102,0,0,9.83
1773168826.062318102,1,0,0.01
1773168827.085263398,0,0,9.83
1773168827.085263398,1,0,0.01
1773168828.107717324,0,0,9.83
1773168828.107717324,1,0,0.01
1773168829.131608565,0,0,9.83
1773168829.131608565,1,0,0.01
1773168830.154322925,0,0,9.83
1773168830.154322925,1,0,0.01
1773168831.176653288,0,0,9.83
1773168831.176653288,1,0,0.01
1773168832.200729351,0,0,9.83
1773168832.200729351,1,0,0.01
1773168833.224242444,0,0,9.83
1773168833.224242444,1,0,0.01
1773168834.247481705,0,0,9.83
1773168834.247481705,1,0,0.01
1773168835.271193742,0,0,9.83
1773168835.271193742,1,0,0.01
1773168836.295128047,0,0,9.83
1773168836.295128047,1,0,0.01
1773168837.319296957,0,1,9.83
1773168837.319296957,1,0,0.01
1773168838.342148670,0,0,9.83
1773168838.342148670,1,0,0.01
1773168839.365585996,0,0,9.83
1773168839.365585996,1,0,0.01
1773168840.388377271,0,0,9.83
1773168840.388377271,1,0,0.01
1773168841.411162195,0,0,9.83
1773168841.411162195,1,0,0.01
1773168842.434031280,0,0,9.83
1773168842.434031280,1,0,0.01
1773168843.457404856,0,0,9.83
1773168843.457404856,1,0,0.01
1773168844.480048323,0,0,9.83
1773168844.480048323,1,0,0.01
1773168845.502052213,0,0,9.83
1773168845.502052213,1,0,0.01
1773168846.524196109,0,0,9.83
1773168846.524196109,1,0,0.01
1773168847.548007256,0,0,9.83
1773168847.548007256,1,0,0.01
1773168848.570620764,0,0,9.83
1773168848.570620764,1,0,0.01
1773168849.592793033,0,0,9.83
1773168849.592793033,1,0,0.01
1773168850.615488966,0,0,9.83
1773168850.615488966,1,0,0.01
1773168851.638482428,0,0,9.83
1773168851.638482428,1,0,0.01
1773168852.660857550,0,0,9.83
1773168852.660857550,1,0,0.01
1773168853.683391439,0,0,9.83
1773168853.683391439,1,0,0.01
1773168854.707794709,0,0,9.83
1773168854.707794709,1,0,0.01
1773168855.730896556,0,59,9.83
1773168855.730896556,1,0,0.01
1773168856.754308867,0,60,9.83
1773168856.754308867,1,0,0.01
1773168857.777252283,0,58,9.83
1773168857.777252283,1,0,0.01
1773168858.800370200,0,99,9.83
1773168858.800370200,1,0,0.01
1773168859.823474070,0,99,9.83
1773168859.823474070,1,0,0.01
1773168860.846270254,0,60,9.83
1773168860.846270254,1,0,0.01
1773168861.868980648,0,59,9.83
1773168861.868980648,1,0,0.01
1773168862.891870610,0,59,9.83
1773168862.891870610,1,0,0.01
1773168863.915641588,0,0,9.83
1773168863.915641588,1,0,0.01
1773168864.937405243,0,0,9.83
1773168864.937405243,1,0,0.01
1773168865.959969675,0,0,9.83
1773168865.959969675,1,0,0.01
1773168866.983546081,0,0,9.83
1773168866.983546081,1,0,0.01
1773168868.006295718,0,0,9.83
1773168868.006295718,1,0,0.01
1773168869.028894009,0,46,9.83
1773168869.028894009,1,0,0.01
1773168870.051388731,0,61,9.83
1773168870.051388731,1,0,0.01
1773168871.075577853,0,0,9.83
1773168871.075577853,1,0,0.01
1773168872.097945843,0,0,9.83
1773168872.097945843,1,0,0.01
1773168873.121734141,0,0,9.83
1773168873.121734141,1,0,0.01
1773168874.144338629,0,0,9.83
1773168874.144338629,1,0,0.01
1773168875.166462889,0,0,9.83
1773168875.166462889,1,0,0.01
1773168876.189533801,0,0,9.83
1773168876.189533801,1,0,0.01
1773168877.212216040,0,0,9.83
1773168877.212216040,1,0,0.01
1773168878.233785283,0,0,9.83
1773168878.233785283,1,0,0.01
1773168879.255950425,0,0,9.83
1773168879.255950425,1,0,0.01
1773168880.277678350,0,0,9.83
1773168880.277678350,1,0,0.01
1773168881.300647183,0,0,9.83
1773168881.300647183,1,0,0.01
1773168882.324224851,0,0,9.83
1773168882.324224851,1,0,0.01
1773168883.346385870,0,0,9.83
1773168883.346385870,1,0,0.01
1773168884.369330368,0,0,9.83
1773168884.369330368,1,0,0.01
1773168885.391648269,0,0,9.83
1773168885.391648269,1,0,0.01
1773168886.414306599,0,0,9.83
1773168886.414306599,1,0,0.01
1773168887.437451428,0,0,9.83
1773168887.437451428,1,0,0.01
1773168888.459310460,0,0,9.83
1773168888.459310460,1,0,0.01
1773168889.482261908,0,0,9.83
1773168889.482261908,1,0,0.01
1773168890.503845058,0,60,9.83
1773168890.503845058,1,0,0.01
1773168891.526141006,0,60,9.83
1773168891.526141006,1,0,0.01
1773168892.548027466,0,1,9.83
1773168892.548027466,1,0,0.01
1773168893.571340658,0,0,9.83
1773168893.571340658,1,0,0.01
1773168894.593932741,0,0,9.83
1773168894.593932741,1,0,0.01
1773168895.616441207,0,0,9.83
1773168895.616441207,1,0,0.01
1773168896.639099141,0,57,9.83
1773168896.639099141,1,0,0.01
1773168897.662405062,0,60,9.83
1773168897.662405062,1,0,0.01
1773168898.685017691,0,0,9.83
1773168898.685017691,1,0,0.01
1773168899.708108416,0,0,9.83
1773168899.708108416,1,0,0.01
1773168900.731124373,0,0,9.83
1773168900.731124373,1,0,0.01
1773168901.755303937,0,0,9.83
1773168901.755303937,1,0,0.01
1773168902.777391014,0,0,9.83
1773168902.777391014,1,0,0.01
1773168903.799935845,0,0,9.83
1773168903.799935845,1,0,0.01
1773168904.822038034,0,0,9.83
1773168904.822038034,1,0,0.01
1773168905.843709838,0,0,9.83
1773168905.843709838,1,0,0.01
1773168906.866614467,0,0,9.83
1773168906.866614467,1,0,0.01
1773168907.889714315,0,0,9.83
1773168907.889714315,1,0,0.01
1773168908.912620723,0,0,9.83
1773168908.912620723,1,0,0.01
1773168909.935081236,0,0,9.83
1773168909.935081236,1,0,0.01
1773168910.957649117,0,0,9.83
1773168910.957649117,1,0,0.01
1773168911.980262206,0,0,9.83
1773168911.980262206,1,0,0.01
1773168913.001987904,0,0,9.83
1773168913.001987904,1,0,0.01
1773168914.024929670,0,0,9.83
1773168914.024929670,1,0,0.01
1773168915.047471981,0,0,9.83
1773168915.047471981,1,0,0.01
1773168916.069355910,0,0,9.83
1773168916.069355910,1,0,0.01
1773168917.092072756,0,0,9.83
1773168917.092072756,1,0,0.01
1773168918.115032531,0,1,9.83
1773168918.115032531,1,0,0.01
1773168919.138882188,0,0,9.83
1773168919.138882188,1,0,0.01
1773168920.161014554,0,0,9.83
1773168920.161014554,1,0,0.01
1773168921.183876728,0,1,9.83
1773168921.183876728,1,0,0.01
1773168922.207190624,0,0,9.83
1773168922.207190624,1,0,0.01
1773168923.231117121,0,0,9.83
1773168923.231117121,1,0,0.01
1773168924.254389013,0,0,9.83
1773168924.254389013,1,0,0.01
1773168925.276980317,0,0,9.83
1773168925.276980317,1,0,0.01
1773168926.299249845,0,0,9.83
1773168926.299249845,1,0,0.01
1773168927.322160834,0,0,9.83
1773168927.322160834,1,0,0.01
1773168928.343669097,0,62,9.83
1773168928.343669097,1,0,0.01
1773168929.368288716,0,61,9.83
1773168929.368288716,1,0,0.01
1773168930.391415949,0,0,9.83
1773168930.391415949,1,0,0.01
1773168931.413295666,0,0,9.83
1773168931.413295666,1,0,0.01
1773168932.436462256,0,0,9.83
1773168932.436462256,1,0,0.01
1773168933.458493877,0,0,9.83
1773168933.458493877,1,0,0.01
1773168934.481677152,0,0,9.83
1773168934.481677152,1,0,0.01
1773168935.505171572,0,1,9.83
1773168935.505171572,1,0,0.01
1773168936.528567130,0,0,9.83
1773168936.528567130,1,0,0.01
1773168937.550178031,0,0,9.83
1773168937.550178031,1,0,0.01
1773168938.571904199,0,0,9.83
1773168938.571904199,1,0,0.01
1773168939.594220903,0,1,9.83
1773168939.594220903,1,0,0.01
1773168940.616271417,0,0,9.83
1773168940.616271417,1,0,0.01
1773168941.638337170,0,0,9.83
1773168941.638337170,1,0,0.01
1773168942.661316511,0,0,9.83
1773168942.661316511,1,0,0.01
1773168943.685538860,0,0,9.83
1773168943.685538860,1,0,0.01
1773168944.708581784,0,0,9.83
1773168944.708581784,1,0,0.01
1773168945.731877480,0,0,9.83
1773168945.731877480,1,0,0.01
1773168946.754790486,0,0,9.83
1773168946.754790486,1,0,0.01
1773168947.777966298,0,0,9.83
1773168947.777966298,1,0,0.01
1773168948.802698506,0,0,9.83
1773168948.802698506,1,0,0.01
1773168949.825517347,0,0,9.83
1773168949.825517347,1,0,0.01
1773168950.847393139,0,0,9.83
1773168950.847393139,1,0,0.01
1773168951.870918114,0,0,9.83
1773168951.870918114,1,0,0.01
1773168952.894322188,0,0,9.83
1773168952.894322188,1,0,0.01
1773168953.917407373,0,0,9.83
1773168953.917407373,1,0,0.01
1773168954.940122914,0,0,9.83
1773168954.940122914,1,0,0.01
1773168955.963448490,0,0,9.83
1773168955.963448490,1,0,0.01
1773168956.986197702,0,0,9.83
1773168956.986197702,1,0,0.01
1773168958.009051513,0,0,9.83
1773168958.009051513,1,0,0.01
1773168959.031007722,0,0,9.83
1773168959.031007722,1,0,0.01
1773168960.053539116,0,0,9.83
1773168960.053539116,1,0,0.01
1773168961.073872592,0,0,9.83
1773168961.073872592,1,0,0.01
1773168962.094576342,0,0,9.83
1773168962.094576342,1,0,0.01
1773168963.117087620,0,0,9.83
1773168963.117087620,1,0,0.01
1773168964.138942407,0,0,9.83
1773168964.138942407,1,0,0.01
1773168965.161291430,0,0,9.83
1773168965.161291430,1,0,0.01
1773168966.182142684,0,0,9.83
1773168966.182142684,1,0,0.01
1773168967.203917444,0,67,9.83
1773168967.203917444,1,0,0.01
1773168968.225825338,0,60,9.83
1773168968.225825338,1,0,0.01
1773168969.249577225,0,0,9.83
1773168969.249577225,1,0,0.01
1773168970.271304602,0,0,9.83
1773168970.271304602,1,0,0.01
1773168971.292895549,0,0,9.83
1773168971.292895549,1,0,0.01
1773168972.315693779,0,0,9.83
1773168972.315693779,1,0,0.01
1773168973.337255171,0,0,9.83
1773168973.337255171,1,0,0.01
1773168974.358542045,0,0,9.83
1773168974.358542045,1,0,0.01
1773168975.380503826,0,0,9.83
1773168975.380503826,1,0,0.01
1773168976.402335700,0,0,9.83
1773168976.402335700,1,0,0.01
1773168977.424666860,0,0,9.83
1773168977.424666860,1,0,0.01
1773168978.447575462,0,0,9.83
1773168978.447575462,1,0,0.01
1773168979.469033396,0,0,9.83
1773168979.469033396,1,0,0.01
1773168980.492122559,0,0,9.83
1773168980.492122559,1,0,0.01
1773168981.513807821,0,0,9.83
1773168981.513807821,1,0,0.01
1773168982.536197797,0,0,9.83
1773168982.536197797,1,0,0.01
1773168983.559725038,0,0,9.83
1773168983.559725038,1,0,0.01
1773168984.582081627,0,0,9.83
1773168984.582081627,1,0,0.01
1773168985.603568699,0,0,9.83
1773168985.603568699,1,0,0.01
1773168986.626251380,0,0,9.83
1773168986.626251380,1,0,0.01
1773168987.647915918,0,0,9.83
1773168987.647915918,1,0,0.01
1773168988.669889028,0,0,9.83
1773168988.669889028,1,0,0.01
1773168989.693197975,0,0,9.83
1773168989.693197975,1,0,0.01
1773168990.715177624,0,0,9.83
1773168990.715177624,1,0,0.01
1773168991.738099967,0,0,9.83
1773168991.738099967,1,0,0.01
1773168992.760750148,0,0,9.83
1773168992.760750148,1,0,0.01
1773168993.783673192,0,0,9.83
1773168993.783673192,1,0,0.01
1773168994.806316293,0,0,9.83
1773168994.806316293,1,0,0.01
1773168995.828376347,0,0,9.83
1773168995.828376347,1,0,0.01
1773168996.850694205,0,0,9.83
1773168996.850694205,1,0,0.01
1773168997.872478375,0,0,9.83
1773168997.872478375,1,0,0.01
1773168998.894658075,0,0,9.83
1773168998.894658075,1,0,0.01
1773168999.916009612,0,62,9.83
1773168999.916009612,1,0,0.01
1773169000.938673423,0,62,9.83
1773169000.938673423,1,0,0.01
1773169001.961670084,0,0,9.83
1773169001.961670084,1,0,0.01
1773169002.983088526,0,0,9.83
1773169002.983088526,1,0,0.01
1773169004.004380201,0,0,9.83
1773169004.004380201,1,0,0.01
1773169005.027746853,0,0,9.83
1773169005.027746853,1,0,0.01
1773169006.049123085,0,0,9.83
1773169006.049123085,1,0,0.01
1773169007.071555986,0,0,9.83
1773169007.071555986,1,0,0.01
1773169008.092793819,0,0,9.83
1773169008.092793819,1,0,0.01
1773169009.114618170,0,0,9.83
1773169009.114618170,1,0,0.01
1773169010.135872545,0,0,9.83
1773169010.135872545,1,0,0.01
1773169011.157016828,0,0,9.83
1773169011.157016828,1,0,0.01
1773169012.178840265,0,0,9.83
1773169012.178840265,1,0,0.01
1773169013.201344547,0,0,9.83
1773169013.201344547,1,0,0.01
1773169014.223057680,0,0,9.83
1773169014.223057680,1,0,0.01
1773169015.245654252,0,0,9.83
1773169015.245654252,1,0,0.01
1773169016.269255576,0,0,9.83
1773169016.269255576,1,0,0.01
1773169017.290615899,0,0,9.83
1773169017.290615899,1,0,0.01
1773169018.313252323,0,0,9.83
1773169018.313252323,1,0,0.01
1773169019.335772757,0,0,9.83
1773169019.335772757,1,0,0.01
1773169020.358713578,0,0,9.83
1773169020.358713578,1,0,0.01
1773169021.381265625,0,0,9.83
1773169021.381265625,1,0,0.01
1773169022.404763036,0,0,9.83
1773169022.404763036,1,0,0.01
1773169023.427398493,0,0,9.83
1773169023.427398493,1,0,0.01
1773169024.449303732,0,64,9.83
1773169024.449303732,1,0,0.01
1773169025.472059590,0,66,9.83
1773169025.472059590,1,0,0.01
1773169026.494072492,0,0,9.83
1773169026.494072492,1,0,0.01
1773169027.517638107,0,0,9.83
1773169027.517638107,1,0,0.01
1773169028.540993302,0,0,9.83
1773169028.540993302,1,0,0.01
1773169029.562634041,0,65,9.83
1773169029.562634041,1,0,0.01
1773169030.585413418,0,65,9.83
1773169030.585413418,1,0,0.01
1773169031.607812880,0,0,9.83
1773169031.607812880,1,0,0.01
1773169032.630199931,0,0,9.83
1773169032.630199931,1,0,0.01
1773169033.652610872,0,0,9.83
1773169033.652610872,1,0,0.01
1773169034.676008922,0,0,9.83
1773169034.676008922,1,0,0.01
1773169035.698953501,0,0,9.83
1773169035.698953501,1,0,0.01
1773169036.721575759,0,0,9.83
1773169036.721575759,1,0,0.01
1773169037.744042341,0,0,9.83
1773169037.744042341,1,0,0.01
1773169038.766840895,0,0,9.83
1773169038.766840895,1,0,0.01
1773169039.789972644,0,0,9.83
1773169039.789972644,1,0,0.01
1773169040.811450161,0,0,9.83
1773169040.811450161,1,0,0.01
1773169041.832827140,0,0,9.83
1773169041.832827140,1,0,0.01
1773169042.855520425,0,0,9.83
1773169042.855520425,1,0,0.01
1773169043.876909318,0,0,9.83
1773169043.876909318,1,0,0.01
1773169044.900251871,0,0,9.83
1773169044.900251871,1,0,0.01
1773169045.922984370,0,0,9.83
1773169045.922984370,1,0,0.01
1773169046.945490949,0,0,9.83
1773169046.945490949,1,0,0.01
1773169047.966908968,0,0,9.83
1773169047.966908968,1,0,0.01
1773169048.989846710,0,0,9.83
1773169048.989846710,1,0,0.01
1773169050.012224918,0,0,9.83
1773169050.012224918,1,0,0.01
1773169051.035469649,0,0,9.83
1773169051.035469649,1,0,0.01
1773169052.057993313,0,0,9.83
1773169052.057993313,1,0,0.01
1773169053.080618205,0,0,9.83
1773169053.080618205,1,0,0.01
1773169054.103118900,0,0,9.83
1773169054.103118900,1,0,0.01
1773169055.125444921,0,0,9.83
1773169055.125444921,1,0,0.01
1773169056.147983981,0,0,9.83
1773169056.147983981,1,0,0.01
1773169057.171187312,0,0,9.83
1773169057.171187312,1,0,0.01
1773169058.193728262,0,0,9.83
1773169058.193728262,1,0,0.01
1773169059.216331825,0,0,9.83
1773169059.216331825,1,0,0.01
1773169060.239723692,0,0,9.83
1773169060.239723692,1,0,0.01
1773169061.262507164,0,42,9.83
1773169061.262507164,1,0,0.01
1773169062.284288042,0,60,9.83
1773169062.284288042,1,0,0.01
1773169063.306177826,0,55,9.83
1773169063.306177826,1,0,0.01
1773169064.328896118,0,0,9.83
1773169064.328896118,1,0,0.01
1773169065.351445417,0,0,9.83
1773169065.351445417,1,0,0.01
1773169066.374370634,0,0,9.83
1773169066.374370634,1,0,0.01
1773169067.397052300,0,0,9.83
1773169067.397052300,1,0,0.01
1773169068.419713131,0,0,9.83
1773169068.419713131,1,0,0.01
1773169069.442982933,0,0,9.83
1773169069.442982933,1,0,0.01
1773169070.466572706,0,0,9.83
1773169070.466572706,1,0,0.01
1773169071.489181123,0,0,9.83
1773169071.489181123,1,0,0.01
1773169072.511866631,0,0,9.83
1773169072.511866631,1,0,0.01
1773169073.534262352,0,0,9.83
1773169073.534262352,1,0,0.01
1773169074.556728068,0,0,9.83
1773169074.556728068,1,0,0.01
1773169075.579809803,0,0,9.83
1773169075.579809803,1,0,0.01
1773169076.602525711,0,0,9.83
1773169076.602525711,1,0,0.01
1773169077.625709679,0,0,9.83
1773169077.625709679,1,0,0.01
1773169078.648338793,0,0,9.83
1773169078.648338793,1,0,0.01
1773169079.671179803,0,0,9.83
1773169079.671179803,1,0,0.01
1773169080.693894758,0,63,9.83
1773169080.693894758,1,0,0.01
1773169081.716908548,0,63,9.83
1773169081.716908548,1,0,0.01
1773169082.739999229,0,0,9.83
1773169082.739999229,1,0,0.01
1773169083.761909109,0,0,9.83
1773169083.761909109,1,0,0.01
1773169084.783978321,0,0,9.83
1773169084.783978321,1,0,0.01
1773169085.806038268,0,0,9.83
1773169085.806038268,1,0,0.01
1773169086.828937332,0,0,9.83
1773169086.828937332,1,0,0.01
1773169087.851549190,0,64,9.83
1773169087.851549190,1,0,0.01
1773169088.874941961,0,62,9.83
1773169088.874941961,1,0,0.01
1773169089.897699439,0,0,9.83
1773169089.897699439,1,0,0.01
1773169090.920495459,0,0,9.83
1773169090.920495459,1,0,0.01
1773169091.943099342,0,0,9.83
1773169091.943099342,1,0,0.01
1773169092.965850438,0,0,9.83
1773169092.965850438,1,0,0.01
1773169093.987875232,0,0,9.83
1773169093.987875232,1,0,0.01
1773169095.010136877,0,0,9.83
1773169095.010136877,1,0,0.01
1773169096.032158005,0,0,9.83
1773169096.032158005,1,0,0.01
1773169097.055031757,0,0,9.83
1773169097.055031757,1,0,0.01
1773169098.078724946,0,0,9.83
1773169098.078724946,1,0,0.01
1773169099.101681011,0,0,9.83
1773169099.101681011,1,0,0.01
1773169100.123744468,0,0,9.83
1773169100.123744468,1,0,0.01
1773169101.145800926,0,0,9.83
1773169101.145800926,1,0,0.01
1773169102.168476754,0,0,9.83
1773169102.168476754,1,0,0.01
1773169103.190167772,0,0,9.83
1773169103.190167772,1,0,0.01
1773169104.211940116,0,0,9.83
1773169104.211940116,1,0,0.01
1773169105.234779186,0,0,9.83
1773169105.234779186,1,0,0.01
1773169106.257540057,0,66,9.83
1773169106.257540057,1,0,0.01
1773169107.280108322,0,65,9.83
1773169107.280108322,1,0,0.01
1773169108.302572414,0,0,9.83
1773169108.302572414,1,0,0.01
1773169109.324726772,0,0,9.83
1773169109.324726772,1,0,0.01
1773169110.347405008,0,0,9.83
1773169110.347405008,1,0,0.01
1773169111.370519317,0,0,9.83
1773169111.370519317,1,0,0.01
1773169112.393164426,0,0,9.83
1773169112.393164426,1,0,0.01
1773169113.415903308,0,0,9.83
1773169113.415903308,1,0,0.01
1773169114.438941607,0,0,9.83
1773169114.438941607,1,0,0.01
1773169115.459821628,0,0,9.83
1773169115.459821628,1,0,0.01
1773169116.482386851,0,0,9.83
1773169116.482386851,1,0,0.01
1773169117.503955429,0,0,9.83
1773169117.503955429,1,0,0.01
1773169118.526921182,0,0,9.83
1773169118.526921182,1,0,0.01
1773169119.548547711,0,0,9.83
1773169119.548547711,1,0,0.01
1773169120.572080670,0,0,9.83
1773169120.572080670,1,0,0.01
1773169121.593979067,0,0,9.83
1773169121.593979067,1,0,0.01
1773169122.616001578,0,0,9.83
1773169122.616001578,1,0,0.01
1773169123.637541344,0,0,9.83
1773169123.637541344,1,0,0.01
1773169124.658442843,0,0,9.83
1773169124.658442843,1,0,0.01
1773169125.680746106,0,0,9.83
1773169125.680746106,1,0,0.01
1773169126.702388183,0,0,9.83
1773169126.702388183,1,0,0.01
1773169127.724809195,0,0,9.83
1773169127.724809195,1,0,0.01
1773169128.745581944,0,1,9.83
1773169128.745581944,1,0,0.01
1773169129.768404006,0,0,9.83
1773169129.768404006,1,0,0.01
1773169130.790396051,0,0,9.83
1773169130.790396051,1,0,0.01
1773169131.812085788,0,0,9.83
1773169131.812085788,1,0,0.01
1773169132.834199392,0,0,9.83
1773169132.834199392,1,0,0.01
1773169133.855981703,0,1,9.83
1773169133.855981703,1,0,0.01
1773169134.878563906,0,0,9.83
1773169134.878563906,1,0,0.01
1773169135.901264911,0,0,9.83
1773169135.901264911,1,0,0.01
1773169136.924797377,0,0,9.83
1773169136.924797377,1,0,0.01
1773169137.946620730,0,0,9.83
1773169137.946620730,1,0,0.01
1773169138.968573142,0,0,9.83
1773169138.968573142,1,0,0.01
1773169139.991714583,0,0,9.83
1773169139.991714583,1,0,0.01
1773169141.014986001,0,0,9.83
1773169141.014986001,1,0,0.01
1773169142.037402019,0,1,9.83
1773169142.037402019,1,0,0.01
1773169143.059910793,0,0,9.83
1773169143.059910793,1,0,0.01
1773169144.082522906,0,0,9.83
1773169144.082522906,1,0,0.01
1773169145.105119085,0,0,9.83
1773169145.105119085,1,0,0.01
1773169146.125664029,0,0,9.83
1773169146.125664029,1,0,0.01
1773169147.148645446,0,0,9.83
1773169147.148645446,1,0,0.01
1773169148.170418937,0,0,9.83
1773169148.170418937,1,0,0.01
1773169149.193390209,0,0,9.83
1773169149.193390209,1,0,0.01
1773169150.215230871,0,0,9.83
1773169150.215230871,1,0,0.01
1773169151.237660924,0,0,9.83
1773169151.237660924,1,0,0.01
1773169152.260391506,0,61,9.83
1773169152.260391506,1,0,0.01
1773169153.282631849,0,61,9.83
1773169153.282631849,1,0,0.01
1773169154.305070000,0,0,9.83
1773169154.305070000,1,0,0.01
1773169155.328546166,0,0,9.83
1773169155.328546166,1,0,0.01
1773169156.351043469,0,0,9.83
1773169156.351043469,1,0,0.01
1773169157.373389288,0,0,9.83
1773169157.373389288,1,0,0.01
1773169158.396493802,0,0,9.83
1773169158.396493802,1,0,0.01
1773169159.419981084,0,1,9.83
1773169159.419981084,1,0,0.01
1773169160.443129683,0,0,9.83
1773169160.443129683,1,0,0.01
1773169161.466029033,0,0,9.83
1773169161.466029033,1,0,0.01
1773169162.488042615,0,0,9.83
1773169162.488042615,1,0,0.01
1773169163.510017538,0,0,9.83
1773169163.510017538,1,0,0.01
1773169164.531716715,0,0,9.83
1773169164.531716715,1,0,0.01
1773169165.553258404,0,0,9.83
1773169165.553258404,1,0,0.01
1773169166.575474678,0,0,9.83
1773169166.575474678,1,0,0.01
1773169167.598633126,0,0,9.83
1773169167.598633126,1,0,0.01
1773169168.621279072,0,0,9.83
1773169168.621279072,1,0,0.01
1773169169.643936782,0,0,9.83
1773169169.643936782,1,0,0.01
1773169170.667557279,0,0,9.83
1773169170.667557279,1,0,0.01
1773169171.690289122,0,0,9.83
1773169171.690289122,1,0,0.01
1773169172.712788256,0,0,9.83
1773169172.712788256,1,0,0.01
1773169173.735905859,0,0,9.83
1773169173.735905859,1,0,0.01
1773169174.757930901,0,0,9.83
1773169174.757930901,1,0,0.01
1773169175.780725266,0,0,9.83
1773169175.780725266,1,0,0.01
1773169176.804110988,0,0,9.83
1773169176.804110988,1,0,0.01
1773169177.826445911,0,0,9.83
1773169177.826445911,1,0,0.01
1773169178.849332001,0,0,9.83
1773169178.849332001,1,0,0.01
1773169179.872423073,0,0,9.83
1773169179.872423073,1,0,0.01
1773169180.895937782,0,0,9.83
1773169180.895937782,1,0,0.01
1773169181.919280231,0,0,9.83
1773169181.919280231,1,0,0.01
1773169182.942108581,0,0,9.83
1773169182.942108581,1,0,0.01
1773169183.965498940,0,0,9.83
1773169183.965498940,1,0,0.01
1773169184.988538165,0,0,9.83
1773169184.988538165,1,0,0.01
1773169186.011942474,0,0,9.83
1773169186.011942474,1,0,0.01
1773169187.034456924,0,0,9.83
1773169187.034456924,1,0,0.01
1773169188.057420304,0,0,9.83
1773169188.057420304,1,0,0.01
1773169189.080720836,0,0,9.83
1773169189.080720836,1,0,0.01
1773169190.103649793,0,0,9.83
1773169190.103649793,1,0,0.01
1773169191.127301871,0,0,9.83
1773169191.127301871,1,0,0.01
1773169192.150459398,0,0,9.83
1773169192.150459398,1,0,0.01
1773169193.173542843,0,0,9.83
1773169193.173542843,1,0,0.01
1773169194.195182152,0,0,9.83
1773169194.195182152,1,0,0.01
1773169195.217949592,0,0,9.83
1773169195.217949592,1,0,0.01
1773169196.239629907,0,61,9.83
1773169196.239629907,1,0,0.01
1773169197.262109485,0,60,9.83
1773169197.262109485,1,0,0.01
1773169198.285259963,0,0,9.83
1773169198.285259963,1,0,0.01
1773169199.307265595,0,0,9.83
1773169199.307265595,1,0,0.01
1773169200.330236735,0,0,9.83
1773169200.330236735,1,0,0.01
1773169201.352643919,0,0,9.83
1773169201.352643919,1,0,0.01
1773169202.375250732,0,0,9.83
1773169202.375250732,1,0,0.01
1773169203.397705976,0,0,9.83
1773169203.397705976,1,0,0.01
1773169204.419624114,0,0,9.83
1773169204.419624114,1,0,0.01
1773169205.441285321,0,0,9.83
1773169205.441285321,1,0,0.01
1773169206.463512983,0,0,9.83
1773169206.463512983,1,0,0.01
1773169207.485174616,0,0,9.83
1773169207.485174616,1,0,0.01
1773169208.507523233,0,0,9.83
1773169208.507523233,1,0,0.01
1773169209.529654348,0,0,9.83
1773169209.529654348,1,0,0.01
1773169210.551477342,0,0,9.83
1773169210.551477342,1,0,0.01
1773169211.573250179,0,0,9.83
1773169211.573250179,1,0,0.01
1773169212.594949089,0,0,9.83
1773169212.594949089,1,0,0.01
1773169213.616201110,0,0,9.83
1773169213.616201110,1,0,0.01
1773169214.638882175,0,0,9.83
1773169214.638882175,1,0,0.01
1773169215.661039176,0,61,9.83
1773169215.661039176,1,0,0.01
1773169216.683739161,0,63,9.83
1773169216.683739161,1,0,0.01
1773169217.705737074,0,0,9.83
1773169217.705737074,1,0,0.01
1773169218.727661457,0,0,9.83
1773169218.727661457,1,0,0.01
1773169219.749896523,0,0,9.83
1773169219.749896523,1,0,0.01
1773169220.772533953,0,0,9.83
1773169220.772533953,1,0,0.01
1773169221.795346686,0,0,9.83
1773169221.795346686,1,0,0.01
1773169222.817399206,0,0,9.83
1773169222.817399206,1,0,0.01
1773169223.839534319,0,0,9.83
1773169223.839534319,1,0,0.01
1773169224.861600406,0,0,9.83
1773169224.861600406,1,0,0.01
1773169225.884173953,0,0,9.83
1773169225.884173953,1,0,0.01
1773169226.906685903,0,0,9.83
1773169226.906685903,1,0,0.01
1773169227.927979005,0,0,9.83
1773169227.927979005,1,0,0.01
1773169228.950164517,0,0,9.83
1773169228.950164517,1,0,0.01
1773169229.972816694,0,0,9.83
1773169229.972816694,1,0,0.01
1773169230.994347275,0,0,9.83
1773169230.994347275,1,0,0.01
1773169232.016656177,0,0,9.83
1773169232.016656177,1,0,0.01
1773169233.038304899,0,0,9.83
1773169233.038304899,1,0,0.01
1773169234.060452266,0,0,9.83
1773169234.060452266,1,0,0.01
1773169235.082426759,0,68,9.83
1773169235.082426759,1,0,0.01
1773169236.105006869,0,68,9.83
1773169236.105006869,1,0,0.01
1773169237.126558531,0,0,9.83
1773169237.126558531,1,0,0.01
1773169238.149051708,0,0,9.83
1773169238.149051708,1,0,0.01
1773169239.172177721,0,0,9.83
1773169239.172177721,1,0,0.01
1773169240.194691851,0,0,9.83
1773169240.194691851,1,0,0.01
1773169241.217879692,0,0,9.83
1773169241.217879692,1,0,0.01
1773169242.240265694,0,0,9.83
1773169242.240265694,1,0,0.01
1773169243.262253128,0,0,9.83
1773169243.262253128,1,0,0.01
1773169244.285419982,0,0,9.83
1773169244.285419982,1,0,0.01
1773169245.307686038,0,0,9.83
1773169245.307686038,1,0,0.01
1773169246.330376289,0,0,9.83
1773169246.330376289,1,0,0.01
1773169247.354237500,0,0,9.83
1773169247.354237500,1,0,0.01
1773169248.377505849,0,1,9.83
1773169248.377505849,1,0,0.01
1773169249.400072549,0,0,9.83
1773169249.400072549,1,0,0.01
1773169250.423722427,0,0,9.83
1773169250.423722427,1,0,0.01
1773169251.447668883,0,0,9.83
1773169251.447668883,1,0,0.01
1773169252.470371410,0,0,9.83
1773169252.470371410,1,0,0.01
1773169253.492580414,0,0,9.83
1773169253.492580414,1,0,0.01
1773169254.514989996,0,0,9.83
1773169254.514989996,1,0,0.01
1773169255.537330109,0,0,9.83
1773169255.537330109,1,0,0.01
1773169256.559313409,0,0,9.83
1773169256.559313409,1,0,0.01
1773169257.581218327,0,0,9.83
1773169257.581218327,1,0,0.01
1773169258.603554619,0,0,9.83
1773169258.603554619,1,0,0.01
1773169259.625329112,0,0,9.83
1773169259.625329112,1,0,0.01
1773169260.647617597,0,0,9.83
1773169260.647617597,1,0,0.01
1773169261.670933325,0,0,9.83
1773169261.670933325,1,0,0.01
1773169262.693061648,0,0,9.83
1773169262.693061648,1,0,0.01
1773169263.714818596,0,0,9.83
1773169263.714818596,1,0,0.01
1773169264.737163895,0,0,9.83
1773169264.737163895,1,0,0.01
1773169265.759036690,0,0,9.83
1773169265.759036690,1,0,0.01
1773169266.781488562,0,0,9.83
1773169266.781488562,1,0,0.01
1773169267.804267156,0,0,9.83
1773169267.804267156,1,0,0.01
1773169268.827053441,0,1,9.83
1773169268.827053441,1,0,0.01
1773169269.849937186,0,0,9.83
1773169269.849937186,1,0,0.01
1773169270.872398760,0,0,9.83
1773169270.872398760,1,0,0.01
1773169271.895713787,0,0,9.83
1773169271.895713787,1,0,0.01
1773169272.918635735,0,0,9.83
1773169272.918635735,1,0,0.01
1773169273.941185257,0,0,9.83
1773169273.941185257,1,0,0.01
1773169274.963621827,0,0,9.83
1773169274.963621827,1,0,0.01
1773169275.986425335,0,0,9.83
1773169275.986425335,1,0,0.01
1773169277.009429008,0,0,9.83
1773169277.009429008,1,0,0.01
1773169278.032579114,0,0,9.83
1773169278.032579114,1,0,0.01
1773169279.056179519,0,0,9.83
1773169279.056179519,1,0,0.01
1773169280.079102621,0,0,9.83
1773169280.079102621,1,0,0.01
1773169281.100961017,0,0,9.83
1773169281.100961017,1,0,0.01
1773169282.122655807,0,0,9.83
1773169282.122655807,1,0,0.01
1773169283.144733727,0,0,9.83
1773169283.144733727,1,0,0.01
1773169284.166114563,0,0,9.83
1773169284.166114563,1,0,0.01
1773169285.189615294,0,0,9.83
1773169285.189615294,1,0,0.01
1773169286.212089123,0,0,9.83
1773169286.212089123,1,0,0.01
1773169287.234226920,0,0,9.83
1773169287.234226920,1,0,0.01
1773169288.256483786,0,0,9.83
1773169288.256483786,1,0,0.01
1773169289.279557106,0,0,9.83
1773169289.279557106,1,0,0.01
1773169290.301649694,0,0,9.83
1773169290.301649694,1,0,0.01
1773169291.324465877,0,0,9.83
1773169291.324465877,1,0,0.01
1773169292.346689122,0,0,9.83
1773169292.346689122,1,0,0.01
1773169293.369847193,0,0,9.83
1773169293.369847193,1,0,0.01
1773169294.392454636,0,0,9.83
1773169294.392454636,1,0,0.01
1773169295.415542207,0,0,9.83
1773169295.415542207,1,0,0.01
1773169296.437452008,0,0,9.83
1773169296.437452008,1,0,0.01
1773169297.460276279,0,0,9.83
1773169297.460276279,1,0,0.01
1773169298.482456641,0,1,9.83
1773169298.482456641,1,0,0.01
1773169299.504562143,0,0,9.83
1773169299.504562143,1,0,0.01
1773169300.526681377,0,0,9.83
1773169300.526681377,1,0,0.01
1773169301.548969010,0,61,9.83
1773169301.548969010,1,0,0.01
1773169302.570980347,0,47,9.83
1773169302.570980347,1,0,0.01
1773169303.593387651,0,0,9.83
1773169303.593387651,1,0,0.01
1773169304.616025309,0,0,9.83
1773169304.616025309,1,0,0.01
1773169305.638485462,0,0,9.83
1773169305.638485462,1,0,0.01
1773169306.660391100,0,0,9.83
1773169306.660391100,1,0,0.01
1773169307.682039710,0,0,9.83
1773169307.682039710,1,0,0.01
1773169308.704569492,0,0,9.83
1773169308.704569492,1,0,0.01
1773169309.726569822,0,0,9.83
1773169309.726569822,1,0,0.01
1773169310.748532111,0,0,9.83
1773169310.748532111,1,0,0.01
1773169311.771205176,0,0,9.83
1773169311.771205176,1,0,0.01
1773169312.793960387,0,0,9.83
1773169312.793960387,1,0,0.01
1773169313.816701618,0,0,9.83
1773169313.816701618,1,0,0.01
1773169314.840012505,0,0,9.83
1773169314.840012505,1,0,0.01
1773169315.862734253,0,0,9.83
1773169315.862734253,1,0,0.01
1773169316.886653626,0,0,9.83
1773169316.886653626,1,0,0.01
1773169317.909956787,0,0,9.83
1773169317.909956787,1,0,0.01
1773169318.933064544,0,0,9.83
1773169318.933064544,1,0,0.01
1773169319.956155085,0,0,9.83
1773169319.956155085,1,0,0.01
1773169320.978450019,0,0,9.83
1773169320.978450019,1,0,0.01
1773169322.000000518,0,0,9.83
1773169322.000000518,1,0,0.01
1773169323.022574301,0,0,9.83
1773169323.022574301,1,0,0.01
1773169324.045260717,0,0,9.83
1773169324.045260717,1,0,0.01
1773169325.067753531,0,0,9.83
1773169325.067753531,1,0,0.01
1773169326.090675814,0,0,9.83
1773169326.090675814,1,0,0.01
1773169327.113407910,0,0,9.83
1773169327.113407910,1,0,0.01
1773169328.137022576,0,0,9.83
1773169328.137022576,1,0,0.01
1773169329.160942617,0,0,9.83
1773169329.160942617,1,0,0.01
1773169330.183622059,0,0,9.83
1773169330.183622059,1,0,0.01
1773169331.207316098,0,0,9.83
1773169331.207316098,1,0,0.01
1773169332.230182184,0,0,9.83
1773169332.230182184,1,0,0.01
1773169333.253388023,0,0,9.83
1773169333.253388023,1,0,0.01
1773169334.275242077,0,0,9.83
1773169334.275242077,1,0,0.01
1773169335.298049077,0,0,9.83
1773169335.298049077,1,0,0.01
1773169336.320041866,0,0,9.83
1773169336.320041866,1,0,0.01
1773169337.343014196,0,0,9.83
1773169337.343014196,1,0,0.01
1773169338.365902394,0,0,9.83
1773169338.365902394,1,0,0.01
1773169339.389081947,0,0,9.83
1773169339.389081947,1,0,0.01
1773169340.411049253,0,0,9.83
1773169340.411049253,1,0,0.01
1773169341.434787503,0,0,9.83
1773169341.434787503,1,0,0.01
1773169342.457801831,0,0,9.83
1773169342.457801831,1,0,0.01
1773169343.480949828,0,0,9.83
1773169343.480949828,1,0,0.01
1773169344.503783217,0,0,9.83
1773169344.503783217,1,0,0.01
1773169345.527034077,0,0,9.83
1773169345.527034077,1,0,0.01
1773169346.550096373,0,0,9.83
1773169346.550096373,1,0,0.01
1773169347.572255571,0,0,9.83
1773169347.572255571,1,0,0.01
1773169348.595306900,0,0,9.83
1773169348.595306900,1,0,0.01
1773169349.618062886,0,0,9.83
1773169349.618062886,1,0,0.01
1773169350.640704123,0,0,9.83
1773169350.640704123,1,0,0.01
1773169351.664151273,0,0,9.83
1773169351.664151273,1,0,0.01
1773169352.687956449,0,0,9.83
1773169352.687956449,1,0,0.01
1773169353.710936298,0,0,9.83
1773169353.710936298,1,0,0.01
1773169354.735109502,0,0,9.83
1773169354.735109502,1,0,0.01
1773169355.758792568,0,0,9.83
1773169355.758792568,1,0,0.01
1773169356.781695366,0,0,9.83
1773169356.781695366,1,0,0.01
1773169357.804475783,0,0,9.83
1773169357.804475783,1,0,0.01
1773169358.827489114,0,0,9.83
1773169358.827489114,1,0,0.01
1773169359.848595565,0,0,9.83
1773169359.848595565,1,0,0.01
1773169360.871902370,0,0,9.83
1773169360.871902370,1,0,0.01
1773169361.896005869,0,0,9.83
1773169361.896005869,1,0,0.01
1773169362.918093416,0,0,9.83
1773169362.918093416,1,0,0.01
1773169363.942024569,0,0,9.83
1773169363.942024569,1,0,0.01
1773169364.965079347,0,0,9.83
1773169364.965079347,1,0,0.01
1773169365.988447909,0,0,9.83
1773169365.988447909,1,0,0.01
1773169367.011892386,0,0,9.83
1773169367.011892386,1,0,0.01
1773169368.034346207,0,0,9.83
1773169368.034346207,1,0,0.01
1773169369.057211741,0,0,9.83
1773169369.057211741,1,0,0.01
1773169370.081057735,0,0,9.83
1773169370.081057735,1,0,0.01
1773169371.103355408,0,0,9.83
1773169371.103355408,1,0,0.01
1773169372.126436682,0,0,9.83
1773169372.126436682,1,0,0.01
1773169373.149469181,0,0,9.83
1773169373.149469181,1,0,0.01
1773169374.172802452,0,0,9.83
1773169374.172802452,1,0,0.01
1773169375.194992239,0,0,9.83
1773169375.194992239,1,0,0.01
1773169376.217049945,0,1,9.83
1773169376.217049945,1,0,0.01
1773169377.239427540,0,0,9.83
1773169377.239427540,1,0,0.01
1773169378.261321305,0,0,9.83
1773169378.261321305,1,0,0.01
1773169379.283541465,0,0,9.83
1773169379.283541465,1,0,0.01
1773169380.306362496,0,0,9.83
1773169380.306362496,1,0,0.01
1773169381.329755143,0,0,9.83
1773169381.329755143,1,0,0.01
1773169382.352329057,0,0,9.83
1773169382.352329057,1,0,0.01
1773169383.375375542,0,0,9.83
1773169383.375375542,1,0,0.01
1773169384.398190255,0,0,9.83
1773169384.398190255,1,0,0.01
1773169385.420478135,0,0,9.83
1773169385.420478135,1,0,0.01
1773169386.443336900,0,0,9.83
1773169386.443336900,1,0,0.01
1773169387.466787567,0,0,9.83
1773169387.466787567,1,0,0.01
1773169388.490755599,0,0,9.83
1773169388.490755599,1,0,0.01
1773169389.513890416,0,0,9.83
1773169389.513890416,1,0,0.01
1773169390.536508314,0,0,9.83
1773169390.536508314,1,0,0.01
1773169391.558978067,0,0,9.83
1773169391.558978067,1,0,0.01
1773169392.582074681,0,0,9.83
1773169392.582074681,1,0,0.01
1773169393.605289713,0,0,9.83
1773169393.605289713,1,0,0.01
1773169394.628186249,0,0,9.83
1773169394.628186249,1,0,0.01
1773169395.650029743,0,0,9.83
1773169395.650029743,1,0,0.01
1773169396.673699584,0,0,9.83
1773169396.673699584,1,0,0.01
1773169397.696648818,0,0,9.83
1773169397.696648818,1,0,0.01
1773169398.720399280,0,0,9.83
1773169398.720399280,1,0,0.01
1773169399.742359107,0,0,9.83
1773169399.742359107,1,0,0.01
1773169400.766324050,0,0,9.83
1773169400.766324050,1,0,0.01
1773169401.789014985,0,0,9.83
1773169401.789014985,1,0,0.01
1773169402.810010809,0,0,9.83
1773169402.810010809,1,0,0.01
1773169403.832601048,0,0,9.83
1773169403.832601048,1,0,0.01
1773169404.856076310,0,0,9.83
1773169404.856076310,1,0,0.01
1773169405.878006610,0,0,9.83
1773169405.878006610,1,0,0.01
1773169406.900045758,0,0,9.83
1773169406.900045758,1,0,0.01
1773169407.923364745,0,0,9.83
1773169407.923364745,1,0,0.01
1773169408.946183413,0,0,9.83
1773169408.946183413,1,0,0.01
1773169409.969375620,0,0,9.83
1773169409.969375620,1,0,0.01
1773169410.993384393,0,0,9.83
1773169410.993384393,1,0,0.01
1773169412.016464259,0,0,9.83
1773169412.016464259,1,0,0.01
1773169413.040479761,0,0,9.83
1773169413.040479761,1,0,0.01
1773169414.064231962,0,0,9.83
1773169414.064231962,1,0,0.01
1773169415.087568576,0,0,9.83
1773169415.087568576,1,0,0.01
1773169416.109905241,0,0,9.83
1773169416.109905241,1,0,0.01
1773169417.132773923,0,0,9.83
1773169417.132773923,1,0,0.01
1773169418.155228256,0,0,9.83
1773169418.155228256,1,0,0.01
1773169419.177037679,0,0,9.83
1773169419.177037679,1,0,0.01
1773169420.199679829,0,0,9.83
1773169420.199679829,1,0,0.01
1773169421.221645414,0,0,9.83
1773169421.221645414,1,0,0.01
1773169422.244232616,0,0,9.83
1773169422.244232616,1,0,0.01
1773169423.267411263,0,0,9.83
1773169423.267411263,1,0,0.01
1773169424.290460567,0,0,9.83
1773169424.290460567,1,0,0.01
1773169425.312839039,0,0,9.83
1773169425.312839039,1,0,0.01
1773169426.334615105,0,0,9.83
1773169426.334615105,1,0,0.01
1773169427.356789533,0,0,9.83
1773169427.356789533,1,0,0.01
1773169428.380138499,0,0,9.83
1773169428.380138499,1,0,0.01
1773169429.403040555,0,0,9.83
1773169429.403040555,1,0,0.01
1773169430.425904957,0,0,9.83
1773169430.425904957,1,0,0.01
1773169431.449439852,0,0,9.83
1773169431.449439852,1,0,0.01
1773169432.471693865,0,0,9.83
1773169432.471693865,1,0,0.01
1773169433.495275067,0,67,9.83
1773169433.495275067,1,0,0.01
1773169434.517284069,0,66,9.83
1773169434.517284069,1,0,0.01
1773169435.540090745,0,0,9.83
1773169435.540090745,1,0,0.01
1773169436.562817445,0,0,9.83
1773169436.562817445,1,0,0.01
1773169437.585851273,0,0,9.83
1773169437.585851273,1,0,0.01
1773169438.608483862,0,0,9.83
1773169438.608483862,1,0,0.01
1773169439.630842402,0,0,9.83
1773169439.630842402,1,0,0.01
1773169440.654164048,0,0,9.83
1773169440.654164048,1,0,0.01
1773169441.678215872,0,0,9.83
1773169441.678215872,1,0,0.01
1773169442.700991712,0,0,9.83
1773169442.700991712,1,0,0.01
1773169443.724921697,0,0,9.83
1773169443.724921697,1,0,0.01
1773169444.748578425,0,0,9.83
1773169444.748578425,1,0,0.01
1773169445.772052743,0,0,9.83
1773169445.772052743,1,0,0.01
1773169446.794820477,0,0,9.83
1773169446.794820477,1,0,0.01
1773169447.817708956,0,0,9.83
1773169447.817708956,1,0,0.01
1773169448.840966178,0,0,9.83
1773169448.840966178,1,0,0.01
1773169449.863070992,0,0,9.83
1773169449.863070992,1,0,0.01
1773169450.886120145,0,0,9.83
1773169450.886120145,1,0,0.01
1773169451.908559227,0,0,9.83
1773169451.908559227,1,0,0.01
1773169452.930631550,0,0,9.83
1773169452.930631550,1,0,0.01
1773169453.953301381,0,0,9.83
1773169453.953301381,1,0,0.01
1773169454.975989833,0,0,9.83
1773169454.975989833,1,0,0.01
1773169455.998130182,0,0,9.83
1773169455.998130182,1,0,0.01
1773169457.021600110,0,0,9.83
1773169457.021600110,1,0,0.01
1773169458.044092447,0,0,9.83
1773169458.044092447,1,0,0.01
1773169459.066218785,0,0,9.83
1773169459.066218785,1,0,0.01
1773169460.088810579,0,0,9.83
1773169460.088810579,1,0,0.01
1773169461.112668410,0,0,9.83
1773169461.112668410,1,0,0.01
1773169462.137639106,0,0,9.83
1773169462.137639106,1,0,0.01
1773169463.159924723,0,0,9.83
1773169463.159924723,1,0,0.01
1773169464.182797825,0,0,9.83
1773169464.182797825,1,0,0.01
1773169465.206038747,0,0,9.83
1773169465.206038747,1,0,0.01
1773169466.229256831,0,0,9.83
1773169466.229256831,1,0,0.01
1773169467.251696862,0,0,9.83
1773169467.251696862,1,0,0.01
1773169468.273604528,0,0,9.83
1773169468.273604528,1,0,0.01
1773169469.296149971,0,0,9.83
1773169469.296149971,1,0,0.01
1773169470.318293764,0,0,9.83
1773169470.318293764,1,0,0.01
1773169471.340768820,0,0,9.83
1773169471.340768820,1,0,0.01
1773169472.363015868,0,0,9.83
1773169472.363015868,1,0,0.01
1773169473.385579752,0,0,9.83
1773169473.385579752,1,0,0.01
1773169474.407579389,0,0,9.83
1773169474.407579389,1,0,0.01
1773169475.430301256,0,0,9.83
1773169475.430301256,1,0,0.01
1773169476.452438574,0,0,9.83
1773169476.452438574,1,0,0.01
1773169477.474186544,0,0,9.83
1773169477.474186544,1,0,0.01
1773169478.496273880,0,0,9.83
1773169478.496273880,1,0,0.01
1773169479.518293602,0,0,9.83
1773169479.518293602,1,0,0.01
1773169480.541026106,0,0,9.83
1773169480.541026106,1,0,0.01
1773169481.562595387,0,0,9.83
1773169481.562595387,1,0,0.01
1773169482.584573506,0,0,9.83
1773169482.584573506,1,0,0.01
1773169483.606893734,0,0,9.83
1773169483.606893734,1,0,0.01
1773169484.628986348,0,1,9.83
1773169484.628986348,1,0,0.01
1773169485.652074551,0,0,9.83
1773169485.652074551,1,0,0.01
1773169486.674920528,0,0,9.83
1773169486.674920528,1,0,0.01
1773169487.697379278,0,0,9.83
1773169487.697379278,1,0,0.01
1773169488.720360072,0,0,9.83
1773169488.720360072,1,0,0.01
1773169489.742901668,0,0,9.83
1773169489.742901668,1,0,0.01
1773169490.766109214,0,0,9.83
1773169490.766109214,1,0,0.01
1773169491.787365112,0,0,9.83
1773169491.787365112,1,0,0.01
1773169492.811292516,0,0,9.83
1773169492.811292516,1,0,0.01
1773169493.835093088,0,0,9.83
1773169493.835093088,1,0,0.01
1773169494.857289334,0,0,9.83
1773169494.857289334,1,0,0.01
1773169495.880717489,0,0,9.83
1773169495.880717489,1,0,0.01
1773169496.903684402,0,0,9.83
1773169496.903684402,1,0,0.01
1773169497.926382996,0,0,9.83
1773169497.926382996,1,0,0.01
1773169498.950664664,0,0,9.83
1773169498.950664664,1,0,0.01
1773169499.973545451,0,0,9.83
1773169499.973545451,1,0,0.01
1773169500.997526090,0,0,9.83
1773169500.997526090,1,0,0.01
1773169502.021361330,0,0,9.83
1773169502.021361330,1,0,0.01
1773169503.045493095,0,0,9.83
1773169503.045493095,1,0,0.01
1773169504.068996987,0,0,9.83
1773169504.068996987,1,0,0.01
1773169505.091901164,0,0,9.83
1773169505.091901164,1,0,0.01
1773169506.114949939,0,0,9.83
1773169506.114949939,1,0,0.01
1773169507.138864345,0,0,9.83
1773169507.138864345,1,0,0.01
1773169508.163194841,0,0,9.83
1773169508.163194841,1,0,0.01
1773169509.185779601,0,0,9.83
1773169509.185779601,1,0,0.01
1773169510.208566869,0,0,9.83
1773169510.208566869,1,0,0.01
1773169511.232670378,0,0,9.83
1773169511.232670378,1,0,0.01
1773169512.255742652,0,0,9.83
1773169512.255742652,1,0,0.01
1773169513.278457860,0,0,9.83
1773169513.278457860,1,0,0.01
1773169514.302218195,0,0,9.83
1773169514.302218195,1,0,0.01
1773169515.325559231,0,0,9.83
1773169515.325559231,1,0,0.01
1773169516.348792157,0,0,9.83
1773169516.348792157,1,0,0.01
1773169517.371636782,0,0,9.83
1773169517.371636782,1,0,0.01
1773169518.394748742,0,0,9.83
1773169518.394748742,1,0,0.01
1773169519.416512737,0,0,9.83
1773169519.416512737,1,0,0.01
1773169520.438372283,0,0,9.83
1773169520.438372283,1,0,0.01
1773169521.460452952,0,0,9.83
1773169521.460452952,1,0,0.01
1773169522.482498783,0,67,9.83
1773169522.482498783,1,0,0.01
1773169523.506322937,0,63,9.83
1773169523.506322937,1,0,0.01
1773169524.528491981,0,0,9.83
1773169524.528491981,1,0,0.01
1773169525.551386857,0,0,9.83
1773169525.551386857,1,0,0.01
1773169526.574558729,0,0,9.83
1773169526.574558729,1,0,0.01
1773169527.598010289,0,0,9.83
1773169527.598010289,1,0,0.01
1773169528.622369215,0,0,9.83
1773169528.622369215,1,0,0.01
1773169529.645977375,0,0,9.83
1773169529.645977375,1,0,0.01
1773169530.669118955,0,0,9.83
1773169530.669118955,1,0,0.01
1773169531.692486304,0,0,9.83
1773169531.692486304,1,0,0.01
1773169532.715167972,0,0,9.83
1773169532.715167972,1,0,0.01
1773169533.738237292,0,0,9.83
1773169533.738237292,1,0,0.01
1773169534.762791400,0,0,9.83
1773169534.762791400,1,0,0.01
1773169535.786661513,0,0,9.83
1773169535.786661513,1,0,0.01
1773169536.809834812,0,0,9.83
1773169536.809834812,1,0,0.01
1773169537.832332639,0,0,9.83
1773169537.832332639,1,0,0.01
1773169538.854122141,0,0,9.83
1773169538.854122141,1,0,0.01
1773169539.876183917,0,0,9.83
1773169539.876183917,1,0,0.01
1773169540.898610233,0,0,9.83
1773169540.898610233,1,0,0.01
1773169541.921467711,0,0,9.83
1773169541.921467711,1,0,0.01
1773169542.945923990,0,0,9.83
1773169542.945923990,1,0,0.01
1773169543.968968400,0,0,9.83
1773169543.968968400,1,0,0.01
1773169544.991410104,0,0,9.83
1773169544.991410104,1,0,0.01
1773169546.013819556,0,0,9.83
1773169546.013819556,1,0,0.01
1773169547.036706808,0,0,9.83
1773169547.036706808,1,0,0.01
1773169548.059969775,0,0,9.83
1773169548.059969775,1,0,0.01
1773169549.082569694,0,0,9.83
1773169549.082569694,1,0,0.01
1773169550.104286670,0,0,9.83
1773169550.104286670,1,0,0.01
1773169551.126377974,0,0,9.83
1773169551.126377974,1,0,0.01
1773169552.148167565,0,0,9.83
1773169552.148167565,1,0,0.01
1773169553.171114781,0,0,9.83
1773169553.171114781,1,0,0.01
1773169554.193201171,0,0,9.83
1773169554.193201171,1,0,0.01
1773169555.216050449,0,0,9.83
1773169555.216050449,1,0,0.01
1773169556.238776501,0,0,9.83
1773169556.238776501,1,0,0.01
1773169557.261618722,0,0,9.83
1773169557.261618722,1,0,0.01
1773169558.283875250,0,0,9.83
1773169558.283875250,1,0,0.01
1773169559.306733053,0,0,9.83
1773169559.306733053,1,0,0.01
1773169560.330918185,0,0,9.83
1773169560.330918185,1,0,0.01
1773169561.353946701,0,0,9.83
1773169561.353946701,1,0,0.01
1773169562.377259720,0,0,9.83
1773169562.377259720,1,0,0.01
1773169563.401309216,0,0,9.83
1773169563.401309216,1,0,0.01
1773169564.425429861,0,0,9.83
1773169564.425429861,1,0,0.01
1773169565.447694120,0,0,9.83
1773169565.447694120,1,0,0.01
1773169566.470879965,0,0,9.83
1773169566.470879965,1,0,0.01
1773169567.493930701,0,0,9.83
1773169567.493930701,1,0,0.01
1773169568.516809865,0,0,9.83
1773169568.516809865,1,0,0.01
1773169569.540614709,0,0,9.83
1773169569.540614709,1,0,0.01
1773169570.564807018,0,0,9.83
1773169570.564807018,1,0,0.01
1773169571.587622633,0,0,9.83
1773169571.587622633,1,0,0.01
1773169572.611947363,0,0,9.83
1773169572.611947363,1,0,0.01
1773169573.634253887,0,0,9.83
1773169573.634253887,1,0,0.01
1773169574.656555983,0,0,9.83
1773169574.656555983,1,0,0.01
1773169575.679510971,0,0,9.83
1773169575.679510971,1,0,0.01
1773169576.702639664,0,0,9.83
1773169576.702639664,1,0,0.01
1773169577.726256535,0,0,9.83
1773169577.726256535,1,0,0.01
1773169578.749246864,0,0,9.83
1773169578.749246864,1,0,0.01
1773169579.772655121,0,0,9.83
1773169579.772655121,1,0,0.01
1773169580.795597236,0,0,9.83
1773169580.795597236,1,0,0.01
1773169581.818662274,0,0,9.83
1773169581.818662274,1,0,0.01
1773169582.840306188,0,0,9.83
1773169582.840306188,1,0,0.01
1773169583.862964231,0,0,9.83
1773169583.862964231,1,0,0.01
1773169584.884466627,0,0,9.83
1773169584.884466627,1,0,0.01
1773169585.906334269,0,0,9.83
1773169585.906334269,1,0,0.01
1773169586.927748978,0,0,9.83
1773169586.927748978,1,0,0.01
1773169587.950135145,0,0,9.83
1773169587.950135145,1,0,0.01
1773169588.972207189,0,0,9.83
1773169588.972207189,1,0,0.01
1773169589.995941525,0,0,9.83
1773169589.995941525,1,0,0.01
1773169591.019044030,0,0,9.83
1773169591.019044030,1,0,0.01
1773169592.040981589,0,0,9.83
1773169592.040981589,1,0,0.01
1773169593.063672817,0,0,9.83
1773169593.063672817,1,0,0.01
1773169594.086961346,0,0,9.83
1773169594.086961346,1,0,0.01
1773169595.109381175,0,0,9.83
1773169595.109381175,1,0,0.01
1773169596.131320006,0,0,9.83
1773169596.131320006,1,0,0.01
1773169597.154034951,0,0,9.83
1773169597.154034951,1,0,0.01
1773169598.176484998,0,0,9.83
1773169598.176484998,1,0,0.01
1773169599.198768740,0,0,9.83
1773169599.198768740,1,0,0.01
1773169600.223177654,0,0,9.83
1773169600.223177654,1,0,0.01
1773169601.246224433,0,0,9.83
1773169601.246224433,1,0,0.01
1773169602.269628287,0,0,9.83
1773169602.269628287,1,0,0.01
1773169603.291810967,0,0,9.83
1773169603.291810967,1,0,0.01
1773169604.314524293,0,0,9.83
1773169604.314524293,1,0,0.01
1773169605.339042208,0,0,9.83
1773169605.339042208,1,0,0.01
1773169606.361235021,0,0,9.83
1773169606.361235021,1,0,0.01
1773169607.383298236,0,0,9.83
1773169607.383298236,1,0,0.01
1773169608.405776964,0,0,9.83
1773169608.405776964,1,0,0.01
1773169609.427406059,0,0,9.83
1773169609.427406059,1,0,0.01
1773169610.449410490,0,0,9.83
1773169610.449410490,1,0,0.01
1773169611.470496980,0,0,9.83
1773169611.470496980,1,0,0.01
1773169612.492611602,0,0,9.83
1773169612.492611602,1,0,0.01
1773169613.514630594,0,0,9.83
1773169613.514630594,1,0,0.01
1773169614.536573332,0,0,9.83
1773169614.536573332,1,0,0.01
1773169615.558838992,0,0,9.83
1773169615.558838992,1,0,0.01
1773169616.580500923,0,0,9.83
1773169616.580500923,1,0,0.01
1773169617.603265239,0,66,9.83
1773169617.603265239,1,0,0.01
1773169618.627078125,0,70,9.83
1773169618.627078125,1,0,0.01
1773169619.650467673,0,0,9.83
1773169619.650467673,1,0,0.01
1773169620.672647910,0,0,9.83
1773169620.672647910,1,0,0.01
1773169621.697507036,0,0,9.83
1773169621.697507036,1,0,0.01
1773169622.720600599,0,0,9.83
1773169622.720600599,1,0,0.01
1773169623.742913219,0,0,9.83
1773169623.742913219,1,0,0.01
1773169624.764997589,0,0,9.83
1773169624.764997589,1,0,0.01
1773169625.787604283,0,0,9.83
1773169625.787604283,1,0,0.01
1773169626.811588121,0,1,9.83
1773169626.811588121,1,0,0.01
1773169627.836529744,0,0,9.83
1773169627.836529744,1,0,0.01
1773169628.860542511,0,0,9.83
1773169628.860542511,1,0,0.01
1773169629.883308478,0,0,9.83
1773169629.883308478,1,0,0.01
1773169630.906305441,0,0,9.83
1773169630.906305441,1,0,0.01
1773169631.929235433,0,0,9.83
1773169631.929235433,1,0,0.01
1773169632.953050350,0,0,9.83
1773169632.953050350,1,0,0.01
1773169633.975706554,0,0,9.83
1773169633.975706554,1,0,0.01
1773169634.999819029,0,0,9.83
1773169634.999819029,1,0,0.01
1773169636.021888784,0,0,9.83
1773169636.021888784,1,0,0.01
1773169637.044810721,0,0,9.83
1773169637.044810721,1,0,0.01
1773169638.067376409,0,0,9.83
1773169638.067376409,1,0,0.01
1773169639.090813326,0,0,9.83
1773169639.090813326,1,0,0.01
1773169640.113656765,0,0,9.83
1773169640.113656765,1,0,0.01
1773169641.137181466,0,0,9.83
1773169641.137181466,1,0,0.01
1773169642.159230249,0,0,9.83
1773169642.159230249,1,0,0.01
1773169643.182659712,0,0,9.83
1773169643.182659712,1,0,0.01
1773169644.206813557,0,0,9.83
1773169644.206813557,1,0,0.01
1773169645.230286132,0,1,9.83
1773169645.230286132,1,0,0.01
1773169646.252055891,0,0,9.83
1773169646.252055891,1,0,0.01
1773169647.276612010,0,0,9.83
1773169647.276612010,1,0,0.01
1773169648.300326935,0,0,9.83
1773169648.300326935,1,0,0.01
1773169649.322321180,0,0,9.83
1773169649.322321180,1,0,0.01
1773169650.345064904,0,1,9.83
1773169650.345064904,1,0,0.01
1773169651.367786905,0,0,9.83
1773169651.367786905,1,0,0.01
1773169652.390607653,0,0,9.83
1773169652.390607653,1,0,0.01
1773169653.413992992,0,0,9.83
1773169653.413992992,1,0,0.01
1773169654.436250380,0,0,9.83
1773169654.436250380,1,0,0.01
1773169655.458459826,0,0,9.83
1773169655.458459826,1,0,0.01
1773169656.481253705,0,0,9.83
1773169656.481253705,1,0,0.01
1773169657.503676261,0,0,9.83
1773169657.503676261,1,0,0.01
1773169658.525982365,0,0,9.83
1773169658.525982365,1,0,0.01
1773169659.547674774,0,0,9.83
1773169659.547674774,1,0,0.01
1773169660.571163107,0,0,9.83
1773169660.571163107,1,0,0.01
1773169661.593430887,0,0,9.83
1773169661.593430887,1,0,0.01
1773169662.616315553,0,0,9.83
1773169662.616315553,1,0,0.01
1773169663.639812324,0,0,9.83
1773169663.639812324,1,0,0.01
1773169664.662489324,0,0,9.83
1773169664.662489324,1,0,0.01
1773169665.685098058,0,0,9.83
1773169665.685098058,1,0,0.01
1773169666.707846428,0,0,9.83
1773169666.707846428,1,0,0.01
1773169667.730472444,0,0,9.83
1773169667.730472444,1,0,0.01
1773169668.752540853,0,0,9.83
1773169668.752540853,1,0,0.01
1773169669.775849423,0,0,9.83
1773169669.775849423,1,0,0.01
1773169670.799180235,0,0,9.83
1773169670.799180235,1,0,0.01
1773169671.822887675,0,0,9.83
1773169671.822887675,1,0,0.01
1773169672.845380236,0,0,9.83
1773169672.845380236,1,0,0.01
1773169673.868071476,0,0,9.83
1773169673.868071476,1,0,0.01
1773169674.891131927,0,1,9.83
1773169674.891131927,1,0,0.01
1773169675.913619857,0,0,9.83
1773169675.913619857,1,0,0.01
1773169676.935282266,0,0,9.83
1773169676.935282266,1,0,0.01
1773169677.957785918,0,0,9.83
1773169677.957785918,1,0,0.01
1773169678.980165016,0,0,9.83
1773169678.980165016,1,0,0.01
1773169680.002197668,0,0,9.83
1773169680.002197668,1,0,0.01
1773169681.023751175,0,0,9.83
1773169681.023751175,1,0,0.01
1773169682.045447863,0,0,9.83
1773169682.045447863,1,0,0.01
1773169683.066980446,0,0,9.83
1773169683.066980446,1,0,0.01
1773169684.090211387,0,0,9.83
1773169684.090211387,1,0,0.01
1773169685.112153314,0,0,9.83
1773169685.112153314,1,0,0.01
1773169686.135264401,0,0,9.83
1773169686.135264401,1,0,0.01
1773169687.157932166,0,1,9.83
1773169687.157932166,1,0,0.01
1773169688.180814189,0,0,9.83
1773169688.180814189,1,0,0.01
1773169689.204889288,0,0,9.83
1773169689.204889288,1,0,0.01
1773169690.228964327,0,0,9.83
1773169690.228964327,1,0,0.01
1773169691.253011851,0,0,9.83
1773169691.253011851,1,0,0.01
1773169692.275766161,0,0,9.83
1773169692.275766161,1,0,0.01
1773169693.299603821,0,0,9.83
1773169693.299603821,1,0,0.01
1773169694.322870865,0,0,9.83
1773169694.322870865,1,0,0.01
1773169695.345558419,0,0,9.83
1773169695.345558419,1,0,0.01
1773169696.368359640,0,0,9.83
1773169696.368359640,1,0,0.01
1773169697.390969867,0,0,9.83
1773169697.390969867,1,0,0.01
1773169698.413744459,0,0,9.83
1773169698.413744459,1,0,0.01
1773169699.436629553,0,0,9.83
1773169699.436629553,1,0,0.01
1773169700.459306522,0,0,9.83
1773169700.459306522,1,0,0.01
1773169701.481794386,0,0,9.83
1773169701.481794386,1,0,0.01
1773169702.504030107,0,0,9.83
1773169702.504030107,1,0,0.01
1773169703.528335930,0,0,9.83
1773169703.528335930,1,0,0.01
1773169704.553338707,0,0,9.83
1773169704.553338707,1,0,0.01
1773169705.575916314,0,0,9.83
1773169705.575916314,1,0,0.01
1773169706.599152298,0,0,9.83
1773169706.599152298,1,0,0.01
1773169707.622006903,0,0,9.83
1773169707.622006903,1,0,0.01
1773169708.645154955,0,0,9.83
1773169708.645154955,1,0,0.01
1773169709.668901288,0,0,9.83
1773169709.668901288,1,0,0.01
1773169710.692789399,0,0,9.83
1773169710.692789399,1,0,0.01
1773169711.717207411,0,0,9.83
1773169711.717207411,1,0,0.01
1773169712.740427040,0,0,9.83
1773169712.740427040,1,0,0.01
1773169713.763520728,0,0,9.83
1773169713.763520728,1,0,0.01
1773169714.786530314,0,0,9.83
1773169714.786530314,1,0,0.01
1773169715.808729069,0,0,9.83
1773169715.808729069,1,0,0.01
1773169716.831485951,0,0,9.83
1773169716.831485951,1,0,0.01
1773169717.854677337,0,0,9.83
1773169717.854677337,1,0,0.01
1773169718.876787397,0,0,9.83
1773169718.876787397,1,0,0.01
1773169719.900563266,0,0,9.83
1773169719.900563266,1,0,0.01
1773169720.923200504,0,0,9.83
1773169720.923200504,1,0,0.01
1773169721.945939218,0,0,9.83
1773169721.945939218,1,0,0.01
1773169722.968968431,0,0,9.83
1773169722.968968431,1,0,0.01
1773169723.992022028,0,0,9.83
1773169723.992022028,1,0,0.01
1773169725.014491296,0,0,9.83
1773169725.014491296,1,0,0.01
1773169726.037507676,0,0,9.83
1773169726.037507676,1,0,0.01
1773169727.061128598,0,0,9.83
1773169727.061128598,1,0,0.01
1773169728.085570620,0,0,9.83
1773169728.085570620,1,0,0.01
1773169729.108389005,0,0,9.83
1773169729.108389005,1,0,0.01
1773169730.132131634,0,0,9.83
1773169730.132131634,1,0,0.01
1773169731.155160543,0,0,9.83
1773169731.155160543,1,0,0.01
1773169732.179969447,0,0,9.83
1773169732.179969447,1,0,0.01
1773169733.203196527,0,0,9.83
1773169733.203196527,1,0,0.01
1773169734.226700833,0,0,9.83
1773169734.226700833,1,0,0.01
1773169735.249785691,0,0,9.83
1773169735.249785691,1,0,0.01
1773169736.273234131,0,0,9.83
1773169736.273234131,1,0,0.01
1773169737.296837476,0,0,9.83
1773169737.296837476,1,0,0.01
1773169738.319214728,0,0,9.83
1773169738.319214728,1,0,0.01
1773169739.343409718,0,0,9.83
1773169739.343409718,1,0,0.01
1773169740.367088515,0,0,9.83
1773169740.367088515,1,0,0.01
1773169741.389175594,0,0,9.83
1773169741.389175594,1,0,0.01
1773169742.412508482,0,0,9.83
1773169742.412508482,1,0,0.01
1773169743.435081195,0,0,9.83
1773169743.435081195,1,0,0.01
1773169744.456932253,0,0,9.83
1773169744.456932253,1,0,0.01
1773169745.479576183,0,0,9.83
1773169745.479576183,1,0,0.01
1773169746.502724335,0,0,9.83
1773169746.502724335,1,0,0.01
1773169747.525857060,0,0,9.83
1773169747.525857060,1,0,0.01
1773169748.547700144,0,65,9.83
1773169748.547700144,1,0,0.01
1773169749.571184166,0,65,9.83
1773169749.571184166,1,0,0.01
1773169750.593664638,0,0,9.83
1773169750.593664638,1,0,0.01
1773169751.615941366,0,0,9.83
1773169751.615941366,1,0,0.01
1773169752.637880420,0,0,9.83
1773169752.637880420,1,0,0.01
1773169753.659566797,0,0,9.83
1773169753.659566797,1,0,0.01
1773169754.683078116,0,0,9.83
1773169754.683078116,1,0,0.01
1773169755.705926159,0,0,9.83
1773169755.705926159,1,0,0.01
1773169756.728644091,0,0,9.83
1773169756.728644091,1,0,0.01
1773169757.750642213,0,0,9.83
1773169757.750642213,1,0,0.01
1773169758.774961825,0,67,9.83
1773169758.774961825,1,0,0.01
1773169759.798117067,0,66,9.83
1773169759.798117067,1,0,0.01
1773169760.821140098,0,0,9.83
1773169760.821140098,1,0,0.01
1773169761.843858950,0,0,9.83
1773169761.843858950,1,0,0.01
1773169762.867274575,0,0,9.83
1773169762.867274575,1,0,0.01
1773169763.891260275,0,0,9.83
1773169763.891260275,1,0,0.01
1773169764.916180598,0,0,9.83
1773169764.916180598,1,0,0.01
1773169765.939463939,0,0,9.83
1773169765.939463939,1,0,0.01
1773169766.963160017,0,0,9.83
1773169766.963160017,1,0,0.01
1773169767.985880857,0,0,9.83
1773169767.985880857,1,0,0.01
1773169769.009693368,0,0,9.83
1773169769.009693368,1,0,0.01
1773169770.032628177,0,0,9.83
1773169770.032628177,1,0,0.01
1773169771.055700847,0,0,9.83
1773169771.055700847,1,0,0.01
1773169772.078791501,0,0,9.83
1773169772.078791501,1,0,0.01
1773169773.102022599,0,0,9.83
1773169773.102022599,1,0,0.01
1773169774.124898749,0,0,9.83
1773169774.124898749,1,0,0.01
1773169775.147033925,0,0,9.83
1773169775.147033925,1,0,0.01
1773169776.170499559,0,0,9.83
1773169776.170499559,1,0,0.01
1773169777.193245510,0,0,9.83
1773169777.193245510,1,0,0.01
1773169778.217116056,0,0,9.83
1773169778.217116056,1,0,0.01
1773169779.240046907,0,0,9.83
1773169779.240046907,1,0,0.01
1773169780.264313672,0,0,9.83
1773169780.264313672,1,0,0.01
1773169781.287306190,0,0,9.83
1773169781.287306190,1,0,0.01
1773169782.310003598,0,0,9.83
1773169782.310003598,1,0,0.01
1773169783.333253983,0,0,9.83
1773169783.333253983,1,0,0.01
1773169784.355372509,0,0,9.83
1773169784.355372509,1,0,0.01
1773169785.378503734,0,0,9.83
1773169785.378503734,1,0,0.01
1773169786.401168709,0,0,9.83
1773169786.401168709,1,0,0.01
1773169787.423606008,0,67,9.83
1773169787.423606008,1,0,0.01
1773169788.446271631,0,66,9.83
1773169788.446271631,1,0,0.01
1773169789.469286446,0,0,9.83
1773169789.469286446,1,0,0.01
1773169790.492311179,0,0,9.83
1773169790.492311179,1,0,0.01
1773169791.514889006,0,0,9.83
1773169791.514889006,1,0,0.01
1773169792.538551322,0,0,9.83
1773169792.538551322,1,0,0.01
1773169793.560414580,0,0,9.83
1773169793.560414580,1,0,0.01
1773169794.584170846,0,0,9.83
1773169794.584170846,1,0,0.01
1773169795.607443353,0,0,9.83
1773169795.607443353,1,0,0.01
1773169796.629188174,0,0,9.83
1773169796.629188174,1,0,0.01
1773169797.651930857,0,0,9.83
1773169797.651930857,1,0,0.01
1773169798.674702579,0,0,9.83
1773169798.674702579,1,0,0.01
1773169799.697358530,0,0,9.83
1773169799.697358530,1,0,0.01
1773169800.719954898,0,0,9.83
1773169800.719954898,1,0,0.01
1773169801.742119817,0,0,9.83
1773169801.742119817,1,0,0.01
1773169802.764262561,0,26,9.83
1773169802.764262561,1,0,0.01
1773169803.787221542,0,67,9.83
1773169803.787221542,1,0,0.01
1773169804.810067592,0,43,9.83
1773169804.810067592,1,0,0.01
1773169805.832214527,0,0,9.83
1773169805.832214527,1,0,0.01
1773169806.855161124,0,0,9.83
1773169806.855161124,1,0,0.01
1773169807.877545656,0,0,9.83
1773169807.877545656,1,0,0.01
1773169808.900479675,0,0,9.83
1773169808.900479675,1,0,0.01
1773169809.923335473,0,0,9.83
1773169809.923335473,1,0,0.01
1773169810.946197505,0,0,9.83
1773169810.946197505,1,0,0.01
1773169811.968741957,0,0,9.83
1773169811.968741957,1,0,0.01
1773169812.992331166,0,0,9.83
1773169812.992331166,1,0,0.01
1773169814.014839434,0,0,9.83
1773169814.014839434,1,0,0.01
1773169815.037651414,0,0,9.83
1773169815.037651414,1,0,0.01
1773169816.060685628,0,0,9.83
1773169816.060685628,1,0,0.01
1773169817.083876666,0,0,9.83
1773169817.083876666,1,0,0.01
1773169818.107451541,0,0,9.83
1773169818.107451541,1,0,0.01
1773169819.129964392,0,0,9.83
1773169819.129964392,1,0,0.01
1773169820.152858760,0,0,9.83
1773169820.152858760,1,0,0.01
1773169821.175618247,0,0,9.83
1773169821.175618247,1,0,0.01
1773169822.198561441,0,0,9.83
1773169822.198561441,1,0,0.01
1773169823.221169033,0,0,9.83
1773169823.221169033,1,0,0.01
1773169824.243553379,0,0,9.83
1773169824.243553379,1,0,0.01
1773169825.266453022,0,67,9.83
1773169825.266453022,1,0,0.01
1773169826.290265274,0,66,9.83
1773169826.290265274,1,0,0.01
1773169827.313494327,0,0,9.83
1773169827.313494327,1,0,0.01
1773169828.336370834,0,0,9.83
1773169828.336370834,1,0,0.01
1773169829.360183194,0,0,9.83
1773169829.360183194,1,0,0.01
1773169830.382396474,0,0,9.83
1773169830.382396474,1,0,0.01
1773169831.405432236,0,0,9.83
1773169831.405432236,1,0,0.01
1773169832.428650700,0,0,9.83
1773169832.428650700,1,0,0.01
1773169833.450916938,0,0,9.83
1773169833.450916938,1,0,0.01
1773169834.474003335,0,0,9.83
1773169834.474003335,1,0,0.01
1773169835.497418742,0,0,9.83
1773169835.497418742,1,0,0.01
1773169836.519849320,0,0,9.83
1773169836.519849320,1,0,0.01
1773169837.543572659,0,0,9.83
1773169837.543572659,1,0,0.01
1773169838.567665195,0,0,9.83
1773169838.567665195,1,0,0.01
1773169839.591908852,0,0,9.83
1773169839.591908852,1,0,0.01
1773169840.614219851,0,0,9.83
1773169840.614219851,1,0,0.01
1773169841.636849848,0,0,9.83
1773169841.636849848,1,0,0.01
1773169842.658894073,0,0,9.83
1773169842.658894073,1,0,0.01
1773169843.681652216,0,0,9.83
1773169843.681652216,1,0,0.01
1773169844.703664575,0,0,9.83
1773169844.703664575,1,0,0.01
1773169845.725469207,0,0,9.83
1773169845.725469207,1,0,0.01
1773169846.748390304,0,0,9.83
1773169846.748390304,1,0,0.01
1773169847.770413564,0,0,9.83
1773169847.770413564,1,0,0.01
1773169848.792797595,0,0,9.83
1773169848.792797595,1,0,0.01
1773169849.814789243,0,0,9.83
1773169849.814789243,1,0,0.01
1773169850.837169709,0,0,9.83
1773169850.837169709,1,0,0.01
1773169851.859900669,0,0,9.83
1773169851.859900669,1,0,0.01
1773169852.882007562,0,0,9.83
1773169852.882007562,1,0,0.01
1773169853.904964420,0,0,9.83
1773169853.904964420,1,0,0.01
1773169854.928465670,0,0,9.83
1773169854.928465670,1,0,0.01
1773169855.951384561,0,0,9.83
1773169855.951384561,1,0,0.01
1773169856.974320467,0,0,9.83
1773169856.974320467,1,0,0.01
1773169857.997259411,0,0,9.83
1773169857.997259411,1,0,0.01
1773169859.020822183,0,0,9.83
1773169859.020822183,1,0,0.01
1773169860.044713570,0,0,9.83
1773169860.044713570,1,0,0.01
1773169861.067750527,0,0,9.83
1773169861.067750527,1,0,0.01
1773169862.089891740,0,0,9.83
1773169862.089891740,1,0,0.01
1773169863.112615914,0,0,9.83
1773169863.112615914,1,0,0.01
1773169864.136542917,0,0,9.83
1773169864.136542917,1,0,0.01
1773169865.159395825,0,0,9.83
1773169865.159395825,1,0,0.01
1773169866.182443198,0,0,9.83
1773169866.182443198,1,0,0.01
1773169867.205341733,0,0,9.83
1773169867.205341733,1,0,0.01
1773169868.227580973,0,0,9.83
1773169868.227580973,1,0,0.01
1773169869.250345057,0,0,9.83
1773169869.250345057,1,0,0.01
1773169870.273239336,0,0,9.83
1773169870.273239336,1,0,0.01
1773169871.295975915,0,0,9.83
1773169871.295975915,1,0,0.01
1773169872.318870646,0,0,9.83
1773169872.318870646,1,0,0.01
1773169873.341758360,0,0,9.83
1773169873.341758360,1,0,0.01
1773169874.364697160,0,0,9.83
1773169874.364697160,1,0,0.01
1773169875.388087906,0,0,9.83
1773169875.388087906,1,0,0.01
1773169876.410694310,0,0,9.83
1773169876.410694310,1,0,0.01
1773169877.434095711,0,0,9.83
1773169877.434095711,1,0,0.01
1773169878.456315565,0,0,9.83
1773169878.456315565,1,0,0.01
1773169879.478723586,0,0,9.83
1773169879.478723586,1,0,0.01
1773169880.500809448,0,0,9.83
1773169880.500809448,1,0,0.01
1773169881.523691996,0,0,9.83
1773169881.523691996,1,0,0.01
1773169882.547655486,0,1,9.83
1773169882.547655486,1,0,0.01
1773169883.570771866,0,68,9.83
1773169883.570771866,1,0,0.01
1773169884.593917617,0,44,9.83
1773169884.593917617,1,0,0.01
1773169885.618175642,0,0,9.83
1773169885.618175642,1,0,0.01
1773169886.640542742,0,0,9.83
1773169886.640542742,1,0,0.01
1773169887.662713296,0,0,9.83
1773169887.662713296,1,0,0.01
1773169888.685803801,0,0,9.83
1773169888.685803801,1,0,0.01
1773169889.709604386,0,0,9.83
1773169889.709604386,1,0,0.01
1773169890.732716006,0,0,9.83
1773169890.732716006,1,0,0.01
1773169891.756312157,0,0,9.83
1773169891.756312157,1,0,0.01
1773169892.780203590,0,0,9.83
1773169892.780203590,1,0,0.01
1773169893.805112746,0,0,9.83
1773169893.805112746,1,0,0.01
1773169894.827446396,0,0,9.83
1773169894.827446396,1,0,0.01
1773169895.851262880,0,0,9.83
1773169895.851262880,1,0,0.01
1773169896.874194676,0,0,9.83
1773169896.874194676,1,0,0.01
1773169897.897479555,0,0,9.83
1773169897.897479555,1,0,0.01
1773169898.919740259,0,1,9.83
1773169898.919740259,1,0,0.01
1773169899.943101161,0,0,9.83
1773169899.943101161,1,0,0.01
1773169900.967456454,0,0,9.83
1773169900.967456454,1,0,0.01
1773169901.991165444,0,0,9.83
1773169901.991165444,1,0,0.01
1773169903.015179608,0,0,9.83
1773169903.015179608,1,0,0.01
1773169904.039253559,0,0,9.83
1773169904.039253559,1,0,0.01
1773169905.061938675,0,0,9.83
1773169905.061938675,1,0,0.01
1773169906.084686865,0,0,9.83
1773169906.084686865,1,0,0.01
1773169907.107946542,0,0,9.83
1773169907.107946542,1,0,0.01
1773169908.131148300,0,0,9.83
1773169908.131148300,1,0,0.01
1773169909.155663915,0,0,9.83
1773169909.155663915,1,0,0.01
1773169910.178997256,0,0,9.83
1773169910.178997256,1,0,0.01
1773169911.201679254,0,0,9.83
1773169911.201679254,1,0,0.01
1773169912.224951972,0,0,9.83
1773169912.224951972,1,0,0.01
1773169913.247948790,0,0,9.83
1773169913.247948790,1,0,0.01
1773169914.270572142,0,0,9.83
1773169914.270572142,1,0,0.01
1773169915.293783411,0,0,9.83
1773169915.293783411,1,0,0.01
1773169916.316028757,0,0,9.83
1773169916.316028757,1,0,0.01
1773169917.338497930,0,0,9.83
1773169917.338497930,1,0,0.01
1773169918.361505956,0,0,9.83
1773169918.361505956,1,0,0.01
1773169919.384242912,0,0,9.83
1773169919.384242912,1,0,0.01
1773169920.407284431,0,0,9.83
1773169920.407284431,1,0,0.01
1773169921.431658261,0,1,9.83
1773169921.431658261,1,0,0.01
1773169922.455044023,0,0,9.83
1773169922.455044023,1,0,0.01
1773169923.478471156,0,0,9.83
1773169923.478471156,1,0,0.01
1773169924.501473781,0,0,9.83
1773169924.501473781,1,0,0.01
1773169925.524256167,0,0,9.83
1773169925.524256167,1,0,0.01
1773169926.546361394,0,0,9.83
1773169926.546361394,1,0,0.01
1773169927.568859228,0,0,9.83
1773169927.568859228,1,0,0.01
1773169928.592231843,0,0,9.83
1773169928.592231843,1,0,0.01
1773169929.614838177,0,0,9.83
1773169929.614838177,1,0,0.01
1773169930.638177925,0,0,9.83
1773169930.638177925,1,0,0.01
1773169931.660547403,0,0,9.83
1773169931.660547403,1,0,0.01
1773169932.682620862,0,0,9.83
1773169932.682620862,1,0,0.01
1773169933.704170172,0,0,9.83
1773169933.704170172,1,0,0.01
1773169934.727050440,0,0,9.83
1773169934.727050440,1,0,0.01
1773169935.750082946,0,0,9.83
1773169935.750082946,1,0,0.01
1773169936.771912466,0,0,9.83
1773169936.771912466,1,0,0.01
1773169937.794716717,0,0,9.83
1773169937.794716717,1,0,0.01
1773169938.817210576,0,0,9.83
1773169938.817210576,1,0,0.01
1773169939.839608357,0,0,9.83
1773169939.839608357,1,0,0.01
1773169940.861925093,0,0,9.83
1773169940.861925093,1,0,0.01
1773169941.884567935,0,0,9.83
1773169941.884567935,1,0,0.01
1773169942.908753329,0,0,9.83
1773169942.908753329,1,0,0.01
1773169943.933326900,0,0,9.83
1773169943.933326900,1,0,0.01
1773169944.956496503,0,0,9.83
1773169944.956496503,1,0,0.01
1773169945.979467355,0,0,9.83
1773169945.979467355,1,0,0.01
1773169947.002477058,0,0,9.83
1773169947.002477058,1,0,0.01
1773169948.025696312,0,0,9.83
1773169948.025696312,1,0,0.01
1773169949.050252877,0,0,9.83
1773169949.050252877,1,0,0.01
1773169950.073253211,0,0,9.83
1773169950.073253211,1,0,0.01
1773169951.095846422,0,0,9.83
1773169951.095846422,1,0,0.01
1773169952.117802644,0,1,9.83
1773169952.117802644,1,0,0.01
1773169953.141440131,0,0,9.83
1773169953.141440131,1,0,0.01
1773169954.164153475,0,0,9.83
1773169954.164153475,1,0,0.01
1773169955.187380898,0,0,9.83
1773169955.187380898,1,0,0.01
1773169956.210761326,0,0,9.83
1773169956.210761326,1,0,0.01
1773169957.233803550,0,0,9.83
1773169957.233803550,1,0,0.01
1773169958.256497116,0,0,9.83
1773169958.256497116,1,0,0.01
1773169959.279922067,0,0,9.83
1773169959.279922067,1,0,0.01
1773169960.302384730,0,0,9.83
1773169960.302384730,1,0,0.01
1773169961.325794219,0,0,9.83
1773169961.325794219,1,0,0.01
1773169962.348255549,0,0,9.83
1773169962.348255549,1,0,0.01
1773169963.371688249,0,0,9.83
1773169963.371688249,1,0,0.01
1773169964.394652096,0,0,9.83
1773169964.394652096,1,0,0.01
1773169965.417410341,0,0,9.83
1773169965.417410341,1,0,0.01
1773169966.440334657,0,0,9.83
1773169966.440334657,1,0,0.01
1773169967.464736124,0,0,9.83
1773169967.464736124,1,0,0.01
1773169968.487962602,0,0,9.83
1773169968.487962602,1,0,0.01
1773169969.511043803,0,0,9.83
1773169969.511043803,1,0,0.01
1773169970.534451069,0,0,9.83
1773169970.534451069,1,0,0.01
1773169971.557610713,0,0,9.83
1773169971.557610713,1,0,0.01
1773169972.581115159,0,0,9.83
1773169972.581115159,1,0,0.01
1773169973.604544900,0,0,9.83
1773169973.604544900,1,0,0.01
1773169974.627143679,0,0,9.83
1773169974.627143679,1,0,0.01
1773169975.650536063,0,0,9.83
1773169975.650536063,1,0,0.01
1773169976.674837057,0,0,9.83
1773169976.674837057,1,0,0.01
1773169977.697995762,0,0,9.83
1773169977.697995762,1,0,0.01
1773169978.720397128,0,0,9.83
1773169978.720397128,1,0,0.01
1773169979.741970346,0,0,9.83
1773169979.741970346,1,0,0.01
1773169980.765181554,0,0,9.83
1773169980.765181554,1,0,0.01
1773169981.787524062,0,0,9.83
1773169981.787524062,1,0,0.01
1773169982.810131477,0,0,9.83
1773169982.810131477,1,0,0.01
1773169983.832150795,0,0,9.83
1773169983.832150795,1,0,0.01
1773169984.854994419,0,0,9.83
1773169984.854994419,1,0,0.01
1773169985.877793356,0,0,9.83
1773169985.877793356,1,0,0.01
1773169986.899955972,0,0,9.83
1773169986.899955972,1,0,0.01
1773169987.922377289,0,0,9.83
1773169987.922377289,1,0,0.01
1773169988.943604620,0,0,9.83
1773169988.943604620,1,0,0.01
1773169989.967033834,0,0,9.83
1773169989.967033834,1,0,0.01
1773169990.989510371,0,0,9.83
1773169990.989510371,1,0,0.01
1773169992.012646792,0,0,9.83
1773169992.012646792,1,0,0.01
1773169993.035051213,0,0,9.83
1773169993.035051213,1,0,0.01
1773169994.057072680,0,1,9.83
1773169994.057072680,1,0,0.01
1773169995.079834911,0,0,9.83
1773169995.079834911,1,0,0.01
1773169996.102257002,0,0,9.83
1773169996.102257002,1,0,0.01
1773169997.125684680,0,0,9.83
1773169997.125684680,1,0,0.01
1773169998.148846747,0,0,9.83
1773169998.148846747,1,0,0.01
1773169999.171709159,0,0,9.83
1773169999.171709159,1,0,0.01
1773170000.194398364,0,0,9.83
1773170000.194398364,1,0,0.01
1773170001.217444222,0,0,9.83
1773170001.217444222,1,0,0.01
1773170002.242379916,0,65,9.83
1773170002.242379916,1,0,0.01
1773170003.265126485,0,99,9.83
1773170003.265126485,1,0,0.01
1773170004.288656152,0,99,9.83
1773170004.288656152,1,0,0.01
1773170005.311855228,0,70,9.83
1773170005.311855228,1,0,0.01
1773170006.336253886,0,0,9.83
1773170006.336253886,1,0,0.01
1773170007.359306058,0,0,9.83
1773170007.359306058,1,0,0.01
1773170008.382862225,0,0,9.83
1773170008.382862225,1,0,0.01
1773170009.404771360,0,0,9.83
1773170009.404771360,1,0,0.01
1773170010.427868833,0,0,9.83
1773170010.427868833,1,0,0.01
1773170011.449788723,0,0,9.83
1773170011.449788723,1,0,0.01
1773170012.472777988,0,0,9.83
1773170012.472777988,1,0,0.01
1773170013.496777723,0,0,9.83
1773170013.496777723,1,0,0.01
1773170014.519494587,0,0,9.83
1773170014.519494587,1,0,0.01
1773170015.544151044,0,0,9.83
1773170015.544151044,1,0,0.01
1773170016.567231664,0,0,9.83
1773170016.567231664,1,0,0.01
1773170017.590496047,0,0,9.83
1773170017.590496047,1,0,0.01
1773170018.613031385,0,0,9.83
1773170018.613031385,1,0,0.01
1773170019.636765685,0,0,9.83
1773170019.636765685,1,0,0.01
1773170020.659828207,0,0,9.83
1773170020.659828207,1,0,0.01
1773170021.683275918,0,0,9.83
1773170021.683275918,1,0,0.01
1773170022.706127002,0,0,9.83
1773170022.706127002,1,0,0.01
1773170023.729446967,0,0,9.83
1773170023.729446967,1,0,0.01
1773170024.752512028,0,0,9.83
1773170024.752512028,1,0,0.01
1773170025.776094120,0,0,9.83
1773170025.776094120,1,0,0.01
1773170026.799997911,0,0,9.83
1773170026.799997911,1,0,0.01
1773170027.822870967,0,0,9.83
1773170027.822870967,1,0,0.01
1773170028.846523320,0,0,9.83
1773170028.846523320,1,0,0.01
1773170029.869295997,0,0,9.83
1773170029.869295997,1,0,0.01
1773170030.893260199,0,0,9.83
1773170030.893260199,1,0,0.01
1773170031.916573258,0,0,9.83
1773170031.916573258,1,0,0.01
1773170032.939749678,0,0,9.83
1773170032.939749678,1,0,0.01
1773170033.963025349,0,0,9.83
1773170033.963025349,1,0,0.01
1773170034.986979782,0,0,9.83
1773170034.986979782,1,0,0.01
1773170036.009739147,0,0,9.83
1773170036.009739147,1,0,0.01
1773170037.032612806,0,0,9.83
1773170037.032612806,1,0,0.01
1773170038.055543357,0,0,9.83
1773170038.055543357,1,0,0.01
1773170039.079011639,0,0,9.83
1773170039.079011639,1,0,0.01
1773170040.103780231,0,0,9.83
1773170040.103780231,1,0,0.01
1773170041.128507428,0,0,9.83
1773170041.128507428,1,0,0.01
1773170042.151339766,0,0,9.83
1773170042.151339766,1,0,0.01
1773170043.173949507,0,0,9.83
1773170043.173949507,1,0,0.01
1773170044.197211867,0,0,9.83
1773170044.197211867,1,0,0.01
1773170045.220994354,0,0,9.83
1773170045.220994354,1,0,0.01
1773170046.244476441,0,0,9.83
1773170046.244476441,1,0,0.01
1773170047.267740769,0,0,9.83
1773170047.267740769,1,0,0.01
1773170048.290651982,0,0,9.83
1773170048.290651982,1,0,0.01
1773170049.314841677,0,0,9.83
1773170049.314841677,1,0,0.01
1773170050.337953848,0,0,9.83
1773170050.337953848,1,0,0.01
1773170051.361216767,0,0,9.83
1773170051.361216767,1,0,0.01
1773170052.384547816,0,0,9.83
1773170052.384547816,1,0,0.01
1773170053.406987875,0,0,9.83
1773170053.406987875,1,0,0.01
1773170054.429174189,0,0,9.83
1773170054.429174189,1,0,0.01
1773170055.451738416,0,0,9.83
1773170055.451738416,1,0,0.01
1773170056.475240938,0,0,9.83
1773170056.475240938,1,0,0.01
1773170057.498393206,0,0,9.83
1773170057.498393206,1,0,0.01
1773170058.521529003,0,0,9.83
1773170058.521529003,1,0,0.01
1773170059.544326314,0,0,9.83
1773170059.544326314,1,0,0.01
1773170060.566457803,0,0,9.83
1773170060.566457803,1,0,0.01
1773170061.589210998,0,0,9.83
1773170061.589210998,1,0,0.01
1773170062.612010967,0,0,9.83
1773170062.612010967,1,0,0.01
1773170063.635729811,0,0,9.83
1773170063.635729811,1,0,0.01
1773170064.659374478,0,0,9.83
1773170064.659374478,1,0,0.01
1773170065.682747907,0,0,9.83
1773170065.682747907,1,0,0.01
1773170066.707398896,0,0,9.83
1773170066.707398896,1,0,0.01
1773170067.730852373,0,0,9.83
1773170067.730852373,1,0,0.01
1773170068.754620091,0,0,9.83
1773170068.754620091,1,0,0.01
1773170069.778042588,0,0,9.83
1773170069.778042588,1,0,0.01
1773170070.801744215,0,0,9.83
1773170070.801744215,1,0,0.01
1773170071.824813816,0,0,9.83
1773170071.824813816,1,0,0.01
1773170072.848096477,0,0,9.83
1773170072.848096477,1,0,0.01
1773170073.870594401,0,0,9.83
1773170073.870594401,1,0,0.01
1773170074.894082330,0,0,9.83
1773170074.894082330,1,0,0.01
1773170075.917587385,0,0,9.83
1773170075.917587385,1,0,0.01
1773170076.939940094,0,0,9.83
1773170076.939940094,1,0,0.01
1773170077.962768082,0,0,9.83
1773170077.962768082,1,0,0.01
1773170078.984133092,0,0,9.83
1773170078.984133092,1,0,0.01
1773170080.006999505,0,0,9.83
1773170080.006999505,1,0,0.01
1773170081.028772248,0,1,9.83
1773170081.028772248,1,0,0.01
1773170082.051306036,0,0,9.83
1773170082.051306036,1,0,0.01
1773170083.074339041,0,0,9.83
1773170083.074339041,1,0,0.01
1773170084.096530207,0,0,9.83
1773170084.096530207,1,0,0.01
1773170085.118696720,0,0,9.83
1773170085.118696720,1,0,0.01
1773170086.140970380,0,0,9.83
1773170086.140970380,1,0,0.01
1773170087.163342785,0,0,9.83
1773170087.163342785,1,0,0.01
1773170088.186527358,0,0,9.83
1773170088.186527358,1,0,0.01
1773170089.209490622,0,0,9.83
1773170089.209490622,1,0,0.01
1773170090.232363912,0,0,9.83
1773170090.232363912,1,0,0.01
1773170091.254857121,0,0,9.83
1773170091.254857121,1,0,0.01
1773170092.277842723,0,0,9.83
1773170092.277842723,1,0,0.01
1773170093.300591008,0,0,9.83
1773170093.300591008,1,0,0.01
1773170094.323621228,0,0,9.83
1773170094.323621228,1,0,0.01
1773170095.346144535,0,0,9.83
1773170095.346144535,1,0,0.01
1773170096.368921922,0,0,9.83
1773170096.368921922,1,0,0.01
1773170097.392399965,0,0,9.83
1773170097.392399965,1,0,0.01
1773170098.415308978,0,0,9.83
1773170098.415308978,1,0,0.01
1773170099.437113106,0,0,9.83
1773170099.437113106,1,0,0.01
1773170100.460800200,0,0,9.83
1773170100.460800200,1,0,0.01
1773170101.483708636,0,0,9.83
1773170101.483708636,1,0,0.01
1773170102.506335307,0,0,9.83
1773170102.506335307,1,0,0.01
1773170103.529139238,0,0,9.83
1773170103.529139238,1,0,0.01
1773170104.551675490,0,0,9.83
1773170104.551675490,1,0,0.01
1773170105.574854716,0,67,9.83
1773170105.574854716,1,0,0.01
1773170106.597793912,0,66,9.83
1773170106.597793912,1,0,0.01
1773170107.621124998,0,0,9.83
1773170107.621124998,1,0,0.01
1773170108.644946391,0,0,9.83
1773170108.644946391,1,0,0.01
1773170109.668949296,0,0,9.83
1773170109.668949296,1,0,0.01
1773170110.692683788,0,0,9.83
1773170110.692683788,1,0,0.01
1773170111.715979228,0,0,9.83
1773170111.715979228,1,0,0.01
1773170112.739087161,0,0,9.83
1773170112.739087161,1,0,0.01
1773170113.761530548,0,0,9.83
1773170113.761530548,1,0,0.01
1773170114.783800500,0,0,9.83
1773170114.783800500,1,0,0.01
1773170115.807605433,0,0,9.83
1773170115.807605433,1,0,0.01
1773170116.830449278,0,0,9.83
1773170116.830449278,1,0,0.01
1773170117.853070776,0,0,9.83
1773170117.853070776,1,0,0.01
1773170118.877435965,0,0,9.83
1773170118.877435965,1,0,0.01
1773170119.899606605,0,0,9.83
1773170119.899606605,1,0,0.01
1773170120.923188669,0,0,9.83
1773170120.923188669,1,0,0.01
1773170121.946255997,0,0,9.83
1773170121.946255997,1,0,0.01
1773170122.969401592,0,70,9.83
1773170122.969401592,1,0,0.01
1773170123.992448145,0,70,9.83
1773170123.992448145,1,0,0.01
1773170125.015456041,0,0,9.83
1773170125.015456041,1,0,0.01
1773170126.037731004,0,0,9.83
1773170126.037731004,1,0,0.01
1773170127.061422959,0,0,9.83
1773170127.061422959,1,0,0.01
1773170128.084587455,0,0,9.83
1773170128.084587455,1,0,0.01
1773170129.108218294,0,0,9.83
1773170129.108218294,1,0,0.01
1773170130.132079579,0,0,9.83
1773170130.132079579,1,0,0.01
1773170131.155592103,0,0,9.83
1773170131.155592103,1,0,0.01
1773170132.177954287,0,0,9.83
1773170132.177954287,1,0,0.01
1773170133.202705048,0,0,9.83
1773170133.202705048,1,0,0.01
1773170134.226840899,0,0,9.83
1773170134.226840899,1,0,0.01
1773170135.250315612,0,0,9.83
1773170135.250315612,1,0,0.01
1773170136.273169883,0,0,9.83
1773170136.273169883,1,0,0.01
1773170137.296691155,0,0,9.83
1773170137.296691155,1,0,0.01
1773170138.319750238,0,0,9.83
1773170138.319750238,1,0,0.01
1773170139.344440380,0,0,9.83
1773170139.344440380,1,0,0.01
1773170140.368211280,0,0,9.83
1773170140.368211280,1,0,0.01
1773170141.393252330,0,0,9.83
1773170141.393252330,1,0,0.01
1773170142.417236908,0,0,9.83
1773170142.417236908,1,0,0.01
1773170143.440558699,0,0,9.83
1773170143.440558699,1,0,0.01
1773170144.463102250,0,0,9.83
1773170144.463102250,1,0,0.01
1773170145.487400013,0,0,9.83
1773170145.487400013,1,0,0.01
1773170146.509933023,0,0,9.83
1773170146.509933023,1,0,0.01
1773170147.533252437,0,0,9.83
1773170147.533252437,1,0,0.01
1773170148.556290382,0,0,9.83
1773170148.556290382,1,0,0.01
1773170149.580017820,0,0,9.83
1773170149.580017820,1,0,0.01
1773170150.603118774,0,0,9.83
1773170150.603118774,1,0,0.01
1773170151.627204311,0,0,9.83
1773170151.627204311,1,0,0.01
1773170152.650095962,0,0,9.83
1773170152.650095962,1,0,0.01
1773170153.673643756,0,0,9.83
1773170153.673643756,1,0,0.01
1773170154.697318118,0,0,9.83
1773170154.697318118,1,0,0.01
1773170155.720858024,0,0,9.83
1773170155.720858024,1,0,0.01
1773170156.743489998,0,0,9.83
1773170156.743489998,1,0,0.01
1773170157.766338198,0,0,9.83
1773170157.766338198,1,0,0.01
1773170158.788769406,0,0,9.83
1773170158.788769406,1,0,0.01
1773170159.812161913,0,0,9.83
1773170159.812161913,1,0,0.01
1773170160.836259327,0,0,9.83
1773170160.836259327,1,0,0.01
1773170161.858754600,0,0,9.83
1773170161.858754600,1,0,0.01
1773170162.882111573,0,0,9.83
1773170162.882111573,1,0,0.01
1773170163.905540700,0,0,9.83
1773170163.905540700,1,0,0.01
1773170164.929448351,0,0,9.83
1773170164.929448351,1,0,0.01
1773170165.953135874,0,0,9.83
1773170165.953135874,1,0,0.01
1773170166.977055176,0,0,9.83
1773170166.977055176,1,0,0.01
1773170168.000530691,0,0,9.83
1773170168.000530691,1,0,0.01
1773170169.024565986,0,0,9.83
1773170169.024565986,1,0,0.01
1773170170.047967542,0,0,9.83
1773170170.047967542,1,0,0.01
1773170171.071285590,0,0,9.83
1773170171.071285590,1,0,0.01
1773170172.095702266,0,0,9.83
1773170172.095702266,1,0,0.01
1773170173.118783260,0,0,9.83
1773170173.118783260,1,0,0.01
1773170174.141422381,0,0,9.83
1773170174.141422381,1,0,0.01
1773170175.165161348,0,0,9.83
1773170175.165161348,1,0,0.01
1773170176.189174167,0,0,9.83
1773170176.189174167,1,0,0.01
1773170177.212100001,0,0,9.83
1773170177.212100001,1,0,0.01
1773170178.235712610,0,0,9.83
1773170178.235712610,1,0,0.01
1773170179.258728381,0,0,9.83
1773170179.258728381,1,0,0.01
1773170180.282875605,0,0,9.83
1773170180.282875605,1,0,0.01
1773170181.307247789,0,0,9.83
1773170181.307247789,1,0,0.01
1773170182.330199042,0,0,9.83
1773170182.330199042,1,0,0.01
1773170183.352192194,0,0,9.83
1773170183.352192194,1,0,0.01
1773170184.375313651,0,0,9.83
1773170184.375313651,1,0,0.01
1773170185.398048509,0,0,9.83
1773170185.398048509,1,0,0.01
1773170186.421280725,0,0,9.83
1773170186.421280725,1,0,0.01
1773170187.445107542,0,0,9.83
1773170187.445107542,1,0,0.01
1773170188.467957605,0,0,9.83
1773170188.467957605,1,0,0.01
1773170189.490649011,0,0,9.83
1773170189.490649011,1,0,0.01
1773170190.514749623,0,0,9.83
1773170190.514749623,1,0,0.01
1773170191.537214596,0,0,9.83
1773170191.537214596,1,0,0.01
1773170192.560339385,0,0,9.83
1773170192.560339385,1,0,0.01
1773170193.582897020,0,0,9.83
1773170193.582897020,1,0,0.01
1773170194.606372294,0,0,9.83
1773170194.606372294,1,0,0.01
1773170195.629987029,0,0,9.83
1773170195.629987029,1,0,0.01
1773170196.652841315,0,0,9.83
1773170196.652841315,1,0,0.01
1773170197.675789149,0,1,9.83
1773170197.675789149,1,0,0.01
1773170198.699108618,0,0,9.83
1773170198.699108618,1,0,0.01
1773170199.722247406,0,0,9.83
1773170199.722247406,1,0,0.01
1773170200.746605530,0,0,9.83
1773170200.746605530,1,0,0.01
1773170201.770018845,0,0,9.83
1773170201.770018845,1,0,0.01
1773170202.793844426,0,0,9.83
1773170202.793844426,1,0,0.01
1773170203.817974982,0,0,9.83
1773170203.817974982,1,0,0.01
1773170204.841338930,0,0,9.83
1773170204.841338930,1,0,0.01
1773170205.864991613,0,0,9.83
1773170205.864991613,1,0,0.01
1773170206.888172312,0,0,9.83
1773170206.888172312,1,0,0.01
1773170207.911272921,0,0,9.83
1773170207.911272921,1,0,0.01
1773170208.934474952,0,0,9.83
1773170208.934474952,1,0,0.01
1773170209.957819966,0,0,9.83
1773170209.957819966,1,0,0.01
1773170210.980832292,0,0,9.83
1773170210.980832292,1,0,0.01
1773170212.004738953,0,0,9.83
1773170212.004738953,1,0,0.01
1773170213.027883595,0,0,9.83
1773170213.027883595,1,0,0.01
1773170214.050673317,0,0,9.83
1773170214.050673317,1,0,0.01
1773170215.073770676,0,0,9.83
1773170215.073770676,1,0,0.01
1773170216.096461006,0,0,9.83
1773170216.096461006,1,0,0.01
1773170217.120710264,0,0,9.83
1773170217.120710264,1,0,0.01
1773170218.143531916,0,0,9.83
1773170218.143531916,1,0,0.01
1773170219.167263066,0,0,9.83
1773170219.167263066,1,0,0.01
1773170220.190475656,0,0,9.83
1773170220.190475656,1,0,0.01
1773170221.214491261,0,0,9.83
1773170221.214491261,1,0,0.01
1773170222.238019147,0,0,9.83
1773170222.238019147,1,0,0.01
1773170223.262418897,0,0,9.83
1773170223.262418897,1,0,0.01
1773170224.286287017,0,0,9.83
1773170224.286287017,1,0,0.01
1773170225.310717234,0,0,9.83
1773170225.310717234,1,0,0.01
1773170226.334953216,0,0,9.83
1773170226.334953216,1,0,0.01
1773170227.359528366,0,0,9.83
1773170227.359528366,1,0,0.01
1773170228.384115316,0,0,9.83
1773170228.384115316,1,0,0.01
1773170229.408500214,0,0,9.83
1773170229.408500214,1,0,0.01
1773170230.432205510,0,0,9.83
1773170230.432205510,1,0,0.01
1773170231.456815336,0,0,9.83
1773170231.456815336,1,0,0.01
1773170232.480735119,0,0,9.83
1773170232.480735119,1,0,0.01
1773170233.504245857,0,0,9.83
1773170233.504245857,1,0,0.01
1773170234.527318523,0,0,9.83
1773170234.527318523,1,0,0.01
1773170235.550098940,0,0,9.83
1773170235.550098940,1,0,0.01
1773170236.573655158,0,0,9.83
1773170236.573655158,1,0,0.01
1773170237.597531103,0,0,9.83
1773170237.597531103,1,0,0.01
1773170238.620549252,0,0,9.83
1773170238.620549252,1,0,0.01
1773170239.643614233,0,0,9.83
1773170239.643614233,1,0,0.01
1773170240.667300878,0,0,9.83
1773170240.667300878,1,0,0.01
1773170241.690910804,0,0,9.83
1773170241.690910804,1,0,0.01
1773170242.714706433,0,0,9.83
1773170242.714706433,1,0,0.01
1773170243.738614101,0,0,9.83
1773170243.738614101,1,0,0.01
1773170244.762112269,0,0,9.83
1773170244.762112269,1,0,0.01
1773170245.785579759,0,0,9.83
1773170245.785579759,1,0,0.01
1773170246.809431095,0,0,9.83
1773170246.809431095,1,0,0.01
1773170247.832941657,0,0,9.83
1773170247.832941657,1,0,0.01
1773170248.857141616,0,0,9.83
1773170248.857141616,1,0,0.01
1773170249.882426503,0,0,9.83
1773170249.882426503,1,0,0.01
1773170250.907068364,0,0,9.83
1773170250.907068364,1,0,0.01
1773170251.932498532,0,1,9.83
1773170251.932498532,1,0,0.01
1773170252.957020788,0,0,9.83
1773170252.957020788,1,0,0.01
1773170253.979451144,0,0,9.83
1773170253.979451144,1,0,0.01
1773170255.003442923,0,0,9.83
1773170255.003442923,1,0,0.01
1773170256.026987660,0,0,9.83
1773170256.026987660,1,0,0.01
1773170257.051105118,0,1,9.83
1773170257.051105118,1,0,0.01
1773170258.075193134,0,0,9.83
1773170258.075193134,1,0,0.01
1773170259.098561599,0,0,9.83
1773170259.098561599,1,0,0.01
1773170260.122599295,0,67,9.83
1773170260.122599295,1,0,0.01
1773170261.146357303,0,67,9.83
1773170261.146357303,1,0,0.01
1773170262.170501045,0,0,9.83
1773170262.170501045,1,0,0.01
1773170263.194153507,0,0,9.83
1773170263.194153507,1,0,0.01
1773170264.219436334,0,0,9.83
1773170264.219436334,1,0,0.01
1773170265.244149374,0,0,9.83
1773170265.244149374,1,0,0.01
1773170266.268429762,0,0,9.83
1773170266.268429762,1,0,0.01
1773170267.292903833,0,0,9.83
1773170267.292903833,1,0,0.01
1773170268.316826250,0,0,9.83
1773170268.316826250,1,0,0.01
1773170269.340597465,0,0,9.83
1773170269.340597465,1,0,0.01
1773170270.364631333,0,0,9.83
1773170270.364631333,1,0,0.01
1773170271.388450305,0,0,9.83
1773170271.388450305,1,0,0.01
1773170272.411730478,0,0,9.83
1773170272.411730478,1,0,0.01
1773170273.436309334,0,0,9.83
1773170273.436309334,1,0,0.01
1773170274.460501427,0,0,9.83
1773170274.460501427,1,0,0.01
1773170275.483084073,0,0,9.83
1773170275.483084073,1,0,0.01
1773170276.506157790,0,0,9.83
1773170276.506157790,1,0,0.01
1773170277.528987359,0,0,9.83
1773170277.528987359,1,0,0.01
1773170278.552614490,0,0,9.83
1773170278.552614490,1,0,0.01
1773170279.576483993,0,0,9.83
1773170279.576483993,1,0,0.01
1773170280.601605344,0,0,9.83
1773170280.601605344,1,0,0.01
1773170281.624462729,0,0,9.83
1773170281.624462729,1,0,0.01
1773170282.647385894,0,0,9.83
1773170282.647385894,1,0,0.01
1773170283.669958270,0,0,9.83
1773170283.669958270,1,0,0.01
1773170284.693409722,0,0,9.83
1773170284.693409722,1,0,0.01
1773170285.715854581,0,0,9.83
1773170285.715854581,1,0,0.01
1773170286.739202131,0,0,9.83
1773170286.739202131,1,0,0.01
1773170287.761416399,0,0,9.83
1773170287.761416399,1,0,0.01
1773170288.784808841,0,0,9.83
1773170288.784808841,1,0,0.01
1773170289.809136030,0,0,9.83
1773170289.809136030,1,0,0.01
1773170290.832693017,0,0,9.83
1773170290.832693017,1,0,0.01
1773170291.855719659,0,0,9.83
1773170291.855719659,1,0,0.01
1773170292.879083370,0,0,9.83
1773170292.879083370,1,0,0.01
1773170293.903912909,0,0,9.83
1773170293.903912909,1,0,0.01
1773170294.927629346,0,1,9.83
1773170294.927629346,1,0,0.01
1773170295.951606246,0,0,9.83
1773170295.951606246,1,0,0.01
1773170296.975454584,0,0,9.83
1773170296.975454584,1,0,0.01
1773170297.999211747,0,0,9.83
1773170297.999211747,1,0,0.01
1773170299.023098974,0,0,9.83
1773170299.023098974,1,0,0.01
1773170300.045777489,0,0,9.83
1773170300.045777489,1,0,0.01
1773170301.068545029,0,0,9.83
1773170301.068545029,1,0,0.01
1773170302.092344694,0,0,9.83
1773170302.092344694,1,0,0.01
1773170303.116722079,0,0,9.83
1773170303.116722079,1,0,0.01
1773170304.140020543,0,1,9.83
1773170304.140020543,1,0,0.01
1773170305.163414022,0,0,9.83
1773170305.163414022,1,0,0.01
1773170306.187589358,0,0,9.83
1773170306.187589358,1,0,0.01
1773170307.210892958,0,0,9.83
1773170307.210892958,1,0,0.01
1773170308.233132411,0,0,9.83
1773170308.233132411,1,0,0.01
1773170309.256100465,0,0,9.83
1773170309.256100465,1,0,0.01
1773170310.278939788,0,0,9.83
1773170310.278939788,1,0,0.01
1773170311.302862041,0,0,9.83
1773170311.302862041,1,0,0.01
1773170312.326437248,0,0,9.83
1773170312.326437248,1,0,0.01
1773170313.350646623,0,0,9.83
1773170313.350646623,1,0,0.01
1773170314.373696132,0,0,9.83
1773170314.373696132,1,0,0.01
1773170315.396935601,0,0,9.83
1773170315.396935601,1,0,0.01
1773170316.419535259,0,0,9.83
1773170316.419535259,1,0,0.01
1773170317.441820934,0,0,9.83
1773170317.441820934,1,0,0.01
1773170318.465158807,0,0,9.83
1773170318.465158807,1,0,0.01
1773170319.489100989,0,0,9.83
1773170319.489100989,1,0,0.01
1773170320.512601758,0,0,9.83
1773170320.512601758,1,0,0.01
1773170321.536075357,0,0,9.83
1773170321.536075357,1,0,0.01
1773170322.560566848,0,0,9.83
1773170322.560566848,1,0,0.01
1773170323.584984247,0,0,9.83
1773170323.584984247,1,0,0.01
1773170324.608882768,0,0,9.83
1773170324.608882768,1,0,0.01
1773170325.632782395,0,0,9.83
1773170325.632782395,1,0,0.01
1773170326.655102220,0,0,9.83
1773170326.655102220,1,0,0.01
1773170327.677645645,0,0,9.83
1773170327.677645645,1,0,0.01
1773170328.700713790,0,0,9.83
1773170328.700713790,1,0,0.01
1773170329.724173148,0,0,9.83
1773170329.724173148,1,0,0.01
1773170330.748127628,0,0,9.83
1773170330.748127628,1,0,0.01
1773170331.771081782,0,0,9.83
1773170331.771081782,1,0,0.01
1773170332.794020018,0,0,9.83
1773170332.794020018,1,0,0.01
1773170333.817607327,0,0,9.83
1773170333.817607327,1,0,0.01
1773170334.841109972,0,0,9.83
1773170334.841109972,1,0,0.01
1773170335.863879414,0,0,9.83
1773170335.863879414,1,0,0.01
1773170336.887512624,0,0,9.83
1773170336.887512624,1,0,0.01
1773170337.910629593,0,0,9.83
1773170337.910629593,1,0,0.01
1773170338.933782433,0,0,9.83
1773170338.933782433,1,0,0.01
1773170339.956934393,0,0,9.83
1773170339.956934393,1,0,0.01
1773170340.978867888,0,0,9.83
1773170340.978867888,1,0,0.01
1773170342.001881016,0,0,9.83
1773170342.001881016,1,0,0.01
1773170343.025424129,0,0,9.83
1773170343.025424129,1,0,0.01
1773170344.050570803,0,1,9.83
1773170344.050570803,1,0,0.01
1773170345.075657398,0,0,9.83
1773170345.075657398,1,0,0.01
1773170346.098916363,0,0,9.83
1773170346.098916363,1,0,0.01
1773170347.121801604,0,0,9.83
1773170347.121801604,1,0,0.01
1773170348.145421930,0,0,9.83
1773170348.145421930,1,0,0.01
1773170349.168421805,0,0,9.83
1773170349.168421805,1,0,0.01
1773170350.192173147,0,0,9.83
1773170350.192173147,1,0,0.01
1773170351.216631815,0,0,9.83
1773170351.216631815,1,0,0.01
1773170352.239875443,0,1,9.83
1773170352.239875443,1,0,0.01
1773170353.264265851,0,0,9.83
1773170353.264265851,1,0,0.01
1773170354.287254033,0,0,9.83
1773170354.287254033,1,0,0.01
1773170355.310793326,0,0,9.83
1773170355.310793326,1,0,0.01
1773170356.333451755,0,1,9.83
1773170356.333451755,1,0,0.01
1773170357.355870734,0,0,9.83
1773170357.355870734,1,0,0.01
1773170358.378393242,0,0,9.83
1773170358.378393242,1,0,0.01
1773170359.400568005,0,0,9.83
1773170359.400568005,1,0,0.01
1773170360.424082909,0,0,9.83
1773170360.424082909,1,0,0.01
1773170361.448582401,0,0,9.83
1773170361.448582401,1,0,0.01
1773170362.471611901,0,0,9.83
1773170362.471611901,1,0,0.01
1773170363.493761426,0,0,9.83
1773170363.493761426,1,0,0.01
1773170364.517031922,0,0,9.83
1773170364.517031922,1,0,0.01
1773170365.541213424,0,0,9.83
1773170365.541213424,1,0,0.01
1773170366.563943928,0,0,9.83
1773170366.563943928,1,0,0.01
1773170367.586893591,0,0,9.83
1773170367.586893591,1,0,0.01
1773170368.610599484,0,0,9.83
1773170368.610599484,1,0,0.01
1773170369.634494072,0,0,9.83
1773170369.634494072,1,0,0.01
1773170370.657632787,0,0,9.83
1773170370.657632787,1,0,0.01
1773170371.680699737,0,0,9.83
1773170371.680699737,1,0,0.01
1773170372.704014969,0,0,9.83
1773170372.704014969,1,0,0.01
1773170373.726526019,0,0,9.83
1773170373.726526019,1,0,0.01
1773170374.748968713,0,0,9.83
1773170374.748968713,1,0,0.01
1773170375.772157054,0,0,9.83
1773170375.772157054,1,0,0.01
1773170376.795056114,0,0,9.83
1773170376.795056114,1,0,0.01
1773170377.818843806,0,0,9.83
1773170377.818843806,1,0,0.01
1773170378.843039916,0,0,9.83
1773170378.843039916,1,0,0.01
1773170379.865878529,0,0,9.83
1773170379.865878529,1,0,0.01
1773170380.889041087,0,0,9.83
1773170380.889041087,1,0,0.01
1773170381.913161207,0,0,9.83
1773170381.913161207,1,0,0.01
1773170382.935753471,0,0,9.83
1773170382.935753471,1,0,0.01
1773170383.958980904,0,0,9.83
1773170383.958980904,1,0,0.01
1773170384.982091290,0,0,9.83
1773170384.982091290,1,0,0.01
1773170386.004930701,0,0,9.83
1773170386.004930701,1,0,0.01
1773170387.027754209,0,0,9.83
1773170387.027754209,1,0,0.01
1773170388.051975397,0,0,9.83
1773170388.051975397,1,0,0.01
1773170389.075935102,0,0,9.83
1773170389.075935102,1,0,0.01
1773170390.098888276,0,0,9.83
1773170390.098888276,1,0,0.01
1773170391.123313099,0,0,9.83
1773170391.123313099,1,0,0.01
1773170392.147195548,0,0,9.83
1773170392.147195548,1,0,0.01
1773170393.170860460,0,68,9.83
1773170393.170860460,1,0,0.01
1773170394.194881118,0,67,9.83
1773170394.194881118,1,0,0.01
1773170395.219035781,0,0,9.83
1773170395.219035781,1,0,0.01
1773170396.242872455,0,0,9.83
1773170396.242872455,1,0,0.01
1773170397.266289416,0,0,9.83
1773170397.266289416,1,0,0.01
1773170398.288559138,0,0,9.83
1773170398.288559138,1,0,0.01
1773170399.310870269,0,0,9.83
1773170399.310870269,1,0,0.01
1773170400.333873062,0,0,9.83
1773170400.333873062,1,0,0.01
1773170401.356241715,0,0,9.83
1773170401.356241715,1,0,0.01
1773170402.379093473,0,0,9.83
1773170402.379093473,1,0,0.01
1773170403.402358194,0,0,9.83
1773170403.402358194,1,0,0.01
1773170404.426192007,0,0,9.83
1773170404.426192007,1,0,0.01
1773170405.449460944,0,0,9.83
1773170405.449460944,1,0,0.01
1773170406.472611187,0,0,9.83
1773170406.472611187,1,0,0.01
1773170407.495746166,0,0,9.83
1773170407.495746166,1,0,0.01
1773170408.518431443,0,0,9.83
1773170408.518431443,1,0,0.01
1773170409.541152241,0,0,9.83
1773170409.541152241,1,0,0.01
1773170410.563889123,0,0,9.83
1773170410.563889123,1,0,0.01
1773170411.586750142,0,0,9.83
1773170411.586750142,1,0,0.01
1773170412.608900250,0,0,9.83
1773170412.608900250,1,0,0.01
1773170413.632806488,0,0,9.83
1773170413.632806488,1,0,0.01
1773170414.656070074,0,0,9.83
1773170414.656070074,1,0,0.01
1773170415.679243994,0,0,9.83
1773170415.679243994,1,0,0.01
1773170416.702111921,0,0,9.83
1773170416.702111921,1,0,0.01
1773170417.724812818,0,0,9.83
1773170417.724812818,1,0,0.01
1773170418.747683129,0,0,9.83
1773170418.747683129,1,0,0.01
1773170419.770861828,0,0,9.83
1773170419.770861828,1,0,0.01
1773170420.794543150,0,0,9.83
1773170420.794543150,1,0,0.01
1773170421.817561173,0,0,9.83
1773170421.817561173,1,0,0.01
1773170422.841513407,0,0,9.83
1773170422.841513407,1,0,0.01
1773170423.865602889,0,0,9.83
1773170423.865602889,1,0,0.01
1773170424.888781672,0,0,9.83
1773170424.888781672,1,0,0.01
1773170425.912450339,0,0,9.83
1773170425.912450339,1,0,0.01
1773170426.935516362,0,0,9.83
1773170426.935516362,1,0,0.01
1773170427.958513660,0,0,9.83
1773170427.958513660,1,0,0.01
1773170428.981328710,0,0,9.83
1773170428.981328710,1,0,0.01
1773170430.005215354,0,0,9.83
1773170430.005215354,1,0,0.01
1773170431.028475205,0,0,9.83
1773170431.028475205,1,0,0.01
1773170432.051819199,0,0,9.83
1773170432.051819199,1,0,0.01
1773170433.076358847,0,0,9.83
1773170433.076358847,1,0,0.01
1773170434.101424211,0,0,9.83
1773170434.101424211,1,0,0.01
1773170435.126383542,0,0,9.83
1773170435.126383542,1,0,0.01
1773170436.150630694,0,0,9.83
1773170436.150630694,1,0,0.01
1773170437.174398997,0,0,9.83
1773170437.174398997,1,0,0.01
1773170438.199205731,0,0,9.83
1773170438.199205731,1,0,0.01
1773170439.221944414,0,0,9.83
1773170439.221944414,1,0,0.01
1773170440.245331277,0,0,9.83
1773170440.245331277,1,0,0.01
1773170441.268896138,0,0,9.83
1773170441.268896138,1,0,0.01
1773170442.291518986,0,0,9.83
1773170442.291518986,1,0,0.01
1773170443.315553981,0,0,9.83
1773170443.315553981,1,0,0.01
1773170444.340700225,0,0,9.83
1773170444.340700225,1,0,0.01
1773170445.365566866,0,0,9.83
1773170445.365566866,1,0,0.01
1773170446.390290454,0,0,9.83
1773170446.390290454,1,0,0.01
1773170447.413521718,0,0,9.83
1773170447.413521718,1,0,0.01
1773170448.438116585,0,0,9.83
1773170448.438116585,1,0,0.01
1773170449.461872293,0,0,9.83
1773170449.461872293,1,0,0.01
1773170450.485608208,0,0,9.83
1773170450.485608208,1,0,0.01
1773170451.508186837,0,0,9.83
1773170451.508186837,1,0,0.01
1773170452.530453171,0,0,9.83
1773170452.530453171,1,0,0.01
1773170453.554430516,0,0,9.83
1773170453.554430516,1,0,0.01
1773170454.579024667,0,0,9.83
1773170454.579024667,1,0,0.01
1773170455.601883471,0,0,9.83
1773170455.601883471,1,0,0.01
1773170456.625235152,0,0,9.83
1773170456.625235152,1,0,0.01
1773170457.647660201,0,0,9.83
1773170457.647660201,1,0,0.01
1773170458.669749528,0,0,9.83
1773170458.669749528,1,0,0.01
1773170459.693003795,0,0,9.83
1773170459.693003795,1,0,0.01
1773170460.715835549,0,0,9.83
1773170460.715835549,1,0,0.01
1773170461.738211345,0,0,9.83
1773170461.738211345,1,0,0.01
1773170462.761537844,0,0,9.83
1773170462.761537844,1,0,0.01
1773170463.784279973,0,1,9.83
1773170463.784279973,1,0,0.01
1773170464.808322853,0,0,9.83
1773170464.808322853,1,0,0.01
1773170465.831132966,0,0,9.83
1773170465.831132966,1,0,0.01
1773170466.855035007,0,0,9.83
1773170466.855035007,1,0,0.01
1773170467.878732259,0,0,9.83
1773170467.878732259,1,0,0.01
1773170468.901365942,0,0,9.83
1773170468.901365942,1,0,0.01
1773170469.924456484,0,1,9.83
1773170469.924456484,1,0,0.01
1773170470.946893232,0,0,9.83
1773170470.946893232,1,0,0.01
1773170471.969288559,0,0,9.83
1773170471.969288559,1,0,0.01
1773170472.992682331,0,0,9.83
1773170472.992682331,1,0,0.01
1773170474.016277956,0,0,9.83
1773170474.016277956,1,0,0.01
1773170475.039399992,0,0,9.83
1773170475.039399992,1,0,0.01
1773170476.063145477,0,0,9.83
1773170476.063145477,1,0,0.01
1773170477.086368171,0,0,9.83
1773170477.086368171,1,0,0.01
1773170478.108611916,0,0,9.83
1773170478.108611916,1,0,0.01
1773170479.131468653,0,0,9.83
1773170479.131468653,1,0,0.01
1773170480.153982485,0,0,9.83
1773170480.153982485,1,0,0.01
1773170481.177639403,0,1,9.83
1773170481.177639403,1,0,0.01
1773170482.200551061,0,0,9.83
1773170482.200551061,1,0,0.01
1773170483.224428796,0,0,9.83
1773170483.224428796,1,0,0.01
1773170484.248377765,0,0,9.83
1773170484.248377765,1,0,0.01
1773170485.271556595,0,0,9.83
1773170485.271556595,1,0,0.01
1773170486.295507903,0,0,9.83
1773170486.295507903,1,0,0.01
1773170487.318310909,0,0,9.83
1773170487.318310909,1,0,0.01
1773170488.341800403,0,0,9.83
1773170488.341800403,1,0,0.01
1773170489.364933806,0,0,9.83
1773170489.364933806,1,0,0.01
1773170490.387934405,0,0,9.83
1773170490.387934405,1,0,0.01
1773170491.411089292,0,0,9.83
1773170491.411089292,1,0,0.01
1773170492.433345896,0,0,9.83
1773170492.433345896,1,0,0.01
1773170493.456260586,0,0,9.83
1773170493.456260586,1,0,0.01
1773170494.479463170,0,10,9.83
1773170494.479463170,1,0,0.01
1773170495.502450703,0,71,9.83
1773170495.502450703,1,0,0.01
1773170496.525301535,0,0,9.83
1773170496.525301535,1,0,0.01
1773170497.547956630,0,0,9.83
1773170497.547956630,1,0,0.01
1773170498.570520634,0,0,9.83
1773170498.570520634,1,0,0.01
1773170499.594320930,0,1,9.83
1773170499.594320930,1,0,0.01
1773170500.617866797,0,0,9.83
1773170500.617866797,1,0,0.01
1773170501.641184497,0,0,9.83
1773170501.641184497,1,0,0.01
1773170502.663514499,0,0,9.83
1773170502.663514499,1,0,0.01
1773170503.686454474,0,0,9.83
1773170503.686454474,1,0,0.01
1773170504.710388210,0,0,9.83
1773170504.710388210,1,0,0.01
1773170505.732757547,0,0,9.83
1773170505.732757547,1,0,0.01
1773170506.757063311,0,0,9.83
1773170506.757063311,1,0,0.01
1773170507.781787066,0,0,9.83
1773170507.781787066,1,0,0.01
1773170508.805652678,0,0,9.83
1773170508.805652678,1,0,0.01
1773170509.829009684,0,0,9.83
1773170509.829009684,1,0,0.01
1773170510.853382039,0,0,9.83
1773170510.853382039,1,0,0.01
1773170511.876503748,0,0,9.83
1773170511.876503748,1,0,0.01
1773170512.899759927,0,0,9.83
1773170512.899759927,1,0,0.01
1773170513.922818548,0,0,9.83
1773170513.922818548,1,0,0.01
1773170514.947315105,0,0,9.83
1773170514.947315105,1,0,0.01
1773170515.970652769,0,0,9.83
1773170515.970652769,1,0,0.01
1773170516.993868211,0,0,9.83
1773170516.993868211,1,0,0.01
1773170518.016222211,0,0,9.83
1773170518.016222211,1,0,0.01
1773170519.039486881,0,0,9.83
1773170519.039486881,1,0,0.01
1773170520.062428872,0,0,9.83
1773170520.062428872,1,0,0.01
1773170521.084858648,0,0,9.83
1773170521.084858648,1,0,0.01
1773170522.107556197,0,0,9.83
1773170522.107556197,1,0,0.01
1773170523.130744636,0,0,9.83
1773170523.130744636,1,0,0.01
1773170524.153374209,0,0,9.83
1773170524.153374209,1,0,0.01
1773170525.176764622,0,1,9.83
1773170525.176764622,1,0,0.01
1773170526.199360743,0,0,9.83
1773170526.199360743,1,0,0.01
1773170527.223123430,0,0,9.83
1773170527.223123430,1,0,0.01
1773170528.247137585,0,0,9.83
1773170528.247137585,1,0,0.01
1773170529.270727104,0,0,9.83
1773170529.270727104,1,0,0.01
1773170530.294014489,0,0,9.83
1773170530.294014489,1,0,0.01
1773170531.317025057,0,0,9.83
1773170531.317025057,1,0,0.01
1773170532.341253058,0,0,9.83
1773170532.341253058,1,0,0.01
1773170533.364448680,0,1,9.83
1773170533.364448680,1,0,0.01
1773170534.387102000,0,0,9.83
1773170534.387102000,1,0,0.01
1773170535.410853816,0,0,9.83
1773170535.410853816,1,0,0.01
1773170536.433604483,0,0,9.83
1773170536.433604483,1,0,0.01
1773170537.456441587,0,0,9.83
1773170537.456441587,1,0,0.01
1773170538.480207141,0,0,9.83
1773170538.480207141,1,0,0.01
1773170539.503826641,0,0,9.83
1773170539.503826641,1,0,0.01
1773170540.527674822,0,0,9.83
1773170540.527674822,1,0,0.01
1773170541.550398065,0,0,9.83
1773170541.550398065,1,0,0.01
1773170542.572727253,0,1,9.83
1773170542.572727253,1,0,0.01
1773170543.596799529,0,0,9.83
1773170543.596799529,1,0,0.01
1773170544.620866806,0,0,9.83
1773170544.620866806,1,0,0.01
1773170545.646007614,0,0,9.83
1773170545.646007614,1,0,0.01
1773170546.671110979,0,0,9.83
1773170546.671110979,1,0,0.01
1773170547.694206810,0,0,9.83
1773170547.694206810,1,0,0.01
1773170548.718752822,0,0,9.83
1773170548.718752822,1,0,0.01
1773170549.742180822,0,0,9.83
1773170549.742180822,1,0,0.01
1773170550.765979332,0,0,9.83
1773170550.765979332,1,0,0.01
1773170551.791442899,0,0,9.83
1773170551.791442899,1,0,0.01
1773170552.814935028,0,0,9.83
1773170552.814935028,1,0,0.01
1773170553.839169426,0,0,9.83
1773170553.839169426,1,0,0.01
1773170554.862217472,0,0,9.83
1773170554.862217472,1,0,0.01
1773170555.885282174,0,0,9.83
1773170555.885282174,1,0,0.01
1773170556.909153835,0,0,9.83
1773170556.909153835,1,0,0.01
1773170557.932896294,0,0,9.83
1773170557.932896294,1,0,0.01
1773170558.956004641,0,1,9.83
1773170558.956004641,1,0,0.01
1773170559.979861076,0,0,9.83
1773170559.979861076,1,0,0.01
1773170561.003264056,0,0,9.83
1773170561.003264056,1,0,0.01
1773170562.026253701,0,66,9.83
1773170562.026253701,1,0,0.01
1773170563.049523924,0,62,9.83
1773170563.049523924,1,0,0.01
1773170564.073781993,0,0,9.83
1773170564.073781993,1,0,0.01
1773170565.096613685,0,0,9.83
1773170565.096613685,1,0,0.01
1773170566.120525656,0,0,9.83
1773170566.120525656,1,0,0.01
1773170567.143946204,0,0,9.83
1773170567.143946204,1,0,0.01
1773170568.166213259,0,0,9.83
1773170568.166213259,1,0,0.01
1773170569.190869373,0,0,9.83
1773170569.190869373,1,0,0.01
1773170570.214806522,0,0,9.83
1773170570.214806522,1,0,0.01
1773170571.239936871,0,0,9.83
1773170571.239936871,1,0,0.01
1773170572.263926777,0,0,9.83
1773170572.263926777,1,0,0.01
1773170573.287333086,0,0,9.83
1773170573.287333086,1,0,0.01
1773170574.310291880,0,0,9.83
1773170574.310291880,1,0,0.01
1773170575.334721986,0,0,9.83
1773170575.334721986,1,0,0.01
1773170576.357228789,0,0,9.83
1773170576.357228789,1,0,0.01
1773170577.381575556,0,0,9.83
1773170577.381575556,1,0,0.01
1773170578.404595204,0,0,9.83
1773170578.404595204,1,0,0.01
1773170579.426970291,0,0,9.83
1773170579.426970291,1,0,0.01
1773170580.450054733,0,0,9.83
1773170580.450054733,1,0,0.01
1773170581.472784334,0,0,9.83
1773170581.472784334,1,0,0.01
1773170582.495875701,0,0,9.83
1773170582.495875701,1,0,0.01
1773170583.518652573,0,0,9.83
1773170583.518652573,1,0,0.01
1773170584.541658306,0,0,9.83
1773170584.541658306,1,0,0.01
1773170585.564016662,0,0,9.83
1773170585.564016662,1,0,0.01
1773170586.586114533,0,0,9.83
1773170586.586114533,1,0,0.01
1773170587.608983412,0,0,9.83
1773170587.608983412,1,0,0.01
1773170588.631420364,0,0,9.83
1773170588.631420364,1,0,0.01
1773170589.654717345,0,69,9.83
1773170589.654717345,1,0,0.01
1773170590.677906000,0,69,9.83
1773170590.677906000,1,0,0.01
1773170591.701335837,0,0,9.83
1773170591.701335837,1,0,0.01
1773170592.723252394,0,0,9.83
1773170592.723252394,1,0,0.01
1773170593.746063503,0,0,9.83
1773170593.746063503,1,0,0.01
1773170594.768091827,0,0,9.83
1773170594.768091827,1,0,0.01
1773170595.791273709,0,1,9.83
1773170595.791273709,1,0,0.01
1773170596.814198008,0,0,9.83
1773170596.814198008,1,0,0.01
1773170597.837836452,0,0,9.83
1773170597.837836452,1,0,0.01
1773170598.860788237,0,0,9.83
1773170598.860788237,1,0,0.01
1773170599.883954925,0,0,9.83
1773170599.883954925,1,0,0.01
1773170600.907763456,0,0,9.83
1773170600.907763456,1,0,0.01
1773170601.931988129,0,0,9.83
1773170601.931988129,1,0,0.01
1773170602.956850128,0,0,9.83
1773170602.956850128,1,0,0.01
1773170603.981282546,0,0,9.83
1773170603.981282546,1,0,0.01
1773170605.005275536,0,0,9.83
1773170605.005275536,1,0,0.01
1773170606.027828877,0,0,9.83
1773170606.027828877,1,0,0.01
1773170607.050146485,0,0,9.83
1773170607.050146485,1,0,0.01
1773170608.072607339,0,0,9.83
1773170608.072607339,1,0,0.01
1773170609.095654353,0,0,9.83
1773170609.095654353,1,0,0.01
1773170610.119031303,0,0,9.83
1773170610.119031303,1,0,0.01
1773170611.141963229,0,0,9.83
1773170611.141963229,1,0,0.01
1773170612.166200301,0,0,9.83
1773170612.166200301,1,0,0.01
1773170613.190494532,0,0,9.83
1773170613.190494532,1,0,0.01
1773170614.213716271,0,0,9.83
1773170614.213716271,1,0,0.01
1773170615.236461964,0,0,9.83
1773170615.236461964,1,0,0.01
1773170616.260818971,0,0,9.83
1773170616.260818971,1,0,0.01
1773170617.286093938,0,0,9.83
1773170617.286093938,1,0,0.01
1773170618.310114475,0,0,9.83
1773170618.310114475,1,0,0.01
1773170619.333555891,0,0,9.83
1773170619.333555891,1,0,0.01
1773170620.357322135,0,0,9.83
1773170620.357322135,1,0,0.01
1773170621.380553982,0,0,9.83
1773170621.380553982,1,0,0.01
1773170622.403647294,0,0,9.83
1773170622.403647294,1,0,0.01
1773170623.427218073,0,0,9.83
1773170623.427218073,1,0,0.01
1773170624.451000677,0,0,9.83
1773170624.451000677,1,0,0.01
1773170625.474543109,0,0,9.83
1773170625.474543109,1,0,0.01
1773170626.498225353,0,0,9.83
1773170626.498225353,1,0,0.01
1773170627.521341361,0,0,9.83
1773170627.521341361,1,0,0.01
1773170628.544465454,0,0,9.83
1773170628.544465454,1,0,0.01
1773170629.567603042,0,0,9.83
1773170629.567603042,1,0,0.01
1773170630.591055481,0,0,9.83
1773170630.591055481,1,0,0.01
1773170631.614391425,0,0,9.83
1773170631.614391425,1,0,0.01
1773170632.637249528,0,0,9.83
1773170632.637249528,1,0,0.01
1773170633.660343106,0,0,9.83
1773170633.660343106,1,0,0.01
1773170634.683905720,0,0,9.83
1773170634.683905720,1,0,0.01
1773170635.707610760,0,0,9.83
1773170635.707610760,1,0,0.01
1773170636.730315292,0,0,9.83
1773170636.730315292,1,0,0.01
1773170637.753957601,0,0,9.83
1773170637.753957601,1,0,0.01
1773170638.777398961,0,0,9.83
1773170638.777398961,1,0,0.01
1773170639.801324819,0,0,9.83
1773170639.801324819,1,0,0.01
1773170640.825066018,0,0,9.83
1773170640.825066018,1,0,0.01
1773170641.848690259,0,0,9.83
1773170641.848690259,1,0,0.01
1773170642.872220957,0,0,9.83
1773170642.872220957,1,0,0.01
1773170643.895015672,0,0,9.83
1773170643.895015672,1,0,0.01
1773170644.918012077,0,0,9.83
1773170644.918012077,1,0,0.01
1773170645.941020556,0,0,9.83
1773170645.941020556,1,0,0.01
1773170646.964190065,0,0,9.83
1773170646.964190065,1,0,0.01
1773170647.986011044,0,0,9.83
1773170647.986011044,1,0,0.01
1773170649.009158402,0,0,9.83
1773170649.009158402,1,0,0.01
1773170650.033533125,0,0,9.83
1773170650.033533125,1,0,0.01
1773170651.057649235,0,0,9.83
1773170651.057649235,1,0,0.01
1773170652.080196598,0,0,9.83
1773170652.080196598,1,0,0.01
1773170653.104121153,0,0,9.83
1773170653.104121153,1,0,0.01
1773170654.126696330,0,0,9.83
1773170654.126696330,1,0,0.01
1773170655.149426353,0,0,9.83
1773170655.149426353,1,0,0.01
1773170656.172236232,0,0,9.83
1773170656.172236232,1,0,0.01
1773170657.194837565,0,0,9.83
1773170657.194837565,1,0,0.01
1773170658.217177579,0,0,9.83
1773170658.217177579,1,0,0.01
1773170659.240376966,0,0,9.83
1773170659.240376966,1,0,0.01
1773170660.264047467,0,0,9.83
1773170660.264047467,1,0,0.01
1773170661.286725204,0,0,9.83
1773170661.286725204,1,0,0.01
1773170662.309578897,0,0,9.83
1773170662.309578897,1,0,0.01
1773170663.333101874,0,0,9.83
1773170663.333101874,1,0,0.01
1773170664.356388541,0,0,9.83
1773170664.356388541,1,0,0.01
1773170665.379249164,0,0,9.83
1773170665.379249164,1,0,0.01
1773170666.402298437,0,0,9.83
1773170666.402298437,1,0,0.01
1773170667.426187070,0,0,9.83
1773170667.426187070,1,0,0.01
1773170668.449510446,0,0,9.83
1773170668.449510446,1,0,0.01
1773170669.473230941,0,0,9.83
1773170669.473230941,1,0,0.01
1773170670.497825936,0,0,9.83
1773170670.497825936,1,0,0.01
1773170671.522029586,0,0,9.83
1773170671.522029586,1,0,0.01
1773170672.545173203,0,0,9.83
1773170672.545173203,1,0,0.01
1773170673.569124595,0,0,9.83
1773170673.569124595,1,0,0.01
1773170674.593750021,0,0,9.83
1773170674.593750021,1,0,0.01
1773170675.617700384,0,0,9.83
1773170675.617700384,1,0,0.01
1773170676.642878020,0,0,9.83
1773170676.642878020,1,0,0.01
1773170677.666916846,0,0,9.83
1773170677.666916846,1,0,0.01
1773170678.690721966,0,0,9.83
1773170678.690721966,1,0,0.01
1773170679.714488588,0,0,9.83
1773170679.714488588,1,0,0.01
1773170680.737487414,0,0,9.83
1773170680.737487414,1,0,0.01
1773170681.760526473,0,0,9.83
1773170681.760526473,1,0,0.01
1773170682.783067185,0,0,9.83
1773170682.783067185,1,0,0.01
1773170683.805877958,0,71,9.83
1773170683.805877958,1,0,0.01
1773170684.830840792,0,67,9.83
1773170684.830840792,1,0,0.01
1773170685.853304839,0,33,9.83
1773170685.853304839,1,0,0.01
1773170686.877243342,0,0,9.83
1773170686.877243342,1,0,0.01
1773170687.900955920,0,0,9.83
1773170687.900955920,1,0,0.01
1773170688.924669346,0,0,9.83
1773170688.924669346,1,0,0.01
1773170689.947843659,0,0,9.83
1773170689.947843659,1,0,0.01
1773170690.970980067,0,0,9.83
1773170690.970980067,1,0,0.01
1773170691.994224702,0,0,9.83
1773170691.994224702,1,0,0.01
1773170693.017660103,0,0,9.83
1773170693.017660103,1,0,0.01
1773170694.040266831,0,0,9.83
1773170694.040266831,1,0,0.01
1773170695.063327704,0,0,9.83
1773170695.063327704,1,0,0.01
1773170696.086430229,0,0,9.83
1773170696.086430229,1,0,0.01
1773170697.109622055,0,0,9.83
1773170697.109622055,1,0,0.01
1773170698.131911653,0,0,9.83
1773170698.131911653,1,0,0.01
1773170699.155333195,0,0,9.83
1773170699.155333195,1,0,0.01
1773170700.178786470,0,0,9.83
1773170700.178786470,1,0,0.01
1773170701.201297432,0,0,9.83
1773170701.201297432,1,0,0.01
1773170702.225023928,0,0,9.83
1773170702.225023928,1,0,0.01
1773170703.248818271,0,0,9.83
1773170703.248818271,1,0,0.01
1773170704.271465348,0,0,9.83
1773170704.271465348,1,0,0.01
1773170705.295011478,0,0,9.83
1773170705.295011478,1,0,0.01
1773170706.318556680,0,0,9.83
1773170706.318556680,1,0,0.01
1773170707.341539350,0,0,9.83
1773170707.341539350,1,0,0.01
1773170708.365412896,0,0,9.83
1773170708.365412896,1,0,0.01
1773170709.388635140,0,0,9.83
1773170709.388635140,1,0,0.01
1773170710.411102896,0,0,9.83
1773170710.411102896,1,0,0.01
1773170711.434582865,0,0,9.83
1773170711.434582865,1,0,0.01
1773170712.458123034,0,0,9.83
1773170712.458123034,1,0,0.01
1773170713.480981452,0,0,9.83
1773170713.480981452,1,0,0.01
1773170714.503939446,0,0,9.83
1773170714.503939446,1,0,0.01
1773170715.526943209,0,0,9.83
1773170715.526943209,1,0,0.01
1773170716.550031887,0,0,9.83
1773170716.550031887,1,0,0.01
1773170717.572206067,0,0,9.83
1773170717.572206067,1,0,0.01
1773170718.595625934,0,0,9.83
1773170718.595625934,1,0,0.01
1773170719.619244052,0,0,9.83
1773170719.619244052,1,0,0.01
1773170720.642185155,0,0,9.83
1773170720.642185155,1,0,0.01
1773170721.665648762,0,0,9.83
1773170721.665648762,1,0,0.01
1773170722.689830724,0,0,9.83
1773170722.689830724,1,0,0.01
1773170723.713040942,0,0,9.83
1773170723.713040942,1,0,0.01
1773170724.736252531,0,0,9.83
1773170724.736252531,1,0,0.01
1773170725.760725287,0,0,9.83
1773170725.760725287,1,0,0.01
1773170726.784040226,0,0,9.83
1773170726.784040226,1,0,0.01
1773170727.807709840,0,0,9.83
1773170727.807709840,1,0,0.01
1773170728.831286105,0,0,9.83
1773170728.831286105,1,0,0.01
1773170729.854566633,0,0,9.83
1773170729.854566633,1,0,0.01
1773170730.877820886,0,0,9.83
1773170730.877820886,1,0,0.01
1773170731.900431064,0,0,9.83
1773170731.900431064,1,0,0.01
1773170732.923989938,0,0,9.83
1773170732.923989938,1,0,0.01
1773170733.947237947,0,0,9.83
1773170733.947237947,1,0,0.01
1773170734.970284050,0,0,9.83
1773170734.970284050,1,0,0.01
1773170735.993885274,0,0,9.83
1773170735.993885274,1,0,0.01
1773170737.017303304,0,0,9.83
1773170737.017303304,1,0,0.01
1773170738.040078073,0,0,9.83
1773170738.040078073,1,0,0.01
1773170739.064573169,0,0,9.83
1773170739.064573169,1,0,0.01
1773170740.087960885,0,1,9.83
1773170740.087960885,1,0,0.01
1773170741.110776199,0,0,9.83
1773170741.110776199,1,0,0.01
1773170742.133251306,0,0,9.83
1773170742.133251306,1,0,0.01
1773170743.155766331,0,0,9.83
1773170743.155766331,1,0,0.01
1773170744.179266371,0,0,9.83
1773170744.179266371,1,0,0.01
1773170745.201616330,0,0,9.83
1773170745.201616330,1,0,0.01
1773170746.224392880,0,0,9.83
1773170746.224392880,1,0,0.01
1773170747.246485568,0,0,9.83
1773170747.246485568,1,0,0.01
1773170748.268833420,0,0,9.83
1773170748.268833420,1,0,0.01
1773170749.291037032,0,0,9.83
1773170749.291037032,1,0,0.01
1773170750.314148312,0,0,9.83
1773170750.314148312,1,0,0.01
1773170751.337071964,0,0,9.83
1773170751.337071964,1,0,0.01
1773170752.359757098,0,0,9.83
1773170752.359757098,1,0,0.01
1773170753.382003521,0,0,9.83
1773170753.382003521,1,0,0.01
1773170754.405505012,0,0,9.83
1773170754.405505012,1,0,0.01
1773170755.428317330,0,0,9.83
1773170755.428317330,1,0,0.01
1773170756.450681367,0,1,9.83
1773170756.450681367,1,0,0.01
1773170757.472944670,0,0,9.83
1773170757.472944670,1,0,0.01
1773170758.495895711,0,0,9.83
1773170758.495895711,1,0,0.01
1773170759.518393836,0,0,9.83
1773170759.518393836,1,0,0.01
1773170760.541129331,0,0,9.83
1773170760.541129331,1,0,0.01
1773170761.564325431,0,0,9.83
1773170761.564325431,1,0,0.01
1773170762.587613712,0,0,9.83
1773170762.587613712,1,0,0.01
1773170763.610294773,0,0,9.83
1773170763.610294773,1,0,0.01
1773170764.632897943,0,0,9.83
1773170764.632897943,1,0,0.01
1773170765.657207070,0,0,9.83
1773170765.657207070,1,0,0.01
1773170766.679460687,0,0,9.83
1773170766.679460687,1,0,0.01
1773170767.702268063,0,0,9.83
1773170767.702268063,1,0,0.01
1773170768.728148873,0,0,9.83
1773170768.728148873,1,0,0.01
1773170769.752075558,0,0,9.83
1773170769.752075558,1,0,0.01
1773170770.774954433,0,0,9.83
1773170770.774954433,1,0,0.01
1773170771.797820086,0,0,9.83
1773170771.797820086,1,0,0.01
1773170772.821065005,0,0,9.83
1773170772.821065005,1,0,0.01
1773170773.844724060,0,0,9.83
1773170773.844724060,1,0,0.01
1773170774.867941239,0,0,9.83
1773170774.867941239,1,0,0.01
1773170775.891771969,0,0,9.83
1773170775.891771969,1,0,0.01
1773170776.914397069,0,0,9.83
1773170776.914397069,1,0,0.01
1773170777.937980779,0,0,9.83
1773170777.937980779,1,0,0.01
1773170778.961750574,0,0,9.83
1773170778.961750574,1,0,0.01
1773170779.984860185,0,0,9.83
1773170779.984860185,1,0,0.01
1773170781.008056962,0,0,9.83
1773170781.008056962,1,0,0.01
1773170782.031287268,0,0,9.83
1773170782.031287268,1,0,0.01
1773170783.054089666,0,0,9.83
1773170783.054089666,1,0,0.01
1773170784.077387373,0,0,9.83
1773170784.077387373,1,0,0.01
1773170785.100597672,0,0,9.83
1773170785.100597672,1,0,0.01
1773170786.124007785,0,0,9.83
1773170786.124007785,1,0,0.01
1773170787.147742565,0,1,9.83
1773170787.147742565,1,0,0.01
1773170788.171231542,0,0,9.83
1773170788.171231542,1,0,0.01
1773170789.195121869,0,0,9.83
1773170789.195121869,1,0,0.01
1773170790.218584331,0,0,9.83
1773170790.218584331,1,0,0.01
1773170791.241870225,0,0,9.83
1773170791.241870225,1,0,0.01
1773170792.267126962,0,0,9.83
1773170792.267126962,1,0,0.01
1773170793.291745986,0,0,9.83
1773170793.291745986,1,0,0.01
1773170794.316022317,0,0,9.83
1773170794.316022317,1,0,0.01
1773170795.339971075,0,0,9.83
1773170795.339971075,1,0,0.01
1773170796.363452570,0,0,9.83
1773170796.363452570,1,0,0.01
1773170797.387397591,0,0,9.83
1773170797.387397591,1,0,0.01
1773170798.410475592,0,0,9.83
1773170798.410475592,1,0,0.01
1773170799.434322715,0,74,9.83
1773170799.434322715,1,0,0.01
1773170800.458821914,0,70,9.83
1773170800.458821914,1,0,0.01
1773170801.484986452,0,0,9.83
1773170801.484986452,1,0,0.01
1773170802.508437188,0,0,9.83
1773170802.508437188,1,0,0.01
1773170803.532791152,0,0,9.83
1773170803.532791152,1,0,0.01
1773170804.556761946,0,0,9.83
1773170804.556761946,1,0,0.01
1773170805.579393450,0,1,9.83
1773170805.579393450,1,0,0.01
1773170806.602373888,0,0,9.83
1773170806.602373888,1,0,0.01
1773170807.626330548,0,0,9.83
1773170807.626330548,1,0,0.01
1773170808.649816161,0,0,9.83
1773170808.649816161,1,0,0.01
1773170809.673554566,0,0,9.83
1773170809.673554566,1,0,0.01
1773170810.696567250,0,0,9.83
1773170810.696567250,1,0,0.01
1773170811.719248875,0,0,9.83
1773170811.719248875,1,0,0.01
1773170812.743791607,0,0,9.83
1773170812.743791607,1,0,0.01
1773170813.767010426,0,0,9.83
1773170813.767010426,1,0,0.01
1773170814.790336334,0,0,9.83
1773170814.790336334,1,0,0.01
1773170815.812655956,0,0,9.83
1773170815.812655956,1,0,0.01
1773170816.835253444,0,1,9.83
1773170816.835253444,1,0,0.01
1773170817.858882093,0,75,9.83
1773170817.858882093,1,0,0.01
1773170818.882226027,0,67,9.83
1773170818.882226027,1,0,0.01
1773170819.906057257,0,3,9.83
1773170819.906057257,1,0,0.01
1773170820.929809345,0,0,9.83
1773170820.929809345,1,0,0.01
1773170821.953698429,0,0,9.83
1773170821.953698429,1,0,0.01
1773170822.976919758,0,0,9.83
1773170822.976919758,1,0,0.01
1773170823.999183839,0,0,9.83
1773170823.999183839,1,0,0.01
1773170825.023537969,0,0,9.83
1773170825.023537969,1,0,0.01
1773170826.045972510,0,0,9.83
1773170826.045972510,1,0,0.01
1773170827.069107631,0,0,9.83
1773170827.069107631,1,0,0.01
1773170828.092257122,0,0,9.83
1773170828.092257122,1,0,0.01
1773170829.115276424,0,0,9.83
1773170829.115276424,1,0,0.01
1773170830.139004258,0,0,9.83
1773170830.139004258,1,0,0.01
1773170831.161585184,0,0,9.83
1773170831.161585184,1,0,0.01
1773170832.185986210,0,0,9.83
1773170832.185986210,1,0,0.01
1773170833.210165899,0,0,9.83
1773170833.210165899,1,0,0.01
1773170834.235307470,0,0,9.83
1773170834.235307470,1,0,0.01
1773170835.258854302,0,0,9.83
1773170835.258854302,1,0,0.01
1773170836.281963879,0,0,9.83
1773170836.281963879,1,0,0.01
1773170837.305279602,0,0,9.83
1773170837.305279602,1,0,0.01
1773170838.327598520,0,0,9.83
1773170838.327598520,1,0,0.01
1773170839.349893575,0,0,9.83
1773170839.349893575,1,0,0.01
1773170840.372254097,0,0,9.83
1773170840.372254097,1,0,0.01
1773170841.395341952,0,0,9.83
1773170841.395341952,1,0,0.01
1773170842.417697869,0,0,9.83
1773170842.417697869,1,0,0.01
1773170843.440865113,0,0,9.83
1773170843.440865113,1,0,0.01
1773170844.463526643,0,0,9.83
1773170844.463526643,1,0,0.01
1773170845.486785219,0,0,9.83
1773170845.486785219,1,0,0.01
1773170846.509904697,0,0,9.83
1773170846.509904697,1,0,0.01
1773170847.533799751,0,0,9.83
1773170847.533799751,1,0,0.01
1773170848.556299343,0,0,9.83
1773170848.556299343,1,0,0.01
1773170849.578847169,0,0,9.83
1773170849.578847169,1,0,0.01
1773170850.602800385,0,0,9.83
1773170850.602800385,1,0,0.01
1773170851.626057798,0,0,9.83
1773170851.626057798,1,0,0.01
1773170852.648792101,0,0,9.83
1773170852.648792101,1,0,0.01
1773170853.671175457,0,0,9.83
1773170853.671175457,1,0,0.01
1773170854.694263925,0,0,9.83
1773170854.694263925,1,0,0.01
1773170855.719171499,0,0,9.83
1773170855.719171499,1,0,0.01
1773170856.741937155,0,0,9.83
1773170856.741937155,1,0,0.01
1773170857.764797401,0,0,9.83
1773170857.764797401,1,0,0.01
1773170858.787735811,0,0,9.83
1773170858.787735811,1,0,0.01
1773170859.809367959,0,0,9.83
1773170859.809367959,1,0,0.01
1773170860.831758869,0,0,9.83
1773170860.831758869,1,0,0.01
1773170861.854315803,0,0,9.83
1773170861.854315803,1,0,0.01
1773170862.876918265,0,0,9.83
1773170862.876918265,1,0,0.01
1773170863.899755497,0,0,9.83
1773170863.899755497,1,0,0.01
1773170864.922728658,0,0,9.83
1773170864.922728658,1,0,0.01
1773170865.945238353,0,0,9.83
1773170865.945238353,1,0,0.01
1773170866.968230698,0,0,9.83
1773170866.968230698,1,0,0.01
1773170867.990169832,0,0,9.83
1773170867.990169832,1,0,0.01
1773170869.013663507,0,0,9.83
1773170869.013663507,1,0,0.01
1773170870.035890505,0,0,9.83
1773170870.035890505,1,0,0.01
1773170871.058223130,0,0,9.83
1773170871.058223130,1,0,0.01
1773170872.080716335,0,0,9.83
1773170872.080716335,1,0,0.01
1773170873.104797474,0,0,9.83
1773170873.104797474,1,0,0.01
1773170874.128619838,0,1,9.83
1773170874.128619838,1,0,0.01
1773170875.152034565,0,0,9.83
1773170875.152034565,1,0,0.01
1773170876.175372002,0,0,9.83
1773170876.175372002,1,0,0.01
1773170877.199928858,0,0,9.83
1773170877.199928858,1,0,0.01
1773170878.223655235,0,0,9.83
1773170878.223655235,1,0,0.01
1773170879.248295913,0,0,9.83
1773170879.248295913,1,0,0.01
1773170880.272700357,0,0,9.83
1773170880.272700357,1,0,0.01
1773170881.295558042,0,0,9.83
1773170881.295558042,1,0,0.01
1773170882.318807944,0,0,9.83
1773170882.318807944,1,0,0.01
1773170883.342999690,0,0,9.83
1773170883.342999690,1,0,0.01
1773170884.366149902,0,0,9.83
1773170884.366149902,1,0,0.01
1773170885.389607229,0,0,9.83
1773170885.389607229,1,0,0.01
1773170886.413627009,0,0,9.83
1773170886.413627009,1,0,0.01
1773170887.437736870,0,0,9.83
1773170887.437736870,1,0,0.01
1773170888.460695789,0,0,9.83
1773170888.460695789,1,0,0.01
1773170889.484137840,0,0,9.83
1773170889.484137840,1,0,0.01
1773170890.509648962,0,0,9.83
1773170890.509648962,1,0,0.01
1773170891.533629847,0,0,9.83
1773170891.533629847,1,0,0.01
1773170892.556066362,0,0,9.83
1773170892.556066362,1,0,0.01
1773170893.578619598,0,65,9.83
1773170893.578619598,1,0,0.01
1773170894.601903635,0,65,9.83
1773170894.601903635,1,0,0.01
1773170895.625260292,0,0,9.83
1773170895.625260292,1,0,0.01
1773170896.648066119,0,0,9.83
1773170896.648066119,1,0,0.01
1773170897.671730033,0,0,9.83
1773170897.671730033,1,0,0.01
1773170898.694814438,0,0,9.83
1773170898.694814438,1,0,0.01
1773170899.718269744,0,0,9.83
1773170899.718269744,1,0,0.01
1773170900.740922300,0,0,9.83
1773170900.740922300,1,0,0.01
1773170901.764737340,0,0,9.83
1773170901.764737340,1,0,0.01
1773170902.787454091,0,0,9.83
1773170902.787454091,1,0,0.01
1773170903.810073450,0,0,9.83
1773170903.810073450,1,0,0.01
1773170904.833370844,0,0,9.83
1773170904.833370844,1,0,0.01
1773170905.855213965,0,0,9.83
1773170905.855213965,1,0,0.01
1773170906.878961649,0,0,9.83
1773170906.878961649,1,0,0.01
1773170907.900790536,0,0,9.83
1773170907.900790536,1,0,0.01
1773170908.923928942,0,0,9.83
1773170908.923928942,1,0,0.01
1773170909.946190875,0,0,9.83
1773170909.946190875,1,0,0.01
1773170910.968846161,0,0,9.83
1773170910.968846161,1,0,0.01
1773170911.991056106,0,0,9.83
1773170911.991056106,1,0,0.01
1773170913.014829297,0,0,9.83
1773170913.014829297,1,0,0.01
1773170914.037425229,0,0,9.83
1773170914.037425229,1,0,0.01
1773170915.060274763,0,0,9.83
1773170915.060274763,1,0,0.01
1773170916.083882586,0,0,9.83
1773170916.083882586,1,0,0.01
1773170917.106239812,0,0,9.83
1773170917.106239812,1,0,0.01
1773170918.130280361,0,0,9.83
1773170918.130280361,1,0,0.01
1773170919.152841700,0,0,9.83
1773170919.152841700,1,0,0.01
1773170920.176150596,0,0,9.83
1773170920.176150596,1,0,0.01
1773170921.200582789,0,0,9.83
1773170921.200582789,1,0,0.01
1773170922.223579126,0,0,9.83
1773170922.223579126,1,0,0.01
1773170923.248615486,0,0,9.83
1773170923.248615486,1,0,0.01
1773170924.272545291,0,0,9.83
1773170924.272545291,1,0,0.01
1773170925.296478109,0,0,9.83
1773170925.296478109,1,0,0.01
1773170926.318788298,0,0,9.83
1773170926.318788298,1,0,0.01
1773170927.342781867,0,0,9.83
1773170927.342781867,1,0,0.01
1773170928.367751126,0,0,9.83
1773170928.367751126,1,0,0.01
1773170929.390635027,0,0,9.83
1773170929.390635027,1,0,0.01
1773170930.414345883,0,0,9.83
1773170930.414345883,1,0,0.01
1773170931.437393125,0,1,9.83
1773170931.437393125,1,0,0.01
1773170932.461484943,0,1,9.83
1773170932.461484943,1,0,0.01
1773170933.484845945,0,0,9.83
1773170933.484845945,1,0,0.01
1773170934.508334278,0,0,9.83
1773170934.508334278,1,0,0.01
1773170935.531223662,0,0,9.83
1773170935.531223662,1,0,0.01
1773170936.554365735,0,0,9.83
1773170936.554365735,1,0,0.01
1773170937.577615900,0,0,9.83
1773170937.577615900,1,0,0.01
1773170938.601255207,0,0,9.83
1773170938.601255207,1,0,0.01
1773170939.624347031,0,0,9.83
1773170939.624347031,1,0,0.01
1773170940.648356052,0,0,9.83
1773170940.648356052,1,0,0.01
1773170941.671139992,0,0,9.83
1773170941.671139992,1,0,0.01
1773170942.695168436,0,0,9.83
1773170942.695168436,1,0,0.01
1773170943.717591670,0,0,9.83
1773170943.717591670,1,0,0.01
1773170944.740362157,0,0,9.83
1773170944.740362157,1,0,0.01
1773170945.762978001,0,0,9.83
1773170945.762978001,1,0,0.01
1773170946.786529742,0,0,9.83
1773170946.786529742,1,0,0.01
1773170947.811130480,0,0,9.83
1773170947.811130480,1,0,0.01
1773170948.834418189,0,0,9.83
1773170948.834418189,1,0,0.01
1773170949.858894172,0,0,9.83
1773170949.858894172,1,0,0.01
1773170950.882000669,0,0,9.83
1773170950.882000669,1,0,0.01
1773170951.905343582,0,0,9.83
1773170951.905343582,1,0,0.01
1773170952.929441710,0,0,9.83
1773170952.929441710,1,0,0.01
1773170953.951885354,0,0,9.83
1773170953.951885354,1,0,0.01
1773170954.974908069,0,0,9.83
1773170954.974908069,1,0,0.01
1773170955.997259809,0,0,9.83
1773170955.997259809,1,0,0.01
1773170957.020699507,0,0,9.83
1773170957.020699507,1,0,0.01
1773170958.043590496,0,0,9.83
1773170958.043590496,1,0,0.01
1773170959.066880645,0,0,9.83
1773170959.066880645,1,0,0.01
1773170960.089484812,0,0,9.83
1773170960.089484812,1,0,0.01
1773170961.113568245,0,0,9.83
1773170961.113568245,1,0,0.01
1773170962.135467650,0,0,9.83
1773170962.135467650,1,0,0.01
1773170963.159139328,0,0,9.83
1773170963.159139328,1,0,0.01
1773170964.181827225,0,0,9.83
1773170964.181827225,1,0,0.01
1773170965.205589435,0,0,9.83
1773170965.205589435,1,0,0.01
1773170966.229602600,0,0,9.83
1773170966.229602600,1,0,0.01
1773170967.253481559,0,0,9.83
1773170967.253481559,1,0,0.01
1773170968.276541984,0,0,9.83
1773170968.276541984,1,0,0.01
1773170969.299903166,0,0,9.83
1773170969.299903166,1,0,0.01
1773170970.322466850,0,0,9.83
1773170970.322466850,1,0,0.01
1773170971.345322667,0,0,9.83
1773170971.345322667,1,0,0.01
1773170972.368523645,0,0,9.83
1773170972.368523645,1,0,0.01
1773170973.390887784,0,0,9.83
1773170973.390887784,1,0,0.01
1773170974.414327884,0,0,9.83
1773170974.414327884,1,0,0.01
1773170975.437501025,0,0,9.83
1773170975.437501025,1,0,0.01
1773170976.461813945,0,0,9.83
1773170976.461813945,1,0,0.01
1773170977.485338354,0,0,9.83
1773170977.485338354,1,0,0.01
1773170978.508643451,0,0,9.83
1773170978.508643451,1,0,0.01
1773170979.532123352,0,0,9.83
1773170979.532123352,1,0,0.01
1773170980.554721393,0,0,9.83
1773170980.554721393,1,0,0.01
1773170981.577331083,0,0,9.83
1773170981.577331083,1,0,0.01
1773170982.600967159,0,0,9.83
1773170982.600967159,1,0,0.01
1773170983.624199905,0,0,9.83
1773170983.624199905,1,0,0.01
1773170984.647094846,0,0,9.83
1773170984.647094846,1,0,0.01
1773170985.670971854,0,0,9.83
1773170985.670971854,1,0,0.01
1773170986.694608031,0,0,9.83
1773170986.694608031,1,0,0.01
1773170987.718922507,0,0,9.83
1773170987.718922507,1,0,0.01
1773170988.742304254,0,0,9.83
1773170988.742304254,1,0,0.01
1773170989.764530006,0,0,9.83
1773170989.764530006,1,0,0.01
1773170990.787508741,0,0,9.83
1773170990.787508741,1,0,0.01
1773170991.811022234,0,0,9.83
1773170991.811022234,1,0,0.01
1773170992.833704520,0,0,9.83
1773170992.833704520,1,0,0.01
1773170993.856992337,0,0,9.83
1773170993.856992337,1,0,0.01
1773170994.879720832,0,0,9.83
1773170994.879720832,1,0,0.01
1773170995.903578741,0,0,9.83
1773170995.903578741,1,0,0.01
1773170996.926480152,0,0,9.83
1773170996.926480152,1,0,0.01
1773170997.948929149,0,0,9.83
1773170997.948929149,1,0,0.01
1773170998.971686067,0,0,9.83
1773170998.971686067,1,0,0.01
1773170999.994174987,0,0,9.83
1773170999.994174987,1,0,0.01
1773171001.017586323,0,0,9.83
1773171001.017586323,1,0,0.01
1773171002.040796848,0,0,9.83
1773171002.040796848,1,0,0.01
1773171003.064016915,0,0,9.83
1773171003.064016915,1,0,0.01
1773171004.087266339,0,0,9.83
1773171004.087266339,1,0,0.01
1773171005.111069950,0,0,9.83
1773171005.111069950,1,0,0.01
1773171006.133562588,0,0,9.83
1773171006.133562588,1,0,0.01
1773171007.155448183,0,0,9.83
1773171007.155448183,1,0,0.01
1773171008.177740282,0,0,9.83
1773171008.177740282,1,0,0.01
1773171009.201236961,0,0,9.83
1773171009.201236961,1,0,0.01
1773171010.223425493,0,0,9.83
1773171010.223425493,1,0,0.01
1773171011.246315460,0,0,9.83
1773171011.246315460,1,0,0.01
1773171012.269083838,0,0,9.83
1773171012.269083838,1,0,0.01
1773171013.291891144,0,0,9.83
1773171013.291891144,1,0,0.01
1773171014.314259198,0,0,9.83
1773171014.314259198,1,0,0.01
1773171015.335808059,0,0,9.83
1773171015.335808059,1,0,0.01
1773171016.359106322,0,0,9.83
1773171016.359106322,1,0,0.01
1773171017.382155096,0,0,9.83
1773171017.382155096,1,0,0.01
1773171018.403809764,0,0,9.83
1773171018.403809764,1,0,0.01
1773171019.426880407,0,0,9.83
1773171019.426880407,1,0,0.01
1773171020.449293363,0,0,9.83
1773171020.449293363,1,0,0.01
1773171021.473966409,0,0,9.83
1773171021.473966409,1,0,0.01
1773171022.496535342,0,0,9.83
1773171022.496535342,1,0,0.01
1773171023.519992251,0,0,9.83
1773171023.519992251,1,0,0.01
1773171024.543065481,0,0,9.83
1773171024.543065481,1,0,0.01
1773171025.565613648,0,0,9.83
1773171025.565613648,1,0,0.01
1773171026.588165610,0,0,9.83
1773171026.588165610,1,0,0.01
1773171027.611787323,0,0,9.83
1773171027.611787323,1,0,0.01
1773171028.633963708,0,0,9.83
1773171028.633963708,1,0,0.01
1773171029.657136123,0,0,9.83
1773171029.657136123,1,0,0.01
1773171030.680560831,0,1,9.83
1773171030.680560831,1,0,0.01
1773171031.705497611,0,0,9.83
1773171031.705497611,1,0,0.01
1773171032.729747405,0,0,9.83
1773171032.729747405,1,0,0.01
1773171033.754866730,0,0,9.83
1773171033.754866730,1,0,0.01
1773171034.777238319,0,0,9.83
1773171034.777238319,1,0,0.01
1773171035.801826047,0,0,9.83
1773171035.801826047,1,0,0.01
1773171036.826796035,0,0,9.83
1773171036.826796035,1,0,0.01
1773171037.850012556,0,0,9.83
1773171037.850012556,1,0,0.01
1773171038.873008946,0,0,9.83
1773171038.873008946,1,0,0.01
1773171039.897497712,0,0,9.83
1773171039.897497712,1,0,0.01
1773171040.920468910,0,0,9.83
1773171040.920468910,1,0,0.01
1773171041.943867449,0,0,9.83
1773171041.943867449,1,0,0.01
1773171042.967069390,0,0,9.83
1773171042.967069390,1,0,0.01
1773171043.990183947,0,0,9.83
1773171043.990183947,1,0,0.01
1773171045.013761250,0,0,9.83
1773171045.013761250,1,0,0.01
1773171046.038404262,0,0,9.83
1773171046.038404262,1,0,0.01
1773171047.061230770,0,0,9.83
1773171047.061230770,1,0,0.01
1773171048.083706974,0,0,9.83
1773171048.083706974,1,0,0.01
1773171049.106811267,0,0,9.83
1773171049.106811267,1,0,0.01
1773171050.129374156,0,0,9.83
1773171050.129374156,1,0,0.01
1773171051.152592324,0,0,9.83
1773171051.152592324,1,0,0.01
1773171052.175122335,0,0,9.83
1773171052.175122335,1,0,0.01
1773171053.198126294,0,0,9.83
1773171053.198126294,1,0,0.01
1773171054.221337872,0,0,9.83
1773171054.221337872,1,0,0.01
1773171055.244184337,0,0,9.83
1773171055.244184337,1,0,0.01
1773171056.268145336,0,0,9.83
1773171056.268145336,1,0,0.01
1773171057.293544211,0,0,9.83
1773171057.293544211,1,0,0.01
1773171058.317129695,0,0,9.83
1773171058.317129695,1,0,0.01
1773171059.338814553,0,0,9.83
1773171059.338814553,1,0,0.01
1773171060.361029574,0,0,9.83
1773171060.361029574,1,0,0.01
1773171061.384954302,0,0,9.83
1773171061.384954302,1,0,0.01
1773171062.406992575,0,0,9.83
1773171062.406992575,1,0,0.01
1773171063.430775611,0,0,9.83
1773171063.430775611,1,0,0.01
1773171064.453985724,0,0,9.83
1773171064.453985724,1,0,0.01
1773171065.477685523,0,0,9.83
1773171065.477685523,1,0,0.01
1773171066.500699369,0,0,9.83
1773171066.500699369,1,0,0.01
1773171067.523810500,0,0,9.83
1773171067.523810500,1,0,0.01
1773171068.546157651,0,0,9.83
1773171068.546157651,1,0,0.01
1773171069.569135291,0,0,9.83
1773171069.569135291,1,0,0.01
1773171070.592620388,0,0,9.83
1773171070.592620388,1,0,0.01
1773171071.615603533,0,0,9.83
1773171071.615603533,1,0,0.01
1773171072.639470794,0,0,9.83
1773171072.639470794,1,0,0.01
1773171073.662595027,0,0,9.83
1773171073.662595027,1,0,0.01
1773171074.686681836,0,0,9.83
1773171074.686681836,1,0,0.01
1773171075.710259570,0,0,9.83
1773171075.710259570,1,0,0.01
1773171076.735504692,0,0,9.83
1773171076.735504692,1,0,0.01
1773171077.759969718,0,0,9.83
1773171077.759969718,1,0,0.01
1773171078.783490453,0,0,9.83
1773171078.783490453,1,0,0.01
1773171079.806243706,0,0,9.83
1773171079.806243706,1,0,0.01
1773171080.831065160,0,0,9.83
1773171080.831065160,1,0,0.01
1773171081.854730192,0,64,9.83
1773171081.854730192,1,0,0.01
1773171082.878366409,0,60,9.83
1773171082.878366409,1,0,0.01
1773171083.902530935,0,0,9.83
1773171083.902530935,1,0,0.01
1773171084.925520687,0,0,9.83
1773171084.925520687,1,0,0.01
1773171085.948173412,0,0,9.83
1773171085.948173412,1,0,0.01
1773171086.971056768,0,0,9.83
1773171086.971056768,1,0,0.01
1773171087.994408376,0,0,9.83
1773171087.994408376,1,0,0.01
1773171089.017167092,0,1,9.83
1773171089.017167092,1,0,0.01
1773171090.040788698,0,0,9.83
1773171090.040788698,1,0,0.01
1773171091.063597459,0,0,9.83
1773171091.063597459,1,0,0.01
1773171092.086879904,0,0,9.83
1773171092.086879904,1,0,0.01
1773171093.108924017,0,0,9.83
1773171093.108924017,1,0,0.01
1773171094.131919833,0,1,9.83
1773171094.131919833,1,0,0.01
1773171095.155058134,0,0,9.83
1773171095.155058134,1,0,0.01
1773171096.179467080,0,0,9.83
1773171096.179467080,1,0,0.01
1773171097.203530819,0,0,9.83
1773171097.203530819,1,0,0.01
1773171098.227112368,0,0,9.83
1773171098.227112368,1,0,0.01
1773171099.250663034,0,0,9.83
1773171099.250663034,1,0,0.01
1773171100.273282687,0,0,9.83
1773171100.273282687,1,0,0.01
1773171101.295869996,0,0,9.83
1773171101.295869996,1,0,0.01
1773171102.318739359,0,68,9.83
1773171102.318739359,1,0,0.01
1773171103.342311097,0,68,9.83
1773171103.342311097,1,0,0.01
1773171104.366036602,0,0,9.83
1773171104.366036602,1,0,0.01
1773171105.389179625,0,0,9.83
1773171105.389179625,1,0,0.01
1773171106.412011070,0,0,9.83
1773171106.412011070,1,0,0.01
1773171107.435488874,0,0,9.83
1773171107.435488874,1,0,0.01
1773171108.458146533,0,0,9.83
1773171108.458146533,1,0,0.01
1773171109.481237743,0,0,9.83
1773171109.481237743,1,0,0.01
1773171110.503953730,0,0,9.83
1773171110.503953730,1,0,0.01
1773171111.527192086,0,0,9.83
1773171111.527192086,1,0,0.01
1773171112.551073208,0,0,9.83
1773171112.551073208,1,0,0.01
1773171113.575213645,0,0,9.83
1773171113.575213645,1,0,0.01
1773171114.598358443,0,0,9.83
1773171114.598358443,1,0,0.01
1773171115.621211685,0,0,9.83
1773171115.621211685,1,0,0.01
1773171116.644036465,0,0,9.83
1773171116.644036465,1,0,0.01
1773171117.667716532,0,0,9.83
1773171117.667716532,1,0,0.01
1773171118.689872420,0,0,9.83
1773171118.689872420,1,0,0.01
1773171119.712406379,0,0,9.83
1773171119.712406379,1,0,0.01
1773171120.734974636,0,0,9.83
1773171120.734974636,1,0,0.01
1773171121.757857566,0,0,9.83
1773171121.757857566,1,0,0.01
1773171122.781578199,0,0,9.83
1773171122.781578199,1,0,0.01
1773171123.804571441,0,0,9.83
1773171123.804571441,1,0,0.01
1773171124.828464785,0,0,9.83
1773171124.828464785,1,0,0.01
1773171125.850690091,0,0,9.83
1773171125.850690091,1,0,0.01
1773171126.872032147,0,0,9.83
1773171126.872032147,1,0,0.01
1773171127.894656758,0,0,9.83
1773171127.894656758,1,0,0.01
1773171128.917433735,0,0,9.83
1773171128.917433735,1,0,0.01
1773171129.939346501,0,0,9.83
1773171129.939346501,1,0,0.01
1773171130.962946879,0,0,9.83
1773171130.962946879,1,0,0.01
1773171131.985676227,0,0,9.83
1773171131.985676227,1,0,0.01
1773171133.008376763,0,0,9.83
1773171133.008376763,1,0,0.01
1773171134.031788084,0,0,9.83
1773171134.031788084,1,0,0.01
1773171135.056309831,0,0,9.83
1773171135.056309831,1,0,0.01
1773171136.079404013,0,0,9.83
1773171136.079404013,1,0,0.01
1773171137.102314168,0,0,9.83
1773171137.102314168,1,0,0.01
1773171138.123893124,0,0,9.83
1773171138.123893124,1,0,0.01
1773171139.146108602,0,0,9.83
1773171139.146108602,1,0,0.01
1773171140.168753418,0,0,9.83
1773171140.168753418,1,0,0.01
1773171141.192426389,0,0,9.83
1773171141.192426389,1,0,0.01
1773171142.216113211,0,0,9.83
1773171142.216113211,1,0,0.01
1773171143.239068323,0,0,9.83
1773171143.239068323,1,0,0.01
1773171144.262014387,0,0,9.83
1773171144.262014387,1,0,0.01
1773171145.283877383,0,0,9.83
1773171145.283877383,1,0,0.01
1773171146.306260508,0,0,9.83
1773171146.306260508,1,0,0.01
1773171147.328226530,0,0,9.83
1773171147.328226530,1,0,0.01
1773171148.350296750,0,0,9.83
1773171148.350296750,1,0,0.01
1773171149.372616975,0,0,9.83
1773171149.372616975,1,0,0.01
1773171150.394730459,0,0,9.83
1773171150.394730459,1,0,0.01
1773171151.416226271,0,0,9.83
1773171151.416226271,1,0,0.01
1773171152.438749116,0,0,9.83
1773171152.438749116,1,0,0.01
1773171153.460823702,0,0,9.83
1773171153.460823702,1,0,0.01
1773171154.485595427,0,0,9.83
1773171154.485595427,1,0,0.01
1773171155.508582841,0,0,9.83
1773171155.508582841,1,0,0.01
1773171156.531564726,0,0,9.83
1773171156.531564726,1,0,0.01
1773171157.554282260,0,0,8.61
1773171157.554282260,1,0,0.01
1773171158.577702403,0,0,8.61
1773171158.577702403,1,0,0.01
1773171159.599560023,0,0,8.61
1773171159.599560023,1,0,0.01
1773171160.622998203,0,0,8.61
1773171160.622998203,1,0,0.01
1773171161.644438523,0,0,8.61
1773171161.644438523,1,0,0.01
1773171162.666641157,0,0,8.61
1773171162.666641157,1,0,0.01
1773171163.688425760,0,0,8.61
1773171163.688425760,1,0,0.01
1773171164.710199148,0,0,8.61
1773171164.710199148,1,0,0.01
1773171165.732138618,0,0,8.61
1773171165.732138618,1,0,0.01
1773171166.754604998,0,0,8.61
1773171166.754604998,1,0,0.01
1773171167.776851549,0,0,8.61
1773171167.776851549,1,0,0.01
1773171168.799189297,0,0,8.61
1773171168.799189297,1,0,0.01
1773171169.821326400,0,2,9.55
1773171169.821326400,1,0,0.01
1773171170.841767692,0,0,9.55
1773171170.841767692,1,0,0.01
1773171171.864365379,0,0,9.55
1773171171.864365379,1,0,0.01
1773171172.887060551,0,0,8.33
1773171172.887060551,1,0,0.01
1773171173.908637601,0,0,8.33
1773171173.908637601,1,0,0.01
1773171174.930883952,0,0,8.33
1773171174.930883952,1,0,0.01
1773171175.953948502,0,0,8.33
1773171175.953948502,1,0,0.01
1773171176.976415261,0,0,8.33
1773171176.976415261,1,0,0.01
1773171177.999029280,0,0,8.33
1773171177.999029280,1,0,0.01
1773171179.020557998,0,0,8.33
1773171179.020557998,1,0,0.01
1773171180.043638587,0,0,8.33
1773171180.043638587,1,0,0.01
1773171181.065092655,0,0,7.10
1773171181.065092655,1,0,0.01
1773171182.085973396,0,0,7.10
1773171182.085973396,1,0,0.01
1773171183.108009290,0,0,7.10
1773171183.108009290,1,0,0.01
1773171184.131312304,0,0,7.10
1773171184.131312304,1,0,0.01
1773171185.154681383,0,0,7.10
1773171185.154681383,1,0,0.01
1773171186.177181397,0,70,7.10
1773171186.177181397,1,0,0.01
1773171187.199545406,0,71,8.05
1773171187.199545406,1,0,0.01
1773171188.220451727,0,0,8.05
1773171188.220451727,1,0,0.01
1773171189.242265678,0,0,8.05
1773171189.242265678,1,0,0.01
1773171190.263829160,0,0,8.06
1773171190.263829160,1,0,0.01
1773171191.285902251,0,0,8.06
1773171191.285902251,1,0,0.01
1773171192.308748845,0,0,8.06
1773171192.308748845,1,0,0.01
1773171193.331107592,0,0,6.83
1773171193.331107592,1,0,0.01
1773171194.372963052,0,0,6.83
1773171194.372963052,1,0,0.01
1773171195.394675437,0,0,6.83
1773171195.394675437,1,0,0.01
1773171196.416105207,0,0,6.83
1773171196.416105207,1,0,0.01
1773171197.437816680,0,0,6.83
1773171197.437816680,1,0,0.01
1773171198.459056736,0,0,6.83
1773171198.459056736,1,0,0.01
1773171199.480131103,0,0,6.83
1773171199.480131103,1,0,0.01
1773171200.501709711,0,0,6.83
1773171200.501709711,1,0,0.01
1773171201.523021295,0,0,6.83
1773171201.523021295,1,0,0.01
1773171202.545345874,0,0,6.83
1773171202.545345874,1,0,0.01
1773171203.566444004,0,0,5.60
1773171203.566444004,1,0,0.01
1773171204.588580840,0,0,5.60
1773171204.588580840,1,0,0.01
1773171205.610038103,0,0,5.60
1773171205.610038103,1,0,0.01
1773171206.631985432,0,0,5.60
1773171206.631985432,1,0,0.01
1773171207.653873880,0,0,5.60
1773171207.653873880,1,0,0.01
1773171208.675568883,0,0,5.60
1773171208.675568883,1,0,0.01
1773171209.697323408,0,0,6.55
1773171209.697323408,1,0,0.01
1773171210.718994680,0,0,6.55
1773171210.718994680,1,0,0.01
1773171211.741060147,0,0,6.56
1773171211.741060147,1,0,0.01
1773171212.763001146,0,0,6.56
1773171212.763001146,1,0,0.01
1773171213.785302942,0,0,6.56
1773171213.785302942,1,0,0.01
1773171214.806930832,0,0,6.56
1773171214.806930832,1,0,0.01
1773171215.829382721,0,0,6.56
1773171215.829382721,1,0,0.01
1773171216.850685698,0,0,6.56
1773171216.850685698,1,0,0.01
1773171217.871927989,0,0,6.56
1773171217.871927989,1,0,0.01
1773171218.892953675,0,0,6.56
1773171218.892953675,1,0,0.01
1773171219.914153981,0,0,6.56
1773171219.914153981,1,0,0.01
1773171220.935625391,0,1,6.83
1773171220.935625391,1,0,0.01
1773171221.957621603,0,56,6.83
1773171221.957621603,1,0,0.01
1773171222.980142538,0,56,6.83
1773171222.980142538,1,0,0.01
1773171224.001861260,0,0,6.83
1773171224.001861260,1,0,0.01
1773171225.024333823,0,0,6.83
1773171225.024333823,1,0,0.01
1773171226.046326899,0,0,6.83
1773171226.046326899,1,0,0.01
1773171227.068601307,0,0,6.83
1773171227.068601307,1,0,0.01
1773171228.090196067,0,0,6.83
1773171228.090196067,1,0,0.01
1773171229.112812565,0,0,6.83
1773171229.112812565,1,0,0.01
1773171230.135237339,0,0,6.83
1773171230.135237339,1,0,0.01
1773171231.156726902,0,0,6.83
1773171231.156726902,1,0,0.01
1773171232.177158307,0,0,6.83
1773171232.177158307,1,0,0.01
1773171233.198980652,0,0,6.83
1773171233.198980652,1,0,0.01
1773171234.220991075,0,0,6.83
1773171234.220991075,1,0,0.01
1773171235.243683725,0,0,6.83
1773171235.243683725,1,0,0.01
1773171236.265708521,0,0,6.83
1773171236.265708521,1,0,0.01
1773171237.288227091,0,0,6.83
1773171237.288227091,1,0,0.01
1773171238.309893536,0,0,6.83
1773171238.309893536,1,0,0.01
1773171239.331384551,0,32,7.10
1773171239.331384551,1,0,0.01
1773171240.354420673,0,58,5.88
1773171240.354420673,1,0,0.01
1773171241.375366080,0,9,5.88
1773171241.375366080,1,0,0.01
1773171242.396379673,0,0,5.88
1773171242.396379673,1,0,0.01
1773171243.418142600,0,0,5.88
1773171243.418142600,1,0,0.01
1773171244.439704368,0,0,5.88
1773171244.439704368,1,0,0.01
1773171245.461656841,0,0,5.88
1773171245.461656841,1,0,0.01
1773171246.483275042,0,0,5.88
1773171246.483275042,1,0,0.01
1773171247.504321249,0,0,5.88
1773171247.504321249,1,0,0.01
1773171248.525545614,0,0,5.88
1773171248.525545614,1,0,0.01
1773171249.546742974,0,0,5.88
1773171249.546742974,1,0,0.01
1773171250.568997757,0,0,5.88
1773171250.568997757,1,0,0.01
1773171251.590266314,0,0,5.88
1773171251.590266314,1,0,0.01
1773171252.611470901,0,0,5.88
1773171252.611470901,1,0,0.01
1773171253.632676655,0,0,5.88
1773171253.632676655,1,0,0.01
1773171254.654334245,0,0,5.88
1773171254.654334245,1,0,0.01
1773171255.676131330,0,0,5.88
1773171255.676131330,1,0,0.01
1773171256.698233039,0,5,6.15
1773171256.698233039,1,0,0.01
1773171257.721470558,0,57,6.15
1773171257.721470558,1,0,0.01
1773171258.742974249,0,58,6.15
1773171258.742974249,1,0,0.01
1773171259.764537948,0,0,6.15
1773171259.764537948,1,0,0.01
1773171260.786062482,0,0,6.15
1773171260.786062482,1,0,0.01
1773171261.807784192,0,0,6.15
1773171261.807784192,1,0,0.01
1773171262.829449086,0,0,6.15
1773171262.829449086,1,0,0.01
1773171263.851143023,0,0,6.15
1773171263.851143023,1,0,0.01
1773171264.872802899,0,0,6.15
1773171264.872802899,1,0,0.01
1773171265.893861602,0,0,6.15
1773171265.893861602,1,0,0.01
1773171266.914728566,0,0,6.15
1773171266.914728566,1,0,0.01
1773171267.936344722,0,0,6.15
1773171267.936344722,1,0,0.01
1773171268.957502179,0,0,6.15
1773171268.957502179,1,0,0.01
1773171269.978833139,0,0,6.15
1773171269.978833139,1,0,0.01
1773171271.000032547,0,0,6.15
1773171271.000032547,1,0,0.01
1773171272.021244047,0,0,6.15
1773171272.021244047,1,0,0.01
1773171273.042975724,0,0,6.15
1773171273.042975724,1,0,0.01
1773171274.065436492,0,0,6.15
1773171274.065436492,1,0,0.01
1773171275.086763816,0,0,6.15
1773171275.086763816,1,0,0.01
1773171276.108651153,0,0,6.15
1773171276.108651153,1,0,0.01
1773171277.130209366,0,0,6.15
1773171277.130209366,1,0,0.01
1773171278.151322886,0,0,6.15
1773171278.151322886,1,0,0.01
1773171279.173149613,0,0,6.15
1773171279.173149613,1,0,0.01
1773171280.194468039,0,0,6.15
1773171280.194468039,1,0,0.01
1773171281.215542546,0,0,6.15
1773171281.215542546,1,0,0.01
1773171282.237449785,0,0,6.15
1773171282.237449785,1,0,0.01
1773171283.258434660,0,0,6.15
1773171283.258434660,1,0,0.01
1773171284.279577153,0,0,6.15
1773171284.279577153,1,0,0.01
1773171285.300721866,0,0,6.15
1773171285.300721866,1,0,0.01
1773171286.321748216,0,0,6.15
1773171286.321748216,1,0,0.01
1773171287.342602222,0,0,6.15
1773171287.342602222,1,0,0.01
1773171288.363734229,0,0,6.15
1773171288.363734229,1,0,0.01
1773171289.384810328,0,0,6.15
1773171289.384810328,1,0,0.01
1773171290.406655640,0,0,6.15
1773171290.406655640,1,0,0.01
1773171291.427644080,0,0,6.15
1773171291.427644080,1,0,0.01
1773171292.448775091,0,0,6.15
1773171292.448775091,1,0,0.01
1773171293.470441224,0,0,6.15
1773171293.470441224,1,0,0.01
1773171294.491774975,0,0,6.15
1773171294.491774975,1,0,0.01
1773171295.513694004,0,0,6.15
1773171295.513694004,1,0,0.01
1773171296.535665193,0,0,6.15
1773171296.535665193,1,0,0.01
1773171297.557921730,0,0,6.15
1773171297.557921730,1,0,0.01
1773171298.579102637,0,0,4.93
1773171298.579102637,1,0,0.01
1773171299.600488932,0,0,4.93
1773171299.600488932,1,0,0.01
1773171300.620957558,0,0,4.93
1773171300.620957558,1,0,0.01
1773171301.641450668,0,0,4.93
1773171301.641450668,1,0,0.01
1773171302.663287310,0,0,4.93
1773171302.663287310,1,0,0.01
1773171303.685446170,0,0,4.93
1773171303.685446170,1,0,0.01
1773171304.707908136,0,0,4.93
1773171304.707908136,1,0,0.01
1773171305.730041288,0,0,5.87
1773171305.730041288,1,0,0.01
1773171306.751404374,0,0,5.87
1773171306.751404374,1,0,0.01
1773171307.772934835,0,0,5.88
1773171307.772934835,1,0,0.01
1773171308.794724889,0,0,5.88
1773171308.794724889,1,0,0.01
1773171309.816116862,0,0,5.88
1773171309.816116862,1,0,0.01
1773171310.840945013,0,0,5.88
1773171310.840945013,1,0,0.01
1773171311.863222815,0,0,5.88
1773171311.863222815,1,0,0.01
1773171312.885293850,0,0,5.88
1773171312.885293850,1,0,0.01
1773171313.907126325,0,0,5.88
1773171313.907126325,1,0,0.01
1773171314.927228069,0,0,5.88
1773171314.927228069,1,0,0.01
1773171315.949158658,0,0,5.88
1773171315.949158658,1,0,0.01
1773171316.969445922,0,0,5.88
1773171316.969445922,1,0,0.01
1773171317.991373365,0,0,5.88
1773171317.991373365,1,0,0.01
1773171319.011300550,0,0,5.88
1773171319.011300550,1,0,0.01
1773171320.033242421,0,0,5.88
1773171320.033242421,1,0,0.01
1773171321.054600794,0,0,5.88
1773171321.054600794,1,0,0.01
1773171322.075587275,0,0,5.88
1773171322.075587275,1,0,0.01
1773171323.096890364,0,0,5.88
1773171323.096890364,1,0,0.01
1773171324.117925840,0,0,5.88
1773171324.117925840,1,0,0.01
1773171325.139839108,0,0,5.88
1773171325.139839108,1,0,0.01
1773171326.160801375,0,0,5.88
1773171326.160801375,1,0,0.01
1773171327.182154345,0,0,5.88
1773171327.182154345,1,0,0.01
1773171328.202307223,0,0,5.88
1773171328.202307223,1,0,0.01
1773171329.224326651,0,0,5.88
1773171329.224326651,1,0,0.01
1773171330.246028004,0,0,5.88
1773171330.246028004,1,0,0.01
1773171331.267244739,0,0,5.88
1773171331.267244739,1,0,0.01
1773171332.289137769,0,0,5.88
1773171332.289137769,1,0,0.01
1773171333.310239358,0,0,5.88
1773171333.310239358,1,0,0.01
1773171334.332236245,0,0,5.88
1773171334.332236245,1,0,0.01
1773171335.353252199,0,0,5.88
1773171335.353252199,1,0,0.01
1773171336.375171562,0,0,5.88
1773171336.375171562,1,0,0.01
1773171337.394991931,0,0,5.88
1773171337.394991931,1,0,0.01
1773171338.416505885,0,0,5.88
1773171338.416505885,1,0,0.01
1773171339.438190652,0,0,5.88
1773171339.438190652,1,0,0.01
1773171340.460963909,0,0,5.88
1773171340.460963909,1,0,0.01
1773171341.482834410,0,0,5.88
1773171341.482834410,1,0,0.01
1773171342.503277808,0,0,5.88
1773171342.503277808,1,0,0.01
1773171343.524582847,0,0,5.88
1773171343.524582847,1,0,0.01
1773171344.546610380,0,0,5.88
1773171344.546610380,1,0,0.01
1773171345.567884598,0,0,5.88
1773171345.567884598,1,0,0.01
1773171346.589720219,0,0,5.88
1773171346.589720219,1,0,0.01
1773171347.611174716,0,0,5.88
1773171347.611174716,1,0,0.01
1773171348.632437045,0,0,5.88
1773171348.632437045,1,0,0.01
1773171349.654579392,0,0,5.88
1773171349.654579392,1,0,0.01
1773171350.676252358,0,0,5.88
1773171350.676252358,1,0,0.01
1773171351.698319342,0,0,5.88
1773171351.698319342,1,0,0.01
1773171352.718782512,0,0,5.88
1773171352.718782512,1,0,0.01
1773171353.740775195,0,0,5.88
1773171353.740775195,1,0,0.01
1773171354.761070710,0,0,5.88
1773171354.761070710,1,0,0.01
1773171355.783111235,0,0,5.88
1773171355.783111235,1,0,0.01
1773171356.804189340,0,59,6.15
1773171356.804189340,1,0,0.01
1773171357.826084298,0,59,6.15
1773171357.826084298,1,0,0.01
1773171358.847830542,0,0,6.15
1773171358.847830542,1,0,0.01
1773171359.869269520,0,0,6.15
1773171359.869269520,1,0,0.01
1773171360.889913892,0,0,6.15
1773171360.889913892,1,0,0.01
1773171361.911372124,0,0,6.15
1773171361.911372124,1,0,0.01
1773171362.931172766,0,0,6.15
1773171362.931172766,1,0,0.01
1773171363.952978445,0,0,6.15
1773171363.952978445,1,0,0.01
1773171364.973672512,0,0,6.15
1773171364.973672512,1,0,0.01
1773171365.995268809,0,0,6.15
1773171365.995268809,1,0,0.01
1773171367.015265979,0,0,6.15
1773171367.015265979,1,0,0.01
1773171368.036805888,0,0,6.15
1773171368.036805888,1,0,0.01
1773171369.059041466,0,0,6.15
1773171369.059041466,1,0,0.01
1773171370.081164489,0,0,6.15
1773171370.081164489,1,0,0.01
1773171371.103425464,0,0,6.15
1773171371.103425464,1,0,0.01
1773171372.123816017,0,0,6.15
1773171372.123816017,1,0,0.01
1773171373.145253430,0,0,6.15
1773171373.145253430,1,0,0.01
1773171374.166468142,0,0,6.15
1773171374.166468142,1,0,0.01
1773171375.187722820,0,0,6.15
1773171375.187722820,1,0,0.01
1773171376.209030430,0,60,6.15
1773171376.209030430,1,0,0.01
1773171377.230629959,0,60,6.15
1773171377.230629959,1,0,0.01
1773171378.251470204,0,0,6.15
1773171378.251470204,1,0,0.01
1773171379.273202338,0,0,6.15
1773171379.273202338,1,0,0.01
1773171380.294582694,0,0,6.15
1773171380.294582694,1,0,0.01
1773171381.315925603,0,0,6.15
1773171381.315925603,1,0,0.01
1773171382.337367756,0,0,6.15
1773171382.337367756,1,0,0.01
1773171383.359356000,0,0,6.15
1773171383.359356000,1,0,0.01
1773171384.381070718,0,0,6.15
1773171384.381070718,1,0,0.01
1773171385.402507283,0,0,6.15
1773171385.402507283,1,0,0.01
1773171386.424313289,0,0,6.15
1773171386.424313289,1,0,0.01
1773171387.446273740,0,0,6.15
1773171387.446273740,1,0,0.01
1773171388.467632964,0,0,6.15
1773171388.467632964,1,0,0.01
1773171389.488908099,0,0,6.15
1773171389.488908099,1,0,0.01
1773171390.509175169,0,0,6.15
1773171390.509175169,1,0,0.01
1773171391.530744621,0,0,6.15
1773171391.530744621,1,0,0.01
