timestamp,idx,gpu_util_pct,mem_used_pct
1772996153.094094990,0,0,0.00
1772996153.094094990,1,0,0.00
1772996154.117296947,0,0,0.00
1772996154.117296947,1,0,0.00
1772996155.140013928,0,0,0.00
1772996155.140013928,1,0,0.00
1772996156.162326942,0,0,0.00
1772996156.162326942,1,0,0.00
1772996157.184365001,0,0,0.00
1772996157.184365001,1,0,0.00
1772996158.206033622,0,0,0.00
1772996158.206033622,1,0,0.00
1772996159.227674454,0,0,0.00
1772996159.227674454,1,0,0.00
1772996160.247680402,0,0,0.00
1772996160.247680402,1,0,0.00
1772996161.268964178,0,0,0.96
1772996161.268964178,1,0,0.01
1772996162.290540918,0,0,0.96
1772996162.290540918,1,0,0.01
1772996163.312828292,0,0,0.96
1772996163.312828292,1,0,0.01
1772996164.332835657,0,0,0.96
1772996164.332835657,1,0,0.01
1772996165.354041451,0,0,0.96
1772996165.354041451,1,0,0.01
1772996166.376535094,0,0,0.96
1772996166.376535094,1,0,0.01
1772996167.397701824,0,0,0.96
1772996167.397701824,1,0,0.01
1772996168.419612617,0,0,0.96
1772996168.419612617,1,0,0.01
1772996169.441545854,0,0,0.96
1772996169.441545854,1,0,0.01
1772996170.462841008,0,0,0.96
1772996170.462841008,1,0,0.01
1772996171.484709263,0,0,0.96
1772996171.484709263,1,0,0.01
1772996172.505664934,0,0,0.96
1772996172.505664934,1,0,0.01
1772996173.526695674,0,0,0.96
1772996173.526695674,1,0,0.01
1772996174.548540396,0,0,0.96
1772996174.548540396,1,0,0.01
1772996175.569698418,0,0,0.96
1772996175.569698418,1,0,0.01
1772996176.590939019,0,0,0.96
1772996176.590939019,1,0,0.01
1772996177.612762805,0,0,0.96
1772996177.612762805,1,0,0.01
1772996178.634275743,0,0,0.96
1772996178.634275743,1,0,0.01
1772996179.656068935,0,0,0.96
1772996179.656068935,1,0,0.01
1772996180.677925795,0,0,0.96
1772996180.677925795,1,0,0.01
1772996181.699418176,0,0,0.96
1772996181.699418176,1,0,0.01
1772996182.721336463,0,0,0.96
1772996182.721336463,1,0,0.01
1772996183.743312594,0,0,0.96
1772996183.743312594,1,0,0.01
1772996184.764713222,0,0,0.96
1772996184.764713222,1,0,0.01
1772996185.786253804,0,0,0.96
1772996185.786253804,1,0,0.01
1772996186.807607402,0,0,0.96
1772996186.807607402,1,0,0.01
1772996187.829652449,0,0,0.96
1772996187.829652449,1,0,0.01
1772996188.851706996,0,0,0.96
1772996188.851706996,1,0,0.01
1772996189.873385781,0,0,0.96
1772996189.873385781,1,0,0.01
1772996190.894237163,0,0,0.96
1772996190.894237163,1,0,0.01
1772996191.914852050,0,0,0.96
1772996191.914852050,1,0,0.01
1772996192.934863016,0,0,0.96
1772996192.934863016,1,0,0.01
1772996193.956884177,0,0,0.96
1772996193.956884177,1,0,0.01
1772996194.978698274,0,0,0.96
1772996194.978698274,1,0,0.01
1772996196.000535484,0,0,0.96
1772996196.000535484,1,0,0.01
1772996197.022517007,0,0,0.96
1772996197.022517007,1,0,0.01
1772996198.043817696,0,0,0.96
1772996198.043817696,1,0,0.01
1772996199.065362799,0,0,0.96
1772996199.065362799,1,0,0.01
1772996200.086446682,0,0,0.96
1772996200.086446682,1,0,0.01
1772996201.108758150,0,0,0.96
1772996201.108758150,1,0,0.01
1772996202.130305395,0,0,0.96
1772996202.130305395,1,0,0.01
1772996203.151563322,0,0,0.96
1772996203.151563322,1,0,0.01
1772996204.173732343,0,0,0.96
1772996204.173732343,1,0,0.01
1772996205.195973866,0,0,0.96
1772996205.195973866,1,0,0.01
1772996206.218242874,0,0,0.96
1772996206.218242874,1,0,0.01
1772996207.239164158,0,0,0.96
1772996207.239164158,1,0,0.01
1772996208.261334890,0,0,0.96
1772996208.261334890,1,0,0.01
1772996209.283436503,0,0,0.96
1772996209.283436503,1,0,0.01
1772996210.304690114,0,0,0.96
1772996210.304690114,1,0,0.01
1772996211.326755643,0,0,0.96
1772996211.326755643,1,0,0.01
1772996212.347825487,0,0,0.96
1772996212.347825487,1,0,0.01
1772996213.369383158,0,0,0.96
1772996213.369383158,1,0,0.01
1772996214.390885514,0,0,0.96
1772996214.390885514,1,0,0.01
1772996215.412776411,0,0,0.96
1772996215.412776411,1,0,0.01
1772996216.434887996,0,0,0.96
1772996216.434887996,1,0,0.01
1772996217.456835060,0,0,0.96
1772996217.456835060,1,0,0.01
1772996218.478106825,0,61,1.24
1772996218.478106825,1,0,0.01
1772996219.499401589,0,60,1.24
1772996219.499401589,1,0,0.01
1772996220.520371428,0,0,1.24
1772996220.520371428,1,0,0.01
1772996221.541142417,0,0,1.24
1772996221.541142417,1,0,0.01
1772996222.563693350,0,0,1.24
1772996222.563693350,1,0,0.01
1772996223.584847759,0,0,1.24
1772996223.584847759,1,0,0.01
1772996224.604799259,0,0,1.24
1772996224.604799259,1,0,0.01
1772996225.624585016,0,0,1.24
1772996225.624585016,1,0,0.01
1772996226.644621654,0,0,1.24
1772996226.644621654,1,0,0.01
1772996227.667442074,0,0,1.24
1772996227.667442074,1,0,0.01
1772996228.689074426,0,0,1.24
1772996228.689074426,1,0,0.01
1772996229.710848902,0,0,1.24
1772996229.710848902,1,0,0.01
1772996230.732988572,0,0,1.24
1772996230.732988572,1,0,0.01
1772996231.754457087,0,0,1.24
1772996231.754457087,1,0,0.01
1772996232.776159796,0,0,1.24
1772996232.776159796,1,0,0.01
1772996233.797432086,0,0,1.24
1772996233.797432086,1,0,0.01
1772996234.818792770,0,0,1.24
1772996234.818792770,1,0,0.01
1772996235.840020378,0,0,1.24
1772996235.840020378,1,0,0.01
1772996236.861699465,0,0,1.24
1772996236.861699465,1,0,0.01
1772996237.883561478,0,0,1.24
1772996237.883561478,1,0,0.01
1772996238.905637015,0,0,1.24
1772996238.905637015,1,0,0.01
1772996239.927091951,0,0,1.24
1772996239.927091951,1,0,0.01
1772996240.949414544,0,0,1.24
1772996240.949414544,1,0,0.01
1772996241.971081153,0,0,1.24
1772996241.971081153,1,0,0.01
1772996242.992367444,0,0,1.24
1772996242.992367444,1,0,0.01
1772996244.013771718,0,0,1.24
1772996244.013771718,1,0,0.01
1772996245.035488298,0,0,1.24
1772996245.035488298,1,0,0.01
1772996246.057611762,0,0,1.24
1772996246.057611762,1,0,0.01
1772996247.079909398,0,0,1.24
1772996247.079909398,1,0,0.01
1772996248.101427652,0,0,1.24
1772996248.101427652,1,0,0.01
1772996249.122826486,0,0,1.24
1772996249.122826486,1,0,0.01
1772996250.144576785,0,0,1.24
1772996250.144576785,1,0,0.01
1772996251.166202765,0,0,1.24
1772996251.166202765,1,0,0.01
1772996252.187280861,0,0,1.24
1772996252.187280861,1,0,0.01
1772996253.208811768,0,0,1.24
1772996253.208811768,1,0,0.01
1772996254.230769369,0,0,1.24
1772996254.230769369,1,0,0.01
1772996255.253425093,0,0,1.24
1772996255.253425093,1,0,0.01
1772996256.275074983,0,0,1.24
1772996256.275074983,1,0,0.01
1772996257.296032484,0,0,1.24
1772996257.296032484,1,0,0.01
1772996258.317622666,0,0,1.24
1772996258.317622666,1,0,0.01
1772996259.340055753,0,0,1.24
1772996259.340055753,1,0,0.01
1772996260.361554529,0,0,1.24
1772996260.361554529,1,0,0.01
1772996261.383507842,0,0,1.24
1772996261.383507842,1,0,0.01
1772996262.404917970,0,0,1.24
1772996262.404917970,1,0,0.01
1772996263.426336480,0,0,1.24
1772996263.426336480,1,0,0.01
1772996264.448178354,0,0,1.24
1772996264.448178354,1,0,0.01
1772996265.470414805,0,0,1.24
1772996265.470414805,1,0,0.01
1772996266.491882520,0,0,1.24
1772996266.491882520,1,0,0.01
1772996267.513654663,0,0,1.24
1772996267.513654663,1,0,0.01
1772996268.535847595,0,0,1.24
1772996268.535847595,1,0,0.01
1772996269.557445149,0,0,1.24
1772996269.557445149,1,0,0.01
1772996270.578082322,0,0,1.24
1772996270.578082322,1,0,0.01
1772996271.598873699,0,0,1.24
1772996271.598873699,1,0,0.01
1772996272.620240367,0,0,1.24
1772996272.620240367,1,0,0.01
1772996273.641312705,0,0,1.24
1772996273.641312705,1,0,0.01
1772996274.662930745,0,0,1.24
1772996274.662930745,1,0,0.01
1772996275.684832825,0,0,1.24
1772996275.684832825,1,0,0.01
1772996276.706261834,0,0,1.24
1772996276.706261834,1,0,0.01
1772996277.726911700,0,0,1.24
1772996277.726911700,1,0,0.01
1772996278.748090034,0,0,1.24
1772996278.748090034,1,0,0.01
1772996279.769503215,0,0,1.24
1772996279.769503215,1,0,0.01
1772996280.791245198,0,0,1.24
1772996280.791245198,1,0,0.01
1772996281.811902720,0,0,1.24
1772996281.811902720,1,0,0.01
1772996282.833252370,0,0,1.24
1772996282.833252370,1,0,0.01
1772996283.853469785,0,0,1.24
1772996283.853469785,1,0,0.01
1772996284.874392419,0,0,1.24
1772996284.874392419,1,0,0.01
1772996285.896748682,0,0,1.24
1772996285.896748682,1,0,0.01
1772996286.919427826,0,0,1.24
1772996286.919427826,1,0,0.01
1772996287.941468276,0,0,1.24
1772996287.941468276,1,0,0.01
1772996288.964069945,0,0,1.24
1772996288.964069945,1,0,0.01
1772996289.985080378,0,0,1.24
1772996289.985080378,1,0,0.01
1772996291.006464393,0,0,1.24
1772996291.006464393,1,0,0.01
1772996292.027963732,0,0,1.24
1772996292.027963732,1,0,0.01
1772996293.049546757,0,0,1.24
1772996293.049546757,1,0,0.01
1772996294.071832286,0,0,1.24
1772996294.071832286,1,0,0.01
1772996295.094277937,0,0,1.24
1772996295.094277937,1,0,0.01
1772996296.114935749,0,0,1.24
1772996296.114935749,1,0,0.01
1772996297.135473894,0,0,1.24
1772996297.135473894,1,0,0.01
1772996298.157010370,0,0,1.24
1772996298.157010370,1,0,0.01
1772996299.178423859,0,0,1.24
1772996299.178423859,1,0,0.01
1772996300.199825565,0,0,1.24
1772996300.199825565,1,0,0.01
1772996301.222143465,0,0,1.24
1772996301.222143465,1,0,0.01
1772996302.244310548,0,0,1.24
1772996302.244310548,1,0,0.01
1772996303.266339036,0,0,1.24
1772996303.266339036,1,0,0.01
1772996304.287875774,0,0,1.24
1772996304.287875774,1,0,0.01
1772996305.309440642,0,0,1.24
1772996305.309440642,1,0,0.01
1772996306.331511947,0,0,1.24
1772996306.331511947,1,0,0.01
1772996307.353855318,0,0,1.24
1772996307.353855318,1,0,0.01
1772996308.375558741,0,0,1.24
1772996308.375558741,1,0,0.01
1772996309.396951123,0,0,1.24
1772996309.396951123,1,0,0.01
1772996310.418474519,0,0,1.24
1772996310.418474519,1,0,0.01
1772996311.439852443,0,0,1.24
1772996311.439852443,1,0,0.01
1772996312.461494414,0,0,1.24
1772996312.461494414,1,0,0.01
1772996313.483777667,0,0,1.24
1772996313.483777667,1,0,0.01
1772996314.505123814,0,0,1.24
1772996314.505123814,1,0,0.01
1772996315.526472372,0,0,1.24
1772996315.526472372,1,0,0.01
1772996316.547887291,0,0,1.24
1772996316.547887291,1,0,0.01
1772996317.569076978,0,0,1.24
1772996317.569076978,1,0,0.01
1772996318.590547711,0,0,1.24
1772996318.590547711,1,0,0.01
1772996319.612001614,0,0,1.24
1772996319.612001614,1,0,0.01
1772996320.633432331,0,0,1.24
1772996320.633432331,1,0,0.01
1772996321.654319116,0,0,1.24
1772996321.654319116,1,0,0.01
1772996322.676087827,0,0,1.24
1772996322.676087827,1,0,0.01
1772996323.697285474,0,0,1.24
1772996323.697285474,1,0,0.01
1772996324.717666878,0,0,1.24
1772996324.717666878,1,0,0.01
1772996325.737863996,0,0,1.24
1772996325.737863996,1,0,0.01
1772996326.759613137,0,0,1.24
1772996326.759613137,1,0,0.01
1772996327.780930251,0,0,1.24
1772996327.780930251,1,0,0.01
1772996328.801995618,0,0,1.24
1772996328.801995618,1,0,0.01
1772996329.824254202,0,0,1.24
1772996329.824254202,1,0,0.01
1772996330.845822279,0,0,1.24
1772996330.845822279,1,0,0.01
1772996331.867504425,0,0,1.24
1772996331.867504425,1,0,0.01
1772996332.888825751,0,0,1.24
1772996332.888825751,1,0,0.01
1772996333.908999142,0,0,1.24
1772996333.908999142,1,0,0.01
1772996334.930469140,0,0,1.24
1772996334.930469140,1,0,0.01
1772996335.951089442,0,0,1.24
1772996335.951089442,1,0,0.01
1772996336.973139419,0,0,1.24
1772996336.973139419,1,0,0.01
1772996337.993991776,0,0,1.24
1772996337.993991776,1,0,0.01
1772996339.014886840,0,0,1.24
1772996339.014886840,1,0,0.01
1772996340.036946661,0,0,1.24
1772996340.036946661,1,0,0.01
1772996341.057569205,0,0,1.24
1772996341.057569205,1,0,0.01
1772996342.079224777,0,0,1.24
1772996342.079224777,1,0,0.01
1772996343.101318116,0,0,1.24
1772996343.101318116,1,0,0.01
1772996344.121558558,0,0,1.24
1772996344.121558558,1,0,0.01
1772996345.142784372,0,0,1.24
1772996345.142784372,1,0,0.01
1772996346.164137485,0,0,1.24
1772996346.164137485,1,0,0.01
1772996347.185229680,0,0,1.24
1772996347.185229680,1,0,0.01
1772996348.206676240,0,0,1.24
1772996348.206676240,1,0,0.01
1772996349.227747505,0,0,1.24
1772996349.227747505,1,0,0.01
1772996350.249523119,0,0,1.24
1772996350.249523119,1,0,0.01
1772996351.271549310,0,0,1.24
1772996351.271549310,1,0,0.01
1772996352.293275098,0,0,1.24
1772996352.293275098,1,0,0.01
1772996353.314060923,0,0,1.24
1772996353.314060923,1,0,0.01
1772996354.334281119,0,0,1.24
1772996354.334281119,1,0,0.01
1772996355.355399472,0,0,1.24
1772996355.355399472,1,0,0.01
1772996356.377149274,0,0,1.24
1772996356.377149274,1,0,0.01
1772996357.398453390,0,0,1.24
1772996357.398453390,1,0,0.01
1772996358.420231609,0,0,1.24
1772996358.420231609,1,0,0.01
1772996359.441886993,0,0,1.24
1772996359.441886993,1,0,0.01
1772996360.463290026,0,0,1.24
1772996360.463290026,1,0,0.01
1772996361.484467519,0,0,1.24
1772996361.484467519,1,0,0.01
1772996362.505534282,0,0,1.24
1772996362.505534282,1,0,0.01
1772996363.527452269,0,0,1.24
1772996363.527452269,1,0,0.01
1772996364.549384937,0,0,1.24
1772996364.549384937,1,0,0.01
1772996365.570903416,0,0,1.24
1772996365.570903416,1,0,0.01
1772996366.592163456,0,0,1.24
1772996366.592163456,1,0,0.01
1772996367.614271685,0,0,1.24
1772996367.614271685,1,0,0.01
1772996368.635551212,0,0,1.24
1772996368.635551212,1,0,0.01
1772996369.657140050,0,0,1.24
1772996369.657140050,1,0,0.01
1772996370.679118806,0,0,1.24
1772996370.679118806,1,0,0.01
1772996371.700477630,0,0,1.24
1772996371.700477630,1,0,0.01
1772996372.721755389,0,0,1.24
1772996372.721755389,1,0,0.01
1772996373.742480894,0,0,1.24
1772996373.742480894,1,0,0.01
1772996374.764520049,0,0,1.24
1772996374.764520049,1,0,0.01
1772996375.785397353,0,0,1.24
1772996375.785397353,1,0,0.01
1772996376.807149422,0,0,1.24
1772996376.807149422,1,0,0.01
1772996377.828265520,0,0,1.24
1772996377.828265520,1,0,0.01
1772996378.849401849,0,0,1.24
1772996378.849401849,1,0,0.01
1772996379.869208922,0,0,1.24
1772996379.869208922,1,0,0.01
1772996380.888944262,0,0,1.24
1772996380.888944262,1,0,0.01
1772996381.909452493,0,0,1.24
1772996381.909452493,1,0,0.01
1772996382.931252395,0,0,1.24
1772996382.931252395,1,0,0.01
1772996383.952643706,0,0,1.24
1772996383.952643706,1,0,0.01
1772996384.974284910,0,0,1.24
1772996384.974284910,1,0,0.01
1772996385.996248459,0,0,1.24
1772996385.996248459,1,0,0.01
1772996387.017614910,0,0,1.24
1772996387.017614910,1,0,0.01
1772996388.039413656,0,0,1.24
1772996388.039413656,1,0,0.01
1772996389.060867882,0,0,1.24
1772996389.060867882,1,0,0.01
1772996390.082332947,0,0,1.24
1772996390.082332947,1,0,0.01
1772996391.103762165,0,0,1.24
1772996391.103762165,1,0,0.01
1772996392.126256494,0,0,1.24
1772996392.126256494,1,0,0.01
1772996393.147230871,0,0,1.24
1772996393.147230871,1,0,0.01
1772996394.168463700,0,0,1.24
1772996394.168463700,1,0,0.01
1772996395.190523900,0,0,1.24
1772996395.190523900,1,0,0.01
1772996396.212516938,0,0,1.24
1772996396.212516938,1,0,0.01
1772996397.233637893,0,0,1.24
1772996397.233637893,1,0,0.01
1772996398.254904437,0,0,1.24
1772996398.254904437,1,0,0.01
1772996399.274900315,0,0,1.24
1772996399.274900315,1,0,0.01
1772996400.296308121,0,0,1.24
1772996400.296308121,1,0,0.01
1772996401.318077853,0,0,1.24
1772996401.318077853,1,0,0.01
1772996402.339039492,0,0,1.24
1772996402.339039492,1,0,0.01
1772996403.360257236,0,0,1.24
1772996403.360257236,1,0,0.01
1772996404.381257199,0,0,1.24
1772996404.381257199,1,0,0.01
1772996405.402962293,0,0,1.24
1772996405.402962293,1,0,0.01
1772996406.424518144,0,0,1.24
1772996406.424518144,1,0,0.01
1772996407.445760838,0,0,1.24
1772996407.445760838,1,0,0.01
1772996408.466951800,0,0,1.24
1772996408.466951800,1,0,0.01
1772996409.488141734,0,0,1.24
1772996409.488141734,1,0,0.01
1772996410.509448244,0,0,1.24
1772996410.509448244,1,0,0.01
1772996411.531668134,0,0,1.24
1772996411.531668134,1,0,0.01
1772996412.552959243,0,0,1.24
1772996412.552959243,1,0,0.01
1772996413.574870520,0,0,1.24
1772996413.574870520,1,0,0.01
1772996414.595867852,0,0,1.24
1772996414.595867852,1,0,0.01
1772996415.617185135,0,0,1.24
1772996415.617185135,1,0,0.01
1772996416.639103003,0,0,1.24
1772996416.639103003,1,0,0.01
1772996417.660445241,0,0,1.24
1772996417.660445241,1,0,0.01
1772996418.681602601,0,0,1.24
1772996418.681602601,1,0,0.01
1772996419.703955949,0,0,1.24
1772996419.703955949,1,0,0.01
1772996420.725755613,0,0,1.24
1772996420.725755613,1,0,0.01
1772996421.747821882,0,0,1.24
1772996421.747821882,1,0,0.01
1772996422.769166050,0,0,1.24
1772996422.769166050,1,0,0.01
1772996423.790024184,0,0,1.24
1772996423.790024184,1,0,0.01
1772996424.811799921,0,0,1.24
1772996424.811799921,1,0,0.01
1772996425.833424576,0,0,1.24
1772996425.833424576,1,0,0.01
1772996426.855898917,0,0,1.24
1772996426.855898917,1,0,0.01
1772996427.876961439,0,0,1.24
1772996427.876961439,1,0,0.01
1772996428.897994599,0,0,1.24
1772996428.897994599,1,0,0.01
1772996429.919159231,0,0,1.24
1772996429.919159231,1,0,0.01
1772996430.941096229,0,0,1.24
1772996430.941096229,1,0,0.01
1772996431.962262728,0,0,1.24
1772996431.962262728,1,0,0.01
1772996432.983541492,0,0,1.24
1772996432.983541492,1,0,0.01
1772996434.005371645,0,0,1.24
1772996434.005371645,1,0,0.01
1772996435.026857925,0,0,1.24
1772996435.026857925,1,0,0.01
1772996436.048221462,0,0,1.24
1772996436.048221462,1,0,0.01
1772996437.070157640,0,0,1.24
1772996437.070157640,1,0,0.01
1772996438.091692941,0,0,1.24
1772996438.091692941,1,0,0.01
1772996439.112724091,0,0,1.24
1772996439.112724091,1,0,0.01
1772996440.134040661,0,0,1.24
1772996440.134040661,1,0,0.01
1772996441.155276249,0,0,1.24
1772996441.155276249,1,0,0.01
1772996442.176166041,0,0,1.24
1772996442.176166041,1,0,0.01
1772996443.197953120,0,0,1.24
1772996443.197953120,1,0,0.01
1772996444.219157134,0,0,1.24
1772996444.219157134,1,0,0.01
1772996445.240686882,0,0,1.24
1772996445.240686882,1,0,0.01
1772996446.261816317,0,0,1.24
1772996446.261816317,1,0,0.01
1772996447.282926045,0,0,1.24
1772996447.282926045,1,0,0.01
1772996448.303914019,0,0,1.24
1772996448.303914019,1,0,0.01
1772996449.325107076,0,0,1.24
1772996449.325107076,1,0,0.01
1772996450.347156671,0,0,1.24
1772996450.347156671,1,0,0.01
1772996451.369400553,0,0,1.24
1772996451.369400553,1,0,0.01
1772996452.390790396,0,0,1.24
1772996452.390790396,1,0,0.01
1772996453.411731918,0,0,1.24
1772996453.411731918,1,0,0.01
1772996454.432684831,0,0,1.24
1772996454.432684831,1,0,0.01
1772996455.455405838,0,0,1.24
1772996455.455405838,1,0,0.01
1772996456.476814121,0,0,1.24
1772996456.476814121,1,0,0.01
1772996457.499129190,0,0,1.24
1772996457.499129190,1,0,0.01
1772996458.521005842,0,0,1.24
1772996458.521005842,1,0,0.01
1772996459.543113214,0,0,1.24
1772996459.543113214,1,0,0.01
1772996460.564330098,0,0,1.24
1772996460.564330098,1,0,0.01
1772996461.585916803,0,0,1.24
1772996461.585916803,1,0,0.01
1772996462.607238833,0,0,1.24
1772996462.607238833,1,0,0.01
1772996463.627192278,0,0,1.24
1772996463.627192278,1,0,0.01
1772996464.648940866,0,0,1.24
1772996464.648940866,1,0,0.01
1772996465.670978760,0,0,1.24
1772996465.670978760,1,0,0.01
1772996466.692879747,0,0,1.24
1772996466.692879747,1,0,0.01
1772996467.714011212,0,0,1.24
1772996467.714011212,1,0,0.01
1772996468.735919531,0,0,1.24
1772996468.735919531,1,0,0.01
1772996469.758225551,0,0,1.24
1772996469.758225551,1,0,0.01
1772996470.779928674,0,0,1.24
1772996470.779928674,1,0,0.01
1772996471.801302634,0,0,1.24
1772996471.801302634,1,0,0.01
1772996472.820997198,0,0,1.24
1772996472.820997198,1,0,0.01
1772996473.843013722,0,0,1.24
1772996473.843013722,1,0,0.01
1772996474.864067728,0,0,1.24
1772996474.864067728,1,0,0.01
1772996475.885994819,0,0,1.24
1772996475.885994819,1,0,0.01
1772996476.907189134,0,0,1.24
1772996476.907189134,1,0,0.01
1772996477.928250886,0,0,1.24
1772996477.928250886,1,0,0.01
1772996478.950167087,0,0,1.24
1772996478.950167087,1,0,0.01
1772996479.971524701,0,0,1.24
1772996479.971524701,1,0,0.01
1772996480.993447180,0,0,1.24
1772996480.993447180,1,0,0.01
1772996482.014977682,0,0,1.24
1772996482.014977682,1,0,0.01
1772996483.036885802,0,0,1.24
1772996483.036885802,1,0,0.01
1772996484.058894308,0,0,1.24
1772996484.058894308,1,0,0.01
1772996485.079917751,0,0,1.24
1772996485.079917751,1,0,0.01
1772996486.102071503,0,0,1.24
1772996486.102071503,1,0,0.01
1772996487.124059174,0,0,1.24
1772996487.124059174,1,0,0.01
1772996488.145307050,0,0,1.24
1772996488.145307050,1,0,0.01
1772996489.166906968,0,0,1.24
1772996489.166906968,1,0,0.01
1772996490.188418283,0,0,1.24
1772996490.188418283,1,0,0.01
1772996491.209923584,0,0,1.24
1772996491.209923584,1,0,0.01
1772996492.232190681,0,0,1.24
1772996492.232190681,1,0,0.01
1772996493.253167564,0,0,1.24
1772996493.253167564,1,0,0.01
1772996494.275039854,0,0,1.24
1772996494.275039854,1,0,0.01
1772996495.296446696,0,0,1.24
1772996495.296446696,1,0,0.01
1772996496.318005693,0,0,1.24
1772996496.318005693,1,0,0.01
1772996497.339427260,0,0,1.24
1772996497.339427260,1,0,0.01
1772996498.361113564,0,0,1.24
1772996498.361113564,1,0,0.01
1772996499.383048508,0,0,1.24
1772996499.383048508,1,0,0.01
1772996500.404509249,0,0,1.24
1772996500.404509249,1,0,0.01
1772996501.426799538,0,0,1.24
1772996501.426799538,1,0,0.01
1772996502.446599991,0,0,1.24
1772996502.446599991,1,0,0.01
1772996503.468225566,0,0,1.24
1772996503.468225566,1,0,0.01
1772996504.490019775,0,0,1.24
1772996504.490019775,1,0,0.01
1772996505.512087258,0,0,1.24
1772996505.512087258,1,0,0.01
1772996506.533562685,0,0,1.24
1772996506.533562685,1,0,0.01
1772996507.554996120,0,0,1.24
1772996507.554996120,1,0,0.01
1772996508.576362406,0,0,1.24
1772996508.576362406,1,0,0.01
1772996509.597752422,0,0,1.24
1772996509.597752422,1,0,0.01
1772996510.619007056,0,0,1.24
1772996510.619007056,1,0,0.01
1772996511.640145191,0,0,1.24
1772996511.640145191,1,0,0.01
1772996512.662522095,0,0,1.24
1772996512.662522095,1,0,0.01
1772996513.683652503,0,0,1.24
1772996513.683652503,1,0,0.01
1772996514.704639677,0,0,1.24
1772996514.704639677,1,0,0.01
1772996515.727086049,0,0,1.24
1772996515.727086049,1,0,0.01
1772996516.748489697,0,0,1.24
1772996516.748489697,1,0,0.01
1772996517.770110201,0,0,1.24
1772996517.770110201,1,0,0.01
1772996518.791193254,0,0,1.24
1772996518.791193254,1,0,0.01
1772996519.812356365,0,0,1.24
1772996519.812356365,1,0,0.01
1772996520.834207341,0,0,1.24
1772996520.834207341,1,0,0.01
1772996521.855604785,0,0,1.24
1772996521.855604785,1,0,0.01
1772996522.877289831,0,0,1.24
1772996522.877289831,1,0,0.01
1772996523.899191275,0,0,1.24
1772996523.899191275,1,0,0.01
1772996524.919700333,0,0,1.24
1772996524.919700333,1,0,0.01
1772996525.940116110,0,0,1.24
1772996525.940116110,1,0,0.01
1772996526.961523724,0,0,1.24
1772996526.961523724,1,0,0.01
1772996527.983507307,0,0,1.24
1772996527.983507307,1,0,0.01
1772996529.005116373,0,0,1.24
1772996529.005116373,1,0,0.01
1772996530.026100289,0,0,1.24
1772996530.026100289,1,0,0.01
1772996531.047136927,0,0,1.24
1772996531.047136927,1,0,0.01
1772996532.068715217,0,0,1.24
1772996532.068715217,1,0,0.01
1772996533.089504551,0,0,1.24
1772996533.089504551,1,0,0.01
1772996534.110767717,0,0,1.24
1772996534.110767717,1,0,0.01
1772996535.131867036,0,0,1.24
1772996535.131867036,1,0,0.01
1772996536.153693033,0,0,1.24
1772996536.153693033,1,0,0.01
1772996537.175528080,0,0,1.24
1772996537.175528080,1,0,0.01
1772996538.196767239,0,0,1.24
1772996538.196767239,1,0,0.01
1772996539.218115230,0,0,1.24
1772996539.218115230,1,0,0.01
1772996540.239149480,0,0,1.24
1772996540.239149480,1,0,0.01
1772996541.258696129,0,0,1.24
1772996541.258696129,1,0,0.01
1772996542.280183819,0,0,1.24
1772996542.280183819,1,0,0.01
1772996543.301694089,0,0,1.24
1772996543.301694089,1,0,0.01
1772996544.323767926,0,0,1.24
1772996544.323767926,1,0,0.01
1772996545.345177537,0,0,1.24
1772996545.345177537,1,0,0.01
1772996546.367073305,0,0,1.24
1772996546.367073305,1,0,0.01
1772996547.388552722,0,0,1.24
1772996547.388552722,1,0,0.01
1772996548.410092925,0,0,1.24
1772996548.410092925,1,0,0.01
1772996549.431214284,0,0,1.24
1772996549.431214284,1,0,0.01
1772996550.452605972,0,0,1.24
1772996550.452605972,1,0,0.01
1772996551.473775549,0,0,1.24
1772996551.473775549,1,0,0.01
1772996552.495135696,0,0,1.24
1772996552.495135696,1,0,0.01
1772996553.516735344,0,0,1.24
1772996553.516735344,1,0,0.01
1772996554.538831297,0,0,1.24
1772996554.538831297,1,0,0.01
1772996555.560386701,0,0,1.24
1772996555.560386701,1,0,0.01
1772996556.581692996,0,0,1.24
1772996556.581692996,1,0,0.01
1772996557.603310348,0,0,1.24
1772996557.603310348,1,0,0.01
1772996558.625504286,0,0,1.24
1772996558.625504286,1,0,0.01
1772996559.646855913,0,0,1.24
1772996559.646855913,1,0,0.01
1772996560.668552630,0,0,1.24
1772996560.668552630,1,0,0.01
1772996561.689798028,0,0,1.24
1772996561.689798028,1,0,0.01
1772996562.711417942,0,0,1.24
1772996562.711417942,1,0,0.01
1772996563.732627448,0,0,1.24
1772996563.732627448,1,0,0.01
1772996564.754367015,0,0,1.24
1772996564.754367015,1,0,0.01
1772996565.775781448,0,0,1.24
1772996565.775781448,1,0,0.01
1772996566.797757571,0,0,1.24
1772996566.797757571,1,0,0.01
1772996567.819080165,0,0,1.24
1772996567.819080165,1,0,0.01
1772996568.840964892,0,0,1.24
1772996568.840964892,1,0,0.01
1772996569.862920246,0,0,1.24
1772996569.862920246,1,0,0.01
1772996570.883898865,0,0,1.24
1772996570.883898865,1,0,0.01
1772996571.906260030,0,0,1.24
1772996571.906260030,1,0,0.01
1772996572.927466369,0,0,1.24
1772996572.927466369,1,0,0.01
1772996573.948882169,0,0,1.24
1772996573.948882169,1,0,0.01
1772996574.970494113,0,0,1.24
1772996574.970494113,1,0,0.01
1772996575.992501515,0,0,1.24
1772996575.992501515,1,0,0.01
1772996577.014180864,0,0,1.24
1772996577.014180864,1,0,0.01
1772996578.035599014,0,0,1.24
1772996578.035599014,1,0,0.01
1772996579.056715763,0,0,1.24
1772996579.056715763,1,0,0.01
1772996580.078280533,0,0,1.24
1772996580.078280533,1,0,0.01
1772996581.099636321,0,0,1.24
1772996581.099636321,1,0,0.01
1772996582.121495073,0,0,1.24
1772996582.121495073,1,0,0.01
1772996583.143048791,0,0,1.24
1772996583.143048791,1,0,0.01
1772996584.164160456,0,0,1.24
1772996584.164160456,1,0,0.01
1772996585.185174771,0,0,1.24
1772996585.185174771,1,0,0.01
1772996586.205996456,0,0,1.24
1772996586.205996456,1,0,0.01
1772996587.226062761,0,0,1.24
1772996587.226062761,1,0,0.01
1772996588.247408291,0,0,1.24
1772996588.247408291,1,0,0.01
1772996589.268415276,0,0,1.24
1772996589.268415276,1,0,0.01
1772996590.290118591,0,0,1.24
1772996590.290118591,1,0,0.01
1772996591.312235438,0,0,1.24
1772996591.312235438,1,0,0.01
1772996592.333895170,0,0,1.24
1772996592.333895170,1,0,0.01
1772996593.355764069,0,0,1.24
1772996593.355764069,1,0,0.01
1772996594.377597983,0,0,1.24
1772996594.377597983,1,0,0.01
1772996595.398519744,0,0,1.24
1772996595.398519744,1,0,0.01
1772996596.419923214,0,0,1.24
1772996596.419923214,1,0,0.01
1772996597.441599524,0,61,1.24
1772996597.441599524,1,0,0.01
1772996598.463137142,0,0,1.24
1772996598.463137142,1,0,0.01
1772996599.485471134,0,0,1.24
1772996599.485471134,1,0,0.01
1772996600.506985721,0,0,1.24
1772996600.506985721,1,0,0.01
1772996601.529468971,0,0,1.24
1772996601.529468971,1,0,0.01
1772996602.551146585,0,0,1.24
1772996602.551146585,1,0,0.01
1772996603.572643666,0,0,1.24
1772996603.572643666,1,0,0.01
1772996604.594182182,0,0,1.24
1772996604.594182182,1,0,0.01
1772996605.616045019,0,0,1.24
1772996605.616045019,1,0,0.01
1772996606.637554441,0,0,1.24
1772996606.637554441,1,0,0.01
1772996607.658992402,0,0,1.24
1772996607.658992402,1,0,0.01
1772996608.680766532,0,0,1.24
1772996608.680766532,1,0,0.01
1772996609.701897332,0,0,1.24
1772996609.701897332,1,0,0.01
1772996610.723692523,0,0,1.24
1772996610.723692523,1,0,0.01
1772996611.745036552,0,0,1.24
1772996611.745036552,1,0,0.01
1772996612.764719324,0,0,1.24
1772996612.764719324,1,0,0.01
1772996613.787032209,0,0,1.24
1772996613.787032209,1,0,0.01
1772996614.808837164,0,0,1.24
1772996614.808837164,1,0,0.01
1772996615.830182123,0,0,1.24
1772996615.830182123,1,0,0.01
1772996616.850578579,0,0,1.24
1772996616.850578579,1,0,0.01
1772996617.870429195,0,0,1.24
1772996617.870429195,1,0,0.01
1772996618.892016079,0,0,1.24
1772996618.892016079,1,0,0.01
1772996619.914393334,0,0,1.24
1772996619.914393334,1,0,0.01
1772996620.936574650,0,0,1.24
1772996620.936574650,1,0,0.01
1772996621.957673392,0,0,1.24
1772996621.957673392,1,0,0.01
1772996622.978914694,0,0,1.24
1772996622.978914694,1,0,0.01
1772996623.999969974,0,0,1.24
1772996623.999969974,1,0,0.01
1772996625.021192547,0,0,1.24
1772996625.021192547,1,0,0.01
1772996626.041449236,0,0,1.24
1772996626.041449236,1,0,0.01
1772996627.062711042,0,0,1.24
1772996627.062711042,1,0,0.01
1772996628.084117902,0,0,1.24
1772996628.084117902,1,0,0.01
1772996629.105765402,0,0,1.24
1772996629.105765402,1,0,0.01
1772996630.127754868,0,0,1.24
1772996630.127754868,1,0,0.01
1772996631.149126953,0,0,1.24
1772996631.149126953,1,0,0.01
1772996632.170256132,0,0,1.24
1772996632.170256132,1,0,0.01
1772996633.191482808,0,65,1.24
1772996633.191482808,1,0,0.01
1772996634.212491263,0,58,1.24
1772996634.212491263,1,0,0.01
1772996635.233539538,0,0,1.24
1772996635.233539538,1,0,0.01
1772996636.253269961,0,0,1.24
1772996636.253269961,1,0,0.01
1772996637.273266672,0,0,1.24
1772996637.273266672,1,0,0.01
1772996638.294229970,0,0,1.24
1772996638.294229970,1,0,0.01
1772996639.315532755,0,0,1.24
1772996639.315532755,1,0,0.01
1772996640.338129971,0,0,1.24
1772996640.338129971,1,0,0.01
1772996641.360245408,0,0,1.24
1772996641.360245408,1,0,0.01
1772996642.381215935,0,0,1.24
1772996642.381215935,1,0,0.01
1772996643.402671258,0,0,1.24
1772996643.402671258,1,0,0.01
1772996644.424340034,0,0,1.24
1772996644.424340034,1,0,0.01
1772996645.445847429,0,0,1.24
1772996645.445847429,1,0,0.01
1772996646.467126857,0,0,1.24
1772996646.467126857,1,0,0.01
1772996647.488171236,0,0,1.24
1772996647.488171236,1,0,0.01
1772996648.509893428,0,0,1.24
1772996648.509893428,1,0,0.01
1772996649.531143465,0,0,1.24
1772996649.531143465,1,0,0.01
1772996650.552484985,0,0,1.24
1772996650.552484985,1,0,0.01
1772996651.573687573,0,0,1.24
1772996651.573687573,1,0,0.01
1772996652.595193291,0,0,1.24
1772996652.595193291,1,0,0.01
1772996653.615770116,0,0,1.24
1772996653.615770116,1,0,0.01
1772996654.636409061,0,0,1.24
1772996654.636409061,1,0,0.01
1772996655.657872012,0,0,1.24
1772996655.657872012,1,0,0.01
1772996656.680182896,0,0,1.24
1772996656.680182896,1,0,0.01
1772996657.701347285,0,0,1.24
1772996657.701347285,1,0,0.01
1772996658.722690252,0,0,1.24
1772996658.722690252,1,0,0.01
1772996659.744798100,0,0,1.24
1772996659.744798100,1,0,0.01
1772996660.766056618,0,0,1.24
1772996660.766056618,1,0,0.01
1772996661.788476613,0,0,1.24
1772996661.788476613,1,0,0.01
1772996662.810215971,0,0,1.24
1772996662.810215971,1,0,0.01
1772996663.829953414,0,0,1.24
1772996663.829953414,1,0,0.01
1772996664.849697499,0,0,1.24
1772996664.849697499,1,0,0.01
1772996665.871253305,0,0,1.24
1772996665.871253305,1,0,0.01
1772996666.893113867,0,0,1.24
1772996666.893113867,1,0,0.01
1772996667.915101808,0,0,1.24
1772996667.915101808,1,0,0.01
1772996668.936914193,0,0,1.24
1772996668.936914193,1,0,0.01
1772996669.958280973,0,0,1.24
1772996669.958280973,1,0,0.01
1772996670.979465510,0,0,1.24
1772996670.979465510,1,0,0.01
1772996672.001268580,0,0,1.24
1772996672.001268580,1,0,0.01
1772996673.024223646,0,0,1.24
1772996673.024223646,1,0,0.01
1772996674.045565871,0,0,1.24
1772996674.045565871,1,0,0.01
1772996675.065308532,0,0,1.24
1772996675.065308532,1,0,0.01
1772996676.085931889,0,0,1.24
1772996676.085931889,1,0,0.01
1772996677.107384496,0,0,1.24
1772996677.107384496,1,0,0.01
1772996678.128409440,0,0,1.24
1772996678.128409440,1,0,0.01
1772996679.149016336,0,0,1.24
1772996679.149016336,1,0,0.01
1772996680.170372747,0,0,1.24
1772996680.170372747,1,0,0.01
1772996681.191587522,0,0,1.24
1772996681.191587522,1,0,0.01
1772996682.212904865,0,0,1.24
1772996682.212904865,1,0,0.01
1772996683.234118517,0,0,1.24
1772996683.234118517,1,0,0.01
1772996684.256152537,0,0,1.24
1772996684.256152537,1,0,0.01
1772996685.277897077,0,0,1.24
1772996685.277897077,1,0,0.01
1772996686.299386061,0,0,1.24
1772996686.299386061,1,0,0.01
1772996687.321926298,0,0,1.24
1772996687.321926298,1,0,0.01
1772996688.343680226,0,0,1.24
1772996688.343680226,1,0,0.01
1772996689.366533899,0,0,1.24
1772996689.366533899,1,0,0.01
1772996690.389340978,0,0,1.24
1772996690.389340978,1,0,0.01
1772996691.411466345,0,0,1.24
1772996691.411466345,1,0,0.01
1772996692.432050372,0,0,1.24
1772996692.432050372,1,0,0.01
1772996693.452073226,0,0,1.24
1772996693.452073226,1,0,0.01
1772996694.473714663,0,0,1.24
1772996694.473714663,1,0,0.01
1772996695.495191404,0,0,1.24
1772996695.495191404,1,0,0.01
1772996696.516246903,0,0,1.24
1772996696.516246903,1,0,0.01
1772996697.538536112,0,0,1.24
1772996697.538536112,1,0,0.01
1772996698.560195504,0,0,1.24
1772996698.560195504,1,0,0.01
1772996699.581619556,0,0,1.24
1772996699.581619556,1,0,0.01
1772996700.603510691,0,0,1.24
1772996700.603510691,1,0,0.01
1772996701.624960874,0,0,1.24
1772996701.624960874,1,0,0.01
1772996702.646180062,0,0,1.24
1772996702.646180062,1,0,0.01
1772996703.668098496,0,0,1.24
1772996703.668098496,1,0,0.01
1772996704.689430906,0,0,1.24
1772996704.689430906,1,0,0.01
1772996705.711481763,0,0,1.24
1772996705.711481763,1,0,0.01
1772996706.733499733,0,0,1.24
1772996706.733499733,1,0,0.01
1772996707.755509212,0,0,1.24
1772996707.755509212,1,0,0.01
1772996708.776879865,0,0,1.24
1772996708.776879865,1,0,0.01
1772996709.797886253,0,0,1.24
1772996709.797886253,1,0,0.01
1772996710.820191376,0,0,1.24
1772996710.820191376,1,0,0.01
1772996711.841518135,0,0,1.24
1772996711.841518135,1,0,0.01
1772996712.863262965,0,0,1.24
1772996712.863262965,1,0,0.01
1772996713.884342985,0,0,1.24
1772996713.884342985,1,0,0.01
1772996714.906184153,0,0,1.24
1772996714.906184153,1,0,0.01
1772996715.927785775,0,0,1.24
1772996715.927785775,1,0,0.01
1772996716.949823886,0,0,1.24
1772996716.949823886,1,0,0.01
1772996717.970234064,0,0,1.24
1772996717.970234064,1,0,0.01
1772996718.992195394,0,0,1.24
1772996718.992195394,1,0,0.01
1772996720.011848081,0,0,1.24
1772996720.011848081,1,0,0.01
1772996721.033772495,0,0,1.24
1772996721.033772495,1,0,0.01
1772996722.053949283,0,0,1.24
1772996722.053949283,1,0,0.01
1772996723.074252921,0,0,1.24
1772996723.074252921,1,0,0.01
1772996724.095761794,0,0,1.24
1772996724.095761794,1,0,0.01
1772996725.117065750,0,0,1.24
1772996725.117065750,1,0,0.01
1772996726.137167949,0,0,1.24
1772996726.137167949,1,0,0.01
1772996727.157276067,0,0,1.24
1772996727.157276067,1,0,0.01
1772996728.176934795,0,0,1.24
1772996728.176934795,1,0,0.01
1772996729.196872174,0,0,1.24
1772996729.196872174,1,0,0.01
1772996730.218316875,0,0,1.24
1772996730.218316875,1,0,0.01
1772996731.239502646,0,0,1.24
1772996731.239502646,1,0,0.01
1772996732.261294015,0,0,1.24
1772996732.261294015,1,0,0.01
1772996733.284219302,0,0,1.24
1772996733.284219302,1,0,0.01
1772996734.304694826,0,0,1.24
1772996734.304694826,1,0,0.01
1772996735.326436309,0,0,1.24
1772996735.326436309,1,0,0.01
1772996736.348192343,0,0,1.24
1772996736.348192343,1,0,0.01
1772996737.369212631,0,0,1.24
1772996737.369212631,1,0,0.01
1772996738.390724093,0,0,1.24
1772996738.390724093,1,0,0.01
1772996739.412641023,0,0,1.24
1772996739.412641023,1,0,0.01
1772996740.433754571,0,0,1.24
1772996740.433754571,1,0,0.01
1772996741.455741329,0,0,1.24
1772996741.455741329,1,0,0.01
1772996742.476341972,0,0,1.24
1772996742.476341972,1,0,0.01
1772996743.497714167,0,0,1.24
1772996743.497714167,1,0,0.01
1772996744.519496676,0,0,1.24
1772996744.519496676,1,0,0.01
1772996745.540619672,0,0,1.24
1772996745.540619672,1,0,0.01
1772996746.562814582,0,0,1.24
1772996746.562814582,1,0,0.01
1772996747.583901274,0,0,1.24
1772996747.583901274,1,0,0.01
1772996748.605322058,0,0,1.24
1772996748.605322058,1,0,0.01
1772996749.627429662,0,0,1.24
1772996749.627429662,1,0,0.01
1772996750.648366898,0,0,1.24
1772996750.648366898,1,0,0.01
1772996751.669975734,0,0,1.24
1772996751.669975734,1,0,0.01
1772996752.692507381,0,0,1.24
1772996752.692507381,1,0,0.01
1772996753.713240636,0,0,1.24
1772996753.713240636,1,0,0.01
1772996754.737030132,0,0,1.24
1772996754.737030132,1,0,0.01
1772996755.758592841,0,0,1.24
1772996755.758592841,1,0,0.01
1772996756.778902402,0,0,1.24
1772996756.778902402,1,0,0.01
1772996757.799873655,0,0,1.24
1772996757.799873655,1,0,0.01
1772996758.822423918,0,0,1.24
1772996758.822423918,1,0,0.01
1772996759.842282837,0,0,1.24
1772996759.842282837,1,0,0.01
1772996760.862214128,0,0,1.24
1772996760.862214128,1,0,0.01
1772996761.882890276,0,0,1.24
1772996761.882890276,1,0,0.01
1772996762.903525215,0,0,1.24
1772996762.903525215,1,0,0.01
1772996763.924031792,0,0,1.24
1772996763.924031792,1,0,0.01
1772996764.947615649,0,0,1.24
1772996764.947615649,1,0,0.01
1772996765.967270822,0,0,1.24
1772996765.967270822,1,0,0.01
1772996766.988772632,0,0,1.24
1772996766.988772632,1,0,0.01
1772996768.009949124,0,0,1.24
1772996768.009949124,1,0,0.01
1772996769.032624514,0,0,1.24
1772996769.032624514,1,0,0.01
1772996770.054465855,0,0,1.24
1772996770.054465855,1,0,0.01
1772996771.074297965,0,0,1.24
1772996771.074297965,1,0,0.01
1772996772.094414241,0,0,1.24
1772996772.094414241,1,0,0.01
1772996773.115759719,0,0,1.24
1772996773.115759719,1,0,0.01
1772996774.137211088,0,0,1.24
1772996774.137211088,1,0,0.01
1772996775.158985475,0,0,1.24
1772996775.158985475,1,0,0.01
1772996776.180988258,0,0,1.24
1772996776.180988258,1,0,0.01
1772996777.203044332,0,0,1.24
1772996777.203044332,1,0,0.01
1772996778.224738552,0,0,1.24
1772996778.224738552,1,0,0.01
1772996779.246020658,0,0,1.24
1772996779.246020658,1,0,0.01
1772996780.267589118,0,0,1.24
1772996780.267589118,1,0,0.01
1772996781.288870543,0,0,1.24
1772996781.288870543,1,0,0.01
1772996782.310456818,0,0,1.24
1772996782.310456818,1,0,0.01
1772996783.332468665,0,0,1.24
1772996783.332468665,1,0,0.01
1772996784.354125880,0,0,1.24
1772996784.354125880,1,0,0.01
1772996785.375875544,0,0,1.24
1772996785.375875544,1,0,0.01
1772996786.397366037,0,0,1.24
1772996786.397366037,1,0,0.01
1772996787.419099367,0,0,1.24
1772996787.419099367,1,0,0.01
1772996788.441839441,0,0,1.24
1772996788.441839441,1,0,0.01
1772996789.463424665,0,0,1.24
1772996789.463424665,1,0,0.01
1772996790.484713398,0,0,1.24
1772996790.484713398,1,0,0.01
1772996791.506070765,0,0,1.24
1772996791.506070765,1,0,0.01
1772996792.527605133,0,0,1.24
1772996792.527605133,1,0,0.01
1772996793.547555255,0,0,1.24
1772996793.547555255,1,0,0.01
1772996794.569497964,0,0,1.24
1772996794.569497964,1,0,0.01
1772996795.591291054,0,0,1.24
1772996795.591291054,1,0,0.01
1772996796.612248399,0,0,1.24
1772996796.612248399,1,0,0.01
1772996797.633145185,0,0,1.24
1772996797.633145185,1,0,0.01
1772996798.654710629,0,0,1.24
1772996798.654710629,1,0,0.01
1772996799.676521711,0,0,1.24
1772996799.676521711,1,0,0.01
1772996800.698654171,0,0,1.24
1772996800.698654171,1,0,0.01
1772996801.720196337,0,0,1.24
1772996801.720196337,1,0,0.01
1772996802.742200085,0,0,1.24
1772996802.742200085,1,0,0.01
1772996803.763990257,0,0,1.24
1772996803.763990257,1,0,0.01
1772996804.785561471,0,0,1.24
1772996804.785561471,1,0,0.01
1772996805.806275530,0,0,1.24
1772996805.806275530,1,0,0.01
1772996806.827227360,0,0,1.24
1772996806.827227360,1,0,0.01
1772996807.849290757,0,0,1.24
1772996807.849290757,1,0,0.01
1772996808.870557271,0,0,1.24
1772996808.870557271,1,0,0.01
1772996809.892095004,0,0,1.24
1772996809.892095004,1,0,0.01
1772996810.914223757,0,0,1.24
1772996810.914223757,1,0,0.01
1772996811.935518040,0,0,1.24
1772996811.935518040,1,0,0.01
1772996812.956642575,0,0,1.24
1772996812.956642575,1,0,0.01
1772996813.976184767,0,0,1.24
1772996813.976184767,1,0,0.01
1772996814.997682376,0,0,1.24
1772996814.997682376,1,0,0.01
1772996816.018867377,0,0,1.24
1772996816.018867377,1,0,0.01
1772996817.040767746,0,0,1.24
1772996817.040767746,1,0,0.01
1772996818.062272177,0,0,1.24
1772996818.062272177,1,0,0.01
1772996819.083487103,0,0,1.24
1772996819.083487103,1,0,0.01
1772996820.104851747,0,0,1.24
1772996820.104851747,1,0,0.01
1772996821.126815039,0,0,1.24
1772996821.126815039,1,0,0.01
1772996822.148003930,0,0,1.24
1772996822.148003930,1,0,0.01
1772996823.169255797,0,0,1.24
1772996823.169255797,1,0,0.01
1772996824.191203566,0,0,1.24
1772996824.191203566,1,0,0.01
1772996825.212624618,0,0,1.24
1772996825.212624618,1,0,0.01
1772996826.232742416,0,0,1.24
1772996826.232742416,1,0,0.01
1772996827.254710915,0,0,1.24
1772996827.254710915,1,0,0.01
1772996828.277096794,0,0,1.24
1772996828.277096794,1,0,0.01
1772996829.298789268,0,0,1.24
1772996829.298789268,1,0,0.01
1772996830.320771274,0,0,1.24
1772996830.320771274,1,0,0.01
1772996831.342937939,0,0,1.24
1772996831.342937939,1,0,0.01
1772996832.364187074,0,72,1.24
1772996832.364187074,1,0,0.01
1772996833.385651265,0,69,1.24
1772996833.385651265,1,0,0.01
1772996834.407649917,0,0,1.24
1772996834.407649917,1,0,0.01
1772996835.427797211,0,0,1.24
1772996835.427797211,1,0,0.01
1772996836.449200526,0,0,1.24
1772996836.449200526,1,0,0.01
1772996837.470998941,0,0,1.24
1772996837.470998941,1,0,0.01
1772996838.492704748,0,0,1.24
1772996838.492704748,1,0,0.01
1772996839.513884764,0,0,1.24
1772996839.513884764,1,0,0.01
1772996840.535200051,0,0,1.24
1772996840.535200051,1,0,0.01
1772996841.557102371,0,0,1.24
1772996841.557102371,1,0,0.01
1772996842.578182752,0,0,1.24
1772996842.578182752,1,0,0.01
1772996843.600140210,0,0,1.24
1772996843.600140210,1,0,0.01
1772996844.621340185,0,0,1.24
1772996844.621340185,1,0,0.01
1772996845.643371512,0,0,1.24
1772996845.643371512,1,0,0.01
1772996846.664815658,0,0,1.24
1772996846.664815658,1,0,0.01
1772996847.686719133,0,0,1.24
1772996847.686719133,1,0,0.01
1772996848.708614462,0,0,1.24
1772996848.708614462,1,0,0.01
1772996849.730762533,0,0,1.24
1772996849.730762533,1,0,0.01
1772996850.752332537,0,0,1.24
1772996850.752332537,1,0,0.01
1772996851.773628159,0,0,1.24
1772996851.773628159,1,0,0.01
1772996852.794927672,0,0,1.24
1772996852.794927672,1,0,0.01
1772996853.816075066,0,0,1.24
1772996853.816075066,1,0,0.01
1772996854.837788588,0,0,1.24
1772996854.837788588,1,0,0.01
1772996855.859697680,0,0,1.24
1772996855.859697680,1,0,0.01
1772996856.881304548,0,0,1.24
1772996856.881304548,1,0,0.01
1772996857.902881565,0,0,1.24
1772996857.902881565,1,0,0.01
1772996858.924097985,0,0,1.24
1772996858.924097985,1,0,0.01
1772996859.945154535,0,0,1.24
1772996859.945154535,1,0,0.01
1772996860.966773796,0,0,1.24
1772996860.966773796,1,0,0.01
1772996861.988824900,0,0,1.24
1772996861.988824900,1,0,0.01
1772996863.010310256,0,0,1.24
1772996863.010310256,1,0,0.01
1772996864.031662528,0,0,1.24
1772996864.031662528,1,0,0.01
1772996865.053227302,0,0,1.24
1772996865.053227302,1,0,0.01
1772996866.075089337,0,0,1.24
1772996866.075089337,1,0,0.01
1772996867.097323798,0,0,1.24
1772996867.097323798,1,0,0.01
1772996868.118823932,0,0,1.24
1772996868.118823932,1,0,0.01
1772996869.139094546,0,0,1.24
1772996869.139094546,1,0,0.01
1772996870.161446440,0,0,1.24
1772996870.161446440,1,0,0.01
1772996871.183476217,0,0,1.24
1772996871.183476217,1,0,0.01
1772996872.205054992,0,0,1.24
1772996872.205054992,1,0,0.01
1772996873.226492418,0,0,1.24
1772996873.226492418,1,0,0.01
1772996874.247911783,0,0,1.24
1772996874.247911783,1,0,0.01
1772996875.270083514,0,0,1.24
1772996875.270083514,1,0,0.01
1772996876.291288404,0,0,1.24
1772996876.291288404,1,0,0.01
1772996877.311304246,0,0,1.24
1772996877.311304246,1,0,0.01
1772996878.331417153,0,0,1.24
1772996878.331417153,1,0,0.01
1772996879.351442549,0,0,1.24
1772996879.351442549,1,0,0.01
1772996880.372788627,0,0,1.24
1772996880.372788627,1,0,0.01
1772996881.395143268,0,0,1.24
1772996881.395143268,1,0,0.01
1772996882.416632370,0,0,1.24
1772996882.416632370,1,0,0.01
1772996883.437186097,0,0,1.24
1772996883.437186097,1,0,0.01
1772996884.457145899,0,0,1.24
1772996884.457145899,1,0,0.01
1772996885.478416206,0,0,1.24
1772996885.478416206,1,0,0.01
1772996886.500295999,0,0,1.24
1772996886.500295999,1,0,0.01
1772996887.521345630,0,0,1.24
1772996887.521345630,1,0,0.01
1772996888.542599617,0,0,1.24
1772996888.542599617,1,0,0.01
1772996889.563962048,0,0,1.24
1772996889.563962048,1,0,0.01
1772996890.586196437,0,0,1.24
1772996890.586196437,1,0,0.01
1772996891.607335500,0,0,1.24
1772996891.607335500,1,0,0.01
1772996892.627951473,0,0,1.24
1772996892.627951473,1,0,0.01
1772996893.649396929,0,0,1.24
1772996893.649396929,1,0,0.01
1772996894.669184907,0,0,1.24
1772996894.669184907,1,0,0.01
1772996895.690114353,0,0,1.24
1772996895.690114353,1,0,0.01
1772996896.712300185,0,0,1.24
1772996896.712300185,1,0,0.01
1772996897.733560188,0,0,1.24
1772996897.733560188,1,0,0.01
1772996898.755514289,0,0,1.24
1772996898.755514289,1,0,0.01
1772996899.776676799,0,0,1.24
1772996899.776676799,1,0,0.01
1772996900.796268040,0,0,1.24
1772996900.796268040,1,0,0.01
1772996901.818043147,0,0,1.24
1772996901.818043147,1,0,0.01
1772996902.838514852,0,0,1.24
1772996902.838514852,1,0,0.01
1772996903.860600290,0,0,1.24
1772996903.860600290,1,0,0.01
1772996904.882112871,0,0,1.24
1772996904.882112871,1,0,0.01
1772996905.903215483,0,0,1.24
1772996905.903215483,1,0,0.01
1772996906.924507126,0,0,1.24
1772996906.924507126,1,0,0.01
1772996907.945444111,0,0,1.24
1772996907.945444111,1,0,0.01
1772996908.966145886,0,0,1.24
1772996908.966145886,1,0,0.01
1772996909.987871150,0,0,1.24
1772996909.987871150,1,0,0.01
1772996911.007702802,0,0,1.24
1772996911.007702802,1,0,0.01
1772996912.027915938,0,0,1.24
1772996912.027915938,1,0,0.01
1772996913.049522999,0,0,1.24
1772996913.049522999,1,0,0.01
1772996914.070640632,0,0,1.24
1772996914.070640632,1,0,0.01
1772996915.092273649,0,0,1.24
1772996915.092273649,1,0,0.01
1772996916.113289080,0,0,1.24
1772996916.113289080,1,0,0.01
1772996917.134085222,0,0,1.24
1772996917.134085222,1,0,0.01
1772996918.154189484,0,0,1.24
1772996918.154189484,1,0,0.01
1772996919.175434763,0,0,1.24
1772996919.175434763,1,0,0.01
1772996920.196721331,0,0,1.24
1772996920.196721331,1,0,0.01
1772996921.218731787,0,0,1.24
1772996921.218731787,1,0,0.01
1772996922.241107928,0,0,1.24
1772996922.241107928,1,0,0.01
1772996923.262314823,0,0,1.24
1772996923.262314823,1,0,0.01
1772996924.283618639,0,0,1.24
1772996924.283618639,1,0,0.01
1772996925.304833415,0,0,1.24
1772996925.304833415,1,0,0.01
1772996926.326276545,0,0,1.24
1772996926.326276545,1,0,0.01
1772996927.346625038,0,0,1.24
1772996927.346625038,1,0,0.01
1772996928.367959447,0,0,1.24
1772996928.367959447,1,0,0.01
1772996929.389252259,0,0,1.24
1772996929.389252259,1,0,0.01
1772996930.409243015,0,0,1.24
1772996930.409243015,1,0,0.01
1772996931.429886267,0,0,1.24
1772996931.429886267,1,0,0.01
1772996932.451225576,0,0,1.24
1772996932.451225576,1,0,0.01
1772996933.473051908,0,0,1.24
1772996933.473051908,1,0,0.01
1772996934.494281447,0,0,1.24
1772996934.494281447,1,0,0.01
1772996935.514119696,0,0,1.24
1772996935.514119696,1,0,0.01
1772996936.534997520,0,0,1.24
1772996936.534997520,1,0,0.01
1772996937.556577398,0,0,1.24
1772996937.556577398,1,0,0.01
1772996938.577534099,0,0,1.24
1772996938.577534099,1,0,0.01
1772996939.599434872,0,0,1.24
1772996939.599434872,1,0,0.01
1772996940.620369749,0,0,1.24
1772996940.620369749,1,0,0.01
1772996941.641574018,0,0,1.24
1772996941.641574018,1,0,0.01
1772996942.662963990,0,0,1.24
1772996942.662963990,1,0,0.01
1772996943.685071426,0,0,1.24
1772996943.685071426,1,0,0.01
1772996944.706080590,0,0,1.24
1772996944.706080590,1,0,0.01
1772996945.727463324,0,0,1.24
1772996945.727463324,1,0,0.01
1772996946.748468894,0,0,1.24
1772996946.748468894,1,0,0.01
1772996947.770126390,0,0,1.24
1772996947.770126390,1,0,0.01
1772996948.791269885,0,0,1.24
1772996948.791269885,1,0,0.01
1772996949.811076854,0,0,1.24
1772996949.811076854,1,0,0.01
1772996950.832119470,0,0,1.24
1772996950.832119470,1,0,0.01
1772996951.854457058,0,0,1.24
1772996951.854457058,1,0,0.01
1772996952.875449360,0,0,1.24
1772996952.875449360,1,0,0.01
1772996953.896835957,0,0,1.24
1772996953.896835957,1,0,0.01
1772996954.918798646,0,0,1.24
1772996954.918798646,1,0,0.01
1772996955.939897732,0,0,1.24
1772996955.939897732,1,0,0.01
1772996956.961354952,0,0,1.24
1772996956.961354952,1,0,0.01
1772996957.980992983,0,0,1.24
1772996957.980992983,1,0,0.01
1772996959.003230436,0,0,1.24
1772996959.003230436,1,0,0.01
1772996960.026250748,0,0,1.24
1772996960.026250748,1,0,0.01
1772996961.048770222,0,0,1.24
1772996961.048770222,1,0,0.01
1772996962.070729560,0,0,1.24
1772996962.070729560,1,0,0.01
1772996963.091595124,0,0,1.24
1772996963.091595124,1,0,0.01
1772996964.112621642,0,0,1.24
1772996964.112621642,1,0,0.01
1772996965.133442307,0,0,1.24
1772996965.133442307,1,0,0.01
1772996966.155605633,0,0,1.24
1772996966.155605633,1,0,0.01
1772996967.177384840,0,0,1.24
1772996967.177384840,1,0,0.01
1772996968.198647632,0,0,1.24
1772996968.198647632,1,0,0.01
1772996969.219680839,0,0,1.24
1772996969.219680839,1,0,0.01
1772996970.241303438,0,0,1.24
1772996970.241303438,1,0,0.01
1772996971.262692166,0,0,1.24
1772996971.262692166,1,0,0.01
1772996972.283913715,0,0,1.24
1772996972.283913715,1,0,0.01
1772996973.304613128,0,0,1.24
1772996973.304613128,1,0,0.01
1772996974.325735643,0,0,1.24
1772996974.325735643,1,0,0.01
1772996975.346071835,0,0,1.24
1772996975.346071835,1,0,0.01
1772996976.367718600,0,0,1.24
1772996976.367718600,1,0,0.01
1772996977.388814027,0,0,1.24
1772996977.388814027,1,0,0.01
1772996978.410020911,0,0,1.24
1772996978.410020911,1,0,0.01
1772996979.431469538,0,0,1.24
1772996979.431469538,1,0,0.01
1772996980.452687567,0,0,1.24
1772996980.452687567,1,0,0.01
1772996981.474814365,0,0,1.24
1772996981.474814365,1,0,0.01
1772996982.495764746,0,0,1.24
1772996982.495764746,1,0,0.01
1772996983.516677498,0,0,1.24
1772996983.516677498,1,0,0.01
1772996984.537570775,0,0,1.24
1772996984.537570775,1,0,0.01
1772996985.558876755,0,0,1.24
1772996985.558876755,1,0,0.01
1772996986.579979327,0,0,1.24
1772996986.579979327,1,0,0.01
1772996987.601141867,0,0,1.24
1772996987.601141867,1,0,0.01
1772996988.622262633,0,0,1.24
1772996988.622262633,1,0,0.01
1772996989.642179296,0,0,1.24
1772996989.642179296,1,0,0.01
1772996990.661589410,0,0,1.24
1772996990.661589410,1,0,0.01
1772996991.683158384,0,0,1.24
1772996991.683158384,1,0,0.01
1772996992.705171450,0,0,1.24
1772996992.705171450,1,0,0.01
1772996993.726468781,0,0,1.24
1772996993.726468781,1,0,0.01
1772996994.748054057,0,0,1.24
1772996994.748054057,1,0,0.01
1772996995.768954684,0,0,1.24
1772996995.768954684,1,0,0.01
1772996996.791289748,0,0,1.24
1772996996.791289748,1,0,0.01
1772996997.813229170,0,0,1.24
1772996997.813229170,1,0,0.01
1772996998.833245990,0,0,1.24
1772996998.833245990,1,0,0.01
1772996999.854195864,0,0,1.24
1772996999.854195864,1,0,0.01
1772997000.875651653,0,0,1.24
1772997000.875651653,1,0,0.01
1772997001.897277184,0,0,1.24
1772997001.897277184,1,0,0.01
1772997002.919284606,0,0,1.24
1772997002.919284606,1,0,0.01
1772997003.940924986,0,0,1.24
1772997003.940924986,1,0,0.01
1772997004.962570325,0,0,1.24
1772997004.962570325,1,0,0.01
1772997005.983797450,0,0,1.24
1772997005.983797450,1,0,0.01
1772997007.004280373,0,0,1.24
1772997007.004280373,1,0,0.01
1772997008.025295757,0,0,1.24
1772997008.025295757,1,0,0.01
1772997009.047047525,0,0,1.24
1772997009.047047525,1,0,0.01
1772997010.068750314,0,0,1.24
1772997010.068750314,1,0,0.01
1772997011.089883145,0,0,1.24
1772997011.089883145,1,0,0.01
1772997012.111550066,0,0,1.24
1772997012.111550066,1,0,0.01
1772997013.132577068,0,0,1.24
1772997013.132577068,1,0,0.01
1772997014.153084359,0,0,1.24
1772997014.153084359,1,0,0.01
1772997015.174363026,0,0,1.24
1772997015.174363026,1,0,0.01
1772997016.195061419,0,0,1.24
1772997016.195061419,1,0,0.01
1772997017.217246161,0,0,1.24
1772997017.217246161,1,0,0.01
1772997018.238267200,0,0,1.24
1772997018.238267200,1,0,0.01
1772997019.259779863,0,0,1.24
1772997019.259779863,1,0,0.01
1772997020.280892783,0,0,1.24
1772997020.280892783,1,0,0.01
1772997021.302652187,0,0,1.24
1772997021.302652187,1,0,0.01
1772997022.324215300,0,0,1.24
1772997022.324215300,1,0,0.01
1772997023.344042669,0,0,1.24
1772997023.344042669,1,0,0.01
1772997024.363757912,0,0,1.24
1772997024.363757912,1,0,0.01
1772997025.385911948,0,0,1.24
1772997025.385911948,1,0,0.01
1772997026.407167433,0,0,1.24
1772997026.407167433,1,0,0.01
1772997027.429316380,0,0,1.24
1772997027.429316380,1,0,0.01
1772997028.451030933,0,0,1.24
1772997028.451030933,1,0,0.01
1772997029.472565686,0,0,1.24
1772997029.472565686,1,0,0.01
1772997030.493806909,0,0,1.24
1772997030.493806909,1,0,0.01
1772997031.514425841,0,0,1.24
1772997031.514425841,1,0,0.01
1772997032.534070007,0,0,1.24
1772997032.534070007,1,0,0.01
1772997033.554215993,0,0,1.24
1772997033.554215993,1,0,0.01
1772997034.576565300,0,0,1.24
1772997034.576565300,1,0,0.01
1772997035.597949547,0,0,1.24
1772997035.597949547,1,0,0.01
1772997036.620308166,0,0,1.24
1772997036.620308166,1,0,0.01
1772997037.642044392,0,0,1.24
1772997037.642044392,1,0,0.01
1772997038.664705314,0,0,1.24
1772997038.664705314,1,0,0.01
1772997039.686446975,0,0,1.24
1772997039.686446975,1,0,0.01
1772997040.709295485,0,0,1.24
1772997040.709295485,1,0,0.01
1772997041.731540100,0,0,1.24
1772997041.731540100,1,0,0.01
1772997042.753766469,0,0,1.24
1772997042.753766469,1,0,0.01
1772997043.776331644,0,0,1.24
1772997043.776331644,1,0,0.01
1772997044.797952903,0,0,1.24
1772997044.797952903,1,0,0.01
1772997045.819887681,0,0,1.24
1772997045.819887681,1,0,0.01
1772997046.841329633,0,0,1.24
1772997046.841329633,1,0,0.01
1772997047.863038863,0,0,1.24
1772997047.863038863,1,0,0.01
1772997048.884849137,0,0,1.24
1772997048.884849137,1,0,0.01
1772997049.906092032,0,0,1.24
1772997049.906092032,1,0,0.01
1772997050.928276109,0,0,1.24
1772997050.928276109,1,0,0.01
1772997051.949443048,0,0,1.24
1772997051.949443048,1,0,0.01
1772997052.969979232,0,0,1.24
1772997052.969979232,1,0,0.01
1772997053.991524655,0,0,1.24
1772997053.991524655,1,0,0.01
1772997055.013301723,0,0,1.24
1772997055.013301723,1,0,0.01
1772997056.034513884,0,0,1.24
1772997056.034513884,1,0,0.01
1772997057.056051108,0,0,1.24
1772997057.056051108,1,0,0.01
1772997058.077575800,0,0,1.24
1772997058.077575800,1,0,0.01
1772997059.099111000,0,0,1.24
1772997059.099111000,1,0,0.01
1772997060.120485225,0,0,1.24
1772997060.120485225,1,0,0.01
1772997061.142609287,0,0,1.24
1772997061.142609287,1,0,0.01
1772997062.164936351,0,0,1.24
1772997062.164936351,1,0,0.01
1772997063.186788254,0,0,1.24
1772997063.186788254,1,0,0.01
1772997064.208413093,0,0,1.24
1772997064.208413093,1,0,0.01
1772997065.230024546,0,0,1.24
1772997065.230024546,1,0,0.01
1772997066.251767719,0,0,1.24
1772997066.251767719,1,0,0.01
1772997067.273148333,0,0,1.24
1772997067.273148333,1,0,0.01
1772997068.295619408,0,0,1.24
1772997068.295619408,1,0,0.01
1772997069.317135310,0,0,1.24
1772997069.317135310,1,0,0.01
1772997070.338874083,0,0,1.24
1772997070.338874083,1,0,0.01
1772997071.360281360,0,0,1.24
1772997071.360281360,1,0,0.01
1772997072.382208974,0,0,1.24
1772997072.382208974,1,0,0.01
1772997073.403667911,0,0,1.24
1772997073.403667911,1,0,0.01
1772997074.425168941,0,0,1.24
1772997074.425168941,1,0,0.01
1772997075.447643418,0,0,1.24
1772997075.447643418,1,0,0.01
1772997076.469619661,0,0,1.24
1772997076.469619661,1,0,0.01
1772997077.491587034,0,0,1.24
1772997077.491587034,1,0,0.01
1772997078.513083162,0,0,1.24
1772997078.513083162,1,0,0.01
1772997079.534092184,0,0,1.24
1772997079.534092184,1,0,0.01
1772997080.556584827,0,0,1.24
1772997080.556584827,1,0,0.01
1772997081.577810073,0,0,1.24
1772997081.577810073,1,0,0.01
1772997082.599505549,0,0,1.24
1772997082.599505549,1,0,0.01
1772997083.621233095,0,0,1.24
1772997083.621233095,1,0,0.01
1772997084.642217622,0,0,1.24
1772997084.642217622,1,0,0.01
1772997085.664525923,0,0,1.24
1772997085.664525923,1,0,0.01
1772997086.686319979,0,0,1.24
1772997086.686319979,1,0,0.01
1772997087.707702748,0,0,1.24
1772997087.707702748,1,0,0.01
1772997088.729296271,0,0,1.24
1772997088.729296271,1,0,0.01
1772997089.750057866,0,0,1.24
1772997089.750057866,1,0,0.01
1772997090.772086533,0,0,1.24
1772997090.772086533,1,0,0.01
1772997091.794458683,0,0,1.24
1772997091.794458683,1,0,0.01
1772997092.815629541,0,0,1.24
1772997092.815629541,1,0,0.01
1772997093.837824434,0,0,1.24
1772997093.837824434,1,0,0.01
1772997094.859902022,0,0,1.24
1772997094.859902022,1,0,0.01
1772997095.882361276,0,0,1.24
1772997095.882361276,1,0,0.01
1772997096.904195090,0,0,1.24
1772997096.904195090,1,0,0.01
1772997097.926717049,0,0,1.24
1772997097.926717049,1,0,0.01
1772997098.948823058,0,0,1.24
1772997098.948823058,1,0,0.01
1772997099.970837803,0,0,1.24
1772997099.970837803,1,0,0.01
1772997100.992481928,0,0,1.24
1772997100.992481928,1,0,0.01
1772997102.013967863,0,0,1.24
1772997102.013967863,1,0,0.01
1772997103.035407230,0,0,1.24
1772997103.035407230,1,0,0.01
1772997104.057494116,0,0,1.24
1772997104.057494116,1,0,0.01
1772997105.078925764,0,0,1.24
1772997105.078925764,1,0,0.01
1772997106.100559855,0,0,1.24
1772997106.100559855,1,0,0.01
1772997107.121838084,0,0,1.24
1772997107.121838084,1,0,0.01
1772997108.143724322,0,0,1.24
1772997108.143724322,1,0,0.01
1772997109.165914169,0,0,1.24
1772997109.165914169,1,0,0.01
1772997110.188270666,0,0,1.24
1772997110.188270666,1,0,0.01
1772997111.210770899,0,0,1.24
1772997111.210770899,1,0,0.01
1772997112.232106259,0,0,1.24
1772997112.232106259,1,0,0.01
1772997113.253971522,0,0,1.24
1772997113.253971522,1,0,0.01
1772997114.275825005,0,0,1.24
1772997114.275825005,1,0,0.01
1772997115.298213912,0,0,1.24
1772997115.298213912,1,0,0.01
1772997116.319128790,0,0,1.24
1772997116.319128790,1,0,0.01
1772997117.339858273,0,0,1.24
1772997117.339858273,1,0,0.01
1772997118.361705954,0,0,1.24
1772997118.361705954,1,0,0.01
1772997119.382713143,0,0,1.24
1772997119.382713143,1,0,0.01
1772997120.404140408,0,0,1.24
1772997120.404140408,1,0,0.01
1772997121.425747221,0,0,1.24
1772997121.425747221,1,0,0.01
1772997122.447535682,0,0,1.24
1772997122.447535682,1,0,0.01
1772997123.469199757,0,0,1.24
1772997123.469199757,1,0,0.01
1772997124.490490441,0,0,1.24
1772997124.490490441,1,0,0.01
1772997125.511688519,0,0,1.24
1772997125.511688519,1,0,0.01
1772997126.531757449,0,0,1.24
1772997126.531757449,1,0,0.01
1772997127.553475646,0,0,1.24
1772997127.553475646,1,0,0.01
1772997128.574930799,0,0,1.24
1772997128.574930799,1,0,0.01
1772997129.596409140,0,0,1.24
1772997129.596409140,1,0,0.01
1772997130.618567779,0,0,1.24
1772997130.618567779,1,0,0.01
1772997131.641147177,0,0,1.24
1772997131.641147177,1,0,0.01
1772997132.662906214,0,0,1.24
1772997132.662906214,1,0,0.01
1772997133.684816086,0,0,1.24
1772997133.684816086,1,0,0.01
1772997134.707117598,0,0,1.24
1772997134.707117598,1,0,0.01
1772997135.727882320,0,0,1.24
1772997135.727882320,1,0,0.01
1772997136.748650636,0,0,1.24
1772997136.748650636,1,0,0.01
1772997137.770088633,0,0,1.24
1772997137.770088633,1,0,0.01
1772997138.791480459,0,0,1.24
1772997138.791480459,1,0,0.01
1772997139.813912194,0,0,1.24
1772997139.813912194,1,0,0.01
1772997140.836044727,0,0,1.24
1772997140.836044727,1,0,0.01
1772997141.857974215,0,0,1.24
1772997141.857974215,1,0,0.01
1772997142.879501537,0,0,1.24
1772997142.879501537,1,0,0.01
1772997143.901920776,0,0,1.24
1772997143.901920776,1,0,0.01
1772997144.923088031,0,0,1.24
1772997144.923088031,1,0,0.01
1772997145.944860248,0,0,1.24
1772997145.944860248,1,0,0.01
1772997146.966010687,0,0,1.24
1772997146.966010687,1,0,0.01
1772997147.987551938,0,0,1.24
1772997147.987551938,1,0,0.01
1772997149.009593569,0,0,1.24
1772997149.009593569,1,0,0.01
1772997150.031054720,0,0,1.24
1772997150.031054720,1,0,0.01
1772997151.051582435,0,0,1.24
1772997151.051582435,1,0,0.01
1772997152.072702731,0,0,1.24
1772997152.072702731,1,0,0.01
1772997153.093981858,0,0,1.24
1772997153.093981858,1,0,0.01
1772997154.114074980,0,0,1.24
1772997154.114074980,1,0,0.01
1772997155.135627151,0,0,1.24
1772997155.135627151,1,0,0.01
1772997156.156641501,0,0,1.24
1772997156.156641501,1,0,0.01
1772997157.178784806,0,0,1.24
1772997157.178784806,1,0,0.01
1772997158.200607209,0,0,1.24
1772997158.200607209,1,0,0.01
1772997159.222517651,0,0,1.24
1772997159.222517651,1,0,0.01
1772997160.243981841,0,0,1.24
1772997160.243981841,1,0,0.01
1772997161.265406898,0,0,1.24
1772997161.265406898,1,0,0.01
1772997162.286335211,0,0,1.24
1772997162.286335211,1,0,0.01
1772997163.308188815,0,0,1.24
1772997163.308188815,1,0,0.01
1772997164.329133301,0,0,1.24
1772997164.329133301,1,0,0.01
1772997165.350933145,0,0,1.24
1772997165.350933145,1,0,0.01
1772997166.372761619,0,0,1.24
1772997166.372761619,1,0,0.01
1772997167.394185243,0,0,1.24
1772997167.394185243,1,0,0.01
1772997168.415022795,0,0,1.24
1772997168.415022795,1,0,0.01
1772997169.436173626,0,0,1.24
1772997169.436173626,1,0,0.01
1772997170.457497662,0,0,1.24
1772997170.457497662,1,0,0.01
1772997171.479706720,0,0,1.24
1772997171.479706720,1,0,0.01
1772997172.501672743,0,0,1.24
1772997172.501672743,1,0,0.01
1772997173.524082618,0,0,1.24
1772997173.524082618,1,0,0.01
1772997174.544972828,0,0,1.24
1772997174.544972828,1,0,0.01
1772997175.566802348,0,0,1.24
1772997175.566802348,1,0,0.01
1772997176.587882150,0,0,1.24
1772997176.587882150,1,0,0.01
1772997177.609156177,0,0,1.24
1772997177.609156177,1,0,0.01
1772997178.629686692,0,0,1.24
1772997178.629686692,1,0,0.01
1772997179.651142931,0,0,1.24
1772997179.651142931,1,0,0.01
1772997180.673254610,0,0,1.24
1772997180.673254610,1,0,0.01
1772997181.693894263,0,0,1.24
1772997181.693894263,1,0,0.01
1772997182.715591703,0,0,1.24
1772997182.715591703,1,0,0.01
1772997183.737611146,0,0,1.24
1772997183.737611146,1,0,0.01
1772997184.759054050,0,0,1.24
1772997184.759054050,1,0,0.01
1772997185.781553118,0,0,1.24
1772997185.781553118,1,0,0.01
1772997186.803503639,0,0,1.24
1772997186.803503639,1,0,0.01
1772997187.825364163,0,0,1.24
1772997187.825364163,1,0,0.01
1772997188.847592931,0,0,1.24
1772997188.847592931,1,0,0.01
1772997189.869953415,0,0,1.24
1772997189.869953415,1,0,0.01
1772997190.891081100,0,0,1.24
1772997190.891081100,1,0,0.01
1772997191.912108128,0,0,1.24
1772997191.912108128,1,0,0.01
1772997192.933772057,0,0,1.24
1772997192.933772057,1,0,0.01
1772997193.954755218,0,0,1.24
1772997193.954755218,1,0,0.01
1772997194.975971991,0,0,1.24
1772997194.975971991,1,0,0.01
1772997195.997180407,0,0,1.24
1772997195.997180407,1,0,0.01
1772997197.018331783,0,0,1.24
1772997197.018331783,1,0,0.01
1772997198.040258212,0,0,1.24
1772997198.040258212,1,0,0.01
1772997199.060838696,0,0,1.24
1772997199.060838696,1,0,0.01
1772997200.080894439,0,0,1.24
1772997200.080894439,1,0,0.01
1772997201.102234911,0,0,1.24
1772997201.102234911,1,0,0.01
1772997202.123246703,0,0,1.24
1772997202.123246703,1,0,0.01
1772997203.145257403,0,0,1.24
1772997203.145257403,1,0,0.01
1772997204.166687712,0,0,1.24
1772997204.166687712,1,0,0.01
1772997205.188317436,0,0,1.24
1772997205.188317436,1,0,0.01
1772997206.209655841,0,0,1.24
1772997206.209655841,1,0,0.01
1772997207.230464669,0,0,1.24
1772997207.230464669,1,0,0.01
1772997208.250981441,0,0,1.24
1772997208.250981441,1,0,0.01
1772997209.272715215,0,0,1.24
1772997209.272715215,1,0,0.01
1772997210.293891821,0,0,1.24
1772997210.293891821,1,0,0.01
1772997211.315873256,0,0,1.24
1772997211.315873256,1,0,0.01
1772997212.337157010,0,0,1.24
1772997212.337157010,1,0,0.01
1772997213.358287645,0,0,1.24
1772997213.358287645,1,0,0.01
1772997214.378200684,0,0,1.24
1772997214.378200684,1,0,0.01
1772997215.398865193,0,0,1.24
1772997215.398865193,1,0,0.01
1772997216.420437392,0,0,1.24
1772997216.420437392,1,0,0.01
1772997217.440468882,0,0,1.24
1772997217.440468882,1,0,0.01
1772997218.460288355,0,0,1.24
1772997218.460288355,1,0,0.01
1772997219.481312591,0,0,1.24
1772997219.481312591,1,0,0.01
1772997220.503076920,0,0,1.24
1772997220.503076920,1,0,0.01
1772997221.524976081,0,0,1.24
1772997221.524976081,1,0,0.01
1772997222.545981568,0,0,1.24
1772997222.545981568,1,0,0.01
1772997223.567816801,0,0,1.24
1772997223.567816801,1,0,0.01
1772997224.589145515,0,0,1.24
1772997224.589145515,1,0,0.01
1772997225.610948161,0,0,1.24
1772997225.610948161,1,0,0.01
1772997226.632893638,0,0,1.24
1772997226.632893638,1,0,0.01
1772997227.654792175,0,0,1.24
1772997227.654792175,1,0,0.01
1772997228.676931119,0,0,1.24
1772997228.676931119,1,0,0.01
1772997229.698101043,0,0,1.24
1772997229.698101043,1,0,0.01
1772997230.719207216,0,0,1.24
1772997230.719207216,1,0,0.01
1772997231.741059486,0,0,1.24
1772997231.741059486,1,0,0.01
1772997232.762954062,0,0,1.24
1772997232.762954062,1,0,0.01
1772997233.783939507,0,0,1.24
1772997233.783939507,1,0,0.01
1772997234.803907769,0,0,1.24
1772997234.803907769,1,0,0.01
1772997235.825944384,0,0,1.24
1772997235.825944384,1,0,0.01
1772997236.847299771,0,0,1.24
1772997236.847299771,1,0,0.01
1772997237.868555615,0,0,1.24
1772997237.868555615,1,0,0.01
1772997238.890619886,0,0,1.24
1772997238.890619886,1,0,0.01
1772997239.912300640,0,0,1.24
1772997239.912300640,1,0,0.01
1772997240.933916080,0,0,1.24
1772997240.933916080,1,0,0.01
1772997241.955272966,0,0,1.24
1772997241.955272966,1,0,0.01
1772997242.976264608,0,0,1.24
1772997242.976264608,1,0,0.01
1772997243.999014170,0,0,1.24
1772997243.999014170,1,0,0.01
1772997245.019958364,0,0,1.24
1772997245.019958364,1,0,0.01
1772997246.041913280,0,0,1.24
1772997246.041913280,1,0,0.01
1772997247.063055174,0,0,1.24
1772997247.063055174,1,0,0.01
1772997248.084386281,0,0,1.24
1772997248.084386281,1,0,0.01
1772997249.105894450,0,0,1.24
1772997249.105894450,1,0,0.01
1772997250.127132008,0,0,1.24
1772997250.127132008,1,0,0.01
1772997251.148157985,0,0,1.24
1772997251.148157985,1,0,0.01
1772997252.169245786,0,0,1.24
1772997252.169245786,1,0,0.01
1772997253.189321095,0,0,1.24
1772997253.189321095,1,0,0.01
1772997254.209104813,0,0,1.24
1772997254.209104813,1,0,0.01
1772997255.231145061,0,0,1.24
1772997255.231145061,1,0,0.01
1772997256.252247322,0,0,1.24
1772997256.252247322,1,0,0.01
1772997257.272537367,0,0,1.24
1772997257.272537367,1,0,0.01
1772997258.292683880,0,0,1.24
1772997258.292683880,1,0,0.01
1772997259.313655273,0,0,1.24
1772997259.313655273,1,0,0.01
1772997260.335289147,0,0,1.24
1772997260.335289147,1,0,0.01
1772997261.356877886,0,0,1.24
1772997261.356877886,1,0,0.01
1772997262.378111586,0,0,1.24
1772997262.378111586,1,0,0.01
1772997263.400169413,0,0,1.24
1772997263.400169413,1,0,0.01
1772997264.422501857,0,0,1.24
1772997264.422501857,1,0,0.01
1772997265.444760848,0,0,1.24
1772997265.444760848,1,0,0.01
1772997266.466103402,0,0,1.24
1772997266.466103402,1,0,0.01
1772997267.488118267,0,0,1.24
1772997267.488118267,1,0,0.01
1772997268.509246138,0,0,1.24
1772997268.509246138,1,0,0.01
1772997269.530483197,0,0,1.24
1772997269.530483197,1,0,0.01
1772997270.551276965,0,0,1.24
1772997270.551276965,1,0,0.01
1772997271.573655439,0,0,1.24
1772997271.573655439,1,0,0.01
1772997272.596191985,0,0,1.24
1772997272.596191985,1,0,0.01
1772997273.617865083,0,0,1.24
1772997273.617865083,1,0,0.01
1772997274.639133785,0,0,1.24
1772997274.639133785,1,0,0.01
1772997275.659667227,0,0,1.24
1772997275.659667227,1,0,0.01
1772997276.679557962,0,0,1.24
1772997276.679557962,1,0,0.01
1772997277.699319336,0,0,1.24
1772997277.699319336,1,0,0.01
1772997278.721156580,0,0,1.24
1772997278.721156580,1,0,0.01
1772997279.743414280,0,0,1.24
1772997279.743414280,1,0,0.01
1772997280.765294647,0,0,1.24
1772997280.765294647,1,0,0.01
1772997281.787137924,0,0,1.24
1772997281.787137924,1,0,0.01
1772997282.807542032,0,0,1.24
1772997282.807542032,1,0,0.01
1772997283.829087150,0,0,1.24
1772997283.829087150,1,0,0.01
1772997284.849325558,0,0,1.24
1772997284.849325558,1,0,0.01
1772997285.869598520,0,0,1.24
1772997285.869598520,1,0,0.01
1772997286.891828715,0,0,1.24
1772997286.891828715,1,0,0.01
1772997287.914290480,0,0,1.24
1772997287.914290480,1,0,0.01
1772997288.936108617,0,0,1.24
1772997288.936108617,1,0,0.01
1772997289.956204649,0,0,1.24
1772997289.956204649,1,0,0.01
1772997290.978248116,0,0,1.24
1772997290.978248116,1,0,0.01
1772997291.998360788,0,0,1.24
1772997291.998360788,1,0,0.01
1772997293.019015641,0,0,1.24
1772997293.019015641,1,0,0.01
1772997294.039192831,0,0,1.24
1772997294.039192831,1,0,0.01
1772997295.059309606,0,0,1.24
1772997295.059309606,1,0,0.01
1772997296.079312739,0,0,1.24
1772997296.079312739,1,0,0.01
1772997297.100715566,0,0,1.24
1772997297.100715566,1,0,0.01
1772997298.121797663,0,0,1.24
1772997298.121797663,1,0,0.01
1772997299.143288644,0,0,1.24
1772997299.143288644,1,0,0.01
1772997300.165423560,0,0,1.24
1772997300.165423560,1,0,0.01
1772997301.186304283,0,0,1.24
1772997301.186304283,1,0,0.01
1772997302.207675850,0,0,1.24
1772997302.207675850,1,0,0.01
1772997303.229486319,0,0,1.24
1772997303.229486319,1,0,0.01
1772997304.250848284,0,0,1.24
1772997304.250848284,1,0,0.01
1772997305.272471982,0,0,1.24
1772997305.272471982,1,0,0.01
1772997306.294551153,0,0,1.24
1772997306.294551153,1,0,0.01
1772997307.315990367,0,0,1.24
1772997307.315990367,1,0,0.01
1772997308.337272938,0,0,1.24
1772997308.337272938,1,0,0.01
1772997309.357480290,0,0,1.24
1772997309.357480290,1,0,0.01
1772997310.377975129,0,0,1.24
1772997310.377975129,1,0,0.01
1772997311.400154942,0,0,1.24
1772997311.400154942,1,0,0.01
1772997312.422500960,0,0,1.24
1772997312.422500960,1,0,0.01
1772997313.444531842,0,0,1.24
1772997313.444531842,1,0,0.01
1772997314.465295767,0,0,1.24
1772997314.465295767,1,0,0.01
1772997315.486936298,0,0,1.24
1772997315.486936298,1,0,0.01
1772997316.508762006,0,0,1.24
1772997316.508762006,1,0,0.01
1772997317.529872632,0,0,1.24
1772997317.529872632,1,0,0.01
1772997318.551941292,0,0,1.24
1772997318.551941292,1,0,0.01
1772997319.574319188,0,0,1.24
1772997319.574319188,1,0,0.01
1772997320.596293436,0,0,1.24
1772997320.596293436,1,0,0.01
1772997321.617511849,0,0,1.24
1772997321.617511849,1,0,0.01
1772997322.640870817,0,0,1.24
1772997322.640870817,1,0,0.01
1772997323.662563298,0,0,1.24
1772997323.662563298,1,0,0.01
1772997324.684207298,0,0,1.24
1772997324.684207298,1,0,0.01
1772997325.705291034,0,0,1.24
1772997325.705291034,1,0,0.01
1772997326.726794877,0,0,1.24
1772997326.726794877,1,0,0.01
1772997327.747870217,0,0,1.24
1772997327.747870217,1,0,0.01
1772997328.769885397,0,0,1.24
1772997328.769885397,1,0,0.01
1772997329.791051238,0,0,1.24
1772997329.791051238,1,0,0.01
1772997330.812537150,0,0,1.24
1772997330.812537150,1,0,0.01
1772997331.835198610,0,0,1.24
1772997331.835198610,1,0,0.01
1772997332.856830734,0,0,1.24
1772997332.856830734,1,0,0.01
1772997333.876875950,0,0,1.24
1772997333.876875950,1,0,0.01
1772997334.898088899,0,0,1.24
1772997334.898088899,1,0,0.01
1772997335.919960455,0,0,1.24
1772997335.919960455,1,0,0.01
1772997336.941057440,0,0,1.24
1772997336.941057440,1,0,0.01
1772997337.963081412,0,0,1.24
1772997337.963081412,1,0,0.01
1772997338.984199155,0,0,1.24
1772997338.984199155,1,0,0.01
1772997340.005995275,0,0,1.24
1772997340.005995275,1,0,0.01
1772997341.028043943,0,0,1.24
1772997341.028043943,1,0,0.01
1772997342.050053020,0,0,1.24
1772997342.050053020,1,0,0.01
1772997343.071256133,0,0,1.24
1772997343.071256133,1,0,0.01
1772997344.091900657,0,0,1.24
1772997344.091900657,1,0,0.01
1772997345.113962825,0,0,1.24
1772997345.113962825,1,0,0.01
1772997346.135315257,0,0,1.24
1772997346.135315257,1,0,0.01
1772997347.157314659,0,0,1.24
1772997347.157314659,1,0,0.01
1772997348.178188366,0,0,1.24
1772997348.178188366,1,0,0.01
1772997349.199281929,0,0,1.24
1772997349.199281929,1,0,0.01
1772997350.219867510,0,0,1.24
1772997350.219867510,1,0,0.01
1772997351.240562608,0,0,1.24
1772997351.240562608,1,0,0.01
1772997352.261888574,0,0,1.24
1772997352.261888574,1,0,0.01
1772997353.283747401,0,0,1.24
1772997353.283747401,1,0,0.01
1772997354.304972043,0,0,1.24
1772997354.304972043,1,0,0.01
1772997355.330523514,0,0,1.24
1772997355.330523514,1,0,0.01
1772997356.351466677,0,0,1.24
1772997356.351466677,1,0,0.01
1772997357.371970873,0,0,1.24
1772997357.371970873,1,0,0.01
1772997358.393134512,0,0,1.24
1772997358.393134512,1,0,0.01
1772997359.414265375,0,0,1.24
1772997359.414265375,1,0,0.01
1772997360.435707634,0,0,1.24
1772997360.435707634,1,0,0.01
1772997361.457798269,0,0,1.24
1772997361.457798269,1,0,0.01
1772997362.479217243,0,0,1.24
1772997362.479217243,1,0,0.01
1772997363.500714341,0,0,1.24
1772997363.500714341,1,0,0.01
1772997364.521791696,0,0,1.24
1772997364.521791696,1,0,0.01
1772997365.542310240,0,0,1.24
1772997365.542310240,1,0,0.01
1772997366.568577116,0,0,1.24
1772997366.568577116,1,0,0.01
1772997367.589810944,0,0,1.24
1772997367.589810944,1,0,0.01
1772997368.609781764,0,0,1.24
1772997368.609781764,1,0,0.01
1772997369.630964833,0,0,1.24
1772997369.630964833,1,0,0.01
1772997370.652801834,0,0,1.24
1772997370.652801834,1,0,0.01
1772997371.673965290,0,0,1.24
1772997371.673965290,1,0,0.01
1772997372.695126324,0,0,1.24
1772997372.695126324,1,0,0.01
1772997373.716087409,0,0,1.24
1772997373.716087409,1,0,0.01
1772997374.737789961,0,0,1.24
1772997374.737789961,1,0,0.01
1772997375.760441435,0,0,1.24
1772997375.760441435,1,0,0.01
1772997376.782044001,0,0,1.24
1772997376.782044001,1,0,0.01
1772997377.804234313,0,0,1.24
1772997377.804234313,1,0,0.01
1772997378.826147776,0,0,1.24
1772997378.826147776,1,0,0.01
1772997379.847468731,0,0,1.24
1772997379.847468731,1,0,0.01
1772997380.869664308,0,0,1.24
1772997380.869664308,1,0,0.01
1772997381.891289487,0,0,1.24
1772997381.891289487,1,0,0.01
1772997382.913117538,0,0,1.24
1772997382.913117538,1,0,0.01
1772997383.934198691,0,0,1.24
1772997383.934198691,1,0,0.01
1772997384.956268471,0,0,1.24
1772997384.956268471,1,0,0.01
1772997385.978233620,0,0,1.24
1772997385.978233620,1,0,0.01
1772997386.998295210,0,0,1.24
1772997386.998295210,1,0,0.01
1772997388.018236066,0,0,1.24
1772997388.018236066,1,0,0.01
1772997389.040299635,0,0,1.24
1772997389.040299635,1,0,0.01
1772997390.061968015,0,0,1.24
1772997390.061968015,1,0,0.01
1772997391.082806896,0,0,1.24
1772997391.082806896,1,0,0.01
1772997392.104849957,0,0,1.24
1772997392.104849957,1,0,0.01
1772997393.125977378,0,0,1.24
1772997393.125977378,1,0,0.01
1772997394.147526505,0,0,1.24
1772997394.147526505,1,0,0.01
1772997395.168851319,0,0,1.24
1772997395.168851319,1,0,0.01
1772997396.190437198,0,0,1.24
1772997396.190437198,1,0,0.01
1772997397.211720467,0,0,1.24
1772997397.211720467,1,0,0.01
1772997398.233823333,0,0,1.24
1772997398.233823333,1,0,0.01
1772997399.254956529,0,0,1.24
1772997399.254956529,1,0,0.01
1772997400.274846131,0,0,1.24
1772997400.274846131,1,0,0.01
1772997401.296106552,0,0,1.24
1772997401.296106552,1,0,0.01
1772997402.317394719,0,0,1.24
1772997402.317394719,1,0,0.01
1772997403.339274306,0,0,1.24
1772997403.339274306,1,0,0.01
1772997404.361308523,0,0,1.24
1772997404.361308523,1,0,0.01
1772997405.382288147,0,0,1.24
1772997405.382288147,1,0,0.01
1772997406.403734963,0,0,1.24
1772997406.403734963,1,0,0.01
1772997407.425092152,0,0,1.24
1772997407.425092152,1,0,0.01
1772997408.444970594,0,0,1.24
1772997408.444970594,1,0,0.01
1772997409.466948111,0,0,1.24
1772997409.466948111,1,0,0.01
1772997410.486956751,0,0,1.24
1772997410.486956751,1,0,0.01
1772997411.508419132,0,0,1.24
1772997411.508419132,1,0,0.01
1772997412.530338112,0,0,1.24
1772997412.530338112,1,0,0.01
1772997413.551474083,0,0,1.24
1772997413.551474083,1,0,0.01
1772997414.572980052,0,0,1.24
1772997414.572980052,1,0,0.01
1772997415.594215554,0,0,1.24
1772997415.594215554,1,0,0.01
1772997416.614402314,0,0,1.24
1772997416.614402314,1,0,0.01
1772997417.635849313,0,0,1.24
1772997417.635849313,1,0,0.01
1772997418.657414630,0,0,1.24
1772997418.657414630,1,0,0.01
1772997419.678883359,0,0,1.24
1772997419.678883359,1,0,0.01
1772997420.699928033,0,0,1.24
1772997420.699928033,1,0,0.01
1772997421.721643468,0,0,1.24
1772997421.721643468,1,0,0.01
1772997422.743133320,0,0,1.24
1772997422.743133320,1,0,0.01
1772997423.764248259,0,0,1.24
1772997423.764248259,1,0,0.01
1772997424.784101402,0,0,1.24
1772997424.784101402,1,0,0.01
1772997425.806545941,0,0,1.24
1772997425.806545941,1,0,0.01
1772997426.827910085,0,0,1.24
1772997426.827910085,1,0,0.01
1772997427.849342582,0,0,1.24
1772997427.849342582,1,0,0.01
1772997428.871802702,0,0,1.24
1772997428.871802702,1,0,0.01
1772997429.893938640,0,0,1.24
1772997429.893938640,1,0,0.01
1772997430.915429263,0,0,1.24
1772997430.915429263,1,0,0.01
1772997431.936474820,0,0,1.24
1772997431.936474820,1,0,0.01
1772997432.957477165,0,0,1.24
1772997432.957477165,1,0,0.01
1772997433.978857472,0,0,1.24
1772997433.978857472,1,0,0.01
1772997435.000121927,0,0,1.24
1772997435.000121927,1,0,0.01
1772997436.021150148,0,0,1.24
1772997436.021150148,1,0,0.01
1772997437.043157528,0,0,1.24
1772997437.043157528,1,0,0.01
1772997438.064332373,0,0,1.24
1772997438.064332373,1,0,0.01
1772997439.085626642,0,0,1.24
1772997439.085626642,1,0,0.01
1772997440.107143297,0,0,1.24
1772997440.107143297,1,0,0.01
1772997441.127031869,0,0,1.24
1772997441.127031869,1,0,0.01
1772997442.148345033,0,0,1.24
1772997442.148345033,1,0,0.01
1772997443.169668346,0,0,1.24
1772997443.169668346,1,0,0.01
1772997444.191624975,0,0,1.24
1772997444.191624975,1,0,0.01
1772997445.213151431,0,0,1.24
1772997445.213151431,1,0,0.01
1772997446.234553392,0,0,1.24
1772997446.234553392,1,0,0.01
1772997447.256389472,0,0,1.24
1772997447.256389472,1,0,0.01
1772997448.278168881,0,0,1.24
1772997448.278168881,1,0,0.01
1772997449.299950275,0,0,1.24
1772997449.299950275,1,0,0.01
1772997450.321158586,0,0,1.24
1772997450.321158586,1,0,0.01
1772997451.342996765,0,0,1.24
1772997451.342996765,1,0,0.01
1772997452.365081593,0,0,1.24
1772997452.365081593,1,0,0.01
1772997453.386573986,0,0,1.24
1772997453.386573986,1,0,0.01
1772997454.408704132,0,0,1.24
1772997454.408704132,1,0,0.01
1772997455.430551983,0,0,1.24
1772997455.430551983,1,0,0.01
1772997456.451425947,0,0,1.24
1772997456.451425947,1,0,0.01
1772997457.473280363,0,0,1.24
1772997457.473280363,1,0,0.01
1772997458.494497718,0,0,1.24
1772997458.494497718,1,0,0.01
1772997459.516510490,0,0,1.24
1772997459.516510490,1,0,0.01
1772997460.537614860,0,0,1.24
1772997460.537614860,1,0,0.01
1772997461.557687841,0,0,1.24
1772997461.557687841,1,0,0.01
1772997462.580576945,0,0,1.24
1772997462.580576945,1,0,0.01
1772997463.601710824,0,0,1.24
1772997463.601710824,1,0,0.01
1772997464.621333158,0,0,1.24
1772997464.621333158,1,0,0.01
1772997465.642887017,0,0,1.24
1772997465.642887017,1,0,0.01
1772997466.664112078,0,0,1.24
1772997466.664112078,1,0,0.01
1772997467.686296956,0,0,1.24
1772997467.686296956,1,0,0.01
1772997468.707271498,0,0,1.24
1772997468.707271498,1,0,0.01
1772997469.727432100,0,0,1.24
1772997469.727432100,1,0,0.01
1772997470.747720329,0,0,1.24
1772997470.747720329,1,0,0.01
1772997471.769432166,0,0,1.24
1772997471.769432166,1,0,0.01
1772997472.790590767,0,0,1.24
1772997472.790590767,1,0,0.01
1772997473.812027314,0,0,1.24
1772997473.812027314,1,0,0.01
1772997474.833079486,0,0,1.24
1772997474.833079486,1,0,0.01
1772997475.854295336,0,0,1.24
1772997475.854295336,1,0,0.01
1772997476.875674112,0,0,1.24
1772997476.875674112,1,0,0.01
1772997477.897257034,0,69,1.24
1772997477.897257034,1,0,0.01
1772997478.918140253,0,69,1.24
1772997478.918140253,1,0,0.01
1772997479.938308582,0,0,1.24
1772997479.938308582,1,0,0.01
1772997480.958692742,0,0,1.24
1772997480.958692742,1,0,0.01
1772997481.980838117,0,0,1.24
1772997481.980838117,1,0,0.01
1772997483.002107913,0,0,1.24
1772997483.002107913,1,0,0.01
1772997484.024261689,0,0,1.24
1772997484.024261689,1,0,0.01
1772997485.045854902,0,0,1.24
1772997485.045854902,1,0,0.01
1772997486.067155140,0,0,1.24
1772997486.067155140,1,0,0.01
1772997487.088301715,0,0,1.24
1772997487.088301715,1,0,0.01
1772997488.109935522,0,0,1.24
1772997488.109935522,1,0,0.01
1772997489.131229046,0,0,1.24
1772997489.131229046,1,0,0.01
1772997490.151164625,0,0,1.24
1772997490.151164625,1,0,0.01
1772997491.171710256,0,0,1.24
1772997491.171710256,1,0,0.01
1772997492.193882729,0,0,1.24
1772997492.193882729,1,0,0.01
1772997493.214966346,0,0,1.24
1772997493.214966346,1,0,0.01
1772997494.236571349,0,0,1.24
1772997494.236571349,1,0,0.01
1772997495.257633629,0,0,1.24
1772997495.257633629,1,0,0.01
1772997496.280046511,0,0,1.24
1772997496.280046511,1,0,0.01
1772997497.301254606,0,0,1.24
1772997497.301254606,1,0,0.01
1772997498.320873035,0,0,1.24
1772997498.320873035,1,0,0.01
1772997499.341869376,0,0,1.24
1772997499.341869376,1,0,0.01
1772997500.363893949,0,0,1.24
1772997500.363893949,1,0,0.01
1772997501.384269687,0,0,1.24
1772997501.384269687,1,0,0.01
1772997502.405395192,0,0,1.24
1772997502.405395192,1,0,0.01
1772997503.426756168,0,0,1.24
1772997503.426756168,1,0,0.01
1772997504.448348007,0,0,1.24
1772997504.448348007,1,0,0.01
1772997505.468449987,0,0,1.24
1772997505.468449987,1,0,0.01
1772997506.489944197,0,0,1.24
1772997506.489944197,1,0,0.01
1772997507.510942223,0,0,1.24
1772997507.510942223,1,0,0.01
1772997508.532493321,0,0,1.24
1772997508.532493321,1,0,0.01
1772997509.554372214,0,0,1.24
1772997509.554372214,1,0,0.01
1772997510.576007135,0,0,1.24
1772997510.576007135,1,0,0.01
1772997511.597612813,0,0,1.24
1772997511.597612813,1,0,0.01
1772997512.619547759,0,0,1.24
1772997512.619547759,1,0,0.01
1772997513.640025770,0,0,1.24
1772997513.640025770,1,0,0.01
1772997514.660611519,0,0,1.24
1772997514.660611519,1,0,0.01
1772997515.682569889,0,0,1.24
1772997515.682569889,1,0,0.01
1772997516.703908734,0,0,1.24
1772997516.703908734,1,0,0.01
1772997517.726045884,0,0,1.24
1772997517.726045884,1,0,0.01
1772997518.747492844,0,0,1.24
1772997518.747492844,1,0,0.01
1772997519.769296246,0,0,1.24
1772997519.769296246,1,0,0.01
1772997520.791336076,0,0,1.24
1772997520.791336076,1,0,0.01
1772997521.811779744,0,0,1.24
1772997521.811779744,1,0,0.01
1772997522.831931942,0,0,1.24
1772997522.831931942,1,0,0.01
1772997523.852044481,0,0,1.24
1772997523.852044481,1,0,0.01
1772997524.871860956,0,0,1.24
1772997524.871860956,1,0,0.01
1772997525.892197506,0,0,1.24
1772997525.892197506,1,0,0.01
1772997526.914047287,0,0,1.24
1772997526.914047287,1,0,0.01
1772997527.936277701,0,0,1.24
1772997527.936277701,1,0,0.01
1772997528.957731862,0,0,1.24
1772997528.957731862,1,0,0.01
1772997529.979155635,0,0,1.24
1772997529.979155635,1,0,0.01
1772997531.000455810,0,0,1.24
1772997531.000455810,1,0,0.01
1772997532.021025044,0,0,1.24
1772997532.021025044,1,0,0.01
1772997533.042149131,0,0,1.24
1772997533.042149131,1,0,0.01
1772997534.064194544,0,0,1.24
1772997534.064194544,1,0,0.01
1772997535.085442640,0,0,1.24
1772997535.085442640,1,0,0.01
1772997536.107411496,0,0,1.24
1772997536.107411496,1,0,0.01
1772997537.129075771,0,0,1.24
1772997537.129075771,1,0,0.01
1772997538.151087816,0,0,1.24
1772997538.151087816,1,0,0.01
1772997539.172277682,0,0,1.24
1772997539.172277682,1,0,0.01
1772997540.191981918,0,0,1.24
1772997540.191981918,1,0,0.01
1772997541.211644963,0,0,1.24
1772997541.211644963,1,0,0.01
1772997542.233327552,0,0,1.24
1772997542.233327552,1,0,0.01
1772997543.255096089,0,0,1.24
1772997543.255096089,1,0,0.01
1772997544.276603287,0,0,1.24
1772997544.276603287,1,0,0.01
1772997545.298907063,0,0,1.24
1772997545.298907063,1,0,0.01
1772997546.320626917,0,0,1.24
1772997546.320626917,1,0,0.01
1772997547.342759583,0,0,1.24
1772997547.342759583,1,0,0.01
1772997548.364606408,0,0,1.24
1772997548.364606408,1,0,0.01
1772997549.385629835,0,0,1.24
1772997549.385629835,1,0,0.01
1772997550.407227111,0,0,1.24
1772997550.407227111,1,0,0.01
1772997551.428825191,0,0,1.24
1772997551.428825191,1,0,0.01
1772997552.450617038,0,0,1.24
1772997552.450617038,1,0,0.01
1772997553.471828259,0,0,1.24
1772997553.471828259,1,0,0.01
1772997554.493210832,0,0,1.24
1772997554.493210832,1,0,0.01
1772997555.515478679,0,0,1.24
1772997555.515478679,1,0,0.01
1772997556.537482098,0,0,1.24
1772997556.537482098,1,0,0.01
1772997557.558928167,0,0,1.24
1772997557.558928167,1,0,0.01
1772997558.580945653,0,0,1.24
1772997558.580945653,1,0,0.01
1772997559.602013865,0,0,1.24
1772997559.602013865,1,0,0.01
1772997560.621765767,0,0,1.24
1772997560.621765767,1,0,0.01
1772997561.643183755,0,0,1.24
1772997561.643183755,1,0,0.01
1772997562.665013341,0,0,1.24
1772997562.665013341,1,0,0.01
1772997563.686185774,0,0,1.24
1772997563.686185774,1,0,0.01
1772997564.707071451,0,0,1.24
1772997564.707071451,1,0,0.01
1772997565.729112820,0,0,1.24
1772997565.729112820,1,0,0.01
1772997566.750699805,0,0,1.24
1772997566.750699805,1,0,0.01
1772997567.772525125,0,0,1.24
1772997567.772525125,1,0,0.01
1772997568.793713773,0,0,1.24
1772997568.793713773,1,0,0.01
1772997569.815769176,0,0,1.24
1772997569.815769176,1,0,0.01
1772997570.837623860,0,0,1.24
1772997570.837623860,1,0,0.01
1772997571.859101717,0,0,1.24
1772997571.859101717,1,0,0.01
1772997572.880844547,0,0,1.24
1772997572.880844547,1,0,0.01
1772997573.902313851,0,0,1.24
1772997573.902313851,1,0,0.01
1772997574.924183521,0,0,1.24
1772997574.924183521,1,0,0.01
1772997575.945293882,0,0,1.24
1772997575.945293882,1,0,0.01
1772997576.967173062,0,0,1.24
1772997576.967173062,1,0,0.01
1772997577.988866467,0,0,1.24
1772997577.988866467,1,0,0.01
1772997579.010830335,0,0,1.24
1772997579.010830335,1,0,0.01
1772997580.031760092,0,0,1.24
1772997580.031760092,1,0,0.01
1772997581.053276593,0,0,1.24
1772997581.053276593,1,0,0.01
1772997582.075494431,0,0,1.24
1772997582.075494431,1,0,0.01
1772997583.097016973,0,0,1.24
1772997583.097016973,1,0,0.01
1772997584.117928320,0,0,1.24
1772997584.117928320,1,0,0.01
1772997585.139324982,0,0,1.24
1772997585.139324982,1,0,0.01
1772997586.161645352,0,0,1.24
1772997586.161645352,1,0,0.01
1772997587.183289226,0,0,1.24
1772997587.183289226,1,0,0.01
1772997588.204601827,0,0,1.24
1772997588.204601827,1,0,0.01
1772997589.224657767,0,0,1.24
1772997589.224657767,1,0,0.01
1772997590.246758420,0,0,1.24
1772997590.246758420,1,0,0.01
1772997591.268098776,0,0,1.24
1772997591.268098776,1,0,0.01
1772997592.289334892,0,0,1.24
1772997592.289334892,1,0,0.01
1772997593.311322325,0,0,1.24
1772997593.311322325,1,0,0.01
1772997594.333485942,0,0,1.24
1772997594.333485942,1,0,0.01
1772997595.354989299,0,0,1.24
1772997595.354989299,1,0,0.01
1772997596.377083586,0,0,1.24
1772997596.377083586,1,0,0.01
1772997597.399362283,0,0,1.24
1772997597.399362283,1,0,0.01
1772997598.421137518,0,0,1.24
1772997598.421137518,1,0,0.01
1772997599.442519687,0,0,1.24
1772997599.442519687,1,0,0.01
1772997600.463947638,0,0,1.24
1772997600.463947638,1,0,0.01
1772997601.485508123,0,0,1.24
1772997601.485508123,1,0,0.01
1772997602.507730363,0,0,1.24
1772997602.507730363,1,0,0.01
1772997603.529385203,0,0,1.24
1772997603.529385203,1,0,0.01
1772997604.551189692,0,0,1.24
1772997604.551189692,1,0,0.01
1772997605.573232275,0,0,1.24
1772997605.573232275,1,0,0.01
1772997606.594258232,0,0,1.24
1772997606.594258232,1,0,0.01
1772997607.615870353,0,0,1.24
1772997607.615870353,1,0,0.01
1772997608.637496105,0,0,1.24
1772997608.637496105,1,0,0.01
1772997609.659609544,0,0,1.24
1772997609.659609544,1,0,0.01
1772997610.680972409,0,0,1.24
1772997610.680972409,1,0,0.01
1772997611.703549730,0,0,1.24
1772997611.703549730,1,0,0.01
1772997612.724888884,0,0,1.24
1772997612.724888884,1,0,0.01
1772997613.746270273,0,0,1.24
1772997613.746270273,1,0,0.01
1772997614.767583555,0,0,1.24
1772997614.767583555,1,0,0.01
1772997615.788909925,0,0,1.24
1772997615.788909925,1,0,0.01
1772997616.810822934,0,0,1.24
1772997616.810822934,1,0,0.01
1772997617.832416530,0,0,1.24
1772997617.832416530,1,0,0.01
1772997618.853930421,0,0,1.24
1772997618.853930421,1,0,0.01
1772997619.875577416,0,0,1.24
1772997619.875577416,1,0,0.01
1772997620.896950497,0,0,1.24
1772997620.896950497,1,0,0.01
1772997621.918572321,0,0,1.24
1772997621.918572321,1,0,0.01
1772997622.940020347,0,0,1.24
1772997622.940020347,1,0,0.01
1772997623.962156617,0,0,1.24
1772997623.962156617,1,0,0.01
1772997624.983324634,0,0,1.24
1772997624.983324634,1,0,0.01
1772997626.005230709,0,0,1.24
1772997626.005230709,1,0,0.01
1772997627.026072003,0,0,1.24
1772997627.026072003,1,0,0.01
1772997628.047311142,0,0,1.24
1772997628.047311142,1,0,0.01
1772997629.068955480,0,0,1.24
1772997629.068955480,1,0,0.01
1772997630.090689404,0,0,1.24
1772997630.090689404,1,0,0.01
1772997631.112185926,0,0,1.24
1772997631.112185926,1,0,0.01
1772997632.134692886,0,0,1.24
1772997632.134692886,1,0,0.01
1772997633.155624851,0,0,1.24
1772997633.155624851,1,0,0.01
1772997634.176954592,0,0,1.24
1772997634.176954592,1,0,0.01
1772997635.198052670,0,0,1.24
1772997635.198052670,1,0,0.01
1772997636.220061458,0,0,1.24
1772997636.220061458,1,0,0.01
1772997637.242072646,0,0,1.24
1772997637.242072646,1,0,0.01
1772997638.262126282,0,0,1.24
1772997638.262126282,1,0,0.01
1772997639.283871923,0,0,1.24
1772997639.283871923,1,0,0.01
1772997640.304998980,0,0,1.24
1772997640.304998980,1,0,0.01
1772997641.326494858,0,0,1.24
1772997641.326494858,1,0,0.01
1772997642.348075854,0,0,1.24
1772997642.348075854,1,0,0.01
1772997643.369435975,0,0,1.24
1772997643.369435975,1,0,0.01
1772997644.391200673,0,0,1.24
1772997644.391200673,1,0,0.01
1772997645.413406314,0,0,1.24
1772997645.413406314,1,0,0.01
1772997646.435033784,0,0,1.24
1772997646.435033784,1,0,0.01
1772997647.457103864,0,0,1.24
1772997647.457103864,1,0,0.01
1772997648.478664875,0,0,1.24
1772997648.478664875,1,0,0.01
1772997649.500678889,0,0,1.24
1772997649.500678889,1,0,0.01
1772997650.522182230,0,0,1.24
1772997650.522182230,1,0,0.01
1772997651.544045557,0,0,1.24
1772997651.544045557,1,0,0.01
1772997652.565450261,0,0,1.24
1772997652.565450261,1,0,0.01
1772997653.587693681,0,0,1.24
1772997653.587693681,1,0,0.01
1772997654.607300548,0,0,1.24
1772997654.607300548,1,0,0.01
1772997655.629237096,0,0,1.24
1772997655.629237096,1,0,0.01
1772997656.649758819,0,0,1.24
1772997656.649758819,1,0,0.01
1772997657.670417865,0,0,1.24
1772997657.670417865,1,0,0.01
1772997658.692142352,0,0,1.24
1772997658.692142352,1,0,0.01
1772997659.714149547,0,0,1.24
1772997659.714149547,1,0,0.01
1772997660.735597143,0,0,1.24
1772997660.735597143,1,0,0.01
1772997661.757124873,0,0,1.24
1772997661.757124873,1,0,0.01
1772997662.778523290,0,0,1.24
1772997662.778523290,1,0,0.01
1772997663.799935930,0,0,1.24
1772997663.799935930,1,0,0.01
1772997664.822170492,0,0,1.24
1772997664.822170492,1,0,0.01
1772997665.843443826,0,0,1.24
1772997665.843443826,1,0,0.01
1772997666.865043206,0,0,1.24
1772997666.865043206,1,0,0.01
1772997667.886836531,0,0,1.24
1772997667.886836531,1,0,0.01
1772997668.908364676,0,0,1.24
1772997668.908364676,1,0,0.01
1772997669.930412820,0,0,1.24
1772997669.930412820,1,0,0.01
1772997670.951884743,0,0,1.24
1772997670.951884743,1,0,0.01
1772997671.973708315,0,0,1.24
1772997671.973708315,1,0,0.01
1772997672.995779410,0,0,1.24
1772997672.995779410,1,0,0.01
1772997674.017438702,0,0,1.24
1772997674.017438702,1,0,0.01
1772997675.038955237,0,0,1.24
1772997675.038955237,1,0,0.01
1772997676.060726670,0,0,1.24
1772997676.060726670,1,0,0.01
1772997677.082010533,0,0,1.24
1772997677.082010533,1,0,0.01
1772997678.104256202,0,0,1.24
1772997678.104256202,1,0,0.01
1772997679.125271733,0,0,1.24
1772997679.125271733,1,0,0.01
1772997680.147146317,0,0,1.24
1772997680.147146317,1,0,0.01
1772997681.168460149,0,0,1.24
1772997681.168460149,1,0,0.01
1772997682.189683801,0,0,1.24
1772997682.189683801,1,0,0.01
1772997683.211310702,0,0,1.24
1772997683.211310702,1,0,0.01
1772997684.232394890,0,0,1.24
1772997684.232394890,1,0,0.01
1772997685.253779484,0,0,1.24
1772997685.253779484,1,0,0.01
1772997686.275464369,0,0,1.24
1772997686.275464369,1,0,0.01
1772997687.297367725,0,0,1.24
1772997687.297367725,1,0,0.01
1772997688.319659797,0,0,1.24
1772997688.319659797,1,0,0.01
1772997689.341517739,0,0,1.24
1772997689.341517739,1,0,0.01
1772997690.362992968,0,0,1.24
1772997690.362992968,1,0,0.01
1772997691.384972081,0,0,1.24
1772997691.384972081,1,0,0.01
1772997692.406884258,0,0,1.24
1772997692.406884258,1,0,0.01
1772997693.428912659,0,0,1.24
1772997693.428912659,1,0,0.01
1772997694.451082470,0,0,1.24
1772997694.451082470,1,0,0.01
1772997695.473166271,0,0,1.24
1772997695.473166271,1,0,0.01
1772997696.495431858,0,0,1.24
1772997696.495431858,1,0,0.01
1772997697.516903044,0,0,1.24
1772997697.516903044,1,0,0.01
1772997698.539237356,0,0,1.24
1772997698.539237356,1,0,0.01
1772997699.560251224,0,0,1.24
1772997699.560251224,1,0,0.01
1772997700.581514659,0,0,1.24
1772997700.581514659,1,0,0.01
1772997701.602826331,0,0,1.24
1772997701.602826331,1,0,0.01
1772997702.622962969,0,0,1.24
1772997702.622962969,1,0,0.01
1772997703.645327841,0,0,1.24
1772997703.645327841,1,0,0.01
1772997704.667263090,0,0,1.24
1772997704.667263090,1,0,0.01
1772997705.689055904,0,0,1.24
1772997705.689055904,1,0,0.01
1772997706.711022239,0,0,1.24
1772997706.711022239,1,0,0.01
1772997707.732834293,0,0,1.24
1772997707.732834293,1,0,0.01
1772997708.754500165,0,0,1.24
1772997708.754500165,1,0,0.01
1772997709.776666418,0,0,1.24
1772997709.776666418,1,0,0.01
1772997710.798245420,0,0,1.24
1772997710.798245420,1,0,0.01
1772997711.819124062,0,0,1.24
1772997711.819124062,1,0,0.01
1772997712.840434628,0,0,1.24
1772997712.840434628,1,0,0.01
1772997713.861699833,0,0,1.24
1772997713.861699833,1,0,0.01
1772997714.883686794,0,0,1.24
1772997714.883686794,1,0,0.01
1772997715.905245919,0,0,1.24
1772997715.905245919,1,0,0.01
1772997716.927014596,0,0,1.24
1772997716.927014596,1,0,0.01
1772997717.948041577,0,0,1.24
1772997717.948041577,1,0,0.01
1772997718.969517832,0,0,1.24
1772997718.969517832,1,0,0.01
1772997719.990741149,0,0,1.24
1772997719.990741149,1,0,0.01
1772997721.011960085,0,0,1.24
1772997721.011960085,1,0,0.01
1772997722.033745475,0,0,1.24
1772997722.033745475,1,0,0.01
1772997723.054930500,0,0,1.24
1772997723.054930500,1,0,0.01
1772997724.075999135,0,0,1.24
1772997724.075999135,1,0,0.01
1772997725.097383125,0,0,1.24
1772997725.097383125,1,0,0.01
1772997726.118268071,0,0,1.24
1772997726.118268071,1,0,0.01
1772997727.139604271,0,0,1.24
1772997727.139604271,1,0,0.01
1772997728.161672179,0,0,1.24
1772997728.161672179,1,0,0.01
1772997729.180928321,0,0,1.24
1772997729.180928321,1,0,0.01
1772997730.200644196,0,0,1.24
1772997730.200644196,1,0,0.01
1772997731.220603140,0,0,1.24
1772997731.220603140,1,0,0.01
1772997732.241793537,0,0,1.24
1772997732.241793537,1,0,0.01
1772997733.262893324,0,0,1.24
1772997733.262893324,1,0,0.01
1772997734.282839679,0,0,1.24
1772997734.282839679,1,0,0.01
1772997735.304217084,0,0,1.24
1772997735.304217084,1,0,0.01
1772997736.324708032,0,0,1.24
1772997736.324708032,1,0,0.01
1772997737.346141423,0,0,1.24
1772997737.346141423,1,0,0.01
1772997738.366739815,0,0,1.24
1772997738.366739815,1,0,0.01
1772997739.386537294,0,0,1.24
1772997739.386537294,1,0,0.01
1772997740.405920453,0,0,1.24
1772997740.405920453,1,0,0.01
1772997741.426021127,0,0,1.24
1772997741.426021127,1,0,0.01
1772997742.445451442,0,0,1.24
1772997742.445451442,1,0,0.01
1772997743.464929003,0,0,1.24
1772997743.464929003,1,0,0.01
1772997744.484337683,0,0,1.24
1772997744.484337683,1,0,0.01
1772997745.505789471,0,0,1.24
1772997745.505789471,1,0,0.01
1772997746.527188393,0,0,1.24
1772997746.527188393,1,0,0.01
1772997747.548390922,0,0,1.24
1772997747.548390922,1,0,0.01
1772997748.569638909,0,0,1.24
1772997748.569638909,1,0,0.01
1772997749.590910949,0,0,1.24
1772997749.590910949,1,0,0.01
1772997750.611936681,0,0,1.24
1772997750.611936681,1,0,0.01
1772997751.633154017,0,0,1.24
1772997751.633154017,1,0,0.01
1772997752.654999160,0,0,1.24
1772997752.654999160,1,0,0.01
1772997753.674949947,0,0,1.24
1772997753.674949947,1,0,0.01
1772997754.696338557,0,0,1.24
1772997754.696338557,1,0,0.01
1772997755.717097804,0,0,1.24
1772997755.717097804,1,0,0.01
1772997756.738954558,0,0,1.24
1772997756.738954558,1,0,0.01
1772997757.760936025,0,0,1.24
1772997757.760936025,1,0,0.01
1772997758.781915288,0,0,1.24
1772997758.781915288,1,0,0.01
1772997759.803368300,0,0,1.24
1772997759.803368300,1,0,0.01
1772997760.824729362,0,0,1.24
1772997760.824729362,1,0,0.01
1772997761.846306629,0,0,1.24
1772997761.846306629,1,0,0.01
1772997762.867927091,0,0,1.24
1772997762.867927091,1,0,0.01
1772997763.889506050,0,0,1.24
1772997763.889506050,1,0,0.01
1772997764.910650755,0,0,1.24
1772997764.910650755,1,0,0.01
1772997765.932823353,0,0,1.24
1772997765.932823353,1,0,0.01
1772997766.955392142,0,0,1.24
1772997766.955392142,1,0,0.01
1772997767.977493545,0,0,1.24
1772997767.977493545,1,0,0.01
1772997768.999305651,0,0,1.24
1772997768.999305651,1,0,0.01
1772997770.019864110,0,0,1.24
1772997770.019864110,1,0,0.01
1772997771.039838941,0,0,1.24
1772997771.039838941,1,0,0.01
1772997772.060347023,0,0,1.24
1772997772.060347023,1,0,0.01
1772997773.081609426,0,0,1.24
1772997773.081609426,1,0,0.01
1772997774.102869752,0,0,1.24
1772997774.102869752,1,0,0.01
1772997775.125343214,0,0,1.24
1772997775.125343214,1,0,0.01
1772997776.146587704,0,0,1.24
1772997776.146587704,1,0,0.01
1772997777.167764229,0,0,1.24
1772997777.167764229,1,0,0.01
1772997778.187911040,0,0,1.24
1772997778.187911040,1,0,0.01
1772997779.208838928,0,0,1.24
1772997779.208838928,1,0,0.01
1772997780.230854413,0,0,1.24
1772997780.230854413,1,0,0.01
1772997781.250616118,0,0,1.24
1772997781.250616118,1,0,0.01
1772997782.271777751,0,0,1.24
1772997782.271777751,1,0,0.01
1772997783.291301401,0,0,1.24
1772997783.291301401,1,0,0.01
1772997784.313113676,0,0,1.24
1772997784.313113676,1,0,0.01
1772997785.334342814,0,0,1.24
1772997785.334342814,1,0,0.01
1772997786.356295660,0,0,1.24
1772997786.356295660,1,0,0.01
1772997787.377281992,0,0,1.24
1772997787.377281992,1,0,0.01
1772997788.399218807,0,0,1.24
1772997788.399218807,1,0,0.01
1772997789.420945699,0,0,1.24
1772997789.420945699,1,0,0.01
1772997790.442433453,0,0,1.24
1772997790.442433453,1,0,0.01
1772997791.463624264,0,0,1.24
1772997791.463624264,1,0,0.01
1772997792.484782236,0,0,1.24
1772997792.484782236,1,0,0.01
1772997793.506074418,0,0,1.24
1772997793.506074418,1,0,0.01
1772997794.527450133,0,0,1.24
1772997794.527450133,1,0,0.01
1772997795.549460941,0,0,1.24
1772997795.549460941,1,0,0.01
1772997796.570558592,0,0,1.24
1772997796.570558592,1,0,0.01
1772997797.592565476,0,0,1.24
1772997797.592565476,1,0,0.01
1772997798.613593099,0,0,1.24
1772997798.613593099,1,0,0.01
1772997799.635117536,0,0,1.24
1772997799.635117536,1,0,0.01
1772997800.656836333,0,0,1.24
1772997800.656836333,1,0,0.01
1772997801.678197597,0,0,1.24
1772997801.678197597,1,0,0.01
1772997802.699373437,0,0,1.24
1772997802.699373437,1,0,0.01
1772997803.721084498,0,0,1.24
1772997803.721084498,1,0,0.01
1772997804.742553769,0,0,1.24
1772997804.742553769,1,0,0.01
1772997805.762928671,0,0,1.24
1772997805.762928671,1,0,0.01
1772997806.782379181,0,0,1.24
1772997806.782379181,1,0,0.01
1772997807.801640271,0,0,1.24
1772997807.801640271,1,0,0.01
1772997808.821341369,0,0,1.24
1772997808.821341369,1,0,0.01
1772997809.843385973,0,0,1.24
1772997809.843385973,1,0,0.01
1772997810.864818957,0,0,1.24
1772997810.864818957,1,0,0.01
1772997811.885793392,0,0,1.24
1772997811.885793392,1,0,0.01
1772997812.907562673,0,0,1.24
1772997812.907562673,1,0,0.01
1772997813.927497365,0,0,1.24
1772997813.927497365,1,0,0.01
1772997814.947620910,0,0,1.24
1772997814.947620910,1,0,0.01
1772997815.967056072,0,0,1.24
1772997815.967056072,1,0,0.01
1772997816.986793489,0,0,1.24
1772997816.986793489,1,0,0.01
1772997818.007746777,0,0,1.24
1772997818.007746777,1,0,0.01
1772997819.028732180,0,0,1.24
1772997819.028732180,1,0,0.01
1772997820.048685523,0,0,1.24
1772997820.048685523,1,0,0.01
1772997821.070064636,0,0,1.24
1772997821.070064636,1,0,0.01
1772997822.091271618,0,0,1.24
1772997822.091271618,1,0,0.01
1772997823.112576500,0,0,1.24
1772997823.112576500,1,0,0.01
1772997824.134144261,0,0,1.24
1772997824.134144261,1,0,0.01
1772997825.155432147,0,0,1.24
1772997825.155432147,1,0,0.01
1772997826.175250747,0,0,1.24
1772997826.175250747,1,0,0.01
1772997827.197081250,0,0,1.24
1772997827.197081250,1,0,0.01
1772997828.218242041,0,0,1.24
1772997828.218242041,1,0,0.01
1772997829.239581576,0,0,1.24
1772997829.239581576,1,0,0.01
1772997830.260399194,0,0,1.24
1772997830.260399194,1,0,0.01
1772997831.280126986,0,0,1.24
1772997831.280126986,1,0,0.01
1772997832.301031531,0,0,1.24
1772997832.301031531,1,0,0.01
1772997833.320689851,0,0,1.24
1772997833.320689851,1,0,0.01
1772997834.341040980,0,0,1.24
1772997834.341040980,1,0,0.01
1772997835.362477187,0,0,1.24
1772997835.362477187,1,0,0.01
1772997836.382030761,0,0,1.24
1772997836.382030761,1,0,0.01
1772997837.403315250,0,0,1.24
1772997837.403315250,1,0,0.01
1772997838.424654200,0,0,1.24
1772997838.424654200,1,0,0.01
1772997839.445931854,0,0,1.24
1772997839.445931854,1,0,0.01
1772997840.465914325,0,0,1.24
1772997840.465914325,1,0,0.01
1772997841.486086640,0,0,1.24
1772997841.486086640,1,0,0.01
1772997842.505238890,0,0,1.24
1772997842.505238890,1,0,0.01
1772997843.527335357,0,0,1.24
1772997843.527335357,1,0,0.01
1772997844.548522809,0,0,1.24
1772997844.548522809,1,0,0.01
1772997845.570307527,0,0,1.24
1772997845.570307527,1,0,0.01
1772997846.590687995,0,0,1.24
1772997846.590687995,1,0,0.01
1772997847.611093166,0,0,1.24
1772997847.611093166,1,0,0.01
1772997848.631552045,0,0,1.24
1772997848.631552045,1,0,0.01
1772997849.653293801,0,0,1.24
1772997849.653293801,1,0,0.01
1772997850.675092250,0,0,1.24
1772997850.675092250,1,0,0.01
1772997851.695821786,0,0,1.24
1772997851.695821786,1,0,0.01
1772997852.716742729,0,0,1.24
1772997852.716742729,1,0,0.01
1772997853.738157754,0,0,1.24
1772997853.738157754,1,0,0.01
1772997854.759042129,0,70,1.24
1772997854.759042129,1,0,0.01
1772997855.780834471,0,70,1.24
1772997855.780834471,1,0,0.01
1772997856.802278422,0,0,1.24
1772997856.802278422,1,0,0.01
1772997857.824496991,0,0,1.24
1772997857.824496991,1,0,0.01
1772997858.847164937,0,0,1.24
1772997858.847164937,1,0,0.01
1772997859.868601796,0,0,1.24
1772997859.868601796,1,0,0.01
1772997860.889757958,0,0,1.24
1772997860.889757958,1,0,0.01
1772997861.911314293,0,0,1.24
1772997861.911314293,1,0,0.01
1772997862.932709138,0,0,1.24
1772997862.932709138,1,0,0.01
1772997863.954329228,0,0,1.24
1772997863.954329228,1,0,0.01
1772997864.976313418,0,0,1.24
1772997864.976313418,1,0,0.01
1772997865.998345056,0,0,1.24
1772997865.998345056,1,0,0.01
1772997867.020381204,0,0,1.24
1772997867.020381204,1,0,0.01
1772997868.042258336,0,0,1.24
1772997868.042258336,1,0,0.01
1772997869.062477530,0,0,1.24
1772997869.062477530,1,0,0.01
1772997870.082511530,0,0,1.24
1772997870.082511530,1,0,0.01
1772997871.103919327,0,0,1.24
1772997871.103919327,1,0,0.01
1772997872.125449034,0,0,1.24
1772997872.125449034,1,0,0.01
1772997873.147467908,0,0,1.24
1772997873.147467908,1,0,0.01
1772997874.168675179,0,0,1.24
1772997874.168675179,1,0,0.01
1772997875.190498843,0,0,1.24
1772997875.190498843,1,0,0.01
1772997876.211738092,0,0,1.24
1772997876.211738092,1,0,0.01
1772997877.233632538,0,0,1.24
1772997877.233632538,1,0,0.01
1772997878.255396232,0,0,1.24
1772997878.255396232,1,0,0.01
1772997879.276406137,0,0,1.24
1772997879.276406137,1,0,0.01
1772997880.298280261,0,0,1.24
1772997880.298280261,1,0,0.01
1772997881.318831579,0,0,1.24
1772997881.318831579,1,0,0.01
1772997882.339473976,0,0,1.24
1772997882.339473976,1,0,0.01
1772997883.360703744,0,0,1.24
1772997883.360703744,1,0,0.01
1772997884.382025688,0,0,1.24
1772997884.382025688,1,0,0.01
1772997885.403277963,0,0,1.24
1772997885.403277963,1,0,0.01
1772997886.424574801,0,0,1.24
1772997886.424574801,1,0,0.01
1772997887.445498215,0,0,1.24
1772997887.445498215,1,0,0.01
1772997888.465454959,0,0,1.24
1772997888.465454959,1,0,0.01
1772997889.488011276,0,0,1.24
1772997889.488011276,1,0,0.01
1772997890.509984826,0,0,1.24
1772997890.509984826,1,0,0.01
1772997891.531650834,0,0,1.24
1772997891.531650834,1,0,0.01
1772997892.552452702,0,0,1.24
1772997892.552452702,1,0,0.01
1772997893.573967739,0,0,1.24
1772997893.573967739,1,0,0.01
1772997894.594792151,0,0,1.24
1772997894.594792151,1,0,0.01
1772997895.616975427,0,0,1.24
1772997895.616975427,1,0,0.01
1772997896.638083319,0,0,1.24
1772997896.638083319,1,0,0.01
1772997897.659958838,0,0,1.24
1772997897.659958838,1,0,0.01
1772997898.681447313,0,0,1.24
1772997898.681447313,1,0,0.01
1772997899.702749945,0,0,1.24
1772997899.702749945,1,0,0.01
1772997900.723678134,0,0,1.24
1772997900.723678134,1,0,0.01
1772997901.745317289,0,0,1.24
1772997901.745317289,1,0,0.01
1772997902.766541541,0,0,1.24
1772997902.766541541,1,0,0.01
1772997903.788619375,0,0,1.24
1772997903.788619375,1,0,0.01
1772997904.810286507,0,0,1.24
1772997904.810286507,1,0,0.01
1772997905.831196848,0,0,1.24
1772997905.831196848,1,0,0.01
1772997906.852538679,0,0,1.24
1772997906.852538679,1,0,0.01
1772997907.874127234,0,0,1.24
1772997907.874127234,1,0,0.01
1772997908.895185720,0,0,1.24
1772997908.895185720,1,0,0.01
1772997909.916957569,0,0,1.24
1772997909.916957569,1,0,0.01
1772997910.938490111,0,0,1.24
1772997910.938490111,1,0,0.01
1772997911.960491936,0,0,1.24
1772997911.960491936,1,0,0.01
1772997912.981965755,0,0,1.24
1772997912.981965755,1,0,0.01
1772997914.003154654,0,0,1.24
1772997914.003154654,1,0,0.01
1772997915.024151789,0,0,1.24
1772997915.024151789,1,0,0.01
1772997916.045524167,0,0,1.24
1772997916.045524167,1,0,0.01
1772997917.066605362,0,0,1.24
1772997917.066605362,1,0,0.01
1772997918.086135948,0,0,1.24
1772997918.086135948,1,0,0.01
1772997919.106097190,0,0,1.24
1772997919.106097190,1,0,0.01
1772997920.128047803,0,0,1.24
1772997920.128047803,1,0,0.01
1772997921.148245987,0,0,1.24
1772997921.148245987,1,0,0.01
1772997922.169296138,0,0,1.24
1772997922.169296138,1,0,0.01
1772997923.190590427,0,0,1.24
1772997923.190590427,1,0,0.01
1772997924.211851310,0,0,1.24
1772997924.211851310,1,0,0.01
1772997925.233525529,0,0,1.24
1772997925.233525529,1,0,0.01
1772997926.254723701,0,0,1.24
1772997926.254723701,1,0,0.01
1772997927.275736506,0,0,1.24
1772997927.275736506,1,0,0.01
1772997928.296882729,0,0,1.24
1772997928.296882729,1,0,0.01
1772997929.318185408,0,0,1.24
1772997929.318185408,1,0,0.01
1772997930.339953348,0,0,1.24
1772997930.339953348,1,0,0.01
1772997931.361266241,0,0,1.24
1772997931.361266241,1,0,0.01
1772997932.382509606,0,0,1.24
1772997932.382509606,1,0,0.01
1772997933.404003049,0,0,1.24
1772997933.404003049,1,0,0.01
1772997934.426227457,0,0,1.24
1772997934.426227457,1,0,0.01
1772997935.446023865,0,0,1.24
1772997935.446023865,1,0,0.01
1772997936.465925074,0,0,1.24
1772997936.465925074,1,0,0.01
1772997937.487184707,0,0,1.24
1772997937.487184707,1,0,0.01
1772997938.508663920,0,0,1.24
1772997938.508663920,1,0,0.01
1772997939.530183620,0,0,1.24
1772997939.530183620,1,0,0.01
1772997940.550196889,0,0,1.24
1772997940.550196889,1,0,0.01
1772997941.570123040,0,0,1.24
1772997941.570123040,1,0,0.01
1772997942.591447107,0,0,1.24
1772997942.591447107,1,0,0.01
1772997943.612678432,0,0,1.24
1772997943.612678432,1,0,0.01
1772997944.633940769,0,0,1.24
1772997944.633940769,1,0,0.01
1772997945.655852941,0,0,1.24
1772997945.655852941,1,0,0.01
1772997946.677247550,0,0,1.24
1772997946.677247550,1,0,0.01
1772997947.698473049,0,0,1.24
1772997947.698473049,1,0,0.01
1772997948.719810169,0,0,1.24
1772997948.719810169,1,0,0.01
1772997949.741143915,0,0,1.24
1772997949.741143915,1,0,0.01
1772997950.762294265,0,0,1.24
1772997950.762294265,1,0,0.01
1772997951.784210363,0,0,1.24
1772997951.784210363,1,0,0.01
1772997952.804221202,0,0,1.24
1772997952.804221202,1,0,0.01
1772997953.825140870,0,0,1.24
1772997953.825140870,1,0,0.01
1772997954.846403210,0,0,1.24
1772997954.846403210,1,0,0.01
1772997955.867772949,0,0,1.24
1772997955.867772949,1,0,0.01
1772997956.889075388,0,0,1.24
1772997956.889075388,1,0,0.01
1772997957.910296830,0,0,1.24
1772997957.910296830,1,0,0.01
1772997958.935432012,0,0,1.24
1772997958.935432012,1,0,0.01
1772997959.956774191,0,0,1.24
1772997959.956774191,1,0,0.01
1772997960.976848030,0,0,1.24
1772997960.976848030,1,0,0.01
1772997961.998288851,0,0,1.24
1772997961.998288851,1,0,0.01
1772997963.020904820,0,0,1.24
1772997963.020904820,1,0,0.01
1772997964.041922917,0,0,1.24
1772997964.041922917,1,0,0.01
1772997965.063274677,0,0,1.24
1772997965.063274677,1,0,0.01
1772997966.085017301,0,0,1.24
1772997966.085017301,1,0,0.01
1772997967.106301787,0,0,1.24
1772997967.106301787,1,0,0.01
1772997968.127799606,0,0,1.24
1772997968.127799606,1,0,0.01
1772997969.148807985,0,0,1.24
1772997969.148807985,1,0,0.01
1772997970.170385794,0,0,1.24
1772997970.170385794,1,0,0.01
1772997971.191797939,0,0,1.24
1772997971.191797939,1,0,0.01
1772997972.211990614,0,0,1.24
1772997972.211990614,1,0,0.01
1772997973.233847666,0,0,1.24
1772997973.233847666,1,0,0.01
1772997974.255156029,0,0,1.24
1772997974.255156029,1,0,0.01
1772997975.276752995,0,0,1.24
1772997975.276752995,1,0,0.01
1772997976.297939942,0,0,1.24
1772997976.297939942,1,0,0.01
1772997977.319067203,0,0,1.24
1772997977.319067203,1,0,0.01
1772997978.340453161,0,0,1.24
1772997978.340453161,1,0,0.01
1772997979.361944787,0,0,1.24
1772997979.361944787,1,0,0.01
1772997980.383853355,0,0,1.24
1772997980.383853355,1,0,0.01
1772997981.404914002,0,0,1.24
1772997981.404914002,1,0,0.01
1772997982.425867623,0,0,1.24
1772997982.425867623,1,0,0.01
1772997983.447035896,0,0,1.24
1772997983.447035896,1,0,0.01
1772997984.468136494,0,0,1.24
1772997984.468136494,1,0,0.01
1772997985.489975520,0,0,1.24
1772997985.489975520,1,0,0.01
1772997986.511781045,0,0,1.24
1772997986.511781045,1,0,0.01
1772997987.533363839,0,0,1.24
1772997987.533363839,1,0,0.01
1772997988.554340990,0,0,1.24
1772997988.554340990,1,0,0.01
1772997989.575865066,0,0,1.24
1772997989.575865066,1,0,0.01
1772997990.597168372,0,0,1.24
1772997990.597168372,1,0,0.01
1772997991.618134565,0,0,1.24
1772997991.618134565,1,0,0.01
1772997992.639089398,0,0,1.24
1772997992.639089398,1,0,0.01
1772997993.659167616,0,0,1.24
1772997993.659167616,1,0,0.01
1772997994.681396163,0,0,1.24
1772997994.681396163,1,0,0.01
1772997995.702984812,0,0,1.24
1772997995.702984812,1,0,0.01
1772997996.724046921,0,0,1.24
1772997996.724046921,1,0,0.01
1772997997.745864750,0,0,1.24
1772997997.745864750,1,0,0.01
1772997998.767195764,0,0,1.24
1772997998.767195764,1,0,0.01
1772997999.788117211,0,0,1.24
1772997999.788117211,1,0,0.01
1772998000.809438330,0,0,1.24
1772998000.809438330,1,0,0.01
1772998001.828716350,0,0,1.24
1772998001.828716350,1,0,0.01
1772998002.849251812,0,0,1.24
1772998002.849251812,1,0,0.01
1772998003.871082709,0,0,1.24
1772998003.871082709,1,0,0.01
1772998004.891956599,0,0,1.24
1772998004.891956599,1,0,0.01
1772998005.912579308,0,0,1.24
1772998005.912579308,1,0,0.01
1772998006.932950303,0,0,1.24
1772998006.932950303,1,0,0.01
1772998007.953559087,0,0,1.24
1772998007.953559087,1,0,0.01
1772998008.975178404,0,0,1.24
1772998008.975178404,1,0,0.01
1772998009.996324887,0,0,1.24
1772998009.996324887,1,0,0.01
1772998011.017445719,0,0,1.24
1772998011.017445719,1,0,0.01
1772998012.037271929,0,0,1.24
1772998012.037271929,1,0,0.01
1772998013.056821495,0,0,1.24
1772998013.056821495,1,0,0.01
1772998014.078548252,0,0,1.24
1772998014.078548252,1,0,0.01
1772998015.098646002,0,0,1.24
1772998015.098646002,1,0,0.01
1772998016.121093173,0,0,1.24
1772998016.121093173,1,0,0.01
1772998017.143020916,0,0,1.24
1772998017.143020916,1,0,0.01
1772998018.164225033,0,0,1.24
1772998018.164225033,1,0,0.01
1772998019.184264283,0,0,1.24
1772998019.184264283,1,0,0.01
1772998020.205576033,0,0,1.24
1772998020.205576033,1,0,0.01
1772998021.226567356,0,0,1.24
1772998021.226567356,1,0,0.01
1772998022.247719831,0,0,1.24
1772998022.247719831,1,0,0.01
1772998023.267581044,0,0,1.24
1772998023.267581044,1,0,0.01
1772998024.289314955,0,0,1.24
1772998024.289314955,1,0,0.01
1772998025.310307984,0,0,1.24
1772998025.310307984,1,0,0.01
1772998026.331215914,0,0,1.24
1772998026.331215914,1,0,0.01
1772998027.351830964,0,0,1.24
1772998027.351830964,1,0,0.01
1772998028.372033539,0,0,1.24
1772998028.372033539,1,0,0.01
1772998029.392390329,0,0,1.24
1772998029.392390329,1,0,0.01
1772998030.413027869,0,0,1.24
1772998030.413027869,1,0,0.01
1772998031.434269792,0,0,1.24
1772998031.434269792,1,0,0.01
1772998032.455799696,0,0,1.24
1772998032.455799696,1,0,0.01
1772998033.477601716,0,0,1.24
1772998033.477601716,1,0,0.01
1772998034.498816234,0,0,1.24
1772998034.498816234,1,0,0.01
1772998035.520923754,0,0,1.24
1772998035.520923754,1,0,0.01
1772998036.541881118,0,0,1.24
1772998036.541881118,1,0,0.01
1772998037.563876425,0,0,1.24
1772998037.563876425,1,0,0.01
1772998038.585616468,0,0,1.24
1772998038.585616468,1,0,0.01
1772998039.607082358,0,0,1.24
1772998039.607082358,1,0,0.01
1772998040.628814301,0,0,1.24
1772998040.628814301,1,0,0.01
1772998041.650374870,0,0,1.24
1772998041.650374870,1,0,0.01
1772998042.671416052,0,0,1.24
1772998042.671416052,1,0,0.01
1772998043.692815759,0,0,1.24
1772998043.692815759,1,0,0.01
1772998044.714827085,0,0,1.24
1772998044.714827085,1,0,0.01
1772998045.736407177,0,0,1.24
1772998045.736407177,1,0,0.01
1772998046.757416483,0,0,1.24
1772998046.757416483,1,0,0.01
1772998047.779546626,0,0,1.24
1772998047.779546626,1,0,0.01
1772998048.801366603,0,0,1.24
1772998048.801366603,1,0,0.01
1772998049.822277872,0,0,1.24
1772998049.822277872,1,0,0.01
1772998050.844335162,0,0,1.24
1772998050.844335162,1,0,0.01
1772998051.866104947,0,0,1.24
1772998051.866104947,1,0,0.01
1772998052.887685587,0,0,1.24
1772998052.887685587,1,0,0.01
1772998053.909200497,0,0,1.24
1772998053.909200497,1,0,0.01
1772998054.930249528,0,0,1.24
1772998054.930249528,1,0,0.01
1772998055.952276940,0,0,1.24
1772998055.952276940,1,0,0.01
1772998056.973247122,0,0,1.24
1772998056.973247122,1,0,0.01
1772998057.994878362,0,0,1.24
1772998057.994878362,1,0,0.01
1772998059.015807028,0,0,1.24
1772998059.015807028,1,0,0.01
1772998060.037220134,0,0,1.24
1772998060.037220134,1,0,0.01
1772998061.057413765,0,0,1.24
1772998061.057413765,1,0,0.01
1772998062.079309910,0,0,1.24
1772998062.079309910,1,0,0.01
1772998063.100752451,0,0,1.24
1772998063.100752451,1,0,0.01
1772998064.122536030,0,0,1.24
1772998064.122536030,1,0,0.01
1772998065.144546698,0,0,1.24
1772998065.144546698,1,0,0.01
1772998066.165172123,0,0,1.24
1772998066.165172123,1,0,0.01
1772998067.187150475,0,0,1.24
1772998067.187150475,1,0,0.01
1772998068.208158164,0,0,1.24
1772998068.208158164,1,0,0.01
1772998069.229483279,0,0,1.24
1772998069.229483279,1,0,0.01
1772998070.250537749,0,0,1.24
1772998070.250537749,1,0,0.01
1772998071.271867359,0,0,1.24
1772998071.271867359,1,0,0.01
1772998072.292819044,0,0,1.24
1772998072.292819044,1,0,0.01
1772998073.313995979,0,0,1.24
1772998073.313995979,1,0,0.01
1772998074.335014250,0,0,1.24
1772998074.335014250,1,0,0.01
1772998075.356830595,0,0,1.24
1772998075.356830595,1,0,0.01
1772998076.377625783,0,0,1.24
1772998076.377625783,1,0,0.01
1772998077.398931174,0,0,1.24
1772998077.398931174,1,0,0.01
1772998078.424707265,0,0,1.24
1772998078.424707265,1,0,0.01
1772998079.445874623,0,0,1.24
1772998079.445874623,1,0,0.01
1772998080.465957080,0,0,1.24
1772998080.465957080,1,0,0.01
1772998081.488441602,0,0,1.24
1772998081.488441602,1,0,0.01
1772998082.510047196,0,0,1.24
1772998082.510047196,1,0,0.01
1772998083.531005724,0,0,1.24
1772998083.531005724,1,0,0.01
1772998084.553876200,0,0,1.24
1772998084.553876200,1,0,0.01
1772998085.575222390,0,0,1.24
1772998085.575222390,1,0,0.01
1772998086.596519446,0,0,1.24
1772998086.596519446,1,0,0.01
1772998087.618245424,0,0,1.24
1772998087.618245424,1,0,0.01
1772998088.639916097,0,0,1.24
1772998088.639916097,1,0,0.01
1772998089.662009392,0,0,1.24
1772998089.662009392,1,0,0.01
1772998090.683542750,0,0,1.24
1772998090.683542750,1,0,0.01
1772998091.705029249,0,0,1.24
1772998091.705029249,1,0,0.01
1772998092.726107936,0,0,1.24
1772998092.726107936,1,0,0.01
1772998093.746900449,0,0,1.24
1772998093.746900449,1,0,0.01
1772998094.767954498,0,0,1.24
1772998094.767954498,1,0,0.01
1772998095.789458314,0,0,1.24
1772998095.789458314,1,0,0.01
1772998096.810729516,0,0,1.24
1772998096.810729516,1,0,0.01
1772998097.830836298,0,0,1.24
1772998097.830836298,1,0,0.01
1772998098.851002051,0,0,1.24
1772998098.851002051,1,0,0.01
1772998099.872561428,0,0,1.24
1772998099.872561428,1,0,0.01
1772998100.893609141,0,0,1.24
1772998100.893609141,1,0,0.01
1772998101.915136879,0,0,1.24
1772998101.915136879,1,0,0.01
1772998102.936798350,0,0,1.24
1772998102.936798350,1,0,0.01
1772998103.958187822,0,0,1.24
1772998103.958187822,1,0,0.01
1772998104.980177952,0,0,1.24
1772998104.980177952,1,0,0.01
1772998106.001619432,0,0,1.24
1772998106.001619432,1,0,0.01
1772998107.021707304,0,0,1.24
1772998107.021707304,1,0,0.01
1772998108.042701075,0,0,1.24
1772998108.042701075,1,0,0.01
1772998109.064061200,0,0,1.24
1772998109.064061200,1,0,0.01
1772998110.085392026,0,0,1.24
1772998110.085392026,1,0,0.01
1772998111.105792665,0,0,1.24
1772998111.105792665,1,0,0.01
1772998112.128087734,0,0,1.24
1772998112.128087734,1,0,0.01
1772998113.149421870,0,0,1.24
1772998113.149421870,1,0,0.01
1772998114.170472775,0,0,1.24
1772998114.170472775,1,0,0.01
1772998115.191700553,0,0,1.24
1772998115.191700553,1,0,0.01
1772998116.213133420,0,0,1.24
1772998116.213133420,1,0,0.01
1772998117.234595938,0,0,1.24
1772998117.234595938,1,0,0.01
1772998118.257115463,0,0,1.24
1772998118.257115463,1,0,0.01
1772998119.278548883,0,0,1.24
1772998119.278548883,1,0,0.01
1772998120.300493855,0,0,1.24
1772998120.300493855,1,0,0.01
1772998121.320983734,0,0,1.24
1772998121.320983734,1,0,0.01
1772998122.341839206,0,0,1.24
1772998122.341839206,1,0,0.01
1772998123.362710580,0,0,1.24
1772998123.362710580,1,0,0.01
1772998124.383883958,0,0,1.24
1772998124.383883958,1,0,0.01
1772998125.405735884,0,0,1.24
1772998125.405735884,1,0,0.01
1772998126.427286624,0,0,1.24
1772998126.427286624,1,0,0.01
1772998127.447687985,0,0,1.24
1772998127.447687985,1,0,0.01
1772998128.469437868,0,0,1.24
1772998128.469437868,1,0,0.01
1772998129.490403555,0,0,1.24
1772998129.490403555,1,0,0.01
1772998130.511780825,0,0,1.24
1772998130.511780825,1,0,0.01
1772998131.532748782,0,0,1.24
1772998131.532748782,1,0,0.01
1772998132.553318714,0,0,1.24
1772998132.553318714,1,0,0.01
1772998133.575189329,0,0,1.24
1772998133.575189329,1,0,0.01
1772998134.595283605,0,0,1.24
1772998134.595283605,1,0,0.01
1772998135.615228460,0,0,1.24
1772998135.615228460,1,0,0.01
1772998136.635308471,0,0,1.24
1772998136.635308471,1,0,0.01
1772998137.657329794,0,0,1.24
1772998137.657329794,1,0,0.01
1772998138.678751964,0,0,1.24
1772998138.678751964,1,0,0.01
1772998139.701274178,0,0,1.24
1772998139.701274178,1,0,0.01
1772998140.721595577,0,0,1.24
1772998140.721595577,1,0,0.01
1772998141.741119750,0,0,1.24
1772998141.741119750,1,0,0.01
1772998142.762879464,0,0,1.24
1772998142.762879464,1,0,0.01
1772998143.784162013,0,0,1.24
1772998143.784162013,1,0,0.01
1772998144.805145770,0,0,1.24
1772998144.805145770,1,0,0.01
1772998145.826242287,0,0,1.24
1772998145.826242287,1,0,0.01
1772998146.847403210,0,0,1.24
1772998146.847403210,1,0,0.01
1772998147.869104141,0,0,1.24
1772998147.869104141,1,0,0.01
1772998148.890385826,0,0,1.24
1772998148.890385826,1,0,0.01
1772998149.912172588,0,71,1.24
1772998149.912172588,1,0,0.01
1772998150.933614926,0,65,1.24
1772998150.933614926,1,0,0.01
1772998151.954904307,0,0,1.24
1772998151.954904307,1,0,0.01
1772998152.977244622,0,0,1.24
1772998152.977244622,1,0,0.01
1772998153.998164584,0,0,1.24
1772998153.998164584,1,0,0.01
1772998155.019658483,0,0,1.24
1772998155.019658483,1,0,0.01
1772998156.039484599,0,0,1.24
1772998156.039484599,1,0,0.01
1772998157.060919026,0,0,1.24
1772998157.060919026,1,0,0.01
1772998158.082066464,0,0,1.24
1772998158.082066464,1,0,0.01
1772998159.103306126,0,0,1.24
1772998159.103306126,1,0,0.01
1772998160.124911121,0,0,1.24
1772998160.124911121,1,0,0.01
1772998161.145784316,0,0,1.24
1772998161.145784316,1,0,0.01
1772998162.167511190,0,0,1.24
1772998162.167511190,1,0,0.01
1772998163.189507607,0,0,1.24
1772998163.189507607,1,0,0.01
1772998164.211241416,0,0,1.24
1772998164.211241416,1,0,0.01
1772998165.233003877,0,0,1.24
1772998165.233003877,1,0,0.01
1772998166.254943417,0,0,1.24
1772998166.254943417,1,0,0.01
1772998167.275397147,0,0,1.24
1772998167.275397147,1,0,0.01
1772998168.296878451,0,0,1.24
1772998168.296878451,1,0,0.01
1772998169.318217927,0,0,1.24
1772998169.318217927,1,0,0.01
1772998170.339724175,0,0,1.24
1772998170.339724175,1,0,0.01
1772998171.360996481,0,0,1.24
1772998171.360996481,1,0,0.01
1772998172.382421486,0,0,1.24
1772998172.382421486,1,0,0.01
1772998173.403544964,0,0,1.24
1772998173.403544964,1,0,0.01
1772998174.425051182,0,0,1.24
1772998174.425051182,1,0,0.01
1772998175.446293691,0,0,1.24
1772998175.446293691,1,0,0.01
1772998176.467928926,0,0,1.24
1772998176.467928926,1,0,0.01
1772998177.490148103,0,0,1.24
1772998177.490148103,1,0,0.01
1772998178.512059172,0,0,1.24
1772998178.512059172,1,0,0.01
1772998179.533325135,0,0,1.24
1772998179.533325135,1,0,0.01
1772998180.554580906,0,0,1.24
1772998180.554580906,1,0,0.01
1772998181.576038433,0,0,1.24
1772998181.576038433,1,0,0.01
1772998182.596332120,0,0,1.24
1772998182.596332120,1,0,0.01
1772998183.618273313,0,0,1.24
1772998183.618273313,1,0,0.01
1772998184.638499369,0,0,1.24
1772998184.638499369,1,0,0.01
1772998185.659573648,0,0,1.24
1772998185.659573648,1,0,0.01
1772998186.680303714,0,0,1.24
1772998186.680303714,1,0,0.01
1772998187.702092142,0,0,1.24
1772998187.702092142,1,0,0.01
1772998188.723502786,0,0,1.24
1772998188.723502786,1,0,0.01
1772998189.745112823,0,0,1.24
1772998189.745112823,1,0,0.01
1772998190.765604774,0,0,1.24
1772998190.765604774,1,0,0.01
1772998191.786100878,0,0,1.24
1772998191.786100878,1,0,0.01
1772998192.808066697,0,0,1.24
1772998192.808066697,1,0,0.01
1772998193.829894268,0,0,1.24
1772998193.829894268,1,0,0.01
1772998194.851292264,0,0,1.24
1772998194.851292264,1,0,0.01
1772998195.872542602,0,0,1.24
1772998195.872542602,1,0,0.01
1772998196.894211128,0,0,1.24
1772998196.894211128,1,0,0.01
1772998197.915316032,0,0,1.24
1772998197.915316032,1,0,0.01
1772998198.936169902,0,0,1.24
1772998198.936169902,1,0,0.01
1772998199.958188272,0,0,1.24
1772998199.958188272,1,0,0.01
1772998200.980326245,0,0,1.24
1772998200.980326245,1,0,0.01
1772998202.002298593,0,0,1.24
1772998202.002298593,1,0,0.01
1772998203.023676552,0,0,1.24
1772998203.023676552,1,0,0.01
1772998204.043619256,0,0,1.24
1772998204.043619256,1,0,0.01
1772998205.064421488,0,0,1.24
1772998205.064421488,1,0,0.01
1772998206.085912985,0,0,1.24
1772998206.085912985,1,0,0.01
1772998207.107049023,0,0,1.24
1772998207.107049023,1,0,0.01
1772998208.128629024,0,0,1.24
1772998208.128629024,1,0,0.01
1772998209.150649041,0,0,1.24
1772998209.150649041,1,0,0.01
1772998210.172545830,0,0,1.24
1772998210.172545830,1,0,0.01
1772998211.194306257,0,0,1.24
1772998211.194306257,1,0,0.01
1772998212.215508494,0,0,1.24
1772998212.215508494,1,0,0.01
1772998213.237182630,0,0,1.24
1772998213.237182630,1,0,0.01
1772998214.258198120,0,0,1.24
1772998214.258198120,1,0,0.01
1772998215.279318025,0,0,1.24
1772998215.279318025,1,0,0.01
1772998216.300747055,0,0,1.24
1772998216.300747055,1,0,0.01
1772998217.322986760,0,0,1.24
1772998217.322986760,1,0,0.01
1772998218.344152767,0,0,1.24
1772998218.344152767,1,0,0.01
1772998219.365556213,0,0,1.24
1772998219.365556213,1,0,0.01
1772998220.387645662,0,0,1.24
1772998220.387645662,1,0,0.01
1772998221.409676899,0,0,1.24
1772998221.409676899,1,0,0.01
1772998222.430869047,0,0,1.24
1772998222.430869047,1,0,0.01
1772998223.452528962,0,0,1.24
1772998223.452528962,1,0,0.01
1772998224.474730729,0,0,1.24
1772998224.474730729,1,0,0.01
1772998225.496960706,0,0,1.24
1772998225.496960706,1,0,0.01
1772998226.518296429,0,0,1.24
1772998226.518296429,1,0,0.01
1772998227.538181415,0,0,1.24
1772998227.538181415,1,0,0.01
1772998228.560250489,0,0,1.24
1772998228.560250489,1,0,0.01
1772998229.580568103,0,0,1.24
1772998229.580568103,1,0,0.01
1772998230.602347915,0,0,1.24
1772998230.602347915,1,0,0.01
1772998231.623344018,0,0,1.24
1772998231.623344018,1,0,0.01
1772998232.644498511,0,0,1.24
1772998232.644498511,1,0,0.01
1772998233.665853017,0,0,1.24
1772998233.665853017,1,0,0.01
1772998234.687032041,0,0,1.24
1772998234.687032041,1,0,0.01
1772998235.707221118,0,0,1.24
1772998235.707221118,1,0,0.01
1772998236.728146246,0,0,1.24
1772998236.728146246,1,0,0.01
1772998237.748023913,0,0,1.24
1772998237.748023913,1,0,0.01
1772998238.768031750,0,0,1.24
1772998238.768031750,1,0,0.01
1772998239.787695685,0,0,1.24
1772998239.787695685,1,0,0.01
1772998240.808501184,0,0,1.24
1772998240.808501184,1,0,0.01
1772998241.829813221,0,0,1.24
1772998241.829813221,1,0,0.01
1772998242.851680008,0,0,1.24
1772998242.851680008,1,0,0.01
1772998243.872243118,0,0,1.24
1772998243.872243118,1,0,0.01
1772998244.892418237,0,0,1.24
1772998244.892418237,1,0,0.01
1772998245.913555915,0,0,1.24
1772998245.913555915,1,0,0.01
1772998246.935657095,0,0,1.24
1772998246.935657095,1,0,0.01
1772998247.957430189,0,0,1.24
1772998247.957430189,1,0,0.01
1772998248.977445651,0,0,1.24
1772998248.977445651,1,0,0.01
1772998249.997420311,0,0,1.24
1772998249.997420311,1,0,0.01
1772998251.019371581,0,0,1.24
1772998251.019371581,1,0,0.01
1772998252.041415644,0,0,1.24
1772998252.041415644,1,0,0.01
1772998253.063271312,0,0,1.24
1772998253.063271312,1,0,0.01
1772998254.085799564,0,0,1.24
1772998254.085799564,1,0,0.01
1772998255.106853267,0,0,1.24
1772998255.106853267,1,0,0.01
1772998256.127982734,0,0,1.24
1772998256.127982734,1,0,0.01
1772998257.149130464,0,0,1.24
1772998257.149130464,1,0,0.01
1772998258.170509928,0,0,1.24
1772998258.170509928,1,0,0.01
1772998259.191990631,0,0,1.24
1772998259.191990631,1,0,0.01
1772998260.214445305,0,0,1.24
1772998260.214445305,1,0,0.01
1772998261.236504225,0,0,1.24
1772998261.236504225,1,0,0.01
1772998262.257764504,0,0,1.24
1772998262.257764504,1,0,0.01
1772998263.279114217,0,0,1.24
1772998263.279114217,1,0,0.01
1772998264.300651597,0,0,1.24
1772998264.300651597,1,0,0.01
1772998265.321723487,0,0,1.24
1772998265.321723487,1,0,0.01
1772998266.342610176,0,0,1.24
1772998266.342610176,1,0,0.01
1772998267.364547502,0,0,1.24
1772998267.364547502,1,0,0.01
1772998268.386528709,0,0,1.24
1772998268.386528709,1,0,0.01
1772998269.408442844,0,0,1.24
1772998269.408442844,1,0,0.01
1772998270.429891563,0,0,1.24
1772998270.429891563,1,0,0.01
1772998271.451048508,0,0,1.24
1772998271.451048508,1,0,0.01
1772998272.472337255,0,0,1.24
1772998272.472337255,1,0,0.01
1772998273.493604688,0,0,1.24
1772998273.493604688,1,0,0.01
1772998274.515541736,0,0,1.24
1772998274.515541736,1,0,0.01
1772998275.536902528,0,0,1.24
1772998275.536902528,1,0,0.01
1772998276.558031601,0,0,1.24
1772998276.558031601,1,0,0.01
1772998277.579243342,0,0,1.24
1772998277.579243342,1,0,0.01
1772998278.599497434,0,0,1.24
1772998278.599497434,1,0,0.01
1772998279.620850674,0,0,1.24
1772998279.620850674,1,0,0.01
1772998280.641950996,0,0,1.24
1772998280.641950996,1,0,0.01
1772998281.663299387,0,0,1.24
1772998281.663299387,1,0,0.01
1772998282.685288151,0,0,1.24
1772998282.685288151,1,0,0.01
1772998283.705150961,0,0,1.24
1772998283.705150961,1,0,0.01
1772998284.724979830,0,0,1.24
1772998284.724979830,1,0,0.01
1772998285.746741457,0,0,1.24
1772998285.746741457,1,0,0.01
1772998286.768116749,0,0,1.24
1772998286.768116749,1,0,0.01
1772998287.789123838,0,0,1.24
1772998287.789123838,1,0,0.01
1772998288.810876370,0,0,1.24
1772998288.810876370,1,0,0.01
1772998289.832941950,0,0,1.24
1772998289.832941950,1,0,0.01
1772998290.854712995,0,0,1.24
1772998290.854712995,1,0,0.01
1772998291.875707648,0,0,1.24
1772998291.875707648,1,0,0.01
1772998292.896813953,0,0,1.24
1772998292.896813953,1,0,0.01
1772998293.918150156,0,0,1.24
1772998293.918150156,1,0,0.01
1772998294.939647267,0,0,1.24
1772998294.939647267,1,0,0.01
1772998295.961798036,0,0,1.24
1772998295.961798036,1,0,0.01
1772998296.982800772,0,0,1.24
1772998296.982800772,1,0,0.01
1772998298.004539274,0,0,1.24
1772998298.004539274,1,0,0.01
1772998299.026682708,0,0,1.24
1772998299.026682708,1,0,0.01
1772998300.048091899,0,0,1.24
1772998300.048091899,1,0,0.01
1772998301.069759821,0,0,1.24
1772998301.069759821,1,0,0.01
1772998302.091621874,0,0,1.24
1772998302.091621874,1,0,0.01
1772998303.112796647,0,0,1.24
1772998303.112796647,1,0,0.01
1772998304.133526134,0,0,1.24
1772998304.133526134,1,0,0.01
1772998305.153721995,0,0,1.24
1772998305.153721995,1,0,0.01
1772998306.175250339,0,0,1.24
1772998306.175250339,1,0,0.01
1772998307.195560578,0,0,1.24
1772998307.195560578,1,0,0.01
1772998308.217124040,0,0,1.24
1772998308.217124040,1,0,0.01
1772998309.238781473,0,0,1.24
1772998309.238781473,1,0,0.01
1772998310.260257928,0,0,1.24
1772998310.260257928,1,0,0.01
1772998311.282128809,0,0,1.24
1772998311.282128809,1,0,0.01
1772998312.303298819,0,0,1.24
1772998312.303298819,1,0,0.01
1772998313.325140438,0,0,1.24
1772998313.325140438,1,0,0.01
1772998314.346487860,0,0,1.24
1772998314.346487860,1,0,0.01
1772998315.368683397,0,0,1.24
1772998315.368683397,1,0,0.01
1772998316.388934117,0,0,1.24
1772998316.388934117,1,0,0.01
1772998317.408894935,0,0,1.24
1772998317.408894935,1,0,0.01
1772998318.430603808,0,0,1.24
1772998318.430603808,1,0,0.01
1772998319.451724333,0,0,1.24
1772998319.451724333,1,0,0.01
1772998320.473958966,0,0,1.24
1772998320.473958966,1,0,0.01
1772998321.496005663,0,0,1.24
1772998321.496005663,1,0,0.01
1772998322.517757039,0,0,1.24
1772998322.517757039,1,0,0.01
1772998323.538901467,0,0,1.24
1772998323.538901467,1,0,0.01
1772998324.560011754,0,0,1.24
1772998324.560011754,1,0,0.01
1772998325.581783716,0,0,1.24
1772998325.581783716,1,0,0.01
1772998326.603617230,0,0,1.24
1772998326.603617230,1,0,0.01
1772998327.624650181,0,0,1.24
1772998327.624650181,1,0,0.01
1772998328.644376192,0,0,1.24
1772998328.644376192,1,0,0.01
1772998329.664924655,0,0,1.24
1772998329.664924655,1,0,0.01
1772998330.685897471,0,0,1.24
1772998330.685897471,1,0,0.01
1772998331.707375215,0,0,1.24
1772998331.707375215,1,0,0.01
1772998332.728899489,0,0,1.24
1772998332.728899489,1,0,0.01
1772998333.750098300,0,0,1.24
1772998333.750098300,1,0,0.01
1772998334.771496098,0,0,1.24
1772998334.771496098,1,0,0.01
1772998335.793086101,0,0,1.24
1772998335.793086101,1,0,0.01
1772998336.814524834,0,0,1.24
1772998336.814524834,1,0,0.01
1772998337.835732486,0,0,1.24
1772998337.835732486,1,0,0.01
1772998338.857969030,0,0,1.24
1772998338.857969030,1,0,0.01
1772998339.878648761,0,0,1.24
1772998339.878648761,1,0,0.01
1772998340.899949103,0,0,1.24
1772998340.899949103,1,0,0.01
1772998341.920849666,0,0,1.24
1772998341.920849666,1,0,0.01
1772998342.942111315,0,0,1.24
1772998342.942111315,1,0,0.01
1772998343.963296682,0,0,1.24
1772998343.963296682,1,0,0.01
1772998344.985242033,0,0,1.24
1772998344.985242033,1,0,0.01
1772998346.005542071,0,0,1.24
1772998346.005542071,1,0,0.01
1772998347.026741251,0,0,1.24
1772998347.026741251,1,0,0.01
1772998348.047985164,0,0,1.24
1772998348.047985164,1,0,0.01
1772998349.070173519,0,0,1.24
1772998349.070173519,1,0,0.01
1772998350.091615169,0,0,1.24
1772998350.091615169,1,0,0.01
1772998351.112924077,0,0,1.24
1772998351.112924077,1,0,0.01
1772998352.134008888,0,0,1.24
1772998352.134008888,1,0,0.01
1772998353.155639855,0,0,1.24
1772998353.155639855,1,0,0.01
1772998354.175489139,0,0,1.24
1772998354.175489139,1,0,0.01
1772998355.196847541,0,0,1.24
1772998355.196847541,1,0,0.01
1772998356.216909890,0,0,1.24
1772998356.216909890,1,0,0.01
1772998357.238170349,0,0,1.24
1772998357.238170349,1,0,0.01
1772998358.259903245,0,0,1.24
1772998358.259903245,1,0,0.01
1772998359.281466694,0,0,1.24
1772998359.281466694,1,0,0.01
1772998360.302342355,0,0,1.24
1772998360.302342355,1,0,0.01
1772998361.322059951,0,0,1.24
1772998361.322059951,1,0,0.01
1772998362.343284882,0,0,1.24
1772998362.343284882,1,0,0.01
1772998363.363499980,0,0,1.24
1772998363.363499980,1,0,0.01
1772998364.383489377,0,0,1.24
1772998364.383489377,1,0,0.01
1772998365.404603040,0,0,1.24
1772998365.404603040,1,0,0.01
1772998366.425521907,0,0,1.24
1772998366.425521907,1,0,0.01
1772998367.446547962,0,0,1.24
1772998367.446547962,1,0,0.01
1772998368.467328746,0,0,1.24
1772998368.467328746,1,0,0.01
1772998369.488679910,0,0,1.24
1772998369.488679910,1,0,0.01
1772998370.510534361,0,0,1.24
1772998370.510534361,1,0,0.01
1772998371.532578595,0,0,1.24
1772998371.532578595,1,0,0.01
1772998372.553839670,0,0,1.24
1772998372.553839670,1,0,0.01
1772998373.576031694,0,0,1.24
1772998373.576031694,1,0,0.01
1772998374.596069270,0,0,1.24
1772998374.596069270,1,0,0.01
1772998375.617333494,0,0,1.24
1772998375.617333494,1,0,0.01
1772998376.639337234,0,0,1.24
1772998376.639337234,1,0,0.01
1772998377.661482444,0,0,1.24
1772998377.661482444,1,0,0.01
1772998378.683201799,0,0,1.24
1772998378.683201799,1,0,0.01
1772998379.703229035,0,0,1.24
1772998379.703229035,1,0,0.01
1772998380.724461380,0,0,1.24
1772998380.724461380,1,0,0.01
1772998381.746544686,0,0,1.24
1772998381.746544686,1,0,0.01
1772998382.768369833,0,0,1.24
1772998382.768369833,1,0,0.01
1772998383.789695224,0,0,1.24
1772998383.789695224,1,0,0.01
1772998384.811123746,0,0,1.24
1772998384.811123746,1,0,0.01
1772998385.832522685,0,0,1.24
1772998385.832522685,1,0,0.01
1772998386.854300280,0,0,1.24
1772998386.854300280,1,0,0.01
1772998387.877243967,0,0,1.24
1772998387.877243967,1,0,0.01
1772998388.899255325,0,0,1.24
1772998388.899255325,1,0,0.01
1772998389.921370907,0,0,1.24
1772998389.921370907,1,0,0.01
1772998390.942896451,0,0,1.24
1772998390.942896451,1,0,0.01
1772998391.964290241,0,0,1.24
1772998391.964290241,1,0,0.01
1772998392.985118082,0,0,1.24
1772998392.985118082,1,0,0.01
1772998394.006585081,0,0,1.24
1772998394.006585081,1,0,0.01
1772998395.027768113,0,0,1.24
1772998395.027768113,1,0,0.01
1772998396.049096140,0,0,1.24
1772998396.049096140,1,0,0.01
1772998397.070233768,0,0,1.24
1772998397.070233768,1,0,0.01
1772998398.091466481,0,0,1.24
1772998398.091466481,1,0,0.01
1772998399.114144102,0,0,1.24
1772998399.114144102,1,0,0.01
1772998400.136204002,0,0,1.24
1772998400.136204002,1,0,0.01
1772998401.157528166,0,0,1.24
1772998401.157528166,1,0,0.01
1772998402.179792988,0,0,1.24
1772998402.179792988,1,0,0.01
1772998403.201750052,0,0,1.24
1772998403.201750052,1,0,0.01
1772998404.223508946,0,0,1.24
1772998404.223508946,1,0,0.01
1772998405.245074497,0,0,1.24
1772998405.245074497,1,0,0.01
1772998406.266712827,0,0,1.24
1772998406.266712827,1,0,0.01
1772998407.287662517,0,0,1.24
1772998407.287662517,1,0,0.01
1772998408.309378811,0,0,1.24
1772998408.309378811,1,0,0.01
1772998409.330252333,0,0,1.24
1772998409.330252333,1,0,0.01
1772998410.353141357,0,0,1.24
1772998410.353141357,1,0,0.01
1772998411.373680093,0,0,1.24
1772998411.373680093,1,0,0.01
1772998412.395267597,0,0,1.24
1772998412.395267597,1,0,0.01
1772998413.415232656,0,0,1.24
1772998413.415232656,1,0,0.01
1772998414.437121003,0,0,1.24
1772998414.437121003,1,0,0.01
1772998415.459137026,0,0,1.24
1772998415.459137026,1,0,0.01
1772998416.480898613,0,0,1.24
1772998416.480898613,1,0,0.01
1772998417.501953136,0,0,1.24
1772998417.501953136,1,0,0.01
1772998418.522950111,0,0,1.24
1772998418.522950111,1,0,0.01
1772998419.544463977,0,0,1.24
1772998419.544463977,1,0,0.01
1772998420.565454175,0,0,1.24
1772998420.565454175,1,0,0.01
1772998421.586712714,0,0,1.24
1772998421.586712714,1,0,0.01
1772998422.608581618,0,0,1.24
1772998422.608581618,1,0,0.01
1772998423.629608960,0,0,1.24
1772998423.629608960,1,0,0.01
1772998424.650757186,0,0,1.24
1772998424.650757186,1,0,0.01
1772998425.672640102,0,0,1.24
1772998425.672640102,1,0,0.01
1772998426.693785820,0,0,1.24
1772998426.693785820,1,0,0.01
1772998427.715219223,0,0,1.24
1772998427.715219223,1,0,0.01
1772998428.737229061,0,0,1.24
1772998428.737229061,1,0,0.01
1772998429.758580616,0,0,1.24
1772998429.758580616,1,0,0.01
1772998430.780369250,0,0,1.24
1772998430.780369250,1,0,0.01
1772998431.802202475,0,0,1.24
1772998431.802202475,1,0,0.01
1772998432.823573767,0,0,1.24
1772998432.823573767,1,0,0.01
1772998433.844952797,0,0,1.24
1772998433.844952797,1,0,0.01
1772998434.866789487,0,0,1.24
1772998434.866789487,1,0,0.01
1772998435.887783017,0,0,1.24
1772998435.887783017,1,0,0.01
1772998436.907245255,0,0,1.24
1772998436.907245255,1,0,0.01
1772998437.927114966,0,0,1.24
1772998437.927114966,1,0,0.01
1772998438.948503975,0,0,1.24
1772998438.948503975,1,0,0.01
1772998439.969141183,0,0,1.24
1772998439.969141183,1,0,0.01
1772998440.990098366,0,0,1.24
1772998440.990098366,1,0,0.01
1772998442.012266891,0,0,1.24
1772998442.012266891,1,0,0.01
1772998443.034320696,0,0,1.24
1772998443.034320696,1,0,0.01
1772998444.056479141,0,0,1.24
1772998444.056479141,1,0,0.01
1772998445.077981488,0,0,1.24
1772998445.077981488,1,0,0.01
1772998446.099531587,0,0,1.24
1772998446.099531587,1,0,0.01
1772998447.121325377,0,0,1.24
1772998447.121325377,1,0,0.01
1772998448.142444147,0,0,1.24
1772998448.142444147,1,0,0.01
1772998449.163598478,0,0,1.24
1772998449.163598478,1,0,0.01
1772998450.184713546,0,0,1.24
1772998450.184713546,1,0,0.01
1772998451.207078245,0,0,1.24
1772998451.207078245,1,0,0.01
1772998452.228139986,0,0,1.24
1772998452.228139986,1,0,0.01
1772998453.249896805,0,0,1.24
1772998453.249896805,1,0,0.01
1772998454.271088047,0,0,1.24
1772998454.271088047,1,0,0.01
1772998455.292079960,0,0,1.24
1772998455.292079960,1,0,0.01
1772998456.314120262,0,0,1.24
1772998456.314120262,1,0,0.01
1772998457.335794916,0,0,1.24
1772998457.335794916,1,0,0.01
1772998458.357799138,0,0,1.24
1772998458.357799138,1,0,0.01
1772998459.379128197,0,0,1.24
1772998459.379128197,1,0,0.01
1772998460.399865618,0,0,1.24
1772998460.399865618,1,0,0.01
1772998461.419834355,0,0,1.24
1772998461.419834355,1,0,0.01
1772998462.440930197,0,0,1.24
1772998462.440930197,1,0,0.01
1772998463.463029783,0,0,1.24
1772998463.463029783,1,0,0.01
1772998464.484068715,0,0,1.24
1772998464.484068715,1,0,0.01
1772998465.505004899,0,0,1.24
1772998465.505004899,1,0,0.01
1772998466.526136168,0,0,1.24
1772998466.526136168,1,0,0.01
1772998467.547565437,0,0,1.24
1772998467.547565437,1,0,0.01
1772998468.568757157,0,0,1.24
1772998468.568757157,1,0,0.01
1772998469.589871715,0,0,1.24
1772998469.589871715,1,0,0.01
1772998470.611122220,0,0,1.24
1772998470.611122220,1,0,0.01
1772998471.632452304,0,0,1.24
1772998471.632452304,1,0,0.01
1772998472.653729401,0,0,1.24
1772998472.653729401,1,0,0.01
1772998473.674823467,0,0,1.24
1772998473.674823467,1,0,0.01
1772998474.695904236,0,0,1.24
1772998474.695904236,1,0,0.01
1772998475.717678693,0,0,1.24
1772998475.717678693,1,0,0.01
1772998476.739492415,0,0,1.24
1772998476.739492415,1,0,0.01
1772998477.760853317,0,0,1.24
1772998477.760853317,1,0,0.01
1772998478.781882807,0,0,1.24
1772998478.781882807,1,0,0.01
1772998479.803193459,0,0,1.24
1772998479.803193459,1,0,0.01
1772998480.824701444,0,0,1.24
1772998480.824701444,1,0,0.01
1772998481.845839057,0,0,1.24
1772998481.845839057,1,0,0.01
1772998482.867669655,0,0,1.24
1772998482.867669655,1,0,0.01
1772998483.889040799,0,0,1.24
1772998483.889040799,1,0,0.01
1772998484.909863264,0,0,1.24
1772998484.909863264,1,0,0.01
1772998485.929669560,0,0,1.24
1772998485.929669560,1,0,0.01
1772998486.951073982,0,0,1.24
1772998486.951073982,1,0,0.01
1772998487.972640422,0,0,1.24
1772998487.972640422,1,0,0.01
1772998488.994314692,0,0,1.24
1772998488.994314692,1,0,0.01
1772998490.016017975,0,0,1.24
1772998490.016017975,1,0,0.01
1772998491.037033692,0,0,1.24
1772998491.037033692,1,0,0.01
1772998492.056949045,0,0,1.24
1772998492.056949045,1,0,0.01
1772998493.078930577,0,0,1.24
1772998493.078930577,1,0,0.01
1772998494.099132281,0,0,1.24
1772998494.099132281,1,0,0.01
1772998495.119751300,0,0,1.24
1772998495.119751300,1,0,0.01
1772998496.140052441,0,0,1.24
1772998496.140052441,1,0,0.01
1772998497.160853170,0,0,1.24
1772998497.160853170,1,0,0.01
1772998498.182183992,0,0,1.24
1772998498.182183992,1,0,0.01
1772998499.201767450,0,0,1.24
1772998499.201767450,1,0,0.01
1772998500.222727377,0,0,1.24
1772998500.222727377,1,0,0.01
1772998501.244190663,0,0,1.24
1772998501.244190663,1,0,0.01
1772998502.265693862,0,0,1.24
1772998502.265693862,1,0,0.01
1772998503.287828376,0,0,1.24
1772998503.287828376,1,0,0.01
1772998504.309013565,0,0,1.24
1772998504.309013565,1,0,0.01
1772998505.330548047,0,0,1.24
1772998505.330548047,1,0,0.01
1772998506.352209896,0,0,1.24
1772998506.352209896,1,0,0.01
1772998507.373789550,0,0,1.24
1772998507.373789550,1,0,0.01
1772998508.394178882,0,0,1.24
1772998508.394178882,1,0,0.01
1772998509.413725163,0,0,1.24
1772998509.413725163,1,0,0.01
1772998510.433369770,0,0,1.24
1772998510.433369770,1,0,0.01
1772998511.454106753,0,0,1.24
1772998511.454106753,1,0,0.01
1772998512.474982067,0,0,1.24
1772998512.474982067,1,0,0.01
1772998513.495435670,0,0,1.24
1772998513.495435670,1,0,0.01
1772998514.515914007,0,0,1.24
1772998514.515914007,1,0,0.01
1772998515.537868936,0,0,1.24
1772998515.537868936,1,0,0.01
1772998516.558333404,0,0,1.24
1772998516.558333404,1,0,0.01
1772998517.579162170,0,0,1.24
1772998517.579162170,1,0,0.01
1772998518.600895129,0,0,1.24
1772998518.600895129,1,0,0.01
1772998519.623067738,0,0,1.24
1772998519.623067738,1,0,0.01
1772998520.644962022,0,0,1.24
1772998520.644962022,1,0,0.01
1772998521.665682206,0,0,1.24
1772998521.665682206,1,0,0.01
1772998522.685776866,0,0,1.24
1772998522.685776866,1,0,0.01
1772998523.707469934,0,0,1.24
1772998523.707469934,1,0,0.01
1772998524.728948287,0,0,1.24
1772998524.728948287,1,0,0.01
1772998525.750971348,0,0,1.24
1772998525.750971348,1,0,0.01
1772998526.772491538,0,0,1.24
1772998526.772491538,1,0,0.01
1772998527.794290230,0,0,1.24
1772998527.794290230,1,0,0.01
1772998528.815553322,0,0,1.24
1772998528.815553322,1,0,0.01
1772998529.837415603,0,0,1.24
1772998529.837415603,1,0,0.01
1772998530.858061458,0,0,1.24
1772998530.858061458,1,0,0.01
1772998531.880092287,0,0,1.24
1772998531.880092287,1,0,0.01
1772998532.901969565,0,0,1.24
1772998532.901969565,1,0,0.01
1772998533.923480850,0,0,1.24
1772998533.923480850,1,0,0.01
1772998534.944461936,0,0,1.24
1772998534.944461936,1,0,0.01
1772998535.966028385,0,0,1.24
1772998535.966028385,1,0,0.01
1772998536.987915793,0,0,1.24
1772998536.987915793,1,0,0.01
1772998538.009501424,0,0,1.24
1772998538.009501424,1,0,0.01
1772998539.031611581,0,0,1.24
1772998539.031611581,1,0,0.01
1772998540.053106886,0,0,1.24
1772998540.053106886,1,0,0.01
1772998541.075258863,0,0,1.24
1772998541.075258863,1,0,0.01
1772998542.096318884,0,0,1.24
1772998542.096318884,1,0,0.01
1772998543.117912398,0,0,1.24
1772998543.117912398,1,0,0.01
1772998544.139181084,0,0,1.24
1772998544.139181084,1,0,0.01
1772998545.161058997,0,0,1.24
1772998545.161058997,1,0,0.01
1772998546.182065324,0,0,1.24
1772998546.182065324,1,0,0.01
1772998547.204363225,0,0,1.24
1772998547.204363225,1,0,0.01
1772998548.225276094,0,0,1.24
1772998548.225276094,1,0,0.01
1772998549.247103443,0,0,1.24
1772998549.247103443,1,0,0.01
1772998550.267876392,0,0,1.24
1772998550.267876392,1,0,0.01
1772998551.289466748,0,0,1.24
1772998551.289466748,1,0,0.01
1772998552.311327154,0,0,1.24
1772998552.311327154,1,0,0.01
1772998553.332241332,0,0,1.24
1772998553.332241332,1,0,0.01
1772998554.352897563,0,0,1.24
1772998554.352897563,1,0,0.01
1772998555.372745549,0,0,1.24
1772998555.372745549,1,0,0.01
1772998556.394636187,0,0,1.24
1772998556.394636187,1,0,0.01
1772998557.416076805,0,0,1.24
1772998557.416076805,1,0,0.01
1772998558.438121027,0,0,1.24
1772998558.438121027,1,0,0.01
1772998559.459115026,0,0,1.24
1772998559.459115026,1,0,0.01
1772998560.480492990,0,0,1.24
1772998560.480492990,1,0,0.01
1772998561.501790542,0,0,1.24
1772998561.501790542,1,0,0.01
1772998562.523665594,0,0,1.24
1772998562.523665594,1,0,0.01
1772998563.544610301,0,0,1.24
1772998563.544610301,1,0,0.01
1772998564.567238183,0,0,1.24
1772998564.567238183,1,0,0.01
1772998565.588285158,0,0,1.24
1772998565.588285158,1,0,0.01
1772998566.609809568,0,0,1.24
1772998566.609809568,1,0,0.01
1772998567.631960359,0,0,1.24
1772998567.631960359,1,0,0.01
1772998568.653555375,0,0,1.24
1772998568.653555375,1,0,0.01
1772998569.675315648,0,0,1.24
1772998569.675315648,1,0,0.01
1772998570.698739034,0,0,1.24
1772998570.698739034,1,0,0.01
1772998571.720280299,0,0,1.24
1772998571.720280299,1,0,0.01
1772998572.742296991,0,0,1.24
1772998572.742296991,1,0,0.01
1772998573.764210869,0,0,1.24
1772998573.764210869,1,0,0.01
1772998574.785560348,0,0,1.24
1772998574.785560348,1,0,0.01
1772998575.807115719,0,0,1.24
1772998575.807115719,1,0,0.01
1772998576.829241220,0,0,1.24
1772998576.829241220,1,0,0.01
1772998577.849404306,0,0,1.24
1772998577.849404306,1,0,0.01
1772998578.871389890,0,0,1.24
1772998578.871389890,1,0,0.01
1772998579.892114717,0,0,1.24
1772998579.892114717,1,0,0.01
1772998580.913832477,0,0,1.24
1772998580.913832477,1,0,0.01
1772998581.935137564,0,0,1.24
1772998581.935137564,1,0,0.01
1772998582.955273433,0,0,1.24
1772998582.955273433,1,0,0.01
1772998583.975282287,0,0,1.24
1772998583.975282287,1,0,0.01
1772998584.995031788,0,0,1.24
1772998584.995031788,1,0,0.01
1772998586.017235073,0,0,1.24
1772998586.017235073,1,0,0.01
1772998587.038546005,0,0,1.24
1772998587.038546005,1,0,0.01
1772998588.060074072,0,0,1.24
1772998588.060074072,1,0,0.01
1772998589.080323089,0,0,1.24
1772998589.080323089,1,0,0.01
1772998590.102042972,0,0,1.24
1772998590.102042972,1,0,0.01
1772998591.123772217,0,0,1.24
1772998591.123772217,1,0,0.01
1772998592.144152659,0,0,1.24
1772998592.144152659,1,0,0.01
1772998593.164483929,0,0,1.24
1772998593.164483929,1,0,0.01
1772998594.184849428,0,0,1.24
1772998594.184849428,1,0,0.01
1772998595.205855651,0,0,1.24
1772998595.205855651,1,0,0.01
1772998596.226526155,0,0,1.24
1772998596.226526155,1,0,0.01
1772998597.248326982,0,0,1.24
1772998597.248326982,1,0,0.01
1772998598.269286940,0,0,1.24
1772998598.269286940,1,0,0.01
1772998599.289306134,0,0,1.24
1772998599.289306134,1,0,0.01
1772998600.309194572,0,0,1.24
1772998600.309194572,1,0,0.01
1772998601.331772175,0,0,1.24
1772998601.331772175,1,0,0.01
1772998602.352773335,0,0,1.24
1772998602.352773335,1,0,0.01
1772998603.374826315,0,0,1.24
1772998603.374826315,1,0,0.01
1772998604.396536773,0,0,1.24
1772998604.396536773,1,0,0.01
1772998605.418998454,0,0,1.24
1772998605.418998454,1,0,0.01
1772998606.440113669,0,0,1.24
1772998606.440113669,1,0,0.01
1772998607.461630331,0,0,1.24
1772998607.461630331,1,0,0.01
1772998608.482678193,0,0,1.24
1772998608.482678193,1,0,0.01
1772998609.504789796,0,0,1.24
1772998609.504789796,1,0,0.01
1772998610.526332204,0,0,1.24
1772998610.526332204,1,0,0.01
1772998611.548496042,0,0,1.24
1772998611.548496042,1,0,0.01
1772998612.569316060,0,0,1.24
1772998612.569316060,1,0,0.01
1772998613.589294784,0,0,1.24
1772998613.589294784,1,0,0.01
1772998614.611391396,0,0,1.24
1772998614.611391396,1,0,0.01
1772998615.632885973,0,0,1.24
1772998615.632885973,1,0,0.01
1772998616.654411843,0,0,1.24
1772998616.654411843,1,0,0.01
1772998617.676443101,0,0,1.24
1772998617.676443101,1,0,0.01
1772998618.697403853,0,0,1.24
1772998618.697403853,1,0,0.01
1772998619.719075253,0,0,1.24
1772998619.719075253,1,0,0.01
1772998620.739909535,0,0,1.24
1772998620.739909535,1,0,0.01
1772998621.762049004,0,0,1.24
1772998621.762049004,1,0,0.01
1772998622.783419313,0,0,1.24
1772998622.783419313,1,0,0.01
1772998623.804723216,0,0,1.24
1772998623.804723216,1,0,0.01
1772998624.826476433,0,0,1.24
1772998624.826476433,1,0,0.01
1772998625.848390110,0,0,1.24
1772998625.848390110,1,0,0.01
1772998626.869390641,0,0,1.24
1772998626.869390641,1,0,0.01
1772998627.891408004,0,0,1.24
1772998627.891408004,1,0,0.01
1772998628.913111874,0,0,1.24
1772998628.913111874,1,0,0.01
1772998629.934839212,0,0,1.24
1772998629.934839212,1,0,0.01
1772998630.955926108,0,0,1.24
1772998630.955926108,1,0,0.01
1772998631.978129302,0,0,1.24
1772998631.978129302,1,0,0.01
1772998632.999744041,0,0,1.24
1772998632.999744041,1,0,0.01
1772998634.020906659,0,0,1.24
1772998634.020906659,1,0,0.01
1772998635.042912503,0,0,1.24
1772998635.042912503,1,0,0.01
1772998636.063654036,0,0,1.24
1772998636.063654036,1,0,0.01
1772998637.085267134,0,0,1.24
1772998637.085267134,1,0,0.01
1772998638.106621404,0,0,1.24
1772998638.106621404,1,0,0.01
1772998639.127422900,0,0,1.24
1772998639.127422900,1,0,0.01
1772998640.149441002,0,0,1.24
1772998640.149441002,1,0,0.01
1772998641.170874978,0,0,1.24
1772998641.170874978,1,0,0.01
1772998642.192261937,0,0,1.24
1772998642.192261937,1,0,0.01
1772998643.213989446,0,0,1.24
1772998643.213989446,1,0,0.01
1772998644.235391004,0,0,1.24
1772998644.235391004,1,0,0.01
1772998645.256836668,0,0,1.24
1772998645.256836668,1,0,0.01
1772998646.279033938,0,0,1.24
1772998646.279033938,1,0,0.01
1772998647.300408081,0,0,1.24
1772998647.300408081,1,0,0.01
1772998648.320240379,0,0,1.24
1772998648.320240379,1,0,0.01
1772998649.341060878,0,0,1.24
1772998649.341060878,1,0,0.01
1772998650.361070773,0,0,1.24
1772998650.361070773,1,0,0.01
1772998651.383537530,0,0,1.24
1772998651.383537530,1,0,0.01
1772998652.404922842,0,0,1.24
1772998652.404922842,1,0,0.01
1772998653.426931461,0,0,1.24
1772998653.426931461,1,0,0.01
1772998654.447792641,0,0,1.24
1772998654.447792641,1,0,0.01
1772998655.469105001,0,0,1.24
1772998655.469105001,1,0,0.01
1772998656.489855720,0,0,1.24
1772998656.489855720,1,0,0.01
1772998657.511869888,0,0,1.24
1772998657.511869888,1,0,0.01
1772998658.533207055,0,0,1.24
1772998658.533207055,1,0,0.01
1772998659.555045479,0,0,1.24
1772998659.555045479,1,0,0.01
1772998660.575638165,0,0,1.24
1772998660.575638165,1,0,0.01
1772998661.597720873,0,0,1.24
1772998661.597720873,1,0,0.01
1772998662.618926922,0,0,1.24
1772998662.618926922,1,0,0.01
1772998663.641136755,0,0,1.24
1772998663.641136755,1,0,0.01
1772998664.662891653,0,0,1.24
1772998664.662891653,1,0,0.01
1772998665.685099533,0,0,1.24
1772998665.685099533,1,0,0.01
1772998666.705967536,0,0,1.24
1772998666.705967536,1,0,0.01
1772998667.727999554,0,0,1.24
1772998667.727999554,1,0,0.01
1772998668.749096311,0,0,1.24
1772998668.749096311,1,0,0.01
1772998669.771054136,0,0,1.24
1772998669.771054136,1,0,0.01
1772998670.791623332,0,0,1.24
1772998670.791623332,1,0,0.01
1772998671.812317228,0,0,1.24
1772998671.812317228,1,0,0.01
1772998672.832384249,0,0,1.24
1772998672.832384249,1,0,0.01
1772998673.851985283,0,0,1.24
1772998673.851985283,1,0,0.01
1772998674.873587391,0,0,1.24
1772998674.873587391,1,0,0.01
1772998675.894051168,0,0,1.24
1772998675.894051168,1,0,0.01
1772998676.914520713,0,0,1.24
1772998676.914520713,1,0,0.01
1772998677.934963196,0,0,1.24
1772998677.934963196,1,0,0.01
1772998678.960073267,0,0,1.24
1772998678.960073267,1,0,0.01
1772998679.981709861,0,0,1.24
1772998679.981709861,1,0,0.01
1772998681.001771696,0,0,1.24
1772998681.001771696,1,0,0.01
1772998682.023332106,0,0,1.24
1772998682.023332106,1,0,0.01
1772998683.045112365,0,0,1.24
1772998683.045112365,1,0,0.01
1772998684.066834914,0,0,1.24
1772998684.066834914,1,0,0.01
1772998685.087851641,0,0,1.24
1772998685.087851641,1,0,0.01
1772998686.109409269,0,0,1.24
1772998686.109409269,1,0,0.01
1772998687.130267490,0,0,1.24
1772998687.130267490,1,0,0.01
1772998688.152291638,0,0,1.24
1772998688.152291638,1,0,0.01
1772998689.173092338,0,0,1.24
1772998689.173092338,1,0,0.01
1772998690.193715047,0,0,1.24
1772998690.193715047,1,0,0.01
1772998691.214304864,0,0,1.24
1772998691.214304864,1,0,0.01
1772998692.234158959,0,0,1.24
1772998692.234158959,1,0,0.01
1772998693.256229004,0,0,1.24
1772998693.256229004,1,0,0.01
1772998694.277101912,0,0,1.24
1772998694.277101912,1,0,0.01
1772998695.298117508,0,0,1.24
1772998695.298117508,1,0,0.01
1772998696.319895624,0,0,1.24
1772998696.319895624,1,0,0.01
1772998697.341077818,0,0,1.24
1772998697.341077818,1,0,0.01
1772998698.362936982,0,0,1.24
1772998698.362936982,1,0,0.01
1772998699.384097920,0,0,1.24
1772998699.384097920,1,0,0.01
1772998700.404858824,0,0,1.24
1772998700.404858824,1,0,0.01
1772998701.427026315,0,0,1.24
1772998701.427026315,1,0,0.01
1772998702.447860695,0,0,1.24
1772998702.447860695,1,0,0.01
1772998703.470191282,0,0,1.24
1772998703.470191282,1,0,0.01
1772998704.491309382,0,0,1.24
1772998704.491309382,1,0,0.01
1772998705.512746502,0,0,1.24
1772998705.512746502,1,0,0.01
1772998706.534169056,0,0,1.24
1772998706.534169056,1,0,0.01
1772998707.556235464,0,0,1.24
1772998707.556235464,1,0,0.01
1772998708.577420729,0,0,1.24
1772998708.577420729,1,0,0.01
1772998709.598287665,0,0,1.24
1772998709.598287665,1,0,0.01
1772998710.620112114,0,0,1.24
1772998710.620112114,1,0,0.01
1772998711.641746629,0,0,1.24
1772998711.641746629,1,0,0.01
1772998712.663059161,0,0,1.24
1772998712.663059161,1,0,0.01
1772998713.685106810,0,0,1.24
1772998713.685106810,1,0,0.01
1772998714.705917612,0,0,1.24
1772998714.705917612,1,0,0.01
1772998715.727974092,0,0,1.24
1772998715.727974092,1,0,0.01
1772998716.749891209,0,0,1.24
1772998716.749891209,1,0,0.01
1772998717.771368852,0,0,1.24
1772998717.771368852,1,0,0.01
1772998718.792833266,0,0,1.24
1772998718.792833266,1,0,0.01
1772998719.813977430,0,0,1.24
1772998719.813977430,1,0,0.01
1772998720.836118716,0,0,1.24
1772998720.836118716,1,0,0.01
1772998721.857785320,0,0,1.24
1772998721.857785320,1,0,0.01
1772998722.878972914,0,0,1.24
1772998722.878972914,1,0,0.01
1772998723.901086160,0,0,1.24
1772998723.901086160,1,0,0.01
1772998724.922064876,0,0,1.24
1772998724.922064876,1,0,0.01
1772998725.944953725,0,0,1.24
1772998725.944953725,1,0,0.01
1772998726.966577096,0,0,1.24
1772998726.966577096,1,0,0.01
1772998727.988963480,0,0,1.24
1772998727.988963480,1,0,0.01
1772998729.009942706,0,0,1.24
1772998729.009942706,1,0,0.01
1772998730.032124047,0,0,1.24
1772998730.032124047,1,0,0.01
1772998731.052878988,0,0,1.24
1772998731.052878988,1,0,0.01
1772998732.074945709,0,0,1.24
1772998732.074945709,1,0,0.01
1772998733.096027152,0,0,1.24
1772998733.096027152,1,0,0.01
1772998734.118060603,0,0,1.24
1772998734.118060603,1,0,0.01
1772998735.139553690,0,0,1.24
1772998735.139553690,1,0,0.01
1772998736.161175512,0,0,1.24
1772998736.161175512,1,0,0.01
1772998737.182954172,0,0,1.24
1772998737.182954172,1,0,0.01
1772998738.204319516,0,0,1.24
1772998738.204319516,1,0,0.01
1772998739.226110752,0,0,1.24
1772998739.226110752,1,0,0.01
1772998740.247343580,0,0,1.24
1772998740.247343580,1,0,0.01
1772998741.268558939,0,0,1.24
1772998741.268558939,1,0,0.01
1772998742.289477352,0,0,1.24
1772998742.289477352,1,0,0.01
1772998743.310511569,0,0,1.24
1772998743.310511569,1,0,0.01
1772998744.332940567,0,62,1.24
1772998744.332940567,1,0,0.01
1772998745.353449265,0,63,1.24
1772998745.353449265,1,0,0.01
1772998746.374667162,0,0,1.24
1772998746.374667162,1,0,0.01
1772998747.396933416,0,0,1.24
1772998747.396933416,1,0,0.01
1772998748.417550995,0,0,1.24
1772998748.417550995,1,0,0.01
1772998749.439558399,0,0,1.24
1772998749.439558399,1,0,0.01
1772998750.462127791,0,0,1.24
1772998750.462127791,1,0,0.01
1772998751.483191813,0,0,1.24
1772998751.483191813,1,0,0.01
1772998752.503294870,0,0,1.24
1772998752.503294870,1,0,0.01
1772998753.523291751,0,0,1.24
1772998753.523291751,1,0,0.01
1772998754.545460189,0,0,1.24
1772998754.545460189,1,0,0.01
1772998755.565797971,0,0,1.24
1772998755.565797971,1,0,0.01
1772998756.587236732,0,0,1.24
1772998756.587236732,1,0,0.01
1772998757.609710539,0,0,1.24
1772998757.609710539,1,0,0.01
1772998758.631461263,0,0,1.24
1772998758.631461263,1,0,0.01
1772998759.653026032,0,0,1.24
1772998759.653026032,1,0,0.01
1772998760.673721249,0,0,1.24
1772998760.673721249,1,0,0.01
1772998761.695722917,0,0,1.24
1772998761.695722917,1,0,0.01
1772998762.717071634,0,0,1.24
1772998762.717071634,1,0,0.01
1772998763.738783978,0,0,1.24
1772998763.738783978,1,0,0.01
1772998764.759721922,0,0,1.24
1772998764.759721922,1,0,0.01
1772998765.781345989,0,0,1.24
1772998765.781345989,1,0,0.01
1772998766.802175717,0,0,1.24
1772998766.802175717,1,0,0.01
1772998767.821663784,0,0,1.24
1772998767.821663784,1,0,0.01
1772998768.841533135,0,0,1.24
1772998768.841533135,1,0,0.01
1772998769.863248384,0,0,1.24
1772998769.863248384,1,0,0.01
1772998770.884135471,0,0,1.24
1772998770.884135471,1,0,0.01
1772998771.906270247,0,0,1.24
1772998771.906270247,1,0,0.01
1772998772.927688533,0,0,1.24
1772998772.927688533,1,0,0.01
1772998773.949682205,0,0,1.24
1772998773.949682205,1,0,0.01
1772998774.972080990,0,0,1.24
1772998774.972080990,1,0,0.01
1772998775.994464735,0,0,1.24
1772998775.994464735,1,0,0.01
1772998777.015714845,0,0,1.24
1772998777.015714845,1,0,0.01
1772998778.035929004,0,0,1.24
1772998778.035929004,1,0,0.01
1772998779.057833040,0,0,1.24
1772998779.057833040,1,0,0.01
1772998780.079526378,0,0,1.24
1772998780.079526378,1,0,0.01
1772998781.101059825,0,0,1.24
1772998781.101059825,1,0,0.01
1772998782.122566694,0,0,1.24
1772998782.122566694,1,0,0.01
1772998783.144249187,0,0,1.24
1772998783.144249187,1,0,0.01
1772998784.166424357,0,0,1.24
1772998784.166424357,1,0,0.01
1772998785.188609196,0,0,1.24
1772998785.188609196,1,0,0.01
1772998786.210018275,0,0,1.24
1772998786.210018275,1,0,0.01
1772998787.230143317,0,0,1.24
1772998787.230143317,1,0,0.01
1772998788.250542858,0,0,1.24
1772998788.250542858,1,0,0.01
1772998789.270425594,0,0,1.24
1772998789.270425594,1,0,0.01
1772998790.291315157,0,0,1.24
1772998790.291315157,1,0,0.01
1772998791.313818054,0,0,1.24
1772998791.313818054,1,0,0.01
1772998792.334955899,0,0,1.24
1772998792.334955899,1,0,0.01
1772998793.357363866,0,0,1.24
1772998793.357363866,1,0,0.01
1772998794.378153514,0,0,1.24
1772998794.378153514,1,0,0.01
1772998795.399823232,0,0,1.24
1772998795.399823232,1,0,0.01
