9.341766233684285076e-03
1.000000000000000000e+00
2.690736533826864479e-02
6.355271680318260938e-03
7.219265331843277567e-03
1.471427681125280287e-02
9.200158568283168734e-03
7.717647662667214727e-03
9.842830082884428816e-03
4.692782339276416192e-02
1.222172936213855240e-02
4.948965524415481487e-02
4.543375117924908918e-02
1.310728864538814389e-02
6.514001258558130281e-02
1.463957194780817796e-02
2.818458113763984765e-02
5.945075150273326087e-03
3.173934566489421127e-02
6.744762140959011457e-03
1.477471757279075378e-02
1.777688733050619349e-02
9.978802414829976083e-03
1.067966519126048279e-02
8.004545819992370942e-03
7.809312304288592264e-03
8.007001232454586531e-03
6.966801875494177052e-03
5.998886727355649817e-02
6.602088166104977743e-03
5.635514939911299981e-02
6.289649858377646327e-03
2.377738140473136322e-02
7.107009347597372829e-03
1.386528400928524127e-02
8.237860858781509074e-03
1.463035949116948259e-02
1.361679460592683452e-02
6.149372214834220723e-02
5.568927000919119547e-02
1.373009148830904753e-02
2.991840343881197600e-02
1.176018757589220379e-02
3.881752131767442909e-02
6.350801745640594076e-02
2.732493310507953799e-02
1.496174414407895614e-02
1.501882525036773997e-02
1.203637745737731399e-02
1.436890230253960038e-02
5.903748648182562120e-02
5.831369394938553524e-02
5.330062450046271078e-02
6.108185983723051632e-02
6.151998730365052653e-02
9.973021545321900799e-03
1.292926762685103412e-02
2.959817875371965543e-02
1.059978476144825960e-02
4.881505693298658632e-02
6.412326802266578307e-02
2.750129705403556515e-02
6.178127072753831876e-03
5.263988147356652575e-02
1.333156684207099409e-02
6.600825543249350287e-03
1.282586425555526551e-02
5.429944682822417101e-02
7.523351462595460372e-03
8.838167961794663949e-03
3.101332573634730042e-02
8.544997022616379612e-03
7.965114286447172107e-03
1.243993595924936663e-02
2.459629626245231696e-02
6.046634965835930020e-02
6.297578301397053872e-03
5.901736201704203127e-02
2.876254446230631229e-02
4.810432740605700280e-02
3.480377570740778026e-02
3.399447213250510885e-02
1.123289480556206692e-02
3.982744358247898575e-02
9.677907986846961269e-03
3.948399029719846381e-02
1.339437084365055486e-02
2.124822061604642390e-02
8.933613658029811166e-03
1.185335508270212584e-02
4.569058800771699097e-02
4.038124440641582824e-02
7.107763114269931640e-03
1.084447113492508288e-02
4.797345509102467209e-02
1.354245455626859607e-02
6.771690770341480189e-03
5.220320766300633186e-02
3.051163854852874044e-02
2.282095392574695625e-02
1.285136938874170860e-02
1.270205398722868903e-02
7.040582907818228667e-03
1.879235309365700698e-02
4.696345636545757457e-02
7.808447435538109528e-03
1.987053583485372255e-02
1.356248718599573598e-02
3.936202530761539337e-02
6.475765037542575465e-03
9.482830448884149721e-03
1.526768675661823241e-02
7.491399537862889792e-03
1.550083978974199812e-02
3.378737772801817391e-02
3.114295413269316595e-02
2.929101731907670508e-02
1.402965348136380602e-02
2.583944340143597140e-02
8.734199739517481756e-03
6.033301289885544677e-02
1.163689429230304641e-02
1.497793653136665799e-02
5.418583230438111381e-02
6.051307246573064264e-02
1.431288488428279770e-02
3.678412195977919658e-02
8.566182527485064618e-03
8.757133890211873245e-03
6.895845725515417114e-03
2.026348981132588753e-02
6.593672298041476643e-02
1.042110556233008523e-02
8.677173295477801779e-03
2.291986428215882221e-02
6.586794084908549791e-03
1.126310282354468784e-02
1.276907259711109084e-02
6.773079095732059858e-03
2.942146589266596973e-02
1.344523567292599600e-02
5.889472905455950952e-02
1.456564612348558614e-02
2.871572954262287952e-02
9.366895769967341703e-03
7.262145494279761450e-03
6.327337272569491522e-02
5.184418037569186316e-02
2.497192995729686713e-02
5.496792732468128856e-02
1.329482840614017343e-02
6.635657185779010765e-03
4.322624016145761028e-02
2.646357200931143128e-02
2.481049010415701042e-02
1.320315061400715619e-02
4.352585848117831308e-02
6.670147947177776718e-03
6.843469291650950380e-03
5.458350367023551142e-02
6.014735396278703648e-03
3.277671921865507598e-02
6.245014937754261170e-02
4.095817482074879529e-02
3.020136577329492547e-02
3.560268793752294908e-02
3.228623373048167267e-02
8.792198278124952956e-03
2.875657473630252245e-02
1.510520296568620448e-02
5.363235689089439207e-02
5.743361446946389226e-02
1.382865503581622892e-02
5.378000805297937503e-02
1.355967766212730526e-02
1.297631410913034460e-02
1.120434490525654136e-02
7.616188881140856758e-03
7.407705811275241102e-03
1.045468660888043515e-02
6.167947527592895600e-03
2.721531801019487495e-02
3.241916540046330814e-02
3.051631566109955229e-02
1.374035734818270654e-02
1.062053847583277824e-02
4.517099626957003788e-02
9.961793091878041670e-03
5.917481064715623268e-02
9.537072469148078629e-03
8.851029628143007935e-03
1.396444618885145719e-02
2.484017720362454579e-02
1.483420485699070424e-02
2.052653212509172181e-02
3.144504328790732883e-02
2.834576130710276740e-02
1.169066429597367431e-02
1.519011526926409769e-02
1.476696093015360603e-02
8.105562096341794101e-03
1.468821718541765686e-02
3.033507551676168160e-02
8.425383724871773547e-03
6.242412017212240448e-03
6.004859071639623985e-02
1.008855300910239255e-02
1.148306096840271545e-02
1.226810115260014086e-02
2.295508684788533441e-02
3.284740113763560260e-02
7.440220098831620832e-03
1.543505389130048720e-02
1.093780626301583438e-02
1.463849924239709124e-02
1.145786666417163320e-02
1.079622768454383333e-02
3.912474392850744109e-02
3.089475898404274792e-02
9.896233398069701273e-03
9.497219658387340627e-03
1.592361855424238512e-02
1.020931804994713518e-02
7.018137599315892733e-03
1.156442571567636683e-02
6.019746154528541303e-03
4.994602166625133899e-02
9.228856682782711138e-03
1.138053930558897628e-02
1.382396677178394581e-02
3.504687631947755316e-02
6.394024247227564350e-02
2.307235347374866907e-02
1.359269215505242920e-02
1.113124968669918988e-02
1.161733106973873893e-02
2.752709362260243736e-02
1.522856763070741699e-02
3.929503890291783513e-02
6.627066156611605141e-02
3.104788212642230899e-02
1.217184944060720371e-02
5.197611848918752553e-02
7.997206332243045335e-03
6.241340424022611549e-02
2.826493385721744883e-02
1.359491859444377990e-02
3.268893297800695014e-02
1.695205298075490655e-02
3.887446831049033019e-02
1.382008105280659559e-02
9.574925144723420503e-03
1.152367266845114382e-02
3.688745098969098413e-02
1.379837383699181880e-02
4.559762553925378326e-02
4.322768170765215606e-02
1.324248574569237592e-02
6.152616278698864842e-03
3.813817620598206060e-02
6.896341976613302657e-03
3.728081413357624274e-02
1.550661195684799841e-02
6.502816977634977118e-03
5.271089912796322885e-02
4.537165957077294448e-02
3.907222133768518957e-02
2.203828355085319865e-02
1.104004953308906911e-02
6.081790868631526195e-03
6.430209187781098235e-02
1.389718740241350191e-02
7.533693475501427456e-03
4.306948338072436738e-02
6.638129666974503830e-03
3.600460059658414091e-02
2.969525480723286467e-02
4.233288824408776296e-02
4.849709613899427091e-02
6.402885871804844982e-03
1.270511682843824749e-02
6.494764210379827367e-03
1.384206930620823263e-02
4.428100138710663186e-02
2.144597461340086442e-02
8.249233619973435350e-03
6.799711959173886100e-02
1.208454519034032199e-02
1.435489812428713402e-02
1.194274156024819136e-02
1.396207951960460464e-02
8.645008127561814443e-03
7.631773063232195203e-03
1.757995827238817768e-02
2.819526160094390499e-02
6.765721284346358673e-03
9.225114674805780235e-03
1.413272523169345485e-02
6.124643284844564529e-03
1.171945897099456284e-02
3.046442206853420057e-02
4.759432489999090160e-02
7.488062752459188898e-03
3.475458436614837360e-02
5.086720775084050544e-02
5.479882052184194274e-02
9.298286449442015947e-03
6.297283720442536231e-03
6.151289633932598144e-03
1.952954782985499155e-02
1.549696185207535826e-02
1.493491793127389895e-02
1.338445424418368418e-02
1.127979850443517305e-02
4.667786158008987996e-02
4.240469939383884057e-02
1.698154226478190351e-02
2.008406204854393251e-02
7.395717371749516156e-03
6.754276361822347287e-03
9.029837322041482650e-03
5.743898746788302090e-02
1.077317886639964431e-02
1.407161451190343943e-02
3.545542310741824077e-02
3.584106056058621037e-02
1.424165715031829038e-02
1.427253583142867356e-02
3.368653523036523045e-02
1.184184499713601506e-02
6.186944453077578704e-03
5.387218194937872656e-02
1.331622411092318187e-02
2.357000378410016930e-02
8.143750737563295108e-03
9.615809143448202437e-03
1.315200833292885958e-02
1.398141266882911918e-02
3.748880085598599310e-02
9.443252619720801655e-03
1.369897899862104057e-02
1.969297547780196264e-02
1.240909407781183929e-02
4.518993498961177552e-02
1.021660315659848710e-02
5.370180359958645622e-02
4.481103421842635992e-02
1.140616751200499920e-02
6.351962537894609989e-03
6.248700119852670584e-03
5.704597412300196901e-02
3.985340882149358138e-02
6.096088444339954962e-03
1.361391325152604657e-02
1.748597409999982921e-02
1.171589640560204496e-02
1.191933201088491746e-02
5.599552044266176143e-02
1.989727940262029510e-02
2.830104390831029645e-02
4.395626409818129132e-02
8.926769584602549726e-03
2.522753878935115809e-02
6.207081255438843398e-03
1.187246310050457665e-02
5.152260426299701268e-02
2.012700385187409999e-02
5.421178864141153880e-02
1.355083659877845230e-02
7.561784736765329515e-03
1.295180319132332829e-02
1.698291036643115662e-02
9.281687029003223705e-03
4.291685980808732787e-02
8.510063088538372816e-03
3.619345712699219980e-02
4.324620485095075073e-02
6.106241113809309298e-03
9.582694256815156922e-03
1.355075064596927663e-02
1.332207852669866840e-02
1.420859887036790212e-02
9.086316015581496694e-03
1.005148244897947733e-02
1.290248034392904065e-02
1.278842505240252413e-02
1.240704084404928471e-02
9.117132658737592266e-03
5.808215700419075422e-02
1.680458651232769399e-02
2.689129122707255640e-02
9.400001732649416672e-03
2.971206210938646952e-02
9.856155787827926285e-03
7.777417027665330974e-03
6.674078810252771082e-03
1.549950252958395662e-02
7.854724108654599635e-03
6.257167000065705365e-03
3.276554726868064621e-02
2.927701614223950782e-02
9.224509688250691342e-03
1.847538390692532798e-02
3.091796778316191832e-02
4.594061309020500833e-02
4.331992051301069430e-02
8.208558447452834680e-03
7.846905482855385389e-03
5.973948911137751810e-02
6.880517239719408443e-03
2.723220278090026855e-02
1.486100122314820866e-02
3.029804210287984773e-02
1.137487170594367498e-02
1.518718033647288752e-02
1.484534518331378367e-02
2.153458263635994047e-02
9.513771798510125069e-03
1.315589762556380014e-02
4.547065111249423697e-02
6.550033026250456913e-02
1.183097750076165210e-02
1.253750543323197547e-02
3.701714085880544042e-02
2.378464367866130885e-02
6.043301805748629157e-02
5.810235934877632652e-02
5.496618275640107604e-02
1.163140218568014216e-02
7.699578800224655961e-03
9.300885956088559073e-03
5.153154103579783707e-02
8.792495675759098850e-03
6.652755700764559008e-03
2.203669936966768522e-02
1.423499576796695421e-02
1.048270835368138483e-02
8.099651873210121644e-03
6.363939812503735527e-02
1.333644491209014585e-02
2.582191773226107795e-02
3.823379180355031964e-02
2.487611636756670297e-02
6.036766849563936221e-02
5.957502841918307229e-02
6.923272527366817163e-03
4.990051929581850593e-02
4.520342748243992570e-02
3.464842395127078895e-02
8.824322287503717777e-03
1.200529837752698469e-02
7.511500611410897553e-03
5.663478740081558105e-02
4.586913119911486397e-02
5.302835616266238922e-02
7.204533976553665134e-03
5.865635975241743211e-02
1.352095408729434706e-02
4.958840582083796217e-02
6.572983755105075987e-02
1.546702183715660192e-02
1.178131784472379560e-02
6.217817937363954300e-02
6.925546532203411855e-03
7.068868789264876398e-03
1.239644936427772987e-02
1.675789078380290550e-02
1.247063295592851923e-02
3.671845955318307070e-02
1.311268319700153312e-02
1.457303821208563374e-02
7.360610723495325351e-03
1.904188095673845990e-02
1.140115802140288272e-02
4.744265979974227748e-02
7.476802121300755305e-03
1.451394368145562420e-02
4.166625069827423894e-02
9.246755202406489738e-03
3.716958668833657969e-02
1.838377677631190810e-02
3.060706790505705530e-02
1.251306911483434682e-02
1.950197475276373160e-02
1.049011713746622262e-02
3.246298975899272049e-02
8.897814051162600615e-03
6.786124559851320834e-03
3.489842918299506519e-02
5.411465379714885948e-02
2.204515596832553812e-02
6.897494931980520209e-03
6.512464269235249473e-03
1.251695705272654578e-02
1.396285953056626561e-02
6.916645323513101636e-03
3.057180958896872636e-02
1.300206247590181274e-02
8.232599005063900854e-03
4.241754753057083022e-02
3.927551537093457168e-02
2.920204980762152597e-02
6.452880694030083651e-03
3.203301776675653717e-02
5.022753291511904139e-02
8.366779491384467374e-03
7.873409972740299384e-03
1.138192026118847733e-02
1.554565476241386891e-02
7.146071061898375681e-03
6.149801422070509498e-03
7.417279965152200928e-03
1.238173330421067642e-02
5.163004100681288511e-02
6.792533224701138676e-03
1.442288463337279558e-02
3.056619303671245097e-02
1.732379989841595358e-02
8.987871946142261467e-03
3.477100380294611409e-02
2.122547293764709755e-02
9.150933182038365268e-03
1.540951453998735260e-02
6.595807623855325097e-02
5.332600328771915782e-02
5.949238515015727036e-02
6.150714727518456770e-02
1.300800674333920000e-02
1.536713374894949427e-02
1.847391155875040269e-02
3.009601456703405592e-02
3.130067664975796915e-02
6.157974379669923191e-03
1.404037236249959346e-02
4.345451543336951994e-02
6.092562233359482410e-02
1.151248456771475012e-02
4.828533958257516523e-02
2.068505078411002687e-02
5.312201257701132384e-02
3.259548874838771870e-02
1.014293217140700698e-02
3.165664960135516903e-02
2.603715526082682821e-02
4.524645068559000199e-02
1.085331508652046840e-02
6.710075704174005805e-03
3.794583398841341187e-02
1.518821366217529452e-02
9.356179223711711540e-03
1.067528032926528918e-02
1.444647062346295953e-02
1.303040171507639962e-02
9.652934726152029299e-03
7.389584989578474976e-03
6.266282155894185336e-03
3.414695790899884703e-02
6.280046996241506890e-03
3.627529529920236334e-02
5.253508327627423591e-02
6.492859450393729387e-03
1.065944839115771405e-02
9.996951301736698575e-03
7.818059535805096938e-03
6.052567072752046418e-02
1.224707330409312116e-02
1.841733612860280492e-02
4.185033111999422045e-02
5.916775891533746640e-02
6.532385801389374927e-03
3.412797061035510726e-02
4.085367781453932284e-02
1.127156760705140363e-02
5.012514323758160417e-02
6.040607917759155399e-02
1.464185477879661156e-02
4.289476796913334333e-02
4.382866311098175538e-02
6.892112133562032505e-02
3.064445269878303749e-02
1.047815822102213766e-02
1.156936691220740790e-02
2.018705378488640928e-02
4.717303768499998134e-02
5.443191033304570908e-02
6.574298474656187219e-02
1.426652765213810500e-02
4.951717181038402249e-02
1.204790084455969329e-02
7.270937941576504152e-03
1.139536618333291881e-02
1.514980410088818605e-02
1.732248798796731659e-02
6.098782356731427892e-03
6.427417727074926680e-03
1.404405739133012497e-02
3.260144928919671975e-02
5.740193222273914236e-02
1.286954683647397076e-02
9.808985948045703673e-03
3.049467972628632992e-02
4.766074744680884323e-02
1.193397069634039714e-02
1.188576139470991569e-02
1.089185566255617896e-02
1.238122735237166469e-02
5.438893271851213962e-02
7.135517326474222731e-03
3.205084310470490000e-02
3.304222409576457881e-02
5.547066274345851394e-02
1.478325641479517026e-02
1.166055363720776110e-02
6.505205073034016350e-02
4.648270241795850188e-02
9.044707706845305298e-03
3.324406953187229730e-02
2.449107787744167486e-02
7.247153502842470889e-03
1.253840921837939479e-02
3.895061818026561429e-02
2.603184697834834763e-02
4.488589471140702614e-02
1.523361594493860376e-02
1.339313716105433594e-02
7.628857724618451353e-03
1.041701863849419513e-02
4.684035803390641794e-02
2.735386317677302240e-02
1.907062490635347621e-02
7.015760889783967218e-03
1.544046534645827570e-02
1.484858488578890204e-02
8.463385093886882996e-03
1.516601745432484029e-02
9.710516900177611904e-03
1.060537243278051635e-02
6.020958808244867427e-02
2.647567820469087091e-02
9.032919453491597070e-03
1.282158575211815241e-02
2.928905290890675486e-02
1.063823527578030941e-02
9.892211075286335906e-03
5.179608071171305089e-02
9.089336751254206356e-03
8.819783785222804623e-03
2.962249769547204217e-02
1.432378994175094282e-02
6.436679404046963260e-02
5.658570411061106253e-02
8.178347516955555493e-03
1.239079285287236591e-02
1.063856471378163936e-02
4.970229311693281221e-02
1.852580749766843601e-02
1.960996653032170620e-02
1.242070373026859555e-02
6.541463022976445885e-02
7.502061654290569613e-03
2.857252320176250499e-02
3.274438177834942260e-02
5.321592598174637589e-02
5.877870820042250394e-02
6.355943503846371925e-03
8.666331712280166480e-03
2.373288099037422494e-02
4.429007691871458124e-02
9.180759221750356067e-03
1.465608877233090697e-02
4.625419366944756583e-02
4.691048288002424432e-02
1.203670834993399337e-02
7.286262979774301568e-03
4.086755558016774703e-02
7.369971403026157053e-03
6.289934632688686661e-03
3.972607400325937899e-02
3.965920822074609636e-02
7.627460133807824165e-03
7.323779728037247555e-03
5.283617654955777981e-02
1.119534239700450441e-02
4.197682975318400844e-02
3.013094069211989801e-02
7.108013989945265350e-03
2.526217266124302155e-02
3.739593127886670088e-02
4.777504318992548127e-02
1.452565874270203561e-02
3.726817046900437330e-02
4.603783852293041878e-02
1.386387255885766431e-02
3.037653970464051015e-02
9.933544003438033593e-03
5.072179597877068263e-02
9.185228926016917803e-03
1.249602824496247148e-02
6.542191796439351253e-03
5.618849215869436281e-02
2.759261830621665204e-02
2.897463670600654295e-02
9.886962944083988944e-03
3.836939636083832456e-02
9.699680469331017213e-03
2.503538236306191919e-02
1.337832642499830332e-02
6.681929061987081780e-03
6.520282848619466873e-03
1.017035456952941272e-02
1.235127427647443425e-02
3.232638297197167748e-02
5.654693559500787586e-02
4.294533902787406321e-02
5.369553363424774822e-02
3.111558230940492803e-02
6.465196684019075199e-03
1.010969516475398317e-02
5.128297168351030055e-02
2.659384383029096688e-02
1.426068355475670901e-02
7.966905441606166385e-03
7.578363678750498801e-03
1.499272066262832132e-02
3.835062775120502698e-02
7.128970416869923228e-03
1.419718327602027819e-02
8.427996512349985453e-03
6.323740058196482793e-03
1.408699969354544612e-02
8.030166571382030272e-03
7.345959753168892700e-03
1.352162143972428579e-02
1.033339149217289525e-02
4.789481559948435135e-02
6.948852778469123519e-03
1.573000260938960462e-02
1.084839916100758216e-02
1.138410188651363744e-02
3.795905960457914008e-02
2.378531190097587719e-02
1.862682428698100856e-02
1.637785280115326703e-02
5.148263905936691087e-02
6.720550231459573344e-03
1.784419637307496989e-02
1.119057174732419717e-02
3.869513762270777174e-02
8.188965550127205381e-03
1.225609736104021560e-02
6.816122655981643984e-03
1.042726941601714724e-02
2.575684820176701514e-02
1.072129450645764245e-02
7.501319788859401629e-03
3.843297396863452203e-02
2.465606303973559565e-02
5.890181113280237163e-02
3.366982804413878178e-02
8.950524302673724258e-03
6.277802015507594202e-02
2.319642446911253722e-02
1.325862707152719415e-02
5.429174572174159941e-02
6.238442105896560910e-03
8.706959909294424704e-03
8.480659800792409581e-03
4.968547861432602575e-02
8.078812169965955692e-03
6.870683737158528488e-03
1.817590174460988542e-02
1.093716295203866345e-02
4.573700053582715336e-02
1.600071425128243158e-02
2.295127031935923975e-02
7.464416346396380957e-03
7.941778921252150986e-03
3.369432543641300709e-02
2.307452772491020918e-02
2.075773280118177119e-02
5.508991524814668000e-02
7.265020649585002613e-03
4.447024721305797845e-02
1.303144410115687768e-02
5.258708067876287362e-02
4.327954593119841264e-02
2.407399713670790170e-02
1.088290640503366061e-02
3.164304088146439181e-02
8.074326603592692914e-03
2.728800662285169043e-02
1.416739334267523229e-02
4.706428458741369197e-02
2.849170150249324268e-02
5.803750707093383032e-02
1.425171357832422277e-02
2.475197469287849020e-02
6.702521729654672966e-03
1.066038341480277617e-02
4.414995451486276867e-02
7.693704190940045887e-03
7.395217898903919118e-03
3.062813691531549379e-02
1.701788095614568952e-02
4.725236122699208452e-02
4.960955293924602938e-02
5.903164804623856066e-02
5.004695148756598683e-02
9.046450814747185667e-03
6.200179131996348854e-03
8.048290520283928398e-03
1.830427549513052171e-02
1.146624905627118690e-02
7.648499783803377680e-03
1.256509204670767238e-02
2.886287823705340275e-02
6.288267419989025664e-02
7.194964665679069900e-03
5.803142493686764929e-03
1.410725828454323545e-02
7.064114173686607441e-03
4.874823097820085022e-02
2.906624256472356907e-02
1.062850735614578358e-02
2.947511178527528405e-02
5.117267453903535240e-02
4.249197461466173303e-02
1.665590201637850640e-02
3.069398851171165760e-02
5.298934481806170937e-02
1.295642596228611595e-02
1.374863780287736113e-02
1.315185479491418757e-02
6.351064686704256841e-03
4.998748415958226277e-02
1.056605420713416926e-02
7.080522843245585021e-03
1.110122314641119427e-02
1.680453727981624790e-02
6.777804250137379680e-03
6.904388374794932087e-03
5.330154341616715613e-02
5.734202136596758953e-02
4.217505130415441505e-02
1.107423622395263541e-02
5.459482512565325130e-02
8.921415114058771356e-03
9.325912296340724966e-03
8.937562186448045828e-03
1.250833242368218357e-02
5.563180744515764525e-02
3.133399089912011076e-02
5.890597120214136062e-02
8.657498950299389109e-03
2.871149017410933035e-02
8.882565141322679506e-03
2.539176767129698933e-02
1.448811262638426654e-02
4.733807391822089650e-02
1.153149118646340510e-02
1.646275856374096458e-02
1.098209569013823203e-02
7.447731815897871803e-03
3.273303532593721532e-02
3.472224833030406604e-02
6.696868608978988682e-03
1.496213486710861254e-02
4.767242813305763716e-02
7.659185946990556063e-03
6.834938027357441437e-03
6.530878409987404647e-03
1.507598479335280073e-02
6.179726520220971304e-03
5.279005938910066170e-02
2.407100716306320026e-02
4.161948304080970856e-02
1.217220120559763669e-02
1.073654432968381908e-02
1.045445935805567120e-02
1.833989261415455360e-02
9.436882638378695995e-03
2.393609467045118913e-02
6.525886067002454639e-03
1.521818819112456811e-02
1.027028018483184223e-02
5.766321786271350752e-02
1.799387885795146816e-02
1.734190328561398611e-02
1.082453896957885457e-02
4.216545811111777758e-02
1.351153074679289044e-02
1.237670226638390783e-02
3.943726092872973377e-02
3.627814844732468735e-02
6.702525377933655701e-03
3.365493148734383794e-02
1.159785504919300103e-02
4.047264788614329811e-02
1.062426261232216410e-02
1.522999564861422447e-02
1.639706378985237439e-02
2.206393274401936833e-02
4.870269461244258052e-02
4.397480068242506229e-02
2.133237755619588755e-02
5.304326655525096884e-02
3.023895714977404767e-02
1.434209397218509825e-02
5.936545637389056135e-03
9.427101539749625433e-03
4.554045412226137568e-02
6.708748128312485258e-03
2.089306785496205729e-02
1.392277647257363256e-02
6.422327721004854328e-02
7.719320885951483184e-03
9.868610459187902861e-03
5.450826603656256514e-02
1.429693362239727733e-02
6.307382712669790115e-02
4.827756593770862054e-02
9.780653511654793450e-03
3.986032682154670714e-02
1.172308758850201631e-02
2.659307171243685194e-02
1.429106858388004726e-02
1.062203367914291152e-02
3.338443993932498077e-02
6.102181269296253624e-02
7.676108604326973943e-03
5.825997301524424299e-02
1.808085405602733245e-02
3.329905191769808731e-02
1.440994615191051355e-02
7.587598591501687126e-03
7.476892991642002627e-03
6.295481880313605338e-03
5.908008356780949238e-02
3.397428895064001642e-02
5.702525507636497376e-02
4.483618581036120238e-02
9.584219063522393667e-03
6.351703856672568163e-03
3.037534416712941304e-02
8.505984400663449754e-03
9.083592537723325644e-03
6.299691329663437665e-03
5.929021753789644189e-02
4.753840967424649566e-02
2.796349388144338255e-02
4.737301990299503524e-02
8.015688798163911680e-03
8.043108487716237390e-03
6.214796745645004283e-02
2.485588652332869006e-02
9.072414945273702194e-03
6.428370779443928762e-02
3.647673776304222876e-02
1.446208225714653954e-02
6.213225765471606411e-03
3.895377130546887751e-02
2.778553087934772584e-02
3.863012189828227139e-02
1.415108178274404951e-02
4.242116752799066082e-02
8.577648828102584985e-03
1.246137689449189692e-02
5.076194780580328691e-02
1.457281240343611881e-02
4.627622198334294112e-02
5.892409357091538818e-02
1.628489495702207038e-02
1.034581298659062107e-02
3.944745168543960234e-02
4.587218733274912863e-02
4.658790949847968488e-02
5.854575986476164527e-03
5.358617028644905439e-02
3.057224162909900206e-02
6.243934601721499306e-02
1.282381008108702397e-02
4.469026872774804066e-02
1.164757267314639119e-02
1.414290639008840972e-02
1.101502339666735400e-02
6.353225933023398664e-02
4.460261468086064440e-02
1.188383378880786267e-02
6.208326609941513217e-03
4.291388479363751618e-02
6.218694375050302925e-02
4.526465136510012671e-02
7.764302008210400077e-03
5.658452157591332271e-02
6.152796908569231615e-02
9.279738073157064657e-03
1.230121259665401846e-02
4.691130816774866791e-02
4.463986205309255356e-02
2.812590362928270304e-02
1.359154109256429863e-02
4.807885771676356085e-02
1.229453416698994724e-02
4.230238421447602565e-02
4.973532715194003279e-02
4.002793272575703304e-02
4.175372738784445537e-02
7.209002673459957017e-03
5.523123233488855949e-02
1.238777574405465660e-02
2.722589573915800212e-02
1.005421527417427879e-02
4.242412893333226409e-02
5.801537289591690572e-02
6.095954689753810274e-02
3.795439310054816301e-02
1.696951153192503836e-02
7.685343156899695355e-03
4.447867062003822702e-02
4.807763438610057616e-02
5.061524517254181732e-02
1.052654619017292549e-02
1.145846094705173061e-02
1.797235431290700181e-02
6.085112082866490739e-03
6.191908194033512655e-03
1.359251587098942587e-02
1.982325721547715386e-02
7.823027578538444340e-03
7.429981566759047244e-03
4.373334017696269699e-02
1.234349919383712774e-02
3.979238519501502452e-02
2.549988991811510605e-02
1.553353356030972438e-02
3.170939411808060271e-02
1.505132848317553874e-02
3.632721779439111037e-02
2.525983799811930622e-02
1.441630849116375991e-02
9.654260731503178788e-03
2.068109306566663988e-02
2.596422161975829937e-02
1.070424033634419410e-02
6.521231414670545894e-03
5.936067823525534998e-02
8.401429309833166256e-03
9.433696593362680266e-03
7.070597914504364243e-03
1.212825103495511654e-02
1.995551980438909148e-02
3.742299984041223826e-02
6.308665071094776526e-03
6.665902942310175661e-03
3.349611529860128251e-02
4.658090162446922727e-02
5.037067996587975965e-02
3.045834386366736909e-02
5.951695508949657321e-02
1.311195514076528637e-02
1.662473422981236224e-02
3.830010175371983266e-02
4.567806355497969206e-02
1.038745919395130633e-02
9.416896278170014054e-03
2.754153314652963563e-02
1.651520670696745088e-02
5.455313836836667846e-02
1.187016347470244530e-02
8.914018868464310130e-03
3.136773461857222250e-02
2.848906641014588292e-02
1.144831605594594758e-02
3.864494251691983490e-02
9.186575072251188315e-03
3.878654847039233328e-02
7.377669362092780132e-03
1.609700694230846094e-02
4.664356499269740192e-02
1.645550825944254100e-02
2.797621353683057283e-02
1.048713302677160147e-02
3.704678149663533093e-02
6.312778485093946575e-03
7.903062118955710494e-03
2.505875310933681696e-02
1.225496885312288113e-02
9.802513728080242475e-03
4.087106914627406523e-02
9.449509890813351937e-03
1.613599677584314288e-02
2.104715625035726706e-02
6.272184078574781496e-02
4.373266804652319040e-02
1.304175144717308402e-02
1.333105068532310956e-02
6.283166970599332601e-02
1.975730856281839379e-02
6.797444259863092558e-03
5.155081283122846941e-02
6.451536437703143598e-03
4.775331450603915312e-02
5.107881783893072902e-02
2.299763705397252223e-02
1.017852734216327312e-02
4.253285206620456560e-02
5.945142610367955271e-02
1.178881576710495878e-02
9.058770806999408981e-03
4.095525437405779512e-02
4.378470670175791529e-02
4.208042980694940566e-02
1.498530981424482482e-02
8.681173741637487895e-03
3.335115074372402982e-02
1.162582309277606848e-02
7.488071938103956285e-03
6.604307898235052543e-02
5.138523063111821720e-02
5.665205519915418424e-03
8.644753988686774623e-03
1.475058117246358901e-02
1.032349095225267889e-02
6.626842013383577208e-03
3.920597700531159441e-02
5.528539731511109695e-02
7.038227258116394776e-03
1.239619007186314528e-02
9.337057856407251707e-03
4.487231487982785288e-02
4.706703138342809012e-02
6.216630201426688596e-03
9.436028815125329164e-03
1.919642943024301579e-02
1.009533108022603494e-02
1.351545415158782182e-02
2.219412293694862648e-02
6.355946941983618703e-02
1.700824652867761674e-02
1.439566026188650837e-02
4.811294558135887495e-02
7.894008669599021297e-03
1.103541278402232935e-02
1.691618734331811619e-02
4.148209063500378491e-02
1.914981607367378241e-02
9.907733526208464120e-03
2.927890360575537143e-02
5.447974056155887451e-02
5.005704837510331628e-02
6.042933996267467293e-03
2.359412713873659459e-02
5.212962903438340956e-02
9.669739886390112463e-03
4.355525000153350618e-02
1.152558241868922861e-02
1.128618690204052227e-02
7.242944896904919549e-03
2.823406161368334846e-02
1.471951546967530111e-02
7.328479834026535925e-03
1.527261361867230174e-02
3.463673885732169305e-02
1.286091984874063870e-02
1.869028300846454702e-02
1.435539705373367787e-02
2.364631409693785519e-02
1.039594942191051676e-02
1.464634924932700297e-02
3.903230120831277516e-02
3.034299072633639752e-02
5.390914454053885585e-02
3.365057859453080003e-02
1.358656062709859627e-02
1.174226134224615886e-02
3.732759454118007858e-02
3.127932768139504022e-02
1.482071337738766897e-02
1.020766262743140820e-02
6.808368852215500311e-02
3.094943968585342139e-02
5.501589919726228989e-02
2.645008306601973405e-02
4.017006026193205986e-02
6.442341474782672939e-02
5.958687216823870328e-03
2.352547775857112208e-02
4.858927373582042769e-02
1.226989115416867934e-02
2.590338024477222348e-02
4.497298077762077601e-02
9.029737331204955308e-03
2.481507743599708354e-02
1.404231531457433846e-02
7.977179029474647590e-03
2.883995115729015221e-02
2.355363319275764408e-02
9.969536916597325146e-03
1.328482120836491608e-02
2.951197859798954451e-02
6.527305317124987294e-02
6.781290928134537689e-03
1.351588003578420641e-02
3.775631044521835650e-02
4.111589276198929915e-02
3.977740911358329523e-02
8.173368310108980461e-03
1.380189089435681672e-02
2.985746341082849697e-02
1.511367945071186158e-02
1.012361100960974467e-02
6.296300251968524331e-02
1.023757585128122656e-02
3.750070144795377564e-02
1.383148676611952246e-02
1.241879590214184023e-02
1.114910235637725511e-02
6.494636569060614761e-02
4.195889577172302182e-02
1.499448250397520180e-02
3.620077593389027515e-02
1.111891798024604999e-02
4.976947231803368482e-02
3.091312623092321021e-02
1.328521583377316809e-02
5.298286847439627467e-02
1.220227019253160468e-02
1.076460942534438088e-02
8.270448775950081655e-03
5.902996319657910496e-02
3.491629204449353541e-02
4.433406982333196883e-02
4.017911445508720591e-02
5.045565206402859854e-02
6.578944999674650983e-03
6.177995618444286074e-02
1.172221278081080065e-02
7.058780540855259626e-03
6.540116713697791302e-03
2.465840016518463379e-02
2.575880349577324563e-02
2.740960888180779195e-02
2.456546411002046362e-02
6.963145307458919880e-03
1.459225024922919736e-02
6.960337129814438313e-03
9.591384140861801064e-03
1.337682254020052496e-02
4.353387587877829978e-02
3.841533989654653120e-02
4.354887605517045179e-02
2.373198520825567023e-02
6.216355891472430395e-03
6.881948129391037526e-03
1.858003582027906511e-02
7.497193113646885392e-03
5.708375318627370923e-03
7.355798214430464034e-03
1.565707185981970312e-02
9.844946903276495520e-03
2.665703382258818518e-02
1.583900123481725777e-02
1.292537614890921713e-02
1.444079142936538496e-02
1.263714465925934970e-02
4.921785830097625408e-02
7.804299509965527057e-03
1.382761845742663288e-02
5.979055947873277571e-02
7.139818331657611129e-03
9.332025689189204706e-03
2.504854928999076386e-02
2.880057693573645147e-02
8.603939815792927687e-03
8.133599841049580711e-03
8.989032449890405410e-03
3.630940503983883655e-02
7.062356272728010850e-03
2.151769405142847646e-02
6.678929038949720301e-03
5.181699475497208995e-02
2.998074494164394005e-02
4.103100850277363598e-02
3.220745001497618554e-02
1.043592515965911620e-02
6.507617692474913784e-02
1.045656445128208094e-02
1.060626959051543146e-02
6.382317785696055290e-03
6.818550011371513585e-03
8.605607186158130070e-03
5.768420972668014506e-03
5.114561962052682764e-02
6.471124493393774595e-03
7.179520815949996804e-03
1.201762068589243282e-02
4.811399569501430273e-02
1.204872491242678541e-02
1.643288198354862784e-02
7.235776371406704190e-03
3.184546704981566778e-02
3.515686468214052063e-02
6.425276450701468932e-03
2.660634779309665673e-02
1.004844578111049012e-02
1.140095505196057207e-02
6.580931880107944443e-02
1.332119190672614341e-02
8.165568032831778747e-03
2.177117871473987359e-02
4.080428962702799950e-02
6.731701259773917312e-03
5.404699570150426485e-02
2.651894680265108953e-02
3.597490058124074713e-02
1.146768556506841223e-02
5.468644127791968262e-02
1.164446905760241520e-02
4.502575267814662441e-02
4.384710797352243256e-02
5.207615782926293402e-02
7.738386683243439999e-03
6.437634716030150861e-02
9.873947815518003060e-03
6.157091778287228021e-03
4.820229906123451452e-02
2.383419939065498788e-02
5.634527460882358951e-02
1.236517307779010089e-02
6.912077790650479614e-02
3.367584330324949887e-02
1.165435807847975749e-02
2.882438094537317225e-02
3.691634197931871475e-02
1.062639162929898164e-02
2.083711587587998293e-02
4.254073892921054340e-02
1.193968878328841368e-02
1.054086011893420709e-02
2.781403838632395820e-02
6.283812684669227294e-03
1.343175373091724280e-02
5.978256165001423483e-02
3.372800982552653232e-02
6.094781725508367429e-03
8.700426358428544477e-03
8.175787411285821704e-03
2.104073421577160388e-02
1.203503363575687650e-02
9.381924353330415092e-03
4.880860823653982578e-02
5.784776651415141774e-02
6.473449310583561517e-03
1.503269346606657571e-02
3.767003482073733034e-02
1.421219880283255965e-02
1.016564642929994322e-02
7.078877815265549427e-03
1.964001283592705163e-02
2.213222477654463657e-02
7.758122825934660183e-03
1.163133258604630814e-02
2.953637622959129697e-02
6.801064381972085800e-03
5.024269988078051974e-02
7.859397132471430264e-03
9.603519541520850328e-03
6.289058554270272189e-03
1.423618286674504033e-02
7.973031459525704162e-03
8.496602455492260897e-03
3.350510007695682579e-02
6.690021142325456964e-03
4.359000908738685370e-02
5.315939467561635323e-02
3.343039689652109459e-02
6.956268151516745157e-03
3.950986938051363057e-02
1.026694153375396629e-02
8.224492781496096916e-03
3.886787543795087313e-02
6.420388958761828573e-03
1.300770247978321782e-02
5.647015684339613817e-02
1.043068543617074392e-02
1.365033814457989811e-02
5.391602974510235902e-02
1.437830749092965273e-02
8.986654781511605600e-03
3.546384000168702200e-02
8.772930540388104020e-03
2.300146745650386709e-02
2.322022193312200944e-02
2.708071861858035029e-02
1.269576446738321027e-02
1.884021384525840989e-02
1.928469441497761283e-02
6.495138073590200033e-03
1.251272668669599006e-02
4.198475516734252039e-02
1.103591219769235396e-02
3.322772483098061086e-02
4.460468948147224694e-02
1.049108357936986459e-02
1.438165737986799031e-02
4.674524300070909827e-02
1.060551307716599452e-02
3.413583576965337901e-02
5.408073050275100102e-02
2.525522267791853459e-02
1.637774774065939992e-02
8.433071009400196216e-03
1.963872923198461962e-02
1.119817319201160330e-02
1.451226745957288726e-02
8.714687975566548159e-03
6.187450236977686674e-02
2.007076233405164986e-02
7.042706959195001344e-03
5.758290251372427671e-02
1.396305099802211055e-02
1.175137291017845295e-02
3.980411791194551907e-02
6.688730247245543853e-03
5.078450816166526355e-02
5.532156117056000882e-02
1.491162356980463982e-02
9.422244572788588887e-03
6.595571593455954243e-03
1.131949932138004086e-02
5.904840111328855251e-02
1.801262608147132654e-02
6.694904690603969630e-03
1.678795378836847943e-02
9.106249183252064852e-03
2.349291332283122424e-02
1.522933998297951869e-02
4.091716307302369071e-02
1.568757039875809042e-02
7.390767850977521432e-03
3.109113864198739460e-02
6.397530095436269361e-03
1.344132127289053569e-02
4.290917961513336654e-02
4.479928171301002932e-02
2.541327447074805124e-02
4.276931528731734572e-02
1.127486297925205452e-02
1.404489177959990925e-02
8.799429938303333573e-03
1.344248820730807419e-02
8.526640054577349845e-03
5.701066732981741741e-02
5.028615280110163704e-02
5.285359412816496849e-02
1.803104480689490807e-02
1.499712609614948372e-02
8.695825456380859228e-03
9.569631678754740231e-03
6.929835818262463504e-03
1.151173108148403380e-02
6.784362191058999729e-03
6.391344106459972974e-03
6.223509964332933284e-03
4.998730308935796229e-02
1.488094220486574706e-02
3.957392457739340036e-02
2.652197866409342075e-02
1.026947943893402604e-02
5.309612174918140054e-02
1.424882020649775004e-02
2.542400250973299303e-02
4.129300155512918846e-02
3.761445084421150692e-02
1.378762264090905784e-02
3.936954686233101047e-02
3.871644010886281934e-02
5.672649662819163191e-02
1.165181281996634059e-02
6.224081031379856410e-03
1.125936542592330912e-02
1.809208323747706418e-02
5.384294293367530154e-02
1.231404366333264770e-02
1.297621391470143472e-02
3.351582020432333081e-02
1.327512397347620568e-02
6.302126659369217121e-03
4.578169998827045367e-02
1.183239774544158490e-02
2.360380965191617025e-02
7.442353408448658218e-03
6.246540097434159083e-02
5.251287749915755504e-02
1.262026785766560272e-02
2.350795093287024254e-02
8.166062306189946635e-03
7.042891450480488758e-03
4.026361485387276035e-02
9.051919263013593828e-03
1.438598003475930961e-02
6.857260658126767931e-03
2.436307610155914044e-02
5.413994863921937906e-02
4.279075871803628139e-02
6.013357344909322361e-02
7.951919853026838403e-03
5.483978951309319977e-02
1.302515766505257626e-02
2.438129361415607849e-02
1.901087934187521006e-02
1.533169528689115428e-02
7.218262676725690705e-03
1.071639170891353944e-02
1.629485933358655256e-02
1.522285251534580101e-02
2.972427633756854343e-02
2.842684369604915606e-02
9.759885315115960497e-03
3.414272341102551206e-02
4.799997901625460001e-02
1.630593062907268603e-02
1.889835066454268256e-02
4.802341000910118757e-02
1.281920890132441995e-02
5.499421427403955454e-02
4.015169129021826239e-02
7.332755553268912284e-03
7.916643889477730303e-03
6.327410024820446371e-03
7.753787947533850693e-03
6.363765985820919215e-03
3.076730161636167041e-02
2.310721716300286055e-02
3.847424697260563853e-02
7.617984512553062880e-03
3.725885809515247504e-02
2.922223936205868219e-02
1.224840543788917671e-02
1.113527997989104470e-02
8.988479992539875549e-03
2.524037629248567643e-02
7.909794151252457980e-03
5.576357769534293768e-02
5.113194546471835217e-02
3.463636196140947032e-02
1.418294496541147413e-02
9.109086385033382527e-03
4.090073469616546664e-02
5.683980359946489563e-02
1.407075538322396548e-02
1.038976150221172616e-02
6.701366954379010810e-02
1.133106639043893367e-02
5.507887503911343408e-02
1.175954125769412308e-02
6.364931143636837207e-02
1.267208204738266147e-02
7.018708909404080924e-03
1.409016073124811849e-02
1.154053714692306401e-02
9.385244777853817000e-03
3.246534565076516360e-02
1.346287101735853774e-02
6.018011419621907554e-02
7.457830152663178468e-03
4.877816853313236833e-02
1.035763077689189765e-02
5.792147910246513848e-02
1.647147588192142756e-02
4.483743980017002029e-02
1.043460602239877459e-02
1.320331101815206028e-02
2.213645982665618170e-02
4.883302143155866110e-02
3.517777489000377400e-02
2.910510076747295852e-02
2.615489720441873875e-02
1.164352713818436399e-02
7.378757793810386025e-03
1.456240986377114500e-02
7.783262392203118933e-03
8.177370313891901832e-03
9.397894906174637450e-03
1.098724458774282854e-02
1.288375132503210597e-02
2.593130383820393264e-02
4.770260267010734828e-02
5.873576918502920047e-02
3.856726226363760279e-02
5.405809259572316033e-02
6.505816048718806970e-03
5.661580838884369693e-02
5.575786526878390159e-02
1.043288664365403344e-02
9.336313616940398671e-03
3.006055263153697629e-02
1.484325535893899796e-02
2.025418684303541966e-02
9.410077333407467631e-03
1.254103507362326619e-02
1.172015122447743994e-02
3.212859305033009122e-02
2.808538273459298268e-02
6.692596221028974078e-03
3.614562846853164313e-02
6.417463871618991900e-02
1.314090986101030395e-02
1.392071893491890651e-02
2.230759632759577935e-02
7.061737658486035019e-03
6.892769332778761991e-03
7.258587915585820206e-03
1.382546583747379897e-02
1.344827892386987744e-02
1.023589081866808741e-02
7.911655996751081055e-03
7.370356489371894353e-03
1.120357868106572861e-02
3.092898943808269213e-02
5.752671951495804542e-02
3.817557300751208554e-02
6.646980272434164887e-03
7.124570082668699351e-03
1.214212074778250536e-02
5.251454374847606271e-02
6.707900860934683934e-03
5.802315841636879190e-02
3.485173557717662074e-02
4.575333161143957383e-02
9.724286026815954359e-03
1.489781741595950539e-02
6.438265853730845874e-03
1.190804730384373115e-02
4.632168012627747855e-02
1.263056362773918098e-02
1.386146500716821037e-02
1.369342654540585576e-02
5.376199815681161065e-02
1.672442179447203303e-02
5.726597646805007061e-03
8.042775177380973028e-03
1.140091473659589003e-02
4.823747185365884205e-02
6.392822677896015625e-03
1.073870442714633909e-02
9.158903836534056792e-03
1.905616681038396071e-02
7.610697949125434965e-03
2.719699951567293439e-02
9.562528535945830077e-03
2.332084533862556486e-02
1.350686947419972410e-02
6.476201127253358898e-03
1.154874263594514623e-02
5.942475628813224942e-02
4.772955904148192680e-02
4.426373085714359334e-02
9.254273571108204491e-03
6.624885378426775828e-02
6.418624760130882401e-02
3.674572943565145716e-02
3.515254384313724195e-02
3.752897165300180665e-02
7.875183608968029658e-03
1.024833742489939664e-02
1.007490064553345256e-02
1.676399769862415429e-02
1.648690346107421420e-02
6.117173590147957467e-03
5.729717813918813740e-02
6.110893398630016203e-03
6.545197817651317307e-02
2.013433279120028022e-02
5.761185621239966331e-02
3.741831597572149726e-02
1.495696287661637223e-02
3.786908564724405374e-02
9.041497710572408975e-03
1.642281184170667555e-02
6.773137587550354111e-03
6.022350121151349989e-02
5.200532009970405822e-02
1.911557035272547223e-02
4.373128757583550491e-02
1.166318460261833202e-02
8.305010840395289640e-03
1.265750016811315916e-02
1.421505684879554622e-02
1.387589086342188617e-02
2.672320927068740776e-02
1.511184114716066298e-02
5.055951449931775366e-02
6.539820589124492253e-03
2.025785199055175206e-02
8.372070480752386371e-03
2.674853707311061410e-02
5.686141719588990590e-02
1.013714144800149236e-02
3.283015152271721165e-02
1.522418979791130209e-02
5.011432096063689334e-02
5.119859869546568992e-02
4.797802691917754658e-02
4.709212172395624979e-02
2.062766079610511144e-02
4.187190565039989459e-02
4.104974308531439409e-02
4.713319217549835627e-02
5.688659599902076702e-02
8.058037296598850180e-03
1.108835653850698266e-02
1.170133893169178832e-02
1.425339636550141190e-02
3.041996835448058933e-02
9.712312135577164801e-03
1.296470593444905978e-02
3.628637378963065624e-02
1.082535906433597719e-02
5.115850485933117614e-02
9.787568488537195036e-03
1.482204805995916176e-02
1.744662727884819034e-02
1.986907121315544325e-02
3.634412207786977961e-02
7.683516141224855205e-03
3.821125068653018209e-02
1.171417119489964395e-02
5.519531032378175578e-02
1.283010550574068334e-02
1.136030438706466146e-02
3.193592137875910647e-02
1.015814653697933584e-02
9.933632996122369885e-03
2.448391028656636548e-02
1.548391989444516080e-02
1.464397745641723460e-02
9.946496741400566791e-03
1.201416232056315078e-02
2.491590505741353781e-02
6.615753484786855709e-02
5.693365422305975837e-02
5.652818290421111197e-02
1.499312848701868893e-02
5.967082461534471693e-02
9.895377669630472939e-03
1.265642712105057022e-02
1.992058223014303575e-02
9.593664010762552319e-03
4.693459873943715832e-02
6.448818886145207818e-02
3.179942121374627201e-02
5.849369647110114201e-02
7.768015245769359367e-03
4.368330051040314466e-02
6.230429473677041169e-02
1.612881993859151958e-02
3.537874026158480123e-02
5.538767512224920114e-02
4.351395374390107373e-02
2.601714791304493221e-02
1.349282283230288093e-02
3.821476698689973278e-02
8.019096005766883362e-03
2.473275616088415479e-02
1.359442340841108751e-02
2.184343343292490316e-02
1.558156627262047289e-02
1.277038585609064497e-02
9.122127876320374612e-03
1.043115089689923558e-02
6.158972415583420512e-03
4.470214602140085147e-02
4.998654803724712076e-02
1.210705726433544162e-02
4.143781348438608375e-02
2.104333629893176752e-02
1.338858829754492955e-02
1.098704087568031472e-02
1.381340259289664044e-02
1.021862476818972791e-02
6.231440013006450500e-03
2.367941040130315880e-02
1.449747841402700479e-02
7.076682387454917567e-02
1.148179704922838544e-02
1.015689232248066093e-02
3.659355572395550649e-02
2.981484635084197601e-02
2.902203489994207436e-02
3.410763214934300902e-02
3.844207179128970864e-02
1.156365575271095514e-02
1.144963417651658107e-02
8.427760516285257020e-03
3.375584474777618138e-02
1.742581264681880571e-02
5.614541496304113061e-02
1.614317485465362537e-02
4.930952332765189267e-02
1.672152812602089103e-02
1.063675532139631355e-02
9.949056794997759856e-03
5.325876755442331828e-02
7.492111900972100828e-03
1.235016611238875205e-02
6.779673543509812626e-03
3.474885183294958851e-02
9.243131961794418330e-03
1.260911523454548606e-02
1.750591488688139907e-02
6.678578897322054453e-03
4.219226722148432945e-02
1.259908100076861416e-02
4.960751501095385374e-02
1.502003572522301982e-02
1.291304691339334627e-02
8.098224669211631643e-03
1.016104807015964437e-02
3.580388716608544353e-02
9.015744674804702583e-03
1.194016355133560928e-02
1.044133780989155331e-02
2.539143887757740886e-02
2.114240318082623651e-02
4.779285359187598198e-02
7.074247476120100464e-02
6.028451624966752603e-02
1.078344405264874441e-02
2.453805906291396319e-02
6.265320810349525593e-02
1.282464180770254494e-02
1.176512035242632294e-02
6.205979951870299084e-03
4.094217108789866000e-02
5.744120125463282600e-02
1.179595332146456295e-02
1.149655794314679950e-02
1.530342153804515291e-02
2.342320791017411113e-02
2.223403836887265575e-02
8.385309820497890629e-03
1.358356790558673359e-02
1.202622961587520960e-02
1.256816040240940277e-02
1.533778608676473511e-02
3.617333482036218933e-02
4.393015901222309394e-02
1.551340920967077784e-02
1.476432802768916017e-02
4.385945742659479174e-02
3.146312053073562626e-02
1.325527609149386270e-02
4.604251635543374355e-02
4.685704536510197638e-02
4.959368551176632223e-02
3.117126366106973828e-02
6.989310431850895636e-03
1.132924473117341048e-02
6.564259821607604239e-02
4.365769601674239497e-02
5.762351741111980397e-02
5.586280433813022722e-02
1.989016557536945826e-02
6.059653551416516876e-02
1.353087363211809453e-02
9.718203232315120177e-03
2.946335576047977647e-02
8.084033470088847206e-03
4.863949078721270525e-02
7.889212259714938405e-03
6.154555747293519868e-02
3.850581440157391927e-02
1.061419593466035940e-02
1.028597908500786598e-02
1.153828578633988959e-02
6.022220493559229081e-03
3.685123457531423730e-02
3.215511688941118107e-02
6.900218783246590479e-03
1.203992339005024136e-02
1.149171041491229596e-02
1.497959147448003729e-02
1.229712623663608423e-02
1.922286200365376854e-02
3.670757487788543771e-02
2.200490974411212219e-02
4.138256940001498047e-02
8.114261034349526044e-03
1.000000000000000000e+00
3.148571002148789488e-02
5.181605333180332174e-02
1.390673278828268022e-02
2.944568879122756028e-02
5.838000429188047388e-03
8.120127208281627609e-03
2.384183933104326233e-02
4.848635040287345432e-02
2.977320038106986283e-02
4.477108448899664445e-02
1.131036113716895122e-02
6.200990598657010223e-03
1.170056552153208793e-02
2.215563198103331216e-02
6.217925505233989902e-02
5.226550643182507894e-02
6.404751801481192372e-03
1.000000000000000000e+00
1.279802836045679758e-02
1.254067674873916502e-02
3.354237552343571072e-02
4.949855409087023511e-02
6.932814885695959099e-03
1.350076077790700844e-02
1.217076152023313304e-02
1.388001234411058785e-02
4.342308690328214316e-02
9.273111038091835789e-03
9.727098159167439639e-03
9.589414984681247228e-03
3.477003599398256067e-02
8.068545865758834298e-03
6.668808600921491414e-02
9.962912042117810091e-03
1.414409447088626690e-02
2.019482501910424554e-02
1.099232654867261967e-02
1.279465158043532197e-02
4.441597951788956583e-02
7.073365890798151250e-03
3.503190567415614964e-02
5.527841882141154572e-02
1.139735287062476274e-02
3.448275422568015947e-02
6.530453009223270711e-02
7.608170173442722894e-03
1.291353792339128108e-02
7.508060935067028575e-03
6.593799942145689430e-02
1.184769609749696494e-02
1.468478872052218429e-02
7.164881090551837410e-03
1.128721456710546182e-02
2.856595676676119272e-02
6.250488687429461843e-02
1.061750590789078789e-02
3.710112505983321346e-02
1.020112176604430487e-02
1.495807893819819934e-02
1.468426337400398872e-02
6.935349132520612046e-03
3.473543518475556702e-02
4.487450708617161249e-02
5.806956764369766710e-02
1.526893109819052116e-02
1.443943889698181063e-02
1.526525758332424217e-02
9.226488052887758112e-03
6.589583386157969735e-02
5.847954060346394201e-02
5.738262154095672557e-02
1.332151997364197128e-02
1.592550880456269566e-02
2.911960572845531670e-02
1.217604604293949337e-02
7.183576597716775057e-03
5.268780492781770936e-02
3.159199271693090977e-02
1.803066308464610148e-02
7.507056081766451047e-03
5.869675059136524042e-02
7.887978785672366058e-03
2.065292017474214606e-02
2.873004608264943457e-02
1.161378960774895816e-02
1.195816397592184416e-02
6.146180135418006021e-03
1.301130384654921451e-02
5.967771682618099732e-02
1.810925092987981239e-02
7.526800657971404081e-03
1.623357414594171766e-02
1.346530834367672819e-02
7.013652147492567199e-03
1.759293316376273064e-02
2.758741861715521132e-02
6.386280506744477364e-03
2.129806403480235394e-02
1.269219148004387121e-02
3.853703027819786742e-02
7.207065284323856472e-03
2.067485626679731875e-02
9.670060077562984968e-03
3.699322202698959727e-02
8.818825810603083543e-03
3.337441759857782270e-02
2.901472134430174710e-02
7.131802275963937919e-03
4.614669832261952126e-02
3.270037429575368970e-02
7.863240489116060661e-03
4.145481770133129656e-02
1.227049402531508841e-02
9.629123581652706751e-03
3.644902324175135905e-02
1.392415596425718854e-02
3.006138680512659977e-02
1.523465023804067113e-02
5.501251508807321333e-02
8.871520742960863765e-03
1.612245105303478782e-02
5.096222281054024750e-02
9.716242428531789849e-03
4.933463646567176619e-02
1.464560027035946566e-02
6.847503808907751989e-03
7.178339154645231243e-03
1.120159969327331161e-02
4.779155315271830379e-02
6.190296901449414413e-02
6.729437141920407289e-03
5.135728742613987485e-02
2.629297038039789605e-02
2.767702609443222980e-02
7.232027587891936768e-03
4.857315815918299140e-02
7.118658209715425511e-03
2.989490235733550938e-02
8.289931686927253310e-03
4.687152104549412168e-02
2.345720094422654167e-02
9.479853365587072658e-03
5.950969120300905052e-03
5.744831626832303667e-02
1.530121617719093496e-02
6.498919702596616006e-03
1.932196433022903906e-02
2.593752838500611863e-02
3.201326634208189609e-02
1.898610756783327899e-02
2.911329674587236765e-02
2.350744497348358081e-02
3.580307642883927971e-02
6.176980440759502131e-03
1.371496485331659583e-02
4.091746516553004809e-02
7.771687226330137137e-03
1.312729848821488424e-02
6.595533058762145968e-03
4.946621472606460568e-02
1.234201445892256152e-02
2.905487709939176891e-02
1.332468352411072740e-02
4.059484703481068546e-02
2.247532499536675568e-02
1.280020912699574367e-02
1.412267984805694841e-02
3.706139227001770814e-02
4.185037124370529632e-02
4.502414478157074074e-02
8.139450219312697674e-03
8.485201854291250095e-03
6.009881652851755199e-03
3.122153628405639411e-02
8.971683203158489425e-03
6.093232138985666367e-03
1.286475553454650457e-02
7.853597536798080300e-03
3.523044796995251221e-02
3.586871220559784829e-02
1.553143161069066823e-02
6.557067728686668921e-03
5.085209650192220460e-02
2.308015653332751160e-02
6.933624392171066665e-03
9.033189407546306227e-03
5.632848531776783740e-02
4.774912906422496689e-02
3.149450251358557745e-02
1.237914080739600971e-02
2.379212624767922113e-02
1.384582830361541679e-02
1.433469255297935979e-02
2.271178035894739003e-02
1.595972945441476165e-02
1.373257908801174890e-02
3.604690407166437349e-02
5.768889554852500018e-03
6.341342353123281816e-02
8.042316013267219663e-03
1.893651612828992428e-02
4.750608967192098547e-02
1.031221152073033380e-02
1.126154908865391498e-02
2.594176403171217365e-02
6.312460929392465538e-03
8.265575654671996134e-03
1.528098203258527500e-02
1.179047646258405031e-02
2.808776395995431913e-02
5.771323214504855276e-02
1.190929173094905369e-02
6.282537309881862722e-03
1.792213062121326278e-02
3.479959662205401455e-02
2.715156115143978199e-02
1.424778595836383860e-02
6.835043244248132852e-03
4.155677311979671246e-02
3.451014145185968274e-02
1.546789569078734633e-02
5.521474066781233841e-02
1.002265751790255843e-02
2.650280449170393932e-02
1.390138295956659491e-02
5.950824681064634768e-03
1.323378348877469156e-02
6.510507775389311191e-02
1.442470952652128227e-02
8.203291866506727190e-03
3.662479649775679524e-02
3.240859181692128110e-02
3.874693632306851210e-02
5.849952303995548802e-02
5.221621020228803950e-02
2.485137575280208302e-02
3.984628921438378851e-02
4.871676918235481185e-02
2.930816948769607647e-02
1.295817290201784280e-02
3.903542319522657761e-02
3.682563266485873454e-02
4.789338037198294373e-02
7.354956490909652506e-03
5.416082051400655101e-02
3.293614910969298176e-02
8.433593793869350111e-03
7.348151328620961854e-03
2.000078937908456728e-02
4.121175510911642692e-02
1.102158203792143708e-02
3.030096284548805877e-02
1.026908032675545243e-02
5.708084207827482381e-02
4.493304182465034102e-02
2.303465154453140928e-02
1.385897463788245132e-02
1.218104768132451284e-02
4.221441479213958181e-02
1.927629126565813880e-02
3.720321881230834876e-02
1.553610969238820513e-02
3.805378337277079415e-02
1.581490551049664559e-02
1.999527565844613775e-02
1.054106692659734570e-02
1.211120624873078880e-02
1.546314161114820292e-02
9.756314955665678842e-03
7.320354747529417977e-03
2.407533256342812150e-02
6.710520154009040963e-03
1.089818505156870190e-02
7.350860483253830041e-03
7.725416865084316388e-03
6.243303517296451728e-03
1.039077003438602584e-02
2.841929085336906274e-02
1.525496891653016496e-02
6.831641778555061842e-03
5.148940809314587336e-02
3.647459842811692776e-02
9.832676423631617896e-03
4.738215495067516631e-02
6.658591688266121342e-03
1.130769771965724375e-02
4.230469025137620354e-02
1.492773882105177981e-02
1.149075703289925872e-02
1.113421411012862662e-02
6.806431333809836483e-03
1.495284210903656194e-02
7.607958958641678794e-03
6.109782834756104751e-03
9.853888388768753184e-03
9.226432294939862153e-03
1.175170625215047823e-02
2.067221008576923882e-02
8.114584563358782573e-03
2.432257082785061267e-02
3.963472068123876507e-02
3.456460799045747712e-02
1.362380743599390411e-02
9.549984108569168489e-03
1.998023227463950960e-02
1.340335973411670850e-02
6.098732788575422781e-02
1.584037327597343295e-02
4.190790916020523116e-02
1.236751970233294223e-02
6.123590368485849061e-02
7.317163020667482275e-03
1.126749514105595922e-02
2.340461164422343032e-02
4.031822029764793591e-02
1.175555823368802828e-02
3.875076538974686624e-02
5.327957902765803611e-02
7.497761007053843109e-03
4.703415613477947288e-02
1.408072823448835824e-02
4.485410035244553201e-02
7.313980173856905742e-03
6.356142842037738883e-02
1.429690628455871151e-02
1.340092813061209351e-02
2.913666336974442272e-02
4.475200556844616262e-02
4.399899780167976920e-02
5.255465313243098263e-02
3.121408404665546726e-02
2.883779482728591331e-02
4.378755625416040631e-02
1.968848474896622847e-02
1.562115052827863816e-02
4.635722300990897243e-02
1.493427260199381088e-02
1.025005011915389869e-02
2.506322371458602830e-02
6.450612418840946834e-03
1.500505444047528156e-02
9.566557732108115289e-03
6.362667006022103625e-03
1.221993821805000477e-02
7.578253305731424624e-03
1.470448024266224514e-02
6.683083779196017857e-03
1.238293866187163347e-02
3.436910332162194937e-02
1.631740424313875282e-02
6.920610818275388203e-03
7.784044344373549154e-03
6.194273235346456005e-03
8.067475763014326368e-03
5.296258197760086994e-02
3.117562281266290578e-02
1.243119952110510393e-02
5.213532419572206034e-02
1.668914349440829212e-02
6.358849499559581821e-03
1.454390945253099428e-02
2.805772541497668013e-02
1.347468120858000620e-02
3.199645279973138690e-02
3.198663983075942380e-02
1.489240019818955686e-02
2.552410275926851602e-02
4.196845948042612906e-02
4.323446046888686917e-02
1.158860596948501839e-02
4.784506937290997769e-02
7.816289665655954538e-03
6.159566388091349681e-02
8.197729433422396017e-03
1.132761120089816748e-02
3.173268835357970913e-02
6.896491195863276025e-02
7.060332054574594736e-03
1.330385881499161413e-02
1.819594918213957371e-02
1.646312484602000664e-02
9.249726425810188973e-03
7.515592589850503269e-03
9.033733899815578339e-03
2.257202918882464382e-02
1.163534787643767665e-02
6.265927506036121988e-03
1.350276843815380323e-02
3.763292708921610330e-02
6.174476535535773636e-03
7.041078607698890435e-03
3.277687308675512889e-02
1.499479856492623268e-02
3.238257318143963198e-02
3.577203346228176317e-02
5.194862149963802578e-02
1.069271678835317235e-02
1.464036625907236093e-02
1.087470857053130999e-02
1.502641464112223699e-02
4.309985131914537138e-02
7.796411434701873075e-03
1.666499797880088146e-02
7.854803928516460379e-03
8.232438437497947500e-03
4.284275500093003008e-02
6.518806997386239824e-03
1.180488371722492220e-02
6.123170108767523462e-03
1.837752201126751153e-02
4.767584042342200984e-02
1.323788679539312542e-02
8.806221483534003996e-03
9.318318626800718013e-03
2.243438681464146600e-02
7.171916921731340093e-03
3.464053032723116154e-02
8.848577796758860109e-03
1.348399031910610217e-02
1.368239190573399683e-02
6.040539392961599696e-02
6.521290673084255765e-03
3.823230986140465498e-02
2.661359866595971665e-02
1.052608216163912827e-02
2.454049771049652759e-02
8.261683939579281266e-03
4.073211445754402332e-02
3.431915778582010634e-02
5.701128486414902552e-02
4.943104770918316238e-02
7.054693275839596725e-03
1.509105990228170636e-02
1.051286059564873407e-02
1.411992895480106321e-02
3.820713365911952014e-02
6.166611032827853944e-03
4.959956360284727139e-02
8.580882622166458723e-03
5.900053879461129858e-02
6.975507983589635669e-03
1.407509602653374443e-02
9.125327444058055001e-03
6.906093503575080894e-02
5.356087737048669667e-02
3.002630439319516412e-02
1.509178443525011938e-02
7.657069011878118135e-03
1.545857260701476860e-02
5.886875369689329590e-02
8.115025090319081744e-03
7.233967031106314574e-03
2.086656492581684744e-02
7.222615133265736925e-03
2.246037729189257967e-02
5.012936778718195263e-02
7.931150876115605070e-03
4.562852412072773700e-02
8.793366092500722736e-03
1.527740206062480621e-02
5.869677990031846662e-03
5.798187820704173157e-02
1.340936991811602155e-02
6.655581843321593805e-03
8.601356975713800659e-03
6.217102552488307232e-02
6.832193299822746091e-02
6.188145316371572099e-03
7.432787742711631507e-03
8.504476239602924703e-03
1.057190658619771954e-02
9.986516946834767677e-03
6.205504709117047775e-03
1.542788723612262096e-02
2.384991776624646037e-02
4.905906619606217878e-02
1.071701549588299253e-02
5.759291545705717830e-02
2.935212173556625559e-02
1.668215303041260811e-02
6.467795607796016782e-03
1.433290977541482915e-02
3.250169859218376978e-02
1.163796363917266215e-02
6.736871235608718478e-03
9.710701467213259802e-03
7.509809457839930133e-03
8.416183562517652941e-03
7.868211994875223825e-03
4.011880167245284595e-02
4.875835379555143456e-02
1.531880193380302964e-02
4.712146437144001249e-02
4.120399866215099238e-02
1.355183628246486513e-02
4.970752880341174074e-02
2.654051094885982037e-02
9.738340030024446314e-03
8.637845235337001520e-03
6.270138573693432790e-03
1.335167188876352357e-02
7.202862572059856930e-03
1.496850479388606332e-02
3.502231446372362778e-02
9.926897333155893996e-03
1.296428674627748273e-02
3.515234489545186053e-02
7.798840877020947644e-03
3.090551595300509297e-02
1.435866017415247421e-02
1.438042655104411482e-02
4.845370388733508116e-02
7.092998603460281409e-03
3.909091302576356980e-02
2.012362091388445601e-02
2.007785447148234537e-02
1.298426551684944696e-02
1.211159901715901099e-02
1.242906785918931716e-02
1.140497678388142748e-02
6.339796229368970838e-03
5.970754770181220875e-03
3.140809199548047492e-02
5.765074814847930690e-02
5.862228048978009032e-02
6.617322724469774237e-03
1.448644196666707198e-02
1.334141380888605004e-02
9.996071347329606518e-03
1.338099240681028118e-02
1.171927381918118002e-02
6.810093992398182083e-02
2.378463565141726924e-02
8.278282240904393310e-03
7.910779179946000536e-03
3.319974065089290050e-02
4.583876375586015683e-02
2.626826224810963062e-02
2.103984749490590486e-02
1.392442970732171714e-02
5.779318265085256479e-02
6.243843734442585530e-03
1.187939357185351270e-02
6.476985713005860290e-03
3.247620952717691217e-02
1.756724253226898610e-02
1.547491974616712652e-02
1.237378882771373971e-02
1.318610116139146832e-02
1.352649815016307433e-02
9.356932249098344478e-03
4.121954440246265727e-02
6.390437490681497024e-02
4.915419564331657137e-02
3.606047270944256339e-02
1.448210254365049285e-02
1.311758101277654166e-02
3.610873139352704930e-02
3.139851159630285132e-02
1.084215579933967173e-02
6.813130848792612292e-03
4.570714114651019261e-02
5.396115326352445701e-02
5.414971686324962508e-02
6.686486038656585910e-03
2.022122636893557493e-02
9.933396866208813597e-03
3.334913236083996563e-02
1.231822809241958638e-02
6.974842229138652691e-03
3.665606241882091165e-02
4.222248192164406583e-02
6.878566866732651816e-03
4.367874269476645227e-02
3.697665494558730059e-02
4.756516204235148454e-02
6.355326925545523586e-03
3.202715086426312363e-02
2.911722768142231688e-02
5.102384478386495087e-02
6.700151742561594181e-02
9.141664064537468118e-03
5.906322902305453926e-02
6.594632843527853047e-03
5.633959800819099417e-02
8.458514494963527072e-03
5.407944405635968510e-02
3.688373134565928191e-02
4.941278431761552542e-02
5.879611043481998249e-03
7.780016821817087314e-03
1.757945741282098892e-02
5.729972210645165737e-02
2.258337846303037563e-02
1.218360093454310539e-02
4.998881310127385735e-02
1.934410958015594928e-02
2.422562352556429863e-02
8.114830530214821661e-03
8.733959072590806103e-03
5.162115049201991546e-02
1.425790950304250265e-02
3.755934675480421259e-02
1.128594673443007040e-02
2.459419535131561821e-02
6.255454222494556335e-03
6.763853872461697732e-03
4.204793219063901466e-02
5.058491365789302002e-02
3.256875512753545227e-02
1.413731554130325321e-02
5.946786107369653011e-03
2.645768016403440490e-02
2.977257601602900303e-02
5.355260268198752671e-02
7.397342369558849128e-03
6.259028600874402999e-03
7.622597159595840936e-03
2.487604899515064374e-02
6.302771982194013169e-03
1.359519751523601515e-02
5.633670334890680115e-02
4.276752459624704600e-02
2.650370993068447770e-02
6.557792476749475796e-02
4.647151937965809942e-02
1.223081886996359863e-02
1.339491958197719899e-02
4.632303329028286676e-02
9.698146133262926238e-03
5.813130879330564993e-02
5.261661605825933286e-02
2.451995110983644019e-02
1.000000000000000000e+00
5.199741592941971996e-02
1.217852348129908925e-02
2.493319015134120437e-02
3.907900184276407590e-02
6.714586071836709143e-03
2.708037044210159089e-02
2.784843810261332028e-02
5.325907849316719594e-02
2.479816712793566497e-02
6.409235031318676057e-03
1.034586597737406112e-02
1.124814237354838237e-02
2.582144665188955066e-02
2.179458897923789579e-02
1.257200706706899061e-02
2.558361520129473141e-02
6.872299480668657770e-03
3.242739160875525439e-02
7.714247186022471330e-03
1.279090880594478501e-02
6.389171086177064529e-03
1.477423090372062542e-02
3.614419956191979033e-02
8.472210017991668035e-03
3.983832025461070403e-02
1.402223024265621121e-02
6.571482071017394240e-03
8.592088648953249974e-03
1.899126160172679226e-02
6.373770008518002406e-02
4.564198695523553895e-02
5.651919943528525142e-02
6.229960195978165305e-02
2.595334413016142650e-02
5.682685854104278095e-02
6.005522609690938651e-02
3.098179892868270155e-02
1.477305942038660558e-02
1.964237187313342889e-02
2.682098134689749405e-02
4.285596730546080424e-02
1.369253067375486056e-02
6.606966664816106387e-03
4.069474910021558117e-02
1.403386966457818852e-02
5.181416533931360036e-02
1.518049846283880608e-02
2.100121571963295061e-02
1.035010195593762117e-02
6.061740881953043940e-03
1.245602112007098208e-02
2.209252125252167409e-02
7.513339306872630560e-03
6.802151664770881775e-03
6.296593396909526581e-03
1.078944050137460066e-02
1.012775185758083007e-02
4.452505499061428645e-02
4.263065853830838581e-02
1.131345986074215951e-02
8.468655817601459038e-03
1.341070563849643474e-02
1.082599692949792920e-02
7.036786300455333959e-03
6.107942028730749262e-02
2.809209499936361418e-02
6.097056041094092542e-03
6.408572525145574128e-03
8.653619983298617424e-03
3.525970555083970948e-02
2.446255893307232657e-02
7.841311073230119999e-03
8.253901868813740689e-03
4.597005780555770554e-02
3.186900724127392920e-02
1.363663030685648321e-02
1.000000000000000000e+00
1.500332673739632888e-02
3.828367886532250269e-02
1.475905823221951990e-02
1.248010066377796927e-02
9.651325036804664012e-03
7.370593035192662089e-03
2.942968077092456003e-02
3.016479709088900826e-02
2.146671439317314814e-02
2.573147382964364321e-02
1.141647459308009482e-02
5.297118659341788771e-02
2.152461038634913976e-02
8.320599918498445408e-03
5.460534170474597854e-02
2.433088018107918554e-02
1.590473107681980927e-02
6.696325545986278258e-03
5.823039767541515060e-02
6.326175936556661071e-03
5.405179091340486103e-02
6.072281829292305866e-02
1.152496019047121595e-02
3.956785367755202842e-02
5.830587250036454311e-02
4.112238930714229995e-02
5.056990059807758148e-02
5.997744761806388797e-02
6.238409562077708477e-03
1.550568868363640281e-02
1.549760601483561769e-02
1.062213965130110599e-02
9.893975485141669191e-03
1.178127201115644618e-02
5.857270374449627913e-03
9.782357114744613322e-03
9.053563780321047944e-03
6.413683679446761758e-03
5.464548155275599645e-02
1.973754812041816908e-02
9.456167843719720523e-03
3.675762217274548133e-02
5.587764579808310317e-02
1.413851830761936497e-02
1.310226576355852379e-02
1.272237219801235740e-02
2.409212378628829143e-02
6.461126222716094027e-03
5.577781401877698886e-02
5.997278645045051038e-02
1.398835238796987748e-02
1.244286449409703552e-02
1.243734980398172527e-02
5.290458651647431121e-02
6.657571513388995527e-03
1.409405461054112976e-02
6.996095245185165491e-03
2.550349047670913416e-02
6.822357378718895901e-03
7.102778961128315520e-03
3.296523473606825100e-02
2.487367034751076719e-02
6.260956388775419657e-02
1.503615623394554540e-02
3.461090076266624960e-02
6.495818148511843526e-02
8.800302820052620725e-03
1.186313918877393223e-02
1.160538673061766064e-02
1.374219354901598522e-02
2.529098294130859709e-02
1.165590491756841700e-02
6.451891960838601614e-02
8.282931171551963928e-03
6.411774275665816855e-03
2.453361226643705276e-02
5.165578650253374593e-02
8.620800784893380836e-03
1.388212205732491412e-02
5.916528121056502387e-02
3.728235390267528593e-02
6.023986769601194675e-03
4.862160140353829346e-02
6.194322194551797785e-03
1.446173345924134900e-02
7.820477826522866799e-03
3.185380801384828098e-02
3.691189091639029973e-02
2.374082938615042215e-02
7.903625097299412511e-03
8.330433883491169048e-03
1.607790920141730778e-02
5.694683767199316092e-03
5.194075230839354657e-02
6.010010758227267089e-03
1.527181028671495237e-02
1.409098327610111903e-02
6.292104313139719463e-02
3.812834209345304648e-02
1.990719626717590840e-02
2.382898546429325012e-02
3.109831216391742773e-02
9.546090370602798580e-03
2.387200016039310937e-02
3.577366208788480828e-02
3.713897646584465861e-02
3.251306134518901214e-02
3.575727655930137361e-02
1.471810654065663915e-02
6.702208735661355221e-02
7.486538086844139565e-03
9.986019635537584857e-03
1.184583705385670871e-02
6.493107816892797896e-03
1.363132364381615912e-02
3.416503740779453652e-02
1.253045136026308473e-02
1.193258403198650328e-02
7.475234077267797067e-03
3.987074297064578665e-02
8.238170821619558368e-03
1.097233997217134799e-02
3.699068261883340508e-02
6.464162566403857703e-03
8.922869560636240496e-03
5.965812560488029104e-02
1.583522872129555434e-02
1.055363530172774393e-02
1.110328423343909417e-02
3.409451117183346508e-02
1.200568137817857595e-02
1.188913716999767667e-02
6.540518498902165613e-03
2.892655857708891290e-02
7.119892819855371154e-03
6.552119687319021835e-02
1.993067963236371323e-02
8.708541792301035742e-03
6.795997759615731229e-03
2.781678233661179570e-02
4.381086788668839965e-02
8.616879353443277281e-03
1.484228542097404749e-02
1.353859072210375838e-02
7.244183071988264701e-03
4.365249556194766845e-02
6.715266488856747040e-02
1.804957192613126232e-02
8.773842981960102219e-03
1.202917258337009646e-02
3.522111849334014222e-02
7.417413491613697105e-03
6.256685714765772288e-02
4.081189836306624991e-02
1.409537598247614584e-02
8.789800767549232896e-03
4.787465975333937696e-02
3.739556512538477068e-02
7.179688931792034198e-03
1.819711609829977733e-02
4.758908671030900872e-02
1.139494692970447962e-02
1.140592699001272484e-02
8.696288643131150700e-03
6.833927275803014165e-03
2.257809004484637519e-02
2.949100832408887291e-02
4.213634496665984164e-02
3.868422484529514954e-02
1.236955876847530694e-02
5.308040962201854979e-02
1.387654832825328637e-02
5.467672795123016544e-02
5.582585041659684361e-02
2.680148613093770102e-02
5.962049593711325063e-02
1.508598647564693765e-02
2.642798195255339697e-02
4.969345342096841839e-02
1.931367582746250366e-02
8.803925566935761129e-03
4.247679838244401013e-02
1.542984683096171837e-02
2.889323664372045117e-02
1.399279395592605175e-02
7.359251442944151657e-03
1.554240036235677788e-02
1.299306871978836951e-02
5.405475463373223682e-02
1.480443067645497227e-02
4.238620099592800561e-02
5.449108997263716475e-02
7.635922604558470841e-03
6.505700995457523728e-02
1.686343880005882270e-02
6.678351038072439204e-03
2.740486485172594772e-02
8.758009725125073461e-03
1.310668666222708327e-02
2.147074975997369586e-02
2.570128108923260685e-02
7.161612653876215685e-03
9.292223723156734644e-03
2.271435645250125673e-02
1.175708848130321837e-02
2.395276047665937866e-02
1.650494533813335468e-02
2.561657131176638472e-02
3.180752858007186018e-02
8.488291308522185469e-03
4.132538321045291230e-02
1.781690801187489973e-02
2.137372602859699197e-02
9.864124680216310517e-03
1.265688880205428565e-02
5.201510756773324723e-02
9.025290423472717011e-03
4.169780636709778665e-02
1.128946748286778837e-02
3.651782017314270101e-02
2.067593070474769978e-02
1.216642434261624127e-02
4.922519504070189955e-02
1.602099011685761618e-02
3.428985918170210367e-02
8.893876547322954532e-03
6.337925005564729042e-02
6.770406816553566597e-03
3.940821331922270826e-02
1.080601711946074968e-02
2.924391521202742913e-02
5.338494664679219182e-02
4.577674774891429127e-02
2.496201731565639639e-02
2.815802778202065176e-02
5.912991509174543060e-03
3.832020326283518824e-02
1.441519066659186638e-02
4.463191128227222276e-02
1.034644266382794310e-02
6.184045501812059781e-03
1.885904763900092887e-02
1.395897764055291715e-02
6.290887391310529334e-03
5.678363962101933005e-02
1.449170159056788719e-02
6.400567405829749382e-03
5.844873583199605704e-02
3.012115841607207814e-02
5.615515164427414829e-02
1.021760605592659729e-02
9.777834030787749958e-03
1.112651719348621907e-02
5.387953934079038609e-02
4.235340961290583878e-02
6.395496175921583371e-03
5.767640010118828264e-02
3.149808188174654106e-02
1.539765259537963921e-02
1.060119000408104098e-02
1.481885990091929770e-02
1.058735229579560802e-02
8.919618837839876288e-03
3.394378050876338537e-02
1.095187807274656568e-02
4.292175819165273964e-02
5.727055422991507438e-02
8.018204280023569566e-03
1.453871570538569843e-02
5.487140444043753229e-02
1.257125213901861584e-02
3.132030221914806206e-02
8.742270800829668106e-03
1.432896388503261328e-02
1.025520985738333918e-02
4.361268181717178199e-02
2.963394548732864453e-02
7.131165585295190859e-03
5.910479944644902311e-02
1.089728945186359439e-02
4.889125661485512614e-02
3.387809226725688183e-02
6.851362527233528267e-03
6.128655185366418262e-02
3.628458703338639790e-02
6.163965244976774699e-02
3.739722723035437263e-02
2.508054758330952733e-02
3.250288368872483735e-02
2.819696873283849409e-02
3.226806152075437084e-02
1.467479201172515631e-02
7.015191915060284104e-03
6.636328449228528874e-03
1.058164594184793014e-02
8.333939922656592031e-03
2.517177280122180963e-02
3.968563930196672418e-02
1.157173969087050766e-02
1.093613732429529403e-02
6.534922631014742495e-03
1.728084391880813780e-02
1.214394863323801747e-02
2.781702698472914362e-02
8.958838301902432091e-03
6.121510392680770858e-03
3.621185965269288487e-02
6.718742540845759614e-02
3.697278215451240552e-02
9.244148046317707257e-03
6.131279778591930407e-03
7.159566984205049944e-03
6.545707271683203279e-03
3.671502103521730870e-02
3.691304613649464689e-02
1.413360695953941662e-02
2.804169169689123969e-02
2.911551162508377658e-02
1.099547961572759983e-02
1.362123321419123761e-02
1.542677355566269073e-02
1.232422039482297151e-02
5.045925826173489753e-02
1.303587402311231006e-02
3.855145227076149650e-02
1.406191582116334687e-02
2.473650277387869079e-02
3.788058970389942409e-02
5.934966986909842764e-03
4.622028831557577905e-02
6.636059439032422104e-03
4.853886821317254102e-02
9.296997943184830138e-03
1.045676916214290271e-02
7.987610394904495412e-03
2.678699870576349215e-02
1.314088311689578029e-02
1.233025696338618631e-02
6.115647713143642326e-03
9.476037741612075224e-03
1.428674451510624985e-02
8.299685433685330058e-03
3.520673985833884523e-02
4.021415811044138505e-02
6.650119502343955838e-03
2.822736869042076491e-02
5.270770258631037042e-02
8.289885456107121131e-03
1.363162065717961856e-02
1.080969714096426115e-02
2.757033485877808526e-02
6.449126245633767136e-03
8.011591591510578564e-03
2.674662814491924820e-02
5.920966137882727881e-02
4.528939801905174783e-02
6.979661958347484554e-03
1.123988349222983414e-02
6.183700664834324012e-02
6.848779931352182160e-03
3.194392666242021339e-02
1.588600614413489612e-02
5.306800283372296173e-02
9.732777713944734677e-03
5.229105839147653312e-02
3.232790952759227038e-02
7.578129524768864936e-03
6.492976290624653812e-03
1.038991008007951813e-02
6.792956276200695642e-02
6.031064413661553492e-02
6.447288851330047928e-03
1.385362272241281133e-02
5.962520813285263066e-02
8.063911831804855893e-03
3.713787484648050502e-02
1.100361878116820624e-02
3.928017958209715360e-02
1.146838833625468505e-02
3.195131188209309608e-02
5.703360309316368032e-02
1.606852643655859794e-02
1.121453255238836176e-02
7.352550023315342076e-03
1.059146961360234347e-02
5.133408414974826445e-02
8.533609864528238220e-03
6.377690124861670577e-03
5.539161281814234533e-02
5.101791491029952080e-02
8.741002807565272786e-03
2.575474040688606123e-02
1.264917644202746133e-02
2.928625969214034355e-02
1.079432078102947508e-02
1.569269575487678564e-02
2.640704096357180883e-02
1.286136746109649981e-02
5.321999697667507273e-02
6.448659378595357136e-03
1.299590550955961356e-02
5.073064706614272001e-02
1.320618775659490769e-02
1.009889836119949071e-02
7.214457915339181696e-03
6.198968459034832727e-03
4.072157630044409560e-02
1.536526752946250872e-02
2.731765794272810952e-02
5.682705750324053284e-02
1.352232690690888250e-02
1.386915075482723740e-02
3.339119683700437352e-02
1.532295469971996574e-02
5.072963690274736454e-02
1.254589619960295825e-02
5.025363875140084757e-02
1.511021176153025045e-02
7.729118478578894495e-03
4.115642824650697640e-02
1.267891829748418048e-02
4.670483518645775212e-02
8.902997883605413831e-03
2.721348762176984196e-02
7.035071032977293151e-03
7.076207460425802676e-03
1.465673002781883207e-02
3.245089512525525799e-02
1.211747107218370118e-02
7.324360776713839324e-03
6.116854194325958664e-03
3.975522232860337346e-02
5.630292888231318293e-02
6.396973721673895885e-02
5.291778968825471691e-02
5.304658286986727034e-02
4.672174062806402212e-02
6.965150511101913210e-03
2.540856170583731186e-02
5.626192364668568952e-02
1.455473869237469166e-02
4.036483862131271666e-02
1.254155456974528210e-02
1.199560712940887265e-02
1.416658096130347065e-02
3.111170942041649803e-02
1.187678634740783543e-02
1.359277438531097427e-02
9.368077107126906999e-03
1.463673268785038034e-02
3.301815002495444434e-02
5.870992722325777541e-02
1.271203271649263243e-02
1.171408050672565447e-02
9.663556966233135398e-03
3.378417605023810444e-02
5.540648154340177545e-02
7.623783543603460285e-03
1.914543976654917157e-02
1.458965768214888145e-02
4.747261957526056897e-02
3.973123154873049734e-02
5.067227876631180683e-02
7.047473778888088854e-03
1.278001672542057078e-02
9.512585299797969920e-03
3.179788101211210305e-02
4.294956776492134254e-02
4.032917773857731814e-02
1.162733040148907805e-02
1.166196713737962208e-02
7.744479794544424471e-03
3.028158848480826462e-02
7.450806212085766406e-03
1.893937284439083449e-02
3.373067500536690300e-02
1.285567820232158369e-02
1.482773599994112630e-02
4.884544484553849514e-02
5.440266812882486869e-02
8.610533272323977680e-03
4.609831463399684942e-02
1.075300125966823124e-02
6.659365186050687779e-02
8.101947553670926783e-03
5.784947880466857068e-02
6.807906005584019211e-03
5.206276690325516154e-02
1.270596748903867444e-02
1.789329575470878161e-02
1.400361848839988370e-02
3.702645321918053567e-02
7.086014213670803127e-03
5.179680097776117459e-02
3.708831490069817299e-02
5.031775128599972474e-02
2.885861963411177206e-02
6.900990813588607151e-03
4.869902853219947036e-02
7.852306758001140891e-03
1.625902795817709204e-02
1.824209448723551619e-02
4.206890099723373938e-02
1.762593023036623449e-02
1.266406064411817502e-02
1.374481357912478614e-02
1.211715250946584534e-02
1.400900541944905160e-02
1.104658012419197817e-02
6.469041616722349952e-02
6.160092935140833517e-03
6.575667037511663537e-02
3.049923612197550163e-02
1.196586828522759084e-02
1.194608269090374764e-02
2.721093125047647013e-02
4.613996985018064406e-02
8.198106958523420501e-03
1.500055845026703090e-02
3.198397617598987969e-02
6.342984372543982070e-03
4.268344127634592089e-02
2.298889489856517643e-02
6.536846997491899645e-03
8.237328881156684435e-03
3.303466555695251661e-02
3.876523362941491219e-02
6.720145022459531915e-03
1.256731238659917343e-02
5.871647076743904438e-03
4.140827141986926779e-02
1.037069669272205376e-02
7.942321489989181624e-03
7.367238725915981751e-03
3.881772625762582030e-02
4.252978208982251956e-02
7.903250284939086767e-03
2.825963476431458260e-02
6.577363720254968647e-03
6.693418727263764426e-03
7.754075788648989026e-03
4.686735907704515230e-02
4.320299590853529659e-02
1.208973730634305827e-02
1.212255537098764699e-02
9.436026978882522051e-03
1.099618727838078645e-02
1.324495069556492349e-02
6.695427655049289439e-03
3.759547210722240934e-02
5.005602979539812425e-02
8.372964455557654201e-03
4.316843868551660524e-02
1.595029064923491821e-02
8.250211136775912127e-03
5.498630639471735471e-02
2.462976550438587126e-02
4.777906856525765411e-02
1.304419072917039485e-02
6.014959683129864759e-02
5.509822486692824567e-02
1.338484202095313082e-02
8.321444522352840559e-03
6.496687793556963318e-03
1.012968166107748938e-02
5.717377042295349737e-02
6.387888457542513845e-03
5.333785475138748400e-02
8.133566744026954690e-03
5.733554554867995728e-02
3.426468176592698672e-02
4.995774016956392588e-02
4.021748428826195376e-02
2.520261545377671525e-02
1.376350034837372192e-02
1.768367435988259587e-02
5.110625324012654097e-02
1.239105131590550156e-02
1.291455470987892123e-02
2.741705347580382715e-02
8.409412930193546978e-03
6.408384386351943969e-03
3.454808443903405191e-02
1.103885824316399103e-02
1.239008547404614816e-02
8.605013234633342167e-03
2.723343399574799928e-02
1.400513524344739434e-02
3.995334731788459381e-02
6.579587022452131756e-03
1.510141207866839801e-02
1.054520546407082190e-02
5.890852472783224270e-02
2.461296450843054179e-02
2.791830673032969987e-02
9.141491187182835057e-03
4.472612126185037534e-02
1.389364663961852736e-02
4.058510379680873442e-02
6.093050546785519668e-03
8.677079251753185007e-03
8.063214195484232072e-03
1.380583549101509731e-02
4.796890896156327799e-02
1.461699043760121726e-02
5.951819823406619137e-02
4.502998159747716167e-02
5.842204117425460995e-03
3.226021081189372336e-02
1.088375511299245410e-02
8.742398906332365244e-03
5.957365017382983130e-02
5.720806702828401535e-02
3.846007589851588998e-02
6.790597796515416770e-03
4.977490852351936640e-02
1.234950479895996489e-02
1.227732078950052007e-02
6.677120007655435244e-03
1.470434938415170374e-02
1.268624129596717873e-02
5.762596540011008517e-02
1.101690743466960873e-02
7.821566055747021864e-03
1.125684768569664221e-02
1.366063104895580242e-02
6.199261172599366404e-02
8.354917732612361300e-03
2.199346041558080181e-02
3.466643965315871490e-02
9.263648231241088105e-03
2.141135651307081791e-02
3.494350879536419624e-02
7.730001273228316941e-03
7.041882818334023984e-03
5.923532475838669265e-02
1.063482120619415466e-02
2.178458733190306168e-02
8.732673450041869914e-03
6.469830213051415251e-03
1.064147554123455984e-02
8.250712717691352852e-03
4.758401032843089656e-02
3.836888576315446164e-02
1.480304606703100080e-02
4.322593295947788072e-02
8.682707196407376052e-03
5.846965894883903066e-03
3.229447010456927558e-02
1.323973256365801494e-02
4.087376046466879159e-02
1.537917621740770083e-02
6.342295425015564807e-03
4.531695773509476777e-02
1.338867645001640995e-02
1.110771577446896703e-02
2.614562727456193336e-02
6.278297523007593355e-03
1.624399266122174626e-02
5.684503607139581444e-02
1.106710775133795850e-02
3.658568188405326299e-02
3.123673494811257320e-02
9.470031724340440341e-03
1.292677065611845012e-02
5.151856055953846908e-02
6.406140817067788699e-03
9.347535126303617437e-03
2.114544427471891710e-02
1.394830901975893135e-02
5.458684991479136051e-02
6.062804366150037136e-03
1.120375396996069889e-02
1.084177218190944883e-02
1.450366943112044171e-02
1.350313886082564127e-02
1.618159416086456526e-02
1.454624024375810072e-02
1.546845180101363328e-02
9.823050065912056900e-03
1.055492200282132087e-02
5.976622915368815479e-03
1.234681523292536706e-02
6.775176626808163474e-03
1.507302156244380402e-02
3.319773703399036408e-02
1.264399795934358084e-02
6.616490168688102247e-02
9.601861207459020178e-03
2.025824619987462785e-02
1.240641100591061488e-02
1.053917140104455863e-02
1.291790125552157685e-02
3.989993567998506574e-02
6.174663740864503453e-02
1.494233070886031092e-02
4.624601035364531848e-02
8.183789308189012845e-03
9.232105268185653371e-03
6.792705535649393341e-03
2.311826952121255954e-02
1.511799177349656617e-02
2.635471711546869336e-02
3.390570326458285100e-02
8.164152881292985678e-03
2.796352149387239944e-02
7.561517180901479798e-03
1.241850976279003371e-02
2.864851247498972908e-02
1.047662782258894539e-02
1.416534251032266871e-02
4.982497989817481765e-02
5.503581064336814099e-02
6.417308458007282834e-02
1.235671900246516387e-02
2.726371169221841056e-02
5.909272121047921822e-02
4.572354123018491229e-02
4.085197131568744922e-02
7.404664540143723189e-03
2.947298766686301530e-02
5.759551433122202246e-02
2.771568088158977983e-02
2.029919355424352964e-02
1.286286672413361823e-02
6.916738536848376917e-03
2.502855879611059348e-02
6.148479831904214016e-03
7.271842916358502683e-03
1.084542311752736445e-02
4.943920840041574755e-02
9.374507833856281572e-03
6.338027259572684424e-02
3.016799181130639523e-02
7.314489077123916168e-03
3.469895559154375503e-02
6.594818454780118633e-03
6.286708836637171227e-03
1.276286231338517353e-02
6.813177935870654012e-02
7.157663744330950914e-03
1.338892744626264501e-02
3.491365105560053500e-02
6.583879308796434550e-03
4.784795100097779391e-02
1.178215310147315981e-02
2.062792448207546175e-02
4.822965857249761346e-02
1.411336948676816805e-02
8.662793617554143469e-03
1.060519017392736081e-02
3.581501979498871724e-02
3.298209725663010100e-02
7.402771373329287453e-03
3.453935645574179869e-02
5.341089784563594206e-02
7.146575292848879324e-03
1.176698159669223483e-02
1.150070249692889540e-02
1.090023611797880793e-02
9.868489346855703268e-03
1.243605706442222833e-02
4.771303363084752197e-02
2.613178074800168171e-02
1.967597884622518736e-02
5.680220898367018684e-02
1.420162725111988322e-02
9.336775204937650466e-03
1.436719591979990912e-02
1.040644148985278745e-02
4.562225650112056857e-02
7.676332296202339686e-03
4.393588244908279428e-02
3.067969311932889839e-02
6.340004908104116856e-03
7.959111240800863241e-03
5.810870286989461286e-02
6.437372280484843050e-03
6.569845454292339362e-03
6.162985580756058859e-03
4.494176525786882509e-02
6.309219549995290222e-02
1.086313364260864389e-02
1.031316502008505775e-02
1.421074506980092057e-02
7.587803116535180546e-03
6.086941411664602980e-02
1.062476166053052083e-02
8.830349110510025967e-03
4.580802523808973070e-02
6.354613069895820310e-02
1.983257587185796589e-02
4.856796091214802408e-02
4.883577333849001972e-02
4.596484210773513907e-02
4.421401941127394569e-02
2.192097857983112130e-02
6.206806680973753904e-02
5.146909612734682643e-02
9.111539691115786224e-03
1.108809122322609343e-02
9.168703946500510182e-03
1.429036166450086201e-02
2.946649588864926755e-02
1.779471785545463230e-02
7.070066966294226776e-03
2.925138059247456984e-02
6.444922903176658092e-03
1.558688405680057169e-02
1.149642366578984727e-02
7.223289741190840399e-03
9.693836162181808727e-03
9.696901893401263517e-03
6.223115371179132986e-03
1.185997977989738765e-02
5.818985808355057326e-02
3.589606020920847740e-02
6.784442455823319965e-03
2.099992820296586390e-02
5.756026448105813764e-02
6.427404590244304231e-03
5.490284406497632913e-02
1.391180370285799786e-02
6.462107975979565315e-03
3.659499365032749252e-02
3.828384807789333294e-02
3.907156099861763821e-02
1.099888677019776780e-02
5.677244679056356325e-02
1.313644953349347132e-02
4.232217548944022106e-02
1.004527992618960315e-02
5.056055778851416271e-02
4.080244379270063504e-02
6.408061273420083935e-03
8.598053463689693879e-03
1.198052267304529524e-02
7.021185307584982757e-03
5.119949556496259518e-02
1.021513858419305538e-02
8.218514344077830144e-03
1.242814267510557701e-02
6.110865031851669960e-02
5.336941315438719496e-02
6.002920685057230692e-03
2.649669370812570909e-02
5.921456441478412797e-02
7.964522020279548795e-03
1.097020507632582610e-02
7.019072960169277751e-03
5.262277176222553837e-02
3.481322759537130301e-02
7.963584477583465077e-03
8.945793018775070535e-03
1.005431261943555074e-02
1.447482900365834602e-02
1.407483194743645513e-02
1.145388711921758312e-02
2.406380249828267426e-02
9.828343101316880034e-03
6.966075166355212116e-03
1.115814214824745881e-02
1.840283065809876148e-02
3.501513150092948334e-02
9.653103504036943810e-03
3.035394248077053977e-02
7.448312859791179560e-03
1.836489323750634464e-02
1.912621139328617853e-02
2.942685175820464183e-02
6.542349904297966624e-03
3.569759935450647625e-02
3.865737182896410162e-02
9.578882085716455136e-03
2.621329731399043086e-02
1.129983843288535905e-02
8.253740695731278873e-03
1.457700260454686952e-02
1.168422403194981953e-02
1.158119412510668494e-02
5.956652486226340221e-03
1.487327364951602018e-02
1.305972838842328274e-02
3.740254457933338272e-02
3.042963033221925129e-02
9.561526940241675196e-03
4.681687791512968017e-02
3.869446033809884056e-02
7.527013663625449665e-03
6.833505977399830476e-03
6.187194724295549779e-03
6.009013245818554949e-02
1.685226411704603133e-02
1.473641920895747692e-02
4.203703541557923112e-02
1.080993464669909726e-02
1.399691236048044435e-02
9.520122161649583262e-03
5.439916886064252027e-02
6.215763503154685468e-03
1.148320912084776872e-02
4.834297739926513710e-02
1.063904212894476418e-02
1.079104288870212126e-02
3.796113977437696324e-02
5.975919228064372618e-02
5.361974556797211022e-02
7.057141600078337129e-03
7.686323639510606910e-03
7.229329108937719572e-03
5.399264715118951008e-02
7.828309958276895644e-03
1.658722058263767396e-02
6.232987208845197809e-03
6.195426992525329690e-03
3.774975966725715310e-02
6.090034166579755964e-02
2.584363217190138381e-02
4.061420354272073097e-02
1.549692851280043936e-02
5.372169679096720080e-02
3.395816618910079548e-02
4.084044910526363203e-02
5.007070079838970428e-02
1.029628627731627409e-02
5.026397397835064701e-02
3.576934191125043239e-02
6.209381776272616255e-02
1.712637168425243731e-02
1.464367152415363416e-02
3.612947985656660838e-02
6.872401421512045958e-03
5.052540538208464410e-02
1.071967422000782988e-02
1.059002863030465355e-02
5.239231875543951672e-02
5.062236947922185704e-02
3.544915467919058233e-02
5.188592216924831080e-02
7.892876972383515780e-03
2.544991068686540403e-02
3.360323634559526235e-02
1.012109072358176494e-02
8.344610698295241644e-03
4.903993819734212695e-02
1.059738280887746395e-02
4.700569527666047243e-02
1.277064515142466508e-02
8.783348063291387606e-03
8.396861903770699159e-03
4.243384187647681466e-02
5.275962207962776179e-02
1.398120833485290947e-02
1.388823100717195141e-02
7.435228212109518640e-03
7.174919171196614265e-03
1.650779179773569430e-02
3.833142859061751395e-02
1.105739612490365918e-02
4.067512656921469516e-02
8.871365949976322413e-03
1.124926686942383583e-02
1.516725573697166526e-02
1.408178987711609584e-02
6.379533281400022807e-03
5.107685584674687834e-02
1.492188724607981451e-02
5.946410918098746223e-02
2.980885497232719020e-02
1.076432612250092374e-02
6.167329147391584221e-03
1.158790977728793581e-02
4.467107266969710944e-02
8.179320774537791883e-03
8.813109460747325236e-03
3.872525608303262201e-02
6.908407610748084141e-03
5.397529110856252865e-02
1.637830863029015455e-02
4.727893697939897916e-02
5.572933052264764792e-02
1.370429983501557196e-02
5.037751919788353849e-02
1.356692179932089855e-02
5.215360260089992733e-02
5.449745130737564808e-02
6.512337681500815836e-03
3.351861744699038276e-02
6.393566902424149823e-02
1.248308884472197275e-02
9.896503651859910738e-03
1.090974827682872871e-02
8.701368524757370493e-03
5.872886982771273467e-02
8.240383510346036694e-03
1.057436224290647306e-02
9.779987040012949953e-03
4.145205349394390226e-02
4.839372090051889674e-02
8.376090649178370012e-03
6.470560730854219011e-02
5.618589697628041668e-02
3.691659695685708953e-02
3.435474558817132318e-02
5.060519140712853997e-02
1.171402123433495229e-02
6.317224926753252021e-03
5.652058781350310923e-02
4.009524761262870524e-02
3.644300154032711903e-02
1.352375103370075972e-02
1.017991420313318386e-02
8.754615086479507896e-03
2.579088696969318237e-02
5.341954613056443951e-02
1.244763921987030245e-02
6.570488819485668930e-02
4.258991882124687350e-02
1.390752184953126559e-02
3.194461911628981854e-02
1.298118980269701538e-02
1.351793634571434033e-02
1.877917655343714146e-02
4.382940369993260782e-02
1.001859216759603925e-02
1.218916097828999338e-02
2.183673569364196279e-02
1.995804978595396711e-02
7.012609878503460459e-03
2.722465923950477540e-02
8.784517379483306257e-03
9.668478055390686277e-03
4.078219145632093479e-02
4.043483227452256135e-02
2.593589956877604200e-02
5.817242184199290095e-02
2.802228371157512027e-02
2.108184729179166453e-02
5.009305331137632600e-02
8.820790769174810877e-03
3.115502376781528401e-02
8.356895624402024478e-03
7.971459885226636968e-03
2.136578118832912349e-02
6.560635163059286117e-03
6.061042046677233251e-03
5.254422979968715463e-02
1.103466774807105623e-02
1.055163202740191583e-02
1.551524219455312215e-02
1.425421633657351743e-02
5.747472393080411968e-02
6.870748224099916882e-03
9.657936387958119401e-03
1.032745419344567248e-02
3.196876890671927762e-02
1.432571996534213327e-02
5.893257428087131551e-03
7.825025485049385415e-03
4.638280145057928350e-02
9.483719190467964147e-03
1.024964108874193772e-02
2.943594062598350880e-02
1.479794114181551094e-02
3.387615401264513354e-02
1.181484448500960856e-02
1.413101319448315830e-02
1.373946064715988492e-02
3.698237156302923434e-02
4.143928104342207291e-02
4.128736965166027173e-02
1.812355304918298465e-02
2.807045807023220846e-02
2.832682481248008366e-02
3.325200082041918082e-02
5.593257930290401747e-02
2.504523819320244801e-02
6.294035762394518951e-03
2.201430745144395199e-02
1.330800995952578086e-02
3.308302101058398920e-02
3.724268681588280283e-02
5.212396770043034588e-02
9.970550535991901803e-03
8.412750044122200774e-03
5.250324528297603544e-02
9.198808901685498127e-03
2.121777908038002466e-02
4.485654739494697452e-02
7.536240469786479289e-03
1.091928357180184210e-02
1.410137405451987458e-02
9.211110887757284135e-03
1.193686517865438258e-02
3.987501464418554548e-02
1.550721961242258404e-02
7.810929145240885600e-03
3.613620279810782904e-02
4.577303178732993610e-02
1.304494831126704751e-02
5.812547293230061612e-02
2.341397446025775611e-02
1.469517289173309128e-02
2.532013182195402834e-02
1.559941959954105374e-02
1.367974353283417550e-02
2.104449009143155927e-02
1.280310303106396014e-02
5.619078328078262741e-02
8.710026495286560949e-03
3.058801841534137395e-02
9.766918846042202743e-03
8.805037343998563942e-03
5.473532083319516961e-02
5.172038113007355886e-02
6.769546640817281080e-02
1.416298680837426577e-02
2.745003994951131926e-02
6.345408582668079014e-03
7.801063921686687483e-03
6.536109926798100954e-03
2.043876729519598576e-02
6.693573942210147981e-03
5.251872463923114992e-02
2.910337383900203981e-02
2.443970436396032675e-02
8.269960352341759746e-03
5.702342794265875814e-02
1.063504955494911849e-02
2.765220349390607249e-02
6.108607737783829962e-03
4.576836508643812584e-02
1.076094499260030896e-02
2.113806438808113822e-02
5.158089643014644732e-02
3.411101203359018230e-02
5.788160329967002166e-03
1.358185525136178066e-02
4.164111270217662336e-02
1.171641372052504605e-02
5.126864858150861903e-02
1.954577611661152334e-02
4.149171937246143305e-02
7.895153822347782124e-03
7.128249004166078637e-03
2.398609160707638327e-02
7.631486738606104055e-03
1.054336323234099544e-02
5.605321856924109364e-02
1.387833547309934128e-02
3.047161252050705621e-02
1.174863069218568153e-02
1.246581352197692616e-02
2.578132970869713089e-02
9.404588140733683571e-03
1.499932402777572754e-02
5.871690523475343176e-02
6.456679598742287585e-02
1.097369313905250179e-02
7.161675852802076511e-03
3.139823246167093573e-02
2.034738822131500202e-02
1.653448559714336755e-02
2.797323065869312952e-02
6.277041056002466424e-02
8.486461183195466440e-03
1.431101525290449927e-02
1.098481054113012272e-02
3.711174639101309791e-02
1.349203048064775805e-02
1.000388158222226612e-02
7.256090087075361440e-03
3.996054695143500674e-02
7.039650125916034271e-03
2.075366734827397905e-02
4.113126379386037451e-02
5.846372143353338602e-02
1.383149541260500839e-02
4.184158119590378894e-02
5.488385603287217890e-02
3.026650588583487331e-02
7.834787869783923012e-03
1.313947387413890930e-02
3.193611924777986499e-02
1.756792721354965420e-02
1.222855138522735072e-02
6.328381550360170742e-03
2.150164727314109528e-02
3.687605599211325053e-02
1.734449717947708983e-02
1.076900584848714849e-02
6.552583567520485312e-03
4.875469730190208628e-02
9.194449106775762215e-03
2.706665518975732640e-02
5.660774845067057665e-02
1.371199216671897293e-02
9.409744706313942497e-03
9.044504065478006782e-03
4.287211959077725371e-02
5.819733196970647282e-02
2.955238602051060356e-02
1.250576037852312201e-02
3.475068277625113777e-02
1.209611896091787424e-02
1.242232660061864946e-02
1.392335746642554134e-02
9.420988675374188798e-03
5.033549833540509194e-02
2.289743461650868561e-02
1.069379677593001315e-02
1.155348460648464998e-02
1.265663778083428621e-02
6.315162484388831161e-03
1.579517912990432635e-02
1.436001389868064859e-02
5.063753077525506852e-02
5.634176140238991715e-02
2.535801318332217211e-02
1.261619605708362048e-02
5.670812994296998977e-02
5.612974454585095002e-02
1.330627140784096385e-02
6.302896697924328245e-03
4.961810415730716350e-02
1.053563916292815997e-02
4.244156824689715446e-02
5.160409748163868188e-02
1.379079679738189762e-02
2.527933250664081422e-02
3.889448338700014079e-02
3.709829180354989875e-02
1.364832282668522988e-02
6.915096789994167222e-03
6.544052888494082676e-02
4.736553675980612749e-02
1.134778346078545684e-02
1.360936336825516180e-02
1.466159537340368073e-02
5.582758736679500899e-02
4.917050212954483107e-02
9.230146783131687807e-03
6.489678232162855373e-03
4.656580317853672296e-02
5.400686669108625826e-02
8.020335565561172511e-03
6.611953670259672691e-03
1.104207054943145971e-02
6.197468899346336366e-03
6.080424251994355142e-03
1.314938426067699048e-02
2.369253010871040857e-02
1.095574845531440723e-02
2.090968374343057587e-02
1.452128464967025225e-02
1.402579543420472141e-02
3.371052965589145523e-02
1.261454373321799563e-02
3.645985974004953972e-02
6.686175128992918708e-03
6.397766381877166217e-03
1.103795242406672289e-02
9.103465077637696440e-03
5.907607633791016333e-02
3.095278026777015246e-02
1.022468770075308196e-02
1.923584355634337661e-02
5.686310603460365681e-02
1.387906848752903759e-02
1.350025986444942407e-02
4.856678567777938937e-02
3.955622910454480862e-02
8.974563538725121442e-03
3.423843707486651233e-02
1.131709694017514131e-02
1.077222408835002386e-02
1.143908497906205926e-02
4.091072064930294933e-02
1.433810774482808734e-02
4.116103345174545319e-02
7.418949547364751818e-03
3.173214910347751244e-02
7.734473652714277114e-03
1.567725719551631147e-02
1.354232197008233864e-02
6.547865382715949145e-02
5.387027500220172016e-02
8.054259098341311901e-03
6.260886605558865781e-02
6.080266509914417083e-03
3.986704014171695010e-02
5.394203868460343415e-02
1.451938767493123755e-02
1.435457030122348765e-02
3.092361878644608528e-02
1.306551117612161743e-02
5.364851424157241616e-02
2.918207686714309815e-02
3.779173645676905946e-02
1.135885876860823554e-02
3.739364757124166022e-02
1.728317644167021855e-02
1.457565705520368245e-02
2.591231755872093825e-02
3.279261155224623414e-02
1.420257128454159058e-02
7.882078530425867119e-03
1.640545785511026214e-02
4.560564401401309004e-02
3.381027095163484375e-02
5.281969136906281004e-02
6.938211577475431741e-03
2.166652994463741030e-02
7.695729711540865402e-03
1.287639898779574001e-02
5.498947866684426172e-02
2.786480764352107856e-02
6.559408094697338591e-03
1.008970342440646331e-02
1.390313958579960513e-02
5.045919376138906232e-02
1.377924281693437489e-02
4.338731521678017983e-02
9.240205345602681489e-03
6.799223158975659098e-03
9.934413485707482491e-03
5.656799623208353528e-02
4.138130025941396534e-02
5.712063991795286039e-02
3.937340155992697516e-02
1.070635504493763941e-02
1.364004576991604753e-02
1.381043052175690358e-02
1.233310559103626552e-02
3.804850476511711238e-02
8.068112323040554923e-03
4.948622131986930850e-02
5.161025032360400805e-02
3.101179265071317068e-02
1.432230160659695405e-02
9.052792597094140234e-03
5.082680459900571629e-02
8.816106796165210785e-03
5.594273863397144358e-02
1.156748476886144961e-02
1.501334730884083812e-02
2.602673012188544410e-02
1.477157784240598799e-02
9.440574435245808332e-03
5.360128836053421747e-02
1.153409848759922272e-02
5.237591004482668178e-02
3.971238266834546671e-02
4.754932330969564858e-02
9.459809901098658810e-03
6.045121653243135801e-02
5.906650824380123982e-02
6.362731316032280149e-02
4.557911463664159057e-02
3.657123371230991404e-02
4.450783127301971565e-02
6.459240793837092189e-03
6.356594435312938607e-03
5.447653628169029510e-02
6.124186219756313360e-02
6.504838368261628423e-02
1.515676926489731638e-02
1.321112952018111547e-02
6.398276506441049304e-03
1.117096199783621999e-02
1.058626397496764855e-02
3.619209937749816308e-02
4.187281359136799108e-02
3.381286639273858169e-02
1.204235761998145166e-02
1.053450672018938633e-02
1.269697206062348274e-02
1.502185327784579146e-02
5.552378658626441754e-02
8.753159336484621356e-03
4.803859535018890903e-02
6.278079988972465331e-03
1.344931058008559839e-02
1.502328788069515197e-02
1.137330908751677493e-02
1.019550303944189579e-02
7.173805130909084032e-03
9.297097031252289645e-03
1.592495411549957676e-02
4.697383244539938413e-02
5.374078754411121261e-02
5.367846183295688772e-02
1.077086352281277255e-02
4.014093647454898550e-02
5.354388389671868587e-02
4.550458147981809726e-02
1.511780758765785340e-02
5.921792861652133005e-02
7.446691942493251920e-03
8.196676020284853620e-03
7.062948856616288636e-03
9.660613760556260518e-03
1.139899120478193341e-02
5.506731320228222537e-02
2.583561464987296427e-02
2.708185156073449062e-02
1.234836534542014738e-02
3.847000691888640550e-02
1.313053859175004716e-02
4.786651439960599302e-02
6.559224987794810141e-03
8.231027675975831001e-03
8.564179895455584571e-03
7.634692495579767542e-03
2.219055131974455655e-02
2.373140916884433627e-02
3.984084605773877824e-02
9.260576596259352186e-03
1.641568655073043226e-02
4.197260469490584484e-02
9.104410754453401075e-03
3.273392280928321546e-02
8.636614284822591650e-03
7.576917777354965841e-03
2.027979902685954350e-02
8.755200915011234625e-03
5.226543362745076499e-02
1.345471920316089476e-02
7.468659965209369783e-03
3.750843521027499156e-02
3.046630839764966764e-02
4.713345707776724763e-02
3.322800296772942391e-02
2.568684990705707299e-02
2.126296467442722812e-02
3.205737135656453601e-02
6.630617181034627328e-02
2.477858454281317221e-02
6.405033922782055709e-03
5.069292543309755761e-02
4.444268124479737458e-02
1.392565287654358268e-02
2.795339675927492259e-02
1.768537260932535535e-02
1.460720081907269235e-02
3.556265785870884460e-02
5.633709237786243412e-02
6.731788343241999761e-03
3.352847705546939394e-02
1.227460199765588282e-02
1.784119119531619307e-02
1.379245707808005039e-02
1.285375419855573458e-02
1.175173377596076124e-02
6.785489375226406820e-03
3.699169885453962997e-02
9.166674356576493682e-03
1.280919508881828150e-02
2.284694783796029430e-02
1.249498918990946811e-02
9.495819936726079477e-03
4.162537270175914461e-02
6.122340527641078819e-03
4.213723797654115449e-02
3.705958102612894045e-02
5.739335570961880129e-02
1.290889978365394007e-02
3.958776285173699894e-02
6.889795925737787416e-03
1.142664092187476756e-02
7.902440683018882930e-03
1.357749290275615285e-02
4.138591940275918729e-02
1.059711185021308504e-02
1.433996623732477702e-02
1.622768976680638922e-02
6.164419011141347368e-03
1.522270285161248481e-02
2.991128864869337101e-02
2.206400117585625639e-02
5.249839057798483255e-02
4.584271438639272306e-02
1.501121839126305993e-02
6.522286699599090000e-03
7.693832097597800776e-03
5.514923900626970271e-02
4.397738391697449123e-02
6.277235953733532881e-02
3.002509450232634589e-02
6.422243427202826288e-03
1.556528465091215965e-02
1.030564322891638733e-02
7.514922641563314028e-03
6.306223915209102637e-03
6.445607208340685748e-03
1.358303076889637133e-02
4.033521575835270767e-02
8.122336881431616029e-03
4.470852617288335884e-02
6.199953491030981562e-02
6.213754244343013683e-02
4.867302109824787198e-02
3.939500501699527701e-02
4.990853381101022918e-02
1.375104073228333029e-02
1.443939579608029093e-02
1.395162524389036152e-02
3.812823362370489078e-02
2.837554890236603303e-02
1.672214379767395301e-02
1.000000000000000000e+00
4.759338526092635885e-02
1.353402761820067177e-02
6.366710652582645291e-03
2.087118387360341679e-02
8.919192474278159546e-03
6.534574450626345725e-03
3.726454768751410324e-02
1.043460106452812064e-02
6.191239346304010932e-03
5.275454058105426974e-02
1.263125912741911057e-02
2.942416709489025298e-02
1.111560069233878678e-02
3.866052199152369973e-02
6.745372193553472728e-02
2.699600226522317833e-02
5.610851296136968452e-02
1.548085272241647194e-02
5.391789226581779337e-02
4.445609954115280205e-02
2.770426034217559480e-02
4.733007107421793869e-02
2.837519742020224237e-02
2.919617523311729412e-02
3.393343130797188412e-02
7.668521296739751018e-03
3.678467257515393579e-02
8.206233794439080770e-03
4.755660459075747304e-02
1.081855412026951589e-02
7.470386870026461332e-03
5.510040399506548059e-02
2.988207339497070750e-02
1.251104188135011147e-02
2.108662057500531456e-02
6.095903721859225778e-03
1.224918173753642217e-02
3.536797324101804973e-02
1.437556425687781803e-02
6.196021813245525950e-03
6.779409830553232222e-03
7.652296127991609770e-03
4.210386533436933504e-02
3.555612948988146060e-02
4.124736474977085121e-02
1.061574427392508561e-02
3.709364217619775389e-02
5.247577368075571208e-02
6.900996141373666633e-03
1.312097735396448514e-02
2.624773588418361295e-02
9.964687729620110707e-03
1.362230710129350673e-02
1.763526276570024851e-02
7.300510007634862866e-03
6.434079895365605109e-03
1.842268357643470772e-02
6.112005849876897372e-03
5.501228862832832633e-02
1.760155678465089371e-02
1.295444007140300960e-02
1.424539110426126763e-02
3.351899010874834911e-02
9.255284005476354520e-03
5.291328514725925081e-02
5.126684291754123740e-02
6.079924054356380947e-03
1.238411700225862909e-02
7.303482122928770491e-03
5.628498189221207287e-02
5.619243240955256596e-02
8.042507444676190789e-03
9.191959813483117220e-03
2.853882304882523341e-02
1.070185369242873837e-02
4.747526072270697589e-02
1.075833522751811454e-02
6.046029787239932951e-02
1.380479790093731320e-02
3.829572005568170762e-02
8.050884272913330295e-03
6.859837516318726194e-03
2.571352332016098308e-02
2.391296623950125294e-02
3.767792373046294219e-02
3.974256649828758481e-02
3.326520154852741218e-02
4.036253332469958571e-02
5.569199811026805114e-02
9.490483985234087969e-03
5.581089990119027927e-02
9.002680107492859116e-03
1.174577645798390024e-02
1.269785843814132294e-02
1.384244174072045766e-02
8.009484443049280297e-03
1.443707664059563738e-02
1.800797786872051359e-02
8.593698829380765764e-03
6.278261128126746450e-03
1.398266290501954182e-02
6.800361024954288194e-03
7.072464610821257817e-03
6.850779993307158297e-03
5.021661333376364195e-02
1.529059236132562956e-02
6.357044224208994315e-03
1.287305034357989243e-02
4.777399329390127208e-02
5.974011581033029927e-02
2.215182619250463669e-02
6.245970996491398072e-03
3.478352139527437353e-02
6.341904908602820357e-03
8.692677143671249593e-03
2.131117556094769272e-02
1.969555229353855963e-02
6.121654465742649119e-03
1.458531506354032552e-02
6.336605787791165130e-03
3.553432943234012542e-02
3.660662555820943381e-02
4.486187228792331422e-02
9.081303124771299834e-03
3.268942946132771116e-02
1.904844100403952842e-02
2.565934256562628704e-02
3.900955545919779222e-02
1.568102453666586626e-02
3.634179085877344700e-02
9.854592162326309204e-03
8.680512473462766859e-03
8.018298713046443163e-03
1.225030442365466522e-02
3.116382040894043540e-02
6.729763614516966544e-03
5.985347870770890005e-02
2.540865983975350642e-02
4.433284081102062402e-02
8.533402230098454874e-03
6.729616954030701557e-03
6.186435908083923879e-02
3.192755240143744372e-02
6.554319936385158939e-03
5.412367048779490736e-02
5.749073537807330991e-02
1.294404728226340208e-02
1.149534579938484707e-02
2.325480678813966057e-02
2.869632704732296563e-02
8.980154490143733501e-03
5.273857668461780224e-02
1.860842679890400281e-02
7.766198673192951235e-03
2.480133480761927481e-02
6.280641727585350477e-03
8.305865833410265228e-03
2.491273007727015307e-02
6.132090057759670941e-03
2.257568332442384459e-02
9.792376138894430884e-03
4.582421824865162002e-02
4.844756854790866624e-02
1.540224979253469566e-02
1.526903573599099756e-02
5.649366787975692444e-02
2.013850474291218814e-02
2.667767370334949567e-02
9.530460651842506334e-03
1.508515507234385079e-02
2.022911380133807571e-02
5.397067783563330029e-02
1.354741442531790657e-02
1.326203554516073267e-02
1.024377478602428101e-02
4.573853227972911328e-02
8.054790622763527419e-03
1.000877438916758858e-02
4.979930394872009169e-02
9.258582510690793049e-03
1.115919772390610958e-02
4.368097998779632563e-02
4.151741515846010117e-02
1.651927365953506990e-02
2.541886811886646946e-02
6.637131807318151673e-03
8.758719203169281625e-03
7.003736865603746656e-03
5.286696650635074740e-02
2.143345742569086748e-02
5.266466814074330371e-02
7.441133270189381234e-03
6.233827730204171379e-03
1.428500026693341543e-02
1.377179325376922878e-02
5.197186727593104683e-02
3.217937673080664696e-02
7.510449492834520360e-03
1.240879802849178745e-02
1.434864301573484865e-02
5.193576154865941347e-02
5.067847114458807339e-02
2.993477163910491373e-02
2.790062474574890941e-02
5.670078839322557906e-02
1.550458259174834590e-02
6.429660489608696704e-03
9.881933668949736613e-03
2.199174248842902801e-02
8.002874297705573833e-03
3.503461767742988703e-02
6.945012976173450640e-03
5.020327891782676299e-02
6.140150807419521468e-03
1.309256911866215657e-02
9.911992927777063186e-03
6.029988376052064503e-02
6.539107961237064504e-02
1.629024246503768536e-02
1.456401209332348901e-02
4.587982992244693525e-02
1.983098397736238888e-02
6.102611168803659392e-02
8.239798018570427748e-03
9.594896747086925637e-03
1.007584729308200200e-02
1.250259267995005620e-02
1.336385206356391700e-02
7.852154747638602147e-03
3.281305747780935422e-02
8.074780207867053583e-03
1.351852991092201452e-02
4.487844619785164024e-02
1.165889105553767624e-02
1.490278573593697281e-02
1.656140745678895063e-02
5.070084417047298481e-02
8.357380088647094196e-03
1.631170313033548924e-02
6.148890152059678822e-03
2.562274700247818213e-02
1.314421990784872020e-02
6.721212874438560470e-03
1.137311926736903935e-02
5.954136282967314141e-03
8.505082725605911040e-03
6.183953279971038386e-03
6.209426663214627842e-03
3.815219259261318219e-02
5.853810168453605321e-03
4.157525555218367919e-02
7.818428141530189140e-03
4.086891527816188807e-02
6.486424705483803503e-03
3.608110984516453568e-02
2.895717473235408582e-02
1.213645843605730412e-02
5.167516256686836146e-02
6.582889215357658544e-03
5.469881242862414950e-02
3.167872425035302142e-02
6.556368504596951814e-03
1.391546638998585918e-02
1.518118637811185188e-02
1.106025652178081048e-02
2.635098874117515824e-02
4.669091605162839498e-02
5.570708287736530345e-02
1.360929100245937030e-02
4.670072738312779775e-02
4.195025007766592373e-02
4.901163854223402477e-02
5.869852752957949171e-02
5.054500469202562879e-02
3.418618101891220118e-02
8.627952621614465994e-03
1.420326715889053473e-02
7.952279829915491829e-03
5.242196250556609843e-02
8.088728894341850467e-03
4.562952191207845370e-02
3.293362157969547538e-02
5.622116947363581946e-02
6.224752862613513321e-02
3.833108512658366801e-02
4.243691498639524246e-02
4.948271792651148804e-02
3.764598762857333109e-02
1.237734037951514036e-02
6.625303446187707362e-03
5.403662312564257858e-02
5.971707615614977975e-03
8.554495304555605195e-03
1.038627559447496441e-02
8.659026339198856725e-03
5.156832801651028975e-02
4.194666066419498046e-02
1.453515570425056337e-02
6.148985336870194107e-02
6.759928615818414088e-02
3.449994227860130741e-02
1.505256954346076773e-02
4.270378832749819470e-02
1.467848589826754695e-02
3.892841882356918443e-02
4.192761431309078440e-02
6.410724754025792782e-03
9.540294716300582595e-03
5.654104225872755990e-02
4.382835158793760288e-02
1.912819499586583885e-02
1.181545647453429056e-02
7.122975647548240863e-03
6.006210215207061220e-02
1.524222053573747078e-02
3.716512360980343127e-02
8.482194879707468521e-03
1.887534534067087516e-02
2.393392624899516596e-02
2.488135601656104451e-02
1.440916219656560547e-02
6.228165378350181830e-03
6.330741356846175845e-03
1.325325099211769816e-02
6.331031436560063952e-02
6.107113647147709504e-03
7.067709822556667888e-03
4.308834980407508231e-02
6.886991779340898533e-03
1.213589416015042541e-02
6.099944551527176212e-02
3.807476275189153325e-02
1.237196570548249400e-02
8.583883063004763350e-03
8.001594013436265015e-03
1.551339792557170777e-02
1.484694130805897481e-02
7.547823813060883756e-03
1.734480728635524188e-02
1.896736893975133412e-02
1.411646651791046911e-02
2.152799866896819639e-02
1.054102263500956461e-02
8.689461828594945147e-03
1.430428496577718610e-02
4.703344154473509953e-02
1.448820182915615262e-02
6.370560458602622655e-02
6.591331295615532326e-02
6.354505730056391952e-03
1.451602188571608776e-02
1.269577968355741805e-02
7.501034207827807221e-03
1.288126213952541822e-02
1.274161351887862816e-02
1.327555425487421219e-02
8.074915139248566021e-03
5.426565541775853208e-02
2.541255348290241342e-02
1.575245675905675297e-02
8.142711317354472955e-03
1.006809273667011277e-02
3.430280554342080707e-02
4.673223447469331687e-02
4.364975710293877986e-02
5.581334646333869359e-02
5.993251824373592440e-02
7.929195468151102946e-03
6.501440546240709606e-02
6.034181835792634674e-02
1.264110416718459973e-02
1.818873142507353505e-02
2.218208323132371193e-02
4.036054689424752040e-02
6.296582038285725505e-03
2.053286377662476639e-02
8.183903316977750655e-03
1.360308602743528356e-02
8.296426143475987142e-03
6.991657784675583270e-03
1.473376319004987035e-02
7.921728878276242808e-03
4.679175773271028460e-02
4.257111658436729673e-02
6.982957065275556367e-03
1.409462425575352430e-02
7.015499763264347252e-03
9.757667267289472923e-03
3.501414291036544779e-02
1.306421419313759033e-02
4.179803328167625009e-02
3.302000270129227394e-02
8.738348700525359891e-03
9.553479241074325570e-03
1.293235163106850813e-02
1.343275004245370746e-02
1.538570027822964981e-02
6.324981728243851860e-03
1.515042465531535321e-02
1.068178312828907232e-02
3.067575059083790454e-02
9.531556363659925146e-03
3.694025695465618514e-02
7.132974400129409032e-03
8.984091366170036605e-03
1.109146408092928117e-02
4.836356982763586471e-02
4.660400931284709725e-02
2.452855992904580743e-02
3.379718543842995249e-02
2.311010147974488019e-02
6.993150865492143292e-03
9.658561074207483443e-03
7.802259727412998516e-03
4.092118191049740755e-02
4.755091691927053332e-02
1.278258277557337355e-02
1.517831382738706915e-02
4.794930976838680109e-02
8.542569703054052332e-03
3.029058914891973042e-02
1.043884584417592402e-02
1.064314859912462823e-02
1.365759873230014063e-02
6.328797942151216140e-03
1.144999639102779569e-02
4.809784314982604864e-02
3.751694224108768211e-02
4.727244244059002065e-02
7.989857495331147141e-03
4.801344939647345794e-02
9.702547081637116072e-03
2.888180517322785565e-02
1.359234372500194368e-02
8.014387963605767648e-03
6.195105606859946205e-03
2.784541746688828923e-02
3.498223681600681062e-02
2.206973728759913794e-02
4.976226346684686080e-02
1.118795295929744457e-02
7.769916817887473869e-03
4.832344661687622278e-02
1.308263448220064150e-02
2.679038923529684577e-02
1.529795726674543568e-02
1.338428709072005986e-02
4.377348478249414726e-02
1.480308519550819352e-02
7.819952044580190040e-03
1.369346044088817424e-02
1.552466727867104872e-02
7.478365036833200391e-03
6.097908444271767786e-02
1.306239486447421591e-02
1.065992780601130764e-02
2.877367107146017525e-02
6.745101167084775751e-02
2.471088429770604625e-02
1.368488464918254065e-02
1.522198901363818607e-02
4.892019628576324553e-02
6.419504258770363132e-03
6.288664606706802218e-02
8.739921512111260837e-03
7.509152087255710310e-03
7.316832222805648607e-03
3.540712930124142316e-02
1.382202473070400298e-02
8.981916735201080082e-03
2.098787572719782238e-02
8.598260013929050552e-03
7.063396380864028247e-03
6.495423176950605379e-03
1.202502562517502628e-02
3.716945330984566115e-02
1.146456091732328368e-02
7.285590879273341411e-03
3.865148734550701709e-02
3.076979644146505058e-02
1.272132058917645366e-02
1.267411860559537924e-02
1.032562115722080766e-02
1.116530616485129565e-02
1.432108766693299118e-02
6.733004215463544995e-02
6.790138005168444048e-03
8.091374819445700667e-03
7.286313881624397609e-03
7.433968281686376481e-03
9.610956703549670271e-03
8.005218084217120833e-03
6.969990629405904692e-03
5.411408857604037975e-02
2.370331675551734865e-02
4.367885819418896448e-02
4.807337881875700658e-02
8.097152428552006204e-03
4.524084731496871153e-02
6.566827850001149235e-03
2.959226855979962822e-02
2.824848418925148680e-02
1.418279275160459589e-02
1.351118860721199806e-02
4.657603499076532622e-02
5.161443632832875272e-02
5.664264196418811181e-02
7.515563086220674108e-03
9.666353338562715114e-03
2.542445327178808473e-02
9.151264169169583823e-03
7.530958344275022476e-03
3.798173481123028744e-02
4.338217680975575696e-02
8.746874595820670548e-03
1.427792443079885579e-02
4.543486709148838315e-02
8.405944460588409689e-03
9.451408092986382167e-03
3.820431761945076998e-02
5.413231312650223365e-02
3.402393164509304874e-02
1.271121068208902992e-02
1.056359854737846590e-02
3.743520128623159526e-02
3.879091523274615094e-02
4.818754605993574164e-02
1.092645957760082602e-02
2.255058262433866367e-02
4.455972099664753938e-02
1.235591502623233952e-02
9.401444854707053517e-03
5.112028130107854063e-02
6.459527188972626066e-02
3.925399515530671873e-02
2.887149372914335141e-02
7.496013500292346768e-03
6.857465735365184632e-03
8.135917934221506900e-03
2.835512485871281158e-02
9.987889482421782872e-03
5.081563798271736265e-02
4.561494207764536096e-02
6.218460196109582699e-02
1.104971142731240447e-02
5.377411756202266774e-02
1.321818856373997708e-02
3.389933494226025218e-02
8.942049983330615376e-03
6.453087628293547109e-03
9.732638613439547476e-03
2.867187531756184085e-02
1.442527401694052025e-02
6.494677485442314213e-02
7.839990563844809190e-03
1.530561951434102931e-02
3.767605601331058124e-02
6.813392359580139682e-03
4.485251031401459032e-02
1.534040262698102390e-02
7.032079887393515548e-03
1.045234091862731057e-02
6.661185953405312186e-03
6.612400601848270922e-03
3.957846099303347770e-02
7.007747548511134017e-03
1.470208182982720921e-02
8.237425336807943990e-03
4.137614411042105783e-02
6.291444717994807909e-03
3.073862214225513145e-02
5.859495540514186862e-02
7.125153403905643695e-03
1.000000000000000000e+00
4.262392640425047285e-02
7.545382638959321001e-03
1.388735304673449980e-02
3.705800262804453959e-02
6.451643593628028639e-03
2.303085190590347872e-02
3.580958350021914982e-02
8.794193913119230030e-03
1.462039956909920099e-02
1.586984096722714871e-02
3.391352388815220553e-02
6.274833613199666017e-03
1.064010390271138279e-02
1.456689447305034926e-02
1.195541325668960167e-02
6.548563426794776210e-02
3.544690365954021594e-02
3.362885744210774436e-02
3.220617523621277511e-02
5.977789783616626468e-02
9.080780932443591191e-03
8.560570740977956061e-03
6.578205468820839952e-03
1.517391329758548298e-02
1.396926773436253655e-02
7.617677891602131317e-03
3.766009270029165718e-02
7.314143041579733093e-03
6.283793076545390009e-03
6.838869228155435541e-03
1.551633592344799605e-02
1.383806286252078389e-02
8.543729565272122420e-03
9.943225951526243195e-03
2.372412292634164602e-02
3.290681146635893173e-02
6.219557087999783365e-03
3.541805445107745060e-02
4.026677025653330882e-02
1.540626971728598776e-02
4.803393147478111219e-02
3.424847134412474514e-02
1.277705719410897507e-02
1.215343378955805950e-02
1.083482106477098514e-02
5.576380934484029966e-02
8.393707522185735875e-03
6.199907040973785810e-02
1.300704672484706385e-02
2.712773441074694744e-02
4.342857627703805568e-02
2.856971372743439749e-02
3.123208869675392005e-02
1.143918293469114826e-02
1.373657724467036538e-02
1.375958802462191703e-02
2.021115019998405427e-02
5.722358018737452867e-02
4.798737481623237960e-02
1.181848008060053246e-02
8.101773843623788496e-03
9.951700391368615423e-03
2.598382746951190259e-02
1.360479093077462086e-02
5.682279247182620702e-02
6.213313304594176960e-03
5.806246296847015348e-02
2.669660471902062307e-02
4.550391013945660756e-02
1.152493340843867460e-02
7.943106996087011609e-03
6.968570575166063534e-03
4.981819160844626337e-02
1.325226111893724155e-02
1.408280909069449006e-02
5.086784770871251304e-02
1.347627624054922001e-02
8.036461932329460114e-03
1.396472258360949119e-02
1.385805735057097678e-02
1.007642419254650180e-02
5.185143528607947389e-02
9.328293505235892707e-03
9.749859588711213068e-03
1.319709992463929081e-02
2.183293603069828143e-02
5.004723865372934233e-02
4.792161513004132567e-02
1.187351460394264757e-02
6.530846263317645339e-03
4.847388230749237470e-02
5.317138570065637476e-02
7.180295790973478288e-03
1.344010039043271564e-02
1.135831376572130590e-02
6.945367237980351605e-03
2.203568159872856119e-02
1.114196020082292883e-02
1.159654536869779776e-02
7.235527265084655026e-03
5.832369627861003214e-03
5.804322599410894484e-02
8.205324463000792171e-03
8.368514796201551378e-03
4.904968092236568211e-02
1.501149390939815302e-02
5.479970335106833929e-02
9.178088802225734671e-03
7.978595205479133493e-03
1.167667565186039300e-02
6.173382634602966185e-02
6.863082376710917185e-03
1.480439830720213686e-02
7.458337542489941636e-03
8.602588977188022762e-03
3.061354283920952532e-02
9.121407453893065273e-03
7.064072938042192766e-03
8.038867100942681185e-03
9.356159556120360876e-03
4.484120641689685882e-02
7.074830440308438849e-03
9.730714222432448879e-03
5.389756463773052314e-02
1.611727424684799084e-02
3.923639973220954813e-02
5.184051010977361318e-02
5.076517765167949670e-02
9.375166238490981185e-03
5.949072017092324471e-02
4.732875154730908918e-02
1.037977135631008505e-02
9.962328079116660601e-03
4.468733482766635429e-02
1.581906601033477786e-02
1.491396098506232552e-02
5.898309304961177335e-02
6.732566501450963636e-02
1.580444063430854612e-02
6.134596723759316340e-03
6.092821726291597177e-03
4.772366514307582047e-02
1.529012053513260395e-02
9.599390978132444144e-03
1.007899314550398003e-02
7.196219222832646659e-03
6.797601237242069210e-03
7.703962501134599926e-03
1.256186750666210029e-02
3.688399002525803716e-02
1.350284253237341026e-02
6.466868895934903272e-03
1.042206777937661373e-02
9.101467252731551202e-03
4.923069081690887444e-02
1.409127372346512599e-02
1.261022403368580735e-02
5.581802980793871410e-02
6.262424325456168901e-03
4.412521595434656940e-02
6.080469058916445485e-02
1.443101754203097824e-02
1.366232121531459065e-02
5.162647953711983762e-02
7.854798504925540256e-03
7.939119992489697755e-03
3.848936047975468067e-02
7.591322910103870912e-03
5.754396689666056025e-02
1.421825083073130318e-02
9.558425970891638521e-03
3.887697857072046348e-02
9.703796429875540322e-03
4.411258471141942666e-02
1.163197415988856225e-02
2.606673775826028397e-02
4.213954733176908385e-02
1.173236243196360863e-02
6.313914754707663883e-03
6.010761743198831351e-03
9.759051739729112523e-03
6.103571733726383813e-02
1.036918996878074227e-02
3.019296731824731503e-02
6.497996753122028957e-03
5.334326208719610690e-02
4.078258566883127129e-02
6.355244874341182959e-02
8.114674883035763106e-03
4.126953957270637630e-02
9.666609174356034437e-03
1.210785141223499201e-02
1.801716100110958493e-02
6.253902323118552820e-02
9.115376283950005556e-03
4.933378329649026894e-02
1.059059051819795372e-02
4.284397218281976727e-02
1.075029576038439953e-02
5.594004319879532228e-02
8.448358843380623581e-03
1.178851110035789886e-02
5.823003570938253479e-03
1.444453408992560708e-02
6.309425006402334668e-02
1.337443707407175685e-02
5.900554552983496709e-02
7.017522142941791212e-03
7.750821799248309649e-03
1.433948001698961451e-02
1.057781436139016741e-02
3.780054037828604885e-02
6.242650099594625884e-02
4.236234000055379839e-02
6.610892657414835227e-02
8.849504291121837798e-03
1.058320179008759819e-02
9.574718930857040178e-03
8.799206742294517908e-03
1.480626496622577948e-02
6.653016109541692001e-03
1.714959908793737414e-02
3.590309199678687335e-02
3.964004123264749241e-02
1.092822893357647471e-02
1.571492748949214480e-02
6.372703548942409285e-03
3.882031095471892568e-02
5.324233402561907857e-02
1.325366462873777719e-02
7.113411828848219265e-03
6.213525918144915255e-03
1.446283647470000475e-02
5.245657635143397002e-02
1.493648344404319324e-02
1.454083077091557381e-02
9.612315947836257146e-03
2.025284687094740937e-02
9.310506713295068487e-03
9.807514240431072436e-03
5.876428108097809383e-02
1.207959735897559152e-02
3.860452416003475051e-02
1.422526590192996730e-02
3.293522490514105838e-02
7.719325856179022616e-03
5.570579151317540945e-02
2.192553331378187947e-02
2.200205434519499764e-02
1.234411457076256373e-02
5.618455419842067339e-02
6.184534586460942174e-02
1.978239207164066149e-02
3.124450697021498996e-02
5.403035518107292962e-02
1.259202741910568114e-02
3.637688740883412986e-02
5.952988966346930977e-02
4.729638496203998621e-02
1.234093488496705408e-02
4.818321321860537937e-02
2.731279018867947134e-02
7.303369691204021630e-03
5.979158615025981227e-02
3.982406583916350828e-02
2.213404348499696875e-02
9.550103680531909361e-03
3.187849618461268547e-02
6.417182033004455513e-03
7.732975919607437514e-03
6.479832317513346818e-03
2.967806794641899767e-02
6.769131644101836383e-03
5.512740262146896553e-02
5.645815690035810297e-02
6.009793013819169152e-03
1.328476766053281709e-02
9.049997997522584228e-03
3.521767215603299750e-02
6.095794709843102566e-02
1.015905340276261615e-02
3.208500606492659113e-02
2.714770056740060250e-02
9.493418056101621608e-03
7.267804382172482133e-03
2.502359050705812299e-02
6.080839558245604293e-02
4.830277329501096728e-02
1.759346947392913946e-02
4.865995040567706875e-02
2.207398412380633460e-02
3.495387164952556275e-02
7.643177430113512645e-03
2.725453145107122749e-02
3.361035320447163660e-02
6.356992506991679392e-02
1.266429216692879604e-02
3.795988307526852734e-02
4.331705850852346495e-02
1.512979651925849649e-02
1.323658334351795508e-02
1.274863509901844050e-02
9.224454930216816756e-03
1.479203713826141194e-02
4.302270838934423719e-02
1.449395282837965225e-02
3.543175943901326341e-02
1.343192819193172668e-02
2.672932180348330453e-02
3.831742736628793861e-02
9.161883701191570958e-03
4.278354737576290506e-02
1.786452839087991976e-02
2.976766670265855799e-02
2.494280945709792530e-02
4.003037745749458975e-02
6.147598085521672855e-03
1.421584731959521161e-02
6.293027735633223256e-03
2.418581932413959093e-02
3.567773162011414478e-02
1.014855860961965707e-02
8.198316135491878764e-03
3.354368736472626567e-02
7.725203087005748023e-03
1.266387179031632643e-02
1.495124333795338004e-02
1.077932749473453113e-02
5.643973373406314942e-02
1.422168639885034412e-02
2.235223377705814266e-02
4.183242411118737181e-02
4.382207701169541642e-02
4.703423664217683958e-02
3.061333653567197347e-02
4.669323163806875232e-02
1.273988169186083402e-02
4.895500383980308512e-02
8.821966765906741337e-03
3.582257189137954406e-02
4.492627054355816107e-02
4.709469442376083836e-02
1.525475254476199409e-02
7.657643800072447098e-03
5.926121696036958097e-02
5.068603806504908688e-02
7.416500362510807312e-03
1.118606917147319836e-02
2.940607701126742371e-02
8.608437887057739796e-03
2.620150673825942869e-02
3.914391953233267718e-02
6.125551736851892783e-03
9.665548772547395348e-03
7.173851032097442945e-03
3.847930249178182355e-02
1.116462068708163821e-02
1.484774165334339091e-02
9.874844032721033157e-03
9.740864485705307690e-03
7.260972221113065443e-03
1.180257851018193423e-02
1.403542461465669307e-02
5.582319510954012604e-02
1.820510577185635928e-02
9.473976547319832089e-03
6.692226657598366289e-03
5.206902941937777834e-02
5.421989599455798864e-02
6.804063440725908844e-03
1.466828739785131473e-02
5.348409878978709064e-02
1.020950893548435746e-02
4.922422874564057887e-02
1.374984918454061518e-02
1.669086862349730693e-02
1.361376190283316613e-02
6.148940660488359106e-02
7.927636761209956237e-03
9.887896124438622786e-03
4.181443878381262830e-02
8.881084866837144626e-03
6.816201192078855456e-03
3.003430769407389178e-02
1.000000000000000000e+00
9.386461891214855843e-03
1.264708545433427048e-02
1.459439730081336234e-02
9.647397610238233473e-03
1.085349808730179041e-02
4.328712180268422249e-02
7.275081496065006863e-03
4.951920431256129351e-02
5.118196230077981523e-02
6.314614524732017897e-03
3.785252446186528064e-02
8.000893806219589593e-03
1.225533160584395265e-02
4.179223951272912491e-02
1.145992321070888990e-02
1.373991616724781067e-02
6.387124355606855694e-03
1.281501757769676342e-02
4.119623636819804563e-02
1.412790492002452200e-02
4.891081962668161753e-02
6.040447184552354132e-02
1.096988971495889593e-02
6.566183813470257043e-03
2.984833683458165340e-02
1.260436345177334480e-02
5.393761995486581057e-02
8.871304828153337568e-03
1.370337422277867132e-02
6.640467605638990072e-03
2.898240348001477132e-02
1.358319104091046392e-02
1.572963541331860032e-02
6.140354881567292901e-03
4.244439943812977623e-02
1.393457662529409141e-02
6.034684182263776175e-02
9.554047275376365347e-03
6.356812127027061492e-03
1.735705721410886471e-02
1.678545060224901839e-02
9.870782771217138582e-03
2.406468663401757635e-02
8.133951474727693295e-03
5.220153961996904651e-02
1.269127248728210700e-02
1.142928706808283429e-02
4.705815074946728682e-02
1.175311198767623432e-02
6.258572996065071836e-02
1.443369968751206760e-02
5.965620004897081476e-03
5.606992406658407868e-02
6.452096317100065870e-02
9.967855734201660697e-03
7.880857051968165675e-03
4.854942605475495027e-02
3.604292921348024176e-02
3.311858283387001528e-02
1.448555140409319222e-02
4.499702718121534328e-02
4.428222007135344807e-02
9.984279962269450304e-03
3.571380468285266507e-02
6.810661396564311743e-02
5.174078184619464865e-02
1.384628130891825404e-02
1.021789172222127735e-02
8.052994949022552335e-03
6.696127051828254864e-03
1.042238972268270773e-02
3.392847999122819425e-02
7.867812831532488768e-03
6.504030844732685765e-03
2.095922896747969694e-02
4.680754414536986152e-02
6.166362993470781567e-02
2.891555153953420318e-02
2.046359787552168991e-02
6.890510796781176839e-02
1.116141450018378473e-02
1.738123068582193495e-02
1.036667184032318001e-02
3.159322129624164005e-02
6.258525747187564450e-03
1.343703628916565786e-02
2.551522307783931492e-02
1.846249673123698601e-02
5.464471777451661294e-02
1.855235422418251290e-02
3.261963788489597588e-02
1.441855296745285682e-02
5.124147519340453705e-02
7.557631686058978275e-03
4.939137998876540203e-02
1.304722375085048090e-02
5.317082712253095450e-02
4.371284561884429543e-02
1.061175882794898606e-02
7.928940518061901310e-03
6.127200046408806666e-03
4.229910162724540013e-02
4.004342069918095243e-02
1.113955716039784216e-02
1.369228089984665317e-02
1.006769185570983646e-02
1.089604909701468241e-02
5.604063517035219599e-02
5.571931179140070939e-02
5.328614829688808896e-02
3.096421514511823320e-02
5.377871486777766746e-02
1.069641623671911679e-02
1.323431006706416932e-02
6.709666039812557312e-03
3.535984417494927867e-02
4.549277060357616309e-02
1.016637712221117769e-02
1.010213148227238206e-02
6.287545279488968714e-03
4.506323951875469691e-02
8.766202301006009029e-03
9.748410877605133418e-03
1.678840893035206741e-02
4.467288365922557347e-02
6.980102488453622349e-03
4.967747613893704062e-02
1.101230709368692870e-02
7.467758168738656416e-03
4.691281313118979279e-02
5.435484618304538967e-02
6.664127559514826556e-03
3.369111446167669804e-02
1.180981252022187192e-02
1.985523356794247074e-02
4.350690718633445919e-02
1.419513034958737319e-02
7.527212071653780270e-03
5.451792181000688492e-02
6.721435094135403028e-03
7.222866821826475457e-03
5.541620766441536505e-02
3.549529983291749985e-02
2.610272149950491546e-02
6.432737616303004294e-03
6.574845735271152292e-03
7.838921946372274380e-03
1.035284878297932851e-02
6.452945288364196966e-03
6.832822420032485036e-03
9.979397851006802447e-03
5.501887711169810291e-02
5.426345048545947597e-02
2.921876821569528021e-02
6.630818126758150112e-03
7.128527672512097180e-03
4.988540767329760484e-02
1.689201333873576599e-02
5.508550058500617103e-02
4.815447765849538431e-02
3.516935536379539595e-02
5.201648117148915951e-02
1.358467800930850122e-02
3.750055486205072786e-02
1.292667766762630246e-02
9.680867163607519144e-03
6.800109264574702786e-03
2.464953177802662113e-02
3.514283407771551931e-02
5.814523271159451751e-02
6.735417899089359006e-02
7.787126141629296082e-03
1.435512354508766859e-02
7.126770012079999481e-03
2.108134923744391445e-02
6.982690692132499481e-03
1.478984865406785844e-02
1.417068590581595060e-02
1.452841878830700081e-02
6.812385125739679748e-03
1.693968809088869029e-02
4.296171758115335110e-02
6.156455332003843602e-03
5.233154760673114358e-02
8.376689370551165803e-03
1.006447879598285078e-02
1.117008523366304872e-02
5.261055142714569227e-02
5.115177712253462378e-02
5.808910787662134589e-02
2.076409813191285383e-02
2.911493083246118052e-02
1.405874813723412275e-02
1.131040110237153604e-02
5.805798259173547415e-02
1.271033593997415376e-02
2.375373882061862160e-02
8.632402090456766167e-03
3.160793668078974022e-02
6.114499045443509868e-03
3.128350257107373467e-02
6.332750881935121992e-03
7.562895595776958184e-03
1.008504571513407430e-02
2.857645497145125391e-02
7.052708961203104504e-03
2.443671443111209915e-02
3.409955368816030424e-02
6.576037351345805082e-02
3.414985263136755683e-02
1.236607154752933542e-02
6.163441045509995483e-03
3.877844308737971729e-02
8.712070103350913475e-03
1.453063016756470961e-02
4.028406919967918859e-02
4.029485264883893303e-02
7.507976521512384899e-03
5.952201195982231158e-03
3.310227812057457697e-02
1.545770559707295398e-02
8.490976699515708284e-03
3.489013402416895476e-02
1.233561148442421929e-02
2.916503408962615659e-02
8.447987082555119542e-03
1.414735768688563794e-02
9.465458325971860126e-03
4.343014106479323178e-02
1.078794837338654423e-02
4.565866880087823820e-02
5.306396050644531653e-02
8.126477057638055793e-03
9.085176372885174489e-03
1.073471127507641398e-02
1.461079747681937220e-02
1.124254778125467237e-02
9.796777230015995402e-03
4.940530813268630139e-02
1.488803057541239309e-02
1.079783009455425463e-02
5.057929626529453215e-02
1.085683921560154190e-02
4.779937848617635265e-02
6.918388705869586014e-03
7.755503882997690120e-03
9.461857427141492916e-03
1.338871432762464737e-02
6.188451292918455311e-03
2.934103408789464837e-02
1.428228015889603311e-02
1.580861169821455234e-02
7.681927716073691514e-03
4.677643831269629598e-02
4.405364865236646027e-02
4.775949294654223409e-02
8.137198629229798474e-03
8.524846684717068621e-03
3.957497214752472847e-02
1.412512310132650259e-02
1.315740986287312723e-02
4.654291357400108797e-02
6.024370967921079470e-03
3.085913603604304237e-02
4.355341576874860454e-02
5.097142509883471201e-02
2.315673894667902646e-02
1.245941238889336500e-02
2.974965772722306181e-02
5.408480842174012704e-02
8.824444455080147909e-03
1.344611135168158507e-02
7.620573934406744097e-03
9.397949750419120132e-03
1.541858916095436259e-02
1.257702019023534262e-02
4.921567312581969639e-02
5.778503363169759655e-02
4.459758435982161262e-02
1.764225265425282962e-02
4.905274066687254075e-02
9.408242557413544829e-03
9.985345042917283948e-03
2.479289182369490835e-02
2.848540194000399178e-02
5.069731976752731711e-02
6.746566338489852314e-03
6.007346870976329467e-02
3.861121368508480672e-02
1.177808563530299314e-02
6.320696246085095657e-03
4.640264438475456138e-02
5.309302712685000369e-02
6.733172906089385755e-03
4.566105300059499633e-02
7.008784743574148976e-03
1.038722180950150259e-02
7.304172805027467699e-03
4.121257249090849034e-02
8.132637238101158433e-03
1.399257735080912911e-02
5.690132707008710433e-02
7.801100416037312288e-03
6.141407721517225943e-03
2.552798925372628744e-02
9.477054973335967761e-03
1.400654850993585630e-02
5.297289073797510628e-02
2.959230004670689723e-02
1.084974755509479985e-02
1.356307471553146356e-02
4.600482982752076427e-02
2.702531818746984824e-02
1.522548709645773872e-02
6.467220547387010805e-03
1.336740011053223071e-02
6.477184669294165642e-03
6.382555658244796169e-03
3.072804995537227815e-02
1.257583576197117935e-02
6.073938239750271278e-02
6.178492560976044969e-03
6.154727438799698774e-02
6.259949825745650571e-03
1.341998028134118275e-02
1.274906136056640389e-02
5.835087788000950515e-02
5.777648767971449439e-02
9.270067768205171241e-03
5.046507772892591670e-02
3.140693928904338822e-02
2.903492871526113656e-02
8.473488438022043490e-03
1.113410813738519196e-02
6.826052765652330587e-03
5.605885668288731333e-02
1.240853908673248025e-02
3.616109706543740171e-02
2.423041071015979986e-02
4.762170961825319682e-02
1.404818001563495032e-02
4.325604951927703584e-02
6.076860386756699484e-02
7.068776991419290986e-03
1.123540254161714373e-02
1.519234437938454287e-02
4.064179582949773578e-02
6.460255967441388969e-02
2.502029781187630614e-02
1.076299617002142613e-02
1.382905661667691022e-02
4.219272590803973405e-02
1.497589986062234854e-02
1.102966013829713085e-02
6.383034566437999907e-03
4.047600765176071619e-02
1.474873555872581107e-02
6.364001666962601673e-03
1.201396344703071183e-02
3.970370341531377634e-02
7.629939728485949160e-03
6.549036553394273381e-03
1.421422163475757373e-02
5.016318109882361015e-02
4.401501261701529222e-02
8.717919460564629158e-03
3.546192317704746633e-02
1.665745442192593379e-02
8.286290674202039658e-03
1.245747960348050389e-02
6.234147622453611870e-03
3.288174138330986207e-02
1.287488357922765558e-02
1.401949792469828898e-02
1.313717417730159848e-02
6.609749036630036510e-03
5.415087306203360262e-02
9.696293357402390595e-03
9.664899074771821780e-03
9.673430440910922579e-03
3.408368690443046300e-02
3.629958696993428741e-02
6.749086668613088480e-02
1.214526366115856702e-02
2.675580082202825075e-02
7.117169133505077232e-03
4.820957172336033658e-02
5.943811376668537566e-02
7.803236204475848432e-03
8.738091854770421024e-03
1.881768990865820279e-02
2.950817949704712811e-02
7.753772713825930578e-03
1.082268225200322224e-02
4.655081676134755625e-02
7.415179637450072803e-03
3.292851750646367398e-02
1.307690092025862345e-02
8.737775876696253496e-03
8.121684852665806559e-03
4.793133148385486653e-02
1.092443913162992331e-02
6.830687594835907483e-02
2.869084141268625834e-02
8.905390492061748126e-03
1.041134015047254224e-02
3.006516969288933541e-02
1.027070243434050414e-02
6.102019902817668907e-03
3.103962209855789384e-02
1.221567177639448602e-02
5.398740871837092586e-02
2.046892830401876237e-02
6.523593664426846281e-03
1.344826519723675215e-02
1.128459547413945829e-02
7.108487644058007586e-03
5.966164248791705482e-03
7.529289943191667771e-03
3.815714564544148840e-02
1.343248114930780876e-02
3.744256361279718615e-02
7.119517760350233850e-03
1.052164390564607269e-02
3.398868387561563426e-02
4.585714053072411506e-02
3.351044333671909792e-02
5.149888058138459707e-02
7.418134649561859001e-03
2.219516854015064766e-02
5.911775049205800214e-03
1.363770996821089820e-02
3.025831447219258855e-02
5.539865907748677681e-02
4.247289866734558356e-02
2.082068373395804320e-02
9.499880460770760565e-03
8.124468626150271530e-03
1.383541667934958669e-02
4.874026603242100075e-02
2.322776029540736184e-02
5.126527872349525422e-02
6.898119305343723695e-03
2.364535611106093407e-02
6.704459201565835490e-03
6.954721757010741932e-03
1.063534807165772422e-02
3.727319613868764620e-02
6.266391086960971038e-03
3.927107492510775733e-02
7.287498567497765686e-03
4.014562198389547837e-02
3.099148948916871649e-02
1.277340896519802219e-02
6.569102816016903629e-03
3.059981220118900697e-02
1.183619167940724512e-02
1.528567509953289091e-02
6.279995611468937311e-02
6.342477865542620226e-03
1.814890179732284864e-02
1.481725369373262761e-02
2.898565966100565688e-02
9.301575970029063445e-03
1.157474895039893072e-02
1.306844012294514946e-02
8.834310917680868527e-03
1.193564991476039547e-02
8.664275250172773918e-03
3.918335095909754318e-02
1.618289024084347202e-02
1.189956096125593769e-02
1.159473147480359970e-02
6.392872774358407395e-02
2.415778117105887510e-02
1.322175654358140502e-02
4.050020141105234450e-02
1.472866572759862387e-02
5.508279288130334822e-02
7.421516382846234279e-03
1.436945591138591785e-02
7.018653364556496667e-03
6.272783002976131152e-03
2.363189750738372077e-02
1.342051049363661430e-02
9.388358320359601120e-03
1.636192577143401675e-02
4.087495302177821671e-02
5.364458868435405953e-02
2.832215362993418389e-02
5.732538722243408352e-02
8.337602833479357961e-03
3.088408376105920838e-02
6.403771412062154306e-03
1.181038417508263778e-02
1.123607466248478792e-02
6.659964517335550949e-02
1.359597665127232520e-02
1.281122269909231413e-02
3.141378263520089309e-02
7.346425156729147199e-03
1.430659725524227426e-02
5.766972107678571338e-03
6.538869288081936015e-03
4.301775654481630046e-02
2.328434793310519418e-02
1.340150649792304013e-02
1.394421228617865292e-02
8.936106466849396898e-03
6.315544007828692748e-03
1.236308022561176910e-02
8.885452509268079377e-03
1.637539195006728135e-02
1.869464590796975773e-02
4.440224681545463375e-02
3.188774357624702543e-02
1.475927247161448741e-02
8.289522756789921218e-03
4.666906280166319837e-02
1.014548596614592811e-02
2.891522518223686722e-02
3.234473469285414210e-02
7.114126608125175347e-03
7.848398298865319131e-03
5.645442430095799768e-02
2.135307070797068732e-02
2.368957143427710341e-02
6.565824375549018585e-03
1.051099197821886433e-02
6.820983820256591723e-02
2.968504546895686311e-02
1.150342125200473284e-02
3.204945879680157900e-02
3.021691412508683422e-02
7.655793529735058049e-03
1.400293531300499973e-02
5.914080935220287875e-03
7.999038378739135521e-03
7.068516123540161990e-03
1.357562443917263023e-02
4.325734252973448962e-02
1.335743115179740398e-02
4.731822072206576940e-02
4.604890802673591854e-02
1.710804809481706115e-02
1.343105618191703897e-02
1.367994830258172090e-02
4.726954851489522519e-02
5.937111159085996237e-02
1.434392134963735285e-02
7.946606810454134515e-03
1.770507938098787176e-02
1.422890103748614653e-02
5.908107255834632587e-02
7.135543317163382630e-03
1.980308525096761280e-02
3.189826839401405795e-02
1.899348330155654213e-02
6.603445349518254071e-02
5.427236203593471808e-02
6.367849178710481388e-03
1.482695393958454594e-02
1.574072204770080030e-02
6.779932361944578274e-03
1.193183538793337467e-02
4.039370217515341616e-02
1.016962866596386912e-02
3.162729451083983595e-02
6.366425617236695991e-03
9.144544684608143723e-03
4.280042394943568002e-02
8.008744201002823693e-03
6.747252280249798652e-03
8.132574007190550291e-03
1.298144953052871031e-02
3.412942694762038931e-02
1.132425572434779190e-02
1.462495781599896551e-02
3.881718575108834834e-02
1.139255164762984635e-02
8.650724012607897626e-03
1.111066000280589924e-02
5.954618519443976438e-02
1.071520046456965469e-02
1.757305179198207987e-02
4.852034200586606560e-02
1.452027223495709271e-02
1.000000000000000000e+00
1.509966136264699436e-02
1.224382709046659655e-02
1.485336229555579701e-02
8.112599419801667239e-03
1.481738278184451495e-02
6.812034857991170096e-03
1.738180431622585176e-02
6.796316929093264292e-02
9.730545498211911129e-03
1.368147845269880765e-02
8.307516376338728442e-03
1.764118524960463924e-02
6.896017050004566405e-03
3.233154149253395643e-02
5.101883075291682029e-02
1.291147292697709080e-02
3.176246665399029556e-02
5.274082068127846495e-02
1.590202270393909975e-02
9.044461330853606831e-03
9.427147162088580709e-03
3.874175132821393308e-02
5.242733895409479317e-02
7.205333729886005331e-03
5.149500752060166830e-02
1.231129392446141807e-02
1.222289983546761931e-02
1.623400565210015786e-02
8.978631759456182776e-03
1.753919408388942419e-02
3.895879687286946808e-02
4.348136665765980208e-02
2.847733665395353955e-02
4.708624815071658226e-02
4.937661577568884519e-02
2.991607354420837764e-02
6.421443807866546172e-02
6.041910333154634771e-02
1.366181563161852561e-02
2.939692839523129833e-02
4.304754700099756165e-02
8.953659620391086690e-03
1.427441589676306521e-02
2.658483261508582177e-02
7.805606966649118045e-03
3.003845480566809042e-02
6.709999245871929065e-03
4.971150345984089863e-02
3.631189565466419467e-02
1.345419303060257400e-02
1.274878876028113540e-02
3.979194805239004429e-02
3.716734070833643822e-02
7.942679210761171768e-03
2.298798657055292974e-02
3.253778074351796473e-02
3.162553595798218986e-02
6.580397124510524443e-02
1.350866372443520515e-02
1.522548354117316156e-02
1.181890931910801502e-02
2.742102379843053619e-02
1.438025794049350645e-02
1.478763346359140279e-02
1.000000000000000000e+00
1.358332766219659364e-02
2.599377587613365542e-02
3.398419168445371286e-02
1.943268771234895817e-02
3.282546931370348281e-02
6.678406410163381657e-02
5.108480309842915873e-02
6.963027609744125955e-03
1.053444863777283289e-02
1.636412398380021269e-02
4.368398998837488834e-02
1.481729809746030330e-02
4.645866388728240454e-02
4.850857572387284877e-02
4.440494018469897525e-02
1.568771169960002376e-02
3.911382122217105933e-02
6.308562362036852778e-02
7.212295343828408964e-03
7.545060327184908641e-03
5.200376503955481122e-02
4.110341441748075614e-02
4.544022662476829288e-02
7.114975121112010123e-03
6.970490611712080488e-03
3.022567169738171050e-02
1.091124154655512789e-02
4.922998797749892491e-02
1.424525936472544226e-02
1.191218687893658146e-02
7.607274646747291813e-03
3.161544263292001555e-02
7.129394810952440452e-03
3.734790078683070808e-02
6.198750774019062826e-02
6.160108299764223416e-02
2.548386659788468359e-02
2.682840343060349797e-02
6.938667295277488149e-03
6.356408333486186606e-03
4.886861851947978813e-02
7.808588487308471340e-03
5.122469509638747504e-02
1.032603011293256080e-02
3.657527125565551707e-02
9.282851168817343734e-03
1.350345580423206043e-02
7.919077720577412036e-03
5.096679408050491800e-02
5.688653042904703860e-02
1.421457909370699678e-02
6.158557036769337495e-02
7.010224827224822292e-03
5.447303677719310920e-03
4.322703424724965576e-02
6.535153292314242746e-02
2.798629595903063746e-02
4.660809054099566973e-02
6.106106338772661866e-03
4.866747888154192292e-02
7.053472222748160929e-03
6.734675692726227805e-03
1.616235729262131826e-02
5.656199359087465267e-02
8.859659956270943271e-03
2.330575604943466161e-02
1.262273251014628395e-02
7.929392962346553525e-03
1.430824767055836715e-02
9.964048096187011136e-03
2.511574551151617846e-02
4.965180877201492288e-02
5.870394172719435588e-02
1.249320222879577759e-02
6.362079839762241167e-03
3.144308051187135605e-02
1.166006812247622274e-02
4.544195291252537544e-02
1.157347196389975699e-02
1.421515162824925176e-02
3.316760093444591495e-02
3.057123479254840806e-02
5.228118674052840281e-02
1.495462891420503045e-02
1.455525126648802778e-02
1.000982797168714980e-02
1.138573014021749923e-02
3.389247259718164429e-02
7.499695692277514626e-03
4.368127052037180241e-02
1.130656041176548478e-02
5.998455383313604575e-03
4.440219582569004259e-02
4.225598805221528198e-02
3.055762676610800782e-02
4.283993404938551963e-02
8.540940738727862205e-03
1.627724026585635614e-02
1.201052621090404823e-02
4.442471738343431453e-02
1.650136497695211743e-02
3.767065704932785752e-02
8.331169793765814610e-03
2.869543094157035734e-02
5.443229323042158424e-02
3.579892165381914904e-02
3.185867648669027385e-02
9.921587707012610724e-03
1.258057736711903907e-02
3.497645012285448968e-02
2.304549969485027508e-02
1.220012424778634669e-02
1.148260477151888045e-02
5.937193502247814503e-02
1.242604662415008193e-02
8.118753461398816110e-03
1.026916995327277829e-02
1.364494116470380859e-02
8.675376975385094142e-03
5.168603518797665330e-02
1.041742963831976572e-02
1.004443197513710945e-02
1.086174880130385059e-02
2.872027187995344552e-02
8.017767829777852628e-03
1.459236157312928175e-02
6.618818707453936849e-03
8.805692069064471536e-03
3.823851962853291181e-02
1.130217370672345970e-02
1.588400305373635635e-02
9.797620657846627806e-03
2.827959527413034108e-02
1.273144019308517297e-02
4.825497636606077695e-02
5.278493318652387883e-02
1.358015249391965676e-02
5.232748438519112255e-02
6.372995479628277421e-03
4.475608685569951173e-02
1.089481073403866969e-02
1.247297398556833185e-02
3.837599906998588606e-02
1.582390000984657680e-02
4.523018678473431781e-02
1.473915293125674722e-02
1.132632133721686932e-02
7.147360916550976780e-03
1.113629230603528295e-02
5.960742532633300783e-02
1.469797153592577836e-02
3.054007699830256842e-02
7.901135884520188099e-03
3.103278967084057219e-02
7.467863791813021332e-03
9.461437437908790452e-03
2.595881383861395331e-02
1.803107196568175252e-02
6.217008130812897403e-03
4.754820163209769884e-02
1.341566326015825039e-02
9.476875171525345198e-03
5.361537625166987869e-02
1.489218006320669821e-02
1.312454370255040914e-02
3.721091246473429148e-02
2.585577955442536907e-02
3.846314716688751384e-02
4.704924860256663732e-02
1.513017292379662676e-02
6.057860510287036565e-03
1.056959661841856690e-02
7.487834125878625735e-03
6.182882965892879529e-02
9.423490612588307849e-03
6.604719866417595002e-03
3.064153545781879776e-02
2.121900183157544514e-02
3.587565463752184769e-02
6.156278148026921720e-03
1.470594051364604825e-02
3.537200086564078194e-02
5.559983759175232687e-02
9.388616416999938721e-03
5.875182744219649422e-02
4.426743972313525177e-02
3.180819763666470346e-02
3.798739553453234219e-02
1.378303310917848752e-02
8.549762998431742478e-03
3.357940333091933433e-02
1.152621596128792190e-02
6.123098138912324781e-03
3.621803563240147406e-02
2.764929986485812827e-02
4.115896772996568975e-02
5.872492056344652545e-02
4.396684438208731810e-02
4.619549571301306140e-02
9.767234937436374692e-03
1.108841327803286592e-02
2.711416969698564675e-02
1.149842079745822497e-02
1.123752395457401111e-02
1.008538024023846943e-02
9.179711032556469794e-03
3.204564236033528857e-02
8.440575213511018401e-03
9.650527298708629770e-03
2.990284405275844479e-02
5.425382323216686176e-02
1.559968318913707540e-02
1.488050964079413487e-02
8.191033001399098193e-03
6.540302662937405934e-03
1.025242532476948291e-02
1.136270870035616110e-02
6.801647874682940735e-03
1.430542979276697158e-02
3.854240277911986923e-02
6.298029128532990628e-02
5.851372201983232046e-02
1.140080588355371280e-02
1.600033980554723886e-02
1.019842671183710317e-02
7.375230511552955358e-03
3.713751549852321171e-02
7.720767845562002268e-03
1.184541320138733297e-02
3.152909493887053743e-02
4.714695825002446217e-02
2.551503923323696424e-02
7.520301721571262012e-03
9.263374077700798487e-03
4.366772192910010203e-02
4.778743996754376139e-02
5.342829701645585710e-02
6.493894004038701373e-02
2.390929692460732128e-02
4.097000769907112316e-02
5.700287856906524619e-02
9.243801347619215805e-03
5.985384140135349695e-02
3.373566142812878949e-02
1.606901255690929356e-02
3.454893967687200362e-02
2.807520903204381926e-02
6.232424468934504719e-02
1.030986069243504041e-02
5.242786213573434606e-02
1.132127636309027130e-02
1.223250188551695816e-02
5.289468456525467377e-02
5.944777620887153370e-03
6.689088407604890964e-03
2.797331882404444081e-02
5.739330711162313886e-02
6.310485451362890866e-03
2.008515849665776579e-02
1.429510648280082029e-02
1.129614821334633083e-02
5.325933683050886047e-02
7.828370875329273768e-03
3.313511040435760530e-02
5.506257926529633390e-02
5.280175810431451955e-02
1.502686149027744958e-02
3.170625533458865802e-02
8.729395172780575474e-03
5.247873092563713066e-02
7.806141836284317785e-03
3.420098303885284879e-02
1.094390492454037390e-02
3.903518206311226008e-02
2.499830450145808930e-02
2.229939137961412313e-02
1.318416225379238915e-02
1.645657201342600601e-02
1.594937862741035994e-02
1.238688738034336018e-02
6.425052603935538405e-03
6.446156243830696714e-03
6.229155020475260485e-03
7.754885547342921411e-03
3.308264825797187919e-02
1.356742646888971573e-02
7.623595171837123027e-03
7.108415385791247779e-03
6.320914943171329625e-02
6.166211327787567836e-02
4.582677190338731166e-02
1.546793577351157634e-02
6.652511645482703240e-02
5.075821732727783114e-02
3.390963442660335780e-02
4.832467586947052085e-02
9.947881666549463625e-03
2.681210500758536910e-02
1.073460371233881869e-02
8.802517439634329963e-03
3.208506520581796972e-02
3.067832790816193284e-02
1.167805929712408854e-02
1.167939396017720656e-02
4.476313116627392286e-02
1.226430173558495235e-02
7.052445821606052358e-03
1.366440711008910271e-02
7.464895942484328466e-03
6.103981119364178948e-02
9.286327399696835128e-03
3.629216881111153176e-02
3.886561284393932891e-02
6.658054806714408524e-02
3.523482889274465873e-02
1.474519015079791412e-02
6.637596300495665624e-03
1.818034874588021765e-02
5.451922026246943526e-02
8.472382570405312049e-03
8.779589743295849319e-03
3.101337739205206612e-02
7.610219257918353873e-03
9.241190194052454482e-03
6.326632246227811146e-03
9.493342760441484188e-03
4.983039180136902835e-02
8.731259115107747881e-03
6.001849493811244572e-03
2.320872267918566365e-02
6.620715140866202490e-03
1.151703567016102228e-02
3.450464411821040772e-02
5.050891764532355888e-02
6.280714769549031185e-02
1.356100869649769745e-02
3.544566869891561944e-02
1.491191266866020472e-02
2.101122034626626972e-02
2.086122975781169037e-02
7.179525282400416389e-03
1.091642711852463220e-02
4.354629958801255890e-02
1.567530943006588059e-02
3.128468387063948475e-02
1.354993311737708386e-02
1.527745116579343546e-02
4.786896303024570920e-02
2.669381585373432550e-02
5.704892594497771446e-02
3.845281063433603902e-02
6.755214512507505022e-03
4.955559502204262556e-02
2.443662654387889627e-02
6.218268821342294583e-02
1.317659706586660553e-02
4.527378767311798780e-02
7.253492107452439580e-03
1.492673306778235023e-02
2.613456571915943535e-02
5.608310942668228577e-02
1.126183314216424279e-02
1.460634928300628445e-02
1.366792427709676364e-02
3.892678628005397795e-02
9.616001037785613936e-03
1.320926858380927667e-02
5.906944643844243975e-02
6.231067349325748045e-02
4.997538023039083122e-02
5.158744781361889603e-02
7.223607561509375399e-03
8.561889035270740800e-03
2.820413988965532123e-02
1.053510401885861605e-02
5.650790668203217043e-02
6.566490504761175913e-03
1.078263993251308596e-02
5.763444105644662668e-02
1.461928170331652441e-02
1.821605489235347125e-02
2.804369164409938400e-02
1.221126315776702165e-02
2.118832613004602294e-02
1.854580825899787566e-02
7.147720513171586590e-03
1.459251607597075728e-02
4.872270774270971716e-02
4.648912878701830925e-02
5.335948693717611907e-02
5.172207781570505730e-02
6.469027070447810369e-03
1.275405214919734728e-02
1.136421079303329487e-02
1.526406051009130196e-02
7.472255011953980904e-03
7.487291971530952127e-03
1.289661912448639494e-02
9.726323823079379219e-03
3.820504124122459794e-02
6.919223782234813769e-02
5.291063113246242261e-02
6.605802876820898728e-02
3.454090075415165717e-02
4.437723836247821352e-02
1.451819162097519982e-02
7.270576308503557718e-03
5.387329379224107401e-02
6.749769887203853347e-02
1.758364481461283796e-02
6.393674215451428632e-03
6.976076095232617257e-03
5.964783959291076673e-03
5.640569699113678892e-02
3.924395512218096377e-02
6.423933295655025189e-02
4.835829910704964735e-02
4.614896912862052891e-02
1.053771122459796171e-02
6.211321538623112981e-02
1.367520801981813097e-02
3.526811972186499888e-02
1.355903730450754886e-02
7.235768093286611136e-03
2.452928281825677431e-02
4.256051787021809113e-02
3.998119599140664837e-02
1.461293467644741821e-02
2.264094502065026882e-02
1.758590133364777361e-02
7.106080957138296433e-03
3.360274464054884697e-02
1.137114230303294324e-02
6.398174090121708235e-02
2.064038925962546553e-02
6.600757682230042056e-03
8.837166920834542763e-03
4.766117415364872628e-02
4.274104859633117565e-02
4.291747480841138357e-02
7.658032814158142326e-03
6.597347699891431549e-02
3.702427631350128229e-02
2.272000753127527417e-02
6.676060523822019768e-03
1.074134259750853665e-02
1.583191839426753914e-02
3.593821156493463842e-02
1.179045404467639682e-02
8.532790561083533967e-03
9.511338213029654071e-03
6.308354158810992526e-03
1.317167482087924779e-02
5.225230922455424698e-02
3.550313147636145750e-02
1.295499589474072288e-02
1.511479751208838485e-02
3.904815315256119496e-02
1.159391707845823342e-02
8.695122429827430166e-03
9.545179859934971311e-03
1.122642052040130622e-02
3.995643528402593320e-02
4.989554574396629083e-02
8.818146189930398463e-03
6.337970611328755909e-03
9.838438566349706413e-03
8.956849602101331700e-03
3.011054214090911826e-02
8.438637344104377505e-03
6.143013487358716523e-02
8.405662381248072551e-03
1.446538778637714538e-02
1.460033705351042842e-02
5.712174115226166700e-03
6.064406372395710759e-02
1.482368028095471663e-02
5.827153447364079308e-02
1.149259144224426543e-02
5.623522421931821669e-02
3.101639254940658300e-02
5.604232589114252483e-02
1.953304361952900789e-02
7.013666892404965894e-03
1.548302962046118128e-02
4.647949150258619266e-02
4.278050410876243353e-02
2.360399434501903038e-02
1.069301784775739984e-02
1.898668416934051056e-02
3.768378423163865759e-02
8.305610960826765102e-03
8.504087026419349798e-03
5.186898932879420443e-02
2.264203587336724791e-02
6.642558943465375065e-02
2.679093017954664244e-02
1.499924821578367540e-02
5.853874706558340191e-02
1.392041450357993371e-02
3.079215571332474810e-02
1.007372701302840928e-02
1.321509479302450558e-02
5.413166919580922332e-02
9.555812836557816409e-03
6.006036260760136761e-03
2.322038629834099338e-02
1.397125970506400867e-02
1.538446824495221139e-02
2.546452643482855979e-02
3.360647170632242303e-02
5.796380698107831374e-03
7.624321610777711269e-03
7.160917716532781176e-03
1.411783914299146597e-02
5.357194465723142535e-02
1.703056294885436570e-02
5.580470223914185679e-02
1.275744809797794803e-02
2.897248574234610741e-02
5.985546428175473471e-02
1.368034387730986470e-02
3.426355042203194784e-02
1.430393806997851125e-02
5.163955687656176380e-02
6.537367997562076871e-03
5.639362974945516527e-02
3.416566544710410158e-02
4.015536815126935499e-02
9.246852799144269705e-03
3.517055453196558934e-02
1.257750988876013901e-02
1.847723746777690801e-02
7.473151702703265294e-03
1.047581502050457317e-02
2.233534504038186055e-02
1.092583365419185978e-02
1.281795168383989027e-02
9.902548748549691582e-03
7.014366079314268872e-03
3.548192664672379648e-02
4.129421620326235304e-02
3.210984050275164647e-02
1.298532499078771350e-02
7.727229314603831223e-03
6.372227185038112710e-03
5.945487897340234057e-02
5.219994866074156858e-02
1.215765176336959866e-02
5.004759304960522404e-02
9.008944701199114030e-03
1.084154159151304829e-02
7.659830134703160369e-03
1.304398841754466146e-02
9.010492064131452039e-03
6.846888721621981547e-03
1.469074398521717610e-02
6.796844332071235763e-03
6.929688293330659062e-03
5.095890235959795594e-02
2.838831407590172370e-02
1.059668556662239809e-02
5.023231767668202147e-02
8.244899201353426965e-03
5.492605875814846744e-02
5.561125260491861511e-02
4.946458921372210576e-02
1.394572053079976524e-02
2.271559329859107468e-02
5.294501763763493490e-02
5.857083240956813958e-02
6.124121997945237983e-02
6.413219876407302844e-02
9.222592015222380590e-03
1.933131214080776802e-02
4.359303087896076317e-02
6.451369096898283001e-03
8.467592329230619677e-03
5.842382661815731515e-02
4.346427233972648824e-02
7.789760769056512657e-03
6.276170829625293823e-02
5.830436245172450349e-02
1.496452730770339926e-02
5.425427696698997826e-02
2.792367831594549932e-02
1.153134747567525348e-02
6.348787515176785613e-03
5.380592071564472417e-02
1.387456816242721609e-02
4.895537255557286943e-02
9.600725364584641180e-03
1.413305960532707829e-02
1.231711818462890955e-02
6.914333248279448153e-03
7.140109897417923346e-03
3.612086244693123172e-02
7.731663770489012599e-03
1.375795869482816444e-02
1.075209797718048449e-02
1.572050262956713879e-02
4.302464759090103563e-02
5.696854312979046653e-02
1.432910752878060502e-02
4.977812281384631082e-02
6.764099852533674712e-03
2.351945514021407807e-02
7.017800838278369716e-03
3.674758195491906881e-02
4.141208704596487794e-02
2.470781591963448418e-02
3.292601783313096192e-02
2.335897529953415153e-02
1.410736511996093026e-02
1.005803914269308430e-02
3.536716668630211086e-02
8.108735499713375441e-03
3.716582038067781091e-02
1.626818973035745741e-02
1.414060740288614233e-02
1.518802579659435728e-02
1.117957042174947194e-02
1.030558773748364160e-02
7.857480230234564073e-03
1.358284331043042512e-02
3.645575399802778588e-02
6.207656778692982602e-02
1.114962264027811838e-02
3.930208254947745172e-02
2.501978949405342725e-02
7.003587168083595139e-03
4.777829604037298755e-02
6.197673810675111139e-03
1.135992833847595390e-02
1.175118248785946180e-02
5.606218735853308460e-02
6.219423570212801594e-02
6.110140320450389330e-03
6.569275274455119509e-03
1.439895077393479536e-02
1.368307317615980248e-02
4.196089210038627532e-02
4.011038740284399856e-02
2.800472262926751235e-02
7.129488870917785603e-03
2.900439042849361007e-02
4.055155135885507578e-02
1.352713084610063753e-02
1.335719710185365172e-02
8.907203670401956860e-03
8.412489497240752470e-03
6.230942731668818145e-03
1.366103971375603500e-02
3.288605217962417560e-02
3.278360764979294101e-02
5.259028608919382591e-02
6.893702665244898047e-03
1.287061581963296758e-02
6.127010283509896904e-02
2.555540232329011133e-02
1.000000000000000000e+00
8.081302601722569617e-03
3.429887339844128746e-02
3.916585632520413335e-02
6.038739970522306183e-03
2.761846748721771827e-02
2.249583952338790951e-02
6.192931764568728251e-03
1.043517549640565756e-02
1.386933787509098299e-02
1.202751453457142315e-02
2.054523775096978380e-02
1.492054049814926439e-02
6.252188819662573595e-03
1.085549666881888836e-02
5.200273192393245481e-02
1.521712383678131345e-02
4.170278251695431343e-02
2.202660608937237821e-02
1.558731014194259315e-02
1.352410368504819958e-02
1.892991114907049618e-02
1.327312624941326923e-02
1.008965282793111012e-02
4.617778296349941969e-02
2.579506858260897581e-02
4.075952424147302744e-02
5.831816490084307941e-02
6.283420969928180111e-02
1.759917138312359214e-02
2.427727781037670660e-02
4.856242960167139744e-02
1.356930010546766874e-02
1.202916614212440165e-02
2.593578025647862509e-02
7.393589123289121857e-03
1.987400599462031681e-02
5.112836978962214535e-02
3.147140104754934248e-02
1.071238969802206301e-02
5.621520768637652127e-02
1.720911604170634671e-02
2.156364834705636405e-02
7.044618861048883990e-03
1.601004912523664933e-02
7.879496952339274871e-03
2.173677668048213871e-02
6.945003343279700092e-02
9.088683149268144898e-03
2.971267949747475809e-02
4.800121831025521563e-02
5.901400570204815878e-03
1.812544966157411674e-02
1.571012511482542187e-02
6.979469265575839396e-03
6.436348198724751654e-03
1.096785347319776879e-02
1.438756091604748155e-02
8.232079993588190675e-03
1.998226606765791946e-02
6.224721821727651969e-03
7.018725955411768760e-03
1.070639782822673837e-02
3.068544699878588203e-02
6.623422280388321925e-02
1.092639987281904604e-02
6.632412626855254192e-03
5.907670744366866344e-02
3.791996984108895324e-02
2.613449742009198856e-02
9.741009276339271036e-03
8.135818438249406773e-03
3.338172800084520525e-02
1.094915809605418941e-02
1.780608834061214382e-02
2.810261813687692581e-02
2.434349160186509431e-02
1.443305709404311965e-02
1.533887158403710212e-02
1.730328406092543694e-02
1.204955033244747321e-02
8.316275106152877863e-03
7.727556533820489557e-03
6.229916661704731212e-02
6.060809590698518906e-02
6.237423284490577549e-03
1.703021382287965915e-02
3.314126028225928416e-02
1.436226124206946460e-02
5.958010232164657333e-02
1.483285639912795481e-02
6.588800626132866600e-03
4.931783228016155263e-02
1.149929869601250959e-02
4.866381352552370809e-02
6.528010577672131373e-03
1.080587002854721014e-02
5.511879164708673867e-02
6.516630816679107839e-03
2.689548519617143696e-02
2.443602698123427744e-02
9.946639935528347673e-03
4.685755948679728305e-02
6.566355638457828381e-02
4.138051333165899265e-02
4.696128559984065476e-02
9.457194165180480769e-03
5.111710471759246810e-02
6.925922445928740269e-03
1.381385005755975809e-02
5.145573069483396628e-02
6.320989805400138023e-03
3.120952168191089976e-02
1.557769591267938250e-02
6.385285021688833114e-03
6.273745450186984755e-03
1.903809646609192635e-02
3.751671809015851011e-02
5.318167219360172421e-02
1.509246391144069242e-02
3.250879327446950379e-02
1.479183330111451256e-02
7.954464261832744354e-03
8.125698529094756498e-03
5.843564319526740880e-02
6.099233716629670447e-03
4.621443369059698852e-02
8.588155370716233847e-03
2.654794419973179401e-02
2.910240376378434718e-02
7.334447941992732964e-03
1.776384359366198207e-02
8.544165918130466886e-03
5.108504225171087154e-02
7.412270080160321406e-03
5.635725145273463854e-02
1.118681131302687662e-02
5.332668690034374909e-02
1.128724605245258125e-02
3.044006923648693436e-02
5.557701094113511736e-02
1.059782026577082807e-02
1.018383332430341896e-02
5.950166400256860083e-02
1.205563491811590185e-02
1.379462262332285111e-02
9.955324015749042466e-03
6.509939994441814662e-03
1.239562658277871925e-02
1.270685784136207745e-02
1.290724945275449273e-02
6.670746756632147528e-03
6.765152095679623050e-03
4.149822485771820918e-02
3.102711687761218473e-02
2.524129157648498725e-02
1.737125619221584552e-02
9.816437054040658139e-03
5.509134896356357447e-02
5.799902183961473667e-02
3.203804115476974190e-02
6.203848538271612006e-02
6.524801510700451758e-03
5.254129554027454213e-02
1.276542852381029255e-02
6.248061657275071068e-02
6.737769161791673164e-03
2.891843505650080332e-02
6.589081101932120835e-03
8.558797794205548481e-03
3.563239972897853242e-02
5.739963869901969218e-02
1.359301930769902904e-02
5.689879808161373009e-02
1.012244049963839133e-02
1.728941985202397599e-02
8.233730503926154146e-03
7.711937501087037621e-03
7.828482785729319604e-03
3.463283796906489048e-02
1.506839260227023011e-02
1.158945007479943168e-02
6.387448013642943456e-02
6.396448661849418738e-02
1.283048008582030400e-02
3.504567972009831750e-02
8.684016973821649318e-03
6.591125239708510442e-02
3.266737453865637547e-02
1.096868206112266118e-02
4.836556365270627128e-02
1.519949443482583248e-02
6.030727450022338454e-03
1.288808982480368209e-02
3.950219233453957507e-02
1.327253339068799540e-02
7.101470664471663807e-03
4.211617011356627582e-02
1.609940442789086629e-02
7.630598698582541362e-03
6.300632863826842456e-02
1.005022851098504207e-02
2.753513062364347161e-02
9.293896593522667920e-03
8.853269914098604518e-03
1.256151014896829919e-02
2.396453413798723536e-02
9.283432551923834208e-03
9.120104345680146371e-03
5.712477766286103847e-02
1.129821386488027643e-02
2.234363156948893439e-02
6.823856931693696171e-02
1.016858208265822988e-02
2.190630084415884707e-02
4.593397499864142891e-02
5.369715155468631623e-02
6.125746078483250770e-03
1.253800504281620681e-02
5.168455362918285279e-02
5.755796632308015498e-02
6.980045347794682636e-03
6.318932682901121263e-03
9.057561360956735419e-03
1.617243203923068862e-02
3.513487061642545095e-02
5.432970362556180377e-02
1.076037520626197189e-02
1.642035416955561419e-02
7.015680048655400722e-03
4.669768539357083137e-02
6.033439756678136631e-03
9.120007726690941216e-03
6.064968130556974701e-02
2.215547822999274982e-02
4.428474576222759390e-02
1.024197999458108764e-02
1.759905154893576240e-02
2.516110162416983903e-02
8.657191809222416351e-03
1.275229855804330646e-02
1.145057233592000276e-02
4.630166648408205049e-02
1.398847299091377991e-02
1.053883734579417163e-02
1.351139736172364894e-02
5.837435983361791147e-02
1.580365675614021567e-02
2.341573968953905918e-02
2.189433353184596504e-02
1.501132320953800330e-02
2.406722636936216297e-02
9.891640127209392480e-03
4.469050283228324233e-02
4.438560461591908868e-02
2.043450409915167909e-02
1.123345404677080633e-02
6.337187946851081249e-03
1.186821990858807040e-02
2.014938584122159468e-02
3.682144734158272759e-02
1.964131684268969821e-02
3.509422703190110543e-02
2.419385201599501961e-02
5.129519175398928460e-02
2.270422918655285588e-02
7.329954778859715074e-03
2.936534565915891945e-02
7.114822245226084911e-03
8.265242351148987393e-03
7.190380674323014649e-03
3.254544813066773123e-02
1.254716676968540938e-02
6.385009551823329736e-03
6.592794384722044931e-03
9.703233229220308009e-03
1.429543957399670787e-02
1.071383754761429108e-02
7.235233150683531393e-03
2.771196584818200886e-02
7.424490538739324588e-03
6.566400633613560939e-03
1.354986673403280398e-02
8.246871477363418995e-03
6.080438902647408717e-03
2.850663754029056710e-02
6.327366504833453753e-02
9.654344373393707046e-03
1.030416141479631280e-02
4.943497707946638980e-02
1.124417274403304370e-02
2.219253479535008428e-02
8.285961210275005415e-03
6.128227705581726706e-03
2.177313564761472128e-02
1.445599871308714604e-02
1.007124059365536659e-02
5.996842988456719398e-02
5.955903895396105069e-02
2.702282655860361107e-02
3.529300345477916906e-02
5.691752241896934350e-03
4.520527672984438194e-02
6.769808860094095326e-02
5.026404840175927036e-02
6.504706182793289909e-03
1.243154518417952971e-02
2.764866873451128637e-02
5.418768640241297674e-02
6.735708269635741485e-02
6.452511339429648635e-03
1.141595057960825312e-02
3.144097142570548981e-02
8.063349533748053605e-03
5.049783712635217553e-02
1.668720434343427469e-02
6.615116602357430306e-03
4.913773943736807204e-02
7.304877084878731199e-03
3.018826681849849300e-02
5.740446123483382984e-02
2.973703300110305120e-02
1.599478613635681515e-02
1.007153573417370745e-02
5.980871669170260453e-03
8.713378663741631891e-03
6.055385061242149307e-03
7.995901108904801546e-03
3.591944593670637342e-02
5.434225837116622021e-02
4.618431292204205202e-02
9.291259911433884591e-03
4.285787535813825183e-02
8.148934636593068229e-03
1.021869160861204988e-02
1.331889923636846509e-02
3.298606561763707534e-02
1.281186508521427354e-02
3.700122945953670389e-02
2.859077868230363098e-02
1.716665281322366995e-02
1.436267275738411890e-02
1.093258177028334603e-02
6.330207935808281582e-03
1.310066434809850806e-02
9.848873111988048351e-03
6.418535661388072300e-03
1.291073903663887863e-02
4.798135957780001043e-02
2.008227588843783037e-02
2.722855809855592724e-02
1.546593245404741419e-02
4.232231532318100897e-02
2.947189543898924222e-02
2.287468031064464336e-02
5.792604741115871259e-02
1.356915804698440205e-02
6.717261323404106858e-03
3.734180407870753976e-02
5.765697046907274081e-02
1.099661769891229803e-02
7.950836888235708264e-03
1.133701468453645993e-02
4.002793017326218561e-02
6.641474582061883576e-03
2.873915219528270365e-02
9.185700406191727591e-03
1.295881697688324244e-02
4.409863861488914211e-02
3.006745092124428129e-02
2.943685458982800082e-02
9.266751680211487985e-03
3.841992183106596875e-02
1.130019064580593466e-02
8.441089047596708403e-03
7.413600256810357926e-03
9.767495142743507289e-03
6.585025423533185512e-03
7.285736632836300845e-03
1.258610725250669873e-02
6.283260689972525875e-03
2.810160807294161470e-02
4.127491152188043216e-02
2.983228774641766626e-02
8.822813493667650692e-03
1.157262137190524787e-02
1.319613622295177924e-02
3.040797193050565408e-02
3.993175356561018408e-02
7.272406196849613355e-03
4.664438558370338078e-02
3.547153961615431839e-02
1.257734551212799298e-02
5.510942316207445568e-02
1.346971958936931703e-02
1.339889798972638407e-02
1.004421682823392753e-02
1.175091021340238760e-02
3.064755150256793723e-02
6.474964914753054968e-02
6.207988804386387061e-02
1.341570561355667247e-02
4.974710939487837769e-02
6.190496980261440789e-03
3.224529633058056260e-02
8.945108849385107613e-03
1.331752634595446787e-02
3.027889401440082839e-02
7.229542255356009167e-03
1.436032248207595730e-02
8.479568706765769001e-03
1.046067252342406870e-02
9.547606604813959480e-03
4.344285499226846481e-02
7.075733473985755008e-03
1.266283940029708059e-02
7.936428110524959556e-03
1.426853562354937592e-02
5.800631989829651419e-02
6.212630725276935099e-03
5.922875159567585202e-02
1.570460476733152172e-02
6.951188902288311412e-03
8.060030934088871502e-03
1.584878479032470963e-02
1.849877957174779486e-02
5.846640714025304331e-03
4.263792253071366223e-02
3.460263624351186951e-02
1.109009654285569163e-02
4.867754735358356677e-02
3.985091467337865956e-02
9.713720164248760766e-03
6.029621418645652632e-03
6.377190162359115330e-03
9.380268247573536958e-03
7.072157587272365209e-03
6.178894288369551208e-02
5.237395577469195623e-02
5.611352647216505396e-02
7.793010279708112963e-03
3.159606792821821608e-02
1.261626791011926860e-02
4.918782511733289786e-02
2.139866844973015506e-02
6.730897151750246665e-02
1.280878574770958137e-02
2.030816438502411336e-02
2.573791938571319896e-02
1.024086000814833017e-02
8.476355904651178275e-03
9.802038659683971408e-03
1.343498627021630538e-02
2.789863684188441037e-02
5.505663081798277403e-02
1.019810642755582079e-02
1.271660353429814386e-02
7.797913314330683077e-03
1.097275133437611988e-02
8.950891837251577846e-03
6.161898227231609598e-02
1.360323424210513159e-02
7.839796555460232935e-03
2.046111096723495296e-02
1.376194269197688995e-02
4.093862389780021649e-02
4.342256166500339104e-02
4.524401381502094616e-02
1.475066137699718345e-02
1.356435335510837621e-02
1.549528950520631145e-02
5.951255138755560774e-03
1.099550244349369738e-02
2.267499218367398026e-02
9.024102955540220725e-03
5.043533395209045395e-02
6.611193343005704326e-02
4.777066439763318767e-02
8.640640640177468107e-03
9.137037486269388234e-03
1.372680503876493908e-02
8.512064351561552181e-03
7.240543694097418756e-03
1.782220327609590829e-02
6.122635524996433015e-02
4.121587716474670732e-02
6.295246707345897308e-02
1.486923716264603769e-02
4.401711957217003396e-02
8.358142449865008788e-03
3.885603665622754110e-02
2.296382357015138917e-02
7.701740349835805612e-03
3.537207031591835943e-02
3.644415559815726569e-02
1.118877549068999881e-02
3.731838701443353917e-02
9.200351674928355233e-03
7.640372430834491656e-03
9.337489843511511539e-03
1.336991431484697672e-02
6.832702281109400040e-03
1.195336579873588871e-02
3.758922249954258638e-02
5.708345456469412355e-02
1.406807068645721422e-02
9.722985329028561302e-03
1.172149442469802398e-02
1.901421944706497419e-02
1.408675163673402987e-02
4.187547274544793641e-02
4.534667930221412263e-02
6.591695999944733632e-03
6.707520507556417703e-03
1.343103541720515499e-02
3.175822052167336096e-02
4.610990590307324777e-02
1.289346192103803766e-02
1.528296206174085438e-02
6.081390109618584061e-03
8.024186752984991192e-03
1.081565849505803506e-02
5.263976955478300024e-02
1.399178107371611829e-02
1.182367700017403385e-02
2.130273851310547292e-02
6.192890864631614076e-03
4.286727738726239800e-02
2.783490460026479679e-02
2.919468995110641521e-02
4.487212061297195242e-02
3.419618083387892388e-02
1.146533744823591792e-02
9.792251925980672428e-03
1.173184256286172004e-02
5.760442947598446058e-03
4.744924474426742006e-02
5.634547103518414146e-02
5.410213661947915753e-02
1.159881821431274843e-02
6.433082201739456774e-02
2.892832031962515663e-02
1.118805712151666257e-02
5.094733748694649927e-02
3.786427245500624539e-02
5.257020078163363724e-02
7.285798796608459332e-03
5.186247425211401585e-02
1.214959484204207636e-02
5.455043700332753986e-02
1.336220626783684445e-02
7.920844442643718356e-03
2.408589488357467528e-02
6.177084882403793484e-03
1.261181859696450767e-02
1.012954356023145451e-02
1.000000000000000000e+00
3.394989220443360434e-02
3.751963634262411862e-02
9.336458856500565520e-03
2.344297720134587773e-02
6.032746278351590330e-02
8.025084450573479605e-03
7.104951083088649651e-03
5.555380596003772764e-02
4.317462876741701844e-02
8.620098152963655280e-03
2.372254819476322246e-02
6.462052077385392612e-03
1.108337722224141467e-02
3.906113917883816122e-02
1.063783655628016030e-02
1.741548725795029687e-02
1.354487665248334943e-02
5.156204332241077354e-02
2.119770914469201045e-02
5.946832872964175759e-03
7.628701072342117424e-03
3.798188202030418348e-02
3.160936018750342552e-02
1.355223051098908976e-02
8.837185391842741419e-03
1.384294171865198264e-02
3.346716774406728601e-02
3.050932358934383554e-02
2.868053577944547697e-02
1.004954181203498824e-02
1.364152848782515005e-02
4.844031569062897530e-02
1.029901494858401212e-02
2.003672959617957758e-02
3.765039842914670587e-02
2.886516303715572218e-02
1.371880951607671803e-02
6.253995604166796493e-03
1.296603791242042711e-02
8.703822087070480981e-03
5.174768212909623688e-02
1.160625885176132591e-02
3.780092769836477379e-02
1.105765722572496848e-02
1.366953464589448428e-02
2.990605431340645839e-02
1.368273895544406225e-02
1.141359046326701279e-02
5.263471836387428188e-02
2.941743428595652160e-02
7.440449681305400138e-03
6.762536961910377287e-02
3.105761228648551420e-02
3.901662950817272324e-02
7.240202539655966885e-03
4.137233765572870259e-02
3.240003801747952383e-02
3.336288395383479877e-02
1.448158222724827901e-02
1.196122082176981870e-02
4.527772260060194953e-02
1.006380501171317762e-02
1.375387430376097397e-02
7.442768155711301271e-03
5.817874883234634698e-02
1.097978886930952268e-02
6.023397365238637030e-02
6.527375005231553229e-02
3.645822525029274869e-02
1.976932515006641494e-02
3.515681438993557145e-02
8.283627833927713346e-03
7.456370293559398503e-03
4.873918609291540138e-02
3.131281390926633074e-02
1.125378685665268108e-02
3.738595254802203754e-02
2.812741133807425062e-02
1.112733256401101170e-02
1.337037576300920128e-02
2.693678906495344458e-02
1.061365943230125480e-02
8.699698983004350294e-03
6.845085591596482624e-03
1.308856186026580680e-02
5.494654048454018086e-02
1.141331996282887035e-02
1.150994526153747109e-02
6.340992715894930298e-03
2.812045161878904895e-02
9.254281181637838069e-03
5.458242020081367774e-02
4.742668396842613515e-02
1.235627055918073723e-02
1.547911952881362956e-02
5.034572625123840545e-02
8.572694888879418482e-03
7.752955613109459646e-03
9.348668648167449483e-03
1.955844884357784558e-02
9.142644064954586966e-03
7.014124725034917573e-03
2.452030176552408985e-02
1.147143736164097337e-02
1.000000000000000000e+00
2.046061668992364690e-02
1.003304880406444798e-02
2.660802489408372468e-02
1.425760635564720519e-02
4.651043204655987140e-02
7.009508988767097076e-03
3.785519040733797969e-02
9.901155530506838137e-03
2.681152789296356934e-02
5.791483886418268695e-03
6.687856252473151075e-02
6.186641006915998692e-03
9.717021398416663541e-03
1.167073745157489427e-02
4.604568007741809826e-02
8.460673336695142405e-03
4.312339956243443906e-02
2.647955982208309231e-02
5.178174395461351831e-02
5.054752356833343285e-02
4.441612130764168581e-02
1.751460665028244101e-02
1.029417695757260318e-02
8.953962662130669076e-03
1.408025710745352925e-02
1.483765335891834222e-02
4.606040893491102073e-02
1.188521953072557702e-02
1.496729447785238691e-02
3.540105403518786081e-02
7.045958729562817012e-03
6.467655961264667797e-03
1.100544154556516545e-02
1.010649563638872650e-02
6.033990500610163232e-02
4.446682219491317201e-02
9.095624766595365382e-03
1.523526604845957914e-02
5.019905470561726590e-02
3.556021022879315291e-02
6.940583943876705263e-03
5.379980495299071380e-02
6.937431271227168308e-03
9.258114450506995871e-03
7.912104823230445283e-03
1.264882281622387375e-02
2.682672354156272199e-02
4.846867163992010785e-02
4.004158960204147466e-02
7.932770247389928434e-03
7.792305548336040007e-03
3.767933829038313392e-02
1.497196220857945244e-02
1.328469818685368981e-02
6.930091270450315123e-03
2.941776779206102532e-02
2.287736011865271549e-02
1.030706291708816981e-02
6.041287404369108729e-03
6.509461975961213127e-03
6.063077435711991536e-02
2.875852848640093537e-02
3.186806440622583919e-02
3.364611791860273177e-02
4.889289517970785842e-02
5.064243434806300903e-02
4.075162768155277115e-02
8.923537507219872489e-03
4.548580637873032850e-02
5.886923349318010090e-02
8.115470738084166330e-03
4.265443579417486919e-02
1.221431863214490245e-02
1.547434066619492350e-02
1.173637854394516018e-02
9.951148037836168164e-03
7.004997967600757117e-03
1.079733624585173246e-02
5.922061679882156815e-02
1.125088214920831609e-02
8.417589265914482768e-03
1.608056836377572130e-02
2.153509798696899222e-02
1.974848316084485550e-02
7.276261268294731931e-03
2.438712605165976183e-02
1.622389732012995134e-02
5.234202775621710213e-02
3.891115580668148138e-02
5.478547946999836465e-02
3.218089755233387306e-02
6.016919123936402547e-02
3.471617407291240076e-02
3.108794782401749432e-02
5.985953737237309502e-02
9.469263886727304763e-03
4.984993453534093677e-02
1.425910815261869843e-02
3.345840819761834728e-02
1.578842048046541491e-02
5.602169504472087613e-02
3.270396857571831323e-02
1.452362208912607450e-02
2.807165510270968889e-02
3.306367695849748295e-02
1.789690429729920429e-02
6.501689044574731659e-03
3.101467247246407835e-02
1.474607038104279108e-02
5.841454469880259098e-02
4.830781449903145952e-02
3.200527694732006184e-02
6.786245002819544722e-03
5.004354018844316826e-02
8.935417020301114274e-03
8.287509490193781594e-03
1.349606604023603947e-02
1.566240141480542553e-02
5.658649860432651835e-02
3.016028211403423698e-02
5.627615665495707548e-02
1.527521482583750478e-02
4.679609124534387515e-02
9.098479223970022678e-03
1.286155126228059539e-02
1.013077459844561115e-02
5.963000816948581251e-03
6.423581195074344607e-02
7.124337554065954259e-03
1.340748527285298176e-02
4.718875700900402453e-02
8.336637436373190227e-03
1.072027937717163343e-02
1.192963572906045010e-02
2.457071866106467703e-02
6.740374600835866668e-03
1.010414169955712108e-02
8.230283605889024412e-03
1.258140410894588619e-02
9.410026203724008304e-03
8.431066495105835751e-03
4.819781205894065057e-02
7.360066206118696074e-03
4.554497857607899686e-02
1.165271298023665657e-02
7.284669054404031320e-03
2.180319211777329014e-02
2.882400372654665005e-02
1.438650116661739295e-02
4.332127818678205983e-02
1.913360704145829899e-02
6.588065686316689484e-02
1.526855190254383654e-02
7.606462910394036665e-03
4.266440398668391171e-02
3.014480923107245094e-02
5.507524563563914038e-02
1.397612015221192001e-02
1.973260632440267115e-02
6.499173841249531423e-03
5.380868123413786591e-02
1.283116637844853962e-02
1.521662456733499126e-02
1.309614043239554042e-02
5.419204695891568363e-02
1.498168581049244552e-02
1.312823756834467087e-02
4.840533368427556854e-02
1.610880149537019523e-02
1.005798059709897378e-02
1.461849786920409004e-02
1.186446231733153354e-02
6.396745135655119638e-03
1.268939057237915627e-02
8.869405808379995232e-03
4.330270317648897416e-02
6.120188087366451243e-03
1.181571809462685606e-02
8.891518742434373693e-03
9.175700351230248186e-03
9.043882124169153741e-03
2.564187795313427679e-02
5.687078568491657493e-02
1.524858157902290838e-02
4.486340402056037541e-02
8.364297083052826473e-03
2.859383888522825864e-02
5.189652951459132468e-02
1.262968010976980512e-02
7.746492196148447099e-03
8.971741241782019843e-03
9.660632355455665496e-03
3.467447576321054659e-02
2.536321519871765143e-02
1.706568491164394546e-02
5.213480684512070140e-02
5.916995689685244225e-02
2.880538143848287644e-02
3.454800059668341333e-02
1.150524950630874357e-02
1.396291218101807820e-02
4.883295242737196312e-02
3.607923553936420724e-02
3.021417490466269881e-02
1.330961576394620004e-02
1.146669289852575088e-02
7.054737004225027606e-03
1.410706606296101284e-02
1.922605584018832053e-02
3.395131145367068226e-02
3.364661716000900277e-02
1.098871862737244021e-02
9.113701386488613776e-03
6.650054336054328323e-03
1.141546517040848384e-02
4.873225011246047622e-02
3.152532901153683870e-02
1.167603179705239448e-02
4.253246310097943267e-02
1.053006891209519631e-02
6.938408103050819689e-03
1.059898419440743339e-02
9.735009854773398960e-03
1.373017835313624854e-02
3.529993646946726071e-02
3.433610014385389542e-02
7.110223790268921200e-03
2.545468955594011942e-02
1.838858879305388383e-02
5.060730703750897230e-02
3.881642729901195465e-02
1.701555502640366216e-02
1.950361596398395361e-02
9.383193241549859717e-03
2.392271413549060602e-02
1.723682397963216539e-02
1.702036988078264867e-02
6.832557105505635865e-03
5.922462514934998673e-02
1.332561386721501685e-02
3.727932324640546857e-02
1.209072721273275058e-02
6.201901307555237469e-03
5.193574203071224527e-02
1.154211509891256773e-02
5.516590188881207585e-02
3.603434924564315189e-02
1.147130784683197610e-02
1.118577147382393035e-02
4.846252652980353320e-02
2.086137329946590943e-02
4.007792282874941825e-02
3.159282384783700104e-02
6.232058288811464716e-03
8.619933140900322421e-03
5.491024498107675150e-02
7.518799111566347795e-03
5.756086173280539064e-02
5.552609069835477695e-02
3.742952115722788381e-02
5.007494056837256263e-02
2.999559703663970053e-02
4.652520767567651372e-02
4.661073055289213785e-02
4.661889658535152414e-02
4.029926941431015430e-02
3.619542666052465163e-02
3.555177805538597274e-02
1.188655366102072015e-02
3.364490430943836013e-02
2.572128923577533463e-02
1.427138285611271630e-02
2.327154900865698386e-02
1.509714817682748962e-02
4.748155660631570713e-02
3.843557980977857502e-02
6.908131186047972681e-03
2.059797824589100490e-02
1.207784867285680713e-02
2.999366884235124542e-02
9.215024170130672182e-03
8.152215207722759982e-03
6.621933049783239149e-03
9.559488122328636470e-03
8.878998442159634352e-03
6.140477102738809735e-03
1.452808329269851019e-02
6.244334199389450085e-03
1.577188943143236974e-02
2.030789228467141244e-02
1.190468764120372787e-02
5.767489721718182388e-02
5.717528300498732341e-02
3.738338088409212667e-02
1.342662209541005403e-02
6.645809131026033691e-03
4.905543622318346564e-02
4.672858192902971941e-02
1.980596136724534218e-02
4.564505627259408255e-02
7.472263873379745083e-03
3.465196992466002684e-02
1.912711535545446109e-02
5.457654382043360813e-02
3.663841732592056782e-02
3.276905307825324354e-02
9.202626316569177331e-03
6.003175238777255091e-02
6.167456893724905694e-03
2.471949328145622501e-02
5.764613154098900683e-02
7.517919582014658333e-03
1.346337532694665343e-02
1.393877306149512822e-02
1.018293502148984696e-02
1.064269329273802127e-02
1.221405147892510451e-02
2.885361205482213018e-02
1.199649271229079155e-02
2.223186269239365437e-02
4.898431991963076576e-02
1.399356906663297602e-02
4.871759869722556285e-02
3.187051807432647599e-02
1.622345336104375965e-02
5.555638296493101147e-02
5.959866912386432326e-03
1.759164620376277646e-02
9.717737363747522283e-03
1.523412174009906861e-02
5.336499831028702900e-02
5.209551491218671060e-02
5.723549664034341400e-02
5.017449304867908216e-02
1.375390072408974942e-02
6.243261485101596862e-03
9.442214402773223617e-03
7.993308640481007823e-03
9.328772041859438591e-03
2.416981092482668736e-02
8.185923072266579337e-03
6.509854944953742673e-03
2.743588621966302349e-02
3.678068566256923605e-02
6.065446265140555723e-03
6.328879434683593735e-03
6.980610471112297551e-03
1.385636371806576658e-02
5.926884031136674807e-02
1.204698438806911867e-02
5.559743425129093364e-02
1.652477351885669327e-02
9.408588839718267857e-03
6.508976969673828730e-03
3.067634544121918341e-02
1.288034931272557040e-02
1.484975498275721562e-02
5.881241131547811432e-03
1.968073114917963037e-02
7.681177633359763911e-03
3.274179768362864978e-02
1.447473936447950249e-02
1.399477253986473879e-02
6.467787829936562372e-02
1.003492315701677053e-02
1.849832079158441472e-02
5.030336944867418864e-02
7.520150375459776736e-03
1.153678561831180879e-02
2.539960634817467131e-02
1.088259009477565362e-02
1.386559813878869216e-02
1.000000000000000000e+00
2.724630836298118017e-02
6.513050084946746254e-02
9.266073102603078482e-03
1.151202926705348177e-02
2.685915826266586579e-02
1.642538186604495729e-02
4.556610270981249072e-02
4.240392941661909332e-02
6.557051936196656161e-02
1.371286277243928195e-02
1.182904648171380531e-02
5.890924588574828272e-03
9.047272988380650194e-03
7.983493825936492302e-03
4.143284403773674768e-02
3.976577814868225563e-02
1.558152732562833112e-02
2.300279385628392972e-02
6.300106661039348022e-03
2.315651346077123376e-02
4.327281278553546384e-02
6.908309767878566786e-03
9.265537538724850225e-03
4.842407210128735900e-02
6.671100488389085370e-03
1.486235460212223872e-02
4.175499824489239259e-02
6.847771638422336937e-02
1.514536681032828576e-02
1.233548264076836549e-02
1.267437799962379923e-02
3.929215911329358296e-02
3.769348884784891329e-02
4.061496844097114978e-02
1.041761409939894779e-02
1.668169892777290192e-02
6.015005883811377907e-02
2.895620759951384598e-02
1.772074642490950591e-02
1.061513489621229711e-02
1.405688646589462430e-02
1.440887377681851662e-02
1.170917035703484058e-02
9.018332779426240994e-03
1.640985928631625082e-02
5.249247397273453658e-02
2.106252410788237578e-02
2.848619450038223158e-02
8.536540950207324729e-03
1.596988271803176027e-02
3.166746643719662441e-02
2.186546725280357276e-02
7.019708301846647007e-03
5.856965390981126035e-02
2.783838952130256172e-02
1.538193713543685621e-02
9.701725015635187174e-03
6.048887366109994071e-03
1.277962662200585360e-02
1.038506021972972898e-02
4.046211630140383181e-02
1.124758983639965147e-02
2.554967766186024697e-02
6.004661264106708057e-02
1.052252568638835026e-02
1.015719921075463987e-02
4.222791782958613960e-02
4.787717248790130525e-02
4.936589511796856539e-02
1.365696584346795354e-02
6.475840395097930136e-03
1.435037612131006071e-02
4.147304585521591203e-02
1.014066979316955407e-02
3.802464195954802229e-02
3.695171440142894920e-02
7.929991293703766986e-03
5.877256520121573735e-02
4.563351336685618487e-02
8.690821758013505746e-03
2.153299553486093601e-02
5.756759262227846390e-03
6.062434826240625102e-02
6.154558145676790153e-03
1.414527016480299909e-02
9.816007752799097222e-03
4.087951061271682951e-02
4.474568830165397831e-02
7.686830516471440666e-03
3.885502756076539971e-02
1.348700271549353388e-02
1.854524640770142258e-02
5.317728116281574685e-02
1.128654467710920282e-02
1.570634425536144782e-02
1.253473343507086404e-02
6.357161964104006760e-03
4.432657150569623006e-02
1.030530584825786224e-02
6.065882543850048200e-03
5.030162924467437152e-02
1.016793899107057420e-02
3.656169747201728354e-02
1.388288043092679967e-02
1.072724597643246597e-02
3.607539597290910366e-02
3.052299196479744958e-02
7.340484626319934702e-03
5.620135517721118468e-02
3.415904332486874306e-02
3.851347796550465274e-02
2.138516201028699271e-02
1.130142717637777280e-02
1.524077396395095291e-02
9.981324808885095809e-03
2.676079582885298319e-02
1.087212379625571504e-02
3.890128157365395356e-02
5.251330523285652196e-02
2.678093351289866086e-02
1.653584792782152729e-02
6.127718723873015055e-02
4.329280202139371148e-02
3.236308115959558862e-02
7.032904808414332416e-03
2.763223528660335715e-02
4.437840959355801584e-02
1.389376726802522312e-02
4.040871157109912626e-02
7.169269418250889467e-03
4.638060206846413014e-02
6.859913900429628897e-03
4.961511279907206834e-02
3.093260817520962144e-02
1.035323458555630592e-02
1.296618298242206008e-02
6.159303673891879452e-03
1.526665452700664942e-02
2.818525381458024393e-02
3.227437565497944666e-02
3.774718271062953157e-02
1.308588038157145958e-02
8.348335919872541117e-03
1.120445100491014589e-02
7.062165691027918503e-03
3.577943601568540910e-02
8.982703061210900800e-03
2.682884504295613218e-02
2.512557048934534881e-02
2.458879559534363907e-02
2.400940668688827245e-02
4.172191679082992710e-02
6.097563280917647766e-02
8.390160325726115156e-03
5.339331674135144173e-02
7.195150103429217431e-03
6.230286235228800658e-03
6.875079473455760794e-03
1.211369036312085964e-02
1.320025515588767878e-02
4.602516365614436888e-02
4.880735743578940022e-02
5.782524162358643714e-03
5.669014493589557419e-02
3.880952542866460131e-02
1.591521564753253792e-02
3.641861234434092681e-02
3.377591927833811097e-02
5.185167431438710700e-02
7.062017254031527011e-03
4.780533291229760451e-02
6.603871612287283248e-03
1.551199345163908200e-02
3.118271516185164294e-02
6.636099125962289548e-03
9.979465966270559957e-03
9.547660443411326234e-03
1.367060888174168563e-02
3.475770751603046715e-02
6.030688029316940563e-03
1.905886871750178332e-02
2.993382206875154841e-02
5.797251988203155904e-02
3.216123862959618940e-02
5.247201669193064799e-02
2.229590377123328790e-02
8.691981270993241401e-03
7.649875975158473493e-03
7.145141728578678977e-03
3.219973745769807300e-02
2.466609939464289511e-02
5.888278742900093093e-02
6.453623480196208663e-03
4.949325960948334352e-02
4.139981095252992516e-02
6.074528025230889472e-03
7.442725440839112472e-03
1.935399436146865992e-02
8.420306930347704055e-03
1.875654592841648552e-02
1.164950581357504858e-02
1.263950532614549309e-02
1.481801958649086454e-02
6.570257909104648686e-02
3.049058347110638473e-02
1.302856988955252045e-02
5.009363499521047453e-02
4.162041247677661371e-02
1.304136237057010837e-02
8.426196367783430827e-03
3.770995512398782334e-02
1.034666941160387703e-02
9.764882878922801629e-03
1.416163221756858680e-02
7.215194404777099287e-03
7.136489578208512520e-03
3.620339706703129545e-02
5.352106389363994743e-02
1.188524516723773669e-02
8.432354259450736481e-03
3.160332387954618849e-02
1.075451641952305387e-02
7.057091411160545426e-03
6.368772823554484652e-02
1.186880417556557613e-02
3.505839595930894392e-02
1.357474378942777685e-02
4.520352874210344096e-02
7.018354580219476717e-03
3.590635181396154008e-02
8.083246829697970579e-03
7.241337818547486337e-03
9.062770277491085172e-03
1.653676677652254554e-02
1.105486029136966940e-02
1.528382880674643979e-02
9.285202368860764194e-03
1.000000000000000000e+00
1.258222170658831671e-02
8.365742820242098865e-03
1.029307587354774851e-02
3.334257982559309108e-02
1.494555562835780949e-02
7.247956877244085376e-03
4.257561132881617499e-02
1.004669574419055252e-02
2.654217004162845103e-02
1.220485442753132047e-02
4.029872314551098678e-02
1.294779484884492349e-02
3.893031945844515479e-02
8.490236952727887865e-03
8.680944829481765726e-03
1.180144543450210165e-02
4.418324354858046976e-02
3.270053155811059042e-02
1.218690469938529634e-02
1.409132551809433830e-02
7.235653834182834664e-03
3.480957095855141681e-02
4.603335581531697168e-02
1.727135643346136909e-02
5.671313003834636129e-02
9.425585581545124769e-03
4.001099926725533440e-02
1.528182588580306867e-02
7.628114429214576282e-03
3.744686106642415580e-02
4.277818418734385952e-02
1.430266007676023361e-02
2.821196725143286163e-02
1.087069631071140539e-02
6.153179334568236597e-02
8.247024434794341524e-03
9.722227564062850200e-03
2.193685055888747876e-02
7.829987587092543042e-03
1.276865873849738001e-02
6.960074057345667399e-03
3.809133850210390942e-02
3.767105156973631769e-02
4.358001281750405187e-02
5.626268427347289047e-02
4.215364780713913573e-02
9.751731493589708630e-03
1.548208786342221248e-02
9.262887073443509117e-03
1.695289870180992017e-02
2.641646673981125695e-02
8.068191035862311983e-03
1.090749962818569549e-02
8.289964401279938458e-03
2.681766972974466284e-02
1.235756753520766277e-02
4.026902107142872611e-02
2.271540424634764521e-02
4.817827403440383405e-02
6.766944955855131588e-03
5.769100131215832566e-02
3.383960631498410254e-02
1.060642276557203015e-02
5.124247352220175078e-02
1.148432592455340441e-02
1.027603566736699607e-02
1.481334719621394194e-02
1.801497240974809372e-02
8.905438445100360978e-03
1.187558734060114272e-02
1.034276283233290239e-02
1.327541384003451050e-02
5.749356521200361253e-02
1.031861108372987383e-02
6.309863380746815777e-03
2.357375714838954098e-02
1.034169821836542977e-02
7.490937494468836999e-03
1.573581320762880431e-02
1.680575815975131337e-02
7.488063655007248624e-03
9.488476071735980899e-03
5.948648510966253466e-02
1.204412919583955355e-02
6.786466103361365153e-03
7.338465921719489540e-03
8.152267633892070278e-03
1.234084227970241865e-02
6.488042833662971409e-02
5.848719442154078768e-02
1.132107788552113442e-02
2.626422329166130248e-02
1.993579393235271613e-02
7.458208274707152016e-03
4.410860990649938945e-02
1.077162270019821518e-02
3.770124751114082434e-02
7.758947690466470870e-03
5.277429019369139773e-02
1.960034767520341809e-02
4.590789544002696343e-02
1.219722435668749161e-02
4.172898416341534050e-02
1.498072562306507552e-02
5.690369276445961938e-02
4.666642634615345703e-02
1.145942912324736385e-02
6.431287477076973354e-03
1.503611163780572448e-02
9.815813251274141740e-03
1.113577761119013965e-02
3.571357426564987503e-02
1.436853319752196337e-02
1.543405120224048896e-02
6.892618012139081936e-03
3.912715376136245010e-02
2.029792805047140811e-02
3.926733223269707196e-02
6.373923927822254878e-03
1.480130736109280115e-02
1.323222052549671672e-02
9.094842000558793146e-03
4.577360222883004176e-02
8.075327901517112897e-03
1.032885401277788828e-02
6.281162666641726053e-03
7.040667101382890383e-03
4.794583407186811530e-02
2.407232194338413192e-02
5.364813594041102640e-02
2.362728313000258401e-02
5.912770856533464819e-02
2.346692344656164247e-02
1.398159311107277820e-02
1.806991772817792552e-02
4.383614779989915972e-02
1.427543035444133607e-02
3.692790187810284647e-02
5.804973510645626555e-02
3.987994475005082751e-02
4.770068531222067948e-02
2.341028643993458072e-02
6.082726588418128563e-03
3.156795595443886993e-02
5.576482391461467375e-02
4.293219378231777350e-02
6.052245398593988045e-03
4.392102120914587876e-02
1.006360823660367582e-02
3.005147403410279860e-02
3.731521219996750127e-02
1.184226964319387045e-02
5.610405031262554604e-02
5.698587334408605071e-02
5.391240469220269504e-02
6.537149067370969825e-03
4.577551863987443931e-02
4.412404092215333612e-02
1.617875258640386407e-02
3.878817066605694946e-02
6.797526882892170746e-03
2.212003730880154895e-02
1.391659466716264372e-02
7.902528692658018425e-03
1.614225427303365643e-02
5.984492687382499815e-02
2.977214921524874019e-02
5.028934692112681237e-02
6.653535448457200546e-03
1.000000000000000000e+00
4.643867141725469688e-02
1.383841633885681856e-02
5.639488412002030375e-03
8.224814985818010987e-03
6.814238951007615779e-03
9.830255943267906041e-03
3.861560930018759913e-02
2.121019935179249347e-02
1.055436805323317802e-02
2.181624504004869500e-02
4.151006368088894921e-02
1.235904583184671904e-02
1.541768530969969166e-02
2.580791162012324724e-02
3.038074325856585448e-02
1.453073283979211885e-02
1.244789571785326170e-02
2.490597036067119727e-02
1.330799560189256311e-02
5.763060065135344051e-02
2.213919389020215303e-02
4.654329261233302456e-02
3.460443992323408019e-02
3.296103502853148237e-02
1.662531829193027166e-02
3.033306464108949038e-02
9.969603602444875728e-03
1.052277910386498726e-02
5.208219366725678340e-02
5.946003528252039733e-02
3.060219673694618628e-02
7.191259546698820088e-03
5.411300857166483069e-02
1.480084841766633914e-02
8.521548466332179786e-03
9.218219792215895034e-03
1.402506864634507806e-02
2.190453285069790187e-02
6.360604149726951061e-03
3.033073644016255968e-02
7.684381438833334799e-03
2.649375204144771567e-02
3.899823691813829318e-02
6.382660778023321185e-03
9.567969025391146604e-03
9.064026877024929443e-03
7.134184472894541246e-03
6.660624845323156497e-03
5.343232997254603739e-02
1.409225267336901288e-02
3.379612341131407044e-02
6.211885053689561800e-03
2.771622883438679130e-02
3.525563645188729833e-02
5.087899857737904208e-02
3.723332473105144674e-02
1.108389007054057240e-02
1.361196971639811425e-02
4.497527554830553498e-02
2.802861839926984108e-02
5.491843387692434825e-02
4.568875956365178043e-02
2.700189804226009460e-02
1.304567778547109300e-02
1.057612198065548473e-02
4.234285956300700565e-02
3.047514628703737113e-02
3.747345303091108998e-02
8.231692099113327443e-03
1.487061989433988325e-02
2.565192954161740410e-02
4.503039903397903360e-02
7.380505496502090187e-03
4.789455968975630390e-02
3.278648983326153121e-02
8.831123492256360424e-03
6.478835340121428046e-03
5.961795613934518442e-03
1.322408508734884518e-02
5.501084937085555515e-02
6.078934236786710278e-03
1.761239147550593825e-02
6.580513323122001712e-02
4.410388373205092333e-02
6.096065586983607024e-03
1.151238186694120667e-02
5.321368223362112765e-02
2.590671507752181912e-02
4.022653509930562005e-02
5.236593530166409882e-02
4.292928028880086538e-02
6.137616233236338481e-03
1.014474600929021753e-02
1.250439111295351124e-02
9.505706686671720404e-03
1.054005481447830607e-02
1.517149077906253252e-02
3.978171256943539152e-02
3.184644314458925235e-02
1.000000000000000000e+00
1.106046414592136776e-02
1.002355380179061582e-02
6.246289750456610057e-02
7.761662321989578998e-03
7.723542546294703826e-03
5.349200833610684436e-02
3.171046911366665055e-02
5.766822176362098457e-02
6.232743243695763879e-03
1.391293070993663596e-02
3.359601629167795894e-02
1.213704777021175699e-02
9.015833614668579063e-03
4.566163010470572492e-02
1.071516212255468892e-02
5.533633187308285156e-02
5.222308428091994997e-02
8.973591777568021635e-03
5.640488360314034610e-02
1.611142259277804564e-02
1.021322942309322267e-02
5.881398152437357363e-02
5.489357022684795279e-02
5.526869282771726399e-02
3.949724160687507341e-02
6.273852828042496450e-03
2.804464837096613122e-02
5.339782576808939363e-02
9.554556560395516956e-03
5.708398759389252813e-02
3.374718450197183167e-02
2.257034320949773826e-02
1.543682851283712139e-02
2.254914609320342669e-02
7.618976773720344264e-03
5.525192945118766186e-02
1.086539436864550519e-02
3.147943336998155345e-02
9.090154706754871236e-03
6.248678859956936088e-03
5.193878767404079555e-02
3.980732846479410891e-02
7.809436555736990609e-03
9.516551421801553584e-03
7.777349881498528926e-03
3.134368252890526452e-02
5.676160416186740859e-02
2.093075844777854758e-02
1.620678358064679692e-02
2.626203941461917671e-02
1.308638067783990909e-02
7.888942977225322714e-03
6.377826007979903178e-02
1.679525310796499762e-02
7.362068825959516317e-03
2.414422177064651578e-02
7.030166441382081077e-03
7.529693654290095690e-03
6.016785752938232090e-02
1.343933609333251497e-02
4.431398655895742861e-02
6.803596125437491593e-02
4.532107233467742857e-02
1.081135447490936576e-02
1.412089280569999057e-02
4.878542701396252484e-02
6.510230537387428490e-03
1.507600846258444656e-02
1.398027625835243822e-02
4.877230454327170089e-02
1.711914435016168370e-02
5.344695391319816830e-02
1.799572337820763007e-02
1.390702553453148325e-02
6.569767365897154210e-02
5.014612455469225072e-02
1.111584767396605819e-02
1.367405174590835895e-02
5.074548281587879656e-02
1.530340398713247313e-02
7.536167088087918770e-03
4.876388063666333567e-02
5.155437665584840928e-02
1.238593441658883063e-02
1.639851200868691281e-02
4.337330273926743446e-02
8.062771646907057263e-03
6.262018770622982365e-03
1.321389189562889067e-02
5.868462400581276120e-03
3.129679036653380125e-02
3.266255103667742299e-02
3.621646024513962281e-02
7.457408564520870593e-03
9.074434352812991642e-03
2.827275184372009947e-02
2.818838515123543373e-02
6.220861810602698605e-02
4.305122842975287606e-02
6.531751515713045408e-02
3.797041372780583096e-02
1.189428517830409988e-02
6.182433528963427946e-03
9.529627879423381923e-03
5.935760199277516358e-03
6.536724952018869994e-02
4.843499210409651229e-02
9.410892704478930615e-03
4.050184677346449491e-02
9.609083831423783154e-03
1.207719392260025310e-02
1.021309910611756244e-02
4.541934737325066529e-02
5.920712783733258350e-02
2.334302403216515637e-02
2.913325230989752962e-02
3.008525729999764545e-02
3.354270559479452518e-02
2.788958616008518215e-02
1.094224683264392178e-02
7.700629500525962325e-03
9.766903731664661539e-03
1.270896545940279100e-02
1.513237148322213975e-02
4.993148289863175854e-02
3.004040329132016962e-02
2.423651280966398688e-02
3.615713159409241623e-02
3.274349402980679391e-02
3.129142528803841028e-02
8.891761077165010255e-03
1.402216170646045958e-02
4.687592808794415616e-02
9.454111265029738892e-03
4.802546509175772277e-02
1.216995377960318307e-02
6.319767362351317794e-03
2.457571231956537025e-02
1.483677127180692279e-02
5.490442034652993908e-02
4.792144542185133166e-02
3.935898805320653393e-02
6.509587142133041460e-02
6.797198982213004462e-03
5.172383513754090500e-02
1.363024572895553226e-02
8.323035343540591269e-03
1.385064879693506668e-02
3.164975821989504667e-02
2.052450826642630843e-02
5.897244319525261555e-03
3.822481911582789604e-02
8.402052902149539232e-03
1.423117334013688541e-02
1.394346167551218166e-02
4.981238533723878620e-02
6.520086302954880564e-02
2.635940542697952013e-02
5.172442617549100757e-02
1.385651183921155806e-02
5.574405740375163593e-02
3.064617517615922729e-02
3.782549358992897542e-02
6.029546661811303020e-03
3.328989229137785388e-02
9.161205143810791790e-03
3.225615893333137751e-02
1.400674817403791891e-02
3.351783426031839513e-02
8.139052531300598053e-03
6.691142889487459132e-03
3.414940610153548162e-02
1.128512613298613722e-02
1.023637991163200978e-02
1.033052919532177240e-02
2.824020882011891651e-02
7.062307659865568743e-03
9.361608857295410438e-03
1.582299839300362054e-02
8.805757836464032581e-03
1.373626032666696445e-02
4.390186173566916483e-02
8.189341961724954169e-03
1.424226413421593798e-02
2.627349038087494620e-02
3.492796267800875321e-02
1.740400890461159950e-02
1.298044601482957472e-02
3.062770134588213913e-02
4.201827646497129781e-02
6.113097900932407819e-02
1.088107749987282311e-02
2.795626871576636918e-02
1.133550642242269445e-02
6.564806856847657350e-03
3.865319556442702031e-02
1.033284499739168215e-02
1.506107811374908512e-02
2.256536450725246667e-02
9.200024750661752598e-03
8.374838274882509884e-03
3.925390601610762725e-02
4.780419461113402657e-02
1.878233062281618390e-02
4.582423936721644747e-02
1.204473166380458024e-02
2.888775458338306568e-02
1.835403672190202493e-02
6.649220324799514498e-03
1.298311821737577892e-02
2.871773505009907884e-02
1.009196310316492692e-02
4.131696060102484774e-02
3.418572760215636552e-02
4.271988779693831895e-02
2.148112952963504227e-02
3.907341543405238454e-02
6.234367547219440281e-02
5.110588307922678264e-02
8.456011155615365468e-03
1.602373548367645381e-02
2.802881688094156776e-02
4.715032413229677116e-02
8.982002178935050152e-03
4.812336727533337438e-02
6.288899839336841054e-03
3.124518831004976724e-02
1.360501989404633121e-02
6.868331665256877452e-03
3.188916175718409934e-02
4.048000349811668730e-02
2.935250512392912833e-02
9.888268336514911827e-03
5.178340112880286394e-02
2.379135654987522136e-02
8.442006115985251080e-03
3.986086717123703271e-02
1.210128465854233906e-02
8.018148103644030106e-03
1.272668038067384724e-02
9.127663751084246282e-03
1.567929619353568282e-02
1.324926633862123261e-02
1.416374922318555662e-02
3.598897483344101061e-02
4.608731808863604507e-02
6.319013646772611570e-02
3.598416390247021618e-02
6.949977909590172691e-03
5.302090501287440999e-02
7.289424414940562889e-03
2.159645031769339210e-02
7.761519207531768390e-03
2.976334536948088694e-02
5.465088425074982742e-02
5.333368404644869831e-02
1.982593842683452387e-02
1.163637176114845108e-02
3.149514144978073776e-02
6.969298088958622225e-03
1.929131870555112968e-02
1.387009275284478357e-02
1.168638591279594872e-02
6.941931948055207399e-03
1.271091336797948966e-02
1.772488167114812802e-02
8.020211375727007846e-03
3.637647076134935265e-02
1.085703537302537373e-02
5.241541066858933229e-02
1.024081169011634845e-02
6.954867941242815453e-03
2.576128163848519226e-02
7.324651946042671884e-03
6.923869523784377880e-03
1.282560035332089808e-02
1.961995628669681302e-02
3.990666376510455804e-02
4.373497577881568094e-02
8.050295957183000242e-03
9.839978854666538155e-03
3.937382560843939033e-02
1.440431112878049619e-02
3.942591255565790209e-02
9.565556702787018917e-03
7.003971725638045639e-03
6.209741779209162343e-02
4.542859347265967851e-02
1.273339672913153219e-02
2.421668425566641039e-02
6.904460045981354425e-03
8.743949469888625398e-03
1.743319094552477772e-02
5.245750502959278805e-02
1.069566688289667888e-02
4.034736713814764120e-02
1.896876083294335089e-02
6.137646909712776017e-02
3.464537794421386485e-02
7.631473017798887093e-03
1.339068798443031685e-02
1.523032886406423467e-02
5.029787004787539956e-02
5.835843089007249074e-02
2.954595938580335465e-02
1.053580961150189094e-02
8.225797837504614241e-03
9.780461773277574627e-03
3.966760241232860501e-02
7.186279052056106231e-03
2.125560562613545632e-02
3.271607966648584082e-02
1.028508199083544815e-02
1.525309912249809587e-02
1.352941793876735743e-02
6.005199591134281062e-02
4.901390909363622511e-02
3.141946635169527019e-02
2.093914277372114705e-02
3.223741280847784024e-02
6.252388179896724470e-03
1.005380875285397622e-02
3.250116066756560812e-02
1.019985908691564691e-02
7.296126641368604060e-03
9.933965700415150687e-03
6.494578525855215258e-03
8.030885096759556724e-03
3.866201905286897889e-02
4.073010095795637914e-02
5.163878334020845923e-02
5.690086873833335307e-02
6.548725442898564210e-03
1.324239956290134204e-02
1.798794918589720002e-02
6.246478619182664095e-03
7.363200859642080910e-03
2.374176094455150016e-02
1.239175120735871299e-02
2.271383465843826097e-02
1.599210384443438410e-02
6.027415609083157377e-02
1.133284974405411941e-02
6.795826480508129416e-03
1.110613615583493606e-02
6.395843182471897849e-03
6.072452369359341608e-03
1.547586973632486540e-02
1.540312615968883123e-02
7.637392878424002600e-03
2.684105413046801447e-02
2.009573646807912700e-02
1.533438937666683002e-02
3.812148998893680196e-02
6.053690229466848760e-03
9.720825531934942920e-03
1.289586110245955104e-02
6.110501257850646170e-03
4.682943059122832152e-02
2.925363514919383096e-02
1.515264642514969028e-02
1.186568304454369525e-02
2.085684000204838726e-02
7.012852819258871655e-03
9.375851481844521898e-03
2.724219939104737323e-02
7.401867821714794640e-03
1.278473024880434628e-02
6.820629672678175937e-02
6.770903562362611330e-03
4.620913052203706739e-02
1.175379895076325912e-02
6.590338223407275590e-03
8.652324866447571108e-03
2.453195323997353280e-02
1.666794042246073221e-02
3.564177576531042668e-02
5.416329312607897489e-02
2.057571646457754741e-02
6.482919295918175562e-03
4.599982940481416732e-02
4.154572589591497972e-02
1.252824008128843730e-02
1.076725266880098307e-02
4.211114102496144040e-02
7.260982399941775904e-03
5.298139687440317491e-02
2.721105067285053969e-02
2.493924543364451837e-02
1.772330405506441706e-02
3.762926581628645017e-02
4.262722708117745729e-02
1.363968304167887703e-02
8.889841866017735711e-03
2.134913685010587578e-02
1.258503673761689548e-02
4.713262372881700524e-02
2.355567014751049418e-02
6.478401501622232418e-03
9.882537584043678269e-03
6.889132161232091114e-03
1.246537197534857908e-02
3.776636611524145787e-02
4.880419446346997286e-02
6.376524298137947744e-02
1.529479700514343662e-02
1.119650224852868602e-02
4.862086910983907245e-02
3.466185147205800426e-02
2.584164562365076287e-02
2.450525490184143201e-02
2.084571074582651506e-02
2.569327263954124599e-02
2.926043371379651037e-02
9.881553770689045085e-03
4.137210976706575533e-02
4.691824428552919535e-02
5.807130640934152210e-02
3.496956636998837381e-02
7.649052939611827515e-03
9.417817078859955227e-03
7.505215807335095454e-03
5.643205968016066360e-02
1.070533508459419435e-02
3.868105703826268948e-02
3.290600390603262010e-02
1.350504890464877816e-02
1.411638497025596503e-02
5.808354517117437360e-03
1.453108220139908563e-02
6.387831389041595878e-03
7.212857096567962430e-03
2.780121826833179682e-02
3.175840606966492952e-02
1.461111441387318716e-02
7.212407796395689519e-03
1.541451222025209608e-02
3.433772313325805792e-02
2.163845595541843622e-02
7.263578690851700201e-03
1.396470189947595503e-02
1.765718628328297179e-02
3.765320518618767848e-02
3.945896368426624057e-02
7.547699516979209169e-03
2.373998187392420758e-02
4.414878277266640061e-02
3.740124128298250722e-02
7.810339161851415427e-03
2.320565104494815012e-02
9.896951882537306441e-03
1.612154656443459677e-02
1.829616521943887991e-02
1.397855896247750598e-02
1.020747739759090590e-02
6.426675345984801321e-03
6.104582904772926782e-02
8.820461841508033321e-03
8.511635660151315591e-03
6.065040410612744168e-03
1.154473305693817439e-02
5.802427695147921449e-02
4.996868881670515211e-02
1.141221732154702045e-02
6.428653013032208444e-03
4.661543964261477546e-02
3.812476242253244607e-02
7.339125802180161869e-03
6.175321527171554609e-02
5.330174715275247388e-02
5.578516397510625141e-02
1.073771920780348596e-02
1.569618187750059304e-02
1.246356645344280471e-02
1.494399668351228949e-02
1.955116160882864121e-02
3.152625702230477112e-02
3.120763209389260107e-02
5.098570642870401542e-02
3.516433838068000473e-02
5.505757066004434569e-02
5.559007232898861145e-02
1.345944456168590014e-02
3.933118238418344820e-02
1.059825789679065197e-02
6.512256472056809561e-03
1.586270641131965614e-02
9.353233359407492342e-03
1.180476762761995327e-02
2.242134960031930482e-02
1.430395013735986931e-02
1.197559759513716973e-02
2.071324403179264015e-02
5.845072128802250577e-02
8.783748747819680389e-03
9.819777273732047465e-03
3.640624285045469116e-02
1.151237719879594917e-02
4.305787380470105230e-02
7.490210733740019881e-03
1.144919439362096156e-02
3.792908922386132448e-02
1.494087618717077764e-02
1.309910684136232628e-02
6.191809675015587204e-03
4.219745879287935958e-02
4.590816260421788642e-02
7.159126668830432041e-03
1.291031862610165365e-02
6.217675292455405317e-02
5.461905259379296745e-02
4.065014150284693845e-02
1.141412455424051751e-02
2.639446074079753596e-02
4.812734122976317086e-02
3.118349817230133686e-02
5.664163494684668933e-03
6.671835110205397851e-03
6.203685015842086425e-02
6.325922569646343085e-02
2.041741089518629357e-02
3.714662201035402733e-02
4.248268134247625699e-02
2.826631766930026712e-02
1.009656724241102949e-02
2.100456375530150924e-02
2.140740393686519846e-02
1.555790898568157332e-02
5.049806896717512483e-02
3.164673570282421078e-02
9.641551037829751425e-03
1.409812240212274942e-02
6.070772642258043077e-03
2.588528519698984204e-02
6.515744035208269336e-02
8.111210681373158191e-03
4.596561298613316415e-02
6.034631404518321640e-02
6.362128357674250341e-03
6.399315122121907243e-03
1.165292176736186860e-02
3.309142652258365708e-02
1.092687777865946480e-02
4.542554335269510107e-02
2.119261336471480253e-02
5.402980811995104077e-02
5.331035267021989876e-02
6.160975801807380865e-03
4.501113530473443286e-02
4.649612901461164932e-02
1.255968224711526485e-02
7.451589200387343653e-03
4.340402398713601867e-02
1.528820316366733163e-02
5.691560961658043150e-02
6.047476242513505351e-02
6.707422225502900071e-02
7.216534516998482363e-03
9.095136645243615675e-03
6.436681577067705773e-03
3.777935560756728872e-02
4.802749688419249985e-02
8.688581611786328970e-03
1.051487510639546180e-02
1.483789594248352724e-02
1.171066844386116704e-02
4.688906149866173961e-02
1.710296191410124941e-02
4.959011389859882546e-02
1.430625683175449844e-02
4.151651884899313499e-02
9.269641476043602446e-03
2.495305191408946771e-02
4.527158869835417460e-02
6.555123817854931721e-03
6.460929263836815914e-03
6.419571113315499997e-03
1.458677994720450864e-02
5.089799719729127397e-02
4.789865189838762860e-02
5.062000541269210535e-02
3.272410005274248995e-02
5.285789638964675380e-02
4.243404889206892072e-02
1.598840798605168784e-02
2.294151511377749003e-02
1.120627078285341659e-02
3.313105985174884943e-02
1.246188354740944589e-02
7.481014862959562556e-03
1.009464129957133617e-02
4.649854037559923714e-02
1.297440854795574305e-02
2.612012235647664590e-02
8.090331466275548639e-03
6.133214280694390154e-03
1.500725374341612718e-02
5.234187384675201282e-02
3.037732715887147411e-02
1.107630470638065398e-02
4.040834685367131196e-02
2.642810712886897728e-02
9.194802310614254987e-03
9.547221009799924593e-03
6.191218741274007870e-02
2.741280158131273112e-02
7.045705914973458307e-03
1.100606149124900950e-02
3.856543252214762046e-02
1.073423709440658909e-02
9.913971858438286322e-03
3.991167906542564259e-02
5.368418484607835606e-02
6.534415817503518020e-02
6.484571722264885485e-02
5.547209280948856014e-02
4.018210176790713850e-02
7.478796744243665189e-03
1.056541638786895332e-02
3.448818374385713426e-02
4.593358856674679969e-02
2.051244556301863933e-02
9.611992049331040747e-03
1.243077939628822216e-02
5.045191607915416182e-02
1.173665262468827353e-02
1.758232126428126152e-02
1.469286661069874218e-02
7.135962262939997934e-03
7.580724458708250693e-03
6.977060041608093913e-03
5.861731874835776623e-02
3.365596626049085355e-02
3.344200502902595906e-02
8.715492516994795963e-03
5.162099412289324757e-02
6.856803654684187621e-02
1.955931472202714766e-02
6.615168153382865179e-02
6.622319516761820957e-02
1.213361255615345510e-02
3.585997676196348016e-02
3.794101291484457128e-02
1.196764828254684096e-02
4.300822846284780426e-02
4.053084763149397002e-02
5.483783591358708243e-02
3.331341673207450366e-02
2.671676071165476549e-02
4.679523936083263697e-02
2.381181403423780416e-02
5.481135399403826852e-02
1.183771339647755362e-02
6.816524678187443724e-03
2.963067802134993281e-02
7.054675948519078220e-03
6.957081632777884286e-03
1.375636053218534313e-02
2.025105566179287442e-02
4.041343641161191519e-02
1.006247815843041085e-02
5.156173045882287559e-02
5.085373295469513416e-02
3.959466886585256279e-02
5.561630964433291607e-02
1.252835186258154446e-02
1.002580378465031154e-02
2.511157087605987367e-02
9.011756957214570735e-03
6.444670989205286693e-03
5.452855627294742741e-02
4.088805947335630298e-02
3.834874322959506976e-02
5.763944324084980218e-03
2.804418723051486581e-02
5.575605567156862591e-02
9.079714262160277008e-03
1.408753582235893788e-02
5.126941936592767368e-02
1.435356500324785727e-02
5.111475696319129486e-02
7.586747200394083727e-03
9.454927994223018273e-03
9.427787985890277375e-03
4.360806657234594930e-02
5.193038438362296283e-02
3.664575586266811263e-02
6.022187146354104209e-03
1.965937470991801356e-02
9.337775089026806308e-03
4.795099675351138097e-02
9.702525164356526691e-03
6.429137016362321787e-03
6.071970280932959679e-02
4.399147688963484654e-02
1.447736512014528160e-02
6.903871991804551300e-02
8.752744151030493469e-03
5.983006178943112846e-02
1.242988349790908296e-02
1.729933146847415296e-02
1.571575547301506948e-02
6.034815788428415234e-03
2.302540851649960071e-02
1.907589672789879176e-02
1.300278382876678129e-02
3.128254967966251354e-02
1.109613246186875665e-02
2.082415543549933842e-02
5.122118054081767347e-02
5.427794010270155234e-02
5.957295146736683866e-02
1.979136770286881244e-02
2.771269364961279069e-02
6.257549851269708641e-03
1.373750717731440571e-02
1.001349746599000320e-02
5.362102320304237835e-02
1.239192669699551788e-02
4.021937571591867322e-02
1.092646143060235601e-02
9.493059326308225104e-03
1.122095924948232452e-02
2.730688556584324675e-02
2.068208080531752646e-02
2.114685431154357184e-02
1.086839829811928060e-02
1.429131353982229444e-02
1.276745606167959887e-02
4.607948520958678185e-02
1.251784729977787475e-02
7.426136935888878396e-03
1.430293772058164291e-02
9.442877098078642992e-03
1.369759754639884690e-02
5.298955922574110494e-02
9.796771985559492649e-03
5.343580644872759217e-02
2.404344689364821402e-02
1.355832898234608438e-02
1.281276569023403512e-02
3.488013009826288618e-02
1.204134223873435695e-02
6.519634687913440467e-03
7.563714633147015746e-03
7.229056423808566563e-03
2.886183640035178827e-02
5.321813789072475653e-02
6.622178342113575582e-03
5.807812013200863710e-02
1.362472898245851646e-02
6.922750585341622478e-03
6.196114244937226540e-02
6.149646388632266057e-03
1.357806727648643540e-02
3.928071261243022694e-02
4.938956904414598670e-02
1.101060452957450080e-02
4.797729556368768994e-02
3.952062051666657000e-02
1.107865212549188384e-02
6.689395665219005638e-03
7.061154520629844833e-03
1.443480757044731701e-02
5.497528138505421852e-02
1.165484417664873137e-02
1.170770162419543410e-02
1.057094577772279415e-02
1.374296725621959071e-02
1.193923376426221303e-02
9.470824037242064550e-03
6.585966904044658100e-03
9.352379367544119346e-03
1.097449153603687576e-02
5.745869357030754937e-02
1.546333331351231431e-02
3.834035347467511928e-02
1.334608675517258251e-02
4.652747349487566103e-02
8.151016122534758893e-03
5.599642703426026963e-02
9.039439062987016452e-03
4.274034879417450833e-02
1.006942320407367385e-02
1.385166970166065888e-02
1.510316689541088032e-02
3.088278278977659580e-02
6.911218846611213648e-03
1.125043064108811018e-02
1.393760295671347092e-02
1.200702826581056398e-02
4.745984839995336102e-02
6.740039460536931260e-03
4.665583065423158093e-02
6.272838909463354651e-03
1.093917031322193777e-02
4.804077627377845161e-02
1.338300108225211511e-02
4.027771093511946232e-02
7.243235924571348947e-03
6.879069562777945582e-03
4.452967815745343533e-02
1.631645304877278255e-02
1.642042236791987214e-02
3.721474852178937448e-02
3.563676989712198651e-02
6.579306054068304564e-03
7.279053945687983390e-03
3.936496712322048314e-02
6.407142533030069954e-03
2.230913276500451001e-02
2.154478565013613275e-02
6.107577932826628586e-02
4.144946525015456157e-02
3.212754334849620558e-02
5.622179111122389827e-02
2.956576657484364865e-02
9.688293810543856591e-03
4.113934950141186209e-02
1.407018470082819876e-02
3.704922243207676297e-02
7.097947873526962853e-03
7.395889433905181859e-03
9.416914846325253122e-03
8.418193778052916396e-03
3.681486038437512681e-02
3.675521074478629857e-02
5.825277616000706406e-03
6.559496310960468042e-03
2.454808914229843209e-02
7.259737505693560425e-03
1.413853597385748666e-02
5.996138904038428308e-02
7.433971816770611370e-03
1.308482543913774138e-02
4.642915487230512422e-02
1.031506330198414707e-02
3.012458323084169637e-02
9.853459334568277772e-03
1.035605294229628541e-02
2.502544027984770006e-02
1.859494470817830980e-02
9.488836795313849992e-03
1.348160693868914566e-02
1.359105801500467767e-02
1.221548558975822131e-02
7.298407612902755269e-03
6.314076111179542372e-02
3.197299815090092617e-02
5.984269230810151247e-02
1.383609869782244720e-02
9.740109048805595249e-03
2.339129526614827648e-02
8.843003896868175534e-03
3.734170642527723932e-02
1.413597243484169749e-02
1.211489212828882785e-02
1.632765705936631284e-02
1.423504155140583802e-02
4.104846123283870107e-02
1.889043175178326678e-02
6.901816800208811394e-03
4.157916787800128300e-02
7.658194556065430793e-03
8.467232179709334103e-03
5.042560629421032753e-02
1.461247591126725587e-02
9.635838987388246554e-03
1.278141077642586804e-02
1.281302820634602248e-02
8.329363409986046199e-03
7.299180294994717620e-03
7.984980300421246069e-03
4.072046660220991765e-02
1.861955032405425772e-02
1.426489736124599526e-02
3.622950990910169672e-02
8.047469720047582126e-03
1.520888302260441777e-02
1.116767060792697545e-02
1.463309830390423401e-02
6.266826647887137336e-02
8.988633533885004995e-03
4.936617398717649263e-02
2.514094768329380031e-02
1.552549939314520899e-02
1.032661618787721752e-02
2.405223723521402249e-02
1.689158221285964531e-02
3.674692788832985973e-02
3.793969807383636844e-02
7.962923928978240043e-03
6.751406383740404631e-03
2.675766831856241784e-02
3.765999120619373947e-02
4.489129540996843887e-02
3.502636504859039240e-02
2.387600994668172272e-02
1.027907104842280470e-02
3.434845755211971691e-02
6.637981390347623412e-02
3.439916351122742494e-02
9.183200194781632533e-03
6.185732516857028740e-03
6.716411151338883521e-03
4.797278057873755053e-02
2.072267260452489643e-02
1.279147305048861961e-02
6.949931463466403614e-03
1.920081703951434515e-02
5.958666979480688880e-02
8.412689155776822969e-03
1.126820988863479374e-02
6.858252736662630647e-03
1.180317446050858227e-02
5.728919422136492107e-02
5.757623264456685624e-02
3.508742054452424625e-02
1.265873326461845402e-02
3.855915047380355926e-02
1.282871785037099054e-02
3.871553045441574609e-02
4.735290208995948658e-02
2.220832817993393174e-02
7.170011766536587249e-03
1.307562685533236041e-02
1.051001501932093476e-02
6.424673168166450052e-03
7.981324191111076327e-03
1.544320417730581964e-02
2.283380526082447529e-02
4.532830157365723422e-02
8.200102728666660776e-03
1.148167592795076332e-02
6.407348421563273215e-03
7.026149022062242420e-03
3.704284894050547533e-02
6.435971737915157330e-03
7.310890167444773768e-03
3.295996931859748041e-02
6.075167971949707590e-03
1.801315923046309386e-02
6.052821316775702787e-02
7.391789789809507030e-03
1.224842767130964426e-02
1.335034997788551829e-02
7.139547062596605410e-03
1.242848626831825724e-02
1.139004413080228761e-02
4.008165703133403229e-02
5.777983122574358726e-02
2.337764715475787805e-02
5.762327736027111208e-02
6.936455608817985834e-03
5.351766106592628636e-02
4.276590908076795261e-02
3.953048094645866123e-02
2.135352946297842600e-02
4.248731186957215022e-02
6.198957455160535729e-03
1.685104042300564903e-02
1.389158044423845391e-02
6.548225509723410581e-03
4.293014428252622805e-02
6.450177897202794344e-03
6.562481973260365746e-03
4.800360710516653889e-02
5.728611722327999270e-03
6.223520604987566734e-02
5.287615393155205984e-02
1.258018323352236983e-02
4.277996660606583901e-02
3.876463377549783235e-02
5.139989452688546040e-02
7.073771759610217140e-03
5.916264989333564622e-02
4.666072655406448139e-02
4.324462673736326895e-02
6.396104738509248225e-03
2.535618003161982728e-02
3.418422151713391977e-02
1.163329588339888365e-02
8.195092036001322758e-03
8.917438680346582644e-03
4.445802745829952746e-02
6.071384766844730059e-03
1.497438904322410773e-02
1.534735727923156740e-02
4.940590679289894038e-02
1.173940886789208785e-02
4.322571615987268190e-02
1.404087033569955366e-02
5.242083488527799623e-02
1.360021421953513943e-02
6.398604053993177561e-03
3.084936656633144661e-02
9.099930693235109072e-03
9.505020926838983475e-03
2.627882670068898072e-02
4.009630281548577646e-02
2.751939473388324495e-02
9.546378028988082229e-03
4.406725019143464817e-02
1.018059975249240197e-02
1.046805156601248593e-02
5.480890021286778657e-02
1.686006018380848195e-02
9.264750001235288329e-03
1.202943516466216736e-02
1.513454275407453281e-02
4.413906434300404052e-02
7.431966803728856825e-03
7.952233927927609275e-03
5.990777155613501159e-02
4.616872334821205126e-02
5.623732825984392031e-02
1.236357427662185260e-02
6.197414085985408078e-02
3.686765540623383047e-02
9.924488359025637751e-03
1.151937045276080554e-02
9.628792540186972143e-03
5.737794265420120832e-02
1.261959580666929467e-02
1.311765548032072133e-02
1.088614658136096737e-02
7.753770309540057755e-03
9.496658363847590781e-03
3.365370103014347913e-02
1.254668434549272363e-02
3.865474182120905849e-02
3.275939459662340764e-02
1.310240360735528443e-02
5.079301380524321730e-02
3.793926665172302204e-02
3.015423777606257918e-02
4.880875799354075090e-02
1.154253567557316472e-02
1.028336902356673417e-02
4.997341862341100199e-02
2.928765103805297185e-02
3.164984075545108910e-02
4.289659042151248297e-02
9.562436585221819468e-03
1.367842900605229645e-02
4.412821221104072655e-02
4.610993104236951745e-02
9.108033998414579932e-03
2.657175318441174286e-02
3.902073423969481397e-02
4.737828989759773624e-02
4.821857235312836804e-02
1.435602074970791613e-02
3.386864809881092592e-02
6.491883011467940168e-02
8.143036923714316172e-03
9.607102356629031170e-03
2.846565952965183360e-02
6.787175788442696873e-03
6.080470756024394276e-03
2.463354615314308424e-02
8.339409709626221384e-03
6.480325093997018823e-03
9.276668603388613446e-03
4.254574915196832063e-02
2.814806369392459928e-02
4.517988997528245981e-02
3.482448208654391475e-02
6.465840723729100736e-02
6.774651534183987432e-03
6.953095450962348822e-02
2.682693569983493967e-02
3.528581882333027553e-02
1.302437504353590181e-02
5.213988827945902765e-02
3.945601635854843747e-02
3.663625568660425907e-02
3.102258794224105679e-02
1.401952048565206256e-02
1.579715210516312654e-02
2.837898153873997034e-02
4.472347348812451273e-02
7.504650686004843071e-03
2.911949729124492514e-02
1.414514628179375580e-02
6.393938792357523049e-02
1.625974483801142720e-02
1.161653833249984107e-02
6.698946750279777436e-03
1.688517010014084843e-02
3.768909480915677568e-02
7.070038196576342027e-02
5.623990945639825018e-02
2.762019000474190064e-02
1.096831700297078507e-02
9.213552115164417786e-03
6.712664695301994930e-03
1.146084389814384756e-02
6.365697933130150428e-03
4.200403979559222400e-02
1.717797112843470406e-02
5.189106260976904250e-02
1.608073121239115763e-02
1.160447758061159199e-02
1.677559720619127212e-02
3.059870900272565128e-02
7.434029982847425826e-03
1.040460124224020823e-02
2.396341185070476401e-02
5.460934528957087780e-02
3.914159260547984270e-02
6.266352048948340379e-03
9.604717577789528490e-03
1.350768866652218500e-02
1.032815231282202713e-02
9.380346768143359160e-03
6.181233092131250065e-03
2.021206880056715047e-02
3.665294196438016738e-02
2.481409037140578505e-02
7.920424756588674217e-03
7.232670634445568202e-03
6.022124389994502197e-03
6.245454732923007984e-02
1.199511217133337679e-02
5.874880067599876077e-02
2.112259660309135506e-02
6.002621505459147105e-02
1.491006048610089667e-02
3.023891279502062199e-02
3.439076175240587258e-02
5.633198846571468160e-02
1.341417453960495713e-02
6.509694182953960906e-03
6.110336742383912223e-02
4.161218715959490860e-02
8.991661785014275557e-03
8.009911378046593797e-03
5.248239370221185335e-02
2.422928161991670312e-02
6.253816165531918617e-03
6.800399179339887065e-03
2.864365393429199602e-02
3.268218378780429756e-02
8.714448341688963220e-03
6.356179112786894403e-02
9.503002015801648161e-03
4.130463806671630378e-02
1.047919400712700282e-02
2.951492894227052480e-02
6.453480934549621871e-03
2.642270637826457658e-02
1.328816936381023613e-02
6.338556465573116916e-03
1.528300925015274071e-02
6.713606151525188664e-03
4.687149637793067841e-02
9.037114296383076673e-03
5.357187461118041727e-02
6.480393245521241449e-03
7.278318802486179705e-03
4.892862291557304594e-02
1.235118715482424329e-02
5.302318897456320679e-02
3.728119187904342657e-02
8.295814523243221633e-03
3.492024545937820468e-02
1.499276937122043935e-02
3.270151817499017399e-02
9.371292803107918526e-03
2.334887028734496106e-02
5.650105033711228658e-02
1.236376718859941160e-02
1.166447072560373478e-02
2.709912668666034086e-02
1.240741060088496918e-02
6.264693422284927510e-03
6.294902138260180524e-02
1.861488010897304618e-02
9.393326064379314833e-03
3.765056975296698916e-02
9.508665124928176657e-03
1.349992649347764653e-02
6.636574215915443629e-03
2.345804557875594276e-02
1.211283512796361428e-02
3.084177451963592692e-02
1.371566135471752844e-02
1.035569804081802950e-02
5.527435372061621777e-02
6.980682623307909833e-03
2.817665755459593246e-02
1.430884250131975524e-02
2.591372671641129985e-02
2.422810959599117422e-02
1.575754949214530631e-02
3.284070533375849782e-02
2.052725694917732768e-02
1.329173233985271249e-02
6.723907503422913053e-03
4.452954830334739794e-02
7.016119525147115378e-03
7.546949777187532057e-03
5.317356349435255203e-02
6.976594195717562841e-03
6.850272787957414899e-02
3.067496664321422983e-02
8.655326804320188222e-03
1.874772418034421212e-02
4.581205896535957972e-02
3.205326693202610600e-02
3.062749503561816231e-02
9.241363219647422481e-03
4.418032700490239634e-02
1.303153653884951170e-02
7.431395282821218196e-03
3.062881296705251277e-02
1.256984252127123919e-02
2.031055154107988536e-02
1.170929215466030328e-02
8.240052787829897987e-03
2.160541669607121684e-02
6.084436925291115787e-03
1.248951866451222283e-02
1.331200379740688985e-02
6.973057515128051713e-03
2.678826561718401778e-02
6.550713169499944137e-03
1.425125759847658581e-02
4.364711734730655768e-02
7.273947373969703520e-03
1.526341591339588737e-02
4.658171487898070395e-02
5.870910246289787887e-02
1.421790707598391545e-02
2.328598916733220017e-02
5.318872413093592849e-02
6.772514038687338367e-03
1.197455477312416722e-02
9.935876547798394923e-03
5.696919156665937456e-02
3.090400819567302310e-02
3.435613836502369317e-02
3.966131894231544192e-02
5.551370581759004080e-02
3.993965191392370717e-02
6.528159018150315844e-03
1.483474817812553692e-02
5.923591258222114797e-02
7.014932713172959688e-03
5.322389606312608046e-02
1.408725899801646989e-02
5.498759845897076975e-02
5.036355962890995408e-02
1.469739222406329059e-02
1.123648960899984936e-02
1.236075981517682429e-02
8.937736282875490337e-03
8.897372794189265313e-03
3.908723618032738240e-02
1.387327319066354418e-02
1.483595999493984678e-02
2.160369419118040105e-02
5.925582381343854482e-03
3.452149011595104927e-02
5.920562600340291415e-02
3.210910323815505119e-02
5.301687576358091875e-02
6.801467636663663906e-03
4.921806307168252043e-02
6.459244025791954780e-03
8.694727937278934338e-03
4.968828952003900845e-02
1.387732308312660152e-02
2.908995213360894908e-02
1.177064801355821345e-02
9.098076123520783959e-03
4.719365082886332191e-02
6.166405515203633031e-02
1.100794766790419259e-02
1.529159399849129575e-02
1.400095033291863349e-02
2.771236419406380991e-02
7.158098025157587710e-03
1.169408802884181614e-02
1.201104506585163115e-02
2.555767121860438168e-02
9.321030426536062660e-03
2.599490610230565518e-02
2.007772046679259098e-02
5.091470612813261271e-02
2.324282427041286792e-02
1.539226405415274751e-02
6.107061086418914993e-03
1.364211008821532116e-02
4.127837988968111743e-02
4.783048229570541210e-02
9.000371083742688197e-03
7.567812741149125728e-03
7.483137741889006773e-03
5.413509603733317188e-02
3.068668823434578252e-02
1.477835412485231127e-02
1.475619090342703867e-02
4.381181487343014519e-02
6.328746933010045983e-02
2.174474260640769929e-02
6.494092537030028006e-03
2.589489969279653095e-02
2.786564942021858490e-02
3.019635913212013675e-02
8.506298119273900463e-03
4.472381786001874276e-02
9.235158771709894160e-03
4.937783092192653961e-02
1.711725250547512650e-02
1.161089228281746502e-02
2.121062416357805472e-02
2.859474671320581460e-02
5.613575992341008486e-02
3.784524689535388037e-02
5.871084138752147991e-02
1.504318856116356948e-02
3.208584081714476594e-02
1.459603131230592828e-02
6.469573475362069316e-03
6.931419530351432337e-03
1.227825655464826089e-02
4.773276950847911426e-02
3.604197892708608381e-02
6.113766644142024781e-02
1.458563891533300010e-02
8.580557929825415389e-03
1.491482488161315761e-02
1.291345078107404391e-02
1.651698831975434087e-02
9.008432727817849636e-03
3.978738344490445611e-02
4.340068787243797632e-02
4.692567061060930883e-02
1.634590972671785825e-02
7.193011005539531530e-03
1.258594013194249024e-02
7.193398396058495181e-03
9.779249094444719681e-03
8.523515291611752712e-03
6.120435536518281650e-02
1.410060965500122693e-02
2.456447066089242903e-02
5.534152341211004411e-02
5.421397710982458346e-02
1.580183525342851100e-02
2.794891994555740583e-02
4.973352007474413083e-02
1.386762010057278685e-02
6.548540955117147962e-03
4.618017690027826500e-02
3.075196368770451855e-02
9.149175150815239480e-03
5.413964774964975107e-02
3.382804000880113016e-02
5.737994655014005962e-02
8.602429440218009593e-03
5.863113288144206937e-03
7.245900996582142761e-03
6.382138250630375702e-03
8.060427072660839368e-03
1.385634449445881378e-02
4.313167719668389161e-02
7.964486770065844212e-03
1.458079107691739353e-02
9.509011364935735650e-03
1.165299714682048460e-02
1.026711305738876867e-02
1.109924977590763182e-02
5.023739720160041305e-02
1.267737634268010886e-02
1.452070286254560257e-02
8.732184565234417037e-03
3.000820036129889928e-02
1.155272897055336853e-02
6.128257253541444585e-03
4.717646787845526657e-02
3.911013337885597962e-02
4.384352956983601779e-02
7.335515790282585817e-03
5.340348364624168676e-02
4.618637711394946860e-02
1.753938229373097277e-02
4.920774654414489246e-02
6.501577171726013321e-03
2.167490881569683614e-02
5.962761767789798856e-02
6.133076675200319593e-03
2.271032000402353757e-02
5.207099467079904370e-02
4.128102369031301511e-02
2.613051816810380013e-02
1.480077679476654064e-02
6.782484338602920958e-03
6.991947403022440166e-03
6.094318749228591105e-03
6.542611359698019026e-03
6.502405058891927957e-03
4.031981389643676111e-02
3.868345360235784375e-02
6.392360913998748617e-02
1.332237305863359297e-02
6.143039279932307681e-03
1.559366521480423130e-02
7.817430537292795537e-03
2.859626785688724679e-02
5.912609316700617734e-02
2.752991273893140925e-02
1.630804964236027763e-02
1.589213408150303569e-02
5.360692818908723706e-02
5.009033976798549920e-02
1.362237003286079912e-02
1.674279622356128136e-02
7.253486727963841946e-03
1.028844682700481156e-02
1.043601031655067533e-02
1.149744946821105139e-02
5.252453192842662655e-02
8.811672156218563687e-03
8.584577916562027150e-03
4.827696090195163908e-02
1.175036942390708834e-02
1.292448488651134521e-02
1.257909250735827697e-02
6.979500417164929797e-03
4.454093417888546624e-02
1.513130754292285433e-02
5.267998541684206643e-02
1.486625475050794287e-02
1.031623130902440018e-02
4.456315267078966857e-02
6.594029886195230429e-03
1.261284586828024211e-02
3.642093996483666829e-02
1.528543247071684902e-02
5.115414961394085247e-02
4.857723038934885079e-02
1.350803684246002466e-02
5.249783691812719838e-02
2.843682276373769510e-02
4.667460952882240138e-02
9.968987959946495891e-03
1.290501894942374522e-02
3.661722429252978889e-02
5.081131785885500962e-02
7.914490289125494099e-03
1.317491257287876395e-02
5.665637212069158518e-02
1.359524208058765157e-02
6.340122273979613421e-02
5.167090163648748596e-02
3.554900140240601497e-02
1.432881602429267841e-02
5.556480113972671331e-02
6.031648850459763941e-03
4.049548755806421652e-02
3.845347099952556996e-02
1.264365501974212304e-02
1.376389873186889719e-02
7.593971196114050054e-03
3.954110401371926931e-02
1.558492106094190241e-02
7.274170160142815617e-03
5.896518645743787507e-02
6.531152996284531574e-03
6.294300119221761004e-03
2.148631991167566577e-02
1.074992450520867622e-02
1.000000000000000000e+00
3.184770084482768659e-02
2.912838792237907107e-02
1.083823750927883495e-02
1.278541095553805546e-02
6.713420052690748790e-03
9.562674378115474869e-03
3.859872218106680936e-02
1.049283727102408130e-02
1.263226479580487928e-02
6.842369659623028129e-03
1.404302149916777237e-02
6.157721207507848259e-03
7.395180166501591490e-03
3.175371613181271480e-02
1.479348583211525549e-02
6.287835683300808942e-02
3.240701797494439929e-02
6.760561175470442864e-03
4.486997346775506434e-02
3.930839197171058508e-02
6.435856328828715341e-03
8.956340848617936473e-03
7.942999643906229618e-03
6.067391009001801144e-03
5.221028415129774780e-02
6.695735271564331320e-03
8.042561361825378841e-03
1.119138920904012499e-02
4.582631002324054348e-02
4.355208610028533933e-02
1.034195965638001237e-02
2.827988338322232412e-02
7.477801499602002196e-03
1.000000000000000000e+00
8.058311914118678615e-03
1.354517562187493307e-02
1.476742466355700570e-02
8.609235242116966905e-03
1.241951373494690723e-02
1.568596723969896758e-02
1.138730091807355765e-02
1.011442960255228528e-02
8.087884824215992377e-03
6.448758283489836388e-03
1.013945705847748603e-02
8.001710880142572091e-03
1.437008835533802424e-02
6.113525507387440605e-02
5.254407364155552762e-02
5.094720619602010475e-02
3.853545289914740712e-02
9.681971555159219964e-03
1.287545370309755612e-02
2.236345146388942634e-02
1.243095424508914616e-02
1.163847144588463917e-02
5.873979875275605472e-02
9.788826552597572339e-03
6.112465637145777370e-02
7.206055105869538235e-03
6.280297821349285249e-03
1.081897294741399757e-02
6.474927755293785961e-03
1.924475005426812962e-02
9.855568521937771095e-03
3.292747174897939916e-02
5.855219479255474764e-03
3.770426135525493244e-02
6.266472953050452287e-03
5.949736096544028241e-02
7.892523735859614809e-03
9.928678712347328503e-03
6.210573805744009322e-03
9.958148662611391103e-03
3.481010032438212193e-02
8.849737627435532231e-03
2.994604377668221018e-02
1.070983504924089870e-02
1.104176701362122662e-02
1.427499301225615240e-02
1.126668967467622622e-02
3.706332594100725242e-02
5.234738887963776705e-02
3.424301860936131148e-02
6.222630103818508306e-03
9.747090705708645955e-03
1.692821092823962315e-02
1.229027001174971476e-02
1.261463527369934348e-02
6.156287740132566216e-03
5.344577094484972285e-02
3.915959980348314440e-02
7.521466041917692497e-03
7.084078092420615161e-03
7.337849701779261893e-03
7.594975274871361252e-03
3.323904771593068352e-02
4.666331298670478578e-02
3.461824127367497950e-02
5.288787154507697957e-02
1.527845906611504691e-02
2.121264493791839845e-02
4.523746997800994624e-02
2.911930714051908994e-02
5.219342443454293157e-02
2.689585647730275905e-02
1.444808185536365988e-02
2.530895139960852649e-02
1.369005494794236708e-02
1.342790873118925726e-02
5.756638646722530422e-02
6.458715813115860523e-03
2.341496746624069369e-02
1.367773165194337455e-02
1.270546946326460598e-02
7.122833550291615516e-03
1.210254391683077482e-02
5.511434289430451605e-02
3.200824685108997342e-02
1.019031548352790015e-02
6.615376704308567613e-02
1.205295035053158964e-02
4.654006017064632461e-02
4.452562712293454961e-02
2.856614544004325296e-02
2.883298975808680151e-02
1.137041070068978317e-02
4.122715584360912150e-02
1.034541599378965664e-02
1.983120748177471734e-02
3.804166983241886318e-02
4.058358082185319765e-02
3.053630995611660015e-02
1.275507311233057585e-02
6.817321469554563085e-03
7.409612249002629596e-03
1.005614123899251089e-02
3.604862195442266881e-02
1.485986362360927973e-02
6.486944750391080566e-03
2.141273327683057559e-02
9.569255206125558064e-03
6.222028786984055287e-03
3.882467840390625008e-02
4.384911622938945930e-02
2.018767274317439034e-02
7.262398461536870992e-03
5.009336823177180931e-02
6.771803227220060326e-03
2.191389937357401257e-02
9.003928935648474949e-03
3.300911102381746953e-02
1.494983313002051437e-02
5.581277720006300874e-02
6.500261161354671524e-02
4.760987761603571039e-02
3.937730353896229385e-02
5.296796181978109808e-02
1.452541813534588902e-02
5.476141269548082113e-02
5.577284129004566465e-02
6.892237129346108319e-03
6.693067278195037779e-03
1.034555588928591507e-02
5.531414545157545964e-02
1.264728742191980650e-02
7.918967735549288858e-03
2.784658111940402012e-02
1.222298667637721978e-02
4.123824659294098721e-02
9.159243779204481392e-03
4.011117986742378932e-02
2.627493548487833813e-02
1.508195510879990243e-02
7.215824385574615661e-03
9.006933191819931420e-03
7.879149673367833936e-03
1.042109469546568558e-02
1.027097306478450336e-02
6.546202139579817419e-03
1.091861389851037437e-02
6.142702292188347707e-02
6.353518829235982324e-02
2.302568639727844285e-02
2.635586790050901268e-02
8.159532113506564113e-03
1.234836897105876484e-02
4.300342983164388844e-02
6.951574978695489529e-03
5.961800764133750458e-02
6.192854913468998600e-03
9.488925033618053270e-03
6.289112777449121054e-03
4.832677233257335475e-02
4.892706844070949385e-02
5.478757258365896110e-02
6.964038099745453736e-02
2.813129859418872156e-02
9.480635835396123215e-03
4.495740012404189634e-02
8.876852816817696126e-03
9.583113145196782423e-03
4.225950224728795834e-02
7.129786366943369723e-03
1.286025830901844740e-02
1.094579597891599809e-02
4.342570931576245075e-02
5.973085679488888272e-02
4.848025500393025877e-02
1.223441478838574459e-02
7.841575322484315227e-03
7.234751495785835332e-03
6.604593144478589084e-02
7.399963951240712788e-03
1.537472812339584632e-02
7.645522910073244277e-03
1.052864055275355010e-02
6.918628793740735049e-03
9.315045916193438053e-03
6.406962525697861531e-03
6.632535772538468259e-03
4.455492886982863332e-02
1.293964879443248138e-02
8.953924672776900420e-03
8.627979172089588270e-03
5.541804599179767782e-02
6.525439126796806627e-03
1.391504081094575677e-02
7.061631888282710913e-03
1.198643093476216628e-02
6.749555507519186537e-02
6.391869089808285831e-02
4.024810536906756053e-02
4.101119615852255595e-02
1.548167388536561204e-02
1.419242069529826761e-02
1.066100395901356697e-02
6.151638449425905417e-03
6.341116272353214400e-02
1.197434831906505834e-02
6.623385666238119224e-03
1.292811695368232400e-02
3.553018659143233893e-02
4.805571315197958160e-02
3.729024352592984204e-02
1.833593231672515228e-02
6.443639241097054438e-02
6.515051182880120251e-02
1.347184429127285497e-02
3.715866238523190396e-02
6.483765094304730532e-03
4.340856538452912000e-02
3.019124102501677398e-02
9.480836139654370831e-03
3.779856133238405913e-02
4.188493068694554983e-02
6.736430847161562971e-03
1.308104404081714828e-02
7.971002699364388919e-03
8.614428990300829550e-03
1.327031814078715941e-02
2.519076169888057742e-02
8.272381575461220868e-03
4.960548969526031027e-02
4.933772234878983781e-02
8.307508812538401052e-03
3.403616334805920074e-02
1.202336399269505682e-02
1.525556996295346357e-02
8.141393836088892805e-03
4.582713821383224001e-02
6.232380961701580388e-03
6.515695327927882065e-03
3.746998982433647624e-02
7.214152436693255059e-03
4.623952562615279982e-02
6.173500154417640301e-02
1.190270261398763442e-02
7.327015395296159611e-03
8.021869966863435716e-03
8.425010148597008100e-03
8.473871723269636030e-03
4.623666609880080353e-02
6.320778908910483496e-02
9.213448764749034015e-03
7.307391663464102120e-03
1.003795641692591979e-02
8.441010563012165194e-03
7.707798689491954063e-03
3.877498050981411509e-02
9.007068767831551831e-03
5.230522260268319346e-02
1.395690319488775838e-02
6.089555631339470254e-03
9.646263125891179832e-03
5.472947153509039736e-02
5.033101351095245479e-02
8.493234074073022569e-03
6.527597807917535390e-03
7.061778709638929542e-03
3.259784129229794519e-02
2.211994418885458377e-02
1.514776156591503102e-02
1.203398050042927755e-02
2.244278408841801978e-02
1.577792644590221907e-02
6.202078057994139110e-02
5.953691600918480445e-03
1.058276432324135354e-02
5.228697022821939683e-02
2.217076007760742512e-02
3.824544546842405940e-02
1.911671451151349468e-02
1.500673062971483694e-02
4.733325474439134539e-02
2.297657915356944927e-02
2.121008872813036697e-02
6.698420932760377686e-03
4.561768677992308896e-02
4.909049645491543601e-02
3.078959511408920977e-02
1.579342942701024086e-02
3.303069650355782566e-02
1.800383241641563548e-02
4.456256792267732081e-02
1.291319177488640252e-02
3.700024748319267337e-02
1.404423966255240533e-02
1.564967577886091504e-02
8.545380204972556279e-03
3.273623297644165375e-02
6.521005775866356262e-03
5.185885286124622406e-02
1.877695060969606505e-02
4.105957680123517584e-02
8.264269651176305020e-03
4.767885788924489804e-02
4.602433417800238374e-02
1.179976233345113312e-02
1.342660098914048167e-02
6.276823416141358303e-02
1.300400998919362498e-02
1.458125563419893425e-02
4.828453219731122098e-02
2.906187293394818863e-02
5.104543028922414044e-02
4.638784504409496079e-02
7.127762792706218535e-03
5.745456392881052865e-02
3.082644186450222284e-02
3.737706407667238523e-02
1.484649329690773331e-02
2.809351718556860056e-02
3.130144491297576215e-02
1.050519556006067334e-02
3.352438925397665387e-02
9.042409163722803928e-03
4.542790277865160764e-02
7.961855772269026826e-03
4.976431161477868487e-02
2.885443267062645992e-02
5.503706722654885114e-02
1.063911761802137541e-02
1.411308709942825021e-02
6.163148401590922212e-03
3.100263324064619908e-02
1.223990046119997031e-02
8.923444816870480106e-03
3.804384735201041950e-02
3.791218883431173026e-02
1.142089857489649203e-02
5.003764897902838321e-02
6.632609969520140980e-02
2.113945303669510431e-02
3.536817447651728619e-02
4.167036453529530254e-02
4.587042611447283286e-02
1.915569888571739404e-02
1.886105626751169440e-02
3.082334727662923088e-02
6.552289877545467052e-03
3.456242814742511993e-02
6.539146294342443669e-03
1.401846130152704581e-02
5.381966901365154571e-02
8.470458419441937933e-03
1.710572045525059898e-02
6.877847768710605887e-03
3.233386507107622460e-02
1.145308213393063032e-02
8.697747425807592775e-03
6.753397405906884365e-02
1.067727045958578001e-02
8.936558720354410498e-03
2.547094124425830844e-02
3.794782342404756648e-02
1.332202753972156622e-02
3.465555024738758289e-02
6.773996416158230283e-03
2.011647770764942930e-02
3.999765108179390710e-02
1.310211974669887001e-02
4.340137729429068697e-02
1.105031414409837071e-02
1.117232071021588731e-02
7.214770966178236933e-03
3.494136991609800291e-02
4.003064705837590387e-02
6.345234383437944881e-02
5.555159068986880583e-02
6.252533667329844558e-02
2.397280969462829703e-02
7.237515659222572284e-03
1.067610326326484151e-02
3.036157068172786952e-02
4.382938278893684647e-02
1.359408756211925168e-02
1.439901204699981299e-02
8.802737744001891060e-03
1.051065720222916708e-02
4.064657635945313763e-02
6.768618998327544448e-03
5.870781659713294326e-02
6.267628008201573883e-03
3.167013527032995490e-02
4.019548053494517020e-02
6.796698901708825985e-03
5.458325612491460310e-02
5.690294339552733061e-02
1.299522458936228260e-02
1.324781019691689300e-02
7.884661726442752580e-03
7.242609221364471571e-03
1.316720704895368160e-02
1.059485454128388307e-02
3.288995343323482257e-02
1.253701417276463850e-02
3.728929296974000523e-02
6.022579910501345453e-03
1.080437455422634044e-02
2.170011126895329823e-02
1.102051122284455550e-02
1.153220718037500751e-02
8.548602972732846292e-03
5.633613001415038041e-02
6.883720395728289837e-03
7.416069576538632767e-03
1.234058816841108672e-02
1.504647485877230739e-02
9.470176339112354805e-03
1.767978355150565464e-02
1.267818007324442858e-02
1.149273851985554290e-02
7.398884978883131340e-03
1.251783425978597944e-02
7.198483853186552969e-03
1.019372902852775167e-02
7.693511341489215477e-03
2.842719496712162175e-02
2.522277734458890780e-02
1.008054454961404903e-02
1.325716682231195369e-02
1.207327583195504615e-02
2.433601107118531226e-02
7.740028754664447612e-03
1.549948995763839737e-02
6.827696257895039811e-03
5.139257739402025571e-02
1.614154090429921473e-02
6.976903039879809969e-03
4.027079438684142559e-02
7.175382327709275629e-03
3.056442042873539280e-02
8.603605076331771045e-03
8.357380393184113063e-03
3.181305227744737202e-02
7.609894918260367777e-03
2.612464700003535450e-02
1.286019441745251714e-02
1.453413444815192419e-02
2.300372927433665463e-02
1.263762997414927432e-02
6.086794792398079849e-03
1.575200668126092163e-02
2.192242126277784559e-02
6.529991135693622752e-03
4.765792410421238606e-02
4.027492454776620406e-02
4.881540448431469920e-02
9.974275854590182802e-03
1.476267231176956254e-02
8.756921740833560272e-03
5.580535199570861582e-02
3.764518427680647178e-02
1.065711458246644192e-02
1.179327836892054594e-02
1.293144041958559434e-02
1.290993972669535021e-02
1.635052559659563171e-02
1.392663767104761890e-02
5.055266909204893938e-02
1.666796732611015158e-02
2.517952764586339071e-02
8.073766954761063194e-03
3.754765619204777222e-02
4.106641053576247369e-02
4.633299390329717604e-02
3.803879123876931917e-02
6.270025502789430827e-02
5.508001843586923796e-02
3.085110660447116723e-02
4.406229784163596952e-02
1.585838090916550508e-02
4.218708712102760966e-02
2.808903813366923560e-02
2.364479656928732479e-02
4.893457540183510091e-02
3.938226460432243947e-02
6.162168218198166986e-02
9.002062248424308813e-03
1.294144862500172175e-02
1.486010182630923687e-02
4.581576933498883453e-02
4.836812172527657494e-02
3.874939179238717779e-02
4.048019507767657704e-02
4.879840394486095745e-02
1.210781637403782543e-02
4.950594690582397345e-02
4.635126092000478593e-02
6.321622197869346607e-03
6.456855596233963823e-02
7.992505781413989513e-03
1.350079408763955185e-02
2.189389631243444934e-02
1.609250870648244736e-02
4.470513376237312403e-02
7.920802507172686885e-03
4.527476694823258374e-02
6.085340668833527644e-02
6.857267301945517424e-03
7.254512729784765891e-03
2.669298551820296558e-02
1.197477789634002719e-02
6.950068422312462128e-03
3.912453907955527194e-02
1.299356310210674804e-02
1.989708640437542683e-02
6.083882839976299806e-02
3.362746259156901979e-02
1.418506745890375786e-02
9.232849735835154531e-03
1.409670755495474534e-02
2.201582143687400017e-02
1.252390633220004310e-02
6.862106362051739912e-03
3.793999012124794207e-02
3.991014466390020721e-02
5.733152623509402135e-02
7.139610629607855662e-03
6.584412712848455168e-03
4.461282650519654558e-02
8.161724112206477158e-03
4.024458943605149081e-02
1.748741745773568085e-02
2.358179822549889837e-02
6.912915902922036129e-03
1.100193449629719225e-02
1.138297155106351641e-02
9.657712381349190661e-03
7.490730139584977389e-03
1.051926471615164185e-02
4.984203664376281318e-02
9.259386100068654410e-03
4.785810331274459317e-02
6.363488624960912492e-03
1.380322191914921080e-02
7.549327769913512058e-03
2.968099201001972096e-02
1.443780382470577842e-02
1.367098860465146108e-02
5.470895381567738441e-02
4.702391515065482835e-02
7.164500063254851739e-03
7.311585685059510641e-03
2.019140630671834719e-02
6.186136894878391072e-03
1.541424647560777836e-02
6.573989102445145817e-03
7.441633983237304524e-03
1.488149535810133310e-02
1.236490392815315330e-02
6.329356272981200016e-02
1.422961407055370678e-02
1.226007181460062913e-02
8.704633422801987680e-03
1.485328153614171726e-02
4.952787099805530668e-02
2.469291521315082269e-02
8.103704095342343164e-03
1.242072348368455578e-02
3.196452491276657870e-02
7.955869206240438751e-03
6.727205870493733510e-03
4.211470142485750079e-02
7.865456110277295812e-03
6.022729097848415064e-02
3.749246866590658089e-02
1.459377787868740284e-02
6.655279094193265743e-02
4.615151419754761480e-02
4.139769486460095210e-02
1.267281969475629426e-02
6.050681075349281096e-03
7.687020155746244164e-03
4.008139527899441668e-02
9.386586332708746552e-03
6.029369918272711910e-03
4.631118380593363809e-02
6.893291442750586369e-03
6.702902737580068715e-02
2.152299130471574742e-02
1.243930684906033139e-02
2.866677686194726501e-02
1.169559344136578485e-02
4.052064537477161055e-02
7.484346523668958251e-03
2.978435578159990132e-02
3.799365810147320444e-02
6.518448201122148400e-02
5.226519531206418046e-02
8.494691053857318305e-03
5.626710587773919858e-02
7.893507332962096390e-03
1.158032325858969307e-02
3.068335370682696850e-02
2.918602927442915523e-02
6.958215434979307147e-03
7.650246282280688710e-03
2.257320347960940429e-02
2.603756344124625796e-02
1.055976059586564292e-02
3.264409249984439459e-02
1.076689495679540240e-02
4.748374612321065724e-02
3.367384868670258297e-02
1.310955316437247692e-02
6.158776302286649192e-03
8.149416695907938518e-03
4.017354208063579624e-02
1.011504956889556703e-02
7.479462055796162051e-03
4.694188649023978144e-02
6.352823649638764288e-03
6.891646885791032073e-03
6.465388347935364412e-03
2.658994399557639693e-02
4.394186090855294741e-02
6.501744243720730676e-02
7.347230315248065233e-03
5.504440191692641648e-02
1.191747725869690688e-02
6.673300150781018812e-03
1.026044504825551068e-02
5.341485127723914067e-02
1.441286922930330901e-02
5.854940020990992422e-02
7.982106073941900443e-03
5.404285433802553246e-02
6.112661152100723645e-03
1.352487920161641981e-02
3.310955798099336073e-02
3.918820613755347876e-02
6.348091265160132890e-02
4.715602266539777043e-02
1.358087045325445663e-02
5.282654254124143078e-02
7.222783397613894915e-03
7.069217919241286424e-03
3.965865900419094509e-02
1.910900877964587588e-02
2.727111060453535005e-02
3.498379176936865925e-02
1.029285427106307362e-02
2.393865823562494818e-02
2.731417831148707023e-02
1.042190106797208186e-02
1.160041584061506474e-02
8.718161589839640985e-03
4.686771514566227120e-02
5.652054142988903462e-02
6.633016832509576292e-03
5.776208564771836973e-02
7.658516438438157069e-03
1.762034998739081190e-02
1.399554368793544563e-02
1.070717532454178340e-02
5.345849156413430558e-02
6.007853853390526799e-02
9.123691616938113189e-03
1.289112924947167192e-02
2.973659684739956080e-02
6.806058838635022784e-03
1.391947217049597021e-02
1.290895649689893614e-02
1.205634577070325252e-02
1.239910499179465789e-02
6.951968226734148160e-03
1.917072858252618847e-02
2.422951882107380814e-02
2.908715447421728745e-02
5.604510857956396253e-02
6.493731146846355370e-03
1.002646322872798035e-02
1.411332808368956013e-02
1.395735615720724784e-02
3.198506899483022359e-02
8.989907102186948246e-03
2.845304101488427967e-02
4.713377638428919297e-02
7.733424544917794942e-03
1.245086205454019011e-02
2.977727100666271651e-02
1.155945310697166148e-02
7.665252293509201321e-03
5.586899761162785784e-03
5.575431986614935026e-02
1.970423642702726769e-02
1.652453166006944210e-02
5.184046347802182680e-02
6.843985695175185992e-03
4.728219905665092399e-02
9.112229086742555315e-03
3.404426259744816607e-02
5.638910011264326033e-02
6.341343691968241714e-02
7.185647123585181886e-03
1.940495877236608421e-02
7.014736168852048377e-03
9.370322465257692121e-03
6.422030050118856560e-03
3.545911777831085160e-02
7.570123508919645791e-03
1.517101456703691745e-02
2.586022513940103643e-02
4.829255950163953426e-02
1.125790668041157065e-02
3.182699574797789172e-02
5.697379846988961244e-02
1.264694948698607407e-02
1.230127671826857817e-02
1.393709742397271009e-02
3.629783793564579641e-02
6.614497688483247928e-02
6.025445546273157718e-03
8.003485576004549032e-03
6.254762987371287331e-02
2.583239448770200883e-02
1.390383821751325043e-02
3.898739253843308550e-02
2.094321667606067680e-02
4.511258178359733167e-02
5.445225640711495729e-02
6.525120892434083802e-03
3.114970356151487013e-02
8.305775996858427018e-03
7.355876511493966013e-03
3.588819421104242485e-02
1.530367025034323585e-02
3.633992326743136492e-02
4.308873837075736374e-02
1.014159357342198434e-02
2.241649532777963486e-02
7.829397201314786114e-03
1.459894499706575546e-02
4.398943530296087895e-02
7.895593312515271703e-03
4.814314883165682346e-02
9.319494507491189045e-03
1.228151371306634640e-02
1.067593172459881112e-02
8.456755789185234351e-03
4.644024303225453842e-02
2.720898107778094849e-02
3.060841840188488136e-02
5.450878969382717126e-02
2.239785841306271563e-02
6.663788260137108385e-03
4.626358215833746568e-02
4.565293752854004267e-02
1.141318964382655524e-02
3.708481571117057396e-02
9.584579876513276211e-03
1.162672336237385168e-02
5.940700041224511452e-02
6.855915702594552602e-03
1.432525536573417760e-02
2.648511972165487269e-02
1.152336333786860637e-02
1.189401015975373455e-02
2.765843891321441428e-02
3.436774264939088108e-02
1.433184127236397480e-02
3.112360755273472709e-02
6.910824135872880962e-03
5.266775549561412278e-02
2.463875502928957600e-02
2.927981453736664547e-02
6.868688465904791707e-03
8.413794601446689808e-03
3.475209613538024489e-02
1.001498655219623148e-02
6.647708669714023910e-02
9.842741840663960656e-03
2.704911585495238524e-02
6.345153533948429819e-03
5.235217807897579040e-02
4.215763208143963325e-02
1.310058134154418012e-02
6.140495500640098976e-03
1.649740585086855241e-02
1.053829294598709714e-02
4.920522864999996721e-02
9.735682300094691127e-03
1.544130235289101379e-02
1.387360476848074897e-02
4.585345348427419254e-02
2.713030990596230693e-02
8.622379827295603011e-03
2.889245534382183303e-02
6.162137841003438588e-03
2.528917304325756232e-02
1.418400086828255566e-02
4.872566258024583347e-02
5.419545286979535886e-02
1.145769956008978706e-02
1.337998880993321489e-02
1.071043781788739817e-02
6.919513148716499584e-03
1.616669858024801648e-02
5.505377856040844647e-02
9.927611701818585266e-03
8.051695464096803728e-03
4.621968939254830072e-02
1.110192207573702620e-02
1.509022774451096970e-02
5.682014500544162877e-02
4.261876098286972170e-02
1.146021452671946994e-02
2.771837669186908576e-02
1.073750316060736315e-02
5.099314863156569760e-02
1.270599817895103241e-02
2.177094956203027773e-02
6.042899954937373981e-03
1.041654305939367087e-02
7.224847323860065021e-03
9.865193322694171263e-03
5.365605504069878573e-02
6.583062706727462778e-03
6.879948755918928460e-03
1.187187179559829990e-02
6.869602724788678554e-03
8.285195693829948763e-03
1.398618803148136275e-02
5.221260423845059534e-02
3.801176245827342370e-02
2.035720198630014410e-02
6.186004270568757485e-02
8.618092007565872348e-03
7.135030271542596239e-03
3.282871055282653161e-02
7.173366052157656263e-03
5.958630792240303398e-02
4.559873553520833039e-02
2.241542701268411583e-02
1.635330323640316053e-02
3.577338270223445749e-02
1.605096675623936264e-02
4.682555781268168266e-02
6.303036614011209640e-03
1.138262246315091195e-02
1.611097548476651473e-02
6.162791019444264703e-03
4.098933580411159849e-02
4.318945946826354548e-02
1.383620016928941744e-02
6.297763890006673020e-03
1.300703488039637278e-02
1.492295023632189861e-02
8.369982006727628640e-03
4.872504434078529095e-02
8.159870253268117907e-03
6.133642240988565822e-03
4.464715518378471748e-02
2.029618032656094195e-02
6.120345241552926224e-03
4.895012237925027571e-02
2.073363345559045903e-02
3.138504096462008119e-02
7.409859432337254949e-03
8.625089648834240522e-03
4.658565052676177931e-02
1.133890087580809169e-02
5.292235969330696954e-02
6.870146712180553832e-03
1.216344227693459332e-02
2.403997040715014771e-02
6.129486164158125944e-02
2.112783858124949246e-02
7.326537302756004448e-03
1.161480902816532448e-02
4.205965085199108583e-02
7.891983210760011858e-03
1.032576522082932942e-02
1.189291146694575370e-02
4.134856536854538550e-02
7.846819327617712142e-03
6.059799323645391998e-03
6.091481381319892481e-03
4.451291031920234786e-02
6.131560757599292637e-03
8.786984293454903894e-03
5.410844569348950001e-02
2.758978919210933536e-02
8.754571491383542417e-03
1.415952115865816950e-02
5.507395594627479546e-02
5.463359857382019125e-02
5.989883567879963899e-02
5.602542042757462093e-02
4.048906649687520481e-02
1.207071921516314657e-02
5.484627717257043594e-02
7.283401265926919485e-03
3.147760968568944634e-02
1.498651088775092809e-02
1.338564288431424998e-02
2.958733419948911259e-02
7.392694895236476965e-03
8.040460116199122514e-03
3.792266952509912303e-02
3.797470522897603007e-02
9.913833182147375675e-03
7.857783520006581326e-03
8.491961104620549330e-03
6.148369093814476036e-03
4.647778401269467979e-02
1.146767243358050477e-02
5.928909639914244425e-03
3.291127669994329402e-02
5.488577480623134386e-02
7.778479333035074814e-03
3.444500790539398866e-02
3.866747737280643027e-02
1.810878756717680671e-02
7.653847109542416885e-03
6.468677093273821760e-03
6.279277309802244397e-03
4.922320897991593752e-02
5.450027755635712678e-02
1.174692457499534014e-02
1.000000000000000000e+00
6.236475362288783179e-03
6.255921536711570377e-03
5.031464490337258372e-02
8.269201311813139874e-03
1.944315117450011107e-02
6.593023807371934872e-03
6.619249385031313916e-03
5.164623668334511475e-02
3.008663539552875604e-02
8.088903208142315601e-03
1.588971901345318655e-02
6.304258613861063454e-02
1.449593524297944358e-02
4.382811838384462894e-02
6.639091861891119328e-02
9.898932096345456830e-03
1.335192322290271183e-02
6.654823636012632826e-02
4.835495468760607485e-02
3.014862901517754989e-02
2.785410260900702747e-02
1.132481941916649651e-02
2.051442909619561120e-02
5.441808225575179431e-02
3.970084445985758853e-02
9.074025459418409018e-03
3.170153596562119702e-02
1.914004728526745580e-02
6.113048132935170603e-02
6.256593622617523387e-02
2.138978317791938311e-02
2.166454225488059424e-02
5.848531222455860545e-02
6.283153908706213230e-03
5.670770336802453265e-02
5.339201016518833887e-02
5.008222026260987503e-02
1.252626378610847448e-02
5.253379123950319141e-02
1.347475851739653695e-02
1.468514070171037314e-02
1.396509705095812064e-02
4.076339763669228206e-02
6.514118506901873940e-03
3.007594200653968680e-02
1.985474060298471344e-02
3.157165239664998235e-02
9.701643656877693978e-03
3.063784652176467990e-02
3.439995531926925282e-02
1.057036714519611099e-02
4.636243122357226049e-02
6.399726707884696719e-03
2.029938113915190009e-02
1.176961283779793914e-02
3.091737016973991961e-02
1.499965396559636149e-02
6.658897926563597108e-03
5.274102722475612626e-02
1.043886141644754378e-02
4.514683037217348538e-02
8.327794284733033500e-03
2.043778822958749672e-02
1.565557000370395441e-02
1.907757572343053362e-02
2.867951537434661538e-02
1.071526375190060172e-02
3.187817716499924403e-02
7.262034689178951431e-03
2.173941140514965703e-02
6.931431520514659203e-03
4.711218370253010546e-02
3.561240369169636766e-02
7.739023784966475757e-03
2.548906335030743514e-02
6.372464875900713498e-03
2.332214949096243425e-02
6.159703916390681100e-02
6.578289619224769735e-03
2.660817994306170775e-02
2.544476432236190966e-02
6.206529152061899222e-03
2.358722837121284346e-02
1.532323450636850944e-02
8.309387505641653224e-03
7.024868905165631769e-03
6.974408104577923227e-03
1.736073285736272273e-02
1.486870794815073858e-02
2.303708952663082593e-02
1.344342448135499128e-02
1.371449263107206093e-02
4.101880843901152540e-02
2.871384350276342742e-02
1.288500667623838219e-02
6.240441755283154118e-02
4.361483885477016736e-02
4.462057561109449011e-02
5.464230179298379397e-02
3.100556749296294601e-02
4.877626605649733327e-02
3.035989438555977346e-02
2.016687764729283364e-02
6.473653621262395914e-03
9.980034574769786060e-03
2.262634830599721814e-02
1.553072721478761763e-02
2.687058902311992986e-02
1.496804976416170156e-02
1.381784655365333320e-02
2.926167908533950160e-02
1.273635645169200400e-02
6.368586597729829213e-02
7.643784925714726917e-03
2.555832888374204651e-02
2.163474295924668056e-02
1.212662948975868141e-02
4.926983029720821000e-02
1.499956858245497099e-02
3.703128595614697122e-02
6.732051031160606047e-02
7.631412181478717215e-03
5.548556613550750111e-02
4.225719902090786795e-02
2.524357064659366393e-02
6.115264204857615710e-03
1.229584547971600793e-02
6.914712987406485510e-03
9.178014063102271636e-03
1.265420923861155199e-02
1.645853245334805148e-02
4.628169390556682861e-02
8.940212484134766463e-03
1.524186733044536647e-02
8.632968770443501944e-03
1.006676753126114349e-02
7.651259620214112371e-03
2.453856866582238699e-02
7.577126818901722474e-03
5.979380579183987514e-03
9.688051211702214394e-03
2.070451534861059845e-02
3.490681147636006537e-02
3.594047016538800404e-02
7.234133894476917244e-03
3.582230079501292491e-02
9.297256838848485735e-03
1.360039334750501143e-02
1.128968875512661486e-02
2.340968348695526488e-02
9.454053076592736082e-03
6.367376944093023489e-03
1.438900849711534369e-02
6.184579434182004010e-02
1.247925153031395618e-02
4.814551159220004789e-02
1.915915579918059733e-02
3.398630425772521807e-02
5.485957025557724326e-02
9.719367524858921539e-03
6.614445894701886930e-02
5.109845959254456088e-02
3.950704575761072174e-02
1.249241685420688155e-02
9.114457837961860778e-03
6.362664548649768492e-02
7.320832886251787443e-03
1.174838306907621290e-02
1.345608558190476527e-02
3.246568468609985908e-02
1.951385142444390583e-02
3.281724011206364061e-02
3.667087146709960971e-02
1.053115284678880943e-02
2.605262110245578147e-02
8.261774212046095467e-03
4.776038069172543893e-02
1.406206851680180149e-02
4.944780585849294086e-02
1.434023040614413810e-02
1.203601915013368176e-02
2.929354662363713169e-02
2.938328785325341336e-02
2.306426557808123265e-02
4.657182656514288061e-02
4.417846720606839056e-02
1.028138984024733714e-02
7.922779151281212837e-03
2.831948194928748594e-02
3.385677794688488063e-02
4.268979257852242165e-02
1.051331370027676348e-02
1.795962510249625790e-02
4.994112762833250591e-02
3.241942842733383512e-02
5.367498166742067089e-02
6.690482428545163097e-03
6.670825806975942684e-03
1.016130198857898709e-02
3.906939405685398714e-02
7.343676887593999537e-03
2.420138478801927076e-02
5.683400762669016393e-02
5.253840826169047656e-02
5.531269871483089628e-02
9.336041118837259262e-03
7.836610079890754532e-03
1.690628445843558869e-02
9.823833440597314406e-03
5.375501345168939155e-02
2.848432490586571414e-02
3.053207199069657429e-02
3.341442684433546667e-02
1.167722759021830488e-02
5.708419978136453771e-02
5.331285132421230422e-02
1.235507911019773433e-02
4.873848135954513688e-02
2.091381018391350391e-02
1.186112334376355701e-02
1.030761070692945598e-02
6.482031027148923985e-02
1.221633888496280983e-02
1.492310704845241885e-02
5.134295000818755311e-02
3.217378634647242303e-02
5.612858114937633452e-02
6.747245163864797057e-02
4.211315628975206143e-02
5.100764147047583824e-02
5.826222718838584835e-02
8.214703052152961052e-03
1.303856243551046457e-02
1.559884141481290669e-02
7.979987607954453291e-03
1.476322008519438678e-02
4.480245514083678465e-02
6.686266579014214784e-03
1.743875623837879904e-02
6.349666380934614052e-03
1.614616334689024726e-02
1.475586109902894336e-02
1.716355645703043081e-02
2.651236544907373607e-02
1.041494729058270105e-02
3.631631807796092265e-02
5.392224729481129991e-02
5.459933174560498842e-02
1.122675902099993898e-02
3.198170096115438010e-02
3.168743684201143218e-02
9.329704249014201048e-03
4.860177640119016373e-02
1.251229793346862393e-02
5.976257158762373484e-03
5.862533649676340136e-03
9.920399932708365287e-03
3.647312496901302520e-02
2.444479100487270337e-02
6.424720829239408994e-03
3.507876185960171617e-02
7.693788094753101214e-03
3.493951382778028719e-02
1.125960770378229073e-02
2.481085645557537869e-02
5.835716110040845700e-02
4.657800215919007114e-02
6.881543485287766083e-03
1.157955788228796044e-02
1.156305513464008818e-02
8.108412907775187223e-03
5.379286295908269899e-02
5.550391239765941481e-02
7.401521065626573068e-03
6.634543601406250012e-03
6.078587865362240078e-03
5.762362146936463037e-02
2.395997317319238651e-02
4.231596707810787034e-02
2.759164341921361771e-02
6.883707334954163558e-03
2.657351356533513287e-02
2.531592860362686520e-02
4.843372804620969807e-02
1.501660605666842348e-02
6.302058318143967906e-03
3.325894674619516572e-02
4.485406768704684743e-02
1.347913088751163425e-02
7.718986617959281565e-03
6.319370260514835247e-02
1.124150431544920087e-02
4.268142956535029425e-02
6.377675067797148288e-03
1.578875977236107730e-02
3.453966245571269550e-02
1.000000000000000000e+00
2.376085280378706366e-02
1.503888087511076957e-02
4.395647214021301818e-02
2.878999876252377396e-02
1.222402605941510893e-02
5.241411160318879686e-02
5.846604443186268103e-03
1.477484508315676445e-02
1.178336921850042102e-02
8.528127135018324576e-03
2.494887084092892171e-02
1.166847943682230299e-02
8.167236716968949081e-03
6.364551047789487187e-03
3.172804802831853677e-02
4.906703130057664397e-02
6.930422475653953175e-03
1.438259516669472549e-02
1.533681923105877261e-02
9.954239362076702097e-03
1.345915213719433602e-02
8.824499680118556497e-03
4.123782810770450225e-02
2.597517508715872780e-02
1.023665790625049796e-02
3.800880105052195645e-02
8.145705682727408942e-03
3.700773375588852637e-02
1.159847738425871973e-02
1.017519439713589040e-02
7.929840012404355820e-03
3.232182694009589491e-02
3.900847920894935650e-02
1.141142873836922117e-02
2.350568936399544812e-02
6.241318306920939918e-02
4.001364351615725040e-02
8.275073543305377227e-03
3.688838641383650890e-02
5.430559287296260473e-02
1.480523348316125504e-02
9.411998385299409978e-03
2.644587483897869323e-02
3.251641136516289499e-02
1.487832435775679300e-02
8.327821271320328192e-03
1.900375189715811791e-02
1.113429622391088475e-02
1.076995066316541877e-02
9.854398684404351225e-03
4.046689945820773626e-02
1.385103958057768390e-02
3.759099989555382548e-02
8.713758709395075935e-03
1.356520929540686038e-02
1.565902713332351440e-02
6.427444617504878867e-03
6.703769863865173019e-03
3.551081684629471547e-02
8.691064867290142562e-03
2.513691037924677477e-02
4.596920518907863379e-02
1.975543875409477290e-02
8.946865056493887719e-03
3.151110916775719251e-02
1.926023266208635315e-02
3.578104566490875049e-02
7.849169173893368046e-03
1.001302920353606789e-02
1.378754161802252416e-02
5.296821183905197489e-02
6.931974940433014917e-03
6.686029829966654014e-02
6.125515339067747617e-03
5.369493939887959311e-02
6.418244048597093396e-03
2.429171801991052149e-02
5.775060519108364543e-02
5.920869776443454802e-02
8.122358489087646780e-03
1.046190404576444188e-02
9.229915136231975348e-03
3.461090837554248179e-02
1.297233222786162328e-02
5.435861978754608775e-02
7.901343443620893400e-03
8.507544204648843575e-03
4.699995699348796102e-02
1.378939145752063923e-02
7.460434116696175455e-03
2.723801189782774912e-02
5.148757301039446482e-02
9.227681163589112473e-03
6.467807671037317796e-02
6.058146466600911051e-02
1.266251882114848883e-02
1.265543257743701258e-02
4.237839477738360866e-02
3.975542298865994417e-02
2.138653661325852842e-02
8.792814450198615725e-03
2.431400702097965758e-02
4.633950734999607579e-02
5.929303361472262890e-02
3.166730497212287554e-02
3.678693493060038178e-02
4.762454660940500240e-02
5.019611580906264275e-02
1.518980807408496468e-02
1.642135752834457743e-02
1.237862283197128065e-02
9.340488009366548425e-03
6.978170121532901483e-03
4.674694667758075295e-02
8.005485062523494746e-03
1.742866896629648166e-02
1.525700167706440201e-02
1.450322142277020443e-02
4.803846316923490040e-02
6.774762325946500838e-03
1.150535519658283864e-02
5.389587854792121657e-02
6.605435341787900712e-03
6.074732068740279316e-03
4.543093714683669321e-02
4.220628717067649582e-02
1.427209244050633985e-02
7.969791571837685218e-03
4.789792087294749562e-02
4.535428203632995564e-02
9.785091832508358359e-03
6.055400390608784572e-02
2.494243263744082978e-02
1.194091962360527455e-02
1.849712619274485742e-02
1.399811679075242329e-02
1.120578467612502911e-02
1.557833192529292296e-02
2.945669466325959510e-02
4.450468512108749636e-02
9.306122656227266976e-03
8.262029921234873703e-03
3.263946552729064116e-02
6.197765679620905604e-03
5.867749254379862889e-03
5.573326774550863005e-02
3.277270427626791799e-02
3.300066960973024183e-02
3.647611510153918324e-02
1.383798235241052305e-02
1.605098852368257167e-02
4.160518151569154999e-02
3.554058858031317741e-02
5.097087281504215223e-02
1.003019877049981731e-02
9.848950786514173647e-03
1.251788548237695725e-02
5.366374049689985604e-02
1.101948070014432263e-02
6.171639423985066097e-02
4.233311902778929409e-02
7.256301686026248553e-03
8.791081710611868896e-03
2.544870678619002083e-02
7.878190449138667423e-03
1.969296016676616579e-02
3.492249993162858251e-02
9.768736694473170029e-03
1.392845603762246816e-02
2.871222035284052079e-02
2.572405199138975279e-02
6.341494018864387086e-03
2.080428559183955528e-02
6.167075899753564350e-02
8.966513930550843586e-03
1.398757481998092432e-02
3.059113415936593611e-02
4.252009617453934159e-02
6.233270053389286525e-02
1.215337879516384736e-02
1.610112209646212891e-02
3.821372326922944235e-02
7.423485476821519401e-03
3.835733763133143681e-02
4.305579925905726746e-02
3.525540547929456592e-02
1.283895714489063401e-02
4.644983374029173356e-02
7.581918743518513241e-03
1.121554461596987323e-02
4.010315563403348688e-02
2.333435358496950898e-02
1.479869535568355612e-02
4.632057778044414847e-02
1.105020796871905228e-02
1.724181770151110571e-02
4.575195686821660612e-02
3.280910805342060477e-02
1.250246302952787505e-02
6.806086512136320585e-03
2.169219806085650668e-02
2.744764219107056341e-02
1.541323436302290475e-02
2.970824262599460960e-02
2.380558107010994490e-02
1.200144264597028873e-02
8.011839303761153150e-03
4.015128040704715046e-02
9.484867054239108988e-03
5.283665863933388607e-02
3.716527598330306853e-02
1.099851278158765766e-02
2.242017813789713709e-02
1.656386511327022013e-02
1.533157924478005009e-02
1.204404877060735908e-02
5.481594521324790331e-02
1.101027884383718770e-02
1.094876728695892698e-02
1.349826762331597131e-02
1.853240168787882031e-02
9.775369932121929020e-03
3.026336715553890749e-02
3.097101114029890759e-02
6.305835741035285824e-02
6.705191912367325022e-03
1.087690099520412408e-02
7.427333936858104488e-03
2.778090284619682410e-02
1.881095730531067226e-02
6.718134863943455576e-03
2.365288615213530579e-02
5.169790885688103216e-02
9.860779720437513537e-03
6.224418580661874277e-03
1.331740149207302423e-02
6.138815058101230321e-02
3.447385020503294234e-02
1.543016983111118387e-02
1.362590642661947425e-02
8.718442321623796898e-03
1.778616171097680693e-02
5.159048470705755729e-02
2.384705866711172434e-02
3.718300704457180167e-02
4.259062147170491336e-02
2.698491183904612109e-02
6.378600591058653305e-03
7.606733551189509904e-03
1.374239326347181933e-02
2.019561524416587164e-02
1.049115176290735425e-02
1.078340957798198940e-02
1.337230220431619675e-02
5.544222921312121077e-02
3.391188436088984903e-02
1.008349931121332865e-02
1.409574037539300731e-02
3.423730714257961633e-02
1.259373791852827149e-02
1.060803481783704691e-02
9.933286020361802027e-03
4.642475676515141203e-02
1.226687823763518946e-02
5.576561439960612404e-02
1.185330999027280931e-02
1.589383559267986551e-02
4.762029190412633839e-02
5.223379206258427221e-02
6.682880681556877325e-03
3.423716113233364611e-02
1.730182805921183162e-02
1.390509167653761202e-02
1.353567742961874973e-02
1.286143665486898409e-02
1.082552318641133784e-02
9.727950306433799307e-03
2.059151106644779503e-02
1.166827042856636264e-02
8.037437574974727258e-03
6.305628671527264105e-03
1.868272987830251614e-02
6.438894874776496594e-03
1.322557647113390897e-02
3.015705451073888779e-02
4.944467169586345967e-02
1.087911143227363910e-02
1.314802259821239334e-02
6.386599502663120077e-03
8.042928189360717614e-03
4.304311007741953854e-02
3.249507457809734656e-02
7.310727020775387858e-03
1.877521974117255660e-02
2.355889957494005510e-02
1.189648744568797684e-02
9.348576615098073972e-03
6.819754688097517253e-03
1.143294882679848738e-02
5.435110229792790987e-02
8.248059848785769393e-03
6.513017930058223430e-03
1.314744165022733655e-02
1.675855997939396450e-02
6.448500371171413115e-02
1.506764739336921219e-02
3.999947232684656490e-02
1.956552636718760993e-02
5.434935684260945588e-02
6.348354467916282606e-02
1.320067465498652066e-02
1.023868310104597383e-02
1.417384705849418849e-02
3.150255651842273630e-02
1.438746453506090615e-02
5.286086818075916988e-02
6.013271692731512498e-03
5.703840934958597647e-02
6.085426598420148186e-02
4.062959812882041555e-02
6.872484068227434351e-02
3.229226059271827348e-02
1.061998083430882103e-02
1.354564894728257224e-02
2.833889442975682030e-02
4.331225248137182682e-02
7.621828575316484319e-03
7.134092481300211355e-03
4.499126799719339181e-02
1.086124034865019669e-02
3.803147112463825530e-02
1.610929287467131529e-02
1.064847110783962748e-02
9.610099081760003700e-03
1.928036348030591138e-02
1.111886143370529635e-02
6.164154687345489367e-03
6.190638644943050398e-03
6.541789396056170609e-03
5.741060023017639097e-02
3.134545226074134799e-02
3.262602544434143464e-02
1.352844625267512514e-02
3.443105284498789581e-02
4.399825000184576229e-02
1.255067578892854301e-02
8.201306071785496171e-03
3.138601881964765694e-02
7.604980623612580745e-03
1.580897304038344012e-02
1.203663156836656638e-02
9.622554397737905288e-03
7.950997221129777262e-03
5.671825896993280824e-02
2.279499458983300780e-02
2.513887228405093169e-02
6.356915529144130730e-03
7.747411813326290919e-03
1.226981784501139996e-02
2.802692964315931998e-02
2.702180984090731333e-02
1.017410719844905401e-02
1.538053815592688861e-02
1.201188265760259541e-02
2.134813618526684373e-02
9.607873546631361117e-03
6.527264006597719402e-03
2.384065852298853164e-02
6.733644959242928579e-03
3.090672699333968376e-02
2.553656352095025339e-02
9.039107979484243063e-03
6.396316727616742012e-03
6.754067889298712678e-03
1.418060978711529682e-02
5.378047115662433486e-02
3.073632748928241051e-02
3.882726543667831126e-02
6.967695197826084819e-03
7.781969698588711744e-03
3.993446097369313802e-02
5.473157818451193646e-02
1.483267708089317481e-02
1.079291399805871153e-02
1.087353551698828219e-02
6.204598347600614495e-03
4.078844505290788597e-02
1.589360761659867199e-02
5.170158163518895345e-02
1.134026402639658898e-02
9.667825359829977996e-03
6.466994158663781980e-03
2.314482420632668624e-02
1.150369288138366856e-02
3.453256977338323153e-02
1.056652373455695647e-02
1.305051632093907552e-02
6.003391671292007507e-03
6.616159283462332008e-02
4.763788421777263166e-02
1.993376854959140812e-02
9.234703776202259073e-03
1.583342433427883597e-02
1.462175655944413302e-02
9.131801547725797163e-03
1.325221916123499148e-02
5.726162262837926342e-02
3.594646271702764406e-02
4.270238209572915083e-02
1.469661037570673193e-02
6.465004497999730752e-03
1.163852062271189709e-02
9.635712794456069777e-03
1.383612108845157576e-02
5.350615236168491939e-02
6.389165674691325847e-03
7.555590857059819865e-03
4.748647606077421868e-02
7.879447404098963853e-03
6.021504748544741388e-03
3.251240067034326386e-02
2.329700508177783361e-02
9.001518654623907184e-03
5.118614606571364467e-02
1.872584410248533462e-02
6.058514640239266204e-03
1.031436589311875672e-02
6.763504388517721511e-03
6.393485730220448138e-02
1.591711526543665434e-02
3.863503862779007342e-02
1.188174409949317376e-02
1.248679772909345835e-02
1.240402549279744082e-02
6.072162347385420648e-03
1.512161448878157968e-02
4.251150431581268013e-02
1.139965932650266814e-02
1.205263569633000485e-02
1.516051060371532803e-02
1.232569776273691707e-02
6.329148381132604362e-02
6.265791836456067326e-03
3.900261502290154614e-02
1.943515643179468538e-02
1.544099923590484293e-02
1.142392534032358326e-02
4.057499985135833154e-02
1.289032770335815821e-02
4.146934864127811010e-02
1.187485151050232321e-02
4.440065308623807050e-02
8.476716876100872863e-03
5.104554898604130031e-02
4.491005007625922807e-02
6.530787972688887472e-03
7.508968348741177842e-03
4.846585670427817211e-02
6.795529503747854000e-03
1.503221766681434729e-02
7.168743407581299430e-03
6.009323376037611214e-03
1.080199868994565111e-02
4.729682109789492411e-02
6.640112035034588522e-02
1.245699460702089437e-02
1.046050108072705750e-02
6.766776604409548840e-03
6.231763000860296615e-03
1.052885048915459809e-02
3.533466166724693464e-02
4.763536890557552861e-02
1.000249947669739833e-02
7.955166474593589748e-03
9.657919859474293003e-03
1.432139774840698182e-02
6.708875633074920172e-03
6.814416040062318269e-02
1.039501208310114611e-02
4.242038132972663494e-02
1.045833689865873981e-02
1.326791252840102582e-02
1.047462135066043812e-02
7.444333986889543203e-03
1.565812306630027378e-02
6.082592182755805661e-03
1.716281570303963139e-02
2.654625540680461901e-02
1.231033947853077230e-02
3.958390621435148304e-02
2.172919678719111361e-02
8.952511429194537351e-03
4.407931276224425626e-02
4.467476679085710667e-02
9.633922215162581820e-03
1.004105330002568429e-02
1.307490113871669600e-02
4.689404491691481769e-02
1.377748280102717056e-02
1.468775427290133773e-02
1.954008944235210640e-02
1.416609638160705627e-02
6.063684802915177835e-02
9.035749474606610127e-03
9.502818953488112799e-03
2.484871851896348557e-02
1.205010796243352958e-02
5.600964490760998449e-02
4.041316705106854507e-02
4.369994133870887948e-02
6.304575031710055351e-03
8.652725668124840175e-03
1.137936668526012135e-02
2.330157127058916228e-02
6.795420017711211770e-03
5.043416237648946227e-02
5.507931885349680312e-02
1.054985566497402584e-02
2.317597620505879724e-02
2.690687667678200862e-02
2.009726264115950164e-02
1.031883736142110049e-02
1.773530781260152997e-02
1.183395468900286934e-02
5.012865590492381757e-02
8.574824444125651174e-03
7.374611146061949528e-03
9.491327296930276297e-03
6.345709742038904005e-03
5.325423491662679976e-02
6.988813608355660956e-03
1.140912214417709111e-02
2.269209198443329634e-02
5.954250018436026137e-02
2.376233843414000610e-02
5.347791641957674175e-02
2.356527936285978883e-02
4.567234724430068588e-02
6.711086204057030435e-02
3.875196712451922654e-02
2.137621198257411842e-02
4.586703454415359121e-02
1.368487177355058419e-02
6.586941902898783320e-03
9.037973097092418667e-03
4.950170153501352865e-02
2.670129029691125852e-02
9.943641592627327011e-03
6.460839799262023397e-02
5.891569853664623685e-02
3.919804236242348944e-02
8.766878702531188255e-03
1.366229461928699686e-02
3.362015801117512748e-02
6.698259000511618336e-03
1.449419961792967199e-02
2.402917522490074717e-02
1.142077700480859104e-02
9.193305215794292731e-03
7.897446131483628479e-03
2.737596177467765957e-02
4.266046257794462587e-02
2.378224676033773369e-02
3.219772146026347870e-02
4.355526515759451656e-02
1.344373715308071725e-02
3.836376274098075856e-02
2.433877669001074245e-02
1.236723010505258284e-02
1.286220604708267039e-02
1.301168294148310513e-02
2.716338016375702269e-02
1.274100756278525280e-02
4.373883801132850274e-02
1.042904151061337797e-02
6.567248749623991709e-03
1.078187950171638834e-02
5.809975114521329087e-02
3.844392607859062339e-02
2.842610261559004939e-02
4.646604807203520010e-02
2.301780325351985429e-02
4.661382093261826065e-02
5.254597713868033870e-02
4.422023952776026751e-02
6.919506922008504882e-03
6.465210697143479110e-03
1.479753406607116351e-02
6.631890156811333370e-02
8.023007919198455601e-03
1.243502355294556078e-02
3.101288842151173064e-02
1.628795767397007987e-02
6.194461665463472586e-03
8.807808798518028046e-03
1.234290875064840073e-02
3.315442059863808050e-02
1.342405566353991296e-02
4.176447979866369786e-02
6.967879818359585566e-03
6.237953832371639570e-03
8.698651730746369617e-03
5.719812130374343773e-02
8.604474049201553398e-03
1.005137156260643184e-02
4.443578124893616393e-02
4.666294230852975622e-02
1.136355867836724536e-02
6.445445548282404888e-03
7.187874287134600297e-03
6.919997400485367739e-03
1.463128035044160107e-02
1.347939809661183146e-02
2.699370625234199378e-02
1.063646388425686443e-02
5.238181609922352988e-02
3.296055382031531228e-02
2.701065941446942689e-02
5.320967746606687643e-02
4.067169536998138657e-02
3.278916039550720807e-02
9.400269778511348429e-03
1.288992190301773387e-02
4.928670819851153906e-02
3.786853913502080671e-02
6.194205268007339782e-02
4.587137492664850741e-02
2.789697939210390720e-02
7.615797512512388102e-03
1.189449371865004650e-02
1.103263271072828580e-02
5.006595588691323262e-02
4.630690045356809087e-02
4.571327451336673620e-02
5.295719654832908158e-02
1.210464432059300648e-02
1.452196361303174921e-02
2.039342665766035942e-02
3.519670953266349628e-02
3.571662166664709565e-02
6.773555685231383468e-03
4.666258789593816236e-02
6.130718102324629604e-02
1.896085684047967360e-02
2.050073845919378468e-02
9.561576800599854223e-03
9.184521228020858449e-03
5.022421466498917797e-02
7.177459490299219376e-03
2.613001244382659460e-02
1.196727669284760806e-02
1.292513435365150523e-02
5.691241179262352540e-02
1.243686901023790571e-02
3.445798520107012930e-02
8.420040236922183424e-03
6.844349092182521604e-03
7.027562520337007207e-03
5.281069033418232112e-02
1.071103495895452118e-02
6.166403453075913581e-03
1.015844234355406557e-02
6.157814055712004624e-03
7.732217472841852041e-03
4.372529177036712372e-02
1.073347010456617533e-02
7.709089833981618706e-03
1.232440029035092310e-02
7.934514828093885280e-03
1.134659487961262210e-02
1.717975050615294999e-02
4.777090581886900972e-02
1.079037143380904597e-02
3.811506792554014006e-02
3.454378321964251403e-02
3.965978460330160660e-02
6.558872408418564039e-03
2.865223270924130428e-02
3.539524809285025247e-02
4.573807254404971961e-02
1.466019344652184225e-02
9.866134591394381745e-03
2.937985723144340144e-02
6.612540579330724103e-03
6.731288444829721870e-03
4.003986653130835877e-02
7.231396686812057925e-03
6.265507964575715329e-03
1.838203801961423717e-02
4.836503149604712282e-02
6.153122901477858786e-02
2.678662492036128218e-02
4.465671402936403217e-02
2.368188057486605644e-02
1.294575761857403098e-02
2.436017935428741801e-02
2.297240945339042856e-02
2.992353912895019674e-02
1.315165175599742470e-02
8.415162599805786972e-03
1.422917570513844605e-02
9.779061940144771412e-03
2.031282151411525211e-02
1.247366684648723405e-02
2.256078381404529737e-02
2.436355959058702017e-02
2.446392816858148495e-02
2.476080607324456992e-02
6.144302717783355766e-02
6.612784634580505354e-03
3.841311346362142470e-02
1.416201451212468695e-02
6.345213095067672206e-03
8.034362666784472876e-03
1.475578797263688013e-02
9.501112437818490589e-03
4.122741765058656610e-02
4.801233781564318709e-02
6.434093949062975881e-03
2.772129821939373073e-02
1.445396745142207666e-02
5.970124303708155417e-02
5.118207933726719866e-02
1.621373005587858560e-02
6.482120028453254579e-02
1.405815095838582919e-02
1.090745276919262083e-02
1.306976688667186096e-02
1.312744921640288109e-02
3.885701706083713458e-02
3.877366042874353519e-02
1.738085687847754773e-02
3.167128787922735000e-02
9.881486858009781368e-03
8.131735620638201600e-03
3.721086862202718781e-02
6.768688538368497487e-03
6.607534366493072846e-03
5.485546502052539991e-02
1.200621492441164215e-02
1.061179621450228892e-02
1.538102719666686533e-02
2.659277114966386579e-02
7.521763710075971866e-03
1.103095090511332053e-02
3.544547523435217368e-02
3.641780618292470711e-02
5.752879688833177629e-02
6.119641327745217046e-02
3.980438101609048984e-02
7.162273350003255795e-03
6.688713305167423226e-03
1.456193830455020967e-02
4.536527068896811093e-02
2.482764121052852616e-02
4.037078467556126649e-02
4.186840480463546732e-02
2.371552893895313360e-02
6.575146771635542731e-02
8.660166354385155293e-03
2.748085084657409319e-02
2.127487574815640353e-02
7.157162980087098184e-03
2.581623341177901806e-02
1.190785433005670142e-02
1.483537333889745936e-02
1.921997984960753525e-02
2.403123650359291485e-02
3.577628842077171939e-02
3.381562945135757614e-02
5.100071485392297654e-02
1.324488063987933409e-02
2.970586836281020882e-02
3.867868402335097183e-02
3.416813462682853630e-02
1.301542259666107863e-02
1.234729077344984792e-02
3.626158541839352017e-02
6.778529094443203062e-02
1.117959099359773327e-02
1.244908671092581978e-02
1.487671713120264187e-02
5.258255820113404144e-02
8.200073628260383385e-03
9.327724571374179652e-03
4.725322145895013287e-02
1.485427799866784193e-02
8.338294586480015161e-03
1.386020106599603757e-02
6.788072373346801421e-03
7.758755029358905923e-03
5.080390252896956060e-02
1.391652438012093949e-02
2.374249429507088727e-02
5.093554055617392079e-02
3.244129895291839039e-02
6.559459711042779466e-03
1.510839976818293545e-02
6.112974194534766953e-03
6.139320250494615695e-03
6.978703938496396211e-03
6.083641181306210372e-03
1.798367255252725921e-02
6.660983876742751844e-03
1.425933134628919706e-02
1.465586405728572933e-02
1.074733472922364749e-02
1.364619278717136078e-02
9.474960341639209263e-03
7.112931813211212199e-03
4.247918628631965066e-02
1.145415255846962167e-02
1.492986750717506875e-02
6.327476804726868756e-03
5.247529075113153973e-02
1.291768723766558921e-02
4.676945217316703929e-02
7.139782255520663555e-03
6.747648255870658529e-02
1.306399228270429744e-02
3.595401605518216276e-02
6.019768349755462433e-03
7.851952311965207723e-03
6.673305906510566300e-03
1.353579624545284479e-02
4.970753381982342262e-02
1.646721642709452968e-02
1.642539620411438347e-02
7.208733833469387411e-03
6.159963118810043471e-03
1.045286966991184306e-02
1.588892856915561855e-02
1.333307580071803333e-02
6.529699064060790446e-03
1.279347844998888865e-02
1.051815520994337991e-02
6.437222929386413571e-03
3.549858775960278851e-02
2.595852511509387506e-02
7.616445393834427209e-03
5.838503220550032846e-02
3.139248094053794652e-02
5.834686622847268939e-02
1.546955427059162717e-02
5.631526467384261048e-02
6.657212765333690718e-02
1.278884861688883538e-02
3.533895475519788221e-02
1.438119633700975751e-02
6.367278751865163532e-03
4.292095137489244233e-02
8.341935505399333470e-03
5.627715372538048821e-02
5.747377981288007143e-02
3.654702582236089847e-02
7.520888621391157158e-03
2.187015465854840260e-02
1.210731010498013356e-02
4.695274131455376421e-02
2.398976673837090179e-02
3.417760710562820631e-02
5.159567979406127353e-02
4.962194881876069719e-02
5.763937387159893955e-02
6.701205757892756375e-03
3.471275133214056507e-02
3.237124332386531050e-02
1.364886415007965544e-02
1.767284043766059048e-02
2.560652027109248594e-02
5.863878410740432784e-02
8.830655353503497063e-03
6.881322777340158001e-03
7.673608461634733209e-03
4.493508180732413981e-02
2.244089943885548000e-02
9.003757084309746070e-03
5.348303886530113294e-02
8.408788901201447175e-03
7.101489805940761069e-03
1.459344804859742488e-02
3.102475951216129152e-02
4.751589799110607359e-02
1.290474598720969812e-02
6.554902641626369694e-03
1.000000000000000000e+00
1.561215659443836168e-02
1.054245386364538808e-02
6.130933216988240092e-02
6.006483458707861933e-02
9.090065567723402615e-03
6.528049431182419982e-02
8.965372853264340358e-03
6.398204098651781579e-02
6.229180438077189068e-03
9.951958383195680380e-03
5.046941248520577655e-02
1.060825555917014468e-02
1.310714425810769954e-02
1.103816445206639262e-02
8.863652825907382057e-03
3.936620857296984494e-02
1.409875699942254000e-02
5.887558781893896531e-02
3.486990007404124764e-02
6.549499471227552931e-03
3.816031856995769772e-02
4.474278090973450583e-02
3.786367021948595923e-02
5.961233840067178824e-03
1.158523138469929464e-02
5.586187867991734141e-02
5.871358683198651257e-02
2.797514459499830797e-02
4.569381820485057810e-02
1.230781872103424955e-02
6.183464395074342659e-03
5.746485436473063729e-02
2.705169801013793118e-02
2.293577884964125013e-02
3.894751479306273606e-02
7.126775216744136651e-03
1.288388710834931228e-02
3.056391986274996017e-02
8.587399299856728757e-03
8.406788806937392014e-03
3.300663001383667000e-02
2.356524263910340575e-02
4.330247414900841030e-02
2.479100072339988567e-02
6.104176478791562173e-03
2.114539746421967986e-02
1.362894119294098122e-02
1.846159640127368814e-02
1.558018307615236485e-02
1.530030243565543881e-02
1.333524903457833539e-02
1.092704674721960319e-02
6.954302557203881005e-03
8.143449562110540926e-03
5.078511066046229039e-02
5.663241941821822723e-02
1.434928794073930813e-02
1.141320388942467477e-02
4.086559403266432772e-02
2.152677015147319226e-02
5.846746685435232765e-03
2.020983172749846526e-02
9.964812377607525085e-03
7.045628598013563108e-03
2.038144741815799826e-02
6.127980543453534663e-03
5.704230865635105674e-02
1.018692813427217285e-02
1.333296749090631672e-02
2.782838714098436958e-02
8.537259694644853958e-03
1.462663832198972218e-02
6.699773280484823748e-03
3.380290820803495688e-02
4.573993737496962614e-02
1.580645528807165731e-02
2.186138596842016057e-02
1.537120559292034713e-02
8.447146363551009604e-03
5.659521317927875689e-02
2.649965431404920427e-02
2.022251587031196479e-02
2.803625380045659393e-02
3.452175365772869320e-02
9.282314058978004614e-03
4.425267682906263572e-02
4.299783534141975172e-02
3.824092434402311808e-02
3.964336596370172938e-02
7.228926164390671316e-03
1.468859678141624762e-02
9.058807055374885550e-03
1.061806432183252415e-02
1.430922609160947996e-02
7.856859197781384044e-03
6.523308155796073322e-03
3.917587794547536251e-02
7.580485873100503008e-03
5.122918935845838934e-02
5.292573330359635897e-02
2.406548672848201134e-02
2.028965912206880801e-02
5.243243179174113949e-02
8.560850715257950147e-03
4.642226883579227137e-02
9.260979317261304813e-03
6.079927896171151772e-03
1.250138345417924762e-02
8.988968110857311136e-03
4.132005102794912565e-02
9.320544210702420840e-03
1.202969112220178549e-02
1.784438431232411582e-02
6.627403206069171215e-02
3.489153963022049998e-02
6.507337954691118885e-03
1.285677240272003682e-02
9.671614451138859161e-03
1.305548944022373592e-02
2.685628832003156968e-02
1.116533560902707549e-02
1.363563660048498251e-02
4.067944365133904089e-02
6.397457756717921454e-03
2.011038447923203451e-02
2.208010772981582395e-02
2.733117512803674015e-02
2.292739162908517467e-02
3.958739936144951149e-02
4.011083918439360685e-02
4.522709595821694517e-02
1.140256671216963169e-02
1.186131561862680504e-02
3.771561661924659886e-02
6.145571911978777585e-02
4.463399355755604675e-02
1.106039356020151534e-02
6.747833989962827815e-03
9.655490660398145103e-03
8.640552608322518355e-03
1.000000000000000000e+00
7.025105001129262720e-03
3.829104389636869138e-02
2.121240489558033626e-02
3.580185550836495478e-02
5.936534672705095009e-03
1.481791468168936442e-02
1.471960410538792827e-02
3.599525550580896793e-02
6.296357643190525835e-03
1.472474823147971491e-02
4.245406541504496978e-02
1.837180950707751129e-02
3.793765760489080374e-02
1.207516082855762500e-02
1.881416056489830166e-02
6.151860156917358761e-03
1.591016515075508245e-02
4.593311132623080495e-02
6.347902496197971312e-02
1.159579931685901510e-02
1.261621334236807945e-02
7.215295091174397067e-03
1.697784776881676103e-02
7.307672779015298749e-03
1.081156500529517964e-02
1.669672705353221834e-02
9.322133338846926021e-03
7.708377091323880513e-03
1.147376561195754575e-02
2.629607296528844312e-02
4.531307747777772038e-02
6.647528165315052216e-03
2.139002547372891028e-02
5.920774859106504168e-02
5.135064362556281820e-02
1.432308149434315114e-02
4.254116555827039403e-02
1.113345998424475521e-02
4.824767279131587233e-02
2.417974185061161352e-02
8.368339183512228663e-03
2.865021883069358496e-02
2.090343947246191270e-02
3.944648404002699255e-02
1.022002486614469532e-02
3.231213056558508712e-02
6.466190317548235755e-02
7.868614806091543679e-03
4.424467747780237020e-02
1.429474694506411431e-02
1.109398596760447983e-02
2.673474174363985739e-02
7.104111240194422271e-03
5.698321613371858801e-02
3.994443843202787059e-02
7.265533884658156860e-03
2.910710336481934016e-02
4.047287524829389777e-02
1.121218645439542132e-02
3.981067083796439171e-02
1.021296733167376299e-02
1.244057120774060693e-02
1.248937571184693951e-02
5.325833873787468031e-02
1.027203447656355531e-02
1.294022226907940408e-02
2.494431368360073425e-02
1.000000000000000000e+00
5.977053064220277066e-03
3.892679413896150270e-02
1.388607051763335667e-02
6.208685723850802460e-03
1.191031200365669923e-02
7.226604609072195644e-03
3.668051637960952766e-02
1.239234876249686521e-02
2.037229212105068007e-02
8.526890683269864810e-03
2.281834533739410947e-02
1.324566654048621624e-02
7.007216117938516731e-03
5.715679006428473624e-02
6.098275224363669360e-03
3.975150593443325248e-02
1.459812267079937595e-02
1.382402984632106514e-02
1.307920279327081173e-02
1.170930005415773620e-02
4.484535179370905539e-02
1.271552979097914475e-02
2.269939814376397899e-02
5.801906645500884419e-02
5.404391371083792223e-02
4.454207744682494446e-02
1.346409912917754907e-02
7.019794606521293466e-03
2.950910423007643141e-02
1.426541059529710942e-02
6.075228318293100088e-02
2.666726493911372384e-02
3.500501554409862770e-02
3.991512101608468005e-02
1.114277641591982990e-02
8.948988867073740666e-03
7.206752656806424649e-03
4.903195990704756896e-02
1.551190843593486073e-02
3.704976039670297705e-02
4.441744156641277974e-02
4.549681722542047585e-02
1.025550292977550799e-02
1.050730827601668166e-02
1.323408702159016223e-02
9.662135592801034470e-03
6.609213685084398826e-02
5.784773672294933611e-02
9.992649329635549041e-03
7.027380696044280978e-03
7.651793672501663347e-03
6.466024686700828916e-03
1.530270087218726233e-02
8.695569747798302662e-03
9.582930987399179701e-03
4.787469240735681836e-02
2.914253843575451836e-02
7.807684527222515276e-03
4.074279797277510079e-02
1.000000000000000000e+00
3.015585876945301932e-02
3.907350396816397509e-02
4.374357991715756983e-02
4.756081925184858089e-02
5.059850794080537895e-02
8.616797791956266883e-03
6.792967368380842252e-02
4.488439829875414538e-02
9.444190347765868063e-03
1.843609721618265709e-02
4.081557837979375020e-02
1.582440910096145209e-02
6.610778217850332705e-03
7.564941631644363056e-03
8.450316839731214502e-03
5.995408305211754989e-03
6.348633392032379877e-03
9.317858657493658520e-03
4.778397242030631847e-02
1.573165355698787765e-02
5.386284480009610048e-02
6.577544398781856594e-02
4.798342095694582005e-02
2.614995897634547414e-02
6.313321790882070114e-03
3.539681807251633672e-02
1.249058411913209730e-02
5.515093207290666655e-02
6.284390288554785910e-03
4.883086533071360341e-02
1.142273383398246210e-02
1.092188873996536094e-02
3.683489669673514766e-02
3.561005729005464748e-02
6.524279659223074235e-02
1.149697075033071988e-02
3.956322336456977867e-02
2.325391291341835989e-02
2.205537350818687764e-02
9.957916517031878065e-03
5.865716318992100949e-03
8.395705022829573136e-03
5.751558994316773726e-02
1.293006484074773338e-02
8.943164414684134228e-03
5.633825956736715490e-02
1.253275830431727425e-02
1.028504288905595504e-02
4.344411879504152252e-02
7.196966074415710526e-03
8.082250237870685847e-03
7.097098840757321003e-03
2.826652861487662788e-02
8.794824185636289024e-03
3.013675330432294755e-02
1.263839476185943562e-02
1.174955090648817022e-02
1.148452197015769824e-02
4.905481853735788045e-02
3.036012300081471563e-02
5.703414291165145172e-02
4.301285400118106533e-02
2.235731721587449344e-02
9.587816094336861980e-03
5.316310052489692239e-02
3.420701886184772389e-02
2.741617476102698250e-02
5.808698704331290846e-02
8.565830754198137942e-03
7.433340721501540023e-03
6.350034586884504596e-03
5.014766751252883181e-02
6.635597667429575172e-03
3.742190218739568919e-02
4.163173407189640213e-02
1.067256843913853490e-02
5.886125251883384674e-02
4.461648345405590244e-02
3.805083599550571072e-02
1.168321007306654703e-02
4.505921500626049875e-02
4.585164357619345155e-02
7.237337880632307464e-03
1.441442590782784916e-02
1.494708936436846963e-02
6.705722974123855262e-03
1.290871230032503147e-02
7.278878782135823032e-03
6.105478296111691711e-02
6.670684635240099747e-03
4.801295582208600643e-02
2.050490515559468332e-02
8.704664883366448544e-03
6.407233641107684327e-03
5.497652010336470663e-02
1.350093735758730457e-02
4.028563592382727182e-02
4.098744969251628956e-02
5.145081736235028458e-02
6.354201702680105368e-03
1.150309875655111495e-02
5.731557822466841479e-02
1.392653369487431396e-02
3.907394759459547479e-02
1.226422272432856064e-02
5.775325084564090355e-02
3.235238552527654188e-02
1.376917093636589005e-02
5.228978529916842449e-02
9.270057308727049084e-03
6.405430061840565806e-03
1.030075832258374804e-02
3.548739204164413213e-02
6.502705874441818551e-03
9.315363774000101973e-03
1.111351475031158859e-02
1.879118956597364970e-02
1.196082538422284930e-02
2.678290166477803255e-02
2.176974567615993020e-02
1.447419234676012786e-02
2.245368955862432972e-02
9.530072160223715047e-03
1.187152486550081994e-02
7.613039859083013325e-03
1.473745612511362206e-02
3.787260514294973901e-02
8.060937128473923130e-03
1.368533071665255750e-02
8.136583932083583243e-03
1.605140418335980132e-02
6.485891720036274233e-02
1.317703981368527691e-02
6.566564825689027128e-03
9.226670651423749328e-03
8.488955720171257116e-03
8.228685882427727583e-03
1.000000000000000000e+00
3.373073827485263687e-02
6.741762227047275180e-03
4.764529664556251681e-02
5.505455170376075125e-02
3.467834572457817455e-02
3.077266892941371221e-02
1.425380626112443191e-02
5.522932091061543564e-02
1.839845433318504711e-02
4.386242492036786234e-02
8.461246180446880052e-03
4.412819709879534785e-02
5.495192281458548961e-02
1.233172245541263277e-02
2.348078498439863313e-02
4.921439051780776563e-02
6.746369588367138320e-03
6.515686186394936512e-03
8.519902350087194681e-03
2.433931020832720213e-02
8.443732948210038933e-03
2.770675823094077492e-02
2.526730655350491878e-02
1.172128851612341989e-02
3.547041724330800977e-02
1.521941862824278610e-02
1.187611176523273304e-02
1.334099733966921837e-02
7.036074967335777253e-03
8.288696335605357651e-03
5.258971136784040129e-02
9.756398781512803584e-03
3.046634742424935913e-02
5.339817389675748788e-02
9.623294536227074147e-03
5.504189272134132199e-02
2.202201261897092366e-02
1.274507246700373048e-02
7.090100480533733686e-03
3.523221040344388238e-02
1.075876867883883425e-02
8.605288990583413039e-03
3.700285949544485781e-02
7.328028263601744051e-03
1.398669286716653325e-02
2.471760473201374542e-02
2.030571516536192056e-02
5.888749247070181742e-02
5.143687157300354251e-02
1.430778070889610065e-02
6.632224117136368245e-03
4.632153654242365803e-02
4.521018109787859618e-02
6.617711444547220295e-03
7.440078157202838563e-03
1.501125544606806209e-02
1.088951744752887293e-02
2.552510158657879044e-02
6.048148757624856320e-02
7.759531665280994424e-03
2.744200225008765204e-02
1.537252335977499877e-02
3.498849675078776617e-02
8.993170312363383406e-03
7.347448829798053534e-03
5.329995580695070373e-02
2.774304713629946115e-02
6.412334663342186304e-03
1.734667433713883364e-02
1.601412706765802801e-02
1.083209847532335887e-02
2.786270172460247191e-02
1.326051897796587907e-02
9.319207941884155230e-03
3.996594226224081670e-02
1.200408013820449503e-02
6.350951933826463891e-02
1.018431856756787240e-02
1.286623403262802771e-02
4.135718998549845621e-02
5.067369680305271185e-02
3.953479370169738633e-02
1.913855803628249086e-02
6.805052750547749621e-03
3.187032949071866988e-02
9.563705408270289574e-03
1.505024440600162550e-02
5.793225989208306004e-02
1.211145300668519525e-02
2.591929105825230978e-02
1.402170430663037155e-02
3.849669771820121017e-02
4.807114428061735889e-02
3.065225645184150791e-02
5.782786282860211124e-02
1.083423043333000234e-02
2.560427327488318597e-02
7.684869226810605441e-03
1.222232577448999387e-02
1.116052065644136497e-02
6.324488233795542980e-02
1.968147830107739096e-02
9.080634553792380631e-03
7.460057097926057861e-03
7.287690796179583513e-03
5.816584207044314669e-02
1.390472905871593945e-02
6.127497427110444213e-03
8.475086081935777338e-03
1.781665432856285522e-02
5.984171665773553583e-02
1.348496227853842461e-02
6.372904508112437957e-03
2.827208726725914667e-02
3.736848569033886236e-02
1.364096279762694840e-02
5.325168824302135839e-02
6.182686359873660123e-03
6.096879740084399507e-03
1.794413222565642216e-02
8.388382604362304776e-03
2.849385850332195741e-02
3.777892653558089647e-02
3.782913252850748226e-02
1.376195179719684122e-02
1.436665211275304187e-02
3.181562996209864880e-02
1.400865108128545103e-02
5.042822865343465216e-02
1.583324166814334064e-02
8.842624373615621397e-03
7.077424263997473750e-03
1.029369412986491129e-02
4.460886119073498302e-02
4.750678184833610068e-02
8.748771740815250095e-03
4.935442258055817294e-02
1.318995944451088753e-02
3.497647531228841034e-02
1.439371274012041235e-02
2.813764853575030644e-02
4.131717639361950911e-02
6.639920009911240428e-02
1.059419324732480475e-02
5.069664059481048674e-02
3.457533566252152246e-02
6.494717607146644270e-03
1.018349670534706049e-02
1.045682572885527940e-02
2.068919858503965453e-02
5.584497530491087242e-02
5.352046062815958571e-02
7.712243949040903726e-03
6.275031192678492444e-03
1.314564257837062128e-02
3.753343857071525513e-02
8.776811119859041777e-03
6.439709299507235044e-03
4.386816924443492222e-02
4.586233599784633741e-02
1.303495635735590907e-02
4.976661795507207608e-02
2.249254869502409493e-02
9.772294446625796188e-03
3.403773821678200001e-02
4.624206910273158389e-02
1.250660566941405594e-02
2.603625012797433289e-02
6.936591954570903856e-03
3.074522406885126652e-02
1.057618220835312116e-02
9.661923936668702015e-03
5.477414731765379435e-02
6.736038525174041502e-02
1.034333672811389715e-02
1.585063649548718728e-02
6.317618524006711478e-02
4.531794220700657155e-02
2.974227628583199501e-02
7.537258304594870832e-03
1.427625894793131851e-02
4.637525692288763102e-02
1.290949962486719234e-02
4.423714520259471733e-02
7.852570343876442635e-03
6.354512299890416327e-02
1.514170047630422795e-02
7.326085572983443220e-03
1.506052900849648261e-02
5.194390505726773077e-02
6.268836266893706988e-02
1.268700803578238015e-02
2.691084435022194146e-02
8.468266658683014717e-03
1.000000000000000000e+00
1.560215394791969294e-02
1.926983370892494662e-02
1.982359636413538392e-02
1.794384906762379328e-02
6.398776902771659628e-03
6.776499187049513095e-03
1.820452829655815757e-02
1.151525775557251524e-02
6.791160122172559474e-03
6.042010709693552625e-03
1.323201002051883728e-02
1.391875465819634658e-02
2.930375038611435917e-02
6.068171060551038470e-02
6.594380050626780058e-03
1.162401381540060716e-02
6.890975535045151118e-03
1.490441133391838015e-02
6.571902259669773656e-03
1.170529883681839696e-02
6.502680784057029983e-02
7.658183777379813997e-03
5.779537758734321767e-02
1.483226123097089282e-02
1.562137092991580829e-02
3.322192102351988197e-02
3.258939292577101715e-02
2.498360715448378483e-02
8.666262567648720661e-03
5.557239769390051598e-02
4.890146013775809736e-02
1.930278423935174667e-02
2.863691193181411992e-02
7.395728522940797287e-03
1.254209344896074947e-02
6.268684222274358703e-03
9.432609417106330163e-03
1.273753276958358889e-02
6.440630201477634542e-02
7.577011370034173257e-03
6.135174030300121970e-03
8.733126235889485806e-03
2.202587914548336315e-02
7.787633543407728072e-03
1.541399692249133951e-02
3.422129882586520677e-02
2.389514277710666837e-02
6.133618500412937186e-03
1.178537901275780037e-02
6.289450944560114054e-02
1.036598967255150487e-02
8.958373553104867840e-03
9.454684334505207913e-03
1.017800860555771909e-02
7.230588465883473759e-03
6.665861918609068508e-03
1.128499917384882117e-02
3.516509063527421819e-02
6.362855771385389318e-03
1.529509809657589314e-02
1.123817960965767422e-02
6.544227831515858629e-02
3.756619712951403400e-02
1.524366369405780880e-02
6.923295954571165312e-02
1.173921928499641401e-02
3.930481838400404909e-02
6.394453450682603679e-02
9.563610884103406970e-03
1.250630334765691354e-02
8.659957305267348970e-03
1.655049187742206607e-02
7.933656485884569426e-03
5.862899979537815331e-02
3.897177313141442223e-02
3.081677959625018365e-02
6.492063201440324838e-02
4.796504717174404631e-02
1.151191293222396904e-02
8.981157460518456731e-03
1.351707500635135513e-02
4.754068946487374075e-02
4.166834066641415812e-02
2.074618806582106609e-02
5.551361172011822637e-02
6.576105819078958969e-02
6.475411746536334848e-03
7.302211545095614771e-03
1.401291239216466075e-02
2.438464673316650955e-02
1.223092122322555486e-02
1.131847701954074095e-02
7.193102861697140554e-03
5.444032867823031530e-02
1.335482802796899952e-02
1.406579153129537338e-02
6.739664101275681662e-03
1.451878810415590561e-02
5.178384017190386379e-02
1.079918713622847644e-02
6.944627322016587098e-03
6.064224254362262159e-03
4.838407660626197621e-02
4.156830835412560904e-02
1.368373956432878194e-02
5.092168021246504250e-02
8.313339652902746943e-03
5.043872802953278112e-02
1.364325301544865900e-02
1.191912691170116806e-02
3.108052815452043427e-02
1.022052235814733395e-02
7.615087481230649498e-03
1.064051440934938794e-02
1.556812516527067598e-02
1.267655480216165441e-02
6.150909576773742893e-03
6.621285417807367887e-03
4.093778535196337942e-02
1.154559282040177638e-02
2.862140534844716949e-02
1.083285639905954938e-02
2.936403841340079479e-02
5.682655896017938663e-02
5.712201236037380003e-02
2.605202306772998536e-02
5.988134523722016267e-02
1.463890781072131608e-02
6.129199100960572473e-03
4.470734432978745038e-02
1.494906173548646473e-02
2.187059726502073309e-02
1.332764509523196028e-02
1.530951655511525282e-02
7.519951746142140674e-03
1.049320680377606625e-02
6.602813575892129902e-03
1.639843427059964331e-02
9.938520965490636391e-03
4.320330734100683023e-02
5.161971775502197102e-02
1.081993019346005024e-02
3.789573555619821232e-02
6.694592750585140473e-02
1.445085877293690244e-02
3.038190106949639410e-02
8.432636205693960427e-03
4.841662779118406645e-02
7.626490599203752246e-03
3.951067131296406854e-02
3.413700001148661095e-02
6.477234940471913137e-03
3.718892590180554458e-02
1.289764230202422070e-02
9.030845714912402733e-03
1.148884809892004692e-02
6.424611792460666743e-03
1.134880918339273466e-02
5.688257788364100426e-02
2.365050680714564021e-02
6.007831906646267373e-02
1.045600075734847388e-02
3.792594217930571332e-02
6.222218135427729641e-03
1.563614576132268605e-02
4.383666746387814006e-02
1.518559076306860885e-02
2.377543433959071126e-02
6.674287688042284707e-03
4.850473275265958228e-02
1.829806582048778066e-02
1.132794531426181521e-02
1.609795585913320962e-02
8.219812070007015761e-03
2.945153513540339774e-02
4.675191676132925411e-02
2.198052035886806366e-02
6.470800294233260141e-02
5.809455668931250150e-02
2.601390315898765432e-02
8.192942939179033088e-03
9.286556152284238669e-03
9.630096176335362426e-03
1.352025076481011383e-02
1.415462673825357981e-02
5.919686488342077585e-02
4.905560107650971946e-02
1.524596533816034369e-02
3.914445781028905169e-02
1.270753399062431871e-02
8.849444242505818958e-03
6.638103311820656161e-02
5.989233702035807148e-03
1.052516751575240106e-02
8.354814396606569105e-03
6.433638781285764587e-03
1.066363220738617522e-02
5.030811386854285028e-02
1.997193254541831595e-02
1.077771660443193995e-02
3.922081030021355719e-02
1.033232282355225212e-02
3.475375565168603575e-02
1.021117082265157044e-02
1.368506861075383108e-02
3.814536357567312880e-02
8.954846962830276258e-03
4.943384123201118030e-02
4.800708008268175092e-02
1.064191030342162038e-02
3.086509203867848425e-02
5.712872187662188656e-02
1.346836362090174204e-02
2.152714588052128883e-02
4.393044687693623690e-02
5.176859003624478817e-02
5.369600988893820370e-02
1.495436340421066670e-02
6.640296198239483381e-03
1.922019701297253760e-02
3.728832127763841847e-02
1.195335474080830122e-02
1.393762986568214748e-02
4.739786415000516590e-02
2.389573257349188184e-02
6.792146017755114860e-03
1.872622488083109868e-02
1.229365983699834929e-02
1.396197687386565613e-02
1.361518334971073205e-02
1.431751821587429717e-02
9.931973971472208423e-03
4.050681125779944519e-02
4.259556665670841819e-02
1.547923174142961690e-02
4.180414370877287566e-02
5.305692778721485259e-02
1.390905081638612630e-02
6.466979097084107550e-03
1.221260718648545587e-02
6.126977450510696921e-03
9.328861962520718434e-03
1.030470529233710325e-02
1.520733536340899798e-02
4.699678539356717810e-02
3.701077400134696049e-02
1.560339476127393585e-02
7.643316991638844649e-03
5.649841647770304648e-02
1.084503082322557481e-02
7.840362742981655392e-03
1.279759278865275768e-02
4.523752021397133699e-02
1.410294903850640470e-02
1.521761284962239689e-02
1.199513156147482759e-02
8.364693770629150205e-03
7.964406773192038436e-03
4.338769106213703070e-02
1.170995948465006556e-02
4.187057203433589003e-02
5.797380756423792941e-02
2.812337460668973624e-02
9.040860815160195810e-03
4.965579616732403861e-02
6.128208822845615522e-02
1.622550291013889756e-02
5.687980546635636181e-02
7.260932633315408252e-03
2.551315633926223500e-02
1.338375640703358058e-02
6.212608575558145087e-03
7.996301858032928492e-03
1.566114165259208449e-02
1.156456832440861185e-02
6.109022954084291149e-03
1.257445057224180866e-02
8.348961594897386790e-03
6.481328716321879159e-03
3.376704539679248329e-02
7.343751848518102927e-03
3.925831848803872093e-02
2.222601681070416821e-02
3.389295939777225292e-02
1.947571812505789063e-02
7.853144384134072911e-03
6.247455838618474339e-02
9.108220936553491215e-03
9.806072783467385465e-03
4.470024444632129251e-02
1.431911246196225507e-02
3.178176497387712879e-02
1.093995424981728491e-02
7.290762874125365084e-03
1.529957519673644066e-02
5.429795349003804783e-02
3.290985945771715548e-02
9.806509846164223471e-03
9.124060324820121998e-03
2.695908972385987340e-02
1.261870013193901532e-02
2.913428443410352037e-02
7.579395268659114109e-03
2.898407448481752843e-02
1.326623406637849299e-02
8.045660987928185057e-03
1.860592258933688528e-02
3.154921080384430476e-02
1.254347330560441967e-02
5.728060850123727760e-02
1.034660379496525964e-02
3.448817141084607046e-02
9.223387692221512307e-03
6.421698564700745356e-03
3.658886356675692536e-02
3.016305919606471209e-02
1.238369312660169384e-02
5.906229210917900846e-02
4.304800540198659708e-02
1.060526088714049651e-02
1.411178684094164214e-02
6.141321217677776778e-03
6.919099869036934164e-03
1.748740815541821245e-02
1.043668909539931244e-02
4.412758061143415983e-02
2.967796902014611590e-02
1.896573308763607399e-02
5.023730716805511337e-02
6.218943506495503738e-03
6.398186055005072870e-02
1.482111719560178301e-02
1.090137922532988940e-02
5.989414139367718083e-03
1.502188347774858698e-02
2.741906404964111407e-02
2.747778416402976015e-02
5.322670117692419184e-02
6.301537831931987299e-02
9.633217759423514867e-03
6.240715158378673001e-03
5.900492150867024665e-02
3.157816404601900689e-02
1.073040857195110831e-02
4.436973201020429081e-02
1.031412086322946488e-02
5.799695792871666783e-02
1.923844112696115188e-02
2.940603088854097658e-02
6.263556565296122397e-03
6.001576902232390320e-02
6.151706272824292859e-02
4.354285766523509349e-02
9.077567596197858371e-03
5.912888935165887261e-03
7.066181494027341109e-03
6.365789193419509051e-02
6.299533270702273487e-03
4.562944702351322268e-02
3.960705797031015274e-02
1.321278569347365296e-02
2.461363790529194281e-02
5.280264433590131645e-02
3.172656468401753582e-02
5.856394792731982497e-03
2.800247428351026677e-02
8.186505716453847809e-03
2.163873180756725398e-02
3.121153730490212191e-02
1.432541981178719025e-02
8.126999209463307144e-03
6.393343540109132882e-03
4.028019593506750040e-02
1.031286482855416943e-02
6.122464791855674118e-03
1.257156577776044788e-02
3.305205447413482600e-02
7.388846411386771132e-03
1.485075400262794026e-02
5.113098650637042109e-02
4.469251881837979501e-02
1.423589404856863763e-02
2.273501987991406389e-02
6.008975100010507941e-02
1.350260946433328585e-02
5.924910264483441297e-02
5.128778086780436118e-02
9.315505326855988422e-03
1.159484127481047629e-02
2.529259667932212685e-02
2.255225656415679736e-02
9.122571592558399375e-03
7.511184235370720053e-03
9.792738043350708924e-03
5.271141537640852692e-02
2.323629289734803482e-02
6.917469409506158892e-03
1.298222594269241373e-02
3.370667961899265208e-02
9.410875316760835413e-03
2.558504846296590432e-02
8.181951727479014336e-03
1.427971550206914852e-02
4.663692160136807124e-02
6.339939944537928938e-03
2.006717846949077413e-02
9.972939645413306242e-03
5.986935444713215558e-03
6.202435029415981869e-03
7.253453618029846901e-03
7.113901608040415492e-03
1.322270827708186235e-02
2.635771259191961244e-02
4.211439550431152201e-02
3.730835290466916199e-02
4.984259928667945927e-02
4.218288089402728869e-02
6.398799782157124812e-03
1.941369716104012627e-02
2.637708704586665814e-02
6.236082305306370893e-03
8.672048980472260582e-03
5.565697899935665577e-02
4.972311419583998887e-02
1.089219936972106104e-02
1.792178433434023915e-02
2.251200552714517633e-02
3.752470912678990134e-02
1.030988485702346441e-02
7.179629553918606168e-03
2.688246837042890594e-02
6.391724361940703814e-02
7.253819541704144974e-03
1.422854849907111488e-02
3.998117312590476063e-02
1.260635026043529887e-02
1.256411927219251191e-02
1.624598302652364296e-02
5.231550498507630403e-02
3.106914228317768367e-02
1.238430673772831885e-02
3.700187062853280834e-02
9.455187038988730960e-03
8.505805014354331922e-03
3.964598476784703812e-02
4.242301296237713931e-02
1.171113500071297234e-02
1.783553090737303656e-02
6.460782194546750221e-03
2.934538667504526036e-02
6.659039335721173014e-02
4.473721696852372282e-02
1.835167359399908493e-02
5.079850777497261355e-02
1.234313798192161749e-02
1.286571716824729331e-02
4.348399217333114020e-02
5.277382050656393569e-02
3.640745880774573506e-02
9.438013480563105240e-03
2.136518339018461665e-02
6.861119026697744434e-03
6.469840448637105036e-03
5.838033532167172593e-03
6.005442175918884046e-02
4.157285491595811427e-02
1.694693283203580272e-02
1.238693639544452899e-02
2.424841055729055547e-02
5.197073119157146620e-02
1.110398026072726557e-02
3.528732775582576336e-02
6.183721555683382998e-02
8.407786307418847749e-03
1.154936716513369627e-02
8.066472306098082523e-03
1.386386259464497672e-02
4.072148861515260954e-02
1.200045167725743642e-02
5.005732452384159537e-02
1.434572253473859714e-02
4.622061757508447860e-02
3.427060286812996098e-02
1.343637641375367876e-02
6.223749135704522047e-03
4.820282838261033542e-02
4.366588328407431524e-02
4.351237269005383407e-02
3.215074582062894815e-02
5.923078815887997811e-02
6.562692531306595078e-02
1.089761377779952835e-02
4.420413159413662946e-02
1.490815610239134420e-02
6.350482585833063659e-03
1.043732287566198971e-02
6.295578555404730825e-02
3.838947408433684289e-02
1.096895378799781808e-02
5.953751468842751263e-03
6.335010186622911862e-03
7.072970020507748749e-03
4.015450912353639434e-02
5.727126906758910757e-02
1.410732463534945108e-02
4.037799480964187476e-02
5.821992370632324970e-02
2.696825784616459221e-02
1.168543159727358262e-02
5.981646154737439713e-02
9.665462650686162602e-03
4.597990454714540737e-02
1.119097296686021210e-02
6.066917040291462671e-03
5.885850570591935615e-02
9.307403575493524914e-03
3.347613393989670033e-02
5.996422953756237566e-03
6.117885692005017514e-03
1.454733185580601995e-02
7.831311805041821922e-03
9.085405963628256573e-03
2.096401857091938908e-02
4.982041331636278408e-02
1.215481925512013409e-02
6.157228844252226468e-02
3.026790102550605543e-02
6.312849213288873260e-03
5.652259770104024056e-02
6.793663969269491190e-03
6.709271001091436128e-03
5.955591882619063610e-02
6.720316867294821861e-02
1.265452917209137010e-02
3.783709873712767791e-02
3.618543010598383736e-02
2.891386806217366087e-02
2.215073539856141777e-02
2.554161924243486884e-02
6.398230196887977686e-03
2.528256707556007440e-02
7.231779949174029984e-03
4.825697474203101411e-02
7.206920753793900035e-03
9.704618022281749287e-03
1.221455339144581105e-02
5.183429208330267435e-02
4.019828195277960065e-02
7.242086524389871813e-03
1.286185657417037408e-02
2.946291420315231765e-02
5.171182385239600499e-02
1.023287931929053006e-02
5.423020714962847183e-02
1.125026075231924660e-02
1.177684914645934187e-02
3.636980403428258929e-02
5.720785849519420020e-03
5.525840016129002219e-02
9.828511258002992079e-03
5.224282554901742148e-02
4.819953065473381315e-02
4.837878022282050133e-02
1.038860927775510194e-02
5.627592321059333991e-02
1.505894173283143199e-02
3.682690771910521188e-02
4.592513460706235812e-02
6.080009945634549766e-03
2.351106090778221080e-02
7.030264801033851707e-03
3.921122608339992766e-02
5.910800879813824134e-03
9.467678641819996660e-03
2.060565398089702141e-02
5.689988977443279777e-02
1.287458341900443032e-02
1.433672252409848476e-02
1.181093666109628813e-02
6.772148651488240495e-03
8.202482932120292933e-03
6.728818283457474632e-03
4.561626321702912101e-02
5.679780593881678108e-02
4.660177049538146571e-02
2.186295664919756312e-02
9.049521397685332189e-03
5.143983052019938940e-02
1.984789046986482064e-02
3.266318003573250722e-02
2.105434268220953906e-02
1.339882673934829696e-02
7.420621626475313107e-03
1.552164296218181729e-02
7.308365154386236261e-03
1.039570675595181265e-02
1.653721200015328963e-02
5.236029376572237659e-02
5.249600743782886075e-02
1.918619275725133577e-02
8.988758550460392016e-03
1.447469493418620384e-02
3.437561611009688073e-02
1.166679111292257334e-02
4.812508864825866539e-02
8.462189276571567900e-03
5.322745470882511709e-02
8.881172446333905277e-03
4.021311176032101725e-02
6.517064808499862909e-03
3.763653774584319045e-02
6.271064971367169838e-02
1.373589955016240455e-02
3.904632850593002524e-02
3.588947713831780462e-02
2.809105773338939696e-02
5.538715736474443541e-02
1.424352083598747799e-02
2.995275646829272109e-02
2.384022578344962770e-02
1.013018406265546976e-02
1.171234150691317921e-02
5.307882767918572359e-02
5.091813999523104456e-02
2.371428721194839689e-02
1.142037745910358740e-02
6.217739493415706115e-02
1.040048834506741848e-02
8.582315427883086684e-03
3.421765678915680148e-02
6.269042103269875134e-03
3.598727380542646875e-02
1.328567480298443147e-02
1.025049845547465824e-02
2.587727186398174756e-02
1.308075349434930160e-02
1.256419514812734915e-02
2.750320577200681196e-02
6.730013008587945426e-03
6.302100559212037503e-03
8.295237307397134233e-03
4.747538492231995200e-02
7.134917204815634240e-03
5.850896341032951753e-02
7.212315427401628370e-03
8.582540544640367142e-03
9.759219464767706492e-03
6.278593611768727538e-03
3.312310726504450603e-02
7.486023236015177523e-03
8.455180602825065547e-03
1.349613081746585050e-02
8.188619556566200525e-03
8.546649704354649171e-03
2.179292068209997060e-02
1.202648504371532819e-02
1.924671575102064602e-02
4.644050446070582816e-02
1.540397140816757333e-02
6.044221455881605698e-02
6.262685175263373732e-03
4.483389927775563444e-02
1.116152739901991355e-02
1.386913648868064869e-02
7.831640862078090293e-03
2.258356819123962661e-02
1.320114279322702824e-02
6.559898259397932418e-02
2.511083826183009571e-02
2.192553719054927963e-02
4.107079629744253557e-02
5.412593693623466568e-02
1.211706027675314712e-02
3.759352194608941294e-02
3.070147205031370854e-02
5.727781078372964907e-02
8.562507660431666404e-03
5.121912454502387801e-02
1.619446183813643900e-02
5.214581774276474957e-02
4.113897899726998153e-02
1.011909697522497126e-02
7.844930606633236658e-03
3.361230299385253167e-02
8.238166088889159813e-03
6.033334069970959501e-02
2.316415801806637198e-02
2.092499073956828951e-02
2.048738337403371509e-02
4.079552663498626358e-02
6.424501696192577542e-03
6.038843385139994017e-03
9.184406908636489827e-03
5.047284589389583465e-02
3.568083387572075493e-02
6.619760625479195054e-03
4.682534221511532729e-02
5.927891595537796571e-02
4.381022653086894675e-02
5.266882300751577622e-02
6.210197488713276211e-03
4.828861674338948834e-02
1.398983704478114730e-02
6.744586838788602275e-03
6.277172575071819291e-03
4.034219524340182383e-02
4.453650408793579513e-02
1.428203284381043478e-02
5.891482802604497589e-03
2.093535010699637544e-02
6.923969382733096388e-03
2.124582662759762555e-02
4.947212941371881278e-02
1.165909430351655222e-02
7.109184893422632046e-03
4.617943826590335810e-02
1.435279931809407307e-02
7.077048819220066629e-03
5.821296904876165773e-02
1.031729095250583789e-02
8.642688548054167086e-03
6.162434745183720773e-03
1.344448097815876576e-02
1.495163622098471222e-02
1.147953817771795587e-02
3.753726971805410040e-02
1.300524613972615581e-02
8.261648692581245734e-03
1.559302575009478137e-02
8.643578101969990463e-03
5.478333415225514202e-02
1.267085780362028034e-02
7.684663030110347806e-03
1.864847330965687527e-02
6.287323698386417317e-03
1.337899206863886296e-02
1.269990036339309868e-02
8.484686042505561535e-03
1.313312643674806497e-02
1.824725737673999967e-02
6.220243737810014772e-03
1.095122203501874836e-02
2.843243439103478043e-02
5.844510429096518717e-02
3.512359700236829946e-02
1.661617940333570687e-02
2.399924299294060870e-02
1.406337712019549262e-02
6.183181587998295287e-02
5.943464766778582681e-02
6.106212687939883976e-02
9.076002266619602812e-03
4.763514054010367649e-02
1.200271315837682026e-02
1.346137683488471057e-02
6.431991793070679191e-03
2.689438625797813814e-02
7.896490674005674990e-03
6.397552958175677096e-02
4.842572816344637571e-02
6.027972320764137838e-03
1.089321806039434716e-02
3.575797083777861735e-02
6.885180254639407076e-03
2.308547514327025443e-02
1.150081975923693788e-02
1.472247770611946442e-02
1.388541452312841255e-02
5.470773478372369103e-02
3.906364822113989749e-02
1.031858014856264043e-02
7.114459231983272930e-03
4.579648941014771019e-02
3.227748774407868809e-02
1.484191959454918969e-02
1.379806826294134592e-02
7.458995763917350766e-03
5.752955278814686491e-02
4.734456366835417679e-02
1.555553026215583320e-02
6.002323731865705225e-02
9.363128662541667438e-03
3.934452892329527718e-02
4.827415777352647708e-02
2.908559893110036071e-02
1.182076345761556325e-02
2.762147674123623109e-02
5.023242540549781310e-02
1.169401507693293950e-02
1.910811670871095935e-02
6.164322537118633281e-03
7.537200975922464345e-03
5.215383235086998304e-02
6.693110576424841397e-03
8.959516030816939980e-03
3.434017862423833362e-02
4.082672193840670288e-02
2.943146762365655630e-02
5.345791109877796182e-02
6.194494050282756126e-02
3.099157361371330383e-02
6.609417837233335855e-03
5.357011746426666721e-02
5.653755059375952657e-02
3.876609886951661033e-02
1.310484958634620077e-02
4.425885934036241642e-02
2.132528502506939733e-02
8.364663567343815637e-03
8.439829443868254039e-03
4.442028450299024406e-02
7.859961534577349779e-03
8.466898651104715762e-03
6.055065714646706149e-02
8.352391235840054759e-03
2.210855132990653324e-02
5.329653235615735424e-02
2.310762230055475597e-02
6.546131320253888684e-03
5.441694034530220742e-02
1.116022097218708799e-02
4.185855846194659613e-02
6.100913768893381599e-03
8.027205674676646946e-03
7.911434176826192752e-03
6.764950626942219103e-03
6.434068548636250051e-02
5.214249420166251064e-02
5.370857173440705956e-02
8.929535373125147696e-03
1.175647821971578452e-02
1.579535549699938313e-02
4.313030093342423710e-02
1.953462990019748380e-02
1.418080502461891573e-02
8.003024035812066062e-03
2.339009507699527785e-02
8.405696323427995151e-03
1.602213116428943124e-02
5.230467797377792716e-02
2.635098521297376747e-02
5.395326561029768764e-02
7.658141456641061155e-03
9.663817761092144062e-03
9.072833032141194853e-03
1.245534110272239134e-02
1.186249722742229763e-02
6.002051286630666685e-03
1.566082756262554901e-02
7.148854449729219636e-03
2.631313327640035643e-02
1.218014659561879147e-02
1.040021227006764776e-02
3.941159727083499292e-02
7.748272260196931334e-03
1.168191587537309103e-02
1.279858063101005014e-02
8.131915452364192956e-03
6.940000717041088819e-03
5.573455138127346442e-02
1.531845788734814001e-02
1.163600576087790023e-02
1.077806338610589991e-02
7.222131927096056732e-03
2.592437549951693079e-02
1.727719604087598823e-02
1.644055943955856011e-02
1.399570042280497660e-02
2.500526334487885097e-02
2.762517300662142503e-02
2.522847239359791993e-02
6.842050272414146490e-03
3.110343918288609524e-02
5.928932023445198513e-02
9.031304026532693124e-03
8.874385339640635320e-03
1.087589820353473437e-02
4.349479824155921825e-02
6.234315496199919517e-03
8.135818925622732498e-03
4.542369503860736041e-02
2.947960065758513035e-02
6.709586164050170172e-03
6.744068379141799317e-03
7.071414022401502353e-03
1.501818558216225750e-02
3.485635084870738337e-02
2.014289130046433007e-02
6.401628742740581197e-03
1.597594779763950382e-02
2.810120240887931456e-02
6.320897514907336187e-03
4.777902229079103447e-02
1.305308694662965334e-02
1.110656249262049512e-02
1.193561269573836445e-02
5.075691769830770195e-02
6.395333878512172998e-02
6.096181859060292169e-02
6.081399001250468832e-03
6.354691280705308809e-03
3.110836445735678732e-02
9.556475905694916673e-03
3.182876857496953760e-02
1.187473835977270048e-02
1.991211928794835162e-02
1.317231759596039324e-02
9.016465415646844617e-03
4.732031033982166818e-02
3.580114105057408819e-02
7.934097889396016234e-03
3.694327478029264811e-02
3.724010491094117969e-02
1.247758721942880678e-02
2.203061377351780981e-02
3.361342618441676144e-02
3.746823136181325065e-02
4.684606853319111391e-02
2.789841141529712798e-02
3.252540111547726903e-02
6.824106549468651056e-03
2.250033681729144905e-02
1.093775002967414985e-02
9.661030708554162530e-03
3.396697447509961637e-02
7.453039722217815778e-03
2.843863270045823843e-02
3.735066696804817399e-02
7.767351245765947119e-03
2.936113481012854118e-02
2.351929781606697592e-02
1.238468135954708463e-02
6.496426327752412473e-03
6.977925808965892811e-03
1.586313986733732528e-02
9.856362942222925139e-03
6.218089830521317946e-03
5.964485702193009914e-02
1.447204504980207328e-02
5.899519351918960756e-03
3.343631815837935783e-02
4.310854982992348705e-02
2.800262424909955028e-02
5.699667879361839523e-02
5.330057863747638541e-02
1.360212136723383536e-02
5.960759683013791554e-02
1.380233324170616893e-02
7.902890568830572143e-03
5.006826360985811020e-02
4.832825518415951455e-02
7.107703562877141536e-03
1.448623178498891634e-02
6.441726628617628486e-03
5.175647357841815788e-02
3.426115171057375619e-02
4.973169284357643188e-02
5.094199968714886034e-02
4.953041915234423359e-02
5.442487143982566861e-02
4.289330539279347793e-02
1.408517327687747699e-02
1.445303021821383281e-02
8.088019187190946882e-03
8.352737785977478249e-03
8.466005684655761310e-03
1.621545255832259474e-02
6.960208259018526959e-03
4.496984442636920570e-02
1.621941181909109658e-02
4.318798509401022834e-02
3.706811474614724045e-02
6.241334476894946567e-03
7.301602977582267659e-03
1.228854323497335574e-02
7.274965832180784776e-03
3.529674233277972639e-02
1.526104259508893890e-02
4.790710876827077025e-02
7.622873614415011552e-03
1.956203644450360893e-02
1.621254810427557105e-02
2.845542863662937905e-02
2.506565802393132675e-02
2.331479660177544766e-02
1.708048394456026381e-02
7.492597174469330622e-03
1.570983856201970189e-02
1.337941044463918441e-02
2.627972602608351013e-02
6.886621131632957027e-03
8.368849168258467308e-03
4.007825054368913120e-02
4.292753918484424475e-02
4.652290238579603193e-02
1.028742595750751013e-02
1.382644655240422224e-02
1.305513162520863246e-02
4.353625919946459838e-02
2.870015193950742685e-02
1.285808590957152921e-02
4.223778314745968432e-02
3.575042186704495417e-02
5.633355109982916831e-02
5.509320686212555718e-02
1.091131740971312131e-02
5.626314930202389042e-02
5.221234227184622795e-02
6.562329065479079182e-02
4.833553675871014171e-02
2.435901747879515300e-02
2.482319192558963411e-02
1.441682820227336952e-02
6.504585978179193255e-03
4.286319513459259378e-02
2.603400536563993048e-02
5.662836297484172277e-02
2.425267394274390267e-02
3.164507454218210697e-02
3.522506847583414813e-02
1.552945974727949936e-02
2.947689478539612315e-02
1.233458893694925132e-02
4.200339291492150018e-02
9.800692088360487067e-03
5.087860646601088249e-02
1.864751556315935588e-02
1.371126691972865408e-02
7.064132462035545984e-03
8.482919982095642880e-03
1.204057098255773700e-02
6.545029327227923528e-03
7.780152002106032610e-03
3.912510528971866602e-02
1.454097915771498765e-02
6.940199829403567722e-03
8.888191832532314068e-03
5.966115685468141583e-03
6.084924911032081607e-03
9.352662598260241128e-03
1.686359985795544275e-02
4.395046957874662596e-02
4.383285200181503971e-02
2.740918972161813724e-02
1.555263202339702416e-02
2.562407432260166776e-02
7.034156437330118042e-03
1.931226600282147030e-02
1.962412475803163719e-02
4.637273984350586548e-02
1.330005299740699698e-02
9.719755818592730121e-03
3.035398853298522728e-02
6.609475979538459098e-03
1.390401180445964557e-02
8.092988147880876559e-03
1.265415342276862351e-02
5.006926981499064400e-02
3.388690271890174716e-02
2.408564468909089873e-02
3.185025676314411774e-02
1.257454898189563040e-02
5.224320596027536706e-02
9.886666041429143653e-03
4.433636471683776586e-02
3.994397027335457040e-02
1.008255486183988296e-02
2.558551342059143044e-02
3.771896348934695303e-02
1.402555263443919925e-02
1.353945538768721278e-02
3.681793232750685957e-02
6.590650285463444530e-03
5.328407940135161669e-02
3.894561177650627398e-02
1.141166570649858672e-02
6.152516178677921999e-02
6.933185530885832386e-03
1.544886687318815406e-02
1.279523735772379600e-02
4.114221045857798659e-02
1.503739609880415384e-02
1.733437242062215930e-02
7.195205586490940539e-03
1.204770008505911920e-02
1.448437300313730990e-02
5.747819309505758367e-02
3.810748997023662155e-02
4.047298827437591229e-02
4.384063576776156546e-02
1.380118888861467386e-02
3.056458359277136258e-02
4.134010845665091888e-02
2.997667445479057502e-02
5.420797432011718181e-02
7.143021263879520064e-03
2.991938676036942288e-02
6.785348111080987364e-03
6.047423936926042687e-02
7.353792418449618326e-03
1.046864554511478355e-02
7.655293883229721645e-03
1.330214085309408545e-02
6.771351024538100824e-03
9.746481836460485493e-03
4.969746917080272719e-02
1.128159823408171787e-02
5.445183756042693002e-02
1.143808578476056617e-02
8.119555092738338364e-03
8.765637355241566800e-03
4.565659410564813087e-02
3.339782155207279835e-02
8.285969678920604431e-03
4.089961666413891722e-02
3.274413021898902459e-02
9.935176876746987934e-03
7.527867410662057029e-03
3.805973381638891317e-02
3.186549360637545153e-02
3.117234333866257187e-02
9.431803459774614970e-03
5.818328326140965318e-02
6.034244747200151818e-03
7.862425340371502827e-03
1.619442096872831735e-02
4.635734670747090891e-02
1.123065965855766721e-02
9.026891308900233946e-03
3.233257009480879768e-02
1.084810808310831404e-02
2.697901837900928967e-02
2.346226284080425370e-02
2.227823485426803918e-02
1.546612951241198297e-02
5.223582378716928182e-02
2.233932222469830683e-02
1.090178084904685346e-02
6.257006880987286447e-03
3.104788884543119992e-02
3.906181486189634622e-02
1.051953225600668444e-02
8.760078468348390587e-03
4.062013499774574932e-02
1.844193323842591853e-02
1.063206494587579966e-02
1.319556594554215610e-02
1.392492020353656816e-02
6.520821969956509638e-03
3.539782593177809994e-02
6.115834543740517569e-03
1.405662847604959020e-02
5.836549500146139685e-02
9.072769989368692500e-03
8.670185791845292853e-03
3.391016464628272137e-02
2.101735347635794171e-02
9.818836441547525162e-03
3.332804109558448052e-02
4.728516846378163357e-02
5.211690215137661231e-02
9.441472803213871515e-03
5.997879980245082038e-02
7.444436928997825303e-03
1.547744765353256148e-02
2.073664950579106117e-02
2.746356900369359422e-02
4.675862155400697939e-02
1.307984159644046650e-02
7.034089364314147219e-02
7.584847464654671106e-03
1.264153304619502344e-02
4.955715967710450087e-02
3.037284874018306505e-02
2.514977319195539282e-02
2.518874297111679122e-02
8.164923340039978092e-03
6.100460600379025572e-02
1.114417199507976818e-02
8.381431613449792650e-03
1.249826729474930870e-02
4.349980591714693728e-02
1.012255343568180775e-02
4.665752340390436764e-02
6.317228093623871062e-03
1.948537041073672427e-02
7.341099566313397454e-03
5.436273964683472487e-02
2.692639745468952683e-02
4.560088924730286430e-02
1.459946471711270899e-02
5.140315409160910176e-02
9.524911602787618919e-03
6.378676730940190109e-03
4.598623269268364150e-02
4.921272295605400027e-02
5.731406489255522207e-02
6.178503710100808136e-03
4.537009538260571018e-02
1.462755540281902508e-02
7.435697199457125955e-03
5.634946476935454723e-02
6.383343806317149857e-03
3.957066006616599685e-02
5.879433672463198896e-02
7.004007069612127288e-03
1.103010438544660757e-02
1.182166783658616591e-02
4.401273586319925241e-02
7.798556155949916933e-03
1.047196084984125704e-02
1.191329806548361257e-02
1.220220680880754194e-02
5.575822672980570299e-02
4.066288369183778534e-02
7.288291660363033914e-03
8.497969370765452377e-03
5.732177000427004371e-02
7.738478914971536060e-03
6.938736068145620259e-03
1.190432004240683100e-02
7.802913500903711601e-03
4.206661000299955627e-02
1.397834088866687155e-02
1.562865176900787162e-02
5.747499188498979977e-02
3.130131871236067898e-02
3.647834129504630429e-02
3.199080202026476083e-02
1.261210450482438787e-02
3.044164568876792445e-02
2.437722185589449517e-02
3.903149009806709813e-02
4.558056483301126116e-02
6.652442851772594028e-03
4.071484974189635425e-02
1.767228800870222077e-02
3.070574248024620506e-02
1.030216220895971597e-02
1.134261934397673248e-02
4.169296304248361340e-02
5.168208845512250321e-02
1.403518232820127887e-02
4.663781058501324100e-02
9.684305307862326601e-03
6.109916767590135162e-02
6.522106770785476848e-03
2.369143440084135049e-02
4.047171312941208465e-02
3.565371711645831665e-02
2.500620880586044634e-02
6.420321812020329984e-03
1.133440609200164415e-02
1.335723239955894683e-02
5.078897939436625292e-02
2.892154530880439861e-02
4.918746935020684719e-02
1.893592989520740885e-02
5.136194793812027398e-02
1.619509196137924184e-02
4.883262865251788987e-02
2.483126207061835122e-02
6.013364698627422789e-02
7.527524335008262298e-03
6.838242382956785659e-03
7.343088801971807758e-03
1.163564442892669852e-02
9.152705506070576633e-03
4.226226929364941542e-02
9.928293060181154692e-03
1.224497006492412249e-02
3.776098357538325984e-02
2.921092268089964250e-02
3.007620860287012546e-02
1.045912231047614084e-02
4.271333846723624622e-02
6.450312799625551249e-03
1.516924914721058670e-02
7.905565771965017766e-03
3.310069299462804066e-02
2.589222933534441815e-02
1.332978235589086548e-02
4.695942845531840548e-02
5.507683003348861489e-02
8.472988263607752688e-03
6.961449151917916377e-03
1.198964399574431808e-02
3.340460903471498266e-02
1.331176728614360746e-02
1.092413146816323573e-02
9.786487941892633297e-03
1.439515197247481088e-02
2.615849126537922800e-02
6.150592206209075721e-03
5.156704916090910917e-02
9.869562869523295506e-03
6.301696532988542050e-03
7.723089825340166692e-03
3.258780054529751558e-02
1.224817265394755397e-02
6.111296497633546265e-02
1.911383132558133746e-02
5.011896305082261249e-02
1.321805008663867742e-02
6.293333576421354138e-03
7.476318701924349400e-03
1.197250738557872202e-02
4.332486785520234945e-02
1.358250403399406669e-02
6.404781835271366845e-03
1.647506659909941246e-02
1.082617607710504616e-02
2.804071680954659321e-02
1.402343841465656001e-02
2.130285472052876813e-02
4.785022042044586449e-02
5.158576482805136282e-02
2.012607580492554657e-02
4.954455239995475546e-02
1.518147313707036462e-02
2.994452837123144640e-02
1.248166938504906287e-02
6.336580991759615047e-03
1.028849143655213849e-02
4.024992456586058004e-02
3.006181865297133382e-02
6.413176286742442757e-03
6.473137964420254929e-03
3.816097554911617590e-02
7.674319471688006121e-03
6.697040783844208922e-02
1.209240513413403599e-02
4.648571964787920341e-02
1.415119827698875510e-02
9.571163036411646854e-03
2.246470881337029463e-02
6.880218884566917555e-03
3.106895861791339822e-02
5.447716061298741447e-02
5.693038817551929198e-02
5.292301276816735456e-02
3.089138151578113903e-02
1.635085481141320893e-02
1.184450971340724780e-02
6.647013449624533145e-03
1.409526251129022446e-02
1.385760420257282216e-02
4.131033629812352198e-02
7.819708974820819419e-03
2.473414305468796259e-02
1.521139733779231125e-02
9.652653501758836491e-03
9.639918745735776007e-03
1.475134788428772784e-02
1.050548934533275698e-02
9.285283316956638097e-03
7.892172059034618589e-03
5.274046389158705550e-02
5.155020596603517025e-02
1.490998707573701690e-02
1.496300548838070885e-02
3.667912913227412697e-02
1.195897888212377018e-02
2.148789980384481491e-02
1.051915548608030153e-02
8.305268128909828323e-03
3.900034846303274128e-02
2.880279736869931217e-02
1.286043619128371916e-02
6.439036735121014821e-03
6.228344644994034986e-03
1.346919726037855425e-02
7.044488318787931608e-03
7.156758934563302657e-03
8.137677119296426315e-03
4.357841719364610733e-02
8.301809813170663022e-03
1.453854676197800094e-02
9.434998751376724724e-03
5.397935873780509292e-02
4.573923748153541774e-02
9.969444689039813970e-03
6.195609102634538380e-03
7.478369608659564058e-03
6.246023454437679007e-02
2.745580694600964489e-02
1.185596676901250549e-02
8.339990400859666891e-03
6.665670727670569042e-03
5.272441873781218841e-02
6.571664342780168810e-02
1.381137700406163960e-02
8.988922108655457779e-03
1.579378712065697410e-02
1.425419324567649658e-02
4.277648670519895030e-02
4.010930563461153481e-02
3.597605696745106302e-02
5.187218524061779773e-02
4.949902478745962786e-02
1.351224629150683462e-02
1.217107174802655768e-02
1.365844586304836884e-02
1.501986039831722242e-02
3.843421648467611196e-02
6.328430022691393375e-03
3.921671372934365518e-02
1.456427627647272245e-02
7.329243637290266608e-03
2.441909455988918246e-02
5.510282225868071149e-02
7.238971641226847956e-03
1.054091300586303473e-02
5.899340749564793360e-03
1.133556932754432173e-02
2.938922613585668447e-02
4.888766051515001237e-02
8.899230647780916742e-03
4.407769737019906486e-02
9.928937185225665193e-03
3.111375943717313575e-02
3.441753689113911246e-02
1.511266951518028603e-02
8.556292912970655737e-03
2.381264135412256358e-02
8.352271270169684889e-03
1.604770456254686617e-02
4.330374680208678301e-02
1.087391593960533934e-02
4.515777066175259008e-02
7.030418255846234039e-03
1.291933288807924074e-02
2.093179300488918343e-02
2.608369179119510856e-02
6.460124773229995038e-03
1.304810861071282330e-02
5.607438840417056786e-02
3.737006213875457283e-02
1.078300109518070746e-02
4.107631182403240905e-02
5.294207627451633785e-02
1.365141511103841465e-02
3.424192542360646185e-02
3.449622628664755775e-02
1.316406908808623322e-02
1.330916589843078590e-02
1.209550635488475939e-02
3.973747789422686638e-02
1.205478100927152678e-02
7.795948162489113771e-03
4.708140608355999152e-02
1.410799330037433921e-02
1.140345062475388305e-02
5.878160370914773183e-03
1.251687033678914457e-02
1.289675790429035962e-02
1.131661411339146203e-02
1.583678950021544241e-02
6.588757214373302737e-03
6.845986536845760639e-03
7.972800945754218369e-03
3.583483972726112660e-02
3.474208165084641253e-02
1.265320248126617676e-02
1.560766974288510522e-02
9.916969467726665863e-03
3.514324102960815488e-02
7.972257687504133439e-03
1.489442034516388381e-02
1.287747035216882559e-02
7.126521215791752767e-03
6.487259598982872411e-03
3.222472465817175641e-02
6.717673149566891384e-03
1.379773281955809158e-02
2.100476645562956643e-02
4.355560973467931252e-02
5.096125432975089770e-02
3.693029748466419848e-02
4.224294268633495969e-02
8.188264950810498696e-03
8.282546150650124325e-03
7.813920078790823065e-03
3.575056121104890072e-02
3.971693403559466845e-02
7.489268941822842252e-03
1.142435580309385419e-02
6.616234105050640413e-03
1.129682789979750794e-02
7.982675291384706134e-03
9.832253965454597344e-03
2.391074536219648175e-02
5.085502354672308267e-02
6.965658108817929066e-03
1.279799301249416425e-02
6.114058240883886441e-02
1.392528948035123837e-02
1.150903769464651366e-02
1.111074998741865341e-02
2.375035280053372846e-02
5.219538997516261908e-02
5.909673238837997306e-02
1.129335372342405060e-02
5.749917488197323068e-02
5.571624648531126045e-02
2.401068961373748964e-02
4.114378822501134347e-02
5.101237661005418589e-02
7.914564789750276261e-03
1.614882044548980600e-02
8.663308502336894076e-03
6.424525008319486967e-03
6.373383252837365454e-02
3.570021076979987967e-02
1.242140458195742196e-02
1.278399328564127149e-02
5.249787247353702307e-02
1.863072661435187516e-02
3.863423681334476195e-02
6.204278223545595800e-03
2.302873020820775038e-02
4.414382682400840724e-02
2.886241549506482484e-02
2.368275985602701084e-02
1.591225167896691273e-02
5.427911241021730893e-02
4.159818509721968649e-02
1.227381330600586795e-02
4.092145889002697656e-02
1.254877279985506383e-02
1.041477342481151626e-02
1.217915573286123057e-02
1.314465670061598646e-02
7.319680758721048945e-03
2.298210501678232473e-02
9.989427649546807342e-03
6.146522182558943059e-02
8.842206735077960331e-03
6.088835599692430517e-02
3.686936556817538985e-02
3.783673440093916762e-02
5.505790442886449726e-02
1.078710822381965043e-02
6.213060511063486085e-03
4.745844346918957207e-02
6.712076041933263265e-03
5.606840663450064072e-02
3.195127711936414372e-02
4.126624094689879119e-02
4.441542875685810382e-02
6.298394544515105442e-02
5.726494851343643527e-02
5.862335882194196629e-02
6.277088445877424504e-03
2.070711391507814442e-02
6.505201983643134345e-02
6.500630042783409057e-03
1.083633609747518094e-02
6.442220878372712477e-03
9.381637878215866311e-03
5.546559084640857729e-02
1.309574383437945092e-02
1.098595665378066313e-02
1.683146398432102189e-02
4.440467014315926941e-02
2.211178418298492127e-02
1.502149281249426198e-02
7.441967513768767833e-03
2.436282995551854180e-02
1.120097403018830047e-02
5.324953022406563735e-02
3.590647875654436744e-02
1.326315293873329103e-02
1.201221870947456402e-02
1.040721098276841360e-02
5.339728635124456335e-02
3.877821300454042941e-02
2.093390057749518196e-02
5.342651014779802032e-02
4.850023507275186274e-02
6.312983475510426483e-03
1.717090830908233126e-02
1.760343352815900431e-02
7.616108165765749123e-03
2.305566276446909674e-02
6.447248500478935246e-03
4.380013191015352109e-02
1.102551106268752530e-02
1.465489290909842077e-02
6.014476691922999302e-02
1.179606829983872139e-02
1.436395883124374703e-02
1.856637449446146837e-02
1.013175731427262000e-02
1.053907510020463296e-02
6.922919988424277790e-03
7.788891241411072600e-03
5.188330757693730005e-02
9.486004540199956953e-03
7.337433069820445408e-03
6.741112946696115223e-03
1.259141264035236983e-02
2.894121492689565728e-02
2.498270560508412952e-02
4.853364482386970241e-02
4.474197641516202556e-02
4.036305390208663052e-02
9.499191535333080527e-03
9.652018084563816075e-03
5.474156685661258487e-02
2.572893693979431268e-02
3.331863087911510896e-02
7.598344714549181041e-03
7.237167438204671413e-03
8.405792949547611151e-03
5.569855694641599048e-02
1.199470212838155483e-02
6.415531210456104638e-02
2.619719268870717918e-02
9.107335935411801225e-03
4.279456215150481690e-02
5.219316573611430116e-02
5.923772747196681156e-03
4.344201530182245641e-02
2.857382704533980439e-02
1.167334028719571939e-02
1.488581063285732142e-02
9.302982548864666829e-03
3.566174829242257233e-02
5.853147537603750616e-02
1.114126634432571934e-02
9.019004913032273654e-03
1.985465103214469063e-02
5.711887415970911402e-02
9.039436026380980385e-03
4.192095874307641412e-02
1.271632150586022442e-02
4.058105797392201619e-02
1.247033099198728741e-02
6.409926004248163445e-02
1.242303313250537472e-02
4.826809308511270658e-02
8.954031036728026319e-03
4.046595130297618581e-02
6.227413562900109556e-03
1.287310464533566318e-02
4.860333853654572739e-02
6.248450065620755195e-02
4.838064035029062543e-02
6.380487910397879270e-03
8.325481147254957387e-03
6.596024647994380187e-03
5.565771834166421961e-02
6.255540733836863210e-02
1.000000000000000000e+00
1.377105351860836296e-02
7.049211596297413895e-03
6.690653838950688659e-02
3.778156431644142527e-02
6.933165447793445367e-03
4.701859995363107808e-02
4.414261919351158275e-02
5.931646099606482925e-02
5.336737215204527540e-02
1.119345526162933771e-02
1.081899002333975950e-02
5.485622000784094732e-02
5.451269078355987924e-02
8.083848255111970860e-03
8.993061353045610218e-03
3.674279588244189210e-02
5.379291393639656915e-02
8.182225444340281151e-03
1.023364503209027269e-02
2.950263877254481748e-02
4.671262097702529037e-02
6.495337630724836407e-03
9.505639334778650737e-03
5.952647077021926310e-03
1.372269676183146721e-02
6.788177035477225597e-03
7.522076284512986891e-03
6.415362818742428863e-02
6.862107523187786599e-03
7.087247100425323083e-03
5.289292002133048204e-02
4.202783161604764506e-02
5.250415572659088842e-02
5.078870149968792158e-02
5.242940780064237610e-02
4.287756043159202807e-02
6.105949869134146002e-02
8.326618032695963165e-03
1.378398433238133165e-02
6.028940745119179545e-02
3.500503742187163758e-02
9.331022354035928626e-03
6.279503989364809344e-03
1.714868874130705614e-02
7.043844468641875800e-03
7.003908927028545603e-03
2.973916892691588765e-02
3.916518850569951360e-02
5.378837973901516578e-02
1.172067152360970789e-02
4.000533096941699673e-02
3.735666725767072122e-02
1.461116793216288810e-02
2.901180410841669097e-02
6.595764302372392369e-03
7.016244238404414912e-02
6.506273666636899246e-03
8.283458796523849102e-03
1.192467982698711647e-02
3.788353585131999657e-02
1.699580623779039720e-02
3.805417694135148493e-02
2.318209348522543012e-02
9.251306647320569482e-03
1.339657883136581920e-02
1.327010822454414117e-02
6.269110780707073949e-02
1.463796989892171205e-02
9.902093283413269248e-03
1.384023609654782584e-02
4.407940755832241708e-02
1.488492318689963768e-02
3.249666588737959438e-02
7.853586409144672209e-03
4.467959394548370183e-02
1.020283134677684930e-02
1.492696535191424811e-02
2.670441493545954934e-02
9.468057672071646808e-03
3.420159163220989895e-02
3.237764710425625886e-02
2.265472061350633573e-02
9.661249171934059229e-03
6.852783671437603745e-03
3.090126457903091123e-02
4.238872495129184653e-02
1.454528482260281606e-02
4.769069138639546457e-02
1.491045637554394218e-02
1.286404588289879330e-02
8.263804559642779629e-03
3.408811416113881332e-02
1.557305631995588302e-02
3.522487947270368930e-02
4.957363449240091008e-02
4.060000779367597956e-02
3.193172313653169087e-02
4.470711501664446919e-02
4.272953997893674805e-02
4.215612758464461901e-02
1.157444559908296297e-02
1.586402867752565587e-02
5.258983361257044825e-02
8.927339350542854574e-03
7.262243089241833364e-03
4.058733085228496268e-02
1.353376381711016672e-02
1.509105056730821598e-02
1.186329323647230573e-02
1.412962047820685331e-02
1.420141750927453837e-02
6.267796973434391211e-03
4.896783562576317167e-02
1.487243535463373539e-02
2.571570319908631636e-02
5.038800063782698097e-02
6.805271637226383528e-03
4.772478757054954973e-02
1.034528929043528576e-02
7.258843683247142957e-03
7.022603235686474335e-03
1.325032768792176220e-02
2.333531517116545217e-02
3.585977563524559569e-02
5.450342569499147527e-02
1.454553773132745420e-02
1.335845200728473514e-02
6.317484935406208167e-03
1.376715544290326929e-02
3.141436794219230194e-02
6.461476305969982709e-03
1.484816714980492086e-02
6.463697989594165139e-02
5.213490846668598910e-02
7.366346837536200294e-03
1.618032158078776608e-02
5.098444006484273427e-02
4.464177149497070701e-02
6.707435133078745379e-03
1.888813125517625063e-02
6.995149276212045408e-03
1.250013170782785996e-02
4.618436708533141255e-02
1.531657727649802896e-02
1.005856495091981585e-02
6.389297184066649454e-03
5.984684406541855572e-02
7.017108999984341192e-03
6.699980846817451575e-03
1.655098364062663682e-02
9.250920814027263281e-03
8.522352592476752087e-03
9.648381240614501558e-03
6.918476488620936907e-03
3.991541303937641560e-02
1.062327192481241772e-02
3.375106800212677310e-02
4.693294554447522554e-02
5.967100437299569654e-02
6.678170187822849053e-03
9.253626658122925119e-03
1.493454218361050384e-02
3.721231665848290932e-02
6.941420833567927585e-03
1.130876526107176157e-02
1.619522239714820191e-02
6.076840262179688569e-03
3.292209208008303051e-02
8.882130406882383922e-03
1.326396421777528353e-02
6.045007316180741989e-03
6.141299999176225155e-02
1.157435708775343859e-02
4.939296475631766575e-02
5.034415585985885233e-02
7.529995527783761404e-03
7.245888064571590070e-03
1.030587614160396494e-02
7.119495133640149284e-03
5.846022269419106146e-03
6.673011256500598933e-03
6.221500473203358909e-03
4.267933596745709934e-02
1.800888023345750474e-02
6.048846705147997022e-02
3.376850401182026479e-02
5.887056104221600854e-03
2.996398039679863332e-02
1.656419764377361353e-02
5.537063965365997958e-02
7.495583061476542713e-03
1.249151688711896795e-02
6.743924285507347030e-03
1.375283213624347439e-02
7.194057426053424541e-03
9.292656857641723098e-03
1.002009090054950015e-02
5.205110024903457366e-02
8.800859743271377891e-03
9.067680533497792655e-03
1.526709843074739587e-02
1.217815505133901417e-02
9.538474777298008855e-03
4.614642631440735165e-02
6.514479330674139215e-03
6.605149520216645198e-03
3.790907451894029445e-02
8.905984482657898493e-03
6.292344081390081889e-02
8.122202925572880733e-03
5.243434567666455104e-02
1.287333752891738937e-02
6.694925257199083220e-03
1.284236640274112259e-02
1.928748729188412697e-02
1.424875656540274330e-02
2.734406598661410365e-02
9.017676415864359085e-03
7.574119423289302731e-03
1.567405445040673598e-02
1.420847409858985548e-02
4.320478487841084708e-02
8.295312770516361650e-03
1.023793448097916683e-02
7.488832741123470707e-03
8.752686066798428741e-03
1.376337959514840545e-02
2.458924300025994505e-02
2.812598312169927242e-02
7.971348283205843821e-03
6.580203398062381415e-02
1.467636495997792084e-02
4.032807694176308161e-02
1.881073348984491078e-02
6.817835347998631168e-03
8.809564014602151716e-03
4.955827492451522071e-02
9.767750400950521439e-03
1.906455687319702844e-02
1.454607127598734825e-02
9.235285447010710760e-03
5.815110483209734449e-02
1.282386002386660430e-02
9.593694328326709403e-03
1.296960573517548683e-02
4.518608701604928668e-02
1.674522858323801433e-02
1.125770795652273649e-02
9.694001975660037837e-03
2.131146119738158359e-02
2.329641107181450524e-02
3.409543372333383865e-02
8.903697427397272435e-03
1.636755059116033403e-02
6.091330048364022864e-02
2.559683688737846019e-02
7.123080000585294350e-03
4.043042730028902770e-02
5.986903811896336636e-02
6.024584764575581508e-02
6.379349788119556552e-02
5.567140692298091359e-02
5.445752870807785140e-02
1.176603496181915370e-02
2.981064593740762048e-02
4.887808880331014766e-02
1.217376912604525678e-02
8.537610114256679802e-03
9.554662232222696158e-03
2.485432856225729473e-02
1.186095881484017581e-02
4.363572961317661175e-02
3.907963132029775716e-02
1.196442421348561762e-02
6.088672796621101384e-03
9.411851630729271487e-03
1.961945156319836944e-02
4.619993881757438609e-02
1.074394870456845362e-02
6.360775057034162919e-03
4.555346665704855524e-02
8.157168809969670559e-03
1.107082966365788117e-02
4.425617396887658594e-02
2.529307311074372594e-02
4.347623596159221060e-02
5.613060808501912913e-02
5.217664485751426912e-02
4.099741315845374656e-02
1.290417611432488620e-02
1.110990442287655700e-02
7.471047933735989327e-03
7.981480582931417544e-03
1.035785177794077208e-02
1.633454364826073674e-02
8.599575097504979712e-03
9.608872566501506368e-03
4.762320817305685378e-02
3.044411392010271458e-02
8.535962941498926801e-03
5.396167797183914344e-02
3.858985403064509045e-02
6.157886499555863952e-02
6.793663853239027307e-03
1.256750802951085363e-02
1.326179623357357645e-02
1.366825410784122327e-02
7.626819481660238563e-03
2.184013160445154311e-02
6.120247654848879476e-02
1.349480654634889476e-02
1.341159955387399849e-02
5.802823990419091887e-02
2.533174806386552166e-02
1.155528372092699471e-02
4.507084772737934841e-02
7.339521452341396870e-03
4.327496097462394525e-02
5.344088103954920677e-02
6.074649138441869621e-03
3.111762192599967086e-02
1.117282607617665555e-02
4.995295042099554689e-02
5.464094515591713663e-02
8.710178709117924814e-03
1.317466709330211705e-02
4.362101040878366143e-02
1.150826793314564320e-02
1.098200694031077791e-02
6.581881604249520575e-03
7.530112095780372612e-03
1.191588165172486474e-02
1.052179333253745047e-02
2.563415504139230500e-02
1.164264966938035641e-02
5.265405701752007978e-02
3.351693635198724208e-02
6.002111558927109014e-02
4.366643845041728172e-02
5.235264675932942841e-02
6.421871523399198811e-02
2.328884325014298276e-02
1.215720772922091082e-02
1.001118306097015589e-02
1.194459206203689686e-02
4.658921463481780628e-02
6.997655750669086461e-02
8.324236860616295725e-03
1.082283696344522005e-02
6.375486009817862322e-03
1.330137012601370280e-02
4.065271530617207280e-02
1.225374715605699084e-02
5.494602077603712859e-02
1.691223297497475644e-02
1.010190209596121928e-02
1.065751766483255709e-02
7.868302141997645174e-03
1.281678605915519305e-02
3.741554599390675695e-02
1.352396228375435210e-02
6.043642692935063607e-03
3.536311542444863648e-02
5.105460995432793692e-02
1.134661541444081413e-02
1.006566892053280086e-02
4.508117437484544798e-02
1.171719546706933776e-02
4.376783144994024488e-02
2.441945557652494200e-02
6.937512383401215135e-03
1.052846277580670419e-02
6.460337906319468804e-02
8.340837502612444970e-03
6.582005145776941013e-03
2.129969605656913817e-02
6.470689760487901773e-03
1.214011627419762061e-02
5.084860828637108310e-02
1.085904149172076463e-02
3.200451728072725016e-02
5.185478811325574394e-02
4.587441995439365400e-02
8.680809226787477087e-03
1.190907965367408658e-02
4.494701351838305270e-02
2.462236378540383699e-02
5.418294234567835876e-02
1.053772192077205919e-02
1.985616322308389123e-02
1.662571573921909837e-02
1.086124513780529176e-02
2.725100556550310096e-02
1.484691102048459575e-02
3.163666180565238850e-02
7.815690317680489690e-03
6.243162690384159580e-02
6.206706253608098439e-02
7.059971735610503889e-03
1.181565046676094632e-02
6.023509731493036090e-02
3.267885245575569836e-02
1.408195558157768201e-02
1.497513789540712813e-02
4.732858362210756731e-02
1.303461454072041628e-02
1.457406706509091487e-02
4.334484720437008221e-02
1.069916327816663668e-02
4.604006560408380883e-02
4.675227867230347112e-02
9.721562580483806421e-03
2.584280714459890466e-02
5.396834856041798217e-02
2.820728182838687023e-02
6.499326516555286107e-03
1.317588879078098428e-02
6.016577914250409442e-02
3.087319681184613057e-02
1.179906207096927118e-02
3.923702578447646472e-02
6.211340401546467174e-03
1.116725718715391377e-02
2.247993299988968949e-02
5.327514816629647099e-02
6.376626226241776871e-03
1.067972544881389506e-02
5.877472673571406021e-03
2.594478631499502752e-02
1.316007354164155235e-02
1.241807250410988973e-02
6.503998838769967095e-03
7.727659296204150187e-03
4.150229451462886243e-02
6.539120931209284338e-02
2.952338775957676076e-02
1.447531899116514739e-02
6.542460864080424342e-03
5.201378767887149951e-02
2.326750448543226865e-02
9.881413864143632000e-03
2.555480331784629189e-02
1.332755566583331518e-02
5.340856043037361250e-02
1.502941827597087388e-02
6.322030039896583617e-03
2.656713601709729394e-02
5.511677725375203202e-02
1.003300269785491368e-02
2.225839232872866766e-02
5.304656199948851181e-02
6.159684813802043454e-03
1.088384104286327717e-02
1.218738374397237804e-02
1.249448134128525179e-02
1.205933745672164471e-02
1.463246638697699581e-02
1.163974826766444801e-02
3.683828066685541913e-02
1.246257279905546404e-02
7.190583677809041056e-03
1.354374482464950832e-02
5.155483947647215154e-02
5.980847653952360218e-03
1.116865003307728269e-02
1.352901770222194287e-02
9.668589872086087375e-03
1.548465824185628510e-02
6.100933974342170191e-02
1.380254711292685371e-02
4.581749394007098020e-02
4.706807748224808852e-02
3.550274369087629694e-02
2.380427741797315130e-02
4.829215772254608074e-02
6.105944092743181492e-03
5.612681487032349786e-02
7.855163667282684045e-03
1.424932708847924216e-02
6.360266376717419248e-03
6.866665406372713353e-03
6.218477368149706933e-03
6.093166996496465759e-02
2.449836432283191909e-02
1.396031524592899337e-02
9.000666266171481605e-03
6.552394726704552884e-03
2.755638887017882593e-02
1.964066091905162723e-02
1.538708455220295056e-02
1.017597056204591795e-02
7.415690773054620273e-03
3.816015649918078068e-02
8.896301739691346924e-03
2.557416875974087914e-02
2.232472639057608496e-02
8.355755835815452739e-03
2.651882380124344699e-02
1.247521700458823803e-02
5.803396995396818518e-03
4.466085640295417575e-02
2.885612267631503317e-02
5.113181639557223129e-02
3.881731355223255048e-02
1.112240762586595363e-02
1.437361712274582391e-02
4.996414182367748397e-02
6.072777086362182025e-02
1.168765434161979713e-02
7.292284616996330335e-03
6.624796898535499981e-03
4.165746183865792068e-02
2.845091630334395383e-02
7.611045045172908259e-03
6.477304284907899057e-02
1.404683977925861443e-02
1.496110790249794917e-02
1.314113068300650639e-02
6.287196417332021475e-03
3.166656758353121603e-02
1.045093400466820532e-02
1.233097732623145842e-02
5.548160742455112565e-02
1.454117117251068833e-02
8.624376372938445320e-03
1.444987148882425666e-02
8.849220520081666624e-03
5.146078346757523847e-02
1.860588886436206207e-02
6.169608829886373200e-03
3.391964203328717148e-02
6.172308203532604620e-02
1.842541908446149873e-02
1.368443173820913135e-02
5.083573723575936926e-02
1.576267173782926537e-02
4.763247808431339547e-02
4.329752976322107788e-02
7.199956294217732186e-03
3.688665081414372465e-02
4.729058937415842739e-02
5.290026049787571738e-02
4.409626366945720161e-02
1.401079759578586874e-02
1.260828960974161826e-02
2.613531726069373215e-02
3.048705505277013450e-02
7.971751194118520747e-03
6.019775680328826734e-02
5.394886138896568678e-02
4.088318714468061610e-02
9.817141986652446958e-03
1.401343490105955505e-02
5.710259704299212175e-02
4.817470127376185379e-02
8.289793344014174947e-03
1.673891302621357061e-02
3.590426035977224012e-02
4.293370945691195317e-02
1.442508810400155300e-02
4.874318360560973840e-02
1.387236076653713263e-02
4.008559975832512445e-02
1.012552758323724024e-02
3.852247493681128926e-02
4.161715126178273938e-02
4.226977152315532227e-02
1.128416580453480735e-02
4.100290954620182393e-02
2.313683082036917943e-02
4.630656665913313041e-02
6.542432084596842834e-02
9.759949734698229740e-03
7.435127738505389362e-03
9.973241519601527480e-03
1.107248703049680885e-02
1.066304172154606232e-02
1.471575923151513879e-02
1.136124902447142697e-02
1.238421558761101937e-02
4.877846054709595452e-02
3.314133238265389025e-02
4.602424200427240181e-02
3.093623348097042022e-02
6.153848586758220961e-03
5.424496127337834206e-02
1.270059298060985213e-02
5.673163288876251903e-02
5.157157816868235267e-02
3.720271269591303442e-02
6.420657059660956484e-03
1.398282890057869071e-02
5.566189368032069956e-02
2.638826362246224008e-02
1.445696302306843754e-02
1.310415497601496830e-02
1.343737367146309938e-02
1.410760098779775991e-02
5.146552577356201114e-02
1.237535961685919464e-02
6.609921687972589860e-03
1.023755392447988841e-02
7.533419660489366725e-03
1.304734522895569654e-02
2.908167172737188486e-02
5.950662032853366520e-03
4.473232432777464462e-02
7.212983471151079157e-03
3.248306947668030964e-02
1.473604770477428098e-02
1.324661917753590726e-02
1.389971343550507575e-02
4.474685718747867941e-02
3.414524734886784096e-02
1.620972221987083961e-02
1.212451498120391789e-02
6.327875341861985935e-03
2.750741678878202562e-02
2.758896178500072627e-02
6.651143909825523066e-03
1.904264171730392363e-02
4.876800282071212106e-02
3.345453147979825237e-02
8.084280979579151413e-03
7.124902520170761297e-03
5.986638268786601338e-03
1.482536047670581641e-02
5.261938665155060924e-02
6.209205456073451507e-02
5.792251140762041950e-02
5.860580507193714067e-02
5.668007562654635290e-02
3.153606276834471783e-02
5.061206226254671287e-02
1.397303065245131086e-02
1.019810682318057077e-02
1.000000000000000000e+00
4.890786435110190677e-02
7.492598184348526515e-03
3.571635193390370472e-02
2.214528540801146902e-02
7.494791682360471725e-03
6.160053020581723188e-02
7.344782649613842106e-03
9.549262170928366281e-03
4.396043449524555252e-02
3.636905554476812380e-02
3.851705879022567641e-02
3.429824775131642967e-02
7.116032102321062647e-03
4.000526871871980250e-02
2.599600778767129777e-02
4.293146133553042004e-02
3.869524871860027804e-02
2.270645313566129961e-02
8.280335403753490489e-03
1.707035615768953685e-02
6.169367316110402864e-03
3.031944225702235679e-02
3.480724134844997292e-02
3.916504881662390830e-02
4.311901514071447838e-02
4.030822480911403632e-02
6.198018213086130268e-02
4.402404094580755767e-02
1.026640455432243672e-02
5.108320446010558569e-02
2.490437269453957617e-02
1.299200932296424790e-02
7.992231724841022955e-03
3.018093313760797369e-02
1.438817397821686925e-02
4.063538858475562038e-02
1.237398804452535112e-02
6.740312622657544661e-02
2.978858763184314556e-02
7.119950827338291516e-03
3.348070866483589259e-02
3.997842700684812317e-02
7.811468209305695402e-03
3.381386502009486178e-02
5.522001137808470184e-02
5.705545334761825266e-02
7.001775582846295545e-03
6.172701334388431063e-03
9.824046906106293636e-03
9.585045839801813530e-03
9.965463328522376762e-03
7.835712599125780123e-03
1.169951163836764271e-02
7.755495260995150242e-03
6.575457834532114250e-03
8.613871628834682617e-03
7.867250868679578901e-03
3.466310183315210458e-02
2.654789808950022006e-02
6.952991356674266890e-03
1.016159515166413681e-02
2.306070221647891355e-02
5.089656366010054250e-02
2.526511132379464369e-02
6.392921680131582324e-03
2.589887334741144617e-02
3.883912945813781936e-02
6.725678281173955164e-02
3.373127893550017381e-02
9.468864196622191198e-03
2.278877787409635397e-02
3.461699267346449171e-02
1.199426906113990401e-02
1.492385104194896006e-02
5.123656771293813583e-02
6.334438620272493659e-02
5.611454610298254736e-02
5.533315027001216996e-02
1.537462685086572398e-02
1.080302871357316855e-02
9.142162605967492015e-03
1.088297979933981231e-02
3.504860201544222204e-02
8.892145251974676104e-03
9.372268542382945419e-03
5.924977724391435746e-02
2.259363621242416881e-02
5.683464697078437905e-02
6.096623741476243051e-03
3.214519412689513522e-02
1.003316131821846251e-02
1.292226329638517142e-02
5.371776216713684132e-02
6.177477434029068903e-02
3.064977102764146130e-02
1.694849646725145667e-02
1.289808801130214351e-02
5.150689899290010476e-02
1.962899123540476701e-02
3.501602067614097841e-02
5.634282151231929242e-02
4.341771951338412039e-02
5.347723022367276147e-02
1.045959946824262868e-02
3.399487814893707022e-02
6.127322740508211324e-03
7.922294593970894902e-03
3.046112709282742387e-02
1.591256082795100904e-02
3.438485844540566799e-02
4.766959298540998646e-02
1.362523917668167876e-02
3.988674672475981536e-02
8.164482986221069036e-03
7.873988280323773042e-03
1.353907742506157454e-02
1.547883443218876776e-02
5.982505109109888947e-02
2.766826857072494927e-02
4.756815384336075120e-02
4.237665296202008935e-02
2.178041204751170190e-02
2.726232964957090235e-02
3.634358341939709219e-02
4.894081597550887369e-02
6.708749539361528492e-03
3.056841727603590991e-02
8.065232261013478496e-03
2.485639475589820208e-02
1.561196941657183243e-02
8.388504851868133078e-03
2.728460653618468290e-02
1.532482905997222151e-02
3.440086893695161463e-02
3.007062700478899120e-02
7.471042741623819435e-03
6.458549166006463844e-03
6.071176520229664558e-02
6.889938773464261354e-03
4.551752372009146286e-02
6.505958819635034029e-02
2.390089094681899923e-02
2.361474262203640956e-02
1.273104467091780261e-02
1.379554142250311900e-02
1.255379850837932791e-02
3.309608346506308363e-02
7.084102381165618273e-03
8.084529373198891949e-03
6.342583669751543016e-03
1.048497815539496669e-02
2.494654463013450466e-02
6.423582034833032195e-02
1.411948109746836294e-02
9.491579242555220688e-03
4.487162605455595477e-02
3.328229667432296840e-02
6.104620187709427354e-02
5.856786395663075850e-02
1.320567909793056091e-02
3.681681535434286334e-02
9.427320922855865828e-03
6.804475895536198082e-03
4.270447146338659378e-02
4.638621366844183219e-02
4.444435987938412380e-02
1.375834212794680399e-02
2.692346088100260396e-02
5.323923269917495843e-02
4.421758597254667883e-02
9.662493991347038610e-03
7.569859578854527642e-03
1.594747709472724498e-02
1.298103688819302916e-02
4.965070297986848985e-02
5.082309260795005168e-02
9.188535177796490483e-03
9.805598411037612372e-03
7.649867031255416089e-03
4.911110106712448381e-02
6.316446041800547265e-03
3.309704705376251277e-02
9.812445007266587874e-03
2.019853002175294593e-02
2.758593350860565063e-02
1.511660677283155514e-02
5.782010680601316899e-02
9.251134326127610427e-03
6.569928603102796055e-03
1.004800387702211965e-02
8.948027757645629285e-03
4.194703219427636798e-02
9.756474915970217432e-03
1.392228422436131430e-02
1.666876844796721588e-02
1.655931793150138692e-02
5.341002573128183356e-02
3.305648060119628640e-02
1.475945995622878967e-02
1.189635809760126658e-02
2.934324065896425429e-02
5.982245886774106153e-02
4.737996461437850304e-02
6.758177444094403373e-03
1.179103069039570857e-02
3.232914262568453018e-02
5.498452141100435009e-02
1.471245517256682296e-02
5.188949284610069879e-02
7.369541550455690863e-03
6.016613986753770876e-02
1.068288467409812294e-02
4.511951365658389834e-02
1.103812664549319242e-02
5.484063084816641342e-02
1.161731841141127111e-02
4.918410467508996936e-02
6.873452499562711371e-02
2.864865400930823730e-02
1.065952803199592298e-02
3.883832633267244455e-02
1.447289501166451088e-02
1.484499879191396136e-02
2.324234086135553226e-02
7.991566768486217665e-03
1.352187100249616081e-02
1.185187428223599508e-02
9.198711742632417407e-03
1.740491752243694679e-02
6.480229799564862780e-03
4.185410957005308158e-02
1.116007721972832323e-02
1.477370857112746301e-02
2.382240450419509728e-02
8.566970726839664985e-03
5.777227848887064865e-02
6.961973399974124774e-03
1.590773270530480149e-02
6.678316891379684761e-02
1.370802795088106076e-02
6.836323423900755696e-03
5.792234549931946086e-02
5.691638763009751467e-02
2.709466782420811778e-02
6.698826589001415088e-03
2.960882062598667319e-02
2.047953166487421692e-02
4.132081360105696599e-02
1.440678083119735151e-02
6.067057553140722120e-02
8.636505309232676841e-03
5.471088426317400472e-02
7.472056138585206168e-03
2.938621345481354577e-02
1.569443152095672048e-02
3.394704226883940579e-02
3.093553223688923215e-02
2.810319320523466460e-02
1.096583145412897801e-02
1.507488882005886960e-02
4.448511404827797111e-02
2.596695894758374590e-02
6.385626902034926070e-03
2.024587318563237162e-02
5.199709298985274314e-02
4.261521208955761780e-02
6.859353239495107057e-02
1.000454716542303890e-02
3.097597312808776301e-02
1.692168060670327934e-02
4.817620314750048482e-02
7.625663586852141941e-03
3.709954056365853681e-02
1.610955744452940985e-02
1.574081979226853167e-02
1.223781161227137718e-02
1.028525468205156168e-02
2.549388514691769761e-02
1.445834868902559633e-02
3.568260157255138260e-02
1.878936921783233571e-02
1.101760402153812574e-02
4.589317379412476833e-02
9.380050295394751214e-03
4.478012197854728399e-02
4.910248561199689887e-02
6.753960116867417651e-02
1.215572217574732369e-02
6.807871989513198004e-03
6.276439846145676071e-02
3.773707721350755967e-02
5.170371451172053184e-02
1.337143057795180112e-02
1.147495823023015650e-02
5.229326634198977475e-02
3.322571310563771085e-02
3.771766178917698026e-02
1.104906353091572417e-02
4.242263118851571230e-02
2.232796201726288537e-02
1.227811872452030419e-02
1.233032735558943147e-02
3.522784367190102961e-02
6.540892794015040757e-02
2.683910727663687407e-02
7.519684163985094170e-03
5.522164127164791436e-02
8.671992805394464557e-03
3.028449223969447227e-02
1.303141711137074076e-02
4.366352211768960434e-02
4.790492658093715300e-02
1.181568467341182274e-02
2.629630133615863674e-02
1.045199178489444360e-02
4.544566707903215097e-02
9.426829847435955895e-03
4.948110506810189657e-02
6.766894594875135990e-03
1.009673403097895161e-02
1.421300302148619833e-02
9.301644711447990335e-03
9.045553937048896390e-03
3.705722254431386559e-02
1.065730343507653201e-02
4.016134941407124154e-02
9.126085340635201396e-03
6.275084792641427538e-03
2.161487819610841826e-02
3.212849092152517128e-02
4.707487188370004794e-02
5.471314320425423039e-02
5.929854924613192461e-03
1.117648004336536244e-02
3.300608814754810855e-02
2.385938746862997437e-02
5.215762148596474190e-02
6.466767829996040995e-02
1.384038359778108282e-02
2.538913215449847133e-02
1.562463762701706525e-02
1.531614716169861327e-02
1.180736319437843997e-02
1.348163406669135311e-02
1.386800245115025858e-02
1.432413299159660501e-02
4.984430040970004583e-02
1.983937874089468367e-02
5.214685319874550612e-02
4.999566191564892847e-02
1.210158821609096970e-02
7.576171590932418917e-03
1.281653684962394749e-02
1.047618932077172375e-02
4.926628814216945512e-02
8.476616839220383476e-03
8.701660445591606965e-03
6.374941701737233714e-03
6.664388885658846517e-02
6.018434387593955652e-03
6.164720718868896970e-03
1.589597449073486615e-02
6.581112463418472940e-03
4.855861058685048692e-02
3.832537470831053755e-02
5.998584109763658613e-03
4.040554183985640979e-02
6.786061060354206358e-03
4.567401420271785528e-02
8.360513093310647376e-03
8.270851645802398608e-03
2.409750743558327149e-02
4.396169645485541871e-02
6.592597024823272645e-02
7.349066478361822828e-03
5.226701669483126839e-02
1.608423879940750270e-02
3.807835619460991222e-02
9.314348180325122961e-03
5.008825029098019910e-02
3.100979335808166926e-02
7.733291366968305346e-03
6.431981123856736308e-03
4.384307499605688552e-02
2.096903236796114275e-02
1.485079149669554614e-02
1.371564230383824114e-02
8.420731425652762045e-03
2.872183979342755183e-02
8.872332617038415289e-03
5.402454279091788852e-02
5.261814764191505289e-02
5.952657350499723082e-02
5.603511436136018181e-02
2.862740143796927220e-02
5.997090822514998879e-03
2.664739192626128239e-02
2.680885116026441098e-02
6.802679706097205722e-03
7.814852521917291239e-03
3.678533881514017140e-02
8.022243028782884144e-03
3.806456486190575028e-02
9.321835435777026113e-03
3.172835440368348969e-02
1.266999201279297646e-02
7.190054005424537098e-03
4.253572196472477085e-02
1.059609120689228995e-02
5.707712270329680371e-02
1.550027066341986941e-02
9.160677720106645203e-03
2.181178764033859380e-02
3.652308468662626706e-02
1.119017110671363495e-02
4.536898214979278449e-02
2.520589567981200776e-02
1.421437416303313744e-02
1.390317573632235751e-02
5.913120141460263129e-02
9.954110489662128941e-03
1.037505528264172187e-02
2.024911969906499284e-02
7.175425661275839674e-03
6.225631241663114740e-02
5.112112762722560710e-02
2.735414241472407595e-02
6.678660169506293008e-03
6.781255611884084988e-03
1.629214456026929422e-02
5.386819971999706747e-02
1.448323013932149850e-02
6.211015831641747940e-03
9.449993506687195954e-03
1.388583712190282100e-02
4.682250539847917364e-02
4.292143819869584376e-02
5.843641868978959042e-02
1.057639045010277425e-02
1.102692015566675635e-02
5.431827320719236074e-02
1.297208800105997817e-02
1.051107380192136363e-02
2.798170386051473946e-02
2.923279197676236993e-02
1.715745614912184830e-02
1.339644284438868717e-02
9.026002326659296818e-03
3.241387512284116257e-02
3.887738545446976779e-02
2.429257141878244861e-02
3.187965293780098408e-02
5.036916314661001731e-02
6.716611013441697343e-03
3.972366586487598855e-02
6.473453381259348417e-03
3.644686743624340336e-02
8.647680928847526274e-03
5.547760466111625877e-02
6.675521471394146172e-03
5.611351279031522032e-02
8.943379709297460609e-03
5.862431893812999895e-02
3.506542158446614155e-02
5.577927267374745146e-02
1.491033512377877915e-02
3.266000350883406511e-02
1.473076432142254345e-02
4.319973522472204952e-02
1.104835263876927966e-02
4.681038140813160997e-02
5.230186068645743813e-02
4.152120107906254187e-02
1.011971993086893326e-02
1.193081666887091039e-02
5.178448263189044942e-02
2.387445182630423476e-02
5.744609185352280746e-03
6.644255041511542420e-03
4.594452960755242982e-02
6.716837348231603083e-03
1.125792516417044656e-02
3.217438961325274488e-02
7.834514915437261473e-03
9.314041982462571700e-03
8.969788669129580977e-03
7.411986595895645943e-03
1.480161972740429155e-02
7.554733474500247362e-03
1.221144969348958442e-02
3.690099539775060916e-02
3.009524389744261397e-02
4.111217951882167182e-02
5.564021743949445348e-02
1.133207534791406089e-02
6.353368460836734087e-03
6.252878642293750733e-02
2.288649020205945489e-02
1.151095223223202145e-02
4.139397675759547840e-02
6.354772374087329367e-02
1.149211290527009030e-02
3.280620460940596866e-02
8.772037083324484355e-03
5.582800733985798791e-02
4.581654564988312667e-02
1.188095165048165362e-02
2.145660965256421943e-02
8.215838496550210285e-03
6.850318004678264926e-03
5.597777787648674369e-02
1.065657702556038061e-02
4.129926321690449709e-02
6.301496759239581802e-02
5.893177948305054585e-03
3.437542832995528486e-02
7.507885344180107758e-03
6.233044810328005302e-03
1.261884243046136785e-02
3.285990399192157546e-02
3.363071064216965195e-02
6.270197954513169469e-02
1.148370048940920013e-02
4.334006295433608796e-02
6.132079524458057540e-02
1.166342575389405119e-02
3.210201627788310946e-02
3.098650628870005044e-02
1.171909277740604272e-02
6.592162671187712375e-02
3.265254153324561454e-02
2.554859948502546940e-02
1.562814909975502112e-02
1.060975870016688319e-02
3.523890991317327887e-02
6.105366214847578882e-02
2.213076854073969466e-02
9.237660920433038783e-03
1.373555457445078953e-02
8.159458602770310737e-03
4.458149377279680553e-02
6.283461756485823370e-03
2.908774143475639437e-02
6.610342275697594049e-03
5.186212794346664601e-02
1.482105451874759193e-02
5.109792609826863119e-02
1.585736586869736578e-02
2.221062018027147172e-02
1.590962266650272974e-02
6.221042978246337646e-02
1.686827252257545873e-02
6.445021642572456612e-03
5.029034649232479864e-02
1.406987606185879265e-02
1.389573630682757258e-02
6.083153847943422073e-03
1.352263210860069065e-02
4.935785377812226121e-02
6.872764172622804896e-03
9.850965109878909512e-03
6.847078245211767056e-03
6.314178820405854514e-03
1.457703626807532390e-02
7.556754768371325495e-03
2.009097418582999825e-02
5.314190358342157916e-02
8.582813359108916115e-03
1.018598311058424750e-02
6.256963898356828098e-03
1.249920354849195191e-02
2.773942839149636658e-02
8.462644152020571547e-03
3.419460637438870992e-02
2.530894777489859152e-02
3.219571348229492702e-02
1.379901628111497580e-02
5.942967325160880381e-03
3.709753303076159664e-02
1.535032673907952248e-02
5.454719101876046722e-02
4.049063750011872020e-02
1.320719918841945124e-02
5.124581783068618557e-02
3.400737436661699364e-02
5.001692519010265264e-02
3.028421505883550219e-02
5.189541671742464030e-02
5.096606843558261490e-02
6.695662116722919319e-03
1.096100792241272610e-02
1.497426470198747091e-02
4.028256231582774682e-02
1.051495442021197976e-02
5.765665737241684741e-02
1.268709252627182871e-02
2.026025660457864835e-02
2.342090031598751537e-02
2.700061593351603395e-02
2.659429437326003148e-02
1.553401086155404946e-02
6.118527002034006290e-02
6.660928068796654125e-03
5.330081320881002033e-02
7.783498357468355937e-03
3.653538979919025709e-02
5.177474152961070164e-02
9.603395789446101186e-03
2.166200340813192321e-02
1.501662060621178178e-02
6.171108797517817213e-03
7.344784716142515983e-03
1.025168453066327076e-02
3.101889222502757573e-02
8.073169536187708648e-03
1.026925025040616515e-02
1.033013318809851422e-02
1.309874220332488820e-02
4.046551104811892119e-02
4.613715600667921135e-02
9.146332391941652817e-03
6.906041747262791491e-03
4.731760788720402316e-02
8.006640455109481982e-03
1.749855838235834724e-02
5.670043738718655302e-02
2.832028533737647805e-02
9.564719393632696923e-03
6.184330997160494836e-03
1.400314757034121227e-02
1.808703077261023667e-02
1.470074731290234131e-02
1.428706605595527618e-02
5.197652403340401878e-02
7.443807413334756380e-03
9.363869192869895761e-03
4.704887147892566901e-02
6.378411178429549411e-03
3.020357569966860764e-02
1.384959516794505643e-02
2.125862471901985434e-02
9.405216516780777122e-03
1.609870826939690039e-02
1.142503092758366014e-02
3.749833980362721197e-02
7.255119125518550392e-03
9.857455542901159135e-03
5.073093860472840944e-02
1.123862399625365736e-02
1.904945501561558507e-02
5.655024921327202886e-02
3.508397353201476998e-02
2.255755035615886542e-02
1.342275314317378614e-02
3.145412954628479946e-02
9.007140834078622427e-03
7.836241474283538525e-03
1.462978526662808872e-02
2.266720021210457542e-02
9.583070386721891445e-03
1.519055699610828876e-02
1.870604137102878373e-02
6.437370001285532863e-03
1.294539500187442439e-02
1.478913685421239139e-02
3.913892078510377431e-02
5.456859436506000111e-02
1.143447225792647293e-02
5.095210304728759604e-02
4.270891437377431071e-02
3.287864934867078953e-02
8.896369553628078602e-03
1.081644045291904090e-02
7.565682749704684407e-03
1.139775056813514473e-02
6.311597526062341645e-02
3.554177624133107727e-02
9.927937339540227057e-03
5.256258094884066340e-02
8.756814265850813503e-03
1.327138912803717263e-02
6.564631439790695640e-03
1.991518034960025260e-02
1.375657509341070804e-02
5.272809405496718671e-02
9.606199981778078267e-03
6.609528581977641704e-02
3.990592953488111827e-02
1.349781535950127925e-02
1.897847435443002564e-02
9.705440417266278028e-03
2.963328923221191305e-02
1.440374452490633152e-02
1.151201501520839228e-02
6.339681141260029851e-02
4.988017030377350780e-02
6.199944107310657523e-03
2.248026997214191275e-02
6.648395497721366378e-03
1.225499713107966807e-02
4.112930207458613541e-02
6.411439604650472600e-03
6.674332819294078595e-03
8.969754041623421645e-03
6.150954892485267778e-02
5.882059689850394762e-02
3.412572994599425563e-02
1.293931315581440741e-02
3.920477197540216119e-02
6.638581223172584748e-03
4.072470864387758849e-02
2.672026433722985220e-02
2.141602668783081781e-02
1.312569269584005181e-02
1.282383314447788601e-02
5.242849488517127565e-02
2.254929934715671491e-02
1.982350517494772812e-02
2.824423365940950670e-02
4.484939681166243142e-02
4.022548450555440969e-02
5.653725175331444225e-02
9.296673270106857109e-03
8.143392806485624108e-03
1.555160861144932495e-02
4.998397997420730293e-02
4.679656677895237954e-02
1.449394264898972405e-02
3.182071702585745343e-02
7.171040106503663580e-03
3.430351523310245371e-02
4.876742448406411884e-02
4.730357268521510200e-02
6.597455928605988444e-03
1.350677422142376564e-02
1.564435599053852835e-02
2.699000816386288790e-02
1.367262048489637644e-02
1.434026704308009360e-02
1.229578709376941657e-02
6.203358142854493301e-02
2.382559481168208468e-02
1.149365633710318010e-02
1.188442995295585503e-02
6.294562436666820138e-02
6.023507727764096376e-03
1.327941158338110869e-02
1.287108015663497758e-02
2.949144456381682516e-02
2.611650258752756110e-02
8.232500626183584386e-03
1.293117621930001473e-02
7.598939191350994812e-03
9.482483627295252085e-03
1.015148992224517918e-02
9.844060460283490105e-03
6.198483933931585310e-02
8.056508301628821297e-03
6.820720044612954558e-03
6.834875586033706610e-03
4.463977370983020915e-02
4.547521609040904023e-02
3.403668582786052027e-02
4.974573355112121148e-02
1.173068598906911418e-02
7.660682699436972137e-03
9.872079575284737132e-03
5.875419017109886205e-03
1.440337674952427843e-02
1.224154740599190175e-02
3.679979117834605157e-02
5.150899666283329653e-02
2.294529301223110010e-02
3.833128821941490794e-02
7.725601157087804045e-03
6.582391643163006296e-03
4.584482674769550098e-02
3.962633495282279206e-02
3.375258932655781502e-02
3.245529689173453497e-02
1.096794612529819815e-02
6.506279341947062041e-03
6.239026731445419111e-02
1.328994326197928573e-02
5.522942164740663601e-02
6.352294092490204380e-03
3.188251865452461364e-02
1.004857664577710370e-02
1.098683056527986930e-02
1.663704001207834404e-02
4.858758946034485993e-02
1.626130880344160354e-02
2.163745031465644231e-02
6.723076040914805970e-03
6.027081075711502277e-03
4.675073004886499961e-02
2.843031979524841477e-02
2.238411370912114090e-02
7.688536054910155570e-03
1.439615860665038535e-02
6.669223347952489556e-02
5.351950161145430096e-02
2.923990615431739173e-02
4.323968558203867413e-02
3.866971655077613285e-02
1.225861779470609897e-02
6.659736745940012317e-03
8.494396577778262278e-03
1.331645378340603515e-02
1.410186220339918438e-02
7.572403284391491379e-03
4.690039744327154092e-02
4.905902112559484829e-02
5.556975240299076579e-02
1.095680073191071871e-02
3.337678858620685141e-02
7.332533821595229803e-03
1.179809570497172659e-02
9.528727374349036869e-03
1.105612890914723853e-02
2.226186207927428190e-02
1.137177655488904281e-02
3.607329848477107415e-02
6.692336390546818094e-03
3.228922519355754278e-02
9.935884229956065336e-03
1.546942028710880483e-02
2.577080426834281110e-02
1.158054213522174622e-02
1.392444885666698287e-02
4.631292666234961691e-02
8.288917058543010530e-03
2.495313464746434090e-02
1.146236007423323371e-02
1.433788640652599103e-02
1.406537461659693004e-02
4.817576078349117968e-02
1.208292838836012850e-02
1.436450104569409955e-02
6.199936928388843221e-02
1.091198425973331082e-02
1.266845638613119628e-02
1.684316493840051776e-02
1.543523735329329662e-02
5.081373958702888050e-02
1.342777713057885340e-02
1.117270194412917951e-02
1.227535930981542983e-02
6.926778878458860964e-03
1.593521806744482502e-02
7.892361627832945870e-03
8.482089932841305885e-03
1.141309767957541209e-02
8.053421370682399549e-03
1.292727322321901226e-02
7.718995396980107837e-03
7.389888491990462098e-03
3.975410406555378307e-02
9.545702095555167604e-03
1.329712617379474014e-02
7.262262949237531691e-03
1.466703761069363884e-02
5.416001222197710380e-02
5.143343145097291347e-02
2.570924123819911047e-02
3.832196406976751124e-02
5.880560928299314108e-03
1.114649892392733516e-02
7.172098853057078116e-03
6.672346259350934831e-03
1.588593051447208596e-02
9.806347626991927108e-03
2.452560310141812042e-02
1.240084076331808213e-02
7.039734322550730665e-03
2.406367565210367973e-02
7.658788089705445036e-03
7.871078692060657148e-03
1.319243572792436897e-02
7.023919015783150824e-03
9.821070694008671165e-03
3.167545578548177504e-02
5.076351115554551818e-02
9.657502789770349913e-03
9.210596009155731442e-03
7.975211750121858137e-03
1.188740512169868431e-02
1.398812776020956321e-02
1.723769846121623456e-02
5.039985611317148589e-02
4.244659308774360179e-02
9.661722305720705020e-03
5.986125349609855081e-03
1.220552358031735431e-02
4.048759150017065128e-02
2.800392849627094186e-02
1.374796168303183547e-02
6.124675815824627556e-02
2.311507211252271377e-02
5.256354873104379655e-02
2.780844418314936534e-02
1.341213673282732471e-02
2.813222044006016484e-02
5.218821046580091744e-02
1.068564435441432016e-02
1.076925654502351552e-02
6.619891405802268668e-03
7.224028389966163921e-03
5.125019952465214440e-02
2.939472057873618316e-02
1.565558143859185902e-02
6.304624156109201079e-03
2.043370772362248025e-02
1.263075595786224657e-02
1.168834656065029405e-02
5.065583764095491631e-02
1.183201706529800334e-02
5.036325018024101485e-02
1.326501883084494661e-02
6.562117246887446374e-03
1.601124995555653144e-02
2.656796317507417737e-02
6.630525037778547959e-02
4.078245248587473309e-02
6.022743263385469531e-02
4.287500002504984753e-02
2.256898819733174633e-02
3.943689377233437071e-02
1.265209759728108327e-02
1.065854168428608667e-02
3.214724055037653655e-02
5.877250124332054210e-02
1.172183625271760489e-02
8.184677698083561020e-03
4.795737087958202444e-02
1.115261304133489083e-02
2.624086791353347561e-02
4.348981346118941521e-02
5.659550646418826103e-02
1.369168237404584827e-02
4.539827566946653958e-02
6.108789822630088240e-02
1.047688964030820714e-02
1.879547476723220437e-02
2.161716102230307537e-02
3.383227886942703072e-02
4.598050891351373320e-02
8.844353289823650432e-03
3.204066417372217201e-02
1.546227297798943683e-02
7.275328987848635534e-03
6.282194645430228853e-03
5.913386532778042159e-02
1.250678152639946375e-02
4.265341411448435316e-02
7.871100229969452133e-03
1.284001198268901016e-02
7.299102414513977850e-03
2.869841210677729834e-02
4.586597057816454298e-02
4.426772915106808037e-02
1.057616548266918956e-02
1.206976708061843241e-02
5.020112157977253686e-02
7.758324142567060190e-03
2.073978614000642623e-02
2.273781558547029874e-02
7.630340159314952936e-03
3.429670483793070823e-02
1.572336722993557950e-02
3.730527340930883673e-02
5.224111623196265458e-02
1.343583052078174689e-02
1.326226853029949596e-02
7.894798680119658255e-03
1.216267896130628946e-02
1.202198099416142314e-02
9.597310794482647595e-03
6.399581270547440026e-02
1.767983276747726873e-02
2.777110912741059812e-02
1.342465845498503826e-02
6.098427422996272051e-02
1.366107463033586558e-02
6.197546871142965014e-02
7.818208712486842196e-03
1.150588025895907425e-02
3.737789000854447458e-02
1.374717620432040072e-02
2.959189003775293189e-02
7.334291669093378520e-03
1.555676963484554573e-02
2.575284178016738409e-02
3.907597497077310023e-02
3.650954649844476846e-02
7.522660415917190035e-03
1.609802332684222986e-02
3.872403226125896436e-02
7.354191967538239137e-03
3.876214869767062587e-02
2.653344218752660619e-02
5.699844700847869761e-02
4.158820228476767938e-02
3.125832680766051780e-02
1.215524587044319350e-02
8.252715624478431516e-03
6.432372443079507549e-03
4.200983852795176637e-02
5.542197207934024261e-02
5.834744762062632484e-02
5.829048623928543421e-02
6.588253942220629288e-03
6.429633364197571976e-02
9.781917283810405081e-03
8.516931502812758598e-03
8.239847377803265899e-03
9.984406615465400356e-03
7.938455948440842000e-03
1.821677620170893824e-02
1.227922394670739881e-02
1.802918900872347088e-02
5.694325933041238796e-02
6.974078250605972480e-03
2.876217466291617134e-02
1.088242446195337304e-02
4.430826727068620796e-02
3.867351543434092986e-02
3.843284170337136346e-02
4.531799621522444865e-02
1.944541519681778491e-02
4.480544671707619581e-02
9.167351368895045385e-03
8.252995839063649239e-03
3.145208323476148676e-02
1.094026423427034954e-02
1.050080329656165150e-02
2.612053022431315430e-02
1.309405985329737537e-02
6.622659745425652986e-03
6.516020606251463933e-03
2.305364168475196665e-02
8.584820974891204173e-03
1.173571723022655104e-02
1.434360163058261486e-02
7.225761133034004635e-03
6.213457529478855212e-02
1.101465205202306792e-02
2.918867541942625141e-02
5.545001730017636715e-02
3.538632243555615148e-02
5.524368117053835014e-02
1.526676171879784091e-02
1.225025910373880693e-02
1.327735075793879185e-02
1.363716365237398892e-02
9.608548019564837339e-03
6.989686333457953253e-03
8.977555919335192952e-03
4.066750948652663594e-02
1.282258629593308920e-02
1.578843299812569476e-02
2.843693719349564206e-02
3.476483307982392718e-02
6.881415250875472407e-03
1.480801142485468729e-02
7.270606549673302305e-03
4.421725498492889983e-02
1.168215014804329169e-02
1.233861175325140676e-02
5.520272136590203410e-02
1.607996283292819836e-02
2.640874188395042968e-02
1.339483327904796017e-02
3.777814488906184459e-02
4.665473475786760527e-02
9.114422093161123409e-03
2.680073844665946392e-02
1.100359452824521689e-02
4.434559484556741676e-02
5.894444191034905328e-03
4.594832197455364642e-02
5.628031489415422778e-02
1.418246389286659595e-02
2.236023814308547852e-02
3.826473911835211184e-02
4.154191474310562487e-02
2.314719497241417984e-02
6.535224121737795260e-03
5.328382094949746239e-02
9.754399227944099762e-03
1.280781441363184649e-02
7.230953041877748698e-03
7.859245300375794496e-03
5.613380861696835172e-02
1.166238104742301808e-02
4.480457738194636857e-02
4.307257319276772134e-02
3.052841895378846995e-02
1.885770437415774589e-02
1.262900290805505331e-02
4.526300582846588816e-02
1.270348510943352348e-02
8.902282607131637576e-03
8.514124668906376120e-03
1.356298163067891360e-02
7.094471661044570408e-03
4.493345171356559475e-02
4.445029561739216595e-02
3.162956473426182386e-02
3.535537759192048518e-02
4.653357038514993604e-02
1.241878031013443281e-02
7.529496302149877272e-03
4.107137050569220627e-02
6.222758246182404432e-03
6.123147654263110667e-02
1.515272601623582870e-02
3.242281874983920370e-02
2.550538090744105396e-02
1.174832656261116763e-02
1.080975805954643813e-02
1.423640569668968743e-02
1.321141028240185693e-02
1.374298819263404178e-02
6.896571341284235546e-02
6.633166438948993882e-02
2.978348953863147255e-02
1.031436450563580701e-02
4.632122432921619709e-02
1.103618576020464967e-02
4.209305902677475120e-02
4.941172770638945638e-02
1.218070515580333552e-02
4.521763415951324944e-02
5.583914883752767039e-02
1.484392173613374548e-02
1.037490061915583017e-02
6.393330879719587301e-02
1.067215082977810911e-02
1.263691619651088199e-02
1.091105158630346558e-02
5.291034152159133919e-02
1.881630138423336790e-02
1.862131975773931303e-02
1.192832990867894599e-02
1.541680663340934052e-02
1.059295949723341665e-02
1.005069196674504735e-02
6.112045122464662694e-02
3.363405298718667724e-02
4.867111273886567946e-02
3.470771159976038939e-02
8.277546092156277610e-03
6.089793784145909258e-03
6.353285538772104890e-02
6.422256984562379860e-03
1.211314548384202078e-02
2.137635594458468097e-02
5.049180731636160324e-02
1.408095532404998566e-02
8.480646442909030303e-03
1.370115224339463027e-02
2.604841739029466890e-02
3.306530763303204556e-02
6.768629479231493863e-03
2.888704743810033282e-02
7.504183728447230695e-03
6.125042878350551306e-02
4.965095393479093677e-02
1.259208193368574653e-02
5.857311169304860524e-03
1.305846018414628593e-02
1.523701811806427338e-02
1.247898924657551457e-02
4.612543353306032545e-02
6.015235374941678252e-03
1.300365372831028231e-02
8.082345824741965154e-03
8.038897548579582511e-03
1.089414144102968975e-02
1.041616926119032054e-02
9.981196592912668086e-03
8.298114308556391039e-03
5.118160761388124841e-02
3.608114922910027333e-02
2.191671862211849384e-02
7.290708905630674530e-03
8.136877718771728593e-03
6.038810321944244192e-03
1.483685408411280528e-02
7.308910183892007584e-03
1.316720294281226340e-02
3.395498227039715072e-02
1.265668804128035861e-02
3.718519581696794890e-02
6.438773354004070915e-02
8.258281893380362004e-03
5.790754503616544341e-02
3.054325430313985928e-02
5.211550172926471269e-02
4.465919115948890905e-02
1.616064161410117259e-02
1.047429530399559064e-02
1.584262009866714560e-02
1.610908360983421758e-02
8.027345434377601563e-03
8.103798841558646285e-03
2.397754151504646186e-02
5.213926358348656975e-02
1.151200080627455720e-02
1.049965879362286213e-02
4.409961196147044182e-02
1.135931032536347494e-02
8.076418275950836972e-03
2.750976045728121405e-02
3.415636789847957544e-02
3.140014201233337632e-02
1.465866227646302374e-02
8.916021437499475552e-03
3.381869249893208751e-02
3.271461761426480014e-02
6.814408666508593726e-02
8.592390046714555932e-03
2.324836550285348802e-02
1.182385497998958597e-02
1.000000000000000000e+00
4.087237669481125213e-02
5.172738216356812663e-02
7.570131987461030387e-03
7.008826040418335290e-02
8.834968671795584774e-03
4.099006570006090422e-02
1.059347117812167900e-02
4.619593278626731719e-02
6.213387110275150026e-03
6.363794297187524984e-02
7.084291783503150752e-03
9.841478039282368015e-03
8.980079975600956110e-03
1.079972539722093977e-02
1.620083438519825253e-02
1.302716755476485654e-02
1.099189165224578185e-02
1.995771318520855528e-02
4.662588630991632010e-02
1.533074406764628125e-02
2.267533546585986243e-02
5.921135379469284754e-02
6.893524916144144754e-03
9.225000758936039574e-03
4.183735322162717568e-02
9.778073200489375075e-03
2.454825914084024507e-02
4.480147789580541523e-02
5.929268258347747400e-03
2.145965592737466773e-02
1.353868976391640194e-02
5.020697282323063892e-02
1.176845879350992170e-02
1.238130273156271347e-02
1.207921038282373447e-02
2.129208018388965146e-02
6.065593224567147196e-02
6.479822279374006233e-02
1.203668100177064833e-02
6.717859967762159108e-03
1.306035371412004112e-02
5.596871478737214245e-02
1.532767291619269688e-02
2.914300688058491309e-02
5.155636792570004318e-02
6.293867158323500355e-02
9.610810904708524255e-03
4.434468081609060225e-02
1.408414636517699159e-02
4.091777138624153737e-02
3.411731395313948728e-02
7.297681888329642791e-03
6.984937588908689265e-03
1.278602107436736801e-02
7.491310033019760693e-03
6.894418102632725309e-02
1.278486564663861361e-02
4.760019420028858278e-02
3.624792908929511115e-02
5.809062454803615161e-02
1.374108533631569241e-02
4.024621038571636611e-02
2.347763120371236176e-02
1.369404300083108816e-02
4.075440738363995258e-02
2.812444638631968891e-02
2.217900170392006834e-02
1.138396302547907239e-02
5.444302458387709903e-02
1.324532381367934768e-02
1.127385003492649244e-02
6.519774956054580871e-03
4.316999155685141004e-02
1.476005562334660633e-02
6.566509649550004817e-03
2.819534070060932679e-02
6.160755990683049882e-03
5.684091052638236274e-02
1.676714581762615147e-02
4.053010038159579609e-02
3.869079738115670936e-02
4.987889502537998926e-02
6.266574710104601265e-02
1.250761201965552502e-02
6.334615127958064321e-03
6.500753285239186177e-03
1.258976560932882453e-02
5.000632405022961691e-02
2.598061899087480975e-02
1.497216594454649045e-02
1.065158881126193266e-02
5.538212267124735522e-02
5.259221774640032016e-02
1.138045879161175139e-02
4.443260491278649971e-02
6.677733010751332743e-02
6.755429505248529073e-03
6.544259607995774053e-02
6.601815168271355644e-03
1.182341100343709504e-02
5.217291703574290784e-02
6.413650586232017003e-02
4.810730123973228772e-02
1.104595883283558330e-02
5.611178042683433696e-03
6.173687304356851452e-02
4.346041958008650674e-02
5.821461436131927444e-03
1.126455376464717030e-02
5.120660446528545184e-02
7.724195200990041123e-03
4.574001399246841598e-02
1.128598861216373317e-02
6.492684330645112287e-03
5.328801970016464051e-02
1.467675219380995717e-02
5.417039481120556471e-02
1.281120665193127318e-02
3.888563087943978924e-02
1.401813191505197481e-02
1.971271332772979445e-02
1.238058049318932312e-02
3.706653658453955974e-02
4.969823763969755809e-02
9.483621254862401387e-03
4.252354755624149218e-02
8.155366981140912269e-03
1.004808341610324493e-02
2.059832663470976058e-02
1.442686579100717174e-02
1.422025205296609598e-02
2.277820690081151789e-02
5.720289655938108619e-02
6.452709719222311964e-03
8.689087310431088673e-03
5.841966797231116365e-02
6.373480567541980890e-02
4.869849452079316743e-02
7.192141998374071768e-03
1.014467288151227331e-02
4.293004801336969267e-02
5.814063629177303183e-02
1.741028355000711486e-02
8.558393487960454238e-03
1.324915873780616558e-02
2.042236389476719677e-02
5.119087697512951507e-02
1.386192274058633406e-02
2.795114595266296603e-02
8.872378796646254381e-03
8.869025393698819204e-03
1.465325612395471447e-02
4.576943283470383955e-02
5.700012874510241440e-02
5.872356313383052945e-02
1.347828522693306219e-02
4.800129939925765199e-02
1.217093325979266664e-02
1.017689118444019096e-02
2.529182480805665031e-02
1.280406605161236132e-02
5.473424165683295900e-02
3.703133424495343162e-02
8.521608971619819284e-03
2.236557814885840184e-02
7.178718950574309969e-03
1.355789102732525044e-02
1.555622489480011465e-02
9.338771476539371383e-03
2.681363974035205766e-02
1.479087529785322146e-02
1.781745221385363023e-02
1.474528505340856957e-02
1.307704229728534097e-02
3.931024061992580837e-02
2.506450744108057113e-02
8.067324482236674921e-03
7.696242039038003573e-03
8.212650392584211825e-03
1.426779503349013579e-02
3.157936797908248577e-02
3.788948148514897224e-02
2.925474429066535903e-02
8.842651083431017286e-03
6.815125694163153176e-03
5.351435091312516795e-02
1.493747847847797829e-02
6.065777480950343414e-03
3.625919859476184337e-02
1.260509037806461716e-02
1.449274905949841062e-02
1.298116208695289028e-02
9.392852177086751658e-03
7.837296014772227384e-03
5.244536692976760339e-02
8.291438547207673204e-03
1.163471284778812113e-02
1.617104323492377094e-02
2.095955203851223789e-02
2.351425827210631633e-02
6.419189112847350012e-03
5.899189131796585966e-02
4.401193837648148532e-02
2.392538377532607910e-02
2.468722921476338220e-02
5.887572323457553047e-02
9.378898493866787839e-03
1.503043993601007981e-02
1.230463621894334857e-02
3.129775561733658812e-02
3.381464579326079467e-02
5.190321616132451826e-02
2.450513457813518689e-02
5.244857255782784528e-02
7.903328753418406918e-03
1.062787589971140104e-02
1.249669339172807155e-02
5.444193114945385104e-02
1.391828698759939135e-02
9.060363449951314152e-03
5.142941227841239804e-02
4.615247446982569113e-02
6.963530585683354139e-03
3.216201693574544107e-02
5.878170806342482291e-02
7.359319737747539725e-03
1.459820044115235985e-02
8.020950782206763552e-03
1.118466755332954074e-02
5.239898805076082661e-02
6.369373139258630023e-02
2.773612315268879011e-02
9.452613707288139849e-03
1.039423468162157041e-02
3.735582819513239006e-02
3.961263576838546657e-02
7.557655489443150000e-03
2.109115967987373191e-02
2.990636363253459939e-02
1.752659644085769949e-02
8.420717328004990662e-03
8.860799830597357318e-03
4.249283153993973355e-02
1.313060795717502227e-02
1.575490890735187222e-02
1.276210670957464086e-02
4.047382792500085757e-02
1.804231758908138999e-02
1.668903009895307890e-02
3.871302333172303017e-02
5.950458951583249834e-02
3.148784793168392382e-02
7.173596320744691189e-03
8.352632279084464331e-03
3.969719314475077254e-02
6.726164852322370422e-03
1.196421513299363026e-02
3.317885393921986281e-02
2.398912052271646306e-02
1.550474316303821452e-02
9.854050570578963900e-03
7.361272443549502116e-03
8.171098530974370278e-03
1.845122697808486423e-02
5.420264004277387110e-02
1.405569045773246567e-02
6.165131845855834070e-02
8.615036981842369088e-03
1.010130674607400032e-02
6.617647455003793089e-02
5.852887372520963749e-02
2.562955801866864322e-02
1.331951671906291337e-02
2.482477159613630247e-02
1.533310729522001023e-02
1.854637348447563117e-02
5.609393230504469696e-02
1.210753836934791265e-02
4.715715355803868497e-02
2.291728320228432134e-02
5.133250062981122019e-02
1.565749245803578146e-02
4.388482083796389072e-02
1.239235587958245968e-02
5.504202612464165895e-02
6.553685130345582484e-03
1.564756830588344416e-02
1.841250145376987016e-02
2.121444540294302461e-02
1.003298566813327734e-02
1.541624280908083545e-02
1.286465873038747203e-02
1.303645004151122999e-02
4.535184421817749917e-02
1.190275372524489048e-02
8.096923794404711078e-03
7.373781944255706870e-03
3.168392226645321691e-02
6.367210678215661467e-03
4.816939206339133916e-02
1.573705368423816003e-02
4.755199861439921710e-02
4.162735613787283545e-02
2.917522282227074867e-02
8.124536224441470528e-03
2.539866109017568582e-02
1.976432456002381183e-02
1.168502562662008214e-02
1.519183216528313500e-02
5.888760749618431392e-03
1.166508487878617668e-02
2.799447914693525830e-02
1.146166190728689291e-02
1.190043450171538765e-02
1.181972741636517013e-02
5.186367985910349948e-02
2.043137617264790054e-02
1.446221366754834800e-02
7.111912650341742879e-03
2.171292809941256091e-02
4.336675092608676535e-02
7.100103542929755811e-03
5.563688122055375149e-03
9.008878594711184490e-03
1.231460574503132066e-02
5.503623927728605592e-02
1.364415988098897567e-02
4.336891769050400108e-02
4.466056689308271072e-02
6.456958634602691371e-02
6.133469901532244591e-03
1.250524934617701367e-02
1.128480181904512394e-02
3.170016372893338930e-02
6.488801861584700924e-03
5.507885907871606229e-02
1.866477480010570941e-02
6.023156698690483937e-03
3.943397918215028192e-02
3.748922352703269040e-02
6.733479304736828333e-03
2.181046683811189296e-02
1.273663560470555955e-02
3.595813533845344107e-02
4.486845841619263586e-02
5.054446619956323022e-02
1.213503744098664607e-02
3.243193260990604593e-02
2.755017025244452938e-02
6.332688134870955061e-03
1.395640976433016461e-02
7.492753635211682299e-03
3.054807398328559381e-02
6.353133626555271252e-02
5.254663767443183003e-02
8.789383580544049904e-03
3.389890984359279769e-02
3.421999650453447228e-02
6.589170661723708043e-03
4.072498285166469695e-02
1.148535577485233251e-02
7.473315758554717643e-03
1.016377207975320898e-02
1.453812155792624100e-02
8.124374296350322933e-03
3.983836964487459664e-02
9.656329996345599728e-03
2.801848895254599112e-02
1.084422236387139540e-02
5.700078888227382012e-02
5.926940528500002081e-02
9.308120846257409223e-03
7.189433278174169745e-03
2.843559060223995946e-02
1.661790833501481518e-02
9.710691262476303307e-03
4.331869874605225740e-02
9.194127088596850197e-03
4.009787371968824565e-02
1.364333293869026895e-02
1.543189389170463929e-02
2.211066534023690619e-02
5.451046270429173862e-02
1.743305810372459616e-02
1.564110044518964709e-02
8.564441103230633137e-03
2.786474840072006298e-02
9.944238166422224301e-03
2.532084457809684677e-02
3.300146208044106577e-02
6.705836832785010138e-02
2.258726008766960558e-02
7.830522019486616664e-03
8.685959120619679216e-03
9.714982106081258839e-03
4.461500597621737008e-02
3.431162691296698458e-02
5.365751731974760519e-02
3.491689999640078257e-02
4.359062576533068861e-02
1.790341541836868236e-02
2.464593422686622154e-02
2.284088152102977873e-02
1.516675115352216462e-02
1.092441772437714211e-02
1.042239376277307415e-02
4.335042567372968808e-02
3.210021703150809508e-02
1.417547622797392728e-02
9.849416434440910056e-03
8.287679503309337836e-03
8.786016583049893747e-03
6.592058143895676223e-03
7.639360873541831305e-03
5.393329591190136607e-02
4.515067358203980752e-02
2.142852276726543020e-02
2.589005363597022408e-02
2.498626659060613001e-02
8.124088922045833577e-03
4.228088616369692770e-02
2.415464652503754306e-02
7.968624261645436760e-03
4.962757201225927173e-02
7.636664841759830714e-03
5.998024041798021011e-02
6.068942019209787320e-03
2.670463902826838640e-02
1.208235756816692860e-02
4.536781827166744968e-02
7.328701930626679850e-03
6.412214231137626681e-03
4.963052275508560846e-02
2.828736412375293732e-02
4.100760263850308091e-02
3.276617204865620719e-02
3.991737193572469228e-02
2.874124045580469730e-02
9.763244568322870451e-03
6.138872379328665085e-02
3.343993843235830432e-02
3.288032735700442688e-02
7.087637926801438476e-03
1.982581198832024036e-02
1.359323633929968890e-02
3.381326532965682474e-02
7.451139267788372926e-03
3.794305078243252055e-02
1.399014775764549287e-02
6.456744211681275311e-03
4.235523701527160734e-02
3.381136744024592494e-02
5.062330871239389268e-02
4.782708084989426706e-02
1.264808492561125472e-02
3.363779213971797993e-02
9.778685281830431023e-03
4.737888720649517660e-02
1.392995498802191215e-02
1.647283328920038162e-02
1.138444245861171440e-02
1.364772913919259922e-02
9.280812359001522349e-03
1.245060329995539665e-02
3.936324758776862248e-02
1.184490205313271788e-02
4.551281292179968491e-02
2.996172777684361077e-02
2.339235070118956747e-02
1.385625163401208934e-02
3.781944408408132591e-02
1.130784450879608605e-02
1.362524073272686383e-02
5.937257571644489161e-03
1.151254007181344227e-02
4.760281266689849605e-02
1.097150248469275224e-02
6.377092724598246859e-03
3.069655729690163801e-02
1.377756417129607017e-02
5.389086030843512343e-02
3.518216366850231147e-02
1.473132063465664061e-02
5.769592659177461003e-02
3.298216283162176687e-02
7.438293145910233883e-03
4.343415802476850024e-02
4.341185081689174358e-02
1.770207431393347811e-02
4.050201191600169559e-02
9.750812354500626097e-03
5.321823895974319568e-02
9.832433332110996488e-03
2.323302750352297316e-02
8.260100532136441936e-03
3.694213814606707447e-02
1.333974936383823875e-02
5.163223115001404351e-02
3.579061731169196764e-02
1.296517688678327888e-02
1.369393916723288078e-02
1.045882258739132785e-02
4.241735192738700644e-02
4.126810150490976825e-02
7.120978231727368227e-03
4.388022745702148397e-02
3.441760306904375483e-02
4.798951741339387705e-02
1.026382942962687957e-02
9.739184884280360430e-03
6.331453194102604556e-03
5.052546962034134420e-02
8.004999279927609360e-03
1.622430808153918838e-02
3.041314005232782086e-02
8.125347871502576480e-03
1.534640093118330717e-02
8.174476357200680457e-03
9.897399047905671918e-03
1.015284015444459925e-02
1.282868216410629550e-02
1.325937095993841471e-02
1.228618409450654182e-02
6.361055593471966023e-03
6.535507904462349929e-03
3.435960455344595071e-02
3.118356778321630315e-02
6.156500532136529799e-03
5.818030042674447039e-02
2.763382465849702901e-02
1.756305332148552431e-02
1.313214826954599811e-02
5.424969686932050450e-02
5.682004541494101169e-02
4.597322888243649680e-02
1.500622160745209918e-02
4.120611464707515242e-02
3.738238725009550983e-02
2.182233307142897316e-02
7.198785299508158805e-03
8.294053510895191619e-03
8.908596114958646298e-03
5.875969233419286314e-02
2.374084477184822128e-02
7.588812121885513302e-03
5.547825162143096844e-02
1.998754980930086272e-02
1.303749287799049750e-02
1.242611175119511489e-02
6.517324516114688000e-03
6.479885562964958837e-03
1.297569518123404923e-02
5.693197190100231925e-02
2.289713054805363537e-02
4.288911522976266572e-02
9.120570129707569057e-03
1.191047551134350076e-02
6.484587572005223732e-02
6.449507147271678516e-03
7.060007255987330380e-03
9.581874348330760710e-03
5.374628972231220575e-02
2.671108504871168299e-02
1.014460753132455026e-02
7.070012517134419139e-03
1.092666434080574213e-02
8.437972474366043155e-03
5.875259630532941174e-02
8.462388380398396318e-03
6.521419146921192747e-03
2.279517312699274115e-02
7.088059378903187324e-03
6.971245100609306522e-03
7.129920792324145190e-03
5.928669997139420639e-02
5.209009837723509173e-02
1.034709157157153760e-02
4.674082192879263492e-02
3.306528755799227615e-02
1.086275149493754963e-02
6.227459410377424176e-02
6.416001660983042774e-03
1.011391671055380040e-02
1.258899811426005336e-02
2.196870042970398840e-02
5.334438551121874900e-02
1.172636940871513503e-02
5.279508809710396766e-02
1.594565572772065412e-02
5.959668875702169716e-02
6.732112517111159267e-02
5.581617386324139868e-02
7.862717722667328726e-03
2.838551389506118947e-02
1.357196237219179986e-02
3.545592050971067138e-02
6.169103033794034845e-03
4.514786533502066629e-02
4.265065957298878191e-02
5.427937309807775307e-02
1.374488976711669974e-02
3.016097359382279713e-02
6.674813095052227474e-02
1.722053442639072743e-02
5.545639081446029212e-02
5.512788601284106249e-02
1.225820743196499862e-02
1.567711068034619709e-02
3.272221570418446662e-02
1.288978803140162013e-02
1.186495034445890495e-02
3.309631993083814172e-02
5.824423805670331244e-02
1.508775813549965809e-02
1.338892744680697869e-02
3.928680531575409751e-02
2.755320446190590369e-02
1.658309842139091966e-02
2.807603294701862748e-02
5.525593506175661279e-02
1.065403755347807055e-02
1.361038955493249110e-02
8.017147238743764850e-03
5.797204522743571592e-02
6.427147570317152947e-02
3.302500337107540374e-02
3.646321681814719551e-02
3.533624903172157689e-02
4.614225725979558684e-02
1.216480648900858559e-02
1.023290414053559111e-02
1.369956463743762787e-02
6.527596491985919458e-02
6.815315204255407988e-02
2.480107035927343537e-02
1.346769186824014509e-02
8.533153112566580975e-03
5.061512505397944978e-02
3.264857507986156093e-02
8.097223092631555819e-03
9.382960665744025097e-03
5.377187697417001172e-02
2.996080706825711079e-02
4.306400824375017367e-02
4.175733894307261107e-02
2.268100552965365488e-02
4.978680525406351670e-02
1.981598186589815860e-02
5.916509269492135903e-02
5.778758993186435683e-02
4.613699387629201926e-02
1.471678474686489470e-02
4.514776138730458577e-02
1.010317647952299613e-02
2.830182449779468368e-02
5.140768185106512483e-02
5.867710496645815732e-02
2.050128410952658034e-02
8.522769329888829279e-03
1.439262680304454790e-02
4.993874549901122784e-02
5.167942882895439766e-02
7.595237214497248431e-03
1.407352911843753364e-02
6.031149865818700995e-02
4.319146779790760532e-02
6.385495008527224646e-03
2.512060566448340651e-02
1.600943169787430453e-02
9.285263581117088674e-03
9.380715142744397439e-03
3.589639908621248404e-02
1.529137736816438102e-02
3.754853132734847082e-02
5.855272516692610479e-02
5.968595662366633914e-02
3.515771864334861496e-02
1.151890028526542098e-02
5.305616457185521884e-02
1.167739014485808663e-02
5.357885981825118160e-02
4.146972132004473482e-02
2.664564921614010276e-02
1.722469664033926193e-02
4.293734637215005506e-02
3.643738289233819372e-02
3.807693797569971367e-02
2.364225385558417838e-02
5.072699140261187345e-02
5.808344066329843014e-02
6.728892807078501459e-02
7.488571799701270772e-03
1.487693283710034113e-02
3.091826902081525746e-02
7.464859914619808613e-03
1.401314886062047550e-02
2.798359116435851154e-02
9.486124033245165593e-03
2.376988945444436299e-02
4.320419677957989396e-02
1.770417996349380602e-02
5.737808482081183103e-02
9.688692625264479566e-03
5.286185272019809644e-02
9.298466452625310519e-03
3.326906247261815497e-02
4.388416631699511988e-02
3.596911881302212316e-02
6.731339881467657792e-03
3.213106986733486187e-02
4.487964351589845274e-02
1.552306483602927667e-02
4.841133234228292559e-02
3.786782860422797242e-02
8.832513881629647928e-03
3.149495071428497911e-02
1.170925051973355224e-02
5.341570876980332450e-02
6.054394424197621222e-02
6.927878965172717951e-02
2.491935037575056938e-02
3.259669200744232109e-02
8.791510488675255419e-03
8.400350379369292061e-03
1.295056036584575111e-02
8.473997348309988964e-03
6.617889488842329526e-03
2.932580228162223399e-02
2.353822356260681578e-02
6.616311337013684908e-03
7.687777819678382266e-03
5.207333173128610160e-02
5.511710583373247152e-02
7.305151885578296637e-03
5.441012006127194517e-02
4.795404888349098088e-02
2.486642336919981169e-02
1.555867524701107923e-02
1.612049152416680786e-02
3.788854897199529781e-02
4.584216657381783716e-02
6.964877713997388517e-03
1.466787068663724138e-02
3.964080870067431678e-02
6.610591158070250328e-03
1.341513144840254974e-02
4.462257178062611906e-02
6.846201820613062421e-03
5.999197387465561582e-02
7.770247284833217867e-03
1.078594577269606503e-02
3.685055206517810766e-02
9.349389162550779744e-03
5.592218345290331238e-02
2.846656041322453631e-02
6.503569181229085401e-03
6.468834386200905152e-03
4.040537744704331136e-02
6.231228692375898742e-02
5.494516291440492556e-02
5.575496859142548001e-02
1.384024355361752889e-02
1.272246729867788223e-02
7.711533636640616543e-03
8.996021109259769513e-03
6.705752933669107893e-03
1.455296293859785657e-02
6.266565422810117802e-02
2.269267036277734448e-02
1.456025211295879779e-02
3.153169978442925403e-02
1.165198678173267471e-02
1.305603540664730493e-02
2.722307202744824600e-02
1.430018739555217674e-02
1.217929622563818960e-02
1.643032614626038779e-02
2.330499457497739110e-02
8.016563128645882996e-03
4.966519112950889409e-02
1.227539380148110100e-02
1.168086211258929398e-02
7.369951116028747827e-03
5.744861736248924738e-02
4.785838678492856241e-02
9.092958923990590581e-03
6.465393915225705820e-03
5.398966918311613045e-02
1.256349687545753845e-02
4.106335144341671101e-02
6.419461349126749650e-03
7.994365610877596576e-03
1.209106922563899476e-02
4.120456120465768729e-02
5.904893064611786008e-03
1.197407213244691682e-02
5.468728707380513671e-02
1.213441025479142926e-02
9.461204780303728717e-03
1.953386002136739061e-02
7.736491491823526204e-03
6.554332540859337738e-03
3.448906116282532408e-02
1.022241646969945794e-02
1.064670833449619242e-02
1.224915013884707825e-02
3.622860053482727244e-02
7.989802907821034333e-03
2.394538358763033739e-02
1.479028873664890026e-02
2.012981614603798555e-02
4.348462443258895721e-02
1.204481171948854935e-02
1.502498238700110747e-02
1.409680012856480598e-02
5.200565435114366808e-02
1.435952063784041305e-02
1.042578800502338802e-02
1.331357117873842137e-02
4.408272438698932622e-02
6.804883596132676495e-03
1.996924837784618684e-02
2.669067045673086114e-02
4.324875728226836719e-02
6.193238627309066019e-03
2.198119806009224408e-02
2.134797693141468958e-02
5.134280636121101027e-02
4.880257377420422343e-02
3.515068031259087344e-02
1.334829779853192490e-02
3.240013005727669648e-02
1.542509992132641908e-02
5.675981983961485983e-02
6.047901309851657498e-02
1.019197360887718652e-02
1.485507723122834155e-02
2.161274831717260175e-02
6.122277555371235733e-03
6.510346517066084582e-03
1.348554012744948051e-02
3.930182420090277268e-02
1.321050884159630408e-02
3.018150916509007922e-02
1.512274976775044091e-02
7.545205338233384150e-03
1.131785794687105787e-02
2.938601974436800407e-02
2.320087454495071977e-02
3.362659878866531421e-02
1.378419647703879765e-02
1.060660110674158108e-02
4.929289924638548259e-02
6.056971458530209865e-03
7.163137622535384330e-03
1.144517355754308408e-02
6.386409104392399248e-03
4.116285959332325467e-02
1.028165016949340871e-02
1.240754580396830238e-02
2.456389554861346594e-02
3.887741147696847921e-02
4.541300465780886975e-02
7.405717682466474855e-03
6.975413725082541504e-03
7.712018505480471887e-03
3.226645862255692054e-02
7.771345996416044108e-03
6.052523558520330610e-02
6.526356618717807541e-03
6.169684337771959640e-03
7.908573682713202282e-03
1.059278551685140408e-02
5.909337576741779952e-02
3.961844578348736046e-02
1.720412955782173875e-02
5.478037083672063212e-02
1.401064859735334095e-02
3.255253022439126565e-02
5.498277562264539120e-02
1.093052183920412840e-02
2.310954197884727140e-02
4.851822396350206207e-02
6.527675511096071859e-02
3.682167960074192448e-02
3.797969628026732353e-02
2.942659881777277484e-02
3.599636377824060735e-02
2.838158936728566936e-02
4.944639828070897941e-02
4.551279524920540109e-02
5.867748133744601219e-02
4.997465000513156425e-02
1.241915590497376549e-02
8.875676748874621047e-03
4.640844833310655421e-02
4.897279767149918805e-02
6.930920687154238161e-03
9.221308396822190667e-03
1.468259258433436167e-02
1.335607830473274291e-02
1.241876700322515348e-02
1.043062779669987929e-02
1.398563944792549467e-02
6.549827773526710820e-03
9.182217325272424777e-03
2.522959855108699093e-02
2.179039555409133591e-02
7.879246489448451726e-03
1.493968965243688829e-02
9.304472049682316684e-03
1.011626832083016396e-02
1.146974825770859935e-02
6.057196776172257824e-02
6.572388570141939924e-03
2.181452594105330600e-02
2.320546180924274587e-02
1.232314004030116150e-02
6.902498457360154056e-03
1.065825468147006162e-02
6.245436148092896496e-03
2.554654905803081799e-02
2.337801290301400048e-02
2.138331634087984115e-02
3.860892784464919208e-02
3.616828474474412941e-02
8.256896264972729202e-03
3.359114276437008551e-02
7.488711276278173408e-03
2.451551778824974728e-02
7.167411387877305196e-03
1.196340301716129761e-02
1.495192183614233415e-02
8.520796852320728504e-03
9.215249556803101899e-03
1.287235240364800921e-02
4.459957593167507284e-02
1.458937336069961350e-02
7.895896087998684199e-03
2.327455700707069947e-02
4.680683722058521373e-02
1.317426872913294959e-02
5.391729302699301701e-02
1.253002872586279383e-02
5.315310282201726050e-02
3.606885932762700364e-02
3.146290312377209020e-02
3.694282135749125257e-02
3.789055475263368444e-02
1.020509146606369925e-02
5.617766854550323291e-02
2.076231300374410324e-02
1.163979813860382614e-02
3.487759999429466268e-02
3.089424761851558218e-02
1.185919403039515166e-02
8.675688890916952167e-03
2.962541991847732203e-02
6.315416858386033172e-02
4.517544841592810445e-02
3.026450678277576786e-02
1.060400768569926856e-02
5.767944711325026508e-02
6.253534675006860999e-02
5.017693212960566002e-02
1.097561965609157413e-02
6.695519503256243572e-03
1.250104159853710449e-02
9.102548581863673799e-03
6.701727512388866784e-03
1.134945448321995030e-02
3.418729183236317998e-02
2.973649568226712989e-02
5.020289297966990666e-02
6.474300398378335375e-02
7.981380094334512149e-03
6.546765189724123093e-03
9.982457076504271803e-03
1.040273134470284626e-02
5.088158371888557713e-02
1.387852546296462070e-02
1.283228933731177246e-02
5.940444411884934599e-03
5.474985100213110994e-02
2.801548081439058854e-02
1.668852557851866272e-02
2.763932355436026292e-02
4.640328701472519468e-02
3.538970753220820747e-02
1.611248287873455476e-02
4.232733650566963129e-02
5.195523101199200910e-02
5.095771254476340328e-02
5.510743678823135788e-02
3.590984356107228964e-02
3.802053166166419196e-02
1.282862504829661125e-02
4.274945475713191889e-02
1.000000000000000000e+00
4.533796531884781017e-02
1.419893705532745964e-02
2.341404532727337992e-02
1.589115141626014360e-02
8.143281011297439156e-03
8.166824765120046792e-03
5.166036533906824546e-02
8.358205316838859464e-03
2.317963005564463094e-02
8.601577992545645507e-03
6.309905486458270568e-03
1.407516869961686519e-02
1.285724339071930844e-02
1.370701292537085912e-02
6.063154369778894076e-02
1.316587954317616563e-02
1.737901323279052862e-02
5.719638024919638380e-02
7.648146874450927231e-03
9.450471385410838879e-03
1.954493781988633772e-02
1.275341319763796666e-02
8.469125773175817731e-03
4.566489727923621345e-02
6.293584342315216608e-03
6.803043150647667889e-03
2.700114672531544330e-02
1.603115400481420691e-02
6.570491381095994177e-02
4.264624731364032029e-02
7.757006771791470461e-03
3.039777140994824253e-02
1.217802283361782943e-02
3.958210858265587273e-02
1.517934755060049157e-02
8.987348761583840301e-03
4.175645574639668539e-02
1.772548871996459594e-02
1.271720609959788376e-02
3.285507666871755050e-02
2.108663335949671411e-02
3.219612053523748102e-02
1.403874293366476865e-02
2.644220932931824405e-02
2.443988856230851908e-02
5.378952444083895390e-02
1.020714347315539172e-02
1.488445457108938073e-02
4.150138694369458897e-02
5.566929099273614651e-02
1.032170450498715031e-02
2.936411129691925484e-02
3.059340089740390789e-02
6.312464653664256672e-03
2.873803267841242709e-02
1.361983071985669626e-02
4.992987783828912313e-02
3.180931386301565772e-02
4.108611212118500056e-02
2.278424388784444643e-02
6.900197210779773251e-03
1.096379272233700616e-02
6.838010625109965102e-02
4.268507745859960456e-02
2.244870519457158042e-02
4.029472386956207269e-02
3.248361729898843059e-02
1.919223694576983191e-02
3.587146961932876493e-02
4.282105690891810368e-02
5.183067917132931635e-02
1.232796584665076488e-02
1.590758762878375851e-02
1.267516076732738174e-02
2.886429848487521294e-02
8.327874577898825015e-03
5.584408823020187845e-02
2.131244866159266380e-02
8.069271303084673067e-03
3.269858431517420200e-02
1.876245629581192037e-02
7.860350596852784533e-03
3.951509044255721581e-02
6.078638247804872032e-03
9.340667893968812585e-03
3.610597057817250405e-02
1.475548011130276352e-02
3.164722548185827655e-02
1.314026123805888020e-02
1.336636957067204208e-02
6.385449723700048312e-03
8.220981721313844193e-03
1.121822035141020919e-02
1.516467788416188921e-02
2.915167730360979093e-02
9.009336280255870327e-03
5.259988859582451215e-02
1.003557705431789779e-02
4.295828068016721568e-02
4.414513364776989635e-02
6.228362031035698104e-02
1.102350267584146018e-02
2.732622619758181409e-02
7.636451079952710948e-03
9.863546517101216826e-03
9.792194515301966620e-03
2.936240898157558080e-02
1.357129552275448958e-02
2.330577490361873325e-02
4.043046196111641649e-02
3.395014741569942623e-02
7.598156370703372520e-03
6.260502514766276561e-02
6.476486447532637733e-03
8.519518955607657471e-03
4.470319955292814673e-02
7.535525489692119702e-03
4.880556862208333679e-02
3.817264625496565728e-02
1.420040941948181798e-02
4.162308561065024975e-02
1.959625434291532159e-02
4.003217235766114851e-02
7.175859802113110017e-03
6.547875681293421728e-03
1.103844576774946559e-02
7.288304236447723169e-03
8.064539236723821877e-03
4.986679250641867095e-02
1.239188541922839337e-02
6.506023363149486712e-03
4.205409139516481237e-02
6.178590520907733044e-03
1.221181007562878451e-02
4.617482060655993953e-02
1.779367034353706439e-02
2.864066121347589103e-02
9.498269478603308183e-03
1.207983336499170515e-02
7.345055750164334804e-03
2.868905591228375004e-02
5.374157289314424740e-02
6.471521974309789142e-03
5.145905662658224744e-02
1.123158035242332806e-02
5.942814447012955553e-02
7.633686215663947408e-03
5.489818543540785079e-02
3.876045252678524816e-02
5.586913150425244085e-03
6.147304573848539136e-03
6.708340315113013597e-02
4.914751749131105601e-02
4.763194808212712489e-02
6.139062577286932484e-03
2.241435101436611149e-02
1.141988694029056305e-02
1.825444564746696308e-02
5.328302436065132652e-02
6.043002689184671580e-03
5.533940665461686143e-02
1.295883406418825955e-02
2.928232642238320915e-02
9.851920307175182981e-03
2.198954418808152581e-02
2.990114488881636876e-02
6.721919031744996199e-03
7.058680353844188661e-03
6.556128880487741353e-03
1.406170326137776323e-02
9.106377994918887428e-03
9.977447701546125411e-03
1.318992073121072993e-02
5.030159052760439092e-02
7.453329328667686673e-03
1.381237790232950867e-02
2.212791443121083293e-02
3.986750241612538326e-02
1.969650266760888599e-02
9.357590261283660338e-03
6.741029513655323949e-03
6.973239466768128489e-03
4.398424447159410278e-02
1.192184303381633656e-02
1.123627138654332419e-02
8.434844393002679380e-03
7.317590915093384434e-03
8.352365208420517440e-03
8.689699275988928273e-03
7.719259645171431920e-03
2.390589686496400607e-02
3.798011374847584665e-02
7.147776473190424994e-03
5.251303159995787673e-02
2.422757368669954323e-02
5.356307238895280376e-02
2.510367976849633628e-02
1.086974079447413852e-02
2.365080656647392324e-02
2.585676556101965118e-02
3.065643937346867673e-02
3.118354756529330765e-02
3.117456387225039927e-02
1.447109486253428737e-02
3.218076285184599816e-02
6.281395879604820265e-02
1.179830596683152828e-02
3.644094648072789683e-02
7.108441185215372618e-03
4.659896625766160594e-02
9.503075500739329926e-03
6.925520080265991883e-03
3.946080298272321846e-02
1.173010110428535785e-02
9.893270754674842599e-03
1.442745575776211049e-02
1.324505482893406291e-02
6.209711651553837669e-02
1.185271481787830358e-02
4.424368500219720557e-02
2.968078289441276885e-02
4.808215312292728194e-02
2.926799204919805150e-02
1.817567560700374812e-02
1.410812449535879184e-02
1.294378935520973384e-02
2.656665091830358316e-02
2.874335262884540262e-02
6.202616987490919276e-02
6.528054411589231595e-03
6.218655191785347341e-02
7.021817543981213883e-03
3.043049716150704465e-02
3.197511680528944411e-02
1.399037865046189738e-02
7.385946235955984790e-03
4.154603861860339808e-02
4.319702823523069446e-02
6.980654995583536818e-03
4.794656374478628580e-02
5.227091273274628996e-02
1.657127384107059259e-02
7.497640159339137231e-03
3.350228251369983395e-02
4.241990003562418760e-02
1.691740250415274191e-02
5.452030135631391605e-02
5.035231030249669865e-02
4.360179058484282139e-02
2.334455845271028035e-02
6.798862075990794521e-03
2.348487925369402082e-02
6.986725567527478191e-03
2.371175252607972753e-02
5.601152285113775164e-02
3.423022150326450463e-02
1.361455609984821812e-02
2.858346191456790156e-02
6.877778756645699411e-03
6.936375257208281242e-02
3.154030746491634507e-02
1.089659403919498309e-02
8.092465764612689211e-03
3.699147056164749786e-02
3.556965504097007319e-02
4.969265971037216401e-02
1.408580410819519277e-02
4.231235627565590324e-02
2.054626027021481602e-02
1.159637522405146913e-02
5.420465934292148513e-02
4.552928345093361362e-02
2.277027642434791346e-02
2.357067762900827076e-02
4.733566851669582243e-02
7.588326338106709569e-03
1.368924564480580863e-02
2.132272415243702604e-02
6.273046187519580597e-03
1.979072292183427575e-02
1.337300362055382497e-02
3.026160278398965300e-02
8.924469972812744401e-03
5.899869565917742649e-03
1.354735006132803433e-02
7.107388991019025770e-02
3.927205936993015400e-02
6.169214528237208436e-03
6.408583612829149567e-02
3.532199777620935455e-02
5.774323074772368808e-02
4.401321482542448760e-02
1.149123878020190913e-02
7.964001313473545798e-03
8.941004098045679874e-03
5.836847549254575024e-02
9.332572635267488703e-03
6.174298292303444409e-03
2.543643215768242108e-02
6.228806677364108306e-03
4.013874129377153349e-02
8.053633483807004154e-03
1.201369570589938020e-02
1.088109527281480061e-02
3.913559326180867520e-02
1.116729769789441551e-02
4.302122645693974567e-02
6.189828668252651649e-03
1.031535265832191246e-02
1.233773305054141137e-02
6.507502294809518195e-02
6.565370805881794516e-03
9.803328769544272098e-03
6.050732663314921378e-02
6.034126171365742503e-02
1.569674405099629952e-02
5.330144865941670307e-02
1.801499869366262122e-02
1.398438965891178436e-02
3.557946551921514766e-02
1.027102087824499112e-02
5.571542754747527831e-02
7.543397930921937056e-03
5.797610220061825276e-02
1.237745523791364613e-02
2.216044640682881747e-02
5.270588317053836319e-02
9.097747924499296340e-03
4.202866450088416778e-02
6.182538567992008904e-03
8.209133113468235210e-03
9.617495844857607695e-03
4.998903913377952118e-02
4.672779244692114309e-02
1.550988412571359734e-02
6.598564907243373648e-03
1.421193973998696389e-02
3.763859218681939178e-02
4.973223070488714398e-02
6.543695747620986713e-02
4.190718489771287636e-02
1.672048476641475184e-02
5.734600321657482014e-02
1.199381087553599325e-02
9.295193015656254276e-03
2.960855798098598404e-02
4.716717188561095342e-02
1.679787790967817926e-02
7.762659612543916510e-03
2.885055536281532634e-02
1.337163262020050342e-02
4.315618034168713923e-02
4.020786357937871508e-02
3.958933419015928101e-02
5.708291554418520874e-02
1.384805663800715500e-02
7.403937521117186053e-03
1.911569783169088724e-02
4.403909479401167670e-02
5.949503817155410434e-02
3.545826866226241270e-02
4.654289904647402470e-02
1.523706680452338764e-02
9.439767004807380138e-03
9.357432237641134798e-03
4.356467974136253585e-02
2.535457340806719639e-02
1.140060880580885672e-02
5.412082772149149484e-02
2.646233348190784804e-02
8.810815728544016401e-03
1.382723100342443841e-02
8.535786059755920765e-03
1.344545396122654064e-02
9.096407653529264489e-03
6.243775830347849526e-03
6.842570404766071430e-03
4.547773653561108798e-02
1.207330155715412995e-02
5.532604464012625539e-02
4.524870391454919455e-02
2.238986721973482835e-02
1.210756235468322776e-02
3.657384173413237571e-02
4.323015589991523189e-02
4.881502039251270353e-02
4.113846637080644658e-02
6.448655102872494216e-02
1.350994531492803741e-02
3.868035729319503624e-02
1.106637748744918569e-02
1.028939504189209896e-02
3.744253705160147105e-02
8.010818152881148124e-03
3.839275989173895204e-02
1.576925463734035401e-02
9.028002509576653692e-03
2.107191582654158180e-02
3.843806863881193969e-02
1.261437902270515915e-02
5.955355327991510017e-02
1.246042700494844405e-02
1.277603196825810063e-02
3.938852547126254350e-02
2.168108647740102368e-02
5.519929409269653392e-02
6.009725682110268925e-03
6.362096162246282105e-02
9.866237174484857042e-03
3.052222329025396780e-02
9.795521192023939894e-03
1.188458821163475634e-02
1.400552000929709134e-02
5.572287419040975950e-03
3.507256463967715204e-02
6.108616826452584192e-03
1.340100041254805620e-02
3.899875907084122961e-02
5.039896125655468628e-02
1.518486873535168993e-02
3.592747364640121871e-02
3.350664561714977729e-02
1.415794876654625535e-02
2.183882783934038008e-02
3.877222333259897069e-02
7.419529862628878279e-03
7.213485748793248276e-03
5.034136887365627672e-02
2.440124272889709900e-02
9.699626532565314152e-03
5.456064113858715564e-02
6.257482914488596802e-03
5.439891002600770464e-02
1.000000000000000000e+00
1.500272944844502528e-02
1.252186335905880292e-02
9.065782398219634011e-03
7.208568611588296766e-03
1.595023736204518108e-02
3.312979373531530630e-02
4.524232822455389463e-02
1.109099660372340514e-02
4.542864809973799073e-02
5.327316920411918899e-02
9.180738836700780628e-03
1.226865284963461929e-02
6.157321625663658357e-03
1.321431691870585470e-02
5.497229730728184216e-02
1.563446150010944224e-02
7.190179622730091986e-03
1.171200417541750152e-02
1.162765408401740010e-02
1.676291882120011650e-02
9.613603194822949519e-03
2.568159091356786439e-02
1.246277566110169134e-02
3.945147364088369413e-02
6.214616773059266838e-03
1.237972623793667445e-02
1.021142518489551003e-02
1.464160933833763036e-02
1.303605906620653940e-02
7.254467727710277140e-03
2.016604999605289480e-02
1.246529568692241081e-02
5.092035337285066854e-02
5.646938034649792715e-02
1.747292938962953859e-02
6.316368709676099293e-03
8.567022209468458729e-03
7.417667255913987234e-03
4.953063552476476283e-02
8.339237506400568392e-03
6.955849393458105566e-03
8.643834806962159834e-03
1.366546353747726331e-02
6.895673489116585508e-03
3.218643230844731029e-02
1.109606286533474165e-02
9.701501020988425802e-03
1.411031425891926851e-02
1.058240462308243299e-02
4.886098090757236279e-02
4.120542671306350047e-02
6.246446151400183305e-03
6.418393706831899970e-03
4.604281753363797386e-02
1.099111180939310074e-02
1.223067215776759732e-02
1.033484972639706588e-02
8.563326368370920150e-03
3.333804094818081792e-02
9.027356719552296488e-03
1.319044119865523355e-02
1.099588604543341903e-02
5.930722503291538383e-02
8.130800446749268315e-03
1.382399061570388152e-02
9.716611417784824095e-03
1.357991386637418495e-02
4.962587828384520255e-02
5.693845865184479077e-02
1.270022952531536450e-02
5.126039342992689402e-02
1.565598909803760791e-02
1.378585626991743300e-02
5.324736157046007501e-02
2.159871059933130694e-02
7.760174019598419133e-03
1.750776196956599362e-02
1.249576208808381508e-02
7.943345101873255584e-03
4.347895720359516020e-02
4.636756895296269276e-02
3.317632676298858108e-02
6.238012055526943184e-02
3.280909653122121572e-02
9.281362123456475544e-03
1.275074829156540301e-02
4.374548099939552098e-02
4.853913429911355798e-02
7.751863568383875885e-03
1.270718042134685172e-02
7.302859659933842902e-03
1.381306013097397672e-02
9.447438988647523933e-03
1.448727534671698583e-02
7.128577459809976209e-03
5.990082314315076789e-02
1.526203370093386427e-02
6.393844683791341348e-03
1.289311500419260820e-02
7.843460425652589579e-03
8.946032264571223899e-03
6.005681687483759024e-02
3.598266561671747271e-02
1.570600118156015301e-02
9.813654989458849703e-03
2.670158387589563129e-02
4.536216476591120594e-02
1.119600608074778313e-02
4.937055752035453965e-02
2.255641423314140581e-02
7.460764271919195431e-03
7.134686523227334182e-03
4.422585365999112672e-02
5.371405307816518038e-02
6.024102360591867926e-03
1.513312662495158549e-02
5.673870350426915565e-02
1.412643685154679925e-02
3.910829193804990500e-02
2.553306093268349966e-02
8.663933819190667088e-03
9.359540701136828678e-03
6.615716710701997905e-03
5.776211124645030254e-02
6.823992711956384551e-03
1.483572930077994671e-02
1.086477045372927219e-02
6.050166814484361777e-02
7.644874987418759024e-03
4.422714306753290636e-02
1.140486713541288485e-02
3.523644870043416560e-02
1.168967656530646264e-02
1.317547584580589133e-02
2.908269671360155101e-02
3.038982719519534720e-02
2.267953970045689244e-02
1.778524973717752686e-02
6.139101754860380906e-03
6.259077962368314423e-03
1.056535968855520924e-02
2.854945623773820149e-02
5.079840733300856198e-02
8.017512980901147709e-03
4.429564655047620036e-02
8.216418666407042035e-03
6.777305785537524052e-02
1.956766045903169174e-02
2.836591108096167546e-02
3.543561075751572309e-02
1.055048929757166493e-02
1.685130790055325983e-02
7.003994453465607443e-03
6.560741816247941775e-03
2.283746195737278856e-02
8.870925884490706362e-03
8.793868146094809685e-03
1.006539093988567495e-02
5.103875065534688865e-02
6.586625207876620203e-02
2.662641465865578372e-02
2.520469843804161794e-02
1.050095127779926071e-02
1.106935341015049916e-02
7.631096704374402094e-03
4.689912226885844387e-02
1.154109144180202016e-02
6.137398353859583461e-02
9.573559321642749476e-03
1.395583167763450594e-02
1.272852322979468702e-02
2.062830035522391497e-02
6.431437082761667229e-03
3.725559557938824817e-02
6.102022411478588010e-02
5.929599396799251076e-02
2.245923428755091170e-02
1.391603565787946466e-02
4.529364751484045437e-02
8.807835468658075859e-03
1.103768300271602658e-02
3.404703367699651179e-02
8.245936271264117656e-03
5.880998664620792210e-02
6.623588990729407933e-02
8.805156921743217957e-03
1.105910174203899275e-02
1.355278435830849400e-02
3.766398457796444471e-02
4.028807619716084920e-02
1.427960923312221811e-02
2.962169910891347333e-02
6.706285817964490609e-03
4.228653133032496403e-02
5.905760259809195861e-02
1.205500301073562062e-02
5.429929352016805988e-02
2.154147516034685128e-02
1.087057440274065423e-02
6.483922281354064648e-03
6.534665914296820810e-03
7.319854942746263637e-03
3.575117760226522584e-02
1.480677719656037575e-02
4.799104452859182662e-02
8.281273785768423004e-03
3.873624422507512821e-02
6.474706065558244461e-02
7.976221362989612679e-03
1.084903139938253602e-02
1.449879363088787433e-02
4.103339396029694747e-02
1.199553972347078799e-02
1.675367774081872735e-02
7.345546274998468114e-03
3.531335658387118465e-02
4.633433822595837276e-02
1.342135416663091212e-02
5.071374493620142004e-02
1.270611687740511898e-02
6.795257993051752668e-03
2.897939335504431252e-02
1.904997503285786944e-02
5.043519289373698394e-02
4.591146669897403637e-02
5.435055828389678129e-02
1.017033234335381307e-02
4.601820078517227658e-02
5.839141276188768159e-02
1.045783163190644113e-02
1.088832680660768194e-02
1.000525744131168515e-02
2.932969751324801186e-02
8.399044856752092489e-03
1.005126196612218109e-02
3.924381976484833667e-02
1.142296059385020102e-02
4.219103219358003726e-02
2.291958294351515921e-02
9.950239691581952775e-03
6.738230520863880239e-03
5.577718672308545206e-02
5.496300711041848808e-02
1.412745380722814532e-02
3.786882470342604889e-02
5.540363971429758394e-02
1.650902476747704434e-02
4.880822523283036285e-02
7.435079045131330784e-03
4.771210695377189198e-02
8.509172606982744191e-03
8.249028191556741219e-03
3.747701503466620288e-02
1.672819454529525865e-02
3.207061197054616314e-02
1.874369379361074534e-02
1.384183230985266619e-02
2.451872708760747394e-02
1.000000000000000000e+00
4.869365755314666866e-02
1.345949224856224542e-02
6.251368702211174133e-02
6.928809552833586384e-03
3.633249911504365937e-02
1.874492746373423308e-02
8.093128137573029138e-03
5.310906254029422457e-02
8.915333151831040040e-03
5.383114197813868712e-02
1.040688595440427376e-02
6.766775011033336618e-02
3.171260105033465310e-02
9.617554240763416529e-03
2.966629168149747392e-02
1.275274610536428210e-02
6.748430614895667944e-03
9.408539091342024707e-03
8.843255400217858372e-03
3.586860898917018647e-02
2.301891956710457043e-02
8.753312606849208977e-03
2.179846601191103364e-02
7.300050317579247390e-03
8.764968122026541367e-03
2.784489843478275481e-02
9.747959334008796800e-03
4.012469096754279346e-02
5.763045526012730395e-03
9.068722025422708624e-03
4.139595896135289665e-02
1.904027035558312347e-02
1.331062216741370208e-02
1.014517997819857492e-02
6.895290650092452192e-03
3.513253751183791074e-02
5.260874974796296566e-02
1.932744600635503268e-02
1.193471173356953040e-02
5.935146310065869332e-03
4.284546741344353454e-02
3.809692518966174835e-02
8.364390016391963500e-03
6.812009857187812864e-03
3.100924689291521472e-02
3.948168507432353591e-02
5.347244559467259628e-02
9.017288132243280602e-03
1.242304420541737175e-02
1.343725703218311314e-02
1.426288579845218576e-02
1.501147673874349969e-02
1.124110141164113771e-02
4.813057593653787686e-02
4.799698351200218371e-02
4.419293390944828426e-02
3.444461221482556651e-02
5.522149172236141129e-02
5.616823361018118826e-02
7.203024030256537438e-03
1.305729015174183875e-02
4.540412715518601233e-02
1.024613853735225483e-02
1.374752641063849493e-02
1.522016719491264651e-02
3.930052612390690786e-02
1.168762027103016979e-02
1.470969868968459264e-02
6.266773094738019301e-02
1.030302682585008782e-02
1.567313334794070631e-02
1.819429354590745840e-02
5.584170217486609383e-02
3.804918992342574274e-02
6.310099563545474612e-03
1.663945114137805464e-02
2.801980480398308382e-02
1.298935802560007187e-02
4.700157237693187301e-02
4.617122220991285581e-02
7.470553706929953380e-03
1.099898959229034245e-02
1.014112652563002245e-02
3.357889137124906581e-02
5.493963939899194904e-02
7.569317790402876715e-03
2.461993834682698820e-02
4.402015765320760332e-02
7.221964680983659207e-03
1.638923187881944840e-02
2.908424682180266868e-02
6.941199973785674819e-03
1.243532037774197803e-02
2.669717856147932333e-02
5.297790080477744051e-02
3.701203241620037304e-02
4.689063434428290822e-02
1.494022292022034737e-02
9.239205682094535702e-03
6.261873392537038729e-02
1.392657771511618403e-02
1.245803211609900450e-02
7.032997408745374386e-03
2.705069335312280943e-02
1.197243782714283930e-02
9.370612683203896620e-03
5.506555104271129708e-02
7.332221459562044547e-03
5.813527772600472071e-02
1.232197860094050995e-02
4.411754699160750498e-02
1.239016762673176598e-02
5.154937359081991632e-02
3.731626572038736905e-02
2.202383483899846353e-02
1.459026752319249158e-02
6.428727723327017606e-03
1.546667894935292546e-02
1.514360800495397237e-02
5.907275807843895971e-02
4.008214586954857162e-02
2.387022714795618630e-02
1.343408184574676999e-02
4.699321567383875353e-02
2.332306818567214668e-02
5.169639049504184958e-02
1.138337491338565696e-02
1.395405090612902507e-02
1.440144332600081303e-02
6.090782724744357723e-03
8.419101220051938492e-03
1.390975488024685618e-02
2.952413190834378767e-02
1.485974824362408693e-02
3.995590496877928638e-02
1.226496704914786795e-02
4.841157644871871973e-02
6.182738612418737373e-03
5.910117128628714772e-02
5.612688027428017201e-02
1.112772757479509565e-02
3.975373330462828037e-02
6.762193142427611048e-03
3.306469625172333421e-02
5.802570376581132894e-02
4.249763712298212925e-02
1.051110040850877086e-02
4.961586932254304777e-02
3.391619302182961870e-02
6.838023184259135225e-03
2.668567023451227579e-02
9.067864107263083964e-03
4.341505081107027014e-02
6.391129332663242173e-03
5.980315170864562019e-03
1.005857122105145544e-02
1.105597835701007357e-02
5.361536133981199825e-02
1.264734529028528273e-02
6.710113970246712155e-03
5.265321699643238373e-02
5.149314717157123938e-02
7.907369228850319801e-03
1.224022289760072837e-02
6.333459663773315443e-03
9.304197026432961884e-03
2.645442394719752302e-02
9.076599971416458856e-03
1.323611754263065085e-02
3.811329380157688074e-02
4.879834786814171016e-02
7.934902965246513548e-03
1.135726390743828883e-02
2.294553592225980626e-02
3.250369114935534182e-02
6.609758025217091736e-03
5.458257668762537401e-02
3.206772720065702992e-02
2.009134004225995862e-02
5.299988635367101908e-02
3.268086238147540484e-02
2.851846481496191424e-02
1.099171552029427380e-02
1.844923243185370154e-02
3.697428332281255808e-02
6.478504227599310439e-02
1.078947777726973339e-02
1.878437374319042591e-02
2.857010936029474521e-02
3.138166423246773612e-02
1.175014083318639407e-02
6.255944761205918525e-02
2.280941799415282106e-02
8.421331829782417039e-03
1.349826167038911326e-02
1.242609337685999377e-02
1.528558133279285351e-02
7.498385864269300864e-03
2.722003777384152806e-02
3.896288394139297423e-02
3.875417670919905494e-02
4.492606415647611151e-02
1.361294007003307875e-02
1.632427933741893364e-02
7.058245018396951814e-03
6.631712683938865288e-03
9.544593721641115441e-03
5.383000827587207382e-02
7.338752022904858167e-03
1.571792160267012489e-02
1.139307938672408371e-02
5.644675464356205263e-02
8.533687742807546245e-03
1.308316192491637206e-02
9.730627318120667335e-03
5.298822156292326557e-02
1.452456325208947331e-02
7.120331928852115591e-03
5.715441541869052677e-02
1.181164930202856407e-02
4.020215766694712478e-02
8.135786886448823085e-03
1.529864567398411118e-02
3.945838542808732807e-02
1.552219816435221333e-02
2.929904761088238802e-02
6.953838755365054740e-03
1.055925644046216277e-02
6.391275468097320535e-03
1.423637846045427806e-02
6.074221535021482286e-03
1.175331326368654963e-02
6.423538305971678887e-03
9.927184173350840982e-03
1.641003759926088282e-02
6.540167962113223321e-02
3.377177088209435546e-02
6.678336471106377861e-03
2.430237365978953068e-02
6.492356167523615114e-03
9.003500696835180922e-03
4.467993282953088702e-02
2.441894532721650829e-02
7.072843278375406592e-03
4.191485653542528084e-02
2.771568938539345495e-02
8.714744657761605562e-03
4.980978236836971357e-02
1.001592649384191493e-02
6.728474602403436942e-03
7.904505382054144436e-03
8.036917184171064876e-03
1.429734057250945690e-02
4.694191935131639820e-02
1.253812703340529550e-02
1.485102614678188333e-02
1.358444503019979807e-02
2.747255757069600596e-02
3.643121113824161067e-02
5.439191652134152399e-02
2.541286468935366125e-02
2.094530388002750418e-02
8.773651225452542418e-03
6.575980037540640755e-02
3.375625206610861212e-02
8.355203079478150038e-03
7.349762044215727569e-03
6.369732924193855471e-03
5.418053812038337719e-02
4.235787803879446922e-02
6.068288517615518830e-03
2.239912918772841294e-02
7.297133549686111650e-03
3.719765195113838852e-02
5.392387312854465820e-02
3.262096145179640277e-02
4.232971510040080265e-02
1.452000664107128136e-02
6.237145687774506286e-02
3.405428359529810711e-02
2.304628883566707531e-02
5.778158712691439103e-02
4.487317023736538818e-02
4.673482275556649357e-02
7.645284921772519011e-03
9.170258055125123792e-03
1.533464328567134445e-02
7.046825607450903431e-03
9.066046972979569657e-03
5.213706904868140729e-02
3.055865538024947828e-02
3.023889667647917251e-02
6.044390512771234680e-02
8.778781091841228457e-03
1.613898564069646616e-02
8.248126859549689827e-03
6.561949312030259350e-03
6.791840034550969234e-03
9.138274517603779332e-03
1.704005668849015512e-02
4.421874508837953660e-02
1.012742774153154064e-02
1.502564117075841366e-02
1.320295102546075253e-02
5.188325068144038210e-02
7.003798419280007730e-03
4.747801425973192241e-02
1.272110334150804850e-02
3.067120083883542736e-02
5.363807667687894853e-02
3.213123833361666848e-02
1.597911931680860015e-02
6.237317128045581117e-03
3.752821793322962812e-02
3.972177430146551363e-02
8.897437786308210611e-03
1.400195982145074555e-02
1.345020245789062090e-02
5.279202386080484449e-02
4.338330415180220723e-02
6.586772113799657484e-03
1.172624970430362866e-02
6.602010879062532138e-03
3.122940909740594406e-02
7.761477517775392139e-03
8.559100059296224222e-03
1.352431239761899516e-02
1.125956842723033202e-02
3.183180508645575696e-02
1.526663296990182946e-02
1.139230295147485202e-02
1.558088809664577926e-02
9.700296191650569291e-03
2.714735104364991020e-02
6.683576949475986649e-03
1.155351928934933610e-02
1.213700140639568069e-02
4.503342687534602623e-02
1.213104713895423251e-02
3.822330926754208269e-02
9.118522394602451842e-03
1.361154849529538913e-02
9.927236172066271694e-03
7.762507563909736702e-03
4.940659814133260136e-02
4.054223356029733327e-02
3.236692913775826574e-02
4.702330455974772228e-02
1.459396643125881153e-02
4.736364425301336362e-02
7.507931837147422370e-03
7.868679117858474667e-03
1.194921046854493206e-02
2.024424603042482632e-02
1.274155765108939652e-02
3.416071737074384551e-02
1.085965612353004782e-02
4.512533807241379813e-02
4.218991141924073596e-02
9.013837625562692163e-03
3.236506768367695963e-02
1.544070245322882312e-02
9.535783675840932630e-03
1.339205966075465368e-02
5.913295439921839591e-02
4.828283971136144298e-02
4.976704157030534953e-02
9.828299150893232347e-03
2.005538253690547848e-02
5.363808690319188388e-02
7.895751036101418194e-03
6.711163235430563957e-03
1.401954028441213494e-02
1.113539651200302731e-02
1.347723005571663593e-02
6.863402962879633362e-02
6.435668776160214516e-03
3.326810007599754343e-02
1.412426222347122964e-02
1.873391357167213805e-02
9.748134630650466190e-03
1.930072064834437509e-02
3.086589343906607705e-02
2.485588808100610073e-02
6.592820965993002880e-02
1.147957866913065263e-02
1.875867028138777926e-02
5.639414993616382460e-02
7.954649725150282971e-03
8.562970795545035707e-03
1.086847627391246233e-02
3.918601130221049944e-02
3.224219408938549386e-02
1.156184594066821981e-02
1.218576391515681194e-02
2.090695076369756406e-02
1.641778794139065606e-02
1.317646440989871624e-02
9.655123770314849932e-03
1.388642371258071335e-02
1.396871896978909081e-02
6.796297703551905378e-02
1.506724447450067186e-02
4.652518777357377705e-02
3.748835112873826619e-02
3.910034021198939558e-02
1.098422275797274368e-02
1.271755132223004008e-02
1.975194842852253871e-02
5.165525425817893423e-02
2.485719664838410489e-02
5.309950178923472652e-02
4.764426926912859739e-02
4.120001701608674155e-02
3.506248694091836787e-02
1.196537765889217099e-02
1.919095594874437039e-02
9.972564860279396065e-03
1.379495450920156276e-02
1.237231907477968039e-02
1.796968970576006894e-02
7.749965188441469179e-03
6.169952011950589899e-02
4.528708341932680820e-02
1.523598265680316602e-02
2.949059347799670022e-02
1.584443042273651556e-02
5.192965714848272324e-02
4.435190456078692139e-02
5.187796767076183896e-02
1.181919395551544495e-02
1.005385843456040214e-02
7.937346756257054881e-03
8.062344714746247365e-03
5.705659290356405663e-03
3.658064727401209859e-02
1.000000000000000000e+00
6.500651952177712196e-03
1.564602482493903865e-02
5.937209283697634545e-03
6.261213520255342127e-03
3.946889397854148884e-02
3.854813729531406108e-02
2.168119895335117800e-02
6.211002778183956699e-03
4.801455345056217239e-02
3.358095893092555295e-02
1.449283265887803783e-02
1.043789075954847621e-02
3.158015911987993585e-02
2.544706551588240412e-02
4.616548226436260893e-02
9.223393810056677855e-03
3.777629724129295125e-02
1.103314216568060564e-02
5.754044228785587523e-02
6.732714527525936014e-03
7.585184646327888802e-03
3.727990456474482989e-02
1.003799952526407240e-02
1.200028454039495096e-02
1.063733795607911710e-02
1.390862415834986932e-02
1.444138280277099812e-02
6.662879213511230421e-03
9.153002626218740417e-03
3.850840905562107758e-02
3.676735132383072285e-02
1.374409826969944480e-02
5.647967869266855984e-02
6.160846731221405331e-02
1.489808400675621258e-02
1.184863542582719267e-02
5.738808904866214700e-02
3.093860179355298681e-02
1.916318032658601705e-02
7.557990255715836200e-03
6.001023968198604397e-02
6.474095478993699415e-02
1.085944596289422324e-02
3.437339697744018485e-02
4.626289756140661291e-02
1.613114129294663038e-02
1.065210816712179424e-02
3.738224201833677957e-02
5.012410407586233296e-02
1.545865415353947156e-02
1.263820467371559210e-02
7.648085225089075630e-03
6.048268425079850533e-03
4.037827980054448096e-02
4.560906928142161726e-02
4.369217038509834450e-02
6.138554577667594374e-03
6.637339371706874394e-03
2.915539447554980207e-02
6.083435040910270541e-02
5.711000680225171433e-02
8.478934299925855456e-03
1.530198860018286942e-02
8.425124820929911704e-03
2.797086519611950706e-02
5.043217627620109195e-02
1.010530967617098014e-02
3.414584689406442025e-02
1.415320506088509588e-02
5.930217966643618228e-03
1.354630816590152685e-02
1.178702753223844456e-02
1.018097330007297630e-02
9.734311613390844026e-03
5.112795933681238414e-02
1.265870010373697750e-02
3.279691072890918851e-02
2.684708325782881808e-02
6.582850869697492308e-03
7.568155563985310731e-03
1.417347890078243626e-02
4.241616349346651743e-02
6.911872496935891202e-03
5.153699061394885483e-02
1.069416601735526627e-02
3.311588239065190592e-02
2.467438092233374680e-02
6.693439343979235533e-03
1.241589552054093298e-02
2.953305201908609096e-02
3.557327065950396938e-02
1.205020191818584850e-02
1.226455475170224775e-02
1.057882458939394567e-02
1.396505722061220853e-02
3.953925526452538308e-02
1.332032293329429677e-02
1.389392114741076767e-02
5.192284773186348068e-02
1.315021933158969786e-02
6.499270096519052867e-03
4.835755992276083437e-02
1.486799983932422624e-02
1.127055404540587384e-02
1.481359497693303384e-02
5.502225779464637451e-02
3.834036653811103562e-02
8.425386578182774214e-03
4.036242022993818956e-02
7.369782854531652973e-03
1.099128870198273593e-02
1.949361758909133949e-02
7.478055111558377932e-03
7.792152693653926938e-03
6.292137551329092526e-02
7.457481363164420590e-03
6.750187704609904651e-03
5.857236491838753445e-02
2.319253525413538311e-02
1.471669141468025070e-02
6.753524459469647558e-03
3.428045560356804411e-02
1.136372552203276064e-02
8.993020596065387159e-03
2.879968711223645020e-02
3.767660578637031799e-02
8.810983053310744370e-03
1.240923091446577246e-02
1.895495134088544600e-02
1.475351079861131169e-02
4.008634983271713859e-02
7.882692377242518644e-03
9.784657786715462297e-03
6.209313193274749662e-03
2.801952848014689287e-02
6.126887559617343049e-03
1.077211758413232010e-02
1.254795055401776611e-02
1.121665700521322015e-02
4.706816184123267105e-02
1.509935120270107858e-02
4.260474022684441336e-02
6.722651477760526080e-03
1.647743790278366482e-02
1.529733428460245195e-02
9.266968648899896049e-03
4.495785210081763156e-02
3.435114747312317807e-02
2.730328692453091663e-02
6.725534323422870109e-03
2.772056094241086635e-02
5.738396639532222787e-02
6.334349531909058001e-03
1.588030703725236414e-02
6.184214900925765618e-02
2.575607758709111059e-02
1.483924959043349777e-02
9.368498952072397759e-03
4.836915529409019365e-02
1.796114347225019614e-02
3.816597026279034549e-02
5.398397978932383684e-02
1.247085079447156526e-02
1.239638385686788954e-02
6.267681558052078279e-03
3.933866296981688992e-02
6.518568414309752930e-03
1.128298185301991607e-02
5.806656879702445234e-02
2.523239103764033861e-02
4.335337436307679787e-02
2.339602789982262940e-02
4.339808427776060268e-02
1.072935543516998803e-02
6.163247938205712942e-03
1.410648975555140600e-02
6.469753956991801391e-02
1.138432338530855591e-02
9.993123191785045767e-03
4.887335803578316679e-02
2.527533435275676477e-02
2.257706313326945588e-02
1.198567526243267400e-02
7.265137138283686222e-03
6.661579528245556610e-03
1.416744267962423073e-02
8.283569838596589047e-03
2.364628917826114979e-02
7.940505799886549837e-03
3.378241001777498864e-02
9.346267636011495322e-03
4.064032067130697590e-02
1.460094792953290678e-02
1.182825765285161132e-02
3.514140255428617465e-02
1.324493608987876644e-02
1.390608701316975795e-02
3.351597930839034234e-02
1.645826158210909537e-02
4.549987703098689468e-02
2.760688299574749066e-02
1.466729240727772735e-02
1.302796199854919408e-02
8.058509189198512918e-03
2.347590992753889605e-02
1.283269303405009179e-02
3.233053956933625711e-02
7.205099839243221324e-03
3.118434739594590915e-02
1.857454869059867175e-02
6.134336981655667993e-03
3.987562785486466199e-02
4.152669068983859402e-02
6.410367788544068732e-03
1.224193649706880639e-02
1.240181907892570073e-02
1.334412964610595144e-02
9.142681466740120236e-03
8.561517264283885834e-03
4.027621832702184962e-02
9.888816387009181572e-03
1.052199921460549893e-02
6.407201313858115754e-02
6.368997227294045070e-03
2.832505692586051796e-02
5.888404100609439910e-03
1.093241390247325605e-02
7.046977616554180382e-03
7.395185046803690564e-03
5.749082275170751266e-02
1.342247117551725009e-02
5.935388629866624605e-02
5.396215509822036710e-02
7.978704851700687065e-03
9.565241766519901739e-03
6.526301048790016102e-02
3.633624527919564889e-02
7.738830849883383649e-03
8.316611286274566348e-03
6.548072128775326607e-03
2.623185319703854462e-02
6.242009866087620644e-03
7.165412981832585196e-03
1.263611440836340423e-02
1.234413618570510962e-02
4.729792174004479599e-02
8.255892556379620245e-03
4.785421685666450126e-02
9.791504752360787739e-03
1.392191623897148789e-02
5.084056005635544800e-02
1.032594573800779160e-02
3.627154014622147038e-02
5.851402404373410443e-02
3.857000733384453178e-02
1.718727676193764625e-02
9.064697477769901798e-03
7.774943817118346381e-03
9.192174761304825609e-03
5.986056598093568437e-02
3.997266211803082725e-02
8.561670882203685495e-03
2.355049213258067833e-02
4.074337207985009174e-02
2.593044568118864010e-02
7.867384994369766918e-03
6.113663237472885190e-03
7.771560802910406837e-03
6.222694992794310098e-02
6.475027404978660195e-02
9.754531484882995179e-03
3.026616758996394582e-02
5.629859099488194324e-02
2.457475153473346816e-02
1.168278091410703858e-02
4.192701460544785708e-02
7.747792070794257482e-03
9.911483926003107972e-03
1.290030619912884736e-02
3.522762051827180163e-02
2.953869543452031926e-02
4.509907418751780972e-02
4.073110650621779294e-02
2.718713279535079838e-02
3.491626802978495953e-02
1.043145561797840203e-02
1.394766342579142199e-02
1.687083819497002188e-02
4.355910009641183328e-02
7.321781249118294865e-03
1.063966734279448746e-02
1.096840089694949526e-02
2.705380736754017107e-02
4.908084143082822731e-02
9.153196361866493963e-03
9.124692043251399209e-03
6.217983589926259075e-02
2.648722463739770772e-02
9.206043758710475214e-03
5.143240992519138022e-02
2.996048432955620774e-02
1.541961404717161199e-02
1.447862198491379863e-02
4.803267511931696293e-02
3.169673569888058901e-02
3.483473127117442392e-02
5.131914485378389484e-02
1.517875978348687954e-02
3.528375060117687478e-02
4.487378828334417924e-02
1.751579621544917253e-02
4.728472672424106904e-02
2.384389427792793503e-02
1.895060772967046767e-02
3.849680004656660243e-02
1.697490776708320687e-02
1.415709321788914503e-02
3.734192580805367062e-02
1.396102984187132072e-02
3.842718827496646034e-02
4.192014393319010157e-02
6.164443393188322184e-02
5.545100751713449849e-02
1.205240591443742376e-02
5.419696587396473364e-02
9.864640068192992092e-03
1.418022747448089219e-02
5.155114108320201644e-02
4.701431479524043749e-02
4.167093766147104972e-02
7.665826764746372715e-03
2.629088402649177106e-02
3.279720230498491679e-02
9.622830448372388448e-03
6.968342088294931028e-03
1.239887006631223976e-02
1.211018376857114602e-02
1.506330833010658364e-02
7.811032930284744942e-03
5.106866561559854356e-02
5.409308908978244929e-02
2.907320122088555975e-02
1.209643200180013367e-02
6.592549483285654183e-03
6.472703755397907210e-03
5.696505883983286195e-02
1.445834697643571219e-02
3.082437087848140939e-02
6.566059370858262460e-03
5.848767077208946209e-03
4.675352675519426487e-02
2.569193311198416513e-02
8.139484004856402388e-03
9.855165695053553707e-03
3.856339690144697241e-02
4.146739611907072215e-02
6.581378101092594940e-03
3.790980794425876516e-02
8.006249577878175872e-03
9.844972485151291114e-03
4.802552045451050772e-02
3.705717111055714663e-02
1.385141507236418990e-02
9.452384976882487536e-03
1.023807890166140121e-02
8.909047944667973853e-03
4.736588549287602812e-02
2.349395909726027104e-02
7.188288700708577242e-03
6.250404202042456059e-02
4.139042841633647912e-02
1.240944619532082481e-02
6.162734661175123772e-03
3.709683071928274178e-02
8.429437239270970786e-03
1.057066734726331073e-02
5.892766510506240729e-02
2.079439486841118748e-02
6.122625886093682399e-03
5.825595397314335677e-02
1.472269885770809486e-02
6.301580460797578248e-03
6.570500191500938322e-03
6.106027628274117436e-02
3.437363804299756187e-02
1.523097894856120273e-02
6.142515849617243007e-02
5.560000576286811685e-02
5.208467822836405914e-02
9.592907565214072937e-03
2.325244402224908510e-02
9.738948193435806311e-03
3.302406567509838520e-02
1.452223224504917837e-02
6.225638602961637569e-03
1.251140946389960561e-02
3.669071665076886063e-02
4.824390446622598555e-02
2.445797441503596431e-02
5.046970313782320194e-02
1.902908945615709377e-02
2.467896083691781955e-02
2.132502477262513199e-02
2.071973225969678256e-02
2.334636915396403473e-02
2.515028815816823179e-02
1.067642464142305736e-02
1.267104232449193894e-02
5.606714369894898187e-02
1.006501117875075769e-02
4.580042282983379232e-02
7.701341916501565181e-03
7.092868899995991364e-03
1.396283071258062891e-02
6.839281316574449821e-02
3.705346537935517298e-02
7.108671201238300763e-03
1.055243159350847254e-02
5.479469891590153102e-02
2.761461916878063180e-02
2.360699386813897016e-02
7.551039650639766732e-03
1.253130750849615165e-02
3.500409959646551272e-02
5.091796346754331321e-02
3.839516327491993009e-02
2.024117918200174157e-02
1.715198591521201188e-02
4.130343331296359999e-02
2.563306142150290068e-02
1.485103406874051582e-02
4.193043536805025201e-02
3.476864014977463363e-02
9.169646862570619145e-03
1.235833851599026090e-02
6.747993338264757224e-03
3.178522573102959131e-02
1.150024495003929351e-02
1.028198313019621640e-02
1.093070369385652253e-02
6.982792020689148130e-03
6.818608369571103195e-03
7.078295342667439635e-03
6.397060592854896671e-03
2.592705287035295889e-02
3.682583796558738798e-02
3.764876205305221074e-02
2.228235725701096723e-02
8.522931218787161214e-03
2.108292852257704145e-02
1.035346799403768364e-02
1.093598574156651008e-02
2.670693028014891127e-02
1.431841832340211527e-02
9.710294673635254739e-03
4.189790128706256250e-02
5.339740838956890528e-02
8.661068094176343005e-03
3.901888736902298788e-02
9.519234975163977028e-03
8.996456705610552523e-03
1.216077389042327303e-02
2.806940581529791465e-02
5.352801501913923010e-02
1.459164309949927997e-02
6.542894166102040596e-03
3.412672060298679866e-02
7.122296871045886643e-03
5.089947242711022335e-02
1.391306724189712504e-02
6.539745682321053410e-03
2.851162923353756096e-02
1.051790482448607469e-02
8.221615714412959172e-03
7.517014348370506735e-03
3.741074630812143975e-02
6.457807478721847017e-02
1.578314162976287779e-02
1.524846754660037253e-02
1.421305702584654482e-02
5.946978927616084626e-02
1.183209218392899074e-02
3.009684964847879687e-02
2.254469150106950051e-02
6.997399163819092473e-03
8.101842164769211888e-03
3.863262113906915096e-02
1.126195678768462070e-02
4.920560943714674673e-02
6.148644383836505273e-02
7.385720330669229110e-03
8.672826083520823737e-03
2.418252913303216289e-02
1.122045997423997549e-02
5.090972355285997009e-02
2.115579806228528106e-02
4.578581640369865785e-02
2.278954391232559940e-02
1.520380233504960849e-02
2.793750959153253055e-02
5.507213205387174321e-02
3.655638597071173695e-02
2.718712578803741953e-02
1.353869326414695699e-02
5.761446781330302469e-03
3.747634781061368742e-02
5.752656655066730462e-02
5.673865989493084155e-02
1.185243564826410877e-02
1.220658881039583983e-02
9.869545134580029813e-03
6.054531763966111702e-02
4.603351750335094028e-02
4.957749141793509062e-02
6.701764605100154690e-03
6.890173947534863376e-03
2.469128988499389929e-02
1.347163448086626490e-02
6.431518205597379183e-03
1.354022986643736368e-02
5.876199794583667618e-02
8.067246969733474216e-03
1.405156947549576242e-02
4.639183524255431623e-02
9.007786556161856417e-03
1.147118042798915723e-02
5.898121476286698889e-02
3.716241132995654062e-02
6.231491908120928742e-03
1.216967687885620736e-02
1.602750466531171342e-02
5.035780304341001823e-02
3.696709376481305265e-02
1.407345218926280873e-02
5.850071397794050915e-02
4.319565090643813499e-02
3.130835323925063030e-02
6.898827148843934311e-03
4.093985543216158152e-02
4.405597346592299984e-02
4.320018060820746825e-02
4.640700503194367110e-02
5.686231736114811391e-02
6.629792013689911855e-03
3.942612593315495545e-02
6.860369558598727012e-03
2.030551737901171300e-02
1.754175051893278395e-02
7.161886152788993383e-03
1.090357082144146998e-02
2.990070494715152752e-02
2.314323665743367453e-02
4.889555983441903203e-02
1.556214537090748126e-02
5.904843447093064725e-03
2.552378906895805266e-02
8.022636206671988207e-03
6.066339064460747089e-03
2.183583328103891677e-02
4.450616447133817766e-02
6.196648655321967611e-03
7.027082091142803841e-03
4.153211591466579589e-02
1.441768068330589840e-02
4.960727672274776318e-02
3.139379906002695564e-02
1.046876110534862570e-02
7.942305257519271730e-03
6.320714680655532651e-03
1.389069174778524880e-02
7.565476121376775616e-03
1.496067729956501551e-02
9.994770271380746043e-03
9.823935692607270800e-03
6.415406333975551441e-03
3.461000123858031657e-02
3.728626151033420655e-02
8.478727089721624366e-03
8.253776164711399896e-03
2.537589855461337002e-02
8.740524757563181840e-03
4.143936987838815061e-02
4.178954841848498553e-02
1.032299450640631125e-02
1.020450514103312528e-02
9.886841327957281503e-03
1.053118726357006943e-02
9.616454432730117338e-03
1.509117993533709741e-02
9.906742309385164688e-03
7.714944548658279021e-03
2.289896579325435139e-02
3.356508015787009608e-02
4.247342620331052976e-02
5.325689242989191385e-02
5.066367653412051641e-02
2.573516324136641831e-02
6.109653728890956752e-03
3.465292553274067211e-02
6.792676143157701067e-03
1.254026613226486703e-02
4.494788070979409411e-02
1.121187957954030215e-02
1.472062159560678062e-02
2.366169679939526121e-02
5.895601241650778174e-02
4.554819793399284694e-02
3.248715218173355013e-02
1.344048060439619052e-02
5.508992537390761113e-02
7.081403866401179970e-03
1.102227157905261677e-02
6.854698817391808099e-03
6.248476201716341751e-03
4.561679178576897448e-02
4.345911213833689168e-02
3.857506064533362811e-02
1.840441779754786039e-02
2.836677607080168029e-02
6.481980839940859086e-03
1.540394066073177103e-02
1.321429151307570125e-02
4.935307435611341331e-02
1.269503428620629565e-02
5.979243001004610342e-02
8.826307876428823862e-03
1.102643713919932746e-02
1.035867069529758377e-02
6.355426391190100235e-03
8.443510351798985333e-03
8.593666057323850332e-03
6.350744747365829126e-03
6.524804444082750107e-03
1.221297526185354150e-02
6.547814021395291680e-03
7.574983423716300304e-03
8.053971419053077008e-03
7.604012394916767961e-03
7.230108239069727404e-03
3.932711663546824277e-02
6.118713678511637950e-03
2.327798740344884723e-02
1.257917325398399608e-02
1.567643351093161649e-02
5.250943780169776975e-02
4.078114297496014673e-02
3.153335956880661678e-02
1.244118147994044410e-02
4.304667921332760300e-02
6.126427173600474535e-02
9.318389320974328552e-03
3.977816420801651154e-02
8.591333629458536986e-03
9.324494885624220672e-03
4.208723897097012973e-02
1.451471798243803880e-02
9.366707445974816262e-03
6.999676954684643654e-03
1.074976111115399750e-02
3.017307071406037655e-02
9.427359163573482623e-03
6.389589678283147736e-03
8.881605486319268591e-03
2.251580335662016485e-02
3.911290087121050557e-02
6.726640717748388378e-03
1.409415368436828069e-02
1.418349226209670959e-02
7.452892178497863215e-03
4.606934761172473691e-02
8.324993659377335001e-03
3.559404518480459995e-02
7.029621731406123820e-03
7.135787392507733119e-03
7.036813638223506431e-03
4.749803806272333284e-02
1.070164084267902910e-02
5.406501041132320134e-02
8.327778648172873971e-03
9.782068724179675961e-03
6.249295441743604740e-02
1.566307605756373303e-02
1.220068532708737732e-02
6.529119079161437716e-03
2.638226519635692227e-02
6.050841145587197017e-02
1.438254961488445380e-02
1.126559565914733024e-02
1.562599029273713941e-02
7.279826538380690382e-03
9.230748969567501364e-03
5.890977160576541666e-02
8.669405832325180819e-03
4.095818236194239542e-02
6.852662726663885130e-03
3.339354645506466268e-02
9.011076632289016092e-03
1.314342117764247427e-02
6.290906483516893813e-03
2.825358831554377129e-02
5.547630406411092896e-02
1.214140870415078219e-02
1.487317054116731041e-02
9.027034416272054773e-03
4.844641061264134269e-02
3.905068812320294791e-02
2.419945422170309557e-02
5.382478178327863849e-02
1.285664560584529395e-02
7.109364441379792052e-03
1.018558780746693822e-02
1.293484634083058929e-02
1.221358070490811444e-02
4.847204010453590867e-02
1.683527656882678053e-02
3.838310684823974250e-02
6.871781267641655783e-03
4.236270925328426695e-02
3.927258784752730297e-02
5.147360442910761669e-02
2.825258371727697865e-02
2.188880457304779106e-02
1.153297224947325526e-02
2.158025138897168987e-02
4.873627116198275128e-02
1.213194835244203913e-02
2.183559648652304286e-02
9.178544176480665437e-03
7.136495749079193283e-03
6.212462783531283450e-03
1.369221723251026757e-02
1.383789752567393498e-02
1.184223086039127952e-02
4.568741176375550050e-02
2.949308346274131382e-02
1.184646953076841543e-02
6.599003969615366283e-02
6.412073851942026378e-03
6.213460719193462239e-02
2.573802540765447386e-02
1.191511437344410472e-02
9.452834190667102135e-03
5.446095252025117545e-02
7.675020809344530910e-03
2.346671998027884468e-02
3.478580858749123761e-02
1.827391467150761215e-02
6.434538539565722026e-02
2.549252083041693775e-02
5.935084688318128382e-02
1.470850569634795171e-02
2.155135808898939187e-02
1.178190285926218432e-02
1.094029376467244019e-02
6.383559220199512552e-02
1.236999391851156295e-02
6.409779620146227770e-03
6.629020577928000819e-03
8.501003032349168514e-03
3.183177841312812006e-02
1.310065912080563173e-02
3.499868201901049081e-02
6.228929970333447509e-03
1.534837485981283521e-02
1.308185331354328254e-02
7.626182645725066746e-03
8.562386564781870532e-03
5.917775186383623931e-02
1.067250403306744914e-02
6.185317673509923425e-02
1.204780293681194381e-02
5.532250548205285001e-02
7.479234106759889526e-03
3.956674722300704272e-02
4.411366720163093641e-02
4.821610468334040084e-02
5.438280313348487632e-02
5.904723278494650868e-02
3.694661119568078828e-02
5.774161701100919558e-02
1.547187113552973316e-02
1.352880833215902405e-02
4.240597157975368320e-02
7.365302202847274354e-03
3.987696447786513720e-02
3.842877916262558285e-02
6.976468718721570532e-03
1.443828983841232913e-02
9.531398728596608347e-03
5.445789339894815950e-02
6.087003879691566671e-03
8.344415112013527785e-03
2.959276202291981003e-02
5.086934035984790742e-02
8.038117339252349308e-03
6.507139294790330493e-03
1.669267788317536916e-02
1.408185414705639092e-02
9.440706181163487087e-03
8.929998725494655426e-03
8.361884166641896446e-03
1.305421080728874986e-02
1.131232938996406742e-02
4.822571543645585296e-02
1.056416493414854586e-02
1.348890948081023916e-02
1.369338008824137580e-02
4.248524370575591791e-02
2.090933543122103569e-02
2.970402909494239407e-02
1.155182952242974487e-02
3.930731173359795078e-02
8.170080635573903974e-03
3.973122653366789603e-02
1.210151450741615148e-02
1.441875144345652199e-02
1.273109553937249241e-02
4.826139481015444266e-02
1.266961537058219206e-02
1.239109514966740301e-02
8.946764160907928753e-03
1.181041691020338555e-02
2.791595720020063204e-02
3.818171334485748886e-02
6.709492731428828155e-03
6.602642556609891571e-03
7.424650174192118715e-03
2.646896216132530941e-02
6.350257359272841462e-02
3.933829264947805160e-02
1.475890349297493027e-02
4.440728093910686902e-02
4.677255630248974838e-02
3.056823480810831259e-02
1.472403077167686036e-02
2.463768462411611293e-02
5.855230111171647739e-02
1.302834170063141631e-02
1.358732053996707621e-02
1.215005302115962013e-02
1.144936719457513054e-02
1.415967437444186350e-02
5.238585308205315205e-02
1.283206912424970925e-02
7.028971155174311945e-03
2.007256113361332098e-02
8.542607493645118510e-03
1.603736921848725877e-02
4.939658732883760867e-02
1.315018111590076678e-02
3.499042464002949382e-02
2.232922117009269319e-02
6.739262752714253110e-03
5.358024759065919962e-02
2.701358873532599958e-02
1.843644779665877184e-02
6.170900502156256850e-02
1.764125574523354653e-02
1.109054193958885527e-02
4.628779405626314014e-02
9.015097987812532854e-03
3.808974982167061263e-02
6.816887844772660451e-03
6.376232201887758154e-03
8.523998955726566976e-03
9.124161333296583465e-03
5.310336337529379669e-02
6.650805369474203921e-02
3.424556698321962189e-02
9.198749101426539898e-03
9.834260015554666112e-03
7.888076542206140171e-03
1.275006535471029726e-02
3.202235468571248966e-02
1.023788947509208201e-02
6.799219905217427501e-03
4.237713976628263574e-02
6.378524241784870770e-03
2.417292447034909489e-02
3.793921015180266865e-02
1.347473679577530954e-02
3.183699273297803389e-02
1.333613052045520830e-02
9.563126112636452167e-03
8.692240555165015037e-03
1.376167952886437999e-02
6.141160642658244004e-03
1.135058254089812112e-02
5.954913557377783384e-02
6.293179804201354255e-03
2.744997363845367438e-02
7.994657421951463852e-03
8.164319956854779181e-03
4.787831995987727046e-02
1.282945393195540108e-02
1.319954830575132895e-02
4.804422052900697571e-02
1.526083118308406081e-02
5.086479615902064766e-02
1.423916701779075547e-02
1.501229829784223729e-02
8.268876052462384788e-03
1.268118901178284623e-02
3.005708173381247891e-02
4.952564387314128264e-02
1.037455641452528915e-02
8.388095771214699667e-03
3.411365520973396598e-02
1.525178143481953699e-02
3.801059545673631662e-02
1.183483315000245957e-02
8.349325728149826348e-03
2.813162146056961618e-02
3.578515852844919853e-02
6.198845718662158132e-03
4.023039976599734890e-02
1.052704789383327594e-02
1.312048547356725083e-02
6.143312803850174003e-02
1.560577745988341210e-02
4.927117471708632179e-02
1.163580051831361595e-02
6.411672572136718762e-02
1.312660600627421105e-02
4.642689192826710692e-02
5.769323129646444781e-02
1.038401146159276776e-02
2.419538719495611945e-02
4.237903212509377959e-02
5.580982184638668547e-02
1.371076056793197814e-02
1.134378413797448512e-02
5.056837976758675468e-02
1.096895829775310430e-02
1.909568018341568918e-02
4.736166582092635191e-02
6.045263750102921468e-02
7.517393371602644307e-03
5.548540404543815530e-02
8.037295875427926187e-03
1.457773565729177448e-02
1.375017758757902768e-02
9.897315476802425946e-03
4.920233683210743086e-02
7.899468687777629755e-03
7.101426024773730902e-03
1.170986105124205943e-02
3.590285729586835395e-02
8.848208783876047173e-03
3.172046020665871685e-02
3.237537707296973821e-02
1.467639991737545134e-02
2.833496085607093568e-02
2.471664901877144299e-02
6.784683763627646913e-03
3.389497325883605167e-02
4.957376285605219479e-02
4.281233894439655935e-02
4.323882452973790147e-02
7.731453365415971897e-03
1.149273892839345820e-02
6.586716029230959071e-03
7.190241488146491104e-03
4.397566997844255116e-02
1.445160828711496495e-02
5.005354080687272195e-02
6.616455656981910967e-03
5.044268722885542067e-02
6.919740804938275501e-03
5.392921698836659200e-02
8.167088845084276294e-03
6.362047953908431426e-03
6.775641633846193196e-03
4.171429636747771286e-02
1.670840723734448585e-02
6.153685323141117741e-02
3.128230726010017976e-02
5.338963804116548389e-02
7.242570714770392437e-03
7.804209462172621674e-03
1.005864210664045126e-02
9.401549335032665169e-03
7.379821327100755286e-03
2.857821833182635704e-02
8.158089719946848978e-03
6.606784647509811488e-03
1.275173623059274418e-02
3.977239813986285788e-02
4.526207429060354753e-02
9.111367750413150446e-03
5.372412688271383657e-02
5.208971966843867207e-02
8.080984210066843518e-03
1.081890152747399560e-02
1.673643914716025152e-02
2.951946135222044063e-02
1.203224514476354881e-02
7.628068160681545327e-03
5.447727654000727310e-02
6.634196269459591115e-03
1.184573267425242590e-02
5.358941549829795287e-02
6.635164494551970375e-03
1.118083909175756133e-02
1.333681631882797404e-02
4.344967599967623079e-02
1.394789900869424816e-02
1.034698803900755207e-02
1.088068784037478018e-02
1.148268169565483214e-02
9.223925055463403841e-03
5.252785135883913936e-02
3.772413297826646833e-02
4.109320227267262982e-02
4.988327265947718053e-02
1.082583611013259763e-02
1.335873409150282673e-02
1.065111735042668754e-02
1.081074155770694878e-02
1.333771664236877048e-02
1.171060733543989943e-02
5.824915446775009303e-02
2.891291912924136287e-02
3.210201519140976761e-02
1.378034082143923637e-02
1.155931269061983430e-02
3.440659712084455368e-02
1.511488871123379402e-02
7.101554486918779108e-03
1.800891947145677810e-02
1.042683897929853193e-02
1.308169550150028310e-02
6.295597602745961648e-03
8.777435370087792108e-03
2.008484083433572168e-02
1.561463701358502612e-02
1.251843086284088434e-02
7.781767694528548586e-03
3.560650625374830319e-02
6.516144834887270532e-02
1.280768859159434753e-02
2.851891447314504682e-02
2.356666917721396415e-02
1.812425236242918777e-02
7.305921358272006623e-03
6.527255406720186212e-03
6.147556692841458018e-03
6.319630892196961836e-02
1.054346917877021714e-02
1.414873875089880939e-02
5.854776222750135081e-03
4.678170211534520007e-02
3.637054039008983525e-02
5.954221097727666751e-02
3.159854007177639867e-02
2.836261890060814625e-02
4.441343552235318959e-02
1.414388299968055186e-02
5.744855330706800239e-02
1.238637168515149475e-02
1.306410623316667935e-02
1.127597306783164818e-02
8.811687122722323962e-03
1.255576415001501134e-02
1.227829070558480486e-02
2.877642786984710779e-02
4.234313280531174645e-02
1.116055555702418801e-02
6.704338137954850459e-03
4.553927939257488428e-02
4.807781180475841076e-02
3.628672696924146318e-02
1.092759160287425611e-02
5.147685080252883960e-02
6.719490344660280189e-03
6.681964716817767602e-02
3.541436080594068114e-02
5.398142766253641311e-02
6.386155220271046151e-02
7.890698909528093274e-03
2.975512335662195557e-02
2.081006373035747259e-02
1.144477160353647889e-02
5.754417089026345883e-02
7.837652245970832751e-03
3.392637847976483906e-02
1.512949421749443420e-02
1.336131635202268339e-02
1.214052971055479095e-02
1.083021560897063154e-02
3.335614306982769700e-02
1.508546708578602062e-02
1.618190053396703978e-02
1.503679266848116473e-02
2.611493638887880248e-02
2.726566853813813460e-02
3.396177508131952710e-02
2.191011478690138570e-02
4.909886263263857353e-02
8.050506492043000770e-03
2.811638129919838067e-02
5.584749281273196364e-02
3.086958712245838760e-02
2.625297040018538183e-02
1.265132889643405187e-02
6.237385090036723541e-03
2.343082911586069281e-02
2.955357526006816352e-02
5.489092149264050008e-02
1.100855844847323760e-02
1.292535232851522650e-02
1.234814574808227976e-02
2.992735554043975121e-02
4.281093186357777525e-02
1.589125265163336340e-02
2.957449454855886131e-02
5.697655064388303797e-02
4.871863406083618703e-02
5.282122339498342145e-02
3.613297529805005459e-02
2.884740843280183403e-02
3.934134408604161165e-02
3.806443166330256145e-02
5.269453449592461508e-02
2.506516824691524745e-02
4.810610709855026035e-02
2.954723653455988697e-02
4.787184145844222694e-02
6.079400609936068400e-02
4.300235301333126675e-02
1.400319363685062664e-02
1.050318088511559451e-02
6.774555046654405499e-02
6.876443295038742014e-03
5.752252059409736218e-02
7.666414944418464307e-03
1.190581486091525643e-02
6.371426549312588818e-03
1.172735264139087262e-02
6.924865482092660597e-03
3.481080676627931747e-02
6.105135462923626938e-02
5.663868140332991435e-02
5.297272945979339398e-02
7.405125358291463587e-03
1.001409219481999568e-02
5.909792166403855102e-02
4.967344150381559909e-02
1.234277587490179018e-02
1.306438036776544527e-02
5.211665480376018178e-02
8.278926061093866764e-03
1.013294530742341396e-02
1.845424623174830164e-02
2.135094556365110807e-02
3.423803726204941583e-02
2.564611732144885317e-02
2.024207051010898720e-02
8.547199429759642919e-03
7.157141982926634727e-03
9.032488429219992856e-03
6.464000647987497294e-02
1.302970221312575207e-02
2.502277620032773015e-02
9.372477558504488035e-03
8.424125000194052429e-03
6.249424206866605394e-03
6.071735174909803634e-03
3.082165454524870424e-02
7.692943464317489669e-03
1.250777058193182530e-02
2.406590501351820593e-02
4.526130690577655213e-02
9.294329605565993663e-03
1.112299975466782102e-02
4.523243485392289265e-02
4.928018846706785916e-02
1.359620498793601140e-02
6.679035362925202224e-02
6.448275625926635016e-03
6.045352309032262644e-02
2.062400536819101668e-02
2.599713933158750295e-02
4.546258916560850377e-02
2.416152670366783842e-02
5.719364412727500485e-02
1.363666927071135147e-02
4.735619417430155659e-02
3.101301928685702702e-02
1.026405860516559077e-02
9.864311429127836303e-03
1.711795763569893408e-02
9.644429101959124673e-03
1.242870631664326660e-02
6.861601739547695811e-03
8.334404397334856107e-03
1.436682047433644402e-02
5.096408583168520606e-02
1.248204326429286706e-02
4.271707838765533005e-02
1.135108447338692254e-02
3.855689073932186406e-02
3.019548643085434927e-02
3.220364928151778910e-02
8.643766423000714960e-03
5.140314765393962093e-02
1.257662870501286001e-02
9.805794157915846687e-03
7.077022726017389090e-03
4.784586892543403469e-02
3.938493415199139508e-02
5.580822686847142916e-02
3.379288996364488568e-02
1.710964655870370749e-02
9.846592022172263522e-03
7.376430598896363718e-03
6.557401641804359686e-03
2.313678805742486883e-02
1.097525481663043541e-02
2.186429475645824960e-02
7.525223670847974548e-03
6.153033314703649885e-03
5.068763882197852011e-02
1.607717279117443915e-02
6.344693981744751674e-03
4.168055038690300640e-02
2.377776579631679307e-02
3.049871046919467796e-02
6.312551769112186711e-03
6.476999584192050415e-03
6.063525873686258227e-02
6.024690577882107698e-03
1.089242439449743249e-02
8.688789674657569975e-03
1.564427455146782595e-02
1.444735469541598948e-02
1.165019880605936732e-02
2.241854790690979427e-02
1.756524261958410105e-02
5.691918755782773842e-02
5.000233732191981112e-02
1.334260630826581383e-02
4.134080618561077752e-02
9.796135763191099813e-03
2.452348094948902935e-02
1.012155805355888574e-02
6.568643908973598525e-03
4.949986808045576947e-02
6.617991396294434919e-03
1.482599326854634053e-02
1.365881627780840372e-02
1.212438146957578802e-02
4.397747297995910354e-02
2.272877640506483846e-02
1.236631118949243525e-02
8.676073223149493099e-03
9.060241320680444133e-03
7.887886517266020150e-03
4.696480982341738608e-02
4.516537560349807162e-02
3.479579386773960781e-02
6.745007527794606543e-03
8.663747835311019427e-03
6.248929888718376957e-02
5.555156667814838134e-02
5.773458610805357744e-02
1.233595652407392176e-02
1.286909987530586788e-02
1.999353729944549837e-02
1.061295557202658439e-02
7.755634046714924429e-03
2.781558058659232627e-02
1.343038596586249890e-02
9.559425099453566776e-03
1.213858454673924503e-02
4.744348479671018498e-02
1.444916822026741897e-02
5.285607550061393461e-02
7.762604532775898257e-03
1.253864511332028822e-02
1.764293889064387846e-02
6.689690195080606055e-03
3.160172465608473286e-02
1.537043312664655194e-02
2.012277462044535087e-02
7.295634851687660995e-03
1.435246852451156629e-02
1.041933215318171027e-02
3.296828813214975479e-02
8.113019879111761645e-03
3.596350766795588377e-02
2.406298520264483348e-02
8.534506343879628629e-03
5.177672133780335945e-02
1.166741719964025162e-02
5.233790665503684769e-02
6.053504094934882354e-03
6.195406576688113065e-02
5.325211899108390351e-02
4.793005885357061457e-02
1.136644056683860059e-02
2.433132935043633496e-02
4.200041087019355107e-02
1.492223510202537844e-02
7.738042873641905010e-03
6.836669668807356798e-03
6.752831799880797820e-03
7.555114766589871370e-03
1.592400614325628627e-02
1.435643011424133156e-02
5.816090916341945527e-02
6.793824215786834972e-03
7.167984595755660590e-03
9.711254960093859342e-03
1.234073667176992760e-02
4.293965347405333255e-02
2.104279076649103256e-02
5.485473070091279046e-02
1.244549662660663671e-02
1.248736451207245815e-02
1.308187907165555240e-02
1.053445378748166066e-02
1.333317541692453229e-02
5.558827134804666253e-02
9.285374632736017111e-03
6.406428138109577196e-03
7.770275080354756801e-03
7.348146371877821784e-03
5.073848315714703933e-02
3.720864362402380443e-02
2.180974763876217248e-02
7.510828241270612639e-03
1.071060712030989619e-02
1.946718227627975209e-02
9.758502020578024155e-03
1.124823499127716904e-02
1.269297153243901903e-02
6.580804522090979818e-03
1.444772670003683333e-02
1.535366585751522621e-02
3.784906755985627952e-02
2.879716029103600652e-02
4.594337204094866428e-02
6.168119388014559404e-03
6.932574482368935968e-03
3.434883136880205468e-02
2.451673342310718012e-02
1.350557532301043320e-02
2.514058073678427513e-02
1.036954776204188425e-02
1.425224453949304297e-02
8.888986802013327040e-03
6.106962877963404562e-02
8.873816275301675202e-03
8.430159400476795392e-03
2.529474207177770384e-02
7.390089958265699289e-03
2.121003909884238564e-02
7.425350855238104127e-03
8.811895482207737426e-03
1.058246574165611596e-02
4.493551221805128226e-02
5.843802498709459170e-02
4.869293645574078455e-02
4.375866617952500065e-02
1.505225941586129518e-02
1.832834796050056975e-02
4.821273245074564340e-02
2.505138820300138736e-02
6.248241380876539373e-03
1.639601544012644213e-02
4.950672563027329331e-02
4.072571775420959911e-02
4.600311828646435480e-02
2.899101228971548080e-02
2.640876040939122565e-02
6.479603089882658186e-03
1.314673173231171305e-02
3.262301923481160382e-02
9.988513246854900315e-03
6.348758072816915177e-03
7.656125106395112075e-03
4.173079352580893325e-02
4.679755792512399482e-02
1.121910603665719416e-02
4.779891269272919241e-02
2.800417237238173387e-02
3.096071244653888707e-02
1.183654080123066471e-02
1.316847887946624891e-02
9.046461542563499769e-03
6.089421078204394593e-03
2.043113127854738476e-02
4.720684587947444194e-02
4.021146875002438309e-02
7.257371155444898581e-03
1.148628106316463074e-02
4.156826532790712514e-02
1.348669186168974417e-02
4.072919987707082634e-02
2.692762106554935642e-02
1.453721003480329226e-02
1.443493092609083629e-02
6.499630538341656140e-03
9.617397049506367507e-03
2.844566682465649032e-02
3.977824071607032053e-02
2.096187807709726583e-02
1.348167310768350231e-02
4.376957083910941460e-02
3.351040304643790324e-02
9.114357537111079585e-03
3.787223774930336545e-02
2.599174430889340456e-02
6.363873972074729664e-03
6.166770747152681108e-03
8.856786606107112589e-03
1.387890536415542324e-02
1.016115345831184770e-02
1.191835631020368540e-02
6.594879763938168993e-02
4.331703814857796458e-02
5.851193768662155820e-03
1.115132389936911161e-02
3.791066570344985703e-02
2.696642407081843024e-02
7.421873566347568507e-03
1.667502080389329441e-02
1.346116376494940065e-02
6.022744387616943765e-03
9.959326673377824971e-03
8.473285130952915717e-03
6.786007361296077407e-03
3.161609110087822833e-02
6.790841732445482282e-02
1.770975303979517232e-02
9.326058551227521878e-03
1.706600140813831212e-02
6.181375947723949903e-03
4.276619234301810152e-02
1.557408154093160510e-02
1.155418723991863059e-02
2.053441271965755072e-02
2.629339800006602959e-02
4.033654191241942827e-02
3.164750237720298509e-02
2.571703352451509134e-02
5.113555173363081713e-02
5.469197057487774211e-02
4.353336842629522419e-02
5.783483007831870942e-02
6.372071388260399510e-03
1.581681214661745730e-02
5.127412565891204671e-02
5.008874990727122528e-02
1.798699685007485588e-02
4.221410776757356792e-02
6.031559221629187451e-02
3.541883512218334945e-02
6.747463605904927345e-03
5.668794999721681743e-02
1.296325252905612853e-02
1.328350113682158842e-02
1.382764776817636820e-02
5.394264796751400970e-02
1.059570673637887615e-02
1.061207382442695517e-02
9.416302685452479157e-03
7.552511483684009978e-03
1.204796008915113778e-02
4.526817378597364910e-02
6.301363387400389648e-02
8.721985000763796819e-03
4.352942154728038637e-02
8.358069001591559438e-03
2.846840147870906973e-02
5.002685348911631302e-02
6.487391244251067279e-02
2.374700202659124279e-02
7.210738037178416118e-03
6.135511082194450641e-03
8.746189234311363414e-03
1.326409037603085324e-02
3.153265116572742666e-02
1.621417527927093358e-02
8.586941971855832634e-03
6.401109876875020824e-03
1.369681501871161493e-02
5.274975213640242105e-02
5.917412076009783035e-03
1.427227803915932965e-02
1.554455272992809507e-02
5.827648529104441366e-02
6.298992883270023747e-03
3.055246222405991544e-02
1.380119322984767541e-02
1.440777597085067530e-02
3.164069475813650889e-02
9.352686824482423986e-03
7.792622326383118365e-03
1.175543894383522352e-02
6.250484189787108499e-03
6.901262753318883857e-03
4.250076945924487898e-02
7.989617350376032948e-03
6.130747617923268389e-02
2.293148288831884860e-02
4.526103041485152884e-02
1.374481654969702052e-02
3.765789371744876490e-02
1.123567434187863062e-02
2.868623986951019528e-02
6.943380054711608372e-03
6.428706382765723981e-02
5.873184371861267516e-02
1.353895515230861719e-02
6.096672999441349328e-02
2.749119316794813167e-02
6.836108960034547113e-03
3.071938175594546988e-02
4.641915130410737694e-02
8.141443008422719063e-03
4.072243487831887082e-02
7.285557362033457697e-03
9.447762758721839002e-03
1.592188665496893987e-02
6.471676611381942112e-02
6.346114825415368789e-03
1.585840018366543869e-02
2.766089167539285618e-02
1.445148352515928866e-02
4.037470771244069945e-02
6.045202819204884004e-02
1.081231420523983203e-02
5.829123122229801224e-02
1.283639262822842443e-02
1.183234560683796982e-02
9.826079065787959865e-03
8.904119284054410471e-03
7.133417438368965663e-03
3.129152656335915800e-02
3.275490428251118247e-02
1.228904242128091122e-02
3.511207009576294141e-02
4.775425804991517004e-02
2.876052746565657681e-02
9.180775055002574070e-03
5.448031403295253844e-02
1.355603303267073970e-02
1.417759262538118188e-02
3.209130862260466815e-02
5.287505333959273413e-02
1.127095430700739490e-02
3.242318215597717046e-02
1.484349071292222037e-02
1.198428023404848018e-02
7.096120890427331726e-03
7.549832741091387286e-03
6.154715271744597149e-03
2.207016544051922796e-02
4.887377970655715220e-02
7.702208027086417629e-03
1.457316857628033861e-02
6.365044501231903462e-02
2.373648616646614057e-02
1.333933681184678276e-02
8.815853228976653841e-03
2.841842683472223241e-02
6.888911740333202027e-03
5.263267565122414782e-02
1.346771455030341437e-02
2.283733029995051525e-02
4.873637370763756610e-02
1.580286092427430136e-02
1.103780299814833589e-02
1.653883755603343178e-02
2.977819462323197039e-02
8.090328707449783580e-03
9.900487136495954646e-03
1.653217128110160555e-02
6.799688395660320392e-03
9.283347296637508780e-03
2.655469416001984134e-02
1.272776647598220304e-02
6.032628231459184233e-03
1.533942242422241774e-02
1.458398186399140900e-02
1.038363091347850597e-02
7.979935887423456400e-03
5.621063306069529197e-02
4.355025575516843078e-02
4.492185190204300155e-02
8.150307109019049728e-03
2.471790301333797249e-02
1.230547956259261597e-02
6.520598700745625087e-02
3.131211742965864936e-02
1.356372583536457829e-02
1.413161400993364833e-02
7.907565529229672319e-03
8.592751942869784887e-03
6.565292179848843113e-02
1.375010574856560912e-02
6.991173206483326796e-03
5.436639458387537704e-02
1.507733323909467467e-02
1.309600285935733424e-02
1.190001639688468942e-02
1.950459654857760947e-02
2.273455903357105706e-02
4.834387685410917318e-02
6.318520637832749504e-03
1.005834271348239606e-02
3.738945449846992758e-02
4.911649683886103179e-02
5.644218127644951011e-02
6.475041998583007385e-02
7.443314801024710457e-03
6.157975955058934969e-02
9.502904697512800508e-03
1.756144587786523728e-02
1.144850061735487243e-02
2.249100609415167693e-02
2.107745050134642376e-02
1.401108753886144177e-02
1.399184997987589461e-02
1.909483240992964834e-02
7.761712312886913032e-03
5.226611936069599368e-02
5.591701822149006823e-02
6.024442748723556063e-02
5.156339037044858215e-02
8.860377912080285440e-03
1.345379110810219700e-02
6.460996835431355272e-03
8.040998835562947547e-03
8.036945420893460909e-03
6.240896354713307455e-03
1.041456300489554745e-02
4.852088368444949784e-02
4.473400901722619089e-02
1.271579230650416587e-02
4.836980096825227449e-02
3.238904777737016544e-02
8.617163673854053019e-03
2.687549400416146261e-02
6.217630815455491358e-03
3.274400920266719306e-02
4.232027087744472810e-02
5.303689318617132303e-02
1.389246983627726896e-02
1.248275304466488732e-02
6.265281014416536343e-02
5.249882565895756803e-02
4.315654775072637339e-02
3.320666499552947515e-02
1.517586691263742363e-02
2.873293102408366190e-02
1.514435828268901989e-02
2.762852186257093098e-02
3.393038009262241972e-02
1.553711158837033958e-02
2.636320183047529894e-02
2.757118697529666387e-02
4.372109424819165674e-02
1.219034234134899058e-02
5.934715769620564629e-02
4.637507308220296248e-02
6.829421557509749753e-03
2.568423493517926412e-02
1.185581363261659603e-02
4.389937058929989366e-02
1.273848466098744144e-02
6.720441435750327056e-03
4.955046517006653911e-02
7.682480352035403644e-03
1.205886508790355270e-02
4.213015718527311770e-02
2.684635476342834767e-02
7.431962546246057358e-03
9.321775242565300337e-03
7.189504040576781725e-03
6.617039023185719571e-02
6.047148421506359783e-03
4.024431061838310009e-02
2.527621248632044848e-02
9.625817021257202649e-03
6.300351191017023421e-03
5.000815159625829343e-02
4.792834544392769042e-02
3.538598365161645110e-02
1.321428850035190686e-02
1.475844191911824047e-02
1.050711182907428966e-02
2.331297973518992733e-02
7.921652533448047401e-03
7.029402899041356685e-03
9.852176725971564797e-03
3.239087092538916329e-02
6.970119914351426485e-03
6.246922081637175557e-03
2.420562669714665036e-02
1.691232953895627222e-02
5.065743938839106786e-02
6.192353107703676106e-03
1.459587616654156768e-02
5.318460738997003029e-02
8.550200246690470990e-03
1.300915698162783893e-02
6.614719119545876477e-03
4.881605699873182297e-02
6.265985488221543012e-03
3.633275144162025766e-02
3.806977456043533076e-02
9.550591777003384145e-03
4.348852438790099667e-02
6.137115630248836037e-03
7.272629067865620314e-03
3.268129050291999210e-02
1.262818609167019705e-02
1.129444140613535333e-02
8.051348638266302496e-03
4.951202916865245912e-02
5.235426022833236659e-02
1.187023764673345722e-02
1.499508172284001045e-02
6.108912444946715085e-03
2.903573251246184539e-02
6.450602811143353599e-03
6.546150669056159145e-03
2.113195134377742618e-02
1.543933804586595029e-02
7.192200710325717672e-03
1.522676484818218795e-02
1.768478134824339951e-02
2.782052023378340025e-02
6.447065986955745343e-02
1.219330830682333056e-02
9.229416544403517761e-03
6.130577432161894713e-03
6.496347043759378471e-03
9.350099880508526071e-03
6.227749688978849105e-03
1.641010773190925906e-02
5.961093880518731486e-03
1.331215549995729865e-02
3.651446851548660610e-02
1.000000000000000000e+00
1.418808193559812324e-02
2.195186488452311943e-02
2.506861401176573023e-02
1.921064619590690317e-02
1.358565223482670337e-02
3.653295802137262321e-02
7.382410240368390830e-03
8.071040200358080632e-03
2.778055463329730940e-02
7.811868086148430861e-03
9.894013924671225119e-03
5.657540754196654746e-03
3.332396699301844872e-02
2.623465630195718004e-02
5.883338530865255683e-02
4.235386732693593309e-02
8.264948701896568037e-03
1.394710529880177283e-02
4.214422988184876595e-02
9.814660436845652758e-03
4.094420712018253389e-02
5.326824270314531318e-02
8.701332605746934373e-03
6.299655068401631419e-02
4.138532177441206494e-02
6.945219526634437320e-03
7.036658690171613759e-03
1.535665916456054221e-02
6.347642223834154551e-02
5.232320060753768709e-02
2.900952671096316757e-02
6.716379212944796964e-03
1.000535316714422016e-02
4.877978811227171724e-02
3.591764540982506776e-02
6.362023269198435749e-02
7.766395664511027523e-03
4.755608528157880682e-02
6.306778659863657502e-03
5.440398053905573517e-02
3.872883880801317180e-02
1.849641243376486457e-02
3.065298268100146231e-02
6.221294800787391735e-03
1.000000000000000000e+00
1.216832163070709176e-02
4.500662861486033617e-02
1.994365197116820809e-02
4.631307835708971948e-02
6.285183451578110585e-03
1.181798912964295879e-02
1.453794976241408118e-02
1.401519571701295881e-02
6.806488142964695932e-03
2.469992675038201746e-02
5.848582514347212130e-02
1.252926101948021592e-02
1.330195900084726358e-02
8.142157973687407305e-03
6.976923513376444112e-03
1.641140499456433810e-02
7.116243293762130467e-03
3.455926959802859549e-02
2.134640583469905872e-02
2.878656455561539457e-02
1.564427873538375494e-02
4.446647268717816848e-02
8.756356721511418181e-03
1.472019561858610957e-02
4.934540178723024334e-02
1.297864783132096460e-02
6.178874143630129490e-02
8.304142165381948187e-03
4.561187918297868182e-02
2.239378026500986676e-02
3.936964899421104697e-02
5.057299534980880945e-02
1.076471058484946425e-02
2.336053672957698682e-02
1.004280162618615552e-02
1.215093534169318923e-02
1.429437390113268841e-02
1.919066659924318144e-02
4.515149301302299328e-02
7.634974446071795921e-03
3.266126080607217180e-02
3.289717091278009792e-02
1.045338704446061029e-02
6.626489980725589445e-03
1.322699988892730473e-02
7.977916289996922136e-03
1.263955004797399917e-02
1.101167192733680175e-02
1.327196458841802852e-02
1.287570432503471266e-02
1.876314408720727162e-02
6.714546612616027407e-03
1.386298440638368372e-02
1.044908277413837509e-02
1.080462360278328614e-02
4.599089280625410364e-02
9.748373561967551768e-03
1.461709502858395127e-02
1.934764789292558670e-02
1.084954354387726236e-02
1.119255021091733297e-02
1.120200055048555313e-02
5.628337802086964131e-02
1.729804549484057624e-02
1.495380391915097744e-02
1.751674008111894429e-02
4.305800078591973806e-02
4.077121040292865789e-02
6.412811994192650113e-03
1.599250606371610192e-02
3.950676996015008158e-02
5.085998890379486714e-02
6.657083669567314191e-03
3.774101211807347894e-02
3.624383393565647898e-02
1.602753823933559391e-02
1.373637750033298091e-02
3.170514472289983482e-02
4.949568399598737456e-02
9.093905766508892166e-03
4.396231014699454598e-02
4.858250477043166843e-02
6.375285839234134944e-03
1.207512872124936500e-02
8.207541651566438445e-03
6.073451398955874436e-02
8.879733617726379494e-03
4.462438369647882958e-02
2.126782671700111135e-02
9.491727594508395788e-03
1.776232816305620132e-02
5.493927254918930941e-02
1.820692411281821244e-02
1.410587531962080934e-02
9.857621402382518369e-03
2.855162557660594416e-02
1.494249738952882142e-02
6.846805756699976195e-03
6.853199985861310913e-03
6.603889997784597940e-03
1.150584588360984394e-02
1.686494204783908768e-02
1.917161894224851323e-02
1.361305034352269273e-02
4.933303886217097617e-02
2.632097775887978428e-02
6.763369604666324801e-03
1.321063124194253417e-02
4.345808431788501097e-02
6.251868373723977815e-03
2.400264918824469504e-02
1.258715278415292911e-02
4.739086504522254523e-02
4.533922867799755618e-02
5.984183587682489341e-02
9.023741952864530388e-03
5.482535834049701712e-02
1.310655074588185087e-02
7.703616288149084390e-03
3.017194383217928697e-02
6.051454629876241824e-03
3.417051522039007971e-02
3.010343593790305167e-02
3.203111315670235937e-02
6.321308130543769332e-02
1.105192442663513117e-02
1.146766299018405107e-02
1.207059206857197253e-02
6.377164064129431376e-02
4.886490989351745945e-02
2.548306358278099037e-02
2.911401623341265330e-02
4.993157824701821568e-02
4.691319166343291963e-02
7.613918474176458416e-03
1.924374641420696641e-02
5.441588671844208025e-02
3.999303693418456568e-02
2.896047090845308911e-02
3.306882698041913732e-02
1.563098321818128661e-02
4.921357663046606323e-02
2.994302426836006892e-02
5.399662879980978575e-02
1.251121267581249176e-02
2.407902888249352502e-02
2.568148652387607089e-02
3.353576469354440509e-02
5.406682629040862609e-02
9.686569449983870386e-03
4.686337170722694456e-02
1.217682240013332265e-02
6.694705893230698188e-03
4.221232714046382895e-02
1.547825785969552184e-02
1.201034763749869380e-02
8.879320227507939145e-03
3.479252116741329143e-02
1.325641653053487821e-02
1.154282637104358210e-02
1.435758631247613902e-02
6.041390814894744346e-03
7.880165792810825409e-03
5.982215012672658858e-03
1.604106003470098796e-02
8.171998483395425880e-03
4.321094498352157781e-02
5.178917562757655996e-02
4.201946586843238740e-02
6.248219716786946806e-03
1.207867185589802175e-02
1.269692269790193700e-02
2.403739903519699211e-02
6.617760212229093116e-03
9.605346530498127047e-03
3.035742588441334155e-02
1.004188620985717491e-02
4.400890162321947907e-02
3.243873241523498319e-02
2.325757676518558359e-02
1.958973892162215943e-02
5.615246982860428587e-02
1.546374395499565749e-02
1.981223252821739250e-02
8.652186937264967972e-03
3.391749315883504923e-02
5.089783415140679279e-02
3.475832838494764820e-02
9.960349199513499757e-03
1.543735363431434499e-02
1.142303029714521363e-02
5.390837218690185118e-02
1.390866100363767968e-02
7.618237586005296297e-03
6.141021815127182398e-02
9.733204464092844524e-03
1.340125893305238285e-02
8.241328533889542840e-03
8.493963986564474419e-03
8.746869430296152007e-03
3.537696290996062559e-02
7.777831304518837037e-03
7.069103298045918866e-03
3.773815357509412854e-02
3.367711614853833441e-02
3.126181099528103219e-02
1.413717992706655172e-02
6.452777933437077451e-02
1.298267530515814436e-02
7.933913251962727495e-03
4.191679531367448891e-02
5.014578085361197368e-02
1.301698444851105523e-02
6.883514709113604940e-03
2.951319218593757496e-02
2.322340734941362450e-02
4.802905313524904324e-02
5.028439551227968651e-02
6.354577848754271001e-03
1.115687838157435746e-02
6.938789568980636806e-03
5.226989950340128060e-02
4.250594291225338189e-02
1.964296926535048088e-02
1.117710182609327370e-02
6.003774693465631189e-03
6.367988983074216423e-03
3.657705057914952679e-02
6.008656179012080573e-03
1.362461176288787962e-02
1.091303073121071936e-02
1.103304986034126314e-02
1.240107422210533043e-02
1.184920419412950621e-02
6.698992446135549478e-03
1.085629135502723559e-02
3.269911803112673238e-02
1.818755067146447107e-02
1.389096053409970104e-02
3.057344425773626112e-02
1.457465877562452196e-02
1.567211439614561719e-02
5.001315357689319063e-02
8.006463100145069442e-03
4.250850484055826439e-02
1.091077742748442110e-02
6.443887813623515315e-02
1.016351507382425717e-02
2.161063941139612990e-02
1.242265698335898172e-02
4.199330618781885183e-02
5.101185007557898499e-02
2.622837438413120822e-02
1.535138162733377248e-02
2.235533450150965079e-02
3.098535533281192300e-02
8.638622352543619612e-03
6.163987031036655129e-03
3.583933697852646760e-02
1.664133330701934518e-02
9.483641500840123834e-03
8.609174568237055319e-03
2.922475828665396444e-02
6.768954222606194532e-03
6.156625523541271738e-02
1.432693142506035258e-02
5.927374063789792036e-02
3.633154582456651210e-02
7.560436774545432372e-03
7.324989467395129177e-03
1.421480669486377760e-02
9.456886747152703707e-03
1.520827477586475171e-02
1.323706934625256196e-02
1.458573938559291731e-02
5.098507362714622959e-02
2.962066290789269751e-02
5.918544234553228117e-02
6.473411958950940626e-02
1.030062250177582982e-02
1.062299971912685978e-02
4.150903637951384312e-02
1.549721692641339160e-02
1.446225279116813804e-02
1.559089035800646610e-02
6.067372756262209670e-03
7.668712868730659729e-03
3.591485978273222662e-02
9.366547595963408204e-03
1.752294307031996776e-02
5.189291804204064495e-02
3.726873272100805767e-02
1.095452245653806035e-02
4.885778869308818328e-02
9.516543480690441148e-03
8.384207425363641303e-03
1.119090261082723858e-02
5.569028302252107543e-02
1.417678770057911528e-02
9.845773678153606559e-03
6.781776861300570572e-03
1.104912870198073230e-02
1.026594993467529367e-02
2.090899725192780015e-02
1.506972120681356227e-02
5.746540860616721619e-02
4.476330203616260550e-02
4.796120431351161978e-02
5.264987640495479709e-02
6.641432585341659756e-03
2.533558920016850194e-02
9.757825872949021581e-03
3.102281884958201993e-02
6.191219711864297086e-03
3.243662636725208603e-02
9.255186764928050036e-03
1.305300673393119254e-02
3.863129638520874237e-02
4.862308932312360554e-02
1.029320911032790761e-02
5.880515995680760805e-02
9.654326057629357416e-03
1.950687285404148832e-02
4.907934812429916305e-02
1.127679080696781730e-02
3.872161396746766349e-02
9.572115425246876738e-03
2.674935331153762211e-02
3.480142486899429760e-02
3.511296549005452766e-02
4.852674095653492642e-02
1.433536005515179818e-02
1.350915633393711887e-02
4.729949561905544275e-02
4.802573231159148331e-02
2.602899762976034967e-02
4.924329236715885988e-02
1.384063724245214455e-02
6.581022765430420696e-02
5.650478939343929474e-02
1.439155202283260576e-02
6.486580595710204726e-03
6.729595467711996411e-03
3.798195261421061231e-02
5.816700401726099950e-02
1.124001333616458757e-02
6.492330355464989190e-03
1.600608241441803595e-02
9.802791962903234513e-03
9.466007221870489236e-03
2.039292568132091560e-02
3.252483781667463159e-02
2.972042254623047733e-02
1.350924445100037952e-02
3.517249254770666439e-02
3.940558733483737891e-02
2.263746952370775806e-02
1.563271894667855183e-02
6.040464908593522197e-03
9.683444164897360776e-03
5.623637456922630368e-02
1.647323277030111888e-02
3.834690604355316806e-02
7.470632459565734913e-03
1.348313338628807749e-02
1.821305902667684495e-02
6.370852250925745225e-03
4.989172206837918372e-02
5.945301334328567666e-02
4.005138822900722317e-02
6.755106021614202053e-03
8.579113488331130064e-03
8.004133851761345564e-03
4.959750467593197071e-02
1.822286834662123142e-02
1.274585954993909427e-02
5.024895186383757789e-02
2.137343288646186001e-02
1.130003371367802392e-02
3.767269585810815308e-02
6.490644762562693126e-02
7.492057598052707934e-03
1.187323819746453728e-02
2.323041337905475123e-02
3.560406185701230769e-02
1.264130289015576863e-02
1.083825343868529550e-02
1.377500673802925686e-02
5.629666569611985368e-03
8.056812927008268760e-03
1.529119312619640382e-02
8.551845028317956246e-03
6.260637270917387975e-02
5.918978632344813057e-02
9.876561714891152199e-03
6.109794583967795290e-02
1.368375794620613900e-02
4.767081782937030582e-02
1.449834109176202646e-02
2.393390539435985565e-02
6.211114972811008182e-03
6.118480651221004131e-03
7.125216348976471173e-03
1.290332290175660347e-02
1.364480294696565794e-02
1.121071499007584779e-02
1.336790492856367724e-02
3.578749515797072234e-02
5.022816563041433008e-02
1.422868562551601879e-02
4.722470986854639813e-02
3.780106586977428906e-02
5.304600940472985887e-02
5.329665791486359189e-02
1.622581999253696131e-02
3.034037731893518552e-02
4.093852751751264618e-02
6.218787602037002642e-03
6.585639273461847687e-02
1.329123026735458402e-02
7.362769044548017963e-03
7.229363630398823355e-03
6.505297225198268182e-03
3.010010157740571762e-02
1.395437358604062830e-02
2.821027956243211607e-02
4.039265952619945643e-02
1.280086739841343642e-02
8.110689681589079367e-03
3.173331854484692793e-02
2.129858041679717762e-02
3.634518924539870133e-02
2.990111420350330049e-02
6.642683215255336046e-03
4.665803365790165830e-02
6.629103895656889012e-02
3.886376427571612557e-02
4.493896324106037843e-02
4.390930786257252194e-02
7.828767736562292426e-03
9.098391372033208871e-03
5.672086205336309556e-02
6.148769138620104220e-03
6.259473398750309454e-03
6.090291025309967771e-02
1.128563666244824376e-02
1.494806802887277582e-02
1.203965654751616189e-02
1.447146959849671122e-02
4.738073937755273718e-02
4.639043717574409254e-02
6.569318156897577601e-03
1.146401127934705728e-02
6.373336295487187081e-03
2.069599651183906541e-02
1.233504257201175312e-02
4.416110178466077507e-02
3.695327864825823788e-02
3.271744745848988861e-02
4.790761081995573850e-02
5.144747566649023746e-02
3.380458363115278198e-02
7.598634236419407433e-03
3.460949089694460162e-02
9.668852097185234168e-03
8.412381803182301943e-03
9.525585609233784556e-03
2.721706270597862992e-02
2.383025879118179716e-02
1.460547056946882687e-02
4.272830426465232950e-02
6.642658051855149584e-03
1.406536526289579349e-02
4.531535174130105897e-02
4.496380251856944843e-02
1.378301732166117149e-02
3.639321017616441167e-02
1.886190670879114503e-02
6.699260580341302729e-02
8.321464451463991829e-03
4.440426054505737519e-02
1.315141087382858121e-02
1.509974439396422757e-02
1.235596241950116803e-02
7.945125424294341779e-03
7.647054017529078367e-03
5.277926371231814878e-02
1.176754582322651205e-02
8.785530619086032167e-03
1.076284908631153052e-02
4.090225425523136282e-02
3.452717486939439751e-02
9.274166970715924663e-03
5.346662719827852128e-02
4.030727115435082941e-02
7.257165773609216067e-03
8.715632819539425105e-03
5.200348305040365660e-02
7.262189847383494594e-03
6.103145291803188655e-02
1.403418324412008915e-02
1.159049175963871268e-02
3.172453386559346417e-02
3.630144137115521447e-02
2.249123128613503969e-02
2.135525919027658065e-02
6.554817648481938396e-03
6.940633553868949708e-03
8.074294171791368546e-03
1.161364714022886102e-02
1.187712619732123227e-02
2.207894874259246770e-02
1.395371487816471356e-02
3.408167469398124677e-02
8.518922282228374304e-03
1.010731730127153311e-02
5.954167078721588069e-02
4.359108231683667817e-02
5.236072934894366732e-02
9.366162259398758475e-03
4.911305405655118361e-02
3.920364308394429925e-02
6.941057943667130158e-03
8.685144355853765402e-03
4.416046215989383183e-02
1.629912776770282151e-02
8.045086603596755814e-03
5.673095589441445180e-02
9.340290330418409004e-03
4.383046357166694995e-02
2.431831520556419421e-02
6.490290706359256798e-03
1.145589521324327266e-02
1.387873870287515028e-02
7.443177023251458524e-03
2.409461732638996934e-02
6.553831999414241015e-03
3.731218121636915852e-02
6.493562113855919082e-02
4.151290992055140655e-02
3.776049362837845952e-02
6.412846824428638896e-03
6.221294353100565756e-03
9.146509198407511490e-03
2.403365822379360459e-02
7.733244851536954026e-03
3.616631415795174692e-02
4.413065853868935323e-02
2.359987335753897797e-02
3.007914270952677382e-02
1.276868991346448261e-02
2.982197686005054818e-02
4.746141317443153262e-02
1.093099045041013261e-02
6.597203428920471457e-03
3.080115100067042436e-02
3.437338083772575881e-02
3.505573276178410025e-02
8.725702760284047635e-03
1.381629727500142263e-02
1.386204165563561207e-02
5.254312396678534336e-02
6.699123879080141897e-02
1.530837962117865929e-02
1.064437105188523365e-02
1.246910478394128337e-02
2.139814177176082438e-02
3.212140807391106190e-02
4.121025850465517143e-02
1.320768455212220291e-02
7.070075542683907678e-03
7.160986982045708035e-03
2.514249733460723057e-02
3.583068623381757689e-02
1.685688902989451038e-02
8.435315425464731676e-03
9.142755547937539765e-03
1.289661799539412040e-02
1.036480890646187050e-02
1.489860307954021107e-02
8.506114694808174920e-03
3.970572427444672703e-02
4.215694183247784693e-02
1.220711550367159851e-02
5.445905440395842206e-02
2.826981571092983953e-02
5.040661901566909769e-02
7.114439534010296232e-03
8.195539479547113773e-03
4.964641132135725471e-02
9.067524031017367911e-03
5.216837457363225627e-02
6.552965644242066817e-03
8.136437842485851751e-03
4.492982745663919031e-02
8.630771523973550935e-03
1.509846481846398823e-02
1.266902940366286708e-02
6.492150304723980081e-02
6.258458558050376819e-02
6.397781644964447255e-03
4.048603397058466585e-02
7.157240267876637148e-03
9.966985858294455727e-03
1.520935001395929374e-02
2.777675312497098967e-02
1.493820871158823421e-02
1.848249862418282347e-02
9.578805592675397607e-03
2.202540745753361201e-02
9.905350481487135150e-03
6.343700814892792861e-03
4.549426785313379767e-02
2.205822411899198074e-02
9.480889037283996360e-03
3.892302927887946601e-02
5.247042068287992300e-02
6.767727607827835230e-03
4.601926374451823648e-02
1.612188044290425309e-02
1.265150888024313414e-02
6.421031870532696931e-03
2.541552375244659698e-02
6.328106037918505844e-02
3.146756262144762700e-02
2.910092316798030751e-02
1.317195611727873562e-02
4.603599565077116929e-02
6.400163933368644038e-03
4.813422338030839270e-02
2.336206878941553267e-02
1.563652063038592499e-02
6.669426348445445241e-03
8.419173341600231023e-03
2.778056340340089025e-02
6.410920702264327926e-03
7.675469464810707153e-03
8.352105212911929699e-03
7.127714783724549939e-03
1.433257409888462515e-02
1.263372556309005391e-02
3.576958453956322059e-02
1.224428208894154206e-02
1.114946385126702397e-02
6.637553580815409686e-03
6.532396955959304807e-02
4.769748910832993100e-02
2.259404600698638327e-02
6.562827820717305125e-03
1.185922444147334553e-02
7.474459379512401677e-03
5.574876252711442187e-02
3.496863686706988550e-02
4.809437308050063670e-02
4.416852201245505261e-02
2.858267911722192287e-02
6.683525557459522176e-03
7.753975121205377956e-03
3.378703873776464639e-02
3.789895857108904059e-02
7.901151454116737624e-03
4.430640258735534659e-02
7.078330034501636656e-03
3.289916875326075185e-02
1.830296560498533356e-02
3.293756087927156295e-02
1.279654660223104694e-02
5.242694216483018838e-02
5.853356348551619348e-02
7.942242054021261821e-03
1.502816162072140825e-02
9.067108156553250337e-03
4.738775796827547626e-02
6.300350239326076018e-02
1.318683292596087124e-02
2.839450134500404871e-02
1.244126278107232642e-02
1.078675899370167349e-02
6.277069386722703044e-03
3.779951423816075434e-02
1.199983167408411218e-02
5.343189207855984085e-02
8.667434127365099272e-03
4.727313297122409663e-02
6.998984435294036688e-03
2.117215231440094589e-02
4.427272147933751512e-02
9.805480696571781257e-03
1.454080431890068109e-02
4.798507794532693577e-02
5.245635050874544042e-02
6.295651696858190274e-03
8.982949653760459452e-03
1.023035129566733994e-02
1.218098061597543656e-02
1.689439901080230788e-02
5.853650246226271142e-02
4.663463453160681532e-02
1.165961408251991495e-02
9.762483447962044814e-03
5.483337493173228577e-02
3.684877741664705636e-02
1.506650818716906599e-02
1.052018604776689889e-02
2.676448008554176486e-02
6.163735445662270156e-03
5.619995902135946353e-02
5.721879848206303659e-02
3.324682858821136761e-02
4.702432844543321527e-02
6.031285173635230271e-03
2.488192555445283699e-02
5.213200778618353598e-02
1.447252931233170524e-02
6.489226876549490826e-03
1.704303018414328810e-02
1.069318719317197131e-02
6.815209208508481338e-03
5.185348914853959296e-02
5.976095490836341728e-02
9.686588497641287002e-03
7.823940410532800177e-03
6.054457822379536586e-02
8.943641455550316657e-03
3.867877015035481314e-02
6.716723249946216466e-03
3.556850283613624542e-02
1.491218892133053080e-02
4.145689750716519822e-02
3.189607621130691184e-02
8.021120741517643801e-03
1.687578425779878363e-02
1.275219760596084731e-02
1.552594451135656459e-02
9.378004909806515396e-03
4.487965675554222988e-02
4.323730482661654329e-02
2.600039357465118439e-02
1.305956579727642758e-02
8.461479400337344053e-03
6.391064674007934654e-03
6.718987117618183125e-02
2.412950390625263203e-02
9.933558329076025428e-03
4.323466112031509878e-02
3.568427621017920826e-02
1.133273887868867756e-02
1.716098425020928103e-02
4.344969683642570246e-02
8.714133277398247376e-03
6.102331298131588762e-03
1.472620506223517277e-02
1.271929938495877307e-02
6.357976609545182116e-03
5.540032866650041084e-03
5.279756783065832348e-02
4.635636244130915407e-02
9.959669246151072602e-03
8.402803983742693564e-03
9.595988307421792624e-03
1.012558749097727459e-02
4.997170566483997295e-02
1.400431462958668521e-02
9.366595201751520133e-03
4.058097507687339484e-02
1.336420212041649312e-02
4.164469814845216111e-02
5.933151590742428289e-03
2.346452874887258039e-02
2.180970628349966980e-02
1.298615787465850699e-02
5.215303904825174808e-02
1.357106206200552057e-02
1.338193740523841574e-02
5.616122958709174329e-02
9.078522540472989608e-03
2.442834485287483787e-02
6.183951337221527816e-02
2.956293424707998399e-02
6.419522712084351108e-03
6.682665511682341422e-03
1.054443743292270488e-02
1.088383679476492491e-02
9.818128599832959963e-03
1.304846486828602908e-02
8.550625638581150698e-03
1.583059872555972469e-02
1.397365627539998850e-02
4.813604437405730185e-02
8.533928819058598375e-03
4.900439657829396001e-02
1.441067254421619925e-02
6.240071416241177622e-03
7.147969950743940717e-03
3.434123718492303884e-02
2.929383184650732538e-02
3.468444395575689260e-02
9.302332516908925347e-03
9.741394960298679559e-03
7.404205950796613825e-03
1.871722464950952361e-02
1.337243153486393846e-02
1.343169712311174067e-02
5.848254254791170059e-02
5.370808398741901829e-02
1.265035267059064390e-02
1.242283175434540608e-02
8.268390314452683104e-03
8.363777432014241411e-03
2.701378103502725947e-02
1.388019110945321564e-02
4.448410472619613448e-02
4.312722934714950662e-02
4.657953656571874740e-02
7.434014587371257608e-03
1.120013897052478738e-02
3.672486146843208232e-02
4.463800809286161408e-02
1.207943786380933325e-02
6.146248821483454861e-02
6.181251648596830343e-03
1.003075867115578793e-02
1.236466785430098692e-02
1.630452700830333293e-02
4.099725084972384581e-02
6.582202992608232259e-03
4.253422128821983395e-02
1.114769898898858302e-02
3.145079118257011058e-02
5.353969764794934416e-02
8.505330581510388635e-03
9.905510165848266727e-03
1.475096609480183209e-02
3.434515921452373916e-02
6.826596737031721818e-02
5.698141522672735965e-02
7.287631436183687403e-03
9.021920765382168347e-03
4.607841668422232861e-02
5.640959988542427334e-02
3.796556994460620338e-02
2.983936535174801230e-02
9.249763589194085270e-03
6.858369149211627873e-03
1.410355902818564294e-02
4.950210572397890918e-02
8.326169881710776891e-03
4.604420196177834435e-02
3.176593869469972881e-02
1.787288215106791131e-02
3.512330855507599103e-02
1.366268161022692919e-02
2.903792323536527609e-02
5.287409919309876000e-02
4.348406389485594964e-02
4.362408393926518052e-02
4.605015511372118064e-02
6.973592748900026006e-03
6.171817339111201374e-03
4.831062467500057273e-02
1.952303454913742811e-02
4.429264778443917083e-02
6.109849796863102422e-02
8.540047867051158564e-03
1.401099086028199069e-02
1.322033014543374206e-02
1.186593446530872370e-02
9.879138766385813300e-03
1.201858553241551796e-02
1.850775554367575099e-02
3.685198211158209614e-02
1.819689154491042210e-02
1.182821054107855395e-02
4.856509280688903196e-02
6.841156611129894233e-03
3.203034070070157752e-02
6.784597123615006276e-02
2.541340082169158548e-02
5.338904342696610544e-02
4.488887339608914340e-02
1.419777290943807259e-02
7.128116903459442988e-03
1.128106046283370613e-02
1.995284977801437681e-02
6.585793889650165545e-02
1.128168572868319154e-02
1.537173975975711371e-02
7.037923269112449955e-03
3.264798869547073934e-02
1.401232867100796892e-02
1.035580378238092070e-02
7.520588450239616349e-03
1.214610900101657440e-02
4.710727236866294604e-02
4.578330188497604925e-02
2.010213070381884973e-02
7.199634323134272706e-03
6.015219121831406890e-02
7.375115520118184428e-03
1.722328394894262482e-02
1.876357051911410265e-02
6.030940028178090329e-02
5.152622656262748763e-02
2.222195688899082991e-02
3.315325163829210831e-02
1.302494167728003062e-02
3.422550208489054391e-02
2.880171265771615599e-02
5.404185524976420907e-02
4.345192562690960297e-02
9.883903243184421691e-03
1.000000000000000000e+00
1.249224281435040371e-02
2.426281039502052594e-02
3.321066263240969596e-02
7.201640761473834113e-03
1.572186579761220351e-02
1.586898833869451741e-02
4.358130583069580455e-02
4.193931055890339626e-02
7.979150747608706670e-03
5.103061003287705233e-02
2.388775583011056719e-02
3.777457352379661598e-02
9.530752594308659550e-03
7.229404716371960922e-03
6.002373650641801284e-02
1.006866278508581486e-02
3.220115401439741648e-02
4.588604582335971405e-02
1.206489555096550668e-02
3.121921288097149680e-02
3.080168809492256701e-02
3.956066079772128929e-02
7.802368214635642223e-03
5.000264462351101946e-02
9.043120396164307934e-03
1.310745302764629479e-02
1.008994520235285269e-02
9.780060128867630251e-03
1.173123940181955253e-02
3.726967102193383397e-02
6.131862658665354626e-02
1.519513098266914858e-02
4.485999760297550154e-02
4.104932390498780559e-02
1.845541781489192304e-02
1.184397131365800583e-02
2.772274819389955458e-02
1.710346390711717929e-02
1.376836640851878887e-02
1.093083519921824592e-02
1.066124796538183567e-02
6.741713491784086416e-03
7.292962739993247290e-03
9.724153825464015855e-03
1.435146666958297436e-02
5.057826428702780902e-02
2.178695851718207704e-02
1.227585573223695208e-02
5.342107912321748114e-02
1.382279077433373055e-02
2.791313922702734138e-02
3.457124438262313554e-02
7.586767818878438485e-03
3.596172369804941094e-02
1.305146246219987018e-02
5.615066627859129078e-02
8.555133071133896872e-03
9.899225683028561873e-03
1.473457117201514184e-02
3.607563609007669730e-02
5.798337850321104436e-02
9.433728040317022889e-03
6.092355517981146162e-02
2.942041292485740242e-02
2.082895252685089751e-02
1.024662183074259020e-02
5.097096296055583092e-02
7.040983626492970139e-03
9.484585580131292201e-03
1.738429795068478778e-02
4.036740468227652257e-02
4.047237396140588445e-02
1.214622162233398861e-02
6.224436856830235093e-02
1.109371623638097382e-02
4.042683484052266712e-02
1.524868721350867984e-02
4.705587017048061538e-02
9.491174625880885105e-03
5.769822036121870223e-02
4.713195994469970840e-02
7.549498733529714373e-03
6.172452988443995203e-02
6.482956658069422527e-03
4.872982934612877376e-02
7.152472281156237177e-03
1.081667963968603943e-02
1.453203406877035149e-02
3.198008139974979624e-02
4.171359023653083836e-02
4.701290235272793244e-02
1.304375694076187128e-02
5.545265903784551975e-02
5.660191334521889883e-02
5.012542408839541080e-02
9.158378991154028648e-03
3.467440306066204431e-02
6.604165673827150362e-02
2.828289632515618504e-02
6.988233860166070260e-03
1.834725938506887727e-02
3.054181870004806648e-02
1.337066735578729300e-02
1.154173341794768708e-02
3.595771297576286912e-02
3.003152253721630763e-02
1.317674720356376040e-02
1.358172529244021549e-02
3.561913768560082821e-02
6.399815063719903156e-03
1.083347344477697538e-02
1.633638034200461664e-02
3.724040055382882991e-02
1.879555392521649673e-02
6.420937732697830184e-03
6.686985176933428303e-03
9.026696918726970220e-03
3.552492468509137191e-02
4.821049646268209948e-02
1.590626270558707922e-02
6.470747201489366641e-03
6.370230945025714096e-03
6.380437015031782330e-03
8.365470169037393308e-03
6.503633183842338905e-02
6.211248934164890351e-03
1.129837980454370498e-02
8.498362939179066738e-03
3.682637764923481910e-02
1.252702543338925917e-02
1.272802086824601289e-02
1.293214152390192474e-02
5.093434296106826714e-02
1.149344315457068860e-02
3.212894695736335376e-02
5.789176985321595192e-02
5.769222569723301414e-02
6.780476904160109321e-03
4.394336582050540480e-02
9.829073519939021328e-03
4.261530547028415800e-02
1.213858932418280384e-02
1.213463378440442220e-02
1.054054411652492751e-02
1.140125109159804105e-02
5.292425145373767098e-02
1.959592415865403503e-02
8.130735364403104959e-03
1.296454593309637020e-02
5.606994509235329466e-02
6.353352978015782554e-03
5.466522704580176195e-02
1.222723571138088078e-02
9.073256999026073702e-03
2.131043756003107165e-02
2.841342926138204147e-02
2.000623892588014943e-02
9.709868761237618051e-03
7.958246541617556777e-03
3.995587178332194594e-02
5.359817359881080545e-02
2.394851288920246332e-02
6.461403582173266824e-02
4.888604043471477673e-02
2.496992051569235302e-02
8.410101515550411078e-03
5.632960053823041213e-02
1.807214346497625079e-02
2.391927649114646698e-02
2.255252231867502233e-02
1.145818917805816427e-02
1.374633290405773492e-02
1.385387164008658814e-02
5.422721893156152995e-02
8.483005324252610932e-03
1.443911219636356998e-02
7.210035915768600763e-03
2.761940783897415611e-02
9.516749298354278477e-03
1.441635988402578672e-02
6.872750309730958282e-03
1.157471777949622971e-02
3.699351087125064830e-02
1.240258025907160604e-02
6.752352229781783538e-03
1.297893861876052435e-02
1.607769204941207272e-02
9.825539693502654062e-03
1.466276696568475507e-02
1.117858210251670113e-02
1.279338507262088240e-02
7.264740185448904063e-03
6.637441201765944231e-03
5.874744413738509918e-02
1.400503486482844451e-02
6.973895390371197094e-03
6.156004293029850895e-03
2.400102004814272036e-02
8.364796368030889481e-03
9.701274299588355174e-03
5.621288665179994398e-02
7.400686213377471144e-03
5.889685932416869815e-03
7.102097137846688849e-03
6.182538021712389274e-03
1.375804876325400355e-02
4.373536887189263117e-02
4.049016778467693506e-02
1.000000000000000000e+00
4.438897422334327908e-02
6.817099302145268082e-03
1.271880314808662184e-02
6.838693245879602124e-03
1.726094518309378295e-02
1.239760812963150612e-02
1.482510216711258912e-02
1.255723523786224025e-02
1.450475878163353174e-02
3.613127091475239194e-02
7.218811831763633988e-03
6.505760779154496319e-03
4.928448661404830067e-02
5.121753800438143961e-02
5.623013766010474812e-02
1.574272466744447083e-02
2.461924739452090588e-02
1.256409463253186504e-02
1.367027295846362164e-02
4.482388853007310964e-02
4.512696339783448668e-02
3.679985995614028921e-02
8.030370699445697757e-03
5.138156372198241645e-02
1.465547581044096548e-02
6.481005285466702980e-03
1.585906967857121999e-02
3.028872280138005663e-02
2.001971244656463103e-02
5.480204644852149781e-02
2.828719301782738754e-02
5.705282426707327520e-02
2.343054822885647440e-02
5.958806679444632326e-02
1.360761566643697330e-02
1.825085531518148146e-02
1.198727128299198474e-02
5.776816738905708043e-03
6.684561092272857212e-03
4.471067099415772933e-02
5.223493364697532476e-02
9.808812610221125453e-03
7.801661796504467949e-03
1.772987247728054910e-02
5.771205094625527637e-02
2.246299449285653685e-02
3.691994231248733188e-02
6.563117145515412476e-02
2.315807939612667815e-02
1.367398575625559595e-02
5.922013455866136783e-02
1.255195711524840531e-02
1.170157547248908483e-02
6.216972048101709891e-02
6.305414824691959325e-03
4.496722719639142246e-02
4.074176302231574676e-02
9.881143813616809560e-03
6.524440573098351515e-02
3.776369403217466614e-02
1.265877677416803355e-02
4.762804144944415147e-02
7.328208629010725568e-03
4.613453023224046295e-02
4.068089004500221456e-02
1.390582045401876979e-02
6.590144518760296388e-02
7.833155313874276895e-03
4.856741833373472844e-02
2.814483198313770182e-02
8.331063607440311256e-03
8.165534200425114339e-03
1.900788395758277669e-02
2.791594004181555122e-02
1.200536352569533775e-02
2.682280768915302344e-02
2.356350076154463749e-02
4.096265915359152687e-02
5.634315872058275054e-02
1.155466515271433639e-02
1.272404634052970093e-02
1.453343623680573848e-02
1.785180233975784334e-02
1.149153823396868897e-02
1.796592687307738481e-02
7.824887730892229540e-03
1.415890765378474692e-02
9.388470189823108075e-03
1.165848887391335471e-02
1.166625018808616250e-02
1.039492326980646746e-02
6.249498930520402951e-03
2.822014707464156821e-02
2.251826161512876859e-02
1.266154764689792975e-02
1.911162822886825624e-02
3.584500660262950750e-02
1.281320352736228275e-02
3.436976253417971250e-02
6.658994889471217711e-03
3.847021928793004086e-02
5.774736646384423348e-03
6.006781058747439478e-02
4.105648966371023417e-02
5.790138446230134323e-02
1.207787403116781372e-02
6.024210470818316954e-02
7.612931386244421728e-03
6.843565613951178329e-03
2.912308183688695068e-02
6.488735341215041974e-02
3.889276821043163856e-02
1.068976878565658373e-02
1.108036707301498190e-02
2.639309102454501926e-02
3.752051183221534469e-02
6.301092537572225427e-02
8.241572719058206167e-03
1.169638994633146953e-02
5.473751026603106140e-02
1.135579974868206748e-02
8.257287094489274351e-03
1.074951471528831290e-02
3.109545953071102611e-02
1.448058660417818160e-02
3.268640452202681984e-02
1.424430703577599967e-02
2.511522162734356259e-02
2.212602115195271696e-02
8.095056131608290018e-03
2.563027416611790565e-02
1.271936677072905454e-02
1.371606029600602392e-02
8.039938399733343594e-03
6.438145983638379234e-03
5.203973525318729421e-02
1.232997228611899983e-02
1.411002124785131102e-02
3.771121658673283472e-02
1.464363873922126975e-02
3.899317524508041227e-02
3.115591686589733872e-02
6.130240705799552825e-02
3.991035034053073277e-02
3.668322955989353901e-02
5.063918718462695479e-02
1.023344657400285067e-02
6.621943807173503310e-03
1.759739055722905551e-02
7.081275285111724750e-03
1.051327546379809269e-02
1.457913158834869133e-02
6.895079527816202342e-03
6.104716442090092621e-02
6.388170791157338733e-03
2.543777057119689725e-02
8.632434113796823988e-03
6.108957575626982467e-02
6.349117961413722547e-03
6.640885380623196173e-03
4.861057497857140114e-02
4.211681985373131459e-02
3.468800338290470298e-02
3.030735751155461122e-02
1.190511779215865616e-02
5.441123000152140593e-02
1.606010171331131303e-02
4.616769381283213763e-02
5.232945509705585335e-02
2.028557668315890752e-02
9.645775644234478793e-03
1.343979011426341477e-02
1.103181783809108023e-02
4.938341998897418511e-02
1.433670919049226389e-02
1.275378287779314022e-02
1.728941599722346942e-02
3.546883819110678571e-02
4.182530263866490045e-02
9.571041760985599806e-03
3.507500160627249203e-02
3.179900583871535236e-02
6.208472779026315974e-02
2.480911572716060221e-02
6.254449230734353271e-02
2.837942622928206829e-02
6.456043939379515866e-03
1.998027132593837782e-02
1.212373951847407587e-02
6.645397859611811356e-03
2.689999806537166430e-02
1.755607263205787374e-02
5.179515238722116888e-02
6.165522391362059616e-03
1.100009844108830286e-02
8.344618072757511648e-03
4.610833781577017981e-02
6.301996730505553430e-03
7.028869526786548499e-03
7.404380706715615185e-03
4.923897419009266863e-02
1.635803296582559116e-02
5.797557388177149856e-02
6.563989918846563354e-02
8.301125282199860178e-03
1.530058406308543693e-02
4.858171449291215360e-02
3.870257609582555824e-02
1.092454299239191753e-02
2.627646894219884052e-02
1.085880892487780386e-02
8.190998703582084636e-03
1.268853093039828614e-02
7.960427181459802867e-03
2.766956215446776321e-02
8.353021312053612521e-03
1.362722834901631229e-02
1.652174130839903152e-02
2.802336539262999943e-02
1.173024159691631214e-02
1.062620174341433708e-02
8.206052781171240679e-03
1.653268077885676826e-02
5.575256029821507725e-02
2.601747796179325334e-02
4.692572083977233910e-02
4.301431039892394254e-02
1.637652188132975029e-02
7.677903611446647465e-03
1.049528386933961353e-02
4.217106253706170982e-02
2.081515167644859901e-02
5.662778721363743994e-02
7.577306234772317704e-03
5.269473799668680791e-02
4.847699172825306602e-02
2.774197287585318528e-02
2.454245449581058877e-02
9.731932108377727361e-03
1.455710080333492279e-02
2.340354945545397927e-02
4.695753945328060008e-02
2.135509845582723998e-02
1.416823080874413110e-02
7.473826749420356755e-03
5.283293143233651346e-02
3.924446531324806559e-02
1.231637682382524107e-02
7.936149016100325915e-03
4.601361569111384053e-02
3.678511068751590118e-02
1.073044190750923124e-02
2.274248293512877439e-02
1.107549699864634335e-02
6.039200731600682590e-03
5.403582962294863068e-02
5.104629990536365541e-02
3.626705351670842653e-02
3.699079588505829741e-02
4.370410647817751099e-02
2.498572869495387094e-02
1.084053800429794247e-02
3.031817774656797235e-02
1.375242511719372562e-02
1.144961123611830216e-02
1.423641004565621634e-02
9.154123990682268980e-03
7.667293122272574382e-03
2.408108616131289861e-02
4.943311671957154735e-02
1.803194209137962134e-02
6.255878145151123892e-02
1.366339515897133268e-02
6.461837134258877242e-03
1.653692115234408483e-02
5.948769250331705644e-02
4.243120679909655191e-02
2.587699164006687300e-02
1.320620760096572442e-02
5.829882253726776514e-02
2.754210813159960886e-02
1.197135639511841786e-02
6.091584277748791562e-03
1.137604198994961527e-02
1.301296400796475919e-02
7.438625340663860760e-03
3.431810714244565297e-02
1.027432297457443397e-02
4.656409560034456552e-02
2.213400355202453304e-02
8.737642146380772412e-03
4.166497340311920566e-02
8.859300688239238677e-03
7.573654625324884732e-03
1.481124981906480412e-02
6.962802248383638017e-03
1.333150495824673640e-02
3.065537961247531695e-02
6.703050768116065872e-02
6.108687273012121388e-03
1.371777037029096695e-02
4.644504307191225229e-02
3.641755404076831709e-02
9.047041200147827589e-03
2.435096623156987258e-02
2.533267672331239451e-02
6.114574191991142826e-03
5.761979570175814955e-03
2.990438053546331035e-02
9.407250223631157676e-03
6.777331297509332428e-03
2.893297897759927739e-02
4.440773318065522474e-02
1.414877214898811915e-02
7.903271331249099238e-03
7.087632379667888234e-03
3.852337927204004669e-02
1.218751049582194115e-02
4.784282542700243196e-02
3.913235882121077897e-02
1.151590657956571076e-02
1.188856419060317117e-02
1.070522669661769753e-02
8.455421979567790888e-03
6.545888833744250429e-03
7.556412816139517277e-03
6.621245397879622907e-03
3.274416878754766308e-02
1.327750893518173797e-02
2.348045183455230861e-02
4.838354625475860260e-02
2.768079044495224197e-02
2.774246253041346560e-02
8.447905131814590837e-03
4.197558703601315944e-02
1.239072782505292424e-02
1.857765547934961750e-02
8.591848970362242835e-03
7.780484363548986759e-03
9.124394744235837101e-03
1.221155846318540232e-02
1.514593590908025651e-02
2.566589142053022493e-02
6.571675419072406030e-03
1.487048326869063949e-02
4.074310083914264857e-02
4.774030475253893818e-02
6.968410352586854213e-03
5.040362935082851742e-02
6.139448306991225623e-02
1.613523436893211579e-02
5.093002326291812959e-02
3.660905579313573216e-02
1.155274386617293272e-02
6.813073258533816103e-03
6.603000606256034452e-03
9.745935286456409649e-03
3.769339855141436157e-02
3.531461877463717286e-02
4.464308833719581038e-02
9.184597032215189791e-03
1.174600113237233429e-02
7.282135063443381101e-03
7.140626903659203634e-03
7.401907307505892382e-03
1.986577229552172197e-02
1.287214902167116946e-02
4.539233285046457428e-02
2.896804195630026113e-02
9.566149622452849166e-03
1.249293930542519360e-02
7.288442276196105928e-03
5.680589365840237048e-02
1.286959096363648851e-02
9.861345486392841461e-03
1.124523721353502814e-02
9.649345804512253835e-03
6.263327584699096562e-02
6.415571807881670363e-02
4.545328015572118463e-02
4.862640359353026520e-02
3.807461028580502727e-02
1.010748291585110946e-02
1.942605442843257577e-02
9.866195619601466835e-03
1.459412790794017631e-02
1.165480442978781596e-02
4.214687358716492915e-02
8.306854261815436319e-03
6.641158440249554130e-03
5.976115354843862526e-02
4.816859973804592243e-02
5.204236223987934035e-02
5.833320914403451740e-02
3.188914867176996515e-02
5.558143594570368051e-02
1.628433928348264545e-02
3.512932840534584156e-02
1.243300816649693143e-02
4.630041302481176235e-02
1.332359628851546504e-02
2.961593036559011585e-02
4.702949112582079094e-02
8.614894241480293771e-03
1.267796528234662636e-02
1.754247457147733308e-02
2.912521219163904593e-02
1.969703761214478335e-02
4.346343701758049322e-02
3.879008143248205420e-02
1.165523742024623770e-02
1.110428687046992845e-02
1.511230912118851147e-02
5.964018641521585951e-02
2.969536065819393042e-02
6.246852323890260406e-02
1.083893173697327537e-02
9.419291208303230342e-03
4.727099664653399563e-02
4.514880174446229272e-02
3.826366729033457009e-02
6.392268411567689212e-03
7.515725978967312607e-03
8.377140301639792938e-03
7.314499451197213620e-03
7.213489045574997781e-03
1.300430371195720330e-02
7.186004227395464614e-03
3.818526272311075637e-02
4.793100245661190834e-02
4.431530485581886003e-02
1.188318596206851610e-02
1.226921907772390852e-02
6.231389753762308498e-02
3.811582433060475839e-02
8.495148375795489454e-03
9.348330725119395265e-03
1.212011883326514182e-02
5.963633001768138021e-03
2.400209506275187421e-02
8.236197929439697737e-03
1.127778176202272331e-02
6.215901362176615846e-02
4.816857572563418982e-02
4.078504576821284644e-02
7.648567067214106022e-03
1.383274173921330077e-02
3.651124374205784451e-02
3.245370128860342041e-02
4.618173423197027838e-02
3.078055396255948567e-02
7.586261696846995431e-03
8.304932233213411369e-03
1.437615523505993663e-02
2.622887147841670985e-02
1.239130984472471865e-02
1.081120358646282288e-02
6.172391528948815466e-03
3.977397392040961377e-02
4.119296373271621320e-02
8.091953271056002983e-03
1.625453588968404223e-02
6.013087988856981314e-02
1.260518979428201965e-02
7.341845629656579102e-03
2.402146402853895524e-02
4.993062355464826518e-02
3.911032702693759133e-02
4.679568677507140589e-02
7.087106368646278569e-03
1.420758846175487235e-02
1.301500389292773070e-02
4.683487401788304083e-02
1.374229314029631367e-02
5.733572873455190094e-02
8.897799214574625068e-03
6.178833131117517086e-02
6.683104535219117071e-02
3.015379761500071656e-02
1.107665276198471944e-02
1.115233893128523418e-02
5.380420934293219520e-02
6.275150077530297459e-03
3.804310821346739563e-02
1.344538352673626917e-02
3.392890945176644385e-02
5.492242983344175489e-02
3.355455475943066451e-02
1.014894390425607161e-02
4.043332862424141305e-02
2.247030468245544629e-02
1.204718179814633257e-02
1.270472664969907531e-02
5.966372459474494211e-03
9.240272227943937058e-03
6.170051778680146586e-03
8.963225789648353661e-03
9.650063815291992295e-03
3.021474601307789359e-02
1.193253175037687838e-02
1.712976774020515819e-02
1.229192408778144799e-02
1.599071561934763130e-02
7.128794610171252863e-03
2.762888026466947533e-02
1.629061737399918955e-02
3.543119382841049270e-02
1.400810250978156563e-02
6.325558098745251781e-03
9.404931058146322881e-03
1.109581657652947140e-02
4.031941971953663384e-02
1.224790347425310476e-02
2.559308342275074324e-02
1.547782214333711520e-02
1.418768278286827722e-02
1.653489834365994351e-02
4.467102948854086847e-02
4.372826324073875170e-02
1.381091340685465171e-02
1.853081744176295412e-02
8.298538927982195695e-03
5.998095432409805000e-02
1.091265687266361126e-02
5.429041858469962900e-02
4.064623529871085050e-02
1.010311701721902135e-02
4.115859936039734102e-02
6.259748560628911225e-03
1.015186316025117053e-02
2.670994619777987758e-02
1.127518587810827713e-02
6.448658054373705532e-03
8.137821149861411418e-03
1.594542931210969280e-02
1.559600858717392728e-02
6.719426614097681605e-02
1.722799495573931750e-02
9.507596463024058434e-03
8.317516165404751152e-03
1.001737843071587135e-02
1.047392144900821664e-02
6.313769722987586791e-03
6.124520858144638299e-03
5.454091255597769139e-02
6.402552741205195033e-03
1.840976259639677537e-02
7.340463174108027671e-03
6.552212558748641072e-03
5.466726626306477738e-02
1.143797151361590145e-02
4.256780027212508921e-02
5.316175867804236177e-02
1.552812781334866887e-02
1.916901023557062919e-02
7.919024973086939354e-03
1.311475825052086860e-02
1.414609171522519630e-02
1.815080240879366272e-02
6.572879997390083939e-03
1.218478660738180064e-02
8.206692112459055763e-03
3.847756245232743927e-02
1.038566832013670949e-02
1.137174613782183062e-02
1.693053092268200985e-02
4.430940409473307223e-02
4.905161746580691262e-02
1.412902123469593138e-02
3.417554027186947563e-02
5.997690430147680461e-03
3.485312379495567742e-02
1.098933958129981979e-02
5.198948118260535850e-02
1.853253134831081561e-02
9.264907299134879370e-03
3.915134765504277997e-02
1.208371088263151920e-02
7.555088117659019414e-03
6.253033103718727038e-03
2.155957815836610433e-02
3.400129556151550853e-02
6.727263867198973041e-03
1.437624803532959288e-02
6.816370750928612242e-03
3.417196894972605176e-02
4.572156124221898182e-02
5.296665929196424372e-02
4.379169168258199157e-02
1.298811889760811966e-02
1.369356423597098589e-02
1.281730988654257615e-02
4.629532751181964639e-02
2.769993208325139886e-02
8.953139414486496056e-03
6.437533386983776418e-02
1.572405602457150470e-02
1.010246764356537499e-02
4.368402769799591134e-02
4.179000338084403604e-02
6.255971723491052586e-03
3.062142716123825159e-02
2.075105965384022727e-02
1.427560044929285406e-02
7.864678438771227631e-03
1.088553031098741554e-02
6.020983671753638716e-02
4.729520790638765820e-02
5.917249350629360909e-03
1.382879572464596439e-02
7.219627452599312357e-03
8.955357141862204870e-03
5.011911623734754961e-02
8.710962075245626615e-03
6.831770079887986881e-03
2.179012465583060262e-02
1.314286044096843117e-02
6.137972175959586357e-02
9.323534112293949822e-03
3.223339281138776213e-02
7.359927782487274243e-03
5.289494605206389310e-02
5.191250074551996552e-02
8.635861753242213279e-03
1.387212581299123240e-02
3.082213625444887167e-02
4.304803158240577687e-02
3.444512269239387997e-02
5.920984459266940420e-02
5.652802361486763266e-02
2.082654421840179557e-02
9.961807350741333153e-03
8.417156913682641989e-03
6.017476086187888325e-03
6.424036496946580396e-03
7.190079190348560960e-03
8.583573232918442070e-03
7.224657470491118068e-03
2.876773629238085425e-02
7.369760280479359729e-03
1.093505772543890489e-02
6.821210508265927903e-03
7.406744719649746740e-03
8.239415526857092609e-03
3.060084943441243599e-02
1.165871738035860992e-02
8.104572300557659481e-03
3.564918303258202831e-02
1.269241206295329202e-02
5.576182828736651192e-02
4.901000366307445288e-02
1.088592829754602906e-02
6.038988389723390360e-02
5.782778418302185475e-02
1.194020840934036966e-02
5.790574645420326627e-02
1.630100531116657897e-02
8.971417478750428817e-03
2.845078808720747157e-02
8.219005493659206976e-03
1.104445614387895153e-02
9.882416886533490485e-03
2.808683528816705716e-02
4.688513860707606284e-02
1.059512095847256648e-02
5.388496626279026119e-02
1.203582200762767958e-02
6.210573031247914461e-03
1.460918738881138157e-02
2.027670134626510801e-02
4.499166625514380846e-02
2.441601892010248839e-02
6.874641155925873687e-03
6.330800842007631990e-02
1.026431114208979124e-02
1.408075093727459946e-02
6.593173946620268198e-03
9.993454093957715445e-03
7.504072427888423998e-03
6.552699403994945160e-02
1.151285923575107346e-02
2.184419153082100065e-02
8.452126557296829254e-03
2.810556018493198804e-02
4.276103186573543963e-02
4.463066783731884507e-02
5.256187074978883184e-02
4.386646242204569890e-02
1.453999771010754810e-02
3.523654325898915168e-02
1.038369923966912453e-02
9.508024344204234896e-03
7.237673113617803557e-03
8.894654827542983894e-03
2.377935598656409980e-02
5.998393556264991489e-02
8.743792734455180932e-03
3.595182435860879572e-02
1.081593634840441465e-02
2.689336393597988040e-02
7.302486304310595346e-03
8.513853331829669691e-03
4.904020008310626400e-02
3.282467315607212610e-02
6.563871087369149877e-03
2.292817791822918810e-02
2.312853203710688726e-02
7.306426620758152760e-03
4.546473147989628372e-02
7.667811310082157071e-03
2.406385517305379904e-02
1.557885434314786738e-02
1.848810461402277880e-02
1.859579170252093419e-02
2.874693540788539337e-02
5.614130171105288954e-03
6.641726199455584567e-02
7.315325713092573831e-03
1.441834182888300162e-02
4.722108636515090496e-02
2.045197664584715025e-02
9.591425716478085839e-03
8.646935555921273983e-03
1.402457005557055693e-02
4.841855906724737424e-02
1.394770582614139783e-02
1.151864127281979414e-02
2.337793617589375636e-02
5.096729801492122514e-02
8.816354809233371490e-03
3.578238672624327321e-02
6.139179590230844051e-03
1.110293877248513111e-02
5.371162549200438757e-02
8.026445572366879694e-03
1.946228041997285704e-02
6.520672056679115147e-02
6.461752996361543044e-03
2.153922261091235218e-02
5.841373111950937808e-02
5.786044593246220807e-02
1.159570791473100125e-02
2.412356964021002484e-02
1.018684940947708201e-02
2.705474748592652523e-02
5.992359403409439761e-02
5.056201251108086853e-02
3.733569532379275163e-02
3.770226100276538594e-02
2.472951048582084504e-02
6.206464463578321294e-02
5.596450821212063664e-02
2.963995668905656730e-02
6.778718630818107715e-02
7.658216477927165533e-03
5.727050702195221263e-03
1.611827541821055088e-02
6.245614950128467249e-03
1.003074484837499641e-02
7.799466380637830841e-03
5.039505450181681889e-02
1.695962377462827825e-02
4.126252064914733703e-02
1.361448229730061882e-02
6.616794351851508493e-03
6.769668390154944329e-03
8.677593227603142001e-03
7.528179896518604440e-03
1.215924987440155855e-02
7.514399607605934048e-03
2.294506445774025655e-02
4.366920828557230294e-02
1.477190598489051300e-02
1.682417227650734662e-02
4.855413070753986787e-02
1.272026866222982465e-02
9.185396032414359577e-03
7.686160155923773066e-03
1.087034337815135504e-02
2.442599072211324232e-02
6.183199081681341712e-03
1.276983481901882399e-02
1.087061863961540434e-02
9.303860570206223118e-03
1.090233047573180812e-02
8.922668982878551036e-03
2.456567483628442281e-02
7.868035534650028029e-03
1.015352284475829273e-02
1.964033478661631263e-02
5.244228847711943087e-02
9.229970865057234714e-03
2.031346417609347643e-02
1.369010124768168385e-02
7.891599997605669090e-03
4.813840513103154889e-02
6.412180014115448357e-03
6.846925669253384195e-02
6.464703559569670577e-03
5.613835625783227500e-03
1.468310622547556489e-02
8.517497543377080052e-03
6.119939508173545539e-02
1.346890271184492983e-02
1.405770229354921623e-02
1.197958288814765168e-02
1.351633462188477595e-02
6.551686615142147431e-03
1.585752069658887681e-02
2.675257933499862809e-02
4.318767144670091623e-02
2.218842498324216997e-02
1.268511787949898675e-02
2.455112932247899282e-02
1.424572130468115989e-02
1.267690499321962212e-02
1.498356013947653616e-02
6.414487321890335880e-02
6.351522105554635589e-02
5.223915899067814450e-02
7.514886516600387603e-03
2.966802367409199226e-02
3.818359551355920284e-02
7.467444229850742771e-03
2.278664644649808571e-02
1.103254243625493951e-02
9.199689389629206113e-03
3.611319005059314413e-02
6.161143007220520190e-02
3.473135212805295718e-02
1.433246338148890832e-02
3.028378821408266725e-02
1.335804228134956223e-02
3.911650545880650948e-02
1.279378169174934243e-02
3.035413039209651498e-02
7.626961869213329595e-03
4.027377783052722704e-02
3.438599212146505740e-02
2.063313603164772941e-02
1.007316606520561320e-02
1.337999215948324806e-02
7.804270965909482043e-03
1.670643017239486355e-02
8.385313954690644389e-03
3.221752314879564039e-02
1.502117592581022655e-02
1.187787082603930511e-02
5.109996064613062799e-02
4.780966576862131362e-02
1.249476268720361820e-02
4.933358169183666569e-02
2.302367386592945459e-02
4.606524766590463366e-02
2.930682167946707314e-02
6.469390255621108865e-02
6.932929221703072568e-03
1.417312230382414273e-02
1.000000000000000000e+00
1.363736018361848094e-02
8.774864506588224769e-03
4.084271899048162041e-02
1.463055081088420611e-02
4.842312223176625102e-02
1.453939113799067664e-02
7.147810603698506217e-03
3.319080030723726288e-02
6.091227483625627666e-03
6.316597412407584829e-03
6.762567853782550445e-03
7.453368110143127404e-03
7.702336975096562253e-03
3.926274466396366403e-02
1.192281877129833592e-02
6.462887638302501625e-02
1.501622892548771723e-02
3.288493040431725994e-02
1.227529461772053354e-02
2.582185544343023470e-02
3.699518918294859154e-02
3.271076469977055728e-02
9.367949271992996249e-03
1.094236784920070080e-02
6.592375272644127905e-03
3.310108411821665458e-02
1.088511668450240291e-02
4.582454123301885063e-02
9.656230621381474075e-03
4.315402297415599220e-02
1.482773647507610974e-02
3.809955196371675457e-02
1.549367727736841206e-02
1.912764550540444961e-02
1.182687280003153277e-02
1.219722928739839368e-02
6.023469777689955534e-02
3.949487849205195189e-02
6.677550048596788031e-03
5.806256041297992027e-02
6.650215657668316627e-02
5.477576439251267970e-02
1.009481687153220182e-02
2.662533110597547700e-02
6.628198606440417751e-02
7.231479813277472135e-03
3.443293099147962805e-02
7.356506027262709087e-03
2.357253316156967746e-02
3.033672957942390447e-02
1.227398262259612668e-02
3.487613613689277692e-02
7.245378157705088806e-03
4.867487011698082983e-02
5.473343522271745948e-02
4.061820125796231779e-02
1.030245458644178658e-02
4.444445965180703062e-02
1.370096144623175922e-02
6.098812354342827112e-03
5.205158641769170452e-02
7.031771281075955074e-03
8.187368414105432660e-03
6.353943896057942173e-03
1.199578570077256684e-02
9.569609831500061267e-03
3.642250101724797684e-02
7.258841475223357445e-03
1.493528116281518485e-02
9.035113516385733651e-03
6.206706405325672360e-02
5.597924838779928108e-02
5.101504291045415307e-02
6.434805088993222899e-02
2.924988687365586565e-02
1.058747180069632109e-02
9.723029358035114797e-03
6.843603414241168463e-03
7.134577836357789034e-03
4.107345134247625262e-02
4.268084259928300872e-02
6.773064595160477840e-03
1.143989831308509994e-02
2.546235016602330092e-02
3.423677041187297293e-02
5.731212893308385709e-02
8.781608806292742417e-03
1.002466978492725334e-02
2.573770866558318729e-02
3.400552793265593926e-02
6.743607417666062746e-03
6.113110071075938956e-02
1.521624812035400794e-02
4.550634745999982550e-02
1.153089034773435544e-02
1.005929782917687823e-02
6.545644354319651859e-02
7.756894966536597574e-03
6.460207550617239058e-02
5.846678509418225256e-02
4.395624609794041709e-02
1.236272123170632613e-02
6.401068842901241202e-03
6.503400463156399844e-03
5.121079024208653047e-02
1.197161717055842366e-02
1.236048437625886752e-02
7.484693691807230154e-03
1.047063957811414717e-02
2.019474671606519972e-02
1.229352796172410688e-02
1.118434672508179101e-02
6.512721823259257602e-03
4.749036860305561741e-02
4.963078356390855650e-02
2.086638690762566972e-02
2.016499877521753595e-02
5.832098520086720188e-03
4.189304406161376698e-02
5.241326083242729694e-02
5.787539478051723085e-02
1.433574748565759685e-02
1.403059456646300884e-02
1.968770793719960138e-02
7.068442705084991562e-03
5.444776168908390529e-02
9.230467993226888768e-03
1.390288494623605382e-02
4.044895175492167760e-02
4.898421289750698460e-02
6.451789830180638952e-03
8.940406474509155627e-03
8.063787420481353940e-03
4.197004519459190258e-02
1.230297489621127310e-02
7.050505183468908782e-03
1.081726540668024629e-02
1.476271349427396747e-02
1.255273182116824031e-02
4.726098303092755859e-02
1.314352379216719886e-02
1.978022131914841664e-02
4.547736606148086724e-02
5.793185373951912492e-02
4.878254787416976684e-02
6.596881556186850668e-03
2.504115897689966619e-02
1.484447214359347310e-02
8.704858442692708226e-03
5.816021822401484104e-02
4.942591654095518372e-02
1.033217746524600286e-02
1.477832214459600009e-02
2.068609143572788106e-02
1.415085319862747874e-02
6.481786315233953322e-02
4.324146142247294045e-02
1.076129643973175974e-02
4.378890910504459194e-02
5.453890467716279028e-02
2.748290297276325192e-02
4.155502463860611534e-02
5.539683896982829092e-02
6.415094957803460507e-02
2.530922175905548147e-02
2.529391960820412399e-02
5.714082230796458522e-02
1.286192026703958380e-02
1.457101158905890585e-02
5.394388566116815192e-02
3.225963120563943298e-02
5.510250383425956133e-02
2.745387459240755668e-02
9.233992069910396810e-03
6.720681422109616408e-03
7.698014309673716776e-03
8.315943532694183155e-03
6.170590153720841020e-02
3.564819075404697390e-02
6.332171182068488911e-03
5.366520585093945833e-02
1.130471817952840609e-02
3.672230569949228723e-02
4.596717594527435086e-02
6.273398097791294502e-03
7.092677880836248047e-03
6.526604743278137041e-03
1.334554076711668910e-02
9.640485455960221689e-03
3.553097284210599005e-02
6.083109964083782163e-03
9.541688266528439502e-03
8.219110713099062396e-03
4.961293393033849169e-02
8.229620865305266667e-03
1.263175442351493864e-02
3.573675008084804122e-02
1.446936929032095580e-02
1.569341565100870056e-02
2.295093465898559448e-02
3.150043519987553997e-02
1.060050823879141874e-02
1.330450276223829782e-02
5.715490064185131669e-02
7.907787482330699141e-03
9.090318536902616126e-03
6.592006889627722264e-03
2.392958181980083671e-02
1.167185499712461612e-02
2.518518463883615693e-02
1.199451850139257418e-02
7.122324784064964186e-03
5.765564582843716451e-02
4.886811909552215422e-02
1.115295889807565652e-02
1.470191399044421671e-02
7.301969598654671142e-03
1.585144569234246334e-02
6.428744999593361334e-03
2.286123178926732086e-02
4.684393369851795608e-02
4.774184219220507092e-02
1.519764450174989831e-02
7.241895577428564094e-03
4.311883975140563124e-02
4.682022713409626086e-02
9.017114298778229273e-03
1.377699675136511738e-02
9.853519421584308949e-03
6.606260525359232416e-02
5.425111962276665811e-02
7.525146457879368887e-03
1.068715140787016189e-02
2.793566599480871993e-02
3.438893092313427546e-02
6.849406600462518840e-03
1.320493810013517386e-02
1.267130910124326763e-02
5.513112814452095223e-02
4.457417150577903248e-02
2.435050497124172444e-02
1.563155955485701076e-02
2.925992570082688524e-02
1.299917590433087057e-02
2.693288196417284799e-02
3.986971052564380197e-02
4.307916846395230120e-02
1.043527978306548268e-02
8.311587509560708353e-03
3.866365694468699987e-02
4.257905965943947768e-02
9.968798770271573156e-03
1.388190978259762169e-02
1.569812213667099582e-02
2.800802580834757527e-02
7.829746381349438414e-03
2.880373528126734667e-02
6.205677974599753399e-02
2.106820459015302724e-02
6.736947813111527836e-03
6.234173989536993116e-03
3.782165072949109780e-02
7.652258919391838159e-03
8.511552191262412512e-03
1.337208911894669817e-02
7.495412654050188049e-03
1.340101416633623400e-02
2.969554194292941748e-02
6.393628716488556143e-03
5.572334223152199811e-02
3.623250651245586706e-02
6.466226400960778734e-03
1.180085785510719132e-02
7.722044353077796991e-03
3.474282435998767710e-02
1.241884660760356196e-02
3.905062047306288864e-02
6.031652044807884160e-03
3.854479734212461900e-02
1.125257093533294644e-02
6.260648034562115924e-03
1.462938186069217411e-02
5.120011572064719213e-02
2.932526065952091587e-02
1.374879389812165564e-02
8.646010633442056600e-03
2.241421268844967854e-02
1.306806281703169932e-02
6.737329714756342888e-03
1.782228969532049720e-02
2.671211534474689925e-02
1.112167377725435495e-02
5.537568739489281966e-02
6.601613628961620732e-03
4.310834057369272027e-02
5.652187344861380608e-02
2.784845334664289018e-02
9.021445701492570093e-03
5.788003757998708143e-02
1.007385210757693120e-02
9.305995715508573463e-03
4.535156654190120040e-02
5.606840007884684313e-02
5.912480536553848393e-02
2.269075447516220867e-02
7.650247325132034787e-03
5.524252406157007661e-02
5.074390913856574592e-02
8.069133268936275194e-03
2.802224824426266178e-02
5.669257446786760135e-02
5.254824850531851499e-02
4.016232848694126917e-02
4.767267422855387543e-02
5.763341835628630477e-03
8.109225778370761362e-03
3.342669375498650425e-02
1.427252538858044505e-02
3.164770004099613787e-02
4.242823700431633260e-02
6.150005749661201226e-02
1.154607274191086011e-02
1.242791369557199807e-02
1.041395779054927334e-02
8.792037766136536966e-03
1.469074872087433592e-02
2.631940162953738324e-02
1.000000000000000000e+00
3.123258713316685517e-02
4.423421595497613323e-02
2.090584053623727526e-02
3.027016195216430602e-02
7.451843161851995009e-03
5.991205066055991374e-02
1.350401935367939385e-02
1.099195118290891178e-02
2.794237984279022979e-02
1.080001031772644983e-02
9.132326989821278398e-03
1.975145984681365291e-02
5.447418327103016600e-02
3.923180927169141879e-02
2.698764261231818146e-02
4.311360444086365790e-02
6.480222754869546797e-02
7.552886666872650825e-03
4.022314158929491540e-02
1.463731228756928043e-02
3.934433811886924037e-02
4.281414337075906823e-02
1.571310478284807660e-02
1.159901811014125463e-02
5.234944760685028564e-02
1.444041618909149526e-02
5.310662597039401273e-02
7.507022289979020310e-03
2.433405740410247639e-02
5.874325170473443380e-02
1.349418152667941628e-02
3.887419433236457417e-02
6.232230132527319909e-03
2.670455137591477845e-02
4.088377056418159017e-02
6.262684572843971176e-03
1.183147241673041840e-02
4.585774744141651177e-02
1.097736587496555422e-02
4.768011672060065709e-02
4.850380726451567620e-02
5.791845990652132181e-02
1.170195712126160907e-02
9.259999510837777989e-03
1.488211007046554880e-02
5.892323635676835480e-02
4.120535576606725037e-02
6.873010478378766865e-03
1.106135986512270242e-02
9.278682454206871669e-03
4.096601985963177484e-02
9.823042528847277313e-03
5.241153029671593438e-02
5.336445343756850146e-02
8.989040688575958629e-03
2.118604698557386562e-02
1.193847099656361425e-02
5.100739683508840466e-02
1.941079544052763672e-02
1.130860721794557655e-02
1.434934190404648160e-02
1.074031921453587161e-02
4.443752158221372234e-02
8.047114073415087554e-03
8.909990717916340536e-03
2.559359916980349231e-02
5.876513253487938848e-02
1.010388486022102683e-02
3.051754766780201758e-02
2.063870167324367497e-02
7.021105812525274201e-03
1.023459847295162504e-02
5.306974535398260168e-02
1.602049861959387381e-02
4.686979453806170565e-02
1.249609097922835255e-02
2.839622137539619257e-02
9.774151445252971665e-03
9.157553335493394051e-03
4.453768096102975887e-02
1.971805539660316520e-02
2.885167644046429669e-02
1.152505195357295467e-02
1.906425279665754577e-02
4.334742838448627650e-02
5.776255052328731904e-02
1.160068414233666675e-02
6.732274296030059738e-03
3.718034906999515693e-02
1.008842741662698689e-02
4.624608577059970832e-02
2.804263414054040948e-02
6.503723269341409735e-03
2.101852716802917256e-02
5.023641908031187958e-02
5.096775784840204548e-02
8.976055610566748347e-03
1.362550425307662051e-02
6.204566908114897417e-02
2.226742474688108570e-02
1.454539884840854412e-02
5.035475818391687425e-02
6.852610641274970923e-03
2.987896068583949238e-02
9.813776098991750310e-03
7.617935683145538560e-03
6.577259627894445002e-03
6.280320379195948773e-03
1.590954369135558905e-02
5.235429667773734003e-02
4.283114246960198490e-02
2.380923770973596837e-02
4.698813834516044757e-02
6.274355676397815919e-03
5.644950276998502575e-02
4.273312716265519062e-02
7.339586109643634823e-03
1.658021465814068368e-02
1.271084550990606542e-02
6.059191472595364114e-02
3.296508874112834969e-02
1.228729814369414197e-02
1.013601468021907599e-02
6.833768409851247172e-03
6.726828673136411862e-03
6.907362954275293558e-03
1.380753022122201135e-02
6.557982919103795549e-02
5.456796590979259148e-02
1.411255441328970392e-02
2.202500004948333354e-02
4.515620068449501673e-02
1.449150674399409498e-02
2.186366225061912860e-02
4.599738465183111913e-02
8.044767925451164897e-03
1.538365290461432035e-02
1.315866971519412225e-02
9.239822147074451542e-03
5.322816585879227430e-02
4.371945012075850040e-02
1.185827287824536488e-02
8.208201020016167582e-03
1.481221415382168692e-02
1.060526564194655755e-02
1.044779753725444925e-02
1.095683142657158382e-02
3.964337247400278458e-02
3.528742545049011470e-02
1.219446717641100436e-02
3.975364023355237864e-02
4.796622816300725317e-02
1.556057301479743527e-02
4.958821058303978374e-02
2.974700562297269077e-02
1.024076283188322771e-02
6.704395338356154005e-03
1.600777174755904989e-02
6.628222281148775721e-03
1.120167783505508600e-02
1.555469297605015580e-02
6.097797498291496893e-03
1.805519938277306419e-02
1.466925910551174911e-02
2.478177199418844789e-02
1.279361115634175712e-02
1.515702848671993466e-02
4.173411039209526385e-02
5.947142713294137177e-03
4.524309264202695802e-02
1.039658331083322118e-02
3.926564095290165785e-02
6.917042841891659667e-03
2.469078052222750674e-02
4.458118775129007311e-02
2.658492388809191240e-02
4.175843322637329963e-02
9.371158506369367536e-03
2.021512345527580815e-02
8.587889552652109432e-03
1.441648187306922464e-02
1.544610873265948175e-02
1.062638631135919519e-02
1.137765069614884821e-02
4.890798668951439748e-02
2.348528456415269194e-02
1.785101237860850162e-02
1.351254122185582829e-02
1.176489555084861242e-02
4.567066992037338569e-02
2.041474365125237750e-02
4.102704286122156596e-02
2.381641571976702426e-02
1.012240680829131628e-02
3.397789423435634837e-02
1.518193885363664994e-02
5.962369455236075921e-02
1.485820147359678475e-02
1.908369022586581254e-02
4.864470523143473585e-02
3.583429864383812918e-02
7.746352144251190605e-03
6.467924719424865930e-03
3.147041554831726817e-02
6.120274640557018218e-03
2.379628812408609434e-02
1.125903185767775962e-02
1.427026355205171342e-02
4.968989807288112792e-02
1.810358956330185287e-02
5.921146300419461404e-03
4.261384223671451504e-02
5.287926240293388397e-02
1.409601995918574255e-02
1.196430893796853259e-02
4.980688159825982092e-02
5.229547244833000763e-02
7.817617441612707135e-03
4.230411003349877908e-02
8.721484495508200277e-03
6.863468173762638999e-03
8.765587673051088852e-03
5.729377428183703852e-02
8.483393922976138757e-03
2.048392560364847501e-02
3.865329518465764752e-02
1.998051473902625816e-02
5.376744402613305857e-02
5.726720291198748869e-02
1.854923959632422473e-02
1.020956943942252955e-02
4.573037450721973568e-02
3.965546342053894585e-02
4.234580012994228204e-02
4.529962750207301714e-02
1.459770908290314653e-02
5.939349977560830218e-02
1.050669374755576480e-02
1.356087460910430226e-02
3.904816681187794208e-02
8.742056780595509891e-03
5.649457242734464563e-02
3.498621423367316574e-02
2.783613970267579535e-02
2.935127805659596897e-02
4.637764483306856811e-02
4.898461341517247603e-02
6.815491196302361429e-03
1.281875644536958729e-02
5.891050603421072590e-02
4.625976869804679370e-02
3.473572218296553521e-02
4.645374204898111703e-02
9.474401804827975448e-03
1.325862207998274381e-02
6.123965240881614445e-03
4.039104276804716259e-02
1.392895629336304668e-02
6.197668847156177600e-03
3.836102776958313226e-02
4.434454137849972583e-02
3.509079350079264553e-02
4.339798744196468605e-02
2.749465959787871297e-02
6.636367859230987362e-03
5.571435082777891762e-02
9.749812680336396656e-03
1.368439829679703700e-02
5.625175518927361118e-02
3.969692014909527444e-02
2.930348877183379039e-02
4.643777049093397030e-02
6.272031472633494802e-03
1.169435238402169626e-02
7.504773460261095035e-03
3.422841919442795589e-02
4.655988463189410231e-02
1.089493589259132866e-02
2.104791052661296458e-02
5.708046230544328720e-02
5.844143900769910999e-02
5.753788435999934031e-02
1.352644314804765657e-02
3.694447306908583278e-02
4.871350964963848396e-02
1.463967949377763950e-02
3.769462331263315896e-02
8.331461248978712722e-03
1.309097775228910097e-02
2.291959804631207853e-02
3.267422663579883091e-02
1.015516593564706055e-02
4.630431289928297472e-02
5.327226919637580160e-02
5.204919844166714521e-02
3.537959682373598147e-02
7.142345376251059419e-03
2.258498022629437316e-02
4.980674777855279012e-02
1.454559616953818302e-02
1.381075248948413631e-02
7.189256618995245457e-03
4.622909641741566877e-02
1.204982562607462108e-02
3.312477868460252106e-02
7.508410526584572905e-03
3.334061130102296266e-02
5.344997339031605510e-02
6.007000803613974163e-03
8.844726731534816033e-03
1.099861568600503034e-02
3.458405306283214575e-02
6.375226589715048825e-03
3.486049782219043103e-02
1.421308214434931043e-02
6.320307610287383832e-03
1.961661943815618328e-02
3.731110450199648376e-02
4.484282499875114070e-02
5.435565441182713120e-02
5.177404525306731481e-02
5.107680008677349670e-02
6.367736014854671889e-03
1.207616553565766734e-02
1.134113607326170045e-02
1.422229351125966351e-02
1.016959281389262157e-02
1.014387142816669703e-02
4.989149646131457727e-02
5.447060489176660386e-02
1.427256794385685541e-02
9.782202517086254281e-03
8.545435512757113342e-03
1.147466181786782613e-02
1.077622123481463898e-02
5.870635836146807091e-02
9.138348440373374182e-03
6.856178300849759266e-03
5.732896529758188531e-02
1.119089365650926052e-02
3.339968413489272092e-02
4.519604844077208111e-02
2.107402933659782707e-02
9.512804740299935641e-03
5.481676620415606993e-02
4.043650511412640730e-02
1.167980829683944871e-02
4.533826136252690209e-02
2.218982379473167371e-02
2.414930572476287757e-02
4.613695125962061910e-02
3.138383542777613278e-02
6.113301141567143229e-03
3.894118331145370038e-02
1.076998877936971057e-02
5.961256654938647259e-02
6.287726517316303068e-03
6.661038935184930565e-02
1.022553933539811950e-02
4.002723564604425410e-02
1.098485747806879700e-02
8.160528924678807708e-03
6.144373846068713202e-03
1.567319250083575033e-02
1.150680234270211148e-02
2.493573857991079543e-02
2.560085884397238221e-02
5.374965008579225823e-02
5.148255899451366357e-02
6.014528732951758203e-03
5.501402246683674557e-02
2.634094999201316151e-02
2.752784564057369696e-02
6.872190270844548421e-03
6.738975281192940807e-03
5.088054564648180483e-02
7.021630688654957771e-03
1.013036537240690968e-02
1.205030115060336769e-02
2.813840006279314659e-02
2.721155354254386344e-02
6.303957972905908404e-03
5.669743970759064805e-02
1.113752906256032862e-02
3.241613142985039220e-02
2.613305242277233140e-02
2.662581617363350694e-02
6.044229183079358018e-03
4.234228942103288040e-02
1.134519222712698089e-02
8.605506123158766785e-03
1.638776451275495219e-02
2.325240710688256454e-02
8.442814528626284981e-03
1.549717819104305845e-02
2.329753343584482425e-02
1.433212174524113418e-02
6.427763262611921324e-03
5.829278504118507592e-02
3.305825655476422181e-02
3.376417499851246118e-02
5.417018476381797037e-02
8.153869302175860076e-03
4.971745648365222259e-02
9.779677510972977980e-03
4.062696600303421918e-02
4.197581961006055518e-02
3.204632057398815875e-02
1.075086229779990098e-02
5.036248999256202202e-02
4.679501540206970622e-02
5.851771635612311451e-02
1.071302123412460304e-02
1.053518725266373163e-02
6.924833843046067014e-03
1.368941630020717101e-02
3.159589996827640718e-02
1.376130640484043814e-02
6.952541348354162806e-03
8.912735319558004812e-03
1.491069772161509634e-02
3.048011166369040889e-02
5.936028324952007107e-02
6.046241896254676840e-02
2.566896081383451128e-02
2.095710142888243879e-02
1.338702711954975998e-02
2.878933765256443816e-02
6.462152749690175391e-02
8.409583677007576724e-03
3.358582603393491656e-02
4.936224567060289170e-02
3.942954750928360369e-02
1.226142041432339708e-02
6.453572893642292585e-02
1.402294880224344217e-02
5.605560851537009365e-02
2.037433340106602209e-02
6.155363561086577007e-03
5.075604479219868875e-02
9.267097067890070483e-03
1.065327307536937523e-02
1.387377752700343081e-02
1.378338635863305198e-02
2.372201298144158491e-02
3.535594515362779772e-02
7.191302214760472537e-03
1.373630607351457485e-02
5.501797608243896853e-02
8.919443211698801707e-03
1.661733003049012045e-02
2.451376362933904707e-02
1.270938107610662150e-02
8.387518989145826068e-03
3.796591908363618900e-02
6.943106849525230648e-03
9.493757442361560814e-03
9.634446153231153095e-03
2.381649688719488997e-02
1.297606518257301417e-02
1.107806953118171955e-02
6.708726013481356582e-03
1.366203628143386473e-02
1.215533291210703012e-02
2.719580631140571317e-02
9.765959771942707077e-03
8.601894854348030375e-03
9.110054254868906604e-03
9.433323660798050361e-03
3.128231642317021166e-02
3.914385704753085143e-02
1.876343028999227086e-02
4.527604362629248508e-02
6.808822081977144655e-03
1.511528974981366825e-02
7.574649995190531684e-03
6.508332097624700344e-03
1.342352044650779556e-02
5.861548383088591510e-03
7.700896762950648448e-03
3.362876406760153397e-02
4.999592724132657928e-02
7.395837419528219180e-03
1.849370605570741996e-02
5.795652904692429747e-02
2.955329607763625480e-02
4.442275287055649780e-02
6.963961482775903739e-03
6.950825115600937909e-02
6.099608348009566416e-02
4.924911533096515415e-02
1.556864275237029686e-02
2.659059692650687923e-02
9.768062073047416305e-03
6.416109260954388875e-03
1.066928647263121373e-02
1.345480789589281745e-02
6.069205355633374571e-02
3.106123883690551507e-02
6.366036715855963313e-03
6.368002734609678854e-03
1.422399298759313875e-02
3.338947086072689002e-02
4.593564493449651953e-02
4.195104108465132209e-02
1.392951062372267852e-02
7.084002464786759261e-03
1.378242665217700898e-02
2.286579108788164630e-02
3.008982070567317244e-02
1.214334416880868267e-02
3.100924758211906149e-02
2.403863790365716457e-02
6.689454682016987216e-03
5.442809815682451285e-02
3.072022057127654984e-02
5.511387855487807214e-02
4.361102319633601565e-02
6.165080788207356888e-02
4.517879242411952656e-02
6.380087249639706040e-03
2.678630970103514433e-02
3.242469665929013228e-02
6.398503430483014343e-02
6.069336558963182859e-03
6.388295480783692804e-02
4.771946582516271851e-02
2.876506440712257168e-02
6.651362711060891664e-02
6.614171855607214878e-02
1.620285575974828723e-02
3.872566364114431170e-02
7.025880861541550747e-03
1.000000000000000000e+00
2.025357236971274399e-02
1.466865346378872816e-02
1.416262044556688277e-02
5.739742496275018757e-02
1.064418892838162913e-02
2.792097402029656075e-02
1.515187653228889340e-02
1.180213900526613444e-02
1.172989601665964769e-02
2.263038426600108913e-02
4.668108650697273820e-02
8.443475469765650623e-03
1.197883885597140347e-02
5.109551783882656378e-02
1.002485267563912874e-02
5.214498345255322992e-02
1.691294136740298382e-02
6.594372498380731903e-03
9.550293217187295555e-03
4.683568099321256534e-02
8.218756325301480870e-03
7.122027358069568312e-03
3.133253862530017975e-02
7.653807360062006571e-03
4.298474498419754819e-02
3.066786320635903756e-02
6.473928213366591210e-03
1.511544451892662087e-02
4.902456495078664350e-02
1.055409450394650603e-02
7.190364414055888838e-03
1.263009283900182189e-02
9.377559204769299328e-03
1.453819970799638712e-02
9.059345959858810388e-03
7.420593021682618008e-03
7.502721967616186351e-03
1.374980337399025164e-02
1.463894057294012722e-02
6.879275096614074179e-03
7.732035431323066622e-03
2.836891294995946833e-02
5.705082955042915793e-02
1.003886446389930590e-02
1.432640241540584884e-02
8.239264246116418527e-03
3.700447141307174059e-02
3.299108466396266648e-02
6.818425784831765035e-02
4.747829551568099465e-02
6.131845812598541758e-03
6.293553868065361601e-02
6.119024545323288079e-03
1.386845434437389453e-02
1.007287076140079077e-02
3.323386198172210981e-02
6.018120159797801100e-02
4.872221638179731473e-02
1.591808305658487868e-02
7.182695965759395423e-03
6.722355675106930772e-02
5.579431674535072910e-02
1.026967006228388969e-02
3.822011114280896710e-02
3.771256148640828032e-02
6.566495248095743920e-02
6.049402601682989794e-02
1.447267372214674878e-02
5.055754006474901668e-02
1.203224295594510634e-02
6.941645471918746028e-03
5.254949553824985603e-02
1.233793578244877197e-02
1.376862618857603582e-02
4.133751743433571740e-02
9.429161347698522891e-03
1.609268030249397241e-02
1.441304599378178709e-02
3.651399277612089878e-02
8.668514842221218542e-03
6.607117486593266920e-02
1.910057342020610865e-02
6.233357656277084893e-03
9.273656797761176476e-03
3.743597711467627071e-02
4.627468184336031021e-02
9.845945350985261732e-03
1.386871693603125739e-02
2.789890384665002360e-02
4.218114686421786663e-02
3.340210049163654105e-02
2.602516450735101183e-02
1.394035858738133099e-02
6.162335946598182512e-02
6.008783023689812097e-02
1.902276312894122384e-02
1.282822005490826672e-02
8.996167371318627981e-03
1.139506801026312494e-02
3.052095095208619616e-02
6.127069007737250689e-02
6.596077997243156646e-03
5.354933365255328676e-02
1.216837180579862822e-02
6.132362552344635884e-03
1.416516388372058080e-02
2.463415049243726854e-02
4.909946761825740441e-02
5.475152273159382410e-02
6.639583603996935049e-03
6.211864228680286613e-03
3.943188291834578280e-02
8.886746880061588763e-03
4.567984431955542796e-02
3.604069449551453030e-02
1.047028529194082500e-02
1.310975642310011069e-02
3.046907766591340841e-02
1.011998169578326966e-02
7.057170235905221335e-03
3.836273097255520070e-02
5.559399773469743400e-02
6.055354675034728407e-03
1.716687173078756609e-02
1.224616972315656707e-02
1.537152878417053121e-02
1.148221844594565604e-02
1.036031601425664236e-02
4.372600654303918088e-02
2.208282646688107184e-02
5.263122429871841534e-02
6.670806005781289121e-03
6.187474898889494188e-03
1.415386827550213326e-02
8.492842424320889635e-03
1.184716465281678358e-02
1.023544221251972662e-02
2.220449095997295563e-02
2.049721903062462491e-02
6.781259613716257920e-03
7.303217677200441425e-03
1.480677322408590485e-02
3.808016663532950985e-02
1.267259242122014892e-02
3.513382481702514298e-02
2.263584143537727272e-02
7.135811377964155350e-03
2.238336634410640139e-02
3.784184522326085320e-02
1.878268484083442380e-02
3.540840450658718636e-02
3.244182340313385426e-02
6.153809182364577968e-02
3.018236125065065431e-02
2.429770391498111554e-02
3.042747672060608713e-02
8.591287581037953397e-03
7.216915510537019740e-03
1.236113394368287474e-02
6.695113488649213906e-02
6.852140911613261928e-03
4.669068949034784616e-02
1.422059925813407358e-02
5.257188812539580897e-02
6.841977913842528514e-03
1.574333915665934031e-02
1.026917282664905132e-02
6.448147697191052019e-02
3.826924142933497974e-02
3.134825191228693408e-02
6.443373586501327174e-03
2.336319906360206922e-02
6.359941563522192483e-03
8.265575105194612401e-03
9.603309648677584714e-03
1.227492169707152317e-02
1.694310688270679946e-02
6.626641750317844269e-03
9.324269393209166229e-03
4.770727247465053611e-02
7.540332415211855634e-03
4.893337134032282182e-02
1.528842778879311269e-02
2.657509972444310059e-02
1.459236597115304811e-02
7.701515557275276196e-03
6.956461903243081613e-02
2.727823859294773237e-02
8.250686195656159808e-03
1.933087409121296910e-02
4.773973968390131384e-02
1.870245836533578412e-02
1.202887859661528822e-02
1.361718724426849714e-02
1.213727415084891667e-02
8.352691465611740765e-03
7.944735733916043902e-03
1.232967060055062923e-02
5.846963912585877166e-02
1.377318198880814366e-02
1.291363029660338828e-02
1.862852222892152909e-02
4.428557789022949387e-02
9.641567089182208686e-03
9.912767596236229939e-03
2.461141111142006385e-02
1.213194651600089588e-02
4.073187220867839631e-02
1.943531040677565561e-02
4.399035302229171301e-02
5.654442682247708130e-02
7.055847256256142681e-03
4.127461348661824736e-02
4.658798715506567989e-02
1.122237808509095151e-02
1.568031954996248339e-02
2.951791069483592975e-02
7.898472957333500799e-03
4.176575570018161571e-02
6.184323905905514916e-03
1.496444156248852991e-02
1.081320061964630153e-02
6.196949065809992385e-02
8.813321205391161373e-03
5.799526369008380436e-03
6.870957105235551629e-03
4.328800400100273060e-02
2.317053774678530867e-02
3.528509565974769641e-02
4.992906679175870138e-02
1.870970303516744995e-02
4.715405025367532671e-02
8.747175822301637635e-03
6.426146597847384734e-02
4.967854828688628849e-02
1.234121779712610105e-02
6.512433531966404718e-03
4.299926392503729961e-02
5.545315880728928642e-02
7.335232828078733745e-03
4.201841784298611382e-02
5.257145872751682603e-02
1.785002762758923153e-02
6.005031250998638624e-03
4.846560097680349677e-02
8.628844412290656574e-03
3.665742177344727404e-02
3.157057646421781993e-02
6.122979241806808699e-03
8.080026930822162973e-03
5.546091635595960800e-02
1.840406789729127218e-02
9.057651767375048818e-03
6.794433419152499931e-03
4.005721540451486623e-02
1.082237585921080186e-02
1.543287642156726883e-02
4.758471389671945634e-02
6.593070340330751955e-02
1.173404636675303911e-02
5.379400883190252336e-02
1.974445102291078058e-02
1.339297463478314638e-02
2.669644510088867856e-02
5.137128082444314403e-02
9.895792462741992770e-03
4.440027314176001744e-02
1.372660073658325992e-02
3.595695769339450620e-02
4.664805102988960755e-02
7.147501845401124654e-03
5.243897786663335309e-02
4.916194975333851996e-02
4.755745420866529932e-02
5.220512585519668930e-02
7.707314731991729215e-03
5.828699462194860542e-02
2.184076901232185133e-02
6.291457746403751605e-03
5.786925968098513562e-02
1.425175370810943462e-02
4.969359493769569258e-02
1.633086078151853651e-02
5.112642986509970816e-02
1.433912407460818939e-02
1.224209681295759453e-02
2.729733711114424102e-02
4.453942348815839031e-02
5.084606845761611288e-02
1.582969972391123220e-02
5.939752005370707751e-03
1.389693826597566788e-02
1.430371348281838338e-02
4.514829740911462802e-02
6.479436002877273816e-03
4.338676850056626122e-02
3.873408777633794570e-02
1.194367678909954815e-02
2.297916164706963540e-02
5.286373737526018496e-02
2.801445222753199890e-02
6.609064625922897278e-03
4.978731337640947968e-02
4.147549032087308879e-02
6.208540822666968641e-03
6.676517482912073913e-03
1.138179441722101878e-02
2.859787887278980936e-02
2.133785024209686187e-02
1.594229381801968645e-02
1.048432379031361515e-02
7.166762588998794314e-03
6.282416053998787775e-02
5.982204963475377252e-02
3.625299699708870588e-02
1.000000000000000000e+00
7.766587001022375036e-03
2.801797437809224259e-02
6.469799682537484553e-02
1.150550732628820814e-02
1.162482878099110883e-02
5.386876991477201893e-02
1.185983723144746517e-02
8.989682850030284583e-03
1.381602833713942331e-02
1.433536696001449368e-02
1.014630405083367243e-02
3.543598316356655342e-02
2.615096317998739581e-02
7.136367131817205819e-03
1.122411337676980370e-02
3.569880387558371088e-02
2.618037929317074478e-02
1.194531878927542097e-02
8.943980817007937678e-03
1.311547714915162546e-02
9.385287274801441121e-03
1.319726507489482094e-02
7.952016049579242740e-03
2.894374416712722220e-02
7.599982863867040320e-03
1.425233519413241293e-02
1.505689162142687283e-02
6.702107217267430639e-02
1.000000000000000000e+00
7.110668545413688715e-03
4.844779495622051485e-02
1.028939766257713079e-02
1.089439953300225597e-02
2.209857029973058204e-02
8.113684604804211400e-03
4.514419383882494613e-02
1.368694498082050244e-02
3.640191635947571946e-02
1.866283288599866752e-02
1.203802488180858929e-02
7.419858571481361895e-03
1.225782131253311258e-02
1.160672936083533870e-02
5.514649538784458654e-02
6.111813438293353662e-03
6.440505384889779784e-03
7.849281986176308637e-03
1.558670629482568869e-02
1.208438402729259016e-02
4.484412806089570214e-02
2.152632349313977206e-02
5.595877370990152977e-02
1.118689320646318493e-02
4.561928008358035608e-02
4.366890415202604597e-02
7.781169924232605485e-03
5.134825978828956583e-02
2.475790682636578796e-02
1.072259438326256080e-02
6.806848306923882208e-02
6.690820799207810275e-03
4.941346202339425009e-02
2.714999050530379071e-02
1.812871273539491332e-02
3.395225836725416363e-02
1.772491435140191585e-02
6.392109687770058772e-03
3.274853009907544715e-02
1.954461422868134304e-02
1.433509819517586950e-02
9.930987308866542213e-03
2.993301483926400983e-02
8.107499795255500991e-03
3.916596333698631888e-02
6.848248133253365295e-03
7.025679925699180456e-03
5.680144727122372894e-02
1.511040480447107572e-02
9.943135379838988902e-03
2.814937959808770304e-02
1.225657141045396678e-02
1.156285360184396496e-02
7.069495126291107205e-03
6.751310877129431537e-03
3.893807326951261027e-02
9.438364463396764839e-03
1.931662644949449711e-02
6.211434442896290875e-03
3.582644368424977438e-02
5.658414400749710305e-02
6.517819748471571396e-03
1.818306290723764249e-02
2.572966862450646111e-02
1.191967620000260880e-02
3.440095693757824757e-02
6.131346435660491034e-02
8.794826031192420554e-03
7.228029944028219710e-03
1.739683713298060749e-02
6.325060907343522769e-03
8.496134526088584826e-03
1.216246955389746129e-02
6.530614664697992344e-02
1.334261109306389588e-02
1.498367114587009254e-02
9.227305108909912221e-03
6.351310409963156767e-02
1.572119388562778775e-02
2.329801555771184376e-02
4.583344259831695355e-02
2.555658122426771733e-02
4.803407934758590486e-02
4.721741097810783910e-02
5.082143117776524721e-02
1.251178526462294778e-02
3.186730075895683606e-02
1.267832388757880388e-02
1.961788774351347353e-02
1.361358195905889440e-02
3.170133871756133925e-02
5.359669917966890240e-02
2.137126302229624270e-02
1.478189663734162142e-02
3.733868313035484249e-02
1.171499149556538832e-02
3.172543665428577409e-02
1.107838641286626805e-02
7.706863270144553857e-03
5.867931688138473996e-03
4.726766685111944560e-02
5.708489976035625163e-02
8.228853269520065503e-03
3.103976277263859052e-02
4.459541786967170796e-02
1.062360833514657335e-02
8.658322856762845979e-03
6.688232888672941689e-02
1.052615610568624453e-02
2.450737218991824728e-02
1.395599160760451450e-02
3.660073316721895037e-02
7.900057591577072311e-03
1.479972741767197029e-02
1.488419469227349884e-02
3.238905774083733480e-02
3.044481816558252882e-02
2.197336956690645882e-02
1.152008144796289740e-02
1.477682846360989753e-02
4.098115249507401636e-02
6.883958191433728335e-02
1.474794089979309178e-02
4.046776245748608114e-02
1.230203906375507659e-02
9.128038637758828164e-03
1.572840779598726896e-02
1.368446125486796547e-02
1.010334713191202854e-02
5.451023013451916643e-02
2.430608126333316452e-02
8.977279281879000511e-03
3.215070936222914899e-02
8.806273805287114648e-03
4.936452816391496273e-02
6.650187387068239551e-03
1.213302825266496243e-02
4.254875898429211906e-02
4.220421701552895533e-02
7.439495835093372020e-03
1.954688989891606443e-02
4.710341074444708565e-02
9.308098291407737243e-03
7.495765160299469598e-03
1.307640132652094708e-02
4.574743639943929657e-02
3.538497659608189072e-02
6.188703507791187830e-03
7.637793290063158748e-03
1.999466215673751865e-02
3.744369870496953162e-02
1.224242122607930965e-02
5.973012032486161443e-02
7.041587193012608693e-03
8.840171151587920134e-03
1.145382874549607903e-02
6.129920788743655966e-03
5.498859839309352265e-02
7.578989383058401356e-03
1.501757213540222749e-02
1.190158834609372079e-02
7.347917919841767675e-03
6.401635788700799079e-02
4.692574627716070840e-02
3.900815360984680180e-02
3.019148018714329362e-02
1.232538510404042158e-02
1.054081493119118224e-02
6.574983601272540827e-03
2.990472123710295749e-02
6.077214418186985094e-03
1.118400437486424988e-02
4.038982655163841917e-02
7.174649703980686202e-03
1.860826736181183869e-02
6.986593289212004315e-03
1.464211770481660922e-02
7.772245679659414361e-03
1.644553525469916178e-02
9.189444218942872250e-03
4.478282934625089917e-02
3.836319641880054504e-02
5.313615159000958932e-02
1.327101445195006529e-02
8.230602689970133168e-03
7.028507777746531918e-03
3.497475917604630363e-02
1.212721779439051954e-02
5.925330640524762577e-02
1.543864092803852277e-02
3.508408102413493324e-02
1.193294804543350816e-02
6.196940160796934882e-02
1.185414551614221747e-02
1.410520265907995799e-02
5.760064000100468401e-02
6.394556372438572889e-02
2.389527744262058551e-02
2.487834958726571968e-02
2.123296586422080551e-02
1.039701077963438997e-02
6.856136274352213344e-03
1.514347617649324136e-02
1.054463993653328470e-02
3.678708499689567479e-02
1.124014385860229101e-02
6.777806819778836589e-02
1.267967996270611200e-02
5.655860305008764827e-02
5.716805073098004536e-02
6.866869131598749530e-03
1.421505444792727293e-02
9.788577557678526317e-03
7.148656787913552739e-03
6.072790497201990129e-02
1.027481663944716447e-02
4.454003638610570109e-02
5.068126992462055475e-02
2.049839603851354858e-02
4.166636327697900016e-02
3.512219095538291619e-02
5.313727181122398363e-02
7.958531474803201555e-03
1.242599979985573207e-02
7.592461463828810431e-03
1.152003023439072266e-02
1.416131833215702497e-02
5.722443452522391061e-02
6.028347333082352544e-02
2.365768778005921530e-02
2.952616045007724899e-02
1.520935730753481506e-02
2.041357121454844686e-02
6.309500377991589248e-02
4.642486316139401298e-02
9.668998432662742268e-03
5.525706822193921647e-02
5.468535568512600774e-03
6.372854531129326129e-03
9.847570486819426719e-03
3.981686075974501249e-02
3.196627519018098440e-02
8.643873840232432076e-03
1.421711086257476143e-02
1.313824479908493222e-02
5.216108310318152974e-02
9.095815374454809324e-03
5.662657110107999735e-03
2.642417967156715161e-02
6.294073926768760374e-02
1.213268169391531169e-02
1.636815192071965769e-02
2.986098169587479700e-02
5.916249479535398703e-02
6.785828280484948460e-03
3.099744862487478422e-02
8.445317671778683824e-03
2.671140863660230111e-02
6.213275764276660063e-03
6.591362293900465512e-03
5.217794452228636387e-02
4.699532657297395000e-02
4.815844703434481178e-02
9.137344455522845507e-03
1.045440256730072008e-02
1.317356254578416590e-02
1.416371452109767802e-02
1.323759313544056911e-02
2.809814734277182174e-02
7.712008461234221186e-03
6.503445465982857394e-03
7.189450519695822842e-03
1.258665998073172330e-02
8.313968895451859936e-03
3.274948043740358999e-02
5.778649201693340093e-02
1.493590792893092871e-02
4.277304276176121384e-02
1.226870573676644254e-02
1.347029955501678061e-02
8.260806383774646489e-03
3.699180735222047656e-02
7.032181891407980612e-02
4.102274545017380036e-02
2.116486456532875107e-02
4.797064452452139832e-02
1.067181599627241469e-02
3.926161874069673124e-02
6.162787034417813517e-03
5.542975102087346201e-02
3.322995108241716400e-02
4.008383959353332276e-02
6.917729983277232098e-02
9.417301865924567611e-03
1.158922086684505311e-02
1.000000000000000000e+00
1.192515709688228218e-02
4.758137581181293846e-02
5.119854235019286048e-02
4.120466143773246492e-02
1.117889135462455698e-02
1.054924649940202838e-02
4.729390904040677024e-02
5.683742699623536149e-02
1.126054440076423857e-02
1.296416707845590537e-02
1.136309837237227914e-02
1.563458026874969126e-02
1.035511930275820162e-02
6.160115229370276974e-03
1.022578558260837760e-02
6.263982070910957545e-02
3.332043145323065197e-02
5.317607780384910054e-02
5.512470325961352918e-02
2.424537396758404476e-02
6.671107173201976104e-02
1.520238391905938229e-02
8.940905535427007278e-03
7.325112228736303278e-03
5.906117020553431490e-02
8.654366880915233262e-03
1.503336826973365216e-02
1.393753642592678033e-02
4.217208910991993021e-02
1.511769796564930990e-02
5.143815339251368163e-02
3.402558615787715929e-02
4.264207767762893952e-02
2.134814389921134078e-02
3.280712061955187026e-02
1.225279625280406223e-02
1.067935827772929606e-02
1.429015869069481803e-02
3.423449393031869487e-02
3.497136064210643741e-02
4.492287192580396438e-02
2.410420886160910200e-02
4.856169322308274972e-02
5.464431607158717202e-02
8.986384031112249968e-03
1.218185179430808680e-02
1.313723875063776449e-02
1.105332551529283024e-02
1.295722019560452930e-02
1.087517626547234925e-02
8.719509989198822100e-03
2.737411141839482184e-02
4.236173762363346085e-02
1.253970199181227846e-02
9.109077330853971102e-03
4.178340597828437974e-02
1.284399691532382183e-02
2.586214922517642359e-02
4.061106420526377353e-02
5.873121215506470205e-02
3.943356424830866264e-02
2.331024733884173514e-02
4.328449393448234594e-02
4.488910895976922638e-02
1.184062497963918152e-02
5.049875206118232401e-02
6.021519716949785828e-02
6.751299691331034622e-03
4.977239101388277603e-02
1.259178024076572366e-02
9.782344373316664149e-03
5.478825278575602531e-02
3.058457993376179421e-02
1.605540740525614532e-02
1.300907479414041210e-02
6.180602708927494110e-02
5.376446678315383726e-02
7.904969303398420508e-03
1.554859947538084555e-02
3.965743985780101344e-02
9.948384466759637237e-03
4.478472370071698988e-02
1.235286648762174387e-02
2.501724371912660005e-02
9.504107969507730527e-03
1.391204037688508963e-02
5.050898583865101599e-02
7.501210961193019618e-03
4.276783792840799237e-02
4.771539107633897270e-02
2.305605796115305084e-02
8.436944994177244042e-03
5.174321977636624215e-02
5.832975594942901160e-02
2.430786473455722255e-02
7.186123569466857340e-03
1.627878659215029750e-02
1.137111531800555353e-02
1.301092299232656235e-02
3.163540840690830941e-02
1.026691009476334189e-02
1.133252596824832308e-02
4.838445312146388150e-02
1.160530352448128737e-02
1.405087984675834449e-02
2.485857897433134400e-02
2.266292892542678267e-02
6.117672789240865411e-02
7.244951952573537753e-03
8.991272296263680061e-03
1.344960462728681146e-02
6.501065834113725454e-03
1.398428898834708570e-02
6.363804871961253884e-03
1.510759630167455084e-02
5.028723226495691173e-02
2.083225911946090525e-02
3.318905515167216297e-02
1.458258089981511428e-02
1.409084683524910488e-02
1.421076456056192400e-02
3.741042894538669505e-02
4.954772736946932293e-02
5.340650054426011178e-02
1.262777166727250405e-02
5.113339358947271290e-02
1.001537662765745150e-02
5.464427359444286314e-02
3.595360680164985667e-02
1.591715779910727463e-02
8.261674641393762855e-03
7.976771704049390524e-03
5.660276889468528194e-02
6.237460366583252695e-03
2.381312922878469490e-02
3.052179395795002331e-02
4.209288931582248067e-02
1.281047699734286401e-02
4.848078656595351116e-02
1.331702787817585706e-02
1.270381548694547724e-02
1.132796708797068237e-02
1.281233621433689601e-02
4.073444332093233144e-02
4.745888591315143568e-02
6.315163166219960045e-02
4.208819204386817642e-02
3.047096039609803464e-02
6.454841685223274006e-02
3.469814505100748264e-02
8.246974087009062079e-03
1.559826369158975184e-02
5.563643099869792358e-02
1.026725699547639294e-02
4.770485295180104668e-02
5.403119216723322599e-02
2.356176310179107850e-02
2.672119933591484905e-02
3.845845133202345500e-02
4.011392485158422200e-02
1.417126534148686022e-02
1.002345714183654202e-02
7.770286362780615824e-03
2.497491279780067117e-02
7.874210321442580429e-03
6.388867606891147043e-03
3.572598010531775892e-02
8.596162004745843549e-03
6.010070746630365168e-02
1.504117191030759394e-02
5.675731408546643396e-03
1.127985231515873585e-02
4.230987790784730002e-02
6.306917443333789897e-02
8.817197101278951080e-03
1.480160685410894864e-02
3.251270938421438328e-02
6.914643217832197424e-03
4.067815668663730261e-02
5.546477749729199908e-02
2.771764390199340719e-02
5.919259996822951071e-03
3.716640860681348635e-02
4.675684129830836450e-02
7.969130184510604328e-03
1.023465052953485312e-02
1.207891738368671065e-02
5.424899489308834810e-02
1.191994751518652557e-02
1.398550242827763766e-02
5.698675191043527100e-02
1.276534184127028210e-02
1.187814719703129615e-02
5.644938017308636508e-02
3.495246317217071130e-02
9.262641218082139430e-03
3.633315046276974769e-02
6.348923113576506079e-03
5.603596817695427612e-02
1.302328800475058800e-02
1.883704715135638488e-02
4.120160240701526561e-02
1.366890895513524565e-02
7.895110663704234255e-03
3.131698619905867731e-02
4.118240192714041348e-02
9.511916036739070587e-03
4.935100338043488244e-02
4.872377284367436501e-02
7.514136871097349020e-03
5.421011401189302498e-02
4.010746236070397014e-02
6.245752484321434768e-03
1.483065009733157066e-02
3.467593350598877772e-02
5.682788289102472939e-02
1.321636736116655643e-02
5.982355345683410680e-03
1.111220261113774789e-02
1.505300204445822639e-02
9.780154645888557152e-03
6.540859591869693790e-02
1.475444673049496232e-02
4.871196883777397652e-02
6.746889751930415340e-03
4.253542814749155382e-02
1.393811532860173875e-02
1.063389525980596925e-02
1.801367911894471291e-02
6.815271231102607886e-03
1.342109930776953439e-02
1.201166644351928971e-02
7.190339633805806902e-03
5.320745850077221450e-02
5.976486094683202549e-02
1.231677591574976798e-02
5.309992836365699104e-02
4.205677346826158791e-02
6.523741845296106116e-03
4.710744646911171202e-02
1.154623020084627992e-02
4.960716918982791684e-02
4.931590717611559344e-02
2.236238448104319390e-02
1.200477333837128742e-02
1.066892600253461533e-02
4.826407865853665075e-02
1.412279537988826543e-02
4.982482979552849828e-02
6.620935760611859622e-02
3.863810702293824645e-02
8.830231208620333699e-03
3.357417550400952633e-02
2.548884194266184261e-02
3.255501597953617404e-02
1.260614525390489973e-02
8.564590215233558804e-03
6.027130445431061467e-02
4.449551159583395310e-02
6.276757344973682429e-02
1.777665934324732661e-02
2.086917515436115603e-02
2.448371484162463474e-02
8.718121432115160177e-03
2.227324865037186991e-02
7.182508447808812375e-03
1.496137054631435995e-02
1.362525681457793861e-02
4.664231165253705097e-02
1.385421310140440634e-02
4.194664479456088751e-02
4.980198587241724956e-02
1.258956723787578273e-02
4.734050838992749644e-02
1.400689468171537749e-02
2.196450462245350815e-02
1.355705204453614907e-02
4.773013750577270037e-02
5.216621280186570231e-02
5.663778161408819511e-02
1.942669115637079419e-02
1.789559915826331726e-02
4.083036319124445923e-02
9.175806573811926686e-03
2.979403402880025087e-02
1.085900724386362932e-02
8.446660786108513286e-03
5.946703245627807388e-02
4.648067279984937489e-02
4.257926094923056987e-02
1.016577519662701865e-02
5.610812571006267013e-02
5.983073952330266072e-03
5.939719202243057966e-02
1.535413320621873030e-02
9.543663509951824664e-03
1.501260813942879337e-02
3.869326756217989632e-02
3.025277543515653492e-02
2.897485373260510338e-02
9.148276146848398349e-03
4.287081293076257238e-02
9.998128651979519207e-03
1.250219763660805755e-02
6.276068750411595808e-03
3.793933461232538995e-02
3.830542700548186102e-02
1.397094514181181947e-02
1.050742015631424796e-02
3.266523904065105066e-02
8.812205700787657109e-03
3.122587083064047933e-02
7.669856342487229618e-03
1.000000000000000000e+00
1.493066511623313865e-02
5.056081134136804905e-02
3.064875335381705979e-02
3.451916393406057743e-02
5.110160530431167442e-02
1.017047906486624395e-02
6.679506963944804865e-02
5.652709494277831370e-02
6.025232471834880699e-02
7.608799007231718120e-03
3.365498761981085274e-02
9.184470796878830418e-03
4.695868079220631014e-02
1.299937707491298153e-02
3.838963516151793626e-02
1.180698354564309847e-02
3.069399822171210018e-02
9.867451969256127789e-03
9.529349358758581329e-03
3.133869230460769456e-02
4.330466703884388452e-02
1.547854291135946497e-02
3.435052019024362191e-02
1.428561062149210151e-02
3.549753683721040831e-02
1.059612987719353409e-02
4.800641923572461500e-02
5.941178651701937291e-02
4.556676689241953571e-02
7.848879575526684915e-03
6.155475405913996001e-02
5.070964286228006601e-02
9.844762207559398445e-03
1.761161964035116989e-02
3.764546481109865700e-02
9.640537330568335964e-03
6.359841805133942781e-03
1.467702395165317898e-02
7.403512745549073112e-03
4.688427077397015752e-02
2.710760013017740611e-02
4.008543173872081838e-02
4.032398809702290865e-02
1.365324431613539925e-02
2.321442904156800074e-02
5.423198721611739714e-02
1.089604195218006610e-02
2.708545291748134728e-02
6.732491851967556569e-03
4.410776634913177868e-02
1.174598193622137209e-02
1.085857525846451420e-02
4.537527063824973311e-02
2.215796960798883941e-02
5.779191288581035646e-02
6.175857031402924406e-03
3.360782990893228933e-02
1.002798268006233062e-02
5.039583538570406585e-02
8.392158120696461762e-03
4.552221837717414232e-02
3.628413399653195731e-02
4.223989980791713339e-02
1.260181660282536434e-02
3.049874266323698499e-02
1.204267953293069321e-02
3.800851543137982735e-02
7.746436819220567892e-03
5.386638807930951844e-02
4.233757194981113692e-02
1.622027872221062580e-02
1.212578651385442380e-02
1.240699662395257190e-02
7.713303021392256369e-03
6.045973261080163190e-03
5.890640757876181022e-02
1.637706183021332002e-02
1.125113083748645673e-02
5.804286133558104327e-02
7.396208803534510233e-03
9.817959843174545176e-03
1.405597016105552925e-02
1.065620760447945695e-02
8.870450641611996381e-03
2.344182425952592158e-02
9.185849843294464911e-03
3.540182495290527392e-02
1.557521475081043508e-02
2.626898940260413706e-02
6.174477638106062177e-03
1.277178483334241200e-02
4.773661447119603024e-02
2.035891086465982380e-02
5.276019119319828865e-02
1.421773425767280941e-02
6.610812993500377044e-02
6.992873167585119537e-03
6.082631177944154005e-02
1.494973074364024275e-02
1.249179537063495500e-02
3.172787746567901773e-02
1.386037422764944613e-02
1.324544180941828082e-02
1.404054766973124486e-02
2.382764533426869752e-02
6.898696637989395856e-03
6.543839127813384088e-03
4.722312053019123157e-02
1.187126057292150171e-02
4.757085917613745885e-02
1.316889292029274627e-02
1.151824238126147523e-02
7.200601787476930069e-03
1.278425317400196451e-02
3.630100169874800331e-02
2.178641219289613462e-02
5.886495572602568060e-03
1.218780647480765741e-02
2.072641546247243685e-02
4.502785639852734112e-02
5.966884884437496928e-02
7.794201816934143330e-03
1.627328773325554395e-02
3.387245551257376391e-02
5.110503834584768923e-02
1.449575840071880457e-02
2.446559834168623299e-02
3.895667454900545584e-02
1.396116248667526698e-02
4.989874102249443333e-02
1.035323408023605327e-02
1.751097609461980259e-02
1.331514424125121270e-02
8.872232519308199603e-03
5.374892615984103866e-02
6.233843209747685563e-03
1.111817561494920711e-02
1.581709116761670711e-02
2.448434453605273509e-02
4.616440992432760404e-02
3.123956557765253383e-02
4.168250215655020657e-02
1.299901979041700670e-02
5.012573742355176665e-02
8.061279270957018295e-03
1.133717581071482829e-02
9.496444042508430522e-03
1.121085308545673002e-02
2.755318614467305513e-02
3.484219873637062898e-02
5.220334866808398061e-02
1.374388326933960805e-02
7.502719192115827294e-03
1.161573781959032367e-02
1.117773861451089486e-02
1.876565943920312229e-02
9.267167060760776384e-03
9.576595442212431850e-03
1.295574254288368171e-02
1.873560131692570546e-02
6.174278799656685544e-03
2.359564607239110490e-02
6.796806829853624908e-03
8.035681017101434231e-03
1.157321336932134841e-02
4.895741359633261347e-02
1.340029554557236463e-02
5.796907865903026813e-02
1.461473305198847210e-02
4.169366878543806498e-02
5.101323443127005197e-02
5.892585298460243509e-02
3.900109704972195418e-02
4.301371653350882784e-02
4.154094582832715959e-02
2.920496434288259377e-02
2.554312354719041542e-02
3.633363047121725836e-02
5.902817989057798642e-03
5.190148173411864019e-02
4.311028614427771244e-02
7.183384480948282191e-03
6.299467171421238749e-03
2.780275148255339362e-02
9.960712823520548667e-03
6.315653468969575912e-03
1.414951021911095043e-02
7.291201657804981251e-03
2.787901261345614862e-02
6.375360250477777463e-03
4.930674180934083856e-02
1.423368448239239158e-02
3.641266727414312065e-02
7.904293701298536340e-03
2.291903738196295406e-02
1.245846645239964690e-02
5.981913857480974407e-03
3.769439227622562588e-02
1.444904763701855555e-02
7.878786622060157327e-03
2.077504352070856999e-02
7.174536551208449131e-03
1.480978595356083338e-02
3.055686860189061466e-02
1.258755629382898172e-02
5.440828134571659008e-02
1.374745201030951047e-02
5.005318059993489610e-02
1.036141206257398979e-02
3.828233379721755758e-02
5.094104894029041070e-02
1.026129141700263432e-02
1.334444188198571218e-02
4.149512781242272602e-02
6.043735417255510778e-02
4.880245165887135694e-02
1.882804443931339333e-02
1.147330927852074391e-02
1.013883965901199967e-02
6.524352088717373654e-02
7.184357303542650806e-03
3.940097227438713740e-02
9.879675239248566360e-03
3.444528665074806512e-02
1.081983378868332443e-02
8.181908744284314625e-03
6.516479622865847809e-02
3.473242436547048506e-02
1.050627884346970291e-02
1.343965555650532273e-02
1.139229463525557977e-02
2.096154767753511533e-02
5.485530471957383858e-02
1.379759398402420449e-02
2.355755912300326951e-02
2.897897693329142682e-02
6.516478883352799789e-02
4.254375265739309547e-02
2.470584198812092111e-02
6.511911358316843645e-03
6.737448805128031133e-03
1.517444291760659467e-02
4.176473803787002920e-02
1.929803194740328104e-02
6.530451504566625598e-02
8.811384589006933735e-03
6.173467388376675108e-02
6.850274734935271441e-03
6.306717793689386661e-03
2.868065985997047054e-02
2.531915132028527207e-02
4.674234742886437810e-02
7.231829954257635966e-03
1.073307036643381812e-02
1.479331908875511532e-02
6.775011391320358983e-03
6.137260205144118297e-02
5.711422108271235754e-02
5.868111166631408138e-02
1.070607962416492316e-02
8.290869251460582581e-03
8.896916190324012999e-03
4.324785253312406208e-02
6.376022103838977634e-03
1.075292423895411395e-02
2.397432437625314147e-02
5.677863412389679704e-03
6.291247219129647572e-02
6.048498265365438720e-02
9.016151041742406433e-03
1.313993882574532313e-02
3.895383872464097674e-02
6.124431327676335343e-03
5.310916709531001562e-02
4.298902174125159709e-02
3.550688419018944303e-02
3.935696188608456270e-02
9.586680505093186228e-03
6.321568790693100903e-03
8.467838383660055215e-03
7.369599981081995273e-03
6.421853451560564051e-03
2.664744454639987603e-02
1.226187409668245271e-02
1.121213991507021522e-02
6.969020373563156352e-03
1.361831674253477856e-02
1.022380194897494314e-02
7.072241959208652555e-03
9.174151061503743251e-03
7.065892426552968127e-03
1.615038961955043637e-02
1.805313288933842533e-02
2.605034620452422248e-02
8.172855365347288584e-03
2.325774150596000497e-02
6.384486340956926735e-03
5.786011843962841211e-03
7.450539502951867600e-03
6.507219851059180271e-02
6.800281932189818426e-03
1.594605370559054602e-02
2.785972177042201486e-02
5.332916266068784411e-02
6.452715562452986109e-02
6.643384353656354990e-02
4.848148402930302359e-02
6.676951346237153077e-03
4.555369718523695488e-02
1.424983115940390080e-02
1.897992949083230491e-02
4.879210500196290434e-02
6.450502640873837824e-03
1.111933261397187421e-02
1.350690359285677995e-02
1.439635658204417926e-02
3.867374039949009884e-02
2.634706770804769518e-02
3.285095383029815186e-02
8.741865600682173845e-03
2.834296411784177627e-02
9.471888222196616497e-03
1.268882844040752564e-02
7.123515769966203177e-03
2.814880742024949284e-02
1.613790598595417347e-02
1.542453464103563099e-02
1.967080568991985690e-02
3.682038198522833566e-02
6.757017008175008992e-03
1.290295045699870087e-02
2.930973650998102906e-02
3.126583330561646945e-02
5.494953177814618228e-02
1.572322117147963508e-02
4.201178819296812889e-02
6.593707985636517582e-03
1.792691448492163622e-02
6.268382262567976336e-03
4.169059138613308985e-02
5.582419836393015533e-02
3.238511534228229183e-02
6.219751563673370925e-03
5.120743714923765150e-02
5.949117607910948263e-02
6.192996757754372361e-03
4.174071964671913215e-02
7.779494769593497949e-03
8.124359785980007909e-03
1.522130475108146586e-02
1.064106203223297124e-02
7.613620769373229819e-03
1.017498225619325319e-02
4.840392892801177738e-02
4.184381908301731956e-02
7.924353928567903424e-03
1.149926105969162164e-02
7.334751931568729739e-03
4.593324800189446666e-02
1.063628919576504496e-02
1.886171578157534029e-02
5.017075824239473902e-02
6.532812057215914119e-03
8.939753184005664807e-03
6.811341573400667496e-03
3.609414611940129497e-02
9.930100561821279467e-03
1.213966466142525798e-02
1.484251812906959775e-02
5.713172182924995679e-02
4.071754382193153166e-02
1.360647897386551772e-02
1.238300632964016434e-02
6.772523417881422085e-03
1.480698205421567513e-02
9.924243484120751427e-03
4.138316251389090317e-02
3.787096572336139111e-02
3.543363895617038933e-02
3.471102107720968472e-02
1.191030574505574577e-02
2.942922899852380703e-02
3.780354530643048605e-02
1.455728786878406587e-02
2.341482315363502612e-02
3.021962324521786786e-02
1.797353452673068966e-02
1.619897452571568419e-02
6.949495816127623793e-03
4.315501555271556572e-02
1.207494413637611071e-02
6.746353407922314749e-02
6.313914949771915960e-03
3.504470031689330134e-02
1.159430171564001730e-02
5.747825851012947074e-02
8.219005097988235295e-03
1.240508515480914092e-02
1.618306727350275753e-02
5.834325117506268532e-02
1.174033373272305968e-02
1.017822145412801763e-02
7.803988551891639577e-03
1.224883849238969820e-02
8.423719406891422984e-03
5.163890411614847215e-02
5.559230759306629799e-02
6.395704930227178592e-03
6.793848521778888226e-03
4.955623241798075979e-02
1.056275688818912421e-02
1.619438053359978716e-02
5.183424035893505200e-02
3.055536725588244365e-02
9.253297295535966097e-03
9.962108200175619904e-03
6.318404824194638440e-03
2.549079848987211017e-02
3.620581099044176132e-02
2.414006231392133717e-02
3.966615602443315791e-02
1.247204974050518736e-02
6.487366689187067104e-02
6.204751122875423915e-03
1.218315429893240820e-02
7.429176625212132075e-03
6.796120601365503514e-03
1.395875673034791854e-02
6.413883975264725312e-03
8.415286057845862769e-03
2.634918874165705430e-02
2.391643251356949038e-02
5.583532071147318671e-02
5.428933983895484205e-02
1.050423381123926671e-02
3.562504460735380768e-02
4.265726819406934905e-02
5.121698705091663056e-02
1.263554714476155562e-02
3.599864038920286280e-02
5.363700456615047574e-02
1.895003602879200347e-02
7.519399857545170686e-03
7.945764889224261190e-03
4.381848049285297364e-02
6.230756759868376349e-02
5.734283585586354148e-02
6.482258354933696440e-03
3.701194327966105674e-02
3.855231713907915359e-02
6.457312061873221598e-02
1.208535112212002008e-02
7.659059154549811496e-03
5.705833313896805509e-02
3.385046192028845491e-02
1.115818523722960330e-02
2.263793909104764787e-02
1.237979957531400513e-02
9.906884495761606596e-03
6.361920463469894482e-02
5.942587906820941124e-02
4.906873169460133910e-02
5.660739639129481332e-02
5.748762734454163775e-02
6.048205974547617852e-02
3.280508853003455405e-02
6.302305221234164034e-02
2.515961678101443638e-02
4.427372398108120333e-02
9.594985937272888094e-03
5.160530212902386671e-02
7.951896486818012949e-03
1.012175509460035323e-02
1.306154901567058678e-02
6.186691270235690834e-03
1.455983591316970666e-02
2.110080152091449099e-02
6.371524666985328884e-03
7.779358576979273493e-03
5.959402162116913572e-03
2.962597815387464986e-02
7.502368037285244914e-03
8.309711326051447133e-03
8.340549184661410348e-03
1.298972188986417114e-02
9.963148508088909283e-03
6.257335695915131057e-02
4.357885828208552664e-02
7.147612045943788940e-03
3.917641230974636818e-02
1.336767606347625571e-02
1.898419659795469103e-02
1.476052193178302788e-02
1.334858555919516548e-02
1.490685250758237712e-02
9.700384370489775407e-03
6.690379292237106680e-03
5.475371090226829884e-02
3.683377798423782129e-02
4.937106713237816163e-02
6.230127295956035954e-03
1.285109298150539231e-02
9.858809019328930445e-03
4.887912753135166544e-02
4.441893304935504161e-02
3.069936873702851926e-02
1.055237035217054808e-02
6.853808276990143791e-03
6.288863386978708198e-03
4.025003419644034713e-02
3.435015875454009576e-02
1.186984075320402648e-02
6.645378670438315503e-03
1.288280070974745679e-02
5.850943272877390244e-02
7.879248593693538930e-03
8.278647056064762297e-03
7.930877206223858542e-03
2.147231602662342739e-02
5.627928941501592758e-02
2.058894866375685084e-02
8.986748689443628188e-03
1.000000000000000000e+00
3.137678729247942583e-02
5.368096240273688424e-02
3.842261742815021586e-02
4.889437686086620105e-02
5.106197435035062654e-02
6.251345725627771577e-03
1.297877446744884547e-02
2.445973813628722626e-02
1.465091246426841395e-02
6.316555023070126451e-02
1.466948453250561425e-02
8.171148871056039403e-03
5.757905272917902481e-03
4.429894609046888115e-02
6.319735867031513361e-03
7.800009473786783352e-03
2.422958923437906753e-02
8.692717168322244142e-03
9.059712514984104986e-03
2.935485232904663094e-02
4.925823672440530349e-02
7.093137049444957036e-03
5.667202224422406703e-02
1.302335408006839376e-02
1.832786281373822296e-02
1.675697767968120297e-02
1.123080193030487860e-02
1.584516945983495406e-02
1.122866220695718960e-02
9.676536816318786344e-03
3.749542522799845928e-02
1.338805936913944374e-02
9.126413344185570556e-03
8.152786789520418201e-03
6.778044152508964221e-03
6.416207456512195394e-03
1.792159983713680071e-02
6.814213916239878627e-03
1.205553021039167463e-02
1.023201911652559144e-02
1.859619973874596793e-02
3.336482149550652060e-02
6.743666984489733382e-03
3.715040343880361001e-02
1.903501287203753639e-02
4.645017926713226886e-02
4.680711016209066627e-02
6.699973801020595900e-03
5.786693755824337537e-02
2.454776497318845313e-02
8.258757844032469167e-03
7.884542867099631272e-03
5.024460562199274671e-02
8.098047355353394858e-03
5.663290274613630437e-02
5.256184395567672918e-02
1.346952732422788609e-02
8.217393115887969279e-03
6.655988063937845305e-03
6.670702935070185052e-03
3.889019356179301140e-02
3.274233857090919769e-02
2.216223241876926625e-02
9.175175416712234855e-03
9.602150289537647598e-03
4.945272580201654639e-02
7.330391412862230852e-03
4.007681971598624909e-02
1.349644673595094477e-02
7.668789791014701297e-03
6.057800098504988878e-02
2.661788502991167815e-02
1.268498362253068883e-02
1.593397203556730368e-02
6.216193620419890008e-03
5.765795160920917511e-02
6.038951651299723222e-03
4.942900291868292800e-02
4.888090146064177910e-02
5.620466899494470231e-02
7.644055810461176763e-03
3.002863960886106506e-02
3.077408671496173476e-02
6.600377723642221819e-03
7.072402497242839987e-03
5.126648762578276536e-02
4.913137813843149182e-02
1.559987783574059809e-02
7.415633422643410320e-03
8.348091800173497098e-03
8.891333753835455392e-03
4.623760754708741705e-02
1.420177945307403086e-02
5.986582602386002205e-02
1.483681981174523809e-02
3.907412548156007082e-02
3.284269298874700760e-02
1.165785314184014654e-02
1.129601355895665758e-02
4.408241422517711339e-02
1.611052881600100531e-02
8.400781165568783904e-03
9.731595393047447889e-03
4.606322290897474359e-02
8.551601890881083134e-03
2.714275329381274013e-02
2.981293166497498218e-02
1.077866040608869980e-02
1.589840196288655819e-02
1.448935753335555375e-02
6.616880341719338920e-02
1.226374940964337391e-02
1.502938761592572531e-02
1.488866393775816963e-02
5.745313346723902870e-02
4.040177791819795500e-02
4.453807789686692331e-02
8.361979740468362260e-03
7.015881633764129571e-03
7.569706684238505963e-03
6.577830212595480071e-03
9.043364781372971450e-03
5.548347034055155225e-02
1.303648908186712772e-02
9.437560333366309603e-03
2.477152947202149180e-02
4.602792020919363458e-02
4.854483123121355187e-02
1.366750458970893492e-02
1.333879924873657141e-02
3.148831429994285863e-02
5.570766046724319465e-02
1.364199090743187931e-02
2.684129925753733770e-02
1.195789608216193782e-02
5.327700904874267673e-02
5.010575076204905332e-02
6.271972670422100438e-02
1.183143085116583962e-02
1.046455180527377724e-02
6.858178605043988366e-03
1.085241488383590150e-02
1.283256004074937243e-02
9.416056933573207360e-03
4.278578638260829153e-02
3.035272950150721266e-02
1.095583952188978506e-02
9.641359255066338230e-03
6.158613935392123762e-02
6.043537529308698475e-02
3.048892491367816496e-02
3.167014088718177883e-02
6.531123827209222785e-03
9.481652827090011199e-03
4.813130675894934651e-02
6.504400075560711793e-03
1.379272278690017207e-02
1.038449036751915196e-02
4.938636974616993774e-02
6.173788004931495682e-03
1.252448113436624259e-02
6.135788277311592098e-02
4.116578116484528871e-02
5.670816508713089066e-02
5.565752868196747333e-02
4.680352084783910571e-02
1.209636978872528218e-02
8.950811520417106468e-03
3.185261062593125470e-02
2.500981245388068583e-02
4.010738210951968197e-02
1.195665505600301305e-02
1.218060197045315630e-02
7.843310742002874980e-03
4.705926232793015973e-02
2.824005633379234742e-02
1.512033633139994206e-02
1.051043567481409202e-02
7.713711117391295301e-03
1.505837519563552052e-02
1.386764937932215974e-02
4.173253155167691575e-02
2.736889289803900310e-02
9.932453673931506896e-03
4.989907713107208376e-02
5.555241018610544007e-02
5.753717947646310588e-02
1.641565819285932884e-02
2.312323401746034165e-02
4.849329177351842379e-02
8.461015836092466644e-03
6.494147351424476786e-03
4.662042240554693101e-02
1.337603838637932592e-02
1.422458947693542620e-02
2.436304292438719668e-02
7.034581971352068044e-03
6.755008117477314181e-03
3.334679587146359425e-02
6.899201779110353261e-03
6.594567429946993770e-03
6.037456317482473543e-03
2.859857065623829311e-02
3.597724222244156472e-02
2.092271665445614645e-02
6.613471735028258851e-03
5.516772035524953460e-02
6.118875610349371053e-03
1.503454706269132315e-02
3.866680715798957724e-02
1.392543372767570363e-02
6.065128878082786529e-02
4.103354210867349999e-02
6.372238113179723440e-02
3.001075429679922468e-02
1.013659562876484399e-02
4.748297566136198966e-02
3.294398171059478159e-02
3.056712596992012740e-02
4.248650645302350093e-02
2.333525128412376401e-02
1.132138043845231506e-02
4.886075654530808166e-02
1.255690459271297486e-02
1.403137299940733843e-02
6.244278802755215407e-02
4.582877181521144427e-02
8.026775978462116767e-03
5.856909298163217453e-02
1.349201477524917918e-02
5.445736256059196395e-02
7.191780280425599456e-03
1.130617949019931123e-02
1.043820084526174419e-02
6.695359368413443535e-03
6.061395638957913293e-03
1.402933878606928662e-02
1.477190136347770327e-02
1.171593412622280728e-02
2.677667306576439130e-02
6.237620595837972681e-02
8.068515217743255780e-03
6.470878538424883024e-03
1.977561481244863653e-02
4.288954493895346526e-02
1.378590879267756197e-02
7.651131604205250319e-03
1.219854267691765706e-02
5.627203969315113657e-02
1.088941467031954297e-02
6.085443302702855245e-03
1.035903753967771894e-02
2.188186987558499857e-02
4.952086660045913746e-02
2.655768235478843040e-02
4.996951195562000791e-02
1.486248152894822580e-02
1.535273887551611045e-02
4.286278101124799816e-02
1.776758281249566154e-02
2.827054163419972371e-02
3.009445559053780528e-02
6.280144624505577117e-03
2.823664587611880716e-02
8.446461349062267532e-03
2.552094022330285775e-02
3.991839247548664010e-02
1.376471340900129944e-02
7.741844915712075940e-03
1.379335630329605461e-02
1.871000245898191833e-02
4.542619163639944474e-02
8.603571349013367647e-03
8.278594149103398261e-03
3.384039764989971860e-02
7.314024531952414108e-03
4.018957815941243128e-02
4.556871419898713554e-02
7.354668597143647867e-03
5.861368417464952324e-02
8.371425974105700663e-03
8.434366785462648480e-03
6.278904628692498491e-02
6.178596750367318369e-03
6.921294155158012884e-03
6.459941994032367997e-03
7.481451915493219501e-03
4.174383145160656672e-02
6.076274593820988473e-02
7.814060132495852240e-03
6.165060058554154565e-02
6.049193119486791226e-02
1.772850140824800205e-02
1.548109794894817620e-02
5.935232697577997457e-03
2.472874403377117725e-02
1.579722542484652409e-02
4.885712691031149357e-02
2.675228185430453959e-02
9.913365642181419524e-03
1.574268511872583404e-02
1.323927587842923734e-02
7.081057657889052240e-03
4.802004173005532811e-02
6.575915844794883239e-03
4.533975203818985111e-02
1.413491088578161872e-02
1.609878592024629324e-02
6.600193059332380881e-03
5.773011007712890164e-02
4.949814454219032822e-02
1.463291146100883025e-02
6.643990068223280115e-03
4.968486977820110034e-02
1.454572338314189840e-02
1.350034384317379786e-02
5.340137702320251617e-02
1.427394107596301372e-02
4.550495645266786765e-02
3.425098613397818681e-02
3.911029892433212640e-02
1.439308001312642089e-02
1.614207856566953619e-02
7.867437140404064805e-03
7.109454931944860119e-03
7.193737229054339259e-03
5.183827362095223129e-02
1.368689088597134507e-02
2.779971292234192232e-02
4.169852757402901094e-02
2.936073267542078577e-02
6.531561963606190291e-02
2.353214455711095943e-02
1.499028866874225867e-02
1.006028777209244836e-02
1.000320214346318327e-02
3.688039556660960977e-02
5.043750187686188435e-02
1.437896698586721249e-02
1.375406696464869481e-02
1.472682021267230495e-02
1.088805748870894444e-02
4.673043413726288980e-02
1.125833042095206009e-02
6.123887061635352805e-03
1.351827633071586710e-02
1.148072515164321426e-02
1.146171593817848187e-02
2.264327796355849673e-02
3.542416528721070018e-02
6.562319394626497764e-03
6.138146023384569855e-02
6.470953994179324577e-03
2.522828397360337913e-02
6.294180458967474356e-02
6.604828706232346303e-02
7.115646357261474521e-03
2.204206598385933039e-02
9.558489197581360869e-03
6.625444813507658237e-03
1.473820646144830687e-02
1.404506454205893193e-02
1.327221172492237117e-02
7.018427055712228059e-03
1.449075557860216371e-02
8.625499862949546903e-03
6.547623254452657540e-03
1.432852275379879227e-02
7.544518505257282251e-03
6.394271859706633122e-03
9.645445404944906487e-03
8.925165297761520830e-03
3.616233815803630847e-02
6.395483383660278444e-03
6.395565165048471001e-02
3.398623012271281829e-02
1.225512178688471961e-02
6.424407613015897626e-03
1.259136822195534508e-02
5.655426991026214073e-02
5.176744556169207007e-02
7.252337123988279038e-03
1.581889788502043384e-02
8.842909873473317472e-03
9.993531667408427077e-03
5.974886360497518034e-02
6.196956156271338743e-03
1.128309282412920042e-02
6.834813889960204836e-03
8.898864262513022858e-03
6.425997943489603417e-03
6.868740842282213509e-03
6.669326357495550250e-03
7.964896137710899063e-03
1.469209716590388903e-02
9.276182217107405842e-03
2.341403659020793032e-02
1.334000378507623798e-02
5.740054727352213691e-03
7.908448858545663596e-03
5.143276097861330942e-02
2.226006640047457213e-02
1.466269389833958076e-02
7.116549471427471504e-03
3.911324562549440415e-02
2.592180778705392361e-02
7.671742710494384304e-03
4.294897911295748882e-02
2.759094646012722613e-02
8.141131177039727732e-03
2.482538080207712453e-02
4.473131976213149535e-02
9.420281959866834420e-03
8.495638027211207047e-03
3.999588963548039028e-02
4.739611380708675520e-02
2.744631559775328328e-02
9.751894593121437915e-03
8.773824059804842881e-03
1.663695334043643198e-02
5.736299535687430090e-02
4.377933511206799633e-02
1.534601429694343842e-02
6.770857696485349346e-03
6.491207483096572695e-02
5.273492510426671526e-02
2.403878441366858604e-02
2.260693384759301927e-02
1.248169499068225129e-02
3.043692845033211733e-02
6.045473806124654348e-02
2.155521084867482312e-02
2.042463887076576348e-02
1.344737777703898692e-02
8.117657890185286940e-03
7.547982359291480203e-03
4.928718162358147747e-02
3.901879471080885869e-02
3.009272187864958994e-02
1.137180442448503144e-02
7.568932326488940487e-03
1.497183575256034495e-02
6.472929380027797955e-03
4.587626404921910789e-02
1.845145971790801420e-02
1.171625152831899143e-02
1.128168205399616292e-02
3.203768740919270969e-02
1.453856774450212365e-02
5.213382932945892501e-02
4.093857113101213863e-02
1.287102082323132203e-02
7.050244277240454334e-03
1.894938028464707505e-02
1.488158260553377674e-02
7.723326606935557344e-03
4.740064834002378352e-02
1.283364158982711230e-02
1.072278338890568505e-02
2.324831005251510804e-02
3.395050708313393506e-02
3.136071419434364321e-02
3.463373959114579570e-02
5.063679089426715435e-02
1.412674755937094392e-02
1.253105742602591763e-02
6.362056839366760086e-02
1.273266242190821025e-02
1.126584508944521515e-02
5.336002358201418633e-02
6.173155962376674494e-03
7.591097875744154053e-03
8.226280601297741510e-03
6.326075654617897663e-03
9.275938188307932680e-03
3.352064638156095067e-02
3.080584734066152755e-02
1.352249486814063005e-02
7.494560318994342163e-03
4.580191114893331084e-02
1.589168518733323140e-02
9.915159701423849337e-03
5.953116111192306714e-02
4.918436055529656903e-02
1.667699470596008607e-02
5.887956175681659937e-02
7.334301553042205449e-03
3.862052656989436311e-02
1.618633168744031126e-02
1.106137338512799134e-02
1.286047718228208216e-02
7.113922649600892129e-03
3.964715322246258750e-02
6.312094552053454898e-03
1.046986759936379199e-02
6.631743170577722793e-03
1.550872147029773093e-02
2.687949861994557571e-02
1.464913048318313912e-02
2.421672824948076577e-02
4.202958953129928843e-02
2.118954201776060767e-02
1.043553971693729487e-02
1.069606186476212625e-02
1.108544477116251564e-02
6.118321304192316651e-02
3.692015333348416806e-02
5.610237470523648379e-02
6.017139325185218504e-03
1.049775686001767384e-02
7.890231333021508961e-03
5.376503153658732104e-02
8.118735904197876482e-03
6.458671820487572011e-03
6.514886719555479551e-03
2.465957157500021577e-02
5.407344141264699977e-02
3.759012014550218439e-02
3.465674096593857750e-02
7.482433469724443509e-03
3.860591016446596191e-02
1.912828294945884133e-02
4.734722355641851621e-02
1.516981102103530897e-02
1.409236384424180158e-02
6.014038671142069026e-02
7.635506936144878867e-03
5.663075932400091911e-02
3.554489642663769683e-02
6.334162645935837756e-03
1.000000000000000000e+00
5.449877821326758187e-02
3.413190320929986726e-02
1.579657743794248698e-02
7.652110215152358765e-03
1.333059721758116968e-02
9.855094750611149632e-03
9.536763210801631543e-03
5.578611267706171106e-02
3.894902460874258981e-02
1.573243565475336211e-02
1.207846788163790402e-02
5.550364798349773782e-02
3.669048760133438586e-02
1.616545879610414155e-02
1.518846117828433553e-02
8.047843249335336069e-03
1.030392868986620449e-02
1.227443611266532640e-02
1.668561434850037925e-02
5.796806064918869766e-02
6.820985920013649360e-03
4.749715097512294953e-02
1.183565585580914452e-02
5.135018116566526097e-02
7.775705718995036195e-03
4.935031527923727096e-02
4.749723943522629610e-02
4.592160940927358936e-02
9.681051293064273783e-03
1.296056430234491554e-02
4.942898091080746154e-02
1.594676561468672329e-02
6.644456209365244559e-02
1.959171410894748958e-02
8.014825734749488409e-03
2.412582658035184596e-02
1.463942788101501961e-02
1.103768675573890690e-02
4.399957294518923312e-02
1.157736079972390870e-02
1.925760241373529122e-02
6.227547753714630929e-02
9.326913080605420819e-03
1.038602012579760425e-02
2.835542765180960531e-02
9.199453310241131193e-03
4.246320954068356912e-02
4.210830128955511675e-02
1.248658578213403085e-02
2.933070906416465271e-02
2.429750697211359445e-02
6.966724141798359173e-03
6.163301006324439779e-02
4.369230023487732234e-02
2.913638164000065256e-02
4.172335423102065122e-02
1.993263182452408022e-02
1.301970732151239672e-02
7.112580638046185622e-03
1.065037739806545640e-02
8.060041369885742255e-03
2.653551008886551044e-02
2.545706640263902323e-02
5.421943862136484327e-02
6.166221021201145382e-03
6.497802689738469036e-03
5.291598578951966364e-02
1.587449824033138751e-02
6.374276691320891058e-03
7.072562151624558514e-03
3.803515427762867163e-02
5.618440512324261726e-02
1.403723087757819885e-02
8.214368291428780083e-03
5.567255348031010381e-02
6.154934843168463621e-02
1.216529735006368143e-02
1.409907888090124010e-02
5.512227355253777189e-02
4.123449447827518682e-02
3.973425804762236585e-02
1.206806761091460886e-02
2.121422211235581348e-02
3.401472116413875590e-02
2.375631582626224966e-02
1.680399272553747408e-02
2.195848843196155850e-02
1.084334842837428661e-02
5.074277847521773549e-02
4.151087176479360819e-02
3.374152150426732583e-02
2.529414984841103428e-02
1.203806508628356420e-02
1.302161140724984040e-02
1.100393530805867173e-02
3.715058347817755402e-02
1.109056669383839955e-02
9.069397860874933714e-03
8.928284785513655730e-03
1.339002233099394548e-02
4.672016363479050693e-02
3.643129239814366788e-02
1.177433405342347313e-02
3.111903105117441032e-02
6.470047164107321086e-03
5.157560487068223176e-02
3.220821427821456834e-02
4.004430943350972133e-02
2.282070568240636421e-02
1.477788862180687800e-02
4.359314992780988912e-02
8.759311966611693992e-03
8.096444234195828912e-03
5.249701059360774996e-02
2.105964527045535092e-02
1.205540947425075282e-02
1.684882453186071355e-02
4.473150819475679024e-02
1.152597070635996528e-02
1.146459211561692837e-02
6.139405576001644854e-02
6.290333704575111311e-03
8.134400516029654735e-03
4.487025073715202039e-02
1.562050216612279052e-02
1.178233556641941800e-02
5.439760143281721638e-02
8.232831478341189058e-03
9.660747762854976148e-03
9.222819912613039114e-03
5.939050011490985825e-02
2.242112955924907558e-02
1.109289397873703710e-02
5.749387264489931593e-03
6.827155856938024736e-02
6.174101335265544388e-02
9.563870130526248153e-03
1.046548660295918906e-02
2.952359774204456333e-02
9.429139051258111914e-03
1.036279315458798339e-02
9.008316057460915086e-03
6.871693881964255866e-03
1.239121043940921187e-02
1.298700467631351031e-02
2.146969697195411780e-02
5.014524677697124871e-02
4.390075054652808201e-02
9.267781589984506671e-03
2.392454115064181902e-02
5.222803490637708407e-02
9.615226510397745924e-03
1.646037314148303399e-02
6.513807718013392596e-03
2.652682719857127683e-02
1.176555200391262226e-02
3.571848658387807157e-02
1.291645937163447659e-02
5.866573958680106754e-02
4.699949697334125653e-02
2.332447557290414156e-02
1.282020047675116320e-02
9.750793156142016638e-03
9.061707019706030652e-03
6.728257546296079195e-03
7.958451470332087579e-03
1.365711752741300550e-02
1.340239866360812618e-02
6.302419735289888081e-02
6.455232452154011265e-03
4.580357013815147121e-02
1.811372196723147823e-02
4.339414753098331384e-02
1.126251048353935774e-02
6.777408349821111011e-02
1.213041808112773172e-02
1.431600665960505205e-02
1.663206705790560083e-02
1.004987185404937478e-02
6.110116963982797217e-02
1.913602916554341810e-02
6.983497853206164542e-03
2.877432165400687150e-02
1.272749887880590507e-02
6.110647400254690803e-02
9.689248764751896489e-03
1.195043524314164975e-02
6.437635770182559801e-03
6.104009420478326980e-02
6.058999368825054507e-03
4.427240698078292042e-02
2.641032837667207922e-02
8.484474806324608306e-03
5.556926415846211165e-02
1.335592580047082617e-02
5.867345568773651987e-02
4.489933606690200973e-02
1.196343984608969589e-02
3.135066671967904478e-02
1.052385698229842820e-02
4.232173898312533572e-02
4.050964695854380321e-02
8.354525599224593355e-03
6.018490421762677511e-02
3.362387075858438296e-02
1.326675490306661841e-02
4.415734546640934233e-02
1.052175382646837985e-02
6.121781140573222951e-03
4.948465193119423733e-02
6.603479645118877361e-02
3.125031324837666824e-02
1.232922397065709143e-02
6.429638135306182944e-02
3.118354005812821669e-02
4.813998882461572454e-02
1.099143576176511358e-02
1.291484441028188483e-02
1.223677656109153390e-02
5.931660277510674220e-03
5.145902731219222093e-02
5.105404458948967911e-02
7.595413574037883711e-03
3.595080869408468632e-02
5.066942070350563543e-02
4.297302246612681037e-02
8.655111816925634832e-03
1.648016662864358953e-02
3.421437015593363495e-02
6.690574181578937997e-03
3.170907202948448217e-02
1.772489342928105019e-02
1.476926673190777015e-02
3.807831310772626099e-02
1.052085645911642921e-02
3.723620027953254003e-02
7.127147366066661702e-03
1.533661862078580969e-02
4.375384834048262617e-02
2.628561245023460294e-02
7.585800316506888588e-03
3.832412777722069702e-02
1.420975919888952700e-02
3.365981122480430493e-02
7.791438187163846410e-03
1.126693491126369920e-02
2.168184067296159354e-02
6.650253447339765991e-03
9.809632016593702528e-03
1.218209896457408091e-02
5.630584837743630305e-02
1.678954586849283961e-02
8.563100537334146500e-03
9.236944900910785614e-03
6.861606539383935215e-03
6.730488572016708922e-03
3.190605833289836268e-02
5.141369730933320614e-02
1.868287338741304177e-02
7.995400823897973880e-03
1.306458311679428372e-02
8.879440050253369771e-03
1.169383619197185940e-02
6.020543685384964656e-03
5.909721495453195556e-02
2.688927963759178350e-02
3.071340343696815980e-02
6.340202461100405765e-03
4.444597421109632018e-02
5.345717685470217223e-02
1.053909641512958129e-02
5.490000753243311910e-02
9.565113056360648874e-03
6.141169698594441118e-03
1.113780911267863577e-02
6.061535986817365163e-02
1.218438350796481086e-02
1.117240077793204937e-02
9.450867775477597016e-03
4.728237637329417431e-02
5.748175417529650250e-02
1.297692115249440836e-02
8.227008286911974277e-03
9.481220020455078876e-03
1.060189266064150149e-02
4.842545086532014376e-02
1.143201355823326472e-02
2.094045729198956013e-02
1.383630006162195163e-02
6.557719789651790532e-02
1.185666877473654998e-02
2.313875369576287935e-02
1.442077533634832272e-02
8.906993634254314202e-03
4.938165428870126133e-02
1.020454172281341602e-02
3.200764105934377629e-02
9.230673802593640856e-03
6.200599305008107527e-03
1.076326733876172524e-02
1.468373076057524936e-02
1.989898413490616413e-02
7.793318289557520789e-03
2.462393135560719121e-02
1.564659994482232516e-02
1.521146923448465395e-02
2.676168148057420787e-02
6.516859283482272225e-03
5.958787276032320029e-02
4.873807305395475020e-02
6.621061150290197261e-02
2.412358407108033259e-02
4.077774349330896136e-02
6.766243814961453266e-03
1.962184061428395160e-02
4.612927970876120470e-02
1.248966617749797982e-02
1.029735102088151152e-02
1.563021024549361357e-02
1.373012310253530176e-02
5.946306193879841856e-02
7.093881729285131214e-03
4.940094473722988350e-02
1.782669198757373327e-02
9.055338398974469363e-03
1.545236995019306364e-02
6.576885157242361689e-03
5.311937314103049729e-02
3.103794734280660578e-02
5.108779775602968753e-02
1.299897512882705088e-02
1.071365698830003751e-02
3.303754257418777679e-02
7.598442311053305899e-03
1.453942796190303526e-02
1.491399128904967453e-02
6.277321415105345699e-03
5.986878976642288040e-03
9.332147431532820600e-03
1.316850092178561450e-02
3.540095261916741815e-02
1.221416547781215521e-02
5.637085541273757772e-02
5.905302224252342858e-02
1.351677705515119329e-02
8.178768564857363463e-03
1.002731410128929711e-02
5.628745450394963962e-02
1.333903603395308196e-02
8.306570741516108164e-03
5.856402400200844821e-02
1.389648746151007051e-02
1.522802391664428677e-02
1.122273487012193441e-02
5.214968581510338180e-02
7.199572922743331833e-03
2.949628145386978817e-02
1.559606891368858078e-02
1.847325743293520145e-02
3.859938956785517739e-02
1.115173342462136112e-02
3.321889162759832093e-02
4.087312043188184169e-02
2.295733444574602627e-02
7.037291948740115322e-03
6.800458252755632940e-03
6.069695065362876174e-02
9.055012607068077535e-03
6.398309450528166797e-02
4.080969027170113644e-02
1.092523539748414298e-02
1.278560209612482172e-02
1.204448498438329129e-02
2.439052278101193003e-02
1.488171220734070370e-02
6.462579587840557895e-03
4.226873503935068416e-02
1.292019872692835337e-02
4.779673036848924167e-02
6.333593841471744923e-03
2.232672645388210364e-02
6.426038474807381148e-03
3.282941320527193313e-02
6.838072771648401327e-02
2.853245523661319602e-02
1.612619695812101545e-02
1.412099155093120111e-02
5.524574026882698996e-02
3.501123563028059327e-02
9.516837037265118288e-03
5.156829649952814065e-02
1.473539627672900906e-02
6.446958204793950056e-03
3.690969959254755683e-02
1.200334680894515893e-02
4.481509138940921455e-02
1.886358611529935156e-02
4.785080480334302777e-02
1.905461035250341495e-02
5.942023668731011982e-02
5.015106520570170728e-02
1.308478301947707360e-02
1.163054768311683716e-02
1.206888094152614756e-02
1.096380296649315453e-02
2.903288019440386156e-02
1.386460767006314834e-02
3.334146404041150175e-02
1.734275390563146460e-02
1.757043788688044880e-02
1.178973371996111172e-02
1.422396590769168731e-02
2.308815029675411259e-02
2.231429642978995098e-02
5.037388763821269710e-02
7.527035124172572027e-03
3.419310570232136914e-02
6.048133825854398044e-02
6.748712694524743733e-03
1.858936788771395690e-02
8.618354214838383140e-03
6.178080567570938021e-03
1.171654546879217010e-02
6.666884399738281196e-03
6.306491669918664819e-03
6.439706690465731020e-02
3.628754880716307529e-02
2.839151289544648848e-02
4.774126199102376317e-02
3.675046812420613984e-02
6.268461969769520241e-03
5.143634115838147808e-02
3.175184334167070049e-02
3.909657059885914693e-02
1.595928568731717206e-02
1.016967633073116717e-02
1.412345579032809641e-02
2.858583869357068583e-02
9.519139876275646908e-03
4.022092672724096596e-02
5.420408382328666813e-02
6.679533679201941736e-03
4.518895384461733833e-02
2.691342632754438816e-02
6.146120921409968865e-03
1.329879888417047178e-02
3.503544638036856090e-02
1.234998469944596604e-02
7.713789430696431186e-03
2.116719240975494312e-02
6.410603195608659266e-02
7.989743891610169915e-03
2.060902786330926634e-02
5.139459749072215755e-02
9.350884992874997775e-03
1.034024912917864622e-02
4.962750923158602140e-02
1.047234784705662093e-02
1.051999966221754679e-02
3.894578876009180401e-02
1.447893363052467179e-02
8.200564480251011298e-03
5.363798751390393832e-02
7.807272680077401161e-03
1.349216031087772244e-02
3.368203083855899477e-02
3.371549012644681903e-02
1.504169785341946501e-02
5.966392526714851818e-02
1.286528797627664242e-02
6.390734662958844417e-03
4.782764896242334973e-02
5.503586899402143628e-02
1.230675589678628321e-02
1.313180486226111880e-02
5.704701874195113737e-02
1.050273831596509021e-02
6.462941875112957618e-03
2.077059479175985546e-02
5.985897482478097845e-03
3.827637577988619172e-02
7.613758888368200167e-03
1.065865119472702953e-02
1.358780509349355112e-02
8.116050731195376469e-03
3.169028591904611558e-02
9.201337108917819613e-03
4.928015074319926775e-02
1.420465514912940333e-02
4.097993331461077110e-02
6.292113042679433992e-03
4.527432088935376409e-02
6.328264225420615445e-03
9.240078949415038434e-03
1.176418753380376221e-02
2.895307337019379507e-02
9.267722813464862250e-03
5.380546565788695695e-02
3.156776312216823949e-02
5.580232975682721669e-02
4.183993606581035141e-02
6.340750989114164737e-03
6.701306145768931577e-02
1.416891972605676016e-02
7.495734487855077073e-03
5.644856868257160099e-02
3.636333746494062324e-02
2.479098398294788883e-02
1.293057712812921076e-02
5.993796276408866301e-03
7.025670784080369560e-03
3.262246397132829295e-02
1.132934737935290849e-02
1.321246194689066657e-02
1.329767343345981782e-02
6.714748701680137155e-03
1.402302671706802221e-02
4.136726122446429676e-02
1.039242743243777058e-02
1.168914330966321254e-02
1.234000357501899466e-02
1.331712320488940594e-02
5.963165256936104643e-03
3.810268891571241823e-02
1.181380938490538164e-02
5.482927055908237007e-02
5.668629408553110122e-02
3.786113512244976276e-02
6.979633593231053534e-03
2.973103359181022975e-02
1.355374208142085327e-02
3.582207816634534053e-02
1.163557271777645140e-02
1.254833977803426238e-02
3.860088147191496205e-02
6.232258025216198989e-03
1.237002920586668595e-02
3.708696292708532627e-02
5.745252008193972582e-02
6.421561462647991207e-03
4.677447097566197337e-02
3.876771202224511131e-02
4.678433905564940293e-02
1.342096159678370960e-02
7.596398221855630954e-03
1.540820668112569992e-02
2.365903961941216022e-02
1.453204550650680910e-02
6.219560890263698544e-03
1.057756135109890958e-02
5.940252951610764526e-02
3.639708016024188753e-02
9.246682720925330709e-03
1.292394418161876141e-02
1.482750553630420368e-02
4.995074724362201513e-02
9.672308933808545367e-03
6.037230384113851517e-02
8.495548583129990811e-03
1.552906847944338607e-02
1.173031851884861511e-02
7.163106709606447201e-03
9.435574626273380769e-03
9.444725746801151470e-03
6.360108958293215348e-03
1.169192623183176044e-02
5.953498384531376135e-03
3.438498769143120276e-02
1.763203639083205446e-02
6.333368129202629482e-02
3.742521331215278163e-02
8.601101840534114418e-03
8.523021027360402554e-03
1.051286344829883979e-02
2.768300215015769006e-02
1.270034282385112262e-02
9.843725348133228192e-03
2.477900827819098234e-02
1.443748345035263114e-02
1.127493571972093024e-02
6.841531671454153217e-03
7.613620368714635843e-03
4.233557500503683929e-02
8.077282230561658172e-03
5.488641983222337928e-02
3.759888830702426410e-02
4.963429165032252899e-02
1.843760916594528593e-02
4.005287243772587269e-02
4.367321851835909846e-02
2.480199843090422421e-02
9.197290978558123747e-03
2.474949928096092239e-02
6.229204962231896930e-03
1.093356967712264503e-02
4.115162502082096718e-02
1.119081177451412834e-02
1.411110610743029035e-02
6.771951812710670648e-02
8.188934599214407403e-03
4.598152648245784624e-02
8.915368549397787584e-03
1.292387794314778238e-02
4.248960613962006472e-02
6.009512970350766592e-03
1.085837787659351718e-02
7.119235755794254238e-03
4.461420806517880228e-02
6.306354752163098425e-03
6.554753475140678506e-03
1.109721316071358814e-02
7.864759274586144433e-03
2.761123071804890208e-02
1.356399338017726282e-02
3.390376545573580563e-02
8.099382133289747751e-03
1.300567720761133285e-02
3.984248835051665272e-02
1.141384974107594562e-02
1.977182283664731186e-02
5.871204712120252356e-02
5.032375168999508874e-02
6.882624256368011402e-03
1.494371796657194967e-02
6.092512669339474052e-02
4.964744484461888069e-02
6.134447428618112347e-02
5.583928725022765938e-02
1.715706812246287766e-02
1.424137228564071461e-02
8.690252136415801271e-03
1.340247323327553412e-02
6.214945207457479512e-03
6.061126352701771969e-02
4.058437143033810646e-02
6.855486930406242546e-03
3.891947245856266363e-02
5.463948936926955186e-02
1.302688674578372438e-02
6.334652792346022639e-03
3.682933170659861977e-02
2.629340648404998593e-02
4.775335619777013041e-02
4.775542749220248323e-02
5.241004790437568672e-02
8.806677257327304165e-03
2.575611968646988881e-02
2.904963947457316759e-02
1.452814503881643890e-02
1.973110850627508850e-02
2.946608302732100365e-02
8.144821995050203697e-03
6.899016357260886675e-03
7.422795936147490517e-03
6.733601104830272584e-03
4.829530113119785001e-02
6.907890986838690489e-03
1.398562637729898472e-02
1.030847463862600427e-02
4.020899664395179152e-02
6.090686081621348238e-03
9.770878306765562807e-03
6.403982440578993331e-03
4.807848982393335413e-02
5.594394388993701589e-02
1.466575507203659971e-02
1.167715443009527572e-02
2.958420470850838674e-02
5.965349269168282453e-02
1.001382577142224603e-02
5.576750827463636262e-02
8.198059362285613563e-03
4.267404618709572106e-02
6.032571498928723103e-02
4.977107529884840231e-02
8.529829229997188886e-03
1.104510435235736727e-02
5.758764021570961927e-02
2.555681246510424498e-02
8.049339304837088704e-03
4.685104017094645495e-02
4.449924999903048795e-02
2.808194946535946118e-02
6.124458546238042284e-02
1.143188769001771306e-02
4.278383294140888915e-02
3.307147193932417906e-02
3.013772438523538988e-02
1.129991334235899703e-02
4.384453532432312783e-02
4.011004251217643174e-02
3.762365693997788557e-02
2.426155356791145565e-02
6.386028605832518024e-03
6.405228700482545889e-02
1.314872884989761077e-02
1.367388539316484637e-02
6.387703929908733133e-03
2.266589653573009358e-02
6.366868150144242879e-03
1.643835253560317622e-02
1.375823853213293049e-02
1.997056584866977944e-02
5.572026735290411953e-02
8.583203101514400371e-03
6.353514971881955332e-03
7.825819477038335401e-03
7.246130524069520351e-03
1.527241151307920548e-02
2.956063889543951093e-02
5.042658246796220128e-02
1.428466543661854188e-02
3.056118028101412198e-02
1.243450469709089963e-02
4.641783707298682837e-02
5.526973628764291629e-02
3.910564770336933532e-02
1.254007826881550942e-02
7.326348208914832370e-03
2.561415933797298386e-02
5.623488206019344043e-02
8.243940790035066829e-03
6.435275373534387298e-03
9.791646873651716279e-03
1.538453688885257041e-02
3.199193439403509587e-02
1.067356143092707335e-02
3.831710026508164391e-02
1.156056264487432921e-02
7.286597592541512944e-03
1.175967196526204669e-02
1.163919055595895660e-02
3.027418133148182533e-02
1.129248411850752518e-02
6.338296647111080206e-02
6.063696985783604415e-03
1.205470923004830705e-02
1.436506478887903358e-02
1.238708130857970463e-02
6.047467983744602218e-03
3.602219720943974218e-02
1.653422855748874071e-02
9.778792582700706823e-03
3.242033958025668933e-02
8.464793551361236151e-03
8.403967530112249271e-03
2.731971233658884307e-02
1.358989093241964527e-02
7.289677372528022802e-03
4.969283221535557293e-02
1.270095514623368650e-02
5.442414413694135478e-02
2.689724734902619249e-02
7.733755475934350233e-03
1.231623473809753330e-02
9.124657030548918857e-03
2.634645052643928148e-02
6.013064823304394013e-02
2.883957391109873147e-02
9.956105667003880763e-03
4.283658167169687031e-02
1.450215252875076619e-02
5.412855676962752272e-02
2.392196554890449467e-02
5.186887500419898323e-02
5.177686157253395122e-02
1.619604655706284591e-02
3.607625007680470564e-02
6.298079740145698033e-03
6.588950496540689483e-02
3.610642840400386799e-02
6.335008784263696131e-03
2.688279737596963037e-02
3.034890548909360483e-02
1.626053521166711049e-02
6.042535653040311851e-03
8.058851967832281887e-03
4.314373805276414120e-02
7.054409866401400477e-03
3.078130860448995143e-02
1.856531343414577831e-02
1.397829623289284506e-02
1.376755253649566101e-02
3.859113285043030278e-02
5.530191886205032548e-02
4.763061656924068993e-02
7.011291051009617761e-03
2.760698840728884745e-02
4.234234894169198321e-02
1.079295808648606490e-02
9.557987146734961414e-03
1.005045069343952699e-02
3.288055947432515225e-02
1.059022321029132185e-02
5.099338489353271581e-02
3.032789873280180779e-02
5.060256780652939296e-02
4.293566161200380177e-02
2.519107054753925989e-02
3.432112803168420323e-02
1.079946521846532337e-02
2.372247418642664182e-02
4.233939549103946792e-02
4.695412233840458305e-02
1.821495623279678275e-02
8.188063355943223445e-03
1.412425121270303660e-02
6.146921690762181464e-03
6.101326095538259220e-02
3.220946871533463679e-02
4.015161885327982183e-02
8.252428712328856511e-03
1.487700720364443056e-02
1.482365775804460328e-02
1.851317621445671552e-02
1.355381254796370928e-02
4.999575325968355632e-02
5.738768133554843220e-02
7.096849332799715429e-03
2.275302692000241364e-02
1.745749720125363419e-02
1.993210922483178854e-02
6.358574850768186452e-03
1.059803031776961404e-02
1.670823086812814676e-02
2.134087578852860920e-02
6.825599140716947545e-03
2.067953742760070268e-02
1.725908009909514831e-02
1.397139578997706917e-02
2.720688335435061250e-02
7.528191699802890165e-03
1.689656376871346080e-02
1.653967385600177073e-02
1.216418563965994057e-02
3.537325767534106602e-02
4.578399227589071557e-02
1.508731279204691272e-02
1.304368953931456417e-02
5.982562278835684699e-02
2.831640524257132696e-02
2.614409431894757635e-02
6.763616200884649265e-03
4.084221376186584346e-02
3.036308999943321263e-02
5.067889374655011603e-02
4.779920427095748353e-02
1.176670929892112416e-02
5.832592021593618198e-02
5.305406768012185803e-02
3.732082455581938601e-02
5.577524860172863863e-02
1.397852955085487729e-02
6.869047849658064045e-03
1.299425291673112111e-02
2.322157801732094989e-02
5.513719883948649952e-02
5.975118510978331965e-02
4.579334440149557955e-02
3.849730367310244539e-02
2.131008534208525887e-02
4.583131510784173995e-02
5.447621384226443431e-02
2.557158408191603435e-02
1.262771534791290451e-02
6.922915604474702035e-03
1.794202524136569166e-02
2.162472828079565687e-02
6.683064403940105168e-03
6.842628392562781665e-03
7.368275473421667839e-03
1.239361089347267367e-02
5.118944066919173252e-02
1.570805036880416894e-02
6.206786480159444050e-03
7.215126797116209502e-03
9.129036153179181240e-03
4.401607269338644879e-02
1.332938658810038472e-02
3.152064543714420963e-02
5.015904770136538765e-02
4.840763950676273131e-02
1.244952821379196120e-02
1.091378859650895747e-02
5.354601784179988805e-02
9.979733844057786518e-03
1.481784023620100720e-02
1.142853915376846642e-02
1.389655373929934989e-02
1.049708517370456957e-02
2.042416841998680871e-02
1.788463205420637997e-02
3.628335040936782330e-02
8.628772241256818173e-03
4.484608402633880053e-02
4.918119062698843302e-02
6.341899673374637968e-03
6.747284586078158841e-02
5.742918367106560062e-02
1.561889267976354113e-02
1.223274644650224237e-02
3.974403273038982359e-02
1.097014099884413216e-02
2.116563352786623303e-02
5.378184206284316454e-02
9.100233883556841513e-03
5.663408806457406047e-02
4.352944739296564503e-02
3.944644882746327352e-02
2.962962635569092729e-02
4.642859634946751995e-02
6.779675183797330418e-03
1.384359459945240858e-02
1.463735032272260421e-02
1.238572345444924339e-02
6.300978293723973576e-03
6.272715535797563323e-03
4.660790486891634027e-02
4.277012208341763461e-02
4.389887809880244074e-02
1.912346661437565667e-02
5.536654333737095479e-02
6.550713186403025502e-03
6.272984360029255912e-02
2.634993482125754655e-02
1.168735477164316826e-02
4.597447690024027839e-02
4.998408227858300301e-02
5.708499916535323543e-02
1.159627789943301450e-02
1.165927339006092057e-02
7.972915643218900575e-03
6.622416991765924486e-03
4.118169341188555183e-02
6.351871273316345157e-02
4.174549265060576581e-02
1.246449916171302706e-02
1.291009029902746158e-02
3.243957522071478500e-02
1.318772469668336167e-02
1.272282639443723246e-02
5.997267700588481548e-02
6.371240383720633282e-02
1.208723342881232350e-02
6.564918310588373912e-03
1.610069995564996151e-02
4.620651965472745426e-02
1.562760983635997150e-02
7.920249705864114420e-03
1.403397781166380517e-02
8.335291370237191480e-03
9.697383356841416183e-03
6.239005676213341123e-03
1.428078670192877916e-02
1.522373195068246060e-02
1.141487083193506828e-02
3.692165005705899672e-02
8.830648903574390626e-03
8.476172283741234201e-03
3.214202905741998101e-02
6.470689930232439643e-03
4.849200129299012507e-02
1.365614378137580687e-02
4.064019523730626887e-02
4.665470556206924302e-02
9.878728068965777348e-03
3.643503390574701767e-02
6.882348970462684977e-03
3.209682383293107483e-02
8.087702071133965470e-03
8.464242559798836052e-03
1.197503848217618475e-02
1.577234162510722168e-02
5.340820812740479373e-02
4.544064458818321967e-02
4.100243481456146422e-02
6.145217166383509094e-03
9.436520898343641120e-03
9.182875401196064283e-03
1.115214310402526735e-02
3.478459261515505496e-02
3.309359901004787358e-02
3.586901913558310229e-02
1.181666839309593146e-02
6.531864482070842519e-03
1.454112388293330935e-02
4.280969555050305464e-02
1.257710230835496802e-02
6.061418106191005482e-03
9.945741684850819414e-03
5.748457828962046795e-03
1.230225930898905945e-02
4.248709135303739559e-02
4.372699474210436227e-02
6.200065946798166173e-03
6.224051650452081495e-03
3.482836973711044698e-02
2.796479083682467531e-02
6.053237465313551086e-03
6.291849262759698080e-02
1.417363723262630645e-02
3.526627269494830852e-02
2.203669118828151599e-02
9.999499134800821781e-03
8.250065820985705636e-03
9.457337919443331922e-03
3.695109956936693668e-02
6.400167533453929303e-02
3.654875723464129367e-02
1.034821258679518435e-02
1.380384569535557902e-02
5.136963167242427492e-02
5.928008061305713346e-03
1.997178522522094490e-02
3.019643237973347258e-02
5.059196471554090746e-02
1.334157087291190820e-02
1.426934438413306194e-02
1.021950121567259673e-02
3.987605622412315060e-02
1.352008530387869244e-02
8.632088971903498220e-03
4.258966572724061372e-02
2.839579628350586554e-02
4.200481463308496782e-02
6.483321362613867107e-03
1.149587095537276185e-02
1.503998959092709038e-02
5.559465344683633264e-02
7.577330828225454541e-03
3.963974080528420707e-02
6.044619452000872528e-02
6.349324510164511270e-03
1.168067972866637834e-02
1.137079349289603011e-02
1.190571659236672360e-02
8.734752250916077987e-03
4.900861241672312130e-02
1.371413070979048132e-02
5.552319522921675410e-02
1.352566679440957501e-02
1.068293916196966405e-02
5.137053604512713256e-02
4.110288610674811549e-02
5.083570637050101315e-02
3.166706853111439512e-02
1.608925148788184836e-02
5.422773858001171676e-02
4.022646378758050478e-02
3.180333099342097514e-02
7.399585560879979804e-03
5.578711338690899024e-02
6.750703501388338225e-03
1.100599639974143666e-02
2.226962252622963212e-02
3.084916031721308266e-02
8.468810073802074054e-03
6.954740464663673044e-03
5.528988754169957692e-02
1.032100216842926806e-02
5.386194857386178425e-02
3.740294040151193045e-02
3.158070893230045112e-02
5.059601274512463831e-02
6.512925035786897889e-03
1.210095349117942115e-02
1.000000000000000000e+00
2.531201345850063456e-02
2.593167535088613043e-02
8.177527599916896081e-03
5.742203142987409997e-02
2.697199386899992030e-02
1.625068326860964682e-02
4.104785491248871820e-02
2.630068543673363957e-02
1.341914516538138778e-02
5.438632665875958033e-02
4.404175797012933186e-02
6.390463140334031594e-03
5.421703513547933978e-02
1.498857849026794323e-02
1.100006574851009750e-02
5.540071938155029241e-02
4.483807602693846983e-02
7.398526581865881753e-03
3.130407873130199026e-02
1.134388600530806396e-02
2.625438841240723686e-02
3.578303983169008745e-02
3.724289242052186699e-02
4.367348144214828337e-02
2.020546379879493981e-02
5.809811779301930768e-02
1.204764332980502207e-02
1.336218252076011408e-02
1.507825862677242106e-02
3.765619946713070348e-02
1.420675952107538012e-02
7.320456512146306625e-03
7.850200687677839906e-03
6.831389794140153154e-03
1.820290178554925808e-02
6.707391987707927994e-02
9.551552945634629241e-03
1.039702223379638558e-02
9.161895688374060640e-03
8.216501481384938174e-03
6.842798070525436815e-02
1.345624140219282318e-02
1.281993088745639678e-02
5.481496884740685166e-02
2.680637337530747399e-02
1.235406898439839196e-02
4.434362188693037610e-02
5.943617738817535273e-02
4.430343215701578602e-02
6.772935994477021458e-03
1.554045022411428348e-02
6.612179356896531746e-02
5.068705405738261477e-02
4.509733672578376124e-02
2.774299570281502786e-02
4.044492900411078562e-02
4.527447908220572081e-02
4.236136543459216586e-02
6.843381245718785540e-03
1.516759614007742903e-02
7.062870252248968847e-03
4.803862663469455480e-02
6.030829950105626863e-02
1.331989087258789867e-02
1.846502739825864325e-02
5.280604697757700083e-02
7.366333422198797706e-03
3.487291483791447877e-02
3.169879855100157101e-02
1.033435837425943950e-02
2.993587022663858968e-02
1.724903622366761452e-02
2.986588522588538505e-02
1.217056144461971766e-02
1.659747992614049941e-02
2.488794188795806495e-02
7.010591150958617179e-03
6.122072484622567007e-03
1.244554117602014731e-02
9.093361786705705246e-03
9.049945317830968353e-03
1.217729019047509437e-02
1.506554447770465030e-02
9.733036124235004694e-03
1.468815471200201304e-02
9.576707678614411468e-03
6.569365968593757037e-03
1.205502903698037025e-02
1.994263607430651550e-02
1.738582712189307503e-02
5.992181255816879035e-03
7.113830737904320786e-03
1.555396326829298903e-02
7.177016991585119174e-03
5.796019374634436838e-02
4.475454036557478810e-02
1.930410056192747095e-02
1.241700317919238079e-02
1.152400453637653956e-02
1.264986548850003875e-02
8.094306690332101276e-03
7.348019057246793148e-03
7.168428015306946809e-03
5.453060175881269817e-02
1.815572307947432157e-02
4.792570532148963947e-02
7.527277234139583342e-03
5.490133164473909311e-02
9.316435519565556891e-03
5.428981889374129288e-02
6.864397645380335491e-03
2.951444083860351592e-02
6.530138653642601765e-02
2.739621254122929714e-02
5.414995724932721022e-02
9.343966535074377591e-03
8.518328915011592894e-03
4.144844625766887225e-02
5.615297453371796699e-02
3.635592892070332177e-02
1.252570998454867295e-02
6.583942392940872468e-02
3.378180831924931099e-02
6.219578398017890086e-02
1.426638494338492227e-02
3.482705553128229853e-02
6.279034501062773048e-03
1.692909010095866237e-02
9.122235635853513311e-03
2.134370982136137365e-02
3.821570004545766369e-02
5.829617008790515670e-02
1.381107807404250917e-02
1.150425274444258870e-02
1.218287031482357535e-02
1.339283329876656339e-02
8.255830267519359555e-03
1.995151696699057689e-02
6.315518981456039703e-03
1.698248906910875336e-02
3.959755488312352578e-02
9.614340845362329482e-03
1.480781677265662760e-02
1.393774755980046673e-02
2.779976623464477936e-02
6.430424757175014217e-03
4.549061029905152737e-02
5.422413937557089142e-02
1.385885154274763172e-02
1.555060492965048419e-02
3.031707053452032535e-02
1.234319993796234062e-02
6.001829241678432320e-02
1.058506945083511133e-02
7.907022280503956529e-03
1.170651990145420498e-02
4.963884568750627502e-02
5.896060785756601641e-02
6.640237234460165047e-03
9.936260844661645025e-03
1.506447090219926316e-02
6.578358747033843067e-03
1.066743472570691291e-02
7.223058919488346656e-03
1.369812570148615932e-02
4.865443058450942548e-02
1.439059953550844186e-02
1.221725363208658183e-02
9.502875058382636436e-03
3.882815688678502991e-02
4.773410806926471628e-02
4.919195609318552376e-02
3.196673402290083760e-02
5.293554296662291575e-02
1.873598732527961483e-02
6.329561935154512896e-03
4.044583406768362255e-02
1.610352376439299488e-02
1.376980111047674225e-02
4.827016157341046387e-02
7.333293771554682400e-03
2.925764279279852512e-02
2.605671930365256392e-02
3.836460247500774606e-02
7.322606723811171323e-03
1.017603990938861433e-02
1.064872992703070308e-02
4.723916138445150015e-02
1.134257221537100443e-02
1.855783510724774363e-02
8.641509813835280759e-03
5.189851990598586678e-02
2.197960081248129249e-02
1.097767254948107431e-02
1.387397860197277233e-02
4.467435554080221444e-02
2.287379712843577370e-02
1.547014412473557421e-02
2.080446545584049844e-02
8.492790757380875091e-03
1.691477471399548474e-02
6.806816402689121193e-02
1.342794881511528288e-02
5.149147888932743833e-02
7.455539430404774064e-03
1.542881576802733988e-02
1.400194514286868738e-02
1.152302387163428414e-02
1.144414058797111299e-02
5.549962004291109779e-02
5.504927967131443417e-02
2.824221967436096881e-02
2.251457694681074581e-02
1.399559628334610603e-02
1.218019224833075120e-02
4.975100587674152752e-02
1.103364087278722871e-02
7.708109843579716812e-03
3.149589482794327988e-02
6.362672339024270235e-03
8.106100751984059855e-03
1.627049635242251713e-02
3.605409081089364781e-02
1.358388154184114391e-02
5.079725079950274391e-02
3.832660914731513685e-02
4.410842284096962856e-02
6.919563251280396766e-03
1.458987102491003489e-02
4.536237288415755770e-02
1.318126172656411063e-02
5.521677449741756172e-02
2.677502913070637855e-02
1.267390531401926812e-02
8.507428086906645981e-03
6.098859909841197920e-03
5.241755397979977471e-02
5.575694186690195731e-02
3.389789678494369018e-02
3.627468987096813674e-02
1.826328202198009704e-02
1.465312412910872719e-02
3.561360720034997818e-02
1.185567328150763551e-02
7.770994484115584244e-03
6.344226853039101714e-03
6.084923370740406845e-02
1.343530054631882423e-02
2.023104056472390527e-02
5.890196417120480837e-02
3.818536798011854666e-02
1.294844519262136791e-02
1.908761671387878070e-02
1.039666734970268007e-02
4.547590541812078502e-02
2.128841199087616945e-02
1.275827683798052593e-02
5.083330208025437641e-02
3.023145987477441482e-02
9.698856122301646732e-03
5.205602056162184771e-02
1.481486789174901557e-02
6.040103466699370260e-02
6.075105700032197575e-02
7.127863982760012165e-03
1.266473755049157997e-02
9.322190831072482697e-03
4.591607424140069227e-02
6.680289527159690745e-03
6.175038545526723502e-03
3.391605952484224445e-02
3.576914358351238055e-02
2.011756166384477684e-02
5.854062681767575188e-02
6.795592596620350645e-02
1.367229246189360058e-02
7.651087967678119918e-03
6.478688734412236562e-03
1.003287839237434337e-02
8.168884596447975599e-03
6.507783427176950554e-03
3.450590125280168091e-02
5.237453921885287800e-02
1.602387722072595722e-02
4.019831736932293759e-02
9.555437536769654724e-03
7.453076471315772319e-03
7.916563753908329587e-03
9.339912102820393386e-03
4.806810608069015528e-02
5.500575211480601689e-02
1.126304734257161343e-02
3.821176978931164342e-02
1.455007153603942935e-02
3.273399456490577730e-02
1.233207206797013594e-02
3.578842534706126038e-02
1.122064226047774470e-02
4.396474320314740919e-02
1.517816548929326603e-02
1.254986267732182033e-02
7.433298384493597193e-03
6.433195184119495924e-02
6.981757157259190806e-03
6.330633918146377943e-03
7.266107140922132418e-03
1.867225614575164505e-02
4.993226700581647470e-02
1.448395798045698166e-02
2.813728068768075671e-02
1.250574684064797298e-02
2.908339277075159754e-02
3.461563015304881114e-02
1.163600737542696585e-02
5.282997723317988531e-02
8.738785727196165046e-03
1.364413459419379013e-02
8.449811318079515632e-03
3.385844875441205298e-02
5.881793393310143225e-02
4.119445164796436964e-02
6.424101032820163024e-03
9.726478351422793850e-03
3.104103346079752079e-02
1.027480123056158379e-02
1.250436826169968457e-02
5.620655939269650347e-02
1.259450160153673115e-02
4.513652794434962201e-02
1.376149366693280550e-02
1.447436158144778905e-02
5.606780752442058063e-02
1.000000000000000000e+00
1.343731162570236358e-02
9.945419487486341706e-03
4.647042526514552629e-02
2.136249723690919478e-02
9.972498853776254335e-03
1.485953676203121722e-02
5.129329583422261724e-02
1.285309157411941919e-02
4.905163223452444626e-02
7.743882343004838617e-03
6.597345575685998990e-03
4.989685704542175942e-02
1.167274893091417749e-02
7.837488846081068147e-03
2.691320103950315540e-02
1.192108598005914982e-02
1.362497947327753929e-02
7.414743827145788176e-03
6.442129894928017020e-02
6.288082072966676497e-03
4.056115446890513204e-02
1.737081177564655382e-02
3.326496251147268574e-02
4.210791110562701195e-02
2.988854082577481475e-02
1.253660977337370253e-02
8.988013730882624813e-03
3.110297019375323629e-02
3.055465470884136808e-02
3.060508863481266675e-02
1.418476264461893295e-02
8.705364614226971526e-03
1.456672152750873063e-02
6.151553216262219820e-02
7.015365015077704679e-03
1.261349564254520862e-02
1.039693270561573187e-02
1.020967100475251785e-02
8.514867111757903895e-03
7.514632072772997086e-03
4.129990245071804567e-02
7.149142426658708187e-03
7.362670395030530834e-03
1.232801351495244405e-02
6.757905561475403833e-02
3.153076360391696142e-02
1.509686933762493730e-02
1.467572961239005207e-02
1.801096795059095590e-02
1.893547050559379885e-02
5.676907283615487826e-02
4.978680698014369133e-02
6.276901605534048779e-03
4.190654199022929294e-02
8.240281623513711490e-03
9.909400427199833300e-03
1.081821324142511961e-02
1.459246241222572106e-02
1.084502409855390460e-02
1.258716621973366909e-02
6.295285581971103543e-03
5.840684198584349118e-03
7.297900244273591332e-03
3.762780715211488936e-02
5.406645210335041252e-02
1.140827770736916290e-02
1.198689957794432659e-02
1.556296965160148572e-02
1.252291815935290507e-02
1.134297360776242297e-02
5.105674217865201897e-02
4.089725959799136307e-02
5.849311682211978149e-03
6.231228169100748275e-03
1.448112445741429888e-02
1.137336389740929363e-02
1.154956671237823695e-02
1.644786037157965758e-02
2.851020811001086022e-02
1.340775202847210509e-02
1.467539131281497301e-02
7.528804618022094490e-03
1.290637169846925447e-02
1.125398328158939802e-02
7.312383582653503127e-03
6.481900769491133647e-03
2.961712911650245597e-02
4.047377369303829797e-02
3.224853656625800702e-02
1.325142612990079169e-02
6.193047173902118535e-03
1.117981422156195774e-02
9.543989045419766157e-03
1.200155484042109838e-02
1.344396723927395072e-02
7.255231122183999903e-03
5.416686732838796314e-02
4.869451272091835509e-02
1.378572607015496158e-02
3.875776286029291445e-02
7.387355551840841215e-03
6.202128184656104798e-02
2.208577303485590587e-02
9.374832030187151000e-03
1.288136101993240211e-02
6.373775694328666537e-03
1.436119859574600324e-02
3.658723862759041823e-02
1.214298994982216176e-02
7.788196782964804804e-03
1.503014482501929296e-02
3.667791895582154377e-02
5.277452404046675122e-02
6.115366820204282648e-03
2.257913354622140961e-02
2.962224527222135154e-02
3.984192689375754687e-02
3.850088580162074753e-02
6.906269666417168447e-03
1.196316133302887871e-02
4.586338769711349045e-02
1.619315924394350986e-02
1.950931133491401806e-02
1.783983741910628168e-02
1.194892803009953153e-02
8.447778988381083112e-03
3.886263365550440829e-02
5.405376425155173498e-02
6.392221012662950563e-02
6.350808333192472198e-03
5.517991309068814854e-02
1.087808927456218600e-02
8.941946815041157057e-03
3.843727203595824482e-02
6.618945264218208287e-03
1.899961584258053060e-02
6.196791200003671715e-03
4.360833063972749390e-02
5.579060159050215628e-02
1.189246663348716461e-02
7.658625934079458381e-03
8.678309640586783641e-03
6.219193088458776358e-03
9.643688657600867076e-03
2.264657195748526544e-02
1.022405390258301211e-02
5.506606411953905711e-02
6.727061034541972906e-03
3.429918881325143970e-02
4.666349563928242489e-02
6.676276458618220742e-03
1.201050715329096338e-02
7.596420357019128232e-03
5.051792921511318035e-02
3.930704216437352905e-02
8.220008565237435852e-03
1.170261246464699388e-02
1.021051799278016939e-02
1.172127952820183408e-02
6.294131661018441924e-03
4.847990613986986191e-02
3.918249577606417594e-02
7.388604105383340080e-03
6.375299750938794030e-02
3.156639189716038685e-02
6.278280680196638396e-03
1.446073938980363405e-02
1.082076898397122885e-02
1.424387969980487646e-02
5.757188124858030921e-03
3.019220013537714242e-02
2.815976953279833786e-02
1.534387850026127688e-02
1.382478570782724389e-02
5.793307942149845957e-02
1.134304195053917851e-02
1.130713005675813669e-02
1.509776844235192518e-02
6.010377414069414254e-02
3.963881898239544205e-02
6.434093074545660373e-02
5.242354894664462417e-02
3.668968616688839807e-02
1.235001148571863473e-02
1.078981903715927823e-02
5.762097123725591630e-02
1.330190130568775428e-02
1.951075330998172652e-02
2.654597939723375710e-02
1.101556674916032673e-02
6.865933539558567375e-03
6.748291035414498602e-03
6.173066684261236704e-03
2.077121818831230080e-02
8.135090661417723745e-03
7.597562977703985025e-03
1.044462128640879367e-02
1.396141813223318422e-02
1.216546299970333762e-02
1.269345403039616113e-02
1.302646098548776617e-02
6.288857030834147863e-03
4.512346761378015214e-02
1.875412003817553130e-02
2.529631127668208884e-02
4.386542382618906222e-02
7.726851324345503438e-03
1.386511906014855321e-02
8.612240027346052679e-03
6.607898295608161110e-02
2.331743477353755145e-02
9.516072608128525387e-03
5.759401525204242006e-02
7.783096702400195931e-03
6.276679773482709591e-03
3.346872570951996140e-02
9.762954028278652760e-03
1.151963078982806699e-02
8.235220697537952439e-03
1.325336362431127693e-02
5.952375769348486161e-03
3.795059577833013315e-02
1.400818145750467106e-02
1.205611292308018598e-02
2.301645869006922404e-02
1.322294494007804008e-02
1.063076270076664630e-02
3.084508118035124771e-02
4.420593569718175853e-02
5.764378975095752616e-02
8.445349633103768627e-03
1.181848746447297822e-02
2.584755931731768167e-02
7.064492013478192861e-03
6.814099498084384178e-03
7.541089875914456370e-03
3.609514605311878177e-02
7.331438850699468351e-03
4.080167670334610558e-02
1.168523204098094286e-02
5.104339538173430224e-02
5.619478383703201130e-02
2.632775206563236700e-02
5.411237304292206007e-02
1.490830400014665075e-02
2.292502142333768117e-02
1.387459276734155124e-02
1.695562850677507019e-02
1.141689718843914327e-02
1.178691710134619798e-02
2.964361106831275849e-02
1.023846604446709135e-02
4.433744610748630716e-02
7.423366069394328644e-03
2.444496757687268651e-02
5.179791338055617089e-02
4.575406261443574346e-02
5.000419394799376221e-02
6.141916266473456884e-03
9.482146568746484261e-03
1.583313011525701655e-02
6.931033585275736368e-03
9.452675208692714812e-03
7.604387362717404501e-03
1.248097190395737466e-02
6.872201477148605873e-03
5.267233176113962634e-02
8.843234199242357152e-03
7.097176480413735014e-03
3.805411342615517417e-02
1.321231696272981426e-02
1.433392515448074153e-02
4.309233603867524548e-02
5.227823277422117415e-02
5.836752611616369268e-02
5.324057509832669927e-02
9.934112077130635363e-03
6.781144860648835419e-03
5.727501654345545229e-02
7.823044587005091588e-03
5.434510049398381948e-02
1.295420146794627921e-02
1.129348500242238762e-02
5.608881774895597278e-02
7.576346867771743647e-03
6.574065691905534199e-03
1.096446528804913799e-02
4.705384550732695514e-02
8.325164213862553883e-03
3.684121508319443405e-02
8.027383656002293200e-03
4.588854737158049729e-02
5.702582215617572198e-02
6.058006160172975385e-02
4.914278724453437219e-02
3.720682680655423846e-02
1.206693819779794917e-02
6.503675699923143309e-03
1.062241424676102844e-02
1.132262767240479334e-02
3.822726810583985946e-02
1.206390918230548955e-02
2.878227736348261401e-02
9.560661358078289054e-03
3.591958704259499979e-02
5.196106197282913952e-02
6.462884469464902359e-02
1.100801605874431911e-02
5.059098104380713862e-02
6.349423944340158894e-03
3.929015575252258613e-02
7.551304038058485185e-03
3.777243867350922601e-02
5.532349448820474830e-02
1.295466829427716071e-02
7.570884576148503853e-03
3.582985966361752761e-02
4.651025520034329785e-02
6.028564870816081715e-03
9.320510763528935122e-03
6.993262543106849513e-03
1.186878299829786064e-02
1.291219819335818510e-02
6.734925078519511318e-03
8.610126426886507978e-03
1.736779984395035725e-02
1.357655563536729407e-02
1.445410498970138395e-02
5.538208852506118496e-02
6.801625743801468713e-03
4.651578114750909432e-02
6.393563207082821054e-02
5.958243326562210479e-02
3.378648887658131095e-02
5.960642362417998760e-03
1.347753922317163240e-02
2.612368031406428134e-02
2.099573186542506853e-02
4.286523333923770995e-02
6.713220961748518276e-03
9.692616996037744723e-03
8.694744971820574445e-03
6.485041456383085386e-03
1.147359477958492628e-02
3.746948344796492691e-02
9.494812158273833319e-03
3.222309069440598694e-02
1.833878885014131321e-02
6.038302446741412866e-02
1.439383713184705718e-02
4.681032511568403859e-02
1.072593541269295861e-02
6.206123486430818390e-03
5.082603342427813309e-02
6.107759507812492161e-02
6.654734156700868250e-03
3.577659173806619491e-02
5.779932077927317502e-02
2.981218289324929355e-02
1.320569092434847012e-02
5.624791409474892007e-02
7.196554539943304449e-03
8.409754706289953793e-03
1.236741153828046710e-02
1.194355824776122121e-02
8.190381405053043240e-03
3.771715498516705484e-02
3.202780476094516798e-02
5.276507320274589213e-02
4.261439554956136105e-02
8.232751179993228613e-03
1.428776230430400807e-02
1.345500948034960773e-02
1.750788079114064255e-02
6.670690759499556949e-03
6.580647721779643231e-03
2.936846507573202120e-02
7.146026911856400050e-03
5.409348293996154439e-02
3.588227722635775607e-02
9.691773137137890334e-03
6.573756941445059107e-03
6.185374899820733977e-03
8.055625545986848032e-03
5.336142235502733255e-02
2.008306698512049224e-02
1.524410720524573340e-02
1.567709802056374557e-02
1.180355441882561390e-02
3.261710241376904879e-02
2.257964003891650001e-02
2.391417895090227480e-02
7.105067419865851788e-03
4.703763202077997779e-02
2.284461954262122924e-02
4.139387588436585497e-02
3.065277058705195845e-02
1.644998160013219288e-02
1.563913520881306946e-02
1.014422431613842997e-02
1.310435202868186384e-02
6.056789921305257701e-02
7.291191710494587461e-03
5.312565938069829102e-02
2.222534426265333068e-02
3.225300126983470655e-02
3.014037104752695026e-02
1.600316134407831631e-02
4.910653620042589734e-02
4.158563489096975263e-02
5.436267627174266176e-02
5.447684959386961401e-02
9.772201373692999612e-03
9.000603751841430508e-03
5.667809373899633518e-02
1.257552133708756889e-02
6.174310899823745591e-03
7.186492909090788812e-03
7.168096368015092895e-03
1.090387222349502132e-02
6.084505429232901774e-02
6.465140298192953265e-03
1.045374396865557040e-02
4.678342013264333299e-02
4.561527495378771974e-02
4.375171002826398065e-02
1.497838228836230121e-02
6.720777541545260719e-03
3.895885540167100258e-02
5.060889977289854957e-02
4.160884365357674780e-02
6.575063518544910918e-03
5.740805580046429851e-02
6.784674524813064621e-03
9.054426524453854444e-03
1.476857186202964675e-02
1.449122630538716809e-02
4.193717959317463939e-02
6.935263827717152302e-03
6.711313347272262163e-03
2.988280123261887258e-02
9.719509062653931830e-03
5.636102836066779476e-02
1.278312364643598500e-02
2.285079667366677128e-02
6.567855041249517911e-02
1.437551926276043820e-02
1.381098077549326383e-02
4.253808247173195695e-02
6.432656891608111265e-03
1.156948361016481991e-02
1.176598569452662855e-02
5.167115445541375918e-02
2.712062402014015980e-02
5.089746630857917842e-02
5.584535775768634247e-02
6.771650541306893124e-03
1.429385029930888701e-02
1.353216522289633905e-02
2.543787450650943777e-02
6.785491309000511728e-02
5.500821852787093208e-02
1.311926464001180945e-02
1.251404563290782479e-02
9.692362591517462989e-03
3.512572948860942512e-02
6.294918468150279868e-03
7.953220875622510691e-03
6.734141034983573415e-02
8.913057159867123283e-03
1.060682629824402992e-02
8.734024958202937089e-03
5.124442689675860058e-02
9.398850529575912896e-03
1.233543152381738964e-02
2.787301685397306980e-02
2.435078235280733680e-02
5.223353421294277960e-02
1.227487978324182279e-02
4.939064408696385022e-02
3.478550396425812014e-02
5.181301920898614966e-02
4.790524225086054827e-02
4.899658763392844563e-02
3.579537138574191701e-02
2.985939208938732242e-02
6.192127483843323094e-02
3.537848217019336911e-02
1.026118580650418194e-02
7.108996484441247772e-03
7.708204080867641327e-03
6.394740653174467437e-02
5.650617573441635982e-02
2.583526320292314424e-02
8.831954220809618353e-03
1.232739664121040683e-02
1.203786738103583033e-02
3.546294920572736625e-02
9.052266086624634334e-03
2.524371789484084611e-02
1.149110116027147500e-02
1.602759585625642899e-02
4.736332273060723380e-02
2.249040363468966103e-02
4.780150812174692454e-02
1.342983253551455376e-02
1.340390522971262634e-02
8.299555899399430059e-03
5.984364203301303919e-02
7.840998491088808572e-03
1.302693719611926725e-02
7.964748741362440848e-03
6.433543871094836789e-03
7.690403236570012881e-03
6.615012196817925128e-02
6.178765317765412546e-02
1.889595165435520308e-02
8.710069783269941066e-03
9.298989876356290180e-03
6.324090270098917284e-03
6.329416624995923973e-03
6.148536644462662508e-03
4.720106370916761496e-02
1.328366040903120049e-02
7.105869341157880492e-03
1.157374410522632110e-02
1.759654229578735268e-02
1.249037135712775977e-02
3.721077678818952156e-02
6.231693211091855755e-03
1.354275854665090359e-02
5.335457158524765930e-02
3.991564303823798288e-02
6.597546943405187270e-02
1.474762489119849779e-02
3.337247469190413041e-02
9.302994639959760725e-03
4.265177046723331311e-02
6.508725272901744532e-03
9.027552591275501970e-03
6.648656104306301107e-02
2.450012354592542851e-02
2.703547986688612653e-02
1.235172836964876925e-02
5.973331135050850837e-02
1.392659795349025439e-02
1.036021791588953925e-02
1.330860892261133063e-02
6.409600501610883405e-02
8.266094931376496632e-03
5.689179073007568505e-02
1.351527658987737926e-02
6.636551739534685308e-03
1.194306007606237528e-02
6.868234871088361136e-03
1.202592941529032761e-02
4.303820838852034231e-02
9.134245786803739386e-03
1.153422737935729837e-02
5.177525890298170091e-02
7.848925448410317210e-03
3.813426447628993909e-02
5.653863722932849292e-03
1.090737658783275284e-02
6.103469564435044098e-03
1.028371752557749597e-02
4.711967043751731643e-02
5.594312241925648854e-02
6.624905258962181936e-03
1.179607807349724105e-02
8.008467428919301134e-03
9.871915639668318518e-03
1.191365709793895840e-02
3.558353782008198685e-02
1.022303159736292003e-02
3.832924865385605590e-02
1.486913372591163081e-02
8.197062727955664249e-03
5.949842265124550243e-03
1.432241175833459321e-02
3.501165074241020803e-02
5.347612866896305633e-02
5.891374354672154062e-03
1.198907993322807612e-02
7.041827611990782339e-03
1.006416320918390381e-02
5.116033030047584251e-02
1.326584880943573914e-02
2.482847932526135309e-02
1.386482588537011132e-02
5.424396326217176961e-02
4.173960632099996820e-02
7.731775835387116880e-03
8.916694425134253504e-03
1.363342158779809986e-02
6.302736765500361639e-03
5.732385579251708663e-03
2.445346971494729779e-02
1.461513852508219795e-02
4.806495874611568103e-02
5.449916543655717455e-02
5.301687047435879596e-02
5.471517716575458046e-02
6.301261404503483154e-02
1.308458511791363993e-02
2.309289009075397164e-02
4.338016063282019302e-02
8.787336111592766036e-03
6.795111313776300462e-03
6.158748293650284124e-03
4.738098399183321430e-02
8.607770786174206296e-03
3.810893974032127790e-02
4.280072813855294311e-02
1.254269703960577027e-02
4.110439515872955224e-02
6.229262638493706858e-03
1.328051467543498766e-02
1.581972626205939078e-02
2.783282028643637926e-02
5.876576072835390172e-03
2.394763032509411929e-02
2.020212519370947341e-02
3.946327439692282057e-02
1.077379268799251444e-02
3.022533477202966196e-02
1.839118995619114932e-02
1.611077198904518198e-02
1.266019164956442254e-02
3.897349372595320521e-02
1.008692804394581595e-02
8.746862095051368899e-03
1.301557974377945057e-02
5.097992410614787112e-02
1.888084013155335097e-02
1.107324878917281472e-02
2.660787879072165976e-02
1.262666898620141975e-02
5.373674671109594791e-02
2.200998210802625199e-02
2.092715408034335686e-02
8.888480583359059661e-03
6.022769122406656725e-03
1.471820282100208717e-02
1.075032786824634858e-02
4.615600583959995201e-02
6.691309081432362908e-03
1.244077543380742168e-02
1.330733018334564512e-02
4.189370031645441028e-02
1.139403330959270697e-02
1.059189313197303819e-02
1.276101551579417875e-02
1.561193252637927548e-02
4.082049114186708100e-02
7.371667790121275848e-03
3.390790906920558567e-02
1.353769060061436012e-02
1.546959319846149747e-02
3.072009996498898526e-02
1.010039942033677009e-02
3.181507562570094066e-02
3.286659769414841670e-02
6.780396954100152695e-02
9.411555937387086623e-03
2.808138959034937529e-02
1.123572649935067683e-02
5.092365903178935893e-02
7.954541809475848199e-03
5.417785748310711275e-02
4.436546575175070312e-02
4.258058046498832544e-02
5.089739855286175285e-02
5.222117032672998066e-02
6.371881445419791401e-02
6.712897797990455273e-02
3.810384716458514037e-02
5.577651626123920209e-02
6.652398822469067149e-03
4.806941825246737604e-02
1.134789214524247088e-02
6.249334217220246616e-03
3.404464296773897919e-02
9.136086534902372255e-03
1.377926732327929699e-02
6.066059370193860323e-02
5.260370050427662370e-02
3.644681750881444138e-02
5.342118586526831137e-02
2.524333517911537747e-02
2.672061636903366386e-02
6.192522699478397730e-03
3.735741618774991030e-02
2.311527905095696681e-02
6.529569416089987810e-03
3.242919855092192549e-02
6.254545533315689076e-02
1.045085674227426084e-02
1.512501371420979686e-02
1.372042288218048092e-02
5.722977686130131802e-02
2.871577191017362501e-02
1.330011848098646386e-02
7.777579430647698668e-03
1.201025433540005988e-02
4.027948388806101149e-02
8.055426060692197007e-03
1.965330117218781411e-02
4.419927095257590588e-02
5.866354089090136670e-02
6.219797895825668332e-02
1.278610806242564020e-02
1.331244756176093273e-02
4.622811506365401973e-02
1.364520415368415153e-02
5.178803572216484491e-02
3.254963102645931639e-02
7.357921848271268238e-03
1.914906177271692017e-02
1.159357669326893138e-02
5.208740548210990390e-02
1.989340456787643679e-02
7.894216576681659797e-03
6.022900704147093193e-02
7.172431535911022969e-03
7.445390648308523700e-03
3.059867326264062090e-02
6.482259179461993641e-03
8.126849624000436617e-03
3.677870550344090189e-02
7.089523342147069709e-03
6.851631390991440133e-03
5.513645207401078607e-02
7.988211802199152861e-03
7.399278949350826702e-03
1.362311155407657827e-02
5.829784842530078698e-02
6.227439798966197433e-03
1.110409462094250066e-02
2.662700978965020296e-02
4.304918780143884849e-02
3.846369560883802080e-02
5.589833064249094541e-02
1.218304020986770916e-02
1.325449328184377835e-02
1.208482967529749506e-02
3.124292781531005231e-02
7.788197060682409793e-03
1.061213746778528165e-02
5.341994483285737033e-02
3.877276471257691537e-02
9.549168484561621970e-03
7.831358775839500352e-03
1.111268171802078444e-02
6.404337583322883276e-02
1.127931420164919249e-02
1.171718155394551632e-02
8.267794503897233152e-03
5.921468249550827095e-03
2.926763193172310373e-02
1.062843274161323626e-02
7.416883522756600143e-03
6.770345309439219916e-02
3.959366206879275096e-02
1.405678647734039631e-02
6.743883933813183025e-03
3.582751667543287999e-02
1.033783126028284087e-02
6.639617241311628233e-03
2.991102479209547735e-02
6.707514069582320992e-02
1.117458197754887285e-02
6.029013552437538503e-02
4.258576134574792310e-02
2.576417879148637860e-02
1.059447974256949761e-02
4.569510711037474276e-02
6.169721222154068985e-03
5.643273739358484892e-02
3.708904342668925547e-02
8.530368514849395734e-03
1.213802759792177374e-02
3.613962966423436840e-02
1.533505332363536457e-02
1.244265255206087467e-02
1.022298072764478948e-02
2.727721848925204751e-02
1.485972840361056597e-02
1.716302898444090064e-02
1.491915700805969240e-02
1.331253086304629886e-02
8.478607623794966186e-03
6.271613152627408816e-02
3.471292985246465096e-02
3.620278145642388118e-02
1.207133023057081408e-02
6.363624169061829657e-03
6.056574341590353905e-02
6.442417097673840132e-03
7.296899265931362788e-03
2.751442095586835793e-02
1.123235949905665963e-02
1.586276510702135795e-02
1.296113854339307064e-02
9.672045140152935039e-03
8.337156768199604703e-03
2.136763922619703757e-02
6.355278379488659909e-03
3.007300240044202821e-02
4.538850929325285305e-02
1.327783486395781899e-02
1.320164279584432054e-02
7.296964222756765692e-03
5.732453242359941345e-03
1.309743972751475569e-02
3.935409906060724494e-02
9.952540178288830919e-03
8.584930524238506069e-03
4.108225778163116654e-02
3.014646649618343485e-02
2.739058661302243639e-02
1.167672845523247752e-02
8.636221093349326014e-03
5.697859216923290698e-02
1.490575949409863633e-02
9.880996020408655198e-03
3.639986918935304849e-02
6.179607361948137416e-03
1.059079302146252385e-02
9.273935398925682930e-03
1.208909272527674411e-02
1.383679208686297048e-02
1.238645155516726083e-02
3.698749676374921136e-02
5.936604714748099781e-02
2.233070515637609887e-02
3.751939164546601313e-02
1.286405938343689222e-02
2.446026335343274433e-02
1.118559719134940358e-02
1.015156107850663514e-02
5.341065609418989973e-02
4.104044189751538535e-02
3.900738044638928786e-02
1.317953481643471120e-02
1.437503358222373857e-02
1.445773795357789722e-02
1.341807975517732808e-02
2.173438314641077881e-02
9.238522302738185962e-03
4.560298691537768845e-02
3.834691720487842098e-02
9.943375405510140180e-03
4.245636085511832192e-02
5.453296275779703772e-02
4.861146363349736627e-02
1.169257843743381348e-02
3.919520620120711674e-02
3.315723664649787572e-02
6.658638760365268028e-02
4.663086428558806812e-02
1.356832630489801517e-02
1.142885896941434748e-02
1.469493876941762624e-02
4.929418716254809624e-02
6.535585375123375076e-03
1.483263103053264129e-02
8.540382380141616978e-03
1.000000000000000000e+00
4.224054261121194809e-02
3.133046487561951671e-02
1.005215430332928594e-02
3.661616063984265285e-02
4.610377118296509619e-02
1.155899200764242893e-02
6.226028331254093370e-03
1.032643740341041179e-02
1.430154265281094288e-02
3.771447219014899960e-02
1.788940050989092437e-02
1.037319997425040913e-02
1.676835708689533577e-02
1.099166990445777335e-02
2.515190040433036567e-02
1.662780338072073621e-02
6.974848443130152002e-03
1.116546503435017837e-02
5.192662299889128086e-02
1.326972618543831826e-02
1.160057065379910268e-02
2.320219842294513404e-02
7.763519428551456450e-03
1.494513223785163755e-02
4.279971818797097954e-02
6.005696026081369654e-02
9.099708954047179554e-03
1.218180814701248955e-02
7.091668588538498075e-03
2.741243574551541912e-02
7.697149954561157900e-03
4.162172807989147905e-02
9.019151724276273929e-03
7.624940376677365704e-03
1.517524628151292916e-02
6.272236953139690915e-03
3.616723451302688436e-02
3.140613682959674663e-02
6.533778467009545253e-03
5.842884773672166188e-02
3.164160791753130308e-02
1.528469950979047254e-02
1.444106442078533017e-02
1.430361521415086587e-02
5.230218614398970955e-02
2.941671511194068542e-02
4.540968862470151635e-02
2.322540900428636881e-02
2.040695061419482009e-02
8.433411206418307826e-03
5.341164196187018348e-02
5.378360149737555773e-02
2.053243213947886572e-02
9.568250669834178074e-03
4.193045215802784081e-02
8.683220839859517176e-03
5.605229414044963360e-02
7.556400577740231966e-03
2.037179767120978272e-02
5.292118056289996791e-02
3.538097042055050878e-02
5.424819742993324673e-02
6.667839031613239861e-03
5.927526538214849400e-02
2.843368987370099160e-02
1.013865327942051718e-02
1.943979557052364499e-02
3.942583187048100124e-02
1.328742918957656442e-02
1.699840438103528834e-02
1.963253651655708781e-02
2.021787694663770493e-02
2.681914866627340549e-02
2.144800714173451806e-02
4.795228276369439130e-02
4.461614762993998395e-02
4.325488186206076502e-02
4.123586551728886801e-02
1.136444595828970706e-02
6.418403661757602317e-03
6.779943418917261204e-03
5.115762281881173351e-02
1.163953492249340457e-02
4.427217191423036408e-02
1.177459937661591745e-02
1.086814114755152091e-02
5.261808063952139181e-02
6.900675659416083581e-03
6.501586248651042635e-03
1.676807507795173915e-02
3.416670291309035351e-02
1.498651309879067001e-02
4.210993740856379397e-02
7.399634914697511730e-03
1.714809028700407800e-02
1.314368766523554485e-02
4.724076882020570439e-02
9.139214543268903493e-03
6.279568495446694043e-02
5.157996378776737861e-02
2.506667551949997783e-02
1.256286271924209573e-02
1.529138271883221170e-02
1.094682167070229993e-02
3.578998247390256099e-02
5.717133701352892367e-02
3.865675762180454528e-02
9.172823884491978011e-03
3.710175543849701663e-02
4.830596220178400707e-02
1.048189232600462394e-02
1.344376553841896381e-02
5.917272693191631683e-02
2.762957593555194838e-02
2.576262977446441838e-02
7.627216014553294364e-03
1.122681559118023087e-02
1.132986028845778606e-02
1.188954611236994752e-02
1.083064570744389325e-02
4.346916940171903498e-02
1.020644860728985026e-02
1.174683657556143887e-02
1.365142140378005665e-02
1.762493166834296771e-02
1.098378069061125249e-02
9.292647369891925482e-03
1.480308670926295395e-02
6.947850895814728159e-03
6.082774252417252892e-02
2.988331312318790248e-02
9.603571323675001714e-03
1.736937676657514251e-02
7.259882986253273982e-03
5.131812708415759566e-02
1.850082730577494103e-02
6.201429806807994168e-03
3.871706685599851649e-02
2.219436326741159801e-02
1.323996143772917904e-02
5.033256232173178440e-02
1.069325566993260812e-02
1.384247215930904662e-02
1.029331556693637191e-02
4.097215328128377132e-02
3.194437786622459502e-02
6.418192131882572218e-03
6.237644617127379235e-03
3.403331711120602399e-02
2.407741558934902229e-02
1.636810776881099383e-02
6.670554475121349795e-03
6.397698563926210689e-03
1.468046513622021237e-02
8.524020678692002112e-03
3.844025890356551206e-02
7.775826067912177189e-03
1.064239573034482696e-02
1.547592187058264776e-02
4.013922938618601222e-02
2.445967128824651921e-02
1.330487517893317630e-02
1.016623106408660014e-02
5.781000576565480803e-02
5.947083957721974873e-02
3.748851915931159656e-02
4.626779433700044936e-02
2.835557296009589071e-02
5.552968731122603224e-02
3.170860718091998015e-02
5.854471280436541331e-02
3.114050884691164228e-02
8.136333748349829087e-03
1.273123134301659166e-02
1.012499080454594760e-02
4.475074941114094013e-02
6.687361783717449618e-03
5.702344463833430854e-02
1.169636026727094782e-02
1.310437214102146142e-02
2.927379793430534213e-02
9.601488391846060844e-03
1.743026440725955681e-02
6.396826802248436507e-03
9.781767112572057818e-03
6.209109531932073892e-03
7.358785902013618811e-03
7.442513962177606246e-03
1.000000000000000000e+00
1.397086220001238568e-02
6.191469894022022004e-03
8.176164717841263516e-03
3.087599053144530342e-02
1.342025554784236768e-02
7.735227682188742029e-03
1.102699665283150311e-02
3.308936102791423806e-02
9.877034231159511485e-03
1.408980153782265869e-02
3.361793301346179680e-02
3.452458092876761753e-02
1.321608164575462270e-02
1.376696024257345607e-02
1.026787867194383155e-02
6.818358360451236624e-03
2.818314920978430213e-02
5.075603569493536416e-02
1.036828468321328647e-02
6.098792310597378127e-03
7.845822145195519362e-03
8.308666758457356957e-03
1.966609823931813467e-02
9.779700677167815423e-03
6.580281026577622372e-03
5.670617103641527323e-02
2.580183187587734364e-02
8.890293297110177240e-03
1.626337639385723802e-02
5.065713130932161107e-02
1.347352564661761024e-02
7.544999959832434169e-03
6.956528719342414645e-03
5.212487156582627096e-02
6.112098662600722043e-02
7.419673486955337058e-03
1.543353526766226037e-02
1.332225983070433641e-02
1.186864887188311159e-02
1.913605973631915189e-02
2.586866806907830649e-02
1.212677942076642069e-02
1.341352732767924806e-02
7.637754647291107070e-03
6.229035817072645087e-02
1.989420605523670865e-02
1.448867849037415931e-02
1.509594858184307858e-02
5.946666756888690369e-02
2.599775527276657061e-02
7.261067548228618274e-03
1.239402459022909131e-02
1.329815561791912806e-02
6.224931715762490464e-03
4.844154903014450536e-02
1.568800288563347925e-02
6.657494053826358213e-03
1.405532432726199800e-02
5.613554046732387171e-02
1.000000000000000000e+00
1.009775712031412039e-02
1.025401809849493806e-02
2.720706155602870338e-02
3.101460738841690587e-02
6.536046804794322373e-02
4.194659334288845798e-02
1.468064989193682522e-02
1.267959359476071059e-02
8.905422151990124990e-03
5.859510311191143406e-02
3.425306671440778855e-02
1.260698506348198120e-02
2.643612521638074100e-02
3.810955595930966971e-02
3.326604211862528582e-02
1.431908398111242202e-02
4.198234579026334512e-02
1.392753194503569200e-02
4.913020307923005037e-02
4.414079433536646085e-02
6.390666294687682991e-02
4.115551755418962732e-02
1.253965534688018628e-02
7.839726875228297809e-03
1.470677238823640820e-02
6.026316752768642003e-03
6.923220029223588722e-03
6.085662429531746992e-02
6.908750575045280451e-03
1.520379060129639810e-02
4.576381220471441302e-02
1.184591989242808098e-02
4.512499838585329326e-02
1.477055663458926027e-02
1.488889942954637127e-02
6.187396085190960404e-02
1.161559238312151639e-02
1.549696945481881388e-02
6.522095859981259791e-02
1.248673911023965612e-02
1.466019499732576677e-02
9.898123033891433054e-03
1.062744415311544025e-02
8.877008006340714880e-03
3.433044854530392653e-02
5.218417285313358550e-02
1.099881206979000554e-02
6.728474735667938633e-02
9.391968343859094515e-03
1.133242650842127344e-02
7.365633747888787261e-03
9.748383271914332418e-03
1.795232036521923411e-02
1.326884495480121391e-02
3.568900886981589415e-02
7.871582268755915324e-03
3.615178492432634394e-02
9.632922514175065731e-03
6.241671594608738834e-03
3.475766233173067932e-02
4.613590496007423380e-02
5.286316308113365309e-02
1.811256047379315032e-02
7.168140739084625027e-03
5.337296535283753141e-02
1.739894512495538531e-02
7.729416445918200172e-03
1.297891155791034042e-02
9.566085341826260219e-03
7.660896908988871525e-03
2.116544911613818872e-02
5.485108584443480068e-02
5.935862053304261782e-02
1.220147574544442476e-02
1.174005634688814366e-02
2.732969463254877537e-02
4.171467049629661028e-02
7.989239655856272479e-03
1.271211934677191416e-02
1.477127860776888610e-02
2.397420427053106873e-02
9.867566540333735578e-03
5.058953774258817537e-02
2.501730782024494393e-02
1.245914520782871911e-02
4.638500223888330359e-02
6.931728327166312119e-03
1.242170319481263399e-02
5.537130853484323323e-02
4.758859940514841014e-02
8.930701724836715913e-03
4.173256890065012853e-02
6.051676368464678490e-02
2.588400552018531656e-02
1.476363603630996210e-02
5.597765184912734115e-02
7.414066241098297115e-03
4.788110377472705459e-02
1.264621947484613484e-02
8.964707636112588529e-03
6.589975681741329708e-03
7.271668736748870474e-03
4.120247526998213616e-02
4.994277620502318715e-02
1.102850171870115893e-02
1.485838217799210700e-02
9.842050868700462016e-03
6.749904127278834320e-02
8.025577507539495559e-03
1.184934595102449424e-02
2.130594877868624559e-02
1.514040667175154883e-02
1.653222774725508423e-02
3.638293634419784844e-02
1.297406846325501947e-02
4.934804149105228438e-02
6.471539872794115911e-02
8.831656923329416625e-03
9.193767244719883505e-03
1.344504629191665100e-02
4.943469216448811293e-02
1.348670575884186769e-02
2.029524990817070315e-02
3.361259509919371780e-02
1.102531452056934418e-02
7.092972452344538901e-03
1.165106783674078536e-02
1.359065991723591889e-02
6.114604203920846748e-02
5.068236303733258952e-02
6.250039062486627273e-02
1.148047685965140202e-02
6.342211058349473199e-03
6.546914295128794699e-03
1.408835032243165551e-02
2.809635423264500442e-02
1.503162633636727363e-02
9.651702358256358458e-03
8.711772428204450636e-03
1.620729792222877844e-02
2.089623313773276286e-02
5.571695161145997360e-02
8.238356273709186023e-03
7.912119146944932360e-03
6.144974293525384823e-02
9.561570603968267898e-03
1.326210504797891744e-02
6.704858750302460958e-03
4.411767043775634972e-02
6.116115479906797554e-03
5.260244107376477879e-02
4.396301696663694469e-02
4.405804567159919694e-02
6.283664094316878529e-03
3.709171419603653208e-02
6.518743517651363201e-03
1.947468764815466283e-02
6.247257434461142393e-03
3.163097829437895581e-02
6.089496987149382867e-03
1.075555714704773749e-02
6.316842749088205644e-02
3.249871601945009125e-02
2.394302863698887646e-02
4.900576526141833117e-02
6.698181636775798857e-03
4.613517492310412194e-02
7.688744190719314434e-03
1.415082455146559823e-02
6.608319001573836199e-03
6.258273996604999875e-03
2.619524348549778087e-02
1.242665686977423301e-02
1.252685342076404439e-02
1.434341775072236862e-02
6.357236296261216391e-02
3.420408080627338615e-02
7.568625778962936521e-03
8.401877424192757612e-03
4.279644220271484889e-02
8.259250793171206764e-03
6.616222948096325135e-03
6.382900895741318303e-03
1.006877945946365108e-02
1.211548281283929794e-02
1.409113348312049895e-02
1.203010938740434535e-02
8.087372717508223632e-03
6.241561002273314854e-03
1.518949079402233393e-02
1.315200638149365518e-02
9.017086160807765219e-03
1.000000000000000000e+00
6.383759285345318689e-03
7.321150108433400507e-03
1.474584825411892966e-02
2.518473265091701260e-02
1.593714240784096722e-02
1.261999418558924432e-02
1.402838338551581389e-02
1.286538569429840177e-02
4.290010504518482898e-02
5.138518283974833484e-02
5.489687600447500093e-02
6.199595145788276002e-03
3.923713371313956866e-02
1.343184563452824720e-02
6.719355383382068919e-03
6.186087565701890029e-02
6.011571034037689609e-02
4.843745365268132402e-02
1.007025000544275323e-02
1.372728556401576691e-02
1.261820371550049884e-02
1.262206846842742376e-02
2.143892903017013268e-02
2.584974791515187373e-02
4.359575901667857994e-02
2.207549499798151446e-02
1.428707349929554324e-02
5.612508040558893824e-02
3.558469900810091319e-02
4.219107571621842634e-02
3.287244968773032211e-02
2.217404868606070653e-02
2.103557591318157630e-02
2.787574857217662086e-02
4.885198592381153476e-02
1.193306596359117178e-02
2.086546864139480692e-02
7.733547071710560571e-03
6.492353063228007218e-03
6.073498799857333236e-02
8.053893736578514664e-03
4.993717895508588411e-02
1.764680225345780992e-02
2.427803960349130680e-02
1.127400134725471507e-02
2.724109039458043335e-02
1.124367451544067316e-02
7.882986489123404786e-03
1.856503367290803300e-02
2.217938935982862597e-02
1.143287833168819996e-02
1.824331839437705327e-02
7.476568905736969209e-03
8.935826976841703892e-03
6.036976240979946562e-02
1.427415068020620841e-02
3.468509984481222413e-02
3.936451050214277020e-02
1.369090583443240139e-02
1.260468561244972030e-02
7.917845163935732788e-03
5.316167915946393152e-02
8.809814849494022881e-03
8.831687588438469350e-03
3.730587191199547653e-02
6.165784593548907615e-03
7.972119189674192752e-03
2.185405482103714922e-02
6.228937378227650083e-03
1.036090164626089945e-02
6.258577834180746591e-02
4.439035699681741221e-02
1.405887931210752888e-02
6.096938185901493515e-03
1.073427128188193108e-02
6.471583771402722451e-02
2.204127180113604409e-02
1.392570207950485396e-02
3.514898000037001286e-02
9.921358435237765880e-03
1.298695618338001172e-02
3.322407093585794807e-02
6.017237821509714354e-03
6.371312674563231471e-02
5.343409269819807128e-02
3.479209056591664462e-02
6.502980440167468665e-03
7.016212270980204391e-03
3.755354064352561111e-02
9.251979450225591636e-03
2.914451628437646560e-02
1.178283786092151030e-02
8.559544813659874379e-03
1.373139357016644330e-02
6.919206232600891467e-03
8.263838837839617910e-03
4.176744281614167692e-02
8.356157279131715479e-03
6.531644347609748269e-02
1.323079889639773056e-02
4.380469148010854991e-02
1.502624263570874301e-02
2.429408234797885563e-02
3.761952889084940743e-02
1.448234440564987249e-02
6.527536180509633731e-03
5.770923039761028522e-02
4.119722591408984946e-02
1.430179820168195337e-02
1.282735116399383660e-02
4.824318934334626691e-02
1.290461699400839019e-02
3.944165536192223431e-02
1.203803806375034445e-02
3.445453965846860533e-02
7.729113296175161782e-03
1.327096287366231510e-02
1.676692437576743008e-02
7.000423215847506944e-03
3.759428461951221795e-02
1.421958143137767167e-02
6.238830508156959116e-03
4.840442043436950226e-02
5.672001268530219714e-02
1.425424258257613694e-02
1.219379293591232004e-02
6.336918696656243521e-02
6.405558603324334500e-03
4.189040496683218290e-02
8.841825317359577191e-03
6.276930398501382076e-03
1.386810436721110269e-02
8.158088568141931909e-03
5.916893235493062703e-02
2.881770289567398696e-02
4.303898864013778330e-02
3.202196761218991522e-02
4.982589704090201188e-02
1.432483470114445656e-02
6.041686199509101879e-02
2.467836584996842622e-02
6.661032562885399466e-02
6.118762639808839748e-02
2.595188652119376216e-02
7.342312480606794090e-03
6.448895005640165046e-02
1.169511412390041548e-02
2.493656157206662616e-02
4.402323077230018561e-02
7.855135512278449764e-03
1.883719131045333978e-02
6.412677802947954961e-03
4.213941245776391120e-02
7.310003175913883967e-03
4.091761086050728358e-02
5.713120008636058539e-02
4.774346371934826139e-02
1.135606387379232800e-02
2.984192342639700735e-02
9.334884367418017775e-03
1.264497546136633330e-02
9.776769024460814708e-03
5.010330848882746380e-02
1.406671876484742387e-02
1.183459975777137810e-02
7.268301063374737331e-03
3.535233076433125926e-02
1.401435956008298053e-02
2.597598494245284551e-02
1.398040495453361197e-02
1.192993064657680950e-02
1.258140891685350857e-02
7.602084011651114373e-03
1.323288632225325112e-02
4.250851096462608669e-02
3.659364962827282158e-02
1.200116408943581285e-02
8.937137776082971705e-03
9.772378251454388529e-03
5.899996079379449428e-03
2.541314964767021553e-02
1.415837162706052969e-02
3.908906410320111408e-02
1.127126146625976981e-02
6.374924989394917252e-03
3.659239181543715025e-02
2.149711395880687589e-02
6.438720163787936546e-02
3.670992020125198735e-02
1.000000000000000000e+00
2.962084241401135784e-02
1.546573247507141043e-02
6.375607649957976478e-03
7.628226852318807649e-03
2.272798462075845127e-02
8.762060172512410941e-03
6.613302048880756456e-02
7.735137772990370066e-03
7.253384241351370186e-03
2.614776697270843400e-02
1.121242213819827367e-02
4.030963333267762599e-02
7.419544047890959566e-03
6.782362105697900198e-03
2.095331448279537379e-02
6.475799774504330426e-03
6.871688023263490021e-03
2.157727174425780325e-02
3.491310824741853530e-02
2.933552538348865521e-02
2.638002716234901998e-02
3.469461450792411805e-02
1.433092455648621311e-02
1.497783194410480002e-02
2.022418826163412814e-02
8.361388243234190581e-03
6.550081390534312487e-03
4.641420949968283471e-02
1.268647394587053660e-02
4.729224945117912332e-02
5.962985212162346359e-03
1.272074873338004466e-02
1.447224159549707380e-02
4.627671892659786929e-02
2.217837643239404383e-02
1.726460746298625476e-02
1.548623049704256349e-02
3.455910454989698233e-02
1.124147957238564276e-02
2.530961625175763563e-02
1.765316280017312570e-02
1.234225192646260481e-02
4.179107618266476865e-02
3.987408140375477833e-02
6.259868272995326027e-03
6.014748168721536191e-03
1.517888559958025310e-02
3.247805841980976743e-02
1.418661243953540062e-02
1.313760762195921583e-02
6.584563393587922198e-02
7.729054027484685493e-03
7.559279265853069939e-03
6.572758277867095378e-03
5.691564176785277041e-02
3.468351908991210153e-02
6.171514381471812638e-02
6.097308538478958539e-02
6.276824436635293318e-03
3.320426070810878622e-02
1.841709110366814353e-02
1.211613439687499703e-02
2.469609668817977777e-02
4.109410200578945266e-02
1.121794172570318195e-02
3.727977662427559014e-02
8.171769386780412120e-03
5.874403487863073987e-03
1.953626931711003809e-02
6.066318132417860415e-02
1.389572083010800693e-02
3.929045027700593662e-02
6.732324820238259726e-03
1.263026952201692574e-02
3.508249882498844924e-02
5.370590001917496109e-02
2.828856846704370931e-02
1.040729999166567152e-02
4.401087921892187643e-02
6.342199175671151858e-03
2.234721106547649799e-02
4.305467098507637785e-02
1.596233053808312000e-02
9.138247851894756510e-03
7.143776720655472916e-03
8.722460286014787831e-03
5.191178387289690360e-02
1.510134663812546553e-02
5.966049386860668852e-02
4.898244586332931721e-02
6.292028889699863119e-03
7.566304364629075456e-03
5.319316354776711803e-02
1.022510795650323316e-02
2.863754642410986165e-02
2.525343416579382133e-02
1.190951883726008333e-02
2.582960228868327879e-02
1.149495479057420499e-02
2.336764924435994276e-02
5.685606405912513317e-02
1.094281455917116112e-02
9.088615572267156814e-03
3.637965429261533212e-02
2.783410667106266806e-02
3.374532816155562109e-02
7.394989208585969927e-03
3.004085049678384411e-02
1.056307181470657677e-02
1.120709221045258427e-02
1.055428505982802453e-02
4.763522860258197905e-02
1.426488321528788725e-02
6.825603789062534461e-03
5.988340075223747005e-02
4.590216498386514438e-02
1.151693349203638563e-02
1.224173716497384788e-02
1.710305941092940193e-02
4.353355812137982284e-02
5.586397510737722144e-02
4.592500622479071121e-02
1.464318622710675775e-02
7.457062012523256282e-03
4.675357070034855816e-02
6.368448265088658133e-03
1.361492852228261656e-02
5.822676967715770258e-02
2.321535044376924969e-02
1.364803492896113704e-02
1.808182446388235248e-02
4.915200338316883660e-02
6.624393058086996272e-03
7.428670273791175560e-03
1.402638728555751814e-02
5.997361772027769503e-03
1.382034143857872009e-02
1.117074088633386239e-02
3.707080094447942620e-02
1.013100977896081931e-02
1.105704620527726834e-02
1.500197440306007442e-02
6.241667264780775826e-02
2.166526136617684395e-02
1.435260060630472179e-02
6.617083214304152715e-03
4.907692710990309987e-02
3.098063068616283694e-02
4.731727719198070004e-02
2.051636733470908053e-02
3.097600089138833473e-02
3.657596961362458848e-02
3.194716674540191287e-02
1.274738716116404109e-02
1.136228794808821774e-02
1.659870872992929777e-02
9.497827285853162674e-03
7.524438143743617316e-03
4.005010420042640074e-02
3.203013494685701124e-02
4.916082966618279260e-02
1.366648394004915841e-02
3.653661963276904484e-02
6.521482025135484292e-03
4.263219614028675858e-02
1.084006718270579504e-02
1.570905313297880912e-02
2.747183622953675713e-02
9.038229615110929260e-03
1.431656136015404222e-02
1.024695211699735466e-02
6.243302392474483348e-02
7.728862415016436553e-03
1.356719780924390238e-02
6.365682881180201313e-02
2.309191501620251261e-02
3.756900124744182862e-02
5.316362713617193286e-02
3.640953529722427973e-02
1.775276390519181166e-02
1.000260787219130025e-02
1.408608606164070930e-02
3.105784635711363040e-02
6.619270542922359862e-03
2.737023520141207769e-02
5.496908034045397407e-02
5.082152427263800926e-02
4.753815391533589008e-02
5.957987922007025941e-03
1.783217589408958928e-02
6.183295307331703600e-03
5.821769254708893809e-03
1.247353665481463689e-02
9.554269519710920783e-03
1.443211708360791871e-02
7.753087841010301851e-03
5.049441877466843975e-02
8.506355580025963189e-03
9.876478875986633224e-03
5.143290657005753636e-02
6.659242251871852480e-03
1.158080743700114039e-02
2.368575844543087394e-02
1.392741888748159906e-02
1.964112767826683634e-02
1.159263029384281253e-02
1.164263878932562078e-02
1.350391684511144559e-02
1.083235701627700831e-02
6.053555115187986280e-02
6.514510837772640589e-03
4.359704530217625718e-02
5.369246818158133344e-02
4.668640536592968265e-02
1.675857740678138655e-02
8.461426423566039204e-03
8.754681603516124497e-03
1.471365623152090865e-02
4.842711985112223977e-02
1.554645377958063616e-02
2.660702599862165701e-02
3.794171276258943848e-02
6.274237274500005235e-02
6.941465147738611237e-03
3.114290721794678654e-02
1.091574041886738539e-02
6.541939051842897250e-03
1.817236438284141123e-02
5.047580534069881497e-02
6.401549642281838259e-02
1.286524206495178596e-02
9.627127873822912546e-03
1.319903924562508719e-02
3.679918624905541280e-02
2.555341763918257680e-02
2.107622091843519563e-02
1.008651963349346294e-02
1.902876982354981955e-02
7.667792465066472843e-03
1.155964575588460524e-02
1.154594719914181847e-02
1.285910376672533273e-02
1.174421107163880519e-02
6.486659458463392772e-03
8.665067162112278717e-03
1.020856382039177571e-02
6.762143331344581086e-03
1.285720686554571966e-02
2.297581897937753942e-02
5.146614271939863039e-02
3.626271567216196590e-02
1.441437153454607628e-02
3.030099798934913005e-02
3.990779669116803485e-02
1.344102371207953929e-02
5.708250726126556929e-02
6.379279387823896981e-03
5.014875798312171812e-02
2.477082901645244820e-02
4.734976000753770425e-02
7.943665668736759472e-03
3.588512734599776099e-02
7.822415380496680268e-03
9.074256954557758520e-03
3.021990885337589097e-02
5.592410047454311750e-02
1.305590935842875118e-02
8.020187018912969951e-03
1.569624797409246292e-02
1.203078111017856153e-02
2.595508369009560251e-02
1.022160953230822830e-02
6.620761275009447167e-02
2.188520713737865039e-02
9.792899221849320907e-03
3.304315571158276260e-02
9.964260534055023252e-03
7.427071803982092206e-03
4.313447867413634090e-02
1.091337074714017474e-02
5.805315771648535128e-02
7.301176672327790163e-03
5.449704778541050038e-02
7.959264055745280536e-03
2.783632111114906632e-02
1.106745801614284277e-02
1.043215412897729143e-02
5.443384805569388002e-02
1.657238974858987399e-02
1.217748220395431513e-02
4.463508501480836776e-02
1.211753698143227913e-02
1.426935766484517358e-02
8.813715739819224723e-03
7.106120803155014341e-03
8.669128575026210579e-03
1.496741781129327410e-02
5.974901759403786206e-02
9.097068959392285922e-03
1.263712208483405881e-02
1.280346022723761502e-02
1.469574429101567353e-02
2.347313943547841078e-02
1.772245440745390949e-02
8.358135727007120347e-03
6.126664621064711880e-02
1.452416077383849105e-02
5.165694361609058510e-02
1.407045306497296117e-02
1.471526549724410000e-02
1.208447391896831820e-02
3.732548624697332174e-02
1.413153707220401491e-02
1.358947079125029725e-02
1.198934137828502715e-02
7.205755098097101075e-03
4.969384211162914539e-02
1.334871004488344566e-02
6.395515917584779914e-03
2.485322728528494354e-02
1.933901556922837384e-02
5.027203159767332924e-02
6.545488736092893584e-03
1.070579615879285913e-02
1.000000000000000000e+00
6.587465964348508674e-02
1.504110993616209618e-02
1.166470251791088160e-02
1.757523196475237193e-02
9.911578891447253570e-03
1.497748560045716014e-02
3.914456944122386706e-02
8.198081355949462037e-03
1.247764103675608541e-02
7.220862705100260064e-03
3.250106540308060621e-02
2.934769695536657702e-02
3.430093036305024989e-02
5.874324287950423440e-02
3.748063447630446687e-02
6.006504928789434261e-02
4.315348998017665139e-02
4.469951780556036258e-02
6.765043463240230648e-02
1.084439886711859036e-02
2.996538804970636308e-02
3.182722258169215501e-02
7.200417805390679250e-03
1.233507555650636793e-02
1.532849807677887262e-02
1.372789382014888079e-02
5.090215461198792368e-02
9.669208897468703837e-03
5.388129996330519311e-02
8.098326940002158886e-03
6.391132684754430998e-03
2.033340414239224667e-02
1.251331360852752511e-02
2.979890744524228349e-02
1.412356790015851203e-02
1.296322100762641732e-02
5.670565410928776924e-03
9.466484754396091439e-03
5.817935863675851096e-03
1.325468362583017562e-02
1.251806042102941025e-02
1.461339227358638727e-02
1.238305928921785287e-02
1.147534948982935343e-02
5.751878476753798791e-02
6.086238513871282223e-03
8.336360623903112457e-03
8.741750832787276160e-03
3.273424272127246210e-02
1.685986921752204853e-02
3.737122730106785806e-02
1.114765488044313323e-02
1.304881027689874622e-02
1.301855886153505462e-02
3.612765838976909893e-02
7.764570691416118088e-03
4.896209959997908923e-02
6.166249342265283512e-02
6.185025266103505795e-03
1.797446204554603577e-02
6.788510773893708002e-03
1.337651535280939483e-02
4.101139268295476981e-02
4.252209663766295250e-02
1.661301917634403977e-02
1.723223593873622617e-02
2.228646817739608418e-02
1.008691757347661942e-02
1.491855580436211165e-02
9.132092809368115571e-03
1.332613474218617179e-02
2.164254517371717521e-02
7.987782740945918031e-03
3.423471721816386676e-02
1.438344824246165152e-02
6.072776640113838886e-03
5.711072174884337244e-02
4.796404307149727819e-02
2.993909668365987709e-02
7.628910266461004334e-03
1.400348423370956566e-02
1.140879523946392547e-02
3.557030554840493602e-02
3.081017319676129101e-02
1.458846530686074700e-02
6.901887297201061283e-03
1.294552629574040326e-02
6.162106774861309325e-03
7.363763871015615269e-03
4.510396725422578801e-02
8.530371160443002768e-03
1.579685107853020729e-02
7.716115690188363879e-03
5.354951808614324960e-02
6.597974791584981791e-02
1.087031300935808326e-02
1.376737518939312108e-02
6.669872901238898914e-03
5.252517364531784222e-02
2.085191711373465123e-02
9.155353279083018603e-03
2.932206453332732513e-02
5.488754409319053507e-02
2.610307301389908075e-02
1.088723681284634037e-02
8.046077994310108644e-03
3.800206574607126880e-02
6.154763280279482163e-02
3.202166591977212429e-02
4.464115451734319145e-02
1.218866601213558151e-02
6.501623138311247649e-03
2.162327694256376345e-02
1.484445085021957218e-02
1.243733998804665876e-02
6.976855119286821429e-03
5.325268021108214150e-02
5.458921897853075828e-02
2.433587537298287362e-02
6.986058659619858585e-03
4.278724277570269963e-02
2.598811128700281858e-02
4.851967038111335007e-02
3.789725158195249993e-02
1.222244644666997671e-02
4.763189032189665828e-02
8.228540563465556665e-03
1.351118957642218066e-02
2.097934396468042681e-02
4.833014717374771452e-02
6.859069253914995556e-03
1.160969892312527403e-02
1.502366150465322785e-02
7.222956456759730727e-03
4.199157841349814013e-02
2.314817731246293989e-02
3.910377045062624068e-02
5.245730378447573811e-02
7.235505606844079909e-03
6.123093731489652469e-02
7.610951930887305955e-03
5.317110238836558755e-02
1.611943875703337678e-02
6.050197594543383489e-02
5.264282168655392419e-02
3.138272066057035126e-02
5.490014030456490113e-02
2.967541622900335407e-02
1.283643328451757049e-02
5.166343236696917252e-02
1.262041874393101878e-02
3.514601546765534767e-02
6.482593635959411904e-03
1.687117704717224637e-02
1.292559710414166972e-02
6.498983506677971124e-03
6.635622832220165052e-03
9.725701643346332595e-03
3.884362929382819546e-02
3.452411916227599714e-02
1.246776594358556083e-02
2.070444456254635218e-02
7.605773910019250628e-03
1.277603971518293316e-02
1.569840546159629105e-02
8.019647798837127931e-03
1.115424063593490472e-02
6.425752385024192069e-03
5.866480734428242833e-02
5.129165207274742622e-02
2.580373942476651972e-02
4.175970561283733062e-02
5.496671708268596745e-02
8.285943703920890802e-03
6.536373541400004872e-02
6.254228784391873200e-03
4.511008504438124289e-02
1.905179843272791426e-02
6.595684903451583259e-02
7.811122206246550424e-03
1.232052198766792409e-02
6.234211061117950897e-03
8.783879096926077920e-03
5.110956404733757452e-02
6.781560733307188255e-03
4.856468317302414101e-02
2.834331387349517742e-02
2.613778029243455509e-02
7.359350554535460699e-03
6.497129585929148007e-03
4.487666383232819661e-02
1.441307576465802529e-02
1.111556211125541531e-02
8.725708400749706412e-03
4.766896497201404681e-02
5.940160302547457458e-03
1.322232414243428543e-02
1.036800827957599924e-02
2.620929558596904810e-02
1.256728880952023841e-02
1.306131283696643566e-02
2.280558814952275346e-02
1.405766885384333517e-02
6.914521225856666564e-03
1.277150614539563148e-02
1.227014732596242927e-02
5.491039815017371983e-02
2.759244654578940290e-02
4.485424631266592133e-02
6.427736225933324866e-03
5.059777422775686706e-02
1.404045679696645961e-02
6.160353552562746783e-03
1.399011967053970240e-02
6.148684542742900716e-02
4.024725368168176332e-02
3.700807737421182159e-02
5.463797160302456130e-02
3.347602022010152945e-02
1.499253029227567285e-02
2.913179550779620292e-02
5.910582992263803404e-03
6.512619941790205591e-03
3.643660930045446861e-02
5.523520605559622404e-02
1.359313923941441772e-02
9.993601062093895523e-03
7.266769105538438411e-03
1.030757862803163838e-02
4.568059062456355374e-02
1.385346284482727973e-02
4.509757668863714763e-02
2.361208397953740504e-02
9.449180620802457783e-03
1.154904628094950876e-02
6.265010050665792418e-03
1.336239483647683711e-02
1.140531121905757894e-02
8.583535866034048070e-03
5.034110837247068870e-02
1.319165515654546761e-02
7.463386527543949302e-03
7.497298591412799272e-03
3.976699331984593494e-02
7.788571123640215463e-03
5.781976402962753225e-02
3.752654186014910825e-02
5.538660666640581737e-02
6.421651161084211516e-03
4.684120480483471710e-02
1.372497284116668340e-02
3.967167517353879097e-02
3.097705757598397461e-02
1.146213983140328616e-02
6.243899873847597384e-03
5.225165819769903713e-02
1.961920171035480207e-02
9.373413350345834519e-03
5.143892241985631442e-02
6.303262210141165334e-03
5.388581055515797441e-02
3.231583133623171927e-02
4.691705128038410610e-02
4.442670996282899187e-02
3.444779818943500410e-02
1.569038438925209056e-02
5.999301513967353339e-02
3.921276944369182782e-02
3.571239523940322041e-02
6.249934158586418695e-03
6.526475746065744932e-02
6.887529875296803661e-03
3.820154988040828925e-02
9.588800147463905424e-03
1.439602045546723406e-02
5.773626509943753649e-02
4.542098218389805514e-02
6.539115126957662991e-03
3.396545008735255694e-02
1.139977516424193690e-02
6.195044903532799171e-03
1.148893271715618024e-02
1.162606084580160466e-02
1.071610079678635141e-02
1.170654964903208688e-02
7.591331863256028933e-03
7.897149035801957762e-03
6.474983544054778439e-02
1.710451532044965361e-02
4.487179117050761612e-02
1.079359675571505382e-02
1.161396342582853881e-02
1.697688343118185228e-02
1.351846107040644181e-02
1.086106640550876280e-02
4.935816608401185496e-02
4.794095319658478460e-02
1.498682335839405556e-02
2.850250194395524683e-02
1.382062767180807644e-02
6.211317155115192445e-03
1.017429931345475297e-02
1.335384392562731504e-02
3.764636442313207959e-02
7.253250972584474043e-03
1.334346927321338611e-02
1.078139349446902671e-02
1.120539371848129975e-02
6.991882633486397498e-03
5.042168413802369104e-02
4.689046084727513386e-02
7.284686701936845740e-03
6.621715285439436216e-02
4.118548283419608269e-02
2.494816188369126941e-02
7.730320524368798109e-03
6.653662316370766681e-03
1.521251447718835817e-02
1.307856855322528725e-02
1.221747821990631921e-02
9.349004736123621429e-03
6.483602751812147028e-03
1.057166390446905371e-02
6.088454791925149157e-02
6.415213423243418256e-02
7.414161112259444637e-03
1.105605044234886543e-02
1.503313280911809310e-02
1.181705580392264712e-02
1.490859527230326345e-02
6.794162274619141087e-03
3.513612538329544815e-02
6.505407780594861696e-03
1.087522058291392341e-02
1.688044476215032341e-02
2.203737947624599680e-02
6.308658895310971515e-02
1.998579058113936907e-02
1.457480497835858708e-02
3.650162918643636012e-02
4.412185131280684652e-02
1.119941908726159764e-02
8.338261509072969133e-03
2.766366469906384254e-02
1.159861658232503971e-02
1.027181249115660666e-02
4.969723376070632470e-02
3.973384319963034483e-02
5.298309028238699925e-02
1.100338327071645993e-02
6.182274875786256119e-02
1.277890202893074492e-02
6.679443576503701734e-03
1.500085977269970637e-02
1.377219179991466015e-02
8.526916367161831156e-03
8.266498798669724701e-03
6.456814858389267608e-03
5.702816327530611795e-02
1.497860438689900715e-02
6.611209665528782094e-03
9.273992669696924651e-03
1.119721295701201803e-02
1.475540596654662667e-02
5.548760328208469234e-02
1.082418856434372995e-02
5.180506755412281339e-02
5.020808571728982428e-02
7.359171808151168670e-03
3.031921476203284019e-02
5.355957092839381400e-02
1.553734979394375687e-02
5.956389099259716546e-02
2.770758359665440734e-02
1.134253367629332356e-02
7.009055647600037110e-03
7.174585317546274682e-03
6.929674084351294429e-03
2.701057816833868711e-02
1.235603543257586881e-02
2.226108453832300813e-02
7.373180992792725645e-03
1.514550023271465234e-02
8.364477826638211377e-03
3.287450354981855116e-02
7.252136482962278849e-03
6.929072101586746489e-03
2.771370558703221618e-02
6.462042249962456422e-03
4.052831739339005784e-02
1.399017571016739937e-02
7.533211586958820684e-03
6.362523632483636782e-03
2.064118540099103838e-02
4.250511297303583708e-02
4.080143044633347676e-02
8.741992841460854632e-03
3.400152573077810242e-02
2.750443831287149518e-02
7.931642164780251109e-03
3.307879478386867994e-02
8.222422793607415958e-03
3.387864159187455732e-02
6.854213092775619798e-02
4.068655925658545836e-02
2.790900678633947279e-02
3.640371336219084403e-02
7.615404506555941387e-03
1.689446035286525788e-02
1.546629653071960805e-02
4.567450069121588296e-02
1.427649470663926515e-02
3.115565893716482071e-02
6.394816803542535677e-02
6.772050569884908305e-03
2.059510594744703299e-02
1.495910653452684098e-02
1.235776581092370464e-02
6.424032504028114043e-03
3.652208175350687286e-02
1.050943229909471512e-02
2.996622075943048899e-02
1.528069680849532611e-02
3.571319880146993364e-02
6.712566691037037681e-02
7.038759480245473932e-03
4.113897169251310576e-02
6.168126885486759775e-02
3.047399586370544075e-02
1.061590725684867856e-02
8.958723141945934207e-03
5.476978321651966575e-02
7.365450742730941802e-03
1.683319066744565565e-02
1.383988319364240493e-02
5.250802334870158239e-02
1.366514025166676652e-02
1.258735083039300671e-02
1.240151995169929897e-02
9.848483422143498867e-03
5.052349268562139617e-02
1.331775955616381658e-02
1.403702394009290894e-02
7.119052968536555490e-03
1.450090272138816749e-02
6.182875914628821468e-03
1.962897530171388294e-02
1.281200576165626541e-02
3.699083585972708088e-02
1.097891303325441124e-02
7.084139011230440770e-03
5.670775621601313599e-02
7.803326807766550015e-03
1.197742494947908430e-02
3.898038819428779195e-02
2.406012119906304411e-02
1.382813590523399375e-02
5.606678580503699633e-02
6.111527227606634860e-02
7.286171445673226763e-03
8.838786908775465856e-03
6.285105546672727084e-03
8.189351111615774878e-03
5.839458816174116634e-02
6.903659183328580973e-03
4.491075962096385821e-02
6.039927628350760108e-02
3.333392398382109545e-02
3.205983611722062337e-02
1.041527973057480849e-02
1.013178435464620435e-02
8.035242827330205811e-03
8.250179390802109269e-03
6.512830180908181499e-02
7.356529100365105656e-03
1.921066128786214078e-02
4.056852128956646431e-02
1.173685577039026810e-02
6.035358140204989674e-02
1.183350845755849583e-02
5.165628410223396111e-02
2.736812829137302838e-02
1.209808115140969045e-02
5.363187460491731368e-02
3.263522658886969241e-02
5.832881366567130299e-02
1.554394351001020871e-02
3.087954261323195074e-02
6.206149055216154779e-03
4.730813572252452748e-02
6.689068343153981196e-03
6.176179500763948928e-03
2.760342038072118726e-02
1.242700833855417582e-02
1.418164616886575732e-02
1.418925324694850221e-02
1.640175529537399660e-02
1.172181653163334621e-02
6.534505998321318322e-03
3.124745321802351733e-02
8.461951086751805934e-03
7.542254597708299493e-03
6.955187755221337552e-03
1.289740182025388496e-02
6.887926664080172741e-03
1.309431109577610143e-02
7.828531789451528139e-03
5.935071569677678044e-02
7.156310848255005228e-03
1.302804087390911116e-02
4.237339695251413074e-02
1.811337354223929719e-02
6.982081078230799667e-03
6.121842398556832238e-02
6.140653633140142134e-03
9.927101325751324160e-03
8.319623781426714951e-03
6.320741731318126055e-02
4.667766793686288496e-02
5.855972976543620534e-02
2.743094249975208329e-02
6.572511704425507140e-03
1.129732169971791288e-02
1.075162626469718108e-02
8.961574939697358050e-03
5.844886546748113282e-02
1.420899255492520490e-02
9.348296357291932882e-03
1.946177663529008797e-02
2.156532683017203800e-02
6.022297693247234164e-03
2.070746342344377544e-02
1.417181695251841511e-02
9.254863676731480207e-03
1.520157816090541951e-02
6.784492690908599036e-03
3.392635366351125920e-02
4.494028533281967108e-02
1.993823895765846690e-02
1.458534431791271534e-02
5.512175163974392805e-02
5.924770319371231060e-03
9.731131900426993886e-03
2.513864429655410238e-02
1.278893256441525003e-02
2.317830602387244143e-02
3.843368965955205885e-02
1.203079443528623678e-02
9.067275408997000838e-03
3.794896595888988533e-02
4.651550696599189572e-02
6.266338220739784727e-03
1.282099970800336212e-02
5.159008507032666196e-02
6.469395600705425686e-03
1.206511229079793024e-02
2.594841193605213966e-02
1.377919219055353042e-02
5.441700358095695467e-02
6.300465180099647754e-03
6.324143767252334014e-02
7.325525121403594041e-03
7.278020145292714987e-03
5.335356465635811285e-02
2.891511423843040954e-02
4.653307885446766184e-02
1.446534366276119518e-02
3.010004410326656832e-02
4.152087239333074331e-02
1.718041993818465729e-02
2.248024026676602449e-02
1.364294939107717208e-02
8.040894995845763310e-03
6.990442701495923339e-03
6.749752966672946039e-03
2.272842174676679983e-02
2.122860839663832239e-02
4.969105483176961685e-02
1.162803599408045174e-02
9.865536150500703316e-03
9.075093369319737341e-03
5.158565842844305138e-02
1.028587380309392563e-02
5.188587259689414477e-02
9.990563202995090403e-03
5.937181328493786048e-02
4.830053480015200629e-02
6.036348296730641161e-02
9.478131527452790528e-03
1.203162211352325900e-02
5.894158173960539066e-02
8.821248591376010945e-03
1.542960431651981164e-02
1.059862410469372337e-02
7.495465227549001110e-03
1.484763959032210992e-02
6.382497728794566359e-03
6.649497657014439254e-03
1.092685196343967137e-02
5.323185034861353804e-02
1.215054004596679768e-02
1.826334327103364477e-02
1.329872366060319208e-02
6.758823307286686288e-03
4.925960454294799756e-02
1.422558407979965418e-02
9.382741232262575490e-03
1.124146181768946075e-02
4.002012615050978134e-02
3.869415661536076967e-02
1.523923412171659941e-02
2.899374283357079862e-02
4.196634393688231102e-02
5.593702314992803071e-02
6.548915301074348383e-03
7.779751764009992104e-03
8.933357206696201230e-03
2.276177234280437819e-02
7.731813051725799565e-03
7.988620163396386795e-03
2.768944218711471769e-02
5.444623043024047343e-02
1.487256776277863513e-02
1.280848841043923797e-02
7.230462773882303726e-03
2.649977140549794608e-02
5.560655373551631059e-02
4.377531389126979033e-02
1.953184104222041237e-02
1.229642498806444127e-02
1.328542074496791119e-02
4.988108131026616071e-02
1.286501032567236719e-02
6.508729571949138648e-02
8.261918614835743122e-03
2.771175438401234786e-02
8.712773981571692028e-03
6.319056434076921955e-03
4.434736431806450552e-02
7.268124692648221703e-03
4.531600360725342169e-02
4.946473885558113487e-02
5.003579234571705475e-02
5.287473853969375248e-02
5.844002917316429291e-02
2.854978627138716682e-02
1.321735863701865507e-02
1.790146286018152316e-02
6.552661221718285647e-03
4.850718703851154834e-02
2.792557363753040561e-02
1.166592611309639690e-02
1.063536982274769505e-02
1.341086697889831529e-02
8.947476488508585360e-03
5.778473123466739553e-02
7.351591468088006058e-03
1.606984319967255312e-02
1.284607778735735034e-02
4.960925412023547282e-02
4.571480060887729568e-02
2.626572705279938552e-02
1.337845399800107436e-02
1.146580433990836145e-02
4.560268501522903722e-02
3.499389852822291924e-02
1.575300381278852552e-02
1.481453694176374132e-02
7.227731016449776696e-03
5.591238907735116004e-02
1.348320291832256698e-02
5.963684156373100925e-02
3.022166904764581399e-02
1.658236678829091981e-02
1.385909873602626449e-02
1.575435869877882950e-02
2.187705825809414459e-02
2.677636563783958312e-02
3.773546328674830252e-02
2.219607041979243522e-02
4.366208405883399007e-02
2.536860431567279986e-02
2.243860610042337431e-02
9.956285285368380450e-03
4.593667732175147483e-02
5.543842571158687921e-02
8.290324401029879400e-03
1.027002771291453051e-02
9.785144234699909641e-03
9.697722315870876963e-03
1.286784251638297891e-02
5.894103342477901436e-02
2.182139086625574376e-02
5.873504322669737161e-03
7.788376473774597311e-03
3.396397217673607916e-02
5.724317101728038787e-02
8.400268379913509303e-03
1.261067631670727274e-02
2.702094369061841875e-02
3.341873464792268628e-02
6.132828923197947146e-02
4.945749997767903694e-02
1.532119293072847950e-02
8.573584843939364986e-03
1.404005055067580367e-02
6.184056857806774499e-02
3.789069681346454721e-02
4.793588531054223528e-02
2.197341381523007509e-02
6.128442992499897810e-03
6.782571868645998273e-03
5.001063335050209141e-02
7.260441774636838472e-03
1.596565963187181539e-02
6.738124078918742051e-03
8.309948827451037537e-03
1.275026021352292788e-02
1.390793456177968554e-02
4.207646829412280132e-02
1.198208635011420095e-02
4.077527765052545161e-02
7.874147234963683670e-03
1.018258434706236643e-02
3.017715011173353543e-02
2.110888827632651649e-02
1.038219792241678978e-02
4.371107331238098526e-02
9.302816914198095907e-03
5.701985374647127597e-02
1.621701797659648100e-02
9.955421999218677306e-03
2.443399345907376619e-02
3.261915636736808372e-02
8.877131626736676356e-03
3.961663646125981875e-02
6.160097221901893356e-03
9.370262589170086712e-03
7.459096829778144762e-03
7.847893403127623180e-03
8.473868852391024803e-03
1.084098768113445771e-02
6.991283561054319369e-03
2.875564379418504152e-02
9.439123785557517257e-03
7.691108749833770915e-03
6.163568695524108271e-03
9.992809388067866103e-03
1.201300546345530559e-02
4.919698262758814833e-02
6.613154517863308220e-03
7.665616125193223072e-03
1.244601731425408302e-02
1.706742067177523248e-02
1.111414691695183053e-02
1.003653365008267719e-02
1.304601617095482377e-02
5.853426495580452138e-02
3.026122925539558028e-02
4.784897987268663111e-02
6.450955792359452760e-03
3.968718186310033619e-02
4.009983508504778860e-02
2.713349082646823382e-02
5.747245154587832250e-02
9.771820108648531650e-03
2.495977673307267150e-02
6.184052597701973630e-02
2.342320589525710359e-02
1.719353217500552145e-02
9.324219002145021917e-03
1.584612525126873062e-02
1.243314213014207366e-02
1.520807793926938142e-02
2.725412300620912859e-02
5.439976456026489327e-02
1.638963720518498562e-02
6.443247230546222774e-03
8.781138787392773343e-03
8.464426159580573303e-03
6.719871289859304098e-02
6.970357775327406386e-03
1.272243042066486043e-02
5.427175954320448414e-02
7.918888097203993781e-03
7.061237333010331706e-03
6.898887604279502553e-03
2.863575160756900995e-02
1.888390917363510363e-02
2.801251958475185072e-02
4.311184003837619655e-02
1.490561711536912172e-02
4.560096424827720513e-02
8.659537279473253704e-03
7.182436788354800219e-03
6.239394786505952049e-03
9.948165760787788803e-03
1.555851707853429453e-02
1.360438211793820774e-02
1.572423559360676404e-02
5.962878890238654944e-03
6.388526501502483045e-03
7.626109039194064500e-03
3.702111608821386651e-02
3.396374872378940535e-02
2.401345272128073763e-02
6.972865388245457451e-03
1.253889173874244214e-02
4.660519399719383060e-02
4.053623049036840509e-02
2.858877546428497882e-02
4.944765167408584489e-02
6.180345873439618137e-02
6.367000801496930373e-02
1.357482403069672043e-02
1.193297091381778641e-02
7.515055584347515340e-03
3.689455900142836475e-02
6.438622682900761729e-02
3.147723926881590417e-02
1.126865638241788398e-02
5.696235911536922519e-02
4.577390645504422068e-02
9.085712702673064828e-03
1.484955926203708823e-02
6.349288870819123909e-02
1.631019120160022429e-02
7.102956757025322317e-03
3.203086815415111255e-02
7.350752025604327146e-03
7.780178178408225266e-03
6.701387598425436430e-03
1.372783524066706166e-02
1.513064414440949169e-02
6.489503668233186084e-02
5.534826346122425494e-02
1.068961589405946315e-02
6.806809437952588727e-03
1.304913077336345394e-02
1.217388766136843527e-02
8.174008482193621805e-03
5.839451473084135424e-02
4.745931482853363997e-02
1.295024153316574542e-02
7.766978663788005367e-03
1.494371194646675755e-02
7.465380445830917082e-03
1.267106024667477744e-02
5.709861165508692965e-02
7.697789916911729723e-03
5.395305825214134765e-02
8.397254275356237641e-03
4.701636005943549135e-02
1.486616338793395053e-02
8.166413386123493393e-03
4.601650837391065008e-02
5.337962465538662049e-02
9.012513229494492628e-03
6.141238964433686637e-02
2.721414792209552250e-02
4.924472192700532491e-02
7.314621927681016524e-03
5.918525577623957173e-02
1.097693450762095464e-02
2.312217831528123185e-02
1.082431065790176970e-02
6.008626984060418119e-02
7.935052384085742108e-03
3.110117466397777433e-02
7.173989366596330956e-03
4.191562280791670536e-02
2.001421368308900842e-02
6.033003124167523809e-03
4.814431319712279139e-02
5.754953055598351595e-03
1.554997193144167303e-02
1.011927438588548604e-02
8.035625452499190260e-03
5.305788649958945863e-02
3.407613197213401474e-02
1.042037780402044721e-02
2.025451509798276498e-02
1.662605223290378881e-02
9.186358934646017202e-03
4.274464655729325047e-02
1.021417631408368630e-02
1.263513981190226600e-02
1.942650825566514042e-02
6.129976500032155960e-03
3.095930530822356072e-02
1.672423276679558396e-02
5.681497016291575664e-02
6.190807990730271687e-02
1.291677305488570481e-02
4.471540954603706042e-02
1.208001987348132286e-02
8.214702113134112263e-03
7.861876086866045887e-03
3.107854780632746811e-02
5.825008826817738850e-02
7.051682389907823999e-03
1.337517621577889032e-02
9.383449527159462220e-03
5.218380115782441514e-02
3.621278541516237404e-02
6.612577291354385621e-03
6.321075042134295663e-02
1.242396971567876970e-02
7.657220236750358205e-03
1.288206014317054733e-02
7.216261517596971216e-03
4.771138528088627456e-02
6.946874974226626906e-03
5.142457782251179388e-02
4.166216116575791051e-02
1.265793183787040747e-02
1.172456937636246616e-02
1.359675987345608690e-02
1.398529517335953855e-02
1.093623225470773640e-02
5.195870914042463595e-02
1.355376706671856425e-02
5.032283119383060277e-02
1.434519299533749091e-02
1.443745217756261905e-02
6.015209756077367909e-03
6.198165684098880246e-03
1.264348100925029306e-02
1.294135344374588298e-02
2.889350752555357171e-02
6.032871894756385023e-02
5.241301106502940094e-02
3.213671167857523603e-02
3.177442257790705910e-02
6.599450780483245849e-02
3.865824366915341509e-02
3.801460617750670318e-02
9.083740048202261497e-03
3.561440803863401977e-02
4.034187919172030345e-02
2.591082606880061590e-02
1.039708434255573639e-02
9.364616034853008586e-03
9.242328943818885201e-03
4.433047109483655851e-02
2.105641997374063656e-02
2.049310890672109003e-02
6.786516253933480396e-03
4.574390579876370932e-02
1.325746874918699685e-02
9.207032784910617815e-03
1.453990312773996256e-02
1.491718862645885317e-02
2.271227279430595297e-02
3.469158289229411912e-02
6.616062653403101401e-03
1.437621405894947205e-02
6.611111333250303465e-03
3.033710664567991835e-02
6.220163087191891635e-03
6.188036390790983832e-03
5.929594939039137952e-02
5.312116600939099931e-02
1.431245442114947343e-02
3.887181675203699865e-02
7.685099997938574581e-03
1.144230047420217826e-02
7.505935423817601711e-03
7.830175141373088565e-03
8.107288377423263470e-03
1.476290600163080238e-02
3.291735963956942540e-02
3.206278023110640391e-02
6.858789207584648807e-03
1.194135025892850178e-02
1.581422066677186378e-02
1.770033044770488034e-02
8.405515966118369889e-03
1.377898791796368545e-02
1.390502785708999309e-02
1.442309873080756082e-02
4.850302830540304672e-02
1.835339105510726612e-02
5.403898908945104634e-02
8.290260718480386981e-03
1.155834083753104827e-02
2.447092135257691869e-02
3.065591021022080753e-02
7.876802885315982439e-03
1.404644751986522909e-02
3.183244665064106915e-02
2.931081831892691156e-02
1.408054002523843017e-02
1.437225987060358930e-02
7.356192994113244094e-03
1.608744814155692315e-02
2.278335800474503778e-02
4.091408169723251970e-02
4.457085194792709953e-02
1.334940930793863077e-02
1.524567339414321064e-02
7.127384164149801020e-03
4.788708554632186559e-02
6.313096714393059972e-02
1.287965656025581718e-02
1.250572077251691124e-02
8.429359805400118977e-03
3.808923932851229072e-02
2.156087898424524987e-02
1.419247720929979820e-02
1.009082721833065750e-02
5.406240150484342699e-02
8.002102899317173335e-03
3.576810039164019656e-02
5.996552103421831648e-02
6.304835582737425975e-03
1.436326732288461215e-02
3.177251419124443865e-02
4.215985124331098760e-02
4.390325527531294819e-02
7.585021265376939124e-03
9.309314690893135194e-03
8.835922263312704500e-03
1.504117242942936555e-02
1.265839974885503254e-02
7.470997519966125766e-03
6.049678774672026527e-02
1.478175801685732357e-02
3.294606104003297564e-02
1.138192114541531144e-02
1.679738456355412551e-02
6.381409837391102680e-02
9.414571757839690358e-03
1.742301476022962287e-02
2.367026342807627970e-02
2.830662513925126869e-02
6.401275952457306274e-03
6.795488490426511603e-03
5.151947118502431949e-02
6.801379140071602512e-03
1.583064781158724163e-02
2.065225238068558317e-02
4.283166262864383789e-02
6.878078313032618199e-03
5.639485369012677690e-02
3.155278035633440198e-02
9.168683583548329838e-03
1.324885458663029557e-02
6.521274224370147976e-02
1.272289870071761052e-02
4.280551866638832720e-02
2.353148760976681714e-02
1.076615465564140228e-02
1.138504488346218750e-02
4.087387098249812417e-02
9.187866466535405188e-03
6.414852444330959580e-03
1.315654022834448177e-02
5.590452065729116515e-02
6.618855333189587777e-03
6.824109776510542576e-03
2.118763282363531758e-02
1.350270848125991081e-02
1.138994680179844510e-02
7.505568160374389772e-03
7.544365646272793886e-03
1.450887704536344205e-02
2.358942872243919089e-02
9.623448514226414646e-03
1.031132492302750878e-02
6.161299572393694364e-03
2.712328192421075562e-02
1.488251487924706004e-02
1.024340052567620021e-02
2.519757796204117814e-02
8.231498698036484804e-03
9.668608102843759960e-03
1.449746041869603638e-02
1.124788647507312181e-02
1.370538055112320575e-02
4.240093860529224601e-02
3.655614666785440836e-02
7.517756072802569099e-03
6.288793726503634149e-03
1.608354949552621288e-02
6.786316216163401985e-03
1.198354037480550346e-02
5.879167399031393071e-02
2.766078643684474064e-02
1.043254816650381923e-02
5.160936375478783478e-02
8.659759045987674986e-03
7.670292952918895263e-03
6.287061578156985867e-03
5.934240595766441390e-02
1.697482115326487753e-02
2.830509252255062821e-02
1.163924232794737168e-02
5.742188730917241468e-02
3.635697230862027646e-02
1.062327607863607082e-02
6.356759607793830910e-03
1.240280267556643189e-02
6.736802385785122665e-03
1.390513534694646537e-02
7.302313882521003705e-03
8.052579814826529847e-03
6.026986663066833880e-03
8.745706056081109167e-03
5.768650374115221607e-02
9.633652998457791633e-03
3.758370367756580510e-02
2.351559579294352359e-02
5.764708436742155273e-02
1.359440096343120935e-02
3.270153969314478631e-02
1.296890592093144674e-02
6.252117921077225519e-03
2.715450742104041915e-02
5.453255243082116843e-02
6.433043378745719083e-03
6.025716996010910438e-03
6.008535244609036763e-02
2.397871562866775094e-02
2.341678236320094558e-02
5.216291212509169967e-02
6.397631211430407361e-02
4.626548265423557904e-02
1.086817971174966133e-02
1.031268851018598762e-02
3.612037645700351407e-02
7.699523396317175042e-03
3.072209655538598108e-02
1.378463199206804261e-02
1.585025505585888408e-02
1.276895227669690852e-02
6.040243623741305828e-02
4.062750491151046611e-02
4.024743546021409407e-02
6.141941092399531843e-02
9.510186220359369974e-03
1.297729714135781136e-02
6.302859870360721928e-03
4.484860904448282476e-02
7.447691175420174253e-03
1.479693232905020944e-02
1.000000000000000000e+00
7.922253451191331453e-03
6.171392434337063387e-02
7.169769128338368894e-03
4.103568597141829533e-02
6.807767698276460250e-03
6.197954640537021304e-02
1.312840190077544343e-02
1.448063608422675216e-02
5.224029070109883349e-02
1.295590474785301982e-02
5.634137310732493381e-02
2.459161663679177573e-02
2.005117932789476573e-02
7.291849958255340949e-03
2.243832515996417240e-02
1.262401543377644243e-02
3.974835402945336993e-02
1.292344286708129418e-02
3.728663099090558791e-02
7.234358123994754329e-03
1.147619413882034617e-02
8.492718509707831293e-03
3.217534040270099427e-02
1.216333197189374896e-02
4.125819088925448963e-02
1.137131701954510916e-02
1.411655547187768908e-02
3.629974101949495074e-02
5.687036519374430964e-03
5.346995710556004533e-02
1.473358966327058955e-02
2.784747067909129972e-02
9.092352344810169726e-03
2.978597493156439832e-02
4.017794886151824368e-02
6.239521013833943149e-03
9.632931187137969142e-03
1.161132343383958383e-02
1.111555134509488452e-02
1.151355462739163740e-02
4.939032405050688967e-02
6.987057432457323067e-03
4.070024509241692429e-02
2.705344133452043318e-02
1.818487878965496796e-02
8.309714954560959085e-03
9.662491262544892559e-03
1.086211880588509177e-02
8.993481382591447457e-03
6.462146709617749840e-02
7.059922245259996065e-03
1.225308194810090928e-02
3.428062908495402294e-02
8.650662735376325740e-03
5.875624605218161128e-02
6.922267924001330487e-03
5.199421539526206948e-02
6.173791204797599540e-03
3.100779500772205682e-02
4.884380531384577284e-02
5.242644204101643696e-02
6.276764775182588907e-02
9.426476794641676718e-03
1.133586131526979207e-02
1.039765548028738149e-02
4.752778677213120168e-02
5.454806500452469981e-02
1.080708099314835538e-02
3.322968320643322759e-02
3.298254872140587990e-02
7.621062404107841436e-03
5.771303439218614800e-02
3.765942828816408461e-02
9.860572117840454148e-03
4.773219299924708059e-02
6.493064687795333488e-03
1.053816354849426012e-02
5.694938906724600347e-02
1.480162679920955272e-02
1.430471220539703686e-02
2.119453563281267078e-02
1.326082136339524695e-02
7.929883550343481274e-03
2.453875315276247970e-02
1.103466011900255603e-02
6.829911845805601914e-03
7.884556064319739668e-03
1.651254462649375671e-02
2.664805600255481036e-02
1.487057900783146473e-02
1.416208283171285255e-02
7.864442746023110609e-03
6.290059048188343695e-03
2.409004744913714399e-02
2.486442791290843085e-02
1.612706067395063697e-02
3.831011633743075517e-02
1.482128092605664721e-02
1.171496797858662120e-02
4.487911928625745728e-02
9.450869940897277388e-03
1.432813516082417395e-02
1.242405347437868478e-02
1.207540314532555906e-02
9.426160723324255794e-03
8.823359822693378068e-03
1.514080099569357560e-02
4.504308304452604023e-02
3.100133705138330767e-02
5.094171666725430536e-02
7.884515726978078357e-03
1.156366825434603646e-02
4.682777324554850823e-02
1.417961302687050472e-02
5.987890008052434293e-02
6.994795699371736571e-03
1.529777318300946758e-02
4.409652577728493533e-02
8.131428261860003739e-03
3.277986541930454079e-02
7.573638633564889512e-03
2.675463097424937362e-02
8.186591880643518185e-03
4.635687424949841429e-02
5.463384294553304266e-02
1.306057266648009106e-02
1.226718766747544355e-02
1.810787765169183036e-02
1.022755024494582943e-02
3.870006011902374365e-02
1.396620235680223580e-02
2.935211903738611447e-02
4.686087849972090519e-02
5.837577040279753882e-02
4.182645318229777365e-02
1.541980064076596026e-02
2.798296507099450048e-02
3.357994338197362733e-02
4.014137945708205757e-02
4.422366956502241098e-02
6.018450294183114169e-02
1.403931690016991043e-02
4.308612070420009266e-02
1.500401130177147352e-02
5.142980863136941555e-02
1.910188182162374584e-02
2.259261028611229960e-02
3.963340262990162205e-02
1.084091993288019418e-02
1.191211827487080079e-02
3.617840839216632937e-02
1.356228334417007401e-02
2.909403644154064106e-02
1.944934449683547589e-02
4.156266617392252727e-02
6.560146347906721867e-03
1.282483662963104266e-02
7.987841558540886150e-03
1.252206760858259882e-02
5.856397588386028780e-02
3.287257639203368387e-02
1.123834678372329088e-02
5.841232687833066567e-02
1.231631874012310487e-02
2.330456807161580823e-02
1.000000000000000000e+00
6.544643733205516428e-03
3.567013331747777988e-02
1.223957727530468852e-02
4.190481461355960446e-02
1.316937154884670162e-02
4.554823233930829773e-02
8.047187144289988728e-03
8.624119210308619013e-03
4.984421608665726838e-02
3.504702830077228992e-02
3.415348304604868407e-02
1.560450478563909713e-02
1.536294541461887507e-02
4.062000726533099293e-02
5.813038587539159224e-02
1.161807432483935240e-02
2.770650978665336814e-02
9.830742105937465350e-03
6.076108859510909177e-02
9.383089626911951878e-03
1.229458421992123997e-02
4.991594058506586967e-02
9.615741927023628566e-03
1.161764417478167340e-02
6.076557352734706513e-02
7.544291677607709370e-03
1.000000000000000000e+00
1.080188532471955225e-02
4.292999254768901235e-02
1.375757718671482069e-02
7.171335053720211475e-03
4.382936063668464027e-02
6.087006050949722580e-02
5.235727188532749571e-02
5.754613073167127307e-02
5.063200706107142540e-02
7.067706380067268444e-03
3.534302193897884831e-02
1.468288703860851259e-02
7.933136771731677181e-03
1.035519340019935841e-02
3.156233381510983177e-02
4.721411049265716170e-02
3.353281971189928101e-02
2.259441659246128400e-02
8.388716371092517013e-03
4.504628916174144293e-02
2.193340077397863686e-02
2.729624508576919406e-02
6.274585532476297488e-03
2.144734963432477076e-02
1.437592061273352227e-02
1.927502103462554531e-02
5.661167119273576714e-02
1.155271088911841854e-02
2.891991918947981605e-02
9.636261766375555163e-03
5.117057683514465022e-02
3.685878862992289506e-02
1.474813211354073471e-02
4.447504257119565957e-02
6.465833365977149971e-02
7.543820081152789042e-03
1.475464059298675287e-02
2.303237314532379648e-02
5.594297526214387500e-02
2.252644469647460679e-02
6.500373289140887710e-03
6.395025885710955461e-03
1.429546533667496420e-02
2.398719181701852721e-02
1.785208341677990695e-02
1.231079186971478258e-02
1.648572100528379950e-02
9.580189776425489245e-03
1.550876969633324144e-02
1.113975197736010933e-02
2.472945629539787318e-02
1.355613972689347253e-02
7.418885847933702482e-03
1.349025375379463154e-02
1.260108870483838198e-02
5.238905796633783196e-02
7.616639710203721922e-03
1.103847046335302597e-02
6.192192035572355834e-03
4.989603366565117937e-02
4.419139593267696481e-02
1.458523202400119866e-02
4.743740816807746202e-02
2.455837191912934106e-02
6.224759527744884446e-02
4.757871734218062365e-02
6.132862637905460435e-03
1.174455594053405889e-02
6.290710516698976712e-03
1.466274724411779223e-02
6.205292962828186376e-03
1.072619437593358427e-02
1.470822725482945348e-02
9.070671660888927554e-03
8.276878530936690112e-03
2.400392908162039471e-02
3.504084678381793466e-02
3.171327651903269734e-02
1.469971640917399659e-02
4.017904786206052264e-02
6.176815522970478811e-02
1.290415010284290225e-02
4.137403865448672363e-02
2.741159711444980662e-02
1.445226895992569177e-02
3.913064553853454891e-02
1.566377193935721696e-02
3.516592219241274075e-02
1.263595729277202165e-02
1.492372094227238134e-02
1.124373580235082590e-02
6.215030356310773281e-03
2.062720141522057793e-02
4.674715322279672514e-02
6.776517010754164183e-02
2.892752560560201552e-02
4.268093086995677909e-02
5.050781020026622742e-02
6.535030631805716084e-03
3.798494977978799508e-02
5.311199628819469887e-02
3.515188760270704371e-02
1.399346379168512136e-02
6.341572095027230190e-03
6.010537730438183374e-02
5.746167364866303778e-03
3.219555306152038776e-02
1.184748830057960264e-02
4.816510388957267325e-02
3.595854595287583527e-02
3.915404212238244447e-02
2.138856102556406513e-02
8.037302224500792597e-03
6.566900988458250661e-03
1.319649070164266060e-02
5.337847639634282770e-02
6.726596072581737806e-02
5.533879335043725284e-02
1.123456487998306455e-02
1.378457196113330382e-02
1.392761023264633274e-02
7.746327268417881572e-03
6.378480863121142874e-03
2.498872943335045047e-02
3.606431811997459769e-02
1.453250759011614004e-02
6.968592355539070422e-03
6.353956677714048956e-03
5.650693311576989591e-02
1.568890651545466405e-02
1.072558565902251466e-02
1.223406626399775772e-02
3.424064378745270837e-02
1.357371107397200606e-02
1.364333412129590216e-02
8.974317452516622148e-03
2.275607702809386360e-02
5.454793978939864729e-02
5.019621985555802052e-02
5.883456855955435105e-02
8.738496961371126914e-03
1.470873587449770398e-02
1.770972451575709636e-02
1.379475512284323614e-02
8.819554195722721299e-03
4.443913371799412121e-02
3.416220233695620861e-02
5.999878553733223319e-02
1.456936925969704900e-02
1.189132707276667478e-02
5.786347101074417604e-02
6.894364436447689669e-03
3.865167701974828868e-02
1.486774426681065041e-02
4.208620892426422760e-02
3.070338117593274935e-02
5.453026063647186533e-02
1.527189774992577728e-02
4.804219622089558189e-02
1.023154246879691767e-02
4.195990060123827581e-02
2.980081606081680032e-02
6.810500172292538457e-02
1.039979729663755015e-02
1.488441608790401494e-02
6.683240501298804565e-03
9.598453512213476341e-03
3.901264857415800286e-02
4.829568806371564715e-02
1.650865507896452991e-02
8.194216448911079143e-03
5.721970732534671644e-02
6.685926905135249759e-03
9.937998666672030051e-03
1.128991378953795796e-02
1.578247252145013879e-02
9.608226770435823738e-03
1.881768094002341657e-02
1.986838697814611102e-02
6.113465805298098216e-02
6.419768817406322492e-02
2.616413071774948904e-02
1.361313528622722785e-02
4.157959393663569064e-02
3.587028771521131448e-02
8.143281350052331349e-03
1.209142510897350149e-02
7.594638204511598538e-03
1.064849249099363362e-02
4.659173548714101026e-02
8.142358026395226864e-03
8.885046350873901724e-03
2.183306926119502056e-02
1.094010117787962491e-02
3.963663978644225289e-02
2.805422219417086360e-02
3.183818047714002258e-02
6.394371301571596944e-03
3.773068033595949194e-02
4.712861230142236652e-02
4.337070774548681257e-02
1.544765127505210757e-02
5.056370739060115499e-02
1.220640694816471118e-02
4.333864455708115460e-02
1.301389195433528580e-02
9.456795187747243578e-03
1.240716269800542365e-02
8.595897817865965837e-03
2.504576949830536817e-02
6.558892888912820282e-03
3.132875897553805133e-02
8.917283746481576012e-03
1.382280905124495113e-02
1.169750475785170767e-02
7.442009882579652888e-03
3.552719259220818437e-02
3.373221533636053954e-02
1.969769144378974435e-02
6.365447305299854613e-03
5.419986036973588328e-02
3.453066758681151011e-02
8.146642854934419212e-03
3.628223650908216774e-02
8.980398148703140626e-03
2.685039345757899917e-02
4.330326253264759478e-02
5.368340767495516364e-02
3.250335286957640318e-02
1.514370172078196262e-02
2.282891769287642009e-02
1.262120854927824970e-02
9.928954101480180414e-03
2.276987064454804796e-02
3.207151860422446238e-02
1.236333357861289436e-02
2.277185572048378778e-02
2.242479208601881949e-02
1.586185993903733299e-02
3.818401872647786410e-02
1.134804631505759685e-02
5.140093701191873060e-02
3.407056248564566819e-02
4.424510645133855613e-02
3.484179207392908845e-02
4.335849817234494613e-02
6.179362792704288371e-02
6.240335497978245945e-03
7.839669835699510092e-03
8.334332285892523048e-03
5.718576846197612196e-02
6.818999565983509259e-03
5.803198525542382913e-02
6.800552253834250827e-02
1.454354983363479251e-02
1.531642037707645586e-02
4.839872820655792551e-02
1.840835114385632951e-02
6.092734080567136987e-03
9.333354329835777050e-03
3.979204511080931123e-02
5.049467234600051729e-02
7.472996747896826913e-03
2.816607999092341635e-02
3.919124420990822283e-02
6.920434977315057488e-03
8.328725618713004805e-03
1.257053334046209260e-02
3.027085648432596351e-02
4.446832071644250817e-02
1.060439805612476555e-02
1.119052800551723764e-02
1.486909521113813880e-02
1.530624174745553491e-02
1.473265440437372675e-02
1.448443991500075745e-02
6.856359084932020856e-03
3.054559955346239711e-02
5.849468650524628985e-03
7.436362720810037706e-03
1.473789677149065988e-02
2.429645692641638904e-02
3.498391988994675045e-02
2.586662702235709502e-02
7.796530849934217924e-03
3.496499424851366028e-02
1.193598945327756580e-02
3.493669905844513923e-02
2.713042391921573204e-02
7.474397516997898297e-03
1.080853857318504405e-02
5.332518666439955285e-02
4.148956788846847044e-02
6.162074256711214809e-03
2.206839206989795812e-02
1.192376588731199061e-02
3.938772037714003554e-02
6.201628546559067451e-02
8.979845479045693926e-03
1.087638238904616896e-02
3.569284142485494582e-02
7.625906412503840118e-03
1.326184830008210989e-02
4.814930088645781592e-02
3.799247194181350207e-02
1.357175488092450533e-02
8.308584758415090213e-03
6.475881495188191839e-03
4.468686030556742045e-02
7.084222782466201469e-03
9.239462745496166904e-03
5.839892116337688094e-02
6.965869624360292167e-03
1.382219960418644249e-02
9.060457832065077488e-03
5.828473872223092350e-02
9.459663676707032523e-03
1.950899268363337838e-02
2.161182323607832231e-02
4.286767686402753741e-02
1.360167873374857131e-02
5.708082838988504104e-02
5.135481375369571611e-02
5.396457362219034964e-02
6.546823481204315336e-03
2.971004817465439790e-02
6.505139159447261010e-03
6.214838020667636659e-02
3.021200327741500880e-02
6.643622898240569841e-02
6.999011393489251893e-03
6.180278398581375704e-02
9.129109843928994231e-03
9.021820066828003040e-03
4.781457221108897232e-02
2.040523297615933970e-02
1.423115719236717029e-02
6.390790075395468006e-02
3.368635314138971465e-02
1.435662182302863306e-02
6.589693452170630739e-02
2.254495768648657680e-02
3.085591311070473575e-02
7.523035126335330183e-03
5.508345553188102872e-02
1.346491935612509003e-02
4.419663472824294365e-02
5.019873679862444510e-02
2.154794675522424957e-02
6.848003607456069897e-03
5.830860513746310980e-02
4.863413468041734300e-02
3.521379824028832844e-02
6.834382566711205698e-03
3.833906630263933524e-02
9.909956586791829683e-03
8.751396755297950747e-03
3.250842298406125819e-02
9.920480711102810933e-03
6.504777967044355833e-03
6.631513334079868274e-03
9.213740623892317794e-03
3.090351949555646474e-02
9.746103923026905660e-03
6.238652461431879598e-02
3.707965363256433139e-02
3.697431582503951653e-02
4.432554555985135369e-02
1.071491295889052085e-02
8.799221410627798556e-03
1.761413978594211435e-02
5.259516203221015901e-02
1.929677623307969603e-02
1.294396004984961490e-02
9.461092692969550605e-03
1.320713485092020814e-02
1.638108475525002980e-02
1.660048288709534831e-02
9.736564435349891189e-03
1.721551079060632677e-02
7.822309814023731614e-03
6.267247186790675904e-03
1.787888915041871418e-02
5.134325039329404317e-02
6.162038372256721866e-03
6.652788609920051721e-03
2.705942851932192569e-02
5.753382432285083364e-02
6.263057786942021789e-03
2.445757190519329966e-02
7.608854889776708007e-03
6.069234902390434686e-03
3.732420183990250301e-02
6.279857221709823911e-02
4.531496269529043663e-02
5.269967953268176603e-02
3.439427296253731725e-02
3.403108570517153486e-02
1.056400451307993107e-02
3.000795287683786713e-02
8.875506769012931479e-03
2.846673368609215285e-02
1.247926484315109441e-02
1.424104036007125054e-02
1.400790958427168380e-02
8.068125873335565967e-03
1.634264827715132401e-02
1.625728831138051680e-02
5.872529045951859622e-02
2.651529780872700914e-02
6.114436975851030714e-02
3.915486633220011808e-02
1.253710421951676098e-02
1.590945438845188520e-02
1.439062163130781780e-02
5.996722462777926560e-02
8.339446079517821506e-03
1.427039825394101069e-02
1.110716931739374330e-02
1.076265595167060288e-02
1.910090969629976709e-02
6.442027667061967638e-03
4.800414061805559351e-02
5.009864485545569707e-02
1.510844118578682192e-02
7.673005666755150327e-03
5.606153824150351961e-02
3.833923570659395624e-02
3.434682653604806402e-02
4.703370247954181266e-02
5.655219835819898233e-02
1.353271357079173509e-02
1.466745592982393598e-02
6.716115161478910037e-03
1.505802083665115469e-02
6.125121458982405592e-02
1.091213412661130519e-02
1.330868990972456679e-02
1.151150777401653384e-02
4.588256311235899831e-02
1.643324843538898627e-02
6.632877114910121046e-03
9.075134949910254947e-03
1.021963968632595698e-02
6.951165549841065161e-02
6.357458865568589752e-03
6.388668372022308049e-03
6.340853768894803844e-02
4.581855686118361387e-02
1.261751148386975295e-02
1.097443168734738191e-02
2.561140796114172100e-02
4.738560183696798045e-02
5.853780666059334864e-02
2.142482442555219274e-02
6.167944424199710805e-03
2.010592409028178276e-02
5.067421313937568034e-02
1.322867108747905439e-02
5.013676319705235446e-02
1.416191536895633832e-02
4.160075694949631059e-02
5.720104559617764789e-02
3.340363488646521523e-02
6.469759765086016516e-03
1.229189512265134974e-02
1.422397126499373894e-02
1.317067116002582604e-02
6.644820263395679466e-03
2.217622846193418110e-02
1.034087797325447533e-02
2.029703695065995100e-02
2.973769872065816847e-02
4.974277302009536689e-02
7.487408029402629721e-03
4.255981423310607747e-02
1.136149932217850669e-02
1.496399838956114121e-02
3.722920013469932510e-02
1.018976241940420212e-02
7.296414004818969207e-03
9.344084052297451856e-03
5.250830258124430938e-02
2.115492508795755594e-02
6.440188977801979478e-03
9.598914725407982004e-03
7.292048812201737916e-03
2.635774707795867852e-02
1.455760559413272169e-02
6.458505725432822642e-02
6.668794406200164240e-03
1.242435576169311807e-02
5.971931084435830317e-02
1.056994436846396719e-02
1.483772426637844366e-02
9.991147413779068870e-03
1.227084958519907877e-02
3.853055492612897370e-02
3.060056229205605771e-02
8.126369136951026514e-03
3.383959198487447584e-02
9.753834919635469627e-03
4.729706025883444881e-02
1.155070006685461961e-02
6.224712261881114317e-02
2.274944867535593288e-02
7.494732616413755585e-03
1.699791340591303920e-02
7.478355920932669432e-03
5.617506041976608883e-02
2.211435254876703213e-02
4.580311782598246034e-02
1.406225825451681150e-02
4.920860795539814397e-02
4.615839180397886266e-02
1.587424291231439785e-02
3.068897717357954233e-02
7.863372579550519104e-03
1.743943813755815392e-02
5.479760425120253770e-02
8.437932031762006638e-03
8.770976914388059834e-03
5.780552199494862209e-02
5.340353695295824155e-02
1.233651968554564174e-02
1.832535454524329005e-02
8.802621004244877076e-03
1.329942789049037843e-02
4.657925262867238653e-02
6.571085884251313611e-03
1.338982772535224873e-02
6.529184013555173853e-03
1.472850222776312529e-02
8.548143021432884348e-03
3.767017349845815793e-02
4.891198828892551198e-02
6.853747085004856764e-03
2.148551780565835512e-02
4.834403735999799612e-02
5.808115268770799866e-03
7.911514706426064913e-03
7.487655886313171472e-03
4.129524596107285450e-02
6.498080164048423112e-03
1.063090291009370116e-02
6.449575831892200017e-03
2.052966909697301334e-02
3.752295703882191358e-02
4.032791146093363949e-02
5.548075200307046179e-02
4.786884083117741440e-02
6.792845007975834015e-03
6.477942954021664174e-03
5.421536414896097750e-02
6.238577209329450833e-03
5.455324213869084532e-02
2.689375444022210418e-02
1.245603599648384581e-02
4.869607428381832193e-02
5.529071198763886585e-02
1.441546691866497400e-02
5.052087149329132637e-02
6.322733154420531743e-02
8.618730702163197172e-03
4.036970330968903120e-02
5.977655432318105914e-03
5.354691270862795005e-02
1.126810294287721240e-02
3.418307810589481938e-02
1.258471784099435449e-02
1.437182594691762370e-02
3.720534368977912454e-02
1.091101707421623240e-02
6.827107754577154894e-03
6.369074212036590632e-02
1.267524172067881379e-02
7.239707702423081245e-03
8.148646649322938140e-03
7.167272037439046360e-03
2.393813778222343355e-02
9.019191284308801515e-03
4.995727042961519565e-02
6.632961982210407344e-03
8.588544601989892002e-03
1.199874559444479884e-02
2.336120767816202148e-02
6.422498004079313719e-03
6.781154668983136423e-03
5.847345419344955608e-02
6.309108783194762593e-02
3.043771765830901449e-02
1.221895297463890945e-02
1.260421982097376450e-02
1.674023788064622417e-02
4.058663522535158052e-02
1.053889389946581837e-02
1.199434314903506833e-02
5.916089372141175584e-02
4.440234685419908178e-02
1.634190050892957158e-02
5.571235549092972555e-02
6.507646015377841105e-03
2.852373437698422359e-02
2.685397061056290016e-02
1.535684338803418314e-02
4.925097623251210172e-02
1.643285824649904497e-02
1.074689240224886363e-02
9.576547717034256113e-03
1.159112749043599705e-02
4.119140482344586796e-02
6.606031036601844007e-03
1.410637034504866848e-02
1.334839438195030079e-02
5.092496577327623036e-02
3.208789145682333643e-02
2.068566190737494009e-02
3.239277787338711717e-02
4.172705075173550882e-02
1.353701000966913565e-02
4.328552737444005261e-02
1.218997464876238161e-02
2.096641984270973189e-02
6.607775866833969815e-03
1.641337392526101210e-02
8.332886765911753577e-03
1.013483452499056199e-02
2.826011215576310076e-02
1.389833561305332116e-02
4.810733110631842946e-02
2.035364806878573254e-02
1.849062244816526007e-02
8.655640364986130764e-03
1.392525449574636559e-02
1.481191107855288694e-02
1.492780478807818369e-02
4.559520947971149735e-02
9.778169758584129290e-03
3.119446321536430144e-02
1.207027270690387566e-02
3.134473109324741047e-02
8.663376980451881551e-03
4.310487647370746939e-02
1.688420713041085403e-02
1.054522529699484894e-02
2.341866596304285897e-02
1.362473975436780289e-02
1.616971310037937717e-02
4.514650661045604280e-02
1.566527591565791688e-02
1.036302023693454200e-02
8.338252547048253041e-03
1.074765439419547025e-02
1.090261980713078463e-02
1.433848376579923735e-02
6.435554161107340243e-02
2.489396608674658562e-02
4.643316792289958056e-02
3.012004324811580480e-02
6.155826716710701731e-03
3.458010453248617361e-02
2.073483587913979923e-02
8.537503672277834202e-03
1.956237577886683204e-02
1.415861261800903902e-02
1.113003734920524346e-02
7.436113148621028082e-03
4.453217785813553403e-02
3.109596054659980596e-02
3.896837789824957737e-02
1.037518955858868393e-02
1.180602479542695177e-02
1.486133489061201851e-02
9.175878678803785909e-03
2.629596197395680721e-02
1.648148351844164194e-02
1.377736829858767185e-02
5.427980996079777298e-02
1.391909147582932188e-02
8.952089498714841873e-03
4.254888783566271315e-02
6.481193246285128252e-03
1.849439053406334160e-02
3.743290856087262697e-02
6.126187210851013337e-02
1.845395861396303266e-02
1.128861380502515187e-02
1.540096798929573019e-02
1.525534987899837547e-02
2.897395713992196448e-02
1.573528839778283797e-02
1.594878311110874136e-02
1.266887445045301527e-02
6.217124967198051771e-02
1.120388538209645714e-02
1.181351111836171329e-02
9.595390950150042494e-03
1.038454004048775837e-02
3.600440695382102485e-02
5.636264657711248516e-02
5.048518847306898705e-02
1.598775326375994829e-02
4.828329630047208110e-02
8.285235500535266182e-03
5.470605988111484907e-02
6.537244806470961234e-02
1.165645541140325307e-02
8.137678676674161768e-03
6.846633761376752850e-03
5.936275004822771061e-03
1.059363702063751030e-02
4.804370037538253924e-02
2.167592326618894907e-02
1.511672449228868009e-02
7.848481520933156888e-03
1.506885581562781261e-02
9.228845665029737286e-03
1.492982593470621074e-02
4.408630389899257512e-02
8.777726968060313786e-03
6.745308930028484987e-03
3.786751695515148952e-02
3.795281143077271213e-02
4.706291857056601330e-02
3.336299597796318905e-02
8.705169147622954240e-03
1.257930534568946386e-02
1.546686883938661917e-02
6.220558463406149555e-03
1.338092676999794346e-02
6.766592772319041278e-03
1.129128549924612868e-02
1.169339108791092249e-02
3.645572435388747673e-02
1.645768575470770920e-02
5.946550217924251661e-03
3.387142647008812429e-02
5.249649852586835835e-02
2.630767464088475116e-02
8.075153363789378674e-03
1.272997837016663115e-02
1.688199059273199146e-02
1.299595983280584302e-02
4.963894036988365094e-02
3.087438655474424032e-02
1.447684648882385100e-02
8.385703912083510708e-03
1.047937928191176697e-02
4.694458877397659352e-02
1.321184828482674552e-02
9.099226274108314361e-03
4.083116730568829567e-02
7.967117148804566881e-03
4.747358389380425953e-02
1.537436563208160675e-02
1.533782448374975890e-02
2.081977617414770484e-02
5.781879661440128548e-02
5.434788114665520253e-02
5.528100471670665400e-02
9.214822999457606204e-03
4.554533306221919542e-02
3.507035938261190283e-02
3.667148157181068097e-02
1.064821087822621221e-02
6.149006598018012110e-02
5.212066478413380360e-02
1.062209495181326221e-02
3.792068198967007281e-02
5.141200772111585021e-02
7.812612692586692886e-03
2.944549783089149900e-02
6.399291151410790857e-02
4.238679124202805737e-02
7.303305934727631621e-03
9.029204161553830085e-03
2.673920378223436020e-02
3.097210095899042420e-02
1.457857844686989701e-02
6.487310842655288901e-02
6.056321502770716479e-03
2.232677530436684432e-02
5.247937448181377862e-02
4.444147864318157004e-02
7.507994115219985935e-03
3.136266893512218434e-02
8.042057124543158797e-03
2.705314290401938590e-02
1.232104387393379193e-02
1.199538813750787927e-02
3.083403636763807146e-02
2.659835502633681181e-02
3.350149279883165437e-02
6.896588190494354169e-03
2.837073065934104035e-02
4.530436779150249366e-02
1.747681400174863620e-02
4.860238001883264436e-02
1.359657068398123676e-02
4.294741366992596565e-02
2.469583251433905835e-02
5.431439742205781962e-02
1.800504273788295848e-02
5.800855429837990102e-02
1.543134153510941978e-02
2.909727062635488609e-02
1.389160875764007194e-02
7.000596346009206952e-03
5.818370580051600294e-02
1.994988117150810550e-02
2.396597011448519873e-02
1.368403323257478578e-02
6.983012174511410777e-03
1.290637900766063682e-02
1.432420682833306959e-02
2.044871772163932289e-02
7.335760857979268558e-03
6.819350876544305606e-02
1.247238802730179889e-02
6.624772471630672142e-03
9.160121106107534453e-03
5.587086962724536338e-02
9.348737467010596186e-03
5.979373297191276776e-02
2.174684831546098290e-02
2.309771892319003803e-02
5.244114041010113775e-02
4.925142003405949542e-02
2.826546378216757138e-02
1.033915205520555616e-02
6.257172093341071932e-03
5.294853974342440123e-02
6.315964179008730882e-03
8.185528863180378811e-03
2.799480411668973934e-02
3.346474656726169949e-02
1.646495052622659952e-02
6.217168179444643172e-02
7.834124507227369083e-03
4.226214663495043294e-02
6.643334102731873227e-03
3.617210919359912374e-02
1.391518272610811624e-02
6.185974650503764383e-02
5.989242371800097137e-02
2.824257169789043051e-02
7.339282215041026576e-03
1.161429900234669382e-02
9.047323656170917425e-03
1.442646446330274682e-02
1.026803548432365758e-02
1.030058219615296797e-02
1.426071161911831621e-02
1.455451862002681875e-02
4.165340878102594818e-02
1.441317308118543992e-02
6.405826332490974738e-03
2.044594513738494032e-02
6.010217589623888940e-02
1.201944896809827718e-02
1.349907029134133837e-02
4.967740888781257969e-02
2.629867619221773825e-02
3.355744490931503871e-02
1.222865886270430198e-02
8.907968396199275260e-03
1.452206986726528593e-02
1.476819154105775585e-02
9.049300940712750457e-03
7.321364607819022020e-03
4.893920077364399823e-02
9.281753839162834932e-03
5.716536077771270513e-02
7.931219587015109901e-03
5.093948559761512368e-02
1.000000000000000000e+00
5.241398955460312148e-02
2.178843060424596675e-02
6.476441260255769161e-02
1.586948840485699272e-02
2.854729331568585035e-02
3.338410293649515803e-02
6.732806823555209305e-03
2.413793108531330986e-02
5.766353744998936603e-02
1.205758733777408283e-02
1.411875859470236756e-02
6.828628326717412454e-03
1.034949541859091389e-02
8.496598688502110530e-03
3.261002221287080671e-02
7.466285192500839510e-03
1.595549515132624330e-02
3.640587327940467133e-02
4.896238677421658331e-02
3.967651799671043783e-02
1.625518444872745688e-02
1.548575695173220329e-02
3.875154395985312694e-02
4.588582032119297577e-02
2.636673035952747518e-02
9.669567436462340668e-03
3.249033537760426249e-02
1.209181216245869446e-02
7.756369611681974974e-03
3.432666978188374934e-02
4.732846744579004977e-02
4.424602952355750213e-02
3.944650934865681635e-02
7.526290587593019964e-03
7.012991090892784288e-03
1.139731150552454088e-02
6.350405478942354465e-02
2.665297190304886932e-02
5.423366498033854038e-02
1.112042290127635696e-02
5.718818879069804267e-02
3.978556517169647144e-02
2.280031449176474906e-02
2.200780937988802699e-02
6.009987815193329995e-03
6.711314139419564777e-03
8.484969641057309858e-03
6.216327797017990459e-03
3.659610983765516218e-02
6.082956402854879097e-02
1.183696993701339496e-02
3.526914298213492532e-02
5.655040422493323032e-02
4.227238871408091347e-02
3.958566263437284655e-02
8.312719566372386154e-03
6.951249650078417802e-03
9.677968540184612653e-03
4.054548740284457525e-02
4.244996745142924632e-02
1.046654562142936180e-02
1.330713477505289857e-02
3.760778532144127412e-02
4.705024377566936061e-02
1.427484627847877725e-02
3.127155927151143572e-02
2.710521652654177341e-02
4.281342199559593636e-02
5.583313874963351242e-02
1.332200217894195099e-02
1.248136856037219272e-02
6.666256087566910932e-03
6.695080619382690924e-03
1.251348917511956212e-02
3.117942327195844660e-02
1.512893983065987866e-02
5.740386019100079951e-02
1.478724045078567972e-02
1.837042965036978989e-02
6.686393042902775974e-02
2.347256467202726848e-02
4.904737695449714469e-02
1.463741917391745903e-02
1.437074623691152186e-02
1.279472230454052964e-02
3.048299701331091613e-02
6.324871646296741957e-03
6.510234805220392260e-03
7.027993544387193051e-03
6.973831293171552786e-03
7.196005084617426023e-03
1.843611186325965628e-02
1.049736085386636548e-02
2.244850869400625420e-02
1.188918347870080751e-02
8.467983524381699628e-03
5.176736327019185874e-02
1.739408301632575787e-02
4.229498450758225475e-02
3.608724960408533217e-02
1.287908799813919196e-02
1.227240436541590131e-02
8.827084038349941944e-03
1.881318329427312044e-02
6.909737886251351817e-03
6.429594521874532585e-03
4.776108476487826715e-02
1.274879837807505953e-02
5.728337109019140255e-02
7.916769551653903697e-03
3.563309113803435346e-02
2.781528683210386654e-02
2.868398268179625163e-02
4.450607662477678445e-02
1.058145028273920277e-02
1.848030183579204080e-02
