8.772566951811313629e-01
2.056781193241477013e-01
4.029080481268465519e-01
4.508501808159053326e-01
4.552112142555415630e-01
5.423702490516006947e-01
4.542393679730594158e-01
5.085358428768813610e-01
5.039468691684305668e-01
4.473293111659586430e-01
5.120217166841030121e-01
4.473916292190551758e-01
4.390191771090030670e-01
5.323146991431713104e-01
4.484688187949359417e-01
5.373524138703942299e-01
4.001806080341339111e-01
4.510415680706501007e-01
4.146664221771061420e-01
4.527714098803699017e-01
5.391416698694229126e-01
3.627315443009138107e-01
2.283899020403623581e-01
4.942209776490926743e-01
4.508216562680900097e-01
4.533152990043163300e-01
4.514968208968639374e-01
4.528227178379893303e-01
4.460080279968678951e-01
4.503158940933644772e-01
4.459564089775085449e-01
4.508123528212308884e-01
3.854267499409615993e-01
2.128215399570763111e-01
4.095607353374361992e-01
2.049677949398756027e-01
3.500488852150738239e-01
2.809739368967711926e-01
4.300354141741991043e-01
2.145838709548115730e-01
2.301820060238242149e-01
3.377273329533636570e-01
3.748565148562192917e-01
3.240862386301159859e-01
2.331674578599631786e-01
3.537591882050037384e-01
3.270626850426197052e-01
2.171726147644221783e-01
2.727945982478559017e-01
2.904879171401262283e-01
3.363235760480165482e-01
2.311220807023346424e-01
3.300873539410531521e-01
2.818538970313966274e-01
3.303181119263172150e-01
4.414951149374246597e-01
2.302948446013033390e-01
2.155609163455665112e-01
2.296680710278451443e-01
3.442872120067477226e-01
2.281586448661983013e-01
3.978383638896048069e-01
2.318406468257308006e-01
3.092695088125765324e-01
2.183794658631086349e-01
2.285913405939936638e-01
2.298500346951186657e-01
2.289354573003947735e-01
2.302805371582508087e-01
3.624874339438974857e-01
3.184262639842927456e-01
3.324549347162246704e-01
2.729414752684533596e-01
2.255342109128832817e-01
4.325230200774967670e-01
3.361349273473024368e-01
2.321838177740573883e-01
4.228171841241419315e-01
2.923688646405935287e-01
2.845800551585853100e-01
3.624179488979279995e-01
2.317305989563465118e-01
3.978896993212401867e-01
3.361138948239386082e-01
3.330834270454943180e-01
4.305694410577416420e-01
2.310111019760370255e-01
2.299615340307354927e-01
2.952288719825446606e-01
3.517432012595236301e-01
3.446658211760222912e-01
2.285672160796821117e-01
3.253502841107547283e-01
3.098180447705090046e-01
3.344179391860961914e-01
3.360706027597188950e-01
2.240242217667400837e-01
2.226696340367197990e-01
3.080626609735190868e-01
2.157888910733163357e-01
2.287161578424274921e-01
3.633227050304412842e-01
2.313385652378201485e-01
2.296442999504506588e-01
3.709654677659273148e-01
3.608478377573192120e-01
4.061637748964130878e-01
3.371608410961925983e-01
3.105080849491059780e-01
4.243309330195188522e-01
3.171429722569882870e-01
4.136350611224770546e-01
4.222838575951755047e-01
2.152835680171847343e-01
2.848761202767491341e-01
4.060912793502211571e-01
2.060680468566715717e-01
3.959561670199036598e-01
3.549339319579303265e-01
2.277571167796850204e-01
2.979042539373040199e-01
2.305715051479637623e-01
3.025436871685087681e-01
2.002918729558587074e-01
1.794896167702972889e-01
3.357908949255943298e-01
3.613760191947221756e-01
3.354102922603487968e-01
2.909256620332598686e-01
3.383963918313384056e-01
2.082075942307710648e-01
2.436564117670059204e-01
2.292431369423866272e-01
3.190626860596239567e-01
2.763090906664729118e-01
4.378769490867853165e-01
2.296955459751188755e-01
3.994390158914029598e-01
2.664001137018203735e-01
4.663014849647879601e-01
2.841941821388900280e-01
2.292073951102793217e-01
3.700303663499653339e-01
3.023578990250825882e-01
3.882966209203004837e-01
4.313118821009993553e-01
2.254162998870015144e-01
3.708511390723288059e-01
2.317724958993494511e-01
2.246436593122780323e-01
3.270483170635998249e-01
3.621010780334472656e-01
2.278213500976562500e-01
3.534598033875226974e-01
3.667378490790724754e-01
2.925334158353507519e-01
2.165968567132949829e-01
3.809212297201156616e-01
2.330270777456462383e-01
2.293385970406234264e-01
3.178920792415738106e-01
3.022736911661922932e-01
2.296130969189107418e-01
2.325446638278663158e-01
2.311172941699624062e-01
3.476792857982218266e-01
3.952253879979252815e-01
3.634639307856559753e-01
4.230883382260799408e-01
3.710278267972171307e-01
2.329675359651446342e-01
3.977942881174385548e-01
2.103889966383576393e-01
3.807693677954375744e-01
3.061007568612694740e-01
3.177870102226734161e-01
3.204433419741690159e-01
3.666849806904792786e-01
2.270364118739962578e-01
2.298258440569043159e-01
3.302186541259288788e-01
3.096486027352511883e-01
2.316885706968605518e-01
3.502688501030206680e-01
2.271784651093184948e-01
4.067905321717262268e-01
3.646263661794364452e-01
3.424089117906987667e-01
2.312748637050390244e-01
2.066750056110322475e-01
3.258019899949431419e-01
2.261461159214377403e-01
3.963782498612999916e-01
3.911665556952357292e-01
3.776014680042862892e-01
2.919828039593994617e-01
3.755801608785986900e-01
3.111648294143378735e-01
3.106969189830124378e-01
2.594515178352594376e-01
2.985645839944481850e-01
3.810061779804527760e-01
1.977488179691135883e-01
2.273019710555672646e-01
2.285884362645447254e-01
3.157809078693389893e-01
2.759956177324056625e-01
3.620916097424924374e-01
2.152271978557109833e-01
2.252112627029418945e-01
3.241026238538324833e-01
2.835189010947942734e-01
2.155725969932973385e-01
2.299520396627485752e-01
2.985669681802392006e-01
3.023126781918108463e-01
3.714746651239693165e-01
2.562441020272672176e-01
2.158311330713331699e-01
2.842704728245735168e-01
2.288889400660991669e-01
3.598893228918313980e-01
2.327305339276790619e-01
2.291465234011411667e-01
1.999444942921400070e-01
3.743664738722145557e-01
2.208037283271551132e-01
2.982729552313685417e-01
3.725586780346930027e-01
2.298753168433904648e-01
2.714856727980077267e-01
2.177217407152056694e-01
2.316961642354726791e-01
4.136974001303315163e-01
2.625845433212816715e-01
2.439158018678426743e-01
3.644431289285421371e-01
2.308328128419816494e-01
3.272225940600037575e-01
3.601536620408296585e-01
2.284074281342327595e-01
3.923744596540927887e-01
2.735889591276645660e-01
3.640513368882238865e-01
2.823013709858059883e-01
2.321410528384149075e-01
3.951220838353037834e-01
2.273823088034987450e-01
1.985251801088452339e-01
2.065840181894600391e-01
2.193940361030399799e-01
2.308107279241085052e-01
2.326518408954143524e-01
2.070787572301924229e-01
2.319515361450612545e-01
4.130915231071412563e-01
2.321561570279300213e-01
2.400368666276335716e-01
3.377956780605018139e-01
3.321838318370282650e-01
3.108278419822454453e-01
3.772745882160961628e-01
2.752669039182364941e-01
4.048325377516448498e-01
2.765791211277246475e-01
3.591231596656143665e-01
2.894784989766776562e-01
2.310889190994203091e-01
3.344711051322519779e-01
2.298566219396889210e-01
3.984365793876349926e-01
2.316938601434230804e-01
2.260480807162821293e-01
4.150515776127576828e-01
2.298914017155766487e-01
4.180369824171066284e-01
1.719280011020600796e-01
3.530772966332733631e-01
3.792600748129189014e-01
3.699082345701754093e-01
2.338021206669509411e-01
3.454207382164895535e-01
3.322710501961410046e-01
2.315580593422055244e-01
2.128872042521834373e-01
2.308393511921167374e-01
2.094321399927139282e-01
3.725451710633933544e-01
2.296957382932305336e-01
3.249635649845004082e-01
2.323837950825691223e-01
2.293326929211616516e-01
3.595882910303771496e-01
2.405094769783318043e-01
2.077836752869188786e-01
2.079434259794652462e-01
2.283287341706454754e-01
3.486434430815279484e-01
2.180943856947124004e-01
4.149560332298278809e-01
2.776051112450659275e-01
3.263619760982692242e-01
2.301876759156584740e-01
3.093274077400565147e-01
4.155346411280333996e-01
3.106095348484814167e-01
2.190050398930907249e-01
4.157944801263511181e-01
3.298272741958498955e-01
2.765701357275247574e-01
3.269267980940639973e-01
3.714099340140819550e-01
3.355080233886837959e-01
2.164124278351664543e-01
3.018172658048570156e-01
2.079558889381587505e-01
4.080978431738913059e-01
2.317135748453438282e-01
3.169562942348420620e-01
2.699974589049816132e-01
3.421582956798374653e-01
2.092874119989573956e-01
2.080573872663080692e-01
2.089418498799204826e-01
3.288642731495201588e-01
3.812361019663512707e-01
2.084871823899447918e-01
2.321187509223818779e-01
3.028161730617284775e-01
2.311921743676066399e-01
4.005465810187160969e-01
3.977576890029013157e-01
2.305531529709696770e-01
3.382402709685266018e-01
2.191941081546247005e-01
4.172622002661228180e-01
2.994730207137763500e-01
2.330495612695813179e-01
2.328608869574964046e-01
2.254965631291270256e-01
3.343286085873842239e-01
2.173642250709235668e-01
3.061209507286548615e-01
3.267260910943150520e-01
2.818902349099516869e-01
2.300403029657900333e-01
3.849039128981530666e-01
2.002297290600836277e-01
2.251682020723819733e-01
2.564333947375416756e-01
2.755532287992537022e-01
3.366551180370151997e-01
3.015823028981685638e-01
2.996044438332319260e-01
3.282744172029197216e-01
3.453140039928257465e-01
3.269386030733585358e-01
2.309740372002124786e-01
4.185152342543005943e-01
2.220672550611197948e-01
1.992920110933482647e-01
2.317084819078445435e-01
3.815322271548211575e-01
2.316886447370052338e-01
2.239544736221432686e-01
2.951955297030508518e-01
2.285667993128299713e-01
3.144093770533800125e-01
3.215355607680976391e-01
3.150604502297937870e-01
2.309199860319495201e-01
3.092448441311717033e-01
3.419017889536917210e-01
3.334961216896772385e-01
2.279099109582602978e-01
3.271691720001399517e-01
3.152876012027263641e-01
2.285772440955042839e-01
2.370077520608901978e-01
1.894750287756323814e-01
2.167114042676985264e-01
2.313784779980778694e-01
3.434825800359249115e-01
2.292685890570282936e-01
2.059443430043756962e-01
3.953620209358632565e-01
2.296193880029022694e-01
3.757094279862940311e-01
2.174222739413380623e-01
3.523944388143718243e-01
3.692919672466814518e-01
2.295608669519424438e-01
3.073222432285547256e-01
2.285618768073618412e-01
2.232597288675606251e-01
2.263881242834031582e-01
2.283434993587434292e-01
2.158725443296134472e-01
3.059518956579267979e-01
3.606311599723994732e-01
2.987796938978135586e-01
1.979399998672306538e-01
3.762599392794072628e-01
2.289854809641838074e-01
2.271402562037110329e-01
3.116056369617581367e-01
2.055438030511140823e-01
3.290999261662364006e-01
2.720827520824968815e-01
2.816187897697091103e-01
2.649515988305211067e-01
2.964149639010429382e-01
2.238776409067213535e-01
2.257999111898243427e-01
1.905199079774320126e-01
2.798419487662613392e-01
3.940729657188057899e-01
2.290116697549819946e-01
2.705658138729631901e-01
2.329154442995786667e-01
1.955355359241366386e-01
2.049477272666990757e-01
3.070227070711553097e-01
2.231260580010712147e-01
3.068214477971196175e-01
2.157175331376492977e-01
3.128058691509068012e-01
3.731853440403938293e-01
3.741901521570980549e-01
1.779051469638943672e-01
3.043630351312458515e-01
3.049425138160586357e-01
2.286669109016656876e-01
2.169084660708904266e-01
3.213647389784455299e-01
3.398494482971727848e-01
2.075712899677455425e-01
3.571730116382241249e-01
2.279648929834365845e-01
3.037734469398856163e-01
3.502659252844750881e-01
2.791866571642458439e-01
3.123428178951144218e-01
2.667234591208398342e-01
3.391415751539170742e-01
2.269309568218886852e-01
3.137491722591221333e-01
2.240192098543047905e-01
2.051517921499907970e-01
2.273306623101234436e-01
3.567295130342245102e-01
3.254664191044867039e-01
3.126712138764560223e-01
3.728676638565957546e-01
2.196650579571723938e-01
2.265897309407591820e-01
3.567078118212521076e-01
2.049164301715791225e-01
3.491415698081254959e-01
2.995287692174315453e-01
3.738011065870523453e-01
3.406852087937295437e-01
2.284751939587295055e-01
2.791522648185491562e-01
3.210583408363163471e-01
1.958572519943118095e-01
2.236540312878787518e-01
2.275987430475652218e-01
3.017725222744047642e-01
2.268123580142855644e-01
2.239209967665374279e-01
1.524163149297237396e-01
3.633467513136565685e-01
3.330245162360370159e-01
2.372503918595612049e-01
3.770535802468657494e-01
2.266707220114767551e-01
3.316704048775136471e-01
2.265038830228149891e-01
3.025781707838177681e-01
3.922146689146757126e-01
1.784152798354625702e-01
3.724970989860594273e-01
2.272312822751700878e-01
2.263435488566756248e-01
2.877361420542001724e-01
1.957812570035457611e-01
2.123858630657196045e-01
2.265047300606966019e-01
2.155256760306656361e-01
2.879974092356860638e-01
2.266714810393750668e-01
2.303377920761704445e-01
2.266413201577961445e-01
3.026220798492431641e-01
2.282414152286946774e-01
3.135518138296902180e-01
4.099934012629091740e-01
3.386853258125483990e-01
2.299690321087837219e-01
3.292666827328503132e-01
2.123839631676673889e-01
1.884413580410182476e-01
2.797432350926101208e-01
3.660000241361558437e-01
3.230800880119204521e-01
3.686637571081519127e-01
2.116226390935480595e-01
2.560620256699621677e-01
3.936463338322937489e-01
1.960586272180080414e-01
2.226400221697986126e-01
3.051916039548814297e-01
2.266857982613146305e-01
2.230795598588883877e-01
2.811372289434075356e-01
2.150565860792994499e-01
3.408330073580145836e-01
2.218659641221165657e-01
2.295239167287945747e-01
1.971088731661438942e-01
3.152383998967707157e-01
2.172806267626583576e-01
2.260287818498909473e-01
1.866116770543158054e-01
2.296412992291152477e-01
2.040776773355901241e-01
1.963881780393421650e-01
1.983727249316871166e-01
2.252957327291369438e-01
1.795607209205627441e-01
2.309646657668054104e-01
3.263307907618582249e-01
3.328663553111255169e-01
3.641208391636610031e-01
2.270089690573513508e-01
2.285681078210473061e-01
3.775745611637830734e-01
4.325368129648268223e-01
3.480782201513648033e-01
3.383272369392216206e-01
3.579159337095916271e-01
2.979762987233698368e-01
3.158012446947395802e-01
2.108790162019431591e-01
2.994476128369569778e-01
2.979125948622822762e-01
2.298859870061278343e-01
3.343758359551429749e-01
1.892983708530664444e-01
3.340927944518625736e-01
3.164062919095158577e-01
3.522951710037887096e-01
2.288876208476722240e-01
3.333267350681126118e-01
2.285719802603125572e-01
2.300634840503334999e-01
4.067094079218804836e-01
3.332204767502844334e-01
2.244855039753019810e-01
2.288258317857980728e-01
2.079245368950068951e-01
2.281158808618783951e-01
3.461501072160899639e-01
2.290205340832471848e-01
2.487498088739812374e-01
2.095872829668223858e-01
3.461803901009261608e-01
2.284298781305551529e-01
3.519063591957092285e-01
3.913575387559831142e-01
3.098418400622904301e-01
2.173267439939081669e-01
4.130578096956014633e-01
3.508153352886438370e-01
2.340406221337616444e-01
2.284651082009077072e-01
3.637906499207019806e-01
3.328784201294183731e-01
3.279282958246767521e-01
1.622275891713798046e-01
2.275533289648592472e-01
3.623827351257205009e-01
3.879325906746089458e-01
1.895275791175663471e-01
1.980141247622668743e-01
3.452289779670536518e-01
2.294333167374134064e-01
3.606132366694509983e-01
3.167464570142328739e-01
3.467609970830380917e-01
3.355206428095698357e-01
2.307709688320755959e-01
3.890297077596187592e-01
3.512806589715182781e-01
3.459686227142810822e-01
2.328519308939576149e-01
2.259665448218584061e-01
2.287737359292805195e-01
2.168750599958002567e-01
3.590657426975667477e-01
2.313063582405447960e-01
2.252482702024281025e-01
2.247920120134949684e-01
3.545135366730391979e-01
2.174319978803396225e-01
2.261254349723458290e-01
3.443884719163179398e-01
3.110166210681200027e-01
2.295203292742371559e-01
2.159392782486975193e-01
2.834674078039824963e-01
4.135436112992465496e-01
2.821937096305191517e-01
2.283120159991085529e-01
2.288384432904422283e-01
2.304606167599558830e-01
2.083005220629274845e-01
2.404904342256486416e-01
1.903299260884523392e-01
2.296337708830833435e-01
3.713922449387609959e-01
3.578556347638368607e-01
3.256414928473532200e-01
2.160819307900965214e-01
2.259224178269505501e-01
4.146473337896168232e-01
2.694378262385725975e-01
2.289419439621269703e-01
1.789176431484520435e-01
2.287283763289451599e-01
2.314772419631481171e-01
3.353853952139616013e-01
3.074795040301978588e-01
2.820482878014445305e-01
1.817614426836371422e-01
3.514073509722948074e-01
3.772716992534697056e-01
2.709444365464150906e-01
3.169329199008643627e-01
2.806177297607064247e-01
2.139727016910910606e-01
3.607803718186914921e-01
3.711072909645736217e-01
2.281054281629621983e-01
2.137710619717836380e-01
2.068567397072911263e-01
2.287631491199135780e-01
2.154574170708656311e-01
3.626324697397649288e-01
2.297535059042274952e-01
2.301288633607327938e-01
2.100566108711063862e-01
2.286296081729233265e-01
3.318388368934392929e-01
2.745629330165684223e-01
3.339281547814607620e-01
2.246389840729534626e-01
2.280116011388599873e-01
2.270094999112188816e-01
2.077712132595479488e-01
2.298056860454380512e-01
1.803023447282612324e-01
2.894919728860259056e-01
2.266007028520107269e-01
2.243402800522744656e-01
3.316030567511916161e-01
2.149693486280739307e-01
3.131599370390176773e-01
2.259424929507076740e-01
3.317804667167365551e-01
1.765897483564913273e-01
1.953817550092935562e-01
2.042722059413790703e-01
2.970905057154595852e-01
3.053179872222244740e-01
3.492160909809172153e-01
2.958924649283289909e-01
3.026303779333829880e-01
2.296489458531141281e-01
3.921118420548737049e-01
2.238983879797160625e-01
2.226988337934017181e-01
2.258724318817257881e-01
2.214206471107900143e-01
1.799442530609667301e-01
2.268095929175615311e-01
2.215248430147767067e-01
2.248248611576855183e-01
4.099548589438199997e-01
2.259531170129776001e-01
2.477300288155674934e-01
1.912126210518181324e-01
2.217384041287004948e-01
2.299576490186154842e-01
2.888507000170648098e-01
2.260988592170178890e-01
2.262209891341626644e-01
1.873834561556577682e-01
2.846283679828047752e-01
4.063123320229351521e-01
2.036978579126298428e-01
1.986712911166250706e-01
2.265616841614246368e-01
2.768891197629272938e-01
1.965398369356989861e-01
2.028785059228539467e-01
2.945321490988135338e-01
3.483421700075268745e-01
2.257177229039371014e-01
2.263918058015406132e-01
3.583098631352186203e-01
2.277711979113519192e-01
2.266025003045797348e-01
2.241020491346716881e-01
2.260357127524912357e-01
2.041574972681701183e-01
3.485999549739062786e-01
2.127510951831936836e-01
1.954238940961658955e-01
2.523824558593332767e-01
2.255947510711848736e-01
2.256081067025661469e-01
1.947762402705848217e-01
1.601422452367842197e-01
3.580995253287255764e-01
2.268060147762298584e-01
2.524703568778932095e-01
2.786897961050271988e-01
2.273443480953574181e-01
2.067825980484485626e-01
2.252208911813795567e-01
2.873021010309457779e-01
2.267422392033040524e-01
1.605200571939349174e-01
2.246446958743035793e-01
1.952594970352947712e-01
2.028909451328217983e-01
3.547090669162571430e-01
2.281343969516456127e-01
1.886186492629349232e-01
2.940808697603642941e-01
2.046121982857584953e-01
2.703362549655139446e-01
2.217890331521630287e-01
2.039795098826289177e-01
3.247989402152597904e-01
3.026400273665785789e-01
2.258333219215273857e-01
2.149875941686332226e-01
3.062311019748449326e-01
2.124388040974736214e-01
2.143461392261087894e-01
1.957732760347425938e-01
2.040540999732911587e-01
1.983366408385336399e-01
2.269448107108473778e-01
2.271737661212682724e-01
3.997097490355372429e-01
1.879182141274213791e-01
2.242344459518790245e-01
2.770883711054921150e-01
1.764723099768161774e-01
2.222908348776400089e-01
2.710654051043093204e-01
1.688146828673779964e-01
2.265109503641724586e-01
3.740079007111489773e-01
2.030324367806315422e-01
1.864916812628507614e-01
3.570550880394876003e-01
3.313375487923622131e-01
2.038568458519876003e-01
1.869704360142350197e-01
1.765185669064521790e-01
2.259055241011083126e-01
3.314866018481552601e-01
3.227550387382507324e-01
2.120828242041170597e-01
1.865503177978098392e-01
2.127131898887455463e-01
3.667974858544766903e-01
1.947457268834114075e-01
1.888139233924448490e-01
3.202716032974421978e-01
2.246825951151549816e-01
2.142267450690269470e-01
1.959529146552085876e-01
2.255767760798335075e-01
2.265611579641699791e-01
2.256201100535690784e-01
2.151914378628134727e-01
1.857755151577293873e-01
2.262119981460273266e-01
2.890713699162006378e-01
2.228672280907630920e-01
2.933755456469953060e-01
2.248668717220425606e-01
2.959699803031980991e-01
3.029050840996205807e-01
2.290613846853375435e-01
1.856950758956372738e-01
1.947946022264659405e-01
1.955583570525050163e-01
3.553802641108632088e-01
2.207369930110871792e-01
1.913761962205171585e-01
2.261704779230058193e-01
3.210949739441275597e-01
1.608553859405219555e-01
2.224255939945578575e-01
1.609960817731916904e-01
2.138088489882647991e-01
2.865537460893392563e-01
2.231560330837965012e-01
3.860916760750114918e-01
1.793950488790869713e-01
3.313188920728862286e-01
2.292171660810709000e-01
3.458212846890091896e-01
1.945454459637403488e-01
3.047044570557773113e-01
1.627419516444206238e-01
2.947302032262086868e-01
2.283912268467247486e-01
2.290879371576011181e-01
1.779169719666242599e-01
2.269352963194251060e-01
2.161068711429834366e-01
3.581151342950761318e-01
2.129164570942521095e-01
2.272304506041109562e-01
1.603423510678112507e-01
3.034940618090331554e-01
1.976069081574678421e-01
3.859850419685244560e-01
2.148549249395728111e-01
1.783817592076957226e-01
1.982472050003707409e-01
1.775117442011833191e-01
2.227113721892237663e-01
2.166716461069881916e-01
1.870542620308697224e-01
2.287183292210102081e-01
2.280115019530057907e-01
3.563061752356588840e-01
2.087367041967809200e-01
4.492288748733699322e-01
3.150468328967690468e-01
2.229059077799320221e-01
1.961556212045252323e-01
3.776984112337231636e-01
2.265492081642150879e-01
3.254013517871499062e-01
1.634967969730496407e-01
1.973514761775732040e-01
2.302615889348089695e-01
2.141332291066646576e-01
2.130416580475866795e-01
1.627231668680906296e-01
2.267693569883704185e-01
2.231796677224338055e-01
3.242884511128067970e-01
2.259928910061717033e-01
2.891512736678123474e-01
3.046130300499498844e-01
3.146623708307743073e-01
2.263930724002420902e-01
2.259624758735299110e-01
2.074571009725332260e-01
2.139564799144864082e-01
2.053575739264488220e-01
2.293112543411552906e-01
2.296756501309573650e-01
4.190925871953368187e-01
3.572206622920930386e-01
2.145544933155179024e-01
2.139300503768026829e-01
2.137617170810699463e-01
3.172616409137845039e-01
3.533543529920279980e-01
2.237237258814275265e-01
2.261820621788501740e-01
2.037260700017213821e-01
1.873207469470798969e-01
2.058115541003644466e-01
2.154159499332308769e-01
2.235532859340310097e-01
1.774516273289918900e-01
1.692811190150678158e-01
2.265345323830842972e-01
1.960887103341519833e-01
3.417359571903944016e-01
2.770028486847877502e-01
2.217827667482197285e-01
2.296779747121036053e-01
3.381492961198091507e-01
2.873516250401735306e-01
2.036114330403506756e-01
3.315870501101016998e-01
2.283294568769633770e-01
2.270860490389168262e-01
2.067905780859291553e-01
2.268192530609667301e-01
2.269262359477579594e-01
3.322888957336544991e-01
2.275628140196204185e-01
2.270865682512521744e-01
3.932578647509217262e-01
2.170599508099257946e-01
3.345939572900533676e-01
1.898705521598458290e-01
2.069595172069966793e-01
2.284351829439401627e-01
2.722957371734082699e-01
2.475723219104111195e-01
2.476406302303075790e-01
2.289822548627853394e-01
2.311723143793642521e-01
2.249757749959826469e-01
2.057442869991064072e-01
1.912515936419367790e-01
2.299512661993503571e-01
2.288842480629682541e-01
2.318358290940523148e-01
1.704593775793910027e-01
2.262184093706309795e-01
2.082943050190806389e-01
3.331091869622468948e-01
1.794096878729760647e-01
2.830911623314023018e-01
2.240976616740226746e-01
2.067286060191690922e-01
2.332964488305151463e-01
1.739048766903579235e-01
2.067861109972000122e-01
3.161518047563731670e-01
2.304795621894299984e-01
2.274750699289143085e-01
3.158264006488025188e-01
3.633260787464678288e-01
2.288968670181930065e-01
2.312514428049325943e-01
2.304502381011843681e-01
2.739707329310476780e-01
1.953331911936402321e-01
2.059170212596654892e-01
2.304659462533891201e-01
1.713863248005509377e-01
2.907215026207268238e-01
3.005766309797763824e-01
2.104339613579213619e-01
2.287013940513134003e-01
1.901302207261323929e-01
2.065457240678369999e-01
2.811424420215189457e-01
2.282028421759605408e-01
2.284246031194925308e-01
1.893392349593341351e-01
2.827332341112196445e-01
3.226515520364046097e-01
1.814438765868544579e-01
2.293566679581999779e-01
2.143111419863998890e-01
1.973542449995875359e-01
2.281483607366681099e-01
3.477790318429470062e-01
2.256135027855634689e-01
2.302988092415034771e-01
3.323036758229136467e-01
1.971056307666003704e-01
3.702695900574326515e-01
2.306133313104510307e-01
4.039010368287563324e-01
1.920865508727729321e-01
2.153813419863581657e-01
2.162268832325935364e-01
3.274881788529455662e-01
2.252745041623711586e-01
1.695323418825864792e-01
3.051354871131479740e-01
2.171576083637773991e-01
2.048534946516156197e-01
2.054761811159551144e-01
2.077879351563751698e-01
2.283964226953685284e-01
2.228551902808248997e-01
2.090031793341040611e-01
2.284604217857122421e-01
2.239410202018916607e-01
1.606075968593358994e-01
2.274934859015047550e-01
2.757969107478857040e-01
2.282049180939793587e-01
2.293083509430289268e-01
1.974444170482456684e-01
1.979530723765492439e-01
2.149451049044728279e-01
1.874342570081353188e-01
3.151153880171477795e-01
3.872163989581167698e-01
2.278705728240311146e-01
2.147986600175499916e-01
3.224116442725062370e-01
1.988411010242998600e-01
1.615252131596207619e-01
1.965024960227310658e-01
2.248731488361954689e-01
2.147393580526113510e-01
2.301393179222941399e-01
1.967755160294473171e-01
2.136717019602656364e-01
3.624080950394272804e-01
2.897476102225482464e-01
2.288434561342000961e-01
2.157308431342244148e-01
2.285699537023901939e-01
1.610638247802853584e-01
3.505058963783085346e-01
3.887752443552017212e-01
2.129457760602235794e-01
2.064334740862250328e-01
1.609056489542126656e-01
2.270558257587254047e-01
1.897785952314734459e-01
2.963061677291989326e-01
2.230698098428547382e-01
2.090188479050993919e-01
1.973511078394949436e-01
2.149357767775654793e-01
2.150994236581027508e-01
2.228303770534694195e-01
2.074790676124393940e-01
2.274725218303501606e-01
2.275360953062772751e-01
2.472057072445750237e-01
2.503871601074934006e-01
3.178851231932640076e-01
1.867988021112978458e-01
1.857397109270095825e-01
2.117834948003292084e-01
2.124744011089205742e-01
3.290362083353102207e-01
3.116031512618064880e-01
2.245949129574000835e-01
1.856040707789361477e-01
2.258214461617171764e-01
2.133191949687898159e-01
2.127603930421173573e-01
2.264665658585727215e-01
2.198644177988171577e-01
2.136783157475292683e-01
1.801235810853540897e-01
3.052560938522219658e-01
2.245597438886761665e-01
1.764938379637897015e-01
1.947028380818665028e-01
2.123912307433784008e-01
2.122776689939200878e-01
2.267939448356628418e-01
2.037272420711815357e-01
2.247039447538554668e-01
1.857945532537996769e-01
2.137693283148109913e-01
2.250692737288773060e-01
3.032761248759925365e-01
2.268460150808095932e-01
2.586288191378116608e-01
2.340392800979316235e-01
2.199667938984930515e-01
2.291819630190730095e-01
2.205937211401760578e-01
1.778367660008370876e-01
2.251956551335752010e-01
2.245271010324358940e-01
2.257337570190429688e-01
2.254635728895664215e-01
1.689481716603040695e-01
1.531645171344280243e-01
2.263436713255941868e-01
2.255584709346294403e-01
2.147286948747932911e-01
2.121122707612812519e-01
3.113179951906204224e-01
2.282569911330938339e-01
1.688903751783072948e-01
2.129514641128480434e-01
2.277660118415951729e-01
3.206991539336740971e-01
1.591872009448707104e-01
2.047821478918194771e-01
2.037908593192696571e-01
1.707891970872879028e-01
1.955716307274997234e-01
2.250520503148436546e-01
2.279150136746466160e-01
2.140025449916720390e-01
2.107828771695494652e-01
2.709984788671135902e-01
2.148377648554742336e-01
2.212875960394740105e-01
3.155311648733913898e-01
2.229359089396893978e-01
2.117892350070178509e-01
1.703847730532288551e-01
2.974500730633735657e-01
1.860009692609310150e-01
3.208461650647222996e-01
2.949843630194664001e-01
2.245469880290329456e-01
2.262303959578275681e-01
2.128467136062681675e-01
1.599055030383169651e-01
2.229293622076511383e-01
2.266228557564318180e-01
1.965251751244068146e-01
2.261921581812202930e-01
2.268938240595161915e-01
2.044653850607573986e-01
2.127770809456706047e-01
1.594115630723536015e-01
2.252538539469242096e-01
1.981407590210437775e-01
2.245253729633986950e-01
1.766337109729647636e-01
2.237705211155116558e-01
2.026231549680233002e-01
2.265835721045732498e-01
3.832791461609303951e-01
4.060145840048789978e-01
1.854345239698886871e-01
2.038999628275632858e-01
1.856355699710547924e-01
3.633597097359597683e-01
2.237564590759575367e-01
2.045306768268346786e-01
1.972793908789753914e-01
2.756127309985458851e-01
2.809813651256263256e-01
2.026971587911248207e-01
1.943171820603311062e-01
2.055757101625204086e-01
2.135121608152985573e-01
2.204565024003386497e-01
2.279050922952592373e-01
2.270106263458728790e-01
3.563090837560594082e-01
2.299740943126380444e-01
2.215572460554540157e-01
1.970167099498212337e-01
2.122806319966912270e-01
1.696578981354832649e-01
2.883362290449440479e-01
2.275446192361414433e-01
2.220261241309344769e-01
1.870052036829292774e-01
2.147766961716115475e-01
2.277455660514533520e-01
2.293391679413616657e-01
2.255951529368758202e-01
3.971693329513072968e-01
1.963968779891729355e-01
1.905978601425886154e-01
2.292850790545344353e-01
3.878135010600090027e-01
2.718639792874455452e-01
1.814856398850679398e-01
3.063903348520398140e-01
2.803568751551210880e-01
1.889313450083136559e-01
3.245031209662556648e-01
2.240315829403698444e-01
3.256987887434661388e-01
2.302243229933083057e-01
2.901803078129887581e-01
1.804554448463022709e-01
2.181138698942959309e-01
1.714002909138798714e-01
2.911167000420391560e-01
2.297263788059353828e-01
2.288201013579964638e-01
3.140670140273869038e-01
2.328916448168456554e-01
2.264446550980210304e-01
2.078404678031802177e-01
2.241803640499711037e-01
2.154084648936986923e-01
2.237786483019590378e-01
2.152203340083360672e-01
3.065375499427318573e-01
3.594068870879709721e-01
2.742198980413377285e-01
1.951640527695417404e-01
2.903508828021585941e-01
1.966640148311853409e-01
2.071057711727917194e-01
1.793650807812809944e-01
2.067025559954345226e-01
2.300985879264771938e-01
2.058288780972361565e-01
1.989051080308854580e-01
2.291456288658082485e-01
2.286949763074517250e-01
1.714917169883847237e-01
2.296682782471179962e-01
1.799131059087812901e-01
1.883402871899306774e-01
2.282537170685827732e-01
2.295363927260041237e-01
2.278582388535141945e-01
2.308842851780354977e-01
2.284585870802402496e-01
2.239498272538185120e-01
1.798727088607847691e-01
3.317650686949491501e-01
2.983677443116903305e-01
2.279492900706827641e-01
2.178079332225024700e-01
2.285755653865635395e-01
2.290008096024394035e-01
1.785688437521457672e-01
1.886445111595094204e-01
2.301599797792732716e-01
2.242449861951172352e-01
2.055632090196013451e-01
1.632781233638525009e-01
2.105073709972202778e-01
2.463106531649827957e-01
2.287043537944555283e-01
1.705141230486333370e-01
1.882488117553293705e-01
1.984593360684812069e-01
2.141218660399317741e-01
2.221855646930634975e-01
1.441032998263835907e-01
2.275339346379041672e-01
2.285160110332071781e-01
1.874881382100284100e-01
2.245311890728771687e-01
2.279661898501217365e-01
2.313535488210618496e-01
1.882811607792973518e-01
1.880730330012738705e-01
2.275324766524136066e-01
3.410826227627694607e-01
2.240758207626640797e-01
1.895181303843855858e-01
3.173064021393656731e-01
2.153533492237329483e-01
1.894012247212231159e-01
2.301320377737283707e-01
3.003817149437963963e-01
2.074067979119718075e-01
2.230894556269049644e-01
2.311859028413891792e-01
1.973197311162948608e-01
2.288896497339010239e-01
1.893168799579143524e-01
1.890714447945356369e-01
2.285140319727361202e-01
1.833202498964965343e-01
2.457580510526895523e-01
2.584769697859883308e-01
2.238844158127903938e-01
2.078376621939241886e-01
1.710758018307387829e-01
2.294747899286448956e-01
1.901433779858052731e-01
1.785473227500915527e-01
3.072296502068638802e-01
2.544369492679834366e-01
3.066331781446933746e-01
3.692125710658729076e-01
1.916022379882633686e-01
1.891811480745673180e-01
2.157708448357880116e-01
2.159238900057971478e-01
2.057643043808639050e-01
2.069189636968076229e-01
3.629925563000142574e-01
2.288861270062625408e-01
1.891215681098401546e-01
2.153836716897785664e-01
3.239807789213955402e-01
2.306165788322687149e-01
2.310075601562857628e-01
2.162463427521288395e-01
2.268370701931416988e-01
2.149823457002639771e-01
2.209513927809894085e-01
1.983785061165690422e-01
1.768220919184386730e-01
2.943724440410733223e-01
2.208647960796952248e-01
3.753663287498056889e-01
1.633608252741396427e-01
1.951481327414512634e-01
1.620300966314971447e-01
1.786555382423102856e-01
1.881269542500376701e-01
3.039991641417145729e-01
2.257451503537595272e-01
1.879868227988481522e-01
2.263198830187320709e-01
3.226676527410745621e-01
2.294162791222333908e-01
2.256410131230950356e-01
1.957513210363686085e-01
1.978555433452129364e-01
1.693557552061975002e-01
3.079481991007924080e-01
2.259190366603434086e-01
1.968025113455951214e-01
2.241080170497298241e-01
1.891314000822603703e-01
3.776831431314349174e-01
2.067925576120615005e-01
1.812744457274675369e-01
1.981201400049030781e-01
2.286130292341113091e-01
1.908306018449366093e-01
2.151425238698720932e-01
1.978795290924608707e-01
3.226830847561359406e-01
2.285039741545915604e-01
3.228510380722582340e-01
2.304076799191534519e-01
1.606775391846895218e-01
2.687974250875413418e-01
2.365301218815147877e-01
2.238298198208212852e-01
2.281986037269234657e-01
1.796224038116633892e-01
2.123081330209970474e-01
2.172086988575756550e-01
1.957950848154723644e-01
2.153551368974149227e-01
1.865225280635058880e-01
2.153606219217181206e-01
2.264251001179218292e-01
3.503221124410629272e-01
1.691071279346942902e-01
1.880954611115157604e-01
2.062039691954851151e-01
1.855061729438602924e-01
2.059045159257948399e-01
2.281993711367249489e-01
2.121552252210676670e-01
1.972464537248015404e-01
1.880543017759919167e-01
2.256846879608929157e-01
2.244799500331282616e-01
1.950324228964745998e-01
1.598712941631674767e-01
2.285792198963463306e-01
1.860381714068353176e-01
2.192544382996857166e-01
1.793756759725511074e-01
1.878495393320918083e-01
2.260712808929383755e-01
1.972600389271974564e-01
1.784959258511662483e-01
2.012696759775280952e-01
2.022003699094057083e-01
2.274634740315377712e-01
2.158004282973706722e-01
2.688471949659287930e-01
2.272495920769870281e-01
3.122695852071046829e-01
2.074266807176172733e-01
1.951962667517364025e-01
1.889410358853638172e-01
1.596630732528865337e-01
2.247978509403765202e-01
2.288598413579165936e-01
3.225615671835839748e-01
2.251130370423197746e-01
2.273409571498632431e-01
1.686412394046783447e-01
3.299304717220366001e-01
1.790710678324103355e-01
2.257678788155317307e-01
1.776715400628745556e-01
3.408391391858458519e-01
2.245402042753994465e-01
1.875421782024204731e-01
1.512831882573664188e-01
1.863044640049338341e-01
2.281923508271574974e-01
2.286200970411300659e-01
2.132541653700172901e-01
2.275785626843571663e-01
2.314887028187513351e-01
3.565142871811985970e-01
3.565296661108732224e-01
2.216945830732584000e-01
2.297655502334237099e-01
2.698006620630621910e-01
1.802893378771841526e-01
2.143754530698060989e-01
2.807283741421997547e-01
1.708823619410395622e-01
2.055266792885959148e-01
2.268975591287016869e-01
1.819563158787786961e-01
1.769919530488550663e-01
2.041423548944294453e-01
2.263787896372377872e-01
2.256961399689316750e-01
1.862646481022238731e-01
1.519072940573096275e-01
2.216444816440343857e-01
2.061923528090119362e-01
1.942943749018013477e-01
2.273110724054276943e-01
1.591900158673524857e-01
2.260486921295523643e-01
2.245632209815084934e-01
1.513120923191308975e-01
2.259588460437953472e-01
1.873901686631143093e-01
1.519889268092811108e-01
2.850054772570729256e-01
2.235738099552690983e-01
2.715622968971729279e-01
1.819992573000490665e-01
1.987649840302765369e-01
2.032520379871129990e-01
2.771637793630361557e-01
2.031631139107048512e-01
3.242537002079188824e-01
2.248067720793187618e-01
1.675773169845342636e-01
2.039602547883987427e-01
3.350330060347914696e-01
1.614162549376487732e-01
3.472465379163622856e-01
1.852635857649147511e-01
1.960221673361957073e-01
2.247940762899816036e-01
2.122137197293341160e-01
2.258540997281670570e-01
2.282970231026411057e-01
2.255223072133958340e-01
2.957689971663057804e-01
1.955200419761240482e-01
2.133108242414891720e-01
1.700898269191384315e-01
2.211783719249069691e-01
1.943870927207171917e-01
3.039668519049882889e-01
2.271481351926922798e-01
2.275331276468932629e-01
2.347210757434368134e-01
3.401203858666121960e-01
1.423476631753146648e-01
2.039893488399684429e-01
2.219898798502981663e-01
2.215060857124626637e-01
2.132782307453453541e-01
2.267205631360411644e-01
2.714700042270123959e-01
2.125025787390768528e-01
2.873676689341664314e-01
2.225305079482495785e-01
2.944218469783663750e-01
3.054849151521921158e-01
2.260516621172428131e-01
2.211462659761309624e-01
2.210902818478643894e-01
1.867217170074582100e-01
1.893405029550194740e-01
2.123959511518478394e-01
3.192054601386189461e-01
2.278075227513909340e-01
1.684503168798983097e-01
2.220578119158744812e-01
2.235395084135234356e-01
2.044686488807201385e-01
2.265001051127910614e-01
1.603871956467628479e-01
2.101786937564611435e-01
3.130798931233584881e-01
2.221060791052877903e-01
1.942884903401136398e-01
2.146195098757743835e-01
3.023316399194300175e-01
2.141167889349162579e-01
2.262780829332768917e-01
3.201523292809724808e-01
2.025916809216141701e-01
1.797716249711811543e-01
1.874644830822944641e-01
2.690074131824076176e-01
2.282359707169234753e-01
1.691799508407711983e-01
1.775015550665557384e-01
2.058474100194871426e-01
2.126137460581958294e-01
1.334735951386392117e-01
1.859272588044404984e-01
2.207270618528127670e-01
2.877326132729649544e-01
2.040616231970489025e-01
3.051412529312074184e-01
1.873272899538278580e-01
2.210885542444884777e-01
2.235230761580169201e-01
2.279208591207861900e-01
3.155427630990743637e-01
2.952329441905021667e-01
1.722300401888787746e-01
3.144466429948806763e-01
1.970971613191068172e-01
2.327119773253798485e-01
3.484159759245812893e-01
1.963645676150918007e-01
1.902012620121240616e-01
2.869780319742858410e-01
3.558707167394459248e-01
2.263448913581669331e-01
2.512847720645368099e-01
2.132916362024843693e-01
2.276052059605717659e-01
1.894493391737341881e-01
1.978818797506392002e-01
1.951209991239011288e-01
2.249880791641771793e-01
1.944481539539992809e-01
2.225668337196111679e-01
2.325095022097229958e-01
2.290092720650136471e-01
2.148898919112980366e-01
2.219231650233268738e-01
2.216880829073488712e-01
2.055289000272750854e-01
2.060642181895673275e-01
2.050105761736631393e-01
2.116172448731958866e-01
3.059981390833854675e-01
1.608188711106777191e-01
2.118897461332380772e-01
1.691890610381960869e-01
2.116398471407592297e-01
2.069649780169129372e-01
2.119506504386663437e-01
2.136581852100789547e-01
2.140531162731349468e-01
1.955513809807598591e-01
2.848244369961321354e-01
2.252704435959458351e-01
1.904644882306456566e-01
1.703949030488729477e-01
1.763090449385344982e-01
1.962269521318376064e-01
2.763390806503593922e-01
1.694486499764025211e-01
2.209847709164023399e-01
2.260265899822115898e-01
2.029872378334403038e-01
1.859774156473577023e-01
2.119685988873243332e-01
2.263933899812400341e-01
2.257970022037625313e-01
2.255734731443226337e-01
2.115768939256668091e-01
2.025058916769921780e-01
1.943518659099936485e-01
1.846927790902554989e-01
2.249079537577927113e-01
1.781174610368907452e-01
1.939237173646688461e-01
2.765770601108670235e-01
1.785084987059235573e-01
2.210822543129324913e-01
1.592798908241093159e-01
2.027487391605973244e-01
2.250867909751832485e-01
2.271853322163224220e-01
1.592228850349783897e-01
1.939842649735510349e-01
2.264721780084073544e-01
2.653715000487864017e-01
2.229825318790972233e-01
2.034231391735374928e-01
2.139590177685022354e-01
2.770557641051709652e-01
1.619634651578962803e-01
2.860653628595173359e-01
1.851624380797147751e-01
2.270569182001054287e-01
2.268287171609699726e-01
1.596173318102955818e-01
2.260940861888229847e-01
2.110910252667963505e-01
2.150977402925491333e-01
2.209874540567398071e-01
2.027386771515011787e-01
2.050669798627495766e-01
2.244589738547801971e-01
1.848694370128214359e-01
1.876775976270437241e-01
1.670914366841316223e-01
1.671946467831730843e-01
2.247067987918853760e-01
2.258893270045518875e-01
1.952070849947631359e-01
1.768134548328816891e-01
1.689639468677341938e-01
1.683577047660946846e-01
1.848561898805201054e-01
2.160779191181063652e-01
3.111706017516553402e-01
2.029240890406072140e-01
2.122157821431756020e-01
1.594157651998102665e-01
1.416045660153031349e-01
3.115376271307468414e-01
2.033210820518434048e-01
1.502929660491645336e-01
2.202995186671614647e-01
2.024458609521389008e-01
1.780579001642763615e-01
2.253972613252699375e-01
2.249730331823229790e-01
2.126056170091032982e-01
3.186968578957021236e-01
2.242419430986046791e-01
2.239308822900056839e-01
2.242770306766033173e-01
3.458339879289269447e-01
2.251207879744470119e-01
2.018545730970799923e-01
2.026976528577506542e-01
1.765741938725113869e-01
1.581224328838288784e-01
1.971108512952923775e-01
2.026752559468150139e-01
2.034598542377352715e-01
1.844662660732865334e-01
2.193597820587456226e-01
1.883113421499729156e-01
2.231254130601882935e-01
3.098608572036027908e-01
2.940075853839516640e-01
2.116347132250666618e-01
2.111881501041352749e-01
1.862580450251698494e-01
2.021118667908012867e-01
2.636706056073307991e-01
2.550293961539864540e-01
2.249480946920812130e-01
1.948008728213608265e-01
1.945067611522972584e-01
2.947230958379805088e-01
2.205476341769099236e-01
1.869745310395956039e-01
1.942692208103835583e-01
2.255712691694498062e-01
1.685440591536462307e-01
2.110534179955720901e-01
2.071556719020009041e-01
2.259586560539901257e-01
2.248640400357544422e-01
2.262899838387966156e-01
1.590114952996373177e-01
2.039950229227542877e-01
2.122702221386134624e-01
2.198871332220733166e-01
2.252939348109066486e-01
2.120587951503694057e-01
2.243203329853713512e-01
2.278660032898187637e-01
1.863268911838531494e-01
1.999773979187011719e-01
1.873758370056748390e-01
1.859729331918060780e-01
2.247234540991485119e-01
2.127483235672116280e-01
2.714054840616881847e-01
2.201007469557225704e-01
1.953378240577876568e-01
2.128044362179934978e-01
1.946676112711429596e-01
1.415126137435436249e-01
1.417809338308870792e-01
2.261999831534922123e-01
1.771265030838549137e-01
3.188056452199816704e-01
2.267779479734599590e-01
1.508608590811491013e-01
1.943207839503884315e-01
1.608186759985983372e-01
2.263241731561720371e-01
2.220111610367894173e-01
2.121747257187962532e-01
1.673853630200028419e-01
1.959971110336482525e-01
2.256560721434652805e-01
1.864727567881345749e-01
1.949668880552053452e-01
1.858169329352676868e-01
3.302731527946889400e-01
2.133606309071183205e-01
3.196406327188014984e-01
2.256592083722352982e-01
1.761806341819465160e-01
1.591191976331174374e-01
1.694130538962781429e-01
2.262029699049890041e-01
2.115926537662744522e-01
1.684221168980002403e-01
1.779411449097096920e-01
2.698934609070420265e-01
2.102107438258826733e-01
2.193000228144228458e-01
1.934926421381533146e-01
2.115961201488971710e-01
2.132915309630334377e-01
2.251791725866496563e-01
2.029046299867331982e-01
1.682892479002475739e-01
1.851783259771764278e-01
2.850589486770331860e-01
1.869089538231492043e-01
1.768253110349178314e-01
1.939096660353243351e-01
1.964708552695810795e-01
3.432876323349773884e-01
2.190421950072050095e-01
2.228426090441644192e-01
1.767239449545741081e-01
2.188467169180512428e-01
2.273383680731058121e-01
2.243573302403092384e-01
2.252973369322717190e-01
2.191545069217681885e-01
2.111102268099784851e-01
1.608697981573641300e-01
2.021691692061722279e-01
1.585476021282374859e-01
1.675800969824194908e-01
3.011905322782695293e-01
2.244331468828022480e-01
1.775798574090003967e-01
2.330376929603517056e-01
2.114977291785180569e-01
2.121507651172578335e-01
1.590087199583649635e-01
2.196492757648229599e-01
3.284029872156679630e-01
3.523806841112673283e-01
2.256531915627419949e-01
1.942377639934420586e-01
1.852639652788639069e-01
2.916878242976963520e-01
2.244638628326356411e-01
3.079823828302323818e-01
2.029712437652051449e-01
2.021551057696342468e-01
1.872073332779109478e-01
2.128195599652826786e-01
2.248316346667706966e-01
3.095283298753201962e-01
2.267614249140024185e-01
2.927275896072387695e-01
3.452868089079856873e-01
2.062148791737854481e-01
2.122873049229383469e-01
1.762969628907740116e-01
2.289490196853876114e-01
1.677218140102922916e-01
1.937455879524350166e-01
2.116371169686317444e-01
2.436956069432199001e-01
2.434058729559183121e-01
2.271333816461265087e-01
1.669192588888108730e-01
1.759022930637001991e-01
1.856639082543551922e-01
2.244474943727254868e-01
2.214972279034554958e-01
1.574060148559510708e-01
2.824806873686611652e-01
1.769407670944929123e-01
2.239694306626915932e-01
2.194081740453839302e-01
1.933431467041373253e-01
2.187325758859515190e-01
2.018549051135778427e-01
2.022787132300436497e-01
1.755662071518599987e-01
2.761831576935946941e-01
2.195738381706178188e-01
1.851794561371207237e-01
2.109346403740346432e-01
1.690533510409295559e-01
1.669638180173933506e-01
2.119562742300331593e-01
1.675155740231275558e-01
2.250753841362893581e-01
2.017926671542227268e-01
2.248566462658345699e-01
1.937326630577445030e-01
1.777928946539759636e-01
1.936953999102115631e-01
2.247421420179307461e-01
1.763333720155060291e-01
2.018289212137460709e-01
2.240004669874906540e-01
1.432646098546683788e-01
2.096044630743563175e-01
2.156797950156033039e-01
2.317903428338468075e-01
2.251475402154028416e-01
2.026678100228309631e-01
2.109417617321014404e-01
1.853180979378521442e-01
2.111053690314292908e-01
1.767047420144081116e-01
2.766844430007040501e-01
2.213723678141832352e-01
1.851263237185776234e-01
1.845939452759921551e-01
2.126512173563241959e-01
1.674771723337471485e-01
1.585081671364605427e-01
1.865195222198963165e-01
2.236256450414657593e-01
3.007141179405152798e-01
1.870777881704270840e-01
2.014948539435863495e-01
2.255006148479878902e-01
2.254999689757823944e-01
1.849106787703931332e-01
1.944100800901651382e-01
1.951030348427593708e-01
1.591689670458436012e-01
1.941164918243885040e-01
2.029748749919235706e-01
2.202662350609898567e-01
2.263093851506710052e-01
2.914467393420636654e-01
1.857346622273325920e-01
2.073994469828903675e-01
2.703446978703141212e-01
2.244830708950757980e-01
2.247680821456015110e-01
2.228663060814142227e-01
1.929552475921809673e-01
1.781074916943907738e-01
1.761369537562131882e-01
1.847290117293596268e-01
1.850303751416504383e-01
2.241518092341721058e-01
1.516576390713453293e-01
2.246202002279460430e-01
2.663686592131853104e-01
2.267404710873961449e-01
1.944565079174935818e-01
2.039781338535249233e-01
2.120954599231481552e-01
1.949871559627354145e-01
2.117019603028893471e-01
2.049766038544476032e-01
2.213482391089200974e-01
2.131826989352703094e-01
1.843035020865499973e-01
2.524054781533777714e-01
1.945644966326653957e-01
1.684993067756295204e-01
1.849242709577083588e-01
1.604173919185996056e-01
1.940414891578257084e-01
2.251218338496983051e-01
2.013856838457286358e-01
1.673421063460409641e-01
2.038942179642617702e-01
2.242685300298035145e-01
1.580825741402804852e-01
2.642785659991204739e-01
2.129292958416044712e-01
1.590323112905025482e-01
2.264999202452600002e-01
2.101766760461032391e-01
2.220396092161536217e-01
2.122573819942772388e-01
1.774254147894680500e-01
1.857780180871486664e-01
2.200672617182135582e-01
3.095324491150677204e-01
1.856153821572661400e-01
2.244325950741767883e-01
1.674250345677137375e-01
1.925888052210211754e-01
2.130970647558569908e-01
2.271457230672240257e-01
2.229300630278885365e-01
3.006364298053085804e-01
3.016343228518962860e-01
1.756769320927560329e-01
2.027240218594670296e-01
1.776992138475179672e-01
1.937371059320867062e-01
2.241166741587221622e-01
1.842222218401730061e-01
2.754499558359384537e-01
1.586289312690496445e-01
2.244970998726785183e-01
1.671735900454223156e-01
1.604032651521265507e-01
1.933999620378017426e-01
1.935351407155394554e-01
2.107412982732057571e-01
1.588719920255243778e-01
2.035942948423326015e-01
2.240374600514769554e-01
2.103495430201292038e-01
2.693301127292215824e-01
1.674535460770130157e-01
3.440865101292729378e-01
2.906990130431950092e-01
2.030056696385145187e-01
2.841721968725323677e-01
1.945645087398588657e-01
1.937758587300777435e-01
2.238640128634870052e-01
2.249836251139640808e-01
2.690219674259424210e-01
1.941634337417781353e-01
2.244396558962762356e-01
2.237591408193111420e-01
1.780845918692648411e-01
2.245814041234552860e-01
3.009897512383759022e-01
2.031390783376991749e-01
1.938576078973710537e-01
2.114560012705624104e-01
2.154148411937057972e-01
1.420264383777976036e-01
2.239392660558223724e-01
1.702120699919760227e-01
1.850494588725268841e-01
1.948981028981506824e-01
2.024625730700790882e-01
3.192971730604767799e-01
2.172045363113284111e-01
1.665888992138206959e-01
2.240529539994895458e-01
2.035327670164406300e-01
2.220309698022902012e-01
1.765088848769664764e-01
1.606893967837095261e-01
3.281887229532003403e-01
2.200144031085073948e-01
2.064547250047326088e-01
3.222961951978504658e-01
1.941277417354285717e-01
1.859749844297766685e-01
2.258587460964918137e-01
1.767846178263425827e-01
1.787671879865229130e-01
1.847018869593739510e-01
3.196389130316674709e-01
2.248990358784794807e-01
2.113177310675382614e-01
2.104702689684927464e-01
1.840056302025914192e-01
3.190149138681590557e-01
2.254416388459503651e-01
2.029900308698415756e-01
2.667504171840846539e-01
1.672686338424682617e-01
1.501771761104464531e-01
1.935780532658100128e-01
1.702811331488192081e-01
1.507142977789044380e-01
1.766889537684619427e-01
1.756451642140746117e-01
1.590892211534082890e-01
2.253767899237573147e-01
2.118980870582163334e-01
2.640786399133503437e-01
2.543268511071801186e-01
1.943794689141213894e-01
2.031020247377455235e-01
1.760023678652942181e-01
1.783961281180381775e-01
2.035173829644918442e-01
2.123213689774274826e-01
1.698915460146963596e-01
2.248103851452469826e-01
2.241643499583005905e-01
2.267810860648751259e-01
2.843297510407865047e-01
1.763005270622670650e-01
1.511647179722785950e-01
2.028375412337481976e-01
2.243743212893605232e-01
2.255517430603504181e-01
1.589026730507612228e-01
2.200147807598114014e-01
1.781656639650464058e-01
2.020035260356962681e-01
1.801130482926964760e-01
2.110516098327934742e-01
1.769467061385512352e-01
3.129687849432229996e-01
2.219977751374244690e-01
3.180149728432297707e-01
1.858848137781023979e-01
1.420686719939112663e-01
1.684517520479857922e-01
2.278820788487792015e-01
1.845795488916337490e-01
2.059393371455371380e-01
2.389929876662790775e-01
3.114914959296584129e-01
2.247570380568504333e-01
1.608753148466348648e-01
1.769956736825406551e-01
1.861348082311451435e-01
2.261705058626830578e-01
2.268348778598010540e-01
2.262218696996569633e-01
2.212834688834846020e-01
1.856665778905153275e-01
1.774645829573273659e-01
2.119865757413208485e-01
3.225920861586928368e-01
2.387785208411514759e-01
2.119121570140123367e-01
1.959443371742963791e-01
1.858890992589294910e-01
1.939715747721493244e-01
1.681611090898513794e-01
3.280676049180328846e-01
1.866214596666395664e-01
3.213160908780992031e-01
2.138943122699856758e-01
2.246849471703171730e-01
1.597412130795419216e-01
2.127569168806076050e-01
2.454103650525212288e-01
1.786854690872132778e-01
2.024869709275662899e-01
2.260180101729929447e-01
2.229779781773686409e-01
2.940925047732889652e-01
2.262691170908510685e-01
1.627478548325598240e-01
1.866921670734882355e-01
1.940601770766079426e-01
3.374514789320528507e-01
2.938165273517370224e-01
2.033649850636720657e-01
1.857569529674947262e-01
1.942096403799951077e-01
2.046395749785006046e-01
1.853338498622179031e-01
2.038891687989234924e-01
2.042333679273724556e-01
1.599080413579940796e-01
2.288616960868239403e-01
1.600580378435552120e-01
1.782192289829254150e-01
3.462343211285769939e-01
1.773271639831364155e-01
1.965259960852563381e-01
1.587723018601536751e-01
2.038830746896564960e-01
2.231790712103247643e-01
1.693504448048770428e-01
2.905693151988089085e-01
1.527606020681560040e-01
1.688943170011043549e-01
2.874835929833352566e-01
2.256405018270015717e-01
2.216579490341246128e-01
1.779933879151940346e-01
2.039263797923922539e-01
2.551602702587842941e-01
3.391461470164358616e-01
3.183419289998710155e-01
1.869248161092400551e-01
1.594887371174991131e-01
1.578673021867871284e-01
1.610435773618519306e-01
3.284036908298730850e-01
2.272778498008847237e-01
2.755821049213409424e-01
2.251122691668570042e-01
1.887091570533812046e-01
1.606875429861247540e-01
1.590082058683037758e-01
2.871471559628844261e-01
1.940741781145334244e-01
3.276339131407439709e-01
2.265611700713634491e-01
1.674330513924360275e-01
2.257712860591709614e-01
2.124095852486789227e-01
2.967662080191075802e-01
1.939910012297332287e-01
2.255680649541318417e-01
2.119225789792835712e-01
1.850018268451094627e-01
2.825530888512730598e-01
1.878518201410770416e-01
1.782462652772665024e-01
1.599861597642302513e-01
1.590937091968953609e-01
2.358687850646674633e-01
2.550485976971685886e-01
2.235704669728875160e-01
2.822672957554459572e-01
2.265223432332277298e-01
1.933457478880882263e-01
2.112271720543503761e-01
2.066200892440974712e-01
2.196898059919476509e-01
2.134543010033667088e-01
2.940697069279849529e-01
2.263412601314485073e-01
1.880321707576513290e-01
2.132279854267835617e-01
1.858692099340260029e-01
1.960957781411707401e-01
2.781775938346982002e-01
1.854525837115943432e-01
1.778923310339450836e-01
2.123999842442572117e-01
2.218549810349941254e-01
2.271625003777444363e-01
1.941033690236508846e-01
2.025044802576303482e-01
2.151734069921076298e-01
2.024593250826001167e-01
1.939377812668681145e-01
1.839602929539978504e-01
2.430596449412405491e-01
2.497781272977590561e-01
1.859939987771213055e-01
1.675450098700821400e-01
1.942127114161849022e-01
2.028656327165663242e-01
1.945166904479265213e-01
2.295034341514110565e-01
1.682290527969598770e-01
2.761123799718916416e-01
2.129686982370913029e-01
2.247878229245543480e-01
2.280837539583444595e-01
1.598158883862197399e-01
1.868304489180445671e-01
1.807518866844475269e-01
2.201680960133671761e-01
2.247336190193891525e-01
1.877373647876083851e-01
1.600954928435385227e-01
2.243596320040524006e-01
1.850548051297664642e-01
1.769288810901343822e-01
1.931872726418077946e-01
1.412579179741442204e-01
2.194841159507632256e-01
1.855162940919399261e-01
2.197380126453936100e-01
2.037075106054544449e-01
2.245091418735682964e-01
1.677153040654957294e-01
2.792511349543929100e-01
1.945587368682026863e-01
2.430909648537635803e-01
2.113113836385309696e-01
1.948837051168084145e-01
1.761626182124018669e-01
2.197209778241813183e-01
1.677739191800355911e-01
2.107973219826817513e-01
1.594781088642776012e-01
2.112860521301627159e-01
2.017782661132514477e-01
1.945977509021759033e-01
1.847196058370172977e-01
2.137126759625971317e-01
2.200612090528011322e-01
3.700704500079154968e-01
1.589488917961716652e-01
2.259904970414936543e-01
1.764327967539429665e-01
2.027676971629261971e-01
1.501762391999363899e-01
2.123331148177385330e-01
1.623201989568769932e-01
1.591204199939966202e-01
2.256247019395232201e-01
1.946386583149433136e-01
3.266089870594441891e-01
1.682245209813117981e-01
2.248185663484036922e-01
1.594500741921365261e-01
2.214478538371622562e-01
2.850780980661511421e-01
2.111035352572798729e-01
1.872563371434807777e-01
2.262297347187995911e-01
1.684401421807706356e-01
2.259170259349048138e-01
1.763303009793162346e-01
2.269167467020452023e-01
1.670918627642095089e-01
2.135350857861340046e-01
1.952727548778057098e-01
2.229767618700861931e-01
1.773075088858604431e-01
1.782829319126904011e-01
2.203402379527688026e-01
2.252886281348764896e-01
2.114150612615048885e-01
2.119632507674396038e-01
2.196606812067329884e-01
1.953946542926132679e-01
1.590900677256286144e-01
1.689249300397932529e-01
2.113960739225149155e-01
2.207593540661036968e-01
2.028942108154296875e-01
1.938635078258812428e-01
2.040660539641976357e-01
1.771649350412189960e-01
2.039656252600252628e-01
2.111111767590045929e-01
2.047690488398075104e-01
2.257889187894761562e-01
2.247706810012459755e-01
2.264958480373024940e-01
2.277689329348504543e-01
2.651305431500077248e-01
2.273777262307703495e-01
2.238202360458672047e-01
1.964985099621117115e-01
2.248027389869093895e-01
1.950239748694002628e-01
2.284613964147865772e-01
2.140300180763006210e-01
2.036394029855728149e-01
2.274037320166826248e-01
1.761434930376708508e-01
2.217792733572423458e-01
2.223219820298254490e-01
2.260663947090506554e-01
1.858023498207330704e-01
2.063197377137839794e-01
1.685642437078058720e-01
2.281982540152966976e-01
1.781683089211583138e-01
1.953575219959020615e-01
1.853062519803643227e-01
2.209997521713376045e-01
1.694075763225555420e-01
2.026012139394879341e-01
2.128221858292818069e-01
1.768464460037648678e-01
2.024042890407145023e-01
2.241747491061687469e-01
2.031842172145843506e-01
1.950903511606156826e-01
2.275745663791894913e-01
2.132263467647135258e-01
2.333609447814524174e-01
1.919137686491012573e-01
1.500894580967724323e-01
1.505007529631257057e-01
2.123336540535092354e-01
2.242718371562659740e-01
2.216322068125009537e-01
2.032387359067797661e-01
1.853290847502648830e-01
2.148947715759277344e-01
1.867890241555869579e-01
1.854673051275312901e-01
2.275853403843939304e-01
1.676082429476082325e-01
1.433522249571979046e-01
2.257284722290933132e-01
2.015215703286230564e-01
1.950414809398353100e-01
1.766471308656036854e-01
1.511346669867634773e-01
2.244761190377175808e-01
1.943132001906633377e-01
1.949606658890843391e-01
2.247333168052136898e-01
1.786707700230181217e-01
1.947150137275457382e-01
2.119040610268712044e-01
2.046967190690338612e-01
2.243075887672603130e-01
3.012877162545919418e-01
2.247020583599805832e-01
2.195086302235722542e-01
1.953183459118008614e-01
2.114913300611078739e-01
2.018622355535626411e-01
2.440984728746116161e-01
1.768497377634048462e-01
1.415341277606785297e-01
2.778380443342030048e-01
2.257298878394067287e-01
2.034651748836040497e-01
1.675350470468401909e-01
2.859963900409638882e-01
1.612106980755925179e-01
1.865685861557722092e-01
1.938162599690258503e-01
2.288685152307152748e-01
2.262039519846439362e-01
2.678473731502890587e-01
1.694540800526738167e-01
2.038039769977331161e-01
1.759691131301224232e-01
2.049458860419690609e-01
1.768962461501359940e-01
2.254470987245440483e-01
1.716038561426103115e-01
2.285223240032792091e-01
1.431952612474560738e-01
1.784213366918265820e-01
2.265775641426444054e-01
1.862729289568960667e-01
1.851683198474347591e-01
1.766848978586494923e-01
2.853600280359387398e-01
3.868158441036939621e-01
1.847252273000776768e-01
1.423028521239757538e-01
2.036366220563650131e-01
2.266263067722320557e-01
3.377114059403538704e-01
1.511808186769485474e-01
3.026569560170173645e-01
1.961543979123234749e-01
1.779883857816457748e-01
1.518826261162757874e-01
1.773763732053339481e-01
1.871512089855968952e-01
3.199986228719353676e-01
1.778665268793702126e-01
2.259594211354851723e-01
2.276750761084258556e-01
1.876317718997597694e-01
2.868918022140860558e-01
2.224173736758530140e-01
1.772707370109856129e-01
2.247505709528923035e-01
3.376458636485040188e-01
2.043865197338163853e-01
3.036877941340208054e-01
2.115761940367519855e-01
1.596026318147778511e-01
2.283184961415827274e-01
2.036335053853690624e-01
2.264715558849275112e-01
1.871707499958574772e-01
2.257594992406666279e-01
2.026462028734385967e-01
2.258430379442870617e-01
2.131082210689783096e-01
2.552365879528224468e-01
1.746895327232778072e-01
1.946365903131663799e-01
2.060878649353981018e-01
1.674441485665738583e-01
2.247184952720999718e-01
2.286789142526686192e-01
2.379028350114822388e-01
2.134338873438537121e-01
2.036196957342326641e-01
1.590522630140185356e-01
2.145297690294682980e-01
1.684011570177972317e-01
2.260119109414517879e-01
2.030507749877870083e-01
1.690926328301429749e-01
2.277285819873213768e-01
1.684875669889152050e-01
3.302194019779562950e-01
1.420398722402751446e-01
2.042296463623642921e-01
2.322747460566461086e-01
1.850655525922775269e-01
1.689876867458224297e-01
2.267407588660717010e-01
1.506147040054202080e-01
2.241882481612265110e-01
2.273394819349050522e-01
2.206524899229407310e-01
2.025018651038408279e-01
2.114875949919223785e-01
1.631123786792159081e-01
2.543180757202208042e-01
1.941845589317381382e-01
1.417952170595526695e-01
1.705988370813429356e-01
1.769418227486312389e-01
2.110259132459759712e-01
2.124655880033969879e-01
1.859835092909634113e-01
1.602906868793070316e-01
2.270029867067933083e-01
2.267447798512876034e-01
1.594766988418996334e-01
2.043146742507815361e-01
1.679830611683428288e-01
1.602014750242233276e-01
2.245776872150599957e-01
2.278059059754014015e-01
1.844015289098024368e-01
2.250288319773972034e-01
1.767419530078768730e-01
2.245805938728153706e-01
2.115062261000275612e-01
1.606483808718621731e-01
2.033525109291076660e-01
1.868772585876286030e-01
2.239530356600880623e-01
1.770525258034467697e-01
2.255176501348614693e-01
2.262385836802423000e-01
1.596120521426200867e-01
1.594720711000263691e-01
2.028678059577941895e-01
2.132731536403298378e-01
2.038509459234774113e-01
1.674422468058764935e-01
1.662339321337640285e-01
2.174113541841506958e-01
2.342325481586158276e-01
2.246378217823803425e-01
2.118677687831223011e-01
3.134504039771854877e-01
2.110662837512791157e-01
2.244308823719620705e-01
1.949810539372265339e-01
3.035468580201268196e-01
1.589716612361371517e-01
1.962847881950438023e-01
1.587559157051146030e-01
1.584648527204990387e-01
1.942133749835193157e-01
1.937629641033709049e-01
2.233935771510004997e-01
3.178201341070234776e-01
2.250955430790781975e-01
1.771665909327566624e-01
2.206933838315308094e-01
2.221457459963858128e-01
1.506371186114847660e-01
2.927614678628742695e-01
1.715838839299976826e-01
1.680035698227584362e-01
1.768308919854462147e-01
1.954445932060480118e-01
2.263899748213589191e-01
1.866868892684578896e-01
2.265136661008000374e-01
2.714607887901365757e-01
2.020355719141662121e-01
1.943057267926633358e-01
2.031402448192238808e-01
1.697209989652037621e-01
2.910074009560048580e-01
2.774719339795410633e-01
2.255346421152353287e-01
2.249161768704652786e-01
1.828913339413702488e-01
2.206494063138961792e-01
2.020234451629221439e-01
1.686720461584627628e-01
1.858205692842602730e-01
2.274327129125595093e-01
2.023250628262758255e-01
1.859769350849092007e-01
1.859490419737994671e-01
2.262849179096519947e-01
2.250896673649549484e-01
2.252199142239987850e-01
1.857360559515655041e-01
1.944319922477006912e-01
1.696403077803552151e-01
1.944988621398806572e-01
2.040466642938554287e-01
2.028853367082774639e-01
1.950001469813287258e-01
2.138988105580210686e-01
2.196355871856212616e-01
1.853713197633624077e-01
1.946318089030683041e-01
1.855373880825936794e-01
2.216611299663782120e-01
1.852452983148396015e-01
1.581318019889295101e-01
1.678875992074608803e-01
2.119949841871857643e-01
1.674464051611721516e-01
2.264915159903466702e-01
1.854810980148613453e-01
1.668510562740266323e-01
1.951609509997069836e-01
1.951276292093098164e-01
2.055645552463829517e-01
1.785101317800581455e-01
1.775737931020557880e-01
3.183545456267893314e-01
1.589596192352473736e-01
2.948134187608957291e-01
2.252726037986576557e-01
1.679106988012790680e-01
1.701241759583353996e-01
1.855600830167531967e-01
1.593760661780834198e-01
1.412180517800152302e-01
1.761753764003515244e-01
1.956373197026550770e-01
1.853955970145761967e-01
3.106038132682442665e-01
1.779213119298219681e-01
2.120115789584815502e-01
1.934588649310171604e-01
2.030202969908714294e-01
2.109328089281916618e-01
1.695611868053674698e-01
1.512044440023601055e-01
1.503289840184152126e-01
1.940074432641267776e-01
3.114107279106974602e-01
2.227440909482538700e-01
1.521135158836841583e-01
1.777794710360467434e-01
1.773323253728449345e-01
1.626138030551373959e-01
2.211457770317792892e-01
1.858098711818456650e-01
1.535500981844961643e-01
1.839133077301084995e-01
1.787875522859394550e-01
2.247546687722206116e-01
2.752242512069642544e-01
2.227612389251589775e-01
3.621001746505498886e-01
1.953201671130955219e-01
1.600388539955019951e-01
2.226616833359003067e-01
1.601035119965672493e-01
1.877580760046839714e-01
2.116143829189240932e-01
3.204893418587744236e-01
2.077222028747200966e-01
2.771124420687556267e-01
2.036423301324248314e-01
1.624796390533447266e-01
2.031073486432433128e-01
1.869805110618472099e-01
1.766132870689034462e-01
1.610257462598383427e-01
2.053668918088078499e-01
2.143714353442192078e-01
1.862013041973114014e-01
2.137157171964645386e-01
1.685782549902796745e-01
1.675944109447300434e-01
1.509235883131623268e-01
1.570009877905249596e-01
1.873482079245150089e-01
1.593317380174994469e-01
2.933229468762874603e-01
1.609973520971834660e-01
1.596580902114510536e-01
1.959041762165725231e-01
1.506631681695580482e-01
1.860333881340920925e-01
1.957755796611309052e-01
2.034408301115036011e-01
2.212317408993840218e-01
1.960600330494344234e-01
2.222975348122417927e-01
1.946551478467881680e-01
2.268133363686501980e-01
2.259839861653745174e-01
1.956299981102347374e-01
2.131158891133964062e-01
2.207305612973868847e-01
2.025836198590695858e-01
1.684164600446820259e-01
1.672170450910925865e-01
1.680002762004733086e-01
1.853139121085405350e-01
2.124364110641181469e-01
1.616457276977598667e-01
2.039891122840344906e-01
3.152649602852761745e-01
2.704489417374134064e-01
2.139234640635550022e-01
2.252533906139433384e-01
1.674761222675442696e-01
2.123386180028319359e-01
1.868981691077351570e-01
1.869975188747048378e-01
2.856402387842535973e-01
2.935206829570233822e-01
1.942859110422432423e-01
2.044608057476580143e-01
1.944182999432086945e-01
2.029365156777203083e-01
3.380341441370546818e-01
2.251561800949275494e-01
1.862983489409089088e-01
2.030329667031764984e-01
2.265063230879604816e-01
3.018375150859355927e-01
2.228907793760299683e-01
2.252245382405817509e-01
2.241497510112822056e-01
2.861100509762763977e-01
2.121216789819300175e-01
2.124435747973620892e-01
2.258784109726548195e-01
1.853782548569142818e-01
3.284357469528913498e-01
3.617330156266689301e-01
2.432453259825706482e-01
2.256030868738889694e-01
1.501557556912302971e-01
2.242915821261703968e-01
2.246182118542492390e-01
3.017880269326269627e-01
2.145545887760818005e-01
2.258620481006801128e-01
1.761992531828582287e-01
1.600112151354551315e-01
2.248659669421613216e-01
2.034749952144920826e-01
2.238419032655656338e-01
2.029166137799620628e-01
2.274980382062494755e-01
3.202264760620892048e-01
1.681810892187058926e-01
2.032882529310882092e-01
2.030063988640904427e-01
1.849288479425013065e-01
2.248004698194563389e-01
2.239626720547676086e-01
2.138181580230593681e-01
1.591234370134770870e-01
1.418949803337454796e-01
1.954537462443113327e-01
1.845969930291175842e-01
2.245494816452264786e-01
1.769244167953729630e-01
2.248588730581104755e-01
1.601875908672809601e-01
2.251813751645386219e-01
2.244270415976643562e-01
2.018014630302786827e-01
2.226071539334952831e-01
2.110106199979782104e-01
1.862202459014952183e-01
1.696962928399443626e-01
2.039167690090835094e-01
1.878018961288034916e-01
1.864561960101127625e-01
2.127190544269979000e-01
2.050325651653110981e-01
2.030378491617739201e-01
2.025926741771399975e-01
1.594842150807380676e-01
2.248091017827391624e-01
1.969947661273181438e-01
1.766592022031545639e-01
2.024605958722531796e-01
1.794930687174201012e-01
1.946901511400938034e-01
1.854851851239800453e-01
2.035241159610450268e-01
1.934548309072852135e-01
1.761569310910999775e-01
2.256286917254328728e-01
2.040637861937284470e-01
1.516278409399092197e-01
1.856725919060409069e-01
1.785225081257522106e-01
1.955806165933609009e-01
2.028157208114862442e-01
2.099561989307403564e-01
2.247986760921776295e-01
1.866263188421726227e-01
2.108332091011106968e-01
2.626625630073249340e-01
2.227189796976745129e-01
1.762294517830014229e-01
2.052111369557678699e-01
2.039750348776578903e-01
2.218680460937321186e-01
2.257195767015218735e-01
1.606879290193319321e-01
2.250632047653198242e-01
2.243371158838272095e-01
1.427082200534641743e-01
1.936608157120645046e-01
1.884740442037582397e-01
2.264126478694379330e-01
1.942713288590312004e-01
1.670991582795977592e-01
1.754216570407152176e-01
1.845387569628655910e-01
1.504403562285006046e-01
1.845701411366462708e-01
2.092144237831234932e-01
2.114196741022169590e-01
2.263179980218410492e-01
1.857292712666094303e-01
1.826855391263961792e-01
1.672574421390891075e-01
1.846189759671688080e-01
2.224679114297032356e-01
2.208142629824578762e-01
2.753211930394172668e-01
1.843965100124478340e-01
2.199297519400715828e-01
1.813774923793971539e-01
2.665838180109858513e-01
1.493774428963661194e-01
2.105438369326293468e-01
2.002991260960698128e-01
1.826689220033586025e-01
2.003308781422674656e-01
1.834772257134318352e-01
1.568964081816375256e-01
2.177830310538411140e-01
1.594286141917109489e-01
1.572124450467526913e-01
1.771309417672455311e-01
1.399902878329157829e-01
1.688314219936728477e-01
1.840226170606911182e-01
2.086176266893744469e-01
2.008648598566651344e-01
1.482201209291815758e-01
1.824167789891362190e-01
1.921485210768878460e-01
2.102078651078045368e-01
2.173212734051048756e-01
2.093177209608256817e-01
1.831716797314584255e-01
1.828981991857290268e-01
1.859227530658245087e-01
1.563747688196599483e-01
2.098558079451322556e-01
2.015792112797498703e-01
2.021973701193928719e-01
1.979693546891212463e-01
2.220978811383247375e-01
2.018504859879612923e-01
2.186040747910737991e-01
1.494725160300731659e-01
1.493060598149895668e-01
1.854755710810422897e-01
2.106520091183483601e-01
1.600340269505977631e-01
2.256867010146379471e-01
2.016481277532875538e-01
2.197145419195294380e-01
1.934668547473847866e-01
1.587506900541484356e-01
1.857617571949958801e-01
1.667441022582352161e-01
1.847533597610890865e-01
1.765718609094619751e-01
1.932984418235719204e-01
1.931978869251906872e-01
1.838343339040875435e-01
2.111149500124156475e-01
2.031686417758464813e-01
1.941438629291951656e-01
1.583549682982265949e-01
2.113749762065708637e-01
2.106751878745853901e-01
1.752298278734087944e-01
2.225887961685657501e-01
2.112976540811359882e-01
1.843627588823437691e-01
2.750846929848194122e-01
1.677154419012367725e-01
1.513455440290272236e-01
1.673857937566936016e-01
1.928372061811387539e-01
1.853687833063304424e-01
2.018294162116944790e-01
1.668075970374047756e-01
1.842689299955964088e-01
1.915362137369811535e-01
1.609915392473340034e-01
1.678769439458847046e-01
1.754975533112883568e-01
1.772999526001513004e-01
2.024884298443794250e-01
1.958827348425984383e-01
2.103564199060201645e-01
2.196231377311050892e-01
1.585364360362291336e-01
1.583441114053130150e-01
1.613547308370471001e-01
1.612304588779807091e-01
1.929876930080354214e-01
2.992638731375336647e-01
2.117177131585776806e-01
2.279245457611978054e-01
1.581918261945247650e-01
3.157951449975371361e-01
1.919711981900036335e-01
2.276444681920111179e-01
2.110484018921852112e-01
2.292415839619934559e-01
1.673823650926351547e-01
3.276466811075806618e-01
2.249038619920611382e-01
3.250075657851994038e-01
2.924008122645318508e-01
1.675668423995375633e-01
1.839187419973313808e-01
1.587093290872871876e-01
1.430851942859590054e-01
1.756531810387969017e-01
1.846292358823120594e-01
1.937154158949851990e-01
1.842123758979141712e-01
2.043227716349065304e-01
1.754352999851107597e-01
2.207148848101496696e-01
1.583119048736989498e-01
1.758966431953012943e-01
2.107169367372989655e-01
1.941944560967385769e-01
1.327769360505044460e-01
2.266545998863875866e-01
1.843760488554835320e-01
2.261683982796967030e-01
1.847298312932252884e-01
1.942609576508402824e-01
1.926159099675714970e-01
2.285510320216417313e-01
1.759828021749854088e-01
1.959746051579713821e-01
2.126982682384550571e-01
2.214405848644673824e-01
1.932920138351619244e-01
2.428373950533568859e-01
2.241714149713516235e-01
1.947817271575331688e-01
2.199219060130417347e-01
2.260433128103613853e-01
2.042354242876172066e-01
2.230729111470282078e-01
1.498597683385014534e-01
1.825440148822963238e-01
2.484983056783676147e-01
1.611199560575187206e-01
1.606674529612064362e-01
2.130556912161409855e-01
2.248576362617313862e-01
1.806465112604200840e-01
1.751173841767013073e-01
2.149405879899859428e-01
2.112857108004391193e-01
2.269212361425161362e-01
1.331096529029309750e-01
1.960352989844977856e-01
2.680241120979189873e-01
2.144979778677225113e-01
2.207534420304000378e-01
1.778700300492346287e-01
2.212939467281103134e-01
2.267303732223808765e-01
2.243386832997202873e-01
2.293782415799796581e-01
1.667215232737362385e-01
1.698720352724194527e-01
2.250251062214374542e-01
1.951074074022471905e-01
1.677642790600657463e-01
1.868561659939587116e-01
2.199472188949584961e-01
1.802196628414094448e-01
1.669536940753459930e-01
2.286651069298386574e-01
2.117908168584108353e-01
1.781216138042509556e-01
1.508754109963774681e-01
1.619814569130539894e-01
1.934978622011840343e-01
1.695362920872867107e-01
1.851676129736006260e-01
2.230848832987248898e-01
3.109158040024340153e-01
1.615499849431216717e-01
2.291675549931824207e-01
1.798078389838337898e-01
2.242589048109948635e-01
2.127367099747061729e-01
1.765172639861702919e-01
2.270434037782251835e-01
1.670700549148023129e-01
1.845859023742377758e-01
1.841336912475526333e-01
2.277597319334745407e-01
2.237465488724410534e-01
2.041735821403563023e-01
3.209262918680906296e-01
2.864758553914725780e-01
2.119539570994675159e-01
2.266483921557664871e-01
2.098416471853852272e-01
1.957986280322074890e-01
1.865124432370066643e-01
1.865811841562390327e-01
1.494514779187738895e-01
1.955734882503747940e-01
2.841786723583936691e-01
2.269867639988660812e-01
1.491809180006384850e-01
2.646044632419943810e-01
2.253721891902387142e-01
1.506133237853646278e-01
1.669644261710345745e-01
1.516966097988188267e-01
2.246141331270337105e-01
3.294693562202155590e-01
2.922930349595844746e-01
2.278932882472872734e-01
3.162679322995245457e-01
2.264159992337226868e-01
2.038980671204626560e-01
2.266323990188539028e-01
2.243950827978551388e-01
2.904767510481178761e-01
2.020458760671317577e-01
1.876807571388781071e-01
2.033238280564546585e-01
2.211670097894966602e-01
1.933430531062185764e-01
2.210896229371428490e-01
2.104683318175375462e-01
2.273469660431146622e-01
1.927028698846697807e-01
2.257850039750337601e-01
2.192140887491405010e-01
3.043136601336300373e-01
2.106812531128525734e-01
2.290948200970888138e-01
2.261207518167793751e-01
3.970772735774517059e-01
2.250773580744862556e-01
1.617781189270317554e-01
2.023938731290400028e-01
2.289394550025463104e-01
1.773924441076815128e-01
1.872127498500049114e-01
2.778339497745037079e-01
2.040171660482883453e-01
2.248696242459118366e-01
1.600647307932376862e-01
2.243724190630018711e-01
1.952633340843021870e-01
1.941353082656860352e-01
1.954072276130318642e-01
2.142396541312336922e-01
1.779195629060268402e-01
1.669100178405642509e-01
1.514565888792276382e-01
2.244956609793007374e-01
3.311501331627368927e-01
2.262340872548520565e-01
1.983717558905482292e-01
1.865939893759787083e-01
2.280407156795263290e-01
2.246158518828451633e-01
2.270913850516080856e-01
2.286831219680607319e-01
1.984668201766908169e-01
2.152625117450952530e-01
2.127225701697170734e-01
1.974888849072158337e-01
2.130338530987501144e-01
2.114456398412585258e-01
1.696808338165283203e-01
3.088618470355868340e-01
2.356380443088710308e-01
2.348946728743612766e-01
1.608877959661185741e-01
2.026425506919622421e-01
2.263355399481952190e-01
1.841103499755263329e-01
1.958871888928115368e-01
1.593131553381681442e-01
1.863481239415705204e-01
2.227934068068861961e-01
1.946376967243850231e-01
1.582289030775427818e-01
2.276503168977797031e-01
2.253681602887809277e-01
1.698310049250721931e-01
2.206435501575469971e-01
1.784256491810083389e-01
1.943337917327880859e-01
1.965902848169207573e-01
1.589367021806538105e-01
1.435340791940689087e-01
2.237608698196709156e-01
1.690254337154328823e-01
1.671931929886341095e-01
1.869612801820039749e-01
1.689013359136879444e-01
1.605978803709149361e-01
2.196108340285718441e-01
1.628540661185979843e-01
1.682530809193849564e-01
1.958967018872499466e-01
2.026985418051481247e-01
1.962219788692891598e-01
1.968320449814200401e-01
1.922605419531464577e-01
2.334851962514221668e-01
2.292448240332305431e-01
2.030125949531793594e-01
1.785717038437724113e-01
1.504897014237940311e-01
2.884229556657373905e-01
2.204647832550108433e-01
2.291366308927536011e-01
1.765183419920504093e-01
1.430527498014271259e-01
1.942561357282102108e-01
2.225250550545752048e-01
1.773810791783034801e-01
1.868621669709682465e-01
1.688691251911222935e-01
2.879936732351779938e-01
2.224789028987288475e-01
2.296113511547446251e-01
2.120649418793618679e-01
1.431154189631342888e-01
1.597671727649867535e-01
2.275989260524511337e-01
1.709558512084186077e-01
1.971530150622129440e-01
1.855184328742325306e-01
2.153939902782440186e-01
2.246353360824286938e-01
2.273900732398033142e-01
1.535074082203209400e-01
1.434784969314932823e-01
1.916289171203970909e-01
2.036030259914696217e-01
2.246602522209286690e-01
1.783812120556831360e-01
1.517306673340499401e-01
2.271631080657243729e-01
1.787954904139041901e-01
2.264582440257072449e-01
2.218285179696977139e-01
2.042341809719800949e-01
1.944508450105786324e-01
2.056205198168754578e-01
2.132077580317854881e-01
2.043812628835439682e-01
1.770135988481342793e-01
1.675062519498169422e-01
1.517962887883186340e-01
1.603184319101274014e-01
2.128170221112668514e-01
1.510212207213044167e-01
2.144739190116524696e-01
2.219825619831681252e-01
1.847478970885276794e-01
1.942254779860377312e-01
1.415326027199625969e-01
1.946407589130103588e-01
1.591552910394966602e-01
1.687406902201473713e-01
1.708890777081251144e-01
2.031698580831289291e-01
1.915445672348141670e-01
1.704410947859287262e-01
1.858913181349635124e-01
1.954218568280339241e-01
2.229583389125764370e-01
1.681599901057779789e-01
2.748256451450288296e-01
2.288796612992882729e-01
1.858060709200799465e-01
1.876787552610039711e-01
1.676340331323444843e-01
1.691040839068591595e-01
2.119858679361641407e-01
1.607012911699712276e-01
1.969954092055559158e-01
1.880858931690454483e-01
2.192446449771523476e-01
1.711654220707714558e-01
1.758207078091800213e-01
1.612687450833618641e-01
2.119284779764711857e-01
1.516555072739720345e-01
3.116287998855113983e-01
2.044818908907473087e-01
1.770773539319634438e-01
2.272109352052211761e-01
1.859492398798465729e-01
1.898035192862153053e-01
2.129563512280583382e-01
2.554208422079682350e-01
3.031018273904919624e-01
1.882777381688356400e-01
2.122197980061173439e-01
2.765792631544172764e-01
2.133736233226954937e-01
2.127103400416672230e-01
1.676815310493111610e-01
2.117683221586048603e-01
1.771415863186120987e-01
2.115027038380503654e-01
1.611916241236031055e-01
2.025249968282878399e-01
1.942937611602246761e-01
2.209000503644347191e-01
2.251081331633031368e-01
1.581185930408537388e-01
3.111480120569467545e-01
2.027533436194062233e-01
1.670404952019453049e-01
1.692247381433844566e-01
2.248073667287826538e-01
1.960380598902702332e-01
3.181836311705410480e-01
1.584004941396415234e-01
2.227823520079255104e-01
2.246533180586993694e-01
2.253264961764216423e-01
1.596137480810284615e-01
2.244658609852194786e-01
1.679062792100012302e-01
1.591218025423586369e-01
1.597606646828353405e-01
1.934924190863966942e-01
2.038844758644700050e-01
2.122663990594446659e-01
2.033661478199064732e-01
2.260278570465743542e-01
2.256273729726672173e-01
2.708211401477456093e-01
1.670108097605407238e-01
2.264108681119978428e-01
2.250065961852669716e-01
2.376301437616348267e-01
1.948231710121035576e-01
3.098811972886323929e-01
2.252681269310414791e-01
1.945209768600761890e-01
2.032196270301938057e-01
2.131389291025698185e-01
3.284627990797162056e-01
1.507753939367830753e-01
1.768406769260764122e-01
1.883221478201448917e-01
1.870459509082138538e-01
1.941771451383829117e-01
1.847919151186943054e-01
2.109027700498700142e-01
2.216298682615160942e-01
1.677149375900626183e-01
1.934697991237044334e-01
1.927061551250517368e-01
2.242010617628693581e-01
1.761873117648065090e-01
1.937270802445709705e-01
1.766678821295499802e-01
2.213403158821165562e-01
1.595257520675659180e-01
1.761132581159472466e-01
2.547072391025722027e-01
1.585318301804363728e-01
2.117003249004483223e-01
1.679351981729269028e-01
1.602046582847833633e-01
1.602851459756493568e-01
1.700526680797338486e-01
1.685978351160883904e-01
1.508328104391694069e-01
2.215300458483397961e-01
1.780475829727947712e-01
2.029619216918945312e-01
1.577115152031183243e-01
1.690380522049963474e-01
2.273787320591509342e-01
1.679730569012463093e-01
2.263767588883638382e-01
2.270196219906210899e-01
1.761694671586155891e-01
2.048474419862031937e-01
1.850911071524024010e-01
2.763692499138414860e-01
2.130693471990525723e-01
1.502749230712652206e-01
1.685338201932609081e-01
2.255972363054752350e-01
1.852308963425457478e-01
2.282032519578933716e-01
2.247394840233027935e-01
2.031537811271846294e-01
1.870886809192597866e-01
1.946540707722306252e-01
2.202020171098411083e-01
2.268149307928979397e-01
1.763396598398685455e-01
1.772776041179895401e-01
2.025006199255585670e-01
1.596344937570393085e-01
2.781811878085136414e-01
2.125037619844079018e-01
2.601940291933715343e-01
2.119785440154373646e-01
1.761641511693596840e-01
1.589669948443770409e-01
1.965922703966498375e-01
2.118378337472677231e-01
1.945294928736984730e-01
1.883321111090481281e-01
2.261506021022796631e-01
2.862218483351171017e-01
1.942293629981577396e-01
2.118336069397628307e-01
2.028273870237171650e-01
3.395974580198526382e-01
2.257428267039358616e-01
2.248337059281766415e-01
2.137599019333720207e-01
2.257528789341449738e-01
2.256362629123032093e-01
1.605285475961863995e-01
2.248087571933865547e-01
2.032697759568691254e-01
1.583090471103787422e-01
1.596586988307535648e-01
2.284824587404727936e-01
2.117861807346343994e-01
2.958518611267209053e-01
1.863475269638001919e-01
1.967446259222924709e-01
2.723727780394256115e-01
2.510436582379043102e-01
1.793093620799481869e-01
1.703386656008660793e-01
1.861137142404913902e-01
2.272808668203651905e-01
1.767397359944880009e-01
3.054907089099287987e-01
1.597764752805233002e-01
1.938079223036766052e-01
2.243609949946403503e-01
2.252099900506436825e-01
2.033228268846869469e-01
2.294045421294867992e-01
1.957241762429475784e-01
1.868435423821210861e-01
1.778022120706737041e-01
1.416418249718844891e-01
1.345772091299295425e-01
1.949238637462258339e-01
1.863649711012840271e-01
1.857308363541960716e-01
1.864328500814735889e-01
1.694201501086354256e-01
1.420785179361701012e-01
2.133204103447496891e-01
1.625404218211770058e-01
1.944511597976088524e-01
1.952676582150161266e-01
1.865725242532789707e-01
1.856742198579013348e-01
1.965598771348595619e-01
3.034467939287424088e-01
1.918881572782993317e-01
1.871707052923738956e-01
1.776858698576688766e-01
2.128507047891616821e-01
1.772721162997186184e-01
1.692275931127369404e-01
1.594835519790649414e-01
1.706174341961741447e-01
1.683268868364393711e-01
1.584789194166660309e-01
1.511140950024127960e-01
1.850772597827017307e-01
2.234165449626743793e-01
1.933213658630847931e-01
1.956593720242381096e-01
2.143511227332055569e-01
1.676357472315430641e-01
2.219882798381149769e-01
1.675148899666965008e-01
1.414117189124226570e-01
2.275255988352000713e-01
2.247510561719536781e-01
1.769478088244795799e-01
1.421991116367280483e-01
2.109691840596497059e-01
1.780007630586624146e-01
2.119238767772912979e-01
2.668887358158826828e-01
1.843557432293891907e-01
2.105826488696038723e-01
2.140686158090829849e-01
2.460000948049128056e-01
1.802958589978516102e-01
1.675534406676888466e-01
1.942346249707043171e-01
1.590453749522566795e-01
1.777112870477139950e-01
1.326521490700542927e-01
1.774738617241382599e-01
1.946082361973822117e-01
1.594050568528473377e-01
1.591130718588829041e-01
1.849227831698954105e-01
2.262167241424322128e-01
1.943801650777459145e-01
2.764600408263504505e-01
1.740382206626236439e-01
1.860444438643753529e-01
1.669197510927915573e-01
1.854370362125337124e-01
1.679565859958529472e-01
1.684441035613417625e-01
1.756543768569827080e-01
1.682085352949798107e-01
2.117202468216419220e-01
1.756042568013072014e-01
2.252852972596883774e-01
1.767703141085803509e-01
2.843860033899545670e-01
2.130847261287271976e-01
1.646027048118412495e-01
1.671095718629658222e-01
1.590722752735018730e-01
1.423894888721406460e-01
2.040861812420189381e-01
1.761876679956912994e-01
1.773215490393340588e-01
2.032973319292068481e-01
1.769295800477266312e-01
3.096415069885551929e-01
1.770617901347577572e-01
2.430246388539671898e-01
2.434495990164577961e-01
1.703440751880407333e-01
1.947853043675422668e-01
1.677793730050325394e-01
1.947229420766234398e-01
2.202635239809751511e-01
2.143109780736267567e-01
1.754926224239170551e-01
2.037673038430511951e-01
1.690668901428580284e-01
1.949376962147653103e-01
1.787435710430145264e-01
2.202206770889461040e-01
1.624250221066176891e-01
2.262092060409486294e-01
1.694609108380973339e-01
1.932444409467279911e-01
1.992958677001297474e-01
2.832879689522087574e-01
1.765420488081872463e-01
2.960569201968610287e-01
2.213430148549377918e-01
1.827856916934251785e-01
2.148899426683783531e-01
2.259923471137881279e-01
1.599423689767718315e-01
1.504718638025224209e-01
2.030299850739538670e-01
1.769543462432920933e-01
2.027192101813852787e-01
2.109998296946287155e-01
2.064038561657071114e-01
1.958957402966916561e-01
1.842470159754157066e-01
2.018407657742500305e-01
1.590577028691768646e-01
1.762617616914212704e-01
2.249473249539732933e-01
2.234662957489490509e-01
2.264764346182346344e-01
1.960424049757421017e-01
1.842356189154088497e-01
2.037909058853983879e-01
1.941809430718421936e-01
1.706246738322079182e-01
1.937657142989337444e-01
1.779853580519556999e-01
2.229280145838856697e-01
1.969564440660178661e-01
2.124327002093195915e-01
1.963108899071812630e-01
2.242282764054834843e-01
2.261842964217066765e-01
2.945707798935472965e-01
2.241573133505880833e-01
1.486347881145775318e-01
1.677273791283369064e-01
1.498131030239164829e-01
1.791179878637194633e-01
1.851575202308595181e-01
1.770991459488868713e-01
2.027132064104080200e-01
1.687808069400489330e-01
1.406409656628966331e-01
1.850516903214156628e-01
2.547863200306892395e-01
2.026188899762928486e-01
1.775134061463177204e-01
1.588665982708334923e-01
1.785021941177546978e-01
1.857764059677720070e-01
2.201717589050531387e-01
1.952715101651847363e-01
1.598736061714589596e-01
2.031231466680765152e-01
1.761238849721848965e-01
1.414183643646538258e-01
1.944981003180146217e-01
1.928856121376156807e-01
1.844132919795811176e-01
1.942840921692550182e-01
2.032220219261944294e-01
1.591979279182851315e-01
2.246333798393607140e-01
1.693062656559050083e-01
1.672356342896819115e-01
1.493580560199916363e-01
1.671398221515119076e-01
1.503102374263107777e-01
1.601994149386882782e-01
1.581200622022151947e-01
1.948672332800924778e-01
1.679261229000985622e-01
1.843070746399462223e-01
1.870155790820717812e-01
1.593678127974271774e-01
1.343506709672510624e-01
1.861442937515676022e-01
2.853965647518634796e-01
2.260188502259552479e-01
1.497990447096526623e-01
2.194306110031902790e-01
2.133680093102157116e-01
2.221763008274137974e-01
2.200795803219079971e-01
1.427073157392442226e-01
1.755150128155946732e-01
1.945450450293719769e-01
1.671645753085613251e-01
1.774115422740578651e-01
1.784907593391835690e-01
1.581753008067607880e-01
2.227267688140273094e-01
1.765899448655545712e-01
2.243632138706743717e-01
1.955231530591845512e-01
1.586823933757841587e-01
2.054578792303800583e-01
2.259375010617077351e-01
1.417546928860247135e-01
2.046305001713335514e-01
1.950817024335265160e-01
1.588543108664453030e-01
1.939809457398951054e-01
1.413580370135605335e-01
1.693924637511372566e-01
1.506039006635546684e-01
1.888532568700611591e-01
2.028414718806743622e-01
2.263370398432016373e-01
1.768443430773913860e-01
3.458166448399424553e-01
1.847161590121686459e-01
1.670302338898181915e-01
2.125377282500267029e-01
1.763060046359896660e-01
2.129190363921225071e-01
2.115338710136711597e-01
2.225474761798977852e-01
1.885234387591481209e-01
1.767884907312691212e-01
2.255312348715960979e-01
1.789511349052190781e-01
2.205634526908397675e-01
2.256538281217217445e-01
1.529941908083856106e-01
1.948631489649415016e-01
1.415914907120168209e-01
2.110852161422371864e-01
1.500385766848921776e-01
2.230016058310866356e-01
1.429993463680148125e-01
1.680070646107196808e-01
1.499943970702588558e-01
1.602042317390441895e-01
2.112817456945776939e-01
1.942388880997896194e-01
2.760745589621365070e-01
2.121934718452394009e-01
1.499587022699415684e-01
1.875157556496560574e-01
1.940066390670835972e-01
1.940531539730727673e-01
1.766647300682961941e-01
2.291019260883331299e-01
2.032548165880143642e-01
2.116215839050710201e-01
1.580475582741200924e-01
2.199945463798940182e-01
1.590494317933917046e-01
1.670228880830109119e-01
1.765479813329875469e-01
1.848122477531433105e-01
2.240153662860393524e-01
2.118284371681511402e-01
2.237387672066688538e-01
2.253613532520830631e-01
2.322856807149946690e-01
1.758858477696776390e-01
1.840012897737324238e-01
2.150061810389161110e-01
2.108397288247942924e-01
1.765011800453066826e-01
2.281937496736645699e-01
2.254030583426356316e-01
1.408998291008174419e-01
2.111465730704367161e-01
1.593750980682671070e-01
2.133497549220919609e-01
1.939243730157613754e-01
1.940296459943056107e-01
2.267615352757275105e-01
2.251599999144673347e-01
1.678560399450361729e-01
1.933250599540770054e-01
2.194574847817420959e-01
2.249604146927595139e-01
1.596135189756751060e-01
1.588383680209517479e-01
2.035477128811180592e-01
1.762831681407988071e-01
1.938660070300102234e-01
2.055116831324994564e-01
1.851681382395327091e-01
1.502731060609221458e-01
2.024907027371227741e-01
1.845199503004550934e-01
2.530589099042117596e-01
1.668102131225168705e-01
1.852338402532041073e-01
1.939882086589932442e-01
1.758093279786407948e-01
1.778917550109326839e-01
1.502397777512669563e-01
1.947364858351647854e-01
2.209419580176472664e-01
2.109827068634331226e-01
1.709686447866261005e-01
1.504215579479932785e-01
1.941716810688376427e-01
1.780231152661144733e-01
1.771529889665544033e-01
1.864856602624058723e-01
2.252249959856271744e-01
2.253400520421564579e-01
2.121983179822564125e-01
1.759719350375235081e-01
1.941765849478542805e-01
1.971529969014227390e-01
1.847561020404100418e-01
1.583763412199914455e-01
2.031861580908298492e-01
1.944380369968712330e-01
1.507423738949000835e-01
1.868676668964326382e-01
1.331923264078795910e-01
1.509293690323829651e-01
2.252934039570391178e-01
1.964183659292757511e-01
1.770351012237370014e-01
1.772942221723496914e-01
1.775732701644301414e-01
2.326046801172196865e-01
1.671582511626183987e-01
2.028880277648568153e-01
2.245997078716754913e-01
1.595624480396509171e-01
2.221201811917126179e-01
2.248089471831917763e-01
2.029854082502424717e-01
1.850938261486589909e-01
1.591219641268253326e-01
1.939316331408917904e-01
1.598149319179356098e-01
1.502862349152565002e-01
1.588933202438056469e-01
1.680324906483292580e-01
2.752133859321475029e-01
1.583370021544396877e-01
1.674425359815359116e-01
1.797700710594654083e-01
1.590405018068850040e-01
2.854014979675412178e-01
1.590319937095046043e-01
1.679467549547553062e-01
2.126832106150686741e-01
2.024018596857786179e-01
1.502864840440452099e-01
2.125465469434857368e-01
2.105694441124796867e-01
1.937725502066314220e-01
1.928497659973800182e-01
3.351159133017063141e-01
1.684505990706384182e-01
1.868200730532407761e-01
1.499502188526093960e-01
2.318138396367430687e-01
1.935643539763987064e-01
1.583431330509483814e-01
1.586910588666796684e-01
2.241955953650176525e-01
1.940181800164282322e-01
1.585842347703874111e-01
2.499656947329640388e-01
1.858595246449112892e-01
1.677656122483313084e-01
1.766653801314532757e-01
2.240257412195205688e-01
1.607249239459633827e-01
1.586625291965901852e-01
1.694671609438955784e-01
1.766953500919044018e-01
1.586349182762205601e-01
1.692323982715606689e-01
1.509806257672607899e-01
2.670960850082337856e-01
1.694993111304938793e-01
2.126806997694075108e-01
2.930645719170570374e-01
2.045452985912561417e-01
1.762373181991279125e-01
1.675190930254757404e-01
1.954495538957417011e-01
2.255434072576463223e-01
1.595066641457378864e-01
2.252678372897207737e-01
1.944553898647427559e-01
1.782693159766495228e-01
1.981813320890069008e-01
2.014220259152352810e-01
2.325128433294594288e-01
2.201087358407676220e-01
2.223859289661049843e-01
1.930682659149169922e-01
1.771599831990897655e-01
1.939764390699565411e-01
2.349420380778610706e-01
2.129425979219377041e-01
1.507336720824241638e-01
1.944804349914193153e-01
1.517256670631468296e-01
1.583501817658543587e-01
1.767053077928721905e-01
1.850589029490947723e-01
1.495222556404769421e-01
2.778272000141441822e-01
1.941661098971962929e-01
1.852812059223651886e-01
1.842501107603311539e-01
3.132861070334911346e-01
1.941359173506498337e-01
1.760013620369136333e-01
2.255110908299684525e-01
2.244787029922008514e-01
2.117204959504306316e-01
2.386515182442963123e-01
1.945584863424301147e-01
1.933421753346920013e-01
2.194812828674912453e-01
1.493897531181573868e-01
1.503114779479801655e-01
1.784634287469089031e-01
1.750414511188864708e-01
2.010195450857281685e-01
1.604604236781597137e-01
1.940339729189872742e-01
1.688351440243422985e-01
1.932412390597164631e-01
1.851119599305093288e-01
2.129006315954029560e-01
2.109986660070717335e-01
1.939836060628294945e-01
2.243786673061549664e-01
2.116387970745563507e-01
2.117324126884341240e-01
1.680476339533925056e-01
1.502020750194787979e-01
1.768780639395117760e-01
2.197001860477030277e-01
2.031160448677837849e-01
1.503320089541375637e-01
1.950174579396843910e-01
2.202042718417942524e-01
1.678796438500285149e-01
1.694403230212628841e-01
2.024881076067686081e-01
2.027442757971584797e-01
1.442428366281092167e-01
2.032632608897984028e-01
2.844614712521433830e-01
1.948604322969913483e-01
2.113408613950014114e-01
1.945890239439904690e-01
1.687894649803638458e-01
1.500435490161180496e-01
1.684146667830646038e-01
2.027388610877096653e-01
2.047328338958323002e-01
2.197657651267945766e-01
2.071969960816204548e-01
3.656222498975694180e-01
1.927081001922488213e-01
1.681523402221500874e-01
1.963788149878382683e-01
1.940235793590545654e-01
1.760721737518906593e-01
1.851539374329149723e-01
2.123932982794940472e-01
1.854707947932183743e-01
1.754867760464549065e-01
1.844680379144847393e-01
1.620196769945323467e-01
2.196901091374456882e-01
1.672880519181489944e-01
2.048468054272234440e-01
1.587839950807392597e-01
1.851153713651001453e-01
1.947448272258043289e-01
1.415414693765342236e-01
2.058417629450559616e-01
1.763153490610420704e-01
2.020077710039913654e-01
2.109173559583723545e-01
1.844882238656282425e-01
2.054700101725757122e-01
2.247556340880692005e-01
2.136772279627621174e-01
1.777221132069826126e-01
2.040865649469196796e-01
1.935488726012408733e-01
2.043086439371109009e-01
2.233635769225656986e-01
2.057346766814589500e-01
2.115160203538835049e-01
2.698034159839153290e-01
2.225524499081075191e-01
1.595132872462272644e-01
1.853804402053356171e-01
1.602448681369423866e-01
1.588970837183296680e-01
1.586792091839015484e-01
2.133292942307889462e-01
1.672454597428441048e-01
2.430732431821525097e-01
1.409452250227332115e-01
1.583454199135303497e-01
1.419248981401324272e-01
1.763503127731382847e-01
1.521479678340256214e-01
1.939555671997368336e-01
1.766010741703212261e-01
1.505229189060628414e-01
1.946454476565122604e-01
2.272344022057950497e-01
1.695512742735445499e-01
1.944753639400005341e-01
2.124900128692388535e-01
2.115752166137099266e-01
2.252727951854467392e-01
2.118357690051198006e-01
1.849652659147977829e-01
1.501184399239718914e-01
1.765254200436174870e-01
1.760358563624322414e-01
1.423484426923096180e-01
2.111640186049044132e-01
1.242110389284789562e-01
2.322869640775024891e-01
2.644867948256433010e-01
1.582600148394703865e-01
1.783785559237003326e-01
1.676180330105125904e-01
2.029867642559111118e-01
1.774846091866493225e-01
1.680108830332756042e-01
2.280427468940615654e-01
1.674438701011240482e-01
1.419530650600790977e-01
1.493831668049097061e-01
1.947731450200080872e-01
1.799263400025665760e-01
1.686618789099156857e-01
1.872800458222627640e-01
2.121730209328234196e-01
2.117199348285794258e-01
2.045044670812785625e-01
2.117926618084311485e-01
1.592370676808059216e-01
1.768376780673861504e-01
1.860269857570528984e-01
1.875478276051580906e-01
1.688491688109934330e-01
2.250135191716253757e-01
1.868403879925608635e-01
2.033294118009507656e-01
2.261320403777062893e-01
2.036130432970821857e-01
1.583519261330366135e-01
1.792118540033698082e-01
1.590291541069746017e-01
1.417761291377246380e-01
1.942544709891080856e-01
1.944746882654726505e-01
1.701718787662684917e-01
1.950919581577181816e-01
2.198499897494912148e-01
1.331052021123468876e-01
2.497695088386535645e-01
1.801072279922664165e-01
2.188100293278694153e-01
1.496960450895130634e-01
1.758546098135411739e-01
2.113166227936744690e-01
2.114090509712696075e-01
2.017769319936633110e-01
1.853171843104064465e-01
2.041188199073076248e-01
2.847627783194184303e-01
1.584309563040733337e-01
1.588012296706438065e-01
1.760563217103481293e-01
1.517084380611777306e-01
2.026457618921995163e-01
1.502261697314679623e-01
1.585452277213335037e-01
1.412175819277763367e-01
1.696079401299357414e-01
2.028022469021379948e-01
1.761717498302459717e-01
2.115941862575709820e-01
2.108582481741905212e-01
1.677284268662333488e-01
1.500182929448783398e-01
1.758260480128228664e-01
1.493288651108741760e-01
1.583149130456149578e-01
1.607643011957406998e-01
2.193811438046395779e-01
1.764542711898684502e-01
2.120755696669220924e-01
1.905751689337193966e-01
2.012982978485524654e-01
1.959856166504323483e-01
2.110539330169558525e-01
2.209059349261224270e-01
1.965291518718004227e-01
1.765294210053980350e-01
2.248527826741337776e-01
1.607157811522483826e-01
2.106474321335554123e-01
1.674972418695688248e-01
1.762214009650051594e-01
2.252965220250189304e-01
1.951852990314364433e-01
3.351041013374924660e-01
2.023319988511502743e-01
1.871260781772434711e-01
2.016835361719131470e-01
1.436899211257696152e-01
2.256673090159893036e-01
1.852243500761687756e-01
1.588064162060618401e-01
2.859045639634132385e-01
1.760451640002429485e-01
1.754699037410318851e-01
2.231820225715637207e-01
2.103264131583273411e-01
1.868043760769069195e-01
2.108779377304017544e-01
2.188088940456509590e-01
1.797049287706613541e-01
2.033302481286227703e-01
2.153476509265601635e-01
2.657410940155386925e-01
2.108757980167865753e-01
1.582364970818161964e-01
2.046157000586390495e-01
1.579652801156044006e-01
1.863973839208483696e-01
2.115266229957342148e-01
2.027791398577392101e-01
2.024800451472401619e-01
2.034425837919116020e-01
2.113057021051645279e-01
1.675859089009463787e-01
1.756145530380308628e-01
1.509599252603948116e-01
2.020435221493244171e-01
2.024746341630816460e-01
2.269764100201427937e-01
2.037301119416952133e-01
1.414111028425395489e-01
2.037528380751609802e-01
2.122191577218472958e-01
1.443362850695848465e-01
1.844727890565991402e-01
2.017348636873066425e-01
2.021819902583956718e-01
1.852636360563337803e-01
1.353388042189180851e-01
2.020117077045142651e-01
2.238683807663619518e-01
1.925865123048424721e-01
1.768190730363130569e-01
1.746376012451946735e-01
2.011950160376727581e-01
1.898308750241994858e-01
1.862759329378604889e-01
2.197673111222684383e-01
1.588672921061515808e-01
1.770330714061856270e-01
1.589897163212299347e-01
2.026101611554622650e-01
2.109142942354083061e-01
1.864462601952254772e-01
1.679920181632041931e-01
1.412920448929071426e-01
1.952304458245635033e-01
1.679276470094919205e-01
1.766897542402148247e-01
2.240534629672765732e-01
1.497942782007157803e-01
1.960133700631558895e-01
1.769173308275640011e-01
2.026832969859242439e-01
2.117262086831033230e-01
2.204915322363376617e-01
1.957523599267005920e-01
2.028569383546710014e-01
1.676467540673911572e-01
1.785440272651612759e-01
2.266918374225497246e-01
1.674722097814083099e-01
1.939111547544598579e-01
1.496228543110191822e-01
1.520269252359867096e-01
1.845016889274120331e-01
1.417263001203536987e-01
1.955320420674979687e-01
1.945071490481495857e-01
1.587961837649345398e-01
1.759382663294672966e-01
1.409852681681513786e-01
1.689909389242529869e-01
2.243181341327726841e-01
2.110343370586633682e-01
2.241689781658351421e-01
1.841419958509504795e-01
2.232229053042829037e-01
1.324219037778675556e-01
1.408637259155511856e-01
1.768187917768955231e-01
1.671423269435763359e-01
1.938441339880228043e-01
1.663826061412692070e-01
1.661951676942408085e-01
1.599645130336284637e-01
1.926713860593736172e-01
1.491570142097771168e-01
2.012119111604988575e-01
2.232472999021410942e-01
1.742356121540069580e-01
2.081006043590605259e-01
1.659815236926078796e-01
1.738325799815356731e-01
1.991716558113694191e-01
1.563315507955849171e-01
1.846077358350157738e-01
2.224591867998242378e-01
1.841347548179328442e-01
1.946790879592299461e-01
2.014302359893918037e-01
1.948971669189631939e-01
1.663503595627844334e-01
1.588240810669958591e-01
2.107273731380701065e-01
1.933184140361845493e-01
1.518132928758859634e-01
1.675861980766057968e-01
2.049402007833123207e-01
1.944109168834984303e-01
1.851507122628390789e-01
1.670448929071426392e-01
1.763657159171998501e-01
1.689830608665943146e-01
2.256214492954313755e-01
1.588026722893118858e-01
1.675951350480318069e-01
1.591744646430015564e-01
1.766103301197290421e-01
1.587526928633451462e-01
2.244248040951788425e-01
1.932957810349762440e-01
2.014414877630770206e-01
1.593898013234138489e-01
2.196778543293476105e-01
1.766385869123041630e-01
1.854562778025865555e-01
1.848689722828567028e-01
1.678003501147031784e-01
1.757163489237427711e-01
1.412267908453941345e-01
1.765679330565035343e-01
1.585657326504588127e-01
1.675172350369393826e-01
1.974345371127128601e-01
2.218415588140487671e-01
1.598109076730906963e-01
1.782863149419426918e-01
2.250644611194729805e-01
1.848266399465501308e-01
2.275094329379498959e-01
2.242148430086672306e-01
1.772173913195729256e-01
1.926999706774950027e-01
2.019128142856061459e-01
1.755504473112523556e-01
2.117031319066882133e-01
1.609468441456556320e-01
1.784646371379494667e-01
2.019142718054354191e-01
1.865399363450706005e-01
1.500097610987722874e-01
1.780238179489970207e-01
2.102781916037201881e-01
1.523499269969761372e-01
1.951823127456009388e-01
1.967876409180462360e-01
1.758997878059744835e-01
1.992193018086254597e-01
2.113868799060583115e-01
2.271573371253907681e-01
1.779736820608377457e-01
1.698846193030476570e-01
1.584459613077342510e-01
1.773829832673072815e-01
1.499434430152177811e-01
1.833824072964489460e-01
2.116146241314709187e-01
1.948802131228148937e-01
1.578736379742622375e-01
2.189568062312901020e-01
2.189748859964311123e-01
1.839043921791017056e-01
1.845803973264992237e-01
1.845540548674762249e-01
3.017129329964518547e-01
1.589600513689219952e-01
1.773520722053945065e-01
1.754641490988433361e-01
1.934457309544086456e-01
1.845282209105789661e-01
2.236466160975396633e-01
1.587791130878031254e-01
1.666431287303566933e-01
1.413778439164161682e-01
2.016060389578342438e-01
1.759839286096394062e-01
1.689487467519938946e-01
1.671927408315241337e-01
1.838944153860211372e-01
2.246265569701790810e-01
1.762794442474842072e-01
1.777432691305875778e-01
2.016558330506086349e-01
1.589991706423461437e-01
1.414473289623856544e-01
2.110071307979524136e-01
1.599985840730369091e-01
2.240928290411829948e-01
1.939337509684264660e-01
1.855251058004796505e-01
1.832696069031953812e-01
1.504213381558656693e-01
2.107443972490727901e-01
1.903369189240038395e-01
2.424004441127181053e-01
1.670852690003812313e-01
1.419454868882894516e-01
2.026045080274343491e-01
1.842416408471763134e-01
1.862479588016867638e-01
2.202047491446137428e-01
1.754251797683537006e-01
1.950333877466619015e-01
1.750604510307312012e-01
2.124949228018522263e-01
1.761613008566200733e-01
1.751099019311368465e-01
1.679126759991049767e-01
1.493137702345848083e-01
1.664256360381841660e-01
1.595978420227766037e-01
2.114475499838590622e-01
1.753697353415191174e-01
2.113805320113897324e-01
1.498609972186386585e-01
2.242278154008090496e-01
1.660136319696903229e-01
1.833438901230692863e-01
1.492808647453784943e-01
1.587712150067090988e-01
2.086943513713777065e-01
1.846317332237958908e-01
1.585015729069709778e-01
1.753554176539182663e-01
1.674614911898970604e-01
2.275136071257293224e-01
2.021555327810347080e-01
2.253547380678355694e-01
1.606750860810279846e-01
1.489940034225583076e-01
2.257539848797023296e-01
2.255324050784111023e-01
1.755323670804500580e-01
3.254991970025002956e-01
2.035287171602249146e-01
1.675062612630426884e-01
1.573150688782334328e-01
2.014267626218497753e-01
1.325049642473459244e-01
2.261010720394551754e-01
2.228600969538092613e-01
2.235750001855194569e-01
2.258323030546307564e-01
1.587100676260888577e-01
1.935673588886857033e-01
2.007205723784863949e-01
2.103346427902579308e-01
2.120376741513609886e-01
1.587348319590091705e-01
2.207079660147428513e-01
1.603062353096902370e-01
2.113277949392795563e-01
2.192338751628994942e-01
2.004019939340651035e-01
1.903932080604135990e-01
1.761586489155888557e-01
1.579247494228184223e-01
1.944505269639194012e-01
2.128720460459589958e-01
2.107144589535892010e-01
1.760339969769120216e-01
1.669462788850069046e-01
2.249131747521460056e-01
1.851408798247575760e-01
1.251115710474550724e-01
1.956605580635368824e-01
1.697999923489987850e-01
1.243588700890541077e-01
1.879146476276218891e-01
3.121142257004976273e-01
1.603691279888153076e-01
2.278734389692544937e-01
2.211374198086559772e-01
1.772090271115303040e-01
1.509925900027155876e-01
1.603852827101945877e-01
1.597157251089811325e-01
1.864887150004506111e-01
1.513970731757581234e-01
2.867247117683291435e-01
1.700741928070783615e-01
1.955019109882414341e-01
1.605928209610283375e-01
1.952552651055157185e-01
1.777545670047402382e-01
1.793006057851016521e-01
1.692729480564594269e-01
2.129166079685091972e-01
1.591639420948922634e-01
1.865343949757516384e-01
3.370162700302898884e-01
3.108876743353903294e-01
3.431618618778884411e-01
2.261052080430090427e-01
1.945771989412605762e-01
1.605832879431545734e-01
2.248020116239786148e-01
2.262645927257835865e-01
2.243522130884230137e-01
2.883475930429995060e-01
1.639141072519123554e-01
3.006403869949281216e-01
2.136095208115875721e-01
3.459622333757579327e-01
2.771917190402746201e-01
1.751341959461569786e-01
2.246077428571879864e-01
1.593093690462410450e-01
2.259052288718521595e-01
1.673878612928092480e-01
3.554514506831765175e-01
1.929460219107568264e-01
3.438944141380488873e-01
1.586076691746711731e-01
1.935653490945696831e-01
3.191060214303433895e-01
2.119246199727058411e-01
3.522210540249943733e-01
3.027786258608102798e-01
3.732969048433005810e-01
2.145599038340151310e-01
2.896057828329503536e-01
3.296391582116484642e-01
1.858734600245952606e-01
1.852966407313942909e-01
2.278335089795291424e-01
3.302435511723160744e-01
1.863959059119224548e-01
2.256902307271957397e-01
1.690341839566826820e-01
2.868499588221311569e-01
1.627377872355282307e-01
3.564233360812067986e-01
1.614212519489228725e-01
3.155861729755997658e-01
2.255437066778540611e-01
1.778175863437354565e-01
2.270707720890641212e-01
1.966789220459759235e-01
1.786553179845213890e-01
3.337075477465987206e-01
1.954752020537853241e-01
1.429518396034836769e-01
1.600627172738313675e-01
3.595548789016902447e-01
2.252030870877206326e-01
1.707449886016547680e-01
1.774166910909116268e-01
2.220519883558154106e-01
2.260794630274176598e-01
2.134926649741828442e-01
1.948481476865708828e-01
2.257961640134453773e-01
3.129417113959789276e-01
1.700563500635325909e-01
1.782967192120850086e-01
3.975685872137546539e-01
1.954783960245549679e-01
1.885119248181581497e-01
2.263671159744262695e-01
2.777286386117339134e-01
1.690769926644861698e-01
2.698179623112082481e-01
3.316897032782435417e-01
3.386026811785995960e-01
3.674090993590652943e-01
3.398368381895124912e-01
2.257145200856029987e-01
1.876795561984181404e-01
2.960061910562217236e-01
2.277507456019520760e-01
3.374458421021699905e-01
2.118834187276661396e-01
2.799046332947909832e-01
1.863020351156592369e-01
2.269809409044682980e-01
2.151271617040038109e-01
1.694756443612277508e-01
3.560624993406236172e-01
3.467436372302472591e-01
2.268166388384997845e-01
2.208679253235459328e-01
1.966068409383296967e-01
2.209502211771905422e-01
2.272690148092806339e-01
2.548433979973196983e-01
2.020801277831196785e-01
2.201027916744351387e-01
1.803642800077795982e-01
2.115869037806987762e-01
1.508695390075445175e-01
1.849333280697464943e-01
1.787749049253761768e-01
1.665824879892170429e-01
1.882477239705622196e-01
2.026632861234247684e-01
2.024695989675819874e-01
2.243155930191278458e-01
1.928720390424132347e-01
1.669695996679365635e-01
1.762644574046134949e-01
2.189456718042492867e-01
1.680354913696646690e-01
2.236508857458829880e-01
1.925369556993246078e-01
1.606210586614906788e-01
2.105027772486209869e-01
1.933096358552575111e-01
1.951567539945244789e-01
1.409097248688340187e-01
1.517058880999684334e-01
1.402147389017045498e-01
1.670589358545839787e-01
1.671320386230945587e-01
1.678373189643025398e-01
2.414277023635804653e-01
2.400877010077238083e-01
1.582721476443111897e-01
1.950066247954964638e-01
2.228768439963459969e-01
2.100900011137127876e-01
1.756148617714643478e-01
2.035440248437225819e-01
2.182138529606163502e-01
2.767446921207010746e-01
2.223410690203309059e-01
1.665179142728447914e-01
1.833727899938821793e-01
1.913942396640777588e-01
1.829033889807760715e-01
1.581865628249943256e-01
1.825979528948664665e-01
2.206823201850056648e-01
2.225707718171179295e-01
2.178588900715112686e-01
1.752279857173562050e-01
3.239716398529708385e-01
1.915262117981910706e-01
1.511187390424311161e-01
2.007645270787179470e-01
2.122185840271413326e-01
2.003955557011067867e-01
1.579278209246695042e-01
2.109735608100891113e-01
3.330345898866653442e-01
2.191409789957106113e-01
2.011851230636239052e-01
2.000799556262791157e-01
1.913570268079638481e-01
1.785763893276453018e-01
2.142825201153755188e-01
1.930631268769502640e-01
2.176162260584533215e-01
1.573558519594371319e-01
1.579142212867736816e-01
1.909339250996708870e-01
1.748003447428345680e-01
1.931447279639542103e-01
1.991890100762248039e-01
1.750118350610136986e-01
1.743296799249947071e-01
1.745836730115115643e-01
1.665896750055253506e-01
1.919223968870937824e-01
1.569519797340035439e-01
2.729902616702020168e-01
1.736956648528575897e-01
2.167636663652956486e-01
1.838685260154306889e-01
1.754312906414270401e-01
1.583972359076142311e-01
1.968494029715657234e-01
1.999672241508960724e-01
2.236116169951856136e-01
1.934842653572559357e-01
2.021712320856750011e-01
1.488836812786757946e-01
1.579842567443847656e-01
1.841650456190109253e-01
1.611620378680527210e-01
2.088829819113016129e-01
1.520996317267417908e-01
2.014729650691151619e-01
1.589225549250841141e-01
1.669385121203958988e-01
2.019270560704171658e-01
1.604633540846407413e-01
2.525347247719764709e-01
1.674922876991331577e-01
1.840428221039474010e-01
1.933594672009348869e-01
1.752671408466994762e-01
1.585983899421989918e-01
2.198514607734978199e-01
2.239835341461002827e-01
1.518300301395356655e-01
1.580755701288580894e-01
2.025353927165269852e-01
2.013005800545215607e-01
1.668508560396730900e-01
2.215775628574192524e-01
1.502959569916129112e-01
1.503357426263391972e-01
2.254280042834579945e-01
1.582689639180898666e-01
2.036724137142300606e-01
2.009556251578032970e-01
1.841411348432302475e-01
1.840667980723083019e-01
1.497921887785196304e-01
1.862069051712751389e-01
2.181410458870232105e-01
1.931114648468792439e-01
2.236929391510784626e-01
1.579902027733623981e-01
2.133228541351854801e-01
1.512865722179412842e-01
1.771314130164682865e-01
2.234850600361824036e-01
1.769154351204633713e-01
1.421964932233095169e-01
1.522420668043196201e-01
2.127666040323674679e-01
2.140517309308052063e-01
2.547948877327144146e-01
1.770110651850700378e-01
1.763816601596772671e-01
1.867096256464719772e-01
1.774889859370887280e-01
1.682514580897986889e-01
1.686655390076339245e-01
2.033394207246601582e-01
1.624011108651757240e-01
1.865326012484729290e-01
2.119477652013301849e-01
1.961696688085794449e-01
1.502875490114092827e-01
1.679767249152064323e-01
1.867483379319310188e-01
2.256129058077931404e-01
1.771066510118544102e-01
1.492659831419587135e-01
1.672016042284667492e-01
1.508249980397522449e-01
1.576452278532087803e-01
1.667492929846048355e-01
2.104165479540824890e-01
1.763137290254235268e-01
1.764891021884977818e-01
1.845111581496894360e-01
1.682560998015105724e-01
1.837182957679033279e-01
2.201022710651159286e-01
2.004964887164533138e-01
4.169081882573664188e-01
1.489407941699028015e-01
1.946697691455483437e-01
2.025008969940245152e-01
1.592160151340067387e-01
1.672560782171785831e-01
2.114016036503016949e-01
1.596877942793071270e-01
1.511866007931530476e-01
1.948970388621091843e-01
1.947390628047287464e-01
2.046187901869416237e-01
2.134353471919894218e-01
1.764065539464354515e-01
1.968243801966309547e-01
2.463736529462039471e-01
1.774381650611758232e-01
1.968899378553032875e-01
1.957339541986584663e-01
1.947882049717009068e-01
2.787944772280752659e-01
1.854938110336661339e-01
1.606764718890190125e-01
1.518123280256986618e-01
1.419287770986557007e-01
2.280626278370618820e-01
1.684039523825049400e-01
1.767343198880553246e-01
1.775287021882832050e-01
1.775269201025366783e-01
2.266983506269752979e-01
2.370776338502764702e-01
1.816886737942695618e-01
1.971671772189438343e-01
1.847289269790053368e-01
2.262227679602801800e-01
1.878764736466109753e-01
1.686691320501267910e-01
1.677964432165026665e-01
1.511610257439315319e-01
1.950037549249827862e-01
2.262023771181702614e-01
1.675331173464655876e-01
2.038549259305000305e-01
3.059511072933673859e-01
1.589609389193356037e-01
3.268924918957054615e-01
1.842420827597379684e-01
1.671001818031072617e-01
2.244569798931479454e-01
1.679752049967646599e-01
1.934616039507091045e-01
1.585939559154212475e-01
2.261546603403985500e-01
2.146870950236916542e-01
1.855842419900000095e-01
1.675425958819687366e-01
1.576527901925146580e-01
1.504803020507097244e-01
2.024521618150174618e-01
1.759705278091132641e-01
2.017357069998979568e-01
1.763213109225034714e-01
1.604209397919476032e-01
2.131619667634367943e-01
1.957867159508168697e-01
1.944239661097526550e-01
1.590755521319806576e-01
1.954358522780239582e-01
1.686383211053907871e-01
2.363545559346675873e-01
2.026776890270411968e-01
2.866905811242759228e-01
1.597640230320394039e-01
1.873175618238747120e-01
1.954155173152685165e-01
1.511985170654952526e-01
1.940963412635028362e-01
1.772693963721394539e-01
1.956240311264991760e-01
1.948976540006697178e-01
1.771868811920285225e-01
1.876618331298232079e-01
1.683546388521790504e-01
2.256605788134038448e-01
1.854696380905807018e-01
1.855594050139188766e-01
1.446870402432978153e-01
1.579455388709902763e-01
2.485253768973052502e-01
1.946644173003733158e-01
2.258954108692705631e-01
1.878318670205771923e-01
1.772483573295176029e-01
2.033623410388827324e-01
2.919594687409698963e-01
2.251974218524992466e-01
2.224113810807466507e-01
1.684460658580064774e-01
1.864293771795928478e-01
2.199377436190843582e-01
1.712509887292981148e-01
1.598292393609881401e-01
1.863887449726462364e-01
2.285491703078150749e-01
1.507110940292477608e-01
1.847380502149462700e-01
2.523783198557794094e-01
1.419683909043669701e-01
1.581281968392431736e-01
1.795156942680478096e-01
1.937436610460281372e-01
2.112190290354192257e-01
1.678055250085890293e-01
1.598530458286404610e-01
1.789920199662446976e-01
1.597261689603328705e-01
2.206189041025936604e-01
1.777611668221652508e-01
1.686100759543478489e-01
1.608477761037647724e-01
1.940187606960535049e-01
1.944699562154710293e-01
1.511393371038138866e-01
1.773743368685245514e-01
1.760085960850119591e-01
1.674736188724637032e-01
1.573457662016153336e-01
1.878370149061083794e-01
2.003799630329012871e-01
1.869317470118403435e-01
1.409964081831276417e-01
1.771621201187372208e-01
1.921274699270725250e-01
1.499792267568409443e-01
2.033268366940319538e-01
2.010206039994955063e-01
1.850267853587865829e-01
1.762729496695101261e-01
2.211717641912400723e-01
2.712001679465174675e-01
2.243326460011303425e-01
1.770572690293192863e-01
2.126079499721527100e-01
1.416971408762037754e-01
1.957951718941330910e-01
2.048307359218597412e-01
2.127724159508943558e-01
2.223209817893803120e-01
2.034677830524742603e-01
1.948104132898151875e-01
1.615180559456348419e-01
1.955910259857773781e-01
1.688880841247737408e-01
1.510446029715240002e-01
2.259172089397907257e-01
2.206634231843054295e-01
2.051371154375374317e-01
1.771051771938800812e-01
1.595689286477863789e-01
1.247472628019750118e-01
1.617867941968142986e-01
1.872072312980890274e-01
2.039074250496923923e-01
1.871913461945950985e-01
1.771987872198224068e-01
1.628866349346935749e-01
1.586267836391925812e-01
2.018788307905197144e-01
1.675491109490394592e-01
2.108661299571394920e-01
1.862200326286256313e-01
1.860232930630445480e-01
1.803312585689127445e-01
1.755886310711503029e-01
1.677437536418437958e-01
1.762109799310564995e-01
1.678447849117219448e-01
2.028813678771257401e-01
1.253849626518785954e-01
1.786154359579086304e-01
1.780112585984170437e-01
1.774463397450745106e-01
2.209866591729223728e-01
1.762782647274434566e-01
1.772316028364002705e-01
2.123577408492565155e-01
2.120473110117018223e-01
2.134038377553224564e-01
1.510749226436018944e-01
1.934872260317206383e-01
1.679776390083134174e-01
1.594346249476075172e-01
1.880214218981564045e-01
1.776709151454269886e-01
1.415861281566321850e-01
1.612729402258992195e-01
1.602773051708936691e-01
1.773367268033325672e-01
1.765490551479160786e-01
2.263065772131085396e-01
2.140627242624759674e-01
1.586809190921485424e-01
1.856474056839942932e-01
1.702382848598062992e-01
2.122160359285771847e-01
1.596926720812916756e-01
1.338177779689431190e-01
2.207323182374238968e-01
1.688559269532561302e-01
1.941537382081151009e-01
1.700079827569425106e-01
1.963366582058370113e-01
2.231838852167129517e-01
1.537079978734254837e-01
1.508735916577279568e-01
1.583649967797100544e-01
2.028224798850715160e-01
2.121604629792273045e-01
1.609983309172093868e-01
1.766308997757732868e-01
2.264645691029727459e-01
2.020636596716940403e-01
1.682111700065433979e-01
1.587324608117341995e-01
1.599188083782792091e-01
2.111799516715109348e-01
2.119711060076951981e-01
2.020920258946716785e-01
2.035442069172859192e-01
1.529538691975176334e-01
1.949002826586365700e-01
1.688552387058734894e-01
1.860773321241140366e-01
1.783545920625329018e-01
1.696510179899632931e-01
1.503129722550511360e-01
1.943433466367423534e-01
2.209539259783923626e-01
1.854057372547686100e-01
1.604371899738907814e-01
1.426049699075520039e-01
1.856233580037951469e-01
2.343066171742975712e-01
1.771046179346740246e-01
1.595875238999724388e-01
1.791466558352112770e-01
1.935918908566236496e-01
1.417244663462042809e-01
1.859738230705261230e-01
2.035652976483106613e-01
2.130068577826023102e-01
2.261416218243539333e-01
1.507640718482434750e-01
1.763448948040604591e-01
1.780782267451286316e-01
1.356369280256330967e-01
1.772839068435132504e-01
1.940535418689250946e-01
1.860680421814322472e-01
2.220351668074727058e-01
2.127678971737623215e-01
1.588146216236054897e-01
1.859116107225418091e-01
1.784284878522157669e-01
2.036347286775708199e-01
3.209894951432943344e-01
1.617962671443820000e-01
1.513604768551886082e-01
1.524571902118623257e-01
1.594952479936182499e-01
2.046967069618403912e-01
1.453053336590528488e-01
2.243394069373607635e-01
1.601032866165041924e-01
2.221677890047430992e-01
1.510810782201588154e-01
1.946812770329415798e-01
2.263971096836030483e-01
1.862467289902269840e-01
1.599880079738795757e-01
1.796848499216139317e-01
2.263313597068190575e-01
1.957830451428890228e-01
1.861581518314778805e-01
1.858697859570384026e-01
1.325463778339326382e-01
2.019863049499690533e-01
1.328310337848961353e-01
2.118589039891958237e-01
1.592673310078680515e-01
2.026742240414023399e-01
2.145774350501596928e-01
1.588465929962694645e-01
2.233439069241285324e-01
1.766828228719532490e-01
2.240605968981981277e-01
2.127303429879248142e-01
1.758713526651263237e-01
1.845617191866040230e-01
2.266646898351609707e-01
1.857394240796566010e-01
1.595511692576110363e-01
1.695863329805433750e-01
1.855655349791049957e-01
1.984532303176820278e-01
1.599081191234290600e-01
1.794030191376805305e-01
1.335113649256527424e-01
2.257363698445260525e-01
2.281715818680822849e-01
1.948018190450966358e-01
1.808021259494125843e-01
2.503970190882682800e-01
1.603956869803369045e-01
2.117987647652626038e-01
2.160024410113692284e-01
1.584642617963254452e-01
1.823256150819361210e-01
2.027461258694529533e-01
1.500650639645755291e-01
2.129879379644989967e-01
1.917843143455684185e-01
1.335362680256366730e-01
1.961074061691761017e-01
1.571637582965195179e-01
1.506762779317796230e-01
2.040403666906058788e-01
1.654598349705338478e-01
1.965957791544497013e-01
1.683852840214967728e-01
2.122975890524685383e-01
1.853877990506589413e-01
2.226498778909444809e-01
1.855190303176641464e-01
1.684140581637620926e-01
1.762155601754784584e-01
2.048730570822954178e-01
2.027269122190773487e-01
2.095150211825966835e-01
1.841307943686842918e-01
2.092867400497198105e-01
1.685137948952615261e-01
2.289529289118945599e-01
2.312315409071743488e-01
1.575604961253702641e-01
1.855113790370523930e-01
1.684550452046096325e-01
1.614909456111490726e-01
2.125139329582452774e-01
1.603390071541070938e-01
1.681141937151551247e-01
3.022760520689189434e-01
1.682519027963280678e-01
1.592635139822959900e-01
1.676308568567037582e-01
1.958033009432256222e-01
2.124892431311309338e-01
1.936472901143133640e-01
1.605099826119840145e-01
1.857836418785154819e-01
2.295742719434201717e-01
2.081167302094399929e-01
2.267116298899054527e-01
1.424879799596965313e-01
2.034837328828871250e-01
1.528567830100655556e-01
1.506962808780372143e-01
1.616408359259366989e-01
2.194522521458566189e-01
1.935358769260346889e-01
2.276759659871459007e-01
1.864137286320328712e-01
2.684268620796501637e-01
2.054922068491578102e-01
1.598773300647735596e-01
3.277305820956826210e-01
3.053186582401394844e-01
2.034758860245347023e-01
1.953247757628560066e-01
2.025023801252245903e-01
1.957444450818002224e-01
1.681610108353197575e-01
1.444027619436383247e-01
2.256057020276784897e-01
2.030686070211231709e-01
2.263520830310881138e-01
1.760340491309762001e-01
1.583387576974928379e-01
1.415935563854873180e-01
2.268497422337532043e-01
1.427202709019184113e-01
1.501412037760019302e-01
2.277173469774425030e-01
1.762778987176716328e-01
1.858382960781455040e-01
2.061051358468830585e-01
1.939271646551787853e-01
1.607260988093912601e-01
1.596365920267999172e-01
2.125385766848921776e-01
2.035962627269327641e-01
1.594775100238621235e-01
1.684045721776783466e-01
1.328437980264425278e-01
3.036191826686263084e-01
2.039855667389929295e-01
2.238433528691530228e-01
1.752472608350217342e-01
2.863312298431992531e-01
1.747508249245584011e-01
2.240996593609452248e-01
1.693720705807209015e-01
3.024962968192994595e-01
2.028440060093998909e-01
1.661367970518767834e-01
1.685854089446365833e-01
2.123128338716924191e-01
1.857279390096664429e-01
1.425088909454643726e-01
2.280229530297219753e-01
2.212722389958798885e-01
1.513213366270065308e-01
1.765056913718581200e-01
1.499924240633845329e-01
2.054681507870554924e-01
2.253434997983276844e-01
1.853806339204311371e-01
1.535160299390554428e-01
1.682451441884040833e-01
1.766815138980746269e-01
1.594775300472974777e-01
1.865644780918955803e-01
2.269277023151516914e-01
1.860869447700679302e-01
1.689955787733197212e-01
1.514888596720993519e-01
1.961070001125335693e-01
1.598057369701564312e-01
2.257738299667835236e-01
1.862930017523467541e-01
1.694677262566983700e-01
1.865778248757123947e-01
1.598905287683010101e-01
1.788232619874179363e-01
1.599734588526189327e-01
2.037713755853474140e-01
2.238910943269729614e-01
2.024130262434482574e-01
2.052568108774721622e-01
1.448995838873088360e-01
2.038701940327882767e-01
1.594823421910405159e-01
1.688981521874666214e-01
2.259398601017892361e-01
2.065688413567841053e-01
2.870849138125777245e-01
1.952724498696625233e-01
1.615280709229409695e-01
1.435072203166782856e-01
1.852936777286231518e-01
1.956842020153999329e-01
2.933523231185972691e-01
1.598827121779322624e-01
1.869227001443505287e-01
1.865344867110252380e-01
2.232649750076234341e-01
1.868601180613040924e-01
1.652110628783702850e-01
1.431493801064789295e-01
2.006174521520733833e-01
1.933387541212141514e-01
2.115386067889630795e-01
2.019706550054252148e-01
1.927244057878851891e-01
1.665992080233991146e-01
2.091257600113749504e-01
2.224054359830915928e-01
1.333043258637189865e-01
2.012904896400868893e-01
1.739431782625615597e-01
1.661591883748769760e-01
1.405475120991468430e-01
2.262187930755317211e-01
1.747575039044022560e-01
1.749219838529825211e-01
1.583836558274924755e-01
1.746603222563862801e-01
1.682627317495644093e-01
1.830524578690528870e-01
2.224183711223304272e-01
2.248948691412806511e-01
1.929536499083042145e-01
1.868301010690629482e-01
2.245569708757102489e-01
1.430924977175891399e-01
1.940955612808465958e-01
1.683413507416844368e-01
1.938272952102124691e-01
2.194765661843121052e-01
1.765165599063038826e-01
1.414856337942183018e-01
1.671071569435298443e-01
1.843187590129673481e-01
2.205652561970055103e-01
1.506829890422523022e-01
1.501404098235070705e-01
1.965304389595985413e-01
2.241845270618796349e-01
1.671746382489800453e-01
1.607968229800462723e-01
1.329511459916830063e-01
1.774006900377571583e-01
1.850361498072743416e-01
1.685512093827128410e-01
1.510903080925345421e-01
2.132739028893411160e-01
3.293512063100934029e-01
1.946211410686373711e-01
2.023770068772137165e-01
1.772422911599278450e-01
1.430732831358909607e-01
1.681604990735650063e-01
1.579640922136604786e-01
2.251581042073667049e-01
1.929440032690763474e-01
1.859975759871304035e-01
1.766957598738372326e-01
1.765785035677254200e-01
1.773511650972068310e-01
1.413950710557401180e-01
2.050445787608623505e-01
1.592550119385123253e-01
1.764114312827587128e-01
1.498776259832084179e-01
1.854941928759217262e-01
1.854266733862459660e-01
1.671923301182687283e-01
2.256969502195715904e-01
2.790795303881168365e-01
1.676091048866510391e-01
2.938435459509491920e-01
1.677668313495814800e-01
2.217535995878279209e-01
1.950225597247481346e-01
1.791066098958253860e-01
1.412718612700700760e-01
1.941141732968389988e-01
1.592424646951258183e-01
2.166727012954652309e-01
2.222466948442161083e-01
1.855449751019477844e-01
1.592347580008208752e-01
1.581845902837812901e-01
2.121880641207098961e-01
1.413912819698452950e-01
1.691001919098198414e-01
1.938197477720677853e-01
1.681484910659492016e-01
1.591047421097755432e-01
2.198552465997636318e-01
3.104354552924633026e-01
1.608271510340273380e-01
1.769497618079185486e-01
1.862600622698664665e-01
1.850003139115869999e-01
1.835240740329027176e-01
1.790908137336373329e-01
1.407685517333447933e-01
2.844255729578435421e-01
1.780550810508430004e-01
1.944572981446981430e-01
2.243969896808266640e-01
1.666303277015686035e-01
1.773462453857064247e-01
2.251948048360645771e-01
1.506208512000739574e-01
2.241201829165220261e-01
2.252400442957878113e-01
1.938134408555924892e-01
1.769441873766481876e-01
1.786750517785549164e-01
1.595554938539862633e-01
2.202693321742117405e-01
2.154939970932900906e-01
1.771053429692983627e-01
1.837422680109739304e-01
2.214139099232852459e-01
1.496968166902661324e-01
1.412207591347396374e-01
2.241660598665475845e-01
1.682870802469551563e-01
2.268619998358190060e-01
1.682307459414005280e-01
1.403622208163142204e-01
2.954665189608931541e-01
1.869810689240694046e-01
2.128611239604651928e-01
2.154896878637373447e-01
1.685790489427745342e-01
1.776018021628260612e-01
1.604047971777617931e-01
1.955207451246678829e-01
1.599732059985399246e-01
1.430073068477213383e-01
1.985264560207724571e-01
1.516920039430260658e-01
1.682984470389783382e-01
1.797735569998621941e-01
1.598046501167118549e-01
2.138080969452857971e-01
2.080991719849407673e-01
1.690650731325149536e-01
1.955554340966045856e-01
1.807477069087326527e-01
1.512632858939468861e-01
1.689883032813668251e-01
1.693053497001528740e-01
1.589285852387547493e-01
1.810540328733623028e-01
2.227979120798408985e-01
2.271085879765450954e-01
1.697239037603139877e-01
1.692144777625799179e-01
2.078362470492720604e-01
1.952531030401587486e-01
1.919383062049746513e-01
2.054565767757594585e-01
2.282095160335302353e-01
1.875224290415644646e-01
1.687053255736827850e-01
1.692556082271039486e-01
1.785587146878242493e-01
1.627808650955557823e-01
2.133137872442603111e-01
1.515868920832872391e-01
2.274264981970191002e-01
1.598530681803822517e-01
1.597400079481303692e-01
2.050070669502019882e-01
2.258842750452458858e-01
1.798328650183975697e-01
2.038788497447967529e-01
2.870965050533413887e-01
1.686260681599378586e-01
1.860225489363074303e-01
1.845237920060753822e-01
1.768360268324613571e-01
1.750403619371354580e-01
1.765409763902425766e-01
2.127497163601219654e-01
1.592783820815384388e-01
1.423509367741644382e-01
1.498957150615751743e-01
1.798362419940531254e-01
1.593786296434700489e-01
1.604097099043428898e-01
1.469768770039081573e-01
1.920859487727284431e-01
1.512774541042745113e-01
1.689046039246022701e-01
1.633526678197085857e-01
1.433047577738761902e-01
2.138602552004158497e-01
1.610850570723414421e-01
1.784506500698626041e-01
2.043286981061100960e-01
2.004453241825103760e-01
1.604786869138479233e-01
2.233168971724808216e-01
1.783332941122353077e-01
1.886442690156400204e-01
1.334812697023153305e-01
2.044246532022953033e-01
1.601899899542331696e-01
1.691810237243771553e-01
1.777744013816118240e-01
1.427618348971009254e-01
1.509063160046935081e-01
1.588209420442581177e-01
1.686859759502112865e-01
1.709859287366271019e-01
2.034694966860115528e-01
1.683771959505975246e-01
1.979674696922302246e-01
1.959421671926975250e-01
1.687162909656763077e-01
2.124748402275145054e-01
1.597888022661209106e-01
1.603454118594527245e-01
1.951411222107708454e-01
1.504858080297708511e-01
1.882445639930665493e-01
1.951863309368491173e-01
2.123789098113775253e-01
1.596366520971059799e-01
1.675578672438859940e-01
2.457212000153958797e-01
3.269158001057803631e-01
1.678116749972105026e-01
1.597850578837096691e-01
2.145035890862345695e-01
1.889045271091163158e-01
2.131104040890932083e-01
2.139921952039003372e-01
1.679280418902635574e-01
1.957224137149751186e-01
1.954287309199571609e-01
1.680401382036507130e-01
1.598505410365760326e-01
3.057903149165213108e-01
1.688702250830829144e-01
1.871415311470627785e-01
1.683845398947596550e-01
1.683913278393447399e-01
1.773853763006627560e-01
1.786578358151018620e-01
1.592818084172904491e-01
1.961535988375544548e-01
2.277039019390940666e-01
2.051328681409358978e-01
2.776222918182611465e-01
1.852183290757238865e-01
1.617086711339652538e-01
1.935530947521328926e-01
2.033195989206433296e-01
1.772079393267631531e-01
2.061160458251833916e-01
1.791988210752606392e-01
1.848032651469111443e-01
2.242987649515271187e-01
1.932541471906006336e-01
2.215157188475131989e-01
1.406459398567676544e-01
1.587231638841331005e-01
1.340146320872008801e-01
1.495633381418883801e-01
1.678189691156148911e-01
2.115272721275687218e-01
1.503871353343129158e-01
1.764960451982915401e-01
1.686791870743036270e-01
1.713176132179796696e-01
1.881220350041985512e-01
2.248223787173628807e-01
1.678440570831298828e-01
1.415655449964106083e-01
2.202231399714946747e-01
1.539693819358944893e-01
1.411974662914872169e-01
1.498347478918731213e-01
2.111069299280643463e-01
2.030132813379168510e-01
1.595858489163219929e-01
1.681076800450682640e-01
1.436456190422177315e-01
1.850963090546429157e-01
1.414279839955270290e-01
1.502641579136252403e-01
1.589088151231408119e-01
1.353767160326242447e-01
1.669471208006143570e-01
2.053501750342547894e-01
1.762225157581269741e-01
2.164557869546115398e-01
3.630074895918369293e-01
1.502581448294222355e-01
1.846271413378417492e-01
1.434723632410168648e-01
1.508058900944888592e-01
1.759918830357491970e-01
1.679310491308569908e-01
1.592304972000420094e-01
2.218353729695081711e-01
1.673857900314033031e-01
1.692007519304752350e-01
2.123161372728645802e-01
1.673958771862089634e-01
1.866551749408245087e-01
1.589235500432550907e-01
1.677734036929905415e-01
1.672233119606971741e-01
1.676479680463671684e-01
1.874230261892080307e-01
1.856235628947615623e-01
1.411063428968191147e-01
1.499346019700169563e-01
1.595934042707085609e-01
2.279679980129003525e-01
2.018732842989265919e-01
2.121929549612104893e-01
1.677450649440288544e-01
2.114904057234525681e-01
1.885509779676795006e-01
1.590277408249676228e-01
2.110964218154549599e-01
1.908572344109416008e-01
1.765167186968028545e-01
2.120270808227360249e-01
2.225663289427757263e-01
1.498755370266735554e-01
1.846157121472060680e-01
1.616846611723303795e-01
1.847764956764876842e-01
2.197572090663015842e-01
1.937457616440951824e-01
2.026707450859248638e-01
1.444291560910642147e-01
2.033878769725561142e-01
1.679178681224584579e-01
1.850595199503004551e-01
1.765899672172963619e-01
2.280759657733142376e-01
1.589748393744230270e-01
1.753597958013415337e-01
1.413445300422608852e-01
1.673347502946853638e-01
3.635615822859108448e-01
1.589461523108184338e-01
1.756162210367619991e-01
2.017390378750860691e-01
2.033880981616675854e-01
2.025294299237430096e-01
1.508967066183686256e-01
1.849877526983618736e-01
1.603136556223034859e-01
2.025155019946396351e-01
2.742646140977740288e-01
1.695943581871688366e-01
1.933593731373548508e-01
1.681352336890995502e-01
1.832367540337145329e-01
1.416007140651345253e-01
1.952091488055884838e-01
2.384637156501412392e-01
2.012834670022130013e-01
1.940277619287371635e-01
1.945258509367704391e-01
1.849786117672920227e-01
1.598536181263625622e-01
1.764409411698579788e-01
1.586808022111654282e-01
1.496224137954413891e-01
2.255400270223617554e-01
1.441788100637495518e-01
1.852666968479752541e-01
1.768693556077778339e-01
2.207618961110711098e-01
1.684104702435433865e-01
1.764337620697915554e-01
1.683521671220660210e-01
2.024209671653807163e-01
2.222322863526642323e-01
1.936153410933911800e-01
1.938488669693470001e-01
1.610830863937735558e-01
1.856422210112214088e-01
1.852611880749464035e-01
1.599751198664307594e-01
1.243197042495012283e-01
2.045837207697331905e-01
1.415389240719377995e-01
1.602874323725700378e-01
1.428519259206950665e-01
1.840688129886984825e-01
1.583496183156967163e-01
1.496471161954104900e-01
2.231081528589129448e-01
2.264957907609641552e-01
1.926098153926432133e-01
2.119067911989986897e-01
1.680226549506187439e-01
1.936275591142475605e-01
1.684790980070829391e-01
1.144646829925477505e-01
1.409479728899896145e-01
1.784482528455555439e-01
1.685934467241168022e-01
2.050466332584619522e-01
1.519026020541787148e-01
1.607084148563444614e-01
1.601255871355533600e-01
1.945579280145466328e-01
1.697519710287451744e-01
2.127197277732193470e-01
2.034169719554483891e-01
1.690677530132234097e-01
1.942947320640087128e-01
1.956417276524007320e-01
1.887800293043255806e-01
1.944753900170326233e-01
1.595516051165759563e-01
1.597395907156169415e-01
1.591404676437377930e-01
1.865736888721585274e-01
1.500210845842957497e-01
1.771092643029987812e-01
2.045323615893721581e-01
1.858196458779275417e-01
1.329182209447026253e-01
1.675114841200411320e-01
2.255326928570866585e-01
1.707689329050481319e-01
2.028729012235999107e-01
2.120494307018816471e-01
1.688642730005085468e-01
1.905729291029274464e-01
1.953282030299305916e-01
2.244007131084799767e-01
1.677655433304607868e-01
2.047551819123327732e-01
1.597856343723833561e-01
1.939644366502761841e-01
2.198336808942258358e-01
1.499813781119883060e-01
1.679832800291478634e-01
1.931731109507381916e-01
1.677934438921511173e-01
2.224361333064734936e-01
3.091614227741956711e-01
1.590174571610987186e-01
1.787868328392505646e-01
2.108543892391026020e-01
1.501056221313774586e-01
1.870415001176297665e-01
2.250240449793636799e-01
1.501349336467683315e-01
1.680957549251616001e-01
2.025358779355883598e-01
1.943179490044713020e-01
1.584587809629738331e-01
2.238605855964124203e-01
1.605792432092130184e-01
1.912729376927018166e-01
2.001445638015866280e-01
1.697309510782361031e-01
1.501876269467175007e-01
2.217943090945482254e-01
2.028912818059325218e-01
1.588175008073449135e-01
2.044394388794898987e-01
1.676447638310492039e-01
1.665913816541433334e-01
1.703374907374382019e-01
1.773622767068445683e-01
1.606341456063091755e-01
2.286526886746287346e-01
1.520780441351234913e-01
1.953522455878555775e-01
1.529762442223727703e-01
1.516878018155694008e-01
1.990488022565841675e-01
1.874277158640325069e-01
1.873011989519000053e-01
2.159694763831794262e-01
2.145609110593795776e-01
1.872845487669110298e-01
2.270452189259231091e-01
1.522431839257478714e-01
1.526970122940838337e-01
2.261819071136415005e-01
2.789318771101534367e-01
1.686476059257984161e-01
1.612729607149958611e-01
1.777047021314501762e-01
1.611550278030335903e-01
1.962401638738811016e-01
1.876541958190500736e-01
2.729074587114155293e-01
2.729765549302101135e-01
1.513791023753583431e-01
1.430444088764488697e-01
1.960218348540365696e-01
1.517362380400300026e-01
1.724824821576476097e-01
2.055425671860575676e-01
2.128041870892047882e-01
2.246960429474711418e-01
1.869412697851657867e-01
1.700746449641883373e-01
1.610927549190819263e-01
1.962191499769687653e-01
2.288839546963572502e-01
1.518493429757654667e-01
1.600929647684097290e-01
1.784104709513485432e-01
1.525738919153809547e-01
1.974749928340315819e-01
1.334060560911893845e-01
1.788477967493236065e-01
1.694276151247322559e-01
2.049100459553301334e-01
1.617360250093042850e-01
2.048944118432700634e-01
2.059959270991384983e-01
1.803920138627290726e-01
1.873580371029675007e-01
1.694224616512656212e-01
1.691303253173828125e-01
1.699790530838072300e-01
1.899825129657983780e-01
1.606607432477176189e-01
2.365448251366615295e-01
1.969092329964041710e-01
1.872558137401938438e-01
1.251851823180913925e-01
1.344798579812049866e-01
1.862547192722558975e-01
2.276606420055031776e-01
1.778097329661250114e-01
1.343861347995698452e-01
1.617545112967491150e-01
2.226181570440530777e-01
1.689678137190639973e-01
2.272346541285514832e-01
1.858926438726484776e-01
1.720636631362140179e-01
1.690210481174290180e-01
2.269056933000683784e-01
1.906396779231727123e-01
2.228620778769254684e-01
1.521639302372932434e-01
1.951759140938520432e-01
1.702728238888084888e-01
1.348485490307211876e-01
2.021723589859902859e-01
1.793584995903074741e-01
1.790996990166604519e-01
1.795098721049726009e-01
1.909477668814361095e-01
2.248541587032377720e-01
1.707255560904741287e-01
2.143366527743637562e-01
2.201827601529657841e-01
1.621073596179485321e-01
2.154048951342701912e-01
1.613675728440284729e-01
2.142345630563795567e-01
1.847511772066354752e-01
1.602927590720355511e-01
1.707787159830331802e-01
1.591126387938857079e-01
1.521114259958267212e-01
1.433174172416329384e-01
1.416211728937923908e-01
2.170274630188941956e-01
1.865131570957601070e-01
1.694991942495107651e-01
2.227489789947867393e-01
1.607545795850455761e-01
2.058335556648671627e-01
1.692015579901635647e-01
1.250598179176449776e-01
1.966742496006190777e-01
1.688816710375249386e-01
1.952366698533296585e-01
1.955314092338085175e-01
2.275218609720468521e-01
1.536038662306964397e-01
1.789964432828128338e-01
1.695369821973145008e-01
1.701518599875271320e-01
2.227595001459121704e-01
1.971370368264615536e-01
1.874473118223249912e-01
1.865564496256411076e-01
2.057545720599591732e-01
1.605749740265309811e-01
1.701603489927947521e-01
1.865694830194115639e-01
1.669628168456256390e-01
3.344826819375157356e-01
2.240165336988866329e-01
1.688015242107212543e-01
2.254350711591541767e-01
1.685748081654310226e-01
2.264120411127805710e-01
3.005284308455884457e-01
2.275291536934673786e-01
2.218118170276284218e-01
3.218030757270753384e-01
2.268790020607411861e-01
2.142118909396231174e-01
1.773414318449795246e-01
1.603417727164924145e-01
2.279119221493601799e-01
1.953383269719779491e-01
1.986756888218224049e-01
1.426239497959613800e-01
1.862864568829536438e-01
2.786986972205340862e-01
1.603701408021152020e-01
2.275226861238479614e-01
1.870306371711194515e-01
1.868457240052521229e-01
2.300483179278671741e-01
1.784581099636852741e-01
1.882552229799330235e-01
1.696097422391176224e-01
2.267080461606383324e-01
2.278172271326184273e-01
1.627869959920644760e-01
2.406847756356000900e-01
2.500041420571506023e-01
1.897384440526366234e-01
1.525386068969964981e-01
2.276287418790161610e-01
1.971148410812020302e-01
1.427502031438052654e-01
2.360930573195219040e-01
1.872309339232742786e-01
1.696672011166810989e-01
2.047310532070696354e-01
1.779457968659698963e-01
1.705677770078182220e-01
1.781093040481209755e-01
1.782638253644108772e-01
1.881283833645284176e-01
2.271958389319479465e-01
1.874888800084590912e-01
1.606419589370489120e-01
1.696461611427366734e-01
1.875545149669051170e-01
1.874376507475972176e-01
1.542031690478324890e-01
1.520843957550823689e-01
1.892713042907416821e-01
1.518590361811220646e-01
1.607373510487377644e-01
2.252769451588392258e-01
1.520688319578766823e-01
2.795590371824800968e-01
1.637192796915769577e-01
1.519149006344377995e-01
2.163888281211256981e-01
1.867311629466712475e-01
1.706826849840581417e-01
1.523160557262599468e-01
1.967590460553765297e-01
1.706747841089963913e-01
1.826564618386328220e-01
1.882670121267437935e-01
1.957625169306993484e-01
1.617729407735168934e-01
1.604773257859051228e-01
2.295771553181111813e-01
1.519306907430291176e-01
1.346176820807158947e-01
1.602365239523351192e-01
1.962927128188312054e-01
1.977464454248547554e-01
1.967204771935939789e-01
2.074920460581779480e-01
1.793603952974081039e-01
1.524202162399888039e-01
1.710110022686421871e-01
2.223112960346043110e-01
2.131262691691517830e-01
2.271835226565599442e-01
2.268026224337518215e-01
1.520561799407005310e-01
1.518417471088469028e-01
1.435437840409576893e-01
1.792677878402173519e-01
2.138774138875305653e-01
1.353785283863544464e-01
1.879014740698039532e-01
1.689351480454206467e-01
1.430223570205271244e-01
1.781738940626382828e-01
2.247654250822961330e-01
2.266657678410410881e-01
1.966572352685034275e-01
1.802755231037735939e-01
2.046846561133861542e-01
1.610096883960068226e-01
1.729378937743604183e-01
1.694994778372347355e-01
1.698409151285886765e-01
2.263285438530147076e-01
1.780231008306145668e-01
1.440122579224407673e-01
1.699502202682197094e-01
2.282511778175830841e-01
1.542332689277827740e-01
2.130445251241326332e-01
1.871000458486378193e-01
2.122208452783524990e-01
2.220843317918479443e-01
1.719511118717491627e-01
1.779038337990641594e-01
1.516810837201774120e-01
1.536878640763461590e-01
2.140292809344828129e-01
1.529505797661840916e-01
1.691324692219495773e-01
1.698281108401715755e-01
2.303697308525443077e-01
1.244689808227121830e-01
1.591615481302142143e-01
1.936624310910701752e-01
1.669324189424514771e-01
1.667502750642597675e-01
2.125423657707870007e-01
2.256739218719303608e-01
2.219634032808244228e-01
1.588882221840322018e-01
1.772141428664326668e-01
1.858044690452516079e-01
1.502150259912014008e-01
1.677102819085121155e-01
1.952514741569757462e-01
1.876030038110911846e-01
1.969116870313882828e-01
2.537279757671058178e-01
1.879866183735430241e-01
1.931046610698103905e-01
1.675454168580472469e-01
2.039013998582959175e-01
2.025669058784842491e-01
1.754575152881443501e-01
1.760198567062616348e-01
1.417129999026656151e-01
1.663373480550944805e-01
1.945688957348465919e-01
1.870165388099849224e-01
2.239307309500873089e-01
1.493499143980443478e-01
1.322511881589889526e-01
1.495376001112163067e-01
1.693376312032341957e-01
1.501542129553854465e-01
1.760391029529273510e-01
1.681627919897437096e-01
1.501323548145592213e-01
1.871789530850946903e-01
1.761358701623976231e-01
1.849427772685885429e-01
1.767393336631357670e-01
1.756429169327020645e-01
1.844111341051757336e-01
1.670321091078221798e-01
1.680614650249481201e-01
1.685404190793633461e-01
1.749596619047224522e-01
1.842154390178620815e-01
1.690272870473563671e-01
2.024945868179202080e-01
2.014854131266474724e-01
1.758655919693410397e-01
1.404730440117418766e-01
1.607603309676051140e-01
1.930071320384740829e-01
1.241331170313060284e-01
2.017092369496822357e-01
1.577804060652852058e-01
1.782955280505120754e-01
1.506619253195822239e-01
2.086661681532859802e-01
1.499708960764110088e-01
1.502625131979584694e-01
1.859735809266567230e-01
1.581069221720099449e-01
1.849276190623641014e-01
1.692895381711423397e-01
1.585009153932332993e-01
1.418720949441194534e-01
1.676184628158807755e-01
1.662984099239110947e-01
1.936097969301044941e-01
2.105067889206111431e-01
1.837518257088959217e-01
1.502232849597930908e-01
1.670915880240499973e-01
1.590736759826540947e-01
2.016555098816752434e-01
2.242720648646354675e-01
1.575366011820733547e-01
1.675038649700582027e-01
2.259892560541629791e-01
1.492276187054812908e-01
1.610622243024408817e-01
1.494962009601294994e-01
1.586795947514474392e-01
1.843433682806789875e-01
2.321680048480629921e-01
1.895113224163651466e-01
1.498548937961459160e-01
1.413224902935326099e-01
1.406545410864055157e-01
2.911512772552669048e-01
1.413130378350615501e-01
1.842974890023469925e-01
1.328421919606626034e-01
1.776424390263855457e-01
2.195083908736705780e-01
1.583450520411133766e-01
2.193211060948669910e-01
1.493971790187060833e-01
1.323389159515500069e-01
1.582897463813424110e-01
1.755170179530978203e-01
1.934690047055482864e-01
1.750420262105762959e-01
2.010813942179083824e-01
1.933264601975679398e-01
1.760254660621285439e-01
1.762448218651115894e-01
1.941250921227037907e-01
2.198300822637975216e-01
1.340715531259775162e-01
2.180948052555322647e-01
1.676158001646399498e-01
2.105513373389840126e-01
1.760117649100720882e-01
1.944504273124039173e-01
2.244581542909145355e-01
1.847194125875830650e-01
2.130412668921053410e-01
2.035416895523667336e-01
1.414094320498406887e-01
2.246079472824931145e-01
1.844151699915528297e-01
2.005646908655762672e-01
1.929372763261198997e-01
1.756056929007172585e-01
1.766005889512598515e-01
1.674355459399521351e-01
3.005318362265825272e-01
2.937099291011691093e-01
1.757687241770327091e-01
1.583635439164936543e-01
1.748968092724680901e-01
1.668558563105762005e-01
1.682367739267647266e-01
1.765323719009757042e-01
2.132655237801373005e-01
2.255258881486952305e-01
1.405292316339910030e-01
1.784638627432286739e-01
1.666250000707805157e-01
2.263403101824223995e-01
1.584925060160458088e-01
1.763703352771699429e-01
1.409893562085926533e-01
1.603711880743503571e-01
2.030852730385959148e-01
2.275458821095526218e-01
1.674999739043414593e-01
1.411315356381237507e-01
1.846593511290848255e-01
1.944017619825899601e-01
1.590142571367323399e-01
1.589684789068996906e-01
1.589461020193994045e-01
1.755623840726912022e-01
1.945962891913950443e-01
1.900731730274856091e-01
2.328909640200436115e-01
1.760224928148090839e-01
1.762717729434370995e-01
1.670072758570313454e-01
1.605949997901916504e-01
1.758060166612267494e-01
2.998427692800760269e-01
1.876113312318921089e-01
1.319683948531746864e-01
2.202080134302377701e-01
1.926320190541446209e-01
1.842623227275907993e-01
1.694973860867321491e-01
1.925876359455287457e-01
2.113687060773372650e-01
1.776301367208361626e-01
1.762781967408955097e-01
1.507493131794035435e-01
1.407389598898589611e-01
2.017506402917206287e-01
1.583507605828344822e-01
1.409842497669160366e-01
1.785723678767681122e-01
2.114755110815167427e-01
1.498629041016101837e-01
1.597940609790384769e-01
1.415686900727450848e-01
2.215774492360651493e-01
2.236120961606502533e-01
2.246514270082116127e-01
2.019072021357715130e-01
1.843367139808833599e-01
1.331416489556431770e-01
2.023074082098901272e-01
1.859080460853874683e-01
1.676386571489274502e-01
2.173010590486228466e-01
2.531181033700704575e-01
1.683395248837769032e-01
1.588902836665511131e-01
2.247391985729336739e-01
2.263180902227759361e-01
1.844886238686740398e-01
1.492421072907745838e-01
2.244384982623159885e-01
1.584005048498511314e-01
1.497198031283915043e-01
1.936985249631106853e-01
1.665840540081262589e-01
1.489987429231405258e-01
1.497268779203295708e-01
1.667626211419701576e-01
2.024047160521149635e-01
1.847806507721543312e-01
1.759877437725663185e-01
1.495429729111492634e-01
1.951537188142538071e-01
2.026319131255149841e-01
1.756350859068334103e-01
1.861415761522948742e-01
1.668679546564817429e-01
1.759843938052654266e-01
1.665993947535753250e-01
1.586417192593216896e-01
1.337045207619667053e-01
2.109885509125888348e-01
1.842367537319660187e-01
2.113387002609670162e-01
1.588292261585593224e-01
2.231411430984735489e-01
1.870597549714148045e-01
1.495652901940047741e-01
1.939421449787914753e-01
2.203917196020483971e-01
1.318603130057454109e-01
1.439140620641410351e-01
1.937569123692810535e-01
1.852572811767458916e-01
1.575838089920580387e-01
1.667089969851076603e-01
1.590688689611852169e-01
1.842506788671016693e-01
2.244677143171429634e-01
2.019349471665918827e-01
1.321909511461853981e-01
1.522848247550427914e-01
1.851832969114184380e-01
1.407959037460386753e-01
1.750558484345674515e-01
2.201767349615693092e-01
1.687289648689329624e-01
1.841577179729938507e-01
1.516877417452633381e-01
1.404631221666932106e-01
1.755456291139125824e-01
2.030423972755670547e-01
1.764585180208086967e-01
1.765648843720555305e-01
1.757050049491226673e-01
1.407330846413969994e-01
2.008783579804003239e-01
1.677913069725036621e-01
1.774738770909607410e-01
1.768626077100634575e-01
1.582713699899613857e-01
1.757534248754382133e-01
1.994863459840416908e-01
2.119054528884589672e-01
1.580857308581471443e-01
1.845531268045306206e-01
1.584795829840004444e-01
1.586946249008178711e-01
2.055379142984747887e-01
1.919841798953711987e-01
1.853455402888357639e-01
1.667050658725202084e-01
2.119034621864557266e-01
2.117598461918532848e-01
2.194201000966131687e-01
1.595267057418823242e-01
2.034419570118188858e-01
1.491213780827820301e-01
1.844067131169140339e-01
1.490280027501285076e-01
1.930325431749224663e-01
2.217926820740103722e-01
1.580322836525738239e-01
1.671692901290953159e-01
1.406494854018092155e-01
1.487042587250471115e-01
1.405843291431665421e-01
1.582143390551209450e-01
1.862817243672907352e-01
2.016013776883482933e-01
1.941372780129313469e-01
2.191356485709547997e-01
1.677467999979853630e-01
1.514164870604872704e-01
1.588613619096577168e-01
2.231882936321198940e-01
1.325439717620611191e-01
2.022662493400275707e-01
1.904699429869651794e-01
2.334543741308152676e-01
1.404007961973547935e-01
1.784445932134985924e-01
1.764811426401138306e-01
1.867867419496178627e-01
2.257378837093710899e-01
1.582297119311988354e-01
1.515730009414255619e-01
1.413777461275458336e-01
1.849092380143702030e-01
1.855569677427411079e-01
2.203897149302065372e-01
1.850992292165756226e-01
1.687008799053728580e-01
2.249337462708353996e-01
1.327703986316919327e-01
2.025542552582919598e-01
2.044992079026997089e-01
1.947744912467896938e-01
1.516626388765871525e-01
1.596426963806152344e-01
2.376510840840637684e-01
1.689299219287931919e-01
1.594237349927425385e-01
2.209883620962500572e-01
1.947883446700870991e-01
2.213506069965660572e-01
1.505471179261803627e-01
1.609237785451114178e-01
1.674276329576969147e-01
1.324095232412219048e-01
2.028413568623363972e-01
1.759913591668009758e-01
1.704610050655901432e-01
2.214685021899640560e-01
1.673170770518481731e-01
1.599660529755055904e-01
1.501939049921929836e-01
2.833917369134724140e-01
1.608946826308965683e-01
1.330210962332785130e-01
1.855970639735460281e-01
1.862579211592674255e-01
1.492888978682458401e-01
2.101486483588814735e-01
1.953546418808400631e-01
1.845592609606683254e-01
1.681285230442881584e-01
1.952311918139457703e-01
1.762543809600174427e-01
1.842623171396553516e-01
2.781387330032885075e-01
1.677999533712863922e-01
1.583972531370818615e-01
2.022462952882051468e-01
2.013013358227908611e-01
1.758169960230588913e-01
2.244556793011724949e-01
1.934837698936462402e-01
1.766111729666590691e-01
1.581935780122876167e-01
1.939669740386307240e-01
1.519263889640569687e-01
1.750263539142906666e-01
2.013301867991685867e-01
1.763208196498453617e-01
2.104966947808861732e-01
1.664592581801116467e-01
1.410750877112150192e-01
2.267831009812653065e-01
1.584203289821743965e-01
2.259969399310648441e-01
1.593188149854540825e-01
1.676772390492260456e-01
1.770030227489769459e-01
1.591557729989290237e-01
1.786527642980217934e-01
1.762115200981497765e-01
1.415687128901481628e-01
1.594486720860004425e-01
1.248640757985413074e-01
1.785690286196768284e-01
1.695093931630253792e-01
1.582275428809225559e-01
1.599946171045303345e-01
1.848539817146956921e-01
1.517131109721958637e-01
1.863033743575215340e-01
2.249885578639805317e-01
1.611959482543170452e-01
1.764540770091116428e-01
2.257055132649838924e-01
1.679507028311491013e-01
1.761368601582944393e-01
1.529796258546411991e-01
1.593753518536686897e-01
2.026550201699137688e-01
1.597869098186492920e-01
1.416703430004417896e-01
1.882232436910271645e-01
2.151789562776684761e-01
1.501205740496516228e-01
1.943829790689051151e-01
1.584441373124718666e-01
1.241799802519381046e-01
2.232723138295114040e-01
1.689597391523420811e-01
1.600140631198883057e-01
1.684761769138276577e-01
1.846898789517581463e-01
1.567201279103755951e-01
2.196742128580808640e-01
2.038624309934675694e-01
1.762400432489812374e-01
1.583710620179772377e-01
1.334555861540138721e-01
1.690438590012490749e-01
1.717119752429425716e-01
1.605360331013798714e-01
1.681503411382436752e-01
2.053947560489177704e-01
2.113089282065629959e-01
1.853525717742741108e-01
1.670106691308319569e-01
1.592124039307236671e-01
1.960445679724216461e-01
1.506636189296841621e-01
1.420492497272789478e-01
2.278926270082592964e-01
2.246145438402891159e-01
2.118940250948071480e-01
2.038661153055727482e-01
2.122903917916119099e-01
1.929164500907063484e-01
1.965884841047227383e-01
1.327802590094506741e-01
2.215570420958101749e-01
2.024977807886898518e-01
1.677446318790316582e-01
1.684838230721652508e-01
1.941573708318173885e-01
1.583597618155181408e-01
1.851997738704085350e-01
1.592832510359585285e-01
1.619736691936850548e-01
2.133655622601509094e-01
2.226860942319035530e-01
1.591360266320407391e-01
1.769286482594907284e-01
2.208938677795231342e-01
2.026584730483591557e-01
1.940173469483852386e-01
2.293386138044297695e-01
1.944171972572803497e-01
2.114898250438272953e-01
1.497115748934447765e-01
1.420679381117224693e-01
1.619308949448168278e-01
1.688260720111429691e-01
2.257839259691536427e-01
1.424982026219367981e-01
1.675469730980694294e-01
1.878251652233302593e-01
2.121025365777313709e-01
1.698548551648855209e-01
1.798819256946444511e-01
1.763308951631188393e-01
2.832312309183180332e-01
1.946730730123817921e-01
2.542818482033908367e-01
2.233982780016958714e-01
1.604061289690434933e-01
2.020507869310677052e-01
1.604338008910417557e-01
2.023869007825851440e-01
1.419449741952121258e-01
2.112493952736258507e-01
1.932993298396468163e-01
1.432574340142309666e-01
1.764741921797394753e-01
1.670836647972464561e-01
1.931364107877016068e-01
1.840126039460301399e-01
1.491750599816441536e-01
1.931518400087952614e-01
1.586748817935585976e-01
1.257087551057338715e-01
1.503622601740062237e-01
1.667345887981355190e-01
1.940614888444542885e-01
1.672346540726721287e-01
1.693842541426420212e-01
2.098798928782343864e-01
1.494808113202452660e-01
1.764810062013566494e-01
2.016527769155800343e-01
1.506673526018857956e-01
1.584420679137110710e-01
1.580207729712128639e-01
1.763390200212597847e-01
1.426132228225469589e-01
1.865325840190052986e-01
1.676751282066106796e-01
1.579549182206392288e-01
1.761463619768619537e-01
1.754179531708359718e-01
2.681359527632594109e-01
2.109284377656877041e-01
1.676710741594433784e-01
1.426869588904082775e-01
2.108904020860791206e-01
1.583335436880588531e-01
1.929967501200735569e-01
1.670263078995049000e-01
1.870863209478557110e-01
1.760397939942777157e-01
1.873746127821505070e-01
2.020182446576654911e-01
1.584212370216846466e-01
1.938500390388071537e-01
1.679111570119857788e-01
1.762823751196265221e-01
2.037279750220477581e-01
1.755275279283523560e-01
1.503571160137653351e-01
1.847101468592882156e-01
1.939925472252070904e-01
1.492452439852058887e-01
1.766532799229025841e-01
1.580910743214190006e-01
2.032157010398805141e-01
1.767485286109149456e-01
1.593009652569890022e-01
1.754881250672042370e-01
1.937253288924694061e-01
1.759076039306819439e-01
2.033083899877965450e-01
2.188995950855314732e-01
1.848709438927471638e-01
1.670333677902817726e-01
1.755978758446872234e-01
2.427354920655488968e-01
1.686060121282935143e-01
1.668840157799422741e-01
1.343206209130585194e-01
2.027204283513128757e-01
1.402298477478325367e-01
1.313691418617963791e-01
1.850281171500682831e-01
1.583397909998893738e-01
1.752432780340313911e-01
1.696831188164651394e-01
1.497876960784196854e-01
1.756179356016218662e-01
1.325512649491429329e-01
1.678510871715843678e-01
1.698516528122127056e-01
1.680523483082652092e-01
1.601014928892254829e-01
1.845133109018206596e-01
1.415079883299767971e-01
1.782529456540942192e-01
1.408679657615721226e-01
1.339708478190004826e-01
1.850792085751891136e-01
1.410706969909369946e-01
2.013917788863182068e-01
1.755053629167377949e-01
1.692413049750030041e-01
1.941579398699104786e-01
1.587866037152707577e-01
1.701189838349819183e-01
2.245295727625489235e-01
1.430216799490153790e-01
1.671307617798447609e-01
2.239163378253579140e-01
1.523433323018252850e-01
1.906729559414088726e-01
1.700158109888434410e-01
1.690341550856828690e-01
2.025839751586318016e-01
1.681191911920905113e-01
1.588560543023049831e-01
1.327886511571705341e-01
1.431036898866295815e-01
1.681055850349366665e-01
2.851097960956394672e-01
1.773003521375358105e-01
1.856043040752410889e-01
2.034787316806614399e-01
2.014053328894078732e-01
3.189412900246679783e-01
2.403242508880794048e-01
1.875948440283536911e-01
1.599124940112233162e-01
1.771691488102078438e-01
2.250216049142181873e-01
1.938604330644011497e-01
1.873311251401901245e-01
1.940511483699083328e-01
1.590627538971602917e-01
1.688985307700932026e-01
2.031413442455232143e-01
1.330373291857540607e-01
1.511333459056913853e-01
1.592287980020046234e-01
1.586217819713056087e-01
2.244729110971093178e-01
1.948055061511695385e-01
1.419703112915158272e-01
2.638756968080997467e-01
2.701388783752918243e-01
1.769127813167870045e-01
1.756435572169721127e-01
1.850958578288555145e-01
1.327653671614825726e-01
1.495918799191713333e-01
1.502288039773702621e-01
1.874559028074145317e-01
1.668187361210584641e-01
1.698827333748340607e-01
1.409902190789580345e-01
2.043091570958495140e-01
1.958997258916497231e-01
1.868687239475548267e-01
1.942885769531130791e-01
1.450373088009655476e-01
1.861605318263173103e-01
1.419267281889915466e-01
1.769803306087851524e-01
2.131460201926529408e-01
1.613439586944878101e-01
1.439278651960194111e-01
1.516136797145009041e-01
1.518278722651302814e-01
1.962895053438842297e-01
1.535284328274428844e-01
1.953068901784718037e-01
1.341803348623216152e-01
1.607925016433000565e-01
1.690202313475310802e-01
1.818737089633941650e-01
2.731206999160349369e-01
1.774455662816762924e-01
1.947488891892135143e-01
1.957678757607936859e-01
3.029497247189283371e-01
1.512661878950893879e-01
1.514877690933644772e-01
1.862969710491597652e-01
2.049873247742652893e-01
1.858815220184624195e-01
2.228514407761394978e-01
2.040215660817921162e-01
1.859258357435464859e-01
1.884942771866917610e-01
2.271550879813730717e-01
1.857968750409781933e-01
1.529919411987066269e-01
2.142125768586993217e-01
1.604426042176783085e-01
1.597780250012874603e-01
1.607038551010191441e-01
2.277560275979340076e-01
3.120153709314763546e-01
2.131770160049200058e-01
2.042702608741819859e-01
1.865197899751365185e-01
1.604450591839849949e-01
1.864212672226130962e-01
2.231061160564422607e-01
1.689777378924190998e-01
1.672555101104080677e-01
1.834066151641309261e-01
2.236225479282438755e-01
2.135728471912443638e-01
1.777181429788470268e-01
1.702611888758838177e-01
1.956277298741042614e-01
2.859645858407020569e-01
1.803103261627256870e-01
1.688337791711091995e-01
1.955370889045298100e-01
1.707286490127444267e-01
1.868594493716955185e-01
2.031878149136900902e-01
1.604485982097685337e-01
1.693213209509849548e-01
1.695396988652646542e-01
1.685477113351225853e-01
1.870796550065279007e-01
1.777307670563459396e-01
1.423206077888607979e-01
1.691136658191680908e-01
1.691025560721755028e-01
1.629465911537408829e-01
1.344394390471279621e-01
1.424438417889177799e-01
2.049586577340960503e-01
1.951119871810078621e-01
1.518397489562630653e-01
1.253688693977892399e-01
1.526998267509043217e-01
1.868859101086854935e-01
3.397959526628255844e-01
1.925213797949254513e-01
1.624140022322535515e-01
1.253790841437876225e-01
1.968915457837283611e-01
1.692352187819778919e-01
1.697536171413958073e-01
1.513945702463388443e-01
1.691075689159333706e-01
1.635062820278108120e-01
1.526972851715981960e-01
1.521405330859124660e-01
1.965659470297396183e-01
1.694287117570638657e-01
1.427665492519736290e-01
1.873405110090970993e-01
2.135393996722996235e-01
2.216837299056351185e-01
2.040293179452419281e-01
1.789644421078264713e-01
1.430200990289449692e-01
1.604612208902835846e-01
1.421759817749261856e-01
1.870449860580265522e-01
1.702134222723543644e-01
1.614334271289408207e-01
1.778896101750433445e-01
1.532965060323476791e-01
2.139347102493047714e-01
2.056273990310728550e-01
1.508665680885314941e-01
1.772560048848390579e-01
2.069141007959842682e-01
1.687023299746215343e-01
1.694026552140712738e-01
2.221052828244864941e-01
2.647284790873527527e-01
2.135866130702197552e-01
1.947497590444982052e-01
1.601172559894621372e-01
1.807570396922528744e-01
1.605625790543854237e-01
1.324823056347668171e-01
2.226566560566425323e-01
1.670118402689695358e-01
1.711470531299710274e-01
2.247730302624404430e-01
2.221321170218288898e-01
1.779961809515953064e-01
2.270600153133273125e-01
1.577694332227110863e-01
2.152670249342918396e-01
2.114379447884857655e-01
1.520452410914003849e-01
2.013167161494493484e-01
1.680624857544898987e-01
2.262248159386217594e-01
2.025901200249791145e-01
1.672736550681293011e-01
1.768442601896822453e-01
1.585609982721507549e-01
1.936707710847258568e-01
2.202703091315925121e-01
1.666978150606155396e-01
1.494839163497090340e-01
2.098680930212140083e-01
1.940818578004837036e-01
1.842513089068233967e-01
1.585058839991688728e-01
2.629072912968695164e-01
2.636105976998806000e-01
1.682043718174099922e-01
1.676358967088162899e-01
1.849060440436005592e-01
1.502716327086091042e-01
1.763476962223649025e-01
1.932667959481477737e-01
1.492223157547414303e-01
1.495801969431340694e-01
1.847383240237832069e-01
1.586138820275664330e-01
1.666873549111187458e-01
1.858591479249298573e-01
1.854283357970416546e-01
1.490609599277377129e-01
1.317314589396119118e-01
1.681615286506712437e-01
1.675134878605604172e-01
1.587348040193319321e-01
1.669947998598217964e-01
1.327534550800919533e-01
1.939611379057168961e-01
1.496329843066632748e-01
1.759546711109578609e-01
2.227331837639212608e-01
2.247547339648008347e-01
2.023044032976031303e-01
1.673741606064140797e-01
1.510694953612983227e-01
1.498863762244582176e-01
1.414355980232357979e-01
1.497236918658018112e-01
1.581923533231019974e-01
1.930274139158427715e-01
2.241174080409109592e-01
2.015152983367443085e-01
1.505654370412230492e-01
2.212388091720640659e-01
2.586164912208914757e-01
1.583167747594416142e-01
1.935663758777081966e-01
1.931488150730729103e-01
1.583756939508020878e-01
1.785699310712516308e-01
1.849398650228977203e-01
1.407569781877100468e-01
1.849419679492712021e-01
1.928453021682798862e-01
1.775587368756532669e-01
1.842866237275302410e-01
2.238590582273900509e-01
2.229147190228104591e-01
1.843987591564655304e-01
1.581201050430536270e-01
2.235363502986729145e-01
1.580921518616378307e-01
1.488208570517599583e-01
1.847705249674618244e-01
1.582797919400036335e-01
1.676254109479486942e-01
1.608973802067339420e-01
2.228442737832665443e-01
1.676560249179601669e-01
1.847803550772368908e-01
1.758074350655078888e-01
1.672203680500388145e-01
1.846137302927672863e-01
1.319531891494989395e-01
2.241640733554959297e-01
1.751935416832566261e-01
1.694628009572625160e-01
1.668650200590491295e-01
1.573454369790852070e-01
1.850653118453919888e-01
2.002426381222903728e-01
1.932293088175356388e-01
1.323541281744837761e-01
1.678005279973149300e-01
1.789487642236053944e-01
1.490326658822596073e-01
2.236602129414677620e-01
1.405585389584302902e-01
1.407464887015521526e-01
2.255070242099463940e-01
1.663331389427185059e-01
1.494573676027357578e-01
1.754788747057318687e-01
1.883000410161912441e-01
1.761605059728026390e-01
2.109309840016067028e-01
1.688746591098606586e-01
1.502089840359985828e-01
1.675547990016639233e-01
1.607813606970012188e-01
1.931322482414543629e-01
2.107618968002498150e-01
1.488489019684493542e-01
1.838311860337853432e-01
1.759452098049223423e-01
1.577446339651942253e-01
1.593649457208812237e-01
1.774773257784545422e-01
1.755655240267515182e-01
1.668621348217129707e-01
1.669890601187944412e-01
1.583917709067463875e-01
2.042126497253775597e-01
1.588805173523724079e-01
1.679338859394192696e-01
1.667547477409243584e-01
1.672074720263481140e-01
1.420476096682250500e-01
1.754098460078239441e-01
2.216366217471659184e-01
1.868620570749044418e-01
2.745341411791741848e-01
1.322597088292241096e-01
1.853110250085592270e-01
1.668521286919713020e-01
1.604610881768167019e-01
1.413401900790631771e-01
1.499048750847578049e-01
1.755923964083194733e-01
1.929275006987154484e-01
1.932938704267144203e-01
1.499349973164498806e-01
2.261338219977915287e-01
1.751070511527359486e-01
1.431737737730145454e-01
2.817285098135471344e-01
2.672807071357965469e-01
2.104707052931189537e-01
1.675486378371715546e-01
2.826797058805823326e-01
2.210042015649378300e-01
2.239476460963487625e-01
1.589646977372467518e-01
1.762489941902458668e-01
1.424878491088747978e-01
1.584297120571136475e-01
2.261907150968909264e-01
2.025558818131685257e-01
1.680440921336412430e-01
2.855054452084004879e-01
1.843474451452493668e-01
1.974444519728422165e-01
1.877627577632665634e-01
1.671761968173086643e-01
1.581546021625399590e-01
1.954515632241964340e-01
1.585183688439428806e-01
2.661531278863549232e-01
2.120624948292970657e-01
1.410582810640335083e-01
1.318259947001934052e-01
1.931773531250655651e-01
2.018066742457449436e-01
1.581256780773401260e-01
1.329599181190133095e-01
1.943950038403272629e-01
1.410617129877209663e-01
1.583032221533358097e-01
1.517327050678431988e-01
1.322867199778556824e-01
1.756639480590820312e-01
1.742313182912766933e-01
1.591199762187898159e-01
2.272728648968040943e-01
1.584298070520162582e-01
1.575491740368306637e-01
1.425423598848283291e-01
2.240312709473073483e-01
2.128997528925538063e-01
1.427900870330631733e-01
1.582599920220673084e-01
1.586371613666415215e-01
1.900458219461143017e-01
2.329820692539215088e-01
1.941202539019286633e-01
1.679136049933731556e-01
1.591957658529281616e-01
1.935511375777423382e-01
2.280449187383055687e-01
2.250441038049757481e-01
2.247481560334563255e-01
1.414592480286955833e-01
2.204909347929060459e-01
1.329683507792651653e-01
3.017787900753319263e-01
1.767520047724246979e-01
1.412335461936891079e-01
1.590390019118785858e-01
1.694711940363049507e-01
2.049376680515706539e-01
2.033125129528343678e-01
1.588069302961230278e-01
1.676508099772036076e-01
1.848035971634089947e-01
1.944528841413557529e-01
2.246070778928697109e-01
1.949558057822287083e-01
2.265262743458151817e-01
1.408092970959842205e-01
2.743139527738094330e-01
2.190987868234515190e-01
2.300327173434197903e-01
1.620043017901480198e-01
1.418712409213185310e-01
1.797710093669593334e-01
1.871230849064886570e-01
1.863253861665725708e-01
1.841480671428143978e-01
1.520738713443279266e-01
2.026083180680871010e-01
1.962245600298047066e-01
1.669113230891525745e-01
1.603889781981706619e-01
1.592190400697290897e-01
1.674248897470533848e-01
1.602692939341068268e-01
1.146873189136385918e-01
1.685689641162753105e-01
1.503257150761783123e-01
1.673264307901263237e-01
1.516896258108317852e-01
1.761763091199100018e-01
1.667067292146384716e-01
1.670695897191762924e-01
1.678706388920545578e-01
1.579017182812094688e-01
1.412835540249943733e-01
1.355019318871200085e-01
1.759446579962968826e-01
1.838959101587533951e-01
1.753318468108773232e-01
1.758337342180311680e-01
1.409635911695659161e-01
1.845067609101533890e-01
1.595883318223059177e-01
1.323163271881639957e-01
1.670366860926151276e-01
1.584120760671794415e-01
1.661884179338812828e-01
1.575223747640848160e-01
1.754335421137511730e-01
1.771313985809683800e-01
1.691059148870408535e-01
1.910226829349994659e-01
1.340572419576346874e-01
1.760443812236189842e-01
2.251237221062183380e-01
1.673861108720302582e-01
1.591844689100980759e-01
1.673541339114308357e-01
1.675312402658164501e-01
2.235707947984337807e-01
2.108109216205775738e-01
2.016800506971776485e-01
2.036208552308380604e-01
1.577260931953787804e-01
1.503034117631614208e-01
1.849822313524782658e-01
1.866620667278766632e-01
1.930535230785608292e-01
1.500372109003365040e-01
1.942382031120359898e-01
1.655933158472180367e-01
2.014898979105055332e-01
1.587764304131269455e-01
1.410775980912148952e-01
1.683544688858091831e-01
1.583972238004207611e-01
1.441477569751441479e-01
1.587775819934904575e-01
2.018779679201543331e-01
2.031987830996513367e-01
1.672172918915748596e-01
1.849731868132948875e-01
2.241160720586776733e-01
1.413780082948505878e-01
2.034768611192703247e-01
2.244469681754708290e-01
1.418615188449621201e-01
2.334097283892333508e-01
3.378231907263398170e-01
1.500109937041997910e-01
1.758165010251104832e-01
1.582121960818767548e-01
1.756197507493197918e-01
1.943134348839521408e-01
2.930157738737761974e-01
1.758429608307778835e-01
1.490929322317242622e-01
1.414944389835000038e-01
1.587266549468040466e-01
1.261916062794625759e-01
2.251876690424978733e-01
1.588223143480718136e-01
1.325837047770619392e-01
2.116063050925731659e-01
1.254711141809821129e-01
1.585847181268036366e-01
1.403314000926911831e-01
1.785507015883922577e-01
2.252373099327087402e-01
1.413816851563751698e-01
2.204152480699121952e-01
1.330943698994815350e-01
1.620165221393108368e-01
2.208565720357000828e-01
1.761177298612892628e-01
1.940443031489849091e-01
1.863226317800581455e-01
1.610806006938219070e-01
2.246114122681319714e-01
1.681734109297394753e-01
2.241853820160031319e-01
1.948191979900002480e-01
1.535847410559654236e-01
1.679152422584593296e-01
1.824751719832420349e-01
1.324344212189316750e-01
2.024044711142778397e-01
1.765382476150989532e-01
1.407852051779627800e-01
1.762910811230540276e-01
2.026479332707822323e-01
1.504236790351569653e-01
1.595913800410926342e-01
1.336692422628402710e-01
1.784826898947358131e-01
1.683231699280440807e-01
1.849590921774506569e-01
1.681026881560683250e-01
1.781352148391306400e-01
2.034837799146771431e-01
1.936298841610550880e-01
1.591656161472201347e-01
1.594946621917188168e-01
1.327299461700022221e-01
1.523798289708793163e-01
1.329544810578227043e-01
2.248174143023788929e-01
1.587624251842498779e-01
2.250243099406361580e-01
2.029332853853702545e-01
1.852031531743705273e-01
1.853160271421074867e-01
2.134286467917263508e-01
2.022766191512346268e-01
1.505742273293435574e-01
1.841982267796993256e-01
1.499157561920583248e-01
2.034811209887266159e-01
1.769535127095878124e-01
1.691923481412231922e-01
1.238776189275085926e-01
1.499732411466538906e-01
1.763522317633032799e-01
1.936406786553561687e-01
1.601633746176958084e-01
1.675621801987290382e-01
1.331651969812810421e-01
2.246709978207945824e-01
1.674127411097288132e-01
1.952392249368131161e-01
1.769808689132332802e-01
1.411924893036484718e-01
2.263495968654751778e-01
1.672113710083067417e-01
1.246970281936228275e-01
1.587088759988546371e-01
1.681866650469601154e-01
1.699103559367358685e-01
1.407157359644770622e-01
1.681644455529749393e-01
1.412082077004015446e-01
2.024876661598682404e-01
1.766382739879190922e-01
1.596545088104903698e-01
1.517216791398823261e-01
1.414002478122711182e-01
1.765325483866035938e-01
1.591410106047987938e-01
2.256978256627917290e-01
2.059105345979332924e-01
1.952403257600963116e-01
2.337603983469307423e-01
1.586730983108282089e-01
1.947669489309191704e-01
1.589432512409985065e-01
2.269708816893398762e-01
1.597143812105059624e-01
1.509531619958579540e-01
1.947680227458477020e-01
1.414962885901331902e-01
1.946078133769333363e-01
1.866737981326878071e-01
1.949790762737393379e-01
1.943320003338158131e-01
2.209837860427796841e-01
1.949873780831694603e-01
1.602346217259764671e-01
1.502766092307865620e-01
1.589104142040014267e-01
1.589402053505182266e-01
1.763427080586552620e-01
2.955792262218892574e-01
1.768706776201725006e-01
1.598070119507610798e-01
1.868403810076415539e-01
1.508368761278688908e-01
1.938754161819815636e-01
1.939038387499749660e-01
1.508461781777441502e-01
1.525287800468504429e-01
2.204006882384419441e-01
1.593525260686874390e-01
1.595792919397354126e-01
2.250290531665086746e-01
2.014099308289587498e-01
1.300173369236290455e-01
1.938662650063633919e-01
1.516338880173861980e-01
1.844896418042480946e-01
1.840750691480934620e-01
1.498601040802896023e-01
1.497843991965055466e-01
1.866688821464776993e-01
1.763340788893401623e-01
1.327157509513199329e-01
1.242308882065117359e-01
1.508752931840717793e-01
1.940882308408617973e-01
1.848590439185500145e-01
1.587795810773968697e-01
1.501359110698103905e-01
1.970704956911504269e-01
1.685841777361929417e-01
1.687530498020350933e-01
1.937660207040607929e-01
1.497233510017395020e-01
1.600896962918341160e-01
1.408817400224506855e-01
2.025333857163786888e-01
1.865422083064913750e-01
1.937137157656252384e-01
1.506471638567745686e-01
1.693792687729001045e-01
2.047147722914814949e-01
1.804112526588141918e-01
1.600107369013130665e-01
1.422072472050786018e-01
1.593985320068895817e-01
1.589001780375838280e-01
1.687861382961273193e-01
2.251265067607164383e-01
1.947490777820348740e-01
1.803468381986021996e-01
1.848230110481381416e-01
1.833699312992393970e-01
2.122762161307036877e-01
1.764777819626033306e-01
1.516679720953106880e-01
2.667940980754792690e-01
2.026738431304693222e-01
2.266078721731901169e-01
1.835458311252295971e-01
2.043877649120986462e-01
2.186915590427815914e-01
1.669128071516752243e-01
1.597626428119838238e-01
1.664303862489759922e-01
2.914175782352685928e-01
1.678100163117051125e-01
1.581965479999780655e-01
1.939559751190245152e-01
1.678633340634405613e-01
1.832488682121038437e-01
1.671219561249017715e-01
1.495812921784818172e-01
2.061995975673198700e-01
1.509086601436138153e-01
1.665854551829397678e-01
1.685057738795876503e-01
1.761538912542164326e-01
1.943566612899303436e-01
1.660228963010013103e-01
1.582870818674564362e-01
1.582958642393350601e-01
1.678944309242069721e-01
1.675318237394094467e-01
1.931920917704701424e-01
1.920855669304728508e-01
1.968258502893149853e-01
2.344772750511765480e-01
1.678123199380934238e-01
2.248053448274731636e-01
1.845593103207647800e-01
2.016810467466711998e-01
1.757804150693118572e-01
1.775019322521984577e-01
1.668401630595326424e-01
2.030168077908456326e-01
1.672073691152036190e-01
2.050938010215759277e-01
1.761527438648045063e-01
1.581894760020077229e-01
1.849414878524839878e-01
1.338280690833926201e-01
1.503560463897883892e-01
1.416723751462996006e-01
1.590981069020926952e-01
1.745013911277055740e-01
1.677117529325187206e-01
1.501292423345148563e-01
1.933191819116473198e-01
1.420579729601740837e-01
1.498257997445762157e-01
1.579800210893154144e-01
1.487165428698062897e-01
2.023864882066845894e-01
1.592831197194755077e-01
1.501472126692533493e-01
1.593999508768320084e-01
1.413290337659418583e-01
2.244029431603848934e-01
1.837834659963846207e-01
1.583549878560006618e-01
1.620409651659429073e-01
2.021209318190813065e-01
1.900940281338989735e-01
1.676145740784704685e-01
1.503689303062856197e-01
1.675687287934124470e-01
1.781066451221704483e-01
2.238327027298510075e-01
2.115589142777025700e-01
1.408304693177342415e-01
1.502202521078288555e-01
1.582595133222639561e-01
1.416767681948840618e-01
1.779342601075768471e-01
1.693869465962052345e-01
1.671106112189590931e-01
1.412583538331091404e-01
2.260552886873483658e-01
2.206079489551484585e-01
1.499794349074363708e-01
1.942376922816038132e-01
1.595708471722900867e-01
1.660631941631436348e-01
1.501736161299049854e-01
1.778473369777202606e-01
1.409140280447900295e-01
1.585853970609605312e-01
1.843163049779832363e-01
1.589474822394549847e-01
1.405972409993410110e-01
2.238071709871292114e-01
1.603365233168005943e-01
1.772718499414622784e-01
1.433940753340721130e-01
2.022704058326780796e-01
1.836432050913572311e-01
1.421518740244209766e-01
1.500051287002861500e-01
1.583385523408651352e-01
2.245003269053995609e-01
1.930487141944468021e-01
1.790867676027119160e-01
1.809327858500182629e-01
2.185097681358456612e-01
1.579106333665549755e-01
1.668509319424629211e-01
1.767465700395405293e-01
1.498457510024309158e-01
1.500348690897226334e-01
1.417649979703128338e-01
1.849882560782134533e-01
1.766579342074692249e-01
1.658471608534455299e-01
1.580525338649749756e-01
1.959907351993024349e-01
1.839228980243206024e-01
2.260915688239037991e-01
1.674674209207296371e-01
1.581398593261837959e-01
1.317596780136227608e-01
1.501079797744750977e-01
2.047025184147059917e-01
1.418210789561271667e-01
2.115677213296294212e-01
1.930134370923042297e-01
1.585515518672764301e-01
1.520092599093914032e-01
1.570881283842027187e-01
1.486953310668468475e-01
1.662204000167548656e-01
1.232839557342231274e-01
1.495845098979771137e-01
1.932592242956161499e-01
1.583467186428606510e-01
2.096619419753551483e-01
1.416297829709947109e-01
1.403734562918543816e-01
1.925751985982060432e-01
2.319712787866592407e-01
2.235931740142405033e-01
2.190207717940211296e-01
2.105120257474482059e-01
1.665971642360091209e-01
2.045117388479411602e-01
1.835706559941172600e-01
2.186641460284590721e-01
1.519262189976871014e-01
1.401512827724218369e-01
1.756957899779081345e-01
1.407482051290571690e-01
1.404830771498382092e-01
1.596443648450076580e-01
1.917982399463653564e-01
1.927471091039478779e-01
1.405202597379684448e-01
2.101817168295383453e-01
1.773937116377055645e-01
1.747891646809875965e-01
1.753618451766669750e-01
2.123187952674925327e-01
1.770223998464643955e-01
2.099130856804549694e-01
1.945497598499059677e-01
2.240815400145947933e-01
2.031648401170969009e-01
1.581884659826755524e-01
1.324831391684710979e-01
2.103250348009169102e-01
1.390627711080014706e-01
1.945555997081100941e-01
1.495319749228656292e-01
1.498808702453970909e-01
1.759379371069371700e-01
1.582308555953204632e-01
1.761869331821799278e-01
1.747268671169877052e-01
1.749844821169972420e-01
1.665136399678885937e-01
1.998414662666618824e-01
2.683556876145303249e-01
1.505501009523868561e-01
1.591285271570086479e-01
1.776820961385965347e-01
1.668514851480722427e-01
1.500129713676869869e-01
1.670777481049299240e-01
1.495024738833308220e-01
1.928532891906797886e-01
1.922366512008011341e-01
2.138600079342722893e-01
1.498399809934198856e-01
1.846627970226109028e-01
1.534046060405671597e-01
1.762620671652257442e-01
1.587460869923233986e-01
1.585774188861250877e-01
2.022827612236142159e-01
2.107098023407161236e-01
1.772480206564068794e-01
1.676558032631874084e-01
1.763628600165247917e-01
1.671699858270585537e-01
2.250864109955728054e-01
1.331228869967162609e-01
2.102162251248955727e-01
1.787907341495156288e-01
1.672886610031127930e-01
1.325649968348443508e-01
2.045174171216785908e-01
2.240385431796312332e-01
1.587487361393868923e-01
2.523204511962831020e-01
1.748378779739141464e-01
1.578908422961831093e-01
2.047989000566303730e-01
1.853176392614841461e-01
2.232562140561640263e-01
2.026082430966198444e-01
2.185945878736674786e-01
1.591799813322722912e-01
1.491248528473079205e-01
1.928675486706197262e-01
2.242133379913866520e-01
1.753626591525971889e-01
1.757531031034886837e-01
1.322338851168751717e-01
1.756359599530696869e-01
1.772695267572999001e-01
2.013449589721858501e-01
1.840391997247934341e-01
1.319299601018428802e-01
2.187224379740655422e-01
1.342968940734863281e-01
1.416980791836977005e-01
1.421230803243815899e-01
1.321918889880180359e-01
1.324965171515941620e-01
1.928526931442320347e-01
1.756729641929268837e-01
2.247302629984915257e-01
1.496208538301289082e-01
1.582269412465393543e-01
1.592720416374504566e-01
1.409593429416418076e-01
2.106064246036112309e-01
1.800117851234972477e-01
1.676240055821835995e-01
1.522885430604219437e-01
1.760857021436095238e-01
1.757312496192753315e-01
1.495099267922341824e-01
2.246919642202556133e-01
1.673131030984222889e-01
1.500672078691422939e-01
1.403024350292980671e-01
1.941222189925611019e-01
2.242697230540215969e-01
1.579982200637459755e-01
1.669832379557192326e-01
1.763165942393243313e-01
1.700005657039582729e-01
1.924644242972135544e-01
2.111934018321335316e-01
1.340898298658430576e-01
1.764309410937130451e-01
1.498039476573467255e-01
1.849533417262136936e-01
1.842534258030354977e-01
1.690588141791522503e-01
1.670602438971400261e-01
1.409606928937137127e-01
1.925513530150055885e-01
1.331244120374321938e-01
1.412583081983029842e-01
2.237283550202846527e-01
1.746647283434867859e-01
1.409572353586554527e-01
1.408139597624540329e-01
2.011549919843673706e-01
1.842277548275887966e-01
1.695820786990225315e-01
1.957038189284503460e-01
1.998549951240420341e-01
2.131960219703614712e-01
1.412877361290156841e-01
1.950800628401339054e-01
1.414870009757578373e-01
1.492739948444068432e-01
1.756879212334752083e-01
1.674247551709413528e-01
1.786513892002403736e-01
2.018497288227081299e-01
1.836974020116031170e-01
1.582100368104875088e-01
1.586466729640960693e-01
1.844706721603870392e-01
1.523402342572808266e-01
1.498048021458089352e-01
1.328261592425405979e-01
1.413234490901231766e-01
1.667965208180248737e-01
1.778861749917268753e-01
2.192755560390651226e-01
1.324439789168536663e-01
1.761539489962160587e-01
1.849468541331589222e-01
1.671178690157830715e-01
1.399640482850372791e-01
2.009942079894244671e-01
1.753188576549291611e-01
2.028977419249713421e-01
1.604590499773621559e-01
1.845288868062198162e-01
1.551368702203035355e-01
1.899847560562193394e-01
2.186245890334248543e-01
1.234745327383279800e-01
1.697859289124608040e-01
2.026717890985310078e-01
2.238692296668887138e-01
1.759040900506079197e-01
1.405654158443212509e-01
1.350559229031205177e-01
1.935166069306433201e-01
1.842412869445979595e-01
2.028113328851759434e-01
1.584280063398182392e-01
2.039724891074001789e-01
1.414387412369251251e-01
1.587135330773890018e-01
1.405224581249058247e-01
2.019823109731078148e-01
2.018736531026661396e-01
1.397810750640928745e-01
1.935702371411025524e-01
1.783008319325745106e-01
1.752396319061517715e-01
1.335199307650327682e-01
2.238461342640221119e-01
1.687685572542250156e-01
2.231073691509664059e-01
1.761349337175488472e-01
1.966753951273858547e-01
1.860458930023014545e-01
1.499097021296620369e-01
1.864407868124544621e-01
1.766168791800737381e-01
2.047548070549964905e-01
2.232076143845915794e-01
1.571701760403811932e-01
1.420408417470753193e-01
1.403621351346373558e-01
2.360370233654975891e-01
1.758864196017384529e-01
1.404209341853857040e-01
2.049379008822143078e-01
1.932422271929681301e-01
1.499079680070281029e-01
2.109439186751842499e-01
2.015011310577392578e-01
1.526990355923771858e-01
1.408787909895181656e-01
1.927151367999613285e-01
1.754731829278171062e-01
1.670355610549449921e-01
1.666293549351394176e-01
1.417765310034155846e-01
2.130238860845565796e-01
1.500665028579533100e-01
2.021486978046596050e-01
1.768807019107043743e-01
1.767815267667174339e-01
1.236289772205054760e-01
2.022343319840729237e-01
1.411029808223247528e-01
2.021694639697670937e-01
1.583711430430412292e-01
1.684698839671909809e-01
2.096485830843448639e-01
2.196619627065956593e-01
1.782905627042055130e-01
1.759605803526937962e-01
1.673579639755189419e-01
1.671738410368561745e-01
1.932885339483618736e-01
1.879019332118332386e-01
2.003052700310945511e-01
1.665786020457744598e-01
1.699012219905853271e-01
1.592860780656337738e-01
1.402910188771784306e-01
2.028410607017576694e-01
1.666763974353671074e-01
1.950569152832031250e-01
1.755535299889743328e-01
1.759512056596577168e-01
1.592253590933978558e-01
1.582127679139375687e-01
1.614719023928046227e-01
2.194106848910450935e-01
1.841896469704806805e-01
1.586543619632720947e-01
2.186219580471515656e-01
2.105520321056246758e-01
1.583234048448503017e-01
1.764318132773041725e-01
1.417267657816410065e-01
2.190249431878328323e-01
1.498036850243806839e-01
1.405825349502265453e-01
1.576168779283761978e-01
2.116544358432292938e-01
1.406486444175243378e-01
1.928850882686674595e-01
1.688431804068386555e-01
1.494523449800908566e-01
1.494955099187791348e-01
1.930883787572383881e-01
1.749087069183588028e-01
2.029003379866480827e-01
1.853542067110538483e-01
1.403492311947047710e-01
1.931972508318722248e-01
1.325856777839362621e-01
1.674797702580690384e-01
2.192929722368717194e-01
1.691812183707952499e-01
1.411075079813599586e-01
1.590524679049849510e-01
1.587205040268599987e-01
1.670564808882772923e-01
2.245424496941268444e-01
1.761933276429772377e-01
1.489142696373164654e-01
2.114991871640086174e-01
1.585380621254444122e-01
1.758404830470681190e-01
1.927827270701527596e-01
1.775620058178901672e-01
1.928817681036889553e-01
1.670948802493512630e-01
1.770113590173423290e-01
1.928483308292925358e-01
2.241071471944451332e-01
1.235402268357574940e-01
1.498101749457418919e-01
1.766232876107096672e-01
1.497317827306687832e-01
1.846041041426360607e-01
1.750501822680234909e-01
1.502786530181765556e-01
1.783819957636296749e-01
1.841333499178290367e-01
1.759440568275749683e-01
1.400673058815300465e-01
1.496833916753530502e-01
2.002868172712624073e-01
1.962659619748592377e-01
1.579150487668812275e-01
1.518890969455242157e-01
2.014947021380066872e-01
1.578222741372883320e-01
1.752876983955502510e-01
2.024107482284307480e-01
1.688562990166246891e-01
1.932401037774980068e-01
1.934155551716685295e-01
2.242259550839662552e-01
1.403561788611114025e-01
1.437249071896076202e-01
1.838847189210355282e-01
1.405625287443399429e-01
1.402857350185513496e-01
1.666941461153328419e-01
1.864888267591595650e-01
1.582606839947402477e-01
1.409481689333915710e-01
1.334269428625702858e-01
1.330272229388356209e-01
1.860512481071054935e-01
1.482642232440412045e-01
1.777672600001096725e-01
1.766711962409317493e-01
1.936879442073404789e-01
1.591000547632575035e-01
2.036323151551187038e-01
1.766446661204099655e-01
1.577597442083060741e-01
1.775198820978403091e-01
1.405040509998798370e-01
1.772619821131229401e-01
1.692759948782622814e-01
2.047671736218035221e-01
1.760849780403077602e-01
2.119306284002959728e-01
1.602102760225534439e-01
1.700906753540039062e-01
1.413433747366070747e-01
1.407933626323938370e-01
1.504050930961966515e-01
1.754312212578952312e-01
1.414569099433720112e-01
1.757749528624117374e-01
1.677738060243427753e-01
1.852940428070724010e-01
1.491766329854726791e-01
2.267815908417105675e-01
1.759330723434686661e-01
2.025961717590689659e-01
1.496942350640892982e-01
1.407497120089828968e-01
1.844716500490903854e-01
1.580878128297626972e-01
1.329192868433892727e-01
1.489126570522785187e-01
1.935300007462501526e-01
1.586161097511649132e-01
1.841553673148155212e-01
2.217255593277513981e-01
2.237204280681908131e-01
1.580706951208412647e-01
1.517230272293090820e-01
1.851963791996240616e-01
1.844601440243422985e-01
2.243992881849408150e-01
2.155996668152511120e-01
1.977961841039359570e-01
2.033074409700930119e-01
1.850105859339237213e-01
2.022182540968060493e-01
1.942939646542072296e-01
1.750670908950269222e-01
3.019244070164859295e-01
1.586101613938808441e-01
1.754060173407196999e-01
1.930703599937260151e-01
1.323546478524804115e-01
1.588275311514735222e-01
1.441617188975214958e-01
1.938186101615428925e-01
1.751201758161187172e-01
1.411053896881639957e-01
2.235042299143970013e-01
1.505323192104697227e-01
1.496205357834696770e-01
1.519908900372684002e-01
1.757162981666624546e-01
1.486140079796314240e-01
1.407266999594867229e-01
1.851767208427190781e-01
1.867446661926805973e-01
1.665666070766746998e-01
1.951624173671007156e-01
2.197178108617663383e-01
1.843470763415098190e-01
1.619755788706243038e-01
2.020644959993660450e-01
1.935970699414610863e-01
1.243593869730830193e-01
1.674470179714262486e-01
1.616968177258968353e-01
1.925751999951899052e-01
3.634108491241931915e-01
1.491488488391041756e-01
1.498642638325691223e-01
2.204922060482203960e-01
1.835870700888335705e-01
1.677596229128539562e-01
2.027752390131354332e-01
1.519223931245505810e-01
1.574813080951571465e-01
1.841430268250405788e-01
1.411833181045949459e-01
2.237547710537910461e-01
1.584927309304475784e-01
1.407021339982748032e-01
2.206236599013209343e-01
1.636749487370252609e-01
1.671089529991149902e-01
2.228346946649253368e-01
1.849713451229035854e-01
1.150136128999292850e-01
1.591839310713112354e-01
2.236646069213747978e-01
1.496157729998230934e-01
1.596620767377316952e-01
2.196793803013861179e-01
1.342139858752489090e-01
1.761415763758122921e-01
1.668379148468375206e-01
1.760234809480607510e-01
1.755525381304323673e-01
2.269509849138557911e-01
2.268334706313908100e-01
1.589625221677124500e-01
1.499364161863923073e-01
1.758816232904791832e-01
1.431077197194099426e-01
1.592147708870470524e-01
1.616129968315362930e-01
1.499687889590859413e-01
1.851933482103049755e-01
2.017905702814459801e-01
1.415866957977414131e-01
1.845999918878078461e-01
1.416007410734891891e-01
2.116894251666963100e-01
1.610663128085434437e-01
1.868118243291974068e-01
1.766307540237903595e-01
1.407524608075618744e-01
1.417170269414782524e-01
1.325292289257049561e-01
1.411578282713890076e-01
1.255350778810679913e-01
1.637676558457314968e-01
1.503631379455327988e-01
2.054937779903411865e-01
1.332286023534834385e-01
1.422720113769173622e-01
1.230846550315618515e-01
1.954517159610986710e-01
1.602658717893064022e-01
2.019873266108334064e-01
1.749751120805740356e-01
2.112930971197783947e-01
1.495079468004405499e-01
2.026841798797249794e-01
2.110497979447245598e-01
1.749156289733946323e-01
1.416777130216360092e-01
2.010300359688699245e-01
1.907540988177061081e-01
2.053561471402645111e-01
1.497992952354252338e-01
1.423785258084535599e-01
1.496163532137870789e-01
2.240411462262272835e-01
1.580283008515834808e-01
1.673278221860527992e-01
1.608720077201724052e-01
1.926638041622936726e-01
1.595092983916401863e-01
1.841791500337421894e-01
1.589803206734359264e-01
2.216535857878625393e-01
1.851952173747122288e-01
2.026939899660646915e-01
2.258799145929515362e-01
1.578956847079098225e-01
1.599101191386580467e-01
1.485971291549503803e-01
1.460414528846740723e-01
1.939514582045376301e-01
3.361031929962337017e-01
1.587923909537494183e-01
1.756327389739453793e-01
1.756967958062887192e-01
1.412378931418061256e-01
1.940751080401241779e-01
1.671105651184916496e-01
1.348823010921478271e-01
1.747959633357822895e-01
1.791901290416717529e-01
1.756852781400084496e-01
1.762807131744921207e-01
1.529805427417159081e-01
1.573358387686312199e-01
1.501348000019788742e-01
1.754367151297628880e-01
2.238989411853253841e-01
1.412158850580453873e-01
1.583812162280082703e-01
2.099945112131536007e-01
1.855151797644793987e-01
1.666055908426642418e-01
1.842241510748863220e-01
1.941212788224220276e-01
1.852259100414812565e-01
1.522089941427111626e-01
1.410696399398148060e-01
1.765647251158952713e-01
1.588804409839212894e-01
1.675176788121461868e-01
1.433049309998750687e-01
1.500616441480815411e-01
1.929823709651827812e-01
2.230891352519392967e-01
1.319138002581894398e-01
1.431010179221630096e-01
1.751013388857245445e-01
1.761810919269919395e-01
1.938285026699304581e-01
1.894900882616639137e-01
1.659828689880669117e-01
1.495460798032581806e-01
2.830326980911195278e-01
1.751979719847440720e-01
1.757291317917406559e-01
1.595240309834480286e-01
1.696093999780714512e-01
1.661373390816152096e-01
1.923820190131664276e-01
1.591990701854228973e-01
1.928102523088455200e-01
1.571853859350085258e-01
1.412960831075906754e-01
2.242669989354908466e-01
2.022091280668973923e-01
1.409276388585567474e-01
1.600762959569692612e-01
1.933175940066576004e-01
1.573160369880497456e-01
1.753757391124963760e-01
1.580333183519542217e-01
1.443253527395427227e-01
3.000302389264106750e-01
1.928544449619948864e-01
1.691877096891403198e-01
1.753000090830028057e-01
1.586219309829175472e-01
1.588494968600571156e-01
2.034028661437332630e-01
2.127736289985477924e-01
1.665847566910088062e-01
2.221748260781168938e-01
2.283378192223608494e-01
2.106121969409286976e-01
1.582189849577844143e-01
1.687198397703468800e-01
2.101650438271462917e-01
1.493556001223623753e-01
1.928972909227013588e-01
1.782986312173306942e-01
2.112726089544594288e-01
1.927265059202909470e-01
1.758739543147385120e-01
1.489622076041996479e-01
1.944350861012935638e-01
2.108293562196195126e-01
1.677128202281892300e-01
2.116136979311704636e-01
1.765013411641120911e-01
1.498884200118482113e-01
2.039361260831356049e-01
1.934845298528671265e-01
1.673588841222226620e-01
1.410089172422885895e-01
1.579873217269778252e-01
1.499225622974336147e-01
1.413937290199100971e-01
2.226276881992816925e-01
2.019551438279449940e-01
2.248338577337563038e-01
1.416623210534453392e-01
1.411948450841009617e-01
2.684860271401703358e-01
1.583865038119256496e-01
2.021994902752339840e-01
1.413106289692223072e-01
1.238319380208849907e-01
1.942577059380710125e-01
2.017573383636772633e-01
1.846102597191929817e-01
1.761877951212227345e-01
1.413034531287848949e-01
2.131017846986651421e-01
1.803154586814343929e-01
2.196233607828617096e-01
2.140384078957140446e-01
1.671584499999880791e-01
1.599280210211873055e-01
1.585168316960334778e-01
1.593804107978940010e-01
1.499707200564444065e-01
1.591854118742048740e-01
1.606998341158032417e-01
1.768555371090769768e-01
2.012548325583338737e-01
1.148298969492316246e-01
1.411270783282816410e-01
1.591830011457204819e-01
1.747548184357583523e-01
1.756971250288188457e-01
1.412661182694137096e-01
1.494181831367313862e-01
2.106256810948252678e-01
1.922213858924806118e-01
2.113300920464098454e-01
1.665867408737540245e-01
1.758523266762495041e-01
2.217877502553164959e-01
1.502296458929777145e-01
1.687523676082491875e-01
1.409869361668825150e-01
1.495393691584467888e-01
1.954207709059119225e-01
1.915752738714218140e-01
2.240984318777918816e-01
1.415449469350278378e-01
1.493386710062623024e-01
1.760057099163532257e-01
2.186140283010900021e-01
1.317577520385384560e-01
1.683967909775674343e-01
2.022354910150170326e-01
1.416570837609469891e-01
1.674732649698853493e-01
1.672369181178510189e-01
1.581381619907915592e-01
1.851742039434611797e-01
1.758008403703570366e-01
1.757619720883667469e-01
1.419256832450628281e-01
1.751924860291182995e-01
1.928765377961099148e-01
2.017938960343599319e-01
1.759532932192087173e-01
1.588293709792196751e-01
1.935967439785599709e-01
1.843445110134780407e-01
1.775069548748433590e-01
1.586868711747229099e-01
1.498803971335291862e-01
1.408901740796864033e-01
1.849732520058751106e-01
1.950467801652848721e-01
1.407423317432403564e-01
1.331993700005114079e-01
1.666731187142431736e-01
1.753773759119212627e-01
1.842256407253444195e-01
1.672517890110611916e-01
1.525227022357285023e-01
1.676257411018013954e-01
1.759707308374345303e-01
1.758839320391416550e-01
1.493164398707449436e-01
1.583004319109022617e-01
1.671761968173086643e-01
1.234494377858936787e-01
1.836221250705420971e-01
1.665192567743360996e-01
2.012691246345639229e-01
1.848688111640512943e-01
1.775033958256244659e-01
2.194011467508971691e-01
2.239225339144468307e-01
2.263452452607452869e-01
1.834037140943109989e-01
1.493949405848979950e-01
2.230055402033030987e-01
1.508641256950795650e-01
1.498258137144148350e-01
1.498932461254298687e-01
1.692649060860276222e-01
1.501545198261737823e-01
1.591559560038149357e-01
1.764722932130098343e-01
1.844331622123718262e-01
2.042348827235400677e-01
1.587976482696831226e-01
1.929148719646036625e-01
1.665333071723580360e-01
1.670901849865913391e-01
1.516717602498829365e-01
1.408613882958889008e-01
1.771096219308674335e-01
2.194850430823862553e-01
1.758362459950149059e-01
1.589075019583106041e-01
1.517863897606730461e-01
2.296041250228881836e-01
2.113766856491565704e-01
2.234074259176850319e-01
1.496806787326931953e-01
1.427951371297240257e-01
1.931538684293627739e-01
1.850447920151054859e-01
1.328947078436613083e-01
1.763520329259335995e-01
1.962416321039199829e-01
1.497839568182826042e-01
1.682107164524495602e-01
1.856983657926321030e-01
1.585002630017697811e-01
1.598102669231593609e-01
2.504788017831742764e-01
1.687280125916004181e-01
1.677212221547961235e-01
2.226901338435709476e-01
2.200358430854976177e-01
1.423851158469915390e-01
1.530614220537245274e-01
1.497010700404644012e-01
3.101439881138503551e-01
1.419990099966526031e-01
1.588595742359757423e-01
1.766881779767572880e-01
1.758150560781359673e-01
1.587726748548448086e-01
1.320904097519814968e-01
1.698880130425095558e-01
1.688033677637577057e-01
1.505449768155813217e-01
1.494180457666516304e-01
2.194555471651256084e-01
1.756177889183163643e-01
1.952276877127587795e-01
2.243567588739097118e-01
1.488561490550637245e-01
2.144210888072848320e-01
1.852136170491576195e-01
1.414970420300960541e-01
1.406452446244657040e-01
1.505032437853515148e-01
2.050133841112256050e-01
1.845246730372309685e-01
1.585065182298421860e-01
1.501506408676505089e-01
1.754046627320349216e-01
1.500673741102218628e-01
1.671812031418085098e-01
1.408895319327712059e-01
2.022364758886396885e-01
1.404366120696067810e-01
1.438672919757664204e-01
1.672065872699022293e-01
1.585783371701836586e-01
1.938504129648208618e-01
1.402436639182269573e-01
2.223776038736104965e-01
1.603841437026858330e-01
1.583683816716074944e-01
1.846423842944204807e-01
1.502318638376891613e-01
2.665124977938830853e-01
2.108088107779622078e-01
1.588718029670417309e-01
1.701445351354777813e-01
1.840464547276496887e-01
1.580976280383765697e-01
1.674424209631979465e-01
1.322147119790315628e-01
1.504252930171787739e-01
2.255103657953441143e-01
1.687675490975379944e-01
1.941293952986598015e-01
1.673481450416147709e-01
1.597562609240412712e-01
1.682837321422994137e-01
1.673574387095868587e-01
2.119374773465096951e-01
1.785659100860357285e-01
2.043277570046484470e-01
1.328960196115076542e-01
1.591790150851011276e-01
2.245555692352354527e-01
1.774062882177531719e-01
1.417990969493985176e-01
1.597684430889785290e-01
1.613872251473367214e-01
2.039279299788177013e-01
1.761303059756755829e-01
1.853525312617421150e-01
1.678058439865708351e-01
1.528491657227277756e-01
1.846998138353228569e-01
2.262227246537804604e-01
1.700166366063058376e-01
1.764011788181960583e-01
2.255745748989284039e-01
2.271817838773131371e-01
2.400691192597150803e-01
1.685573430731892586e-01
1.958147119730710983e-01
1.678081341087818146e-01
1.500160638242959976e-01
1.762366117909550667e-01
1.597164948470890522e-01
2.266144719906151295e-01
1.326093659736216068e-01
1.580777717754244804e-01
2.134682801552116871e-01
1.805260200053453445e-01
2.115988149307668209e-01
1.685572518035769463e-01
1.490720412693917751e-01
1.423273761756718159e-01
1.858408385887742043e-01
1.419679508544504642e-01
1.591909853741526604e-01
1.580557469278573990e-01
1.614386867731809616e-01
1.935654380358755589e-01
1.441774517297744751e-01
1.674736668355762959e-01
1.518855481408536434e-01
3.020597640424966812e-01
1.415711501613259315e-01
2.847814550623297691e-01
1.702793329022824764e-01
2.461951998993754387e-01
2.329413220286369324e-01
1.846468979492783546e-01
1.754180500283837318e-01
1.588303130120038986e-01
1.151695260778069496e-01
1.415850259363651276e-01
1.853062012232840061e-01
2.105573429726064205e-01
1.846643136814236641e-01
1.582382991909980774e-01
2.030993821099400520e-01
1.936476356349885464e-01
1.934812883846461773e-01
1.676657069474458694e-01
1.679280372336506844e-01
2.022206061519682407e-01
1.581534338183701038e-01
2.862908728420734406e-01
1.674439758062362671e-01
1.779160089790821075e-01
1.502689830958843231e-01
1.501198280602693558e-01
1.947619211860001087e-01
1.851358353160321712e-01
1.604084968566894531e-01
1.582988039590418339e-01
1.589292846620082855e-01
1.406317939981818199e-01
2.104623210616409779e-01
1.847238629125058651e-01
1.765898191370069981e-01
1.789595270529389381e-01
1.899476610124111176e-01
1.409939439035952091e-01
1.770186098292469978e-01
1.411367142572999001e-01
1.768112690187990665e-01
1.605440559796988964e-01
1.401004912331700325e-01
1.578863402828574181e-01
1.403654227033257484e-01
1.581251216121017933e-01
1.490841852501034737e-01
1.664533503353595734e-01
1.751880818046629429e-01
2.238019150681793690e-01
1.671683783642947674e-01
2.053823363967239857e-01
1.588048022240400314e-01
1.923568970523774624e-01
1.673187399283051491e-01
1.403086851350963116e-01
1.599634657613933086e-01
1.406444488093256950e-01
1.764818788506090641e-01
1.405933881178498268e-01
1.578804827295243740e-01
1.670181546360254288e-01
2.014823700301349163e-01
1.771682337857782841e-01
2.111571691930294037e-01
1.752440948039293289e-01
1.489589787088334560e-01
1.763511900790035725e-01
1.682518748566508293e-01
2.019437407143414021e-01
1.494662002660334110e-01
1.586391380988061428e-01
2.114511202089488506e-01
1.583863566629588604e-01
1.690217689611017704e-01
1.532608466222882271e-01
1.669003828428685665e-01
2.022269382141530514e-01
1.681256750598549843e-01
1.576956072822213173e-01
1.935542342253029346e-01
1.500234943814575672e-01
1.841538092121481895e-01
1.675463896244764328e-01
1.931787380017340183e-01
1.498555797152221203e-01
1.848421939648687840e-01
1.671283594332635403e-01
1.428993907757103443e-01
1.328647588379681110e-01
1.504579093307256699e-01
1.855041589587926865e-01
2.019432061351835728e-01
1.344064320437610149e-01
1.587830171920359135e-01
1.593888318166136742e-01
2.020251029171049595e-01
1.411644639447331429e-01
2.235822291113436222e-01
1.420540059916675091e-01
2.134975241497159004e-01
1.678449930623173714e-01
1.768441321328282356e-01
2.045118366368114948e-01
1.507064779289066792e-01
1.587646612897515297e-01
2.069969829171895981e-01
1.701284721493721008e-01
1.418999689631164074e-01
1.778398198075592518e-01
1.589922527782618999e-01
1.854536356404423714e-01
1.579531049355864525e-01
1.346406782977283001e-01
1.498134643770754337e-01
2.031132047995924950e-01
2.300801086239516735e-01
1.766957989893853664e-01
1.884999298490583897e-01
1.421600161120295525e-01
1.603530892170965672e-01
1.413734359666705132e-01
1.348661319352686405e-01
1.707637109793722630e-01
2.149439919739961624e-01
1.762067261151969433e-01
1.703003239817917347e-01
1.411480982787907124e-01
1.593548581004142761e-01
1.511880313046276569e-01
1.769992019981145859e-01
1.502063539810478687e-01
1.413865853101015091e-01
2.144461702555418015e-01
1.768612922169268131e-01
1.599513310939073563e-01
1.499985526315867901e-01
1.679116310551762581e-01
1.970109650865197182e-01
1.508369189687073231e-01
1.409629574045538902e-01
2.119503542780876160e-01
1.591491769067943096e-01
1.525958161801099777e-01
1.920111598446965218e-01
1.897421586327254772e-01
1.610611891373991966e-01
1.675343159586191177e-01
1.514308829791843891e-01
1.771783479489386082e-01
2.121119932271540165e-01
1.589684667997062206e-01
1.774579379707574844e-01
1.767845987342298031e-01
2.132364646531641483e-01
1.694236369803547859e-01
2.046600393950939178e-01
1.415816466324031353e-01
1.423889310099184513e-01
1.415381417609751225e-01
1.758194747380912304e-01
1.595301446504890919e-01
1.676788106560707092e-01
2.032985938712954521e-01
1.504498822614550591e-01
1.586956372484564781e-01
1.585775748826563358e-01
1.895388751290738583e-01
1.612638733349740505e-01
1.678751581348478794e-01
1.765740397386252880e-01
1.949176490306854248e-01
1.409337418153882027e-01
1.620001951232552528e-01
2.245313348248600960e-01
1.600707960315048695e-01
1.515647820197045803e-01
2.244748738594353199e-01
1.939711580052971840e-01
2.118647648021578789e-01
1.854727170430123806e-01
1.849388699047267437e-01
1.232871343381702900e-01
1.582568441517651081e-01
1.597174066118896008e-01
1.492067710496485233e-01
2.110137972049415112e-01
1.881352448835968971e-01
1.500909058377146721e-01
1.794638722203671932e-01
1.837761579081416130e-01
1.766109517775475979e-01
1.605484490282833576e-01
1.681914231739938259e-01
1.590804797597229481e-01
1.759098349139094353e-01
2.244656109251081944e-01
1.680741980671882629e-01
1.855309018865227699e-01
2.033663918264210224e-01
2.215028512291610241e-01
1.763146999292075634e-01
1.498729642480611801e-01
1.760873859748244286e-01
1.581441857852041721e-01
1.454594661481678486e-01
1.414732681587338448e-01
1.848859391175210476e-01
1.500177108682692051e-01
1.670552520081400871e-01
1.586280600167810917e-01
1.846586340107023716e-01
1.841755681671202183e-01
2.301581436768174171e-01
2.107965457253158092e-01
1.574235078878700733e-01
1.950479978695511818e-01
1.589799998328089714e-01
1.844774112105369568e-01
1.703403959982097149e-01
1.585858170874416828e-01
1.757502239197492599e-01
1.670373720116913319e-01
2.097715442068874836e-01
1.696525872685015202e-01
1.666685082018375397e-01
1.840389920398592949e-01
1.494031660258769989e-01
1.925302799791097641e-01
1.953316465951502323e-01
1.929047526791691780e-01
2.136225500144064426e-01
1.581178167834877968e-01
1.927273985929787159e-01
2.269166619516909122e-01
2.234548940323293209e-01
2.232142346911132336e-01
1.987462099641561508e-01
1.668886858969926834e-01
1.581066190265119076e-01
1.409076177515089512e-01
1.418184298090636730e-01
1.775245750322937965e-01
1.850288752466440201e-01
1.329318918287754059e-01
1.490128021687269211e-01
1.899773641489446163e-01
1.589452666230499744e-01
1.505047949030995369e-01
1.760013340972363949e-01
1.684397980570793152e-01
2.028369265608489513e-01
1.942126168869435787e-01
1.431730985641479492e-01
1.853932519443333149e-01
1.506208321079611778e-01
3.025955446064472198e-01
1.490777810104191303e-01
1.949028917588293552e-01
2.123097628355026245e-01
1.595694939605891705e-01
1.950971679762005806e-01
1.337332809343934059e-01
1.849835808388888836e-01
1.943088662810623646e-01
1.932908971793949604e-01
1.847446225583553314e-01
1.852368079125881195e-01
1.244417238049209118e-01
1.930031566880643368e-01
1.862786780111491680e-01
1.491945851594209671e-01
1.787946051917970181e-01
1.758463787846267223e-01
1.855376847088336945e-01
2.108654137700796127e-01
1.592032858170568943e-01
1.772201573476195335e-01
1.498485500924289227e-01
1.902826670557260513e-01
1.613480630330741405e-01
1.493668691255152225e-01
1.764737293124198914e-01
1.502126809209585190e-01
1.672291443683207035e-01
1.686241338029503822e-01
2.380319461226463318e-01
1.760761812329292297e-01
1.407453920692205429e-01
1.589857842773199081e-01
1.688772058114409447e-01
2.249363418668508530e-01
1.400520228780806065e-01
1.488603590987622738e-01
1.408522222191095352e-01
1.600092290900647640e-01
1.931922538205981255e-01
1.571469660848379135e-01
2.188012860715389252e-01
2.021420509554445744e-01
1.601081318221986294e-01
1.485979822464287281e-01
1.397739299573004246e-01
1.584817990660667419e-01
1.668537999503314495e-01
1.947437999770045280e-01
1.663754861801862717e-01
1.657937760464847088e-01
1.318275011144578457e-01
1.402897997759282589e-01
2.116999528370797634e-01
1.943564899265766144e-01
1.691197119653224945e-01
1.683256421238183975e-01
1.583000123500823975e-01
1.597729059867560863e-01
1.314803641289472580e-01
1.581999780610203743e-01
1.491845748387277126e-01
1.490025422535836697e-01
1.579087269492447376e-01
1.692313821986317635e-01
1.578132072463631630e-01
1.664845570921897888e-01
1.829943358898162842e-01
2.035585539415478706e-01
1.752715469337999821e-01
1.659998111426830292e-01
1.674784459173679352e-01
1.487646759487688541e-01
1.521645388565957546e-01
1.665332862176001072e-01
1.504396130330860615e-01
1.519247381947934628e-01
1.939501520246267319e-01
2.244599238038063049e-01
1.502328128553926945e-01
1.238043680787086487e-01
1.685493402183055878e-01
1.579845361411571503e-01
2.238975572399795055e-01
1.500726868398487568e-01
1.950215511023998260e-01
1.803216901607811451e-01
1.771924151107668877e-01
1.498153856955468655e-01
1.577359437942504883e-01
1.486580632627010345e-01
1.484012240543961525e-01
1.680782428011298180e-01
1.771730859763920307e-01
1.573266922496259212e-01
2.013402152806520462e-01
1.839056978933513165e-01
1.322407731786370277e-01
1.319408309645950794e-01
1.601285194046795368e-01
1.664380617439746857e-01
1.492413058876991272e-01
1.494827466085553169e-01
1.758829420432448387e-01
1.692462852224707603e-01
1.668075430206954479e-01
2.028620829805731773e-01
1.839258489198982716e-01
2.191526461392641068e-01
2.121966728009283543e-01
1.492894329130649567e-01
2.015955089591443539e-01
1.836490537971258163e-01
1.575297950766980648e-01
1.871935222297906876e-01
1.412646761164069176e-01
1.661071418784558773e-01
1.416748762130737305e-01
1.843713959679007530e-01
1.421753070317208767e-01
1.576345660723745823e-01
1.490349611267447472e-01
1.402747170068323612e-01
1.673965607769787312e-01
1.432757256552577019e-01
2.196241710335016251e-01
2.114708912558853626e-01
1.903952830471098423e-01
1.580621451139450073e-01
1.677112719044089317e-01
2.013233900070190430e-01
2.110896529629826546e-01
2.121971240267157555e-01
1.418251967988908291e-01
1.670104949735105038e-01
1.845051068812608719e-01
1.747061531059443951e-01
1.501719406805932522e-01
1.494427691213786602e-01
1.583913792856037617e-01
1.579340668395161629e-01
1.849199342541396618e-01
1.851829239167273045e-01
2.183013036847114563e-01
1.756802517920732498e-01
1.865837252698838711e-01
1.581447510980069637e-01
2.110319500789046288e-01
1.760690757073462009e-01
1.664398973807692528e-01
1.683476320467889309e-01
2.123137288726866245e-01
1.667654006741940975e-01
1.324911112897098064e-01
1.492753052152693272e-01
2.665180047042667866e-01
2.701316531747579575e-01
1.496398039162158966e-01
1.772304233163595200e-01
1.686564930714666843e-01
2.117432942613959312e-01
1.437803399749100208e-01
1.759096011519432068e-01
1.323935738764703274e-01
1.235704673454165459e-01
1.850457000546157360e-01
1.709007769823074341e-01
1.586778541095554829e-01
2.244879258796572685e-01
1.566759869456291199e-01
1.760515701025724411e-01
1.781682982109487057e-01
1.492692939937114716e-01
1.758839236572384834e-01
1.513436469249427319e-01
2.189017967320978642e-01
1.408829130232334137e-01
1.425382746383547783e-01
1.593614281155169010e-01
1.695838510058820248e-01
1.495659281499683857e-01
1.945670899003744125e-01
1.506968801841139793e-01
1.763571118935942650e-01
1.705780699849128723e-01
1.422665850259363651e-01
2.094757771119475365e-01
1.960435360670089722e-01
2.022621650248765945e-01
1.590327979065477848e-01
1.414112639613449574e-01
1.945624588988721371e-01
1.521865078248083591e-01
1.768432711251080036e-01
1.932151350192725658e-01
1.841920511797070503e-01
1.409029876813292503e-01
1.583981350995600224e-01
1.503660618327558041e-01
1.765010100789368153e-01
1.933388616889715195e-01
1.681758188642561436e-01
1.778865698724985123e-01
1.761330179870128632e-01
1.579650980420410633e-01
1.403126232326030731e-01
2.469814601354300976e-01
1.758908540941774845e-01
1.673598112538456917e-01
1.857693586498498917e-01
1.772878421470522881e-01
1.669521839357912540e-01
1.785622471943497658e-01
1.241625840775668621e-01
1.754650101065635681e-01
1.508093248121440411e-01
1.938066082075238228e-01
2.119452320039272308e-01
1.580843888223171234e-01
1.757917972281575203e-01
1.623146468773484230e-01
1.848543160594999790e-01
1.411780137568712234e-01
2.123935436829924583e-01
1.419897046871483326e-01
1.693643010221421719e-01
1.768484520725905895e-01
1.774989739060401917e-01
2.228830251842737198e-01
1.841866387985646725e-01
1.750196046195924282e-01
1.590346847660839558e-01
1.781507413834333420e-01
1.759963282383978367e-01
2.213409938849508762e-01
1.757112080231308937e-01
1.853523547761142254e-01
1.520181507803499699e-01
1.409438080154359341e-01
1.763908825814723969e-01
1.665523098781704903e-01
1.833001798950135708e-01
1.229449282400310040e-01
1.946188346482813358e-01
1.588786048814654350e-01
1.934196031652390957e-01
2.101850355975329876e-01
2.273539477027952671e-01
1.414502556435763836e-01
1.843681652098894119e-01
2.271608859300613403e-01
1.669974112883210182e-01
1.589149790816009045e-01
2.236256371252238750e-01
1.758660059422254562e-01
1.906037102453410625e-01
1.580544267781078815e-01
1.413540979847311974e-01
1.403686893172562122e-01
1.886971560306847095e-01
1.590384468436241150e-01
1.522516002878546715e-01
1.927920128218829632e-01
1.874516271054744720e-01
1.810420481488108635e-01
1.499466621316969395e-01
1.416990328580141068e-01
1.950030517764389515e-01
2.190947216004133224e-01
1.873548259027302265e-01
1.507352539338171482e-01
1.851122830994427204e-01
1.779061029665172100e-01
2.247672067023813725e-01
1.605485319159924984e-01
1.861878046765923500e-01
1.413737679831683636e-01
1.965012336149811745e-01
1.599923581816256046e-01
2.248498126864433289e-01
1.590111739933490753e-01
1.853315387852489948e-01
1.759156207554042339e-01
1.410731417126953602e-01
1.848990460857748985e-01
1.868735421448945999e-01
1.591994799673557281e-01
1.944280569441616535e-01
1.419196752831339836e-01
1.584332529455423355e-01
1.684231660328805447e-01
1.319870976731181145e-01
1.762990080751478672e-01
1.947809848934412003e-01
1.947608008049428463e-01
1.944313580170273781e-01
1.504943901672959328e-01
2.659770958125591278e-01
1.847637780010700226e-01
2.131270868703722954e-01
2.027029502205550671e-01
1.934670889750123024e-01
1.871930779889225960e-01
1.593031552620232105e-01
1.791930799372494221e-01
1.854936019517481327e-01
1.417299532331526279e-01
2.106463019736111164e-01
1.418122961185872555e-01
1.592313069850206375e-01
1.949286935850977898e-01
1.630763541907072067e-01
1.504158349707722664e-01
1.588019407354295254e-01
1.430755960755050182e-01
2.124641481786966324e-01
1.682537468150258064e-01
2.205567541532218456e-01
1.418772162869572639e-01
2.220959300175309181e-01
1.508199214003980160e-01
1.411719429306685925e-01
1.809834996238350868e-01
1.500275479629635811e-01
1.852429308928549290e-01
1.590272542089223862e-01
1.501389150507748127e-01
1.783456201665103436e-01
1.589275682345032692e-01
2.209312063641846180e-01
1.693264716304838657e-01
1.503879190422594547e-01
1.462246407754719257e-01
1.674489798024296761e-01
1.589697948656976223e-01
2.035456141456961632e-01
1.410600435920059681e-01
2.117932252585887909e-01
1.901136608794331551e-01
1.674917060881853104e-01
1.699109221808612347e-01
1.939252680167555809e-01
1.609794860705733299e-01
1.846113312058150768e-01
1.663915459066629410e-01
1.626486061140894890e-01
1.324221570976078510e-01
2.113762209191918373e-01
1.970802736468613148e-01
1.502816053107380867e-01
1.432755389250814915e-01
1.766536519862711430e-01
1.855575060471892357e-01
1.331741968169808388e-01
1.676567699760198593e-01
1.332464967854321003e-01
1.585230510681867599e-01
1.592555949464440346e-01
1.242134380154311657e-01
1.851719226688146591e-01
1.621435959823429585e-01
2.205916866660118103e-01
2.214464149437844753e-01
1.684321640059351921e-01
2.256278358399868011e-01
1.674703559838235378e-01
1.676243301481008530e-01
1.497769178822636604e-01
1.879703160375356674e-01
1.948171188123524189e-01
1.701536071486771107e-01
1.491405619308352470e-01
1.590945227071642876e-01
1.673174141906201839e-01
1.876255501993000507e-01
1.318368287757039070e-01
1.779083898290991783e-01
1.499601677060127258e-01
1.858415571041405201e-01
1.667109807021915913e-01
1.497993762604892254e-01
1.784071810543537140e-01
1.757916510105133057e-01
1.243546511977910995e-01
2.022534990683197975e-01
1.590136121958494186e-01
1.427287529222667217e-01
2.022099159657955170e-01
1.433337340131402016e-01
1.573370750993490219e-01
1.853484096936881542e-01
1.672326559200882912e-01
1.500925798900425434e-01
1.499224966391921043e-01
1.679595657624304295e-01
1.430547703057527542e-01
1.516793826594948769e-01
1.749991686083376408e-01
1.671067299321293831e-01
2.193532851524651051e-01
2.269313060678541660e-01
1.503276848234236240e-01
1.936225336976349354e-01
1.338601619936525822e-01
1.785047529265284538e-01
2.434352962300181389e-01
1.843126001767814159e-01
2.244930169545114040e-01
1.948602977208793163e-01
1.676998739130795002e-01
1.672872370108962059e-01
2.254872978664934635e-01
1.850417708046734333e-01
1.942340210080146790e-01
1.321663390845060349e-01
2.109926799312233925e-01
1.676000282168388367e-01
1.755298813804984093e-01
1.595367542468011379e-01
1.410280461423099041e-01
1.602399991825222969e-01
1.931843999773263931e-01
1.673335088416934013e-01
1.401969427242875099e-01
1.685796570964157581e-01
1.884710118174552917e-01
2.190758008509874344e-01
1.589640076272189617e-01
1.608751500025391579e-01
1.923211920075118542e-01
1.854075980372726917e-01
1.500025652348995209e-01
1.666137650609016418e-01
1.606116327457129955e-01
1.415035859681665897e-01
2.108630719594657421e-01
1.416745991446077824e-01
1.484974068589508533e-01
1.599994339048862457e-01
1.849463279359042645e-01
1.705549759790301323e-01
1.906651402823626995e-01
1.752390903420746326e-01
1.412966870702803135e-01
1.590910730883479118e-01
1.324767791666090488e-01
1.520822588354349136e-01
1.850434308871626854e-01
1.765903807245194912e-01
1.672001690603792667e-01
1.587543077766895294e-01
1.937740980647504330e-01
2.027031001634895802e-01
2.115876669995486736e-01
1.848138622008264065e-01
1.408339357003569603e-01
1.767500829882919788e-01
1.671585049480199814e-01
2.275002649985253811e-01
1.411411459557712078e-01
1.406827038154006004e-01
2.199726998805999756e-01
1.581820510327816010e-01
1.348139368928968906e-01
1.754530430771410465e-01
2.240850813686847687e-01
2.018864881247282028e-01
3.181593040935695171e-01
1.323563670739531517e-01
1.589838536456227303e-01
1.487043630331754684e-01
1.861723177134990692e-01
1.844668239355087280e-01
1.407230310142040253e-01
1.955317310057580471e-01
2.248467942699790001e-01
1.322744507342576981e-01
1.762320999987423420e-01
1.588255199603736401e-01
2.284485721029341221e-01
1.502368203364312649e-01
1.761655830778181553e-01
1.568124429322779179e-01
1.496372520923614502e-01
1.715177972801029682e-01
1.491582687012851238e-01
1.789349508471786976e-01
1.589089250192046165e-01
1.590665099211037159e-01
2.024420020170509815e-01
2.115017264150083065e-01
1.240639621391892433e-01
1.862891800701618195e-01
1.666208240203559399e-01
1.601669481024146080e-01
1.931740408763289452e-01
1.516647958196699619e-01
1.495789899490773678e-01
1.598769910633563995e-01
1.409265343099832535e-01
1.413605008274316788e-01
1.327498923055827618e-01
1.760196690447628498e-01
1.606846856884658337e-01
1.496499311178922653e-01
1.415705038234591484e-01
1.674633664079010487e-01
2.022664621472358704e-01
1.335891741327941418e-01
1.846070252358913422e-01
2.115021687932312489e-01
1.756119360215961933e-01
1.850704043172299862e-01
1.600767499767243862e-01
1.760169561021029949e-01
1.580331898294389248e-01
1.854616808705031872e-01
2.120166798122227192e-01
1.851500547491014004e-01
1.756662507541477680e-01
1.853768033906817436e-01
1.782203321345150471e-01
1.581633822061121464e-01
1.585251768119633198e-01
1.636199350468814373e-01
1.941662686876952648e-01
1.755004730075597763e-01
1.667670849710702896e-01
1.586148152127861977e-01
1.689733467064797878e-01
1.759781660512089729e-01
1.498138289898633957e-01
1.589490640908479691e-01
1.892260271124541759e-01
1.673035486601293087e-01
1.410307600162923336e-01
2.132037961855530739e-01
1.676065311767160892e-01
1.491139270365238190e-01
1.319112237542867661e-01
2.334256246685981750e-01
1.603485760278999805e-01
1.753845536150038242e-01
1.757876048795878887e-01
1.668177577666938305e-01
1.576904286630451679e-01
2.251234189607203007e-01
2.229161029681563377e-01
1.667175251059234142e-01
1.755458419211208820e-01
1.703880010172724724e-01
1.764574679546058178e-01
1.317875240929424763e-01
1.762427347712218761e-01
1.944969138130545616e-01
1.924811517819762230e-01
1.143313660286366940e-01
1.320835128426551819e-01
1.586361462250351906e-01
1.320152943953871727e-01
1.582194799557328224e-01
1.493881130591034889e-01
1.588299260474741459e-01
1.234043459407985210e-01
1.413331879302859306e-01
1.496510598808526993e-01
1.233073100447654724e-01
1.754124639555811882e-01
1.412933841347694397e-01
1.838513426482677460e-01
1.760573852807283401e-01
2.094297278672456741e-01
1.929636779241263866e-01
1.424096310511231422e-01
1.574246147647500038e-01
1.577595649287104607e-01
1.921183378435671329e-01
1.407905765809118748e-01
2.244290178641676903e-01
1.844105920754373074e-01
1.312750978395342827e-01
1.766878752969205379e-01
1.585820559412240982e-01
1.499249120242893696e-01
1.847969358786940575e-01
2.187314732000231743e-01
1.341651054099202156e-01
2.508827662095427513e-01
1.798211024142801762e-01
1.526096276938915253e-01
1.582096959464251995e-01
1.496313801035284996e-01
1.408445993438363075e-01
1.763197220861911774e-01
1.411337228491902351e-01
1.672494160011410713e-01
1.665932312607765198e-01
2.866371967829763889e-01
1.582177900709211826e-01
1.484634061343967915e-01
1.433280142955482006e-01
1.751912869513034821e-01
1.586430841125547886e-01
1.484544691629707813e-01
1.411360520869493484e-01
1.749673509038984776e-01
1.750305220484733582e-01
1.855039037764072418e-01
2.012800350785255432e-01
1.409700699150562286e-01
1.580231711268424988e-01
1.580616431310772896e-01
1.841406561434268951e-01
2.182006943039596081e-01
1.257494590245187283e-01
1.572761591523885727e-01
2.111106868833303452e-01
1.845794427208602428e-01
1.752098947763442993e-01
1.588588147424161434e-01
1.322831399738788605e-01
1.320987800136208534e-01
2.031870349310338497e-01
1.675102212466299534e-01
1.526192189194262028e-01
1.503944410942494869e-01
2.037637345492839813e-01
2.083166898228228092e-01
1.470413398928940296e-01
2.271190467290580273e-01
1.585057410411536694e-01
1.502902898937463760e-01
2.027423051185905933e-01
1.844126177020370960e-01
1.762144039385020733e-01
1.852688151411712170e-01
1.587758506648242474e-01
1.778165660798549652e-01
1.405860697850584984e-01
1.843624040484428406e-01
1.240364387631416321e-01
1.413558600470423698e-01
2.050413829274475574e-01
1.846164846792817116e-01
1.588033721782267094e-01
1.757054110057651997e-01
1.239949692972004414e-01
2.044294769875705242e-01
1.415040637366473675e-01
2.024215222336351871e-01
2.232912071049213409e-01
1.583883990533649921e-01
1.507394071668386459e-01
1.777228140272200108e-01
1.838748608715832233e-01
1.865871478803455830e-01
1.494346568360924721e-01
1.325199492275714874e-01
1.590067190118134022e-01
1.761255040764808655e-01
1.344050979241728783e-01
1.780610368587076664e-01
2.109435130842030048e-01
1.803902480751276016e-01
2.042606640607118607e-01
1.670294981449842453e-01
1.677795378491282463e-01
1.591572198085486889e-01
1.441988949663937092e-01
1.590362056158483028e-01
1.951045892201364040e-01
1.896180417388677597e-01
2.238567797467112541e-01
1.587242572568356991e-01
2.412486909888684750e-01
1.240534372627735138e-01
1.498978817835450172e-01
2.121269698254764080e-01
1.847265362739562988e-01
1.672621737234294415e-01
1.838092030957341194e-01
1.593531528487801552e-01
1.505035078153014183e-01
1.672323821112513542e-01
1.603321069851517677e-01
1.417112681083381176e-01
1.590202827937901020e-01
1.756322160363197327e-01
1.496913018636405468e-01
1.762505718506872654e-01
1.335388892330229282e-01
1.674909940920770168e-01
1.954315719194710255e-01
1.322016636840999126e-01
2.461775583215057850e-01
1.907060057856142521e-01
1.663463045842945576e-01
1.867204080335795879e-01
1.848834967240691185e-01
1.418737750500440598e-01
1.148043503053486347e-01
1.586528364568948746e-01
1.463456852361559868e-01
1.240419559180736542e-01
1.684807720594108105e-01
2.207024749368429184e-01
1.943944161757826805e-01
1.764313732273876667e-01
1.330613549798727036e-01
1.863324432633817196e-01
1.852010078728199005e-01
1.765984040684998035e-01
1.248046131804585457e-01
1.758559900335967541e-01
1.593548376113176346e-01
1.585676851682364941e-01
1.505859931930899620e-01
1.507140053436160088e-01
1.941251340322196484e-01
1.509016500785946846e-01
1.416029161773622036e-01
2.203793590888381004e-01
1.679812939837574959e-01
1.596887740306556225e-01
1.680405023507773876e-01
1.775730419903993607e-01
1.696906639263033867e-01
1.501246429979801178e-01
1.419067359529435635e-01
1.411175178363919258e-01
1.758785089477896690e-01
1.797725036740303040e-01
1.532325027510523796e-01
1.500482768751680851e-01
2.277018800377845764e-01
1.578069198876619339e-01
1.493453639559447765e-01
1.411913721822202206e-01
1.501861861906945705e-01
1.765307849273085594e-01
2.119475840590894222e-01
1.764000030234456062e-01
2.855253019370138645e-01
1.669908920302987099e-01
1.496368637308478355e-01
1.589383282698690891e-01
1.579770990647375584e-01
1.793798231519758701e-01
1.675553307868540287e-01
1.761916028335690498e-01
2.264834097586572170e-01
1.675164639018476009e-01
2.206977210007607937e-01
1.689565689302980900e-01
1.755066681653261185e-01
1.696021850220859051e-01
2.118647997267544270e-01
1.681762449443340302e-01
2.259868369437754154e-01
1.420075767673552036e-01
1.769929351285099983e-01
1.431459989398717880e-01
2.263056416995823383e-01
1.680662650614976883e-01
2.118868017569184303e-01
2.286057407036423683e-01
1.763176489621400833e-01
1.333089480176568031e-01
1.409920928999781609e-01
1.679855231195688248e-01
1.852259538136422634e-01
1.507778568193316460e-01
2.248876541852951050e-01
1.619734819978475571e-01
1.588736199773848057e-01
2.256134911440312862e-01
1.491477377712726593e-01
2.216424993239343166e-01
1.432458581402897835e-01
1.325947111472487450e-01
1.946701998822391033e-01
1.673948545940220356e-01
1.420629639178514481e-01
1.507171289995312691e-01
1.591556859202682972e-01
2.115335972048342228e-01
1.326252841390669346e-01
1.936344997957348824e-01
1.589279319159686565e-01
2.246068208478391171e-01
1.241297922097146511e-01
1.866741771809756756e-01
1.761097200214862823e-01
1.598307527601718903e-01
1.877219630405306816e-01
1.237098770216107368e-01
1.585451113060116768e-01
1.932543413713574409e-01
1.498769596219062805e-01
1.505049918778240681e-01
2.020851210691034794e-01
1.340979533270001411e-01
1.905736969783902168e-01
1.537106055766344070e-01
1.441077273339033127e-01
2.198422090150415897e-01
1.152348080649971962e-01
1.670639980584383011e-01
1.852388354018330574e-01
1.968456958420574665e-01
1.414719540625810623e-01
1.679303701967000961e-01
1.416980968788266182e-01
1.758785969577729702e-01
1.688398220576345921e-01
1.551365009509027004e-01
1.673491043038666248e-01
1.676450697705149651e-01
1.591863199137151241e-01
1.473003677092492580e-01
1.764723290689289570e-01
1.854212339967489243e-01
1.497890809550881386e-01
1.675074109807610512e-01
1.856083609163761139e-01
2.262149611487984657e-01
1.775351068936288357e-01
1.856711870059370995e-01
1.577876508235931396e-01
1.587680517695844173e-01
1.584112322889268398e-01
1.696738577447831631e-01
1.596977310255169868e-01
1.747947749681770802e-01
1.669920440763235092e-01
1.504961661994457245e-01
1.951073911041021347e-01
1.591257969848811626e-01
2.033122461289167404e-01
1.592858610674738884e-01
1.510902098380029202e-01
1.158547899685800076e-01
1.421487182378768921e-01
1.852404610253870487e-01
1.701298928819596767e-01
1.762857427820563316e-01
1.334112412296235561e-01
1.675203288905322552e-01
1.420290139503777027e-01
1.246362221427261829e-01
1.244639712385833263e-01
1.434096843004226685e-01
2.045220141299068928e-01
1.510711219161748886e-01
1.416154690086841583e-01
1.954483138397336006e-01
1.851232028566300869e-01
2.032711189240217209e-01
1.682822229340672493e-01
1.594405090436339378e-01
1.526222671382129192e-01
1.683397702872753143e-01
1.437392667867243290e-01
1.843647118657827377e-01
1.501810406334698200e-01
1.506324019283056259e-01
2.031317371875047684e-01
1.768275429494678974e-01
1.849878220818936825e-01
1.586201856844127178e-01
1.817221501842141151e-01
1.690894248895347118e-01
1.688747811131179333e-01
1.766410460695624352e-01
1.677845567464828491e-01
1.845018439926207066e-01
2.277137078344821930e-01
1.155609712004661560e-01
1.931324508041143417e-01
1.772465100511908531e-01
1.241915328428149223e-01
1.326019349507987499e-01
1.677189497277140617e-01
1.321371640078723431e-01
1.679169209674000740e-01
2.023664000444114208e-01
1.520773582160472870e-01
1.776419919915497303e-01
1.334278457798063755e-01
2.118306499905884266e-01
1.505914730951189995e-01
2.050273558124899864e-01
1.589470729231834412e-01
1.418512961827218533e-01
1.422849283553659916e-01
1.510384758003056049e-01
1.606567902490496635e-01
1.598710720427334309e-01
1.686059855856001377e-01
1.498240423388779163e-01
1.772155249491333961e-01
1.324076559394598007e-01
1.413349248468875885e-01
1.784145692363381386e-01
1.606646729633212090e-01
2.083566728979349136e-01
1.694912076927721500e-01
1.594233652576804161e-01
1.666462491266429424e-01
1.529858647845685482e-01
1.674105687998235226e-01
1.943756891414523125e-01
1.675820373930037022e-01
1.585537381470203400e-01
1.334799015894532204e-01
1.504581309854984283e-01
1.501051420345902443e-01
1.515133120119571686e-01
1.505973991006612778e-01
1.710021668113768101e-01
1.768881878815591335e-01
2.218665140680968761e-01
1.505878339521586895e-01
1.942572738043963909e-01
2.037169560790061951e-01
1.952239465899765491e-01
1.768131298013031483e-01
1.265335190109908581e-01
1.589210429228842258e-01
1.673328941687941551e-01
1.417743042111396790e-01
1.688752956688404083e-01
1.257466948591172695e-01
1.418481799773871899e-01
2.244693022221326828e-01
2.259787390939891338e-01
1.497358940541744232e-01
1.583031038753688335e-01
1.410389579832553864e-01
1.796088390983641148e-01
1.511531327851116657e-01
1.901055308990180492e-01
3.525839094072580338e-01
1.614476349204778671e-01
1.953351311385631561e-01
1.618113936856389046e-01
2.249268712475895882e-01
1.585713690146803856e-01
1.931833289563655853e-01
1.411799699999392033e-01
1.697143712081015110e-01
2.247353140264749527e-01
2.260300018824636936e-01
1.859927461482584476e-01
1.762779681012034416e-01
1.423241873271763325e-01
2.058820067904889584e-01
1.590079250745475292e-01
1.757874898612499237e-01
1.434659222140908241e-01
1.414215099066495895e-01
1.429242622107267380e-01
1.859430088661611080e-01
1.674787714146077633e-01
1.528817927464842796e-01
1.777637763880193233e-01
1.861836859025061131e-01
1.425072429701685905e-01
1.953833741135895252e-01
1.689532329328358173e-01
1.414609788917005062e-01
1.677247863262891769e-01
1.762443538755178452e-01
1.328888623975217342e-01
1.856254860758781433e-01
1.516252770088613033e-01
1.675945231691002846e-01
2.535026036202907562e-01
1.388675528578460217e-01
1.503922566771507263e-01
1.424415837973356247e-01
1.976924301125109196e-01
1.418269663117825985e-01
1.679396727122366428e-01
1.940545332618057728e-01
1.252179346047341824e-01
1.772240321151912212e-01
1.687191841192543507e-01
1.596287689171731472e-01
1.251938319765031338e-01
1.249006306752562523e-01
1.420472837053239346e-01
1.767954281531274319e-01
1.326223970390856266e-01
1.523577971383929253e-01
2.206999631598591805e-01
1.760475030168890953e-01
1.327676540240645409e-01
1.680181911215186119e-01
1.506149140186607838e-01
1.676371609792113304e-01
1.246050382032990456e-01
1.936424993909895420e-01
2.044558287598192692e-01
2.047987757250666618e-01
1.599538042210042477e-01
1.762655247002840042e-01
1.492539229802787304e-01
1.417108629830181599e-01
1.907637948170304298e-01
1.919886432588100433e-01
1.504655228927731514e-01
1.582315331324934959e-01
1.769797233864665031e-01
1.501143155619502068e-01
1.336800698190927505e-01
1.671956270001828671e-01
1.937495991587638855e-01
1.590641969814896584e-01
1.157774240709841251e-01
1.784296552650630474e-01
1.602449831552803516e-01
1.694419272243976593e-01
1.600538450293242931e-01
1.677192426286637783e-01
1.781992660835385323e-01
1.427353401668369770e-01
1.717351558618247509e-01
1.411117580719292164e-01
1.684758490882813931e-01
1.937468051910400391e-01
1.499475962482392788e-01
1.947187432087957859e-01
1.414541038684546947e-01
1.251404122449457645e-01
1.933628893457353115e-01
1.695645917207002640e-01
1.688066250644624233e-01
2.219760590232908726e-01
2.127977670170366764e-01
1.597234248183667660e-01
1.413915771991014481e-01
1.503357859328389168e-01
1.681321840733289719e-01
1.418206463567912579e-01
1.953174481168389320e-01
1.754819150082767010e-01
1.864484450779855251e-01
1.333925551734864712e-01
1.435895804315805435e-01
1.948340032249689102e-01
1.419159960933029652e-01
1.501735700294375420e-01
1.936593358404934406e-01
1.620841659605503082e-01
1.768713258206844330e-01
2.207773081026971340e-01
1.582004707306623459e-01
1.241479339078068733e-01
1.689063049852848053e-01
1.770045273005962372e-01
1.793902008794248104e-01
2.256155549548566341e-01
1.593172401189804077e-01
1.440280689857900143e-01
1.516254441812634468e-01
1.334137530066072941e-01
1.609998019412159920e-01
1.846191119402647018e-01
1.866148677654564381e-01
1.663714502938091755e-01
1.403718860819935799e-01
1.425393302924931049e-01
1.583352368324995041e-01
1.484178327955305576e-01
1.581812417134642601e-01
1.763810948468744755e-01
1.842927830293774605e-01
2.522386256605386734e-01
1.767368642613291740e-01
1.321032778359949589e-01
2.193018612451851368e-01
1.331524187698960304e-01
1.847913530655205250e-01
1.412903168238699436e-01
1.848362521268427372e-01
1.758939609862864017e-01
1.690957769751548767e-01
1.500366828404366970e-01
1.694764820858836174e-01
1.772391307167708874e-01
1.689252681098878384e-01
1.340561108663678169e-01
1.422446058131754398e-01
2.252752459608018398e-01
1.504431860521435738e-01
1.818283060565590858e-01
1.356116468086838722e-01
1.487448839470744133e-01
1.616761256009340286e-01
2.244755527935922146e-01
1.866751373745501041e-01
1.596800084225833416e-01
2.123514111153781414e-01
1.685580783523619175e-01
1.770527339540421963e-01
1.592723811045289040e-01
1.966622667387127876e-01
1.860694698989391327e-01
1.767813889309763908e-01
1.675556232221424580e-01
1.607657936401665211e-01
1.436018948443233967e-01
1.339164832606911659e-01
1.450745528563857079e-01
1.596436370164155960e-01
1.868013930507004261e-01
1.551759680733084679e-01
2.224607467651367188e-01
1.954513452947139740e-01
1.594740711152553558e-01
1.699343472719192505e-01
1.684846491552889347e-01
1.327087599784135818e-01
1.681805709376931190e-01
1.508342330344021320e-01
1.436927388422191143e-01
1.501263221725821495e-01
1.869186433032155037e-01
1.589010320603847504e-01
1.590603757649660110e-01
1.956450669094920158e-01
1.507449978962540627e-01
2.498415480367839336e-01
1.780673363246023655e-01
2.928593792021274567e-01
1.583447419106960297e-01
1.843894999474287033e-01
2.137034409679472446e-01
1.771614551544189453e-01
3.067426746711134911e-01
2.205880018882453442e-01
2.226157072000205517e-01
2.201482187956571579e-01
1.699119913391768932e-01
1.527007189579308033e-01
2.053045080974698067e-01
1.269786590710282326e-01
1.954918620176613331e-01
1.765603520907461643e-01
1.694514798000454903e-01
2.209091498516499996e-01
1.697933347895741463e-01
1.412768317386507988e-01
1.498021623119711876e-01
1.863619899377226830e-01
1.856300770305097103e-01
1.504016742110252380e-01
1.759935561567544937e-01
1.845108410343527794e-01
1.701800976879894733e-01
1.587571892887353897e-01
1.423666370101273060e-01
1.671848110854625702e-01
1.768165011890232563e-01
2.264752099290490150e-01
1.670944797806441784e-01
1.493920297361910343e-01
1.671370253898203373e-01
1.408863998949527740e-01
1.325409887358546257e-01
1.587741482071578503e-01
1.760126519948244095e-01
1.856776969507336617e-01
1.841614819131791592e-01
1.421955414116382599e-01
1.513299020007252693e-01
1.850119750015437603e-01
1.598024959675967693e-01
2.022246471606194973e-01
1.434675017371773720e-01
1.536984909325838089e-01
1.859740340150892735e-01
1.676472770050168037e-01
1.581307058222591877e-01
1.678991382941603661e-01
1.671824948862195015e-01
1.693844269029796124e-01
1.871503321453928947e-01
1.761008477769792080e-01
1.496101701632142067e-01
1.235239659436047077e-01
1.590400356799364090e-01
2.866746210493147373e-01
1.411985028535127640e-01
2.244752207770943642e-01
1.757301283068954945e-01
1.495108488015830517e-01
1.416194969788193703e-01
1.668589529581367970e-01
1.441123527474701405e-01
1.843242030590772629e-01
1.673824121244251728e-01
2.238762378692626953e-01
1.932227290235459805e-01
2.756929839961230755e-01
1.593214599415659904e-01
2.228955999016761780e-01
1.596485101617872715e-01
1.318639400415122509e-01
1.498457770794630051e-01
2.236434207297861576e-01
1.952110710553824902e-01
2.237303559668362141e-01
1.584632741287350655e-01
1.504821302369236946e-01
1.672884179279208183e-01
1.408159690909087658e-01
1.341986297629773617e-01
1.672407835721969604e-01
1.663861582055687904e-01
1.787522546947002411e-01
1.696619382128119469e-01
1.759304627776145935e-01
1.596632157452404499e-01
1.498039579018950462e-01
2.025822149589657784e-01
1.753854132257401943e-01
1.582617983222007751e-01
1.602139091119170189e-01
1.582009783014655113e-01
1.518540875986218452e-01
1.507431440986692905e-01
1.239473060704767704e-01
1.501785288564860821e-01
1.673088641837239265e-01
2.216507759876549244e-01
1.845541386865079403e-01
1.494004852138459682e-01
1.842426951043307781e-01
1.665003728121519089e-01
1.767698787152767181e-01
1.758639467880129814e-01
1.752074616961181164e-01
1.511712200008332729e-01
1.677101650275290012e-01
1.869693510234355927e-01
2.015343457460403442e-01
1.588768567889928818e-01
1.497159469872713089e-01
1.325117126107215881e-01
1.878867037594318390e-01
1.331347329542040825e-01
1.326038949191570282e-01
2.026389809325337410e-01
1.760078929364681244e-01
1.601232360117137432e-01
2.106503560207784176e-01
1.236243480816483498e-01
1.804636898450553417e-01
1.573345502838492393e-01
1.593480422161519527e-01
1.767033855430781841e-01
1.850301660597324371e-01
1.938763223588466644e-01
1.681632529944181442e-01
1.330979270860552788e-01
1.587239289656281471e-01
1.430930448696017265e-01
1.589026958681643009e-01
1.773653966374695301e-01
1.322503369301557541e-01
1.509168096818029881e-01
1.963280891068279743e-01
1.585580413229763508e-01
1.851523248478770256e-01
1.767321177758276463e-01
1.408524601720273495e-01
1.839183629490435123e-01
2.233916930854320526e-01
1.582740172743797302e-01
1.154803512617945671e-01
1.597516890615224838e-01
1.280305800028145313e-01
1.874145376496016979e-01
2.267595529556274414e-01
1.586744850501418114e-01
2.032515569590032101e-01
1.578972521238029003e-01
1.849926211871206760e-01
3.006945410743355751e-01
2.008195701055228710e-01
1.498581976629793644e-01
1.402869699522852898e-01
2.026163320988416672e-01
1.518817190080881119e-01
1.241929819807410240e-01
1.678680800832808018e-01
1.500769862905144691e-01
1.424586451612412930e-01
1.413121540099382401e-01
1.588232410140335560e-01
1.780886137858033180e-01
1.511755757965147495e-01
1.678268830291926861e-01
1.349811088293790817e-01
1.764835701324045658e-01
1.600892343558371067e-01
2.206241134554147720e-01
2.009644550271332264e-01
1.671572127379477024e-01
1.583391767926514149e-01
1.608046516776084900e-01
2.751733702607452869e-01
1.593405217863619328e-01
2.031564330682158470e-01
2.247415017336606979e-01
1.589372451417148113e-01
1.930583999492228031e-01
1.679279026575386524e-01
1.845683502033352852e-01
1.583188208751380444e-01
1.511357934214174747e-01
1.580185499042272568e-01
1.755433697253465652e-01
1.589890001341700554e-01
2.247603391297161579e-01
2.115876250900328159e-01
1.861037001945078373e-01
1.803709380328655243e-01
2.110650730319321156e-01
1.587583688087761402e-01
1.682161688804626465e-01
2.118636709637939930e-01
1.419356567785143852e-01
1.605308167636394501e-01
1.672289092093706131e-01
1.580339809879660606e-01
1.506150211207568645e-01
1.502437670715153217e-01
2.259551188908517361e-01
1.495319353416562080e-01
1.934843026101589203e-01
1.873857136815786362e-01
1.763220462016761303e-01
1.671583061106503010e-01
2.108589401468634605e-01
1.414471967145800591e-01
2.221265262924134731e-01
2.110134707763791084e-01
1.580568840727210045e-01
1.415783008560538292e-01
1.674915771000087261e-01
1.525672650896012783e-01
1.849180650897324085e-01
1.760726007632911205e-01
2.204800667241215706e-01
1.684733829461038113e-01
1.514679007232189178e-01
1.508185500279068947e-01
1.771702892147004604e-01
1.682715979404747486e-01
1.764824027195572853e-01
1.865757820196449757e-01
1.848884578794240952e-01
1.499137487262487411e-01
2.611005869694054127e-01
1.800523251295089722e-01
1.765568819828331470e-01
2.223206032067537308e-01
1.585418162867426872e-01
1.698014088906347752e-01
1.681018848903477192e-01
1.415272080339491367e-01
1.422272510826587677e-01
1.676120781339704990e-01
1.775631462223827839e-01
1.246956689283251762e-01
1.612868839874863625e-01
1.849906411953270435e-01
1.596005139872431755e-01
1.959094190970063210e-01
1.506932619959115982e-01
1.335181030444800854e-01
1.330222240649163723e-01
1.413838681764900684e-01
1.593250408768653870e-01
1.416374039836227894e-01
1.336569329723715782e-01
1.582159241661429405e-01
1.591521319933235645e-01
1.683359500020742416e-01
1.331673921085894108e-01
1.436253516003489494e-01
1.675071050412952900e-01
1.506701437756419182e-01
1.676351618953049183e-01
1.849302449263632298e-01
1.779064359143376350e-01
1.418099799193441868e-01
1.861523850820958614e-01
1.670594802126288414e-01
1.414412329904735088e-01
1.491586528718471527e-01
2.046460639685392380e-01
1.506896847859025002e-01
2.275803196243941784e-01
1.760588833130896091e-01
1.587820812128484249e-01
1.501295911148190498e-01
1.854426902718842030e-01
1.504840771667659283e-01
1.584089901298284531e-01
1.787933371961116791e-01
1.591135160997509956e-01
1.589579163119196892e-01
1.439297730103135109e-01
1.513473256491124630e-01
1.515063741244375706e-01
1.598969101905822754e-01
1.410268228501081467e-01
1.691043730825185776e-01
1.675973520614206791e-01
1.422905679792165756e-01
2.040772088803350925e-01
1.412489940412342548e-01
1.848985929973423481e-01
1.414661831222474575e-01
2.024890189059078693e-01
1.231993590481579304e-01
1.703754761256277561e-01
2.110052672214806080e-01
1.939238468185067177e-01
1.497327680699527264e-01
1.587000638246536255e-01
1.410740809515118599e-01
1.851266939193010330e-01
1.580756632611155510e-01
2.145110890269279480e-01
1.855643019080162048e-01
2.015196150168776512e-01
1.585133499465882778e-01
1.582604199647903442e-01
1.446228050626814365e-01
1.762895849533379078e-01
1.422783671878278255e-01
1.506572882644832134e-01
1.417169957421720028e-01
1.528970361687242985e-01
1.588860219344496727e-01
1.792309861630201340e-01
1.330246520228683949e-01
1.609282460995018482e-01
1.594880167394876480e-01
2.108311639167368412e-01
1.538375550881028175e-01
1.945455716922879219e-01
1.161287608556449413e-01
1.696135187521576881e-01
1.239128820598125458e-01
1.269537829793989658e-01
2.245691870339214802e-01
1.417385977692902088e-01
1.584325637668371201e-01
1.668810602277517319e-01
2.343270727433264256e-01
1.409958191215991974e-01
2.238611630164086819e-01
1.621942468918859959e-01
1.671207821927964687e-01
1.415523821488022804e-01
1.670260471291840076e-01
1.584259229712188244e-01
1.709067495539784431e-01
3.410942619666457176e-01
1.672921269200742245e-01
1.520647937431931496e-01
1.674626744352281094e-01
1.411269051022827625e-01
1.768517368473112583e-01
1.943061100319027901e-01
1.590131446719169617e-01
2.030733269639313221e-01
1.522735389880836010e-01
2.266165739856660366e-01
1.514249821193516254e-01
2.777715600095689297e-01
1.865617530420422554e-01
1.417431188747286797e-01
1.425402900204062462e-01
1.765114646404981613e-01
1.702637779526412487e-01
1.428457363508641720e-01
1.419263868592679501e-01
1.863768580369651318e-01
2.271269559860229492e-01
1.613110331818461418e-01
1.859496878460049629e-01
1.852946300059556961e-01
1.517283008433878422e-01
1.767651187255978584e-01
1.345512229017913342e-01
1.760090510360896587e-01
1.603831588290631771e-01
1.416269713081419468e-01
1.589878951199352741e-01
1.588186826556921005e-01
1.416982016526162624e-01
1.610873034223914146e-01
1.503323772922158241e-01
1.416970039717853069e-01
1.543045369908213615e-01
1.679462492465972900e-01
2.364179482683539391e-01
2.328979792073369026e-01
1.501637748442590237e-01
1.608292949385941029e-01
1.765791717916727066e-01
2.210324578918516636e-01
2.227257583290338516e-01
1.854955828748643398e-01
2.212365199811756611e-01
1.412241426296532154e-01
1.694183098152279854e-01
1.437560222111642361e-01
1.333792810328304768e-01
1.795481280423700809e-01
1.417741770856082439e-01
1.505604912526905537e-01
1.863466859795153141e-01
1.591641060076653957e-01
1.594289899803698063e-01
1.414505969732999802e-01
1.337704188190400600e-01
1.505796266719698906e-01
1.938177780248224735e-01
1.243194290436804295e-01
1.509828241541981697e-01
1.675695609301328659e-01
1.507839509285986423e-01
1.416592928580939770e-01
3.040696447715163231e-01
1.681481478735804558e-01
1.762889660894870758e-01
2.023462760262191296e-01
1.596983661875128746e-01
1.857848633080720901e-01
1.699536601081490517e-01
1.681608040817081928e-01
1.419812017120420933e-01
1.501992410048842430e-01
1.435454110614955425e-01
1.587933409027755260e-01
2.041029389947652817e-01
1.704622060060501099e-01
2.047800542786717415e-01
2.117557008750736713e-01
1.603892999701201916e-01
1.417750287801027298e-01
1.425115298479795456e-01
2.240821323357522488e-01
1.257107593119144440e-01
2.940425453707575798e-01
1.910864771343767643e-01
1.696050921455025673e-01
1.495757792145013809e-01
1.772689418867230415e-01
1.762941819615662098e-01
1.328459167852997780e-01
1.419994980096817017e-01
1.511750379577279091e-01
1.757362890057265759e-01
1.419191202148795128e-01
1.240517776459455490e-01
1.590664568357169628e-01
1.416424941271543503e-01
1.686237198300659657e-01
1.506816470064222813e-01
1.411881931126117706e-01
2.691505099646747112e-01
1.331505407579243183e-01
1.683842949569225311e-01
1.457618316635489464e-01
1.952728801406919956e-01
1.330792489461600780e-01
1.326755471527576447e-01
1.760468520224094391e-01
2.023501303046941757e-01
1.776583166792988777e-01
1.685270396992564201e-01
1.960506350733339787e-01
2.194374389946460724e-01
2.026819735765457153e-01
1.615358809940516949e-01
2.162728449329733849e-01
1.504286546260118484e-01
1.771185249090194702e-01
1.850193967111408710e-01
1.231444589793682098e-01
1.500076451338827610e-01
1.770990830846130848e-01
1.686876262538135052e-01
1.328530139289796352e-01
2.138182632625102997e-01
1.857669977471232414e-01
1.865340750664472580e-01
2.238569841720163822e-01
1.790743446908891201e-01
2.026548432186245918e-01
1.856923801824450493e-01
1.991997817531228065e-01
1.752614462748169899e-01
1.581924790516495705e-01
1.423580590635538101e-01
1.439777370542287827e-01
1.500203842297196388e-01
1.499685929156839848e-01
1.504628108814358711e-01
1.327671790495514870e-01
1.523431078530848026e-01
1.331189298070967197e-01
1.685078628361225128e-01
1.250504199415445328e-01
1.508687282912433147e-01
1.515436768531799316e-01
1.758050061762332916e-01
1.675914730876684189e-01
1.537187620997428894e-01
1.337135573849081993e-01
2.208642596378922462e-01
1.859427043236792088e-01
1.947952779009938240e-01
1.685851328074932098e-01
1.886482741683721542e-01
1.683233841322362423e-01
1.603734400123357773e-01
2.036157711409032345e-01
2.241623019799590111e-01
1.587561736814677715e-01
1.248500812798738480e-01
1.524114920757710934e-01
1.587273660115897655e-01
2.250168351456522942e-01
2.120380220003426075e-01
1.945638582110404968e-01
1.593222729861736298e-01
1.683428059332072735e-01
1.679348102770745754e-01
1.596651719883084297e-01
2.249068571254611015e-01
1.331520583480596542e-01
1.332060899585485458e-01
1.596562433987855911e-01
1.814097338356077671e-01
2.033364200033247471e-01
1.588948131538927555e-01
1.687010568566620350e-01
1.499856133013963699e-01
1.767113241367042065e-01
1.511276401579380035e-01
1.593786957673728466e-01
1.678097629919648170e-01
1.413536840118467808e-01
1.501289480365812778e-01
1.852617729455232620e-01
1.445200578309595585e-01
2.038594190962612629e-01
1.603280729614198208e-01
1.422755522653460503e-01
2.200675350613892078e-01
1.527298358269035816e-01
1.422420940361917019e-01
1.420939401723444462e-01
1.500473706983029842e-01
1.324677267111837864e-01
1.795794083736836910e-01
1.678001540713012218e-01
1.155205508694052696e-01
1.497442238032817841e-01
1.921019386500120163e-01
1.864509647712111473e-01
1.850082259625196457e-01
1.420293110422790051e-01
1.774413911625742912e-01
2.042927620932459831e-01
1.781817581504583359e-01
1.410898752510547638e-01
1.345322891138494015e-01
1.781749459914863110e-01
1.600972418673336506e-01
2.585508329793810844e-01
2.701707677915692329e-01
1.444396818988025188e-01
1.326160379685461521e-01
1.862343740649521351e-01
1.688528992235660553e-01
1.699518579989671707e-01
1.683079721406102180e-01
1.426893519237637520e-01
2.276140418834984303e-01
1.688870997168123722e-01
1.950918519869446754e-01
1.769744623452425003e-01
1.500857439823448658e-01
1.432458800263702869e-01
1.593836056999862194e-01
1.591896512545645237e-01
1.334034958854317665e-01
1.679988368414342403e-01
1.709566391073167324e-01
2.255827658809721470e-01
1.591739528812468052e-01
1.676656221970915794e-01
1.511205788701772690e-01
1.784173049964010715e-01
2.261451827362179756e-01
1.541892676614224911e-01
1.591319590806961060e-01
1.774574141018092632e-01
2.117511508986353874e-01
1.765633570030331612e-01
1.349432510323822498e-01
1.600053552538156509e-01
1.943561830557882786e-01
1.415946139022707939e-01
1.323466729372739792e-01
1.594754741527140141e-01
2.223830074071884155e-01
1.676072590053081512e-01
1.787358960136771202e-01
1.517499787732958794e-01
1.760094207711517811e-01
1.447486379183828831e-01
2.201519217342138290e-01
3.211361030116677284e-01
1.764336633495986462e-01
1.504961159080266953e-01
1.432650107890367508e-01
1.512164981104433537e-01
1.501706591807305813e-01
1.529898182488977909e-01
1.854754970408976078e-01
1.579470508731901646e-01
1.589260902255773544e-01
1.504259132780134678e-01
1.869151326827704906e-01
1.511060562916100025e-01
1.448205150663852692e-01
1.422902159392833710e-01
1.772720320150256157e-01
1.161436787806451321e-01
1.508516357280313969e-01
1.515797390602529049e-01
1.589107541367411613e-01
1.964798001572489738e-01
1.678840811364352703e-01
1.759329298511147499e-01
1.511660129763185978e-01
1.863301228731870651e-01
1.687799179926514626e-01
1.685086800716817379e-01
1.769565776921808720e-01
1.659449925646185875e-01
1.806343793869018555e-01
1.332354820333421230e-01
1.959933359175920486e-01
1.622952930629253387e-01
1.524641518481075764e-01
1.709974007681012154e-01
2.068363172002136707e-01
1.791333490982651711e-01
1.259212261065840721e-01
1.522282944060862064e-01
1.526474398560822010e-01
1.902351770550012589e-01
1.794905117712914944e-01
1.968992091715335846e-01
1.723814792931079865e-01
1.882493020966649055e-01
1.794697088189423084e-01
2.051809178665280342e-01
2.136368216015398502e-01
1.625567232258617878e-01
1.610769848339259624e-01
1.168390708044171333e-01
1.518933591432869434e-01
1.608992558903992176e-01
1.535512870177626610e-01
1.515274439007043839e-01
1.703003239817917347e-01
1.523733222857117653e-01
1.517427647486329079e-01
1.521457540802657604e-01
2.279254449531435966e-01
1.597273922525346279e-01
1.617832393385469913e-01
1.779018118977546692e-01
2.247498040087521076e-01
1.695929490961134434e-01
1.261862190440297127e-01
1.911246008239686489e-01
1.788797071203589439e-01
1.791369067505002022e-01
1.806867863051593304e-01
1.439110627397894859e-01
1.726801549084484577e-01
1.532542528584599495e-01
1.626758989877998829e-01
1.438626190647482872e-01
1.613212618976831436e-01
1.603101990185678005e-01
1.615498429164290428e-01
1.727680391632020473e-01
1.539809289388358593e-01
1.711723357439041138e-01
1.896858611144125462e-01
1.442332589067518711e-01
1.529778442345559597e-01
1.968101491220295429e-01
1.603488130494952202e-01
