timestamp,idx,gpu_util_pct,mem_used_pct
1773006364.241106063,0,0,0.00
1773006364.241106063,1,0,0.00
1773006365.263605411,0,0,0.00
1773006365.263605411,1,0,0.00
1773006366.285563031,0,0,0.00
1773006366.285563031,1,0,0.00
1773006367.307073845,0,0,0.00
1773006367.307073845,1,0,0.00
1773006368.328320601,0,0,0.00
1773006368.328320601,1,0,0.00
1773006369.349054612,0,0,0.00
1773006369.349054612,1,0,0.00
1773006370.370041191,0,0,0.00
1773006370.370041191,1,0,0.00
1773006371.391836734,0,0,0.00
1773006371.391836734,1,0,0.00
1773006372.413098392,0,0,0.96
1773006372.413098392,1,0,0.01
1773006373.434086602,0,0,0.96
1773006373.434086602,1,0,0.01
1773006374.456345317,0,0,0.96
1773006374.456345317,1,0,0.01
1773006375.478003665,0,0,0.96
1773006375.478003665,1,0,0.01
1773006376.499765613,0,0,0.96
1773006376.499765613,1,0,0.01
1773006377.520761339,0,0,0.96
1773006377.520761339,1,0,0.01
1773006378.541842082,0,0,0.96
1773006378.541842082,1,0,0.01
1773006379.561891437,0,0,0.96
1773006379.561891437,1,0,0.01
1773006380.584207838,0,0,0.96
1773006380.584207838,1,0,0.01
1773006381.603865218,0,0,0.96
1773006381.603865218,1,0,0.01
1773006382.623470136,0,0,0.96
1773006382.623470136,1,0,0.01
1773006383.645313783,0,0,0.96
1773006383.645313783,1,0,0.01
1773006384.666165330,0,0,0.96
1773006384.666165330,1,0,0.01
1773006385.687037879,0,0,0.96
1773006385.687037879,1,0,0.01
1773006386.708049447,0,0,0.96
1773006386.708049447,1,0,0.01
1773006387.730160957,0,0,0.96
1773006387.730160957,1,0,0.01
1773006388.752183832,0,0,0.96
1773006388.752183832,1,0,0.01
1773006389.772704751,0,0,0.96
1773006389.772704751,1,0,0.01
1773006390.792215367,0,0,0.96
1773006390.792215367,1,0,0.01
1773006391.814011564,0,0,0.96
1773006391.814011564,1,0,0.01
1773006392.835746302,0,0,0.96
1773006392.835746302,1,0,0.01
1773006393.857063096,0,0,0.96
1773006393.857063096,1,0,0.01
1773006394.878857627,0,0,0.96
1773006394.878857627,1,0,0.01
1773006395.901157830,0,0,0.96
1773006395.901157830,1,0,0.01
1773006396.922880589,0,0,0.96
1773006396.922880589,1,0,0.01
1773006397.944800736,0,0,0.96
1773006397.944800736,1,0,0.01
1773006398.966084137,0,0,0.96
1773006398.966084137,1,0,0.01
1773006399.987968264,0,0,0.96
1773006399.987968264,1,0,0.01
1773006401.008794053,0,0,0.96
1773006401.008794053,1,0,0.01
1773006402.030324831,0,0,0.96
1773006402.030324831,1,0,0.01
1773006403.051878471,0,0,0.96
1773006403.051878471,1,0,0.01
1773006404.073203227,0,0,0.96
1773006404.073203227,1,0,0.01
1773006405.094939104,0,0,0.96
1773006405.094939104,1,0,0.01
1773006406.116208572,0,0,0.96
1773006406.116208572,1,0,0.01
1773006407.138205152,0,0,0.96
1773006407.138205152,1,0,0.01
1773006408.160169109,0,0,0.96
1773006408.160169109,1,0,0.01
1773006409.181131934,0,0,0.96
1773006409.181131934,1,0,0.01
1773006410.203009294,0,0,0.96
1773006410.203009294,1,0,0.01
1773006411.224361232,0,0,0.96
1773006411.224361232,1,0,0.01
1773006412.246735155,0,0,0.96
1773006412.246735155,1,0,0.01
1773006413.268397023,0,0,0.96
1773006413.268397023,1,0,0.01
1773006414.289905353,0,0,0.96
1773006414.289905353,1,0,0.01
1773006415.311029101,0,0,0.96
1773006415.311029101,1,0,0.01
1773006416.333097389,0,0,0.96
1773006416.333097389,1,0,0.01
1773006417.353808910,0,0,0.96
1773006417.353808910,1,0,0.01
1773006418.376362548,0,0,0.96
1773006418.376362548,1,0,0.01
1773006419.397297720,0,0,0.96
1773006419.397297720,1,0,0.01
1773006420.418738199,0,0,0.96
1773006420.418738199,1,0,0.01
1773006421.440715853,0,0,1.15
1773006421.440715853,1,0,0.01
1773006422.462272553,0,61,1.24
1773006422.462272553,1,0,0.01
1773006423.483364946,0,60,1.24
1773006423.483364946,1,0,0.01
1773006424.505199445,0,0,1.24
1773006424.505199445,1,0,0.01
1773006425.527042531,0,0,1.24
1773006425.527042531,1,0,0.01
1773006426.548244652,0,0,1.24
1773006426.548244652,1,0,0.01
1773006427.569290891,0,0,1.24
1773006427.569290891,1,0,0.01
1773006428.590255705,0,0,1.24
1773006428.590255705,1,0,0.01
1773006429.611322373,0,0,1.24
1773006429.611322373,1,0,0.01
1773006430.633043321,0,0,1.24
1773006430.633043321,1,0,0.01
1773006431.655328113,0,0,1.24
1773006431.655328113,1,0,0.01
1773006432.677052912,0,0,1.24
1773006432.677052912,1,0,0.01
1773006433.698399474,0,0,1.24
1773006433.698399474,1,0,0.01
1773006434.719842987,0,0,1.24
1773006434.719842987,1,0,0.01
1773006435.742238851,0,0,1.24
1773006435.742238851,1,0,0.01
1773006436.763052259,0,0,1.24
1773006436.763052259,1,0,0.01
1773006437.784891590,0,0,1.24
1773006437.784891590,1,0,0.01
1773006438.806884675,0,0,1.24
1773006438.806884675,1,0,0.01
1773006439.828709657,0,0,1.24
1773006439.828709657,1,0,0.01
1773006440.849985034,0,0,1.24
1773006440.849985034,1,0,0.01
1773006441.871520287,0,0,1.24
1773006441.871520287,1,0,0.01
1773006442.893424746,0,0,1.24
1773006442.893424746,1,0,0.01
1773006443.914728281,0,0,1.24
1773006443.914728281,1,0,0.01
1773006444.935729389,0,0,1.24
1773006444.935729389,1,0,0.01
1773006445.957328656,0,0,1.24
1773006445.957328656,1,0,0.01
1773006446.978444135,0,0,1.24
1773006446.978444135,1,0,0.01
1773006447.999690465,0,0,1.24
1773006447.999690465,1,0,0.01
1773006449.021042934,0,0,1.24
1773006449.021042934,1,0,0.01
1773006450.042647248,0,0,1.24
1773006450.042647248,1,0,0.01
1773006451.064085476,0,0,1.24
1773006451.064085476,1,0,0.01
1773006452.085525936,0,0,1.24
1773006452.085525936,1,0,0.01
1773006453.107496947,0,0,1.24
1773006453.107496947,1,0,0.01
1773006454.129300633,0,0,1.24
1773006454.129300633,1,0,0.01
1773006455.150534122,0,0,1.24
1773006455.150534122,1,0,0.01
1773006456.173105266,0,0,1.24
1773006456.173105266,1,0,0.01
1773006457.193967176,0,0,1.24
1773006457.193967176,1,0,0.01
1773006458.216248180,0,0,1.24
1773006458.216248180,1,0,0.01
1773006459.237326733,0,0,1.24
1773006459.237326733,1,0,0.01
1773006460.259152875,0,0,1.24
1773006460.259152875,1,0,0.01
1773006461.280409988,0,0,1.24
1773006461.280409988,1,0,0.01
1773006462.301586509,0,0,1.24
1773006462.301586509,1,0,0.01
1773006463.323311569,0,0,1.24
1773006463.323311569,1,0,0.01
1773006464.345030332,0,0,1.24
1773006464.345030332,1,0,0.01
1773006465.366151719,0,0,1.24
1773006465.366151719,1,0,0.01
1773006466.387733781,0,0,1.24
1773006466.387733781,1,0,0.01
1773006467.409269247,0,0,1.24
1773006467.409269247,1,0,0.01
1773006468.431142101,0,0,1.24
1773006468.431142101,1,0,0.01
1773006469.453095002,0,0,1.24
1773006469.453095002,1,0,0.01
1773006470.475259629,0,0,1.24
1773006470.475259629,1,0,0.01
1773006471.496201160,0,0,1.24
1773006471.496201160,1,0,0.01
1773006472.517412569,0,0,1.24
1773006472.517412569,1,0,0.01
1773006473.539343434,0,0,1.24
1773006473.539343434,1,0,0.01
1773006474.561238001,0,0,1.24
1773006474.561238001,1,0,0.01
1773006475.582672409,0,0,1.24
1773006475.582672409,1,0,0.01
1773006476.603995079,0,0,1.24
1773006476.603995079,1,0,0.01
1773006477.625823993,0,0,1.24
1773006477.625823993,1,0,0.01
1773006478.647580138,0,0,1.24
1773006478.647580138,1,0,0.01
1773006479.669204336,0,0,1.24
1773006479.669204336,1,0,0.01
1773006480.689710865,0,0,1.24
1773006480.689710865,1,0,0.01
1773006481.710134591,0,0,1.24
1773006481.710134591,1,0,0.01
1773006482.731897934,0,0,1.24
1773006482.731897934,1,0,0.01
1773006483.753108473,0,0,1.24
1773006483.753108473,1,0,0.01
1773006484.775072347,0,0,1.24
1773006484.775072347,1,0,0.01
1773006485.795778387,0,0,1.24
1773006485.795778387,1,0,0.01
1773006486.816799508,0,0,1.24
1773006486.816799508,1,0,0.01
1773006487.838344051,0,0,1.24
1773006487.838344051,1,0,0.01
1773006488.859358885,0,0,1.24
1773006488.859358885,1,0,0.01
1773006489.881555422,0,0,1.24
1773006489.881555422,1,0,0.01
1773006490.902729465,0,0,1.24
1773006490.902729465,1,0,0.01
1773006491.925247820,0,0,1.24
1773006491.925247820,1,0,0.01
1773006492.946648831,0,0,1.24
1773006492.946648831,1,0,0.01
1773006493.966132441,0,0,1.24
1773006493.966132441,1,0,0.01
1773006494.987575182,0,0,1.24
1773006494.987575182,1,0,0.01
1773006496.008715521,0,0,1.24
1773006496.008715521,1,0,0.01
1773006497.031313878,0,0,1.24
1773006497.031313878,1,0,0.01
1773006498.052593411,0,0,1.24
1773006498.052593411,1,0,0.01
1773006499.075314415,0,0,1.24
1773006499.075314415,1,0,0.01
1773006500.096599005,0,0,1.24
1773006500.096599005,1,0,0.01
1773006501.117982233,0,0,1.24
1773006501.117982233,1,0,0.01
1773006502.138633103,0,0,1.24
1773006502.138633103,1,0,0.01
1773006503.160481651,0,0,1.24
1773006503.160481651,1,0,0.01
1773006504.182304763,0,0,1.24
1773006504.182304763,1,0,0.01
1773006505.203394686,0,0,1.24
1773006505.203394686,1,0,0.01
1773006506.225336394,0,0,1.24
1773006506.225336394,1,0,0.01
1773006507.246437323,0,0,1.24
1773006507.246437323,1,0,0.01
1773006508.267417254,0,0,1.24
1773006508.267417254,1,0,0.01
1773006509.287830716,0,0,1.24
1773006509.287830716,1,0,0.01
1773006510.309374833,0,0,1.24
1773006510.309374833,1,0,0.01
1773006511.331301461,0,0,1.24
1773006511.331301461,1,0,0.01
1773006512.353427217,0,0,1.24
1773006512.353427217,1,0,0.01
1773006513.375440995,0,0,1.24
1773006513.375440995,1,0,0.01
1773006514.396809755,0,0,1.24
1773006514.396809755,1,0,0.01
1773006515.417793744,0,0,1.24
1773006515.417793744,1,0,0.01
1773006516.439962619,0,0,1.24
1773006516.439962619,1,0,0.01
1773006517.460877457,0,0,1.24
1773006517.460877457,1,0,0.01
1773006518.482818299,0,0,1.24
1773006518.482818299,1,0,0.01
1773006519.504537740,0,0,1.24
1773006519.504537740,1,0,0.01
1773006520.526522408,0,0,1.24
1773006520.526522408,1,0,0.01
1773006521.548013708,0,0,1.24
1773006521.548013708,1,0,0.01
1773006522.569250132,0,0,1.24
1773006522.569250132,1,0,0.01
1773006523.591303627,0,0,1.24
1773006523.591303627,1,0,0.01
1773006524.612377071,0,0,1.24
1773006524.612377071,1,0,0.01
1773006525.634186024,0,0,1.24
1773006525.634186024,1,0,0.01
1773006526.655341711,0,0,1.24
1773006526.655341711,1,0,0.01
1773006527.677244740,0,0,1.24
1773006527.677244740,1,0,0.01
1773006528.698724251,0,0,1.24
1773006528.698724251,1,0,0.01
1773006529.720160285,0,0,1.24
1773006529.720160285,1,0,0.01
1773006530.741927865,0,0,1.24
1773006530.741927865,1,0,0.01
1773006531.763493152,0,0,1.24
1773006531.763493152,1,0,0.01
1773006532.784797127,0,0,1.24
1773006532.784797127,1,0,0.01
1773006533.806857802,0,0,1.24
1773006533.806857802,1,0,0.01
1773006534.828416783,0,0,1.24
1773006534.828416783,1,0,0.01
1773006535.849581694,0,0,1.24
1773006535.849581694,1,0,0.01
1773006536.871419171,0,0,1.24
1773006536.871419171,1,0,0.01
1773006537.892017938,0,0,1.24
1773006537.892017938,1,0,0.01
1773006538.913149032,0,0,1.24
1773006538.913149032,1,0,0.01
1773006539.935095305,0,0,1.24
1773006539.935095305,1,0,0.01
1773006540.956107012,0,0,1.24
1773006540.956107012,1,0,0.01
1773006541.978691575,0,0,1.24
1773006541.978691575,1,0,0.01
1773006542.999729073,0,0,1.24
1773006542.999729073,1,0,0.01
1773006544.020795831,0,0,1.24
1773006544.020795831,1,0,0.01
1773006545.042335532,0,0,1.24
1773006545.042335532,1,0,0.01
1773006546.063157797,0,0,1.24
1773006546.063157797,1,0,0.01
1773006547.084797724,0,0,1.24
1773006547.084797724,1,0,0.01
1773006548.106121789,0,0,1.24
1773006548.106121789,1,0,0.01
1773006549.127837594,0,0,1.24
1773006549.127837594,1,0,0.01
1773006550.149478126,0,0,1.24
1773006550.149478126,1,0,0.01
1773006551.171228669,0,0,1.24
1773006551.171228669,1,0,0.01
1773006552.193092198,0,0,1.24
1773006552.193092198,1,0,0.01
1773006553.215090675,0,0,1.24
1773006553.215090675,1,0,0.01
1773006554.236098551,0,0,1.24
1773006554.236098551,1,0,0.01
1773006555.257859488,0,0,1.24
1773006555.257859488,1,0,0.01
1773006556.279507908,0,0,1.24
1773006556.279507908,1,0,0.01
1773006557.300070489,0,0,1.24
1773006557.300070489,1,0,0.01
1773006558.320567580,0,0,1.24
1773006558.320567580,1,0,0.01
1773006559.342696898,0,0,1.24
1773006559.342696898,1,0,0.01
1773006560.364063784,0,0,1.24
1773006560.364063784,1,0,0.01
1773006561.383873400,0,0,1.24
1773006561.383873400,1,0,0.01
1773006562.404094628,0,0,1.24
1773006562.404094628,1,0,0.01
1773006563.424161368,0,0,1.24
1773006563.424161368,1,0,0.01
1773006564.445626051,0,0,1.24
1773006564.445626051,1,0,0.01
1773006565.467172045,0,0,1.24
1773006565.467172045,1,0,0.01
1773006566.489091618,0,0,1.24
1773006566.489091618,1,0,0.01
1773006567.509993410,0,0,1.24
1773006567.509993410,1,0,0.01
1773006568.529620270,0,0,1.24
1773006568.529620270,1,0,0.01
1773006569.550740313,0,0,1.24
1773006569.550740313,1,0,0.01
1773006570.572813399,0,0,1.24
1773006570.572813399,1,0,0.01
1773006571.594952357,0,0,1.24
1773006571.594952357,1,0,0.01
1773006572.616074125,0,0,1.24
1773006572.616074125,1,0,0.01
1773006573.636893840,0,0,1.24
1773006573.636893840,1,0,0.01
1773006574.659317880,0,0,1.24
1773006574.659317880,1,0,0.01
1773006575.681050785,0,0,1.24
1773006575.681050785,1,0,0.01
1773006576.702333353,0,0,1.24
1773006576.702333353,1,0,0.01
1773006577.724841557,0,0,1.24
1773006577.724841557,1,0,0.01
1773006578.745634030,0,0,1.24
1773006578.745634030,1,0,0.01
1773006579.767155976,0,0,1.24
1773006579.767155976,1,0,0.01
1773006580.787830195,0,0,1.24
1773006580.787830195,1,0,0.01
1773006581.809796596,0,0,1.24
1773006581.809796596,1,0,0.01
1773006582.831472007,0,0,1.24
1773006582.831472007,1,0,0.01
1773006583.853103713,0,0,1.24
1773006583.853103713,1,0,0.01
1773006584.875124405,0,0,1.24
1773006584.875124405,1,0,0.01
1773006585.896688707,0,0,1.24
1773006585.896688707,1,0,0.01
1773006586.917661683,0,0,1.24
1773006586.917661683,1,0,0.01
1773006587.938968846,0,0,1.24
1773006587.938968846,1,0,0.01
1773006588.959560478,0,0,1.24
1773006588.959560478,1,0,0.01
1773006589.980973267,0,0,1.24
1773006589.980973267,1,0,0.01
1773006591.002403705,0,0,1.24
1773006591.002403705,1,0,0.01
1773006592.023314957,0,0,1.24
1773006592.023314957,1,0,0.01
1773006593.044778517,0,0,1.24
1773006593.044778517,1,0,0.01
1773006594.066177926,0,0,1.24
1773006594.066177926,1,0,0.01
1773006595.086973981,0,0,1.24
1773006595.086973981,1,0,0.01
1773006596.108609427,0,0,1.24
1773006596.108609427,1,0,0.01
1773006597.129864824,0,0,1.24
1773006597.129864824,1,0,0.01
1773006598.151340085,0,0,1.24
1773006598.151340085,1,0,0.01
1773006599.172823204,0,0,1.24
1773006599.172823204,1,0,0.01
1773006600.193933841,0,0,1.24
1773006600.193933841,1,0,0.01
1773006601.214718772,0,0,1.24
1773006601.214718772,1,0,0.01
1773006602.235896101,0,0,1.24
1773006602.235896101,1,0,0.01
1773006603.256739909,0,0,1.24
1773006603.256739909,1,0,0.01
1773006604.277948585,0,0,1.24
1773006604.277948585,1,0,0.01
1773006605.298875647,0,0,1.24
1773006605.298875647,1,0,0.01
1773006606.321128883,0,0,1.24
1773006606.321128883,1,0,0.01
1773006607.342442397,0,0,1.24
1773006607.342442397,1,0,0.01
1773006608.364089593,0,0,1.24
1773006608.364089593,1,0,0.01
1773006609.385792793,0,0,1.24
1773006609.385792793,1,0,0.01
1773006610.408014634,0,0,1.24
1773006610.408014634,1,0,0.01
1773006611.428908903,0,0,1.24
1773006611.428908903,1,0,0.01
1773006612.450852621,0,0,1.24
1773006612.450852621,1,0,0.01
1773006613.472363292,0,0,1.24
1773006613.472363292,1,0,0.01
1773006614.494548824,0,0,1.24
1773006614.494548824,1,0,0.01
1773006615.515711608,0,0,1.24
1773006615.515711608,1,0,0.01
1773006616.537237601,0,0,1.24
1773006616.537237601,1,0,0.01
1773006617.558201917,0,0,1.24
1773006617.558201917,1,0,0.01
1773006618.580314548,0,0,1.24
1773006618.580314548,1,0,0.01
1773006619.601907489,0,0,1.24
1773006619.601907489,1,0,0.01
1773006620.623443407,0,0,1.24
1773006620.623443407,1,0,0.01
1773006621.645183420,0,0,1.24
1773006621.645183420,1,0,0.01
1773006622.666828767,0,0,1.24
1773006622.666828767,1,0,0.01
1773006623.688974165,0,0,1.24
1773006623.688974165,1,0,0.01
1773006624.710330083,0,0,1.24
1773006624.710330083,1,0,0.01
1773006625.731472798,0,0,1.24
1773006625.731472798,1,0,0.01
1773006626.753185779,0,0,1.24
1773006626.753185779,1,0,0.01
1773006627.774182640,0,0,1.24
1773006627.774182640,1,0,0.01
1773006628.796179284,0,0,1.24
1773006628.796179284,1,0,0.01
1773006629.819204083,0,0,1.24
1773006629.819204083,1,0,0.01
1773006630.841273938,0,0,1.24
1773006630.841273938,1,0,0.01
1773006631.861925438,0,0,1.24
1773006631.861925438,1,0,0.01
1773006632.883370695,0,0,1.24
1773006632.883370695,1,0,0.01
1773006633.905510880,0,0,1.24
1773006633.905510880,1,0,0.01
1773006634.927561138,0,0,1.24
1773006634.927561138,1,0,0.01
1773006635.948425457,0,0,1.24
1773006635.948425457,1,0,0.01
1773006636.970076755,0,0,1.24
1773006636.970076755,1,0,0.01
1773006637.991242427,0,0,1.24
1773006637.991242427,1,0,0.01
1773006639.011157868,0,0,1.24
1773006639.011157868,1,0,0.01
1773006640.032206524,0,0,1.24
1773006640.032206524,1,0,0.01
1773006641.053586690,0,0,1.24
1773006641.053586690,1,0,0.01
1773006642.075060782,0,62,1.24
1773006642.075060782,1,0,0.01
1773006643.095805693,0,62,1.24
1773006643.095805693,1,0,0.01
1773006644.116522523,0,0,1.24
1773006644.116522523,1,0,0.01
1773006645.138268415,0,0,1.24
1773006645.138268415,1,0,0.01
1773006646.159447662,0,0,1.24
1773006646.159447662,1,0,0.01
1773006647.180674522,0,0,1.24
1773006647.180674522,1,0,0.01
1773006648.202169070,0,0,1.24
1773006648.202169070,1,0,0.01
1773006649.223195374,0,0,1.24
1773006649.223195374,1,0,0.01
1773006650.244216805,0,0,1.24
1773006650.244216805,1,0,0.01
1773006651.265217669,0,0,1.24
1773006651.265217669,1,0,0.01
1773006652.287079091,0,0,1.24
1773006652.287079091,1,0,0.01
1773006653.309487252,0,0,1.24
1773006653.309487252,1,0,0.01
1773006654.331241932,0,0,1.24
1773006654.331241932,1,0,0.01
1773006655.352422783,0,0,1.24
1773006655.352422783,1,0,0.01
1773006656.373886391,0,0,1.24
1773006656.373886391,1,0,0.01
1773006657.395146723,0,0,1.24
1773006657.395146723,1,0,0.01
1773006658.416118625,0,0,1.24
1773006658.416118625,1,0,0.01
1773006659.437529944,0,0,1.24
1773006659.437529944,1,0,0.01
1773006660.457666164,0,0,1.24
1773006660.457666164,1,0,0.01
1773006661.479119279,0,0,1.24
1773006661.479119279,1,0,0.01
1773006662.501289621,0,0,1.24
1773006662.501289621,1,0,0.01
1773006663.522517810,0,0,1.24
1773006663.522517810,1,0,0.01
1773006664.544786357,0,0,1.24
1773006664.544786357,1,0,0.01
1773006665.565893787,0,0,1.24
1773006665.565893787,1,0,0.01
1773006666.587291429,0,0,1.24
1773006666.587291429,1,0,0.01
1773006667.608469796,0,0,1.24
1773006667.608469796,1,0,0.01
1773006668.629769565,0,0,1.24
1773006668.629769565,1,0,0.01
1773006669.651112302,0,0,1.24
1773006669.651112302,1,0,0.01
1773006670.672388919,0,0,1.24
1773006670.672388919,1,0,0.01
1773006671.693624634,0,0,1.24
1773006671.693624634,1,0,0.01
1773006672.714754837,0,0,1.24
1773006672.714754837,1,0,0.01
1773006673.736084503,0,0,1.24
1773006673.736084503,1,0,0.01
1773006674.757192856,0,0,1.24
1773006674.757192856,1,0,0.01
1773006675.777851813,0,0,1.24
1773006675.777851813,1,0,0.01
1773006676.797897813,0,0,1.24
1773006676.797897813,1,0,0.01
1773006677.819136194,0,0,1.24
1773006677.819136194,1,0,0.01
1773006678.840195638,0,0,1.24
1773006678.840195638,1,0,0.01
1773006679.860166202,0,0,1.24
1773006679.860166202,1,0,0.01
1773006680.881259438,0,0,1.24
1773006680.881259438,1,0,0.01
1773006681.903493408,0,0,1.24
1773006681.903493408,1,0,0.01
1773006682.925471426,0,0,1.24
1773006682.925471426,1,0,0.01
1773006683.946646471,0,0,1.24
1773006683.946646471,1,0,0.01
1773006684.968368503,0,0,1.24
1773006684.968368503,1,0,0.01
1773006685.990328972,0,0,1.24
1773006685.990328972,1,0,0.01
1773006687.011770512,0,0,1.24
1773006687.011770512,1,0,0.01
1773006688.033916021,0,0,1.24
1773006688.033916021,1,0,0.01
1773006689.055170052,0,0,1.24
1773006689.055170052,1,0,0.01
1773006690.076612959,0,0,1.24
1773006690.076612959,1,0,0.01
1773006691.098478457,0,0,1.24
1773006691.098478457,1,0,0.01
1773006692.119764775,0,0,1.24
1773006692.119764775,1,0,0.01
1773006693.141878965,0,0,1.24
1773006693.141878965,1,0,0.01
1773006694.163631702,0,0,1.24
1773006694.163631702,1,0,0.01
1773006695.185655442,0,0,1.24
1773006695.185655442,1,0,0.01
1773006696.206053136,0,0,1.24
1773006696.206053136,1,0,0.01
1773006697.228324113,0,0,1.24
1773006697.228324113,1,0,0.01
1773006698.250788694,0,0,1.24
1773006698.250788694,1,0,0.01
1773006699.271317647,0,0,1.24
1773006699.271317647,1,0,0.01
1773006700.291171583,0,0,1.24
1773006700.291171583,1,0,0.01
1773006701.312785423,0,0,1.24
1773006701.312785423,1,0,0.01
1773006702.334096174,0,0,1.24
1773006702.334096174,1,0,0.01
1773006703.355557073,0,67,1.24
1773006703.355557073,1,0,0.01
1773006704.376577861,0,67,1.24
1773006704.376577861,1,0,0.01
1773006705.398361756,0,0,1.24
1773006705.398361756,1,0,0.01
1773006706.420347336,0,0,1.24
1773006706.420347336,1,0,0.01
1773006707.441783400,0,0,1.24
1773006707.441783400,1,0,0.01
1773006708.463923335,0,0,1.24
1773006708.463923335,1,0,0.01
1773006709.485871983,0,0,1.24
1773006709.485871983,1,0,0.01
1773006710.506913975,0,0,1.24
1773006710.506913975,1,0,0.01
1773006711.528820686,0,0,1.24
1773006711.528820686,1,0,0.01
1773006712.548723837,0,0,1.24
1773006712.548723837,1,0,0.01
1773006713.569296008,0,0,1.24
1773006713.569296008,1,0,0.01
1773006714.590474145,0,0,1.24
1773006714.590474145,1,0,0.01
1773006715.613087797,0,0,1.24
1773006715.613087797,1,0,0.01
1773006716.635269504,0,0,1.24
1773006716.635269504,1,0,0.01
1773006717.656608021,0,0,1.24
1773006717.656608021,1,0,0.01
1773006718.676734507,0,0,1.24
1773006718.676734507,1,0,0.01
1773006719.697521450,0,0,1.24
1773006719.697521450,1,0,0.01
1773006720.719313580,0,0,1.24
1773006720.719313580,1,0,0.01
1773006721.741046060,0,0,1.24
1773006721.741046060,1,0,0.01
1773006722.762316497,0,0,1.24
1773006722.762316497,1,0,0.01
1773006723.784573590,0,0,1.24
1773006723.784573590,1,0,0.01
1773006724.805972282,0,0,1.24
1773006724.805972282,1,0,0.01
1773006725.828573962,0,0,1.24
1773006725.828573962,1,0,0.01
1773006726.850125310,0,0,1.24
1773006726.850125310,1,0,0.01
1773006727.871897659,0,0,1.24
1773006727.871897659,1,0,0.01
1773006728.893055580,0,0,1.24
1773006728.893055580,1,0,0.01
1773006729.914834252,0,0,1.24
1773006729.914834252,1,0,0.01
1773006730.935156239,0,0,1.24
1773006730.935156239,1,0,0.01
1773006731.956997348,0,0,1.24
1773006731.956997348,1,0,0.01
1773006732.978875499,0,0,1.24
1773006732.978875499,1,0,0.01
1773006733.998987563,0,0,1.24
1773006733.998987563,1,0,0.01
1773006735.019911256,0,0,1.24
1773006735.019911256,1,0,0.01
1773006736.041915884,0,0,1.24
1773006736.041915884,1,0,0.01
1773006737.064185559,0,0,1.24
1773006737.064185559,1,0,0.01
1773006738.085612893,0,0,1.24
1773006738.085612893,1,0,0.01
1773006739.106802197,0,0,1.24
1773006739.106802197,1,0,0.01
1773006740.128584231,0,0,1.24
1773006740.128584231,1,0,0.01
1773006741.150154141,0,0,1.24
1773006741.150154141,1,0,0.01
1773006742.171880133,0,0,1.24
1773006742.171880133,1,0,0.01
1773006743.194034052,0,0,1.24
1773006743.194034052,1,0,0.01
1773006744.215762256,0,0,1.24
1773006744.215762256,1,0,0.01
1773006745.236828184,0,0,1.24
1773006745.236828184,1,0,0.01
1773006746.258510212,0,0,1.24
1773006746.258510212,1,0,0.01
1773006747.279125616,0,0,1.24
1773006747.279125616,1,0,0.01
1773006748.300638164,0,0,1.24
1773006748.300638164,1,0,0.01
1773006749.322194062,0,0,1.24
1773006749.322194062,1,0,0.01
1773006750.343330365,0,0,1.24
1773006750.343330365,1,0,0.01
1773006751.364942611,0,0,1.24
1773006751.364942611,1,0,0.01
1773006752.386205466,0,0,1.24
1773006752.386205466,1,0,0.01
1773006753.406504116,0,0,1.24
1773006753.406504116,1,0,0.01
1773006754.427086019,0,0,1.24
1773006754.427086019,1,0,0.01
1773006755.448209800,0,0,1.24
1773006755.448209800,1,0,0.01
1773006756.469560446,0,0,1.24
1773006756.469560446,1,0,0.01
1773006757.490417284,0,0,1.24
1773006757.490417284,1,0,0.01
1773006758.511939125,0,0,1.24
1773006758.511939125,1,0,0.01
1773006759.534258280,0,0,1.24
1773006759.534258280,1,0,0.01
1773006760.555814334,0,0,1.24
1773006760.555814334,1,0,0.01
1773006761.577808212,0,0,1.24
1773006761.577808212,1,0,0.01
1773006762.599685310,0,0,1.24
1773006762.599685310,1,0,0.01
1773006763.621421096,0,0,1.24
1773006763.621421096,1,0,0.01
1773006764.642823357,0,0,1.24
1773006764.642823357,1,0,0.01
1773006765.664060428,0,0,1.24
1773006765.664060428,1,0,0.01
1773006766.683999014,0,0,1.24
1773006766.683999014,1,0,0.01
1773006767.704132545,0,0,1.24
1773006767.704132545,1,0,0.01
1773006768.726023305,0,0,1.24
1773006768.726023305,1,0,0.01
1773006769.746747526,0,0,1.24
1773006769.746747526,1,0,0.01
1773006770.768258968,0,0,1.24
1773006770.768258968,1,0,0.01
1773006771.790088233,0,0,1.24
1773006771.790088233,1,0,0.01
1773006772.812346194,0,0,1.24
1773006772.812346194,1,0,0.01
1773006773.832997655,0,0,1.24
1773006773.832997655,1,0,0.01
1773006774.854535427,0,0,1.24
1773006774.854535427,1,0,0.01
1773006775.875692619,0,0,1.24
1773006775.875692619,1,0,0.01
1773006776.896816913,0,0,1.24
1773006776.896816913,1,0,0.01
1773006777.918842882,0,0,1.24
1773006777.918842882,1,0,0.01
1773006778.938585850,0,0,1.24
1773006778.938585850,1,0,0.01
1773006779.959423643,0,0,1.24
1773006779.959423643,1,0,0.01
1773006780.981314785,0,0,1.24
1773006780.981314785,1,0,0.01
1773006782.001853057,0,0,1.24
1773006782.001853057,1,0,0.01
1773006783.022901873,0,0,1.24
1773006783.022901873,1,0,0.01
1773006784.044369040,0,0,1.24
1773006784.044369040,1,0,0.01
1773006785.065276628,0,0,1.24
1773006785.065276628,1,0,0.01
1773006786.086813787,0,0,1.24
1773006786.086813787,1,0,0.01
1773006787.107655079,0,0,1.24
1773006787.107655079,1,0,0.01
1773006788.129365801,0,0,1.24
1773006788.129365801,1,0,0.01
1773006789.150847612,0,0,1.24
1773006789.150847612,1,0,0.01
1773006790.172038060,0,0,1.24
1773006790.172038060,1,0,0.01
1773006791.194217893,0,0,1.24
1773006791.194217893,1,0,0.01
1773006792.214238021,0,0,1.24
1773006792.214238021,1,0,0.01
1773006793.236157243,0,0,1.24
1773006793.236157243,1,0,0.01
1773006794.257315010,0,0,1.24
1773006794.257315010,1,0,0.01
1773006795.278884175,0,0,1.24
1773006795.278884175,1,0,0.01
1773006796.300969425,0,0,1.24
1773006796.300969425,1,0,0.01
1773006797.322145597,0,0,1.24
1773006797.322145597,1,0,0.01
1773006798.344452555,0,0,1.24
1773006798.344452555,1,0,0.01
1773006799.365160356,0,0,1.24
1773006799.365160356,1,0,0.01
1773006800.386812185,0,0,1.24
1773006800.386812185,1,0,0.01
1773006801.407189030,0,0,1.24
1773006801.407189030,1,0,0.01
1773006802.427301975,0,0,1.24
1773006802.427301975,1,0,0.01
1773006803.447232772,0,0,1.24
1773006803.447232772,1,0,0.01
1773006804.466960462,0,0,1.24
1773006804.466960462,1,0,0.01
1773006805.487446316,0,0,1.24
1773006805.487446316,1,0,0.01
1773006806.509247150,0,0,1.24
1773006806.509247150,1,0,0.01
1773006807.530482748,0,0,1.24
1773006807.530482748,1,0,0.01
1773006808.551317070,0,0,1.24
1773006808.551317070,1,0,0.01
1773006809.573390698,0,0,1.24
1773006809.573390698,1,0,0.01
1773006810.595312678,0,0,1.24
1773006810.595312678,1,0,0.01
1773006811.617060801,0,0,1.24
1773006811.617060801,1,0,0.01
1773006812.637144733,0,0,1.24
1773006812.637144733,1,0,0.01
1773006813.656668235,0,0,1.24
1773006813.656668235,1,0,0.01
1773006814.676062591,0,0,1.24
1773006814.676062591,1,0,0.01
1773006815.696596886,0,0,1.24
1773006815.696596886,1,0,0.01
1773006816.718884914,0,0,1.24
1773006816.718884914,1,0,0.01
1773006817.740071304,0,0,1.24
1773006817.740071304,1,0,0.01
1773006818.761269430,0,0,1.24
1773006818.761269430,1,0,0.01
1773006819.781257076,0,0,1.24
1773006819.781257076,1,0,0.01
1773006820.803071342,0,0,1.24
1773006820.803071342,1,0,0.01
1773006821.824327080,0,0,1.24
1773006821.824327080,1,0,0.01
1773006822.846976164,0,0,1.24
1773006822.846976164,1,0,0.01
1773006823.868581072,0,0,1.24
1773006823.868581072,1,0,0.01
1773006824.889443832,0,0,1.24
1773006824.889443832,1,0,0.01
1773006825.912161544,0,0,1.24
1773006825.912161544,1,0,0.01
1773006826.933414851,0,0,1.24
1773006826.933414851,1,0,0.01
1773006827.954979614,0,0,1.24
1773006827.954979614,1,0,0.01
1773006828.976421489,0,0,1.24
1773006828.976421489,1,0,0.01
1773006829.998404908,0,0,1.24
1773006829.998404908,1,0,0.01
1773006831.018227842,0,0,1.24
1773006831.018227842,1,0,0.01
1773006832.039142122,0,0,1.24
1773006832.039142122,1,0,0.01
1773006833.061071485,0,0,1.24
1773006833.061071485,1,0,0.01
1773006834.082308119,0,0,1.24
1773006834.082308119,1,0,0.01
1773006835.103872920,0,0,1.24
1773006835.103872920,1,0,0.01
1773006836.125607295,0,0,1.24
1773006836.125607295,1,0,0.01
1773006837.145754841,0,0,1.24
1773006837.145754841,1,0,0.01
1773006838.166125597,0,0,1.24
1773006838.166125597,1,0,0.01
1773006839.188256135,0,0,1.24
1773006839.188256135,1,0,0.01
1773006840.209300958,0,0,1.24
1773006840.209300958,1,0,0.01
1773006841.230626952,0,0,1.24
1773006841.230626952,1,0,0.01
1773006842.252819481,0,0,1.24
1773006842.252819481,1,0,0.01
1773006843.274143218,0,0,1.24
1773006843.274143218,1,0,0.01
1773006844.295164041,0,0,1.24
1773006844.295164041,1,0,0.01
1773006845.316980528,0,0,1.24
1773006845.316980528,1,0,0.01
1773006846.338925792,0,0,1.24
1773006846.338925792,1,0,0.01
1773006847.360302076,0,0,1.24
1773006847.360302076,1,0,0.01
1773006848.382195911,0,0,1.24
1773006848.382195911,1,0,0.01
1773006849.402610129,0,0,1.24
1773006849.402610129,1,0,0.01
1773006850.424313586,0,0,1.24
1773006850.424313586,1,0,0.01
1773006851.446467921,0,0,1.24
1773006851.446467921,1,0,0.01
1773006852.467582974,0,0,1.24
1773006852.467582974,1,0,0.01
1773006853.490139234,0,0,1.24
1773006853.490139234,1,0,0.01
1773006854.510825837,0,0,1.24
1773006854.510825837,1,0,0.01
1773006855.531530920,0,0,1.24
1773006855.531530920,1,0,0.01
1773006856.553484904,0,0,1.24
1773006856.553484904,1,0,0.01
1773006857.575717127,0,0,1.24
1773006857.575717127,1,0,0.01
1773006858.597356340,0,0,1.24
1773006858.597356340,1,0,0.01
1773006859.619122141,0,0,1.24
1773006859.619122141,1,0,0.01
1773006860.640728047,0,0,1.24
1773006860.640728047,1,0,0.01
1773006861.662879169,0,0,1.24
1773006861.662879169,1,0,0.01
1773006862.684712350,0,0,1.24
1773006862.684712350,1,0,0.01
1773006863.706234631,0,0,1.24
1773006863.706234631,1,0,0.01
1773006864.727590370,0,0,1.24
1773006864.727590370,1,0,0.01
1773006865.747695034,0,0,1.24
1773006865.747695034,1,0,0.01
1773006866.767760669,0,0,1.24
1773006866.767760669,1,0,0.01
1773006867.789135070,0,0,1.24
1773006867.789135070,1,0,0.01
1773006868.809084041,0,0,1.24
1773006868.809084041,1,0,0.01
1773006869.829657954,0,0,1.24
1773006869.829657954,1,0,0.01
1773006870.851034429,0,0,1.24
1773006870.851034429,1,0,0.01
1773006871.872486868,0,0,1.24
1773006871.872486868,1,0,0.01
1773006872.893915643,0,0,1.24
1773006872.893915643,1,0,0.01
1773006873.915286580,0,0,1.24
1773006873.915286580,1,0,0.01
1773006874.936248840,0,0,1.24
1773006874.936248840,1,0,0.01
1773006875.957890433,0,0,1.24
1773006875.957890433,1,0,0.01
1773006876.979067609,0,0,1.24
1773006876.979067609,1,0,0.01
1773006878.000625120,0,0,1.24
1773006878.000625120,1,0,0.01
1773006879.021799711,0,0,1.24
1773006879.021799711,1,0,0.01
1773006880.041870432,0,0,1.24
1773006880.041870432,1,0,0.01
1773006881.064448126,0,0,1.24
1773006881.064448126,1,0,0.01
1773006882.085495145,0,0,1.24
1773006882.085495145,1,0,0.01
1773006883.106992780,0,0,1.24
1773006883.106992780,1,0,0.01
1773006884.128147733,0,0,1.24
1773006884.128147733,1,0,0.01
1773006885.149873400,0,0,1.24
1773006885.149873400,1,0,0.01
1773006886.171232872,0,0,1.24
1773006886.171232872,1,0,0.01
1773006887.192727305,0,0,1.24
1773006887.192727305,1,0,0.01
1773006888.214933305,0,0,1.24
1773006888.214933305,1,0,0.01
1773006889.236481999,0,0,1.24
1773006889.236481999,1,0,0.01
1773006890.258304551,0,0,1.24
1773006890.258304551,1,0,0.01
1773006891.280337454,0,0,1.24
1773006891.280337454,1,0,0.01
1773006892.301670849,0,0,1.24
1773006892.301670849,1,0,0.01
1773006893.322774659,0,0,1.24
1773006893.322774659,1,0,0.01
1773006894.344404270,0,0,1.24
1773006894.344404270,1,0,0.01
1773006895.365541635,0,0,1.24
1773006895.365541635,1,0,0.01
1773006896.387715740,0,0,1.24
1773006896.387715740,1,0,0.01
1773006897.408333003,0,0,1.24
1773006897.408333003,1,0,0.01
1773006898.430346550,0,0,1.24
1773006898.430346550,1,0,0.01
1773006899.452399332,0,0,1.24
1773006899.452399332,1,0,0.01
1773006900.473541722,0,0,1.24
1773006900.473541722,1,0,0.01
1773006901.495442441,0,0,1.24
1773006901.495442441,1,0,0.01
1773006902.516974024,0,0,1.24
1773006902.516974024,1,0,0.01
1773006903.538938552,0,0,1.24
1773006903.538938552,1,0,0.01
1773006904.560119991,0,0,1.24
1773006904.560119991,1,0,0.01
1773006905.581862941,0,0,1.24
1773006905.581862941,1,0,0.01
1773006906.603294497,0,0,1.24
1773006906.603294497,1,0,0.01
1773006907.625475553,0,0,1.24
1773006907.625475553,1,0,0.01
1773006908.646722275,0,0,1.24
1773006908.646722275,1,0,0.01
1773006909.667907962,0,0,1.24
1773006909.667907962,1,0,0.01
1773006910.689867480,0,0,1.24
1773006910.689867480,1,0,0.01
1773006911.711422136,0,0,1.24
1773006911.711422136,1,0,0.01
1773006912.731804837,0,0,1.24
1773006912.731804837,1,0,0.01
1773006913.753152199,0,0,1.24
1773006913.753152199,1,0,0.01
1773006914.774560775,0,0,1.24
1773006914.774560775,1,0,0.01
1773006915.796139956,0,0,1.24
1773006915.796139956,1,0,0.01
1773006916.817280083,0,0,1.24
1773006916.817280083,1,0,0.01
1773006917.838772399,0,0,1.24
1773006917.838772399,1,0,0.01
1773006918.860035670,0,0,1.24
1773006918.860035670,1,0,0.01
1773006919.882479051,0,0,1.24
1773006919.882479051,1,0,0.01
1773006920.904271740,0,0,1.24
1773006920.904271740,1,0,0.01
1773006921.925581043,0,0,1.24
1773006921.925581043,1,0,0.01
1773006922.946881960,0,0,1.24
1773006922.946881960,1,0,0.01
1773006923.968945931,0,0,1.24
1773006923.968945931,1,0,0.01
1773006924.988670909,0,0,1.24
1773006924.988670909,1,0,0.01
1773006926.010757281,0,0,1.24
1773006926.010757281,1,0,0.01
1773006927.032698184,0,0,1.24
1773006927.032698184,1,0,0.01
1773006928.052941381,0,0,1.24
1773006928.052941381,1,0,0.01
1773006929.075168643,0,0,1.24
1773006929.075168643,1,0,0.01
1773006930.096196234,0,0,1.24
1773006930.096196234,1,0,0.01
1773006931.118135347,0,0,1.24
1773006931.118135347,1,0,0.01
1773006932.139370382,0,0,1.24
1773006932.139370382,1,0,0.01
1773006933.161321397,0,0,1.24
1773006933.161321397,1,0,0.01
1773006934.182502632,0,0,1.24
1773006934.182502632,1,0,0.01
1773006935.203998328,0,0,1.24
1773006935.203998328,1,0,0.01
1773006936.225140892,0,0,1.24
1773006936.225140892,1,0,0.01
1773006937.247012525,0,0,1.24
1773006937.247012525,1,0,0.01
1773006938.268078570,0,0,1.24
1773006938.268078570,1,0,0.01
1773006939.289695788,0,0,1.24
1773006939.289695788,1,0,0.01
1773006940.311570823,0,0,1.24
1773006940.311570823,1,0,0.01
1773006941.333060066,0,0,1.24
1773006941.333060066,1,0,0.01
1773006942.354816488,0,0,1.24
1773006942.354816488,1,0,0.01
1773006943.375517227,0,0,1.24
1773006943.375517227,1,0,0.01
1773006944.397276512,0,0,1.24
1773006944.397276512,1,0,0.01
1773006945.418838589,0,0,1.24
1773006945.418838589,1,0,0.01
1773006946.439720837,0,0,1.24
1773006946.439720837,1,0,0.01
1773006947.461975765,0,0,1.24
1773006947.461975765,1,0,0.01
1773006948.483140191,0,0,1.24
1773006948.483140191,1,0,0.01
1773006949.504766422,0,0,1.24
1773006949.504766422,1,0,0.01
1773006950.527199983,0,0,1.24
1773006950.527199983,1,0,0.01
1773006951.548163922,0,0,1.24
1773006951.548163922,1,0,0.01
1773006952.570187123,0,0,1.24
1773006952.570187123,1,0,0.01
1773006953.591215727,0,0,1.24
1773006953.591215727,1,0,0.01
1773006954.612663910,0,0,1.24
1773006954.612663910,1,0,0.01
1773006955.634649099,0,0,1.24
1773006955.634649099,1,0,0.01
1773006956.655907642,0,0,1.24
1773006956.655907642,1,0,0.01
1773006957.676998829,0,0,1.24
1773006957.676998829,1,0,0.01
1773006958.699204997,0,0,1.24
1773006958.699204997,1,0,0.01
1773006959.720662762,0,0,1.24
1773006959.720662762,1,0,0.01
1773006960.741837193,0,0,1.24
1773006960.741837193,1,0,0.01
1773006961.762857974,0,0,1.24
1773006961.762857974,1,0,0.01
1773006962.784211363,0,0,1.24
1773006962.784211363,1,0,0.01
1773006963.806471938,0,0,1.24
1773006963.806471938,1,0,0.01
1773006964.829254896,0,0,1.24
1773006964.829254896,1,0,0.01
1773006965.855019199,0,0,1.24
1773006965.855019199,1,0,0.01
1773006966.875948693,0,0,1.24
1773006966.875948693,1,0,0.01
1773006967.896188360,0,0,1.24
1773006967.896188360,1,0,0.01
1773006968.919224062,0,0,1.24
1773006968.919224062,1,0,0.01
1773006969.941274152,0,68,1.24
1773006969.941274152,1,0,0.01
1773006970.961468528,0,68,1.24
1773006970.961468528,1,0,0.01
1773006971.981952886,0,0,1.24
1773006971.981952886,1,0,0.01
1773006973.001777090,0,0,1.24
1773006973.001777090,1,0,0.01
1773006974.023095119,0,0,1.24
1773006974.023095119,1,0,0.01
1773006975.044562849,0,0,1.24
1773006975.044562849,1,0,0.01
1773006976.068277191,0,0,1.24
1773006976.068277191,1,0,0.01
1773006977.088585827,0,0,1.24
1773006977.088585827,1,0,0.01
1773006978.109882900,0,0,1.24
1773006978.109882900,1,0,0.01
1773006979.131056836,0,0,1.24
1773006979.131056836,1,0,0.01
1773006980.152091938,0,0,1.24
1773006980.152091938,1,0,0.01
1773006981.173844888,0,0,1.24
1773006981.173844888,1,0,0.01
1773006982.194942609,0,0,1.24
1773006982.194942609,1,0,0.01
1773006983.216028722,0,0,1.24
1773006983.216028722,1,0,0.01
1773006984.236797753,0,0,1.24
1773006984.236797753,1,0,0.01
1773006985.257667928,0,0,1.24
1773006985.257667928,1,0,0.01
1773006986.279274092,0,0,1.24
1773006986.279274092,1,0,0.01
1773006987.299526793,0,0,1.24
1773006987.299526793,1,0,0.01
1773006988.319862242,0,0,1.24
1773006988.319862242,1,0,0.01
1773006989.342031791,0,0,1.24
1773006989.342031791,1,0,0.01
1773006990.363233320,0,0,1.24
1773006990.363233320,1,0,0.01
1773006991.383106560,0,0,1.24
1773006991.383106560,1,0,0.01
1773006992.403720586,0,0,1.24
1773006992.403720586,1,0,0.01
1773006993.424334140,0,0,1.24
1773006993.424334140,1,0,0.01
1773006994.444181743,0,0,1.24
1773006994.444181743,1,0,0.01
1773006995.464978330,0,0,1.24
1773006995.464978330,1,0,0.01
1773006996.486532305,0,0,1.24
1773006996.486532305,1,0,0.01
1773006997.508225922,0,0,1.24
1773006997.508225922,1,0,0.01
1773006998.529525003,0,0,1.24
1773006998.529525003,1,0,0.01
1773006999.550962582,0,0,1.24
1773006999.550962582,1,0,0.01
1773007000.572245993,0,0,1.24
1773007000.572245993,1,0,0.01
1773007001.591539904,0,0,1.24
1773007001.591539904,1,0,0.01
1773007002.613306604,0,0,1.24
1773007002.613306604,1,0,0.01
1773007003.634494446,0,0,1.24
1773007003.634494446,1,0,0.01
1773007004.656289992,0,0,1.24
1773007004.656289992,1,0,0.01
1773007005.678523400,0,0,1.24
1773007005.678523400,1,0,0.01
1773007006.699878343,0,0,1.24
1773007006.699878343,1,0,0.01
1773007007.721615026,0,0,1.24
1773007007.721615026,1,0,0.01
1773007008.742596911,0,0,1.24
1773007008.742596911,1,0,0.01
1773007009.763514971,0,0,1.24
1773007009.763514971,1,0,0.01
1773007010.784792660,0,0,1.24
1773007010.784792660,1,0,0.01
1773007011.806854814,0,0,1.24
1773007011.806854814,1,0,0.01
1773007012.827662566,0,0,1.24
1773007012.827662566,1,0,0.01
1773007013.848139602,0,0,1.24
1773007013.848139602,1,0,0.01
1773007014.869118124,0,0,1.24
1773007014.869118124,1,0,0.01
1773007015.890468101,0,0,1.24
1773007015.890468101,1,0,0.01
1773007016.912057510,0,0,1.24
1773007016.912057510,1,0,0.01
1773007017.933061171,0,0,1.24
1773007017.933061171,1,0,0.01
1773007018.953073973,0,0,1.24
1773007018.953073973,1,0,0.01
1773007019.975391067,0,0,1.24
1773007019.975391067,1,0,0.01
1773007020.997995469,0,0,1.24
1773007020.997995469,1,0,0.01
1773007022.019255652,0,0,1.24
1773007022.019255652,1,0,0.01
1773007023.039172946,0,0,1.24
1773007023.039172946,1,0,0.01
1773007024.060983466,0,0,1.24
1773007024.060983466,1,0,0.01
1773007025.082560680,0,0,1.24
1773007025.082560680,1,0,0.01
1773007026.103466403,0,0,1.24
1773007026.103466403,1,0,0.01
1773007027.123861957,0,0,1.24
1773007027.123861957,1,0,0.01
1773007028.144950011,0,0,1.24
1773007028.144950011,1,0,0.01
1773007029.166180580,0,0,1.24
1773007029.166180580,1,0,0.01
1773007030.188044584,0,0,1.24
1773007030.188044584,1,0,0.01
1773007031.210083754,0,0,1.24
1773007031.210083754,1,0,0.01
1773007032.232189828,0,0,1.24
1773007032.232189828,1,0,0.01
1773007033.253891058,0,0,1.24
1773007033.253891058,1,0,0.01
1773007034.275176951,0,0,1.24
1773007034.275176951,1,0,0.01
1773007035.297034233,0,0,1.24
1773007035.297034233,1,0,0.01
1773007036.319170713,0,0,1.24
1773007036.319170713,1,0,0.01
1773007037.341199745,0,0,1.24
1773007037.341199745,1,0,0.01
1773007038.361373074,0,0,1.24
1773007038.361373074,1,0,0.01
1773007039.381141596,0,0,1.24
1773007039.381141596,1,0,0.01
1773007040.402282116,0,0,1.24
1773007040.402282116,1,0,0.01
1773007041.423338037,0,0,1.24
1773007041.423338037,1,0,0.01
1773007042.444752037,0,0,1.24
1773007042.444752037,1,0,0.01
1773007043.465682963,0,0,1.24
1773007043.465682963,1,0,0.01
1773007044.485477199,0,0,1.24
1773007044.485477199,1,0,0.01
1773007045.506792988,0,0,1.24
1773007045.506792988,1,0,0.01
1773007046.528861027,0,0,1.24
1773007046.528861027,1,0,0.01
1773007047.549010908,0,0,1.24
1773007047.549010908,1,0,0.01
1773007048.568885003,0,0,1.24
1773007048.568885003,1,0,0.01
1773007049.589879473,0,0,1.24
1773007049.589879473,1,0,0.01
1773007050.611486862,0,0,1.24
1773007050.611486862,1,0,0.01
1773007051.633434939,0,0,1.24
1773007051.633434939,1,0,0.01
1773007052.654794041,0,0,1.24
1773007052.654794041,1,0,0.01
1773007053.675786684,0,0,1.24
1773007053.675786684,1,0,0.01
1773007054.697436789,0,0,1.24
1773007054.697436789,1,0,0.01
1773007055.718470366,0,0,1.24
1773007055.718470366,1,0,0.01
1773007056.740571838,0,0,1.24
1773007056.740571838,1,0,0.01
1773007057.762436073,0,0,1.24
1773007057.762436073,1,0,0.01
1773007058.783862070,0,0,1.24
1773007058.783862070,1,0,0.01
1773007059.805383702,0,0,1.24
1773007059.805383702,1,0,0.01
1773007060.826721299,0,0,1.24
1773007060.826721299,1,0,0.01
1773007061.848195981,0,0,1.24
1773007061.848195981,1,0,0.01
1773007062.869242863,0,0,1.24
1773007062.869242863,1,0,0.01
1773007063.889441778,0,0,1.24
1773007063.889441778,1,0,0.01
1773007064.910346083,0,0,1.24
1773007064.910346083,1,0,0.01
1773007065.932318260,0,0,1.24
1773007065.932318260,1,0,0.01
1773007066.953305197,0,0,1.24
1773007066.953305197,1,0,0.01
1773007067.972951203,0,0,1.24
1773007067.972951203,1,0,0.01
1773007068.992782839,0,0,1.24
1773007068.992782839,1,0,0.01
1773007070.014166443,0,0,1.24
1773007070.014166443,1,0,0.01
1773007071.036229317,0,0,1.24
1773007071.036229317,1,0,0.01
1773007072.057367908,0,0,1.24
1773007072.057367908,1,0,0.01
1773007073.078851429,0,0,1.24
1773007073.078851429,1,0,0.01
1773007074.100450276,0,0,1.24
1773007074.100450276,1,0,0.01
1773007075.121581671,0,0,1.24
1773007075.121581671,1,0,0.01
1773007076.143409103,0,0,1.24
1773007076.143409103,1,0,0.01
1773007077.163445384,0,0,1.24
1773007077.163445384,1,0,0.01
1773007078.185557804,0,0,1.24
1773007078.185557804,1,0,0.01
1773007079.206640941,0,0,1.24
1773007079.206640941,1,0,0.01
1773007080.228333143,0,0,1.24
1773007080.228333143,1,0,0.01
1773007081.250223465,0,0,1.24
1773007081.250223465,1,0,0.01
1773007082.271892998,0,0,1.24
1773007082.271892998,1,0,0.01
1773007083.291953776,0,0,1.24
1773007083.291953776,1,0,0.01
1773007084.313342089,0,0,1.24
1773007084.313342089,1,0,0.01
1773007085.334440394,0,0,1.24
1773007085.334440394,1,0,0.01
1773007086.354252964,0,0,1.24
1773007086.354252964,1,0,0.01
1773007087.375762076,0,0,1.24
1773007087.375762076,1,0,0.01
1773007088.395477020,0,0,1.24
1773007088.395477020,1,0,0.01
1773007089.416854498,0,0,1.24
1773007089.416854498,1,0,0.01
1773007090.437941228,0,0,1.24
1773007090.437941228,1,0,0.01
1773007091.459539623,0,0,1.24
1773007091.459539623,1,0,0.01
1773007092.480954145,0,0,1.24
1773007092.480954145,1,0,0.01
1773007093.501935570,0,0,1.24
1773007093.501935570,1,0,0.01
1773007094.523171792,0,0,1.24
1773007094.523171792,1,0,0.01
1773007095.544501954,0,0,1.24
1773007095.544501954,1,0,0.01
1773007096.566460693,0,0,1.24
1773007096.566460693,1,0,0.01
1773007097.588109831,0,0,1.24
1773007097.588109831,1,0,0.01
1773007098.609407653,0,0,1.24
1773007098.609407653,1,0,0.01
1773007099.630705950,0,0,1.24
1773007099.630705950,1,0,0.01
1773007100.652878914,0,0,1.24
1773007100.652878914,1,0,0.01
1773007101.673900277,0,0,1.24
1773007101.673900277,1,0,0.01
1773007102.693572166,0,0,1.24
1773007102.693572166,1,0,0.01
1773007103.713145230,0,0,1.24
1773007103.713145230,1,0,0.01
1773007104.734391489,0,0,1.24
1773007104.734391489,1,0,0.01
1773007105.755568468,0,0,1.24
1773007105.755568468,1,0,0.01
1773007106.777588080,0,0,1.24
1773007106.777588080,1,0,0.01
1773007107.799125726,0,0,1.24
1773007107.799125726,1,0,0.01
1773007108.820509042,0,0,1.24
1773007108.820509042,1,0,0.01
1773007109.841928261,0,0,1.24
1773007109.841928261,1,0,0.01
1773007110.863280821,0,0,1.24
1773007110.863280821,1,0,0.01
1773007111.883876434,0,0,1.24
1773007111.883876434,1,0,0.01
1773007112.903825896,0,0,1.24
1773007112.903825896,1,0,0.01
1773007113.926439642,0,0,1.24
1773007113.926439642,1,0,0.01
1773007114.948650000,0,0,1.24
1773007114.948650000,1,0,0.01
1773007115.970106364,0,0,1.24
1773007115.970106364,1,0,0.01
1773007116.990836152,0,0,1.24
1773007116.990836152,1,0,0.01
1773007118.012529640,0,0,1.24
1773007118.012529640,1,0,0.01
1773007119.032837555,0,0,1.24
1773007119.032837555,1,0,0.01
1773007120.053686888,0,0,1.24
1773007120.053686888,1,0,0.01
1773007121.075581217,0,0,1.24
1773007121.075581217,1,0,0.01
1773007122.097616919,0,0,1.24
1773007122.097616919,1,0,0.01
1773007123.118935927,0,0,1.24
1773007123.118935927,1,0,0.01
1773007124.140869458,0,0,1.24
1773007124.140869458,1,0,0.01
1773007125.162340260,0,0,1.24
1773007125.162340260,1,0,0.01
1773007126.183295484,0,0,1.24
1773007126.183295484,1,0,0.01
1773007127.205061058,0,0,1.24
1773007127.205061058,1,0,0.01
1773007128.226720590,0,0,1.24
1773007128.226720590,1,0,0.01
1773007129.247915283,0,0,1.24
1773007129.247915283,1,0,0.01
1773007130.269824274,0,0,1.24
1773007130.269824274,1,0,0.01
1773007131.291948621,0,0,1.24
1773007131.291948621,1,0,0.01
1773007132.313845817,0,0,1.24
1773007132.313845817,1,0,0.01
1773007133.335744355,0,0,1.24
1773007133.335744355,1,0,0.01
1773007134.356152877,0,0,1.24
1773007134.356152877,1,0,0.01
1773007135.377799597,0,0,1.24
1773007135.377799597,1,0,0.01
1773007136.398406911,0,0,1.24
1773007136.398406911,1,0,0.01
1773007137.419755992,0,0,1.24
1773007137.419755992,1,0,0.01
1773007138.441302656,0,0,1.24
1773007138.441302656,1,0,0.01
1773007139.462912029,0,0,1.24
1773007139.462912029,1,0,0.01
1773007140.484041634,0,0,1.24
1773007140.484041634,1,0,0.01
1773007141.505853820,0,0,1.24
1773007141.505853820,1,0,0.01
1773007142.527163791,0,0,1.24
1773007142.527163791,1,0,0.01
1773007143.549301088,0,0,1.24
1773007143.549301088,1,0,0.01
1773007144.570246925,0,0,1.24
1773007144.570246925,1,0,0.01
1773007145.591363939,0,0,1.24
1773007145.591363939,1,0,0.01
1773007146.612077607,0,0,1.24
1773007146.612077607,1,0,0.01
1773007147.633650215,0,0,1.24
1773007147.633650215,1,0,0.01
1773007148.654750944,0,0,1.24
1773007148.654750944,1,0,0.01
1773007149.676335845,0,0,1.24
1773007149.676335845,1,0,0.01
1773007150.697097745,0,0,1.24
1773007150.697097745,1,0,0.01
1773007151.717140625,0,0,1.24
1773007151.717140625,1,0,0.01
1773007152.738943379,0,0,1.24
1773007152.738943379,1,0,0.01
1773007153.760282342,0,0,1.24
1773007153.760282342,1,0,0.01
1773007154.781798248,0,0,1.24
1773007154.781798248,1,0,0.01
1773007155.803267336,0,0,1.24
1773007155.803267336,1,0,0.01
1773007156.825295318,0,0,1.24
1773007156.825295318,1,0,0.01
1773007157.846978519,0,0,1.24
1773007157.846978519,1,0,0.01
1773007158.868329492,0,0,1.24
1773007158.868329492,1,0,0.01
1773007159.889163091,0,0,1.24
1773007159.889163091,1,0,0.01
1773007160.911035636,0,0,1.24
1773007160.911035636,1,0,0.01
1773007161.931235181,0,0,1.24
1773007161.931235181,1,0,0.01
1773007162.954299187,0,0,1.24
1773007162.954299187,1,0,0.01
1773007163.975955881,0,0,1.24
1773007163.975955881,1,0,0.01
1773007164.997894802,0,0,1.24
1773007164.997894802,1,0,0.01
1773007166.018937585,0,0,1.24
1773007166.018937585,1,0,0.01
1773007167.040843965,0,0,1.24
1773007167.040843965,1,0,0.01
1773007168.061938372,0,0,1.24
1773007168.061938372,1,0,0.01
1773007169.082969673,0,0,1.24
1773007169.082969673,1,0,0.01
1773007170.105227622,0,0,1.24
1773007170.105227622,1,0,0.01
1773007171.125981354,0,0,1.24
1773007171.125981354,1,0,0.01
1773007172.146158759,0,0,1.24
1773007172.146158759,1,0,0.01
1773007173.167996280,0,0,1.24
1773007173.167996280,1,0,0.01
1773007174.187932859,0,0,1.24
1773007174.187932859,1,0,0.01
1773007175.207560233,0,0,1.24
1773007175.207560233,1,0,0.01
1773007176.227427417,0,0,1.24
1773007176.227427417,1,0,0.01
1773007177.248777788,0,0,1.24
1773007177.248777788,1,0,0.01
1773007178.271091777,0,0,1.24
1773007178.271091777,1,0,0.01
1773007179.292908137,0,0,1.24
1773007179.292908137,1,0,0.01
1773007180.315321505,0,0,1.24
1773007180.315321505,1,0,0.01
1773007181.336865554,0,0,1.24
1773007181.336865554,1,0,0.01
1773007182.358046473,0,0,1.24
1773007182.358046473,1,0,0.01
1773007183.379606809,0,0,1.24
1773007183.379606809,1,0,0.01
1773007184.402292087,0,0,1.24
1773007184.402292087,1,0,0.01
1773007185.424291081,0,0,1.24
1773007185.424291081,1,0,0.01
1773007186.445415572,0,0,1.24
1773007186.445415572,1,0,0.01
1773007187.465242687,0,0,1.24
1773007187.465242687,1,0,0.01
1773007188.485025942,0,0,1.24
1773007188.485025942,1,0,0.01
1773007189.505274267,0,0,1.24
1773007189.505274267,1,0,0.01
1773007190.527170952,0,0,1.24
1773007190.527170952,1,0,0.01
1773007191.548864478,0,0,1.24
1773007191.548864478,1,0,0.01
1773007192.570105902,0,0,1.24
1773007192.570105902,1,0,0.01
1773007193.592322151,0,0,1.24
1773007193.592322151,1,0,0.01
1773007194.613939449,0,0,1.24
1773007194.613939449,1,0,0.01
1773007195.635392126,0,0,1.24
1773007195.635392126,1,0,0.01
1773007196.656960454,0,0,1.24
1773007196.656960454,1,0,0.01
1773007197.678485309,0,0,1.24
1773007197.678485309,1,0,0.01
1773007198.700048797,0,0,1.24
1773007198.700048797,1,0,0.01
1773007199.721300954,0,0,1.24
1773007199.721300954,1,0,0.01
1773007200.743166881,0,0,1.24
1773007200.743166881,1,0,0.01
1773007201.765239138,0,0,1.24
1773007201.765239138,1,0,0.01
1773007202.785553392,0,0,1.24
1773007202.785553392,1,0,0.01
1773007203.806161736,0,0,1.24
1773007203.806161736,1,0,0.01
1773007204.827667443,0,0,1.24
1773007204.827667443,1,0,0.01
1773007205.848728801,0,0,1.24
1773007205.848728801,1,0,0.01
1773007206.869968118,0,0,1.24
1773007206.869968118,1,0,0.01
1773007207.891159205,0,0,1.24
1773007207.891159205,1,0,0.01
1773007208.913044288,0,0,1.24
1773007208.913044288,1,0,0.01
1773007209.933307398,0,0,1.24
1773007209.933307398,1,0,0.01
1773007210.953617351,0,0,1.24
1773007210.953617351,1,0,0.01
1773007211.975623266,0,0,1.24
1773007211.975623266,1,0,0.01
1773007212.997705356,0,0,1.24
1773007212.997705356,1,0,0.01
1773007214.017726378,0,0,1.24
1773007214.017726378,1,0,0.01
1773007215.038876937,0,0,1.24
1773007215.038876937,1,0,0.01
1773007216.058988422,0,0,1.24
1773007216.058988422,1,0,0.01
1773007217.080671602,0,0,1.24
1773007217.080671602,1,0,0.01
1773007218.102088385,0,0,1.24
1773007218.102088385,1,0,0.01
1773007219.123190922,0,0,1.24
1773007219.123190922,1,0,0.01
1773007220.143232620,0,0,1.24
1773007220.143232620,1,0,0.01
1773007221.164214809,0,0,1.24
1773007221.164214809,1,0,0.01
1773007222.185291962,0,0,1.24
1773007222.185291962,1,0,0.01
1773007223.205293052,0,0,1.24
1773007223.205293052,1,0,0.01
1773007224.225287875,0,0,1.24
1773007224.225287875,1,0,0.01
1773007225.245932006,0,0,1.24
1773007225.245932006,1,0,0.01
1773007226.265320134,0,0,1.24
1773007226.265320134,1,0,0.01
1773007227.286153976,0,0,1.24
1773007227.286153976,1,0,0.01
1773007228.305856756,0,0,1.24
1773007228.305856756,1,0,0.01
1773007229.327290141,0,0,1.24
1773007229.327290141,1,0,0.01
1773007230.347086492,0,0,1.24
1773007230.347086492,1,0,0.01
1773007231.368082654,0,0,1.24
1773007231.368082654,1,0,0.01
1773007232.389578535,0,0,1.24
1773007232.389578535,1,0,0.01
1773007233.411200916,0,0,1.24
1773007233.411200916,1,0,0.01
1773007234.431222272,0,0,1.24
1773007234.431222272,1,0,0.01
1773007235.452736739,0,0,1.24
1773007235.452736739,1,0,0.01
1773007236.474104505,0,0,1.24
1773007236.474104505,1,0,0.01
1773007237.496579494,0,0,1.24
1773007237.496579494,1,0,0.01
1773007238.517716254,0,0,1.24
1773007238.517716254,1,0,0.01
1773007239.539044132,0,0,1.24
1773007239.539044132,1,0,0.01
1773007240.560322910,0,0,1.24
1773007240.560322910,1,0,0.01
1773007241.581461432,0,0,1.24
1773007241.581461432,1,0,0.01
1773007242.602684118,0,0,1.24
1773007242.602684118,1,0,0.01
1773007243.623679212,0,0,1.24
1773007243.623679212,1,0,0.01
1773007244.644927931,0,0,1.24
1773007244.644927931,1,0,0.01
1773007245.666713814,0,0,1.24
1773007245.666713814,1,0,0.01
1773007246.687965085,0,0,1.24
1773007246.687965085,1,0,0.01
1773007247.708317476,0,0,1.24
1773007247.708317476,1,0,0.01
1773007248.729794733,0,0,1.24
1773007248.729794733,1,0,0.01
1773007249.750187842,0,0,1.24
1773007249.750187842,1,0,0.01
1773007250.769798418,0,0,1.24
1773007250.769798418,1,0,0.01
1773007251.791613577,0,0,1.24
1773007251.791613577,1,0,0.01
1773007252.811396027,0,0,1.24
1773007252.811396027,1,0,0.01
1773007253.833013779,0,0,1.24
1773007253.833013779,1,0,0.01
1773007254.853864895,0,0,1.24
1773007254.853864895,1,0,0.01
1773007255.875596224,0,0,1.24
1773007255.875596224,1,0,0.01
1773007256.897441931,0,0,1.24
1773007256.897441931,1,0,0.01
1773007257.918581907,0,0,1.24
1773007257.918581907,1,0,0.01
1773007258.940450640,0,0,1.24
1773007258.940450640,1,0,0.01
1773007259.961502621,0,0,1.24
1773007259.961502621,1,0,0.01
1773007260.983618970,0,0,1.24
1773007260.983618970,1,0,0.01
1773007262.005516691,0,0,1.24
1773007262.005516691,1,0,0.01
1773007263.027207348,0,0,1.24
1773007263.027207348,1,0,0.01
1773007264.048480306,0,0,1.24
1773007264.048480306,1,0,0.01
1773007265.069324846,0,0,1.24
1773007265.069324846,1,0,0.01
1773007266.090766476,0,0,1.24
1773007266.090766476,1,0,0.01
1773007267.112249028,0,0,1.24
1773007267.112249028,1,0,0.01
1773007268.133342907,0,0,1.24
1773007268.133342907,1,0,0.01
1773007269.154619354,0,0,1.24
1773007269.154619354,1,0,0.01
1773007270.175926743,0,0,1.24
1773007270.175926743,1,0,0.01
1773007271.197298257,0,0,1.24
1773007271.197298257,1,0,0.01
1773007272.217817883,0,0,1.24
1773007272.217817883,1,0,0.01
1773007273.237695502,0,0,1.24
1773007273.237695502,1,0,0.01
1773007274.259465814,0,0,1.24
1773007274.259465814,1,0,0.01
1773007275.282205281,0,0,1.24
1773007275.282205281,1,0,0.01
1773007276.304449861,0,0,1.24
1773007276.304449861,1,0,0.01
1773007277.325543482,0,0,1.24
1773007277.325543482,1,0,0.01
1773007278.346561895,0,69,1.24
1773007278.346561895,1,0,0.01
1773007279.368727710,0,69,1.24
1773007279.368727710,1,0,0.01
1773007280.389617906,0,0,1.24
1773007280.389617906,1,0,0.01
1773007281.411122349,0,0,1.24
1773007281.411122349,1,0,0.01
1773007282.431574026,0,0,1.24
1773007282.431574026,1,0,0.01
1773007283.454060752,0,0,1.24
1773007283.454060752,1,0,0.01
1773007284.475440960,0,0,1.24
1773007284.475440960,1,0,0.01
1773007285.496192163,0,0,1.24
1773007285.496192163,1,0,0.01
1773007286.518158772,0,0,1.24
1773007286.518158772,1,0,0.01
1773007287.539464641,0,0,1.24
1773007287.539464641,1,0,0.01
1773007288.560630709,0,0,1.24
1773007288.560630709,1,0,0.01
1773007289.580823666,0,0,1.24
1773007289.580823666,1,0,0.01
1773007290.600981093,0,0,1.24
1773007290.600981093,1,0,0.01
1773007291.622475266,0,0,1.24
1773007291.622475266,1,0,0.01
1773007292.643541587,0,0,1.24
1773007292.643541587,1,0,0.01
1773007293.665425150,0,0,1.24
1773007293.665425150,1,0,0.01
1773007294.686965801,0,0,1.24
1773007294.686965801,1,0,0.01
1773007295.708527299,0,0,1.24
1773007295.708527299,1,0,0.01
1773007296.729569639,0,0,1.24
1773007296.729569639,1,0,0.01
1773007297.751302056,0,0,1.24
1773007297.751302056,1,0,0.01
1773007298.772987798,0,0,1.24
1773007298.772987798,1,0,0.01
1773007299.794024514,0,0,1.24
1773007299.794024514,1,0,0.01
1773007300.815815247,0,0,1.24
1773007300.815815247,1,0,0.01
1773007301.837108929,0,0,1.24
1773007301.837108929,1,0,0.01
1773007302.858705884,0,0,1.24
1773007302.858705884,1,0,0.01
1773007303.880221114,0,0,1.24
1773007303.880221114,1,0,0.01
1773007304.901153700,0,0,1.24
1773007304.901153700,1,0,0.01
1773007305.922606028,0,0,1.24
1773007305.922606028,1,0,0.01
1773007306.944243046,0,0,1.24
1773007306.944243046,1,0,0.01
1773007307.966134259,0,0,1.24
1773007307.966134259,1,0,0.01
1773007308.987197962,0,0,1.24
1773007308.987197962,1,0,0.01
1773007310.008511916,0,0,1.24
1773007310.008511916,1,0,0.01
1773007311.029997642,0,0,1.24
1773007311.029997642,1,0,0.01
1773007312.050932973,0,0,1.24
1773007312.050932973,1,0,0.01
1773007313.072110396,0,0,1.24
1773007313.072110396,1,0,0.01
1773007314.093141359,0,0,1.24
1773007314.093141359,1,0,0.01
1773007315.115022651,0,0,1.24
1773007315.115022651,1,0,0.01
1773007316.137190270,0,0,1.24
1773007316.137190270,1,0,0.01
1773007317.157546802,0,0,1.24
1773007317.157546802,1,0,0.01
1773007318.179167603,0,0,1.24
1773007318.179167603,1,0,0.01
1773007319.200661756,0,0,1.24
1773007319.200661756,1,0,0.01
1773007320.221032015,0,0,1.24
1773007320.221032015,1,0,0.01
1773007321.242507069,0,0,1.24
1773007321.242507069,1,0,0.01
1773007322.263794894,0,0,1.24
1773007322.263794894,1,0,0.01
1773007323.285432191,0,0,1.24
1773007323.285432191,1,0,0.01
1773007324.306081779,0,0,1.24
1773007324.306081779,1,0,0.01
1773007325.327492179,0,0,1.24
1773007325.327492179,1,0,0.01
1773007326.349156020,0,0,1.24
1773007326.349156020,1,0,0.01
1773007327.370224929,0,0,1.24
1773007327.370224929,1,0,0.01
1773007328.389833323,0,0,1.24
1773007328.389833323,1,0,0.01
1773007329.410164779,0,0,1.24
1773007329.410164779,1,0,0.01
1773007330.431591327,0,0,1.24
1773007330.431591327,1,0,0.01
1773007331.452871730,0,0,1.24
1773007331.452871730,1,0,0.01
1773007332.474281325,0,0,1.24
1773007332.474281325,1,0,0.01
1773007333.495679301,0,0,1.24
1773007333.495679301,1,0,0.01
1773007334.518199905,0,0,1.24
1773007334.518199905,1,0,0.01
1773007335.540395546,0,0,1.24
1773007335.540395546,1,0,0.01
1773007336.561884101,0,0,1.24
1773007336.561884101,1,0,0.01
1773007337.581131263,0,0,1.24
1773007337.581131263,1,0,0.01
1773007338.601200596,0,0,1.24
1773007338.601200596,1,0,0.01
1773007339.622742921,0,0,1.24
1773007339.622742921,1,0,0.01
1773007340.644324891,0,0,1.24
1773007340.644324891,1,0,0.01
1773007341.665806132,0,0,1.24
1773007341.665806132,1,0,0.01
1773007342.687300580,0,0,1.24
1773007342.687300580,1,0,0.01
1773007343.709874859,0,0,1.24
1773007343.709874859,1,0,0.01
1773007344.731927007,0,0,1.24
1773007344.731927007,1,0,0.01
1773007345.752964528,0,0,1.24
1773007345.752964528,1,0,0.01
1773007346.774889554,0,0,1.24
1773007346.774889554,1,0,0.01
1773007347.797105863,0,0,1.24
1773007347.797105863,1,0,0.01
1773007348.818883366,0,0,1.24
1773007348.818883366,1,0,0.01
1773007349.839816981,0,0,1.24
1773007349.839816981,1,0,0.01
1773007350.861282618,0,0,1.24
1773007350.861282618,1,0,0.01
1773007351.881303376,0,0,1.24
1773007351.881303376,1,0,0.01
1773007352.901257149,0,0,1.24
1773007352.901257149,1,0,0.01
1773007353.920907235,0,0,1.24
1773007353.920907235,1,0,0.01
1773007354.940178613,0,0,1.24
1773007354.940178613,1,0,0.01
1773007355.959685162,0,0,1.24
1773007355.959685162,1,0,0.01
1773007356.981072721,0,0,1.24
1773007356.981072721,1,0,0.01
1773007358.002427394,0,0,1.24
1773007358.002427394,1,0,0.01
1773007359.024012112,0,0,1.24
1773007359.024012112,1,0,0.01
1773007360.046303820,0,0,1.24
1773007360.046303820,1,0,0.01
1773007361.067509000,0,0,1.24
1773007361.067509000,1,0,0.01
1773007362.088902524,0,0,1.24
1773007362.088902524,1,0,0.01
1773007363.110943413,0,0,1.24
1773007363.110943413,1,0,0.01
1773007364.130910160,0,0,1.24
1773007364.130910160,1,0,0.01
1773007365.150880751,0,0,1.24
1773007365.150880751,1,0,0.01
1773007366.171905293,0,0,1.24
1773007366.171905293,1,0,0.01
1773007367.192133950,0,0,1.24
1773007367.192133950,1,0,0.01
1773007368.212282037,0,0,1.24
1773007368.212282037,1,0,0.01
1773007369.232134432,0,0,1.24
1773007369.232134432,1,0,0.01
1773007370.253372516,0,0,1.24
1773007370.253372516,1,0,0.01
1773007371.273142144,0,0,1.24
1773007371.273142144,1,0,0.01
1773007372.293182196,0,0,1.24
1773007372.293182196,1,0,0.01
1773007373.313949430,0,0,1.24
1773007373.313949430,1,0,0.01
1773007374.334436536,0,0,1.24
1773007374.334436536,1,0,0.01
1773007375.354181737,0,0,1.24
1773007375.354181737,1,0,0.01
1773007376.376546529,0,0,1.24
1773007376.376546529,1,0,0.01
1773007377.397661600,0,0,1.24
1773007377.397661600,1,0,0.01
1773007378.417681743,0,0,1.24
1773007378.417681743,1,0,0.01
1773007379.438632017,0,0,1.24
1773007379.438632017,1,0,0.01
1773007380.460803847,0,0,1.24
1773007380.460803847,1,0,0.01
1773007381.481465506,0,0,1.24
1773007381.481465506,1,0,0.01
1773007382.501814560,0,0,1.24
1773007382.501814560,1,0,0.01
1773007383.521833734,0,0,1.24
1773007383.521833734,1,0,0.01
1773007384.543725341,0,0,1.24
1773007384.543725341,1,0,0.01
1773007385.565299747,0,0,1.24
1773007385.565299747,1,0,0.01
1773007386.587727928,0,0,1.24
1773007386.587727928,1,0,0.01
1773007387.609164681,0,0,1.24
1773007387.609164681,1,0,0.01
1773007388.631129338,0,0,1.24
1773007388.631129338,1,0,0.01
1773007389.651952968,0,0,1.24
1773007389.651952968,1,0,0.01
1773007390.674180117,0,0,1.24
1773007390.674180117,1,0,0.01
1773007391.695254674,0,0,1.24
1773007391.695254674,1,0,0.01
1773007392.716634627,0,0,1.24
1773007392.716634627,1,0,0.01
1773007393.738084408,0,0,1.24
1773007393.738084408,1,0,0.01
1773007394.759173865,0,0,1.24
1773007394.759173865,1,0,0.01
1773007395.781373036,0,0,1.24
1773007395.781373036,1,0,0.01
1773007396.803090262,0,0,1.24
1773007396.803090262,1,0,0.01
1773007397.824484417,0,0,1.24
1773007397.824484417,1,0,0.01
1773007398.846189314,0,0,1.24
1773007398.846189314,1,0,0.01
1773007399.866279496,0,0,1.24
1773007399.866279496,1,0,0.01
1773007400.887493059,0,0,1.24
1773007400.887493059,1,0,0.01
1773007401.909305970,0,0,1.24
1773007401.909305970,1,0,0.01
1773007402.930555958,0,0,1.24
1773007402.930555958,1,0,0.01
1773007403.952016695,0,0,1.24
1773007403.952016695,1,0,0.01
1773007404.973016187,0,0,1.24
1773007404.973016187,1,0,0.01
1773007405.995109580,0,0,1.24
1773007405.995109580,1,0,0.01
1773007407.015854668,0,0,1.24
1773007407.015854668,1,0,0.01
1773007408.037144756,0,0,1.24
1773007408.037144756,1,0,0.01
1773007409.057344841,0,0,1.24
1773007409.057344841,1,0,0.01
1773007410.079152582,0,0,1.24
1773007410.079152582,1,0,0.01
1773007411.099230302,0,0,1.24
1773007411.099230302,1,0,0.01
1773007412.119197746,0,0,1.24
1773007412.119197746,1,0,0.01
1773007413.140184403,0,0,1.24
1773007413.140184403,1,0,0.01
1773007414.162603228,0,0,1.24
1773007414.162603228,1,0,0.01
1773007415.184721622,0,0,1.24
1773007415.184721622,1,0,0.01
1773007416.206757715,0,0,1.24
1773007416.206757715,1,0,0.01
1773007417.227747472,0,0,1.24
1773007417.227747472,1,0,0.01
1773007418.248869952,0,0,1.24
1773007418.248869952,1,0,0.01
1773007419.270053237,0,0,1.24
1773007419.270053237,1,0,0.01
1773007420.291613549,0,0,1.24
1773007420.291613549,1,0,0.01
1773007421.313365931,0,0,1.24
1773007421.313365931,1,0,0.01
1773007422.334442365,0,0,1.24
1773007422.334442365,1,0,0.01
1773007423.355635425,0,0,1.24
1773007423.355635425,1,0,0.01
1773007424.377547066,0,0,1.24
1773007424.377547066,1,0,0.01
1773007425.398715424,0,0,1.24
1773007425.398715424,1,0,0.01
1773007426.420727820,0,0,1.24
1773007426.420727820,1,0,0.01
1773007427.442043807,0,0,1.24
1773007427.442043807,1,0,0.01
1773007428.461873864,0,0,1.24
1773007428.461873864,1,0,0.01
1773007429.483474483,0,0,1.24
1773007429.483474483,1,0,0.01
1773007430.504411367,0,0,1.24
1773007430.504411367,1,0,0.01
1773007431.526358115,0,0,1.24
1773007431.526358115,1,0,0.01
1773007432.548288938,0,0,1.24
1773007432.548288938,1,0,0.01
1773007433.569609693,0,0,1.24
1773007433.569609693,1,0,0.01
1773007434.589949452,0,0,1.24
1773007434.589949452,1,0,0.01
1773007435.611564409,0,0,1.24
1773007435.611564409,1,0,0.01
1773007436.633241717,0,0,1.24
1773007436.633241717,1,0,0.01
1773007437.654780576,0,0,1.24
1773007437.654780576,1,0,0.01
1773007438.675907983,0,0,1.24
1773007438.675907983,1,0,0.01
1773007439.697264130,0,0,1.24
1773007439.697264130,1,0,0.01
1773007440.719142933,0,0,1.24
1773007440.719142933,1,0,0.01
1773007441.740537497,0,0,1.24
1773007441.740537497,1,0,0.01
1773007442.762359324,0,0,1.24
1773007442.762359324,1,0,0.01
1773007443.783836720,0,0,1.24
1773007443.783836720,1,0,0.01
1773007444.805850323,0,0,1.24
1773007444.805850323,1,0,0.01
1773007445.827307759,0,0,1.24
1773007445.827307759,1,0,0.01
1773007446.849146758,0,0,1.24
1773007446.849146758,1,0,0.01
1773007447.870891098,0,0,1.24
1773007447.870891098,1,0,0.01
1773007448.892688999,0,0,1.24
1773007448.892688999,1,0,0.01
1773007449.915173056,0,0,1.24
1773007449.915173056,1,0,0.01
1773007450.936518937,0,0,1.24
1773007450.936518937,1,0,0.01
1773007451.958252491,0,0,1.24
1773007451.958252491,1,0,0.01
1773007452.979321308,0,0,1.24
1773007452.979321308,1,0,0.01
1773007454.001289951,0,0,1.24
1773007454.001289951,1,0,0.01
1773007455.022717481,0,0,1.24
1773007455.022717481,1,0,0.01
1773007456.042978524,0,0,1.24
1773007456.042978524,1,0,0.01
1773007457.064295145,0,0,1.24
1773007457.064295145,1,0,0.01
1773007458.085714447,0,0,1.24
1773007458.085714447,1,0,0.01
1773007459.107312236,0,0,1.24
1773007459.107312236,1,0,0.01
1773007460.127717461,0,0,1.24
1773007460.127717461,1,0,0.01
1773007461.149764320,0,0,1.24
1773007461.149764320,1,0,0.01
1773007462.171940482,0,0,1.24
1773007462.171940482,1,0,0.01
1773007463.193278112,0,0,1.24
1773007463.193278112,1,0,0.01
1773007464.214664277,0,0,1.24
1773007464.214664277,1,0,0.01
1773007465.236487703,0,0,1.24
1773007465.236487703,1,0,0.01
1773007466.256975397,0,0,1.24
1773007466.256975397,1,0,0.01
1773007467.278442356,0,0,1.24
1773007467.278442356,1,0,0.01
1773007468.300425090,0,0,1.24
1773007468.300425090,1,0,0.01
1773007469.321486956,0,0,1.24
1773007469.321486956,1,0,0.01
1773007470.341481546,0,0,1.24
1773007470.341481546,1,0,0.01
1773007471.361683994,0,0,1.24
1773007471.361683994,1,0,0.01
1773007472.383181783,0,0,1.24
1773007472.383181783,1,0,0.01
1773007473.404151408,0,0,1.24
1773007473.404151408,1,0,0.01
1773007474.424957872,0,0,1.24
1773007474.424957872,1,0,0.01
1773007475.446737457,0,0,1.24
1773007475.446737457,1,0,0.01
1773007476.469044552,0,0,1.24
1773007476.469044552,1,0,0.01
1773007477.491184368,0,0,1.24
1773007477.491184368,1,0,0.01
1773007478.512587403,0,0,1.24
1773007478.512587403,1,0,0.01
1773007479.532786465,0,0,1.24
1773007479.532786465,1,0,0.01
1773007480.554283193,0,0,1.24
1773007480.554283193,1,0,0.01
1773007481.575600822,0,0,1.24
1773007481.575600822,1,0,0.01
1773007482.596762270,0,0,1.24
1773007482.596762270,1,0,0.01
1773007483.618423368,0,0,1.24
1773007483.618423368,1,0,0.01
1773007484.639708359,0,0,1.24
1773007484.639708359,1,0,0.01
1773007485.661131884,0,0,1.24
1773007485.661131884,1,0,0.01
1773007486.682912876,0,0,1.24
1773007486.682912876,1,0,0.01
1773007487.704806300,0,0,1.24
1773007487.704806300,1,0,0.01
1773007488.726024380,0,0,1.24
1773007488.726024380,1,0,0.01
1773007489.747965096,0,0,1.24
1773007489.747965096,1,0,0.01
1773007490.770532802,0,0,1.24
1773007490.770532802,1,0,0.01
1773007491.792228134,0,0,1.24
1773007491.792228134,1,0,0.01
1773007492.813109335,0,0,1.24
1773007492.813109335,1,0,0.01
1773007493.835324526,0,0,1.24
1773007493.835324526,1,0,0.01
1773007494.856964381,0,0,1.24
1773007494.856964381,1,0,0.01
1773007495.878451767,0,0,1.24
1773007495.878451767,1,0,0.01
1773007496.899596042,0,0,1.24
1773007496.899596042,1,0,0.01
1773007497.920083698,0,0,1.24
1773007497.920083698,1,0,0.01
1773007498.942038023,0,0,1.24
1773007498.942038023,1,0,0.01
1773007499.963669137,0,0,1.24
1773007499.963669137,1,0,0.01
1773007500.985587488,0,0,1.24
1773007500.985587488,1,0,0.01
1773007502.007168586,0,0,1.24
1773007502.007168586,1,0,0.01
1773007503.028288554,0,0,1.24
1773007503.028288554,1,0,0.01
1773007504.049567682,0,0,1.24
1773007504.049567682,1,0,0.01
1773007505.071063295,0,0,1.24
1773007505.071063295,1,0,0.01
1773007506.093215310,0,0,1.24
1773007506.093215310,1,0,0.01
1773007507.113140223,0,0,1.24
1773007507.113140223,1,0,0.01
1773007508.134435843,0,0,1.24
1773007508.134435843,1,0,0.01
1773007509.156736799,0,0,1.24
1773007509.156736799,1,0,0.01
1773007510.178487209,0,0,1.24
1773007510.178487209,1,0,0.01
1773007511.200944551,0,0,1.24
1773007511.200944551,1,0,0.01
1773007512.222532865,0,0,1.24
1773007512.222532865,1,0,0.01
1773007513.244098615,0,0,1.24
1773007513.244098615,1,0,0.01
1773007514.265957541,0,0,1.24
1773007514.265957541,1,0,0.01
1773007515.287787585,0,0,1.24
1773007515.287787585,1,0,0.01
1773007516.309250547,0,0,1.24
1773007516.309250547,1,0,0.01
1773007517.329504352,0,0,1.24
1773007517.329504352,1,0,0.01
1773007518.350485058,0,0,1.24
1773007518.350485058,1,0,0.01
1773007519.372245739,0,0,1.24
1773007519.372245739,1,0,0.01
1773007520.394090081,0,0,1.24
1773007520.394090081,1,0,0.01
1773007521.415325002,0,0,1.24
1773007521.415325002,1,0,0.01
1773007522.437264106,0,0,1.24
1773007522.437264106,1,0,0.01
1773007523.457658035,0,0,1.24
1773007523.457658035,1,0,0.01
1773007524.478855017,0,0,1.24
1773007524.478855017,1,0,0.01
1773007525.500744791,0,0,1.24
1773007525.500744791,1,0,0.01
1773007526.523079197,0,0,1.24
1773007526.523079197,1,0,0.01
1773007527.544714915,0,0,1.24
1773007527.544714915,1,0,0.01
1773007528.565917561,0,0,1.24
1773007528.565917561,1,0,0.01
1773007529.588104957,0,0,1.24
1773007529.588104957,1,0,0.01
1773007530.610088654,0,0,1.24
1773007530.610088654,1,0,0.01
1773007531.631159327,0,0,1.24
1773007531.631159327,1,0,0.01
1773007532.652741018,0,0,1.24
1773007532.652741018,1,0,0.01
1773007533.673809666,0,0,1.24
1773007533.673809666,1,0,0.01
1773007534.695054587,0,0,1.24
1773007534.695054587,1,0,0.01
1773007535.716367060,0,0,1.24
1773007535.716367060,1,0,0.01
1773007536.738052841,0,0,1.24
1773007536.738052841,1,0,0.01
1773007537.759591034,0,0,1.24
1773007537.759591034,1,0,0.01
1773007538.781305306,0,0,1.24
1773007538.781305306,1,0,0.01
1773007539.802883955,0,0,1.24
1773007539.802883955,1,0,0.01
1773007540.824141592,0,0,1.24
1773007540.824141592,1,0,0.01
1773007541.845329981,0,0,1.24
1773007541.845329981,1,0,0.01
1773007542.866731205,0,0,1.24
1773007542.866731205,1,0,0.01
1773007543.888338353,0,0,1.24
1773007543.888338353,1,0,0.01
1773007544.909807326,0,0,1.24
1773007544.909807326,1,0,0.01
1773007545.931818131,0,0,1.24
1773007545.931818131,1,0,0.01
1773007546.953438272,0,0,1.24
1773007546.953438272,1,0,0.01
1773007547.975205650,0,0,1.24
1773007547.975205650,1,0,0.01
1773007548.996574107,0,0,1.24
1773007548.996574107,1,0,0.01
1773007550.018049326,0,0,1.24
1773007550.018049326,1,0,0.01
1773007551.040516275,0,0,1.24
1773007551.040516275,1,0,0.01
1773007552.061777899,0,0,1.24
1773007552.061777899,1,0,0.01
1773007553.082946569,0,0,1.24
1773007553.082946569,1,0,0.01
1773007554.104510694,0,0,1.24
1773007554.104510694,1,0,0.01
1773007555.126079313,0,0,1.24
1773007555.126079313,1,0,0.01
1773007556.148444879,0,0,1.24
1773007556.148444879,1,0,0.01
1773007557.169761268,0,0,1.24
1773007557.169761268,1,0,0.01
1773007558.189903015,0,0,1.24
1773007558.189903015,1,0,0.01
1773007559.211504762,0,0,1.24
1773007559.211504762,1,0,0.01
1773007560.233522836,0,0,1.24
1773007560.233522836,1,0,0.01
1773007561.255074175,0,0,1.24
1773007561.255074175,1,0,0.01
1773007562.276884007,0,0,1.24
1773007562.276884007,1,0,0.01
1773007563.298411043,0,0,1.24
1773007563.298411043,1,0,0.01
1773007564.321948516,0,0,1.24
1773007564.321948516,1,0,0.01
1773007565.343073818,0,0,1.24
1773007565.343073818,1,0,0.01
1773007566.363105801,0,0,1.24
1773007566.363105801,1,0,0.01
1773007567.386240642,0,0,1.24
1773007567.386240642,1,0,0.01
1773007568.406339445,0,0,1.24
1773007568.406339445,1,0,0.01
1773007569.428587121,0,0,1.24
1773007569.428587121,1,0,0.01
1773007570.450084611,0,0,1.24
1773007570.450084611,1,0,0.01
1773007571.471716703,0,0,1.24
1773007571.471716703,1,0,0.01
1773007572.494056529,0,0,1.24
1773007572.494056529,1,0,0.01
1773007573.516887499,0,0,1.24
1773007573.516887499,1,0,0.01
1773007574.538076748,0,0,1.24
1773007574.538076748,1,0,0.01
1773007575.560227437,0,0,1.24
1773007575.560227437,1,0,0.01
1773007576.580540177,0,0,1.24
1773007576.580540177,1,0,0.01
1773007577.602087942,0,0,1.24
1773007577.602087942,1,0,0.01
1773007578.623639125,0,0,1.24
1773007578.623639125,1,0,0.01
1773007579.645526174,0,0,1.24
1773007579.645526174,1,0,0.01
1773007580.666732734,0,0,1.24
1773007580.666732734,1,0,0.01
1773007581.687802548,0,0,1.24
1773007581.687802548,1,0,0.01
1773007582.709150613,0,0,1.24
1773007582.709150613,1,0,0.01
1773007583.731106534,0,0,1.24
1773007583.731106534,1,0,0.01
1773007584.753137249,0,0,1.24
1773007584.753137249,1,0,0.01
1773007585.774268585,0,0,1.24
1773007585.774268585,1,0,0.01
1773007586.796471403,0,0,1.24
1773007586.796471403,1,0,0.01
1773007587.817966940,0,0,1.24
1773007587.817966940,1,0,0.01
1773007588.839329359,0,0,1.24
1773007588.839329359,1,0,0.01
1773007589.861208820,0,0,1.24
1773007589.861208820,1,0,0.01
1773007590.881578690,0,0,1.24
1773007590.881578690,1,0,0.01
1773007591.902469326,0,0,1.24
1773007591.902469326,1,0,0.01
1773007592.923708755,0,0,1.24
1773007592.923708755,1,0,0.01
1773007593.944674375,0,0,1.24
1773007593.944674375,1,0,0.01
1773007594.966089433,0,0,1.24
1773007594.966089433,1,0,0.01
1773007595.988526700,0,0,1.24
1773007595.988526700,1,0,0.01
1773007597.010998419,0,0,1.24
1773007597.010998419,1,0,0.01
1773007598.032171994,0,0,1.24
1773007598.032171994,1,0,0.01
1773007599.053712292,0,0,1.24
1773007599.053712292,1,0,0.01
1773007600.075514427,0,0,1.24
1773007600.075514427,1,0,0.01
1773007601.096545358,0,0,1.24
1773007601.096545358,1,0,0.01
1773007602.116341734,0,0,1.24
1773007602.116341734,1,0,0.01
1773007603.137643112,0,0,1.24
1773007603.137643112,1,0,0.01
1773007604.159212194,0,0,1.24
1773007604.159212194,1,0,0.01
1773007605.181167316,0,0,1.24
1773007605.181167316,1,0,0.01
1773007606.202314206,0,0,1.24
1773007606.202314206,1,0,0.01
1773007607.224336334,0,0,1.24
1773007607.224336334,1,0,0.01
1773007608.245310370,0,0,1.24
1773007608.245310370,1,0,0.01
1773007609.266734511,0,0,1.24
1773007609.266734511,1,0,0.01
1773007610.288725715,0,0,1.24
1773007610.288725715,1,0,0.01
1773007611.309902145,0,0,1.24
1773007611.309902145,1,0,0.01
1773007612.331025009,0,0,1.24
1773007612.331025009,1,0,0.01
1773007613.351094060,0,0,1.24
1773007613.351094060,1,0,0.01
1773007614.373130998,0,0,1.24
1773007614.373130998,1,0,0.01
1773007615.394160434,0,0,1.24
1773007615.394160434,1,0,0.01
1773007616.414764270,0,0,1.24
1773007616.414764270,1,0,0.01
1773007617.436326209,0,0,1.24
1773007617.436326209,1,0,0.01
1773007618.457874035,0,0,1.24
1773007618.457874035,1,0,0.01
1773007619.479457164,0,0,1.24
1773007619.479457164,1,0,0.01
1773007620.500743971,0,0,1.24
1773007620.500743971,1,0,0.01
1773007621.522357658,0,0,1.24
1773007621.522357658,1,0,0.01
1773007622.544636152,0,0,1.24
1773007622.544636152,1,0,0.01
1773007623.566318560,0,0,1.24
1773007623.566318560,1,0,0.01
1773007624.588370946,0,0,1.24
1773007624.588370946,1,0,0.01
1773007625.610292551,0,0,1.24
1773007625.610292551,1,0,0.01
1773007626.631282505,0,0,1.24
1773007626.631282505,1,0,0.01
1773007627.653337967,0,0,1.24
1773007627.653337967,1,0,0.01
1773007628.675344928,0,0,1.24
1773007628.675344928,1,0,0.01
1773007629.696692552,0,0,1.24
1773007629.696692552,1,0,0.01
1773007630.722111336,0,0,1.24
1773007630.722111336,1,0,0.01
1773007631.742536431,0,0,1.24
1773007631.742536431,1,0,0.01
1773007632.762430834,0,0,1.24
1773007632.762430834,1,0,0.01
1773007633.783516957,0,0,1.24
1773007633.783516957,1,0,0.01
1773007634.804924831,0,0,1.24
1773007634.804924831,1,0,0.01
1773007635.826425825,0,0,1.24
1773007635.826425825,1,0,0.01
1773007636.847799675,0,0,1.24
1773007636.847799675,1,0,0.01
1773007637.869495848,0,0,1.24
1773007637.869495848,1,0,0.01
1773007638.890681167,0,0,1.24
1773007638.890681167,1,0,0.01
1773007639.911903923,0,0,1.24
1773007639.911903923,1,0,0.01
1773007640.933214608,0,0,1.24
1773007640.933214608,1,0,0.01
1773007641.954786637,0,0,1.24
1773007641.954786637,1,0,0.01
1773007642.976891146,0,0,1.24
1773007642.976891146,1,0,0.01
1773007643.998791393,0,0,1.24
1773007643.998791393,1,0,0.01
1773007645.020013567,0,0,1.24
1773007645.020013567,1,0,0.01
1773007646.041696414,0,0,1.24
1773007646.041696414,1,0,0.01
1773007647.063171557,0,0,1.24
1773007647.063171557,1,0,0.01
1773007648.084676065,0,0,1.24
1773007648.084676065,1,0,0.01
1773007649.106529021,0,0,1.24
1773007649.106529021,1,0,0.01
1773007650.127953245,0,0,1.24
1773007650.127953245,1,0,0.01
1773007651.149317655,0,0,1.24
1773007651.149317655,1,0,0.01
1773007652.171103481,0,0,1.24
1773007652.171103481,1,0,0.01
1773007653.192200448,0,0,1.24
1773007653.192200448,1,0,0.01
1773007654.215230405,0,0,1.24
1773007654.215230405,1,0,0.01
1773007655.237075165,0,0,1.24
1773007655.237075165,1,0,0.01
1773007656.258450559,0,0,1.24
1773007656.258450559,1,0,0.01
1773007657.279948938,0,0,1.24
1773007657.279948938,1,0,0.01
1773007658.301932114,0,0,1.24
1773007658.301932114,1,0,0.01
1773007659.323417071,0,0,1.24
1773007659.323417071,1,0,0.01
1773007660.345417514,0,0,1.24
1773007660.345417514,1,0,0.01
1773007661.366968598,0,0,1.24
1773007661.366968598,1,0,0.01
1773007662.388729031,0,0,1.24
1773007662.388729031,1,0,0.01
1773007663.410161101,0,0,1.24
1773007663.410161101,1,0,0.01
1773007664.432054855,0,0,1.24
1773007664.432054855,1,0,0.01
1773007665.454074020,0,0,1.24
1773007665.454074020,1,0,0.01
1773007666.475941021,0,0,1.24
1773007666.475941021,1,0,0.01
1773007667.496640745,0,0,1.24
1773007667.496640745,1,0,0.01
1773007668.517760665,0,0,1.24
1773007668.517760665,1,0,0.01
1773007669.539208544,0,0,1.24
1773007669.539208544,1,0,0.01
1773007670.559101275,0,0,1.24
1773007670.559101275,1,0,0.01
1773007671.580024981,0,0,1.24
1773007671.580024981,1,0,0.01
1773007672.600857247,0,0,1.24
1773007672.600857247,1,0,0.01
1773007673.622426428,0,0,1.24
1773007673.622426428,1,0,0.01
1773007674.644114036,0,0,1.24
1773007674.644114036,1,0,0.01
1773007675.665641350,0,0,1.24
1773007675.665641350,1,0,0.01
1773007676.686340716,0,0,1.24
1773007676.686340716,1,0,0.01
1773007677.706808093,0,0,1.24
1773007677.706808093,1,0,0.01
1773007678.727983616,0,0,1.24
1773007678.727983616,1,0,0.01
1773007679.749072550,0,0,1.24
1773007679.749072550,1,0,0.01
1773007680.770582344,0,0,1.24
1773007680.770582344,1,0,0.01
1773007681.792123301,0,0,1.24
1773007681.792123301,1,0,0.01
1773007682.814472480,0,0,1.24
1773007682.814472480,1,0,0.01
1773007683.837371264,0,0,1.24
1773007683.837371264,1,0,0.01
1773007684.858221175,0,0,1.24
1773007684.858221175,1,0,0.01
1773007685.880885879,0,0,1.24
1773007685.880885879,1,0,0.01
1773007686.901391196,0,0,1.24
1773007686.901391196,1,0,0.01
1773007687.922955038,0,0,1.24
1773007687.922955038,1,0,0.01
1773007688.944328809,0,0,1.24
1773007688.944328809,1,0,0.01
1773007689.966565652,0,0,1.24
1773007689.966565652,1,0,0.01
1773007690.987923328,0,0,1.24
1773007690.987923328,1,0,0.01
1773007692.008998723,0,0,1.24
1773007692.008998723,1,0,0.01
1773007693.031317140,0,0,1.24
1773007693.031317140,1,0,0.01
1773007694.053077456,0,0,1.24
1773007694.053077456,1,0,0.01
1773007695.074838324,0,0,1.24
1773007695.074838324,1,0,0.01
1773007696.096936221,0,0,1.24
1773007696.096936221,1,0,0.01
1773007697.118337592,0,0,1.24
1773007697.118337592,1,0,0.01
1773007698.140163602,0,0,1.24
1773007698.140163602,1,0,0.01
1773007699.162017380,0,0,1.24
1773007699.162017380,1,0,0.01
1773007700.182906129,0,0,1.24
1773007700.182906129,1,0,0.01
1773007701.203906183,0,0,1.24
1773007701.203906183,1,0,0.01
1773007702.225233850,0,0,1.24
1773007702.225233850,1,0,0.01
1773007703.247852625,0,0,1.24
1773007703.247852625,1,0,0.01
1773007704.269323427,0,0,1.24
1773007704.269323427,1,0,0.01
1773007705.290735367,0,0,1.24
1773007705.290735367,1,0,0.01
1773007706.312903864,0,0,1.24
1773007706.312903864,1,0,0.01
1773007707.333723078,0,0,1.24
1773007707.333723078,1,0,0.01
1773007708.355740951,0,0,1.24
1773007708.355740951,1,0,0.01
1773007709.376690982,0,0,1.24
1773007709.376690982,1,0,0.01
1773007710.397778036,0,0,1.24
1773007710.397778036,1,0,0.01
1773007711.417793585,0,0,1.24
1773007711.417793585,1,0,0.01
1773007712.439903832,0,0,1.24
1773007712.439903832,1,0,0.01
1773007713.461391942,0,0,1.24
1773007713.461391942,1,0,0.01
1773007714.481599015,0,0,1.24
1773007714.481599015,1,0,0.01
1773007715.502779617,0,0,1.24
1773007715.502779617,1,0,0.01
1773007716.523980038,0,0,1.24
1773007716.523980038,1,0,0.01
1773007717.545994230,0,0,1.24
1773007717.545994230,1,0,0.01
1773007718.567999671,0,0,1.24
1773007718.567999671,1,0,0.01
1773007719.589074413,0,0,1.24
1773007719.589074413,1,0,0.01
1773007720.609720272,0,0,1.24
1773007720.609720272,1,0,0.01
1773007721.630991821,0,0,1.24
1773007721.630991821,1,0,0.01
1773007722.652323300,0,0,1.24
1773007722.652323300,1,0,0.01
1773007723.673894895,0,0,1.24
1773007723.673894895,1,0,0.01
1773007724.696189920,0,0,1.24
1773007724.696189920,1,0,0.01
1773007725.716836161,0,0,1.24
1773007725.716836161,1,0,0.01
1773007726.736830339,0,0,1.24
1773007726.736830339,1,0,0.01
1773007727.758333113,0,0,1.24
1773007727.758333113,1,0,0.01
1773007728.779799591,0,0,1.24
1773007728.779799591,1,0,0.01
1773007729.799824865,0,0,1.24
1773007729.799824865,1,0,0.01
1773007730.820787677,0,0,1.24
1773007730.820787677,1,0,0.01
1773007731.842313917,0,0,1.24
1773007731.842313917,1,0,0.01
1773007732.863975469,0,0,1.24
1773007732.863975469,1,0,0.01
1773007733.886078654,0,0,1.24
1773007733.886078654,1,0,0.01
1773007734.907119778,0,0,1.24
1773007734.907119778,1,0,0.01
1773007735.928096928,0,0,1.24
1773007735.928096928,1,0,0.01
1773007736.948199881,0,0,1.24
1773007736.948199881,1,0,0.01
1773007737.969854548,0,0,1.24
1773007737.969854548,1,0,0.01
1773007738.991078930,0,0,1.24
1773007738.991078930,1,0,0.01
1773007740.012119904,0,0,1.24
1773007740.012119904,1,0,0.01
1773007741.031944056,0,0,1.24
1773007741.031944056,1,0,0.01
1773007742.053978892,0,0,1.24
1773007742.053978892,1,0,0.01
1773007743.075502639,0,0,1.24
1773007743.075502639,1,0,0.01
1773007744.095523356,0,0,1.24
1773007744.095523356,1,0,0.01
1773007745.116968090,0,0,1.24
1773007745.116968090,1,0,0.01
1773007746.138414928,0,0,1.24
1773007746.138414928,1,0,0.01
1773007747.160189253,0,0,1.24
1773007747.160189253,1,0,0.01
1773007748.180671263,0,0,1.24
1773007748.180671263,1,0,0.01
1773007749.200811780,0,0,1.24
1773007749.200811780,1,0,0.01
1773007750.223122287,0,0,1.24
1773007750.223122287,1,0,0.01
1773007751.244425063,0,0,1.24
1773007751.244425063,1,0,0.01
1773007752.266636116,0,0,1.24
1773007752.266636116,1,0,0.01
1773007753.288234450,0,0,1.24
1773007753.288234450,1,0,0.01
1773007754.309870606,0,0,1.24
1773007754.309870606,1,0,0.01
1773007755.331337839,0,0,1.24
1773007755.331337839,1,0,0.01
1773007756.354154463,0,0,1.24
1773007756.354154463,1,0,0.01
1773007757.375225979,0,0,1.24
1773007757.375225979,1,0,0.01
1773007758.397505105,0,0,1.24
1773007758.397505105,1,0,0.01
1773007759.419707918,0,0,1.24
1773007759.419707918,1,0,0.01
1773007760.442246343,0,0,1.24
1773007760.442246343,1,0,0.01
1773007761.464307617,0,0,1.24
1773007761.464307617,1,0,0.01
1773007762.486678511,0,0,1.24
1773007762.486678511,1,0,0.01
1773007763.508322836,0,0,1.24
1773007763.508322836,1,0,0.01
1773007764.530107811,0,0,1.24
1773007764.530107811,1,0,0.01
1773007765.550729603,0,0,1.24
1773007765.550729603,1,0,0.01
1773007766.572247822,0,0,1.24
1773007766.572247822,1,0,0.01
1773007767.593973529,0,0,1.24
1773007767.593973529,1,0,0.01
1773007768.615409144,0,0,1.24
1773007768.615409144,1,0,0.01
1773007769.637341176,0,0,1.24
1773007769.637341176,1,0,0.01
1773007770.659111501,0,0,1.24
1773007770.659111501,1,0,0.01
1773007771.680159056,0,0,1.24
1773007771.680159056,1,0,0.01
1773007772.702414495,0,0,1.24
1773007772.702414495,1,0,0.01
1773007773.724164877,0,0,1.24
1773007773.724164877,1,0,0.01
1773007774.744867421,0,0,1.24
1773007774.744867421,1,0,0.01
1773007775.765900576,0,0,1.24
1773007775.765900576,1,0,0.01
1773007776.787658447,0,0,1.24
1773007776.787658447,1,0,0.01
1773007777.809418715,0,0,1.24
1773007777.809418715,1,0,0.01
1773007778.830384755,0,0,1.24
1773007778.830384755,1,0,0.01
1773007779.851883796,0,0,1.24
1773007779.851883796,1,0,0.01
1773007780.873076239,0,0,1.24
1773007780.873076239,1,0,0.01
1773007781.894454235,0,0,1.24
1773007781.894454235,1,0,0.01
1773007782.915484330,0,0,1.24
1773007782.915484330,1,0,0.01
1773007783.937111438,0,0,1.24
1773007783.937111438,1,0,0.01
1773007784.958058599,0,0,1.24
1773007784.958058599,1,0,0.01
1773007785.979269527,0,0,1.24
1773007785.979269527,1,0,0.01
1773007787.000376573,0,0,1.24
1773007787.000376573,1,0,0.01
1773007788.021170768,0,0,1.24
1773007788.021170768,1,0,0.01
1773007789.040969065,0,0,1.24
1773007789.040969065,1,0,0.01
1773007790.063165175,0,0,1.24
1773007790.063165175,1,0,0.01
1773007791.084185620,0,0,1.24
1773007791.084185620,1,0,0.01
1773007792.106635619,0,0,1.24
1773007792.106635619,1,0,0.01
1773007793.128156635,0,0,1.24
1773007793.128156635,1,0,0.01
1773007794.149508208,0,0,1.24
1773007794.149508208,1,0,0.01
1773007795.170644707,0,0,1.24
1773007795.170644707,1,0,0.01
1773007796.192670048,0,0,1.24
1773007796.192670048,1,0,0.01
1773007797.213813356,0,0,1.24
1773007797.213813356,1,0,0.01
1773007798.235897091,0,0,1.24
1773007798.235897091,1,0,0.01
1773007799.258263675,0,0,1.24
1773007799.258263675,1,0,0.01
1773007800.280327283,0,0,1.24
1773007800.280327283,1,0,0.01
1773007801.302185343,0,0,1.24
1773007801.302185343,1,0,0.01
1773007802.323745540,0,0,1.24
1773007802.323745540,1,0,0.01
1773007803.345399036,0,0,1.24
1773007803.345399036,1,0,0.01
1773007804.367131874,0,0,1.24
1773007804.367131874,1,0,0.01
1773007805.388937641,0,0,1.24
1773007805.388937641,1,0,0.01
1773007806.409861187,0,0,1.24
1773007806.409861187,1,0,0.01
1773007807.431531971,0,0,1.24
1773007807.431531971,1,0,0.01
1773007808.452700994,0,0,1.24
1773007808.452700994,1,0,0.01
1773007809.474271638,0,0,1.24
1773007809.474271638,1,0,0.01
1773007810.495356348,0,0,1.24
1773007810.495356348,1,0,0.01
1773007811.516339101,0,0,1.24
1773007811.516339101,1,0,0.01
1773007812.538555119,0,0,1.24
1773007812.538555119,1,0,0.01
1773007813.560206065,0,0,1.24
1773007813.560206065,1,0,0.01
1773007814.582036110,0,0,1.24
1773007814.582036110,1,0,0.01
1773007815.603225360,0,0,1.24
1773007815.603225360,1,0,0.01
1773007816.624202934,0,0,1.24
1773007816.624202934,1,0,0.01
1773007817.646058961,0,0,1.24
1773007817.646058961,1,0,0.01
1773007818.667085844,0,0,1.24
1773007818.667085844,1,0,0.01
1773007819.688271250,0,0,1.24
1773007819.688271250,1,0,0.01
1773007820.709581035,0,0,1.24
1773007820.709581035,1,0,0.01
1773007821.730488021,0,0,1.24
1773007821.730488021,1,0,0.01
1773007822.752419924,0,0,1.24
1773007822.752419924,1,0,0.01
1773007823.773815132,0,0,1.24
1773007823.773815132,1,0,0.01
1773007824.794759258,0,0,1.24
1773007824.794759258,1,0,0.01
1773007825.815836991,0,0,1.24
1773007825.815836991,1,0,0.01
1773007826.837458095,0,0,1.24
1773007826.837458095,1,0,0.01
1773007827.859407522,0,0,1.24
1773007827.859407522,1,0,0.01
1773007828.881552613,0,0,1.24
1773007828.881552613,1,0,0.01
1773007829.903459291,0,0,1.24
1773007829.903459291,1,0,0.01
1773007830.925458491,0,0,1.24
1773007830.925458491,1,0,0.01
1773007831.944855833,0,0,1.24
1773007831.944855833,1,0,0.01
1773007832.964752778,0,0,1.24
1773007832.964752778,1,0,0.01
1773007833.986800393,0,0,1.24
1773007833.986800393,1,0,0.01
1773007835.008186783,0,0,1.24
1773007835.008186783,1,0,0.01
1773007836.029190104,0,0,1.24
1773007836.029190104,1,0,0.01
1773007837.050735721,0,0,1.24
1773007837.050735721,1,0,0.01
1773007838.072014865,0,0,1.24
1773007838.072014865,1,0,0.01
1773007839.091665353,0,0,1.24
1773007839.091665353,1,0,0.01
1773007840.111502920,0,0,1.24
1773007840.111502920,1,0,0.01
1773007841.131706348,0,0,1.24
1773007841.131706348,1,0,0.01
1773007842.151686321,0,0,1.24
1773007842.151686321,1,0,0.01
1773007843.171653863,0,0,1.24
1773007843.171653863,1,0,0.01
1773007844.192872997,0,0,1.24
1773007844.192872997,1,0,0.01
1773007845.214771111,0,0,1.24
1773007845.214771111,1,0,0.01
1773007846.236172697,0,0,1.24
1773007846.236172697,1,0,0.01
1773007847.256647993,0,0,1.24
1773007847.256647993,1,0,0.01
1773007848.277943840,0,0,1.24
1773007848.277943840,1,0,0.01
1773007849.299236506,0,0,1.24
1773007849.299236506,1,0,0.01
1773007850.319274009,0,0,1.24
1773007850.319274009,1,0,0.01
1773007851.339042391,0,0,1.24
1773007851.339042391,1,0,0.01
1773007852.359043691,0,0,1.24
1773007852.359043691,1,0,0.01
1773007853.380940561,0,0,1.24
1773007853.380940561,1,0,0.01
1773007854.401255101,0,0,1.24
1773007854.401255101,1,0,0.01
1773007855.422880524,0,0,1.24
1773007855.422880524,1,0,0.01
1773007856.442693674,0,0,1.24
1773007856.442693674,1,0,0.01
1773007857.463879728,0,0,1.24
1773007857.463879728,1,0,0.01
1773007858.485145187,0,0,1.24
1773007858.485145187,1,0,0.01
1773007859.506686138,0,0,1.24
1773007859.506686138,1,0,0.01
1773007860.527959382,0,0,1.24
1773007860.527959382,1,0,0.01
1773007861.550040996,0,0,1.24
1773007861.550040996,1,0,0.01
1773007862.571915907,0,0,1.24
1773007862.571915907,1,0,0.01
1773007863.592842187,0,0,1.24
1773007863.592842187,1,0,0.01
1773007864.614625835,0,0,1.24
1773007864.614625835,1,0,0.01
1773007865.636498530,0,0,1.24
1773007865.636498530,1,0,0.01
1773007866.657756908,0,0,1.24
1773007866.657756908,1,0,0.01
1773007867.679855574,0,0,1.24
1773007867.679855574,1,0,0.01
1773007868.701084646,0,0,1.24
1773007868.701084646,1,0,0.01
1773007869.723097846,0,0,1.24
1773007869.723097846,1,0,0.01
1773007870.744672697,0,0,1.24
1773007870.744672697,1,0,0.01
1773007871.766553628,0,0,1.24
1773007871.766553628,1,0,0.01
1773007872.787473841,0,0,1.24
1773007872.787473841,1,0,0.01
1773007873.807563478,0,0,1.24
1773007873.807563478,1,0,0.01
1773007874.827701524,0,0,1.24
1773007874.827701524,1,0,0.01
1773007875.849460833,0,0,1.24
1773007875.849460833,1,0,0.01
1773007876.870293363,0,0,1.24
1773007876.870293363,1,0,0.01
1773007877.891166980,0,0,1.24
1773007877.891166980,1,0,0.01
1773007878.912097987,0,0,1.24
1773007878.912097987,1,0,0.01
1773007879.933109154,0,0,1.24
1773007879.933109154,1,0,0.01
1773007880.954462356,0,0,1.24
1773007880.954462356,1,0,0.01
1773007881.976118604,0,0,1.24
1773007881.976118604,1,0,0.01
1773007882.998118788,0,0,1.24
1773007882.998118788,1,0,0.01
1773007884.020127703,0,0,1.24
1773007884.020127703,1,0,0.01
1773007885.041154114,0,0,1.24
1773007885.041154114,1,0,0.01
1773007886.062330201,0,0,1.24
1773007886.062330201,1,0,0.01
1773007887.083726493,0,0,1.24
1773007887.083726493,1,0,0.01
1773007888.105582448,0,0,1.24
1773007888.105582448,1,0,0.01
1773007889.125844189,0,0,1.24
1773007889.125844189,1,0,0.01
1773007890.147642750,0,0,1.24
1773007890.147642750,1,0,0.01
1773007891.168874210,0,0,1.24
1773007891.168874210,1,0,0.01
1773007892.190841989,0,0,1.24
1773007892.190841989,1,0,0.01
1773007893.213040124,0,0,1.24
1773007893.213040124,1,0,0.01
1773007894.235105916,0,0,1.24
1773007894.235105916,1,0,0.01
1773007895.256770962,0,0,1.24
1773007895.256770962,1,0,0.01
1773007896.278236611,0,0,1.24
1773007896.278236611,1,0,0.01
1773007897.300168223,0,0,1.24
1773007897.300168223,1,0,0.01
1773007898.321806237,0,0,1.24
1773007898.321806237,1,0,0.01
1773007899.343107929,0,0,1.24
1773007899.343107929,1,0,0.01
1773007900.364008257,0,0,1.24
1773007900.364008257,1,0,0.01
1773007901.385579497,0,0,1.24
1773007901.385579497,1,0,0.01
1773007902.406756868,0,0,1.24
1773007902.406756868,1,0,0.01
1773007903.428325823,0,0,1.24
1773007903.428325823,1,0,0.01
1773007904.450405166,0,0,1.24
1773007904.450405166,1,0,0.01
1773007905.471692258,0,0,1.24
1773007905.471692258,1,0,0.01
1773007906.493564850,0,0,1.24
1773007906.493564850,1,0,0.01
1773007907.514555524,0,0,1.24
1773007907.514555524,1,0,0.01
1773007908.535827799,0,0,1.24
1773007908.535827799,1,0,0.01
1773007909.556558619,0,0,1.24
1773007909.556558619,1,0,0.01
1773007910.577897188,0,0,1.24
1773007910.577897188,1,0,0.01
1773007911.599862437,0,0,1.24
1773007911.599862437,1,0,0.01
1773007912.620796958,0,0,1.24
1773007912.620796958,1,0,0.01
1773007913.641422677,0,0,1.24
1773007913.641422677,1,0,0.01
1773007914.662133751,0,0,1.24
1773007914.662133751,1,0,0.01
1773007915.683437253,0,0,1.24
1773007915.683437253,1,0,0.01
1773007916.704455228,0,0,1.24
1773007916.704455228,1,0,0.01
1773007917.725305295,0,0,1.24
1773007917.725305295,1,0,0.01
1773007918.746091306,0,0,1.24
1773007918.746091306,1,0,0.01
1773007919.767234206,0,0,1.24
1773007919.767234206,1,0,0.01
1773007920.788848460,0,0,1.24
1773007920.788848460,1,0,0.01
1773007921.810218963,0,0,1.24
1773007921.810218963,1,0,0.01
1773007922.831413874,0,0,1.24
1773007922.831413874,1,0,0.01
1773007923.852938420,0,0,1.24
1773007923.852938420,1,0,0.01
1773007924.874093453,0,0,1.24
1773007924.874093453,1,0,0.01
1773007925.895298186,0,0,1.24
1773007925.895298186,1,0,0.01
1773007926.916497462,0,0,1.24
1773007926.916497462,1,0,0.01
1773007927.937298977,0,0,1.24
1773007927.937298977,1,0,0.01
1773007928.958364057,0,0,1.24
1773007928.958364057,1,0,0.01
1773007929.979276986,0,0,1.24
1773007929.979276986,1,0,0.01
1773007931.000085418,0,0,1.24
1773007931.000085418,1,0,0.01
1773007932.021939386,0,0,1.24
1773007932.021939386,1,0,0.01
1773007933.043844827,0,0,1.24
1773007933.043844827,1,0,0.01
1773007934.066031508,0,0,1.24
1773007934.066031508,1,0,0.01
1773007935.087334857,0,0,1.24
1773007935.087334857,1,0,0.01
1773007936.108712024,0,0,1.24
1773007936.108712024,1,0,0.01
1773007937.129946660,0,0,1.24
1773007937.129946660,1,0,0.01
1773007938.151996907,0,0,1.24
1773007938.151996907,1,0,0.01
1773007939.173407625,0,0,1.24
1773007939.173407625,1,0,0.01
1773007940.195041596,0,0,1.24
1773007940.195041596,1,0,0.01
1773007941.215964688,0,0,1.24
1773007941.215964688,1,0,0.01
1773007942.236812857,0,0,1.24
1773007942.236812857,1,0,0.01
1773007943.257441145,0,0,1.24
1773007943.257441145,1,0,0.01
1773007944.278968221,0,0,1.24
1773007944.278968221,1,0,0.01
1773007945.301012987,0,0,1.24
1773007945.301012987,1,0,0.01
1773007946.321467807,0,0,1.24
1773007946.321467807,1,0,0.01
1773007947.343408468,0,0,1.24
1773007947.343408468,1,0,0.01
1773007948.364462312,0,0,1.24
1773007948.364462312,1,0,0.01
1773007949.386288530,0,0,1.24
1773007949.386288530,1,0,0.01
1773007950.408120552,0,0,1.24
1773007950.408120552,1,0,0.01
1773007951.428935095,0,0,1.24
1773007951.428935095,1,0,0.01
1773007952.449620229,0,0,1.24
1773007952.449620229,1,0,0.01
1773007953.470999285,0,0,1.24
1773007953.470999285,1,0,0.01
1773007954.492451136,0,0,1.24
1773007954.492451136,1,0,0.01
1773007955.513559803,0,75,1.24
1773007955.513559803,1,0,0.01
1773007956.534555044,0,70,1.24
1773007956.534555044,1,0,0.01
1773007957.556078718,0,0,1.24
1773007957.556078718,1,0,0.01
1773007958.577203642,0,0,1.24
1773007958.577203642,1,0,0.01
1773007959.598651428,0,0,1.24
1773007959.598651428,1,0,0.01
1773007960.620448585,0,0,1.24
1773007960.620448585,1,0,0.01
1773007961.642766942,0,0,1.24
1773007961.642766942,1,0,0.01
1773007962.664012750,0,0,1.24
1773007962.664012750,1,0,0.01
1773007963.685282438,0,0,1.24
1773007963.685282438,1,0,0.01
1773007964.707456149,0,0,1.24
1773007964.707456149,1,0,0.01
1773007965.729297977,0,0,1.24
1773007965.729297977,1,0,0.01
1773007966.751140029,0,0,1.24
1773007966.751140029,1,0,0.01
1773007967.773200147,0,0,1.24
1773007967.773200147,1,0,0.01
1773007968.794120193,0,0,1.24
1773007968.794120193,1,0,0.01
1773007969.815171051,0,0,1.24
1773007969.815171051,1,0,0.01
1773007970.836587106,0,0,1.24
1773007970.836587106,1,0,0.01
1773007971.858419778,0,0,1.24
1773007971.858419778,1,0,0.01
1773007972.880547329,0,0,1.24
1773007972.880547329,1,0,0.01
1773007973.901842846,0,0,1.24
1773007973.901842846,1,0,0.01
1773007974.924060205,0,0,1.24
1773007974.924060205,1,0,0.01
1773007975.946067046,0,0,1.24
1773007975.946067046,1,0,0.01
1773007976.967314859,0,0,1.24
1773007976.967314859,1,0,0.01
1773007977.989505000,0,0,1.24
1773007977.989505000,1,0,0.01
1773007979.009884513,0,0,1.24
1773007979.009884513,1,0,0.01
1773007980.031050129,0,0,1.24
1773007980.031050129,1,0,0.01
1773007981.053451198,0,0,1.24
1773007981.053451198,1,0,0.01
1773007982.075347012,0,0,1.24
1773007982.075347012,1,0,0.01
1773007983.096118934,0,0,1.24
1773007983.096118934,1,0,0.01
1773007984.117563071,0,0,1.24
1773007984.117563071,1,0,0.01
1773007985.138758122,0,0,1.24
1773007985.138758122,1,0,0.01
1773007986.160608010,0,0,1.24
1773007986.160608010,1,0,0.01
1773007987.182058488,0,0,1.24
1773007987.182058488,1,0,0.01
1773007988.203398693,0,0,1.24
1773007988.203398693,1,0,0.01
1773007989.225185805,0,0,1.24
1773007989.225185805,1,0,0.01
1773007990.246756146,0,0,1.24
1773007990.246756146,1,0,0.01
1773007991.268151868,0,0,1.24
1773007991.268151868,1,0,0.01
1773007992.289698934,0,0,1.24
1773007992.289698934,1,0,0.01
1773007993.311657132,0,0,1.24
1773007993.311657132,1,0,0.01
1773007994.333880372,0,0,1.24
1773007994.333880372,1,0,0.01
1773007995.354805642,0,0,1.24
1773007995.354805642,1,0,0.01
1773007996.376303010,0,0,1.24
1773007996.376303010,1,0,0.01
1773007997.397411498,0,0,1.24
1773007997.397411498,1,0,0.01
1773007998.417756536,0,0,1.24
1773007998.417756536,1,0,0.01
1773007999.438347113,0,0,1.24
1773007999.438347113,1,0,0.01
1773008000.460237252,0,0,1.24
1773008000.460237252,1,0,0.01
1773008001.482091036,0,0,1.24
1773008001.482091036,1,0,0.01
1773008002.504298888,0,0,1.24
1773008002.504298888,1,0,0.01
1773008003.526230370,0,0,1.24
1773008003.526230370,1,0,0.01
1773008004.546586781,0,0,1.24
1773008004.546586781,1,0,0.01
1773008005.566809543,0,0,1.24
1773008005.566809543,1,0,0.01
1773008006.587857357,0,0,1.24
1773008006.587857357,1,0,0.01
1773008007.609784358,0,0,1.24
1773008007.609784358,1,0,0.01
1773008008.631916719,0,0,1.24
1773008008.631916719,1,0,0.01
1773008009.653582106,0,0,1.24
1773008009.653582106,1,0,0.01
1773008010.674849446,0,0,1.24
1773008010.674849446,1,0,0.01
1773008011.696843275,0,0,1.24
1773008011.696843275,1,0,0.01
1773008012.716931195,0,0,1.24
1773008012.716931195,1,0,0.01
1773008013.738443554,0,0,1.24
1773008013.738443554,1,0,0.01
1773008014.760392350,0,0,1.24
1773008014.760392350,1,0,0.01
1773008015.781505609,0,0,1.24
1773008015.781505609,1,0,0.01
1773008016.803334372,0,0,1.24
1773008016.803334372,1,0,0.01
1773008017.824488990,0,0,1.24
1773008017.824488990,1,0,0.01
1773008018.846535233,0,0,1.24
1773008018.846535233,1,0,0.01
1773008019.867492966,0,0,1.24
1773008019.867492966,1,0,0.01
1773008020.888988550,0,0,1.24
1773008020.888988550,1,0,0.01
1773008021.911092832,0,0,1.24
1773008021.911092832,1,0,0.01
1773008022.930757162,0,0,1.24
1773008022.930757162,1,0,0.01
1773008023.952785307,0,0,1.24
1773008023.952785307,1,0,0.01
1773008024.974930832,0,0,1.24
1773008024.974930832,1,0,0.01
1773008025.996649765,0,0,1.24
1773008025.996649765,1,0,0.01
1773008027.018462037,0,0,1.24
1773008027.018462037,1,0,0.01
1773008028.040894426,0,0,1.24
1773008028.040894426,1,0,0.01
1773008029.063966097,0,0,1.24
1773008029.063966097,1,0,0.01
1773008030.086510015,0,0,1.24
1773008030.086510015,1,0,0.01
1773008031.107963148,0,0,1.24
1773008031.107963148,1,0,0.01
1773008032.129531814,0,0,1.24
1773008032.129531814,1,0,0.01
1773008033.151445104,0,0,1.24
1773008033.151445104,1,0,0.01
1773008034.172831624,0,0,1.24
1773008034.172831624,1,0,0.01
1773008035.194668118,0,0,1.24
1773008035.194668118,1,0,0.01
1773008036.216826056,0,0,1.24
1773008036.216826056,1,0,0.01
1773008037.238746940,0,0,1.24
1773008037.238746940,1,0,0.01
1773008038.259479038,0,0,1.24
1773008038.259479038,1,0,0.01
1773008039.280177433,0,0,1.24
1773008039.280177433,1,0,0.01
1773008040.302188011,0,0,1.24
1773008040.302188011,1,0,0.01
1773008041.323926555,0,0,1.24
1773008041.323926555,1,0,0.01
1773008042.346179269,0,0,1.24
1773008042.346179269,1,0,0.01
1773008043.368816356,0,0,1.24
1773008043.368816356,1,0,0.01
1773008044.391195422,0,0,1.24
1773008044.391195422,1,0,0.01
1773008045.411600212,0,0,1.24
1773008045.411600212,1,0,0.01
1773008046.433577519,0,0,1.24
1773008046.433577519,1,0,0.01
1773008047.454920545,0,0,1.24
1773008047.454920545,1,0,0.01
1773008048.477147396,0,0,1.24
1773008048.477147396,1,0,0.01
1773008049.498498240,0,0,1.24
1773008049.498498240,1,0,0.01
1773008050.519223765,0,0,1.24
1773008050.519223765,1,0,0.01
1773008051.541104879,0,0,1.24
1773008051.541104879,1,0,0.01
1773008052.563006419,0,0,1.24
1773008052.563006419,1,0,0.01
1773008053.584292165,0,0,1.24
1773008053.584292165,1,0,0.01
1773008054.606390503,0,0,1.24
1773008054.606390503,1,0,0.01
1773008055.627642996,0,0,1.24
1773008055.627642996,1,0,0.01
1773008056.648636017,0,0,1.24
1773008056.648636017,1,0,0.01
1773008057.670103010,0,0,1.24
1773008057.670103010,1,0,0.01
1773008058.690987343,0,0,1.24
1773008058.690987343,1,0,0.01
1773008059.712789703,0,0,1.24
1773008059.712789703,1,0,0.01
1773008060.734500943,0,0,1.24
1773008060.734500943,1,0,0.01
1773008061.757117270,0,0,1.24
1773008061.757117270,1,0,0.01
1773008062.779155324,0,0,1.24
1773008062.779155324,1,0,0.01
1773008063.801164819,0,0,1.24
1773008063.801164819,1,0,0.01
1773008064.822219899,0,0,1.24
1773008064.822219899,1,0,0.01
1773008065.842121670,0,0,1.24
1773008065.842121670,1,0,0.01
1773008066.861741383,0,0,1.24
1773008066.861741383,1,0,0.01
1773008067.884093215,0,0,1.24
1773008067.884093215,1,0,0.01
1773008068.904982053,0,0,1.24
1773008068.904982053,1,0,0.01
1773008069.927712986,0,0,1.24
1773008069.927712986,1,0,0.01
1773008070.949804046,0,0,1.24
1773008070.949804046,1,0,0.01
1773008071.971575250,0,0,1.24
1773008071.971575250,1,0,0.01
1773008072.993063895,0,0,1.24
1773008072.993063895,1,0,0.01
1773008074.014738586,0,0,1.24
1773008074.014738586,1,0,0.01
1773008075.036477607,0,0,1.24
1773008075.036477607,1,0,0.01
1773008076.059043880,0,0,1.24
1773008076.059043880,1,0,0.01
1773008077.080801228,0,0,1.24
1773008077.080801228,1,0,0.01
1773008078.102819318,0,0,1.24
1773008078.102819318,1,0,0.01
1773008079.125051619,0,0,1.24
1773008079.125051619,1,0,0.01
1773008080.146572111,0,0,1.24
1773008080.146572111,1,0,0.01
1773008081.168251117,0,0,1.24
1773008081.168251117,1,0,0.01
1773008082.188963137,0,0,1.24
1773008082.188963137,1,0,0.01
1773008083.208809422,0,0,1.24
1773008083.208809422,1,0,0.01
1773008084.230969229,0,0,1.24
1773008084.230969229,1,0,0.01
1773008085.252281561,0,0,1.24
1773008085.252281561,1,0,0.01
1773008086.273988476,0,0,1.24
1773008086.273988476,1,0,0.01
1773008087.294803360,0,0,1.24
1773008087.294803360,1,0,0.01
1773008088.315105909,0,0,1.24
1773008088.315105909,1,0,0.01
1773008089.335334590,0,0,1.24
1773008089.335334590,1,0,0.01
1773008090.357677777,0,0,1.24
1773008090.357677777,1,0,0.01
1773008091.379216694,0,0,1.24
1773008091.379216694,1,0,0.01
1773008092.402117522,0,0,1.24
1773008092.402117522,1,0,0.01
1773008093.422684247,0,0,1.24
1773008093.422684247,1,0,0.01
1773008094.444065927,0,0,1.24
1773008094.444065927,1,0,0.01
1773008095.465403364,0,0,1.24
1773008095.465403364,1,0,0.01
1773008096.486904859,0,0,1.24
1773008096.486904859,1,0,0.01
1773008097.507780052,0,0,1.24
1773008097.507780052,1,0,0.01
1773008098.530266027,0,0,1.24
1773008098.530266027,1,0,0.01
1773008099.552138059,0,0,1.24
1773008099.552138059,1,0,0.01
1773008100.573237575,0,0,1.24
1773008100.573237575,1,0,0.01
1773008101.595289243,0,0,1.24
1773008101.595289243,1,0,0.01
1773008102.616108860,0,0,1.24
1773008102.616108860,1,0,0.01
1773008103.637291450,0,0,1.24
1773008103.637291450,1,0,0.01
1773008104.658896563,0,0,1.24
1773008104.658896563,1,0,0.01
1773008105.679850094,0,0,1.24
1773008105.679850094,1,0,0.01
1773008106.700505794,0,0,1.24
1773008106.700505794,1,0,0.01
1773008107.721333529,0,0,1.24
1773008107.721333529,1,0,0.01
1773008108.742396595,0,0,1.24
1773008108.742396595,1,0,0.01
1773008109.763345585,0,0,1.24
1773008109.763345585,1,0,0.01
1773008110.783942702,0,0,1.24
1773008110.783942702,1,0,0.01
1773008111.805796699,0,0,1.24
1773008111.805796699,1,0,0.01
1773008112.826946108,0,0,1.24
1773008112.826946108,1,0,0.01
1773008113.848231408,0,0,1.24
1773008113.848231408,1,0,0.01
1773008114.869789533,0,0,1.24
1773008114.869789533,1,0,0.01
1773008115.890941682,0,0,1.24
1773008115.890941682,1,0,0.01
1773008116.912500425,0,0,1.24
1773008116.912500425,1,0,0.01
1773008117.934386158,0,0,1.24
1773008117.934386158,1,0,0.01
1773008118.956169190,0,0,1.24
1773008118.956169190,1,0,0.01
1773008119.977919063,0,0,1.24
1773008119.977919063,1,0,0.01
1773008121.000481041,0,0,1.24
1773008121.000481041,1,0,0.01
1773008122.021723026,0,0,1.24
1773008122.021723026,1,0,0.01
1773008123.042620556,0,0,1.24
1773008123.042620556,1,0,0.01
1773008124.063706276,0,0,1.24
1773008124.063706276,1,0,0.01
1773008125.085338125,0,0,1.24
1773008125.085338125,1,0,0.01
1773008126.107282896,0,0,1.24
1773008126.107282896,1,0,0.01
1773008127.127034377,0,0,1.24
1773008127.127034377,1,0,0.01
1773008128.146941114,0,0,1.24
1773008128.146941114,1,0,0.01
1773008129.168979801,0,0,1.24
1773008129.168979801,1,0,0.01
1773008130.190518944,0,0,1.24
1773008130.190518944,1,0,0.01
1773008131.212068008,0,0,1.24
1773008131.212068008,1,0,0.01
1773008132.232833503,0,0,1.24
1773008132.232833503,1,0,0.01
1773008133.253365351,0,0,1.24
1773008133.253365351,1,0,0.01
1773008134.275230934,0,0,1.24
1773008134.275230934,1,0,0.01
1773008135.297200377,0,0,1.24
1773008135.297200377,1,0,0.01
1773008136.318456224,0,0,1.24
1773008136.318456224,1,0,0.01
1773008137.339702347,0,0,1.24
1773008137.339702347,1,0,0.01
1773008138.361553968,0,0,1.24
1773008138.361553968,1,0,0.01
1773008139.383070862,0,0,1.24
1773008139.383070862,1,0,0.01
1773008140.404570615,0,0,1.24
1773008140.404570615,1,0,0.01
1773008141.425733914,0,0,1.24
1773008141.425733914,1,0,0.01
1773008142.446940296,0,0,1.24
1773008142.446940296,1,0,0.01
1773008143.467908255,0,0,1.24
1773008143.467908255,1,0,0.01
1773008144.489124020,0,0,1.24
1773008144.489124020,1,0,0.01
1773008145.510077509,0,0,1.24
1773008145.510077509,1,0,0.01
1773008146.531057796,0,0,1.24
1773008146.531057796,1,0,0.01
1773008147.550652960,0,0,1.24
1773008147.550652960,1,0,0.01
1773008148.571553569,0,0,1.24
1773008148.571553569,1,0,0.01
1773008149.593910830,0,0,1.24
1773008149.593910830,1,0,0.01
1773008150.615212895,0,0,1.24
1773008150.615212895,1,0,0.01
1773008151.635662443,0,0,1.24
1773008151.635662443,1,0,0.01
1773008152.656397993,0,0,1.24
1773008152.656397993,1,0,0.01
1773008153.677063667,0,0,1.24
1773008153.677063667,1,0,0.01
1773008154.697670934,0,0,1.24
1773008154.697670934,1,0,0.01
1773008155.719699585,0,0,1.24
1773008155.719699585,1,0,0.01
1773008156.741632228,0,0,1.24
1773008156.741632228,1,0,0.01
1773008157.763133111,0,0,1.24
1773008157.763133111,1,0,0.01
1773008158.783685987,0,0,1.24
1773008158.783685987,1,0,0.01
1773008159.804085815,0,0,1.24
1773008159.804085815,1,0,0.01
1773008160.825019518,0,0,1.24
1773008160.825019518,1,0,0.01
1773008161.847079412,0,0,1.24
1773008161.847079412,1,0,0.01
1773008162.868664462,0,0,1.24
1773008162.868664462,1,0,0.01
1773008163.890107070,0,0,1.24
1773008163.890107070,1,0,0.01
1773008164.910866987,0,0,1.24
1773008164.910866987,1,0,0.01
1773008165.932614831,0,0,1.24
1773008165.932614831,1,0,0.01
1773008166.953713049,0,0,1.24
1773008166.953713049,1,0,0.01
1773008167.974826509,0,0,1.24
1773008167.974826509,1,0,0.01
1773008168.996218581,0,0,1.24
1773008168.996218581,1,0,0.01
1773008170.018573898,0,0,1.24
1773008170.018573898,1,0,0.01
1773008171.040656365,0,0,1.24
1773008171.040656365,1,0,0.01
1773008172.062430916,0,0,1.24
1773008172.062430916,1,0,0.01
1773008173.083618067,0,0,1.24
1773008173.083618067,1,0,0.01
1773008174.108766045,0,0,1.24
1773008174.108766045,1,0,0.01
1773008175.130902357,0,0,1.24
1773008175.130902357,1,0,0.01
1773008176.152398955,0,0,1.24
1773008176.152398955,1,0,0.01
1773008177.174607188,0,0,1.24
1773008177.174607188,1,0,0.01
1773008178.197158233,0,0,1.24
1773008178.197158233,1,0,0.01
1773008179.219278659,0,0,1.24
1773008179.219278659,1,0,0.01
1773008180.240955857,0,0,1.24
1773008180.240955857,1,0,0.01
1773008181.262077775,0,0,1.24
1773008181.262077775,1,0,0.01
1773008182.283117947,0,0,1.24
1773008182.283117947,1,0,0.01
1773008183.305411064,0,36,1.24
1773008183.305411064,1,0,0.01
1773008184.326338415,0,72,1.24
1773008184.326338415,1,0,0.01
1773008185.346253991,0,22,1.24
1773008185.346253991,1,0,0.01
1773008186.366606623,0,0,1.24
1773008186.366606623,1,0,0.01
1773008187.386167649,0,0,1.24
1773008187.386167649,1,0,0.01
1773008188.408117179,0,0,1.24
1773008188.408117179,1,0,0.01
1773008189.430157210,0,0,1.24
1773008189.430157210,1,0,0.01
1773008190.450416003,0,0,1.24
1773008190.450416003,1,0,0.01
1773008191.471598923,0,0,1.24
1773008191.471598923,1,0,0.01
1773008192.493020418,0,0,1.24
1773008192.493020418,1,0,0.01
1773008193.513177661,0,0,1.24
1773008193.513177661,1,0,0.01
1773008194.532800868,0,0,1.24
1773008194.532800868,1,0,0.01
1773008195.554558132,0,0,1.24
1773008195.554558132,1,0,0.01
1773008196.575909364,0,0,1.24
1773008196.575909364,1,0,0.01
1773008197.597905511,0,0,1.24
1773008197.597905511,1,0,0.01
1773008198.619458004,0,0,1.24
1773008198.619458004,1,0,0.01
1773008199.640566266,0,0,1.24
1773008199.640566266,1,0,0.01
1773008200.662542946,0,0,1.24
1773008200.662542946,1,0,0.01
1773008201.683636177,0,0,1.24
1773008201.683636177,1,0,0.01
1773008202.705886790,0,0,1.24
1773008202.705886790,1,0,0.01
1773008203.726822862,0,0,1.24
1773008203.726822862,1,0,0.01
1773008204.748331801,0,0,1.24
1773008204.748331801,1,0,0.01
1773008205.769808099,0,0,1.24
1773008205.769808099,1,0,0.01
1773008206.791379294,0,0,1.24
1773008206.791379294,1,0,0.01
1773008207.811243293,0,0,1.24
1773008207.811243293,1,0,0.01
1773008208.831568751,0,0,1.24
1773008208.831568751,1,0,0.01
1773008209.853325979,0,0,1.24
1773008209.853325979,1,0,0.01
1773008210.875515499,0,0,1.24
1773008210.875515499,1,0,0.01
1773008211.896348068,0,0,1.24
1773008211.896348068,1,0,0.01
1773008212.917285982,0,0,1.24
1773008212.917285982,1,0,0.01
1773008213.938936863,0,0,1.24
1773008213.938936863,1,0,0.01
1773008214.959818854,0,0,1.24
1773008214.959818854,1,0,0.01
1773008215.981396207,0,0,1.24
1773008215.981396207,1,0,0.01
1773008217.002520249,0,0,1.24
1773008217.002520249,1,0,0.01
1773008218.024167211,0,0,1.24
1773008218.024167211,1,0,0.01
1773008219.045417396,0,0,1.24
1773008219.045417396,1,0,0.01
1773008220.067082541,0,0,1.24
1773008220.067082541,1,0,0.01
1773008221.088259645,0,0,1.24
1773008221.088259645,1,0,0.01
1773008222.109557926,0,0,1.24
1773008222.109557926,1,0,0.01
1773008223.131099684,0,0,1.24
1773008223.131099684,1,0,0.01
1773008224.152251648,0,0,1.24
1773008224.152251648,1,0,0.01
1773008225.173429540,0,0,1.24
1773008225.173429540,1,0,0.01
1773008226.195657797,0,0,1.24
1773008226.195657797,1,0,0.01
1773008227.217560076,0,0,1.24
1773008227.217560076,1,0,0.01
1773008228.239018789,0,0,1.24
1773008228.239018789,1,0,0.01
1773008229.260154526,0,0,1.24
1773008229.260154526,1,0,0.01
1773008230.281975863,0,0,1.24
1773008230.281975863,1,0,0.01
1773008231.303627883,0,0,1.24
1773008231.303627883,1,0,0.01
1773008232.323753274,0,0,1.24
1773008232.323753274,1,0,0.01
1773008233.344114740,0,0,1.24
1773008233.344114740,1,0,0.01
1773008234.365327969,0,0,1.24
1773008234.365327969,1,0,0.01
1773008235.387524624,0,0,1.24
1773008235.387524624,1,0,0.01
1773008236.408002086,0,0,1.24
1773008236.408002086,1,0,0.01
1773008237.427942111,0,0,1.24
1773008237.427942111,1,0,0.01
1773008238.449948107,0,0,1.24
1773008238.449948107,1,0,0.01
1773008239.469950276,0,0,1.24
1773008239.469950276,1,0,0.01
1773008240.489893078,0,0,1.24
1773008240.489893078,1,0,0.01
1773008241.509981117,0,0,1.24
1773008241.509981117,1,0,0.01
1773008242.531527611,0,0,1.24
1773008242.531527611,1,0,0.01
1773008243.552880660,0,0,1.24
1773008243.552880660,1,0,0.01
1773008244.574127359,0,0,1.24
1773008244.574127359,1,0,0.01
1773008245.594548365,0,0,1.24
1773008245.594548365,1,0,0.01
1773008246.614870215,0,0,1.24
1773008246.614870215,1,0,0.01
1773008247.636097753,0,0,1.24
1773008247.636097753,1,0,0.01
1773008248.657934662,0,0,1.24
1773008248.657934662,1,0,0.01
1773008249.679978945,0,0,1.24
1773008249.679978945,1,0,0.01
1773008250.701616043,0,0,1.24
1773008250.701616043,1,0,0.01
1773008251.722574090,0,0,1.24
1773008251.722574090,1,0,0.01
1773008252.743048632,0,0,1.24
1773008252.743048632,1,0,0.01
1773008253.762800635,0,0,1.24
1773008253.762800635,1,0,0.01
1773008254.783033950,0,0,1.24
1773008254.783033950,1,0,0.01
1773008255.802904648,0,0,1.24
1773008255.802904648,1,0,0.01
1773008256.822994254,0,0,1.24
1773008256.822994254,1,0,0.01
1773008257.844245772,0,0,1.24
1773008257.844245772,1,0,0.01
1773008258.865144340,0,0,1.24
1773008258.865144340,1,0,0.01
1773008259.886599178,0,0,1.24
1773008259.886599178,1,0,0.01
1773008260.908124343,0,0,1.24
1773008260.908124343,1,0,0.01
1773008261.929652279,0,0,1.24
1773008261.929652279,1,0,0.01
1773008262.951175933,0,0,1.24
1773008262.951175933,1,0,0.01
1773008263.972263461,0,0,1.24
1773008263.972263461,1,0,0.01
1773008264.993560077,0,0,1.24
1773008264.993560077,1,0,0.01
1773008266.014671321,0,0,1.24
1773008266.014671321,1,0,0.01
1773008267.037048490,0,0,1.24
1773008267.037048490,1,0,0.01
1773008268.058670153,0,0,1.24
1773008268.058670153,1,0,0.01
1773008269.080204983,0,0,1.24
1773008269.080204983,1,0,0.01
1773008270.102612667,0,0,1.24
1773008270.102612667,1,0,0.01
1773008271.125063436,0,0,1.24
1773008271.125063436,1,0,0.01
1773008272.146988011,0,0,1.24
1773008272.146988011,1,0,0.01
1773008273.168901384,0,0,1.24
1773008273.168901384,1,0,0.01
1773008274.190864422,0,0,1.24
1773008274.190864422,1,0,0.01
1773008275.212710352,0,0,1.24
1773008275.212710352,1,0,0.01
1773008276.233845075,0,0,1.24
1773008276.233845075,1,0,0.01
1773008277.253993332,0,0,1.24
1773008277.253993332,1,0,0.01
1773008278.275435821,0,0,1.24
1773008278.275435821,1,0,0.01
1773008279.298056857,0,0,1.24
1773008279.298056857,1,0,0.01
1773008280.319106243,0,0,1.24
1773008280.319106243,1,0,0.01
1773008281.339761554,0,0,1.24
1773008281.339761554,1,0,0.01
1773008282.361106422,0,0,1.24
1773008282.361106422,1,0,0.01
1773008283.382146149,0,0,1.24
1773008283.382146149,1,0,0.01
1773008284.402838683,0,0,1.24
1773008284.402838683,1,0,0.01
1773008285.424690957,0,0,1.24
1773008285.424690957,1,0,0.01
1773008286.445834822,0,0,1.24
1773008286.445834822,1,0,0.01
1773008287.467163673,0,0,1.24
1773008287.467163673,1,0,0.01
1773008288.488283709,0,0,1.24
1773008288.488283709,1,0,0.01
1773008289.509744549,0,0,1.24
1773008289.509744549,1,0,0.01
1773008290.530440064,0,0,1.24
1773008290.530440064,1,0,0.01
1773008291.551687865,0,0,1.24
1773008291.551687865,1,0,0.01
1773008292.573224186,0,0,1.24
1773008292.573224186,1,0,0.01
1773008293.594760814,0,0,1.24
1773008293.594760814,1,0,0.01
1773008294.616897202,0,0,1.24
1773008294.616897202,1,0,0.01
1773008295.638174228,0,0,1.24
1773008295.638174228,1,0,0.01
1773008296.659266803,0,0,1.24
1773008296.659266803,1,0,0.01
1773008297.680392356,0,0,1.24
1773008297.680392356,1,0,0.01
1773008298.701278984,0,0,1.24
1773008298.701278984,1,0,0.01
1773008299.721789353,0,0,1.24
1773008299.721789353,1,0,0.01
1773008300.741763248,0,0,1.24
1773008300.741763248,1,0,0.01
1773008301.763182763,0,0,1.24
1773008301.763182763,1,0,0.01
1773008302.785244224,0,0,1.24
1773008302.785244224,1,0,0.01
1773008303.807102776,0,0,1.24
1773008303.807102776,1,0,0.01
1773008304.828385566,0,0,1.24
1773008304.828385566,1,0,0.01
1773008305.849398131,0,0,1.24
1773008305.849398131,1,0,0.01
1773008306.870446141,0,0,1.24
1773008306.870446141,1,0,0.01
1773008307.892387934,0,0,1.24
1773008307.892387934,1,0,0.01
1773008308.913386568,0,0,1.24
1773008308.913386568,1,0,0.01
1773008309.934685157,0,0,1.24
1773008309.934685157,1,0,0.01
1773008310.956334821,0,0,1.24
1773008310.956334821,1,0,0.01
1773008311.978033075,0,0,1.24
1773008311.978033075,1,0,0.01
1773008312.999122248,0,0,1.24
1773008312.999122248,1,0,0.01
1773008314.019544021,0,0,1.24
1773008314.019544021,1,0,0.01
1773008315.038930265,0,0,1.24
1773008315.038930265,1,0,0.01
1773008316.060658523,0,0,1.24
1773008316.060658523,1,0,0.01
1773008317.080347063,0,0,1.24
1773008317.080347063,1,0,0.01
1773008318.099618400,0,0,1.24
1773008318.099618400,1,0,0.01
1773008319.119069560,0,0,1.24
1773008319.119069560,1,0,0.01
1773008320.140009428,0,0,1.24
1773008320.140009428,1,0,0.01
1773008321.159963602,0,0,1.24
1773008321.159963602,1,0,0.01
1773008322.179927480,0,0,1.24
1773008322.179927480,1,0,0.01
1773008323.199529625,0,0,1.24
1773008323.199529625,1,0,0.01
1773008324.218931234,0,0,1.24
1773008324.218931234,1,0,0.01
1773008325.239832287,0,0,1.24
1773008325.239832287,1,0,0.01
1773008326.259598574,0,0,1.24
1773008326.259598574,1,0,0.01
1773008327.280848891,0,0,1.24
1773008327.280848891,1,0,0.01
1773008328.300476659,0,0,1.24
1773008328.300476659,1,0,0.01
1773008329.320153741,0,0,1.24
1773008329.320153741,1,0,0.01
1773008330.341243739,0,0,1.24
1773008330.341243739,1,0,0.01
1773008331.362956949,0,0,1.24
1773008331.362956949,1,0,0.01
1773008332.384042751,0,0,1.24
1773008332.384042751,1,0,0.01
1773008333.405140714,0,0,1.24
1773008333.405140714,1,0,0.01
1773008334.426735771,0,0,1.24
1773008334.426735771,1,0,0.01
1773008335.448595044,0,0,1.24
1773008335.448595044,1,0,0.01
1773008336.469637613,0,0,1.24
1773008336.469637613,1,0,0.01
1773008337.491104044,0,0,1.24
1773008337.491104044,1,0,0.01
1773008338.512219343,0,0,1.24
1773008338.512219343,1,0,0.01
1773008339.533891839,0,0,1.24
1773008339.533891839,1,0,0.01
1773008340.556044559,0,0,1.24
1773008340.556044559,1,0,0.01
1773008341.577287312,0,65,1.24
1773008341.577287312,1,0,0.01
1773008342.598667493,0,64,1.24
1773008342.598667493,1,0,0.01
1773008343.619770087,0,0,1.24
1773008343.619770087,1,0,0.01
1773008344.640710407,0,0,1.24
1773008344.640710407,1,0,0.01
1773008345.661549371,0,0,1.24
1773008345.661549371,1,0,0.01
1773008346.682559175,0,0,1.24
1773008346.682559175,1,0,0.01
1773008347.703732527,0,0,1.24
1773008347.703732527,1,0,0.01
1773008348.725500241,0,0,1.24
1773008348.725500241,1,0,0.01
1773008349.747157244,0,0,1.24
1773008349.747157244,1,0,0.01
1773008350.768162693,0,0,1.24
1773008350.768162693,1,0,0.01
1773008351.788016069,0,0,1.24
1773008351.788016069,1,0,0.01
1773008352.807825407,0,0,1.24
1773008352.807825407,1,0,0.01
1773008353.829541207,0,0,1.24
1773008353.829541207,1,0,0.01
1773008354.851024107,0,0,1.24
1773008354.851024107,1,0,0.01
1773008355.873034844,0,0,1.24
1773008355.873034844,1,0,0.01
1773008356.895263437,0,0,1.24
1773008356.895263437,1,0,0.01
1773008357.916954073,0,0,1.24
1773008357.916954073,1,0,0.01
1773008358.939584726,0,0,1.24
1773008358.939584726,1,0,0.01
1773008359.959533090,0,0,1.24
1773008359.959533090,1,0,0.01
1773008360.981215437,0,0,1.24
1773008360.981215437,1,0,0.01
1773008362.001014141,0,0,1.24
1773008362.001014141,1,0,0.01
1773008363.021327652,0,0,1.24
1773008363.021327652,1,0,0.01
1773008364.043328719,0,0,1.24
1773008364.043328719,1,0,0.01
1773008365.064617069,0,0,1.24
1773008365.064617069,1,0,0.01
1773008366.085673026,0,0,1.24
1773008366.085673026,1,0,0.01
1773008367.107077422,0,0,1.24
1773008367.107077422,1,0,0.01
1773008368.128147669,0,0,1.24
1773008368.128147669,1,0,0.01
1773008369.148201923,0,0,1.24
1773008369.148201923,1,0,0.01
1773008370.168687056,0,0,1.24
1773008370.168687056,1,0,0.01
1773008371.190149375,0,0,1.24
1773008371.190149375,1,0,0.01
1773008372.210969156,0,0,1.24
1773008372.210969156,1,0,0.01
1773008373.231783705,0,0,1.24
1773008373.231783705,1,0,0.01
1773008374.252808546,0,0,1.24
1773008374.252808546,1,0,0.01
1773008375.274067661,0,0,1.24
1773008375.274067661,1,0,0.01
1773008376.296242867,0,0,1.24
1773008376.296242867,1,0,0.01
1773008377.318137805,0,0,1.24
1773008377.318137805,1,0,0.01
1773008378.339523499,0,0,1.24
1773008378.339523499,1,0,0.01
1773008379.360948554,0,0,1.24
1773008379.360948554,1,0,0.01
1773008380.382173136,0,0,1.24
1773008380.382173136,1,0,0.01
1773008381.403341826,0,0,1.24
1773008381.403341826,1,0,0.01
1773008382.424945919,0,0,1.24
1773008382.424945919,1,0,0.01
1773008383.445057423,0,0,1.24
1773008383.445057423,1,0,0.01
1773008384.464983268,0,0,1.24
1773008384.464983268,1,0,0.01
1773008385.486326863,0,0,1.24
1773008385.486326863,1,0,0.01
1773008386.507063883,0,0,1.24
1773008386.507063883,1,0,0.01
1773008387.527748890,0,0,1.24
1773008387.527748890,1,0,0.01
1773008388.547392557,0,0,1.24
1773008388.547392557,1,0,0.01
1773008389.569483573,0,0,1.24
1773008389.569483573,1,0,0.01
1773008390.590980052,0,0,1.24
1773008390.590980052,1,0,0.01
1773008391.612620007,0,0,1.24
1773008391.612620007,1,0,0.01
1773008392.633908983,0,0,1.24
1773008392.633908983,1,0,0.01
1773008393.655928944,0,0,1.24
1773008393.655928944,1,0,0.01
1773008394.677187404,0,0,1.24
1773008394.677187404,1,0,0.01
1773008395.697839749,0,0,1.24
1773008395.697839749,1,0,0.01
1773008396.719345812,0,0,1.24
1773008396.719345812,1,0,0.01
1773008397.741130982,0,0,1.24
1773008397.741130982,1,0,0.01
1773008398.762444620,0,0,1.24
1773008398.762444620,1,0,0.01
1773008399.784578275,0,0,1.24
1773008399.784578275,1,0,0.01
1773008400.805587393,0,0,1.24
1773008400.805587393,1,0,0.01
1773008401.825789583,0,0,1.24
1773008401.825789583,1,0,0.01
1773008402.847779886,0,0,1.24
1773008402.847779886,1,0,0.01
1773008403.868715976,0,0,1.24
1773008403.868715976,1,0,0.01
1773008404.889633820,0,0,1.24
1773008404.889633820,1,0,0.01
1773008405.911843831,0,0,1.24
1773008405.911843831,1,0,0.01
1773008406.933411706,0,0,1.24
1773008406.933411706,1,0,0.01
1773008407.954968968,0,0,1.24
1773008407.954968968,1,0,0.01
1773008408.977343771,0,0,1.24
1773008408.977343771,1,0,0.01
1773008409.999277287,0,0,1.24
1773008409.999277287,1,0,0.01
1773008411.020058114,0,0,1.24
1773008411.020058114,1,0,0.01
1773008412.042074875,0,0,1.24
1773008412.042074875,1,0,0.01
1773008413.062611803,0,0,1.24
1773008413.062611803,1,0,0.01
1773008414.083767855,0,0,1.24
1773008414.083767855,1,0,0.01
1773008415.105103848,0,0,1.24
1773008415.105103848,1,0,0.01
1773008416.125929069,0,0,1.24
1773008416.125929069,1,0,0.01
1773008417.148159582,0,0,1.24
1773008417.148159582,1,0,0.01
1773008418.169465178,0,0,1.24
1773008418.169465178,1,0,0.01
1773008419.190682938,0,0,1.24
1773008419.190682938,1,0,0.01
1773008420.211718275,0,0,1.24
1773008420.211718275,1,0,0.01
1773008421.233630437,0,0,1.24
1773008421.233630437,1,0,0.01
1773008422.255372297,0,0,1.24
1773008422.255372297,1,0,0.01
1773008423.276424651,0,0,1.24
1773008423.276424651,1,0,0.01
1773008424.297483055,0,0,1.24
1773008424.297483055,1,0,0.01
1773008425.318582120,0,0,1.24
1773008425.318582120,1,0,0.01
1773008426.339911716,0,0,1.24
1773008426.339911716,1,0,0.01
1773008427.360890031,0,0,1.24
1773008427.360890031,1,0,0.01
1773008428.382120147,0,0,1.24
1773008428.382120147,1,0,0.01
1773008429.404601022,0,0,1.24
1773008429.404601022,1,0,0.01
1773008430.426534800,0,0,1.24
1773008430.426534800,1,0,0.01
1773008431.447897595,0,0,1.24
1773008431.447897595,1,0,0.01
1773008432.469911913,0,0,1.24
1773008432.469911913,1,0,0.01
1773008433.491332328,0,0,1.24
1773008433.491332328,1,0,0.01
1773008434.511265526,0,0,1.24
1773008434.511265526,1,0,0.01
1773008435.532768415,0,0,1.24
1773008435.532768415,1,0,0.01
1773008436.553258377,0,0,1.24
1773008436.553258377,1,0,0.01
1773008437.574664035,0,0,1.24
1773008437.574664035,1,0,0.01
1773008438.596054780,0,0,1.24
1773008438.596054780,1,0,0.01
1773008439.617054427,0,0,1.24
1773008439.617054427,1,0,0.01
1773008440.638698452,0,0,1.24
1773008440.638698452,1,0,0.01
1773008441.660552587,0,0,1.24
1773008441.660552587,1,0,0.01
1773008442.682189170,0,0,1.24
1773008442.682189170,1,0,0.01
1773008443.703486208,0,0,1.24
1773008443.703486208,1,0,0.01
1773008444.724331465,0,0,1.24
1773008444.724331465,1,0,0.01
1773008445.745859457,0,0,1.24
1773008445.745859457,1,0,0.01
1773008446.766067466,0,0,1.24
1773008446.766067466,1,0,0.01
1773008447.788144796,0,0,1.24
1773008447.788144796,1,0,0.01
1773008448.809589298,0,0,1.24
1773008448.809589298,1,0,0.01
1773008449.831116578,0,0,1.24
1773008449.831116578,1,0,0.01
1773008450.852053900,0,0,1.24
1773008450.852053900,1,0,0.01
1773008451.872163305,0,0,1.24
1773008451.872163305,1,0,0.01
1773008452.893303573,0,0,1.24
1773008452.893303573,1,0,0.01
1773008453.915210045,0,0,1.24
1773008453.915210045,1,0,0.01
1773008454.937172440,0,0,1.24
1773008454.937172440,1,0,0.01
1773008455.958287441,0,0,1.24
1773008455.958287441,1,0,0.01
1773008456.979450877,0,0,1.24
1773008456.979450877,1,0,0.01
1773008458.001054463,0,0,1.24
1773008458.001054463,1,0,0.01
1773008459.021932668,0,0,1.24
1773008459.021932668,1,0,0.01
1773008460.043034131,0,0,1.24
1773008460.043034131,1,0,0.01
1773008461.064317225,0,0,1.24
1773008461.064317225,1,0,0.01
1773008462.086207339,0,0,1.24
1773008462.086207339,1,0,0.01
1773008463.107273812,0,0,1.24
1773008463.107273812,1,0,0.01
1773008464.128899795,0,0,1.24
1773008464.128899795,1,0,0.01
1773008465.149286622,0,0,1.24
1773008465.149286622,1,0,0.01
1773008466.170669253,0,0,1.24
1773008466.170669253,1,0,0.01
1773008467.191001839,0,0,1.24
1773008467.191001839,1,0,0.01
1773008468.212217494,0,0,1.24
1773008468.212217494,1,0,0.01
1773008469.234085046,0,0,1.24
1773008469.234085046,1,0,0.01
1773008470.255101985,0,0,1.24
1773008470.255101985,1,0,0.01
1773008471.276673547,0,0,1.24
1773008471.276673547,1,0,0.01
1773008472.298299017,0,0,1.24
1773008472.298299017,1,0,0.01
1773008473.319321573,0,0,1.24
1773008473.319321573,1,0,0.01
1773008474.340730632,0,0,1.24
1773008474.340730632,1,0,0.01
1773008475.363132503,0,0,1.24
1773008475.363132503,1,0,0.01
1773008476.384856249,0,0,1.24
1773008476.384856249,1,0,0.01
1773008477.406312618,0,0,1.24
1773008477.406312618,1,0,0.01
1773008478.427283857,0,0,1.24
1773008478.427283857,1,0,0.01
1773008479.449102483,0,0,1.24
1773008479.449102483,1,0,0.01
1773008480.470307783,0,0,1.24
1773008480.470307783,1,0,0.01
1773008481.492080473,0,0,1.24
1773008481.492080473,1,0,0.01
1773008482.513958815,0,0,1.24
1773008482.513958815,1,0,0.01
1773008483.535434687,0,0,1.24
1773008483.535434687,1,0,0.01
1773008484.556610876,0,0,1.24
1773008484.556610876,1,0,0.01
1773008485.577603564,0,0,1.24
1773008485.577603564,1,0,0.01
1773008486.598751770,0,0,1.24
1773008486.598751770,1,0,0.01
1773008487.618265656,0,0,1.24
1773008487.618265656,1,0,0.01
1773008488.638503088,0,0,1.24
1773008488.638503088,1,0,0.01
1773008489.658919881,0,0,1.24
1773008489.658919881,1,0,0.01
1773008490.680282684,0,0,1.24
1773008490.680282684,1,0,0.01
1773008491.701967720,0,0,1.24
1773008491.701967720,1,0,0.01
1773008492.723247859,0,0,1.24
1773008492.723247859,1,0,0.01
1773008493.744274425,0,0,1.24
1773008493.744274425,1,0,0.01
1773008494.766254463,0,0,1.24
1773008494.766254463,1,0,0.01
1773008495.786128963,0,0,1.24
1773008495.786128963,1,0,0.01
1773008496.806062285,0,0,1.24
1773008496.806062285,1,0,0.01
1773008497.827073493,0,0,1.24
1773008497.827073493,1,0,0.01
1773008498.847368399,0,0,1.24
1773008498.847368399,1,0,0.01
1773008499.868442647,0,0,1.24
1773008499.868442647,1,0,0.01
1773008500.889790903,0,0,1.24
1773008500.889790903,1,0,0.01
1773008501.910847047,0,0,1.24
1773008501.910847047,1,0,0.01
1773008502.931476569,0,0,1.24
1773008502.931476569,1,0,0.01
1773008503.951804091,0,0,1.24
1773008503.951804091,1,0,0.01
1773008504.971913922,0,0,1.24
1773008504.971913922,1,0,0.01
1773008505.993122474,0,0,1.24
1773008505.993122474,1,0,0.01
1773008507.015077824,0,0,1.24
1773008507.015077824,1,0,0.01
1773008508.036053233,0,0,1.24
1773008508.036053233,1,0,0.01
1773008509.057393345,0,0,1.24
1773008509.057393345,1,0,0.01
1773008510.079400250,0,0,1.24
1773008510.079400250,1,0,0.01
1773008511.099493903,0,0,1.24
1773008511.099493903,1,0,0.01
1773008512.119834774,0,0,1.24
1773008512.119834774,1,0,0.01
1773008513.140511825,0,0,1.24
1773008513.140511825,1,0,0.01
1773008514.162013029,0,0,1.24
1773008514.162013029,1,0,0.01
1773008515.184117186,0,0,1.24
1773008515.184117186,1,0,0.01
1773008516.205443631,0,0,1.24
1773008516.205443631,1,0,0.01
1773008517.225490681,0,0,1.24
1773008517.225490681,1,0,0.01
1773008518.247582908,0,0,1.24
1773008518.247582908,1,0,0.01
1773008519.268706250,0,0,1.24
1773008519.268706250,1,0,0.01
1773008520.289952321,0,0,1.24
1773008520.289952321,1,0,0.01
1773008521.311195718,0,0,1.24
1773008521.311195718,1,0,0.01
1773008522.332223412,0,0,1.24
1773008522.332223412,1,0,0.01
1773008523.353086009,0,0,1.24
1773008523.353086009,1,0,0.01
1773008524.375106278,0,0,1.24
1773008524.375106278,1,0,0.01
1773008525.397111979,0,0,1.24
1773008525.397111979,1,0,0.01
1773008526.418977451,0,0,1.24
1773008526.418977451,1,0,0.01
1773008527.440290396,0,0,1.24
1773008527.440290396,1,0,0.01
1773008528.461197486,0,0,1.24
1773008528.461197486,1,0,0.01
1773008529.483525342,0,0,1.24
1773008529.483525342,1,0,0.01
1773008530.505777783,0,0,1.24
1773008530.505777783,1,0,0.01
1773008531.528484329,0,0,1.24
1773008531.528484329,1,0,0.01
1773008532.550536319,0,0,1.24
1773008532.550536319,1,0,0.01
1773008533.572178710,0,0,1.24
1773008533.572178710,1,0,0.01
1773008534.593387278,0,0,1.24
1773008534.593387278,1,0,0.01
1773008535.615070699,0,0,1.24
1773008535.615070699,1,0,0.01
1773008536.636544594,0,0,1.24
1773008536.636544594,1,0,0.01
1773008537.657762342,0,0,1.24
1773008537.657762342,1,0,0.01
1773008538.679287042,0,0,1.24
1773008538.679287042,1,0,0.01
1773008539.700565560,0,0,1.24
1773008539.700565560,1,0,0.01
1773008540.720566282,0,0,1.24
1773008540.720566282,1,0,0.01
1773008541.742604211,0,0,1.24
1773008541.742604211,1,0,0.01
1773008542.762903840,0,0,1.24
1773008542.762903840,1,0,0.01
1773008543.785268511,0,0,1.24
1773008543.785268511,1,0,0.01
1773008544.806706895,0,0,1.24
1773008544.806706895,1,0,0.01
1773008545.828753041,0,0,1.24
1773008545.828753041,1,0,0.01
1773008546.850058076,0,0,1.24
1773008546.850058076,1,0,0.01
1773008547.871642869,0,0,1.24
1773008547.871642869,1,0,0.01
1773008548.893655246,0,0,1.24
1773008548.893655246,1,0,0.01
1773008549.914973098,0,0,1.24
1773008549.914973098,1,0,0.01
1773008550.936298366,0,0,1.24
1773008550.936298366,1,0,0.01
1773008551.956259227,0,0,1.24
1773008551.956259227,1,0,0.01
1773008552.976201992,0,0,1.24
1773008552.976201992,1,0,0.01
1773008553.998419526,0,0,1.24
1773008553.998419526,1,0,0.01
1773008555.019671166,0,0,1.24
1773008555.019671166,1,0,0.01
1773008556.040308346,0,0,1.24
1773008556.040308346,1,0,0.01
1773008557.067135148,0,0,1.24
1773008557.067135148,1,0,0.01
1773008558.088610439,0,0,1.24
1773008558.088610439,1,0,0.01
1773008559.108720781,0,0,1.24
1773008559.108720781,1,0,0.01
1773008560.130758169,0,0,1.24
1773008560.130758169,1,0,0.01
1773008561.151622615,0,0,1.24
1773008561.151622615,1,0,0.01
1773008562.171911943,0,0,1.24
1773008562.171911943,1,0,0.01
1773008563.191619011,0,0,1.24
1773008563.191619011,1,0,0.01
1773008564.213684238,0,0,1.24
1773008564.213684238,1,0,0.01
1773008565.236151898,0,0,1.24
1773008565.236151898,1,0,0.01
1773008566.257415500,0,0,1.24
1773008566.257415500,1,0,0.01
1773008567.278856270,0,0,1.24
1773008567.278856270,1,0,0.01
1773008568.300618956,0,0,1.24
1773008568.300618956,1,0,0.01
1773008569.321525373,0,0,1.24
1773008569.321525373,1,0,0.01
1773008570.342780325,0,0,1.24
1773008570.342780325,1,0,0.01
1773008571.363887127,0,0,1.24
1773008571.363887127,1,0,0.01
1773008572.385220291,0,0,1.24
1773008572.385220291,1,0,0.01
1773008573.407389767,0,0,1.24
1773008573.407389767,1,0,0.01
1773008574.428422880,0,0,1.24
1773008574.428422880,1,0,0.01
1773008575.449105885,0,0,1.24
1773008575.449105885,1,0,0.01
1773008576.471433869,0,0,1.24
1773008576.471433869,1,0,0.01
1773008577.492839663,0,0,1.24
1773008577.492839663,1,0,0.01
1773008578.514280499,0,0,1.24
1773008578.514280499,1,0,0.01
1773008579.534732464,0,0,1.24
1773008579.534732464,1,0,0.01
1773008580.556197455,0,0,1.24
1773008580.556197455,1,0,0.01
1773008581.577228659,0,0,1.24
1773008581.577228659,1,0,0.01
1773008582.598485168,0,0,1.24
1773008582.598485168,1,0,0.01
1773008583.620718762,0,0,1.24
1773008583.620718762,1,0,0.01
1773008584.641755496,0,0,1.24
1773008584.641755496,1,0,0.01
1773008585.664022548,0,0,1.24
1773008585.664022548,1,0,0.01
1773008586.685269073,0,0,1.24
1773008586.685269073,1,0,0.01
1773008587.706564450,0,0,1.24
1773008587.706564450,1,0,0.01
1773008588.728246317,0,0,1.24
1773008588.728246317,1,0,0.01
1773008589.749993050,0,0,1.24
1773008589.749993050,1,0,0.01
1773008590.771453242,0,0,1.24
1773008590.771453242,1,0,0.01
1773008591.792437765,0,0,1.24
1773008591.792437765,1,0,0.01
1773008592.814401268,0,0,1.24
1773008592.814401268,1,0,0.01
1773008593.836439090,0,0,1.24
1773008593.836439090,1,0,0.01
1773008594.858657191,0,0,1.24
1773008594.858657191,1,0,0.01
1773008595.880414682,0,0,1.24
1773008595.880414682,1,0,0.01
1773008596.902439037,0,0,1.24
1773008596.902439037,1,0,0.01
1773008597.923532642,0,0,1.24
1773008597.923532642,1,0,0.01
1773008598.944678643,0,0,1.24
1773008598.944678643,1,0,0.01
1773008599.965509851,0,0,1.24
1773008599.965509851,1,0,0.01
1773008600.988025286,0,0,1.24
1773008600.988025286,1,0,0.01
1773008602.008869958,0,0,1.24
1773008602.008869958,1,0,0.01
1773008603.030398706,0,46,1.24
1773008603.030398706,1,0,0.01
1773008604.051650787,0,67,1.24
1773008604.051650787,1,0,0.01
1773008605.073306218,0,0,1.24
1773008605.073306218,1,0,0.01
1773008606.094442942,0,0,1.24
1773008606.094442942,1,0,0.01
1773008607.115412847,0,0,1.24
1773008607.115412847,1,0,0.01
1773008608.136443449,0,0,1.24
1773008608.136443449,1,0,0.01
1773008609.157851148,0,0,1.24
1773008609.157851148,1,0,0.01
1773008610.179648755,0,0,1.24
1773008610.179648755,1,0,0.01
1773008611.200674783,0,0,1.24
1773008611.200674783,1,0,0.01
1773008612.221114180,0,0,1.24
1773008612.221114180,1,0,0.01
1773008613.242650723,0,0,1.24
1773008613.242650723,1,0,0.01
1773008614.263953216,0,0,1.24
1773008614.263953216,1,0,0.01
1773008615.286006419,0,0,1.24
1773008615.286006419,1,0,0.01
1773008616.307544033,0,0,1.24
1773008616.307544033,1,0,0.01
1773008617.329037734,0,0,1.24
1773008617.329037734,1,0,0.01
1773008618.349999353,0,0,1.24
1773008618.349999353,1,0,0.01
1773008619.371474812,0,0,1.24
1773008619.371474812,1,0,0.01
1773008620.392562301,0,0,1.24
1773008620.392562301,1,0,0.01
1773008621.414068881,0,0,1.24
1773008621.414068881,1,0,0.01
1773008622.435173445,0,0,1.24
1773008622.435173445,1,0,0.01
1773008623.456749399,0,0,1.24
1773008623.456749399,1,0,0.01
1773008624.478037466,0,0,1.24
1773008624.478037466,1,0,0.01
1773008625.499522572,0,0,1.24
1773008625.499522572,1,0,0.01
1773008626.520695640,0,0,1.24
1773008626.520695640,1,0,0.01
1773008627.542975261,0,0,1.24
1773008627.542975261,1,0,0.01
1773008628.563859926,0,0,1.24
1773008628.563859926,1,0,0.01
1773008629.585933484,0,0,1.24
1773008629.585933484,1,0,0.01
1773008630.607704366,0,0,1.24
1773008630.607704366,1,0,0.01
1773008631.629587149,0,0,1.24
1773008631.629587149,1,0,0.01
1773008632.650500958,0,0,1.24
1773008632.650500958,1,0,0.01
1773008633.671957647,0,0,1.24
1773008633.671957647,1,0,0.01
1773008634.693135098,0,0,1.24
1773008634.693135098,1,0,0.01
1773008635.714284537,0,0,1.24
1773008635.714284537,1,0,0.01
1773008636.735517306,0,0,1.24
1773008636.735517306,1,0,0.01
1773008637.757002271,0,0,1.24
1773008637.757002271,1,0,0.01
1773008638.778316152,0,0,1.24
1773008638.778316152,1,0,0.01
1773008639.799776079,0,0,1.24
1773008639.799776079,1,0,0.01
1773008640.822171902,0,0,1.24
1773008640.822171902,1,0,0.01
1773008641.843429735,0,0,1.24
1773008641.843429735,1,0,0.01
1773008642.863441561,0,0,1.24
1773008642.863441561,1,0,0.01
1773008643.883616263,0,0,1.24
1773008643.883616263,1,0,0.01
1773008644.903142775,0,0,1.24
1773008644.903142775,1,0,0.01
1773008645.924999628,0,0,1.24
1773008645.924999628,1,0,0.01
1773008646.945201439,0,0,1.24
1773008646.945201439,1,0,0.01
1773008647.966883876,0,0,1.24
1773008647.966883876,1,0,0.01
1773008648.988082816,0,0,1.24
1773008648.988082816,1,0,0.01
1773008650.009047141,0,0,1.24
1773008650.009047141,1,0,0.01
1773008651.030689433,0,0,1.24
1773008651.030689433,1,0,0.01
1773008652.051903938,0,0,1.24
1773008652.051903938,1,0,0.01
1773008653.073290664,0,0,1.24
1773008653.073290664,1,0,0.01
1773008654.094865253,0,0,1.24
1773008654.094865253,1,0,0.01
1773008655.117102382,0,0,1.24
1773008655.117102382,1,0,0.01
1773008656.138162953,0,0,1.24
1773008656.138162953,1,0,0.01
1773008657.160192868,0,0,1.24
1773008657.160192868,1,0,0.01
1773008658.181144259,0,0,1.24
1773008658.181144259,1,0,0.01
1773008659.202314674,0,0,1.24
1773008659.202314674,1,0,0.01
1773008660.223729387,0,0,1.24
1773008660.223729387,1,0,0.01
1773008661.245941570,0,0,1.24
1773008661.245941570,1,0,0.01
1773008662.267143180,0,0,1.24
1773008662.267143180,1,0,0.01
1773008663.288304488,0,0,1.24
1773008663.288304488,1,0,0.01
1773008664.310487331,0,0,1.24
1773008664.310487331,1,0,0.01
1773008665.332796867,0,0,1.24
1773008665.332796867,1,0,0.01
1773008666.354363730,0,0,1.24
1773008666.354363730,1,0,0.01
1773008667.375580930,0,0,1.24
1773008667.375580930,1,0,0.01
1773008668.396809022,0,0,1.24
1773008668.396809022,1,0,0.01
1773008669.418704889,0,0,1.24
1773008669.418704889,1,0,0.01
1773008670.439302761,0,0,1.24
1773008670.439302761,1,0,0.01
1773008671.459641571,0,0,1.24
1773008671.459641571,1,0,0.01
1773008672.481077253,0,0,1.24
1773008672.481077253,1,0,0.01
1773008673.502715334,0,0,1.24
1773008673.502715334,1,0,0.01
1773008674.524431181,0,0,1.24
1773008674.524431181,1,0,0.01
1773008675.546229842,0,0,1.24
1773008675.546229842,1,0,0.01
1773008676.566906917,0,0,1.24
1773008676.566906917,1,0,0.01
1773008677.589054415,0,0,1.24
1773008677.589054415,1,0,0.01
1773008678.611051670,0,0,1.24
1773008678.611051670,1,0,0.01
1773008679.633049783,0,0,1.24
1773008679.633049783,1,0,0.01
1773008680.654338793,0,0,1.24
1773008680.654338793,1,0,0.01
1773008681.675733532,0,0,1.24
1773008681.675733532,1,0,0.01
1773008682.697416862,0,0,1.24
1773008682.697416862,1,0,0.01
1773008683.719041578,0,0,1.24
1773008683.719041578,1,0,0.01
1773008684.740728532,0,0,1.24
1773008684.740728532,1,0,0.01
1773008685.763477222,0,0,1.24
1773008685.763477222,1,0,0.01
1773008686.784719321,0,0,1.24
1773008686.784719321,1,0,0.01
1773008687.806103112,0,0,1.24
1773008687.806103112,1,0,0.01
1773008688.828334169,0,0,1.24
1773008688.828334169,1,0,0.01
1773008689.849240592,0,0,1.24
1773008689.849240592,1,0,0.01
1773008690.870756412,0,0,1.24
1773008690.870756412,1,0,0.01
1773008691.892034337,0,0,1.24
1773008691.892034337,1,0,0.01
1773008692.913906342,0,0,1.24
1773008692.913906342,1,0,0.01
1773008693.935219901,0,0,1.24
1773008693.935219901,1,0,0.01
1773008694.956348207,0,0,1.24
1773008694.956348207,1,0,0.01
1773008695.977427609,0,0,1.24
1773008695.977427609,1,0,0.01
1773008696.998990486,0,0,1.24
1773008696.998990486,1,0,0.01
1773008698.019831765,0,0,1.24
1773008698.019831765,1,0,0.01
1773008699.041380241,0,0,1.24
1773008699.041380241,1,0,0.01
1773008700.062938013,0,0,1.24
1773008700.062938013,1,0,0.01
1773008701.085059417,0,0,1.24
1773008701.085059417,1,0,0.01
1773008702.106854834,0,0,1.24
1773008702.106854834,1,0,0.01
1773008703.129102628,0,0,1.24
1773008703.129102628,1,0,0.01
1773008704.150184783,0,0,1.24
1773008704.150184783,1,0,0.01
1773008705.170190426,0,0,1.24
1773008705.170190426,1,0,0.01
1773008706.191291553,0,0,1.24
1773008706.191291553,1,0,0.01
1773008707.213519714,0,0,1.24
1773008707.213519714,1,0,0.01
1773008708.234307790,0,0,1.24
1773008708.234307790,1,0,0.01
1773008709.256013124,0,0,1.24
1773008709.256013124,1,0,0.01
1773008710.278327806,0,0,1.24
1773008710.278327806,1,0,0.01
1773008711.300608585,0,0,1.24
1773008711.300608585,1,0,0.01
1773008712.322941593,0,0,1.24
1773008712.322941593,1,0,0.01
1773008713.344892068,0,0,1.24
1773008713.344892068,1,0,0.01
1773008714.366128546,0,0,1.24
1773008714.366128546,1,0,0.01
1773008715.387040115,0,0,1.24
1773008715.387040115,1,0,0.01
1773008716.408136753,0,0,1.24
1773008716.408136753,1,0,0.01
1773008717.429280120,0,0,1.24
1773008717.429280120,1,0,0.01
1773008718.450170876,0,0,1.24
1773008718.450170876,1,0,0.01
1773008719.471535740,0,0,1.24
1773008719.471535740,1,0,0.01
1773008720.492872992,0,0,1.24
1773008720.492872992,1,0,0.01
1773008721.514756972,0,0,1.24
1773008721.514756972,1,0,0.01
1773008722.536097207,0,0,1.24
1773008722.536097207,1,0,0.01
1773008723.557025945,0,0,1.24
1773008723.557025945,1,0,0.01
1773008724.579686475,0,0,1.24
1773008724.579686475,1,0,0.01
1773008725.601535265,0,0,1.24
1773008725.601535265,1,0,0.01
1773008726.623054572,0,0,1.24
1773008726.623054572,1,0,0.01
1773008727.644916382,0,0,1.24
1773008727.644916382,1,0,0.01
1773008728.667570119,0,0,1.24
1773008728.667570119,1,0,0.01
1773008729.687735214,0,0,1.24
1773008729.687735214,1,0,0.01
1773008730.707793846,0,0,1.24
1773008730.707793846,1,0,0.01
1773008731.729833295,0,0,1.24
1773008731.729833295,1,0,0.01
1773008732.750891893,0,0,1.24
1773008732.750891893,1,0,0.01
1773008733.773111279,0,0,1.24
1773008733.773111279,1,0,0.01
1773008734.793047028,0,0,1.24
1773008734.793047028,1,0,0.01
1773008735.814649929,0,0,1.24
1773008735.814649929,1,0,0.01
1773008736.836224432,0,0,1.24
1773008736.836224432,1,0,0.01
1773008737.857535105,0,0,1.24
1773008737.857535105,1,0,0.01
1773008738.877125927,0,0,1.24
1773008738.877125927,1,0,0.01
1773008739.897260468,0,0,1.24
1773008739.897260468,1,0,0.01
1773008740.917251652,0,0,1.24
1773008740.917251652,1,0,0.01
1773008741.939074611,0,0,1.24
1773008741.939074611,1,0,0.01
1773008742.959233833,0,0,1.24
1773008742.959233833,1,0,0.01
1773008743.979895141,0,0,1.24
1773008743.979895141,1,0,0.01
1773008745.000193494,0,0,1.24
1773008745.000193494,1,0,0.01
1773008746.021756069,0,0,1.24
1773008746.021756069,1,0,0.01
1773008747.043590964,0,0,1.24
1773008747.043590964,1,0,0.01
1773008748.065187702,0,0,1.24
1773008748.065187702,1,0,0.01
1773008749.087141278,0,0,1.24
1773008749.087141278,1,0,0.01
1773008750.108038321,0,0,1.24
1773008750.108038321,1,0,0.01
1773008751.129165751,0,0,1.24
1773008751.129165751,1,0,0.01
1773008752.149282384,0,0,1.24
1773008752.149282384,1,0,0.01
1773008753.169346404,0,0,1.24
1773008753.169346404,1,0,0.01
1773008754.189309162,0,0,1.24
1773008754.189309162,1,0,0.01
1773008755.211273329,0,0,1.24
1773008755.211273329,1,0,0.01
1773008756.231964886,0,0,1.24
1773008756.231964886,1,0,0.01
1773008757.253251420,0,0,1.24
1773008757.253251420,1,0,0.01
1773008758.274314652,0,0,1.24
1773008758.274314652,1,0,0.01
1773008759.295623440,0,0,1.24
1773008759.295623440,1,0,0.01
1773008760.316869382,0,0,1.24
1773008760.316869382,1,0,0.01
1773008761.338294305,0,0,1.24
1773008761.338294305,1,0,0.01
1773008762.357738041,0,0,1.24
1773008762.357738041,1,0,0.01
1773008763.378277274,0,0,1.24
1773008763.378277274,1,0,0.01
1773008764.400258100,0,0,1.24
1773008764.400258100,1,0,0.01
1773008765.420181837,0,0,1.24
1773008765.420181837,1,0,0.01
1773008766.441722365,0,0,1.24
1773008766.441722365,1,0,0.01
1773008767.463764796,0,0,1.24
1773008767.463764796,1,0,0.01
1773008768.485410788,0,0,1.24
1773008768.485410788,1,0,0.01
1773008769.506199798,0,0,1.24
1773008769.506199798,1,0,0.01
1773008770.526951166,0,0,1.24
1773008770.526951166,1,0,0.01
1773008771.548315985,0,0,1.24
1773008771.548315985,1,0,0.01
1773008772.570004080,0,0,1.24
1773008772.570004080,1,0,0.01
1773008773.591007439,0,0,1.24
1773008773.591007439,1,0,0.01
1773008774.611415715,0,0,1.24
1773008774.611415715,1,0,0.01
1773008775.633943094,0,0,1.24
1773008775.633943094,1,0,0.01
1773008776.655297083,0,0,1.24
1773008776.655297083,1,0,0.01
1773008777.677331861,0,0,1.24
1773008777.677331861,1,0,0.01
1773008778.698716586,0,0,1.24
1773008778.698716586,1,0,0.01
1773008779.718417727,0,0,1.24
1773008779.718417727,1,0,0.01
1773008780.739903110,0,0,1.24
1773008780.739903110,1,0,0.01
1773008781.760965293,0,0,1.24
1773008781.760965293,1,0,0.01
1773008782.782234541,0,0,1.24
1773008782.782234541,1,0,0.01
1773008783.803856398,0,0,1.24
1773008783.803856398,1,0,0.01
1773008784.825247495,0,0,1.24
1773008784.825247495,1,0,0.01
1773008785.847127792,0,0,1.24
1773008785.847127792,1,0,0.01
1773008786.868456139,0,0,1.24
1773008786.868456139,1,0,0.01
1773008787.890409394,0,0,1.24
1773008787.890409394,1,0,0.01
1773008788.912797613,0,0,1.24
1773008788.912797613,1,0,0.01
1773008789.934586327,0,0,1.24
1773008789.934586327,1,0,0.01
1773008790.954462157,0,0,1.24
1773008790.954462157,1,0,0.01
1773008791.975727461,0,0,1.24
1773008791.975727461,1,0,0.01
1773008792.998008174,0,0,1.24
1773008792.998008174,1,0,0.01
1773008794.019750466,0,0,1.24
1773008794.019750466,1,0,0.01
1773008795.041692676,0,0,1.24
1773008795.041692676,1,0,0.01
1773008796.063320632,0,0,1.24
1773008796.063320632,1,0,0.01
1773008797.083326688,0,0,1.24
1773008797.083326688,1,0,0.01
1773008798.103637596,0,0,1.24
1773008798.103637596,1,0,0.01
1773008799.124692326,0,0,1.24
1773008799.124692326,1,0,0.01
1773008800.145601270,0,0,1.24
1773008800.145601270,1,0,0.01
1773008801.167014920,0,0,1.24
1773008801.167014920,1,0,0.01
1773008802.189130964,0,0,1.24
1773008802.189130964,1,0,0.01
1773008803.210880822,0,0,1.24
1773008803.210880822,1,0,0.01
1773008804.232913108,0,0,1.24
1773008804.232913108,1,0,0.01
1773008805.253174898,0,0,1.24
1773008805.253174898,1,0,0.01
1773008806.274093464,0,0,1.24
1773008806.274093464,1,0,0.01
1773008807.295535501,0,0,1.24
1773008807.295535501,1,0,0.01
1773008808.316891002,0,0,1.24
1773008808.316891002,1,0,0.01
1773008809.338601265,0,0,1.24
1773008809.338601265,1,0,0.01
1773008810.358996758,0,0,1.24
1773008810.358996758,1,0,0.01
1773008811.380134688,0,0,1.24
1773008811.380134688,1,0,0.01
1773008812.401759083,0,0,1.24
1773008812.401759083,1,0,0.01
1773008813.423141338,0,0,1.24
1773008813.423141338,1,0,0.01
1773008814.444505943,0,0,1.24
1773008814.444505943,1,0,0.01
1773008815.465483843,0,0,1.24
1773008815.465483843,1,0,0.01
1773008816.487006470,0,0,1.24
1773008816.487006470,1,0,0.01
1773008817.508814317,0,0,1.24
1773008817.508814317,1,0,0.01
1773008818.528873799,0,0,1.24
1773008818.528873799,1,0,0.01
1773008819.551235584,0,0,1.24
1773008819.551235584,1,0,0.01
1773008820.573394383,0,0,1.24
1773008820.573394383,1,0,0.01
1773008821.594831725,0,0,1.24
1773008821.594831725,1,0,0.01
1773008822.616501986,0,0,1.24
1773008822.616501986,1,0,0.01
1773008823.638602752,0,0,1.24
1773008823.638602752,1,0,0.01
1773008824.659995754,0,0,1.24
1773008824.659995754,1,0,0.01
1773008825.681946062,0,0,1.24
1773008825.681946062,1,0,0.01
1773008826.703633429,0,0,1.24
1773008826.703633429,1,0,0.01
1773008827.725480891,0,0,1.24
1773008827.725480891,1,0,0.01
1773008828.746967656,0,0,1.24
1773008828.746967656,1,0,0.01
1773008829.768193555,0,0,1.24
1773008829.768193555,1,0,0.01
1773008830.789320269,0,0,1.24
1773008830.789320269,1,0,0.01
1773008831.810504030,0,0,1.24
1773008831.810504030,1,0,0.01
1773008832.831691736,0,0,1.24
1773008832.831691736,1,0,0.01
1773008833.853580993,0,0,1.24
1773008833.853580993,1,0,0.01
1773008834.875199781,0,0,1.24
1773008834.875199781,1,0,0.01
1773008835.896615848,0,0,1.24
1773008835.896615848,1,0,0.01
1773008836.918792771,0,0,1.24
1773008836.918792771,1,0,0.01
1773008837.940298443,0,0,1.24
1773008837.940298443,1,0,0.01
1773008838.962053375,0,0,1.24
1773008838.962053375,1,0,0.01
1773008839.982556143,0,0,1.24
1773008839.982556143,1,0,0.01
1773008841.002675446,0,0,1.24
1773008841.002675446,1,0,0.01
1773008842.024879199,0,0,1.24
1773008842.024879199,1,0,0.01
1773008843.047123438,0,0,1.24
1773008843.047123438,1,0,0.01
1773008844.068201807,0,0,1.24
1773008844.068201807,1,0,0.01
1773008845.088236515,0,0,1.24
1773008845.088236515,1,0,0.01
1773008846.109430043,0,0,1.24
1773008846.109430043,1,0,0.01
1773008847.129707500,0,0,1.24
1773008847.129707500,1,0,0.01
1773008848.151164893,0,0,1.24
1773008848.151164893,1,0,0.01
1773008849.172104938,0,0,1.24
1773008849.172104938,1,0,0.01
1773008850.191998369,0,0,1.24
1773008850.191998369,1,0,0.01
1773008851.213012275,0,0,1.24
1773008851.213012275,1,0,0.01
1773008852.233195404,0,0,1.24
1773008852.233195404,1,0,0.01
1773008853.254888990,0,0,1.24
1773008853.254888990,1,0,0.01
1773008854.277094990,0,0,1.24
1773008854.277094990,1,0,0.01
1773008855.297936914,0,0,1.24
1773008855.297936914,1,0,0.01
1773008856.319887736,0,0,1.24
1773008856.319887736,1,0,0.01
1773008857.341266581,0,0,1.24
1773008857.341266581,1,0,0.01
1773008858.362607280,0,0,1.24
1773008858.362607280,1,0,0.01
1773008859.384006282,0,0,1.24
1773008859.384006282,1,0,0.01
1773008860.403778613,0,0,1.24
1773008860.403778613,1,0,0.01
1773008861.425095088,0,0,1.24
1773008861.425095088,1,0,0.01
1773008862.446216168,0,0,1.24
1773008862.446216168,1,0,0.01
1773008863.467757458,0,0,1.24
1773008863.467757458,1,0,0.01
1773008864.488882586,0,0,1.24
1773008864.488882586,1,0,0.01
1773008865.510320792,0,0,1.24
1773008865.510320792,1,0,0.01
1773008866.532299689,0,0,1.24
1773008866.532299689,1,0,0.01
1773008867.552237613,0,0,1.24
1773008867.552237613,1,0,0.01
1773008868.573189743,0,0,1.24
1773008868.573189743,1,0,0.01
1773008869.595086170,0,0,1.24
1773008869.595086170,1,0,0.01
1773008870.616400779,0,0,1.24
1773008870.616400779,1,0,0.01
1773008871.638440764,0,0,1.24
1773008871.638440764,1,0,0.01
1773008872.659938016,0,0,1.24
1773008872.659938016,1,0,0.01
1773008873.681982101,0,0,1.24
1773008873.681982101,1,0,0.01
1773008874.703938514,0,0,1.24
1773008874.703938514,1,0,0.01
1773008875.725689825,0,0,1.24
1773008875.725689825,1,0,0.01
1773008876.747945129,0,0,1.24
1773008876.747945129,1,0,0.01
1773008877.769515710,0,0,1.24
1773008877.769515710,1,0,0.01
1773008878.790538992,0,0,1.24
1773008878.790538992,1,0,0.01
1773008879.812532304,0,0,1.24
1773008879.812532304,1,0,0.01
1773008880.833512826,0,0,1.24
1773008880.833512826,1,0,0.01
1773008881.853887296,0,0,1.24
1773008881.853887296,1,0,0.01
1773008882.876008139,0,0,1.24
1773008882.876008139,1,0,0.01
1773008883.898442663,0,0,1.24
1773008883.898442663,1,0,0.01
1773008884.919256503,0,0,1.24
1773008884.919256503,1,0,0.01
1773008885.941330599,0,0,1.24
1773008885.941330599,1,0,0.01
1773008886.963297718,0,0,1.24
1773008886.963297718,1,0,0.01
1773008887.983743946,0,0,1.24
1773008887.983743946,1,0,0.01
1773008889.006387208,0,0,1.24
1773008889.006387208,1,0,0.01
1773008890.027970479,0,0,1.24
1773008890.027970479,1,0,0.01
1773008891.048937239,0,0,1.24
1773008891.048937239,1,0,0.01
1773008892.070099307,0,0,1.24
1773008892.070099307,1,0,0.01
1773008893.091219954,0,0,1.24
1773008893.091219954,1,0,0.01
