timestamp,idx,gpu_util_pct,mem_used_pct
1777565067.268929271,0,0,0.00
1777565067.268929271,1,0,0.00
1777565068.292455438,0,0,0.00
1777565068.292455438,1,0,0.00
1777565069.315196540,0,0,0.00
1777565069.315196540,1,0,0.00
1777565070.336925883,0,0,0.00
1777565070.336925883,1,0,0.00
1777565071.358395444,0,0,0.00
1777565071.358395444,1,0,0.00
1777565072.379780398,0,0,0.00
1777565072.379780398,1,0,0.00
1777565073.401882441,0,0,0.00
1777565073.401882441,1,0,0.00
1777565074.423617068,0,0,0.00
1777565074.423617068,1,0,0.00
1777565075.445239359,0,0,0.00
1777565075.445239359,1,0,0.00
1777565076.466408304,0,0,0.00
1777565076.466408304,1,0,0.00
1777565077.488882819,0,0,0.00
1777565077.488882819,1,0,0.00
1777565078.510893706,0,0,0.00
1777565078.510893706,1,0,0.00
1777565079.532257365,0,0,0.00
1777565079.532257365,1,0,0.00
1777565080.554289948,0,0,0.00
1777565080.554289948,1,0,0.00
1777565081.575471578,0,0,0.00
1777565081.575471578,1,0,0.00
1777565082.595952038,0,0,0.00
1777565082.595952038,1,0,0.00
1777565083.617956215,0,0,0.00
1777565083.617956215,1,0,0.00
1777565084.639824372,0,0,0.00
1777565084.639824372,1,0,0.00
1777565085.661966738,0,0,0.00
1777565085.661966738,1,0,0.00
1777565086.683441473,0,0,0.00
1777565086.683441473,1,0,0.00
1777565087.704709934,0,0,0.00
1777565087.704709934,1,0,0.00
1777565088.727088418,0,0,0.00
1777565088.727088418,1,0,0.00
1777565089.749014532,0,0,0.00
1777565089.749014532,1,0,0.00
1777565090.772348385,0,0,0.00
1777565090.772348385,1,0,0.00
1777565091.795137622,0,0,0.00
1777565091.795137622,1,0,0.00
1777565092.817858395,0,0,0.00
1777565092.817858395,1,0,0.00
1777565093.838951680,0,0,0.96
1777565093.838951680,1,0,0.01
1777565094.860020646,0,0,0.96
1777565094.860020646,1,0,0.01
1777565095.881935418,0,0,0.96
1777565095.881935418,1,0,0.01
1777565096.902913530,0,0,0.96
1777565096.902913530,1,0,0.01
1777565097.925057520,0,0,0.96
1777565097.925057520,1,0,0.01
1777565098.946910076,0,0,0.96
1777565098.946910076,1,0,0.01
1777565099.969230619,0,0,0.96
1777565099.969230619,1,0,0.01
1777565100.990146778,0,0,0.96
1777565100.990146778,1,0,0.01
1777565102.011442908,0,0,0.96
1777565102.011442908,1,0,0.01
1777565103.032441460,0,0,0.96
1777565103.032441460,1,0,0.01
1777565104.054230033,0,0,0.96
1777565104.054230033,1,0,0.01
1777565105.075604838,0,0,0.96
1777565105.075604838,1,0,0.01
1777565106.096755123,0,0,0.96
1777565106.096755123,1,0,0.01
1777565107.118183916,0,0,0.96
1777565107.118183916,1,0,0.01
1777565108.139835141,0,0,0.96
1777565108.139835141,1,0,0.01
1777565109.160609134,0,0,0.96
1777565109.160609134,1,0,0.01
1777565110.180416150,0,0,0.96
1777565110.180416150,1,0,0.01
1777565111.200494072,0,0,0.96
1777565111.200494072,1,0,0.01
1777565112.220342452,0,0,0.96
1777565112.220342452,1,0,0.01
1777565113.240464100,0,0,0.96
1777565113.240464100,1,0,0.01
1777565114.261852472,0,0,0.96
1777565114.261852472,1,0,0.01
1777565115.281616589,0,0,0.96
1777565115.281616589,1,0,0.01
1777565116.301793240,0,0,0.96
1777565116.301793240,1,0,0.01
1777565117.322361145,0,0,0.96
1777565117.322361145,1,0,0.01
1777565118.342307519,0,0,0.96
1777565118.342307519,1,0,0.01
1777565119.363930355,0,0,0.96
1777565119.363930355,1,0,0.01
1777565120.385252873,0,0,0.96
1777565120.385252873,1,0,0.01
1777565121.405916497,0,0,0.96
1777565121.405916497,1,0,0.01
1777565122.427077698,0,0,0.96
1777565122.427077698,1,0,0.01
1777565123.448272641,0,0,0.96
1777565123.448272641,1,0,0.01
1777565124.468260126,0,0,0.96
1777565124.468260126,1,0,0.01
1777565125.488118338,0,0,0.96
1777565125.488118338,1,0,0.01
1777565126.510036646,0,0,0.96
1777565126.510036646,1,0,0.01
1777565127.530208841,0,0,0.96
1777565127.530208841,1,0,0.01
1777565128.550139903,0,0,0.96
1777565128.550139903,1,0,0.01
1777565129.570707914,0,0,0.96
1777565129.570707914,1,0,0.01
1777565130.590645460,0,0,0.96
1777565130.590645460,1,0,0.01
1777565131.612319977,0,0,0.96
1777565131.612319977,1,0,0.01
1777565132.633975257,0,0,0.96
1777565132.633975257,1,0,0.01
1777565133.654742504,0,0,0.96
1777565133.654742504,1,0,0.01
1777565134.675384597,0,0,0.96
1777565134.675384597,1,0,0.01
1777565135.695709064,0,0,0.96
1777565135.695709064,1,0,0.01
1777565136.716518936,0,0,0.96
1777565136.716518936,1,0,0.01
1777565137.736979100,0,0,0.96
1777565137.736979100,1,0,0.01
1777565138.757176705,0,0,0.96
1777565138.757176705,1,0,0.01
1777565139.777240350,0,0,0.96
1777565139.777240350,1,0,0.01
1777565140.797748405,0,0,0.96
1777565140.797748405,1,0,0.01
1777565141.817922761,0,0,0.96
1777565141.817922761,1,0,0.01
1777565142.839400258,0,0,0.96
1777565142.839400258,1,0,0.01
1777565143.861157124,0,0,0.96
1777565143.861157124,1,0,0.01
1777565144.882251346,0,0,0.96
1777565144.882251346,1,0,0.01
1777565145.902858318,0,0,0.96
1777565145.902858318,1,0,0.01
1777565146.922706623,0,0,0.96
1777565146.922706623,1,0,0.01
1777565147.942597389,0,0,0.96
1777565147.942597389,1,0,0.01
1777565148.962875925,0,0,0.96
1777565148.962875925,1,0,0.01
1777565149.983740446,0,0,0.96
1777565149.983740446,1,0,0.01
1777565151.006073058,0,0,0.96
1777565151.006073058,1,0,0.01
1777565152.027718397,0,0,0.96
1777565152.027718397,1,0,0.01
1777565153.047911254,0,0,0.96
1777565153.047911254,1,0,0.01
1777565154.067883440,0,0,0.96
1777565154.067883440,1,0,0.01
1777565155.087735032,0,0,0.96
1777565155.087735032,1,0,0.01
1777565156.107582293,0,0,0.96
1777565156.107582293,1,0,0.01
1777565157.127517207,0,0,0.96
1777565157.127517207,1,0,0.01
1777565158.147595847,0,0,0.96
1777565158.147595847,1,0,0.01
1777565159.167370714,0,0,0.96
1777565159.167370714,1,0,0.01
1777565160.188662055,0,0,0.96
1777565160.188662055,1,0,0.01
1777565161.208296654,0,0,0.96
1777565161.208296654,1,0,0.01
1777565162.228172736,0,0,0.96
1777565162.228172736,1,0,0.01
1777565163.248871414,0,0,0.96
1777565163.248871414,1,0,0.01
1777565164.269410262,0,0,0.96
1777565164.269410262,1,0,0.01
1777565165.289321102,0,0,0.96
1777565165.289321102,1,0,0.01
1777565166.309744956,0,0,0.96
1777565166.309744956,1,0,0.01
1777565167.329345792,0,0,0.96
1777565167.329345792,1,0,0.01
1777565168.351567022,0,0,0.96
1777565168.351567022,1,0,0.01
1777565169.372418534,0,0,0.96
1777565169.372418534,1,0,0.01
1777565170.392408259,0,0,0.96
1777565170.392408259,1,0,0.01
1777565171.412193840,0,0,0.96
1777565171.412193840,1,0,0.01
1777565172.431819469,0,0,0.96
1777565172.431819469,1,0,0.01
1777565173.452496470,0,0,0.96
1777565173.452496470,1,0,0.01
1777565174.473017310,0,0,0.96
1777565174.473017310,1,0,0.01
1777565175.494889686,0,0,0.96
1777565175.494889686,1,0,0.01
1777565176.517004553,0,0,0.96
1777565176.517004553,1,0,0.01
1777565177.536554099,0,0,0.96
1777565177.536554099,1,0,0.01
1777565178.557381387,0,0,0.96
1777565178.557381387,1,0,0.01
1777565179.578642442,0,0,0.96
1777565179.578642442,1,0,0.01
1777565180.598892407,0,0,0.96
1777565180.598892407,1,0,0.01
1777565181.619613779,0,0,0.96
1777565181.619613779,1,0,0.01
1777565182.640409867,0,0,0.96
1777565182.640409867,1,0,0.01
1777565183.660967007,0,0,0.96
1777565183.660967007,1,0,0.01
1777565184.682739409,0,0,0.96
1777565184.682739409,1,0,0.01
1777565185.703117584,0,0,0.96
1777565185.703117584,1,0,0.01
1777565186.723170689,0,0,0.96
1777565186.723170689,1,0,0.01
1777565187.744949452,0,0,0.96
1777565187.744949452,1,0,0.01
1777565188.766176958,0,0,0.96
1777565188.766176958,1,0,0.01
1777565189.787290122,0,0,0.96
1777565189.787290122,1,0,0.01
1777565190.807935470,0,0,0.96
1777565190.807935470,1,0,0.01
1777565191.827760550,0,0,0.96
1777565191.827760550,1,0,0.01
1777565192.847962988,0,0,0.96
1777565192.847962988,1,0,0.01
1777565193.867957892,0,0,0.96
1777565193.867957892,1,0,0.01
1777565194.889597700,0,0,0.96
1777565194.889597700,1,0,0.01
1777565195.911216173,0,0,0.96
1777565195.911216173,1,0,0.01
1777565196.932017114,0,0,0.96
1777565196.932017114,1,0,0.01
1777565197.951935521,0,0,0.96
1777565197.951935521,1,0,0.01
1777565198.971720651,0,0,0.96
1777565198.971720651,1,0,0.01
1777565199.992776591,0,0,0.96
1777565199.992776591,1,0,0.01
1777565201.013604333,0,0,0.96
1777565201.013604333,1,0,0.01
1777565202.034917572,0,0,0.96
1777565202.034917572,1,0,0.01
1777565203.054812716,0,0,0.96
1777565203.054812716,1,0,0.01
1777565204.076200583,0,0,0.96
1777565204.076200583,1,0,0.01
1777565205.096443055,0,0,0.96
1777565205.096443055,1,0,0.01
1777565206.117501882,0,0,0.96
1777565206.117501882,1,0,0.01
1777565207.137223413,0,0,0.96
1777565207.137223413,1,0,0.01
1777565208.156866784,0,0,0.96
1777565208.156866784,1,0,0.01
1777565209.177627977,0,0,0.96
1777565209.177627977,1,0,0.01
1777565210.198906011,0,0,0.96
1777565210.198906011,1,0,0.01
1777565211.218910202,0,0,0.96
1777565211.218910202,1,0,0.01
1777565212.239919049,0,0,0.96
1777565212.239919049,1,0,0.01
1777565213.260141847,0,0,0.96
1777565213.260141847,1,0,0.01
1777565214.280821806,0,0,0.96
1777565214.280821806,1,0,0.01
1777565215.301116756,0,0,0.96
1777565215.301116756,1,0,0.01
1777565216.320911939,0,0,0.96
1777565216.320911939,1,0,0.01
1777565217.340922176,0,0,0.96
1777565217.340922176,1,0,0.01
1777565218.362333231,0,0,0.96
1777565218.362333231,1,0,0.01
1777565219.383003303,0,0,0.96
1777565219.383003303,1,0,0.01
1777565220.404632781,0,0,0.96
1777565220.404632781,1,0,0.01
1777565221.425940168,0,0,0.96
1777565221.425940168,1,0,0.01
1777565222.445797515,0,0,0.96
1777565222.445797515,1,0,0.01
1777565223.465596331,0,0,0.96
1777565223.465596331,1,0,0.01
1777565224.486049939,0,0,0.96
1777565224.486049939,1,0,0.01
1777565225.508284469,0,0,0.96
1777565225.508284469,1,0,0.01
1777565226.529837930,0,0,0.96
1777565226.529837930,1,0,0.01
1777565227.549668951,0,0,0.96
1777565227.549668951,1,0,0.01
1777565228.569659332,0,0,0.96
1777565228.569659332,1,0,0.01
1777565229.589886180,0,0,0.96
1777565229.589886180,1,0,0.01
1777565230.609822020,0,0,0.96
1777565230.609822020,1,0,0.01
1777565231.630798115,0,0,0.96
1777565231.630798115,1,0,0.01
1777565232.650853853,0,0,0.96
1777565232.650853853,1,0,0.01
1777565233.672012471,0,0,0.96
1777565233.672012471,1,0,0.01
1777565234.694009228,0,0,0.96
1777565234.694009228,1,0,0.01
1777565235.715020737,0,0,0.96
1777565235.715020737,1,0,0.01
1777565236.735585192,0,0,0.96
1777565236.735585192,1,0,0.01
1777565237.756407345,0,0,0.96
1777565237.756407345,1,0,0.01
1777565238.777854906,0,0,0.96
1777565238.777854906,1,0,0.01
1777565239.797186286,0,0,0.96
1777565239.797186286,1,0,0.01
1777565240.816975561,0,0,0.96
1777565240.816975561,1,0,0.01
1777565241.836833639,0,0,0.96
1777565241.836833639,1,0,0.01
1777565242.857966030,0,0,0.96
1777565242.857966030,1,0,0.01
1777565243.878409937,0,0,0.96
1777565243.878409937,1,0,0.01
1777565244.898727559,0,0,0.96
1777565244.898727559,1,0,0.01
1777565245.918521043,0,0,0.96
1777565245.918521043,1,0,0.01
1777565246.938428261,0,0,0.96
1777565246.938428261,1,0,0.01
1777565247.958284244,0,0,0.96
1777565247.958284244,1,0,0.01
1777565248.978082776,0,0,0.96
1777565248.978082776,1,0,0.01
1777565249.997921138,0,0,0.96
1777565249.997921138,1,0,0.01
1777565251.018100224,0,0,0.96
1777565251.018100224,1,0,0.01
1777565252.038175182,0,0,0.96
1777565252.038175182,1,0,0.01
1777565253.058193899,0,0,0.96
1777565253.058193899,1,0,0.01
1777565254.078155048,0,0,0.96
1777565254.078155048,1,0,0.01
1777565255.097853954,0,0,0.96
1777565255.097853954,1,0,0.01
1777565256.119819333,0,0,0.96
1777565256.119819333,1,0,0.01
1777565257.141728240,0,0,0.96
1777565257.141728240,1,0,0.01
1777565258.161802285,0,0,0.96
1777565258.161802285,1,0,0.01
1777565259.182295081,0,0,0.96
1777565259.182295081,1,0,0.01
1777565260.202080166,0,0,0.96
1777565260.202080166,1,0,0.01
1777565261.222005150,0,0,0.96
1777565261.222005150,1,0,0.01
1777565262.242709486,0,0,0.96
1777565262.242709486,1,0,0.01
1777565263.262637060,0,0,0.96
1777565263.262637060,1,0,0.01
1777565264.282658234,0,0,0.96
1777565264.282658234,1,0,0.01
1777565265.303262905,0,0,0.96
1777565265.303262905,1,0,0.01
1777565266.323249749,0,0,0.96
1777565266.323249749,1,0,0.01
1777565267.342989506,0,0,0.96
1777565267.342989506,1,0,0.01
1777565268.364613347,0,0,0.96
1777565268.364613347,1,0,0.01
1777565269.386242281,0,0,0.96
1777565269.386242281,1,0,0.01
1777565270.407174124,0,0,0.96
1777565270.407174124,1,0,0.01
1777565271.427639291,0,0,0.96
1777565271.427639291,1,0,0.01
1777565272.448016656,0,0,0.96
1777565272.448016656,1,0,0.01
1777565273.467637756,0,0,0.96
1777565273.467637756,1,0,0.01
1777565274.488583103,0,0,0.96
1777565274.488583103,1,0,0.01
1777565275.508623777,0,0,0.96
1777565275.508623777,1,0,0.01
1777565276.528075477,0,0,0.96
1777565276.528075477,1,0,0.01
1777565277.547874302,0,0,0.96
1777565277.547874302,1,0,0.01
1777565278.567666567,0,0,0.96
1777565278.567666567,1,0,0.01
1777565279.587088813,0,0,0.96
1777565279.587088813,1,0,0.01
1777565280.606836660,0,0,0.96
1777565280.606836660,1,0,0.01
1777565281.627259977,0,0,0.96
1777565281.627259977,1,0,0.01
1777565282.649030474,0,0,0.96
1777565282.649030474,1,0,0.01
1777565283.668734299,0,0,0.96
1777565283.668734299,1,0,0.01
1777565284.690018954,0,0,0.96
1777565284.690018954,1,0,0.01
1777565285.711821285,0,0,0.96
1777565285.711821285,1,0,0.01
1777565286.731753716,0,0,0.96
1777565286.731753716,1,0,0.01
1777565287.752498051,0,0,0.96
1777565287.752498051,1,0,0.01
1777565288.773149301,0,0,0.96
1777565288.773149301,1,0,0.01
1777565289.792804093,0,0,0.96
1777565289.792804093,1,0,0.01
1777565290.812201110,0,0,0.96
1777565290.812201110,1,0,0.01
1777565291.831957402,0,0,0.96
1777565291.831957402,1,0,0.01
1777565292.851799445,0,0,0.96
1777565292.851799445,1,0,0.01
1777565293.871664323,0,0,0.96
1777565293.871664323,1,0,0.01
1777565294.891550481,0,0,0.96
1777565294.891550481,1,0,0.01
1777565295.913280079,0,0,0.96
1777565295.913280079,1,0,0.01
1777565296.933216045,0,0,0.96
1777565296.933216045,1,0,0.01
1777565297.954664361,0,0,0.96
1777565297.954664361,1,0,0.01
1777565298.975862053,0,0,0.96
1777565298.975862053,1,0,0.01
1777565299.995852611,0,0,0.96
1777565299.995852611,1,0,0.01
1777565301.016691392,0,0,0.96
1777565301.016691392,1,0,0.01
1777565302.037518742,0,0,0.96
1777565302.037518742,1,0,0.01
1777565303.059374680,0,0,0.96
1777565303.059374680,1,0,0.01
1777565304.080616318,0,0,0.96
1777565304.080616318,1,0,0.01
1777565305.100612402,0,0,0.96
1777565305.100612402,1,0,0.01
1777565306.120357805,0,0,0.96
1777565306.120357805,1,0,0.01
1777565307.141306551,0,0,0.96
1777565307.141306551,1,0,0.01
1777565308.160896913,0,0,0.96
1777565308.160896913,1,0,0.01
1777565309.180970270,0,0,0.96
1777565309.180970270,1,0,0.01
1777565310.200805274,0,0,0.96
1777565310.200805274,1,0,0.01
1777565311.220729970,0,0,0.96
1777565311.220729970,1,0,0.01
1777565312.240374003,0,0,0.96
1777565312.240374003,1,0,0.01
1777565313.261532869,0,0,0.96
1777565313.261532869,1,0,0.01
1777565314.282717251,0,0,0.96
1777565314.282717251,1,0,0.01
1777565315.302922240,0,0,0.96
1777565315.302922240,1,0,0.01
1777565316.322846254,0,0,0.96
1777565316.322846254,1,0,0.01
1777565317.343144967,0,0,0.96
1777565317.343144967,1,0,0.01
1777565318.362953227,0,0,0.96
1777565318.362953227,1,0,0.01
1777565319.383423383,0,0,0.96
1777565319.383423383,1,0,0.01
1777565320.403746493,0,0,0.96
1777565320.403746493,1,0,0.01
1777565321.424090875,0,0,0.96
1777565321.424090875,1,0,0.01
1777565322.443732273,0,0,0.96
1777565322.443732273,1,0,0.01
1777565323.465577014,0,0,0.96
1777565323.465577014,1,0,0.01
1777565324.487467722,0,0,0.96
1777565324.487467722,1,0,0.01
1777565325.507007324,0,0,0.96
1777565325.507007324,1,0,0.01
1777565326.528050430,0,0,0.96
1777565326.528050430,1,0,0.01
1777565327.549641572,0,0,0.96
1777565327.549641572,1,0,0.01
1777565328.570044154,0,0,0.96
1777565328.570044154,1,0,0.01
1777565329.590622185,0,0,0.96
1777565329.590622185,1,0,0.01
1777565330.611621502,0,0,0.96
1777565330.611621502,1,0,0.01
1777565331.632061861,0,0,0.96
1777565331.632061861,1,0,0.01
1777565332.653582838,0,0,0.96
1777565332.653582838,1,0,0.01
1777565333.673761910,0,0,0.96
1777565333.673761910,1,0,0.01
1777565334.694743031,0,0,0.96
1777565334.694743031,1,0,0.01
1777565335.716681283,0,0,0.96
1777565335.716681283,1,0,0.01
1777565336.737670761,0,0,0.96
1777565336.737670761,1,0,0.01
1777565337.757863071,0,0,0.96
1777565337.757863071,1,0,0.01
1777565338.777982820,0,0,0.96
1777565338.777982820,1,0,0.01
1777565339.798233496,0,0,0.96
1777565339.798233496,1,0,0.01
1777565340.818402842,0,0,0.96
1777565340.818402842,1,0,0.01
1777565341.839808111,0,0,0.96
1777565341.839808111,1,0,0.01
1777565342.860571486,0,0,0.96
1777565342.860571486,1,0,0.01
1777565343.881206610,0,0,0.96
1777565343.881206610,1,0,0.01
1777565344.901186003,0,0,0.96
1777565344.901186003,1,0,0.01
1777565345.921893561,0,0,0.96
1777565345.921893561,1,0,0.01
1777565346.942026939,0,0,0.96
1777565346.942026939,1,0,0.01
1777565347.962738728,0,0,0.96
1777565347.962738728,1,0,0.01
1777565348.983496639,0,0,0.96
1777565348.983496639,1,0,0.01
1777565350.003881802,0,0,0.96
1777565350.003881802,1,0,0.01
1777565351.023951300,0,0,0.96
1777565351.023951300,1,0,0.01
1777565352.043866664,0,0,0.96
1777565352.043866664,1,0,0.01
1777565353.063669093,0,0,0.96
1777565353.063669093,1,0,0.01
1777565354.083862021,0,0,0.96
1777565354.083862021,1,0,0.01
1777565355.104298379,0,0,0.96
1777565355.104298379,1,0,0.01
1777565356.124193107,0,0,0.96
1777565356.124193107,1,0,0.01
1777565357.144091105,0,0,0.96
1777565357.144091105,1,0,0.01
1777565358.164117594,0,0,0.96
1777565358.164117594,1,0,0.01
1777565359.183852255,0,0,0.96
1777565359.183852255,1,0,0.01
1777565360.204061400,0,0,0.96
1777565360.204061400,1,0,0.01
1777565361.225912952,0,0,0.96
1777565361.225912952,1,0,0.01
1777565362.246777249,0,0,0.96
1777565362.246777249,1,0,0.01
1777565363.266402707,0,0,0.96
1777565363.266402707,1,0,0.01
1777565364.286444389,0,0,0.96
1777565364.286444389,1,0,0.01
1777565365.307455057,0,0,0.96
1777565365.307455057,1,0,0.01
1777565366.327364611,0,0,0.96
1777565366.327364611,1,0,0.01
1777565367.347759189,0,0,0.96
1777565367.347759189,1,0,0.01
1777565368.368949180,0,0,0.96
1777565368.368949180,1,0,0.01
1777565369.390351094,0,0,0.96
1777565369.390351094,1,0,0.01
1777565370.411503777,0,0,0.96
1777565370.411503777,1,0,0.01
1777565371.431992512,0,0,0.96
1777565371.431992512,1,0,0.01
1777565372.453463938,0,0,0.96
1777565372.453463938,1,0,0.01
1777565373.473846124,0,0,0.96
1777565373.473846124,1,0,0.01
1777565374.493965982,0,0,0.96
1777565374.493965982,1,0,0.01
1777565375.513807759,0,0,0.96
1777565375.513807759,1,0,0.01
1777565376.534001462,0,0,0.96
1777565376.534001462,1,0,0.01
1777565377.553656890,0,0,0.96
1777565377.553656890,1,0,0.01
1777565378.573803008,0,0,0.96
1777565378.573803008,1,0,0.01
1777565379.594101195,0,0,0.96
1777565379.594101195,1,0,0.01
1777565380.614536056,0,0,0.96
1777565380.614536056,1,0,0.01
1777565381.635238502,0,0,0.96
1777565381.635238502,1,0,0.01
1777565382.655085362,0,0,0.96
1777565382.655085362,1,0,0.01
1777565383.676240480,0,0,0.96
1777565383.676240480,1,0,0.01
1777565384.695927356,0,0,0.96
1777565384.695927356,1,0,0.01
1777565385.716675607,0,0,0.96
1777565385.716675607,1,0,0.01
1777565386.736997132,0,0,0.96
1777565386.736997132,1,0,0.01
1777565387.758169722,0,0,0.96
1777565387.758169722,1,0,0.01
1777565388.778120853,0,0,0.96
1777565388.778120853,1,0,0.01
1777565389.798285921,0,0,0.96
1777565389.798285921,1,0,0.01
1777565390.818410441,0,0,0.96
1777565390.818410441,1,0,0.01
1777565391.838329069,0,0,0.96
1777565391.838329069,1,0,0.01
1777565392.858867773,0,0,0.96
1777565392.858867773,1,0,0.01
1777565393.880271609,0,0,0.96
1777565393.880271609,1,0,0.01
1777565394.900434128,0,0,0.96
1777565394.900434128,1,0,0.01
1777565395.921530183,0,0,0.96
1777565395.921530183,1,0,0.01
1777565396.941975572,0,0,0.96
1777565396.941975572,1,0,0.01
1777565397.961763483,0,0,0.96
1777565397.961763483,1,0,0.01
1777565398.982759036,0,0,0.96
1777565398.982759036,1,0,0.01
1777565400.003213792,0,0,0.96
1777565400.003213792,1,0,0.01
1777565401.024149635,0,0,0.96
1777565401.024149635,1,0,0.01
1777565402.045035106,0,0,0.96
1777565402.045035106,1,0,0.01
1777565403.065289670,0,0,0.96
1777565403.065289670,1,0,0.01
1777565404.086099897,0,0,0.96
1777565404.086099897,1,0,0.01
1777565405.106927942,0,0,0.96
1777565405.106927942,1,0,0.01
1777565406.127907677,0,0,0.96
1777565406.127907677,1,0,0.01
1777565407.148194095,0,0,0.96
1777565407.148194095,1,0,0.01
1777565408.168516702,0,0,0.96
1777565408.168516702,1,0,0.01
1777565409.188427081,0,0,0.96
1777565409.188427081,1,0,0.01
1777565410.208412633,0,0,0.96
1777565410.208412633,1,0,0.01
1777565411.228423017,0,0,0.96
1777565411.228423017,1,0,0.01
1777565412.248662531,0,0,0.96
1777565412.248662531,1,0,0.01
1777565413.269324201,0,0,0.96
1777565413.269324201,1,0,0.01
1777565414.288912561,0,0,0.96
1777565414.288912561,1,0,0.01
1777565415.308840168,0,0,0.96
1777565415.308840168,1,0,0.01
1777565416.330235985,0,0,0.96
1777565416.330235985,1,0,0.01
1777565417.350681399,0,0,0.96
1777565417.350681399,1,0,0.01
1777565418.370988971,0,0,0.96
1777565418.370988971,1,0,0.01
1777565419.391853901,0,0,0.96
1777565419.391853901,1,0,0.01
1777565420.413096262,0,0,0.96
1777565420.413096262,1,0,0.01
1777565421.434474024,0,0,0.96
1777565421.434474024,1,0,0.01
1777565422.455190584,0,0,0.96
1777565422.455190584,1,0,0.01
1777565423.476256010,0,0,0.96
1777565423.476256010,1,0,0.01
1777565424.497258224,0,0,0.96
1777565424.497258224,1,0,0.01
1777565425.517871471,0,0,0.96
1777565425.517871471,1,0,0.01
1777565426.538187404,0,0,0.96
1777565426.538187404,1,0,0.01
1777565427.557826694,0,0,0.96
1777565427.557826694,1,0,0.01
1777565428.577472529,0,0,0.96
1777565428.577472529,1,0,0.01
1777565429.598004511,0,0,0.96
1777565429.598004511,1,0,0.01
1777565430.619819281,0,0,0.96
1777565430.619819281,1,0,0.01
1777565431.641794772,0,0,0.96
1777565431.641794772,1,0,0.01
1777565432.660995428,0,0,0.96
1777565432.660995428,1,0,0.01
1777565433.680776070,0,0,0.96
1777565433.680776070,1,0,0.01
1777565434.700546746,0,0,0.96
1777565434.700546746,1,0,0.01
1777565435.719861586,0,0,0.96
1777565435.719861586,1,0,0.01
1777565436.740384323,0,0,0.96
1777565436.740384323,1,0,0.01
1777565437.759670064,0,0,0.96
1777565437.759670064,1,0,0.01
1777565438.779371249,0,0,0.96
1777565438.779371249,1,0,0.01
1777565439.800884460,0,0,0.96
1777565439.800884460,1,0,0.01
1777565440.821186602,0,0,0.96
1777565440.821186602,1,0,0.01
1777565441.841350598,0,0,0.96
1777565441.841350598,1,0,0.01
1777565442.860876137,0,0,0.96
1777565442.860876137,1,0,0.01
1777565443.881816300,0,0,0.96
1777565443.881816300,1,0,0.01
1777565444.902016208,0,0,0.96
1777565444.902016208,1,0,0.01
1777565445.922489110,0,0,0.96
1777565445.922489110,1,0,0.01
1777565446.943297403,0,0,0.96
1777565446.943297403,1,0,0.01
1777565447.963561434,0,0,0.96
1777565447.963561434,1,0,0.01
1777565448.984677853,0,0,0.96
1777565448.984677853,1,0,0.01
1777565450.006738489,0,0,0.96
1777565450.006738489,1,0,0.01
1777565451.026768944,0,0,0.96
1777565451.026768944,1,0,0.01
1777565452.047703261,0,0,0.96
1777565452.047703261,1,0,0.01
1777565453.068608470,0,0,0.96
1777565453.068608470,1,0,0.01
1777565454.089730233,0,0,0.96
1777565454.089730233,1,0,0.01
1777565455.109674149,0,0,0.96
1777565455.109674149,1,0,0.01
1777565456.130462482,0,0,0.96
1777565456.130462482,1,0,0.01
1777565457.151840289,0,0,0.96
1777565457.151840289,1,0,0.01
1777565458.171524542,0,0,0.96
1777565458.171524542,1,0,0.01
1777565459.191182350,0,0,0.96
1777565459.191182350,1,0,0.01
1777565460.210589386,0,0,0.96
1777565460.210589386,1,0,0.01
1777565461.231694514,0,0,0.96
1777565461.231694514,1,0,0.01
1777565462.252707869,0,0,0.96
1777565462.252707869,1,0,0.01
1777565463.272616442,0,0,0.96
1777565463.272616442,1,0,0.01
1777565464.293584913,0,0,0.96
1777565464.293584913,1,0,0.01
1777565465.314204464,0,0,0.96
1777565465.314204464,1,0,0.01
1777565466.334723359,0,0,0.96
1777565466.334723359,1,0,0.01
1777565467.356262298,0,0,0.96
1777565467.356262298,1,0,0.01
1777565468.376507592,0,0,0.96
1777565468.376507592,1,0,0.01
1777565469.397026516,0,0,0.96
1777565469.397026516,1,0,0.01
1777565470.417166027,0,0,0.96
1777565470.417166027,1,0,0.01
1777565471.439296367,0,0,0.96
1777565471.439296367,1,0,0.01
1777565472.459152499,0,0,0.96
1777565472.459152499,1,0,0.01
1777565473.479260096,0,0,0.96
1777565473.479260096,1,0,0.01
1777565474.499192927,0,0,0.96
1777565474.499192927,1,0,0.01
1777565475.520100173,0,0,0.96
1777565475.520100173,1,0,0.01
1777565476.540805131,0,0,0.96
1777565476.540805131,1,0,0.01
1777565477.561121329,0,0,0.96
1777565477.561121329,1,0,0.01
1777565478.581094535,0,0,0.96
1777565478.581094535,1,0,0.01
1777565479.600957930,0,0,0.96
1777565479.600957930,1,0,0.01
1777565480.621493834,0,0,0.96
1777565480.621493834,1,0,0.01
1777565481.643716040,0,0,0.96
1777565481.643716040,1,0,0.01
1777565482.664624503,0,0,0.96
1777565482.664624503,1,0,0.01
1777565483.684677100,0,0,0.96
1777565483.684677100,1,0,0.01
1777565484.704311069,0,0,0.96
1777565484.704311069,1,0,0.01
1777565485.724002660,0,0,0.96
1777565485.724002660,1,0,0.01
1777565486.743688635,0,0,0.96
1777565486.743688635,1,0,0.01
1777565487.763894123,0,0,0.96
1777565487.763894123,1,0,0.01
1777565488.783564159,0,0,0.96
1777565488.783564159,1,0,0.01
1777565489.803513578,0,0,0.96
1777565489.803513578,1,0,0.01
1777565490.824405896,0,0,0.96
1777565490.824405896,1,0,0.01
1777565491.844589990,0,0,0.96
1777565491.844589990,1,0,0.01
1777565492.864553806,0,0,1.15
1777565492.864553806,1,0,0.01
1777565493.884903533,0,0,1.15
1777565493.884903533,1,0,0.01
1777565494.907722332,0,0,1.15
1777565494.907722332,1,0,0.01
1777565495.928905531,0,0,1.15
1777565495.928905531,1,0,0.01
1777565496.950466378,0,0,1.23
1777565496.950466378,1,0,0.01
1777565497.971935138,0,0,1.29
1777565497.971935138,1,0,0.01
1777565498.994207999,0,0,1.29
1777565498.994207999,1,0,0.01
1777565500.017425291,0,0,1.29
1777565500.017425291,1,0,0.01
1777565501.040282083,0,0,1.30
1777565501.040282083,1,0,0.01
1777565502.063364228,0,0,1.30
1777565502.063364228,1,0,0.01
1777565503.085501348,0,61,1.31
1777565503.085501348,1,0,0.01
1777565504.106981101,0,61,1.31
1777565504.106981101,1,0,0.01
1777565505.127027893,0,61,1.31
1777565505.127027893,1,0,0.01
1777565506.148574623,0,9,1.31
1777565506.148574623,1,0,0.01
1777565507.169702430,0,0,1.31
1777565507.169702430,1,0,0.01
1777565508.191417486,0,0,1.31
1777565508.191417486,1,0,0.01
1777565509.211471941,0,0,1.31
1777565509.211471941,1,0,0.01
1777565510.231645033,0,0,1.31
1777565510.231645033,1,0,0.01
1777565511.251510174,0,0,1.31
1777565511.251510174,1,0,0.01
1777565512.271965409,0,0,1.31
1777565512.271965409,1,0,0.01
1777565513.291475067,0,0,1.31
1777565513.291475067,1,0,0.01
1777565514.312378217,0,0,1.31
1777565514.312378217,1,0,0.01
1777565515.332981047,0,0,1.31
1777565515.332981047,1,0,0.01
1777565516.352785680,0,0,1.31
1777565516.352785680,1,0,0.01
1777565517.372612862,0,0,1.31
1777565517.372612862,1,0,0.01
1777565518.392909478,0,0,1.31
1777565518.392909478,1,0,0.01
1777565519.413284826,0,0,1.31
1777565519.413284826,1,0,0.01
1777565520.434603241,0,0,1.31
1777565520.434603241,1,0,0.01
1777565521.454342006,0,0,1.31
1777565521.454342006,1,0,0.01
1777565522.475669421,0,0,1.31
1777565522.475669421,1,0,0.01
1777565523.495879000,0,0,1.31
1777565523.495879000,1,0,0.01
1777565524.515891371,0,0,1.31
1777565524.515891371,1,0,0.01
1777565525.535755230,0,0,1.31
1777565525.535755230,1,0,0.01
1777565526.555654078,0,0,1.31
1777565526.555654078,1,0,0.01
1777565527.575319745,0,0,1.31
1777565527.575319745,1,0,0.01
1777565528.595237376,0,0,1.31
1777565528.595237376,1,0,0.01
1777565529.614876992,0,0,1.31
1777565529.614876992,1,0,0.01
1777565530.635232828,0,0,1.31
1777565530.635232828,1,0,0.01
1777565531.656995542,0,0,1.31
1777565531.656995542,1,0,0.01
1777565532.676789036,0,0,1.31
1777565532.676789036,1,0,0.01
1777565533.696807922,0,0,1.31
1777565533.696807922,1,0,0.01
1777565534.717207235,0,0,1.31
1777565534.717207235,1,0,0.01
1777565535.737406642,0,0,1.31
1777565535.737406642,1,0,0.01
1777565536.757358652,0,0,1.31
1777565536.757358652,1,0,0.01
1777565537.777354476,0,0,1.31
1777565537.777354476,1,0,0.01
1777565538.797171623,0,0,1.31
1777565538.797171623,1,0,0.01
1777565539.817216480,0,0,1.31
1777565539.817216480,1,0,0.01
1777565540.838773509,0,0,1.31
1777565540.838773509,1,0,0.01
1777565541.858614357,0,0,1.31
1777565541.858614357,1,0,0.01
1777565542.879130677,0,0,1.31
1777565542.879130677,1,0,0.01
1777565543.898947139,0,0,1.31
1777565543.898947139,1,0,0.01
1777565544.919735350,0,0,1.31
1777565544.919735350,1,0,0.01
1777565545.939654413,0,0,1.31
1777565545.939654413,1,0,0.01
1777565546.959560250,0,0,1.31
1777565546.959560250,1,0,0.01
1777565547.979549371,0,0,1.31
1777565547.979549371,1,0,0.01
1777565548.999325745,0,0,1.31
1777565548.999325745,1,0,0.01
1777565550.019048056,0,0,1.31
1777565550.019048056,1,0,0.01
1777565551.039000717,0,0,1.31
1777565551.039000717,1,0,0.01
1777565552.059101072,0,0,1.31
1777565552.059101072,1,0,0.01
1777565553.080711214,0,0,1.31
1777565553.080711214,1,0,0.01
1777565554.100073851,0,0,1.31
1777565554.100073851,1,0,0.01
1777565555.120346674,0,0,1.31
1777565555.120346674,1,0,0.01
1777565556.141332998,0,0,1.31
1777565556.141332998,1,0,0.01
1777565557.162129718,0,0,1.31
1777565557.162129718,1,0,0.01
1777565558.181589275,0,0,1.31
1777565558.181589275,1,0,0.01
1777565559.201280213,0,0,1.31
1777565559.201280213,1,0,0.01
1777565560.222135265,0,0,1.31
1777565560.222135265,1,0,0.01
1777565561.241768882,0,0,1.31
1777565561.241768882,1,0,0.01
1777565562.262717520,0,0,1.31
1777565562.262717520,1,0,0.01
1777565563.282310683,0,0,1.31
1777565563.282310683,1,0,0.01
1777565564.302489299,0,0,1.31
1777565564.302489299,1,0,0.01
1777565565.323075851,0,0,1.31
1777565565.323075851,1,0,0.01
1777565566.342640211,0,0,1.31
1777565566.342640211,1,0,0.01
1777565567.362177089,0,0,1.31
1777565567.362177089,1,0,0.01
1777565568.381785795,0,0,1.31
1777565568.381785795,1,0,0.01
1777565569.402672740,0,0,1.31
1777565569.402672740,1,0,0.01
1777565570.422596926,0,0,1.31
1777565570.422596926,1,0,0.01
1777565571.443701021,0,0,1.31
1777565571.443701021,1,0,0.01
1777565572.463614524,0,0,1.31
1777565572.463614524,1,0,0.01
1777565573.483409302,0,0,1.31
1777565573.483409302,1,0,0.01
1777565574.504248863,0,0,1.31
1777565574.504248863,1,0,0.01
1777565575.524755661,0,0,1.31
1777565575.524755661,1,0,0.01
1777565576.544995872,0,0,1.31
1777565576.544995872,1,0,0.01
1777565577.566678335,0,0,1.31
1777565577.566678335,1,0,0.01
1777565578.586228035,0,0,1.31
1777565578.586228035,1,0,0.01
1777565579.606211242,0,0,1.31
1777565579.606211242,1,0,0.01
1777565580.625901204,0,0,1.31
1777565580.625901204,1,0,0.01
1777565581.646746465,0,0,1.31
1777565581.646746465,1,0,0.01
1777565582.667059279,0,0,1.31
1777565582.667059279,1,0,0.01
1777565583.686699423,0,0,1.31
1777565583.686699423,1,0,0.01
1777565584.706046674,0,0,1.31
1777565584.706046674,1,0,0.01
1777565585.726864959,0,0,1.31
1777565585.726864959,1,0,0.01
1777565586.746956927,0,0,1.31
1777565586.746956927,1,0,0.01
1777565587.767830262,0,0,1.31
1777565587.767830262,1,0,0.01
1777565588.787936533,0,0,1.31
1777565588.787936533,1,0,0.01
1777565589.807604754,0,0,1.31
1777565589.807604754,1,0,0.01
1777565590.826971347,0,0,1.31
1777565590.826971347,1,0,0.01
1777565591.847303457,0,0,1.31
1777565591.847303457,1,0,0.01
1777565592.866610493,0,0,1.31
1777565592.866610493,1,0,0.01
1777565593.886528147,0,0,1.31
1777565593.886528147,1,0,0.01
1777565594.906877223,0,0,1.31
1777565594.906877223,1,0,0.01
1777565595.926510915,0,0,1.31
1777565595.926510915,1,0,0.01
1777565596.945844633,0,0,1.31
1777565596.945844633,1,0,0.01
1777565597.966577783,0,0,1.31
1777565597.966577783,1,0,0.01
1777565598.986856090,0,0,1.31
1777565598.986856090,1,0,0.01
1777565600.006481171,0,0,1.31
1777565600.006481171,1,0,0.01
1777565601.026222623,0,0,1.31
1777565601.026222623,1,0,0.01
1777565602.047608437,0,0,1.31
1777565602.047608437,1,0,0.01
1777565603.068915919,0,0,1.31
1777565603.068915919,1,0,0.01
1777565604.090064506,0,0,1.31
1777565604.090064506,1,0,0.01
1777565605.109533789,0,0,1.31
1777565605.109533789,1,0,0.01
1777565606.130507173,0,0,1.31
1777565606.130507173,1,0,0.01
1777565607.149919770,0,0,1.31
1777565607.149919770,1,0,0.01
1777565608.169879936,0,0,1.31
1777565608.169879936,1,0,0.01
1777565609.190007671,0,0,1.31
1777565609.190007671,1,0,0.01
1777565610.211713091,0,0,1.31
1777565610.211713091,1,0,0.01
1777565611.231680158,0,0,1.31
1777565611.231680158,1,0,0.01
1777565612.253492982,0,0,1.31
1777565612.253492982,1,0,0.01
1777565613.272981167,0,0,1.31
1777565613.272981167,1,0,0.01
1777565614.293581300,0,0,1.31
1777565614.293581300,1,0,0.01
1777565615.312989389,0,0,1.31
1777565615.312989389,1,0,0.01
1777565616.333172716,0,0,1.31
1777565616.333172716,1,0,0.01
1777565617.352805101,0,0,1.31
1777565617.352805101,1,0,0.01
1777565618.372979578,0,0,1.31
1777565618.372979578,1,0,0.01
1777565619.392736931,0,0,1.31
1777565619.392736931,1,0,0.01
1777565620.413688258,0,0,1.31
1777565620.413688258,1,0,0.01
1777565621.433584727,0,0,1.31
1777565621.433584727,1,0,0.01
1777565622.455752133,0,0,1.31
1777565622.455752133,1,0,0.01
1777565623.475753407,0,0,1.31
1777565623.475753407,1,0,0.01
1777565624.496549224,0,0,1.31
1777565624.496549224,1,0,0.01
1777565625.515978103,0,0,1.31
1777565625.515978103,1,0,0.01
1777565626.537021507,0,0,1.31
1777565626.537021507,1,0,0.01
1777565627.556888910,0,0,1.31
1777565627.556888910,1,0,0.01
1777565628.578334312,0,0,1.31
1777565628.578334312,1,0,0.01
1777565629.598700013,0,0,1.31
1777565629.598700013,1,0,0.01
1777565630.618683524,0,0,1.31
1777565630.618683524,1,0,0.01
1777565631.639776755,0,0,1.31
1777565631.639776755,1,0,0.01
1777565632.661266441,0,0,1.31
1777565632.661266441,1,0,0.01
1777565633.681362254,0,0,1.31
1777565633.681362254,1,0,0.01
1777565634.701217755,0,0,1.31
1777565634.701217755,1,0,0.01
1777565635.720702857,0,0,1.31
1777565635.720702857,1,0,0.01
1777565636.741891176,0,0,1.31
1777565636.741891176,1,0,0.01
1777565637.762586226,0,0,1.31
1777565637.762586226,1,0,0.01
1777565638.781974923,0,0,1.31
1777565638.781974923,1,0,0.01
1777565639.802527698,0,0,1.31
1777565639.802527698,1,0,0.01
1777565640.822749540,0,0,1.31
1777565640.822749540,1,0,0.01
1777565641.843899988,0,0,1.31
1777565641.843899988,1,0,0.01
1777565642.863835643,0,0,1.31
1777565642.863835643,1,0,0.01
1777565643.884855137,0,0,1.31
1777565643.884855137,1,0,0.01
1777565644.904680259,0,0,1.31
1777565644.904680259,1,0,0.01
1777565645.924775231,0,0,1.31
1777565645.924775231,1,0,0.01
1777565646.945256336,0,0,1.31
1777565646.945256336,1,0,0.01
1777565647.965161615,0,0,1.31
1777565647.965161615,1,0,0.01
1777565648.986279975,0,0,1.31
1777565648.986279975,1,0,0.01
1777565650.006475506,0,0,1.31
1777565650.006475506,1,0,0.01
1777565651.027400801,0,0,1.31
1777565651.027400801,1,0,0.01
1777565652.047784966,0,0,1.31
1777565652.047784966,1,0,0.01
1777565653.068485407,0,0,1.31
1777565653.068485407,1,0,0.01
1777565654.088997538,0,0,1.31
1777565654.088997538,1,0,0.01
1777565655.110021334,0,0,1.31
1777565655.110021334,1,0,0.01
1777565656.130079411,0,0,1.31
1777565656.130079411,1,0,0.01
1777565657.150046960,0,0,1.31
1777565657.150046960,1,0,0.01
1777565658.171678736,0,0,1.31
1777565658.171678736,1,0,0.01
1777565659.192960963,0,0,1.31
1777565659.192960963,1,0,0.01
1777565660.212731653,0,0,1.31
1777565660.212731653,1,0,0.01
1777565661.232966011,0,0,1.31
1777565661.232966011,1,0,0.01
1777565662.253062195,0,0,1.31
1777565662.253062195,1,0,0.01
1777565663.272707244,0,0,1.31
1777565663.272707244,1,0,0.01
1777565664.292694356,0,0,1.31
1777565664.292694356,1,0,0.01
1777565665.312406552,0,0,1.31
1777565665.312406552,1,0,0.01
1777565666.332652215,0,0,1.31
1777565666.332652215,1,0,0.01
1777565667.352842078,0,0,1.31
1777565667.352842078,1,0,0.01
1777565668.375864669,0,0,1.31
1777565668.375864669,1,0,0.01
1777565669.397670193,0,0,1.31
1777565669.397670193,1,0,0.01
1777565670.418153841,0,0,1.31
1777565670.418153841,1,0,0.01
1777565671.438173892,0,0,1.31
1777565671.438173892,1,0,0.01
1777565672.460172618,0,0,1.31
1777565672.460172618,1,0,0.01
1777565673.481276600,0,0,1.31
1777565673.481276600,1,0,0.01
1777565674.502256846,0,0,1.31
1777565674.502256846,1,0,0.01
1777565675.522249017,0,0,1.31
1777565675.522249017,1,0,0.01
1777565676.542241954,0,0,1.31
1777565676.542241954,1,0,0.01
1777565677.562860628,0,0,1.31
1777565677.562860628,1,0,0.01
1777565678.584354654,0,0,1.31
1777565678.584354654,1,0,0.01
1777565679.605402447,0,0,1.31
1777565679.605402447,1,0,0.01
1777565680.625942128,0,0,1.31
1777565680.625942128,1,0,0.01
1777565681.647424048,0,0,1.31
1777565681.647424048,1,0,0.01
1777565682.667607849,0,0,1.31
1777565682.667607849,1,0,0.01
1777565683.688401273,0,0,1.31
1777565683.688401273,1,0,0.01
1777565684.708387058,0,0,1.31
1777565684.708387058,1,0,0.01
1777565685.728271596,0,0,1.31
1777565685.728271596,1,0,0.01
1777565686.748119244,0,0,1.31
1777565686.748119244,1,0,0.01
1777565687.767489236,0,0,1.31
1777565687.767489236,1,0,0.01
1777565688.787016435,0,0,1.31
1777565688.787016435,1,0,0.01
1777565689.807479849,0,0,1.31
1777565689.807479849,1,0,0.01
1777565690.828860184,0,0,1.31
1777565690.828860184,1,0,0.01
1777565691.848548367,0,0,1.31
1777565691.848548367,1,0,0.01
1777565692.869717042,0,0,1.31
1777565692.869717042,1,0,0.01
1777565693.890438807,0,0,1.31
1777565693.890438807,1,0,0.01
1777565694.911725973,0,0,1.31
1777565694.911725973,1,0,0.01
1777565695.932721306,0,0,1.31
1777565695.932721306,1,0,0.01
1777565696.953757952,0,0,1.31
1777565696.953757952,1,0,0.01
1777565697.974810633,0,0,1.31
1777565697.974810633,1,0,0.01
1777565698.996992839,0,0,1.31
1777565698.996992839,1,0,0.01
1777565700.019219780,0,0,1.31
1777565700.019219780,1,0,0.01
1777565701.041325536,0,0,1.31
1777565701.041325536,1,0,0.01
1777565702.061467994,0,0,1.31
1777565702.061467994,1,0,0.01
1777565703.081495346,0,0,1.31
1777565703.081495346,1,0,0.01
1777565704.102851845,0,0,1.31
1777565704.102851845,1,0,0.01
1777565705.124831445,0,0,1.31
1777565705.124831445,1,0,0.01
1777565706.146704086,0,0,1.31
1777565706.146704086,1,0,0.01
1777565707.171424432,0,0,1.31
1777565707.171424432,1,0,0.01
1777565708.192570949,0,0,1.31
1777565708.192570949,1,0,0.01
1777565709.213199816,0,0,1.31
1777565709.213199816,1,0,0.01
1777565710.234297420,0,0,1.31
1777565710.234297420,1,0,0.01
1777565711.254206751,0,0,1.31
1777565711.254206751,1,0,0.01
1777565712.274863593,0,0,1.31
1777565712.274863593,1,0,0.01
1777565713.295691411,0,0,1.31
1777565713.295691411,1,0,0.01
1777565714.315119661,0,0,1.31
1777565714.315119661,1,0,0.01
1777565715.335166701,0,0,1.31
1777565715.335166701,1,0,0.01
1777565716.355051650,0,0,1.31
1777565716.355051650,1,0,0.01
1777565717.374903594,0,0,1.31
1777565717.374903594,1,0,0.01
1777565718.394934367,0,0,1.31
1777565718.394934367,1,0,0.01
1777565719.414860174,0,0,1.31
1777565719.414860174,1,0,0.01
1777565720.434904169,0,0,1.31
1777565720.434904169,1,0,0.01
1777565721.454800575,0,0,1.31
1777565721.454800575,1,0,0.01
1777565722.475216583,0,0,1.31
1777565722.475216583,1,0,0.01
1777565723.495228868,0,0,1.31
1777565723.495228868,1,0,0.01
1777565724.514459561,0,0,1.31
1777565724.514459561,1,0,0.01
1777565725.534566568,0,0,1.31
1777565725.534566568,1,0,0.01
1777565726.555285981,0,0,1.31
1777565726.555285981,1,0,0.01
1777565727.576660207,0,0,1.31
1777565727.576660207,1,0,0.01
1777565728.597082424,0,0,1.31
1777565728.597082424,1,0,0.01
1777565729.616845611,0,0,1.31
1777565729.616845611,1,0,0.01
1777565730.636293845,0,0,1.31
1777565730.636293845,1,0,0.01
1777565731.656400431,0,0,1.31
1777565731.656400431,1,0,0.01
1777565732.676950544,0,0,1.31
1777565732.676950544,1,0,0.01
1777565733.697213115,0,0,1.31
1777565733.697213115,1,0,0.01
1777565734.717698149,0,0,1.31
1777565734.717698149,1,0,0.01
1777565735.737960980,0,0,1.31
1777565735.737960980,1,0,0.01
1777565736.758495461,0,0,1.31
1777565736.758495461,1,0,0.01
1777565737.778864205,0,0,1.31
1777565737.778864205,1,0,0.01
1777565738.799335173,0,0,1.31
1777565738.799335173,1,0,0.01
1777565739.819630790,0,0,1.31
1777565739.819630790,1,0,0.01
1777565740.839463221,0,0,1.31
1777565740.839463221,1,0,0.01
1777565741.859140958,0,0,1.31
1777565741.859140958,1,0,0.01
1777565742.879450369,0,0,1.31
1777565742.879450369,1,0,0.01
1777565743.899141382,0,0,1.31
1777565743.899141382,1,0,0.01
1777565744.919594270,0,0,1.31
1777565744.919594270,1,0,0.01
1777565745.939851659,0,0,1.31
1777565745.939851659,1,0,0.01
1777565746.960144065,0,0,1.31
1777565746.960144065,1,0,0.01
1777565747.979961050,0,0,1.31
1777565747.979961050,1,0,0.01
1777565748.999878358,0,0,1.31
1777565748.999878358,1,0,0.01
1777565750.019625598,0,0,1.31
1777565750.019625598,1,0,0.01
1777565751.038978154,0,0,1.31
1777565751.038978154,1,0,0.01
1777565752.060076302,0,0,1.31
1777565752.060076302,1,0,0.01
1777565753.080699232,0,0,1.31
1777565753.080699232,1,0,0.01
1777565754.101367181,0,0,1.31
1777565754.101367181,1,0,0.01
1777565755.121132726,0,0,1.31
1777565755.121132726,1,0,0.01
1777565756.141094713,0,0,1.31
1777565756.141094713,1,0,0.01
1777565757.160951362,0,0,1.31
1777565757.160951362,1,0,0.01
1777565758.180731249,0,0,1.31
1777565758.180731249,1,0,0.01
1777565759.200453034,0,0,1.31
1777565759.200453034,1,0,0.01
1777565760.220753196,0,0,1.31
1777565760.220753196,1,0,0.01
1777565761.242636968,0,0,1.31
1777565761.242636968,1,0,0.01
1777565762.262057326,0,0,1.31
1777565762.262057326,1,0,0.01
1777565763.281399286,0,0,1.31
1777565763.281399286,1,0,0.01
1777565764.301179678,0,0,1.31
1777565764.301179678,1,0,0.01
1777565765.321099307,0,0,1.31
1777565765.321099307,1,0,0.01
1777565766.340779109,0,0,1.31
1777565766.340779109,1,0,0.01
1777565767.361059157,0,0,1.31
1777565767.361059157,1,0,0.01
1777565768.380886784,0,0,1.31
1777565768.380886784,1,0,0.01
1777565769.401582973,0,0,1.31
1777565769.401582973,1,0,0.01
1777565770.421271504,0,0,1.31
1777565770.421271504,1,0,0.01
1777565771.441032867,0,0,1.31
1777565771.441032867,1,0,0.01
1777565772.462679708,0,0,1.31
1777565772.462679708,1,0,0.01
1777565773.483985254,0,0,1.31
1777565773.483985254,1,0,0.01
1777565774.503727548,0,0,1.31
1777565774.503727548,1,0,0.01
1777565775.525954335,0,0,1.31
1777565775.525954335,1,0,0.01
1777565776.547569640,0,0,1.31
1777565776.547569640,1,0,0.01
1777565777.567770255,0,0,1.31
1777565777.567770255,1,0,0.01
1777565778.588639364,0,0,1.31
1777565778.588639364,1,0,0.01
1777565779.608884652,0,0,1.31
1777565779.608884652,1,0,0.01
1777565780.629220577,0,0,1.31
1777565780.629220577,1,0,0.01
1777565781.648859670,0,0,1.31
1777565781.648859670,1,0,0.01
1777565782.669894106,0,0,1.31
1777565782.669894106,1,0,0.01
1777565783.690038802,0,0,1.31
1777565783.690038802,1,0,0.01
1777565784.711355426,0,0,1.31
1777565784.711355426,1,0,0.01
1777565785.732308041,0,0,1.31
1777565785.732308041,1,0,0.01
1777565786.751870972,0,0,1.31
1777565786.751870972,1,0,0.01
1777565787.772424777,0,0,1.31
1777565787.772424777,1,0,0.01
1777565788.792517255,0,0,1.31
1777565788.792517255,1,0,0.01
1777565789.812818102,0,0,1.31
1777565789.812818102,1,0,0.01
1777565790.833022731,0,0,1.31
1777565790.833022731,1,0,0.01
1777565791.854087308,0,0,1.31
1777565791.854087308,1,0,0.01
1777565792.875376215,0,0,1.31
1777565792.875376215,1,0,0.01
1777565793.896215189,0,0,1.31
1777565793.896215189,1,0,0.01
1777565794.916634571,0,0,1.31
1777565794.916634571,1,0,0.01
1777565795.936455798,0,0,1.31
1777565795.936455798,1,0,0.01
1777565796.956687201,0,0,1.31
1777565796.956687201,1,0,0.01
1777565797.977996234,0,0,1.31
1777565797.977996234,1,0,0.01
1777565798.998912968,0,0,1.31
1777565798.998912968,1,0,0.01
1777565800.019933981,0,0,1.31
1777565800.019933981,1,0,0.01
1777565801.039561925,0,0,1.31
1777565801.039561925,1,0,0.01
1777565802.059971814,0,0,1.31
1777565802.059971814,1,0,0.01
1777565803.079959321,0,0,1.31
1777565803.079959321,1,0,0.01
1777565804.100285825,0,0,1.31
1777565804.100285825,1,0,0.01
1777565805.119942624,0,0,1.31
1777565805.119942624,1,0,0.01
1777565806.139625874,0,0,1.31
1777565806.139625874,1,0,0.01
1777565807.159165639,0,0,1.31
1777565807.159165639,1,0,0.01
1777565808.181145076,0,0,1.31
1777565808.181145076,1,0,0.01
1777565809.202038890,0,0,1.31
1777565809.202038890,1,0,0.01
1777565810.221396047,0,0,1.31
1777565810.221396047,1,0,0.01
1777565811.241720173,0,0,1.31
1777565811.241720173,1,0,0.01
1777565812.262619545,0,0,1.31
1777565812.262619545,1,0,0.01
1777565813.283597388,0,0,1.31
1777565813.283597388,1,0,0.01
1777565814.303518280,0,0,1.31
1777565814.303518280,1,0,0.01
1777565815.323412077,0,0,1.31
1777565815.323412077,1,0,0.01
1777565816.342941099,0,0,1.31
1777565816.342941099,1,0,0.01
1777565817.362476719,0,0,1.31
1777565817.362476719,1,0,0.01
1777565818.383650213,0,0,1.31
1777565818.383650213,1,0,0.01
1777565819.403392469,0,0,1.31
1777565819.403392469,1,0,0.01
1777565820.423877678,0,0,1.31
1777565820.423877678,1,0,0.01
1777565821.443882684,0,0,1.31
1777565821.443882684,1,0,0.01
1777565822.464563889,0,0,1.31
1777565822.464563889,1,0,0.01
1777565823.483891901,0,0,1.31
1777565823.483891901,1,0,0.01
1777565824.503931798,0,0,1.31
1777565824.503931798,1,0,0.01
1777565825.523788949,0,0,1.31
1777565825.523788949,1,0,0.01
1777565826.543787646,0,0,1.31
1777565826.543787646,1,0,0.01
1777565827.563816502,0,0,1.31
1777565827.563816502,1,0,0.01
1777565828.583722413,0,0,1.31
1777565828.583722413,1,0,0.01
1777565829.604651927,0,0,1.31
1777565829.604651927,1,0,0.01
1777565830.625391089,0,0,1.31
1777565830.625391089,1,0,0.01
1777565831.645203024,0,0,1.31
1777565831.645203024,1,0,0.01
1777565832.665379245,0,0,1.31
1777565832.665379245,1,0,0.01
1777565833.685003368,0,0,1.31
1777565833.685003368,1,0,0.01
1777565834.706738754,0,0,1.31
1777565834.706738754,1,0,0.01
1777565835.727744228,0,0,1.31
1777565835.727744228,1,0,0.01
1777565836.747634465,0,0,1.31
1777565836.747634465,1,0,0.01
1777565837.767146492,0,0,1.31
1777565837.767146492,1,0,0.01
1777565838.786497714,0,0,1.31
1777565838.786497714,1,0,0.01
1777565839.806473486,0,0,1.31
1777565839.806473486,1,0,0.01
1777565840.826143500,0,0,1.31
1777565840.826143500,1,0,0.01
1777565841.846045205,0,0,1.31
1777565841.846045205,1,0,0.01
1777565842.866968797,0,0,1.31
1777565842.866968797,1,0,0.01
1777565843.887771720,0,0,1.31
1777565843.887771720,1,0,0.01
1777565844.907309212,0,0,1.31
1777565844.907309212,1,0,0.01
1777565845.926568425,0,0,1.31
1777565845.926568425,1,0,0.01
1777565846.946883223,0,0,1.31
1777565846.946883223,1,0,0.01
1777565847.967255512,0,0,1.31
1777565847.967255512,1,0,0.01
1777565848.986749581,0,0,1.31
1777565848.986749581,1,0,0.01
1777565850.007160013,0,0,1.31
1777565850.007160013,1,0,0.01
1777565851.029144517,0,0,1.31
1777565851.029144517,1,0,0.01
1777565852.049044883,0,0,1.31
1777565852.049044883,1,0,0.01
1777565853.068755771,0,0,1.31
1777565853.068755771,1,0,0.01
1777565854.088467170,0,0,1.31
1777565854.088467170,1,0,0.01
1777565855.108042861,0,0,1.31
1777565855.108042861,1,0,0.01
1777565856.127502490,0,0,1.31
1777565856.127502490,1,0,0.01
1777565857.149175343,0,0,1.31
1777565857.149175343,1,0,0.01
1777565858.170024737,0,0,1.31
1777565858.170024737,1,0,0.01
1777565859.189920840,0,0,1.31
1777565859.189920840,1,0,0.01
1777565860.210734283,0,0,1.31
1777565860.210734283,1,0,0.01
1777565861.230401100,0,0,1.31
1777565861.230401100,1,0,0.01
1777565862.250424376,0,0,1.31
1777565862.250424376,1,0,0.01
1777565863.270625069,0,0,1.31
1777565863.270625069,1,0,0.01
1777565864.290799369,0,0,1.31
1777565864.290799369,1,0,0.01
1777565865.311219579,0,0,1.31
1777565865.311219579,1,0,0.01
1777565866.331299095,0,0,1.31
1777565866.331299095,1,0,0.01
1777565867.352416554,0,0,1.31
1777565867.352416554,1,0,0.01
1777565868.372440639,0,0,1.31
1777565868.372440639,1,0,0.01
1777565869.392331635,0,0,1.31
1777565869.392331635,1,0,0.01
1777565870.414782749,0,0,1.31
1777565870.414782749,1,0,0.01
1777565871.435321302,0,0,1.31
1777565871.435321302,1,0,0.01
1777565872.456398251,0,0,1.31
1777565872.456398251,1,0,0.01
1777565873.476480955,0,0,1.31
1777565873.476480955,1,0,0.01
1777565874.496460197,0,0,1.31
1777565874.496460197,1,0,0.01
1777565875.516719800,0,0,1.31
1777565875.516719800,1,0,0.01
1777565876.536363999,0,0,1.31
1777565876.536363999,1,0,0.01
1777565877.557796761,0,0,1.31
1777565877.557796761,1,0,0.01
1777565878.577900207,0,0,1.31
1777565878.577900207,1,0,0.01
1777565879.597671323,0,0,1.31
1777565879.597671323,1,0,0.01
1777565880.618482131,0,0,1.31
1777565880.618482131,1,0,0.01
1777565881.638673374,0,0,1.31
1777565881.638673374,1,0,0.01
1777565882.658702964,0,0,1.31
1777565882.658702964,1,0,0.01
1777565883.678543616,0,0,1.31
1777565883.678543616,1,0,0.01
1777565884.698743136,0,0,1.31
1777565884.698743136,1,0,0.01
1777565885.720028687,0,0,1.31
1777565885.720028687,1,0,0.01
1777565886.739355038,0,0,1.31
1777565886.739355038,1,0,0.01
1777565887.760509089,0,0,1.31
1777565887.760509089,1,0,0.01
1777565888.780080368,0,0,1.31
1777565888.780080368,1,0,0.01
1777565889.799397682,0,0,1.31
1777565889.799397682,1,0,0.01
1777565890.819629954,0,0,1.31
1777565890.819629954,1,0,0.01
1777565891.839038787,0,0,1.31
1777565891.839038787,1,0,0.01
1777565892.859574150,0,0,1.31
1777565892.859574150,1,0,0.01
1777565893.880922386,0,0,1.31
1777565893.880922386,1,0,0.01
1777565894.901054086,0,0,1.31
1777565894.901054086,1,0,0.01
1777565895.921557584,0,0,1.31
1777565895.921557584,1,0,0.01
1777565896.941161944,0,0,1.31
1777565896.941161944,1,0,0.01
1777565897.961642492,0,0,1.31
1777565897.961642492,1,0,0.01
1777565898.981821916,0,0,1.31
1777565898.981821916,1,0,0.01
1777565900.002489291,0,0,1.31
1777565900.002489291,1,0,0.01
1777565901.022276827,0,0,1.31
1777565901.022276827,1,0,0.01
1777565902.042742863,0,0,1.31
1777565902.042742863,1,0,0.01
1777565903.063985507,0,0,1.31
1777565903.063985507,1,0,0.01
1777565904.083795293,0,0,1.31
1777565904.083795293,1,0,0.01
1777565905.104954334,0,0,1.31
1777565905.104954334,1,0,0.01
1777565906.126154546,0,0,1.31
1777565906.126154546,1,0,0.01
1777565907.146559467,0,0,1.31
1777565907.146559467,1,0,0.01
1777565908.165942067,0,0,1.31
1777565908.165942067,1,0,0.01
1777565909.186260725,0,0,1.31
1777565909.186260725,1,0,0.01
1777565910.206205777,0,0,1.31
1777565910.206205777,1,0,0.01
1777565911.227285018,0,0,1.31
1777565911.227285018,1,0,0.01
1777565912.249231382,0,0,1.31
1777565912.249231382,1,0,0.01
1777565913.269142221,0,0,1.31
1777565913.269142221,1,0,0.01
1777565914.290088985,0,0,1.31
1777565914.290088985,1,0,0.01
1777565915.310367893,0,0,1.31
1777565915.310367893,1,0,0.01
1777565916.330035450,0,0,1.31
1777565916.330035450,1,0,0.01
1777565917.350719733,0,0,1.31
1777565917.350719733,1,0,0.01
1777565918.370306984,0,0,1.31
1777565918.370306984,1,0,0.01
1777565919.389849677,0,0,1.31
1777565919.389849677,1,0,0.01
1777565920.409518355,0,0,1.31
1777565920.409518355,1,0,0.01
1777565921.431019924,0,0,1.31
1777565921.431019924,1,0,0.01
1777565922.452355079,0,0,1.31
1777565922.452355079,1,0,0.01
1777565923.473382525,0,0,1.31
1777565923.473382525,1,0,0.01
1777565924.493813355,0,0,1.31
1777565924.493813355,1,0,0.01
1777565925.513673506,0,0,1.31
1777565925.513673506,1,0,0.01
1777565926.533509757,0,0,1.31
1777565926.533509757,1,0,0.01
1777565927.553802370,0,0,1.31
1777565927.553802370,1,0,0.01
1777565928.574303150,0,0,1.31
1777565928.574303150,1,0,0.01
1777565929.594696981,0,0,1.31
1777565929.594696981,1,0,0.01
1777565930.614434261,0,0,1.31
1777565930.614434261,1,0,0.01
1777565931.634446965,0,0,1.31
1777565931.634446965,1,0,0.01
1777565932.654558916,0,0,1.31
1777565932.654558916,1,0,0.01
1777565933.674855350,0,0,1.31
1777565933.674855350,1,0,0.01
1777565934.696100952,0,0,1.31
1777565934.696100952,1,0,0.01
1777565935.717004139,0,0,1.31
1777565935.717004139,1,0,0.01
1777565936.737114312,0,0,1.31
1777565936.737114312,1,0,0.01
1777565937.757147495,0,0,1.31
1777565937.757147495,1,0,0.01
1777565938.777638809,0,0,1.31
1777565938.777638809,1,0,0.01
1777565939.798025575,0,0,1.31
1777565939.798025575,1,0,0.01
1777565940.817992355,0,0,1.31
1777565940.817992355,1,0,0.01
1777565941.837936912,0,0,1.31
1777565941.837936912,1,0,0.01
1777565942.858434957,0,0,1.31
1777565942.858434957,1,0,0.01
1777565943.878188107,0,0,1.31
1777565943.878188107,1,0,0.01
1777565944.898477981,0,0,1.31
1777565944.898477981,1,0,0.01
1777565945.918957258,0,0,1.31
1777565945.918957258,1,0,0.01
1777565946.938663730,0,0,1.31
1777565946.938663730,1,0,0.01
1777565947.958212662,0,0,1.31
1777565947.958212662,1,0,0.01
1777565948.977832987,0,0,1.31
1777565948.977832987,1,0,0.01
1777565949.997812231,0,0,1.31
1777565949.997812231,1,0,0.01
1777565951.017596039,0,0,1.31
1777565951.017596039,1,0,0.01
1777565952.038172958,0,0,1.31
1777565952.038172958,1,0,0.01
1777565953.058011114,0,0,1.31
1777565953.058011114,1,0,0.01
1777565954.077400840,0,0,1.31
1777565954.077400840,1,0,0.01
1777565955.097290330,0,0,1.31
1777565955.097290330,1,0,0.01
1777565956.117049726,0,0,1.31
1777565956.117049726,1,0,0.01
1777565957.138277666,0,0,1.31
1777565957.138277666,1,0,0.01
1777565958.159699649,0,0,1.31
1777565958.159699649,1,0,0.01
1777565959.179248131,0,0,1.31
1777565959.179248131,1,0,0.01
1777565960.199225844,0,0,1.31
1777565960.199225844,1,0,0.01
1777565961.220561046,0,0,1.31
1777565961.220561046,1,0,0.01
1777565962.240896245,0,0,1.31
1777565962.240896245,1,0,0.01
1777565963.261918356,0,0,1.31
1777565963.261918356,1,0,0.01
1777565964.281755773,0,0,1.31
1777565964.281755773,1,0,0.01
1777565965.301767253,0,0,1.31
1777565965.301767253,1,0,0.01
1777565966.321954862,0,0,1.31
1777565966.321954862,1,0,0.01
1777565967.343653410,0,0,1.31
1777565967.343653410,1,0,0.01
1777565968.364023705,0,0,1.31
1777565968.364023705,1,0,0.01
1777565969.383407696,0,0,1.31
1777565969.383407696,1,0,0.01
1777565970.402990255,0,0,1.31
1777565970.402990255,1,0,0.01
1777565971.422592908,0,0,1.31
1777565971.422592908,1,0,0.01
1777565972.442594227,0,0,1.31
1777565972.442594227,1,0,0.01
1777565973.462719101,0,0,1.31
1777565973.462719101,1,0,0.01
1777565974.483373891,0,0,1.31
1777565974.483373891,1,0,0.01
1777565975.502911251,0,0,1.31
1777565975.502911251,1,0,0.01
1777565976.523236549,0,0,1.31
1777565976.523236549,1,0,0.01
1777565977.543042817,0,0,1.31
1777565977.543042817,1,0,0.01
1777565978.563405764,0,0,1.31
1777565978.563405764,1,0,0.01
1777565979.583865837,0,0,1.31
1777565979.583865837,1,0,0.01
1777565980.604007500,0,0,1.31
1777565980.604007500,1,0,0.01
1777565981.624371191,0,0,1.31
1777565981.624371191,1,0,0.01
1777565982.644267883,0,0,1.31
1777565982.644267883,1,0,0.01
1777565983.663802767,0,0,1.31
1777565983.663802767,1,0,0.01
1777565984.683609117,0,0,1.31
1777565984.683609117,1,0,0.01
1777565985.703475728,0,0,1.31
1777565985.703475728,1,0,0.01
1777565986.723147038,0,0,1.31
1777565986.723147038,1,0,0.01
1777565987.742777877,0,0,1.31
1777565987.742777877,1,0,0.01
1777565988.762513004,0,0,1.31
1777565988.762513004,1,0,0.01
1777565989.782598374,0,0,1.31
1777565989.782598374,1,0,0.01
1777565990.802346339,0,0,1.31
1777565990.802346339,1,0,0.01
1777565991.822774710,0,0,1.31
1777565991.822774710,1,0,0.01
1777565992.843727598,0,0,1.31
1777565992.843727598,1,0,0.01
1777565993.864507721,0,0,1.31
1777565993.864507721,1,0,0.01
1777565994.884446746,0,0,1.31
1777565994.884446746,1,0,0.01
1777565995.904540293,0,0,1.31
1777565995.904540293,1,0,0.01
1777565996.925221528,0,0,1.31
1777565996.925221528,1,0,0.01
1777565997.945381304,0,0,1.31
1777565997.945381304,1,0,0.01
1777565998.966183998,0,0,1.31
1777565998.966183998,1,0,0.01
1777565999.985958642,0,0,1.31
1777565999.985958642,1,0,0.01
1777566001.005813688,0,0,1.31
1777566001.005813688,1,0,0.01
1777566002.026268359,0,0,1.31
1777566002.026268359,1,0,0.01
1777566003.047178575,0,0,1.31
1777566003.047178575,1,0,0.01
1777566004.068883587,0,0,1.31
1777566004.068883587,1,0,0.01
1777566005.088800024,0,0,1.31
1777566005.088800024,1,0,0.01
1777566006.108063814,0,0,1.31
1777566006.108063814,1,0,0.01
1777566007.127826366,0,0,1.31
1777566007.127826366,1,0,0.01
1777566008.148502787,0,0,1.31
1777566008.148502787,1,0,0.01
1777566009.169288641,0,0,1.31
1777566009.169288641,1,0,0.01
1777566010.190421181,0,0,1.31
1777566010.190421181,1,0,0.01
1777566011.210360634,0,0,1.31
1777566011.210360634,1,0,0.01
1777566012.230883196,0,0,1.31
1777566012.230883196,1,0,0.01
1777566013.250842190,0,0,1.31
1777566013.250842190,1,0,0.01
1777566014.271209938,0,0,1.31
1777566014.271209938,1,0,0.01
1777566015.291857652,0,0,1.31
1777566015.291857652,1,0,0.01
1777566016.311531785,0,0,1.31
1777566016.311531785,1,0,0.01
1777566017.331158532,0,0,1.31
1777566017.331158532,1,0,0.01
1777566018.350886180,0,0,1.31
1777566018.350886180,1,0,0.01
1777566019.371726319,0,0,1.31
1777566019.371726319,1,0,0.01
1777566020.391641745,0,0,1.31
1777566020.391641745,1,0,0.01
1777566021.411534764,0,0,1.31
1777566021.411534764,1,0,0.01
1777566022.432348077,0,0,1.31
1777566022.432348077,1,0,0.01
1777566023.452959647,0,0,1.31
1777566023.452959647,1,0,0.01
1777566024.473512694,0,0,1.31
1777566024.473512694,1,0,0.01
1777566025.493491269,0,0,1.31
1777566025.493491269,1,0,0.01
1777566026.513570616,0,0,1.31
1777566026.513570616,1,0,0.01
1777566027.533536077,0,0,1.31
1777566027.533536077,1,0,0.01
1777566028.552788225,0,0,1.31
1777566028.552788225,1,0,0.01
1777566029.573220350,0,0,1.31
1777566029.573220350,1,0,0.01
1777566030.593207600,0,0,1.31
1777566030.593207600,1,0,0.01
1777566031.612663801,0,0,1.31
1777566031.612663801,1,0,0.01
1777566032.632585634,0,0,1.31
1777566032.632585634,1,0,0.01
1777566033.652354505,0,0,1.31
1777566033.652354505,1,0,0.01
1777566034.672542884,0,0,1.31
1777566034.672542884,1,0,0.01
1777566035.692535027,0,0,1.31
1777566035.692535027,1,0,0.01
1777566036.712039147,0,0,1.31
1777566036.712039147,1,0,0.01
1777566037.731689773,0,0,1.31
1777566037.731689773,1,0,0.01
1777566038.751024801,0,0,1.31
1777566038.751024801,1,0,0.01
1777566039.770274998,0,0,1.31
1777566039.770274998,1,0,0.01
1777566040.789798689,0,0,1.31
1777566040.789798689,1,0,0.01
1777566041.809312747,0,0,1.31
1777566041.809312747,1,0,0.01
1777566042.829264002,0,0,1.31
1777566042.829264002,1,0,0.01
1777566043.850032274,0,0,1.31
1777566043.850032274,1,0,0.01
1777566044.869777852,0,0,1.31
1777566044.869777852,1,0,0.01
1777566045.889810496,0,0,1.31
1777566045.889810496,1,0,0.01
1777566046.909635807,0,0,1.31
1777566046.909635807,1,0,0.01
1777566047.929481907,0,0,1.31
1777566047.929481907,1,0,0.01
1777566048.950744014,0,0,1.31
1777566048.950744014,1,0,0.01
1777566049.971019250,0,0,1.31
1777566049.971019250,1,0,0.01
1777566050.991792662,0,0,1.31
1777566050.991792662,1,0,0.01
1777566052.012198604,0,0,1.31
1777566052.012198604,1,0,0.01
1777566053.032547077,0,0,1.31
1777566053.032547077,1,0,0.01
1777566054.052582720,0,0,1.31
1777566054.052582720,1,0,0.01
1777566055.072581053,0,0,1.31
1777566055.072581053,1,0,0.01
1777566056.092369711,0,0,1.31
1777566056.092369711,1,0,0.01
1777566057.112892170,0,0,1.31
1777566057.112892170,1,0,0.01
1777566058.132669837,0,0,1.31
1777566058.132669837,1,0,0.01
1777566059.152429838,0,0,1.31
1777566059.152429838,1,0,0.01
1777566060.171806229,0,0,1.31
1777566060.171806229,1,0,0.01
1777566061.192421093,0,0,1.31
1777566061.192421093,1,0,0.01
1777566062.212291704,0,0,1.31
1777566062.212291704,1,0,0.01
1777566063.232143236,0,0,1.31
1777566063.232143236,1,0,0.01
1777566064.251929023,0,0,1.31
1777566064.251929023,1,0,0.01
1777566065.273010111,0,0,1.31
1777566065.273010111,1,0,0.01
1777566066.293142456,0,0,1.31
1777566066.293142456,1,0,0.01
1777566067.313310363,0,0,1.31
1777566067.313310363,1,0,0.01
1777566068.332827074,0,0,1.31
1777566068.332827074,1,0,0.01
1777566069.353556006,0,0,1.31
1777566069.353556006,1,0,0.01
1777566070.373396558,0,0,1.31
1777566070.373396558,1,0,0.01
1777566071.395052545,0,0,1.31
1777566071.395052545,1,0,0.01
1777566072.414546150,0,0,1.31
1777566072.414546150,1,0,0.01
1777566073.434282242,0,0,1.31
1777566073.434282242,1,0,0.01
1777566074.454497521,0,0,1.31
1777566074.454497521,1,0,0.01
1777566075.474791739,0,0,1.31
1777566075.474791739,1,0,0.01
1777566076.494622346,0,0,1.31
1777566076.494622346,1,0,0.01
1777566077.515007169,0,0,1.31
1777566077.515007169,1,0,0.01
1777566078.535077991,0,0,1.31
1777566078.535077991,1,0,0.01
1777566079.556737709,0,0,1.31
1777566079.556737709,1,0,0.01
1777566080.576971742,0,0,1.31
1777566080.576971742,1,0,0.01
1777566081.598288197,0,0,1.31
1777566081.598288197,1,0,0.01
1777566082.619815107,0,0,1.31
1777566082.619815107,1,0,0.01
1777566083.639970634,0,0,1.31
1777566083.639970634,1,0,0.01
1777566084.659395945,0,0,1.31
1777566084.659395945,1,0,0.01
1777566085.680020250,0,0,1.31
1777566085.680020250,1,0,0.01
1777566086.701012017,0,0,1.31
1777566086.701012017,1,0,0.01
1777566087.722038660,0,0,1.31
1777566087.722038660,1,0,0.01
1777566088.741958859,0,0,1.31
1777566088.741958859,1,0,0.01
1777566089.763933117,0,0,1.31
1777566089.763933117,1,0,0.01
1777566090.784267018,0,0,1.31
1777566090.784267018,1,0,0.01
1777566091.803901110,0,0,1.31
1777566091.803901110,1,0,0.01
1777566092.823733346,0,0,1.31
1777566092.823733346,1,0,0.01
1777566093.847771299,0,0,1.31
1777566093.847771299,1,0,0.01
1777566094.869612599,0,0,1.31
1777566094.869612599,1,0,0.01
1777566095.891605322,0,0,1.31
1777566095.891605322,1,0,0.01
1777566096.912178377,0,0,1.31
1777566096.912178377,1,0,0.01
1777566097.932882848,0,0,1.31
1777566097.932882848,1,0,0.01
1777566098.953031081,0,0,1.31
1777566098.953031081,1,0,0.01
1777566099.973216979,0,0,1.31
1777566099.973216979,1,0,0.01
1777566100.992512766,0,0,1.31
1777566100.992512766,1,0,0.01
1777566102.013635435,0,0,1.31
1777566102.013635435,1,0,0.01
1777566103.034747237,0,0,1.31
1777566103.034747237,1,0,0.01
1777566104.056351745,0,0,1.31
1777566104.056351745,1,0,0.01
1777566105.076431548,0,0,1.31
1777566105.076431548,1,0,0.01
1777566106.096192984,0,0,1.31
1777566106.096192984,1,0,0.01
1777566107.117144495,0,0,1.31
1777566107.117144495,1,0,0.01
1777566108.136769820,0,0,1.31
1777566108.136769820,1,0,0.01
1777566109.156690692,0,0,1.31
1777566109.156690692,1,0,0.01
1777566110.176855378,0,0,1.31
1777566110.176855378,1,0,0.01
1777566111.197945650,0,0,1.31
1777566111.197945650,1,0,0.01
1777566112.218907008,0,0,1.31
1777566112.218907008,1,0,0.01
1777566113.239987811,0,0,1.31
1777566113.239987811,1,0,0.01
1777566114.260278458,0,0,1.31
1777566114.260278458,1,0,0.01
1777566115.279823625,0,0,1.31
1777566115.279823625,1,0,0.01
1777566116.299838428,0,0,1.31
1777566116.299838428,1,0,0.01
1777566117.319355025,0,0,1.31
1777566117.319355025,1,0,0.01
1777566118.339403818,0,0,1.31
1777566118.339403818,1,0,0.01
1777566119.359881897,0,0,1.31
1777566119.359881897,1,0,0.01
1777566120.379587051,0,0,1.31
1777566120.379587051,1,0,0.01
1777566121.400281724,0,0,1.31
1777566121.400281724,1,0,0.01
1777566122.419982325,0,0,1.31
1777566122.419982325,1,0,0.01
1777566123.440964111,0,0,1.31
1777566123.440964111,1,0,0.01
1777566124.460575804,0,0,1.31
1777566124.460575804,1,0,0.01
1777566125.481802433,0,0,1.31
1777566125.481802433,1,0,0.01
1777566126.501269579,0,0,1.31
1777566126.501269579,1,0,0.01
1777566127.521366580,0,0,1.31
1777566127.521366580,1,0,0.01
1777566128.541245183,0,0,1.31
1777566128.541245183,1,0,0.01
1777566129.560937898,0,0,1.31
1777566129.560937898,1,0,0.01
1777566130.580663189,0,0,1.31
1777566130.580663189,1,0,0.01
1777566131.602037807,0,0,1.31
1777566131.602037807,1,0,0.01
1777566132.624017009,0,0,1.31
1777566132.624017009,1,0,0.01
1777566133.645525338,0,0,1.31
1777566133.645525338,1,0,0.01
1777566134.666023839,0,0,1.31
1777566134.666023839,1,0,0.01
1777566135.685935478,0,0,1.31
1777566135.685935478,1,0,0.01
1777566136.706515010,0,0,1.31
1777566136.706515010,1,0,0.01
1777566137.726506539,0,0,1.31
1777566137.726506539,1,0,0.01
1777566138.746142525,0,0,1.31
1777566138.746142525,1,0,0.01
1777566139.765747285,0,0,1.31
1777566139.765747285,1,0,0.01
1777566140.786441550,0,0,1.31
1777566140.786441550,1,0,0.01
1777566141.806868363,0,0,1.31
1777566141.806868363,1,0,0.01
1777566142.827703756,0,0,1.31
1777566142.827703756,1,0,0.01
1777566143.849451710,0,0,1.31
1777566143.849451710,1,0,0.01
1777566144.869732862,0,0,1.31
1777566144.869732862,1,0,0.01
1777566145.889838232,0,0,1.31
1777566145.889838232,1,0,0.01
1777566146.909879250,0,0,1.31
1777566146.909879250,1,0,0.01
1777566147.929868393,0,0,1.31
1777566147.929868393,1,0,0.01
1777566148.949430031,0,0,1.31
1777566148.949430031,1,0,0.01
1777566149.968768747,0,0,1.31
1777566149.968768747,1,0,0.01
1777566150.988905883,0,0,1.31
1777566150.988905883,1,0,0.01
1777566152.009348283,0,0,1.31
1777566152.009348283,1,0,0.01
1777566153.029904452,0,0,1.31
1777566153.029904452,1,0,0.01
1777566154.050788339,0,0,1.31
1777566154.050788339,1,0,0.01
1777566155.071860652,0,0,1.31
1777566155.071860652,1,0,0.01
1777566156.091824455,0,0,1.31
1777566156.091824455,1,0,0.01
1777566157.111346242,0,0,1.31
1777566157.111346242,1,0,0.01
1777566158.131283769,0,0,1.31
1777566158.131283769,1,0,0.01
1777566159.151784868,0,0,1.31
1777566159.151784868,1,0,0.01
1777566160.170922154,0,0,1.31
1777566160.170922154,1,0,0.01
1777566161.190597731,0,0,1.31
1777566161.190597731,1,0,0.01
1777566162.209942100,0,0,1.31
1777566162.209942100,1,0,0.01
1777566163.231841918,0,0,1.31
1777566163.231841918,1,0,0.01
1777566164.253040406,0,0,1.31
1777566164.253040406,1,0,0.01
1777566165.273610126,0,0,1.31
1777566165.273610126,1,0,0.01
1777566166.293546229,0,0,1.31
1777566166.293546229,1,0,0.01
1777566167.314549522,0,0,1.31
1777566167.314549522,1,0,0.01
1777566168.334262214,0,0,1.31
1777566168.334262214,1,0,0.01
1777566169.356128534,0,0,1.31
1777566169.356128534,1,0,0.01
1777566170.376221752,0,0,1.31
1777566170.376221752,1,0,0.01
1777566171.396220762,0,0,1.31
1777566171.396220762,1,0,0.01
1777566172.416425753,0,0,1.31
1777566172.416425753,1,0,0.01
1777566173.437816358,0,0,1.31
1777566173.437816358,1,0,0.01
1777566174.457378753,0,0,1.31
1777566174.457378753,1,0,0.01
1777566175.477611115,0,0,1.31
1777566175.477611115,1,0,0.01
1777566176.497750037,0,0,1.31
1777566176.497750037,1,0,0.01
1777566177.517925155,0,0,1.31
1777566177.517925155,1,0,0.01
1777566178.538892226,0,0,1.31
1777566178.538892226,1,0,0.01
1777566179.559881251,0,0,1.31
1777566179.559881251,1,0,0.01
1777566180.579478299,0,0,1.31
1777566180.579478299,1,0,0.01
1777566181.601113418,0,0,1.31
1777566181.601113418,1,0,0.01
1777566182.621010477,0,0,1.31
1777566182.621010477,1,0,0.01
1777566183.640732786,0,0,1.31
1777566183.640732786,1,0,0.01
1777566184.661491886,0,0,1.31
1777566184.661491886,1,0,0.01
1777566185.681409649,0,0,1.31
1777566185.681409649,1,0,0.01
1777566186.702212590,0,0,1.31
1777566186.702212590,1,0,0.01
1777566187.722393080,0,0,1.31
1777566187.722393080,1,0,0.01
1777566188.742796326,0,0,1.31
1777566188.742796326,1,0,0.01
1777566189.763450411,0,0,1.31
1777566189.763450411,1,0,0.01
1777566190.783580577,0,0,1.31
1777566190.783580577,1,0,0.01
1777566191.803511233,0,0,1.31
1777566191.803511233,1,0,0.01
1777566192.824268573,0,0,1.31
1777566192.824268573,1,0,0.01
1777566193.844073872,0,0,1.31
1777566193.844073872,1,0,0.01
1777566194.863388529,0,0,1.31
1777566194.863388529,1,0,0.01
1777566195.882727633,0,0,1.31
1777566195.882727633,1,0,0.01
1777566196.903098469,0,0,1.31
1777566196.903098469,1,0,0.01
1777566197.922509555,0,0,1.31
1777566197.922509555,1,0,0.01
1777566198.942603688,0,0,1.31
1777566198.942603688,1,0,0.01
1777566199.963824168,0,0,1.31
1777566199.963824168,1,0,0.01
1777566200.984560222,0,0,1.31
1777566200.984560222,1,0,0.01
1777566202.004819641,0,0,1.31
1777566202.004819641,1,0,0.01
1777566203.025695984,0,0,1.31
1777566203.025695984,1,0,0.01
1777566204.047007712,0,0,1.31
1777566204.047007712,1,0,0.01
1777566205.067499062,0,0,1.31
1777566205.067499062,1,0,0.01
1777566206.087196183,0,0,1.31
1777566206.087196183,1,0,0.01
1777566207.106892428,0,0,1.31
1777566207.106892428,1,0,0.01
1777566208.127897595,0,0,1.31
1777566208.127897595,1,0,0.01
1777566209.147895478,0,0,1.31
1777566209.147895478,1,0,0.01
1777566210.167958610,0,0,1.31
1777566210.167958610,1,0,0.01
1777566211.189061503,0,0,1.31
1777566211.189061503,1,0,0.01
1777566212.210791078,0,0,1.31
1777566212.210791078,1,0,0.01
1777566213.230913129,0,0,1.31
1777566213.230913129,1,0,0.01
1777566214.251687398,0,0,1.31
1777566214.251687398,1,0,0.01
1777566215.271689406,0,0,1.31
1777566215.271689406,1,0,0.01
1777566216.292500191,0,0,1.31
1777566216.292500191,1,0,0.01
1777566217.312465148,0,0,1.31
1777566217.312465148,1,0,0.01
1777566218.332427680,0,0,1.31
1777566218.332427680,1,0,0.01
1777566219.352432696,0,0,1.31
1777566219.352432696,1,0,0.01
1777566220.373775414,0,0,1.31
1777566220.373775414,1,0,0.01
1777566221.394785725,0,0,1.31
1777566221.394785725,1,0,0.01
1777566222.415018721,0,0,1.31
1777566222.415018721,1,0,0.01
1777566223.436968770,0,0,1.31
1777566223.436968770,1,0,0.01
1777566224.458302728,0,0,1.31
1777566224.458302728,1,0,0.01
1777566225.478011725,0,0,1.31
1777566225.478011725,1,0,0.01
1777566226.498471924,0,0,1.31
1777566226.498471924,1,0,0.01
1777566227.518859461,0,0,1.31
1777566227.518859461,1,0,0.01
1777566228.538842468,0,0,1.31
1777566228.538842468,1,0,0.01
1777566229.559890950,0,0,1.31
1777566229.559890950,1,0,0.01
1777566230.580207050,0,0,1.31
1777566230.580207050,1,0,0.01
1777566231.600195288,0,0,1.31
1777566231.600195288,1,0,0.01
1777566232.620503601,0,0,1.31
1777566232.620503601,1,0,0.01
1777566233.640494503,0,0,1.31
1777566233.640494503,1,0,0.01
1777566234.660873668,0,0,1.31
1777566234.660873668,1,0,0.01
1777566235.681145925,0,0,1.31
1777566235.681145925,1,0,0.01
1777566236.701109458,0,0,1.31
1777566236.701109458,1,0,0.01
1777566237.721797757,0,0,1.31
1777566237.721797757,1,0,0.01
1777566238.742201442,0,0,1.31
1777566238.742201442,1,0,0.01
1777566239.761869918,0,0,1.31
1777566239.761869918,1,0,0.01
1777566240.781346238,0,0,1.31
1777566240.781346238,1,0,0.01
1777566241.800952596,0,0,1.31
1777566241.800952596,1,0,0.01
1777566242.821189269,0,0,1.31
1777566242.821189269,1,0,0.01
1777566243.841154583,0,0,1.31
1777566243.841154583,1,0,0.01
1777566244.860963195,0,0,1.31
1777566244.860963195,1,0,0.01
1777566245.880593295,0,0,1.31
1777566245.880593295,1,0,0.01
1777566246.900535993,0,0,1.31
1777566246.900535993,1,0,0.01
1777566247.920862122,0,0,1.31
1777566247.920862122,1,0,0.01
1777566248.941273241,0,0,1.31
1777566248.941273241,1,0,0.01
1777566249.961468238,0,0,1.31
1777566249.961468238,1,0,0.01
1777566250.981551152,0,0,1.31
1777566250.981551152,1,0,0.01
1777566252.002032713,0,0,1.31
1777566252.002032713,1,0,0.01
1777566253.022961765,0,0,1.31
1777566253.022961765,1,0,0.01
1777566254.044547193,0,0,1.31
1777566254.044547193,1,0,0.01
1777566255.065058988,0,0,1.31
1777566255.065058988,1,0,0.01
1777566256.085636565,0,0,1.31
1777566256.085636565,1,0,0.01
1777566257.105742218,0,0,1.31
1777566257.105742218,1,0,0.01
1777566258.125762952,0,0,1.31
1777566258.125762952,1,0,0.01
1777566259.145886886,0,0,1.31
1777566259.145886886,1,0,0.01
1777566260.165864403,0,0,1.31
1777566260.165864403,1,0,0.01
1777566261.186415288,0,0,1.31
1777566261.186415288,1,0,0.01
1777566262.207312151,0,0,1.31
1777566262.207312151,1,0,0.01
1777566263.227361637,0,0,1.31
1777566263.227361637,1,0,0.01
1777566264.248323315,0,0,1.31
1777566264.248323315,1,0,0.01
1777566265.268001139,0,0,1.31
1777566265.268001139,1,0,0.01
1777566266.288362295,0,0,1.31
1777566266.288362295,1,0,0.01
1777566267.308408432,0,0,1.31
1777566267.308408432,1,0,0.01
1777566268.329036224,0,0,1.31
1777566268.329036224,1,0,0.01
1777566269.348592071,0,0,1.31
1777566269.348592071,1,0,0.01
1777566270.369367295,0,0,1.31
1777566270.369367295,1,0,0.01
1777566271.391945244,0,0,1.31
1777566271.391945244,1,0,0.01
1777566272.411755520,0,0,1.31
1777566272.411755520,1,0,0.01
1777566273.431545772,0,0,1.31
1777566273.431545772,1,0,0.01
1777566274.452070600,0,0,1.31
1777566274.452070600,1,0,0.01
1777566275.471964084,0,0,1.31
1777566275.471964084,1,0,0.01
1777566276.491596754,0,0,1.31
1777566276.491596754,1,0,0.01
1777566277.511422276,0,0,1.31
1777566277.511422276,1,0,0.01
1777566278.531155567,0,0,1.31
1777566278.531155567,1,0,0.01
1777566279.551288661,0,0,1.31
1777566279.551288661,1,0,0.01
1777566280.571378027,0,0,1.31
1777566280.571378027,1,0,0.01
1777566281.591242984,0,0,1.31
1777566281.591242984,1,0,0.01
1777566282.611330463,0,0,1.31
1777566282.611330463,1,0,0.01
1777566283.630821064,0,0,1.31
1777566283.630821064,1,0,0.01
1777566284.651447201,0,0,1.31
1777566284.651447201,1,0,0.01
1777566285.671737554,0,0,1.31
1777566285.671737554,1,0,0.01
1777566286.691036705,0,0,1.31
1777566286.691036705,1,0,0.01
1777566287.711028311,0,0,1.31
1777566287.711028311,1,0,0.01
1777566288.730634997,0,0,1.31
1777566288.730634997,1,0,0.01
1777566289.750862764,0,0,1.31
1777566289.750862764,1,0,0.01
1777566290.771054008,0,0,1.31
1777566290.771054008,1,0,0.01
1777566291.790940750,0,0,1.31
1777566291.790940750,1,0,0.01
1777566292.811916438,0,0,1.31
1777566292.811916438,1,0,0.01
1777566293.833831377,0,0,1.31
1777566293.833831377,1,0,0.01
1777566294.854475477,0,0,1.31
1777566294.854475477,1,0,0.01
1777566295.875458151,0,0,1.31
1777566295.875458151,1,0,0.01
1777566296.895328149,0,0,1.31
1777566296.895328149,1,0,0.01
1777566297.915865359,0,0,1.31
1777566297.915865359,1,0,0.01
1777566298.936798610,0,0,1.31
1777566298.936798610,1,0,0.01
1777566299.957902702,0,0,1.31
1777566299.957902702,1,0,0.01
1777566300.977623559,0,0,1.31
1777566300.977623559,1,0,0.01
1777566301.998425487,0,0,1.31
1777566301.998425487,1,0,0.01
1777566303.018920199,0,0,1.31
1777566303.018920199,1,0,0.01
1777566304.040748287,0,0,1.31
1777566304.040748287,1,0,0.01
1777566305.060702798,0,0,1.31
1777566305.060702798,1,0,0.01
1777566306.080764360,0,0,1.31
1777566306.080764360,1,0,0.01
1777566307.100276690,0,0,1.31
1777566307.100276690,1,0,0.01
1777566308.121911046,0,0,1.31
1777566308.121911046,1,0,0.01
1777566309.142878014,0,0,1.31
1777566309.142878014,1,0,0.01
1777566310.163936214,0,0,1.31
1777566310.163936214,1,0,0.01
1777566311.183601628,0,0,1.31
1777566311.183601628,1,0,0.01
1777566312.203812781,0,0,1.31
1777566312.203812781,1,0,0.01
1777566313.223709026,0,0,1.31
1777566313.223709026,1,0,0.01
1777566314.243341692,0,0,1.31
1777566314.243341692,1,0,0.01
1777566315.263502914,0,0,1.31
1777566315.263502914,1,0,0.01
1777566316.284993116,0,0,1.31
1777566316.284993116,1,0,0.01
1777566317.304950575,0,0,1.31
1777566317.304950575,1,0,0.01
1777566318.325932072,0,0,1.31
1777566318.325932072,1,0,0.01
1777566319.346317012,0,0,1.31
1777566319.346317012,1,0,0.01
1777566320.366847798,0,0,1.31
1777566320.366847798,1,0,0.01
1777566321.387012507,0,0,1.31
1777566321.387012507,1,0,0.01
1777566322.407471089,0,0,1.31
1777566322.407471089,1,0,0.01
1777566323.427641759,0,0,1.31
1777566323.427641759,1,0,0.01
1777566324.447617300,0,0,1.31
1777566324.447617300,1,0,0.01
1777566325.467169058,0,0,1.31
1777566325.467169058,1,0,0.01
1777566326.487037080,0,0,1.31
1777566326.487037080,1,0,0.01
1777566327.508308158,0,0,1.31
1777566327.508308158,1,0,0.01
1777566328.530547073,0,0,1.31
1777566328.530547073,1,0,0.01
1777566329.550628237,0,0,1.31
1777566329.550628237,1,0,0.01
1777566330.570598503,0,0,1.31
1777566330.570598503,1,0,0.01
1777566331.591403559,0,0,1.31
1777566331.591403559,1,0,0.01
1777566332.611819213,0,0,1.31
1777566332.611819213,1,0,0.01
1777566333.631826103,0,0,1.31
1777566333.631826103,1,0,0.01
1777566334.652526705,0,0,1.31
1777566334.652526705,1,0,0.01
1777566335.672796710,0,0,1.31
1777566335.672796710,1,0,0.01
1777566336.692253302,0,0,1.31
1777566336.692253302,1,0,0.01
1777566337.712412818,0,0,1.31
1777566337.712412818,1,0,0.01
1777566338.732323724,0,0,1.31
1777566338.732323724,1,0,0.01
1777566339.752260303,0,0,1.31
1777566339.752260303,1,0,0.01
1777566340.772757747,0,0,1.31
1777566340.772757747,1,0,0.01
1777566341.792766412,0,0,1.31
1777566341.792766412,1,0,0.01
1777566342.812911517,0,0,1.31
1777566342.812911517,1,0,0.01
1777566343.832755910,0,0,1.31
1777566343.832755910,1,0,0.01
1777566344.852320692,0,0,1.31
1777566344.852320692,1,0,0.01
1777566345.871947640,0,0,1.31
1777566345.871947640,1,0,0.01
1777566346.891924542,0,0,1.31
1777566346.891924542,1,0,0.01
1777566347.911897866,0,0,1.31
1777566347.911897866,1,0,0.01
1777566348.931483912,0,0,1.31
1777566348.931483912,1,0,0.01
1777566349.951886741,0,0,1.31
1777566349.951886741,1,0,0.01
1777566350.971510589,0,0,1.31
1777566350.971510589,1,0,0.01
1777566351.991336838,0,0,1.31
1777566351.991336838,1,0,0.01
1777566353.011722886,0,0,1.31
1777566353.011722886,1,0,0.01
1777566354.033070157,0,0,1.31
1777566354.033070157,1,0,0.01
1777566355.053954731,0,0,1.31
1777566355.053954731,1,0,0.01
1777566356.075462693,0,0,1.31
1777566356.075462693,1,0,0.01
1777566357.096778474,0,0,1.31
1777566357.096778474,1,0,0.01
1777566358.116778849,0,0,1.31
1777566358.116778849,1,0,0.01
1777566359.136954965,0,0,1.31
1777566359.136954965,1,0,0.01
1777566360.156854720,0,0,1.31
1777566360.156854720,1,0,0.01
1777566361.177896134,0,0,1.31
1777566361.177896134,1,0,0.01
1777566362.198068281,0,0,1.31
1777566362.198068281,1,0,0.01
1777566363.218736708,0,0,1.31
1777566363.218736708,1,0,0.01
1777566364.238953779,0,0,1.31
1777566364.238953779,1,0,0.01
1777566365.258804734,0,0,1.31
1777566365.258804734,1,0,0.01
1777566366.279940353,0,0,1.31
1777566366.279940353,1,0,0.01
1777566367.300439053,0,0,1.31
1777566367.300439053,1,0,0.01
1777566368.321512036,0,0,1.31
1777566368.321512036,1,0,0.01
1777566369.341575558,0,0,1.31
1777566369.341575558,1,0,0.01
1777566370.362691289,0,0,1.31
1777566370.362691289,1,0,0.01
1777566371.382736844,0,0,1.31
1777566371.382736844,1,0,0.01
1777566372.403023495,0,0,1.31
1777566372.403023495,1,0,0.01
1777566373.422783877,0,0,1.31
1777566373.422783877,1,0,0.01
1777566374.442294988,0,0,1.31
1777566374.442294988,1,0,0.01
1777566375.462470286,0,0,1.31
1777566375.462470286,1,0,0.01
1777566376.483091802,0,0,1.31
1777566376.483091802,1,0,0.01
1777566377.502823816,0,0,1.31
1777566377.502823816,1,0,0.01
1777566378.523127059,0,0,1.31
1777566378.523127059,1,0,0.01
1777566379.543209483,0,0,1.31
1777566379.543209483,1,0,0.01
1777566380.563863171,0,0,1.31
1777566380.563863171,1,0,0.01
1777566381.584207393,0,0,1.31
1777566381.584207393,1,0,0.01
1777566382.606109357,0,0,1.31
1777566382.606109357,1,0,0.01
1777566383.626208107,0,0,1.31
1777566383.626208107,1,0,0.01
1777566384.646119847,0,0,1.31
1777566384.646119847,1,0,0.01
1777566385.665958599,0,0,1.31
1777566385.665958599,1,0,0.01
1777566386.685998314,0,0,1.31
1777566386.685998314,1,0,0.01
1777566387.705693214,0,0,1.31
1777566387.705693214,1,0,0.01
1777566388.726591989,0,0,1.31
1777566388.726591989,1,0,0.01
1777566389.747868801,0,0,1.31
1777566389.747868801,1,0,0.01
1777566390.767955110,0,0,1.31
1777566390.767955110,1,0,0.01
1777566391.790228698,0,0,1.31
1777566391.790228698,1,0,0.01
1777566392.810273012,0,0,1.31
1777566392.810273012,1,0,0.01
1777566393.831371647,0,0,1.31
1777566393.831371647,1,0,0.01
1777566394.851283111,0,0,1.31
1777566394.851283111,1,0,0.01
1777566395.871600367,0,0,1.31
1777566395.871600367,1,0,0.01
1777566396.892322814,0,0,1.31
1777566396.892322814,1,0,0.01
1777566397.912322730,0,0,1.31
1777566397.912322730,1,0,0.01
1777566398.932295125,0,0,1.31
1777566398.932295125,1,0,0.01
1777566399.951779771,0,0,1.31
1777566399.951779771,1,0,0.01
1777566400.971680236,0,0,1.31
1777566400.971680236,1,0,0.01
1777566401.991270429,0,0,1.31
1777566401.991270429,1,0,0.01
1777566403.011550639,0,0,1.31
1777566403.011550639,1,0,0.01
1777566404.031965285,0,0,1.31
1777566404.031965285,1,0,0.01
1777566405.051946946,0,0,1.31
1777566405.051946946,1,0,0.01
1777566406.072188179,0,0,1.31
1777566406.072188179,1,0,0.01
1777566407.092303933,0,0,1.31
1777566407.092303933,1,0,0.01
1777566408.112351874,0,0,1.31
1777566408.112351874,1,0,0.01
1777566409.132593870,0,0,1.31
1777566409.132593870,1,0,0.01
1777566410.152458263,0,0,1.31
1777566410.152458263,1,0,0.01
1777566411.172324632,0,0,1.31
1777566411.172324632,1,0,0.01
1777566412.192120046,0,0,1.31
1777566412.192120046,1,0,0.01
1777566413.211844662,0,0,1.31
1777566413.211844662,1,0,0.01
1777566414.231803118,0,0,1.31
1777566414.231803118,1,0,0.01
1777566415.253522982,0,0,1.31
1777566415.253522982,1,0,0.01
1777566416.273414066,0,0,1.31
1777566416.273414066,1,0,0.01
1777566417.293864010,0,0,1.31
1777566417.293864010,1,0,0.01
1777566418.313726948,0,0,1.31
1777566418.313726948,1,0,0.01
1777566419.333959625,0,0,1.31
1777566419.333959625,1,0,0.01
1777566420.354931150,0,0,1.31
1777566420.354931150,1,0,0.01
1777566421.375244017,0,0,1.31
1777566421.375244017,1,0,0.01
1777566422.395392687,0,0,1.31
1777566422.395392687,1,0,0.01
1777566423.415268941,0,0,1.31
1777566423.415268941,1,0,0.01
1777566424.435362212,0,0,1.31
1777566424.435362212,1,0,0.01
1777566425.454821008,0,0,1.31
1777566425.454821008,1,0,0.01
1777566426.474715859,0,0,1.31
1777566426.474715859,1,0,0.01
1777566427.494816598,0,0,1.31
1777566427.494816598,1,0,0.01
1777566428.514666896,0,0,1.31
1777566428.514666896,1,0,0.01
1777566429.534410336,0,0,1.31
1777566429.534410336,1,0,0.01
1777566430.554830069,0,0,1.31
1777566430.554830069,1,0,0.01
1777566431.575329262,0,0,1.31
1777566431.575329262,1,0,0.01
1777566432.594846197,0,0,1.31
1777566432.594846197,1,0,0.01
1777566433.615180824,0,0,1.31
1777566433.615180824,1,0,0.01
1777566434.634881238,0,0,1.31
1777566434.634881238,1,0,0.01
1777566435.654797082,0,0,1.31
1777566435.654797082,1,0,0.01
1777566436.674874979,0,0,1.31
1777566436.674874979,1,0,0.01
1777566437.695150195,0,0,1.31
1777566437.695150195,1,0,0.01
1777566438.716335034,0,0,1.31
1777566438.716335034,1,0,0.01
1777566439.736370922,0,0,1.31
1777566439.736370922,1,0,0.01
1777566440.755618053,0,0,1.31
1777566440.755618053,1,0,0.01
1777566441.774781111,0,0,1.31
1777566441.774781111,1,0,0.01
1777566442.794908875,0,0,1.31
1777566442.794908875,1,0,0.01
1777566443.814405995,0,0,1.31
1777566443.814405995,1,0,0.01
1777566444.835935337,0,0,1.31
1777566444.835935337,1,0,0.01
1777566445.856315402,0,0,1.31
1777566445.856315402,1,0,0.01
1777566446.876423543,0,0,1.31
1777566446.876423543,1,0,0.01
1777566447.895922159,0,0,1.31
1777566447.895922159,1,0,0.01
1777566448.915435921,0,0,1.31
1777566448.915435921,1,0,0.01
1777566449.935675679,0,0,1.31
1777566449.935675679,1,0,0.01
1777566450.955810287,0,0,1.31
1777566450.955810287,1,0,0.01
1777566451.975541265,0,0,1.31
1777566451.975541265,1,0,0.01
1777566452.996182279,0,0,1.31
1777566452.996182279,1,0,0.01
1777566454.016023339,0,0,1.31
1777566454.016023339,1,0,0.01
1777566455.036035642,0,0,1.31
1777566455.036035642,1,0,0.01
1777566456.056716394,0,0,1.31
1777566456.056716394,1,0,0.01
1777566457.076437970,0,0,1.31
1777566457.076437970,1,0,0.01
1777566458.095996737,0,0,1.31
1777566458.095996737,1,0,0.01
1777566459.115684178,0,0,1.31
1777566459.115684178,1,0,0.01
1777566460.135833576,0,0,1.31
1777566460.135833576,1,0,0.01
1777566461.156216293,0,0,1.31
1777566461.156216293,1,0,0.01
1777566462.175729920,0,0,1.31
1777566462.175729920,1,0,0.01
1777566463.195749050,0,0,1.31
1777566463.195749050,1,0,0.01
1777566464.215204493,0,0,1.31
1777566464.215204493,1,0,0.01
1777566465.235567496,0,0,1.31
1777566465.235567496,1,0,0.01
1777566466.255409073,0,0,1.31
1777566466.255409073,1,0,0.01
1777566467.275263780,0,0,1.31
1777566467.275263780,1,0,0.01
1777566468.295705699,0,0,1.31
1777566468.295705699,1,0,0.01
1777566469.316009816,0,0,1.31
1777566469.316009816,1,0,0.01
1777566470.336329695,0,0,1.31
1777566470.336329695,1,0,0.01
1777566471.355917394,0,0,1.31
1777566471.355917394,1,0,0.01
1777566472.376345708,0,0,1.31
1777566472.376345708,1,0,0.01
1777566473.396206379,0,0,1.31
1777566473.396206379,1,0,0.01
1777566474.415702545,0,0,1.31
1777566474.415702545,1,0,0.01
1777566475.434959225,0,0,1.31
1777566475.434959225,1,0,0.01
1777566476.454995152,0,0,1.31
1777566476.454995152,1,0,0.01
1777566477.474869109,0,0,1.31
1777566477.474869109,1,0,0.01
1777566478.495384350,0,0,1.31
1777566478.495384350,1,0,0.01
1777566479.515326161,0,0,1.31
1777566479.515326161,1,0,0.01
1777566480.535274874,0,0,1.31
1777566480.535274874,1,0,0.01
1777566481.555899694,0,0,1.31
1777566481.555899694,1,0,0.01
1777566482.576039396,0,0,1.31
1777566482.576039396,1,0,0.01
1777566483.597849885,0,0,1.31
1777566483.597849885,1,0,0.01
1777566484.617849129,0,0,1.31
1777566484.617849129,1,0,0.01
1777566485.637826077,0,0,1.31
1777566485.637826077,1,0,0.01
1777566486.657934063,0,0,1.31
1777566486.657934063,1,0,0.01
1777566487.678204548,0,0,1.31
1777566487.678204548,1,0,0.01
1777566488.697761163,0,0,1.31
1777566488.697761163,1,0,0.01
1777566489.718563360,0,0,1.31
1777566489.718563360,1,0,0.01
1777566490.739195600,0,0,1.31
1777566490.739195600,1,0,0.01
1777566491.760581831,0,0,1.31
1777566491.760581831,1,0,0.01
1777566492.781089451,0,0,1.31
1777566492.781089451,1,0,0.01
1777566493.801873688,0,0,1.31
1777566493.801873688,1,0,0.01
1777566494.822543270,0,0,1.31
1777566494.822543270,1,0,0.01
1777566495.843330398,0,0,1.31
1777566495.843330398,1,0,0.01
1777566496.863388902,0,0,1.31
1777566496.863388902,1,0,0.01
1777566497.884266144,0,0,1.31
1777566497.884266144,1,0,0.01
1777566498.904347712,0,0,1.31
1777566498.904347712,1,0,0.01
1777566499.924043695,0,0,1.31
1777566499.924043695,1,0,0.01
1777566500.943790115,0,0,1.31
1777566500.943790115,1,0,0.01
1777566501.964343095,0,0,1.31
1777566501.964343095,1,0,0.01
1777566502.984974387,0,0,1.31
1777566502.984974387,1,0,0.01
1777566504.006025024,0,0,1.31
1777566504.006025024,1,0,0.01
1777566505.026547828,0,0,1.31
1777566505.026547828,1,0,0.01
1777566506.047281902,0,0,1.31
1777566506.047281902,1,0,0.01
1777566507.067081758,0,0,1.31
1777566507.067081758,1,0,0.01
1777566508.086951006,0,0,1.31
1777566508.086951006,1,0,0.01
1777566509.108180095,0,0,1.31
1777566509.108180095,1,0,0.01
1777566510.128873113,0,0,1.31
1777566510.128873113,1,0,0.01
1777566511.148759700,0,0,1.31
1777566511.148759700,1,0,0.01
1777566512.169892816,0,0,1.31
1777566512.169892816,1,0,0.01
1777566513.190914614,0,0,1.31
1777566513.190914614,1,0,0.01
1777566514.212623981,0,0,1.31
1777566514.212623981,1,0,0.01
1777566515.232047088,0,0,1.31
1777566515.232047088,1,0,0.01
1777566516.253228898,0,0,1.31
1777566516.253228898,1,0,0.01
1777566517.274139111,0,0,1.31
1777566517.274139111,1,0,0.01
1777566518.294850704,0,0,1.31
1777566518.294850704,1,0,0.01
1777566519.315010419,0,0,1.31
1777566519.315010419,1,0,0.01
1777566520.334885740,0,0,1.31
1777566520.334885740,1,0,0.01
1777566521.355186985,0,0,1.31
1777566521.355186985,1,0,0.01
1777566522.375602854,0,0,1.31
1777566522.375602854,1,0,0.01
1777566523.395556909,0,0,1.31
1777566523.395556909,1,0,0.01
1777566524.415212977,0,0,1.31
1777566524.415212977,1,0,0.01
1777566525.435603051,0,0,1.31
1777566525.435603051,1,0,0.01
1777566526.454978939,0,0,1.31
1777566526.454978939,1,0,0.01
1777566527.474717328,0,0,1.31
1777566527.474717328,1,0,0.01
1777566528.494201355,0,0,1.31
1777566528.494201355,1,0,0.01
1777566529.514418558,0,0,1.31
1777566529.514418558,1,0,0.01
1777566530.535295496,0,0,1.31
1777566530.535295496,1,0,0.01
1777566531.555728553,0,0,1.31
1777566531.555728553,1,0,0.01
1777566532.576527860,0,0,1.31
1777566532.576527860,1,0,0.01
1777566533.596395636,0,0,1.31
1777566533.596395636,1,0,0.01
1777566534.616969424,0,0,1.31
1777566534.616969424,1,0,0.01
1777566535.637318515,0,0,1.31
1777566535.637318515,1,0,0.01
1777566536.657233852,0,0,1.31
1777566536.657233852,1,0,0.01
1777566537.678101890,0,0,1.31
1777566537.678101890,1,0,0.01
1777566538.700218077,0,0,1.31
1777566538.700218077,1,0,0.01
1777566539.721353532,0,0,1.31
1777566539.721353532,1,0,0.01
1777566540.743729896,0,0,1.31
1777566540.743729896,1,0,0.01
1777566541.764341571,0,0,1.31
1777566541.764341571,1,0,0.01
1777566542.784756439,0,0,1.31
1777566542.784756439,1,0,0.01
1777566543.805016136,0,0,1.31
1777566543.805016136,1,0,0.01
1777566544.824838194,0,0,1.31
1777566544.824838194,1,0,0.01
1777566545.844341890,0,0,1.31
1777566545.844341890,1,0,0.01
1777566546.864646696,0,0,1.31
1777566546.864646696,1,0,0.01
1777566547.885676528,0,0,1.31
1777566547.885676528,1,0,0.01
1777566548.905773797,0,0,1.31
1777566548.905773797,1,0,0.01
1777566549.925639257,0,0,1.31
1777566549.925639257,1,0,0.01
1777566550.945200633,0,0,1.31
1777566550.945200633,1,0,0.01
1777566551.964680872,0,0,1.31
1777566551.964680872,1,0,0.01
1777566552.985288166,0,0,1.31
1777566552.985288166,1,0,0.01
1777566554.004884644,0,0,1.31
1777566554.004884644,1,0,0.01
1777566555.024918394,0,0,1.31
1777566555.024918394,1,0,0.01
1777566556.044593198,0,0,1.31
1777566556.044593198,1,0,0.01
1777566557.065004741,0,0,1.31
1777566557.065004741,1,0,0.01
1777566558.085646212,0,0,1.31
1777566558.085646212,1,0,0.01
1777566559.105404827,0,0,1.31
1777566559.105404827,1,0,0.01
1777566560.124861907,0,0,1.31
1777566560.124861907,1,0,0.01
1777566561.145277849,0,0,1.31
1777566561.145277849,1,0,0.01
1777566562.165903931,0,0,1.31
1777566562.165903931,1,0,0.01
1777566563.185772142,0,0,1.31
1777566563.185772142,1,0,0.01
1777566564.204834280,0,0,1.31
1777566564.204834280,1,0,0.01
1777566565.225489338,0,0,1.31
1777566565.225489338,1,0,0.01
1777566566.246090869,0,0,1.31
1777566566.246090869,1,0,0.01
1777566567.265696469,0,0,1.31
1777566567.265696469,1,0,0.01
1777566568.286811544,0,0,1.31
1777566568.286811544,1,0,0.01
1777566569.306442435,0,0,1.31
1777566569.306442435,1,0,0.01
1777566570.326073368,0,0,1.31
1777566570.326073368,1,0,0.01
1777566571.345585421,0,0,1.31
1777566571.345585421,1,0,0.01
1777566572.365680946,0,0,1.31
1777566572.365680946,1,0,0.01
1777566573.387756716,0,0,1.31
1777566573.387756716,1,0,0.01
1777566574.407896687,0,0,1.31
1777566574.407896687,1,0,0.01
1777566575.428421494,0,0,1.31
1777566575.428421494,1,0,0.01
1777566576.449023457,0,0,1.31
1777566576.449023457,1,0,0.01
1777566577.470777305,0,0,1.31
1777566577.470777305,1,0,0.01
1777566578.491361861,0,0,1.31
1777566578.491361861,1,0,0.01
1777566579.511001950,0,0,1.31
1777566579.511001950,1,0,0.01
1777566580.530559947,0,0,1.31
1777566580.530559947,1,0,0.01
1777566581.551943554,0,0,1.31
1777566581.551943554,1,0,0.01
1777566582.573388847,0,0,1.31
1777566582.573388847,1,0,0.01
1777566583.595350279,0,0,1.31
1777566583.595350279,1,0,0.01
1777566584.615862858,0,0,1.31
1777566584.615862858,1,0,0.01
1777566585.635373458,0,0,1.31
1777566585.635373458,1,0,0.01
1777566586.654795000,0,0,1.31
1777566586.654795000,1,0,0.01
1777566587.675637447,0,0,1.31
1777566587.675637447,1,0,0.01
1777566588.695684227,0,0,1.31
1777566588.695684227,1,0,0.01
1777566589.716158268,0,0,1.31
1777566589.716158268,1,0,0.01
1777566590.735735856,0,0,1.31
1777566590.735735856,1,0,0.01
1777566591.755195281,0,0,1.31
1777566591.755195281,1,0,0.01
1777566592.775535782,0,0,1.31
1777566592.775535782,1,0,0.01
1777566593.795349701,0,0,1.31
1777566593.795349701,1,0,0.01
1777566594.816047666,0,0,1.31
1777566594.816047666,1,0,0.01
1777566595.836704100,0,0,1.31
1777566595.836704100,1,0,0.01
1777566596.856437294,0,0,1.31
1777566596.856437294,1,0,0.01
1777566597.876286685,0,0,1.31
1777566597.876286685,1,0,0.01
1777566598.895938869,0,0,1.31
1777566598.895938869,1,0,0.01
1777566599.915933079,0,0,1.31
1777566599.915933079,1,0,0.01
1777566600.935900608,0,0,1.31
1777566600.935900608,1,0,0.01
1777566601.955462234,0,0,1.31
1777566601.955462234,1,0,0.01
1777566602.974794631,0,0,1.31
1777566602.974794631,1,0,0.01
1777566603.994217582,0,0,1.31
1777566603.994217582,1,0,0.01
1777566605.013459526,0,0,1.31
1777566605.013459526,1,0,0.01
1777566606.034077446,0,0,1.31
1777566606.034077446,1,0,0.01
1777566607.054073660,0,0,1.31
1777566607.054073660,1,0,0.01
1777566608.074319753,0,0,1.31
1777566608.074319753,1,0,0.01
1777566609.095976919,0,0,1.31
1777566609.095976919,1,0,0.01
1777566610.116889753,0,0,1.31
1777566610.116889753,1,0,0.01
1777566611.137633848,0,0,1.31
1777566611.137633848,1,0,0.01
1777566612.157369435,0,0,1.31
1777566612.157369435,1,0,0.01
1777566613.178059707,0,0,1.31
1777566613.178059707,1,0,0.01
1777566614.198164156,0,0,1.31
1777566614.198164156,1,0,0.01
1777566615.217878527,0,0,1.31
1777566615.217878527,1,0,0.01
1777566616.237857378,0,0,1.31
1777566616.237857378,1,0,0.01
1777566617.257955574,0,0,1.31
1777566617.257955574,1,0,0.01
1777566618.280110660,0,0,1.31
1777566618.280110660,1,0,0.01
1777566619.301246019,0,0,1.31
1777566619.301246019,1,0,0.01
1777566620.321807418,0,0,1.31
1777566620.321807418,1,0,0.01
1777566621.342517819,0,0,1.31
1777566621.342517819,1,0,0.01
1777566622.363378848,0,0,1.31
1777566622.363378848,1,0,0.01
1777566623.384259174,0,0,1.31
1777566623.384259174,1,0,0.01
1777566624.404118425,0,0,1.31
1777566624.404118425,1,0,0.01
1777566625.424648753,0,0,1.31
1777566625.424648753,1,0,0.01
1777566626.444968056,0,0,1.31
1777566626.444968056,1,0,0.01
1777566627.465908190,0,0,1.31
1777566627.465908190,1,0,0.01
1777566628.485801195,0,0,1.31
1777566628.485801195,1,0,0.01
1777566629.506274159,0,0,1.31
1777566629.506274159,1,0,0.01
1777566630.526463330,0,0,1.31
1777566630.526463330,1,0,0.01
1777566631.546149745,0,0,1.31
1777566631.546149745,1,0,0.01
1777566632.566822367,0,0,1.31
1777566632.566822367,1,0,0.01
1777566633.586936891,0,0,1.31
1777566633.586936891,1,0,0.01
1777566634.607196882,0,0,1.31
1777566634.607196882,1,0,0.01
1777566635.626748456,0,0,1.31
1777566635.626748456,1,0,0.01
1777566636.647798405,0,0,1.31
1777566636.647798405,1,0,0.01
1777566637.668998597,0,0,1.31
1777566637.668998597,1,0,0.01
1777566638.690342122,0,0,1.31
1777566638.690342122,1,0,0.01
1777566639.711899557,0,0,1.31
1777566639.711899557,1,0,0.01
1777566640.732171660,0,0,1.31
1777566640.732171660,1,0,0.01
1777566641.752066272,0,0,1.31
1777566641.752066272,1,0,0.01
1777566642.771820780,0,0,1.31
1777566642.771820780,1,0,0.01
1777566643.792964594,0,0,1.31
1777566643.792964594,1,0,0.01
1777566644.815016139,0,0,1.31
1777566644.815016139,1,0,0.01
1777566645.836904213,0,0,1.31
1777566645.836904213,1,0,0.01
1777566646.857827518,0,0,1.31
1777566646.857827518,1,0,0.01
1777566647.878939433,0,0,1.31
1777566647.878939433,1,0,0.01
1777566648.899010520,0,0,1.31
1777566648.899010520,1,0,0.01
1777566649.919798469,0,0,1.31
1777566649.919798469,1,0,0.01
1777566650.940939722,0,0,1.31
1777566650.940939722,1,0,0.01
1777566651.962226464,0,0,1.31
1777566651.962226464,1,0,0.01
1777566652.982835289,0,0,1.31
1777566652.982835289,1,0,0.01
1777566654.003117431,0,0,1.31
1777566654.003117431,1,0,0.01
1777566655.022996787,0,0,1.31
1777566655.022996787,1,0,0.01
1777566656.044996105,0,0,1.31
1777566656.044996105,1,0,0.01
1777566657.066059169,0,0,1.31
1777566657.066059169,1,0,0.01
1777566658.085992229,0,0,1.31
1777566658.085992229,1,0,0.01
1777566659.107090568,0,0,1.31
1777566659.107090568,1,0,0.01
1777566660.127022553,0,0,1.31
1777566660.127022553,1,0,0.01
1777566661.146790747,0,0,1.31
1777566661.146790747,1,0,0.01
1777566662.167374308,0,0,1.31
1777566662.167374308,1,0,0.01
1777566663.186652825,0,0,1.31
1777566663.186652825,1,0,0.01
1777566664.207154408,0,0,1.31
1777566664.207154408,1,0,0.01
1777566665.227278683,0,0,1.31
1777566665.227278683,1,0,0.01
1777566666.246863488,0,0,1.31
1777566666.246863488,1,0,0.01
1777566667.267522425,0,0,1.31
1777566667.267522425,1,0,0.01
1777566668.288071544,0,0,1.31
1777566668.288071544,1,0,0.01
1777566669.308446577,0,0,1.31
1777566669.308446577,1,0,0.01
1777566670.328189378,0,0,1.31
1777566670.328189378,1,0,0.01
1777566671.348044780,0,0,1.31
1777566671.348044780,1,0,0.01
1777566672.368742404,0,0,1.31
1777566672.368742404,1,0,0.01
1777566673.389102271,0,0,1.31
1777566673.389102271,1,0,0.01
1777566674.409147549,0,0,1.31
1777566674.409147549,1,0,0.01
1777566675.429287236,0,0,1.31
1777566675.429287236,1,0,0.01
1777566676.449059818,0,0,1.31
1777566676.449059818,1,0,0.01
1777566677.470291945,0,0,1.31
1777566677.470291945,1,0,0.01
1777566678.490308417,0,0,1.31
1777566678.490308417,1,0,0.01
1777566679.509661820,0,0,1.31
1777566679.509661820,1,0,0.01
1777566680.530672811,0,0,1.31
1777566680.530672811,1,0,0.01
1777566681.550690072,0,0,1.31
1777566681.550690072,1,0,0.01
1777566682.570910820,0,0,1.31
1777566682.570910820,1,0,0.01
1777566683.590905761,0,0,1.31
1777566683.590905761,1,0,0.01
1777566684.611041134,0,0,1.31
1777566684.611041134,1,0,0.01
1777566685.630726253,0,0,1.31
1777566685.630726253,1,0,0.01
1777566686.651361187,0,0,1.31
1777566686.651361187,1,0,0.01
1777566687.671523300,0,0,1.31
1777566687.671523300,1,0,0.01
1777566688.691312871,0,0,1.31
1777566688.691312871,1,0,0.01
1777566689.710768166,0,0,1.31
1777566689.710768166,1,0,0.01
1777566690.730212527,0,0,1.31
1777566690.730212527,1,0,0.01
1777566691.749810453,0,0,1.31
1777566691.749810453,1,0,0.01
1777566692.769611687,0,0,1.31
1777566692.769611687,1,0,0.01
1777566693.788987934,0,0,1.31
1777566693.788987934,1,0,0.01
1777566694.808853028,0,0,1.31
1777566694.808853028,1,0,0.01
1777566695.828406452,0,0,1.31
1777566695.828406452,1,0,0.01
1777566696.849202229,0,0,1.31
1777566696.849202229,1,0,0.01
1777566697.868924832,0,0,1.31
1777566697.868924832,1,0,0.01
1777566698.888864484,0,0,1.31
1777566698.888864484,1,0,0.01
1777566699.910312901,0,0,1.31
1777566699.910312901,1,0,0.01
1777566700.930336176,0,0,1.31
1777566700.930336176,1,0,0.01
1777566701.951066986,0,0,1.31
1777566701.951066986,1,0,0.01
1777566702.970836236,0,0,1.31
1777566702.970836236,1,0,0.01
1777566703.990538299,0,0,1.31
1777566703.990538299,1,0,0.01
1777566705.010413008,0,0,1.31
1777566705.010413008,1,0,0.01
1777566706.030404669,0,0,1.31
1777566706.030404669,1,0,0.01
1777566707.051038757,0,0,1.31
1777566707.051038757,1,0,0.01
1777566708.072984281,0,0,1.31
1777566708.072984281,1,0,0.01
1777566709.093773178,0,0,1.31
1777566709.093773178,1,0,0.01
1777566710.115388116,0,0,1.31
1777566710.115388116,1,0,0.01
1777566711.135019179,0,0,1.31
1777566711.135019179,1,0,0.01
1777566712.159547673,0,0,1.31
1777566712.159547673,1,0,0.01
1777566713.181028276,0,0,1.31
1777566713.181028276,1,0,0.01
1777566714.201787530,0,0,1.31
1777566714.201787530,1,0,0.01
1777566715.222517067,0,0,1.31
1777566715.222517067,1,0,0.01
1777566716.242316313,0,0,1.31
1777566716.242316313,1,0,0.01
1777566717.262190034,0,0,1.31
1777566717.262190034,1,0,0.01
1777566718.283241941,0,0,1.31
1777566718.283241941,1,0,0.01
1777566719.303024856,0,0,1.31
1777566719.303024856,1,0,0.01
1777566720.323008523,0,0,1.31
1777566720.323008523,1,0,0.01
1777566721.344146749,0,0,1.31
1777566721.344146749,1,0,0.01
1777566722.364749954,0,0,1.31
1777566722.364749954,1,0,0.01
1777566723.386377260,0,0,1.31
1777566723.386377260,1,0,0.01
1777566724.407425365,0,0,1.31
1777566724.407425365,1,0,0.01
1777566725.427597658,0,0,1.31
1777566725.427597658,1,0,0.01
1777566726.448361869,0,0,1.31
1777566726.448361869,1,0,0.01
1777566727.468310716,0,0,1.31
1777566727.468310716,1,0,0.01
1777566728.487916605,0,0,1.31
1777566728.487916605,1,0,0.01
1777566729.509152860,0,0,1.31
1777566729.509152860,1,0,0.01
1777566730.531636089,0,0,1.31
1777566730.531636089,1,0,0.01
1777566731.552171633,0,0,1.31
1777566731.552171633,1,0,0.01
1777566732.571912800,0,0,1.31
1777566732.571912800,1,0,0.01
1777566733.591946877,0,0,1.31
1777566733.591946877,1,0,0.01
1777566734.613701241,0,0,1.31
1777566734.613701241,1,0,0.01
1777566735.635541066,0,0,1.31
1777566735.635541066,1,0,0.01
1777566736.656899223,0,0,1.31
1777566736.656899223,1,0,0.01
1777566737.676330927,0,0,1.31
1777566737.676330927,1,0,0.01
1777566738.696739817,0,0,1.31
1777566738.696739817,1,0,0.01
1777566739.716611997,0,0,1.31
1777566739.716611997,1,0,0.01
1777566740.737212265,0,0,1.31
1777566740.737212265,1,0,0.01
1777566741.758529835,0,0,1.31
1777566741.758529835,1,0,0.01
1777566742.780421431,0,0,1.31
1777566742.780421431,1,0,0.01
1777566743.800627121,0,0,1.31
1777566743.800627121,1,0,0.01
1777566744.820660724,0,0,1.31
1777566744.820660724,1,0,0.01
1777566745.841725620,0,0,1.31
1777566745.841725620,1,0,0.01
1777566746.862658116,0,0,1.31
1777566746.862658116,1,0,0.01
1777566747.883624188,0,0,1.31
1777566747.883624188,1,0,0.01
1777566748.903390419,0,0,1.31
1777566748.903390419,1,0,0.01
1777566749.922936372,0,0,1.31
1777566749.922936372,1,0,0.01
1777566750.943896360,0,4,1.31
1777566750.943896360,1,0,0.01
1777566751.966818814,0,59,1.31
1777566751.966818814,1,0,0.01
1777566752.989035185,0,57,1.31
1777566752.989035185,1,0,0.01
1777566754.008990606,0,63,1.31
1777566754.008990606,1,0,0.01
1777566755.029684938,0,25,1.31
1777566755.029684938,1,0,0.01
1777566756.051551971,0,0,1.31
1777566756.051551971,1,0,0.01
1777566757.072616781,0,0,1.31
1777566757.072616781,1,0,0.01
1777566758.092305681,0,0,1.31
1777566758.092305681,1,0,0.01
1777566759.113680909,0,0,1.31
1777566759.113680909,1,0,0.01
1777566760.134111712,0,0,1.31
1777566760.134111712,1,0,0.01
1777566761.155598726,0,0,1.31
1777566761.155598726,1,0,0.01
1777566762.175493673,0,0,1.31
1777566762.175493673,1,0,0.01
1777566763.195245445,0,0,1.31
1777566763.195245445,1,0,0.01
1777566764.215391410,0,0,1.31
1777566764.215391410,1,0,0.01
1777566765.235019765,0,0,1.31
1777566765.235019765,1,0,0.01
1777566766.254652773,0,0,1.31
1777566766.254652773,1,0,0.01
1777566767.274504034,0,0,1.31
1777566767.274504034,1,0,0.01
1777566768.293803419,0,0,1.31
1777566768.293803419,1,0,0.01
1777566769.314717513,0,0,1.31
1777566769.314717513,1,0,0.01
1777566770.335243372,0,0,1.31
1777566770.335243372,1,0,0.01
1777566771.355027636,0,0,1.31
1777566771.355027636,1,0,0.01
1777566772.375476116,0,0,1.31
1777566772.375476116,1,0,0.01
1777566773.395366254,0,0,1.31
1777566773.395366254,1,0,0.01
1777566774.415201773,0,0,1.31
1777566774.415201773,1,0,0.01
1777566775.435010455,0,0,1.31
1777566775.435010455,1,0,0.01
1777566776.456355060,0,0,1.31
1777566776.456355060,1,0,0.01
1777566777.476805727,0,0,1.31
1777566777.476805727,1,0,0.01
1777566778.496954863,0,0,1.31
1777566778.496954863,1,0,0.01
1777566779.517854620,0,0,1.31
1777566779.517854620,1,0,0.01
1777566780.537896931,0,0,1.31
1777566780.537896931,1,0,0.01
1777566781.557888027,0,0,1.31
1777566781.557888027,1,0,0.01
1777566782.578421538,0,0,1.31
1777566782.578421538,1,0,0.01
1777566783.599774264,0,0,1.31
1777566783.599774264,1,0,0.01
1777566784.620282175,0,0,1.31
1777566784.620282175,1,0,0.01
1777566785.640576746,0,0,1.31
1777566785.640576746,1,0,0.01
1777566786.660274535,0,0,1.31
1777566786.660274535,1,0,0.01
1777566787.680094823,0,0,1.31
1777566787.680094823,1,0,0.01
1777566788.699989340,0,0,1.31
1777566788.699989340,1,0,0.01
1777566789.719310011,0,0,1.31
1777566789.719310011,1,0,0.01
1777566790.740002312,0,0,1.31
1777566790.740002312,1,0,0.01
1777566791.760470690,0,0,1.31
1777566791.760470690,1,0,0.01
1777566792.779820486,0,0,1.31
1777566792.779820486,1,0,0.01
1777566793.799865475,0,0,1.31
1777566793.799865475,1,0,0.01
1777566794.819549041,0,0,1.31
1777566794.819549041,1,0,0.01
1777566795.840004670,0,0,1.31
1777566795.840004670,1,0,0.01
1777566796.860280162,0,0,1.31
1777566796.860280162,1,0,0.01
1777566797.880512146,0,0,1.31
1777566797.880512146,1,0,0.01
1777566798.900494080,0,0,1.31
1777566798.900494080,1,0,0.01
1777566799.920062263,0,0,1.31
1777566799.920062263,1,0,0.01
1777566800.940032926,0,0,1.31
1777566800.940032926,1,0,0.01
1777566801.959971467,0,0,1.31
1777566801.959971467,1,0,0.01
1777566802.980587917,0,0,1.31
1777566802.980587917,1,0,0.01
1777566804.000622350,0,0,1.31
1777566804.000622350,1,0,0.01
1777566805.021397181,0,0,1.31
1777566805.021397181,1,0,0.01
1777566806.041225928,0,0,1.31
1777566806.041225928,1,0,0.01
1777566807.061598762,0,0,1.31
1777566807.061598762,1,0,0.01
1777566808.081577261,0,0,1.31
1777566808.081577261,1,0,0.01
1777566809.101220895,0,0,1.31
1777566809.101220895,1,0,0.01
1777566810.121291051,0,0,1.31
1777566810.121291051,1,0,0.01
1777566811.142152364,0,0,1.31
1777566811.142152364,1,0,0.01
1777566812.161866725,0,0,1.31
1777566812.161866725,1,0,0.01
1777566813.182733808,0,0,1.31
1777566813.182733808,1,0,0.01
1777566814.203222830,0,0,1.31
1777566814.203222830,1,0,0.01
1777566815.223179435,0,0,1.31
1777566815.223179435,1,0,0.01
1777566816.242897482,0,0,1.31
1777566816.242897482,1,0,0.01
1777566817.262941078,0,0,1.31
1777566817.262941078,1,0,0.01
1777566818.282968099,0,0,1.31
1777566818.282968099,1,0,0.01
1777566819.303005592,0,0,1.31
1777566819.303005592,1,0,0.01
1777566820.323504979,0,0,1.31
1777566820.323504979,1,0,0.01
1777566821.344020065,0,0,1.31
1777566821.344020065,1,0,0.01
1777566822.366173600,0,0,1.31
1777566822.366173600,1,0,0.01
1777566823.388295307,0,0,1.31
1777566823.388295307,1,0,0.01
1777566824.408638945,0,0,1.31
1777566824.408638945,1,0,0.01
1777566825.428600049,0,0,1.31
1777566825.428600049,1,0,0.01
1777566826.449168794,0,0,1.31
1777566826.449168794,1,0,0.01
1777566827.469366836,0,0,1.31
1777566827.469366836,1,0,0.01
1777566828.489363723,0,0,1.31
1777566828.489363723,1,0,0.01
1777566829.509366573,0,0,1.31
1777566829.509366573,1,0,0.01
1777566830.529697992,0,0,1.31
1777566830.529697992,1,0,0.01
1777566831.550209203,0,0,1.31
1777566831.550209203,1,0,0.01
1777566832.570282906,0,0,1.31
1777566832.570282906,1,0,0.01
1777566833.591064659,0,0,1.31
1777566833.591064659,1,0,0.01
1777566834.613280351,0,0,1.31
1777566834.613280351,1,0,0.01
1777566835.634498680,0,0,1.31
1777566835.634498680,1,0,0.01
1777566836.655675904,0,0,1.31
1777566836.655675904,1,0,0.01
1777566837.676421961,0,0,1.31
1777566837.676421961,1,0,0.01
1777566838.696298505,0,0,1.31
1777566838.696298505,1,0,0.01
1777566839.716811848,0,0,1.31
1777566839.716811848,1,0,0.01
1777566840.737681567,0,0,1.31
1777566840.737681567,1,0,0.01
1777566841.758338900,0,0,1.31
1777566841.758338900,1,0,0.01
1777566842.778307330,0,0,1.31
1777566842.778307330,1,0,0.01
1777566843.797878480,0,0,1.31
1777566843.797878480,1,0,0.01
1777566844.817348920,0,0,1.31
1777566844.817348920,1,0,0.01
1777566845.837252844,0,0,1.31
1777566845.837252844,1,0,0.01
1777566846.857002518,0,0,1.31
1777566846.857002518,1,0,0.01
1777566847.877006315,0,0,1.31
1777566847.877006315,1,0,0.01
1777566848.898096248,0,0,1.31
1777566848.898096248,1,0,0.01
1777566849.918267500,0,0,1.31
1777566849.918267500,1,0,0.01
1777566850.938841787,0,0,1.31
1777566850.938841787,1,0,0.01
1777566851.958328797,0,0,1.31
1777566851.958328797,1,0,0.01
1777566852.978448209,0,0,1.31
1777566852.978448209,1,0,0.01
1777566853.998443488,0,0,1.31
1777566853.998443488,1,0,0.01
1777566855.019327109,0,0,1.31
1777566855.019327109,1,0,0.01
1777566856.039228350,0,0,1.31
1777566856.039228350,1,0,0.01
1777566857.059310126,0,0,1.31
1777566857.059310126,1,0,0.01
1777566858.079497363,0,0,1.31
1777566858.079497363,1,0,0.01
1777566859.099266418,0,0,1.31
1777566859.099266418,1,0,0.01
1777566860.119950277,0,0,1.31
1777566860.119950277,1,0,0.01
1777566861.140152510,0,0,1.31
1777566861.140152510,1,0,0.01
1777566862.160395881,0,0,1.31
1777566862.160395881,1,0,0.01
1777566863.179979941,0,0,1.31
1777566863.179979941,1,0,0.01
1777566864.200449022,0,0,1.31
1777566864.200449022,1,0,0.01
1777566865.220805923,0,0,1.31
1777566865.220805923,1,0,0.01
1777566866.241823667,0,0,1.31
1777566866.241823667,1,0,0.01
1777566867.261357086,0,0,1.31
1777566867.261357086,1,0,0.01
1777566868.281604606,0,0,1.31
1777566868.281604606,1,0,0.01
1777566869.301425436,0,0,1.31
1777566869.301425436,1,0,0.01
1777566870.321074549,0,0,1.31
1777566870.321074549,1,0,0.01
1777566871.342384174,0,0,1.31
1777566871.342384174,1,0,0.01
1777566872.363006343,0,0,1.31
1777566872.363006343,1,0,0.01
1777566873.384853609,0,0,1.31
1777566873.384853609,1,0,0.01
1777566874.404927640,0,0,1.31
1777566874.404927640,1,0,0.01
1777566875.427012715,0,0,1.31
1777566875.427012715,1,0,0.01
1777566876.448519648,0,0,1.31
1777566876.448519648,1,0,0.01
1777566877.470557024,0,0,1.31
1777566877.470557024,1,0,0.01
1777566878.490415565,0,0,1.31
1777566878.490415565,1,0,0.01
1777566879.510713584,0,0,1.31
1777566879.510713584,1,0,0.01
1777566880.530857095,0,0,1.31
1777566880.530857095,1,0,0.01
1777566881.550207495,0,0,1.31
1777566881.550207495,1,0,0.01
1777566882.571512016,0,0,1.31
1777566882.571512016,1,0,0.01
1777566883.591425141,0,0,1.31
1777566883.591425141,1,0,0.01
1777566884.611308305,0,0,1.31
1777566884.611308305,1,0,0.01
1777566885.630818128,0,0,1.31
1777566885.630818128,1,0,0.01
1777566886.650640980,0,0,1.31
1777566886.650640980,1,0,0.01
1777566887.670992221,0,0,1.31
1777566887.670992221,1,0,0.01
1777566888.690890276,0,0,1.31
1777566888.690890276,1,0,0.01
1777566889.711527224,0,0,1.31
1777566889.711527224,1,0,0.01
1777566890.731240463,0,0,1.31
1777566890.731240463,1,0,0.01
1777566891.751358566,0,0,1.31
1777566891.751358566,1,0,0.01
1777566892.772728040,0,0,1.31
1777566892.772728040,1,0,0.01
1777566893.792861102,0,0,1.31
1777566893.792861102,1,0,0.01
1777566894.813146485,0,0,1.31
1777566894.813146485,1,0,0.01
1777566895.833853846,0,0,1.31
1777566895.833853846,1,0,0.01
1777566896.853631306,0,0,1.31
1777566896.853631306,1,0,0.01
1777566897.873926504,0,0,1.31
1777566897.873926504,1,0,0.01
1777566898.894167064,0,0,1.31
1777566898.894167064,1,0,0.01
1777566899.913635507,0,0,1.31
1777566899.913635507,1,0,0.01
1777566900.933704945,0,0,1.31
1777566900.933704945,1,0,0.01
1777566901.953823421,0,0,1.31
1777566901.953823421,1,0,0.01
1777566902.973713768,0,0,1.31
1777566902.973713768,1,0,0.01
1777566903.994754880,0,0,1.31
1777566903.994754880,1,0,0.01
1777566905.014711392,0,0,1.31
1777566905.014711392,1,0,0.01
1777566906.034929628,0,0,1.31
1777566906.034929628,1,0,0.01
1777566907.054717314,0,0,1.31
1777566907.054717314,1,0,0.01
1777566908.075471361,0,0,1.31
1777566908.075471361,1,0,0.01
1777566909.096281225,0,0,1.31
1777566909.096281225,1,0,0.01
1777566910.116873034,0,0,1.31
1777566910.116873034,1,0,0.01
1777566911.136808969,0,0,1.31
1777566911.136808969,1,0,0.01
1777566912.161575844,0,0,1.31
1777566912.161575844,1,0,0.01
1777566913.182036900,0,0,1.31
1777566913.182036900,1,0,0.01
1777566914.203152817,0,0,1.31
1777566914.203152817,1,0,0.01
1777566915.224685504,0,0,1.31
1777566915.224685504,1,0,0.01
1777566916.244121164,0,0,1.31
1777566916.244121164,1,0,0.01
1777566917.264253720,0,0,1.31
1777566917.264253720,1,0,0.01
1777566918.284050031,0,0,1.31
1777566918.284050031,1,0,0.01
1777566919.304956090,0,0,1.31
1777566919.304956090,1,0,0.01
1777566920.325578193,0,0,1.31
1777566920.325578193,1,0,0.01
1777566921.345929218,0,0,1.31
1777566921.345929218,1,0,0.01
1777566922.366206374,0,0,1.31
1777566922.366206374,1,0,0.01
1777566923.386694855,0,0,1.31
1777566923.386694855,1,0,0.01
1777566924.406491713,0,0,1.31
1777566924.406491713,1,0,0.01
1777566925.426895242,0,0,1.31
1777566925.426895242,1,0,0.01
1777566926.446273196,0,0,1.31
1777566926.446273196,1,0,0.01
1777566927.466439971,0,0,1.31
1777566927.466439971,1,0,0.01
1777566928.487683816,0,0,1.31
1777566928.487683816,1,0,0.01
1777566929.508560675,0,0,1.31
1777566929.508560675,1,0,0.01
1777566930.528488657,0,0,1.31
1777566930.528488657,1,0,0.01
1777566931.548628294,0,0,1.31
1777566931.548628294,1,0,0.01
1777566932.568616260,0,0,1.31
1777566932.568616260,1,0,0.01
1777566933.588084150,0,0,1.31
1777566933.588084150,1,0,0.01
1777566934.608337860,0,0,1.31
1777566934.608337860,1,0,0.01
1777566935.630844738,0,0,1.31
1777566935.630844738,1,0,0.01
1777566936.652160033,0,0,1.31
1777566936.652160033,1,0,0.01
1777566937.671914475,0,0,1.31
1777566937.671914475,1,0,0.01
1777566938.692426300,0,0,1.31
1777566938.692426300,1,0,0.01
1777566939.713139639,0,0,1.31
1777566939.713139639,1,0,0.01
1777566940.732878123,0,0,1.31
1777566940.732878123,1,0,0.01
1777566941.753069282,0,0,1.31
1777566941.753069282,1,0,0.01
1777566942.772828737,0,0,1.31
1777566942.772828737,1,0,0.01
1777566943.793102494,0,0,1.31
1777566943.793102494,1,0,0.01
1777566944.814031773,0,0,1.31
1777566944.814031773,1,0,0.01
1777566945.834599511,0,0,1.31
1777566945.834599511,1,0,0.01
1777566946.856559345,0,0,1.31
1777566946.856559345,1,0,0.01
1777566947.878218958,0,0,1.31
1777566947.878218958,1,0,0.01
1777566948.899321343,0,0,1.31
1777566948.899321343,1,0,0.01
1777566949.919678152,0,0,1.31
1777566949.919678152,1,0,0.01
1777566950.940216471,0,0,1.31
1777566950.940216471,1,0,0.01
1777566951.960321765,0,0,1.31
1777566951.960321765,1,0,0.01
1777566952.980947270,0,0,1.31
1777566952.980947270,1,0,0.01
1777566954.002032561,0,0,1.31
1777566954.002032561,1,0,0.01
1777566955.023452254,0,0,1.31
1777566955.023452254,1,0,0.01
1777566956.043334403,0,0,1.31
1777566956.043334403,1,0,0.01
1777566957.063674834,0,0,1.31
1777566957.063674834,1,0,0.01
1777566958.084823008,0,0,1.31
1777566958.084823008,1,0,0.01
1777566959.104736637,0,0,1.31
1777566959.104736637,1,0,0.01
1777566960.125546286,0,0,1.31
1777566960.125546286,1,0,0.01
1777566961.146976903,0,0,1.31
1777566961.146976903,1,0,0.01
1777566962.167533908,0,0,1.31
1777566962.167533908,1,0,0.01
1777566963.187955711,0,0,1.31
1777566963.187955711,1,0,0.01
1777566964.207701267,0,0,1.31
1777566964.207701267,1,0,0.01
1777566965.229029451,0,0,1.31
1777566965.229029451,1,0,0.01
1777566966.250087944,0,0,1.31
1777566966.250087944,1,0,0.01
1777566967.271002468,0,0,1.31
1777566967.271002468,1,0,0.01
1777566968.290617967,0,0,1.31
1777566968.290617967,1,0,0.01
1777566969.310474330,0,0,1.31
1777566969.310474330,1,0,0.01
1777566970.330208066,0,0,1.31
1777566970.330208066,1,0,0.01
1777566971.350182300,0,0,1.31
1777566971.350182300,1,0,0.01
1777566972.369918514,0,0,1.31
1777566972.369918514,1,0,0.01
1777566973.389745725,0,0,1.31
1777566973.389745725,1,0,0.01
1777566974.409890597,0,0,1.31
1777566974.409890597,1,0,0.01
1777566975.430321418,0,0,1.31
1777566975.430321418,1,0,0.01
1777566976.450668031,0,0,1.31
1777566976.450668031,1,0,0.01
1777566977.470807304,0,0,1.31
1777566977.470807304,1,0,0.01
1777566978.491328161,0,0,1.31
1777566978.491328161,1,0,0.01
1777566979.511554437,0,0,1.31
1777566979.511554437,1,0,0.01
1777566980.531644447,0,0,1.31
1777566980.531644447,1,0,0.01
1777566981.552802612,0,0,1.31
1777566981.552802612,1,0,0.01
1777566982.573938279,0,0,1.31
1777566982.573938279,1,0,0.01
1777566983.595727233,0,0,1.31
1777566983.595727233,1,0,0.01
1777566984.615287143,0,0,1.31
1777566984.615287143,1,0,0.01
1777566985.635278085,0,0,1.31
1777566985.635278085,1,0,0.01
1777566986.655683083,0,0,1.31
1777566986.655683083,1,0,0.01
1777566987.675482284,0,0,1.31
1777566987.675482284,1,0,0.01
1777566988.696571122,0,0,1.31
1777566988.696571122,1,0,0.01
1777566989.716595864,0,0,1.31
1777566989.716595864,1,0,0.01
1777566990.737254000,0,0,1.31
1777566990.737254000,1,0,0.01
1777566991.757603360,0,0,1.31
1777566991.757603360,1,0,0.01
1777566992.777511179,0,0,1.31
1777566992.777511179,1,0,0.01
1777566993.798013861,0,0,1.31
1777566993.798013861,1,0,0.01
1777566994.818365784,0,0,1.31
1777566994.818365784,1,0,0.01
1777566995.838680993,0,0,1.31
1777566995.838680993,1,0,0.01
1777566996.858783611,0,0,1.31
1777566996.858783611,1,0,0.01
1777566997.878883676,0,0,1.31
1777566997.878883676,1,0,0.01
1777566998.898719435,0,0,1.31
1777566998.898719435,1,0,0.01
1777566999.918980662,0,0,1.31
1777566999.918980662,1,0,0.01
1777567000.939490660,0,0,1.31
1777567000.939490660,1,0,0.01
1777567001.960813292,0,0,1.31
1777567001.960813292,1,0,0.01
1777567002.980291286,0,0,1.31
1777567002.980291286,1,0,0.01
1777567003.999662201,0,0,1.31
1777567003.999662201,1,0,0.01
1777567005.019711268,0,0,1.31
1777567005.019711268,1,0,0.01
1777567006.039166107,0,0,1.31
1777567006.039166107,1,0,0.01
1777567007.059331726,0,0,1.31
1777567007.059331726,1,0,0.01
1777567008.078931140,0,0,1.31
1777567008.078931140,1,0,0.01
1777567009.098921246,0,0,1.31
1777567009.098921246,1,0,0.01
1777567010.119386849,0,0,1.31
1777567010.119386849,1,0,0.01
1777567011.140801502,0,0,1.31
1777567011.140801502,1,0,0.01
1777567012.160942364,0,0,1.31
1777567012.160942364,1,0,0.01
1777567013.181748816,0,0,1.31
1777567013.181748816,1,0,0.01
1777567014.202508351,0,0,1.31
1777567014.202508351,1,0,0.01
1777567015.222996109,0,0,1.31
1777567015.222996109,1,0,0.01
1777567016.242607966,0,0,1.31
1777567016.242607966,1,0,0.01
1777567017.262793511,0,0,1.31
1777567017.262793511,1,0,0.01
1777567018.282550622,0,0,1.31
1777567018.282550622,1,0,0.01
1777567019.303744189,0,0,1.31
1777567019.303744189,1,0,0.01
1777567020.324389604,0,0,1.31
1777567020.324389604,1,0,0.01
1777567021.344918475,0,0,1.31
1777567021.344918475,1,0,0.01
1777567022.364979676,0,0,1.31
1777567022.364979676,1,0,0.01
1777567023.384887613,0,0,1.31
1777567023.384887613,1,0,0.01
1777567024.404615086,0,0,1.31
1777567024.404615086,1,0,0.01
1777567025.425854440,0,0,1.31
1777567025.425854440,1,0,0.01
1777567026.447118463,0,0,1.31
1777567026.447118463,1,0,0.01
1777567027.467556211,0,0,1.31
1777567027.467556211,1,0,0.01
1777567028.488878560,0,0,1.31
1777567028.488878560,1,0,0.01
1777567029.510117217,0,0,1.31
1777567029.510117217,1,0,0.01
1777567030.531614571,0,0,1.31
1777567030.531614571,1,0,0.01
1777567031.552302530,0,0,1.31
1777567031.552302530,1,0,0.01
1777567032.572284660,0,0,1.31
1777567032.572284660,1,0,0.01
1777567033.593042660,0,0,1.31
1777567033.593042660,1,0,0.01
1777567034.612790309,0,0,1.31
1777567034.612790309,1,0,0.01
1777567035.632723225,0,0,1.31
1777567035.632723225,1,0,0.01
1777567036.652631737,0,0,1.31
1777567036.652631737,1,0,0.01
1777567037.672618557,0,0,1.31
1777567037.672618557,1,0,0.01
1777567038.692182596,0,0,1.31
1777567038.692182596,1,0,0.01
1777567039.711932624,0,0,1.31
1777567039.711932624,1,0,0.01
1777567040.731704200,0,0,1.31
1777567040.731704200,1,0,0.01
1777567041.751920004,0,0,1.31
1777567041.751920004,1,0,0.01
1777567042.774281594,0,0,1.31
1777567042.774281594,1,0,0.01
1777567043.795274702,0,0,1.31
1777567043.795274702,1,0,0.01
1777567044.815281843,0,0,1.31
1777567044.815281843,1,0,0.01
1777567045.835971474,0,0,1.31
1777567045.835971474,1,0,0.01
1777567046.857073494,0,0,1.31
1777567046.857073494,1,0,0.01
1777567047.878049190,0,0,1.31
1777567047.878049190,1,0,0.01
1777567048.897766281,0,0,1.31
1777567048.897766281,1,0,0.01
1777567049.918345626,0,0,1.31
1777567049.918345626,1,0,0.01
1777567050.939512772,0,0,1.31
1777567050.939512772,1,0,0.01
1777567051.959701559,0,0,1.31
1777567051.959701559,1,0,0.01
1777567052.980900198,0,0,1.31
1777567052.980900198,1,0,0.01
1777567054.001642104,0,0,1.31
1777567054.001642104,1,0,0.01
1777567055.021318130,0,0,1.31
1777567055.021318130,1,0,0.01
1777567056.041832496,0,0,1.31
1777567056.041832496,1,0,0.01
1777567057.062171351,0,0,1.31
1777567057.062171351,1,0,0.01
1777567058.082809948,0,0,1.31
1777567058.082809948,1,0,0.01
1777567059.102886069,0,0,1.31
1777567059.102886069,1,0,0.01
1777567060.122673324,0,0,1.31
1777567060.122673324,1,0,0.01
1777567061.143060885,0,0,1.31
1777567061.143060885,1,0,0.01
1777567062.163583989,0,0,1.31
1777567062.163583989,1,0,0.01
1777567063.184021738,0,0,1.31
1777567063.184021738,1,0,0.01
1777567064.204102124,0,0,1.31
1777567064.204102124,1,0,0.01
1777567065.223908259,0,0,1.31
1777567065.223908259,1,0,0.01
1777567066.244436445,0,0,1.31
1777567066.244436445,1,0,0.01
1777567067.264025840,0,0,1.31
1777567067.264025840,1,0,0.01
1777567068.283913897,0,0,1.31
1777567068.283913897,1,0,0.01
1777567069.303738128,0,0,1.31
1777567069.303738128,1,0,0.01
1777567070.323994437,0,0,1.31
1777567070.323994437,1,0,0.01
1777567071.343817049,0,0,1.31
1777567071.343817049,1,0,0.01
1777567072.364880597,0,0,1.31
1777567072.364880597,1,0,0.01
1777567073.385174672,0,0,1.31
1777567073.385174672,1,0,0.01
1777567074.404847925,0,0,1.31
1777567074.404847925,1,0,0.01
1777567075.425954350,0,0,1.31
1777567075.425954350,1,0,0.01
1777567076.447089838,0,0,1.31
1777567076.447089838,1,0,0.01
1777567077.467204226,0,0,1.31
1777567077.467204226,1,0,0.01
1777567078.487340958,0,0,1.31
1777567078.487340958,1,0,0.01
1777567079.507905526,0,0,1.31
1777567079.507905526,1,0,0.01
1777567080.528020177,0,0,1.31
1777567080.528020177,1,0,0.01
1777567081.549203841,0,0,1.31
1777567081.549203841,1,0,0.01
1777567082.570494156,0,0,1.31
1777567082.570494156,1,0,0.01
1777567083.592488734,0,0,1.31
1777567083.592488734,1,0,0.01
1777567084.612672600,0,0,1.31
1777567084.612672600,1,0,0.01
1777567085.633017446,0,0,1.31
1777567085.633017446,1,0,0.01
1777567086.652834742,0,0,1.31
1777567086.652834742,1,0,0.01
1777567087.672664124,0,0,1.31
1777567087.672664124,1,0,0.01
1777567088.694249736,0,0,1.31
1777567088.694249736,1,0,0.01
1777567089.714622171,0,0,1.31
1777567089.714622171,1,0,0.01
1777567090.736712039,0,0,1.31
1777567090.736712039,1,0,0.01
1777567091.756858099,0,0,1.31
1777567091.756858099,1,0,0.01
1777567092.777234050,0,0,1.31
1777567092.777234050,1,0,0.01
1777567093.797886219,0,0,1.31
1777567093.797886219,1,0,0.01
1777567094.818654623,0,0,1.31
1777567094.818654623,1,0,0.01
1777567095.839045256,0,0,1.31
1777567095.839045256,1,0,0.01
1777567096.859348908,0,0,1.31
1777567096.859348908,1,0,0.01
1777567097.879240188,0,0,1.31
1777567097.879240188,1,0,0.01
1777567098.899891608,0,0,1.31
1777567098.899891608,1,0,0.01
1777567099.919807063,0,0,1.31
1777567099.919807063,1,0,0.01
1777567100.939971330,0,0,1.31
1777567100.939971330,1,0,0.01
1777567101.960912140,0,0,1.31
1777567101.960912140,1,0,0.01
1777567102.981589054,0,0,1.31
1777567102.981589054,1,0,0.01
1777567104.002448093,0,0,1.31
1777567104.002448093,1,0,0.01
1777567105.022354302,0,0,1.31
1777567105.022354302,1,0,0.01
1777567106.042469153,0,0,1.31
1777567106.042469153,1,0,0.01
1777567107.062231225,0,0,1.31
1777567107.062231225,1,0,0.01
1777567108.082340878,0,0,1.31
1777567108.082340878,1,0,0.01
1777567109.103250388,0,0,1.31
1777567109.103250388,1,0,0.01
1777567110.123473830,0,0,1.31
1777567110.123473830,1,0,0.01
1777567111.143460024,0,0,1.31
1777567111.143460024,1,0,0.01
1777567112.164722730,0,0,1.31
1777567112.164722730,1,0,0.01
1777567113.184628773,0,0,1.31
1777567113.184628773,1,0,0.01
1777567114.204721582,0,0,1.31
1777567114.204721582,1,0,0.01
1777567115.225667943,0,0,1.31
1777567115.225667943,1,0,0.01
1777567116.246300237,0,0,1.31
1777567116.246300237,1,0,0.01
1777567117.266749274,0,0,1.31
1777567117.266749274,1,0,0.01
1777567118.286604082,0,0,1.31
1777567118.286604082,1,0,0.01
1777567119.306906363,0,0,1.31
1777567119.306906363,1,0,0.01
1777567120.327343850,0,0,1.31
1777567120.327343850,1,0,0.01
1777567121.347753577,0,0,1.31
1777567121.347753577,1,0,0.01
1777567122.368670144,0,0,1.31
1777567122.368670144,1,0,0.01
1777567123.388920611,0,0,1.31
1777567123.388920611,1,0,0.01
1777567124.411350559,0,0,1.31
1777567124.411350559,1,0,0.01
1777567125.430887195,0,0,1.31
1777567125.430887195,1,0,0.01
1777567126.451234396,0,0,1.31
1777567126.451234396,1,0,0.01
1777567127.472217274,0,0,1.31
1777567127.472217274,1,0,0.01
1777567128.493236303,0,0,1.31
1777567128.493236303,1,0,0.01
1777567129.514373172,0,0,1.31
1777567129.514373172,1,0,0.01
1777567130.535210124,0,0,1.31
1777567130.535210124,1,0,0.01
1777567131.555216032,0,0,1.31
1777567131.555216032,1,0,0.01
1777567132.576922981,0,0,1.31
1777567132.576922981,1,0,0.01
1777567133.596856926,0,0,1.31
1777567133.596856926,1,0,0.01
1777567134.616729914,0,0,1.31
1777567134.616729914,1,0,0.01
1777567135.636417517,0,0,1.31
1777567135.636417517,1,0,0.01
1777567136.656517199,0,0,1.31
1777567136.656517199,1,0,0.01
1777567137.677247023,0,0,1.31
1777567137.677247023,1,0,0.01
1777567138.697061035,0,0,1.31
1777567138.697061035,1,0,0.01
1777567139.716669260,0,0,1.31
1777567139.716669260,1,0,0.01
1777567140.736332825,0,0,1.31
1777567140.736332825,1,0,0.01
1777567141.755729638,0,0,1.31
1777567141.755729638,1,0,0.01
1777567142.775409200,0,0,1.31
1777567142.775409200,1,0,0.01
1777567143.796359868,0,0,1.31
1777567143.796359868,1,0,0.01
1777567144.817901364,0,0,1.31
1777567144.817901364,1,0,0.01
1777567145.837831254,0,0,1.31
1777567145.837831254,1,0,0.01
1777567146.858327694,0,0,1.31
1777567146.858327694,1,0,0.01
1777567147.878526538,0,0,1.31
1777567147.878526538,1,0,0.01
1777567148.898708184,0,0,1.31
1777567148.898708184,1,0,0.01
1777567149.918779227,0,0,1.31
1777567149.918779227,1,0,0.01
1777567150.938350286,0,0,1.31
1777567150.938350286,1,0,0.01
1777567151.959153417,0,0,1.31
1777567151.959153417,1,0,0.01
1777567152.980672957,0,0,1.31
1777567152.980672957,1,0,0.01
1777567154.000063449,0,0,1.31
1777567154.000063449,1,0,0.01
1777567155.019922689,0,0,1.31
1777567155.019922689,1,0,0.01
1777567156.041034210,0,0,1.31
1777567156.041034210,1,0,0.01
1777567157.060977003,0,0,1.31
1777567157.060977003,1,0,0.01
1777567158.081684042,0,0,1.31
1777567158.081684042,1,0,0.01
1777567159.101623730,0,0,1.31
1777567159.101623730,1,0,0.01
1777567160.121819965,0,0,1.31
1777567160.121819965,1,0,0.01
1777567161.141881160,0,0,1.31
1777567161.141881160,1,0,0.01
1777567162.162818127,0,0,1.31
1777567162.162818127,1,0,0.01
1777567163.184635908,0,0,1.31
1777567163.184635908,1,0,0.01
1777567164.205553954,0,0,1.31
1777567164.205553954,1,0,0.01
1777567165.225357329,0,0,1.31
1777567165.225357329,1,0,0.01
1777567166.245452060,0,0,1.31
1777567166.245452060,1,0,0.01
1777567167.266042298,0,0,1.31
1777567167.266042298,1,0,0.01
1777567168.286196768,0,0,1.31
1777567168.286196768,1,0,0.01
1777567169.306358671,0,0,1.31
1777567169.306358671,1,0,0.01
1777567170.325975156,0,0,1.31
1777567170.325975156,1,0,0.01
1777567171.345723200,0,0,1.31
1777567171.345723200,1,0,0.01
1777567172.364925392,0,0,1.31
1777567172.364925392,1,0,0.01
1777567173.385658767,0,0,1.31
1777567173.385658767,1,0,0.01
1777567174.406235269,0,0,1.31
1777567174.406235269,1,0,0.01
1777567175.426981261,0,0,1.31
1777567175.426981261,1,0,0.01
1777567176.446866620,0,0,1.31
1777567176.446866620,1,0,0.01
1777567177.466684305,0,0,1.31
1777567177.466684305,1,0,0.01
1777567178.486798469,0,0,1.31
1777567178.486798469,1,0,0.01
1777567179.507057103,0,0,1.31
1777567179.507057103,1,0,0.01
1777567180.526817134,0,0,1.31
1777567180.526817134,1,0,0.01
1777567181.547859251,0,0,1.31
1777567181.547859251,1,0,0.01
1777567182.567833561,0,0,1.31
1777567182.567833561,1,0,0.01
1777567183.588242283,0,0,1.31
1777567183.588242283,1,0,0.01
1777567184.608857583,0,0,1.31
1777567184.608857583,1,0,0.01
1777567185.629198921,0,0,1.31
1777567185.629198921,1,0,0.01
1777567186.649873278,0,0,1.31
1777567186.649873278,1,0,0.01
1777567187.669647029,0,0,1.31
1777567187.669647029,1,0,0.01
1777567188.690178460,0,0,1.31
1777567188.690178460,1,0,0.01
1777567189.711138392,0,0,1.31
1777567189.711138392,1,0,0.01
1777567190.733319118,0,0,1.31
1777567190.733319118,1,0,0.01
1777567191.753177511,0,0,1.31
1777567191.753177511,1,0,0.01
1777567192.774431085,0,0,1.31
1777567192.774431085,1,0,0.01
1777567193.794495007,0,0,1.31
1777567193.794495007,1,0,0.01
1777567194.814847155,0,0,1.31
1777567194.814847155,1,0,0.01
1777567195.834498788,0,0,1.31
1777567195.834498788,1,0,0.01
1777567196.854119374,0,0,1.31
1777567196.854119374,1,0,0.01
1777567197.875993411,0,0,1.31
1777567197.875993411,1,0,0.01
1777567198.896295459,0,0,1.31
1777567198.896295459,1,0,0.01
1777567199.916989464,0,0,1.31
1777567199.916989464,1,0,0.01
1777567200.937224892,0,0,1.31
1777567200.937224892,1,0,0.01
1777567201.957720661,0,0,1.31
1777567201.957720661,1,0,0.01
1777567202.978535285,0,0,1.31
1777567202.978535285,1,0,0.01
1777567204.000736107,0,0,1.31
1777567204.000736107,1,0,0.01
1777567205.022366092,0,0,1.31
1777567205.022366092,1,0,0.01
1777567206.042365474,0,0,1.31
1777567206.042365474,1,0,0.01
1777567207.063861730,0,0,1.31
1777567207.063861730,1,0,0.01
1777567208.085978435,0,0,1.31
1777567208.085978435,1,0,0.01
1777567209.105829037,0,0,1.31
1777567209.105829037,1,0,0.01
1777567210.125824842,0,0,1.31
1777567210.125824842,1,0,0.01
1777567211.145824640,0,0,1.31
1777567211.145824640,1,0,0.01
1777567212.166296530,0,0,1.31
1777567212.166296530,1,0,0.01
1777567213.186366009,0,0,1.31
1777567213.186366009,1,0,0.01
1777567214.205981420,0,0,1.31
1777567214.205981420,1,0,0.01
1777567215.225916706,0,0,1.31
1777567215.225916706,1,0,0.01
1777567216.247164927,0,0,1.31
1777567216.247164927,1,0,0.01
1777567217.267805606,0,0,1.31
1777567217.267805606,1,0,0.01
1777567218.288598670,0,0,1.31
1777567218.288598670,1,0,0.01
1777567219.308687856,0,0,1.31
1777567219.308687856,1,0,0.01
1777567220.329288156,0,0,1.31
1777567220.329288156,1,0,0.01
1777567221.349525236,0,0,1.31
1777567221.349525236,1,0,0.01
1777567222.370275006,0,0,1.31
1777567222.370275006,1,0,0.01
1777567223.390185448,0,0,1.31
1777567223.390185448,1,0,0.01
1777567224.411053401,0,0,1.31
1777567224.411053401,1,0,0.01
1777567225.431554719,0,0,1.31
1777567225.431554719,1,0,0.01
1777567226.451449747,0,0,1.31
1777567226.451449747,1,0,0.01
1777567227.471215177,0,0,1.31
1777567227.471215177,1,0,0.01
1777567228.490875513,0,0,1.31
1777567228.490875513,1,0,0.01
1777567229.510721520,0,0,1.31
1777567229.510721520,1,0,0.01
1777567230.530445313,0,0,1.31
1777567230.530445313,1,0,0.01
1777567231.550554989,0,0,1.31
1777567231.550554989,1,0,0.01
1777567232.571678152,0,0,1.31
1777567232.571678152,1,0,0.01
1777567233.591716429,0,0,1.31
1777567233.591716429,1,0,0.01
1777567234.611350225,0,0,1.31
1777567234.611350225,1,0,0.01
1777567235.631036224,0,0,1.31
1777567235.631036224,1,0,0.01
1777567236.651559056,0,0,1.31
1777567236.651559056,1,0,0.01
1777567237.671343549,0,0,1.31
1777567237.671343549,1,0,0.01
1777567238.691467971,0,0,1.31
1777567238.691467971,1,0,0.01
1777567239.710805062,0,0,1.31
1777567239.710805062,1,0,0.01
1777567240.730517428,0,0,1.31
1777567240.730517428,1,0,0.01
1777567241.750287515,0,0,1.31
1777567241.750287515,1,0,0.01
1777567242.770162184,0,0,1.31
1777567242.770162184,1,0,0.01
1777567243.790650132,0,0,1.31
1777567243.790650132,1,0,0.01
1777567244.810785430,0,0,1.31
1777567244.810785430,1,0,0.01
1777567245.831313779,0,0,1.31
1777567245.831313779,1,0,0.01
1777567246.852524616,0,0,1.31
1777567246.852524616,1,0,0.01
1777567247.873056388,0,0,1.31
1777567247.873056388,1,0,0.01
1777567248.893150395,0,0,1.31
1777567248.893150395,1,0,0.01
1777567249.915384168,0,0,1.31
1777567249.915384168,1,0,0.01
1777567250.938094527,0,62,1.31
1777567250.938094527,1,0,0.01
1777567251.960390876,0,62,1.31
1777567251.960390876,1,0,0.01
1777567252.982382433,0,62,1.31
1777567252.982382433,1,0,0.01
1777567254.002454066,0,1,1.31
1777567254.002454066,1,0,0.01
1777567255.023513803,0,0,1.31
1777567255.023513803,1,0,0.01
1777567256.043864012,0,0,1.31
1777567256.043864012,1,0,0.01
1777567257.064245822,0,0,1.31
1777567257.064245822,1,0,0.01
1777567258.084279802,0,0,1.31
1777567258.084279802,1,0,0.01
1777567259.105643358,0,0,1.31
1777567259.105643358,1,0,0.01
1777567260.125740532,0,0,1.31
1777567260.125740532,1,0,0.01
1777567261.146187619,0,0,1.31
1777567261.146187619,1,0,0.01
1777567262.166411495,0,0,1.31
1777567262.166411495,1,0,0.01
1777567263.187148741,0,0,1.31
1777567263.187148741,1,0,0.01
1777567264.207782242,0,0,1.31
1777567264.207782242,1,0,0.01
1777567265.227873513,0,0,1.31
1777567265.227873513,1,0,0.01
1777567266.248766190,0,0,1.31
1777567266.248766190,1,0,0.01
1777567267.268874618,0,0,1.31
1777567267.268874618,1,0,0.01
1777567268.289279353,0,0,1.31
1777567268.289279353,1,0,0.01
1777567269.309597601,0,0,1.31
1777567269.309597601,1,0,0.01
1777567270.330682009,0,0,1.31
1777567270.330682009,1,0,0.01
1777567271.350820507,0,0,1.31
1777567271.350820507,1,0,0.01
1777567272.370840787,0,0,1.31
1777567272.370840787,1,0,0.01
1777567273.391665500,0,0,1.31
1777567273.391665500,1,0,0.01
1777567274.412358618,0,0,1.31
1777567274.412358618,1,0,0.01
1777567275.432253440,0,0,1.31
1777567275.432253440,1,0,0.01
1777567276.452551410,0,0,1.31
1777567276.452551410,1,0,0.01
1777567277.472828155,0,0,1.31
1777567277.472828155,1,0,0.01
1777567278.494288697,0,0,1.31
1777567278.494288697,1,0,0.01
1777567279.514516233,0,0,1.31
1777567279.514516233,1,0,0.01
1777567280.534838335,0,0,1.31
1777567280.534838335,1,0,0.01
1777567281.556577455,0,0,1.31
1777567281.556577455,1,0,0.01
1777567282.577934868,0,0,1.31
1777567282.577934868,1,0,0.01
1777567283.598882453,0,0,1.31
1777567283.598882453,1,0,0.01
1777567284.619566399,0,0,1.31
1777567284.619566399,1,0,0.01
1777567285.639723190,0,0,1.31
1777567285.639723190,1,0,0.01
1777567286.660409332,0,0,1.31
1777567286.660409332,1,0,0.01
1777567287.681207275,0,0,1.31
1777567287.681207275,1,0,0.01
1777567288.701091625,0,0,1.31
1777567288.701091625,1,0,0.01
1777567289.721170057,0,0,1.31
1777567289.721170057,1,0,0.01
1777567290.741375565,0,0,1.31
1777567290.741375565,1,0,0.01
1777567291.762488406,0,0,1.31
1777567291.762488406,1,0,0.01
1777567292.783102346,0,0,1.31
1777567292.783102346,1,0,0.01
1777567293.803643385,0,0,1.31
1777567293.803643385,1,0,0.01
1777567294.825072872,0,0,1.31
1777567294.825072872,1,0,0.01
1777567295.846651852,0,0,1.31
1777567295.846651852,1,0,0.01
1777567296.867074786,0,0,1.31
1777567296.867074786,1,0,0.01
1777567297.887369771,0,0,1.31
1777567297.887369771,1,0,0.01
1777567298.907488291,0,0,1.31
1777567298.907488291,1,0,0.01
1777567299.927604581,0,0,1.31
1777567299.927604581,1,0,0.01
1777567300.948301756,0,0,1.31
1777567300.948301756,1,0,0.01
1777567301.968174127,0,0,1.31
1777567301.968174127,1,0,0.01
1777567302.988704560,0,0,1.31
1777567302.988704560,1,0,0.01
1777567304.010210791,0,0,1.31
1777567304.010210791,1,0,0.01
1777567305.032374558,0,0,1.31
1777567305.032374558,1,0,0.01
1777567306.053476186,0,0,1.31
1777567306.053476186,1,0,0.01
1777567307.074003889,0,0,1.31
1777567307.074003889,1,0,0.01
1777567308.094870028,0,0,1.31
1777567308.094870028,1,0,0.01
1777567309.115491732,0,0,1.31
1777567309.115491732,1,0,0.01
1777567310.136502623,0,0,1.31
1777567310.136502623,1,0,0.01
1777567311.156650079,0,0,1.31
1777567311.156650079,1,0,0.01
1777567312.177073026,0,0,1.31
1777567312.177073026,1,0,0.01
1777567313.196952316,0,0,1.31
1777567313.196952316,1,0,0.01
1777567314.217109751,0,0,1.31
1777567314.217109751,1,0,0.01
1777567315.237949680,0,0,1.31
1777567315.237949680,1,0,0.01
1777567316.258746209,0,0,1.31
1777567316.258746209,1,0,0.01
1777567317.279008217,0,0,1.31
1777567317.279008217,1,0,0.01
1777567318.299711850,0,0,1.31
1777567318.299711850,1,0,0.01
1777567319.319683165,0,0,1.31
1777567319.319683165,1,0,0.01
1777567320.338983303,0,0,1.31
1777567320.338983303,1,0,0.01
1777567321.359429016,0,0,1.31
1777567321.359429016,1,0,0.01
1777567322.379512440,0,0,1.31
1777567322.379512440,1,0,0.01
1777567323.399193433,0,0,1.31
1777567323.399193433,1,0,0.01
1777567324.419194744,0,0,1.31
1777567324.419194744,1,0,0.01
1777567325.439427086,0,0,1.31
1777567325.439427086,1,0,0.01
1777567326.459655314,0,0,1.31
1777567326.459655314,1,0,0.01
1777567327.479526677,0,0,1.31
1777567327.479526677,1,0,0.01
1777567328.499283761,0,0,1.31
1777567328.499283761,1,0,0.01
1777567329.519146409,0,0,1.31
1777567329.519146409,1,0,0.01
1777567330.539154275,0,0,1.31
1777567330.539154275,1,0,0.01
1777567331.559825942,0,0,1.31
1777567331.559825942,1,0,0.01
1777567332.579321042,0,0,1.31
1777567332.579321042,1,0,0.01
1777567333.599615307,0,0,1.31
1777567333.599615307,1,0,0.01
1777567334.619810597,0,0,1.31
1777567334.619810597,1,0,0.01
1777567335.639902777,0,0,1.31
1777567335.639902777,1,0,0.01
1777567336.659683776,0,0,1.31
1777567336.659683776,1,0,0.01
1777567337.682028425,0,0,1.31
1777567337.682028425,1,0,0.01
1777567338.701985994,0,0,1.31
1777567338.701985994,1,0,0.01
1777567339.723064727,0,0,1.31
1777567339.723064727,1,0,0.01
1777567340.744485453,0,0,1.31
1777567340.744485453,1,0,0.01
1777567341.764981131,0,0,1.31
1777567341.764981131,1,0,0.01
1777567342.785130973,0,0,1.31
1777567342.785130973,1,0,0.01
1777567343.805806023,0,0,1.31
1777567343.805806023,1,0,0.01
1777567344.825529439,0,0,1.31
1777567344.825529439,1,0,0.01
1777567345.847036337,0,0,1.31
1777567345.847036337,1,0,0.01
1777567346.867569964,0,0,1.31
1777567346.867569964,1,0,0.01
1777567347.887916694,0,0,1.31
1777567347.887916694,1,0,0.01
1777567348.907331843,0,0,1.31
1777567348.907331843,1,0,0.01
1777567349.927067203,0,0,1.31
1777567349.927067203,1,0,0.01
1777567350.948237268,0,0,1.31
1777567350.948237268,1,0,0.01
1777567351.968753083,0,0,1.31
1777567351.968753083,1,0,0.01
1777567352.989012068,0,0,1.31
1777567352.989012068,1,0,0.01
1777567354.009904249,0,0,1.31
1777567354.009904249,1,0,0.01
1777567355.031169695,0,0,1.31
1777567355.031169695,1,0,0.01
1777567356.052083243,0,0,1.31
1777567356.052083243,1,0,0.01
1777567357.072029327,0,0,1.31
1777567357.072029327,1,0,0.01
1777567358.093494833,0,0,1.31
1777567358.093494833,1,0,0.01
1777567359.115310389,0,0,1.31
1777567359.115310389,1,0,0.01
1777567360.136008598,0,0,1.31
1777567360.136008598,1,0,0.01
1777567361.156833856,0,0,1.31
1777567361.156833856,1,0,0.01
1777567362.177805242,0,0,1.31
1777567362.177805242,1,0,0.01
1777567363.197663909,0,0,1.31
1777567363.197663909,1,0,0.01
1777567364.218891535,0,0,1.31
1777567364.218891535,1,0,0.01
1777567365.238601578,0,0,1.31
1777567365.238601578,1,0,0.01
1777567366.257939453,0,0,1.31
1777567366.257939453,1,0,0.01
1777567367.278860529,0,0,1.31
1777567367.278860529,1,0,0.01
1777567368.299157396,0,0,1.31
1777567368.299157396,1,0,0.01
1777567369.320062908,0,0,1.31
1777567369.320062908,1,0,0.01
1777567370.340968484,0,0,1.31
1777567370.340968484,1,0,0.01
1777567371.361170372,0,0,1.31
1777567371.361170372,1,0,0.01
1777567372.382969892,0,0,1.31
1777567372.382969892,1,0,0.01
1777567373.404070871,0,0,1.31
1777567373.404070871,1,0,0.01
1777567374.424809500,0,0,1.31
1777567374.424809500,1,0,0.01
1777567375.445967718,0,0,1.31
1777567375.445967718,1,0,0.01
1777567376.466240632,0,0,1.31
1777567376.466240632,1,0,0.01
1777567377.486534395,0,0,1.31
1777567377.486534395,1,0,0.01
1777567378.507639149,0,0,1.31
1777567378.507639149,1,0,0.01
1777567379.528215240,0,0,1.31
1777567379.528215240,1,0,0.01
1777567380.547900379,0,0,1.31
1777567380.547900379,1,0,0.01
1777567381.567385018,0,0,1.31
1777567381.567385018,1,0,0.01
1777567382.588448689,0,0,1.31
1777567382.588448689,1,0,0.01
1777567383.608014119,0,0,1.31
1777567383.608014119,1,0,0.01
1777567384.628338427,0,0,1.31
1777567384.628338427,1,0,0.01
1777567385.650277563,0,0,1.31
1777567385.650277563,1,0,0.01
1777567386.670696379,0,0,1.31
1777567386.670696379,1,0,0.01
1777567387.691867301,0,0,1.31
1777567387.691867301,1,0,0.01
1777567388.712653409,0,0,1.31
1777567388.712653409,1,0,0.01
1777567389.732279630,0,0,1.31
1777567389.732279630,1,0,0.01
1777567390.751871115,0,0,1.31
1777567390.751871115,1,0,0.01
1777567391.771598589,0,0,1.31
1777567391.771598589,1,0,0.01
1777567392.791606586,0,0,1.31
1777567392.791606586,1,0,0.01
1777567393.811540849,0,0,1.31
1777567393.811540849,1,0,0.01
1777567394.831407909,0,0,1.31
1777567394.831407909,1,0,0.01
1777567395.850927376,0,0,1.31
1777567395.850927376,1,0,0.01
1777567396.870695627,0,0,1.31
1777567396.870695627,1,0,0.01
1777567397.890737841,0,0,1.31
1777567397.890737841,1,0,0.01
1777567398.910325324,0,0,1.31
1777567398.910325324,1,0,0.01
1777567399.929951747,0,0,1.31
1777567399.929951747,1,0,0.01
1777567400.950284021,0,0,1.31
1777567400.950284021,1,0,0.01
1777567401.970247065,0,0,1.31
1777567401.970247065,1,0,0.01
1777567402.990955849,0,0,1.31
1777567402.990955849,1,0,0.01
1777567404.011407010,0,0,1.31
1777567404.011407010,1,0,0.01
1777567405.031091641,0,0,1.31
1777567405.031091641,1,0,0.01
1777567406.051420707,0,0,1.31
1777567406.051420707,1,0,0.01
1777567407.070785177,0,0,1.31
1777567407.070785177,1,0,0.01
1777567408.090704802,0,0,1.31
1777567408.090704802,1,0,0.01
1777567409.110412571,0,0,1.31
1777567409.110412571,1,0,0.01
1777567410.131336789,0,0,1.31
1777567410.131336789,1,0,0.01
1777567411.152455016,0,0,1.31
1777567411.152455016,1,0,0.01
1777567412.173193018,0,0,1.31
1777567412.173193018,1,0,0.01
1777567413.193020691,0,0,1.31
1777567413.193020691,1,0,0.01
1777567414.214259406,0,0,1.31
1777567414.214259406,1,0,0.01
1777567415.234187837,0,0,1.31
1777567415.234187837,1,0,0.01
1777567416.255917218,0,0,1.31
1777567416.255917218,1,0,0.01
1777567417.276281378,0,0,1.31
1777567417.276281378,1,0,0.01
1777567418.296197287,0,0,1.31
1777567418.296197287,1,0,0.01
1777567419.317387403,0,0,1.31
1777567419.317387403,1,0,0.01
1777567420.338099326,0,0,1.31
1777567420.338099326,1,0,0.01
1777567421.358421802,0,0,1.31
1777567421.358421802,1,0,0.01
1777567422.379255018,0,0,1.31
1777567422.379255018,1,0,0.01
1777567423.398749999,0,0,1.31
1777567423.398749999,1,0,0.01
1777567424.418386339,0,0,1.31
1777567424.418386339,1,0,0.01
1777567425.439126900,0,0,1.31
1777567425.439126900,1,0,0.01
1777567426.459702922,0,0,1.31
1777567426.459702922,1,0,0.01
1777567427.479796989,0,0,1.31
1777567427.479796989,1,0,0.01
1777567428.499296103,0,0,1.31
1777567428.499296103,1,0,0.01
1777567429.520017193,0,0,1.31
1777567429.520017193,1,0,0.01
1777567430.541517663,0,0,1.31
1777567430.541517663,1,0,0.01
1777567431.562796966,0,0,1.31
1777567431.562796966,1,0,0.01
1777567432.583884674,0,0,1.31
1777567432.583884674,1,0,0.01
1777567433.603729589,0,0,1.31
1777567433.603729589,1,0,0.01
1777567434.623480049,0,0,1.31
1777567434.623480049,1,0,0.01
1777567435.644998616,0,0,1.31
1777567435.644998616,1,0,0.01
1777567436.664978495,0,0,1.31
1777567436.664978495,1,0,0.01
1777567437.685069532,0,0,1.31
1777567437.685069532,1,0,0.01
1777567438.704589282,0,0,1.31
1777567438.704589282,1,0,0.01
1777567439.724753797,0,0,1.31
1777567439.724753797,1,0,0.01
1777567440.745358171,0,0,1.31
1777567440.745358171,1,0,0.01
1777567441.765980716,0,0,1.31
1777567441.765980716,1,0,0.01
1777567442.787503076,0,0,1.31
1777567442.787503076,1,0,0.01
1777567443.806869123,0,0,1.31
1777567443.806869123,1,0,0.01
1777567444.828882953,0,0,1.31
1777567444.828882953,1,0,0.01
1777567445.850818318,0,0,1.31
1777567445.850818318,1,0,0.01
1777567446.871010933,0,0,1.31
1777567446.871010933,1,0,0.01
1777567447.890797996,0,0,1.31
1777567447.890797996,1,0,0.01
1777567448.911041356,0,0,1.31
1777567448.911041356,1,0,0.01
1777567449.933503930,0,0,1.31
1777567449.933503930,1,0,0.01
1777567450.954802794,0,0,1.31
1777567450.954802794,1,0,0.01
1777567451.975150749,0,0,1.31
1777567451.975150749,1,0,0.01
1777567452.996673450,0,0,1.31
1777567452.996673450,1,0,0.01
1777567454.017159832,0,0,1.31
1777567454.017159832,1,0,0.01
1777567455.036938518,0,0,1.31
1777567455.036938518,1,0,0.01
1777567456.058036426,0,0,1.31
1777567456.058036426,1,0,0.01
1777567457.077956142,0,0,1.31
1777567457.077956142,1,0,0.01
1777567458.097960296,0,0,1.31
1777567458.097960296,1,0,0.01
1777567459.118012485,0,0,1.31
1777567459.118012485,1,0,0.01
1777567460.138037300,0,0,1.31
1777567460.138037300,1,0,0.01
1777567461.158869616,0,0,1.31
1777567461.158869616,1,0,0.01
1777567462.179639559,0,0,1.31
1777567462.179639559,1,0,0.01
1777567463.200049526,0,0,1.31
1777567463.200049526,1,0,0.01
1777567464.220314914,0,0,1.31
1777567464.220314914,1,0,0.01
1777567465.240336449,0,0,1.31
1777567465.240336449,1,0,0.01
1777567466.260880819,0,0,1.31
1777567466.260880819,1,0,0.01
1777567467.280882488,0,0,1.31
1777567467.280882488,1,0,0.01
1777567468.303197426,0,0,1.31
1777567468.303197426,1,0,0.01
1777567469.325889800,0,0,1.31
1777567469.325889800,1,0,0.01
1777567470.346024982,0,0,1.31
1777567470.346024982,1,0,0.01
1777567471.366861336,0,0,1.31
1777567471.366861336,1,0,0.01
1777567472.387827441,0,0,1.31
1777567472.387827441,1,0,0.01
1777567473.409965287,0,0,1.31
1777567473.409965287,1,0,0.01
1777567474.431404088,0,0,1.31
1777567474.431404088,1,0,0.01
1777567475.452959026,0,0,1.31
1777567475.452959026,1,0,0.01
1777567476.473378097,0,0,1.31
1777567476.473378097,1,0,0.01
1777567477.493051251,0,0,1.31
1777567477.493051251,1,0,0.01
1777567478.514900577,0,0,1.31
1777567478.514900577,1,0,0.01
1777567479.536023093,0,0,1.31
1777567479.536023093,1,0,0.01
1777567480.557234065,0,0,1.31
1777567480.557234065,1,0,0.01
1777567481.579341921,0,0,1.31
1777567481.579341921,1,0,0.01
1777567482.599457393,0,0,1.31
1777567482.599457393,1,0,0.01
1777567483.619762897,0,0,1.31
1777567483.619762897,1,0,0.01
1777567484.639658179,0,0,1.31
1777567484.639658179,1,0,0.01
1777567485.659410650,0,0,1.31
1777567485.659410650,1,0,0.01
1777567486.680078766,0,0,1.31
1777567486.680078766,1,0,0.01
1777567487.701471106,0,0,1.31
1777567487.701471106,1,0,0.01
1777567488.721160361,0,0,1.31
1777567488.721160361,1,0,0.01
1777567489.741568827,0,0,1.31
1777567489.741568827,1,0,0.01
1777567490.762000169,0,0,1.31
1777567490.762000169,1,0,0.01
1777567491.782460435,0,0,1.31
1777567491.782460435,1,0,0.01
1777567492.803932544,0,0,1.31
1777567492.803932544,1,0,0.01
1777567493.823696790,0,0,1.31
1777567493.823696790,1,0,0.01
1777567494.843814979,0,0,1.31
1777567494.843814979,1,0,0.01
1777567495.863873792,0,0,1.31
1777567495.863873792,1,0,0.01
1777567496.884614930,0,0,1.31
1777567496.884614930,1,0,0.01
1777567497.904526664,0,0,1.31
1777567497.904526664,1,0,0.01
1777567498.924815277,0,0,1.31
1777567498.924815277,1,0,0.01
1777567499.944958829,0,0,1.31
1777567499.944958829,1,0,0.01
1777567500.965621994,0,0,1.31
1777567500.965621994,1,0,0.01
1777567501.986308411,0,0,1.31
1777567501.986308411,1,0,0.01
1777567503.006364573,0,0,1.31
1777567503.006364573,1,0,0.01
1777567504.026200901,0,0,1.31
1777567504.026200901,1,0,0.01
1777567505.046686385,0,0,1.31
1777567505.046686385,1,0,0.01
1777567506.066865699,0,0,1.31
1777567506.066865699,1,0,0.01
1777567507.086898232,0,0,1.31
1777567507.086898232,1,0,0.01
1777567508.106691848,0,0,1.31
1777567508.106691848,1,0,0.01
1777567509.132293604,0,0,1.31
1777567509.132293604,1,0,0.01
1777567510.152328453,0,0,1.31
1777567510.152328453,1,0,0.01
1777567511.173785665,0,0,1.31
1777567511.173785665,1,0,0.01
1777567512.195823269,0,0,1.31
1777567512.195823269,1,0,0.01
1777567513.215947789,0,0,1.31
1777567513.215947789,1,0,0.01
1777567514.238363881,0,0,1.31
1777567514.238363881,1,0,0.01
1777567515.258449513,0,0,1.31
1777567515.258449513,1,0,0.01
1777567516.278313887,0,0,1.31
1777567516.278313887,1,0,0.01
1777567517.299666057,0,0,1.31
1777567517.299666057,1,0,0.01
1777567518.319248253,0,0,1.31
1777567518.319248253,1,0,0.01
1777567519.339956651,0,0,1.31
1777567519.339956651,1,0,0.01
1777567520.360715067,0,0,1.31
1777567520.360715067,1,0,0.01
1777567521.380781886,0,0,1.31
1777567521.380781886,1,0,0.01
1777567522.401002092,0,0,1.31
1777567522.401002092,1,0,0.01
1777567523.422610502,0,0,1.31
1777567523.422610502,1,0,0.01
1777567524.443948768,0,0,1.31
1777567524.443948768,1,0,0.01
1777567525.465298096,0,0,1.31
1777567525.465298096,1,0,0.01
1777567526.485977862,0,0,1.31
1777567526.485977862,1,0,0.01
1777567527.505868863,0,0,1.31
1777567527.505868863,1,0,0.01
1777567528.526254350,0,0,1.31
1777567528.526254350,1,0,0.01
1777567529.545924388,0,0,1.31
1777567529.545924388,1,0,0.01
1777567530.566992316,0,0,1.31
1777567530.566992316,1,0,0.01
1777567531.588088951,0,0,1.31
1777567531.588088951,1,0,0.01
1777567532.610144493,0,0,1.31
1777567532.610144493,1,0,0.01
1777567533.631835209,0,0,1.31
1777567533.631835209,1,0,0.01
1777567534.653252731,0,0,1.31
1777567534.653252731,1,0,0.01
1777567535.673512310,0,0,1.31
1777567535.673512310,1,0,0.01
1777567536.694337821,0,0,1.31
1777567536.694337821,1,0,0.01
1777567537.714837400,0,0,1.31
1777567537.714837400,1,0,0.01
1777567538.735903640,0,0,1.31
1777567538.735903640,1,0,0.01
1777567539.755718912,0,0,1.31
1777567539.755718912,1,0,0.01
1777567540.776085217,0,0,1.31
1777567540.776085217,1,0,0.01
1777567541.796151991,0,0,1.31
1777567541.796151991,1,0,0.01
1777567542.816329250,0,0,1.31
1777567542.816329250,1,0,0.01
1777567543.836048904,0,0,1.31
1777567543.836048904,1,0,0.01
1777567544.857663260,0,0,1.31
1777567544.857663260,1,0,0.01
1777567545.877638294,0,0,1.31
1777567545.877638294,1,0,0.01
1777567546.897484566,0,0,1.31
1777567546.897484566,1,0,0.01
1777567547.917324036,0,0,1.31
1777567547.917324036,1,0,0.01
1777567548.937408817,0,0,1.31
1777567548.937408817,1,0,0.01
1777567549.958651911,0,0,1.31
1777567549.958651911,1,0,0.01
1777567550.978953568,0,0,1.31
1777567550.978953568,1,0,0.01
1777567551.999446902,0,0,1.31
1777567551.999446902,1,0,0.01
1777567553.021697779,0,0,1.31
1777567553.021697779,1,0,0.01
1777567554.043286357,0,0,1.31
1777567554.043286357,1,0,0.01
1777567555.063720756,0,0,1.31
1777567555.063720756,1,0,0.01
1777567556.083505270,0,0,1.31
1777567556.083505270,1,0,0.01
1777567557.103606885,0,0,1.31
1777567557.103606885,1,0,0.01
1777567558.124270961,0,0,1.31
1777567558.124270961,1,0,0.01
1777567559.146620433,0,0,1.31
1777567559.146620433,1,0,0.01
1777567560.168390228,0,0,1.31
1777567560.168390228,1,0,0.01
1777567561.188425132,0,0,1.31
1777567561.188425132,1,0,0.01
1777567562.208877813,0,0,1.31
1777567562.208877813,1,0,0.01
1777567563.228847905,0,0,1.31
1777567563.228847905,1,0,0.01
1777567564.248517115,0,0,1.31
1777567564.248517115,1,0,0.01
1777567565.269244242,0,0,1.31
1777567565.269244242,1,0,0.01
1777567566.288839430,0,0,1.31
1777567566.288839430,1,0,0.01
1777567567.308995095,0,0,1.31
1777567567.308995095,1,0,0.01
1777567568.330893438,0,0,1.31
1777567568.330893438,1,0,0.01
1777567569.350915557,0,0,1.31
1777567569.350915557,1,0,0.01
1777567570.371921663,0,0,1.31
1777567570.371921663,1,0,0.01
1777567571.391520637,0,0,1.31
1777567571.391520637,1,0,0.01
1777567572.411767500,0,0,1.31
1777567572.411767500,1,0,0.01
1777567573.432447064,0,0,1.31
1777567573.432447064,1,0,0.01
1777567574.452302804,0,0,1.31
1777567574.452302804,1,0,0.01
1777567575.473168258,0,0,1.31
1777567575.473168258,1,0,0.01
1777567576.493799853,0,0,1.31
1777567576.493799853,1,0,0.01
1777567577.514601617,0,0,1.31
1777567577.514601617,1,0,0.01
1777567578.533880820,0,0,1.31
1777567578.533880820,1,0,0.01
1777567579.553097014,0,0,1.31
1777567579.553097014,1,0,0.01
1777567580.572634186,0,0,1.31
1777567580.572634186,1,0,0.01
1777567581.592630545,0,0,1.31
1777567581.592630545,1,0,0.01
1777567582.613069252,0,0,1.31
1777567582.613069252,1,0,0.01
1777567583.632728764,0,0,1.31
1777567583.632728764,1,0,0.01
1777567584.653809549,0,0,1.31
1777567584.653809549,1,0,0.01
1777567585.673321063,0,0,1.31
1777567585.673321063,1,0,0.01
1777567586.693710414,0,0,1.31
1777567586.693710414,1,0,0.01
1777567587.714843118,0,0,1.31
1777567587.714843118,1,0,0.01
1777567588.734620736,0,0,1.31
1777567588.734620736,1,0,0.01
1777567589.754620026,0,0,1.31
1777567589.754620026,1,0,0.01
1777567590.774606065,0,0,1.31
1777567590.774606065,1,0,0.01
1777567591.794368407,0,0,1.31
1777567591.794368407,1,0,0.01
1777567592.814798075,0,0,1.31
1777567592.814798075,1,0,0.01
1777567593.834294557,0,0,1.31
1777567593.834294557,1,0,0.01
1777567594.853939765,0,0,1.31
1777567594.853939765,1,0,0.01
1777567595.873890424,0,0,1.31
1777567595.873890424,1,0,0.01
1777567596.895849917,0,0,1.31
1777567596.895849917,1,0,0.01
1777567597.917887290,0,0,1.31
1777567597.917887290,1,0,0.01
1777567598.939460315,0,0,1.31
1777567598.939460315,1,0,0.01
1777567599.959162831,0,0,1.31
1777567599.959162831,1,0,0.01
1777567600.978813015,0,0,1.31
1777567600.978813015,1,0,0.01
1777567601.998391977,0,0,1.31
1777567601.998391977,1,0,0.01
1777567603.018980604,0,0,1.31
1777567603.018980604,1,0,0.01
1777567604.040193522,0,0,1.31
1777567604.040193522,1,0,0.01
1777567605.060112886,0,0,1.31
1777567605.060112886,1,0,0.01
1777567606.079879938,0,0,1.31
1777567606.079879938,1,0,0.01
1777567607.100544451,0,0,1.31
1777567607.100544451,1,0,0.01
1777567608.119955056,0,0,1.31
1777567608.119955056,1,0,0.01
1777567609.140512255,0,0,1.31
1777567609.140512255,1,0,0.01
1777567610.160221397,0,0,1.31
1777567610.160221397,1,0,0.01
1777567611.179884521,0,0,1.31
1777567611.179884521,1,0,0.01
1777567612.200323762,0,0,1.31
1777567612.200323762,1,0,0.01
1777567613.220096379,0,0,1.31
1777567613.220096379,1,0,0.01
1777567614.242259636,0,0,1.31
1777567614.242259636,1,0,0.01
1777567615.261962764,0,0,1.31
1777567615.261962764,1,0,0.01
1777567616.281917878,0,0,1.31
1777567616.281917878,1,0,0.01
1777567617.301890594,0,0,1.31
1777567617.301890594,1,0,0.01
1777567618.322211410,0,0,1.31
1777567618.322211410,1,0,0.01
1777567619.342639041,0,0,1.31
1777567619.342639041,1,0,0.01
1777567620.362649442,0,0,1.31
1777567620.362649442,1,0,0.01
1777567621.382887140,0,0,1.31
1777567621.382887140,1,0,0.01
1777567622.403848475,0,0,1.31
1777567622.403848475,1,0,0.01
1777567623.424051086,0,0,1.31
1777567623.424051086,1,0,0.01
1777567624.445853531,0,0,1.31
1777567624.445853531,1,0,0.01
1777567625.467261293,0,0,1.31
1777567625.467261293,1,0,0.01
1777567626.488071490,0,0,1.31
1777567626.488071490,1,0,0.01
1777567627.508728135,0,0,1.31
1777567627.508728135,1,0,0.01
1777567628.528900194,0,0,1.31
1777567628.528900194,1,0,0.01
1777567629.549086714,0,0,1.31
1777567629.549086714,1,0,0.01
1777567630.568544994,0,0,1.31
1777567630.568544994,1,0,0.01
1777567631.589400256,0,0,1.31
1777567631.589400256,1,0,0.01
1777567632.609720006,0,0,1.31
1777567632.609720006,1,0,0.01
1777567633.630459171,0,0,1.31
1777567633.630459171,1,0,0.01
1777567634.650288917,0,0,1.31
1777567634.650288917,1,0,0.01
1777567635.669559177,0,0,1.31
1777567635.669559177,1,0,0.01
1777567636.689957828,0,0,1.31
1777567636.689957828,1,0,0.01
1777567637.709579855,0,0,1.31
1777567637.709579855,1,0,0.01
1777567638.730404941,0,0,1.31
1777567638.730404941,1,0,0.01
1777567639.751083921,0,0,1.31
1777567639.751083921,1,0,0.01
1777567640.771576508,0,0,1.31
1777567640.771576508,1,0,0.01
1777567641.792204617,0,0,1.31
1777567641.792204617,1,0,0.01
1777567642.812894935,0,0,1.31
1777567642.812894935,1,0,0.01
1777567643.833877922,0,0,1.31
1777567643.833877922,1,0,0.01
1777567644.854729654,0,0,1.31
1777567644.854729654,1,0,0.01
1777567645.875199701,0,0,1.31
1777567645.875199701,1,0,0.01
1777567646.895079623,0,0,1.31
1777567646.895079623,1,0,0.01
1777567647.915682477,0,0,1.31
1777567647.915682477,1,0,0.01
1777567648.934973041,0,0,1.31
1777567648.934973041,1,0,0.01
1777567649.954596370,0,0,1.31
1777567649.954596370,1,0,0.01
1777567650.974666458,0,0,1.31
1777567650.974666458,1,0,0.01
1777567651.994641614,0,0,1.31
1777567651.994641614,1,0,0.01
1777567653.014486535,0,0,1.31
1777567653.014486535,1,0,0.01
1777567654.035080710,0,0,1.31
1777567654.035080710,1,0,0.01
1777567655.056422978,0,0,1.31
1777567655.056422978,1,0,0.01
1777567656.076389374,0,0,1.31
1777567656.076389374,1,0,0.01
1777567657.096387085,0,0,1.31
1777567657.096387085,1,0,0.01
1777567658.116295154,0,0,1.31
1777567658.116295154,1,0,0.01
1777567659.136427814,0,0,1.31
1777567659.136427814,1,0,0.01
1777567660.156511642,0,0,1.31
1777567660.156511642,1,0,0.01
1777567661.176415438,0,0,1.31
1777567661.176415438,1,0,0.01
1777567662.196245369,0,0,1.31
1777567662.196245369,1,0,0.01
1777567663.217529434,0,0,1.31
1777567663.217529434,1,0,0.01
1777567664.237408021,0,0,1.31
1777567664.237408021,1,0,0.01
1777567665.257362407,0,0,1.31
1777567665.257362407,1,0,0.01
1777567666.277267656,0,0,1.31
1777567666.277267656,1,0,0.01
1777567667.297100010,0,0,1.31
1777567667.297100010,1,0,0.01
1777567668.317118481,0,0,1.31
1777567668.317118481,1,0,0.01
1777567669.337748370,0,0,1.31
1777567669.337748370,1,0,0.01
1777567670.358805180,0,0,1.31
1777567670.358805180,1,0,0.01
1777567671.379117562,0,0,1.31
1777567671.379117562,1,0,0.01
1777567672.400119635,0,0,1.31
1777567672.400119635,1,0,0.01
1777567673.419775795,0,0,1.31
1777567673.419775795,1,0,0.01
1777567674.439828469,0,0,1.31
1777567674.439828469,1,0,0.01
1777567675.460954996,0,0,1.31
1777567675.460954996,1,0,0.01
1777567676.482651263,0,0,1.31
1777567676.482651263,1,0,0.01
1777567677.503980684,0,0,1.31
1777567677.503980684,1,0,0.01
1777567678.524151723,0,0,1.31
1777567678.524151723,1,0,0.01
1777567679.544952941,0,0,1.31
1777567679.544952941,1,0,0.01
1777567680.565008555,0,0,1.31
1777567680.565008555,1,0,0.01
1777567681.584696804,0,0,1.31
1777567681.584696804,1,0,0.01
1777567682.604420625,0,0,1.31
1777567682.604420625,1,0,0.01
1777567683.626073985,0,0,1.31
1777567683.626073985,1,0,0.01
1777567684.646142675,0,0,1.31
1777567684.646142675,1,0,0.01
1777567685.667108278,0,0,1.31
1777567685.667108278,1,0,0.01
1777567686.686783642,0,0,1.31
1777567686.686783642,1,0,0.01
1777567687.708709463,0,0,1.31
1777567687.708709463,1,0,0.01
1777567688.728883860,0,0,1.31
1777567688.728883860,1,0,0.01
1777567689.749582515,0,0,1.31
1777567689.749582515,1,0,0.01
1777567690.769391637,0,0,1.31
1777567690.769391637,1,0,0.01
1777567691.790209147,0,0,1.31
1777567691.790209147,1,0,0.01
1777567692.810556304,0,0,1.31
1777567692.810556304,1,0,0.01
1777567693.830249209,0,0,1.31
1777567693.830249209,1,0,0.01
1777567694.850977409,0,0,1.31
1777567694.850977409,1,0,0.01
1777567695.870384291,0,0,1.31
1777567695.870384291,1,0,0.01
1777567696.890508912,0,0,1.31
1777567696.890508912,1,0,0.01
1777567697.911615168,0,0,1.31
1777567697.911615168,1,0,0.01
1777567698.931640571,0,0,1.31
1777567698.931640571,1,0,0.01
1777567699.951338769,0,0,1.31
1777567699.951338769,1,0,0.01
1777567700.971459335,0,0,1.31
1777567700.971459335,1,0,0.01
1777567701.991082842,0,0,1.31
1777567701.991082842,1,0,0.01
1777567703.012457962,0,0,1.31
1777567703.012457962,1,0,0.01
1777567704.032928718,0,0,1.31
1777567704.032928718,1,0,0.01
1777567705.053441363,0,0,1.31
1777567705.053441363,1,0,0.01
1777567706.073861171,0,0,1.31
1777567706.073861171,1,0,0.01
1777567707.093252753,0,0,1.31
1777567707.093252753,1,0,0.01
1777567708.113631419,0,0,1.31
1777567708.113631419,1,0,0.01
1777567709.133881614,0,0,1.31
1777567709.133881614,1,0,0.01
1777567710.155983386,0,0,1.31
1777567710.155983386,1,0,0.01
1777567711.175633428,0,0,1.31
1777567711.175633428,1,0,0.01
1777567712.196310791,0,0,1.31
1777567712.196310791,1,0,0.01
1777567713.216000700,0,0,1.31
1777567713.216000700,1,0,0.01
1777567714.235909623,0,0,1.31
1777567714.235909623,1,0,0.01
1777567715.255523362,0,0,1.31
1777567715.255523362,1,0,0.01
1777567716.275124229,0,0,1.31
1777567716.275124229,1,0,0.01
1777567717.294568566,0,0,1.31
1777567717.294568566,1,0,0.01
1777567718.315203881,0,0,1.31
1777567718.315203881,1,0,0.01
1777567719.335292479,0,0,1.31
1777567719.335292479,1,0,0.01
1777567720.355560378,0,0,1.31
1777567720.355560378,1,0,0.01
1777567721.375733593,0,0,1.31
1777567721.375733593,1,0,0.01
1777567722.395657779,0,0,1.31
1777567722.395657779,1,0,0.01
1777567723.415506220,0,0,1.31
1777567723.415506220,1,0,0.01
1777567724.435123397,0,0,1.31
1777567724.435123397,1,0,0.01
1777567725.455731493,0,0,1.31
1777567725.455731493,1,0,0.01
1777567726.475922659,0,0,1.31
1777567726.475922659,1,0,0.01
1777567727.495998359,0,0,1.31
1777567727.495998359,1,0,0.01
1777567728.517568563,0,0,1.31
1777567728.517568563,1,0,0.01
1777567729.539073828,0,73,1.31
1777567729.539073828,1,0,0.01
1777567730.561427378,0,68,1.32
1777567730.561427378,1,0,0.01
1777567731.583007081,0,68,1.32
1777567731.583007081,1,0,0.01
1777567732.603053729,0,66,1.32
1777567732.603053729,1,0,0.01
1777567733.624931725,0,0,1.32
1777567733.624931725,1,0,0.01
1777567734.647243541,0,0,1.32
1777567734.647243541,1,0,0.01
1777567735.667254864,0,0,1.32
1777567735.667254864,1,0,0.01
1777567736.687475961,0,0,1.32
1777567736.687475961,1,0,0.01
1777567737.707393281,0,0,1.32
1777567737.707393281,1,0,0.01
1777567738.728189649,0,0,1.32
1777567738.728189649,1,0,0.01
1777567739.747751886,0,0,1.32
1777567739.747751886,1,0,0.01
1777567740.767941953,0,0,1.32
1777567740.767941953,1,0,0.01
1777567741.788051500,0,0,1.32
1777567741.788051500,1,0,0.01
1777567742.808913623,0,0,1.32
1777567742.808913623,1,0,0.01
1777567743.828999985,0,0,1.32
1777567743.828999985,1,0,0.01
1777567744.849462709,0,0,1.32
1777567744.849462709,1,0,0.01
1777567745.869464873,0,0,1.32
1777567745.869464873,1,0,0.01
1777567746.890506322,0,0,1.32
1777567746.890506322,1,0,0.01
1777567747.910709461,0,0,1.32
1777567747.910709461,1,0,0.01
1777567748.930790110,0,0,1.32
1777567748.930790110,1,0,0.01
1777567749.950835897,0,0,1.32
1777567749.950835897,1,0,0.01
1777567750.970939947,0,0,1.32
1777567750.970939947,1,0,0.01
1777567751.991831947,0,0,1.32
1777567751.991831947,1,0,0.01
1777567753.012421173,0,0,1.32
1777567753.012421173,1,0,0.01
1777567754.033181854,0,0,1.32
1777567754.033181854,1,0,0.01
1777567755.053282851,0,0,1.32
1777567755.053282851,1,0,0.01
1777567756.072944478,0,0,1.32
1777567756.072944478,1,0,0.01
1777567757.093879541,0,0,1.32
1777567757.093879541,1,0,0.01
1777567758.113861649,0,0,1.32
1777567758.113861649,1,0,0.01
1777567759.133880112,0,0,1.32
1777567759.133880112,1,0,0.01
1777567760.153860802,0,0,1.32
1777567760.153860802,1,0,0.01
1777567761.174775223,0,0,1.32
1777567761.174775223,1,0,0.01
1777567762.195247672,0,0,1.32
1777567762.195247672,1,0,0.01
1777567763.216001175,0,0,1.32
1777567763.216001175,1,0,0.01
1777567764.237360449,0,0,1.32
1777567764.237360449,1,0,0.01
1777567765.258507431,0,0,1.32
1777567765.258507431,1,0,0.01
1777567766.278702080,0,0,1.32
1777567766.278702080,1,0,0.01
1777567767.298633648,0,0,1.32
1777567767.298633648,1,0,0.01
1777567768.318452032,0,0,1.32
1777567768.318452032,1,0,0.01
1777567769.338886487,0,0,1.32
1777567769.338886487,1,0,0.01
1777567770.358484795,0,0,1.32
1777567770.358484795,1,0,0.01
1777567771.378273569,0,0,1.32
1777567771.378273569,1,0,0.01
1777567772.397877091,0,0,1.32
1777567772.397877091,1,0,0.01
1777567773.419794713,0,0,1.32
1777567773.419794713,1,0,0.01
1777567774.440354304,0,0,1.32
1777567774.440354304,1,0,0.01
1777567775.460209641,0,0,1.32
1777567775.460209641,1,0,0.01
1777567776.480637032,0,0,1.32
1777567776.480637032,1,0,0.01
1777567777.500628379,0,0,1.32
1777567777.500628379,1,0,0.01
1777567778.520399866,0,0,1.32
1777567778.520399866,1,0,0.01
1777567779.540955997,0,0,1.32
1777567779.540955997,1,0,0.01
1777567780.560491737,0,0,1.32
1777567780.560491737,1,0,0.01
1777567781.581114253,0,0,1.32
1777567781.581114253,1,0,0.01
1777567782.601074491,0,0,1.32
1777567782.601074491,1,0,0.01
1777567783.621166476,0,0,1.32
1777567783.621166476,1,0,0.01
1777567784.641019898,0,0,1.32
1777567784.641019898,1,0,0.01
1777567785.661042764,0,0,1.32
1777567785.661042764,1,0,0.01
1777567786.680847023,0,0,1.32
1777567786.680847023,1,0,0.01
1777567787.702390186,0,0,1.32
1777567787.702390186,1,0,0.01
1777567788.724176117,0,0,1.32
1777567788.724176117,1,0,0.01
1777567789.744191291,0,0,1.32
1777567789.744191291,1,0,0.01
1777567790.764242541,0,0,1.32
1777567790.764242541,1,0,0.01
1777567791.784280859,0,0,1.32
1777567791.784280859,1,0,0.01
1777567792.804254776,0,0,1.32
1777567792.804254776,1,0,0.01
1777567793.824361270,0,0,1.32
1777567793.824361270,1,0,0.01
1777567794.845004665,0,0,1.32
1777567794.845004665,1,0,0.01
1777567795.865569390,0,0,1.32
1777567795.865569390,1,0,0.01
1777567796.885299365,0,0,1.32
1777567796.885299365,1,0,0.01
1777567797.906003595,0,0,1.32
1777567797.906003595,1,0,0.01
1777567798.925669459,0,0,1.32
1777567798.925669459,1,0,0.01
1777567799.946033608,0,0,1.32
1777567799.946033608,1,0,0.01
1777567800.966603214,0,0,1.32
1777567800.966603214,1,0,0.01
1777567801.986716164,0,0,1.32
1777567801.986716164,1,0,0.01
1777567803.006937372,0,0,1.32
1777567803.006937372,1,0,0.01
1777567804.028789022,0,0,1.32
1777567804.028789022,1,0,0.01
1777567805.049594155,0,0,1.32
1777567805.049594155,1,0,0.01
1777567806.069902232,0,0,1.32
1777567806.069902232,1,0,0.01
1777567807.089661787,0,0,1.32
1777567807.089661787,1,0,0.01
1777567808.109716465,0,0,1.32
1777567808.109716465,1,0,0.01
1777567809.129649774,0,0,1.32
1777567809.129649774,1,0,0.01
1777567810.149440942,0,0,1.32
1777567810.149440942,1,0,0.01
1777567811.169335047,0,0,1.32
1777567811.169335047,1,0,0.01
1777567812.189225642,0,0,1.32
1777567812.189225642,1,0,0.01
1777567813.209058688,0,0,1.32
1777567813.209058688,1,0,0.01
1777567814.230573758,0,0,1.32
1777567814.230573758,1,0,0.01
1777567815.251595928,0,0,1.32
1777567815.251595928,1,0,0.01
1777567816.271720235,0,0,1.32
1777567816.271720235,1,0,0.01
1777567817.291169530,0,0,1.32
1777567817.291169530,1,0,0.01
1777567818.310883238,0,0,1.32
1777567818.310883238,1,0,0.01
1777567819.331630763,0,0,1.32
1777567819.331630763,1,0,0.01
1777567820.351895077,0,0,1.32
1777567820.351895077,1,0,0.01
1777567821.372405083,0,0,1.32
1777567821.372405083,1,0,0.01
1777567822.393265400,0,0,1.32
1777567822.393265400,1,0,0.01
1777567823.413048412,0,0,1.32
1777567823.413048412,1,0,0.01
1777567824.434917295,0,0,1.32
1777567824.434917295,1,0,0.01
1777567825.457686618,0,0,1.32
1777567825.457686618,1,0,0.01
1777567826.477661878,0,0,1.32
1777567826.477661878,1,0,0.01
1777567827.498516421,0,0,1.32
1777567827.498516421,1,0,0.01
1777567828.518211401,0,0,1.32
1777567828.518211401,1,0,0.01
1777567829.538491363,0,0,1.32
1777567829.538491363,1,0,0.01
1777567830.559815111,0,0,1.32
1777567830.559815111,1,0,0.01
1777567831.580189354,0,0,1.32
1777567831.580189354,1,0,0.01
1777567832.600254439,0,0,1.32
1777567832.600254439,1,0,0.01
1777567833.621321964,0,0,1.32
1777567833.621321964,1,0,0.01
1777567834.641120823,0,0,1.32
1777567834.641120823,1,0,0.01
1777567835.661785942,0,0,1.32
1777567835.661785942,1,0,0.01
1777567836.682109464,0,0,1.32
1777567836.682109464,1,0,0.01
1777567837.701823477,0,0,1.32
1777567837.701823477,1,0,0.01
1777567838.721011675,0,0,1.32
1777567838.721011675,1,0,0.01
1777567839.740884078,0,0,1.32
1777567839.740884078,1,0,0.01
1777567840.762452181,0,0,1.32
1777567840.762452181,1,0,0.01
1777567841.783820920,0,0,1.32
1777567841.783820920,1,0,0.01
1777567842.803996478,0,0,1.32
1777567842.803996478,1,0,0.01
1777567843.824085801,0,0,1.32
1777567843.824085801,1,0,0.01
1777567844.843882697,0,0,1.32
1777567844.843882697,1,0,0.01
1777567845.865519741,0,0,1.32
1777567845.865519741,1,0,0.01
1777567846.885624627,0,0,1.32
1777567846.885624627,1,0,0.01
1777567847.905597571,0,0,1.32
1777567847.905597571,1,0,0.01
1777567848.926558686,0,0,1.32
1777567848.926558686,1,0,0.01
1777567849.946926089,0,0,1.32
1777567849.946926089,1,0,0.01
1777567850.967726196,0,0,1.32
1777567850.967726196,1,0,0.01
1777567851.988038502,0,0,1.32
1777567851.988038502,1,0,0.01
1777567853.009248742,0,0,1.32
1777567853.009248742,1,0,0.01
1777567854.029909554,0,0,1.32
1777567854.029909554,1,0,0.01
1777567855.051276103,0,0,1.32
1777567855.051276103,1,0,0.01
1777567856.072904714,0,0,1.32
1777567856.072904714,1,0,0.01
1777567857.093803193,0,0,1.32
1777567857.093803193,1,0,0.01
1777567858.113578615,0,0,1.32
1777567858.113578615,1,0,0.01
1777567859.135739834,0,0,1.32
1777567859.135739834,1,0,0.01
1777567860.156644436,0,0,1.32
1777567860.156644436,1,0,0.01
1777567861.176938995,0,0,1.32
1777567861.176938995,1,0,0.01
1777567862.197063078,0,0,1.32
1777567862.197063078,1,0,0.01
1777567863.217855700,0,0,1.32
1777567863.217855700,1,0,0.01
1777567864.237490154,0,0,1.32
1777567864.237490154,1,0,0.01
1777567865.257223580,0,0,1.32
1777567865.257223580,1,0,0.01
1777567866.277613770,0,0,1.32
1777567866.277613770,1,0,0.01
1777567867.297237284,0,0,1.32
1777567867.297237284,1,0,0.01
1777567868.317550492,0,0,1.32
1777567868.317550492,1,0,0.01
1777567869.337514206,0,0,1.32
1777567869.337514206,1,0,0.01
1777567870.358376881,0,0,1.32
1777567870.358376881,1,0,0.01
1777567871.379109553,0,0,1.32
1777567871.379109553,1,0,0.01
1777567872.399091310,0,0,1.32
1777567872.399091310,1,0,0.01
1777567873.419539409,0,0,1.32
1777567873.419539409,1,0,0.01
1777567874.439074800,0,0,1.32
1777567874.439074800,1,0,0.01
1777567875.459016675,0,0,1.32
1777567875.459016675,1,0,0.01
1777567876.480979540,0,0,1.32
1777567876.480979540,1,0,0.01
1777567877.501239509,0,0,1.32
1777567877.501239509,1,0,0.01
1777567878.522868568,0,0,1.32
1777567878.522868568,1,0,0.01
1777567879.542898901,0,0,1.32
1777567879.542898901,1,0,0.01
1777567880.563157509,0,0,1.32
1777567880.563157509,1,0,0.01
1777567881.583194580,0,0,1.32
1777567881.583194580,1,0,0.01
1777567882.604957416,0,0,1.32
1777567882.604957416,1,0,0.01
1777567883.625500701,0,0,1.32
1777567883.625500701,1,0,0.01
1777567884.646054293,0,0,1.32
1777567884.646054293,1,0,0.01
1777567885.667642087,0,0,1.32
1777567885.667642087,1,0,0.01
1777567886.688403986,0,0,1.32
1777567886.688403986,1,0,0.01
1777567887.709333944,0,0,1.32
1777567887.709333944,1,0,0.01
1777567888.729564225,0,0,1.32
1777567888.729564225,1,0,0.01
1777567889.750242332,0,0,1.32
1777567889.750242332,1,0,0.01
1777567890.771598217,0,0,1.32
1777567890.771598217,1,0,0.01
1777567891.792286884,0,0,1.32
1777567891.792286884,1,0,0.01
1777567892.812817402,0,0,1.32
1777567892.812817402,1,0,0.01
1777567893.833123391,0,0,1.32
1777567893.833123391,1,0,0.01
1777567894.852977904,0,0,1.32
1777567894.852977904,1,0,0.01
1777567895.874242329,0,0,1.32
1777567895.874242329,1,0,0.01
1777567896.895740287,0,0,1.32
1777567896.895740287,1,0,0.01
1777567897.916800416,0,0,1.32
1777567897.916800416,1,0,0.01
1777567898.938391824,0,0,1.32
1777567898.938391824,1,0,0.01
1777567899.960065800,0,0,1.32
1777567899.960065800,1,0,0.01
1777567900.981730520,0,0,1.32
1777567900.981730520,1,0,0.01
1777567902.001409089,0,0,1.32
1777567902.001409089,1,0,0.01
1777567903.021360673,0,0,1.32
1777567903.021360673,1,0,0.01
1777567904.043397718,0,0,1.32
1777567904.043397718,1,0,0.01
1777567905.064529483,0,0,1.32
1777567905.064529483,1,0,0.01
1777567906.085828971,0,0,1.32
1777567906.085828971,1,0,0.01
1777567907.106927007,0,0,1.32
1777567907.106927007,1,0,0.01
1777567908.128277968,0,0,1.32
1777567908.128277968,1,0,0.01
1777567909.149427372,0,0,1.32
1777567909.149427372,1,0,0.01
1777567910.170796434,0,0,1.32
1777567910.170796434,1,0,0.01
1777567911.191919885,0,0,1.32
1777567911.191919885,1,0,0.01
1777567912.213049359,0,0,1.32
1777567912.213049359,1,0,0.01
1777567913.235560411,0,0,1.32
1777567913.235560411,1,0,0.01
1777567914.256904455,0,0,1.32
1777567914.256904455,1,0,0.01
1777567915.278736375,0,0,1.32
1777567915.278736375,1,0,0.01
1777567916.298945330,0,0,1.32
1777567916.298945330,1,0,0.01
1777567917.318298957,0,0,1.32
1777567917.318298957,1,0,0.01
1777567918.339187953,0,0,1.32
1777567918.339187953,1,0,0.01
1777567919.359371665,0,0,1.32
1777567919.359371665,1,0,0.01
1777567920.379364080,0,0,1.32
1777567920.379364080,1,0,0.01
1777567921.400155712,0,0,1.32
1777567921.400155712,1,0,0.01
1777567922.419855285,0,0,1.32
1777567922.419855285,1,0,0.01
1777567923.439734158,0,0,1.32
1777567923.439734158,1,0,0.01
1777567924.462066680,0,0,1.32
1777567924.462066680,1,0,0.01
1777567925.483078361,0,0,1.32
1777567925.483078361,1,0,0.01
1777567926.502849816,0,0,1.32
1777567926.502849816,1,0,0.01
1777567927.523909136,0,0,1.32
1777567927.523909136,1,0,0.01
1777567928.544325049,0,0,1.32
1777567928.544325049,1,0,0.01
1777567929.563977446,0,0,1.32
1777567929.563977446,1,0,0.01
1777567930.585044926,0,0,1.32
1777567930.585044926,1,0,0.01
1777567931.607116447,0,0,1.32
1777567931.607116447,1,0,0.01
1777567932.628443233,0,0,1.32
1777567932.628443233,1,0,0.01
1777567933.648949664,0,0,1.32
1777567933.648949664,1,0,0.01
1777567934.668869649,0,0,1.32
1777567934.668869649,1,0,0.01
1777567935.690002607,0,0,1.32
1777567935.690002607,1,0,0.01
1777567936.710911015,0,0,1.32
1777567936.710911015,1,0,0.01
1777567937.730716999,0,0,1.32
1777567937.730716999,1,0,0.01
1777567938.750889343,0,0,1.32
1777567938.750889343,1,0,0.01
1777567939.770618096,0,0,1.32
1777567939.770618096,1,0,0.01
1777567940.790676664,0,0,1.32
1777567940.790676664,1,0,0.01
1777567941.810546125,0,0,1.32
1777567941.810546125,1,0,0.01
1777567942.832003230,0,0,1.32
1777567942.832003230,1,0,0.01
1777567943.852080731,0,0,1.32
1777567943.852080731,1,0,0.01
1777567944.872198385,0,0,1.32
1777567944.872198385,1,0,0.01
1777567945.891799848,0,0,1.32
1777567945.891799848,1,0,0.01
1777567946.911271863,0,0,1.32
1777567946.911271863,1,0,0.01
1777567947.930917482,0,0,1.32
1777567947.930917482,1,0,0.01
1777567948.950630254,0,0,1.32
1777567948.950630254,1,0,0.01
1777567949.970373736,0,0,1.32
1777567949.970373736,1,0,0.01
1777567950.990360415,0,0,1.32
1777567950.990360415,1,0,0.01
1777567952.010362380,0,0,1.32
1777567952.010362380,1,0,0.01
1777567953.030456103,0,0,1.32
1777567953.030456103,1,0,0.01
1777567954.050670583,0,0,1.32
1777567954.050670583,1,0,0.01
1777567955.070569115,0,0,1.32
1777567955.070569115,1,0,0.01
1777567956.090347263,0,0,1.32
1777567956.090347263,1,0,0.01
1777567957.110183098,0,0,1.32
1777567957.110183098,1,0,0.01
1777567958.130779106,0,0,1.32
1777567958.130779106,1,0,0.01
1777567959.150186069,0,0,1.32
1777567959.150186069,1,0,0.01
1777567960.170486679,0,0,1.32
1777567960.170486679,1,0,0.01
1777567961.190672073,0,0,1.32
1777567961.190672073,1,0,0.01
1777567962.210785236,0,0,1.32
1777567962.210785236,1,0,0.01
1777567963.231534142,0,0,1.32
1777567963.231534142,1,0,0.01
1777567964.251417480,0,0,1.32
1777567964.251417480,1,0,0.01
1777567965.271281271,0,0,1.32
1777567965.271281271,1,0,0.01
1777567966.292073944,0,0,1.32
1777567966.292073944,1,0,0.01
1777567967.312603540,0,0,1.32
1777567967.312603540,1,0,0.01
1777567968.333193530,0,0,1.32
1777567968.333193530,1,0,0.01
1777567969.352896211,0,0,1.32
1777567969.352896211,1,0,0.01
1777567970.373408448,0,0,1.32
1777567970.373408448,1,0,0.01
1777567971.392845182,0,0,1.32
1777567971.392845182,1,0,0.01
1777567972.413287561,0,0,1.32
1777567972.413287561,1,0,0.01
1777567973.433698246,0,0,1.32
1777567973.433698246,1,0,0.01
1777567974.454838855,0,0,1.32
1777567974.454838855,1,0,0.01
1777567975.474414261,0,0,1.32
1777567975.474414261,1,0,0.01
1777567976.494885702,0,0,1.32
1777567976.494885702,1,0,0.01
1777567977.515754523,0,0,1.32
1777567977.515754523,1,0,0.01
1777567978.535682008,0,0,1.32
1777567978.535682008,1,0,0.01
1777567979.555547972,0,0,1.32
1777567979.555547972,1,0,0.01
1777567980.579162582,0,0,1.32
1777567980.579162582,1,0,0.01
1777567981.598801638,0,0,1.32
1777567981.598801638,1,0,0.01
1777567982.618175620,0,0,1.32
1777567982.618175620,1,0,0.01
1777567983.637705373,0,0,1.32
1777567983.637705373,1,0,0.01
1777567984.658798492,0,0,1.32
1777567984.658798492,1,0,0.01
1777567985.679015867,0,0,1.32
1777567985.679015867,1,0,0.01
1777567986.698852635,0,0,1.32
1777567986.698852635,1,0,0.01
1777567987.718704470,0,0,1.32
1777567987.718704470,1,0,0.01
1777567988.738275804,0,0,1.32
1777567988.738275804,1,0,0.01
1777567989.758486004,0,0,1.32
1777567989.758486004,1,0,0.01
1777567990.778026810,0,0,1.32
1777567990.778026810,1,0,0.01
1777567991.798261605,0,0,1.32
1777567991.798261605,1,0,0.01
1777567992.818206505,0,0,1.32
1777567992.818206505,1,0,0.01
1777567993.837977120,0,0,1.32
1777567993.837977120,1,0,0.01
1777567994.858688020,0,0,1.32
1777567994.858688020,1,0,0.01
1777567995.877936180,0,0,1.32
1777567995.877936180,1,0,0.01
1777567996.898722615,0,0,1.32
1777567996.898722615,1,0,0.01
1777567997.918315636,0,0,1.32
1777567997.918315636,1,0,0.01
1777567998.938374357,0,0,1.32
1777567998.938374357,1,0,0.01
1777567999.959099108,0,0,1.32
1777567999.959099108,1,0,0.01
1777568000.978918054,0,0,1.32
1777568000.978918054,1,0,0.01
1777568001.999038222,0,0,1.32
1777568001.999038222,1,0,0.01
1777568003.019302462,0,0,1.32
1777568003.019302462,1,0,0.01
1777568004.038838404,0,0,1.32
1777568004.038838404,1,0,0.01
1777568005.058821143,0,0,1.32
1777568005.058821143,1,0,0.01
1777568006.080740887,0,0,1.32
1777568006.080740887,1,0,0.01
1777568007.101627124,0,0,1.32
1777568007.101627124,1,0,0.01
1777568008.121582439,0,0,1.32
1777568008.121582439,1,0,0.01
1777568009.142467291,0,0,1.32
1777568009.142467291,1,0,0.01
1777568010.163213396,0,0,1.32
1777568010.163213396,1,0,0.01
1777568011.182796693,0,0,1.32
1777568011.182796693,1,0,0.01
1777568012.203632770,0,0,1.32
1777568012.203632770,1,0,0.01
1777568013.223950956,0,0,1.32
1777568013.223950956,1,0,0.01
1777568014.243735620,0,0,1.32
1777568014.243735620,1,0,0.01
1777568015.265236226,0,0,1.32
1777568015.265236226,1,0,0.01
1777568016.284970530,0,0,1.32
1777568016.284970530,1,0,0.01
1777568017.304656423,0,0,1.32
1777568017.304656423,1,0,0.01
1777568018.324585778,0,0,1.32
1777568018.324585778,1,0,0.01
1777568019.344357320,0,0,1.32
1777568019.344357320,1,0,0.01
1777568020.364281956,0,0,1.32
1777568020.364281956,1,0,0.01
1777568021.385041116,0,0,1.32
1777568021.385041116,1,0,0.01
1777568022.405369426,0,0,1.32
1777568022.405369426,1,0,0.01
1777568023.426322882,0,0,1.32
1777568023.426322882,1,0,0.01
1777568024.446224469,0,0,1.32
1777568024.446224469,1,0,0.01
1777568025.465936167,0,0,1.32
1777568025.465936167,1,0,0.01
1777568026.486825878,0,0,1.32
1777568026.486825878,1,0,0.01
1777568027.507510748,0,0,1.32
1777568027.507510748,1,0,0.01
1777568028.527487885,0,0,1.32
1777568028.527487885,1,0,0.01
1777568029.547278445,0,0,1.32
1777568029.547278445,1,0,0.01
1777568030.567351478,0,0,1.32
1777568030.567351478,1,0,0.01
1777568031.588625781,0,0,1.32
1777568031.588625781,1,0,0.01
1777568032.609013778,0,0,1.32
1777568032.609013778,1,0,0.01
1777568033.628842329,0,0,1.32
1777568033.628842329,1,0,0.01
1777568034.650226656,0,0,1.32
1777568034.650226656,1,0,0.01
1777568035.670976829,0,0,1.32
1777568035.670976829,1,0,0.01
1777568036.691645622,0,0,1.32
1777568036.691645622,1,0,0.01
1777568037.713784425,0,0,1.32
1777568037.713784425,1,0,0.01
1777568038.735123535,0,0,1.32
1777568038.735123535,1,0,0.01
1777568039.757669117,0,0,1.32
1777568039.757669117,1,0,0.01
1777568040.779233155,0,0,1.32
1777568040.779233155,1,0,0.01
1777568041.798962554,0,0,1.32
1777568041.798962554,1,0,0.01
1777568042.820244154,0,0,1.32
1777568042.820244154,1,0,0.01
1777568043.841846406,0,0,1.32
1777568043.841846406,1,0,0.01
1777568044.861954669,0,0,1.32
1777568044.861954669,1,0,0.01
1777568045.881846724,0,0,1.32
1777568045.881846724,1,0,0.01
1777568046.903936192,0,0,1.32
1777568046.903936192,1,0,0.01
1777568047.923945091,0,0,1.32
1777568047.923945091,1,0,0.01
1777568048.943579425,0,0,1.32
1777568048.943579425,1,0,0.01
1777568049.963401487,0,0,1.32
1777568049.963401487,1,0,0.01
1777568050.983216100,0,0,1.32
1777568050.983216100,1,0,0.01
1777568052.003751739,0,0,1.32
1777568052.003751739,1,0,0.01
1777568053.024098958,0,0,1.32
1777568053.024098958,1,0,0.01
1777568054.044045229,0,0,1.32
1777568054.044045229,1,0,0.01
1777568055.063629435,0,0,1.32
1777568055.063629435,1,0,0.01
1777568056.083678209,0,0,1.32
1777568056.083678209,1,0,0.01
1777568057.102989532,0,0,1.32
1777568057.102989532,1,0,0.01
1777568058.123484284,0,0,1.32
1777568058.123484284,1,0,0.01
1777568059.143943547,0,0,1.32
1777568059.143943547,1,0,0.01
1777568060.164029006,0,0,1.32
1777568060.164029006,1,0,0.01
1777568061.183996760,0,0,1.32
1777568061.183996760,1,0,0.01
1777568062.205064921,0,0,1.32
1777568062.205064921,1,0,0.01
1777568063.225596136,0,0,1.32
1777568063.225596136,1,0,0.01
1777568064.246018939,0,0,1.32
1777568064.246018939,1,0,0.01
1777568065.266143943,0,0,1.32
1777568065.266143943,1,0,0.01
1777568066.285600312,0,0,1.32
1777568066.285600312,1,0,0.01
1777568067.305161657,0,0,1.32
1777568067.305161657,1,0,0.01
1777568068.325828231,0,0,1.32
1777568068.325828231,1,0,0.01
1777568069.345938377,0,0,1.32
1777568069.345938377,1,0,0.01
1777568070.365582236,0,0,1.32
1777568070.365582236,1,0,0.01
1777568071.385314277,0,0,1.32
1777568071.385314277,1,0,0.01
1777568072.406188490,0,0,1.32
1777568072.406188490,1,0,0.01
1777568073.427063585,0,0,1.32
1777568073.427063585,1,0,0.01
1777568074.447722879,0,0,1.32
1777568074.447722879,1,0,0.01
1777568075.468076601,0,0,1.32
1777568075.468076601,1,0,0.01
1777568076.487619162,0,0,1.32
1777568076.487619162,1,0,0.01
1777568077.507925557,0,0,1.32
1777568077.507925557,1,0,0.01
1777568078.527925055,0,0,1.32
1777568078.527925055,1,0,0.01
1777568079.547923966,0,0,1.32
1777568079.547923966,1,0,0.01
1777568080.567502111,0,0,1.32
1777568080.567502111,1,0,0.01
1777568081.587621428,0,0,1.32
1777568081.587621428,1,0,0.01
1777568082.608516410,0,0,1.32
1777568082.608516410,1,0,0.01
1777568083.628190289,0,0,1.32
1777568083.628190289,1,0,0.01
1777568084.648807580,0,0,1.32
1777568084.648807580,1,0,0.01
1777568085.669261853,0,0,1.32
1777568085.669261853,1,0,0.01
1777568086.688479574,0,0,1.32
1777568086.688479574,1,0,0.01
1777568087.707994648,0,0,1.32
1777568087.707994648,1,0,0.01
1777568088.727642582,0,0,1.32
1777568088.727642582,1,0,0.01
1777568089.746791305,0,0,1.32
1777568089.746791305,1,0,0.01
1777568090.766992372,0,0,1.32
1777568090.766992372,1,0,0.01
1777568091.786819696,0,0,1.32
1777568091.786819696,1,0,0.01
1777568092.806979204,0,0,1.32
1777568092.806979204,1,0,0.01
1777568093.827725916,0,0,1.32
1777568093.827725916,1,0,0.01
1777568094.847537732,0,0,1.32
1777568094.847537732,1,0,0.01
1777568095.867356045,0,0,1.32
1777568095.867356045,1,0,0.01
1777568096.886919663,0,0,1.32
1777568096.886919663,1,0,0.01
1777568097.906446705,0,0,1.32
1777568097.906446705,1,0,0.01
1777568098.925886426,0,0,1.32
1777568098.925886426,1,0,0.01
1777568099.946670400,0,0,1.32
1777568099.946670400,1,0,0.01
1777568100.967742573,0,0,1.32
1777568100.967742573,1,0,0.01
1777568101.989335680,0,0,1.32
1777568101.989335680,1,0,0.01
1777568103.009039253,0,0,1.32
1777568103.009039253,1,0,0.01
1777568104.029195512,0,0,1.32
1777568104.029195512,1,0,0.01
1777568105.049284812,0,0,1.32
1777568105.049284812,1,0,0.01
1777568106.068891599,0,0,1.32
1777568106.068891599,1,0,0.01
1777568107.088881366,0,0,1.32
1777568107.088881366,1,0,0.01
1777568108.108377740,0,0,1.32
1777568108.108377740,1,0,0.01
1777568109.128866683,0,0,1.32
1777568109.128866683,1,0,0.01
1777568110.149191999,0,0,1.32
1777568110.149191999,1,0,0.01
1777568111.170068932,0,0,1.32
1777568111.170068932,1,0,0.01
1777568112.190251638,0,0,1.32
1777568112.190251638,1,0,0.01
1777568113.210518866,0,0,1.32
1777568113.210518866,1,0,0.01
1777568114.230490185,0,0,1.32
1777568114.230490185,1,0,0.01
1777568115.250582262,0,0,1.32
1777568115.250582262,1,0,0.01
1777568116.271516207,0,0,1.32
1777568116.271516207,1,0,0.01
1777568117.291221839,0,0,1.32
1777568117.291221839,1,0,0.01
1777568118.311557854,0,0,1.32
1777568118.311557854,1,0,0.01
1777568119.331534186,0,0,1.32
1777568119.331534186,1,0,0.01
1777568120.353115725,0,0,1.32
1777568120.353115725,1,0,0.01
1777568121.373464626,0,0,1.32
1777568121.373464626,1,0,0.01
1777568122.393402823,0,0,1.32
1777568122.393402823,1,0,0.01
1777568123.414363412,0,0,1.32
1777568123.414363412,1,0,0.01
1777568124.434396651,0,0,1.32
1777568124.434396651,1,0,0.01
1777568125.453980071,0,0,1.32
1777568125.453980071,1,0,0.01
1777568126.473867270,0,0,1.32
1777568126.473867270,1,0,0.01
1777568127.493559883,0,0,1.32
1777568127.493559883,1,0,0.01
1777568128.512945695,0,0,1.32
1777568128.512945695,1,0,0.01
1777568129.532810036,0,0,1.32
1777568129.532810036,1,0,0.01
1777568130.552528340,0,0,1.32
1777568130.552528340,1,0,0.01
1777568131.572834705,0,0,1.32
1777568131.572834705,1,0,0.01
1777568132.592527801,0,0,1.32
1777568132.592527801,1,0,0.01
1777568133.612338825,0,0,1.32
1777568133.612338825,1,0,0.01
1777568134.633297481,0,0,1.32
1777568134.633297481,1,0,0.01
1777568135.654356901,0,0,1.32
1777568135.654356901,1,0,0.01
1777568136.674480800,0,0,1.32
1777568136.674480800,1,0,0.01
1777568137.695214681,0,0,1.32
1777568137.695214681,1,0,0.01
1777568138.715702639,0,0,1.32
1777568138.715702639,1,0,0.01
1777568139.735969482,0,0,1.32
1777568139.735969482,1,0,0.01
1777568140.756256062,0,0,1.32
1777568140.756256062,1,0,0.01
1777568141.775877876,0,0,1.32
1777568141.775877876,1,0,0.01
1777568142.797444803,0,0,1.32
1777568142.797444803,1,0,0.01
1777568143.817725345,0,0,1.32
1777568143.817725345,1,0,0.01
1777568144.838957925,0,0,1.32
1777568144.838957925,1,0,0.01
1777568145.858663141,0,0,1.32
1777568145.858663141,1,0,0.01
1777568146.878544976,0,0,1.32
1777568146.878544976,1,0,0.01
1777568147.899085492,0,0,1.32
1777568147.899085492,1,0,0.01
1777568148.919320498,0,0,1.32
1777568148.919320498,1,0,0.01
1777568149.938809980,0,0,1.32
1777568149.938809980,1,0,0.01
1777568150.959744558,0,0,1.32
1777568150.959744558,1,0,0.01
1777568151.979447998,0,0,1.32
1777568151.979447998,1,0,0.01
1777568152.999987848,0,0,1.32
1777568152.999987848,1,0,0.01
1777568154.019720746,0,0,1.32
1777568154.019720746,1,0,0.01
1777568155.040584892,0,0,1.32
1777568155.040584892,1,0,0.01
1777568156.060126828,0,0,1.32
1777568156.060126828,1,0,0.01
1777568157.080044638,0,0,1.32
1777568157.080044638,1,0,0.01
1777568158.099726023,0,0,1.32
1777568158.099726023,1,0,0.01
1777568159.119523956,0,0,1.32
1777568159.119523956,1,0,0.01
1777568160.139208274,0,0,1.32
1777568160.139208274,1,0,0.01
1777568161.160990482,0,0,1.32
1777568161.160990482,1,0,0.01
1777568162.180869802,0,0,1.32
1777568162.180869802,1,0,0.01
1777568163.200989243,0,0,1.32
1777568163.200989243,1,0,0.01
1777568164.221788976,0,0,1.32
1777568164.221788976,1,0,0.01
1777568165.241928297,0,0,1.32
1777568165.241928297,1,0,0.01
1777568166.261801648,0,0,1.32
1777568166.261801648,1,0,0.01
1777568167.281874123,0,0,1.32
1777568167.281874123,1,0,0.01
1777568168.301402073,0,0,1.32
1777568168.301402073,1,0,0.01
1777568169.321793257,0,0,1.32
1777568169.321793257,1,0,0.01
1777568170.341476441,0,0,1.32
1777568170.341476441,1,0,0.01
1777568171.361940908,0,0,1.32
1777568171.361940908,1,0,0.01
1777568172.381939794,0,0,1.32
1777568172.381939794,1,0,0.01
1777568173.401728107,0,0,1.32
1777568173.401728107,1,0,0.01
1777568174.421510902,0,0,1.32
1777568174.421510902,1,0,0.01
1777568175.441155182,0,0,1.32
1777568175.441155182,1,0,0.01
1777568176.461245716,0,0,1.32
1777568176.461245716,1,0,0.01
1777568177.481959489,0,0,1.32
1777568177.481959489,1,0,0.01
1777568178.502170342,0,0,1.32
1777568178.502170342,1,0,0.01
1777568179.521811916,0,0,1.32
1777568179.521811916,1,0,0.01
1777568180.541537659,0,0,1.32
1777568180.541537659,1,0,0.01
1777568181.561378195,0,0,1.32
1777568181.561378195,1,0,0.01
1777568182.582863821,0,0,1.32
1777568182.582863821,1,0,0.01
1777568183.602831761,0,0,1.32
1777568183.602831761,1,0,0.01
1777568184.622738039,0,0,1.32
1777568184.622738039,1,0,0.01
1777568185.643440482,0,0,1.32
1777568185.643440482,1,0,0.01
1777568186.665546059,0,0,1.32
1777568186.665546059,1,0,0.01
1777568187.685322368,0,0,1.32
1777568187.685322368,1,0,0.01
1777568188.707764359,0,0,1.32
1777568188.707764359,1,0,0.01
1777568189.727290935,0,0,1.32
1777568189.727290935,1,0,0.01
1777568190.747769766,0,0,1.32
1777568190.747769766,1,0,0.01
1777568191.767473648,0,0,1.32
1777568191.767473648,1,0,0.01
1777568192.787021896,0,0,1.32
1777568192.787021896,1,0,0.01
1777568193.806801636,0,0,1.32
1777568193.806801636,1,0,0.01
1777568194.827011837,0,0,1.32
1777568194.827011837,1,0,0.01
1777568195.846557537,0,0,1.32
1777568195.846557537,1,0,0.01
1777568196.866995727,0,0,1.32
1777568196.866995727,1,0,0.01
1777568197.887015857,0,0,1.32
1777568197.887015857,1,0,0.01
1777568198.907652361,0,0,1.32
1777568198.907652361,1,0,0.01
1777568199.927742741,0,0,1.32
1777568199.927742741,1,0,0.01
1777568200.947491644,0,0,1.32
1777568200.947491644,1,0,0.01
1777568201.968018888,0,0,1.32
1777568201.968018888,1,0,0.01
1777568202.987261603,0,0,1.32
1777568202.987261603,1,0,0.01
1777568204.007926476,0,0,1.32
1777568204.007926476,1,0,0.01
1777568205.028306340,0,0,1.32
1777568205.028306340,1,0,0.01
1777568206.048048613,0,0,1.32
1777568206.048048613,1,0,0.01
1777568207.067648357,0,0,1.32
1777568207.067648357,1,0,0.01
1777568208.087342404,0,0,1.32
1777568208.087342404,1,0,0.01
1777568209.107341086,0,0,1.32
1777568209.107341086,1,0,0.01
1777568210.128065144,0,0,1.32
1777568210.128065144,1,0,0.01
1777568211.148246079,0,0,1.32
1777568211.148246079,1,0,0.01
1777568212.169119529,0,0,1.32
1777568212.169119529,1,0,0.01
1777568213.190095098,0,0,1.32
1777568213.190095098,1,0,0.01
1777568214.212051960,0,0,1.32
1777568214.212051960,1,0,0.01
1777568215.232143048,0,0,1.32
1777568215.232143048,1,0,0.01
1777568216.252020929,0,0,1.32
1777568216.252020929,1,0,0.01
1777568217.272081221,0,0,1.32
1777568217.272081221,1,0,0.01
1777568218.291717960,0,0,1.32
1777568218.291717960,1,0,0.01
1777568219.311633729,0,0,1.32
1777568219.311633729,1,0,0.01
1777568220.331309039,0,0,1.32
1777568220.331309039,1,0,0.01
1777568221.351499011,0,0,1.32
1777568221.351499011,1,0,0.01
1777568222.371278188,0,0,1.32
1777568222.371278188,1,0,0.01
1777568223.391193421,0,0,1.32
1777568223.391193421,1,0,0.01
1777568224.411442199,0,0,1.32
1777568224.411442199,1,0,0.01
1777568225.431809523,0,0,1.32
1777568225.431809523,1,0,0.01
1777568226.451794789,0,0,1.32
1777568226.451794789,1,0,0.01
1777568227.472017921,0,0,1.32
1777568227.472017921,1,0,0.01
1777568228.491883367,0,0,1.32
1777568228.491883367,1,0,0.01
1777568229.513602222,0,0,1.32
1777568229.513602222,1,0,0.01
1777568230.534643040,0,0,1.32
1777568230.534643040,1,0,0.01
1777568231.555251200,0,0,1.32
1777568231.555251200,1,0,0.01
1777568232.575092051,0,0,1.32
1777568232.575092051,1,0,0.01
1777568233.594718571,0,0,1.32
1777568233.594718571,1,0,0.01
1777568234.614397206,0,0,1.32
1777568234.614397206,1,0,0.01
1777568235.634823481,0,0,1.32
1777568235.634823481,1,0,0.01
1777568236.654992236,0,0,1.32
1777568236.654992236,1,0,0.01
1777568237.675707771,0,0,1.32
1777568237.675707771,1,0,0.01
1777568238.695685941,0,0,1.32
1777568238.695685941,1,0,0.01
1777568239.715479750,0,0,1.32
1777568239.715479750,1,0,0.01
1777568240.735363494,0,0,1.32
1777568240.735363494,1,0,0.01
1777568241.755613341,0,0,1.32
1777568241.755613341,1,0,0.01
1777568242.775836085,0,0,1.32
1777568242.775836085,1,0,0.01
1777568243.796740815,0,0,1.32
1777568243.796740815,1,0,0.01
1777568244.818465902,0,0,1.32
1777568244.818465902,1,0,0.01
1777568245.838311826,0,0,1.32
1777568245.838311826,1,0,0.01
1777568246.858756876,0,0,1.32
1777568246.858756876,1,0,0.01
1777568247.879313399,0,0,1.32
1777568247.879313399,1,0,0.01
1777568248.901075124,0,21,1.34
1777568248.901075124,1,0,0.01
1777568249.924067169,0,60,1.34
1777568249.924067169,1,0,0.01
1777568250.946068774,0,60,1.34
1777568250.946068774,1,0,0.01
1777568251.968817554,0,60,1.34
1777568251.968817554,1,0,0.01
1777568252.991250822,0,62,1.34
1777568252.991250822,1,0,0.01
1777568254.013837783,0,0,1.40
1777568254.013837783,1,0,0.01
1777568255.035875068,0,0,1.40
1777568255.035875068,1,0,0.01
1777568256.055848756,0,0,1.40
1777568256.055848756,1,0,0.01
1777568257.076064365,0,0,1.40
1777568257.076064365,1,0,0.01
1777568258.096351878,0,0,1.40
1777568258.096351878,1,0,0.01
1777568259.116843267,0,0,1.40
1777568259.116843267,1,0,0.01
1777568260.137095270,0,0,1.40
1777568260.137095270,1,0,0.01
1777568261.156460596,0,0,1.40
1777568261.156460596,1,0,0.01
1777568262.176253295,0,0,1.40
1777568262.176253295,1,0,0.01
1777568263.195825069,0,0,1.40
1777568263.195825069,1,0,0.01
1777568264.215606480,0,0,1.40
1777568264.215606480,1,0,0.01
1777568265.236378752,0,0,1.40
1777568265.236378752,1,0,0.01
1777568266.256351673,0,0,1.40
1777568266.256351673,1,0,0.01
1777568267.275835120,0,0,1.40
1777568267.275835120,1,0,0.01
1777568268.295991404,0,0,1.40
1777568268.295991404,1,0,0.01
1777568269.315774633,0,0,1.40
1777568269.315774633,1,0,0.01
1777568270.336217160,0,0,1.40
1777568270.336217160,1,0,0.01
1777568271.356930360,0,0,1.40
1777568271.356930360,1,0,0.01
1777568272.377902024,0,0,1.40
1777568272.377902024,1,0,0.01
1777568273.399066785,0,0,1.40
1777568273.399066785,1,0,0.01
1777568274.420066051,0,0,1.40
1777568274.420066051,1,0,0.01
1777568275.440000250,0,0,1.40
1777568275.440000250,1,0,0.01
1777568276.460010296,0,0,1.40
1777568276.460010296,1,0,0.01
1777568277.479868913,0,0,1.40
1777568277.479868913,1,0,0.01
1777568278.499940032,0,0,1.40
1777568278.499940032,1,0,0.01
1777568279.521583069,0,0,1.40
1777568279.521583069,1,0,0.01
1777568280.542187473,0,0,1.40
1777568280.542187473,1,0,0.01
1777568281.562312924,0,0,1.40
1777568281.562312924,1,0,0.01
1777568282.582758866,0,0,1.40
1777568282.582758866,1,0,0.01
1777568283.602899277,0,0,1.40
1777568283.602899277,1,0,0.01
1777568284.622583361,0,0,1.40
1777568284.622583361,1,0,0.01
1777568285.643296604,0,0,1.40
1777568285.643296604,1,0,0.01
1777568286.663869628,0,0,1.40
1777568286.663869628,1,0,0.01
1777568287.683342320,0,0,1.40
1777568287.683342320,1,0,0.01
1777568288.703083537,0,0,1.40
1777568288.703083537,1,0,0.01
1777568289.723225970,0,0,1.40
1777568289.723225970,1,0,0.01
1777568290.742907728,0,0,1.40
1777568290.742907728,1,0,0.01
1777568291.763583853,0,0,1.40
1777568291.763583853,1,0,0.01
1777568292.785002621,0,0,1.40
1777568292.785002621,1,0,0.01
1777568293.804906881,0,0,1.40
1777568293.804906881,1,0,0.01
1777568294.825195128,0,0,1.40
1777568294.825195128,1,0,0.01
1777568295.846096549,0,0,1.40
1777568295.846096549,1,0,0.01
1777568296.865645134,0,0,1.40
1777568296.865645134,1,0,0.01
1777568297.887671816,0,0,1.40
1777568297.887671816,1,0,0.01
1777568298.907678628,0,0,1.40
1777568298.907678628,1,0,0.01
1777568299.928202218,0,0,1.40
1777568299.928202218,1,0,0.01
1777568300.947924585,0,0,1.40
1777568300.947924585,1,0,0.01
1777568301.968527817,0,0,1.40
1777568301.968527817,1,0,0.01
1777568302.988949600,0,0,1.40
1777568302.988949600,1,0,0.01
1777568304.009362922,0,0,1.40
1777568304.009362922,1,0,0.01
1777568305.029655814,0,0,1.40
1777568305.029655814,1,0,0.01
1777568306.050777787,0,0,1.40
1777568306.050777787,1,0,0.01
1777568307.070846587,0,0,1.40
1777568307.070846587,1,0,0.01
1777568308.091044952,0,0,1.40
1777568308.091044952,1,0,0.01
1777568309.111898436,0,0,1.40
1777568309.111898436,1,0,0.01
1777568310.132732380,0,0,1.40
1777568310.132732380,1,0,0.01
1777568311.152895945,0,0,1.40
1777568311.152895945,1,0,0.01
1777568312.173193122,0,0,1.40
1777568312.173193122,1,0,0.01
1777568313.193082934,0,0,1.40
1777568313.193082934,1,0,0.01
1777568314.213172622,0,0,1.40
1777568314.213172622,1,0,0.01
1777568315.232689084,0,0,1.40
1777568315.232689084,1,0,0.01
1777568316.252126865,0,0,1.40
1777568316.252126865,1,0,0.01
1777568317.271793290,0,0,1.40
1777568317.271793290,1,0,0.01
1777568318.292394315,0,0,1.40
1777568318.292394315,1,0,0.01
1777568319.313013373,0,0,1.40
1777568319.313013373,1,0,0.01
1777568320.334225551,0,0,1.40
1777568320.334225551,1,0,0.01
1777568321.354618252,0,0,1.40
1777568321.354618252,1,0,0.01
1777568322.374604251,0,0,1.40
1777568322.374604251,1,0,0.01
1777568323.395259486,0,0,1.40
1777568323.395259486,1,0,0.01
1777568324.414855595,0,0,1.40
1777568324.414855595,1,0,0.01
1777568325.434881610,0,0,1.40
1777568325.434881610,1,0,0.01
1777568326.454868631,0,0,1.40
1777568326.454868631,1,0,0.01
1777568327.474405310,0,0,1.40
1777568327.474405310,1,0,0.01
1777568328.495278479,0,0,1.40
1777568328.495278479,1,0,0.01
1777568329.515070091,0,0,1.40
1777568329.515070091,1,0,0.01
1777568330.536702277,0,0,1.40
1777568330.536702277,1,0,0.01
1777568331.556895554,0,0,1.40
1777568331.556895554,1,0,0.01
1777568332.577360120,0,0,1.40
1777568332.577360120,1,0,0.01
1777568333.596919343,0,0,1.40
1777568333.596919343,1,0,0.01
1777568334.617665668,0,0,1.40
1777568334.617665668,1,0,0.01
1777568335.637325765,0,0,1.40
1777568335.637325765,1,0,0.01
1777568336.658089190,0,0,1.40
1777568336.658089190,1,0,0.01
1777568337.679016302,0,0,1.40
1777568337.679016302,1,0,0.01
1777568338.699782869,0,0,1.40
1777568338.699782869,1,0,0.01
1777568339.719574939,0,0,1.40
1777568339.719574939,1,0,0.01
1777568340.739512864,0,0,1.40
1777568340.739512864,1,0,0.01
1777568341.759121039,0,0,1.40
1777568341.759121039,1,0,0.01
1777568342.779833023,0,0,1.40
1777568342.779833023,1,0,0.01
1777568343.800145300,0,0,1.40
1777568343.800145300,1,0,0.01
1777568344.821504213,0,0,1.40
1777568344.821504213,1,0,0.01
1777568345.841121451,0,0,1.40
1777568345.841121451,1,0,0.01
1777568346.862017165,0,0,1.40
1777568346.862017165,1,0,0.01
1777568347.881243077,0,0,1.40
1777568347.881243077,1,0,0.01
1777568348.901580474,0,0,1.40
1777568348.901580474,1,0,0.01
1777568349.922039810,0,0,1.40
1777568349.922039810,1,0,0.01
1777568350.941929523,0,0,1.40
1777568350.941929523,1,0,0.01
1777568351.962003993,0,0,1.40
1777568351.962003993,1,0,0.01
1777568352.982092871,0,0,1.40
1777568352.982092871,1,0,0.01
1777568354.002095341,0,0,1.40
1777568354.002095341,1,0,0.01
1777568355.024693290,0,0,1.40
1777568355.024693290,1,0,0.01
1777568356.044924041,0,0,1.40
1777568356.044924041,1,0,0.01
1777568357.064702457,0,0,1.40
1777568357.064702457,1,0,0.01
1777568358.084376584,0,0,1.40
1777568358.084376584,1,0,0.01
1777568359.104254934,0,0,1.40
1777568359.104254934,1,0,0.01
1777568360.124061248,0,0,1.40
1777568360.124061248,1,0,0.01
1777568361.143887329,0,0,1.40
1777568361.143887329,1,0,0.01
1777568362.165108908,0,0,1.40
1777568362.165108908,1,0,0.01
1777568363.186206213,0,0,1.40
1777568363.186206213,1,0,0.01
1777568364.206246899,0,0,1.40
1777568364.206246899,1,0,0.01
1777568365.226843590,0,0,1.40
1777568365.226843590,1,0,0.01
1777568366.246666851,0,0,1.40
1777568366.246666851,1,0,0.01
1777568367.266359338,0,0,1.40
1777568367.266359338,1,0,0.01
1777568368.286728623,0,0,1.40
1777568368.286728623,1,0,0.01
1777568369.306636373,0,0,1.40
1777568369.306636373,1,0,0.01
1777568370.326638906,0,0,1.40
1777568370.326638906,1,0,0.01
1777568371.346646191,0,0,1.40
1777568371.346646191,1,0,0.01
1777568372.367511930,0,0,1.40
1777568372.367511930,1,0,0.01
1777568373.387053698,0,0,1.40
1777568373.387053698,1,0,0.01
1777568374.407729222,0,0,1.40
1777568374.407729222,1,0,0.01
1777568375.427781426,0,0,1.40
1777568375.427781426,1,0,0.01
1777568376.446871578,0,0,1.40
1777568376.446871578,1,0,0.01
1777568377.467147099,0,0,1.40
1777568377.467147099,1,0,0.01
1777568378.486725591,0,0,1.40
1777568378.486725591,1,0,0.01
1777568379.507284920,0,0,1.40
1777568379.507284920,1,0,0.01
1777568380.527758490,0,0,1.40
1777568380.527758490,1,0,0.01
1777568381.547577647,0,0,1.40
1777568381.547577647,1,0,0.01
1777568382.566851145,0,0,1.40
1777568382.566851145,1,0,0.01
1777568383.587304540,0,0,1.40
1777568383.587304540,1,0,0.01
1777568384.607213012,0,0,1.40
1777568384.607213012,1,0,0.01
1777568385.627843608,0,0,1.40
1777568385.627843608,1,0,0.01
1777568386.648280918,0,0,1.40
1777568386.648280918,1,0,0.01
1777568387.669210758,0,0,1.40
1777568387.669210758,1,0,0.01
1777568388.688991300,0,0,1.40
1777568388.688991300,1,0,0.01
1777568389.708270196,0,0,1.40
1777568389.708270196,1,0,0.01
1777568390.728016938,0,0,1.40
1777568390.728016938,1,0,0.01
1777568391.747310123,0,0,1.40
1777568391.747310123,1,0,0.01
1777568392.768203730,0,0,1.40
1777568392.768203730,1,0,0.01
1777568393.788568613,0,0,1.40
1777568393.788568613,1,0,0.01
1777568394.808838266,0,0,1.40
1777568394.808838266,1,0,0.01
1777568395.830541823,0,0,1.40
1777568395.830541823,1,0,0.01
1777568396.850857368,0,0,1.40
1777568396.850857368,1,0,0.01
1777568397.870756743,0,0,1.40
1777568397.870756743,1,0,0.01
1777568398.890465535,0,0,1.40
1777568398.890465535,1,0,0.01
1777568399.910378544,0,0,1.40
1777568399.910378544,1,0,0.01
1777568400.929949616,0,0,1.40
1777568400.929949616,1,0,0.01
1777568401.949541166,0,0,1.40
1777568401.949541166,1,0,0.01
1777568402.969511263,0,0,1.40
1777568402.969511263,1,0,0.01
1777568403.991043931,0,0,1.40
1777568403.991043931,1,0,0.01
1777568405.013417007,0,0,1.40
1777568405.013417007,1,0,0.01
1777568406.035062131,0,0,1.40
1777568406.035062131,1,0,0.01
1777568407.055824016,0,0,1.40
1777568407.055824016,1,0,0.01
1777568408.075899446,0,0,1.40
1777568408.075899446,1,0,0.01
1777568409.096001036,0,0,1.40
1777568409.096001036,1,0,0.01
1777568410.115751072,0,0,1.40
1777568410.115751072,1,0,0.01
1777568411.135418534,0,0,1.40
1777568411.135418534,1,0,0.01
1777568412.156071464,0,0,1.40
1777568412.156071464,1,0,0.01
1777568413.176766338,0,0,1.40
1777568413.176766338,1,0,0.01
1777568414.197658003,0,0,1.40
1777568414.197658003,1,0,0.01
1777568415.217887361,0,0,1.40
1777568415.217887361,1,0,0.01
1777568416.238079003,0,0,1.40
1777568416.238079003,1,0,0.01
1777568417.258529799,0,0,1.40
1777568417.258529799,1,0,0.01
1777568418.280565052,0,0,1.40
1777568418.280565052,1,0,0.01
1777568419.300161020,0,0,1.40
1777568419.300161020,1,0,0.01
1777568420.319810609,0,0,1.40
1777568420.319810609,1,0,0.01
1777568421.340511065,0,0,1.40
1777568421.340511065,1,0,0.01
1777568422.360392160,0,0,1.40
1777568422.360392160,1,0,0.01
1777568423.380096356,0,0,1.40
1777568423.380096356,1,0,0.01
1777568424.399811867,0,0,1.40
1777568424.399811867,1,0,0.01
1777568425.419683671,0,0,1.40
1777568425.419683671,1,0,0.01
1777568426.440767338,0,0,1.40
1777568426.440767338,1,0,0.01
1777568427.462584612,0,0,1.40
1777568427.462584612,1,0,0.01
1777568428.482730571,0,0,1.40
1777568428.482730571,1,0,0.01
1777568429.503803030,0,0,1.40
1777568429.503803030,1,0,0.01
1777568430.523919733,0,0,1.40
1777568430.523919733,1,0,0.01
1777568431.543534252,0,0,1.40
1777568431.543534252,1,0,0.01
1777568432.564384331,0,0,1.40
1777568432.564384331,1,0,0.01
1777568433.584185567,0,0,1.40
1777568433.584185567,1,0,0.01
1777568434.604885794,0,0,1.40
1777568434.604885794,1,0,0.01
1777568435.625094525,0,0,1.40
1777568435.625094525,1,0,0.01
1777568436.646182126,0,0,1.40
1777568436.646182126,1,0,0.01
1777568437.666585407,0,0,1.40
1777568437.666585407,1,0,0.01
1777568438.686981914,0,0,1.40
1777568438.686981914,1,0,0.01
1777568439.707334667,0,0,1.40
1777568439.707334667,1,0,0.01
1777568440.727589308,0,0,1.40
1777568440.727589308,1,0,0.01
1777568441.747871138,0,0,1.40
1777568441.747871138,1,0,0.01
1777568442.768227580,0,0,1.40
1777568442.768227580,1,0,0.01
1777568443.787948200,0,0,1.40
1777568443.787948200,1,0,0.01
1777568444.807249451,0,0,1.40
1777568444.807249451,1,0,0.01
1777568445.827794248,0,0,1.40
1777568445.827794248,1,0,0.01
1777568446.847498500,0,0,1.40
1777568446.847498500,1,0,0.01
1777568447.866868142,0,0,1.40
1777568447.866868142,1,0,0.01
1777568448.887341312,0,0,1.40
1777568448.887341312,1,0,0.01
1777568449.907135975,0,0,1.40
1777568449.907135975,1,0,0.01
1777568450.928608649,0,0,1.40
1777568450.928608649,1,0,0.01
1777568451.948321617,0,0,1.40
1777568451.948321617,1,0,0.01
1777568452.969321143,0,0,1.40
1777568452.969321143,1,0,0.01
1777568453.990292236,0,0,1.40
1777568453.990292236,1,0,0.01
1777568455.011114141,0,0,1.40
1777568455.011114141,1,0,0.01
1777568456.031827094,0,0,1.40
1777568456.031827094,1,0,0.01
1777568457.051833355,0,0,1.40
1777568457.051833355,1,0,0.01
1777568458.071734450,0,0,1.40
1777568458.071734450,1,0,0.01
1777568459.091827159,0,0,1.40
1777568459.091827159,1,0,0.01
1777568460.111881369,0,0,1.40
1777568460.111881369,1,0,0.01
1777568461.131836708,0,0,1.40
1777568461.131836708,1,0,0.01
1777568462.152739266,0,0,1.40
1777568462.152739266,1,0,0.01
1777568463.172973183,0,0,1.40
1777568463.172973183,1,0,0.01
1777568464.192662772,0,0,1.40
1777568464.192662772,1,0,0.01
1777568465.213111311,0,0,1.40
1777568465.213111311,1,0,0.01
1777568466.233156031,0,0,1.40
1777568466.233156031,1,0,0.01
1777568467.254059684,0,0,1.40
1777568467.254059684,1,0,0.01
1777568468.273778984,0,0,1.40
1777568468.273778984,1,0,0.01
1777568469.294957225,0,0,1.40
1777568469.294957225,1,0,0.01
1777568470.314510762,0,0,1.40
1777568470.314510762,1,0,0.01
1777568471.333986524,0,0,1.40
1777568471.333986524,1,0,0.01
1777568472.353531823,0,0,1.40
1777568472.353531823,1,0,0.01
1777568473.373958416,0,0,1.40
1777568473.373958416,1,0,0.01
1777568474.395386610,0,0,1.40
1777568474.395386610,1,0,0.01
1777568475.415260586,0,0,1.40
1777568475.415260586,1,0,0.01
1777568476.436282517,0,0,1.40
1777568476.436282517,1,0,0.01
1777568477.456442818,0,0,1.40
1777568477.456442818,1,0,0.01
1777568478.476921960,0,0,1.40
1777568478.476921960,1,0,0.01
1777568479.497351454,0,0,1.40
1777568479.497351454,1,0,0.01
1777568480.517362931,0,0,1.40
1777568480.517362931,1,0,0.01
1777568481.537612078,0,0,1.40
1777568481.537612078,1,0,0.01
1777568482.557649080,0,0,1.40
1777568482.557649080,1,0,0.01
1777568483.577580602,0,0,1.40
1777568483.577580602,1,0,0.01
1777568484.598749674,0,0,1.40
1777568484.598749674,1,0,0.01
1777568485.619387923,0,0,1.40
1777568485.619387923,1,0,0.01
1777568486.639452885,0,0,1.40
1777568486.639452885,1,0,0.01
1777568487.659751930,0,0,1.40
1777568487.659751930,1,0,0.01
1777568488.680261362,0,0,1.40
1777568488.680261362,1,0,0.01
1777568489.700193666,0,0,1.40
1777568489.700193666,1,0,0.01
1777568490.719916092,0,0,1.40
1777568490.719916092,1,0,0.01
1777568491.739406862,0,0,1.40
1777568491.739406862,1,0,0.01
1777568492.758953022,0,0,1.40
1777568492.758953022,1,0,0.01
1777568493.779148468,0,0,1.40
1777568493.779148468,1,0,0.01
1777568494.799459811,0,0,1.40
1777568494.799459811,1,0,0.01
1777568495.819862158,0,0,1.40
1777568495.819862158,1,0,0.01
1777568496.839873107,0,0,1.40
1777568496.839873107,1,0,0.01
1777568497.860047464,0,0,1.40
1777568497.860047464,1,0,0.01
1777568498.880031213,0,0,1.40
1777568498.880031213,1,0,0.01
1777568499.900179944,0,0,1.40
1777568499.900179944,1,0,0.01
1777568500.921201297,0,0,1.40
1777568500.921201297,1,0,0.01
1777568501.940860211,0,0,1.40
1777568501.940860211,1,0,0.01
1777568502.961608685,0,0,1.40
1777568502.961608685,1,0,0.01
1777568503.982272013,0,0,1.40
1777568503.982272013,1,0,0.01
1777568505.002619261,0,0,1.40
1777568505.002619261,1,0,0.01
1777568506.023243181,0,0,1.40
1777568506.023243181,1,0,0.01
1777568507.042740510,0,0,1.40
1777568507.042740510,1,0,0.01
1777568508.063086228,0,0,1.40
1777568508.063086228,1,0,0.01
1777568509.083170438,0,0,1.40
1777568509.083170438,1,0,0.01
1777568510.102903487,0,0,1.40
1777568510.102903487,1,0,0.01
1777568511.123287748,0,0,1.40
1777568511.123287748,1,0,0.01
1777568512.143603922,0,0,1.40
1777568512.143603922,1,0,0.01
1777568513.163535642,0,0,1.40
1777568513.163535642,1,0,0.01
1777568514.184062598,0,0,1.40
1777568514.184062598,1,0,0.01
1777568515.203819601,0,0,1.40
1777568515.203819601,1,0,0.01
1777568516.223832555,0,0,1.40
1777568516.223832555,1,0,0.01
1777568517.245100193,0,0,1.40
1777568517.245100193,1,0,0.01
1777568518.265118999,0,0,1.40
1777568518.265118999,1,0,0.01
1777568519.285081380,0,0,1.40
1777568519.285081380,1,0,0.01
1777568520.305006190,0,0,1.40
1777568520.305006190,1,0,0.01
1777568521.324626847,0,0,1.40
1777568521.324626847,1,0,0.01
1777568522.344519964,0,0,1.40
1777568522.344519964,1,0,0.01
1777568523.364459523,0,0,1.40
1777568523.364459523,1,0,0.01
1777568524.385837120,0,0,1.40
1777568524.385837120,1,0,0.01
1777568525.405771756,0,0,1.40
1777568525.405771756,1,0,0.01
1777568526.426164949,0,0,1.40
1777568526.426164949,1,0,0.01
1777568527.447353000,0,0,1.40
1777568527.447353000,1,0,0.01
1777568528.467717222,0,0,1.40
1777568528.467717222,1,0,0.01
1777568529.488144376,0,0,1.40
1777568529.488144376,1,0,0.01
1777568530.508322119,0,0,1.40
1777568530.508322119,1,0,0.01
1777568531.528333964,0,0,1.40
1777568531.528333964,1,0,0.01
1777568532.547850612,0,0,1.40
1777568532.547850612,1,0,0.01
1777568533.568770168,0,0,1.40
1777568533.568770168,1,0,0.01
1777568534.588851914,0,0,1.40
1777568534.588851914,1,0,0.01
1777568535.608336397,0,0,1.40
1777568535.608336397,1,0,0.01
1777568536.627740625,0,0,1.40
1777568536.627740625,1,0,0.01
1777568537.647409315,0,0,1.40
1777568537.647409315,1,0,0.01
1777568538.667224665,0,0,1.40
1777568538.667224665,1,0,0.01
1777568539.686634724,0,0,1.40
1777568539.686634724,1,0,0.01
1777568540.706289965,0,0,1.40
1777568540.706289965,1,0,0.01
1777568541.725823833,0,0,1.40
1777568541.725823833,1,0,0.01
1777568542.747331225,0,0,1.40
1777568542.747331225,1,0,0.01
1777568543.766689307,0,0,1.40
1777568543.766689307,1,0,0.01
1777568544.786075643,0,0,1.40
1777568544.786075643,1,0,0.01
1777568545.805883133,0,0,1.40
1777568545.805883133,1,0,0.01
1777568546.825425198,0,0,1.40
1777568546.825425198,1,0,0.01
1777568547.846001731,0,0,1.40
1777568547.846001731,1,0,0.01
1777568548.865822772,0,0,1.40
1777568548.865822772,1,0,0.01
1777568549.886487504,0,0,1.40
1777568549.886487504,1,0,0.01
1777568550.906339874,0,0,1.40
1777568550.906339874,1,0,0.01
1777568551.926925778,0,0,1.40
1777568551.926925778,1,0,0.01
1777568552.946761256,0,0,1.40
1777568552.946761256,1,0,0.01
1777568553.966450238,0,0,1.40
1777568553.966450238,1,0,0.01
1777568554.987035927,0,0,1.40
1777568554.987035927,1,0,0.01
1777568556.007828489,0,0,1.40
1777568556.007828489,1,0,0.01
1777568557.026951135,0,0,1.40
1777568557.026951135,1,0,0.01
1777568558.046670321,0,0,1.40
1777568558.046670321,1,0,0.01
1777568559.066656948,0,0,1.40
1777568559.066656948,1,0,0.01
1777568560.088296622,0,0,1.40
1777568560.088296622,1,0,0.01
1777568561.108247216,0,0,1.40
1777568561.108247216,1,0,0.01
1777568562.128733347,0,0,1.40
1777568562.128733347,1,0,0.01
1777568563.148832359,0,0,1.40
1777568563.148832359,1,0,0.01
1777568564.169258285,0,0,1.40
1777568564.169258285,1,0,0.01
1777568565.189825856,0,0,1.40
1777568565.189825856,1,0,0.01
1777568566.209741132,0,0,1.40
1777568566.209741132,1,0,0.01
1777568567.230077468,0,0,1.40
1777568567.230077468,1,0,0.01
1777568568.250881162,0,0,1.40
1777568568.250881162,1,0,0.01
1777568569.271567056,0,0,1.40
1777568569.271567056,1,0,0.01
1777568570.292516357,0,0,1.40
1777568570.292516357,1,0,0.01
1777568571.312405798,0,0,1.40
1777568571.312405798,1,0,0.01
1777568572.332996369,0,0,1.40
1777568572.332996369,1,0,0.01
1777568573.353942576,0,0,1.40
1777568573.353942576,1,0,0.01
1777568574.374933326,0,0,1.40
1777568574.374933326,1,0,0.01
1777568575.394862968,0,0,1.40
1777568575.394862968,1,0,0.01
1777568576.414631412,0,0,1.40
1777568576.414631412,1,0,0.01
1777568577.434258625,0,0,1.40
1777568577.434258625,1,0,0.01
1777568578.454151130,0,0,1.40
1777568578.454151130,1,0,0.01
1777568579.473994321,0,0,1.40
1777568579.473994321,1,0,0.01
1777568580.494674792,0,0,1.40
1777568580.494674792,1,0,0.01
1777568581.518424175,0,0,1.40
1777568581.518424175,1,0,0.01
1777568582.538533294,0,0,1.40
1777568582.538533294,1,0,0.01
1777568583.559665501,0,0,1.40
1777568583.559665501,1,0,0.01
1777568584.579161955,0,0,1.40
1777568584.579161955,1,0,0.01
1777568585.599616018,0,0,1.40
1777568585.599616018,1,0,0.01
1777568586.620121323,0,0,1.40
1777568586.620121323,1,0,0.01
1777568587.640318023,0,0,1.40
1777568587.640318023,1,0,0.01
1777568588.660853772,0,0,1.40
1777568588.660853772,1,0,0.01
1777568589.681758674,0,0,1.40
1777568589.681758674,1,0,0.01
1777568590.702853963,0,0,1.40
1777568590.702853963,1,0,0.01
1777568591.723949116,0,0,1.40
1777568591.723949116,1,0,0.01
1777568592.743417855,0,0,1.40
1777568592.743417855,1,0,0.01
1777568593.763883527,0,0,1.40
1777568593.763883527,1,0,0.01
1777568594.783737256,0,0,1.40
1777568594.783737256,1,0,0.01
1777568595.803464166,0,0,1.40
1777568595.803464166,1,0,0.01
1777568596.824249622,0,0,1.40
1777568596.824249622,1,0,0.01
1777568597.844510913,0,0,1.40
1777568597.844510913,1,0,0.01
1777568598.864627097,0,0,1.40
1777568598.864627097,1,0,0.01
1777568599.886704503,0,0,1.40
1777568599.886704503,1,0,0.01
1777568600.907381847,0,0,1.40
1777568600.907381847,1,0,0.01
1777568601.927338506,0,0,1.40
1777568601.927338506,1,0,0.01
1777568602.947920955,0,0,1.40
1777568602.947920955,1,0,0.01
1777568603.967824478,0,0,1.40
1777568603.967824478,1,0,0.01
1777568604.987639658,0,0,1.40
1777568604.987639658,1,0,0.01
1777568606.007195816,0,0,1.40
1777568606.007195816,1,0,0.01
1777568607.028488908,0,0,1.40
1777568607.028488908,1,0,0.01
1777568608.048806173,0,0,1.40
1777568608.048806173,1,0,0.01
1777568609.068782182,0,0,1.40
1777568609.068782182,1,0,0.01
1777568610.088483548,0,0,1.40
1777568610.088483548,1,0,0.01
1777568611.108744260,0,0,1.40
1777568611.108744260,1,0,0.01
1777568612.128842900,0,0,1.40
1777568612.128842900,1,0,0.01
1777568613.148851887,0,0,1.40
1777568613.148851887,1,0,0.01
1777568614.169832331,0,0,1.40
1777568614.169832331,1,0,0.01
1777568615.190907112,0,0,1.40
1777568615.190907112,1,0,0.01
1777568616.210915444,0,0,1.40
1777568616.210915444,1,0,0.01
1777568617.230918504,0,0,1.40
1777568617.230918504,1,0,0.01
1777568618.251051142,0,0,1.40
1777568618.251051142,1,0,0.01
1777568619.271361310,0,0,1.40
1777568619.271361310,1,0,0.01
1777568620.291320087,0,0,1.40
1777568620.291320087,1,0,0.01
1777568621.311917768,0,0,1.40
1777568621.311917768,1,0,0.01
1777568622.333077086,0,0,1.40
1777568622.333077086,1,0,0.01
1777568623.354212450,0,0,1.40
1777568623.354212450,1,0,0.01
1777568624.374726340,0,0,1.40
1777568624.374726340,1,0,0.01
1777568625.395656410,0,0,1.40
1777568625.395656410,1,0,0.01
1777568626.416877288,0,0,1.40
1777568626.416877288,1,0,0.01
1777568627.436884079,0,0,1.40
1777568627.436884079,1,0,0.01
1777568628.457930089,0,0,1.40
1777568628.457930089,1,0,0.01
1777568629.478919284,0,0,1.40
1777568629.478919284,1,0,0.01
1777568630.500298072,0,0,1.40
1777568630.500298072,1,0,0.01
1777568631.520728825,0,0,1.40
1777568631.520728825,1,0,0.01
1777568632.541486246,0,0,1.40
1777568632.541486246,1,0,0.01
1777568633.561453755,0,0,1.40
1777568633.561453755,1,0,0.01
1777568634.581185331,0,0,1.40
1777568634.581185331,1,0,0.01
1777568635.601648042,0,0,1.40
1777568635.601648042,1,0,0.01
1777568636.621885219,0,0,1.40
1777568636.621885219,1,0,0.01
1777568637.642122309,0,0,1.40
1777568637.642122309,1,0,0.01
1777568638.661891881,0,0,1.40
1777568638.661891881,1,0,0.01
1777568639.681980449,0,0,1.40
1777568639.681980449,1,0,0.01
1777568640.701516342,0,0,1.40
1777568640.701516342,1,0,0.01
1777568641.722326252,0,0,1.40
1777568641.722326252,1,0,0.01
1777568642.743731475,0,0,1.40
1777568642.743731475,1,0,0.01
1777568643.763727193,0,0,1.40
1777568643.763727193,1,0,0.01
1777568644.784152183,0,0,1.40
1777568644.784152183,1,0,0.01
1777568645.803945255,0,0,1.40
1777568645.803945255,1,0,0.01
1777568646.824012502,0,0,1.40
1777568646.824012502,1,0,0.01
1777568647.843304323,0,0,1.40
1777568647.843304323,1,0,0.01
1777568648.863188704,0,0,1.40
1777568648.863188704,1,0,0.01
1777568649.882732876,0,0,1.40
1777568649.882732876,1,0,0.01
1777568650.902748646,0,0,1.40
1777568650.902748646,1,0,0.01
1777568651.922597454,0,0,1.40
1777568651.922597454,1,0,0.01
1777568652.942914986,0,0,1.40
1777568652.942914986,1,0,0.01
1777568653.962951456,0,0,1.40
1777568653.962951456,1,0,0.01
1777568654.983160997,0,0,1.40
1777568654.983160997,1,0,0.01
1777568656.002945782,0,0,1.40
1777568656.002945782,1,0,0.01
1777568657.022991768,0,0,1.40
1777568657.022991768,1,0,0.01
1777568658.042728307,0,0,1.40
1777568658.042728307,1,0,0.01
1777568659.062400777,0,0,1.40
1777568659.062400777,1,0,0.01
1777568660.082328874,0,0,1.40
1777568660.082328874,1,0,0.01
1777568661.102261335,0,0,1.40
1777568661.102261335,1,0,0.01
1777568662.123491657,0,0,1.40
1777568662.123491657,1,0,0.01
1777568663.145736138,0,0,1.40
1777568663.145736138,1,0,0.01
1777568664.166099023,0,0,1.40
1777568664.166099023,1,0,0.01
1777568665.185648148,0,0,1.40
1777568665.185648148,1,0,0.01
1777568666.205519648,0,0,1.40
1777568666.205519648,1,0,0.01
1777568667.225828401,0,0,1.40
1777568667.225828401,1,0,0.01
1777568668.245873572,0,0,1.40
1777568668.245873572,1,0,0.01
1777568669.266064986,0,0,1.40
1777568669.266064986,1,0,0.01
1777568670.285972767,0,0,1.40
1777568670.285972767,1,0,0.01
1777568671.305823898,0,0,1.40
1777568671.305823898,1,0,0.01
1777568672.326735507,0,0,1.40
1777568672.326735507,1,0,0.01
1777568673.347189199,0,0,1.40
1777568673.347189199,1,0,0.01
1777568674.366879371,0,0,1.40
1777568674.366879371,1,0,0.01
1777568675.388569532,0,0,1.40
1777568675.388569532,1,0,0.01
1777568676.408824820,0,0,1.40
1777568676.408824820,1,0,0.01
1777568677.429278137,0,0,1.40
1777568677.429278137,1,0,0.01
1777568678.449822624,0,0,1.40
1777568678.449822624,1,0,0.01
1777568679.470331809,0,0,1.40
1777568679.470331809,1,0,0.01
1777568680.489988479,0,0,1.40
1777568680.489988479,1,0,0.01
1777568681.511517036,0,0,1.40
1777568681.511517036,1,0,0.01
1777568682.532740575,0,0,1.40
1777568682.532740575,1,0,0.01
1777568683.552531416,0,0,1.40
1777568683.552531416,1,0,0.01
1777568684.573143082,0,0,1.40
1777568684.573143082,1,0,0.01
1777568685.593433657,0,0,1.40
1777568685.593433657,1,0,0.01
1777568686.613258645,0,0,1.40
1777568686.613258645,1,0,0.01
1777568687.632902703,0,0,1.40
1777568687.632902703,1,0,0.01
1777568688.653805554,0,0,1.40
1777568688.653805554,1,0,0.01
1777568689.673082778,0,0,1.40
1777568689.673082778,1,0,0.01
1777568690.693928031,0,0,1.40
1777568690.693928031,1,0,0.01
1777568691.713849751,0,0,1.40
1777568691.713849751,1,0,0.01
1777568692.735672871,0,0,1.40
1777568692.735672871,1,0,0.01
1777568693.758051015,0,0,1.40
1777568693.758051015,1,0,0.01
1777568694.779007617,0,0,1.40
1777568694.779007617,1,0,0.01
1777568695.799533500,0,0,1.40
1777568695.799533500,1,0,0.01
1777568696.819690210,0,0,1.40
1777568696.819690210,1,0,0.01
1777568697.839307520,0,0,1.40
1777568697.839307520,1,0,0.01
1777568698.859282346,0,0,1.40
1777568698.859282346,1,0,0.01
1777568699.879053391,0,0,1.40
1777568699.879053391,1,0,0.01
1777568700.898820008,0,0,1.40
1777568700.898820008,1,0,0.01
1777568701.919421307,0,0,1.40
1777568701.919421307,1,0,0.01
1777568702.939003772,0,0,1.40
1777568702.939003772,1,0,0.01
1777568703.959651971,0,0,1.40
1777568703.959651971,1,0,0.01
1777568704.979814792,0,0,1.40
1777568704.979814792,1,0,0.01
1777568705.999570561,0,0,1.40
1777568705.999570561,1,0,0.01
1777568707.019937541,0,0,1.40
1777568707.019937541,1,0,0.01
1777568708.040507147,0,0,1.40
1777568708.040507147,1,0,0.01
1777568709.061345851,0,0,1.40
1777568709.061345851,1,0,0.01
1777568710.081969758,0,0,1.40
1777568710.081969758,1,0,0.01
1777568711.104146538,0,0,1.40
1777568711.104146538,1,0,0.01
1777568712.124036814,0,0,1.40
1777568712.124036814,1,0,0.01
1777568713.143978787,0,0,1.40
1777568713.143978787,1,0,0.01
1777568714.164423279,0,0,1.40
1777568714.164423279,1,0,0.01
1777568715.184614958,0,0,1.40
1777568715.184614958,1,0,0.01
1777568716.205462414,0,0,1.40
1777568716.205462414,1,0,0.01
1777568717.225684730,0,0,1.40
1777568717.225684730,1,0,0.01
1777568718.245372008,0,0,1.40
1777568718.245372008,1,0,0.01
1777568719.266299125,0,0,1.40
1777568719.266299125,1,0,0.01
1777568720.286986114,0,0,1.40
1777568720.286986114,1,0,0.01
1777568721.306825943,0,0,1.40
1777568721.306825943,1,0,0.01
1777568722.327931513,0,0,1.40
1777568722.327931513,1,0,0.01
1777568723.349540840,0,0,1.40
1777568723.349540840,1,0,0.01
1777568724.370892984,0,0,1.40
1777568724.370892984,1,0,0.01
1777568725.391852506,0,0,1.40
1777568725.391852506,1,0,0.01
1777568726.411752711,0,0,1.40
1777568726.411752711,1,0,0.01
1777568727.432290480,0,0,1.40
1777568727.432290480,1,0,0.01
1777568728.452778040,0,0,1.40
1777568728.452778040,1,0,0.01
1777568729.472955892,0,0,1.40
1777568729.472955892,1,0,0.01
1777568730.493260090,0,0,1.40
1777568730.493260090,1,0,0.01
1777568731.513896684,0,0,1.40
1777568731.513896684,1,0,0.01
1777568732.534316117,0,0,1.40
1777568732.534316117,1,0,0.01
1777568733.554016809,0,0,1.40
1777568733.554016809,1,0,0.01
1777568734.575260640,0,0,1.40
1777568734.575260640,1,0,0.01
1777568735.596612625,0,0,1.40
1777568735.596612625,1,0,0.01
1777568736.616454137,0,0,1.40
1777568736.616454137,1,0,0.01
1777568737.636579712,0,0,1.40
1777568737.636579712,1,0,0.01
1777568738.657654481,0,0,1.40
1777568738.657654481,1,0,0.01
1777568739.677905671,0,0,1.40
1777568739.677905671,1,0,0.01
1777568740.699080191,0,0,1.40
1777568740.699080191,1,0,0.01
1777568741.719225739,0,0,1.40
1777568741.719225739,1,0,0.01
1777568742.738966840,0,0,1.40
1777568742.738966840,1,0,0.01
1777568743.759300476,0,0,1.40
1777568743.759300476,1,0,0.01
1777568744.779316300,0,0,1.40
1777568744.779316300,1,0,0.01
1777568745.799343160,0,0,1.40
1777568745.799343160,1,0,0.01
1777568746.818990639,0,0,1.40
1777568746.818990639,1,0,0.01
1777568747.838868782,0,0,1.40
1777568747.838868782,1,0,0.01
1777568748.859831340,0,0,1.40
1777568748.859831340,1,0,0.01
1777568749.880738839,0,0,1.40
1777568749.880738839,1,0,0.01
1777568750.902020418,0,0,1.40
1777568750.902020418,1,0,0.01
1777568751.922351164,0,0,1.40
1777568751.922351164,1,0,0.01
1777568752.943434657,0,0,1.40
1777568752.943434657,1,0,0.01
1777568753.963369875,0,0,1.40
1777568753.963369875,1,0,0.01
1777568754.983147271,0,0,1.40
1777568754.983147271,1,0,0.01
1777568756.004879025,0,0,1.40
1777568756.004879025,1,0,0.01
1777568757.026634898,0,0,1.40
1777568757.026634898,1,0,0.01
1777568758.046705220,0,0,1.40
1777568758.046705220,1,0,0.01
1777568759.066601831,0,0,1.40
1777568759.066601831,1,0,0.01
1777568760.086836804,0,0,1.40
1777568760.086836804,1,0,0.01
1777568761.106658785,0,0,1.40
1777568761.106658785,1,0,0.01
1777568762.126979341,0,0,1.40
1777568762.126979341,1,0,0.01
1777568763.147039100,0,0,1.40
1777568763.147039100,1,0,0.01
1777568764.167614338,0,0,1.40
1777568764.167614338,1,0,0.01
1777568765.187960928,0,0,1.40
1777568765.187960928,1,0,0.01
1777568766.208143585,0,0,1.40
1777568766.208143585,1,0,0.01
1777568767.229349242,0,0,1.40
1777568767.229349242,1,0,0.01
1777568768.248932984,0,0,1.40
1777568768.248932984,1,0,0.01
1777568769.268649485,0,0,1.40
1777568769.268649485,1,0,0.01
1777568770.288336801,0,0,1.40
1777568770.288336801,1,0,0.01
1777568771.307976613,0,0,1.40
1777568771.307976613,1,0,0.01
1777568772.327501716,0,0,1.40
1777568772.327501716,1,0,0.01
1777568773.347164368,0,0,1.40
1777568773.347164368,1,0,0.01
1777568774.367203672,0,0,1.40
1777568774.367203672,1,0,0.01
1777568775.386747596,0,0,1.40
1777568775.386747596,1,0,0.01
1777568776.406404450,0,0,1.40
1777568776.406404450,1,0,0.01
1777568777.427204248,0,0,1.40
1777568777.427204248,1,0,0.01
1777568778.447273841,0,0,1.40
1777568778.447273841,1,0,0.01
1777568779.467384332,0,0,1.40
1777568779.467384332,1,0,0.01
1777568780.487883791,0,0,1.40
1777568780.487883791,1,0,0.01
1777568781.509182867,0,0,1.40
1777568781.509182867,1,0,0.01
1777568782.530703918,0,0,1.40
1777568782.530703918,1,0,0.01
1777568783.550902827,0,0,1.40
1777568783.550902827,1,0,0.01
1777568784.570871849,0,0,1.40
1777568784.570871849,1,0,0.01
1777568785.590838648,0,0,1.40
1777568785.590838648,1,0,0.01
1777568786.610973188,0,0,1.40
1777568786.610973188,1,0,0.01
1777568787.630833375,0,0,1.40
1777568787.630833375,1,0,0.01
1777568788.650980581,0,0,1.40
1777568788.650980581,1,0,0.01
1777568789.671312925,0,0,1.40
1777568789.671312925,1,0,0.01
1777568790.691603340,0,0,1.40
1777568790.691603340,1,0,0.01
1777568791.711774342,0,0,1.40
1777568791.711774342,1,0,0.01
1777568792.731569358,0,0,1.40
1777568792.731569358,1,0,0.01
1777568793.751581959,0,0,1.40
1777568793.751581959,1,0,0.01
1777568794.771532097,0,0,1.40
1777568794.771532097,1,0,0.01
1777568795.792050856,0,0,1.40
1777568795.792050856,1,0,0.01
1777568796.811765718,0,0,1.40
1777568796.811765718,1,0,0.01
1777568797.831511151,0,0,1.40
1777568797.831511151,1,0,0.01
1777568798.852996893,0,0,1.40
1777568798.852996893,1,0,0.01
1777568799.872963679,0,0,1.40
1777568799.872963679,1,0,0.01
1777568800.892827557,0,0,1.40
1777568800.892827557,1,0,0.01
1777568801.913245057,0,0,1.40
1777568801.913245057,1,0,0.01
1777568802.933173723,0,0,1.40
1777568802.933173723,1,0,0.01
1777568803.952627475,0,0,1.40
1777568803.952627475,1,0,0.01
1777568804.973089666,0,0,1.40
1777568804.973089666,1,0,0.01
1777568805.994375986,0,0,1.40
1777568805.994375986,1,0,0.01
1777568807.015929467,0,0,1.40
1777568807.015929467,1,0,0.01
1777568808.035586823,0,0,1.40
1777568808.035586823,1,0,0.01
1777568809.055803663,0,0,1.40
1777568809.055803663,1,0,0.01
1777568810.075485197,0,0,1.40
1777568810.075485197,1,0,0.01
1777568811.095573757,0,0,1.40
1777568811.095573757,1,0,0.01
1777568812.117109982,0,0,1.40
1777568812.117109982,1,0,0.01
1777568813.138549892,0,0,1.40
1777568813.138549892,1,0,0.01
1777568814.158971934,0,0,1.40
1777568814.158971934,1,0,0.01
1777568815.179377686,0,0,1.40
1777568815.179377686,1,0,0.01
1777568816.199775127,0,0,1.40
1777568816.199775127,1,0,0.01
1777568817.219685103,0,0,1.40
1777568817.219685103,1,0,0.01
1777568818.240997713,0,0,1.40
1777568818.240997713,1,0,0.01
1777568819.262923042,0,0,1.40
1777568819.262923042,1,0,0.01
1777568820.284357363,0,0,1.40
1777568820.284357363,1,0,0.01
1777568821.305459165,0,0,1.40
1777568821.305459165,1,0,0.01
1777568822.324936521,0,0,1.40
1777568822.324936521,1,0,0.01
1777568823.345241731,0,0,1.40
1777568823.345241731,1,0,0.01
1777568824.365611493,0,0,1.40
1777568824.365611493,1,0,0.01
1777568825.385552295,0,0,1.40
1777568825.385552295,1,0,0.01
1777568826.405384696,0,0,1.40
1777568826.405384696,1,0,0.01
1777568827.426304211,0,0,1.40
1777568827.426304211,1,0,0.01
1777568828.446413657,0,0,1.40
1777568828.446413657,1,0,0.01
1777568829.466144147,0,0,1.40
1777568829.466144147,1,0,0.01
1777568830.485907158,0,0,1.40
1777568830.485907158,1,0,0.01
1777568831.506486028,0,0,1.40
1777568831.506486028,1,0,0.01
1777568832.525814328,0,0,1.40
1777568832.525814328,1,0,0.01
1777568833.546627588,0,0,1.40
1777568833.546627588,1,0,0.01
1777568834.565614370,0,0,1.40
1777568834.565614370,1,0,0.01
1777568835.585909761,0,0,1.40
1777568835.585909761,1,0,0.01
1777568836.605638219,0,0,1.40
1777568836.605638219,1,0,0.01
1777568837.625723429,0,0,1.40
1777568837.625723429,1,0,0.01
1777568838.644962230,0,0,1.40
1777568838.644962230,1,0,0.01
1777568839.664242679,0,0,1.40
1777568839.664242679,1,0,0.01
1777568840.684526190,0,0,1.40
1777568840.684526190,1,0,0.01
1777568841.704547518,0,0,1.40
1777568841.704547518,1,0,0.01
1777568842.725743437,0,0,1.40
1777568842.725743437,1,0,0.01
1777568843.745738575,0,0,1.40
1777568843.745738575,1,0,0.01
1777568844.764980359,0,0,1.40
1777568844.764980359,1,0,0.01
1777568845.785583219,0,0,1.40
1777568845.785583219,1,0,0.01
1777568846.805824818,0,0,1.40
1777568846.805824818,1,0,0.01
1777568847.825829004,0,0,1.40
1777568847.825829004,1,0,0.01
1777568848.845358908,0,0,1.40
1777568848.845358908,1,0,0.01
1777568849.865492245,0,0,1.40
1777568849.865492245,1,0,0.01
1777568850.885161690,0,0,1.40
1777568850.885161690,1,0,0.01
1777568851.904684524,0,0,1.40
1777568851.904684524,1,0,0.01
1777568852.924563494,0,0,1.40
1777568852.924563494,1,0,0.01
1777568853.945063266,0,0,1.40
1777568853.945063266,1,0,0.01
1777568854.964825825,0,0,1.40
1777568854.964825825,1,0,0.01
1777568855.984498858,0,0,1.40
1777568855.984498858,1,0,0.01
1777568857.003942669,0,0,1.40
1777568857.003942669,1,0,0.01
1777568858.023381017,0,0,1.40
1777568858.023381017,1,0,0.01
1777568859.043867781,0,0,1.40
1777568859.043867781,1,0,0.01
1777568860.063249277,0,0,1.40
1777568860.063249277,1,0,0.01
1777568861.083900842,0,0,1.40
1777568861.083900842,1,0,0.01
1777568862.104431918,0,0,1.40
1777568862.104431918,1,0,0.01
1777568863.124439885,0,0,1.40
1777568863.124439885,1,0,0.01
1777568864.144917771,0,0,1.40
1777568864.144917771,1,0,0.01
1777568865.166791203,0,0,1.40
1777568865.166791203,1,0,0.01
1777568866.187752581,0,0,1.40
1777568866.187752581,1,0,0.01
1777568867.208024872,0,0,1.40
1777568867.208024872,1,0,0.01
1777568868.227805265,0,0,1.40
1777568868.227805265,1,0,0.01
1777568869.248022531,0,0,1.40
1777568869.248022531,1,0,0.01
1777568870.269117821,0,0,1.40
1777568870.269117821,1,0,0.01
1777568871.290402896,0,0,1.40
1777568871.290402896,1,0,0.01
1777568872.311575327,0,0,1.40
1777568872.311575327,1,0,0.01
1777568873.331553427,0,0,1.40
1777568873.331553427,1,0,0.01
1777568874.351394271,0,0,1.40
1777568874.351394271,1,0,0.01
1777568875.370873977,0,0,1.40
1777568875.370873977,1,0,0.01
1777568876.390682473,0,0,1.40
1777568876.390682473,1,0,0.01
1777568877.411746023,0,0,1.40
1777568877.411746023,1,0,0.01
1777568878.432116812,0,0,1.40
1777568878.432116812,1,0,0.01
1777568879.451868347,0,0,1.40
1777568879.451868347,1,0,0.01
1777568880.471489049,0,0,1.40
1777568880.471489049,1,0,0.01
1777568881.492490416,0,0,1.40
1777568881.492490416,1,0,0.01
1777568882.512096297,0,0,1.40
1777568882.512096297,1,0,0.01
1777568883.531881847,0,0,1.40
1777568883.531881847,1,0,0.01
1777568884.552806303,0,0,1.40
1777568884.552806303,1,0,0.01
1777568885.575420421,0,0,1.40
1777568885.575420421,1,0,0.01
1777568886.596820762,0,0,1.40
1777568886.596820762,1,0,0.01
1777568887.617911509,0,0,1.40
1777568887.617911509,1,0,0.01
1777568888.637913804,0,0,1.40
1777568888.637913804,1,0,0.01
1777568889.659036357,0,0,1.40
1777568889.659036357,1,0,0.01
1777568890.678991494,0,0,1.40
1777568890.678991494,1,0,0.01
1777568891.699934528,0,0,1.40
1777568891.699934528,1,0,0.01
1777568892.719848127,0,0,1.40
1777568892.719848127,1,0,0.01
1777568893.740251381,0,0,1.40
1777568893.740251381,1,0,0.01
1777568894.761388961,0,0,1.40
1777568894.761388961,1,0,0.01
1777568895.781369156,0,0,1.40
1777568895.781369156,1,0,0.01
1777568896.801323766,0,0,1.40
1777568896.801323766,1,0,0.01
1777568897.821510780,0,0,1.40
1777568897.821510780,1,0,0.01
1777568898.842084559,0,0,1.40
1777568898.842084559,1,0,0.01
1777568899.862818068,0,0,1.40
1777568899.862818068,1,0,0.01
1777568900.883079610,0,0,1.40
1777568900.883079610,1,0,0.01
1777568901.902602209,0,0,1.40
1777568901.902602209,1,0,0.01
1777568902.923018167,0,0,1.40
1777568902.923018167,1,0,0.01
1777568903.943660546,0,0,1.40
1777568903.943660546,1,0,0.01
1777568904.963752424,0,0,1.40
1777568904.963752424,1,0,0.01
1777568905.985207325,0,0,1.40
1777568905.985207325,1,0,0.01
1777568907.005549972,0,0,1.40
1777568907.005549972,1,0,0.01
1777568908.025810581,0,0,1.40
1777568908.025810581,1,0,0.01
1777568909.047064981,0,0,1.40
1777568909.047064981,1,0,0.01
1777568910.068964659,0,0,1.40
1777568910.068964659,1,0,0.01
1777568911.089522507,0,0,1.40
1777568911.089522507,1,0,0.01
1777568912.110230607,0,0,1.40
1777568912.110230607,1,0,0.01
1777568913.130931942,0,0,1.40
1777568913.130931942,1,0,0.01
1777568914.151643055,0,0,1.40
1777568914.151643055,1,0,0.01
1777568915.172237679,0,0,1.40
1777568915.172237679,1,0,0.01
1777568916.192187369,0,0,1.40
1777568916.192187369,1,0,0.01
1777568917.212882554,0,0,1.40
1777568917.212882554,1,0,0.01
1777568918.233258492,0,0,1.40
1777568918.233258492,1,0,0.01
1777568919.253826533,0,0,1.40
1777568919.253826533,1,0,0.01
1777568920.274540706,0,0,1.40
1777568920.274540706,1,0,0.01
1777568921.294665511,0,0,1.40
1777568921.294665511,1,0,0.01
1777568922.315500527,0,0,1.40
1777568922.315500527,1,0,0.01
1777568923.336252010,0,0,1.40
1777568923.336252010,1,0,0.01
1777568924.356762933,0,0,1.40
1777568924.356762933,1,0,0.01
1777568925.377480278,0,0,1.40
1777568925.377480278,1,0,0.01
1777568926.397799690,0,0,1.40
1777568926.397799690,1,0,0.01
1777568927.417961314,0,0,1.40
1777568927.417961314,1,0,0.01
1777568928.438485620,0,0,1.40
1777568928.438485620,1,0,0.01
1777568929.459014026,0,0,1.40
1777568929.459014026,1,0,0.01
1777568930.481362760,0,0,1.40
1777568930.481362760,1,0,0.01
1777568931.503813223,0,0,1.40
1777568931.503813223,1,0,0.01
1777568932.524805937,0,0,1.40
1777568932.524805937,1,0,0.01
1777568933.545775761,0,0,1.40
1777568933.545775761,1,0,0.01
1777568934.566319865,0,0,1.40
1777568934.566319865,1,0,0.01
1777568935.587052901,0,0,1.40
1777568935.587052901,1,0,0.01
1777568936.607903973,0,0,1.40
1777568936.607903973,1,0,0.01
1777568937.629339235,0,0,1.40
1777568937.629339235,1,0,0.01
1777568938.649816478,0,0,1.40
1777568938.649816478,1,0,0.01
1777568939.670315289,0,0,1.40
1777568939.670315289,1,0,0.01
1777568940.690616449,0,0,1.40
1777568940.690616449,1,0,0.01
1777568941.711027952,0,0,1.40
1777568941.711027952,1,0,0.01
1777568942.731905240,0,0,1.40
1777568942.731905240,1,0,0.01
1777568943.753745725,0,0,1.40
1777568943.753745725,1,0,0.01
1777568944.774163007,0,0,1.40
1777568944.774163007,1,0,0.01
1777568945.794877086,0,0,1.40
1777568945.794877086,1,0,0.01
1777568946.815006618,0,0,1.40
1777568946.815006618,1,0,0.01
1777568947.835986158,0,0,1.40
1777568947.835986158,1,0,0.01
1777568948.856267258,0,0,1.40
1777568948.856267258,1,0,0.01
1777568949.877148126,0,0,1.40
1777568949.877148126,1,0,0.01
1777568950.897473378,0,0,1.40
1777568950.897473378,1,0,0.01
1777568951.918348226,0,0,1.40
1777568951.918348226,1,0,0.01
1777568952.938976592,0,0,1.40
1777568952.938976592,1,0,0.01
1777568953.960294246,0,0,1.40
1777568953.960294246,1,0,0.01
1777568954.980773373,0,0,1.40
1777568954.980773373,1,0,0.01
1777568956.001821645,0,0,1.40
1777568956.001821645,1,0,0.01
1777568957.021771445,0,0,1.40
1777568957.021771445,1,0,0.01
1777568958.041415742,0,0,1.40
1777568958.041415742,1,0,0.01
1777568959.061027561,0,0,1.40
1777568959.061027561,1,0,0.01
1777568960.080963023,0,0,1.40
1777568960.080963023,1,0,0.01
1777568961.101172479,0,0,1.40
1777568961.101172479,1,0,0.01
1777568962.122731186,0,0,1.40
1777568962.122731186,1,0,0.01
1777568963.144832730,0,0,1.40
1777568963.144832730,1,0,0.01
1777568964.165834380,0,0,1.40
1777568964.165834380,1,0,0.01
1777568965.185911662,0,0,1.40
1777568965.185911662,1,0,0.01
1777568966.205679652,0,0,1.40
1777568966.205679652,1,0,0.01
1777568967.227217497,0,0,1.40
1777568967.227217497,1,0,0.01
1777568968.247725891,0,0,1.40
1777568968.247725891,1,0,0.01
1777568969.268760953,0,0,1.40
1777568969.268760953,1,0,0.01
1777568970.289501185,0,0,1.40
1777568970.289501185,1,0,0.01
1777568971.310607731,0,0,1.40
1777568971.310607731,1,0,0.01
1777568972.331335582,0,0,1.40
1777568972.331335582,1,0,0.01
1777568973.353255057,0,0,1.40
1777568973.353255057,1,0,0.01
1777568974.373797362,0,0,1.40
1777568974.373797362,1,0,0.01
1777568975.393649656,0,0,1.40
1777568975.393649656,1,0,0.01
1777568976.413709084,0,0,1.40
1777568976.413709084,1,0,0.01
1777568977.433789367,0,0,1.40
1777568977.433789367,1,0,0.01
1777568978.453821152,0,0,1.40
1777568978.453821152,1,0,0.01
1777568979.473789196,0,0,1.40
1777568979.473789196,1,0,0.01
1777568980.493816752,0,0,1.40
1777568980.493816752,1,0,0.01
1777568981.513529573,0,0,1.40
1777568981.513529573,1,0,0.01
1777568982.534273407,0,0,1.40
1777568982.534273407,1,0,0.01
1777568983.554227046,0,0,1.40
1777568983.554227046,1,0,0.01
1777568984.573869435,0,0,1.40
1777568984.573869435,1,0,0.01
1777568985.595141028,0,0,1.40
1777568985.595141028,1,0,0.01
1777568986.614891113,0,0,1.40
1777568986.614891113,1,0,0.01
1777568987.634322507,0,0,1.40
1777568987.634322507,1,0,0.01
1777568988.655494460,0,0,1.40
1777568988.655494460,1,0,0.01
1777568989.675555776,0,0,1.40
1777568989.675555776,1,0,0.01
1777568990.695806117,0,0,1.40
1777568990.695806117,1,0,0.01
1777568991.715949638,0,0,1.40
1777568991.715949638,1,0,0.01
1777568992.736729076,0,0,1.40
1777568992.736729076,1,0,0.01
1777568993.757926533,0,0,1.40
1777568993.757926533,1,0,0.01
1777568994.778304326,0,0,1.40
1777568994.778304326,1,0,0.01
1777568995.798387593,0,0,1.40
1777568995.798387593,1,0,0.01
1777568996.818779459,0,0,1.40
1777568996.818779459,1,0,0.01
1777568997.838675739,0,0,1.40
1777568997.838675739,1,0,0.01
1777568998.858700568,0,0,1.40
1777568998.858700568,1,0,0.01
1777568999.878666043,0,0,1.40
1777568999.878666043,1,0,0.01
1777569000.899914552,0,0,1.40
1777569000.899914552,1,0,0.01
1777569001.921790714,0,0,1.40
1777569001.921790714,1,0,0.01
1777569002.942688452,0,0,1.40
1777569002.942688452,1,0,0.01
1777569003.963084983,0,0,1.40
1777569003.963084983,1,0,0.01
1777569004.984492147,0,0,1.40
1777569004.984492147,1,0,0.01
1777569006.005277610,0,0,1.40
1777569006.005277610,1,0,0.01
1777569007.025813568,0,0,1.40
1777569007.025813568,1,0,0.01
1777569008.046001724,0,0,1.40
1777569008.046001724,1,0,0.01
1777569009.066730436,0,0,1.40
1777569009.066730436,1,0,0.01
1777569010.087670739,0,0,1.40
1777569010.087670739,1,0,0.01
1777569011.108082372,0,0,1.40
1777569011.108082372,1,0,0.01
1777569012.128783593,0,0,1.40
1777569012.128783593,1,0,0.01
1777569013.149587492,0,0,1.40
1777569013.149587492,1,0,0.01
1777569014.170010155,0,0,1.40
1777569014.170010155,1,0,0.01
1777569015.191526882,0,0,1.40
1777569015.191526882,1,0,0.01
1777569016.211867762,0,0,1.40
1777569016.211867762,1,0,0.01
1777569017.232973686,0,0,1.40
1777569017.232973686,1,0,0.01
1777569018.254545304,0,0,1.40
1777569018.254545304,1,0,0.01
1777569019.275213374,0,0,1.40
1777569019.275213374,1,0,0.01
1777569020.295564502,0,0,1.40
1777569020.295564502,1,0,0.01
1777569021.315729104,0,0,1.40
1777569021.315729104,1,0,0.01
1777569022.337440392,0,0,1.40
1777569022.337440392,1,0,0.01
1777569023.357703624,0,0,1.40
1777569023.357703624,1,0,0.01
1777569024.378813836,0,0,1.40
1777569024.378813836,1,0,0.01
1777569025.400037228,0,0,1.40
1777569025.400037228,1,0,0.01
1777569026.421850281,0,0,1.40
1777569026.421850281,1,0,0.01
1777569027.443066184,0,0,1.40
1777569027.443066184,1,0,0.01
1777569028.463725262,0,0,1.40
1777569028.463725262,1,0,0.01
1777569029.483554032,0,0,1.40
1777569029.483554032,1,0,0.01
1777569030.502986207,0,0,1.40
1777569030.502986207,1,0,0.01
1777569031.523343402,0,0,1.40
1777569031.523343402,1,0,0.01
1777569032.543792873,0,0,1.40
1777569032.543792873,1,0,0.01
1777569033.564163190,0,0,1.40
1777569033.564163190,1,0,0.01
1777569034.584560618,0,0,1.40
1777569034.584560618,1,0,0.01
1777569035.604017516,0,0,1.40
1777569035.604017516,1,0,0.01
1777569036.624405436,0,0,1.40
1777569036.624405436,1,0,0.01
1777569037.644818108,0,0,1.40
1777569037.644818108,1,0,0.01
1777569038.664867978,0,0,1.40
1777569038.664867978,1,0,0.01
1777569039.684982803,0,0,1.40
1777569039.684982803,1,0,0.01
1777569040.704413303,0,0,1.40
1777569040.704413303,1,0,0.01
1777569041.724951058,0,0,1.40
1777569041.724951058,1,0,0.01
1777569042.744455802,0,0,1.40
1777569042.744455802,1,0,0.01
1777569043.764478685,0,0,1.40
1777569043.764478685,1,0,0.01
1777569044.786367529,0,0,1.40
1777569044.786367529,1,0,0.01
1777569045.807981298,0,0,1.40
1777569045.807981298,1,0,0.01
1777569046.827796276,0,0,1.40
1777569046.827796276,1,0,0.01
1777569047.847642089,0,0,1.40
1777569047.847642089,1,0,0.01
1777569048.867076239,0,0,1.40
1777569048.867076239,1,0,0.01
1777569049.886598294,0,0,1.40
1777569049.886598294,1,0,0.01
1777569050.906541902,0,0,1.40
1777569050.906541902,1,0,0.01
1777569051.926392603,0,0,1.40
1777569051.926392603,1,0,0.01
1777569052.946068644,0,0,1.40
1777569052.946068644,1,0,0.01
1777569053.965774443,0,0,1.40
1777569053.965774443,1,0,0.01
1777569054.986504209,0,0,1.40
1777569054.986504209,1,0,0.01
1777569056.005958930,0,0,1.40
1777569056.005958930,1,0,0.01
1777569057.026509448,0,0,1.40
1777569057.026509448,1,0,0.01
1777569058.046211139,0,0,1.40
1777569058.046211139,1,0,0.01
1777569059.065755023,0,0,1.40
1777569059.065755023,1,0,0.01
1777569060.086526005,0,0,1.40
1777569060.086526005,1,0,0.01
1777569061.106129989,0,0,1.40
1777569061.106129989,1,0,0.01
1777569062.125334338,0,0,1.40
1777569062.125334338,1,0,0.01
1777569063.145539160,0,0,1.40
1777569063.145539160,1,0,0.01
1777569064.165236204,0,0,1.40
1777569064.165236204,1,0,0.01
1777569065.184765685,0,0,1.40
1777569065.184765685,1,0,0.01
1777569066.204256216,0,0,1.40
1777569066.204256216,1,0,0.01
1777569067.225188530,0,0,1.40
1777569067.225188530,1,0,0.01
1777569068.245906344,0,0,1.40
1777569068.245906344,1,0,0.01
1777569069.266649561,0,0,1.40
1777569069.266649561,1,0,0.01
1777569070.286496235,0,0,1.40
1777569070.286496235,1,0,0.01
1777569071.306878478,0,0,1.40
1777569071.306878478,1,0,0.01
1777569072.327083279,0,0,1.40
1777569072.327083279,1,0,0.01
1777569073.346840017,0,0,1.40
1777569073.346840017,1,0,0.01
1777569074.366257590,0,0,1.40
1777569074.366257590,1,0,0.01
1777569075.385831553,0,0,1.40
1777569075.385831553,1,0,0.01
1777569076.405511816,0,0,1.40
1777569076.405511816,1,0,0.01
1777569077.425541869,0,0,1.40
1777569077.425541869,1,0,0.01
1777569078.447058280,0,0,1.40
1777569078.447058280,1,0,0.01
1777569079.467025271,0,0,1.40
1777569079.467025271,1,0,0.01
1777569080.486739626,0,0,1.40
1777569080.486739626,1,0,0.01
1777569081.506432795,0,0,1.40
1777569081.506432795,1,0,0.01
1777569082.527747693,0,77,1.40
1777569082.527747693,1,0,0.01
1777569083.550376034,0,76,1.40
1777569083.550376034,1,0,0.01
1777569084.570387216,0,76,1.40
1777569084.570387216,1,0,0.01
1777569085.592001052,0,76,1.40
1777569085.592001052,1,0,0.01
1777569086.612938620,0,0,1.40
1777569086.612938620,1,0,0.01
1777569087.633812961,0,0,1.40
1777569087.633812961,1,0,0.01
1777569088.653868589,0,0,1.40
1777569088.653868589,1,0,0.01
1777569089.673847978,0,0,1.40
1777569089.673847978,1,0,0.01
1777569090.693360026,0,0,1.40
1777569090.693360026,1,0,0.01
1777569091.712817743,0,0,1.40
1777569091.712817743,1,0,0.01
1777569092.733389097,0,0,1.40
1777569092.733389097,1,0,0.01
1777569093.752983759,0,0,1.40
1777569093.752983759,1,0,0.01
1777569094.774185332,0,0,1.40
1777569094.774185332,1,0,0.01
1777569095.795322932,0,0,1.40
1777569095.795322932,1,0,0.01
1777569096.814883813,0,0,1.40
1777569096.814883813,1,0,0.01
1777569097.834765554,0,0,1.40
1777569097.834765554,1,0,0.01
1777569098.854750864,0,0,1.40
1777569098.854750864,1,0,0.01
1777569099.873894411,0,0,1.40
1777569099.873894411,1,0,0.01
1777569100.893824433,0,0,1.40
1777569100.893824433,1,0,0.01
1777569101.914801371,0,0,1.40
1777569101.914801371,1,0,0.01
1777569102.934371213,0,0,1.40
1777569102.934371213,1,0,0.01
1777569103.954655221,0,0,1.40
1777569103.954655221,1,0,0.01
1777569104.974330424,0,0,1.40
1777569104.974330424,1,0,0.01
1777569105.995738776,0,0,1.40
1777569105.995738776,1,0,0.01
1777569107.017617889,0,0,1.40
1777569107.017617889,1,0,0.01
1777569108.038956657,0,0,1.40
1777569108.038956657,1,0,0.01
1777569109.058872503,0,0,1.40
1777569109.058872503,1,0,0.01
1777569110.078906252,0,0,1.40
1777569110.078906252,1,0,0.01
1777569111.099657626,0,0,1.40
1777569111.099657626,1,0,0.01
1777569112.119614700,0,0,1.40
1777569112.119614700,1,0,0.01
1777569113.141289550,0,0,1.40
1777569113.141289550,1,0,0.01
1777569114.161346547,0,0,1.40
1777569114.161346547,1,0,0.01
1777569115.181992714,0,0,1.40
1777569115.181992714,1,0,0.01
1777569116.204152387,0,0,1.40
1777569116.204152387,1,0,0.01
1777569117.225845541,0,0,1.40
1777569117.225845541,1,0,0.01
1777569118.246826117,0,0,1.40
1777569118.246826117,1,0,0.01
1777569119.267996756,0,0,1.40
1777569119.267996756,1,0,0.01
1777569120.289351870,0,0,1.40
1777569120.289351870,1,0,0.01
1777569121.309302758,0,0,1.40
1777569121.309302758,1,0,0.01
1777569122.329719564,0,0,1.40
1777569122.329719564,1,0,0.01
1777569123.350192538,0,0,1.40
1777569123.350192538,1,0,0.01
1777569124.370036490,0,0,1.40
1777569124.370036490,1,0,0.01
1777569125.389547172,0,0,1.40
1777569125.389547172,1,0,0.01
1777569126.410878765,0,0,1.40
1777569126.410878765,1,0,0.01
1777569127.431542334,0,0,1.40
1777569127.431542334,1,0,0.01
1777569128.452578381,0,0,1.40
1777569128.452578381,1,0,0.01
1777569129.473527309,0,0,1.40
1777569129.473527309,1,0,0.01
1777569130.493841348,0,0,1.40
1777569130.493841348,1,0,0.01
1777569131.514857055,0,0,1.40
1777569131.514857055,1,0,0.01
1777569132.535264032,0,0,1.40
1777569132.535264032,1,0,0.01
1777569133.556021268,0,0,1.40
1777569133.556021268,1,0,0.01
1777569134.577014245,0,0,1.40
1777569134.577014245,1,0,0.01
1777569135.598399483,0,0,1.40
1777569135.598399483,1,0,0.01
1777569136.618872761,0,0,1.40
1777569136.618872761,1,0,0.01
1777569137.639740024,0,0,1.40
1777569137.639740024,1,0,0.01
1777569138.660325074,0,0,1.40
1777569138.660325074,1,0,0.01
1777569139.681344083,0,0,1.40
1777569139.681344083,1,0,0.01
1777569140.701646706,0,0,1.40
1777569140.701646706,1,0,0.01
1777569141.722412296,0,0,1.40
1777569141.722412296,1,0,0.01
1777569142.743607502,0,0,1.40
1777569142.743607502,1,0,0.01
1777569143.764897096,0,0,1.40
1777569143.764897096,1,0,0.01
1777569144.785813507,0,0,1.40
1777569144.785813507,1,0,0.01
1777569145.807359966,0,0,1.40
1777569145.807359966,1,0,0.01
1777569146.828795303,0,0,1.40
1777569146.828795303,1,0,0.01
1777569147.849516614,0,0,1.40
1777569147.849516614,1,0,0.01
1777569148.870056385,0,0,1.40
1777569148.870056385,1,0,0.01
1777569149.889881432,0,0,1.40
1777569149.889881432,1,0,0.01
1777569150.909896159,0,0,1.40
1777569150.909896159,1,0,0.01
1777569151.930295211,0,0,1.40
1777569151.930295211,1,0,0.01
1777569152.950022013,0,0,1.40
1777569152.950022013,1,0,0.01
1777569153.970587387,0,0,1.40
1777569153.970587387,1,0,0.01
1777569154.990856315,0,0,1.40
1777569154.990856315,1,0,0.01
1777569156.011151847,0,0,1.40
1777569156.011151847,1,0,0.01
1777569157.031274414,0,0,1.40
1777569157.031274414,1,0,0.01
1777569158.051826151,0,0,1.40
1777569158.051826151,1,0,0.01
1777569159.071490843,0,0,1.40
1777569159.071490843,1,0,0.01
1777569160.091273823,0,0,1.40
1777569160.091273823,1,0,0.01
1777569161.111431023,0,0,1.40
1777569161.111431023,1,0,0.01
1777569162.130970185,0,0,1.40
1777569162.130970185,1,0,0.01
1777569163.151557053,0,0,1.40
1777569163.151557053,1,0,0.01
1777569164.171145178,0,0,1.40
1777569164.171145178,1,0,0.01
1777569165.191540322,0,0,1.40
1777569165.191540322,1,0,0.01
1777569166.211243520,0,0,1.40
1777569166.211243520,1,0,0.01
1777569167.230876906,0,0,1.40
1777569167.230876906,1,0,0.01
1777569168.250858093,0,0,1.40
1777569168.250858093,1,0,0.01
1777569169.271011656,0,0,1.40
1777569169.271011656,1,0,0.01
1777569170.291862163,0,0,1.40
1777569170.291862163,1,0,0.01
1777569171.313004403,0,0,1.40
1777569171.313004403,1,0,0.01
1777569172.333187211,0,0,1.40
1777569172.333187211,1,0,0.01
1777569173.353840626,0,0,1.40
1777569173.353840626,1,0,0.01
1777569174.375293898,0,0,1.40
1777569174.375293898,1,0,0.01
1777569175.395968628,0,0,1.40
1777569175.395968628,1,0,0.01
1777569176.416023950,0,0,1.40
1777569176.416023950,1,0,0.01
1777569177.436069637,0,0,1.40
1777569177.436069637,1,0,0.01
1777569178.457442759,0,0,1.40
1777569178.457442759,1,0,0.01
1777569179.478010162,0,0,1.40
1777569179.478010162,1,0,0.01
1777569180.497723480,0,0,1.40
1777569180.497723480,1,0,0.01
1777569181.522693302,0,0,1.40
1777569181.522693302,1,0,0.01
1777569182.542423559,0,0,1.40
1777569182.542423559,1,0,0.01
1777569183.563142367,0,0,1.40
1777569183.563142367,1,0,0.01
1777569184.583601095,0,0,1.40
1777569184.583601095,1,0,0.01
1777569185.603708668,0,0,1.40
1777569185.603708668,1,0,0.01
1777569186.623605052,0,0,1.40
1777569186.623605052,1,0,0.01
1777569187.643234966,0,0,1.40
1777569187.643234966,1,0,0.01
1777569188.663624696,0,0,1.40
1777569188.663624696,1,0,0.01
1777569189.683234486,0,0,1.40
1777569189.683234486,1,0,0.01
1777569190.703219839,0,0,1.40
1777569190.703219839,1,0,0.01
1777569191.723468541,0,0,1.40
1777569191.723468541,1,0,0.01
1777569192.743279667,0,0,1.40
1777569192.743279667,1,0,0.01
1777569193.764411508,0,0,1.40
1777569193.764411508,1,0,0.01
1777569194.784600816,0,0,1.40
1777569194.784600816,1,0,0.01
1777569195.804877584,0,0,1.40
1777569195.804877584,1,0,0.01
1777569196.825016611,0,0,1.40
1777569196.825016611,1,0,0.01
1777569197.846674283,0,0,1.40
1777569197.846674283,1,0,0.01
1777569198.867052137,0,0,1.40
1777569198.867052137,1,0,0.01
1777569199.886528537,0,0,1.40
1777569199.886528537,1,0,0.01
1777569200.906614386,0,0,1.40
1777569200.906614386,1,0,0.01
1777569201.927206924,0,0,1.40
1777569201.927206924,1,0,0.01
1777569202.949440217,0,0,1.40
1777569202.949440217,1,0,0.01
1777569203.969611175,0,0,1.40
1777569203.969611175,1,0,0.01
1777569204.990004021,0,0,1.40
1777569204.990004021,1,0,0.01
1777569206.010042172,0,0,1.40
1777569206.010042172,1,0,0.01
1777569207.030302512,0,0,1.40
1777569207.030302512,1,0,0.01
1777569208.050300392,0,0,1.40
1777569208.050300392,1,0,0.01
1777569209.069978662,0,0,1.40
1777569209.069978662,1,0,0.01
1777569210.089671395,0,0,1.40
1777569210.089671395,1,0,0.01
1777569211.109421902,0,0,1.40
1777569211.109421902,1,0,0.01
1777569212.129635918,0,0,1.40
1777569212.129635918,1,0,0.01
1777569213.149281983,0,0,1.40
1777569213.149281983,1,0,0.01
1777569214.169324285,0,0,1.40
1777569214.169324285,1,0,0.01
1777569215.190376030,0,0,1.40
1777569215.190376030,1,0,0.01
1777569216.210765418,0,0,1.40
1777569216.210765418,1,0,0.01
1777569217.230693218,0,0,1.40
1777569217.230693218,1,0,0.01
1777569218.250877356,0,0,1.40
1777569218.250877356,1,0,0.01
1777569219.270713857,0,0,1.40
1777569219.270713857,1,0,0.01
1777569220.290423977,0,0,1.40
1777569220.290423977,1,0,0.01
1777569221.310044060,0,0,1.40
1777569221.310044060,1,0,0.01
1777569222.330762933,0,0,1.40
1777569222.330762933,1,0,0.01
1777569223.351675971,0,0,1.40
1777569223.351675971,1,0,0.01
1777569224.372305401,0,0,1.40
1777569224.372305401,1,0,0.01
1777569225.391705891,0,0,1.40
1777569225.391705891,1,0,0.01
1777569226.412227305,0,0,1.40
1777569226.412227305,1,0,0.01
1777569227.432186384,0,0,1.40
1777569227.432186384,1,0,0.01
1777569228.451680311,0,0,1.40
1777569228.451680311,1,0,0.01
1777569229.472358359,0,0,1.40
1777569229.472358359,1,0,0.01
1777569230.493383951,0,0,1.40
1777569230.493383951,1,0,0.01
1777569231.514446233,0,0,1.40
1777569231.514446233,1,0,0.01
1777569232.534784718,0,0,1.40
1777569232.534784718,1,0,0.01
1777569233.554744402,0,0,1.40
1777569233.554744402,1,0,0.01
1777569234.574310742,0,0,1.40
1777569234.574310742,1,0,0.01
1777569235.593701114,0,0,1.40
1777569235.593701114,1,0,0.01
1777569236.612894008,0,0,1.40
1777569236.612894008,1,0,0.01
1777569237.633096845,0,0,1.40
1777569237.633096845,1,0,0.01
1777569238.652633100,0,0,1.40
1777569238.652633100,1,0,0.01
1777569239.672856791,0,0,1.40
1777569239.672856791,1,0,0.01
1777569240.692263529,0,0,1.40
1777569240.692263529,1,0,0.01
1777569241.711817817,0,0,1.40
1777569241.711817817,1,0,0.01
1777569242.731190750,0,0,1.40
1777569242.731190750,1,0,0.01
1777569243.751478663,0,0,1.40
1777569243.751478663,1,0,0.01
1777569244.771591926,0,0,1.40
1777569244.771591926,1,0,0.01
1777569245.791895384,0,0,1.40
1777569245.791895384,1,0,0.01
1777569246.811469953,0,0,1.40
1777569246.811469953,1,0,0.01
1777569247.830640008,0,0,1.40
1777569247.830640008,1,0,0.01
1777569248.850516863,0,0,1.40
1777569248.850516863,1,0,0.01
1777569249.871016387,0,0,1.40
1777569249.871016387,1,0,0.01
1777569250.892808998,0,0,1.40
1777569250.892808998,1,0,0.01
1777569251.914390205,0,0,1.40
1777569251.914390205,1,0,0.01
1777569252.934716497,0,0,1.40
1777569252.934716497,1,0,0.01
1777569253.955538275,0,0,1.40
1777569253.955538275,1,0,0.01
1777569254.975672642,0,0,1.40
1777569254.975672642,1,0,0.01
1777569255.995923812,0,0,1.40
1777569255.995923812,1,0,0.01
1777569257.015866377,0,0,1.40
1777569257.015866377,1,0,0.01
1777569258.035677956,0,0,1.40
1777569258.035677956,1,0,0.01
1777569259.055117293,0,0,1.40
1777569259.055117293,1,0,0.01
1777569260.075547459,0,0,1.40
1777569260.075547459,1,0,0.01
1777569261.095086611,0,0,1.40
1777569261.095086611,1,0,0.01
1777569262.116433465,0,0,1.40
1777569262.116433465,1,0,0.01
1777569263.137232420,0,0,1.40
1777569263.137232420,1,0,0.01
1777569264.158062078,0,0,1.40
1777569264.158062078,1,0,0.01
1777569265.179756655,0,0,1.40
1777569265.179756655,1,0,0.01
1777569266.199496125,0,0,1.40
1777569266.199496125,1,0,0.01
1777569267.220617682,0,0,1.40
1777569267.220617682,1,0,0.01
1777569268.241010851,0,0,1.40
1777569268.241010851,1,0,0.01
1777569269.261221740,0,0,1.40
1777569269.261221740,1,0,0.01
1777569270.281061870,0,0,1.40
1777569270.281061870,1,0,0.01
1777569271.300803729,0,0,1.40
1777569271.300803729,1,0,0.01
1777569272.320690981,0,0,1.40
1777569272.320690981,1,0,0.01
1777569273.340347972,0,0,1.40
1777569273.340347972,1,0,0.01
1777569274.360611472,0,0,1.40
1777569274.360611472,1,0,0.01
1777569275.380871583,0,0,1.40
1777569275.380871583,1,0,0.01
1777569276.401433282,0,0,1.40
1777569276.401433282,1,0,0.01
1777569277.421170342,0,0,1.40
1777569277.421170342,1,0,0.01
1777569278.440754513,0,0,1.40
1777569278.440754513,1,0,0.01
1777569279.460561974,0,0,1.40
1777569279.460561974,1,0,0.01
1777569280.480531927,0,0,1.40
1777569280.480531927,1,0,0.01
1777569281.500650978,0,0,1.40
1777569281.500650978,1,0,0.01
1777569282.520466933,0,0,1.40
1777569282.520466933,1,0,0.01
1777569283.541253965,0,0,1.40
1777569283.541253965,1,0,0.01
1777569284.561727108,0,0,1.40
1777569284.561727108,1,0,0.01
1777569285.581878293,0,0,1.40
1777569285.581878293,1,0,0.01
1777569286.601518904,0,0,1.40
1777569286.601518904,1,0,0.01
1777569287.622487991,0,0,1.40
1777569287.622487991,1,0,0.01
1777569288.642707249,0,0,1.40
1777569288.642707249,1,0,0.01
1777569289.662555487,0,0,1.40
1777569289.662555487,1,0,0.01
1777569290.683045026,0,0,1.40
1777569290.683045026,1,0,0.01
1777569291.704438019,0,0,1.40
1777569291.704438019,1,0,0.01
1777569292.726498856,0,0,1.40
1777569292.726498856,1,0,0.01
1777569293.746532155,0,0,1.40
1777569293.746532155,1,0,0.01
1777569294.765992867,0,0,1.40
1777569294.765992867,1,0,0.01
1777569295.785825197,0,0,1.40
1777569295.785825197,1,0,0.01
1777569296.805444682,0,0,1.40
1777569296.805444682,1,0,0.01
1777569297.825181009,0,0,1.40
1777569297.825181009,1,0,0.01
1777569298.844852033,0,0,1.40
1777569298.844852033,1,0,0.01
1777569299.864418849,0,0,1.40
1777569299.864418849,1,0,0.01
1777569300.885275733,0,0,1.40
1777569300.885275733,1,0,0.01
1777569301.905221200,0,0,1.40
1777569301.905221200,1,0,0.01
1777569302.925384924,0,0,1.40
1777569302.925384924,1,0,0.01
1777569303.945124424,0,0,1.40
1777569303.945124424,1,0,0.01
1777569304.965401304,0,0,1.40
1777569304.965401304,1,0,0.01
1777569305.986457729,0,0,1.40
1777569305.986457729,1,0,0.01
1777569307.006254276,0,0,1.40
1777569307.006254276,1,0,0.01
1777569308.026281236,0,0,1.40
1777569308.026281236,1,0,0.01
1777569309.046390874,0,0,1.40
1777569309.046390874,1,0,0.01
1777569310.066300164,0,0,1.40
1777569310.066300164,1,0,0.01
1777569311.086567784,0,0,1.40
1777569311.086567784,1,0,0.01
1777569312.106576868,0,0,1.40
1777569312.106576868,1,0,0.01
1777569313.126377879,0,0,1.40
1777569313.126377879,1,0,0.01
1777569314.146504833,0,0,1.40
1777569314.146504833,1,0,0.01
1777569315.166821376,0,0,1.40
1777569315.166821376,1,0,0.01
1777569316.186175073,0,0,1.40
1777569316.186175073,1,0,0.01
1777569317.206392598,0,0,1.40
1777569317.206392598,1,0,0.01
1777569318.226359331,0,0,1.40
1777569318.226359331,1,0,0.01
1777569319.246021666,0,0,1.40
1777569319.246021666,1,0,0.01
1777569320.268175436,0,0,1.40
1777569320.268175436,1,0,0.01
1777569321.288914491,0,0,1.40
1777569321.288914491,1,0,0.01
1777569322.309679022,0,0,1.40
1777569322.309679022,1,0,0.01
1777569323.329788482,0,0,1.40
1777569323.329788482,1,0,0.01
1777569324.350292387,0,0,1.40
1777569324.350292387,1,0,0.01
1777569325.370956693,0,0,1.40
1777569325.370956693,1,0,0.01
1777569326.391192588,0,0,1.40
1777569326.391192588,1,0,0.01
1777569327.413700376,0,0,1.40
1777569327.413700376,1,0,0.01
1777569328.435757866,0,0,1.40
1777569328.435757866,1,0,0.01
1777569329.457434833,0,0,1.40
1777569329.457434833,1,0,0.01
1777569330.477488773,0,0,1.40
1777569330.477488773,1,0,0.01
1777569331.497634399,0,0,1.40
1777569331.497634399,1,0,0.01
1777569332.517017957,0,0,1.40
1777569332.517017957,1,0,0.01
1777569333.537210593,0,0,1.40
1777569333.537210593,1,0,0.01
1777569334.557255109,0,0,1.40
1777569334.557255109,1,0,0.01
1777569335.576716567,0,0,1.40
1777569335.576716567,1,0,0.01
1777569336.596492016,0,0,1.40
1777569336.596492016,1,0,0.01
1777569337.616381388,0,0,1.40
1777569337.616381388,1,0,0.01
1777569338.635625539,0,0,1.40
1777569338.635625539,1,0,0.01
1777569339.656681243,0,0,1.40
1777569339.656681243,1,0,0.01
1777569340.676697756,0,0,1.40
1777569340.676697756,1,0,0.01
1777569341.696653173,0,0,1.40
1777569341.696653173,1,0,0.01
1777569342.716358812,0,0,1.40
1777569342.716358812,1,0,0.01
1777569343.736549609,0,0,1.40
1777569343.736549609,1,0,0.01
1777569344.758570466,0,0,1.40
1777569344.758570466,1,0,0.01
1777569345.778546799,0,0,1.40
1777569345.778546799,1,0,0.01
1777569346.798620735,0,0,1.40
1777569346.798620735,1,0,0.01
1777569347.818545083,0,0,1.40
1777569347.818545083,1,0,0.01
1777569348.839606463,0,0,1.40
1777569348.839606463,1,0,0.01
1777569349.860480283,0,0,1.40
1777569349.860480283,1,0,0.01
1777569350.881305960,0,0,1.40
1777569350.881305960,1,0,0.01
1777569351.901600000,0,0,1.40
1777569351.901600000,1,0,0.01
1777569352.922087247,0,0,1.40
1777569352.922087247,1,0,0.01
1777569353.942228876,0,0,1.40
1777569353.942228876,1,0,0.01
1777569354.963717566,0,0,1.40
1777569354.963717566,1,0,0.01
1777569355.985398989,0,0,1.40
1777569355.985398989,1,0,0.01
1777569357.004718283,0,0,1.40
1777569357.004718283,1,0,0.01
1777569358.025272111,0,0,1.40
1777569358.025272111,1,0,0.01
1777569359.045215970,0,0,1.40
1777569359.045215970,1,0,0.01
1777569360.065233130,0,0,1.40
1777569360.065233130,1,0,0.01
1777569361.084810130,0,0,1.40
1777569361.084810130,1,0,0.01
1777569362.104646916,0,0,1.40
1777569362.104646916,1,0,0.01
1777569363.124074792,0,0,1.40
1777569363.124074792,1,0,0.01
1777569364.144555481,0,0,1.40
1777569364.144555481,1,0,0.01
1777569365.164723296,0,0,1.40
1777569365.164723296,1,0,0.01
1777569366.183908484,0,0,1.40
1777569366.183908484,1,0,0.01
1777569367.203001364,0,0,1.40
1777569367.203001364,1,0,0.01
1777569368.223079333,0,0,1.40
1777569368.223079333,1,0,0.01
1777569369.243487277,0,0,1.40
1777569369.243487277,1,0,0.01
1777569370.263415638,0,0,1.40
1777569370.263415638,1,0,0.01
1777569371.283333099,0,0,1.40
1777569371.283333099,1,0,0.01
1777569372.302890999,0,0,1.40
1777569372.302890999,1,0,0.01
1777569373.324408807,0,0,1.40
1777569373.324408807,1,0,0.01
1777569374.344390037,0,0,1.40
1777569374.344390037,1,0,0.01
1777569375.365023432,0,0,1.40
1777569375.365023432,1,0,0.01
1777569376.385218703,0,0,1.40
1777569376.385218703,1,0,0.01
1777569377.405850194,0,0,1.40
1777569377.405850194,1,0,0.01
1777569378.426518315,0,0,1.40
1777569378.426518315,1,0,0.01
1777569379.446796482,0,0,1.40
1777569379.446796482,1,0,0.01
1777569380.466733745,0,0,1.40
1777569380.466733745,1,0,0.01
1777569381.486144074,0,0,1.40
1777569381.486144074,1,0,0.01
1777569382.507397307,0,0,1.40
1777569382.507397307,1,0,0.01
1777569383.527291839,0,0,1.40
1777569383.527291839,1,0,0.01
1777569384.546641891,0,0,1.40
1777569384.546641891,1,0,0.01
1777569385.566430909,0,0,1.40
1777569385.566430909,1,0,0.01
1777569386.588331475,0,0,1.40
1777569386.588331475,1,0,0.01
1777569387.609335095,0,0,1.40
1777569387.609335095,1,0,0.01
1777569388.629833131,0,0,1.40
1777569388.629833131,1,0,0.01
1777569389.650029424,0,0,1.40
1777569389.650029424,1,0,0.01
1777569390.669710581,0,0,1.40
1777569390.669710581,1,0,0.01
1777569391.690067227,0,0,1.40
1777569391.690067227,1,0,0.01
1777569392.711032056,0,0,1.40
1777569392.711032056,1,0,0.01
1777569393.733209702,0,0,1.40
1777569393.733209702,1,0,0.01
1777569394.753697517,0,0,1.40
1777569394.753697517,1,0,0.01
1777569395.774068555,0,0,1.40
1777569395.774068555,1,0,0.01
1777569396.794949265,0,0,1.40
1777569396.794949265,1,0,0.01
1777569397.815878966,0,0,1.40
1777569397.815878966,1,0,0.01
1777569398.837723646,0,0,1.40
1777569398.837723646,1,0,0.01
1777569399.859199620,0,0,1.40
1777569399.859199620,1,0,0.01
1777569400.880100359,0,0,1.40
1777569400.880100359,1,0,0.01
1777569401.900822567,0,0,1.40
1777569401.900822567,1,0,0.01
1777569402.922843985,0,0,1.40
1777569402.922843985,1,0,0.01
1777569403.941910398,0,0,1.40
1777569403.941910398,1,0,0.01
1777569404.961149741,0,0,1.40
1777569404.961149741,1,0,0.01
1777569405.980800345,0,0,1.40
1777569405.980800345,1,0,0.01
1777569407.001035354,0,0,1.40
1777569407.001035354,1,0,0.01
1777569408.021827069,0,0,1.40
1777569408.021827069,1,0,0.01
1777569409.042939392,0,0,1.40
1777569409.042939392,1,0,0.01
1777569410.064054294,0,0,1.40
1777569410.064054294,1,0,0.01
1777569411.084350571,0,0,1.40
1777569411.084350571,1,0,0.01
1777569412.104240831,0,0,1.40
1777569412.104240831,1,0,0.01
1777569413.123842065,0,0,1.40
1777569413.123842065,1,0,0.01
1777569414.144342017,0,0,1.40
1777569414.144342017,1,0,0.01
1777569415.166152437,0,0,1.40
1777569415.166152437,1,0,0.01
1777569416.188445050,0,0,1.40
1777569416.188445050,1,0,0.01
1777569417.209126874,0,0,1.40
1777569417.209126874,1,0,0.01
1777569418.229014284,0,0,1.40
1777569418.229014284,1,0,0.01
1777569419.249395820,0,0,1.40
1777569419.249395820,1,0,0.01
1777569420.269691907,0,0,1.40
1777569420.269691907,1,0,0.01
1777569421.290065947,0,0,1.40
1777569421.290065947,1,0,0.01
1777569422.310078007,0,0,1.40
1777569422.310078007,1,0,0.01
1777569423.330505207,0,0,1.40
1777569423.330505207,1,0,0.01
1777569424.350356180,0,0,1.40
1777569424.350356180,1,0,0.01
1777569425.370413168,0,0,1.40
1777569425.370413168,1,0,0.01
1777569426.390042081,0,0,1.40
1777569426.390042081,1,0,0.01
1777569427.409823750,0,0,1.40
1777569427.409823750,1,0,0.01
1777569428.429734802,0,0,1.40
1777569428.429734802,1,0,0.01
1777569429.450296931,0,0,1.40
1777569429.450296931,1,0,0.01
1777569430.472095334,0,0,1.40
1777569430.472095334,1,0,0.01
1777569431.491951664,0,0,1.40
1777569431.491951664,1,0,0.01
1777569432.511990664,0,0,1.40
1777569432.511990664,1,0,0.01
1777569433.533989869,0,0,1.40
1777569433.533989869,1,0,0.01
1777569434.555806603,0,0,1.40
1777569434.555806603,1,0,0.01
1777569435.575765198,0,0,1.40
1777569435.575765198,1,0,0.01
1777569436.595892010,0,0,1.40
1777569436.595892010,1,0,0.01
1777569437.617061972,0,0,1.40
1777569437.617061972,1,0,0.01
1777569438.637139454,0,0,1.40
1777569438.637139454,1,0,0.01
1777569439.656506328,0,0,1.40
1777569439.656506328,1,0,0.01
1777569440.678401046,0,0,1.40
1777569440.678401046,1,0,0.01
1777569441.699145923,0,0,1.40
1777569441.699145923,1,0,0.01
1777569442.720049435,0,0,1.40
1777569442.720049435,1,0,0.01
1777569443.741928786,0,0,1.40
1777569443.741928786,1,0,0.01
1777569444.763044452,0,0,1.40
1777569444.763044452,1,0,0.01
1777569445.784857485,0,0,1.40
1777569445.784857485,1,0,0.01
1777569446.805653869,0,0,1.40
1777569446.805653869,1,0,0.01
1777569447.825541713,0,0,1.40
1777569447.825541713,1,0,0.01
1777569448.845339442,0,0,1.40
1777569448.845339442,1,0,0.01
1777569449.865833355,0,0,1.40
1777569449.865833355,1,0,0.01
1777569450.886748955,0,0,1.40
1777569450.886748955,1,0,0.01
1777569451.906354318,0,0,1.40
1777569451.906354318,1,0,0.01
1777569452.926015995,0,0,1.40
1777569452.926015995,1,0,0.01
1777569453.947476600,0,0,1.40
1777569453.947476600,1,0,0.01
1777569454.968508734,0,0,1.40
1777569454.968508734,1,0,0.01
1777569455.989279921,0,0,1.40
1777569455.989279921,1,0,0.01
1777569457.009423441,0,0,1.40
1777569457.009423441,1,0,0.01
1777569458.029238930,0,0,1.40
1777569458.029238930,1,0,0.01
1777569459.048982202,0,0,1.40
1777569459.048982202,1,0,0.01
1777569460.069467082,0,0,1.40
1777569460.069467082,1,0,0.01
1777569461.088937727,0,0,1.40
1777569461.088937727,1,0,0.01
1777569462.109299467,0,0,1.40
1777569462.109299467,1,0,0.01
1777569463.130523985,0,0,1.40
1777569463.130523985,1,0,0.01
1777569464.150957999,0,0,1.40
1777569464.150957999,1,0,0.01
1777569465.170891869,0,0,1.40
1777569465.170891869,1,0,0.01
1777569466.191094394,0,0,1.40
1777569466.191094394,1,0,0.01
1777569467.212634675,0,0,1.40
1777569467.212634675,1,0,0.01
1777569468.233489894,0,0,1.40
1777569468.233489894,1,0,0.01
1777569469.254115703,0,0,1.40
1777569469.254115703,1,0,0.01
1777569470.274824032,0,0,1.40
1777569470.274824032,1,0,0.01
1777569471.295247741,0,0,1.40
1777569471.295247741,1,0,0.01
1777569472.316164082,0,0,1.40
1777569472.316164082,1,0,0.01
1777569473.335820165,0,0,1.40
1777569473.335820165,1,0,0.01
1777569474.356294595,0,0,1.40
1777569474.356294595,1,0,0.01
1777569475.376481957,0,0,1.40
1777569475.376481957,1,0,0.01
1777569476.396866369,0,0,1.40
1777569476.396866369,1,0,0.01
1777569477.416395949,0,0,1.40
1777569477.416395949,1,0,0.01
1777569478.436535689,0,0,1.40
1777569478.436535689,1,0,0.01
1777569479.455817048,0,0,1.40
1777569479.455817048,1,0,0.01
1777569480.475250821,0,0,1.40
1777569480.475250821,1,0,0.01
1777569481.494827882,0,0,1.40
1777569481.494827882,1,0,0.01
1777569482.515418282,0,0,1.40
1777569482.515418282,1,0,0.01
1777569483.536393637,0,0,1.40
1777569483.536393637,1,0,0.01
1777569484.556121506,0,0,1.40
1777569484.556121506,1,0,0.01
1777569485.577213089,0,0,1.40
1777569485.577213089,1,0,0.01
1777569486.596763457,0,0,1.40
1777569486.596763457,1,0,0.01
1777569487.616610117,0,0,1.40
1777569487.616610117,1,0,0.01
1777569488.636351290,0,0,1.40
1777569488.636351290,1,0,0.01
1777569489.656765826,0,0,1.40
1777569489.656765826,1,0,0.01
1777569490.676394941,0,0,1.40
1777569490.676394941,1,0,0.01
1777569491.696513748,0,0,1.40
1777569491.696513748,1,0,0.01
1777569492.717159044,0,0,1.40
1777569492.717159044,1,0,0.01
1777569493.738316885,0,0,1.40
1777569493.738316885,1,0,0.01
1777569494.757725391,0,0,1.40
1777569494.757725391,1,0,0.01
1777569495.777337929,0,0,1.40
1777569495.777337929,1,0,0.01
1777569496.798663237,0,0,1.40
1777569496.798663237,1,0,0.01
1777569497.819238000,0,0,1.40
1777569497.819238000,1,0,0.01
1777569498.838731063,0,0,1.40
1777569498.838731063,1,0,0.01
1777569499.859314812,0,0,1.40
1777569499.859314812,1,0,0.01
1777569500.879273365,0,0,1.40
1777569500.879273365,1,0,0.01
1777569501.899069864,0,0,1.40
1777569501.899069864,1,0,0.01
1777569502.918987836,0,0,1.40
1777569502.918987836,1,0,0.01
1777569503.940908059,0,0,1.40
1777569503.940908059,1,0,0.01
1777569504.962560294,0,0,1.40
1777569504.962560294,1,0,0.01
1777569505.982711996,0,0,1.40
1777569505.982711996,1,0,0.01
1777569507.002422754,0,0,1.40
1777569507.002422754,1,0,0.01
1777569508.022759773,0,0,1.40
1777569508.022759773,1,0,0.01
1777569509.042636458,0,0,1.40
1777569509.042636458,1,0,0.01
1777569510.062039641,0,0,1.40
1777569510.062039641,1,0,0.01
1777569511.081804160,0,0,1.40
1777569511.081804160,1,0,0.01
1777569512.101677061,0,0,1.40
1777569512.101677061,1,0,0.01
1777569513.121412518,0,0,1.40
1777569513.121412518,1,0,0.01
1777569514.141868058,0,0,1.40
1777569514.141868058,1,0,0.01
1777569515.161766559,0,0,1.40
1777569515.161766559,1,0,0.01
1777569516.180966684,0,0,1.40
1777569516.180966684,1,0,0.01
1777569517.200146154,0,0,1.40
1777569517.200146154,1,0,0.01
1777569518.220841045,0,0,1.40
1777569518.220841045,1,0,0.01
1777569519.241188515,0,0,1.40
1777569519.241188515,1,0,0.01
1777569520.261029900,0,0,1.40
1777569520.261029900,1,0,0.01
1777569521.280751818,0,0,1.40
1777569521.280751818,1,0,0.01
1777569522.300449635,0,0,1.40
1777569522.300449635,1,0,0.01
1777569523.320486347,0,0,1.40
1777569523.320486347,1,0,0.01
1777569524.340121728,0,0,1.40
1777569524.340121728,1,0,0.01
1777569525.360595755,0,0,1.40
1777569525.360595755,1,0,0.01
1777569526.380339926,0,0,1.40
1777569526.380339926,1,0,0.01
1777569527.400068022,0,0,1.40
1777569527.400068022,1,0,0.01
1777569528.420212932,0,0,1.40
1777569528.420212932,1,0,0.01
1777569529.439992769,0,0,1.40
1777569529.439992769,1,0,0.01
1777569530.460553810,0,0,1.40
1777569530.460553810,1,0,0.01
1777569531.480524287,0,0,1.40
1777569531.480524287,1,0,0.01
1777569532.501503418,0,0,1.40
1777569532.501503418,1,0,0.01
1777569533.521405703,0,0,1.40
1777569533.521405703,1,0,0.01
1777569534.540903416,0,0,1.40
1777569534.540903416,1,0,0.01
1777569535.560593737,0,0,1.40
1777569535.560593737,1,0,0.01
1777569536.581164795,0,0,1.40
1777569536.581164795,1,0,0.01
1777569537.601408289,0,0,1.40
1777569537.601408289,1,0,0.01
1777569538.621665970,0,0,1.40
1777569538.621665970,1,0,0.01
1777569539.641707875,0,0,1.40
1777569539.641707875,1,0,0.01
1777569540.660969214,0,0,1.40
1777569540.660969214,1,0,0.01
1777569541.680067879,0,0,1.40
1777569541.680067879,1,0,0.01
1777569542.700905900,0,0,1.40
1777569542.700905900,1,0,0.01
1777569543.721245131,0,0,1.40
1777569543.721245131,1,0,0.01
1777569544.740796717,0,0,1.40
1777569544.740796717,1,0,0.01
1777569545.761209393,0,0,1.40
1777569545.761209393,1,0,0.01
1777569546.781634494,0,0,1.40
1777569546.781634494,1,0,0.01
1777569547.801394339,0,0,1.40
1777569547.801394339,1,0,0.01
1777569548.821145450,0,0,1.40
1777569548.821145450,1,0,0.01
1777569549.840844513,0,0,1.40
1777569549.840844513,1,0,0.01
1777569550.859903678,0,0,1.40
1777569550.859903678,1,0,0.01
1777569551.880160865,0,0,1.40
1777569551.880160865,1,0,0.01
1777569552.901121493,0,0,1.40
1777569552.901121493,1,0,0.01
1777569553.921910490,0,0,1.40
1777569553.921910490,1,0,0.01
1777569554.941869329,0,0,1.40
1777569554.941869329,1,0,0.01
1777569555.962698575,0,0,1.40
1777569555.962698575,1,0,0.01
1777569556.982294731,0,0,1.40
1777569556.982294731,1,0,0.01
1777569558.001948019,0,0,1.40
1777569558.001948019,1,0,0.01
1777569559.021455963,0,0,1.40
1777569559.021455963,1,0,0.01
1777569560.042177147,0,0,1.40
1777569560.042177147,1,0,0.01
1777569561.061942361,0,0,1.40
1777569561.061942361,1,0,0.01
1777569562.083365461,0,0,1.40
1777569562.083365461,1,0,0.01
1777569563.103234401,0,0,1.40
1777569563.103234401,1,0,0.01
1777569564.123005276,0,0,1.40
1777569564.123005276,1,0,0.01
1777569565.144646197,0,0,1.40
1777569565.144646197,1,0,0.01
1777569566.166006168,0,0,1.40
1777569566.166006168,1,0,0.01
1777569567.186030011,0,0,1.40
1777569567.186030011,1,0,0.01
1777569568.205756768,0,0,1.40
1777569568.205756768,1,0,0.01
1777569569.227928040,0,0,1.40
1777569569.227928040,1,0,0.01
1777569570.248873080,0,0,1.40
1777569570.248873080,1,0,0.01
1777569571.269046676,0,0,1.40
1777569571.269046676,1,0,0.01
1777569572.288932584,0,0,1.40
1777569572.288932584,1,0,0.01
1777569573.309841254,0,0,1.40
1777569573.309841254,1,0,0.01
1777569574.329182639,0,0,1.40
1777569574.329182639,1,0,0.01
1777569575.349914807,0,0,1.40
1777569575.349914807,1,0,0.01
1777569576.370415234,0,0,1.40
1777569576.370415234,1,0,0.01
1777569577.389884911,0,0,1.40
1777569577.389884911,1,0,0.01
1777569578.409919033,0,0,1.40
1777569578.409919033,1,0,0.01
1777569579.429893098,0,0,1.40
1777569579.429893098,1,0,0.01
1777569580.450660016,0,0,1.40
1777569580.450660016,1,0,0.01
1777569581.470716164,0,0,1.40
1777569581.470716164,1,0,0.01
1777569582.491371929,0,0,1.40
1777569582.491371929,1,0,0.01
1777569583.511181262,0,0,1.40
1777569583.511181262,1,0,0.01
1777569584.530822107,0,0,1.40
1777569584.530822107,1,0,0.01
1777569585.551269701,0,0,1.40
1777569585.551269701,1,0,0.01
1777569586.571090776,0,0,1.40
1777569586.571090776,1,0,0.01
1777569587.590824690,0,0,1.40
1777569587.590824690,1,0,0.01
1777569588.610562263,0,0,1.40
1777569588.610562263,1,0,0.01
1777569589.631262056,0,0,1.40
1777569589.631262056,1,0,0.01
1777569590.651785407,0,0,1.40
1777569590.651785407,1,0,0.01
1777569591.672538658,0,0,1.40
1777569591.672538658,1,0,0.01
1777569592.693856832,0,0,1.40
1777569592.693856832,1,0,0.01
1777569593.714942248,0,0,1.40
1777569593.714942248,1,0,0.01
1777569594.734429652,0,0,1.40
1777569594.734429652,1,0,0.01
1777569595.755269951,0,0,1.40
1777569595.755269951,1,0,0.01
1777569596.775173940,0,0,1.40
1777569596.775173940,1,0,0.01
1777569597.795499281,0,0,1.40
1777569597.795499281,1,0,0.01
1777569598.815429932,0,0,1.40
1777569598.815429932,1,0,0.01
1777569599.836034566,0,0,1.40
1777569599.836034566,1,0,0.01
1777569600.858302818,0,0,1.40
1777569600.858302818,1,0,0.01
1777569601.879206701,0,0,1.40
1777569601.879206701,1,0,0.01
1777569602.898969780,0,0,1.40
1777569602.898969780,1,0,0.01
1777569603.918594098,0,0,1.40
1777569603.918594098,1,0,0.01
1777569604.939163658,0,0,1.40
1777569604.939163658,1,0,0.01
1777569605.958865837,0,0,1.40
1777569605.958865837,1,0,0.01
1777569606.980169517,0,0,1.40
1777569606.980169517,1,0,0.01
1777569608.002287637,0,0,1.40
1777569608.002287637,1,0,0.01
1777569609.023736132,0,0,1.40
1777569609.023736132,1,0,0.01
1777569610.043568041,0,0,1.40
1777569610.043568041,1,0,0.01
1777569611.064474818,0,0,1.40
1777569611.064474818,1,0,0.01
1777569612.084312145,0,0,1.40
1777569612.084312145,1,0,0.01
1777569613.104197824,0,0,1.40
1777569613.104197824,1,0,0.01
1777569614.125463923,0,0,1.40
1777569614.125463923,1,0,0.01
1777569615.145259512,0,0,1.40
1777569615.145259512,1,0,0.01
1777569616.165293798,0,0,1.40
1777569616.165293798,1,0,0.01
1777569617.184849782,0,0,1.40
1777569617.184849782,1,0,0.01
1777569618.205503283,0,0,1.40
1777569618.205503283,1,0,0.01
1777569619.225600525,0,0,1.40
1777569619.225600525,1,0,0.01
1777569620.245602661,0,0,1.40
1777569620.245602661,1,0,0.01
1777569621.265261127,0,0,1.40
1777569621.265261127,1,0,0.01
1777569622.286724352,0,0,1.40
1777569622.286724352,1,0,0.01
1777569623.306821665,0,0,1.40
1777569623.306821665,1,0,0.01
1777569624.326755867,0,0,1.40
1777569624.326755867,1,0,0.01
1777569625.346305877,0,0,1.40
1777569625.346305877,1,0,0.01
1777569626.365702948,0,0,1.40
1777569626.365702948,1,0,0.01
1777569627.385505766,0,0,1.40
1777569627.385505766,1,0,0.01
1777569628.405437430,0,0,1.40
1777569628.405437430,1,0,0.01
1777569629.425787775,0,0,1.40
1777569629.425787775,1,0,0.01
1777569630.445535801,0,0,1.40
1777569630.445535801,1,0,0.01
1777569631.465838989,0,0,1.40
1777569631.465838989,1,0,0.01
1777569632.486727740,0,0,1.40
1777569632.486727740,1,0,0.01
1777569633.505940292,0,0,1.40
1777569633.505940292,1,0,0.01
1777569634.527417772,0,0,1.40
1777569634.527417772,1,0,0.01
1777569635.548622401,0,0,1.40
1777569635.548622401,1,0,0.01
1777569636.568774990,0,0,1.40
1777569636.568774990,1,0,0.01
1777569637.588532027,0,0,1.40
1777569637.588532027,1,0,0.01
1777569638.609488001,0,0,1.40
1777569638.609488001,1,0,0.01
1777569639.629197920,0,0,1.40
1777569639.629197920,1,0,0.01
1777569640.650093415,0,0,1.40
1777569640.650093415,1,0,0.01
1777569641.670547647,0,0,1.40
1777569641.670547647,1,0,0.01
1777569642.691356838,0,0,1.40
1777569642.691356838,1,0,0.01
1777569643.711214608,0,0,1.40
1777569643.711214608,1,0,0.01
1777569644.731054927,0,0,1.40
1777569644.731054927,1,0,0.01
1777569645.751841261,0,0,1.40
1777569645.751841261,1,0,0.01
1777569646.772934555,0,0,1.40
1777569646.772934555,1,0,0.01
1777569647.792768123,0,0,1.40
1777569647.792768123,1,0,0.01
1777569648.812041966,0,0,1.40
1777569648.812041966,1,0,0.01
1777569649.831363309,0,0,1.40
1777569649.831363309,1,0,0.01
1777569650.851858653,0,0,1.40
1777569650.851858653,1,0,0.01
1777569651.871885472,0,0,1.40
1777569651.871885472,1,0,0.01
1777569652.891998283,0,0,1.40
1777569652.891998283,1,0,0.01
1777569653.911737996,0,0,1.40
1777569653.911737996,1,0,0.01
1777569654.930942637,0,0,1.40
1777569654.930942637,1,0,0.01
1777569655.950526559,0,0,1.40
1777569655.950526559,1,0,0.01
1777569656.971247890,0,0,1.40
1777569656.971247890,1,0,0.01
1777569657.990980309,0,0,1.40
1777569657.990980309,1,0,0.01
1777569659.010676594,0,0,1.40
1777569659.010676594,1,0,0.01
1777569660.030547057,0,0,1.40
1777569660.030547057,1,0,0.01
1777569661.052367854,0,0,1.40
1777569661.052367854,1,0,0.01
1777569662.072067572,0,0,1.40
1777569662.072067572,1,0,0.01
1777569663.092896550,0,0,1.40
1777569663.092896550,1,0,0.01
1777569664.113861556,0,0,1.40
1777569664.113861556,1,0,0.01
1777569665.135274927,0,0,1.40
1777569665.135274927,1,0,0.01
1777569666.155275862,0,0,1.40
1777569666.155275862,1,0,0.01
1777569667.174988931,0,0,1.40
1777569667.174988931,1,0,0.01
1777569668.195477517,0,0,1.40
1777569668.195477517,1,0,0.01
1777569669.215996343,0,0,1.40
1777569669.215996343,1,0,0.01
1777569670.236323398,0,0,1.40
1777569670.236323398,1,0,0.01
1777569671.255838261,0,0,1.40
1777569671.255838261,1,0,0.01
1777569672.275083329,0,0,1.40
1777569672.275083329,1,0,0.01
1777569673.294623396,0,0,1.40
1777569673.294623396,1,0,0.01
1777569674.315526904,0,0,1.40
1777569674.315526904,1,0,0.01
1777569675.335124948,0,0,1.40
1777569675.335124948,1,0,0.01
1777569676.354820306,0,0,1.40
1777569676.354820306,1,0,0.01
1777569677.374201882,0,0,1.40
1777569677.374201882,1,0,0.01
1777569678.393738001,0,0,1.40
1777569678.393738001,1,0,0.01
1777569679.414281602,0,0,1.40
1777569679.414281602,1,0,0.01
1777569680.434249996,0,0,1.40
1777569680.434249996,1,0,0.01
1777569681.454101851,0,0,1.40
1777569681.454101851,1,0,0.01
1777569682.475253424,0,0,1.40
1777569682.475253424,1,0,0.01
1777569683.494832877,0,0,1.40
1777569683.494832877,1,0,0.01
1777569684.515035279,0,0,1.40
1777569684.515035279,1,0,0.01
1777569685.535368319,0,0,1.40
1777569685.535368319,1,0,0.01
1777569686.555878803,0,0,1.40
1777569686.555878803,1,0,0.01
1777569687.575196660,0,0,1.40
1777569687.575196660,1,0,0.01
1777569688.594687620,0,0,1.40
1777569688.594687620,1,0,0.01
1777569689.614036067,0,0,1.40
1777569689.614036067,1,0,0.01
1777569690.633976160,0,0,1.40
1777569690.633976160,1,0,0.01
1777569691.655063101,0,0,1.40
1777569691.655063101,1,0,0.01
1777569692.674730313,0,0,1.40
1777569692.674730313,1,0,0.01
1777569693.694596056,0,0,1.40
1777569693.694596056,1,0,0.01
1777569694.714204553,0,0,1.40
1777569694.714204553,1,0,0.01
1777569695.733773351,0,0,1.40
1777569695.733773351,1,0,0.01
1777569696.753113844,0,0,1.40
1777569696.753113844,1,0,0.01
1777569697.772610999,0,0,1.40
1777569697.772610999,1,0,0.01
1777569698.792127208,0,0,1.40
1777569698.792127208,1,0,0.01
1777569699.811827399,0,0,1.40
1777569699.811827399,1,0,0.01
1777569700.830913990,0,0,1.40
1777569700.830913990,1,0,0.01
1777569701.850568841,0,0,1.40
1777569701.850568841,1,0,0.01
1777569702.870647996,0,0,1.40
1777569702.870647996,1,0,0.01
1777569703.890726081,0,0,1.40
1777569703.890726081,1,0,0.01
1777569704.910836707,0,0,1.40
1777569704.910836707,1,0,0.01
1777569705.932312388,0,0,1.40
1777569705.932312388,1,0,0.01
1777569706.952573166,0,0,1.40
1777569706.952573166,1,0,0.01
1777569707.974545617,0,0,1.40
1777569707.974545617,1,0,0.01
1777569708.994540652,0,0,1.40
1777569708.994540652,1,0,0.01
1777569710.014209253,0,0,1.40
1777569710.014209253,1,0,0.01
1777569711.034432685,0,0,1.40
1777569711.034432685,1,0,0.01
1777569712.055963154,0,0,1.40
1777569712.055963154,1,0,0.01
1777569713.076899315,0,0,1.40
1777569713.076899315,1,0,0.01
1777569714.096456629,0,0,1.40
1777569714.096456629,1,0,0.01
1777569715.117039022,0,0,1.40
1777569715.117039022,1,0,0.01
1777569716.137614163,0,0,1.40
1777569716.137614163,1,0,0.01
1777569717.158673458,0,0,1.40
1777569717.158673458,1,0,0.01
1777569718.178595287,0,0,1.40
1777569718.178595287,1,0,0.01
1777569719.199006040,0,0,1.40
1777569719.199006040,1,0,0.01
1777569720.218406699,0,0,1.40
1777569720.218406699,1,0,0.01
1777569721.238074580,0,0,1.40
1777569721.238074580,1,0,0.01
1777569722.257669325,0,0,1.40
1777569722.257669325,1,0,0.01
1777569723.277841496,0,0,1.40
1777569723.277841496,1,0,0.01
1777569724.298041392,0,0,1.40
1777569724.298041392,1,0,0.01
1777569725.317968664,0,0,1.40
1777569725.317968664,1,0,0.01
1777569726.338993179,0,0,1.40
1777569726.338993179,1,0,0.01
1777569727.359080695,0,0,1.40
1777569727.359080695,1,0,0.01
1777569728.380155009,0,0,1.40
1777569728.380155009,1,0,0.01
1777569729.400014403,0,0,1.40
1777569729.400014403,1,0,0.01
1777569730.420707083,0,0,1.40
1777569730.420707083,1,0,0.01
1777569731.440574144,0,0,1.40
1777569731.440574144,1,0,0.01
1777569732.460521892,0,0,1.40
1777569732.460521892,1,0,0.01
1777569733.480254714,0,0,1.40
1777569733.480254714,1,0,0.01
1777569734.499979648,0,0,1.40
1777569734.499979648,1,0,0.01
1777569735.519930464,0,0,1.40
1777569735.519930464,1,0,0.01
1777569736.539664630,0,0,1.40
1777569736.539664630,1,0,0.01
1777569737.559053960,0,0,1.40
1777569737.559053960,1,0,0.01
1777569738.578528066,0,0,1.40
1777569738.578528066,1,0,0.01
1777569739.598252649,0,0,1.40
1777569739.598252649,1,0,0.01
1777569740.618087274,0,0,1.40
1777569740.618087274,1,0,0.01
1777569741.638083413,0,0,1.40
1777569741.638083413,1,0,0.01
1777569742.659040985,0,0,1.40
1777569742.659040985,1,0,0.01
1777569743.678952638,0,0,1.40
1777569743.678952638,1,0,0.01
1777569744.698456759,0,0,1.40
1777569744.698456759,1,0,0.01
1777569745.718506854,0,0,1.40
1777569745.718506854,1,0,0.01
1777569746.740592000,0,0,1.40
1777569746.740592000,1,0,0.01
1777569747.760737529,0,0,1.40
1777569747.760737529,1,0,0.01
1777569748.781683813,0,0,1.40
1777569748.781683813,1,0,0.01
1777569749.801690534,0,0,1.40
1777569749.801690534,1,0,0.01
1777569750.822572065,0,0,1.40
1777569750.822572065,1,0,0.01
1777569751.841964236,0,0,1.40
1777569751.841964236,1,0,0.01
1777569752.861408663,0,0,1.40
1777569752.861408663,1,0,0.01
1777569753.880963624,0,0,1.40
1777569753.880963624,1,0,0.01
1777569754.900615673,0,0,1.40
1777569754.900615673,1,0,0.01
1777569755.920579347,0,0,1.40
1777569755.920579347,1,0,0.01
1777569756.940273067,0,0,1.40
1777569756.940273067,1,0,0.01
1777569757.960072873,0,0,1.40
1777569757.960072873,1,0,0.01
1777569758.979240642,0,0,1.40
1777569758.979240642,1,0,0.01
1777569759.998613648,0,0,1.40
1777569759.998613648,1,0,0.01
1777569761.019536249,0,0,1.40
1777569761.019536249,1,0,0.01
1777569762.039449755,0,0,1.40
1777569762.039449755,1,0,0.01
1777569763.059394816,0,0,1.40
1777569763.059394816,1,0,0.01
1777569764.079746790,0,0,1.40
1777569764.079746790,1,0,0.01
1777569765.100065721,0,0,1.40
1777569765.100065721,1,0,0.01
1777569766.120575563,0,0,1.40
1777569766.120575563,1,0,0.01
1777569767.139845596,0,0,1.40
1777569767.139845596,1,0,0.01
1777569768.159845749,0,0,1.40
1777569768.159845749,1,0,0.01
1777569769.180336244,0,0,1.40
1777569769.180336244,1,0,0.01
1777569770.200357448,0,0,1.40
1777569770.200357448,1,0,0.01
1777569771.220639020,0,0,1.40
1777569771.220639020,1,0,0.01
1777569772.242046845,0,0,1.40
1777569772.242046845,1,0,0.01
1777569773.263924078,0,0,1.40
1777569773.263924078,1,0,0.01
1777569774.285700335,0,0,1.40
1777569774.285700335,1,0,0.01
1777569775.305487622,0,0,1.40
1777569775.305487622,1,0,0.01
1777569776.326823058,0,0,1.40
1777569776.326823058,1,0,0.01
1777569777.346251901,0,0,1.40
1777569777.346251901,1,0,0.01
1777569778.367878874,0,0,1.40
1777569778.367878874,1,0,0.01
1777569779.388270616,0,0,1.40
1777569779.388270616,1,0,0.01
1777569780.408635724,0,0,1.40
1777569780.408635724,1,0,0.01
1777569781.429850312,0,0,1.40
1777569781.429850312,1,0,0.01
1777569782.454659952,0,0,1.40
1777569782.454659952,1,0,0.01
1777569783.474486646,0,0,1.40
1777569783.474486646,1,0,0.01
1777569784.494378378,0,0,1.40
1777569784.494378378,1,0,0.01
1777569785.514719459,0,0,1.40
1777569785.514719459,1,0,0.01
1777569786.535322486,0,0,1.40
1777569786.535322486,1,0,0.01
1777569787.554972099,0,0,1.40
1777569787.554972099,1,0,0.01
1777569788.575302786,0,0,1.40
1777569788.575302786,1,0,0.01
1777569789.594718695,0,0,1.40
1777569789.594718695,1,0,0.01
1777569790.613867815,0,0,1.40
1777569790.613867815,1,0,0.01
1777569791.633614454,0,0,1.40
1777569791.633614454,1,0,0.01
1777569792.654253310,0,0,1.40
1777569792.654253310,1,0,0.01
1777569793.674371110,0,0,1.40
1777569793.674371110,1,0,0.01
1777569794.693894993,0,0,1.40
1777569794.693894993,1,0,0.01
1777569795.714478278,0,0,1.40
1777569795.714478278,1,0,0.01
1777569796.734870444,0,0,1.40
1777569796.734870444,1,0,0.01
1777569797.755315603,0,0,1.40
1777569797.755315603,1,0,0.01
1777569798.774950313,0,0,1.40
1777569798.774950313,1,0,0.01
1777569799.795360231,0,0,1.40
1777569799.795360231,1,0,0.01
1777569800.815790110,0,0,1.40
1777569800.815790110,1,0,0.01
1777569801.836520149,0,0,1.40
1777569801.836520149,1,0,0.01
1777569802.857614255,0,0,1.40
1777569802.857614255,1,0,0.01
1777569803.877035109,0,0,1.40
1777569803.877035109,1,0,0.01
1777569804.898765129,0,0,1.40
1777569804.898765129,1,0,0.01
1777569805.918189205,0,0,1.40
1777569805.918189205,1,0,0.01
1777569806.937493418,0,0,1.40
1777569806.937493418,1,0,0.01
1777569807.957883167,0,0,1.40
1777569807.957883167,1,0,0.01
1777569808.978349181,0,0,1.40
1777569808.978349181,1,0,0.01
1777569809.998084328,0,0,1.40
1777569809.998084328,1,0,0.01
1777569811.017880075,0,0,1.40
1777569811.017880075,1,0,0.01
1777569812.037830542,0,0,1.40
1777569812.037830542,1,0,0.01
1777569813.059567826,0,0,1.40
1777569813.059567826,1,0,0.01
1777569814.080904524,0,0,1.40
1777569814.080904524,1,0,0.01
1777569815.100836785,0,0,1.40
1777569815.100836785,1,0,0.01
1777569816.121569246,0,0,1.40
1777569816.121569246,1,0,0.01
1777569817.141693976,0,0,1.40
1777569817.141693976,1,0,0.01
1777569818.162609972,0,0,1.40
1777569818.162609972,1,0,0.01
1777569819.183217824,0,0,1.40
1777569819.183217824,1,0,0.01
1777569820.203396879,0,0,1.40
1777569820.203396879,1,0,0.01
1777569821.223344862,0,0,1.40
1777569821.223344862,1,0,0.01
1777569822.242938431,0,0,1.40
1777569822.242938431,1,0,0.01
1777569823.263589579,0,0,1.40
1777569823.263589579,1,0,0.01
1777569824.283834158,0,0,1.40
1777569824.283834158,1,0,0.01
1777569825.303291238,0,0,1.40
1777569825.303291238,1,0,0.01
1777569826.323630943,0,0,1.40
1777569826.323630943,1,0,0.01
1777569827.343216868,0,0,1.40
1777569827.343216868,1,0,0.01
1777569828.363777088,0,0,1.40
1777569828.363777088,1,0,0.01
1777569829.383877486,0,0,1.40
1777569829.383877486,1,0,0.01
1777569830.404190830,0,0,1.40
1777569830.404190830,1,0,0.01
1777569831.424602063,0,0,1.40
1777569831.424602063,1,0,0.01
1777569832.445264250,0,0,1.40
1777569832.445264250,1,0,0.01
1777569833.467261789,0,0,1.40
1777569833.467261789,1,0,0.01
1777569834.486830853,0,0,1.40
1777569834.486830853,1,0,0.01
1777569835.506985721,0,0,1.40
1777569835.506985721,1,0,0.01
1777569836.526531613,0,0,1.40
1777569836.526531613,1,0,0.01
1777569837.546307694,0,0,1.40
1777569837.546307694,1,0,0.01
1777569838.568065219,0,0,1.40
1777569838.568065219,1,0,0.01
1777569839.588351774,0,0,1.40
1777569839.588351774,1,0,0.01
1777569840.608343102,0,0,1.40
1777569840.608343102,1,0,0.01
1777569841.629100825,0,0,1.40
1777569841.629100825,1,0,0.01
1777569842.650071098,0,0,1.40
1777569842.650071098,1,0,0.01
1777569843.670416037,0,0,1.40
1777569843.670416037,1,0,0.01
1777569844.691929937,0,0,1.40
1777569844.691929937,1,0,0.01
1777569845.713234771,0,0,1.40
1777569845.713234771,1,0,0.01
1777569846.732854363,0,0,1.40
1777569846.732854363,1,0,0.01
1777569847.752881861,0,0,1.40
1777569847.752881861,1,0,0.01
1777569848.772052726,0,0,1.40
1777569848.772052726,1,0,0.01
1777569849.792650554,0,0,1.40
1777569849.792650554,1,0,0.01
1777569850.813736473,0,0,1.40
1777569850.813736473,1,0,0.01
1777569851.834158727,0,0,1.40
1777569851.834158727,1,0,0.01
1777569852.855892667,0,0,1.40
1777569852.855892667,1,0,0.01
1777569853.876014507,0,0,1.40
1777569853.876014507,1,0,0.01
1777569854.895444114,0,0,1.40
1777569854.895444114,1,0,0.01
1777569855.915275239,0,0,1.40
1777569855.915275239,1,0,0.01
1777569856.934803155,0,0,1.40
1777569856.934803155,1,0,0.01
1777569857.955076949,0,0,1.40
1777569857.955076949,1,0,0.01
1777569858.974994182,0,0,1.40
1777569858.974994182,1,0,0.01
1777569859.995438321,0,0,1.40
1777569859.995438321,1,0,0.01
1777569861.015894850,0,0,1.40
1777569861.015894850,1,0,0.01
1777569862.035931813,0,0,1.40
1777569862.035931813,1,0,0.01
1777569863.056579289,0,0,1.40
1777569863.056579289,1,0,0.01
1777569864.076473316,0,0,1.40
1777569864.076473316,1,0,0.01
1777569865.096114170,0,0,1.40
1777569865.096114170,1,0,0.01
1777569866.116387130,0,0,1.40
1777569866.116387130,1,0,0.01
1777569867.136039134,0,0,1.40
1777569867.136039134,1,0,0.01
1777569868.155705886,0,0,1.40
1777569868.155705886,1,0,0.01
1777569869.175119734,0,0,1.40
1777569869.175119734,1,0,0.01
1777569870.195102483,0,0,1.40
1777569870.195102483,1,0,0.01
1777569871.214310444,0,0,1.40
1777569871.214310444,1,0,0.01
1777569872.234093538,0,0,1.40
1777569872.234093538,1,0,0.01
1777569873.253422249,0,0,1.40
1777569873.253422249,1,0,0.01
1777569874.273171115,0,0,1.40
1777569874.273171115,1,0,0.01
1777569875.293072689,0,0,1.40
1777569875.293072689,1,0,0.01
1777569876.313090419,0,0,1.40
1777569876.313090419,1,0,0.01
1777569877.333066496,0,0,1.40
1777569877.333066496,1,0,0.01
1777569878.353043212,0,0,1.40
1777569878.353043212,1,0,0.01
1777569879.372212718,0,0,1.40
1777569879.372212718,1,0,0.01
1777569880.392864330,0,0,1.40
1777569880.392864330,1,0,0.01
1777569881.412421114,0,0,1.40
1777569881.412421114,1,0,0.01
1777569882.432533595,0,0,1.40
1777569882.432533595,1,0,0.01
1777569883.452217393,0,0,1.40
1777569883.452217393,1,0,0.01
1777569884.472719470,0,0,1.40
1777569884.472719470,1,0,0.01
1777569885.493286061,0,0,1.40
1777569885.493286061,1,0,0.01
1777569886.512997221,0,0,1.40
1777569886.512997221,1,0,0.01
1777569887.533363051,0,0,1.40
1777569887.533363051,1,0,0.01
1777569888.552689842,0,0,1.40
1777569888.552689842,1,0,0.01
1777569889.572477067,0,0,1.40
1777569889.572477067,1,0,0.01
1777569890.593080383,0,0,1.40
1777569890.593080383,1,0,0.01
1777569891.613180571,0,0,1.40
1777569891.613180571,1,0,0.01
1777569892.634261113,0,0,1.40
1777569892.634261113,1,0,0.01
1777569893.655175393,0,0,1.40
1777569893.655175393,1,0,0.01
1777569894.675033076,0,0,1.40
1777569894.675033076,1,0,0.01
1777569895.696950126,0,0,1.40
1777569895.696950126,1,0,0.01
1777569896.718037638,0,0,1.40
1777569896.718037638,1,0,0.01
1777569897.740266341,0,0,1.40
1777569897.740266341,1,0,0.01
1777569898.760945548,0,0,1.40
1777569898.760945548,1,0,0.01
1777569899.782360743,0,0,1.40
1777569899.782360743,1,0,0.01
1777569900.804119128,0,0,1.40
1777569900.804119128,1,0,0.01
1777569901.824330589,0,0,1.40
1777569901.824330589,1,0,0.01
1777569902.844009448,0,0,1.40
1777569902.844009448,1,0,0.01
1777569903.865897620,0,0,1.40
1777569903.865897620,1,0,0.01
1777569904.886795696,0,0,1.40
1777569904.886795696,1,0,0.01
1777569905.906784617,0,0,1.40
1777569905.906784617,1,0,0.01
1777569906.927419467,0,0,1.40
1777569906.927419467,1,0,0.01
1777569907.947275679,0,0,1.40
1777569907.947275679,1,0,0.01
1777569908.967578310,0,0,1.40
1777569908.967578310,1,0,0.01
1777569909.987564417,0,0,1.40
1777569909.987564417,1,0,0.01
1777569911.008136075,0,0,1.40
1777569911.008136075,1,0,0.01
1777569912.028311464,0,0,1.40
1777569912.028311464,1,0,0.01
1777569913.048274422,0,0,1.40
1777569913.048274422,1,0,0.01
1777569914.069186666,0,46,1.40
1777569914.069186666,1,0,0.01
1777569915.091419900,0,71,1.40
1777569915.091419900,1,0,0.01
1777569916.113531203,0,71,1.40
1777569916.113531203,1,0,0.01
1777569917.135487070,0,71,1.40
1777569917.135487070,1,0,0.01
1777569918.156016110,0,72,1.40
1777569918.156016110,1,0,0.01
1777569919.177689366,0,0,1.40
1777569919.177689366,1,0,0.01
1777569920.199872684,0,0,1.40
1777569920.199872684,1,0,0.01
1777569921.220460328,0,0,1.40
1777569921.220460328,1,0,0.01
1777569922.241439096,0,0,1.40
1777569922.241439096,1,0,0.01
1777569923.262924608,0,0,1.40
1777569923.262924608,1,0,0.01
1777569924.283815552,0,0,1.40
1777569924.283815552,1,0,0.01
1777569925.304341141,0,0,1.40
1777569925.304341141,1,0,0.01
1777569926.324488767,0,0,1.40
1777569926.324488767,1,0,0.01
1777569927.344805168,0,0,1.40
1777569927.344805168,1,0,0.01
1777569928.364876266,0,0,1.40
1777569928.364876266,1,0,0.01
1777569929.385017509,0,0,1.40
1777569929.385017509,1,0,0.01
1777569930.405703912,0,0,1.40
1777569930.405703912,1,0,0.01
1777569931.427727387,0,0,1.40
1777569931.427727387,1,0,0.01
1777569932.448514880,0,0,1.40
1777569932.448514880,1,0,0.01
1777569933.468882914,0,0,1.40
1777569933.468882914,1,0,0.01
1777569934.489979044,0,0,1.40
1777569934.489979044,1,0,0.01
1777569935.510351719,0,0,1.40
1777569935.510351719,1,0,0.01
1777569936.530655629,0,0,1.40
1777569936.530655629,1,0,0.01
1777569937.551429298,0,0,1.40
1777569937.551429298,1,0,0.01
1777569938.572831095,0,0,1.40
1777569938.572831095,1,0,0.01
1777569939.593316535,0,0,1.40
1777569939.593316535,1,0,0.01
1777569940.613834175,0,0,1.40
1777569940.613834175,1,0,0.01
1777569941.634091760,0,0,1.40
1777569941.634091760,1,0,0.01
1777569942.654611116,0,0,1.40
1777569942.654611116,1,0,0.01
1777569943.675438776,0,0,1.40
1777569943.675438776,1,0,0.01
1777569944.696076188,0,0,1.40
1777569944.696076188,1,0,0.01
1777569945.716576901,0,0,1.40
1777569945.716576901,1,0,0.01
1777569946.737615640,0,0,1.40
1777569946.737615640,1,0,0.01
1777569947.758257149,0,0,1.40
1777569947.758257149,1,0,0.01
1777569948.779986034,0,0,1.40
1777569948.779986034,1,0,0.01
1777569949.801981638,0,0,1.40
1777569949.801981638,1,0,0.01
1777569950.823025469,0,0,1.40
1777569950.823025469,1,0,0.01
1777569951.843722168,0,0,1.40
1777569951.843722168,1,0,0.01
1777569952.865421988,0,0,1.40
1777569952.865421988,1,0,0.01
1777569953.887380202,0,0,1.40
1777569953.887380202,1,0,0.01
1777569954.907910482,0,0,1.40
1777569954.907910482,1,0,0.01
1777569955.928075858,0,0,1.40
1777569955.928075858,1,0,0.01
1777569956.948638037,0,0,1.40
1777569956.948638037,1,0,0.01
1777569957.969426983,0,0,1.40
1777569957.969426983,1,0,0.01
1777569958.990197592,0,0,1.40
1777569958.990197592,1,0,0.01
1777569960.010530417,0,0,1.40
1777569960.010530417,1,0,0.01
1777569961.030949598,0,0,1.40
1777569961.030949598,1,0,0.01
1777569962.051218847,0,0,1.40
1777569962.051218847,1,0,0.01
1777569963.071884864,0,0,1.40
1777569963.071884864,1,0,0.01
1777569964.092467106,0,0,1.40
1777569964.092467106,1,0,0.01
1777569965.113605512,0,0,1.40
1777569965.113605512,1,0,0.01
1777569966.133865949,0,0,1.40
1777569966.133865949,1,0,0.01
1777569967.153892670,0,0,1.40
1777569967.153892670,1,0,0.01
1777569968.173076596,0,0,1.40
1777569968.173076596,1,0,0.01
1777569969.192302394,0,0,1.40
1777569969.192302394,1,0,0.01
1777569970.211925551,0,0,1.40
1777569970.211925551,1,0,0.01
1777569971.232469559,0,0,1.40
1777569971.232469559,1,0,0.01
1777569972.252839982,0,0,1.40
1777569972.252839982,1,0,0.01
1777569973.273434164,0,0,1.40
1777569973.273434164,1,0,0.01
1777569974.293287497,0,0,1.40
1777569974.293287497,1,0,0.01
1777569975.315197242,0,0,1.40
1777569975.315197242,1,0,0.01
1777569976.335113150,0,0,1.40
1777569976.335113150,1,0,0.01
1777569977.355101798,0,0,1.40
1777569977.355101798,1,0,0.01
1777569978.374917030,0,0,1.40
1777569978.374917030,1,0,0.01
1777569979.395619828,0,0,1.40
1777569979.395619828,1,0,0.01
1777569980.416019307,0,0,1.40
1777569980.416019307,1,0,0.01
1777569981.437365687,0,0,1.40
1777569981.437365687,1,0,0.01
1777569982.458784541,0,0,1.40
1777569982.458784541,1,0,0.01
1777569983.479956860,0,0,1.40
1777569983.479956860,1,0,0.01
1777569984.500511682,0,0,1.40
1777569984.500511682,1,0,0.01
1777569985.521318370,0,0,1.40
1777569985.521318370,1,0,0.01
1777569986.541526693,0,0,1.40
1777569986.541526693,1,0,0.01
1777569987.561554958,0,0,1.40
1777569987.561554958,1,0,0.01
1777569988.581029773,0,0,1.40
1777569988.581029773,1,0,0.01
1777569989.601972833,0,0,1.40
1777569989.601972833,1,0,0.01
1777569990.623790768,0,0,1.40
1777569990.623790768,1,0,0.01
1777569991.643224222,0,0,1.40
1777569991.643224222,1,0,0.01
1777569992.663413286,0,0,1.40
1777569992.663413286,1,0,0.01
1777569993.683747157,0,0,1.40
1777569993.683747157,1,0,0.01
1777569994.703240694,0,0,1.40
1777569994.703240694,1,0,0.01
1777569995.723901476,0,0,1.40
1777569995.723901476,1,0,0.01
1777569996.743282637,0,0,1.40
1777569996.743282637,1,0,0.01
1777569997.765643491,0,0,1.40
1777569997.765643491,1,0,0.01
1777569998.786305254,0,0,1.40
1777569998.786305254,1,0,0.01
1777569999.807373546,0,0,1.40
1777569999.807373546,1,0,0.01
1777570000.827230861,0,0,1.40
1777570000.827230861,1,0,0.01
1777570001.846791057,0,0,1.40
1777570001.846791057,1,0,0.01
1777570002.866314190,0,0,1.40
1777570002.866314190,1,0,0.01
1777570003.886825750,0,0,1.40
1777570003.886825750,1,0,0.01
1777570004.906569108,0,0,1.40
1777570004.906569108,1,0,0.01
1777570005.926059516,0,0,1.40
1777570005.926059516,1,0,0.01
1777570006.946214345,0,0,1.40
1777570006.946214345,1,0,0.01
1777570007.965898592,0,0,1.40
1777570007.965898592,1,0,0.01
1777570008.985363249,0,0,1.40
1777570008.985363249,1,0,0.01
1777570010.006993077,0,0,1.40
1777570010.006993077,1,0,0.01
1777570011.027779016,0,0,1.40
1777570011.027779016,1,0,0.01
1777570012.048868145,0,0,1.40
1777570012.048868145,1,0,0.01
1777570013.068988702,0,0,1.40
1777570013.068988702,1,0,0.01
1777570014.090657326,0,0,1.40
1777570014.090657326,1,0,0.01
1777570015.110474203,0,0,1.40
1777570015.110474203,1,0,0.01
1777570016.131016951,0,0,1.40
1777570016.131016951,1,0,0.01
1777570017.152082916,0,0,1.40
1777570017.152082916,1,0,0.01
1777570018.172302829,0,0,1.40
1777570018.172302829,1,0,0.01
1777570019.192080982,0,0,1.40
1777570019.192080982,1,0,0.01
1777570020.212028043,0,0,1.40
1777570020.212028043,1,0,0.01
1777570021.231683264,0,0,1.40
1777570021.231683264,1,0,0.01
1777570022.252688576,0,0,1.40
1777570022.252688576,1,0,0.01
1777570023.272276509,0,0,1.40
1777570023.272276509,1,0,0.01
1777570024.292141582,0,0,1.40
1777570024.292141582,1,0,0.01
1777570025.312356512,0,0,1.40
1777570025.312356512,1,0,0.01
1777570026.332872421,0,0,1.40
1777570026.332872421,1,0,0.01
1777570027.353316969,0,0,1.40
1777570027.353316969,1,0,0.01
1777570028.372886574,0,0,1.40
1777570028.372886574,1,0,0.01
1777570029.392745231,0,0,1.40
1777570029.392745231,1,0,0.01
1777570030.412657099,0,0,1.40
1777570030.412657099,1,0,0.01
1777570031.432047712,0,0,1.40
1777570031.432047712,1,0,0.01
1777570032.453462684,0,0,1.40
1777570032.453462684,1,0,0.01
1777570033.474552234,0,0,1.40
1777570033.474552234,1,0,0.01
1777570034.494070193,0,0,1.40
1777570034.494070193,1,0,0.01
1777570035.513714202,0,0,1.40
1777570035.513714202,1,0,0.01
1777570036.534367651,0,0,1.40
1777570036.534367651,1,0,0.01
1777570037.554643369,0,0,1.40
1777570037.554643369,1,0,0.01
1777570038.575812612,0,0,1.40
1777570038.575812612,1,0,0.01
1777570039.595626071,0,0,1.40
1777570039.595626071,1,0,0.01
1777570040.615817881,0,0,1.40
1777570040.615817881,1,0,0.01
1777570041.635737814,0,0,1.40
1777570041.635737814,1,0,0.01
1777570042.657869252,0,0,1.40
1777570042.657869252,1,0,0.01
1777570043.678907538,0,0,1.40
1777570043.678907538,1,0,0.01
1777570044.699262515,0,0,1.40
1777570044.699262515,1,0,0.01
1777570045.719710163,0,0,1.40
1777570045.719710163,1,0,0.01
1777570046.739335837,0,0,1.40
1777570046.739335837,1,0,0.01
1777570047.759301435,0,0,1.40
1777570047.759301435,1,0,0.01
1777570048.778707528,0,0,1.40
1777570048.778707528,1,0,0.01
1777570049.798032117,0,0,1.40
1777570049.798032117,1,0,0.01
1777570050.817699183,0,0,1.40
1777570050.817699183,1,0,0.01
1777570051.837941069,0,0,1.40
1777570051.837941069,1,0,0.01
1777570052.857401166,0,0,1.40
1777570052.857401166,1,0,0.01
1777570053.877840629,0,0,1.40
1777570053.877840629,1,0,0.01
1777570054.898364103,0,0,1.40
1777570054.898364103,1,0,0.01
1777570055.917884618,0,0,1.40
1777570055.917884618,1,0,0.01
1777570056.938524313,0,0,1.40
1777570056.938524313,1,0,0.01
1777570057.958334855,0,0,1.40
1777570057.958334855,1,0,0.01
1777570058.978411426,0,0,1.40
1777570058.978411426,1,0,0.01
1777570059.998155819,0,0,1.40
1777570059.998155819,1,0,0.01
1777570061.019384227,0,0,1.40
1777570061.019384227,1,0,0.01
1777570062.038880082,0,0,1.40
1777570062.038880082,1,0,0.01
1777570063.059721226,0,0,1.40
1777570063.059721226,1,0,0.01
1777570064.080829973,0,0,1.40
1777570064.080829973,1,0,0.01
1777570065.101691989,0,0,1.40
1777570065.101691989,1,0,0.01
1777570066.122266975,0,0,1.40
1777570066.122266975,1,0,0.01
1777570067.141756087,0,0,1.40
1777570067.141756087,1,0,0.01
1777570068.161682065,0,0,1.40
1777570068.161682065,1,0,0.01
1777570069.181167076,0,0,1.40
1777570069.181167076,1,0,0.01
1777570070.200886865,0,0,1.40
1777570070.200886865,1,0,0.01
1777570071.221288381,0,0,1.40
1777570071.221288381,1,0,0.01
1777570072.241726156,0,0,1.40
1777570072.241726156,1,0,0.01
1777570073.261048998,0,0,1.40
1777570073.261048998,1,0,0.01
1777570074.280463613,0,0,1.40
1777570074.280463613,1,0,0.01
1777570075.300055291,0,0,1.40
1777570075.300055291,1,0,0.01
1777570076.320041241,0,0,1.40
1777570076.320041241,1,0,0.01
1777570077.339740225,0,0,1.40
1777570077.339740225,1,0,0.01
1777570078.359604180,0,0,1.40
1777570078.359604180,1,0,0.01
1777570079.378831576,0,0,1.40
1777570079.378831576,1,0,0.01
1777570080.399491374,0,0,1.40
1777570080.399491374,1,0,0.01
1777570081.420002280,0,0,1.40
1777570081.420002280,1,0,0.01
1777570082.439804931,0,0,1.40
1777570082.439804931,1,0,0.01
1777570083.460538704,0,0,1.40
1777570083.460538704,1,0,0.01
1777570084.480341411,0,0,1.40
1777570084.480341411,1,0,0.01
1777570085.500397182,0,0,1.40
1777570085.500397182,1,0,0.01
1777570086.520060641,0,0,1.40
1777570086.520060641,1,0,0.01
1777570087.539325574,0,0,1.40
1777570087.539325574,1,0,0.01
1777570088.558966709,0,0,1.40
1777570088.558966709,1,0,0.01
1777570089.578507706,0,0,1.40
1777570089.578507706,1,0,0.01
1777570090.598402471,0,0,1.40
1777570090.598402471,1,0,0.01
1777570091.619527663,0,0,1.40
1777570091.619527663,1,0,0.01
1777570092.639316817,0,0,1.40
1777570092.639316817,1,0,0.01
1777570093.658506511,0,0,1.40
1777570093.658506511,1,0,0.01
1777570094.678611402,0,0,1.40
1777570094.678611402,1,0,0.01
1777570095.699019454,0,0,1.40
1777570095.699019454,1,0,0.01
1777570096.718669773,0,0,1.40
1777570096.718669773,1,0,0.01
1777570097.738497574,0,0,1.40
1777570097.738497574,1,0,0.01
1777570098.758480087,0,0,1.40
1777570098.758480087,1,0,0.01
1777570099.778845119,0,0,1.40
1777570099.778845119,1,0,0.01
1777570100.798170105,0,0,1.40
1777570100.798170105,1,0,0.01
1777570101.818215646,0,0,1.40
1777570101.818215646,1,0,0.01
1777570102.839464444,0,0,1.40
1777570102.839464444,1,0,0.01
1777570103.860061324,0,0,1.40
1777570103.860061324,1,0,0.01
1777570104.879738719,0,0,1.40
1777570104.879738719,1,0,0.01
1777570105.899606817,0,0,1.40
1777570105.899606817,1,0,0.01
1777570106.919054142,0,0,1.40
1777570106.919054142,1,0,0.01
1777570107.938487059,0,0,1.40
1777570107.938487059,1,0,0.01
1777570108.958028038,0,0,1.40
1777570108.958028038,1,0,0.01
1777570109.978427767,0,0,1.40
1777570109.978427767,1,0,0.01
1777570110.998406630,0,0,1.40
1777570110.998406630,1,0,0.01
1777570112.019111261,0,0,1.40
1777570112.019111261,1,0,0.01
1777570113.039741001,0,0,1.40
1777570113.039741001,1,0,0.01
1777570114.060303221,0,0,1.40
1777570114.060303221,1,0,0.01
1777570115.080494508,0,0,1.40
1777570115.080494508,1,0,0.01
1777570116.101067504,0,0,1.40
1777570116.101067504,1,0,0.01
1777570117.121331649,0,0,1.40
1777570117.121331649,1,0,0.01
1777570118.140814097,0,0,1.40
1777570118.140814097,1,0,0.01
1777570119.160987605,0,0,1.40
1777570119.160987605,1,0,0.01
1777570120.180848500,0,0,1.40
1777570120.180848500,1,0,0.01
1777570121.200355576,0,0,1.40
1777570121.200355576,1,0,0.01
1777570122.220040823,0,0,1.40
1777570122.220040823,1,0,0.01
1777570123.240724323,0,0,1.40
1777570123.240724323,1,0,0.01
1777570124.260147949,0,0,1.40
1777570124.260147949,1,0,0.01
1777570125.279835549,0,0,1.40
1777570125.279835549,1,0,0.01
1777570126.299614814,0,0,1.40
1777570126.299614814,1,0,0.01
1777570127.320928750,0,0,1.40
1777570127.320928750,1,0,0.01
1777570128.340861482,0,0,1.40
1777570128.340861482,1,0,0.01
1777570129.361231455,0,0,1.40
1777570129.361231455,1,0,0.01
1777570130.381616230,0,0,1.40
1777570130.381616230,1,0,0.01
1777570131.401569953,0,0,1.40
1777570131.401569953,1,0,0.01
1777570132.422683662,0,0,1.40
1777570132.422683662,1,0,0.01
1777570133.442422328,0,0,1.40
1777570133.442422328,1,0,0.01
1777570134.463257744,0,0,1.40
1777570134.463257744,1,0,0.01
1777570135.482913945,0,0,1.40
1777570135.482913945,1,0,0.01
1777570136.502531921,0,0,1.40
1777570136.502531921,1,0,0.01
1777570137.522289449,0,0,1.40
1777570137.522289449,1,0,0.01
1777570138.542018523,0,72,1.40
1777570138.542018523,1,0,0.01
1777570139.563685771,0,68,1.40
1777570139.563685771,1,0,0.01
1777570140.584588260,0,68,1.40
1777570140.584588260,1,0,0.01
1777570141.603864706,0,70,1.40
1777570141.603864706,1,0,0.01
1777570142.624276821,0,0,1.40
1777570142.624276821,1,0,0.01
1777570143.645580359,0,0,1.40
1777570143.645580359,1,0,0.01
1777570144.666288239,0,0,1.40
1777570144.666288239,1,0,0.01
1777570145.687370500,0,0,1.40
1777570145.687370500,1,0,0.01
1777570146.709567688,0,0,1.40
1777570146.709567688,1,0,0.01
1777570147.730012083,0,0,1.40
1777570147.730012083,1,0,0.01
1777570148.750903752,0,0,1.40
1777570148.750903752,1,0,0.01
1777570149.771121169,0,0,1.40
1777570149.771121169,1,0,0.01
1777570150.791066431,0,0,1.40
1777570150.791066431,1,0,0.01
1777570151.810640054,0,0,1.40
1777570151.810640054,1,0,0.01
1777570152.830345982,0,0,1.40
1777570152.830345982,1,0,0.01
1777570153.850850048,0,0,1.40
1777570153.850850048,1,0,0.01
1777570154.870277064,0,0,1.40
1777570154.870277064,1,0,0.01
1777570155.892536181,0,0,1.40
1777570155.892536181,1,0,0.01
1777570156.912192233,0,0,1.40
1777570156.912192233,1,0,0.01
1777570157.933274995,0,0,1.40
1777570157.933274995,1,0,0.01
1777570158.953898940,0,0,1.40
1777570158.953898940,1,0,0.01
1777570159.974460199,0,0,1.40
1777570159.974460199,1,0,0.01
1777570160.994864814,0,0,1.40
1777570160.994864814,1,0,0.01
1777570162.014704225,0,0,1.40
1777570162.014704225,1,0,0.01
1777570163.034697559,0,0,1.40
1777570163.034697559,1,0,0.01
1777570164.054448845,0,0,1.40
1777570164.054448845,1,0,0.01
1777570165.073953402,0,0,1.40
1777570165.073953402,1,0,0.01
1777570166.093493948,0,0,1.40
1777570166.093493948,1,0,0.01
1777570167.113192545,0,0,1.40
1777570167.113192545,1,0,0.01
1777570168.132696605,0,0,1.40
1777570168.132696605,1,0,0.01
1777570169.152446514,0,0,1.40
1777570169.152446514,1,0,0.01
1777570170.172812652,0,0,1.40
1777570170.172812652,1,0,0.01
1777570171.193045857,0,0,1.40
1777570171.193045857,1,0,0.01
1777570172.214794110,0,0,1.40
1777570172.214794110,1,0,0.01
1777570173.235758954,0,0,1.40
1777570173.235758954,1,0,0.01
1777570174.255457710,0,0,1.40
1777570174.255457710,1,0,0.01
1777570175.275344966,0,0,1.40
1777570175.275344966,1,0,0.01
1777570176.295879137,0,0,1.40
1777570176.295879137,1,0,0.01
1777570177.315815690,0,0,1.40
1777570177.315815690,1,0,0.01
1777570178.335496051,0,0,1.40
1777570178.335496051,1,0,0.01
1777570179.355339451,0,0,1.40
1777570179.355339451,1,0,0.01
1777570180.374987942,0,0,1.40
1777570180.374987942,1,0,0.01
1777570181.397017893,0,0,1.40
1777570181.397017893,1,0,0.01
1777570182.417953416,0,0,1.40
1777570182.417953416,1,0,0.01
1777570183.438613388,0,0,1.40
1777570183.438613388,1,0,0.01
1777570184.458064043,0,0,1.40
1777570184.458064043,1,0,0.01
1777570185.478727115,0,0,1.40
1777570185.478727115,1,0,0.01
1777570186.499056752,0,0,1.40
1777570186.499056752,1,0,0.01
1777570187.520263501,0,0,1.40
1777570187.520263501,1,0,0.01
1777570188.540809316,0,0,1.40
1777570188.540809316,1,0,0.01
1777570189.560077154,0,0,1.40
1777570189.560077154,1,0,0.01
1777570190.579835879,0,0,1.40
1777570190.579835879,1,0,0.01
1777570191.599757281,0,0,1.40
1777570191.599757281,1,0,0.01
1777570192.620938402,0,0,1.40
1777570192.620938402,1,0,0.01
1777570193.641828640,0,0,1.40
1777570193.641828640,1,0,0.01
1777570194.661423112,0,0,1.40
1777570194.661423112,1,0,0.01
1777570195.680529172,0,0,1.40
1777570195.680529172,1,0,0.01
1777570196.700419828,0,0,1.40
1777570196.700419828,1,0,0.01
1777570197.722595132,0,0,1.40
1777570197.722595132,1,0,0.01
1777570198.742373207,0,0,1.40
1777570198.742373207,1,0,0.01
1777570199.762292326,0,0,1.40
1777570199.762292326,1,0,0.01
1777570200.782560810,0,0,1.40
1777570200.782560810,1,0,0.01
1777570201.802282924,0,0,1.40
1777570201.802282924,1,0,0.01
1777570202.821794822,0,0,1.40
1777570202.821794822,1,0,0.01
1777570203.842254007,0,0,1.40
1777570203.842254007,1,0,0.01
1777570204.862221101,0,0,1.40
1777570204.862221101,1,0,0.01
1777570205.882237102,0,0,1.40
1777570205.882237102,1,0,0.01
1777570206.902860395,0,0,1.40
1777570206.902860395,1,0,0.01
1777570207.922942345,0,0,1.40
1777570207.922942345,1,0,0.01
1777570208.944879040,0,0,1.40
1777570208.944879040,1,0,0.01
1777570209.964576984,0,0,1.40
1777570209.964576984,1,0,0.01
1777570210.985475301,0,0,1.40
1777570210.985475301,1,0,0.01
1777570212.005892454,0,0,1.40
1777570212.005892454,1,0,0.01
1777570213.025672740,0,0,1.40
1777570213.025672740,1,0,0.01
1777570214.045230262,0,0,1.40
1777570214.045230262,1,0,0.01
1777570215.064770649,0,0,1.40
1777570215.064770649,1,0,0.01
1777570216.084409847,0,0,1.40
1777570216.084409847,1,0,0.01
1777570217.104930797,0,0,1.40
1777570217.104930797,1,0,0.01
1777570218.125298769,0,0,1.40
1777570218.125298769,1,0,0.01
1777570219.144778047,0,0,1.40
1777570219.144778047,1,0,0.01
1777570220.164719057,0,0,1.40
1777570220.164719057,1,0,0.01
1777570221.184441328,0,0,1.40
1777570221.184441328,1,0,0.01
1777570222.204854933,0,0,1.40
1777570222.204854933,1,0,0.01
1777570223.225677159,0,0,1.40
1777570223.225677159,1,0,0.01
1777570224.244853086,0,0,1.40
1777570224.244853086,1,0,0.01
1777570225.265460670,0,0,1.40
1777570225.265460670,1,0,0.01
1777570226.284996410,0,0,1.40
1777570226.284996410,1,0,0.01
1777570227.306667578,0,0,1.40
1777570227.306667578,1,0,0.01
1777570228.327859998,0,0,1.40
1777570228.327859998,1,0,0.01
1777570229.348575337,0,0,1.40
1777570229.348575337,1,0,0.01
1777570230.368249469,0,0,1.40
1777570230.368249469,1,0,0.01
1777570231.388456899,0,0,1.40
1777570231.388456899,1,0,0.01
1777570232.410475702,0,0,1.40
1777570232.410475702,1,0,0.01
1777570233.431199721,0,0,1.40
1777570233.431199721,1,0,0.01
1777570234.450678452,0,0,1.40
1777570234.450678452,1,0,0.01
1777570235.471584478,0,0,1.40
1777570235.471584478,1,0,0.01
1777570236.492273862,0,0,1.40
1777570236.492273862,1,0,0.01
1777570237.512637215,0,0,1.40
1777570237.512637215,1,0,0.01
1777570238.531929376,0,0,1.40
1777570238.531929376,1,0,0.01
1777570239.551994169,0,0,1.40
1777570239.551994169,1,0,0.01
1777570240.572831096,0,0,1.40
1777570240.572831096,1,0,0.01
1777570241.593813922,0,0,1.40
1777570241.593813922,1,0,0.01
1777570242.614368990,0,0,1.40
1777570242.614368990,1,0,0.01
1777570243.633819523,0,0,1.40
1777570243.633819523,1,0,0.01
1777570244.653519782,0,0,1.40
1777570244.653519782,1,0,0.01
1777570245.673178634,0,0,1.40
1777570245.673178634,1,0,0.01
1777570246.694113630,0,0,1.40
1777570246.694113630,1,0,0.01
1777570247.713873408,0,0,1.40
1777570247.713873408,1,0,0.01
1777570248.733329059,0,0,1.40
1777570248.733329059,1,0,0.01
1777570249.753074657,0,0,1.40
1777570249.753074657,1,0,0.01
1777570250.774478255,0,0,1.40
1777570250.774478255,1,0,0.01
1777570251.794744121,0,0,1.40
1777570251.794744121,1,0,0.01
1777570252.816194953,0,0,1.40
1777570252.816194953,1,0,0.01
1777570253.837374715,0,0,1.40
1777570253.837374715,1,0,0.01
1777570254.857734252,0,0,1.40
1777570254.857734252,1,0,0.01
1777570255.877383386,0,0,1.40
1777570255.877383386,1,0,0.01
1777570256.897821863,0,0,1.40
1777570256.897821863,1,0,0.01
1777570257.917810233,0,0,1.40
1777570257.917810233,1,0,0.01
1777570258.937794104,0,0,1.40
1777570258.937794104,1,0,0.01
1777570259.957585832,0,0,1.40
1777570259.957585832,1,0,0.01
1777570260.977448735,0,0,1.40
1777570260.977448735,1,0,0.01
1777570261.998000351,0,0,1.40
1777570261.998000351,1,0,0.01
1777570263.017374298,0,0,1.40
1777570263.017374298,1,0,0.01
1777570264.036991652,0,0,1.40
1777570264.036991652,1,0,0.01
1777570265.058372397,0,0,1.40
1777570265.058372397,1,0,0.01
1777570266.078800374,0,0,1.40
1777570266.078800374,1,0,0.01
1777570267.098129965,0,0,1.40
1777570267.098129965,1,0,0.01
1777570268.118178752,0,0,1.40
1777570268.118178752,1,0,0.01
1777570269.137890335,0,0,1.40
1777570269.137890335,1,0,0.01
1777570270.158395165,0,0,1.40
1777570270.158395165,1,0,0.01
1777570271.178392506,0,0,1.40
1777570271.178392506,1,0,0.01
1777570272.198280212,0,0,1.40
1777570272.198280212,1,0,0.01
1777570273.217692987,0,0,1.40
1777570273.217692987,1,0,0.01
1777570274.238317805,0,0,1.40
1777570274.238317805,1,0,0.01
1777570275.257892407,0,0,1.40
1777570275.257892407,1,0,0.01
1777570276.277435272,0,0,1.40
1777570276.277435272,1,0,0.01
1777570277.296948739,0,0,1.40
1777570277.296948739,1,0,0.01
1777570278.316874671,0,0,1.40
1777570278.316874671,1,0,0.01
1777570279.337370479,0,0,1.40
1777570279.337370479,1,0,0.01
1777570280.356956354,0,0,1.40
1777570280.356956354,1,0,0.01
1777570281.377543728,0,0,1.40
1777570281.377543728,1,0,0.01
1777570282.397652199,0,0,1.40
1777570282.397652199,1,0,0.01
1777570283.417075432,0,0,1.40
1777570283.417075432,1,0,0.01
1777570284.436861701,0,0,1.40
1777570284.436861701,1,0,0.01
1777570285.458081993,0,0,1.40
1777570285.458081993,1,0,0.01
1777570286.479080926,0,0,1.40
1777570286.479080926,1,0,0.01
1777570287.500409881,0,0,1.40
1777570287.500409881,1,0,0.01
1777570288.520933532,0,0,1.40
1777570288.520933532,1,0,0.01
1777570289.541144241,0,0,1.40
1777570289.541144241,1,0,0.01
1777570290.561284635,0,0,1.40
1777570290.561284635,1,0,0.01
1777570291.582066527,0,0,1.40
1777570291.582066527,1,0,0.01
1777570292.601981396,0,0,1.40
1777570292.601981396,1,0,0.01
1777570293.621640286,0,0,1.40
1777570293.621640286,1,0,0.01
1777570294.641094859,0,0,1.40
1777570294.641094859,1,0,0.01
1777570295.663398289,0,0,1.40
1777570295.663398289,1,0,0.01
1777570296.684315153,0,0,1.40
1777570296.684315153,1,0,0.01
1777570297.704920782,0,0,1.40
1777570297.704920782,1,0,0.01
1777570298.724992007,0,0,1.40
1777570298.724992007,1,0,0.01
1777570299.746243462,0,0,1.40
1777570299.746243462,1,0,0.01
1777570300.766946121,0,0,1.40
1777570300.766946121,1,0,0.01
1777570301.787913117,0,0,1.40
1777570301.787913117,1,0,0.01
1777570302.807930905,0,0,1.40
1777570302.807930905,1,0,0.01
1777570303.829141951,0,0,1.40
1777570303.829141951,1,0,0.01
1777570304.849622957,0,0,1.40
1777570304.849622957,1,0,0.01
1777570305.869560789,0,0,1.40
1777570305.869560789,1,0,0.01
1777570306.890538601,0,0,1.40
1777570306.890538601,1,0,0.01
1777570307.911195007,0,0,1.40
1777570307.911195007,1,0,0.01
1777570308.931118820,0,0,1.40
1777570308.931118820,1,0,0.01
1777570309.950999584,0,0,1.40
1777570309.950999584,1,0,0.01
1777570310.971034174,0,0,1.40
1777570310.971034174,1,0,0.01
1777570311.991068824,0,0,1.40
1777570311.991068824,1,0,0.01
1777570313.011505528,0,0,1.40
1777570313.011505528,1,0,0.01
1777570314.031294946,0,0,1.40
1777570314.031294946,1,0,0.01
1777570315.051732771,0,0,1.40
1777570315.051732771,1,0,0.01
1777570316.071357553,0,0,1.40
1777570316.071357553,1,0,0.01
1777570317.092828130,0,0,1.40
1777570317.092828130,1,0,0.01
1777570318.113795816,0,76,1.40
1777570318.113795816,1,0,0.01
1777570319.135759525,0,72,1.40
1777570319.135759525,1,0,0.01
1777570320.157568589,0,72,1.40
1777570320.157568589,1,0,0.01
1777570321.178806362,0,72,1.40
1777570321.178806362,1,0,0.01
1777570322.199636847,0,0,1.40
1777570322.199636847,1,0,0.01
1777570323.219608132,0,0,1.40
1777570323.219608132,1,0,0.01
1777570324.239392417,0,0,1.40
1777570324.239392417,1,0,0.01
1777570325.259936467,0,0,1.40
1777570325.259936467,1,0,0.01
1777570326.280386983,0,0,1.40
1777570326.280386983,1,0,0.01
1777570327.300672691,0,0,1.40
1777570327.300672691,1,0,0.01
1777570328.322148759,0,0,1.40
1777570328.322148759,1,0,0.01
1777570329.342594206,0,0,1.40
1777570329.342594206,1,0,0.01
1777570330.362226789,0,0,1.40
1777570330.362226789,1,0,0.01
1777570331.382383708,0,0,1.40
1777570331.382383708,1,0,0.01
1777570332.403292013,0,0,1.40
1777570332.403292013,1,0,0.01
1777570333.423322973,0,0,1.40
1777570333.423322973,1,0,0.01
1777570334.442854660,0,0,1.40
1777570334.442854660,1,0,0.01
1777570335.462820431,0,0,1.40
1777570335.462820431,1,0,0.01
1777570336.488588290,0,0,1.40
1777570336.488588290,1,0,0.01
1777570337.509390279,0,0,1.40
1777570337.509390279,1,0,0.01
1777570338.528699307,0,0,1.40
1777570338.528699307,1,0,0.01
1777570339.547943730,0,0,1.40
1777570339.547943730,1,0,0.01
1777570340.567475498,0,0,1.40
1777570340.567475498,1,0,0.01
1777570341.588480616,0,0,1.40
1777570341.588480616,1,0,0.01
1777570342.608659790,0,0,1.40
1777570342.608659790,1,0,0.01
1777570343.631415445,0,0,1.40
1777570343.631415445,1,0,0.01
1777570344.652660855,0,0,1.40
1777570344.652660855,1,0,0.01
1777570345.674410588,0,0,1.40
1777570345.674410588,1,0,0.01
1777570346.693944692,0,0,1.40
1777570346.693944692,1,0,0.01
1777570347.713604345,0,0,1.40
1777570347.713604345,1,0,0.01
1777570348.733154106,0,0,1.40
1777570348.733154106,1,0,0.01
1777570349.752875857,0,0,1.40
1777570349.752875857,1,0,0.01
1777570350.773912028,0,0,1.40
1777570350.773912028,1,0,0.01
1777570351.794866324,0,0,1.40
1777570351.794866324,1,0,0.01
1777570352.816812556,0,0,1.40
1777570352.816812556,1,0,0.01
1777570353.838175891,0,0,1.40
1777570353.838175891,1,0,0.01
1777570354.859838319,0,0,1.40
1777570354.859838319,1,0,0.01
1777570355.879828046,0,0,1.40
1777570355.879828046,1,0,0.01
1777570356.899396160,0,0,1.40
1777570356.899396160,1,0,0.01
1777570357.918950434,0,0,1.40
1777570357.918950434,1,0,0.01
1777570358.938540614,0,0,1.40
1777570358.938540614,1,0,0.01
1777570359.959431516,0,0,1.40
1777570359.959431516,1,0,0.01
1777570360.978976146,0,0,1.40
1777570360.978976146,1,0,0.01
1777570361.998477161,0,0,1.40
1777570361.998477161,1,0,0.01
1777570363.018076898,0,0,1.40
1777570363.018076898,1,0,0.01
1777570364.037496181,0,0,1.40
1777570364.037496181,1,0,0.01
1777570365.056759472,0,0,1.40
1777570365.056759472,1,0,0.01
1777570366.076510179,0,0,1.40
1777570366.076510179,1,0,0.01
1777570367.096844157,0,0,1.40
1777570367.096844157,1,0,0.01
1777570368.116859707,0,0,1.40
1777570368.116859707,1,0,0.01
1777570369.136803771,0,0,1.40
1777570369.136803771,1,0,0.01
1777570370.157637155,0,0,1.40
1777570370.157637155,1,0,0.01
1777570371.178593682,0,0,1.40
1777570371.178593682,1,0,0.01
1777570372.199932879,0,0,1.40
1777570372.199932879,1,0,0.01
1777570373.220863160,0,0,1.40
1777570373.220863160,1,0,0.01
1777570374.240551362,0,0,1.40
1777570374.240551362,1,0,0.01
1777570375.260718573,0,0,1.40
1777570375.260718573,1,0,0.01
1777570376.280714787,0,0,1.40
1777570376.280714787,1,0,0.01
1777570377.300109493,0,0,1.40
1777570377.300109493,1,0,0.01
1777570378.320226682,0,0,1.40
1777570378.320226682,1,0,0.01
1777570379.342603410,0,0,1.40
1777570379.342603410,1,0,0.01
1777570380.363904152,0,0,1.40
1777570380.363904152,1,0,0.01
1777570381.384111259,0,0,1.40
1777570381.384111259,1,0,0.01
1777570382.403867736,0,0,1.40
1777570382.403867736,1,0,0.01
1777570383.423427710,0,0,1.40
1777570383.423427710,1,0,0.01
1777570384.443605663,0,0,1.40
1777570384.443605663,1,0,0.01
1777570385.463677913,0,0,1.40
1777570385.463677913,1,0,0.01
1777570386.483819691,0,0,1.40
1777570386.483819691,1,0,0.01
1777570387.503880099,0,0,1.40
1777570387.503880099,1,0,0.01
1777570388.523343869,0,0,1.40
1777570388.523343869,1,0,0.01
1777570389.542921158,0,0,1.40
1777570389.542921158,1,0,0.01
1777570390.563932832,0,0,1.40
1777570390.563932832,1,0,0.01
1777570391.584053269,0,0,1.40
1777570391.584053269,1,0,0.01
1777570392.604653689,0,0,1.40
1777570392.604653689,1,0,0.01
1777570393.624720151,0,0,1.40
1777570393.624720151,1,0,0.01
1777570394.645153113,0,0,1.40
1777570394.645153113,1,0,0.01
1777570395.664912978,0,0,1.40
1777570395.664912978,1,0,0.01
1777570396.685625614,0,0,1.40
1777570396.685625614,1,0,0.01
1777570397.705533138,0,0,1.40
1777570397.705533138,1,0,0.01
1777570398.726574712,0,0,1.40
1777570398.726574712,1,0,0.01
1777570399.747171985,0,0,1.40
1777570399.747171985,1,0,0.01
1777570400.767062752,0,0,1.40
1777570400.767062752,1,0,0.01
1777570401.786991588,0,0,1.40
1777570401.786991588,1,0,0.01
1777570402.807236903,0,0,1.40
1777570402.807236903,1,0,0.01
1777570403.827512641,0,0,1.40
1777570403.827512641,1,0,0.01
1777570404.847757542,0,0,1.40
1777570404.847757542,1,0,0.01
1777570405.868167850,0,0,1.40
1777570405.868167850,1,0,0.01
1777570406.888816424,0,0,1.40
1777570406.888816424,1,0,0.01
1777570407.909014006,0,0,1.40
1777570407.909014006,1,0,0.01
1777570408.929941726,0,0,1.40
1777570408.929941726,1,0,0.01
1777570409.949950290,0,0,1.40
1777570409.949950290,1,0,0.01
1777570410.970042502,0,0,1.40
1777570410.970042502,1,0,0.01
1777570411.989623223,0,0,1.40
1777570411.989623223,1,0,0.01
1777570413.009724750,0,0,1.40
1777570413.009724750,1,0,0.01
1777570414.030528760,0,0,1.40
1777570414.030528760,1,0,0.01
1777570415.050533038,0,0,1.40
1777570415.050533038,1,0,0.01
1777570416.071932080,0,0,1.40
1777570416.071932080,1,0,0.01
1777570417.091878234,0,0,1.40
1777570417.091878234,1,0,0.01
1777570418.111334659,0,0,1.40
1777570418.111334659,1,0,0.01
1777570419.130969504,0,0,1.40
1777570419.130969504,1,0,0.01
1777570420.151836917,0,0,1.40
1777570420.151836917,1,0,0.01
1777570421.172161183,0,0,1.40
1777570421.172161183,1,0,0.01
1777570422.194585897,0,0,1.40
1777570422.194585897,1,0,0.01
1777570423.215233638,0,0,1.40
1777570423.215233638,1,0,0.01
1777570424.234972012,0,0,1.40
1777570424.234972012,1,0,0.01
1777570425.255583419,0,0,1.40
1777570425.255583419,1,0,0.01
1777570426.275721527,0,0,1.40
1777570426.275721527,1,0,0.01
1777570427.295836656,0,0,1.40
1777570427.295836656,1,0,0.01
1777570428.315764948,0,0,1.40
1777570428.315764948,1,0,0.01
1777570429.336217817,0,0,1.40
1777570429.336217817,1,0,0.01
1777570430.357905747,0,0,1.40
1777570430.357905747,1,0,0.01
1777570431.378668679,0,0,1.40
1777570431.378668679,1,0,0.01
1777570432.400690000,0,0,1.40
1777570432.400690000,1,0,0.01
1777570433.422126376,0,0,1.40
1777570433.422126376,1,0,0.01
1777570434.443982402,0,0,1.40
1777570434.443982402,1,0,0.01
1777570435.465720250,0,0,1.40
1777570435.465720250,1,0,0.01
1777570436.486686004,0,0,1.40
1777570436.486686004,1,0,0.01
1777570437.506682405,0,0,1.40
1777570437.506682405,1,0,0.01
1777570438.526146233,0,0,1.40
1777570438.526146233,1,0,0.01
1777570439.546217528,0,0,1.40
1777570439.546217528,1,0,0.01
1777570440.567889665,0,0,1.40
1777570440.567889665,1,0,0.01
1777570441.587907294,0,0,1.40
1777570441.587907294,1,0,0.01
1777570442.608352749,0,0,1.40
1777570442.608352749,1,0,0.01
1777570443.628267960,0,0,1.40
1777570443.628267960,1,0,0.01
1777570444.648420268,0,0,1.40
1777570444.648420268,1,0,0.01
1777570445.668680553,0,0,1.40
1777570445.668680553,1,0,0.01
1777570446.689180322,0,0,1.40
1777570446.689180322,1,0,0.01
1777570447.710065095,0,0,1.40
1777570447.710065095,1,0,0.01
1777570448.730668761,0,0,1.40
1777570448.730668761,1,0,0.01
1777570449.752169877,0,0,1.40
1777570449.752169877,1,0,0.01
1777570450.774090840,0,0,1.40
1777570450.774090840,1,0,0.01
1777570451.793875620,0,0,1.40
1777570451.793875620,1,0,0.01
1777570452.813985601,0,0,1.40
1777570452.813985601,1,0,0.01
1777570453.834042200,0,0,1.40
1777570453.834042200,1,0,0.01
1777570454.853988011,0,0,1.40
1777570454.853988011,1,0,0.01
1777570455.874288468,0,0,1.40
1777570455.874288468,1,0,0.01
1777570456.894850470,0,0,1.40
1777570456.894850470,1,0,0.01
1777570457.914603749,0,0,1.40
1777570457.914603749,1,0,0.01
1777570458.934978167,0,0,1.40
1777570458.934978167,1,0,0.01
1777570459.955320081,0,0,1.40
1777570459.955320081,1,0,0.01
1777570460.976195042,0,0,1.40
1777570460.976195042,1,0,0.01
1777570461.996856567,0,0,1.40
1777570461.996856567,1,0,0.01
1777570463.017870143,0,0,1.40
1777570463.017870143,1,0,0.01
1777570464.037726687,0,0,1.40
1777570464.037726687,1,0,0.01
1777570465.057332578,0,0,1.40
1777570465.057332578,1,0,0.01
1777570466.077311043,0,0,1.40
1777570466.077311043,1,0,0.01
1777570467.098610809,0,0,1.40
1777570467.098610809,1,0,0.01
1777570468.119216237,0,0,1.40
1777570468.119216237,1,0,0.01
1777570469.141496091,0,0,1.40
1777570469.141496091,1,0,0.01
1777570470.163673854,0,0,1.40
1777570470.163673854,1,0,0.01
1777570471.184372529,0,0,1.40
1777570471.184372529,1,0,0.01
1777570472.204494214,0,0,1.40
1777570472.204494214,1,0,0.01
1777570473.224983422,0,0,1.40
1777570473.224983422,1,0,0.01
1777570474.245333443,0,0,1.40
1777570474.245333443,1,0,0.01
1777570475.265289799,0,0,1.40
1777570475.265289799,1,0,0.01
1777570476.285136999,0,0,1.40
1777570476.285136999,1,0,0.01
1777570477.305145771,0,0,1.40
1777570477.305145771,1,0,0.01
1777570478.325914383,0,0,1.40
1777570478.325914383,1,0,0.01
1777570479.346847068,0,0,1.40
1777570479.346847068,1,0,0.01
1777570480.366793969,0,0,1.40
1777570480.366793969,1,0,0.01
1777570481.386519028,0,0,1.40
1777570481.386519028,1,0,0.01
1777570482.406375886,0,0,1.40
1777570482.406375886,1,0,0.01
1777570483.427493983,0,0,1.40
1777570483.427493983,1,0,0.01
1777570484.447863836,0,0,1.40
1777570484.447863836,1,0,0.01
1777570485.468485792,0,0,1.40
1777570485.468485792,1,0,0.01
1777570486.488249749,0,0,1.40
1777570486.488249749,1,0,0.01
1777570487.507851568,0,0,1.40
1777570487.507851568,1,0,0.01
1777570488.527472484,0,0,1.40
1777570488.527472484,1,0,0.01
1777570489.548633200,0,0,1.40
1777570489.548633200,1,0,0.01
1777570490.568605137,0,0,1.40
1777570490.568605137,1,0,0.01
1777570491.588989861,0,0,1.40
1777570491.588989861,1,0,0.01
1777570492.609123528,0,0,1.40
1777570492.609123528,1,0,0.01
1777570493.629012045,0,0,1.40
1777570493.629012045,1,0,0.01
1777570494.648784274,0,0,1.40
1777570494.648784274,1,0,0.01
1777570495.668706949,0,0,1.40
1777570495.668706949,1,0,0.01
1777570496.688542804,0,0,1.40
1777570496.688542804,1,0,0.01
1777570497.708982945,0,0,1.40
1777570497.708982945,1,0,0.01
1777570498.728417482,0,0,1.40
1777570498.728417482,1,0,0.01
1777570499.748203261,0,0,1.40
1777570499.748203261,1,0,0.01
1777570500.768687482,0,0,1.40
1777570500.768687482,1,0,0.01
1777570501.789016935,0,0,1.40
1777570501.789016935,1,0,0.01
1777570502.809500375,0,0,1.40
1777570502.809500375,1,0,0.01
1777570503.829070155,0,0,1.40
1777570503.829070155,1,0,0.01
1777570504.849584840,0,0,1.40
1777570504.849584840,1,0,0.01
1777570505.869304035,0,0,1.40
1777570505.869304035,1,0,0.01
1777570506.889842267,0,0,1.40
1777570506.889842267,1,0,0.01
1777570507.909686828,0,0,1.40
1777570507.909686828,1,0,0.01
1777570508.930166908,0,0,1.40
1777570508.930166908,1,0,0.01
1777570509.949946120,0,0,1.40
1777570509.949946120,1,0,0.01
1777570510.969821492,0,0,1.40
1777570510.969821492,1,0,0.01
1777570511.990518324,0,0,1.40
1777570511.990518324,1,0,0.01
1777570513.010176576,0,0,1.40
1777570513.010176576,1,0,0.01
1777570514.031387444,0,0,1.40
1777570514.031387444,1,0,0.01
1777570515.051970842,0,0,1.40
1777570515.051970842,1,0,0.01
1777570516.072882574,0,0,1.40
1777570516.072882574,1,0,0.01
1777570517.093397178,0,0,1.40
1777570517.093397178,1,0,0.01
1777570518.113880897,0,0,1.40
1777570518.113880897,1,0,0.01
1777570519.134457519,0,0,1.40
1777570519.134457519,1,0,0.01
1777570520.156685081,0,0,1.40
1777570520.156685081,1,0,0.01
1777570521.177067198,0,0,1.40
1777570521.177067198,1,0,0.01
1777570522.198609449,0,0,1.40
1777570522.198609449,1,0,0.01
1777570523.219537439,0,0,1.40
1777570523.219537439,1,0,0.01
1777570524.239851861,0,0,1.40
1777570524.239851861,1,0,0.01
1777570525.261579338,0,0,1.40
1777570525.261579338,1,0,0.01
1777570526.283146764,0,0,1.40
1777570526.283146764,1,0,0.01
1777570527.303109829,0,0,1.40
1777570527.303109829,1,0,0.01
1777570528.323940478,0,0,1.40
1777570528.323940478,1,0,0.01
1777570529.344036818,0,0,1.40
1777570529.344036818,1,0,0.01
1777570530.364057081,0,0,1.40
1777570530.364057081,1,0,0.01
1777570531.383907849,0,0,1.40
1777570531.383907849,1,0,0.01
1777570532.404211284,0,0,1.40
1777570532.404211284,1,0,0.01
1777570533.424297956,0,0,1.40
1777570533.424297956,1,0,0.01
1777570534.444236461,0,0,1.40
1777570534.444236461,1,0,0.01
1777570535.464335352,0,0,1.40
1777570535.464335352,1,0,0.01
1777570536.484741153,0,0,1.40
1777570536.484741153,1,0,0.01
1777570537.505502276,0,0,1.40
1777570537.505502276,1,0,0.01
1777570538.526032507,0,0,1.40
1777570538.526032507,1,0,0.01
1777570539.546788708,0,0,1.40
1777570539.546788708,1,0,0.01
1777570540.566901025,0,0,1.40
1777570540.566901025,1,0,0.01
1777570541.586715189,0,0,1.40
1777570541.586715189,1,0,0.01
1777570542.606711692,0,0,1.40
1777570542.606711692,1,0,0.01
1777570543.627470885,0,0,1.40
1777570543.627470885,1,0,0.01
1777570544.647288040,0,0,1.40
1777570544.647288040,1,0,0.01
1777570545.667948053,0,0,1.40
1777570545.667948053,1,0,0.01
1777570546.687712510,0,0,1.40
1777570546.687712510,1,0,0.01
1777570547.707871255,0,0,1.40
1777570547.707871255,1,0,0.01
1777570548.728854548,0,0,1.40
1777570548.728854548,1,0,0.01
1777570549.748921387,0,0,1.40
1777570549.748921387,1,0,0.01
1777570550.769590642,0,0,1.40
1777570550.769590642,1,0,0.01
1777570551.789707933,0,0,1.40
1777570551.789707933,1,0,0.01
1777570552.810838365,0,0,1.40
1777570552.810838365,1,0,0.01
1777570553.830898663,0,0,1.40
1777570553.830898663,1,0,0.01
1777570554.852220525,0,0,1.40
1777570554.852220525,1,0,0.01
1777570555.871852280,0,0,1.40
1777570555.871852280,1,0,0.01
1777570556.891829129,0,0,1.40
1777570556.891829129,1,0,0.01
1777570557.912973664,0,0,1.40
1777570557.912973664,1,0,0.01
1777570558.933835567,0,0,1.40
1777570558.933835567,1,0,0.01
1777570559.953934994,0,0,1.40
1777570559.953934994,1,0,0.01
1777570560.974859854,0,0,1.40
1777570560.974859854,1,0,0.01
1777570561.994816174,0,0,1.40
1777570561.994816174,1,0,0.01
1777570563.014622822,0,0,1.40
1777570563.014622822,1,0,0.01
1777570564.034835893,0,0,1.40
1777570564.034835893,1,0,0.01
1777570565.054145877,0,0,1.40
1777570565.054145877,1,0,0.01
1777570566.073828069,0,0,1.40
1777570566.073828069,1,0,0.01
1777570567.093367290,0,0,1.40
1777570567.093367290,1,0,0.01
1777570568.113596836,0,0,1.40
1777570568.113596836,1,0,0.01
1777570569.133855334,0,0,1.40
1777570569.133855334,1,0,0.01
1777570570.152965442,0,0,1.40
1777570570.152965442,1,0,0.01
1777570571.172648369,0,0,1.40
1777570571.172648369,1,0,0.01
1777570572.192838201,0,0,1.40
1777570572.192838201,1,0,0.01
1777570573.214435647,0,0,1.40
1777570573.214435647,1,0,0.01
1777570574.234314055,0,0,1.40
1777570574.234314055,1,0,0.01
1777570575.253721513,0,0,1.40
1777570575.253721513,1,0,0.01
1777570576.273694099,0,0,1.40
1777570576.273694099,1,0,0.01
1777570577.293273536,0,0,1.40
1777570577.293273536,1,0,0.01
1777570578.313841968,0,0,1.40
1777570578.313841968,1,0,0.01
1777570579.333871551,0,0,1.40
1777570579.333871551,1,0,0.01
1777570580.353954795,0,0,1.40
1777570580.353954795,1,0,0.01
1777570581.374797104,0,0,1.40
1777570581.374797104,1,0,0.01
1777570582.396019632,0,0,1.40
1777570582.396019632,1,0,0.01
1777570583.417264904,0,0,1.40
1777570583.417264904,1,0,0.01
1777570584.438976274,0,0,1.40
1777570584.438976274,1,0,0.01
1777570585.458983616,0,0,1.40
1777570585.458983616,1,0,0.01
1777570586.479445663,0,0,1.40
1777570586.479445663,1,0,0.01
1777570587.501597935,0,0,1.40
1777570587.501597935,1,0,0.01
1777570588.521645252,0,0,1.40
1777570588.521645252,1,0,0.01
1777570589.542648347,0,0,1.40
1777570589.542648347,1,0,0.01
1777570590.561810962,0,0,1.40
1777570590.561810962,1,0,0.01
1777570591.582081667,0,0,1.40
1777570591.582081667,1,0,0.01
1777570592.602631829,0,0,1.40
1777570592.602631829,1,0,0.01
1777570593.622790953,0,0,1.40
1777570593.622790953,1,0,0.01
1777570594.643436618,0,0,1.40
1777570594.643436618,1,0,0.01
1777570595.663311529,0,0,1.40
1777570595.663311529,1,0,0.01
1777570596.685716714,0,0,1.40
1777570596.685716714,1,0,0.01
1777570597.707194442,0,0,1.40
1777570597.707194442,1,0,0.01
1777570598.726823319,0,0,1.40
1777570598.726823319,1,0,0.01
1777570599.747764927,0,0,1.40
1777570599.747764927,1,0,0.01
1777570600.767806005,0,0,1.40
1777570600.767806005,1,0,0.01
1777570601.788326512,0,0,1.40
1777570601.788326512,1,0,0.01
1777570602.808145981,0,0,1.40
1777570602.808145981,1,0,0.01
1777570603.829725111,0,0,1.40
1777570603.829725111,1,0,0.01
1777570604.850572353,0,0,1.40
1777570604.850572353,1,0,0.01
1777570605.871313229,0,0,1.40
1777570605.871313229,1,0,0.01
1777570606.891304661,0,0,1.40
1777570606.891304661,1,0,0.01
1777570607.912285761,0,0,1.40
1777570607.912285761,1,0,0.01
1777570608.931871440,0,0,1.40
1777570608.931871440,1,0,0.01
1777570609.951377716,0,0,1.40
1777570609.951377716,1,0,0.01
1777570610.970866408,0,0,1.40
1777570610.970866408,1,0,0.01
1777570611.990731578,0,0,1.40
1777570611.990731578,1,0,0.01
1777570613.011607572,0,0,1.40
1777570613.011607572,1,0,0.01
1777570614.032359338,0,0,1.40
1777570614.032359338,1,0,0.01
1777570615.052604446,0,0,1.40
1777570615.052604446,1,0,0.01
1777570616.073270911,0,0,1.40
1777570616.073270911,1,0,0.01
1777570617.092850140,0,0,1.40
1777570617.092850140,1,0,0.01
1777570618.115209882,0,0,1.40
1777570618.115209882,1,0,0.01
1777570619.135868033,0,0,1.40
1777570619.135868033,1,0,0.01
1777570620.156451010,0,0,1.40
1777570620.156451010,1,0,0.01
1777570621.176782798,0,0,1.40
1777570621.176782798,1,0,0.01
1777570622.196750661,0,0,1.40
1777570622.196750661,1,0,0.01
1777570623.217435646,0,0,1.40
1777570623.217435646,1,0,0.01
1777570624.237318756,0,0,1.40
1777570624.237318756,1,0,0.01
1777570625.257287561,0,0,1.40
1777570625.257287561,1,0,0.01
1777570626.277349199,0,0,1.40
1777570626.277349199,1,0,0.01
1777570627.296878564,0,0,1.40
1777570627.296878564,1,0,0.01
1777570628.316863057,0,0,1.40
1777570628.316863057,1,0,0.01
1777570629.336679339,0,0,1.40
1777570629.336679339,1,0,0.01
1777570630.356591326,0,0,1.40
1777570630.356591326,1,0,0.01
1777570631.376542302,0,0,1.40
1777570631.376542302,1,0,0.01
1777570632.396767355,0,0,1.40
1777570632.396767355,1,0,0.01
1777570633.416553260,0,0,1.40
1777570633.416553260,1,0,0.01
1777570634.438515400,0,0,1.40
1777570634.438515400,1,0,0.01
1777570635.459022133,0,0,1.40
1777570635.459022133,1,0,0.01
1777570636.479750175,0,0,1.40
1777570636.479750175,1,0,0.01
1777570637.500475158,0,0,1.40
1777570637.500475158,1,0,0.01
1777570638.519937448,0,0,1.40
1777570638.519937448,1,0,0.01
1777570639.541060567,0,0,1.40
1777570639.541060567,1,0,0.01
1777570640.561201628,0,0,1.40
1777570640.561201628,1,0,0.01
1777570641.581569147,0,0,1.40
1777570641.581569147,1,0,0.01
1777570642.603038901,0,0,1.40
1777570642.603038901,1,0,0.01
1777570643.624442702,0,0,1.40
1777570643.624442702,1,0,0.01
1777570644.644630076,0,0,1.40
1777570644.644630076,1,0,0.01
1777570645.664088651,0,0,1.40
1777570645.664088651,1,0,0.01
1777570646.684376794,0,0,1.40
1777570646.684376794,1,0,0.01
1777570647.705010270,0,0,1.40
1777570647.705010270,1,0,0.01
1777570648.725096317,0,0,1.40
1777570648.725096317,1,0,0.01
1777570649.744922011,0,0,1.40
1777570649.744922011,1,0,0.01
1777570650.765079537,0,0,1.40
1777570650.765079537,1,0,0.01
1777570651.784895993,0,0,1.40
1777570651.784895993,1,0,0.01
1777570652.805879220,0,6,1.40
1777570652.805879220,1,0,0.01
1777570653.828993431,0,68,1.40
1777570653.828993431,1,0,0.01
1777570654.850623920,0,68,1.40
1777570654.850623920,1,0,0.01
1777570655.872171080,0,67,1.40
1777570655.872171080,1,0,0.01
1777570656.892289295,0,68,1.40
1777570656.892289295,1,0,0.01
1777570657.913334620,0,0,1.40
1777570657.913334620,1,0,0.01
1777570658.935544497,0,0,1.40
1777570658.935544497,1,0,0.01
1777570659.956319201,0,0,1.40
1777570659.956319201,1,0,0.01
1777570660.976650819,0,0,1.40
1777570660.976650819,1,0,0.01
1777570661.997883314,0,0,1.40
1777570661.997883314,1,0,0.01
1777570663.019874559,0,0,1.40
1777570663.019874559,1,0,0.01
1777570664.040791909,0,0,1.40
1777570664.040791909,1,0,0.01
1777570665.060314220,0,0,1.40
1777570665.060314220,1,0,0.01
1777570666.080632155,0,0,1.40
1777570666.080632155,1,0,0.01
1777570667.101332927,0,0,1.40
1777570667.101332927,1,0,0.01
1777570668.121068657,0,0,1.40
1777570668.121068657,1,0,0.01
1777570669.141029163,0,0,1.40
1777570669.141029163,1,0,0.01
1777570670.160902405,0,0,1.40
1777570670.160902405,1,0,0.01
1777570671.181089815,0,0,1.40
1777570671.181089815,1,0,0.01
1777570672.201904574,0,0,1.40
1777570672.201904574,1,0,0.01
1777570673.222111039,0,0,1.40
1777570673.222111039,1,0,0.01
1777570674.243045908,0,0,1.40
1777570674.243045908,1,0,0.01
1777570675.262713032,0,0,1.40
1777570675.262713032,1,0,0.01
1777570676.282391900,0,0,1.40
1777570676.282391900,1,0,0.01
1777570677.301964727,0,0,1.40
1777570677.301964727,1,0,0.01
1777570678.322742831,0,0,1.40
1777570678.322742831,1,0,0.01
1777570679.343149625,0,0,1.40
1777570679.343149625,1,0,0.01
1777570680.362885701,0,0,1.40
1777570680.362885701,1,0,0.01
1777570681.382740825,0,0,1.40
1777570681.382740825,1,0,0.01
1777570682.401921905,0,0,1.40
1777570682.401921905,1,0,0.01
1777570683.421662689,0,0,1.40
1777570683.421662689,1,0,0.01
1777570684.441480662,0,0,1.40
1777570684.441480662,1,0,0.01
1777570685.462924251,0,0,1.40
1777570685.462924251,1,0,0.01
1777570686.484598159,0,0,1.40
1777570686.484598159,1,0,0.01
1777570687.504450697,0,0,1.40
1777570687.504450697,1,0,0.01
1777570688.524735824,0,0,1.40
1777570688.524735824,1,0,0.01
1777570689.545938120,0,0,1.40
1777570689.545938120,1,0,0.01
1777570690.567012700,0,0,1.40
1777570690.567012700,1,0,0.01
1777570691.586830995,0,0,1.40
1777570691.586830995,1,0,0.01
1777570692.607271801,0,0,1.40
1777570692.607271801,1,0,0.01
1777570693.627613812,0,0,1.40
1777570693.627613812,1,0,0.01
1777570694.647508814,0,0,1.40
1777570694.647508814,1,0,0.01
1777570695.668099119,0,0,1.40
1777570695.668099119,1,0,0.01
1777570696.687796681,0,0,1.40
1777570696.687796681,1,0,0.01
1777570697.708545256,0,0,1.40
1777570697.708545256,1,0,0.01
1777570698.729045032,0,0,1.40
1777570698.729045032,1,0,0.01
1777570699.750174805,0,0,1.40
1777570699.750174805,1,0,0.01
1777570700.770948016,0,0,1.40
1777570700.770948016,1,0,0.01
1777570701.790257764,0,0,1.40
1777570701.790257764,1,0,0.01
1777570702.810912885,0,0,1.40
1777570702.810912885,1,0,0.01
1777570703.830835970,0,0,1.40
1777570703.830835970,1,0,0.01
1777570704.850742227,0,0,1.40
1777570704.850742227,1,0,0.01
1777570705.872089480,0,0,1.40
1777570705.872089480,1,0,0.01
1777570706.893027066,0,0,1.40
1777570706.893027066,1,0,0.01
1777570707.913916520,0,0,1.40
1777570707.913916520,1,0,0.01
1777570708.933723460,0,0,1.40
1777570708.933723460,1,0,0.01
1777570709.953551517,0,0,1.40
1777570709.953551517,1,0,0.01
1777570710.973300204,0,0,1.40
1777570710.973300204,1,0,0.01
1777570711.993691108,0,0,1.40
1777570711.993691108,1,0,0.01
1777570713.013268523,0,0,1.40
1777570713.013268523,1,0,0.01
1777570714.033774238,0,0,1.40
1777570714.033774238,1,0,0.01
1777570715.053646306,0,0,1.40
1777570715.053646306,1,0,0.01
1777570716.074278263,0,0,1.40
1777570716.074278263,1,0,0.01
1777570717.094202315,0,0,1.40
1777570717.094202315,1,0,0.01
1777570718.114998354,0,0,1.40
1777570718.114998354,1,0,0.01
1777570719.134552703,0,0,1.40
1777570719.134552703,1,0,0.01
1777570720.154351449,0,0,1.40
1777570720.154351449,1,0,0.01
1777570721.173731793,0,0,1.40
1777570721.173731793,1,0,0.01
1777570722.193692629,0,0,1.40
1777570722.193692629,1,0,0.01
1777570723.213387242,0,0,1.40
1777570723.213387242,1,0,0.01
1777570724.233087955,0,0,1.40
1777570724.233087955,1,0,0.01
1777570725.253069138,0,0,1.40
1777570725.253069138,1,0,0.01
1777570726.272324911,0,0,1.40
1777570726.272324911,1,0,0.01
1777570727.291882357,0,0,1.40
1777570727.291882357,1,0,0.01
1777570728.313856201,0,0,1.40
1777570728.313856201,1,0,0.01
1777570729.334283327,0,0,1.40
1777570729.334283327,1,0,0.01
1777570730.354442716,0,0,1.40
1777570730.354442716,1,0,0.01
1777570731.375523474,0,0,1.40
1777570731.375523474,1,0,0.01
1777570732.397144236,0,0,1.40
1777570732.397144236,1,0,0.01
1777570733.417310782,0,0,1.40
1777570733.417310782,1,0,0.01
1777570734.437251418,0,0,1.40
1777570734.437251418,1,0,0.01
1777570735.456944618,0,0,1.40
1777570735.456944618,1,0,0.01
1777570736.476942097,0,0,1.40
1777570736.476942097,1,0,0.01
1777570737.498098909,0,0,1.40
1777570737.498098909,1,0,0.01
1777570738.517830087,0,0,1.40
1777570738.517830087,1,0,0.01
1777570739.538079681,0,0,1.40
1777570739.538079681,1,0,0.01
1777570740.559177679,0,0,1.40
1777570740.559177679,1,0,0.01
1777570741.581160747,0,0,1.40
1777570741.581160747,1,0,0.01
1777570742.601212025,0,0,1.40
1777570742.601212025,1,0,0.01
1777570743.620835951,0,0,1.40
1777570743.620835951,1,0,0.01
1777570744.640915728,0,0,1.40
1777570744.640915728,1,0,0.01
1777570745.660868192,0,0,1.40
1777570745.660868192,1,0,0.01
1777570746.682287144,0,0,1.40
1777570746.682287144,1,0,0.01
1777570747.702922596,0,0,1.40
1777570747.702922596,1,0,0.01
1777570748.722796844,0,0,1.40
1777570748.722796844,1,0,0.01
1777570749.742779613,0,0,1.40
1777570749.742779613,1,0,0.01
1777570750.762672327,0,0,1.40
1777570750.762672327,1,0,0.01
1777570751.783492391,0,0,1.40
1777570751.783492391,1,0,0.01
1777570752.803496570,0,0,1.40
1777570752.803496570,1,0,0.01
1777570753.823415087,0,0,1.40
1777570753.823415087,1,0,0.01
1777570754.843765063,0,0,1.40
1777570754.843765063,1,0,0.01
1777570755.864378921,0,0,1.40
1777570755.864378921,1,0,0.01
1777570756.884811893,0,0,1.40
1777570756.884811893,1,0,0.01
1777570757.904815843,0,0,1.40
1777570757.904815843,1,0,0.01
1777570758.924881032,0,0,1.40
1777570758.924881032,1,0,0.01
1777570759.945488333,0,0,1.40
1777570759.945488333,1,0,0.01
1777570760.967951059,0,0,1.40
1777570760.967951059,1,0,0.01
1777570761.989852552,0,0,1.40
1777570761.989852552,1,0,0.01
1777570763.010607908,0,0,1.40
1777570763.010607908,1,0,0.01
1777570764.030524765,0,0,1.40
1777570764.030524765,1,0,0.01
1777570765.050171864,0,0,1.40
1777570765.050171864,1,0,0.01
1777570766.070243649,0,0,1.40
1777570766.070243649,1,0,0.01
1777570767.090345997,0,0,1.40
1777570767.090345997,1,0,0.01
1777570768.110045793,0,0,1.40
1777570768.110045793,1,0,0.01
1777570769.129878014,0,0,1.40
1777570769.129878014,1,0,0.01
1777570770.149557520,0,0,1.40
1777570770.149557520,1,0,0.01
1777570771.170174562,0,0,1.40
1777570771.170174562,1,0,0.01
1777570772.190143225,0,0,1.40
1777570772.190143225,1,0,0.01
1777570773.210436832,0,0,1.40
1777570773.210436832,1,0,0.01
1777570774.230204474,0,0,1.40
1777570774.230204474,1,0,0.01
1777570775.250378147,0,0,1.40
1777570775.250378147,1,0,0.01
1777570776.270831513,0,0,1.40
1777570776.270831513,1,0,0.01
1777570777.291185191,0,0,1.40
1777570777.291185191,1,0,0.01
1777570778.311795583,0,0,1.40
1777570778.311795583,1,0,0.01
1777570779.332512620,0,0,1.40
1777570779.332512620,1,0,0.01
1777570780.354176668,0,0,1.40
1777570780.354176668,1,0,0.01
1777570781.373864218,0,0,1.40
1777570781.373864218,1,0,0.01
1777570782.393854148,0,0,1.40
1777570782.393854148,1,0,0.01
1777570783.415023011,0,0,1.40
1777570783.415023011,1,0,0.01
1777570784.436048935,0,0,1.40
1777570784.436048935,1,0,0.01
1777570785.457110582,0,0,1.40
1777570785.457110582,1,0,0.01
1777570786.477229221,0,0,1.40
1777570786.477229221,1,0,0.01
1777570787.497925107,0,0,1.40
1777570787.497925107,1,0,0.01
1777570788.517623022,0,0,1.40
1777570788.517623022,1,0,0.01
1777570789.537486300,0,0,1.40
1777570789.537486300,1,0,0.01
1777570790.557084072,0,0,1.40
1777570790.557084072,1,0,0.01
1777570791.576838317,0,0,1.40
1777570791.576838317,1,0,0.01
1777570792.597010256,0,0,1.40
1777570792.597010256,1,0,0.01
1777570793.616747299,0,0,1.40
1777570793.616747299,1,0,0.01
1777570794.638091380,0,0,1.40
1777570794.638091380,1,0,0.01
1777570795.659313582,0,0,1.40
1777570795.659313582,1,0,0.01
1777570796.679516797,0,0,1.40
1777570796.679516797,1,0,0.01
1777570797.701121619,0,0,1.40
1777570797.701121619,1,0,0.01
1777570798.721074698,0,0,1.40
1777570798.721074698,1,0,0.01
1777570799.741960683,0,0,1.40
1777570799.741960683,1,0,0.01
1777570800.762573539,0,0,1.40
1777570800.762573539,1,0,0.01
1777570801.782527151,0,0,1.40
1777570801.782527151,1,0,0.01
1777570802.802413926,0,0,1.40
1777570802.802413926,1,0,0.01
1777570803.822217819,0,0,1.40
1777570803.822217819,1,0,0.01
1777570804.841862578,0,0,1.40
1777570804.841862578,1,0,0.01
1777570805.861288282,0,0,1.40
1777570805.861288282,1,0,0.01
1777570806.881912882,0,0,1.40
1777570806.881912882,1,0,0.01
1777570807.902150491,0,0,1.40
1777570807.902150491,1,0,0.01
1777570808.922862674,0,0,1.40
1777570808.922862674,1,0,0.01
1777570809.942566289,0,0,1.40
1777570809.942566289,1,0,0.01
1777570810.962421501,0,0,1.40
1777570810.962421501,1,0,0.01
1777570811.982526421,0,0,1.40
1777570811.982526421,1,0,0.01
1777570813.002651589,0,0,1.40
1777570813.002651589,1,0,0.01
1777570814.022873524,0,0,1.40
1777570814.022873524,1,0,0.01
1777570815.042377642,0,0,1.40
1777570815.042377642,1,0,0.01
1777570816.062765708,0,0,1.40
1777570816.062765708,1,0,0.01
1777570817.083859603,0,0,1.40
1777570817.083859603,1,0,0.01
1777570818.105265864,0,0,1.40
1777570818.105265864,1,0,0.01
1777570819.126240371,0,0,1.40
1777570819.126240371,1,0,0.01
1777570820.146242633,0,0,1.40
1777570820.146242633,1,0,0.01
1777570821.166083164,0,0,1.40
1777570821.166083164,1,0,0.01
1777570822.186173532,0,0,1.40
1777570822.186173532,1,0,0.01
1777570823.205828688,0,0,1.40
1777570823.205828688,1,0,0.01
1777570824.225410549,0,0,1.40
1777570824.225410549,1,0,0.01
1777570825.245198908,0,0,1.40
1777570825.245198908,1,0,0.01
1777570826.264889078,0,0,1.40
1777570826.264889078,1,0,0.01
1777570827.285822171,0,0,1.40
1777570827.285822171,1,0,0.01
1777570828.305738030,0,0,1.40
1777570828.305738030,1,0,0.01
1777570829.327241221,0,0,1.40
1777570829.327241221,1,0,0.01
1777570830.347485123,0,0,1.40
1777570830.347485123,1,0,0.01
1777570831.368433616,0,0,1.40
1777570831.368433616,1,0,0.01
1777570832.389463522,0,0,1.40
1777570832.389463522,1,0,0.01
1777570833.409779932,0,0,1.40
1777570833.409779932,1,0,0.01
1777570834.431739539,0,0,1.40
1777570834.431739539,1,0,0.01
1777570835.453010518,0,0,1.40
1777570835.453010518,1,0,0.01
1777570836.473911265,0,0,1.40
1777570836.473911265,1,0,0.01
1777570837.495416170,0,0,1.40
1777570837.495416170,1,0,0.01
1777570838.515193541,0,0,1.40
1777570838.515193541,1,0,0.01
1777570839.534989390,0,0,1.40
1777570839.534989390,1,0,0.01
1777570840.554518665,0,0,1.40
1777570840.554518665,1,0,0.01
1777570841.575251521,0,0,1.40
1777570841.575251521,1,0,0.01
1777570842.597358112,0,0,1.40
1777570842.597358112,1,0,0.01
1777570843.618616342,0,0,1.40
1777570843.618616342,1,0,0.01
1777570844.640691377,0,0,1.40
1777570844.640691377,1,0,0.01
1777570845.660627886,0,0,1.40
1777570845.660627886,1,0,0.01
1777570846.680590934,0,0,1.40
1777570846.680590934,1,0,0.01
1777570847.701490603,0,0,1.40
1777570847.701490603,1,0,0.01
1777570848.721855646,0,0,1.40
1777570848.721855646,1,0,0.01
1777570849.741923422,0,0,1.40
1777570849.741923422,1,0,0.01
1777570850.761928896,0,0,1.40
1777570850.761928896,1,0,0.01
1777570851.783112556,0,0,1.40
1777570851.783112556,1,0,0.01
1777570852.804671234,0,0,1.40
1777570852.804671234,1,0,0.01
1777570853.825889938,0,0,1.40
1777570853.825889938,1,0,0.01
1777570854.847090527,0,0,1.40
1777570854.847090527,1,0,0.01
1777570855.867586664,0,0,1.40
1777570855.867586664,1,0,0.01
1777570856.889357230,0,0,1.40
1777570856.889357230,1,0,0.01
1777570857.910917749,0,0,1.40
1777570857.910917749,1,0,0.01
1777570858.931306638,0,0,1.40
1777570858.931306638,1,0,0.01
1777570859.951251474,0,0,1.40
1777570859.951251474,1,0,0.01
1777570860.973329874,0,0,1.40
1777570860.973329874,1,0,0.01
1777570861.994420231,0,0,1.40
1777570861.994420231,1,0,0.01
1777570863.014957275,0,0,1.40
1777570863.014957275,1,0,0.01
1777570864.034807855,0,0,1.40
1777570864.034807855,1,0,0.01
1777570865.054608105,0,0,1.40
1777570865.054608105,1,0,0.01
1777570866.075490005,0,0,1.40
1777570866.075490005,1,0,0.01
1777570867.095525814,0,0,1.40
1777570867.095525814,1,0,0.01
1777570868.116639758,0,0,1.40
1777570868.116639758,1,0,0.01
1777570869.138580905,0,0,1.40
1777570869.138580905,1,0,0.01
1777570870.159412726,0,0,1.40
1777570870.159412726,1,0,0.01
1777570871.180159278,0,0,1.40
1777570871.180159278,1,0,0.01
1777570872.200491472,0,0,1.40
1777570872.200491472,1,0,0.01
1777570873.221027723,0,0,1.40
1777570873.221027723,1,0,0.01
1777570874.241051197,0,0,1.40
1777570874.241051197,1,0,0.01
1777570875.261805232,0,0,1.40
1777570875.261805232,1,0,0.01
1777570876.282131932,0,0,1.40
1777570876.282131932,1,0,0.01
1777570877.302582967,0,0,1.40
1777570877.302582967,1,0,0.01
1777570878.322486026,0,0,1.40
1777570878.322486026,1,0,0.01
1777570879.342028964,0,0,1.40
1777570879.342028964,1,0,0.01
1777570880.362600962,0,0,1.40
1777570880.362600962,1,0,0.01
1777570881.383734451,0,0,1.40
1777570881.383734451,1,0,0.01
1777570882.404978788,0,0,1.40
1777570882.404978788,1,0,0.01
1777570883.425611417,0,0,1.40
1777570883.425611417,1,0,0.01
1777570884.445659824,0,0,1.40
1777570884.445659824,1,0,0.01
1777570885.465474234,0,0,1.40
1777570885.465474234,1,0,0.01
1777570886.485689180,0,0,1.40
1777570886.485689180,1,0,0.01
1777570887.506323555,0,0,1.40
1777570887.506323555,1,0,0.01
1777570888.526778486,0,0,1.40
1777570888.526778486,1,0,0.01
1777570889.546203433,0,0,1.40
1777570889.546203433,1,0,0.01
1777570890.566321819,0,0,1.40
1777570890.566321819,1,0,0.01
1777570891.586209390,0,0,1.40
1777570891.586209390,1,0,0.01
1777570892.605579000,0,0,1.40
1777570892.605579000,1,0,0.01
1777570893.625419641,0,0,1.40
1777570893.625419641,1,0,0.01
1777570894.646022724,0,0,1.40
1777570894.646022724,1,0,0.01
1777570895.665794159,0,0,1.40
1777570895.665794159,1,0,0.01
1777570896.685791236,0,0,1.40
1777570896.685791236,1,0,0.01
1777570897.706278438,0,0,1.40
1777570897.706278438,1,0,0.01
1777570898.726307915,0,0,1.40
1777570898.726307915,1,0,0.01
1777570899.746906630,0,0,1.40
1777570899.746906630,1,0,0.01
1777570900.766653282,0,0,1.40
1777570900.766653282,1,0,0.01
1777570901.786454578,0,0,1.40
1777570901.786454578,1,0,0.01
1777570902.806196880,0,0,1.40
1777570902.806196880,1,0,0.01
1777570903.826834087,0,0,1.40
1777570903.826834087,1,0,0.01
1777570904.846784725,0,0,1.40
1777570904.846784725,1,0,0.01
1777570905.868962403,0,0,1.40
1777570905.868962403,1,0,0.01
1777570906.889089470,0,0,1.40
1777570906.889089470,1,0,0.01
1777570907.909065243,0,0,1.40
1777570907.909065243,1,0,0.01
1777570908.929740710,0,0,1.40
1777570908.929740710,1,0,0.01
1777570909.950854247,0,0,1.40
1777570909.950854247,1,0,0.01
1777570910.973011839,0,0,1.40
1777570910.973011839,1,0,0.01
1777570911.994494491,0,0,1.40
1777570911.994494491,1,0,0.01
1777570913.015848519,0,0,1.40
1777570913.015848519,1,0,0.01
1777570914.035842370,0,0,1.40
1777570914.035842370,1,0,0.01
1777570915.055614874,0,0,1.40
1777570915.055614874,1,0,0.01
1777570916.075549384,0,0,1.40
1777570916.075549384,1,0,0.01
1777570917.096260619,0,0,1.40
1777570917.096260619,1,0,0.01
1777570918.116344078,0,0,1.40
1777570918.116344078,1,0,0.01
1777570919.136352442,0,0,1.40
1777570919.136352442,1,0,0.01
1777570920.156334520,0,0,1.40
1777570920.156334520,1,0,0.01
1777570921.176084527,0,0,1.40
1777570921.176084527,1,0,0.01
1777570922.195980173,0,0,1.40
1777570922.195980173,1,0,0.01
1777570923.215880176,0,0,1.40
1777570923.215880176,1,0,0.01
1777570924.235637947,0,0,1.40
1777570924.235637947,1,0,0.01
1777570925.256118166,0,0,1.40
1777570925.256118166,1,0,0.01
1777570926.276712624,0,0,1.40
1777570926.276712624,1,0,0.01
1777570927.296426534,0,0,1.40
1777570927.296426534,1,0,0.01
1777570928.316670713,0,0,1.40
1777570928.316670713,1,0,0.01
1777570929.337457707,0,0,1.40
1777570929.337457707,1,0,0.01
1777570930.357462852,0,0,1.40
1777570930.357462852,1,0,0.01
1777570931.377195535,0,0,1.40
1777570931.377195535,1,0,0.01
1777570932.397612413,0,0,1.40
1777570932.397612413,1,0,0.01
1777570933.417753494,0,0,1.40
1777570933.417753494,1,0,0.01
1777570934.437374606,0,0,1.40
1777570934.437374606,1,0,0.01
1777570935.457559936,0,0,1.40
1777570935.457559936,1,0,0.01
1777570936.480584778,0,0,1.40
1777570936.480584778,1,0,0.01
1777570937.502745266,0,0,1.40
1777570937.502745266,1,0,0.01
1777570938.522827320,0,0,1.40
1777570938.522827320,1,0,0.01
1777570939.542658528,0,0,1.40
1777570939.542658528,1,0,0.01
1777570940.562314486,0,0,1.40
1777570940.562314486,1,0,0.01
1777570941.582652411,0,0,1.40
1777570941.582652411,1,0,0.01
1777570942.604284595,0,0,1.40
1777570942.604284595,1,0,0.01
1777570943.626035013,0,0,1.40
1777570943.626035013,1,0,0.01
1777570944.646708394,0,0,1.40
1777570944.646708394,1,0,0.01
1777570945.666427050,0,0,1.40
1777570945.666427050,1,0,0.01
1777570946.686969482,0,0,1.40
1777570946.686969482,1,0,0.01
1777570947.707199982,0,0,1.40
1777570947.707199982,1,0,0.01
1777570948.727456118,0,0,1.40
1777570948.727456118,1,0,0.01
1777570949.747450966,0,0,1.40
1777570949.747450966,1,0,0.01
1777570950.767895835,0,0,1.40
1777570950.767895835,1,0,0.01
1777570951.788059044,0,0,1.40
1777570951.788059044,1,0,0.01
1777570952.808264289,0,0,1.40
1777570952.808264289,1,0,0.01
1777570953.828306456,0,0,1.40
1777570953.828306456,1,0,0.01
1777570954.848381977,0,0,1.40
1777570954.848381977,1,0,0.01
1777570955.867816713,0,0,1.40
1777570955.867816713,1,0,0.01
1777570956.887622643,0,0,1.40
1777570956.887622643,1,0,0.01
1777570957.907791618,0,0,1.40
1777570957.907791618,1,0,0.01
1777570958.929259871,0,0,1.40
1777570958.929259871,1,0,0.01
1777570959.950227762,0,0,1.40
1777570959.950227762,1,0,0.01
1777570960.971213494,0,0,1.40
1777570960.971213494,1,0,0.01
1777570961.991058817,0,0,1.40
1777570961.991058817,1,0,0.01
1777570963.011539406,0,0,1.40
1777570963.011539406,1,0,0.01
1777570964.031380349,0,0,1.40
1777570964.031380349,1,0,0.01
1777570965.052327457,0,0,1.40
1777570965.052327457,1,0,0.01
1777570966.072877800,0,0,1.40
1777570966.072877800,1,0,0.01
1777570967.092969352,0,0,1.40
1777570967.092969352,1,0,0.01
1777570968.112982312,0,0,1.40
1777570968.112982312,1,0,0.01
1777570969.132968615,0,0,1.40
1777570969.132968615,1,0,0.01
1777570970.153092631,0,0,1.40
1777570970.153092631,1,0,0.01
1777570971.173016743,0,0,1.40
1777570971.173016743,1,0,0.01
1777570972.194600012,0,0,1.40
1777570972.194600012,1,0,0.01
1777570973.214929288,0,0,1.40
1777570973.214929288,1,0,0.01
1777570974.234865882,0,0,1.40
1777570974.234865882,1,0,0.01
1777570975.255491492,0,0,1.40
1777570975.255491492,1,0,0.01
1777570976.275186170,0,0,1.40
1777570976.275186170,1,0,0.01
1777570977.294908161,0,0,1.40
1777570977.294908161,1,0,0.01
1777570978.315540797,0,0,1.40
1777570978.315540797,1,0,0.01
1777570979.335452777,0,0,1.40
1777570979.335452777,1,0,0.01
1777570980.355196153,0,0,1.40
1777570980.355196153,1,0,0.01
1777570981.376995163,0,0,1.40
1777570981.376995163,1,0,0.01
1777570982.397662465,0,0,1.40
1777570982.397662465,1,0,0.01
1777570983.417508003,0,0,1.40
1777570983.417508003,1,0,0.01
1777570984.437968110,0,0,1.40
1777570984.437968110,1,0,0.01
1777570985.457951950,0,0,1.40
1777570985.457951950,1,0,0.01
1777570986.478760871,0,0,1.40
1777570986.478760871,1,0,0.01
1777570987.499256395,0,0,1.40
1777570987.499256395,1,0,0.01
1777570988.520445682,0,0,1.40
1777570988.520445682,1,0,0.01
1777570989.541352295,0,0,1.40
1777570989.541352295,1,0,0.01
1777570990.561311900,0,0,1.40
1777570990.561311900,1,0,0.01
1777570991.581119931,0,0,1.40
1777570991.581119931,1,0,0.01
1777570992.601677029,0,0,1.40
1777570992.601677029,1,0,0.01
1777570993.622237986,0,74,1.40
1777570993.622237986,1,0,0.01
1777570994.643015695,0,74,1.40
1777570994.643015695,1,0,0.01
1777570995.664321800,0,75,1.40
1777570995.664321800,1,0,0.01
1777570996.685439963,0,76,1.40
1777570996.685439963,1,0,0.01
1777570997.707184672,0,0,1.40
1777570997.707184672,1,0,0.01
1777570998.729558536,0,0,1.40
1777570998.729558536,1,0,0.01
1777570999.749240152,0,0,1.40
1777570999.749240152,1,0,0.01
1777571000.769141032,0,0,1.40
1777571000.769141032,1,0,0.01
1777571001.790039030,0,0,1.40
1777571001.790039030,1,0,0.01
1777571002.810207789,0,0,1.40
1777571002.810207789,1,0,0.01
1777571003.830779591,0,0,1.40
1777571003.830779591,1,0,0.01
1777571004.851298609,0,0,1.40
1777571004.851298609,1,0,0.01
1777571005.870818822,0,0,1.40
1777571005.870818822,1,0,0.01
1777571006.890325690,0,0,1.40
1777571006.890325690,1,0,0.01
1777571007.910962861,0,0,1.40
1777571007.910962861,1,0,0.01
1777571008.930372269,0,0,1.40
1777571008.930372269,1,0,0.01
1777571009.951188943,0,0,1.40
1777571009.951188943,1,0,0.01
1777571010.971839529,0,0,1.40
1777571010.971839529,1,0,0.01
1777571011.993587685,0,0,1.40
1777571011.993587685,1,0,0.01
1777571013.014069393,0,0,1.40
1777571013.014069393,1,0,0.01
1777571014.035019167,0,0,1.40
1777571014.035019167,1,0,0.01
1777571015.055913892,0,0,1.40
1777571015.055913892,1,0,0.01
1777571016.076340669,0,0,1.40
1777571016.076340669,1,0,0.01
1777571017.096282861,0,0,1.40
1777571017.096282861,1,0,0.01
1777571018.116049531,0,0,1.40
1777571018.116049531,1,0,0.01
1777571019.136157347,0,0,1.40
1777571019.136157347,1,0,0.01
1777571020.155506676,0,0,1.40
1777571020.155506676,1,0,0.01
1777571021.175139968,0,0,1.40
1777571021.175139968,1,0,0.01
1777571022.194716521,0,0,1.40
1777571022.194716521,1,0,0.01
1777571023.214305716,0,0,1.40
1777571023.214305716,1,0,0.01
1777571024.234125868,0,0,1.40
1777571024.234125868,1,0,0.01
1777571025.253648184,0,0,1.40
1777571025.253648184,1,0,0.01
1777571026.273051463,0,0,1.40
1777571026.273051463,1,0,0.01
1777571027.293567266,0,0,1.40
1777571027.293567266,1,0,0.01
1777571028.314327362,0,0,1.40
1777571028.314327362,1,0,0.01
1777571029.333771585,0,0,1.40
1777571029.333771585,1,0,0.01
1777571030.354498985,0,0,1.40
1777571030.354498985,1,0,0.01
1777571031.374879951,0,0,1.40
1777571031.374879951,1,0,0.01
1777571032.396342303,0,0,1.40
1777571032.396342303,1,0,0.01
1777571033.416023793,0,0,1.40
1777571033.416023793,1,0,0.01
1777571034.435926672,0,0,1.40
1777571034.435926672,1,0,0.01
1777571035.455753640,0,0,1.40
1777571035.455753640,1,0,0.01
1777571036.476685761,0,0,1.40
1777571036.476685761,1,0,0.01
1777571037.497852978,0,0,1.40
1777571037.497852978,1,0,0.01
1777571038.518139785,0,0,1.40
1777571038.518139785,1,0,0.01
1777571039.537861903,0,0,1.40
1777571039.537861903,1,0,0.01
1777571040.559827590,0,0,1.40
1777571040.559827590,1,0,0.01
1777571041.579879750,0,0,1.40
1777571041.579879750,1,0,0.01
1777571042.599818778,0,0,1.40
1777571042.599818778,1,0,0.01
1777571043.620002863,0,0,1.40
1777571043.620002863,1,0,0.01
1777571044.639499877,0,0,1.40
1777571044.639499877,1,0,0.01
1777571045.659432536,0,0,1.40
1777571045.659432536,1,0,0.01
1777571046.678989721,0,0,1.40
1777571046.678989721,1,0,0.01
1777571047.699721931,0,0,1.40
1777571047.699721931,1,0,0.01
1777571048.720806498,0,0,1.40
1777571048.720806498,1,0,0.01
1777571049.740251751,0,0,1.40
1777571049.740251751,1,0,0.01
1777571050.759809034,0,0,1.40
1777571050.759809034,1,0,0.01
1777571051.779390630,0,0,1.40
1777571051.779390630,1,0,0.01
1777571052.800261379,0,0,1.40
1777571052.800261379,1,0,0.01
1777571053.820242847,0,0,1.40
1777571053.820242847,1,0,0.01
1777571054.839891093,0,0,1.40
1777571054.839891093,1,0,0.01
1777571055.859907425,0,0,1.40
1777571055.859907425,1,0,0.01
1777571056.881910685,0,0,1.40
1777571056.881910685,1,0,0.01
1777571057.901816102,0,0,1.40
1777571057.901816102,1,0,0.01
1777571058.921978041,0,0,1.40
1777571058.921978041,1,0,0.01
1777571059.942865722,0,0,1.40
1777571059.942865722,1,0,0.01
1777571060.963507513,0,0,1.40
1777571060.963507513,1,0,0.01
1777571061.983300511,0,0,1.40
1777571061.983300511,1,0,0.01
1777571063.004959006,0,0,1.40
1777571063.004959006,1,0,0.01
1777571064.025752295,0,0,1.40
1777571064.025752295,1,0,0.01
1777571065.046054245,0,0,1.40
1777571065.046054245,1,0,0.01
1777571066.065771416,0,0,1.40
1777571066.065771416,1,0,0.01
1777571067.086559724,0,0,1.40
1777571067.086559724,1,0,0.01
1777571068.107695441,0,0,1.40
1777571068.107695441,1,0,0.01
1777571069.129501822,0,0,1.40
1777571069.129501822,1,0,0.01
1777571070.150762466,0,0,1.40
1777571070.150762466,1,0,0.01
1777571071.172109928,0,0,1.40
1777571071.172109928,1,0,0.01
1777571072.191869940,0,0,1.40
1777571072.191869940,1,0,0.01
1777571073.211700071,0,0,1.40
1777571073.211700071,1,0,0.01
1777571074.232638354,0,0,1.40
1777571074.232638354,1,0,0.01
1777571075.252750920,0,0,1.40
1777571075.252750920,1,0,0.01
1777571076.273193636,0,0,1.40
1777571076.273193636,1,0,0.01
1777571077.293835704,0,0,1.40
1777571077.293835704,1,0,0.01
1777571078.314625866,0,0,1.40
1777571078.314625866,1,0,0.01
1777571079.334029140,0,0,1.40
1777571079.334029140,1,0,0.01
1777571080.354961338,0,0,1.40
1777571080.354961338,1,0,0.01
1777571081.375574847,0,0,1.40
1777571081.375574847,1,0,0.01
1777571082.395155267,0,0,1.40
1777571082.395155267,1,0,0.01
1777571083.415981898,0,0,1.40
1777571083.415981898,1,0,0.01
1777571084.437242652,0,0,1.40
1777571084.437242652,1,0,0.01
1777571085.458657644,0,0,1.40
1777571085.458657644,1,0,0.01
1777571086.479858598,0,0,1.40
1777571086.479858598,1,0,0.01
1777571087.500931273,0,0,1.40
1777571087.500931273,1,0,0.01
1777571088.520827855,0,0,1.40
1777571088.520827855,1,0,0.01
1777571089.540308085,0,0,1.40
1777571089.540308085,1,0,0.01
1777571090.559970935,0,0,1.40
1777571090.559970935,1,0,0.01
1777571091.579942687,0,0,1.40
1777571091.579942687,1,0,0.01
1777571092.600677955,0,0,1.40
1777571092.600677955,1,0,0.01
1777571093.620273194,0,0,1.40
1777571093.620273194,1,0,0.01
1777571094.640412112,0,0,1.40
1777571094.640412112,1,0,0.01
1777571095.661594613,0,0,1.40
1777571095.661594613,1,0,0.01
1777571096.682002089,0,0,1.40
1777571096.682002089,1,0,0.01
1777571097.701696760,0,0,1.40
1777571097.701696760,1,0,0.01
1777571098.721831433,0,0,1.40
1777571098.721831433,1,0,0.01
1777571099.741772370,0,0,1.40
1777571099.741772370,1,0,0.01
1777571100.761557947,0,0,1.40
1777571100.761557947,1,0,0.01
1777571101.782430137,0,0,1.40
1777571101.782430137,1,0,0.01
1777571102.802299194,0,0,1.40
1777571102.802299194,1,0,0.01
1777571103.822517173,0,0,1.40
1777571103.822517173,1,0,0.01
1777571104.842699959,0,0,1.40
1777571104.842699959,1,0,0.01
1777571105.863175204,0,0,1.40
1777571105.863175204,1,0,0.01
1777571106.883910488,0,0,1.40
1777571106.883910488,1,0,0.01
1777571107.905163737,0,0,1.40
1777571107.905163737,1,0,0.01
1777571108.924933097,0,0,1.40
1777571108.924933097,1,0,0.01
1777571109.946529746,0,0,1.40
1777571109.946529746,1,0,0.01
1777571110.968421183,0,0,1.40
1777571110.968421183,1,0,0.01
1777571111.989856793,0,0,1.40
1777571111.989856793,1,0,0.01
1777571113.010110930,0,0,1.40
1777571113.010110930,1,0,0.01
1777571114.029969091,0,0,1.40
1777571114.029969091,1,0,0.01
1777571115.050217283,0,0,1.40
1777571115.050217283,1,0,0.01
1777571116.069987813,0,0,1.40
1777571116.069987813,1,0,0.01
1777571117.090801858,0,0,1.40
1777571117.090801858,1,0,0.01
1777571118.111266290,0,0,1.40
1777571118.111266290,1,0,0.01
1777571119.131451714,0,0,1.40
1777571119.131451714,1,0,0.01
1777571120.151637964,0,0,1.40
1777571120.151637964,1,0,0.01
1777571121.171268023,0,0,1.40
1777571121.171268023,1,0,0.01
1777571122.191562452,0,0,1.40
1777571122.191562452,1,0,0.01
1777571123.211922135,0,0,1.40
1777571123.211922135,1,0,0.01
1777571124.232417894,0,0,1.40
1777571124.232417894,1,0,0.01
1777571125.251981988,0,0,1.40
1777571125.251981988,1,0,0.01
1777571126.272764270,0,0,1.40
1777571126.272764270,1,0,0.01
1777571127.293856000,0,0,1.40
1777571127.293856000,1,0,0.01
1777571128.313255331,0,0,1.40
1777571128.313255331,1,0,0.01
1777571129.333945879,0,0,1.40
1777571129.333945879,1,0,0.01
1777571130.353565500,0,0,1.40
1777571130.353565500,1,0,0.01
1777571131.374044175,0,0,1.40
1777571131.374044175,1,0,0.01
1777571132.393621582,0,0,1.40
1777571132.393621582,1,0,0.01
1777571133.413537652,0,0,1.40
1777571133.413537652,1,0,0.01
1777571134.434778585,0,0,1.40
1777571134.434778585,1,0,0.01
1777571135.454450913,0,0,1.40
1777571135.454450913,1,0,0.01
1777571136.475480838,0,0,1.40
1777571136.475480838,1,0,0.01
1777571137.495482680,0,0,1.40
1777571137.495482680,1,0,0.01
1777571138.515429990,0,0,1.40
1777571138.515429990,1,0,0.01
1777571139.536003884,0,0,1.40
1777571139.536003884,1,0,0.01
1777571140.556210160,0,0,1.40
1777571140.556210160,1,0,0.01
1777571141.577023621,0,0,1.40
1777571141.577023621,1,0,0.01
1777571142.597505749,0,0,1.40
1777571142.597505749,1,0,0.01
1777571143.617273035,0,0,1.40
1777571143.617273035,1,0,0.01
1777571144.637036142,0,0,1.40
1777571144.637036142,1,0,0.01
1777571145.657068876,0,0,1.40
1777571145.657068876,1,0,0.01
1777571146.676652222,0,0,1.40
1777571146.676652222,1,0,0.01
1777571147.696633112,0,0,1.40
1777571147.696633112,1,0,0.01
1777571148.716389335,0,0,1.40
1777571148.716389335,1,0,0.01
1777571149.736225067,0,0,1.40
1777571149.736225067,1,0,0.01
1777571150.756251336,0,0,1.40
1777571150.756251336,1,0,0.01
1777571151.776277104,0,0,1.40
1777571151.776277104,1,0,0.01
1777571152.797016865,0,0,1.40
1777571152.797016865,1,0,0.01
1777571153.816725975,0,0,1.40
1777571153.816725975,1,0,0.01
1777571154.836392812,0,0,1.40
1777571154.836392812,1,0,0.01
1777571155.856030697,0,0,1.40
1777571155.856030697,1,0,0.01
1777571156.876802771,0,0,1.40
1777571156.876802771,1,0,0.01
1777571157.897554911,0,0,1.40
1777571157.897554911,1,0,0.01
1777571158.917268894,0,0,1.40
1777571158.917268894,1,0,0.01
1777571159.938205584,0,0,1.40
1777571159.938205584,1,0,0.01
1777571160.957845803,0,0,1.40
1777571160.957845803,1,0,0.01
1777571161.977329437,0,0,1.40
1777571161.977329437,1,0,0.01
1777571162.997679445,0,0,1.40
1777571162.997679445,1,0,0.01
1777571164.017729496,0,0,1.40
1777571164.017729496,1,0,0.01
1777571165.038744769,0,0,1.40
1777571165.038744769,1,0,0.01
1777571166.059242015,0,0,1.40
1777571166.059242015,1,0,0.01
1777571167.078720824,0,0,1.40
1777571167.078720824,1,0,0.01
1777571168.098035710,0,0,1.40
1777571168.098035710,1,0,0.01
1777571169.118039946,0,0,1.40
1777571169.118039946,1,0,0.01
1777571170.138573136,0,0,1.40
1777571170.138573136,1,0,0.01
1777571171.158860338,0,0,1.40
1777571171.158860338,1,0,0.01
1777571172.178859950,0,0,1.40
1777571172.178859950,1,0,0.01
1777571173.198924618,0,0,1.40
1777571173.198924618,1,0,0.01
1777571174.219434751,0,0,1.40
1777571174.219434751,1,0,0.01
1777571175.239419164,0,0,1.40
1777571175.239419164,1,0,0.01
1777571176.260198883,0,0,1.40
1777571176.260198883,1,0,0.01
1777571177.280185820,0,0,1.40
1777571177.280185820,1,0,0.01
1777571178.299977667,0,0,1.40
1777571178.299977667,1,0,0.01
1777571179.319342354,0,0,1.40
1777571179.319342354,1,0,0.01
1777571180.338892887,0,0,1.40
1777571180.338892887,1,0,0.01
1777571181.360316645,0,0,1.40
1777571181.360316645,1,0,0.01
1777571182.380435444,0,0,1.40
1777571182.380435444,1,0,0.01
1777571183.400765106,0,0,1.40
1777571183.400765106,1,0,0.01
1777571184.420274477,0,0,1.40
1777571184.420274477,1,0,0.01
1777571185.440396086,0,0,1.40
1777571185.440396086,1,0,0.01
1777571186.460281141,0,0,1.40
1777571186.460281141,1,0,0.01
1777571187.479593172,0,0,1.40
1777571187.479593172,1,0,0.01
1777571188.499280530,0,0,1.40
1777571188.499280530,1,0,0.01
1777571189.519741832,0,0,1.40
1777571189.519741832,1,0,0.01
1777571190.539340483,0,0,1.40
1777571190.539340483,1,0,0.01
1777571191.559482001,0,0,1.40
1777571191.559482001,1,0,0.01
1777571192.579497466,0,0,1.40
1777571192.579497466,1,0,0.01
1777571193.600295699,0,0,1.40
1777571193.600295699,1,0,0.01
1777571194.619814764,0,0,1.40
1777571194.619814764,1,0,0.01
1777571195.639928802,0,0,1.40
1777571195.639928802,1,0,0.01
1777571196.660536158,0,0,1.40
1777571196.660536158,1,0,0.01
1777571197.681822404,0,0,1.40
1777571197.681822404,1,0,0.01
1777571198.701848408,0,0,1.40
1777571198.701848408,1,0,0.01
1777571199.722451851,0,0,1.40
1777571199.722451851,1,0,0.01
1777571200.742924530,0,0,1.40
1777571200.742924530,1,0,0.01
1777571201.762631777,0,0,1.40
1777571201.762631777,1,0,0.01
1777571202.783087028,0,0,1.40
1777571202.783087028,1,0,0.01
1777571203.802877392,0,0,1.40
1777571203.802877392,1,0,0.01
1777571204.823080779,0,0,1.40
1777571204.823080779,1,0,0.01
1777571205.844580558,0,0,1.40
1777571205.844580558,1,0,0.01
1777571206.864691894,0,0,1.40
1777571206.864691894,1,0,0.01
1777571207.885753118,0,0,1.40
1777571207.885753118,1,0,0.01
1777571208.905942638,0,0,1.40
1777571208.905942638,1,0,0.01
1777571209.925573768,0,0,1.40
1777571209.925573768,1,0,0.01
1777571210.946465669,0,0,1.40
1777571210.946465669,1,0,0.01
1777571211.967561314,0,0,1.40
1777571211.967561314,1,0,0.01
1777571212.988212532,0,0,1.40
1777571212.988212532,1,0,0.01
1777571214.008156960,0,0,1.40
1777571214.008156960,1,0,0.01
1777571215.028964437,0,0,1.40
1777571215.028964437,1,0,0.01
1777571216.050080578,0,0,1.40
1777571216.050080578,1,0,0.01
1777571217.071780009,0,0,1.40
1777571217.071780009,1,0,0.01
1777571218.092800061,0,0,1.40
1777571218.092800061,1,0,0.01
1777571219.112775846,0,0,1.40
1777571219.112775846,1,0,0.01
1777571220.132264346,0,0,1.40
1777571220.132264346,1,0,0.01
1777571221.151879775,0,0,1.40
1777571221.151879775,1,0,0.01
1777571222.171855467,0,0,1.40
1777571222.171855467,1,0,0.01
1777571223.192787644,0,0,1.40
1777571223.192787644,1,0,0.01
1777571224.214047570,0,0,1.40
1777571224.214047570,1,0,0.01
1777571225.233893030,0,0,1.40
1777571225.233893030,1,0,0.01
1777571226.256022709,0,0,1.40
1777571226.256022709,1,0,0.01
1777571227.275834865,0,0,1.40
1777571227.275834865,1,0,0.01
1777571228.297049563,0,0,1.40
1777571228.297049563,1,0,0.01
1777571229.317828321,0,0,1.40
1777571229.317828321,1,0,0.01
1777571230.337715691,0,0,1.40
1777571230.337715691,1,0,0.01
1777571231.357612222,0,0,1.40
1777571231.357612222,1,0,0.01
1777571232.377044019,0,0,1.40
1777571232.377044019,1,0,0.01
1777571233.397068400,0,0,1.40
1777571233.397068400,1,0,0.01
1777571234.416967722,0,0,1.40
1777571234.416967722,1,0,0.01
1777571235.437548886,0,0,1.40
1777571235.437548886,1,0,0.01
1777571236.458101185,0,0,1.40
1777571236.458101185,1,0,0.01
1777571237.478552879,0,0,1.40
1777571237.478552879,1,0,0.01
1777571238.498309366,0,0,1.40
1777571238.498309366,1,0,0.01
1777571239.518179674,0,0,1.40
1777571239.518179674,1,0,0.01
1777571240.539733848,0,0,1.40
1777571240.539733848,1,0,0.01
1777571241.560405769,0,0,1.40
1777571241.560405769,1,0,0.01
1777571242.581265323,0,0,1.40
1777571242.581265323,1,0,0.01
1777571243.600582216,0,0,1.40
1777571243.600582216,1,0,0.01
1777571244.620557327,0,0,1.40
1777571244.620557327,1,0,0.01
1777571245.640539399,0,0,1.40
1777571245.640539399,1,0,0.01
1777571246.662662681,0,0,1.40
1777571246.662662681,1,0,0.01
1777571247.684346510,0,0,1.40
1777571247.684346510,1,0,0.01
1777571248.703911753,0,0,1.40
1777571248.703911753,1,0,0.01
1777571249.723997479,0,0,1.40
1777571249.723997479,1,0,0.01
1777571250.744068936,0,0,1.40
1777571250.744068936,1,0,0.01
1777571251.764922151,0,0,1.40
1777571251.764922151,1,0,0.01
1777571252.784677208,0,0,1.40
1777571252.784677208,1,0,0.01
1777571253.803966734,0,0,1.40
1777571253.803966734,1,0,0.01
1777571254.824691146,0,0,1.40
1777571254.824691146,1,0,0.01
1777571255.845303958,0,0,1.40
1777571255.845303958,1,0,0.01
1777571256.864877870,0,0,1.40
1777571256.864877870,1,0,0.01
1777571257.884158004,0,0,1.40
1777571257.884158004,1,0,0.01
1777571258.903600250,0,0,1.40
1777571258.903600250,1,0,0.01
1777571259.923331747,0,0,1.40
1777571259.923331747,1,0,0.01
1777571260.944119531,0,0,1.40
1777571260.944119531,1,0,0.01
1777571261.965851595,0,0,1.40
1777571261.965851595,1,0,0.01
1777571262.987854096,0,0,1.40
1777571262.987854096,1,0,0.01
1777571264.007824699,0,0,1.40
1777571264.007824699,1,0,0.01
1777571265.027977717,0,0,1.40
1777571265.027977717,1,0,0.01
1777571266.049008489,0,0,1.40
1777571266.049008489,1,0,0.01
1777571267.069094384,0,0,1.40
1777571267.069094384,1,0,0.01
1777571268.088713750,0,0,1.40
1777571268.088713750,1,0,0.01
1777571269.108537219,0,0,1.40
1777571269.108537219,1,0,0.01
1777571270.128019228,0,0,1.40
1777571270.128019228,1,0,0.01
1777571271.147907026,0,0,1.40
1777571271.147907026,1,0,0.01
1777571272.169118431,0,0,1.40
1777571272.169118431,1,0,0.01
1777571273.190948788,0,0,1.40
1777571273.190948788,1,0,0.01
1777571274.211440873,0,0,1.40
1777571274.211440873,1,0,0.01
1777571275.231781414,0,0,1.40
1777571275.231781414,1,0,0.01
1777571276.251674567,0,0,1.40
1777571276.251674567,1,0,0.01
1777571277.272197229,0,0,1.40
1777571277.272197229,1,0,0.01
1777571278.292208927,0,0,1.40
1777571278.292208927,1,0,0.01
1777571279.313175076,0,0,1.40
1777571279.313175076,1,0,0.01
1777571280.334585902,0,0,1.40
1777571280.334585902,1,0,0.01
1777571281.354575302,0,0,1.40
1777571281.354575302,1,0,0.01
1777571282.374809568,0,0,1.40
1777571282.374809568,1,0,0.01
1777571283.395943621,0,0,1.40
1777571283.395943621,1,0,0.01
1777571284.416435569,0,0,1.40
1777571284.416435569,1,0,0.01
1777571285.436396620,0,0,1.40
1777571285.436396620,1,0,0.01
1777571286.456382855,0,0,1.40
1777571286.456382855,1,0,0.01
1777571287.476441414,0,0,1.40
1777571287.476441414,1,0,0.01
1777571288.497157515,0,0,1.40
1777571288.497157515,1,0,0.01
1777571289.516757141,0,0,1.40
1777571289.516757141,1,0,0.01
1777571290.537115829,0,0,1.40
1777571290.537115829,1,0,0.01
1777571291.557731370,0,0,1.40
1777571291.557731370,1,0,0.01
1777571292.578419646,0,0,1.40
1777571292.578419646,1,0,0.01
1777571293.599160783,0,0,1.40
1777571293.599160783,1,0,0.01
1777571294.621051122,0,0,1.40
1777571294.621051122,1,0,0.01
1777571295.642750893,0,0,1.40
1777571295.642750893,1,0,0.01
1777571296.662649045,0,0,1.40
1777571296.662649045,1,0,0.01
1777571297.683516853,0,0,1.40
1777571297.683516853,1,0,0.01
1777571298.703646530,0,0,1.40
1777571298.703646530,1,0,0.01
1777571299.723479249,0,0,1.40
1777571299.723479249,1,0,0.01
1777571300.743613067,0,0,1.40
1777571300.743613067,1,0,0.01
1777571301.763335671,0,0,1.40
1777571301.763335671,1,0,0.01
1777571302.784305664,0,0,1.40
1777571302.784305664,1,0,0.01
1777571303.804715100,0,0,1.40
1777571303.804715100,1,0,0.01
1777571304.824691683,0,0,1.40
1777571304.824691683,1,0,0.01
1777571305.846467463,0,0,1.40
1777571305.846467463,1,0,0.01
1777571306.866180819,0,0,1.40
1777571306.866180819,1,0,0.01
1777571307.886042151,0,0,1.40
1777571307.886042151,1,0,0.01
1777571308.906074652,0,0,1.40
1777571308.906074652,1,0,0.01
1777571309.926500161,0,0,1.40
1777571309.926500161,1,0,0.01
1777571310.947190956,0,0,1.40
1777571310.947190956,1,0,0.01
1777571311.968698826,0,0,1.40
1777571311.968698826,1,0,0.01
1777571312.989548186,0,0,1.40
1777571312.989548186,1,0,0.01
1777571314.010178991,0,0,1.40
1777571314.010178991,1,0,0.01
1777571315.030488548,0,0,1.40
1777571315.030488548,1,0,0.01
1777571316.050784780,0,0,1.40
1777571316.050784780,1,0,0.01
1777571317.070832282,0,0,1.40
1777571317.070832282,1,0,0.01
1777571318.091384100,0,0,1.40
1777571318.091384100,1,0,0.01
1777571319.111760340,0,0,1.40
1777571319.111760340,1,0,0.01
1777571320.133168771,0,0,1.40
1777571320.133168771,1,0,0.01
1777571321.153814969,0,0,1.40
1777571321.153814969,1,0,0.01
1777571322.173878634,0,0,1.40
1777571322.173878634,1,0,0.01
1777571323.193833466,0,0,1.40
1777571323.193833466,1,0,0.01
1777571324.214159236,0,0,1.40
1777571324.214159236,1,0,0.01
1777571325.234099827,0,0,1.40
1777571325.234099827,1,0,0.01
1777571326.254524689,0,0,1.40
1777571326.254524689,1,0,0.01
1777571327.274781919,0,0,1.40
1777571327.274781919,1,0,0.01
1777571328.295904077,0,0,1.40
1777571328.295904077,1,0,0.01
1777571329.315808387,0,0,1.40
1777571329.315808387,1,0,0.01
1777571330.336011652,0,0,1.40
1777571330.336011652,1,0,0.01
1777571331.356734266,0,0,1.40
1777571331.356734266,1,0,0.01
1777571332.378176299,0,0,1.40
1777571332.378176299,1,0,0.01
1777571333.399681749,0,0,1.40
1777571333.399681749,1,0,0.01
1777571334.420019509,0,0,1.40
1777571334.420019509,1,0,0.01
1777571335.441828839,0,0,1.40
1777571335.441828839,1,0,0.01
1777571336.464099219,0,0,1.40
1777571336.464099219,1,0,0.01
1777571337.484969420,0,0,1.40
1777571337.484969420,1,0,0.01
1777571338.507301645,0,0,1.40
1777571338.507301645,1,0,0.01
1777571339.528588003,0,0,1.40
1777571339.528588003,1,0,0.01
1777571340.549280076,0,0,1.40
1777571340.549280076,1,0,0.01
1777571341.569100970,0,0,1.40
1777571341.569100970,1,0,0.01
1777571342.589497625,0,0,1.40
1777571342.589497625,1,0,0.01
1777571343.609593435,0,0,1.40
1777571343.609593435,1,0,0.01
1777571344.629789745,0,0,1.40
1777571344.629789745,1,0,0.01
1777571345.649891688,0,0,1.40
1777571345.649891688,1,0,0.01
1777571346.669880664,0,0,1.40
1777571346.669880664,1,0,0.01
1777571347.691057022,0,0,1.40
1777571347.691057022,1,0,0.01
1777571348.712199863,0,0,1.40
1777571348.712199863,1,0,0.01
1777571349.732777057,0,0,1.40
1777571349.732777057,1,0,0.01
1777571350.753964098,0,0,1.40
1777571350.753964098,1,0,0.01
1777571351.775495613,0,0,1.40
1777571351.775495613,1,0,0.01
1777571352.796438563,0,0,1.40
1777571352.796438563,1,0,0.01
1777571353.817083366,0,0,1.40
1777571353.817083366,1,0,0.01
1777571354.837539244,0,0,1.40
1777571354.837539244,1,0,0.01
1777571355.859237021,0,0,1.40
1777571355.859237021,1,0,0.01
1777571356.879615268,0,0,1.40
1777571356.879615268,1,0,0.01
1777571357.900528504,0,0,1.40
1777571357.900528504,1,0,0.01
1777571358.921027630,0,0,1.40
1777571358.921027630,1,0,0.01
1777571359.942584669,0,0,1.40
1777571359.942584669,1,0,0.01
1777571360.963812092,0,0,1.40
1777571360.963812092,1,0,0.01
1777571361.985217174,0,0,1.40
1777571361.985217174,1,0,0.01
1777571363.006661752,0,0,1.40
1777571363.006661752,1,0,0.01
1777571364.026840271,0,0,1.40
1777571364.026840271,1,0,0.01
1777571365.047051492,0,0,1.40
1777571365.047051492,1,0,0.01
1777571366.067202283,0,0,1.40
1777571366.067202283,1,0,0.01
1777571367.089541277,0,0,1.40
1777571367.089541277,1,0,0.01
1777571368.110111072,0,0,1.40
1777571368.110111072,1,0,0.01
1777571369.130393392,0,0,1.40
1777571369.130393392,1,0,0.01
1777571370.151198046,0,0,1.40
1777571370.151198046,1,0,0.01
1777571371.172898457,0,0,1.40
1777571371.172898457,1,0,0.01
1777571372.193372361,0,0,1.40
1777571372.193372361,1,0,0.01
1777571373.213362362,0,0,1.40
1777571373.213362362,1,0,0.01
1777571374.233760751,0,0,1.40
1777571374.233760751,1,0,0.01
1777571375.254031408,0,0,1.40
1777571375.254031408,1,0,0.01
1777571376.275301625,0,0,1.40
1777571376.275301625,1,0,0.01
1777571377.295704802,0,0,1.40
1777571377.295704802,1,0,0.01
1777571378.315917081,0,0,1.40
1777571378.315917081,1,0,0.01
1777571379.337372765,0,0,1.40
1777571379.337372765,1,0,0.01
1777571380.358184408,0,0,1.40
1777571380.358184408,1,0,0.01
1777571381.378477318,0,0,1.40
1777571381.378477318,1,0,0.01
1777571382.399220435,0,0,1.40
1777571382.399220435,1,0,0.01
1777571383.419806171,0,0,1.40
1777571383.419806171,1,0,0.01
1777571384.439968802,0,0,1.40
1777571384.439968802,1,0,0.01
1777571385.462031334,0,0,1.40
1777571385.462031334,1,0,0.01
1777571386.483702212,0,0,1.40
1777571386.483702212,1,0,0.01
1777571387.505198009,0,0,1.40
1777571387.505198009,1,0,0.01
1777571388.525818286,0,0,1.40
1777571388.525818286,1,0,0.01
1777571389.545853521,0,0,1.40
1777571389.545853521,1,0,0.01
1777571390.566691577,0,0,1.40
1777571390.566691577,1,0,0.01
1777571391.587282591,0,0,1.40
1777571391.587282591,1,0,0.01
1777571392.608334579,0,0,1.40
1777571392.608334579,1,0,0.01
1777571393.629196377,0,0,1.40
1777571393.629196377,1,0,0.01
1777571394.650430773,0,0,1.40
1777571394.650430773,1,0,0.01
1777571395.671686566,0,0,1.40
1777571395.671686566,1,0,0.01
1777571396.692559801,0,0,1.40
1777571396.692559801,1,0,0.01
1777571397.712985646,0,0,1.40
1777571397.712985646,1,0,0.01
1777571398.733298093,0,0,1.40
1777571398.733298093,1,0,0.01
1777571399.753781844,0,0,1.40
1777571399.753781844,1,0,0.01
1777571400.774157386,0,0,1.40
1777571400.774157386,1,0,0.01
1777571401.794022640,0,0,1.40
1777571401.794022640,1,0,0.01
1777571402.814918642,0,0,1.40
1777571402.814918642,1,0,0.01
1777571403.835825831,0,0,1.40
1777571403.835825831,1,0,0.01
1777571404.856860617,0,0,1.40
1777571404.856860617,1,0,0.01
1777571405.877951966,0,0,1.40
1777571405.877951966,1,0,0.01
1777571406.897434396,0,0,1.40
1777571406.897434396,1,0,0.01
1777571407.918520281,0,0,1.40
1777571407.918520281,1,0,0.01
1777571408.938693539,0,0,1.40
1777571408.938693539,1,0,0.01
1777571409.958116828,0,0,1.40
1777571409.958116828,1,0,0.01
1777571410.978088722,0,0,1.40
1777571410.978088722,1,0,0.01
1777571411.999906023,0,0,1.40
1777571411.999906023,1,0,0.01
1777571413.020415525,0,0,1.40
1777571413.020415525,1,0,0.01
1777571414.040374809,0,0,1.40
1777571414.040374809,1,0,0.01
1777571415.061297426,0,0,1.40
1777571415.061297426,1,0,0.01
1777571416.081019525,0,0,1.40
1777571416.081019525,1,0,0.01
1777571417.100747661,0,0,1.40
1777571417.100747661,1,0,0.01
1777571418.120767848,0,0,1.40
1777571418.120767848,1,0,0.01
1777571419.141459466,0,0,1.40
1777571419.141459466,1,0,0.01
1777571420.162457865,0,0,1.40
1777571420.162457865,1,0,0.01
1777571421.183642281,0,0,1.40
1777571421.183642281,1,0,0.01
1777571422.203866963,0,0,1.40
1777571422.203866963,1,0,0.01
1777571423.224923691,0,0,1.40
1777571423.224923691,1,0,0.01
1777571424.245166142,0,0,1.40
1777571424.245166142,1,0,0.01
1777571425.265829179,0,0,1.40
1777571425.265829179,1,0,0.01
1777571426.287946134,0,0,1.40
1777571426.287946134,1,0,0.01
1777571427.307946022,0,0,1.40
1777571427.307946022,1,0,0.01
1777571428.327904845,0,0,1.40
1777571428.327904845,1,0,0.01
1777571429.348837580,0,0,1.40
1777571429.348837580,1,0,0.01
1777571430.369199999,0,0,1.40
1777571430.369199999,1,0,0.01
1777571431.389324078,0,0,1.40
1777571431.389324078,1,0,0.01
1777571432.409236289,0,0,1.40
1777571432.409236289,1,0,0.01
1777571433.429640552,0,0,1.40
1777571433.429640552,1,0,0.01
1777571434.449571557,0,0,1.40
1777571434.449571557,1,0,0.01
1777571435.469634311,0,0,1.40
1777571435.469634311,1,0,0.01
1777571436.489421354,0,0,1.40
1777571436.489421354,1,0,0.01
1777571437.509485158,0,0,1.40
1777571437.509485158,1,0,0.01
1777571438.529674896,0,0,1.40
1777571438.529674896,1,0,0.01
1777571439.550330297,0,0,1.40
1777571439.550330297,1,0,0.01
1777571440.570478073,0,0,1.40
1777571440.570478073,1,0,0.01
1777571441.590751414,0,0,1.40
1777571441.590751414,1,0,0.01
1777571442.610875089,0,0,1.40
1777571442.610875089,1,0,0.01
1777571443.630950574,0,0,1.40
1777571443.630950574,1,0,0.01
1777571444.651301714,0,0,1.40
1777571444.651301714,1,0,0.01
1777571445.670860505,0,0,1.40
1777571445.670860505,1,0,0.01
1777571446.691088811,0,0,1.40
1777571446.691088811,1,0,0.01
1777571447.710683425,0,0,1.40
1777571447.710683425,1,0,0.01
1777571448.730417946,0,0,1.40
1777571448.730417946,1,0,0.01
1777571449.750624182,0,0,1.40
1777571449.750624182,1,0,0.01
1777571450.769913994,0,0,1.40
1777571450.769913994,1,0,0.01
1777571451.790824076,0,0,1.40
1777571451.790824076,1,0,0.01
1777571452.811899751,0,0,1.40
1777571452.811899751,1,0,0.01
1777571453.832579682,0,0,1.40
1777571453.832579682,1,0,0.01
1777571454.852324233,0,0,1.40
1777571454.852324233,1,0,0.01
1777571455.871907289,0,0,1.40
1777571455.871907289,1,0,0.01
1777571456.891225628,0,0,1.40
1777571456.891225628,1,0,0.01
1777571457.911139037,0,0,1.40
1777571457.911139037,1,0,0.01
1777571458.931751019,0,0,1.40
1777571458.931751019,1,0,0.01
1777571459.952258532,0,0,1.40
1777571459.952258532,1,0,0.01
1777571460.973405170,0,0,1.40
1777571460.973405170,1,0,0.01
1777571461.993254611,0,0,1.40
1777571461.993254611,1,0,0.01
1777571463.013384795,0,0,1.40
1777571463.013384795,1,0,0.01
1777571464.033583715,0,0,1.40
1777571464.033583715,1,0,0.01
1777571465.054841606,0,0,1.40
1777571465.054841606,1,0,0.01
1777571466.074555128,0,0,1.40
1777571466.074555128,1,0,0.01
1777571467.093975935,0,0,1.40
1777571467.093975935,1,0,0.01
1777571468.113485629,0,0,1.40
1777571468.113485629,1,0,0.01
1777571469.133562415,0,0,1.40
1777571469.133562415,1,0,0.01
1777571470.154246788,0,0,1.40
1777571470.154246788,1,0,0.01
1777571471.175629899,0,0,1.40
1777571471.175629899,1,0,0.01
1777571472.196837346,0,0,1.40
1777571472.196837346,1,0,0.01
1777571473.216950106,0,0,1.40
1777571473.216950106,1,0,0.01
1777571474.236933043,0,0,1.40
1777571474.236933043,1,0,0.01
1777571475.256650966,0,0,1.40
1777571475.256650966,1,0,0.01
1777571476.276472627,0,0,1.40
1777571476.276472627,1,0,0.01
1777571477.296289655,0,0,1.40
1777571477.296289655,1,0,0.01
1777571478.315930422,0,0,1.40
1777571478.315930422,1,0,0.01
1777571479.335822043,0,0,1.40
1777571479.335822043,1,0,0.01
1777571480.355759525,0,0,1.40
1777571480.355759525,1,0,0.01
1777571481.375193265,0,0,1.40
1777571481.375193265,1,0,0.01
1777571482.395177088,0,0,1.40
1777571482.395177088,1,0,0.01
1777571483.414910400,0,0,1.40
1777571483.414910400,1,0,0.01
1777571484.435610061,0,0,1.40
1777571484.435610061,1,0,0.01
1777571485.455834158,0,0,1.40
1777571485.455834158,1,0,0.01
1777571486.476089963,0,0,1.40
1777571486.476089963,1,0,0.01
1777571487.496179332,0,0,1.40
1777571487.496179332,1,0,0.01
1777571488.515632561,0,0,1.40
1777571488.515632561,1,0,0.01
1777571489.535448707,0,0,1.40
1777571489.535448707,1,0,0.01
1777571490.555367059,0,0,1.40
1777571490.555367059,1,0,0.01
1777571491.575855331,0,0,1.40
1777571491.575855331,1,0,0.01
1777571492.596392056,0,0,1.40
1777571492.596392056,1,0,0.01
1777571493.616149074,0,0,1.40
1777571493.616149074,1,0,0.01
1777571494.636586658,0,0,1.40
1777571494.636586658,1,0,0.01
1777571495.656882400,0,0,1.40
1777571495.656882400,1,0,0.01
1777571496.679002489,0,0,1.40
1777571496.679002489,1,0,0.01
1777571497.699505455,0,0,1.40
1777571497.699505455,1,0,0.01
1777571498.719761749,0,0,1.40
1777571498.719761749,1,0,0.01
1777571499.740669633,0,0,1.40
1777571499.740669633,1,0,0.01
1777571500.761868635,0,0,1.40
1777571500.761868635,1,0,0.01
1777571501.782180061,0,0,1.40
1777571501.782180061,1,0,0.01
1777571502.802423255,0,0,1.40
1777571502.802423255,1,0,0.01
1777571503.822715663,0,0,1.40
1777571503.822715663,1,0,0.01
1777571504.843609711,0,0,1.40
1777571504.843609711,1,0,0.01
1777571505.863990842,0,0,1.40
1777571505.863990842,1,0,0.01
1777571506.883922102,0,0,1.40
1777571506.883922102,1,0,0.01
1777571507.903927959,0,0,1.40
1777571507.903927959,1,0,0.01
1777571508.924094027,0,0,1.40
1777571508.924094027,1,0,0.01
1777571509.945190845,0,0,1.40
1777571509.945190845,1,0,0.01
1777571510.966114039,0,0,1.40
1777571510.966114039,1,0,0.01
1777571511.987177713,0,0,1.40
1777571511.987177713,1,0,0.01
1777571513.008822071,0,0,1.40
1777571513.008822071,1,0,0.01
1777571514.029637917,0,0,1.40
1777571514.029637917,1,0,0.01
1777571515.049965330,0,0,1.40
1777571515.049965330,1,0,0.01
1777571516.072005883,0,0,1.40
1777571516.072005883,1,0,0.01
1777571517.091784196,0,0,1.40
1777571517.091784196,1,0,0.01
1777571518.112274276,0,0,1.40
1777571518.112274276,1,0,0.01
1777571519.133063213,0,0,1.40
1777571519.133063213,1,0,0.01
1777571520.152883218,0,0,1.40
1777571520.152883218,1,0,0.01
1777571521.172829778,0,0,1.40
1777571521.172829778,1,0,0.01
1777571522.192576154,0,0,1.40
1777571522.192576154,1,0,0.01
1777571523.212457387,0,0,1.40
1777571523.212457387,1,0,0.01
1777571524.232805934,0,0,1.40
1777571524.232805934,1,0,0.01
1777571525.252303199,0,0,1.40
1777571525.252303199,1,0,0.01
1777571526.272935432,0,0,1.40
1777571526.272935432,1,0,0.01
1777571527.292940187,0,0,1.40
1777571527.292940187,1,0,0.01
1777571528.313763387,0,0,1.40
1777571528.313763387,1,0,0.01
1777571529.333815826,0,0,1.40
1777571529.333815826,1,0,0.01
1777571530.354924676,0,0,1.40
1777571530.354924676,1,0,0.01
1777571531.376810960,0,0,1.40
1777571531.376810960,1,0,0.01
1777571532.398015287,0,0,1.40
1777571532.398015287,1,0,0.01
1777571533.418936842,0,0,1.40
1777571533.418936842,1,0,0.01
1777571534.440468489,0,0,1.40
1777571534.440468489,1,0,0.01
1777571535.460226959,0,0,1.40
1777571535.460226959,1,0,0.01
1777571536.481797965,0,0,1.40
1777571536.481797965,1,0,0.01
1777571537.505788435,0,0,1.40
1777571537.505788435,1,0,0.01
1777571538.526918372,0,0,1.40
1777571538.526918372,1,0,0.01
1777571539.546987930,0,0,1.40
1777571539.546987930,1,0,0.01
1777571540.568827143,0,0,1.40
1777571540.568827143,1,0,0.01
1777571541.589099105,0,0,1.40
1777571541.589099105,1,0,0.01
1777571542.609915964,0,0,1.40
1777571542.609915964,1,0,0.01
1777571543.631046759,0,0,1.40
1777571543.631046759,1,0,0.01
1777571544.651576674,0,0,1.40
1777571544.651576674,1,0,0.01
1777571545.671218673,0,0,1.40
1777571545.671218673,1,0,0.01
1777571546.690966980,0,0,1.40
1777571546.690966980,1,0,0.01
1777571547.710527582,0,7,1.40
1777571547.710527582,1,0,0.01
1777571548.732164786,0,75,1.40
1777571548.732164786,1,0,0.01
1777571549.754375775,0,75,1.40
1777571549.754375775,1,0,0.01
1777571550.776005344,0,77,1.40
1777571550.776005344,1,0,0.01
1777571551.797174459,0,77,1.40
1777571551.797174459,1,0,0.01
1777571552.817018851,0,0,1.40
1777571552.817018851,1,0,0.01
1777571553.836629349,0,0,1.40
1777571553.836629349,1,0,0.01
1777571554.858216981,0,0,1.40
1777571554.858216981,1,0,0.01
1777571555.878113446,0,0,1.40
1777571555.878113446,1,0,0.01
1777571556.898319648,0,0,1.40
1777571556.898319648,1,0,0.01
1777571557.918317499,0,0,1.40
1777571557.918317499,1,0,0.01
1777571558.939547365,0,0,1.40
1777571558.939547365,1,0,0.01
1777571559.959515812,0,0,1.40
1777571559.959515812,1,0,0.01
1777571560.979157567,0,0,1.40
1777571560.979157567,1,0,0.01
1777571561.999505862,0,0,1.40
1777571561.999505862,1,0,0.01
1777571563.021604919,0,0,1.40
1777571563.021604919,1,0,0.01
1777571564.042196489,0,0,1.40
1777571564.042196489,1,0,0.01
1777571565.062449165,0,0,1.40
1777571565.062449165,1,0,0.01
1777571566.083289645,0,0,1.40
1777571566.083289645,1,0,0.01
1777571567.103993026,0,0,1.40
1777571567.103993026,1,0,0.01
1777571568.123784706,0,0,1.40
1777571568.123784706,1,0,0.01
1777571569.144552098,0,0,1.40
1777571569.144552098,1,0,0.01
1777571570.165017626,0,0,1.40
1777571570.165017626,1,0,0.01
1777571571.185078376,0,0,1.40
1777571571.185078376,1,0,0.01
1777571572.206915804,0,0,1.40
1777571572.206915804,1,0,0.01
1777571573.227246516,0,0,1.40
1777571573.227246516,1,0,0.01
1777571574.247524717,0,0,1.40
1777571574.247524717,1,0,0.01
1777571575.267882645,0,0,1.40
1777571575.267882645,1,0,0.01
1777571576.288302744,0,0,1.40
1777571576.288302744,1,0,0.01
1777571577.308757950,0,0,1.40
1777571577.308757950,1,0,0.01
1777571578.329338603,0,0,1.40
1777571578.329338603,1,0,0.01
1777571579.349537075,0,0,1.40
1777571579.349537075,1,0,0.01
1777571580.369433518,0,0,1.40
1777571580.369433518,1,0,0.01
1777571581.389780632,0,0,1.40
1777571581.389780632,1,0,0.01
1777571582.410935292,0,0,1.40
1777571582.410935292,1,0,0.01
1777571583.430813400,0,0,1.40
1777571583.430813400,1,0,0.01
1777571584.451626803,0,0,1.40
1777571584.451626803,1,0,0.01
1777571585.471757801,0,0,1.40
1777571585.471757801,1,0,0.01
1777571586.493330160,0,0,1.40
1777571586.493330160,1,0,0.01
1777571587.514054513,0,0,1.40
1777571587.514054513,1,0,0.01
1777571588.534334379,0,0,1.40
1777571588.534334379,1,0,0.01
1777571589.554241225,0,0,1.40
1777571589.554241225,1,0,0.01
1777571590.574265450,0,0,1.40
1777571590.574265450,1,0,0.01
1777571591.594820242,0,0,1.40
1777571591.594820242,1,0,0.01
1777571592.615617195,0,0,1.40
1777571592.615617195,1,0,0.01
1777571593.635626529,0,0,1.40
1777571593.635626529,1,0,0.01
1777571594.655860954,0,0,1.40
1777571594.655860954,1,0,0.01
1777571595.676535706,0,0,1.40
1777571595.676535706,1,0,0.01
1777571596.696371033,0,0,1.40
1777571596.696371033,1,0,0.01
1777571597.716978132,0,0,1.40
1777571597.716978132,1,0,0.01
1777571598.738352456,0,0,1.40
1777571598.738352456,1,0,0.01
1777571599.759913146,0,0,1.40
1777571599.759913146,1,0,0.01
1777571600.779660903,0,0,1.40
1777571600.779660903,1,0,0.01
1777571601.801186110,0,0,1.40
1777571601.801186110,1,0,0.01
1777571602.822500273,0,0,1.40
1777571602.822500273,1,0,0.01
1777571603.842787338,0,0,1.40
1777571603.842787338,1,0,0.01
1777571604.863408626,0,0,1.40
1777571604.863408626,1,0,0.01
1777571605.883803864,0,0,1.40
1777571605.883803864,1,0,0.01
1777571606.903822076,0,0,1.40
1777571606.903822076,1,0,0.01
1777571607.924922813,0,0,1.40
1777571607.924922813,1,0,0.01
1777571608.945575146,0,0,1.40
1777571608.945575146,1,0,0.01
1777571609.966001931,0,0,1.40
1777571609.966001931,1,0,0.01
1777571610.986434719,0,0,1.40
1777571610.986434719,1,0,0.01
1777571612.006742875,0,0,1.40
1777571612.006742875,1,0,0.01
1777571613.027924013,0,0,1.40
1777571613.027924013,1,0,0.01
1777571614.048768709,0,0,1.40
1777571614.048768709,1,0,0.01
1777571615.069891606,0,0,1.40
1777571615.069891606,1,0,0.01
1777571616.089753544,0,0,1.40
1777571616.089753544,1,0,0.01
1777571617.110780917,0,0,1.40
1777571617.110780917,1,0,0.01
1777571618.130808206,0,0,1.40
1777571618.130808206,1,0,0.01
1777571619.150912026,0,0,1.40
1777571619.150912026,1,0,0.01
1777571620.172593602,0,0,1.40
1777571620.172593602,1,0,0.01
1777571621.193501388,0,0,1.40
1777571621.193501388,1,0,0.01
1777571622.213592742,0,0,1.40
1777571622.213592742,1,0,0.01
1777571623.234057528,0,0,1.40
1777571623.234057528,1,0,0.01
1777571624.254154138,0,0,1.40
1777571624.254154138,1,0,0.01
1777571625.274285226,0,0,1.40
1777571625.274285226,1,0,0.01
1777571626.294952723,0,0,1.40
1777571626.294952723,1,0,0.01
1777571627.314899227,0,0,1.40
1777571627.314899227,1,0,0.01
1777571628.335733318,0,0,1.40
1777571628.335733318,1,0,0.01
1777571629.356077954,0,0,1.40
1777571629.356077954,1,0,0.01
1777571630.376456467,0,0,1.40
1777571630.376456467,1,0,0.01
1777571631.397653906,0,0,1.40
1777571631.397653906,1,0,0.01
1777571632.419121717,0,0,1.40
1777571632.419121717,1,0,0.01
1777571633.439913501,0,0,1.40
1777571633.439913501,1,0,0.01
1777571634.460412749,0,0,1.40
1777571634.460412749,1,0,0.01
1777571635.481007213,0,0,1.40
1777571635.481007213,1,0,0.01
1777571636.500855878,0,0,1.40
1777571636.500855878,1,0,0.01
1777571637.521717899,0,0,1.40
1777571637.521717899,1,0,0.01
1777571638.542655075,0,0,1.40
1777571638.542655075,1,0,0.01
1777571639.562939325,0,0,1.40
1777571639.562939325,1,0,0.01
1777571640.582537512,0,0,1.40
1777571640.582537512,1,0,0.01
1777571641.603675632,0,0,1.40
1777571641.603675632,1,0,0.01
1777571642.624727605,0,0,1.40
1777571642.624727605,1,0,0.01
1777571643.644878406,0,0,1.40
1777571643.644878406,1,0,0.01
1777571644.665124377,0,0,1.40
1777571644.665124377,1,0,0.01
1777571645.686351195,0,0,1.40
1777571645.686351195,1,0,0.01
1777571646.706664306,0,0,1.40
1777571646.706664306,1,0,0.01
1777571647.726848919,0,0,1.40
1777571647.726848919,1,0,0.01
1777571648.748596052,0,0,1.40
1777571648.748596052,1,0,0.01
1777571649.769311847,0,0,1.40
1777571649.769311847,1,0,0.01
1777571650.789425265,0,0,1.40
1777571650.789425265,1,0,0.01
1777571651.809600093,0,0,1.40
1777571651.809600093,1,0,0.01
1777571652.830570250,0,0,1.40
1777571652.830570250,1,0,0.01
1777571653.850872868,0,0,1.40
1777571653.850872868,1,0,0.01
1777571654.871777727,0,0,1.40
1777571654.871777727,1,0,0.01
1777571655.892521599,0,0,1.40
1777571655.892521599,1,0,0.01
1777571656.912699132,0,0,1.40
1777571656.912699132,1,0,0.01
1777571657.932698624,0,0,1.40
1777571657.932698624,1,0,0.01
1777571658.952920582,0,0,1.40
1777571658.952920582,1,0,0.01
1777571659.972999091,0,0,1.40
1777571659.972999091,1,0,0.01
1777571660.994629685,0,0,1.40
1777571660.994629685,1,0,0.01
1777571662.016369137,0,0,1.40
1777571662.016369137,1,0,0.01
1777571663.037230057,0,0,1.40
1777571663.037230057,1,0,0.01
1777571664.056977908,0,0,1.40
1777571664.056977908,1,0,0.01
1777571665.078455908,0,0,1.40
1777571665.078455908,1,0,0.01
1777571666.100900443,0,0,1.40
1777571666.100900443,1,0,0.01
1777571667.121079262,0,0,1.40
1777571667.121079262,1,0,0.01
1777571668.141860282,0,0,1.40
1777571668.141860282,1,0,0.01
1777571669.163235069,0,0,1.40
1777571669.163235069,1,0,0.01
1777571670.183543317,0,0,1.40
1777571670.183543317,1,0,0.01
1777571671.203423107,0,0,1.40
1777571671.203423107,1,0,0.01
1777571672.224233786,0,0,1.40
1777571672.224233786,1,0,0.01
1777571673.244328348,0,0,1.40
1777571673.244328348,1,0,0.01
1777571674.264994101,0,0,1.40
1777571674.264994101,1,0,0.01
1777571675.286369017,0,0,1.40
1777571675.286369017,1,0,0.01
1777571676.306070454,0,0,1.40
1777571676.306070454,1,0,0.01
1777571677.325832484,0,0,1.40
1777571677.325832484,1,0,0.01
1777571678.345454591,0,0,1.40
1777571678.345454591,1,0,0.01
1777571679.365259568,0,0,1.40
1777571679.365259568,1,0,0.01
1777571680.385113011,0,0,1.40
1777571680.385113011,1,0,0.01
1777571681.407274727,0,0,1.40
1777571681.407274727,1,0,0.01
1777571682.427774777,0,0,1.40
1777571682.427774777,1,0,0.01
1777571683.448067868,0,0,1.40
1777571683.448067868,1,0,0.01
1777571684.468056617,0,0,1.40
1777571684.468056617,1,0,0.01
1777571685.488812298,0,0,1.40
1777571685.488812298,1,0,0.01
1777571686.508993303,0,0,1.40
1777571686.508993303,1,0,0.01
1777571687.529789225,0,0,1.40
1777571687.529789225,1,0,0.01
1777571688.550092489,0,0,1.40
1777571688.550092489,1,0,0.01
1777571689.571092530,0,0,1.40
1777571689.571092530,1,0,0.01
1777571690.593017552,0,0,1.40
1777571690.593017552,1,0,0.01
1777571691.613365704,0,0,1.40
1777571691.613365704,1,0,0.01
1777571692.634470533,0,0,1.40
1777571692.634470533,1,0,0.01
1777571693.654295515,0,0,1.40
1777571693.654295515,1,0,0.01
1777571694.674773237,0,0,1.40
1777571694.674773237,1,0,0.01
1777571695.694204115,0,0,1.40
1777571695.694204115,1,0,0.01
1777571696.714934051,0,0,1.40
1777571696.714934051,1,0,0.01
1777571697.734378966,0,0,1.40
1777571697.734378966,1,0,0.01
1777571698.754203226,0,0,1.40
1777571698.754203226,1,0,0.01
1777571699.774322898,0,0,1.40
1777571699.774322898,1,0,0.01
1777571700.794480065,0,0,1.40
1777571700.794480065,1,0,0.01
1777571701.814307023,0,0,1.40
1777571701.814307023,1,0,0.01
1777571702.835184357,0,0,1.40
1777571702.835184357,1,0,0.01
1777571703.855739741,0,0,1.40
1777571703.855739741,1,0,0.01
1777571704.876673460,0,0,1.40
1777571704.876673460,1,0,0.01
1777571705.896687289,0,0,1.40
1777571705.896687289,1,0,0.01
1777571706.916585454,0,0,1.40
1777571706.916585454,1,0,0.01
1777571707.936390181,0,0,1.40
1777571707.936390181,1,0,0.01
1777571708.956204010,0,0,1.40
1777571708.956204010,1,0,0.01
1777571709.977419411,0,0,1.40
1777571709.977419411,1,0,0.01
1777571710.997782892,0,0,1.40
1777571710.997782892,1,0,0.01
1777571712.017651619,0,0,1.40
1777571712.017651619,1,0,0.01
1777571713.037175899,0,0,1.40
1777571713.037175899,1,0,0.01
1777571714.057084070,0,0,1.40
1777571714.057084070,1,0,0.01
1777571715.077333056,0,0,1.40
1777571715.077333056,1,0,0.01
1777571716.097433051,0,0,1.40
1777571716.097433051,1,0,0.01
1777571717.117587925,0,0,1.40
1777571717.117587925,1,0,0.01
1777571718.137850703,0,0,1.40
1777571718.137850703,1,0,0.01
1777571719.158017750,0,0,1.40
1777571719.158017750,1,0,0.01
1777571720.177865992,0,0,1.40
1777571720.177865992,1,0,0.01
1777571721.197718023,0,0,1.40
1777571721.197718023,1,0,0.01
1777571722.219001223,0,0,1.40
1777571722.219001223,1,0,0.01
1777571723.239185213,0,0,1.40
1777571723.239185213,1,0,0.01
1777571724.261240351,0,0,1.40
1777571724.261240351,1,0,0.01
1777571725.281519615,0,0,1.40
1777571725.281519615,1,0,0.01
1777571726.301239090,0,0,1.40
1777571726.301239090,1,0,0.01
1777571727.321224243,0,0,1.40
1777571727.321224243,1,0,0.01
1777571728.341177170,0,0,1.40
1777571728.341177170,1,0,0.01
1777571729.361344299,0,0,1.40
1777571729.361344299,1,0,0.01
1777571730.381214798,0,0,1.40
1777571730.381214798,1,0,0.01
1777571731.403543040,0,0,1.40
1777571731.403543040,1,0,0.01
1777571732.424861836,0,0,1.40
1777571732.424861836,1,0,0.01
1777571733.445123203,0,0,1.40
1777571733.445123203,1,0,0.01
1777571734.465376679,0,0,1.40
1777571734.465376679,1,0,0.01
1777571735.486712033,0,0,1.40
1777571735.486712033,1,0,0.01
1777571736.507018892,0,0,1.40
1777571736.507018892,1,0,0.01
1777571737.526801282,0,0,1.40
1777571737.526801282,1,0,0.01
1777571738.546820993,0,0,1.40
1777571738.546820993,1,0,0.01
1777571739.566717664,0,0,1.40
1777571739.566717664,1,0,0.01
1777571740.586952539,0,0,1.40
1777571740.586952539,1,0,0.01
1777571741.608159050,0,0,1.40
1777571741.608159050,1,0,0.01
1777571742.628487069,0,0,1.40
1777571742.628487069,1,0,0.01
1777571743.649332225,0,0,1.40
1777571743.649332225,1,0,0.01
1777571744.669219389,0,0,1.40
1777571744.669219389,1,0,0.01
1777571745.689987890,0,0,1.40
1777571745.689987890,1,0,0.01
1777571746.711698734,0,0,1.40
1777571746.711698734,1,0,0.01
1777571747.732606826,0,0,1.40
1777571747.732606826,1,0,0.01
1777571748.753648413,0,0,1.40
1777571748.753648413,1,0,0.01
1777571749.773017562,0,0,1.40
1777571749.773017562,1,0,0.01
1777571750.793931671,0,0,1.40
1777571750.793931671,1,0,0.01
1777571751.814466452,0,0,1.40
1777571751.814466452,1,0,0.01
1777571752.835971595,0,0,1.40
1777571752.835971595,1,0,0.01
1777571753.856179456,0,0,1.40
1777571753.856179456,1,0,0.01
1777571754.876680774,0,0,1.40
1777571754.876680774,1,0,0.01
1777571755.897043114,0,0,1.40
1777571755.897043114,1,0,0.01
1777571756.919405473,0,0,1.40
1777571756.919405473,1,0,0.01
1777571757.941019175,0,0,1.40
1777571757.941019175,1,0,0.01
1777571758.960874195,0,0,1.40
1777571758.960874195,1,0,0.01
1777571759.981096020,0,0,1.40
1777571759.981096020,1,0,0.01
1777571761.001861005,0,0,1.40
1777571761.001861005,1,0,0.01
1777571762.022836021,0,0,1.40
1777571762.022836021,1,0,0.01
1777571763.042733261,0,0,1.40
1777571763.042733261,1,0,0.01
1777571764.062728602,0,0,1.40
1777571764.062728602,1,0,0.01
1777571765.082235485,0,0,1.40
1777571765.082235485,1,0,0.01
1777571766.102351987,0,0,1.40
1777571766.102351987,1,0,0.01
1777571767.122723846,0,0,1.40
1777571767.122723846,1,0,0.01
1777571768.142789612,0,0,1.40
1777571768.142789612,1,0,0.01
1777571769.162726526,0,0,1.40
1777571769.162726526,1,0,0.01
1777571770.183093109,0,0,1.40
1777571770.183093109,1,0,0.01
1777571771.202836267,0,0,1.40
1777571771.202836267,1,0,0.01
1777571772.222822967,0,0,1.40
1777571772.222822967,1,0,0.01
1777571773.243865824,0,0,1.40
1777571773.243865824,1,0,0.01
1777571774.264559456,0,0,1.40
1777571774.264559456,1,0,0.01
1777571775.285035396,0,0,1.40
1777571775.285035396,1,0,0.01
1777571776.304719957,0,0,1.40
1777571776.304719957,1,0,0.01
1777571777.324985836,0,0,1.40
1777571777.324985836,1,0,0.01
1777571778.345691196,0,0,1.40
1777571778.345691196,1,0,0.01
1777571779.365661148,0,0,1.40
1777571779.365661148,1,0,0.01
1777571780.385243401,0,0,1.40
1777571780.385243401,1,0,0.01
1777571781.405016787,0,0,1.40
1777571781.405016787,1,0,0.01
1777571782.426983070,0,0,1.40
1777571782.426983070,1,0,0.01
1777571783.447212952,0,0,1.40
1777571783.447212952,1,0,0.01
1777571784.468957610,0,0,1.40
1777571784.468957610,1,0,0.01
1777571785.489444986,0,0,1.40
1777571785.489444986,1,0,0.01
1777571786.509691944,0,0,1.40
1777571786.509691944,1,0,0.01
1777571787.531249802,0,0,1.40
1777571787.531249802,1,0,0.01
1777571788.551860316,0,0,1.40
1777571788.551860316,1,0,0.01
1777571789.572031702,0,0,1.40
1777571789.572031702,1,0,0.01
1777571790.591344028,0,0,1.40
1777571790.591344028,1,0,0.01
1777571791.611313518,0,0,1.40
1777571791.611313518,1,0,0.01
1777571792.631981837,0,0,1.40
1777571792.631981837,1,0,0.01
1777571793.652461030,0,0,1.40
1777571793.652461030,1,0,0.01
1777571794.672800798,0,0,1.40
1777571794.672800798,1,0,0.01
1777571795.692858250,0,0,1.40
1777571795.692858250,1,0,0.01
1777571796.712811754,0,0,1.40
1777571796.712811754,1,0,0.01
1777571797.732914019,0,0,1.40
1777571797.732914019,1,0,0.01
1777571798.752853455,0,0,1.40
1777571798.752853455,1,0,0.01
1777571799.773786531,0,0,1.40
1777571799.773786531,1,0,0.01
1777571800.793868177,0,0,1.40
1777571800.793868177,1,0,0.01
1777571801.814513114,0,0,1.40
1777571801.814513114,1,0,0.01
1777571802.836629576,0,0,1.40
1777571802.836629576,1,0,0.01
1777571803.857381832,0,0,1.40
1777571803.857381832,1,0,0.01
1777571804.877684193,0,0,1.40
1777571804.877684193,1,0,0.01
1777571805.897539936,0,0,1.40
1777571805.897539936,1,0,0.01
1777571806.917880611,0,0,1.40
1777571806.917880611,1,0,0.01
1777571807.938302017,0,0,1.40
1777571807.938302017,1,0,0.01
1777571808.959099764,0,0,1.40
1777571808.959099764,1,0,0.01
1777571809.979903680,0,0,1.40
1777571809.979903680,1,0,0.01
1777571811.000634020,0,0,1.40
1777571811.000634020,1,0,0.01
1777571812.021253357,0,0,1.40
1777571812.021253357,1,0,0.01
1777571813.042102430,0,0,1.40
1777571813.042102430,1,0,0.01
1777571814.064367545,0,0,1.40
1777571814.064367545,1,0,0.01
1777571815.085563045,0,0,1.40
1777571815.085563045,1,0,0.01
1777571816.105877014,0,0,1.40
1777571816.105877014,1,0,0.01
1777571817.126629166,0,0,1.40
1777571817.126629166,1,0,0.01
1777571818.146436525,0,0,1.40
1777571818.146436525,1,0,0.01
1777571819.166769467,0,0,1.40
1777571819.166769467,1,0,0.01
1777571820.186629557,0,0,1.40
1777571820.186629557,1,0,0.01
1777571821.206515707,0,0,1.40
1777571821.206515707,1,0,0.01
1777571822.225977936,0,0,1.40
1777571822.225977936,1,0,0.01
1777571823.245834538,0,0,1.40
1777571823.245834538,1,0,0.01
1777571824.267995192,0,0,1.40
1777571824.267995192,1,0,0.01
1777571825.287963122,0,0,1.40
1777571825.287963122,1,0,0.01
1777571826.308308823,0,0,1.40
1777571826.308308823,1,0,0.01
1777571827.327960018,0,0,1.40
1777571827.327960018,1,0,0.01
1777571828.348005902,0,0,1.40
1777571828.348005902,1,0,0.01
1777571829.369980751,0,0,1.40
1777571829.369980751,1,0,0.01
1777571830.391033245,0,0,1.40
1777571830.391033245,1,0,0.01
1777571831.410794937,0,0,1.40
1777571831.410794937,1,0,0.01
1777571832.430421919,0,0,1.40
1777571832.430421919,1,0,0.01
1777571833.450982341,0,0,1.40
1777571833.450982341,1,0,0.01
1777571834.470726519,0,0,1.40
1777571834.470726519,1,0,0.01
1777571835.492178269,0,0,1.40
1777571835.492178269,1,0,0.01
1777571836.512000883,0,0,1.40
1777571836.512000883,1,0,0.01
1777571837.532363901,0,0,1.40
1777571837.532363901,1,0,0.01
1777571838.552329360,0,0,1.40
1777571838.552329360,1,0,0.01
1777571839.572476499,0,0,1.40
1777571839.572476499,1,0,0.01
1777571840.592860695,0,0,1.40
1777571840.592860695,1,0,0.01
1777571841.612562932,0,0,1.40
1777571841.612562932,1,0,0.01
1777571842.633364688,0,0,1.40
1777571842.633364688,1,0,0.01
1777571843.654186107,0,0,1.40
1777571843.654186107,1,0,0.01
1777571844.675171040,0,0,1.40
1777571844.675171040,1,0,0.01
1777571845.695315197,0,0,1.40
1777571845.695315197,1,0,0.01
1777571846.716179034,0,0,1.40
1777571846.716179034,1,0,0.01
1777571847.736958063,0,0,1.40
1777571847.736958063,1,0,0.01
1777571848.756649088,0,0,1.40
1777571848.756649088,1,0,0.01
1777571849.776995224,0,0,1.40
1777571849.776995224,1,0,0.01
1777571850.796587766,0,0,1.40
1777571850.796587766,1,0,0.01
1777571851.817018055,0,0,1.40
1777571851.817018055,1,0,0.01
1777571852.836530864,0,0,1.40
1777571852.836530864,1,0,0.01
1777571853.856481646,0,0,1.40
1777571853.856481646,1,0,0.01
1777571854.875900280,0,0,1.40
1777571854.875900280,1,0,0.01
1777571855.895914035,0,0,1.40
1777571855.895914035,1,0,0.01
1777571856.917175233,0,0,1.40
1777571856.917175233,1,0,0.01
1777571857.936521061,0,0,1.40
1777571857.936521061,1,0,0.01
1777571858.956228885,0,0,1.40
1777571858.956228885,1,0,0.01
1777571859.975484039,0,0,1.40
1777571859.975484039,1,0,0.01
1777571860.996537629,0,0,1.40
1777571860.996537629,1,0,0.01
1777571862.016942757,0,0,1.40
1777571862.016942757,1,0,0.01
1777571863.037321966,0,0,1.40
1777571863.037321966,1,0,0.01
1777571864.058795681,0,0,1.40
1777571864.058795681,1,0,0.01
1777571865.079894092,0,0,1.40
1777571865.079894092,1,0,0.01
1777571866.100098500,0,0,1.40
1777571866.100098500,1,0,0.01
1777571867.121314543,0,0,1.40
1777571867.121314543,1,0,0.01
1777571868.141624750,0,0,1.40
1777571868.141624750,1,0,0.01
1777571869.162178469,0,0,1.40
1777571869.162178469,1,0,0.01
1777571870.182905289,0,0,1.40
1777571870.182905289,1,0,0.01
1777571871.203592076,0,0,1.40
1777571871.203592076,1,0,0.01
1777571872.225188754,0,0,1.40
1777571872.225188754,1,0,0.01
1777571873.246389431,0,0,1.40
1777571873.246389431,1,0,0.01
1777571874.266825153,0,0,1.40
1777571874.266825153,1,0,0.01
1777571875.286978651,0,0,1.40
1777571875.286978651,1,0,0.01
1777571876.308174237,0,0,1.40
1777571876.308174237,1,0,0.01
1777571877.328720839,0,0,1.40
1777571877.328720839,1,0,0.01
1777571878.349092682,0,0,1.40
1777571878.349092682,1,0,0.01
1777571879.369745993,0,0,1.40
1777571879.369745993,1,0,0.01
1777571880.390088729,0,0,1.40
1777571880.390088729,1,0,0.01
1777571881.410204412,0,0,1.40
1777571881.410204412,1,0,0.01
1777571882.431413871,0,0,1.40
1777571882.431413871,1,0,0.01
1777571883.451801293,0,0,1.40
1777571883.451801293,1,0,0.01
1777571884.472832473,0,0,1.40
1777571884.472832473,1,0,0.01
1777571885.494170296,0,0,1.40
1777571885.494170296,1,0,0.01
1777571886.516285560,0,0,1.40
1777571886.516285560,1,0,0.01
1777571887.537897161,0,0,1.40
1777571887.537897161,1,0,0.01
1777571888.558339940,0,0,1.40
1777571888.558339940,1,0,0.01
1777571889.579395307,0,0,1.40
1777571889.579395307,1,0,0.01
1777571890.599596820,0,0,1.40
1777571890.599596820,1,0,0.01
1777571891.620165595,0,0,1.40
1777571891.620165595,1,0,0.01
1777571892.640557857,0,0,1.40
1777571892.640557857,1,0,0.01
1777571893.662350047,0,0,1.40
1777571893.662350047,1,0,0.01
1777571894.682873315,0,0,1.40
1777571894.682873315,1,0,0.01
1777571895.703668060,0,0,1.40
1777571895.703668060,1,0,0.01
1777571896.724860574,0,0,1.40
1777571896.724860574,1,0,0.01
1777571897.745832027,0,0,1.40
1777571897.745832027,1,0,0.01
1777571898.767617116,0,0,1.40
1777571898.767617116,1,0,0.01
1777571899.789087113,0,0,1.40
1777571899.789087113,1,0,0.01
1777571900.808548410,0,0,1.40
1777571900.808548410,1,0,0.01
1777571901.828733262,0,0,1.40
1777571901.828733262,1,0,0.01
1777571902.849812894,0,0,1.40
1777571902.849812894,1,0,0.01
1777571903.870052253,0,0,1.40
1777571903.870052253,1,0,0.01
1777571904.889752919,0,0,1.40
1777571904.889752919,1,0,0.01
1777571905.910512484,0,0,1.40
1777571905.910512484,1,0,0.01
1777571906.930840636,0,0,1.40
1777571906.930840636,1,0,0.01
1777571907.952750937,0,0,1.40
1777571907.952750937,1,0,0.01
1777571908.972961781,0,0,1.40
1777571908.972961781,1,0,0.01
1777571909.993028742,0,0,1.40
1777571909.993028742,1,0,0.01
1777571911.012873871,0,0,1.40
1777571911.012873871,1,0,0.01
1777571912.032717093,0,0,1.40
1777571912.032717093,1,0,0.01
1777571913.053714251,0,0,1.40
1777571913.053714251,1,0,0.01
1777571914.074427380,0,0,1.40
1777571914.074427380,1,0,0.01
1777571915.095018385,0,0,1.40
1777571915.095018385,1,0,0.01
1777571916.114999343,0,0,1.40
1777571916.114999343,1,0,0.01
1777571917.135718194,0,0,1.40
1777571917.135718194,1,0,0.01
1777571918.156033577,0,0,1.40
1777571918.156033577,1,0,0.01
1777571919.176478504,0,0,1.40
1777571919.176478504,1,0,0.01
1777571920.196715782,0,0,1.40
1777571920.196715782,1,0,0.01
1777571921.217115594,0,0,1.40
1777571921.217115594,1,0,0.01
1777571922.237738884,0,0,1.40
1777571922.237738884,1,0,0.01
1777571923.258012266,0,0,1.40
1777571923.258012266,1,0,0.01
1777571924.278358658,0,0,1.40
1777571924.278358658,1,0,0.01
1777571925.298649441,0,0,1.40
1777571925.298649441,1,0,0.01
1777571926.318629654,0,0,1.40
1777571926.318629654,1,0,0.01
1777571927.339300605,0,0,1.40
1777571927.339300605,1,0,0.01
1777571928.360610255,0,0,1.40
1777571928.360610255,1,0,0.01
1777571929.380298472,0,0,1.40
1777571929.380298472,1,0,0.01
1777571930.401636633,0,0,1.40
1777571930.401636633,1,0,0.01
1777571931.421386673,0,0,1.40
1777571931.421386673,1,0,0.01
1777571932.442050541,0,0,1.40
1777571932.442050541,1,0,0.01
1777571933.462888617,0,0,1.40
1777571933.462888617,1,0,0.01
1777571934.483460951,0,0,1.40
1777571934.483460951,1,0,0.01
1777571935.503322161,0,0,1.40
1777571935.503322161,1,0,0.01
1777571936.523340689,0,0,1.40
1777571936.523340689,1,0,0.01
1777571937.544059846,0,0,1.40
1777571937.544059846,1,0,0.01
1777571938.564060105,0,0,1.40
1777571938.564060105,1,0,0.01
1777571939.585782711,0,0,1.40
1777571939.585782711,1,0,0.01
1777571940.607648094,0,0,1.40
1777571940.607648094,1,0,0.01
1777571941.627567436,0,0,1.40
1777571941.627567436,1,0,0.01
1777571942.648144340,0,0,1.40
1777571942.648144340,1,0,0.01
1777571943.670089409,0,0,1.40
1777571943.670089409,1,0,0.01
1777571944.692183727,0,0,1.40
1777571944.692183727,1,0,0.01
1777571945.713172684,0,0,1.40
1777571945.713172684,1,0,0.01
1777571946.734811473,0,0,1.40
1777571946.734811473,1,0,0.01
1777571947.756114671,0,0,1.40
1777571947.756114671,1,0,0.01
1777571948.776813149,0,0,1.40
1777571948.776813149,1,0,0.01
1777571949.797611137,0,0,1.40
1777571949.797611137,1,0,0.01
1777571950.818717248,0,0,1.40
1777571950.818717248,1,0,0.01
1777571951.839968674,0,0,1.40
1777571951.839968674,1,0,0.01
1777571952.861925509,0,0,1.40
1777571952.861925509,1,0,0.01
1777571953.883475605,0,0,1.40
1777571953.883475605,1,0,0.01
1777571954.903114276,0,0,1.40
1777571954.903114276,1,0,0.01
1777571955.923936832,0,0,1.40
1777571955.923936832,1,0,0.01
1777571956.945607276,0,0,1.40
1777571956.945607276,1,0,0.01
1777571957.966506453,0,78,1.40
1777571957.966506453,1,0,0.01
1777571958.987193238,0,78,1.40
1777571958.987193238,1,0,0.01
1777571960.008844902,0,78,1.40
1777571960.008844902,1,0,0.01
1777571961.030138349,0,78,1.40
1777571961.030138349,1,0,0.01
1777571962.051270323,0,0,1.40
1777571962.051270323,1,0,0.01
1777571963.072012996,0,0,1.40
1777571963.072012996,1,0,0.01
1777571964.092302999,0,0,1.40
1777571964.092302999,1,0,0.01
1777571965.115478062,0,0,1.40
1777571965.115478062,1,0,0.01
1777571966.136853416,0,0,1.40
1777571966.136853416,1,0,0.01
1777571967.157607075,0,0,1.40
1777571967.157607075,1,0,0.01
1777571968.178163402,0,0,1.40
1777571968.178163402,1,0,0.01
1777571969.198619896,0,0,1.40
1777571969.198619896,1,0,0.01
1777571970.218226581,0,0,1.40
1777571970.218226581,1,0,0.01
1777571971.239008402,0,0,1.40
1777571971.239008402,1,0,0.01
1777571972.258639100,0,0,1.40
1777571972.258639100,1,0,0.01
1777571973.279020054,0,0,1.40
1777571973.279020054,1,0,0.01
1777571974.299260017,0,0,1.40
1777571974.299260017,1,0,0.01
1777571975.319988118,0,0,1.40
1777571975.319988118,1,0,0.01
1777571976.340065758,0,0,1.40
1777571976.340065758,1,0,0.01
1777571977.360005696,0,0,1.40
1777571977.360005696,1,0,0.01
1777571978.382083519,0,0,1.40
1777571978.382083519,1,0,0.01
1777571979.402963206,0,0,1.40
1777571979.402963206,1,0,0.01
1777571980.422813004,0,0,1.40
1777571980.422813004,1,0,0.01
1777571981.442957594,0,0,1.40
1777571981.442957594,1,0,0.01
1777571982.464191156,0,0,1.40
1777571982.464191156,1,0,0.01
1777571983.484343087,0,0,1.40
1777571983.484343087,1,0,0.01
1777571984.504377965,0,0,1.40
1777571984.504377965,1,0,0.01
1777571985.526399616,0,0,1.40
1777571985.526399616,1,0,0.01
1777571986.547519130,0,0,1.40
1777571986.547519130,1,0,0.01
1777571987.569091016,0,0,1.40
1777571987.569091016,1,0,0.01
1777571988.590567815,0,0,1.40
1777571988.590567815,1,0,0.01
1777571989.611172310,0,0,1.40
1777571989.611172310,1,0,0.01
1777571990.631963361,0,0,1.40
1777571990.631963361,1,0,0.01
1777571991.652887462,0,0,1.40
1777571991.652887462,1,0,0.01
1777571992.674148231,0,0,1.40
1777571992.674148231,1,0,0.01
1777571993.695184775,0,0,1.40
1777571993.695184775,1,0,0.01
1777571994.716183139,0,0,1.40
1777571994.716183139,1,0,0.01
1777571995.737235145,0,0,1.40
1777571995.737235145,1,0,0.01
1777571996.759345902,0,0,1.40
1777571996.759345902,1,0,0.01
1777571997.780159549,0,0,1.40
1777571997.780159549,1,0,0.01
1777571998.800913766,0,0,1.40
1777571998.800913766,1,0,0.01
1777571999.820784375,0,0,1.40
1777571999.820784375,1,0,0.01
1777572000.841460239,0,0,1.40
1777572000.841460239,1,0,0.01
1777572001.861395333,0,0,1.40
1777572001.861395333,1,0,0.01
1777572002.881109245,0,0,1.40
1777572002.881109245,1,0,0.01
1777572003.900601409,0,0,1.40
1777572003.900601409,1,0,0.01
1777572004.920396845,0,0,1.40
1777572004.920396845,1,0,0.01
1777572005.940231447,0,0,1.40
1777572005.940231447,1,0,0.01
1777572006.961157834,0,0,1.40
1777572006.961157834,1,0,0.01
1777572007.983545598,0,0,1.40
1777572007.983545598,1,0,0.01
1777572009.004709578,0,0,1.40
1777572009.004709578,1,0,0.01
1777572010.025695522,0,0,1.40
1777572010.025695522,1,0,0.01
1777572011.046741701,0,0,1.40
1777572011.046741701,1,0,0.01
1777572012.067283131,0,0,1.40
1777572012.067283131,1,0,0.01
1777572013.088074007,0,0,1.40
1777572013.088074007,1,0,0.01
1777572014.108929997,0,0,1.40
1777572014.108929997,1,0,0.01
1777572015.129868261,0,0,1.40
1777572015.129868261,1,0,0.01
1777572016.151153371,0,0,1.40
1777572016.151153371,1,0,0.01
1777572017.171721471,0,0,1.40
1777572017.171721471,1,0,0.01
1777572018.192634842,0,0,1.40
1777572018.192634842,1,0,0.01
1777572019.213366003,0,0,1.40
1777572019.213366003,1,0,0.01
1777572020.233590575,0,0,1.40
1777572020.233590575,1,0,0.01
1777572021.254390082,0,0,1.40
1777572021.254390082,1,0,0.01
1777572022.275807220,0,0,1.40
1777572022.275807220,1,0,0.01
1777572023.296970356,0,0,1.40
1777572023.296970356,1,0,0.01
1777572024.318026857,0,0,1.40
1777572024.318026857,1,0,0.01
1777572025.338948817,0,0,1.40
1777572025.338948817,1,0,0.01
1777572026.359611374,0,0,1.40
1777572026.359611374,1,0,0.01
1777572027.380560673,0,0,1.40
1777572027.380560673,1,0,0.01
1777572028.401892518,0,0,1.40
1777572028.401892518,1,0,0.01
1777572029.422683371,0,0,1.40
1777572029.422683371,1,0,0.01
1777572030.443824169,0,0,1.40
1777572030.443824169,1,0,0.01
1777572031.465288759,0,0,1.40
1777572031.465288759,1,0,0.01
1777572032.486523674,0,0,1.40
1777572032.486523674,1,0,0.01
1777572033.507748132,0,0,1.40
1777572033.507748132,1,0,0.01
1777572034.528918437,0,0,1.40
1777572034.528918437,1,0,0.01
1777572035.550030986,0,0,1.40
1777572035.550030986,1,0,0.01
1777572036.570888187,0,0,1.40
1777572036.570888187,1,0,0.01
1777572037.591449516,0,0,1.40
1777572037.591449516,1,0,0.01
1777572038.612622596,0,0,1.40
1777572038.612622596,1,0,0.01
1777572039.633286556,0,0,1.40
1777572039.633286556,1,0,0.01
1777572040.653952669,0,0,1.40
1777572040.653952669,1,0,0.01
1777572041.674518077,0,0,1.40
1777572041.674518077,1,0,0.01
1777572042.696363728,0,0,1.40
1777572042.696363728,1,0,0.01
1777572043.716609030,0,0,1.40
1777572043.716609030,1,0,0.01
1777572044.739299439,0,0,1.40
1777572044.739299439,1,0,0.01
1777572045.760450972,0,0,1.40
1777572045.760450972,1,0,0.01
1777572046.780817391,0,0,1.40
1777572046.780817391,1,0,0.01
1777572047.801649555,0,0,1.40
1777572047.801649555,1,0,0.01
1777572048.822513742,0,0,1.40
1777572048.822513742,1,0,0.01
1777572049.843607667,0,0,1.40
1777572049.843607667,1,0,0.01
1777572050.863920701,0,0,1.40
1777572050.863920701,1,0,0.01
1777572051.884612241,0,0,1.40
1777572051.884612241,1,0,0.01
1777572052.905985841,0,0,1.40
1777572052.905985841,1,0,0.01
1777572053.926255533,0,0,1.40
1777572053.926255533,1,0,0.01
1777572054.946151588,0,0,1.40
1777572054.946151588,1,0,0.01
1777572055.966860334,0,0,1.40
1777572055.966860334,1,0,0.01
1777572056.986710537,0,0,1.40
1777572056.986710537,1,0,0.01
1777572058.006327688,0,0,1.40
1777572058.006327688,1,0,0.01
1777572059.026192734,0,0,1.40
1777572059.026192734,1,0,0.01
1777572060.045857144,0,0,1.40
1777572060.045857144,1,0,0.01
1777572061.065151137,0,0,1.40
1777572061.065151137,1,0,0.01
1777572062.085209691,0,0,1.40
1777572062.085209691,1,0,0.01
1777572063.106329371,0,0,1.40
1777572063.106329371,1,0,0.01
1777572064.126607675,0,0,1.40
1777572064.126607675,1,0,0.01
1777572065.145889971,0,0,1.40
1777572065.145889971,1,0,0.01
1777572066.165730442,0,0,1.40
1777572066.165730442,1,0,0.01
1777572067.186346631,0,0,1.40
1777572067.186346631,1,0,0.01
1777572068.206749261,0,0,1.40
1777572068.206749261,1,0,0.01
1777572069.227995547,0,0,1.40
1777572069.227995547,1,0,0.01
1777572070.248905838,0,0,1.40
1777572070.248905838,1,0,0.01
1777572071.270122337,0,0,1.40
1777572071.270122337,1,0,0.01
1777572072.289757405,0,0,1.40
1777572072.289757405,1,0,0.01
1777572073.310460067,0,0,1.40
1777572073.310460067,1,0,0.01
1777572074.330436791,0,0,1.40
1777572074.330436791,1,0,0.01
1777572075.350979970,0,0,1.40
1777572075.350979970,1,0,0.01
1777572076.370893002,0,0,1.40
1777572076.370893002,1,0,0.01
1777572077.392297885,0,0,1.40
1777572077.392297885,1,0,0.01
1777572078.413752370,0,0,1.40
1777572078.413752370,1,0,0.01
1777572079.433874084,0,0,1.40
1777572079.433874084,1,0,0.01
1777572080.453791594,0,0,1.40
1777572080.453791594,1,0,0.01
1777572081.474430057,0,0,1.40
1777572081.474430057,1,0,0.01
1777572082.495817229,0,0,1.40
1777572082.495817229,1,0,0.01
1777572083.517191416,0,0,1.40
1777572083.517191416,1,0,0.01
1777572084.537274093,0,0,1.40
1777572084.537274093,1,0,0.01
1777572085.557851067,0,0,1.40
1777572085.557851067,1,0,0.01
1777572086.577569517,0,0,1.40
1777572086.577569517,1,0,0.01
1777572087.599654262,0,0,1.40
1777572087.599654262,1,0,0.01
1777572088.620761724,0,0,1.40
1777572088.620761724,1,0,0.01
1777572089.641464887,0,0,1.40
1777572089.641464887,1,0,0.01
1777572090.662280842,0,0,1.40
1777572090.662280842,1,0,0.01
1777572091.681878831,0,0,1.40
1777572091.681878831,1,0,0.01
1777572092.701869873,0,0,1.40
1777572092.701869873,1,0,0.01
1777572093.722313747,0,0,1.40
1777572093.722313747,1,0,0.01
1777572094.743909113,0,0,1.40
1777572094.743909113,1,0,0.01
1777572095.766355852,0,0,1.40
1777572095.766355852,1,0,0.01
1777572096.787010454,0,0,1.40
1777572096.787010454,1,0,0.01
1777572097.807084569,0,0,1.40
1777572097.807084569,1,0,0.01
1777572098.827318213,0,0,1.40
1777572098.827318213,1,0,0.01
1777572099.848225680,0,0,1.40
1777572099.848225680,1,0,0.01
1777572100.868997503,0,0,1.40
1777572100.868997503,1,0,0.01
1777572101.889687523,0,0,1.40
1777572101.889687523,1,0,0.01
1777572102.910010909,0,0,1.40
1777572102.910010909,1,0,0.01
1777572103.931081438,0,0,1.40
1777572103.931081438,1,0,0.01
1777572104.951816143,0,0,1.40
1777572104.951816143,1,0,0.01
1777572105.973796113,0,0,1.40
1777572105.973796113,1,0,0.01
1777572106.994292290,0,0,1.40
1777572106.994292290,1,0,0.01
1777572108.013795228,0,0,1.40
1777572108.013795228,1,0,0.01
1777572109.034718018,0,0,1.40
1777572109.034718018,1,0,0.01
1777572110.055952009,0,0,1.40
1777572110.055952009,1,0,0.01
1777572111.077904818,0,0,1.40
1777572111.077904818,1,0,0.01
1777572112.099917899,0,0,1.40
1777572112.099917899,1,0,0.01
1777572113.121589584,0,0,1.40
1777572113.121589584,1,0,0.01
1777572114.142447171,0,0,1.40
1777572114.142447171,1,0,0.01
1777572115.163219446,0,0,1.40
1777572115.163219446,1,0,0.01
1777572116.183079563,0,0,1.40
1777572116.183079563,1,0,0.01
1777572117.202661241,0,0,1.40
1777572117.202661241,1,0,0.01
1777572118.222181643,0,0,1.40
1777572118.222181643,1,0,0.01
1777572119.242980427,0,0,1.40
1777572119.242980427,1,0,0.01
1777572120.265088353,0,0,1.40
1777572120.265088353,1,0,0.01
1777572121.286833436,0,0,1.40
1777572121.286833436,1,0,0.01
1777572122.306585518,0,0,1.40
1777572122.306585518,1,0,0.01
1777572123.326216310,0,0,1.40
1777572123.326216310,1,0,0.01
1777572124.346198597,0,0,1.40
1777572124.346198597,1,0,0.01
1777572125.366855742,0,0,1.40
1777572125.366855742,1,0,0.01
1777572126.387027390,0,0,1.40
1777572126.387027390,1,0,0.01
1777572127.407049934,0,0,1.40
1777572127.407049934,1,0,0.01
1777572128.429095594,0,0,1.40
1777572128.429095594,1,0,0.01
1777572129.449806512,0,0,1.40
1777572129.449806512,1,0,0.01
1777572130.469815999,0,0,1.40
1777572130.469815999,1,0,0.01
1777572131.489255736,0,0,1.40
1777572131.489255736,1,0,0.01
1777572132.510153333,0,0,1.40
1777572132.510153333,1,0,0.01
1777572133.530203072,0,0,1.40
1777572133.530203072,1,0,0.01
1777572134.550949849,0,0,1.40
1777572134.550949849,1,0,0.01
1777572135.570775478,0,0,1.40
1777572135.570775478,1,0,0.01
1777572136.590578212,0,0,1.40
1777572136.590578212,1,0,0.01
1777572137.617739293,0,0,1.40
1777572137.617739293,1,0,0.01
1777572138.639011664,0,0,1.40
1777572138.639011664,1,0,0.01
1777572139.659429209,0,0,1.40
1777572139.659429209,1,0,0.01
1777572140.680059559,0,0,1.40
1777572140.680059559,1,0,0.01
1777572141.699375958,0,0,1.40
1777572141.699375958,1,0,0.01
1777572142.720070473,0,0,1.40
1777572142.720070473,1,0,0.01
1777572143.739651800,0,0,1.40
1777572143.739651800,1,0,0.01
1777572144.759587794,0,0,1.40
1777572144.759587794,1,0,0.01
1777572145.779328558,0,0,1.40
1777572145.779328558,1,0,0.01
1777572146.798891491,0,0,1.40
1777572146.798891491,1,0,0.01
1777572147.818861133,0,0,1.40
1777572147.818861133,1,0,0.01
1777572148.840626624,0,0,1.40
1777572148.840626624,1,0,0.01
1777572149.864773931,0,0,1.40
1777572149.864773931,1,0,0.01
1777572150.884279825,0,0,1.40
1777572150.884279825,1,0,0.01
1777572151.904313302,0,0,1.40
1777572151.904313302,1,0,0.01
1777572152.925830689,0,0,1.40
1777572152.925830689,1,0,0.01
1777572153.945803861,0,0,1.40
1777572153.945803861,1,0,0.01
1777572154.966437032,0,0,1.40
1777572154.966437032,1,0,0.01
1777572155.985967001,0,0,1.40
1777572155.985967001,1,0,0.01
1777572157.006796569,0,0,1.40
1777572157.006796569,1,0,0.01
1777572158.026350367,0,0,1.40
1777572158.026350367,1,0,0.01
1777572159.046602716,0,0,1.40
1777572159.046602716,1,0,0.01
1777572160.066535444,0,0,1.40
1777572160.066535444,1,0,0.01
1777572161.086537813,0,0,1.40
1777572161.086537813,1,0,0.01
1777572162.106081811,0,0,1.40
1777572162.106081811,1,0,0.01
1777572163.126016323,0,0,1.40
1777572163.126016323,1,0,0.01
1777572164.147968823,0,0,1.40
1777572164.147968823,1,0,0.01
1777572165.168805991,0,0,1.40
1777572165.168805991,1,0,0.01
1777572166.189065472,0,0,1.40
1777572166.189065472,1,0,0.01
1777572167.208883769,0,0,1.40
1777572167.208883769,1,0,0.01
1777572168.228676136,0,0,1.40
1777572168.228676136,1,0,0.01
1777572169.249222633,0,0,1.40
1777572169.249222633,1,0,0.01
1777572170.269857467,0,0,1.40
1777572170.269857467,1,0,0.01
1777572171.289746487,0,0,1.40
1777572171.289746487,1,0,0.01
1777572172.310650232,0,0,1.40
1777572172.310650232,1,0,0.01
1777572173.331317249,0,0,1.40
1777572173.331317249,1,0,0.01
1777572174.350948491,0,0,1.40
1777572174.350948491,1,0,0.01
1777572175.371609801,0,0,1.40
1777572175.371609801,1,0,0.01
1777572176.391393550,0,0,1.40
1777572176.391393550,1,0,0.01
1777572177.412085308,0,0,1.40
1777572177.412085308,1,0,0.01
1777572178.431882816,0,0,1.40
1777572178.431882816,1,0,0.01
1777572179.452837291,0,0,1.40
1777572179.452837291,1,0,0.01
1777572180.472300876,0,0,1.40
1777572180.472300876,1,0,0.01
1777572181.492067010,0,0,1.40
1777572181.492067010,1,0,0.01
1777572182.511636061,0,0,1.40
1777572182.511636061,1,0,0.01
1777572183.532644604,0,0,1.40
1777572183.532644604,1,0,0.01
1777572184.552164451,0,0,1.40
1777572184.552164451,1,0,0.01
1777572185.571899598,0,0,1.40
1777572185.571899598,1,0,0.01
1777572186.591706756,0,0,1.40
1777572186.591706756,1,0,0.01
1777572187.611405000,0,0,1.40
1777572187.611405000,1,0,0.01
1777572188.631219185,0,0,1.40
1777572188.631219185,1,0,0.01
1777572189.650903828,0,0,1.40
1777572189.650903828,1,0,0.01
1777572190.670736604,0,0,1.40
1777572190.670736604,1,0,0.01
1777572191.690875176,0,0,1.40
1777572191.690875176,1,0,0.01
1777572192.712522348,0,0,1.40
1777572192.712522348,1,0,0.01
1777572193.732617790,0,0,1.40
1777572193.732617790,1,0,0.01
1777572194.753226030,0,0,1.40
1777572194.753226030,1,0,0.01
1777572195.773192092,0,0,1.40
1777572195.773192092,1,0,0.01
1777572196.793328265,0,0,1.40
1777572196.793328265,1,0,0.01
1777572197.812909471,0,0,1.40
1777572197.812909471,1,0,0.01
1777572198.832815316,0,0,1.40
1777572198.832815316,1,0,0.01
1777572199.853404359,0,0,1.40
1777572199.853404359,1,0,0.01
1777572200.873228359,0,0,1.40
1777572200.873228359,1,0,0.01
1777572201.894426185,0,0,1.40
1777572201.894426185,1,0,0.01
1777572202.915368989,0,0,1.40
1777572202.915368989,1,0,0.01
1777572203.936457288,0,0,1.40
1777572203.936457288,1,0,0.01
1777572204.957389486,0,0,1.40
1777572204.957389486,1,0,0.01
1777572205.979159072,0,0,1.40
1777572205.979159072,1,0,0.01
1777572206.998950743,0,0,1.40
1777572206.998950743,1,0,0.01
1777572208.018544811,0,0,1.40
1777572208.018544811,1,0,0.01
1777572209.038009771,0,0,1.40
1777572209.038009771,1,0,0.01
1777572210.057630197,0,0,1.40
1777572210.057630197,1,0,0.01
1777572211.077375486,0,0,1.40
1777572211.077375486,1,0,0.01
1777572212.097026208,0,0,1.40
1777572212.097026208,1,0,0.01
1777572213.118230096,0,71,1.40
1777572213.118230096,1,0,0.01
1777572214.138201818,0,71,1.40
1777572214.138201818,1,0,0.01
1777572215.159682023,0,71,1.40
1777572215.159682023,1,0,0.01
1777572216.180538454,0,72,1.40
1777572216.180538454,1,0,0.01
1777572217.201540563,0,0,1.40
1777572217.201540563,1,0,0.01
1777572218.222653370,0,0,1.40
1777572218.222653370,1,0,0.01
1777572219.243345450,0,0,1.40
1777572219.243345450,1,0,0.01
1777572220.263554927,0,0,1.40
1777572220.263554927,1,0,0.01
1777572221.283301766,0,0,1.40
1777572221.283301766,1,0,0.01
1777572222.305982271,0,0,1.40
1777572222.305982271,1,0,0.01
1777572223.326835262,0,0,1.40
1777572223.326835262,1,0,0.01
1777572224.348336259,0,0,1.40
1777572224.348336259,1,0,0.01
1777572225.368299800,0,0,1.40
1777572225.368299800,1,0,0.01
1777572226.388734434,0,0,1.40
1777572226.388734434,1,0,0.01
1777572227.408612082,0,0,1.40
1777572227.408612082,1,0,0.01
1777572228.431270970,0,0,1.40
1777572228.431270970,1,0,0.01
1777572229.451775921,0,0,1.40
1777572229.451775921,1,0,0.01
1777572230.472233745,0,0,1.40
1777572230.472233745,1,0,0.01
1777572231.493466818,0,0,1.40
1777572231.493466818,1,0,0.01
1777572232.515670725,0,0,1.40
1777572232.515670725,1,0,0.01
1777572233.536523228,0,0,1.40
1777572233.536523228,1,0,0.01
1777572234.557081290,0,0,1.40
1777572234.557081290,1,0,0.01
1777572235.578173568,0,0,1.40
1777572235.578173568,1,0,0.01
1777572236.599757601,0,0,1.40
1777572236.599757601,1,0,0.01
1777572237.621099085,0,0,1.40
1777572237.621099085,1,0,0.01
1777572238.642954611,0,0,1.40
1777572238.642954611,1,0,0.01
1777572239.664795680,0,0,1.40
1777572239.664795680,1,0,0.01
1777572240.686863718,0,0,1.40
1777572240.686863718,1,0,0.01
1777572241.707234930,0,0,1.40
1777572241.707234930,1,0,0.01
1777572242.728033796,0,0,1.40
1777572242.728033796,1,0,0.01
1777572243.749219071,0,0,1.40
1777572243.749219071,1,0,0.01
1777572244.769677994,0,0,1.40
1777572244.769677994,1,0,0.01
1777572245.789729733,0,0,1.40
1777572245.789729733,1,0,0.01
1777572246.810083144,0,0,1.40
1777572246.810083144,1,0,0.01
1777572247.830887149,0,0,1.40
1777572247.830887149,1,0,0.01
1777572248.850459909,0,0,1.40
1777572248.850459909,1,0,0.01
1777572249.870480528,0,0,1.40
1777572249.870480528,1,0,0.01
1777572250.890503548,0,0,1.40
1777572250.890503548,1,0,0.01
1777572251.910983961,0,0,1.40
1777572251.910983961,1,0,0.01
1777572252.932258267,0,0,1.40
1777572252.932258267,1,0,0.01
1777572253.952374475,0,0,1.40
1777572253.952374475,1,0,0.01
1777572254.972774166,0,0,1.40
1777572254.972774166,1,0,0.01
1777572255.993984542,0,0,1.40
1777572255.993984542,1,0,0.01
1777572257.014365981,0,0,1.40
1777572257.014365981,1,0,0.01
1777572258.035243386,0,0,1.40
1777572258.035243386,1,0,0.01
1777572259.055956034,0,0,1.40
1777572259.055956034,1,0,0.01
1777572260.076884525,0,0,1.40
1777572260.076884525,1,0,0.01
1777572261.097232334,0,0,1.40
1777572261.097232334,1,0,0.01
1777572262.118406541,0,0,1.40
1777572262.118406541,1,0,0.01
1777572263.139185048,0,0,1.40
1777572263.139185048,1,0,0.01
1777572264.159336321,0,0,1.40
1777572264.159336321,1,0,0.01
1777572265.179829205,0,0,1.40
1777572265.179829205,1,0,0.01
1777572266.199924427,0,0,1.40
1777572266.199924427,1,0,0.01
1777572267.220822075,0,0,1.40
1777572267.220822075,1,0,0.01
1777572268.242096036,0,0,1.40
1777572268.242096036,1,0,0.01
1777572269.262876582,0,0,1.40
1777572269.262876582,1,0,0.01
1777572270.284148618,0,0,1.40
1777572270.284148618,1,0,0.01
1777572271.304643535,0,0,1.40
1777572271.304643535,1,0,0.01
1777572272.325074364,0,0,1.40
1777572272.325074364,1,0,0.01
1777572273.346598116,0,0,1.40
1777572273.346598116,1,0,0.01
1777572274.366829754,0,0,1.40
1777572274.366829754,1,0,0.01
1777572275.386882919,0,0,1.40
1777572275.386882919,1,0,0.01
1777572276.406615771,0,0,1.40
1777572276.406615771,1,0,0.01
1777572277.426255128,0,0,1.40
1777572277.426255128,1,0,0.01
1777572278.446862501,0,0,1.40
1777572278.446862501,1,0,0.01
1777572279.467080731,0,0,1.40
1777572279.467080731,1,0,0.01
1777572280.487258404,0,0,1.40
1777572280.487258404,1,0,0.01
1777572281.506827250,0,0,1.40
1777572281.506827250,1,0,0.01
1777572282.526705394,0,0,1.40
1777572282.526705394,1,0,0.01
1777572283.546262601,0,0,1.40
1777572283.546262601,1,0,0.01
1777572284.566236652,0,0,1.40
1777572284.566236652,1,0,0.01
1777572285.585964519,0,0,1.40
1777572285.585964519,1,0,0.01
1777572286.605558602,0,0,1.40
1777572286.605558602,1,0,0.01
1777572287.624897528,0,0,1.40
1777572287.624897528,1,0,0.01
1777572288.644573355,0,0,1.40
1777572288.644573355,1,0,0.01
1777572289.665247303,0,0,1.40
1777572289.665247303,1,0,0.01
1777572290.685205658,0,0,1.40
1777572290.685205658,1,0,0.01
1777572291.707171487,0,0,1.40
1777572291.707171487,1,0,0.01
1777572292.728118895,0,0,1.40
1777572292.728118895,1,0,0.01
1777572293.748204622,0,0,1.40
1777572293.748204622,1,0,0.01
1777572294.768443066,0,0,1.40
1777572294.768443066,1,0,0.01
1777572295.789790851,0,0,1.40
1777572295.789790851,1,0,0.01
1777572296.809853502,0,0,1.40
1777572296.809853502,1,0,0.01
1777572297.829671510,0,0,1.40
1777572297.829671510,1,0,0.01
1777572298.850895912,0,0,1.40
1777572298.850895912,1,0,0.01
1777572299.871677808,0,0,1.40
1777572299.871677808,1,0,0.01
1777572300.893971340,0,0,1.40
1777572300.893971340,1,0,0.01
1777572301.915171775,0,0,1.40
1777572301.915171775,1,0,0.01
1777572302.934678466,0,0,1.40
1777572302.934678466,1,0,0.01
1777572303.954814466,0,0,1.40
1777572303.954814466,1,0,0.01
1777572304.974138542,0,0,1.40
1777572304.974138542,1,0,0.01
1777572305.993879803,0,0,1.40
1777572305.993879803,1,0,0.01
1777572307.013587568,0,0,1.40
1777572307.013587568,1,0,0.01
1777572308.033939732,0,0,1.40
1777572308.033939732,1,0,0.01
1777572309.054625200,0,0,1.40
1777572309.054625200,1,0,0.01
1777572310.074588931,0,0,1.40
1777572310.074588931,1,0,0.01
1777572311.094462042,0,0,1.40
1777572311.094462042,1,0,0.01
1777572312.114447807,0,0,1.40
1777572312.114447807,1,0,0.01
1777572313.134358505,0,0,1.40
1777572313.134358505,1,0,0.01
1777572314.156770955,0,0,1.40
1777572314.156770955,1,0,0.01
1777572315.177840895,0,0,1.40
1777572315.177840895,1,0,0.01
1777572316.198860031,0,0,1.40
1777572316.198860031,1,0,0.01
1777572317.219169906,0,0,1.40
1777572317.219169906,1,0,0.01
1777572318.239208618,0,0,1.40
1777572318.239208618,1,0,0.01
1777572319.259681903,0,0,1.40
1777572319.259681903,1,0,0.01
1777572320.280347781,0,0,1.40
1777572320.280347781,1,0,0.01
1777572321.300636965,0,0,1.40
1777572321.300636965,1,0,0.01
1777572322.322185070,0,0,1.40
1777572322.322185070,1,0,0.01
1777572323.342319137,0,0,1.40
1777572323.342319137,1,0,0.01
1777572324.361810182,0,0,1.40
1777572324.361810182,1,0,0.01
1777572325.381872101,0,0,1.40
1777572325.381872101,1,0,0.01
1777572326.401552797,0,0,1.40
1777572326.401552797,1,0,0.01
1777572327.422246503,0,0,1.40
1777572327.422246503,1,0,0.01
1777572328.442649486,0,0,1.40
1777572328.442649486,1,0,0.01
1777572329.463019406,0,0,1.40
1777572329.463019406,1,0,0.01
1777572330.483997686,0,0,1.40
1777572330.483997686,1,0,0.01
1777572331.505342933,0,0,1.40
1777572331.505342933,1,0,0.01
1777572332.524945673,0,0,1.40
1777572332.524945673,1,0,0.01
1777572333.544861557,0,0,1.40
1777572333.544861557,1,0,0.01
1777572334.565521596,0,0,1.40
1777572334.565521596,1,0,0.01
1777572335.585704827,0,0,1.40
1777572335.585704827,1,0,0.01
1777572336.606505284,0,0,1.40
1777572336.606505284,1,0,0.01
1777572337.626840756,0,0,1.40
1777572337.626840756,1,0,0.01
1777572338.647129843,0,0,1.40
1777572338.647129843,1,0,0.01
1777572339.667091893,0,0,1.40
1777572339.667091893,1,0,0.01
1777572340.687902666,0,0,1.40
1777572340.687902666,1,0,0.01
1777572341.708056250,0,0,1.40
1777572341.708056250,1,0,0.01
1777572342.728203709,0,0,1.40
1777572342.728203709,1,0,0.01
1777572343.747823030,0,0,1.40
1777572343.747823030,1,0,0.01
1777572344.767758821,0,0,1.40
1777572344.767758821,1,0,0.01
1777572345.788405991,0,0,1.40
1777572345.788405991,1,0,0.01
1777572346.808900978,0,0,1.40
1777572346.808900978,1,0,0.01
1777572347.828895790,0,0,1.40
1777572347.828895790,1,0,0.01
1777572348.848619926,0,0,1.40
1777572348.848619926,1,0,0.01
1777572349.868800635,0,0,1.40
1777572349.868800635,1,0,0.01
1777572350.888427424,0,0,1.40
1777572350.888427424,1,0,0.01
1777572351.908062696,0,0,1.40
1777572351.908062696,1,0,0.01
1777572352.929092542,0,0,1.40
1777572352.929092542,1,0,0.01
1777572353.949522560,0,0,1.40
1777572353.949522560,1,0,0.01
1777572354.969604540,0,0,1.40
1777572354.969604540,1,0,0.01
1777572355.989619329,0,0,1.40
1777572355.989619329,1,0,0.01
1777572357.009648582,0,0,1.40
1777572357.009648582,1,0,0.01
1777572358.029295797,0,0,1.40
1777572358.029295797,1,0,0.01
1777572359.049168170,0,0,1.40
1777572359.049168170,1,0,0.01
1777572360.070039898,0,0,1.40
1777572360.070039898,1,0,0.01
1777572361.090066619,0,0,1.40
1777572361.090066619,1,0,0.01
1777572362.110154155,0,0,1.40
1777572362.110154155,1,0,0.01
1777572363.130467646,0,0,1.40
1777572363.130467646,1,0,0.01
1777572364.150286029,0,0,1.40
1777572364.150286029,1,0,0.01
1777572365.170824486,0,0,1.40
1777572365.170824486,1,0,0.01
1777572366.190827113,0,0,1.40
1777572366.190827113,1,0,0.01
1777572367.210876277,0,0,1.40
1777572367.210876277,1,0,0.01
1777572368.230897536,0,0,1.40
1777572368.230897536,1,0,0.01
1777572369.250778221,0,0,1.40
1777572369.250778221,1,0,0.01
1777572370.270773959,0,0,1.40
1777572370.270773959,1,0,0.01
1777572371.290829754,0,0,1.40
1777572371.290829754,1,0,0.01
1777572372.311487154,0,0,1.40
1777572372.311487154,1,0,0.01
1777572373.331069542,0,0,1.40
1777572373.331069542,1,0,0.01
1777572374.351149913,0,0,1.40
1777572374.351149913,1,0,0.01
1777572375.372759648,0,0,1.40
1777572375.372759648,1,0,0.01
1777572376.393868430,0,0,1.40
1777572376.393868430,1,0,0.01
1777572377.414377402,0,0,1.40
1777572377.414377402,1,0,0.01
1777572378.436446400,0,0,1.40
1777572378.436446400,1,0,0.01
1777572379.459350195,0,0,1.40
1777572379.459350195,1,0,0.01
1777572380.482263204,0,0,1.40
1777572380.482263204,1,0,0.01
1777572381.504648987,0,0,1.40
1777572381.504648987,1,0,0.01
1777572382.526267958,0,0,1.40
1777572382.526267958,1,0,0.01
1777572383.548180394,0,0,1.40
1777572383.548180394,1,0,0.01
1777572384.568345109,0,0,1.40
1777572384.568345109,1,0,0.01
1777572385.588973968,0,0,1.40
1777572385.588973968,1,0,0.01
1777572386.609931054,0,0,1.40
1777572386.609931054,1,0,0.01
1777572387.629889821,0,0,1.40
1777572387.629889821,1,0,0.01
1777572388.650612834,0,0,1.40
1777572388.650612834,1,0,0.01
1777572389.670644824,0,0,1.40
1777572389.670644824,1,0,0.01
1777572390.690346808,0,0,1.40
1777572390.690346808,1,0,0.01
1777572391.709808005,0,0,1.40
1777572391.709808005,1,0,0.01
1777572392.729332687,0,0,1.40
1777572392.729332687,1,0,0.01
1777572393.750012496,0,0,1.40
1777572393.750012496,1,0,0.01
1777572394.769916229,0,0,1.40
1777572394.769916229,1,0,0.01
1777572395.791904441,0,0,1.40
1777572395.791904441,1,0,0.01
1777572396.811835217,0,0,1.40
1777572396.811835217,1,0,0.01
1777572397.832812042,0,0,1.40
1777572397.832812042,1,0,0.01
1777572398.852377454,0,0,1.40
1777572398.852377454,1,0,0.01
1777572399.872201872,0,0,1.40
1777572399.872201872,1,0,0.01
1777572400.892775410,0,0,1.40
1777572400.892775410,1,0,0.01
1777572401.912809092,0,0,1.40
1777572401.912809092,1,0,0.01
1777572402.933033475,0,0,1.40
1777572402.933033475,1,0,0.01
1777572403.954080595,0,0,1.40
1777572403.954080595,1,0,0.01
1777572404.973624294,0,0,1.40
1777572404.973624294,1,0,0.01
1777572405.993873374,0,0,1.40
1777572405.993873374,1,0,0.01
1777572407.014884833,0,0,1.40
1777572407.014884833,1,0,0.01
1777572408.034661732,0,0,1.40
1777572408.034661732,1,0,0.01
1777572409.055337757,0,0,1.40
1777572409.055337757,1,0,0.01
1777572410.075322775,0,0,1.40
1777572410.075322775,1,0,0.01
1777572411.095893584,0,0,1.40
1777572411.095893584,1,0,0.01
1777572412.117143141,0,0,1.40
1777572412.117143141,1,0,0.01
1777572413.138234179,0,0,1.40
1777572413.138234179,1,0,0.01
1777572414.158284953,0,0,1.40
1777572414.158284953,1,0,0.01
1777572415.178250884,0,0,1.40
1777572415.178250884,1,0,0.01
1777572416.197665617,0,0,1.40
1777572416.197665617,1,0,0.01
1777572417.217519441,0,0,1.40
1777572417.217519441,1,0,0.01
1777572418.237452691,0,0,1.40
1777572418.237452691,1,0,0.01
1777572419.257295927,0,0,1.40
1777572419.257295927,1,0,0.01
1777572420.277035806,0,0,1.40
1777572420.277035806,1,0,0.01
1777572421.297499580,0,0,1.40
1777572421.297499580,1,0,0.01
1777572422.317828565,0,0,1.40
1777572422.317828565,1,0,0.01
1777572423.337732344,0,0,1.40
1777572423.337732344,1,0,0.01
1777572424.357627584,0,0,1.40
1777572424.357627584,1,0,0.01
1777572425.376900797,0,0,1.40
1777572425.376900797,1,0,0.01
1777572426.396558594,0,0,1.40
1777572426.396558594,1,0,0.01
1777572427.416008286,0,0,1.40
1777572427.416008286,1,0,0.01
1777572428.437651018,0,0,1.40
1777572428.437651018,1,0,0.01
1777572429.459510738,0,0,1.40
1777572429.459510738,1,0,0.01
1777572430.479385682,0,0,1.40
1777572430.479385682,1,0,0.01
1777572431.499704385,0,0,1.40
1777572431.499704385,1,0,0.01
1777572432.520688998,0,0,1.40
1777572432.520688998,1,0,0.01
1777572433.540565947,0,0,1.40
1777572433.540565947,1,0,0.01
1777572434.561312382,0,0,1.40
1777572434.561312382,1,0,0.01
1777572435.580896345,0,0,1.40
1777572435.580896345,1,0,0.01
1777572436.602223487,0,0,1.40
1777572436.602223487,1,0,0.01
1777572437.622581255,0,0,1.40
1777572437.622581255,1,0,0.01
1777572438.642751549,0,0,1.40
1777572438.642751549,1,0,0.01
1777572439.663652378,0,0,1.40
1777572439.663652378,1,0,0.01
1777572440.683768613,0,0,1.40
1777572440.683768613,1,0,0.01
1777572441.704584269,0,0,1.40
1777572441.704584269,1,0,0.01
1777572442.725349870,0,0,1.40
1777572442.725349870,1,0,0.01
1777572443.745926011,0,0,1.40
1777572443.745926011,1,0,0.01
1777572444.766998314,0,0,1.40
1777572444.766998314,1,0,0.01
1777572445.787029708,0,0,1.40
1777572445.787029708,1,0,0.01
1777572446.806678161,0,0,1.40
1777572446.806678161,1,0,0.01
1777572447.826691254,0,0,1.40
1777572447.826691254,1,0,0.01
1777572448.847102535,0,0,1.40
1777572448.847102535,1,0,0.01
1777572449.866452011,0,0,1.40
1777572449.866452011,1,0,0.01
1777572450.886289966,0,0,1.40
1777572450.886289966,1,0,0.01
1777572451.906805153,0,0,1.40
1777572451.906805153,1,0,0.01
1777572452.929192726,0,74,1.40
1777572452.929192726,1,0,0.01
1777572453.950937394,0,73,1.40
1777572453.950937394,1,0,0.01
1777572454.971203153,0,72,1.40
1777572454.971203153,1,0,0.01
1777572455.992638615,0,72,1.40
1777572455.992638615,1,0,0.01
1777572457.012855351,0,0,1.40
1777572457.012855351,1,0,0.01
1777572458.032585085,0,0,1.40
1777572458.032585085,1,0,0.01
1777572459.053389604,0,0,1.40
1777572459.053389604,1,0,0.01
1777572460.073240212,0,0,1.40
1777572460.073240212,1,0,0.01
1777572461.093226087,0,0,1.40
1777572461.093226087,1,0,0.01
1777572462.113499337,0,0,1.40
1777572462.113499337,1,0,0.01
1777572463.133881262,0,0,1.40
1777572463.133881262,1,0,0.01
1777572464.154289791,0,0,1.40
1777572464.154289791,1,0,0.01
1777572465.174771215,0,0,1.40
1777572465.174771215,1,0,0.01
1777572466.194267232,0,0,1.40
1777572466.194267232,1,0,0.01
1777572467.214941088,0,0,1.40
1777572467.214941088,1,0,0.01
1777572468.234857989,0,0,1.40
1777572468.234857989,1,0,0.01
1777572469.254871563,0,0,1.40
1777572469.254871563,1,0,0.01
1777572470.274893398,0,0,1.40
1777572470.274893398,1,0,0.01
1777572471.295636410,0,0,1.40
1777572471.295636410,1,0,0.01
1777572472.316410057,0,0,1.40
1777572472.316410057,1,0,0.01
1777572473.336984335,0,0,1.40
1777572473.336984335,1,0,0.01
1777572474.356839888,0,0,1.40
1777572474.356839888,1,0,0.01
1777572475.377471223,0,0,1.40
1777572475.377471223,1,0,0.01
1777572476.397563122,0,0,1.40
1777572476.397563122,1,0,0.01
1777572477.417696206,0,0,1.40
1777572477.417696206,1,0,0.01
1777572478.437862141,0,0,1.40
1777572478.437862141,1,0,0.01
1777572479.459822828,0,0,1.40
1777572479.459822828,1,0,0.01
1777572480.480431066,0,0,1.40
1777572480.480431066,1,0,0.01
1777572481.501140389,0,0,1.40
1777572481.501140389,1,0,0.01
1777572482.521735773,0,0,1.40
1777572482.521735773,1,0,0.01
1777572483.543873599,0,0,1.40
1777572483.543873599,1,0,0.01
1777572484.565061632,0,0,1.40
1777572484.565061632,1,0,0.01
1777572485.585323982,0,0,1.40
1777572485.585323982,1,0,0.01
1777572486.605495378,0,0,1.40
1777572486.605495378,1,0,0.01
1777572487.626523724,0,0,1.40
1777572487.626523724,1,0,0.01
1777572488.647552795,0,0,1.40
1777572488.647552795,1,0,0.01
1777572489.667862994,0,0,1.40
1777572489.667862994,1,0,0.01
1777572490.687915322,0,0,1.40
1777572490.687915322,1,0,0.01
1777572491.707759593,0,0,1.40
1777572491.707759593,1,0,0.01
1777572492.729087154,0,0,1.40
1777572492.729087154,1,0,0.01
1777572493.750424967,0,0,1.40
1777572493.750424967,1,0,0.01
1777572494.772712651,0,0,1.40
1777572494.772712651,1,0,0.01
1777572495.793510848,0,0,1.40
1777572495.793510848,1,0,0.01
1777572496.813490655,0,0,1.40
1777572496.813490655,1,0,0.01
1777572497.833373471,0,0,1.40
1777572497.833373471,1,0,0.01
1777572498.853053916,0,0,1.40
1777572498.853053916,1,0,0.01
1777572499.873217487,0,0,1.40
1777572499.873217487,1,0,0.01
1777572500.893198763,0,0,1.40
1777572500.893198763,1,0,0.01
1777572501.913236134,0,0,1.40
1777572501.913236134,1,0,0.01
1777572502.933836396,0,0,1.40
1777572502.933836396,1,0,0.01
1777572503.953973384,0,0,1.40
1777572503.953973384,1,0,0.01
1777572504.973824773,0,0,1.40
1777572504.973824773,1,0,0.01
1777572505.993577463,0,0,1.40
1777572505.993577463,1,0,0.01
1777572507.013636041,0,0,1.40
1777572507.013636041,1,0,0.01
1777572508.033733316,0,0,1.40
1777572508.033733316,1,0,0.01
1777572509.053490710,0,0,1.40
1777572509.053490710,1,0,0.01
1777572510.073762173,0,0,1.40
1777572510.073762173,1,0,0.01
1777572511.093807329,0,0,1.40
1777572511.093807329,1,0,0.01
1777572512.114031747,0,0,1.40
1777572512.114031747,1,0,0.01
1777572513.135170370,0,0,1.40
1777572513.135170370,1,0,0.01
1777572514.155594267,0,0,1.40
1777572514.155594267,1,0,0.01
1777572515.176102272,0,0,1.40
1777572515.176102272,1,0,0.01
1777572516.196845554,0,0,1.40
1777572516.196845554,1,0,0.01
1777572517.216980124,0,0,1.40
1777572517.216980124,1,0,0.01
1777572518.237955258,0,0,1.40
1777572518.237955258,1,0,0.01
1777572519.258576830,0,0,1.40
1777572519.258576830,1,0,0.01
1777572520.278436117,0,0,1.40
1777572520.278436117,1,0,0.01
1777572521.299252673,0,0,1.40
1777572521.299252673,1,0,0.01
1777572522.319723712,0,0,1.40
1777572522.319723712,1,0,0.01
1777572523.340201801,0,0,1.40
1777572523.340201801,1,0,0.01
1777572524.361146059,0,0,1.40
1777572524.361146059,1,0,0.01
1777572525.381179936,0,0,1.40
1777572525.381179936,1,0,0.01
1777572526.402068104,0,0,1.40
1777572526.402068104,1,0,0.01
1777572527.422018470,0,0,1.40
1777572527.422018470,1,0,0.01
1777572528.443407684,0,0,1.40
1777572528.443407684,1,0,0.01
1777572529.464001887,0,0,1.40
1777572529.464001887,1,0,0.01
1777572530.484342818,0,0,1.40
1777572530.484342818,1,0,0.01
1777572531.504200282,0,0,1.40
1777572531.504200282,1,0,0.01
1777572532.525235444,0,0,1.40
1777572532.525235444,1,0,0.01
1777572533.546031624,0,0,1.40
1777572533.546031624,1,0,0.01
1777572534.567358522,0,0,1.40
1777572534.567358522,1,0,0.01
1777572535.588536189,0,0,1.40
1777572535.588536189,1,0,0.01
1777572536.608713013,0,0,1.40
1777572536.608713013,1,0,0.01
1777572537.628879038,0,0,1.40
1777572537.628879038,1,0,0.01
1777572538.648481376,0,0,1.40
1777572538.648481376,1,0,0.01
1777572539.669024128,0,0,1.40
1777572539.669024128,1,0,0.01
1777572540.689883193,0,0,1.40
1777572540.689883193,1,0,0.01
1777572541.710002013,0,0,1.40
1777572541.710002013,1,0,0.01
1777572542.730040333,0,0,1.40
1777572542.730040333,1,0,0.01
1777572543.750586773,0,0,1.40
1777572543.750586773,1,0,0.01
1777572544.771813881,0,0,1.40
1777572544.771813881,1,0,0.01
1777572545.792029739,0,0,1.40
1777572545.792029739,1,0,0.01
1777572546.811907103,0,0,1.40
1777572546.811907103,1,0,0.01
1777572547.832020110,0,0,1.40
1777572547.832020110,1,0,0.01
1777572548.852733803,0,0,1.40
1777572548.852733803,1,0,0.01
1777572549.872984364,0,0,1.40
1777572549.872984364,1,0,0.01
1777572550.893099474,0,0,1.40
1777572550.893099474,1,0,0.01
1777572551.912924719,0,0,1.40
1777572551.912924719,1,0,0.01
1777572552.935092320,0,0,1.40
1777572552.935092320,1,0,0.01
1777572553.955156826,0,0,1.40
1777572553.955156826,1,0,0.01
1777572554.975006668,0,0,1.40
1777572554.975006668,1,0,0.01
1777572555.995019607,0,0,1.40
1777572555.995019607,1,0,0.01
1777572557.015667946,0,0,1.40
1777572557.015667946,1,0,0.01
1777572558.036110709,0,0,1.40
1777572558.036110709,1,0,0.01
1777572559.056045196,0,0,1.40
1777572559.056045196,1,0,0.01
1777572560.078190112,0,0,1.40
1777572560.078190112,1,0,0.01
1777572561.099193806,0,0,1.40
1777572561.099193806,1,0,0.01
1777572562.119288751,0,0,1.40
1777572562.119288751,1,0,0.01
1777572563.140356619,0,0,1.40
1777572563.140356619,1,0,0.01
1777572564.160210146,0,0,1.40
1777572564.160210146,1,0,0.01
1777572565.179994649,0,0,1.40
1777572565.179994649,1,0,0.01
1777572566.201232641,0,0,1.40
1777572566.201232641,1,0,0.01
1777572567.221487049,0,0,1.40
1777572567.221487049,1,0,0.01
1777572568.241977868,0,0,1.40
1777572568.241977868,1,0,0.01
1777572569.262228774,0,0,1.40
1777572569.262228774,1,0,0.01
1777572570.282641488,0,0,1.40
1777572570.282641488,1,0,0.01
1777572571.304645815,0,0,1.40
1777572571.304645815,1,0,0.01
1777572572.324876318,0,0,1.40
1777572572.324876318,1,0,0.01
1777572573.345092107,0,0,1.40
1777572573.345092107,1,0,0.01
1777572574.364802822,0,0,1.40
1777572574.364802822,1,0,0.01
1777572575.385270581,0,0,1.40
1777572575.385270581,1,0,0.01
1777572576.406711502,0,0,1.40
1777572576.406711502,1,0,0.01
1777572577.428143257,0,0,1.40
1777572577.428143257,1,0,0.01
1777572578.448809683,0,0,1.40
1777572578.448809683,1,0,0.01
1777572579.469646280,0,0,1.40
1777572579.469646280,1,0,0.01
1777572580.490418564,0,0,1.40
1777572580.490418564,1,0,0.01
1777572581.510333707,0,0,1.40
1777572581.510333707,1,0,0.01
1777572582.530774188,0,0,1.40
1777572582.530774188,1,0,0.01
1777572583.551803974,0,0,1.40
1777572583.551803974,1,0,0.01
1777572584.572327874,0,0,1.40
1777572584.572327874,1,0,0.01
1777572585.592500128,0,0,1.40
1777572585.592500128,1,0,0.01
1777572586.612421333,0,0,1.40
1777572586.612421333,1,0,0.01
1777572587.632301427,0,0,1.40
1777572587.632301427,1,0,0.01
1777572588.652487542,0,0,1.40
1777572588.652487542,1,0,0.01
1777572589.673914282,0,0,1.40
1777572589.673914282,1,0,0.01
1777572590.693686485,0,0,1.40
1777572590.693686485,1,0,0.01
1777572591.714046936,0,0,1.40
1777572591.714046936,1,0,0.01
1777572592.735145587,0,0,1.40
1777572592.735145587,1,0,0.01
1777572593.755586288,0,0,1.40
1777572593.755586288,1,0,0.01
1777572594.775332461,0,0,1.40
1777572594.775332461,1,0,0.01
1777572595.795347702,0,0,1.40
1777572595.795347702,1,0,0.01
1777572596.814934538,0,0,1.40
1777572596.814934538,1,0,0.01
1777572597.835154778,0,0,1.40
1777572597.835154778,1,0,0.01
1777572598.856249949,0,0,1.40
1777572598.856249949,1,0,0.01
1777572599.875808760,0,0,1.40
1777572599.875808760,1,0,0.01
1777572600.895633735,0,0,1.40
1777572600.895633735,1,0,0.01
1777572601.916817817,0,0,1.40
1777572601.916817817,1,0,0.01
1777572602.936896437,0,0,1.40
1777572602.936896437,1,0,0.01
1777572603.957211407,0,0,1.40
1777572603.957211407,1,0,0.01
1777572604.978306150,0,0,1.40
1777572604.978306150,1,0,0.01
1777572605.999713648,0,0,1.40
1777572605.999713648,1,0,0.01
1777572607.020513420,0,0,1.40
1777572607.020513420,1,0,0.01
1777572608.042526597,0,0,1.40
1777572608.042526597,1,0,0.01
1777572609.063388557,0,0,1.40
1777572609.063388557,1,0,0.01
1777572610.083274316,0,0,1.40
1777572610.083274316,1,0,0.01
1777572611.103885813,0,0,1.40
1777572611.103885813,1,0,0.01
1777572612.123893484,0,0,1.40
1777572612.123893484,1,0,0.01
1777572613.143943277,0,0,1.40
1777572613.143943277,1,0,0.01
1777572614.163854926,0,0,1.40
1777572614.163854926,1,0,0.01
1777572615.183870802,0,0,1.40
1777572615.183870802,1,0,0.01
1777572616.203677262,0,0,1.40
1777572616.203677262,1,0,0.01
1777572617.223669612,0,0,1.40
1777572617.223669612,1,0,0.01
1777572618.243266992,0,0,1.40
1777572618.243266992,1,0,0.01
1777572619.263052705,0,0,1.40
1777572619.263052705,1,0,0.01
1777572620.283896294,0,0,1.40
1777572620.283896294,1,0,0.01
1777572621.303998413,0,0,1.40
1777572621.303998413,1,0,0.01
1777572622.325573348,0,0,1.40
1777572622.325573348,1,0,0.01
1777572623.346193283,0,0,1.40
1777572623.346193283,1,0,0.01
1777572624.366861786,0,0,1.40
1777572624.366861786,1,0,0.01
1777572625.386989775,0,0,1.40
1777572625.386989775,1,0,0.01
1777572626.407628808,0,0,1.40
1777572626.407628808,1,0,0.01
1777572627.427732196,0,0,1.40
1777572627.427732196,1,0,0.01
1777572628.447014181,0,0,1.40
1777572628.447014181,1,0,0.01
1777572629.466590634,0,0,1.40
1777572629.466590634,1,0,0.01
1777572630.485856442,0,0,1.40
1777572630.485856442,1,0,0.01
1777572631.505590068,0,0,1.40
1777572631.505590068,1,0,0.01
1777572632.525528564,0,0,1.40
1777572632.525528564,1,0,0.01
1777572633.545228799,0,0,1.40
1777572633.545228799,1,0,0.01
1777572634.564784476,0,0,1.40
1777572634.564784476,1,0,0.01
1777572635.584975463,0,0,1.40
1777572635.584975463,1,0,0.01
1777572636.604775800,0,0,1.40
1777572636.604775800,1,0,0.01
1777572637.624142233,0,0,1.40
1777572637.624142233,1,0,0.01
1777572638.643717298,0,0,1.40
1777572638.643717298,1,0,0.01
1777572639.664090878,0,0,1.40
1777572639.664090878,1,0,0.01
1777572640.685035952,0,0,1.40
1777572640.685035952,1,0,0.01
1777572641.706265465,0,0,1.40
1777572641.706265465,1,0,0.01
1777572642.727477073,0,0,1.40
1777572642.727477073,1,0,0.01
1777572643.747125568,0,0,1.40
1777572643.747125568,1,0,0.01
1777572644.766715860,0,0,1.40
1777572644.766715860,1,0,0.01
1777572645.787292575,0,0,1.40
1777572645.787292575,1,0,0.01
1777572646.808679357,0,0,1.40
1777572646.808679357,1,0,0.01
1777572647.829651649,0,0,1.40
1777572647.829651649,1,0,0.01
1777572648.851161901,0,0,1.40
1777572648.851161901,1,0,0.01
1777572649.871519768,0,0,1.40
1777572649.871519768,1,0,0.01
1777572650.893852585,0,0,1.40
1777572650.893852585,1,0,0.01
1777572651.914594190,0,0,1.40
1777572651.914594190,1,0,0.01
1777572652.934864302,0,0,1.40
1777572652.934864302,1,0,0.01
1777572653.954529116,0,0,1.40
1777572653.954529116,1,0,0.01
1777572654.973999324,0,0,1.40
1777572654.973999324,1,0,0.01
1777572655.995615467,0,0,1.40
1777572655.995615467,1,0,0.01
1777572657.016713579,0,0,1.40
1777572657.016713579,1,0,0.01
1777572658.036115098,0,0,1.40
1777572658.036115098,1,0,0.01
1777572659.056630959,0,0,1.40
1777572659.056630959,1,0,0.01
1777572660.076855127,0,0,1.40
1777572660.076855127,1,0,0.01
1777572661.096715148,0,0,1.40
1777572661.096715148,1,0,0.01
1777572662.116883545,0,0,1.40
1777572662.116883545,1,0,0.01
1777572663.138020602,0,0,1.40
1777572663.138020602,1,0,0.01
1777572664.158878130,0,0,1.40
1777572664.158878130,1,0,0.01
1777572665.179923655,0,0,1.40
1777572665.179923655,1,0,0.01
1777572666.199789209,0,0,1.40
1777572666.199789209,1,0,0.01
1777572667.219577761,0,0,1.40
1777572667.219577761,1,0,0.01
1777572668.240639857,0,0,1.40
1777572668.240639857,1,0,0.01
1777572669.261755681,0,0,1.40
1777572669.261755681,1,0,0.01
1777572670.282097998,0,0,1.40
1777572670.282097998,1,0,0.01
1777572671.302711044,0,0,1.40
1777572671.302711044,1,0,0.01
1777572672.322409541,0,0,1.40
1777572672.322409541,1,0,0.01
1777572673.341982707,0,0,1.40
1777572673.341982707,1,0,0.01
1777572674.362259306,0,0,1.40
1777572674.362259306,1,0,0.01
1777572675.381918758,0,0,1.40
1777572675.381918758,1,0,0.01
1777572676.401875418,0,0,1.40
1777572676.401875418,1,0,0.01
1777572677.422763434,0,0,1.40
1777572677.422763434,1,0,0.01
1777572678.443836284,0,0,1.40
1777572678.443836284,1,0,0.01
1777572679.463734613,0,0,1.40
1777572679.463734613,1,0,0.01
1777572680.483609750,0,0,1.40
1777572680.483609750,1,0,0.01
1777572681.504094016,0,0,1.40
1777572681.504094016,1,0,0.01
1777572682.525020554,0,0,1.40
1777572682.525020554,1,0,0.01
1777572683.546389685,0,0,1.40
1777572683.546389685,1,0,0.01
1777572684.567950290,0,0,1.40
1777572684.567950290,1,0,0.01
1777572685.588031117,0,0,1.40
1777572685.588031117,1,0,0.01
1777572686.608929710,0,0,1.40
1777572686.608929710,1,0,0.01
1777572687.630608639,0,0,1.40
1777572687.630608639,1,0,0.01
1777572688.651339158,0,0,1.40
1777572688.651339158,1,0,0.01
1777572689.672099645,0,0,1.40
1777572689.672099645,1,0,0.01
1777572690.691990264,0,0,1.40
1777572690.691990264,1,0,0.01
1777572691.714344553,0,0,1.40
1777572691.714344553,1,0,0.01
1777572692.736117613,0,0,1.40
1777572692.736117613,1,0,0.01
1777572693.756068222,0,0,1.40
1777572693.756068222,1,0,0.01
1777572694.776165432,0,0,1.40
1777572694.776165432,1,0,0.01
1777572695.796931731,0,0,1.40
1777572695.796931731,1,0,0.01
1777572696.817211899,0,0,1.40
1777572696.817211899,1,0,0.01
1777572697.838701123,0,0,1.40
1777572697.838701123,1,0,0.01
1777572698.860486534,0,0,1.40
1777572698.860486534,1,0,0.01
1777572699.881022661,0,0,1.40
1777572699.881022661,1,0,0.01
1777572700.901296704,0,0,1.40
1777572700.901296704,1,0,0.01
1777572701.921408728,0,0,1.40
1777572701.921408728,1,0,0.01
1777572702.941305958,0,0,1.40
1777572702.941305958,1,0,0.01
1777572703.962226670,0,0,1.40
1777572703.962226670,1,0,0.01
1777572704.982283592,0,0,1.40
1777572704.982283592,1,0,0.01
1777572706.002160308,0,0,1.40
1777572706.002160308,1,0,0.01
1777572707.021436857,0,0,1.40
1777572707.021436857,1,0,0.01
1777572708.042451624,0,0,1.40
1777572708.042451624,1,0,0.01
1777572709.062535096,0,0,1.40
1777572709.062535096,1,0,0.01
1777572710.082419855,0,0,1.40
1777572710.082419855,1,0,0.01
1777572711.102236280,0,0,1.40
1777572711.102236280,1,0,0.01
1777572712.122921621,0,0,1.40
1777572712.122921621,1,0,0.01
1777572713.143312868,0,0,1.40
1777572713.143312868,1,0,0.01
1777572714.163000352,0,0,1.40
1777572714.163000352,1,0,0.01
1777572715.183829415,0,0,1.40
1777572715.183829415,1,0,0.01
1777572716.203681278,0,0,1.40
1777572716.203681278,1,0,0.01
1777572717.223278884,0,0,1.40
1777572717.223278884,1,0,0.01
1777572718.243785440,0,0,1.40
1777572718.243785440,1,0,0.01
1777572719.263435022,0,0,1.40
1777572719.263435022,1,0,0.01
1777572720.283401868,0,0,1.40
1777572720.283401868,1,0,0.01
1777572721.303301759,0,0,1.40
1777572721.303301759,1,0,0.01
1777572722.323176968,0,0,1.40
1777572722.323176968,1,0,0.01
1777572723.343397998,0,0,1.40
1777572723.343397998,1,0,0.01
1777572724.364004286,0,0,1.40
1777572724.364004286,1,0,0.01
1777572725.383869074,0,0,1.40
1777572725.383869074,1,0,0.01
1777572726.405207978,0,0,1.40
1777572726.405207978,1,0,0.01
1777572727.425260559,0,0,1.40
1777572727.425260559,1,0,0.01
1777572728.444966646,0,0,1.40
1777572728.444966646,1,0,0.01
1777572729.466689967,0,0,1.40
1777572729.466689967,1,0,0.01
1777572730.486476203,0,0,1.40
1777572730.486476203,1,0,0.01
1777572731.507557350,0,0,1.40
1777572731.507557350,1,0,0.01
1777572732.527748418,0,0,1.40
1777572732.527748418,1,0,0.01
1777572733.547489525,0,0,1.40
1777572733.547489525,1,0,0.01
1777572734.568563335,0,0,1.40
1777572734.568563335,1,0,0.01
1777572735.588258360,0,0,1.40
1777572735.588258360,1,0,0.01
1777572736.607891863,0,0,1.40
1777572736.607891863,1,0,0.01
1777572737.628417668,0,0,1.40
1777572737.628417668,1,0,0.01
1777572738.648981006,0,0,1.40
1777572738.648981006,1,0,0.01
1777572739.670445247,0,0,1.40
1777572739.670445247,1,0,0.01
1777572740.692679990,0,0,1.40
1777572740.692679990,1,0,0.01
1777572741.713560447,0,0,1.40
1777572741.713560447,1,0,0.01
1777572742.733974065,0,0,1.40
1777572742.733974065,1,0,0.01
1777572743.756302823,0,0,1.40
1777572743.756302823,1,0,0.01
1777572744.777941731,0,0,1.40
1777572744.777941731,1,0,0.01
1777572745.799270692,0,0,1.40
1777572745.799270692,1,0,0.01
1777572746.819789210,0,0,1.40
1777572746.819789210,1,0,0.01
1777572747.839612648,0,0,1.40
1777572747.839612648,1,0,0.01
1777572748.864599291,0,0,1.40
1777572748.864599291,1,0,0.01
1777572749.886293202,0,0,1.40
1777572749.886293202,1,0,0.01
1777572750.906458971,0,0,1.40
1777572750.906458971,1,0,0.01
1777572751.927924877,0,0,1.40
1777572751.927924877,1,0,0.01
1777572752.949540334,0,0,1.40
1777572752.949540334,1,0,0.01
1777572753.969256757,0,0,1.40
1777572753.969256757,1,0,0.01
1777572754.988841944,0,0,1.40
1777572754.988841944,1,0,0.01
1777572756.008381476,0,0,1.40
1777572756.008381476,1,0,0.01
1777572757.028701348,0,0,1.40
1777572757.028701348,1,0,0.01
1777572758.049891416,0,0,1.40
1777572758.049891416,1,0,0.01
1777572759.069990361,0,0,1.40
1777572759.069990361,1,0,0.01
1777572760.091693786,0,0,1.40
1777572760.091693786,1,0,0.01
1777572761.113326381,0,0,1.40
1777572761.113326381,1,0,0.01
1777572762.134244244,0,0,1.40
1777572762.134244244,1,0,0.01
1777572763.154176178,0,0,1.40
1777572763.154176178,1,0,0.01
1777572764.175462039,0,0,1.40
1777572764.175462039,1,0,0.01
1777572765.196670712,0,0,1.40
1777572765.196670712,1,0,0.01
1777572766.218005027,0,0,1.40
1777572766.218005027,1,0,0.01
1777572767.237671127,0,0,1.40
1777572767.237671127,1,0,0.01
1777572768.258610942,0,0,1.40
1777572768.258610942,1,0,0.01
1777572769.279284855,0,0,1.40
1777572769.279284855,1,0,0.01
1777572770.299234208,0,0,1.40
1777572770.299234208,1,0,0.01
1777572771.318906079,0,0,1.40
1777572771.318906079,1,0,0.01
1777572772.339726045,0,0,1.40
1777572772.339726045,1,0,0.01
1777572773.360686426,0,0,1.40
1777572773.360686426,1,0,0.01
1777572774.380237287,0,0,1.40
1777572774.380237287,1,0,0.01
1777572775.400211428,0,0,1.40
1777572775.400211428,1,0,0.01
1777572776.419628775,0,0,1.40
1777572776.419628775,1,0,0.01
1777572777.439705571,0,0,1.40
1777572777.439705571,1,0,0.01
1777572778.459368810,0,0,1.40
1777572778.459368810,1,0,0.01
1777572779.479796716,0,0,1.40
1777572779.479796716,1,0,0.01
1777572780.499965441,0,0,1.40
1777572780.499965441,1,0,0.01
1777572781.520056537,0,0,1.40
1777572781.520056537,1,0,0.01
1777572782.539984801,0,0,1.40
1777572782.539984801,1,0,0.01
1777572783.560964888,0,0,1.40
1777572783.560964888,1,0,0.01
1777572784.581759365,0,0,1.40
1777572784.581759365,1,0,0.01
1777572785.603827006,0,0,1.40
1777572785.603827006,1,0,0.01
1777572786.625196893,0,0,1.40
1777572786.625196893,1,0,0.01
1777572787.647441542,0,0,1.40
1777572787.647441542,1,0,0.01
1777572788.667068170,0,0,1.40
1777572788.667068170,1,0,0.01
1777572789.687052855,0,0,1.40
1777572789.687052855,1,0,0.01
1777572790.707262559,0,0,1.40
1777572790.707262559,1,0,0.01
1777572791.727100132,0,0,1.40
1777572791.727100132,1,0,0.01
1777572792.749292367,0,0,1.40
1777572792.749292367,1,0,0.01
1777572793.770846653,0,0,1.40
1777572793.770846653,1,0,0.01
1777572794.792530278,0,0,1.40
1777572794.792530278,1,0,0.01
1777572795.812540972,0,0,1.40
1777572795.812540972,1,0,0.01
1777572796.833215475,0,0,1.40
1777572796.833215475,1,0,0.01
1777572797.853273557,0,0,1.40
1777572797.853273557,1,0,0.01
1777572798.873711389,0,0,1.40
1777572798.873711389,1,0,0.01
1777572799.893903793,0,0,1.40
1777572799.893903793,1,0,0.01
1777572800.913803355,0,0,1.40
1777572800.913803355,1,0,0.01
1777572801.934828925,0,0,1.40
1777572801.934828925,1,0,0.01
1777572802.955297795,0,0,1.40
1777572802.955297795,1,0,0.01
1777572803.975621484,0,0,1.40
1777572803.975621484,1,0,0.01
1777572804.995980315,0,0,1.40
1777572804.995980315,1,0,0.01
1777572806.015852846,0,0,1.40
1777572806.015852846,1,0,0.01
1777572807.036684249,0,0,1.40
1777572807.036684249,1,0,0.01
1777572808.058226017,0,0,1.40
1777572808.058226017,1,0,0.01
1777572809.077971037,0,0,1.40
1777572809.077971037,1,0,0.01
1777572810.098135306,0,0,1.40
1777572810.098135306,1,0,0.01
1777572811.118396746,0,0,1.40
1777572811.118396746,1,0,0.01
1777572812.138633169,0,0,1.40
1777572812.138633169,1,0,0.01
1777572813.158256238,0,0,1.40
1777572813.158256238,1,0,0.01
1777572814.177814313,0,0,1.40
1777572814.177814313,1,0,0.01
1777572815.197997071,0,0,1.40
1777572815.197997071,1,0,0.01
1777572816.217664618,0,0,1.40
1777572816.217664618,1,0,0.01
1777572817.239495387,0,0,1.40
1777572817.239495387,1,0,0.01
1777572818.261243718,0,0,1.40
1777572818.261243718,1,0,0.01
1777572819.283047108,0,0,1.40
1777572819.283047108,1,0,0.01
1777572820.303999264,0,0,1.40
1777572820.303999264,1,0,0.01
1777572821.324505819,0,0,1.40
1777572821.324505819,1,0,0.01
1777572822.344610601,0,0,1.40
1777572822.344610601,1,0,0.01
1777572823.364565106,0,0,1.40
1777572823.364565106,1,0,0.01
1777572824.384975253,0,0,1.40
1777572824.384975253,1,0,0.01
1777572825.405232398,0,0,1.40
1777572825.405232398,1,0,0.01
1777572826.425042559,0,0,1.40
1777572826.425042559,1,0,0.01
1777572827.446042936,0,0,1.40
1777572827.446042936,1,0,0.01
1777572828.467949562,0,0,1.40
1777572828.467949562,1,0,0.01
1777572829.488504029,0,0,1.40
1777572829.488504029,1,0,0.01
1777572830.508511516,0,0,1.40
1777572830.508511516,1,0,0.01
1777572831.529465071,0,0,1.40
1777572831.529465071,1,0,0.01
1777572832.550332242,0,0,1.40
1777572832.550332242,1,0,0.01
1777572833.570299573,0,0,1.40
1777572833.570299573,1,0,0.01
1777572834.590623230,0,0,1.40
1777572834.590623230,1,0,0.01
1777572835.610588088,0,0,1.40
1777572835.610588088,1,0,0.01
1777572836.630450454,0,0,1.40
1777572836.630450454,1,0,0.01
1777572837.651079121,0,0,1.40
1777572837.651079121,1,0,0.01
1777572838.671136831,0,0,1.40
1777572838.671136831,1,0,0.01
1777572839.692329773,0,0,1.40
1777572839.692329773,1,0,0.01
1777572840.714355201,0,0,1.40
1777572840.714355201,1,0,0.01
1777572841.734493073,0,0,1.40
1777572841.734493073,1,0,0.01
1777572842.754431225,0,0,1.40
1777572842.754431225,1,0,0.01
1777572843.774554818,0,0,1.40
1777572843.774554818,1,0,0.01
1777572844.795436865,0,0,1.40
1777572844.795436865,1,0,0.01
1777572845.815150235,0,0,1.40
1777572845.815150235,1,0,0.01
1777572846.835099367,0,0,1.40
1777572846.835099367,1,0,0.01
1777572847.854754455,0,0,1.40
1777572847.854754455,1,0,0.01
1777572848.874305387,0,0,1.40
1777572848.874305387,1,0,0.01
1777572849.894088925,0,0,1.40
1777572849.894088925,1,0,0.01
1777572850.916521511,0,0,1.40
1777572850.916521511,1,0,0.01
1777572851.938208818,0,0,1.40
1777572851.938208818,1,0,0.01
1777572852.959056345,0,0,1.40
1777572852.959056345,1,0,0.01
1777572853.979698433,0,0,1.40
1777572853.979698433,1,0,0.01
1777572855.000031500,0,0,1.40
1777572855.000031500,1,0,0.01
1777572856.019651573,0,0,1.40
1777572856.019651573,1,0,0.01
1777572857.039241570,0,0,1.40
1777572857.039241570,1,0,0.01
1777572858.058982458,0,0,1.40
1777572858.058982458,1,0,0.01
1777572859.079052264,0,0,1.40
1777572859.079052264,1,0,0.01
1777572860.098878455,0,0,1.40
1777572860.098878455,1,0,0.01
1777572861.119541980,0,0,1.40
1777572861.119541980,1,0,0.01
1777572862.140810384,0,0,1.40
1777572862.140810384,1,0,0.01
1777572863.162276578,0,0,1.40
1777572863.162276578,1,0,0.01
1777572864.182463832,0,0,1.40
1777572864.182463832,1,0,0.01
1777572865.203429058,0,0,1.40
1777572865.203429058,1,0,0.01
1777572866.223076509,0,0,1.40
1777572866.223076509,1,0,0.01
1777572867.243266042,0,0,1.40
1777572867.243266042,1,0,0.01
1777572868.263353218,0,0,1.40
1777572868.263353218,1,0,0.01
1777572869.285528717,0,0,1.40
1777572869.285528717,1,0,0.01
1777572870.305692634,0,0,1.40
1777572870.305692634,1,0,0.01
1777572871.325711182,0,0,1.40
1777572871.325711182,1,0,0.01
1777572872.346099601,0,0,1.40
1777572872.346099601,1,0,0.01
1777572873.367264140,0,0,1.40
1777572873.367264140,1,0,0.01
1777572874.388805154,0,0,1.40
1777572874.388805154,1,0,0.01
1777572875.409703730,0,0,1.40
1777572875.409703730,1,0,0.01
1777572876.430624090,0,0,1.40
1777572876.430624090,1,0,0.01
1777572877.450575068,0,0,1.40
1777572877.450575068,1,0,0.01
1777572878.469851409,0,0,1.40
1777572878.469851409,1,0,0.01
1777572879.489798841,0,0,1.40
1777572879.489798841,1,0,0.01
1777572880.509618490,0,0,1.40
1777572880.509618490,1,0,0.01
1777572881.529529427,0,0,1.40
1777572881.529529427,1,0,0.01
1777572882.549421894,0,0,1.40
1777572882.549421894,1,0,0.01
1777572883.569407417,0,0,1.40
1777572883.569407417,1,0,0.01
1777572884.589887921,0,0,1.40
1777572884.589887921,1,0,0.01
1777572885.609346335,0,0,1.40
1777572885.609346335,1,0,0.01
1777572886.629259715,0,0,1.40
1777572886.629259715,1,0,0.01
1777572887.651517235,0,0,1.40
1777572887.651517235,1,0,0.01
1777572888.671449359,0,0,1.40
1777572888.671449359,1,0,0.01
1777572889.691291552,0,0,1.40
1777572889.691291552,1,0,0.01
1777572890.711404384,0,0,1.40
1777572890.711404384,1,0,0.01
1777572891.731392246,0,0,1.40
1777572891.731392246,1,0,0.01
1777572892.752692463,0,0,1.40
1777572892.752692463,1,0,0.01
1777572893.773610950,0,0,1.40
1777572893.773610950,1,0,0.01
1777572894.794230064,0,0,1.40
1777572894.794230064,1,0,0.01
1777572895.813981698,0,0,1.40
1777572895.813981698,1,0,0.01
1777572896.834343797,0,0,1.40
1777572896.834343797,1,0,0.01
1777572897.855618918,0,0,1.40
1777572897.855618918,1,0,0.01
1777572898.876539816,0,0,1.40
1777572898.876539816,1,0,0.01
1777572899.898565255,0,0,1.40
1777572899.898565255,1,0,0.01
1777572900.920617361,0,0,1.40
1777572900.920617361,1,0,0.01
1777572901.941800203,0,0,1.40
1777572901.941800203,1,0,0.01
1777572902.963158603,0,0,1.40
1777572902.963158603,1,0,0.01
1777572903.983084514,0,0,1.40
1777572903.983084514,1,0,0.01
1777572905.002634058,0,0,1.40
1777572905.002634058,1,0,0.01
1777572906.022450491,0,0,1.40
1777572906.022450491,1,0,0.01
1777572907.042346519,0,0,1.40
1777572907.042346519,1,0,0.01
1777572908.062929205,0,0,1.40
1777572908.062929205,1,0,0.01
1777572909.083702069,0,0,1.40
1777572909.083702069,1,0,0.01
1777572910.104787875,0,0,1.40
1777572910.104787875,1,0,0.01
1777572911.124594610,0,0,1.40
1777572911.124594610,1,0,0.01
1777572912.144054853,0,0,1.40
1777572912.144054853,1,0,0.01
1777572913.163876506,0,0,1.40
1777572913.163876506,1,0,0.01
1777572914.183833459,0,0,1.40
1777572914.183833459,1,0,0.01
1777572915.205007777,0,0,1.40
1777572915.205007777,1,0,0.01
1777572916.225033763,0,0,1.40
1777572916.225033763,1,0,0.01
1777572917.245304896,0,0,1.40
1777572917.245304896,1,0,0.01
1777572918.265078006,0,0,1.40
1777572918.265078006,1,0,0.01
1777572919.284984975,0,0,1.40
1777572919.284984975,1,0,0.01
1777572920.304765651,0,0,1.40
1777572920.304765651,1,0,0.01
1777572921.324492368,0,0,1.40
1777572921.324492368,1,0,0.01
1777572922.345314812,0,0,1.40
1777572922.345314812,1,0,0.01
1777572923.365097883,0,0,1.40
1777572923.365097883,1,0,0.01
1777572924.386036454,0,0,1.40
1777572924.386036454,1,0,0.01
1777572925.407340335,0,0,1.40
1777572925.407340335,1,0,0.01
1777572926.427140436,0,0,1.40
1777572926.427140436,1,0,0.01
1777572927.447119590,0,0,1.40
1777572927.447119590,1,0,0.01
1777572928.467812062,0,0,1.40
1777572928.467812062,1,0,0.01
1777572929.488508217,0,0,1.40
1777572929.488508217,1,0,0.01
1777572930.508303045,0,0,1.40
1777572930.508303045,1,0,0.01
1777572931.528227465,0,0,1.40
1777572931.528227465,1,0,0.01
1777572932.548906497,0,0,1.40
1777572932.548906497,1,0,0.01
1777572933.569798488,0,0,1.40
1777572933.569798488,1,0,0.01
1777572934.590369668,0,0,1.40
1777572934.590369668,1,0,0.01
1777572935.610823907,0,0,1.40
1777572935.610823907,1,0,0.01
1777572936.630598598,0,0,1.40
1777572936.630598598,1,0,0.01
1777572937.651242660,0,0,1.40
1777572937.651242660,1,0,0.01
1777572938.671323626,0,0,1.40
1777572938.671323626,1,0,0.01
1777572939.691157591,0,0,1.40
1777572939.691157591,1,0,0.01
1777572940.711357957,0,0,1.40
1777572940.711357957,1,0,0.01
1777572941.731415177,0,0,1.40
1777572941.731415177,1,0,0.01
1777572942.751114842,0,0,1.40
1777572942.751114842,1,0,0.01
1777572943.772049041,0,0,1.40
1777572943.772049041,1,0,0.01
1777572944.792870633,0,0,1.40
1777572944.792870633,1,0,0.01
1777572945.812861373,0,0,1.40
1777572945.812861373,1,0,0.01
1777572946.832721855,0,0,1.40
1777572946.832721855,1,0,0.01
1777572947.852859810,0,0,1.40
1777572947.852859810,1,0,0.01
1777572948.872672492,0,0,1.40
1777572948.872672492,1,0,0.01
1777572949.892423743,0,0,1.40
1777572949.892423743,1,0,0.01
1777572950.912093045,0,0,1.40
1777572950.912093045,1,0,0.01
1777572951.932165504,0,0,1.40
1777572951.932165504,1,0,0.01
1777572952.952973731,0,0,1.40
1777572952.952973731,1,0,0.01
1777572953.973238342,0,0,1.40
1777572953.973238342,1,0,0.01
1777572954.994588781,0,0,1.40
1777572954.994588781,1,0,0.01
1777572956.014420339,0,0,1.40
1777572956.014420339,1,0,0.01
1777572957.035252805,0,0,1.40
1777572957.035252805,1,0,0.01
1777572958.055879775,0,0,1.40
1777572958.055879775,1,0,0.01
1777572959.075816216,0,0,1.40
1777572959.075816216,1,0,0.01
1777572960.096825033,0,0,1.40
1777572960.096825033,1,0,0.01
1777572961.117403584,0,0,1.40
1777572961.117403584,1,0,0.01
1777572962.137069409,0,0,1.40
1777572962.137069409,1,0,0.01
1777572963.158229763,0,0,1.40
1777572963.158229763,1,0,0.01
1777572964.179732845,0,0,1.40
1777572964.179732845,1,0,0.01
1777572965.201634295,0,0,1.40
1777572965.201634295,1,0,0.01
1777572966.222489870,0,0,1.40
1777572966.222489870,1,0,0.01
1777572967.242401002,0,0,1.40
1777572967.242401002,1,0,0.01
1777572968.262231856,0,0,1.40
1777572968.262231856,1,0,0.01
1777572969.283267600,0,0,1.40
1777572969.283267600,1,0,0.01
1777572970.303772335,0,0,1.40
1777572970.303772335,1,0,0.01
1777572971.324258117,0,0,1.40
1777572971.324258117,1,0,0.01
1777572972.344061864,0,0,1.40
1777572972.344061864,1,0,0.01
1777572973.363576815,0,0,1.40
1777572973.363576815,1,0,0.01
1777572974.384400246,0,0,1.40
1777572974.384400246,1,0,0.01
1777572975.404936946,0,0,1.40
1777572975.404936946,1,0,0.01
1777572976.425223837,0,0,1.40
1777572976.425223837,1,0,0.01
1777572977.445054097,0,0,1.40
1777572977.445054097,1,0,0.01
1777572978.464814029,0,0,1.40
1777572978.464814029,1,0,0.01
1777572979.484898493,0,0,1.40
1777572979.484898493,1,0,0.01
1777572980.505618557,0,0,1.40
1777572980.505618557,1,0,0.01
1777572981.526015328,0,0,1.40
1777572981.526015328,1,0,0.01
1777572982.547657496,0,0,1.40
1777572982.547657496,1,0,0.01
1777572983.573813130,0,0,1.40
1777572983.573813130,1,0,0.01
1777572984.593742594,0,0,1.40
1777572984.593742594,1,0,0.01
1777572985.613618477,0,0,1.40
1777572985.613618477,1,0,0.01
1777572986.634261054,0,0,1.40
1777572986.634261054,1,0,0.01
1777572987.654624380,0,0,1.40
1777572987.654624380,1,0,0.01
1777572988.675194905,0,0,1.40
1777572988.675194905,1,0,0.01
1777572989.695859292,0,0,1.40
1777572989.695859292,1,0,0.01
1777572990.715549057,0,0,1.40
1777572990.715549057,1,0,0.01
1777572991.735397419,0,0,1.40
1777572991.735397419,1,0,0.01
1777572992.755645792,0,0,1.40
1777572992.755645792,1,0,0.01
1777572993.775257053,0,0,1.40
1777572993.775257053,1,0,0.01
1777572994.795773762,0,0,1.40
1777572994.795773762,1,0,0.01
1777572995.815513715,0,0,1.40
1777572995.815513715,1,0,0.01
1777572996.835394650,0,0,1.40
1777572996.835394650,1,0,0.01
1777572997.855834151,0,0,1.40
1777572997.855834151,1,0,0.01
1777572998.876143443,0,0,1.40
1777572998.876143443,1,0,0.01
1777572999.895844997,0,0,1.40
1777572999.895844997,1,0,0.01
1777573000.915809862,0,0,1.40
1777573000.915809862,1,0,0.01
1777573001.935709681,0,0,1.40
1777573001.935709681,1,0,0.01
1777573002.955858876,0,0,1.40
1777573002.955858876,1,0,0.01
1777573003.975628334,0,0,1.40
1777573003.975628334,1,0,0.01
1777573004.995824738,0,0,1.40
1777573004.995824738,1,0,0.01
1777573006.016789984,0,0,1.40
1777573006.016789984,1,0,0.01
1777573007.036979370,0,0,1.40
1777573007.036979370,1,0,0.01
1777573008.057040171,0,0,1.40
1777573008.057040171,1,0,0.01
1777573009.076717972,0,0,1.40
1777573009.076717972,1,0,0.01
1777573010.096738452,0,0,1.40
1777573010.096738452,1,0,0.01
1777573011.116742324,0,0,1.40
1777573011.116742324,1,0,0.01
1777573012.136770052,0,0,1.40
1777573012.136770052,1,0,0.01
1777573013.156860800,0,0,1.40
1777573013.156860800,1,0,0.01
1777573014.176937136,0,0,1.40
1777573014.176937136,1,0,0.01
1777573015.197160195,0,0,1.40
1777573015.197160195,1,0,0.01
1777573016.218228085,0,0,1.40
1777573016.218228085,1,0,0.01
1777573017.238716876,0,0,1.40
1777573017.238716876,1,0,0.01
1777573018.259200033,0,0,1.40
1777573018.259200033,1,0,0.01
1777573019.280434492,0,0,1.40
1777573019.280434492,1,0,0.01
1777573020.301028286,0,0,1.40
1777573020.301028286,1,0,0.01
1777573021.321459607,0,0,1.40
1777573021.321459607,1,0,0.01
1777573022.341478170,0,0,1.40
1777573022.341478170,1,0,0.01
1777573023.361438293,0,0,1.40
1777573023.361438293,1,0,0.01
1777573024.381362472,0,0,1.40
1777573024.381362472,1,0,0.01
1777573025.401826253,0,0,1.40
1777573025.401826253,1,0,0.01
1777573026.422310916,0,0,1.40
1777573026.422310916,1,0,0.01
1777573027.442581302,0,0,1.40
1777573027.442581302,1,0,0.01
1777573028.462780162,0,0,1.40
1777573028.462780162,1,0,0.01
1777573029.483512975,0,0,1.40
1777573029.483512975,1,0,0.01
1777573030.503781812,0,0,1.40
1777573030.503781812,1,0,0.01
1777573031.523287469,0,0,1.40
1777573031.523287469,1,0,0.01
1777573032.543029646,0,0,1.40
1777573032.543029646,1,0,0.01
1777573033.564422801,0,0,1.40
1777573033.564422801,1,0,0.01
1777573034.585725171,0,0,1.40
1777573034.585725171,1,0,0.01
1777573035.606231328,0,0,1.40
1777573035.606231328,1,0,0.01
1777573036.626533060,0,0,1.40
1777573036.626533060,1,0,0.01
1777573037.646422786,0,0,1.40
1777573037.646422786,1,0,0.01
1777573038.666399186,0,0,1.40
1777573038.666399186,1,0,0.01
1777573039.686612593,0,0,1.40
1777573039.686612593,1,0,0.01
1777573040.706812657,0,0,1.40
1777573040.706812657,1,0,0.01
1777573041.726643193,0,0,1.40
1777573041.726643193,1,0,0.01
1777573042.748100594,0,0,1.40
1777573042.748100594,1,0,0.01
1777573043.768735604,0,0,1.40
1777573043.768735604,1,0,0.01
1777573044.789433373,0,0,1.40
1777573044.789433373,1,0,0.01
1777573045.809929182,0,0,1.40
1777573045.809929182,1,0,0.01
1777573046.829571412,0,0,1.40
1777573046.829571412,1,0,0.01
1777573047.849317638,0,0,1.40
1777573047.849317638,1,0,0.01
1777573048.869497538,0,0,1.40
1777573048.869497538,1,0,0.01
1777573049.889503497,0,0,1.40
1777573049.889503497,1,0,0.01
1777573050.910016606,0,0,1.40
1777573050.910016606,1,0,0.01
1777573051.930264428,0,0,1.40
1777573051.930264428,1,0,0.01
1777573052.950385714,0,0,1.40
1777573052.950385714,1,0,0.01
1777573053.969979188,0,0,1.40
1777573053.969979188,1,0,0.01
1777573054.990715524,0,0,1.40
1777573054.990715524,1,0,0.01
1777573056.010697392,0,0,1.40
1777573056.010697392,1,0,0.01
1777573057.031404086,0,0,1.40
1777573057.031404086,1,0,0.01
1777573058.053194707,0,0,1.40
1777573058.053194707,1,0,0.01
1777573059.073362380,0,0,1.40
1777573059.073362380,1,0,0.01
1777573060.094990169,0,0,1.40
1777573060.094990169,1,0,0.01
1777573061.117189780,0,0,1.40
1777573061.117189780,1,0,0.01
1777573062.137639412,0,0,1.40
1777573062.137639412,1,0,0.01
1777573063.158989238,0,0,1.40
1777573063.158989238,1,0,0.01
1777573064.180765028,0,0,1.40
1777573064.180765028,1,0,0.01
1777573065.201178209,0,0,1.40
1777573065.201178209,1,0,0.01
1777573066.220787970,0,0,1.40
1777573066.220787970,1,0,0.01
1777573067.240546441,0,0,1.40
1777573067.240546441,1,0,0.01
1777573068.261261877,0,0,1.40
1777573068.261261877,1,0,0.01
1777573069.283008815,0,0,1.40
1777573069.283008815,1,0,0.01
1777573070.304087489,0,0,1.40
1777573070.304087489,1,0,0.01
1777573071.324632333,0,0,1.40
1777573071.324632333,1,0,0.01
1777573072.345724755,0,0,1.40
1777573072.345724755,1,0,0.01
1777573073.366743929,0,0,1.40
1777573073.366743929,1,0,0.01
1777573074.387722324,0,0,1.40
1777573074.387722324,1,0,0.01
1777573075.408930767,0,0,1.40
1777573075.408930767,1,0,0.01
1777573076.429725618,0,0,1.40
1777573076.429725618,1,0,0.01
1777573077.450242198,0,0,1.40
1777573077.450242198,1,0,0.01
1777573078.471045649,0,0,1.40
1777573078.471045649,1,0,0.01
1777573079.491925386,0,0,1.40
1777573079.491925386,1,0,0.01
1777573080.512729061,0,0,1.40
1777573080.512729061,1,0,0.01
1777573081.532493968,0,0,1.40
1777573081.532493968,1,0,0.01
1777573082.552934501,0,0,1.40
1777573082.552934501,1,0,0.01
1777573083.572986100,0,0,1.40
1777573083.572986100,1,0,0.01
1777573084.594568055,0,0,1.40
1777573084.594568055,1,0,0.01
1777573085.615397969,0,0,1.40
1777573085.615397969,1,0,0.01
1777573086.635447737,0,0,1.40
1777573086.635447737,1,0,0.01
1777573087.655813650,0,0,1.40
1777573087.655813650,1,0,0.01
1777573088.676777531,0,0,1.40
1777573088.676777531,1,0,0.01
1777573089.696968231,0,0,1.40
1777573089.696968231,1,0,0.01
1777573090.717230050,0,0,1.40
1777573090.717230050,1,0,0.01
1777573091.737145360,0,0,1.40
1777573091.737145360,1,0,0.01
1777573092.757351141,0,0,1.40
1777573092.757351141,1,0,0.01
1777573093.777840943,0,0,1.40
1777573093.777840943,1,0,0.01
1777573094.798096132,0,0,1.40
1777573094.798096132,1,0,0.01
1777573095.818745072,0,0,1.40
1777573095.818745072,1,0,0.01
1777573096.838976461,0,0,1.40
1777573096.838976461,1,0,0.01
1777573097.859821713,0,0,1.40
1777573097.859821713,1,0,0.01
1777573098.879807045,0,0,1.40
1777573098.879807045,1,0,0.01
1777573099.899976691,0,0,1.40
1777573099.899976691,1,0,0.01
1777573100.921013958,0,0,1.40
1777573100.921013958,1,0,0.01
1777573101.940975995,0,0,1.40
1777573101.940975995,1,0,0.01
1777573102.961390554,0,0,1.40
1777573102.961390554,1,0,0.01
1777573103.981883761,0,0,1.40
1777573103.981883761,1,0,0.01
1777573105.001949511,0,0,1.40
1777573105.001949511,1,0,0.01
1777573106.021875647,0,0,1.40
1777573106.021875647,1,0,0.01
1777573107.042514495,0,0,1.40
1777573107.042514495,1,0,0.01
1777573108.062839362,0,0,1.40
1777573108.062839362,1,0,0.01
1777573109.083116363,0,0,1.40
1777573109.083116363,1,0,0.01
1777573110.103182562,0,0,1.40
1777573110.103182562,1,0,0.01
1777573111.123815751,0,0,1.40
1777573111.123815751,1,0,0.01
1777573112.143787686,0,0,1.40
1777573112.143787686,1,0,0.01
1777573113.163550034,0,0,1.40
1777573113.163550034,1,0,0.01
1777573114.183471329,0,0,1.40
1777573114.183471329,1,0,0.01
1777573115.203545381,0,0,1.40
1777573115.203545381,1,0,0.01
1777573116.224513918,0,0,1.40
1777573116.224513918,1,0,0.01
1777573117.244521705,0,0,1.40
1777573117.244521705,1,0,0.01
1777573118.264562786,0,0,1.40
1777573118.264562786,1,0,0.01
1777573119.284215397,0,0,1.40
1777573119.284215397,1,0,0.01
1777573120.303882122,0,0,1.40
1777573120.303882122,1,0,0.01
1777573121.323849818,0,0,1.40
1777573121.323849818,1,0,0.01
1777573122.344068520,0,0,1.40
1777573122.344068520,1,0,0.01
1777573123.364337351,0,0,1.40
1777573123.364337351,1,0,0.01
1777573124.384858854,0,0,1.40
1777573124.384858854,1,0,0.01
1777573125.404620125,0,0,1.40
1777573125.404620125,1,0,0.01
1777573126.426463347,0,0,1.40
1777573126.426463347,1,0,0.01
1777573127.447556395,0,0,1.40
1777573127.447556395,1,0,0.01
1777573128.468658654,0,0,1.40
1777573128.468658654,1,0,0.01
1777573129.489133552,0,0,1.40
1777573129.489133552,1,0,0.01
1777573130.509820831,0,0,1.40
1777573130.509820831,1,0,0.01
1777573131.530649261,0,0,1.40
1777573131.530649261,1,0,0.01
1777573132.552052299,0,0,1.40
1777573132.552052299,1,0,0.01
1777573133.572570122,0,0,1.40
1777573133.572570122,1,0,0.01
1777573134.593161331,0,0,1.40
1777573134.593161331,1,0,0.01
1777573135.614157433,0,0,1.40
1777573135.614157433,1,0,0.01
1777573136.635043305,0,0,1.40
1777573136.635043305,1,0,0.01
1777573137.656012323,0,0,1.40
1777573137.656012323,1,0,0.01
1777573138.677172738,0,0,1.40
1777573138.677172738,1,0,0.01
1777573139.697185370,0,0,1.40
1777573139.697185370,1,0,0.01
1777573140.717065539,0,0,1.40
1777573140.717065539,1,0,0.01
1777573141.736791357,0,0,1.40
1777573141.736791357,1,0,0.01
1777573142.756831093,0,0,1.40
1777573142.756831093,1,0,0.01
1777573143.776705171,0,0,1.40
1777573143.776705171,1,0,0.01
1777573144.797232029,0,0,1.40
1777573144.797232029,1,0,0.01
1777573145.816853952,0,0,1.40
1777573145.816853952,1,0,0.01
1777573146.837657977,0,0,1.40
1777573146.837657977,1,0,0.01
1777573147.856929284,0,0,1.40
1777573147.856929284,1,0,0.01
1777573148.876931197,0,0,1.40
1777573148.876931197,1,0,0.01
1777573149.896681448,0,0,1.40
1777573149.896681448,1,0,0.01
1777573150.917310386,0,0,1.40
1777573150.917310386,1,0,0.01
1777573151.937287356,0,0,1.40
1777573151.937287356,1,0,0.01
1777573152.956915465,0,0,1.40
1777573152.956915465,1,0,0.01
1777573153.976715396,0,0,1.40
1777573153.976715396,1,0,0.01
1777573154.997568824,0,0,1.40
1777573154.997568824,1,0,0.01
1777573156.017972327,0,0,1.40
1777573156.017972327,1,0,0.01
1777573157.038011955,0,0,1.40
1777573157.038011955,1,0,0.01
1777573158.058779757,0,0,1.40
1777573158.058779757,1,0,0.01
1777573159.081208366,0,0,1.40
1777573159.081208366,1,0,0.01
1777573160.101901025,0,0,1.40
1777573160.101901025,1,0,0.01
1777573161.122566461,0,0,1.40
1777573161.122566461,1,0,0.01
1777573162.143946912,0,0,1.40
1777573162.143946912,1,0,0.01
1777573163.164713873,0,0,1.40
1777573163.164713873,1,0,0.01
1777573164.184908671,0,0,1.40
1777573164.184908671,1,0,0.01
1777573165.204745888,0,0,1.40
1777573165.204745888,1,0,0.01
1777573166.224907175,0,0,1.40
1777573166.224907175,1,0,0.01
1777573167.244958703,0,0,1.40
1777573167.244958703,1,0,0.01
1777573168.264617158,0,0,1.40
1777573168.264617158,1,0,0.01
1777573169.284366601,0,0,1.40
1777573169.284366601,1,0,0.01
1777573170.304309113,0,0,1.40
1777573170.304309113,1,0,0.01
1777573171.324186095,0,0,1.40
1777573171.324186095,1,0,0.01
1777573172.344350375,0,0,1.40
1777573172.344350375,1,0,0.01
1777573173.365367658,0,0,1.40
1777573173.365367658,1,0,0.01
1777573174.384995990,0,0,1.40
1777573174.384995990,1,0,0.01
1777573175.406253234,0,0,1.40
1777573175.406253234,1,0,0.01
1777573176.427617716,0,0,1.40
1777573176.427617716,1,0,0.01
1777573177.449141887,0,0,1.40
1777573177.449141887,1,0,0.01
1777573178.469610863,0,0,1.40
1777573178.469610863,1,0,0.01
1777573179.490016644,0,0,1.40
1777573179.490016644,1,0,0.01
1777573180.511349327,0,0,1.40
1777573180.511349327,1,0,0.01
1777573181.533086179,0,0,1.40
1777573181.533086179,1,0,0.01
1777573182.553296173,0,0,1.40
1777573182.553296173,1,0,0.01
1777573183.573314923,0,0,1.40
1777573183.573314923,1,0,0.01
1777573184.592917860,0,0,1.40
1777573184.592917860,1,0,0.01
1777573185.612666402,0,0,1.40
1777573185.612666402,1,0,0.01
1777573186.633466336,0,0,1.40
1777573186.633466336,1,0,0.01
1777573187.654151868,0,0,1.40
1777573187.654151868,1,0,0.01
1777573188.674326997,0,0,1.40
1777573188.674326997,1,0,0.01
1777573189.694867669,0,0,1.40
1777573189.694867669,1,0,0.01
1777573190.715374580,0,0,1.40
1777573190.715374580,1,0,0.01
1777573191.735925832,0,0,1.40
1777573191.735925832,1,0,0.01
1777573192.757305789,0,0,1.40
1777573192.757305789,1,0,0.01
1777573193.777087376,0,0,1.40
1777573193.777087376,1,0,0.01
1777573194.796878534,0,0,1.40
1777573194.796878534,1,0,0.01
1777573195.817849901,0,0,1.40
1777573195.817849901,1,0,0.01
1777573196.837512975,0,0,1.40
1777573196.837512975,1,0,0.01
1777573197.857052287,0,0,1.40
1777573197.857052287,1,0,0.01
1777573198.877037477,0,0,1.40
1777573198.877037477,1,0,0.01
1777573199.898890596,0,0,1.40
1777573199.898890596,1,0,0.01
1777573200.919046631,0,0,1.40
1777573200.919046631,1,0,0.01
1777573201.938784285,0,0,1.40
1777573201.938784285,1,0,0.01
1777573202.959700767,0,0,1.40
1777573202.959700767,1,0,0.01
1777573203.979502229,0,0,1.40
1777573203.979502229,1,0,0.01
1777573205.000114470,0,0,1.40
1777573205.000114470,1,0,0.01
1777573206.020501284,0,0,1.40
1777573206.020501284,1,0,0.01
1777573207.039857330,0,0,1.40
1777573207.039857330,1,0,0.01
1777573208.059843251,0,0,1.40
1777573208.059843251,1,0,0.01
1777573209.080119635,0,0,1.40
1777573209.080119635,1,0,0.01
1777573210.099888064,0,0,1.40
1777573210.099888064,1,0,0.01
1777573211.120627191,0,0,1.40
1777573211.120627191,1,0,0.01
1777573212.140085625,0,0,1.40
1777573212.140085625,1,0,0.01
1777573213.160668834,0,0,1.40
1777573213.160668834,1,0,0.01
1777573214.182230871,0,0,1.40
1777573214.182230871,1,0,0.01
1777573215.202317457,0,0,1.40
1777573215.202317457,1,0,0.01
1777573216.223232008,0,0,1.40
1777573216.223232008,1,0,0.01
1777573217.243834060,0,0,1.40
1777573217.243834060,1,0,0.01
1777573218.263690043,0,0,1.40
1777573218.263690043,1,0,0.01
1777573219.284704517,0,0,1.40
1777573219.284704517,1,0,0.01
1777573220.304596187,0,0,1.40
1777573220.304596187,1,0,0.01
1777573221.324851837,0,0,1.40
1777573221.324851837,1,0,0.01
1777573222.345034999,0,0,1.40
1777573222.345034999,1,0,0.01
1777573223.364709052,0,0,1.40
1777573223.364709052,1,0,0.01
1777573224.384638003,0,0,1.40
1777573224.384638003,1,0,0.01
1777573225.404877807,0,0,1.40
1777573225.404877807,1,0,0.01
1777573226.426016821,0,0,1.40
1777573226.426016821,1,0,0.01
1777573227.446913309,0,0,1.40
1777573227.446913309,1,0,0.01
1777573228.468923299,0,0,1.40
1777573228.468923299,1,0,0.01
1777573229.489332360,0,76,1.40
1777573229.489332360,1,0,0.01
1777573230.509741816,0,75,1.40
1777573230.509741816,1,0,0.01
1777573231.529529137,0,75,1.40
1777573231.529529137,1,0,0.01
1777573232.551216109,0,75,1.40
1777573232.551216109,1,0,0.01
1777573233.571198057,0,0,1.40
1777573233.571198057,1,0,0.01
1777573234.592461838,0,0,1.40
1777573234.592461838,1,0,0.01
1777573235.612927473,0,0,1.40
1777573235.612927473,1,0,0.01
1777573236.633253508,0,0,1.40
1777573236.633253508,1,0,0.01
1777573237.654654675,0,0,1.40
1777573237.654654675,1,0,0.01
1777573238.676519932,0,0,1.40
1777573238.676519932,1,0,0.01
1777573239.696879902,0,0,1.40
1777573239.696879902,1,0,0.01
1777573240.717145531,0,0,1.40
1777573240.717145531,1,0,0.01
1777573241.737416330,0,0,1.40
1777573241.737416330,1,0,0.01
1777573242.757539395,0,0,1.40
1777573242.757539395,1,0,0.01
1777573243.777091233,0,0,1.40
1777573243.777091233,1,0,0.01
1777573244.797788830,0,0,1.40
1777573244.797788830,1,0,0.01
1777573245.817819804,0,0,1.40
1777573245.817819804,1,0,0.01
1777573246.838091246,0,0,1.40
1777573246.838091246,1,0,0.01
1777573247.858123831,0,0,1.40
1777573247.858123831,1,0,0.01
1777573248.879124338,0,0,1.40
1777573248.879124338,1,0,0.01
1777573249.899053528,0,0,1.40
1777573249.899053528,1,0,0.01
1777573250.918461326,0,0,1.40
1777573250.918461326,1,0,0.01
1777573251.939558707,0,0,1.40
1777573251.939558707,1,0,0.01
1777573252.960831789,0,0,1.40
1777573252.960831789,1,0,0.01
1777573253.980809646,0,0,1.40
1777573253.980809646,1,0,0.01
1777573255.000539430,0,0,1.40
1777573255.000539430,1,0,0.01
1777573256.020979974,0,0,1.40
1777573256.020979974,1,0,0.01
1777573257.042519436,0,0,1.40
1777573257.042519436,1,0,0.01
1777573258.064133153,0,0,1.40
1777573258.064133153,1,0,0.01
1777573259.085342603,0,0,1.40
1777573259.085342603,1,0,0.01
1777573260.107015117,0,0,1.40
1777573260.107015117,1,0,0.01
1777573261.127059983,0,0,1.40
1777573261.127059983,1,0,0.01
1777573262.148892991,0,0,1.40
1777573262.148892991,1,0,0.01
1777573263.170620209,0,0,1.40
1777573263.170620209,1,0,0.01
1777573264.191692978,0,0,1.40
1777573264.191692978,1,0,0.01
1777573265.212147011,0,0,1.40
1777573265.212147011,1,0,0.01
1777573266.232360256,0,0,1.40
1777573266.232360256,1,0,0.01
1777573267.251969673,0,0,1.40
1777573267.251969673,1,0,0.01
1777573268.272800220,0,0,1.40
1777573268.272800220,1,0,0.01
1777573269.294354256,0,0,1.40
1777573269.294354256,1,0,0.01
1777573270.314880148,0,0,1.40
1777573270.314880148,1,0,0.01
1777573271.334561656,0,0,1.40
1777573271.334561656,1,0,0.01
1777573272.355275980,0,0,1.40
1777573272.355275980,1,0,0.01
1777573273.374903811,0,0,1.40
1777573273.374903811,1,0,0.01
1777573274.395065014,0,0,1.40
1777573274.395065014,1,0,0.01
1777573275.415114134,0,0,1.40
1777573275.415114134,1,0,0.01
1777573276.435502032,0,0,1.40
1777573276.435502032,1,0,0.01
1777573277.456010493,0,0,1.40
1777573277.456010493,1,0,0.01
1777573278.475941934,0,0,1.40
1777573278.475941934,1,0,0.01
1777573279.497622450,0,0,1.40
1777573279.497622450,1,0,0.01
1777573280.518502670,0,0,1.40
1777573280.518502670,1,0,0.01
1777573281.538798357,0,0,1.40
1777573281.538798357,1,0,0.01
1777573282.559276697,0,0,1.40
1777573282.559276697,1,0,0.01
1777573283.579501511,0,0,1.40
1777573283.579501511,1,0,0.01
1777573284.600119164,0,0,1.40
1777573284.600119164,1,0,0.01
1777573285.620636492,0,0,1.40
1777573285.620636492,1,0,0.01
1777573286.640850819,0,0,1.40
1777573286.640850819,1,0,0.01
1777573287.661116766,0,0,1.40
1777573287.661116766,1,0,0.01
1777573288.680832651,0,0,1.40
1777573288.680832651,1,0,0.01
1777573289.701483628,0,0,1.40
1777573289.701483628,1,0,0.01
1777573290.722588619,0,0,1.40
1777573290.722588619,1,0,0.01
1777573291.743122826,0,0,1.40
1777573291.743122826,1,0,0.01
1777573292.763748081,0,0,1.40
1777573292.763748081,1,0,0.01
1777573293.784525050,0,0,1.40
1777573293.784525050,1,0,0.01
1777573294.805254570,0,0,1.40
1777573294.805254570,1,0,0.01
1777573295.825409040,0,0,1.40
1777573295.825409040,1,0,0.01
1777573296.845428461,0,0,1.40
1777573296.845428461,1,0,0.01
1777573297.865681485,0,0,1.40
1777573297.865681485,1,0,0.01
1777573298.887528645,0,0,1.40
1777573298.887528645,1,0,0.01
1777573299.908898158,0,0,1.40
1777573299.908898158,1,0,0.01
1777573300.929072368,0,0,1.40
1777573300.929072368,1,0,0.01
1777573301.949990470,0,0,1.40
1777573301.949990470,1,0,0.01
1777573302.970361252,0,0,1.40
1777573302.970361252,1,0,0.01
1777573303.990819060,0,0,1.40
1777573303.990819060,1,0,0.01
1777573305.010981570,0,0,1.40
1777573305.010981570,1,0,0.01
1777573306.031252980,0,0,1.40
1777573306.031252980,1,0,0.01
1777573307.051750875,0,0,1.40
1777573307.051750875,1,0,0.01
1777573308.071997502,0,0,1.40
1777573308.071997502,1,0,0.01
1777573309.092792243,0,0,1.40
1777573309.092792243,1,0,0.01
1777573310.113078302,0,0,1.40
1777573310.113078302,1,0,0.01
1777573311.133717079,0,0,1.40
1777573311.133717079,1,0,0.01
1777573312.154376648,0,0,1.40
1777573312.154376648,1,0,0.01
1777573313.175833067,0,0,1.40
1777573313.175833067,1,0,0.01
1777573314.196434086,0,0,1.40
1777573314.196434086,1,0,0.01
1777573315.216967073,0,0,1.40
1777573315.216967073,1,0,0.01
1777573316.237092436,0,0,1.40
1777573316.237092436,1,0,0.01
1777573317.257005366,0,0,1.40
1777573317.257005366,1,0,0.01
1777573318.277613373,0,0,1.40
1777573318.277613373,1,0,0.01
1777573319.298478591,0,0,1.40
1777573319.298478591,1,0,0.01
1777573320.319296500,0,0,1.40
1777573320.319296500,1,0,0.01
1777573321.339937718,0,0,1.40
1777573321.339937718,1,0,0.01
1777573322.360190183,0,0,1.40
1777573322.360190183,1,0,0.01
1777573323.380631195,0,0,1.40
1777573323.380631195,1,0,0.01
1777573324.401472411,0,0,1.40
1777573324.401472411,1,0,0.01
1777573325.422148568,0,0,1.40
1777573325.422148568,1,0,0.01
1777573326.443024859,0,0,1.40
1777573326.443024859,1,0,0.01
1777573327.463621837,0,0,1.40
1777573327.463621837,1,0,0.01
1777573328.484515156,0,0,1.40
1777573328.484515156,1,0,0.01
1777573329.504956064,0,0,1.40
1777573329.504956064,1,0,0.01
1777573330.525603921,0,0,1.40
1777573330.525603921,1,0,0.01
1777573331.545850242,0,0,1.40
1777573331.545850242,1,0,0.01
1777573332.566546490,0,0,1.40
1777573332.566546490,1,0,0.01
1777573333.586746885,0,0,1.40
1777573333.586746885,1,0,0.01
1777573334.607078768,0,0,1.40
1777573334.607078768,1,0,0.01
1777573335.627765910,0,0,1.40
1777573335.627765910,1,0,0.01
1777573336.648217778,0,0,1.40
1777573336.648217778,1,0,0.01
1777573337.668800692,0,0,1.40
1777573337.668800692,1,0,0.01
1777573338.688993006,0,0,1.40
1777573338.688993006,1,0,0.01
1777573339.709550349,0,0,1.40
1777573339.709550349,1,0,0.01
1777573340.730038264,0,0,1.40
1777573340.730038264,1,0,0.01
1777573341.752220713,0,0,1.40
1777573341.752220713,1,0,0.01
1777573342.773796408,0,0,1.40
1777573342.773796408,1,0,0.01
1777573343.794503662,0,0,1.40
1777573343.794503662,1,0,0.01
1777573344.815040507,0,0,1.40
1777573344.815040507,1,0,0.01
1777573345.835453124,0,0,1.40
1777573345.835453124,1,0,0.01
1777573346.855602961,0,0,1.40
1777573346.855602961,1,0,0.01
1777573347.875599665,0,0,1.40
1777573347.875599665,1,0,0.01
1777573348.895567904,0,0,1.40
1777573348.895567904,1,0,0.01
1777573349.917210224,0,0,1.40
1777573349.917210224,1,0,0.01
1777573350.939551348,0,0,1.40
1777573350.939551348,1,0,0.01
1777573351.960054017,0,0,1.40
1777573351.960054017,1,0,0.01
1777573352.981948742,0,0,1.40
1777573352.981948742,1,0,0.01
1777573354.003574019,0,0,1.40
1777573354.003574019,1,0,0.01
1777573355.023839118,0,0,1.40
1777573355.023839118,1,0,0.01
1777573356.044727525,0,0,1.40
1777573356.044727525,1,0,0.01
1777573357.064908572,0,0,1.40
1777573357.064908572,1,0,0.01
1777573358.085375812,0,0,1.40
1777573358.085375812,1,0,0.01
1777573359.106487440,0,0,1.40
1777573359.106487440,1,0,0.01
1777573360.126746885,0,0,1.40
1777573360.126746885,1,0,0.01
1777573361.147923919,0,0,1.40
1777573361.147923919,1,0,0.01
1777573362.168147597,0,0,1.40
1777573362.168147597,1,0,0.01
1777573363.187883163,0,0,1.40
1777573363.187883163,1,0,0.01
1777573364.207769684,0,0,1.40
1777573364.207769684,1,0,0.01
1777573365.227388526,0,0,1.40
1777573365.227388526,1,0,0.01
1777573366.247503469,0,0,1.40
1777573366.247503469,1,0,0.01
1777573367.268906054,0,0,1.40
1777573367.268906054,1,0,0.01
1777573368.289541165,0,0,1.40
1777573368.289541165,1,0,0.01
1777573369.309633834,0,0,1.40
1777573369.309633834,1,0,0.01
1777573370.329912751,0,0,1.40
1777573370.329912751,1,0,0.01
1777573371.350111887,0,0,1.40
1777573371.350111887,1,0,0.01
1777573372.370792495,0,0,1.40
1777573372.370792495,1,0,0.01
1777573373.392258486,0,0,1.40
1777573373.392258486,1,0,0.01
1777573374.412348934,0,0,1.40
1777573374.412348934,1,0,0.01
1777573375.432347978,0,0,1.40
1777573375.432347978,1,0,0.01
1777573376.451816997,0,0,1.40
1777573376.451816997,1,0,0.01
1777573377.471156926,0,0,1.40
1777573377.471156926,1,0,0.01
1777573378.491022278,0,0,1.40
1777573378.491022278,1,0,0.01
1777573379.511813187,0,0,1.40
1777573379.511813187,1,0,0.01
1777573380.533777518,0,0,1.40
1777573380.533777518,1,0,0.01
1777573381.554862131,0,0,1.40
1777573381.554862131,1,0,0.01
1777573382.576418672,0,0,1.40
1777573382.576418672,1,0,0.01
1777573383.597831924,0,0,1.40
1777573383.597831924,1,0,0.01
1777573384.617828533,0,0,1.40
1777573384.617828533,1,0,0.01
1777573385.637538983,0,0,1.40
1777573385.637538983,1,0,0.01
1777573386.657482564,0,0,1.40
1777573386.657482564,1,0,0.01
1777573387.676988868,0,0,1.40
1777573387.676988868,1,0,0.01
1777573388.697950126,0,0,1.40
1777573388.697950126,1,0,0.01
1777573389.717492732,0,0,1.40
1777573389.717492732,1,0,0.01
1777573390.737284101,0,0,1.40
1777573390.737284101,1,0,0.01
1777573391.757956991,0,0,1.40
1777573391.757956991,1,0,0.01
1777573392.778121088,0,0,1.40
1777573392.778121088,1,0,0.01
1777573393.797924999,0,0,1.40
1777573393.797924999,1,0,0.01
1777573394.818370219,0,0,1.40
1777573394.818370219,1,0,0.01
1777573395.838955173,0,0,1.40
1777573395.838955173,1,0,0.01
1777573396.861543349,0,0,1.40
1777573396.861543349,1,0,0.01
1777573397.882169696,0,0,1.40
1777573397.882169696,1,0,0.01
1777573398.903933860,0,0,1.40
1777573398.903933860,1,0,0.01
1777573399.924165648,0,0,1.40
1777573399.924165648,1,0,0.01
1777573400.944539100,0,0,1.40
1777573400.944539100,1,0,0.01
1777573401.964712933,0,0,1.40
1777573401.964712933,1,0,0.01
1777573402.985457593,0,0,1.40
1777573402.985457593,1,0,0.01
1777573404.005432036,0,0,1.40
1777573404.005432036,1,0,0.01
1777573405.025174629,0,0,1.40
1777573405.025174629,1,0,0.01
1777573406.045624728,0,0,1.40
1777573406.045624728,1,0,0.01
1777573407.065160627,0,0,1.40
1777573407.065160627,1,0,0.01
1777573408.084625391,0,0,1.40
1777573408.084625391,1,0,0.01
1777573409.104271205,0,0,1.40
1777573409.104271205,1,0,0.01
1777573410.126512348,0,0,1.40
1777573410.126512348,1,0,0.01
1777573411.147055221,0,0,1.40
1777573411.147055221,1,0,0.01
1777573412.167112863,0,0,1.40
1777573412.167112863,1,0,0.01
1777573413.187736966,0,0,1.40
1777573413.187736966,1,0,0.01
1777573414.209582942,0,0,1.40
1777573414.209582942,1,0,0.01
1777573415.229593831,0,0,1.40
1777573415.229593831,1,0,0.01
1777573416.249395107,0,0,1.40
1777573416.249395107,1,0,0.01
1777573417.269283481,0,0,1.40
1777573417.269283481,1,0,0.01
1777573418.289974401,0,0,1.40
1777573418.289974401,1,0,0.01
1777573419.309445530,0,0,1.40
1777573419.309445530,1,0,0.01
1777573420.329264388,0,0,1.40
1777573420.329264388,1,0,0.01
1777573421.350954688,0,0,1.40
1777573421.350954688,1,0,0.01
1777573422.372494498,0,0,1.40
1777573422.372494498,1,0,0.01
1777573423.394280935,0,0,1.40
1777573423.394280935,1,0,0.01
1777573424.416240549,0,0,1.40
1777573424.416240549,1,0,0.01
1777573425.436307624,0,0,1.40
1777573425.436307624,1,0,0.01
1777573426.456372105,0,0,1.40
1777573426.456372105,1,0,0.01
1777573427.478723226,0,0,1.40
1777573427.478723226,1,0,0.01
1777573428.499920986,0,0,1.40
1777573428.499920986,1,0,0.01
1777573429.522054499,0,0,1.40
1777573429.522054499,1,0,0.01
1777573430.543269884,0,0,1.40
1777573430.543269884,1,0,0.01
1777573431.563834945,0,0,1.40
1777573431.563834945,1,0,0.01
1777573432.585326995,0,0,1.40
1777573432.585326995,1,0,0.01
1777573433.606842654,0,0,1.40
1777573433.606842654,1,0,0.01
1777573434.627657396,0,0,1.40
1777573434.627657396,1,0,0.01
1777573435.647800524,0,0,1.40
1777573435.647800524,1,0,0.01
1777573436.667116656,0,0,1.40
1777573436.667116656,1,0,0.01
1777573437.688881887,0,0,1.40
1777573437.688881887,1,0,0.01
1777573438.709708196,0,0,1.40
1777573438.709708196,1,0,0.01
1777573439.729855129,0,0,1.40
1777573439.729855129,1,0,0.01
1777573440.750460743,0,0,1.40
1777573440.750460743,1,0,0.01
1777573441.770620172,0,0,1.40
1777573441.770620172,1,0,0.01
1777573442.790447206,0,0,1.40
1777573442.790447206,1,0,0.01
1777573443.810730788,0,0,1.40
1777573443.810730788,1,0,0.01
1777573444.830587450,0,0,1.40
1777573444.830587450,1,0,0.01
1777573445.850025116,0,0,1.40
1777573445.850025116,1,0,0.01
1777573446.869737123,0,0,1.40
1777573446.869737123,1,0,0.01
1777573447.890350084,0,0,1.40
1777573447.890350084,1,0,0.01
1777573448.910556486,0,0,1.40
1777573448.910556486,1,0,0.01
1777573449.930916412,0,0,1.40
1777573449.930916412,1,0,0.01
1777573450.950486385,0,0,1.40
1777573450.950486385,1,0,0.01
1777573451.971602626,0,0,1.40
1777573451.971602626,1,0,0.01
1777573452.994172385,0,0,1.40
1777573452.994172385,1,0,0.01
1777573454.014569515,0,0,1.40
1777573454.014569515,1,0,0.01
1777573455.035275412,0,0,1.40
1777573455.035275412,1,0,0.01
1777573456.055510998,0,0,1.40
1777573456.055510998,1,0,0.01
1777573457.076920165,0,0,1.40
1777573457.076920165,1,0,0.01
1777573458.097650931,0,0,1.40
1777573458.097650931,1,0,0.01
1777573459.118399270,0,0,1.40
1777573459.118399270,1,0,0.01
1777573460.138442587,0,0,1.40
1777573460.138442587,1,0,0.01
1777573461.158879458,0,0,1.40
1777573461.158879458,1,0,0.01
1777573462.179917942,0,0,1.40
1777573462.179917942,1,0,0.01
1777573463.200913727,0,0,1.40
1777573463.200913727,1,0,0.01
1777573464.222720419,0,0,1.40
1777573464.222720419,1,0,0.01
1777573465.243318095,0,0,1.40
1777573465.243318095,1,0,0.01
1777573466.263167503,0,0,1.40
1777573466.263167503,1,0,0.01
1777573467.283953452,0,0,1.40
1777573467.283953452,1,0,0.01
1777573468.304786440,0,0,1.40
1777573468.304786440,1,0,0.01
1777573469.324548595,0,0,1.40
1777573469.324548595,1,0,0.01
1777573470.344635177,0,0,1.40
1777573470.344635177,1,0,0.01
1777573471.364646546,0,0,1.40
1777573471.364646546,1,0,0.01
1777573472.384522798,0,0,1.40
1777573472.384522798,1,0,0.01
1777573473.404176143,0,0,1.40
1777573473.404176143,1,0,0.01
1777573474.424164924,0,0,1.40
1777573474.424164924,1,0,0.01
1777573475.445312944,0,0,1.40
1777573475.445312944,1,0,0.01
1777573476.466937484,0,0,1.40
1777573476.466937484,1,0,0.01
1777573477.488402096,0,0,1.40
1777573477.488402096,1,0,0.01
1777573478.508983878,0,0,1.40
1777573478.508983878,1,0,0.01
1777573479.530429960,0,0,1.40
1777573479.530429960,1,0,0.01
1777573480.551654426,0,0,1.40
1777573480.551654426,1,0,0.01
1777573481.573115331,0,0,1.40
1777573481.573115331,1,0,0.01
1777573482.593351086,0,0,1.40
1777573482.593351086,1,0,0.01
1777573483.615614324,0,0,1.40
1777573483.615614324,1,0,0.01
1777573484.637172425,0,0,0.00
1777573484.637172425,1,0,0.00
