1.142855289546617970e+00
9.534288416109817366e-01
1.050871096728824616e+00
9.751939326669747388e-01
8.986856238208802417e-01
1.106428132714281087e+00
8.782584429321548258e-01
1.159303070656675816e+00
9.335291198304267457e-01
1.005771764995761153e+00
9.964482223602535438e-01
8.673366140640663691e-01
1.102515899225288587e+00
8.587234972197168581e-01
9.913444316314116156e-01
1.005398485527351449e+00
9.689131623662136095e-01
1.092029352702701628e+00
1.107628902926805825e+00
9.174390018463407515e-01
1.096914587518091899e+00
1.019691686537959940e+00
8.757747920778526929e-01
1.112905251093647907e+00
5.679534287005975068e-01
1.471754269107109714e+00
1.959533578501881257e+00
2.199541950906498400e+00
1.406571366954560753e+00
2.015351276702630923e+00
1.823357474020859348e+00
1.708207504293018930e+00
1.682400224245196751e+00
1.400544096119640480e+00
2.052099041765589771e+00
1.997836348441998977e+00
1.646883086422233688e+00
1.981061151600548742e+00
1.203731882808909193e+00
1.545990857736700974e+00
2.160800293068819933e+00
1.399301429543610809e+00
1.398581711508960934e+00
1.637478763291646988e+00
1.933872866729920981e+00
1.692518817477963289e+00
1.329675538956306413e+00
1.121031509152013106e+00
1.601787915087522718e+00
1.712765666368776030e+00
2.011242950865247181e+00
1.708370109998163411e+00
1.659227898343209606e+00
1.749170215744919821e+00
1.463467453752274050e+00
1.981911446806744470e+00
1.464131379772531050e+00
1.955069089959369455e+00
7.665559061525502038e-01
1.160867484688451245e+00
1.902951121284620850e+00
1.153296593250575208e+00
1.733896902613144553e+00
1.843939137787180771e+00
1.487211399568493020e+00
1.168732409678126860e+00
1.309494264444206690e+00
1.372480845223697843e+00
1.178538089756225871e+00
1.628494104016710242e+00
1.439539887146382702e+00
1.681192281589472870e+00
1.069026394655126166e+00
1.946436595274497305e+00
2.355008263819437619e+00
2.375244100641859202e+00
1.950197910355135678e+00
1.053678257627029602e+00
6.575829874809068221e-01
9.279198688849381593e-01
2.356163484827554111e+00
2.545662468898598263e+00
7.736509850435493441e-01
1.746523315541290700e+00
1.001586168796016585e+00
9.852347305572215497e-01
1.232591504471052035e+00
2.124657646785145904e+00
2.439715766767853289e+00
1.770625282253609711e+00
2.569153897610207515e+00
2.024430401097573107e+00
2.576321016983746937e+00
2.619535973050899802e+00
2.508845052382874474e+00
2.416968013991143138e+00
1.190338431755779247e+00
9.345871384500850088e-01
1.682022652824768150e+00
1.915529516319407488e+00
1.521346073642009911e+00
2.355074999729655172e+00
2.031313888465713813e+00
1.738840446182195354e+00
1.710672293913973352e+00
2.333535148888198130e+00
1.924955266218357774e+00
2.464678322812345890e+00
2.162120896651730018e+00
1.867411316853347492e+00
1.725751455093492037e+00
2.345421038417090820e+00
1.490315420112970024e+00
5.911553535744565879e-01
2.271654890547811334e+00
1.967383568279067463e+00
2.455198553208661316e+00
1.203087708931294575e+00
2.817739813003349525e+00
9.700647000496072092e-01
1.815346834203168447e+00
1.296709927465949930e+00
2.193230798851968366e+00
1.387074459883561151e+00
2.686221261943226857e+00
2.297235669424825044e+00
2.487991491337872230e+00
2.856518648660830273e+00
2.415131327121484262e+00
2.136049500765280662e+00
1.877254903859274515e+00
1.725011735007609515e+00
2.594191601789301860e+00
2.269728861970931710e+00
9.636199316230206202e-01
2.071334075434421607e+00
1.927443076146752254e+00
1.079116147616486998e+00
1.539792217185337542e+00
1.590887981508672055e+00
2.297822637041354366e+00
2.420842089776332084e+00
1.790107041565264900e+00
2.028520309091802254e+00
2.782674061352963690e+00
2.136219394324337273e+00
1.454573426701543770e+00
8.325121017417916880e-01
2.718623563080024397e+00
2.258679829183006138e+00
2.464619467225884986e+00
3.135209002289200519e+00
1.982605644676149970e+00
1.410502861753000658e+00
3.108711833803541325e+00
2.116378692665932260e+00
2.086995581950824352e+00
2.440895772794515306e+00
2.660208217633919681e+00
1.723227524312572534e+00
1.792165762653398442e+00
2.086937331514281180e+00
2.844510296310147179e+00
3.093632313695436231e+00
2.494226049270704682e+00
2.533936589144602181e+00
1.825637381553640637e+00
2.156427182630136663e+00
3.060448493716874108e+00
1.796515165226888477e+00
2.150304059538433954e+00
2.726795937357108457e+00
1.650396844671605079e+00
2.689493209646150351e+00
6.693697938392358937e-01
1.291137280411387200e+00
2.876927881513752894e+00
2.309775428254142504e+00
2.464530733717300137e+00
3.336926044536528302e+00
2.647011369092215016e+00
2.194851572771797876e+00
1.988552962654873024e+00
2.810286939103020742e+00
3.236448741753948255e+00
1.168696981392316925e+00
9.053813904958124548e-01
2.575590648296781193e+00
2.462537092401292593e+00
3.030977377953584906e+00
2.509764004590853137e+00
1.848539925816010232e+00
3.525986242337627807e+00
2.270366494722587003e+00
3.146756535673338906e+00
2.803583480940777584e+00
2.571497278546743814e+00
2.983674079747981267e+00
2.376091919883629444e+00
2.463013043993674600e+00
2.274542242506939260e+00
2.742701737138194318e+00
1.856951395028167084e+00
2.635529888276559873e+00
2.503803685400361356e+00
2.699383657243340284e+00
3.064579768888659572e+00
1.947206878493872972e+00
2.234623005991300371e+00
3.011306542309259981e+00
2.756247457635326636e+00
2.116989270219416852e+00
2.199348489947659413e+00
2.251209910561206229e+00
1.948926736911595681e+00
2.537289399549889080e+00
1.418091100924480541e+00
2.945294084584780592e+00
1.889287086455005982e+00
2.620392775354276171e+00
2.984134041302602292e+00
1.734330910775257140e+00
1.304439086855156971e+00
2.460937507523811352e+00
2.109076398750026282e+00
3.084854570090965975e+00
2.167567989942476459e+00
2.934779729610488275e+00
2.259103750842670344e+00
2.372831634398417044e+00
3.119352865968139987e+00
1.265492422532747296e+00
2.734483245478287916e+00
1.780195508805407778e+00
2.114080651577270320e+00
9.867261406555870584e-01
2.807458248812886303e+00
2.158794230981790463e+00
2.416707712508652683e+00
3.007784798736833132e+00
2.414156068211117834e+00
1.858073581307937872e+00
1.426215043615575384e+00
1.436910260777551906e+00
2.991552986464436792e+00
1.900266426512109863e+00
6.636267460697938825e-01
2.238883585915903751e+00
2.219506303420803572e+00
9.515277707770540827e-01
2.234847655777465913e+00
2.874281041720586405e+00
2.874851135637162880e+00
2.736766597656038247e+00
2.784365093491839360e+00
3.146863062742084605e+00
1.312449701939372160e+00
3.044775985205623314e+00
3.076957607570338205e+00
2.445434890823737550e+00
2.323823793465903620e+00
2.898854243111134821e+00
2.131683156117365474e+00
2.667808170192598194e+00
3.220292308598474484e+00
1.931938192756395445e+00
1.914585705842470231e+00
3.428374953345521892e+00
2.729839571986688362e+00
2.409089464625107091e+00
2.451728062858179680e+00
2.719300596876712106e+00
2.660895928986236836e+00
2.103884830945793372e+00
2.603640269184041234e+00
2.371960490419757761e+00
1.073837621086972005e+00
2.955102462231531835e+00
2.706930816707185716e+00
1.940149015541233535e+00
2.886594737578622727e+00
2.650072505195405270e+00
1.723079837083174359e+00
2.863313697741231678e+00
2.991299978480480792e+00
2.135269533975564737e+00
3.158088130701744767e+00
2.863636556904390229e+00
2.428231609701307470e+00
2.112574127801505774e+00
2.268772317556366325e+00
1.910362101486243080e+00
2.841853082727041180e+00
1.899673671751013204e+00
2.037022882195976159e+00
2.395875378209131767e+00
2.627012522860859622e+00
2.817603702998205506e+00
2.227811340482169999e+00
2.743517428190495711e+00
2.741964972477631601e+00
2.675870202344982740e+00
2.240512198120414578e+00
2.293589311476957437e+00
1.225965791807763994e+00
2.065534094568542312e+00
2.848233995453146150e+00
1.025188686264733473e+00
2.848618860596765501e+00
2.792557267045841396e+00
1.434751070230208203e+00
2.222287225757322737e+00
2.973546870954860477e+00
1.912355093232227299e+00
2.844692914444516330e+00
2.688127456885524680e+00
1.478096842475987716e+00
2.518361455752788469e+00
1.977226763857781844e+00
2.994236995304070614e+00
2.002204955233138239e+00
1.392251002191086551e+00
2.777707947906722374e+00
2.681834126335467250e+00
3.012775012944720388e+00
2.934970309994203941e+00
2.694771099419479565e+00
1.118446781600891171e+00
2.327395132751342466e+00
2.179835810829505949e+00
2.212798684013597583e+00
3.038849628181047979e+00
2.016191108614812322e+00
2.785539397547580620e+00
2.572129481661718398e+00
2.830298663073945509e+00
2.313361402532856825e+00
9.689354723858313312e-01
1.930621310490090003e+00
9.541650563055632528e-01
2.477013182917318534e+00
2.278496406945045294e+00
6.891275511872192450e-01
2.477173236233543907e+00
1.869843040512852106e+00
1.039048610715382459e+00
2.570784493602521703e+00
1.764304726386909827e+00
2.020752157227979406e+00
2.281819036700896586e+00
2.775539758911182986e+00
2.565902760416305828e+00
1.768033864160978963e+00
2.640048601309694210e+00
1.478972366318500375e+00
2.380397337942210534e+00
3.128385434230085860e+00
9.529375891182260139e-01
2.249038145601062855e+00
2.447818636849814045e+00
2.655002650645948314e+00
2.044290077525818372e+00
3.029643473214874039e+00
2.317464985648976850e+00
2.194640806816159806e+00
3.070212523033130747e+00
9.915604214159426943e-01
1.251261351560947643e+00
3.074431108056690398e+00
2.168990248458074088e+00
2.521063337223249157e+00
2.374334302006505304e+00
2.195816431204816066e+00
2.701178509575410835e+00
2.968272577533999979e+00
2.472960536392945219e+00
2.788942314146694912e+00
3.240628171229897880e+00
2.067047795641138386e+00
2.059013033947867832e+00
1.136657283407428665e+00
2.529596804727638926e+00
2.445586405694989196e+00
2.810592122284331307e+00
2.846883190513540551e+00
9.093955393004273802e-01
2.917030514941554298e+00
9.523651405398533276e-01
2.024858905442505463e+00
3.092412619182228539e+00
2.586694648645013306e+00
2.842912656578320263e+00
2.973996669924004355e+00
3.019541822947448217e+00
2.917318107830776164e+00
2.266380636399532911e+00
2.455458604856123550e+00
2.187256269105611661e+00
1.268539703404089058e+00
3.062502025997818844e+00
2.448992667838042259e+00
2.729299807791297106e+00
1.880845852003248497e+00
2.537822633560816943e+00
2.258821831781071321e+00
2.992059776201849708e+00
2.577420238983998413e+00
2.834482402246198518e+00
2.961783512331237933e+00
2.506337370036386680e+00
2.303859841572683642e+00
2.658018646446375310e+00
2.572021272265023750e+00
2.369980789103023344e+00
2.692405945330647921e+00
1.392241118721142090e+00
3.039691053080149974e+00
2.655432326825256428e+00
2.692301041401728323e+00
2.661686707386766493e+00
1.688849198564913223e+00
2.021530158295353097e+00
3.083784959055077657e+00
3.085429108187554892e+00
2.278201625265606989e+00
2.191676353437749913e+00
1.929242653677016195e+00
2.275814728586639468e+00
3.029194488604185054e+00
1.775003225003833673e+00
2.669609337032595953e+00
2.769865546531467881e+00
1.761654256994603207e+00
3.111346877324679294e+00
3.128976345205559895e+00
2.282731815573241896e+00
2.602030149667356795e+00
2.071646260996060196e+00
2.412859303636980535e+00
3.012010654553307631e+00
2.701200181583707671e+00
2.921177478722590148e+00
2.932620928172789299e+00
2.119765189532060834e+00
2.527115119891666151e+00
2.308725152599929942e+00
2.389208742175242151e+00
2.441282637750551210e+00
2.925002224976661402e+00
3.121258595631898114e+00
2.319289854175536902e+00
2.235097743545686910e+00
2.505607083576111282e+00
2.488828092601413022e+00
2.197795570037345936e+00
2.980331220025587591e+00
2.860855702511978738e+00
1.750741359049797774e+00
2.820543347084274011e+00
2.857576310347219373e+00
2.452305999759071486e+00
2.247274543534778068e+00
2.496424744846548194e+00
2.403644004201442197e+00
2.198260374004355810e+00
2.406339093295032594e+00
2.282042116300088797e+00
2.945398344818424441e+00
2.608904117516501753e+00
1.512483818777108135e+00
2.647425192172882635e+00
2.605850148527999899e+00
2.223673194658030816e+00
2.217993451475430700e+00
2.894882771982860703e+00
3.235348008377751050e+00
2.058354386630337984e+00
2.223487735204324522e+00
3.076693681474037323e+00
1.722531642244210959e+00
2.041836591530162170e+00
2.107968477700297161e+00
2.673419683467211705e+00
1.438689161717210174e+00
2.873981459084537171e+00
2.206322209757983543e+00
2.987908502650112208e+00
2.312750541969708085e+00
2.092606176733466494e+00
2.619969828509675747e+00
2.119106665466680361e+00
2.573344327379996965e+00
3.594996938069090930e+00
1.331944429863233692e+00
2.535033441630982765e+00
2.464870604141409238e+00
2.747730530975656116e+00
2.160751377373599791e+00
3.389049495357734365e+00
2.520016001645287052e+00
2.806863938673644476e+00
3.190471961322358663e+00
2.766174796059427621e+00
2.179854116542684572e+00
6.016893132981053771e-01
2.850375322559755009e+00
2.728640657946924453e+00
2.759757623136309235e+00
2.735666810650195568e+00
2.417480235927286003e+00
1.171697017357385073e+00
2.660234845908260315e+00
2.577611294176494816e+00
2.904254418036410712e+00
1.597819920452830278e+00
2.970037490456211238e+00
3.255896539018424019e+00
2.692411121771882243e+00
2.867903348626856364e+00
3.332944209855058126e+00
2.662781525303532515e+00
2.701243407782068395e+00
3.571202626205044695e+00
2.651943769097298453e+00
3.088785723088697477e+00
2.999633647673272563e+00
2.316775362385405046e+00
2.949036534848536117e+00
3.324909541079589914e+00
2.827654794207618671e+00
2.983842623131715666e+00
3.422230415198309839e+00
2.823532385444361470e+00
3.138721851935157847e+00
2.779029763392026453e+00
2.425133194506986722e+00
2.613561230257189116e+00
2.878467732355658448e+00
2.924782983312085083e+00
3.308148691457216017e+00
2.445127283044149280e+00
3.024397882368755397e+00
3.154537196675163191e+00
2.924924922060182286e+00
2.803557637377823042e+00
1.725422234860154669e+00
2.242142610101094391e+00
2.265632754098848345e+00
1.027791696379410702e+00
2.771004517164631586e+00
1.789808398156881086e+00
2.042330725954355941e+00
3.056621063000372729e+00
2.646491027453225620e+00
2.103963205458494468e+00
9.598323256936819314e-01
7.133462055157604453e-01
2.993557112118185870e+00
2.566713745563548255e+00
2.941887828073943112e+00
2.363195646561483176e+00
2.803302479226562394e+00
2.805385944774616558e+00
3.072248343236827939e+00
1.874065327083251908e+00
2.090080599855661525e+00
3.301864379539615424e+00
2.341054001201337442e+00
2.932135558002443965e+00
2.965433114188432917e+00
1.948271269264979733e+00
2.908371002437250219e+00
2.934629475378493169e+00
2.892162502168462712e+00
2.761056938911674141e+00
1.388802890306017668e+00
2.284270468291075940e+00
2.946260602044474375e+00
2.844311074542642981e+00
2.782564105886183192e+00
2.764450207249979918e+00
2.632919661522524102e+00
1.674170817054711824e+00
2.001881147860026910e+00
3.378265888608298351e+00
2.262446149098852555e+00
1.077208494682554418e+00
2.923336921956551038e+00
2.656772516204737755e+00
2.304862562006929405e+00
1.131914962928698420e+00
8.442926397612872114e-01
1.641783557593500253e+00
3.281407866521651950e+00
2.686148053182499051e+00
2.283815164025573718e+00
2.531576468011581316e+00
2.626410344771946015e+00
2.806709437352587155e+00
2.191498777313642954e+00
3.433160496308815812e+00
2.378169099349698445e+00
2.846080516569304830e+00
3.141723636246517071e+00
2.070988766580388329e+00
2.613931014625023863e+00
2.673446069848051998e+00
2.465222764020554180e+00
3.174487715354315842e+00
2.154008147500016790e+00
2.714783288915955328e+00
2.800721304422795210e+00
2.854831106320120160e+00
2.590409789469026336e+00
2.829996881623025207e+00
3.199039288990327634e+00
2.275670322590444883e+00
3.056124507394805345e+00
3.416231617648650687e+00
2.262006373948601823e+00
2.795333511967223128e+00
1.908454604153257073e+00
2.795327294260038009e+00
2.899299179087288625e+00
3.268973694611440273e+00
1.600817711780365249e+00
2.186796590254347805e+00
1.834354821126526813e+00
2.960530593898551999e+00
2.880789230818736613e+00
9.889841751716814677e-01
2.997009625875618699e+00
2.868637702892536723e+00
2.513168236471860606e+00
3.320802952226557636e+00
2.212776367021066726e+00
2.299632547461114562e+00
2.871507867238032308e+00
2.739106885985920670e+00
2.860023720324795349e+00
2.668142947798399334e+00
2.234697075796790333e+00
2.639240820774674479e+00
2.764975781015251766e+00
1.704249627166278369e+00
1.617532329651738321e+00
2.958721839408481991e+00
2.569770824708389245e+00
2.918744074605808425e+00
2.896748947916813144e+00
2.684707115009748346e+00
2.879212731242650314e+00
3.536452003110278408e+00
2.094792327381825192e+00
3.018650787668426538e+00
2.757971705557852538e+00
2.797097858692009442e+00
2.302521883435852068e+00
2.115241759660168253e+00
2.511406750396762089e+00
3.125495970653568989e+00
1.905804210734045601e+00
2.928214978861314766e+00
1.183391466712897966e+00
2.718373113728429491e+00
2.448943871222554858e+00
3.562527135324384364e+00
1.904974455256525312e+00
2.264695998611099270e+00
3.214870027291349519e+00
2.690489261048109260e+00
3.166278551728127777e+00
1.126265144468598045e+00
2.661005063091787193e+00
1.163094999930545548e+00
3.389836953738579961e+00
2.712855825528556419e+00
1.146089953330944544e+00
3.596706454301182632e+00
2.516855838715316818e+00
3.176593748372812609e+00
3.541650043988516128e+00
1.847502750205334721e+00
2.369892158076433386e+00
3.222550514082202611e+00
2.561106365066309731e+00
2.938315876893201395e+00
2.621461019552138172e+00
1.172665315082152215e+00
2.954134068980127648e+00
2.318593181705693063e+00
3.469520831532603378e+00
3.015801657937075664e+00
1.597398109607321981e+00
1.474166742322016832e+00
2.877996363410386227e+00
2.689018561295180909e+00
3.086292972325451522e+00
2.747440010553484413e+00
1.476845377139371474e+00
1.169053229753963530e+00
3.274513782332319156e+00
2.806910511426473409e+00
1.776207732949328433e+00
3.369961690825606926e+00
2.661144002678732967e+00
1.413164976521042115e+00
3.430892806849958898e+00
3.060762558059991534e+00
3.255924312889440841e+00
2.353188735101049200e+00
3.268496567587873436e+00
1.526119641198867782e+00
2.746872557940766679e+00
3.068098436320971789e+00
2.696882909826691321e+00
2.249644994037689916e+00
2.915657495195978388e+00
2.850600278100398732e+00
3.054726977740885197e+00
3.057534595581001380e+00
2.570714360140701871e+00
2.943574907509362681e+00
3.224083963507933692e+00
2.661404776057767041e+00
1.626889265958952890e+00
2.590356598125437060e+00
1.871010015368617552e+00
2.352272021994840756e+00
2.426824191766965733e+00
3.094542851418194740e+00
2.761869877604087975e+00
1.142395326180204895e+00
3.710683580184552355e+00
2.379740980131774375e+00
1.811523103747628927e+00
3.001998839278535502e+00
2.676501281376514996e+00
1.422092628586006713e+00
3.335371589977560003e+00
2.746265920829405793e+00
3.230347192039646043e+00
2.528669656031671042e+00
2.907764267837315231e+00
2.848207428513599648e+00
2.732828502225415512e+00
1.453907127992244419e+00
1.946519428248930872e+00
2.450786936757357370e+00
2.929227063420090982e+00
2.901603236674657360e+00
3.032608148829230021e+00
2.794139508088139046e+00
2.983833158424757936e+00
2.346027112215931965e+00
2.886376648755700547e+00
1.121650374905581060e+00
3.245987003248636427e+00
1.953568405194533675e+00
2.919105215243484874e+00
2.594260833912541031e+00
2.699614742456660998e+00
2.626254153873979202e+00
3.070776767486392167e+00
2.012577304017389324e+00
2.900383968165650472e+00
3.213371048904686500e+00
1.173696153930854580e+00
3.180083407045600108e+00
2.618830156146934485e+00
1.090604567079351384e+00
1.750412308549571305e+00
3.572967535699651975e+00
2.706752391033472538e+00
2.740943897146778330e+00
1.698437548331110936e+00
2.626361098139252892e+00
3.238965797734705276e+00
3.119295555733789360e+00
2.757464861361516029e+00
2.413318739492427145e+00
3.569660804297847712e+00
2.095583390975589211e+00
3.284720727647969962e+00
2.481557320047111492e+00
3.218642226571055254e+00
3.466792029468686476e+00
2.092963289408875216e+00
3.104614462398358032e+00
3.414049658000290144e+00
2.143211865335499677e+00
2.983927930130492179e+00
3.273857871294712840e+00
2.284204075417064050e+00
2.883417856558700976e+00
2.290639462328980525e+00
2.277725776152107695e+00
3.195490948855954194e+00
3.181169062090768662e+00
1.732622608563156419e+00
2.663153367179990738e+00
3.468724166651131036e+00
1.928651280793902023e+00
2.713915260147717223e+00
2.276934178828553978e+00
3.073678230992348936e+00
3.029426235044486937e+00
2.344276770758752182e+00
1.843832410695856350e+00
2.993881959762877631e+00
3.149924419185058166e+00
2.669390464071497604e+00
2.388962642215867849e+00
2.755184927732786448e+00
1.824916627938672598e+00
3.256379677412270635e+00
2.669221600834431829e+00
2.973117636170634626e+00
3.109864648242398832e+00
2.801416900328856041e+00
1.703330019695636244e+00
3.064950791658110241e+00
2.742736867654687938e+00
3.260314810019811382e+00
2.947356680039078025e+00
2.622081488215065814e+00
2.985996112905176858e+00
1.688385738051793705e+00
3.009707533999474549e+00
1.605900107870827709e+00
3.665994723374237374e+00
2.892292564113091213e+00
3.063863682230302032e+00
2.659293443615942554e+00
2.858688733052309860e+00
1.939153582583343471e+00
2.888434578929196306e+00
3.012631636762134857e+00
1.309939614198999847e+00
2.576319160437495981e+00
1.986127091922081700e+00
2.088225923977150789e+00
3.072278203628879822e+00
2.695465549726625998e+00
3.140385110696626292e+00
3.682368618911984637e+00
2.352303212159348789e+00
3.074014256798015321e+00
1.096338328127733019e+00
2.420797639243676080e+00
3.206379841574200196e+00
1.076493072542552776e+00
2.943612548993038036e+00
2.383015842145602026e+00
1.889549424184245430e+00
3.344153107268205805e+00
2.570387071206654994e+00
3.247905577112092601e+00
3.515268816381673656e+00
1.800224680934228383e+00
2.264470674562298669e+00
2.173295801347165934e+00
3.280177477381267082e+00
2.846904155072296660e+00
2.906279335966020838e+00
1.063010232545047673e+00
2.862485576451662794e+00
3.196620260210260689e+00
3.407570422405786115e+00
3.131467508984384196e+00
1.282996577295998808e+00
3.155361024807675996e+00
2.934981491475451953e+00
3.130703285754695031e+00
3.196092164562531313e+00
2.613062274949870201e+00
8.345600088422416851e-01
2.203185007963433417e+00
2.994807894739158538e+00
3.214971788935561570e+00
3.425922160968813746e+00
3.038327628570271610e+00
3.216267221208236826e+00
2.651549947945222918e+00
1.956787783159622540e+00
2.576956870478346318e+00
2.974213512397639647e+00
3.299733081673068558e+00
2.801893220067352086e+00
2.906569506396678104e+00
2.989120197253335220e+00
1.860977398881755285e+00
1.778447847355149714e+00
3.062892755000516498e+00
1.808072535292321037e+00
2.668296848864333715e+00
2.782662962485429325e+00
2.963257352087419250e+00
2.459026020123273426e+00
3.140477818274614474e+00
3.331806003899773216e+00
1.917970547024756556e+00
1.873351876752362921e+00
2.862903969416960237e+00
2.426267351143108986e+00
2.674873041994923817e+00
3.167795222246537978e+00
3.082240689272740752e+00
2.704710894517388997e+00
3.072334388303270547e+00
3.144550402670151179e+00
3.027786798336639773e+00
2.219515279582886524e+00
2.688542382106232864e+00
2.974872244374618280e+00
3.368937721586585443e+00
2.555309995890106212e+00
8.498767915816408669e-01
3.165177346514632450e+00
2.672136007998659579e+00
2.598335165769911637e+00
3.228546061130750822e+00
9.319714568547449174e-01
3.492764082135158876e+00
2.879843049723973092e+00
3.143685799651255053e+00
2.552561056214817992e+00
2.396990265554484800e+00
1.967540917235919062e+00
2.502832249392504149e+00
3.022220202583939752e+00
2.402182162086364148e+00
1.933648869959404548e+00
1.285703957503801620e+00
2.927336554015516068e+00
3.172181483758635512e+00
2.647117175389634536e+00
2.807113379484274418e+00
3.704846913161456978e+00
2.300733260489707721e+00
1.706353018094082019e+00
2.206727441367738241e+00
2.828858541962326445e+00
3.013721198261961831e+00
2.607806505429065780e+00
2.447354907525472800e+00
3.001840190447814027e+00
3.343519394101852615e+00
2.420571585233655565e+00
2.958101720443844673e+00
2.998370913357299106e+00
2.585814731497146024e+00
2.245284239215358912e+00
1.656866397889776854e+00
1.107549362498334578e+00
1.815089561014418873e+00
2.937441614021468528e+00
3.411482192967038696e+00
2.388302038480159872e+00
2.963668031908065714e+00
3.025751635471377377e+00
2.703768312218582714e+00
3.160144434890822751e+00
2.618727820525589500e+00
2.132468089549659496e+00
2.064859440781339650e+00
3.391010979510508783e+00
2.767288053059035136e+00
1.332881083698444158e+00
2.073128921799377800e+00
2.871203131159315802e+00
2.907391343729298860e+00
2.695731853910932063e+00
1.913580384960585690e+00
2.640687738674332152e+00
3.226749259784309043e+00
2.119309736375091902e+00
2.238051636087443619e+00
3.362788716434735647e+00
2.348806556511976229e+00
2.454797020237928340e+00
3.233551071824943612e+00
2.393600155860625467e+00
3.433577606474315314e+00
2.278827356407896243e+00
3.042292071844186374e+00
3.427029142290240582e+00
2.706068852032619709e+00
2.371510291523137415e+00
2.082180891490581498e+00
9.540813407551587133e-01
2.992929008151304249e+00
3.362803467115700773e+00
1.614529767138990879e+00
3.196236617265534985e+00
2.760651128229268725e+00
2.843692638142214069e+00
1.667836093773697126e+00
2.891666103779443109e+00
3.304049055257868517e+00
2.913596121938838657e+00
3.194607321319211657e+00
2.862562685284929742e+00
3.165640557623869533e+00
3.320104724867031898e+00
1.470427308533867272e+00
3.164310186042378348e+00
1.488589585535052384e+00
3.107762964161135510e+00
2.315521617735939230e+00
2.926832286562814911e+00
3.504388056016764175e+00
2.614443156434894444e+00
2.558163636553224318e+00
1.133446468806161400e+00
2.698938255160667321e+00
2.670321386502747529e+00
3.181063509476879325e+00
1.866413273546398521e+00
3.034876901248736658e+00
1.125530907106272016e+00
1.717821198026047824e+00
2.875553581298204264e+00
3.144868826271520312e+00
3.432011728911501081e+00
1.489763267274224257e+00
2.976362740454766342e+00
2.338246036888431689e+00
2.777881620109738048e+00
2.451111229363548194e+00
2.740829210461535048e+00
2.987763650040680119e+00
3.321991061444546922e+00
9.832380936819176132e-01
2.825559367318095649e+00
1.164480259806336848e+00
1.508944806237058289e+00
2.668911838973493822e+00
2.865197756963999254e+00
3.088852307159012600e+00
9.172201482814886786e-01
3.424998273758173895e+00
2.658423018735702748e+00
3.215118470455448740e+00
3.025321634081465927e+00
3.215694073009589538e+00
3.508002733941709472e+00
2.938080282369590623e+00
3.338093286887827027e+00
2.084972763462209944e+00
2.449255205317205863e+00
3.006218410986644773e+00
2.438548224005067322e+00
2.856340930516724441e+00
2.682906600093528660e+00
1.287005454012273509e+00
3.219098217909612814e+00
3.463849668832021944e+00
2.815736666378793718e+00
3.432299101908022010e+00
2.995134951223541009e+00
2.772601045082181415e+00
2.930931919644241379e+00
1.952700121292801905e+00
3.537350452904100884e+00
2.197404533159667217e+00
3.100090981506502086e+00
3.157929464058568225e+00
3.027656277793283834e+00
2.982672552651585374e+00
3.489468742789754607e+00
2.414425409005854561e+00
2.999899558407252087e+00
3.422290076429169048e+00
2.066318222925041415e+00
2.974891625413746077e+00
3.105649005563780207e+00
2.813017676494898645e+00
3.463686837624385895e+00
9.320367307107518817e-01
2.896427375023657103e+00
2.509014845568298568e+00
2.240456180314417178e+00
2.964345876054256035e+00
2.803220422923863531e+00
2.136697608642996737e+00
2.585681059596759646e+00
3.087673016943899285e+00
1.750994719084238094e+00
2.726192600380584530e+00
2.430578816781595819e+00
3.220848129468823373e+00
2.677952400473776251e+00
2.771798400532910822e+00
1.631821701005448100e+00
2.659851063407783212e+00
3.303167464267195985e+00
3.353589446881148461e+00
2.768952929139043562e+00
2.808865904580617023e+00
1.848398304705908934e+00
3.289780560615277683e+00
3.288302542478859003e+00
2.819999888353561079e+00
1.549277783297337452e+00
6.939168180897827831e-01
2.870647307446915875e+00
3.467970621073261484e+00
1.374513363484677120e+00
2.351424215720039346e+00
3.211279974645725677e+00
2.766430153823686844e+00
2.122404152279450784e+00
1.923044774838160054e+00
2.849694246483047699e+00
2.306207777765444611e+00
2.435934338128926235e+00
3.013903018525590394e+00
1.035625072489796406e+00
2.598114430192282498e+00
2.816962261165609327e+00
3.104437983569830806e+00
2.135596629007034508e+00
2.357816865775246740e+00
2.256956246723912596e+00
1.081342040406886751e+00
2.807737632793072091e+00
3.336286743709668379e+00
2.185227326497312550e+00
2.611938263090694878e+00
2.412575635666322604e+00
2.883237708699291524e+00
2.831112647040107344e+00
3.293462415116630293e+00
1.932234300238670599e+00
2.205249053119949121e+00
2.707262885311946476e+00
2.421102795266569352e+00
3.008095702410741090e+00
1.529509908430768172e+00
1.858502064052053315e+00
2.201108259190313277e+00
3.065305139050011451e+00
2.720141622056587050e+00
2.605148154928310422e+00
3.368523883325448498e+00
2.635895376955383895e+00
2.702224553838397991e+00
2.588891796222164032e+00
2.603093803726960420e+00
2.328582846305267573e+00
3.462719762022261172e+00
2.128940931135826720e+00
2.393702961268379781e+00
3.169413088221932906e+00
2.965872280288939233e+00
3.080570429989220038e+00
3.305842609499622942e+00
2.529733203305930100e+00
3.218838933508427758e+00
2.941961183988433870e+00
1.311752562982434922e+00
1.747954803434406568e+00
2.657833460737958120e+00
2.612083498103361379e+00
3.096844532699844166e+00
3.152494591740129248e+00
2.647432955854584158e+00
2.769255699692824368e+00
3.037153171150164699e+00
2.747583394985265937e+00
1.555597925484062838e+00
3.150013033770992177e+00
2.088875969800719989e+00
2.498482968723401143e+00
2.859024892588613032e+00
1.023714058120679171e+00
2.854895782904613544e+00
3.438157009985955526e+00
2.694622089279230970e+00
3.511437202303373084e+00
2.800824269032556657e+00
1.534466746673269322e+00
1.407015042230272739e+00
2.924097822714509576e+00
3.673800812843657670e+00
1.941711968972777314e+00
2.803179504995423343e+00
3.623810730099524147e+00
2.691808227981861812e+00
3.183064764224265986e+00
3.278622130562457215e+00
2.900570799069467132e+00
2.916035990319113758e+00
3.500703795152628306e+00
2.686702485237332905e+00
3.445938461050997326e+00
3.641128976863971189e+00
2.557826441495627989e+00
2.363997233125823438e+00
3.469510165511244359e+00
2.674452964493734708e+00
3.512042962823807457e+00
1.155837799350286188e+00
3.066570340038797138e+00
4.076971536286897901e+00
1.926335987294744978e+00
3.313425440190321147e+00
3.830935182987411647e+00
1.477342834195825461e+00
3.212828704105746169e+00
3.683541316072674210e+00
2.615171644520782213e+00
2.723930231194120477e+00
3.460219419159979548e+00
3.400578112093669780e+00
2.991284721277589931e+00
3.232574191545039444e+00
3.182555579728252759e+00
3.394372237871540854e+00
2.512761163211926885e+00
3.266968779816392221e+00
1.143702939303789856e+00
3.210787303096770184e+00
3.026614044820176375e+00
3.478401510121778895e+00
2.444661723732462821e+00
2.463030387026036827e+00
3.412453520921746364e+00
2.346525189418887880e+00
3.008306887858935408e+00
3.757007347389068830e+00
1.837524533569404372e+00
3.804165099865813193e+00
8.528436577542066743e-01
3.372579539282904548e+00
1.950781757837962038e+00
3.863978782221282771e+00
3.183154561138024086e+00
3.247067651523515952e+00
3.824128069348048164e+00
2.816798519303646664e+00
2.796480958261927885e+00
3.005106888472017346e+00
3.065047496620086243e+00
2.950259440299366709e+00
3.554859688761083714e+00
2.857121280421274445e+00
3.521638330426613894e+00
3.001308308133849412e+00
1.833183845253577582e+00
1.676483119684357481e+00
3.075599704520502353e+00
3.040226267603429733e+00
3.636061955194035189e+00
2.952123897589083334e+00
3.314736512578727368e+00
2.669380370952553871e+00
2.477889105169907236e+00
3.564256799374343476e+00
1.227225467297202943e+00
3.140650321858016625e+00
3.335195737777910896e+00
2.600391013983650801e+00
1.825410038444756466e+00
3.377413999212060425e+00
1.043135693665979247e+00
3.145603289604356867e+00
3.698912019519560168e+00
2.603634058090710912e+00
3.194752925025943657e+00
3.327514271274444990e+00
2.719348169508126745e+00
3.058194816787909165e+00
3.649432281083703433e+00
2.805767021142823836e+00
3.516234461886132756e+00
3.296710354780549412e+00
2.732129071177792579e+00
2.942305341271633790e+00
3.812116304973788505e+00
3.241349645273306379e+00
3.222789011060053443e+00
3.171294543821975509e+00
2.168568965388951941e+00
9.190257500800826929e-01
2.951591397998380106e+00
2.985272604673805397e+00
2.934126756885503173e+00
3.760772367619831691e+00
3.011697817405796229e+00
3.347970215212731304e+00
3.047628491209189772e+00
3.071845119348168840e+00
2.966259109446312436e+00
2.268762407418312588e+00
2.988919455360476096e+00
3.743972185049320167e+00
3.524209917818160065e+00
3.167361652217580037e+00
3.569490396888064243e+00
2.389689393759384384e+00
1.884164492289582826e+00
1.150800986365330791e+00
2.707012637177515835e+00
3.022549161342932056e+00
3.069225886661517855e+00
3.596477657832612085e+00
2.938161798662965563e+00
1.258399491481668298e+00
3.675414170275538961e+00
1.407181544216731917e+00
3.067216729324217628e+00
3.682259053810477134e+00
2.572587728309409183e+00
2.772310919498234938e+00
2.676014008635498431e+00
3.000104192167537764e+00
2.726683193152793727e+00
3.634647972196081156e+00
2.962017781243584391e+00
3.100826058909828209e+00
1.463044241515655264e+00
2.684310124381522833e+00
3.322991665061745259e+00
2.221706195296051956e+00
2.900695037157072775e+00
3.145803771242336122e+00
3.487595958653105122e+00
3.133378520576237669e+00
3.095722562581703752e+00
3.097187756000134851e+00
2.976408253955794336e+00
2.238514396263769246e+00
2.312463902271685079e+00
2.894095017463712782e+00
3.289589465887597264e+00
3.479207400051988142e+00
2.961408959741754554e+00
3.473329819897255533e+00
3.258359955250092366e+00
2.304804462517576535e+00
3.082527443808116274e+00
3.322116560645476113e+00
2.516778662208379203e+00
2.689220467719529051e+00
3.628547324772809279e+00
2.351342093830854019e+00
2.912593644632780254e+00
3.034764397332210262e+00
3.376073076063136114e+00
3.041227220999774161e+00
1.087762563293227958e+00
2.388003313666802185e+00
2.268924582244534083e+00
3.190324727467491073e+00
2.280944584210481629e+00
2.258124250832044044e+00
2.286890530551238143e+00
2.176117178274011632e+00
2.151028293334693142e+00
2.689611619106531126e+00
1.437690110557135803e+00
2.277938737795504043e+00
2.262318678861737542e+00
2.653130227681140152e+00
2.764571133655437052e+00
2.700488428630257509e+00
2.057809867542470972e+00
2.784107738381119912e+00
1.999555429896345382e+00
2.349816282738331097e+00
1.740174427186121475e+00
2.321500559931041430e+00
2.986328678359210897e+00
2.304162759784452064e+00
2.554999409404600463e+00
2.758696264296740530e+00
2.125325951787660816e+00
2.958585936387779558e+00
2.320341283074309313e+00
2.215890408134998601e+00
1.888699520169873525e+00
2.622549609236069834e+00
2.247513997155067056e+00
2.298860678457659734e+00
2.560781224281003077e+00
2.375829343839743757e+00
2.037495052503479620e+00
2.152654058866871889e+00
1.173600282177329923e+00
2.406643169016063233e+00
2.483162158316182921e+00
2.890671344945783261e+00
2.177020985136183917e+00
2.251629289420107760e+00
2.230166139609886855e+00
2.728944192007010994e+00
2.854738308045631445e+00
2.225815540016341298e+00
1.995563457558460208e+00
2.330399649098300774e+00
2.950061318319866288e+00
2.462187520542274299e+00
1.703434553866763679e+00
2.116368095289145934e+00
2.239824809092018754e+00
2.326698021360663393e+00
1.934954160398593359e+00
2.328247274332748695e+00
2.889080400092057577e+00
2.219313600751410931e+00
2.233016830235326822e+00
2.487425076948315716e+00
2.513447492249795800e+00
2.573989135141531825e+00
2.943139659571207822e+00
2.286302032423796149e+00
2.004180148684314933e+00
2.558652810859114446e+00
2.669988946922881468e+00
2.123828793686251437e+00
2.767118825145383099e+00
2.147319925308222910e+00
2.823377772811890729e+00
2.409404457807662325e+00
3.282500916447999018e+00
2.795217331267933591e+00
2.464690403108720673e+00
1.399480983079912422e+00
2.901347166929165500e+00
2.465169424044124646e+00
2.946115647428338313e+00
2.153285818443794408e+00
3.397208029284701336e+00
2.368329064302491016e+00
2.442896816355049072e+00
2.339319493879035150e+00
2.541653461695785765e+00
2.288099564024841825e+00
2.409021098069550781e+00
2.799679831168516042e+00
2.058200884288188703e+00
2.351293383827016026e+00
2.704303931225679136e+00
2.512811647562539275e+00
2.619590889617239071e+00
2.820692552233338368e+00
2.437293579663394105e+00
1.708132877643601777e+00
9.003714990895360648e-01
2.897272815807188096e+00
2.751541716982226937e+00
2.567620310554354912e+00
2.883828221386851798e+00
3.175167646054422477e+00
2.916161876841781631e+00
2.747089899650673850e+00
3.256162790557066256e+00
2.328686886316051918e+00
3.324354073190478154e+00
2.518236442170169287e+00
2.900179590389090123e+00
2.896832729116769034e+00
3.479328155740651241e+00
8.942890483241594524e-01
1.690541528397542237e+00
2.733370037051067847e+00
2.793053686581813189e+00
3.449057683932694740e+00
3.142619499886645684e+00
2.895850717866279123e+00
3.024070353774010567e+00
3.687603112946316486e+00
2.605370560144506520e+00
2.355882364508568472e+00
3.531757345041011131e+00
3.093530689301624115e+00
3.792761006394945955e+00
3.298322068864887768e+00
3.372557941865625519e+00
1.502526990549065244e+00
2.432520762834624151e+00
3.570762314490307343e+00
2.830953074909087874e+00
2.123117116737433641e+00
2.686234632981522097e+00
3.010243492953535771e+00
2.676396629906782731e+00
3.455990571572121528e+00
2.232842163780421885e+00
1.321299499912290454e+00
3.027419202291517841e+00
3.438961526770809574e+00
2.807430029312660391e+00
2.921202829232465437e+00
3.332977377279398912e+00
2.676418475934234653e+00
2.868323014895903356e+00
2.348099352430252473e+00
3.694551776901005891e+00
3.190033200517631506e+00
3.472655996440544790e+00
3.430542487192548062e+00
2.470052582367680216e+00
3.081351295732266404e+00
3.469786111599987510e+00
2.989734426873513762e+00
3.238978608843948503e+00
3.879431431616860326e+00
2.558907791754853722e+00
2.486985586777197277e+00
3.063078435250777165e+00
2.742492993485827313e+00
2.907130473450562747e+00
3.114348677596278758e+00
2.073040601465533150e+00
2.866531436034642333e+00
1.971122981696844523e+00
1.738070771776266454e+00
3.245732095658662164e+00
1.880623047183672014e+00
3.660144586123300403e+00
2.531469230531550263e+00
3.051959896641698311e+00
3.158349177563454901e+00
2.631575038577539605e+00
2.109158032540700223e+00
1.725725540405358194e+00
3.170626937168349535e+00
3.170277188138598934e+00
2.716375158921858102e+00
2.624722026900846661e+00
2.998300294953499368e+00
2.331748451285416301e+00
9.224362463903198472e-01
3.255668020972664500e+00
3.130405127279874300e+00
2.757174286254219009e+00
3.031746261308356338e+00
3.826943222891246332e+00
2.459149747283169152e+00
3.228395104090420631e+00
2.853270850146130577e+00
1.857990447153900160e+00
2.783531093463115003e+00
3.054710309048964678e+00
2.893532748587827719e+00
2.768573707682635554e+00
3.141254088731992411e+00
3.769420042993150144e+00
2.268427172257713398e+00
3.171393145248264656e+00
3.328253849905151718e+00
2.728723674535608712e+00
1.178642193045209563e+00
2.411279257700001732e+00
2.760861102972598236e+00
2.611947303865611580e+00
3.128827976811805467e+00
3.178681286527986760e+00
1.527970794061306758e+00
3.078830428379188966e+00
3.063381336216894901e+00
3.210599088066535156e+00
2.609434434756070065e+00
3.158513863506585473e+00
3.752524221203489052e+00
3.011178267702017575e+00
2.687251867605835898e+00
3.193672408921580885e+00
3.006681998790436960e+00
2.187543637261722740e+00
2.102179796686899138e+00
2.522213760346711631e+00
2.995368735701571250e+00
4.465110622824091102e+00
3.103250119435718712e+00
3.555003362480066098e+00
9.491903104233810895e-01
3.286277677883882475e+00
3.021715567417609716e+00
2.739421017414697346e+00
2.623038351342603658e+00
3.727642859019757893e+00
2.535606461276303847e+00
3.269270102106746734e+00
2.671456554902336133e+00
3.644999665163188407e+00
2.745007200828107230e+00
3.101238311302290551e+00
1.922297054029837415e+00
3.205455600275937567e+00
3.745422235235696728e+00
2.217318253418304241e+00
1.999078270548671821e+00
3.313029123705385715e+00
2.159901976541056090e+00
3.034030007842632770e+00
3.557990478162733616e+00
6.809511022464538321e-01
3.210691980617175201e+00
2.831268515636635286e+00
3.406472907802689409e+00
2.267460832455635344e+00
2.254834017797425982e+00
2.781426914397398864e+00
3.078650781987948726e+00
2.789022558331860857e+00
2.580260477336161706e+00
3.011897391942516933e+00
3.015028443648998469e+00
3.176101747675990961e+00
3.462937305018206402e+00
2.944669900689748321e+00
3.145835383493436499e+00
2.368922784829757600e+00
2.993195778904536031e+00
2.907872764983898684e+00
3.961016723567233999e+00
2.710874655878372064e+00
3.002357562969285354e+00
3.442130455228930241e+00
3.127117060581464880e+00
2.997226077138924971e+00
3.177058829944730434e+00
2.150677464639258130e+00
3.303017121008300361e+00
3.019589041350212888e+00
2.366838347500032746e+00
9.781508565237987396e-01
4.380463772382404031e+00
2.630823994204898764e+00
3.314923948064097736e+00
3.705149002726938257e+00
1.515947195331986519e+00
3.440136536534432743e+00
3.433210916121360423e+00
1.661717883776907101e+00
2.839083716011174818e+00
3.255456905385896160e+00
2.681073796120188479e+00
3.599027204996662732e+00
3.302076038245822520e+00
2.744328902712971363e+00
3.292841906875972224e+00
4.385915043407966785e+00
1.696261137138256991e+00
3.103610415703014436e+00
1.498095352410198977e+00
2.949145577042844746e+00
1.426090734388772541e+00
3.242919188187806334e+00
2.551322515497653765e+00
3.224139512552745668e+00
3.130418822983977556e+00
4.315528800296589695e-01
2.847468294757069529e+00
2.424598928330218506e+00
2.836825718562241860e+00
3.009112002494997107e+00
2.491434684483242457e+00
1.500966616514125773e+00
3.397276163732816379e+00
2.140667108583992118e+00
3.264414009241912051e+00
2.384236861042728695e+00
3.125329022065988838e+00
3.619285364136048955e+00
2.727929838741010471e+00
3.077187365567385591e+00
3.218548000885305793e+00
2.970561167281439374e+00
2.805520189686836030e+00
3.182695137577722821e+00
2.657050427776170398e+00
2.735024860311621175e+00
3.438454003758003807e+00
2.696524633540850591e+00
3.350626436599983382e+00
2.738533549645445930e+00
2.798390111509180933e+00
3.026783191843804399e+00
3.074836138758708870e+00
2.784700071289156309e+00
1.185816841875938721e+00
3.285037540821265978e+00
3.781157777037578605e+00
2.764078881775224872e+00
4.432002464608743253e+00
3.404527405724324662e+00
2.776693740014038791e+00
1.382851336483819749e+00
3.399683447159132399e+00
2.623346692680745829e+00
3.324178525894085912e+00
1.057966470346790588e+00
3.126255599321580814e+00
3.745324782544503961e+00
2.884275956977770505e+00
3.146215650657668395e+00
3.348957057052081687e+00
1.565393913175173513e+00
3.539275695549807033e+00
3.214150130748098633e+00
2.953034888051509821e+00
3.162362132762134515e+00
3.296239455073710189e+00
1.364055952348912637e+00
2.165332814059224731e+00
3.439382893098923422e+00
1.511713849238866203e+00
3.577142937526649025e+00
4.556711063867341593e+00
3.507722056847385250e+00
1.731960266597582621e+00
3.083217635455029360e+00
3.193096352510580882e+00
1.944881445983242418e+00
2.553236343950995746e+00
3.617342110344853978e+00
2.936847247918374482e+00
3.301821579066360979e+00
3.399737742465305690e+00
3.007627204825260581e+00
2.753878749586603281e+00
4.200163652384360624e+00
7.216990309777818746e-01
1.482202791655656160e+00
3.216048910374976977e+00
2.869245280657984232e+00
2.950544544797708113e+00
3.487216679535076747e+00
3.038596508493080606e+00
3.207606805677691852e+00
4.077268519073976805e+00
2.449210896493819511e+00
3.263565778895961778e+00
3.423943466074994113e+00
3.014865416478594184e+00
1.405992809586890324e+00
4.033802098207084796e+00
3.217415146903581658e+00
1.059438231687347187e+00
2.456016637589173879e+00
2.999419316018196113e+00
2.687649687082358518e+00
3.061506954557894566e+00
2.642783952918363877e+00
2.926803603798375786e+00
3.171371317412613688e+00
3.433338806982093594e+00
2.681877727238975329e+00
3.860123407072705071e+00
1.825946547198631809e+00
2.553631094839459603e+00
1.494367507041234555e+00
3.159904776472976184e+00
2.662194865977933755e+00
3.340884638953043773e+00
3.114618938225351741e+00
3.121598253033831316e+00
3.109268093913758690e+00
3.491956183256173407e+00
2.746886654310026543e+00
3.291450944592281491e+00
3.540653240481200559e+00
3.197668206663203172e+00
3.368478166635910931e+00
3.990180158675587840e+00
2.082292014529880664e+00
3.194684359221998893e+00
3.892320377125920050e+00
9.301871722298931111e-01
3.609725177850599653e+00
3.110855566902714475e+00
2.575872858494133055e+00
3.343649625146605686e+00
2.991897218908419642e+00
2.925713470183740839e+00
3.550162638185967445e+00
2.964663841846895131e+00
3.092965817572593146e+00
3.774299620087843365e+00
3.230299795949663100e+00
3.066758856461624827e+00
2.951965359193448268e+00
3.154006850067780476e+00
2.945475051751316631e+00
3.494074306852832379e+00
2.825807236815523371e+00
3.083960968562003746e+00
2.765496683240966203e+00
2.712020121140855444e+00
3.013132144401994506e+00
3.500021108251433422e+00
1.873854715756785971e+00
2.722695204223605003e+00
3.437136326631090366e+00
3.406482354149232616e+00
3.418160696087829020e+00
2.597771577436483348e+00
3.842249161614643693e+00
3.083919343298350491e+00
3.120194588898463461e+00
2.810410418467724547e+00
2.577261854971651278e+00
2.991698764334823846e+00
3.373660734081406432e+00
2.775369030740718390e+00
3.165658548235541048e+00
3.599076145672433835e+00
2.770632390863460692e+00
3.284379598202883166e+00
1.886349025740429175e+00
4.730998043176586343e+00
1.101294053362359193e+00
2.196545120091704995e+00
2.881759154018559865e+00
2.111542114819425553e+00
2.272516207490093088e+00
2.675375879334234597e+00
2.945718477951988046e+00
2.425452705300036538e+00
3.192450669515589645e+00
1.962363034731861022e+00
3.249012965368947459e+00
3.239234170322448758e+00
3.339343878850230318e+00
2.164385467451905409e+00
2.545927893898310757e+00
2.912852258307704112e+00
3.238517326239726213e+00
2.884211590871929243e+00
3.150673695237451000e+00
2.632780609994793242e+00
2.812568239457248875e+00
2.532894827160511397e+00
1.781181820214027489e+00
3.654619759192920370e+00
3.917061638320167738e+00
1.879316876692550098e+00
3.455001768822431263e+00
2.573345411682627315e+00
3.597687579263547430e+00
3.199909655360088756e+00
2.885200564899297326e+00
2.893892679745481811e+00
3.237674167233091982e+00
2.591970418584729430e+00
2.403080191579237912e+00
1.526792743097135752e+00
2.245274687942215852e+00
2.582774259759879953e+00
3.145694000947639957e+00
2.432055591842065212e+00
2.745122140044503389e+00
9.798566443211889077e-01
3.096688545774578749e+00
3.191567467586765794e+00
3.174258748600366165e+00
3.805491138422399278e+00
3.721405211690832271e+00
2.785722084599816739e+00
3.124996001241657773e+00
3.824113592115731652e+00
1.939782315305104365e+00
2.734533251161767708e+00
2.224623254900174540e+00
3.736119392334228628e+00
2.654014558896649945e+00
1.529766194819433656e+00
3.481275923432729069e+00
2.961142936940870385e+00
3.118920729801346159e+00
1.045124924028739910e+00
3.298952403227725760e+00
3.507526256948370946e+00
4.277271422672559886e+00
3.129442673688460630e+00
3.361195104999137317e+00
3.541383777776208497e+00
2.676122447778421787e+00
3.240790684732777649e+00
3.645034925796804881e+00
2.020680137745782368e+00
3.193368936208036857e+00
2.151234745773110024e+00
2.418410789289431317e+00
3.239000691558720835e+00
1.922956019853063525e+00
4.092781025341352574e+00
3.344777385433459038e+00
2.807695658265241700e+00
2.832985535615173855e+00
3.199820208968689794e+00
3.789871725759133003e+00
2.668967342858599601e+00
2.397016519332195728e+00
3.730427806559029946e+00
2.700479092150761318e+00
3.406362437612587168e+00
1.770613476380310081e+00
3.158690162816672586e+00
3.775766810851217237e+00
3.266562571863870890e+00
2.442107346011173075e+00
2.567664632960236393e+00
3.663043483874114159e+00
2.638486259239760656e+00
3.479159320418680590e+00
3.020821349528060473e+00
3.678384569193696052e+00
3.397453158206719337e+00
2.841361459522564470e+00
2.808129098549153824e+00
3.815579888257492502e+00
3.780407447153110390e+00
3.146504073202947005e+00
3.153924923485821097e+00
2.782592378551389078e+00
3.319346530096813908e+00
3.458933902591265319e+00
3.279821201364572225e+00
3.920998084727179478e+00
3.583056337009799197e+00
2.930305564203770974e+00
3.315676341718863274e+00
3.561668440096868782e+00
3.468598670423013175e+00
2.752260887422715907e+00
3.253739501873954776e+00
1.008348078620610933e+00
3.713632977150388648e+00
2.706337850809400702e+00
3.198969486316251665e+00
1.653957514550302710e+00
2.587396206245632602e+00
3.315142157964205527e+00
3.487546481373494434e+00
2.501488383132210558e+00
3.496620457303494689e+00
3.634018724083283303e+00
3.123940941005226346e+00
3.236080037101324081e+00
4.052483710017336094e+00
2.783943788479155579e+00
3.712232516461889453e+00
1.918447696146855730e+00
1.525188549128726256e+00
3.243815358746869215e+00
3.766399570084643322e+00
2.352849299482543621e+00
1.617357246746564003e+00
3.312992866375478851e+00
3.171555990230703337e+00
2.862551585290839640e+00
3.286276129029062076e+00
3.435394593425650900e+00
3.413375710020472908e+00
3.483494162325626142e+00
2.886749169574021501e+00
4.490790566051007460e+00
3.546791177779657467e+00
3.231732507551383193e+00
2.530018362049332392e+00
3.804896705353698838e+00
2.751414514091147012e+00
1.555966375912018584e+00
3.094171342690417159e+00
3.732156529229816222e+00
2.297334267414781639e+00
2.040524275787616304e+00
4.004162810723187249e+00
2.693900038482472059e+00
2.999334717093167235e+00
3.500534139597401673e+00
2.899757985435961860e+00
3.203843339014631031e+00
2.892996991351016511e+00
3.223110946492004025e+00
2.805651199111110827e+00
3.246847512658678436e+00
1.900537086266609110e+00
3.979423828239663674e+00
3.025694849125706742e+00
3.577482267676248107e+00
2.907928992627887510e+00
2.985648132304624891e+00
3.032491320100428656e+00
3.152509183973684515e+00
3.620161255726211280e+00
2.655925849805814920e+00
3.951283373546752742e+00
2.419638541480220173e+00
2.046083792697883652e+00
2.662384384621085065e+00
3.340518761658685776e+00
2.819935388429476664e+00
3.419549461017566294e+00
3.191027898584353650e+00
3.196670333668459651e+00
3.379011073884891303e+00
2.917097255863571714e+00
2.544460021006254014e+00
3.655088584668269913e+00
3.175320993225619670e+00
7.902811305814974041e-01
3.874401927756366160e+00
9.688452437205359313e-01
3.168615928649522129e+00
3.732516252854785499e+00
1.997409954209113048e+00
2.952758603426071549e+00
3.960305522787451959e+00
3.136586156708549566e+00
3.194899980108505844e+00
3.213909175318474531e+00
3.084518770120657116e+00
3.191539694147638606e+00
3.986782040808360961e+00
4.150298413990113566e+00
2.916061721828013820e+00
3.416552605117486152e+00
3.154188718591052432e+00
1.894362390343230729e+00
3.435048504962080695e+00
2.920755816028270946e+00
3.219319542335974393e+00
3.620317667841701059e+00
2.453122933145773565e+00
3.349145380537913219e+00
2.987676095848947444e+00
3.243309437647468485e+00
3.519712888689133123e+00
2.772267570944806359e+00
3.182090943191730137e+00
3.743909983459102975e+00
2.822182544823927053e+00
3.024433256866210229e+00
4.955273328575844793e+00
2.665533831923557528e+00
3.046818422679189453e+00
2.270103898098238648e+00
3.955226727161338385e+00
2.905848506498485584e+00
3.297906257805327979e+00
3.649036887575992871e+00
2.371454027772698758e+00
3.357655952398938659e+00
1.982833507968313036e+00
3.284655834657124629e+00
1.095560000647576082e+00
2.536008384400434412e+00
3.275855328065432559e+00
3.942552099710522562e+00
2.230663185797543413e+00
2.331747882416535855e+00
3.870536680520379580e+00
2.709405823498671761e+00
3.044358300672681317e+00
2.794228734738232411e+00
2.701293332518694523e+00
1.728064034716202624e+00
2.914024763592588219e+00
3.051071799629554437e+00
2.883897608355084685e+00
3.388190317769499416e+00
2.573802679555445394e+00
4.568419504627916794e+00
2.617094400945920274e+00
7.298321836814960495e-01
3.142966737406708067e+00
2.872151179951358380e+00
2.374315400373955942e+00
2.351795784218659424e+00
2.338628593501426600e+00
2.579323810251742621e+00
2.854707063179888316e+00
2.669525326954218070e+00
9.239652070487271995e-01
3.727735180818330551e+00
2.971702987852698818e+00
3.179219146308426946e+00
3.640063144544930740e+00
2.868883173344722426e+00
3.011917377988288624e+00
3.397602912019999533e+00
3.304329508627552148e+00
3.216796596350106174e+00
3.577661856199054302e+00
1.619407935391931730e+00
2.168213391633873943e+00
3.744525160908442007e+00
2.521435908704220630e+00
1.714653065051429337e+00
3.111784337392219157e+00
1.989580292578493781e+00
1.676930601989494063e+00
2.100322153553722870e+00
3.829662160567708806e+00
2.228574123292188514e+00
3.074468417352065774e+00
9.610078087771404265e-01
3.489148629891837494e+00
3.480859008114038922e+00
5.321558238285855058e-01
4.618724034340451645e+00
2.918047645470307483e+00
3.076007506716748718e+00
2.428387632790272477e+00
2.991962476561724760e+00
2.802944979470591402e+00
3.180496725178611594e+00
2.490933403267674429e+00
3.662943723510201366e+00
2.515335871549056357e+00
2.766193058068783461e+00
3.218409529065358932e+00
3.746244094347082942e+00
1.299332247830772280e+00
3.947632116812445080e+00
2.349504170072609366e+00
2.341307533014246989e+00
2.157564499272195402e+00
2.685686530193973631e+00
3.443630784463791450e+00
2.983029078425986746e+00
2.351485974172483839e+00
3.140032296561776182e+00
2.692847942526752636e+00
1.972792607765558870e+00
2.605570018439923086e+00
3.471545761026017640e+00
3.368026179238105655e+00
2.700399757761654751e+00
3.212935455865825407e+00
3.075948209644540743e+00
3.080148305850925805e+00
2.775743769797130334e+00
2.291078460405461037e+00
1.142351102469506996e+00
2.435544681805618783e+00
3.164681055688259637e+00
2.975224154169290536e+00
3.174349003000046743e+00
1.789817213057841139e+00
3.813090057622157580e+00
3.166905312677288364e+00
2.396200508368108384e+00
2.339682837441122487e+00
2.870417944406537192e+00
1.773918852258224987e+00
2.438534209460144098e+00
2.213183037415235255e+00
2.985101362722810237e+00
3.083040986636114589e+00
3.519942858326046586e+00
3.242304583312319632e+00
3.607820610209361512e+00
3.148629393607836668e+00
3.379952326560834219e+00
3.639204946726222634e+00
4.036220996797942995e+00
3.237502118382804550e+00
2.298991915747994774e+00
2.978459968996859608e+00
2.649260635246396323e+00
3.531263684916274848e+00
3.177306814922969735e+00
2.757534912782748648e+00
3.137216166703051368e+00
3.475790312490006251e+00
9.314939702369228192e-01
2.623055340578809513e+00
2.910628093273219363e+00
1.978347189872923462e+00
2.934153922449232788e+00
3.705122803656974551e+00
2.513017662162518207e+00
3.005720949806028663e+00
3.727271040979610817e+00
2.597759768382145396e+00
3.288778412888799352e+00
2.740812480099309667e+00
2.078175828514876144e+00
1.493691771454195516e+00
3.607830835559112437e+00
2.770160880099115541e+00
3.146069725495161507e+00
3.070786022058408005e+00
2.787799203143269899e+00
2.733610337267518009e+00
3.075575359025680022e+00
3.619066868957962146e+00
3.080931980048364771e+00
2.288814041172709590e+00
3.410049981670628672e+00
2.794919980048831132e+00
3.141778955357601433e+00
3.451408788993297172e+00
2.991195031359429990e+00
3.874349553677732594e+00
2.054098737544283182e+00
3.204204184126207000e+00
3.511088623195822933e+00
2.455967803994273613e+00
2.273881699335899675e+00
2.295247905775504194e+00
3.181290321664750120e+00
2.991356155641485159e+00
3.278346255735880899e+00
2.995229088160392905e+00
2.520475438962547443e+00
3.223005962308082673e+00
2.896075620650770510e+00
2.394706625637945230e+00
3.618177007655642985e+00
2.772868641062721906e+00
2.802829269993719841e+00
3.097086658506822854e+00
3.260545239857389532e+00
1.012274121054455023e+00
1.440434306680837828e+00
3.383280534786143878e+00
3.012870210407931015e+00
3.042571744904011055e+00
3.564527788697278154e+00
1.926985735375472686e+00
3.232525998850619420e+00
3.411982217484401669e+00
3.146136552133629749e+00
4.131404879513215000e+00
2.863806943427948504e+00
2.913019134066793026e+00
4.213384435307379938e+00
3.564659685584456117e+00
1.800248527358553119e+00
3.010767347724756515e+00
3.823774162225776152e+00
2.980406961841938873e+00
3.041150513648564147e+00
3.299418958207353647e+00
9.284631467527857396e-01
1.087126128504003253e+00
3.506732780101470937e+00
3.097834481930773265e+00
3.354560748042894502e+00
2.549121305028783535e+00
3.585786471373455520e+00
2.450594095283256557e+00
3.405724998933793213e+00
2.378425224028438922e+00
3.647069201931532501e+00
3.021257933698042297e+00
1.897709688511591386e+00
3.418700696649211057e+00
3.117203118491665315e+00
3.080333822997137094e+00
3.584058725215705898e+00
3.613339589114455741e+00
2.504655398358813123e+00
3.078366426057901784e+00
3.566672793570745181e+00
2.674983971500985103e+00
3.485450635028961575e+00
3.312873384804100763e+00
3.572640928121174397e+00
3.063448684034693947e+00
2.635267173301599986e+00
3.664935404354232595e+00
2.983561079044632525e+00
3.148730889539321787e+00
3.571017955767701757e+00
2.640908490059953984e+00
3.272853568860790041e+00
3.220612234184004219e+00
3.206789736147278802e+00
3.218697233542672453e+00
2.710298467806300682e+00
3.551017364845853397e+00
2.736226223641049060e+00
2.681012771843487741e+00
3.181897504782203345e+00
3.819129659091240470e+00
3.090688081498288220e+00
3.668240257113303482e+00
3.573485468968811585e+00
3.162958855442564943e+00
2.224886812152204296e+00
3.475934676563054104e+00
3.309235433084424027e+00
1.334372849813093564e+00
3.226108385702097348e+00
3.238466435918311070e+00
2.178608441541081131e+00
2.295227348149431190e+00
4.335222477991210965e+00
2.669393990223423163e+00
2.307825916070345151e+00
4.913435507786668488e+00
1.415803365112904277e+00
3.226734987867695192e+00
1.691521247342192336e+00
3.364409441848646320e+00
8.909763670630144183e-01
3.331372238454664902e+00
3.177398902678873149e+00
3.057491337093378281e+00
3.740884076814803727e+00
2.785821491569787867e+00
2.630815883015843237e+00
1.199397867050058908e+00
2.363813038679558165e+00
3.590132625404143241e+00
3.011652860694363554e+00
2.049371059130325801e+00
2.805479457146602407e+00
3.235848655287412612e+00
2.893979968543684667e+00
3.859672548141109605e+00
3.889021531899660378e+00
3.341151280709373950e+00
3.497220901898050460e+00
4.208407432987704588e+00
2.894883287005539874e+00
3.478582411174320654e+00
2.599355790595954563e+00
9.980356557585154942e-01
1.856421914460231637e+00
2.473516402193703279e+00
3.007838114709504129e+00
2.501018548825916010e+00
3.673838939361946387e+00
3.037031017131317512e+00
3.804906696633978402e+00
4.702545814574772720e+00
3.325555379165233472e+00
3.442855345562590763e+00
3.293425853078146837e+00
3.223594889051097923e+00
1.430381582493388759e+00
3.498741014766976853e+00
3.260294891070891321e+00
1.694601777297649825e+00
3.519900733766750278e+00
2.114551495486380883e+00
3.043873820283905296e+00
4.920670847670347570e+00
2.186712312199992958e+00
3.793462876221079139e+00
3.401426878970519763e+00
1.816031613728852800e+00
3.048668002054225390e+00
3.111509034182612599e+00
3.526935992411758480e+00
1.453802413728193077e+00
3.770597411439280400e+00
3.836406975844464551e+00
2.740775094661060507e+00
2.969175469030102210e+00
2.804118159457901882e+00
3.383082680668404230e+00
3.953231407941542930e+00
3.453332054652246352e+00
3.493166218836964099e+00
3.728449257639128711e-01
9.428654772032974973e-01
3.168371781896895722e+00
2.924066059270124196e+00
2.629047660245630968e+00
2.184968907551806616e+00
3.135405579530059939e+00
2.692590298897977519e+00
2.800158143372265762e+00
3.395785738154712075e+00
3.057038366748045188e+00
2.975199318820367811e+00
2.425099994397171166e+00
3.009113979369131719e+00
3.529100591398737663e+00
2.980330146581916306e+00
3.321364129556328315e+00
2.417616419960932461e+00
3.178338331421970864e+00
2.607458980035374019e+00
3.028184758497703744e+00
3.892133778497996577e+00
2.714310259288103211e+00
3.306342588146064632e+00
4.021898434090052099e+00
1.732860143845122991e+00
2.937778665022161118e+00
3.672933402747103226e+00
1.623439004916789274e+00
9.871687698405464673e-01
3.193741405663927058e+00
2.416420460629830735e+00
3.164430124966819857e+00
3.156311149994663889e+00
2.786427549654847624e+00
3.305069645222305841e+00
4.271517722909068837e+00
2.749071142960925140e+00
3.301261850710010215e+00
3.439950709997991130e+00
3.432851572429284293e+00
9.854980408287576932e-01
2.854899156741627753e+00
2.912621617251861750e+00
3.032249610242282234e+00
3.282191833246858703e+00
2.544740635990392796e+00
4.704561450126827360e+00
3.548256510959479471e+00
3.323996835379333437e+00
3.219217488088899515e+00
7.398966551651784407e-01
3.285057413952650496e+00
3.897046029195280870e+00
1.837138577964928299e+00
3.293032666876689163e+00
1.253916328119373258e+00
3.858293783920196507e+00
2.926915084350740770e+00
2.936660829427370167e+00
4.090518109026077376e+00
2.542767716960917745e+00
3.428123188958559275e+00
2.928792331142763050e+00
3.252423705798558107e+00
1.530586902206204858e+00
9.123449905163786289e-01
3.592226064097172156e+00
3.343646586454243508e+00
3.241874589741754686e+00
3.533177067100329971e+00
2.803561164161322505e+00
3.338167839373026080e+00
3.374150060464167211e+00
3.597935692729063550e+00
2.455739905145065460e+00
1.372586291783303603e+00
3.523044391058819169e+00
2.676030773987920774e+00
3.116989601238588037e+00
3.525456498794235838e+00
3.494502918956857052e+00
2.921449219484692161e+00
4.574538969786439147e+00
2.802223097225328807e+00
1.607049325104637383e+00
3.241773191067013116e+00
3.479193862523869640e+00
3.038296609213227306e+00
1.810501694615790358e+00
2.760898600980557838e+00
3.050099210715055964e+00
1.231626108772981842e+00
3.499511951462179749e+00
2.763901003734236639e+00
2.418314567095732670e+00
3.060790660514112638e+00
3.860349322331133592e+00
3.228041185573044203e+00
3.572196597723831690e+00
3.404544666825342958e+00
1.472200615582930805e+00
3.466903815210740536e+00
2.793183599983304788e+00
2.176734256804908174e+00
2.870028454643285709e+00
1.926936289275435144e+00
3.682579517226667765e+00
3.126411470374446555e+00
1.772196495989335707e+00
3.630451627130274250e+00
2.809831015898534456e+00
4.742668769512584426e+00
2.617889846523694608e+00
2.494983210305122157e+00
2.142445199614626983e+00
4.019891286208034487e+00
3.244493194118837742e+00
3.165940718411770494e+00
3.453598998263765374e+00
2.503819014334931037e+00
2.951293210284183566e+00
2.843768101686078076e+00
4.455550392254878922e+00
3.195244049110618434e+00
3.372408959990795818e+00
3.167121028775373492e+00
3.323881890781371862e+00
2.717464480815784622e+00
2.450527855802905108e+00
2.590531520459895543e+00
3.003628162436692062e+00
3.644948887920747893e+00
4.787717008656652062e+00
3.992390124470596380e+00
3.655850868967785328e+00
2.862285315008173736e+00
3.568426967599662269e+00
3.181064636908682797e+00
3.086472787736491252e+00
3.951144781703810782e+00
9.827081522469589547e-01
2.776020486399102261e+00
3.293483002288656092e+00
2.534985209610547408e+00
3.796348442224677822e+00
3.005006526643795972e+00
2.347300745260243016e+00
2.988249315200522283e+00
2.851642629069517376e+00
3.437878038055398378e+00
4.313220202544240323e+00
3.625134519193906169e+00
2.281938494096914294e+00
3.026787554180092155e+00
2.816228229910651137e+00
4.002296421534469850e+00
3.177925843321045996e+00
2.339110060630776644e+00
3.503002219352135072e+00
2.817148861688970385e+00
2.973262877536750448e+00
3.331044938724362137e+00
2.823599886657300662e+00
1.839619051577233488e+00
3.798965377329569737e+00
3.358733335405967413e+00
3.193731255541863323e+00
9.792301528341570416e-01
3.643035542877044453e+00
3.166471704600709369e+00
2.935032320745467604e+00
4.121839184236515408e+00
2.851759818641429689e+00
3.571810719697793512e+00
2.076466215224984424e+00
3.556251111827128497e+00
3.892211745165185643e+00
2.664654314062903318e+00
3.813637761595734865e+00
3.907750731576131287e+00
3.496729124753729323e+00
3.990024625191586516e+00
3.235644282765699931e+00
3.185495774899171018e+00
1.149113486173345633e+00
2.270388357513707156e+00
3.378818064886233152e+00
2.326663602204065651e+00
2.453560536888916843e+00
3.538851355972516544e+00
2.710748798893865441e+00
1.696579378972124630e+00
2.408868880697321746e+00
3.380645766113929973e+00
1.561202997213025689e+00
2.263922817609936189e+00
2.768774461828781064e+00
2.595247818602473444e+00
3.344642693475591955e+00
2.618279387158224392e+00
1.708077934334876868e+00
3.121129025849282979e+00
2.735769347624082748e+00
2.592153098491237984e+00
3.114628687361383097e+00
2.446399553086422873e+00
4.424122009100590169e+00
1.988416829481291170e+00
2.921694168387038548e+00
2.593071361203989955e+00
3.162132593159193039e+00
2.186964866162060428e+00
2.745276467609150117e+00
2.881296413853990934e+00
1.081058307213908165e+00
3.008553272075670026e+00
2.867174519526441312e+00
2.277586197404316781e+00
3.052452123739767487e+00
2.307123634932355394e+00
2.833326975566709205e+00
3.682769365367303038e+00
2.307094242559775576e+00
3.305033435559082466e+00
2.526176416367420963e+00
1.429673397755195197e+00
2.696618595184532285e+00
2.940270192227080415e+00
2.529381374740792499e+00
2.565727542390299210e+00
3.910233273727639514e+00
2.401937460038575889e+00
3.259482421712717404e+00
2.648560684393491904e+00
2.630458799815904580e+00
2.856818372698832320e+00
1.933824888126566499e+00
2.742147397828262001e+00
9.941040857997568425e-01
1.649555755697864390e+00
3.021206926760416689e+00
4.128943302400696069e+00
1.144690685411830167e+00
3.721046814902934763e+00
3.834712949990781716e+00
3.964618664031316353e+00
3.198317259853991068e+00
2.973897123528479902e+00
3.113029512583014746e+00
3.728335918842116570e+00
3.427643382848228892e+00
3.046152393852649798e+00
3.690768717831550916e+00
4.515889024135214314e+00
3.236653862710474172e+00
1.027916287283157759e+00
2.897098611779781674e+00
3.547613146927053318e+00
2.302963201855794839e+00
3.051897488728744445e+00
3.637336240001397325e+00
2.079953502060531090e+00
3.348897457386588616e+00
2.961367485589806670e+00
1.935826454312426170e+00
4.138720600926413695e+00
2.758194347119979017e+00
3.958741245243855733e+00
3.604391449175849971e+00
3.220315016131678920e+00
2.516105742567848136e+00
1.736105701633339660e+00
2.785040948421004359e+00
3.295894859200972249e+00
3.746346456378026879e+00
3.055940426227497397e+00
3.697235132776784727e+00
3.826721437902156353e+00
3.011622691318335931e+00
1.690850216691868857e+00
1.967126465174055649e+00
3.159567976009544310e+00
2.620669690484975778e+00
3.711425285646484440e+00
3.536412376109892008e+00
1.870492773217166782e+00
2.349286535857158409e+00
3.979698826468699213e+00
3.745675862155668501e+00
3.367781977914020786e+00
3.268725305516258839e+00
3.301470053343454669e+00
5.202476704475200719e-01
3.784961755500239278e+00
3.712799914393908995e+00
3.310559409219492544e+00
3.736991402290040565e+00
3.115063131062866031e+00
3.428918217632346277e+00
4.499108739203801832e+00
1.511488793313140233e+00
3.340233835485440395e+00
3.749044529637374890e+00
2.868958761960329173e+00
3.410166595376464382e+00
2.496853153159411143e+00
2.814805481463338310e+00
3.352875623442438613e+00
2.879597302661705438e+00
3.523521895026595629e+00
3.489724166851985387e+00
1.535075186397345970e+00
3.075605469810774206e+00
3.781782353162074006e+00
2.895886499338674813e+00
1.225936593344813197e+00
3.357688226070345117e+00
4.199216957961151131e+00
3.279240547604242995e+00
3.104569807714786300e+00
3.419024435748642343e+00
3.640520686250662052e+00
2.563507213124712081e+00
3.475001069098901940e+00
3.454339107502202300e+00
3.207995760851306333e+00
3.592201242522222948e+00
1.056584670119763869e+00
3.536344734155533853e+00
3.643391169494408999e+00
3.582290813277192232e+00
3.462415787081180696e+00
5.268402866295406106e+00
3.259103330556371692e+00
3.022902583346715577e+00
3.584414346510574667e+00
2.939031552224480759e+00
3.119632090736531804e+00
4.657538914690494636e+00
3.357749726779313715e+00
5.477660981183993805e+00
2.919381955108728999e+00
2.831625829360286950e+00
3.588522291496318850e+00
2.709836904529726365e+00
3.484763149384094483e+00
2.663326117278600247e+00
3.226825102217558250e+00
4.069743398715928606e+00
3.450855262595785344e+00
3.220879486432591143e+00
3.444304441532123562e+00
3.014099756597128810e+00
3.191865119316994015e+00
3.489663699558926524e+00
2.976317663104606215e+00
3.979901908169900526e+00
2.804588056686688979e+00
3.685514207136391107e+00
5.102733799729221253e+00
3.166366450302164903e+00
9.230235316466667284e-01
3.153864630370687649e+00
2.811261317177888852e+00
1.371964212884018819e+00
4.470683994075489665e+00
4.289156357078111270e+00
4.062230392734047513e+00
1.855165209931147086e+00
3.379001745466013507e+00
3.399653844346428144e+00
3.238704724385733869e+00
3.465006821237371248e+00
3.361473242915057114e+00
3.827886014598927300e+00
2.421229375449060139e+00
3.744366558925957378e+00
3.048374533783737128e+00
3.556625908985712403e+00
3.077874865027444340e+00
3.281168380916709815e+00
3.903979690354961729e+00
3.883317127022204662e+00
3.132007701679777156e+00
3.625126708883786186e+00
2.771735939895696443e+00
3.277706667982466460e+00
3.074545400480737989e+00
3.332165997884934949e+00
3.517928593272616755e+00
3.245770944150136117e+00
3.925552626773890275e+00
1.746314002741859550e+00
3.393723905141608377e+00
6.629174865964219121e-01
4.052571761134663220e+00
3.002564601285999668e+00
3.197617467115075218e+00
5.075406903467398756e+00
4.193397340469706691e+00
3.082065882890642428e+00
3.233301404863862416e+00
4.113978158159447673e+00
7.995457603285439641e-01
3.347977738683241888e+00
3.319784626169209218e+00
3.388067495629494275e+00
1.930098957014700023e+00
2.115334690585945587e+00
3.481826285782489983e+00
1.662541536203173020e+00
3.462944835730926041e+00
3.426257035216240698e+00
9.671610491992346237e-01
2.840950591658626845e+00
2.385228085925800379e+00
2.617117866674240290e+00
2.973256793206238147e+00
2.615333588524198838e+00
2.451680827145032993e+00
3.448621371360595322e+00
2.205898398846134700e+00
2.683978937569285073e+00
2.462302447425082530e+00
2.766595857482513132e+00
3.612209856143206999e+00
2.871064274417603368e+00
2.815491452787718618e+00
3.512581778532303023e+00
2.323945232480809420e+00
3.055037539686309422e+00
2.849848261853905829e+00
2.764589912043464714e+00
2.863087706208395034e+00
2.188114926693620177e+00
9.374207743237785717e-01
1.779215931706011000e+00
3.673547226079538319e+00
3.306330303009172411e+00
2.929263456161893320e+00
4.587996703515447194e+00
2.755536754270543565e+00
3.199057239930582330e+00
3.351253282643856135e+00
2.555850670037068451e+00
2.548692597950486416e+00
1.192343783215100927e+00
3.085053749566035730e+00
4.108251228726303772e+00
3.066553011071968537e+00
3.305466550405960824e+00
3.812055069548534902e+00
3.339689579293058763e+00
3.600960416809651843e+00
1.503993737666631025e+00
2.967657237895004130e+00
3.864191165184077459e+00
3.416227611289066601e+00
3.491604445510597454e+00
3.084179199592111509e+00
3.229705878502068472e+00
3.710702817257738761e+00
2.076157330555845615e+00
3.135737418100803975e+00
3.841185718411451955e+00
1.257014474414379857e+00
3.503563575976377908e+00
3.375474138963807214e+00
1.063490245986025373e+00
4.472021124267032910e+00
3.098386233559897729e+00
3.165593396812907745e+00
1.112698561107479112e+00
3.838328114550423997e+00
2.789353306918846087e+00
3.455099654768466699e+00
3.509400920697459014e+00
2.605795481378980760e+00
3.547124990664664690e+00
4.120432396173687728e+00
2.994355419317080269e+00
3.387565417580797433e+00
2.785016703948690608e+00
3.457186036573568266e+00
2.901522629187618829e+00
3.802959907772140546e+00
2.936637768600436793e+00
3.524613012482961327e+00
2.886750586347536451e+00
3.496872854086085614e+00
2.963566823691503593e+00
3.217015860993965415e+00
4.248104325335599007e+00
2.894789316813701774e+00
2.984193655987615212e+00
4.348391910775422531e+00
3.381309319186164064e+00
3.600136446692060677e+00
3.688002743919750248e+00
3.100699419168623017e+00
2.536899385026798903e+00
1.853060878153238944e+00
2.822478895551991496e+00
2.835981746657156854e+00
2.307216742873858362e+00
3.684060065715192067e+00
2.557993044189907916e+00
2.886857408054899210e+00
3.602276906644830579e+00
2.829477671194629007e+00
3.145269729931225999e+00
3.704050316768002560e+00
2.765982528116934791e+00
1.839168156739576565e+00
3.393008127811934838e+00
2.909646186948240398e+00
2.688681003305655182e+00
3.203166465878553471e+00
4.829607040577424293e+00
2.935492371533403588e+00
2.410468232328062399e+00
3.868548262484206468e+00
2.882418396428164886e+00
3.498450881483965436e+00
1.896915819266416836e+00
2.955888572379934853e+00
3.403274764593660073e+00
2.116382338927063511e+00
3.299911841220807940e+00
3.278718702902155169e+00
2.088451090793071341e+00
3.065913031028266733e+00
3.040126907414422597e+00
3.770991910383273638e+00
3.037644810230633485e+00
3.067175860116625241e+00
3.067976181184515205e+00
2.835491539234140657e+00
3.011187668545584728e+00
2.354921673182511999e+00
3.107266582492608897e+00
2.675285492348789429e+00
2.534899054864888424e+00
4.670517804762853942e+00
6.976565412028598034e-01
3.394665226805229530e+00
3.206004225794583107e+00
2.870698916268830558e+00
4.110099004981285553e+00
3.393739054194660376e+00
3.476295084328384188e+00
1.478272831135744037e+00
3.773356622944412653e+00
3.237439131624282762e+00
3.929579148385967002e+00
2.468147286833433096e+00
3.408973906884890326e+00
2.889263222488645866e+00
3.010911248657329509e+00
3.450057415355101131e+00
1.803568762739590214e+00
2.996647951417112488e+00
2.950696975468823258e+00
2.210141435882369443e+00
2.909217899152998665e+00
3.524545865689511004e+00
3.300466694521925870e+00
3.152522649905630026e+00
3.108900504186233871e+00
1.283122212212096658e+00
2.911264523236073654e+00
3.886891364525733472e+00
2.372742141651763337e+00
1.651204273044188264e+00
3.130708974320091542e+00
2.307146566443192715e+00
3.185855869438836141e+00
3.822048569588238909e+00
3.416812313514404398e+00
2.944579886071370112e+00
4.303732400390083868e+00
4.251379150548491914e+00
2.949451096086050050e+00
3.090254170704238579e+00
2.994099175681305791e+00
3.858351179404524434e+00
3.354916639757211438e+00
3.162689320929902514e+00
3.309171796981542180e+00
3.047897075884036244e+00
3.375382320295923222e+00
3.678692842296533705e+00
2.624558953687021745e+00
4.227951771341958320e+00
3.302256608615251832e+00
2.711462359651037435e+00
3.081377160396104653e+00
3.887728943043838203e+00
3.172743280587803749e+00
3.175612641937258562e+00
1.248205223765500138e+00
2.296262769306496754e+00
3.602695453282003690e+00
2.014308164191453976e+00
2.785724346885708691e+00
3.783626729989183257e+00
3.510208494444149618e+00
2.958455367739105668e+00
3.037973529068555667e+00
2.903490528246776670e+00
3.032636928478960492e+00
2.065632385133114202e+00
3.664799131474745231e+00
2.274082133481431622e+00
1.308536409391071187e+00
2.737458110442247516e+00
3.017332424064424146e+00
2.851492603315571639e+00
3.942587323021807144e+00
4.191512294459573518e+00
2.665248971594081251e+00
1.868335748971646337e+00
1.772231311605814819e+00
3.033886272111439464e+00
2.161933775296214666e+00
3.190774274020396373e+00
3.305365787995319327e+00
3.374926565962296454e+00
3.580931665563161115e+00
9.095917731941095541e-01
2.516565872176125040e+00
3.770039823543711144e+00
2.728517299479191749e+00
2.561034883705533005e+00
2.874175429942904536e+00
2.962456281049616891e+00
3.488265130382561807e+00
3.492405718777514156e+00
2.863472105989460559e+00
2.783289761059474010e+00
2.810566793104679384e+00
2.620697127449078678e+00
2.747177440999797771e+00
3.868970119676383934e+00
2.949214861341233895e+00
1.959764708058772564e+00
2.683806680568470604e+00
1.282981608358711334e+00
3.139321572670999316e+00
3.851365977858699274e+00
3.198237090544878480e+00
2.934803535770908578e+00
2.853111426012985952e+00
3.341639932832664250e+00
3.154523598850505373e+00
3.457626991228824664e+00
3.645181921850873419e+00
2.639086510831859744e+00
3.070497434745849574e+00
4.990038743784682929e+00
2.698117453325089787e+00
2.746884644534433484e+00
1.204749234194357754e+00
2.882774334550439743e+00
2.543002282480770759e+00
3.248824824480992302e+00
3.727474087231827049e+00
3.586090262120870342e+00
4.225425320952376218e+00
4.787981424344999404e+00
3.473125174498422840e+00
2.774641576468638515e+00
3.170002655213272735e+00
1.248222790867782317e+00
2.640382901474846999e+00
2.802219295160477408e+00
3.607975695889951595e+00
3.405891744558311007e+00
3.509060315176403044e+00
3.369171890470772368e+00
2.921338967026942512e+00
3.214044530745763240e+00
3.534317695251319336e+00
2.861843115988128350e+00
2.954077165463682597e+00
3.999233745275238672e+00
3.344060048544945651e+00
2.758080064852505231e+00
3.546244614808718332e+00
3.153054375357629446e+00
4.096996119693881333e+00
3.524850376550503483e+00
5.108379572330212781e+00
2.007917356196561531e+00
3.666041596215292131e+00
2.904557548409752776e+00
3.251186543955363994e+00
2.166000704463701965e+00
3.698537092387575775e+00
3.460724170013449008e+00
2.648967461188532546e+00
2.777088450312144463e+00
3.227909582728818005e+00
3.734202352300316274e+00
2.929823824800385612e+00
3.861777895748613076e+00
3.638494444822432783e+00
3.006822073031360620e+00
2.676532719634222790e+00
4.006936569751183619e+00
2.052808133349137254e+00
2.824227154610932100e+00
3.247592857571967695e+00
3.067978813284693018e+00
3.706706430197221458e+00
3.212748550789410018e+00
2.900025561339522717e+00
3.824280462861758600e+00
3.009141519585481817e+00
3.065101122034178616e+00
3.591601973637260414e+00
2.387608278926780514e+00
7.235190044474303361e-01
3.432564153114224137e+00
3.238742755545339858e+00
3.757571029735559343e+00
3.160330411069781409e+00
3.616755602813320980e+00
3.706916679215464860e+00
2.572219814055604736e+00
3.864676769768780940e+00
2.928916953070386686e+00
3.023011419886579176e+00
3.465964489005881166e+00
2.898395737253531390e+00
1.599528172118807712e+00
3.315746455528202574e+00
2.919368719149443070e+00
3.346090254486970839e+00
3.274948178894259598e+00
2.592407561185403164e+00
4.174727176581404464e+00
3.245470142058398455e+00
3.486525622247971246e+00
3.643515032460117098e+00
3.463145895183392220e+00
1.771912049336352712e+00
3.217454981187804375e+00
3.177539648824795560e+00
2.833034922526715071e+00
3.516282402102134608e+00
3.037474159534298668e+00
3.571718945595617534e+00
3.443771908535054660e+00
2.847709359088136605e+00
3.163608284138029525e+00
2.696110644811791524e+00
3.527783894769777717e+00
1.054029503236267429e+00
3.724398298135083607e+00
2.785693080628760754e+00
3.480491866342187102e+00
2.844319076084810494e+00
1.752464376443980898e+00
3.563669668244666688e+00
3.565115841492050297e+00
2.616609093990842627e+00
3.138282365488917591e+00
2.605956305363614778e+00
2.867411069797747736e+00
3.224862372172211167e+00
3.668537007939334682e+00
2.882589059427376643e+00
3.076762326112292278e+00
3.511534679360802880e+00
2.473763786326608205e+00
2.216032987236888907e+00
4.261957273211248065e+00
2.061572610543594308e+00
2.946171567585173623e+00
3.143146848410448335e+00
3.113386237529900402e+00
3.010111216361550657e+00
4.338011237249508767e+00
3.483579208811213856e+00
2.708602459329224388e+00
3.193781955495151426e+00
2.850832618311189393e+00
3.062373840014169790e+00
3.103254659908617707e+00
3.776013283431242762e+00
2.373055400062972886e+00
3.512587150649749024e+00
4.000508658081949775e+00
1.531757989443037760e+00
2.795352774342764857e+00
3.224950676690943041e+00
3.322351141598018920e+00
4.908374603128309310e+00
3.504829729460276155e+00
8.055519467604670414e-01
3.597723066862282604e+00
1.622781805319492232e+00
2.347568710056200825e+00
1.671840834061506298e+00
3.822183390746644260e+00
2.701837506946854095e+00
3.187730031314266022e+00
1.981173326422103420e+00
2.714210594654390629e+00
2.989235712011244051e+00
3.087211854262172928e+00
2.298586015080386069e+00
2.904278605453086026e+00
3.561871357028673302e+00
2.159996088370358613e+00
4.604047545118495677e+00
3.380038410983412067e+00
2.615186378682628821e+00
2.920988867818726131e+00
2.815779790078223765e+00
2.907124529949581593e+00
2.666117080010717011e+00
2.656134202623768203e+00
3.445611674967084426e+00
3.009741007315066774e+00
1.663488688254820991e+00
2.850924984162683806e+00
3.602049591268859263e+00
3.179509770842597227e+00
2.944073179251507355e+00
2.964961801694521615e+00
4.153604487281296720e+00
2.103382886276681241e+00
9.407151596460991971e-01
2.661411534429612313e+00
3.379346644741870076e+00
3.051154667638615869e+00
4.679084790570267494e+00
1.845845409540482596e+00
3.325611349728495814e+00
2.743427285006697414e+00
2.739724696866279174e+00
3.538253507245088247e+00
2.634688553476187245e+00
3.140027279431126583e+00
2.251100208829748262e+00
3.432368810759696132e+00
1.722857816132280728e+00
1.314292343980716593e+00
3.238218477670374185e+00
2.680505964432216004e+00
2.905531579983484658e+00
2.985068465192965093e+00
2.598346486245942888e+00
3.036476815572622279e+00
2.773859854883453213e+00
3.471533944657235082e+00
3.364397686427102574e+00
3.667568848643842028e+00
3.235732085602601060e+00
3.258948573106662749e+00
2.655871039341577422e+00
2.749564195715482384e+00
3.486516592992747743e+00
2.668537929779470019e+00
1.054505550187227803e+00
3.279523677559272876e+00
2.648124495161787273e+00
2.457771915833158349e+00
2.704005795696573067e+00
2.948266097956360188e+00
3.108518887267251785e+00
2.869910901881255860e+00
3.366620444699505832e+00
4.380742094627111172e+00
9.717235778045060224e-01
2.839494159259355222e+00
2.630660190108657037e+00
3.458364391419834760e+00
3.560495973857030538e+00
2.258833749820556402e+00
2.806717016065199299e+00
3.413740203789926042e+00
2.850121787609491530e+00
3.363594301090038208e+00
3.518530597909695690e+00
3.152643205190650111e+00
3.301067622030878557e+00
3.954028321621651632e+00
2.981876825081140936e+00
2.731407437399297589e+00
4.244056449268221343e+00
2.256055568530214384e+00
3.195800903707576079e+00
4.933142440357467073e+00
3.299946681220196965e+00
3.217832233627734961e+00
3.164499222931533406e+00
3.371769119272712611e+00
3.302690838880561142e+00
3.452680932818094295e+00
3.144732083218004792e+00
2.821418403907474559e+00
1.858345951556470421e+00
3.315390129885250836e+00
3.217144997356135683e+00
3.363464553306079186e+00
1.893695278142830896e+00
3.040139434646164762e+00
5.344377136308463783e+00
2.600620841358895596e+00
3.194724333300992924e+00
3.832265178946330231e+00
1.627278536888407734e+00
3.404924581419335183e+00
3.258024009593970316e+00
3.375178976920026219e+00
3.321863216285337650e+00
2.787550520197068948e+00
3.092452469951367355e+00
3.187833378093088754e+00
3.361433943079636943e+00
1.979791277656523185e+00
2.628814564354792438e+00
3.477763071366706260e+00
3.957479875240838663e+00
1.770237808287738135e+00
3.760947691105041901e+00
2.942417835265187076e+00
1.754019013973893149e+00
3.018630450872296311e+00
3.664393613296918595e+00
2.714710889569520891e+00
4.627599622489450226e+00
2.800539730718238474e+00
2.010207562267228187e+00
3.451365652476698020e+00
3.588608309501406524e+00
1.901709913616186798e+00
3.879253861164305039e+00
2.730278640226977860e+00
2.772128942804982454e+00
3.143445666360597190e+00
2.621426860695081462e+00
3.667658025696266755e+00
4.543757230176147743e+00
3.261963343342512811e+00
3.274339759603596800e+00
3.187746651706933054e+00
3.842652620087790183e+00
2.792133845473728115e+00
1.834672464749974363e+00
1.948025025205484706e+00
3.310333090377258980e+00
3.079837051223393907e+00
3.717711563372879890e+00
2.616927791568214090e+00
3.816753344181111895e+00
3.846709137421820746e+00
3.072677223810509339e+00
3.552860382211692869e+00
3.242265639746645611e+00
2.660929371519777487e+00
3.344054856512492790e+00
3.563055862687503073e+00
1.739084296687993580e+00
2.454910032917346552e+00
3.648768457544773636e+00
3.605573567182688066e+00
3.123477560362119210e+00
3.597433369320765184e+00
3.015866364169114355e+00
3.156884776286425609e+00
4.169888100458021718e+00
2.770577232033433646e+00
3.118826360873345305e+00
2.609015808346741849e+00
3.745141490794838823e+00
9.281472306253367721e-01
2.713511739768395437e+00
3.376546843340158865e+00
2.857829089693787239e+00
3.317837654218487753e+00
3.872834938014610540e+00
1.691399820179552815e+00
3.160918303819914232e+00
3.398057057903294709e+00
3.751134790948702058e+00
3.407721660074575443e+00
3.160362326651113385e+00
3.873385088304095003e+00
2.899658379413792009e+00
3.302977932043367204e+00
3.459816504110645230e+00
1.968611466929287346e+00
2.804919941284621743e+00
4.068162948631358411e+00
1.188068124542271509e+00
3.858556766715321551e+00
3.250784341830275537e+00
3.674229596654051910e+00
2.238752162027457526e+00
3.067381339035160082e+00
3.226243206420987608e+00
3.120030304740624150e+00
2.969422779502545851e+00
3.903338345238309248e+00
3.071303312442308364e+00
3.234820004525444936e+00
3.654767459889906256e+00
3.074025393210440882e+00
3.262649480746345532e+00
3.077472690445081316e+00
2.968445308158346840e+00
3.923819909767251257e+00
1.373693857616627323e+00
3.046223067636099291e+00
3.449195199629143893e+00
8.909590640194446909e-01
3.530152246494806079e+00
3.096734018313243908e+00
3.886610738773611740e+00
3.352320985530916175e+00
3.220850820027957528e+00
4.241696611185833632e+00
2.113685107158199461e+00
3.489954902043463481e+00
1.547295268428992454e+00
3.127935425562673011e+00
3.141932717125285990e+00
2.808535736656724069e+00
3.094468502602353954e+00
3.447480454796815419e+00
3.642560499763687787e+00
2.655854493969312724e+00
3.403468032005926514e+00
3.720814839991371858e+00
3.355521433178629387e+00
4.124269284029400850e+00
3.124087933133883777e+00
2.754250424133744879e+00
4.001688584675572535e+00
3.376657605129119499e+00
3.387132494771385449e+00
1.184920773843036734e+00
2.665425781883576040e+00
3.427011431910312655e+00
3.690311678785478833e+00
3.374162791456359223e+00
3.106314437177939869e+00
4.314292262122464194e+00
1.415563858674892872e+00
4.144599613501378954e+00
1.324350137580424525e+00
2.820545508361071541e+00
3.283883712005287059e+00
2.758294741718654297e+00
2.361354123761481905e+00
3.740050404527358374e+00
3.514938478783236064e+00
3.490674785700287774e+00
3.079105870658313204e+00
3.825658142033123710e+00
3.030612347133108564e+00
2.983432854644164411e+00
3.948260185275363376e+00
4.017565769664128261e+00
3.393618523219516625e+00
2.891542217139589255e+00
3.032286264419776334e+00
3.781356814114168685e+00
3.756699392180312014e+00
2.605516462637993857e+00
3.055549502478677404e+00
1.224169789492800753e+00
2.798781283220154847e+00
3.823099291944100031e+00
1.664947953392646562e+00
2.819025564095326342e+00
3.274902526849003070e+00
3.581929952482846513e+00
2.963434465590970568e+00
3.528519724052646911e+00
3.536044094525900849e+00
3.127619897591807696e+00
3.418976942449901024e+00
1.327754486537262357e+00
2.740960589178593754e+00
3.355856909960724277e+00
3.360138269325460669e+00
2.819473530033766107e+00
2.546240521836268478e+00
3.889792409750149282e+00
2.683375074528310922e+00
3.311476262148301597e+00
4.062027771316201630e+00
2.863543792866951598e+00
3.151820671785031891e+00
3.821183130309943277e+00
3.599972290827646138e+00
8.295144828984483132e-01
3.789008025970960869e+00
2.804529001920724518e+00
3.710164531118281595e+00
3.523014608384425372e+00
3.210304589758087968e+00
3.620245029007760795e+00
3.434961145988046916e+00
4.181869807000346384e+00
4.411109922300394892e+00
2.684072270850286657e+00
3.217732340508027367e+00
3.340184462430177970e+00
2.863733476398427680e+00
3.204643220560151384e+00
4.009185367948663092e+00
3.225951068835798630e+00
1.177508407864143569e+00
2.711949978404732953e+00
3.316359750725785371e+00
3.767046240406890512e+00
2.873775212391702638e+00
3.806550167340412294e+00
1.963576796293149407e+00
2.732805248139098531e+00
3.877909682596012431e+00
1.144626700462395563e+00
2.447912353711461986e+00
3.353436561594518750e+00
3.744686083450454728e+00
3.047928103222250051e+00
3.324652773003597961e+00
3.162090461725733270e+00
3.365600176314992087e+00
2.710906972166220896e+00
3.304016188505157103e+00
3.263258391111857559e+00
3.774770917873476961e+00
3.038739209034386324e+00
3.183916565075338490e+00
2.544510849999880087e+00
2.860378213790649049e+00
3.796019995238375966e+00
3.143723703920088930e+00
2.774936852097955597e+00
2.689199879935397774e+00
3.134335551169798784e+00
4.155673828469699238e+00
2.851763820528248061e+00
3.531000387868258983e+00
1.162651148689056946e+00
2.737627493490953690e+00
3.139333594915628467e+00
4.317223290819939052e+00
3.213897280806469858e+00
2.952790050721186166e+00
4.704938232319636704e+00
2.913932919497302709e+00
3.843884237735135656e+00
2.702488552971203717e+00
3.656834698803779649e+00
2.784284881290307379e+00
3.573729171821683259e+00
2.960549028550266026e+00
3.424113949015667568e+00
3.975207290964782647e+00
2.978134994045170902e+00
3.359789293425836654e+00
4.398903799553373517e+00
2.431200660010499615e+00
3.205257156608866342e+00
2.589011133681581089e+00
2.438040612031000087e+00
1.386285578809749897e+00
3.414004482442929422e+00
3.016250692377465903e+00
3.282383513786886198e+00
2.144253281818539136e+00
3.812953393077816777e+00
2.841796588065439000e+00
3.572779240620079566e+00
2.932375498761877530e+00
2.512531121695479541e+00
4.100443946183804478e+00
3.263837034293511241e+00
3.853302617975078892e+00
3.227205633761862202e+00
3.182247496927700592e+00
3.746926232148168001e+00
2.883518993163560307e+00
3.753328246007113567e+00
3.963497643657271308e+00
3.321796780065695120e+00
2.931963497687197773e+00
4.250031115034776263e+00
1.951194789272733487e+00
2.892463539890721691e+00
3.088186455220774729e+00
3.104011921470109847e+00
2.518261013515540103e+00
3.452890387243121140e+00
2.582693509434732970e+00
4.022093170803655582e+00
3.327292997504349259e+00
3.197879223520900815e+00
3.453421718680451225e+00
3.212064859064234668e+00
4.021342630930534234e+00
3.202259221843069437e+00
3.310437191858528028e+00
3.238370796561327758e+00
4.014789803156364023e+00
4.055667838489689814e+00
3.147936789209317965e+00
3.886082891208832990e+00
2.231573599011905440e+00
3.243138002207015536e+00
3.855609660865002564e+00
2.120570303040768767e+00
3.563542331219235137e+00
4.077217990033364714e+00
2.810945056793314301e+00
2.052616243981057131e+00
3.397225691774900191e+00
3.784298128701158781e+00
3.485837535068690318e+00
3.810881168184698353e+00
3.342163257530264886e+00
2.827790399526359799e+00
3.643669691593738769e+00
3.430826756384356191e+00
2.481395552343048205e+00
3.218318303454163143e+00
3.743750664810294726e+00
2.823467353533409163e+00
3.068972918822789886e+00
3.700010291017501896e+00
9.675091021720765294e-01
4.383132671496512422e+00
4.766679989441079179e+00
1.503383577271444338e+00
3.114473918576204259e+00
4.120321864512560772e+00
2.393249775438069271e+00
3.163408229790456883e+00
2.279011304016606232e+00
3.675356829037458528e+00
3.345765913483365939e+00
3.234120814474071182e+00
3.570035650136997418e+00
3.206212720903043323e+00
3.109987639950563043e+00
2.976319920136825115e+00
2.441568671260771151e+00
2.529939716573174735e+00
1.806969127688361043e+00
2.946964623339634937e+00
3.783634416024243219e+00
3.803647343474998443e+00
3.142715024697327220e+00
3.737550343810082776e+00
3.481658188474499038e+00
3.381883260718115292e+00
3.894749052246845089e+00
3.138423137685924402e+00
4.064459486311998049e+00
4.378877707255568019e+00
3.241964112866533743e+00
3.347977260751480166e+00
3.800358368707658752e+00
2.525511452121531164e+00
2.266837184011753159e+00
2.197688360517381589e+00
4.193367677969272123e+00
3.516053461144651671e+00
3.365922679507909798e+00
3.597595110783799122e+00
2.065910580454008105e+00
3.382092005081293262e+00
3.712889803697843494e+00
3.306394989973518328e+00
2.182150729997523353e+00
2.903960547355123545e+00
3.522904437595888449e+00
3.868626502214719043e+00
3.321547717115251874e+00
3.656683447278976207e+00
1.859714381187681953e+00
3.955635668282428519e+00
1.549639472871561674e+00
1.999652097703746856e+00
3.707216588378382749e+00
1.653081806090412886e+00
2.861616146237559111e+00
2.396273416599869144e+00
9.748454356700851919e-01
3.199403657228601539e+00
2.630293404266060620e+00
3.950457853578288603e+00
3.601983635500488834e+00
3.355315698309311312e+00
3.779759496590555212e+00
2.902575066170822726e+00
2.612617648624687483e+00
3.611759826052252542e+00
2.158302850864505462e+00
3.290831123250584689e+00
3.732324199090172545e+00
2.408197217000255463e+00
4.168086528071023977e+00
4.292371827442963195e+00
2.338749586835688454e+00
3.394226139693978794e+00
3.503531717800571599e+00
2.866735573834382045e+00
2.965970178606434970e+00
3.370185093031873080e+00
2.270624361582534778e+00
2.240366445237915283e+00
4.850534290490823963e+00
3.837278535091408926e+00
3.270544915304532285e+00
4.245085769393475594e+00
4.108775813547618228e+00
3.588195800661559076e+00
5.031290451787855389e+00
3.743639021419407076e+00
1.017784752871174092e+00
4.665209127073704387e+00
3.832524013042258204e+00
2.845552283115713177e+00
2.776125006821995811e+00
3.068363280652076419e+00
3.169158853561288680e+00
3.262169933120014687e+00
3.729563498549426814e+00
2.793201481012003384e+00
3.426306292008976850e+00
2.906451850967556094e+00
3.643937104836777241e+00
4.557940507542403985e+00
3.204192768452566842e+00
2.519593867624542405e+00
3.319959855837590013e+00
4.351114704777772069e+00
3.104246594630061473e+00
3.945483609788318802e+00
3.616885671452660933e+00
2.460166686019681137e+00
1.473613259984397850e+00
3.045599959991872829e+00
4.317258758643879979e+00
3.123995860816489500e+00
3.863266924135554170e+00
3.765809493242490813e+00
2.110911681272281015e+00
2.887899043881251071e+00
4.812519921984462101e+00
8.814610343094485545e-01
3.075182408759757013e+00
1.044216546193551975e+00
1.384449490877974087e+00
2.771549806394203674e+00
3.596926964485199996e+00
4.191742351423777713e+00
2.667748127668164049e+00
2.505603426361715069e+00
3.716995257740208558e+00
2.923785588757671139e+00
3.184339619067204641e+00
2.652320818704035688e+00
1.648531722947546685e+00
3.843305900906138550e+00
1.470855270412648963e+00
3.127571023477443646e+00
4.093426001880695608e+00
2.806238796180392736e+00
3.081100511529059727e+00
3.804538846027662569e+00
3.304341810962700077e+00
3.618507279299822965e+00
3.377897777116104727e+00
3.039243345284041276e+00
3.197182060541966298e+00
4.915712395731373086e+00
3.263718072828815320e+00
3.232465820228514364e+00
4.152977979989565860e+00
4.556915747763524038e+00
3.366686403064599542e+00
4.395450559339835195e+00
3.310550072101027030e+00
2.359751720897935279e+00
4.004944281069055201e+00
3.418110238140728452e+00
3.231773413203814282e+00
3.256966685327869371e+00
2.888677044555570728e+00
3.752606474592401042e+00
3.472635569744315198e+00
3.205374786767401396e+00
3.262694254489376888e+00
2.751491306835311068e+00
2.718558478518025456e+00
4.822273419707149067e+00
3.999062567784831934e+00
2.743063587822038851e+00
3.509607555064112816e+00
3.173690421627867853e+00
1.592220439842136681e+00
3.437095206988902252e+00
3.349434216504125761e+00
3.729286082298562288e+00
3.086591501701155593e+00
3.210301553498577931e+00
3.074444770473186761e+00
2.117758780715530254e+00
3.109536273239962068e+00
3.218127760843247032e+00
2.665311634307399036e+00
2.081149407694037556e+00
3.046830977390869499e+00
2.489898633424131535e+00
4.244864386282530155e+00
3.614502449222092295e+00
2.820159189392007271e+00
3.353303137114143517e+00
1.239058701582531841e+00
1.229721079737051026e+00
3.188604369357878721e+00
3.287461147144743023e+00
3.339534828124681720e+00
1.121566167031815109e+00
1.132784358917142242e+00
2.973500002047246848e+00
3.169232393962082561e+00
5.439756502235850277e+00
2.629981432817872111e+00
3.425534792077932433e+00
3.986184125855784632e+00
3.648718087565966162e+00
3.121399155614828391e+00
4.182564328809024623e+00
1.759733147910041540e+00
3.761635058638925333e+00
4.633497951339635712e+00
1.197754827308650905e+00
2.148131729320630789e+00
3.058310088020107731e+00
2.821439245512899596e+00
3.409919216657197882e+00
3.211561631204451484e+00
3.316712163556324366e+00
3.014649033174048309e+00
3.677094242619805886e+00
3.836529097449046688e+00
3.188320472332629940e+00
3.253965131792925902e+00
3.586953277612813906e+00
2.587684703112046680e+00
3.471492742003171372e+00
3.959160627398777610e+00
3.455226667734407897e+00
1.749658145552668076e+00
3.629073836288712496e+00
2.960049227531908578e+00
3.366664942199786736e+00
2.654688676520027268e+00
2.825576701602632745e+00
1.525978204076900102e+00
3.243828754293227590e+00
3.677865831805906982e+00
3.476382882516341866e+00
3.457548984331855202e+00
5.032272354380289414e+00
3.313591207092929203e+00
3.495937631963990100e+00
4.192438263974354484e+00
2.252319163611005148e+00
3.310226151801510142e+00
4.172959298882159551e+00
2.923630898801814482e+00
4.409941537378258225e+00
1.908046011553415688e+00
3.615912078841053034e+00
3.428804779804159875e+00
1.123146882402404456e+00
2.353438948186241220e+00
3.243910991834481283e+00
5.172379228435066700e+00
4.169310785905203431e+00
3.024077090824897951e+00
3.535131031563640835e+00
3.215557058489526110e+00
4.133313484472579624e+00
4.094571061970320613e+00
3.411696209484034625e+00
3.284722178584678964e+00
3.276929697249893803e+00
3.615735195183331196e+00
3.275435277257244149e+00
3.490030029666385758e+00
4.901836808114143018e+00
3.212590068029560708e+00
4.118351887424524627e+00
3.104954069180817733e+00
3.154362227537668151e+00
3.819037651707769321e+00
3.714828229153317896e+00
3.484260609125131136e+00
3.005609665298019539e+00
2.079133254297220290e+00
1.019630538203643688e+00
4.204783776367999160e+00
2.747835143443704276e+00
2.750384798200085967e+00
3.667835394932717819e+00
3.016522668112178174e+00
5.795668236963414932e-01
4.753636157377354898e+00
2.724207867104240233e+00
3.573010512847365927e+00
2.887542800739487880e+00
3.265090784122480994e+00
3.422354784968721919e+00
1.209058512186529821e+00
2.796843192063905192e+00
4.801164382139571529e+00
2.848876144872043437e+00
3.282052150083554221e+00
3.818306660140362130e+00
5.350441737621428828e+00
2.875504233110771857e+00
3.306213074657411877e+00
3.302469911501144662e+00
2.843611592775747710e+00
3.406441141625837776e+00
1.622048871405812553e+00
2.707913183993713169e+00
2.766310129553258168e+00
3.819307334966523637e+00
1.017192488353686031e+00
2.947890111310034200e+00
3.357895767738390713e+00
4.005604711143088359e+00
3.526133913524164942e+00
2.851072006083275046e+00
2.640433807660259813e+00
2.916768620903158027e+00
2.958112046503802439e+00
2.702172630354249261e+00
3.143487268483943442e+00
3.107520136577472947e+00
2.848919897510776789e+00
3.473144306519086122e+00
3.048890546421693770e+00
3.358122993438836357e+00
4.439577018862980395e+00
1.166602185322338503e+00
2.870094672054172236e+00
3.726749644019259566e+00
3.450398532635021720e+00
2.155776401365812056e+00
3.394429927420202109e+00
3.473881960791467272e+00
3.808915837472469423e+00
4.129137841933014030e+00
2.894085069984064784e+00
3.831015354739157441e+00
2.872183837505511761e+00
3.206088225596516850e+00
3.525201060011692533e+00
2.942673807338814562e+00
3.373657033219010337e+00
4.026752254497132810e+00
9.312751509081855783e-01
3.691035065296379702e+00
3.695989361546443863e+00
3.292120837533713207e+00
2.630827037923949785e+00
3.468873956166125705e+00
3.529918061157833353e+00
1.494486808763779262e+00
4.822033799236483453e+00
4.053249484767286859e+00
3.152525447533859548e+00
3.405085007085392412e+00
3.561459704374382529e+00
3.224690912931992059e+00
2.194516049295248905e+00
3.792300580736473581e+00
3.407799946482651166e+00
2.671653781390621152e+00
5.419973618680781868e+00
2.831541809896199968e+00
4.457214808147670126e+00
1.950440784505212743e+00
3.173492444781744748e+00
3.819082861732525203e+00
1.737841350541287522e+00
2.402928258478827406e+00
4.125611176824646620e+00
2.934269397825641779e+00
4.240436176044858563e+00
3.113647303292879087e+00
1.449510359787063107e+00
1.686084709193065745e+00
3.167005727878001498e+00
2.839945155981923985e+00
4.308503907535943256e+00
3.737052523216074729e+00
2.996835937975985242e+00
1.407170547611237499e+00
3.305794791447834946e+00
1.780223679263100989e+00
2.369731542557712345e+00
1.824220045924155320e+00
3.396018775982878157e+00
3.170289025001036265e+00
3.732124869161813407e+00
3.237286906541358977e+00
2.433859157314310906e+00
3.459734582087827359e+00
3.168749607301340365e+00
6.672434946521864640e-01
3.795162709679024360e+00
1.093557571093570324e+00
3.476743935400951280e+00
5.602263626848895228e+00
2.971254509181454395e+00
4.575985328993315449e+00
4.267203557794172042e+00
3.383370192135098264e+00
3.670120966612357538e+00
3.931724571463866891e+00
3.294029242385050793e+00
1.949753104366031442e+00
2.675390510785358611e+00
1.808808110070450725e+00
2.706268615176999681e+00
3.730463881922807534e+00
3.457100574562599338e+00
4.673669350765118580e+00
4.925114447872433132e+00
2.883575320319363477e+00
2.690719249903571697e+00
3.728276097334285222e+00
2.410047097977881858e+00
2.519852680620138230e+00
3.457969296197979769e+00
3.139522218722205604e+00
4.337760535678815366e+00
1.550864162513586830e+00
3.560229286119480641e+00
2.144536891062488237e+00
3.267490235967958956e+00
3.355772182370934775e+00
3.114661551506066051e+00
3.682304053250903486e+00
3.821622948208745818e+00
3.507552274386536162e+00
2.789287583086951461e+00
3.270129430856583586e+00
2.556522113595861345e+00
1.011459332503824360e+00
3.981121828436112065e+00
2.753604582792520628e+00
3.329352508980136793e+00
3.309379387109230297e+00
3.255954008801644761e+00
2.068592037046061538e+00
3.392217371685222638e+00
3.691619044649028680e+00
3.567824978423809856e+00
3.478921683200854265e+00
3.574236513425898210e+00
2.432735293272845212e+00
3.032147566993395049e+00
3.256863721119358956e+00
3.501305886259703293e+00
3.263198980330837440e+00
3.789400750650063543e+00
3.854561844235850021e+00
3.224222133893946740e+00
3.405426277405672941e+00
3.127383349373085597e+00
3.095876497998803156e+00
2.665830549125242754e+00
1.459694348647538220e+00
2.674106635531821041e+00
3.536077679295090093e+00
2.349527733094993298e+00
3.169992610451932702e+00
3.566060442202141356e+00
2.915584343100698472e+00
3.691921347195534775e+00
2.895407583852050326e+00
3.430149429183977361e+00
4.320170071957383229e+00
2.198483721298004845e+00
3.225668536819642718e+00
3.534956961554923005e+00
2.724213229619054655e+00
2.011245207361938014e+00
3.561297016062832110e+00
4.723460564055748989e+00
3.654000886576050267e+00
1.265530247346333015e+00
2.100526469697304943e+00
3.118907207609471044e+00
4.637909523735046058e+00
3.125987991189726589e+00
2.437555076906198437e+00
3.823750056297211763e+00
3.014043989595759587e+00
2.342204304821520200e+00
2.880409714777860231e+00
3.704248469859638515e+00
1.194185681783877184e+00
3.275889585898794198e+00
4.191846066956372852e+00
4.043549691901554333e+00
2.783211177636545575e+00
3.825580830533076515e+00
2.687370287486066545e+00
3.376744388835903443e+00
4.804797936720052398e+00
3.050306056860811577e+00
2.899608849255345788e+00
3.404714687508120452e+00
4.538127253148168450e+00
3.829816933244706068e+00
3.400040484504864402e+00
3.468402726550854354e+00
3.061831591647038220e+00
3.394132607627376341e+00
3.007824387125595411e+00
3.480730765198944088e+00
4.087518954447672215e+00
3.402890237330451484e+00
2.973898021319902885e+00
3.327964461424526732e+00
2.882034638008060590e+00
2.101714326920127274e+00
3.614922498530174000e+00
3.365515494165819188e+00
2.842793787691136664e+00
4.361791259560753531e+00
2.191740154672011442e+00
4.431893041683293788e+00
3.343815403732685265e+00
4.470800044360035308e+00
4.054591980336025969e+00
2.780613247972974822e+00
3.369040845194718248e+00
3.844986731642646038e+00
2.851757287781784278e+00
2.360233328642288964e+00
5.311392992201052543e+00
3.423021700474910389e+00
1.261988880313539507e+00
2.552774109938775293e+00
3.803476228849110630e+00
3.138915066522724118e+00
3.493944607835353100e+00
4.230427629401313006e+00
2.985403869242228669e+00
3.560963725691635773e+00
2.428859626349375578e+00
2.748396777692446946e+00
3.216820072798131314e+00
3.444929196228177837e+00
2.930660212824240052e+00
3.114460206474364501e+00
3.373600870264582330e+00
2.132106811212242992e+00
3.090494798766049822e+00
2.903713032974959862e+00
2.932398887983953983e+00
3.608568723916836696e+00
4.574948104711963559e+00
5.005099714403991484e+00
3.575954215803951008e+00
4.817328418208934870e+00
1.174345114635584331e+00
2.753846740998117326e+00
2.304089458724638106e+00
3.618913112997982573e+00
3.568489606005210923e+00
2.417010188601976584e+00
3.469132844898052959e+00
3.043086470258895559e+00
3.225632307970101031e+00
3.892344792068196835e+00
3.945408046728649865e+00
4.823275699892318080e+00
3.249242114858145847e+00
3.267600010198683957e+00
2.887350454600578598e+00
3.310487932259273958e+00
2.485291967558163062e+00
4.825684365827669353e+00
3.112652297767501519e+00
3.658116911520640446e+00
3.564881215152315708e+00
3.395515991761116403e+00
2.608914873050496741e+00
3.027531214122242353e+00
2.357980313629900682e+00
3.060085062733983285e+00
3.785038747545659277e+00
3.873913953316509229e+00
3.061467947517481303e+00
3.404044521700233972e+00
3.770666332226191297e+00
2.764806828741602107e+00
2.921048152228389316e+00
1.192468773336337939e+00
3.273052391969328401e+00
3.926747813453410174e+00
3.234611260609723260e+00
8.829981329232767795e-01
3.096157910988881046e+00
3.481458567082066580e+00
3.351785209416175526e+00
2.602287034662439602e+00
3.160857783879835736e+00
2.260249598148731387e+00
3.305823733923221930e+00
4.830976014884410752e+00
2.567075466421841590e+00
3.374589979477132573e+00
2.736900934807017460e+00
3.536903909643770216e+00
9.914276900001246506e-01
2.821902885516903492e+00
3.807509130602661607e+00
4.017786453571215333e+00
1.019811631622457027e+00
3.836563590564433301e+00
1.729775892503599533e+00
1.227508537509544473e+00
3.612422342975321055e+00
3.421884568112290026e+00
3.277894745982562696e+00
3.636995209623677283e+00
2.194056078704993862e+00
4.115738166140678445e+00
2.711296675967219016e+00
3.384085101471973278e+00
2.758549098219883255e+00
2.495630073790763070e+00
2.589364385587697548e+00
2.845222126149074438e+00
4.147773291398055839e+00
2.167724686390858135e+00
3.899343908385196844e+00
3.323284811110626791e+00
4.415454153032330353e+00
3.666429292294095088e+00
4.203225602954175244e+00
3.298037423894980780e+00
3.889849201743041718e+00
3.086486944468219917e+00
3.322485181897336659e+00
5.311738197795760286e+00
3.194158953149091040e+00
2.165216339465172002e+00
3.756349287373540236e+00
3.596771247929225090e+00
3.394097799432662210e+00
3.222943514754946559e+00
2.733169770736383786e+00
1.400128757428577453e+00
1.513644225247122943e+00
3.419102530620659941e+00
3.688764674344145345e+00
3.714023498356230579e+00
1.042151880866551306e+00
3.663775771743033705e+00
2.477750120575185733e+00
3.774486513432098178e+00
3.381128749561999047e+00
1.058884649395388511e+00
3.453893123771082596e+00
3.707613141213138785e+00
2.932639219206225167e+00
3.114484303715320035e+00
5.314919650357081693e+00
4.208944773329501565e+00
2.994069046968610870e+00
3.513578286228827174e+00
9.484550376293097163e-01
3.534737461439966033e+00
3.780136855547669317e+00
3.223400820670885292e+00
3.394188005880681924e+00
3.575339572783088560e+00
3.241152659920326418e+00
3.374706741304447366e+00
2.950058415737348394e+00
3.257637267162193595e+00
3.749866006893593173e+00
2.953795302567970182e+00
3.042804170991460389e+00
2.747115266945382661e+00
3.240072148228647197e+00
3.700829775591429005e+00
7.186487571956600151e-01
2.724082241491578404e+00
2.690794424587978462e+00
3.592759746406454013e+00
2.627220100918114642e+00
3.863995313655120611e+00
3.172426257425933649e+00
2.775221346022783031e+00
3.253861381963061294e+00
1.935035970186945953e+00
2.995972409498727007e+00
2.949447247683594675e+00
4.666161391862122976e+00
3.674777461726450145e+00
2.978189386106247394e+00
5.867033874527071369e+00
3.076887735805406976e+00
3.738504814743797144e+00
4.088598964988460871e+00
2.274759031968626388e+00
4.822404883268530895e+00
3.585573322318110101e+00
3.607557069537521865e+00
3.410472493518166281e+00
3.066327881341453843e+00
3.761875727839374850e+00
1.073172736288919404e+00
3.206560925410781415e+00
2.648038163986227822e+00
1.773379274179468723e+00
4.127052643336026172e+00
3.561606766752248632e+00
3.530742580292369759e+00
3.806515064150297167e+00
3.710567976970840398e+00
2.981859012349884264e+00
5.234248147274533025e+00
2.673118540836996626e+00
3.534872199676540205e+00
1.731089576767357752e+00
2.584137366570546490e+00
1.563608281882464812e+00
3.634125913339455671e+00
3.139102728895499794e+00
3.521944960270178004e+00
3.600254638604023061e+00
3.149861041213929624e+00
3.862226521440545124e+00
3.467194506864998971e+00
2.765452685279865097e+00
3.058488459065437759e+00
2.219060438354196307e+00
3.672646130098613959e+00
1.826085339523733753e+00
3.869049948671524408e+00
3.490945761436241135e+00
4.080053566157126888e+00
3.475747723308941328e+00
3.473818658058551723e+00
2.808281757241849697e+00
1.018585817127853455e+00
5.071614924803779623e+00
2.746464078757361094e+00
4.506311875234453090e+00
1.842737488191909634e+00
3.469738985377025742e+00
2.911556904262530221e+00
4.805679418998854757e+00
1.743741803170944848e+00
9.578665052511253775e-01
5.109531397305295819e+00
2.088730675592554320e+00
4.695415330656203423e+00
3.406228721109742175e+00
2.740262376108528741e+00
2.362622858806693760e+00
3.487192108993378614e+00
1.165411563061609757e+00
3.389401275832315097e+00
1.214723907893568544e+00
3.547846121143083842e+00
3.809429241756660645e+00
4.011489831125575556e+00
3.479428863335236599e+00
9.998263926161398141e-01
4.681662663965898474e+00
3.750161796910393530e+00
2.804830730484112689e+00
4.259793511379355913e+00
3.657912071846527446e+00
3.484921063520126427e+00
3.433880871852668992e+00
4.142241179607363044e+00
3.231794606241318313e+00
4.401898953372094248e+00
1.976889166048052093e+00
3.411580685038835270e+00
4.059171030084166354e+00
3.209759115063816282e+00
1.484101181399086311e+00
3.183084252061545438e+00
3.434286307144723605e+00
2.950462987516861535e+00
2.975251927213773850e+00
3.614606452791887303e+00
3.126066059369292383e+00
2.363428848759507872e+00
3.618881583946222946e+00
3.209171109743341965e+00
3.313293841987633215e+00
3.587628830535591007e+00
3.503054846879916084e+00
3.491331027614853699e+00
4.367005069497790437e+00
4.193910402582828212e+00
3.148978960887819589e+00
3.477283115376597067e+00
3.012490299604710042e+00
3.209642059927228619e+00
3.335654039094178014e+00
3.612314047575927667e+00
3.541321889171986204e+00
5.030207824603910360e+00
3.371099290433548390e+00
3.297587961200035167e+00
4.230982189061815113e+00
3.136581847001451706e+00
2.956259833062405029e+00
3.091830780108996812e+00
3.407911405607181532e+00
1.682527314617404901e+00
3.248824523517503504e+00
3.653086541452800429e+00
2.176039545103806816e+00
1.993485413145918761e+00
5.470418911970365450e+00
4.195705502987195246e+00
1.946805745561925871e+00
3.595583230218180937e+00
3.664785957164152563e+00
3.253696688393289627e+00
3.671087199219135400e+00
4.087665318252558855e+00
3.168657020962704518e+00
3.838554469256699964e+00
4.111215724273618477e+00
3.502574918031730267e+00
3.007766278619462774e+00
3.489376887115424264e+00
3.971967082806681315e+00
2.847804829301547436e+00
4.002403948539275724e+00
3.316324466832269113e+00
5.084414512929699148e-01
3.393006325027152936e+00
3.346069093853539123e+00
3.074430910563592967e+00
3.727080887646856411e+00
3.295514247677631126e+00
3.399215625910818606e+00
3.615736979268389106e+00
4.453463094086064444e+00
3.349649672878356466e+00
3.572012184793050604e+00
2.219450938560651121e+00
2.982171368458769845e+00
2.013901970360247873e+00
3.613607706967494337e+00
2.755767905380664740e+00
3.617443968612723992e+00
2.933821763364378832e+00
4.193101532417926158e+00
3.692790193401417564e+00
2.807602707380158158e+00
1.640335516555977424e+00
3.251346199780969393e+00
4.780342930013353531e+00
4.649608493976699286e+00
3.333475178407384387e+00
3.495213046460809991e+00
2.864437296723849613e+00
3.496239442103516115e+00
3.426875923034258697e+00
3.127004112421816640e+00
3.025991244607513675e+00
3.589892932287781946e+00
2.538614468851683181e+00
3.077143843339393836e+00
2.194355361509347624e+00
3.734001609601982352e+00
4.809088718730663459e+00
3.713899633230297592e+00
9.761088795011868546e-01
3.201746715595650272e+00
3.470062842111646617e+00
2.949457223708392029e+00
3.063285799261576958e+00
4.412712909179067111e+00
3.854806857230879125e+00
2.916611983845622369e+00
2.447807164939112656e+00
4.457031213433866768e+00
1.999492117813856717e+00
4.517677072193502674e+00
3.667209035605810907e+00
3.399586307022599563e+00
2.822732402816124253e+00
4.117816213702746531e+00
3.696862988799535010e+00
3.045161448244149138e+00
3.827794051455871926e+00
1.109716600262841801e+00
3.205728807204266673e+00
5.174284934149704362e+00
2.928006956217386492e+00
2.544174815048860339e+00
3.338258334727348231e+00
3.484553386399686037e+00
3.654517390926631748e+00
1.157660600723633859e+00
4.348680878875643252e+00
2.667348561982153754e+00
2.695820158789945520e+00
3.135054461302427153e+00
3.460910903915695780e+00
2.631774190058966401e+00
3.307330470124158595e+00
3.817208386568968326e+00
3.928556704056365589e+00
3.157519202839465855e+00
4.272491064458887600e+00
2.026646857730813878e+00
1.864382050514675093e+00
3.918405121834269700e+00
3.577638919917317750e+00
3.379529123742996966e+00
3.421384487875430036e+00
5.190549762537361111e+00
2.608241038108064735e+00
3.301824370251166929e+00
4.417617556875311990e+00
3.308102997182345906e+00
3.633839412628644183e+00
3.604717726267750777e+00
3.359219680997437507e+00
4.531731462756251716e+00
1.404690578514016908e+00
2.020865274523180766e+00
2.082889974115690102e+00
3.410020799641953815e+00
3.386524664033415455e+00
3.113073071759151489e+00
3.213914088800340796e+00
1.958596413751501286e+00
3.445484522077579381e+00
3.831042311197596195e+00
3.150452748822591520e+00
3.420249630999775192e+00
4.164198798722810402e+00
4.134403260786494450e+00
3.442928870812044018e+00
4.448072588916792469e+00
3.651655965550048233e+00
3.428149168270924196e+00
4.058060646624714884e+00
2.983554233104511511e+00
3.514668642746537230e+00
3.021663854179558406e+00
2.982652603305544048e+00
3.971629069660338018e+00
3.027320577566241511e+00
2.679431395527800408e+00
2.962168893213410037e+00
3.806429934021672956e+00
3.469402957469057913e+00
3.609546377973638087e+00
4.076338816463503711e+00
1.834855814007604780e+00
3.813503431813590083e+00
3.102562633527258917e+00
3.134072682445448343e+00
3.384818075651528257e+00
3.311727327851737179e+00
3.359041616200617586e+00
3.343563645647882332e+00
3.333447516392764154e+00
3.373716147110097818e+00
3.960646232251024301e+00
3.012381889439363025e+00
3.581042852235531093e+00
5.127728309042248078e+00
3.003298413349546614e+00
4.802476356053603901e+00
3.874735442086137738e+00
3.469779933286237128e+00
3.336088823132644432e+00
2.545626900077540000e+00
3.381176574823961278e+00
3.324874632439476230e+00
2.803272034648132571e+00
3.507730573598203616e+00
3.110511159558071892e+00
4.380274571229503699e+00
2.465842121645289264e+00
4.095759650479834590e+00
4.821052515789153503e+00
3.446441139342367510e+00
3.223545460398106854e+00
3.287690458028776241e+00
3.678511520919917288e+00
2.898038100874332557e+00
2.674252403940609035e+00
3.876360385730812652e+00
1.155877589850309972e+00
3.063605222966899078e+00
3.340156346641697027e+00
3.973565965952719381e+00
2.535718387964221776e+00
3.937988791281273215e+00
2.432441345943016753e+00
2.919404046999591884e+00
3.903148333875368525e+00
3.363119185225103447e+00
3.281801412249440997e+00
3.082588247027818973e+00
3.361100923423200548e+00
1.188275491359938707e+00
2.200181256398587859e+00
3.192115051727721919e+00
3.740095926922219594e+00
1.162897647088009911e+00
3.417973911958462008e+00
3.811289915982848608e+00
3.655964834180017498e+00
4.712642530241647698e+00
3.680644704284975255e+00
3.142490559333777522e+00
2.556717958365329224e+00
2.982987141119715524e+00
4.100265362401313674e+00
2.228443105398157709e+00
1.596341071825107205e+00
3.786081875443694678e+00
3.003800811142557148e+00
4.189329324596505089e+00
1.741878233015752953e+00
3.073993152134897322e+00
3.717209307295004983e+00
3.030898291131045585e+00
2.628465731914038539e+00
3.434569418185445588e+00
2.885868632038528503e+00
3.219378808601015773e+00
3.819120263662985515e+00
3.523685901163193801e+00
3.298229039667039508e+00
3.112312538590504829e+00
2.805088673863511683e+00
2.057555512877765835e+00
3.565547290059829511e+00
3.104449035895931353e+00
3.766196054276671923e+00
3.801355856435017166e+00
3.124348236006725621e+00
2.328367418423183288e+00
3.816117078344267721e+00
3.525604597024462272e+00
4.132801633910148986e+00
2.481341155633685513e+00
2.881866952881774857e+00
3.681246765290760781e+00
4.956844641171938015e+00
3.657057938568900823e+00
3.258305987454565233e+00
3.339740818990483806e+00
3.112002324995104541e+00
3.432743704921903838e+00
3.346428062738768361e+00
3.761066202898390554e+00
2.931898287615994025e+00
4.157316635744376931e+00
1.935546060133377821e+00
3.103762461627935121e+00
3.384628028080048256e+00
4.188801900138064305e+00
3.238753010445234892e+00
3.095637864068056189e+00
3.315602429651872018e+00
3.182491875472811316e+00
3.588136707857212393e+00
8.723304007022800732e-01
3.438560232319829435e+00
2.773941062046661798e+00
3.245829272552299471e+00
1.976349271755360126e+00
4.379101037467529878e+00
3.191284976732871037e+00
3.532888367405321528e+00
1.175368019293543620e+00
2.986369784988467391e+00
3.336761750362367884e+00
3.753059030414616526e+00
2.740179612359459949e+00
3.467005836238716387e+00
3.466181127063596268e+00
3.466597617110901641e+00
3.599463441609609404e+00
4.340527397372932472e-01
2.889795454578931722e+00
3.739410521892792882e+00
2.431938624385153069e+00
3.594268274820172859e+00
4.811812024542293287e+00
3.581591344851308367e+00
3.080978246969343193e+00
3.987449337383710990e+00
1.958183963680809603e+00
2.850963997890372692e+00
3.467504979900341677e+00
4.227298587157876320e+00
3.163837039511643301e+00
4.202480897746539767e+00
3.097299374481095047e+00
4.179293399578870805e+00
3.606822610843808175e+00
4.184267536821690392e+00
1.079103295356736103e+00
3.263039185214832383e+00
3.960009267444186687e+00
2.400786685363434536e+00
3.018404752977276839e+00
3.710005184991021832e+00
4.486102360208409578e+00
4.104373656532160020e+00
1.929021491186737380e+00
3.815350342640436487e+00
2.392156937226799229e+00
3.243738961437832025e+00
3.979756262042998927e+00
3.240867547731020704e+00
3.512490547501223137e+00
3.504682870578625042e+00
3.487589384577928886e+00
4.586291689285144635e+00
3.168279648818714378e+00
2.766097720167459251e+00
1.882831627535892727e+00
1.811832413851883095e+00
2.964147022976221901e+00
3.161468114590412437e+00
1.240433733608145017e+00
3.940183360335579810e+00
3.678102412025085144e+00
3.176203154789227767e+00
4.542244937261022741e+00
3.899709917571038797e+00
3.490250087649080069e+00
2.732684423225956838e+00
5.056230299432852071e+00
3.418463761170820625e+00
3.449984237577842894e+00
4.847605619598935434e+00
2.962755717138401135e+00
5.559178416427349667e+00
9.339727770511604410e-01
3.819317119351272272e+00
2.926885282594106741e+00
3.412401682478877429e+00
5.036526015849176474e+00
4.187742701155860559e+00
2.154615191209760638e+00
2.111904885863880921e+00
4.242045338122254705e+00
2.830278046085891397e+00
4.120206450057860792e+00
3.611184801329838656e+00
4.290753942105928864e+00
3.595189243994827866e+00
3.218247179710001848e+00
3.253608251889356318e+00
3.147441609139217444e+00
2.656598027939436779e+00
4.179170595019894741e+00
3.494285266752140462e+00
3.420600815703191966e+00
1.309868817844339395e+00
3.323635024307290298e+00
4.585003147698650139e+00
4.010134574984735245e+00
3.392389958558068574e+00
4.170609191453070075e+00
1.121780229249436323e+00
2.427618425354738374e+00
1.163259696197906035e+00
4.783788048759495481e+00
2.927044689507884989e+00
3.341917797148119984e+00
3.016866801177374047e+00
3.387670450504233433e+00
3.298582150714251870e+00
3.579658438909220752e+00
3.152396191231638056e+00
2.315324613642715246e+00
3.355273495829543595e+00
2.930883204271741427e+00
3.100737777426478825e+00
1.538824593240814886e+00
4.900699774251930485e+00
2.922063809443003812e+00
3.140059094181639310e+00
3.054836097605877043e+00
2.964949102537350445e+00
3.520960245204852956e+00
3.520900308549909319e+00
3.204687380433758559e+00
3.567303766336352933e+00
2.997194080810741568e+00
3.155986200266871489e+00
2.349034125347470692e+00
2.478117814951474873e+00
3.355285962742051709e+00
3.058591628971700338e+00
2.892694559394433096e+00
3.210934269342530012e+00
3.659679847134590602e+00
3.591444092628742091e+00
2.180049654549521154e+00
3.651857045683652103e+00
4.123086472456085616e+00
5.014089882633309792e+00
3.974511030875189643e+00
2.531967012288169006e+00
2.967820290456924859e+00
3.972733133647608827e+00
9.666929095407735817e-01
4.712039589630708569e+00
2.889380081565597447e+00
8.332732819940086300e-01
3.108256618885917533e+00
3.849440111995880986e+00
3.906979796772749758e+00
2.863417321205227406e+00
3.968132375395662326e+00
2.916639957974854092e+00
3.202568440734368860e+00
1.904499800536310739e+00
3.098752533347777671e+00
3.504276927368080052e+00
4.038209757906751740e+00
2.509560739451814904e+00
2.894775411724940906e+00
3.823939422358095364e+00
4.188713557436179791e+00
2.981279913988013064e+00
4.315940722513143868e+00
3.098577999682007977e+00
2.895004745513385824e+00
2.490582694394981367e+00
3.554086263869814299e+00
3.083096091956794460e+00
3.720497755216205071e+00
2.922315651694038063e+00
2.870988349733468059e+00
3.408691878644044326e+00
2.480695769197423406e+00
3.644223991395489470e+00
2.052390609494165297e+00
3.253340447452520934e+00
4.049643425029138655e+00
3.029667990363293040e+00
2.935421514288931277e+00
2.292775156663506397e+00
2.913380092655123654e+00
2.801623361523424283e+00
3.279370121847343000e+00
1.538997164026949083e+00
3.716011296057077917e+00
3.684186725204867230e+00
2.618744650788848549e+00
1.731863985623366853e+00
3.659612610663507404e+00
2.723910011244560891e+00
2.911927653765171708e+00
3.527287884177205513e+00
3.163640281625561990e+00
4.085663124383271949e+00
9.281968852292271643e-01
3.911627422909381036e+00
2.785279462640332326e+00
3.239535517144805254e+00
5.138177455046680109e+00
2.719911552884442862e+00
3.163747473192078274e+00
2.024058796685253458e+00
2.958720324054946893e+00
2.841377154662052540e+00
3.163754768555018693e+00
3.806595530760521928e+00
3.573526876403717356e+00
2.814868616653856126e+00
3.543000946682210106e+00
2.878497190005196771e+00
2.046671141929324644e+00
2.970149120650627417e+00
3.851898968987008676e+00
3.110289595309424726e+00
2.852509757468853824e+00
1.297466611635841316e+00
3.704516660133671646e+00
2.908160128549260648e+00
2.677072603189924571e+00
2.317756838093654181e+00
3.090086822067423800e+00
2.013363971891130255e+00
3.455572501396285467e+00
3.133955257512395676e+00
3.235708026795185877e+00
3.721478475230358463e+00
2.992044493359420798e+00
2.368018950133912170e+00
2.863553335114890963e+00
3.606251602477568596e+00
3.361224490718289548e+00
4.012828440317585788e+00
2.533521559770750997e+00
3.551235684396238046e+00
3.388691769293013412e+00
2.783129544850809101e+00
2.794111915735146390e+00
3.624737232542089682e+00
2.936604587074786554e+00
3.847004403258591942e+00
2.396832640366330036e+00
2.863431785690942810e+00
2.505700522892224669e+00
3.128262507485683130e+00
3.247857120208359483e+00
3.400154719892555022e+00
4.449075342106756814e+00
4.104184570887785988e+00
2.764308180958075845e+00
3.582614522236110322e+00
2.736233765755463399e+00
3.860144976042672038e+00
3.719765482036710758e+00
2.873864794417891666e+00
2.592271871492104474e+00
3.555769633874806157e+00
1.073167276454341179e+00
3.013603824322600211e+00
3.721877710394209338e+00
2.795023968661312530e+00
3.675205386555726150e+00
4.804907553436088996e+00
4.418629197425251398e+00
4.139840533421311086e+00
5.038772553247777175e+00
2.913673454333863599e+00
3.697429444717843960e+00
3.580741935060850700e+00
2.915627567435256307e+00
2.228212843823366818e+00
3.599303231079988841e+00
3.362021254287033134e+00
3.436322864273755329e+00
1.502602901963421278e+00
4.234490628338195783e+00
3.568693104818661865e+00
2.039609338355482748e+00
3.646779948149106776e+00
4.827691127545634231e+00
3.224480093010364534e+00
4.809896210336871647e+00
2.450604952929807290e+00
2.584898147610023678e+00
3.984324976914743743e+00
3.157804926780547028e+00
3.400708148390707120e+00
3.862090159371530884e+00
3.014770500441080081e+00
4.102995163396577993e+00
4.462908417657888371e+00
1.589285043597280289e+00
2.313576248771544996e+00
3.265482993670055123e+00
1.950489970165929066e+00
3.120461220498546684e+00
3.599553604365065329e+00
3.944569915918469061e+00
3.117524387379562611e+00
3.704837236707193338e+00
1.162178099374142182e+00
1.987105263408002642e+00
4.327887393615307943e+00
2.486452631226845789e+00
3.538643925890872843e+00
3.851052122267395905e+00
2.870123113022739147e+00
3.213330154758808899e+00
4.122029474209656819e+00
3.032417906982897815e+00
2.320763654642413965e+00
4.275629555637368462e+00
3.332983126177863742e+00
4.534778688488167120e+00
3.768584909696316654e+00
4.794312032970455384e+00
4.113341416597823930e+00
4.511713338868641010e+00
3.366676874200639435e+00
3.461145314967719155e+00
2.297162456569368683e+00
3.263540281230302043e+00
3.433639369328138180e+00
2.187143816426817100e+00
2.567271492178692327e+00
3.617706343265886915e+00
3.833236440105546095e+00
2.776007259473460831e+00
2.204568444257820392e+00
4.796079088208532681e+00
3.668301260078709269e+00
2.952565726548834757e+00
2.940642464702654113e+00
2.863233812394446520e+00
3.186797989950885146e+00
3.169796851796163661e+00
2.989802128171313189e+00
1.796874104952789653e+00
2.991636459291429073e+00
2.257741393503250649e+00
8.921273484892993100e-01
4.085015941609928092e+00
4.363413388402427984e+00
4.607052568671082149e+00
4.138792093604439337e+00
3.522585455970558943e+00
1.727622208206401000e+00
2.130848354968410074e+00
4.111394963822007753e+00
4.056769571877742564e+00
3.565763465736232263e+00
4.702891635054101904e+00
3.469086293379833652e+00
3.827557122160964109e+00
3.866715015975259018e+00
2.812072705257256278e+00
4.162697555174943886e+00
3.665500341558881381e+00
4.394629751710343868e+00
2.367667836005715731e+00
5.005870254227054339e+00
4.653885330070221649e+00
2.468873585916677715e+00
4.656404806968725829e+00
2.190919988256123219e+00
1.494800548841796139e+00
3.442223476841812069e+00
3.720367035277582612e+00
3.718174823739705648e+00
3.019141624904120746e+00
3.432567449448412855e+00
4.923824437249566088e+00
3.044657595796814498e+00
1.647174586534632112e+00
3.677450397852434438e+00
3.214362296629428961e+00
3.490008338358622453e+00
4.322446434263404136e+00
3.020547654297061957e+00
3.275679043538842983e+00
4.861799807557157571e+00
9.699440322887057375e-01
2.735271475358010296e+00
3.756829122216886585e+00
2.812240798244203255e+00
2.957394790369012760e+00
2.064282061383130973e+00
3.261166717175937535e+00
2.058930072927553034e+00
5.161308137066066060e+00
3.050072535711521038e+00
4.264671551338149236e+00
3.395642617787181905e+00
3.185534072414224482e+00
3.909276470213411514e+00
2.702072027953622335e+00
3.119668152170435693e+00
3.408886962894944972e+00
3.359415306618848351e+00
3.801461157758803999e+00
4.706618120034081976e+00
2.474696882436231427e+00
3.044450965019576127e+00
4.810474911928765529e+00
3.369374028062061210e+00
2.117305022814911730e+00
2.037308679988915294e+00
1.675152826819929608e+00
3.173539758607584194e+00
3.859808087877137250e+00
4.311856565684560216e+00
9.572475746310595834e-01
3.777089089129818333e+00
3.753837858113368675e+00
3.928013562031939188e+00
4.086447990329185487e+00
3.161845057396481806e+00
3.295795195387979160e+00
3.242341882255455943e+00
4.700351948379570821e+00
3.579114874301952742e+00
3.212551098054054144e+00
2.012710041639728775e+00
2.868151591546863610e+00
3.187175876643625561e+00
3.586970473174425855e+00
2.662695791646640942e+00
3.254514063036892502e+00
2.996271993509299847e+00
3.001107176594438819e+00
3.149083732396864121e+00
3.610018522168063626e+00
3.726443028016757530e+00
3.374973095880610341e+00
3.746733169949602704e+00
3.237835370927148571e+00
3.104599992729580205e+00
4.906964082546917183e+00
3.133080945335862566e+00
3.324061019382940518e+00
4.621379217235627834e+00
4.008997134412474850e+00
2.226682982690432855e+00
3.454786353424706302e+00
3.038435352382319543e+00
1.329302598144831205e+00
4.789019861302522330e+00
3.221387184282563876e+00
3.457600068503834834e+00
3.690001942595602102e+00
2.844788170700977226e+00
2.766741983554163120e+00
3.432346641346786686e+00
3.146467303619307376e+00
3.881619760638666872e+00
3.550282943184547957e+00
3.429205576820463452e+00
3.337160190314972130e+00
1.507088636954279970e+00
2.796646230685162049e+00
4.579570827563931523e+00
3.620046056355898934e+00
2.841433565625937963e+00
3.644083907657945876e+00
3.531636997567153102e+00
3.102323565054324384e+00
3.594143693840049725e+00
1.965340343655254118e+00
2.705084286362068990e+00
3.374540811167503040e+00
3.706090618012709559e+00
3.001280833198242792e+00
1.657247673620552142e+00
2.172840708101727802e+00
4.790376324658309315e+00
2.189199986149582333e+00
2.739839130870911799e+00
3.868449371161568617e+00
3.315335404124888807e+00
2.693268275730867689e+00
2.543760022243281238e+00
3.556610206009362507e+00
2.923398251712601592e+00
3.146027571957844771e+00
3.204926963028072784e+00
3.616096719144074267e+00
3.004905391588378993e+00
3.947133523055569526e+00
4.078347325334442885e+00
3.859213681034753041e+00
3.628852825686463390e+00
3.021016851169607165e+00
4.638801530910491522e+00
3.417416186247860477e+00
3.409162943322384454e+00
3.420795864136327857e+00
3.302665510331965315e+00
4.476531121308164884e+00
1.270416087172174358e+00
1.016833291357124303e+00
2.912586668177861160e+00
3.429457475033339087e+00
3.847125814469071869e+00
2.179612106862761411e+00
2.615134472070199223e+00
4.014500405973692843e+00
3.752529643493826672e+00
3.150773396831695550e+00
4.093817728922308774e+00
3.456703591431977252e+00
3.187456798578110373e+00
3.631829995588089499e+00
3.338048759708644120e+00
2.503744703075736489e+00
1.915279083460100784e+00
3.286391032654000899e+00
1.146796346084413276e+00
3.272026353592139891e+00
4.754108963717164293e+00
3.404904080041952330e+00
3.028007204919064055e+00
3.579954926634025369e+00
3.123252907258618372e+00
3.124070759013231058e+00
2.542084381924805569e+00
3.696487094691208508e+00
3.031612925441916850e+00
3.236514793137444279e+00
1.661062168434443764e+00
3.465069520189417496e+00
2.306747407674627937e+00
1.122713921138012383e+00
3.144565050386696203e+00
4.414644676883175300e+00
3.878459158147468333e+00
3.165070462148799280e+00
4.766673595758366133e+00
3.867820000054205565e+00
3.426981352097116851e+00
3.330017800936742045e+00
3.902919006897127563e+00
2.455474561834610103e+00
4.448609317272495645e+00
1.900814421743554306e+00
3.448526289564266101e+00
3.764956461084917994e+00
5.080945429968442006e+00
3.833038131532838566e+00
3.453001520127316315e+00
1.296632072016878467e+00
2.637127589122127969e+00
4.813929274084194354e+00
3.442045067691282600e+00
3.197804184041652231e+00
2.389951596374086495e+00
3.272307918119344627e+00
1.832823988005461757e+00
1.685799454020801669e+00
4.816384894806747141e+00
4.025175538386975838e+00
3.522041801933628147e+00
3.309361103415405569e+00
4.426158880748518598e+00
2.911047190232847193e+00
8.029014315323058648e-01
3.446731411908141141e+00
2.158909151647550928e+00
3.771581204571639923e+00
1.410354884606602077e+00
4.298026616272608180e+00
3.364282674017145869e+00
3.979250845191628194e+00
3.887142698629129534e+00
4.506764246034930643e+00
1.755899811294710400e+00
2.442670838690901292e+00
3.874293373668073581e+00
2.692478613728766845e+00
3.735296865850647130e+00
2.213320928966964196e+00
1.907349393895304557e+00
3.774549865377036628e+00
3.498091010593777028e+00
4.426923205972263631e+00
3.155784668053041919e+00
1.198508185450611441e+00
3.247090432595685972e+00
1.255204356232441087e+00
3.732200263303836696e+00
4.228640492428890951e+00
4.112307556774289274e+00
3.661991440865229208e+00
3.442870084397696040e+00
3.705623587186796186e+00
3.807273520050400428e+00
3.720456261505135309e+00
4.802585785613787017e+00
3.859463631673260231e+00
2.599579955867290959e+00
4.028420212300603431e+00
3.615291442893753704e+00
5.075902831945062310e+00
3.862719868332984863e+00
3.869231318072692716e+00
1.360324143444770151e+00
3.061943490338561613e+00
2.593167672327974405e+00
4.331146407756940597e+00
3.195829186635951391e+00
3.064517393351655627e+00
3.892010518696854771e+00
3.982811427280699146e+00
1.133714414973429285e+00
3.795128433139754343e+00
3.492268635582369551e+00
4.299036464799479873e+00
4.588424587402982979e+00
5.519355974326303205e+00
1.942544525107929410e+00
2.422323123137496648e+00
5.513020738995718650e-01
3.960690783666765746e+00
3.320278796890042017e+00
3.496152578278138190e+00
4.380007578910032784e+00
2.374936398046961550e+00
3.403154182628604030e+00
3.985877967022770640e+00
1.701686815367393857e+00
2.911099840611663492e+00
3.504217302232908171e+00
4.669833731247233999e+00
6.904487850384999348e-01
4.546124792212215660e+00
1.930432197982055786e+00
3.617938152823386044e+00
3.815278770086840243e+00
3.560347662268636526e+00
2.388697111654309868e+00
3.555431938702434014e+00
3.739434109323725774e+00
1.289041924571299624e+00
4.089787842091836545e+00
1.370091451258549586e+00
4.384425420820009300e+00
1.809503955530388675e+00
2.691656701696132359e+00
3.993426039402292904e+00
9.544331848540922314e-01
3.196835660847523020e+00
4.197741423845155140e+00
3.356273171010216494e+00
3.073798895748068194e+00
4.034749941224382574e+00
3.320546543538007267e+00
3.001103496386380520e+00
4.996902480812768665e+00
2.347549056450939364e+00
2.594396695473185854e+00
3.481931577938903732e+00
3.847773501632066218e+00
4.025715934132795049e+00
3.487949739596551968e+00
3.483772628092954626e+00
2.808223111770860925e+00
2.841594968367115559e+00
3.468718120449673759e+00
3.392436548333247703e+00
2.841745157084180740e+00
4.067171891916657955e+00
5.917549213544504028e-01
1.315707773760798949e+00
3.607870345533926937e+00
3.411525791479154801e+00
3.178779042284734846e+00
3.434509688127786120e+00
3.346252010573219859e+00
1.059087719000216365e+00
2.540749236339260975e+00
3.839419371090550204e+00
2.599209727638657430e+00
3.880092701255267063e+00
3.458396110744877294e+00
4.304933061147179885e+00
3.167172860698745929e+00
3.889392075668681059e+00
1.196516622810344987e+00
4.820905489778055220e+00
3.988549509622675071e+00
3.104171063124692154e+00
4.385497223701865899e+00
4.481102920966912428e+00
4.544939408526463609e+00
4.687457805097343666e+00
5.052287636035778462e+00
3.420635599685872386e+00
3.283397712676299207e+00
3.451815450702153232e+00
3.526428123579307794e+00
3.702417934630664487e+00
3.556664514883026484e+00
4.772628294808620275e+00
2.708363316545725041e+00
3.697100541795522055e+00
5.348495923816250830e+00
3.356632513558843733e+00
2.342909092565952367e+00
4.268245439817328624e+00
1.005737893845235709e+00
4.622618482079260183e+00
3.407341359824050286e+00
3.142918517366496189e+00
2.062554426758791859e+00
3.169894577446440653e+00
2.330362903624945137e+00
4.758648499014708655e+00
2.809681019276907943e+00
3.074480708654879102e+00
3.689231413087946443e+00
2.967013360635064156e+00
1.857196414870333934e+00
4.556607330516398768e+00
5.075815148273058242e+00
1.778769673675697938e+00
3.841231954718298702e+00
5.152137454111198167e+00
3.265916859583275933e+00
5.126738005003523391e+00
4.173656998164874565e+00
2.704723824089160455e+00
1.619343408393612682e+00
3.997160184673083094e+00
2.928454261929229308e+00
3.856109195311266724e+00
4.176956420444977169e+00
8.953261280098699926e-01
3.630015026579167525e+00
3.196099644779347493e+00
4.727300340497205156e+00
4.105305643004080629e+00
3.463442986393894252e+00
3.527956261845602626e+00
3.178236121566901051e+00
3.240204758157493981e+00
3.541514529663425392e+00
4.494992526330402249e+00
1.293383479067548691e+00
3.791324621964316854e+00
2.910397963405837007e+00
3.703792817721138775e+00
2.651098212018726308e+00
2.812339878822779138e+00
2.836715475980954526e+00
5.361846517480412189e+00
2.825725200160790429e+00
4.500899253964059987e+00
3.828441168537969563e+00
1.362950213556120227e+00
3.121342236097030209e+00
4.295522266771531150e+00
3.078313198885749724e+00
9.955787980121483249e-01
3.630773460223363003e+00
3.596420713382505241e+00
5.041633746669253568e+00
3.468568007913047868e+00
3.671699433980466054e+00
4.587827371249738384e+00
3.811491172567876617e+00
2.807399733705267852e+00
4.439144002110810838e+00
2.475899909955742828e+00
4.286137755865312648e+00
2.396035280074618079e+00
3.490508564124697788e+00
2.878738340193972345e+00
3.426797156020117807e+00
3.884071865482749519e+00
3.979080174971767470e+00
3.626811599089628135e+00
2.821952778336433987e+00
1.946828238924311005e+00
3.859891733119005686e+00
2.280151717045247217e+00
4.649588905120629612e+00
3.473191867374814557e+00
1.449433354452368761e+00
1.556436002933395235e+00
3.429016367392511366e+00
4.682073315360392840e+00
4.587654277644627854e+00
3.381640659345788169e+00
3.527983252615263243e+00
2.139194608481534754e+00
3.639853413752435873e+00
4.085133265749192333e+00
3.985327605582818844e+00
2.747395315693721862e+00
4.106074448958397127e+00
3.385481253899818466e+00
3.736271090270045558e+00
3.237546320130245459e+00
3.618810455164958029e+00
3.098109256967113367e+00
3.426985382083850951e+00
4.662801701506268159e+00
2.877431571387768727e+00
1.068240250890433618e+00
3.659406003110047045e+00
4.292749432553552680e+00
3.441699262436616724e+00
2.807902225695074971e+00
2.850544002818032663e+00
2.936643354810840378e+00
3.451071389473107320e+00
3.186604966655145255e+00
3.668858290610176542e+00
3.679332851752028954e+00
3.344101266944065731e+00
4.370652032054501923e+00
1.733148209257662220e+00
3.074329103902743832e+00
4.078443315529039381e+00
4.172808122547329468e+00
4.448564165779937518e+00
3.422948974585262150e+00
3.915061222590946244e+00
3.632368065821226732e+00
4.716348496849630756e+00
3.985130125797854195e+00
2.836815465743825371e+00
1.534877911913198778e+00
4.664328738692076648e+00
4.300193645635915551e+00
3.031670210833270929e+00
1.776222307990387161e+00
2.980347652394962576e+00
2.532789249911524099e+00
4.470328610449870510e+00
3.906051936219990139e+00
4.306028690849593055e+00
2.761228405697484511e+00
4.865237312559037797e+00
3.397896685051205790e+00
2.930325340764710962e+00
4.986174095014451524e+00
3.498054523151140405e+00
3.763322480216597210e+00
2.419134446084751922e+00
4.050412319261109673e+00
2.350861642081671921e+00
3.484928110849663252e+00
1.797761036633830800e+00
3.245181097342594523e+00
5.045719653188694309e+00
5.455189549674218874e+00
2.575180469091398194e+00
1.848421275076999937e+00
4.507086988773409963e+00
3.202249544560829442e+00
3.822523553475925873e+00
4.195904627866362979e+00
2.037362932748642219e+00
3.571477556788507979e+00
5.052727311052720438e+00
4.209829130104322914e+00
2.882040818825536643e+00
3.649647573861773964e+00
2.455377968237550945e+00
4.665494708864985185e+00
3.576074675971571359e+00
2.796643688417944418e+00
2.899551992524661337e+00
5.075436678233518073e+00
3.871393438961025613e+00
2.806076073292061324e+00
4.276226325428263308e+00
3.775082066523046009e+00
3.805288832442987434e+00
3.083055662260081320e+00
3.241181750192560607e+00
3.344069708249253647e+00
5.035799913654881443e+00
3.642595575789263407e+00
2.474231969677698650e+00
3.426254422506792796e+00
3.556998295046286618e+00
4.420411056558940288e+00
2.898245851394793515e+00
3.501203502326119654e+00
3.624949116106433777e+00
1.615358348520346210e+00
4.768145911535768278e+00
4.205344910230840227e+00
2.838599172054348863e+00
1.848356066537582443e+00
3.705141964941657928e+00
3.155903171512254080e+00
3.476434603500611953e+00
3.234284519245556933e+00
3.370679653300624246e+00
3.473554177208120652e+00
3.147350880784571370e+00
3.670313302640404451e+00
4.834114101235110539e+00
8.578055154478054778e-01
2.710123367693304530e+00
3.004474823874886624e+00
3.031787948432779878e+00
3.123367720254188740e+00
4.411425616500580738e+00
3.459988710512563959e+00
1.767493502131280980e+00
2.823168429829743697e+00
3.594749590697717601e+00
2.839692408460981365e+00
2.584824067000291770e+00
3.566024380693833873e+00
3.142377868513988481e+00
3.584860158913189654e+00
3.137627938011734230e+00
3.304117358933720272e+00
3.184483556217219125e+00
3.079341942520765318e+00
3.908398216827785987e+00
4.509496363181815681e+00
1.016460148496765470e+00
3.628709259443831936e+00
2.948025829553960531e+00
3.521537255483124351e+00
4.097084750387448793e+00
3.008152129225244664e+00
4.822829673036793885e+00
5.270690205035479359e+00
3.220636461911798420e+00
4.336498174724540355e+00
4.079444440976993214e+00
3.193875887608700115e+00
3.861675133819514993e+00
2.946189739599634372e+00
2.243785805630285513e+00
3.884611628710312292e+00
4.728018908349849170e+00
4.195075153824862291e+00
3.326153570755664646e+00
3.928987675014272707e+00
3.421032546618620884e+00
3.847471865503624855e+00
4.488161104815188374e+00
1.282328382847207848e+00
1.272234970074065386e+00
1.832937775710443473e+00
1.792811886560815360e+00
2.991274369122166821e+00
4.672332956032587248e+00
4.525332830959516883e+00
2.422224156402720041e+00
3.612153692805206262e+00
3.062368438265966386e+00
4.122747376499392935e+00
3.399432253897589185e+00
2.955957677112919679e+00
4.030730506075174802e+00
4.162008314910647933e+00
3.385764719418296487e+00
3.866386187130761876e+00
3.667712379012050494e+00
3.348436476782533866e+00
5.069991608158989749e+00
4.985747659774813378e+00
3.734510517239238325e+00
3.728890476964766165e+00
2.715060163618887135e+00
3.225544944098127864e+00
3.503922329148745796e+00
3.793928504011251590e+00
1.019036450677455630e+00
4.162667100609450443e+00
3.817905632922055315e+00
2.894107595750444073e+00
4.387198180967798677e+00
2.868794968871439810e+00
3.479011005332671935e+00
4.001194565515793222e+00
3.645067397700087142e+00
1.311555423047895852e+00
3.144039864256549244e+00
4.403238540866823314e+00
2.966112577304355291e+00
4.731260853547804679e+00
4.438816974248381619e+00
3.020130015727860773e+00
2.626034168294373305e+00
3.836913332428684598e+00
3.147712569445106467e+00
3.886342718809927987e+00
3.922813389931549377e+00
3.391657967767208959e+00
1.287478559087092078e+00
1.495201788499135764e+00
4.683166311001448534e+00
3.284075477478313854e+00
3.756207651618594490e+00
5.852355475595294010e+00
4.053386185811319820e+00
1.883750928223987708e+00
3.728759006773970430e+00
4.317494832575066610e+00
2.123505666851513318e+00
4.692219983650586457e+00
3.279348872039662410e+00
3.374376589615359912e+00
3.608622631825518123e+00
3.034782170063587081e+00
3.862207070239856321e+00
4.580400334531458562e+00
4.077837613006904505e+00
3.879198299921263970e+00
4.420126934482524028e+00
4.265906781858348928e+00
4.495416486075668239e+00
4.366687324626513877e+00
3.042613677218874990e+00
4.407569322834254955e+00
2.854083055370528310e+00
3.172823840309216159e+00
3.575680516027658129e+00
2.123258561583722059e+00
4.442246405619166616e+00
1.107036294313961555e+00
1.991222927079510763e+00
2.471470004829892542e+00
3.221431410713692323e+00
4.727194651574150974e+00
2.695087607342593561e+00
3.050142761759881971e+00
3.730290569395057876e+00
2.819674197225708667e+00
3.219079758442419337e+00
5.083461313361611111e+00
2.906038699988236385e+00
2.772586261385785456e+00
3.761484567520981592e+00
5.118792396813686807e+00
3.721830756474349577e+00
2.304350881303110832e+00
3.335740107877679606e+00
1.946079953327767287e+00
2.852935584551304693e+00
4.775812498806425666e+00
1.049329727286032243e+00
3.691289551663570645e+00
3.241491726861258194e+00
3.322452778799595663e+00
3.927423346925745129e+00
3.567672298911974238e+00
1.918908558441006162e+00
3.266079774160115967e+00
3.305909709972606247e+00
1.933738599013255621e+00
3.014488585004381438e+00
4.171362882339476386e+00
1.642388273405697152e+00
3.316568369802767702e+00
1.350365444656010272e+00
3.263968417344002670e+00
3.927579350175107731e+00
4.128094028246495739e+00
1.818723536064889235e+00
2.877970604593062198e+00
2.045467419034804113e+00
4.000542535459188365e+00
4.810043742036326009e+00
2.853623136635381918e+00
4.356971917258293914e+00
2.952391926231636710e+00
3.708872391470572349e+00
3.146463595605945240e+00
2.185427087306959226e+00
2.920930143982706451e+00
4.077419637698523225e+00
3.700449028390371264e+00
3.013902788088368645e+00
1.102760573660145793e+00
4.475163556488740646e+00
1.054135201689651913e+00
3.767535824820468893e+00
1.220627532695107487e+00
4.642230108317677129e+00
4.228391595896725086e+00
4.354089242926575842e+00
3.658526211729796973e+00
3.712508791266034613e+00
4.542102897318174293e+00
3.914209931310275170e+00
3.562856654911901622e+00
2.755995362118954795e+00
3.985789589955335721e+00
4.859412581099245898e+00
4.605407226453205993e+00
2.930807850290238825e+00
1.711025949131351087e+00
3.409626233375055104e+00
6.127532518340650824e+00
1.547990274940233224e+00
1.208251619592491499e+00
3.877818544204964635e+00
5.193465546518169162e+00
2.670844578540688463e+00
4.809346992479227367e+00
4.890043276924089355e+00
2.302271094583471012e+00
2.212066907405734195e+00
3.180529544821048216e+00
1.016563742799701631e+00
3.588203309676397890e+00
4.797584596226260878e+00
2.294709603113764373e+00
2.920573608133397947e+00
3.606017079078814636e+00
1.291909290231351815e+00
4.760037958952689330e+00
1.100681453134781940e+00
4.048249599337182758e+00
4.033710317363145670e+00
4.486348317351176007e+00
3.713616014918421637e+00
3.493690637025413714e+00
3.260879947200105100e+00
3.619399906030407177e+00
3.888444240985410083e+00
4.973276611444998885e+00
2.591349219280468574e+00
2.930823113642558653e+00
4.100190597638382783e+00
1.104067166932421573e+00
1.983470096264926319e+00
3.006523943963336887e+00
3.509732254046969313e+00
2.206396433167993276e+00
2.874461976882432879e+00
4.433393636495488899e+00
3.553072208561248946e+00
2.318491183442660031e+00
4.553038804262315331e+00
3.007299711367184880e+00
3.428247646418274286e+00
3.133758448478314751e+00
3.860321474905216821e+00
3.049709028389482768e+00
3.278877757325793674e+00
3.842487199526501751e+00
3.703065062452566281e+00
3.807128859988317515e+00
3.817736118324561279e+00
2.977561602691195297e+00
3.652075202696824618e+00
4.821818223289541905e+00
2.711634985388764463e+00
3.677891398012711477e+00
4.052137946517477829e+00
3.378516770121284818e+00
4.294802701264577749e+00
1.157058138177027296e+00
2.031157460536898718e+00
3.285905662483092904e+00
5.156475978412506933e+00
3.177153057909796630e+00
3.575341844280632397e+00
4.905470564219606366e+00
3.562411395419478044e+00
3.498019157763060161e+00
5.119226446161013300e+00
3.172385703724336814e+00
4.251208873357725793e+00
2.717480157810947095e+00
3.488427385508595879e+00
4.287068279004418336e+00
4.007574544718734977e+00
3.318722656750100697e+00
4.314883378276942238e+00
4.835238178210310878e+00
5.301850206319616454e+00
2.958485757271991812e+00
5.694526821995668620e+00
4.771093248416471866e+00
3.303810111884441181e+00
4.158887498241519154e+00
4.556006706388161298e+00
3.270769685861272702e+00
5.073671011605753733e+00
1.540770543833656525e+00
3.276447991436556961e+00
2.236534672761880671e+00
3.432925132710936911e+00
4.333787002332546656e+00
3.644531137537210697e+00
4.959216058673730387e+00
5.591411096341560860e-01
3.562209005461471012e+00
3.233986934733547258e+00
3.418864846837952332e+00
3.562806698492091417e+00
3.064314442832292151e+00
2.941519974489012146e+00
1.233876214611548061e+00
4.030972686946638461e+00
3.765876911389844928e+00
3.594828313413069854e+00
4.224628916031316628e+00
3.037785731202969242e+00
3.479397172779600034e+00
2.518078872682806946e+00
3.950853430679209133e+00
4.069687972071811544e+00
3.703922758472473209e+00
3.325487101765718823e+00
3.783324310680296065e+00
2.720970518270017457e+00
3.568056228375592109e+00
3.464234832150709487e+00
3.068544709647967661e+00
3.262416703178777855e+00
3.866181178384063610e+00
1.725935833836218736e+00
3.609613897668170868e+00
3.482402818338099948e+00
3.990961625145584613e+00
4.093976314569120589e+00
4.175005387684890046e+00
3.228829772479351767e+00
3.959946022243217456e+00
4.547681092159165495e+00
2.973672298543431847e+00
3.723696690328064829e+00
3.713361692074539810e+00
3.444655775277515097e+00
3.460337063275670033e+00
3.369472257220063494e+00
3.362425625550316877e+00
3.675792145473876893e+00
2.839276704577781363e+00
3.431518896035975708e+00
3.876045681871516546e+00
1.621364683342089164e+00
1.059006116171065770e+00
2.963489228126250374e+00
5.103990422384377723e+00
5.570806505365983874e+00
3.493907775784686809e+00
2.934096248243026839e+00
1.748040466175977636e+00
3.154491968952599645e+00
2.747684223615318722e+00
2.885042377706608985e+00
4.145126359369351476e+00
2.933361569500446464e+00
4.793885396644564700e+00
3.447961955120860011e+00
2.377696040469160277e+00
4.799547741925616506e+00
4.420748868528289854e+00
2.654446355238598176e+00
3.321435532492600373e+00
5.122222925363725921e+00
5.017158633842420556e+00
3.246490643126441533e+00
2.247347300795689229e+00
5.328373028670658762e+00
4.021735779176919934e+00
4.776795102785070135e+00
3.741686487401465921e+00
2.808911534045691827e+00
3.868764954393134836e+00
3.414419744651854494e+00
2.845854507580123371e+00
3.281826538975891161e+00
3.660468498721525688e+00
4.025124873113409940e+00
1.629557918151476326e+00
4.308094741542159767e+00
3.178978643522967662e+00
2.955033114308591724e+00
5.139976900013808248e+00
4.708961286230422871e+00
3.498128677624434690e+00
4.011533429681802154e+00
2.646154967317708717e+00
3.632436145932584459e+00
3.970933232176643291e+00
1.018080738010222364e+00
3.395357418510496661e+00
4.079397565256120295e+00
2.504157257138299286e+00
3.064198576055012779e+00
1.430841454553476666e+00
2.424812225499667573e+00
3.035398728610685382e+00
1.876763328358842076e+00
3.425535001921604650e+00
3.295833128911347387e+00
3.068546955962810241e+00
3.449256465056798060e+00
3.250962443860279993e+00
2.750052066843004628e+00
3.054824829766037642e+00
3.006686421206973936e+00
3.385292196035293077e+00
3.848757186763978488e+00
3.288896670470838668e+00
3.191955420967370838e+00
3.181898179700746176e+00
2.472653325097792010e+00
3.024490154138104625e+00
1.309340996887360165e+00
2.766333899935926599e+00
3.120969077897810973e+00
2.972891598968795623e+00
3.397005218767541468e+00
3.414771908104480058e+00
3.220458342323301526e+00
2.410470858776126768e+00
3.283892980378208204e+00
3.069261812238930798e+00
1.795579674412147053e+00
3.079636410032348781e+00
2.843099928158446144e+00
2.804246607614664821e+00
2.842974584103757696e+00
3.303004947583448647e+00
2.375386231052343255e+00
3.183328468761253749e+00
3.878229618119259037e+00
2.967781969940818776e+00
3.035315107671445745e+00
2.896201936771212182e+00
2.648956616896930516e+00
3.227761632192999830e+00
3.532988439183322171e+00
9.638442605476295055e-01
3.722480539878554318e+00
3.965123950377424489e+00
3.760984330989570967e+00
5.282167558588368728e+00
2.578005442625614041e+00
3.447215416444862957e+00
3.742078064757628830e+00
1.845235751369714405e+00
3.300802748467770442e+00
5.182123711059793081e+00
3.245454092269540514e+00
3.389985373656553502e+00
3.983663497295489631e+00
3.688664438714567950e+00
3.895226748964258690e+00
3.296716872264668474e+00
3.521641819099447623e+00
5.011662951928442133e+00
3.664042098979987117e+00
3.757000528603473555e+00
2.838723397287841177e+00
3.632478492984881235e+00
3.044337999540750239e+00
3.826445337697740534e+00
4.398557176945255165e+00
1.020079421516581375e+00
2.692645335113023730e+00
2.992093264017133158e+00
3.647129947841994735e+00
3.602062490339587697e+00
1.072435260844793792e+00
2.513697787245820603e+00
5.014627926575887074e+00
1.848931412945704622e+00
3.081832327212600919e+00
3.667537134328390902e+00
3.307433354505855405e+00
3.429559697876536806e+00
3.763703986677523261e+00
3.372575806006945509e+00
3.632738061927053952e+00
3.863461162399674187e+00
3.508640259541307316e+00
3.590090636363723497e+00
3.573737335950918137e+00
4.057293521907852529e+00
4.136834008795949202e+00
2.734346106715743296e+00
4.103014739360259178e+00
3.849627724554526065e+00
3.449120036329970329e+00
3.542241415734542098e+00
4.747064676235152270e+00
3.309877756631105949e+00
2.728530813739306726e+00
4.106144976489760623e+00
4.302420473613252305e+00
3.025583278901753381e+00
3.226633230793502616e+00
3.470655282012950593e+00
3.266727050900782192e+00
3.196218306214480886e+00
4.043367287367648721e+00
3.706421394938021585e+00
3.840028286410700709e+00
3.324675440709512486e+00
2.720813099643266231e+00
3.500388833389572962e+00
3.159424600001479178e+00
3.002461817226719898e+00
1.685067886544555860e+00
3.592350428959752318e+00
2.102842620221884395e+00
3.594172365181468098e+00
2.089993745714890494e+00
3.160167964455294243e+00
2.408096012550580589e+00
3.537079926888206050e+00
2.901612783809268681e+00
3.329619908720837351e+00
3.310156379600663445e+00
3.898167068119752443e+00
9.880559401160702304e-01
3.267574572667780064e+00
3.903866708512789607e+00
3.278431273521108302e+00
3.511067680620270082e+00
3.980798006064994787e+00
3.970801297099376015e+00
3.505966590252336701e+00
3.817133612226105033e+00
2.601269420531070686e+00
5.162454129539799652e+00
4.466571957304303453e+00
2.737357647171546837e+00
3.928146861467676665e+00
3.806434229659151569e+00
2.738152037964758811e+00
3.010184444988571517e+00
2.422435716059565092e+00
2.632553848159681742e+00
4.592074992894905172e+00
4.170487605143295085e+00
3.732961783191438787e+00
3.067031426502285552e+00
3.812433307705529018e+00
1.985506251566629299e+00
3.742497145177777540e+00
3.833212185761225133e+00
3.826006757841754258e+00
3.371929413727199343e+00
2.349286746464079201e+00
3.575999392906579200e+00
1.431430107745471636e+00
5.463232816843207829e+00
3.306502703606250204e+00
4.471660896970209187e+00
4.193579921180745629e+00
8.022191543558848670e-01
2.875318738564964782e+00
4.809910245313116839e+00
2.717973613259060173e+00
3.660853679881439060e+00
3.625447582259803347e+00
4.124511194335887865e+00
3.948480688498974267e+00
2.834882305339769815e+00
3.861631273029239253e+00
3.313757210414661536e+00
3.530964450167597857e+00
3.971541030440758124e+00
5.086711027902849125e+00
3.553656466431653893e+00
3.712950421876885621e+00
3.656626662896843349e+00
2.209802927064934863e+00
3.312385348601623924e+00
3.950468465777864147e+00
3.201654839995818680e+00
3.897157903803087908e+00
3.076572426946963645e+00
3.889857802699210776e+00
3.897012569498450318e+00
3.431041927757474408e+00
4.544640357025522270e+00
3.447673937440258296e+00
2.710673337551982254e+00
3.700721792244900499e+00
3.593058868372075665e+00
1.612074269344972555e+00
3.166460352605308781e+00
2.887676892414949847e+00
3.843908674312756624e+00
3.478810231972668809e+00
3.915388987766030837e+00
3.972555826065899520e+00
2.187499525095599751e+00
4.492959901967187086e+00
5.529697101037744034e+00
1.004657624664325066e+00
3.599433633980785530e+00
3.662755174240873490e+00
3.589751488546909286e+00
4.150791443248788681e+00
4.570041160558836246e+00
3.845744020427324106e+00
3.305988801147173639e+00
3.597549555958060807e+00
3.221513428558221204e+00
3.562472373987103147e+00
3.587035130669751659e+00
3.239176014932656056e+00
3.826272884779969186e+00
3.252988850621733263e+00
2.898323805086073790e+00
4.312453738546447646e+00
4.163767568679757503e+00
4.096146520715604922e+00
3.031813023484188019e+00
3.847869766080997955e+00
1.820588290049668823e+00
3.577037427714527151e+00
3.135579045058446201e+00
4.574445339744382721e+00
3.348557411909137915e+00
4.162683636910493590e+00
1.245642907374177710e+00
2.886414005643451741e+00
3.166817148697324669e+00
5.557537170202074606e+00
2.819713419117006570e+00
2.774404874158932000e+00
1.541117616996687367e+00
4.753491974674397547e+00
2.972929525641085924e+00
4.110518159431501672e+00
2.972547848273717985e+00
2.821348472515224692e+00
3.209320918146710166e+00
3.837626736122234927e+00
3.222137403623067442e+00
3.514127330231074264e+00
2.971597076652828129e+00
2.965184105618264176e+00
2.847744744611645284e+00
3.046028027263226967e+00
4.456234779490613640e+00
3.176645140242990717e+00
3.107910869576814061e+00
3.009519665738829453e+00
3.768070251565523332e+00
2.869449900710673518e+00
3.469656095729213519e+00
3.215344587717211322e+00
2.056172670541674741e+00
2.878851319510349782e+00
4.445677600866153156e+00
4.788754134901745729e+00
9.634446860708232308e-01
3.375165709935489033e+00
4.384023817339830487e+00
2.470819873615938800e+00
3.383178320794142824e+00
2.780326413432384403e+00
2.580690851210293069e+00
1.738499988979904876e+00
3.134603430150553649e+00
3.223269539611270496e+00
3.132183171511908615e+00
2.364194950144340890e+00
2.450627253757134305e+00
2.694185868303493603e+00
3.008517831605333370e+00
3.717199634224167770e+00
2.480540245133281640e+00
2.128095677412922715e+00
1.652781682144364606e+00
3.040414230563242892e+00
3.135784458724833357e+00
2.250850973679489275e+00
5.070469243952899774e+00
8.796745776774012038e-01
2.168074854537627161e+00
3.242711886745165639e+00
2.957985241463561898e+00
2.583073235879614682e+00
2.886417451709313742e+00
3.144487035460377111e+00
2.180226435462996992e+00
2.310019058412169368e+00
3.069296138982742228e+00
2.386271290869602435e+00
2.888938108147793837e+00
3.489409009532148609e+00
2.767888595454733647e+00
2.943399244235624046e+00
2.511457020260852158e+00
2.734805279318512472e+00
3.069093493950776352e+00
3.362549032056146636e+00
2.648765155022297257e+00
2.807005311947043946e+00
3.704671717164283340e+00
3.050066299158456840e+00
2.253102662048762639e+00
2.640959831961299464e+00
3.597312221913949504e+00
2.239652248759554265e+00
2.766949065567514854e+00
2.974805420234410303e+00
2.636234808802178087e+00
3.331288235863169245e+00
2.471152336522906889e+00
2.836676649603337097e+00
2.397222376639362995e+00
3.330559487160983156e+00
2.939906711648383464e+00
2.832201909716906663e+00
3.046675286117500381e+00
3.623173497706138946e+00
1.570380341686646641e+00
3.028876957926807556e+00
8.005647408776277452e-01
3.652374583699615762e+00
3.744052891234224578e+00
3.039780500225978788e+00
3.686781673423931593e+00
3.428743081391330882e+00
2.943331087407693225e+00
5.070482649238908124e+00
2.850570011840275697e+00
3.304227347378327018e+00
4.823961632848001280e+00
2.920626261384042799e+00
3.159627306079453302e+00
3.503521612540731578e+00
4.108864102152880449e+00
1.656403685250409819e+00
4.143597574039569409e+00
3.834150867649298355e+00
3.659153123781159422e+00
2.981997498741787656e+00
3.865886135196027862e+00
3.374222497657568542e+00
3.919769960356255023e+00
4.043282970842501101e+00
4.080884771478299200e+00
1.697231523378175844e+00
3.702308592723645209e+00
3.816038041789505453e+00
1.379303600079363035e+00
4.526938408457402474e+00
5.064625735897830161e+00
3.476192058358870796e+00
3.169010623734440202e+00
3.526037854920679671e+00
3.307671426255823555e+00
4.536608762343172785e+00
4.549326479049688565e+00
2.957563692728029991e+00
5.098141252956364333e+00
4.107879096530542284e+00
3.669070353122206196e+00
3.813601412319538309e+00
4.054518780786890986e+00
2.092395107629197337e+00
2.254083733054246697e+00
4.834024444707347712e+00
4.174911049291441856e+00
2.201949760000206702e+00
3.665001773077277925e+00
1.585472589053747550e+00
2.844125328509493844e+00
4.016410042004264547e+00
4.164680598720228666e+00
3.845399861323159030e+00
3.241751555504543969e+00
3.701877358183385258e+00
2.766067011893909910e+00
3.312573820327483709e+00
3.270580520082579934e+00
3.649020243861579527e+00
2.585776987320357989e+00
1.037544374512084477e+00
3.668307174405051274e+00
3.233954721177525471e+00
3.421281822384982352e+00
3.473338706108496154e+00
3.144084995224533774e+00
3.362391367314574442e+00
3.783406281127374093e+00
3.513967812354703124e+00
3.460570129118360150e+00
1.386559137462579638e+00
2.736811976222435661e+00
2.551474360569387922e+00
3.151148018049522381e+00
4.527020154402491059e+00
3.156795574469771992e+00
1.895088996742455123e+00
3.902665294911275673e+00
3.691245976626852610e+00
1.035235600076739315e+00
4.228781179873318585e+00
3.360188919164257548e+00
2.879127842503550916e+00
3.547293641804398323e+00
2.844386825621650239e+00
3.683549174029187245e+00
2.882896803034835198e+00
3.829903411913701206e+00
2.879344180648123253e+00
3.538640807602280169e+00
3.376445560048575434e+00
2.818074857543597656e+00
3.551649700272653476e+00
5.362031348130781971e+00
4.179364663899118426e+00
4.845990675456181229e+00
3.224876172702299204e+00
3.265948058235767615e+00
3.014625867979536800e+00
4.377763372330857550e+00
3.688221147383793141e+00
3.940135390629567524e+00
4.721106546422931594e+00
8.883450724551427147e-01
2.193932450390147615e+00
4.047948096833056120e+00
3.618248421549878024e+00
4.315865583046337939e+00
5.189595597745783273e+00
4.217856159790644099e+00
3.520211470652805374e+00
3.038190733257470022e+00
4.813680935770396019e+00
1.304535312983019946e+00
3.931091022930950807e+00
2.169487456322194419e+00
4.072166353423919638e+00
4.136739797166290700e+00
2.471669520520186403e+00
3.015227901547103517e+00
3.572795459736362922e+00
3.515591204058178931e+00
3.652432813037120862e+00
1.930927372008486298e+00
3.661705855506163232e+00
5.259277781498605364e+00
1.211518725909684235e+00
1.684730308766510642e+00
1.247329645718378899e+00
4.112426514340337569e+00
2.913751886276326086e+00
4.079845685157262203e+00
2.556079111338354082e+00
3.566587284855905260e+00
3.316581963907912378e+00
4.881220113360917878e+00
1.597379076086843597e+00
4.374452979009204157e+00
4.505312453524848770e+00
3.578469487542951022e+00
4.532763425745733876e+00
3.649059655054907481e+00
2.417385725794340079e+00
3.342345299534455361e+00
3.882790339775674671e+00
3.528644201779411294e+00
3.318440877754726959e+00
3.521733204293467256e+00
1.727273771138367664e+00
3.549732446424928245e+00
3.795100029606219394e+00
3.355052315592323531e+00
4.301688824720445226e+00
3.133353504363711739e+00
4.377461305273985026e+00
3.600946932948937640e+00
3.917867557980023729e+00
3.226295384012836553e+00
3.603413835344195348e+00
1.221010138861603034e+00
4.280479569996103351e+00
4.411096237143222965e+00
5.619125488679077129e+00
3.054411206203447637e+00
3.214344203513329390e+00
3.705432144077837719e+00
2.811086582489071173e+00
2.688139907771863957e+00
4.121738392315681843e+00
3.807779488885521424e+00
2.968218048898505934e+00
4.683484963635679676e+00
2.523692408599697234e+00
1.751972289244383640e+00
2.717039406880646268e+00
2.441115105511632688e+00
4.804075233097298003e+00
2.335796905693065195e+00
5.184646051306427417e+00
4.458435242281853839e+00
3.823041192898660956e+00
3.767543717157076699e+00
2.332484845111478133e+00
3.693157006063641390e+00
3.896376813849729892e+00
4.815826642045035300e+00
2.200894031836789555e+00
3.109736636207790283e+00
4.115420246177956543e+00
3.225089867288303491e+00
2.503077178502301603e+00
4.833375139111367957e+00
2.198878100676435743e+00
3.733823975148418128e+00
4.098909509726934353e+00
3.710788898585323459e+00
1.808176220275370394e+00
3.635208009798423845e+00
4.206057727728863327e+00
4.585274723430840638e+00
3.386125948389629770e+00
4.515192088070336673e+00
3.625076325981535952e+00
3.834959558033369298e+00
4.742839474616536322e+00
3.096730704305703963e+00
3.155896397398304298e+00
3.858903438014205989e+00
4.305530665956919911e+00
3.567331191724983253e+00
1.208305835551995111e+00
3.699312661978438221e+00
3.552148700251047231e+00
4.604347274093369968e+00
3.457997152044807621e+00
1.304095200955257106e+00
2.794173242712196803e+00
4.207101792093562054e+00
4.172946947054826161e+00
3.280898960272318643e+00
2.699723993136389666e+00
4.352539985783718812e+00
4.011345210650874904e+00
4.423865752460825362e+00
3.346542052329846584e+00
1.372716028358168749e+00
3.365315158385739913e+00
3.848308182930014532e+00
3.870169011234859013e+00
1.272316910787527178e+00
1.627310031575023297e+00
4.508353113517100219e+00
2.852694059172951047e+00
3.093981759847836521e+00
3.520859725307208699e+00
5.570388029915223527e+00
3.173254662269909598e+00
4.525774855026925891e+00
3.681942247015890679e+00
4.747231760466475770e+00
3.852297010177791137e+00
9.941000360276782688e-01
3.918234301580529433e+00
5.836219998082009530e-01
3.110630386001977055e+00
3.275837764278402009e+00
4.490605365844795749e+00
3.636048416252746662e+00
2.282685217428045199e+00
4.561527922273462821e+00
3.977426222684182111e+00
3.610536468139065924e+00
3.716641092432461324e+00
3.574471252291456125e+00
2.621715920876456885e+00
3.135821598519650699e+00
4.194451800919042128e+00
2.698601216495166710e+00
3.892015121102250230e+00
3.851466325851728545e+00
3.572405943898951275e+00
3.291424210807271766e+00
4.836867984328598880e+00
3.147368040847378090e+00
2.709889555433959707e+00
7.006808504354526956e-01
3.263685101669418831e+00
2.547114409401953328e+00
4.495790634887446124e+00
3.150489505476728791e+00
3.452159145369057214e+00
4.384484466392523316e+00
3.910121712662734339e+00
3.005672621669015054e+00
3.912051605171543933e+00
2.780729976022429994e+00
3.444973211658757695e+00
3.449401012861228466e+00
4.240879256704888078e+00
3.068630814077770275e+00
1.182009339577063667e+00
4.762034260769021365e+00
2.891897764580392938e+00
3.337807793497192144e+00
4.543446405734218985e+00
3.112653131746431878e+00
1.058425717899856400e+00
4.305706284096935121e+00
3.661477643517458525e+00
3.362585009549175830e+00
5.063308457779112537e+00
3.049106766917089928e+00
3.588377185539604497e+00
2.037383766275657315e+00
3.126891654089160699e+00
3.599816402753482247e+00
2.890224933921260675e+00
3.434888336655439023e+00
3.433406457155452784e+00
2.521103819747700481e+00
3.374469255948405522e+00
4.600158821297618772e+00
2.861872095439636610e+00
3.317286149923531546e+00
2.590627374277419737e+00
2.930604740116551810e+00
2.839758091306237020e+00
4.111264987015617045e+00
2.601567398604457626e+00
3.462350858700955047e+00
5.196547271210728347e+00
3.083017382881985569e+00
3.428243969019740156e+00
4.064245215954213286e+00
3.028201610634370766e+00
3.474714528462432561e+00
4.051854973008666150e+00
4.462103497410592645e+00
1.073019493643462274e+00
3.443996850405415699e+00
3.436742109836981918e+00
2.562470653327686421e+00
4.229653789774184602e+00
4.025656996100003049e+00
4.695744047673537480e+00
3.676178904415031479e+00
4.725020712465711092e+00
3.835258423095678104e+00
3.875245897111473159e+00
1.619128889803339577e+00
4.086814843770592454e+00
3.230632436107457206e+00
4.673120833760362025e+00
3.841994160135178138e+00
4.296425513097585025e+00
3.055745348890571922e+00
2.700474231213822573e+00
3.659530565169834215e+00
2.826513454621399468e+00
3.903253715782572630e+00
4.139801703508321218e+00
6.031223402271922218e+00
3.957213095750462983e+00
3.540844027620584811e+00
4.108774243996051290e+00
3.108109683724420869e+00
3.837805620747742452e+00
3.076581229259232497e+00
3.758141138735392239e+00
2.743583795556576277e+00
3.717241358991745237e+00
4.048953002019293201e+00
2.828185481893856767e+00
2.764874397837932207e+00
3.698470451767395861e+00
2.906801149460738198e+00
3.314743517549137319e+00
2.180750373667845743e+00
3.302203388897085645e+00
4.073147385721176406e+00
3.901909963249690527e+00
3.807097585327141154e+00
3.758633289333364935e+00
1.100816646038460078e+00
3.201250227183011443e+00
2.113030388383210667e+00
3.413639410536052132e+00
4.078670865930670963e+00
3.012773597155244065e+00
3.305882794635491173e+00
2.768844825592321701e+00
2.602378887572942112e+00
3.867681600581470036e+00
2.811677553790291828e+00
3.418103680639446029e+00
3.421799661070545895e+00
3.434515544779844110e+00
3.722857410270195899e+00
4.124836396619780743e+00
3.103752755176687916e+00
3.064588693282189968e+00
2.691852294502483200e+00
5.220039958973399230e+00
4.982480168008210919e-01
2.943247638134275590e+00
3.368988370116555497e+00
3.725231115132398685e+00
5.047596499991989560e+00
3.118318518005123163e+00
4.900006678020028872e+00
1.801521010188672056e+00
3.549097957062818942e+00
4.235072079668730005e+00
2.891917675756827233e+00
3.426070075926940905e+00
4.709873498580638085e+00
3.897768914035780519e+00
3.233641381007851479e+00
3.387080877369675669e+00
4.683815070364203414e+00
3.549910924344433560e+00
2.330830387806954729e+00
3.896973352312934402e+00
4.481862399438839795e+00
3.066762525751316026e+00
3.822582350468586299e+00
3.534805919216724046e+00
4.594111616810864440e+00
3.137936917887934829e+00
4.979102185541530723e+00
3.201258026620671604e+00
2.767850666556054939e+00
3.777987676901025438e+00
2.459986975761134786e+00
1.377995951796990415e+00
3.509455527187389734e+00
2.033872351325749062e+00
3.988008230170213775e+00
1.132930500353231285e+00
4.527456652078464039e+00
3.820843268507416735e+00
3.685668440884102726e+00
1.811882185235176967e+00
3.324874145930680758e+00
5.230004086814524555e+00
2.968920116062899517e+00
2.750232488744531523e+00
3.763401008286222371e+00
3.267709821387369207e+00
2.371089192194499429e+00
3.569059781960709721e+00
3.097665172728644389e+00
3.053137531320930353e+00
4.057870470592446210e+00
3.769684969930240381e+00
3.291878510803091018e+00
3.923585276758369655e+00
3.799368707622417407e+00
3.329226021476445307e+00
4.892745606361720512e+00
1.180015453874562636e+00
2.845868900347923169e+00
2.916132627189274906e+00
6.327019933243541061e+00
2.705224199526357953e+00
3.619620448660969103e+00
5.102401082194574222e+00
3.746222392786155098e+00
4.096638840587091934e+00
4.045275405452339434e+00
1.030512032308315895e+00
1.917781841283955568e+00
5.126842648129732005e+00
4.056024842254755569e+00
3.770726108848448277e+00
3.899622401080349299e+00
2.936637883759988021e+00
3.909931476010574336e+00
2.331303670731077915e+00
4.022431762889532081e+00
2.908607948802818477e+00
3.241443947110797641e+00
3.257387136359702673e+00
2.945622123180783536e+00
3.309080016506957822e+00
4.080517196306788108e+00
2.472372073359341726e+00
4.647501300690738191e+00
4.027623832280084137e+00
3.332570087517017665e+00
3.191734531013966869e+00
3.890404728574769599e+00
2.982311782823623414e+00
4.292548631112214963e+00
3.215790915728649502e+00
3.224145764758500565e+00
4.580478089007961273e+00
2.725861604050818787e+00
2.892253328751789088e+00
4.446596051708981534e+00
4.040064696824617663e+00
3.152753808046129702e+00
4.889943089186514769e+00
9.902751937112911351e-01
2.932566982357854624e+00
3.324581240156039286e+00
3.487590991361463111e+00
3.308156892530348170e+00
2.555798536644647623e+00
3.553029984472242830e+00
2.852770451395454376e+00
1.837849221224981289e+00
5.240049053921215894e+00
2.723446276001914246e+00
4.281227024311715645e+00
3.924355309627883148e+00
2.518257681904009448e+00
2.324440830613375031e+00
4.988645927777517919e+00
3.164136289507843536e+00
2.418101792100106451e+00
2.763941966767743619e+00
1.317429251384359734e+00
3.510804374171750730e+00
3.026086876606471243e+00
4.647363444678639155e+00
3.627138582282017243e+00
3.064517899225522868e+00
2.489658763283649989e+00
4.423459534460117304e+00
2.535879950555308682e+00
3.399096224883138451e+00
3.422362628059670175e+00
4.198470981779371947e+00
3.416734529381817431e+00
1.980433161172467038e+00
3.128613564751843157e+00
3.507121651544207186e+00
4.210598652923587260e+00
3.036365866990275997e+00
3.312263983128085343e+00
3.443888553243325656e+00
3.003865773001475059e+00
4.406161963672467152e+00
2.466519435534011873e+00
2.709036480186180817e+00
4.242263290996815428e+00
3.769321350851834396e+00
2.042416434759151578e+00
3.171825922065506731e+00
2.188560123709724081e+00
2.894976505518987331e+00
2.462387934399423717e+00
3.212186652570923062e+00
3.297735645417214645e+00
3.508479909086160475e+00
2.870901533642551406e+00
3.419582752918230106e+00
3.024625786145176409e+00
3.279937986954534868e+00
4.467378917711794628e+00
9.561819223289659275e-01
4.724984249449076579e+00
3.532808118424856314e+00
2.529749282072720096e+00
1.849812851182545570e+00
3.116790228544266572e+00
4.486627296392275532e+00
9.937924815057760375e-01
3.850383793188691950e+00
4.087400537468266926e+00
4.393367006912870742e+00
3.843407619281160148e+00
3.420801845079546766e+00
2.572817418889424612e+00
3.974593904625337792e+00
3.635195678322459933e+00
3.424633127094676155e+00
2.903930354287978854e+00
2.659412629136281403e+00
4.436589446217753974e+00
2.901871475676502499e+00
4.113913832146754324e+00
3.880574041187418111e+00
3.101214409229322122e+00
4.471750972555176062e+00
5.870189922507458746e+00
3.062734724249760010e+00
2.802722867788369321e+00
4.981348772125939739e+00
2.498096589149982893e+00
4.416183982900468763e+00
5.314681628208273168e+00
2.996139159083618608e+00
4.814796631714838959e+00
4.345915996869292641e+00
4.363621814523733100e+00
3.257868363666441169e+00
3.770787329011386468e+00
4.117650286940455651e+00
3.285232276107922456e+00
2.969799257505501444e+00
1.639847116462811005e+00
2.303791183823861388e+00
2.795527025346641103e+00
3.251951004654517252e+00
3.824707868587873705e+00
3.914516045473123373e+00
4.609869289916785462e+00
3.499528021827381430e+00
2.812691734888951522e+00
4.817620156856979641e+00
3.686769716228437854e+00
3.305487211605307785e+00
3.490265164885630877e+00
3.902697945974866744e+00
3.207489467271364525e+00
3.245187180394262683e+00
4.257990473482313298e+00
2.821616995084005541e+00
4.298748799631403550e+00
5.101123981534638752e+00
3.059706609841157388e+00
3.852887281793628382e+00
3.807647880041688637e+00
3.232484733814763533e+00
2.685259054427774572e+00
2.271596676540001525e+00
3.785010890442744191e+00
3.836386868032604536e+00
1.492755724887160573e+00
3.519991450511264386e+00
5.356193475792986547e+00
2.649884230481857728e+00
3.506170512578364207e+00
3.445756361952664548e+00
3.005216894543689676e+00
3.556137858799101714e+00
5.282508686717042323e+00
1.881741032979071360e+00
3.873456968281085100e+00
4.804008068540995602e+00
3.639894072060913199e+00
2.816222737290494660e+00
3.793053083839446948e+00
5.060142140393646848e+00
2.700136780852182117e+00
3.592255516238746615e+00
1.068322333795633128e+00
3.085008597441416534e+00
1.262214195829565844e+00
2.583979162299533616e+00
3.436826066729217644e+00
3.243321294614150752e+00
4.955392764781596959e+00
2.875686056842284621e+00
3.285142932595857879e+00
1.866079204690168414e+00
3.179403847802103833e+00
3.664434117677436653e+00
3.095776097687220396e+00
3.676952717311366747e+00
1.633500112706100849e+00
7.933480174077889302e-01
2.978964907695475617e+00
4.587363768423184496e+00
4.068710641977459019e+00
3.370749469491691297e+00
4.451890372604276891e+00
2.407490839328165766e+00
2.495863314887426299e+00
3.416164874170446009e+00
4.188143742370677991e+00
2.820015867288726774e+00
2.582673395577435471e+00
1.515265352511272923e+00
3.139256584128313765e+00
3.390373609717104220e+00
3.352979629980212373e+00
3.776948758732044720e+00
2.923387045837991582e+00
1.880162547049884170e+00
4.975027524454284311e+00
3.450109696999941633e+00
2.945898959051215460e+00
3.359049451714362533e+00
2.661401858928529762e+00
3.465620819774776429e+00
2.542924391543283313e+00
2.069831532938522400e+00
3.016968438056188528e+00
9.655290053833415209e-01
4.096377256283522783e+00
4.035934945692791764e+00
1.771030707816422911e+00
4.323078109684508341e+00
4.397747559390068339e+00
3.657358488085326709e+00
4.175780378889633937e+00
2.238839458820701012e+00
3.091622221860928388e+00
3.467896322148905863e+00
3.850721716116549231e+00
1.506010009847360331e+00
3.832528474751269787e+00
1.843245440304095872e+00
2.995483502057408653e+00
1.190957633369138291e+00
3.460773121230113158e+00
3.923031985836114011e+00
3.144970725328318117e+00
3.552744619465467935e+00
3.350196948962159915e+00
3.420718283438262564e+00
3.467175803532521083e+00
5.883525482571054788e+00
4.659820101005614390e+00
3.585013295769221120e+00
4.504839368690030987e+00
2.747738045255303962e+00
4.816962784195889746e+00
3.697127019496469380e+00
3.522065151324115906e+00
3.556094559884800166e+00
2.849953609941399790e+00
2.517193487166345722e+00
2.835793890557274821e+00
2.999737595707068660e+00
3.816479921057792435e+00
3.517212833133152472e+00
1.561247211973179949e+00
4.720704658790014108e+00
3.688532689077818727e+00
3.980058782875298018e+00
2.867098312711752861e+00
4.227733927044846851e+00
9.790855176135393467e-01
5.129054955079274336e+00
3.569341591289910021e+00
3.702570894640005328e+00
3.956552848400263667e+00
2.099833558408267020e+00
4.251371164445093775e+00
4.035049993446021332e+00
2.570400912226241452e+00
2.613490525220695027e+00
3.319216426746625093e+00
3.545972488018714674e+00
4.286430084205364643e+00
3.547380162827125538e+00
3.667443199517508301e+00
4.263904181660340242e+00
1.907794699494623103e+00
3.562897345388435610e+00
4.167952227316399139e+00
3.785017067948967640e+00
4.031972807870657149e+00
2.758680741536259973e+00
3.806634100422186417e+00
4.227242112661384610e+00
4.854440310703101780e+00
3.798825519250538463e+00
3.674770118156307497e+00
2.607389182030250829e+00
3.798416299322407319e+00
3.717055071933398125e+00
3.611811371416244310e+00
1.214707762723203910e+00
3.178342712387548730e+00
4.037629801583471512e+00
2.138901799024761630e+00
4.820144693443084272e+00
3.806157677000665096e+00
3.337968164611409883e+00
1.931113711105373554e+00
4.764620176222571502e+00
2.121663647828587074e+00
3.294581597733277523e+00
3.652260124336622393e+00
4.469543685181773363e+00
4.604909908906108740e+00
3.382896477144987202e+00
4.154415557605264375e+00
2.998661800435649116e+00
3.418242490784840548e+00
1.771478158451388341e+00
2.447930443303099945e+00
2.860988951296963290e+00
3.492845877959659173e+00
3.638517305066697460e+00
2.990922384472950224e+00
5.066010397516666153e+00
5.104279880101438849e+00
3.084890932385206064e+00
3.913182208667695061e+00
3.712958418619271228e+00
4.573999799890643203e+00
1.110766639838508096e+00
2.909644130551630070e+00
3.494418971911770644e+00
3.951856561755858532e+00
2.319456886631078518e+00
5.076910387281237114e+00
4.100435096482494046e+00
3.489470664354754170e+00
3.759122255847747951e+00
3.806027843852465953e+00
3.309294550184625816e+00
3.481383067931713704e+00
4.284147397942795976e+00
3.539935930838394196e+00
4.603151236278995029e+00
3.260320534647011215e+00
3.203825444850562754e+00
3.684391665568737206e+00
5.663057706621860810e+00
3.166508950047008053e+00
3.837994296145094797e+00
3.327768163415175007e+00
3.695218420961231320e+00
3.388335553164434355e+00
3.309875032814981743e+00
2.576160780213458956e+00
3.978122517385888290e+00
3.643307474718470829e+00
5.564909368487624519e+00
4.377055547368040145e+00
3.159497649722214696e+00
2.880552862484451637e+00
4.686522762495786587e+00
3.735701808876541463e+00
2.505364941161041248e+00
7.350934262243347117e-01
2.932224365664477972e+00
2.328772832393701364e+00
1.235956283944999345e+00
3.225150914238041455e+00
2.798037378945961606e+00
3.852108569390742865e+00
3.057334566069282111e+00
3.164908616138626840e+00
2.793562441499101379e+00
1.805278302632436604e+00
2.233073215072845841e+00
4.233224490677713447e+00
3.357753145912160342e+00
4.535280596589724489e+00
3.099464679780317589e+00
3.232011570876125894e+00
5.206291008157808875e+00
3.922967459383705169e+00
3.276760293699282567e+00
3.541036156916914646e+00
3.075303574335546575e+00
3.858998898860850790e+00
2.755202146823654719e+00
3.692067365208475227e+00
3.841020684036715593e+00
4.630470631290852346e+00
3.751308437467777424e+00
2.701655705463350987e+00
3.983941951671137627e+00
4.412404269188366257e+00
2.808871177280871212e+00
3.719120700930389489e+00
4.725575140167392441e+00
2.542787919674878605e+00
2.852157259592445815e+00
3.270848404675192000e+00
4.597892181052746885e+00
3.691481711419506873e+00
3.756811629707826228e+00
2.966255411881619786e+00
2.986158635054226185e+00
3.853959896081483372e+00
3.164774880844199778e+00
3.186579867424673473e+00
3.983481465402055388e+00
3.801068096153662257e+00
4.143579923478347915e+00
3.087639584739460652e+00
5.064308240847543274e+00
3.024193869190002104e+00
3.300379735575750484e+00
2.986020095180258238e+00
1.956215133264315842e+00
1.636790787985890283e+00
3.415283162557143370e+00
1.007175458090578513e+00
3.587958789397397208e+00
4.570036754921631861e+00
2.825891516878815235e+00
3.256957047346591416e+00
4.075080213065876755e+00
1.027130906424165380e+00
3.028993003477757462e+00
3.845144398548546505e+00
3.714262749899579941e+00
1.967663572917289994e+00
4.171419947420883290e+00
2.616947730203299738e+00
3.423787236633725861e+00
3.775140804222493429e+00
3.428596982203955701e+00
3.665966384509773413e+00
2.295414731646314710e+00
3.307217110726971221e+00
2.047122772188199491e+00
4.153506979047844716e+00
3.875054592529751041e+00
4.448357042645421089e+00
4.646009249001375352e+00
2.629934904392052797e+00
3.569356693788531931e+00
3.895558540806652648e+00
4.260461724383781679e+00
4.656275742377797400e+00
2.376960395875448384e+00
4.032271258370694333e+00
3.532124326927620128e+00
3.441418039679906560e+00
3.821218108960568571e+00
2.927586089336984720e+00
4.378939369449438068e+00
4.430628435051649383e+00
2.991485246394523845e+00
4.607349030534813039e+00
3.511463119901219176e+00
5.178359101752453064e+00
1.867130721103364532e+00
4.114542016533643931e+00
3.208522972624986203e+00
3.441710837643216614e+00
4.282144447004270660e+00
3.084786315654347799e+00
3.567500932707106109e+00
3.712642517426711919e+00
2.113176316121769815e+00
3.484207931019515314e+00
5.347048545243549889e+00
4.131918322153282475e+00
4.124985815004706069e+00
5.383315704786253875e+00
7.959021565280892663e-01
5.603806864356598361e+00
3.476756425095078651e+00
4.133605974886769729e+00
3.701210172050168445e+00
1.772786837996604525e+00
3.060301740712743523e+00
2.710685221784908894e+00
2.948184030926216614e+00
5.075259392226206145e+00
1.801991937100311914e+00
3.693197434993389816e+00
2.943131244515584388e+00
3.745328711418355550e+00
1.378507140530371045e+00
2.796780817719620948e+00
3.552787023459203830e+00
2.840077380421201614e+00
2.981445303722056295e+00
3.312399040616754498e+00
3.503296676035036583e+00
3.069325280075613449e+00
2.573647511251437425e+00
3.560825362538693195e+00
5.706359978619389928e+00
3.834271119786913484e+00
1.408858288736738240e+00
3.317120895368445677e+00
3.893499355303629450e+00
3.746613671522054823e+00
3.101440070680791639e+00
3.001025725429979918e+00
2.995263705625302642e+00
3.985575404615631978e+00
4.360732119890880831e+00
3.085785614019463718e+00
3.068571748759943763e+00
3.067763947470394381e+00
2.737692076150901155e+00
4.139591657588840512e+00
4.371726797890026717e+00
3.066190684760887741e+00
4.111507848709144319e+00
2.935596832072556062e+00
3.101589412260681300e+00
3.267976534808004541e+00
3.609291233425807821e+00
4.456739507240148335e+00
2.482364193339984482e+00
3.079981982816913710e+00
2.742586186066042764e+00
9.892717291973319726e-01
4.274313927343943220e+00
3.731708038232745661e+00
3.444511347569657378e+00
3.660489504261842164e+00
4.132247338680572923e+00
4.554607504830268994e+00
3.221047473801636585e+00
3.087115143798994321e+00
5.103534157630532420e+00
3.863983006285231614e+00
3.808099790861969591e+00
4.464598593216592803e+00
4.793910612384561176e+00
3.927089338366997584e+00
3.363434045526708438e+00
2.503218597276764879e+00
3.539309191315903380e+00
3.715102938356265483e+00
5.257300227563197481e+00
3.124555684997487592e+00
3.601952364227362313e+00
5.342365825530678514e+00
3.509439117989999080e+00
5.094959402288132821e+00
9.708303569316362180e-01
4.033788624562813396e+00
5.289266493568586469e+00
3.408871945312887064e+00
3.380312841654582012e+00
3.502019767924978932e+00
4.508603412141179767e+00
4.656433150851652769e+00
4.837833984146764799e+00
4.055904100673400237e+00
3.714862069710335835e+00
3.847486925765521981e+00
3.460892956346445004e+00
3.703959666521711824e+00
2.573128374666304730e+00
3.849045113370083371e+00
3.469132027246189409e+00
1.621302290682289149e+00
3.898920033676754215e+00
2.769378116650075494e+00
3.285873578760159841e+00
3.725183753640738615e+00
3.946847326892983787e+00
4.327791165760901393e+00
1.194105501128087665e+00
1.658563462120754783e+00
2.681476554600362050e+00
4.702449881952780686e+00
4.109822701606033135e+00
3.309518748643229813e+00
2.616413142962981997e+00
3.961376634707045152e+00
3.211233112706501025e+00
4.308339643875963354e+00
2.598611221989604481e+00
4.446238742558907830e+00
3.408389230094412081e+00
4.378096800223709728e+00
3.305771048523404865e+00
2.682676079027684235e+00
2.146904727921538747e+00
3.850132125468445743e+00
1.682769233706429723e+00
3.911561196146249308e+00
3.659978717295022221e+00
1.802504018858230195e+00
3.112924458749444678e+00
3.053646023326745951e+00
4.031594548860536698e+00
3.111336853626983867e+00
4.019825539047293894e+00
1.536789207719699846e+00
3.619677166035136118e+00
3.496262537697338857e+00
4.053805981138043357e+00
3.277904825946415635e+00
2.562548717778724061e+00
3.147214654462293648e+00
2.509881119540301242e+00
4.123600978124827066e+00
5.228563299023614164e+00
3.378504182124419497e+00
3.888861263033442039e+00
1.833618755891785579e+00
2.399225540205343066e+00
3.364547804531869524e+00
2.275359329539095921e+00
1.738102838020255003e+00
2.384769051801233886e+00
2.991979565168704447e+00
2.457310509028574064e+00
5.194220760734113540e+00
4.127125155202556073e+00
3.329700924148382590e+00
4.255765163572113430e+00
3.772030712906262462e+00
3.123358029012914816e+00
3.613221724764542397e+00
3.543137688304144106e+00
3.422620801758904818e+00
3.754288635244039440e+00
2.739400674473086550e+00
3.295758012764323119e+00
3.937991507399394298e+00
4.573994205500210519e+00
1.908822373105140580e+00
3.927751434372384054e+00
2.270032078874935522e+00
2.090648148262508776e+00
2.294305134055967255e+00
1.155880141119192128e+00
3.786216811741851096e+00
4.074585123111358342e+00
3.611669923097117874e+00
2.048416789423136652e+00
4.213712660936757892e+00
2.811136919966208403e+00
4.357002170161225152e+00
3.839558425507541006e+00
4.159061378460918945e+00
2.542119940899584929e+00
3.656481869523675599e+00
2.943940612500109744e+00
3.774897846441832350e+00
3.514726712082500981e+00
3.326654276644916752e+00
4.024816233990989645e+00
1.649420292327290705e+00
4.200082522412808217e+00
2.127022254536507173e+00
4.108959639209071923e+00
3.019078926430212473e+00
5.054637656193409434e+00
4.725740841926714175e+00
1.818544824485701872e+00
2.165950891636510001e+00
4.116406797705089993e+00
3.983543019019072151e+00
3.371908532673980385e+00
3.594526993863838005e+00
3.447498472408365711e+00
3.458586065916734675e+00
3.427326912617592924e+00
5.827429623996033037e+00
3.914061752075851608e+00
3.805517575106865724e+00
4.637729073546798197e+00
3.332327335376827904e+00
3.263157781707739957e+00
4.113737840032690052e+00
3.896381071073062419e+00
3.729582272462412806e+00
5.370569264781448915e+00
1.340931491339136805e+00
3.752413974496166649e+00
4.269533381934325078e+00
3.252708943944689679e+00
2.877735125524515603e+00
3.376813027099502929e+00
3.923522812403228865e+00
3.529126308800634160e+00
5.045471880224653205e+00
3.483768695323269160e+00
1.132927724129877411e+00
2.966270464628395054e+00
4.804157936064803458e+00
2.811661974458930402e+00
2.907717967104249457e+00
4.333368272123842679e+00
3.599943293840200731e+00
4.479609424545444085e+00
4.138297407620397550e+00
2.826924882026159658e+00
3.886851678076010064e+00
4.328216374067044292e+00
3.753384356801324095e+00
1.993636434798506274e+00
4.424955089833531474e+00
3.292116364419224617e+00
3.645407987994778942e+00
2.393913077397963995e+00
3.768717444501928249e+00
3.957272784399155530e+00
4.798923169722443482e+00
3.282594622460194511e+00
3.491827796514020754e+00
3.874033162287360277e+00
3.867448716100210682e+00
3.149949155501523546e+00
3.297554611806440938e+00
4.262777368810540146e+00
4.042871369427600392e+00
9.750547884727801540e-01
3.492446994830005647e+00
3.967346610632294546e+00
3.456857143291226286e+00
4.676379770574308203e+00
3.991152249729633006e+00
4.263506957546583820e+00
2.131077080002011570e+00
5.461559213960823556e+00
1.981804175614647612e+00
3.517145793111016161e+00
4.147735561524393155e+00
1.930696437119334474e+00
4.012631824943102110e+00
3.932560040323433537e+00
4.145437176839878113e+00
2.990141929750848249e+00
3.218870846827040832e+00
4.830958948313872625e+00
3.018605948535661110e+00
3.794088172542681825e+00
5.309631264600223943e+00
2.529315868309062409e+00
1.934832755096925316e+00
1.201303075580425039e+00
3.541207775624028997e+00
3.882865950625348006e+00
3.998700375525783279e+00
4.158671832893126918e+00
3.813744200450600363e+00
3.629521546494630879e+00
4.354328368254334336e+00
4.353069290854220341e+00
3.619259695268046251e+00
2.378033897229700155e+00
4.805284502145717340e+00
3.826400146567088267e+00
3.396515775344581378e+00
4.483343413051100512e+00
3.704049707682744330e+00
1.869496459011936729e+00
3.919607412953104220e+00
4.350142833534683007e+00
2.595052712374723569e+00
3.514117009726250185e+00
3.596475413690496392e+00
3.965300125229421990e+00
4.502558619031360898e+00
4.234893741456907890e+00
4.093903481155189539e+00
3.347461496769255085e+00
3.442237679323843835e+00
2.375223028744547715e+00
4.451504364165411509e+00
3.227532033525662758e+00
4.439063144708513597e+00
1.740407244283217691e+00
3.258905113493462569e+00
5.155209544856260706e+00
4.415574836230094391e+00
3.634984173303585919e+00
4.435597755435090050e+00
5.180419749319834288e+00
3.235349352330754158e+00
4.682540309617648333e+00
3.957331811542595723e+00
3.164783559139916047e+00
3.680522897269549620e+00
3.052780668674286879e+00
4.461500383976618522e+00
4.309662561239977485e+00
7.744504192960446343e-01
3.933965137727648553e+00
4.353442050576808775e+00
3.866864335951376574e+00
3.575316865259059007e+00
2.988456694878106390e+00
3.530628643454418292e+00
3.244758313226014490e+00
3.778680340865523846e+00
3.750772285381979376e+00
4.652590758526749859e+00
3.750286873340572313e+00
4.795657631569404167e+00
5.513762031922152751e+00
3.298642371159901998e+00
3.565254721128250814e+00
4.469610347210156043e+00
3.186655921615890730e+00
5.353531271753219301e+00
2.268438755364173609e+00
2.911384554895379839e+00
3.738927461104508243e+00
3.046042718202528476e+00
2.812978728791078797e+00
5.165961945072468531e+00
2.879817442894887058e+00
3.643377381662119774e+00
4.398815131211259555e+00
2.379191301278642534e+00
5.053627306520809270e+00
3.190647841018089625e+00
4.033673943610782686e+00
2.708909409274563806e+00
3.502636160174907864e+00
4.374642843397277048e+00
5.483486554837716520e-01
5.595819861052694577e+00
3.068022196452487194e+00
3.885163313970543264e+00
4.034168295170208474e+00
4.422174005971181820e+00
4.186154739850650230e+00
3.985748444051776307e+00
4.067361909799581454e+00
4.539423148424519994e+00
3.324707424223164676e+00
3.727667761705797389e+00
3.701424776060583177e+00
2.870129541150129970e+00
2.461139150637550621e+00
1.754400505795451926e+00
4.348575485321493517e+00
3.613562087516492216e+00
3.496161369571123334e+00
3.308492080662966739e+00
4.590354765736696763e+00
3.857630001180180734e+00
4.044745559376537791e+00
3.606628073257521550e+00
3.804233296523228613e+00
2.365350847180299976e+00
5.431541158009917325e+00
3.281496825886586866e+00
4.047127018689413269e+00
2.493158306800043800e+00
3.731485468319222232e+00
3.724753135380827640e+00
3.248724349796717537e+00
3.831563888055833811e+00
1.627622564426170815e+00
3.797357042688955797e+00
4.749822714372622379e+00
3.705284165316951484e+00
2.851214344596850747e+00
7.598874785233545870e-01
3.560780131574504459e+00
5.218259108815147762e+00
3.638549245309089741e+00
4.473620943957323348e+00
3.740465797222035871e+00
2.956852875686824422e+00
3.835185845680557204e+00
3.770444975407607036e+00
5.528112491571766540e+00
1.628177694293590605e+00
3.617607063036694548e+00
3.221620624471161598e+00
3.837202935192058906e+00
4.213549706398088901e+00
3.597072542288197727e+00
4.422375685519069677e+00
3.943852499277792578e+00
3.537864593057034046e+00
4.446471839131990400e+00
2.730629818120921204e+00
4.520951969237800405e+00
4.459326296313925297e+00
4.005659066701477755e+00
3.362024937791686430e+00
3.902966232214635234e+00
3.630328290061270113e+00
2.313843177456627931e+00
2.857765395698423916e+00
3.523718363592098335e+00
1.078033137170355316e+00
1.283077165005564790e+00
2.965196315026494389e+00
3.192152391394253108e+00
3.917555945054819411e+00
3.578357098122790347e+00
3.598780649579941926e+00
3.393591667357784836e+00
3.984279677093901739e+00
4.151354682998293022e+00
3.415810062645298295e+00
3.528253814348699446e+00
3.305969274874637431e+00
3.775261291335739511e+00
2.308054855468013145e+00
2.386720344776835923e+00
3.297641973872061261e+00
4.727137387243749878e+00
5.079711219737504280e+00
3.823595463362255309e+00
4.624964562973896243e+00
3.485300315493588652e+00
4.151567510722589560e+00
3.976187228051162759e+00
3.907594803519397697e+00
5.559236607706733224e+00
4.905973652424504117e+00
2.917196161027208134e+00
3.996982255927293615e+00
1.066836188915746941e+00
3.869083521978383899e+00
2.999144914648981253e+00
2.671312936793064807e+00
3.780299889000370950e+00
3.819706376844630213e+00
3.873949536938322780e+00
4.682894224383633563e+00
3.550650611590857153e+00
2.168314157902217598e+00
4.621338907631529658e+00
5.321496716567954088e+00
6.501023110762946811e-01
1.232675017307812260e+00
3.541397603249960557e+00
3.150201012693051972e+00
2.068018004497004014e+00
5.138769744855657073e+00
1.774284240525442868e+00
4.588091073173981016e+00
3.498012347635204300e+00
3.827670924740869562e+00
3.288845237845611003e+00
4.087810214817677590e+00
3.870917274217556603e+00
3.287629312755003141e+00
2.609604346258792784e+00
4.947140364646671173e+00
2.776865836286502631e+00
2.049980633492172633e+00
4.112575646902518756e+00
3.224213474283436742e+00
3.856857430708402035e+00
1.713857685408026965e+00
4.171348575095124467e+00
1.787875328584820345e+00
3.022925197168872646e+00
3.950419572779235278e+00
4.376627337150966746e+00
3.664549227567488021e+00
5.136949482042256321e+00
4.442996539139168810e+00
3.679603323982146623e+00
4.131150662260692386e+00
3.715735878746967646e+00
4.234028127467267311e+00
4.031999389418526647e+00
2.002222420348553023e+00
1.797932210371913309e+00
4.307680749958535671e+00
1.274273884572302729e+00
3.383030944688984576e+00
3.873057587353312847e+00
3.149212622906319314e+00
3.273570977364318679e+00
3.658412460011601475e+00
5.326291997921110521e+00
4.123018358313981224e+00
3.269743899476709625e+00
3.128148567151880499e+00
4.548381353954518147e+00
3.941979144230196574e+00
1.973571820108382280e+00
1.694587342660593077e+00
2.987241189805724062e+00
2.602581761899299906e+00
3.494736268306955385e+00
3.655933447179729345e+00
4.535032209698798056e+00
3.284168634602235404e+00
1.542804224503347532e+00
4.660166228487351070e+00
4.110459094993098361e+00
4.496286241266655104e+00
2.401446160312806555e+00
4.179068048045993855e+00
3.854011543168638365e+00
3.146733112691550094e+00
3.750179289579589792e+00
3.647651658579484035e+00
4.867989210314811466e+00
3.547330113193034595e+00
3.043134150850254738e+00
2.618371100841297316e+00
2.533597120618512832e+00
3.434492381589360654e+00
4.349643912529751688e+00
2.869098413638136336e+00
3.641442465780907245e+00
4.415286717396980976e+00
4.359873546488874929e+00
4.015994832311602813e+00
4.747764668615904959e+00
2.386079740017564621e+00
2.318744695734613614e+00
3.061316976940513968e+00
1.155983151536224884e+00
4.423050595721691458e+00
4.363588007325457596e+00
4.256186410917507601e+00
4.644504423241074598e+00
5.725873364458390569e+00
3.721206992128618385e+00
4.169173502050261604e+00
4.666954105021470234e+00
4.358694640753201455e+00
3.630084735179997413e+00
2.804846666315822468e+00
3.503297537472479295e+00
3.545132967187464956e+00
4.130679583218729967e+00
4.262128575976349865e+00
5.420857260413161072e+00
4.540510562418406337e+00
3.220167755598819515e+00
2.148904065615506731e+00
1.270230557153939621e+00
5.390214033172062713e+00
4.213404324582197269e+00
3.180076959735102626e+00
2.478743571600020346e+00
2.881275091898298335e+00
3.069910545918263622e+00
3.992914814157513703e+00
2.774335517226050651e+00
4.714878271449818747e+00
3.612551372223746782e+00
3.099898353768540282e+00
3.504158004121005199e+00
4.050109566675033967e+00
3.804645504487577323e+00
3.762691979088137906e+00
3.741265424571002640e+00
4.491676869392287053e+00
5.268558729181091138e+00
3.679111721749240616e+00
3.894958010519312896e+00
1.746097788353934810e+00
4.608522357896969623e+00
2.722148236801548382e+00
3.265598691565178679e+00
5.590876479987230141e+00
3.417228905779939208e+00
3.439846568273664307e+00
4.844558059567764197e+00
4.179456958718623660e+00
3.239323913969237356e+00
4.445507006932289507e+00
3.135250656700439897e+00
4.181319113696932988e+00
2.732809492834985310e+00
2.544365410702413399e+00
5.186599742622543197e+00
3.982328984087311063e+00
3.380854963005360592e+00
4.019596993047211519e+00
9.731896356973078754e-01
3.806964921047603312e+00
3.530744581164175333e+00
3.286223578669072776e+00
3.778508056258368608e+00
3.864286131101490884e+00
3.046139007785461317e+00
2.448667733354722653e+00
3.512761343353954402e+00
3.221774935957457231e+00
2.426054567578054488e+00
3.666112303144379858e+00
2.911593683866139148e+00
3.788154194161844845e+00
1.141993499930276990e+00
3.841150133107623876e+00
3.705746660260518688e+00
4.518890515957329157e+00
3.775514455075367426e+00
3.092260870403842343e+00
4.869662654711857108e+00
3.340992009623390491e+00
2.048859246291869773e+00
4.847752979477581547e+00
2.009108227419141190e+00
2.908142518758446204e+00
3.424207272016684733e+00
3.918126702710018172e+00
3.098610707416070031e+00
3.394411053830565628e+00
2.772628431498292301e+00
4.340456992224125621e+00
5.624350890695626326e+00
2.960320384893949885e+00
2.380224458492067541e+00
5.092380576339498255e+00
4.239883358401388413e+00
3.168374103657872531e+00
2.714273848014923551e+00
3.702850558954381643e+00
4.570696230271238392e+00
3.975166394197799935e+00
4.272610519268723372e+00
3.470005549231433672e+00
2.620111832995583701e+00
3.887809036141273822e+00
5.087933727273526330e+00
3.184540456563136335e+00
3.494974719790165718e+00
2.699373337695496033e+00
3.513077864688489260e+00
6.023765384044016180e+00
2.756941223568599053e+00
4.221257421963592549e+00
1.107786014061381108e+00
1.306426040927582299e+00
2.890212353303668102e+00
3.846902912414149611e+00
4.050950290004769805e+00
4.132527989550801806e+00
2.483902611990446374e+00
3.263173479214878547e+00
3.401046992746339370e+00
3.959630367269895590e+00
3.922188557676270282e+00
3.904216308846207628e+00
2.501165285481370404e+00
1.572508759201620476e+00
3.925823136727201845e+00
3.539211314103365869e+00
3.566211163605500278e+00
3.574633945322464701e+00
3.664909919992349163e+00
1.018137398135012583e+00
3.998674348763404218e+00
4.865680453408287143e+00
4.827759482521409851e+00
4.053488298335373941e+00
3.752306718633883875e+00
3.858250838072410538e+00
3.158764319599280945e+00
3.418253594133799922e+00
4.792378784995920959e+00
4.927230346833915142e+00
3.173933080623279057e+00
3.300829424273961976e+00
3.635770536263358554e+00
2.703209556015447657e+00
2.863390339975629306e+00
3.373331541227578612e+00
4.809426000224235054e+00
4.588512465023467435e+00
5.440346502523729200e+00
4.768090989380739941e+00
4.618858957272871990e+00
3.928080916518498444e+00
4.403328254120727259e+00
3.326706810362021205e+00
4.758245143471921956e+00
4.352277895756953008e+00
3.589523937559085276e+00
5.667628102641687704e+00
3.903073577391449778e+00
2.644779334844415519e+00
4.045500339954029023e+00
2.620511476331477851e+00
3.355147526172708172e+00
3.564051079384613185e+00
3.824656180969602914e+00
1.199732070336907874e+00
4.205247506966292015e+00
3.716794276487307425e+00
3.688516681668472241e+00
2.890224270560536102e+00
4.780944472463093398e+00
5.630307564180046853e+00
4.794186391085708543e+00
2.462998979213339545e+00
3.768749812964067303e+00
3.860782365919397829e+00
2.684671822262247876e+00
2.392878274266598826e+00
4.612498141735655643e+00
2.130622083736989580e+00
4.050249614184067148e+00
1.504817271370545440e+00
3.983489405599130340e+00
3.678682754611558803e+00
3.800988637111570867e+00
4.966704884983378143e+00
3.051191083886667599e+00
5.096741408284912289e+00
2.834361348343893194e+00
2.925715077641434458e+00
4.001157161350857194e+00
3.307720371102664814e+00
3.821047695183005466e+00
3.373745636207027054e+00
1.997705688967732485e+00
2.239656357407631138e+00
3.446262917169527817e+00
3.588273178066986091e+00
1.084460583103372455e+00
3.503809783462001004e+00
5.049876955273888690e+00
4.545457350522084994e+00
3.886350090956134373e+00
5.028557042327273408e+00
3.437530059417571060e+00
4.693439795448399288e+00
2.870565316739965400e+00
4.042272581497154960e+00
4.402897570789622073e+00
5.145632221188307653e+00
3.958605618973722873e+00
4.123561906908679298e+00
4.536877493795115512e+00
4.012613514025309414e+00
3.717033045948203274e+00
3.916439084191012387e+00
4.696207223116456220e+00
4.698059174383263148e+00
3.483091066870862562e+00
4.270168532789794469e+00
3.915839490231416420e+00
3.566101030974310415e+00
3.489424094233826157e+00
5.075646591166118604e+00
4.136672678000767434e+00
4.487225928452037493e+00
3.767308515253599666e+00
5.111930988099530282e+00
4.615076353428924527e+00
9.709320244841657122e-01
4.068050440774869436e+00
4.636912731960234346e+00
3.450329822482645969e+00
4.357088049216223169e+00
3.745648866855541659e+00
3.969008201501405431e+00
3.569979592388010214e+00
3.449047923348208311e+00
2.388778258975831292e+00
3.889002281346631396e+00
5.564795270909810299e+00
3.177807068444187255e+00
3.443431245446305411e+00
3.133965059920918783e+00
3.724930642508229361e+00
3.136974843066608010e+00
2.926460799916628552e+00
4.032559635169832291e+00
3.355776253672688281e+00
2.213865560699007862e+00
3.403598693128783381e+00
5.193039206953184106e+00
1.014968301236965909e+00
4.817988137980469432e+00
5.281706313860216717e+00
2.660010742899405312e+00
5.168345597912238354e+00
5.005631396378477760e+00
3.359459055140034955e+00
3.603158192590922404e+00
5.159468585473281799e+00
3.264010514922913941e+00
3.747968439148623432e+00
4.480489361806413662e+00
4.155307261166504063e+00
3.815272281340365890e+00
1.628377435552792463e+00
3.160530811840566390e+00
2.622135500237489314e+00
5.428210646879927381e+00
3.333641322305486376e+00
3.465785339230908590e+00
3.513667183598230270e+00
5.363034234878981010e+00
3.451400935526104607e+00
2.689924083007518174e+00
3.529796576923838192e+00
4.846493075524836769e+00
3.216942218876605253e+00
4.306455235416699168e+00
4.544565856606123333e+00
2.386355886520239444e+00
3.517366864924654557e+00
5.076379407112948883e+00
3.546271395669310600e+00
3.793735155061572328e+00
3.421677140126901939e+00
4.228814598307448769e+00
1.094828805926899351e+00
2.900716874682948365e+00
2.970989802728987605e+00
2.930096213894867407e+00
2.851901911624845187e+00
3.420261587440537987e+00
1.947851454370333801e+00
3.384710560646142952e+00
3.269678834454522676e+00
3.221540201161229522e+00
3.239149591989375576e+00
3.382838556858692947e+00
3.243403653011655674e+00
2.935318103871186857e+00
3.096686505635520614e+00
2.810150265855296148e+00
3.857957716822860039e+00
3.723073338751532013e+00
2.717473846917568103e+00
3.578886473338526830e+00
1.204926956658978199e+00
3.549111972115963631e+00
3.275710377415196550e+00
4.335935966166715616e+00
4.224885549942591467e+00
3.914268965277778900e+00
4.610969859021897044e+00
4.632635112287775137e+00
3.958856193594489259e+00
5.023946652603028973e+00
2.521366548707373312e+00
3.154971391476911080e+00
4.621171528787932914e+00
5.074413646813233925e+00
2.912235394385940257e+00
4.804156135082985557e+00
5.241841412262235878e+00
3.606295641274045227e+00
4.582733185751506788e+00
4.335502726987562561e+00
4.484785516672313399e+00
4.450741255689429465e+00
4.305946007440994983e+00
3.683544647912402770e+00
3.317458246623699925e+00
3.611253330634387471e+00
4.497634410982062292e+00
3.798159357182597784e+00
3.036925881789987791e+00
4.766776688536018547e+00
3.896945433607957643e+00
5.322915134616695632e+00
4.668707393497510516e+00
3.549282924965216690e+00
4.845290758736460646e+00
3.834591104997240762e+00
3.500120804288379350e+00
4.109532999711371204e+00
1.643235966698187500e+00
4.823127324671712124e+00
3.378607037820826164e+00
3.795830727921717607e+00
1.350348815534563762e+00
3.454541674489096437e+00
5.391038966073312011e+00
4.513956417067736204e+00
3.017423612083689033e+00
3.867304126105588491e+00
3.726603065158679673e+00
4.106775622433241679e+00
3.941881562864584687e+00
4.095342692928642947e+00
3.438423642787990175e+00
4.389955528090534465e+00
3.764191418932982369e+00
3.707493582368137641e+00
2.555342215521851479e+00
3.769492764217392100e+00
4.614762348669422920e+00
2.870487023830134099e+00
2.900288198661280514e+00
4.054929551648387864e+00
3.688754280310352129e+00
4.815578201713818451e+00
4.044633868786456254e+00
4.686843807832555164e+00
3.567952132166456902e+00
4.027522962584221489e+00
4.063302872038903502e+00
3.950335710993398752e+00
4.447148851008912551e+00
3.096541445714240393e+00
3.085780457154374101e+00
3.963929780991264806e+00
4.606610872332033146e+00
3.295770735784293581e+00
3.794409114530910010e+00
3.076079644525815837e+00
9.994750434519296123e-01
3.768732608292992836e+00
2.606333578775533066e+00
4.115684395197042100e+00
3.531262262177195410e+00
3.080915851407179940e+00
3.219320525572794800e+00
4.042285235012926137e+00
3.772949819187104925e+00
1.725491326150498717e+00
1.586415785968303016e+00
3.461590667729242732e+00
3.569048200583953445e+00
4.179719181393863892e+00
3.131823616739662697e+00
2.472802089751764854e+00
3.669426710500769850e+00
3.538418116947302128e+00
4.538950316710211652e+00
1.940667396217430785e+00
3.474579254232296854e+00
4.066115943553936241e+00
4.196815417131726456e+00
2.090677874655267221e+00
4.391018177351853957e+00
4.403699985497466329e+00
2.965284581049474788e+00
1.597856919457082192e+00
4.220889290591375520e+00
2.797701049423913844e+00
3.452215383275856198e+00
3.843087891762425379e+00
4.592447121859533965e+00
3.751717900610111567e+00
3.414526769345440638e+00
3.882385889782446142e+00
2.831535280174521052e+00
3.397099145031237999e+00
3.078567033391411023e+00
3.294867708055885913e+00
4.919074170180886441e+00
4.645949899267343142e+00
4.775945629627194933e+00
5.438999573476292149e+00
1.676949225671150234e+00
2.337036815003513457e+00
4.473240794400378029e+00
2.491263513921436967e+00
8.362088099508002692e-01
3.880667375599853308e+00
3.746334024033155963e+00
3.662974673265418257e+00
4.147719252469011408e+00
2.041468449710574173e+00
2.764134203339862150e+00
3.764552709978028489e+00
3.662252556841337992e+00
4.069685048246565628e+00
4.098327502576939452e+00
4.369250505539920226e+00
2.469523558070530811e+00
3.723273928853347847e+00
4.278020414932742099e+00
3.278931341438586777e+00
4.047837811901031202e+00
3.692296269882398896e+00
4.791620041441944977e+00
4.435561436386119993e+00
3.366956705970484354e+00
3.680185767282322384e+00
5.267481652459601982e+00
2.992411753435951116e+00
4.066278526871387911e+00
1.664802697384425878e+00
3.209141662941473960e+00
5.197713889625519279e+00
3.806618642350599213e+00
2.611322838522390555e+00
4.273366039222710633e+00
3.635645639562876674e+00
3.435475261503881050e+00
4.429618587603619595e+00
9.740461470226914331e-01
2.601866009003550584e+00
3.613769951779145284e+00
2.524484400809125617e+00
3.055708688269754614e+00
3.652807879409571079e+00
3.467202870862222230e+00
3.615710097552368385e+00
3.276910974895437700e+00
1.891591124755630293e+00
3.618411790584525445e+00
9.890412664924282948e-01
4.100489867536957433e+00
3.200956518691255859e+00
2.765410263690627701e+00
3.876562823219302345e+00
3.157005771523689663e+00
2.321675448487626525e+00
2.543948004059963353e+00
4.438234533897110978e+00
3.269262740738416273e+00
3.402423940909396372e+00
1.584777555213938482e+00
3.910908285719462363e+00
3.751249662019634723e+00
3.512046603599489725e+00
4.161411636754706045e+00
3.776209910431005401e+00
3.865275924504064431e+00
3.956707135053262991e+00
2.920809028599640644e+00
2.751041371285764203e+00
4.724049708566760764e+00
2.656030987452336678e+00
4.755194192015662402e+00
2.509915048334108167e+00
3.849063765024798744e+00
2.729944817399325707e+00
4.223222257197694063e+00
1.161148165020688072e+00
4.163561721013418371e+00
4.618651648580730296e+00
3.003061516988239976e+00
3.033897853848999127e+00
2.301970677104576701e+00
3.968606378478587438e+00
2.228161795830988279e+00
3.164876874505322402e+00
4.465207972652492252e+00
1.702532590960381897e+00
5.036347973129598365e+00
4.161709442635423528e+00
4.061244943940536700e+00
1.897099122904335244e+00
4.894274300652302401e+00
4.457955460630083522e+00
4.488358981962991656e+00
4.081212496829918379e+00
2.070208401308256896e+00
3.293403544878334976e+00
3.210145839524941813e+00
4.098050352495486770e+00
1.339185972723420104e+00
3.525273170227314345e+00
4.410686905124864943e+00
2.708694508232341036e+00
1.285009297072702728e+00
2.190238998523971414e+00
4.797199512900448326e+00
3.270152910620013120e+00
3.938582126616478440e+00
3.198625652020850030e+00
3.257475564723673500e+00
3.873038103498521512e+00
3.471018592625138677e+00
1.926911249448194363e+00
2.583512822006770460e+00
5.055141091192553837e+00
2.786648380376741674e+00
4.333673381700623217e+00
3.991433573897220199e+00
3.733039381451134009e+00
5.486926462068429267e+00
3.325845324384653523e+00
3.477687189301355897e+00
3.748289993832383704e+00
3.792676760921423806e+00
4.050650825716255454e+00
3.391229197162481057e+00
3.404188049969516516e+00
3.004878408897770914e+00
2.883991521646239065e+00
2.961927122007723678e+00
4.242910157323963816e+00
4.916844469664570560e+00
1.078982123402034921e+00
2.138904836861688974e+00
2.890624991238436525e+00
3.777861453450721552e+00
1.035175369266449374e+00
1.238149842284509861e+00
3.516270474132570545e+00
4.137841448937493283e+00
3.522590909834184547e+00
5.563481645322651659e+00
4.477556692797206139e+00
2.944253170434059541e+00
4.880370699178258498e+00
3.279259439546366561e+00
4.804696937103777543e+00
5.307525089798025064e+00
1.011857401684699287e+00
4.656444181469960419e+00
3.382656755141975946e+00
3.962780286720986478e+00
3.712315550592839575e+00
1.036180560901779790e+00
3.990948894511276546e+00
4.028440126686530398e+00
4.203122300352922558e+00
3.059972612862957853e+00
2.906133483228418246e+00
1.768543602888561050e+00
4.396466717446603667e+00
3.215798345091875898e+00
1.546198223057045906e+00
4.142706475094548146e+00
3.319948236411517595e+00
3.579610373573956839e+00
5.440515116585805444e+00
3.723674249179008466e+00
3.668367421165589004e+00
4.150445340131099670e+00
1.047162439987806559e+00
3.973652290552202260e+00
4.125748936998256511e+00
3.479523266677992499e+00
3.400293867007978310e+00
4.542900301574673172e+00
3.412134055554010281e+00
4.621208189153207968e+00
3.247647353885431798e+00
3.984237833638090365e+00
4.271583578222091226e+00
2.237591383473514828e+00
4.025990478233993919e+00
3.241968858964963118e+00
3.194716424738548000e+00
4.165431770912402243e+00
4.303416910693751873e+00
1.823141234105612796e+00
3.583518235157257426e+00
4.009405209688368998e+00
3.396904621074815278e+00
3.852927876335884072e+00
3.200575908308695539e+00
3.728158279832927136e+00
3.794595311419849626e+00
4.064255032091529607e+00
1.936591966084873828e+00
4.375589846925091564e+00
2.901244529232450908e+00
2.823699693968141133e+00
3.878526857836546604e+00
3.264742592669693355e+00
1.995528348562075838e+00
3.540024813034095885e+00
3.530527470579392535e+00
4.361401060597955848e+00
5.125659498991401719e+00
4.124490140528398463e+00
2.879171890490617614e+00
3.705662644956795315e+00
3.805646909349907681e+00
4.723447961027516406e+00
3.848504632691157390e+00
3.873526256537476620e+00
5.098203440171493739e+00
3.329599922839199699e+00
2.263085917973062688e+00
3.511310815031563504e+00
3.593596750867747325e+00
4.326543670783930651e+00
4.608453096836589324e+00
5.999160270334169986e+00
2.332532684032726955e+00
4.037127859204460378e+00
3.074846210704059501e+00
1.939726265085815582e+00
4.571534468993313283e+00
2.396702573139670722e+00
3.914512434943360208e+00
3.192747830340025850e+00
1.534851837964577470e+00
5.297271961578939425e+00
4.018482986801102719e+00
4.461851232332313621e+00
3.998677695184032377e+00
4.665788615277190132e+00
2.924657495865136791e+00
1.890583848432556335e+00
5.067024710252366226e+00
2.744381818128682315e+00
3.941202174312707474e+00
3.621736311566658095e+00
3.565325566168291882e+00
3.218593142052879053e+00
4.872027902704506808e+00
2.685293808976021435e+00
4.268108678962097891e+00
4.368039240748875507e+00
3.496835892831980708e+00
4.159737404877130729e+00
2.629839372872301517e+00
2.382026589437151731e+00
3.452007962438770949e+00
3.350047423318365691e+00
2.471729000302622659e+00
3.373545057916896184e+00
4.730853387725555415e+00
4.890344121580532999e+00
2.281535682167554313e+00
3.803388510109202869e+00
4.543884244307274223e+00
1.052151898082744896e+00
3.704195057410021086e+00
3.554672584339837460e+00
2.115591098928450098e+00
3.445992478871022779e+00
5.710454304910566492e+00
3.149734903011639275e+00
4.028196884185330617e+00
3.715297964369626449e+00
3.572063223314500213e+00
2.060246737508123704e+00
3.340444264558128040e+00
3.223795124228577169e+00
2.420646709385176454e+00
3.219662703566025019e+00
2.487354255827397331e+00
4.276024383884546864e+00
3.324585144422981919e+00
1.954460407689477153e+00
3.622084105695369871e+00
3.450338232479679856e+00
4.067545774871573094e+00
3.045924180759989941e+00
3.317722224059487690e+00
3.122133379880088988e+00
4.766621568578631063e+00
4.442881750517202022e+00
4.810442782548714824e+00
3.698998113727239634e+00
2.007176743877935543e+00
4.230065356902031226e+00
3.359454271105733358e+00
4.160382698358625397e+00
4.994697938393512615e+00
4.549659786173392284e+00
3.174882549383277741e+00
3.862129127675570039e+00
4.640345845086072396e-01
4.480022532451553019e+00
3.988730341989036976e+00
3.270217030625303334e+00
4.411503319283608171e+00
4.504835426813248667e+00
3.376010950031735458e+00
4.683386094316506210e+00
3.449408883421292593e+00
4.200284097487191559e+00
3.338774201515963824e+00
4.381532101946528535e+00
3.820847812911761121e+00
4.834784658806575486e+00
3.623186513233117356e+00
3.806378912805944204e+00
4.477602799380116849e+00
1.504343104377272367e+00
4.613843437750733578e+00
4.248804956582192816e+00
2.707599123115906892e+00
4.299986556615686517e+00
3.063323195763917095e+00
4.824661349147670641e+00
5.354296321589294472e+00
3.450504533529184847e+00
4.805524671354847399e+00
5.268806982538171368e+00
3.572689665757644573e+00
3.861702801072969482e+00
4.529621883559330264e+00
4.384886543852246632e+00
3.535643009978791884e+00
5.592023091284653802e+00
1.351676197698066684e+00
3.756681583261721080e+00
4.030982488481031467e+00
4.585221107981865885e+00
4.822307134778744064e+00
5.330526388905662216e+00
3.179881739401154928e+00
3.178045709291375864e+00
2.562665377019786916e+00
3.846968108188449254e+00
4.484845955893029590e+00
3.285189719118481566e+00
4.854081804396709110e+00
3.469070745964685454e+00
2.602698857103173058e+00
4.262231560672485209e+00
3.694391771804979463e+00
3.486528136896676511e+00
3.645864074397230592e+00
3.537844184301349060e+00
4.232741753660680395e+00
4.250421522378872830e+00
2.351974831945239153e+00
4.001525064621793248e+00
4.273851550827598267e+00
3.644480058695442004e+00
3.906779362048951931e+00
3.194101612867406015e+00
2.499137607267401417e+00
4.209400985207947699e+00
3.116787523194580078e+00
3.853611925111864789e+00
4.331648446930034702e+00
3.619916180499024527e+00
3.860249157418384591e+00
3.673162551204395054e+00
4.020210909750445261e+00
3.447895042410371147e+00
4.226704212806715155e+00
3.715733430019903860e+00
3.653421480411968680e+00
4.287111370812511701e+00
2.034549903448598762e+00
4.273300652185215931e+00
1.075959650441575155e+00
4.689852951107350343e+00
4.166423736789061749e+00
2.520972052339401692e+00
4.070696155501283720e+00
2.574762907901696707e+00
3.811805087199894970e+00
3.217637999365714929e+00
3.601047513030544600e+00
3.724160985048751371e+00
1.685688591835563521e+00
3.891091990050492999e+00
2.323612176793597772e+00
2.970174655806182340e+00
3.237225074297485516e+00
4.519768849734578708e+00
2.895460564955036009e+00
3.599369575901075535e+00
3.984579989602655914e+00
4.503800418809934314e+00
3.981048006722370136e+00
4.222449127783466594e+00
4.347861794211825170e+00
4.175639596501768303e+00
3.031432648263411966e+00
3.979218817963114052e+00
3.991169116264867700e+00
3.691133731286165620e+00
4.041673751851318386e+00
4.556467361130234650e+00
3.761363666167422792e+00
2.968431661454326687e+00
3.378859724942827381e+00
3.565354184315311148e+00
3.776234997753038947e+00
3.375023711077902000e+00
3.848446713534074970e+00
4.108787729263143618e+00
2.686902825472333500e+00
3.114373043144708308e+00
1.958411248287899031e+00
3.236882664449961311e+00
1.071525080204916325e+00
4.045246996172131126e+00
3.368912828362530032e+00
3.649561257910664214e+00
4.912765472922129284e+00
3.598559568210931481e+00
3.662536889671039297e+00
4.325630820287040379e+00
3.376278564717316577e+00
4.324764762636827520e+00
2.070598085489514073e+00
3.483688755367765122e+00
3.289330746698348573e+00
2.892640918787244608e+00
4.472195673388009496e+00
3.118654979733471944e+00
4.771362804505324462e+00
4.333069245674114889e+00
3.203519247940193715e+00
3.445252248596890166e+00
5.078012059497014619e+00
1.128466872533000487e+00
3.489183078029200580e+00
2.599954564174145055e+00
4.569214990516889507e+00
4.143264842803145775e+00
2.098335730828394308e+00
4.709315219377273820e+00
3.351553557247719528e+00
2.352607798358513858e+00
4.430838397295049802e+00
3.788663109617179447e+00
4.814000404024028512e+00
2.892923360234961550e+00
3.511538807400934381e+00
3.642239574287010839e+00
4.678757778363292985e+00
3.690453150748783884e+00
5.162522355692041209e+00
4.375306704674282621e+00
9.950094400950290074e-01
3.902304925248786027e+00
3.324511050748720109e+00
3.880995468281299043e+00
3.664834536304330204e+00
1.789959074056204580e+00
3.590300655367222760e+00
4.318434216750982380e+00
3.760521618223470863e+00
4.341515452687166210e+00
4.873019742130997756e+00
3.398057486218436729e+00
4.511598803860437101e+00
4.149652730022268976e+00
2.613836273464715809e+00
3.080756816718235758e+00
3.702739668381692439e+00
5.050521661772479298e+00
3.485579929717856018e+00
2.675103918813739323e+00
4.518491126454331486e+00
3.422222219731099191e+00
3.829055969951944416e+00
4.111658342849470849e+00
4.697175124565084126e+00
2.310961684102618374e+00
3.841037639208195742e+00
4.924410376463216998e+00
4.160778295708320584e+00
4.074321710827517151e+00
3.847407382275592980e+00
3.430864455148719738e+00
3.185957593870086146e+00
3.871510328741061269e+00
3.545747108278292536e+00
3.839024013688354220e+00
3.949773686821653751e+00
4.588742434501278389e+00
1.165803368008928365e+00
3.983885256506983552e+00
3.428449364802160115e+00
3.547109641605515229e+00
3.931129045244437403e+00
2.721189219388997049e+00
3.829974256263569021e+00
3.674351035072356719e+00
4.018352720168006265e+00
2.528811809825664891e+00
3.254581256773076969e+00
1.750484485633010623e+00
1.951227080468162178e+00
3.672363601076137574e+00
4.198899989600921145e+00
4.165340340024305199e+00
3.498521068210901142e+00
4.200842426782365635e+00
3.579291516404927709e+00
3.888730576055895671e+00
3.047730696078064572e+00
3.780359095429059568e+00
5.028709953664242782e+00
1.263049280413526931e+00
4.810188427859638516e+00
4.430914496621720211e+00
9.904523614716144175e-01
4.517524597612442960e+00
3.710664367235127159e+00
4.273531359223244230e+00
5.379763944598679792e+00
2.333437421945470991e+00
4.778431077163710405e+00
3.896618882336432499e+00
4.843011474004573991e+00
4.603914295350275410e+00
3.141656705176715914e+00
4.064615551141426586e+00
4.645493205112586566e+00
2.912199597280045626e+00
4.448837238819717932e+00
5.212564471013428680e+00
3.568792112228884594e+00
4.757402472144158345e+00
3.859223213924169116e+00
3.660832229777299052e+00
4.233359615070519055e+00
4.544986890878194075e+00
3.340740918371171819e+00
1.061655995115170281e+00
4.264795426635270559e+00
4.384466183828623187e+00
4.759026785667912485e+00
3.362501345924669316e+00
5.350577773115634983e+00
2.884752840371276772e+00
3.508217198560747985e+00
4.553057520971773187e+00
3.163286539876446923e+00
3.819017693071152131e+00
4.100578207772340278e+00
4.220622323498790962e+00
3.402105137527195122e+00
9.248717004660454988e-01
3.385881726185207885e+00
4.643504239647991305e+00
2.678273719034112599e+00
5.264765884256273232e+00
3.172486651795739299e+00
3.659705790906808698e+00
3.820001955686239459e+00
2.686176368064904452e+00
4.684124663726773719e+00
4.775568914867066361e+00
3.862100561120160869e+00
2.610758916297862164e+00
2.013372999944658126e+00
1.170782412887749313e+00
2.964397798137155871e+00
4.323449651148092876e+00
3.535679834678909561e+00
3.826676699821013994e+00
2.621706383159042808e+00
4.491999880734240946e+00
4.320781105917670395e+00
2.435915350519666678e+00
3.833337793928568882e+00
3.102064256388873176e+00
4.774839269406387920e+00
4.180762249381802853e+00
3.368058879041591958e+00
4.916032973805515738e+00
4.522703817416648064e+00
4.038399930730895093e+00
3.873607823393119709e+00
3.008660092011894882e+00
4.660194602159394961e+00
2.920455992246753674e+00
4.389929418109637105e+00
2.474381558797668745e+00
4.348352164790616925e+00
4.059743341818617068e+00
3.499267166342987512e+00
3.633539313045172747e+00
2.877767562536977852e+00
5.094498675217475459e+00
3.310872233326806580e+00
2.364239366251573937e+00
2.115590143559435532e+00
4.982953689754167748e+00
3.921824660908721505e+00
2.051041223265817948e+00
4.548262178908268893e+00
6.257061457246316794e-01
5.109389532472291329e+00
1.292313384166402512e+00
2.742859947953036670e+00
1.173657908292484287e+00
3.516601022829913603e+00
2.760786057267254012e+00
3.400024478427226438e+00
3.647651025484772269e+00
4.761335335349518694e+00
3.659333708937655860e+00
3.639156618720225111e+00
3.372863404554087285e+00
3.795599985347901217e+00
4.691556753832905713e+00
3.620409172438930678e+00
3.861845031170731968e+00
1.952606002206680014e+00
4.258378752367963926e+00
3.280835279484433986e+00
3.572360235525821270e+00
3.756253466064433333e+00
5.360025545408480419e+00
5.209600572489061499e+00
3.002000588087675226e+00
3.969470754149678982e+00
4.883366955118758845e+00
2.232334628160136614e+00
3.125226240271772760e+00
2.959253206568251304e+00
4.302618097966092847e+00
4.970803583714297424e+00
3.492278876823795564e+00
1.678002041133772382e+00
3.979793759459169689e+00
3.092317555484435321e+00
3.895471359685001467e+00
3.237526927957916634e+00
5.151111588605836289e+00
4.784178819296973195e+00
2.645186049076145629e+00
3.850349074650250891e+00
4.418794384792263052e+00
3.972878102517665155e+00
4.393448243902909667e+00
5.243248139106930772e+00
3.625814206358576985e+00
4.495940767974303753e+00
4.526348039317761085e+00
3.556910996187010010e+00
5.249396912929723769e+00
2.631402129845240800e+00
3.539164252864582139e+00
4.263118835412015528e+00
4.325402929035645272e+00
3.858616081697296529e+00
5.651003263733796800e+00
3.306270680703353726e+00
3.039297179103825020e+00
4.600882705177868459e+00
5.437593865903369128e+00
9.821853773887928574e-01
3.650762187254429136e+00
3.932239569595834094e+00
4.006209132035511544e+00
5.090372820117615049e+00
3.026904017806109959e+00
4.241726260149687455e+00
5.412799789433314857e+00
3.795904591540335993e+00
4.821859810273987357e+00
2.001107033560651782e+00
5.192871971793021402e+00
3.914339551570918285e+00
4.462442241925761444e+00
4.873449860721889237e+00
4.836803985297034814e+00
4.120183361611590378e+00
4.187684357702981863e+00
2.732477414553496242e+00
3.056815569020223222e+00
3.442051609009606938e+00
5.058069836255222107e+00
4.536334799041263466e+00
2.753437478177178654e+00
4.519583499389535852e+00
5.139270226521027496e+00
1.875863849119255189e+00
4.003629419709153758e+00
4.186696728629598852e+00
4.634881423101329112e+00
3.389490074319410962e+00
4.374984101735194031e+00
4.187732052283340778e+00
2.887695659342938814e+00
3.685698746407725768e+00
3.223494578942869726e+00
2.737970003975460198e+00
3.582924019002353244e+00
1.386242546127924635e+00
2.802530101953323971e+00
4.175002497453891515e+00
4.076531337134103872e+00
5.067042804581752158e+00
3.617388859064207374e+00
1.293058713529970039e+00
2.889213619557753798e+00
3.914906754249805054e+00
5.266020616627431039e+00
4.040537875367453680e+00
3.045130124081718126e+00
3.187857407763844630e+00
5.625526702323020878e+00
2.703735287314772862e+00
3.567987321060558159e+00
3.654015502714056840e+00
3.569421884603542150e+00
2.221923519345512243e+00
3.964762691880124201e+00
1.532409692864932671e+00
3.537219666457970479e+00
4.758190885198466447e+00
2.672496301020144127e+00
5.013162828127343928e+00
5.137986343708847770e+00
1.122422862733897242e+00
5.551308469719083760e+00
3.274193996131093076e+00
4.838519872285493406e+00
5.016824584729023151e+00
3.800768208070347765e+00
3.147147194586263463e+00
4.149972518808476174e+00
3.956692040794239862e+00
4.421655521977734260e+00
4.048355520218487769e+00
4.419726683897464703e+00
4.744287599812420098e+00
2.164891921692155830e+00
2.818000446581877316e+00
5.318812801196605378e+00
4.381580429574572833e+00
4.500136503901541296e+00
3.561792939932541646e+00
6.267642404446516657e+00
4.178906751481352266e+00
1.531323236887198291e+00
1.227113412971400752e+00
3.934657143691192349e+00
3.591070754649072772e+00
3.275959388171905573e+00
2.882653142776938626e+00
4.071308448570866823e+00
3.523705805042854244e+00
3.779367147262637339e+00
3.816473537538615624e+00
5.216556307449709884e+00
4.556014709664548690e+00
3.001429084827376581e+00
4.927823528193835401e+00
2.291406284663780824e+00
3.617374367696133852e+00
4.814703303750805574e+00
2.683535836791576479e+00
9.749838450010011037e-01
4.509302633615924982e+00
2.891196771423586664e+00
3.606744342045905771e+00
4.342879567883716874e+00
3.195948251124309358e+00
2.800681972730302505e+00
4.036171742476113877e+00
4.213096952855127419e+00
3.527526032659005217e+00
3.263836051130527327e+00
3.352164218457947431e+00
3.845359698184393160e+00
5.583837970369718740e+00
1.400527041935974548e+00
3.153171442728952556e+00
4.313481348458504172e+00
4.031212864951457142e+00
3.780780372881871187e+00
4.634174910963315241e+00
2.267993313422063117e+00
3.987657165944809012e+00
3.927886755014298625e+00
4.194464346002047428e+00
3.198586586468187054e+00
1.285302333963370680e+00
3.460415256686257823e+00
1.363820185487734982e+00
3.633175127710504437e+00
4.094402393349317215e+00
5.251532503991935386e+00
3.328617069846883769e+00
3.940547864491341645e+00
2.508965750803073380e+00
4.046962565120258759e+00
4.163581517090908513e+00
4.568559408309529779e+00
3.984999119432252712e+00
2.082518857498067977e+00
3.654354219705464590e+00
3.447955510968729431e+00
2.681760012631485335e+00
3.896889981238454315e+00
3.189902784461852381e+00
4.499344190226152840e+00
3.676587745872661461e+00
3.552725117158311630e+00
2.023290674461426963e+00
3.260112330548102122e+00
4.298243529046700928e+00
4.813333944280651977e+00
3.784910689728985922e+00
4.415390604508100836e+00
2.893160495796854192e+00
4.730756314737449841e+00
6.089131816896809823e+00
2.976486769527833420e+00
5.191526350401570511e+00
3.330586056767271153e+00
4.752165033201221078e+00
4.473632630135456978e+00
1.415152809089679442e+00
3.717876760294831051e+00
5.178430441414340279e+00
3.670622462138435793e+00
2.861133316278801075e+00
3.201775995812441877e+00
5.364299150580925435e+00
4.615345479592113165e+00
4.672653351446859560e+00
4.637064467931880429e+00
3.517165821877648479e+00
3.390979055890165572e+00
3.896109709416034406e+00
3.034459628113652663e+00
1.659246246103846634e+00
5.259235141673986647e+00
3.335553285538609636e+00
4.434103749653419690e+00
4.028365782178427779e+00
4.836737463164136663e+00
3.973642213542889046e+00
3.819835731395660350e+00
3.687721900242894257e+00
3.128385492884330432e+00
2.423529510393300779e+00
3.357899969373374205e+00
2.934256462919370811e+00
2.252881221809306389e+00
3.855697619178974023e+00
3.465927421797378116e+00
3.454043755896023971e+00
3.979729184756253701e+00
2.406857341667812289e+00
3.513913016191949623e+00
3.970450262020845056e+00
4.592056736519356086e+00
4.629470330026681069e+00
4.784266262160339345e+00
3.728230318105175023e+00
3.778435522450153350e+00
5.044028930347490558e+00
3.172219764005273834e+00
3.576624727993776620e+00
3.346494372473507006e+00
2.725197669176558701e+00
4.545647400205571564e+00
4.373739098351443033e+00
3.872467085046990221e+00
4.811674625501350278e+00
3.873375809302594508e+00
3.544538914551734532e+00
4.436470817568574532e+00
4.924381650234776586e+00
4.017461853713681919e+00
3.342864937818615712e+00
4.645291551263441399e+00
3.446001018755120437e+00
3.496125895334561307e+00
3.153835013856485237e+00
3.501143156280501767e+00
4.056531370691327076e+00
2.934100977351689732e+00
2.449799650020345165e+00
3.944317910204584443e+00
4.268094965634587901e+00
2.814619781928103137e+00
2.572795566145444912e+00
3.460275798734711472e+00
3.196159028035480798e+00
4.675949476008302241e+00
4.009021414845909348e+00
2.900882498605917181e+00
9.536284671287809100e-01
3.637660892041339356e+00
3.892851843015018076e+00
9.754327658966183145e-01
2.666060905073202481e+00
4.551119030025148504e+00
3.148540985845488471e+00
4.081597655906710642e+00
4.451336352906631433e+00
2.688134280743120552e+00
5.389250529354543851e+00
5.170121698968957347e+00
3.521712777421373897e+00
3.332555837783727437e+00
3.302214396955088560e+00
9.848971367452504788e-01
3.573786714747816173e+00
5.057206004862189630e+00
4.052018537560322820e+00
3.712599922463325708e+00
3.448613149098116892e+00
4.020468691168340492e+00
3.447044059879589284e+00
2.540755129032264747e+00
3.741245882373971821e+00
5.471074989206926809e+00
4.244834112342096510e+00
4.486250911422150267e+00
5.090635515068063555e+00
3.356637697583969793e+00
3.734187582485234191e+00
2.799899509862624924e+00
3.406470316339641702e+00
3.692586285154047854e+00
1.481693992171169372e+00
5.727433233871235707e+00
4.765539739245034490e+00
5.422887706327318647e+00
3.296596920671128750e+00
4.332799224714023012e+00
4.040061871516660297e+00
4.670283479928569292e+00
3.667776548232428713e+00
5.243378175245251960e+00
3.125680140935729767e+00
4.001700637432301200e+00
5.187117773026709955e+00
3.457723378522167934e+00
3.913939459906942364e+00
3.775835711947244100e+00
4.827692267925455916e+00
5.270851670981664405e+00
2.576037166890261521e+00
3.972936324318325330e+00
4.144493691404613323e+00
5.041793485135311670e+00
3.672537314826012533e+00
3.638277356396714790e+00
3.752764500778235757e+00
4.668004348149515259e+00
3.958831056531521231e+00
4.686636619055144948e+00
4.992132586554919982e+00
2.989276783034247487e+00
2.542096864651776311e+00
2.314064823370840518e+00
1.849707321145209526e+00
3.600959821662448768e+00
2.656024361261317690e+00
4.270335967261891241e+00
1.843722096124709386e+00
3.169851255646208621e+00
4.160807849444253748e+00
5.421342918743767392e+00
1.700006478731348913e+00
4.667988155925238303e+00
4.352399825801655631e+00
2.570062788826753319e+00
3.912563645934208356e+00
5.577691774638644517e+00
3.945079102526540815e+00
3.730180067455889148e+00
4.008762799807093380e+00
5.243214225877089518e+00
3.956724168751052151e+00
3.827005167263506369e+00
3.726257602953825909e+00
2.688466512355195182e+00
2.424563570622817466e+00
3.981049398438559983e+00
3.670480436691018422e+00
4.712142749237475670e+00
2.041767439797526063e+00
4.061529547743494284e+00
3.338136191647236739e+00
1.187458093915079393e+00
3.828039744693407354e+00
2.662443671107982635e+00
1.036795167051550060e+00
4.987484016484859950e+00
3.420859311615943366e+00
4.511618971195678895e+00
2.924027118648325096e+00
5.421346213199290887e+00
3.748221164300327590e+00
3.104290612758549450e+00
3.040072143190676979e+00
4.605489130980779500e+00
3.272138906865361019e+00
3.126210125547872476e+00
3.874484582103622898e+00
3.554349823844006107e+00
3.221428442407146431e+00
4.616730117783486520e+00
3.879139836848322531e+00
4.775441288438723397e+00
5.421871368132893387e+00
3.089996511431825521e+00
3.341912778183326882e+00
3.943667307172368464e+00
4.927218138955025140e+00
3.239412709640120180e+00
4.032868858630794584e+00
3.179550520766432964e+00
2.690212668770616045e+00
4.384063910640796813e+00
3.197262138895686778e+00
5.366160804762890812e+00
3.381820636519691448e+00
2.070504266366807844e+00
2.688035553278070200e+00
3.983417677853346994e+00
3.583889588836549844e+00
4.212925704575398278e+00
2.766884210760719220e+00
4.720886937571632913e+00
2.903269398550715419e+00
4.910452216935572878e+00
4.326008539799129693e+00
1.838712897172718019e+00
3.088578090389674013e+00
3.905847610212505039e+00
3.066551284426129342e+00
4.178096202553327920e+00
2.738960388659947398e+00
3.342624163572086804e+00
3.541808592845917314e+00
4.378629737939847111e+00
4.454308392806972883e+00
2.970834704644744306e+00
2.055148208561764278e+00
2.974179419907875044e+00
3.541224752380584651e+00
3.233587702555510202e+00
3.940737299920487047e+00
3.515975841508255595e+00
3.600112743859689601e+00
3.488099634201355492e+00
4.860213963698945427e+00
1.826466104658675205e+00
2.968744699656419517e+00
1.918221233241798940e+00
5.312534872314827794e+00
1.077062604984742711e+00
4.041462201584530511e+00
4.837249598607790801e+00
4.781309148370331386e+00
2.811075817195387128e+00
3.798899444822173788e+00
3.748661083005187855e+00
4.286990317987823929e+00
3.568195487483426298e+00
4.254414000555750697e+00
4.017350444760878325e+00
2.428541560447618153e+00
3.802084078759925490e+00
2.463065675078374817e+00
3.957520269048827366e+00
4.284767169575366630e+00
3.934176619708192657e+00
4.081156666241859909e+00
2.895419472887184043e+00
2.050514782271684044e+00
3.977035030386113501e+00
3.431552951379505334e+00
3.424951634728685690e+00
5.776970370143798661e+00
9.216564172127811316e-01
4.993700890070268628e+00
1.475093112499219705e+00
3.149028739283959766e+00
4.457498243758618806e+00
5.208390038623966767e+00
4.086326644972407607e+00
5.102615796260725922e+00
3.891984233505409563e+00
1.290054297757818214e+00
5.052044878349707169e+00
3.169166130845476381e+00
3.119124289370143188e+00
2.933165277323012354e+00
4.692140301529749813e+00
3.387535304667719682e+00
3.416382090434872065e+00
4.349943611081457995e+00
3.455479771068203032e+00
1.734669040995172606e+00
3.043433554453063739e+00
3.613276797635792459e+00
3.759198840917286066e+00
5.305779550164874792e+00
4.805600461825787484e+00
3.736961055385463304e+00
3.877855875945789510e+00
3.310605780077387372e+00
4.194327801364573283e+00
4.284466348371028133e+00
4.331567471450078699e+00
3.599138829204147072e+00
5.260868525656289485e+00
2.740695157366135781e+00
3.877967319425909665e+00
3.579229431687083629e+00
4.363209653657434295e+00
3.689493750307466069e+00
2.816267936736113864e+00
4.268820855996068531e+00
2.607277986529596969e+00
3.597945847385688012e+00
4.884919787412543180e+00
4.248649533207399465e+00
4.211943097900249455e+00
3.173280231329815404e+00
5.440450060577178171e+00
4.001668383082730429e+00
2.364552479515528827e+00
5.111178862906709419e+00
3.082440253637673599e+00
3.251568116317668622e+00
3.254383567532387111e+00
4.604088196660220511e+00
2.727232114482842196e+00
4.672186484136664930e+00
2.900326091669986450e+00
3.437570646133139451e+00
3.120757276430334404e+00
3.992292782034698284e+00
3.372021662116934326e+00
2.578372429516515130e+00
4.165409478659400477e+00
3.427587811732998091e+00
3.870612053444854705e+00
4.161509547736613079e+00
4.217142633072954006e+00
3.339069799258354010e+00
3.942153057075254541e+00
3.678436939670516992e+00
3.059545280034529302e+00
3.043537820141975381e+00
3.949184685664042682e+00
4.543859422394194603e+00
3.627037174214488680e+00
4.069965302453237399e+00
4.730271089573489185e+00
3.642358261256563701e+00
1.158352852206551820e+00
3.765364816888708166e+00
3.277648671819409110e+00
4.171855347558659943e+00
3.731359570366652001e+00
3.380834573247851971e+00
4.653413286791587389e+00
3.339621344113195001e+00
3.545481726100626840e+00
5.136751305455659278e+00
3.115709511954782407e+00
5.188787484222225466e+00
4.344144554931740565e+00
3.806832266435273393e+00
3.051907242817980759e+00
5.087919452285649236e+00
3.108272746139253417e+00
3.003923288542972969e+00
3.617645222324187504e+00
4.059460078345790812e+00
3.032792896856378650e+00
4.071318182747751813e+00
1.737461892729660118e+00
2.381594007398929236e+00
4.548537029736227311e+00
4.170943941900393526e+00
2.653766159466129704e+00
3.693482570490111083e+00
4.999048820055417508e+00
4.425095331461658787e+00
3.664986460314622274e+00
4.554940556072993196e+00
4.065139768782709773e+00
5.694450730224309698e-01
2.460729222399053118e+00
2.994008745202530797e+00
3.719231274988951341e+00
2.031003270586638543e+00
2.769542372247896012e+00
3.449811017263695767e+00
4.485520095199110990e+00
2.816821347776916173e+00
4.145564470484692343e+00
1.213316159075392919e+00
3.683339656910167736e+00
1.093936454947678438e+00
3.277863135778294801e+00
3.304851309820980632e+00
2.746831737702652099e+00
3.845046369542003184e+00
3.819179807491281498e+00
4.330195298862183684e+00
4.356870387294028646e+00
2.811119073446936234e+00
2.582632111871248970e+00
3.249279465364503405e+00
4.560535024034998663e+00
3.309158924166780924e+00
3.879630144584119922e+00
2.862862808478652266e+00
3.923092994518892151e+00
3.071741972069504722e+00
3.220237725550926911e+00
8.636440582071105432e-01
3.586663172714247061e+00
3.347130140605965920e+00
3.797393434885072416e+00
3.579196105669770311e+00
3.066247319753385714e+00
3.413902254493865307e+00
4.403461620233403373e+00
3.850373028417484189e+00
3.652542442147204138e+00
3.838771533412812076e+00
4.419700119237143454e+00
5.545366282175132611e+00
4.652648607019287397e+00
5.418543194756725079e+00
1.557116596459850788e+00
2.967784612023276924e+00
1.936082960130261377e+00
3.177229455851305229e+00
4.988679662638747736e+00
3.442874295401358253e+00
4.667906228366588195e+00
5.102114005247336159e+00
4.730300047982985312e+00
4.074025945056773956e+00
4.064401061868059273e+00
4.094750471616337428e+00
3.157012195336738269e+00
3.802897912361896893e+00
2.894654778457862232e+00
2.802561946118513170e+00
3.133282524611530562e+00
5.516086607240798578e+00
1.050214275798887043e+00
1.305128425311716134e+00
3.258389085327651369e+00
3.166386883002282548e+00
3.580432151047385769e+00
2.520486185141906255e+00
3.589622612708969207e+00
3.529899176824606855e+00
3.700548594066598529e+00
3.298861353406880692e+00
2.442583426776917754e+00
2.439310502384916202e+00
2.992835906981964555e+00
3.605125232720489681e+00
4.225508876776474132e+00
9.500693976783387562e-01
3.820454256267274751e+00
2.029584146344818318e+00
4.227351735825258139e+00
3.450412282163111133e+00
3.624935679857793414e+00
2.858819413723298730e+00
2.880499029119213628e+00
4.081470581054531088e+00
4.059097830368193272e+00
2.992615441889396877e+00
3.313801053445984302e+00
3.489924851572790310e+00
4.140407853898608437e+00
4.006024933691058720e+00
3.629981276151573066e+00
3.786664733949252959e+00
3.991696143824562171e+00
3.120129875402651187e+00
4.088915125446289878e+00
4.352154026986162272e+00
4.791870276636975845e+00
3.979026941306242016e+00
3.540176362228269369e+00
4.781756327248889882e+00
2.652333009899010996e+00
3.371762238033328085e+00
5.496704657167899022e+00
3.539450663765679739e+00
3.652555043529534640e+00
4.538823997780619734e+00
4.407594410352894343e+00
3.350541780501092859e+00
1.757441810454482223e+00
1.135892986656275916e+00
4.347131712520416080e+00
3.932225820452033727e+00
3.794875545005255812e+00
2.916732057409761047e+00
3.976149766192488499e+00
3.646475543860775215e+00
4.056923382151930824e+00
3.399429521176894120e+00
3.749754155541611844e+00
2.890459919944057710e+00
3.375314540433802524e+00
4.217599273148921135e+00
4.628400155768239266e+00
4.046920620971879323e+00
5.429776680284225776e+00
2.717807991001662593e+00
1.930493560426886024e+00
4.636353983131250800e+00
5.582077642870389766e+00
3.678468486489574474e+00
4.277798122001662762e+00
5.518327814766001538e+00
9.982369480207100576e-01
4.794163587372288760e+00
3.351006421332055840e+00
4.514369340748223713e+00
2.977273254846568573e+00
3.252520012606058941e+00
4.685577722673035517e+00
4.086486368425443771e+00
3.647952915654842254e+00
3.487060577121476879e+00
3.247170905331968616e+00
3.849854717940020432e+00
3.544259088320414808e+00
4.019318547899268346e+00
3.828255040819194210e+00
2.864273339441055111e+00
4.260873259139338565e+00
4.082513957365089041e+00
3.491782147764390665e+00
3.657733583183746529e+00
4.599888803098877155e+00
4.952117592997700157e+00
4.094343520431601213e+00
1.907439088750754408e+00
1.091821630060046955e+00
4.860248299901425817e+00
4.453684458305769311e+00
3.278105667999576589e+00
5.151651017649096609e+00
3.399583601366851671e+00
4.636426279512656734e+00
3.821922087612862562e+00
4.319349209533556611e+00
5.975966082463791018e+00
2.981270192744065017e+00
3.425758327689016003e+00
3.101208531590904371e+00
3.348969974476053935e+00
5.105612949208430784e+00
3.611635804059699861e+00
4.110334513200413653e+00
3.402857650235475262e+00
4.190503842574870852e+00
4.486447327602405721e+00
3.529317626331502478e+00
4.440031472618873210e+00
2.843083559973524022e+00
2.894828996999855963e+00
3.943817856245266817e+00
4.819376381015084476e+00
4.234336729870467053e+00
2.375467064020079455e+00
3.073798988003220600e+00
2.290381364358436311e+00
3.784534625216444681e+00
2.992021148098832573e+00
1.109665368874732438e+00
3.436617617875934894e+00
4.262635231095979194e+00
3.034132989669330538e+00
3.136410155701769398e+00
3.072329098485964582e+00
3.542053505257286350e+00
3.854460900728557959e+00
4.718240140260718363e+00
2.405690618740193187e+00
4.194862508235536858e+00
3.690413435865637304e+00
3.059646034303778350e+00
2.929851780484528767e+00
4.796094573181464149e+00
2.492135601495273356e+00
3.620643858156586514e+00
4.537442999434602164e+00
3.402060835269474115e+00
4.740254040792027723e+00
2.810233076708285704e+00
2.752796641211291639e+00
4.292580750283763180e+00
1.030575909578645977e+00
4.109187174309946400e+00
4.706881761174106060e+00
3.347687062533727609e+00
3.245968011772367490e+00
3.098221422917557977e+00
2.660759398027679801e+00
4.486832195399687251e+00
2.650049752375955858e+00
3.107245147369852134e+00
4.457993159146719897e+00
5.467158131786757025e+00
3.481696586515206970e+00
3.881273203035365160e+00
4.798702588359608612e+00
4.766489198460828192e+00
3.373695645688440603e+00
3.170667430238913287e+00
3.320134876977146376e+00
4.815355986294194146e+00
4.958148514678634378e+00
3.620630157593067278e+00
3.290897243897031643e+00
3.854279337695626140e+00
4.577301380132432485e+00
2.548359636663450889e+00
4.825174158706546201e+00
5.171516602435890064e+00
4.646348947327635592e+00
3.426666623103761911e+00
3.449807673174217992e+00
4.897697456016664397e+00
1.045302426526887984e+00
3.146898460568967604e+00
3.778060449296215761e+00
1.410612856694148487e+00
3.237237666573967498e+00
3.261258393274122369e+00
4.046551349342970560e+00
3.719925619137374628e+00
4.812129054319137289e+00
4.698199382909240995e+00
3.255348824823687703e+00
3.272877407766188185e+00
5.388815134652498173e+00
3.765261661226170453e+00
4.558003510083183940e+00
3.890089140019266090e+00
4.455309105413197912e+00
3.505928945199902280e+00
4.064850605035877251e+00
9.876718573739059481e-01
5.488468602260561546e+00
3.256528216078810711e+00
3.796608534952877534e+00
2.895746661170880198e+00
4.066742223513501564e+00
4.270229707695641252e+00
5.557180669486682767e+00
2.645986611995746252e+00
3.353765837332227218e+00
4.304793551209072255e+00
1.446905435605557511e+00
3.338706071088234140e+00
2.895936289452272216e+00
5.279554658875691864e+00
4.501837614247253150e+00
4.662956538693209474e+00
3.878103214881471583e+00
3.542269672222505772e+00
4.425933548149759034e+00
5.290233710780047005e+00
3.852408315008480244e+00
4.009190309567483013e+00
5.375398500606007879e+00
4.384633562176239785e+00
3.471701205675949531e+00
3.187024722650795727e+00
5.665653614943050087e+00
3.401906267601820577e+00
2.882071336266520234e+00
3.612977693087914499e+00
3.554850398112693988e+00
4.214303093194279981e+00
3.661652091643297968e+00
3.769505873786087147e+00
3.398278472234653513e+00
5.631555682096611726e+00
3.186504133508885950e+00
5.013536018510433401e+00
3.934968931190096164e+00
3.192810303541863792e+00
1.437552033716854583e+00
2.621852401186119508e+00
4.298442482623684668e+00
2.497275458111656299e+00
5.167944455610285814e+00
5.578901232140719202e+00
2.700985602859312440e+00
4.164996053860842373e+00
5.712344518979506347e+00
4.224305878902529621e+00
4.701587757959257985e+00
5.341814318693271169e+00
4.362722914219491877e+00
3.197669612275659379e+00
4.833812048446849197e+00
3.683576998302313221e+00
4.501612272797348879e+00
3.888938334370186212e+00
4.179917759306582603e+00
3.408276206529467167e+00
3.630553132814007711e+00
1.088609703731417078e+00
3.731626957453991977e+00
4.079190192109551916e+00
3.474809901189892081e+00
3.872605110098025438e+00
2.221611973286177655e+00
5.290291714325563888e+00
2.991940122441478334e+00
3.415628888400524588e+00
2.991542552574893765e+00
1.387190525712330036e+00
2.869089020838188731e+00
4.050136715542040911e+00
2.787153004887362062e+00
2.564015800318516280e+00
3.588451166186913177e+00
3.821290044678923969e+00
3.688202880970574249e+00
5.072483671132941296e+00
2.627786453182288984e+00
3.322554248699460366e+00
4.344507618346764133e+00
3.387316576559801895e+00
4.150137937022384982e+00
3.777959371694294965e+00
4.168251718907765913e+00
3.489692972235075796e+00
3.536894751021494532e+00
3.331673523029655470e+00
4.558908397803654644e+00
3.075432355077444058e+00
3.918362436392451187e+00
3.884565483156638521e+00
3.506377291511749483e+00
3.223967239510900917e+00
4.231861824584501441e+00
2.924797570521444179e+00
3.504737628191919363e+00
4.347658268290112815e+00
1.067876880601833500e+00
3.495586701227427096e+00
4.014947816500171740e+00
3.526317695864063850e+00
4.819191882051616638e+00
3.052547155631859521e+00
3.526696369478418802e+00
3.954686605637462993e+00
4.208746965776598792e+00
5.674430217992031622e+00
3.102969516938932415e+00
3.449938184051208889e+00
4.289721601886617108e+00
2.224764529619605913e+00
3.085339237486167452e+00
4.102392286228756291e+00
4.535365841146921539e+00
3.178966784822679248e+00
3.694722603212309497e+00
4.121729178157920614e+00
3.132706981799641799e+00
4.729540906616207963e+00
4.989556315649187113e+00
3.077413971496041789e+00
3.879654107559443954e+00
1.983567673437936607e+00
4.161880740473960394e+00
3.618802976572217389e+00
3.688750263371478155e+00
2.862225474344404219e+00
4.058678881412940420e+00
2.862298018942853961e+00
3.596800468617685098e+00
4.972077928490723941e+00
3.520302733859819178e+00
4.038165615555762145e+00
3.483394202862244438e+00
4.348089921229773225e+00
4.353579297622307109e+00
3.680261074362267681e+00
3.648565290913286407e+00
3.031839538152330427e+00
3.253124563865412266e+00
3.258829306934017289e+00
3.062696167715009299e+00
2.927628276246675210e+00
3.496078814272908453e+00
3.324515688404899638e+00
2.410990940353916923e+00
3.236014156025880162e+00
4.504784527711324316e+00
3.739886096755841827e+00
3.780703532246112886e+00
4.440060863566269056e+00
3.534306166826683970e+00
3.898014722429858470e+00
4.195838652736518348e+00
2.542458502694657785e+00
1.077096966281277268e+00
2.884199039708600587e+00
4.553614853892439918e+00
2.199260414876138547e+00
3.922389931244465000e+00
1.607222766843755757e+00
3.290389259354339568e+00
3.401800293689861032e+00
3.330869067812972872e+00
3.595499483598371349e+00
4.143095724706882699e+00
3.449575242336890835e+00
4.430316677015734506e+00
4.192240784831965605e+00
3.660794179842813190e+00
2.727515163850417146e+00
3.622771091126609555e+00
4.529998159144025038e+00
4.271664424739197052e+00
4.391342302924130081e+00
4.797628525148814660e+00
3.524722254637801200e+00
3.651010166429332404e+00
3.455950358271739020e+00
3.480618312323209285e+00
4.374130922638183705e+00
3.593404912788597638e+00
3.576547276405618980e+00
5.024599179280725636e+00
3.388182985892167487e+00
2.321104966079466703e+00
3.755360017538392547e+00
3.504160898337038255e+00
3.362679653588064976e+00
5.386088538946138371e+00
5.197690342654267326e+00
3.422082771745329044e+00
3.606031119338527269e+00
3.388441341151517516e+00
3.143504587785999060e+00
4.285152150579253139e+00
7.996658016543682912e-01
3.386358446428026525e+00
4.569167457468716442e+00
3.551474190373790307e+00
3.664241775879772067e+00
3.893005331539373781e+00
3.704256338998118903e+00
3.306476528851627350e+00
4.171295702052743692e+00
4.829867557334603489e+00
3.998245894067457673e+00
5.052954682203686154e+00
4.667864361763052194e+00
3.778361831070435439e+00
4.062779187717278084e+00
4.074400312978881722e+00
3.310944184169854587e+00
4.412485181842855653e+00
4.384169576209304253e+00
4.065211705194591296e+00
3.752001391575284117e+00
1.467712849644518425e+00
4.240518195310279737e+00
4.709501367922191761e+00
1.480560943395682783e+00
1.033740875790267744e+00
3.656365804141334941e+00
3.882624488730825885e+00
4.022279663391866933e+00
3.488055609579288951e+00
4.125926585043628414e+00
4.025790963652747578e+00
3.398689053865086240e+00
3.918165443186403696e+00
2.068703772250607642e+00
4.687844285681504353e+00
4.711918977307933964e+00
3.115444171868984480e+00
3.185270293083648951e+00
4.289753888432006335e+00
4.549247772541429313e+00
4.660005686416635484e+00
2.683696647046944328e+00
5.850315866832655587e+00
3.144404514588587940e+00
3.637229730122245819e+00
5.672297484862839134e+00
3.298942950885377812e+00
3.765570182513821695e+00
4.925772596604674369e+00
2.920948365172871597e+00
4.845795220451550200e+00
5.426299485346959273e+00
3.628445696558466604e+00
4.809712931611673348e+00
2.923749399808873495e+00
3.209321651914368356e+00
3.857439335692316007e+00
2.067485312587392876e+00
5.508316231789643247e+00
3.302760514884773180e+00
3.820788464954014696e+00
2.678872484920140185e+00
2.618754821327768045e+00
3.318668373149912920e+00
5.277496445207938258e+00
3.134559923787418878e+00
5.336650467848067514e+00
1.029204180446032124e+00
4.689881154051530388e+00
3.936717356279411995e+00
3.223973992856753679e+00
2.952832547734889790e+00
4.097353319999935906e+00
3.379581172103539366e+00
4.240576325912869038e+00
4.893897327597310998e+00
3.290330607315078648e+00
3.707393574933217639e+00
3.718129882984546608e+00
4.914450474626212539e+00
4.831013757040871326e+00
1.934574913370681104e+00
4.898727237239796750e+00
4.620950645286067804e+00
4.043008179738511565e+00
3.004122205956684777e+00
4.766493053907780997e+00
3.967872971226525713e+00
3.995167855621864827e+00
3.405552959917247602e+00
5.145366161363654101e+00
5.158572267736248662e+00
2.350634495475953489e+00
5.207176048355325548e+00
4.075583074242852710e+00
4.812668766387548480e+00
2.795879544679839679e+00
3.951602889894461068e+00
4.623325880507810126e+00
4.041977989051654951e+00
2.312687074386816644e+00
3.657308137705726381e+00
1.232011493168952310e+00
3.237234863195003420e+00
2.412774142607855943e+00
1.920970592582679215e+00
3.093666546217723301e+00
5.769984361472139334e+00
1.048766409815349521e+00
4.426043873621761549e+00
2.836946562072990563e+00
4.277949922512740422e+00
3.626223390622727916e+00
5.009555374889191448e+00
3.186334980191734445e+00
1.432122905488758091e+00
3.948725572237564485e+00
3.116066087708649235e+00
4.827925497569180990e+00
3.356708759265985886e+00
3.394620322173572902e+00
1.679227723965538210e+00
3.477675373896098154e+00
1.354328901346375957e+00
4.540067659166147962e+00
3.234543242509966721e+00
1.489925164461225915e+00
3.744607667624938241e+00
4.634680481218495629e+00
3.960683069266791367e+00
4.677274309423773424e+00
3.507628317815354446e+00
1.975635098320940086e+00
3.843494714196655337e+00
3.713791811637405349e+00
4.808478373200324008e+00
3.702586649301796928e+00
4.611855761290467370e+00
3.307717725305843182e+00
3.451704371393329751e+00
5.082548951967375217e+00
4.505915875537492177e+00
3.866196637914314671e+00
4.690999398111443064e+00
1.979499661676152433e+00
4.850489501534504200e+00
4.150345682568270078e+00
5.338079869498484342e+00
3.353208003879019738e+00
4.462853109166432297e+00
4.304035211466866073e+00
4.231961981378049131e+00
5.082801314060660935e+00
4.552291661143623713e+00
2.843247347467588337e+00
2.541612876076741578e+00
3.333825433310063424e+00
3.614824699784876749e+00
3.672864366760309807e+00
5.072784865524323727e+00
2.857575216139488727e+00
4.119891369495957356e+00
1.859245900563762710e+00
4.657079794821293639e+00
1.055130173224102297e+00
3.922712316824812362e+00
4.308740016782564020e+00
3.541017114840088631e+00
3.144757801486814053e+00
3.718455090481826986e+00
4.615866291123816190e+00
3.654964653137709796e+00
3.744953717253212133e+00
4.044589522556566230e+00
3.476370367866357558e+00
9.909064276787599157e-01
3.688591157718010383e+00
9.212037482557985379e-01
1.708235924337002887e+00
3.921819996232517536e+00
3.715883973703296483e+00
3.363112682602335646e+00
5.351232221701928360e+00
3.954393973493901981e+00
4.768103862566905882e+00
3.224457357719344497e+00
2.109594069076231815e+00
4.384612433807117071e+00
2.649192222565842414e+00
3.549555994653136093e+00
3.722846012822209172e+00
4.821065859114426644e+00
1.192494548643973973e+00
3.557393913967723975e+00
4.047303447686129374e+00
4.448562576557838710e+00
3.995422009591610202e+00
3.170679188484975874e+00
3.464253051101977121e+00
4.813972417438973750e+00
5.444623042004177016e+00
3.339993969300018239e+00
5.288012600409015995e+00
2.206339195311734169e+00
3.890273857542148939e+00
3.356154094769835394e-01
4.727490818627866354e+00
3.498820156903499790e+00
3.573784534820704462e+00
4.415443038828359867e+00
3.517004374542460177e+00
4.600985140523771832e+00
3.724429497997775673e+00
4.835103077262412619e+00
4.803862051779551834e+00
1.808266360474810819e+00
4.603649790875333103e+00
1.159522814034657179e+00
4.615777341527480537e+00
3.172966440078180295e+00
3.924697478437505715e+00
3.614852127322105257e+00
4.425607724341411142e+00
3.543047035905342312e+00
4.149966370850659558e+00
3.671262818208207435e+00
4.212158499057348848e+00
3.494819134746005584e+00
5.086772638508656463e+00
4.820270670564656079e+00
4.301805473026583115e+00
2.576636111052807543e+00
3.777298805760831435e+00
1.018027157913775849e+00
2.739742367241273957e+00
3.537052519111112403e+00
3.480344952736305064e+00
3.869471673550215485e+00
2.926949544055994057e+00
2.288116425765927886e+00
3.313572055651441417e+00
3.417987769802949494e+00
4.515193698518991106e+00
3.124185152001101251e+00
4.659254638576771690e+00
3.079997175864970238e+00
3.853250545104485170e+00
4.577340431477672666e+00
4.654168294760457236e+00
4.340633564894573304e+00
4.887666522432911442e+00
3.722686771169033459e+00
3.574498481329143829e+00
4.820436387531257694e+00
3.966921628121190757e+00
3.430561474216189843e+00
3.591364150142586364e+00
4.356979700302745506e+00
5.371160679973285390e+00
3.927238403341787976e+00
3.961389344531765389e+00
3.940479094483533729e+00
3.400059770071720777e+00
4.170207282219029921e+00
3.906576850476444651e+00
1.265297565289912995e+00
4.182189393964989677e+00
5.699459751434613253e+00
3.614434111530870020e+00
3.945159750838038715e+00
4.953247281207634245e+00
3.090187073935855455e+00
4.390398133495072130e+00
4.018470380311267576e+00
1.727427589293901056e+00
4.466560223055444645e+00
3.309045679919246918e+00
4.548120430342752485e+00
3.701874378123436671e+00
4.612222126493943364e+00
4.672884879724971796e+00
2.758104289404756937e+00
2.123669393429836738e+00
3.793645042655160449e+00
3.240708720739749804e+00
4.694728747373198452e+00
5.071508481929676293e+00
4.175873563276511824e+00
3.779644938259263398e+00
3.975697422361072153e+00
1.795268807500909336e+00
4.374973140924678816e+00
4.244080987343605393e+00
5.366032904037072448e+00
4.888684096204630514e+00
4.158933802682723169e+00
1.052484349647889061e+00
3.174473249073737513e+00
2.474330307223020942e+00
3.197600247705580934e+00
2.727521091521952101e+00
2.793855042796862698e+00
3.342295454239335495e+00
3.832152567601116111e+00
2.645875454374559954e+00
2.051977042622811886e+00
3.592050511873382312e+00
2.237145136992429784e+00
3.838128231482059505e+00
2.619986012267149444e+00
2.315170616913256207e+00
2.993606598409171315e+00
3.094213827140306794e+00
2.647596346991227811e+00
3.231030166843373408e+00
3.225813689004619622e+00
3.039568241544326366e+00
3.232926095407759881e+00
2.881678283545004771e+00
3.005243789879033844e+00
2.586557333860185715e+00
9.520424675443589502e-01
3.483412455112071537e+00
5.244101005048960928e+00
2.238420409493335317e+00
4.122096069736285173e+00
3.720243638680498677e+00
4.815163633424331735e+00
3.071679069824435615e+00
2.323557986236493456e+00
3.068861293576361504e+00
3.334910386947980143e+00
4.368852749770502086e+00
2.558507901810136431e+00
5.455768847323755999e+00
1.124121592413179993e+00
3.227905090926521670e+00
3.961043422856817653e+00
3.368528791414556967e+00
3.811102534809660547e+00
5.519833564612167009e+00
2.282984455517075073e+00
8.491650192069271075e-01
4.029399879557556297e+00
3.852322272292862504e+00
4.076977575648092156e+00
4.974549201452990843e+00
5.603845453845990754e+00
3.020399758959192216e+00
3.410344733801671691e+00
3.972248023084704371e+00
2.636588387257271293e+00
3.861474540587271687e+00
5.691950824937068276e+00
3.027064006103317162e+00
5.027921908475287971e+00
5.043898071228254842e+00
4.685562936543599122e+00
3.321329890452738187e+00
3.564226174115295187e+00
4.077134580837235234e+00
4.980486823281387920e+00
5.275241171714033506e+00
2.245817541960472230e+00
1.998071620813985039e+00
3.882337629896375208e+00
1.764594845790247168e+00
2.919053494026202067e+00
1.639144718490893160e+00
4.602915988865075470e+00
3.312644816900716105e+00
4.725738154715450889e+00
5.593110405682495845e+00
3.722255069529625704e+00
1.191469185391403451e+00
2.695554406860293906e+00
4.651729967129981880e+00
4.758342942257220543e+00
1.939954693983468204e+00
2.904132205409827971e+00
5.774512137692499714e+00
2.313060446245438495e+00
2.672227702208441524e+00
4.069442442274437077e+00
4.485850689356499110e+00
3.986862025016260969e+00
4.215592226575698653e+00
3.042280812105949472e+00
3.952982384087388557e+00
4.290378634048481743e+00
3.875591840154333667e+00
5.832642737395602239e+00
3.381327787720664890e+00
3.565222081729077175e+00
3.728857435918867314e+00
3.024776403564770622e+00
4.785228582755047810e+00
4.500261608677018188e+00
3.116813255629177881e+00
4.898660514362285667e+00
4.026697691464942608e+00
4.456452317921445250e+00
2.960521237840918474e+00
4.334186663749709290e+00
4.727531653506295228e+00
3.493081698536720570e+00
1.613579334182603020e+00
4.207519672102856489e+00
3.326922654491543785e+00
3.622111022016706983e+00
5.167672235133820458e+00
3.888541586559298047e+00
1.946794386780858810e+00
4.592995221406075856e+00
3.213412863768873251e+00
3.830023120048908769e+00
3.076516585437500950e+00
2.897356660151797936e+00
5.282759727180104115e+00
4.195443662602607482e+00
3.533019628442032545e+00
3.265933822655033403e+00
3.579947452373227978e+00
2.599390662520809414e+00
4.303865322545913585e+00
3.656298877196676234e+00
3.497098617435878243e+00
3.614110163936065767e+00
3.701658395639939148e+00
4.319010922572848798e+00
3.456940931214646184e+00
1.316464484823521186e+00
3.413352477263226437e+00
4.060145316836289098e+00
3.490791254036165636e+00
2.708079725932073689e+00
3.968143704467531840e+00
2.949030982844866422e+00
5.031755316542568579e+00
3.593620501421488811e+00
3.930487140253255074e+00
3.500197717067066616e+00
3.816690237116828754e+00
5.056340941429926517e+00
5.088781087212141507e+00
2.690407328785621832e+00
2.924612366944170816e+00
5.301962128975326038e+00
3.073540357880955920e+00
4.493201081765746174e+00
3.828829159353159817e+00
4.295373765146425882e+00
3.567812226979275803e+00
3.662554000673412524e+00
3.088855682000775982e+00
3.698666231878436239e+00
5.116761827009545627e+00
3.796587537281700619e+00
3.920597366006867368e+00
5.179345164696496084e+00
8.240642936592749157e-01
4.157933941900035180e+00
4.075320429585134185e+00
3.548415666754254350e+00
3.226699407452175539e+00
4.301182822152678220e+00
4.123938499763466048e+00
3.818226527575140139e+00
1.229861103758825180e+00
3.185631964634025870e+00
3.544599026084244375e+00
3.931688346541209800e+00
3.589891981204504479e+00
4.817152922942406157e+00
4.424747635798931711e+00
3.503269896880182088e+00
3.953482381260833733e+00
2.010998476330289275e+00
3.591370669094610335e+00
3.969677324315079137e+00
3.940667156241099978e+00
5.039294108047460696e+00
2.789814789189529520e+00
4.570317499840392372e+00
4.103446356986147237e+00
3.689897448002389169e+00
3.454784333058826817e+00
5.425529691343455418e+00
3.521526974913989694e+00
2.921660013409945300e+00
3.269247278806980628e+00
2.849202434092268810e+00
3.975930889215741892e+00
1.052259636615871852e+00
4.373024952519706687e+00
4.871681573755425987e+00
2.388828211791079070e+00
3.406952019245964358e+00
3.616540489025686256e+00
3.030976840496807156e+00
4.209887748907232385e+00
4.798843809748358780e+00
3.238284193619806128e+00
4.919993944341119807e+00
4.566851645898855949e+00
2.931670655526340763e+00
3.864917642988265900e+00
5.286376470516603199e+00
3.045724550333573699e+00
3.560761872283680241e+00
3.129008186558570159e+00
4.212505214312833424e+00
3.767873238313703688e+00
5.001677578331590546e+00
4.256888643288657903e+00
4.500453870200857409e+00
4.031977129638878665e+00
3.353508967240992789e+00
4.021029412952711546e+00
3.389369729737120807e+00
3.492053316403971763e+00
4.050997699098611626e+00
3.887005867468943165e+00
4.455767665905115749e+00
4.314615298258325460e+00
1.456439322537623315e+00
3.461240311173253481e+00
3.676123222017990688e+00
3.675504268255101792e+00
2.150557850128246073e+00
4.171638768945119757e+00
2.591035110437980293e+00
4.285017718462793113e+00
1.045364895325568089e+00
3.263910076740310195e+00
3.380996034866621702e+00
3.284658932869369607e+00
3.710862520713951618e+00
5.763025965418385077e+00
2.774082977336308264e+00
3.011336851097671463e+00
3.495244984530224031e+00
2.785691338275732676e+00
3.195160358566112357e+00
3.870997841519304483e+00
3.799866105767762736e+00
3.506774078419548690e+00
3.740570369375004756e+00
4.161959326619770749e+00
2.922584337319565684e+00
3.161287197205965960e+00
3.863087701954500019e+00
3.590163086567462969e+00
1.909182924330470765e+00
4.356382576159383291e+00
4.070227541315963649e+00
3.842534900921322993e+00
5.428803908133925660e+00
4.540397904823397113e+00
3.568559043968285049e+00
2.913582099059536468e+00
5.009289940463053981e+00
2.950544068365288819e+00
3.465852713045330269e+00
5.644343292757927344e+00
2.942703650074920407e+00
2.656495212161408492e+00
3.460382360725718698e+00
2.902479145565381113e+00
5.013089054602157368e+00
3.846344105028692173e+00
3.349682142859853329e+00
3.475334397848787393e+00
2.754512223367231005e+00
3.532053276953670995e+00
4.050114529529063034e+00
2.867469792255447292e+00
4.658104655094893687e+00
3.362492774696606013e+00
2.584061375072509215e+00
4.629987618576453023e+00
3.530516212339400273e+00
4.042889731949836474e+00
3.848929078135664650e+00
3.292695535777514504e+00
2.475225982016950876e+00
2.781281214121807288e+00
3.166126268284835898e+00
4.234837829212123594e+00
2.946981244771490260e+00
3.608543895653246736e+00
5.030018440115628486e+00
6.009157790122757747e-01
4.233759106963803198e+00
4.502016089310568958e+00
4.601628562419294077e+00
3.592256370677663124e+00
3.651315138245283087e+00
4.645127058747635651e+00
3.894923153931886706e+00
3.976311068086153977e+00
2.897507282478636981e+00
3.345028282397459307e+00
3.029249841972612600e+00
3.636586735819351990e+00
3.725037297160421090e+00
3.671276832182375660e+00
3.722236847284583927e+00
4.546876696506709337e+00
4.961757676542139173e+00
5.109089045499230153e+00
5.713225892499505854e+00
3.663616604564866819e+00
3.758160732066659904e+00
3.915189321642805975e+00
4.681007168487404613e+00
3.981166751562229766e+00
3.883300977837564893e+00
2.953032858785046511e+00
5.861883796993250684e+00
3.065646661863027145e+00
9.692637109362907122e-01
4.000222546504108578e+00
4.031641122472616523e+00
5.180287007520369968e+00
4.857675073368863394e+00
2.782689793377694176e+00
4.949575086078510822e+00
1.662088229315425547e+00
2.434839727224737072e+00
3.070028855616322438e+00
3.502327061551893550e+00
5.051464081882195423e+00
2.704154449586098519e+00
2.107184774104635672e+00
3.616719295164613435e+00
4.491859104482466947e+00
3.619323119017838764e+00
4.559984402367653011e+00
4.075218696080715297e+00
4.394870528564291945e+00
2.355940763448114872e+00
4.336842833029368904e+00
4.578511630249652242e+00
3.644097145596257192e+00
3.194000692554995968e+00
3.757259649273351876e+00
2.698473742741565484e+00
1.028047609036062182e+00
4.032153713863843691e+00
2.801976637346949683e+00
3.505312543964324234e+00
2.750778535973109395e+00
4.192315354605907096e+00
3.486765810005017396e+00
4.506371223280183358e+00
4.586987585518370381e+00
2.282609929170963614e+00
3.755423526869752227e+00
1.798301885672693112e+00
3.432928066636244058e+00
2.323252249550529225e+00
4.358484078909485859e+00
4.103729151958982690e+00
4.167149459376561893e+00
4.080122823613105965e+00
3.961505510454008672e+00
3.648890185037171552e+00
4.113791256519477635e+00
2.618581951553084153e+00
2.658451356155806522e+00
4.736115590343199067e+00
4.139278496115331052e+00
3.903408157914997290e+00
5.053893760584609929e+00
4.386914596681612544e+00
1.741500969504828022e+00
3.872582396802882077e+00
4.180827255931205855e+00
5.472174992416730888e+00
3.761098419161385209e+00
2.058435302868336425e+00
3.919543049121278155e+00
3.835751553712850814e+00
4.328979418119102363e+00
4.578132663453042817e+00
3.012719419088303763e+00
3.159022420124828923e+00
3.870200809581832324e+00
4.383413640127514554e+00
5.752587000171381248e+00
3.135938898115227413e+00
2.626722867012067031e+00
4.419185787804468468e+00
3.692302235102919994e+00
3.857779028517843045e+00
4.245549372022545676e+00
4.749112376430921323e+00
3.487213911133919986e+00
4.237935840181268787e+00
2.774207307618904661e+00
2.136968549360378056e+00
4.720162269323612492e+00
1.140306942314422534e+00
4.228423963624384108e+00
3.261073054949658268e+00
4.201369095629901018e+00
1.568596531239983882e+00
2.738235941195759526e+00
3.961096855431709862e+00
4.807801863051365032e+00
2.947600892805906980e+00
4.277780310037939238e+00
3.409775793841841818e+00
5.279149601600980901e+00
3.713807765105752168e+00
4.021864736780814020e+00
4.503701879584301793e+00
1.053379744261543571e+00
3.655165927525571234e+00
4.126381943125708496e+00
5.095547435789316459e+00
3.990958084962225705e+00
4.073080728794902683e+00
4.209667928860868713e+00
4.636146513978239625e+00
1.519817539691374009e+00
3.840553112660386237e+00
5.594878510628395141e+00
2.827619123957616498e+00
3.613669808483043866e+00
3.899104893787150417e+00
3.327412614640063993e+00
5.240413546172352888e+00
4.033004538223906366e+00
2.110976896923242752e+00
3.707255315616840186e+00
4.817601877117200893e+00
4.016323440819763668e+00
3.652541991537134880e+00
3.587306003871203242e+00
3.485632910117742345e+00
4.812458505402255504e+00
5.262677113087036673e+00
3.382599165972837607e+00
4.207492754069069640e+00
3.853367967608455125e+00
3.050164090761994906e+00
2.905369089827949836e+00
5.350266501842737554e+00
2.700777942401319187e+00
3.613294996250927316e+00
5.251655192223408264e+00
4.786071545247696513e+00
5.308196271368609942e+00
3.125373638783936148e+00
3.401917644328950718e+00
1.995865717046582555e+00
4.284877712440190223e+00
1.544126813151035726e+00
3.839898109162101836e+00
4.081640934112447106e+00
3.721141261559657742e+00
4.643288347794273463e+00
4.911378054528446668e+00
3.290471523704304513e+00
2.447856331479890457e+00
4.106012980580448612e+00
2.754258933885709304e+00
4.180121475031802980e+00
4.276879282555362316e+00
4.158057076636749727e+00
4.224176934250451154e+00
4.289179149713578276e+00
4.011680255401080863e+00
3.988181810854595000e+00
5.414598822033738657e+00
2.035626390065052416e+00
4.313756811674322122e+00
2.367567204598759467e+00
2.882040976121492903e+00
2.719047497470460595e+00
1.929615243195325958e+00
5.288120550869707337e+00
2.486987982196565916e+00
8.826997671405705237e-01
4.170895574608057821e+00
2.872497414168451613e+00
3.102255263341897606e+00
4.151739501411194411e+00
2.742437022192611096e+00
3.341603879370710128e+00
3.653079456606993958e+00
4.454417737761390050e+00
4.001361684461714141e+00
4.743254129049727652e+00
4.145087905581290144e+00
3.451495651738219816e+00
3.506467707627045627e+00
3.481254264894843242e+00
3.664002776941559514e+00
1.396160207991286928e+00
4.024811944550877207e+00
3.879771167557783951e+00
3.203945555727099492e+00
3.427400978481807581e+00
4.292442007052836850e+00
4.477903244860867105e+00
3.949246803753672097e+00
1.188326960860622838e+00
3.555141150903660119e+00
4.149771946497131658e+00
3.942496964770335843e+00
2.758724632970750879e+00
3.752563825911758855e+00
3.637873029382189038e+00
9.583105698075444767e-01
5.266877771606266023e+00
4.445778047979426439e+00
5.174537527230651968e+00
4.061049695923549585e+00
5.329210108226538622e+00
5.013856717828275578e+00
3.408575123740226864e+00
4.756399728230054080e+00
5.906035973987002308e+00
3.417124811016165165e+00
3.280069565254627229e+00
2.302082351349490796e+00
4.303921147132492742e+00
1.078629536940574951e+00
2.970676369802641492e+00
3.946972007136306804e+00
4.063021573087609362e+00
4.650465084323172071e+00
4.457564479461130880e+00
4.265829033513691471e+00
4.879020434235384229e+00
3.850515665746876870e+00
4.916746877483144651e+00
4.737806262986802963e+00
5.184522583899991766e+00
3.354386280844826818e+00
3.147787029461646569e+00
1.266897113789100748e+00
4.811181996087579904e+00
3.261399973485671122e+00
3.463582973678049015e+00
4.425776326152345952e+00
2.445992316466705674e+00
4.007669422170310192e+00
3.752858600547428924e+00
2.347515956264494719e+00
3.721705371363170478e+00
3.408081116150732282e+00
1.931803018509044234e+00
5.523177832819062161e+00
2.825191482168510682e+00
4.804128151566083638e+00
4.736442866883144198e+00
3.550176532840138677e+00
4.656232616934369850e-01
4.068794228416985348e+00
4.348257661639664207e+00
3.840991109302133832e+00
3.604386504677731473e+00
3.003147912727063051e+00
3.865219587999566109e+00
4.076757033298754607e+00
3.436599516904452756e+00
2.325544842439070781e+00
2.292446128606529410e+00
2.568968888769165293e+00
3.625593177252878885e+00
2.882200452599461116e+00
4.468568063712477390e+00
6.017292972618553115e+00
3.682446090025394358e+00
4.065508980771906700e+00
4.423718576412242420e+00
4.059967932764708465e+00
3.496110881388069025e+00
3.970878245058857114e+00
9.571228850647515163e-01
4.793612748752325459e+00
4.751289108954744655e+00
5.427476510252080999e+00
3.183235644829234712e+00
3.261074625076152422e+00
3.662569034381014887e+00
4.161748465009024400e+00
4.929432248926690185e+00
3.414741229551211177e+00
3.449211333188397344e+00
3.933571238612927790e+00
3.827560451878677217e+00
9.765781465247638238e-01
3.634042883258805201e+00
3.914865620627661524e+00
4.641377491410452194e+00
1.431975149919642698e+00
3.100953247334361951e+00
3.777368348837582879e+00
3.374818273754993214e+00
4.951592272970329667e+00
2.571409431909903454e+00
4.835207381191530374e+00
5.141383508801562918e+00
5.605370022871137614e+00
3.260744030307630492e+00
4.817901021434772169e+00
5.373872653524226273e+00
3.454068042704304009e+00
4.898012473320754623e+00
3.167664694913260082e+00
3.934771431539866526e+00
5.244643184331359009e+00
2.261706616583928131e+00
4.766162171899831712e+00
5.367177992556470656e+00
3.027354880056797981e+00
3.428013548506736896e+00
2.692399640601975896e+00
4.936541470169792944e+00
3.057154334134775553e+00
4.713538928247968940e+00
3.867705898154752742e+00
3.706550105931098127e+00
4.791839317935915332e+00
4.276650655129031975e+00
3.716046741535460107e+00
4.901275466582355911e+00
3.202114191748156813e+00
5.370845692792887149e+00
3.901023986789432740e+00
3.653458828259809721e+00
3.503799567784938951e+00
2.582193806174459372e+00
2.794956888010343476e+00
4.245306116087841808e+00
4.650886126253293007e+00
3.726981160184753783e+00
3.619375730692254933e+00
3.717841212400103235e+00
2.218197031506856209e+00
4.895679466666680746e+00
3.337565346377647568e+00
4.678229211876762328e+00
4.259227004916981141e-01
3.079918902714359863e+00
4.319511750404471329e+00
4.693252243302143967e+00
3.526119453056022035e+00
3.924096462568213983e+00
3.210931437679544143e+00
3.765299912021744522e+00
3.970598724746064789e+00
4.052311772151629299e+00
5.265379055478792480e+00
4.375374618268601523e+00
1.193597606925000942e+00
4.098152828027458838e+00
3.794808964114753103e+00
4.064090982745246272e+00
3.994985410188463426e+00
4.565363564967325871e+00
2.125236140087910286e+00
5.246922211569992278e+00
3.608536966493563813e+00
3.327946704118530885e+00
3.823855464550186323e+00
3.572808346808646007e+00
2.649660824921521662e+00
3.758490958721226072e+00
1.887653332171079335e+00
4.124544974366983752e+00
4.272288783567576687e+00
3.845021562850154506e+00
3.220323707198344820e+00
2.416552098798576242e+00
3.830259819144494315e+00
3.134563893667598133e+00
3.792564843525767060e+00
3.241984098922926272e+00
3.910330702935871816e+00
5.059678876010555548e+00
3.942378700877962494e+00
3.986087311989098492e+00
3.867886884866942765e+00
4.165164040605932705e+00
3.350657310809074474e+00
4.046205989643667955e+00
4.718386977582685660e+00
4.583442091173378863e+00
3.349435896753087949e+00
3.489753376236278015e+00
6.074034050098752857e+00
3.109691236924215563e+00
3.435872521010795655e+00
3.709425448650862656e+00
3.736716458378829486e+00
5.412195251416393127e+00
3.366133453904933681e+00
5.051966357562786669e+00
5.240669466946711985e+00
2.619682034888826561e+00
3.462832060410275137e+00
2.530315642994771519e+00
2.966608537470111884e+00
4.812485182287675300e+00
9.819307857442743925e-01
4.837903738830263478e+00
3.494365742875929381e+00
3.580397494239424105e+00
1.285650662803313304e+00
3.471647505604940509e+00
4.259808900958471867e+00
3.855251586412960396e+00
3.879922135447732234e+00
4.282370403147506721e+00
4.916265812082517783e+00
3.703446760281518202e+00
5.825314315332377646e+00
5.320758304005297923e+00
1.963566246859127284e+00
2.977106380717316814e+00
3.382420035022328353e+00
5.678650022240150363e+00
3.915515911905188773e+00
4.808330166444386045e+00
4.529114899189338850e+00
1.044395719574245485e+00
5.221088475971591869e+00
4.472925349550846086e+00
3.889831407746546788e+00
1.368518976038188173e+00
3.567554150370382260e+00
3.504573400130512439e+00
2.866760386910075287e+00
4.448524659583863006e+00
4.163482293091711917e+00
5.083277043458143574e+00
3.722230669731064534e+00
5.141137850194782644e+00
3.491035067680420045e+00
6.048806747712902165e+00
9.347121151416858398e-01
4.001201069182819481e+00
3.214028672125683439e+00
4.633720278890081090e+00
4.905545869497488276e+00
3.133930901525471935e+00
3.867242475533984702e+00
5.486549637562053050e+00
4.108148601721176796e+00
5.048933438437031462e+00
3.894457586163026175e+00
3.596400315292294980e+00
3.819108137056020258e+00
3.691139439334300221e+00
3.404689891457725714e+00
3.351965099444153662e+00
3.153902774585878976e+00
3.294499751770343376e+00
5.026829510167476478e+00
2.701833168597164381e+00
4.239726084313778287e+00
4.227984243868641023e+00
9.780043124348205552e-01
3.635947143097553180e+00
3.788201470617807765e+00
5.346604728008125029e+00
3.763445052287366810e+00
4.810215943999736510e+00
3.742924708467394890e+00
3.923866514319358512e+00
2.254480493341568081e+00
4.455398154610842987e+00
2.688101995129034361e+00
3.571336671115586281e+00
5.263703886576091229e+00
4.036500403996787334e+00
4.805654718960989946e+00
5.247685216124300389e+00
1.312139084031114900e+00
3.477485961086822730e+00
5.650971786671745711e+00
3.498546331528508802e+00
5.283067299174579290e+00
4.288294078515244578e+00
3.662073511428045602e+00
4.325467735239282518e+00
3.903951926481805224e+00
3.330961912375649980e+00
3.602737153257418168e+00
2.354889611908936864e+00
3.604666606413349239e+00
3.145331298528090347e+00
2.942337179455525753e+00
3.818203697175662992e+00
4.539175728306260815e+00
2.169517581077669011e+00
3.668573560815499235e+00
4.803279601835376944e+00
3.289628552780854420e+00
3.938211178993074935e+00
4.632512372432271874e+00
3.025649223087540474e+00
3.718651983900066238e+00
4.796445793021475446e+00
1.553438676243816152e+00
3.370265246316729968e+00
4.152974231482501999e+00
4.738772442820785358e+00
2.296297800633825936e+00
3.308873319668647284e+00
3.694660270207759112e+00
4.416546884729678268e+00
4.105181961809378777e+00
5.193055743048890172e+00
2.193391904074996734e+00
4.689214919221403655e+00
6.271779325543222150e+00
3.564187711107087431e+00
4.827938183411331963e+00
4.779325593242531589e+00
5.233957192084354837e+00
3.482058574330748613e+00
4.426557330719433914e+00
5.413254997147463499e+00
3.671319893075136065e+00
3.931191373729598926e+00
4.475555219713479360e+00
4.338945552653791893e+00
4.534626412767668313e+00
5.068553516820140104e+00
5.339387060906142679e+00
4.483011002387068622e+00
3.704163763833229428e+00
3.663919781482504856e+00
3.758898051192083756e+00
4.714677975622232786e+00
3.956928254715994075e+00
6.145805689487434442e+00
3.038789358947702191e+00
3.621692534867534174e+00
3.891587538884468955e+00
2.425122558360927272e+00
2.848165009060039221e+00
4.605255041316695497e+00
3.233995637162654813e+00
2.808492055223831496e+00
5.268650268540011616e+00
4.640774754148123016e+00
4.559300316925770424e+00
4.061954779139163918e+00
3.275146054067473500e+00
3.722253746454363466e+00
3.903571368972421407e+00
3.143977640271531815e+00
4.482908187466968286e+00
4.443221299833519211e+00
4.410172620287262646e+00
3.845646698768880878e+00
3.419881469185270362e+00
5.289579639279683221e+00
3.126063108072007157e+00
3.450818464337753966e+00
3.817023344673400764e+00
3.539064275924824532e+00
3.018163840514435758e+00
3.674640724514873558e+00
2.814069498307534722e+00
4.752726554439385076e+00
4.200479128856653865e+00
3.486630617515751762e+00
3.764532437631418649e+00
4.238578504585330364e+00
3.600120563478153013e+00
5.834752060659432082e+00
5.418949798259280470e+00
3.117162833298197988e+00
3.418277492316771138e+00
6.160476347240715356e+00
3.527851370316043678e+00
3.914206076440516657e+00
4.807490582213632457e+00
3.575814468556219428e+00
4.127090152090782560e+00
3.930623229351107195e+00
5.500672382491889500e+00
3.491642441264301677e+00
3.936778539052061987e+00
4.342479152884808791e+00
3.897268101072666635e+00
3.294440332916260594e+00
3.928702602948064282e+00
3.337192040834080053e+00
4.283967997864158050e+00
3.748780175205688181e+00
9.567573000034033104e-01
4.678190243162318573e+00
3.456836776329219596e+00
3.104323587162103326e+00
9.028625283210069963e-01
3.712239605335791115e+00
4.754950771177731461e+00
2.593699200471633937e+00
5.048520883882155807e+00
2.023756159727800874e+00
3.225403899871822855e+00
3.282390641307777024e+00
2.902061867242175630e+00
4.820064794914785899e+00
4.383834680377436399e+00
2.312316695572230074e+00
3.017473516207156869e+00
2.476775634062605480e+00
3.796437035425240136e+00
5.508284974313399474e+00
3.173855463885169925e+00
3.600102374130765615e+00
5.250655472437382620e+00
4.290811501259086391e+00
3.311172787729137479e+00
3.201241518298630240e+00
4.132396398419528438e+00
4.820960718398983325e+00
3.329321198311666397e+00
3.658872361181073174e+00
3.794674612850045925e+00
4.387185484627273979e+00
3.024601235937665056e+00
4.001581515279802659e+00
3.946270217038770678e+00
1.681374811126154611e+00
4.084230196970739080e+00
4.722934155118389654e+00
5.249851258990335445e+00
1.214961743795953453e+00
3.850083727435591463e+00
4.422031924420302573e+00
5.341067431343136107e+00
3.523940695443538385e+00
4.163894036602928672e+00
2.843432950952591742e+00
4.125543298922189628e+00
4.522847823464510419e+00
3.955294190090541839e+00
3.533537273709568272e+00
4.361812959591573780e+00
3.163523957458599600e+00
4.405771285445376328e+00
3.379017447269716534e+00
3.425522759243023074e+00
3.733549287018645746e+00
4.854865769643488704e+00
3.982062292019703076e+00
3.704323626867243480e+00
2.632585520538453405e+00
3.480574291146138144e+00
3.325286000771594974e+00
3.391988412584713508e+00
3.499857152094296708e+00
4.405062661787884082e+00
4.501161767245728029e+00
4.331164285203350062e+00
4.193688997921787731e+00
3.858413542611985658e+00
3.158416713938816844e+00
4.307337419802599321e+00
3.616617141636778054e+00
3.579979862784615108e+00
4.582193203860125408e+00
4.455661400656899751e+00
3.798895695330450906e+00
3.872541272930996037e+00
3.967361624919683472e+00
5.110905826485176995e+00
4.837035559108218585e+00
4.374739737524862448e+00
1.188140000723469036e+00
3.561908773932497940e+00
3.962417282584627998e+00
1.757313883034555602e+00
4.261265498226284976e+00
3.869709335732240962e+00
4.296247316011976736e+00
4.530195226958722010e+00
5.482792066507045980e+00
3.880868182825882418e+00
3.616885279896740801e+00
5.127463574509616429e+00
4.192987359057802621e+00
1.490692911973391821e+00
5.036839719007486948e+00
2.881819305151887001e+00
4.389712970002283221e+00
4.316568920216758976e+00
4.084633588992876874e+00
3.535423367874776179e+00
3.774596980508565292e+00
4.366720716484560505e+00
3.371115559771968417e+00
5.264341349925928171e+00
3.895026648701660932e+00
3.297673797282938413e+00
3.624603220667770298e+00
1.856195303545220776e+00
5.527729015859258688e+00
4.798088872133885019e+00
4.643137101881721129e+00
3.508960692585953112e+00
4.714830413982822321e+00
1.078619000038470777e+00
3.074580759593355417e+00
3.239139910603358707e+00
4.793939812155873170e+00
5.272365991883154024e+00
3.608884450176780945e+00
3.611120002173727528e+00
3.635936610517890077e+00
2.886311325773080583e+00
4.750353376498154923e+00
4.267197194079879630e+00
4.203456509634858840e+00
4.038215160247284885e+00
4.709739993472483732e+00
4.138679362356674218e+00
4.181793857145782667e+00
3.105231432955447346e+00
4.210707514119898853e+00
4.185648529537526308e+00
4.467704997133326472e+00
2.718826277955619819e+00
4.565735011997587911e+00
2.311862176709042149e+00
4.949720277620424547e+00
4.165110352221253365e+00
4.245208912782424626e+00
2.896798121172204254e+00
3.954762525879302437e+00
3.816482265836818932e+00
3.952888718178916516e+00
4.588127052793575800e+00
3.948655082947023942e+00
5.093459374690636920e+00
4.719746619072443750e+00
1.459078230208372684e+00
4.510626054007349950e+00
4.794242263304273166e+00
4.075121773696662508e+00
6.327874762636364281e+00
4.201242333232277915e+00
3.339361437615269157e+00
2.264725849938482138e+00
4.665988128897286202e+00
5.114251053501285504e+00
4.646783655113907230e+00
4.817808420681268800e+00
1.165226603351338097e+00
4.789344466647268206e+00
4.399865655770012651e+00
3.966803847352088574e+00
5.985792700287325019e+00
3.145263526085517292e+00
4.434286331860501917e+00
6.245867629660343923e+00
2.951144974372478913e+00
2.694049020037218245e+00
4.515343296679145801e+00
4.624555157772420877e+00
3.538184038300022038e+00
4.730173348711688597e+00
3.755787533256170097e+00
3.997686977908296413e+00
3.889224839100896780e+00
3.124683795553179433e+00
4.098827926435347102e+00
5.806218804371630071e+00
3.719280938397755865e+00
4.106500250538557495e+00
4.832191162681217733e+00
4.826805310282562544e+00
2.933221763923373526e+00
3.171733357050644297e+00
3.678720934656572794e+00
3.346630801758486040e+00
3.319921724283199094e+00
1.863950740953431939e+00
3.057865649430968169e+00
3.621674054742070492e+00
2.395675999075101092e+00
3.539394185421246064e+00
5.265453197997992163e+00
3.175716089136531917e+00
3.816608895107991728e+00
4.091387182456163174e+00
3.542611776856246397e+00
3.644789135401674596e+00
1.874040238081238652e+00
4.449333549243518426e+00
2.995998648324778024e+00
3.661925911412369228e+00
1.310989676467647413e+00
2.644391393622281150e+00
4.977612226782038185e+00
1.547752325422811159e+00
3.167617048870805530e+00
5.092301550531093568e+00
1.800142927984920593e+00
2.971448071597342810e+00
3.840006800532183906e+00
4.417443264490573007e+00
3.672636557420597914e+00
4.086185609716391554e+00
3.699281558006628501e+00
2.795520611477571915e+00
4.069645364880504879e+00
5.100484003507991027e+00
3.610817073124794607e+00
4.027504842916240335e+00
5.253671495344636178e+00
3.414921829857500146e+00
3.402194383490465768e+00
3.505286722230021024e+00
4.357805627067186549e+00
3.644204265512970053e+00
3.461851443709357934e+00
3.978082659796773335e+00
4.153048430796951074e+00
3.596716350674906248e+00
1.372385013741532100e+00
3.927069473667229360e+00
3.059151469543385016e+00
3.316456156643381448e+00
4.367479278470760562e+00
3.114385702484622431e+00
5.259603977190028701e+00
6.880226746143707217e-01
3.856281755903986586e+00
4.086168115702569992e+00
4.838379290225666374e+00
3.724222383233865674e+00
2.981139869981586532e+00
2.726383879479225225e+00
5.619988696789904203e+00
3.195706222941968822e+00
5.071942215072056115e+00
4.668223318292715085e+00
4.277116613024679381e+00
5.093772150603943061e+00
3.320366377112279110e+00
3.257800370457549555e+00
2.888555846515680425e+00
3.386689122863873358e+00
3.685554001533703161e+00
3.319194351967017731e+00
3.580318673459792045e+00
3.649759890771215431e+00
3.687655289235588274e+00
4.773235640990136197e+00
4.584142638542415327e+00
4.041104535352730842e+00
5.042201757258912842e+00
3.883314672753894747e+00
5.889496893210192319e+00
3.508027353176853769e+00
3.830393843201251869e+00
2.863471747063276229e+00
3.726859370037929775e+00
3.554749711619049179e+00
4.144875125432925245e+00
3.746568966840265524e+00
3.567914924341884397e+00
3.433978721574923121e+00
3.752989355180259778e+00
5.125367735212026155e+00
2.753560783289302982e+00
2.948106508704859241e+00
3.688078646529560523e+00
3.720350747964272564e+00
3.679240078712152862e+00
2.976251208660940506e+00
2.949632886785392927e+00
5.677175859813402781e+00
1.031659075162868477e+00
3.740505287760675479e+00
4.645673900699178738e+00
3.321016237970025653e+00
4.793085750069699280e+00
3.208933069445968123e+00
3.285126524274160520e+00
3.717976002370110500e+00
2.779857247974836021e+00
3.201436672800960448e+00
4.217431795249908077e+00
3.456925900646063532e+00
2.319116422738715766e+00
3.325008829674263922e+00
3.579591897379076126e+00
3.335280047023743588e+00
4.377252014537247327e+00
3.378608736305453775e+00
3.744242096779642814e+00
4.471119054396452519e+00
4.684728863177273439e+00
4.315607779400931321e+00
3.730276116508124851e+00
3.907175172286063702e+00
3.630334971608085493e+00
5.129312076080175586e+00
4.723694776964758368e+00
4.751675061852679072e+00
3.951186390288584427e+00
3.217629877733775512e+00
3.541570076860680594e+00
4.389769173814277892e+00
1.649619625886688867e+00
3.805852082408476722e+00
3.509250544143248440e+00
3.870823226029221686e+00
3.462826955153814890e+00
4.432148999319168503e+00
4.740816500723400218e+00
3.729028853523980391e+00
2.554405888465967944e+00
3.822779847727307168e+00
4.447023637395672857e+00
4.776985930236235411e+00
4.086769608429776213e+00
4.485383005353477337e+00
3.304712496421148060e+00
4.316606261988790827e+00
5.111851442071573715e+00
3.612321745376075199e+00
4.741950970871201321e+00
1.069411902083775123e+00
4.490784304528051329e+00
4.776096305477497417e+00
3.493394375784431016e+00
4.895121926243313659e+00
4.264762362083429181e+00
1.954309890350137913e+00
3.854511627278206731e+00
4.819025078820472707e+00
3.914993762535728283e+00
2.140673180966536027e+00
4.285908140840827940e+00
3.531828851807737202e+00
2.055913178219148207e+00
3.722807324307753074e+00
4.904345860317932626e+00
3.971840172390415979e+00
3.687583903867627466e+00
2.845022077389161019e+00
3.880673284215245378e+00
2.889119647148637782e+00
4.822689346205528693e+00
3.915172895120121677e+00
2.929631518273692059e+00
4.823052391486101875e+00
3.590845704055053211e+00
3.796767942876059454e+00
3.217643546421974143e+00
1.223182391167039862e+00
2.106457316941622526e+00
3.439663848571468119e+00
3.487559243661534136e+00
3.549067653791394772e+00
3.542047635689405727e+00
4.142982290726731520e+00
3.979891942108988445e+00
3.645191971017496702e+00
4.208326016959677673e+00
3.504913254716380155e+00
3.171029888082589565e+00
4.716296267723619984e+00
4.832843464137191347e+00
3.561506539144630779e+00
1.216663391278299144e+00
4.363686904210340778e+00
3.664352168540771171e+00
4.043608159124382873e+00
3.867579517849375925e+00
4.804666502330722899e+00
2.009148847339365496e+00
3.374057975465736714e+00
3.423939804691292110e+00
3.980381145201504101e+00
3.841755063650105662e+00
4.062385603911959464e+00
5.295346665177367740e+00
5.073688865967501904e+00
4.603042457629562989e+00
2.739917298595263784e+00
3.758840329578509554e+00
4.487114666938150975e+00
3.854031287290502483e+00
5.257419949254789060e+00
5.253438620587953523e+00
4.011310229842038666e+00
3.863350390258218692e+00
5.415607690607568081e+00
3.144482756250021716e+00
3.863631240610527762e+00
3.675905366897518789e+00
3.655563217030227907e+00
3.360893999755899753e+00
3.938343303630651882e+00
4.371530022542161831e+00
2.616951723253061690e+00
5.049519139071148466e+00
4.632112988314589508e+00
3.244497108010564457e+00
3.851600013752193963e+00
4.706673772896570185e+00
4.376664099275012099e+00
2.154480008624938048e+00
3.759768689129737940e+00
4.693056959519168458e+00
3.249528636011459692e+00
4.284206314391247439e+00
3.532872667143752476e+00
4.156647085712680934e+00
4.508529347168588330e+00
3.763997629388132538e+00
4.639811875369427518e+00
4.272466099124269334e+00
4.696435769044460251e+00
4.106144270845755173e+00
3.245785528783255103e+00
3.517655927691146100e+00
3.502477057999889176e+00
4.581706129488618551e+00
4.236322699118612256e+00
4.446071606711111457e+00
3.470024730017436720e+00
1.001824497347693077e+00
4.195339952567251451e+00
1.121413062518530790e+00
4.138483270323668251e+00
2.663442397354173430e+00
3.325267407225529936e+00
5.439891180944106175e+00
3.760604463668513198e+00
4.118318113645355716e+00
6.347443149151116515e+00
3.815868936320280458e+00
4.705593066666660995e+00
4.904289607161098630e+00
2.764964947767327264e+00
4.238343220404693135e+00
1.566874783130320692e+00
3.774597619599399323e+00
3.248703575923740594e+00
5.665274887450231667e+00
2.684164328920803477e+00
3.743393150592637664e+00
3.528611273099642176e+00
3.273274709975681152e+00
3.681998423029373857e+00
5.276312910707934734e+00
5.064704279606883297e+00
3.797137751416685969e+00
3.136952596584214437e+00
8.920619683739468009e-01
4.988124676445355732e+00
3.509646754594246687e+00
4.813181670523983158e+00
3.828270500041213609e+00
3.493966570966446916e+00
4.840613528906135166e+00
4.500909918177862679e+00
4.034686975375614715e+00
5.020767919264467416e+00
2.932015865921712372e+00
4.051020662072403411e+00
5.271900007845331082e+00
4.998744253639550550e+00
3.999228214557714711e+00
4.136030072704834026e+00
3.880450464886803452e+00
4.764968132331362405e+00
4.086517177950159230e+00
4.186608891651460773e+00
3.099593830231357039e+00
3.183425072752974927e+00
3.988647339792816382e+00
3.688703298753932103e+00
3.245894248755985423e+00
5.102000820742689235e+00
2.877067682451385444e+00
3.068415114862125481e+00
3.439319191522377306e+00
3.598572358650609981e+00
2.503506213639195011e+00
3.393866404746268550e+00
4.281221504209705486e+00
4.227905773938808842e+00
3.207946682491270796e+00
3.468550820734137119e+00
4.813833489413940292e+00
3.591580918439294390e+00
4.812879376683922850e+00
4.390533960530331292e+00
3.156382127089527589e+00
4.308893213965817814e+00
1.819016855529634435e+00
2.747260023402194218e+00
5.283758676381258290e+00
1.187650207038360772e+00
3.555068239297926702e+00
5.009984582437947864e+00
3.710571792563920113e+00
3.472030516126287658e+00
3.427062062093303219e+00
5.304892931430179814e+00
4.830282831455448012e+00
5.022682933256954918e+00
4.833911064065073759e+00
3.862052491681327915e+00
4.211225877043725419e+00
5.114765168786531646e+00
3.377897558087846530e+00
4.424859742840052235e+00
4.439129791299624372e+00
3.704234058977119659e+00
4.875473572660755650e+00
3.706246018929749031e+00
4.616971572279965130e+00
4.792850706151270401e+00
3.381433707183811865e+00
3.875776310428546090e+00
3.257270359632320478e+00
3.570154664445101211e+00
3.672635500598212310e+00
4.879322693910923547e+00
4.161695437000921594e+00
4.057513069772480385e+00
3.313236632459481967e+00
1.377618518635838951e+00
4.148118840962767173e+00
3.343264244177969857e+00
3.325583211568042152e+00
4.940414475592254995e+00
4.601779351423732400e+00
3.472989732797956641e+00
5.340292557046243616e+00
3.287544245337720383e+00
5.265112743731195977e+00
1.475416196968319271e+00
3.383079370831142185e+00
3.320729917524880559e+00
4.681914989673190419e+00
4.481923802262651968e+00
2.950039659508679968e+00
3.604089327914739016e+00
3.657354917576239650e+00
4.195413448619106589e+00
3.833740314863786303e+00
4.576628211543752656e+00
4.089315833155356295e+00
5.533627967322313879e+00
3.068718890030124324e+00
2.311286446599162936e+00
5.532851882288455592e+00
5.435879788934235179e+00
4.022124264636589785e+00
1.945862203946898239e+00
5.100987122882158609e+00
3.304719067466857396e+00
4.355151042951353801e+00
3.075264049301657199e+00
1.342848690681373691e+00
3.221615253100602150e+00
1.021442741896921635e+00
4.430052199704118010e+00
3.455145723811921865e+00
5.229503932917225484e+00
5.344441321744182183e+00
2.820372826855371162e+00
3.259703689737023513e+00
4.036444074643242175e+00
3.379144585030469106e+00
3.381485847564235758e+00
4.362713902968978985e+00
4.196028557345462318e+00
3.266764145185135693e+00
4.725366144112697064e+00
2.978354073806554148e+00
2.873866444044567370e+00
4.286897689557942037e+00
5.147158303070265006e+00
3.528192279967444112e+00
2.213964392453573904e+00
3.394848372270694359e+00
3.136363490232922047e+00
5.169207247526744986e+00
3.711014547009508391e+00
3.433202087812343706e+00
3.661337716713564117e+00
3.842954613853023726e+00
3.299278841460635547e+00
4.212787378536376082e+00
2.884638373611965623e+00
4.324640509924150500e+00
3.466642921726564630e+00
4.796923539216805032e+00
3.084058344505406168e+00
5.061961070072108271e+00
4.530681399231697881e+00
3.599501076178384551e+00
5.030346646958667733e+00
3.177031549229634155e+00
3.727271320074734717e+00
3.822732184716769233e+00
2.811295143665586416e+00
4.372741800296275017e+00
4.197804919822095471e+00
2.780573294909027826e+00
4.137759088042849420e+00
4.430931408838223895e+00
2.958500772807285628e+00
4.668462004473496130e+00
1.130092792215768638e+00
3.154944831020640716e+00
3.640141754687764575e+00
3.045772882520690672e+00
4.387938386236581501e+00
3.022110793431417530e+00
2.926916585449416797e+00
4.194478512078768873e+00
2.773439204465597552e+00
3.111314067814638040e+00
4.123276521854733367e+00
2.698564808450528929e+00
4.624120731221247560e+00
4.455098101172001002e+00
3.646362065017396237e+00
4.707206527448737354e+00
4.395423669076416573e+00
3.289251053491808907e+00
3.580367759149625684e+00
5.115489204283533375e+00
3.395155228230795519e+00
3.159006875840441264e+00
3.089286579019236534e+00
3.464497967865587391e+00
4.886434658329974923e+00
3.153335970702601188e+00
4.335815390833064775e+00
3.658281287321452080e+00
4.827995007760454094e+00
3.821785846651783558e+00
4.470948805919459978e+00
3.097856839579094412e+00
3.699316924440414045e+00
1.023802482826713156e+00
5.018021527028984963e+00
3.168283578049829519e+00
5.246675581837143554e+00
4.213746672552345807e+00
4.839244349382000543e+00
3.679684063727933108e+00
3.574854815626638871e+00
3.178126331578120300e+00
3.190372080917525111e+00
3.886806735612540198e+00
3.653642033502335629e+00
4.083064090674627167e+00
4.203596729484863737e+00
4.790727818289258977e+00
4.505179281900591803e+00
2.911106855146118999e+00
4.146501926830931772e+00
4.448611316331625432e+00
3.565156388207988414e+00
5.059904171937603223e+00
2.958442358200610744e+00
3.959642314879809444e+00
5.670633651605074377e+00
2.846896343662412843e+00
4.485441757840934685e+00
4.882306466720180538e+00
1.375471842820241708e+00
3.986741529142103779e+00
4.142117817637060107e+00
3.934270555705993377e+00
2.895172699122030124e+00
3.208589753607118400e+00
5.172475398529821078e+00
3.941499323859542159e+00
2.808190967452332654e+00
3.110953051779604017e+00
3.599024427762855805e+00
4.160399497087957421e+00
4.792999404320315904e+00
5.549852697083182740e+00
3.858999993558350994e+00
3.925368667337289619e+00
3.564041800097618395e+00
2.859833953678196483e+00
4.470101774799282168e+00
3.289578870052126902e+00
1.894158264274088399e+00
3.815098504589265360e+00
2.065147469865677543e+00
3.839282913571778089e+00
4.282170433819898925e+00
2.785702626768820966e+00
4.618348832816040250e+00
3.852789344509072844e+00
1.835050679605441770e+00
4.773431396466332188e+00
4.690093377504148897e+00
1.511470353165873304e+00
3.082315400062729527e+00
4.498230934225197153e+00
6.339951843540734266e+00
3.479133737086324896e+00
4.064715284825950903e+00
3.865085002388363389e+00
4.632170580288073936e+00
4.320621082885110376e+00
2.944129042891368009e+00
3.629823957559920711e+00
3.843676519942845538e+00
3.993047666225730818e+00
5.234848799288619681e+00
3.915839933560106179e+00
3.051199956289508908e+00
5.167653404231319136e+00
1.606914901194916201e+00
3.226924501775733756e+00
3.368121588905916397e+00
3.902215694688803360e+00
3.616339612207539744e+00
4.417512597561898069e+00
3.828535609300010023e+00
4.131294696003022793e+00
4.464057494088353728e+00
2.099255266516868890e+00
4.116898615153380625e+00
4.802629762744881070e+00
3.677192628524782236e+00
3.279803084979055594e+00
4.555886346293608113e+00
2.476396811730040337e+00
3.850862508427671749e+00
4.293036620963411210e+00
4.475162684667842505e+00
2.632515617515515327e+00
3.612098095360526173e+00
5.723345255437294554e+00
3.059575802160453328e+00
4.028763540254244546e+00
4.687949517640420893e+00
5.182517873576913736e+00
5.202175360318439523e+00
4.102824391286881145e+00
3.863529732939015471e+00
2.533446894204804067e+00
3.468311181091564332e+00
4.543037132974459880e+00
2.990008041335908917e+00
3.684729532503677518e+00
4.059811914510698116e+00
4.345510261854528267e+00
4.412905151198767584e+00
2.949907178304709721e+00
5.583184524482008193e+00
1.144727290975267042e+00
5.170107175212946160e+00
4.803800181086121057e+00
4.391738055541066998e+00
3.732339052120364986e+00
4.709959356260432273e+00
4.894954998156482162e+00
2.700944351730702131e+00
1.990145505168584572e+00
1.391518300901228189e+00
3.896545444000696801e+00
3.087769841838202467e+00
3.584882711747116701e+00
1.937162363303092327e+00
3.434864785929804043e+00
4.424793556674444517e+00
3.019305811995477207e+00
4.673166235130843837e+00
3.838353700726817141e+00
3.798294599242934000e-01
4.063396120964180014e+00
4.484192943606196025e+00
5.135230876277470102e+00
4.002393773379858466e+00
4.896445067769564119e+00
3.652974537838381330e+00
4.125922621451869610e+00
4.585244877847117984e+00
2.610498225531263206e+00
3.633826947903445959e+00
3.913044702635383398e+00
4.652565832070572505e+00
4.375855294301916665e+00
4.895704914629025239e+00
3.915215457006475219e+00
3.502257737706886420e+00
2.776589799367750189e+00
5.169044795282681015e+00
1.107988523055208674e+00
3.551905420998610730e+00
1.491582565829810969e+00
5.315608964149077131e+00
4.066506827182620576e+00
4.666151543135778290e+00
4.805035051841612059e+00
3.567432842398646997e+00
4.545389151943089345e+00
4.951850761599595252e+00
3.325778336133649038e+00
4.549938326901489916e+00
4.729675181046927968e+00
3.513198248260587242e+00
5.225657660466338506e+00
3.882065688568994588e+00
3.977245457688177055e+00
3.422739475476212156e+00
3.024067790927623456e+00
3.523454206156361401e+00
2.090332795636358210e+00
5.377886099910176299e+00
1.635969054830939129e+00
2.567667921346166171e+00
4.193579154724392133e+00
5.166081046604110938e+00
2.454452939047901072e+00
3.006613091000843507e+00
1.850380479181469973e+00
4.785269324662784207e+00
3.106074914258422748e+00
4.152197633284220757e+00
4.564567498828322911e+00
3.329517437337194963e+00
4.894703656193914121e+00
4.078116315210039922e+00
5.142029095543917627e+00
3.571745244818024911e+00
5.142693638475555495e+00
4.204638503990371312e+00
4.594343822891779894e+00
3.517168772874730287e+00
5.119732906453577925e+00
2.654700364981668059e+00
4.112224047722362386e+00
3.138968374323857002e+00
3.496292760567073721e+00
4.757549221523106553e+00
4.174915522297621528e+00
3.285728515963883378e+00
4.616066506075204856e+00
5.187554332506878474e+00
4.881942003493513482e+00
1.057720123211874252e+00
5.389288809230810884e+00
2.891192756821649557e+00
3.890412388696661505e+00
2.657251316151891807e+00
4.636012186477524111e+00
2.217127209327718784e+00
4.343716150264495646e+00
2.647550486940489112e+00
4.185188639069867378e+00
3.797163032729902188e+00
3.530546536661822721e+00
3.787207420487618936e+00
5.010725343209515792e+00
1.824257844438762488e+00
3.721281870268925651e+00
1.844968739155439685e+00
4.265070672042168276e+00
3.045566829127255293e+00
4.149909701406123141e-01
6.117467463634730152e+00
4.072207661360850217e+00
3.640688520521246474e+00
3.804875524546715404e+00
5.156188560959072298e+00
5.118716586003594138e+00
2.311962597142349196e+00
3.738553257847086364e+00
4.778775809387044937e+00
5.310020028697941541e+00
4.041482419273409121e+00
4.685315358065496483e+00
4.000296141387822857e+00
2.914611299242172215e+00
4.127875888450175168e+00
4.004249895178571883e+00
4.152767420839937884e+00
2.574853765857246568e+00
4.464688408588722623e+00
4.499856965955070898e+00
4.997011699069572543e+00
2.890137073889454733e+00
5.506972836312093555e+00
3.331937203970817496e+00
5.312975152096938380e+00
5.375696267408053508e+00
4.942073668367793715e+00
3.253337703422014116e+00
4.385985731386524478e+00
4.425475952507604838e+00
3.531356725282501774e+00
5.268552282786547636e+00
1.784889145974998925e+00
3.781330695235474604e+00
3.973315682188532705e+00
2.651364025013184023e+00
3.420513715130776067e+00
3.465886836261355519e+00
4.517585527110603572e+00
2.662319344463030202e+00
3.059386745316288181e+00
4.178665661445151613e+00
2.313064080429499292e+00
3.447067601655228852e+00
3.957328786658665276e+00
1.405513763592916909e+00
3.585058911593823172e+00
2.841087699115381948e+00
4.024920011974999490e+00
3.266767644309945595e+00
4.047623880725321754e+00
4.952010597374287393e+00
3.755928330339500576e+00
3.813388100801549996e+00
4.103710637278108031e+00
4.687658754491494939e+00
3.875480484022690408e+00
3.675509653002484889e+00
4.542396474262895723e+00
2.860844409092044405e+00
3.363533912956745642e+00
4.302793370309435872e+00
2.876652291820543716e+00
2.384759236498020130e+00
4.087777056337343673e+00
3.490092714681159336e+00
4.785275098829921525e+00
2.715294623845560640e+00
3.779516469904089071e+00
3.151020245553776356e+00
4.245125717242331120e+00
3.144841949673072623e+00
2.898528639932744788e+00
3.703466123781486541e+00
3.338554672738914597e+00
4.201399471240230277e+00
1.931926400832817636e+00
3.430612400110134352e+00
2.344910191873656125e+00
5.562625228739237926e+00
3.348204405431213004e+00
4.447583691423780294e+00
2.812352443815495207e+00
5.079813641639378652e+00
4.897238607594968762e+00
3.928145552286391062e+00
3.786660532117696043e+00
3.101330887002250680e+00
4.222694694977133345e+00
2.896176546617852843e+00
2.466737690884079903e+00
3.165856271755134621e+00
2.903353859394285585e+00
1.708106638731696103e+00
4.422912445602993792e+00
2.306388026308126893e+00
4.477118555044109272e+00
4.317331432553874748e+00
5.884023940649614204e+00
4.376612813810591973e+00
1.209192982436344321e+00
3.826946652645110358e+00
4.318159806937734047e+00
5.934837458304036417e+00
3.450181258009466845e+00
9.903385795330431618e-01
1.430013806008624266e+00
5.175123453272546747e+00
4.326800287448612004e+00
5.094542579669839810e+00
2.541374941413788946e+00
5.319764200944143262e+00
5.140056776847178099e+00
3.019875898330748321e+00
3.290462105240823387e+00
2.740531071149122422e+00
4.812074115021270693e+00
4.366851108431969664e+00
4.795295541671899642e+00
3.398830121652240077e+00
4.403466799351700267e+00
4.531014596079413259e+00
5.341677059606604772e+00
3.505797658385902960e+00
2.885126436785785842e+00
4.644700995566744872e+00
3.947801313312494731e+00
3.769492439365372594e+00
3.509922120895062836e+00
4.719443698039137658e+00
4.676870112110075084e+00
3.632857519608412300e+00
4.605310813886728027e+00
2.585658528700931047e+00
3.364355050566783412e+00
1.710565580911189487e+00
4.690333204149455426e+00
4.817631436294592007e+00
2.925979155243552121e+00
3.627663119311334672e+00
4.943890433627439407e+00
5.029374965766592709e+00
6.409809956277564780e+00
4.422664997294170952e+00
3.404970361390790234e+00
4.576330108273479524e+00
2.582181112825574942e+00
4.292157479250570340e+00
3.238142122127242395e+00
4.850967940358488661e+00
3.990356105617845817e+00
2.850871939809516142e+00
3.920440571911945948e+00
3.978608442153042990e+00
3.995012255134486434e+00
3.789094452020267401e+00
3.050291856988565975e+00
4.999224564845294871e+00
4.384514377732855905e+00
3.542201483087636493e+00
4.547486262415691982e+00
3.659676476831940306e+00
3.801466269877469273e+00
2.943708727644106293e+00
4.187319411493176879e+00
3.232115974880246601e+00
1.734955911539686424e+00
5.582932934464251318e+00
3.137403083497605216e+00
4.053895294919103165e+00
4.822445516445339919e+00
2.209070377089890513e+00
1.765594925750628708e+00
5.138046935503936652e+00
3.158935149881161308e+00
4.955385659813864585e+00
3.443259733618885043e+00
4.025180743914236636e+00
5.312567805460025383e+00
4.168997372650218303e+00
3.819699962397347992e+00
3.612438533815645059e+00
3.348431074242232519e+00
3.961017196266883644e+00
4.564796711916971894e+00
4.066501660646342664e+00
5.572888167635120737e+00
2.921682680715825597e+00
5.270304831863624528e+00
4.098566699138745939e+00
4.205531203186802180e+00
4.551863197538012606e+00
3.861395932997657710e+00
2.881669276641811273e+00
4.541941008452892170e+00
3.582932562544780097e+00
2.834855993396686813e+00
3.970616500526321868e+00
2.785030349136760286e+00
5.249081087913384458e+00
3.351555840124059937e+00
3.349100788186057276e+00
3.908006473680474713e+00
4.714115935972018612e+00
5.297821649872132888e+00
4.812099609390848798e+00
4.367973845532513444e+00
4.863982187199749063e+00
2.267654174702636638e+00
4.371011501850976977e+00
4.203358647938982284e-01
3.482076551953806387e+00
3.205193849272280904e+00
4.916822572935506841e+00
1.871449371467201805e+00
3.632389730601415678e+00
5.231496227592758785e+00
3.256532865264737620e+00
1.647664864867999901e+00
3.964211255317533489e+00
3.551134735417268207e+00
4.101146576496390139e+00
3.129234556370542819e+00
3.042142377645265849e+00
3.130623323551428694e+00
4.061644941817479371e+00
4.333126147782349058e+00
4.306758074566521266e+00
3.849401262617893948e+00
2.425821921364228917e+00
2.120136107862810704e+00
2.465845213597482211e+00
3.541135975045230921e+00
3.598140756152819364e+00
4.195128278052086657e+00
3.785004691420105427e+00
4.105823664357457936e+00
5.314712054908445893e+00
4.915382955475791071e+00
4.089513217438748072e+00
4.009888892204585886e+00
4.666758082071636338e+00
3.658209045332006859e+00
4.231431321164333070e+00
3.463233725283426878e+00
4.200588327580550896e+00
4.076467738051306355e+00
5.056240038722281227e+00
1.036167855334924059e+00
2.035294707034532635e+00
2.157442066070386577e+00
4.476782906968343134e+00
3.870624173367957166e+00
5.289856277257267259e+00
2.700055030366334652e+00
2.863441500900491654e+00
5.215361619830428452e+00
4.940748265733580169e+00
3.668136696292400689e+00
4.941564455354589214e+00
2.442923460244329270e+00
4.387629730264261063e+00
3.544546895698998945e+00
5.908808559875945221e+00
3.393018766190609714e+00
3.790293749224514119e+00
1.216548974481914458e+00
2.911028245832677275e+00
4.944532259074526870e+00
3.812480820018757210e+00
3.844852452521901665e+00
3.860221421740096304e+00
3.456785614353695912e+00
4.139719860060320222e+00
3.754166687043399619e+00
1.357350000709118376e+00
4.829141515431627063e+00
3.512812571172065912e+00
3.297200066282014230e+00
3.474864213304799332e+00
4.804768964299975131e+00
5.454984856092496059e+00
2.474138427532247331e+00
2.363153758378775837e+00
4.770047797097551445e+00
3.990150525916028812e+00
2.998618662623810049e+00
3.797481421866118367e+00
2.823012193859466556e+00
4.515685020294532670e+00
3.428566135467681075e+00
3.984416511977673547e+00
3.339635164823912650e+00
3.373839265127258624e+00
3.456084222075852086e+00
4.653480904977125299e+00
3.619062334958497384e+00
3.952671753187884995e+00
2.774140904467908619e+00
4.062122184867053676e+00
4.350831744957279312e+00
3.704640148929321253e+00
1.950256821482918124e+00
3.706727435842272378e+00
1.911109251967392453e+00
4.779298735955697097e+00
3.765135839152784047e+00
3.977465452189368200e+00
3.496357322689545022e+00
3.802084527416567550e+00
3.742701572633813090e+00
2.936787519887435582e+00
4.100634358949770686e+00
1.735675494143633868e+00
4.417909798429022317e+00
4.352137875351207441e+00
3.345065963006675247e+00
4.077766728694491860e+00
4.428048187712915862e+00
4.623996224708646352e+00
1.006756708849619208e+00
4.131560920232487000e+00
3.087376684223699819e+00
5.015197197160042641e+00
6.132115320916963874e+00
2.409928649949933721e+00
4.126191360013458542e+00
6.097636820229294763e+00
3.069847293090690599e+00
2.762969135480637384e+00
3.196889337109071416e+00
3.554660807461993421e+00
4.208993384779736502e+00
3.188613689961563136e+00
3.985269158944914292e+00
3.738467860059672798e+00
4.679760304690315564e+00
3.899413204148332923e+00
3.449333733585555173e+00
3.481170830441675967e+00
3.938184410200936902e+00
3.371861813063578239e+00
3.919728720416507439e+00
3.390885948794931881e+00
1.007885270334599515e+00
3.726992792713966107e+00
3.770457566865704102e+00
3.335469322467877085e+00
3.609286624215561901e+00
3.912920864244459285e+00
3.128335831764738284e+00
4.558252775587626537e+00
2.983091106639416346e+00
3.733367226112614290e+00
3.437035470182570940e+00
4.922686520454550241e+00
1.101416808737978759e+00
3.723993985436113263e+00
4.500215994144313392e+00
4.519979939382847256e+00
4.873290122492252685e+00
4.805572638952121167e+00
3.631048519673868213e+00
4.645874695558126710e+00
3.930302998823960614e+00
4.464700005053063414e+00
4.306330706839320399e+00
4.454706451592259420e+00
5.985812024438368795e+00
4.480304177940997334e+00
2.786651437792536434e+00
4.075751122957795403e+00
4.277180273628597540e+00
3.822287080043123453e+00
4.289460739181478743e+00
3.253409903918311752e+00
4.130626075305428913e+00
3.093614878069192553e+00
4.333619369769029284e+00
2.786183204791333079e+00
3.585709825258200922e+00
3.240178621046974072e+00
2.473915920550449954e+00
4.620342774136235953e+00
4.505474357628518334e+00
3.697948890697301927e+00
4.815898598158183219e+00
4.149296077153285189e+00
2.192193951234407301e+00
3.716738685319234126e+00
4.922617599092061980e+00
3.657155269224738436e+00
2.888751087371785431e+00
3.060072386363593466e+00
1.951804623032407981e+00
1.032865428942081998e+00
4.378783450030677038e+00
5.421025605016227544e+00
2.744281367806413297e+00
4.198512266214349253e+00
5.478232944404252791e+00
3.712725170216435444e+00
4.057045554406745858e+00
4.625802792547787590e+00
3.564105598609002445e+00
4.370348433319959369e+00
4.943273842169451981e+00
4.470340811256106051e+00
3.663435144553929934e+00
4.971202333646266069e+00
4.973732165811039607e+00
4.230644777024473946e+00
4.407138515272407631e+00
4.025920935612412599e+00
3.648672756930547045e+00
5.723634405506959233e+00
3.691836111440859547e+00
3.603062624670251513e+00
3.673695073650375065e+00
4.864864416375314526e+00
2.848832881712922482e+00
3.529051817804948143e+00
3.523742618192331033e+00
3.245775127273343497e+00
3.057952261867932009e+00
4.087285272045997786e+00
3.048948477696304948e+00
2.857355321002850612e+00
4.693899048064917423e+00
5.098009832853849232e+00
4.159200776024009727e+00
4.818911501446374146e+00
4.821684616951452007e+00
4.647637560049350469e+00
3.469407918472802610e+00
4.934832517027999188e+00
3.917080035755194256e+00
3.552210061812554276e+00
4.227437556327929613e+00
4.132951592856061396e+00
3.229491273999412826e+00
4.095919912097002680e+00
6.030414615957687019e+00
4.612777121676204573e+00
4.836430886104107429e+00
4.084003695730870298e+00
4.464515313737483559e+00
4.038587025892961258e+00
4.844872210075336305e+00
4.484748965795435360e+00
4.575170818067540779e+00
4.804875629503385426e+00
3.533443001876014566e+00
3.593794954822034260e+00
5.401710683848278016e+00
4.686806015307256601e+00
4.758972883464217318e+00
5.430306809583469452e+00
3.679470318674439966e+00
5.354105148131616865e+00
5.712712558105999427e+00
3.490210101448288693e+00
4.691090195064801627e+00
3.520786045732467784e+00
4.090110757091629523e+00
3.113262790638410493e+00
3.713708160088508237e+00
4.043170759248666535e+00
3.376657425471415674e+00
3.788886773504499317e+00
3.767761276715330787e+00
3.825737020130730581e+00
3.943450307028081969e+00
4.556399459217599812e+00
3.895662198399735932e+00
4.221356581066189051e+00
4.231493913118224093e+00
5.244505945872313113e+00
3.973721015217853925e+00
3.162032852721544884e+00
5.023097253845993926e+00
3.921051747134084664e+00
4.224113908865371414e+00
4.814549603367216157e+00
4.793766084848000375e+00
4.332672478496394142e+00
4.486798285354522520e+00
4.665208329265356113e+00
5.166754429748523059e+00
3.592794114918520076e+00
2.657703160630479733e+00
3.902349203196460614e+00
3.688569460926424792e+00
4.381057017860292113e+00
2.494559404595762420e+00
5.802726407587086577e+00
3.488722449014663773e+00
4.770099612257285848e+00
4.324464626183515570e+00
1.745584398795507530e+00
3.966662297807092674e+00
2.623603721335203254e+00
5.857651055094219572e+00
4.304429980390312771e+00
4.785938431425662110e+00
3.366326473290294441e+00
4.696509645905052821e+00
3.422985047783765111e+00
2.574507603835651803e+00
2.527845659105204312e+00
3.479251879922515389e+00
3.003718310982248063e+00
1.104096737296851538e+00
3.150276621619260364e+00
5.676625226185235462e+00
5.214885663587983444e+00
4.759156337491117661e+00
3.094653410446978281e+00
2.967225043989426769e+00
2.671024966382619326e+00
5.320798808700614835e+00
3.352465668105895968e+00
4.848956424908481111e+00
3.009548072301138966e+00
4.797015061349000575e+00
3.734594633970479194e+00
3.784871699332187589e+00
2.841454799481070381e+00
3.864287448172363248e+00
2.625003449838589020e+00
3.958547750121044206e+00
3.451244679218289590e+00
4.526547497933251840e+00
4.455035397620076942e+00
3.694797565834281539e+00
4.447838435541539681e+00
3.460322626260876167e+00
4.821178008865987685e+00
4.021969442599075961e+00
4.814001201383728556e+00
3.676925030032751618e+00
5.264398689350522353e+00
4.371940027105448046e+00
3.541824481906312716e+00
2.287640140011908851e+00
4.296359536248385957e+00
3.890726510996301180e+00
3.819156487252854504e+00
4.669824182563234949e+00
3.460444340086329174e+00
2.301180756591778565e+00
5.068534116125508859e+00
1.049954065271644588e+00
2.750812565832315482e+00
5.464424762572138050e+00
3.314365176372657817e+00
3.852135263374290908e+00
5.284499229662284137e+00
3.187206810515896827e+00
1.356165760145401133e+00
3.703257305632299268e+00
4.142082730302441007e+00
4.297747717102003762e+00
4.009373747129409082e+00
5.026612768282026522e+00
4.411209025085557123e+00
1.366325901118710107e+00
4.493114947942911996e+00
2.945467837396309463e+00
1.643812286212712248e+00
3.168382321371513655e+00
3.527033461353036525e+00
3.659217696540836950e+00
4.850014461672059518e+00
4.364504864783260274e+00
4.679661101680510527e+00
5.291137398251818169e+00
5.047670182164951669e+00
4.353465150468099232e+00
3.525448546423419760e+00
6.051248471813936547e+00
2.755516549342750920e+00
3.149941410412623988e+00
3.850780412612226478e+00
4.107354180788606257e+00
3.225138934951274461e+00
2.763408893107702990e+00
2.056594573088525557e+00
4.450784985773927893e+00
3.866482779694325078e+00
3.991868952416460115e+00
4.267512172326898501e+00
5.335532744474180689e+00
2.881992114671134697e+00
3.929551991231543528e+00
2.941977857751378878e+00
4.116073212841246942e+00
2.902194326953615899e+00
4.872791554076412623e+00
3.190951100157004561e+00
4.092282712106267262e+00
3.398513776644459750e+00
4.806536357655392777e+00
3.442788449424273978e+00
4.351842009905415587e+00
2.902091344279575047e+00
2.904470595731465821e+00
4.190819435878165855e+00
2.901541976150163293e+00
3.834702365255942436e+00
3.548855517128365555e+00
4.073222070101189196e+00
4.021054861208344988e+00
4.882788484882891744e+00
3.394115322540236068e+00
2.602371184420463557e+00
5.415155036158050272e+00
3.417405786136819223e+00
2.887145481037955541e+00
3.619647659194335176e+00
4.024226441195137838e+00
4.493984863831363974e+00
3.911664386103218316e+00
4.365731009779955762e+00
3.914175284714650260e+00
1.634842951267081235e+00
2.492109358001826536e+00
4.865722634932372337e+00
1.050879419589510366e+00
4.311550265201627319e+00
4.480364130346147000e+00
3.988514460182131405e+00
3.863182877800861448e+00
3.730170636352196922e+00
3.733283755719217556e+00
5.674841003484644375e+00
4.574519261959817840e+00
1.951468054972953947e+00
5.088744772305812347e+00
3.834731328799433570e+00
2.964150646287182944e+00
2.849833476562805501e+00
3.614759147541816819e+00
2.600498383152852977e+00
2.397555405937922490e+00
3.974446570193152173e+00
4.304505346809941457e+00
4.713822118840597319e+00
4.698994065386157715e+00
3.036523886115357840e+00
2.899125453053052581e+00
4.397961077736740165e+00
4.711787499116891098e+00
5.456142075475598041e+00
4.380015270117461057e+00
4.911199924940501838e+00
2.908381542742818571e+00
1.872983972174314227e+00
2.877294664336354391e+00
3.893897371251018757e+00
1.956148337991268971e+00
4.212861982166349328e+00
2.577225810861645261e+00
3.494105805313197699e+00
3.815593472626568783e+00
4.701159944899893084e+00
3.814636320632299959e+00
3.407782512313325629e+00
4.826818410028180573e+00
4.163333884484083924e+00
5.269287083926023740e+00
5.259967618410383849e+00
3.453248417327186015e+00
4.791104056593550986e+00
5.060713942857542946e+00
3.078977312634377572e+00
4.224743220923799392e+00
3.332569939800495540e+00
2.872509849645166202e+00
3.259587364871443071e+00
3.951866695069889523e+00
3.688387037091885201e+00
4.459137585940198711e+00
1.103789667312266243e+00
4.092301535607957952e+00
4.560941138071080481e+00
4.700639081485061155e+00
5.327091953022501158e+00
4.364784465293993776e+00
3.559649320028875685e+00
5.134575976182846446e+00
4.973692067590286925e+00
3.191975916375564104e+00
2.801191137537145437e+00
4.600948438317052691e+00
3.727326774706096302e+00
4.910005405417631863e+00
4.274839967162375132e+00
4.371416319818967722e+00
3.792151144668806761e+00
3.679225751006069522e+00
3.234127262751939291e+00
3.578537115904956600e+00
3.844769810272813171e+00
4.030615687600370478e+00
3.491150008398420823e+00
3.743600054908213792e+00
5.409637360384682125e+00
4.934185664926631354e+00
5.394699345972466809e+00
5.876422573916333825e+00
3.806823352143873240e+00
5.423297318988241855e+00
6.003501875237866159e+00
3.467008329756339879e+00
2.538672427737123094e+00
3.946334488448231870e+00
3.833061902468530402e+00
3.622249238550575789e+00
5.699123710893188921e+00
4.633980114713929233e+00
4.775037381235008205e+00
4.157872071483593501e+00
4.586013713201547048e+00
3.393441266690980562e+00
3.833583458836033575e+00
4.495767326909099637e+00
4.221683362875428891e+00
5.337753541485261266e+00
5.838907591426748311e+00
5.289281011133039279e+00
5.041501223537831144e+00
4.189928168122054153e+00
4.609420928212974111e+00
2.798436135803217262e+00
2.992375437900887114e+00
4.665278868960592185e+00
3.860229758383312504e+00
4.745477756036907024e+00
3.297966984640116284e+00
3.729888704752610806e+00
4.144745664669836849e+00
3.704867211589279563e+00
4.932917463187606266e+00
3.284368770946815452e+00
1.236139677628682376e+00
4.001171044344852490e+00
3.999302917438917859e+00
3.728894901875704271e+00
5.573742726249178325e+00
4.895830033076494558e+00
2.962436661327615184e+00
4.327401430702261464e+00
5.568335009750870590e+00
4.489712620603695470e+00
4.022224676909315733e+00
3.948825284275444769e+00
4.378033952515298033e+00
5.085250206887714342e+00
5.217898168063769049e+00
4.470338035334013860e+00
4.087011045983920177e+00
4.461610903212609891e+00
4.052600920498943715e+00
1.188673049901671552e+00
3.629514754505449581e+00
3.429476752464586831e+00
3.392014453302071519e+00
4.049072735967129688e+00
2.321992197872968511e+00
4.056982415264378972e+00
6.008248605654437746e+00
3.304289162589228113e+00
3.072541329009410127e+00
4.784587526167310756e+00
4.521749097468581446e+00
4.798785648589231734e+00
4.890427457394554089e+00
3.582937314257421235e+00
4.836847550865828183e+00
4.328011968389260389e+00
5.162020958481189581e+00
4.313357175687129619e+00
2.607094024029712909e+00
4.236050760490395639e+00
3.992638133158974423e+00
4.253033306682514336e+00
4.794486604705331168e+00
3.767608460737577492e+00
4.596053274271088007e+00
3.037470299114070293e+00
3.861881979858352576e+00
3.285021735809280585e+00
1.037222955553757764e+00
5.277868441530128685e+00
3.471369927183371118e+00
3.672470566635290812e+00
4.736257660267053637e+00
4.284819768595352407e+00
1.940719210281202090e+00
3.380935788773559381e+00
3.072001296782455260e+00
3.394332123008662272e+00
4.381843698894648753e+00
4.216700561471364850e+00
2.944747693175457925e+00
3.594547431752425304e+00
3.265158996243660461e+00
4.083631401274545603e+00
5.963824117738319330e+00
3.260520119615162749e+00
3.750681785179116989e+00
4.114905399939799757e+00
4.218262092405232089e+00
2.727547741587146302e+00
2.884087661886732601e+00
3.973468941174849167e+00
1.866309406493291245e+00
3.196489022959454473e+00
2.406183593195672987e+00
3.449466246126467794e+00
3.460637288187689453e+00
3.667795813411666828e+00
4.591975492860346009e+00
3.812942959372962459e+00
2.441082489479531770e+00
5.158104367071443264e+00
1.361153401388854656e+00
4.146832129342771900e+00
4.707922878098556474e+00
5.130056985273605541e+00
4.798830507135542156e+00
4.549161784886543103e+00
3.724338385451482658e+00
3.229706924693490855e+00
5.456193464975575225e+00
3.245415360936753313e+00
5.087273856928691274e+00
3.434383089964160973e+00
4.747234818981396209e+00
4.529513922556992256e+00
3.225983479353528693e+00
3.084434314868272242e+00
4.056689265085955398e+00
2.510141722023064403e+00
3.338026102409334062e+00
3.897212665294334855e+00
4.382423417057869308e+00
2.319719808381052406e+00
3.686228149822646127e+00
3.489539403023415254e+00
4.273910770853833085e+00
2.724766127610084521e+00
1.007776838491686533e+00
2.385045719810089171e+00
4.060990447072501119e+00
4.664049924289724203e+00
4.067865349488763549e+00
3.755082994936990826e+00
4.574837215526996737e+00
3.820956171679841251e+00
2.839546979149533357e+00
3.846201563381379529e+00
4.556172815673651399e+00
4.026829927507985296e+00
4.312840863311187434e+00
3.803194081561183992e+00
4.109674612036406494e+00
4.157156347618831127e+00
3.780024745530115915e+00
2.952457147656721848e+00
4.229719333013690630e+00
4.770396090623150620e+00
4.233000560095337761e+00
3.364877003507886322e+00
4.857275731005912256e+00
4.195754146017447006e+00
4.667951971833780078e+00
4.370773270526576937e+00
3.235754306883425802e+00
4.049884374015030097e+00
5.219015455204152332e+00
3.241907475318003939e+00
3.327628908627755955e+00
2.801806336832513455e+00
5.051041759219113914e+00
2.891055402152521214e+00
5.179718950369921693e+00
3.896972872185910042e+00
3.200295924221740140e+00
1.740536250475485325e+00
3.447561827409105994e+00
4.703286997642364575e+00
4.242668781892984242e+00
3.685874053510205695e+00
3.324701381670683631e+00
3.802179443573681095e+00
3.190890600831469914e+00
2.291068989353082230e+00
4.933200834988644701e+00
4.560484454559083467e+00
4.891984436875855380e+00
5.227356699906729354e+00
3.714021601860341804e+00
3.023878931475397103e+00
4.466750967742854073e+00
4.540275002716526842e+00
5.562438288850820811e+00
4.317103712757349498e+00
5.868944168535869643e+00
3.855840487253563431e+00
4.812413865856820294e+00
5.476702687745451215e+00
4.400015826550859543e+00
2.876076683873152184e+00
4.686604679383243877e+00
4.748279520476649473e+00
3.640576112877052850e+00
5.354253099370238633e-01
3.392026879863114797e+00
2.473928353649912815e+00
3.824551986399393755e+00
4.149794829925357753e+00
3.876529128876890162e+00
2.956118030193641832e+00
2.123101303535474216e+00
2.275070394759206138e+00
4.651498049521783251e+00
5.457970994765789285e+00
3.629719135785455020e+00
3.545297862290203383e+00
5.745402529930781377e+00
4.310797257314041175e+00
4.018778191137173827e+00
4.828327455583377947e+00
5.745523968185480612e+00
2.170338205286743705e+00
3.714062138477402630e+00
4.980283906647157366e+00
3.564285274182648511e+00
3.599962244020658897e+00
4.262065282624790896e+00
1.128883245194617801e+00
2.708041675359929457e+00
3.718663703363959350e+00
3.812500267916496099e+00
3.469967772765464975e+00
4.082846489577324434e+00
4.302586026323677260e+00
3.558231776334796148e+00
3.475032800860897719e+00
4.115917590191238595e+00
3.665330278572510370e+00
3.845538971106614134e+00
3.758387178315305999e+00
4.456639630183603096e+00
3.258830586864080558e+00
5.464475832151423518e+00
3.534120210201258327e+00
5.752427714766094269e+00
4.223878583503523743e+00
4.287841471883194977e+00
3.564107440246068848e+00
3.448690951067832078e+00
3.469584739661832451e+00
5.041031155298309585e+00
3.237819244267682084e+00
3.613975363463241219e+00
3.942747646679768181e+00
3.439204224397787613e+00
4.818856782215051204e+00
3.962601727020248266e+00
3.571128619969996976e+00
2.925435630155637678e+00
4.909175567235724458e+00
3.151900621237330835e+00
2.552255603210962676e+00
3.488652438632136921e+00
4.194226700826908960e+00
3.490222255075373425e+00
5.114152624596544960e+00
1.107806203669294165e+00
4.161102021530512118e+00
2.535004324187965175e+00
4.256218202927264826e+00
3.680210119354212051e+00
4.295407055572351140e+00
3.031282018227705599e+00
3.295200583361338698e+00
4.636681874697501371e+00
4.517419220890944942e+00
2.125697422707568673e+00
3.067513780600466422e+00
2.296268833913933438e+00
3.895535460766623270e+00
3.787695330678676697e+00
4.522610974570260289e+00
4.121544734965856271e+00
3.851777967840882333e+00
2.944656462615227621e+00
3.304016702059483723e+00
3.838119979978323215e+00
4.195765695758463032e+00
2.865036910465528219e+00
1.168571615706240463e+00
3.292659056035386556e+00
3.521577942644492865e+00
4.616750956634318115e+00
4.605874084277635561e+00
3.198295340743899651e+00
3.537739989549426145e+00
3.591488142565258723e+00
3.182757541313193439e+00
3.078103746516560602e+00
4.697793307969614141e+00
3.606908257200434953e+00
4.995607586655773424e+00
3.081736571825429927e+00
3.217249891021988883e+00
4.069587554439825894e+00
2.838289565238461432e+00
3.078837356023744753e+00
1.276571008948460095e+00
4.123110218900613688e+00
1.156470841511618275e+00
3.488690509439087428e+00
4.781252518162901310e+00
3.034104697965091191e+00
1.286857432114547617e+00
3.561901175229109207e+00
3.678473988729081601e+00
3.090740630462555316e+00
3.972966851917508979e+00
4.536555889296328914e+00
5.266867068266895657e+00
4.205946478274350753e+00
4.152552559875627658e+00
3.862146970310417426e+00
3.136003721822016033e+00
3.433782628281330851e+00
2.532847375190487860e+00
5.577624800778149705e+00
4.669190250392546204e+00
4.403352551310593554e+00
3.191770155182187541e+00
3.807011886097072306e+00
4.719688398895655723e+00
4.293746396117034791e+00
2.612990242774303251e+00
2.762615519620494897e+00
3.564704625084738510e+00
3.283669904460426725e+00
2.986820116499418365e+00
5.602037471259186496e+00
3.644316502883571562e+00
2.877154267822784384e+00
3.161477095814609672e+00
4.371314793140013144e+00
4.804457037452530166e+00
5.196942641986263212e+00
4.880446959365165149e+00
4.585774579940926188e+00
2.935929627593039104e+00
3.376811835179615695e+00
4.048486410662805568e+00
3.494336584221211961e+00
3.853105501105950736e+00
4.200112281203068676e+00
3.454528426323921764e+00
4.841047712156338889e+00
4.401767162931838229e+00
3.491862779992136900e+00
3.246785012838007578e+00
4.625931919108723811e+00
3.153328307440478540e+00
3.219960041237157622e+00
4.231703186316774890e+00
3.009040949833955647e+00
4.842103218112156604e+00
3.159611950334441310e+00
3.868216662392250704e+00
3.617429523871892094e+00
3.407938214222940854e+00
3.399463260542188170e+00
4.563900502338276155e+00
5.582243279272994130e+00
2.865726659391007125e+00
3.729766113123864635e+00
3.954721047467788075e+00
3.838647590748652583e+00
3.618780256796287009e+00
4.175414647116260980e+00
4.110019022689340495e+00
3.076561041089973969e+00
1.418103173949784690e+00
1.542715898417310827e+00
4.829222751048899198e+00
3.717274434675156503e+00
4.397869626688665434e+00
5.431921043248779668e+00
3.460804067496930259e+00
3.284351293674236949e+00
6.261585907828098208e+00
1.021741401612276778e+00
4.429848665061126844e+00
4.680646641327175672e+00
3.179338902307424330e+00
3.616885800034657983e+00
4.033076677558709577e-01
3.186410588663632026e+00
4.011142791807461805e+00
3.076873963288135450e+00
3.156820845318330182e+00
4.118757685052757189e+00
6.131512154303892181e+00
3.325269361111683253e+00
4.169827888931317617e+00
4.120956719939806057e+00
4.136882234623366017e+00
3.803606658549188335e+00
4.148238449412641415e+00
3.777628294548606380e+00
3.914980642877365469e+00
4.954245666879907972e+00
4.321000717900106203e+00
4.632384507528060524e+00
4.529815846216936670e+00
1.583964487359009965e+00
3.441878244004059173e+00
4.659696824572175267e+00
3.744243213433232853e+00
3.966780270967106059e+00
3.686051651852807698e+00
3.851836249868346052e+00
4.345014045657265456e+00
3.345453876552087813e+00
4.217494456794528723e+00
9.932697284209622834e-01
3.486272540757028082e+00
3.418819367489085437e+00
4.310020992069533818e+00
5.515368652403942029e+00
4.372128903298601266e+00
3.380601919613790862e+00
3.842093740351707254e+00
1.506054753057301854e+00
5.210038900544019747e+00
4.180619359642933297e+00
3.118113458032883756e+00
3.525621788938479995e+00
4.185873227797610063e+00
2.470830159709841212e+00
3.436002593563489249e+00
2.418062320534008602e+00
3.433307628873279338e+00
4.151135254163860644e+00
4.851918319225303478e+00
4.000073028778979634e+00
4.812561327363302333e+00
3.651199637984333002e+00
4.127177936229949218e+00
2.756512569368423371e+00
4.408197901836738986e+00
4.445287501291135257e+00
4.629665061937046744e+00
4.769638532546940368e+00
3.852912344280540413e+00
3.527829524993171262e+00
4.549220994724924694e+00
3.974948644360579930e+00
5.130344465622361128e+00
4.718292334471098748e+00
3.070959589883590191e+00
4.621914734161257421e+00
3.703147801889914881e+00
2.766001372660372937e+00
3.763239068498863915e+00
2.934775626353329780e+00
5.072552191315885750e+00
2.553937075007497004e+00
4.099276834112560941e+00
4.588447588962762502e+00
5.384710178268028002e+00
3.639435854780365798e+00
3.312397155435590435e+00
4.424409126611508647e+00
2.602324984706776423e+00
3.430411680713683076e+00
3.697539372698772642e+00
4.627585319380973949e+00
4.605262733022112087e+00
2.315069557982914805e+00
3.984872595628135450e+00
3.638775250684961993e+00
1.455372513220766661e+00
4.907726824203861860e+00
3.070305436026377954e+00
2.427396630704118152e+00
4.810847595437359736e+00
4.186936649273730993e+00
1.142327143581340465e+00
3.460328870030218162e+00
2.638605150958307721e+00
4.220012918868238927e+00
1.836787337019836652e+00
3.563957792508960942e+00
4.581749041869742634e+00
6.315999225181168519e+00
4.293131262931799697e+00
2.877037990250245869e+00
3.796713339431207590e+00
4.646558325923332511e+00
5.691671349771652899e+00
3.805892318462064772e+00
3.181785920286043456e+00
1.906159323758027435e+00
5.076537385476271425e+00
4.616152564575430439e+00
4.479915748240419049e+00
2.841630761584606368e+00
3.792326434189665640e+00
9.824921641146462381e-01
4.114351994892709641e+00
3.493738909254506808e+00
4.651771133494664312e+00
3.699875210278639859e+00
3.327073101256069254e+00
3.371760702699600376e+00
5.259922549951856041e+00
3.134416113195675369e+00
3.527865650337726589e+00
3.324069096206941243e+00
2.121989446466935547e+00
2.945499432752600288e+00
4.241730633607328826e+00
2.076289157025953180e+00
3.822413227532155400e+00
3.625247771328336643e+00
1.133351243850881263e+00
3.108401916892561179e+00
4.010383279460287831e+00
4.720098296985908881e+00
4.802898219570372440e+00
3.946818698220876609e+00
3.460377464585187024e+00
5.541377339077426356e+00
4.024809908028280425e+00
3.276183323791720614e+00
3.788651926570358430e+00
6.369659873091818802e+00
3.742918372499866475e+00
2.532029618305803975e+00
4.195899518905087611e+00
3.827290440700121366e+00
3.964975801321367843e+00
1.297847679083677042e+00
3.237982082429355923e+00
3.116121246420498370e+00
4.775361472267911189e+00
6.927318332897556274e-01
5.098713130081081069e+00
3.812501793706350561e+00
3.608178603350239655e+00
2.871081776617362191e+00
5.511847881915243441e+00
4.575299505296661629e+00
2.048583727182670344e+00
3.711741612556318515e+00
1.220075551985046136e+00
3.589781869889623778e+00
4.480824147550144687e+00
4.277955499805057293e+00
4.934023242208717797e+00
4.269788505518074651e+00
4.040813740403584653e+00
1.596870146481552899e+00
3.235829760861396842e+00
2.770553469413600922e+00
2.080543152703623111e+00
3.082937365948977604e+00
3.246755967104328011e+00
4.932860133167277894e+00
3.502509758748450608e+00
4.756510359758878259e+00
4.507379261984727492e+00
5.107754650689231291e+00
3.063093329975052015e+00
2.304073804423805161e+00
1.077057245925369111e+00
3.606473043371041243e+00
3.160823010200435323e+00
3.494406384748565131e+00
5.325781625616757609e+00
2.767301295558199037e+00
3.508221547079761304e+00
3.400235698517584559e+00
3.261090387648831079e+00
3.356241524225395345e+00
3.946664835545417471e+00
2.840062251021516104e+00
3.373826349953437553e+00
4.460399051608589183e+00
3.909315420130567542e+00
4.097323133998302502e+00
4.239091578847333786e+00
4.818644598673267332e+00
1.396265501426054323e+00
2.839415849448120532e+00
3.141378571600507819e+00
1.988807183648009236e+00
3.356189144331526819e+00
4.986771273875363342e+00
3.828796244075697963e+00
3.553443333930849324e+00
3.596519787306942995e+00
3.496999605859118621e+00
4.629337040853307883e+00
3.756659739304193835e+00
8.055603765442999054e-01
5.656775854688097738e+00
2.328682268118526633e+00
3.487057873713098388e+00
4.507620673450002613e+00
3.354259406881896055e+00
3.093637942837871968e+00
4.003120460770830391e+00
2.597513003795426378e+00
5.300890751207342433e+00
4.304916659499909315e+00
3.472311414383450590e+00
5.174112513646178080e+00
4.461668708356467228e+00
4.221003184150707632e+00
2.849476761640214573e+00
5.340175173627414118e+00
3.735504891602137612e+00
3.095828743581357845e+00
4.888036860210847934e+00
3.851313028718811982e+00
3.646673884137182409e+00
6.112342060461609883e+00
3.466519905287901882e+00
4.681926379547345363e+00
1.214988357260443630e+00
4.634787470949413013e+00
3.933020647503065348e+00
3.238338963258799552e+00
4.335814839411836985e+00
4.387513873032562906e+00
3.516574954521024754e+00
3.369214970715924462e+00
2.142272286289192085e+00
3.155572278169318068e+00
1.927970629464961227e+00
3.118825744314857928e+00
3.949954093705289271e+00
4.417522256412881987e+00
2.001768148291255045e+00
5.132629967541260108e+00
3.386940173211164584e+00
1.942324722948006510e+00
5.218660406633135906e+00
3.814069495076809702e+00
3.481745744384020291e+00
4.814845522453445881e+00
3.801434161787056620e+00
3.079525406947142496e+00
4.801837748992533683e+00
4.930991147814741460e+00
4.813881004614223968e+00
4.553760760676927255e+00
4.333392340943839294e+00
3.642541177656639650e+00
3.447399819525408748e+00
4.763069502445991255e+00
3.850620766324675870e+00
3.116302591800927502e+00
3.794303704429151658e+00
5.319455108883535566e+00
3.600099312042814859e+00
3.801715803827127704e+00
4.789043223600539356e+00
4.427264813465248139e+00
3.551054813628342632e+00
4.957962346593755676e+00
4.493012655321329873e+00
3.128756585783544875e+00
3.841253288056735382e+00
4.388724626719114674e+00
3.295680950613769422e+00
1.331366387030689991e+00
4.139880702690612146e+00
3.673179689917843938e+00
3.616628340891887117e+00
3.126957452093630074e+00
4.566195282203459271e+00
3.447771318992265854e+00
3.546717363164865411e+00
4.087076325752049044e+00
4.045743278085656591e+00
3.069878000716679711e+00
4.802098735200936552e+00
4.459575395433684086e+00
3.781508081659817666e+00
3.468156149326272253e+00
3.785672764908302401e+00
5.970875792274430438e+00
4.740240243386044661e+00
4.805810001298457479e+00
2.857267875392828227e+00
3.195421831988173533e+00
4.065946065678990529e+00
3.280072790446519004e+00
3.375033157375361359e+00
4.358107416977232695e+00
3.680299872262883021e+00
1.736251753698217826e+00
4.820057024043777005e+00
4.338638084037969023e+00
3.065031775584585727e+00
3.905847890106026732e+00
5.017905078801723207e+00
3.917544904751448787e+00
3.571142612222325763e+00
4.745677186896042343e+00
5.506249474667495925e+00
4.553651537204094879e+00
2.293568559755958969e+00
4.546404369126622491e+00
5.081394340330105841e+00
3.855687814284241455e+00
3.606163261196201120e+00
3.451917975127672289e+00
3.386259555416685441e+00
4.490160120253320564e+00
3.760932874271568860e+00
5.980907649198392129e+00
3.577063673548174005e+00
1.149910163178527123e+00
2.797093760918271776e+00
3.746236909782025837e+00
3.261134794555343497e+00
2.244491694925756953e+00
3.472268126076170525e+00
5.076361628053998487e+00
3.952529325408737471e+00
3.346715656620757429e+00
3.488372502051049207e+00
1.855626074728457864e+00
3.237528985369383161e+00
3.862141347947193992e+00
3.778537008589622381e+00
4.728817962952219567e+00
3.186608034687314461e+00
2.786243611291834288e+00
2.840957927231178903e+00
3.927600611530411623e+00
2.999957730961101188e+00
4.063126040008851803e+00
3.113354913281961345e+00
3.941153904225364268e+00
3.650766054335965460e+00
3.265773400094229562e+00
3.812121674053051024e+00
3.835078508757471027e+00
2.408685279319944694e+00
4.198947248176469138e+00
3.484833888758270160e+00
4.517583478035285260e+00
2.261996917182484523e+00
4.931265002481863391e+00
2.236227578822199025e+00
4.164954461050658807e+00
3.528188033261186352e+00
4.231918630762222300e+00
3.238929276419698855e+00
3.649284709180090402e+00
4.835949153329587524e+00
3.182690088354549030e+00
4.612950103168389937e+00
4.075628192645781134e+00
3.531584525773549643e+00
3.520774557197770438e+00
3.452583884596849728e+00
3.383004118032391094e+00
3.175966705519071898e+00
4.044497201616734650e+00
3.376341105647564955e+00
3.694769612730551600e+00
4.237787085608618831e+00
2.623136627187543812e+00
4.307024862283418187e+00
5.445034396124518672e+00
5.918914332249428645e-01
3.538062915124620567e+00
3.533905867255112465e+00
2.611260583704826832e+00
3.573226127931001805e+00
3.250466256536116649e+00
1.472326374714812314e+00
4.158364823937011678e+00
4.625214541926063738e+00
3.741402493844817823e+00
3.830532615555388709e+00
3.019649184284070920e+00
3.421971945551852912e+00
3.523346567405413854e+00
3.363727542373214696e+00
3.313077591900351671e+00
7.936301996265984204e-01
4.776048301776390836e+00
2.906427013988979624e+00
4.661669012339369367e+00
4.573087415025544722e+00
4.113009873794080562e+00
3.156436375224550339e+00
3.829870439610995714e+00
3.283134965043927878e+00
4.261268270808590053e+00
3.629550093512234010e+00
5.088609426423592375e+00
4.142004370339755326e+00
5.084234262630814349e+00
5.472222467306484539e+00
2.696717507430418159e+00
3.909125138306856595e+00
4.265696070696663789e+00
3.532353804597848868e+00
4.418776459948340118e+00
3.800099339855101732e+00
4.477754964477755451e+00
4.190227692401752080e+00
4.172606041545117606e+00
2.233270037299599498e+00
5.205317903031541071e+00
5.014650457055166655e+00
5.021923662674184108e+00
3.318671120063088953e+00
3.690050283976156198e+00
3.745239885049987283e+00
3.908392402044778446e+00
4.537008894147972704e+00
5.220148179927091014e+00
3.410148938112580019e+00
9.862322743218945309e-01
4.933624134710458797e+00
4.787048994990376727e+00
2.354691704751544989e+00
3.363726710128634334e+00
3.991578947214695194e+00
2.574141965212680905e+00
2.432266559593164512e+00
3.468224460303611423e+00
2.925890415059769101e+00
4.048978125332238776e+00
5.005254107582114642e+00
3.524049907243896662e+00
4.565401971589797547e+00
3.199209486975987726e+00
1.021674443562923473e+00
4.060624027466050556e+00
5.259918196054957029e+00
4.042418993430707097e+00
3.631512111860301761e+00
4.882526231898704161e+00
3.882326920299874473e+00
2.669591856760803239e+00
3.488175064583894702e+00
5.758251405378951304e+00
4.606592997762066766e+00
2.905457860622399302e+00
3.682994633526115447e+00
5.809378530671915897e+00
3.184089877398160073e+00
5.212934175069038112e+00
4.904961074336244842e+00
1.028548885168582672e+00
1.684179154720092164e+00
3.870567282688488042e+00
4.564452276600905911e+00
4.879394607465354916e+00
5.492369261466114594e+00
4.900288855412541444e+00
3.664004953097707240e+00
2.536444221396272791e+00
2.884527289882312218e+00
4.285155284545337118e+00
5.099940779206689534e+00
4.243103441331020242e+00
2.517055679547516522e+00
2.853084301664990718e+00
2.888239906413729852e+00
4.004611061274250261e+00
4.013955905157289727e+00
3.783051106214089909e+00
4.896853604561809625e+00
5.385046696550560341e+00
4.392995374717992618e+00
2.150434453321847794e+00
4.444133804701821511e+00
3.949112929078243184e+00
4.983939426143500384e+00
3.496081215491251282e+00
4.029733266780161749e+00
4.532142098542512265e+00
6.162077217924224470e+00
4.673332132541571760e+00
3.846249336120498352e+00
3.536602528289892078e+00
4.976705622006974750e+00
4.107760135613577113e+00
4.102034703967502693e+00
3.842420046419986246e+00
3.689581712845621198e+00
1.723258270099000455e+00
1.960033296786063639e+00
3.551675697428625433e+00
4.248528878993825586e+00
2.665490103894952778e+00
3.910792785243486946e+00
3.758091119711712391e+00
5.205786704181806890e+00
5.639632178170130850e+00
3.967689532216299053e+00
4.796588644363237286e+00
4.029878117316049391e+00
2.967789571459068299e+00
3.682568713710535402e+00
3.847481551566978464e+00
3.999580468334885897e+00
4.332320258828657344e+00
2.035973015436367106e+00
5.040586139408286925e+00
4.797701127146585698e+00
3.930238417193633094e+00
4.196360406004095545e+00
3.971665469786205716e+00
3.130935717576266430e+00
3.979734270191295220e+00
3.750574693142362914e+00
3.851767883031314899e+00
4.315904585631956003e+00
6.053806724906610981e+00
3.456131552149815711e+00
4.422610081399991344e+00
3.831032914474809203e+00
2.571757970580814678e+00
4.260678843462481602e+00
3.665433959479671433e+00
5.303437179297564974e+00
5.037255388864389616e+00
4.713878679492992774e+00
1.110582233771384875e+00
4.823815513568321833e+00
3.745584870430449076e+00
2.446573066470192792e+00
4.818586107577432998e+00
3.911910488631965777e+00
4.193453944706059922e+00
4.486372153305550725e+00
5.022818800258400884e+00
4.580627449364031101e+00
2.545863086349918536e+00
1.949236018327382469e+00
2.862122089510394929e+00
3.071428504097620582e+00
4.580118241083037667e+00
2.883085337047030627e+00
5.164827678056512994e+00
4.821724732476488029e+00
3.428134797068336237e+00
3.907250834405060047e+00
3.875189906379944649e+00
4.570191241888104550e+00
3.121371183156010698e+00
3.605179660619919790e+00
4.411200640434006282e+00
6.493472732392707059e+00
3.413354618974777654e+00
3.536438840221167723e+00
3.465602882606301893e+00
3.343030457522176757e+00
4.528258580696640223e+00
3.299084332107084183e+00
3.597808954104891654e+00
3.074875896040932144e+00
2.270900553221926632e+00
1.123679075163882102e+00
4.539300559351242548e+00
2.297207825775522405e+00
2.692504710952725588e+00
3.399410507109167590e+00
3.702326189414521185e+00
3.650725664565634965e+00
3.032248727335513649e+00
4.919981344118157907e+00
5.493745372698145779e+00
1.095846211491160016e+00
2.799176292238700459e+00
4.393937542231663329e+00
2.596768480427187775e+00
3.828356485441814616e+00
5.459796268658561935e+00
3.618783232646730852e+00
5.347463655392505011e+00
3.431211338558693758e+00
3.603478167497087270e+00
4.942145548289563983e+00
3.059686935225735649e+00
3.333460641455765483e+00
5.410290105742035394e+00
3.561032406295795205e+00
3.325642072082241274e+00
4.736054244817911041e+00
5.920035665686878446e+00
4.220543891511613133e+00
2.956182056359231147e+00
2.487364738058360114e+00
3.013162269784668723e+00
4.596365564084515576e+00
5.812950603555448126e+00
2.966826448238979452e+00
3.520712514847293306e+00
2.785986699296677749e+00
2.818205605069687092e+00
4.324279010606552731e+00
3.052668584634874893e+00
3.873756319010853932e+00
3.767398062764192979e+00
1.171367375302018399e+00
2.650023305125837947e+00
2.450011664891909469e+00
4.801072357498227916e+00
3.914194630089615323e+00
3.038773848802139632e+00
3.943836418090703511e+00
6.201582046293736994e+00
4.905947450962456990e+00
3.988615785195373409e+00
2.894002280994092846e+00
3.731903324683776724e+00
1.476132598606074486e+00
4.292662005610233145e+00
4.734607277510576751e+00
3.092145478556348692e+00
4.236341866444777615e+00
2.629902239256400431e+00
3.568645168153417480e+00
3.095118462987867414e+00
3.331500599144415986e+00
1.180530356789761370e+00
2.849535776327546621e+00
3.633803112507532518e+00
9.533524193573725825e-01
3.786270057451780691e+00
3.676792210606166122e+00
3.496582781437934884e+00
4.532332572881288435e+00
3.258863581153840450e+00
4.120221575892966115e+00
3.628492833754217717e+00
3.065738950845016575e+00
4.587122417413475262e+00
3.647566763490103003e+00
4.870250365014276994e+00
3.205753887115919909e+00
4.281778627815837623e+00
4.262233978887384644e+00
2.906105939493837109e+00
2.721686749988376786e+00
2.205114522170110725e+00
3.492025371479331231e+00
2.885057988716194011e+00
3.674541431008794046e+00
3.649420540630022636e+00
3.593247137199742092e+00
2.873283495293094791e+00
3.140477208197966164e+00
3.630966292154473418e+00
4.195132996391055080e+00
4.018032036842209109e+00
5.709885586969062565e+00
3.742511969721707743e+00
3.185794811419002226e+00
4.412333176689593905e+00
2.335119444967750812e+00
4.202589944695446000e+00
3.368887046230655269e+00
5.167482530216596537e+00
4.576148751051667851e+00
4.271503145420637360e+00
5.294402522228976338e+00
1.809112919822742027e+00
3.636096880390232489e+00
5.236763794272778938e+00
2.506836997934702271e+00
3.809259764268380977e+00
4.150141127898370641e+00
4.289590282041282343e+00
3.708688664355485720e+00
4.697159239746039106e+00
3.691621358612515280e+00
5.158051617149095769e+00
5.094965001101111390e+00
2.535679821896420272e+00
4.585185409222454211e+00
3.853291778633112674e+00
4.095680877348469195e+00
3.588565341730332037e+00
3.844517964939055510e+00
5.757227838546772780e+00
3.111007079089365135e+00
4.256327508985631169e+00
4.501063370567762512e+00
3.929298705539099323e+00
3.486839039578310651e+00
5.204432640987891823e+00
5.138861901115902242e+00
3.199964662245774250e+00
2.843303990942009474e+00
1.837926396014517350e+00
4.794542287240600054e+00
1.723337525155569372e+00
4.366035104352762986e+00
5.439564798066037987e+00
4.951184561595252553e+00
3.019804761616453614e+00
2.825340648808936983e+00
5.833813505197192661e+00
2.997581286994638994e+00
4.908775441504900527e+00
4.579467073796308796e+00
4.147203679296080914e+00
5.237698720557463439e+00
5.333921601100232834e+00
3.448427370593510677e+00
4.198278102932813560e+00
4.314225618009534635e+00
2.625433368942523771e+00
3.642694024132024477e+00
5.298542139036508836e+00
4.798885521731982351e+00
4.622051279710397864e+00
3.627397208034206066e+00
4.465540097227717276e+00
3.021760088769113839e+00
4.203305872387857356e+00
2.537048474730878134e+00
4.106147933440802866e+00
4.494436743659374400e+00
3.423221136278271182e+00
3.029864172473895501e+00
4.072144678425263287e+00
3.979485855166705832e+00
3.057056807735578641e+00
5.431685313884090149e+00
1.049091958283861592e+00
3.843687873591270066e+00
4.799989769014850971e+00
3.831284373947004607e+00
4.119960993759074874e+00
4.910920103420241212e+00
5.162841862974006268e+00
4.069531627654947137e+00
5.487969855907876671e+00
1.862271751387099883e+00
4.783281773291131245e+00
3.844774395333478978e+00
3.049408889664239730e+00
3.218908718741031016e+00
2.395600333954271299e+00
3.642990121150410321e+00
4.855942113341999544e+00
4.805290865825894819e+00
2.785057541296909189e+00
3.742107224143305544e+00
3.619552741055879874e+00
4.052150849275100164e+00
3.638018385614793182e+00
3.224088868478815595e+00
3.007880186941677803e+00
5.189119208941397332e+00
1.948529073238657539e+00
3.045542707654628423e+00
4.611722421604114608e+00
3.773105671578265152e+00
4.328909479297804452e+00
3.438893216808242226e+00
3.819249104847639575e+00
5.833238015141600563e+00
3.629799517542575238e+00
3.485301728939721677e+00
1.485448972260080547e+00
3.294246415565972530e+00
4.022576567644938095e+00
3.879190795625890864e+00
2.621274753575574046e+00
2.815344746278833021e+00
4.908488392994796001e+00
4.396428775327810179e+00
4.414711760366228255e+00
4.101500091789553437e+00
4.733820122125621310e+00
5.020181430095912667e+00
4.689846043129733744e+00
3.449564321361405561e+00
2.464159015404889352e+00
4.959109705131408141e+00
4.875103628385382137e+00
9.516880223585556520e-01
3.802529645300348093e+00
5.122941940281291018e+00
4.899751696096260822e+00
3.862307270255645353e+00
3.405104163505926262e+00
2.867543674150215161e+00
2.844353641547747724e+00
3.064143578332167994e+00
4.815775972054617604e+00
3.550502551080637836e+00
3.269637633311617275e+00
2.372486049528685026e+00
4.086687420923447611e+00
3.998486200745963615e+00
2.704696773027953416e+00
5.448542076703845716e+00
2.424681038031511804e+00
3.045057924500824686e+00
2.789066339105114256e+00
4.101544889462788390e+00
4.007165098265605074e+00
4.941116326946487725e+00
2.963003332733723294e+00
4.078201335643892200e+00
1.371523789218874745e+00
2.791706422980446245e+00
2.851531522967689192e+00
5.042781610366292355e+00
3.827930123185529165e+00
3.150782385658009499e+00
3.959512758029963830e+00
3.957119350599988206e+00
4.607631236031670241e+00
1.322647374715637314e+00
2.022268569642691194e+00
3.559472589979638002e+00
4.015002386202234597e+00
2.624899352527223506e+00
2.911458727035916905e+00
3.406461007586556011e+00
4.819171572387310754e+00
1.137811830801358504e+00
3.450191373681793738e+00
3.829707771401451577e+00
3.498355879555104853e+00
3.985061161053472301e+00
3.594489413850449289e+00
3.440363865066788041e+00
4.391570165144380589e+00
2.921753162406280246e+00
3.627512164717405785e+00
4.863298827699073179e+00
4.134380834433732943e+00
3.931575604453436235e+00
4.704326128569087828e+00
4.706552106684775083e+00
4.805944916593611005e+00
5.515410795942873534e+00
2.963147818626312269e+00
4.406837272185203602e+00
4.700001883479295373e+00
4.905929778375215378e+00
2.359876822941721741e+00
5.460832472103107627e+00
1.320721918554752072e+00
4.757710665719437237e+00
4.404515335850700986e+00
4.778586452311222033e+00
5.152474838200554075e+00
5.214882914359661115e+00
5.105766466852371899e+00
8.599083789595123317e-01
4.787975442136674253e+00
4.432111789575918337e+00
3.533917116067202713e+00
3.373386394092514173e+00
2.618130475329377038e+00
3.778294909991797290e+00
3.742970201282724840e+00
4.742493470181479154e+00
2.778411444403734887e+00
4.204686070839088075e+00
2.977545888213569469e+00
3.453706068116217498e+00
5.456456445140808853e+00
1.674786180856564277e+00
4.304070688453365712e+00
4.338055424470516286e+00
3.463063063654069129e+00
4.953073252319020625e+00
4.783994716641436717e+00
4.447813941232532819e+00
3.864149875366826858e+00
4.875677053288062446e+00
5.880654376409198747e+00
4.130936388917921143e+00
1.226621457490776335e+00
3.805803157434703543e+00
2.986698805950753766e+00
3.765494228009123479e+00
4.831505386383645018e+00
4.039114669275056357e+00
2.740827671971708845e+00
4.339573571278994457e+00
5.429956371392461456e+00
3.111089464814756678e+00
4.877562490355352054e+00
4.451555787997020452e+00
4.554833931140442438e+00
5.763888144405886038e+00
2.614688652051066153e+00
4.828921388887156496e+00
4.434932743253813925e+00
6.166571826295362158e+00
3.011815571060736829e+00
4.458828189223814853e+00
3.817169347633591059e+00
4.974761050671172136e+00
3.929590970879833112e+00
3.805191476228647396e+00
4.488875544496005787e+00
1.081586969350258221e+00
4.522636486029955272e+00
2.567243197444009528e+00
3.408981379472961759e+00
4.235712840498251808e+00
3.505450452931026639e+00
4.740474099390858953e+00
4.428099581428898368e+00
2.749883731166961720e+00
4.914096628332238481e+00
1.047874325880350233e+00
4.751532530348732131e+00
5.104291335419188336e+00
3.362467244383065434e+00
2.471918215099035088e+00
3.369669336002390825e+00
2.945198628215497827e+00
4.204035919362490326e+00
4.806522404439526497e+00
4.387855465038575709e+00
2.674264610998453140e+00
3.496952285763148094e+00
5.426475418398430506e+00
3.660943966752874701e+00
2.610833031292271844e+00
3.379610291920697840e+00
4.696835024545890747e+00
5.142369379790497241e+00
4.490834723465177092e+00
4.455588909773902095e+00
2.716743471198534099e+00
4.985893453896509619e+00
2.353404761846371596e+00
5.014416179071521817e+00
3.865541379651353804e+00
3.513938666714866432e+00
3.444964663761250545e+00
3.634307042201327942e+00
3.515370543500735412e+00
4.029888159799997815e+00
4.581256687722369492e+00
3.105267302837162902e+00
2.688665110456665452e+00
3.061353949350920534e+00
4.686583081223625769e+00
4.812643237476834202e+00
5.040205141370577735e+00
2.552896608229482833e+00
5.668092975220424989e+00
5.582153889824356341e+00
5.518065374504245391e+00
4.505862356043928152e+00
5.080635782290469749e+00
3.788549134972006183e+00
2.791857588415867841e+00
5.051797183442610972e+00
4.963319792464142566e+00
3.848720886446865275e-01
3.890078119754694974e+00
4.671766562098094155e+00
2.490865157369319682e+00
4.325615814674113935e+00
4.220885396754071373e+00
2.949387304880478844e+00
5.087681672325415683e+00
3.876161647055185622e+00
5.233488202761537700e+00
5.049092147134921937e+00
1.667217381317992020e+00
4.737015756550605694e+00
1.960355437425102210e+00
4.510994814775109774e+00
3.928599546905865214e+00
3.930779512808801890e+00
2.805517018911569238e+00
4.074588787613979690e+00
3.688150594219825162e+00
3.945091985443415883e+00
3.058419967980583465e+00
3.549247370128777224e+00
3.467712444907820490e+00
3.540528546977836921e+00
5.082448183802064534e+00
3.670578946804031073e+00
3.684915117136416729e+00
2.290875522836117728e+00
3.856095400045547184e+00
3.533909759317857446e+00
3.748532919772811667e+00
3.455705321564128685e+00
4.804099244177790773e+00
4.263893113953171721e+00
4.594060017080506597e+00
4.006425862232315893e+00
4.243426834448542628e+00
4.508406732551093477e+00
3.735699262848332758e+00
2.888534427434951368e+00
4.208161009061397451e+00
2.355600150105402246e+00
4.120705372931103838e+00
4.831588458291930621e+00
4.259873830218630530e+00
3.993102191898585396e+00
1.920301601353367582e+00
6.366827395557559832e+00
3.252122247824953405e+00
3.708348424571325630e+00
5.333472656582410210e+00
5.127530784125150731e+00
5.531816301465628527e+00
5.564016314178418909e+00
4.419863993695368976e+00
3.529688766581900339e+00
4.201036662129363108e+00
4.977923822841933799e+00
4.878983736421299788e+00
4.137340688476085049e+00
5.410360105634037353e+00
3.907313350214502101e+00
3.473821593656068352e+00
4.269150023304702835e+00
8.003151086764572764e-01
3.325881771978121293e+00
4.295440664013271181e+00
3.723205918073280607e+00
4.164152098590552242e+00
5.831460845330113330e+00
5.094781730799707198e+00
3.854810297507852646e+00
2.673520230203296322e+00
4.956496290842967056e+00
5.082703295084287198e+00
2.556399726867045530e+00
3.912997870139196532e+00
3.079790993570048485e+00
5.012162728686445412e+00
4.219415880083813519e+00
2.679938400070412730e+00
5.656549024111268587e+00
2.254872140033937988e+00
4.886814880416224582e+00
4.392528555746278762e+00
4.856992246727500628e+00
4.180079559159541880e+00
4.210993370258057311e+00
4.444512962056522909e+00
4.823125060405293318e+00
3.908064901685381454e+00
3.676943224178236935e+00
4.028023066240237426e+00
4.043427455123114633e+00
4.168348062749449134e+00
1.134337311569581619e+00
4.041993995050177091e+00
3.495538525883683523e+00
4.206385537647427952e+00
3.078493657587069610e+00
2.774816153320854628e+00
2.555343087181441764e+00
4.563273533067043530e+00
4.473499369065723208e+00
3.673038234714506967e+00
3.703143968341221726e+00
5.744941617699618419e+00
5.387978728276009655e+00
4.075979553682757661e+00
5.336691020098076166e+00
1.247915974482886492e+00
5.057013267241218024e+00
5.207424453140965248e+00
4.565956415238251687e+00
5.331647060546859329e+00
3.899257236986008124e+00
3.674512978737188629e+00
3.624476773928706486e+00
4.474149592739239623e+00
4.016851170563612072e+00
4.776532826806938914e+00
3.555789329765012052e+00
4.288842674049172743e+00
3.633730007813116281e+00
5.338524940745048575e+00
2.682206758148849346e+00
3.002967083448529362e+00
3.850976661180219640e+00
5.395952012683951970e+00
4.326220392607222465e+00
3.739946693638620978e+00
5.127146081617207862e+00
2.681658488043132671e+00
3.382246745021417755e+00
3.753730534123038254e+00
4.712259138284282223e+00
5.193443396301277382e+00
4.702470000242544579e+00
4.438336002723623608e+00
3.560341653252379057e+00
3.530107139760299884e+00
3.817445731126298369e+00
4.455114089111262388e+00
3.918403204329870437e+00
2.665314073986807752e+00
5.126743072037622362e+00
1.029442043926131589e+00
5.244879303617150157e+00
3.876387069520582873e+00
4.062633357031745440e+00
4.905365237196393835e+00
4.741299987237789226e-01
4.533784923588703109e+00
3.492916725750884854e+00
3.523847913942159238e+00
3.593857452691081811e+00
4.243700418875844704e+00
4.649300376067049712e+00
3.228800811659818581e+00
4.895192413124897612e+00
3.560188249035721952e+00
3.992371014381913774e+00
5.075544338973390524e+00
1.262403523553358609e+00
3.400853799040465919e+00
4.025391278949318696e+00
3.666674319216521649e+00
3.657235693719148362e+00
4.344465425036420747e+00
4.770306714975975027e+00
2.533311651589630564e+00
2.964962949864462960e+00
5.391375228495905780e+00
3.298786432924977419e+00
3.102289400209553794e+00
4.363897411486655997e+00
1.080999783656608981e+00
3.045344753322693165e+00
4.955166427471134227e+00
2.917196051897676501e+00
3.616171780137594105e+00
5.166526856788268063e+00
2.934009530701288782e+00
2.587245446933549520e+00
3.697302904334018869e+00
4.221620839649021129e+00
2.891233174944991102e+00
4.915734189162114021e+00
4.091393935766251211e+00
3.247173453916538666e+00
5.145762258994551530e+00
6.206266176936966694e+00
3.468999194865029168e+00
5.063334084525561885e+00
4.774477069842019361e+00
3.272630961760327750e+00
5.028496886622280115e+00
4.659764784745601851e+00
2.031378376250040585e+00
5.117382518681911741e+00
4.117131839875407096e+00
2.416208424110310116e+00
2.882229862086836292e+00
3.584491341054165670e+00
4.506384845051582211e+00
4.355650961618828809e+00
3.660164381257485111e+00
1.973331831879920006e+00
4.097391387385801664e+00
3.414949238399731524e+00
3.645057328126376728e+00
3.397809605303243607e+00
2.956323870261776676e+00
5.863228562845321790e+00
3.129416114805802174e+00
4.791124618774843746e+00
4.472740331953663606e+00
2.773520488942692541e+00
4.887806429872509462e+00
3.938612841775861018e+00
3.185394430518549314e+00
3.878049607722115599e+00
4.602484973611671748e+00
4.120892286244861147e+00
4.228509739589953575e+00
3.846591562004684661e+00
1.256916678494775841e+00
3.580751415062797260e+00
1.606657458872772226e+00
4.636679899241885394e+00
4.342491386173755075e+00
3.696087894696519438e+00
5.120047401475408044e+00
4.498945580841740011e+00
4.024841842174496698e+00
5.676491766211754886e+00
2.918298586190215982e+00
3.344120499566231253e+00
3.582426686408429095e+00
5.276830479896654325e+00
3.824984556672590852e+00
2.571658084233257480e+00
3.743396399740481773e+00
3.451614922562030507e+00
3.361429054467779842e+00
3.852369643398269705e+00
4.255523889109881885e+00
3.886974942341109962e+00
3.650204591054028391e+00
3.334127419799784775e+00
4.491848757045175944e+00
3.337276954846485122e+00
3.141498573108074677e+00
4.383081201047872355e+00
4.444628624090640301e+00
5.105520723325371435e+00
3.654834638304365058e+00
2.642628779092132785e+00
3.148515388010637572e+00
4.836218212203550415e+00
3.301248400644624770e+00
4.632440234143891722e+00
3.252023661651117337e+00
3.204272481763280389e+00
4.282231952507378203e+00
2.590634403326392388e+00
5.081096578317335855e+00
3.268127156657589349e+00
4.870907156174596686e+00
4.490606049855252913e+00
2.883802493085495300e+00
3.901899556682056680e+00
3.333607862599672345e+00
2.885282337495650218e+00
3.912626660547184443e+00
3.661997687448076189e+00
4.933350766860510106e+00
4.871668346178623210e+00
4.489971330981868292e+00
4.295103996809793934e+00
3.607780190851725077e+00
4.162396113219971383e+00
4.418578009550626184e+00
3.609076960675680290e+00
4.210625344049507390e+00
3.470734372135963586e+00
3.330318184884895949e+00
5.800715398097509024e+00
2.651627915600112573e+00
3.631712802961304831e+00
3.601707117946537196e+00
4.082361344976784601e+00
2.818198959527029146e+00
4.813888817952343580e+00
4.167060224885456243e+00
3.401626490511588052e+00
3.319796411206413556e+00
4.459849843518357559e+00
3.686948503420387269e+00
1.633757160131635411e+00
2.865334398394180582e+00
5.413714628139369545e+00
4.432930556697236568e+00
3.509493947993363339e+00
1.857948796510751288e+00
1.042827233989029656e+00
4.089848932659441161e+00
4.032583763278451805e+00
4.248620401912467592e+00
3.083627440750024817e+00
5.407952660443276827e+00
4.267510008382696007e+00
3.684085663956193191e+00
3.102747363491783705e+00
4.677216763680534406e+00
4.812253424658295309e+00
5.175314177277970273e+00
4.157878866476514723e+00
1.935016777066496108e+00
5.004660926813420119e+00
2.896470855716451798e+00
2.268847126190617125e+00
4.042149163116127042e+00
2.311638393309102035e+00
3.220261931525524535e+00
3.347901223666104542e+00
4.119236705383594099e+00
4.809696404798993186e+00
3.334813790413194923e+00
4.804260221445974643e+00
5.060989787248914240e+00
3.341272070949433015e+00
3.163361627755123973e+00
5.259685067684223725e+00
5.349474391018498309e+00
4.302906772016000581e+00
2.284062528210982990e+00
3.703818011899615570e+00
1.822762596101841215e+00
3.928104945831051076e+00
3.513844558018900166e+00
3.811499310755513736e+00
3.944272968900683018e+00
3.741991538406377327e+00
3.300738454872049310e+00
5.458405934898352463e+00
3.767487667460989176e+00
4.754603617535945403e+00
5.148483676221726313e+00
5.972424156703307396e+00
4.449907197449359586e+00
4.077350514816878935e+00
5.313326706831631441e+00
4.237559480951958335e+00
3.481755225770042816e+00
4.561610746854891651e+00
4.185568439903229354e+00
3.697272984225484116e+00
3.878869231720658117e+00
3.995259071597486056e+00
3.197500959280640487e+00
4.236843716348941413e+00
4.150792586719458832e+00
2.613497034412544995e+00
4.171661259057208859e+00
5.168039554392149348e+00
5.188726227924192358e+00
4.811497751727653593e+00
3.739546388381800757e+00
3.885030876272070000e+00
3.537423046046519470e+00
4.152512060167813601e+00
1.803460653748727660e+00
3.398639384219848569e+00
4.097355956608803140e+00
4.662570490478427310e+00
2.981218875311214767e+00
3.408824284287295114e+00
5.611522980852648779e+00
3.720398781544890010e+00
4.359427246533241096e+00
4.925635645396151396e+00
3.695725779531463306e+00
4.215132232093882436e+00
4.954575174485722933e+00
4.694739713064735476e+00
4.233531890341703630e+00
3.371766538392741541e+00
3.649778310960603900e+00
2.412880874607856274e+00
4.626509462530090211e+00
4.123275079025050083e+00
3.195257022580475947e+00
3.545198148182387321e+00
1.765968389975166142e+00
4.717058568802160679e+00
2.827822292915513014e+00
2.845457943824619029e+00
5.432339598512530898e+00
5.231574799516878205e-01
4.037535125338393094e+00
3.602163115310339059e+00
3.473674851087743320e+00
4.746590320514841643e+00
3.849659066879435265e+00
4.860493974263498274e+00
3.768271292983579546e+00
3.108455522404288018e+00
4.831496120029985519e+00
3.692433584152806869e+00
1.941574329180113079e+00
2.762201977180196888e+00
4.032649544579860468e+00
4.534956042313665669e+00
4.279288009475682664e+00
3.426953688836384071e+00
3.463053220148284872e+00
3.330926385398145229e+00
3.061883570196284765e+00
5.034812453799057508e+00
4.736628554666572732e+00
4.403180174590647589e+00
4.094258428581100340e+00
3.329990232619602697e+00
1.152970715157164205e+00
4.092090880670178343e+00
3.822937063651884682e+00
4.388800242192441026e+00
3.878533820041591085e+00
3.347500836487124154e+00
5.221786497587871168e+00
2.904483905625533602e+00
3.503312523969429382e+00
4.114941607434187354e+00
4.870443282494405501e+00
1.966677807452287485e+00
2.066390823924594500e+00
3.181515535741896716e+00
4.015149615566691033e+00
4.133230534920026678e+00
4.815278212828953741e+00
4.453587181426726715e+00
4.833346010186893693e+00
3.399254008353128409e+00
4.815303381843080821e+00
3.674350878837828738e+00
2.521041373006855046e+00
4.103374915212045337e+00
9.709685703076058605e-01
4.759615521881702449e+00
4.566484755609025115e+00
3.717754441688525979e+00
4.580728850361000859e+00
3.638287281790037575e+00
1.015858609925867073e+00
3.855636698845166244e+00
3.715099771666548811e+00
3.826377520548224442e+00
2.966334660534937662e+00
3.469905570694589603e+00
4.975826296395975845e+00
3.456652235745009349e+00
1.808301582721727474e+00
6.031184267044068292e+00
3.563840137388436968e+00
3.981244106286041529e+00
5.575622598745902714e+00
9.679662708448452113e-01
3.867565689903380122e+00
4.605098901536988087e+00
4.577590021085065075e+00
3.577175487017775435e+00
3.795757097094340171e+00
3.684713640946601476e+00
1.171987552872340910e+00
4.631982995657234703e+00
3.017938834461633579e+00
4.289803220030885988e+00
4.299354747017712697e+00
4.180368675570951709e+00
3.540415562650458980e+00
4.059226320342198768e+00
4.067182338806502706e+00
3.367063430614979591e+00
3.601688799686983966e+00
2.785457437371916534e+00
6.265624151808660836e-01
4.650819709056661644e+00
4.425791490476560952e+00
3.495492377858404609e+00
4.132798432781056519e+00
3.868996529800233120e+00
3.894193861370218723e+00
4.775058761639582094e+00
3.878800354213720158e+00
4.722997822340108343e+00
3.472127879381664339e+00
3.591466127153618793e+00
4.393148927513132129e+00
5.166109497715646093e+00
3.978748871359355732e+00
4.819473370554842262e+00
1.949178380286161083e+00
3.270086111975451626e+00
3.878775749637962456e+00
5.426651817951103851e+00
2.800853197465523081e+00
2.708221841128618301e+00
4.950155620825002600e+00
3.276973571060496138e+00
2.955096679163204954e+00
5.334490523775881954e+00
2.295205736993639167e+00
3.219114557350715167e+00
1.250266581145536682e+00
3.314159665668971577e+00
2.965929049004411233e+00
1.583202391895608407e+00
2.875730782363387750e+00
2.973220474802975577e+00
2.897335647467295328e+00
3.903981912842878543e+00
1.024627845564405559e+00
4.086227975946064461e+00
4.396100101087867529e+00
4.758722962307785131e+00
3.058026574169453671e+00
3.698310667343325253e+00
5.061222540826364025e+00
2.270976577832395371e+00
3.402561358237226496e+00
3.636588965122268924e+00
2.456430433396945556e+00
3.113006865683635382e+00
1.801691312441375148e+00
2.675003805674626367e+00
3.135170161241292774e+00
4.520368556617786915e+00
4.721109072872804013e+00
4.393997805082023866e+00
4.322259900037640712e+00
4.219719841342415734e+00
1.700649429860544126e+00
3.323360680206940643e+00
4.187962208919147500e+00
2.830104407364331554e+00
4.609403526995966338e+00
4.632569556367221786e+00
4.308392203818499411e+00
4.621752226693835119e+00
7.773834110203190484e-01
2.479482841768500201e+00
3.782353908878209658e+00
4.652337002749383110e+00
2.411058867431506769e+00
2.635389895602587629e+00
2.520320594696705996e+00
3.987125431750018212e+00
3.718217464862162647e+00
4.835294763485418201e+00
2.045649114700976323e+00
3.060244416239580545e+00
3.601488622791093608e+00
3.178179198642780978e+00
3.393093259374662107e+00
4.608503034260458264e+00
4.626129819518636666e+00
3.183006390694291365e+00
2.983656755181546050e+00
2.882195800973156530e+00
5.260570661351387400e+00
3.469987668217717758e+00
3.271862250059678345e+00
4.271782112930296194e+00
9.317874564671109194e-01
3.434463425440009487e+00
3.199894271569086790e+00
2.973992606679766393e+00
3.370173136900626254e+00
4.123742471728180092e+00
3.030279813029014058e+00
2.928788919358903620e+00
2.495105820873908087e+00
1.945504733205500214e+00
3.342830661819731652e+00
3.194823261196535924e+00
4.691657798221338105e+00
2.551340595015375801e+00
3.327627323234521484e+00
4.660398240066117914e+00
4.346545287097031363e+00
3.096181737060911043e+00
4.377059419933885032e+00
4.232070230917735820e+00
2.549636149162620935e+00
1.527392064979024688e+00
3.487345479523523473e+00
5.461343644779191209e+00
3.844933134906584282e+00
3.191063295387898346e+00
3.079174831973332083e+00
1.111894528121567971e+00
3.002953494441737980e+00
4.214729570972129302e+00
4.103053636833844386e+00
4.328184712656701905e+00
3.596736337161724695e+00
3.950101677571715708e+00
3.348050968172195940e+00
4.064723277843339311e+00
5.236921341030144283e+00
2.026923403524603984e+00
3.903440483196586985e+00
3.213420265274004706e+00
4.037879582186779004e+00
4.662678589771609872e+00
4.264619776790882888e+00
3.543853723711346326e+00
3.692538193641788258e+00
5.548809526091269539e+00
3.291795527499554730e+00
3.593908402515067824e+00
4.229140919734531323e+00
1.967273738795059179e+00
5.026169753319162936e+00
3.668594829967984250e+00
3.584066111286750012e+00
2.622411056413651576e+00
5.081723712663777981e+00
4.209979757899887431e+00
1.041712624909862717e+00
4.220368464795108743e+00
3.303507148979007546e+00
5.085339777808036033e+00
3.908011103987251822e+00
5.016977772556917792e+00
3.690196347038440905e+00
2.967074183813498411e+00
2.849142863852665464e+00
5.006748035485228954e+00
2.737016563726815122e+00
4.110061683867340498e+00
4.600365581396426151e+00
4.388930255200628849e+00
5.718225482089234646e+00
1.828622987946107559e+00
4.211842053561290378e+00
4.818271279693690623e+00
4.113216263680747886e+00
4.024754267938049246e+00
3.564387571129000065e+00
5.710177871247370973e+00
3.860113542854046731e+00
4.061813425069179750e+00
3.432470094100923852e+00
3.745931867084283162e+00
3.767686884735909292e+00
3.439293834950421846e+00
4.660902018395641555e+00
5.453468687217223554e+00
4.564312746175464675e+00
1.370493444243715109e+00
4.434670015433606949e+00
4.390470312304290523e+00
4.076098027657578449e+00
3.061509337660456964e+00
2.542074388572455934e+00
3.666895820818097285e+00
4.146772731595382844e+00
4.690118448367302406e+00
4.002939872601986693e+00
4.810815503183593300e+00
5.473200383837049543e+00
1.844342711954207514e+00
5.284090644973695738e+00
4.486493020093045736e+00
3.725538367753238322e+00
5.341144169528125651e+00
6.111677209898721763e+00
3.928307559408163563e+00
2.890432974640644304e+00
4.995626782237199137e+00
4.676899500136808108e+00
3.560159302062419151e+00
4.092329099630402922e+00
4.127478951926257800e+00
4.722646230615430873e+00
5.151585444037604766e+00
4.857054355717932204e+00
5.226875713710861682e+00
4.286701045313511038e+00
3.321287901579133450e+00
4.666981430691405031e+00
4.391433104585234837e+00
3.540766181200353024e+00
3.436796437987886588e+00
4.955533202411290361e+00
3.894094268181214957e+00
5.037786098267978296e+00
4.355513282671577002e+00
3.478151618343153562e+00
3.980236964307544145e+00
4.783848670162746508e+00
4.316051798674296891e-01
1.463344807578970563e+00
6.107136791593167580e+00
3.068358012607381724e+00
3.521095771182848555e+00
5.735495179353399919e+00
3.729723532395980090e+00
3.638659513015030100e+00
3.474469092428203343e+00
3.708346890854556932e+00
2.722354761604632856e+00
3.999139878982998830e+00
3.930473570149182194e+00
3.529078310876746727e+00
3.291127911221234381e+00
1.827372029696367584e+00
3.019311037141106713e+00
5.498480503397212615e+00
4.191594634861814050e+00
1.531042970288348570e+00
4.892424637942592192e+00
4.823476849328641514e+00
5.213380812514856188e+00
5.236618900549714795e+00
5.357910060138050490e+00
3.789485681999577693e+00
1.134957592712909191e+00
5.143128708251624381e+00
2.350734531196617905e+00
4.634254212457757482e+00
3.709914460119187130e+00
2.861700100981696249e+00
5.348534316254484722e+00
4.490696853003402822e+00
3.529616094606538468e+00
3.937904997045888589e+00
3.942261574161345372e+00
4.894949957477431113e+00
4.013059049874629913e+00
3.427105115803422475e+00
3.674618868845601849e+00
5.697511162568642540e+00
3.281199533456019779e+00
5.456224888250590155e+00
6.225043593784687523e+00
2.425050101903201138e+00
4.827347647807491704e+00
1.618097656501022108e+00
1.941863437129758507e+00
3.456131926874937754e+00
4.680347200979727340e+00
3.532857720139698898e+00
2.164866724066684345e+00
4.200700610787838407e+00
3.949824720951355506e+00
5.162767161737051858e+00
4.655167237431856009e+00
3.892310474312623114e+00
3.417083460190178279e+00
4.721041964627673337e+00
1.933513739357527461e+00
3.783548896400913186e+00
2.844924800111023888e+00
4.686363611442097898e+00
5.029670349906871785e+00
5.871859976895168920e+00
5.364536378413864437e-01
5.673484808279976477e+00
2.295796908091279676e+00
3.859933365854452347e+00
3.628339850576955516e+00
5.283746806200247725e+00
3.340231647642777801e+00
2.591920496929432272e+00
5.972941118501530866e+00
4.706624159939014618e+00
2.256674105254001805e+00
3.751579962848102578e+00
5.446316472763269800e+00
3.537729490589348824e+00
4.451834740827056436e+00
4.264740193174625382e+00
5.144914228718718618e+00
2.832976124852415900e+00
4.665388478541864004e+00
3.981749807759432880e+00
5.397440223555635797e+00
3.869303455105944867e+00
4.767896998407983311e+00
3.805407969708584748e+00
2.802151586354608259e+00
3.927718953199106799e+00
2.533005635023873214e+00
4.709536583560999468e+00
5.198862313657923728e+00
4.417242118426997877e+00
5.108718107938040376e+00
4.010588000958207111e+00
4.520197596430746145e+00
4.366200205862841521e+00
4.596832841576746986e+00
4.454564398292514937e+00
4.853268361379391216e+00
3.159946087653913604e+00
3.409026807022868422e+00
2.233801151555803166e+00
5.084483628007957501e-01
4.133398240195089279e+00
5.154437758118273649e+00
2.752889433947611320e+00
5.608299933098386703e+00
3.023367545257575451e+00
3.964071471937467894e+00
3.878585807207280300e+00
3.402457259760837349e+00
2.853829342609988551e+00
4.337136513707994467e+00
6.015163695099334795e+00
4.182685755956576656e+00
4.858379436019228947e+00
4.415034772420771247e+00
4.838205706112227666e+00
2.495404188491954223e+00
5.012998866870614023e+00
2.840980011058815702e+00
3.273725540983738913e+00
3.024093545620938350e+00
4.364986992003882627e+00
4.141157082461982775e+00
3.990671954984190695e+00
2.762093050641317049e+00
3.800451888001005418e+00
2.875783773764113871e+00
5.372941810778147698e+00
4.106588812567227187e+00
5.125556182344461753e+00
4.976645500237012243e+00
3.898871183226327197e+00
5.162160130870727670e+00
4.559630602856735493e+00
3.058519305392417120e+00
3.284639865310829965e+00
3.502837468063329851e+00
4.865116876983441863e+00
3.622879018632401138e+00
4.241152117991086712e+00
4.872997416210309574e+00
2.841627524231800095e+00
5.164359642160933461e+00
4.754728276268380682e+00
3.978525111299802131e+00
2.458401914366992624e+00
4.679458023394516886e+00
3.095193120547723886e+00
3.838319241477205601e+00
1.031016222309590891e+00
4.107627626953733291e+00
4.501069880888812769e+00
5.449692626232543802e+00
1.599308065374133170e+00
5.107853615070728992e+00
3.325478177080931630e+00
4.785054815975416709e+00
4.284128401768738215e+00
3.616041087762306372e+00
4.199208083235220101e+00
3.423679924357225346e+00
4.043797385450044857e+00
4.556946557733082770e+00
3.591728291253530880e+00
2.851251340412588320e+00
3.483193474946185475e+00
3.692347190757279574e+00
4.078315031154230219e+00
4.889743671506761480e+00
4.827833807262988941e+00
3.499136003225300051e+00
1.490869797953651377e+00
3.298516592959854332e+00
3.499047644787471878e+00
3.909517181534631458e+00
2.207886066905126121e+00
2.803272844212000958e+00
3.266063470845596228e+00
4.263520951655203284e+00
3.359017453986811397e+00
2.546278189480200016e+00
3.399470843618824123e+00
5.411566640548348239e+00
3.043004812511683088e+00
6.331674013911025689e+00
4.450221247088886223e+00
3.677989332683094137e+00
5.510318764736579666e+00
2.985559379229294041e+00
4.947577377249181119e+00
5.566243298544482077e-01
4.763275088464598461e+00
4.127615288075150879e+00
4.404600888633645184e+00
4.687617043472100065e+00
4.027684256902684723e+00
3.982416208955813275e+00
5.066337840839374884e+00
4.779502355485025333e+00
4.450489984723575709e+00
3.188298148457535675e+00
2.972427493469540494e+00
4.550381044761106608e+00
5.324070656717557526e+00
3.099941852538743436e+00
3.701023179359656190e+00
5.954858465614356611e+00
4.289355698615675117e+00
4.342299705755332973e+00
5.079442358376506483e+00
3.197050708980119449e+00
4.710863968818650882e+00
5.311531663055430563e+00
3.974570798497723434e+00
2.077245822361423855e+00
3.741704659494241803e+00
4.587206608027803334e+00
2.647351805372263556e+00
2.400898209183563115e+00
5.116908053865466321e+00
4.072228502440314202e+00
4.192149476254010132e+00
3.223800648105727973e+00
5.401155438509991136e+00
1.955782958556269158e+00
4.857255239851905770e+00
4.484455174823839485e+00
3.740809078360017637e+00
5.305978090266054714e+00
4.137487774116567429e+00
4.867708929057882550e+00
4.819957631567047152e+00
5.348177602394413199e+00
3.457092417199493894e+00
3.547519937239796306e+00
1.299543044486561882e+00
2.956474626999845423e+00
1.852140935570787406e+00
1.858324597265734734e+00
5.706351416376488572e+00
2.796809295732634926e+00
4.316054848070152161e+00
2.772179937455316878e+00
4.828173397641928766e+00
5.257672807444039975e+00
2.042940422370584930e+00
2.686604350036565947e+00
1.803082848775757308e+00
4.352981030319436506e+00
5.144576409344717050e+00
3.745863459439394472e+00
1.171127032013027813e+00
5.019325970902284162e+00
4.319410867085049510e+00
5.638510230004775359e+00
4.280507278867546894e+00
3.994805577486887138e+00
3.381507832221054777e+00
5.169263693168914209e+00
2.652322835253355660e+00
5.216474802174720260e+00
5.034333263103240697e+00
5.080618244781413217e+00
2.331941777719594544e+00
5.210910036202785811e+00
3.422664826894112444e+00
6.060028599356577672e+00
4.245322305793297168e+00
3.844844824653840032e+00
3.850517023866117050e+00
1.930552899092592423e+00
5.174953857731178886e+00
3.236534870031763322e+00
4.443516526319424287e+00
5.907207796717223403e+00
3.738254478624416510e+00
4.012273809664539392e+00
2.514239084245833755e+00
3.906799235581797980e+00
3.535715307900547444e+00
4.077887802428561415e+00
1.927861944147721607e+00
3.061249682283211371e+00
3.583738689126143573e+00
5.611010185570248332e+00
2.950344807028095317e+00
5.378242136851704380e+00
5.209554910142279560e+00
3.345961087493082520e+00
1.579298757774362238e+00
3.329783647251040257e+00
2.271087133856261708e+00
1.969406116112956573e+00
4.195939482803000331e+00
3.967697557316247625e+00
4.229020321196379051e+00
4.919684559981899241e+00
1.810921456864684309e+00
4.062844542806482551e+00
3.481789378882997443e+00
4.066696177083964692e+00
5.381764145753643369e+00
4.806874121039006020e+00
4.721114841028684950e+00
3.287137465360214783e+00
6.387046737150614106e+00
2.970362901949360257e+00
2.775193164552110847e+00
4.627935302042069488e+00
4.627620176144034758e+00
5.477810115297105931e+00
4.593761278340548593e+00
3.132047064869735387e+00
4.306981259452529187e+00
1.752538830320827801e+00
4.458496100522149064e+00
2.764695939726150353e+00
2.041085842944874162e+00
4.743680831586791768e+00
4.470847744907689325e+00
3.766688315125049868e+00
5.315266705313265838e+00
3.605324309899555768e+00
4.280472343950363801e+00
4.522634099236882754e+00
3.318766241648066107e+00
3.881306362930108111e+00
2.627009093995169575e+00
3.696342364291215876e+00
4.570863985893899084e+00
3.830714164470162775e+00
4.501245861393442738e+00
3.543529095060168999e+00
2.200972702354953014e+00
3.368031935531605736e+00
4.950140913982731483e+00
4.046584437173300408e+00
4.254075824932018968e+00
4.458538769068798757e+00
3.191807764014021664e+00
3.700264176602189981e+00
1.240272243256307361e+00
3.934367071550328276e+00
4.017211209517813408e+00
5.530767101670534203e+00
4.638296543619190082e+00
1.964330347111321817e+00
5.305116946488185548e+00
1.081307890983713271e+00
3.778320733288149658e+00
2.635565891987615927e+00
5.566112167968660707e+00
4.077331874344327645e+00
3.372082556432474121e+00
3.602171183073060945e+00
3.572238610508974510e+00
4.389397214686215243e+00
3.665761425296047982e+00
3.900307572507331066e+00
3.635950108481813992e+00
5.036124828741344928e+00
4.222139968084430706e+00
3.610923121719112228e+00
3.421787934089068894e+00
3.992043633136081127e+00
3.985109572573401149e+00
3.939053381087997074e+00
5.206052688334229295e+00
4.920199469956004990e+00
1.824653879376950005e+00
4.785123910564840877e+00
4.468589260468603719e+00
4.895141641578407921e+00
3.562688265279757793e+00
4.008582833395913703e+00
3.523395963636961170e+00
5.113817431070893704e+00
1.022779063522779586e+00
4.132229781743022912e+00
4.183086504084171153e+00
5.539733652922962825e+00
3.815088348580310651e+00
2.598280534004785203e+00
4.538606479376124270e+00
4.813491279854701155e+00
3.888428600768218502e+00
4.449423617324051783e+00
4.389227502110576218e+00
1.706283782558899675e+00
3.842196570806798661e+00
3.577429549166161404e+00
5.191469647687598332e+00
4.938213897684592624e+00
3.097940343574290267e+00
4.047745224762073768e+00
2.851680753452336958e+00
4.176382717337917327e+00
4.859581703033406086e+00
5.084915891796470078e+00
4.821916818323088272e+00
4.200273344257912100e+00
5.487188414863931385e+00
3.657815582619817096e+00
3.831517226625739347e+00
3.812069014080335272e+00
3.870804820177770278e+00
3.782624045004906677e+00
3.830768972470378397e+00
4.358866366619453814e+00
1.257428084556512005e+00
4.796501328886121129e+00
2.437197298851503824e+00
2.147010075214836000e+00
4.116965076852475036e+00
3.603768041917021936e+00
4.589222416062654908e+00
3.585694410540035459e+00
2.357850587252191765e+00
2.990143080132869446e+00
4.319345614410596390e+00
4.335450194551646597e+00
4.124610038772901888e+00
3.085568613706479724e+00
2.916367408475009970e+00
2.721562694569328755e+00
2.086517797797284413e+00
5.137184599477510716e+00
1.543592414747910313e+00
2.317578542810907472e+00
4.683651166108817598e+00
4.753888520118895400e+00
3.815678044329442908e+00
5.019016706289213481e+00
4.660329351901288497e+00
4.011213244418055268e+00
3.879100113245030013e+00
3.809342077401677074e+00
3.121822282320350084e+00
4.051629991204570125e+00
2.980755997963316251e+00
4.990917677958549348e+00
4.971225518969681012e+00
3.097046545586363830e+00
2.620419135677146016e+00
5.195673816587079052e+00
3.204190830657659639e+00
3.947755906895403122e+00
5.929742199129652391e+00
3.007143941801620812e+00
3.636701052320777450e+00
4.085173942601205255e+00
2.563530388503060475e+00
3.993864115817288063e+00
4.505431574855329302e+00
3.549723944569461498e+00
3.688749950900355401e+00
3.550649734980406258e+00
4.526393861105092675e+00
3.684656407366391218e+00
1.349309472770307217e+00
5.225311739654053156e+00
5.052929624245976470e+00
1.347921628524706206e+00
4.916794832365829926e+00
2.198256764226574234e+00
4.484228304065263515e+00
3.755930503379102614e+00
3.491956077660471003e+00
4.782008824026743987e+00
3.301977085265166423e+00
4.458664441992968186e+00
3.597526606370366586e+00
4.363172563851390073e+00
3.242343727712553747e+00
2.020087949537251237e+00
4.794600680920305891e+00
3.137948214094664401e+00
5.134945753447083483e+00
3.919456413622973479e+00
3.852475105870257988e+00
4.117545004454093771e+00
4.268371501674427471e+00
4.462139618756565618e+00
4.832698792608494998e+00
4.680305509776502504e+00
3.320155126559193093e+00
5.150314456585610934e+00
4.958302547762472479e+00
3.422488739064235563e+00
4.808003709235143752e+00
5.916468892471541174e+00
1.785110424223074643e+00
4.006647038747560785e+00
5.085817076805384751e+00
5.120083403237313924e+00
2.469598769320059173e+00
3.446198366754356535e+00
2.938874991864846908e+00
5.676584977709535629e+00
5.726617512230132157e-01
4.332664927250938547e+00
4.679491893800822311e+00
3.796812324188348686e+00
4.303610421489399762e+00
5.360631232253899370e+00
3.972222741762355902e+00
3.816619789302772681e+00
3.965073837485256547e+00
2.403938253312420947e+00
4.401435354764158703e+00
4.097248304725330748e+00
4.803913383239491353e+00
3.127853212327100785e+00
1.897269397972071170e+00
3.867913586623195066e+00
2.719538573525535519e+00
3.916725338670079548e+00
5.249404822929848002e+00
1.294684079384126996e+00
4.240404171682524037e+00
4.314361403551759011e+00
3.734196582540579623e+00
3.064243746597905993e+00
4.264606323216778350e+00
3.179907214084679801e+00
3.878399329921802696e+00
5.456657540383922367e+00
4.446765781893409653e+00
4.015771910900777009e+00
5.602976074371868620e+00
2.451337641818021940e+00
4.354964287425312719e+00
3.691120538150725938e+00
2.729746452300821691e+00
3.116855060994592641e+00
2.687764295774587087e+00
4.569868521077784962e+00
3.091090828023006498e+00
3.455088456505866379e+00
4.551810436358046275e+00
4.840708860156746951e+00
1.518903775918904131e+00
4.010341044992834725e+00
2.703573258288174408e+00
3.742437099299386283e+00
1.870522452523470491e+00
3.209857967255441924e+00
4.912014013945668722e+00
3.073282256103853083e+00
1.509982296458389772e+00
4.162110679546001890e+00
4.715930135632887321e+00
3.727471216215021865e+00
2.947566872196059951e+00
4.398203544597222070e+00
3.766922267977988792e+00
4.355011032766544332e+00
5.534308408094866572e+00
3.120721100330517306e+00
4.792219488051620679e+00
3.214831488861466635e+00
4.549445053336786060e+00
5.290161495212668541e+00
5.421622032591441709e+00
3.838638694389843842e+00
3.920695791625013360e+00
5.453906056326855989e+00
5.015950851290186918e+00
3.936507089841088547e+00
3.440876396672939208e+00
2.439234444139728009e+00
4.571498623038650955e+00
1.258149220908822086e+00
1.506615777377082299e+00
4.072307901289001997e+00
3.374723744357622124e+00
1.919888741723684289e+00
3.496679898264068331e+00
4.574572260744194985e+00
4.857211145945306896e+00
5.419603617950648378e+00
3.766067124227335583e+00
4.509285830504937920e+00
5.237414203668596002e+00
3.682941253354119926e+00
3.564724425976633082e+00
3.702065406043526963e+00
3.897759238647060975e+00
4.350332092595738942e+00
4.160765654077613007e+00
3.354575217009377663e+00
2.874483546628316954e+00
4.277507669761179798e+00
5.124331013573708127e+00
3.831466413892704370e+00
4.525959151200416919e+00
3.263336614847809791e+00
3.323313918371652687e+00
3.907357376087833956e+00
5.397357559038360009e+00
3.223799717045664259e+00
4.102933249001751825e+00
5.237229180723909749e+00
4.066799179177835732e+00
3.481429976640714852e+00
2.336366946382295584e+00
3.473586193957858725e+00
3.025608679841182536e+00
3.965666236628518693e+00
3.476637066867544146e+00
3.529430697411420681e+00
4.529156781857069269e+00
4.659690162896509946e+00
4.784009567623520809e+00
4.434901784784354817e+00
4.541182821315875806e+00
5.011757136594378714e+00
4.355743865475316667e+00
4.037338413557890249e+00
4.720092938457678855e+00
2.927944909180603350e+00
3.167206855314561142e+00
3.705781269935630728e+00
3.026032546043547988e+00
1.796177310676443595e+00
4.038990525223760564e+00
4.165636799114724731e+00
4.014251083165746081e+00
5.073368855262576638e+00
4.996488397918936286e+00
2.525143205865127083e+00
4.293145207172775812e+00
2.940196920688864068e+00
4.502848909071041739e+00
1.186821533375437276e+00
4.314276601219705576e+00
3.810011922703230525e+00
1.841742476182045340e+00
1.433038827313206420e+00
4.792658815496681157e+00
5.132568451966831979e+00
5.149021381838435829e+00
3.634319384790755780e+00
2.983235038853153220e+00
3.789057068474723344e+00
2.645407059984990816e+00
5.231544219500570136e+00
4.057742970888277512e+00
4.541912413315058572e+00
2.528410574616770656e+00
4.209406673834800827e+00
2.616307385297422350e+00
4.149960044265137427e+00
1.519040790911202476e+00
3.309592868334552129e+00
4.044392168057834525e+00
4.785075853719727768e+00
4.066776437369461483e+00
3.746245953808308826e+00
4.649948967151775747e+00
1.167955026008386188e+00
3.914588238438018397e+00
3.795863648084144337e+00
5.489564156159434383e+00
2.132433380937254430e+00
3.339407148365814759e+00
3.677393027258385683e+00
2.725271181639346008e+00
3.507461764789574055e+00
3.489030342555119013e+00
4.102176282785126915e+00
3.210546732687824978e+00
4.069064991997224823e+00
3.120620568801243611e+00
3.097203941935818605e+00
3.996438891512525515e+00
5.198915856823456139e+00
4.635869409425407817e+00
4.405490761857711490e+00
4.113008750183909434e+00
4.231070583013205599e+00
3.737366780245903186e+00
4.420008435934716040e+00
4.275071343576978045e+00
3.264063283959933504e+00
5.763812733064393790e+00
4.539424294195437248e+00
5.275859721608617825e+00
3.129717539829313999e+00
1.238393669289297394e+00
3.160118106207688626e+00
4.389637485435214259e+00
3.872543687985362748e+00
4.478021951032406633e+00
4.409063708436788964e+00
3.774128558716317805e+00
3.246834386738970846e+00
3.662419828783204157e+00
5.019693355031618509e+00
3.746344356357078187e+00
5.191349769611877107e+00
6.045938084777833232e+00
3.957500688173228198e+00
1.433862435699600812e+00
3.595156806246225578e+00
3.667570996949507833e+00
2.963829081409875776e+00
5.254561539242335044e+00
3.589791972351116911e+00
3.774184905999163231e+00
4.448350446977613615e+00
3.029619953141520217e+00
3.810456766711576293e+00
3.985056196716101340e+00
1.644136014822249470e+00
4.739074195227616748e+00
4.070481528727279752e+00
3.367000455010024762e+00
4.861379260258688717e+00
2.902226498693101231e+00
4.166934311131241131e+00
4.503222008086052774e+00
4.795702797072403989e+00
4.214211316462455059e+00
4.057226045793226099e+00
3.780625603736010198e+00
6.162443685812124983e+00
1.572342506889440994e+00
4.853797888058289267e+00
3.670480803558993088e+00
4.797768164356742915e+00
4.472411470591750593e+00
4.898582679938673579e+00
4.843656991908226850e+00
1.616373054028261480e+00
4.800602520149465313e+00
6.193546882468638159e+00
3.485029509545697568e+00
5.152339261137373505e+00
4.119118216574172209e+00
4.493309636937978802e+00
5.955487580988271468e+00
5.050360594698922512e+00
3.127916179570780830e+00
4.762095203440076752e+00
3.073881980437834560e+00
4.089344904421143845e+00
4.612328428649423273e+00
3.913292918902249173e+00
3.896545643779999679e+00
3.623207497784090236e+00
3.391638879322917965e+00
5.095198322978242267e+00
4.034875751451743930e+00
5.066484669679218733e+00
4.209684733838772175e+00
3.349767145631766141e+00
4.761862954272276127e+00
2.542844339043031088e+00
4.092956800430801678e+00
5.987534803545277562e+00
4.147872636574696514e+00
4.297428145262574439e+00
5.348329892331284974e+00
1.865125971573329045e+00
4.309633419227368201e+00
1.502996688050680874e+00
3.834960282474594084e+00
5.032117487142648393e+00
3.563198960465495890e+00
3.019613500374623616e+00
3.868406301969004701e+00
2.794440580185031386e+00
3.296900179043305901e+00
5.144827282839374405e+00
3.825970172447513029e+00
3.546841316489184326e+00
4.271573060595870608e+00
4.821303995034708301e+00
5.076219707008138293e-01
3.823313041116209288e+00
4.038021113954918029e+00
4.085502253063679312e+00
4.755648204954546543e+00
4.264906848097852254e+00
3.994820817600923668e+00
3.024648899637534694e+00
5.868027643355318901e+00
3.474082413327169050e+00
4.103866319979273314e+00
4.728935893772602483e+00
3.775117893574535088e+00
4.296547070834336068e+00
3.867083058603764112e+00
3.825961719848737896e+00
3.515465172772461955e+00
4.776981545253635275e+00
3.610604128169097482e+00
4.471131594371917650e+00
3.562731197341728606e+00
3.559490280206993429e+00
3.385427464060235980e+00
3.518260855881734539e+00
3.719144123618281839e+00
5.048562214131401937e+00
3.445473187090343004e+00
5.659393642586261208e+00
4.128944481241664910e+00
3.428119289993958319e+00
3.654911652208598483e+00
4.959235231120191933e+00
3.300476786019254316e+00
3.563356678592756399e+00
3.925530959298364042e+00
3.878353479953573046e+00
3.993779145997569113e+00
4.671572671296675416e+00
3.900847034284504300e+00
4.692833601002068811e+00
5.467443289675895990e+00
1.612088064504791696e+00
4.134991070108012146e+00
4.091497628492277272e+00
4.780992712521750398e+00
5.282715300130294445e+00
1.460378959468048743e+00
3.063034190487482267e+00
2.656639100599361480e+00
2.978316968819707089e+00
4.577336959212495948e+00
3.297683540673898683e+00
5.148676287037625698e+00
3.972920542929771148e+00
3.923881029616866023e+00
4.685821058210099643e+00
3.201273952315969673e+00
4.755704145833753671e+00
3.657407574324451183e+00
4.000826920559407363e+00
4.338969075174983203e+00
4.715019617812613362e+00
3.808816704780963569e+00
4.776265082056457167e+00
2.876284861156873873e+00
2.646814648820579929e+00
9.850571013779180207e-01
4.343800700340066712e+00
3.860471446959360620e+00
3.438964286692129502e+00
4.866721182374504906e+00
4.810243583004291779e+00
1.623704199488294586e+00
2.299065818087485891e+00
5.243791141431758618e+00
5.521835138682572586e-01
3.006993593500077999e+00
4.949567305501721748e+00
3.848263096544413564e+00
3.081533321676747761e+00
5.356863855938652996e+00
2.866148507515458022e+00
3.391020779515526495e+00
3.491333376843743785e+00
4.981658350662945267e+00
9.464109168252800020e-01
4.652603767536398927e+00
3.327144821672494146e+00
3.547341692513756417e+00
4.223587423085675141e+00
3.724843313413348067e+00
3.248856346740266243e+00
4.061333087582108980e+00
3.916858901629863166e+00
4.109162235836376631e+00
4.197383740676460029e+00
5.476172014021463141e+00
3.294176641915698589e+00
3.715507475396205184e+00
4.044527552652737334e+00
4.287531089422069286e+00
4.648417946184633998e+00
2.960576087591916483e+00
3.841319645908438218e+00
4.074536987582806802e+00
2.801814244343529214e+00
3.991662937754150153e+00
3.331097661629915052e+00
4.516137479275575295e+00
4.349708605774495140e+00
3.516595792945949484e+00
5.348354828637071456e+00
4.514495624948407837e+00
2.648339634100820295e+00
3.972293985068096944e+00
3.252272070208539922e+00
4.039154366836419818e+00
2.223143575805054173e+00
3.439941528600591880e+00
3.786394324221034946e+00
1.118561739789157183e+00
1.963382501782538148e+00
4.087103332804672640e+00
4.971960274828449933e+00
3.912595072747193203e+00
2.316310085092661453e+00
2.001357136357825972e+00
5.109961808664445826e+00
4.447979414651564767e+00
4.254321887799878965e+00
3.082589558877835145e+00
3.398885916882004476e+00
5.503211371054297807e+00
2.807367623848228355e+00
3.195231031083243689e+00
5.500479547316849072e+00
3.575259457906439398e+00
3.890284085292810889e+00
4.654511334893900454e+00
4.419335121567702807e+00
4.635580835343540151e+00
6.371358750724416709e+00
3.472295800292682255e+00
5.158911453125941904e+00
2.812828933227974559e+00
3.085679691298814920e+00
2.833336342194027413e+00
2.466385524242923122e+00
4.722262916596765336e+00
4.383256600095026378e+00
1.678014365273749364e+00
5.380899536902672864e+00
4.310990434422532935e+00
3.175027526867247651e+00
4.762646619244386592e+00
2.965806780849501223e+00
3.199832578038285025e+00
4.746082275251735538e+00
1.156973688304699044e+00
4.803701733603581658e+00
3.910686274377878302e+00
4.895791022369969880e+00
4.973095504232874831e+00
3.609666910651218696e+00
3.059384979329873744e+00
3.760607879753751437e+00
4.563299916264596412e+00
3.775411187020345061e+00
3.277480339915992413e+00
2.918767596572922951e+00
2.884015304758789533e+00
4.349178182011704585e+00
3.767250950897226947e+00
5.339481865611889866e+00
4.619097379998085451e+00
4.401302052781320029e+00
3.393074686069140089e+00
4.604288748804217235e+00
3.058320486135272631e+00
3.602854349097756703e+00
3.823732291801452909e+00
2.790135295742827815e+00
5.197898210434243715e+00
4.429386646099769287e+00
3.070540095081156995e+00
3.161521994456392814e+00
4.809468966419434999e+00
2.309763798250771494e+00
4.421574044929460712e+00
3.436866864063345073e+00
3.646955914551187838e+00
2.950157356566231126e+00
2.980417036345483606e+00
3.845246282530752069e+00
4.223096384167720707e+00
2.830080641045729095e+00
3.791410131695717833e+00
2.695766759779056887e+00
2.284696952983309437e+00
3.476350417669060722e+00
3.319967993740227996e+00
5.067948805859349370e+00
3.895368829975795588e+00
3.278310668340838507e+00
3.989538535338666758e+00
1.255266749159092088e+00
4.209319391412012834e+00
4.806251426784650782e+00
4.935877106373290246e+00
3.468254350249543982e+00
4.047823022023020911e+00
5.002561756787034852e+00
3.360302255401938609e+00
3.807508787608984591e+00
1.939437759247648607e+00
5.862389935434443089e+00
4.891984305915755726e+00
3.909860069020691498e+00
4.080409964226863195e+00
1.870642282592631656e+00
4.186342127540253699e+00
3.594759556373323672e+00
2.713457020389580254e+00
3.970990136853420172e+00
4.650706794807695665e+00
5.653430277030325080e+00
3.755244169464303283e+00
2.653419699125743492e+00
4.428814589870671448e+00
4.438810138840341146e+00
3.462201856140670664e+00
3.821638747151994142e+00
3.871442837900987755e+00
5.305000630180304988e+00
5.226312650689451722e+00
3.622069996975956219e+00
4.735352056290603073e+00
2.788291850886594592e+00
4.634512427014987779e+00
4.237784084148973562e+00
5.374638051721190024e+00
5.605943623578149015e+00
2.083141691402717655e+00
3.193741742327843802e+00
3.776400066283778667e+00
3.677232340690157031e+00
3.514883043251855188e+00
4.889454701532503833e+00
3.904078282448392390e+00
4.931821194514033557e+00
3.207610518836189861e+00
4.643859740480447584e+00
4.110390234884101268e+00
3.708931245978179359e+00
4.482685556170896035e+00
4.795875822008130562e+00
4.973348118212457258e+00
4.343951598365880074e+00
4.793011932773267425e+00
3.431546494781756440e+00
3.320545944425363771e+00
4.239880863513234566e+00
3.489496991849476704e+00
3.292590664795978395e+00
4.061354335607676447e+00
4.507581969730250826e+00
2.458739039231306656e+00
3.795980833806699817e+00
4.446188193022440061e+00
3.633579412310569356e+00
1.756324446988765997e+00
4.167435722960334488e+00
2.922814879219353568e+00
4.807959597302649435e+00
3.803394405277017665e+00
4.770128393467057748e+00
3.478077531970104275e+00
4.023089356783176918e+00
3.866149435542984403e+00
5.145923701314157661e+00
4.425073726913780758e-01
3.818918340596280991e+00
4.022535616552922910e+00
3.575383848545814480e+00
3.788857955968289559e+00
5.430757569978534427e+00
2.583854189374469534e+00
3.931813660486402906e+00
4.165032872420715293e+00
1.321413031995387177e+00
3.517569966298362161e+00
5.147661758546031585e+00
6.138684454952604064e+00
2.487765341597961921e+00
1.899732573419397719e+00
3.792755117504428508e+00
4.315569092065553392e+00
4.323707550534367172e+00
3.770337445454353453e+00
5.105691834158124998e+00
1.812019780109573874e+00
3.394926134536264239e+00
4.080137829727817689e+00
2.678649528518674217e+00
4.242467903435962917e+00
4.280598142686456775e+00
4.503614946548989195e+00
4.721318574204843799e+00
4.130471072069447303e+00
4.726049504129513856e+00
5.504892875111617734e+00
3.810165140678588802e+00
4.702722703369287771e+00
5.550733792938205013e+00
4.379891355087782046e+00
5.297600393156234766e+00
4.721869405724061330e+00
2.961115230671938825e+00
3.623526836134947970e+00
5.293519245601769896e+00
3.297697314783794020e+00
3.479750375926198735e+00
4.274529515300836913e+00
3.542480267522025716e+00
5.935428603554640858e+00
1.271860125930600827e+00
5.058729428578931042e+00
3.896264267881367704e+00
4.080516939237503138e+00
3.832817139062406397e+00
3.932336118936663905e+00
3.933922147932974678e+00
4.628902173829496647e+00
1.838354575487635145e+00
5.180762403066125898e+00
6.029301505460598065e+00
4.009054363453600445e+00
4.092838454792005365e+00
4.533078100184317449e+00
5.190935623193721149e+00
4.130892149537551461e+00
2.053594327206021752e+00
6.200785263184599216e+00
4.655263012233939790e+00
4.059999884333157283e+00
2.275563185677039080e+00
5.148862038433207111e+00
4.211681601639694073e+00
4.493049956587519489e+00
3.805042631211893678e+00
3.825869078524603228e+00
4.727797392168580082e+00
3.548635956818383619e+00
3.537675030750067062e+00
3.793329437978355312e+00
4.491456617901775417e+00
3.905227690938875895e+00
3.656854830100987996e+00
2.376267983266728834e+00
4.550853776175446619e+00
4.074177106874799392e+00
5.713790289724806293e+00
3.384758118167040752e+00
2.929314134421483473e+00
4.353438408770427870e+00
5.347123164607713974e+00
3.551526994222645506e+00
5.469928716230676002e+00
5.355641578379989554e+00
4.064423614240895155e+00
4.761681717207207676e+00
5.905926975936456103e+00
2.682328078985976472e+00
3.527270425566821466e+00
4.150842307429464029e+00
3.034097474267754446e+00
1.523190246381495472e+00
5.174909171190594570e+00
4.378398674211150698e+00
3.873641940693609786e+00
2.275698215757188780e+00
5.444377088416478827e+00
1.709891550253376469e+00
5.066756130977343453e+00
4.604366402517274359e+00
4.712289587378312383e+00
4.553527995083071822e+00
2.073974637063349835e+00
4.358193769216623714e+00
3.459292496308480569e+00
3.495769942159109966e+00
5.007279427119264881e+00
5.356547166284031825e+00
4.447460561190977657e+00
3.409422259141703382e+00
4.701658533407872653e+00
3.531872371941249700e+00
4.840990816065992242e+00
5.381982725585946703e+00
4.974480334737415355e+00
4.816148806801773929e+00
5.616028342263001960e+00
5.054482181108285843e+00
1.106718269440122082e+00
4.195115224228215034e+00
3.725032262333174415e+00
3.915292046004755111e+00
4.833081397410160740e+00
2.852523185321674148e+00
3.900794310033198986e+00
4.936184695189042237e+00
3.680777520977461137e+00
5.287979172072694745e+00
2.460509194891764118e+00
4.209927734055174398e+00
8.879745958705610454e-01
2.627777297710709448e+00
3.872986333472278275e+00
4.625674179917483642e+00
5.324240739458022453e+00
4.406090905400907864e+00
4.070924114845243302e+00
3.585651206991189444e+00
4.749358171109061111e+00
3.423353083244689010e+00
5.220473437464782762e+00
5.096892952306904867e+00
1.777314571010267130e+00
2.201882206124637253e+00
2.849727572840593748e+00
5.960271557877074855e+00
1.308793900578033798e+00
4.380580530684556884e+00
4.335513747418064945e+00
2.714530936905934499e+00
3.608300144149986011e+00
5.031270203613749992e+00
1.909778371084916326e+00
3.177886023870428289e+00
3.015489689369675652e+00
5.877085123709747450e+00
3.294298871680255036e+00
1.158828406441725800e+00
5.297524448016253551e+00
3.551155476885537787e+00
2.200139767534263768e+00
3.493824532525573456e+00
3.341452341880359445e+00
4.690207479890582398e+00
3.689922863338682468e+00
3.854862631841735610e+00
4.939390529912137673e+00
3.034843439826146572e+00
4.442052282223940551e+00
3.064847162995628871e+00
2.875874050700535811e+00
4.261966286056202868e+00
5.317087570932123697e+00
3.472595678979250700e+00
2.673417468746994263e+00
3.156943609763601888e+00
4.290639049965804475e+00
4.200031408710843017e+00
4.072809495449583927e+00
3.264195000509277467e+00
2.856700474515230681e+00
4.440865663873314162e+00
3.128555735459458642e+00
4.487492778024513740e+00
4.602698947459507473e+00
5.090719762592949671e+00
5.191867356574801917e+00
1.768847375527436760e+00
4.746391050176320014e+00
2.535363869784972302e+00
3.578956168737901233e+00
4.518307444875183876e+00
4.420207702579570075e+00
4.836236115603132824e+00
2.219289768818601960e+00
3.424688283288255253e+00
3.812898087397529778e+00
4.286812172528266629e+00
3.907494686530654349e+00
1.069730002627199417e+00
4.819943064184610826e+00
4.932237855264505200e+00
3.866089107073973352e+00
3.598031125851265166e+00
4.096047567968975400e+00
4.208348980527080840e+00
1.909518964794953533e+00
4.660543143678999911e+00
1.684360947009094112e+00
4.403255349443036870e+00
3.933217647880834278e+00
5.933913883772123476e+00
3.694046237336537253e+00
4.543348026229493186e+00
5.439417928780695632e+00
2.558625173257304652e+00
3.334346032656806624e+00
3.822190983872799208e+00
3.510494844286830673e+00
3.831077317243795299e+00
4.077698032533595196e+00
5.452009808041443861e+00
4.067611646347970122e+00
3.987943669223744880e+00
5.364492976566499927e+00
3.847373775408792884e+00
3.712510168906527852e+00
4.166141296817982287e+00
3.844135264367500415e+00
4.641292507156923541e+00
4.814580860937970996e+00
2.360589629368722520e+00
5.033692543751159931e+00
5.135478821265038185e+00
4.373539115588935822e+00
5.279588685730001174e+00
5.135908803693408409e+00
4.136616952646241963e+00
3.683686925119117994e+00
3.181263229913715573e+00
3.773808858962521828e+00
5.207827023271989653e+00
2.952456320728281458e+00
4.022087064093787134e+00
3.850475317771491213e+00
3.336397113396436520e+00
4.728519836501515528e+00
4.444739916127021573e+00
1.348361644135162907e+00
4.814401630672130672e+00
6.029115859631607677e+00
3.819461556847374428e+00
4.849976573549950487e+00
5.201616086447921283e+00
1.929904880189545979e+00
4.808644060768627604e+00
4.952700296791547885e+00
5.235973755264982543e+00
5.749292706738597936e+00
1.294422960269064005e+00
4.647035582575257173e+00
2.852095251196193004e+00
3.210110215946094137e+00
2.767666635308730250e+00
9.155472970424599621e-01
4.537498531965344029e+00
4.077048077676110438e+00
6.529955239711174642e+00
3.684022741928298927e+00
4.783713289622819609e+00
1.976904172028366879e+00
3.329012100347300773e+00
4.162012650039891959e+00
4.253807162899289729e+00
3.707864388262571254e+00
4.833464316377860115e+00
4.811804646862580803e+00
5.317851940420490919e+00
4.275498148985530378e+00
4.841513935461295937e+00
5.033059176786385258e+00
3.484169006616150810e+00
1.957415664744501127e+00
4.141498163878472916e+00
4.683709064517572962e+00
3.386362366706463511e+00
5.505769475127567425e+00
6.386606986375415573e+00
2.984686233180361192e+00
5.456673685432118504e+00
3.756539757492412868e+00
3.877535585715803812e+00
2.798095626390757928e+00
4.323308918958468361e+00
3.420687311844762490e+00
4.574848460626683710e+00
5.008908456117006303e+00
3.912974773667824646e+00
3.842624316742306867e+00
4.291453501293203132e+00
2.434820485458035755e+00
3.730538931026063487e+00
4.944214760247095164e+00
2.402656051921022495e+00
3.554594780653665076e+00
5.066251179744284627e+00
5.909341953223501420e+00
4.722382451433892570e+00
4.521577158549081155e+00
5.346750151637785997e+00
3.071327596427054551e+00
4.456289316910874376e+00
5.118849411934473181e+00
5.465515759716875976e+00
2.830980388038740081e+00
4.351906278112905646e+00
4.044979981705794536e+00
3.207424752688162961e+00
9.682381779429715118e-01
3.583190731019023634e+00
4.461418831094568382e+00
4.510944819471708556e+00
3.252750754755492579e+00
5.020323356979615070e+00
8.380038139186818391e-01
5.594129560275280966e+00
2.533542125211301510e+00
1.671898375036027895e+00
3.830409567273572957e+00
5.948307607340056258e+00
2.468636492870516008e+00
3.698430058708125134e+00
5.709835960681091116e+00
3.752582784851817177e+00
4.579941570293380337e+00
3.833922162824112245e+00
4.353271138963737741e+00
3.326833811615255154e+00
4.567894625915771556e+00
4.331538909722242536e+00
4.766936677079812057e+00
7.632111265363396013e-01
3.826520172029993727e+00
4.603594500636757125e+00
3.829794773653839357e+00
4.934803822421796937e+00
4.095541286669053704e+00
4.127216974833821439e+00
4.483320170977783903e+00
4.493353945080849954e+00
1.960811978683213219e+00
3.711069688193245231e+00
4.819039447997366388e+00
5.378806507178422791e+00
4.594095063012922253e+00
3.693674057569865443e+00
4.502079762538060415e+00
3.052705225565145675e+00
4.042160886666517960e+00
4.268134792781527409e+00
2.890917476973347444e+00
4.450483985892447869e+00
3.409321495274008296e+00
3.999095570405176048e+00
4.310057421087615026e+00
4.774892183248685917e+00
4.871847542734105474e+00
4.190967618709602327e+00
4.779039168722831299e+00
3.594097639322614057e+00
3.630777705274786271e+00
1.415839276954869108e+00
4.858970161850501235e+00
4.363239754891533373e+00
4.229336961057058808e+00
4.283316646226078106e+00
4.265980093701443820e+00
1.002654121459536807e+00
3.022244853832416478e+00
4.186684002037878827e+00
3.200705569579351373e+00
2.977093464296520775e+00
3.797467284026407430e+00
2.764152762005656072e+00
1.851830539086355865e+00
4.035017905959503715e+00
3.057874388261715204e+00
4.812696997540157007e+00
4.406362997117691194e+00
2.626974347923700215e+00
3.207942989244517484e+00
4.354659793819251057e+00
3.595525957726729782e+00
1.926503574734830471e+00
4.477113380526115627e+00
4.096169859543921099e+00
2.346511113297282236e+00
1.059727284105499656e+00
5.185647191387757537e+00
3.740972900853858807e+00
3.281205377113251220e+00
3.442283738157503770e+00
5.012744312511794753e+00
4.472452291233349975e+00
1.933733874059284874e+00
4.996599517215419617e+00
3.917593691885543628e+00
3.677739697317355283e+00
5.043026635126300228e+00
3.256357606221697232e+00
2.975232912406938990e+00
2.476028994274761974e+00
3.352667510574634413e+00
5.640228599153904732e+00
4.540072210941003661e+00
3.710067684440229385e+00
3.341966220136728172e+00
3.590366529514061877e+00
4.896877521465077265e+00
3.316332704042546986e+00
5.210649311281874141e+00
3.258845243817705128e+00
3.313403722832262144e+00
3.011302334273609382e+00
3.299988769267459876e+00
4.429404679079428142e+00
4.125368389995271556e+00
3.038183701147710192e+00
5.259258273400381434e+00
2.621492123322856305e+00
3.957748570915137876e+00
5.238487850433401150e+00
4.268154159254631708e+00
3.712002448922112841e+00
5.307757288473369250e+00
1.215222451171499296e+00
3.297384410718711578e+00
5.492761379002542022e+00
2.415377853439130806e+00
2.445789875426099602e+00
2.562410609058181521e+00
3.750740804694976838e+00
4.977713386872559376e+00
3.390761802677891623e+00
5.829082235525636868e+00
5.534824369100372010e+00
3.124183947996457267e+00
4.137772578993992312e+00
4.841222196012696877e+00
1.937036296962819870e+00
4.433948370524101179e+00
5.460604627497663621e+00
4.895623446917763744e+00
2.545460829388920043e+00
3.684917386517001514e+00
4.881937268065438928e+00
2.883070548867286753e+00
3.601760983720791121e+00
3.859511773084435049e+00
4.522337624089217023e+00
2.511494889762498239e+00
5.310994360041759066e+00
3.701545223033630094e+00
4.096085613829925975e+00
4.208638822075231545e+00
3.986100299031179350e+00
3.452097629647347343e+00
4.179115766413911359e+00
2.775239261424323978e+00
4.249665776714402377e+00
3.892950614860328784e+00
2.715004734843993628e+00
4.431508883702560020e+00
4.588730858879177532e+00
5.027675750455049553e+00
4.764748746278840486e+00
1.329733298748715153e+00
3.274638084665351112e+00
5.015808483085470115e+00
5.121963599348468676e+00
4.205756017053282392e+00
2.957363774696792458e+00
4.587429727434730431e+00
5.816983524279737416e+00
2.408732066638346492e+00
3.904773734311120403e+00
4.071602037353198256e+00
5.069877350028573204e+00
4.088055498205442007e+00
3.723640483240400201e+00
5.026348223110825408e+00
3.050801231059703689e+00
4.409996461898485265e+00
1.193278140815836830e+00
5.476567449618677585e+00
4.064026520676167209e+00
3.116418935949350377e+00
3.525558588723925357e+00
5.876989472242851065e+00
3.521509431228027065e+00
2.388136171789746243e+00
4.923307111512592371e+00
5.192339345587316579e+00
3.694889590868732476e+00
3.790099567898605581e+00
2.441115012768378723e+00
2.034417024481611769e+00
1.617509853703213318e+00
4.130146285826356234e+00
2.791557081104329097e+00
4.818398499316246308e+00
5.178661467372381644e+00
4.837283852783315297e+00
2.845022181214070578e+00
4.790940534359053871e+00
4.903500312115267157e+00
3.646748297114863924e+00
4.975813296589686630e+00
2.322865155405447357e+00
2.965508531989302199e+00
3.713398151091118482e+00
3.835147977886955051e+00
3.770072629770612416e+00
3.986376979245014329e+00
2.882892086135168785e+00
2.670328663927429957e+00
2.092242516371107364e+00
5.954517025106139450e+00
4.924128183960035265e+00
3.866144331742845441e+00
4.879862745480221697e+00
3.475361092576579214e+00
3.285899050451465353e+00
4.663940794181639760e+00
3.856850907699774123e+00
4.696817754796888345e+00
3.220221780717609228e+00
4.568240576735043135e+00
5.451369507630376532e+00
2.929506259756861297e+00
2.828897992036547571e+00
4.545312789749109683e+00
2.681587791531745868e+00
2.061047318502337244e+00
3.783932802581126076e+00
6.404364604088070401e+00
4.935468598722011713e+00
4.582921149515142289e+00
4.442069801822314368e+00
4.680901459012139831e+00
3.046550031641245049e+00
5.019525535799025384e+00
2.490375072699801962e+00
2.458550608779847213e+00
3.659585567355997604e+00
3.588559176915282034e+00
5.376342407704943760e+00
4.009179160157509081e+00
4.793241201565285436e+00
3.724773573551339201e+00
3.819417525223951060e+00
5.333088534719631291e+00
4.595709197056293327e+00
5.181152341955202800e+00
5.141510361401802953e+00
2.844986883725596272e+00
3.915032410914711658e+00
3.371170208835572613e+00
3.343901793317622939e+00
5.442340985496709749e+00
3.800898173039629402e+00
4.026650651906633627e+00
4.403299905226234046e+00
3.118003599744377130e+00
4.092665887818190740e+00
3.686473206026349647e+00
4.231390506990776679e+00
3.736726361654046258e+00
3.266302071570960752e+00
3.258718798704419495e+00
3.874499363010357467e+00
4.252289591684315084e+00
5.758488471821527455e+00
5.301428410504311017e+00
5.154816594813871333e+00
5.566837134389578168e+00
2.773250384288711068e+00
3.357371855683893624e+00
4.753495773454475604e+00
5.474334424102035968e+00
3.298621420043270636e+00
4.290797997967291444e+00
5.454986913679379157e+00
3.264871876513726345e+00
5.466364793885730933e+00
5.683210584650322694e+00
4.898964688066907769e+00
4.807900777325906816e+00
4.846130580615067629e+00
3.854869369602974771e+00
4.514529406088738206e+00
4.042171520510400740e+00
4.758922155599559112e+00
1.000758591580542367e+00
4.884216971510325855e+00
5.484322603319082390e+00
3.621695549043856044e+00
5.224801031802959628e+00
4.003076981600468542e+00
3.126961953329188582e+00
4.804478447560613930e+00
4.668740753175290692e+00
3.063519761788609408e+00
4.274979649443234386e+00
5.198915859276640461e+00
3.982859248463535007e+00
3.337797256136350033e+00
3.517969425691029883e+00
3.689819780945996275e+00
3.849806930419174211e+00
4.096299917841949245e+00
1.028610015118774479e+00
4.232714601399150567e+00
4.475489324225544685e+00
4.796564903364268773e+00
4.276459394302544403e+00
3.945268398935037890e+00
3.592552573126536419e+00
4.985712220694920482e+00
3.542076205837102698e+00
2.756243212605334225e+00
5.125218150035340869e+00
5.777653722939542824e+00
4.009377310392720162e+00
5.262567114102941979e+00
4.167493546505160573e+00
3.717958239430192435e+00
4.646246999765792474e+00
2.339185441699414003e+00
4.471135215317038281e+00
2.452641280016675474e+00
3.751515049702756510e+00
4.472826849965989560e+00
2.052165163932075043e+00
4.650598712477258978e+00
4.420150528019625824e+00
3.411129616856061197e+00
4.632199515564211723e+00
9.873799535565710439e-01
4.782994942303733232e+00
5.023135603466867494e+00
4.259328235679227248e+00
3.359323154066543360e+00
3.071236878602116693e+00
2.357147696636101131e+00
3.825171126167125735e+00
4.935436160125488136e+00
6.050647012341244135e+00
2.737924694770260459e+00
5.172945413432199047e+00
3.241584262258599747e+00
3.880334512140682257e+00
4.185512050182957466e+00
4.346862557613000000e+00
2.998257931362723561e+00
3.793633245104913509e+00
4.043605994036261642e+00
2.302587490624953492e+00
3.042786033896404341e+00
4.119414212969344291e+00
3.166465751730767941e+00
4.095512551317030514e+00
2.717125205293228873e+00
3.358352213178336321e+00
4.416125278252094333e+00
5.486878091634157961e+00
5.795454997218736359e-01
4.781731773493751447e+00
2.467928134473341029e+00
4.791925434278757834e+00
4.502902848560829341e+00
2.636111515624610657e+00
5.048975775020274170e+00
3.228253701821374388e+00
1.158091788749487261e+00
5.952428811617324733e+00
3.641956214730635022e+00
2.727433878497511621e+00
4.811918773024365770e+00
4.044034521826268325e+00
3.552377725796403762e+00
3.983075386109565574e+00
3.796607918256354353e+00
4.015924782813913296e+00
4.786407688577329900e+00
4.233405047465588211e+00
4.632083843732276662e+00
3.555703680770890607e+00
4.144664985006976998e+00
5.245431397683337771e+00
4.604991191163006370e+00
3.658508663285835905e+00
4.950276270541560386e+00
5.491526074515386213e+00
4.314940330017386749e+00
3.784131047784180080e+00
3.519105058101324790e+00
4.303185816424632826e+00
4.366714692518081975e+00
1.064728976862260534e+00
4.752094230668989283e+00
4.436750495155197704e+00
4.261052771932664740e+00
4.640878671202949945e+00
2.544900921270101701e+00
3.551653007403887230e+00
3.816733525742194377e+00
4.415113045052111218e+00
4.998904134985936665e+00
3.085434997700086335e+00
4.614389271863680975e+00
3.462877986300498367e+00
4.778679817079972914e+00
3.873173639866859030e+00
3.400607007594367293e+00
4.644040251135325370e+00
5.475960917750864354e+00
4.541705285649324075e+00
3.699214946627051859e+00
4.698757558606522444e+00
3.870330844648143920e+00
4.111465305623331901e+00
4.860085437462962510e+00
5.087307090294513223e+00
4.739720672474162733e+00
4.478120025613503863e+00
4.961659538553235826e+00
1.337473555303273276e+00
4.778824827502539563e+00
1.920759218431753901e+00
4.631625504464695453e+00
2.538153117847320228e+00
4.127360680812873994e+00
4.879517225604381281e+00
3.335333577729422849e+00
3.807422153217415506e+00
4.253770289165444751e+00
4.988846756192240939e+00
3.902782182720837767e+00
5.396883237852976301e+00
3.342878024334947629e+00
4.013386385572507820e+00
4.806631653864429587e+00
4.078400932698559522e+00
5.103195068448843408e+00
4.870849088930578219e+00
5.344106724693492794e+00
2.796183252204834879e+00
4.648745826067748332e+00
4.032247176150515422e+00
5.025453233199052683e+00
1.523489243081241673e+00
3.323057285251182602e+00
4.890168735250509435e+00
5.973957819263441493e+00
3.949911157401914341e+00
3.775880450743749339e+00
5.836517242361683344e+00
3.665574910384917562e+00
5.251193109308993634e+00
5.129337921732028072e+00
5.162169661663964071e+00
3.717499495133847809e+00
4.010252577134856722e+00
3.566143262118828705e+00
1.722602928085888996e+00
3.556537834064438908e+00
3.761486437262348659e+00
3.726696709328987556e+00
4.812120802735350367e+00
3.826931170250540859e+00
9.936850271036554716e-01
4.565827579642020240e+00
4.494823105752337788e+00
3.785960360052689655e+00
5.087411315015713420e+00
5.620039472997989449e+00
2.526415659207333686e+00
5.013984545558167305e+00
3.344156657511515363e+00
4.088044173090885636e+00
3.178069488700796530e+00
4.417356095965081053e+00
4.885229665490612661e+00
4.109791659407476594e+00
2.217436402492962255e+00
5.450106166130994190e+00
5.069441071046733249e+00
2.167308524309376594e+00
5.136253121381859188e+00
2.881183120097754013e+00
1.046612176895484358e+00
4.926974275628330346e+00
3.404900380163514928e+00
2.674235413709732612e+00
4.683907852242321646e+00
6.048639433455652359e+00
2.937305642032462139e+00
3.762211315618094964e+00
4.677919724797620304e+00
4.365365294490277215e+00
4.126408159114108187e+00
4.249605597224711317e+00
2.861801281073588665e+00
4.048488330743107433e+00
5.606706617647690294e+00
3.215870028612209719e+00
3.464466604068532352e+00
4.518799384479326164e+00
4.662396478134339439e+00
3.354402651835914018e+00
2.870708335743558326e+00
5.695283106366016312e+00
3.125837514831601549e+00
1.475803908909870454e+00
3.500283503808785834e+00
4.329376685432323235e+00
4.137867917062002299e+00
4.831213847678914597e+00
4.076668667388299916e+00
6.251753663672909411e+00
4.114319336404750338e+00
4.892240373526608899e+00
5.499051437785979601e+00
4.404781129125481698e+00
2.885386572448887854e+00
3.855764624394555362e+00
5.070007101039073483e+00
3.641485059430281446e+00
3.840380685525961457e+00
3.762468382492990759e+00
3.594515048706896643e+00
2.905842696288762017e+00
4.170716815222124119e+00
9.693556997414116694e-01
4.393347052990662860e+00
3.671941962874587961e+00
3.981469081787953890e+00
3.868486800951492111e+00
4.440537951558711782e+00
3.253600539922967272e+00
4.519259962352908389e+00
3.407622994623616730e+00
4.580827207230347753e+00
2.634311354386593695e+00
4.010504498707354593e+00
2.493327309928465407e+00
4.893144954402382396e+00
2.811247580411037283e+00
5.286956659087511667e+00
3.222619286104896563e+00
3.058119201859315961e+00
3.708459381753509643e+00
3.219096203973631276e+00
4.791827501553481028e+00
3.250689047150587818e+00
5.083413699936178531e+00
5.576989469931596943e+00
2.912115676109793494e+00
4.144195197256451912e+00
5.152792750319427739e+00
2.659418300564173165e+00
4.041515999122267999e+00
4.645999270177108897e+00
4.427454819084108095e+00
4.082275676098389816e+00
5.538026713363938036e+00
3.678524614234185641e+00
5.334197874644351245e+00
5.836958331845440995e+00
1.148304671900783003e+00
5.574430431284725707e+00
5.162828490702906059e+00
3.673227052011517557e+00
1.388120145702944841e+00
4.610584569968773749e+00
4.056041847357550800e+00
3.335334578981160814e+00
4.437286553224327079e+00
3.974003117008557684e+00
5.365459667939763477e+00
3.631569070726452075e+00
5.334475226290759764e+00
4.677068279989701871e+00
3.686029809780092759e+00
4.428230991643053116e+00
3.617481325449110496e+00
2.834560749889164288e+00
4.476157717513141066e+00
4.731671692241366856e+00
4.642769685153740333e+00
6.327244331761460394e+00
4.612932941780158558e+00
4.435211849275177975e+00
5.537990413066700590e+00
3.478980534103771838e+00
3.985124820300547821e+00
4.779269881783457130e+00
5.217335777107417805e+00
3.468568421207680164e+00
5.686059692607270399e+00
3.969495253878551289e+00
4.767053300610847977e+00
4.492950547917644144e+00
4.795713196183296390e+00
5.161180113188477137e+00
4.793134284789618782e+00
3.695883935797458886e+00
4.639681772961905537e+00
4.386226967758775963e+00
5.159523538430768497e+00
5.547781776417137323e+00
4.259185198975992570e+00
5.171967107238937267e+00
4.769657860147316519e+00
4.312699268118455720e+00
5.190071939028590542e+00
4.035546546155333480e+00
4.042870055283396269e+00
5.329305056575178057e+00
4.187248674526904857e+00
3.744687246434817762e+00
3.686977308946646659e+00
3.829473183406199244e+00
4.574615335522159931e+00
4.839391260162710040e+00
4.105258082263463670e+00
4.144777105910554482e+00
3.616471562761521152e+00
3.982321889526110326e+00
4.569538522510742773e+00
3.800807187064293213e+00
5.656069103308879242e+00
6.061762377598575391e+00
3.416808674771488530e+00
5.311841250555104921e+00
2.862339211031100561e+00
1.033299152941138166e+00
4.170286934320002636e+00
3.814785169766782502e+00
5.348455507519788377e+00
4.807492055266150643e+00
2.157570754290115023e+00
5.448393035341543289e+00
4.315343613306285242e+00
2.322413660793220203e+00
3.594823205822604617e+00
4.764957253920075964e+00
2.918030335366550432e+00
3.851280477068397712e+00
5.530584365901868082e+00
4.377319717051383563e+00
3.238763250455787723e+00
4.146074342396683043e+00
3.990674271892475478e+00
4.564271969779297500e+00
3.055281664043981937e+00
3.678064368040480314e+00
4.717048025584019477e+00
3.836199223533055758e+00
2.710290559817750022e+00
4.226762037636417446e+00
4.028759065843515508e+00
4.224954369777476515e+00
2.372792728430049181e+00
3.850042072505032831e+00
3.288691776779022469e+00
4.262351825035237241e+00
5.910585450578933475e+00
4.013102531801362893e+00
3.797016452825914268e+00
3.746635397519969324e+00
3.062763777232415663e+00
4.846011279276436490e+00
1.940314029798217987e+00
3.931379773611244577e+00
1.920690438402243849e+00
4.515860569387812440e+00
4.406452249597492710e+00
2.649476126968679512e+00
4.523510337521752689e+00
5.338138193700112666e+00
3.863195360105994514e+00
5.102339008350460503e+00
5.560989215787096818e+00
2.996366382492971159e+00
3.458939271367265977e+00
1.126166987115229334e+00
3.726099220384716304e+00
3.483480614099171202e+00
4.242746873189775947e+00
3.775364180526675106e+00
6.152232519514838849e+00
3.305796298056904448e+00
4.190249798839771778e+00
3.379451745765770010e+00
1.694463965193706345e+00
4.478915083646347384e+00
1.482914218401660378e+00
2.898328370870778770e+00
2.673779500911366291e+00
3.545223503122001851e+00
5.500493737236293867e+00
4.808451500368683185e+00
4.164934819241259412e+00
4.405182869700580817e+00
4.258862036016653363e+00
3.636109495036541794e+00
4.530818446556905243e+00
3.973389583982254614e+00
3.567520286891310732e+00
4.790052982400970549e+00
3.070935340269802083e+00
5.209352525933602429e+00
1.695498944139648412e+00
4.642104992581180589e+00
3.557075328824282678e+00
4.013850373440789099e+00
4.112553908146989734e+00
3.976416061444499661e+00
4.119562911290531204e+00
4.424710061979927112e+00
6.165376929831504427e+00
3.912517237019555782e+00
3.316563771961242857e+00
3.187562747396514684e+00
4.711207600446395638e+00
3.670865194072758797e+00
3.304612132242979783e+00
5.437952688504466003e+00
7.031919598774565294e-01
5.618974458605925371e+00
4.979608802078708152e+00
4.144677826821711264e+00
4.702173820696304851e+00
4.035323024328741681e+00
4.676470484513889581e+00
4.521174673460320648e+00
3.501197419950768719e+00
3.352443326094161957e+00
3.070563890312755895e+00
5.120172011303198545e+00
3.351312136450652179e+00
3.789851989126108212e+00
2.159106332820009744e+00
2.928695787070658696e+00
3.054083163951649027e+00
4.680987734799242794e+00
5.312856556517483675e+00
4.351178972385259414e+00
3.816052417239336414e+00
4.594845721369132718e+00
3.398577295249059826e+00
3.757969749458177855e+00
4.350459531854290240e+00
3.698665113573453400e+00
4.787570127733837388e+00
4.381523133757684541e+00
2.864619904986244414e+00
4.878243918701254067e+00
4.797901437594494389e+00
3.500658557456338027e+00
3.273826362378465138e+00
4.547580694874259422e+00
4.536796370706849935e+00
3.110206760076639210e+00
4.982548724253521577e+00
3.621808224866082337e+00
4.743806365893693311e+00
3.838200411674463464e+00
6.554493166948284433e+00
4.183501531261970108e+00
4.905014807388561771e+00
2.196636001732277244e+00
4.559701862157455210e+00
4.766433223931540120e+00
4.150350356734352708e+00
5.100724750904404026e+00
4.800879444200252699e+00
4.984918635087772998e+00
5.227591372201580100e+00
3.609659202641210207e+00
4.090987398222275750e+00
5.331089699911118807e+00
5.062828778050711520e+00
2.998988271069045197e+00
5.012282570641196422e+00
2.706179993883794044e+00
4.807703512027226012e+00
4.632588421001163859e+00
4.331326839764706449e+00
3.616047879955675448e+00
4.634031549715449394e+00
3.425839738536823553e+00
3.941946662226164744e+00
4.787999678973235085e+00
3.727233932214164991e+00
4.357982782930092114e+00
5.363964006794973649e+00
3.916976155290326833e+00
5.079862352234742140e+00
5.229045088590272172e+00
4.499302704497975647e+00
3.199408539843531241e+00
4.781284389717271210e+00
3.612815212436637946e+00
4.278235057701249566e+00
5.102196968115199738e+00
4.501712986372892189e+00
3.831664343832446029e+00
3.952558251770295961e+00
4.966247001836146424e+00
4.559719228706216043e+00
3.827723216452899813e+00
3.799860197292010966e+00
4.449020907172037020e+00
4.297865032431480437e+00
3.866259030397581675e+00
4.496076828507881373e+00
4.436288028955229557e+00
2.885182505646700868e+00
4.070415808772046340e+00
2.303959570314480843e+00
5.157691219054092002e+00
1.238768821235354256e+00
2.829840167065863277e+00
5.591783200025810530e+00
3.327640946144010403e+00
5.231941395379703152e+00
3.195029561164345111e+00
3.739735331866290480e+00
3.514134750319505507e+00
5.261563638320540193e+00
4.230195976267332902e+00
2.650089873743881608e+00
5.237992428762347608e+00
4.042499914157596130e+00
3.817102925168816441e+00
3.787001553319292668e+00
5.313025500892575081e+00
3.367603961932278178e+00
2.750548029822733831e+00
3.168428134300766086e+00
5.182131910174491374e+00
6.194414199473431637e+00
1.073952524114999196e+00
4.835563673864778700e+00
5.464754621150612834e+00
3.571959166613734027e+00
4.261425436833886415e+00
5.357940717546748388e+00
4.770701107330840962e+00
4.966745277676968939e+00
4.619176825610757042e+00
5.413628257071275485e+00
2.618521466118996166e+00
3.343570060590239201e+00
4.685021333418286638e+00
3.111691271300647266e+00
5.769588083764713105e+00
3.581475608072532069e+00
3.803038750354713393e+00
4.388819198155542445e+00
3.572532687682481001e+00
3.973395754329489993e+00
4.555182740732556468e+00
1.404624155935629615e+00
2.897999829602885047e+00
6.006520984866074997e+00
7.976900456381925686e-01
5.348911475020894812e+00
4.214507801762146677e+00
2.346134433726812851e+00
3.806693937526502758e+00
4.665380639768642368e+00
3.498148677201243562e+00
2.938647472204459099e+00
4.261058456838649811e+00
1.876804939445682052e+00
3.379782409423134126e+00
3.457266913933731534e+00
4.194816931164131013e+00
4.322673436884760356e+00
4.487122000644483855e+00
4.237999217929633744e+00
1.458281836906087481e+00
4.269500159055745314e+00
2.174144372197400088e+00
4.362599241654399940e+00
5.060769568881384295e+00
4.217088960073768433e+00
5.189750436269085831e+00
3.352426072870617446e+00
2.493925929133554042e+00
3.006347942241683668e+00
3.666688865090311111e+00
3.672998062778767281e+00
3.743371603674609194e+00
4.197771715992658415e+00
4.742341604629473295e+00
3.915011656493988301e+00
4.670433939433527470e+00
1.029623186871266860e+00
4.373335448015044591e+00
4.113084257812102074e+00
3.504814588150826804e+00
4.627966356828288497e+00
3.709550796796673211e+00
3.999801075296786301e+00
5.114683825200464717e+00
4.106820272098161695e+00
4.264461545175123547e+00
3.976951931032155940e+00
1.605644182077083482e+00
4.093224110992261799e+00
3.714587905210017027e+00
4.949115115143511545e+00
3.055388767733937527e+00
4.875209418972146658e+00
4.901587999259371387e+00
3.714086199669298427e+00
2.921420126108841053e+00
3.339620977846887051e+00
3.724741194485267748e+00
4.502878869346698565e+00
3.913123399562589366e+00
4.257606778722402119e+00
4.154245775571340005e+00
2.639513176931822525e+00
5.230726668981730221e+00
5.602133139017370311e+00
3.376425000167415202e+00
4.331215359941015919e+00
5.413702766248266407e+00
3.884977541203887608e+00
4.818715832598647886e+00
3.976516198890538867e+00
5.497844219282183253e+00
3.252753279811780196e+00
5.250414482232995006e+00
3.808294630737302011e+00
3.239692432910929565e+00
4.854319609221640519e+00
3.281380234762929504e+00
3.930501538720095667e+00
5.469524471263304655e+00
4.221250812363300575e+00
4.203912093160582231e+00
4.248896782787362270e+00
3.889462172899276649e+00
3.124358001095333570e+00
5.467389862987023008e+00
8.398928897591195764e-01
3.504897878611063611e+00
2.953140769870152837e+00
3.713145535367650130e+00
4.313821112132943725e+00
4.769928038651404023e+00
3.578821540259468303e+00
3.349099769226458356e+00
4.360159301494010542e+00
4.236038689338279539e+00
3.384338390588659706e+00
3.292255094857425401e+00
3.346516968147352333e+00
3.824074399329730145e+00
3.853708627491546856e+00
3.449120156924804004e+00
4.644972079192815073e+00
4.709359589451171502e+00
3.395711507880598390e+00
3.806475249144123385e+00
4.161347412035536486e+00
4.538607213448674571e+00
3.459794085809964947e+00
1.449771690659396928e+00
5.186522938020228679e+00
3.852849086425161662e+00
3.034299130441155512e+00
3.917130642282318664e+00
3.269058266414786029e+00
4.375714847190519841e+00
2.986812466179700198e+00
2.381010682461336181e+00
3.148460295431462441e+00
3.490720039921967111e+00
3.916621484209052095e+00
3.010351640354584024e+00
3.562322921013910459e+00
3.823778221932473187e+00
3.422019185021963672e+00
2.880797631226473143e+00
4.944539231293628490e+00
4.133572833566366178e+00
5.100017811510634047e+00
5.866742810396821106e+00
3.304891589982652533e+00
3.717442757858327784e+00
4.312269085747833408e+00
4.231847309100139398e+00
2.936298430652868330e+00
3.302554191045567134e+00
4.002729761912052098e+00
3.424070370208369241e+00
3.656588046320929042e+00
2.835591514901310006e+00
3.579920695445488299e+00
3.450651837476133466e+00
4.224340312243378470e+00
3.019537920974521228e+00
4.179074509495388057e+00
2.637228307162811980e+00
3.269383588401923113e+00
2.990527804839970827e+00
3.496742488719596587e+00
4.925355017211649589e+00
3.047790826235798001e+00
4.094988203642444091e+00
3.085014797852463353e+00
2.988160222510991115e+00
4.347663582367189861e+00
4.530881201666634439e+00
2.697957458410961795e+00
3.000782508874580756e+00
3.109617801155102779e+00
3.725395919164963932e+00
2.732112149706462656e+00
3.696346569846368446e+00
3.472762327193104515e+00
4.286982666805916331e+00
3.399291575280737110e+00
5.330149799087109841e+00
4.770103431293597929e+00
5.052305660207606408e+00
2.502391677505542145e+00
3.220423142264954741e+00
5.051693568514452615e+00
2.865557761403044967e+00
3.951849595731451892e+00
4.827987499018639994e+00
1.092033777845811349e+00
6.105829026424786754e+00
2.855144552441930106e+00
3.764142049663310896e+00
5.378930237406473580e+00
3.020244329991796040e+00
3.539634269021406432e+00
4.257962638158776514e+00
4.647989299823035658e+00
2.852685816059403745e+00
4.014384723114685194e+00
3.710925213468466932e+00
3.511523951551479783e+00
3.265389090671519501e+00
3.761679583021261042e+00
3.771965728905176451e+00
3.496759042024684572e+00
2.597850490550691838e+00
4.201002151514939165e+00
2.978312239953286422e+00
3.655348802638143546e+00
3.743035295332420631e+00
3.879857904118233947e+00
2.980985440270209175e+00
2.641757386953531128e+00
3.552440986125763089e+00
2.949146884776097544e+00
4.585198962084595209e+00
3.021513840135572782e+00
3.254656668591526802e+00
2.961272410234021990e+00
1.310247241571595556e+00
3.628268641019768204e+00
2.684190374968264958e+00
4.888623287521603800e+00
4.832860740384885112e+00
5.723530867884242035e+00
5.230652765302532536e+00
3.904457802564871738e+00
4.472020271160531024e+00
4.512596485738605168e+00
5.237021964038431676e+00
4.187758927570319756e+00
5.009106362408643598e+00
3.409251551471322639e+00
4.466850043009452875e+00
4.415660288873293204e+00
4.754063589280011826e+00
4.800560311545241987e+00
4.688470135285309759e+00
4.067141500877992755e+00
5.693642711859726369e+00
4.504011127124099900e+00
5.971489492359238760e+00
2.971034449414048595e+00
2.780885385739121141e+00
4.419857048177859404e+00
2.320191583986877415e+00
3.844932267719689545e+00
3.529797698800117622e+00
3.747381628196833514e+00
3.618551790164880266e+00
2.201603864183435455e+00
3.873018361081085548e+00
4.563736223673068082e+00
3.771870943872780657e+00
5.451885990562832518e+00
3.879282001548624681e+00
5.290922860994693444e+00
5.204859555574616437e+00
1.201204791989353593e+00
5.443420379735592896e+00
5.158673197405940769e+00
2.874356385519127866e+00
1.890035138268966630e+00
4.146700521668704731e+00
3.787644896767312197e+00
4.762776740260820318e+00
4.222897734701457573e+00
4.775798421315816000e+00
5.352628789377448015e+00
5.418030823703192667e+00
3.156379955898652501e+00
5.246192871374914191e+00
4.662470077412103286e+00
5.018443337760201572e+00
4.893615094905330309e+00
4.275518091720410752e+00
4.091445265724385827e+00
4.128520378113117673e+00
4.577185662024661816e+00
3.854743849865576610e+00
2.810106583081743103e+00
3.512818497165441034e+00
5.473566049520146137e+00
3.293955906074571338e+00
4.311739119656552433e+00
4.143282401267342152e+00
3.655440535695720694e+00
4.232920903190903417e+00
4.660477402428935711e+00
2.638987248413342090e+00
3.893186816825270569e+00
6.020256408936035974e+00
2.619875002036637479e+00
4.564465168911310045e+00
5.636157627932943726e+00
3.825742267674466568e+00
1.372396714378312454e+00
2.156053658850283661e+00
3.883715555714178702e+00
5.443296495094545939e+00
3.818986153038223641e+00
5.160855407339228762e+00
3.988608331786779093e+00
5.107514233297807849e+00
4.725263715488888572e+00
4.220700856830347014e+00
4.303580149982335179e+00
4.397436002097430574e+00
3.891541108102940960e+00
3.659110858800409982e+00
3.455978151002419896e+00
3.145012296350781611e+00
4.760587544187650622e+00
3.998119872633853600e+00
3.873760540836326705e+00
3.356219045024660286e+00
4.647985482746953778e+00
2.614690861168572411e+00
1.453196879608142700e+00
4.665995960874418813e+00
4.380611270753211883e+00
3.074772661529057149e+00
3.838662933895383489e+00
4.177554076448178222e+00
5.128212727754856814e+00
3.294840154668900567e+00
4.598156998175792154e+00
2.872551401151559602e+00
4.262955459307418593e+00
4.935774306598761818e+00
2.835406410663510179e+00
5.173677961756081523e+00
1.171939285449308477e+00
3.826699036637069895e+00
3.867585988280517029e+00
2.407869589245411390e+00
3.436022501657196582e+00
3.335872765913175719e+00
3.449118601132624029e+00
5.234403479490533861e+00
4.185782908179032979e+00
4.202217222222458304e+00
4.591201078671551805e+00
3.663763350771297223e+00
4.093032859007855073e+00
4.439371221370666198e+00
3.821214203424842637e+00
4.423998907533182035e+00
3.065705944669089966e+00
4.916616566550929157e+00
5.219534377187448726e+00
1.876346118279859310e+00
5.571320548861856459e+00
3.642724626564654233e+00
3.747941379901399639e+00
5.223130131117148522e+00
3.621586989204220508e+00
5.058232450204268815e+00
4.634227236920284376e+00
4.781114981831300348e+00
1.600786119082963088e+00
3.566504716633335459e+00
5.809384958158887891e+00
5.145150433773229004e+00
1.170634230328758463e+00
4.083536981689449341e+00
3.869149800033779840e+00
5.510927471405281608e+00
2.751003143340966961e+00
3.673042855698020581e+00
3.680261734523659456e+00
5.689983162257533422e+00
4.756246894290651284e+00
3.819693891608571423e+00
4.150639205136442911e+00
3.439728531917641163e+00
5.315076371661654697e+00
3.891228065879030140e+00
2.679727838542251384e+00
3.603328569384298685e+00
3.716747907982841159e+00
2.662159425565127524e+00
4.170317467346521312e+00
3.855681929086896442e+00
2.455585084076965074e+00
3.667943920089766330e+00
4.580802731852041454e+00
2.878472135310013336e+00
4.658371138693778057e+00
3.063381806567793131e+00
3.200172125561515646e+00
3.686438863969760060e+00
3.791642607864787795e+00
2.875326530663417035e+00
5.121319097050325730e+00
2.551020250019542246e+00
3.668458618128746629e+00
4.644487877026659106e+00
3.763628272801508245e+00
5.337720485265868398e+00
3.439038410234445564e+00
2.631907808856495112e+00
4.645529635236212762e+00
3.062621316753695311e+00
4.399381794892093467e+00
2.510759061256878422e+00
3.074937637493660336e+00
3.801021766287008941e+00
3.106327373463901420e+00
5.283144785940254273e+00
4.455163581053391830e+00
4.730077773442909361e+00
5.294621716972809367e-01
3.788743124856297939e+00
4.341135768472668133e+00
4.150819849738623724e+00
5.321290007721891868e+00
3.347660254077598818e+00
4.667435859934150777e+00
1.152093502710881623e+00
3.439630632647849851e+00
3.201452201007655596e+00
4.709398117099813597e+00
3.158651317335736675e+00
1.843847264775192230e+00
3.776658725582470399e+00
4.017873615211414062e+00
5.386745726631148479e+00
3.479107535784710326e+00
2.564047413861169300e+00
3.755266679681107611e+00
4.364298581196104365e+00
3.320918932016094782e+00
5.185507438469277197e+00
1.946744443728647855e+00
3.672234913163082926e+00
5.309805824919951789e+00
4.682651264311679107e+00
2.639307016526409644e+00
5.167488422395580372e+00
4.577190872244698561e+00
3.878805663296314155e+00
5.102574870282922781e+00
5.017772777678010776e+00
3.007972522347405864e+00
3.100489233858199523e+00
3.990921623358275827e+00
5.105630380254380540e+00
4.965895733191537431e+00
4.031685093640268391e+00
3.722510821106477241e+00
4.550929435310123061e+00
2.767700955449458267e+00
4.600307668727512400e+00
4.255196819528143770e+00
1.684112018424280377e+00
2.937549766366764459e+00
4.347380513516409195e+00
4.373723243407995120e+00
3.289215013446393332e+00
3.498194931398467489e+00
3.664455898974173564e+00
4.973030713089832133e+00
2.741172351986277622e+00
3.810202017345575065e+00
4.858366791525045691e+00
4.347541297938409599e+00
4.740079457583828315e+00
4.603202815902369238e+00
3.999121347652542902e+00
2.471412236069702839e+00
5.153782976767561586e+00
3.669055596629073435e+00
3.008209246523958047e+00
4.249395582881827949e+00
5.247823080758040604e+00
3.327493650714511197e+00
5.239711944530515808e+00
4.927388898747892654e+00
2.664138940756325180e+00
5.091707312068094460e+00
2.459597466408788513e+00
4.382602625097332449e+00
3.196669928830626173e+00
4.750652161116638794e+00
3.846618630537575356e+00
5.329815356289013373e+00
4.171901833816323624e+00
5.278899214804719797e+00
4.538513551000003865e+00
3.465075826282050464e+00
5.049737248794633260e+00
4.274470079152870916e+00
3.981509146104264651e+00
4.720051831553312205e+00
6.113792418792994177e+00
3.222110310599450411e+00
1.213573597853020436e+00
3.358424727709475199e+00
3.322648266508309245e+00
4.608285149286482252e+00
3.302784059374349379e+00
6.494101093443748418e+00
4.237930442111562002e+00
4.260468822115980103e+00
2.368991278311982196e+00
4.811260114489205542e+00
4.868695869286153943e+00
4.587773385315347063e+00
4.674082658191192508e+00
3.922929028737518919e+00
3.646302685155758283e+00
5.614474840682214918e+00
2.822159085528644695e+00
3.378013723292355497e+00
4.763894795586989694e+00
4.145365578907817650e+00
4.308246960243230284e+00
5.244483430246300593e+00
1.067961701871774194e+00
4.047968029761046971e+00
4.787317869026979089e+00
1.861505692066865114e+00
3.577574298022141441e+00
2.481186277247330985e+00
4.396182175893023292e+00
2.754335667558415857e+00
3.582137544261706275e+00
5.752640189752816546e+00
3.180378337660298538e+00
2.660541796762093458e+00
5.704608700390295439e+00
1.869857175540754923e+00
4.053398678049595638e+00
4.474609746317315562e+00
5.007974440995998755e+00
4.008783873995395375e+00
4.612842525544777139e+00
1.830088990121733650e+00
5.008700848489831436e+00
4.641652609564859588e+00
5.017752602186789979e+00
4.730349850786333299e+00
3.612214751244668065e+00
4.484167887651711482e+00
4.274246984980019093e+00
4.888316502973135691e+00
4.824242818703537772e+00
5.209891435755994671e+00
2.914743300928031466e+00
2.749684095913667026e+00
4.172445026703092807e+00
3.434047533184593437e+00
3.929269395915707896e+00
4.088766872457346047e+00
4.288300601986644089e+00
4.787803354668726641e+00
1.027076771908610464e+00
4.759975652463641183e+00
3.541635310196181496e+00
5.165512098616967585e+00
1.703175100690865307e+00
4.564419109304544975e+00
3.586595886953381385e+00
5.322283881166741004e+00
3.993736179272010745e+00
3.952831664728053251e+00
3.492437082749011878e+00
3.931503136928518050e+00
4.244223837204934568e+00
4.485288150435305710e+00
5.200401183357250545e+00
4.384539157646799801e+00
3.946287738915238208e+00
4.292372121760056558e+00
4.240944332001343575e+00
3.754943685667663900e+00
3.184206641160122420e+00
3.068140603559036172e+00
3.674154784243598648e+00
3.198148418832407192e+00
4.741846467816966282e+00
3.789921128400861150e+00
3.615157651016859486e+00
3.509038430456547619e+00
4.016820761196618683e+00
3.662299761015981758e+00
4.518630172137154233e+00
3.831778363884098759e+00
4.348723949102724973e+00
3.564286460392263489e+00
4.307799879356817740e+00
3.149306322770577093e+00
5.071658213106881696e+00
5.414071655562394447e+00
3.766808183592928572e+00
4.820991798180044974e+00
4.359333450769980800e+00
3.556723751695310298e+00
3.621141698041787649e+00
3.851838296543102391e+00
5.233116211833989340e+00
4.721824805484077459e+00
4.098184458385041751e+00
5.472440454380568475e+00
2.378823891782220201e+00
3.820639064927040529e+00
3.943294026908468641e+00
2.222491682672913971e+00
4.356772175683328641e+00
4.416440072837076514e+00
5.198602964411903393e+00
5.935720012600230078e+00
3.655398345806737392e+00
5.042952434991970989e+00
3.384902151802513970e+00
3.934477695257542429e+00
3.399547608829281309e+00
3.599010795253319017e+00
3.769373335995255925e+00
3.716751966406430352e+00
4.544113268734843558e+00
5.316513452340931423e+00
3.884151759893380351e+00
4.449380407981205821e+00
3.738825228245208354e+00
3.715875716613957103e+00
4.564353525035716785e+00
3.482853027254597222e+00
3.942919314623447136e+00
3.304598274454770390e+00
5.229719258714347951e+00
5.321256600930885483e+00
4.643010912024220893e+00
3.752093734453497031e+00
4.209054526772593618e+00
2.616444254584024520e+00
3.531505893022240272e+00
2.900064397360686552e+00
4.382576322287716764e+00
4.021537376204391556e+00
3.395452433004408910e+00
5.500113744254778503e+00
4.569767631764547033e+00
3.604406503988859978e+00
5.990026531265245424e+00
4.705779015890796835e+00
4.602890626508289174e+00
4.223366285110431662e+00
5.030827524277134088e+00
3.931861733607711518e+00
3.103044732835363639e+00
6.353678485475491300e+00
2.702420566569386562e+00
4.028327773327256445e+00
4.340487373937866877e+00
3.228812883336452000e+00
3.481536141867806577e+00
3.750618806632227464e+00
4.727174053163661682e+00
4.663808808740308898e+00
5.667319632453984291e+00
3.004986058301109875e+00
3.412819113119107239e+00
3.584355412779372418e+00
5.285976410992057062e+00
4.375916461147944858e+00
3.260295874228114954e+00
5.513155879703882434e+00
4.767273543179542550e+00
5.114259953345678511e+00
2.909446611187278986e+00
3.772316697732287949e+00
4.115089841396778247e+00
4.814795881488562301e+00
3.434228149282490872e+00
1.515941851229432702e+00
4.247775216650641283e+00
2.281887589301333730e+00
1.931436949870383835e+00
4.146161723169468516e+00
5.636147310245342545e+00
5.925940152018982943e+00
4.266917030356615292e+00
4.780810313300630554e+00
4.484595352267072066e+00
3.269457200788965068e+00
1.694312805584213377e+00
5.342125459595234105e+00
4.054596973382494696e+00
4.297579311837140814e+00
5.195383868719341436e+00
4.861553402245676558e+00
3.391643091933589815e+00
4.178491566405323709e+00
4.397877596847919790e+00
5.195201328364721149e+00
5.211843098802444452e+00
6.045524931237775235e+00
2.187530769219101501e+00
3.490079074017254701e+00
4.385251445419382499e+00
2.825929021039812916e+00
4.668102524828285027e+00
4.787554832986483433e+00
2.426378366995576297e+00
4.080434571938313937e+00
1.153561842125483627e+00
4.557562108450073701e+00
2.816237308757600033e+00
3.683477882236369627e+00
4.418816076223119005e+00
4.933617134160054540e+00
2.919664538460538861e+00
3.364257534260085336e+00
1.754630514756199133e+00
2.449972958417828472e+00
4.703087289689587891e+00
3.844830204943049612e+00
3.783945416199118839e+00
4.181036880032322323e+00
3.939045824735934342e+00
4.423644172101705685e+00
3.956147444233563792e+00
4.440289160381031941e+00
4.792100886962008310e+00
4.639616108910688652e+00
4.479411464920661778e+00
3.788121952890264765e+00
3.700426842127867211e+00
4.386568923398390218e+00
4.686013912272137816e+00
4.817353096011922631e+00
4.446614021790782800e+00
3.749397190393204848e+00
4.629631478483440254e+00
4.882789067260398852e+00
4.079066018069598343e+00
3.264869067840209027e+00
5.685800224819840487e+00
4.964559209369319603e+00
3.934976986621475881e+00
5.058172293999215974e+00
4.186295118813952776e+00
3.477192815315994778e+00
5.087031524476798516e+00
4.120757681123220273e+00
3.386449600309384245e+00
4.080654148022381911e+00
5.237653641446271102e+00
4.624815913445703863e+00
4.481156000632420700e+00
1.831300702809305347e+00
2.943244955613928848e+00
2.484798533529533504e+00
4.232383334762150895e+00
4.441088686777558081e+00
6.101354896723923282e+00
4.960630313242799794e+00
5.236165674410028004e+00
4.316533373751396674e+00
4.863445297266296485e+00
3.545880577742209550e+00
3.257461224387273813e+00
3.330365382238337890e+00
3.479100754579939281e+00
5.254591239077812226e+00
4.495022345634377636e+00
3.492202166334093416e+00
4.033028813413021219e+00
3.478442685034862869e+00
5.602308357883162060e+00
5.890698371118690879e+00
3.607549839493466415e+00
4.699827209439107811e+00
5.116316008473867250e+00
3.286919228075826371e+00
4.732138230254497202e+00
5.774007520144841088e+00
5.017990177505681437e+00
5.057670654243888286e+00
3.155171775199572259e+00
3.815029758040033858e+00
3.313814339782484186e+00
2.888977430222844589e+00
1.967719938467423546e+00
5.024522944266104574e+00
1.200548524380874671e+00
5.277359172743158133e+00
5.213483735338749092e+00
1.896341579441614966e+00
4.299246014230942770e+00
4.448023578937775113e+00
4.472491654717551945e+00
3.958227110831235240e+00
5.288067636447808972e+00
4.697911101438139170e+00
4.396725109328295744e+00
4.583072877509500209e+00
4.237502693285342126e+00
5.281949327047895437e+00
4.407521091690701276e+00
4.643791342462843197e+00
4.440823650962753888e+00
2.597301418142139440e+00
4.275057280017328765e+00
3.086725914226394973e+00
5.100629848957255241e+00
2.950615734774639787e+00
5.164411895442663436e+00
4.286607588138259040e+00
5.095923458901518543e+00
5.830226466738595903e+00
5.207984404972274994e+00
4.280613619272812365e+00
4.139279695537373627e+00
4.750073078805033155e+00
3.268553886942157760e+00
5.318618831936149149e+00
3.658639280837449270e+00
4.150663993981543065e+00
5.300014222724964696e+00
4.848689753480421416e+00
3.342511771187321568e+00
4.252453740263202775e+00
4.494352475646179457e+00
3.612079207643793310e+00
2.940056633736694458e+00
3.967396690614668042e+00
3.644106897867152473e+00
4.716858285070585133e+00
4.204003764509678831e+00
5.058791245417491034e+00
4.824860739447792035e+00
1.934137824388207694e+00
5.258111723966000461e+00
4.226311852977843841e+00
4.718621725341767714e+00
4.008148260961703180e+00
4.659112285263065978e+00
2.712877895823611496e+00
3.906005514362247411e+00
5.118606911618507560e+00
5.013247280037309572e+00
3.866803474657618978e+00
4.361261794322242480e+00
3.246121628335584042e+00
5.229273153913508665e+00
1.508996705527201776e+00
3.221861913914034314e+00
5.450410426396504526e+00
5.191459040737208319e+00
5.305319244613544427e+00
4.791965670052117154e+00
5.181639959684997798e+00
3.877468686450471491e+00
2.093379033896022090e+00
5.250222845320426934e+00
4.589234060929625159e+00
4.543796672979250495e+00
2.275344445528281856e+00
4.069482414802280346e+00
5.092797126740767233e+00
3.151991947942624162e+00
5.156493124134313710e+00
5.934299445610467849e+00
3.366427052142440868e+00
5.172378669765346437e+00
5.542603651300615830e+00
2.888942749504750385e+00
4.829301149213213407e+00
2.681299599251790067e+00
1.271591961543285132e+00
4.787173740284308643e+00
3.958123047000118078e+00
5.901865079287304638e+00
1.364159088679079090e+00
3.687236504884213506e+00
3.992625029568564354e+00
2.726760325071157620e+00
4.734120372449718950e+00
5.916503253275847918e+00
4.501990135297432971e+00
5.604650599752885043e+00
5.606584158954976971e+00
3.397923167563732694e+00
6.095292519026630274e+00
4.054430504003352809e+00
4.452674657901198429e+00
4.680744749613484856e+00
4.196781673558438008e+00
3.613675541614602693e+00
4.013924675131253395e+00
4.397028497219550580e+00
4.352005424163452929e+00
2.641042145660563722e+00
1.807866948434546206e+00
3.100727878861627929e+00
4.959911035541034074e+00
3.549901248937606280e+00
2.298328611899157714e+00
3.841846064201039468e+00
3.316980050506860067e+00
3.935941877397115540e+00
4.893279724405815045e+00
4.212271481185810629e+00
4.538380869744657709e+00
3.390259378114377942e+00
2.054283255851006906e+00
4.197299708438285037e+00
5.936031533028668150e+00
4.367744464366816182e+00
4.625789288389071885e+00
5.303633269679984608e+00
4.389351041705449319e+00
4.824660730917479157e+00
3.030294353508894645e+00
4.229444304869016236e+00
3.686982400641432900e+00
4.187706651164605276e+00
4.675954618167702748e+00
4.917594602329682374e+00
3.021986487887336370e+00
6.139138680595060293e+00
3.114828826845880805e+00
3.525683053760415131e+00
3.830910805008594711e+00
1.847202854587689735e+00
2.589598862873126794e+00
5.215933720327733170e+00
6.506539169617433949e+00
2.743768632996582024e+00
4.403872817047963295e+00
4.218427262599017347e+00
4.800530043273064429e+00
3.358143320914655838e+00
5.642549763940690077e+00
4.467509396928416088e+00
3.338378436079601386e+00
5.782849469198533043e+00
1.774092373268814748e+00
5.018542657108892691e+00
2.841947637280900718e+00
4.028610381635120419e+00
4.407703052602653493e+00
4.789250166172789314e+00
5.254900617104922844e+00
5.227323852553065642e+00
3.783675982632431989e+00
4.220462107231872650e+00
5.591720745500184719e+00
3.503226614771827840e+00
4.668305847627758354e+00
4.004142604486001566e+00
2.767058528343500523e+00
5.472399379818783771e+00
4.287129557621996767e+00
2.639267886468468660e+00
4.346324614692933963e+00
4.442323165915056826e+00
5.890507087398056285e+00
3.989537612520490661e+00
5.408400591096210519e+00
5.193290552495456680e+00
3.892835791241379795e+00
1.587159805486410891e+00
3.180483760592569542e+00
4.759867638768170650e+00
4.239410284359094838e+00
3.881380985590744181e+00
4.094382173320904705e+00
5.666134413806974024e+00
5.809564084015369723e+00
4.255715821922888331e+00
4.010993040189017478e+00
2.882977795367286156e+00
4.007586880859016709e+00
3.591663799498353793e+00
4.222276150757767077e+00
5.188089039106807299e+00
3.099288823230610834e+00
3.597158138472719369e+00
4.314735822775028318e+00
4.368092486328506219e+00
2.714132067060003539e+00
4.785723747693459984e+00
4.955632194223225540e+00
4.784111658366794195e+00
5.767678810206768425e+00
4.975509550396376213e+00
3.496861987267693372e+00
4.798522696773053653e+00
2.563322692768913225e+00
4.671746167249024140e+00
6.172002310847268802e+00
9.669552872293307733e-01
4.811499143882799423e+00
4.959258766001095609e+00
3.453417842430515972e+00
5.231187452902501533e+00
4.556234849070169624e+00
4.061419054107370918e+00
2.028724499948686866e+00
4.273758779139922304e+00
2.154998060296623663e+00
4.077283830648101848e+00
5.085947905325842733e+00
4.745064332870791546e+00
3.555003439457990133e+00
5.839062506659658425e+00
5.841761087073726877e+00
3.331213803079275504e+00
3.731286396190988341e+00
5.285039573213172304e+00
3.863315580206291955e+00
3.523568110980236590e+00
5.514968636016345904e+00
2.208840388757122852e+00
4.793220743677157891e+00
5.479075858393762211e+00
4.260809005207246258e+00
2.279417828404976643e+00
4.319841708402554659e+00
4.572004308625713165e+00
4.372966166609979055e+00
3.742718246385128289e+00
4.981508805200514090e+00
2.762995604446249143e+00
3.468591667221934571e+00
3.830377217015208835e+00
3.553968789967564490e+00
3.518876115827669349e+00
3.090995502062941380e+00
4.326854436827146877e+00
4.493070094653726976e+00
3.402516141774679426e+00
4.822188898985862338e+00
2.376261352680955952e+00
3.060967217231643112e+00
5.596528699592159484e+00
3.181113737993896962e+00
1.038041529178066691e+00
5.154398887991815670e+00
4.816648532967574781e+00
1.969387837063462099e+00
4.492316297037831418e+00
5.578204693562336836e+00
2.349244178628838053e+00
5.116914728312903726e+00
4.057716484797533774e+00
3.851217898128196815e+00
4.242538999522846410e+00
5.301420334815033719e+00
4.315264988090305565e+00
3.282719736896368978e+00
4.442221627124873784e+00
4.415139068389628996e+00
1.341607720569202966e+00
4.878513923059090374e+00
4.852067616997100430e+00
5.170477721182896502e+00
4.991211662569059904e+00
4.816114646448296455e+00
3.159627364399618443e+00
4.045157422236578704e+00
5.803078582532160468e+00
4.779967205747523984e+00
2.574581317215943521e+00
5.105304761562229565e+00
3.889391033528102337e+00
4.130703664478084569e+00
5.222848876833307230e+00
4.428568148575920738e+00
4.731917476689179836e+00
4.163120796172119498e+00
6.313883505808596475e+00
3.434484782752754484e+00
4.061233489577792177e+00
9.614973735644327668e-01
2.333760591498593051e+00
3.109413584442800804e+00
3.910831991297445853e+00
4.466877482686258283e+00
3.496120504362184356e+00
4.549659534850027498e+00
4.708239300631263724e+00
3.842502442564577958e+00
4.955347233635180260e+00
5.779320457987946469e+00
3.571924163897775006e+00
2.500224064860012696e+00
3.639708918416383554e+00
1.728277712257186627e+00
3.250710748343500267e+00
3.591824369385884896e+00
2.046511558027413802e+00
3.655149588886577927e+00
4.448458080457088570e+00
2.749948034263418162e+00
4.375468847003453732e+00
3.928297700566756312e+00
4.250347391095726124e+00
2.404062690378129030e+00
3.922335795594415142e+00
5.454066899312110195e+00
5.757735943366147247e+00
4.661143892533763378e+00
5.584695291440098686e+00
4.983386363097707772e+00
4.434167938465742864e+00
4.424680331772690600e+00
3.331445569478466595e+00
2.978940859172782840e+00
5.445435113386662529e+00
4.231468785304424607e+00
5.114633749107856175e+00
4.723964441743896181e+00
3.682623751453786731e+00
3.530922222088375584e+00
5.337828666089187379e+00
3.857930035470570118e+00
2.648710692148588564e+00
4.346813224876041382e+00
4.006154926407480943e+00
4.768515062925083647e+00
4.261686490661874771e+00
1.541186974062890291e+00
4.200246434431509357e+00
3.878992812851929983e+00
5.205490343325577918e+00
4.156844598092636289e+00
3.754928250648140509e+00
3.670799343927855229e+00
4.138052415199777734e+00
4.361755609524931465e+00
3.305683847385221252e+00
4.336289560426967782e+00
4.990506710874088370e+00
4.357952642213309247e+00
1.832940402260165857e+00
5.424972427215821291e+00
2.890092445117787623e+00
4.488315405639190736e+00
5.495692213003193771e+00
4.035796711495549083e+00
4.084020849436601708e+00
4.101364333825879172e+00
5.520579231376245843e+00
2.801253645082707688e+00
5.709374165090697950e+00
2.983047947334546368e+00
4.070889259931680826e+00
3.650660754600768332e+00
4.522642824967229913e+00
4.863195647309426661e+00
1.195353607345046365e+00
3.943440079701531431e+00
4.366052739751629552e+00
4.452390005590256550e+00
3.798834136909773118e+00
2.227743863833126170e+00
4.259800476503723843e+00
5.971155556064540626e+00
4.102810679000556959e+00
3.990931649299468642e+00
5.511333011570610729e+00
3.978310155981041429e+00
4.438835421341898346e+00
4.635849862518518272e+00
3.839195587212665739e+00
3.055540988999344787e+00
1.762240551284643741e+00
4.047096337347840134e+00
2.944905523470191078e+00
4.767153729737164447e+00
4.639359543179047307e+00
4.587109308999485435e+00
3.396474007771765447e+00
3.827449358150534220e+00
4.906120957377837932e+00
4.131457500607696787e+00
4.940893710042123743e+00
4.693217775969933392e+00
4.767513025357996703e+00
3.515931283633089599e+00
5.070805180624321729e+00
3.701966162053723419e+00
5.406523971415433394e+00
5.877202088309935846e+00
4.914061507830624898e+00
3.558474076782909723e+00
3.855502884476122549e+00
3.734395659447447002e+00
4.229364177552890958e+00
3.548898316322524060e+00
4.997759598917988377e+00
1.116411135969183066e+00
5.142734418296909915e+00
3.305107670149886268e+00
4.239247898937873238e+00
4.633158878283488491e+00
3.684025629949483793e+00
5.742160529989159379e+00
3.671184957812085869e+00
3.669409508695016253e+00
4.644909370204660881e+00
4.436486857496495517e+00
3.102365079531179681e+00
1.784637397501555034e+00
4.594944612512754212e+00
3.128166486619275322e+00
5.131991009587888009e+00
6.032473984218138519e+00
3.272208708219691786e+00
4.121174887135479636e+00
5.857252923291478730e+00
3.372022409271931309e+00
5.105362726005483687e+00
2.190013020174829350e+00
3.448210662591064235e+00
4.578826630261481512e+00
1.718250832248661819e+00
5.693723728183583077e+00
3.738945193529832789e+00
4.007057546453112629e+00
5.349292824131514301e+00
4.843282739728913988e+00
4.556478671360378208e+00
6.127272832035195016e+00
4.004438380278980247e+00
1.732322836406042565e+00
5.024729181960230662e+00
5.163208830623837287e+00
4.191026953619392259e+00
4.086758983284928703e+00
5.028360468723382937e+00
3.240211079866429422e+00
4.693998388793539256e+00
3.857881898964879763e+00
3.360415197033735701e+00
6.221235507100531414e+00
3.418667505983035149e+00
1.585802999840613570e+00
4.583142462829037811e+00
4.413258433160476280e+00
5.364690656675468183e+00
3.006727172867961428e+00
4.627609337698245895e+00
4.618363582752392560e+00
2.726959563482342030e+00
2.465828475908077078e+00
4.706074901878002592e+00
4.183957865237630358e+00
4.504843770167474837e+00
3.116258979134373330e+00
6.344938496584302534e+00
4.765336843002208056e+00
3.613182277170482681e+00
4.773301404813580007e+00
2.622701360401147763e+00
4.165135011889852024e+00
5.572974012113433240e+00
4.771970649949913934e+00
3.932268122309229508e+00
2.861855800670996874e+00
4.550228550436783870e+00
4.580241312992302305e+00
4.090064755639199134e+00
5.513700315710968525e+00
1.026425778078220663e+00
4.436822245499677742e+00
5.248067654996970255e+00
5.242714721281068080e+00
4.819079065681693308e+00
1.544481140437765188e+00
6.226101020996497759e+00
1.096890812735535015e+00
3.780256653418153423e+00
3.311705527188393727e+00
2.802353316043205922e+00
4.359036717494731761e+00
3.215262951190053453e+00
3.234475127842139308e+00
3.886094535595605137e+00
3.830479557895180243e+00
3.043017941982633534e+00
2.955661088856752272e+00
5.467407768365241338e+00
3.757551986786264120e+00
4.797200983829768894e+00
3.734823419044200232e+00
2.411287453592961150e+00
3.089221713748472098e+00
4.067523076983295738e+00
4.033713302331672246e+00
3.340282646110616760e+00
5.199209710654798755e+00
4.054887496138111835e+00
2.540271990435065241e+00
3.167600610116282578e+00
3.692343368693450145e+00
2.981841090054214494e+00
3.233223289680335011e+00
1.160484284625617368e+00
3.657333442294463222e+00
3.468338507833237827e+00
5.293961714945295327e+00
4.059440140102608119e+00
2.360340299717589740e+00
5.402463624962458688e+00
3.979980049011216714e+00
3.441203416736313248e+00
3.847310812917641432e+00
4.163566147852266752e+00
4.482255987545326725e+00
4.193503495075237453e+00
4.812186390678180992e+00
3.710887464570209460e+00
6.272626187620096161e+00
4.755118218398561858e+00
3.663347578689274187e+00
5.124274439268660331e+00
4.716763118506880126e+00
4.314474518202983333e+00
5.491084984862893315e+00
3.557591791433644790e+00
5.266813923411902465e+00
5.292695238035803662e+00
4.779927576168425674e+00
2.886079946125141404e+00
2.847961305162962642e+00
5.884467964024545417e+00
3.657595889341774598e+00
3.942778736862726952e+00
4.450572774832799006e+00
1.662158886631755816e+00
5.699723292747640002e+00
6.194078653474827334e+00
3.290843394856421966e+00
3.911053788677754106e+00
5.726228158583321459e+00
5.642643106357581040e+00
4.058429833224640682e+00
5.392669243567953075e+00
1.724239010044799736e+00
3.020422644981215932e+00
4.787610336465178307e+00
4.386386635652588240e+00
4.307860364724950486e+00
4.850398622945228944e+00
4.143186307438151417e+00
3.615596145881155632e+00
5.348910196697358899e+00
4.355634902879090831e+00
5.151373790470632485e+00
4.074406809680224839e+00
6.120364868027125205e+00
3.705103327327549767e+00
4.078478578647070307e+00
2.427917821552604050e+00
4.246966948495323635e+00
3.788757630584477010e+00
4.259843188875796827e+00
6.723264606553168932e+00
3.774368012038430642e+00
3.510349729447921341e+00
5.293760318666087983e+00
1.085134698531104780e+00
4.342103274832328275e+00
3.511038782267098313e+00
4.507393633879598127e+00
4.275126760146041427e+00
5.828335027188661144e+00
2.880096540637252289e+00
5.325313025552397050e+00
2.728727868928228606e+00
1.835127015088067859e+00
4.596026912711903556e+00
5.528600695441965307e+00
2.611704681842204945e+00
4.395482532333610415e+00
3.577107540827424437e+00
5.127296495379608743e+00
5.439100515584679663e+00
4.787281334766475993e+00
4.766453939238616933e+00
4.370429822049111124e+00
5.114119444700575556e+00
5.561898915443687308e+00
6.163434147098176830e+00
4.177927736894749167e+00
1.904937042069714925e+00
5.352532122361246536e+00
3.714881346824359554e+00
4.097444670389894128e+00
1.854463208986194322e+00
5.193055195731184348e+00
3.942369042252281020e+00
4.613585669289428814e+00
2.900552534720369113e+00
4.626681823330371479e+00
3.855739651789498623e+00
4.395898399157696090e+00
2.888221758693571228e+00
3.466503160976316611e+00
3.248099307742602360e+00
4.503635431609021467e+00
3.959070340415320466e+00
3.724171891918715893e+00
3.257342441412020673e+00
4.785435657501523998e+00
1.702231951241635732e+00
3.900975233739501835e+00
2.869665190812294764e+00
1.995959553207356629e+00
3.156403320567163995e+00
3.718821481577830657e+00
5.136300353454694267e+00
4.984940580102599661e+00
3.599156634546664346e+00
5.168434141910922541e+00
3.310783255645322498e+00
3.835756339094340550e+00
3.648959813338181757e+00
5.380225511068051247e+00
3.547395569706909058e+00
3.331944023364688423e+00
3.758152712342547996e+00
3.637535561682384344e+00
3.973698909625801079e+00
3.832816634920078513e+00
4.812852428350438139e+00
3.802439078104361769e+00
4.415642247749964611e+00
1.802880866392094550e+00
3.658496950838149964e+00
5.139776193387239012e+00
1.238159531383933976e+00
1.416584375162155185e+00
3.484016805628661562e+00
4.116029052365977492e+00
2.874589872913220656e+00
6.246206168864040009e+00
3.398261679081735043e+00
3.727879077373097427e+00
3.316524870238970024e+00
3.351709137573495756e+00
4.522563495778730847e+00
4.326671861339741021e+00
3.511483873906196429e+00
4.637734835695948021e+00
5.487388384030416510e+00
3.494801232049572715e+00
3.119403197709384568e+00
5.403471640571611445e+00
4.927240341553071445e+00
2.896942496559678393e+00
1.135560081953086664e+00
4.824333342932346724e+00
3.041008508008294697e+00
5.399214158582549494e+00
3.669142376492406932e+00
4.455266223683477911e+00
5.319134593464054817e+00
2.213668900304761600e+00
4.650463437624458685e+00
4.912750324211426545e+00
4.465907434554666544e+00
2.870148088505269701e+00
4.526636753788270795e+00
1.462319614677442425e+00
3.476534040484200450e+00
3.895109024826331368e+00
3.920173401264616331e+00
4.693323923421618638e+00
3.347019381588330234e+00
4.846755647891536789e+00
3.638235946817150346e+00
5.245543849308446305e+00
2.278134045686924569e+00
4.025144977878779784e+00
3.844901849761686474e+00
3.651835282438609553e+00
3.494695773515692050e+00
4.948942846865153733e+00
4.943110667044284590e+00
4.569749316384420723e+00
6.130678031173274256e+00
3.853169825945164995e+00
3.404901105444890330e+00
5.956379998719196323e+00
4.380419990863516411e+00
3.624231913291950935e+00
6.381987140717336082e+00
9.937789245238756175e-01
4.828356559882174714e+00
2.455095934511270617e+00
3.272536879278573618e+00
4.878935889555312322e+00
4.050379487520602062e+00
4.874722503015694208e+00
4.591309739475028628e+00
5.320999475167172754e+00
1.326225764060243506e+00
4.588352730357718734e+00
3.871608438415898856e+00
4.664562759018211047e+00
4.271859456939499644e+00
5.618622473965735331e+00
1.943928039303224553e+00
4.625977938732675376e+00
4.443962912938775212e+00
3.636286408009492099e+00
3.802919621276799500e+00
5.176425775327079037e+00
5.180183332887275505e+00
5.763113398258807862e+00
3.130781567670524179e+00
5.120839886047750866e+00
3.934377501681988853e+00
4.663488961867449767e+00
4.307097192744723024e+00
3.686153887970248455e+00
1.562864387586505366e+00
3.700148885008756494e+00
4.294105514739681162e+00
3.052221262937394375e+00
4.242381095748454456e+00
3.095156510796472471e+00
4.078796879351049398e+00
4.052935009610894035e+00
4.787712216799605791e+00
4.092432279301736031e+00
4.821185736900547525e+00
1.872680730410977823e+00
4.357947718819398020e+00
4.423974019652302303e+00
3.941722705826782747e+00
4.008468899900584859e+00
2.377271075140871215e+00
4.350616433134835148e+00
4.484030425973224432e+00
4.782465011032255298e+00
2.601903945350742209e+00
5.629786184233998902e+00
4.036559384753021895e+00
3.895433894461267865e+00
4.067360880750287011e-01
3.123036647581892034e+00
4.497441233995984611e+00
5.745089512718799973e+00
4.819158315162268558e+00
3.483407703271292455e+00
4.367852364610238070e+00
3.988526734507359617e+00
5.198398772659388101e+00
5.125939446003775934e+00
5.045847507602466031e+00
3.535078575019154457e+00
4.462653839786509202e+00
5.580456435842320317e+00
4.358720813207683342e+00
2.702322290170641406e+00
5.454194073301066759e+00
4.109551235780640077e+00
4.702414571067623505e+00
3.017307950360765378e+00
4.871385125818453510e+00
5.036400965307703537e+00
5.106237569789503716e+00
5.534762625065124730e+00
4.665192367296869591e+00
3.165073725459828680e+00
5.093336960321559026e+00
4.388467319859508109e+00
5.150968350738417634e+00
4.613627658724658964e+00
3.273221682811664923e+00
4.824513941071356449e+00
4.041222477574351934e+00
4.090971878852676547e+00
3.854885494831995718e+00
4.727182790640013010e+00
4.224121719899200045e+00
4.384054240369381183e+00
4.428601548483815264e+00
3.942315895579838081e+00
5.038583572609240946e+00
3.791616068941324968e+00
4.131189057338305659e+00
4.347091395973840200e+00
4.714227255084274759e+00
3.473520306965037552e+00
1.096114432567521169e+00
4.781785698568846499e+00
3.397481407066354375e+00
3.755460960752598609e+00
4.497196713527572776e+00
5.051759729645022290e+00
3.712366386300770316e+00
3.049038580038239132e+00
4.732799402044445713e+00
5.196213039510586995e+00
4.594946818732859484e+00
2.917240938186495658e+00
4.112139765569789773e+00
2.620669354912485538e+00
3.554624625784819969e+00
4.701582278453969366e+00
3.555457409959637438e+00
1.386149846900881055e+00
1.931748154719348465e+00
5.410549378030609091e+00
4.828272783040398863e+00
4.323695504408902934e+00
5.467482455655308549e+00
4.559536010147409613e+00
3.066235435576362356e+00
2.067490523373118005e+00
4.015680718912472358e+00
1.878162379076367738e+00
4.429840116062640831e+00
4.158588347199385638e+00
3.407044267161942308e+00
3.752103366437923082e+00
3.485640326537044587e+00
2.587817491591114294e+00
5.446964726101928278e+00
3.956431933267539058e+00
4.439221630771048588e+00
4.050427482336528051e+00
4.692487343619049511e+00
3.844439241350821934e+00
2.995270830127353623e+00
4.824354019578881214e+00
3.710853173430368912e+00
2.895959900418261235e+00
5.711261987313493549e+00
4.322499220498579930e+00
4.725820883735012856e+00
5.832869941703417105e+00
3.778807760705421792e+00
4.788795910009951307e+00
3.933010630568732235e+00
4.943632604932849617e+00
3.429645797212098834e+00
3.731912087235390807e+00
4.110696753361724021e+00
3.709126409853095385e+00
3.773988906671329246e+00
1.934965868552422252e+00
4.548669593407312028e+00
4.070198260018917047e+00
4.545655021558366649e+00
3.657182012835680229e+00
4.424021030701574375e+00
3.934194314385860203e+00
4.303419420209121604e+00
4.016495226320383694e+00
4.826263298404837698e+00
3.249991734924237097e+00
4.295445522082292023e+00
9.136004433324804719e-01
3.936421849439299514e+00
4.472167319830008481e+00
4.099410343949719149e+00
3.424885624070695300e+00
4.650912352576783704e+00
4.469489620376712047e+00
4.066939495729061882e+00
5.885575681865167219e+00
4.150555284332312134e+00
3.501381641439175407e+00
3.769926938172914799e+00
4.060126046662189125e+00
3.661194818940559870e+00
5.263329863414366372e+00
5.720427097130372118e+00
2.762657499584260989e+00
2.811908873184534752e+00
4.070289984992238708e+00
6.162830730505413968e+00
3.570986780628591983e+00
1.964160023535932664e+00
4.478277092248236890e+00
4.105247651457299085e+00
4.154874019174815025e+00
5.305554447231522808e+00
2.158301167248091623e+00
3.542920725969441964e+00
3.500845122320381364e+00
2.419859031951971939e+00
3.337854539553658295e+00
1.918727698795024361e+00
5.242757856668536220e+00
3.891279185097825444e+00
3.592447710788115867e+00
4.268924107488348163e+00
4.406395468826902473e+00
6.381754968494591118e+00
3.450139900890695444e+00
4.522226947828047905e+00
2.522923703260057327e+00
5.493024166739457925e+00
4.124456150678545541e+00
4.577062649171825370e+00
5.550029905367997785e+00
4.497085854350238776e+00
4.146527190428475507e+00
1.601736128018729222e+00
4.473807269317798152e+00
4.682195736945798714e+00
1.404248146760631810e+00
5.511280458842374941e+00
3.514614498599150316e+00
4.449870351058590856e+00
1.137358727338603437e+00
5.175815079125892559e+00
6.429016434084849685e+00
4.185269025766427120e+00
3.297770387933775194e+00
2.314840136926998859e+00
3.533350640433922774e+00
3.693689055878682126e+00
4.231108576915936226e+00
3.372085735532625250e+00
1.084957867840935064e+00
2.652360183699926655e+00
1.664832846613238493e+00
5.236895539393422894e+00
3.670497341508770273e+00
3.320081718561781692e+00
4.001494823379443844e+00
4.190772000835424116e+00
3.939474985276120389e+00
4.726098563779825845e+00
2.921871912570188634e+00
4.804527440431321850e+00
3.864716322660967318e+00
4.187600460332145502e+00
4.928567707320032021e+00
4.036897157490788146e+00
3.857957618458007332e+00
3.778446910441219497e+00
3.935329643708277203e+00
3.852104926788160189e+00
4.495059437257489243e+00
5.397514464869999529e+00
4.076617476859879297e+00
2.596393170947832729e+00
4.366136114294107529e+00
1.050822777163477495e+00
4.446095571087602671e+00
5.078493076295404585e+00
3.352209317034849256e+00
4.885195019445707665e+00
2.332921159715223958e+00
4.366981513642921975e+00
4.141684486655209163e+00
3.885687523093555917e+00
4.432618756900033041e+00
3.611622335112342430e+00
3.801159105461767940e+00
4.525870629312505500e+00
3.577003722053407664e+00
2.168681883975512203e+00
5.364023167998511532e+00
4.364550643565769938e+00
2.680210359658228736e+00
4.655179203667475285e+00
5.125243455847889429e+00
5.367574650808701442e+00
4.756882133535225599e+00
2.870021409496966935e+00
3.571145911718469623e+00
3.912544454206714928e+00
4.560176398169354606e+00
4.505594600130981675e+00
3.176056386939191789e+00
1.878643988460804382e+00
4.342550897640911067e+00
2.884288048238130564e+00
2.662819894288375622e+00
3.892163145125633328e+00
3.908455028130732423e+00
4.566925547927275453e+00
3.807473272024199051e+00
3.714932658010223321e+00
3.572281688783255582e+00
5.901375058929278161e+00
4.120763311185162259e+00
4.461482504109973490e+00
5.377292371882028021e+00
4.175587339090760963e+00
2.144171821956638802e+00
5.665285000946890470e+00
4.780190174552353177e+00
4.135184025505784788e+00
3.972594388970849710e+00
3.233919334230168641e+00
2.582263085009351755e+00
3.855707734570368750e+00
4.119970839246004601e+00
1.085096984725604674e+00
5.601970883533779144e+00
3.107677070052846435e+00
1.913512929850038624e+00
4.215118936523037263e+00
5.578402384926417490e+00
4.485587879138758005e+00
4.074975214306695293e+00
5.293482501575453192e+00
4.449253872279082422e+00
3.578820493212969911e+00
5.795549675671129108e+00
4.022483174381881632e+00
3.780019252524621454e+00
5.703294137459837820e+00
4.684331384314693203e+00
5.265803122588657459e+00
3.353850734418933222e+00
4.173460341469584556e+00
3.623143978416933031e+00
4.103453015341604448e+00
4.371968623194791626e+00
1.430728820148517544e+00
5.597281897451425792e+00
4.916093249651522612e+00
4.647095681239664877e+00
4.337865866996364339e+00
1.960541944523121582e+00
2.839291353477130464e+00
5.205418765302539441e+00
4.108122353281576267e+00
5.205966934621945263e+00
6.117754654704693706e+00
3.358931801483536983e+00
4.232281530269856873e+00
5.751998718789024245e+00
3.476673797241525143e+00
3.202517803168209110e+00
5.543349314903943004e+00
2.304876716851040008e+00
2.366648194603301114e+00
4.221452020873732280e+00
3.945093516845956216e+00
4.531038534972639198e+00
5.756484133352481436e+00
3.402152073913746744e+00
4.641734493267103190e+00
3.420272588039130479e+00
5.026173111177711483e+00
6.405051322058579188e+00
5.173756750095114043e+00
4.212988605366763117e+00
4.800239765660985647e+00
3.328729089470106484e+00
3.539349291982399670e+00
4.984171103776021461e+00
3.640751417887076791e+00
3.956463789229095696e+00
5.493548541493331605e+00
4.342503945686913447e+00
3.688891091370752218e+00
2.881483172682174132e+00
5.468427293694782421e+00
1.433220340501435430e+00
3.305175909089761443e+00
5.157407980346317089e+00
5.425033824663162640e+00
4.813224309476411555e+00
3.778425592771267993e+00
4.014436964622639437e+00
4.686518221296471332e+00
4.275633068061114983e+00
4.869079250923914692e+00
4.293848120208219044e+00
5.190645050582175735e+00
3.891857145370877902e+00
2.859503260523258650e+00
2.040375394839832435e+00
5.402426351378413649e+00
3.239082756367900995e+00
3.601539096828802133e+00
4.441526206314021508e+00
3.203462158185549580e+00
3.615085138626263461e+00
5.996943250595453634e+00
5.018783781546303224e+00
5.001186376438549352e+00
4.790638965763776014e+00
5.561147101003921733e+00
4.176504703389305462e+00
1.216714240832278415e+00
4.387790234090734209e+00
3.880354714676507388e+00
4.878154259984951224e+00
5.178730829545026282e+00
4.155039283559913699e+00
5.612208958209366827e+00
3.699313761262934541e+00
3.713380007471313249e+00
2.748589278238600997e+00
3.832189645382063858e+00
4.374360745816123774e+00
4.056238095883643702e+00
4.359626937785934686e+00
5.026658052570795121e+00
4.140449439060217784e+00
3.336675954480313067e+00
1.813020596217645330e+00
3.936442575906444308e+00
3.831005796810383668e+00
4.795342027364673854e+00
5.060035762137380821e+00
2.601243810765154318e+00
5.570959517247483284e+00
5.083008996861448026e+00
3.354952077915400288e+00
1.924336477945223889e+00
3.918804989920424919e+00
4.576977926815837705e+00
4.867674230291517468e+00
4.998748028766465623e+00
2.948201199310859444e+00
5.314628264837557126e+00
5.406432676893135891e+00
3.996254494984320171e+00
3.498968464077174545e+00
1.005593806767066001e+00
3.930746239414074861e+00
4.136241260986584400e+00
4.869187655017294780e+00
1.038218760342871194e+00
3.025744541766227425e+00
5.301206577761473859e+00
4.159658182557156358e+00
4.793000169187078718e+00
4.923284019576423809e+00
2.905583690862818980e+00
4.731125836959204634e+00
4.790012058946087947e+00
3.509514753671388654e+00
3.059952149513331943e+00
4.151773144400733528e+00
4.829144874862083547e+00
4.759947721564966372e+00
5.098243267521207933e+00
5.375102656141540258e+00
2.475307112463626336e+00
5.251638372811743949e+00
4.587311469379949713e+00
4.243425132629982777e+00
4.859563208168573567e+00
5.483079421016761046e+00
4.460360147623270599e+00
4.777319583212058518e+00
1.724724132308771418e+00
3.429456912233366239e-01
4.495477347654174949e+00
2.560327874523150804e+00
2.648857751237739144e+00
4.395578483385514268e+00
3.546466633983560879e+00
2.854454504989439201e+00
4.057041731358468795e+00
4.464557777845397091e+00
4.666535096623497303e+00
4.454839010656145071e+00
2.913025824182866597e+00
4.919732382164785811e+00
4.394647579345241084e+00
5.534484664096390283e+00
2.518253363050732219e+00
3.563589417423414840e+00
5.551715688051316100e+00
4.923132285535922747e+00
3.843516495354733831e+00
3.568990089019888234e+00
4.427346310450641198e+00
3.672039128725004709e+00
5.131666119046302654e+00
4.958090340918533734e+00
3.475247568583224478e+00
3.660978724810260321e+00
3.585740913097442917e+00
3.769111365830581928e+00
5.102639932603657336e+00
4.290663407404879948e+00
4.034371491692499312e+00
3.608698716965546005e+00
3.825969136873504706e+00
3.620674470836765302e+00
3.278965031445097988e+00
3.267250835610699511e+00
4.125780431637550372e+00
3.218201719268994232e+00
4.294699062758950525e+00
2.597445151570231037e+00
3.820371598744936481e+00
6.035713698968262264e+00
4.470967247430419178e+00
4.047067968269003835e+00
5.873889839375678434e+00
3.233381057208450482e+00
4.442106120036033445e+00
1.273784152295873051e+00
4.684695398934049848e+00
1.946018831058785592e+00
2.022698456791879096e+00
5.491550689861193213e+00
5.024596929022206560e+00
4.360275613021950214e+00
3.129490772449488034e+00
4.160444036721244743e+00
5.433046687857799206e+00
3.160805001562491778e+00
4.252198207404607189e+00
5.221579468661895262e+00
4.479263039708617278e+00
4.511141325400281232e+00
3.569636083881813970e+00
4.192112750109205699e+00
4.031889424589734539e+00
4.805666282879454521e+00
5.932537469405510855e+00
3.450150247648132495e+00
5.008180356947105061e+00
1.481765175616152952e+00
3.282638261292042170e+00
3.740283545366896778e+00
4.532273745078578386e+00
1.581559140687326170e+00
2.860266247098790515e+00
5.624523076582400805e+00
3.398093622799350566e+00
3.875045957581737532e+00
5.297106512172597093e+00
4.644596571542108698e+00
4.452801747359833584e+00
3.973523212628638390e+00
4.149753882714959374e+00
3.908522522216682393e+00
4.555512733109939205e+00
3.161534737730877787e+00
3.832903104076950118e+00
4.917680657426089397e+00
4.961884984210534810e+00
5.318402520407058631e+00
5.729306560302096507e+00
2.669591241924896163e+00
3.957474379090416772e+00
5.278381030579163635e+00
5.465557182811385140e+00
2.591134021973332313e+00
2.760774630203371771e+00
5.480158340273487028e+00
5.820106846027912617e+00
3.475670970952208894e+00
5.564572388561279226e+00
5.849635543981749564e+00
4.097016460777310520e+00
4.816732887837854804e+00
5.291279414260928959e+00
4.457402258309629772e+00
1.863713761001084990e+00
5.483089015030496505e+00
5.138174145448756391e+00
1.403757060929443856e+00
3.710075329361559593e+00
4.207391624757094384e+00
5.158097156488272717e+00
3.062125686459091778e+00
4.254896024979557545e+00
4.386692583249576671e+00
3.849723940418133150e+00
6.060650628467504353e-01
5.819604024599650316e+00
4.433027323683548460e+00
5.148635412440170533e+00
6.344330245554968606e+00
3.803530285660709609e+00
2.319575530476186476e+00
4.718235990964634752e+00
3.974508663961638710e+00
4.054113877918671172e+00
5.113312784220947371e+00
4.899001014092474904e+00
3.316912170541168159e+00
5.051590626922720872e+00
4.037323852168383631e+00
2.731455543293568766e+00
4.056726704371651060e+00
5.309249894444736384e+00
2.339272706164445825e+00
4.678864739551286789e+00
5.748329967363817516e+00
4.843644662636516607e+00
5.398663438724387476e+00
4.521140311423939906e+00
4.594551036504968877e+00
3.295669905053489668e+00
4.860631540513485227e+00
5.148145808584285277e+00
4.154974112681452780e+00
4.406008350597649503e+00
4.298497134800605579e+00
5.206421042559734147e+00
5.515779961908865658e+00
4.867591778707452299e+00
3.575484787307757983e+00
3.876878531999631061e+00
3.134556926649188391e+00
5.054560442163321454e+00
3.756735397218297301e+00
5.568560299632917321e+00
4.573065570557565351e+00
2.264731576834543958e+00
4.076161401597581779e+00
3.524772532403571912e+00
1.990469093778776788e+00
4.597161917985352453e+00
3.580503159835418447e+00
4.054149244806764862e+00
4.175131281725976251e+00
1.105496708029933162e+00
5.235677836077337055e+00
3.766600662083026130e+00
4.787122807110244516e+00
5.369191080589570397e+00
2.791899955269195654e+00
5.419858921595372969e+00
3.109479847594757373e+00
4.196813307169882101e+00
3.711683772164150241e+00
4.593923150478945949e+00
4.227889966186412884e+00
3.495963943357523362e+00
5.427426413412979045e+00
3.869416664556685426e+00
3.806438644974291741e+00
4.672915932741080525e+00
4.507171695933066324e+00
2.028947086354726537e+00
1.945186184983423106e+00
4.277862840164244673e+00
5.279096948317035576e+00
4.429127871408365280e+00
3.943704963238639838e+00
5.215732111155420903e+00
3.119606838330564180e+00
3.082492532269678787e+00
5.313799752784523101e+00
3.616694925757127255e+00
4.898929423973495290e+00
3.177408800181482640e+00
3.709636372436419194e+00
3.151338448257967162e+00
1.156574134890540284e+00
3.390758875415984086e+00
4.430344371831804295e+00
3.890647755125271612e+00
5.807363978674675131e+00
4.725271361145137128e+00
3.867397974325562870e+00
3.387726894810583644e+00
3.387467637414606436e+00
4.595857586728671507e+00
3.927451530012119552e+00
1.958047629470132556e+00
4.775674688185476136e+00
3.147010569391998303e+00
4.702856378443439844e+00
4.220180903930237371e+00
3.558117620128182335e+00
5.479845854165419361e+00
2.886789281589062561e+00
4.638850651483363841e+00
3.946126893579001038e+00
5.177469583884533932e+00
4.084986089831686762e+00
3.691954786696611368e+00
6.017976777404971500e+00
2.387536343059593946e+00
4.792745960617530443e+00
2.969456763438733660e+00
3.949315721451547301e+00
3.597402054454480247e+00
4.068428982264822302e+00
3.929179119890430893e+00
3.031280633706245453e+00
5.096886152923874036e+00
2.810521527943268705e+00
3.747478467905834165e+00
4.251996021530296765e+00
4.975282225563203653e+00
4.696787785620239575e+00
3.429870546926220065e+00
2.750127870805670671e+00
5.480527715187300863e+00
4.236438961597639441e+00
4.776573156287699184e+00
4.795631180118611780e+00
4.138519815705340221e+00
4.649693244938388759e+00
5.150205745713904548e+00
4.059197356344833807e+00
3.643489398356169584e+00
4.601701376193520154e+00
3.893070227526006288e+00
3.241847841468531666e+00
3.487724626977688036e+00
4.240109375643656975e+00
1.920734510419897623e+00
3.303135290914357203e+00
5.310965037192044491e+00
4.338329941453306304e+00
3.727725606295665628e+00
4.377608422082620798e+00
3.676660699762226869e+00
8.666689087796635160e-01
4.700821541744847565e+00
4.941836397840961403e+00
3.953987565801997839e+00
5.074477480296676113e+00
2.860113576819204528e+00
3.780772993095737444e+00
6.086541119766676999e+00
4.293319027427031642e+00
3.257855275297296682e+00
3.185997791635534870e+00
3.565802047510879369e+00
3.249912544958756921e+00
3.279865743820475021e+00
4.098712976332708813e+00
4.648960207964655034e+00
3.273865780759093180e+00
3.504023459269417273e+00
5.908883286925778577e+00
5.176531905213810347e+00
3.448291787601233338e+00
3.749841312637784085e+00
2.838181457906476801e+00
3.421997330234139323e+00
3.925966320945800447e+00
3.622859488607942158e+00
3.857671197836408883e+00
3.588505785426631789e+00
3.489675580231906160e+00
4.337977174269567193e+00
3.829932944725843225e+00
5.237047372108010634e+00
1.137825546392765119e+00
4.323019034115791470e+00
3.808501617948887308e+00
3.414745647259134653e+00
6.027848805505167107e+00
3.422069651912107879e+00
3.504784464131281752e+00
3.873811606797203488e+00
4.630676742954666913e+00
3.518073902325085545e+00
1.288064424760031912e+00
4.380730072045851742e+00
4.153248498631789687e+00
4.630780622126859036e+00
2.873345310845772271e+00
4.979622455266922820e+00
3.822649440205987847e+00
4.716254814293310282e+00
5.201025362183405498e+00
3.842711947570413678e+00
4.982502677259720514e+00
5.085854741577380267e+00
4.456943564141375269e+00
3.870425718152999295e+00
4.215409704540954650e+00
3.773831562839009113e+00
2.872821878417044505e+00
5.582629819170517038e+00
3.722647449418736709e+00
4.757560342410585896e+00
4.669343744707544097e+00
4.932358680906976822e+00
4.773116528130377567e+00
4.006279456192342714e+00
3.183572665214450481e+00
2.558430060300458830e+00
5.230216297464112429e+00
2.753437148679620528e+00
4.074833824054713283e+00
4.425001415992238840e+00
3.470154120804324283e+00
4.181769758127138026e+00
4.121454397644247258e+00
4.539891002253599872e+00
3.011316314216280876e+00
3.234352658668705249e+00
3.701598465927094406e+00
2.896346372271773273e+00
2.502386108863992931e+00
3.581240212772506482e+00
4.683790373585646760e-01
2.085828413826893879e+00
4.266735707943257516e+00
3.197639794085881615e+00
4.469844335302600946e+00
3.615711514185481867e+00
4.249838497728343434e+00
5.811513276853606413e+00
3.560352358958050800e+00
4.154587715115106938e+00
4.726616774580776337e+00
1.720439534682949523e+00
2.762846249534552268e+00
2.110480987289023336e+00
3.863227387417810021e+00
4.356460546205207507e+00
4.620829463151622463e+00
4.078129298126524915e+00
4.208781502480454684e+00
4.015707417600666851e+00
1.217035521325858571e+00
3.837724641284685045e+00
2.806821025724432594e+00
3.180665497435281264e+00
4.229781348386449480e+00
3.311835171665048261e+00
4.674261504101378861e+00
4.074269652571819833e+00
5.157033175950952675e+00
5.004512820487059699e+00
5.604467132631966386e+00
4.949121446369938226e+00
4.644407870950849393e+00
3.774069852356543020e+00
5.860675628566172968e+00
3.259946047086236476e+00
3.800535719889207797e+00
4.886720567132703863e+00
1.705698606030913167e+00
4.635806901209135411e+00
3.734312137543015719e+00
3.043674766836029999e+00
3.129589412297490103e+00
4.505453889824304170e+00
5.497094783299547593e+00
5.108116659601619425e+00
4.047826857176874071e+00
5.188708906342995419e+00
3.897117853077060712e+00
4.657979102447534103e+00
5.609125104381533333e+00
4.800081444938721020e+00
3.476182740728558151e+00
4.819189300136620169e+00
3.204671563760621122e+00
4.560333658381138022e+00
4.818927011012951844e+00
2.050618510686735618e+00
4.172185256259502317e+00
1.026067155360552485e+00
5.094030729496970444e+00
5.593837980169174884e+00
3.603174106390007569e+00
3.981416584122996927e+00
2.864937150758484208e+00
3.149715823959351457e+00
5.196585259435870796e+00
3.345002194466342171e+00
5.063596565642389358e+00
2.436679646654901887e+00
4.792520633601680125e+00
5.896699097383144128e+00
3.866287664168434723e+00
4.203166239199649823e+00
6.286576600998385445e+00
3.658863394000054559e+00
4.781359073518909319e+00
5.609297300541764564e+00
3.608171312894377092e+00
4.001035508711634492e+00
5.355979704053838830e+00
5.423088524541910260e+00
3.200580186651797110e+00
4.310482670408698702e+00
4.803608701958869354e+00
5.318020418731474130e+00
5.579793664826985911e+00
5.294102788541072080e+00
4.906358409849594260e+00
4.019895492732785236e+00
4.952955012533470480e+00
4.014246630420874595e+00
3.737663172442256876e+00
3.096600019163928241e+00
5.026634097170789239e+00
4.939951480646704418e+00
5.015819740476113786e+00
5.970927913443645707e+00
2.399714526109526069e+00
4.085059554251554204e+00
4.471677761290583142e+00
4.252961276357281939e+00
3.984544120603601414e+00
5.580735209392403640e+00
5.061424290828788308e+00
4.987671298040802448e+00
5.099768068092000561e+00
6.050668296870328255e+00
3.543911761869557697e+00
3.333165394114313784e+00
3.720588693540346270e+00
2.976372720671300875e+00
4.402940124829921587e+00
3.891894124042092784e+00
5.088375827678882857e+00
3.676735645764766858e+00
5.542778404631421019e+00
5.376558658544052349e+00
4.846140262028822754e+00
3.871460124558113947e+00
4.668928407826068216e+00
4.290319572764269007e-01
3.970141039935475735e+00
4.163691966160282476e+00
3.445621796490174304e+00
3.100822616830463563e+00
4.630429949081527496e+00
2.929354528208540476e+00
3.982238903358438442e+00
3.241324058819419207e+00
5.542479345731299745e+00
4.105060163802702000e+00
5.538903475449852287e+00
4.760819961320253313e+00
4.740868341578132750e+00
4.981447952150558578e+00
5.540683351470415019e+00
5.326454780872019512e+00
3.144080309967214770e+00
2.783325667759704025e+00
5.671757630316496268e+00
4.700570796420341146e+00
4.347190836378069356e+00
4.883183564125272547e+00
2.840510785747729194e+00
4.245447557706262920e+00
3.840155349562843767e+00
4.505325669841199421e+00
4.131801314518870782e+00
3.557544885020814007e+00
4.211148277496911341e+00
3.999987042829845407e+00
5.537131000631744016e+00
2.738280583464288931e+00
5.218811854238057713e+00
5.286432653260329850e+00
3.157538366051996448e+00
3.423384330474775972e+00
4.096339626432585312e+00
5.637249856072788390e+00
2.601011026477730859e+00
3.352655902851370495e+00
5.409767545016911150e+00
4.643818111860412934e+00
4.162155285215367151e+00
2.886080438584238461e+00
4.525576436044920214e+00
3.801136487771046291e+00
4.295237579373170966e+00
4.270302059620979307e+00
4.947733184065835843e+00
3.897189127594603786e+00
3.616801489282028381e+00
4.378401685227937712e+00
5.773733476465718439e+00
2.738389282494939625e+00
5.971048787255410772e+00
9.757105492442685879e-01
5.249802266269822049e+00
4.491070957228205707e+00
3.765928109312004946e+00
5.033942339863253679e+00
5.940602336013835583e+00
1.605244739750787630e+00
3.078786952938850963e+00
4.613658264128884134e+00
5.373420301413617040e+00
4.315052047328346241e+00
4.682740979716209395e+00
4.225875802640138623e+00
4.783885770908065993e+00
4.516840485881067124e+00
4.181238625827490729e+00
5.641543176456437436e+00
4.656566667931588910e+00
5.683093794935834886e+00
4.552618232308433655e+00
2.606105477993155173e+00
3.777575732455106028e+00
5.442558304225126875e+00
5.609842703443242762e+00
3.623211855013038996e+00
5.755167149027653473e+00
5.915862448161253617e+00
4.666112643392621884e+00
5.019411869423014316e+00
6.243109431016013566e+00
4.686487616825139924e+00
4.844477746197557444e+00
2.850407480820924544e+00
4.735799039848592074e+00
5.503164212356950635e+00
5.700791197336635641e+00
3.285511496773231066e+00
4.106442184489225156e+00
3.144562757349332660e+00
4.206622205089929345e+00
3.779506532371699645e+00
4.427233886110251149e+00
6.860842818925260822e+00
4.063372774851374380e+00
5.057634814106106269e+00
4.911881896642120715e+00
4.201497239888515089e+00
4.194666057044348584e+00
5.024525162289293689e+00
4.754186197460945174e+00
5.236521539376242096e+00
1.888015680782361594e+00
2.522471688302959869e+00
3.849980657419240337e+00
5.099292419100582840e+00
4.651812971578029199e+00
4.073083863496666623e+00
3.791677765275319523e+00
3.254303116334607449e+00
4.337646765176953245e+00
5.335192128427233449e+00
4.622912809589323047e+00
4.561443294621973621e+00
4.001900806489152806e+00
4.673480969208554825e+00
4.515954992845148119e+00
4.486558823198945056e+00
4.159013696937448934e+00
5.029966279308282218e+00
3.550925705708332991e+00
3.937874822500883720e+00
4.103593143728981651e+00
4.693730188238707690e+00
4.786956343308173878e+00
6.176944333248068020e+00
3.172997585460640035e+00
5.005112049278457320e+00
5.220737933458559965e+00
2.040710671530044706e+00
3.158793177531940888e+00
5.819132827623308302e+00
4.181122721414027410e+00
4.114485251565461077e+00
4.311955003777022455e+00
4.628188710092405067e+00
3.771617811577642421e+00
4.661416621445193975e+00
5.348553841007369414e+00
4.721777424419056679e+00
4.286036730199342060e+00
4.607967140410559104e+00
4.726172592221723257e+00
4.480167744383031447e+00
2.408710098479297290e+00
3.326564576204614099e+00
3.995008526757831469e+00
5.085286684987776695e+00
4.137826049116505978e+00
4.993848865951095561e+00
4.795398595331530345e+00
4.782551627192790811e+00
4.183991863919097831e+00
3.666810504230437306e+00
5.966001704949241535e+00
1.573242816212468975e+00
4.240410505177388600e+00
5.162549705024269464e+00
4.686337122684102852e+00
2.624382488204984654e+00
1.647816624182053546e+00
3.658142640403845736e+00
3.269396733413642675e+00
5.481803526394286585e+00
4.015133753348124834e+00
3.312847396795008947e+00
1.325814146895349044e+00
3.427763947679991929e+00
4.305582217822535362e+00
3.025589294442192934e+00
5.188209599689939111e+00
5.331368563638158697e+00
3.601170021354957118e+00
4.020678726421813565e+00
4.834120747007280450e+00
4.269659856925229313e+00
3.112836791643716072e+00
2.961100545231006187e+00
4.075733214747793376e+00
2.812654039521169658e+00
3.730954493424349483e+00
3.673372049705432740e+00
3.866804228659792120e+00
3.991577022695646182e+00
3.373408310890912087e+00
4.420852131568803856e+00
3.538671342076866289e+00
3.636441163611560778e+00
3.458365434002229843e+00
3.878025244505029168e+00
2.730864238624099993e+00
4.410696646377515684e+00
5.527496987315058341e+00
3.225174822864174562e+00
3.157408915705144814e+00
3.699505125202295464e+00
4.586437078446620852e+00
3.692579735548661368e+00
3.073259433549252240e+00
3.546067463858848523e+00
3.803790174555852666e+00
3.095058656256524099e+00
3.476519291388914468e+00
3.300183474433751041e+00
3.998024842901705345e+00
3.437493765588030215e+00
4.027070744155291315e+00
5.041377464491277216e+00
2.820005796688727084e+00
3.888798874301304220e+00
4.413149761158754458e+00
4.530090656419012873e+00
2.861860034971114075e+00
3.371609094560577891e+00
4.308261195188317849e+00
2.511633528687279071e+00
2.457438427113203705e+00
4.297476620064182740e+00
3.911561272235581477e+00
3.470258221156825140e+00
3.891404851835530643e+00
5.250909130190033913e+00
4.421302018485781637e+00
5.506977013670093513e+00
2.714748561937984306e+00
3.261739571318567066e+00
5.522788829829926804e+00
5.515422606129185112e+00
4.361188758320467151e+00
1.236438238232003384e+00
3.491470918304467208e+00
2.885177080648179349e+00
3.919798266760127436e+00
4.156613860504061897e+00
3.270847534575821225e+00
3.729440809870433249e+00
3.968978424358951429e+00
4.839558876938516718e+00
4.471965404654548060e+00
4.540714184575940671e+00
4.667463021143507085e+00
3.788301439810118687e+00
4.357233993192166643e+00
3.670065414167301920e+00
4.459932430930583003e+00
4.024441642524709373e+00
4.004231538396772372e+00
3.086513246064902294e+00
4.853977268422660529e+00
5.960318569070549799e+00
5.082548121915462680e+00
4.457659893644213334e+00
3.634532681271746668e+00
4.319349106895120194e+00
3.152633816490304941e+00
3.374395000932104871e+00
4.524112435056081516e+00
2.474555362492172339e+00
2.133740313592416449e+00
4.148597958459325774e+00
2.603736535529919127e+00
4.605135453407416257e+00
3.096189916107810358e+00
4.412783679869062503e+00
4.924860996614672359e+00
5.508649964922589959e+00
3.725718857682023710e+00
2.805265857370228488e+00
2.576987421001816436e+00
3.638545276055319633e+00
2.588404601896625135e+00
4.563119758657886216e+00
5.467291415987420855e+00
3.910316124816056504e+00
1.157864976608603991e+00
4.719743334094468779e+00
2.690265678583233289e+00
5.149308866818842034e+00
4.641127597912727332e+00
3.639721784559439843e+00
5.240344908992415007e+00
4.208687738043590976e+00
4.525339222083688107e+00
4.522763837584587776e+00
2.631225496651545814e+00
4.612209718088022825e+00
4.117422738660949655e+00
4.621979951091742755e+00
3.894110551883974924e+00
5.198573418056502859e+00
4.699654574989978961e+00
5.132160720765436501e+00
4.979798423965886123e+00
5.357224721269788326e+00
3.726688933034045359e+00
6.015606009911042662e+00
3.877380948230482183e+00
2.081650014337940391e+00
4.272526830363055694e+00
4.125382336595151855e+00
3.679168338107843272e+00
4.083601012321576462e+00
3.049929017482444049e+00
4.281085096672624601e+00
5.675468866859731953e+00
4.907714317998282283e+00
2.815289373012311192e+00
5.241202888732944487e+00
3.623713126775887083e+00
4.792012076016614053e+00
2.502402320175256989e+00
4.831973228454922165e+00
6.395614703095882980e+00
4.040904746446702056e+00
4.090874448424879795e+00
5.530802035091332947e+00
2.289504810860613304e+00
5.151871476965971475e+00
4.148423022907167912e+00
5.018047983799474920e+00
3.890146462768020896e+00
2.908690638368339076e+00
4.940979099582591516e+00
1.073283079773869941e+00
3.313506807237608154e+00
4.370003849411667751e+00
3.774399671162078640e+00
5.174270015487604901e+00
5.350149922180364115e+00
5.063674727024859656e+00
4.674473108322508175e+00
5.828351640371585596e+00
5.126351710017739371e+00
5.029901634844851088e+00
5.028248460906693751e+00
3.863338289940748460e+00
5.554267266532398217e+00
4.214712672466628618e+00
4.452744272657334967e+00
5.376991845016506844e+00
5.341128470537272577e+00
4.672559814851982019e+00
3.212198731249360062e+00
2.180435259598445086e+00
4.426194664217779184e+00
1.933713870852345362e+00
4.781838160872347032e+00
5.062992864748881772e+00
3.148447739739818729e+00
4.057889118086137614e+00
4.675955041254026057e+00
4.797101012930615305e+00
3.922107562181750939e+00
3.698239816503414268e+00
6.196210866914501736e+00
3.620901973256687612e+00
3.018588378069051892e+00
4.917343446337923751e+00
4.407010896073598971e+00
3.464013514235149138e+00
5.900784679526037024e+00
3.605802507227501064e+00
4.236571027403465806e+00
5.043159551798633622e+00
5.048865613231197536e+00
4.730413369832967341e+00
3.574722210795640898e+00
5.492802267918820647e+00
4.952475879172273387e+00
4.610222779797306103e+00
5.745838062530019386e+00
3.952054452661263095e+00
5.558739570276035380e+00
4.265258108976753171e+00
4.191110063102555294e+00
2.863359881190240319e+00
5.181139413342155997e+00
4.715183817027831736e+00
2.123043183898208675e+00
4.757354754507137073e+00
3.989190710920611949e+00
4.022458695110504578e+00
5.103193669669275678e+00
4.150024380931696122e+00
4.100309621480294986e+00
3.882897456840229466e+00
3.985087602551782293e+00
4.298106334469594891e+00
6.325205589507325143e+00
3.249210732350934716e+00
4.749381739735819785e+00
3.890855874133963166e+00
3.239998460506404943e+00
3.708833471683296246e+00
3.675055379692695467e+00
3.888236785266863116e+00
5.045482219574154215e+00
3.575231043319803348e+00
4.274042657448213767e+00
3.883745798099823787e+00
4.732197079200305190e+00
6.183605590240604855e+00
3.468999229189930755e+00
4.252525522636389610e+00
3.963999350864616744e+00
3.617126417797970284e+00
3.252474636739404623e+00
5.133207325692559664e+00
3.625418889566594416e+00
4.120388267598320553e+00
3.700506216415373917e+00
5.454632895674889959e+00
3.090660897461626089e+00
4.793972048486589088e+00
4.646591645993190411e+00
4.447214339386729165e+00
3.832825293374443110e+00
4.113363756519818004e+00
4.323392578691779065e+00
4.597578121096090875e+00
4.123579931793506681e+00
2.691343465735150708e+00
4.381984760126890421e+00
3.723220945594064801e+00
6.315395235963754850e+00
5.105463982321390759e+00
4.009738630006829396e+00
1.831231900306245164e+00
2.235422042174661339e+00
5.574602944327467391e+00
4.434902645193658621e+00
4.370346507394403446e+00
3.956962724601828185e+00
4.538280230730427967e+00
5.020245856898673864e+00
5.550933074453327620e+00
5.364367638772503888e+00
1.791814859682060446e+00
3.342650245835824485e+00
5.360196357520451649e+00
5.084340077695190807e+00
4.794941780432741218e+00
4.714634000101969313e+00
1.864301435679406094e+00
5.287680787621953371e+00
4.502923258514764271e+00
5.322867838950283925e+00
3.676372911467626015e+00
5.013942628499189702e+00
4.920873189702395401e+00
5.434910699908396481e+00
5.327553365482055270e+00
4.673787563941591117e+00
3.253309841904668431e+00
4.463940623848885458e+00
3.974112431963964909e+00
5.340433583546993823e+00
3.745079936574855495e+00
5.335564699515132681e+00
4.565421906515867434e+00
3.691216295197192299e+00
3.033218786037678250e+00
4.283700422549491904e+00
4.262733265469632826e+00
3.853434221047104202e+00
3.850416473197501244e+00
4.016986562504020419e+00
4.263276564083273712e+00
4.340605797396122512e+00
2.893856008568190585e+00
1.600921266580177971e+00
2.570201342560329394e+00
4.630408839251736630e+00
5.201788860441192597e+00
4.107709719204427401e+00
5.628572082442900637e+00
3.572690535043065552e+00
1.106024285244770144e+00
4.869761042768125492e+00
4.660278968673710054e+00
5.127758530173556650e+00
5.870823065259359375e+00
4.157312845002443247e+00
3.556061290499992200e+00
5.181904423564322570e+00
4.963875454950280819e+00
4.141453391457671884e+00
5.899869914661876713e+00
1.498416589542238109e+00
4.110137978373351153e+00
4.411528443083388318e+00
5.251664083906874225e+00
4.239634354283979611e+00
2.899356974751733151e+00
5.420147670142254626e+00
4.691528283647471653e+00
4.613375794544104735e+00
3.905591409471628417e+00
5.095036236354543391e+00
5.255173024505094936e+00
3.440509741846625946e+00
1.288182560961170342e+00
4.774397604627547587e+00
4.150591164579758185e+00
3.999334607037421385e+00
3.682838003561431428e+00
5.514200387213367804e+00
4.855205790199724092e+00
3.318807948638397676e+00
3.886675155187610198e+00
2.470506528533426227e+00
4.702060611143553892e+00
2.914780459672472457e+00
4.596941427849967177e+00
4.454403780625128206e+00
4.875643966814429575e+00
5.559548087588008336e+00
4.842322787781613513e+00
5.070538492133279007e+00
4.456201221352704245e+00
2.668422056761349914e+00
3.690026164291308142e+00
4.839230048598870404e+00
4.519273570501663784e+00
3.825672770135072565e+00
4.184311715814174271e+00
3.051954728279773210e+00
5.475982273648038579e+00
4.956910715996286854e+00
3.830269793136795276e+00
4.188936298502878408e+00
4.061746699861241261e+00
4.519584231381702288e+00
4.238861182056753663e+00
5.126145062480089720e+00
4.259989022224333510e+00
6.378780573795924669e-01
4.150354766327786216e+00
4.468563425519031185e+00
4.316814163585985575e+00
4.087893128603126591e+00
4.474488575250010314e+00
5.200528215644605545e+00
3.351626292149365582e+00
4.807261017327594921e+00
2.965502150668566372e+00
5.064399830146914638e+00
3.975686091389339705e+00
3.368971163286436532e+00
5.407595837222849866e+00
4.484873646494470734e+00
4.712772730553729694e+00
4.023082126199020614e+00
3.981288295559063606e+00
4.308975737968330222e+00
3.066904615559470137e+00
3.466994873038614422e+00
4.922333516085343419e+00
2.766360168378818596e+00
1.042191928280508106e+00
3.366377362154475250e+00
5.493472688450707686e+00
1.501508590677791855e+00
3.734998250250815666e+00
5.058358372716369011e+00
3.087428858277463828e+00
3.345862518779287420e+00
4.990867575356843666e+00
5.586922527386140480e+00
2.530891742722208182e+00
2.983882403883864054e+00
4.516213046762483252e+00
4.848104495183724438e+00
3.670950097625623965e+00
5.972623724322299488e+00
3.654048208622405536e+00
4.678410602229764237e+00
5.098788062601646409e+00
1.441666767251393422e+00
4.376393437003172515e+00
3.601197880779139382e+00
3.651767409226558847e+00
2.676155669233922119e+00
4.387525526271442544e+00
3.474418320431805540e+00
3.221305905304285844e+00
5.464469919251198071e+00
3.478989767513332776e+00
1.696305373825511831e+00
4.207364475827229278e+00
5.309770580239142390e+00
4.460898464288384879e+00
3.644390551322885141e+00
4.356980461834758955e+00
5.819817677910121390e+00
5.191940722010828679e+00
3.293339966222786241e+00
4.766605252128054637e+00
2.788343971754841277e+00
3.893042199719118468e+00
6.088484822781283334e+00
4.267011467903342847e+00
4.347768872653245076e+00
5.920458554606002011e+00
3.674920426017784791e+00
2.790735420970597680e+00
3.560205122777041264e+00
4.844185916763311894e+00
2.424379305307660104e+00
4.777070977840112143e-01
4.141884028124282580e+00
4.011731697172125521e+00
3.103153044834965790e+00
2.352682788644008927e+00
5.045616160766174474e+00
3.609858962558694984e+00
3.414806319971189552e+00
4.178828691930180028e+00
4.133257987908907083e+00
3.231289832901615977e+00
5.037430102706218271e+00
4.682133376406049763e+00
2.097017705791733189e+00
5.385277748821834187e+00
5.577076124332618789e+00
6.026815165797770213e+00
4.255364733655017773e+00
3.202299837711021446e+00
3.048042675674467183e+00
3.812187931711029432e+00
4.545328412018526443e+00
5.353892739517005062e+00
2.063883462179004979e+00
4.850014731924369826e+00
1.125074625958494723e+00
5.155841370361219589e+00
5.689472159090078307e+00
3.722090637610331765e+00
3.783453131440551953e+00
5.962334098789281001e+00
3.940106089387118260e+00
5.126167259678869215e+00
3.443591924079569822e+00
3.918622676974352181e+00
4.467784173865322117e+00
3.709729868810822673e+00
4.886239576086989445e+00
4.811562470935641933e+00
8.944913766607963668e-01
4.046945124115196357e+00
4.797504949210912528e+00
4.094616924263361213e+00
3.839925190117355225e+00
5.224431474658595143e+00
4.681750636230161966e+00
4.553520748801624052e+00
5.594269288561532605e+00
4.238335837029760356e+00
4.457280577400504207e+00
5.240342614865226345e+00
4.125777140393583231e+00
4.635705675060676434e+00
4.280608457163291192e+00
4.053477311371324276e+00
1.528267335272167626e+00
5.137652580964785720e+00
3.992711950251770503e+00
4.705698562942481900e+00
3.693727180126670895e+00
5.704811418122917921e+00
4.307001187584524438e+00
5.254590344378405220e+00
5.192208220977897248e+00
3.294916548158540515e+00
3.783101171839109433e+00
3.022168337586671250e+00
5.648853259516803504e+00
4.328314260818423520e+00
4.559881306641218934e+00
3.477375080225972415e+00
3.488875969730602211e+00
3.745212242726438490e+00
3.445664848862406426e+00
3.972568292858547956e+00
4.816118929470492027e+00
3.103037988216320819e+00
3.953759523067628123e+00
5.558693113132001429e+00
3.407501818108548353e+00
5.462307991216654557e+00
4.290201353289308628e+00
5.754264751020305546e+00
3.599885160405166040e+00
4.214067598116222335e+00
5.001711393788069948e+00
3.861225691538028748e+00
2.938289619469585556e+00
4.745031111110309396e+00
2.994171163223444676e+00
4.320312989220006727e+00
2.960997665127755418e+00
3.115463297477404137e+00
2.402910640828713973e+00
4.507803674522269155e+00
1.838075371465657248e+00
2.236434762163529211e+00
2.250456473704974591e+00
5.193433968330741557e+00
5.461828889573439483e+00
4.982292448501518756e+00
3.786360802588031760e+00
5.510969686524934019e+00
4.776247774157590165e+00
3.385345685190520371e+00
5.112962176232676015e+00
4.932167157841896632e+00
3.497739100013889768e+00
4.054221489311044202e+00
5.264911854120699175e+00
4.108721791525271172e+00
5.277951357148785050e+00
4.304011714997526994e+00
3.150583071491575460e+00
4.588170679105374461e+00
5.087083832138575623e+00
3.449328021768916397e+00
3.281559206088908276e+00
3.974385522703228091e+00
4.766063397742400731e+00
4.476912935715184005e+00
2.995746821314473785e+00
2.291174313635345072e+00
1.590847916655954375e+00
3.803899282271200111e+00
3.289754932504476592e+00
2.137132389434575952e+00
4.887903948960373945e+00
3.700244424984830527e+00
4.778824325048681487e+00
5.432654994622737377e+00
3.214192630039408805e+00
4.787515753796693474e+00
1.972630226311028245e+00
4.746277957291091809e+00
3.568845017986054913e+00
3.339310696813037715e+00
4.196964704547194280e+00
4.143686989470760196e+00
2.843821179587735948e+00
3.454622497056917485e+00
3.794243013524893016e+00
4.196906645002262515e+00
4.743490929726316807e+00
4.925984867540543100e+00
4.438305663639922294e+00
1.931134032962376068e+00
4.526977158120367939e+00
5.026840567209621469e+00
3.784158491143525094e+00
5.236849767044846615e+00
5.002648220854702288e+00
3.596633197540609839e+00
4.296458856164558249e+00
4.328002560273473520e+00
3.195752066394386581e+00
3.686237799801321824e+00
5.720886041337005956e+00
2.902518997530926903e+00
5.002030939334259685e+00
5.298974187114099621e+00
1.131814077038516109e+00
3.990424038011919361e+00
5.299899403534402254e+00
5.209585685953528333e+00
4.260359060903900819e+00
3.508197048612894164e+00
3.342729136053724570e+00
3.535763972438906499e+00
4.016131232234005033e+00
5.245699917782920885e+00
4.014107483735841697e+00
5.055722155990864053e+00
4.138006065427111579e+00
4.803601300921255479e+00
5.603802258217168486e+00
3.549073407277180348e+00
3.844631539183653413e+00
3.700169873345312777e+00
3.594598140105982775e+00
4.096875046498642092e+00
5.472692358288756331e+00
3.385590427241549794e+00
4.011448075205954034e+00
6.013912443029448163e+00
4.891901703669045531e+00
3.830098842864158915e+00
5.426388408070264902e+00
4.404254846905792498e+00
3.609507563329803048e+00
5.293156730122493769e+00
3.354859922120072113e+00
5.268254476260424646e+00
5.346589670458835819e+00
3.704480332438187418e+00
4.861442006872082722e+00
6.071875639508957256e+00
3.186194724268873735e+00
5.226786656794664587e+00
4.002801392453820384e+00
4.360517823700249984e+00
3.791867478630117194e+00
4.452085912498071174e+00
1.865455805458003491e+00
3.519206635235870628e+00
5.822966242375650303e+00
9.687853812592336356e-01
4.114270486583413877e+00
2.235626743938225580e+00
5.441781731325923133e+00
6.088316341105396212e+00
5.262169057725879284e+00
3.691409696520674188e+00
4.370691200674325039e+00
5.099003803003098412e+00
3.150609412324149705e+00
6.024217531209185239e+00
2.323767760056388187e+00
4.120483640153464577e+00
5.548151314392389288e+00
5.712992054636118588e+00
3.725464301231102837e+00
3.973171874032879636e+00
4.503366485921573847e+00
4.226956475682452030e+00
3.604193622116910412e+00
4.397726123840145718e+00
3.530480790035291694e+00
5.694364159735808784e+00
4.436666418757081232e+00
3.828716330522942357e+00
5.760541099782719776e+00
4.451141617953361163e+00
3.317005930946654857e+00
5.286332197328720284e+00
5.455462556243597660e+00
1.086366688291687588e+00
3.426706768487743915e+00
3.522395440856838089e+00
5.771514212647923081e+00
5.536187232847101569e+00
3.602668126551637595e+00
5.292164597495445655e+00
4.403942015032376922e+00
4.514426802699762931e+00
4.330841784997940813e+00
4.508315003683216915e+00
3.151023552443130704e+00
5.119678292173526657e+00
6.211195116036702046e+00
4.512561434615446565e+00
5.066357024877327753e+00
4.452713593655309943e+00
3.370756211261764168e+00
3.606189234599437299e+00
4.282061971410227486e+00
6.010016058177100717e+00
4.736942471016027056e+00
4.810606695147502165e+00
5.690947163431459899e+00
5.035834577518588873e+00
5.415020308360960932e+00
5.092044325956794459e+00
3.537970998624330399e+00
3.031646107702580029e+00
3.771232367949061803e+00
5.946631935840142269e+00
4.886493510991324563e+00
5.189995565707901548e+00
2.678365674873554703e+00
2.423737565578291342e+00
4.337831178350593397e+00
5.740628022656227181e+00
4.063465754515217299e+00
2.022635505860844507e+00
3.109632206233629237e+00
6.206065865649182278e+00
3.469976761381336594e+00
3.595556228624763317e+00
5.151593640485856440e+00
3.940185540681759857e+00
4.074950219899712955e+00
5.544976612967491114e+00
4.486236295745072766e+00
3.478915667606437445e+00
5.968830592453209682e+00
4.559463217618391795e+00
4.156076311339051088e+00
4.179303307887446195e+00
4.971070301207292097e+00
6.404131253885958941e+00
4.831599706550345097e+00
5.034367893507352143e+00
1.063355280402044301e+00
4.314934623050319829e+00
2.994085321845337155e+00
4.789081316551263789e+00
3.788590782510525834e+00
4.606446293585630514e+00
5.204093486267518998e+00
1.888779693468404464e+00
3.915492991780744614e+00
2.164089936145508375e+00
4.269286612982589268e+00
4.112002743738700339e+00
5.273587116045220569e+00
4.872944930613344106e+00
3.691897976542792836e+00
4.308468011438765011e+00
4.823434185101309168e+00
2.836199006201879591e+00
4.018753473506884610e+00
5.417809355538575566e+00
4.891306840323908389e+00
3.657863041084028488e+00
2.197631723890441258e+00
3.804766769169477758e+00
4.668402063235702393e+00
3.639733526873307756e+00
4.179118886329949767e+00
3.529019819602060792e+00
1.641029947436838166e+00
3.196291009272475225e+00
4.767832330272931962e+00
5.453290263264332971e+00
3.415612278337541330e+00
6.167470755298318785e+00
2.930779203430058821e+00
3.970018777906743068e+00
3.211339559916762898e+00
4.730206173098760125e+00
3.205894468827507282e+00
4.816811893729711080e+00
3.696927475098856775e+00
4.203455116711168671e+00
1.868952572805647971e+00
4.798082616707375792e+00
6.321398918776452547e+00
5.047840435023918992e+00
3.889896562922928069e+00
4.345638532835201850e+00
4.080837863069440630e+00
3.883867473649743385e+00
5.864493397273723652e+00
3.254425232823783265e+00
2.844986936534269706e+00
2.223186437088723544e+00
1.497665174694229107e+00
6.409943526057058527e+00
4.676713862599372717e+00
4.819306878584285414e+00
4.954783111464927892e+00
2.880980192097295500e+00
5.054618010824699859e+00
4.465695021015402055e+00
4.808386929347716610e+00
3.329202026118799562e+00
2.951120728558818129e+00
4.063010152559487054e+00
4.024074204124509890e+00
4.671666648739735805e+00
5.081889744251779639e+00
2.885591468209727672e+00
3.538199528757330903e+00
5.223068307463285542e+00
3.618515492458374005e+00
3.468982316159855639e+00
4.407349250124491746e+00
1.179264044855129479e+00
5.061774477096481206e+00
4.264495563138011924e+00
5.273052586445182932e+00
3.898972105687753764e+00
4.079519854037108040e+00
5.442565946923481945e+00
5.251427053938840572e+00
3.875121491530581164e+00
2.502890376978180065e+00
3.918058906416598930e+00
2.721771365047596980e+00
4.622704789715147200e+00
3.577676250392660240e+00
1.149880737858441471e+00
4.835336786643984475e+00
5.022906515527281179e+00
4.085028623263995406e+00
3.761441870408628319e+00
4.708637026911039136e+00
6.698273536032690600e+00
4.650576174402807794e+00
3.991546535014962593e+00
1.480027952964476867e+00
4.417554506761206312e+00
4.163222777610827485e+00
5.134355676715474104e+00
3.099365815983648798e+00
5.121434755508096792e+00
3.355406075906170127e+00
2.908016047981587082e+00
4.220600420335579805e+00
4.690868044510859036e+00
4.187449422543480182e+00
4.799424631496711058e+00
5.582464266904777261e+00
4.623477591850414292e+00
4.340331538109854392e+00
5.157570778145437629e+00
4.124701467466672433e+00
1.930018615773252177e+00
4.309296554795789547e+00
3.633933531010345774e+00
4.529351737561734481e+00
4.989044892182459279e+00
4.445880406336210733e+00
3.823170126191658191e+00
4.368043131653002398e+00
2.011641899968520164e+00
3.410719131058432385e+00
5.245958867780315948e+00
3.868404079005798302e+00
5.135580538191168998e+00
4.695793711598114761e+00
3.456908850180338000e+00
4.788015113327981354e+00
3.370496037136376355e+00
5.063575390445413049e+00
3.938770581173233865e+00
5.884019911778172407e+00
3.830808305652103396e+00
3.375803547121740245e+00
4.661805665683168343e+00
2.876334497559848824e+00
5.021339419688845673e+00
3.517576625850975525e+00
3.499223827794654795e+00
5.283823883615798245e+00
3.972846633928988513e+00
4.380554457728121243e+00
4.409290873328594706e+00
5.891524979690196062e+00
4.474524146323903828e+00
2.813089013143582395e+00
3.702240512449737952e+00
6.877801123634149638e-01
3.676793565170650258e+00
3.882717424210970769e+00
2.894948224678603133e+00
4.802746873566493768e+00
6.006083364470276464e+00
2.906087579828954937e+00
4.807136657204049257e+00
3.952808147264534888e+00
4.244739382751804513e+00
3.578024332759170534e+00
1.802187523059295637e+00
5.254896942491924072e+00
5.055860281567450265e+00
3.729171311759720275e+00
5.392008086240762665e+00
4.823772796358267279e+00
2.893358738100163308e+00
5.025865161216020560e+00
4.079735170539137812e+00
3.625034253987154287e+00
5.079674960246795656e+00
4.679441914528021940e+00
1.924859040672173283e+00
3.352271894512970807e+00
1.103149418841040896e+00
5.348913794501308772e+00
5.075922850288454136e+00
4.640759418045157680e+00
3.917422875052043896e+00
4.312021881006786295e+00
1.039237448750218507e+00
2.116229886893716827e+00
4.838790268406762074e+00
4.662883899944909594e+00
4.433851693591043031e+00
5.164440171739775209e+00
4.196963318725626557e+00
3.929219024029541707e+00
5.131047497963340476e+00
3.311980922253209503e+00
2.965293164597582187e+00
5.683992695107217052e+00
4.008942945791763357e+00
4.785851645473243821e+00
4.723667163430961047e+00
3.723536635094320424e+00
3.738991699005489000e+00
3.712372743674444031e+00
3.714178045327765076e+00
4.792756676359466894e+00
3.348847676053113176e+00
6.389144941468906325e+00
1.245042140630013616e+00
4.069699422570036695e+00
4.884691388047248672e+00
4.647098270043447776e+00
5.091502251294776293e+00
5.106098800809753868e+00
4.692543964716248794e+00
3.848901284567473269e+00
5.435193665022729270e+00
6.202426773007451821e+00
4.152477418673105269e+00
4.134190060578504244e+00
4.713622844479298912e+00
3.959558154147154507e+00
5.101938816164701684e+00
2.673538798060015598e+00
4.424819846072439944e+00
2.116370599649473050e+00
3.263266691960265309e+00
5.217551016306279266e+00
1.061002707151399216e+00
4.798101315175600234e+00
4.858794029025371941e+00
3.931926639074907914e+00
2.922754611175109929e+00
5.135223806887279530e+00
4.833437526316045840e+00
4.691262716184372294e+00
4.485547769015713726e+00
4.959917241713027281e+00
3.267369474022083331e+00
4.500404688908292705e+00
4.458446675525524761e+00
2.862704824131834247e+00
5.457777310728217479e+00
4.173263341661919590e+00
3.926089565658462011e+00
9.666394375462067368e-01
3.808843668787701642e+00
3.539436956180987526e+00
3.218882681297111858e+00
5.228083172038690662e+00
3.847543105807502251e+00
4.009451630661414079e+00
5.057031368383070991e+00
4.411831224968371323e+00
5.008599720319141468e+00
5.345851635004227553e+00
4.829617594955919913e+00
2.910222657437250948e+00
3.872107581507641783e+00
4.473765185920908216e+00
1.931145417821850563e+00
4.012067795283675409e+00
2.348824693449604428e+00
4.718877272005261858e+00
5.973525427570188562e+00
1.125989289691284201e+00
3.367105593487242032e+00
4.585844657217841736e+00
4.515557891904051324e+00
4.593918342300891133e+00
4.923282991274970932e+00
3.327672583038920884e+00
2.917074487650542114e+00
4.944666682857393525e+00
6.232025571847898071e+00
2.035218908808368088e+00
1.446627905297223737e+00
3.740444127232237737e+00
5.610321095921012358e+00
3.043553895900398043e+00
1.206666248787855000e+00
2.954542408517452312e+00
5.985641365863524577e+00
3.687355408047862770e+00
5.366367192374752904e+00
6.408008795324507290e+00
8.079671482296432172e-01
5.480728726963794983e+00
5.804342198315841195e+00
3.993529345204651193e+00
5.527021997769035799e+00
5.071617764302637887e+00
3.503867844627357897e+00
4.875272633911015951e+00
4.083911833216812504e+00
5.401173901073788031e+00
3.211238455310533535e+00
4.758792137600492467e+00
4.596800594770123816e+00
3.850388525347145929e+00
3.844185378923091534e+00
6.129684562600842490e+00
2.735775133531707759e+00
4.876090167777253903e+00
4.167207675952717238e+00
1.173073526258634258e+00
4.631832354618568459e+00
4.825426564160705034e+00
2.656289214024086576e+00
4.281548657560234616e+00
3.820796786458737770e+00
5.817861912527392931e+00
3.823443256574849070e+00
4.030623132344006265e+00
5.529650098248845680e+00
4.296002699531737967e+00
3.915682795212448220e+00
4.482860033546025136e+00
5.820074949006487586e+00
3.582223574128384325e+00
5.707468258570526309e+00
6.794933633271427631e+00
4.909084439231658159e+00
5.585488872346032529e+00
5.476514085820602062e+00
3.287068494315958933e+00
4.781289174553371879e+00
4.630208653433786736e+00
3.336479090668703851e+00
4.463777135617576164e+00
5.045415121167885708e+00
4.459919466624770124e+00
3.926724156494758589e+00
5.161425630748857074e+00
5.438888693824532439e+00
9.889609179597667055e-01
3.037463082473393250e+00
3.569874666338206382e+00
3.112232650683391721e+00
5.301093443440461961e+00
5.110453991628467918e+00
4.818943005114122435e+00
4.341285588748785784e+00
3.266281867350754098e+00
5.631511494898992609e+00
4.382177934246210604e+00
5.550903505962383910e+00
5.623722216353598924e+00
1.417246329613936595e+00
4.372303538577419602e+00
3.258058612286036215e+00
6.023402644620131419e+00
4.339931462873845902e+00
4.267568847504302987e+00
4.082365408908326998e+00
2.038913313726706367e+00
1.329119472940187840e+00
1.669939729969910358e+00
5.486840146376671612e+00
1.654864916249593421e+00
4.276642733293234855e+00
4.379056799536299671e+00
4.284652000488147650e+00
4.892265500324420202e+00
5.472423797128101342e+00
6.066712780166318986e+00
4.575058729814669434e+00
4.804084113219428964e+00
5.906648651527211413e+00
4.595305508220361546e+00
3.736554573987367345e+00
6.089767262584276253e+00
3.900051489221469936e+00
3.718409287077049985e+00
6.205363139516651749e+00
4.549376498786673828e+00
2.562341431303109207e+00
5.223297164569600248e+00
4.686636548599636853e+00
6.137161555518469314e+00
5.011668908348539730e+00
2.773358019123219442e+00
2.791356238686581559e+00
4.926191012934432401e+00
4.203991699517411362e+00
4.913256685852377181e+00
5.969006175544164350e+00
4.662910375372909755e+00
4.444244931524917064e+00
2.886173279345916054e+00
5.711442068294720897e+00
5.699215545431614238e+00
2.983822115906185068e+00
4.807099077304015644e+00
5.197091578226161523e+00
4.557869421011504940e+00
3.174887906005681160e+00
5.529632904801156101e+00
5.584978437929266626e+00
2.748261955598969131e+00
5.341756863387296939e+00
4.758961842736444403e+00
5.629472654076139726e+00
2.709384766010695778e+00
4.473225451429658328e+00
4.208566207531828418e+00
4.279388578992115555e+00
3.485214193426687590e+00
2.344819338672543996e+00
5.643525205507276432e+00
1.113335963747468460e+00
5.493915419946734602e+00
4.223511363501257776e+00
4.442287788424946093e+00
4.775800801851026733e+00
4.251335516001206294e+00
5.193391546385418778e+00
1.870244200502014786e+00
3.754847318327058758e+00
5.312921557648575543e+00
3.324671209065077182e+00
5.036379556330419227e+00
3.823588416678922020e+00
5.307059647271271885e+00
4.601243467456097136e+00
4.881203408621381357e+00
5.901669970239164620e+00
3.002632878685195461e+00
4.787401043328856964e+00
4.055381817275350187e+00
3.130312593052652748e+00
5.427055935122936603e+00
4.173892243725686235e+00
3.877325788829874664e+00
3.904199457090541614e+00
1.693893954543623792e+00
4.802957441305830244e+00
3.452363098530318641e+00
5.514411782541349893e+00
4.127834551014558429e+00
2.858410620083430498e+00
3.621281716927428285e+00
3.891501334059571438e+00
3.241856293701248504e+00
3.391629263826471785e+00
2.081976746620825658e+00
4.149438869871208801e+00
5.259946105273434647e+00
4.725838652217823288e+00
3.385505495074216942e+00
3.967824884962189547e+00
1.157915178417349811e+00
4.792523131402149694e+00
4.979454721033683029e+00
5.175013385876956917e+00
3.550080524027908080e+00
5.424016283370170832e+00
5.103027453815346171e+00
4.170461039176443840e+00
5.073146317675269579e+00
5.348222787144182533e+00
4.323776814062352258e+00
1.583094555982425655e+00
4.137070872870030946e+00
3.062045145320793083e+00
2.493197498278076907e+00
4.906111270824840886e+00
1.255213316674928636e+00
4.304784075198988980e+00
4.227173749984805440e+00
4.262459321384601374e+00
4.452257267822122166e+00
3.587321632670743554e+00
3.555396196440384848e+00
4.934452158682233858e+00
4.675968741903435699e+00
4.188728214794712912e+00
3.360330252704310183e+00
4.170151380635375382e+00
3.904838030983150077e+00
3.937915964096092125e+00
4.467734780213950430e+00
4.618581947215965045e+00
3.995248124784716470e+00
4.115069415132396102e+00
5.412261056970290696e+00
4.891130646116026881e+00
3.419977385874501952e+00
5.273645033365766288e+00
4.346631170215242257e+00
3.675611933470187331e+00
4.305680533941094623e+00
2.693838327813452782e+00
5.449703241899204187e+00
3.431351490572514873e+00
5.793106670275234293e+00
5.319344665363106017e+00
3.796405759013138148e+00
5.482304333784741246e+00
1.296479974001590652e+00
3.985171037055936338e+00
1.899003974011812090e+00
4.006347460520033543e+00
4.540807520227884808e+00
4.065137715087746351e+00
5.221357186529837158e+00
4.975858392075547698e+00
3.929500727245425207e+00
4.808235182026406207e+00
3.368635060772596113e+00
4.405358229745530707e+00
5.269245021460929657e+00
5.785051980142520200e+00
3.211584582734174909e+00
3.256424495044961898e+00
3.307192066771113215e+00
1.113342535696819624e+00
3.593719880110839870e+00
3.862274601235652582e+00
5.573799058705342091e+00
4.566145889703120631e+00
2.494850491777527157e+00
3.843162340457661141e+00
6.478288208263827563e+00
3.890944306340750281e+00
2.948367052435509006e+00
5.997478463721282793e+00
1.303580571038886804e+00
3.424540320104635605e+00
3.758443217034072248e+00
4.172129146167703695e+00
4.208250162792444904e+00
4.266116315761965261e+00
3.354535870951386389e+00
2.551000333482934757e+00
4.177060681592115188e+00
5.010259102117720076e+00
4.793109940833351068e+00
3.637343634033292084e+00
4.583500219245087770e+00
3.405860468902771387e+00
4.838577508828050711e+00
4.920542139817648319e+00
4.558836990353435148e+00
4.089396803387462143e+00
6.547454895037231104e+00
3.636785433209440921e+00
2.521291953224952032e+00
5.219628240270531627e+00
3.639583003835872521e+00
4.178861033810195913e+00
4.364774361318362494e+00
4.774356078619026889e+00
3.856319117795842022e+00
2.732624613849709228e+00
4.975328944307441326e+00
4.770521783596579191e+00
4.651648213632394224e+00
5.986650055113387658e+00
3.823898231197186082e+00
5.503117486807672876e+00
3.110879344777720767e+00
3.426235232522952590e+00
5.275056444699648850e+00
3.107698467107698370e+00
5.299408278051776833e+00
3.270799613212678203e+00
5.110025657143597577e+00
4.652339901020725144e+00
3.283863598815676799e+00
4.408716155039511086e+00
5.509223156512668140e+00
4.458256025962844760e+00
3.852363985461506157e+00
2.306794853963811232e+00
6.220005437978369578e+00
1.336885734897671041e+00
3.754516862500956176e+00
4.679830328483507884e+00
4.122599664992419477e+00
3.018415863409607880e+00
4.052197399576946246e+00
5.141857421416216489e+00
3.325261604165722140e+00
4.196743867877017031e+00
4.525753760320859520e+00
4.925631237776196159e+00
5.975601569839568583e+00
4.659689547987304614e+00
5.368895157751518710e+00
4.939473528159015636e+00
5.158313330380673634e+00
3.847283307140089370e+00
2.889151341612262947e+00
1.886167429984653143e+00
4.811359021581548490e+00
3.892052443362758574e+00
5.159049814157381064e+00
3.396390503390529503e+00
4.689931819448606376e+00
4.522951615977584439e+00
4.770233365906736189e+00
4.604281005951470718e+00
3.967245129790434088e+00
4.148417129937646664e+00
2.400562572491990121e+00
5.043741582804965873e+00
4.802188689145190814e+00
4.542923958206875668e+00
3.842537607953190548e+00
4.083029057423799735e+00
4.130515379995588710e+00
5.023961714395577260e+00
5.445401954177244264e+00
3.412130405377698406e+00
4.488283397706857691e+00
4.153112660325430916e+00
5.583643217334671505e+00
4.712571792951571581e+00
1.776131522543379138e+00
5.395492916433823005e+00
5.250202951869801460e+00
2.846735032132206467e+00
3.077649520045420584e+00
3.267235985543397447e+00
4.063430264837354144e+00
3.386413592087083479e+00
4.105354198034475210e+00
4.040302853662312899e+00
2.930348483867267539e+00
2.279014597615699245e+00
4.815571186779592949e+00
5.627771561593910121e+00
4.186195132171197208e+00
4.964165311462950925e+00
5.350624082937676995e+00
4.952227716421565340e+00
4.835460339140289499e+00
5.635835560762068042e+00
4.168740272097339883e+00
3.183838095750542774e+00
4.899357364404029802e+00
5.508032096916497089e+00
3.745413783075653313e+00
4.253307823902368945e+00
5.741670782496552938e+00
3.857205162259158993e+00
8.457286124426087737e-01
1.117797684464301389e+00
4.834723131371347904e+00
5.728190032647285435e+00
3.776464579423167933e+00
3.619159675675342580e+00
4.828505983149695702e+00
3.029551506871992483e+00
4.833541119016720344e+00
4.332922940100470299e+00
5.079478192218330079e+00
5.293781093955214345e+00
3.622248175430044181e+00
3.927992705233647630e+00
5.011113174344462351e+00
5.259942979920798400e+00
4.184009008473311475e+00
3.115451010728658598e+00
4.618481602667712238e+00
4.079905227690839631e+00
5.411643597231838854e+00
4.639757513414303425e+00
1.588903818799636047e+00
4.270941967166967501e+00
4.430230027422698669e+00
4.486776434647514300e+00
5.511341417166097933e+00
4.284479113125588157e+00
5.015775176120780721e+00
2.988593259265642565e+00
1.333963792970252138e+00
1.923039418748752727e+00
7.111237571538695512e+00
2.534700874460854791e+00
3.852123239200473392e+00
4.998209856615627444e+00
3.731550337031197095e+00
5.177904102736119896e+00
3.568302552669353478e+00
4.126959232598036209e+00
3.492785774192082027e+00
3.331697604388073053e+00
4.531022444104768176e+00
5.044866250351899950e+00
4.553549298490642272e+00
5.094017097765563662e+00
5.554274229815469255e+00
5.210923957222518332e+00
4.135181437034390228e+00
5.072212750824310667e+00
4.401419485623270234e+00
3.928014601164738551e+00
4.309499640013512156e+00
4.798010654167130795e+00
4.292175676679668150e+00
5.408147130678824688e+00
4.481090304243204869e+00
4.463059913614478624e+00
3.514252820794347532e+00
4.723154531218406227e+00
4.520816079998854597e+00
3.220843997232027522e+00
3.758014639627639486e+00
3.809452461562173209e+00
3.164761957874261178e+00
3.752043750337772376e+00
3.456317465008431622e+00
5.675925197180958115e+00
5.080299243356354744e+00
5.024175193920213722e+00
4.484246751192727309e+00
3.866718920347638200e+00
5.440820898570133402e+00
4.454687562588357963e+00
3.602979052897079093e+00
5.791974314902309295e+00
4.735171825639651111e+00
3.767964826405397094e+00
5.328299339159205950e+00
5.617530722779460639e+00
1.896181838978998613e+00
5.032811729626903485e+00
4.440302261130756101e+00
4.869292616315070710e+00
1.113707710393166517e+00
4.326267750415595081e+00
4.221193280729315767e+00
4.852802551149348886e+00
4.832502124833193413e+00
3.965125198472272849e+00
3.849409565460508720e+00
5.361567162485568971e+00
4.511509241679826587e+00
4.512552984142025991e+00
5.551449842878646734e+00
5.090436712330638436e+00
4.758908915504204806e+00
3.868972673080600000e+00
5.287230346983244900e+00
2.908482473484160558e+00
3.661721610768135626e+00
4.373584738634871627e+00
4.718582682769183023e+00
4.687224001096821802e+00
4.463525794131978586e+00
4.498190812775508363e+00
5.451564441400525318e+00
5.038156805990428033e+00
4.138513517151553245e+00
5.231790815009093265e+00
3.856299813523887732e+00
5.034464232306939735e+00
5.487070759466724290e+00
4.593771856948052346e+00
3.463005118494636214e+00
4.779077491013707935e+00
5.884765438796588199e+00
5.014641241983636810e+00
4.321459829384433071e+00
3.708298153839491906e+00
9.275521028145617963e-01
4.442565112807121963e+00
4.874276446814674202e+00
4.972940634339933830e+00
5.345151010177273676e+00
3.247327108962581033e+00
4.087532073439501090e+00
4.828405596725158233e+00
4.493054409335583976e+00
3.847080010223043356e+00
3.905754472609391126e+00
4.627586328751403855e+00
4.736780771440930238e+00
3.738831015794758184e+00
4.674682263065160548e+00
3.653801096386129821e+00
5.567124258106589174e+00
5.852476717100126180e+00
4.827558552414616955e+00
2.264235506110016782e+00
4.200455486147201434e+00
3.269929922247119425e+00
3.260037093264969599e+00
4.215949096361351955e+00
2.885326466583812977e+00
4.334208526561086572e+00
4.615287227162158779e+00
5.326217736862790986e+00
4.532068452074517140e+00
4.655774598087114136e+00
4.324808950723549650e+00
5.778654944766772328e-01
3.802656311147690982e+00
3.380471410143414346e+00
4.636184847432121003e+00
1.937209775416141255e+00
4.148064930267532091e+00
3.192761284378383024e+00
4.554650981893918704e+00
3.377414865306912706e+00
3.779559303320094710e+00
4.185833192993516860e+00
3.180564748412622933e+00
1.544552345902599377e+00
1.539829644940583941e+00
4.057936179694227263e+00
3.390786207017170373e+00
5.091700075707007223e+00
3.302447268555797066e+00
4.188700755064441061e+00
5.192411776420352787e+00
3.356570887690564220e+00
2.609969240698255089e+00
3.370063791498477013e+00
1.201348046027309824e+00
3.910584241847404829e+00
4.219809936105133552e+00
3.847377450453099978e+00
5.061915707207051973e+00
3.836949667862299407e+00
3.901138435744003097e+00
4.911381322465694588e+00
1.737128615294259326e+00
4.268262253375555204e+00
3.492934346262837053e+00
4.525308744095912772e+00
3.513948659568685073e+00
3.234804407435685203e+00
5.000045553607010973e+00
3.293831129857888396e+00
5.933959180127407862e+00
3.688740747936840148e+00
2.228537806414452316e+00
4.403950155263108179e+00
4.772225827281618038e+00
3.686947072195636554e+00
5.415957789142604284e+00
4.140352069113272471e+00
5.088170100303548438e+00
3.376952295617697164e+00
5.226435745189538018e+00
3.803468977861722777e+00
3.146816138776898697e+00
3.353545554478456925e+00
3.644643164010185732e+00
2.997132098883330098e+00
3.302073785065172018e+00
3.940153279172755596e+00
2.963512216036663371e+00
3.430706464749917028e+00
3.344067099383841946e+00
3.625303978640810332e+00
4.619997743371127896e+00
2.874680003407072082e+00
3.484910571154050452e+00
6.134381846479641354e+00
3.058940826035809746e+00
4.091845175599698514e+00
2.582451872806292403e+00
4.324716956683846369e+00
4.375744015594349889e+00
3.137509573721469103e+00
4.350440628562505907e+00
2.882572168164704962e+00
5.195045955945872151e+00
4.370882017011929577e+00
3.753210812785598982e+00
4.747477978234888596e+00
4.928651702018140845e+00
2.973255116775926687e+00
3.923107326356323643e+00
3.399442444641417982e+00
3.812241757720124635e+00
3.693140381001030814e+00
3.663848362941489079e+00
3.224133043107121566e+00
3.452408998177118438e+00
2.914166589472913849e+00
3.916784516980395647e+00
2.733091449216648705e+00
3.412324810638252437e+00
5.323883429237657339e+00
3.615680577176375365e+00
3.909985237512755507e+00
4.678063182946863741e+00
4.372177206752093426e+00
3.745567811035122041e+00
2.980911038975273541e+00
3.717849050084877760e+00
3.533261081840667561e+00
4.333914318683137701e+00
3.676833129776964526e+00
3.803136413356803303e+00
3.544131057014334285e+00
5.587267722828075378e+00
4.095914499548773513e+00
3.181127901435074623e+00
4.670268095501288741e+00
4.268868032980522642e+00
4.952524057166094451e+00
5.030147358226506604e+00
3.035371204416720481e+00
3.200417163272406551e+00
2.618979070970313572e+00
5.264227521750252770e+00
2.744972841901507365e+00
3.928625486488417806e+00
2.446956676711841361e+00
3.678237851178925322e+00
4.697402399343909352e+00
4.537130139239579307e+00
3.952896880474177976e+00
4.931867573646920633e+00
3.234377533442017061e+00
4.255126254292802557e+00
4.086370042770948174e+00
3.384234910123146811e+00
3.973864511405765132e+00
4.554649893850338138e+00
3.645727973054308624e+00
3.149085865220432545e+00
1.278766679229867975e+00
3.859748767389024060e+00
4.177404989960126436e+00
1.101400379713695310e+00
2.879868597731500390e+00
2.640764092914121175e+00
3.748686872301350892e+00
4.658710165241715551e+00
3.415265592465471123e+00
2.352472674959244170e+00
5.432565405070550746e+00
4.379646450970780869e+00
2.877049395438067148e+00
4.650777380625958024e+00
3.262635738656722406e+00
3.465141076511859097e+00
4.745506835674706991e+00
3.350554557070456241e+00
3.170479365886225587e+00
4.441182215697847546e+00
4.555889961827237933e+00
3.531147356489448441e+00
2.120087720305471990e+00
3.992868627631114276e+00
3.581600622307246073e+00
4.264789135562802258e+00
3.446781825626362927e+00
3.237501514677651571e+00
4.617864904888600464e+00
3.412603529061115637e+00
2.883032389662449457e+00
1.254920107622063963e+00
4.672443687749143315e+00
4.613019255414074316e+00
3.731846225553328900e+00
2.896355285239322175e+00
4.518722863104624565e+00
4.154374185070050629e+00
5.777449089807054072e+00
4.956324082789716812e+00
4.575769289320480659e+00
3.851151897414315073e+00
4.753646612057425891e+00
5.223695685531711597e+00
4.823447217311897184e+00
5.081413543077058392e+00
4.920606183526629707e+00
3.696749999868571557e+00
5.104468464128311567e+00
4.472740799124428790e+00
3.854559542196664967e+00
4.802688594778017794e+00
5.024735542860735649e+00
3.302596186990862659e+00
3.180909570763486016e+00
6.571992464238080700e+00
4.566481552341049799e+00
1.981961761980610248e+00
4.426149135723981942e+00
3.227047408407604401e+00
5.517815869862796596e+00
1.951454355926342199e+00
3.663082946473934509e+00
4.465077566270249321e+00
5.425914940050346580e+00
5.871116812860027068e+00
2.404038454120439816e+00
4.780995041468359297e+00
5.513727309763488016e+00
2.939263338737349240e+00
1.928523628010850199e+00
1.153176734702578754e+00
3.223675753027690494e+00
2.929515173167756004e+00
3.091865245814642726e+00
4.733453798278023150e+00
3.744358703911453201e+00
3.731136636231587644e+00
3.030632064869430042e+00
4.081571367229098080e+00
5.833820787243848116e+00
4.095681773381259383e+00
3.038969647660424656e+00
4.038103872511246806e+00
4.920832577399115060e+00
3.505981450011594003e+00
2.749421638358896747e+00
5.139452996943287388e+00
5.237383503576259258e+00
4.798579590701499420e+00
3.313607627762289454e+00
4.166253764666147497e+00
4.536637209895479472e+00
1.943103541348622620e+00
2.741976273758372606e+00
3.538875422674956805e+00
3.126180033848589002e+00
3.862003485346790388e+00
4.249250436591960778e+00
4.161727571161208949e+00
3.249680759123602325e+00
3.665095944618848911e+00
3.781643326356942669e+00
4.881168380565686249e+00
4.721439175107450481e+00
3.668128325989337135e+00
3.337571904690495472e+00
4.801535127652292623e+00
2.907734702771288759e+00
2.566999449297231894e+00
5.406719901347317503e+00
3.670257772622285586e+00
4.034414556241050498e+00
3.805790661617590498e+00
3.865242599357294306e+00
1.942451942222525263e+00
4.009062044309346540e+00
4.423701373700106743e+00
4.553985547760388108e+00
3.714938723510690988e+00
2.981120168784578528e+00
2.853072747510887464e+00
4.387985068437652458e+00
3.579434318724310060e+00
3.626131758170529462e+00
2.084020992623629276e+00
5.168287249589174515e+00
4.191252162695322525e+00
4.844061244119176379e+00
4.420767793559447156e+00
2.792255378918526709e+00
3.779514448620784783e+00
3.905487962273660241e+00
2.725554189297273222e+00
3.209270828030878597e+00
3.868268638396436643e+00
5.180320234624637088e+00
5.529632325126087267e+00
3.924542707960402832e-01
3.329211034064507135e+00
4.300935983623435988e+00
3.938441377794682285e+00
4.510648596863283011e+00
4.757480431063642712e+00
3.551390749986936601e+00
4.528547483047416833e+00
4.012780216655207788e+00
3.222761221321319258e+00
5.213793260729439716e+00
3.707491864769233203e+00
3.296767419839957469e+00
4.629538831056247972e+00
3.319587466776759310e+00
2.656743673647075532e+00
5.408098497471097055e+00
4.079087138078678620e+00
2.953025305064159500e+00
5.237620429511880005e+00
4.226734972742099750e+00
3.465463824301366014e+00
2.910542631191639806e+00
3.653659409126979618e+00
3.752919561349123523e+00
5.485360671166378488e+00
3.660183165444347075e+00
4.104786616018070156e+00
3.453748745453419033e+00
3.865436537922858129e+00
3.727046207463607708e+00
5.550014588836343243e+00
5.332960454583802523e+00
4.350078207992154944e+00
4.247364450861958574e+00
5.523252889404005828e+00
4.682027696377908832e+00
3.552650454532802371e+00
3.539779132605765710e+00
4.903771690008972506e+00
4.567190245456771436e+00
3.327612901633262066e+00
4.506328783414127237e+00
2.916029400372858849e+00
4.042814004959204510e+00
3.124783671732795920e+00
2.707356814826091806e+00
4.330723602959376528e+00
5.272671912267336225e+00
3.325454812700995966e+00
3.158238103668744579e+00
5.832947869280714848e+00
3.195449613244361942e+00
2.307272202522745896e+00
5.553865638494483115e+00
4.321811469547503393e+00
4.338016986727873281e+00
3.843464650526867032e+00
4.478451802608429233e+00
4.187950582268140209e+00
3.494828823743695079e+00
1.627847213298671214e+00
4.446674834179349389e+00
5.009176855186177058e+00
2.897123020640493429e+00
4.538683291352437088e+00
5.391666368256826658e+00
4.419539191501566933e+00
4.433676136249935951e+00
2.887855620231548404e+00
4.012245067494892292e-01
5.530853372698477877e+00
3.953021678054482457e+00
3.555155670731563688e+00
5.275474721092075825e+00
3.812419530233766896e+00
3.991636835063029576e+00
5.341901505446860376e+00
3.763615468330411495e+00
3.938092912313630123e+00
5.657373619390402730e+00
4.481553281528934285e+00
4.500357899371527637e+00
5.103956177054469912e+00
4.452700898081624281e+00
3.573211606836791177e+00
4.142888602093495187e+00
4.021077959126551526e+00
3.706886241846058638e+00
4.821645505497118123e+00
4.643312003333806004e+00
3.474308030057844388e+00
5.655164081345936289e+00
4.299968779515610073e+00
4.311322946487238461e+00
5.157943611546238039e+00
5.160316636703019100e+00
4.097260976700680679e+00
3.740116686658651268e+00
4.426961325581321383e+00
3.550734997287647410e+00
4.735666486959804189e+00
4.121201866769800937e+00
3.739552371027611954e+00
5.071030591322918113e+00
4.798403524889786276e+00
5.388174085030851934e+00
2.888662649460611132e+00
1.275992694281729900e+00
2.328097601328775301e+00
4.147512599712880110e+00
5.831194299555369831e+00
3.771542549283500190e+00
4.436296892222434174e+00
5.926940976591477117e+00
3.723845401672105648e+00
5.569708752877030378e+00
3.654550368043737674e+00
2.030628624814630356e+00
2.919630487147378606e+00
4.962453442897107436e+00
3.971525174513808931e+00
5.091435610915596044e+00
3.242006274262855481e+00
4.362567460917389894e+00
4.338185688701299725e+00
5.431502314978300383e+00
4.847044718298668009e+00
1.830094969989248144e+00
3.959753325523407863e+00
4.275896895354740934e+00
6.196901413353834265e+00
4.597319259507595568e+00
3.820609636321313118e+00
5.192440750620637147e+00
1.100625382047678347e+00
4.628654881435688040e+00
4.564589235048040372e+00
3.649337058026342007e+00
2.760209659192903953e+00
4.938965904589238676e+00
4.433972380579331407e+00
5.530195975473948700e+00
4.235486212252700611e+00
3.798957398152199794e+00
5.837013978183915874e+00
5.190707075036375961e+00
4.008957091313331667e+00
4.339925693633652770e+00
4.147227119564591113e+00
5.285582690848485754e+00
3.678330434793571246e+00
5.545777423139259810e+00
4.739544311573275159e+00
5.398145255856150015e+00
4.949181000188996649e+00
3.932331023850803131e+00
3.582008364460382399e+00
4.470185692267019562e+00
2.936053647367840913e+00
5.320695626643356491e+00
3.632914114785096960e+00
5.460768553405497272e+00
5.549127112088080516e+00
4.191448954175765351e+00
4.108135657007207620e+00
5.477238385389034292e+00
3.754887880231008612e+00
5.323001966549482766e+00
6.024365766794113952e+00
1.045690152158684105e+00
3.875688501063890623e+00
5.417243542082983865e+00
5.379284075319420211e+00
3.835802539391670596e+00
4.787840825592417637e+00
5.452546003982276623e+00
5.224856190044323334e+00
4.022757173168175271e+00
5.446796125102576269e+00
5.380408359966367016e+00
2.808735680245524780e+00
3.674088196652899541e+00
4.386468196984464996e+00
4.971217219781480345e+00
4.192416247550307951e+00
2.829343519843035448e+00
6.145137551501027140e+00
3.301609559687553652e+00
4.139528463473816977e+00
2.620106730936513806e+00
5.416793162599625511e+00
3.661150474219555306e+00
4.610911193668624897e+00
5.071653313820242204e+00
5.463076518129031278e+00
5.198862193995111625e+00
3.443437442532064630e+00
4.703339389155898331e+00
4.575610684586497001e+00
4.493222044131011117e+00
4.846514081441610777e+00
3.441604604589258987e+00
3.071685187708458997e+00
5.172994274140764404e+00
5.131195600295887616e+00
2.998108047357561201e+00
4.279747490584905556e+00
4.139766215569753882e+00
4.495740509275719887e+00
6.089176850607672442e+00
4.489536873351536173e+00
5.684985521567219813e+00
1.257436661031664960e+00
3.868291370116954120e+00
4.408260687794514077e+00
2.932524069174562875e+00
3.171560570278425750e+00
4.136081320450168519e+00
4.280418118564382368e+00
2.777623250686953149e+00
7.751953323314071387e-01
4.182378593867005279e+00
5.167304109732339334e+00
4.016685366323925699e+00
2.929860704398039140e+00
2.966666008841789548e+00
2.511258123946763288e+00
6.141282122607319316e+00
4.290621564027371271e+00
3.925011853672429663e+00
5.116154584100240044e+00
3.542026408759441303e+00
3.897906239979580523e+00
2.429464709058825278e+00
3.280552141836083013e+00
4.206801060650720459e+00
3.110689436522822149e+00
2.444636113249054166e+00
4.098217666586855934e+00
4.787522762968033696e+00
4.300541119855972205e+00
4.461249161169277500e+00
3.188656452525136853e+00
5.731897254814408704e+00
2.754887409943299392e+00
5.735265056242905501e+00
4.159627780372366246e+00
4.924572550687845940e+00
5.613642107232347911e+00
5.236694217698663500e+00
4.108221890906647467e+00
4.295375251664995453e+00
5.197679322726089346e+00
5.642473347282184193e+00
4.469766127533522315e+00
3.976266461052319290e+00
4.738127133851040895e+00
3.477238807372235119e+00
4.451910668603446197e+00
4.949324234006298617e+00
3.090949279813525408e+00
2.890993480015685346e+00
5.024035387667439068e+00
3.531751026954336403e+00
2.989283140549256146e+00
5.489515507875966094e+00
4.060130921245823643e+00
5.115866354532033533e+00
4.626274869101955289e+00
4.070698078984294810e+00
3.327934711982186933e+00
4.251510906037237802e+00
5.049977305688551965e+00
3.271095707432244204e+00
3.649158375911176311e+00
2.977813787267136636e+00
4.607116924428977356e+00
5.933617138029245730e+00
4.107318734433923701e+00
3.826457175051810822e+00
6.157490615053340832e+00
1.893940773786708887e+00
4.139959482530202628e+00
4.004616881723995547e+00
6.613245197144394183e+00
3.789186749637009743e+00
4.850663345009258443e+00
4.485300154668657946e+00
4.919009358470976423e+00
4.652572072489519428e+00
3.775106535844932054e+00
4.683045377184956060e+00
4.495346619838501034e+00
4.561377891709746280e+00
3.603820428788154118e+00
4.647395847759860921e+00
5.347886764491805778e+00
3.948508873031005617e+00
4.030046907632690356e+00
3.583784301970256436e+00
4.831479583901335140e+00
4.191369213671512384e+00
3.997997650986465867e+00
1.089259099837698086e+00
5.345641476777334589e+00
6.186208530037331954e+00
2.414186800867543337e+00
5.594768277390977040e+00
4.272354200919032507e+00
4.466951655431616430e+00
1.218733441350329016e+00
4.340094419589894059e+00
5.094694724420707033e+00
5.242874274775741306e+00
4.083007678172993593e+00
4.075267471185007651e+00
5.254097090254470359e+00
3.812641796247203452e+00
4.919250933456789099e+00
3.727465425881897776e+00
4.270013133160378338e+00
3.617477392065479247e+00
5.119351986730086068e+00
3.185528320738644670e+00
1.018479683773017230e+00
5.891344727284260507e+00
5.118283797912979161e+00
5.547768527071869293e+00
4.805925979815685700e+00
4.179180503301609839e+00
3.595647442258935733e+00
3.836736342460128402e+00
4.517519810557186766e+00
3.919226574374068406e+00
4.592588425854295942e+00
5.653198213124092320e+00
4.855569959417938897e+00
3.738358556566480750e+00
5.588608643113613716e+00
3.640446557747998746e+00
4.151040866338259860e+00
5.249866705124181188e+00
3.765801788069384148e+00
3.089564831353857066e+00
4.572581382121353677e+00
3.141829565116776912e+00
5.328347435089875184e+00
3.753077209020267979e+00
3.699241858041474984e+00
4.556737871509731086e+00
4.239438103861995266e+00
4.490449387681837656e+00
5.152587902994248736e+00
4.860448004585406601e+00
3.529381099515141340e+00
3.297233946490831347e+00
3.441904911202044115e+00
5.202091721726469054e+00
3.693843281454026517e+00
3.977378135265576375e+00
6.010295843205858191e+00
4.171628401027130728e+00
5.762471787456396655e+00
5.197124398412134916e+00
5.239756011525651402e+00
3.932625084812213956e+00
5.201179742579426168e+00
5.309018530059150809e-01
5.018611263778483433e+00
4.898500427734254536e+00
3.857485715377473756e+00
3.338502827333351242e+00
5.456505312280753195e+00
5.097176132736953136e+00
3.759880477088093365e+00
5.528640940685662919e+00
3.044279520400363204e+00
3.607983145969269945e+00
3.677040317389386193e+00
3.514876426788371866e+00
3.378962344563081643e+00
3.844502558791267788e+00
5.369790607350203970e+00
5.220508886010986949e+00
2.492355946509579034e+00
4.522933632014074057e+00
2.549869408453273145e+00
4.290059637344237231e+00
4.931195587773085087e+00
4.056239986215032012e+00
2.456450657122951409e+00
3.718297268327955152e+00
3.695918890667989398e+00
4.671643374455968001e+00
2.937670325839935703e+00
5.621380996262331564e+00
5.378125791784744258e+00
4.262184296527497196e+00
5.313588361117358438e+00
2.358310775822591854e+00
4.224026837865127781e+00
4.999278940514599867e+00
4.405462178248052751e+00
5.175880687348373144e+00
4.253926109732575789e+00
5.655181797794659460e+00
2.564745949433361982e+00
4.425474284216130094e+00
4.778214834434851177e+00
4.963350872456619101e+00
3.846851832528833004e+00
5.187303131397853484e+00
5.431454768780125342e+00
4.585089931893040038e+00
5.110804616552928614e+00
8.524631196892126228e-01
3.134372143338051586e+00
3.515625679532230929e+00
2.828901184922709255e+00
5.565683142572457776e+00
2.555715371089314569e+00
2.960595250095132691e+00
5.748419193009598693e+00
4.291156102990507648e+00
4.736861805896845468e+00
3.526384611172524330e+00
6.326426139133140225e+00
3.682863577454565274e+00
5.359060842328771557e+00
5.442223458642280853e+00
4.074112969751187308e+00
3.390469769729427263e+00
5.529503474259044538e+00
3.344034434713361925e+00
4.551844893611399101e+00
4.688808415187188494e+00
4.565995034935303565e+00
5.329122757065284155e+00
5.251489693975911699e+00
4.362390886763051867e+00
3.091211110054109312e+00
5.071292670168210392e+00
4.652641716992371279e+00
3.696990620943373607e+00
4.626009194102027600e+00
3.142748556693818696e+00
5.483940651643547604e+00
4.161734514822742703e+00
3.672662443142512334e+00
5.116278822207010357e+00
3.785183933413636126e+00
4.219601549757427961e+00
5.462797245586351380e+00
4.016365571443507143e+00
4.514603116769388080e+00
5.551822234736074613e+00
5.309622456791815992e+00
4.042379526448587335e+00
5.087605527277500705e+00
4.362971915772118514e+00
4.733353480892915854e+00
2.566340749628468920e+00
5.445251058929645005e+00
5.704004295215485243e+00
3.938392138334428250e+00
3.451739528747927555e+00
5.914270339174215074e+00
5.173622601322333203e+00
5.176933051069030789e+00
5.571136375792971052e+00
3.744963864572947276e+00
4.415592734216288839e+00
5.304760759468042153e+00
3.608167983511994414e+00
4.164656342478001427e+00
4.723697881676761412e+00
2.445396100623174362e+00
5.053210103023663358e+00
3.529257780272057499e+00
4.996599914155386735e+00
5.340800935341918354e+00
6.340812147292204770e+00
5.553638012540818458e+00
5.308576858911193241e+00
4.797099252236376010e+00
1.065117203642386823e+00
4.483962272508832392e+00
4.179205208832614815e+00
4.610543963707359083e+00
5.482648071393783518e+00
3.657204184436512850e+00
3.608443709447232806e+00
4.805151464283695439e+00
6.182822269750212207e+00
4.256410969830757729e+00
3.676793751868558946e+00
3.516209987543566839e+00
5.381744900681267652e+00
4.137056852335426527e+00
4.315128705087250438e+00
3.718510177966549701e+00
5.490782761059077366e+00
5.405791271955140864e+00
5.126803097273289644e+00
3.202118936826083395e+00
4.737017484129191658e+00
2.876445972825898867e+00
4.859333435431936188e+00
4.805383514736992545e+00
3.553488091751220157e+00
3.340255260684864336e+00
3.286294465577385360e+00
3.575308639313825143e+00
4.104006101498237413e+00
2.774864154375032754e+00
7.853764298810603783e-01
5.999342522982730408e+00
3.143192310878998086e+00
3.791979291413914321e+00
4.079617462111272630e+00
3.399298802675997155e+00
4.063552226210140894e+00
1.932299190852346360e+00
3.786313368660823464e+00
4.604888086449701490e+00
6.092175483507200617e+00
4.707701450249732744e+00
2.956745437432287016e+00
5.709338446860002136e+00
3.678996297680259708e+00
4.160041104967171499e+00
4.601720784022925059e+00
4.983815614131499316e+00
4.664100832739825009e+00
4.409364365097220073e+00
3.934860079298797775e+00
1.096335126574327301e+00
3.583424491652429378e+00
5.559751079391292983e+00
4.063258426950655533e+00
5.422334482217197937e+00
5.532171550078401445e+00
4.984472797884658135e+00
1.188389564695096601e+00
4.068608173872891420e+00
4.782349043402323474e+00
4.870670098955513616e+00
4.823476549387322621e+00
8.931882454923066872e-01
3.013426932730602470e+00
3.486000660320889732e+00
2.604598857611683638e+00
4.890860727055061474e+00
4.862162555447916645e+00
4.510864064843238985e+00
1.181635553012595485e+00
4.678319988063180723e+00
3.435193881295202534e+00
9.027071385828826511e-01
5.311333638820880054e+00
4.259844378174082458e+00
4.898249989715006691e+00
1.532196921060153372e+00
5.407233743672487769e+00
3.690089335000393156e+00
4.108292876540823535e+00
4.962338984852034507e+00
6.206195164352732441e+00
4.068430147182611201e+00
5.174801733645577606e+00
4.608158459449830602e+00
2.889536806288859783e+00
2.895055476771387859e+00
4.232467758708004624e+00
5.348039890362656479e+00
2.830139565530747081e+00
5.822643822352601362e+00
2.720803559762356549e+00
4.804425298452283499e+00
5.314679028647290693e+00
4.283923515655539305e+00
2.897399487374185068e+00
4.638338424338299681e+00
5.018203729622319642e+00
4.454877472262961824e+00
2.463716103212320707e+00
4.252472686452253292e+00
6.230528737547181173e+00
3.869793459234542432e+00
3.364919403206380721e+00
6.657429038647330266e+00
2.579859688891550373e+00
3.852150955644040309e+00
5.237759434366246580e+00
4.921153024275168875e+00
3.733486313150643277e+00
3.430076134895259976e+00
3.873558367825164162e+00
4.479449273185352354e+00
3.174701804937062555e+00
4.902005343810532878e+00
5.349599969989213832e+00
4.185970534158017564e+00
5.072857190275917638e+00
3.880907717434349369e+00
4.613734432694188925e+00
2.721710550364549341e+00
3.451770484668163608e+00
4.045871796015107158e+00
3.162168675371436422e+00
4.304588413330725949e+00
3.955694338254662767e+00
3.519024211771908384e+00
4.400439225605810578e-01
6.280035610331367479e+00
2.244194180100345992e+00
3.466601916311562892e+00
5.160029476493368961e+00
4.187312508188793636e+00
3.771098494247058230e+00
4.694451011093803139e+00
4.417131189434412519e+00
5.195628278527076205e+00
3.940602279904697358e+00
4.775078575724864827e+00
4.496491534104063881e+00
4.536830487364839293e+00
4.284551100649222732e+00
3.593947552236188780e+00
4.138771869853333563e+00
3.955504265595197744e+00
3.623758510832743251e+00
5.778323117315454560e+00
1.694494418046456952e+00
4.779467248325962814e+00
4.669570200071046173e+00
5.042349355154745361e+00
4.882918431912446344e+00
4.489542352010135851e+00
3.986831663589867958e+00
1.088732253987670262e+00
6.016326891990266823e+00
3.464491400922605546e+00
5.481428302185207713e+00
5.541901763030018913e+00
2.707803819722556238e+00
1.756960081389385309e+00
4.703915570754974240e+00
5.641748378492977167e+00
4.970069892192123362e+00
5.294579643727940876e+00
3.442551423064483362e+00
4.067199354170894843e+00
5.837337839039464349e+00
5.872230384823592608e+00
4.986531628659459869e+00
1.921294771765121867e+00
6.189430468491309512e+00
4.698208314955634179e+00
4.884747736054445788e+00
5.372472490366411613e+00
5.264508528075581673e+00
4.851863029887733880e+00
3.832289479281049793e+00
5.231429043630635434e+00
3.836754174546825880e+00
5.857232626495377126e+00
4.144934953007601841e+00
3.549947942031272508e+00
4.779861003920053975e+00
6.188304122237586746e+00
5.080962848016705280e+00
5.206429100052863745e+00
4.203268400772629754e+00
1.548952210443595989e+00
4.657189233818423979e+00
5.113973908016135717e+00
1.114295005737260480e+00
4.614775384420146231e+00
3.475703274058004499e+00
5.689600210367688149e+00
2.885760619577861785e+00
2.907493613543028044e+00
4.042845660225000692e+00
3.281358058427054303e+00
3.543045234775612951e+00
2.850495739189751632e+00
3.982216281077848308e+00
5.419088108748813859e+00
2.820677357008985808e+00
5.981660968585146954e+00
3.965047853636529229e+00
4.428469676071209449e+00
4.154995147760693897e+00
4.788781090654313566e+00
3.610178635259802427e+00
4.291800011372942869e+00
4.310386364367576384e+00
5.303390674236326596e+00
5.377038127146033908e+00
1.413083984248402869e+00
3.766455483147504779e+00
4.875477531842521195e+00
3.664884423463239838e+00
4.484837588316100465e+00
3.470611174977174862e+00
4.223132226126958599e+00
4.579044159114940449e+00
5.702368235386798823e+00
5.904823889567156314e+00
4.335739709076231740e+00
3.196463574500515215e+00
4.093967157124685841e+00
5.203720901825547251e+00
4.302855066785727267e+00
5.500817275703878018e+00
4.430965054996518937e+00
4.107194961230468344e+00
5.619978019554416448e+00
1.875251575720479735e+00
3.771309300250133667e+00
4.624137394179606453e+00
4.464084732149283141e+00
4.092566456555909227e+00
5.381611578974821342e+00
5.760880506413307955e+00
3.659965124176737472e+00
5.056376262997315685e+00
3.799508970334487756e+00
3.969223338372363408e+00
3.669360242635003377e+00
4.523678122695031334e+00
3.732671092901874932e+00
5.242901531829998518e+00
4.062932807358706988e+00
3.463506966346938221e+00
4.933023511344934775e+00
4.180958896639180189e+00
5.292683783770660177e+00
4.787946498617507096e+00
5.723970127172687050e+00
1.245377639057225982e+00
4.280737214367784205e+00
4.852900676575581329e+00
4.753359147193234158e+00
3.127693101363568928e+00
1.571509999628887488e+00
5.340580354370256799e+00
2.894483708595213756e+00
4.879071609775269991e+00
3.587415347644718366e+00
3.439270171702180523e+00
5.779397689320424192e+00
4.352677765123238451e+00
4.332091494527243292e+00
3.422161121592217636e+00
4.240168621270033356e+00
5.226820995480282228e+00
3.048747551686304735e+00
3.248682383057131862e+00
6.053509122439623802e+00
3.856788214300748141e+00
4.708158706121966297e+00
4.981303771688905258e+00
4.341431918259494260e+00
3.765620122219353494e+00
5.362824540014518249e+00
2.156789239759022703e+00
2.605044942904040983e+00
4.368231394424564762e+00
3.819727208829879039e+00
4.509229621642175445e+00
5.312663510031593539e+00
5.260604706494357075e+00
3.986776623549387999e+00
4.240171454001020912e+00
6.041995304845652726e+00
4.201079784904055536e+00
4.659934037199308321e+00
3.475859990594214466e+00
5.249009247636342579e+00
5.715913479519220353e+00
2.955651424931563298e+00
3.534944339612759556e+00
3.922413593724839664e+00
3.134551408482406654e+00
1.686703452762970512e+00
4.670950673760954963e+00
4.073041219107971678e+00
3.749120096782905698e+00
5.201915934108233053e+00
4.461456619680722824e+00
4.190570485214787588e+00
5.148848091365068491e+00
4.755993744576504589e+00
3.206060249486072600e+00
6.236715908626722538e+00
4.359810106297057786e+00
5.610594456355586956e+00
6.058461843966481020e+00
3.860186806697818884e+00
5.260119450964717558e+00
4.326752104223782425e+00
1.934037404758871093e+00
4.407225219126654103e+00
5.163107887566310339e+00
6.330895913440365952e+00
3.453790765614757952e+00
5.473313521505310142e+00
3.344264509857979295e+00
3.983959949511892695e+00
4.065212276439221561e+00
5.825930970312400703e+00
3.404371346024424927e+00
5.458299250660934909e+00
5.452373807162100405e+00
1.047306823630861805e+00
5.472482969652276097e+00
5.574559613613534914e+00
5.058344819317806440e+00
3.475362536901383859e+00
6.294915959549844509e+00
3.333796854516732022e+00
5.562687713377886922e+00
3.536546636458568482e+00
3.664975406982229345e+00
6.464396057256121431e+00
2.930305616872252994e+00
4.981717238386454305e+00
4.011012730290236306e+00
6.014947978016440544e+00
4.372392429294227334e+00
4.249234767924432887e+00
9.184600352552385605e-01
4.009459732591293069e+00
5.612234252061023554e+00
2.244758147780530955e+00
4.556209171524738366e+00
2.390479853838035851e+00
5.301421203341671884e+00
4.924825486285258513e+00
3.541649022781059752e+00
4.833765986203029108e+00
5.729953363989769066e+00
3.507619308632965449e+00
3.590368059016930236e+00
3.919755702287974763e+00
5.538164143767636993e+00
5.408967230830105777e+00
9.418739241094170600e-01
4.499911637908034834e+00
4.390914731945772864e+00
3.808108671105793874e+00
6.311934917339427464e+00
6.876364484543038280e-01
3.574437675410675030e+00
1.941402495091773206e+00
4.953895165363133124e+00
5.755329152535684223e+00
4.032822973726406524e+00
5.526113658787703109e+00
3.174044757303122744e+00
5.342920481875722771e+00
5.979107193636461481e+00
4.753958417274194659e+00
4.150360601090934409e+00
5.305314773511018878e+00
2.965543634983662358e+00
4.782293079631322108e+00
4.169979665343015007e+00
4.298196365628947468e+00
4.804471676018864379e+00
4.169846834881487219e+00
5.019280979099325357e+00
3.606113346122345131e+00
5.107423218741481641e+00
3.296180067887305221e+00
5.046013961789083346e+00
3.483793574873762289e+00
3.739899488454504706e+00
5.758497706857950149e+00
1.927234439580751912e+00
5.086137659678458434e+00
5.421375982957687967e+00
1.871758794194083864e+00
4.199106280088846788e+00
4.808472310247308812e+00
5.722658144589201079e+00
3.229462850867914625e+00
5.223430664644011401e+00
4.452955338287795328e+00
3.658956215587837235e+00
5.488678762182496840e+00
6.164649049537025860e+00
2.565697998941445235e+00
3.190508324280763475e+00
4.825245741592261162e+00
3.741462051341152950e+00
3.822406374866931245e+00
5.866508570061702343e+00
3.672463032553900941e+00
3.316813532216291716e+00
2.465167339363168342e+00
5.127859743931678871e+00
3.673828999127253248e+00
3.824522857105457252e+00
4.959027662712786721e+00
3.633423728866118640e+00
4.281081848872065443e+00
5.876999775073488586e+00
4.633229966188825877e+00
5.614609419505631749e+00
4.264119963045079231e+00
3.930352810444864620e+00
4.892111825945415049e+00
5.145090933824386425e+00
3.564890438390783345e+00
5.169921872785139705e+00
4.584743671806378096e+00
3.420173543733798116e+00
5.276593447138536064e+00
5.375229696393441614e+00
5.196360187951709619e+00
7.719033391564118496e-01
4.216489570465271619e+00
2.447517267452569811e+00
3.313148773124595881e+00
3.668197407148453770e+00
4.504176306078941927e+00
3.794490364521918124e+00
5.151615400715761517e+00
4.611189878295995470e+00
4.480994221970684421e+00
3.889532203912418939e+00
5.518577248727215334e+00
3.790012541212450792e+00
1.516529568031778075e+00
4.226513670201492268e+00
4.884220330584867931e+00
4.065070945854504458e+00
5.386137905383164615e+00
4.024003715690681382e+00
4.776052995954676028e+00
2.763620462299492875e+00
4.777875683404631424e+00
4.908307036767133091e+00
2.637885901511979991e+00
3.282358439544475814e+00
1.294954302613325448e+00
3.283291644523903319e+00
3.228454438687534456e+00
4.374586363790619714e+00
3.530431234422091613e+00
3.763492461527065736e+00
4.582019024672652208e+00
3.657704027400525248e+00
2.690213969417919682e+00
5.460710895685567223e+00
5.323997002068689532e+00
5.187189290844435696e+00
3.027878714763727608e+00
3.865641935425357723e+00
3.596301724597630756e+00
3.791234362426907811e+00
3.903371569681605813e+00
5.027427305294160931e+00
2.873545973506691276e+00
4.224365998770304387e+00
4.716374357551585739e+00
3.912672641826621334e+00
4.471946932122131457e+00
4.806359727116604752e+00
5.762554841050500087e+00
3.888760828545802628e+00
5.700179066953026563e+00
5.909055458388114523e+00
3.517880744085991385e+00
3.272147046979964724e+00
3.232750521039368330e+00
2.064213462613757155e+00
4.678594089067067863e+00
3.820563386841079545e+00
6.399965121366947507e+00
4.155830627692611579e+00
5.645500234944933027e+00
4.603519317747831074e+00
4.248804885111467478e+00
4.494147345665604476e+00
5.948513968898423876e+00
3.435767950878270582e+00
3.176838111659123332e+00
5.540924816515648388e+00
5.405988930074439480e+00
5.658727328362197717e+00
5.127855068701109076e+00
3.770390824786252537e+00
3.252563270037794219e+00
6.123851675422264940e+00
3.239642361750201704e+00
5.430507914041811546e+00
3.297299861828345335e+00
3.249471661227132380e+00
3.651712258981796744e+00
5.616995306113143904e+00
4.038601618846445973e+00
4.466998250985820818e+00
5.393527704430454150e+00
1.735971590085699123e+00
4.131183508798785375e+00
2.958165573270834958e+00
4.597518257406296271e+00
5.037406875836802911e+00
4.565768974767330235e+00
4.806534857316587583e+00
3.640792138253405863e+00
1.052173309167933946e+00
4.614664641740166218e+00
4.072229290338251317e+00
4.223263835923005693e+00
5.769104569507260472e+00
4.407609286177601504e+00
5.141001483275161377e+00
4.203293904380393187e+00
4.816529025528537566e+00
1.359786671643175904e+00
4.312270551669800334e+00
5.770433447565571861e+00
5.099359293722574016e+00
5.317145804413391019e+00
4.980831544265455157e+00
4.697229670258147749e+00
3.486753450840251123e+00
6.167606893366414766e+00
4.745437381699021628e+00
5.750758860847160925e+00
5.169562613036335463e+00
4.804686470234593720e+00
4.986750258387682599e+00
4.531200014828168143e+00
3.335450490855899286e+00
3.791949834726175084e+00
5.372811008720531412e+00
5.373579109472442994e+00
4.556210793390014224e+00
5.295352001857063229e-01
4.128999798823078216e+00
5.957367133368546952e+00
3.883036446513352669e+00
5.401685674464454578e+00
4.545663713175582821e+00
4.770880520547872372e+00
5.346148659389335478e+00
5.004635363274114290e+00
3.061648584618335889e+00
4.703842094834661758e+00
5.072384113411519735e+00
5.531592127087674449e+00
4.264970645551484196e+00
4.085388778442593072e+00
3.650879664229567556e+00
4.925321461660796096e+00
3.734874873446517363e+00
4.377037037420597798e+00
4.782194675018827112e+00
4.234446182269088865e+00
5.369958479009652841e+00
6.309902287015376032e+00
2.823195452139835915e+00
2.716966246230195114e+00
5.267841673175455597e+00
5.236041311057806347e+00
4.852795766952318957e+00
4.965952749448946157e+00
2.445708714076333390e+00
2.216954733287358259e+00
3.042403349735413709e+00
1.351957072115696823e+00
3.256412666110682252e+00
4.154312283713673892e+00
4.227602349377080238e+00
4.604584327326150195e+00
3.976522981177547322e+00
5.179595714213599322e+00
5.190086237974695926e+00
6.111082412419230003e+00
4.875706601637236126e+00
4.187800250139027902e+00
5.872806379895191498e+00
5.367083594234228094e+00
3.797801258239742239e+00
2.772132444153707187e+00
3.874195099565174605e+00
3.575377873233463788e+00
2.880148687773089744e+00
5.804905096038560863e+00
1.093447881556409707e+00
2.861525408226889944e+00
4.275077039838029336e+00
4.537469912512980486e+00
3.456029233939635681e+00
3.601240702006098804e+00
5.032698860809252217e+00
2.551620500970238847e+00
4.416784151634206346e+00
1.951603807194099982e+00
3.884220401868021089e+00
4.835463691238275352e+00
6.422907849895640453e+00
3.484003191156161972e+00
4.200345082109230965e+00
3.610540509708239032e+00
4.955673264892260121e+00
5.307123268839009533e+00
5.431921769713827786e+00
5.356700428479179266e+00
5.114369730833068672e+00
5.020700138408828117e+00
3.103948804280453722e+00
3.848253772732721956e+00
3.448404998150186085e+00
3.924126054670865837e+00
4.122815459368077029e+00
1.512705405223661703e+00
5.408091097289234206e+00
5.517699090576020815e+00
4.844746429952259348e+00
4.378297584149716926e+00
4.879424566137223529e+00
4.200865752026337496e+00
4.443425495595380248e+00
4.594496496370554794e+00
4.497168063063485377e+00
4.348241670886111798e+00
4.713551455317958272e+00
4.036868584088396439e+00
3.751964382589071612e+00
3.700460494652807686e+00
4.366995329796313108e+00
4.365261481618183836e+00
4.082449782393330118e+00
2.882062447524233573e+00
3.315799913359548157e+00
4.983539601162960686e+00
4.331940146801400715e+00
4.009164795622219835e+00
4.812242891581984594e+00
1.134802083956975016e+00
4.710351549428426488e+00
4.692758199551048115e+00
2.387915711108130168e+00
1.113229448806626110e+00
2.541376529822309216e+00
3.938621821518947463e+00
3.678686889048796260e+00
4.482685501036761444e+00
4.357969097747474763e+00
5.129299942933899459e+00
5.252906199904675333e+00
4.251650643089282866e+00
4.883765074528882977e+00
3.531130053300743477e+00
4.507825181547410409e+00
4.535911284578195257e+00
2.025908014887506159e+00
4.259874283153297192e+00
6.536904337948138632e+00
3.294384970042894434e+00
3.998999253356027239e+00
3.318727593119251029e+00
3.667791637221831103e+00
3.472182371522144262e+00
5.848157325271829521e+00
2.968038079830044307e+00
2.378448200298945991e+00
4.603920211841754373e+00
3.942028166869020911e+00
4.311977021989944703e+00
3.551801497232709881e+00
3.646861972992624601e+00
4.739913155845752790e+00
1.934566776727567383e+00
5.278497760209921452e+00
4.113421356764419556e+00
5.254015108884671825e+00
5.959898956257341673e+00
3.685832736726932790e+00
4.784148498979313935e+00
3.295013779854010227e+00
2.756093737818468004e+00
4.367144617478261992e+00
1.132091026771610220e+00
4.814091659028286507e+00
4.487020270809394695e+00
5.311384888522268533e+00
5.459114725043813898e+00
4.934614509161241003e+00
4.714714049676611118e+00
5.255300698459767439e+00
3.019533858842304852e+00
3.572711441889067085e+00
3.114390953160381059e+00
3.569795881970535323e+00
5.117448179989912305e+00
3.435702890600005777e+00
3.209313860652588168e+00
6.507431223802724318e+00
3.043872933519081947e+00
2.455189397307905530e+00
5.446183904205425641e+00
3.262209398165667462e+00
3.718080096417993197e+00
2.223957791684163521e+00
5.092188243753231092e+00
4.309760460583656361e+00
2.886237759933419245e+00
4.676709272269617301e+00
5.445434782510023553e+00
3.881906654864744510e+00
5.247580976781629936e+00
3.031276191348784010e+00
5.026999069588395486e+00
5.158345630765673206e+00
3.504896048055226032e+00
4.511605217493106501e+00
2.834329150562183042e+00
5.754452379272399831e+00
2.395104700974422407e+00
5.399216667871582942e+00
3.039200010823506659e+00
4.681282983086861194e+00
3.223909348895047433e+00
4.387123225491595058e+00
4.818263392549324564e+00
5.802368567679015321e+00
4.320152980937457698e+00
4.176571385970528461e+00
3.369997469367618237e+00
3.900982603168174911e+00
5.281956882329936320e+00
5.396018096340247538e+00
5.776679327871390157e+00
3.657993037172071471e+00
3.786306346738102846e+00
5.380720864982741602e+00
4.907900626612557105e+00
5.134723399003795485e+00
5.051507344801978938e+00
4.116160299176474524e+00
3.495223293377831997e+00
4.271364969957219593e+00
3.479980594263047067e+00
1.135068635765600797e+00
4.700921033645747427e-01
5.109980497944231814e+00
5.659508542197517755e+00
3.881449753908564837e+00
5.359090119364941174e+00
3.541456474068345184e+00
5.395634538644672240e+00
4.106737573392382323e+00
3.683889254467240804e+00
5.077097715604150352e+00
6.166529025266518360e+00
3.749110366419806439e+00
4.542356827184304890e+00
4.793653030272414739e+00
2.382256717910563371e+00
5.406444660053637108e+00
4.572663960417023610e+00
5.453929696935805538e+00
4.906555920315582853e+00
3.199579535066475966e+00
4.287557435399563133e+00
4.881570964576461336e+00
3.374535832113131129e+00
5.235482902718571196e+00
4.555082430757000367e+00
3.926244276901494690e+00
1.421680463520218929e+00
4.605433212435549706e+00
5.529969782726512406e+00
3.770657358480017596e+00
4.614345828014721818e+00
4.571775005353065247e+00
5.108017971516082056e+00
5.253413990304254710e+00
4.699693292220555207e+00
4.264741444817428118e+00
4.797272654686951299e+00
4.498725100332118032e+00
2.883559599375649540e+00
3.515369570478568573e+00
4.320843648595008801e+00
5.360565823395956997e+00
3.071140029219335599e+00
4.793334485121557798e+00
3.896942354687436882e+00
3.366935268771938716e+00
4.807640803468622437e+00
3.414130193075714637e+00
4.612309340820494263e+00
5.308542546730575573e+00
4.942380453090233772e+00
6.116076094571400112e+00
5.374351964452359631e+00
3.622238427504212765e+00
2.168157576546987375e+00
4.300436400525818215e+00
4.231994383168768969e+00
4.627110709428002622e+00
4.391964827920467940e+00
3.719481855325851072e+00
3.069053014631826670e+00
6.298615401009705295e+00
2.918936206130845701e+00
4.487140124364764837e+00
4.332844167469153795e+00
3.939543128676326500e+00
5.097211285840304917e+00
3.210993687540826258e+00
6.204885622769026554e+00
3.537875992711294604e+00
4.222337984523385934e+00
3.792902646791648014e+00
3.414356000004937108e+00
4.443613996252794962e+00
5.689340503321263398e+00
4.424796820130080910e+00
5.248301722231816235e+00
3.853576869953521999e+00
6.475536191673331388e+00
5.093530604038412513e+00
5.079858061983291151e+00
5.245128543888622374e+00
2.281132979242209036e+00
3.785133966301057917e+00
5.965913587475204949e+00
5.926758777073211526e+00
1.259580073521482380e+00
5.139313231230883794e+00
3.692199799809334326e+00
4.075305112633199833e+00
1.864538846909523429e+00
3.787846027271079663e+00
3.328152973035754414e+00
4.929849208991413434e+00
1.488546783763710746e+00
5.077573954426064518e+00
3.792928997735542485e+00
5.576911050241595724e+00
4.694453986992568773e+00
4.585414141457577308e+00
3.585516433117428736e+00
3.579494903351867485e+00
5.476676153121701418e+00
3.766586265768892883e+00
3.533321443481020729e+00
5.628032083521187445e+00
5.130381727922615376e+00
3.214806329553508757e+00
5.079170387149268606e+00
5.364698582514081160e+00
5.276221694743307822e+00
3.758347830533914191e+00
4.890567119330839319e+00
4.091242614561827473e+00
5.121859404125747695e+00
5.381602748330501562e+00
5.664627569261689644e+00
4.453158297007908217e+00
4.078237139441383441e+00
6.651018105749055387e+00
3.341573974139928183e+00
5.404562552041822343e+00
8.403313556360076930e-01
3.820376552221836697e+00
4.068905028418763337e+00
3.723007227467484359e+00
5.255125965881419781e+00
5.496798558452655747e+00
3.837281529272297931e+00
2.871729562926084611e+00
6.004051664050105153e+00
3.629730369414701396e+00
3.568307652918673245e+00
5.809641428214906256e+00
4.057007206749827510e+00
3.651705997374553370e+00
5.986898413569677224e+00
1.691548236854964138e+00
9.966746948522851035e-01
4.854993674967657213e+00
2.970456374229311525e+00
1.558961553565923808e+00
3.529122266027719057e+00
4.966085719685853661e+00
2.813704979330879041e+00
3.653726683088748928e+00
4.918452341937781469e+00
5.375195125580821909e+00
3.398084932299542782e+00
5.293707652363168314e+00
5.137560381862020797e+00
2.866145455251991603e+00
3.615812609605579375e+00
2.607139986590897518e+00
4.936580144758680788e+00
4.068082846463938473e+00
2.534881909329675942e+00
5.289684280369661984e+00
4.058532575813003085e+00
3.399169361642750076e+00
4.422073956626230817e+00
3.277750612094228355e+00
3.531867508154745039e+00
5.529565314107737883e+00
5.072559791400784057e+00
4.635696131054005242e+00
3.907121810107175630e+00
3.550973042589224971e+00
4.992002811139101048e+00
3.642955680433460852e+00
4.075270031962818784e+00
4.007839066406046591e+00
3.468651149606976958e+00
4.794450576216547688e+00
3.782698718151499051e+00
3.718678352543123289e+00
2.680392046851542087e+00
4.608605866689138075e+00
3.802994213103377152e+00
3.850123396679465682e+00
5.695726473333739825e+00
4.983770163260923702e+00
4.200882294894251245e+00
5.168026264414332438e+00
4.583096354675745943e+00
3.616530416464438513e+00
3.184751077340674197e+00
4.305532501723784655e+00
3.360661162607533559e+00
5.222811516778130603e+00
3.724983043763968826e+00
3.567929016726993474e+00
4.404099141094483194e+00
6.756723374411152783e+00
7.526966214365611307e-01
4.689936885228442875e+00
6.275387822843117469e+00
4.471944040198227555e+00
5.259794685416189886e+00
4.450755199018910702e+00
5.227931016472449066e+00
4.091919660417436155e+00
6.073277190103737233e+00
5.149968458323478160e+00
2.315668766736439732e+00
3.765342084057019534e+00
4.187090209753638881e+00
3.833292130417591981e+00
5.189347092364460678e+00
4.656472427707442741e+00
1.339099815255184733e+00
4.401514498880106707e+00
5.682111459465832404e+00
3.801647546207002737e+00
4.229446484956572938e+00
5.406575253059527242e+00
5.262341812877720848e+00
3.586052608266948383e+00
5.702708136350151058e+00
5.747516314936046200e+00
3.190987859555790784e+00
5.286340395062905984e+00
5.226431451362107516e+00
3.076565327618384416e+00
3.847519274087352503e+00
6.476938650083011950e+00
2.704370752262014843e+00
4.146116986682115702e+00
5.051712355191882331e+00
4.050021218896580066e+00
5.776265380772493074e+00
4.445895874135668890e+00
5.695674476094405136e+00
4.835153382483170503e+00
3.565779120250327949e+00
4.231675382452678491e+00
3.555094212116832963e+00
2.711997396619165723e+00
4.582146296643182737e+00
4.008176254117509885e+00
3.409407139417777621e+00
3.851316427786523722e+00
5.322143434272134321e+00
1.989364918890214273e+00
3.570766225736176303e+00
3.625103074453259744e+00
3.921236049253331579e+00
1.792337146180451146e+00
5.412282742451091977e+00
5.117129496476771955e+00
2.808146611675184090e+00
5.594801184927198356e+00
5.103026692902338901e+00
3.911336458278643402e+00
3.605547928843678473e+00
5.694699140632137890e+00
3.108543171928430660e+00
3.329488878699962129e+00
6.104599744908096426e+00
3.715326341357056972e+00
3.568744612705752495e+00
3.834197636595296110e+00
4.633391274767443946e+00
3.402004966222766935e+00
5.481544996168033812e+00
3.992466041791032261e+00
4.047798160053431182e+00
1.123255494031993651e+00
5.400966740210480843e+00
4.618688028491266806e+00
2.529964725241351520e+00
2.779290416190219215e+00
4.013908908578732060e+00
3.622376418709319257e+00
4.778994358501599926e+00
3.847915561571207732e+00
3.402566433594230055e+00
1.877066765807458015e+00
5.221562629115347853e+00
5.127803737360362213e+00
2.779135103140365270e+00
3.878608712379147505e+00
5.808442365495010584e+00
2.851836616985151451e+00
4.114050379309017735e+00
4.080473525529384915e+00
4.075184313490557209e+00
3.051586636741612679e+00
5.151127234476478911e+00
3.903170804956503925e+00
3.846555790563096267e+00
4.062636124754589240e+00
4.207185482074290661e+00
3.953152536409712425e+00
3.568629502100332473e+00
3.454559069127070892e+00
5.178812421811834099e+00
4.596644675165406646e+00
5.914374904307540426e+00
3.884694797040158853e+00
3.865665239538220721e+00
3.568365335080668110e+00
5.739828247177323206e+00
3.163271572000954990e+00
3.466056844443200724e+00
3.657553147900320045e+00
3.186985912595856174e+00
4.740170875867330658e+00
3.451061560595143352e+00
4.357822079674662952e+00
3.614501221155943966e+00
6.334602192789463793e+00
4.800178788474166680e+00
4.720777241857762263e+00
4.207066762936236159e+00
4.601986298216856675e+00
4.345913785155190112e+00
4.610075834936327333e+00
3.708052117778843915e+00
4.670737013871645971e+00
1.293712545010751169e+00
5.188156696229686560e+00
4.913830197899006436e+00
4.527421692116528895e+00
5.138385077486949726e+00
3.072308919864685350e+00
5.961804499064351504e+00
4.176814294894207968e+00
5.541681052695546228e+00
4.916003890836832646e+00
4.088594353431559192e+00
4.966582149536724167e+00
4.006403529391243445e+00
4.166874595833635730e+00
3.221622041207802933e+00
4.025237608563195124e+00
6.337069891611346151e+00
2.916239986961034703e+00
4.454326195325712945e+00
4.824893496415777250e+00
4.816154516519319806e+00
4.281083544840067034e+00
4.744084003893431323e+00
4.590072170727663270e+00
2.812564578467193321e+00
3.280205752662470164e+00
4.736830508032992881e+00
4.742999440950881329e+00
4.298655312467813516e+00
3.534075467650454883e+00
3.338541069845540221e+00
5.204150416372595345e+00
2.778033598055336117e+00
6.110810269700159836e+00
3.725700119980901448e+00
4.308620593999114234e+00
5.896717028536636818e+00
4.301234681303017560e+00
5.489248437820249293e+00
2.781872445876625743e+00
4.143514793242704108e+00
4.284253121613248005e+00
3.456115435353996013e+00
5.852833556569417617e+00
5.187837479147058950e+00
2.657512921549272544e+00
5.373302546281585101e+00
5.533607919659241148e+00
4.973120193574635195e+00
5.806059456178933154e+00
5.628053511042828916e+00
3.406314378885155314e+00
5.676741374985419419e+00
3.921222316504378025e+00
5.592153398435098843e+00
5.445472738419482539e+00
4.861994390345602213e+00
2.210531862147161686e+00
5.529916818290105951e+00
5.235124710892020694e+00
4.678271148257258538e+00
3.315129862792973281e+00
4.465091068017492226e+00
4.057443492016257203e+00
4.935065228049298369e+00
4.870805556952747750e+00
5.316939311578892990e+00
3.379792099645519077e+00
5.128943015924804172e+00
3.981616111374857159e+00
5.249842458123931799e+00
4.057260324556096087e+00
5.986698758910552698e+00
4.826179501816754147e+00
2.849447895296819855e+00
6.057730849602433132e+00
4.212381920957913195e+00
4.146430015776339850e+00
4.458094598554815491e+00
4.777316909195640449e+00
4.278001833912080443e+00
6.113564421779241975e+00
4.910299736546850369e+00
3.844084197539924030e+00
5.946205123239275636e+00
5.281384693371491856e+00
5.432733074729637401e+00
1.238249188486102215e+00
2.195262505398907216e+00
5.155160937221620721e+00
4.314908383186015328e+00
3.942202693474732733e+00
3.695131757058440769e+00
4.918587762393356044e+00
4.791276338407594260e+00
4.444653653681466032e+00
5.078227415836936487e+00
3.597093283986876777e+00
3.336407486705035286e+00
4.267842634982028649e+00
4.416074210882892537e+00
4.412340821385895673e+00
1.422431247233528540e+00
6.094662179952365477e+00
5.285605472494397716e+00
5.019881108348011267e+00
4.177809356423747289e+00
5.385061291139424888e+00
4.895147241491124568e+00
5.538499108971196350e+00
4.509868636656723773e+00
2.996587667880145300e+00
4.736458138864172440e+00
5.487320027497300856e+00
5.768396977215989985e+00
3.171543533348397670e+00
3.884602118097805867e+00
5.039989251561389771e+00
3.686780281022176808e+00
1.003804345396710263e+00
5.777665493157124743e+00
3.953718448417107734e+00
5.781689994022242374e+00
5.179812248305622369e+00
4.743955611887727741e+00
3.523928729827094486e+00
4.617480442218666603e+00
4.230226048586141374e+00
4.260973999893999498e+00
5.620072310074888833e+00
5.210505920467778829e+00
5.590892932957219230e+00
4.639403369445957992e+00
4.360349896156113125e+00
9.282390767171813106e-01
5.586934114171955734e+00
5.967712554533473934e+00
3.819684389834374638e+00
4.567447966167724083e+00
4.112796522420517853e+00
4.589138618931820623e+00
2.472732719845004645e+00
4.636578163431623878e+00
5.424503051836763845e+00
5.514845232289927068e+00
3.697456751953859921e+00
4.744624736428902700e+00
5.183521873472444419e+00
5.252093715685236752e+00
5.083344779862772000e+00
5.151539805850886111e+00
2.756551964658507714e+00
3.281546305202058367e+00
2.228164599012984581e+00
3.467281883622781002e+00
5.137966970259935096e+00
4.455535873130350488e+00
4.671742612405668460e+00
4.827645736749607508e+00
6.492992205271642447e+00
5.815888112952775302e+00
5.659944576853040310e+00
5.678767103967789609e+00
3.047922270919320109e+00
4.734196468961767934e+00
5.651632825148326766e+00
3.677941055887782973e+00
4.053189088889331160e+00
4.770409242877578393e+00
5.343510805346832093e+00
4.496469450240947907e+00
1.118504684904299440e+00
4.796069813457206621e+00
1.317780261371705341e+00
4.807634804237194359e+00
4.288268050691075750e+00
4.721994216390827503e+00
1.254284410334982391e+00
5.674425730326731809e+00
4.505988017887150754e+00
4.434345787233279879e+00
5.299485811024607251e+00
2.755851511736605808e+00
2.013020169930165970e+00
3.549556647384762620e+00
4.463753543223525355e+00
4.851921847351942318e+00
5.123785557139120428e+00
3.942631225467111644e+00
5.223836745478515731e+00
4.658164269804406565e+00
5.742671417838311143e+00
2.626603585961898357e+00
4.154969426521788911e+00
4.887204613757683447e+00
4.560905429269487499e+00
5.182336939797131947e+00
5.454953111807058441e+00
3.905293286594158975e+00
3.433090604675019364e+00
3.195559149416053124e+00
4.157486053641306079e+00
6.126270453904021807e+00
4.301833395643067881e+00
2.501526970298499464e+00
1.726740922600649375e+00
2.970234714299419210e+00
4.808418555596832178e+00
3.620379347642896484e+00
4.539978980136903708e+00
4.539492719706246682e+00
4.170134922572212410e+00
4.677286863769954728e+00
3.243275063780223011e+00
4.576832799536234120e+00
4.068045513498403487e+00
2.632881032094527729e+00
4.675241184673355477e+00
5.232112374492316142e+00
2.337110428153001074e+00
3.774083381813938320e+00
4.430116876199769571e+00
5.171851090883985869e+00
2.939175844109708446e+00
4.386414496247374117e+00
2.924086707077582226e+00
4.092264379165579946e+00
1.272672082709810359e+00
3.957323273854125301e+00
3.877176124806980262e+00
8.166204830947040305e-01
1.561411647596190111e+00
3.074363856021086416e+00
3.771104319082131173e+00
5.240866542448437748e+00
1.179541822688427555e+00
5.296841731616431126e+00
5.051688116821264174e+00
2.929029894537312995e+00
6.044674785535113060e+00
2.729222241221173739e+00
3.573742799729077380e+00
5.125511226755302019e+00
5.910930454782750587e+00
3.936408319341947681e+00
4.782754483804125378e+00
4.859911874719296421e+00
3.902632693717654533e+00
3.919301239566331585e+00
5.893934416452696112e+00
4.835012304235368319e+00
4.246912937512584918e+00
5.706636845161730420e+00
3.327076258716735513e+00
5.738660005220691751e+00
4.707304940708956664e+00
1.164708855286697986e+00
4.198565660931903309e+00
4.920510283054877476e+00
4.212245003641285734e+00
5.294054211863997494e+00
6.211707106076922003e+00
3.895005131451617864e+00
8.759209043359104108e-01
6.000757494541838710e+00
4.191599486025726407e+00
1.920935233057095015e+00
4.781388315461081007e+00
3.738462440077911619e+00
5.115002514200044814e+00
3.330397235496042274e+00
4.180333677556054006e+00
4.507657665593092666e+00
4.837028515627229908e+00
3.811405540625565802e+00
5.844027935785740979e+00
4.613816088812666472e+00
5.162494885888735396e+00
5.077553207820985293e+00
3.575153754472099710e+00
3.579832305933548398e+00
5.507219387829433543e+00
4.673822203689681487e+00
2.628123642141873884e+00
3.732635260345326778e+00
5.474351144847405592e+00
5.128475763659065656e+00
4.864805232625849740e+00
4.055445720245566044e+00
6.063922370553616936e+00
8.349800240021459929e-01
4.785520443363764365e+00
4.545954413113482140e+00
4.702942904592932294e+00
4.288414980498953533e+00
5.707139164464845038e+00
4.409928961875226427e+00
5.773644556118440185e+00
3.281700409761308279e+00
5.510571089526156818e+00
5.566397305968515674e+00
4.110030864695611186e+00
1.609291126100546920e+00
6.505021147699050488e+00
2.865215819338521097e+00
4.095682744727308311e+00
5.946330711710580808e+00
2.561091756316954182e+00
4.268246301988051883e+00
3.940189846891123171e+00
5.515927608481637989e+00
5.806538036881357279e+00
2.615798461033643996e+00
4.766473966514930716e+00
3.800795845524407746e+00
5.473765265402447788e+00
4.057465754567772365e+00
4.267373301139866015e+00
3.698823600186294858e+00
3.833328619639447155e+00
3.483431119788923613e+00
5.577959050068430180e+00
3.881750008280224762e+00
5.220443178304005727e+00
5.230578891501610705e+00
3.675457410776019174e+00
5.304520778888194066e+00
5.330391687514847376e+00
5.234976175284710820e+00
4.644412615754864859e+00
4.098485043976683784e+00
3.614168900446652177e+00
5.817657620904237881e+00
5.401911705607096437e+00
4.882102175769031049e+00
4.066754044733919216e+00
3.283952701354427184e+00
5.294814665383407615e+00
5.176773508342293439e+00
4.933993813641422754e+00
4.821264739988186498e+00
3.698630343440080015e+00
5.121509441246788974e+00
3.344164250420294415e+00
5.107155225377908003e+00
4.119381379814791799e+00
6.342255947983098885e+00
3.330699778127080624e+00
4.788941578689437151e+00
5.535166434581228145e+00
8.863684577545952736e-01
5.375680483955830979e+00
4.561489348042217173e+00
4.263865009894948876e+00
3.713886903811457252e+00
3.229709816772649233e+00
5.351794853184063783e+00
5.724936916507450846e+00
3.268249451389875215e+00
4.186912126298036441e+00
2.922240523293250902e+00
4.999483008897248837e+00
4.898573831157114533e+00
5.368461541548485982e+00
3.507846189574381768e+00
3.133776775620054078e+00
2.496636155349095443e+00
4.613395121998864035e+00
2.711962344573395800e+00
4.216817574924837331e+00
2.518175069168908653e+00
4.275094152498178701e+00
3.523141624823650897e+00
4.753578287133516156e+00
2.862345632034704934e+00
5.546229560432956340e+00
3.812263569232395177e+00
5.325395305552806491e+00
4.788822917494903741e+00
4.088944836741450040e+00
4.957072746503883742e+00
4.745422286963154157e+00
4.816856428509282750e+00
4.836476748869452003e+00
6.103464271217701409e+00
4.361909152494209962e+00
1.960097046725218117e+00
3.439258900946610797e+00
3.573177989379732189e+00
5.019278546031834765e+00
3.275896892390048887e+00
4.789803027437577576e+00
4.318269401966293053e+00
1.000494467125507381e+00
2.410463406073540593e+00
2.653672497473494207e+00
5.089457455339869263e+00
3.689473498766032478e+00
4.751643895975989906e+00
3.869146438394644338e+00
5.373005287749286651e+00
3.790010254398256784e+00
5.469010764538598579e+00
3.904468960385210519e+00
4.314035924841581604e+00
6.276247265340665571e+00
4.665700706250486718e+00
3.850801979918714313e+00
5.451419462106652070e+00
5.400205107855245323e+00
3.178266827450627385e+00
3.374774978865071162e+00
3.341785745330383861e+00
4.992413653214658353e+00
2.766925403688846430e+00
4.445472302391068276e+00
3.172699326423863653e+00
2.904026169899020626e+00
5.671106705777519963e+00
6.341778489885444792e+00
3.340086617468208896e+00
2.829237054556914988e+00
4.417504033127263696e+00
4.920719439331815437e+00
5.576434909235869597e+00
5.125829597429778062e+00
5.434289240889132344e+00
4.427392752606126969e+00
5.490421009158590770e+00
3.850805906101145482e+00
3.101352785575921978e+00
5.396206110629902852e+00
2.145735935836165176e+00
3.380633799637426051e+00
3.394982066040066471e+00
2.673505783391392221e+00
3.489972629298822682e+00
4.686603691210052602e+00
3.879369204229834445e+00
4.732354703039923116e+00
3.120282927252894911e+00
3.036716175613619395e+00
5.194313536381325314e+00
4.266071421142085818e+00
4.740407084379935299e+00
3.823310933868075523e+00
5.668441876344625818e+00
4.848687974753281615e+00
4.266478741169743572e+00
4.658267234815004265e+00
2.516379829956881142e+00
4.626177610776518456e+00
4.495109395610312752e+00
5.869868257592789185e+00
1.005107793355132451e+00
1.993968966896392248e+00
5.904606575215350261e+00
4.372330523702093963e+00
4.882057003359350666e+00
5.818923211070407220e+00
4.095334108360431991e+00
3.645762233466098401e+00
6.091628422657295872e+00
2.607989630685586313e+00
1.629129311954534920e+00
3.400741051869887066e+00
4.958486242514905662e+00
5.327173636174219240e+00
3.496086038846142774e+00
2.391289882026914171e+00
4.973153223924833277e+00
6.043060995650121114e+00
4.841310574411252787e+00
4.552208528058906190e+00
5.962911127849111814e+00
5.740687153624816075e-01
5.728059299030468843e+00
6.302839607153047474e+00
4.802045715901418710e+00
4.527727661250291469e+00
3.388402221010191173e+00
4.831790566520516528e+00
5.422921996443736070e+00
6.202453023801926868e+00
4.653602718850249786e+00
3.084916457427014702e+00
4.621049540335706141e+00
3.930163114319335183e+00
5.549629895216060760e+00
6.249124582919999504e+00
4.961135730328917859e+00
5.387981192380781437e+00
5.320903689873795805e+00
5.617795863427924807e+00
5.836203329490682101e+00
3.920951963069195134e+00
3.426395045309788667e+00
4.356172149391266402e+00
4.663984201331543566e+00
3.430251152229045530e+00
2.419096836120013805e+00
5.924264614327528378e+00
4.846182544399085579e+00
2.087528027357713700e+00
5.924987941496539179e+00
4.084005460749077443e+00
5.168192721331270612e+00
4.398179568246289861e+00
1.549244529460187536e+00
4.383188745785017382e+00
5.120486750483660643e+00
4.030086222010530683e+00
3.893700988550372610e+00
4.356696026421855272e+00
5.273280238692473532e+00
4.204867530771976725e+00
4.145080257564017323e+00
3.348513410275504310e+00
3.150486031411199317e+00
4.671787758515761446e+00
4.184739795049287281e+00
4.128691070975358812e+00
5.050730540014473746e+00
5.610047595417635868e+00
4.894959606894256687e+00
4.061762427968837130e+00
3.647913599646339655e+00
5.052479669804227136e+00
4.383659798484898396e+00
5.761770774686956642e+00
5.045627267520716330e+00
5.037861287091370599e+00
4.437770394702831744e+00
4.920380531552501324e+00
4.384180606192139784e+00
5.030072869544514269e+00
4.104985777202187158e+00
5.201750056277096412e+00
4.558802718594320957e+00
4.750195975707856455e+00
2.149518938506412180e+00
4.759140344941241274e+00
3.818825088013204638e+00
1.031051608157952604e+00
4.525682165056069017e+00
3.982113664078168025e+00
4.048593724530294757e+00
4.144888041654932742e+00
3.842388799239047970e+00
4.114602780659718739e+00
5.706795728701253623e+00
3.268312640323182361e+00
2.827947742841370626e+00
3.908929886221218286e+00
2.035547793670584138e+00
3.563946360436560212e+00
9.736537107810701031e-01
4.648806977774571969e+00
3.067910568045766340e+00
1.699092607147879574e+00
4.718971945083289654e+00
4.864839352992116339e+00
4.404984331906687700e+00
3.309606347340241062e+00
4.991424902149789844e+00
2.683302089008953839e+00
3.556194340249885677e+00
3.772765345615440857e+00
3.835366111560179370e+00
2.602196979940594623e+00
5.114726616362692546e+00
5.406492776957264823e+00
4.594770935674889145e+00
4.525143340103062073e+00
3.499232963193667167e+00
4.769224099455236399e+00
4.617182858108574983e+00
4.292188349600958297e+00
4.252151834504291017e+00
4.135827067185302575e+00
3.182108998139512313e+00
4.138832276788414255e+00
5.104586833839613647e+00
2.916671807509617853e+00
5.176591584657773915e+00
5.757521149429082108e+00
3.203006701500928699e+00
5.975957359845091688e+00
5.061900971086686241e+00
3.354263064770257152e+00
5.495600221709866062e+00
2.811833051164545516e+00
5.384574951611168281e+00
5.015469256246277929e+00
4.133188013365759694e+00
5.054352870811444909e+00
3.829468072033171300e+00
6.111883139557729550e+00
3.313356738146406855e+00
4.096566652229169492e+00
3.157335624037750144e+00
3.226400712418102223e+00
3.136830104126376639e+00
4.342872238555587572e+00
3.607514279830033921e+00
3.755772435728584213e+00
3.921047323249808869e+00
6.219844289421467387e+00
4.170269179469139331e+00
2.854790600751191842e+00
4.900024609213677884e+00
3.331945077868556648e+00
4.013761222962439312e+00
3.419027403996757641e+00
5.827608672335816031e+00
4.481962505087570214e+00
5.300815815975435719e+00
5.905672286394950454e+00
4.059962972630249745e+00
1.891338913765389096e+00
3.660238045350280522e+00
4.600813584685564450e+00
4.823299808181657156e+00
4.090039715191115199e+00
3.883202753452782652e+00
4.275195317051018407e+00
3.464541187235675501e+00
2.819381692093299918e+00
2.499465933774091209e+00
3.609253282548502195e+00
3.661474358967782283e+00
5.676373534790746689e+00
5.491596602550656847e+00
2.974301600993836558e+00
4.220634320131074091e+00
1.020631220858678745e+00
3.483843571107767989e+00
4.185489817336011775e+00
3.789888483218767146e+00
3.797794677772603045e+00
4.239214463557872570e+00
2.885076354484453542e+00
4.393369530518838495e+00
3.802344090966470080e+00
4.896430712483220482e+00
5.351709740500901979e+00
3.752054732623505195e+00
4.782549097683211237e+00
3.382899578437113419e+00
4.867848773806434437e+00
3.553368189143696565e+00
3.431240329206618256e+00
5.301042542047713191e+00
3.674371665696955613e+00
5.527592778866739387e+00
4.237535422905582827e+00
5.357279740145600933e+00
4.716824753227797373e+00
4.657823694591767705e+00
6.607363915627096240e+00
4.868313163651801112e+00
5.469925637363656890e+00
3.126694234266370387e+00
5.196660762864985905e+00
3.807999089496514333e+00
1.870348305848881454e+00
4.918386974923397048e+00
3.268594597468907015e+00
3.776098333000712959e+00
6.291681024403344757e+00
4.847233663164928430e+00
3.853886659876948340e+00
3.683288918535985168e+00
3.658337284099796083e+00
3.694891183256994616e+00
4.386808600613519182e+00
2.775542184899607356e+00
1.158317113698134726e+00
4.874605815701492872e+00
5.559373312056486327e+00
3.502841259725649081e+00
4.899293653036856711e+00
4.003100789976764773e+00
4.301033277034594704e+00
5.668266005345978797e+00
6.384634283198804106e+00
3.823636250585312979e+00
4.261542034603468032e+00
1.620967033189629536e+00
5.185029485533646287e+00
4.498694204032538835e+00
2.323205411392593067e+00
3.050512665190651340e+00
3.987782054454662273e+00
5.495333249814549959e+00
4.466473653156870505e+00
5.083433288356838275e+00
5.671407298473221559e+00
5.205812388754871733e+00
4.663878134776656914e+00
3.125232623070593352e+00
3.233523224221201087e+00
2.712505888950902389e+00
4.317427618258220967e+00
3.069301691923121300e+00
5.507901459962748270e+00
5.051997586667885010e+00
4.190062400231764350e+00
3.867682842710797875e+00
4.007180549219592436e+00
4.439973274492097666e+00
5.011006752056862190e+00
1.597670532197121407e+00
4.441086280632788430e+00
5.951310232638389763e+00
4.708280028064608658e+00
4.866953626668807154e+00
4.979795281410885011e+00
3.883715356480754277e+00
3.839608629966026143e+00
3.817523175619614850e+00
5.163167515329182500e+00
5.078600429461245902e+00
3.888358717547216070e+00
5.673558251146513243e+00
5.190166615615921408e+00
2.642227664214038096e+00
4.917864435266793954e+00
4.518142367554134786e+00
4.744321605163435152e+00
6.245656381084235598e+00
9.715431678637231894e-01
2.517012284435379943e+00
6.347336513687166892e+00
3.968106396733825925e+00
3.054250406914952531e+00
6.128596377870459300e+00
3.553215234301270176e+00
5.398991387411649967e+00
3.939468781401920250e+00
3.260564228091432426e+00
5.684500166439807600e+00
5.036291416079796690e+00
4.060844073541439059e+00
3.931322986002968811e+00
4.321826537782954780e+00
5.167640013943798571e+00
3.328654723738662113e+00
5.200255613405905919e+00
2.057747789077818190e+00
3.284582864849409312e+00
5.024859653087204947e+00
3.793595865968039327e+00
5.029938157455607239e+00
5.240099017906861611e+00
2.957558649778126103e+00
4.960019512889032534e+00
3.894157399014992915e+00
4.365980387920007644e+00
6.190938174013494333e+00
2.068834998941087910e+00
3.478093294481429343e+00
5.610218327657617188e+00
3.718413726648108764e+00
3.526012144336370557e+00
4.987263405159695573e+00
6.634014776903300437e+00
4.104120119812422196e+00
4.256209761662456792e+00
5.759191801517974163e+00
3.580791871096479895e+00
5.217637499146351665e+00
4.406731466100730188e+00
5.146199789643138622e+00
4.507247651341199202e+00
5.037326208275535677e+00
4.627014200324758519e+00
3.895696767311587649e+00
3.887237925338321798e+00
4.475289077447143882e+00
4.364292161889725463e+00
2.905695341919838359e+00
5.150182844267894744e+00
1.923875504306959972e+00
3.279207425217101068e+00
5.056699117333730342e+00
5.854538880962881109e+00
4.826116389015925989e+00
1.764851261031004981e+00
4.003436186541331487e+00
4.252876437650175312e+00
3.157732598920592881e+00
3.300342565659223570e+00
2.772696388262588130e+00
5.372384181582770424e+00
3.948480061799399810e+00
3.994140240503557759e+00
4.430382655199474939e+00
5.262263857177822857e+00
3.902434083982576851e+00
2.951193350788297032e+00
4.450087406844639659e+00
4.448445073816828632e+00
2.880941320314830634e+00
2.708234815778656657e+00
4.585452673188391337e+00
4.606964224247673378e+00
3.879588517904213330e+00
3.491197718478654011e+00
3.632834341230640973e+00
4.197406702283892344e+00
4.397766999380975150e+00
4.039432347486786590e+00
5.133871729090638603e+00
4.113038943586494689e+00
5.134062372592925527e+00
3.057913589118759212e+00
4.190609981980893295e+00
1.765963855583841724e+00
4.606296900512050208e+00
3.502977435449871724e+00
4.531135609021821331e+00
4.574228574356556720e+00
3.495323087451345234e+00
4.700852872789525350e+00
3.999506490963555372e+00
3.689953879248633939e+00
2.021094771291396697e+00
2.868070681040288505e+00
3.349201898687713896e+00
5.367093855293905591e+00
4.902659804914924813e+00
5.625109423986740964e+00
3.806684346971126676e+00
5.082554959068066758e+00
5.406021111652971278e+00
4.774652389565053667e+00
5.546152982539482856e+00
5.963304456908424811e+00
2.898862963138528759e+00
3.940519428324924078e+00
4.453776363503028968e+00
2.645053586106248744e+00
5.653161330760926084e+00
5.025131433442419748e+00
4.712814394320345102e+00
4.838454225102637452e+00
3.322622266908874078e+00
5.049850816492172711e+00
5.203096922521303291e+00
2.744091970969597227e+00
2.044375144476255457e+00
5.815926467438218062e+00
2.757737134982638505e+00
4.665398665927170008e+00
5.198182602922323703e+00
5.920029327439585209e+00
2.347494725981902786e+00
4.789523947602439158e+00
4.290818409830142954e+00
2.698829097085144291e+00
4.867194571281104665e+00
4.144715524961140929e+00
4.555155321061103102e+00
3.988280031482446919e+00
5.303519641579344857e+00
6.470430502076065515e-01
5.564644223548422808e+00
5.057297239763673069e+00
4.086315380631805994e+00
4.801158350187271218e+00
4.381357911864189880e+00
5.624657040959498921e+00
4.726374284312227836e+00
3.923404738444580264e+00
6.321825628333413327e+00
3.777066006335474846e+00
4.070599038933991665e+00
3.494687121540760000e+00
3.080059092069395099e+00
4.717352208504397737e+00
5.561961581639148555e+00
1.265572411515329065e+00
4.559806616522497080e+00
3.762342025505593934e+00
5.140336407634192639e+00
4.672504533777276592e+00
5.241891894917814376e+00
4.235532820415746968e+00
3.821437287466543875e+00
5.248201069806373908e+00
3.077393299568724760e+00
3.955255251779408621e+00
5.004504177851507585e+00
2.868934005125487463e+00
6.068387054773864975e+00
3.055957097741262896e+00
4.788595256144775547e+00
4.889298005780507772e+00
4.169421309555044530e+00
3.167773277124314557e+00
3.507279494931570873e+00
4.602503032753820555e+00
4.320296075659670443e+00
2.552372346268470427e+00
5.103866815490699871e+00
3.945381016742457891e+00
4.770536710436857675e+00
6.592953615965681635e+00
3.284317682272301919e+00
5.464505406553025857e+00
4.854228538469442356e+00
4.898669500895807438e+00
4.173812978883308489e+00
2.903978154802945522e+00
4.593909529167580885e+00
4.417938706186693487e+00
3.558546926729889481e+00
3.761932650525816157e+00
4.220226087186068398e+00
4.898563447393398107e+00
4.450374961768535975e+00
3.900712175155909733e+00
5.696810100965049806e+00
4.253299667757223901e+00
4.302313041361929713e+00
5.327663672964488839e+00
1.237203032491323462e+00
2.914409612625702195e+00
3.962159023519176149e+00
3.832651020308969869e+00
3.811290772977021124e+00
3.110647140818592504e+00
3.670425842173435704e+00
3.183892305828956992e+00
4.817919929668482482e+00
4.952672059576314290e+00
3.051895419030101309e+00
3.351920717016648066e+00
3.576877046379014047e+00
4.698862692565810129e+00
3.163014924995590338e+00
3.485101124129516670e+00
2.499830410299567429e+00
4.706449930745824517e+00
4.783393565848471418e+00
3.998479621554590580e+00
3.289843980599873596e+00
4.225425940416864812e+00
4.048192968397195557e+00
8.113388786069568592e-01
6.039148102008548236e+00
2.788204818886344416e+00
5.088186102935658539e+00
1.951806170874818669e+00
4.774703180361165700e+00
5.899385350857001775e+00
4.851201165500821588e+00
4.940286960289316021e+00
5.839610819971030153e+00
5.003984769895252427e+00
3.385898547757134391e+00
5.192046237358407090e+00
4.084307917101232199e+00
2.913675606472208024e+00
5.693491144645161484e+00
3.691358691781577939e+00
3.758174844467958131e+00
4.064413063556856720e+00
5.922331735815643761e+00
4.348575197357250843e+00
5.033038795985097735e+00
4.858003361792303743e+00
4.888367263796983053e+00
3.979428820893970098e+00
3.956200389157017661e+00
5.940932601536169422e+00
2.683804213833095087e+00
4.918010954013509739e+00
2.279894509190060425e+00
3.426827324863064295e+00
4.809751110221403891e+00
5.487994905903063270e+00
3.257078328776059628e+00
5.855767381627455137e+00
4.034768385278964864e+00
5.369846280538561167e+00
5.360379670582736900e+00
4.732600466705249254e+00
2.784891787061998691e+00
1.171651872020418539e+00
3.321406766119654907e+00
4.663628065620917695e+00
4.543691631235839523e+00
5.251580122087488256e+00
5.542647188590346552e+00
4.399493033969546829e+00
4.153697119842396646e+00
4.867774223558799740e+00
4.944477762721226632e+00
5.488697247823157710e+00
5.290662785135520352e+00
4.898036451219369702e+00
5.052585819414542101e+00
5.821486053293726037e+00
5.369436672298689928e+00
4.732340082919262336e+00
6.052357163243975435e+00
5.155499398933383937e+00
4.834428815495920517e+00
4.272017637493712883e+00
4.745091690240666793e+00
5.355340546258164025e+00
5.481633497538024535e+00
2.869849568790476368e+00
4.349731521072890850e+00
1.825810221541846579e+00
1.180529703388514040e+00
4.903323532716847843e+00
5.660320442680249364e+00
5.526210330986386587e+00
2.170752272782061176e+00
3.730352007619722521e+00
2.819845663053591078e+00
5.331852464496794397e+00
5.261427977414906643e+00
5.075434763819932193e+00
5.473297218478462511e+00
3.712628214585717235e+00
5.023799653691622069e+00
5.174269193164180436e+00
5.011360426702792026e+00
5.698244564869401785e+00
4.412307193921509274e+00
4.697320353476889920e+00
3.853038509328870376e+00
6.094955855777328679e+00
4.669636040284327549e+00
3.421233725289592797e+00
4.800307706321585322e+00
4.972807120821817861e+00
3.229062477615716187e+00
3.986227779978465779e+00
4.551477957998199209e+00
2.294590871790323838e+00
1.140598586337836284e+00
4.322632759390154789e+00
3.743095595866437808e+00
5.324239270031691618e+00
5.094908303318234744e+00
4.772270341719941023e+00
5.421467064687149673e+00
5.456720561777895995e+00
4.877172827801655508e+00
4.549999829146041286e+00
4.880149351208965314e+00
6.956043133076349472e-01
4.301035947814281890e+00
4.070456030418092119e+00
5.073805671873130585e+00
4.593352520106982695e+00
4.438143402509171054e+00
5.186857362647384839e+00
5.097945089330695012e+00
3.562800320891942985e+00
1.816735088996597636e+00
3.069513185746287398e+00
4.292320184668960259e+00
4.531683929767546637e+00
5.194644563407082138e+00
3.838183575511524559e+00
3.872123286765581263e+00
3.808380382212764648e+00
4.061084330236830908e+00
3.910580445415495987e+00
4.682352602747760884e+00
3.087732737649946824e+00
5.888192880092506520e+00
4.129555401481495913e+00
4.461492038816245120e+00
4.607223694379285917e+00
4.221510926229940175e+00
3.136681769521385110e+00
5.209207629035152998e+00
5.909357565186661887e+00
4.350418029575163992e+00
4.171281619137054975e+00
5.950652671534150784e+00
3.985187733691037515e+00
4.112568956842486578e+00
6.234292706932305528e+00
4.513040819129391146e+00
4.956219793809579222e-01
5.789038843541459478e+00
4.195636495376231068e+00
5.053639579843327567e+00
3.831897252987113145e+00
5.127540462560855161e+00
4.659492005183548891e+00
4.844798354372720439e+00
3.358794327503406674e+00
3.471895416172284587e+00
4.351906246890606234e+00
4.289095237119442849e+00
4.567921735087179691e+00
4.701903285142698508e+00
3.177775661951735664e+00
5.390848401226762121e+00
3.907557953434089182e+00
4.639024048717159232e+00
5.111191257990967074e+00
4.444807886484308135e+00
4.531325453394301483e+00
4.542298793386506439e+00
6.144908276639561961e+00
5.607781001781886765e+00
4.378934179428186191e+00
5.153199233798210877e+00
3.596440236864321349e+00
4.413647181690880217e+00
5.851036576733290140e+00
5.013702413955920534e+00
5.672522989569645624e+00
6.176823307597017809e+00
3.634058244346283217e+00
5.147964277211459105e+00
2.058206120847362985e+00
3.667448040076991767e+00
3.635721192915428279e+00
4.633224490825106123e+00
3.917579981861450733e+00
4.294125998989838600e+00
4.366861144305953069e+00
5.538109770505097451e+00
3.599689831455083588e+00
3.177438923042673391e+00
6.960829331855741486e+00
4.960239368398072557e+00
3.312723420892118575e+00
5.801194354400157849e+00
3.176831835429543283e+00
3.857407538163056593e+00
4.664542414131966019e+00
5.160363091721858808e+00
3.649870964672857987e+00
3.360555169431882927e+00
4.243343425247737777e+00
4.047888673315363839e+00
5.282429601497061533e+00
3.427406650534164267e+00
4.180100047350584269e+00
4.772713996977030249e+00
6.397753883361532168e+00
4.395422570081739089e+00
4.425990265766417409e+00
3.092025757062231595e+00
2.108612665578057488e+00
5.322707387845751370e+00
4.721196320754275533e+00
4.581517876027425551e+00
3.886355576756430619e+00
5.009089664006212139e+00
1.055192458727831406e+00
5.071758399725987410e+00
3.625979058646655595e+00
4.690434022514306633e+00
5.328817341754627179e+00
2.505513466596037020e+00
3.412431727745439236e+00
4.013365020558301133e+00
5.348155466956889370e+00
3.861240559926791605e+00
2.817402647617971212e+00
3.818078401482720263e+00
2.528519531006897747e+00
4.725639014905990365e+00
3.217070869868465799e+00
4.217124734707371481e+00
2.139008270625567754e+00
4.778237427874887366e+00
4.135834447765659228e+00
4.140268804769410949e+00
1.925906038571517653e+00
5.534681785288297462e+00
4.003659685558766945e+00
4.191251142614425440e+00
3.916379474680763639e+00
4.697072567477955651e+00
2.005787673625471612e+00
4.626175523021883507e+00
5.482288141054851849e+00
2.196619100370881927e+00
4.772486121601666298e+00
4.153613273643374626e+00
4.143654140758882498e+00
3.855730295307419730e+00
5.074424910415442191e+00
4.616410353361192875e+00
3.356965460633660747e+00
4.230891357500744299e+00
3.600853786977807669e+00
4.861187074808082542e+00
3.694709695593408671e+00
4.281589898747601097e+00
3.384740740000864445e+00
4.085435284872681372e+00
3.779373331544694015e+00
5.798632162811250268e+00
4.133014530290079591e+00
2.941338758959842981e+00
3.901822824796173705e+00
3.921073347466563330e+00
4.001968242990509239e+00
5.349529326894804981e+00
2.989726495050068600e+00
4.103493713302996504e+00
5.268834343656970454e+00
4.263579321539554101e+00
2.711657117383416082e+00
4.889310166992167694e+00
4.774645467265316690e+00
4.387297215284322149e+00
3.133845134322082782e+00
3.266717071519474658e+00
1.911398443539895409e+00
3.638934985613106132e+00
5.144703247926378786e+00
5.006855560538316929e+00
3.898243047003558281e+00
3.447309620191215895e+00
5.689390414254603456e+00
3.007994585717955527e+00
4.064068642275286081e+00
4.180950900377651713e+00
4.459629497775555507e+00
4.189182885057295636e+00
3.426460072340129503e+00
3.621830053122953696e+00
3.571546240178938625e+00
3.971383133279865696e+00
3.023684394846966050e+00
4.772220447995622727e+00
4.097552958781006005e+00
3.122897893523346013e+00
3.414339095845724703e+00
5.380804513052099836e+00
2.597313693567487203e+00
5.258000335656186408e+00
2.635445210659880910e+00
1.033842686410202605e+00
3.313497315823185296e+00
3.493851571023706359e+00
2.403720027494836931e+00
3.862611652283813424e+00
5.155155112161629916e+00
3.907090855333787971e+00
2.701183024441568659e+00
4.826551869510237402e+00
3.040304738578866850e+00
4.332468418991547665e+00
5.074464450024989581e+00
1.501097939274599558e+00
5.752516912808991023e+00
4.828890184649822892e+00
5.181921935703837079e+00
6.262723777149584059e+00
2.362001049191269519e+00
4.686452728431953041e+00
5.486704586844970422e+00
4.040118934207068691e+00
3.843708993547746644e+00
5.671034453233781747e+00
5.139130012800992020e+00
3.469919714078498529e+00
3.267765315729885600e+00
4.784350485051537483e+00
2.807154239371507209e+00
5.300206167886613251e+00
5.071130122685702624e+00
2.863028121838764317e+00
3.048520345900552986e+00
3.227768088818787628e+00
4.209105752862876137e+00
3.685806896946434819e+00
3.832910678638850932e+00
3.501373748589042822e+00
3.831459740624501897e+00
4.040613789175580450e+00
4.354770240758360167e+00
4.588438342628180067e+00
3.572256069547623092e+00
4.292139153579322297e+00
2.917690559010704732e+00
2.793004754438946247e+00
3.963182370214445083e+00
3.867765293955512718e+00
3.374237139113470896e+00
5.719543282767804548e+00
5.890481274830621672e+00
1.033162369204791986e+00
6.624362680288492733e+00
3.679436071090773641e+00
5.600009852017975298e+00
5.139069894891822088e+00
3.687411611396792299e+00
4.592240045551104544e+00
5.612746582850374644e+00
3.887784879584627262e+00
3.256854448870318386e+00
4.395111635908841130e+00
4.309571286071005147e+00
2.940288634063727091e+00
1.854867327284120293e+00
4.730795734707416322e+00
5.616096147663622418e+00
5.225253104327788556e+00
5.596860751655930777e+00
4.339921455286706475e+00
2.704362802217843420e+00
5.769789430148051679e+00
4.815021597167890022e+00
3.204795521199620634e+00
4.382523333843479030e+00
3.666996154532287555e+00
2.540679180327314324e+00
1.371293389430926934e+00
3.839058012029056055e+00
5.201959360452567793e+00
2.467760967811059469e+00
4.521932272952859044e+00
3.869745655894137659e+00
5.358240377300025337e+00
4.058111417317444847e+00
4.685399601070681541e+00
2.585306262629484042e+00
3.896434355931255311e+00
5.335860029090979673e+00
5.742546344246944656e+00
4.847481465891043229e+00
2.221926503512205997e+00
3.422836590360310627e+00
4.008094704628190286e+00
5.148467463972568936e+00
4.186495533984484041e+00
3.176409350107244567e+00
4.053519894998846240e+00
5.267122796004605867e+00
2.586427374139407487e+00
5.161156104140177447e+00
5.124998477099823369e+00
3.233122559351779390e+00
5.184590594241302419e+00
2.615986629236660033e+00
4.761335246513574759e+00
4.212610268151606441e+00
5.370229680692109042e+00
3.989957075908027839e+00
3.172711123144473788e+00
5.049159802556033583e+00
4.402276849193293984e+00
4.808508802148069528e+00
5.892512041535987066e+00
3.385180042574011949e+00
4.172172757292753609e+00
5.421495864597424053e+00
3.597937209563774275e+00
4.435614258462820203e+00
6.399449078833153060e+00
3.612202888266199174e+00
4.036522982920753400e+00
5.523252749083088275e+00
4.056572012742679867e+00
4.416557339936241000e+00
4.008395290502381414e+00
4.759567212271107906e+00
3.148361927871804689e+00
3.739758773509486822e+00
4.133132419790152667e+00
2.159172140201667478e+00
4.507505927980002269e+00
5.335815139058702528e+00
3.574638829060351242e+00
4.614583299434709573e+00
2.271714662017081388e+00
3.278259457603101001e+00
5.004120090505461249e+00
5.574833784649652735e+00
4.380248192543416685e+00
4.680235328564998021e+00
5.755252352014052164e+00
5.544904585291012822e+00
6.308843532536386967e+00
4.635698451401810694e+00
3.792284072059113331e+00
1.442200553311019817e+00
4.652629032023525291e+00
3.454039245490853283e+00
5.780444038845942600e+00
3.596039683269045550e+00
9.879752826201465554e-01
3.534379059737310147e+00
2.803171192015933233e+00
4.189463275087415894e+00
3.763541749755167309e+00
6.756337585176996896e+00
1.073696146005931329e+00
3.401757691197350830e+00
2.540127286444624932e+00
1.681809353600127288e+00
4.329215470929044685e+00
5.996504625374108777e+00
5.211828251811494894e+00
1.071008242493983298e+00
5.110610140114626887e+00
3.872050965470186679e+00
5.873443356039920182e+00
4.912821289496659638e+00
4.418006559257145582e+00
3.273870268848648735e+00
2.092576245479943697e+00
3.151525660440514187e+00
3.011683738997705806e+00
4.588514148817638194e+00
4.515193769578929484e+00
4.704949607746688578e+00
3.809276606085354899e+00
3.016245433918510077e+00
5.120269244912749151e+00
6.099916933146664277e+00
3.769114758180603708e+00
5.473546473349052199e+00
3.525879518328652207e+00
4.472340282925195254e+00
4.503306250060324700e+00
5.610536591564197373e+00
5.174787744167440806e+00
2.903891140700755269e+00
6.154523428715020117e+00
2.690051608531265792e+00
5.075704355201249740e+00
3.210260134358811523e+00
5.587533164011732723e+00
5.126248063081067841e+00
4.064067113411405252e+00
2.241278693396172805e+00
2.906166759551193302e+00
5.206733328813161421e+00
4.597513448854769536e+00
6.506559400554895234e+00
2.989688188398086144e+00
3.332925179474825139e+00
5.099995520477269118e+00
3.961622825169837991e+00
3.330014549202604091e+00
3.776058234158235827e+00
5.712019290016908890e+00
3.765937388788206164e+00
2.698265317993939316e+00
4.970057405501091097e+00
1.034255583595362404e+00
3.629901854430422237e+00
5.766251287757926391e+00
6.428868079596218976e+00
4.817870247168241526e+00
5.057415022470305388e+00
6.236220853474565118e+00
2.854804962955449721e+00
4.123227446546713360e+00
5.482541403558285786e+00
4.175426687652257662e+00
5.478787687356915903e+00
6.161612177233910081e+00
5.111155355380728516e+00
2.519522037355358624e+00
4.404714648458631032e+00
5.330256429959692177e+00
4.983776057750213262e+00
5.584445560605210801e+00
5.887840396175576529e+00
5.441182145123954150e+00
3.589449982780650306e+00
5.604210209222519445e+00
3.714944014638607683e+00
2.566472031994542213e+00
4.292594600047084263e+00
3.639258547854649972e+00
4.659405509476406415e+00
5.682834660613243827e+00
5.115804269140104665e+00
3.712044221927810472e+00
2.893464952181649341e+00
5.277969962576464447e+00
3.695653787769105580e+00
3.628173241958200013e+00
4.041252658942320330e+00
6.240467577847282676e+00
4.086399565373792342e+00
3.429998088758792196e+00
6.025476106693966827e+00
5.894387838416282221e+00
2.504510131503381309e+00
4.087606533100484718e+00
5.874129581744663042e+00
5.345370545790092187e+00
5.434212432338265231e+00
5.428234969701023260e+00
4.106312124768655814e+00
2.754642306477165459e+00
3.514589227201700083e+00
4.908776812852674531e+00
5.454297141851895070e+00
5.245173516860737628e+00
6.096090233149752180e+00
3.819125319085377335e+00
5.539419599980819342e+00
4.671849521044505238e+00
3.193257224088292823e+00
5.488468102980243124e+00
5.102471719865387279e+00
5.330421751445562961e+00
4.493143659446380944e+00
4.714735066762499649e+00
5.699553369661128244e+00
5.399938923003025693e+00
5.141897131257846532e+00
3.607736398460334115e+00
5.248676823591011953e+00
4.953623474582592223e+00
5.559050444331660401e+00
4.917961425522145547e+00
3.919895380254807549e+00
5.380794345897276010e+00
5.885265216043809922e+00
3.757619909523795432e+00
5.655468061838519134e+00
3.875037333905552828e+00
4.017776663526620773e+00
5.060139152270052953e+00
3.295635137220155997e+00
3.205387509781388644e+00
5.205814963168945653e+00
3.230330762896579166e+00
1.363998999769581832e+00
4.001685713473054129e+00
5.463261377300517196e+00
3.733432113996917767e+00
3.824515699080363262e+00
5.206660777296811204e+00
2.876964394661866375e+00
2.654651656382690739e+00
3.770510233522814669e+00
5.184688660536724392e+00
4.467493729331719621e+00
5.244117108605563793e+00
5.723376591174068828e+00
3.846845076672162911e+00
5.366822764355603681e+00
4.155557049633005207e+00
3.633768197556072721e+00
3.623139954990952649e+00
2.656543229928178818e+00
4.237740719933837497e+00
5.085721953055333699e+00
3.881872677431824403e+00
5.466294037361165259e+00
5.467783774273750730e+00
2.766051826492374577e+00
5.687026395462480011e+00
5.555689316628796171e+00
2.825487628940467566e+00
1.969254916866270300e+00
3.583634783145990266e+00
6.186768381502446346e+00
4.713369886758772331e+00
5.268328856571363517e+00
5.246033445730651223e+00
1.735502145452691325e+00
4.904718422612309503e+00
5.089034090898206131e+00
4.531791056811496077e+00
1.640349135387725310e+00
3.011749343942582868e+00
6.187385120667517668e+00
5.946174631408025490e+00
1.139676918925512705e+00
3.472785279327065489e+00
6.105648864135091003e+00
3.020580862828694535e+00
1.487943633844245994e+00
5.240849759858396517e+00
4.214898624142041861e+00
2.476101086904419546e+00
3.959609435553334222e+00
4.728028947471883292e+00
5.030020759191777380e+00
5.121612596387353555e+00
4.618019168294976495e+00
3.410022383382940614e+00
5.586026843325403668e+00
3.875665834634087314e+00
4.887035164541786436e+00
4.140981983749724371e+00
5.237313698546770979e+00
5.371425162850027135e+00
4.641225221762987019e+00
1.074111413667087733e+00
3.682254392258029529e+00
4.605345942913247725e+00
5.696899116218047787e+00
5.455780227746265254e+00
3.792927327394000070e+00
3.528481023232644009e+00
4.491599856920532652e+00
4.251388375037421063e+00
5.572254572274820461e+00
4.854493017164517532e+00
5.580835305432200855e+00
4.680786842445673557e+00
4.417877237230523946e+00
5.537874027018986567e+00
3.762624247468854044e+00
5.085112219360367725e+00
5.303390920749643911e+00
5.446275791255313692e+00
4.992961783837928991e+00
3.797626645992215888e+00
4.514415652499581988e+00
4.726742994771405471e+00
2.000709360985819085e+00
4.122700442454642733e+00
4.187886501973842712e+00
4.472855133171287356e+00
4.939745051994672842e+00
4.095926429978358208e+00
4.338638895404107743e+00
5.505372640252721439e+00
3.159347151976921175e+00
4.282365636165944345e+00
3.511387976492790663e+00
4.571211693722097458e+00
3.040119128937186499e+00
4.921475256860582626e+00
3.865664854632457459e+00
5.427157183848472677e+00
4.057043719425178274e+00
4.904650571037108442e+00
5.496218754842426613e+00
4.424457224150816437e+00
4.841882507535214764e+00
5.382995801769951072e+00
5.280907274008398211e+00
4.506304684261059457e+00
5.432514367299562608e+00
5.495606905942497455e+00
4.353548374102143903e+00
4.915399817428886209e+00
1.181753754419005098e+00
4.381045998329031299e+00
3.047864491649788565e+00
5.747671751070372537e+00
4.131652123068429994e+00
1.829339797934909972e+00
4.428258090953431925e+00
5.965372431305993040e+00
5.037361473221634078e+00
5.801652586177543647e+00
5.009809491376277180e+00
4.367770188357160244e+00
4.586692737377321194e+00
5.548412956701302079e+00
4.075197803815992614e+00
2.031134980701039705e+00
2.303882790372874467e+00
4.253453420799003126e+00
5.545980311826641085e+00
4.927270679214608151e+00
4.143794034951180372e+00
6.069901539416365566e+00
4.723153518562359210e+00
4.053563065929890463e+00
4.646265242592940936e+00
4.743918857269625811e+00
2.346525003492194283e+00
6.903740045064406416e+00
2.826563188126956838e+00
4.113893912955317589e+00
4.532162209166551214e+00
5.331902636798695916e+00
4.682032203948773841e+00
4.011459436967418135e+00
5.274918677489361940e+00
4.875083813315253423e+00
5.177164736460096783e+00
4.481145004540751486e+00
4.557535005763833524e+00
1.348392935437400686e+00
3.432508675685354671e+00
4.433084707805612368e+00
4.527263706398601428e+00
4.029221460733974247e+00
6.113400016617246635e+00
4.962785798172257401e+00
5.317917142305486067e+00
6.464411544877251004e+00
4.867852984427530671e+00
5.797587023198209621e+00
4.199677847155017574e+00
5.034918753596678620e+00
4.551090226837864350e+00
4.497612554665224138e+00
4.582090649877941679e+00
4.465552940202718091e+00
5.793675567682217142e+00
5.166934680247819323e+00
2.226195467887297053e+00
3.899661126875241468e+00
5.700584236142717920e+00
2.848893047409454926e+00
4.432108733405862644e+00
4.721696586899806647e+00
3.517053442358105908e+00
4.719252307729233209e+00
5.812392878305162824e+00
5.257879304939158338e+00
4.139967812440621842e+00
5.212991699547860236e+00
6.235442463969108395e+00
4.922703643584900313e+00
5.033432733470168507e+00
3.168661705095499936e+00
4.306875276407022390e+00
2.183237559862621691e+00
4.884640189423594236e+00
4.442802545671836079e+00
4.646577223676415791e+00
5.802557114977444641e+00
3.416920546899957944e+00
3.608832612440286969e+00
3.297708943376582713e+00
4.740249524762186972e+00
4.239190046702364434e+00
5.563964381526937508e+00
3.094518974241872833e+00
4.173167723588986355e+00
3.610148455748808161e+00
5.260932453292608280e+00
4.524721266344452708e+00
4.476776694436582993e+00
5.505262906727159233e+00
6.249966290995973672e+00
1.004665920830813297e+00
4.056215797861306704e+00
3.041352256077840988e+00
3.940881273956374553e+00
2.442989199198168926e+00
4.444682516099340397e+00
4.835367076326208213e+00
4.951943978116950973e+00
4.860461083483886391e+00
5.777176990946671253e+00
2.787363682507987050e+00
2.896006700300958858e+00
5.686912082114439215e+00
3.718248221299520484e+00
3.785538428863876703e+00
5.811304164975257258e+00
4.284676973700584313e+00
5.290396439352578639e+00
6.014800802451918393e+00
4.418731334427699053e+00
3.799684130608461441e+00
2.233388162275907529e+00
2.528345858907269594e+00
5.544037518654383767e+00
4.586491304469263675e+00
4.898297922136846339e+00
3.898559188568857081e+00
5.344853284092477175e+00
3.765419034548925126e+00
5.061155330305532551e+00
3.794421744828519127e+00
1.179633347530317566e+00
1.778533681510629627e+00
4.347314159063446759e+00
4.127852014257149094e+00
2.360630276560070850e+00
5.340751595385409445e+00
5.316028773514391403e+00
4.347495236256923690e+00
5.389148715263026190e+00
5.556204775022211884e+00
5.593642054694751842e+00
2.154912481867530705e+00
2.108018347617433452e+00
1.601813590157774581e+00
4.034403356893410120e+00
1.125103376870331573e+00
4.788758897590597030e+00
1.103320237510989399e+00
4.614218235441782667e+00
5.695840431858358421e+00
4.888678958679316011e+00
4.790644847339137868e+00
6.059796592000193272e+00
3.532527053271007578e+00
4.299845385264060127e+00
2.925537933391144652e+00
3.251002646095694448e+00
4.770644080727779901e+00
6.631623006754964855e+00
4.533195866792215867e+00
2.988551391752367614e+00
2.642368193380745467e+00
5.029192282106974332e+00
4.475296744807651272e+00
3.646061090808971006e+00
5.768010103640651032e+00
3.092583630295739905e+00
2.872972705392250248e+00
3.461298859720181920e+00
4.748076430279827065e+00
3.254531744376076396e+00
3.118097724067510512e+00
4.001544395078735938e+00
5.464308171012706161e+00
4.680216203289689680e+00
4.803539026436478565e+00
5.011589999153249764e+00
4.774302741645320758e+00
3.245263820956589829e+00
4.148539608269869561e+00
4.956538347149828105e+00
5.420952360660171720e+00
4.911821490542176427e+00
5.063121371678092508e+00
4.365737976119122621e+00
6.090263526017724693e+00
5.173718992147285256e+00
3.789073143354342754e+00
4.346473751326985990e+00
5.144153355992163057e+00
2.863399173812156473e+00
4.774062179246108428e+00
2.295988953250809761e+00
3.715118353939944829e+00
4.497398665129166417e+00
5.642762318602165372e+00
4.391645608256166788e+00
5.274574336865962998e+00
5.185033141779805455e+00
6.184897627402976994e+00
2.760553446383995357e+00
3.678634337474146143e+00
1.517904572446705957e+00
4.622454111071292004e+00
3.959401056946401098e+00
5.525364142109590482e+00
6.016539370648525065e+00
4.002338505415205638e+00
5.139370092465961548e+00
5.811745031247897764e+00
5.189144550003010004e+00
1.847245122529428185e+00
3.686957028168762029e+00
3.842863165583368268e+00
4.123951395546382237e+00
5.845137337387270371e+00
4.638795924844268725e+00
5.247965323668078774e+00
4.399086982917003397e+00
5.049990577028882655e+00
5.228539227178915283e+00
3.930893704697927760e+00
5.296252501858903727e+00
4.227749541624515217e+00
2.101096015931068539e+00
3.707690241948741861e+00
4.941515813766129028e+00
3.847922621668241838e+00
5.373315912239122305e+00
5.290144545360998762e+00
5.311849208613016238e+00
4.572885564071086151e+00
4.032632772747087202e+00
2.702394572234180892e+00
3.828752610872841355e+00
4.244321327001089550e+00
3.906482905877008527e+00
3.787878802239315057e+00
4.036209590398157410e+00
3.884033762056301686e+00
3.574599151829540133e+00
5.313718012771775356e+00
4.943607743334221816e+00
3.375643628843294497e+00
4.575288701515696665e+00
5.254453427669949939e+00
4.389082326308684223e+00
4.493777491519872491e+00
3.372789592290488248e+00
5.361559888685017761e+00
4.204196280625837723e+00
1.235941185631228345e+00
5.316181531943977134e+00
6.291279776429653303e+00
5.063635187788452896e+00
3.726493876293523577e+00
5.111759154343683775e+00
3.825367543148790794e+00
4.801767117137869967e+00
3.102372734156379153e+00
3.887509885078460403e+00
4.102288901273902333e+00
3.658426079214654791e+00
3.117311054988736174e+00
4.138896451857258185e+00
5.359800722314379762e+00
4.293865620386710269e+00
5.208694734829107276e+00
4.708250309815753987e+00
5.075996299793738231e+00
5.092594138394932912e+00
4.255996622156733800e+00
5.072849997595142213e+00
3.477642566693670112e+00
3.300187835545838499e+00
4.149407510083284123e+00
4.235766605490968395e+00
3.853467098999165064e+00
4.811807796111771118e+00
4.133506292857105358e+00
5.335686847514224063e+00
4.700017744902877936e+00
4.697369585980827544e+00
5.052337273748585211e+00
2.033951687486946991e+00
5.500872311862834430e+00
4.022997871943120529e+00
5.338542148148080813e+00
2.687708111528794408e+00
3.669622247827114325e+00
2.793312511863212055e+00
3.913129599911718159e+00
4.063471354040660621e+00
4.814833813992660083e+00
4.611809866584621886e+00
4.948516063890459726e+00
4.994027971685152778e+00
4.304074236983217894e+00
5.341470053737625179e+00
3.946618977612642354e+00
3.279161119066007934e+00
5.863067906515468053e+00
5.239025833644386232e+00
3.130876854039199131e+00
4.646015098587745307e+00
6.203941760042494202e+00
2.508497948289948543e+00
4.653889743024440584e+00
5.945151226096042407e+00
5.060391886548194940e+00
5.304117733409157154e+00
6.065066640057547254e+00
3.424539658400810094e+00
4.021076247485513733e+00
4.711797163949157152e+00
2.658041281703397374e+00
9.607834836242642451e-01
5.972524407579701489e+00
2.620062325718197638e+00
3.879596916725359002e+00
6.409321244205402834e+00
3.859413634365027157e+00
5.494634077486352020e+00
3.818579872072546788e+00
4.082064603531597058e+00
4.080882506872674398e+00
5.327496036014526481e+00
4.258764163773309797e+00
5.710252943076143062e+00
3.938234185217145633e+00
4.374479338570083975e+00
4.591044445730521950e+00
3.365302903829235692e+00
2.093614030712342533e+00
3.881437959793264003e+00
3.222467535195594479e+00
4.545013234142945890e+00
4.604582950043567102e+00
3.473442156377640089e+00
4.960303065213805596e+00
5.073965018492509138e+00
3.014293106505168129e+00
4.135637558087476684e+00
3.895810911178208880e+00
2.876543411055975774e+00
3.398455000341674914e+00
5.284651150166972400e+00
3.332817164658278486e+00
3.299893036265007407e+00
4.813597309613922626e+00
4.149073340008879285e+00
4.156472231767716075e+00
2.612693822530593124e+00
3.544368602478543018e+00
3.773593807204743023e+00
3.974402743831495055e+00
4.200901418834014578e+00
4.601532788643222460e+00
3.187635667503965209e+00
4.180160099598802859e+00
3.827289159414489106e+00
4.525641665577992079e+00
6.035447554714016505e+00
2.801256166206660403e+00
2.460266033718922163e+00
4.761221770289839839e+00
4.822472453737457698e+00
3.889466126931760748e+00
5.102476724877935688e+00
5.922158619142684266e+00
4.766049860329234278e+00
2.627707949233196061e+00
3.999133194056926577e+00
3.410936432474647617e+00
3.621198417785261636e+00
6.338927272569549132e+00
4.742194272631263807e+00
1.779631227682148431e+00
3.992500180248090391e+00
3.442232464969789962e+00
4.362545049194485713e+00
4.339460510863827558e+00
5.571794227162516044e+00
2.490474018096592079e+00
5.566273786390039113e+00
5.662661002968999213e+00
4.495402292747595396e+00
4.571365414857522680e+00
5.356758756344958350e+00
3.669286646545204533e+00
3.434926027028169404e+00
2.941363823745002382e+00
5.359474437596376539e+00
3.649331634224253218e+00
5.044637423249496599e+00
4.246162946007924432e+00
3.552263383078130943e+00
3.944321244229205270e+00
5.447453513862893004e+00
4.070648061492065040e+00
4.902994788817909289e+00
3.772568001034603657e+00
3.544493251328550532e+00
5.191948094734002872e+00
3.062805338276994416e+00
3.566109366698792638e+00
4.711274045963754098e+00
2.989575604793436092e+00
3.426130081913279835e+00
5.317124103186246842e+00
3.520153842357351515e+00
5.263443696144665118e+00
4.743673248554508781e+00
4.065450474677411385e+00
3.213309977062350331e+00
3.731178728555267110e+00
5.945953521329351510e+00
1.077427258075914773e+00
4.697910756586799685e+00
5.410749232200081416e+00
3.830660662687121576e+00
5.368463015196716093e+00
5.855457509784216974e+00
1.872025997651732387e+00
5.388514451346853917e+00
5.386708525431317618e+00
4.276070971510598895e+00
4.275041681043918906e+00
3.575437265021169875e+00
4.329754268607855394e+00
2.744254284634069840e+00
5.847571510587612487e+00
4.901391826864096579e+00
5.413421021956021484e+00
6.489563837872894148e+00
5.110263756681944436e+00
5.744430972346263431e+00
4.235848404023003333e+00
1.796494417550816847e+00
2.578015775820684752e+00
5.895328283346312759e+00
4.914296625694245968e+00
5.482775664918428049e+00
5.213107546964526051e+00
4.798732266077131214e+00
4.552724203134192571e+00
1.948099590315593987e+00
2.927634101786907639e+00
5.653291637518718105e+00
3.328995462593691723e+00
1.389141437350618347e+00
3.653378960410713194e+00
3.510115797701141460e+00
2.764886693840711729e+00
3.214567768497231803e+00
5.174461810953153496e+00
4.363424224974730592e+00
3.913169986367211362e+00
4.092954007054342647e+00
3.649006250799944784e+00
4.879117482094640579e+00
4.511324151227455559e+00
5.541667615182037210e+00
4.224684636132703730e+00
3.943546929637859577e+00
2.566062339033830852e+00
4.885050688125187612e+00
2.594968982062917817e+00
5.761296838049980273e+00
1.124682519782828294e+00
4.718447388529545705e+00
6.450064762488858072e+00
3.258470063740777523e+00
3.682321033355412609e+00
3.309729074122885972e+00
4.617946922485051786e+00
4.371185350396774361e+00
4.877612416900238834e+00
4.729717881577523819e+00
4.114411504176803902e+00
4.234474888814795612e+00
5.796175031705042890e+00
5.386722627228290428e+00
1.783994188726631291e+00
3.842856201427797380e+00
5.934965153160058016e+00
5.183519572123592489e+00
4.966999944411051082e+00
4.051928273352701559e+00
4.378385602666251764e+00
3.894526232626669859e+00
4.519488126015809293e+00
2.337535489117026355e+00
5.790354934829705869e+00
4.176039443056660971e+00
3.962578482558904547e+00
5.063882040333000489e+00
3.295057884652309976e+00
2.894938616954927824e+00
3.977336567294944114e+00
2.874873947023012466e+00
4.044712976119069658e+00
3.888679919936529394e+00
3.984724789631238551e+00
3.790590002711841322e+00
2.630170337906135192e+00
5.323103170175181198e+00
4.020652853076966515e+00
4.675933488277432382e+00
2.847838393106768340e+00
1.238918044211505309e+00
4.771529228986852722e+00
4.145112986357113449e+00
4.849906207753773124e+00
4.826451459627372209e+00
4.877077008239539602e+00
4.643199819823621510e+00
4.695280522378208587e+00
3.333973169611670784e+00
3.429366516497728057e+00
3.251621884151753239e+00
5.885609436849414955e+00
3.272700154488325630e+00
5.342303811450843654e+00
1.301809786237733579e+00
4.382823963266243794e+00
4.659891125676738355e+00
4.659161181739619906e+00
3.790289864096699546e+00
4.416462158837328289e+00
5.279230143163705868e+00
2.380813799817568466e+00
4.885123835278855964e+00
4.452506773954528541e+00
2.807074893563838991e+00
5.021946969409038175e+00
4.076066015694424394e+00
2.882699043522286342e+00
5.387138775020622106e+00
1.505616249909389914e+00
5.119994326478643387e+00
4.718469866767060594e+00
3.411649081273192330e+00
3.435378556112025805e+00
3.761999590731355703e+00
6.083189595655855264e+00
3.771840762099845090e+00
4.027408220453153831e+00
5.663381372980966333e+00
3.252192845953278511e+00
2.506589494409813046e+00
3.689724240363591257e+00
4.429394381791857960e+00
4.206460092886270097e+00
3.517720194803937162e+00
4.978718056641522338e+00
3.684287468821931810e+00
4.465768509209815385e+00
1.158552248168291943e+00
5.062111927556409263e+00
2.968675006309942077e+00
6.172020711862789000e+00
4.149280151165285702e+00
5.315990042156756523e+00
5.387259401914869628e+00
2.906448641214558037e+00
4.422105281863844439e+00
3.165336772009232913e+00
4.701701531659689515e+00
4.044526761505212953e+00
4.937841769178387352e+00
3.592265930901088034e+00
4.018181688862582313e+00
5.740753248001069231e+00
4.970861019391463742e+00
4.011984535022132370e+00
3.426897809336300060e+00
4.943730143754071271e+00
5.654737319761882652e+00
3.995249864256359196e+00
5.393741900842977444e+00
4.354130646283030259e+00
5.160937717079452369e+00
3.026891470045264043e+00
3.555207012650138054e+00
2.508550791819728509e+00
3.766363181267487370e+00
5.019496302909050911e+00
6.337120051448984270e+00
4.801390060769207935e+00
4.797704294879648224e+00
6.126154979181073656e+00
4.021631379304170473e+00
5.747087688636651315e+00
3.306774145029459877e+00
6.025698739475471299e+00
4.139745729736011626e+00
6.002207330759263826e+00
5.215249279661976267e+00
3.454469677653907667e+00
5.297040612774089219e+00
4.275162185518176727e+00
4.716337185944621702e+00
4.709612203740440428e+00
6.427100899885445529e+00
3.332542159968142848e+00
4.905802457683478224e+00
4.583266514940629754e+00
4.780235425840386299e+00
4.730845670045652263e+00
6.163014513009670736e+00
5.135766054172023587e+00
1.857385578545883709e+00
4.804604138393809620e+00
4.425469564235186226e+00
3.432531179500688090e+00
4.254227503242806741e+00
4.298610146680533539e+00
4.442022885944477473e+00
3.812982424086255318e+00
5.135159595132599009e+00
6.226044654377037801e+00
3.448956459424165288e+00
3.922726177286678162e+00
4.018906542371866841e+00
3.193180942331403926e+00
3.316206981448107438e+00
5.171729816631498444e+00
4.658997090550733411e+00
3.563790682756335482e+00
5.259105188083822213e+00
5.612718431443502354e+00
4.834742189752298636e+00
1.362642226882743168e+00
3.837839154134232711e+00
6.330920443637793937e+00
5.070114457897215487e+00
3.707168125964020344e+00
2.168941623241568806e+00
2.523969352967653457e+00
4.115272391065680324e+00
3.803456901996935091e+00
4.469532442747919276e+00
5.626427049425874571e+00
3.963423357877173370e+00
4.607636247546944119e+00
4.000476660194379974e+00
3.171275155795727496e+00
3.732873492135176718e+00
4.807947710244391715e+00
9.937776298477021264e-01
5.477074943534603335e+00
4.374372020339656331e+00
5.078975357760477038e+00
2.994473661111109575e+00
4.099482995519666773e+00
4.970239151187023197e+00
3.761645486864388488e+00
3.740672298447296207e+00
3.965155488150577501e+00
2.710340307450946895e+00
5.841309939817085350e+00
4.427742248855369489e+00
4.154600992231149981e+00
3.839964800870599326e+00
4.906426544354323127e+00
8.958474565433356407e-01
5.663388910348762018e+00
5.133181509275782872e+00
3.577272788807925874e+00
2.634834611420290074e+00
3.649038148333725307e+00
3.445686113926983207e+00
3.766559328761874159e+00
5.619312297810769685e+00
4.032811367702356264e+00
4.706740801307781830e+00
2.036217589186837706e+00
4.903440803357177913e+00
3.474246218861819724e+00
5.279685149178206416e+00
5.618830656372129084e+00
3.999560274412977456e+00
4.235317456080767151e+00
4.315986762508376096e+00
5.188081972498302719e+00
5.641926968393506492e+00
6.030328997689426984e+00
4.720581366649829747e+00
3.800728778415347620e+00
5.806127050137755319e+00
4.021125996563245764e+00
4.087909687178450824e+00
4.619677462933603707e+00
3.212028592667518279e+00
4.770760273623281478e+00
4.589324826447864325e+00
5.442136991322414907e+00
3.850403836068825747e+00
3.696073561505210492e+00
2.727462712260747324e+00
5.780137855180831785e+00
3.377635621849938818e+00
4.683218065712611455e+00
4.849492508963114012e+00
3.690955464476953107e+00
4.520934760794124152e+00
4.955811870095009120e+00
4.908428003122043748e+00
4.542424839423459204e+00
3.658081139952807259e+00
5.611405122881930829e+00
4.497768430169513110e+00
5.524965716234121693e+00
2.208195801272132108e+00
6.673471326231165790e+00
4.311980453964928905e+00
5.387645712887933591e+00
2.537594678655227032e+00
4.810607493919708766e+00
4.034829230186995908e+00
3.966818791279191458e+00
3.453016095970293797e+00
3.929990206113699536e+00
1.270276240436327031e+00
3.740568230014012840e+00
5.746262854610922233e+00
5.040741494230844388e+00
4.693829738450954636e+00
4.615998202919842974e+00
6.255619377882604581e+00
4.671296985406451441e+00
4.694225417562130964e+00
5.726630701904939613e+00
3.791738626726007588e+00
2.871671243119237715e+00
5.237841148234305244e+00
5.377911709763420589e+00
3.820324883256152049e+00
4.516679641042004256e+00
5.988122584972801477e+00
3.654229351086603739e+00
5.688418898707948479e+00
3.849829110598374182e+00
3.820216784159633505e+00
5.676567695203951658e+00
3.867365849082431417e+00
5.274917696404904710e+00
4.879971395836347980e+00
2.921621530715842407e+00
2.621761435940584306e+00
4.091323826527373697e+00
5.016731345175578838e+00
5.241001956225912473e+00
5.384866341664147349e+00
2.702094182014581403e+00
3.303540411014887823e+00
5.534239716542976417e+00
4.426218770250496704e+00
4.809667704288417944e+00
5.400855520518726749e+00
5.911854534617320134e+00
4.828474705686284452e+00
5.374734173076928023e+00
5.245344012534528311e+00
5.469134376595944147e+00
4.112387180288815003e+00
4.513757424911780447e+00
4.265349593587824728e+00
3.474538333597792406e+00
4.971275861283527497e+00
3.713429552580079118e+00
6.297041766134663376e+00
3.253580157702025133e+00
5.138965007739977331e+00
5.883726350588811549e+00
4.724142005231850128e+00
5.229303355044732093e+00
2.642672445059813580e+00
4.818950086345394013e+00
3.642667131439835781e+00
4.936287139357125930e+00
4.475905686389908489e+00
4.945390466645524619e+00
4.099760889380259066e+00
4.793462231784687333e+00
5.630479393713748948e+00
5.764845004137745477e+00
5.430867172788083508e+00
4.483024779397945636e+00
3.534455360974552374e+00
5.496117514028168394e+00
5.015251706857460690e+00
5.472934082704698611e+00
3.418761817342867992e+00
3.205533959878025474e+00
4.664118616359213654e+00
4.692482411088187533e+00
2.477952841315652410e+00
5.089197263080158962e+00
4.181933046319830538e+00
5.543698670900277570e+00
5.364979724613735179e+00
3.878840164551564218e+00
3.851165057833631611e+00
5.141239378712940677e+00
3.123743010267898690e+00
5.348143558851036872e+00
4.234273578695607831e+00
3.043490198315056183e+00
3.233910167883388809e+00
3.899650336977274812e+00
4.084890452102498237e+00
4.957096878913944238e+00
4.678770644509254950e+00
3.777911181079733893e+00
6.480878645757813139e+00
5.418987953402739421e+00
5.440542006304651679e+00
6.184614986945452308e+00
3.110179732812363707e+00
1.910336134139931863e+00
5.344892527886637268e+00
5.071887048487602634e+00
5.439747205676782826e+00
5.187702490324905824e+00
6.917425622846621103e+00
5.450164829263204780e+00
4.938286508783700235e+00
2.644125869508266558e+00
3.884233218527771037e+00
3.104052340965345991e+00
5.282893534831346827e+00
4.209113304949297252e+00
4.754702213388505072e+00
4.876939169101172311e+00
5.192211291017259533e+00
7.645146902142618828e-01
3.114408069057038375e+00
5.490586851124194645e+00
5.127463824964630490e+00
5.336031909993789846e+00
3.516980115550722097e+00
4.939338920655277576e+00
4.050018129949340739e+00
5.299282020939624083e+00
4.326605798608987641e+00
5.235406456612612835e+00
3.928618920356968580e+00
4.972536976973595202e+00
4.853889657591108353e+00
5.113825866080375704e+00
3.234188689509132519e+00
3.909043255579755627e+00
3.334137286166537262e+00
4.360070316289251124e+00
3.082068552737522449e+00
5.280459731244373955e+00
6.158803446717715957e+00
1.174368979761529319e+00
7.308810278827305495e+00
4.641038382209100810e+00
4.190187298350602774e+00
4.652814582342716498e+00
4.136024826456969450e+00
5.101864886829519108e+00
4.845147133483806101e+00
3.138355787369481398e+00
3.461276648488446295e+00
4.364916083693370474e+00
3.258870584222611555e+00
4.986032495026528011e+00
3.636385981862022110e+00
5.302589990466127112e+00
4.547984800533882321e+00
4.272641427667482894e+00
4.995468272081699190e+00
5.595163174986210741e+00
3.822450202838151068e+00
5.356752211986789192e+00
4.114980153544338215e+00
5.728337175627684630e+00
3.819409541976654499e+00
2.671550553909474601e+00
4.772621682331008586e+00
4.414098176583867605e+00
5.171522551810910251e+00
4.394476370535651100e+00
5.421817856074759412e+00
3.141881355275794707e+00
4.594516495665054379e+00
6.264807545848354309e+00
3.420549750185309268e+00
3.521422250037795632e+00
4.771877671209565186e+00
3.634567075990486895e+00
5.320038107004685379e+00
3.128983529368671856e+00
3.704006683337279338e+00
4.421959449296052114e+00
5.307650224734430822e+00
4.131777698938638110e+00
5.083392878368699463e+00
4.441107768262628319e+00
4.983367919483431940e+00
3.489022159315453120e+00
3.280690927983454408e+00
2.123643107753525161e+00
3.440445491955800073e+00
4.934315322564286177e+00
3.308123783796489192e+00
5.382718967799469567e+00
4.372779576448500016e+00
4.355462009757961717e+00
4.672577874343517124e+00
6.316699886670993358e+00
3.907267932071075478e+00
5.530224623020800756e+00
5.256860664362091207e+00
3.944851999971057399e+00
3.988383194101446261e+00
2.630613242186720324e+00
3.489095830852514180e+00
4.743647332451615739e+00
5.579014554416215965e+00
5.839991864066265137e+00
3.983914057455983926e+00
4.783496691600848116e+00
4.353078143013087598e+00
2.724928958399516432e+00
2.651914908722040387e+00
2.689680115170408392e+00
4.833139268236469555e+00
3.064156099565326308e+00
4.531124355380251600e+00
5.100721938542197798e+00
3.473251022031418778e+00
5.221335232679268579e+00
3.557356656023326291e+00
3.360739460399828626e+00
4.485886900588680781e+00
4.148751711344504045e+00
4.257928005900463830e+00
5.650076966963584191e+00
3.992203304736641201e+00
4.554304610018829358e+00
3.042176814326427614e+00
4.361062357668975764e+00
3.127409505593707895e+00
3.803848856984229254e+00
5.345485051173512581e+00
4.289545427323816718e+00
3.547941632881202789e+00
4.338837698331586168e+00
4.843003910919445154e+00
3.785579002615661270e+00
7.903604243741952917e-01
5.729946619262291208e+00
3.189000455886206176e+00
5.227999084147595177e+00
2.662498184852990502e+00
3.670740058580322707e+00
2.375350613045587256e+00
1.814234761793741990e+00
3.887894994674031768e+00
5.150303817067922729e+00
5.410059693297880834e+00
5.417303751980326432e+00
5.461786057539911532e+00
3.581106499768186513e+00
4.467024838748938187e+00
3.999474159530081341e+00
4.835408728803390233e+00
5.133710871379318696e+00
5.657967700421354884e+00
5.186123360561836648e+00
3.717182545476915845e+00
5.330022079649283206e+00
4.965578214041744154e+00
4.767000272669877248e+00
4.014349153985162566e+00
5.106923061994182333e+00
4.939648714685731967e+00
5.916643179505738814e+00
4.394100293495637466e+00
5.360634605018026022e+00
6.195306652847993867e+00
5.116025185705978195e+00
3.904145349014139565e+00
5.532960942870957410e+00
4.160337156029458860e+00
2.558597140712147056e+00
5.051045267307570086e+00
4.831601788838695732e+00
3.345994702052027314e+00
4.560357154209720321e+00
3.451976245850383318e+00
5.571663144329090045e+00
2.574147634227892389e+00
4.457276213131703635e+00
6.062402755559947565e+00
4.558001523760689899e+00
2.352463901683921055e+00
5.523447695198042240e+00
6.029879685569710546e+00
3.362715836755002297e+00
4.804007489313457668e+00
5.390336228349295489e+00
3.311952361168344794e+00
4.025355872197413198e+00
2.809915667191320132e+00
5.215283427463406341e+00
4.328153749711115772e+00
3.182742281882140922e+00
6.044363805161482972e+00
2.352957336627139018e+00
3.409265369872697349e+00
5.273108053156509989e+00
4.634891107462451920e+00
4.629555063333707032e+00
2.759146853520306308e+00
3.932775230007541367e+00
4.527362884434253942e+00
5.653768424555640770e+00
4.212547427760788388e+00
5.382744907457375660e+00
3.692803861400554943e+00
2.887550361709937619e+00
1.885050981386451996e+00
5.307581861392700162e+00
4.457827579467200430e+00
5.668061582126176390e+00
4.589653844495009238e+00
4.209893987120938874e+00
4.194157165476043225e+00
5.201148123111668298e+00
5.202713478101121503e+00
1.293665112070794709e+00
5.116344594991917738e+00
5.910806760131661619e+00
4.676595361347453128e+00
3.623470615295884212e+00
2.712899523692188453e+00
5.575690704321716318e+00
2.586576588151972000e+00
5.129327508202084829e+00
4.659716629096695151e+00
5.621478750244697231e+00
1.841848660340509314e+00
5.040499304516533385e+00
3.163589537546342090e+00
5.126846193238327132e+00
3.804072038836318725e+00
5.294520849350027092e+00
3.564888517819837510e+00
4.722614630988202222e+00
5.043500984207647697e+00
5.825088922552001947e+00
5.713825684495700052e+00
3.698644521500406679e+00
4.843863496091826981e+00
5.263739239574184658e+00
3.414597347341687961e+00
5.735181082076426407e+00
5.464425424620669602e+00
5.264688352994411069e+00
5.044108286851987089e+00
5.683520141405984383e+00
5.121281754679186449e+00
5.823557565476483511e+00
4.825015366082114454e+00
5.154666432915457897e+00
5.043211637723550744e+00
3.989310099862259040e+00
3.521595742748766522e+00
5.615897215598442571e+00
4.634384549984460477e+00
4.251117167887534798e+00
4.634655024866533246e+00
5.283893763368430641e+00
4.438655154969167960e+00
4.442127536365862994e+00
5.244027662824473524e+00
2.469975920447190276e+00
1.103979763566586669e+00
4.610974790280561564e+00
5.606646726449574736e+00
6.052051330807008078e+00
4.519300192104541480e+00
5.294876692047638223e+00
6.090064188369109566e+00
4.205343564018837021e+00
4.081869263296448835e+00
4.569035887059158085e+00
4.023886162605583294e+00
5.698079881536981084e+00
5.830469537703355520e+00
4.726181984532760616e+00
2.594033821369832182e+00
5.743385594698734664e+00
5.183767766976047575e+00
2.105556675738238237e+00
4.232653296346722271e+00
1.592263636114885861e+00
3.486175604505051595e+00
4.657303894321509929e+00
5.691098167483346515e+00
4.951408921751455416e+00
3.520038463926612238e+00
6.269752312050381526e+00
3.903427139099620025e+00
5.070492048569056109e+00
4.483910255301198688e+00
5.320969847000279529e+00
4.411281007903017581e+00
8.900021887671786258e-01
6.482241681246072140e+00
5.166184004353194581e+00
9.226469942239925448e-01
5.807615997057926194e+00
2.840143646684869960e+00
4.796550281846238661e+00
2.689610116267246998e+00
4.806158364492456592e+00
3.193789722631465988e+00
2.520952661733444344e+00
5.739628348855658757e+00
5.467917111093281157e+00
2.382781888269038362e+00
4.513100189639687621e+00
4.906691396396598570e+00
4.719270117148211874e+00
1.504171275917735695e+00
4.647515603619898350e+00
5.409280766595172096e+00
1.071968626210592301e+00
5.463281587019234387e+00
3.826607652435718432e+00
3.314326325615517099e+00
4.857745629644223406e+00
5.924958917339424147e+00
5.176588245896873275e+00
4.574648762623869658e+00
5.190624768282309454e+00
6.652652646983100437e-01
3.291562361464110076e+00
4.348660350898291505e+00
6.226860374992165603e+00
3.181872616761563854e+00
4.102050352091339391e+00
6.309712899079269022e+00
2.840165939283582741e+00
4.864271014750616295e+00
3.272525334629927229e+00
4.607254405688201437e+00
3.752332645110633358e+00
4.182573136144513093e+00
5.076493059515150286e+00
3.000347339223080390e+00
5.859871031483810278e+00
2.975281224799351865e+00
5.379064600449755318e+00
3.158911454576578848e+00
3.988969799491412616e+00
5.347696457660920721e+00
3.499572075686785411e+00
3.518212710864066395e+00
5.726799171125290577e+00
4.272106758215491240e+00
5.067085257475782534e+00
4.393325672269553728e+00
5.276313433288957633e+00
5.018185890604841326e+00
2.756824174436287134e+00
3.573896062450939048e+00
5.250509676123528813e+00
5.508001832125017039e+00
5.281308704853216796e+00
3.389240943752018786e+00
2.607965863940885143e+00
3.393138564148459491e+00
3.414378199469492170e+00
4.637746618572625934e+00
2.618989110821676736e+00
4.283866015468949406e+00
4.148617170967980883e+00
3.229336285975818566e+00
5.295098663226102786e+00
4.295818755227245767e+00
3.644172300621471017e+00
5.451088774965145767e+00
4.986072526092947044e+00
3.269387559018997802e+00
4.713657311267514416e+00
4.779977940529867908e+00
4.188419359532308484e+00
2.763250508023206820e+00
5.229458113064622715e+00
5.319893270151487386e+00
3.753512756171886622e+00
4.487983351055232717e+00
1.010021411046774453e+00
3.980425504768047240e+00
2.985736828858667202e+00
4.758890661779052067e+00
3.083300157682175691e+00
3.817855601109542807e+00
2.787671240242737714e+00
3.288644818114580204e+00
5.073467589218624951e+00
5.564977614554664775e+00
3.675811767057779456e+00
4.823412402247638120e+00
5.821215204893412931e+00
6.125239312716860951e+00
2.855007547409622148e+00
3.649683993497620627e+00
3.992699105775627366e+00
5.090981623995078920e+00
5.391938329418401565e+00
4.781783193853097913e+00
5.810830136331640361e+00
3.939280827762931203e+00
4.104496190810562162e+00
4.130447942210295764e+00
5.678299547580935247e+00
3.592185936737228413e+00
5.792418193856095243e+00
5.301454511867031982e+00
4.307019187051258413e+00
5.242776566243800396e+00
3.503157998068608947e+00
4.348250696034620333e+00
1.066330136552946506e+00
2.951744387528797642e+00
5.509116966103487556e+00
3.778415357419861564e+00
6.130811595377360312e+00
4.759598411703344745e+00
5.420069030432555834e+00
2.572131863750505509e+00
3.415825234186431469e+00
5.138951459917038278e+00
3.498655884690420326e+00
5.979740402690192802e+00
3.502726977531361197e+00
3.282910267521343517e+00
5.256181219224213663e+00
4.350077203133440484e+00
4.511294461963593072e+00
4.786795673926024008e+00
6.288628058373515906e+00
4.131813899082262154e+00
4.076094011840830866e+00
4.081083592400469584e+00
4.966255344382496162e+00
1.448883668579326933e+00
4.996987054695376074e+00
6.344796376277565209e+00
5.194670209045462173e+00
4.708310878527116827e+00
3.596136208079464769e+00
3.504959504012266525e+00
5.153476507144159058e+00
5.427676369603461559e+00
4.829644738614387478e+00
4.378534912469626228e+00
3.502438366067545772e+00
4.841229757505757902e+00
2.756353428258806026e+00
5.332780699987340611e+00
3.751570048475262098e+00
4.670150474428203857e+00
5.596139435000449858e+00
4.374683662050104616e+00
4.301831099829889204e+00
4.361389312488283210e+00
5.682658704637966629e+00
5.148366686830507355e+00
4.042495599926642313e+00
6.138295616410245792e+00
3.790754942521300297e+00
3.175494857664549642e+00
4.490141412141483102e+00
5.239230646017523085e+00
5.741806933444606464e+00
2.912748490440391080e+00
4.806768992131937424e+00
4.857513967833951618e+00
6.016928476830854855e+00
4.242099112438569186e+00
3.807378814001439959e+00
5.089426642154302627e+00
4.703456916967200030e+00
1.689519445235124984e+00
4.876037134645877735e+00
4.232226158646536618e+00
6.372856915234409669e+00
3.525153655882881321e+00
5.444647173472458412e+00
2.582809333904017013e+00
4.058280679276996317e+00
2.789112910760147113e+00
3.834707802184022629e+00
1.927726370675083789e+00
6.478055910835269771e+00
4.154624334443653311e+00
4.522185088297043798e+00
5.680078853597464672e+00
5.570728824404644897e+00
5.824349898701425943e+00
2.757924622494162037e+00
4.941599888823043685e+00
5.493197797534060456e+00
6.162775918659969321e+00
1.759527300061423771e+00
4.963895425269293504e+00
5.133115398128802909e+00
3.760802606544006998e+00
4.976925618777847227e+00
5.020303635693601940e+00
5.437943046111415768e+00
2.715959556158963117e+00
4.557704734487750819e+00
5.630948748482721200e+00
3.048916595023106080e+00
3.326035551606658203e+00
5.277974808644917637e+00
4.168323536267052987e+00
1.932912383850351246e+00
3.778009828738395637e+00
3.724902169066104829e+00
5.647467310280613439e+00
4.371224951749912435e+00
3.134743456006949813e+00
4.895825070150555014e+00
3.728829404448607665e+00
5.318988328918267783e+00
4.883787890632234507e+00
5.054995820399264872e+00
4.894316611025625541e+00
3.908889038676967687e+00
3.388634268050230158e+00
5.821688667462872502e+00
4.187870995033462052e+00
2.413616431545464014e+00
4.749998164503888454e+00
3.987959400490438622e+00
3.552007220751574046e+00
5.601659238706206523e+00
5.597328716749322197e+00
4.820974130528363766e+00
5.077353171475266436e+00
3.579981496077585312e+00
4.022817717174262064e+00
3.271895441674651739e+00
4.028493660980458912e+00
4.380215230458603060e+00
4.429504846932228901e+00
3.054057472565223641e+00
5.994277379088249980e+00
3.934879182504154027e+00
3.330252836281081930e+00
5.550929123762343487e+00
1.230359314127141390e+00
3.718576484381594049e+00
3.432124922359561570e+00
5.902149582186816623e+00
3.900733131588329794e+00
3.971453078068034603e+00
4.274991284660614177e+00
4.401143631666038836e+00
4.056541211217106202e+00
1.851262547584271889e+00
4.317485206274131571e+00
5.325855133586439472e+00
4.256127553214772874e+00
5.099096929113803078e+00
1.110176448249943659e+00
5.189747637826817694e+00
2.686973483853156264e+00
3.726579328079593800e+00
4.720747192519676894e+00
2.594965204000102776e+00
5.029116090818026130e+00
3.858201574927552446e+00
4.737021300471163876e+00
3.432883073529572560e+00
4.896370573430158579e+00
3.102267145052894470e+00
3.002744246555976826e+00
5.343151119128323856e+00
3.318307352237675367e+00
4.748467799179654669e+00
4.297689948439847640e+00
4.766478416471062296e+00
4.570075983502326800e+00
3.580163003928526155e+00
1.302890104398809257e+00
4.605877512676733510e+00
4.756182615652943646e+00
5.095140906410050796e+00
4.216988747583236830e+00
5.112479863822650294e+00
2.918080810178959705e+00
4.951303029297191571e+00
4.538926644177629477e+00
2.822441481269801322e+00
5.449712558416764274e+00
2.328987824109116644e+00
3.283620841803141399e+00
3.771369054775141727e+00
3.481699837975403611e+00
3.775610157836363889e+00
5.278092975416270427e+00
4.164420779050124644e+00
3.058269882739955481e+00
2.573703187803815240e+00
5.161705446638153560e+00
4.554877635083274257e+00
3.162890825338188883e+00
3.161643446265477220e+00
3.121318891367921733e+00
2.831522854869096939e+00
3.573247802314978294e+00
3.432595521189533372e+00
5.177333802983472566e+00
1.042643045662565049e+00
3.974198709186102185e+00
5.257510160760346274e+00
4.413178589208165192e+00
4.974886428030423247e+00
3.769279138658244044e+00
4.681191343512956848e+00
3.463912420864388775e+00
5.507145477284666413e+00
3.907772360352427921e+00
5.749134864759602337e+00
4.717360779255222347e+00
3.748281816267502897e+00
2.884989626480751301e+00
5.844509902502723619e+00
5.122519429809357483e+00
3.711960488710902784e+00
4.317470528550950704e+00
4.122641170909167485e+00
2.885408560759206154e+00
2.632267106630257203e+00
2.123696088919436065e+00
1.961559067749795382e+00
3.435772485643282970e+00
5.673203776709943469e+00
3.972474201397565796e+00
2.589301585559854235e+00
3.893669466146438829e+00
4.934723091768607794e+00
3.577805216603144878e+00
3.355627484148520967e+00
3.532901527898177019e+00
2.708248579784709786e+00
4.299926788442129499e+00
1.598435361860014670e+00
4.147823770065056870e+00
3.224823650471224656e+00
4.829242608267591663e+00
4.089235671679560369e+00
3.502766768397810537e+00
6.229028048274654950e+00
3.952590868784791045e+00
5.531579459523007891e+00
3.326108751258768148e+00
4.613159983403315678e+00
2.842526385694592594e+00
4.309954941775843373e+00
3.512257867939861722e+00
2.873111868462913776e+00
3.598893437677893381e+00
4.590567185616622581e+00
5.446268645231902461e+00
4.741325480403909332e+00
4.188979063062519437e+00
5.404969203439222269e+00
4.444583550299911145e+00
3.353785244593529224e+00
5.385474218767913435e+00
5.009816720630643871e+00
4.993444740268515147e+00
5.135283852164839402e+00
4.238429363316144283e+00
2.879745077571981948e+00
5.283203770033009228e+00
5.333410369531208062e+00
4.518362656812739075e+00
1.529698436694651775e+00
4.792266159689555494e+00
4.186209048753615214e+00
4.195540228649353054e+00
3.335758567005523645e+00
3.311160128161726224e+00
9.090600654951541681e-01
3.943389181326629966e+00
5.215424253289121737e+00
3.065020250450392059e+00
5.354042022419323033e+00
3.779381809999389219e+00
5.379872832908355385e+00
4.728435684720631471e+00
5.328991869433644446e+00
3.852470331731959075e+00
5.047102389658695287e+00
5.450564123527136928e+00
1.189557997930837718e+00
5.256869990390458547e+00
4.394282019296638531e+00
3.828448308190269156e+00
4.792874271180735057e+00
3.863172732402590626e+00
2.683650368968573119e+00
3.090483366932010867e+00
1.620373296543478947e+00
5.260768327702032288e+00
3.588010525569294451e+00
6.049046006455459867e+00
3.468153040724329728e+00
5.350794545827145754e+00
3.051153886165873796e+00
1.462169030958899052e+00
2.414260143012243898e+00
3.179574627938265063e+00
3.350932917989296378e+00
5.000489421040930083e+00
3.140363970629687529e+00
4.344229947408191350e+00
6.498471325498611506e+00
3.694262137284000769e+00
4.374060856671124320e+00
4.453275447689874156e+00
4.423093521388226534e+00
3.655282600741468713e+00
3.633557702117708565e+00
3.692733547644809988e+00
4.756867812646887295e+00
4.714536359106276997e+00
3.832922942665669019e+00
3.052886234880735739e+00
2.962563502434117257e+00
1.126825193971157990e+00
3.581976612147111716e+00
2.854274641459766837e+00
5.687508269423380725e+00
4.539629158211090143e+00
5.028087065069017925e+00
4.121451326429108164e+00
3.087636855666733737e+00
4.557256468348427347e+00
4.129190084773275871e+00
3.458391082287792351e+00
4.873010101539368755e+00
6.117540634861785342e+00
1.887411492186206630e+00
4.893742085080996063e+00
3.909678424539131836e+00
5.046394552672851752e+00
4.337915322622201586e+00
4.620914891767057497e+00
5.520804031967729841e+00
4.651381137439908997e+00
5.697451868014739240e+00
5.543090518500999764e+00
2.756941396264489974e+00
3.628135470741709057e+00
4.699242189859383245e+00
4.164748095075593959e+00
2.773902737239674288e+00
4.358468694213756045e+00
2.911058261377283518e+00
5.421462833984811880e+00
5.588223586309432278e+00
8.919306744677865106e-01
3.207140210618312448e+00
5.127661243536663527e+00
3.976854241317831828e+00
4.302399616830887119e+00
5.876534357220611682e+00
3.987136301792326698e+00
5.271808271723473993e+00
4.812202538450178757e+00
4.721531583283313793e+00
3.446041811666131771e+00
6.003472256063988155e+00
5.186602929490268465e+00
2.516132063164990829e+00
3.640901519305362655e+00
5.253716941887756953e+00
4.557016275263235272e+00
3.071103918114180154e+00
4.253481522205870391e+00
4.772987808915622132e+00
5.366147859776381424e+00
3.359143418299979533e+00
5.160159490334773835e+00
2.871687520061246612e+00
5.822551518514941904e+00
3.990694735425299289e+00
4.118362513705331018e+00
3.174596195409563837e+00
4.734148711503543439e+00
5.502709291031099070e+00
4.632815879768240386e+00
4.838482885426133251e+00
4.191319477138685912e+00
4.535540231100144482e+00
2.946543087828258578e+00
5.105675437335459144e+00
3.939906740137619767e+00
3.056847952175794081e+00
4.797546419108781102e+00
4.737071344616811785e+00
3.612346311158049605e+00
4.859108317440504088e+00
5.602050602480611374e+00
3.046696320555426940e+00
2.870839162732461425e+00
2.272071711742841060e+00
3.248177789416052619e+00
5.217141944482583504e+00
4.881369484189124641e+00
4.762390037259963904e+00
4.462728373022274653e+00
4.848552514564820726e+00
6.557379137694491433e+00
2.671787576530262776e+00
3.909803927673885848e+00
6.406755959893391861e+00
3.965495354725535382e+00
5.492690475040666875e+00
5.940732050727953073e+00
4.912422605847809542e+00
3.647092982280662810e+00
2.536320160319670336e+00
9.363450933179751079e-01
3.159786068971047968e+00
5.420397029976281367e+00
4.017426669577025322e+00
3.677843926644784212e+00
5.507307265299536070e+00
3.065474780760760076e+00
2.787096984375868391e+00
3.180144362687712167e+00
5.662698324134363581e+00
4.958568419698406338e+00
5.598568590178464532e+00
5.343996603511582677e+00
5.163642746184619270e+00
3.220997146911427134e+00
4.949033041319380821e+00
5.488099214150041760e+00
4.848716380638214751e+00
5.603104511223643058e+00
5.279489871956192459e+00
4.939507647675939417e+00
3.623951842570183324e+00
6.044427681017689125e+00
3.145944839897029777e+00
3.794201715344413195e+00
5.784873352144837888e+00
1.219873186294449852e+00
4.259432581875365997e+00
4.038868782616890307e+00
4.750386466800075702e+00
1.817281079801143395e+00
4.485716606158199227e+00
4.397308064130593053e+00
6.490341320319844343e+00
1.055105971869940040e+00
4.692152809509757105e+00
3.783379451584840680e+00
4.782575433910219331e+00
2.794769617679401463e+00
3.600173944746476895e+00
4.565209337915844934e+00
4.929068220017732038e+00
3.420335664839134537e+00
5.079409110386814419e+00
5.196951302310766962e+00
4.990534454106609452e+00
3.712022789961860969e+00
2.281690373740654199e+00
3.865427855429344195e+00
5.640269213206057231e+00
4.709977701237270331e+00
2.917122583912443279e+00
5.468602559538999763e+00
3.720203521225522891e+00
4.711170742080990514e+00
4.211841718064113671e+00
5.313053902212784507e+00
3.577665017117785951e+00
5.233966350980825410e+00
4.483348794661604408e+00
4.762704307682186666e+00
5.762984655467888295e+00
2.953181880829855555e+00
2.292102576771131162e+00
5.343526956313923826e+00
3.561571035692274734e+00
4.877558654583596720e+00
3.037106698668770921e+00
2.607961479956691697e+00
4.054593013074176966e+00
3.569714676090302685e+00
2.660734710577591589e+00
3.291047625660414866e+00
5.084665942784552861e+00
4.783860732439610075e+00
3.169780715353444300e+00
5.227086279614931996e+00
4.653880502891468041e+00
5.439966571835766374e+00
3.424590425213736911e+00
3.762817719221710711e+00
3.837134331394767894e+00
3.702453035151353600e+00
4.621654367442910250e+00
4.052112538307723888e+00
2.629522768297471558e+00
6.399636380064960051e+00
3.672260809364649159e+00
3.018259817415870128e+00
3.367847127820585040e+00
3.743224319533912325e+00
3.334038374084183687e+00
2.883309151811514148e+00
4.377781870839406508e+00
3.754670853413548670e+00
4.576194359367984354e+00
5.379507355506418342e+00
3.282481290179896760e+00
3.835361942962635773e+00
4.058780374648823575e+00
4.620223395466345195e+00
4.283450835773774834e+00
3.822128640204808470e+00
3.909714911539984072e+00
1.093269877273205237e+00
4.031064914752593431e+00
5.023683388586268173e+00
4.811842480154259860e+00
2.796094648016485440e+00
1.926945358281616727e+00
3.474899491021305131e+00
3.607935014390191153e+00
4.302999648065660487e+00
3.997349407116198794e+00
4.117339335309459614e+00
4.531184156100710680e+00
3.096986842327720257e+00
4.159569818780922468e+00
4.011452600694824788e+00
2.765459202071882672e+00
4.134668623329257997e+00
4.365933482304545699e+00
4.530152118692047480e+00
3.225301938533470469e+00
4.726700047292189844e+00
4.375236738927026359e+00
3.978248163268589987e+00
4.562575228785749282e+00
4.754920790544352904e+00
4.276070306519279107e+00
4.399723705933009654e+00
4.598208936589503359e+00
4.042548645682766839e+00
3.267764702282061506e+00
4.944193508760016620e+00
2.413007707087906795e+00
3.477551954346261631e+00
6.041263925578076233e+00
3.665802200459982174e+00
4.673743836291130549e+00
5.552318200747405896e+00
3.147788593226468645e+00
3.942480739601888828e+00
2.857902527289976291e+00
3.170734780970961175e+00
4.688037042345471583e+00
4.223006552471293418e+00
4.021355162334642408e+00
3.533047510236941857e+00
3.601499894702400173e+00
2.854058325654794892e+00
4.788373167205699943e+00
3.239702325534158156e+00
2.300410511755851761e+00
2.879875375374826074e+00
3.604100561358336119e+00
2.944829938584849316e+00
3.390191352558181936e+00
4.237261261846338556e+00
4.599590568188920869e+00
4.585151074159587559e+00
3.242466103473164107e+00
4.342913464717425676e+00
4.007957391855985207e+00
4.430306478407633364e+00
5.338812574660414256e+00
5.665222145046524993e+00
4.002595558111001317e+00
4.386851733841700351e+00
3.759285421394902738e+00
3.748614457481098672e+00
3.662053165419157263e+00
2.844668338155092790e+00
2.841643440727497971e+00
5.148836686262558970e+00
4.399664288005530999e+00
2.922971458408478718e+00
4.096127151640691189e+00
3.272248859422437928e+00
4.307972679530456261e+00
2.476752281191333172e+00
1.245011602586938659e+00
2.258932319905322395e+00
3.924466557020531710e+00
4.598370682052428826e+00
5.213909502337232382e+00
4.778420753315479885e+00
2.498550538495099005e+00
5.899515552579376987e+00
5.098057875731502264e+00
5.546541959839154323e+00
6.276694124347561576e+00
3.722537306728558981e+00
5.637641687064184559e+00
2.648674135248720418e+00
5.488265533309382604e+00
4.353544113134518945e+00
5.030376557388763992e+00
4.642795232862726884e+00
4.479363544252096041e+00
5.551570353729188056e+00
4.398707241775020371e+00
3.680803664680555531e+00
4.767570895300976552e+00
4.131457201801700840e+00
5.019733577344828390e+00
2.110712136737706857e+00
3.600349299207534770e+00
4.694673015553873618e+00
3.574170476853973710e+00
2.779324252178053012e+00
5.203369289286168708e+00
4.117481554489565099e+00
4.795441260317710785e+00
4.497625354886989335e+00
4.768309770652845003e+00
3.984205901316791198e+00
3.388090617482523381e+00
4.116838855468084368e+00
5.833199540157826490e+00
4.149212614086873252e+00
3.832664068190188456e+00
4.373421145849019531e+00
5.055288626111913430e+00
4.464455603093579583e+00
4.303715887925249284e+00
2.610449856228312715e+00
4.450542203900754501e+00
1.941948212310144806e+00
5.220899755812396847e+00
5.241594793425346843e+00
3.751617012985221766e+00
2.943960050731796674e+00
1.148674011442824661e+00
4.820603758376358350e+00
4.997321833709587047e+00
3.769429365622733563e+00
2.219942474463004967e+00
4.980852358367525490e+00
5.400557454515600320e+00
1.927080462910569780e+00
5.834321570909831500e+00
2.670923286142621755e+00
2.728238299479084361e+00
5.602662527989897612e+00
4.343322188939811923e+00
4.177945353881359125e+00
2.948213376630174576e+00
4.889400083436204802e+00
4.822360370659935391e+00
4.720512412583799389e+00
3.497256009743590077e+00
4.086157001079488538e+00
4.557321412651735848e+00
3.939819917066873955e+00
4.441622694915359659e+00
5.051361140420612017e+00
5.201603784316529477e+00
5.080945181328100801e+00
3.945399256623093986e+00
3.818154773572866922e+00
4.774248183381941679e+00
5.762791605208759549e+00
4.718385950954883334e+00
4.051623907193627971e+00
3.669892817670209251e+00
6.089298796260551150e+00
3.210172867234703631e+00
1.124021333596060934e+00
5.077739754118599791e+00
4.811244960365324452e+00
5.557568059426203355e+00
5.555203656928267009e+00
4.201631382202164033e+00
5.505958115604425274e+00
3.950151757177692513e+00
5.063069771147963749e+00
2.684528869886876556e+00
6.008635250814657880e+00
4.556160643631766760e+00
3.491402573731542169e+00
5.608942365503711613e+00
5.378282940137236956e+00
4.870585085686338189e+00
5.788968218494064288e+00
3.317586396774268476e+00
3.851655612226361214e+00
3.794126983392127173e+00
3.632702435891179693e+00
4.285174843885330098e+00
2.457170881871322266e+00
5.756253908255623664e+00
5.422035212128195170e+00
3.812675526637853807e+00
5.751297119432874361e+00
5.227552444349679028e+00
5.224880155774895840e+00
5.062862602073058049e+00
4.814559732095855971e+00
5.433415303450363609e+00
5.935259141024903151e+00
5.080457636922261599e+00
5.624954613371532020e+00
4.142705017247085841e+00
4.218375929892841825e+00
5.938822219777325273e+00
2.037124140856607646e+00
3.842656456651264651e+00
4.497506484907339619e+00
3.697345816550446251e+00
4.211470014814093332e+00
4.839698437822951504e+00
4.019095184372663887e+00
5.467962710947466221e+00
4.751444129503625824e+00
3.219345524173861772e+00
4.406381725260714255e+00
3.620027655127528998e+00
4.224677240224343322e+00
3.641698543806209276e+00
3.053213449204826180e+00
2.520704194574870716e+00
3.568569932370510678e+00
2.713962543187675713e+00
5.482964624599062198e+00
6.383375880588096685e+00
3.647407558524781379e+00
3.849066979320284076e+00
5.266229367044267029e+00
4.764210455406054479e+00
4.800173715222777027e+00
4.122634183217851245e+00
4.870564740319572650e+00
5.328304621346043213e+00
4.839449848446352398e+00
5.195702101050008181e+00
5.366055334501894869e+00
3.873805959642125707e+00
5.351139706204373958e+00
5.066638261018879597e+00
5.907004993756642008e+00
3.427576059676051390e+00
5.056483625472574239e+00
4.108546007786840981e+00
5.203585105656443055e+00
5.696868215561577742e+00
4.549981484060704240e+00
5.025471892404206109e+00
4.415747159600330818e+00
5.552237529647336522e+00
5.180901407544583392e+00
2.883678712125806509e+00
3.857350613470055922e+00
4.518631378980149549e+00
3.491162021602901344e+00
3.617327508924434554e+00
2.856709435103230277e+00
4.875170113582874443e+00
4.677676935793722457e+00
4.538873807510212188e+00
5.322637306550260128e+00
3.894395991809679103e+00
5.545156985516381809e+00
4.571897025471202802e+00
4.787409619410705197e+00
2.552782050056590535e+00
4.282776622195551219e+00
4.342881393278258173e+00
4.179734633746901906e+00
2.018355341598133901e+00
4.079833113221059016e+00
3.209273264822762872e+00
3.305923642347996072e+00
3.562926343090227821e+00
5.842014046543035022e+00
3.446545889413387354e+00
5.607967871567085538e+00
1.118945330486032175e+00
4.242940646080525013e+00
4.427347135451763727e+00
4.236358825317784849e+00
5.649711497179400688e+00
6.510255711923123023e+00
4.630980033532321016e+00
3.876974453081867722e+00
4.812522618555663989e+00
4.157555964866308962e+00
2.024198689057526757e+00
5.346238449628555323e+00
6.301970911512043472e+00
4.680359433263548752e+00
4.807231163077736902e+00
5.234281468435849405e+00
5.098008612555843477e+00
4.654696511650563195e+00
3.305573229857652340e+00
3.174304406061012163e+00
4.601634727100214484e+00
1.321313263413995465e+00
6.239600398393974956e+00
4.092072786625268854e+00
3.264614871972260968e+00
3.262526409640911229e+00
5.195922794863120586e+00
5.271097306283415662e+00
4.674253324306551605e+00
4.663559994900904115e+00
4.904642587635241746e+00
5.649564683953904876e+00
5.798702449908828882e+00
3.099262931888098649e+00
3.900029895598918106e+00
4.820606287606658213e+00
4.004899586720505944e+00
3.939743347311582156e+00
4.772140710235444949e+00
5.439749257551394379e+00
5.771162975036184584e+00
3.893381057872718820e+00
4.650553513411765927e+00
4.779765899043871613e+00
2.337489859173252249e+00
5.119432299083204185e+00
4.932947702060415551e+00
1.925144531364968437e+00
3.007575580729555664e+00
1.158108318818922955e+00
3.841599810787905245e+00
5.149928041306526261e+00
4.092859986558566199e+00
4.548259849976986402e+00
4.296752443917855935e+00
5.905822990260001681e+00
4.900065876502202045e+00
4.172724640606941371e+00
5.347640076169058787e+00
3.731192144383376430e+00
3.913950245203401845e+00
5.479849879422816983e+00
4.256024468687146900e+00
5.936122343208204200e+00
3.694693226876497150e+00
4.999423791164532282e+00
4.923531043326371481e+00
2.570430627014821390e+00
5.768608709982331106e+00
5.049114951483989699e+00
2.257998327773841130e+00
2.875484197138444831e+00
3.259210639792505138e+00
4.782036015525693351e+00
4.656086042035963324e+00
5.003478354144403895e+00
1.616867251582103870e+00
4.060038192387080080e+00
5.073296244764582852e+00
4.264791866460314829e+00
5.288809365517476380e+00
3.646950441043865343e+00
2.869877122479635556e+00
3.637402786240352626e+00
3.892131272292677746e+00
2.682578489749112283e+00
4.741038888324684564e+00
3.054857814491346080e+00
3.896473052878178578e+00
2.654030489635482049e+00
4.024303763123206146e+00
6.195859288091645212e+00
3.770318142787168370e+00
5.737938078260501840e+00
6.164945298148894359e+00
8.457615384327745733e-01
4.107847931787093287e+00
2.903042242495173397e+00
3.454255519808516972e+00
5.643683841058392048e+00
3.437220381017658699e+00
5.751484115868552571e+00
4.797759402179930355e+00
5.124339153201503017e+00
5.068477623061295567e+00
4.632007699848181836e+00
5.390920469200942478e+00
4.205038229144623330e+00
3.626788073272237067e+00
4.263122805356442946e+00
4.628950494833002693e+00
3.303846959114919990e+00
5.383465905207313718e+00
5.252758768235126219e+00
4.908793641691062248e+00
4.034471850383612335e+00
5.226315813622406381e+00
4.795156188817032650e+00
4.219383042723731769e+00
5.164712281378906589e+00
4.209572458953399376e+00
3.391362960311004038e+00
3.851656010237034522e+00
5.769749196565708615e+00
4.747710552503906278e+00
4.759883463766747091e+00
6.154381258413374134e+00
3.191291112983896117e+00
3.896248765119256774e+00
4.576576818013648129e+00
2.679777997383472776e+00
3.312370090628894648e+00
5.136642753019904362e+00
5.560462399301377090e+00
4.489362067553808622e+00
5.071837042407791429e+00
5.601439375742378601e+00
4.231654555955105756e+00
5.497939072321901044e+00
6.000992763065258195e+00
2.899150639816425290e+00
4.294470365343984852e+00
5.383393298754680423e+00
5.459831525552162113e+00
4.658169028470369177e+00
5.000111965044951035e+00
4.545887535848968319e+00
4.179154702693581136e+00
5.506729424311847865e+00
5.646477836767808789e+00
5.241535899143874744e+00
2.667654843971831280e+00
1.380647291383487296e+00
2.600456918714686871e+00
4.231532812611577654e+00
4.544633832946120222e+00
4.889509888520606751e+00
4.374630749435243438e+00
4.079021572541353002e+00
5.694923669431112501e+00
5.737785633010763497e+00
5.601561907401880980e+00
3.870352508220469279e+00
5.341758119174367714e+00
4.619463348022929239e+00
2.910099555717363451e+00
5.734239699530508716e+00
4.568286690881776302e+00
5.754859101312066016e+00
4.921249772500845054e+00
2.925958316285040883e+00
3.068493523395703360e+00
4.682464134714894755e+00
4.074562477073620848e+00
5.269717311348494526e+00
5.258004303615073205e+00
3.819710506124544658e+00
1.139638722629664480e+00
5.225794878225802798e+00
3.801808352354814513e+00
4.975931020406922478e+00
6.222342744447602492e+00
2.094927599819138120e+00
4.425012949758489356e+00
3.830486566337466314e+00
3.951448587487061737e+00
4.365878422487334376e+00
3.906895506202614499e+00
4.346207003523497647e+00
2.920098497440683172e+00
5.331388095244457226e+00
4.732334537402346442e+00
4.701936110576883543e+00
3.961532873969683344e+00
2.933833092341411319e+00
2.859300931218716091e+00
4.843069434017706065e+00
4.277003704236732595e+00
4.792626968316909597e+00
4.794684208503602107e+00
5.571020774369269901e+00
5.288600624110362247e+00
5.833130336596493493e+00
5.842839504247705484e+00
4.857161066384143133e+00
5.592859380969488647e+00
5.117982678820426123e+00
3.948264526496246152e+00
4.785215998912635271e+00
5.396358108036833023e+00
5.028844838891394886e+00
4.265446163582822692e+00
6.444597278894658388e+00
3.053990564069635205e+00
5.348210691755683754e+00
4.503590713928580236e+00
4.946229029995635962e+00
4.433909530277410305e+00
4.675502486123175316e+00
3.983789862844042684e+00
3.094112101617572108e+00
3.195397224173221140e+00
6.202284448945352580e+00
4.239738518261457756e+00
3.979286826678233524e+00
6.045679175328999122e+00
4.550315999827945213e+00
4.727435012758401278e+00
5.198691702351346144e+00
3.075115253844683316e+00
4.984707220562139440e+00
6.076723022041483624e+00
5.962064937111539287e+00
3.524089950856585940e+00
5.319222967238079747e+00
5.538725973397179203e+00
4.046770337836819387e+00
4.346102396658797495e+00
1.437009665591039376e+00
5.738590090982720326e+00
4.877052346350961187e+00
5.094482054663702186e+00
1.178322779909451334e+00
5.412717565470648751e+00
4.980153537956466536e+00
4.023004806358820851e+00
4.510937067803464373e+00
5.282476335085811492e+00
3.983479645832462168e+00
3.594139574009278970e+00
2.323444020597104753e+00
3.455964645847784844e+00
5.580270801056921748e+00
2.666669094981727550e+00
2.819782860643632816e+00
4.101229988343974675e+00
5.127260774664568643e+00
2.879050994917794259e+00
2.867477772106388656e+00
5.158693779417973246e+00
5.857956682684100969e+00
6.380068487755669260e+00
2.572627887378875933e+00
3.684529209362760405e+00
4.958877265181834026e+00
4.229286065750058832e+00
4.765376110617181027e+00
4.787746776328634546e+00
2.600858633608100767e+00
3.117780116520167955e+00
4.877573324567953783e+00
4.614135290884175511e+00
5.544821455169255842e+00
5.758650445516283689e+00
3.552914488985738473e+00
4.245352887078598592e+00
3.960433870301839132e+00
2.616568723747174197e+00
3.582717329631990744e+00
4.740114612620939916e+00
4.578853897310403376e+00
5.491376461705527845e+00
5.073180602794883143e+00
5.110351932849117595e+00
4.076353138999523118e+00
5.431216743815304504e+00
4.737889746801402069e+00
4.773373214437361511e+00
2.758950335462523995e+00
1.916567382361014760e+00
5.018339999136399499e+00
3.439473215001848772e+00
6.101599804147061157e+00
5.144530460770005753e+00
4.050942300479681180e+00
6.922953160543689144e+00
4.264521166823230125e+00
3.092780543207374055e+00
3.789379004877909463e+00
6.012943222268228638e+00
2.967457178289291786e+00
4.518226633739507392e+00
3.818171790224781592e+00
3.609682477331202843e+00
2.877065029755212056e+00
5.108641679855362661e+00
6.258272424542962398e+00
1.436278259724767858e+00
5.018008395723096982e+00
5.186947013921530569e+00
5.985413852789442046e+00
4.486129533879290143e+00
5.350800597321289764e+00
4.710512549682844607e+00
2.507722848775488789e+00
1.056168748957790449e+00
5.343078478513387353e+00
3.385365557373733569e+00
2.917176732875920830e+00
3.611827528737362680e+00
6.027562223429186794e+00
1.720251226044512194e+00
4.786084972912185265e+00
4.461814620924837271e+00
4.197845737377628339e+00
2.431357998603128845e+00
5.765064736727730121e+00
2.145303412544198984e+00
4.579230346294433041e+00
1.923624336287542924e+00
3.569425512566497094e+00
4.566117945904446529e+00
4.696946234828325295e+00
1.050885813449652151e+00
3.069967352648380388e+00
4.288384696622038028e+00
4.664003414449263474e+00
4.313282892275532632e+00
3.508569752215357607e+00
5.555311680027057442e+00
5.278930724668102314e+00
5.409315730425540814e+00
4.129363254967822527e+00
2.874653903093970175e+00
3.816239923211783847e+00
6.157747936627652408e+00
2.882418812425948218e+00
3.511765346014856792e+00
5.540059461669226692e+00
5.288721299055336722e+00
4.837216951791710962e+00
5.333614887143024674e+00
5.994656010736105323e+00
2.499229981353586538e+00
3.785526733226674878e+00
5.832944985182919595e+00
5.215264062939701795e+00
2.932769877765902589e+00
4.484994929978071809e+00
2.237811234241372738e+00
4.723816596263387346e+00
4.909084849659128835e+00
4.052226523891534704e+00
3.348140281155706610e+00
3.801312848429244884e+00
4.504246115090587033e+00
4.838049640831767917e+00
4.164962812638402845e+00
2.783353039659356654e+00
4.230118668551791750e+00
4.541595912433982640e+00
4.934585114119914628e+00
4.886382213996175672e+00
6.276862254376950112e+00
3.348318268022328681e+00
3.713937233776662517e+00
5.011505558907189517e+00
4.733401417559123026e+00
5.120888783941105693e+00
4.036513500487744821e+00
3.360113228215646952e+00
5.516802901442058094e+00
3.052335714511785980e+00
2.723270249266556586e+00
3.482440968461999464e+00
6.164624143771090914e+00
4.111525868765442127e+00
4.422060564134184801e+00
5.962404915055932619e+00
4.059640051341125933e+00
1.076072077397073112e+00
4.798448013734271100e+00
5.042580061261570101e+00
4.764913380648976293e+00
5.625374685223215820e+00
4.725108064568949828e+00
5.508319695557502449e+00
5.870303504173698173e+00
3.088238006868072816e+00
5.487823285519266570e+00
4.563619200263080877e+00
2.612651703920947366e+00
3.670410409354166514e+00
4.816611705249806086e+00
5.867506290151751180e+00
5.095707819674979433e+00
3.787498117953368659e+00
5.066611558782780911e+00
4.587408828421392748e+00
5.698127217728878868e+00
5.345041391309025336e+00
5.080545552666567488e+00
2.452551169667347430e+00
5.109519897278733680e+00
3.620086302905805020e+00
6.121342998267633284e+00
6.321555641101200607e+00
5.271646770601105203e+00
4.488475710017525877e+00
5.822618919654860115e+00
5.251924995169964916e+00
5.477054701320672514e+00
7.131167474453873112e+00
4.388836744335771201e+00
3.585634388920236670e+00
4.404978454141081912e+00
3.791638523992691301e+00
3.472140332275371222e+00
6.485197369135472734e+00
4.939515889101304680e+00
5.758234508202397350e+00
6.573130582488751372e+00
4.617045588094490505e+00
5.496158580098122748e+00
4.505160827559874015e+00
3.790069760736866744e+00
6.186679725401504903e+00
3.138940938069639142e+00
5.360485787071802122e+00
6.003563281097237692e+00
6.029768529433989777e+00
3.704395176823560121e+00
5.759796234287384742e+00
2.849586346467330333e+00
4.344067868797041321e+00
5.490628644933988056e+00
4.625731063178950109e+00
4.974714151625019731e+00
5.480639992469834354e+00
5.102273100230612535e+00
5.154789088111774831e+00
4.807188067729559755e+00
2.773107690092259325e+00
4.426116227917277435e+00
5.486858201167680527e+00
3.580626287857980206e+00
5.082940791005553294e+00
4.945795298919058780e+00
6.017435080040378637e-01
4.695794584607561717e+00
3.303457531585200169e+00
3.052850976409595685e+00
5.366569587913595285e+00
3.796544945547249306e+00
4.460103973681128764e+00
4.398122933636471998e+00
1.794348978395363003e+00
5.376436996463430873e+00
5.575922784724766323e+00
4.350927857954181022e+00
5.777338354749332439e+00
5.087579781399794498e+00
4.768670531561348014e+00
2.985266594548972030e+00
5.349070163968569602e+00
6.040617346763865747e+00
2.715753830194409524e+00
5.546263502495740738e+00
4.471338206324092290e+00
4.510623525284279012e+00
2.686193704360924972e+00
3.272720386045100405e+00
2.904863033251548377e+00
4.211079729190397636e+00
3.746443537075440311e+00
2.731345908300145453e+00
5.973965129700492760e+00
5.081470957196578375e+00
5.682169101907295961e+00
6.095037409194671518e+00
8.470891889639865502e-01
4.444580015832306330e+00
5.556878719595208516e+00
3.585439210702346724e+00
3.640541847571921785e+00
4.054517418548106100e+00
3.584353407360536981e+00
4.531501985595235205e+00
5.318597850612975186e+00
3.854019471635052874e+00
2.701421570924827265e+00
6.165564150434152069e+00
4.269244181308621933e+00
4.636057174758141386e+00
5.635851716262322952e+00
4.666194177210932104e+00
3.979872491428055437e+00
3.209449032602492924e+00
5.641512589787499365e+00
4.187050444567334218e+00
3.874696563511361269e+00
4.361399023818968601e+00
3.029339135494906188e+00
5.066872688186371931e+00
5.316329153532466378e+00
4.697337220644657307e+00
5.038605294883198304e+00
3.318295633090107888e+00
4.991950114764572177e+00
3.958036512793900119e+00
3.731428941737201299e+00
2.387400364010069609e+00
5.181805121276334525e+00
5.631488788418593572e+00
6.040330749486913398e+00
3.728248094021750170e+00
4.534972196217823104e+00
4.667228563600224867e+00
2.405136213617346197e+00
3.110017309163698673e+00
4.539664520860466901e+00
3.018212756805065844e+00
5.547476030163194238e+00
5.247175458947189952e+00
5.498902865973792409e+00
3.246561718481153491e+00
5.635214017351807492e+00
9.265404943950883432e-01
4.114706470810142847e+00
4.748396593831468060e+00
4.197134936748176059e+00
3.691161459783339538e+00
6.460667391205928922e+00
3.051180471926551618e+00
4.783643837975580126e+00
6.236300821555511575e+00
3.512484474522519662e+00
3.512845911051696302e+00
4.450820063296720974e+00
5.153290573098703753e+00
3.833550960514546802e+00
5.232392976264662821e+00
3.054431347542193365e+00
3.584398423292145974e+00
3.973293305797135577e+00
5.395865115439652193e+00
4.316074650512945254e+00
4.341526036006885469e+00
4.154038189498834299e+00
4.951008778961810464e+00
2.777128614419018149e+00
6.177026321219216243e+00
4.411515834849069506e+00
5.324851250154848614e+00
2.199657554375089141e+00
5.728556198307044767e+00
5.443739562173030677e+00
5.742026666543494251e+00
3.973237912918166526e+00
3.645161219242485373e+00
5.820081989570190295e+00
5.314994537626628990e+00
4.130907329727255828e+00
3.881946760638097960e+00
5.483968408004241901e+00
3.273968177487523334e+00
6.381019312563235957e+00
3.946718320077837738e+00
5.449452584654209453e+00
5.968548450256937699e+00
4.723642020883873194e+00
5.200273319765488012e+00
3.977663606859871859e+00
3.947937896591206641e+00
2.801140889947103307e+00
3.681433642263292949e+00
5.427852425962301552e+00
5.030015659232352832e+00
4.950856328495414793e+00
3.544782470130579899e+00
3.253480368966183978e+00
3.790486051934368383e+00
4.094365962756246979e+00
5.130752139327848127e+00
3.490499224067784123e+00
6.563740848218557744e+00
4.793231381498690880e+00
3.025194413685650563e+00
4.433480954781161110e+00
3.569747891549275298e+00
3.582038135143115642e+00
4.181062144287974292e+00
3.861905310203614494e+00
4.401567103387269420e+00
2.790079971127629843e+00
5.439991060472453732e+00
5.230993214614543696e+00
5.854500568729444687e+00
4.912695938939819484e+00
4.690565435879434197e+00
3.189900785726984989e+00
4.299696967399190051e+00
4.520135082793792058e+00
3.560372643010894400e+00
6.861566901043211431e+00
3.356914589107372393e+00
5.865260025172035263e+00
6.102004307863128751e+00
4.641143807186218773e+00
1.744638792048278653e+00
5.317160566537372901e+00
4.801889497604429735e+00
4.874791151106395937e+00
3.890184974292329123e+00
5.540794391816577402e+00
4.348851396713779849e+00
5.982032968099561643e+00
5.810177948007488880e+00
4.322323545221898655e+00
5.281093033604767228e+00
5.312469949866330587e+00
3.381120605280966362e+00
4.197330743054838997e+00
5.199199204904238591e+00
3.771137190060880773e+00
3.502855690521299081e+00
3.993341997961846968e+00
3.578113512117062189e+00
4.222345928571177076e+00
5.663979690853755855e+00
6.124143896203663395e+00
3.573666071149963930e+00
5.235482574385354582e+00
5.588295001112633997e+00
3.588339607595380620e+00
6.720955577589286634e+00
4.170047321603368218e+00
5.592071684573866719e+00
6.594547172007557911e+00
2.909667822777997959e+00
3.990982988838528200e+00
4.527776522859620734e+00
5.127736937229890657e+00
3.443042813331847807e+00
5.253411281242470032e+00
4.178464635765513080e+00
2.521656688673872271e+00
4.315510025248201487e+00
5.285659965096384028e+00
3.420912054083937726e+00
4.836075521275275513e+00
2.848460441151448919e+00
2.678350599657552955e+00
1.496932432493549792e+00
2.988076893138508439e+00
4.731894086980497960e+00
4.611146524094376531e+00
1.027400313307257562e+00
4.240081789097658316e+00
3.501303063081984579e+00
5.086805203916577867e+00
3.949996110722812315e+00
5.597928927538772470e+00
3.063725932785307027e+00
4.541942309629141583e+00
2.484613160874483473e+00
3.787171433585866165e+00
3.315054902385074165e+00
4.190568046578042605e+00
4.527874516663440652e+00
2.924337731287564246e+00
3.347561248295802816e+00
4.876186968191091431e+00
4.011279606267478037e+00
2.658444386888074273e+00
4.059683278467964840e+00
4.822358890118164432e+00
3.654461980640394181e+00
5.412158629326691006e+00
6.570670311948856757e+00
4.402879855944498821e+00
4.841376258457978032e+00
3.897564739976199455e+00
4.202421704207505826e+00
3.628923933191882334e+00
3.290429098874060543e+00
3.651389175659741415e+00
3.821372845386520112e+00
4.719388656895301182e+00
3.955797555227892115e+00
3.914288219189271167e+00
2.754275603624924074e+00
5.736393785835544712e+00
3.277294597479940119e+00
4.486344676493996708e+00
3.302362652680333355e+00
4.611914216747885931e+00
3.150878835028500635e+00
2.596183444978080512e+00
3.775427784935820430e+00
4.190328631428084982e+00
5.824422743154475945e+00
3.779106978347727352e+00
3.206524622266068825e+00
3.590717731745303620e+00
5.201281442597132987e+00
4.626985527933811682e+00
3.758210116211904150e+00
4.326826785596754377e+00
4.430030183380403663e+00
4.071000846513671334e+00
3.603761830715901837e+00
4.260911902124980166e+00
4.516050504708498892e+00
5.469411418778082457e+00
1.158760038030728134e+00
4.413569423674768899e+00
3.706165259915297661e+00
5.150169055222280079e+00
5.118353981896873961e+00
4.784174545915010235e+00
6.121336312003439417e+00
3.637988543949173259e+00
4.883541967102295267e+00
6.439366591390436767e+00
3.869485867447717720e+00
4.752113316331337600e+00
6.653121743490532758e+00
3.816609868645231440e+00
6.365678645852094419e+00
5.262096328318655480e+00
3.881519414519456035e+00
5.416188105721169599e+00
5.794048488563261046e+00
3.794620881507616783e+00
5.012116685615157330e+00
4.537750753431345707e+00
5.381761278611334021e+00
5.279798127069787128e+00
5.749720841996633247e+00
3.917890348593345173e+00
4.636049307159401778e+00
3.191932611849464863e+00
4.948927297772776512e+00
4.666711386156253027e+00
6.269878337034922033e+00
3.388849739339490519e+00
5.240977902732216975e+00
3.760204383254655891e+00
4.033460147415214969e+00
4.704372338023457445e+00
5.507248940408528526e+00
3.050289147602548656e+00
4.531971208283406938e+00
5.280223917008069812e+00
5.391771243795404622e+00
4.661811752165788469e+00
4.883426340992882864e+00
5.276612524524490588e+00
6.327376313044027256e+00
3.744320922060480950e+00
4.895570881171104283e+00
5.691260297013680081e+00
4.194901168491496080e+00
5.011401141532560111e+00
6.324855117560747253e+00
4.661420779947277104e+00
3.815010297030382969e+00
5.403452549738583244e+00
4.804777975919620303e+00
6.332315487049475777e+00
5.691117231996403625e+00
5.067057708886274270e+00
4.202427659875881183e+00
5.587207957538567804e+00
9.359072602760756254e-01
3.934049123258687164e+00
5.099820037125303074e+00
6.098486608325340619e+00
4.747851113245271648e+00
5.204869482710200224e+00
6.188336221643040425e+00
4.907568077040518340e+00
4.994326147783634262e+00
2.967280597452942814e+00
5.092291377724579959e+00
5.335950813713081331e+00
4.466419713709642636e+00
4.590654397837106160e+00
5.783123145861341463e+00
4.973194176608275896e+00
4.966585945601348584e+00
5.274311803103641338e+00
5.138997572870835917e+00
5.790624269392691481e+00
3.555875055228946646e+00
5.074930821856881380e+00
3.563082452592652771e+00
3.889721855440918308e+00
3.804816527268890969e+00
5.867936396553344203e+00
2.821368998965500641e+00
5.227616167285814797e+00
2.904207462384450267e+00
4.607767759551029130e+00
5.075392398191794996e+00
4.810404763178048881e+00
2.107942483094528363e+00
4.042587937143258259e+00
5.303126741376242848e+00
1.201470364684402714e+00
5.107165019321471711e+00
5.479030719131596783e+00
3.480184155840955196e+00
3.892482683272585398e+00
3.259055758573898842e+00
6.063068995974014719e+00
3.640243750445785409e+00
5.998057907812826883e+00
4.974427841555681518e+00
1.613173859918695330e+00
5.416901905208836965e+00
6.819975566861176119e+00
5.204949943569652682e+00
4.528118138990965491e+00
4.438464023340066511e+00
5.657194833910379472e+00
4.600151159518840238e+00
5.480906283616891805e+00
5.002042887577599295e+00
3.753440492397610573e+00
2.361827620162966657e+00
6.094137344490119013e+00
3.713534166359936606e+00
1.397340387469372835e+00
5.624713410978817940e+00
5.943952463918331652e+00
3.216397087968032587e+00
5.728296253488617040e+00
6.469484015310213110e+00
5.759072129971023024e+00
3.821094484113346734e+00
4.926564699820166204e+00
3.314774064938265763e+00
5.503745186123125244e+00
3.673807086258879639e+00
5.856147293789164543e+00
2.680184201801490751e+00
5.597287118042053145e+00
5.339381224907157275e+00
5.286631025552543051e+00
5.649280695007288244e+00
5.070900922967495283e+00
5.002778586441397835e+00
4.872492126993079431e+00
5.618569592948992053e+00
4.148307801118471971e+00
4.050745191098138243e+00
5.474124656148130263e+00
4.048959194829931718e+00
4.692966875502404989e+00
4.766647908723759208e+00
5.379970364536822203e+00
3.444835124648825353e+00
6.088358305900703371e+00
6.280351822409189211e+00
1.078969080575945094e+00
5.971365426270128118e+00
5.082025267740476693e+00
4.243736504389184816e+00
4.518326652841168745e+00
5.509383675740773256e+00
4.558609365546351988e+00
1.058936909248742841e+00
5.235838488098207399e+00
1.208100217650659225e+00
3.892525766401714105e+00
5.632623853087769916e+00
3.636498590587871060e+00
5.732073033322591549e+00
5.683286961298655626e+00
2.553641706678021706e+00
5.468596005458497444e+00
1.082754164147237130e+00
4.435612267497840655e+00
5.412918213526328515e+00
4.041713667942659960e+00
1.181307444132408735e+00
4.429735317248209903e+00
5.158245814143394448e+00
3.818404745330022276e+00
4.234343152520632536e+00
4.482786021626973039e+00
3.455187408577121033e+00
5.402540735230399349e+00
5.109808884304680277e+00
6.139106584463674743e+00
4.796367213016193176e+00
5.353284991545270266e+00
5.561036898931995154e+00
5.345942983740324728e+00
4.738449164480516451e+00
6.177554253468168888e+00
5.266733509689690784e+00
4.995793055632065993e+00
5.580206002268997878e+00
5.423848419919685249e+00
1.207525971030044332e+00
5.675576763693244153e+00
6.095245330018403074e+00
4.552645611467370124e+00
5.612662327976631005e+00
4.557629748122725033e+00
4.897880442567798198e+00
5.671388578918826084e+00
4.680525925191750147e+00
3.618507406998389353e+00
6.210355153191540190e+00
5.511410940602202047e+00
4.665876236281281564e+00
1.918000781108087249e+00
5.139320674645992071e+00
3.838572977348131854e+00
3.656787544838310478e+00
5.280336980525488499e+00
5.051441663819214334e+00
5.091738007045646164e+00
5.150270546178267850e+00
5.486890999125159318e+00
4.378152646973607176e+00
4.375789371772979663e+00
3.000962741904554143e+00
4.026378201934149637e+00
4.774172313210703678e+00
5.863785197282370021e+00
3.492256558660697952e+00
3.305287639876214101e+00
5.380015093951029392e+00
3.718496606083753875e+00
4.049752469711390468e+00
5.436377300261987955e+00
5.258980749971191138e+00
5.330975606469245953e+00
4.649604151982567046e+00
2.473585479292801370e+00
7.901874549546203941e-01
1.912736856351522352e+00
3.581698608667166273e+00
5.542685806256932857e+00
4.915252580253465453e+00
4.687536787255369042e+00
3.168468310243715447e+00
5.670102522667800571e+00
3.223282816541677587e+00
4.808170180405085148e+00
6.001133243229175740e+00
4.860754723170189529e+00
4.379104636912938275e+00
5.152389349737038771e+00
5.400035131630996688e+00
3.640733461358954592e+00
4.511466192436313527e+00
3.775471226033218830e+00
5.042322027284373398e+00
4.199636016903676605e+00
4.069080712948222711e+00
4.089092622004550037e+00
4.693688568269932304e+00
4.225386150830832577e+00
3.225705522761314725e+00
3.218540451240694544e+00
6.112172532242091449e+00
3.767274083753825664e+00
4.522375493509555255e+00
5.245917065244737110e+00
4.370629501040428799e+00
3.978862974525176455e+00
4.294238096358422574e+00
3.405638720779668116e+00
4.119806920612410828e+00
2.874990452789364159e+00
4.416964076333018241e+00
1.136979863116294842e+00
4.974497679492843716e+00
5.632672936734836711e+00
5.727341411097469859e+00
5.074017950183541181e+00
1.817439680697712223e+00
4.643330950939372315e+00
4.943931444970856681e+00
3.785691086864249044e+00
6.061320475070389513e+00
3.886902147710634026e+00
4.765883400195263242e+00
4.506055737208879641e+00
6.090930621412561585e+00
3.611065116006917375e+00
3.856221798177166260e+00
5.070067884102318345e+00
2.288264592226584071e+00
5.732233561830135216e+00
4.684679745204076262e+00
5.407203509210818382e+00
2.351742700120611040e+00
5.895358675793936243e+00
4.322673729488204941e+00
5.672940128403754834e+00
4.872681464947252294e+00
4.171713034878644422e+00
3.259648419991135526e+00
5.523122363493225606e+00
2.025012828935075504e+00
3.640501342299634846e+00
4.262040926189750500e+00
4.828921609104692259e+00
4.543078616863472696e+00
4.363358290067134604e+00
4.292550726850177689e+00
9.056760033368619345e-01
4.804759873716085039e+00
3.300490582972585241e+00
5.171938454067356083e+00
5.295872257720337650e+00
5.393794175227025534e+00
5.787403479787701421e+00
4.197685273358939817e+00
5.388012406387852060e+00
4.555331736256107433e+00
2.702472610548237952e+00
4.688634360450348204e+00
4.906271527162073376e+00
4.980903952543274116e+00
3.281663881064495580e+00
4.503692826577244013e+00
6.122792784868202887e+00
3.953393434007582030e+00
5.025673582660296290e+00
5.227477189398135771e+00
5.129418785967834182e+00
4.080780025359187491e+00
4.046826257250290659e+00
6.116838928442041912e+00
4.976811395317922937e+00
5.473276165028364559e+00
4.663786636530602436e+00
5.288691230816030320e+00
5.138582800198110867e+00
4.506063951781384525e+00
5.263019938816230869e+00
5.604990422088629742e+00
4.709938315048262325e+00
4.937772442925664862e+00
3.444266907197697236e+00
4.025342371369803551e+00
1.419582145296954145e+00
2.543191693163089351e+00
4.767184253524811233e+00
2.592354783118653749e+00
1.280401683345062436e+00
5.411232455362285698e+00
5.853257371061354242e+00
5.957103724620457896e+00
4.475202243407421676e+00
6.204054046708082026e+00
2.832973250304086754e+00
4.604878101270058366e+00
3.900684283263333274e+00
2.815655806559252294e+00
5.532243208410957180e+00
4.773686872057677277e+00
5.456249312221571834e+00
5.095129896003982140e+00
5.079555471431707048e+00
5.673248838700489571e+00
4.722538752329468181e+00
4.712386543645715520e+00
6.137615203794173802e+00
5.242514080934354226e+00
5.865343522716992553e+00
4.268084501017495036e+00
5.005422316267913452e+00
3.623663436483968159e+00
4.829227270058983557e+00
2.846303850310814454e+00
5.747066761843222515e+00
2.838107486244179078e+00
2.151788459338973336e+00
2.493776422099302614e+00
5.187252307938750917e+00
5.010952683292735799e+00
4.734917657245303779e+00
4.694183544681139963e+00
6.399896063960197168e+00
3.658856637314546134e+00
3.910958079594261338e+00
3.196851397213946289e+00
2.522324713636705962e+00
3.855164813835398885e+00
4.706745611655225758e+00
3.915359014677503691e+00
3.434354282387929391e+00
4.307919338936651243e+00
3.565695309885252851e+00
4.226260491561462551e+00
4.408798129328798332e+00
5.103030212959677847e+00
6.049032734933942557e+00
2.373150190961486050e+00
6.375353637497887860e+00
1.249854609478016298e+00
3.677057506452701574e+00
5.194554969818368839e+00
3.710300911490396647e+00
3.134092781232333369e+00
5.241354192663208345e+00
4.461838806513362954e+00
5.020483116264312429e+00
2.686161604049771334e+00
3.947800816104555910e+00
5.229983582079481330e+00
3.626869582855840601e+00
3.640925945594517987e+00
5.195119693260043192e+00
4.107540231119415353e+00
2.618387735931416049e+00
1.643100132475663333e+00
4.697327129147272906e+00
4.559560479894442686e+00
4.586322528403177223e+00
5.108489004892246221e+00
4.392348999763624917e+00
4.110030837400677761e+00
6.006263092593844277e+00
4.060579407436637922e+00
5.186057708248349662e+00
4.292399620725046994e+00
5.016231013768535085e+00
4.655212382588035602e+00
4.156571977410798091e+00
4.037843904767387748e+00
3.817848433944894371e+00
3.319572050838246025e+00
5.511503530412345420e+00
4.251909095366517732e+00
3.619754583000356796e+00
5.098119825380868164e+00
3.007037429296078201e+00
3.562619362467920325e+00
5.596006694244133328e+00
3.784035085766185524e+00
3.161359007050004610e+00
5.318206207233523664e+00
5.198596590936267248e+00
4.272508846465243870e+00
3.620450009917493439e+00
5.093505434792895414e+00
4.325998367811334511e+00
4.609790077038725897e+00
3.689148887156129764e+00
2.899328798449230860e+00
2.834292412740749167e+00
5.517521770531847558e+00
2.967929408206114950e+00
4.380959407564315455e+00
4.949437191355641197e+00
5.495246741764482579e+00
4.779089691795548767e+00
3.677122483882848680e+00
4.153356615181420963e+00
4.105496544505024659e+00
5.142464821635309491e+00
5.386582908895562127e+00
5.136920170213037373e+00
4.534620270700573386e+00
4.325602847692869624e+00
3.162216639799357853e+00
6.429823676051416470e+00
4.330433023881857579e+00
3.452313547139830519e+00
5.786739068368424554e+00
4.957157532816249379e+00
4.745799059309238288e+00
3.741947829257179059e+00
3.959465363396427851e+00
4.633067382089557817e+00
3.847351271362777769e+00
3.831874588076718879e+00
4.221563538075595368e+00
4.748231889185775323e+00
4.630389524357023667e+00
5.226552562792097234e+00
4.258604559615842611e+00
3.058877438777980906e+00
2.568228582237441326e+00
5.324186769885201009e+00
2.784694905828370981e+00
3.144101603308637305e+00
3.865322651796987419e+00
4.845884712523822024e+00
3.846261633853710560e+00
1.108323372846181654e+00
4.117335726147365094e+00
4.203603160895427848e+00
5.123300026491623527e+00
5.121107555938480438e+00
5.832001178151830167e+00
4.343951339615184537e+00
4.537503341782412214e+00
3.590661731964173597e+00
1.913655908185619703e+00
5.254979582593064080e+00
2.710128698981303597e+00
4.240623439999673394e+00
5.412358928361730825e+00
5.598168746021261022e+00
4.599469398846520285e+00
3.725367894443248229e+00
6.188785061250861474e+00
5.150343238382256494e+00
5.709198971440651249e+00
3.546797643393610144e+00
4.300752301034490799e+00
4.457758609732194621e+00
5.378493989931366848e+00
3.132500634388685867e+00
4.583608154455111716e+00
4.439079901530005756e+00
5.894386778585467113e+00
2.439785420084519263e+00
3.582864532450964479e+00
2.477919499266154624e+00
4.027210554302425471e+00
5.315189134051620634e+00
5.176061452443870614e+00
4.081858339895753751e+00
4.162895316838137738e+00
5.494268315880332487e+00
4.469677253593800970e+00
4.666170017935392877e+00
1.442586313831893507e+00
5.064431674344317180e+00
3.447448072098383776e+00
2.323259375644329161e+00
5.132842377449145843e+00
4.628320660441817225e+00
3.085770259957933082e+00
5.164470718583734410e+00
2.847660064065117957e+00
3.844529122010636346e+00
5.035012583139838682e+00
4.696117194365338143e+00
3.735366947331940857e+00
4.372638545038796565e+00
4.475614678154586024e+00
4.505600088159918748e+00
4.754287440657231301e+00
5.978571488176878113e+00
3.210520912554732487e+00
3.971049054430514591e+00
5.274164012829122505e+00
5.190256030166683132e+00
4.703834881898911746e+00
5.771947358446649190e+00
5.536920233734492491e+00
5.536462092874387508e+00
3.873363308716691655e+00
2.467814271530248238e+00
3.123973862072835228e+00
4.773437372895927844e+00
3.587102485642629901e+00
4.467597570012727282e+00
1.944051585270376359e+00
5.199787912155704461e+00
5.412365688248677031e+00
4.341619195205529635e+00
5.680883587810263258e+00
5.758216843941582397e+00
3.239575926214413037e+00
5.359266153112546505e+00
5.905651979376515648e+00
3.557587906876642503e+00
5.027750888329248546e+00
4.740906854965897033e+00
4.728882240434475470e+00
4.456752444619115572e+00
5.288546278601890194e+00
5.136159581467547142e+00
2.582457284288502741e+00
1.609419998819668240e+00
3.208727097385400295e+00
4.712796481392386383e+00
3.925214836039807587e+00
9.941154746482833149e-01
4.478638689845968912e+00
3.924134964481635901e+00
5.942244772131550334e+00
4.920303534419416813e+00
5.510513875210798496e+00
4.360278738215943584e+00
4.276584710450496374e+00
5.623870869926776983e+00
5.329526116347439668e+00
4.013522986755021726e+00
3.683144167317070394e+00
6.622757266474533999e+00
4.955779428430573397e+00
2.824189877061578535e+00
6.400132378878852002e+00
2.706306150287422163e+00
4.809490861284147378e+00
5.319441099178741972e+00
3.021707751364705707e+00
3.958334186198944948e+00
4.939966825227784852e+00
4.592088709215888187e+00
5.403209986696522193e+00
4.709570002125878396e+00
1.671834646108852906e+00
6.252069139161950950e+00
6.465919854978713355e-01
3.573461106204048665e+00
4.591765028528062231e+00
4.285920200060460594e+00
3.113296317513562173e+00
3.035398727415455244e+00
4.341221790371216471e+00
5.244622618090281740e+00
4.388875718802018433e+00
5.307294606911364454e+00
9.128292990430179055e-01
2.587191866775671034e+00
4.420011745962046490e+00
5.204040948968638780e+00
4.615499577319715385e+00
5.645214238279090857e+00
2.873745400166647812e+00
5.324400068475996228e+00
5.537099696909995927e+00
2.884277068209167627e+00
4.911607219474181663e-01
4.004530321770451096e+00
4.853280431518712135e+00
3.295718230460547904e+00
5.424985574371993913e+00
5.174556463607805412e+00
4.794628631159253196e+00
3.969288534571001836e+00
4.868513021707322252e+00
2.391952077828366718e+00
3.873138291730412242e+00
5.713162394069297711e+00
4.798221217010529394e+00
5.672831663609721353e+00
1.548210489907318799e+00
4.600635341567013370e+00
1.194875132123229822e+00
3.651848365920597139e+00
3.892190868334584941e+00
3.739170793387072145e+00
4.722917354709741389e+00
4.075650619943250952e+00
4.440934867988747925e+00
4.843665233110109547e+00
5.575252215157944669e+00
5.553265961839970011e+00
4.276823860310968506e+00
3.728719152405828297e+00
4.700695157041528738e+00
3.486049698580478307e+00
3.409743158086089299e+00
3.902396802085065453e+00
4.536987331078003116e+00
4.836762480132625441e+00
4.091515494358430871e+00
2.619441881831707342e+00
4.872018857323186403e+00
2.721539255662817958e+00
3.179298418411607763e+00
3.767120077252569033e+00
5.481944109827080247e+00
4.730674034897308644e+00
5.746975819703605382e+00
4.838566912266527353e+00
4.514833779635721633e+00
4.982126341241299272e+00
2.788827709713754377e+00
4.590760464083357917e+00
3.100312404897187957e+00
4.393646674694501542e+00
5.760787172106780041e+00
5.512330581512059346e+00
5.120309291947067187e+00
2.087382472894682373e+00
4.252485697812955046e+00
4.763506586550331434e+00
4.039084753990744403e+00
4.706204542068839203e+00
4.250960428874048347e+00
3.549925801156615712e+00
2.362036797282876410e+00
2.939310875712642268e+00
5.550009644656607399e+00
3.983436072248629944e+00
5.428064683696478099e+00
4.122046128631572159e+00
4.977454749188462202e+00
4.694904991670099115e+00
4.519464531452113576e+00
2.749908707084211201e+00
5.742487290216867102e+00
5.375731459095172582e+00
3.931026243015840027e+00
4.763178615859999354e+00
3.774726191195370006e+00
2.357778566199255188e+00
4.167431704975760098e+00
3.998037075458176215e+00
5.968167806689852029e+00
9.334529413816368137e-01
3.903757848810371911e+00
3.898952582949027246e+00
3.642177155374863418e+00
5.099685476326302869e+00
3.705549390766115891e+00
4.134010099271865357e+00
5.112379578900545063e+00
5.635421422515154433e+00
2.764748994622109102e+00
3.469398442855819553e+00
5.738766011085605356e+00
5.046589075831439786e+00
3.564423974033379849e+00
4.074619683292100447e+00
4.668711656746082461e+00
4.530306730057029441e+00
3.707943082926092870e+00
4.782259574864533569e+00
5.117589144627730846e+00
3.613695506918542133e+00
5.515222586184001408e+00
4.198056553011670466e+00
3.193164373349214991e+00
3.986894340627587852e+00
3.003126305309243183e+00
4.764928195858487037e+00
3.188968537316565488e+00
3.762466939710084279e+00
4.098176734597505089e+00
4.785797999025261262e+00
6.022469381985266601e+00
2.755131567064442066e+00
3.685561699814820624e+00
4.742570928601669067e+00
4.278027345674075832e+00
4.570336994108282092e+00
4.261225060701955059e+00
1.421642455041656872e+00
4.205798476091676008e+00
4.685095093367605656e+00
5.951463735801405974e+00
5.600080449645644443e+00
5.207457034835781151e+00
4.456215921518086986e+00
3.756521765900176391e+00
4.455179213890224865e+00
3.675349154125854056e+00
5.351445568805205610e+00
3.468204462165085822e+00
4.689124473828454320e+00
5.516406789920548448e+00
4.755673936942361735e+00
3.764442687752835415e+00
3.348951990165113024e+00
3.947652907962176716e+00
4.335183007705836644e+00
2.988720544273920865e+00
3.334288321737001848e+00
4.068604775650509708e+00
4.199038334302596098e+00
3.908842212045160025e+00
5.525440627317485642e+00
3.200088194874781689e+00
5.149734835571076808e+00
6.379856356485006152e+00
3.790594480044980230e+00
5.146160344947940501e+00
5.215511149266687241e+00
4.648443141334588802e+00
5.475169018120609188e+00
5.068645212522556065e+00
3.893817545343262410e+00
5.158176571127074617e+00
3.587937670744469010e+00
5.044642027052429256e+00
3.843288451669139683e+00
5.066424178046181837e+00
6.189559075258639353e+00
4.714411690454439530e+00
3.305831253667209868e+00
3.727180109272358877e+00
2.878797922819269495e+00
3.453140285773075302e+00
4.329467972644337692e+00
4.694601538646676175e+00
3.538988762842558700e+00
5.185760964435212728e+00
2.967378559495606360e+00
5.008193875800444950e+00
2.255826520123159540e+00
3.586588193459837370e+00
3.950480645055912898e+00
5.489461074304212040e+00
4.520844605310486486e+00
5.316304094774892519e+00
3.543844333834091476e+00
3.908500580484153275e+00
3.525734440167247463e+00
5.378891836023027118e+00
3.171516065599057299e+00
4.543097752840915327e+00
9.412212601012763802e-01
4.401134821557564969e+00
6.298912875852161974e+00
4.913815138079283606e+00
5.276511431408007269e+00
5.938321141684762772e+00
3.266382694578126689e+00
5.734829606057108897e+00
4.897615154707399832e+00
2.780693171018976173e+00
3.527569439544829599e+00
3.602451261441748986e+00
3.709521964035447539e+00
3.507852307129501579e+00
4.385939610442421532e+00
4.795841666489540245e+00
5.495339385700598100e+00
3.278303390688345420e+00
4.537916103611670415e+00
3.363201084354961790e+00
5.356664743169304188e+00
3.505292951204109997e+00
4.746477890404998234e+00
4.173560041440917523e+00
3.710846539046642967e+00
4.770005172212010258e+00
2.930931471477852934e+00
6.441059239815713156e+00
3.577299788382365175e+00
5.107660889009686400e+00
5.537447725503931828e+00
4.570862323433637187e+00
2.871257396758819969e+00
4.401292619934885408e+00
2.956256021263636402e+00
5.337188031149731060e+00
3.821232220488567144e+00
5.988883874268529084e+00
2.801199044468103860e+00
5.038955835213855927e+00
5.679122858578442568e+00
4.643191523904970808e+00
3.388270607618800057e+00
5.422180817204876213e+00
3.753755176175287644e+00
4.181239297852474834e+00
5.659301090773596776e+00
2.719545931006595030e+00
1.695211194181054370e+00
4.357105467541383170e+00
3.142651750745529160e+00
4.732450991148619224e+00
3.075009495592649245e+00
6.577529601270073023e+00
2.788224518497755433e+00
3.349298852826922523e+00
3.578964797059388747e+00
3.534263455835301659e+00
2.708881742334359632e+00
4.287750136431360382e+00
5.009208395110772649e+00
3.226558129821737175e+00
3.961959410644287694e+00
3.945407664760650412e+00
3.957289719818283924e+00
3.905494457682543441e+00
4.687110163885641612e+00
4.148280258818204835e+00
5.299943682111475596e+00
3.679397692101220585e+00
9.587201264719001914e-01
5.704968567752569442e+00
3.077241489692617460e+00
4.875897724158368973e+00
4.555126010459400909e+00
4.836293999055699899e+00
2.156123156613751313e+00
4.643534457988476305e+00
5.389498433174458647e+00
5.412034087179145025e+00
3.856079556016088095e+00
4.172965595925612448e+00
1.072102053674878874e+00
5.514678417087345963e+00
1.998393887795844703e+00
4.489784771559782506e+00
3.913600950655523825e+00
5.117048909287561287e+00
4.526128450216839738e+00
4.800109757722226256e+00
5.537280573797119132e+00
4.801753516633707086e+00
4.206954497634232126e+00
4.828306290653789468e+00
5.553484549770388412e+00
4.001125491197267792e+00
1.111603642684090953e+00
3.807097938555441097e+00
4.914640629154185980e+00
3.936892439360552221e+00
5.487150446298350026e+00
4.712229113136869429e+00
5.215332621084389331e+00
2.689807391774750922e+00
1.468377413451552815e+00
6.627851708362767269e+00
4.410375140869312816e+00
5.340758183075614340e+00
5.547626635721765176e+00
1.662660154727968020e+00
5.132384716894688559e+00
3.483256084265751618e+00
5.441925348218389580e+00
3.108155109950159645e+00
5.257736148719711622e+00
5.646672400288744953e+00
3.886347912034174623e+00
4.152348703546469899e+00
6.573280389079820374e+00
2.169804838227502586e+00
4.648192751812171508e+00
3.168132319876553638e+00
3.978746197944380558e+00
5.001001779886800058e+00
5.032824619585595904e+00
5.980520865067944669e+00
4.896737656076074252e+00
4.018366283948474837e+00
4.904695123288961511e+00
2.417349162579077948e+00
2.577660462009142783e+00
5.169395637543627409e+00
5.264703021505576785e+00
4.743329866079496249e+00
4.848395227324223455e+00
3.857529605557741714e+00
4.922581336508765837e+00
5.015246761787123475e+00
5.561152723335396786e+00
6.304105638843531700e+00
3.645236239950000456e+00
5.260823508753673217e+00
6.490697927387708788e+00
4.011833847750954973e+00
4.906162702161162237e+00
5.666814974547268235e+00
4.071139762597632661e+00
5.661042996384471948e+00
6.324634758433887782e+00
3.335440260923310696e+00
3.438465660608106766e+00
3.912314421478973347e+00
4.828975988784037554e+00
4.973804170587707851e+00
4.796271830715782336e+00
3.817976570724059382e+00
4.903337246733380894e+00
5.678298744418648347e+00
4.565421885027340920e+00
2.608856040836358137e+00
5.458547937272768102e+00
1.125242689921325479e+00
4.708974926206744627e+00
5.662568153416834171e+00
2.575884043757253217e+00
2.321536104214792395e+00
4.734194572519904831e+00
5.818646443691390502e+00
3.771967841074209460e+00
1.966409326174601846e+00
5.172141132877989378e+00
6.842327371658901036e+00
4.588760175628086913e+00
3.520604016229379241e+00
5.353660530573862708e+00
5.745998927937928435e+00
5.058670743662032621e+00
4.420571905879621788e+00
5.412111844858202403e+00
3.789883310989339726e+00
4.585344154883212120e+00
5.489580301247551475e+00
4.955971619398767736e+00
4.758183760788281091e+00
2.660582893795970794e+00
4.828866831699144768e+00
4.410968215339225118e+00
5.283232525423374959e+00
5.039225231457780119e+00
3.890418957607778339e+00
7.149758344734095772e+00
3.732333886391926647e+00
3.774520361814881930e+00
5.351167530432622499e+00
5.395191640953251877e+00
3.678312989830271995e+00
2.743835752057943278e+00
5.538747361175334838e+00
2.600191879656076566e+00
2.936147381486394536e+00
4.722296287205179688e+00
2.658011147957360709e+00
2.084191249527428180e+00
4.492492342123118654e+00
5.298608079090231016e+00
3.811151984976258067e+00
4.429585286705925995e+00
4.769106635609045242e+00
5.761481588831220968e+00
5.788420510863383939e+00
3.630852032748565161e+00
5.371477910445875636e+00
3.844969486947562576e+00
3.038740001266843294e+00
2.201750615849191739e+00
5.057033146349423802e+00
3.922842860322251379e+00
5.171491239810275253e+00
5.557413194698781922e+00
2.697036244871030775e+00
3.527706927970429174e+00
4.217048296487625691e+00
5.053241127019976631e+00
3.969857318511325950e+00
5.495780521447476419e-01
5.114545676739796320e+00
3.326190198199864501e+00
5.322205868472879686e+00
3.132612305215966231e+00
4.876020387683098534e+00
2.601093399521530181e+00
3.758091385151149044e+00
5.151103381254920954e+00
5.566445138848100882e+00
4.166133854157092031e+00
4.240639089984482801e+00
1.165569701382897838e+00
4.977269943435505439e+00
1.196442012204587346e+00
5.063003945218049751e+00
5.279782563635491144e+00
4.001145040767351446e+00
5.487225225463716605e+00
4.550557109596073957e+00
4.730472866521717279e+00
6.448581998831931728e+00
2.267784777934141349e+00
6.373920859305239439e+00
3.816932383938480555e+00
4.406915725875405698e+00
2.334193702165890283e+00
5.154903057107664388e+00
4.740259125392489281e+00
3.272464945699844474e+00
5.325054625989521284e+00
5.884282188699499372e+00
4.489607576328184635e+00
3.471497585831294419e+00
6.356352454740486380e+00
4.717782130001070051e+00
3.268644852241584520e+00
3.936438967788961296e+00
4.001995688573124710e+00
5.367227926507910141e+00
4.225645566432357114e+00
5.254212917013220796e+00
1.372235260399606194e+00
5.341585806299621986e+00
6.365987722318088515e+00
2.508541324213377610e+00
5.496255764747290051e+00
4.275696023934539625e+00
3.254072330271548630e+00
5.478194322795424398e+00
3.708318374604897105e+00
4.154325748324356304e+00
4.599917469566364936e+00
4.215742546150567094e+00
4.133438177913464351e+00
4.146153757515119942e+00
5.162763041125661978e+00
5.091959723723330278e+00
3.472572411873873666e+00
4.390617518395869112e+00
3.793246746329877794e+00
4.292658473738157454e+00
6.444935687466422536e+00
3.208448332847447126e+00
5.543358567681191396e+00
3.445747269951086267e+00
4.985696574345584331e+00
4.417487768216648902e+00
5.771627158408819014e+00
5.146331396201065722e+00
3.908169771961257588e+00
5.779830712930293046e+00
4.025183664664831795e+00
4.556788991868019778e+00
4.470528296071717200e+00
4.474663331349855611e+00
4.097821028690327161e+00
3.836504564073889068e+00
6.392999765579667759e-01
5.342211577156153801e+00
4.858509393670841447e+00
5.413050902612836168e+00
3.740909075380570936e+00
5.415526695462705042e+00
5.430637878624129833e+00
4.806909080494853548e+00
4.774661363558764471e+00
5.535126482406459658e+00
4.711364067813428314e+00
5.575210985552990550e+00
4.714659287999772630e+00
1.850575707042401374e+00
4.721968155796195887e+00
4.862822942083582234e+00
5.002709489639230789e+00
5.535110555446035363e+00
4.635171576727556086e+00
4.668466079493228449e+00
3.814062630630703943e+00
6.491241210499065772e+00
2.758405866439362697e+00
6.039512267017033587e+00
3.874580762376958365e+00
4.836948863200690951e+00
5.123104987438255264e+00
3.423849751478838854e+00
4.050183342226674199e+00
4.476354306120409632e+00
5.483388168212943725e+00
4.121406281141993588e+00
3.970262634003763225e+00
3.429457129084015232e+00
5.232114730272023451e+00
1.687748390218116956e+00
1.218804994803829533e+00
5.230486169502554183e+00
4.373113080883451964e+00
2.778024864992292287e+00
5.227075136798691624e+00
5.870709176856300004e+00
6.003218529948827431e+00
5.329721029549825850e+00
6.124617017896594184e+00
4.335551077674821840e+00
1.628373605813220548e+00
4.066722664490752592e+00
3.914448869175137791e+00
2.611148280686073520e+00
5.423537572786350403e+00
5.910907712223473887e+00
3.174065671143847300e+00
5.685685357282949326e+00
4.371400345707357360e+00
1.704651707089916979e+00
4.316973768099968467e+00
4.085795519840856649e+00
5.315403797457579849e+00
9.975313419002169724e-01
4.029899590952844335e+00
5.448557290648567530e+00
2.263142593566082716e+00
3.997127291417504669e+00
4.802948709556073226e+00
5.379587980609112030e+00
3.098785004166544343e+00
2.814431430567130299e+00
4.930867344113210038e+00
3.869754612163718299e+00
4.120979553002138474e+00
4.952100174659297416e+00
4.723522655555873584e+00
3.997843601362698340e+00
5.433252162600802571e+00
3.241953356068066228e+00
4.934468377254371596e+00
1.133436641278882107e+00
6.760275877436817460e+00
4.387896202126815304e+00
5.066476869204201705e+00
6.387744760744515915e+00
3.486151164492550691e+00
4.786790282114236739e+00
5.925667555162466904e+00
5.393442126580885621e+00
5.691157154072123525e+00
4.246901244724747393e+00
3.772552126818570439e+00
5.669824030917022917e+00
3.049935193455821647e+00
3.843526250350038254e+00
3.034659608797212638e+00
4.418018956362309346e+00
6.433059693402349843e+00
3.690163132176088823e+00
5.194415046340135511e+00
4.994529586643220220e+00
3.199883583886112159e+00
5.856406423963067986e+00
4.274066305040062907e+00
4.398245208453205990e+00
5.495117198635659506e+00
5.438633187799991831e+00
2.924748850782469933e+00
5.491778320305491512e+00
4.723816903912188003e+00
3.828704571454022432e+00
5.064088677128548710e+00
3.600394392875351457e+00
3.900867604031652558e+00
5.166914746926570601e+00
3.296054038367044026e+00
6.573384870618630416e+00
5.324157976215185606e+00
3.182388034889851891e+00
4.155507754019617472e+00
3.160737296300848875e+00
2.943625310202666601e+00
5.451507365983482067e+00
3.989721260115012935e+00
5.750403788315388454e+00
3.244533201498713826e+00
5.341017550535394065e+00
5.166375162363022966e+00
5.204297641715925238e+00
5.573420944871398497e+00
5.675608330096192589e+00
5.604076027224611956e+00
4.475542648916793986e+00
3.892967319491385858e+00
5.918638188549869561e+00
4.577247301450587891e+00
5.156827202781002484e+00
3.293788262043930715e+00
5.293327045039267098e+00
3.703515914947252075e+00
5.252303911179305729e+00
5.198607307332948402e+00
5.873275433433563286e+00
2.645773116138482095e+00
5.479560839280477325e+00
5.760186579760151027e+00
4.287341656315375005e+00
2.370407924171584746e+00
5.545923825073092672e+00
2.458611775905152896e+00
3.956262545605143899e+00
4.344020173943540897e+00
5.143130326905747118e+00
4.764606802459412371e+00
5.054830767123016599e+00
4.447000140723694095e+00
6.189749618954850874e+00
4.414487332796062979e+00
5.582901915888948352e+00
5.326603709591492652e+00
3.956761092660210810e+00
4.377296213634098265e+00
2.490411735257219483e+00
3.281311681779693679e+00
4.647245306329653047e+00
5.943311714881863494e+00
3.263588843755046209e+00
3.531308685913300938e+00
4.076472646237777830e+00
6.385771160965795445e+00
4.680524705894292481e+00
5.494679139915572996e+00
5.309453268428879547e+00
4.722049423175509020e+00
4.815650731364989667e+00
4.965798715031029431e+00
4.463911618500501000e+00
4.998995409874530615e+00
5.123811766348811858e+00
1.107708957840164876e+00
4.925071608864109329e+00
5.573625356075047499e+00
5.054349580101249018e+00
5.379643717134012348e+00
5.901770625677279725e+00
4.359825329430367269e+00
5.049556969953707508e+00
5.399885111691498984e+00
6.215388027722489106e+00
4.844546612923061879e+00
4.140482627080685596e+00
3.989814590260021721e+00
3.156427047036199252e+00
4.732376231345462259e+00
6.348101843150869783e+00
4.078250630192614246e+00
3.605193766804622335e+00
4.185951481022075704e+00
3.844343385246824063e+00
5.069221504655660127e+00
5.177481506879668238e+00
3.233170658485161386e+00
5.014761205579831405e+00
3.720406637674960493e+00
5.371011821498187899e+00
5.215559298210784789e+00
4.492113828026540467e+00
3.997845859985713624e+00
4.744016224788556890e+00
5.284444459353139223e+00
3.304807637714298973e+00
5.083988111802383081e+00
4.575059454608200404e+00
4.618766362317258789e+00
5.062108700592762744e+00
4.862967300256439529e+00
4.131019438817242317e+00
2.186557779371654409e+00
5.697433339209458936e+00
5.446062990556053585e+00
3.368453080811327549e+00
5.564210857167381619e+00
5.064567652821527766e+00
3.562027781340583843e+00
5.254652008476369929e+00
2.421476448078686339e+00
4.065913506046639370e+00
2.594236994081343006e+00
4.532116710803988369e+00
4.480835062500572619e+00
3.027353783808303778e+00
5.467043891096238006e+00
5.105941388597219799e+00
5.474564340653502725e+00
4.573866890629888715e+00
3.825358777682168476e+00
4.995219718828351141e+00
3.963332347174626236e+00
4.053830687653559472e+00
5.833067061254913810e+00
5.212601657176329617e+00
4.028690977507005222e+00
4.358668470182472277e+00
6.430942865477399017e+00
4.247462707518979030e+00
5.292019868399860272e+00
4.609302713759380943e+00
6.041758384178700370e-01
4.068070860429912727e+00
3.636631534487868134e+00
3.075597394603520218e+00
4.818534630262066187e+00
5.389311227937243487e+00
5.300047372420849889e+00
2.148190749837588065e+00
6.229835216042811652e+00
3.105509551965396575e+00
4.262806862845844869e+00
3.324697187848558944e+00
3.434726226832517604e+00
4.755338204762348475e+00
4.907302984252639000e+00
5.147824013588364167e+00
3.344700668579033476e+00
3.294278054645117138e+00
6.240927230050934860e+00
4.664892725618553726e+00
4.049380271633902240e+00
3.354992365109867869e+00
4.046935988494525738e+00
4.534796699491804972e+00
4.930663078874079730e+00
5.444192849370249832e+00
5.684424663731317828e+00
5.717153242825795623e+00
3.853417442655674208e+00
4.341166747171767426e+00
2.875141110402639200e+00
4.246297745516541156e+00
5.446683230228200223e+00
3.585212190247715647e+00
5.674521137118870406e+00
5.418539044467642007e+00
4.037559277121140155e+00
5.812657893391222963e+00
3.363662123474881138e+00
4.427147649612929392e+00
5.503448779954191572e+00
3.828112315685063827e+00
4.425063602323277223e+00
2.558170051691213143e+00
4.154989199324464977e+00
3.822986162969008728e+00
5.154041989627628162e+00
3.884978636300708388e+00
4.571466944344953376e+00
5.744848707513035890e+00
6.119845351036843795e+00
4.498400370539611615e+00
4.387722729337099281e+00
5.499154861307533615e+00
4.960629174879262138e+00
3.575176511783214828e+00
4.629867602338087806e+00
7.213008573487355024e-01
5.562863968249680546e+00
5.513621491409733011e+00
5.242165372991181016e+00
5.077750707317443712e+00
4.922214329653304077e+00
4.507022573800695930e+00
4.854019757958771386e+00
4.427454896026000064e+00
4.486313628229042116e+00
4.235071529701798454e+00
4.013767888797496575e+00
6.147600419819893247e+00
3.356814798519706766e+00
5.657925947467741246e+00
5.036842341982646687e+00
9.538515211030769159e-01
5.549140177342485103e+00
1.831871599017971475e+00
1.774337947773991342e+00
4.842507866514218051e+00
5.135791160148690082e+00
3.359800722406506512e+00
5.110678988464841588e+00
4.008864267072243415e+00
5.322104154873488646e+00
4.352281373638430928e+00
5.357377599761783848e+00
5.208181345319424338e+00
3.939139991021264997e+00
4.872777791629689048e+00
6.099024790478292601e+00
4.975173241990254347e+00
5.597060043376488991e+00
6.087327597000125934e+00
3.683070570062138227e+00
4.218883543026260341e+00
4.925543530951860483e+00
5.015576841394708829e+00
4.221906617732105182e+00
4.479705223979398632e+00
4.609211059745486061e+00
5.318809107644350220e+00
3.461614153442519992e+00
4.832673653947151315e+00
5.542061261591058496e+00
4.263167785369314622e+00
2.889478129908177095e+00
4.657631764899155868e+00
4.315565958081972298e+00
5.780736770841003569e+00
4.195874947482965744e+00
4.952595838208487145e+00
3.303534039445177761e+00
5.005187297290354387e+00
3.425285805096601077e+00
2.778747861062252689e+00
4.689077222514230314e+00
4.320169984853246881e+00
2.944673427118516429e+00
2.671268117577731971e+00
3.145047092063550931e+00
6.045563750189893781e+00
5.711814325121964409e+00
3.788262692395402365e+00
3.774998656307495093e+00
5.699531343308747111e+00
3.683098031926113958e+00
4.430584858569470263e+00
5.468276526836373108e+00
2.902722032734983859e+00
4.735189574282538949e+00
4.567889453175970615e+00
4.539709851898224180e+00
3.147287286941430562e+00
4.842423785293949123e+00
5.868473701120477060e+00
4.422158138935579963e+00
2.302495818695191598e+00
4.093118314645104228e+00
4.893159226497447278e+00
4.281136240528457648e+00
4.734010057259220083e+00
3.480245154971011168e+00
4.174352490130877946e+00
5.721528287234695753e+00
5.381929406264099880e-01
5.222352857089035183e+00
4.922204745041318219e+00
5.042414699781406995e+00
4.711807401525735628e+00
5.674934999348304920e+00
5.784119375833923549e+00
3.611235588077409187e+00
3.758854565766286626e+00
4.391208723505809708e+00
3.760214822242362143e+00
5.817286685560997483e+00
5.019912730976797022e+00
5.669354680602415542e+00
6.310225044039836639e+00
4.950544290685416904e+00
4.617800908836270146e+00
4.872390681502018595e+00
2.883345976263362864e+00
3.249005848109549177e+00
3.690727170153622616e+00
5.691058690961022570e+00
3.581417258706951046e+00
4.879229201649301295e+00
4.649711454412210898e+00
2.322495498972936723e+00
3.515119490920873169e+00
4.860598186947965971e+00
5.597429519816794929e+00
4.570520661850314248e+00
3.988957170788312023e+00
3.442619456009077261e+00
6.173498182890456043e+00
4.983460326630684278e+00
5.672567445393782215e+00
5.034172972358802234e+00
4.791267131502761067e+00
5.641300585388038691e+00
5.393951367498016403e+00
5.531583198541889956e+00
4.308580650180370952e+00
5.548311908943328596e+00
5.324198797831262375e+00
1.362130243900574689e+00
6.323411003097411331e+00
5.418883643517120596e+00
5.372248755592884173e+00
2.637483766653208939e+00
4.134226392864212229e+00
3.583531210212301144e+00
5.724940712607146764e+00
6.430438506609034377e+00
3.980294320213036752e+00
4.049332350815582515e+00
4.359105876583181605e+00
3.876481346723420707e+00
5.529684618248007943e+00
5.025891909304943894e+00
2.821817479901412185e+00
5.214926514463068763e+00
4.868936437223919889e+00
6.583352603635111322e+00
4.816460138328078067e+00
4.499208611344641895e+00
3.897904736763626588e+00
4.269787513589706762e+00
5.220008209966997548e+00
6.180866347105578029e+00
3.988220813960191347e+00
5.350600914222361837e+00
6.308191213644295914e+00
4.156481492456691740e+00
5.147378270938329337e+00
6.895990277309367755e+00
3.180431387269292642e+00
3.039281412879025090e+00
3.965644377008417543e+00
5.604280841477886632e+00
4.391371834936832919e+00
4.977387651510632338e+00
5.641062696416415889e+00
2.212395785323662878e+00
3.462580300746217254e+00
4.933655352484553447e+00
6.255050732514461309e+00
3.562771411214670447e+00
5.204113055125566767e+00
2.945633835470921724e+00
4.773312910551390509e+00
5.095659199807881734e+00
2.885738892934353927e+00
3.688463215590987776e+00
6.494624872877292177e+00
4.355301946423395520e+00
5.106359487135607722e+00
6.528538543250737014e+00
4.466385164063133573e+00
5.097553934134691822e+00
3.198638907777290985e+00
4.467328168366292651e+00
3.923660270333327649e+00
5.300256503485587523e+00
5.552056385947829575e+00
1.800942083120796067e+00
3.779511452458178322e+00
5.274539450389002404e+00
4.755831789650951436e+00
3.769608974464575546e+00
1.233767669149058444e+00
5.759895589397850735e+00
4.301294619993800694e+00
5.207846401974156159e+00
4.528712035654050005e+00
3.788502888348789455e+00
5.081358977592310033e+00
4.096585469334251606e+00
2.616877316695448208e+00
5.252212474846290391e+00
3.622009079050905189e+00
5.454241640685070891e+00
6.132346689125239614e+00
4.317671373439236682e+00
4.774861989890355929e+00
5.604978424215738997e+00
4.581878455134752670e+00
2.207441578856037534e+00
5.538342316814456545e+00
2.928854518514929062e+00
2.558518412131682407e+00
3.028433536773587065e+00
4.604199589377677704e+00
5.215359300014497101e+00
4.800881656797792552e+00
3.090869061796091000e+00
3.623129060649343813e+00
6.082242560469421022e+00
2.999584028351130360e+00
3.962312224587656750e+00
4.905093982932561048e+00
4.622810032323916296e+00
3.530437961300751049e+00
5.486439417880196068e+00
3.086567599582550780e+00
3.915220229370250493e+00
4.845294889869968813e+00
3.699319812056531376e+00
2.947048863352658365e+00
4.776752846767524652e+00
3.452661154408735111e+00
2.689071233759302348e+00
4.257664315315680348e+00
2.886703164345300721e+00
5.176828780575402966e+00
4.068013912499837126e+00
4.829223487659493053e+00
4.619196854538643038e+00
5.796304269223561789e+00
6.211843000552327076e+00
5.262816499747776433e+00
3.843769652913286095e+00
3.110190953551210669e+00
4.592599705874201632e+00
3.326270240481189244e+00
3.517218601511078901e+00
3.950269293100708623e+00
4.189265097312947717e+00
5.084906743621202985e+00
4.450955393956752992e+00
5.450298886068615012e+00
6.262155356179849086e+00
3.928306631115720204e+00
3.460646896690184882e+00
4.700181501046730048e+00
3.394162748220159731e+00
3.849111828542638669e+00
4.253623867307363859e+00
5.482837685585232101e+00
5.053699556980820518e+00
5.387180187939105913e+00
3.964768414510898342e+00
2.713184008758020571e+00
5.501420381517271530e+00
5.221801176950364720e+00
3.855567657022920813e-01
4.577750057896506242e+00
5.941127956044935488e+00
3.056753412292515737e+00
4.357052679322800159e+00
4.149540710249319808e+00
4.437277256790480351e+00
5.364689478840000803e+00
5.187281210562320943e+00
5.284394002901418474e+00
4.971645535786188397e+00
5.506945406425194811e+00
3.664109858902310002e+00
4.374913363155130241e+00
2.567694617170502625e+00
3.619205391605463173e+00
1.908969291464523543e+00
4.210883273573288399e+00
5.258429260245445214e+00
4.749708906136914877e+00
6.011629722036531120e+00
4.690421888003116102e+00
4.183047967005253831e+00
5.859906487006200315e+00
2.805063340978374953e+00
2.492105806609338003e+00
2.914450592102105553e+00
4.897407819283168706e+00
6.470434330684375901e+00
4.641572524689329349e+00
3.570804331616914240e+00
4.184334167848122732e+00
4.156500516357642283e+00
5.281515294636858648e+00
4.612066312103603849e+00
4.921948019998781731e+00
2.951646600829771039e+00
3.517403673401917619e+00
5.287641161023953984e+00
5.511401589615236851e+00
3.387359288119676126e+00
4.279831725261744602e+00
3.600047561942818053e+00
5.296902213676618842e+00
2.892519207110733070e+00
3.885769581783185878e+00
3.969092970747963189e+00
5.810463909630179558e+00
4.491925499422487533e+00
5.215858565967709026e+00
3.552360740145071194e+00
4.188929093294406769e+00
5.684522385479765738e+00
5.945352421761522344e+00
3.937486807993774374e+00
4.861807633511134874e+00
3.759930255537627275e+00
3.155701434551658302e+00
4.081889236819122857e+00
5.607382827723248475e+00
3.825071184908390265e+00
2.543417302182801709e+00
4.081869116629253114e+00
6.219491832594185254e+00
4.977539277602652135e+00
5.629370071827739963e+00
4.377231757200547690e+00
3.472947057883885247e+00
5.833025537219005408e+00
1.916906066323055269e+00
3.598324798053772700e+00
3.631228114745709945e+00
4.423632622444397811e+00
4.891624994615988875e+00
1.236335925303177374e+00
2.617869434079420632e+00
3.452677510031787467e+00
3.697635002054475706e+00
3.935673518438544516e+00
3.036596819064968589e+00
4.365838808129797854e+00
4.082393412712050917e+00
3.004469977911260248e+00
4.470042376562896713e+00
5.765293963664623433e+00
4.274903863082577971e+00
5.692471471173257136e+00
4.534149381493486786e+00
4.699410993370088718e+00
5.953910636203812778e+00
4.315656351684147296e+00
3.898375777996046398e+00
4.879297420646091510e+00
5.345385401009173698e+00
6.702214471736608559e+00
3.431352492820705091e+00
1.231764285918293789e+00
6.287268451200956676e+00
4.253007975393318318e+00
3.456025050718558145e+00
1.388307854266414898e+00
4.592264254249485589e+00
5.125648384628929577e+00
4.653290607046959515e+00
6.133081576763298237e+00
4.827743190974169707e+00
3.918597137636356198e+00
3.668456550086658829e+00
4.612307990897660304e+00
3.964107682881131467e+00
5.638426037014915515e+00
4.697328238252099553e+00
3.677866952387774280e+00
4.543958705727838776e+00
4.386677054076630888e+00
1.213148173279577469e+00
3.882788402351881718e+00
4.097225022957148077e+00
3.273616018911124748e+00
3.351241132250928789e+00
4.562073123988207968e+00
5.304853116962652493e+00
5.863438973193078496e+00
3.558759666307835356e+00
5.352767126381583473e+00
4.879988179587054553e+00
4.112608483800303638e+00
3.346082215956470041e+00
4.096672463135114128e+00
4.706604027252162759e+00
4.078537569617624925e+00
4.882374897729836682e+00
5.998280401685203600e+00
3.850775564251513128e+00
2.674817437658651542e+00
4.222839228867591110e+00
4.646503668567791401e+00
3.916894809403938194e+00
3.960771350734844543e+00
3.434552961983111441e+00
5.077737136310122246e+00
4.246638483691742572e+00
3.913990680579086501e+00
3.546152831373669656e+00
3.318345386174921252e+00
4.649029008481157632e+00
1.728950770062726683e+00
3.323648613502864890e+00
5.251677392721102677e+00
3.571498866230920832e+00
5.039500645576115545e+00
3.811269790862134244e+00
3.244545544219037403e+00
2.768294895516840270e+00
1.724368896412806551e+00
4.301748697209123229e+00
6.318234827550742061e+00
2.758129885168625339e+00
5.458921351436658576e+00
4.416666003720756351e+00
3.282738258261356012e+00
4.047932490045170084e+00
5.501487184098039052e+00
3.434272493894773071e+00
4.454862689160670186e+00
4.719370545494680158e+00
3.353450341943009061e+00
3.216303020778892297e+00
3.395370743216097331e+00
3.093099680894593195e+00
4.000188306091875923e+00
5.176305009581406047e+00
4.156064426009536739e+00
3.065525473966629999e+00
3.099806677257404441e+00
3.928647541522738873e+00
4.581176066239655675e+00
4.542121376621730100e+00
4.912864769086057848e+00
5.592858653724395168e+00
3.046385370151916572e+00
5.795036113871533168e+00
3.403910870641043029e+00
5.073831779348910942e+00
5.987151293568624411e+00
2.907942470931355050e+00
2.512903210984400282e+00
5.141005518974248290e+00
2.941847373849413305e+00
2.414929665673021031e+00
4.441345221624210637e+00
4.994172007842413663e+00
3.475587756590400978e+00
3.224575596101300512e+00
3.003132869686501394e+00
4.193904760863993886e+00
1.489587379947077128e+00
2.846210811031538057e+00
5.796670438129463143e+00
4.207656805565642699e+00
5.459225391123349702e+00
2.210965353258319332e+00
3.271103259604031255e+00
3.482689000297490178e+00
4.614754049846127693e+00
2.559224223550400357e+00
3.106802826249473792e+00
3.622657644297547996e+00
3.701416373247379266e+00
3.529830082191645069e+00
4.508648147159036057e+00
5.090761768860754266e+00
2.508593439336547437e+00
2.898302358780640908e+00
5.148764406239690672e+00
3.567316336101717056e+00
3.004200116695392442e+00
3.131971954997740060e+00
4.133917346826494921e+00
2.936207739845860587e+00
3.271569976114221845e+00
4.427089862373554396e+00
4.650152442663575414e+00
1.045269529264424513e+00
6.193604355350773361e+00
3.625015387183088134e+00
3.775722228653926038e+00
1.954216130189034173e+00
3.464072525460229812e+00
2.912312025500833013e+00
3.659436196027531452e+00
4.894402566742030558e+00
5.854957867095015978e+00
4.774795975828930672e+00
4.565220985217339766e+00
4.811025430281247850e+00
3.314633321313781078e+00
5.432940743009971207e+00
4.699764073489564709e+00
3.115623558172782914e+00
3.593558518841652560e+00
6.205404345224629026e+00
4.042663054838745218e+00
3.480679083446776900e+00
6.199454982139473991e+00
4.621812741896953014e+00
4.060156559824766198e+00
3.831905766112027933e+00
4.521720172231979973e+00
5.006410920692339062e+00
4.720298815917747248e+00
5.360581100673458721e+00
1.081264236603886930e+00
3.308338155231282052e+00
3.294095162530958021e+00
4.799069563252595927e+00
4.580944736053013777e+00
3.094553855872953285e+00
6.158316390758620251e+00
3.125210787355144681e+00
4.594147572743309205e+00
5.227154384600780190e+00
3.866994678444576117e+00
4.480072643654790632e+00
4.172176424818083262e+00
2.532860850726087243e+00
5.086392251174670420e+00
4.601124410049417968e+00
3.719135269166259139e+00
5.226491595866951556e+00
1.499605642705936104e+00
5.446861549511682554e+00
3.183435596831991177e+00
3.031555278431287803e+00
4.481762235380705839e+00
2.625688687892489881e+00
3.698909496791353835e+00
4.054733325239247677e+00
3.065730561752350702e+00
4.223954435109720684e+00
4.209694265583507899e+00
4.573315297772939658e+00
5.500891746415761396e+00
5.534469148849834319e+00
5.091194999319263559e+00
3.625216978833067927e+00
2.380238145287739027e+00
3.105549150328118291e+00
4.453313508011349953e+00
4.072742028051635543e+00
3.135688737793219882e+00
4.194517123256225055e+00
3.946937058154576516e-01
3.027017012896252801e+00
3.038975125880230888e+00
5.311259635988514916e+00
5.105068423621147211e+00
4.729190729237597424e+00
5.514732141443871249e+00
5.224612520000815330e+00
4.992944331657680479e+00
5.544855737668338946e+00
4.302455906105923766e+00
4.862352248709829183e+00
3.431246815654039661e+00
5.365852732769750943e+00
6.158955832949508213e+00
3.024460560961011790e+00
4.002443635461126803e+00
5.694688409612375324e+00
5.172847998746401110e+00
3.643447535699492867e+00
4.193901504170769456e+00
3.039542331039533085e+00
5.043827199201960987e+00
3.860266454221577437e+00
4.251839566558489381e+00
2.220390974092102621e+00
3.435495757373763226e+00
5.824828808171543137e+00
4.190258773135426829e+00
2.886301402006506756e+00
4.880482586685531032e+00
5.678554831841665873e+00
3.443093603300259709e+00
1.198296540052431469e+00
5.647762472015646296e+00
6.055638364661278139e+00
4.649059065250504830e+00
5.375440290771365426e+00
3.593532336109936054e+00
3.885584824229107337e+00
5.004404261036961010e+00
2.576220869716612238e+00
6.169267607872805037e+00
3.870772541830809210e+00
4.028860258651993043e+00
5.635982533350643919e+00
5.238943011976627595e+00
5.592048943869685651e+00
4.990669155817485603e+00
5.029821658636704385e+00
5.321479951449606283e+00
4.779964654879425900e+00
2.891115195321647846e+00
4.492412907066969829e+00
3.179811367680850598e+00
5.516370995231858920e+00
5.295847865422591561e+00
4.494102777040479779e+00
6.048569754106238427e+00
5.208026671895242821e+00
5.530964099785673938e+00
6.660488601371280737e+00
5.213563019426084466e+00
3.771988016137123978e+00
5.559565843898053750e+00
2.716273697466141446e+00
3.650867330187296478e+00
5.165804304697105387e+00
6.482159946634321379e+00
2.719813143530937616e+00
3.474876757336836430e+00
5.017584748887464308e+00
4.133601568459354780e+00
2.976264743858680006e+00
5.672867920056098967e+00
5.673791956760134703e+00
4.796611640917021191e+00
1.258287361604856658e+00
5.239516190476320112e+00
3.864300696512880329e+00
4.615786382433325841e+00
4.175078519222236828e+00
3.495642668621234517e+00
5.267417554396639723e+00
2.380889079108917450e+00
5.864711837615542045e+00
4.628805509136435070e+00
4.142671449031369413e+00
4.789476671236175598e+00
3.247101789896738477e+00
5.488208371261587004e+00
3.166776446846720106e+00
3.595525293866012717e+00
3.520904319710568497e+00
3.827444953714761233e+00
4.191387259393381193e+00
1.215950081518368364e+00
2.981431343174697268e+00
5.696270491931349156e+00
4.766493431645688617e+00
5.523960858232725535e+00
6.520914938236481717e+00
4.723925309249418447e+00
4.576499857594945375e+00
5.967776431672672466e+00
4.796827865295428595e+00
5.953073294077217525e+00
6.356447858270477980e+00
5.459397583975068358e+00
5.502380838281405673e+00
4.386470081133860610e+00
3.614457340665580887e+00
3.780008850848529889e+00
5.814756845832489418e+00
2.755251366210113240e+00
4.217706004128499941e+00
6.126381734384436228e+00
1.560044394693071101e+00
5.252784616280115948e+00
4.641563562323767655e+00
4.909839222913571000e+00
2.796221719603314781e+00
3.754135936393641959e+00
6.186920072392648962e+00
4.569666099351225697e+00
9.240402293136517065e-01
2.280871894291768509e+00
4.455336842708458533e+00
4.985575791019170921e+00
3.193913506226268684e+00
3.910048566638960388e+00
5.749407138243315174e+00
4.358103439856423122e+00
3.851079644437372718e+00
6.050015696286365596e+00
4.685627355359890167e+00
4.653848167379318390e+00
4.609695258986768351e+00
4.009663607156619847e+00
4.228318031885964778e+00
3.614235909349575504e+00
2.753422057971281145e+00
5.531490057334840671e+00
3.954236137362190817e+00
5.611262904809213303e+00
2.267940674660358535e+00
4.879522919114481105e+00
5.923079541319120622e+00
4.122639114482574030e+00
3.999313219349615256e+00
5.786561819117469696e+00
4.472975033993932037e+00
4.768072752570078343e+00
6.003850609029500518e+00
4.260391278473903753e+00
4.205396151569642527e+00
4.442784337974538644e+00
5.210619161896071994e+00
3.886332095277169607e+00
3.270094082375231359e+00
3.629686629061148917e+00
4.090170854206235163e+00
2.517707497567323482e+00
4.898194429695675645e+00
3.681509480089722341e+00
3.176135328346594733e+00
4.422942925686604632e+00
4.029047202560527730e+00
4.766265527259294643e+00
2.648553560539336882e+00
4.315592440491403892e+00
4.430467873532116130e+00
4.706473166919487916e+00
3.223339184038579663e+00
4.237115563810689878e+00
2.850727163372075434e+00
3.052371759689387343e+00
5.065552222597355936e+00
6.049129582917434966e+00
4.833145653074858217e+00
4.589855221304746102e+00
4.009800236256671369e+00
3.946012118989105755e+00
4.244581923255179134e+00
2.212878281496808430e+00
6.978992805402719490e+00
8.301343188951989527e-01
4.830387268478641083e+00
5.460560387826564721e+00
3.533429989598670939e+00
5.267623916408214590e+00
4.191782180331125929e+00
4.545382357751294400e+00
4.582973831701146139e+00
5.491216780698561450e+00
3.479471081021751733e+00
4.266681883800600872e+00
5.173610171164079397e+00
3.991243724878189347e+00
1.035188757210759869e+00
6.291686054681349560e+00
1.892245309772386141e+00
3.534982877273121549e+00
6.052389747946564036e+00
2.677631304234101783e+00
5.155409406519973814e+00
5.234117094226313327e+00
5.451110914891765802e+00
5.004775406416939632e+00
4.044021687876773186e+00
6.542016230848047620e+00
3.832750397656697228e+00
5.463800581548492019e+00
5.937031111741370992e+00
9.189968719228793770e-01
4.116735221811402390e+00
5.195629249152522000e+00
3.799966531705936124e+00
1.675756958466813940e+00
5.656540582748094792e+00
3.673764898098199172e+00
2.224024678859902959e+00
4.058456147894439425e+00
2.732567618533007003e+00
4.202473035242499044e+00
4.458810020322673040e+00
6.108677433179878768e+00
3.292295682780057131e+00
2.083275344822780983e+00
5.736583678534640462e+00
5.184374788094216591e+00
5.298164867420176449e+00
4.485435874110676124e+00
5.300424443834329757e+00
4.872945221528249604e+00
2.793144556375783960e+00
5.679791129050680176e+00
4.615117277507429172e+00
4.863009579865433807e+00
5.377401655754233900e+00
3.791512248268297025e+00
4.741778596233156229e+00
4.893127615012751619e+00
5.946171003622039208e+00
3.329135885013687624e+00
5.499351746284073528e+00
4.774742244480682629e+00
4.343449574033689586e+00
5.331474169434450516e+00
3.503769059326066415e+00
5.525748590730680476e+00
4.044534601002467866e+00
5.130675136332767394e+00
4.641426866380525595e+00
5.353858525820244019e+00
4.286282161031999216e+00
3.700849710546009419e+00
4.049166473271865740e+00
1.259716843345766391e+00
6.742380481856191210e+00
3.464512637047827859e+00
4.049540762911358449e+00
4.359225257412305155e+00
2.800321359124414489e+00
5.996990922018106573e+00
5.405793249681816626e+00
4.693385977263108799e+00
5.047738806057328276e+00
4.907401325524442193e+00
4.100912429368537282e+00
4.061844371965968037e+00
5.437653706452003632e+00
2.009154653517781774e+00
3.781317168992563982e+00
4.330608099786928733e+00
4.484475335222799508e+00
3.415377328690050174e+00
5.295806372141369067e+00
3.799324118248172955e+00
3.776132643568561154e+00
4.596013696744943644e+00
5.422301629277746393e+00
3.669815440237273130e+00
4.020580361071957931e+00
5.632808926165346897e+00
4.901652636448535993e+00
4.145633808776405083e+00
1.014007978418904443e+00
5.347999108595797857e+00
3.310321040839921292e+00
5.729038641086531491e+00
4.881510352782028939e+00
3.831529004320568976e+00
5.742526640745065691e+00
4.275714566947543815e+00
3.938123679836722513e+00
5.427566730096557990e+00
5.418362732117969038e+00
3.460917082045330773e+00
6.356885058423500823e+00
3.009877233459278933e+00
3.441569987966174970e+00
8.655630979364091759e-01
4.633282636458902815e+00
3.377125453315041881e+00
4.230616295829872087e+00
5.793422728076097705e+00
3.054143736308184032e+00
4.759788073310277312e+00
2.577604064471008982e+00
3.575681760355055694e+00
4.930007788337860575e+00
5.174254314837202884e+00
5.277901671735669709e+00
5.488436266677864772e+00
5.351167191940162660e+00
5.456439098411998145e+00
4.770145541606700235e+00
5.587669213248598332e+00
5.231849766620147335e+00
3.088134539149076652e+00
4.380314275757838161e+00
6.629970941394159212e+00
4.907932667306147856e+00
3.819183877077680034e+00
4.974596808002520909e+00
5.526504947953679192e+00
3.661912759745651336e+00
5.470202330366547905e+00
6.578280791184222487e+00
3.918332560183990676e+00
5.670087380824756274e+00
6.394171186927411377e+00
5.434794138719052370e+00
5.513350615911078556e+00
4.811853913782850434e+00
3.067572481620712388e+00
3.273965911618403002e+00
4.474037416731163397e+00
5.070012783446352422e+00
5.202522020413489656e+00
3.751751102241007718e+00
4.598255257549111796e+00
5.571378999159726675e+00
3.155916676937873255e+00
3.319126290533078727e+00
2.755662409997934770e+00
5.678852212513456621e+00
6.165181959524535849e+00
3.976802322469401130e+00
4.076711701900844531e+00
5.541614682930013025e+00
5.033061349075198088e+00
5.800109674499340784e+00
4.635132340464424239e+00
4.815519111160419641e+00
6.065915940790877592e+00
5.471891588265873629e+00
3.755804682080033263e+00
5.152855134176166807e+00
3.832291970418503002e+00
4.617298802401136548e+00
4.347616776300160524e+00
3.933196923738364603e+00
4.945002485630057620e+00
5.603754568308088047e+00
4.033010041307630189e+00
4.722398630366495986e+00
5.657189664618333502e+00
5.923222298942583564e+00
4.057651890707797193e+00
3.380445986187339713e+00
6.054132756854937014e+00
4.581022270749644854e+00
5.096049193225574925e+00
4.109319253868624955e+00
5.827008284143506245e+00
3.685306781960274503e+00
5.460647789243925132e+00
5.050333409415036279e+00
4.214527171626625268e+00
5.732223330944159478e+00
2.096058637365565414e+00
3.720773418702858049e+00
2.040898095428318015e+00
5.510814724916325957e+00
4.622306236536886104e+00
4.788362463398200930e+00
4.838921536012429137e+00
3.213164399296752904e+00
2.831436447271918677e+00
4.383110243000979622e+00
4.640962373060030899e+00
5.242538921182720024e+00
2.774617758174420690e+00
4.882270903648287863e+00
4.856573900263236432e+00
4.768955654062662752e+00
3.767546708324656102e+00
5.088475908356409505e+00
5.647004216051993097e+00
3.558361289359182056e+00
4.830851905260456824e+00
5.923145433567154505e+00
5.101942192193026138e+00
2.913769726209084698e+00
5.511307529582741616e+00
5.014235365886029250e+00
2.738893790145792373e+00
4.548955885934930166e+00
3.826111302221353760e+00
9.606710350472563720e-01
4.376773370224518622e+00
2.901238191784684339e+00
4.596737412046715932e+00
3.830047347743184449e+00
5.309777871794360671e+00
6.540093314781496581e+00
3.817457504119577738e+00
4.122839630010961542e+00
6.221132162415084821e+00
2.813398366961385122e+00
5.526142439280539165e+00
5.971887385705113793e+00
4.411710304032256502e+00
4.790220973185692621e+00
3.361299444052551433e+00
3.857125841695598023e+00
4.079616317516853385e+00
5.279715265034764293e+00
4.890130310398700608e+00
5.350679897057885270e+00
6.168943757979993947e+00
4.688275349930693281e+00
4.139767090787318971e+00
5.565526853836080257e+00
5.144321536557266761e+00
4.665357031014926825e+00
4.716751914098851195e+00
3.045866910146658668e+00
4.015493996084415151e+00
3.935150655005215992e+00
4.627475893208610636e+00
4.412983450368530569e+00
4.055195649608348774e+00
4.502705015634814956e+00
3.541448823452778782e+00
3.867189516560491036e+00
6.164170051901779246e+00
3.681987849931357193e+00
2.862371500891164100e+00
4.726944779263463126e+00
4.033429279887746688e+00
4.735671312052480708e+00
5.171149765812772969e+00
3.575286084496318129e+00
4.082365218296011733e+00
5.270029185252954385e+00
3.834998610625666604e+00
5.170938214021039592e+00
5.332247235868294410e+00
5.455140260844862254e+00
3.728222325845955698e+00
4.597952212400845617e+00
3.722623126156211271e+00
4.813308755648606052e+00
3.559017878307292992e+00
5.998648549249101514e+00
4.728378068515674215e+00
5.743067683854819805e+00
6.018224195721996850e+00
5.138981465149080385e+00
4.680822462487640223e+00
3.713247744700888919e+00
3.642940963054833503e+00
3.272370117112751498e+00
5.647637670882061478e+00
4.704406032910726232e+00
7.789609106622444878e-01
6.197460549845465572e+00
5.151440596700372687e+00
3.764679962994402107e+00
2.034736866480964412e+00
4.896524903811172891e+00
3.801160233809713240e+00
5.337294387667609108e+00
6.244210482806618501e+00
5.075519387665540449e+00
4.672700981961737554e+00
4.928055644553591463e+00
4.568367921468950321e+00
5.437607999911219459e+00
4.226143340561606010e+00
4.425873466159436553e+00
1.358887532373695306e+00
4.557595170921329597e+00
5.196489359631669025e+00
6.000720738052671699e+00
5.405177226369547228e+00
4.775764760054850733e+00
5.679991793488123442e+00
6.463525139970396793e+00
4.894720716355099199e+00
5.256939876785748922e+00
4.721069934151163494e+00
4.711686515204346115e+00
4.794816281905957212e+00
5.622434527010914174e+00
5.079671454714032919e+00
5.789819053601413579e+00
2.729210521761948005e+00
3.064233403755037610e+00
4.369028829602388697e+00
6.057759549390136833e+00
2.693680672204858961e+00
5.429361848905160493e+00
6.226851621416432891e+00
3.392011060998608940e+00
3.248851085098626523e+00
6.085493150750157731e+00
2.533634203757917369e+00
3.203928601277414412e+00
3.570510620646289102e+00
5.102655090082235390e+00
3.776343375010193348e+00
6.267450106513066110e+00
5.705256724365864507e+00
5.252860533309276825e+00
4.410227950909707317e+00
4.793985745925782638e+00
3.476005226818935867e+00
5.516375246337037908e+00
3.144713677131663054e+00
3.546556162852540162e+00
5.379596625996209802e+00
4.079638833493318018e+00
4.515363267903789612e+00
3.698584399461148475e+00
1.270246136526083536e+00
4.816469613236767700e+00
3.430224549652387100e+00
4.464155391024704933e+00
5.152359621872934170e+00
5.311818052453389782e+00
2.932346038475071470e+00
4.558934979209681160e+00
4.810189386539218681e+00
3.427756550393475710e+00
3.444648802165808377e+00
1.765252478922126445e+00
3.550608664631736300e+00
5.252544677654068295e+00
5.461941996846283232e+00
4.827550091712430103e+00
4.053910402307685068e+00
4.937434703501411448e+00
3.661459353198764699e+00
5.516938081651646897e+00
3.306276651827640300e+00
4.271565137452115302e+00
2.706744774767176231e+00
4.668491883201098425e+00
5.458462812644206963e+00
2.831347411799744584e+00
4.686578427960272464e+00
4.898579948719355315e+00
4.901254902677525394e+00
3.654920197285157268e+00
3.542701927252393190e+00
4.044250489124265435e+00
5.763692809513336179e+00
3.616391431959703695e+00
5.008969665923640235e+00
4.694181491685493590e+00
4.612306493113925043e+00
4.208434615740116236e+00
5.201987276454909548e+00
4.812641250805309134e+00
3.802359978075089852e+00
4.439871019673796049e+00
4.271283206818346834e+00
3.837414010707857592e+00
5.061837809552549139e+00
4.772421317880584546e+00
5.171892500927621761e+00
4.416765066329992884e+00
4.202391001428393835e+00
5.144702445435089366e+00
4.337006715921628341e+00
5.560100138838968142e+00
4.604796329979707004e+00
2.627632282821540599e+00
5.135538838827809371e+00
4.289888550505405185e+00
5.754129967932021472e+00
4.799274597084290939e+00
2.214292673732725536e+00
5.841950928828105738e+00
3.704137268038134145e+00
5.364265373792608038e+00
3.856632445934173425e+00
4.423976449927539356e+00
4.566438372628137010e+00
6.250856797523194786e+00
3.338457941350668090e+00
5.323756150660028830e+00
5.097299075122241341e+00
5.561021424094865218e+00
1.351853035694653649e+00
5.238664259987533711e+00
5.471314624116372372e+00
2.803478607528980593e+00
3.663476160366471390e+00
5.717511279988298334e+00
3.638813611765112643e+00
4.474561113248199717e+00
5.164084664792915724e+00
4.856373085469605222e+00
3.623305704478406497e+00
6.655371021619124861e+00
3.738143783646670215e+00
5.071861319317014782e+00
5.053169807445635264e+00
4.543125817514131803e+00
4.514802935263752204e+00
3.844110043519148423e+00
5.773815793956361908e+00
3.950723803108339371e+00
4.777395165114629805e+00
6.565667463793200653e+00
3.449497065006893237e+00
5.091187156985300888e+00
4.173413096750013374e+00
1.008006718568269289e+00
6.452411439805242566e+00
3.049048059609734462e+00
5.660671781224843713e+00
2.346580446100311690e+00
3.526462987915858438e+00
4.009940490752134323e+00
3.788984050304657902e+00
2.040048678292605722e+00
4.822200648405823742e+00
4.121556028905479785e+00
3.386831722675189837e+00
5.558063467929037493e+00
5.895893516310751536e+00
4.421280475473249538e+00
4.995144049667360697e+00
4.606550368483343760e+00
2.973365905593670533e+00
5.430673062599193912e+00
5.459546497607599136e+00
3.353767641082383566e+00
3.668578328268652378e+00
3.503317324329310978e+00
3.106889862899212318e+00
5.497197259765630228e+00
4.128619831939648321e+00
5.615999283167813161e+00
3.132279752985630772e+00
5.425189422359703251e+00
5.489785136303838797e+00
3.822830975831961631e+00
5.126415538179405651e+00
4.789453543124007950e+00
3.634074966050182098e+00
4.093282015347170955e+00
4.539334185545164324e+00
4.757003190198247466e+00
3.030175149234044518e+00
4.884337568381125649e+00
4.790948078641690699e+00
1.052067142037598879e+00
5.253612040756814316e+00
4.873318052993640848e+00
5.295964937000995576e+00
4.588503264204904397e+00
4.679592889062179850e+00
5.817679509601713761e+00
4.122274077816939553e+00
3.007482304480239677e+00
4.051138083621823149e+00
4.928993983183231897e+00
3.078852479359853955e+00
5.315467059006017791e+00
3.733289423502629489e+00
3.329691385813969617e+00
3.188135889498457498e+00
3.273064240826822680e+00
