timestamp,idx,gpu_util_pct,mem_used_pct
1773178739.562756316,0,0,1.25
1773178739.562756316,1,0,0.01
1773178740.585210968,0,0,1.25
1773178740.585210968,1,0,0.01
1773178741.607595997,0,0,1.25
1773178741.607595997,1,0,0.01
1773178742.628911404,0,0,1.25
1773178742.628911404,1,0,0.01
1773178743.650824468,0,0,1.25
1773178743.650824468,1,0,0.01
1773178744.672791133,0,0,1.25
1773178744.672791133,1,0,0.01
1773178745.694124541,0,0,1.25
1773178745.694124541,1,0,0.01
1773178746.715808700,0,0,1.28
1773178746.715808700,1,0,0.01
1773178747.751344287,0,0,2.19
1773178747.751344287,1,0,0.01
1773178748.772926406,0,0,2.19
1773178748.772926406,1,0,0.01
1773178749.794748243,0,0,2.19
1773178749.794748243,1,0,0.01
1773178750.816822735,0,0,2.20
1773178750.816822735,1,0,0.01
1773178751.838204136,0,0,2.20
1773178751.838204136,1,0,0.01
1773178752.859481955,0,0,2.20
1773178752.859481955,1,0,0.01
1773178753.881357121,0,0,2.20
1773178753.881357121,1,0,0.01
1773178754.903125309,0,0,2.20
1773178754.903125309,1,0,0.01
1773178755.924782096,0,0,2.20
1773178755.924782096,1,0,0.01
1773178756.947079505,0,0,2.20
1773178756.947079505,1,0,0.01
1773178757.969154690,0,0,2.20
1773178757.969154690,1,0,0.01
1773178758.991483147,0,0,2.20
1773178758.991483147,1,0,0.01
1773178760.012934738,0,0,2.20
1773178760.012934738,1,0,0.01
1773178761.034752447,0,0,2.20
1773178761.034752447,1,0,0.01
1773178762.056485099,0,0,2.20
1773178762.056485099,1,0,0.01
1773178763.077969766,0,0,2.20
1773178763.077969766,1,0,0.01
1773178764.099986269,0,0,2.20
1773178764.099986269,1,0,0.01
1773178765.121577642,0,0,2.20
1773178765.121577642,1,0,0.01
1773178766.142993543,0,0,2.20
1773178766.142993543,1,0,0.01
1773178767.164586019,0,0,2.20
1773178767.164586019,1,0,0.01
1773178768.186611362,0,0,2.20
1773178768.186611362,1,0,0.01
1773178769.208078525,0,0,2.20
1773178769.208078525,1,0,0.01
1773178770.229657745,0,0,2.20
1773178770.229657745,1,0,0.01
1773178771.251571686,0,0,2.20
1773178771.251571686,1,0,0.01
1773178772.273002797,0,0,2.20
1773178772.273002797,1,0,0.01
1773178773.295016850,0,0,2.20
1773178773.295016850,1,0,0.01
1773178774.316542366,0,0,2.20
1773178774.316542366,1,0,0.01
1773178775.338782626,0,0,2.20
1773178775.338782626,1,0,0.01
1773178776.360447601,0,0,2.20
1773178776.360447601,1,0,0.01
1773178777.381890498,0,0,2.20
1773178777.381890498,1,0,0.01
1773178778.403530021,0,0,2.20
1773178778.403530021,1,0,0.01
1773178779.425490754,0,0,2.20
1773178779.425490754,1,0,0.01
1773178780.447563589,0,0,2.20
1773178780.447563589,1,0,0.01
1773178781.469097350,0,0,2.20
1773178781.469097350,1,0,0.01
1773178782.490962839,0,0,2.20
1773178782.490962839,1,0,0.01
1773178783.512512052,0,0,2.20
1773178783.512512052,1,0,0.01
1773178784.534870962,0,0,2.20
1773178784.534870962,1,0,0.01
1773178785.556523119,0,0,2.20
1773178785.556523119,1,0,0.01
1773178786.578274147,0,0,2.20
1773178786.578274147,1,0,0.01
1773178787.600259718,0,0,2.20
1773178787.600259718,1,0,0.01
1773178788.621631187,0,0,2.20
1773178788.621631187,1,0,0.01
1773178789.643460839,0,0,2.20
1773178789.643460839,1,0,0.01
1773178790.665321324,0,0,2.20
1773178790.665321324,1,0,0.01
1773178791.686709492,0,0,2.20
1773178791.686709492,1,0,0.01
1773178792.707861040,0,0,2.20
1773178792.707861040,1,0,0.01
1773178793.730430822,0,0,2.20
1773178793.730430822,1,0,0.01
1773178794.751430639,0,0,2.20
1773178794.751430639,1,0,0.01
1773178795.773105476,0,0,2.20
1773178795.773105476,1,0,0.01
1773178796.794456061,0,0,2.20
1773178796.794456061,1,0,0.01
1773178797.816307277,0,0,2.20
1773178797.816307277,1,0,0.01
1773178798.837501383,0,0,2.20
1773178798.837501383,1,0,0.01
1773178799.859965757,0,0,2.20
1773178799.859965757,1,0,0.01
1773178800.881152879,0,0,2.20
1773178800.881152879,1,0,0.01
1773178801.903209460,0,0,2.20
1773178801.903209460,1,0,0.01
1773178802.925132897,0,0,2.20
1773178802.925132897,1,0,0.01
1773178803.947167098,0,1,2.47
1773178803.947167098,1,0,0.01
1773178804.968614305,0,56,2.47
1773178804.968614305,1,0,0.01
1773178805.991041843,0,43,2.47
1773178805.991041843,1,0,0.01
1773178807.012201202,0,0,2.47
1773178807.012201202,1,0,0.01
1773178808.033276598,0,0,2.47
1773178808.033276598,1,0,0.01
1773178809.055087077,0,0,2.47
1773178809.055087077,1,0,0.01
1773178810.076195394,0,0,2.47
1773178810.076195394,1,0,0.01
1773178811.097603843,0,0,2.47
1773178811.097603843,1,0,0.01
1773178812.119112163,0,0,2.47
1773178812.119112163,1,0,0.01
1773178813.141214672,0,0,2.47
1773178813.141214672,1,0,0.01
1773178814.162780915,0,0,2.47
1773178814.162780915,1,0,0.01
1773178815.185297505,0,0,2.47
1773178815.185297505,1,0,0.01
1773178816.207033621,0,0,2.47
1773178816.207033621,1,0,0.01
1773178817.227828718,0,0,2.47
1773178817.227828718,1,0,0.01
1773178818.248848454,0,0,2.47
1773178818.248848454,1,0,0.01
1773178819.270064751,0,0,2.47
1773178819.270064751,1,0,0.01
1773178820.291530655,0,0,2.47
1773178820.291530655,1,0,0.01
1773178821.313608156,0,0,2.47
1773178821.313608156,1,0,0.01
1773178822.334790859,0,0,2.47
1773178822.334790859,1,0,0.01
1773178823.356136061,0,0,2.47
1773178823.356136061,1,0,0.01
1773178824.377150542,0,0,2.47
1773178824.377150542,1,0,0.01
1773178825.398790390,0,0,2.47
1773178825.398790390,1,0,0.01
1773178826.420204478,0,0,2.47
1773178826.420204478,1,0,0.01
1773178827.442122855,0,0,2.47
1773178827.442122855,1,0,0.01
1773178828.463716844,0,0,2.47
1773178828.463716844,1,0,0.01
1773178829.484824271,0,0,2.47
1773178829.484824271,1,0,0.01
1773178830.506420691,0,0,2.47
1773178830.506420691,1,0,0.01
1773178831.527489484,0,0,2.47
1773178831.527489484,1,0,0.01
1773178832.548953125,0,0,2.47
1773178832.548953125,1,0,0.01
1773178833.570071815,0,0,2.47
1773178833.570071815,1,0,0.01
1773178834.592001266,0,0,2.47
1773178834.592001266,1,0,0.01
1773178835.612997399,0,0,2.47
1773178835.612997399,1,0,0.01
1773178836.635043976,0,0,2.47
1773178836.635043976,1,0,0.01
1773178837.655825408,0,0,2.47
1773178837.655825408,1,0,0.01
1773178838.677040169,0,0,2.47
1773178838.677040169,1,0,0.01
1773178839.698263311,0,0,2.47
1773178839.698263311,1,0,0.01
1773178840.719824822,0,0,2.47
1773178840.719824822,1,0,0.01
1773178841.741728113,0,0,2.47
1773178841.741728113,1,0,0.01
1773178842.763612055,0,0,2.47
1773178842.763612055,1,0,0.01
1773178843.785044002,0,0,2.47
1773178843.785044002,1,0,0.01
1773178844.806113174,0,0,2.47
1773178844.806113174,1,0,0.01
1773178845.827691710,0,0,2.47
1773178845.827691710,1,0,0.01
1773178846.849439463,0,0,2.47
1773178846.849439463,1,0,0.01
1773178847.871455770,0,0,2.47
1773178847.871455770,1,0,0.01
1773178848.892574886,0,0,2.47
1773178848.892574886,1,0,0.01
1773178849.914323464,0,0,2.47
1773178849.914323464,1,0,0.01
1773178850.935933725,0,0,2.47
1773178850.935933725,1,0,0.01
1773178851.957078997,0,0,2.47
1773178851.957078997,1,0,0.01
1773178852.978466118,0,0,2.47
1773178852.978466118,1,0,0.01
1773178853.999871402,0,0,2.47
1773178853.999871402,1,0,0.01
1773178855.021014132,0,0,2.47
1773178855.021014132,1,0,0.01
1773178856.042336334,0,0,2.47
1773178856.042336334,1,0,0.01
1773178857.064150977,0,0,2.47
1773178857.064150977,1,0,0.01
1773178858.085189483,0,0,2.47
1773178858.085189483,1,0,0.01
1773178859.106332335,0,0,2.47
1773178859.106332335,1,0,0.01
1773178860.127366112,0,0,2.47
1773178860.127366112,1,0,0.01
1773178861.148059954,0,0,2.47
1773178861.148059954,1,0,0.01
1773178862.169778766,0,0,2.47
1773178862.169778766,1,0,0.01
1773178863.191600912,0,0,2.47
1773178863.191600912,1,0,0.01
1773178864.213136815,0,0,2.47
1773178864.213136815,1,0,0.01
1773178865.235073702,0,0,2.47
1773178865.235073702,1,0,0.01
1773178866.256119939,0,0,2.47
1773178866.256119939,1,0,0.01
1773178867.277338423,0,0,2.47
1773178867.277338423,1,0,0.01
1773178868.298785575,0,0,2.47
1773178868.298785575,1,0,0.01
1773178869.319942711,0,0,2.47
1773178869.319942711,1,0,0.01
1773178870.341485631,0,0,2.47
1773178870.341485631,1,0,0.01
1773178871.363227987,0,0,2.47
1773178871.363227987,1,0,0.01
1773178872.385000757,0,0,2.47
1773178872.385000757,1,0,0.01
1773178873.406668552,0,0,2.47
1773178873.406668552,1,0,0.01
1773178874.428205757,0,0,2.47
1773178874.428205757,1,0,0.01
1773178875.450045485,0,0,2.47
1773178875.450045485,1,0,0.01
1773178876.471935008,0,0,2.47
1773178876.471935008,1,0,0.01
1773178877.494119826,0,0,2.47
1773178877.494119826,1,0,0.01
1773178878.515701318,0,0,2.47
1773178878.515701318,1,0,0.01
1773178879.537526967,0,0,2.47
1773178879.537526967,1,0,0.01
1773178880.559455059,0,0,2.47
1773178880.559455059,1,0,0.01
1773178881.580883599,0,0,2.47
1773178881.580883599,1,0,0.01
1773178882.602509458,0,0,2.47
1773178882.602509458,1,0,0.01
1773178883.624070810,0,0,2.47
1773178883.624070810,1,0,0.01
1773178884.645926392,0,0,2.47
1773178884.645926392,1,0,0.01
1773178885.668229715,0,0,2.47
1773178885.668229715,1,0,0.01
1773178886.689432406,0,59,2.47
1773178886.689432406,1,0,0.01
1773178887.710275659,0,59,2.47
1773178887.710275659,1,0,0.01
1773178888.731203616,0,0,2.47
1773178888.731203616,1,0,0.01
1773178889.752433797,0,0,2.47
1773178889.752433797,1,0,0.01
1773178890.773600560,0,0,2.47
1773178890.773600560,1,0,0.01
1773178891.794843999,0,0,2.47
1773178891.794843999,1,0,0.01
1773178892.816932876,0,0,2.47
1773178892.816932876,1,0,0.01
1773178893.839041607,0,0,2.47
1773178893.839041607,1,0,0.01
1773178894.860913736,0,0,2.47
1773178894.860913736,1,0,0.01
1773178895.881949233,0,0,2.47
1773178895.881949233,1,0,0.01
1773178896.903527283,0,0,2.47
1773178896.903527283,1,0,0.01
1773178897.924397997,0,0,2.47
1773178897.924397997,1,0,0.01
1773178898.946015106,0,0,2.47
1773178898.946015106,1,0,0.01
1773178899.967238060,0,0,2.47
1773178899.967238060,1,0,0.01
1773178900.989061533,0,0,2.47
1773178900.989061533,1,0,0.01
1773178902.010491279,0,0,2.47
1773178902.010491279,1,0,0.01
1773178903.032048299,0,0,2.47
1773178903.032048299,1,0,0.01
1773178904.053866677,0,0,2.47
1773178904.053866677,1,0,0.01
1773178905.075076169,0,0,2.47
1773178905.075076169,1,0,0.01
1773178906.096558264,0,0,2.47
1773178906.096558264,1,0,0.01
1773178907.117937488,0,0,2.47
1773178907.117937488,1,0,0.01
1773178908.139273426,0,0,2.47
1773178908.139273426,1,0,0.01
1773178909.161072353,0,0,2.47
1773178909.161072353,1,0,0.01
1773178910.182321055,0,0,2.47
1773178910.182321055,1,0,0.01
1773178911.204110763,0,0,2.47
1773178911.204110763,1,0,0.01
1773178912.226219971,0,0,2.47
1773178912.226219971,1,0,0.01
1773178913.247940216,0,0,2.47
1773178913.247940216,1,0,0.01
1773178914.270015355,0,0,2.47
1773178914.270015355,1,0,0.01
1773178915.291315229,0,0,2.47
1773178915.291315229,1,0,0.01
1773178916.312676284,0,0,2.47
1773178916.312676284,1,0,0.01
1773178917.333664800,0,0,2.47
1773178917.333664800,1,0,0.01
1773178918.355159923,0,0,2.47
1773178918.355159923,1,0,0.01
1773178919.376420033,0,0,2.47
1773178919.376420033,1,0,0.01
1773178920.397785597,0,0,2.47
1773178920.397785597,1,0,0.01
1773178921.419315289,0,0,2.47
1773178921.419315289,1,0,0.01
1773178922.441104882,0,0,2.47
1773178922.441104882,1,0,0.01
1773178923.462369745,0,0,2.47
1773178923.462369745,1,0,0.01
1773178924.483649618,0,0,2.47
1773178924.483649618,1,0,0.01
1773178925.505697356,0,0,2.47
1773178925.505697356,1,0,0.01
1773178926.527439125,0,0,2.47
1773178926.527439125,1,0,0.01
1773178927.549149835,0,0,2.47
1773178927.549149835,1,0,0.01
1773178928.570158504,0,0,2.47
1773178928.570158504,1,0,0.01
1773178929.591580968,0,0,2.47
1773178929.591580968,1,0,0.01
1773178930.612591394,0,0,2.47
1773178930.612591394,1,0,0.01
1773178931.633743643,0,0,2.47
1773178931.633743643,1,0,0.01
1773178932.655147646,0,0,2.47
1773178932.655147646,1,0,0.01
1773178933.676415528,0,0,2.47
1773178933.676415528,1,0,0.01
1773178934.697510842,0,0,2.47
1773178934.697510842,1,0,0.01
1773178935.718504767,0,0,2.47
1773178935.718504767,1,0,0.01
1773178936.740466458,0,0,2.47
1773178936.740466458,1,0,0.01
1773178937.762250532,0,0,2.47
1773178937.762250532,1,0,0.01
1773178938.783475095,0,0,2.47
1773178938.783475095,1,0,0.01
1773178939.804897325,0,0,2.47
1773178939.804897325,1,0,0.01
1773178940.825966896,0,0,2.47
1773178940.825966896,1,0,0.01
1773178941.847783170,0,0,2.47
1773178941.847783170,1,0,0.01
1773178942.869965888,0,0,2.47
1773178942.869965888,1,0,0.01
1773178943.890902315,0,0,2.47
1773178943.890902315,1,0,0.01
1773178944.912981381,0,0,2.47
1773178944.912981381,1,0,0.01
1773178945.934740927,0,0,2.47
1773178945.934740927,1,0,0.01
1773178946.955778680,0,0,2.47
1773178946.955778680,1,0,0.01
1773178947.977116957,0,0,2.47
1773178947.977116957,1,0,0.01
1773178948.998245491,0,0,2.47
1773178948.998245491,1,0,0.01
1773178950.019303054,0,0,2.47
1773178950.019303054,1,0,0.01
1773178951.040257437,0,0,2.47
1773178951.040257437,1,0,0.01
1773178952.062300944,0,0,2.47
1773178952.062300944,1,0,0.01
1773178953.083442962,0,0,2.47
1773178953.083442962,1,0,0.01
1773178954.104821438,0,0,2.47
1773178954.104821438,1,0,0.01
1773178955.125590265,0,0,2.47
1773178955.125590265,1,0,0.01
1773178956.146896800,0,0,2.47
1773178956.146896800,1,0,0.01
1773178957.169254608,0,0,2.47
1773178957.169254608,1,0,0.01
1773178958.190955596,0,0,2.47
1773178958.190955596,1,0,0.01
1773178959.212436929,0,0,2.47
1773178959.212436929,1,0,0.01
1773178960.233712520,0,0,2.47
1773178960.233712520,1,0,0.01
1773178961.254799196,0,0,2.47
1773178961.254799196,1,0,0.01
1773178962.276434193,0,0,2.47
1773178962.276434193,1,0,0.01
1773178963.297770679,0,0,2.47
1773178963.297770679,1,0,0.01
1773178964.319433920,0,0,2.47
1773178964.319433920,1,0,0.01
1773178965.340586182,0,0,2.47
1773178965.340586182,1,0,0.01
1773178966.362449694,0,0,2.47
1773178966.362449694,1,0,0.01
1773178967.384029103,0,0,2.47
1773178967.384029103,1,0,0.01
1773178968.405603564,0,0,2.47
1773178968.405603564,1,0,0.01
1773178969.426925282,0,0,2.47
1773178969.426925282,1,0,0.01
1773178970.448890441,0,0,2.47
1773178970.448890441,1,0,0.01
1773178971.469641228,0,0,2.47
1773178971.469641228,1,0,0.01
1773178972.491629820,0,0,2.47
1773178972.491629820,1,0,0.01
1773178973.512560162,0,0,2.47
1773178973.512560162,1,0,0.01
1773178974.533695374,0,0,2.47
1773178974.533695374,1,0,0.01
1773178975.554886803,0,0,2.47
1773178975.554886803,1,0,0.01
1773178976.575701413,0,0,2.47
1773178976.575701413,1,0,0.01
1773178977.596642747,0,0,2.47
1773178977.596642747,1,0,0.01
1773178978.618394237,0,0,2.47
1773178978.618394237,1,0,0.01
1773178979.639630055,0,0,2.47
1773178979.639630055,1,0,0.01
1773178980.660905450,0,0,2.47
1773178980.660905450,1,0,0.01
1773178981.682410590,0,0,2.47
1773178981.682410590,1,0,0.01
1773178982.703876858,0,0,2.47
1773178982.703876858,1,0,0.01
1773178983.725133129,0,0,2.47
1773178983.725133129,1,0,0.01
1773178984.746188870,0,0,2.47
1773178984.746188870,1,0,0.01
1773178985.767356284,0,0,2.47
1773178985.767356284,1,0,0.01
1773178986.789071509,0,0,2.47
1773178986.789071509,1,0,0.01
1773178987.810786830,0,0,2.47
1773178987.810786830,1,0,0.01
1773178988.831640405,0,0,2.47
1773178988.831640405,1,0,0.01
1773178989.852465666,0,0,2.47
1773178989.852465666,1,0,0.01
1773178990.873633587,0,0,2.47
1773178990.873633587,1,0,0.01
1773178991.894578545,0,0,2.47
1773178991.894578545,1,0,0.01
1773178992.915491803,0,0,2.47
1773178992.915491803,1,0,0.01
1773178993.936439987,0,0,2.47
1773178993.936439987,1,0,0.01
1773178994.958356013,0,0,2.47
1773178994.958356013,1,0,0.01
1773178995.980621960,0,0,2.47
1773178995.980621960,1,0,0.01
1773178997.002215527,0,0,2.47
1773178997.002215527,1,0,0.01
1773178998.024035288,0,0,2.47
1773178998.024035288,1,0,0.01
1773178999.045823842,0,0,2.47
1773178999.045823842,1,0,0.01
1773179000.067103443,0,0,2.47
1773179000.067103443,1,0,0.01
1773179001.088556882,0,0,2.47
1773179001.088556882,1,0,0.01
1773179002.110149640,0,0,2.47
1773179002.110149640,1,0,0.01
1773179003.131873317,0,0,2.47
1773179003.131873317,1,0,0.01
1773179004.152808894,0,0,2.47
1773179004.152808894,1,0,0.01
1773179005.173888827,0,0,2.47
1773179005.173888827,1,0,0.01
1773179006.195061916,0,0,2.47
1773179006.195061916,1,0,0.01
1773179007.216682422,0,0,2.47
1773179007.216682422,1,0,0.01
1773179008.237926283,0,0,2.47
1773179008.237926283,1,0,0.01
1773179009.260121075,0,0,2.47
1773179009.260121075,1,0,0.01
1773179010.281456940,0,0,2.47
1773179010.281456940,1,0,0.01
1773179011.303667523,0,0,2.47
1773179011.303667523,1,0,0.01
1773179012.325410826,0,0,2.47
1773179012.325410826,1,0,0.01
1773179013.347202144,0,0,2.47
1773179013.347202144,1,0,0.01
1773179014.369440686,0,0,2.47
1773179014.369440686,1,0,0.01
1773179015.391915146,0,0,2.47
1773179015.391915146,1,0,0.01
1773179016.413717159,0,0,2.47
1773179016.413717159,1,0,0.01
1773179017.435192295,0,0,2.47
1773179017.435192295,1,0,0.01
1773179018.456339490,0,0,2.47
1773179018.456339490,1,0,0.01
1773179019.477874001,0,0,2.47
1773179019.477874001,1,0,0.01
1773179020.498681429,0,0,2.47
1773179020.498681429,1,0,0.01
1773179021.520161539,0,0,2.47
1773179021.520161539,1,0,0.01
1773179022.541192507,0,0,2.47
1773179022.541192507,1,0,0.01
1773179023.563071937,0,0,2.47
1773179023.563071937,1,0,0.01
1773179024.584090620,0,0,2.47
1773179024.584090620,1,0,0.01
1773179025.606472019,0,0,2.47
1773179025.606472019,1,0,0.01
1773179026.627721770,0,0,2.47
1773179026.627721770,1,0,0.01
1773179027.649012119,0,0,2.47
1773179027.649012119,1,0,0.01
1773179028.670360906,0,0,2.47
1773179028.670360906,1,0,0.01
1773179029.691281598,0,0,2.47
1773179029.691281598,1,0,0.01
1773179030.712236479,0,0,2.47
1773179030.712236479,1,0,0.01
1773179031.733403836,0,0,2.47
1773179031.733403836,1,0,0.01
1773179032.754246011,0,0,2.47
1773179032.754246011,1,0,0.01
1773179033.775149761,0,0,2.47
1773179033.775149761,1,0,0.01
1773179034.796667082,0,0,2.47
1773179034.796667082,1,0,0.01
1773179035.818226862,0,0,2.47
1773179035.818226862,1,0,0.01
1773179036.840282486,0,0,2.47
1773179036.840282486,1,0,0.01
1773179037.862045629,0,0,1.25
1773179037.862045629,1,0,0.01
1773179038.884388325,0,0,1.25
1773179038.884388325,1,0,0.01
1773179039.907066887,0,0,1.25
1773179039.907066887,1,0,0.01
1773179040.927939373,0,0,1.25
1773179040.927939373,1,0,0.01
1773179041.950131742,0,0,1.25
1773179041.950131742,1,0,0.01
1773179042.971235944,0,0,1.25
1773179042.971235944,1,0,0.01
1773179043.993555677,0,0,1.25
1773179043.993555677,1,0,0.01
1773179045.015500294,0,0,1.25
1773179045.015500294,1,0,0.01
1773179046.036718836,0,0,1.25
1773179046.036718836,1,0,0.01
1773179047.057596429,0,0,1.25
1773179047.057596429,1,0,0.01
1773179048.079064969,0,2,2.19
1773179048.079064969,1,0,0.01
1773179049.100514063,0,0,2.19
1773179049.100514063,1,0,0.01
1773179050.121858667,0,0,2.19
1773179050.121858667,1,0,0.01
1773179051.142864297,0,0,2.20
1773179051.142864297,1,0,0.01
1773179052.163788104,0,0,2.20
1773179052.163788104,1,0,0.01
1773179053.184762530,0,0,2.20
1773179053.184762530,1,0,0.01
1773179054.205975198,0,0,2.20
1773179054.205975198,1,0,0.01
1773179055.228250308,0,0,2.20
1773179055.228250308,1,0,0.01
1773179056.249632708,0,0,2.20
1773179056.249632708,1,0,0.01
1773179057.270286917,0,0,2.20
1773179057.270286917,1,0,0.01
1773179058.292278954,0,0,2.20
1773179058.292278954,1,0,0.01
1773179059.314123445,0,0,2.20
1773179059.314123445,1,0,0.01
1773179060.335473118,0,0,2.20
1773179060.335473118,1,0,0.01
1773179061.357110606,0,0,2.20
1773179061.357110606,1,0,0.01
1773179062.379052818,0,0,2.20
1773179062.379052818,1,0,0.01
1773179063.400529445,0,0,2.20
1773179063.400529445,1,0,0.01
1773179064.422116080,0,0,2.20
1773179064.422116080,1,0,0.01
1773179065.443472456,0,0,2.20
1773179065.443472456,1,0,0.01
1773179066.465075462,0,0,2.20
1773179066.465075462,1,0,0.01
1773179067.486830111,0,0,2.20
1773179067.486830111,1,0,0.01
1773179068.507883585,0,0,2.20
1773179068.507883585,1,0,0.01
1773179069.529038640,0,0,2.20
1773179069.529038640,1,0,0.01
1773179070.551302096,0,0,2.20
1773179070.551302096,1,0,0.01
1773179071.573831110,0,0,2.20
1773179071.573831110,1,0,0.01
1773179072.595693027,0,0,2.20
1773179072.595693027,1,0,0.01
1773179073.617966291,0,0,2.20
1773179073.617966291,1,0,0.01
1773179074.640341464,0,0,2.20
1773179074.640341464,1,0,0.01
1773179075.661925052,0,0,2.20
1773179075.661925052,1,0,0.01
1773179076.683608092,0,0,2.20
1773179076.683608092,1,0,0.01
1773179077.706182136,0,0,2.20
1773179077.706182136,1,0,0.01
1773179078.727300628,0,0,2.20
1773179078.727300628,1,0,0.01
1773179079.748785603,0,0,2.20
1773179079.748785603,1,0,0.01
1773179080.770172534,0,0,2.20
1773179080.770172534,1,0,0.01
1773179081.791213491,0,0,2.20
1773179081.791213491,1,0,0.01
1773179082.812929588,0,0,2.20
1773179082.812929588,1,0,0.01
1773179083.833980506,0,0,2.20
1773179083.833980506,1,0,0.01
1773179084.854652372,0,0,2.20
1773179084.854652372,1,0,0.01
1773179085.875725819,0,0,2.20
1773179085.875725819,1,0,0.01
1773179086.897268418,0,0,2.20
1773179086.897268418,1,0,0.01
1773179087.919159071,0,0,2.20
1773179087.919159071,1,0,0.01
1773179088.940077274,0,0,2.20
1773179088.940077274,1,0,0.01
1773179089.961174712,0,0,2.20
1773179089.961174712,1,0,0.01
1773179090.982312477,0,0,2.20
1773179090.982312477,1,0,0.01
1773179092.003913478,0,0,2.20
1773179092.003913478,1,0,0.01
1773179093.025898705,0,60,2.20
1773179093.025898705,1,0,0.01
1773179094.047056664,0,60,2.20
1773179094.047056664,1,0,0.01
1773179095.068983137,0,0,2.20
1773179095.068983137,1,0,0.01
1773179096.091168294,0,4,2.47
1773179096.091168294,1,0,0.01
1773179097.113250899,0,55,2.47
1773179097.113250899,1,0,0.01
1773179098.134848630,0,55,2.47
1773179098.134848630,1,0,0.01
1773179099.156027266,0,0,2.47
1773179099.156027266,1,0,0.01
1773179100.177266651,0,0,2.47
1773179100.177266651,1,0,0.01
1773179101.198441187,0,0,2.47
1773179101.198441187,1,0,0.01
1773179102.219527358,0,0,2.47
1773179102.219527358,1,0,0.01
1773179103.241081886,0,0,2.47
1773179103.241081886,1,0,0.01
1773179104.262232909,0,0,2.47
1773179104.262232909,1,0,0.01
1773179105.283388486,0,0,2.47
1773179105.283388486,1,0,0.01
1773179106.305076827,0,0,2.47
1773179106.305076827,1,0,0.01
1773179107.326429896,0,0,2.47
1773179107.326429896,1,0,0.01
1773179108.347545825,0,0,2.47
1773179108.347545825,1,0,0.01
1773179109.368887339,0,0,2.47
1773179109.368887339,1,0,0.01
1773179110.390105516,0,0,2.47
1773179110.390105516,1,0,0.01
1773179111.410940442,0,0,2.47
1773179111.410940442,1,0,0.01
1773179112.432134066,0,0,2.47
1773179112.432134066,1,0,0.01
1773179113.454088432,0,0,2.47
1773179113.454088432,1,0,0.01
1773179114.475854078,0,0,2.47
1773179114.475854078,1,0,0.01
1773179115.496886016,0,0,2.47
1773179115.496886016,1,0,0.01
1773179116.519147837,0,0,2.47
1773179116.519147837,1,0,0.01
1773179117.540503471,0,0,2.47
1773179117.540503471,1,0,0.01
1773179118.561506822,0,0,2.47
1773179118.561506822,1,0,0.01
1773179119.582890392,0,0,2.47
1773179119.582890392,1,0,0.01
1773179120.603670083,0,0,2.47
1773179120.603670083,1,0,0.01
1773179121.624976003,0,0,2.47
1773179121.624976003,1,0,0.01
1773179122.647263096,0,0,2.47
1773179122.647263096,1,0,0.01
1773179123.668823795,0,0,2.47
1773179123.668823795,1,0,0.01
1773179124.691145974,0,0,2.47
1773179124.691145974,1,0,0.01
1773179125.712100480,0,0,2.47
1773179125.712100480,1,0,0.01
1773179126.733337731,0,0,2.47
1773179126.733337731,1,0,0.01
1773179127.755258272,0,0,2.47
1773179127.755258272,1,0,0.01
1773179128.777144821,0,0,2.47
1773179128.777144821,1,0,0.01
1773179129.798716877,0,0,2.47
1773179129.798716877,1,0,0.01
1773179130.820423708,0,0,2.47
1773179130.820423708,1,0,0.01
1773179131.841767846,0,0,2.47
1773179131.841767846,1,0,0.01
1773179132.863656121,0,0,2.47
1773179132.863656121,1,0,0.01
1773179133.885292186,0,0,2.47
1773179133.885292186,1,0,0.01
1773179134.906651796,0,0,2.47
1773179134.906651796,1,0,0.01
1773179135.928336853,0,0,2.47
1773179135.928336853,1,0,0.01
1773179136.950254483,0,0,2.47
1773179136.950254483,1,0,0.01
1773179137.971874516,0,0,2.47
1773179137.971874516,1,0,0.01
1773179138.992921949,0,0,2.47
1773179138.992921949,1,0,0.01
1773179140.014268958,0,0,2.47
1773179140.014268958,1,0,0.01
1773179141.035929785,0,0,2.47
1773179141.035929785,1,0,0.01
1773179142.058091348,0,0,2.47
1773179142.058091348,1,0,0.01
1773179143.080322860,0,0,2.47
1773179143.080322860,1,0,0.01
1773179144.101941893,0,0,2.47
1773179144.101941893,1,0,0.01
1773179145.123785125,0,0,2.47
1773179145.123785125,1,0,0.01
1773179146.145969721,0,0,2.47
1773179146.145969721,1,0,0.01
1773179147.167779750,0,0,2.47
1773179147.167779750,1,0,0.01
1773179148.189487271,0,0,2.47
1773179148.189487271,1,0,0.01
1773179149.211424453,0,0,2.47
1773179149.211424453,1,0,0.01
1773179150.233225741,0,0,2.47
1773179150.233225741,1,0,0.01
1773179151.254694903,0,0,2.47
1773179151.254694903,1,0,0.01
1773179152.276844896,0,0,2.47
1773179152.276844896,1,0,0.01
1773179153.298994996,0,65,2.47
1773179153.298994996,1,0,0.01
1773179154.320744295,0,65,2.47
1773179154.320744295,1,0,0.01
1773179155.343083010,0,0,2.47
1773179155.343083010,1,0,0.01
1773179156.365365358,0,0,2.47
1773179156.365365358,1,0,0.01
1773179157.387371108,0,0,2.47
1773179157.387371108,1,0,0.01
1773179158.409303800,0,0,2.47
1773179158.409303800,1,0,0.01
1773179159.432290103,0,0,2.47
1773179159.432290103,1,0,0.01
1773179160.454800998,0,0,2.47
1773179160.454800998,1,0,0.01
1773179161.477295322,0,0,2.47
1773179161.477295322,1,0,0.01
1773179162.499949992,0,0,2.47
1773179162.499949992,1,0,0.01
1773179163.520090507,0,0,2.47
1773179163.520090507,1,0,0.01
1773179164.541710078,0,0,2.47
1773179164.541710078,1,0,0.01
1773179165.563288069,0,0,2.47
1773179165.563288069,1,0,0.01
1773179166.585106710,0,0,2.47
1773179166.585106710,1,0,0.01
1773179167.606872756,0,0,2.47
1773179167.606872756,1,0,0.01
1773179168.628311860,0,0,2.47
1773179168.628311860,1,0,0.01
1773179169.650589119,0,0,2.47
1773179169.650589119,1,0,0.01
1773179170.672025590,0,0,2.47
1773179170.672025590,1,0,0.01
1773179171.693563910,0,0,2.47
1773179171.693563910,1,0,0.01
1773179172.714996841,0,0,2.47
1773179172.714996841,1,0,0.01
1773179173.736960665,0,0,2.47
1773179173.736960665,1,0,0.01
1773179174.758175983,0,0,2.47
1773179174.758175983,1,0,0.01
1773179175.779698734,0,0,2.47
1773179175.779698734,1,0,0.01
1773179176.801012600,0,0,2.47
1773179176.801012600,1,0,0.01
1773179177.823259019,0,0,2.47
1773179177.823259019,1,0,0.01
1773179178.844870224,0,0,2.47
1773179178.844870224,1,0,0.01
1773179179.866561847,0,0,2.47
1773179179.866561847,1,0,0.01
1773179180.888427059,0,0,2.47
1773179180.888427059,1,0,0.01
1773179181.909958984,0,0,2.47
1773179181.909958984,1,0,0.01
1773179182.931244637,0,0,2.47
1773179182.931244637,1,0,0.01
1773179183.952297972,0,0,2.47
1773179183.952297972,1,0,0.01
1773179184.973766898,0,0,2.47
1773179184.973766898,1,0,0.01
1773179185.994633958,0,0,2.47
1773179185.994633958,1,0,0.01
1773179187.016285735,0,0,2.47
1773179187.016285735,1,0,0.01
1773179188.037037875,0,0,2.47
1773179188.037037875,1,0,0.01
1773179189.058842135,0,0,2.47
1773179189.058842135,1,0,0.01
1773179190.080276555,0,0,2.47
1773179190.080276555,1,0,0.01
1773179191.102194376,0,0,2.47
1773179191.102194376,1,0,0.01
1773179192.123907243,0,0,2.47
1773179192.123907243,1,0,0.01
1773179193.145395289,0,0,2.47
1773179193.145395289,1,0,0.01
1773179194.166142024,0,0,2.47
1773179194.166142024,1,0,0.01
1773179195.188010079,0,0,2.47
1773179195.188010079,1,0,0.01
1773179196.209980050,0,0,2.47
1773179196.209980050,1,0,0.01
1773179197.231822494,0,0,2.47
1773179197.231822494,1,0,0.01
1773179198.253050231,0,0,2.47
1773179198.253050231,1,0,0.01
1773179199.274181682,0,0,2.47
1773179199.274181682,1,0,0.01
1773179200.295172421,0,0,2.47
1773179200.295172421,1,0,0.01
1773179201.317146255,0,0,2.47
1773179201.317146255,1,0,0.01
1773179202.339096578,0,0,2.47
1773179202.339096578,1,0,0.01
1773179203.360835261,0,0,2.47
1773179203.360835261,1,0,0.01
1773179204.382439413,0,0,2.47
1773179204.382439413,1,0,0.01
1773179205.403140745,0,0,2.47
1773179205.403140745,1,0,0.01
1773179206.424159292,0,0,2.47
1773179206.424159292,1,0,0.01
1773179207.445098282,0,0,2.47
1773179207.445098282,1,0,0.01
1773179208.466109806,0,0,2.47
1773179208.466109806,1,0,0.01
1773179209.487145427,0,0,2.47
1773179209.487145427,1,0,0.01
1773179210.509614167,0,0,2.47
1773179210.509614167,1,0,0.01
1773179211.530924415,0,0,2.47
1773179211.530924415,1,0,0.01
1773179212.551870561,0,0,2.47
1773179212.551870561,1,0,0.01
1773179213.572721315,0,0,2.47
1773179213.572721315,1,0,0.01
1773179214.595050267,0,0,2.47
1773179214.595050267,1,0,0.01
1773179215.616270390,0,0,2.47
1773179215.616270390,1,0,0.01
1773179216.638266778,0,0,2.47
1773179216.638266778,1,0,0.01
1773179217.659825392,0,0,2.47
1773179217.659825392,1,0,0.01
1773179218.681906048,0,0,2.47
1773179218.681906048,1,0,0.01
1773179219.703212637,0,0,2.47
1773179219.703212637,1,0,0.01
1773179220.724743368,0,0,2.47
1773179220.724743368,1,0,0.01
1773179221.745807892,0,0,2.47
1773179221.745807892,1,0,0.01
1773179222.767511852,0,0,2.47
1773179222.767511852,1,0,0.01
1773179223.788587739,0,0,2.47
1773179223.788587739,1,0,0.01
1773179224.810372333,0,0,2.47
1773179224.810372333,1,0,0.01
1773179225.832108163,0,0,2.47
1773179225.832108163,1,0,0.01
1773179226.853991458,0,0,2.47
1773179226.853991458,1,0,0.01
1773179227.875841217,0,0,2.47
1773179227.875841217,1,0,0.01
1773179228.897364058,0,0,2.47
1773179228.897364058,1,0,0.01
1773179229.918535977,0,0,2.47
1773179229.918535977,1,0,0.01
1773179230.939330697,0,0,2.47
1773179230.939330697,1,0,0.01
1773179231.961021298,0,0,2.47
1773179231.961021298,1,0,0.01
1773179232.981999547,0,0,2.47
1773179232.981999547,1,0,0.01
1773179234.004091518,0,0,2.47
1773179234.004091518,1,0,0.01
1773179235.025365356,0,0,2.47
1773179235.025365356,1,0,0.01
1773179236.046822791,0,0,2.47
1773179236.046822791,1,0,0.01
1773179237.067887883,0,0,2.47
1773179237.067887883,1,0,0.01
1773179238.089474568,0,0,2.47
1773179238.089474568,1,0,0.01
1773179239.111070704,0,0,2.47
1773179239.111070704,1,0,0.01
1773179240.132591075,0,0,2.47
1773179240.132591075,1,0,0.01
1773179241.153485123,0,0,2.47
1773179241.153485123,1,0,0.01
1773179242.175011405,0,0,2.47
1773179242.175011405,1,0,0.01
1773179243.196556601,0,0,2.47
1773179243.196556601,1,0,0.01
1773179244.218185622,0,0,2.47
1773179244.218185622,1,0,0.01
1773179245.239916876,0,0,2.47
1773179245.239916876,1,0,0.01
1773179246.261896043,0,0,2.47
1773179246.261896043,1,0,0.01
1773179247.283902841,0,0,2.47
1773179247.283902841,1,0,0.01
1773179248.305482641,0,0,2.47
1773179248.305482641,1,0,0.01
1773179249.327227881,0,0,2.47
1773179249.327227881,1,0,0.01
1773179250.349212080,0,0,2.47
1773179250.349212080,1,0,0.01
1773179251.371155498,0,0,2.47
1773179251.371155498,1,0,0.01
1773179252.392491146,0,0,2.47
1773179252.392491146,1,0,0.01
1773179253.413853902,0,0,2.47
1773179253.413853902,1,0,0.01
1773179254.434943075,0,0,2.47
1773179254.434943075,1,0,0.01
1773179255.456490987,0,0,2.47
1773179255.456490987,1,0,0.01
1773179256.477755414,0,0,2.47
1773179256.477755414,1,0,0.01
1773179257.499326925,0,0,2.47
1773179257.499326925,1,0,0.01
1773179258.520578376,0,0,2.47
1773179258.520578376,1,0,0.01
1773179259.541302311,0,0,2.47
1773179259.541302311,1,0,0.01
1773179260.562202513,0,0,2.47
1773179260.562202513,1,0,0.01
1773179261.583164959,0,0,2.47
1773179261.583164959,1,0,0.01
1773179262.604065983,0,0,2.47
1773179262.604065983,1,0,0.01
1773179263.624621398,0,0,2.47
1773179263.624621398,1,0,0.01
1773179264.645999564,0,0,2.47
1773179264.645999564,1,0,0.01
1773179265.668172659,0,0,2.47
1773179265.668172659,1,0,0.01
1773179266.690014487,0,0,2.47
1773179266.690014487,1,0,0.01
1773179267.712276214,0,0,2.47
1773179267.712276214,1,0,0.01
1773179268.734013605,0,0,2.47
1773179268.734013605,1,0,0.01
1773179269.756183636,0,0,2.47
1773179269.756183636,1,0,0.01
1773179270.778082914,0,0,2.47
1773179270.778082914,1,0,0.01
1773179271.800159953,0,0,2.47
1773179271.800159953,1,0,0.01
1773179272.821528452,0,0,2.47
1773179272.821528452,1,0,0.01
1773179273.842607328,0,0,2.47
1773179273.842607328,1,0,0.01
1773179274.864058071,0,0,2.47
1773179274.864058071,1,0,0.01
1773179275.885524687,0,0,2.47
1773179275.885524687,1,0,0.01
1773179276.907108091,0,0,2.47
1773179276.907108091,1,0,0.01
1773179277.928738081,0,0,2.47
1773179277.928738081,1,0,0.01
1773179278.949901863,0,0,2.47
1773179278.949901863,1,0,0.01
1773179279.971150850,0,58,2.47
1773179279.971150850,1,0,0.01
1773179280.993197971,0,57,2.47
1773179280.993197971,1,0,0.01
1773179282.015041308,0,0,2.47
1773179282.015041308,1,0,0.01
1773179283.037147115,0,0,2.47
1773179283.037147115,1,0,0.01
1773179284.058163765,0,0,2.47
1773179284.058163765,1,0,0.01
1773179285.079647638,0,0,2.47
1773179285.079647638,1,0,0.01
1773179286.101996536,0,0,2.47
1773179286.101996536,1,0,0.01
1773179287.123606947,0,0,2.47
1773179287.123606947,1,0,0.01
1773179288.145120004,0,0,2.47
1773179288.145120004,1,0,0.01
1773179289.166263299,0,0,2.47
1773179289.166263299,1,0,0.01
1773179290.187558020,0,0,2.47
1773179290.187558020,1,0,0.01
1773179291.208729320,0,0,2.47
1773179291.208729320,1,0,0.01
1773179292.230578714,0,0,2.47
1773179292.230578714,1,0,0.01
1773179293.252101206,0,0,2.47
1773179293.252101206,1,0,0.01
1773179294.273442399,0,0,2.47
1773179294.273442399,1,0,0.01
1773179295.294617574,0,0,2.47
1773179295.294617574,1,0,0.01
1773179296.316278792,0,0,2.47
1773179296.316278792,1,0,0.01
1773179297.338026983,0,0,2.47
1773179297.338026983,1,0,0.01
1773179298.359382717,0,0,2.47
1773179298.359382717,1,0,0.01
1773179299.381103772,0,0,2.47
1773179299.381103772,1,0,0.01
1773179300.402873795,0,0,2.47
1773179300.402873795,1,0,0.01
1773179301.423943436,0,0,2.47
1773179301.423943436,1,0,0.01
1773179302.445199256,0,0,2.47
1773179302.445199256,1,0,0.01
1773179303.466885131,0,0,2.47
1773179303.466885131,1,0,0.01
1773179304.489162201,0,0,2.47
1773179304.489162201,1,0,0.01
1773179305.509524636,0,0,2.47
1773179305.509524636,1,0,0.01
1773179306.530895734,0,0,2.47
1773179306.530895734,1,0,0.01
1773179307.552130780,0,0,2.47
1773179307.552130780,1,0,0.01
1773179308.573187795,0,0,2.47
1773179308.573187795,1,0,0.01
1773179309.594258406,0,0,2.47
1773179309.594258406,1,0,0.01
1773179310.616661061,0,0,2.47
1773179310.616661061,1,0,0.01
1773179311.638935480,0,0,2.47
1773179311.638935480,1,0,0.01
1773179312.660493510,0,0,2.47
1773179312.660493510,1,0,0.01
1773179313.681583429,0,0,2.47
1773179313.681583429,1,0,0.01
1773179314.703534369,0,0,2.47
1773179314.703534369,1,0,0.01
1773179315.724692473,0,0,2.47
1773179315.724692473,1,0,0.01
1773179316.746109015,0,0,2.47
1773179316.746109015,1,0,0.01
1773179317.768580773,0,0,2.47
1773179317.768580773,1,0,0.01
1773179318.790078070,0,0,2.47
1773179318.790078070,1,0,0.01
1773179319.811207183,0,0,2.47
1773179319.811207183,1,0,0.01
1773179320.832389054,0,0,2.47
1773179320.832389054,1,0,0.01
1773179321.854096061,0,0,2.47
1773179321.854096061,1,0,0.01
1773179322.875811431,0,0,2.47
1773179322.875811431,1,0,0.01
1773179323.896992915,0,0,2.47
1773179323.896992915,1,0,0.01
1773179324.918161980,0,0,2.47
1773179324.918161980,1,0,0.01
1773179325.939277131,0,0,2.47
1773179325.939277131,1,0,0.01
1773179326.961363537,0,0,2.47
1773179326.961363537,1,0,0.01
1773179327.982904586,0,0,2.47
1773179327.982904586,1,0,0.01
1773179329.004187514,0,0,2.47
1773179329.004187514,1,0,0.01
1773179330.025558830,0,0,2.47
1773179330.025558830,1,0,0.01
1773179331.046585283,0,0,2.47
1773179331.046585283,1,0,0.01
1773179332.068552312,0,0,2.47
1773179332.068552312,1,0,0.01
1773179333.090204270,0,0,2.47
1773179333.090204270,1,0,0.01
1773179334.111248019,0,0,2.47
1773179334.111248019,1,0,0.01
1773179335.133268474,0,0,2.47
1773179335.133268474,1,0,0.01
1773179336.154598354,0,0,2.47
1773179336.154598354,1,0,0.01
1773179337.176759696,0,0,2.47
1773179337.176759696,1,0,0.01
1773179338.198232857,0,0,2.47
1773179338.198232857,1,0,0.01
1773179339.221210024,0,0,2.47
1773179339.221210024,1,0,0.01
1773179340.242445373,0,0,2.47
1773179340.242445373,1,0,0.01
1773179341.264115947,0,0,2.47
1773179341.264115947,1,0,0.01
1773179342.286311362,0,0,2.47
1773179342.286311362,1,0,0.01
1773179343.308471092,0,0,2.47
1773179343.308471092,1,0,0.01
1773179344.329847040,0,0,2.47
1773179344.329847040,1,0,0.01
1773179345.351456195,0,0,2.47
1773179345.351456195,1,0,0.01
1773179346.373478951,0,0,2.47
1773179346.373478951,1,0,0.01
1773179347.394536499,0,0,2.47
1773179347.394536499,1,0,0.01
1773179348.416326539,0,0,2.47
1773179348.416326539,1,0,0.01
1773179349.437361641,0,0,2.47
1773179349.437361641,1,0,0.01
1773179350.458863963,0,0,2.47
1773179350.458863963,1,0,0.01
1773179351.480500463,0,0,2.47
1773179351.480500463,1,0,0.01
1773179352.501565402,0,0,2.47
1773179352.501565402,1,0,0.01
1773179353.523891699,0,0,2.47
1773179353.523891699,1,0,0.01
1773179354.546391351,0,0,2.47
1773179354.546391351,1,0,0.01
1773179355.567917994,0,0,2.47
1773179355.567917994,1,0,0.01
1773179356.590053672,0,0,2.47
1773179356.590053672,1,0,0.01
1773179357.611791112,0,0,2.47
1773179357.611791112,1,0,0.01
1773179358.633811483,0,0,2.47
1773179358.633811483,1,0,0.01
1773179359.655291983,0,0,2.47
1773179359.655291983,1,0,0.01
1773179360.676461203,0,0,2.47
1773179360.676461203,1,0,0.01
1773179361.697431518,0,0,2.47
1773179361.697431518,1,0,0.01
1773179362.718541224,0,0,2.47
1773179362.718541224,1,0,0.01
1773179363.740609225,0,0,2.47
1773179363.740609225,1,0,0.01
1773179364.762070779,0,0,2.47
1773179364.762070779,1,0,0.01
1773179365.783747912,0,0,2.47
1773179365.783747912,1,0,0.01
1773179366.804968445,0,0,2.47
1773179366.804968445,1,0,0.01
1773179367.826328022,0,0,2.47
1773179367.826328022,1,0,0.01
1773179368.848257117,0,0,2.47
1773179368.848257117,1,0,0.01
1773179369.869972798,0,0,2.47
1773179369.869972798,1,0,0.01
1773179370.891725644,0,0,2.47
1773179370.891725644,1,0,0.01
1773179371.913513194,0,0,2.47
1773179371.913513194,1,0,0.01
1773179372.934853695,0,0,2.47
1773179372.934853695,1,0,0.01
1773179373.956054170,0,0,2.47
1773179373.956054170,1,0,0.01
1773179374.977669757,0,0,2.47
1773179374.977669757,1,0,0.01
1773179375.999234360,0,0,2.47
1773179375.999234360,1,0,0.01
1773179377.021332664,0,0,2.47
1773179377.021332664,1,0,0.01
1773179378.043011516,0,0,2.47
1773179378.043011516,1,0,0.01
1773179379.064567074,0,0,2.47
1773179379.064567074,1,0,0.01
1773179380.087028180,0,0,2.47
1773179380.087028180,1,0,0.01
1773179381.108211075,0,0,2.47
1773179381.108211075,1,0,0.01
1773179382.129541016,0,0,2.47
1773179382.129541016,1,0,0.01
1773179383.150627646,0,0,2.47
1773179383.150627646,1,0,0.01
1773179384.172171550,0,0,2.47
1773179384.172171550,1,0,0.01
1773179385.194247669,0,0,2.47
1773179385.194247669,1,0,0.01
1773179386.215491281,0,0,2.47
1773179386.215491281,1,0,0.01
1773179387.236737699,0,0,2.47
1773179387.236737699,1,0,0.01
1773179388.258063668,0,0,2.47
1773179388.258063668,1,0,0.01
1773179389.279192426,0,0,2.47
1773179389.279192426,1,0,0.01
1773179390.300516744,0,0,2.47
1773179390.300516744,1,0,0.01
1773179391.321961126,0,9,2.47
1773179391.321961126,1,0,0.01
1773179392.343416857,0,61,2.47
1773179392.343416857,1,0,0.01
1773179393.364773389,0,58,2.47
1773179393.364773389,1,0,0.01
1773179394.386327489,0,0,2.47
1773179394.386327489,1,0,0.01
1773179395.408099585,0,0,2.47
1773179395.408099585,1,0,0.01
1773179396.429633409,0,0,2.47
1773179396.429633409,1,0,0.01
1773179397.451331530,0,0,2.47
1773179397.451331530,1,0,0.01
1773179398.472625306,0,0,2.47
1773179398.472625306,1,0,0.01
1773179399.494112189,0,0,2.47
1773179399.494112189,1,0,0.01
1773179400.515912934,0,0,2.47
1773179400.515912934,1,0,0.01
1773179401.537713925,0,0,2.47
1773179401.537713925,1,0,0.01
1773179402.558932962,0,0,2.47
1773179402.558932962,1,0,0.01
1773179403.580950897,0,0,2.47
1773179403.580950897,1,0,0.01
1773179404.602268047,0,0,2.47
1773179404.602268047,1,0,0.01
1773179405.623275793,0,0,2.47
1773179405.623275793,1,0,0.01
1773179406.645056488,0,0,2.47
1773179406.645056488,1,0,0.01
1773179407.666694453,0,0,2.47
1773179407.666694453,1,0,0.01
1773179408.688099346,0,0,2.47
1773179408.688099346,1,0,0.01
1773179409.710037393,0,0,2.47
1773179409.710037393,1,0,0.01
1773179410.731736480,0,0,2.47
1773179410.731736480,1,0,0.01
1773179411.753117348,0,0,2.47
1773179411.753117348,1,0,0.01
1773179412.774306775,0,0,2.47
1773179412.774306775,1,0,0.01
1773179413.795932780,0,0,2.47
1773179413.795932780,1,0,0.01
1773179414.817406988,0,0,2.47
1773179414.817406988,1,0,0.01
1773179415.838760244,0,0,2.47
1773179415.838760244,1,0,0.01
1773179416.860928531,0,0,2.47
1773179416.860928531,1,0,0.01
1773179417.882025648,0,0,2.47
1773179417.882025648,1,0,0.01
1773179418.904009434,0,0,2.47
1773179418.904009434,1,0,0.01
1773179419.925785851,0,0,2.47
1773179419.925785851,1,0,0.01
1773179420.947749227,0,0,2.47
1773179420.947749227,1,0,0.01
1773179421.970447441,0,0,2.47
1773179421.970447441,1,0,0.01
1773179422.992488550,0,0,2.47
1773179422.992488550,1,0,0.01
1773179424.013852629,0,0,2.47
1773179424.013852629,1,0,0.01
1773179425.034919909,0,0,2.47
1773179425.034919909,1,0,0.01
1773179426.057035358,0,0,2.47
1773179426.057035358,1,0,0.01
1773179427.079028973,0,0,2.47
1773179427.079028973,1,0,0.01
1773179428.100310989,0,0,2.47
1773179428.100310989,1,0,0.01
1773179429.121802973,0,0,2.47
1773179429.121802973,1,0,0.01
1773179430.143333418,0,0,2.47
1773179430.143333418,1,0,0.01
1773179431.165257685,0,0,2.47
1773179431.165257685,1,0,0.01
1773179432.187754146,0,0,2.47
1773179432.187754146,1,0,0.01
1773179433.209690566,0,0,2.47
1773179433.209690566,1,0,0.01
1773179434.230974293,0,0,2.47
1773179434.230974293,1,0,0.01
1773179435.252257365,0,0,2.47
1773179435.252257365,1,0,0.01
1773179436.273817494,0,0,2.47
1773179436.273817494,1,0,0.01
1773179437.295073862,0,0,2.47
1773179437.295073862,1,0,0.01
1773179438.317682228,0,0,2.47
1773179438.317682228,1,0,0.01
1773179439.339056682,0,0,2.47
1773179439.339056682,1,0,0.01
1773179440.360769363,0,0,2.47
1773179440.360769363,1,0,0.01
1773179441.382009939,0,0,2.47
1773179441.382009939,1,0,0.01
1773179442.403526945,0,0,2.47
1773179442.403526945,1,0,0.01
1773179443.425837053,0,0,2.47
1773179443.425837053,1,0,0.01
1773179444.447118867,0,0,2.47
1773179444.447118867,1,0,0.01
1773179445.468720344,0,0,2.47
1773179445.468720344,1,0,0.01
1773179446.490501458,0,0,2.47
1773179446.490501458,1,0,0.01
1773179447.512260911,0,0,2.47
1773179447.512260911,1,0,0.01
1773179448.533393508,0,0,2.47
1773179448.533393508,1,0,0.01
1773179449.554587816,0,0,2.47
1773179449.554587816,1,0,0.01
1773179450.576201396,0,0,2.47
1773179450.576201396,1,0,0.01
1773179451.598344857,0,0,2.47
1773179451.598344857,1,0,0.01
1773179452.619877999,0,0,2.47
1773179452.619877999,1,0,0.01
1773179453.641207575,0,0,2.47
1773179453.641207575,1,0,0.01
1773179454.662140833,0,0,2.47
1773179454.662140833,1,0,0.01
1773179455.683110686,0,0,2.47
1773179455.683110686,1,0,0.01
1773179456.705596901,0,0,2.47
1773179456.705596901,1,0,0.01
1773179457.728087256,0,0,2.47
1773179457.728087256,1,0,0.01
1773179458.748758449,0,0,2.47
1773179458.748758449,1,0,0.01
1773179459.770408833,0,0,2.47
1773179459.770408833,1,0,0.01
1773179460.791749232,0,0,2.47
1773179460.791749232,1,0,0.01
1773179461.812654483,0,0,2.47
1773179461.812654483,1,0,0.01
1773179462.833954769,0,0,2.47
1773179462.833954769,1,0,0.01
1773179463.855043986,0,0,2.47
1773179463.855043986,1,0,0.01
1773179464.875521691,0,0,2.47
1773179464.875521691,1,0,0.01
1773179465.896792336,0,0,2.47
1773179465.896792336,1,0,0.01
1773179466.918295847,0,0,2.47
1773179466.918295847,1,0,0.01
1773179467.939004793,0,0,2.47
1773179467.939004793,1,0,0.01
1773179468.961022315,0,0,2.47
1773179468.961022315,1,0,0.01
1773179469.982579403,0,0,2.47
1773179469.982579403,1,0,0.01
1773179471.004499042,0,0,2.47
1773179471.004499042,1,0,0.01
1773179472.026172856,0,0,2.47
1773179472.026172856,1,0,0.01
1773179473.047159364,0,0,2.47
1773179473.047159364,1,0,0.01
1773179474.068805602,0,0,2.47
1773179474.068805602,1,0,0.01
1773179475.090788358,0,0,2.47
1773179475.090788358,1,0,0.01
1773179476.113468048,0,0,2.47
1773179476.113468048,1,0,0.01
1773179477.134883537,0,0,2.47
1773179477.134883537,1,0,0.01
1773179478.156159186,0,0,2.47
1773179478.156159186,1,0,0.01
1773179479.177161087,0,0,2.47
1773179479.177161087,1,0,0.01
1773179480.198452572,0,0,2.47
1773179480.198452572,1,0,0.01
1773179481.219989504,0,0,2.47
1773179481.219989504,1,0,0.01
1773179482.241268763,0,67,2.47
1773179482.241268763,1,0,0.01
1773179483.262598958,0,67,2.47
1773179483.262598958,1,0,0.01
1773179484.284422726,0,0,2.47
1773179484.284422726,1,0,0.01
1773179485.306647483,0,0,2.47
1773179485.306647483,1,0,0.01
1773179486.329003659,0,0,2.47
1773179486.329003659,1,0,0.01
1773179487.350873205,0,0,2.47
1773179487.350873205,1,0,0.01
1773179488.373084478,0,0,2.47
1773179488.373084478,1,0,0.01
1773179489.395386382,0,0,2.47
1773179489.395386382,1,0,0.01
1773179490.417565508,0,0,2.47
1773179490.417565508,1,0,0.01
1773179491.439607844,0,0,2.47
1773179491.439607844,1,0,0.01
1773179492.461531530,0,0,2.47
1773179492.461531530,1,0,0.01
1773179493.482878053,0,0,2.47
1773179493.482878053,1,0,0.01
1773179494.503569155,0,0,2.47
1773179494.503569155,1,0,0.01
1773179495.524698234,0,0,2.47
1773179495.524698234,1,0,0.01
1773179496.545324274,0,0,2.47
1773179496.545324274,1,0,0.01
1773179497.566307404,0,0,2.47
1773179497.566307404,1,0,0.01
1773179498.587546983,0,0,2.47
1773179498.587546983,1,0,0.01
1773179499.609462410,0,0,2.47
1773179499.609462410,1,0,0.01
1773179500.631314241,0,0,2.47
1773179500.631314241,1,0,0.01
1773179501.653092633,0,0,2.47
1773179501.653092633,1,0,0.01
1773179502.674754862,0,0,2.47
1773179502.674754862,1,0,0.01
1773179503.696000977,0,0,2.47
1773179503.696000977,1,0,0.01
1773179504.717090076,0,0,2.47
1773179504.717090076,1,0,0.01
1773179505.738465815,0,0,2.47
1773179505.738465815,1,0,0.01
1773179506.760280404,0,0,2.47
1773179506.760280404,1,0,0.01
1773179507.780136444,0,0,2.47
1773179507.780136444,1,0,0.01
1773179508.802218614,0,0,2.47
1773179508.802218614,1,0,0.01
1773179509.823562583,0,0,2.47
1773179509.823562583,1,0,0.01
1773179510.845091827,0,0,2.47
1773179510.845091827,1,0,0.01
1773179511.866903995,0,0,2.47
1773179511.866903995,1,0,0.01
1773179512.888466404,0,0,2.47
1773179512.888466404,1,0,0.01
1773179513.910116000,0,0,2.47
1773179513.910116000,1,0,0.01
1773179514.931954843,0,0,2.47
1773179514.931954843,1,0,0.01
1773179515.954183184,0,0,2.47
1773179515.954183184,1,0,0.01
1773179516.975748477,0,0,2.47
1773179516.975748477,1,0,0.01
1773179517.997290271,0,0,2.47
1773179517.997290271,1,0,0.01
1773179519.019199784,0,0,2.47
1773179519.019199784,1,0,0.01
1773179520.041299178,0,0,2.47
1773179520.041299178,1,0,0.01
1773179521.063314913,0,0,2.47
1773179521.063314913,1,0,0.01
1773179522.084850322,0,0,2.47
1773179522.084850322,1,0,0.01
1773179523.106355846,0,0,2.47
1773179523.106355846,1,0,0.01
1773179524.127870021,0,0,2.47
1773179524.127870021,1,0,0.01
1773179525.150094928,0,0,2.47
1773179525.150094928,1,0,0.01
1773179526.172186290,0,0,2.47
1773179526.172186290,1,0,0.01
1773179527.193887169,0,0,2.47
1773179527.193887169,1,0,0.01
1773179528.215280636,0,0,2.47
1773179528.215280636,1,0,0.01
1773179529.236847251,0,0,2.47
1773179529.236847251,1,0,0.01
1773179530.258925908,0,0,2.47
1773179530.258925908,1,0,0.01
1773179531.280426448,0,0,2.47
1773179531.280426448,1,0,0.01
1773179532.301603676,0,0,2.47
1773179532.301603676,1,0,0.01
1773179533.323070104,0,0,2.47
1773179533.323070104,1,0,0.01
1773179534.344291199,0,0,2.47
1773179534.344291199,1,0,0.01
1773179535.365503027,0,0,2.47
1773179535.365503027,1,0,0.01
1773179536.386840998,0,0,2.47
1773179536.386840998,1,0,0.01
1773179537.408810531,0,0,2.47
1773179537.408810531,1,0,0.01
1773179538.430334441,0,0,2.47
1773179538.430334441,1,0,0.01
1773179539.452287732,0,0,2.47
1773179539.452287732,1,0,0.01
1773179540.473590093,0,0,2.47
1773179540.473590093,1,0,0.01
1773179541.495756894,0,0,2.47
1773179541.495756894,1,0,0.01
1773179542.517451458,0,0,2.47
1773179542.517451458,1,0,0.01
1773179543.539204090,0,0,2.47
1773179543.539204090,1,0,0.01
1773179544.560225075,0,0,2.47
1773179544.560225075,1,0,0.01
1773179545.582283586,0,0,2.47
1773179545.582283586,1,0,0.01
1773179546.604132097,0,0,2.47
1773179546.604132097,1,0,0.01
1773179547.625985162,0,0,2.47
1773179547.625985162,1,0,0.01
1773179548.648487823,0,0,2.47
1773179548.648487823,1,0,0.01
1773179549.670038410,0,0,2.47
1773179549.670038410,1,0,0.01
1773179550.691582248,0,0,2.47
1773179550.691582248,1,0,0.01
1773179551.712990332,0,0,2.47
1773179551.712990332,1,0,0.01
1773179552.735218135,0,0,2.47
1773179552.735218135,1,0,0.01
1773179553.756863619,0,0,2.47
1773179553.756863619,1,0,0.01
1773179554.779279233,0,0,2.47
1773179554.779279233,1,0,0.01
1773179555.800623715,0,0,2.47
1773179555.800623715,1,0,0.01
1773179556.822940555,0,0,2.47
1773179556.822940555,1,0,0.01
1773179557.844474798,0,0,2.47
1773179557.844474798,1,0,0.01
1773179558.866894566,0,0,2.47
1773179558.866894566,1,0,0.01
1773179559.888782456,0,0,2.47
1773179559.888782456,1,0,0.01
1773179560.910494131,0,0,2.47
1773179560.910494131,1,0,0.01
1773179561.933189967,0,0,2.47
1773179561.933189967,1,0,0.01
1773179562.955615542,0,0,2.47
1773179562.955615542,1,0,0.01
1773179563.978081181,0,0,2.47
1773179563.978081181,1,0,0.01
1773179564.999635618,0,0,2.47
1773179564.999635618,1,0,0.01
1773179566.021169911,0,0,2.47
1773179566.021169911,1,0,0.01
1773179567.042336785,0,0,2.47
1773179567.042336785,1,0,0.01
1773179568.064239487,0,0,2.47
1773179568.064239487,1,0,0.01
1773179569.086614454,0,0,2.47
1773179569.086614454,1,0,0.01
1773179570.107475659,0,0,2.47
1773179570.107475659,1,0,0.01
1773179571.128587377,0,0,2.47
1773179571.128587377,1,0,0.01
1773179572.150323143,0,0,2.47
1773179572.150323143,1,0,0.01
1773179573.171587507,0,0,2.47
1773179573.171587507,1,0,0.01
1773179574.192770216,0,0,2.47
1773179574.192770216,1,0,0.01
1773179575.214551562,0,0,2.47
1773179575.214551562,1,0,0.01
1773179576.235978032,0,0,2.47
1773179576.235978032,1,0,0.01
1773179577.257729061,0,0,2.47
1773179577.257729061,1,0,0.01
1773179578.279362822,0,0,2.47
1773179578.279362822,1,0,0.01
1773179579.300866907,0,0,2.47
1773179579.300866907,1,0,0.01
1773179580.322084725,0,0,2.47
1773179580.322084725,1,0,0.01
1773179581.343940499,0,0,2.47
1773179581.343940499,1,0,0.01
1773179582.365522466,0,0,2.47
1773179582.365522466,1,0,0.01
1773179583.387440807,0,0,2.47
1773179583.387440807,1,0,0.01
1773179584.408946376,0,0,2.47
1773179584.408946376,1,0,0.01
1773179585.430758409,0,0,2.47
1773179585.430758409,1,0,0.01
1773179586.452610770,0,0,2.47
1773179586.452610770,1,0,0.01
1773179587.473820683,0,0,2.47
1773179587.473820683,1,0,0.01
1773179588.494674286,0,0,2.47
1773179588.494674286,1,0,0.01
1773179589.516226916,0,0,2.47
1773179589.516226916,1,0,0.01
1773179590.537117267,0,0,2.47
1773179590.537117267,1,0,0.01
1773179591.558873465,0,0,2.47
1773179591.558873465,1,0,0.01
1773179592.580790863,0,0,2.47
1773179592.580790863,1,0,0.01
1773179593.602878699,0,0,2.47
1773179593.602878699,1,0,0.01
1773179594.623547259,0,0,2.47
1773179594.623547259,1,0,0.01
1773179595.644524784,0,0,2.47
1773179595.644524784,1,0,0.01
1773179596.665858104,0,0,2.47
1773179596.665858104,1,0,0.01
1773179597.687046339,0,0,2.47
1773179597.687046339,1,0,0.01
1773179598.708943705,0,0,2.47
1773179598.708943705,1,0,0.01
1773179599.730329473,0,0,2.47
1773179599.730329473,1,0,0.01
1773179600.751498602,0,0,2.47
1773179600.751498602,1,0,0.01
1773179601.773100785,0,0,2.47
1773179601.773100785,1,0,0.01
1773179602.794400577,0,0,2.47
1773179602.794400577,1,0,0.01
1773179603.816064069,0,0,2.47
1773179603.816064069,1,0,0.01
1773179604.837872708,0,0,2.47
1773179604.837872708,1,0,0.01
1773179605.859242638,0,0,2.47
1773179605.859242638,1,0,0.01
1773179606.880397758,0,0,2.47
1773179606.880397758,1,0,0.01
1773179607.902179689,0,0,2.47
1773179607.902179689,1,0,0.01
1773179608.923237936,0,0,2.47
1773179608.923237936,1,0,0.01
1773179609.944906370,0,0,2.47
1773179609.944906370,1,0,0.01
1773179610.966536914,0,0,2.47
1773179610.966536914,1,0,0.01
1773179611.987255622,0,0,2.47
1773179611.987255622,1,0,0.01
1773179613.008600204,0,0,2.47
1773179613.008600204,1,0,0.01
1773179614.029586335,0,0,2.47
1773179614.029586335,1,0,0.01
1773179615.050829489,0,0,2.47
1773179615.050829489,1,0,0.01
1773179616.072598616,0,0,2.47
1773179616.072598616,1,0,0.01
1773179617.094111776,0,0,2.47
1773179617.094111776,1,0,0.01
1773179618.115513109,0,0,2.47
1773179618.115513109,1,0,0.01
1773179619.136836662,0,0,2.47
1773179619.136836662,1,0,0.01
1773179620.158140668,0,0,2.47
1773179620.158140668,1,0,0.01
1773179621.179332277,0,0,2.47
1773179621.179332277,1,0,0.01
1773179622.201131784,0,0,2.47
1773179622.201131784,1,0,0.01
1773179623.222293020,0,0,2.47
1773179623.222293020,1,0,0.01
1773179624.245049852,0,0,2.47
1773179624.245049852,1,0,0.01
1773179625.266442992,0,0,2.47
1773179625.266442992,1,0,0.01
1773179626.287328653,0,0,2.47
1773179626.287328653,1,0,0.01
1773179627.308593644,0,0,2.47
1773179627.308593644,1,0,0.01
1773179628.329720469,0,0,2.47
1773179628.329720469,1,0,0.01
1773179629.350961775,0,0,2.47
1773179629.350961775,1,0,0.01
1773179630.371902036,0,0,2.47
1773179630.371902036,1,0,0.01
1773179631.394002679,0,0,2.47
1773179631.394002679,1,0,0.01
1773179632.415630423,0,0,2.47
1773179632.415630423,1,0,0.01
1773179633.437148143,0,0,2.47
1773179633.437148143,1,0,0.01
1773179634.458146301,0,0,2.47
1773179634.458146301,1,0,0.01
1773179635.479297860,0,0,2.47
1773179635.479297860,1,0,0.01
1773179636.500843703,0,0,2.47
1773179636.500843703,1,0,0.01
1773179637.522950984,0,0,2.47
1773179637.522950984,1,0,0.01
1773179638.544513453,0,0,2.47
1773179638.544513453,1,0,0.01
1773179639.565501141,0,0,2.47
1773179639.565501141,1,0,0.01
1773179640.587147808,0,0,2.47
1773179640.587147808,1,0,0.01
1773179641.608712492,0,0,2.47
1773179641.608712492,1,0,0.01
1773179642.630181959,0,0,2.47
1773179642.630181959,1,0,0.01
1773179643.651987877,0,0,2.47
1773179643.651987877,1,0,0.01
1773179644.673695286,0,0,2.47
1773179644.673695286,1,0,0.01
1773179645.694889718,0,0,2.47
1773179645.694889718,1,0,0.01
1773179646.716630617,0,68,2.47
1773179646.716630617,1,0,0.01
1773179647.738030253,0,67,2.47
1773179647.738030253,1,0,0.01
1773179648.759673275,0,0,2.47
1773179648.759673275,1,0,0.01
1773179649.780817209,0,0,2.47
1773179649.780817209,1,0,0.01
1773179650.804044330,0,0,2.47
1773179650.804044330,1,0,0.01
1773179651.824990562,0,0,2.47
1773179651.824990562,1,0,0.01
1773179652.845742454,0,0,2.47
1773179652.845742454,1,0,0.01
1773179653.867454177,0,0,2.47
1773179653.867454177,1,0,0.01
1773179654.888842313,0,0,2.47
1773179654.888842313,1,0,0.01
1773179655.911128986,0,0,2.47
1773179655.911128986,1,0,0.01
1773179656.933644849,0,0,2.47
1773179656.933644849,1,0,0.01
1773179657.954490510,0,0,2.47
1773179657.954490510,1,0,0.01
1773179658.975219803,0,0,2.47
1773179658.975219803,1,0,0.01
1773179659.996484987,0,0,2.47
1773179659.996484987,1,0,0.01
1773179661.017939122,0,0,2.47
1773179661.017939122,1,0,0.01
1773179662.039506445,0,0,2.47
1773179662.039506445,1,0,0.01
1773179663.060888693,0,0,2.47
1773179663.060888693,1,0,0.01
1773179664.082554761,0,0,2.47
1773179664.082554761,1,0,0.01
1773179665.103776556,0,0,2.47
1773179665.103776556,1,0,0.01
1773179666.125123264,0,0,2.47
1773179666.125123264,1,0,0.01
1773179667.145991332,0,0,2.47
1773179667.145991332,1,0,0.01
1773179668.166911734,0,0,2.47
1773179668.166911734,1,0,0.01
1773179669.187808587,0,0,2.47
1773179669.187808587,1,0,0.01
1773179670.208828483,0,0,2.47
1773179670.208828483,1,0,0.01
1773179671.230720317,0,0,2.47
1773179671.230720317,1,0,0.01
1773179672.252726587,0,0,2.47
1773179672.252726587,1,0,0.01
1773179673.273492661,0,0,2.47
1773179673.273492661,1,0,0.01
1773179674.295134987,0,0,2.47
1773179674.295134987,1,0,0.01
1773179675.316027459,0,0,2.47
1773179675.316027459,1,0,0.01
1773179676.338337154,0,0,2.47
1773179676.338337154,1,0,0.01
1773179677.359976035,0,0,2.47
1773179677.359976035,1,0,0.01
1773179678.381806805,0,0,2.47
1773179678.381806805,1,0,0.01
1773179679.403880235,0,0,2.47
1773179679.403880235,1,0,0.01
1773179680.424938041,0,0,2.47
1773179680.424938041,1,0,0.01
1773179681.446188709,0,0,2.47
1773179681.446188709,1,0,0.01
1773179682.467150286,0,0,2.47
1773179682.467150286,1,0,0.01
1773179683.488834482,0,0,2.47
1773179683.488834482,1,0,0.01
1773179684.509882026,0,0,2.47
1773179684.509882026,1,0,0.01
1773179685.531005167,0,0,2.47
1773179685.531005167,1,0,0.01
1773179686.552947027,0,0,2.47
1773179686.552947027,1,0,0.01
1773179687.574262477,0,0,2.47
1773179687.574262477,1,0,0.01
1773179688.595492703,0,0,2.47
1773179688.595492703,1,0,0.01
1773179689.616587826,0,0,2.47
1773179689.616587826,1,0,0.01
1773179690.637554456,0,0,2.47
1773179690.637554456,1,0,0.01
1773179691.659106085,0,0,2.47
1773179691.659106085,1,0,0.01
1773179692.680514967,0,0,2.47
1773179692.680514967,1,0,0.01
1773179693.702517101,0,0,2.47
1773179693.702517101,1,0,0.01
1773179694.724077269,0,0,2.47
1773179694.724077269,1,0,0.01
1773179695.745573806,0,0,2.47
1773179695.745573806,1,0,0.01
1773179696.766659423,0,2,2.47
1773179696.766659423,1,0,0.01
1773179697.787549587,0,68,2.47
1773179697.787549587,1,0,0.01
1773179698.808813468,0,0,2.47
1773179698.808813468,1,0,0.01
1773179699.829997111,0,0,2.47
1773179699.829997111,1,0,0.01
1773179700.851221996,0,0,2.47
1773179700.851221996,1,0,0.01
1773179701.873184364,0,0,2.47
1773179701.873184364,1,0,0.01
1773179702.894284541,0,0,2.47
1773179702.894284541,1,0,0.01
1773179703.915899774,0,0,2.47
1773179703.915899774,1,0,0.01
1773179704.937473834,0,0,2.47
1773179704.937473834,1,0,0.01
1773179705.959610101,0,0,2.47
1773179705.959610101,1,0,0.01
1773179706.980894945,0,0,2.47
1773179706.980894945,1,0,0.01
1773179708.002246464,0,0,2.47
1773179708.002246464,1,0,0.01
1773179709.024119344,0,0,2.47
1773179709.024119344,1,0,0.01
1773179710.045640192,0,0,2.47
1773179710.045640192,1,0,0.01
1773179711.067079529,0,0,2.47
1773179711.067079529,1,0,0.01
1773179712.089609814,0,0,2.47
1773179712.089609814,1,0,0.01
1773179713.111254626,0,0,2.47
1773179713.111254626,1,0,0.01
1773179714.132338308,0,0,2.47
1773179714.132338308,1,0,0.01
1773179715.153294694,0,0,2.47
1773179715.153294694,1,0,0.01
1773179716.174347067,0,0,2.47
1773179716.174347067,1,0,0.01
1773179717.195863534,0,0,2.47
1773179717.195863534,1,0,0.01
1773179718.217125071,0,0,2.47
1773179718.217125071,1,0,0.01
1773179719.238332496,0,0,2.47
1773179719.238332496,1,0,0.01
1773179720.259258021,0,0,2.47
1773179720.259258021,1,0,0.01
1773179721.281250182,0,0,2.47
1773179721.281250182,1,0,0.01
1773179722.302278775,0,0,2.47
1773179722.302278775,1,0,0.01
1773179723.323527266,0,0,2.47
1773179723.323527266,1,0,0.01
1773179724.344899241,0,0,2.47
1773179724.344899241,1,0,0.01
1773179725.367049970,0,0,2.47
1773179725.367049970,1,0,0.01
1773179726.388480473,0,0,2.47
1773179726.388480473,1,0,0.01
1773179727.410323662,0,0,2.47
1773179727.410323662,1,0,0.01
1773179728.431260668,0,0,2.47
1773179728.431260668,1,0,0.01
1773179729.453300953,0,0,2.47
1773179729.453300953,1,0,0.01
1773179730.474194238,0,0,2.47
1773179730.474194238,1,0,0.01
1773179731.496345733,0,0,2.47
1773179731.496345733,1,0,0.01
1773179732.518651487,0,0,2.47
1773179732.518651487,1,0,0.01
1773179733.540606378,0,0,2.47
1773179733.540606378,1,0,0.01
1773179734.561819971,0,0,2.47
1773179734.561819971,1,0,0.01
1773179735.583419771,0,0,2.47
1773179735.583419771,1,0,0.01
1773179736.605922378,0,0,2.47
1773179736.605922378,1,0,0.01
1773179737.628246530,0,0,2.47
1773179737.628246530,1,0,0.01
1773179738.650234171,0,0,2.47
1773179738.650234171,1,0,0.01
1773179739.672226155,0,0,2.47
1773179739.672226155,1,0,0.01
1773179740.693698557,0,0,2.47
1773179740.693698557,1,0,0.01
1773179741.715230726,0,0,2.47
1773179741.715230726,1,0,0.01
1773179742.737312595,0,0,2.47
1773179742.737312595,1,0,0.01
1773179743.759155423,0,0,2.47
1773179743.759155423,1,0,0.01
1773179744.781299669,0,0,2.47
1773179744.781299669,1,0,0.01
1773179745.802508227,0,0,2.47
1773179745.802508227,1,0,0.01
1773179746.824066067,0,0,2.47
1773179746.824066067,1,0,0.01
1773179747.845960194,0,0,2.47
1773179747.845960194,1,0,0.01
1773179748.867410529,0,0,2.47
1773179748.867410529,1,0,0.01
1773179749.888640250,0,0,2.47
1773179749.888640250,1,0,0.01
1773179750.910216909,0,0,2.47
1773179750.910216909,1,0,0.01
1773179751.931757534,0,0,2.47
1773179751.931757534,1,0,0.01
1773179752.953032448,0,0,2.47
1773179752.953032448,1,0,0.01
1773179753.974115085,0,0,2.47
1773179753.974115085,1,0,0.01
1773179754.996263593,0,0,2.47
1773179754.996263593,1,0,0.01
1773179756.018037169,0,0,2.47
1773179756.018037169,1,0,0.01
1773179757.039615780,0,0,2.47
1773179757.039615780,1,0,0.01
1773179758.061506787,0,0,2.47
1773179758.061506787,1,0,0.01
1773179759.083651822,0,0,2.47
1773179759.083651822,1,0,0.01
1773179760.105737098,0,0,2.47
1773179760.105737098,1,0,0.01
1773179761.127113722,0,0,2.47
1773179761.127113722,1,0,0.01
1773179762.148870328,0,0,2.47
1773179762.148870328,1,0,0.01
1773179763.170347603,0,0,2.47
1773179763.170347603,1,0,0.01
1773179764.192464198,0,0,2.47
1773179764.192464198,1,0,0.01
1773179765.213507629,0,0,2.47
1773179765.213507629,1,0,0.01
1773179766.235364556,0,0,2.47
1773179766.235364556,1,0,0.01
1773179767.256541207,0,0,2.47
1773179767.256541207,1,0,0.01
1773179768.278105529,0,0,2.47
1773179768.278105529,1,0,0.01
1773179769.300270693,0,0,2.47
1773179769.300270693,1,0,0.01
1773179770.322020425,0,0,2.47
1773179770.322020425,1,0,0.01
1773179771.343398144,0,0,2.47
1773179771.343398144,1,0,0.01
1773179772.364221603,0,0,2.47
1773179772.364221603,1,0,0.01
1773179773.385783633,0,0,2.47
1773179773.385783633,1,0,0.01
1773179774.407943489,0,0,2.47
1773179774.407943489,1,0,0.01
1773179775.429277583,0,0,2.47
1773179775.429277583,1,0,0.01
1773179776.450715344,0,0,2.47
1773179776.450715344,1,0,0.01
1773179777.472589441,0,0,2.47
1773179777.472589441,1,0,0.01
1773179778.494527450,0,0,2.47
1773179778.494527450,1,0,0.01
1773179779.516645736,0,0,2.47
1773179779.516645736,1,0,0.01
1773179780.537968558,0,0,2.47
1773179780.537968558,1,0,0.01
1773179781.558902947,0,0,2.47
1773179781.558902947,1,0,0.01
1773179782.581063022,0,0,2.47
1773179782.581063022,1,0,0.01
1773179783.602306870,0,0,2.47
1773179783.602306870,1,0,0.01
1773179784.624184581,0,0,2.47
1773179784.624184581,1,0,0.01
1773179785.645978908,0,0,2.47
1773179785.645978908,1,0,0.01
1773179786.667311079,0,0,2.47
1773179786.667311079,1,0,0.01
1773179787.687992070,0,0,2.47
1773179787.687992070,1,0,0.01
1773179788.708601283,0,0,2.47
1773179788.708601283,1,0,0.01
1773179789.730357118,0,0,2.47
1773179789.730357118,1,0,0.01
1773179790.751966543,0,0,2.47
1773179790.751966543,1,0,0.01
1773179791.772814351,0,0,2.47
1773179791.772814351,1,0,0.01
1773179792.794388781,0,0,2.47
1773179792.794388781,1,0,0.01
1773179793.815978194,0,0,2.47
1773179793.815978194,1,0,0.01
1773179794.837708545,0,0,2.47
1773179794.837708545,1,0,0.01
1773179795.859046954,0,0,2.47
1773179795.859046954,1,0,0.01
1773179796.880394641,0,0,2.47
1773179796.880394641,1,0,0.01
1773179797.902051561,0,0,2.47
1773179797.902051561,1,0,0.01
1773179798.923773049,0,0,2.47
1773179798.923773049,1,0,0.01
1773179799.944445320,0,0,2.47
1773179799.944445320,1,0,0.01
1773179800.965483955,0,0,2.47
1773179800.965483955,1,0,0.01
1773179801.986095853,0,0,2.47
1773179801.986095853,1,0,0.01
1773179803.008245723,0,0,2.47
1773179803.008245723,1,0,0.01
1773179804.029361054,0,0,2.47
1773179804.029361054,1,0,0.01
1773179805.050361399,0,0,2.47
1773179805.050361399,1,0,0.01
1773179806.072525810,0,0,2.47
1773179806.072525810,1,0,0.01
1773179807.094578889,0,0,2.47
1773179807.094578889,1,0,0.01
1773179808.115414861,0,0,2.47
1773179808.115414861,1,0,0.01
1773179809.136983323,0,0,2.47
1773179809.136983323,1,0,0.01
1773179810.157692434,0,0,2.47
1773179810.157692434,1,0,0.01
1773179811.178562644,0,0,2.47
1773179811.178562644,1,0,0.01
1773179812.200066274,0,0,2.47
1773179812.200066274,1,0,0.01
1773179813.221134709,0,0,2.47
1773179813.221134709,1,0,0.01
1773179814.241643481,0,0,2.47
1773179814.241643481,1,0,0.01
1773179815.264048883,0,0,2.47
1773179815.264048883,1,0,0.01
1773179816.285378268,0,0,2.47
1773179816.285378268,1,0,0.01
1773179817.307858373,0,0,2.47
1773179817.307858373,1,0,0.01
1773179818.328871352,0,0,2.47
1773179818.328871352,1,0,0.01
1773179819.350146095,0,0,2.47
1773179819.350146095,1,0,0.01
1773179820.372058159,0,0,2.47
1773179820.372058159,1,0,0.01
1773179821.393139113,0,0,2.47
1773179821.393139113,1,0,0.01
1773179822.414094611,0,0,2.47
1773179822.414094611,1,0,0.01
1773179823.435057328,0,0,2.47
1773179823.435057328,1,0,0.01
1773179824.456006983,0,0,2.47
1773179824.456006983,1,0,0.01
1773179825.478291212,0,0,2.47
1773179825.478291212,1,0,0.01
1773179826.499575702,0,0,2.47
1773179826.499575702,1,0,0.01
1773179827.520623169,0,0,2.47
1773179827.520623169,1,0,0.01
1773179828.542776258,0,0,2.47
1773179828.542776258,1,0,0.01
1773179829.564192795,0,0,2.47
1773179829.564192795,1,0,0.01
1773179830.585958466,0,0,2.47
1773179830.585958466,1,0,0.01
1773179831.607402335,0,0,2.47
1773179831.607402335,1,0,0.01
1773179832.629118666,0,0,2.47
1773179832.629118666,1,0,0.01
1773179833.650324375,0,0,2.47
1773179833.650324375,1,0,0.01
1773179834.671516067,0,0,2.47
1773179834.671516067,1,0,0.01
1773179835.693289929,0,0,2.47
1773179835.693289929,1,0,0.01
1773179836.714453520,0,0,2.47
1773179836.714453520,1,0,0.01
1773179837.736788743,0,0,2.47
1773179837.736788743,1,0,0.01
1773179838.759069979,0,0,2.47
1773179838.759069979,1,0,0.01
1773179839.780981492,0,0,2.47
1773179839.780981492,1,0,0.01
1773179840.802728033,0,0,2.47
1773179840.802728033,1,0,0.01
1773179841.824110930,0,0,2.47
1773179841.824110930,1,0,0.01
1773179842.846275599,0,0,2.47
1773179842.846275599,1,0,0.01
1773179843.868611186,0,0,2.47
1773179843.868611186,1,0,0.01
1773179844.890040418,0,0,2.47
1773179844.890040418,1,0,0.01
1773179845.912657988,0,0,2.47
1773179845.912657988,1,0,0.01
1773179846.933635437,0,0,2.47
1773179846.933635437,1,0,0.01
1773179847.955769420,0,0,2.47
1773179847.955769420,1,0,0.01
1773179848.976728318,0,0,2.47
1773179848.976728318,1,0,0.01
1773179849.997942382,0,0,2.47
1773179849.997942382,1,0,0.01
1773179851.018956692,0,0,2.47
1773179851.018956692,1,0,0.01
1773179852.040562848,0,0,2.47
1773179852.040562848,1,0,0.01
1773179853.061318863,0,0,2.47
1773179853.061318863,1,0,0.01
1773179854.083689749,0,0,2.47
1773179854.083689749,1,0,0.01
1773179855.104452867,0,0,2.47
1773179855.104452867,1,0,0.01
1773179856.126191290,0,0,2.47
1773179856.126191290,1,0,0.01
1773179857.147956087,0,0,2.47
1773179857.147956087,1,0,0.01
1773179858.168954697,0,0,2.47
1773179858.168954697,1,0,0.01
1773179859.190927139,0,0,2.47
1773179859.190927139,1,0,0.01
1773179860.211890424,0,0,2.47
1773179860.211890424,1,0,0.01
1773179861.233225869,0,0,2.47
1773179861.233225869,1,0,0.01
1773179862.254480942,0,0,2.47
1773179862.254480942,1,0,0.01
1773179863.276030849,0,0,2.47
1773179863.276030849,1,0,0.01
1773179864.297562887,0,0,2.47
1773179864.297562887,1,0,0.01
1773179865.318793740,0,0,2.47
1773179865.318793740,1,0,0.01
1773179866.340784223,0,0,2.47
1773179866.340784223,1,0,0.01
1773179867.361890024,0,0,2.47
1773179867.361890024,1,0,0.01
1773179868.382572077,0,0,2.47
1773179868.382572077,1,0,0.01
1773179869.403479017,0,0,2.47
1773179869.403479017,1,0,0.01
1773179870.424978833,0,0,2.47
1773179870.424978833,1,0,0.01
1773179871.446930754,0,0,2.47
1773179871.446930754,1,0,0.01
1773179872.468793832,0,0,2.47
1773179872.468793832,1,0,0.01
1773179873.489280896,0,0,2.47
1773179873.489280896,1,0,0.01
1773179874.510410914,0,0,2.47
1773179874.510410914,1,0,0.01
1773179875.531743729,0,0,2.47
1773179875.531743729,1,0,0.01
1773179876.552742935,0,0,2.47
1773179876.552742935,1,0,0.01
1773179877.573449059,0,0,2.47
1773179877.573449059,1,0,0.01
1773179878.594288199,0,0,2.47
1773179878.594288199,1,0,0.01
1773179879.615414362,0,0,2.47
1773179879.615414362,1,0,0.01
1773179880.636776062,0,0,2.47
1773179880.636776062,1,0,0.01
1773179881.657889555,0,0,2.47
1773179881.657889555,1,0,0.01
1773179882.678659716,0,0,2.47
1773179882.678659716,1,0,0.01
1773179883.700517289,0,0,2.47
1773179883.700517289,1,0,0.01
1773179884.721549722,0,0,2.47
1773179884.721549722,1,0,0.01
1773179885.742720460,0,0,2.47
1773179885.742720460,1,0,0.01
1773179886.764444898,0,0,2.47
1773179886.764444898,1,0,0.01
1773179887.785975345,0,0,2.47
1773179887.785975345,1,0,0.01
1773179888.808115994,0,0,2.47
1773179888.808115994,1,0,0.01
1773179889.828823259,0,0,2.47
1773179889.828823259,1,0,0.01
1773179890.849668607,0,0,2.47
1773179890.849668607,1,0,0.01
1773179891.871577861,0,0,2.47
1773179891.871577861,1,0,0.01
1773179892.892164350,0,0,2.47
1773179892.892164350,1,0,0.01
1773179893.913914976,0,0,2.47
1773179893.913914976,1,0,0.01
1773179894.935578405,0,0,2.47
1773179894.935578405,1,0,0.01
1773179895.956761791,0,0,2.47
1773179895.956761791,1,0,0.01
1773179896.977601961,0,0,2.47
1773179896.977601961,1,0,0.01
1773179897.998572973,0,0,2.47
1773179897.998572973,1,0,0.01
1773179899.019830197,0,0,2.47
1773179899.019830197,1,0,0.01
1773179900.041152653,0,0,2.47
1773179900.041152653,1,0,0.01
1773179901.062521187,0,0,2.47
1773179901.062521187,1,0,0.01
1773179902.084127921,0,0,2.47
1773179902.084127921,1,0,0.01
1773179903.106117373,0,68,2.47
1773179903.106117373,1,0,0.01
1773179904.128055054,0,35,2.47
1773179904.128055054,1,0,0.01
1773179905.148815529,0,0,2.47
1773179905.148815529,1,0,0.01
1773179906.169693751,0,0,2.47
1773179906.169693751,1,0,0.01
1773179907.190469314,0,0,2.47
1773179907.190469314,1,0,0.01
1773179908.212191496,0,0,2.47
1773179908.212191496,1,0,0.01
1773179909.233210700,0,0,2.47
1773179909.233210700,1,0,0.01
1773179910.256185890,0,0,2.47
1773179910.256185890,1,0,0.01
1773179911.277292838,0,0,2.47
1773179911.277292838,1,0,0.01
1773179912.299215059,0,0,2.47
1773179912.299215059,1,0,0.01
1773179913.320269920,0,0,2.47
1773179913.320269920,1,0,0.01
1773179914.341535141,0,0,2.47
1773179914.341535141,1,0,0.01
1773179915.363147115,0,0,2.47
1773179915.363147115,1,0,0.01
1773179916.383586147,0,0,2.47
1773179916.383586147,1,0,0.01
1773179917.405701419,0,0,2.47
1773179917.405701419,1,0,0.01
1773179918.427220947,0,0,2.47
1773179918.427220947,1,0,0.01
1773179919.447616433,0,0,2.47
1773179919.447616433,1,0,0.01
1773179920.469118454,0,0,2.47
1773179920.469118454,1,0,0.01
1773179921.490025441,0,0,2.47
1773179921.490025441,1,0,0.01
1773179922.511181708,0,0,2.47
1773179922.511181708,1,0,0.01
1773179923.532718509,0,0,2.47
1773179923.532718509,1,0,0.01
1773179924.554221183,0,0,2.47
1773179924.554221183,1,0,0.01
1773179925.576203501,0,0,2.47
1773179925.576203501,1,0,0.01
1773179926.597824308,0,0,2.47
1773179926.597824308,1,0,0.01
1773179927.618893689,0,0,2.47
1773179927.618893689,1,0,0.01
1773179928.640110219,0,0,2.47
1773179928.640110219,1,0,0.01
1773179929.661528895,0,0,2.47
1773179929.661528895,1,0,0.01
1773179930.682643397,0,0,2.47
1773179930.682643397,1,0,0.01
1773179931.704346343,0,0,2.47
1773179931.704346343,1,0,0.01
1773179932.725885643,0,0,2.47
1773179932.725885643,1,0,0.01
1773179933.747094786,0,0,2.47
1773179933.747094786,1,0,0.01
1773179934.768729080,0,0,2.47
1773179934.768729080,1,0,0.01
1773179935.790126163,0,0,2.47
1773179935.790126163,1,0,0.01
1773179936.810929761,0,0,2.47
1773179936.810929761,1,0,0.01
1773179937.832319597,0,0,2.47
1773179937.832319597,1,0,0.01
1773179938.853771712,0,0,2.47
1773179938.853771712,1,0,0.01
1773179939.875043184,0,0,2.47
1773179939.875043184,1,0,0.01
1773179940.896312806,0,0,2.47
1773179940.896312806,1,0,0.01
1773179941.918115772,0,0,2.47
1773179941.918115772,1,0,0.01
1773179942.940201434,0,0,2.47
1773179942.940201434,1,0,0.01
1773179943.962182550,0,0,2.47
1773179943.962182550,1,0,0.01
1773179944.983558202,0,0,2.47
1773179944.983558202,1,0,0.01
1773179946.004334225,0,0,2.47
1773179946.004334225,1,0,0.01
1773179947.025580764,0,0,2.47
1773179947.025580764,1,0,0.01
1773179948.046956640,0,0,2.47
1773179948.046956640,1,0,0.01
1773179949.069234308,0,0,2.47
1773179949.069234308,1,0,0.01
1773179950.092075935,0,0,2.47
1773179950.092075935,1,0,0.01
1773179951.112978264,0,0,2.47
1773179951.112978264,1,0,0.01
1773179952.134258462,0,0,2.47
1773179952.134258462,1,0,0.01
1773179953.155491359,0,0,2.47
1773179953.155491359,1,0,0.01
1773179954.177502164,0,0,2.47
1773179954.177502164,1,0,0.01
1773179955.198850810,0,0,2.47
1773179955.198850810,1,0,0.01
1773179956.219929248,0,0,2.47
1773179956.219929248,1,0,0.01
1773179957.241583552,0,0,2.47
1773179957.241583552,1,0,0.01
1773179958.262590857,0,0,2.47
1773179958.262590857,1,0,0.01
1773179959.283307837,0,0,2.47
1773179959.283307837,1,0,0.01
1773179960.303977107,0,0,2.47
1773179960.303977107,1,0,0.01
1773179961.325238313,0,0,2.47
1773179961.325238313,1,0,0.01
1773179962.346295680,0,0,2.47
1773179962.346295680,1,0,0.01
1773179963.367673598,0,0,2.47
1773179963.367673598,1,0,0.01
1773179964.389149768,0,0,2.47
1773179964.389149768,1,0,0.01
1773179965.411512813,0,0,2.47
1773179965.411512813,1,0,0.01
1773179966.432895822,0,0,2.47
1773179966.432895822,1,0,0.01
1773179967.453933810,0,0,2.47
1773179967.453933810,1,0,0.01
1773179968.475541309,0,0,2.47
1773179968.475541309,1,0,0.01
1773179969.497640660,0,0,2.47
1773179969.497640660,1,0,0.01
1773179970.518425021,0,0,2.47
1773179970.518425021,1,0,0.01
1773179971.540269069,0,0,2.47
1773179971.540269069,1,0,0.01
1773179972.560844214,0,0,2.47
1773179972.560844214,1,0,0.01
1773179973.582211938,0,0,2.47
1773179973.582211938,1,0,0.01
1773179974.603494019,0,0,2.47
1773179974.603494019,1,0,0.01
1773179975.625014648,0,0,2.47
1773179975.625014648,1,0,0.01
1773179976.646512317,0,0,2.47
1773179976.646512317,1,0,0.01
1773179977.667487306,0,0,2.47
1773179977.667487306,1,0,0.01
1773179978.689325948,0,0,2.47
1773179978.689325948,1,0,0.01
1773179979.711096404,0,0,2.47
1773179979.711096404,1,0,0.01
1773179980.732339438,0,0,2.47
1773179980.732339438,1,0,0.01
1773179981.753417982,0,0,2.47
1773179981.753417982,1,0,0.01
1773179982.774468557,0,0,2.47
1773179982.774468557,1,0,0.01
1773179983.795642192,0,0,2.47
1773179983.795642192,1,0,0.01
1773179984.816784181,0,0,2.47
1773179984.816784181,1,0,0.01
1773179985.838877895,0,0,2.47
1773179985.838877895,1,0,0.01
1773179986.860298907,0,0,2.47
1773179986.860298907,1,0,0.01
1773179987.882092781,0,0,2.47
1773179987.882092781,1,0,0.01
1773179988.903406244,0,0,2.47
1773179988.903406244,1,0,0.01
1773179989.924698567,0,0,2.47
1773179989.924698567,1,0,0.01
1773179990.945894689,0,0,2.47
1773179990.945894689,1,0,0.01
1773179991.966800010,0,0,2.47
1773179991.966800010,1,0,0.01
1773179992.988519911,0,0,2.47
1773179992.988519911,1,0,0.01
1773179994.009702734,0,0,2.47
1773179994.009702734,1,0,0.01
1773179995.031818638,0,0,2.47
1773179995.031818638,1,0,0.01
1773179996.053281360,0,0,2.47
1773179996.053281360,1,0,0.01
1773179997.074506152,0,0,2.47
1773179997.074506152,1,0,0.01
1773179998.095366646,0,0,2.47
1773179998.095366646,1,0,0.01
1773179999.117007597,0,0,2.47
1773179999.117007597,1,0,0.01
1773180000.139026345,0,0,2.47
1773180000.139026345,1,0,0.01
1773180001.160425717,0,0,2.47
1773180001.160425717,1,0,0.01
1773180002.181510484,0,0,2.47
1773180002.181510484,1,0,0.01
1773180003.202887502,0,0,2.47
1773180003.202887502,1,0,0.01
1773180004.223760419,0,0,2.47
1773180004.223760419,1,0,0.01
1773180005.245286155,0,0,2.47
1773180005.245286155,1,0,0.01
1773180006.266727479,0,0,2.47
1773180006.266727479,1,0,0.01
1773180007.288829732,0,0,2.47
1773180007.288829732,1,0,0.01
1773180008.310134431,0,0,2.47
1773180008.310134431,1,0,0.01
1773180009.331169663,0,0,2.47
1773180009.331169663,1,0,0.01
1773180010.352223574,0,0,2.47
1773180010.352223574,1,0,0.01
1773180011.373135059,0,0,2.47
1773180011.373135059,1,0,0.01
1773180012.394620865,0,0,2.47
1773180012.394620865,1,0,0.01
1773180013.416628186,0,0,2.47
1773180013.416628186,1,0,0.01
1773180014.437281123,0,0,2.47
1773180014.437281123,1,0,0.01
1773180015.458679569,0,0,2.47
1773180015.458679569,1,0,0.01
1773180016.479686870,0,0,2.47
1773180016.479686870,1,0,0.01
1773180017.500919527,0,0,2.47
1773180017.500919527,1,0,0.01
1773180018.522684712,0,0,2.47
1773180018.522684712,1,0,0.01
1773180019.543976075,0,0,2.47
1773180019.543976075,1,0,0.01
1773180020.565808703,0,0,2.47
1773180020.565808703,1,0,0.01
1773180021.587751803,0,0,2.47
1773180021.587751803,1,0,0.01
1773180022.608802601,0,0,2.47
1773180022.608802601,1,0,0.01
1773180023.630063980,0,0,2.47
1773180023.630063980,1,0,0.01
1773180024.650868932,0,0,2.47
1773180024.650868932,1,0,0.01
1773180025.672413638,0,0,2.47
1773180025.672413638,1,0,0.01
1773180026.693124035,0,0,2.47
1773180026.693124035,1,0,0.01
1773180027.713858659,0,0,2.47
1773180027.713858659,1,0,0.01
1773180028.735105065,0,0,2.47
1773180028.735105065,1,0,0.01
1773180029.756907619,0,0,2.47
1773180029.756907619,1,0,0.01
1773180030.778131742,0,0,2.47
1773180030.778131742,1,0,0.01
1773180031.799533578,0,0,2.47
1773180031.799533578,1,0,0.01
1773180032.821764484,0,0,2.47
1773180032.821764484,1,0,0.01
1773180033.843126031,0,0,2.47
1773180033.843126031,1,0,0.01
1773180034.864007763,0,0,2.47
1773180034.864007763,1,0,0.01
1773180035.885910819,0,0,2.47
1773180035.885910819,1,0,0.01
1773180036.908113664,0,0,2.47
1773180036.908113664,1,0,0.01
1773180037.929119433,0,0,2.47
1773180037.929119433,1,0,0.01
1773180038.951337247,0,0,2.47
1773180038.951337247,1,0,0.01
1773180039.972842349,0,0,2.47
1773180039.972842349,1,0,0.01
1773180040.993565955,0,0,2.47
1773180040.993565955,1,0,0.01
1773180042.015288682,0,0,2.47
1773180042.015288682,1,0,0.01
1773180043.036980019,0,0,2.47
1773180043.036980019,1,0,0.01
1773180044.058263284,0,0,2.47
1773180044.058263284,1,0,0.01
1773180045.078990327,0,0,2.47
1773180045.078990327,1,0,0.01
1773180046.099796266,0,0,2.47
1773180046.099796266,1,0,0.01
1773180047.120852456,0,0,2.47
1773180047.120852456,1,0,0.01
1773180048.142779034,0,0,2.47
1773180048.142779034,1,0,0.01
1773180049.164680789,0,0,2.47
1773180049.164680789,1,0,0.01
1773180050.185736732,0,0,2.47
1773180050.185736732,1,0,0.01
1773180051.207999055,0,0,2.47
1773180051.207999055,1,0,0.01
1773180052.229034068,0,0,2.47
1773180052.229034068,1,0,0.01
1773180053.251189236,0,0,2.47
1773180053.251189236,1,0,0.01
1773180054.272734862,0,0,2.47
1773180054.272734862,1,0,0.01
1773180055.294526190,0,0,2.47
1773180055.294526190,1,0,0.01
1773180056.315663393,0,0,2.47
1773180056.315663393,1,0,0.01
1773180057.336754867,0,0,2.47
1773180057.336754867,1,0,0.01
1773180058.357745860,0,0,2.47
1773180058.357745860,1,0,0.01
1773180059.379966725,0,0,2.47
1773180059.379966725,1,0,0.01
1773180060.401906248,0,0,2.47
1773180060.401906248,1,0,0.01
1773180061.423686607,0,0,2.47
1773180061.423686607,1,0,0.01
1773180062.445784575,0,0,2.47
1773180062.445784575,1,0,0.01
1773180063.467181733,0,0,2.47
1773180063.467181733,1,0,0.01
1773180064.488139125,0,0,2.47
1773180064.488139125,1,0,0.01
1773180065.508978237,0,0,2.47
1773180065.508978237,1,0,0.01
1773180066.529980091,0,0,2.47
1773180066.529980091,1,0,0.01
1773180067.551262326,0,0,2.47
1773180067.551262326,1,0,0.01
1773180068.572449989,0,0,2.47
1773180068.572449989,1,0,0.01
1773180069.594030136,0,0,2.47
1773180069.594030136,1,0,0.01
1773180070.615999146,0,0,2.47
1773180070.615999146,1,0,0.01
1773180071.637983890,0,0,2.47
1773180071.637983890,1,0,0.01
1773180072.660040571,0,0,2.47
1773180072.660040571,1,0,0.01
1773180073.681905320,0,0,2.47
1773180073.681905320,1,0,0.01
1773180074.703222629,0,0,2.47
1773180074.703222629,1,0,0.01
1773180075.724781384,0,0,2.47
1773180075.724781384,1,0,0.01
1773180076.746817458,0,0,2.47
1773180076.746817458,1,0,0.01
1773180077.768057749,0,0,2.47
1773180077.768057749,1,0,0.01
1773180078.789413120,0,0,2.47
1773180078.789413120,1,0,0.01
1773180079.811174493,0,0,2.47
1773180079.811174493,1,0,0.01
1773180080.833030346,0,0,2.47
1773180080.833030346,1,0,0.01
1773180081.854546643,0,0,2.47
1773180081.854546643,1,0,0.01
1773180082.875420285,0,0,2.47
1773180082.875420285,1,0,0.01
1773180083.897147341,0,0,2.47
1773180083.897147341,1,0,0.01
1773180084.918171779,0,0,2.47
1773180084.918171779,1,0,0.01
1773180085.939538405,0,0,2.47
1773180085.939538405,1,0,0.01
1773180086.961122843,0,0,2.47
1773180086.961122843,1,0,0.01
1773180087.982390940,0,0,2.47
1773180087.982390940,1,0,0.01
1773180089.004275143,0,0,2.47
1773180089.004275143,1,0,0.01
1773180090.025620648,0,0,2.47
1773180090.025620648,1,0,0.01
1773180091.046670826,0,0,2.47
1773180091.046670826,1,0,0.01
1773180092.067856375,0,0,2.47
1773180092.067856375,1,0,0.01
1773180093.089466633,0,0,2.47
1773180093.089466633,1,0,0.01
1773180094.110766285,0,0,2.47
1773180094.110766285,1,0,0.01
1773180095.131850688,0,0,2.47
1773180095.131850688,1,0,0.01
1773180096.153135929,0,0,2.47
1773180096.153135929,1,0,0.01
1773180097.174176629,0,0,2.47
1773180097.174176629,1,0,0.01
1773180098.195616092,0,0,2.47
1773180098.195616092,1,0,0.01
1773180099.216835421,0,0,2.47
1773180099.216835421,1,0,0.01
1773180100.237913758,0,0,2.47
1773180100.237913758,1,0,0.01
1773180101.259066784,0,0,2.47
1773180101.259066784,1,0,0.01
1773180102.280164208,0,0,2.47
1773180102.280164208,1,0,0.01
1773180103.301461395,0,0,2.47
1773180103.301461395,1,0,0.01
1773180104.322772985,0,0,2.47
1773180104.322772985,1,0,0.01
1773180105.344025659,0,0,2.47
1773180105.344025659,1,0,0.01
1773180106.365035562,0,0,2.47
1773180106.365035562,1,0,0.01
1773180107.386419523,0,0,2.47
1773180107.386419523,1,0,0.01
1773180108.408203043,0,0,2.47
1773180108.408203043,1,0,0.01
1773180109.430751242,0,0,2.47
1773180109.430751242,1,0,0.01
1773180110.452355149,0,0,2.47
1773180110.452355149,1,0,0.01
1773180111.473181493,0,0,2.47
1773180111.473181493,1,0,0.01
1773180112.494480359,0,0,2.47
1773180112.494480359,1,0,0.01
1773180113.515788084,0,0,2.47
1773180113.515788084,1,0,0.01
1773180114.536957899,0,0,2.47
1773180114.536957899,1,0,0.01
1773180115.558669343,0,0,2.47
1773180115.558669343,1,0,0.01
1773180116.580092157,0,0,2.47
1773180116.580092157,1,0,0.01
1773180117.602164857,0,0,2.47
1773180117.602164857,1,0,0.01
1773180118.624095403,0,0,2.47
1773180118.624095403,1,0,0.01
1773180119.645138594,0,0,2.47
1773180119.645138594,1,0,0.01
1773180120.666613599,0,0,2.47
1773180120.666613599,1,0,0.01
1773180121.687900208,0,0,2.47
1773180121.687900208,1,0,0.01
1773180122.710148272,0,0,2.47
1773180122.710148272,1,0,0.01
1773180123.731877442,0,0,2.47
1773180123.731877442,1,0,0.01
1773180124.754029170,0,0,2.47
1773180124.754029170,1,0,0.01
1773180125.776392383,0,0,2.47
1773180125.776392383,1,0,0.01
1773180126.798245778,0,0,2.47
1773180126.798245778,1,0,0.01
1773180127.820166013,0,0,2.47
1773180127.820166013,1,0,0.01
1773180128.842095037,0,0,2.47
1773180128.842095037,1,0,0.01
1773180129.864175941,0,0,2.47
1773180129.864175941,1,0,0.01
1773180130.885254168,0,0,2.47
1773180130.885254168,1,0,0.01
1773180131.906295747,0,0,2.47
1773180131.906295747,1,0,0.01
1773180132.927885700,0,0,2.47
1773180132.927885700,1,0,0.01
1773180133.949189467,0,0,2.47
1773180133.949189467,1,0,0.01
1773180134.970369772,0,0,2.47
1773180134.970369772,1,0,0.01
1773180135.991189350,0,0,2.47
1773180135.991189350,1,0,0.01
1773180137.013386195,0,0,2.47
1773180137.013386195,1,0,0.01
1773180138.035317075,0,0,2.47
1773180138.035317075,1,0,0.01
1773180139.056297548,0,0,2.47
1773180139.056297548,1,0,0.01
1773180140.077642524,0,0,2.47
1773180140.077642524,1,0,0.01
1773180141.099647413,0,0,2.47
1773180141.099647413,1,0,0.01
1773180142.122184784,0,0,2.47
1773180142.122184784,1,0,0.01
1773180143.144321890,0,0,2.47
1773180143.144321890,1,0,0.01
1773180144.165316461,0,0,2.47
1773180144.165316461,1,0,0.01
1773180145.186614595,0,0,2.47
1773180145.186614595,1,0,0.01
1773180146.207523437,0,0,2.47
1773180146.207523437,1,0,0.01
1773180147.229116260,0,0,2.47
1773180147.229116260,1,0,0.01
1773180148.249996481,0,0,2.47
1773180148.249996481,1,0,0.01
1773180149.271983124,0,0,2.47
1773180149.271983124,1,0,0.01
1773180150.294132720,0,0,2.47
1773180150.294132720,1,0,0.01
1773180151.315546205,0,0,2.47
1773180151.315546205,1,0,0.01
1773180152.336768310,0,0,2.47
1773180152.336768310,1,0,0.01
1773180153.358673941,0,0,2.47
1773180153.358673941,1,0,0.01
1773180154.380069108,0,0,2.47
1773180154.380069108,1,0,0.01
1773180155.401039429,0,0,2.47
1773180155.401039429,1,0,0.01
1773180156.422485446,0,0,2.47
1773180156.422485446,1,0,0.01
1773180157.443514798,0,0,2.47
1773180157.443514798,1,0,0.01
1773180158.464886003,0,0,2.47
1773180158.464886003,1,0,0.01
1773180159.486763175,0,0,2.47
1773180159.486763175,1,0,0.01
1773180160.507740979,0,0,2.47
1773180160.507740979,1,0,0.01
1773180161.528977067,0,0,2.47
1773180161.528977067,1,0,0.01
1773180162.550042941,0,0,2.47
1773180162.550042941,1,0,0.01
1773180163.571306344,0,0,2.47
1773180163.571306344,1,0,0.01
1773180164.592356998,0,0,2.47
1773180164.592356998,1,0,0.01
1773180165.613503416,0,0,2.47
1773180165.613503416,1,0,0.01
1773180166.635277141,0,0,2.47
1773180166.635277141,1,0,0.01
1773180167.656734675,0,0,2.47
1773180167.656734675,1,0,0.01
1773180168.677881763,0,0,2.47
1773180168.677881763,1,0,0.01
1773180169.699901240,0,0,2.47
1773180169.699901240,1,0,0.01
1773180170.721061192,0,0,2.47
1773180170.721061192,1,0,0.01
1773180171.742421956,0,0,2.47
1773180171.742421956,1,0,0.01
1773180172.763419705,0,0,2.47
1773180172.763419705,1,0,0.01
1773180173.785496755,0,0,2.47
1773180173.785496755,1,0,0.01
1773180174.807357836,0,0,2.47
1773180174.807357836,1,0,0.01
1773180175.828530405,0,0,2.47
1773180175.828530405,1,0,0.01
1773180176.850735647,0,0,2.47
1773180176.850735647,1,0,0.01
1773180177.871829584,0,0,2.47
1773180177.871829584,1,0,0.01
1773180178.893123024,0,0,2.47
1773180178.893123024,1,0,0.01
1773180179.914442423,0,0,2.47
1773180179.914442423,1,0,0.01
1773180180.935842085,0,0,2.47
1773180180.935842085,1,0,0.01
1773180181.956588704,0,0,2.47
1773180181.956588704,1,0,0.01
1773180182.978396003,0,0,2.47
1773180182.978396003,1,0,0.01
1773180183.999881790,0,0,2.47
1773180183.999881790,1,0,0.01
1773180185.021254540,0,0,2.47
1773180185.021254540,1,0,0.01
1773180186.042804498,0,0,2.47
1773180186.042804498,1,0,0.01
1773180187.064730302,0,0,2.47
1773180187.064730302,1,0,0.01
1773180188.085726038,0,0,2.47
1773180188.085726038,1,0,0.01
1773180189.107542868,0,0,2.47
1773180189.107542868,1,0,0.01
1773180190.128631789,0,0,2.47
1773180190.128631789,1,0,0.01
1773180191.150582742,0,0,2.47
1773180191.150582742,1,0,0.01
1773180192.171825903,0,0,2.47
1773180192.171825903,1,0,0.01
1773180193.193535992,0,0,2.47
1773180193.193535992,1,0,0.01
1773180194.215757648,0,0,2.47
1773180194.215757648,1,0,0.01
1773180195.236940477,0,0,2.47
1773180195.236940477,1,0,0.01
1773180196.258542062,0,0,2.47
1773180196.258542062,1,0,0.01
1773180197.279584293,0,0,2.47
1773180197.279584293,1,0,0.01
1773180198.300467682,0,0,2.47
1773180198.300467682,1,0,0.01
1773180199.321425697,0,0,2.47
1773180199.321425697,1,0,0.01
1773180200.342314157,0,0,2.47
1773180200.342314157,1,0,0.01
1773180201.363324453,0,0,2.47
1773180201.363324453,1,0,0.01
1773180202.385121529,0,0,2.47
1773180202.385121529,1,0,0.01
1773180203.406000000,0,0,2.47
1773180203.406000000,1,0,0.01
1773180204.427645366,0,0,2.47
1773180204.427645366,1,0,0.01
1773180205.448874141,0,0,2.47
1773180205.448874141,1,0,0.01
1773180206.470678369,0,0,2.47
1773180206.470678369,1,0,0.01
1773180207.491908381,0,0,2.47
1773180207.491908381,1,0,0.01
1773180208.513138876,0,0,2.47
1773180208.513138876,1,0,0.01
1773180209.535334529,0,0,2.47
1773180209.535334529,1,0,0.01
1773180210.556553223,0,0,2.47
1773180210.556553223,1,0,0.01
1773180211.577876111,0,0,2.47
1773180211.577876111,1,0,0.01
1773180212.599196887,0,0,2.47
1773180212.599196887,1,0,0.01
1773180213.621286803,0,0,2.47
1773180213.621286803,1,0,0.01
1773180214.643715493,0,0,2.47
1773180214.643715493,1,0,0.01
1773180215.665408554,0,0,2.47
1773180215.665408554,1,0,0.01
1773180216.686792388,0,0,2.47
1773180216.686792388,1,0,0.01
1773180217.708860700,0,0,2.47
1773180217.708860700,1,0,0.01
1773180218.730575903,0,0,2.47
1773180218.730575903,1,0,0.01
1773180219.751617877,0,71,2.47
1773180219.751617877,1,0,0.01
1773180220.773153127,0,70,2.47
1773180220.773153127,1,0,0.01
1773180221.795002291,0,0,2.47
1773180221.795002291,1,0,0.01
1773180222.817236418,0,0,2.47
1773180222.817236418,1,0,0.01
1773180223.838534080,0,0,2.47
1773180223.838534080,1,0,0.01
1773180224.860653422,0,0,2.47
1773180224.860653422,1,0,0.01
1773180225.881752129,0,0,2.47
1773180225.881752129,1,0,0.01
1773180226.902522637,0,0,2.47
1773180226.902522637,1,0,0.01
1773180227.923427622,0,0,2.47
1773180227.923427622,1,0,0.01
1773180228.945464976,0,0,2.47
1773180228.945464976,1,0,0.01
1773180229.967010347,0,0,2.47
1773180229.967010347,1,0,0.01
1773180230.989288854,0,0,2.47
1773180230.989288854,1,0,0.01
1773180232.010109566,0,0,2.47
1773180232.010109566,1,0,0.01
1773180233.031879463,0,0,2.47
1773180233.031879463,1,0,0.01
1773180234.053456099,0,0,2.47
1773180234.053456099,1,0,0.01
1773180235.075342452,0,0,2.47
1773180235.075342452,1,0,0.01
1773180236.096598973,0,0,2.47
1773180236.096598973,1,0,0.01
1773180237.118253587,0,0,2.47
1773180237.118253587,1,0,0.01
1773180238.139542411,0,0,2.47
1773180238.139542411,1,0,0.01
1773180239.160910883,0,0,2.47
1773180239.160910883,1,0,0.01
1773180240.182106000,0,0,2.47
1773180240.182106000,1,0,0.01
1773180241.203891362,0,0,2.47
1773180241.203891362,1,0,0.01
1773180242.225118620,0,0,2.47
1773180242.225118620,1,0,0.01
1773180243.246100714,0,0,2.47
1773180243.246100714,1,0,0.01
1773180244.267383666,0,0,2.47
1773180244.267383666,1,0,0.01
1773180245.289935605,0,0,2.47
1773180245.289935605,1,0,0.01
1773180246.311626237,0,0,2.47
1773180246.311626237,1,0,0.01
1773180247.333085377,0,0,2.47
1773180247.333085377,1,0,0.01
1773180248.356928903,0,0,2.47
1773180248.356928903,1,0,0.01
1773180249.378453887,0,0,2.47
1773180249.378453887,1,0,0.01
1773180250.399614292,0,0,2.47
1773180250.399614292,1,0,0.01
1773180251.420196900,0,0,2.47
1773180251.420196900,1,0,0.01
1773180252.441522717,0,0,2.47
1773180252.441522717,1,0,0.01
1773180253.463032148,0,0,2.47
1773180253.463032148,1,0,0.01
1773180254.484239171,0,0,2.47
1773180254.484239171,1,0,0.01
1773180255.505245360,0,0,2.47
1773180255.505245360,1,0,0.01
1773180256.527948418,0,0,2.47
1773180256.527948418,1,0,0.01
1773180257.549938560,0,0,2.47
1773180257.549938560,1,0,0.01
1773180258.571882833,0,0,2.47
1773180258.571882833,1,0,0.01
1773180259.593130430,0,0,2.47
1773180259.593130430,1,0,0.01
1773180260.615171079,0,0,2.47
1773180260.615171079,1,0,0.01
1773180261.636253734,0,0,2.47
1773180261.636253734,1,0,0.01
1773180262.657104285,0,0,2.47
1773180262.657104285,1,0,0.01
1773180263.678473874,0,0,2.47
1773180263.678473874,1,0,0.01
1773180264.699237586,0,0,2.47
1773180264.699237586,1,0,0.01
1773180265.719835974,0,0,2.47
1773180265.719835974,1,0,0.01
1773180266.741020271,0,0,2.47
1773180266.741020271,1,0,0.01
1773180267.762095694,0,0,2.47
1773180267.762095694,1,0,0.01
1773180268.782595275,0,0,2.47
1773180268.782595275,1,0,0.01
1773180269.803509546,0,0,2.47
1773180269.803509546,1,0,0.01
1773180270.824235195,0,0,2.47
1773180270.824235195,1,0,0.01
1773180271.845275276,0,0,2.47
1773180271.845275276,1,0,0.01
1773180272.866917816,0,0,2.47
1773180272.866917816,1,0,0.01
1773180273.888899711,0,0,2.47
1773180273.888899711,1,0,0.01
1773180274.910794756,0,0,2.47
1773180274.910794756,1,0,0.01
1773180275.932445809,0,0,2.47
1773180275.932445809,1,0,0.01
1773180276.953637224,0,0,2.47
1773180276.953637224,1,0,0.01
1773180277.974320488,0,0,2.47
1773180277.974320488,1,0,0.01
1773180278.995634717,0,0,2.47
1773180278.995634717,1,0,0.01
1773180280.017099801,0,0,2.47
1773180280.017099801,1,0,0.01
1773180281.038182660,0,0,2.47
1773180281.038182660,1,0,0.01
1773180282.059517582,0,0,2.47
1773180282.059517582,1,0,0.01
1773180283.081074582,0,0,2.47
1773180283.081074582,1,0,0.01
1773180284.102938204,0,0,2.47
1773180284.102938204,1,0,0.01
1773180285.124343435,0,0,2.47
1773180285.124343435,1,0,0.01
1773180286.145324184,0,0,2.47
1773180286.145324184,1,0,0.01
1773180287.166021837,0,0,2.47
1773180287.166021837,1,0,0.01
1773180288.186936204,0,0,2.47
1773180288.186936204,1,0,0.01
1773180289.208002016,0,0,2.47
1773180289.208002016,1,0,0.01
1773180290.229737707,0,0,2.47
1773180290.229737707,1,0,0.01
1773180291.250936183,0,0,2.47
1773180291.250936183,1,0,0.01
1773180292.272984133,0,0,2.47
1773180292.272984133,1,0,0.01
1773180293.294210964,0,0,2.47
1773180293.294210964,1,0,0.01
1773180294.315397189,0,0,2.47
1773180294.315397189,1,0,0.01
1773180295.336993908,0,0,2.47
1773180295.336993908,1,0,0.01
1773180296.358440467,0,0,2.47
1773180296.358440467,1,0,0.01
1773180297.379816520,0,0,2.47
1773180297.379816520,1,0,0.01
1773180298.401662882,0,0,2.47
1773180298.401662882,1,0,0.01
1773180299.422805226,0,0,2.47
1773180299.422805226,1,0,0.01
1773180300.443826759,0,0,2.47
1773180300.443826759,1,0,0.01
1773180301.465813077,0,0,2.47
1773180301.465813077,1,0,0.01
1773180302.487067506,0,0,2.47
1773180302.487067506,1,0,0.01
1773180303.508630706,0,0,2.47
1773180303.508630706,1,0,0.01
1773180304.529707735,0,0,2.47
1773180304.529707735,1,0,0.01
1773180305.550957385,0,0,2.47
1773180305.550957385,1,0,0.01
1773180306.572484613,0,0,2.47
1773180306.572484613,1,0,0.01
1773180307.593614550,0,0,2.47
1773180307.593614550,1,0,0.01
1773180308.614280425,0,0,2.47
1773180308.614280425,1,0,0.01
1773180309.636149336,0,0,2.47
1773180309.636149336,1,0,0.01
1773180310.657014181,0,0,2.47
1773180310.657014181,1,0,0.01
1773180311.678088498,0,0,2.47
1773180311.678088498,1,0,0.01
1773180312.700226684,0,0,2.47
1773180312.700226684,1,0,0.01
1773180313.721151091,0,0,2.47
1773180313.721151091,1,0,0.01
1773180314.742512279,0,0,2.47
1773180314.742512279,1,0,0.01
1773180315.763281465,0,0,2.47
1773180315.763281465,1,0,0.01
1773180316.785164001,0,0,2.47
1773180316.785164001,1,0,0.01
1773180317.807258369,0,0,2.47
1773180317.807258369,1,0,0.01
1773180318.828573668,0,0,2.47
1773180318.828573668,1,0,0.01
1773180319.850208456,0,0,2.47
1773180319.850208456,1,0,0.01
1773180320.871587643,0,0,2.47
1773180320.871587643,1,0,0.01
1773180321.893295382,0,0,2.47
1773180321.893295382,1,0,0.01
1773180322.915079245,0,0,2.47
1773180322.915079245,1,0,0.01
1773180323.937108261,0,0,2.47
1773180323.937108261,1,0,0.01
1773180324.959306385,0,0,2.47
1773180324.959306385,1,0,0.01
1773180325.981096380,0,0,2.47
1773180325.981096380,1,0,0.01
1773180327.002106667,0,0,2.47
1773180327.002106667,1,0,0.01
1773180328.024139471,0,0,2.47
1773180328.024139471,1,0,0.01
1773180329.044974577,0,0,2.47
1773180329.044974577,1,0,0.01
1773180330.066209654,0,0,2.47
1773180330.066209654,1,0,0.01
1773180331.087250942,0,0,2.47
1773180331.087250942,1,0,0.01
1773180332.108158098,0,0,2.47
1773180332.108158098,1,0,0.01
1773180333.129235123,0,0,2.47
1773180333.129235123,1,0,0.01
1773180334.150632639,0,0,2.47
1773180334.150632639,1,0,0.01
1773180335.172394353,0,0,2.47
1773180335.172394353,1,0,0.01
1773180336.193936242,0,0,2.47
1773180336.193936242,1,0,0.01
1773180337.215275148,0,0,2.47
1773180337.215275148,1,0,0.01
1773180338.237157787,0,0,2.47
1773180338.237157787,1,0,0.01
1773180339.258583473,0,0,2.47
1773180339.258583473,1,0,0.01
1773180340.280535716,0,0,2.47
1773180340.280535716,1,0,0.01
1773180341.301534586,0,0,2.47
1773180341.301534586,1,0,0.01
1773180342.323070127,0,0,2.47
1773180342.323070127,1,0,0.01
1773180343.344748881,0,0,2.47
1773180343.344748881,1,0,0.01
1773180344.366922605,0,0,2.47
1773180344.366922605,1,0,0.01
1773180345.388691941,0,0,2.47
1773180345.388691941,1,0,0.01
1773180346.409845397,0,0,2.47
1773180346.409845397,1,0,0.01
1773180347.431414123,0,0,2.47
1773180347.431414123,1,0,0.01
1773180348.452667203,0,0,2.47
1773180348.452667203,1,0,0.01
1773180349.474022030,0,0,2.47
1773180349.474022030,1,0,0.01
1773180350.496104509,0,0,2.47
1773180350.496104509,1,0,0.01
1773180351.517288971,0,0,2.47
1773180351.517288971,1,0,0.01
1773180352.538682960,0,0,2.47
1773180352.538682960,1,0,0.01
1773180353.560449256,0,0,2.47
1773180353.560449256,1,0,0.01
1773180354.581970734,0,0,2.47
1773180354.581970734,1,0,0.01
1773180355.604199907,0,0,2.47
1773180355.604199907,1,0,0.01
1773180356.625105650,0,0,2.47
1773180356.625105650,1,0,0.01
1773180357.646471144,0,0,2.47
1773180357.646471144,1,0,0.01
1773180358.668485748,0,0,2.47
1773180358.668485748,1,0,0.01
1773180359.689406019,0,0,2.47
1773180359.689406019,1,0,0.01
1773180360.710808010,0,0,2.47
1773180360.710808010,1,0,0.01
1773180361.732077483,0,0,2.47
1773180361.732077483,1,0,0.01
1773180362.753428796,0,0,2.47
1773180362.753428796,1,0,0.01
1773180363.774192288,0,0,2.47
1773180363.774192288,1,0,0.01
1773180364.795271299,0,0,2.47
1773180364.795271299,1,0,0.01
1773180365.816665700,0,0,2.47
1773180365.816665700,1,0,0.01
1773180366.838163576,0,0,2.47
1773180366.838163576,1,0,0.01
1773180367.859287226,0,0,2.47
1773180367.859287226,1,0,0.01
1773180368.880479192,0,0,2.47
1773180368.880479192,1,0,0.01
1773180369.902289596,0,0,2.47
1773180369.902289596,1,0,0.01
1773180370.923558115,0,0,2.47
1773180370.923558115,1,0,0.01
1773180371.944747216,0,0,2.47
1773180371.944747216,1,0,0.01
1773180372.966508709,0,0,2.47
1773180372.966508709,1,0,0.01
1773180373.988083454,0,0,2.47
1773180373.988083454,1,0,0.01
1773180375.009735617,0,0,2.47
1773180375.009735617,1,0,0.01
1773180376.030818403,0,0,2.47
1773180376.030818403,1,0,0.01
1773180377.052969355,0,0,2.47
1773180377.052969355,1,0,0.01
1773180378.074257958,0,0,2.47
1773180378.074257958,1,0,0.01
1773180379.095755530,0,0,2.47
1773180379.095755530,1,0,0.01
1773180380.117009676,0,0,2.47
1773180380.117009676,1,0,0.01
1773180381.138208972,0,71,2.47
1773180381.138208972,1,0,0.01
1773180382.159032238,0,71,2.47
1773180382.159032238,1,0,0.01
1773180383.180917090,0,0,2.47
1773180383.180917090,1,0,0.01
1773180384.202394017,0,0,2.47
1773180384.202394017,1,0,0.01
1773180385.223455263,0,0,2.47
1773180385.223455263,1,0,0.01
1773180386.244932215,0,0,2.47
1773180386.244932215,1,0,0.01
1773180387.266981789,0,0,2.47
1773180387.266981789,1,0,0.01
1773180388.287869170,0,0,2.47
1773180388.287869170,1,0,0.01
1773180389.309112827,0,0,2.47
1773180389.309112827,1,0,0.01
1773180390.331386789,0,0,2.47
1773180390.331386789,1,0,0.01
1773180391.353464012,0,0,2.47
1773180391.353464012,1,0,0.01
1773180392.374667555,0,0,2.47
1773180392.374667555,1,0,0.01
1773180393.396523922,0,0,2.47
1773180393.396523922,1,0,0.01
1773180394.417973574,0,0,2.47
1773180394.417973574,1,0,0.01
1773180395.439359260,0,0,2.47
1773180395.439359260,1,0,0.01
1773180396.460225905,0,0,2.47
1773180396.460225905,1,0,0.01
1773180397.481277629,0,0,2.47
1773180397.481277629,1,0,0.01
1773180398.503015746,0,0,2.47
1773180398.503015746,1,0,0.01
1773180399.524524370,0,0,2.47
1773180399.524524370,1,0,0.01
1773180400.545228291,0,0,2.47
1773180400.545228291,1,0,0.01
1773180401.566912779,0,0,2.47
1773180401.566912779,1,0,0.01
1773180402.588206511,0,0,2.47
1773180402.588206511,1,0,0.01
1773180403.609336534,0,0,2.47
1773180403.609336534,1,0,0.01
1773180404.630841101,0,0,2.47
1773180404.630841101,1,0,0.01
1773180405.652011050,0,0,2.47
1773180405.652011050,1,0,0.01
1773180406.673441888,0,0,2.47
1773180406.673441888,1,0,0.01
1773180407.696277109,0,0,2.47
1773180407.696277109,1,0,0.01
1773180408.718009048,0,0,2.47
1773180408.718009048,1,0,0.01
1773180409.739902915,0,0,2.47
1773180409.739902915,1,0,0.01
1773180410.760993623,0,0,2.47
1773180410.760993623,1,0,0.01
1773180411.782051522,0,0,2.47
1773180411.782051522,1,0,0.01
1773180412.803251578,0,0,2.47
1773180412.803251578,1,0,0.01
1773180413.824253199,0,0,2.47
1773180413.824253199,1,0,0.01
1773180414.845288965,0,0,2.47
1773180414.845288965,1,0,0.01
1773180415.866440295,0,0,2.47
1773180415.866440295,1,0,0.01
1773180416.887585945,0,0,2.47
1773180416.887585945,1,0,0.01
1773180417.908503709,0,0,2.47
1773180417.908503709,1,0,0.01
1773180418.930126900,0,0,2.47
1773180418.930126900,1,0,0.01
1773180419.951568806,0,0,2.47
1773180419.951568806,1,0,0.01
1773180420.973103719,0,0,2.47
1773180420.973103719,1,0,0.01
1773180421.994150684,0,0,2.47
1773180421.994150684,1,0,0.01
1773180423.016079274,0,0,2.47
1773180423.016079274,1,0,0.01
1773180424.037195055,0,0,2.47
1773180424.037195055,1,0,0.01
1773180425.058486663,0,0,2.47
1773180425.058486663,1,0,0.01
1773180426.079728921,0,0,2.47
1773180426.079728921,1,0,0.01
1773180427.101905218,0,0,2.47
1773180427.101905218,1,0,0.01
1773180428.123203804,0,0,2.47
1773180428.123203804,1,0,0.01
1773180429.144117699,0,0,2.47
1773180429.144117699,1,0,0.01
1773180430.165525621,0,0,2.47
1773180430.165525621,1,0,0.01
1773180431.187072625,0,0,2.47
1773180431.187072625,1,0,0.01
1773180432.208263515,0,0,2.47
1773180432.208263515,1,0,0.01
1773180433.229763355,0,0,2.47
1773180433.229763355,1,0,0.01
1773180434.250950198,0,0,2.47
1773180434.250950198,1,0,0.01
1773180435.272321873,0,0,2.47
1773180435.272321873,1,0,0.01
1773180436.292964044,0,0,2.47
1773180436.292964044,1,0,0.01
1773180437.314700246,0,0,2.47
1773180437.314700246,1,0,0.01
1773180438.335762977,0,0,2.47
1773180438.335762977,1,0,0.01
1773180439.357839672,0,0,2.47
1773180439.357839672,1,0,0.01
1773180440.378755790,0,0,2.47
1773180440.378755790,1,0,0.01
1773180441.399604780,0,0,2.47
1773180441.399604780,1,0,0.01
1773180442.421051399,0,0,2.47
1773180442.421051399,1,0,0.01
1773180443.442940006,0,0,2.47
1773180443.442940006,1,0,0.01
1773180444.465156896,0,0,2.47
1773180444.465156896,1,0,0.01
1773180445.486923026,0,0,2.47
1773180445.486923026,1,0,0.01
1773180446.508209099,0,0,2.47
1773180446.508209099,1,0,0.01
1773180447.529715376,0,0,2.47
1773180447.529715376,1,0,0.01
1773180448.551506918,0,0,2.47
1773180448.551506918,1,0,0.01
1773180449.572457490,0,0,2.47
1773180449.572457490,1,0,0.01
1773180450.593410001,0,0,2.47
1773180450.593410001,1,0,0.01
1773180451.614268230,0,0,2.47
1773180451.614268230,1,0,0.01
1773180452.636166231,0,0,2.47
1773180452.636166231,1,0,0.01
1773180453.658184131,0,0,2.47
1773180453.658184131,1,0,0.01
1773180454.679828368,0,0,2.47
1773180454.679828368,1,0,0.01
1773180455.701100440,0,0,2.47
1773180455.701100440,1,0,0.01
1773180456.722954804,0,0,2.47
1773180456.722954804,1,0,0.01
1773180457.744194072,0,0,2.47
1773180457.744194072,1,0,0.01
1773180458.765037991,0,0,2.47
1773180458.765037991,1,0,0.01
1773180459.786084035,0,0,2.47
1773180459.786084035,1,0,0.01
1773180460.807764178,0,0,2.47
1773180460.807764178,1,0,0.01
1773180461.828491435,0,0,2.47
1773180461.828491435,1,0,0.01
1773180462.849344934,0,0,2.47
1773180462.849344934,1,0,0.01
1773180463.870284705,0,0,2.47
1773180463.870284705,1,0,0.01
1773180464.891169971,0,0,2.47
1773180464.891169971,1,0,0.01
1773180465.912051805,0,0,2.47
1773180465.912051805,1,0,0.01
1773180466.933166535,0,0,2.47
1773180466.933166535,1,0,0.01
1773180467.953983210,0,0,2.47
1773180467.953983210,1,0,0.01
1773180468.975189640,0,0,2.47
1773180468.975189640,1,0,0.01
1773180469.996931955,0,0,2.47
1773180469.996931955,1,0,0.01
1773180471.018793906,0,0,2.47
1773180471.018793906,1,0,0.01
1773180472.040492821,0,0,2.47
1773180472.040492821,1,0,0.01
1773180473.061389515,0,0,2.47
1773180473.061389515,1,0,0.01
1773180474.082013631,0,0,2.47
1773180474.082013631,1,0,0.01
1773180475.103690675,0,0,2.47
1773180475.103690675,1,0,0.01
1773180476.125318888,0,0,2.47
1773180476.125318888,1,0,0.01
1773180477.146846171,0,0,2.47
1773180477.146846171,1,0,0.01
1773180478.167672181,0,0,2.47
1773180478.167672181,1,0,0.01
1773180479.189403476,0,0,2.47
1773180479.189403476,1,0,0.01
1773180480.211343462,0,0,2.47
1773180480.211343462,1,0,0.01
1773180481.232866692,0,0,2.47
1773180481.232866692,1,0,0.01
1773180482.253695606,0,0,2.47
1773180482.253695606,1,0,0.01
1773180483.274328068,0,0,2.47
1773180483.274328068,1,0,0.01
1773180484.296355268,0,0,2.47
1773180484.296355268,1,0,0.01
1773180485.318154798,0,0,2.47
1773180485.318154798,1,0,0.01
1773180486.339879749,0,0,2.47
1773180486.339879749,1,0,0.01
1773180487.362023810,0,0,2.47
1773180487.362023810,1,0,0.01
1773180488.383288589,0,0,2.47
1773180488.383288589,1,0,0.01
1773180489.405662387,0,0,2.47
1773180489.405662387,1,0,0.01
1773180490.427124400,0,0,2.47
1773180490.427124400,1,0,0.01
1773180491.448104120,0,0,2.47
1773180491.448104120,1,0,0.01
1773180492.469713555,0,0,2.47
1773180492.469713555,1,0,0.01
1773180493.491054193,0,0,2.47
1773180493.491054193,1,0,0.01
1773180494.512140203,0,0,2.47
1773180494.512140203,1,0,0.01
1773180495.534215262,0,0,2.47
1773180495.534215262,1,0,0.01
1773180496.555283267,0,0,2.47
1773180496.555283267,1,0,0.01
1773180497.577604656,0,0,2.47
1773180497.577604656,1,0,0.01
1773180498.598920312,0,0,2.47
1773180498.598920312,1,0,0.01
1773180499.619980091,0,0,2.47
1773180499.619980091,1,0,0.01
1773180500.642467849,0,0,2.47
1773180500.642467849,1,0,0.01
1773180501.664030097,0,0,2.47
1773180501.664030097,1,0,0.01
1773180502.685506419,0,0,2.47
1773180502.685506419,1,0,0.01
1773180503.707138560,0,0,2.47
1773180503.707138560,1,0,0.01
1773180504.728686156,0,0,2.47
1773180504.728686156,1,0,0.01
1773180505.751019979,0,0,2.47
1773180505.751019979,1,0,0.01
1773180506.773011366,0,0,2.47
1773180506.773011366,1,0,0.01
1773180507.794089370,0,0,2.47
1773180507.794089370,1,0,0.01
1773180508.815866136,0,0,2.47
1773180508.815866136,1,0,0.01
1773180509.837219682,0,0,2.47
1773180509.837219682,1,0,0.01
1773180510.858196454,0,0,2.47
1773180510.858196454,1,0,0.01
1773180511.879842509,0,0,2.47
1773180511.879842509,1,0,0.01
1773180512.902458789,0,0,2.47
1773180512.902458789,1,0,0.01
1773180513.924282056,0,0,2.47
1773180513.924282056,1,0,0.01
1773180514.945508069,0,0,2.47
1773180514.945508069,1,0,0.01
1773180515.968168980,0,0,2.47
1773180515.968168980,1,0,0.01
1773180516.989928392,0,0,2.47
1773180516.989928392,1,0,0.01
1773180518.011406428,0,0,2.47
1773180518.011406428,1,0,0.01
1773180519.032840603,0,0,2.47
1773180519.032840603,1,0,0.01
1773180520.054961476,0,0,2.47
1773180520.054961476,1,0,0.01
1773180521.077128681,0,0,2.47
1773180521.077128681,1,0,0.01
1773180522.098138469,0,0,2.47
1773180522.098138469,1,0,0.01
1773180523.119691271,0,0,2.47
1773180523.119691271,1,0,0.01
1773180524.141364469,0,0,2.47
1773180524.141364469,1,0,0.01
1773180525.162908686,0,0,2.47
1773180525.162908686,1,0,0.01
1773180526.184067258,0,0,2.47
1773180526.184067258,1,0,0.01
1773180527.205955521,0,0,2.47
1773180527.205955521,1,0,0.01
1773180528.227336597,0,0,2.47
1773180528.227336597,1,0,0.01
1773180529.249448059,0,0,2.47
1773180529.249448059,1,0,0.01
1773180530.271629225,0,0,2.47
1773180530.271629225,1,0,0.01
1773180531.292657586,0,0,2.47
1773180531.292657586,1,0,0.01
1773180532.313636379,0,0,2.47
1773180532.313636379,1,0,0.01
1773180533.334843102,0,0,2.47
1773180533.334843102,1,0,0.01
1773180534.355813482,0,0,2.47
1773180534.355813482,1,0,0.01
1773180535.377037250,0,0,2.47
1773180535.377037250,1,0,0.01
1773180536.399200691,0,0,2.47
1773180536.399200691,1,0,0.01
1773180537.420501627,0,0,2.47
1773180537.420501627,1,0,0.01
1773180538.441561223,0,0,2.47
1773180538.441561223,1,0,0.01
1773180539.462849455,0,0,2.47
1773180539.462849455,1,0,0.01
1773180540.484891046,0,0,2.47
1773180540.484891046,1,0,0.01
1773180541.506810621,0,0,2.47
1773180541.506810621,1,0,0.01
1773180542.527947733,0,0,2.47
1773180542.527947733,1,0,0.01
1773180543.549124591,0,0,2.47
1773180543.549124591,1,0,0.01
1773180544.570166441,0,68,2.47
1773180544.570166441,1,0,0.01
1773180545.592142039,0,65,2.47
1773180545.592142039,1,0,0.01
1773180546.613939034,0,0,2.47
1773180546.613939034,1,0,0.01
1773180547.635660934,0,0,2.47
1773180547.635660934,1,0,0.01
1773180548.656384790,0,0,2.47
1773180548.656384790,1,0,0.01
1773180549.677850782,0,0,2.47
1773180549.677850782,1,0,0.01
1773180550.699671002,0,0,2.47
1773180550.699671002,1,0,0.01
1773180551.720948293,0,0,2.47
1773180551.720948293,1,0,0.01
1773180552.742238654,0,0,2.47
1773180552.742238654,1,0,0.01
1773180553.763387285,0,0,2.47
1773180553.763387285,1,0,0.01
1773180554.784672546,0,0,2.47
1773180554.784672546,1,0,0.01
1773180555.806226897,0,0,2.47
1773180555.806226897,1,0,0.01
1773180556.827431798,0,0,2.47
1773180556.827431798,1,0,0.01
1773180557.849247883,0,0,2.47
1773180557.849247883,1,0,0.01
1773180558.870560706,0,0,2.47
1773180558.870560706,1,0,0.01
1773180559.891714060,0,0,2.47
1773180559.891714060,1,0,0.01
1773180560.913196700,0,0,2.47
1773180560.913196700,1,0,0.01
1773180561.934755429,0,0,2.47
1773180561.934755429,1,0,0.01
1773180562.956169981,0,0,2.47
1773180562.956169981,1,0,0.01
1773180563.977462033,0,0,2.47
1773180563.977462033,1,0,0.01
1773180564.998897654,0,0,2.47
1773180564.998897654,1,0,0.01
1773180566.020639977,0,0,2.47
1773180566.020639977,1,0,0.01
1773180567.042280237,0,0,2.47
1773180567.042280237,1,0,0.01
1773180568.063677458,0,63,2.47
1773180568.063677458,1,0,0.01
1773180569.085320156,0,63,2.47
1773180569.085320156,1,0,0.01
1773180570.107762488,0,0,2.47
1773180570.107762488,1,0,0.01
1773180571.130408790,0,0,2.47
1773180571.130408790,1,0,0.01
1773180572.151808100,0,0,2.47
1773180572.151808100,1,0,0.01
1773180573.173186409,0,0,2.47
1773180573.173186409,1,0,0.01
1773180574.195263932,0,0,2.47
1773180574.195263932,1,0,0.01
1773180575.216662092,0,0,2.47
1773180575.216662092,1,0,0.01
1773180576.237940237,0,0,2.47
1773180576.237940237,1,0,0.01
1773180577.259136590,0,0,2.47
1773180577.259136590,1,0,0.01
1773180578.281091587,0,0,2.47
1773180578.281091587,1,0,0.01
1773180579.302342029,0,0,2.47
1773180579.302342029,1,0,0.01
1773180580.323909365,0,0,2.47
1773180580.323909365,1,0,0.01
1773180581.344904957,0,0,2.47
1773180581.344904957,1,0,0.01
1773180582.367366388,0,0,2.47
1773180582.367366388,1,0,0.01
1773180583.389304469,0,0,2.47
1773180583.389304469,1,0,0.01
1773180584.410622226,0,0,2.47
1773180584.410622226,1,0,0.01
1773180585.431788371,0,0,2.47
1773180585.431788371,1,0,0.01
1773180586.452793116,0,0,2.47
1773180586.452793116,1,0,0.01
1773180587.474210520,0,0,2.47
1773180587.474210520,1,0,0.01
1773180588.495525867,0,0,2.47
1773180588.495525867,1,0,0.01
1773180589.516521255,0,0,2.47
1773180589.516521255,1,0,0.01
1773180590.537942371,0,0,2.47
1773180590.537942371,1,0,0.01
1773180591.560407026,0,0,2.47
1773180591.560407026,1,0,0.01
1773180592.582479995,0,0,2.47
1773180592.582479995,1,0,0.01
1773180593.604476789,0,0,2.47
1773180593.604476789,1,0,0.01
1773180594.625533316,0,0,2.47
1773180594.625533316,1,0,0.01
1773180595.646956030,0,0,2.47
1773180595.646956030,1,0,0.01
1773180596.669114131,0,0,2.47
1773180596.669114131,1,0,0.01
1773180597.690233899,0,0,2.47
1773180597.690233899,1,0,0.01
1773180598.711475585,0,0,2.47
1773180598.711475585,1,0,0.01
1773180599.732945312,0,0,2.47
1773180599.732945312,1,0,0.01
1773180600.754231114,0,0,2.47
1773180600.754231114,1,0,0.01
1773180601.775336796,0,0,2.47
1773180601.775336796,1,0,0.01
1773180602.796890570,0,0,2.47
1773180602.796890570,1,0,0.01
1773180603.818908025,0,0,2.47
1773180603.818908025,1,0,0.01
1773180604.840610987,0,0,2.47
1773180604.840610987,1,0,0.01
1773180605.862755308,0,0,2.47
1773180605.862755308,1,0,0.01
1773180606.884734536,0,0,2.47
1773180606.884734536,1,0,0.01
1773180607.907178198,0,0,2.47
1773180607.907178198,1,0,0.01
1773180608.928783967,0,0,2.47
1773180608.928783967,1,0,0.01
1773180609.950025087,0,0,2.47
1773180609.950025087,1,0,0.01
1773180610.971772933,0,0,2.47
1773180610.971772933,1,0,0.01
1773180611.993210344,0,0,2.47
1773180611.993210344,1,0,0.01
1773180613.014563229,0,0,2.47
1773180613.014563229,1,0,0.01
1773180614.036194665,0,0,2.47
1773180614.036194665,1,0,0.01
1773180615.058021817,0,0,2.47
1773180615.058021817,1,0,0.01
1773180616.080114682,0,0,2.47
1773180616.080114682,1,0,0.01
1773180617.101884198,0,0,2.47
1773180617.101884198,1,0,0.01
1773180618.122888127,0,0,2.47
1773180618.122888127,1,0,0.01
1773180619.143608571,0,0,2.47
1773180619.143608571,1,0,0.01
1773180620.164659436,0,0,2.47
1773180620.164659436,1,0,0.01
1773180621.186087406,0,0,2.47
1773180621.186087406,1,0,0.01
1773180622.207100202,0,0,2.47
1773180622.207100202,1,0,0.01
1773180623.227464742,0,0,2.47
1773180623.227464742,1,0,0.01
1773180624.249791112,0,0,2.47
1773180624.249791112,1,0,0.01
1773180625.271751922,0,0,2.47
1773180625.271751922,1,0,0.01
1773180626.293601967,0,0,2.47
1773180626.293601967,1,0,0.01
1773180627.315303714,0,0,2.47
1773180627.315303714,1,0,0.01
1773180628.336246724,0,0,2.47
1773180628.336246724,1,0,0.01
1773180629.357117161,0,0,2.47
1773180629.357117161,1,0,0.01
1773180630.377991510,0,0,2.47
1773180630.377991510,1,0,0.01
1773180631.399357969,0,0,2.47
1773180631.399357969,1,0,0.01
1773180632.420134175,0,0,2.47
1773180632.420134175,1,0,0.01
1773180633.442100940,0,0,2.47
1773180633.442100940,1,0,0.01
1773180634.464421582,0,0,2.47
1773180634.464421582,1,0,0.01
1773180635.485432351,0,0,2.47
1773180635.485432351,1,0,0.01
1773180636.506705460,0,0,2.47
1773180636.506705460,1,0,0.01
1773180637.527659827,0,0,2.47
1773180637.527659827,1,0,0.01
1773180638.548638970,0,0,2.47
1773180638.548638970,1,0,0.01
1773180639.569762428,0,0,2.47
1773180639.569762428,1,0,0.01
1773180640.590581547,0,0,2.47
1773180640.590581547,1,0,0.01
1773180641.612638444,0,0,2.47
1773180641.612638444,1,0,0.01
1773180642.634683328,0,0,2.47
1773180642.634683328,1,0,0.01
1773180643.655846706,0,0,2.47
1773180643.655846706,1,0,0.01
1773180644.677741757,0,0,2.47
1773180644.677741757,1,0,0.01
1773180645.699607174,0,0,2.47
1773180645.699607174,1,0,0.01
1773180646.720918250,0,0,2.47
1773180646.720918250,1,0,0.01
1773180647.741728604,0,0,2.47
1773180647.741728604,1,0,0.01
1773180648.762440102,0,0,2.47
1773180648.762440102,1,0,0.01
1773180649.783937627,0,0,2.47
1773180649.783937627,1,0,0.01
1773180650.805195028,0,0,2.47
1773180650.805195028,1,0,0.01
1773180651.826267429,0,0,2.47
1773180651.826267429,1,0,0.01
1773180652.847193600,0,0,2.47
1773180652.847193600,1,0,0.01
1773180653.868295279,0,0,2.47
1773180653.868295279,1,0,0.01
1773180654.890291654,0,0,2.47
1773180654.890291654,1,0,0.01
1773180655.911999529,0,0,2.47
1773180655.911999529,1,0,0.01
1773180656.933724021,0,0,2.47
1773180656.933724021,1,0,0.01
1773180657.955854736,0,0,2.47
1773180657.955854736,1,0,0.01
1773180658.978119830,0,0,2.47
1773180658.978119830,1,0,0.01
1773180659.999248781,0,0,2.47
1773180659.999248781,1,0,0.01
1773180661.020918556,0,0,2.47
1773180661.020918556,1,0,0.01
1773180662.042765026,0,0,2.47
1773180662.042765026,1,0,0.01
1773180663.063692403,0,0,2.47
1773180663.063692403,1,0,0.01
1773180664.085407664,0,0,2.47
1773180664.085407664,1,0,0.01
1773180665.107689749,0,0,2.47
1773180665.107689749,1,0,0.01
1773180666.129420399,0,0,2.47
1773180666.129420399,1,0,0.01
1773180667.150979243,0,0,2.47
1773180667.150979243,1,0,0.01
1773180668.172548371,0,0,2.47
1773180668.172548371,1,0,0.01
1773180669.194014076,0,0,2.47
1773180669.194014076,1,0,0.01
1773180670.215047786,0,0,2.47
1773180670.215047786,1,0,0.01
1773180671.235550554,0,0,2.47
1773180671.235550554,1,0,0.01
1773180672.257055564,0,0,2.47
1773180672.257055564,1,0,0.01
1773180673.278868444,0,0,2.47
1773180673.278868444,1,0,0.01
1773180674.299817249,0,0,2.47
1773180674.299817249,1,0,0.01
1773180675.320477286,0,0,2.47
1773180675.320477286,1,0,0.01
1773180676.341375487,0,0,2.47
1773180676.341375487,1,0,0.01
1773180677.362543721,0,0,2.47
1773180677.362543721,1,0,0.01
1773180678.383332162,0,0,2.47
1773180678.383332162,1,0,0.01
1773180679.404059049,0,0,2.47
1773180679.404059049,1,0,0.01
1773180680.424960974,0,0,2.47
1773180680.424960974,1,0,0.01
1773180681.446103847,0,0,2.47
1773180681.446103847,1,0,0.01
1773180682.468046313,0,0,2.47
1773180682.468046313,1,0,0.01
1773180683.489446719,0,0,2.47
1773180683.489446719,1,0,0.01
1773180684.511317120,0,0,2.47
1773180684.511317120,1,0,0.01
1773180685.532485183,0,0,2.47
1773180685.532485183,1,0,0.01
1773180686.554019405,0,66,2.47
1773180686.554019405,1,0,0.01
1773180687.575737659,0,66,2.47
1773180687.575737659,1,0,0.01
1773180688.597295178,0,0,2.47
1773180688.597295178,1,0,0.01
1773180689.618753288,0,0,2.47
1773180689.618753288,1,0,0.01
1773180690.639591208,0,0,2.47
1773180690.639591208,1,0,0.01
1773180691.661187093,0,0,2.47
1773180691.661187093,1,0,0.01
1773180692.682477198,0,0,2.47
1773180692.682477198,1,0,0.01
1773180693.703633610,0,0,2.47
1773180693.703633610,1,0,0.01
1773180694.724615079,0,0,2.47
1773180694.724615079,1,0,0.01
1773180695.745342321,0,0,2.47
1773180695.745342321,1,0,0.01
1773180696.767129874,0,0,2.47
1773180696.767129874,1,0,0.01
1773180697.788525587,0,0,2.47
1773180697.788525587,1,0,0.01
1773180698.810344257,0,0,2.47
1773180698.810344257,1,0,0.01
1773180699.831129339,0,0,2.47
1773180699.831129339,1,0,0.01
1773180700.853018875,0,0,2.47
1773180700.853018875,1,0,0.01
1773180701.875075590,0,0,2.47
1773180701.875075590,1,0,0.01
1773180702.896080127,0,0,2.47
1773180702.896080127,1,0,0.01
1773180703.917939277,0,0,2.47
1773180703.917939277,1,0,0.01
1773180704.939172786,0,0,2.47
1773180704.939172786,1,0,0.01
1773180705.960456350,0,0,2.47
1773180705.960456350,1,0,0.01
1773180706.982012610,0,0,2.47
1773180706.982012610,1,0,0.01
1773180708.003132365,0,0,2.47
1773180708.003132365,1,0,0.01
1773180709.025019070,0,0,2.47
1773180709.025019070,1,0,0.01
1773180710.045858098,0,0,2.47
1773180710.045858098,1,0,0.01
1773180711.067233468,0,0,2.47
1773180711.067233468,1,0,0.01
1773180712.089037103,0,0,2.47
1773180712.089037103,1,0,0.01
1773180713.110134021,0,0,2.47
1773180713.110134021,1,0,0.01
1773180714.131194307,0,0,2.47
1773180714.131194307,1,0,0.01
1773180715.153063843,0,0,2.47
1773180715.153063843,1,0,0.01
1773180716.174226702,0,0,2.47
1773180716.174226702,1,0,0.01
1773180717.195267543,0,0,2.47
1773180717.195267543,1,0,0.01
1773180718.217143761,0,0,2.47
1773180718.217143761,1,0,0.01
1773180719.238290541,0,0,2.47
1773180719.238290541,1,0,0.01
1773180720.259855418,0,0,2.47
1773180720.259855418,1,0,0.01
1773180721.281517418,0,0,2.47
1773180721.281517418,1,0,0.01
1773180722.302884110,0,0,2.47
1773180722.302884110,1,0,0.01
1773180723.323948149,0,0,2.47
1773180723.323948149,1,0,0.01
1773180724.345075408,0,0,2.47
1773180724.345075408,1,0,0.01
1773180725.366305771,0,0,2.47
1773180725.366305771,1,0,0.01
1773180726.387303658,0,0,2.47
1773180726.387303658,1,0,0.01
1773180727.408606041,0,0,2.47
1773180727.408606041,1,0,0.01
1773180728.430078150,0,0,2.47
1773180728.430078150,1,0,0.01
1773180729.451409180,0,0,2.47
1773180729.451409180,1,0,0.01
1773180730.472280774,0,0,2.47
1773180730.472280774,1,0,0.01
1773180731.494204331,0,0,2.47
1773180731.494204331,1,0,0.01
1773180732.515284855,0,0,2.47
1773180732.515284855,1,0,0.01
1773180733.536191001,0,0,2.47
1773180733.536191001,1,0,0.01
1773180734.558160850,0,0,2.47
1773180734.558160850,1,0,0.01
1773180735.579429628,0,0,2.47
1773180735.579429628,1,0,0.01
1773180736.600656796,0,0,2.47
1773180736.600656796,1,0,0.01
1773180737.622319185,0,0,2.47
1773180737.622319185,1,0,0.01
1773180738.643871562,0,0,2.47
1773180738.643871562,1,0,0.01
1773180739.665300890,0,0,2.47
1773180739.665300890,1,0,0.01
1773180740.687169085,0,0,2.47
1773180740.687169085,1,0,0.01
1773180741.708151345,0,0,2.47
1773180741.708151345,1,0,0.01
1773180742.728765590,0,0,2.47
1773180742.728765590,1,0,0.01
1773180743.750750060,0,0,2.47
1773180743.750750060,1,0,0.01
1773180744.772588578,0,0,2.47
1773180744.772588578,1,0,0.01
1773180745.794009256,0,0,2.47
1773180745.794009256,1,0,0.01
1773180746.814993595,0,0,2.47
1773180746.814993595,1,0,0.01
1773180747.836726349,0,0,2.47
1773180747.836726349,1,0,0.01
1773180748.858295465,0,0,2.47
1773180748.858295465,1,0,0.01
1773180749.879833689,0,0,2.47
1773180749.879833689,1,0,0.01
1773180750.900781942,0,0,2.47
1773180750.900781942,1,0,0.01
1773180751.922405099,0,0,2.47
1773180751.922405099,1,0,0.01
1773180752.944306784,0,0,2.47
1773180752.944306784,1,0,0.01
1773180753.965161307,0,0,2.47
1773180753.965161307,1,0,0.01
1773180754.986937240,0,0,2.47
1773180754.986937240,1,0,0.01
1773180756.008211347,0,0,2.47
1773180756.008211347,1,0,0.01
1773180757.029148498,0,0,2.47
1773180757.029148498,1,0,0.01
1773180758.051002803,0,0,2.47
1773180758.051002803,1,0,0.01
1773180759.072610796,0,0,2.47
1773180759.072610796,1,0,0.01
1773180760.093487100,0,0,2.47
1773180760.093487100,1,0,0.01
1773180761.114338472,0,0,2.47
1773180761.114338472,1,0,0.01
1773180762.135545084,0,0,2.47
1773180762.135545084,1,0,0.01
1773180763.156169283,0,0,2.47
1773180763.156169283,1,0,0.01
1773180764.177432244,0,67,2.47
1773180764.177432244,1,0,0.01
1773180765.199253066,0,69,2.47
1773180765.199253066,1,0,0.01
1773180766.221162644,0,27,2.47
1773180766.221162644,1,0,0.01
1773180767.242239756,0,0,2.47
1773180767.242239756,1,0,0.01
1773180768.263182080,0,0,2.47
1773180768.263182080,1,0,0.01
1773180769.284103937,0,0,2.47
1773180769.284103937,1,0,0.01
1773180770.305376961,0,0,2.47
1773180770.305376961,1,0,0.01
1773180771.326658469,0,0,2.47
1773180771.326658469,1,0,0.01
1773180772.347476592,0,0,2.47
1773180772.347476592,1,0,0.01
1773180773.368595361,0,0,2.47
1773180773.368595361,1,0,0.01
1773180774.389956878,0,0,2.47
1773180774.389956878,1,0,0.01
1773180775.411169054,0,0,2.47
1773180775.411169054,1,0,0.01
1773180776.432689498,0,0,2.47
1773180776.432689498,1,0,0.01
1773180777.454514269,0,0,2.47
1773180777.454514269,1,0,0.01
1773180778.476315666,0,0,2.47
1773180778.476315666,1,0,0.01
1773180779.497595428,0,0,2.47
1773180779.497595428,1,0,0.01
1773180780.519223676,0,0,2.47
1773180780.519223676,1,0,0.01
1773180781.540582591,0,0,2.47
1773180781.540582591,1,0,0.01
1773180782.562515511,0,0,2.47
1773180782.562515511,1,0,0.01
1773180783.583745272,0,0,2.47
1773180783.583745272,1,0,0.01
1773180784.605136390,0,0,2.47
1773180784.605136390,1,0,0.01
1773180785.627640908,0,0,2.47
1773180785.627640908,1,0,0.01
1773180786.649250336,0,0,2.47
1773180786.649250336,1,0,0.01
1773180787.671323561,0,0,2.47
1773180787.671323561,1,0,0.01
1773180788.692993311,0,0,2.47
1773180788.692993311,1,0,0.01
1773180789.714362379,0,0,2.47
1773180789.714362379,1,0,0.01
1773180790.736516968,0,0,2.47
1773180790.736516968,1,0,0.01
1773180791.757854009,0,0,2.47
1773180791.757854009,1,0,0.01
1773180792.779744954,0,0,2.47
1773180792.779744954,1,0,0.01
1773180793.801413066,0,0,2.47
1773180793.801413066,1,0,0.01
1773180794.822916745,0,0,2.47
1773180794.822916745,1,0,0.01
1773180795.844960625,0,0,2.47
1773180795.844960625,1,0,0.01
1773180796.866044996,0,0,2.47
1773180796.866044996,1,0,0.01
1773180797.887614060,0,0,2.47
1773180797.887614060,1,0,0.01
1773180798.909039445,0,0,2.47
1773180798.909039445,1,0,0.01
1773180799.930686148,0,0,2.47
1773180799.930686148,1,0,0.01
1773180800.952074929,0,0,2.47
1773180800.952074929,1,0,0.01
1773180801.974070588,0,0,2.47
1773180801.974070588,1,0,0.01
1773180802.996126445,0,0,2.47
1773180802.996126445,1,0,0.01
1773180804.018144982,0,0,2.47
1773180804.018144982,1,0,0.01
1773180805.039642950,0,0,2.47
1773180805.039642950,1,0,0.01
1773180806.061061750,0,0,2.47
1773180806.061061750,1,0,0.01
1773180807.082119071,0,0,2.47
1773180807.082119071,1,0,0.01
1773180808.104128809,0,0,2.47
1773180808.104128809,1,0,0.01
1773180809.126018421,0,0,2.47
1773180809.126018421,1,0,0.01
1773180810.147972033,0,0,2.47
1773180810.147972033,1,0,0.01
1773180811.169782213,0,0,2.47
1773180811.169782213,1,0,0.01
1773180812.191078950,0,0,2.47
1773180812.191078950,1,0,0.01
1773180813.212636743,0,0,2.47
1773180813.212636743,1,0,0.01
1773180814.233780058,0,0,2.47
1773180814.233780058,1,0,0.01
1773180815.255099007,0,0,2.47
1773180815.255099007,1,0,0.01
1773180816.277059542,0,0,2.47
1773180816.277059542,1,0,0.01
1773180817.298529648,0,0,2.47
1773180817.298529648,1,0,0.01
1773180818.320018589,0,0,2.47
1773180818.320018589,1,0,0.01
1773180819.341850199,0,0,2.47
1773180819.341850199,1,0,0.01
1773180820.363406933,0,0,2.47
1773180820.363406933,1,0,0.01
1773180821.385934063,0,0,2.47
1773180821.385934063,1,0,0.01
1773180822.408329672,0,0,2.47
1773180822.408329672,1,0,0.01
1773180823.430074555,0,0,2.47
1773180823.430074555,1,0,0.01
1773180824.452080134,0,0,2.47
1773180824.452080134,1,0,0.01
1773180825.473129161,0,0,2.47
1773180825.473129161,1,0,0.01
1773180826.495140668,0,0,2.47
1773180826.495140668,1,0,0.01
1773180827.516764086,0,0,2.47
1773180827.516764086,1,0,0.01
1773180828.538720555,0,0,2.47
1773180828.538720555,1,0,0.01
1773180829.561026211,0,0,2.47
1773180829.561026211,1,0,0.01
1773180830.582456177,0,0,2.47
1773180830.582456177,1,0,0.01
1773180831.603798845,0,0,2.47
1773180831.603798845,1,0,0.01
1773180832.625840747,0,0,2.47
1773180832.625840747,1,0,0.01
1773180833.646933950,0,0,2.47
1773180833.646933950,1,0,0.01
1773180834.669331229,0,0,2.47
1773180834.669331229,1,0,0.01
1773180835.691131847,0,0,2.47
1773180835.691131847,1,0,0.01
1773180836.713611265,0,0,2.47
1773180836.713611265,1,0,0.01
1773180837.735131695,0,0,2.47
1773180837.735131695,1,0,0.01
1773180838.756828042,0,0,2.47
1773180838.756828042,1,0,0.01
1773180839.778749369,0,0,2.47
1773180839.778749369,1,0,0.01
1773180840.800246192,0,0,2.47
1773180840.800246192,1,0,0.01
1773180841.821852948,0,0,2.47
1773180841.821852948,1,0,0.01
1773180842.843930362,0,0,2.47
1773180842.843930362,1,0,0.01
1773180843.866102136,0,0,2.47
1773180843.866102136,1,0,0.01
1773180844.887317650,0,0,2.47
1773180844.887317650,1,0,0.01
1773180845.909128248,0,0,2.47
1773180845.909128248,1,0,0.01
1773180846.931114417,0,0,2.47
1773180846.931114417,1,0,0.01
1773180847.953563984,0,0,2.47
1773180847.953563984,1,0,0.01
1773180848.976020681,0,0,2.47
1773180848.976020681,1,0,0.01
1773180849.997173351,0,0,2.47
1773180849.997173351,1,0,0.01
1773180851.018986046,0,0,2.47
1773180851.018986046,1,0,0.01
1773180852.040272191,0,0,2.47
1773180852.040272191,1,0,0.01
1773180853.061680238,0,0,2.47
1773180853.061680238,1,0,0.01
1773180854.083814688,0,0,2.47
1773180854.083814688,1,0,0.01
1773180855.105062795,0,0,2.47
1773180855.105062795,1,0,0.01
1773180856.126558549,0,0,2.47
1773180856.126558549,1,0,0.01
1773180857.148195438,0,0,2.47
1773180857.148195438,1,0,0.01
1773180858.170104706,0,0,2.47
1773180858.170104706,1,0,0.01
1773180859.191230881,0,0,2.47
1773180859.191230881,1,0,0.01
1773180860.213689646,0,0,2.47
1773180860.213689646,1,0,0.01
1773180861.236148633,0,0,2.47
1773180861.236148633,1,0,0.01
1773180862.257477784,0,0,2.47
1773180862.257477784,1,0,0.01
1773180863.279033935,0,0,2.47
1773180863.279033935,1,0,0.01
1773180864.300977484,0,0,2.47
1773180864.300977484,1,0,0.01
1773180865.322679103,0,0,2.47
1773180865.322679103,1,0,0.01
1773180866.343864510,0,0,2.47
1773180866.343864510,1,0,0.01
1773180867.365160939,0,0,2.47
1773180867.365160939,1,0,0.01
1773180868.386629001,0,0,2.47
1773180868.386629001,1,0,0.01
1773180869.408185949,0,0,2.47
1773180869.408185949,1,0,0.01
1773180870.428981815,0,0,2.47
1773180870.428981815,1,0,0.01
1773180871.450251090,0,0,2.47
1773180871.450251090,1,0,0.01
1773180872.471945686,0,0,2.47
1773180872.471945686,1,0,0.01
1773180873.492973395,0,0,2.47
1773180873.492973395,1,0,0.01
1773180874.514483269,0,0,2.47
1773180874.514483269,1,0,0.01
1773180875.535807033,0,0,2.47
1773180875.535807033,1,0,0.01
1773180876.556312233,0,0,2.47
1773180876.556312233,1,0,0.01
1773180877.577144038,0,0,2.47
1773180877.577144038,1,0,0.01
1773180878.598497272,0,0,2.47
1773180878.598497272,1,0,0.01
1773180879.620209463,0,0,2.47
1773180879.620209463,1,0,0.01
1773180880.641214854,0,0,2.47
1773180880.641214854,1,0,0.01
1773180881.661990384,0,0,2.47
1773180881.661990384,1,0,0.01
1773180882.683129089,0,0,2.47
1773180882.683129089,1,0,0.01
1773180883.705167186,0,0,2.47
1773180883.705167186,1,0,0.01
1773180884.727001122,0,0,2.47
1773180884.727001122,1,0,0.01
1773180885.748553196,0,0,2.47
1773180885.748553196,1,0,0.01
1773180886.771127287,0,0,2.47
1773180886.771127287,1,0,0.01
1773180887.792096106,0,0,2.47
1773180887.792096106,1,0,0.01
1773180888.813171561,0,0,2.47
1773180888.813171561,1,0,0.01
1773180889.834958546,0,0,2.47
1773180889.834958546,1,0,0.01
1773180890.855592515,0,0,2.47
1773180890.855592515,1,0,0.01
1773180891.876501181,0,0,2.47
1773180891.876501181,1,0,0.01
1773180892.898972072,0,0,2.47
1773180892.898972072,1,0,0.01
1773180893.919988982,0,0,2.47
1773180893.919988982,1,0,0.01
1773180894.941122119,0,0,2.47
1773180894.941122119,1,0,0.01
1773180895.963453552,0,0,2.47
1773180895.963453552,1,0,0.01
1773180896.985002411,0,0,2.47
1773180896.985002411,1,0,0.01
1773180898.006105724,0,0,2.47
1773180898.006105724,1,0,0.01
1773180899.027634778,0,0,2.47
1773180899.027634778,1,0,0.01
1773180900.049747586,0,0,2.47
1773180900.049747586,1,0,0.01
1773180901.071217962,0,0,2.47
1773180901.071217962,1,0,0.01
1773180902.092742596,0,0,2.47
1773180902.092742596,1,0,0.01
1773180903.114121470,0,0,2.47
1773180903.114121470,1,0,0.01
1773180904.135736373,0,0,2.47
1773180904.135736373,1,0,0.01
1773180905.157801540,0,0,2.47
1773180905.157801540,1,0,0.01
1773180906.179460514,0,0,2.47
1773180906.179460514,1,0,0.01
1773180907.200431491,0,0,2.47
1773180907.200431491,1,0,0.01
1773180908.221230973,0,0,2.47
1773180908.221230973,1,0,0.01
1773180909.243240883,0,0,2.47
1773180909.243240883,1,0,0.01
1773180910.263692078,0,0,2.47
1773180910.263692078,1,0,0.01
1773180911.285041081,0,0,2.47
1773180911.285041081,1,0,0.01
1773180912.306634933,0,0,2.47
1773180912.306634933,1,0,0.01
1773180913.328279683,0,0,2.47
1773180913.328279683,1,0,0.01
1773180914.350065280,0,0,2.47
1773180914.350065280,1,0,0.01
1773180915.371945928,0,0,2.47
1773180915.371945928,1,0,0.01
1773180916.394420635,0,0,2.47
1773180916.394420635,1,0,0.01
1773180917.416509425,0,0,2.47
1773180917.416509425,1,0,0.01
1773180918.438681249,0,0,2.47
1773180918.438681249,1,0,0.01
1773180919.460246674,0,0,2.47
1773180919.460246674,1,0,0.01
1773180920.482134784,0,0,2.47
1773180920.482134784,1,0,0.01
1773180921.503513390,0,0,2.47
1773180921.503513390,1,0,0.01
1773180922.526146528,0,0,2.47
1773180922.526146528,1,0,0.01
1773180923.547896201,0,0,2.47
1773180923.547896201,1,0,0.01
1773180924.569924591,0,0,2.47
1773180924.569924591,1,0,0.01
1773180925.590884797,0,0,2.47
1773180925.590884797,1,0,0.01
1773180926.612517915,0,0,2.47
1773180926.612517915,1,0,0.01
1773180927.634226264,0,0,2.47
1773180927.634226264,1,0,0.01
1773180928.656249170,0,0,2.47
1773180928.656249170,1,0,0.01
1773180929.677459843,0,0,2.47
1773180929.677459843,1,0,0.01
1773180930.698933786,0,0,2.47
1773180930.698933786,1,0,0.01
1773180931.719985316,0,0,2.47
1773180931.719985316,1,0,0.01
1773180932.742115630,0,0,2.47
1773180932.742115630,1,0,0.01
1773180933.764152911,0,0,2.47
1773180933.764152911,1,0,0.01
1773180934.786521692,0,0,2.47
1773180934.786521692,1,0,0.01
1773180935.808665982,0,0,2.47
1773180935.808665982,1,0,0.01
1773180936.830134829,0,0,2.47
1773180936.830134829,1,0,0.01
1773180937.851292985,0,0,2.47
1773180937.851292985,1,0,0.01
1773180938.873022685,0,0,2.47
1773180938.873022685,1,0,0.01
1773180939.894631667,0,0,2.47
1773180939.894631667,1,0,0.01
1773180940.916251713,0,0,2.47
1773180940.916251713,1,0,0.01
1773180941.938301860,0,0,2.47
1773180941.938301860,1,0,0.01
1773180942.960360933,0,0,2.47
1773180942.960360933,1,0,0.01
1773180943.981837369,0,0,2.47
1773180943.981837369,1,0,0.01
1773180945.003245009,0,0,2.47
1773180945.003245009,1,0,0.01
1773180946.025342619,0,0,2.47
1773180946.025342619,1,0,0.01
1773180947.046655339,0,0,2.47
1773180947.046655339,1,0,0.01
1773180948.068595739,0,0,2.47
1773180948.068595739,1,0,0.01
1773180949.090333895,0,0,2.47
1773180949.090333895,1,0,0.01
1773180950.112056096,0,0,2.47
1773180950.112056096,1,0,0.01
1773180951.133734163,0,0,2.47
1773180951.133734163,1,0,0.01
1773180952.155101227,0,0,2.47
1773180952.155101227,1,0,0.01
1773180953.176285651,0,0,2.47
1773180953.176285651,1,0,0.01
1773180954.197392951,0,0,2.47
1773180954.197392951,1,0,0.01
1773180955.218874172,0,0,2.47
1773180955.218874172,1,0,0.01
1773180956.240221805,0,0,2.47
1773180956.240221805,1,0,0.01
1773180957.262162479,0,0,2.47
1773180957.262162479,1,0,0.01
1773180958.283979207,0,0,2.47
1773180958.283979207,1,0,0.01
1773180959.306179400,0,0,2.47
1773180959.306179400,1,0,0.01
1773180960.327140381,0,0,2.47
1773180960.327140381,1,0,0.01
1773180961.347976065,0,0,2.47
1773180961.347976065,1,0,0.01
1773180962.369232227,0,0,2.47
1773180962.369232227,1,0,0.01
1773180963.391238933,0,0,2.47
1773180963.391238933,1,0,0.01
1773180964.412408855,0,60,2.47
1773180964.412408855,1,0,0.01
1773180965.433442917,0,67,2.47
1773180965.433442917,1,0,0.01
1773180966.454602508,0,0,2.47
1773180966.454602508,1,0,0.01
1773180967.476039251,0,0,2.47
1773180967.476039251,1,0,0.01
1773180968.497405883,0,0,2.47
1773180968.497405883,1,0,0.01
1773180969.519519289,0,0,2.47
1773180969.519519289,1,0,0.01
1773180970.540555470,0,0,2.47
1773180970.540555470,1,0,0.01
1773180971.562386006,0,0,2.47
1773180971.562386006,1,0,0.01
1773180972.583760839,0,0,2.47
1773180972.583760839,1,0,0.01
1773180973.604884136,0,0,2.47
1773180973.604884136,1,0,0.01
1773180974.625854764,0,0,2.47
1773180974.625854764,1,0,0.01
1773180975.647551524,0,0,2.47
1773180975.647551524,1,0,0.01
1773180976.669167351,0,0,2.47
1773180976.669167351,1,0,0.01
1773180977.690055065,0,0,2.47
1773180977.690055065,1,0,0.01
1773180978.711806752,0,0,2.47
1773180978.711806752,1,0,0.01
1773180979.732585037,0,0,2.47
1773180979.732585037,1,0,0.01
1773180980.754781317,0,0,2.47
1773180980.754781317,1,0,0.01
1773180981.779874776,0,0,2.47
1773180981.779874776,1,0,0.01
1773180982.800886675,0,0,2.47
1773180982.800886675,1,0,0.01
1773180983.821866514,0,0,2.47
1773180983.821866514,1,0,0.01
1773180984.843551029,0,0,2.47
1773180984.843551029,1,0,0.01
1773180985.864700667,0,0,2.47
1773180985.864700667,1,0,0.01
1773180986.885506095,0,0,2.47
1773180986.885506095,1,0,0.01
1773180987.906776340,0,0,2.47
1773180987.906776340,1,0,0.01
1773180988.927666315,0,0,2.47
1773180988.927666315,1,0,0.01
1773180989.948745451,0,0,2.47
1773180989.948745451,1,0,0.01
1773180990.969288180,0,0,2.47
1773180990.969288180,1,0,0.01
1773180991.989986518,0,0,2.47
1773180991.989986518,1,0,0.01
1773180993.011517302,0,0,2.47
1773180993.011517302,1,0,0.01
1773180994.033468312,0,0,2.47
1773180994.033468312,1,0,0.01
1773180995.054902283,0,0,2.47
1773180995.054902283,1,0,0.01
1773180996.076561463,0,0,2.47
1773180996.076561463,1,0,0.01
1773180997.098179318,0,0,2.47
1773180997.098179318,1,0,0.01
1773180998.119196316,0,0,2.47
1773180998.119196316,1,0,0.01
1773180999.140345908,0,0,2.47
1773180999.140345908,1,0,0.01
1773181000.161288534,0,0,2.47
1773181000.161288534,1,0,0.01
1773181001.182976322,0,0,2.47
1773181001.182976322,1,0,0.01
1773181002.204549947,0,0,2.47
1773181002.204549947,1,0,0.01
1773181003.226177890,0,0,2.47
1773181003.226177890,1,0,0.01
1773181004.247409275,0,0,2.47
1773181004.247409275,1,0,0.01
1773181005.269415896,0,0,2.47
1773181005.269415896,1,0,0.01
1773181006.290246515,0,0,2.47
1773181006.290246515,1,0,0.01
1773181007.312031390,0,0,2.47
1773181007.312031390,1,0,0.01
1773181008.333158216,0,0,2.47
1773181008.333158216,1,0,0.01
1773181009.354962756,0,0,2.47
1773181009.354962756,1,0,0.01
1773181010.375702912,0,0,2.47
1773181010.375702912,1,0,0.01
1773181011.397498568,0,0,2.47
1773181011.397498568,1,0,0.01
1773181012.418217540,0,0,2.47
1773181012.418217540,1,0,0.01
1773181013.440032556,0,0,2.47
1773181013.440032556,1,0,0.01
1773181014.461133135,0,0,2.47
1773181014.461133135,1,0,0.01
1773181015.482820468,0,0,2.47
1773181015.482820468,1,0,0.01
1773181016.504580548,0,0,2.47
1773181016.504580548,1,0,0.01
1773181017.525984198,0,0,2.47
1773181017.525984198,1,0,0.01
1773181018.547144986,0,0,2.47
1773181018.547144986,1,0,0.01
1773181019.567940243,0,0,2.47
1773181019.567940243,1,0,0.01
1773181020.588569161,0,0,2.47
1773181020.588569161,1,0,0.01
1773181021.609707090,0,0,2.47
1773181021.609707090,1,0,0.01
1773181022.630590182,0,0,2.47
1773181022.630590182,1,0,0.01
1773181023.652361491,0,0,2.47
1773181023.652361491,1,0,0.01
1773181024.674420270,0,0,2.47
1773181024.674420270,1,0,0.01
1773181025.696116632,0,0,2.47
1773181025.696116632,1,0,0.01
1773181026.717910841,0,0,2.47
1773181026.717910841,1,0,0.01
1773181027.739993321,0,0,2.47
1773181027.739993321,1,0,0.01
1773181028.761513211,0,0,2.47
1773181028.761513211,1,0,0.01
1773181029.782652942,0,0,2.47
1773181029.782652942,1,0,0.01
1773181030.804075202,0,0,2.47
1773181030.804075202,1,0,0.01
1773181031.825271632,0,0,2.47
1773181031.825271632,1,0,0.01
1773181032.846132019,0,0,2.47
1773181032.846132019,1,0,0.01
1773181033.867450830,0,0,2.47
1773181033.867450830,1,0,0.01
1773181034.888624464,0,0,2.47
1773181034.888624464,1,0,0.01
1773181035.910543072,0,0,2.47
1773181035.910543072,1,0,0.01
1773181036.931750786,0,0,2.47
1773181036.931750786,1,0,0.01
1773181037.953120114,0,0,2.47
1773181037.953120114,1,0,0.01
1773181038.974422019,0,0,2.47
1773181038.974422019,1,0,0.01
1773181039.996488433,0,0,2.47
1773181039.996488433,1,0,0.01
1773181041.017789901,0,0,2.47
1773181041.017789901,1,0,0.01
1773181042.038791607,0,0,2.47
1773181042.038791607,1,0,0.01
1773181043.060406277,0,0,2.47
1773181043.060406277,1,0,0.01
1773181044.081773710,0,0,2.47
1773181044.081773710,1,0,0.01
1773181045.103675613,0,0,2.47
1773181045.103675613,1,0,0.01
1773181046.124560151,0,0,2.47
1773181046.124560151,1,0,0.01
1773181047.145837571,0,0,2.47
1773181047.145837571,1,0,0.01
1773181048.166952143,0,0,2.47
1773181048.166952143,1,0,0.01
1773181049.187900986,0,0,2.47
1773181049.187900986,1,0,0.01
1773181050.208776143,0,0,2.47
1773181050.208776143,1,0,0.01
1773181051.230627779,0,0,2.47
1773181051.230627779,1,0,0.01
1773181052.252010559,0,0,2.47
1773181052.252010559,1,0,0.01
1773181053.273232977,0,0,2.47
1773181053.273232977,1,0,0.01
1773181054.294418883,0,0,2.47
1773181054.294418883,1,0,0.01
1773181055.316156033,0,61,2.47
1773181055.316156033,1,0,0.01
1773181056.338007209,0,61,2.47
1773181056.338007209,1,0,0.01
1773181057.359913440,0,0,2.47
1773181057.359913440,1,0,0.01
1773181058.381839950,0,0,2.47
1773181058.381839950,1,0,0.01
1773181059.403098248,0,0,2.47
1773181059.403098248,1,0,0.01
1773181060.423929984,0,0,2.47
1773181060.423929984,1,0,0.01
1773181061.445712508,0,0,2.47
1773181061.445712508,1,0,0.01
1773181062.467692809,0,0,2.47
1773181062.467692809,1,0,0.01
1773181063.489781213,0,0,2.47
1773181063.489781213,1,0,0.01
1773181064.511085527,0,0,2.47
1773181064.511085527,1,0,0.01
1773181065.533027585,0,0,2.47
1773181065.533027585,1,0,0.01
1773181066.553535228,0,0,2.47
1773181066.553535228,1,0,0.01
1773181067.574436539,0,0,2.47
1773181067.574436539,1,0,0.01
1773181068.595779085,0,0,2.47
1773181068.595779085,1,0,0.01
1773181069.616581897,0,0,2.47
1773181069.616581897,1,0,0.01
1773181070.637738876,0,0,2.47
1773181070.637738876,1,0,0.01
1773181071.658985436,0,0,2.47
1773181071.658985436,1,0,0.01
1773181072.680226259,0,0,2.47
1773181072.680226259,1,0,0.01
1773181073.701419206,0,0,2.47
1773181073.701419206,1,0,0.01
1773181074.722566157,0,0,2.47
1773181074.722566157,1,0,0.01
1773181075.744028642,0,0,2.47
1773181075.744028642,1,0,0.01
1773181076.765122032,0,0,2.47
1773181076.765122032,1,0,0.01
1773181077.786476771,0,0,2.47
1773181077.786476771,1,0,0.01
1773181078.808019879,0,0,2.47
1773181078.808019879,1,0,0.01
1773181079.829877708,0,0,2.47
1773181079.829877708,1,0,0.01
1773181080.851204670,0,0,2.47
1773181080.851204670,1,0,0.01
1773181081.872656864,0,0,2.47
1773181081.872656864,1,0,0.01
1773181082.893943179,0,0,2.47
1773181082.893943179,1,0,0.01
1773181083.914866710,0,69,2.47
1773181083.914866710,1,0,0.01
1773181084.935915694,0,68,2.47
1773181084.935915694,1,0,0.01
1773181085.957544104,0,0,2.47
1773181085.957544104,1,0,0.01
1773181086.979171850,0,0,2.47
1773181086.979171850,1,0,0.01
1773181088.000206617,0,0,2.47
1773181088.000206617,1,0,0.01
1773181089.021968600,0,0,2.47
1773181089.021968600,1,0,0.01
1773181090.043387108,0,0,2.47
1773181090.043387108,1,0,0.01
1773181091.064893811,0,0,2.47
1773181091.064893811,1,0,0.01
1773181092.085688694,0,0,2.47
1773181092.085688694,1,0,0.01
1773181093.107106112,0,0,2.47
1773181093.107106112,1,0,0.01
1773181094.127923781,0,0,2.47
1773181094.127923781,1,0,0.01
1773181095.149460770,0,0,2.47
1773181095.149460770,1,0,0.01
1773181096.171481163,0,0,2.47
1773181096.171481163,1,0,0.01
1773181097.193074118,0,0,2.47
1773181097.193074118,1,0,0.01
1773181098.214981371,0,0,2.47
1773181098.214981371,1,0,0.01
1773181099.236943825,0,0,2.47
1773181099.236943825,1,0,0.01
1773181100.258009478,0,0,2.47
1773181100.258009478,1,0,0.01
1773181101.280186140,0,0,2.47
1773181101.280186140,1,0,0.01
1773181102.301571795,0,0,2.47
1773181102.301571795,1,0,0.01
1773181103.323278304,0,0,2.47
1773181103.323278304,1,0,0.01
1773181104.344765313,0,0,2.47
1773181104.344765313,1,0,0.01
1773181105.366246018,0,0,2.47
1773181105.366246018,1,0,0.01
1773181106.387610334,0,0,2.47
1773181106.387610334,1,0,0.01
1773181107.409064700,0,0,2.47
1773181107.409064700,1,0,0.01
1773181108.430871192,0,0,2.47
1773181108.430871192,1,0,0.01
1773181109.452362602,0,0,2.47
1773181109.452362602,1,0,0.01
1773181110.473822051,0,0,2.47
1773181110.473822051,1,0,0.01
1773181111.495111776,0,0,2.47
1773181111.495111776,1,0,0.01
1773181112.517139368,0,0,2.47
1773181112.517139368,1,0,0.01
1773181113.539093538,0,0,2.47
1773181113.539093538,1,0,0.01
1773181114.561205739,0,0,2.47
1773181114.561205739,1,0,0.01
1773181115.583116694,0,0,2.47
1773181115.583116694,1,0,0.01
1773181116.605055970,0,0,2.47
1773181116.605055970,1,0,0.01
1773181117.626108993,0,0,2.47
1773181117.626108993,1,0,0.01
1773181118.647238987,0,0,2.47
1773181118.647238987,1,0,0.01
1773181119.669187800,0,0,2.47
1773181119.669187800,1,0,0.01
1773181120.691087378,0,0,2.47
1773181120.691087378,1,0,0.01
1773181121.713205663,0,0,2.47
1773181121.713205663,1,0,0.01
1773181122.735095882,0,0,2.47
1773181122.735095882,1,0,0.01
1773181123.756940409,0,0,2.47
1773181123.756940409,1,0,0.01
1773181124.779078491,0,0,2.47
1773181124.779078491,1,0,0.01
1773181125.800573348,0,0,2.47
1773181125.800573348,1,0,0.01
1773181126.822104697,0,0,2.47
1773181126.822104697,1,0,0.01
1773181127.843553638,0,0,2.47
1773181127.843553638,1,0,0.01
1773181128.865113738,0,0,2.47
1773181128.865113738,1,0,0.01
1773181129.887295728,0,0,2.47
1773181129.887295728,1,0,0.01
1773181130.908493217,0,0,2.47
1773181130.908493217,1,0,0.01
1773181131.930288438,0,0,2.47
1773181131.930288438,1,0,0.01
1773181132.951592993,0,0,2.47
1773181132.951592993,1,0,0.01
1773181133.973574968,0,0,2.47
1773181133.973574968,1,0,0.01
1773181134.994959935,0,0,2.47
1773181134.994959935,1,0,0.01
1773181136.016475944,0,0,2.47
1773181136.016475944,1,0,0.01
1773181137.037557487,0,0,2.47
1773181137.037557487,1,0,0.01
1773181138.058329314,0,0,2.47
1773181138.058329314,1,0,0.01
1773181139.079736648,0,0,2.47
1773181139.079736648,1,0,0.01
1773181140.100900707,0,0,2.47
1773181140.100900707,1,0,0.01
1773181141.122277699,0,0,2.47
1773181141.122277699,1,0,0.01
1773181142.143328324,0,0,2.47
1773181142.143328324,1,0,0.01
1773181143.164393792,0,0,2.47
1773181143.164393792,1,0,0.01
1773181144.185662763,0,0,2.47
1773181144.185662763,1,0,0.01
1773181145.208293366,0,0,2.47
1773181145.208293366,1,0,0.01
1773181146.229961157,0,0,2.47
1773181146.229961157,1,0,0.01
1773181147.251054648,0,0,2.47
1773181147.251054648,1,0,0.01
1773181148.272753569,0,0,2.47
1773181148.272753569,1,0,0.01
1773181149.294060286,0,0,2.47
1773181149.294060286,1,0,0.01
1773181150.315841107,0,0,2.47
1773181150.315841107,1,0,0.01
1773181151.337299549,0,0,2.47
1773181151.337299549,1,0,0.01
1773181152.358586497,0,0,2.47
1773181152.358586497,1,0,0.01
1773181153.379506584,0,0,2.47
1773181153.379506584,1,0,0.01
1773181154.400809703,0,0,2.47
1773181154.400809703,1,0,0.01
1773181155.421910746,0,0,2.47
1773181155.421910746,1,0,0.01
1773181156.443191853,0,0,2.47
1773181156.443191853,1,0,0.01
1773181157.464182853,0,0,2.47
1773181157.464182853,1,0,0.01
1773181158.485203067,0,0,2.47
1773181158.485203067,1,0,0.01
1773181159.506540770,0,0,2.47
1773181159.506540770,1,0,0.01
1773181160.527844899,0,0,2.47
1773181160.527844899,1,0,0.01
1773181161.549250315,0,0,2.47
1773181161.549250315,1,0,0.01
1773181162.570534807,0,0,2.47
1773181162.570534807,1,0,0.01
1773181163.591986435,0,0,2.47
1773181163.591986435,1,0,0.01
1773181164.614097227,0,0,2.47
1773181164.614097227,1,0,0.01
1773181165.635906935,0,0,2.47
1773181165.635906935,1,0,0.01
1773181166.657195260,0,0,2.47
1773181166.657195260,1,0,0.01
1773181167.678145701,0,0,2.47
1773181167.678145701,1,0,0.01
1773181168.699465830,0,0,2.47
1773181168.699465830,1,0,0.01
1773181169.721180558,0,0,2.47
1773181169.721180558,1,0,0.01
1773181170.743064905,0,0,2.47
1773181170.743064905,1,0,0.01
1773181171.764487708,0,0,2.47
1773181171.764487708,1,0,0.01
1773181172.786006830,0,0,2.47
1773181172.786006830,1,0,0.01
1773181173.807283113,0,0,2.47
1773181173.807283113,1,0,0.01
1773181174.828418121,0,0,2.47
1773181174.828418121,1,0,0.01
1773181175.850364128,0,0,2.47
1773181175.850364128,1,0,0.01
1773181176.871765744,0,0,2.47
1773181176.871765744,1,0,0.01
1773181177.893077396,0,0,2.47
1773181177.893077396,1,0,0.01
1773181178.913820685,0,0,2.47
1773181178.913820685,1,0,0.01
1773181179.935620894,0,0,2.47
1773181179.935620894,1,0,0.01
1773181180.956930573,0,0,2.47
1773181180.956930573,1,0,0.01
1773181181.977981372,0,0,2.47
1773181181.977981372,1,0,0.01
1773181182.999922712,0,0,2.47
1773181182.999922712,1,0,0.01
1773181184.020930466,0,0,2.47
1773181184.020930466,1,0,0.01
1773181185.043482565,0,0,2.47
1773181185.043482565,1,0,0.01
1773181186.064447861,0,65,2.47
1773181186.064447861,1,0,0.01
1773181187.086368927,0,36,2.47
1773181187.086368927,1,0,0.01
1773181188.108118503,0,0,2.47
1773181188.108118503,1,0,0.01
1773181189.130253101,0,0,2.47
1773181189.130253101,1,0,0.01
1773181190.152683462,0,0,2.47
1773181190.152683462,1,0,0.01
1773181191.174877788,0,0,2.47
1773181191.174877788,1,0,0.01
1773181192.196239071,0,0,2.47
1773181192.196239071,1,0,0.01
1773181193.217020632,0,0,2.47
1773181193.217020632,1,0,0.01
1773181194.238801992,0,0,2.47
1773181194.238801992,1,0,0.01
1773181195.259876364,0,0,2.47
1773181195.259876364,1,0,0.01
1773181196.281331598,0,0,2.47
1773181196.281331598,1,0,0.01
1773181197.302842911,0,0,2.47
1773181197.302842911,1,0,0.01
1773181198.323826561,0,0,2.47
1773181198.323826561,1,0,0.01
1773181199.345035509,0,0,2.47
1773181199.345035509,1,0,0.01
1773181200.366121419,0,0,2.47
1773181200.366121419,1,0,0.01
1773181201.388166475,0,0,2.47
1773181201.388166475,1,0,0.01
1773181202.410210098,0,0,2.47
1773181202.410210098,1,0,0.01
1773181203.432271096,0,0,2.47
1773181203.432271096,1,0,0.01
1773181204.453599606,0,0,2.47
1773181204.453599606,1,0,0.01
1773181205.474989724,0,0,2.47
1773181205.474989724,1,0,0.01
1773181206.496442094,0,0,2.47
1773181206.496442094,1,0,0.01
1773181207.517626485,0,0,2.47
1773181207.517626485,1,0,0.01
1773181208.538694703,0,0,2.47
1773181208.538694703,1,0,0.01
1773181209.559925225,0,0,2.47
1773181209.559925225,1,0,0.01
1773181210.581128493,0,0,2.47
1773181210.581128493,1,0,0.01
1773181211.603083067,0,0,2.47
1773181211.603083067,1,0,0.01
1773181212.623940306,0,0,2.47
1773181212.623940306,1,0,0.01
1773181213.645111832,0,0,2.47
1773181213.645111832,1,0,0.01
1773181214.666162004,0,0,2.47
1773181214.666162004,1,0,0.01
1773181215.687445629,0,0,2.47
1773181215.687445629,1,0,0.01
1773181216.708757726,0,0,2.47
1773181216.708757726,1,0,0.01
1773181217.730072607,0,0,2.47
1773181217.730072607,1,0,0.01
1773181218.752121789,0,0,2.47
1773181218.752121789,1,0,0.01
1773181219.773957171,0,0,2.47
1773181219.773957171,1,0,0.01
1773181220.796058888,0,0,2.47
1773181220.796058888,1,0,0.01
1773181221.817901124,0,0,2.47
1773181221.817901124,1,0,0.01
1773181222.839396760,0,0,2.47
1773181222.839396760,1,0,0.01
1773181223.860709921,0,0,2.47
1773181223.860709921,1,0,0.01
1773181224.882155707,0,0,2.47
1773181224.882155707,1,0,0.01
1773181225.903469490,0,0,2.47
1773181225.903469490,1,0,0.01
1773181226.925260917,0,0,2.47
1773181226.925260917,1,0,0.01
1773181227.946483344,0,0,2.47
1773181227.946483344,1,0,0.01
1773181228.967500594,0,0,2.47
1773181228.967500594,1,0,0.01
1773181229.988275601,0,0,2.47
1773181229.988275601,1,0,0.01
1773181231.009535254,0,0,2.47
1773181231.009535254,1,0,0.01
1773181232.030679314,0,0,2.47
1773181232.030679314,1,0,0.01
1773181233.052841893,0,0,2.47
1773181233.052841893,1,0,0.01
1773181234.074151828,0,0,2.47
1773181234.074151828,1,0,0.01
1773181235.095310541,0,0,2.47
1773181235.095310541,1,0,0.01
1773181236.116765375,0,0,2.47
1773181236.116765375,1,0,0.01
1773181237.137943233,0,0,2.47
1773181237.137943233,1,0,0.01
1773181238.159578119,0,0,2.47
1773181238.159578119,1,0,0.01
1773181239.180640743,0,0,2.47
1773181239.180640743,1,0,0.01
1773181240.201666429,0,0,2.47
1773181240.201666429,1,0,0.01
1773181241.222903119,0,63,2.47
1773181241.222903119,1,0,0.01
1773181242.244331062,0,66,2.47
1773181242.244331062,1,0,0.01
1773181243.266638025,0,11,2.47
1773181243.266638025,1,0,0.01
1773181244.288581070,0,0,2.47
1773181244.288581070,1,0,0.01
1773181245.310495272,0,0,2.47
1773181245.310495272,1,0,0.01
1773181246.332650830,0,0,2.47
1773181246.332650830,1,0,0.01
1773181247.353748067,0,0,2.47
1773181247.353748067,1,0,0.01
1773181248.375548939,0,0,2.47
1773181248.375548939,1,0,0.01
1773181249.397298256,0,0,2.47
1773181249.397298256,1,0,0.01
1773181250.418641994,0,0,2.47
1773181250.418641994,1,0,0.01
1773181251.439741602,0,0,2.47
1773181251.439741602,1,0,0.01
1773181252.461763983,0,0,2.47
1773181252.461763983,1,0,0.01
1773181253.483925714,0,0,2.47
1773181253.483925714,1,0,0.01
1773181254.505856759,0,0,2.47
1773181254.505856759,1,0,0.01
1773181255.527093725,0,0,2.47
1773181255.527093725,1,0,0.01
1773181256.549195163,0,0,2.47
1773181256.549195163,1,0,0.01
1773181257.571161623,0,0,2.47
1773181257.571161623,1,0,0.01
1773181258.592969320,0,0,2.47
1773181258.592969320,1,0,0.01
1773181259.614311172,0,0,2.47
1773181259.614311172,1,0,0.01
1773181260.635977635,0,0,2.47
1773181260.635977635,1,0,0.01
1773181261.657697614,0,0,2.47
1773181261.657697614,1,0,0.01
1773181262.679413376,0,0,2.47
1773181262.679413376,1,0,0.01
1773181263.701272930,0,0,2.47
1773181263.701272930,1,0,0.01
1773181264.722247670,0,0,2.47
1773181264.722247670,1,0,0.01
1773181265.743917409,0,0,2.47
1773181265.743917409,1,0,0.01
1773181266.765878988,0,0,2.47
1773181266.765878988,1,0,0.01
1773181267.787252701,0,0,2.47
1773181267.787252701,1,0,0.01
1773181268.809361122,0,0,2.47
1773181268.809361122,1,0,0.01
1773181269.831755605,0,0,2.47
1773181269.831755605,1,0,0.01
1773181270.853626981,0,0,2.47
1773181270.853626981,1,0,0.01
1773181271.875677831,0,0,2.47
1773181271.875677831,1,0,0.01
1773181272.897783716,0,0,2.47
1773181272.897783716,1,0,0.01
1773181273.920038420,0,0,2.47
1773181273.920038420,1,0,0.01
1773181274.941603412,0,0,2.47
1773181274.941603412,1,0,0.01
1773181275.963124267,0,0,2.47
1773181275.963124267,1,0,0.01
1773181276.985302295,0,0,2.47
1773181276.985302295,1,0,0.01
1773181278.007080859,0,0,2.47
1773181278.007080859,1,0,0.01
