timestamp,idx,gpu_util_pct,mem_used_pct
1773166108.131799348,0,0,0.00
1773166108.131799348,1,0,0.00
1773166109.155511910,0,0,0.00
1773166109.155511910,1,0,0.00
1773166110.177614930,0,0,0.00
1773166110.177614930,1,0,0.00
1773166111.198895212,0,0,0.00
1773166111.198895212,1,0,0.00
1773166112.221548812,0,0,0.00
1773166112.221548812,1,0,0.00
1773166113.244271924,0,0,0.00
1773166113.244271924,1,0,0.00
1773166114.266329024,0,0,0.00
1773166114.266329024,1,0,0.00
1773166115.287688835,0,0,0.00
1773166115.287688835,1,0,0.00
1773166116.310033888,0,0,0.95
1773166116.310033888,1,0,0.01
1773166117.332368165,0,0,0.96
1773166117.332368165,1,0,0.01
1773166118.354435474,0,0,0.96
1773166118.354435474,1,0,0.01
1773166119.375361399,0,0,0.96
1773166119.375361399,1,0,0.01
1773166120.396570671,0,0,0.96
1773166120.396570671,1,0,0.01
1773166121.419595913,0,0,0.96
1773166121.419595913,1,0,0.01
1773166122.441473581,0,0,0.96
1773166122.441473581,1,0,0.01
1773166123.463416755,0,0,0.96
1773166123.463416755,1,0,0.01
1773166124.485066363,0,0,0.96
1773166124.485066363,1,0,0.01
1773166125.506276269,0,0,0.96
1773166125.506276269,1,0,0.01
1773166126.527427570,0,0,0.96
1773166126.527427570,1,0,0.01
1773166127.548509361,0,0,0.96
1773166127.548509361,1,0,0.01
1773166128.569920702,0,0,0.96
1773166128.569920702,1,0,0.01
1773166129.591625104,0,0,0.96
1773166129.591625104,1,0,0.01
1773166130.612796387,0,0,0.96
1773166130.612796387,1,0,0.01
1773166131.634576627,0,0,0.96
1773166131.634576627,1,0,0.01
1773166132.656331446,0,0,0.96
1773166132.656331446,1,0,0.01
1773166133.677585245,0,0,0.96
1773166133.677585245,1,0,0.01
1773166134.698693484,0,0,0.96
1773166134.698693484,1,0,0.01
1773166135.721101832,0,0,0.96
1773166135.721101832,1,0,0.01
1773166136.742223666,0,0,0.96
1773166136.742223666,1,0,0.01
1773166137.762443870,0,0,0.96
1773166137.762443870,1,0,0.01
1773166138.782308619,0,0,0.96
1773166138.782308619,1,0,0.01
1773166139.804502112,0,0,0.96
1773166139.804502112,1,0,0.01
1773166140.825774105,0,0,0.96
1773166140.825774105,1,0,0.01
1773166141.847130612,0,0,0.96
1773166141.847130612,1,0,0.01
1773166142.868172588,0,0,0.96
1773166142.868172588,1,0,0.01
1773166143.887469627,0,0,0.96
1773166143.887469627,1,0,0.01
1773166144.908345468,0,0,0.96
1773166144.908345468,1,0,0.01
1773166145.929798957,0,0,0.96
1773166145.929798957,1,0,0.01
1773166146.951031416,0,0,0.96
1773166146.951031416,1,0,0.01
1773166147.972208995,0,0,0.96
1773166147.972208995,1,0,0.01
1773166148.993443319,0,0,0.96
1773166148.993443319,1,0,0.01
1773166150.015158842,0,0,0.96
1773166150.015158842,1,0,0.01
1773166151.036011670,0,0,0.96
1773166151.036011670,1,0,0.01
1773166152.057480547,0,0,0.96
1773166152.057480547,1,0,0.01
1773166153.078412299,0,0,0.96
1773166153.078412299,1,0,0.01
1773166154.100266333,0,0,0.96
1773166154.100266333,1,0,0.01
1773166155.121158460,0,0,0.96
1773166155.121158460,1,0,0.01
1773166156.143570198,0,0,0.96
1773166156.143570198,1,0,0.01
1773166157.165295137,0,0,0.96
1773166157.165295137,1,0,0.01
1773166158.186511175,0,0,0.96
1773166158.186511175,1,0,0.01
1773166159.208405036,0,0,0.96
1773166159.208405036,1,0,0.01
1773166160.230439342,0,0,0.96
1773166160.230439342,1,0,0.01
1773166161.251851864,0,0,0.96
1773166161.251851864,1,0,0.01
1773166162.273865359,0,0,0.96
1773166162.273865359,1,0,0.01
1773166163.294950946,0,0,0.96
1773166163.294950946,1,0,0.01
1773166164.316308775,0,0,0.96
1773166164.316308775,1,0,0.01
1773166165.336513197,0,0,0.96
1773166165.336513197,1,0,0.01
1773166166.356802276,0,0,0.96
1773166166.356802276,1,0,0.01
1773166167.379144184,0,0,0.96
1773166167.379144184,1,0,0.01
1773166168.400364526,0,22,1.24
1773166168.400364526,1,0,0.01
1773166169.422344054,0,61,1.24
1773166169.422344054,1,0,0.01
1773166170.443312370,0,0,1.24
1773166170.443312370,1,0,0.01
1773166171.464006209,0,0,1.24
1773166171.464006209,1,0,0.01
1773166172.486332200,0,0,1.24
1773166172.486332200,1,0,0.01
1773166173.507387767,0,0,1.24
1773166173.507387767,1,0,0.01
1773166174.529338057,0,0,1.24
1773166174.529338057,1,0,0.01
1773166175.548835596,0,0,1.24
1773166175.548835596,1,0,0.01
1773166176.569765327,0,0,1.24
1773166176.569765327,1,0,0.01
1773166177.591561385,0,0,1.24
1773166177.591561385,1,0,0.01
1773166178.613181479,0,0,1.24
1773166178.613181479,1,0,0.01
1773166179.634243817,0,0,1.24
1773166179.634243817,1,0,0.01
1773166180.655463194,0,0,1.24
1773166180.655463194,1,0,0.01
1773166181.677469099,0,0,1.24
1773166181.677469099,1,0,0.01
1773166182.698914859,0,0,1.24
1773166182.698914859,1,0,0.01
1773166183.720823058,0,0,1.24
1773166183.720823058,1,0,0.01
1773166184.742822730,0,0,1.24
1773166184.742822730,1,0,0.01
1773166185.764190989,0,0,1.24
1773166185.764190989,1,0,0.01
1773166186.785489588,0,0,1.24
1773166186.785489588,1,0,0.01
1773166187.807029844,0,0,1.24
1773166187.807029844,1,0,0.01
1773166188.828026644,0,0,1.24
1773166188.828026644,1,0,0.01
1773166189.850198003,0,0,1.24
1773166189.850198003,1,0,0.01
1773166190.871504989,0,0,1.24
1773166190.871504989,1,0,0.01
1773166191.893937438,0,0,1.24
1773166191.893937438,1,0,0.01
1773166192.914748177,0,0,1.24
1773166192.914748177,1,0,0.01
1773166193.936538025,0,0,1.24
1773166193.936538025,1,0,0.01
1773166194.958287835,0,0,1.24
1773166194.958287835,1,0,0.01
1773166195.979450790,0,0,1.24
1773166195.979450790,1,0,0.01
1773166197.000892086,0,0,1.24
1773166197.000892086,1,0,0.01
1773166198.022769726,0,0,1.24
1773166198.022769726,1,0,0.01
1773166199.044236834,0,0,1.24
1773166199.044236834,1,0,0.01
1773166200.065928422,0,0,1.24
1773166200.065928422,1,0,0.01
1773166201.087069098,0,0,1.24
1773166201.087069098,1,0,0.01
1773166202.109009146,0,0,1.24
1773166202.109009146,1,0,0.01
1773166203.130485378,0,0,1.24
1773166203.130485378,1,0,0.01
1773166204.151222946,0,0,1.24
1773166204.151222946,1,0,0.01
1773166205.171661709,0,0,1.24
1773166205.171661709,1,0,0.01
1773166206.193051929,0,0,1.24
1773166206.193051929,1,0,0.01
1773166207.215054797,0,0,1.24
1773166207.215054797,1,0,0.01
1773166208.237514730,0,0,1.24
1773166208.237514730,1,0,0.01
1773166209.259182400,0,0,1.24
1773166209.259182400,1,0,0.01
1773166210.280723837,0,0,1.24
1773166210.280723837,1,0,0.01
1773166211.301922522,0,0,1.24
1773166211.301922522,1,0,0.01
1773166212.323371845,0,0,1.24
1773166212.323371845,1,0,0.01
1773166213.344493111,0,0,1.24
1773166213.344493111,1,0,0.01
1773166214.365946963,0,0,1.24
1773166214.365946963,1,0,0.01
1773166215.385841412,0,0,1.24
1773166215.385841412,1,0,0.01
1773166216.408054336,0,0,1.24
1773166216.408054336,1,0,0.01
1773166217.429580899,0,0,1.24
1773166217.429580899,1,0,0.01
1773166218.450581574,0,0,1.24
1773166218.450581574,1,0,0.01
1773166219.472151724,0,0,1.24
1773166219.472151724,1,0,0.01
1773166220.493101949,0,0,1.24
1773166220.493101949,1,0,0.01
1773166221.514643987,0,0,1.24
1773166221.514643987,1,0,0.01
1773166222.535667940,0,0,1.24
1773166222.535667940,1,0,0.01
1773166223.557264336,0,0,1.24
1773166223.557264336,1,0,0.01
1773166224.578683183,0,0,1.24
1773166224.578683183,1,0,0.01
1773166225.600916465,0,0,1.24
1773166225.600916465,1,0,0.01
1773166226.621500249,0,0,1.24
1773166226.621500249,1,0,0.01
1773166227.643402522,0,0,1.24
1773166227.643402522,1,0,0.01
1773166228.663095247,0,0,1.24
1773166228.663095247,1,0,0.01
1773166229.683148486,0,0,1.24
1773166229.683148486,1,0,0.01
1773166230.703789170,0,0,1.24
1773166230.703789170,1,0,0.01
1773166231.723914850,0,0,1.24
1773166231.723914850,1,0,0.01
1773166232.745078165,0,0,1.24
1773166232.745078165,1,0,0.01
1773166233.766832433,0,0,1.24
1773166233.766832433,1,0,0.01
1773166234.788036627,0,0,1.24
1773166234.788036627,1,0,0.01
1773166235.810278981,0,0,1.24
1773166235.810278981,1,0,0.01
1773166236.831702356,0,0,1.24
1773166236.831702356,1,0,0.01
1773166237.853398895,0,0,1.24
1773166237.853398895,1,0,0.01
1773166238.874918914,0,0,1.24
1773166238.874918914,1,0,0.01
1773166239.896181927,0,0,1.24
1773166239.896181927,1,0,0.01
1773166240.919031993,0,0,1.24
1773166240.919031993,1,0,0.01
1773166241.941130215,0,0,1.24
1773166241.941130215,1,0,0.01
1773166242.962440541,0,0,1.24
1773166242.962440541,1,0,0.01
1773166243.984039732,0,0,1.24
1773166243.984039732,1,0,0.01
1773166245.005135636,0,0,1.24
1773166245.005135636,1,0,0.01
1773166246.026933910,0,0,1.24
1773166246.026933910,1,0,0.01
1773166247.048403676,0,0,1.24
1773166247.048403676,1,0,0.01
1773166248.069786239,0,0,1.24
1773166248.069786239,1,0,0.01
1773166249.090684307,0,0,1.24
1773166249.090684307,1,0,0.01
1773166250.111761693,0,0,1.24
1773166250.111761693,1,0,0.01
1773166251.132609668,0,0,1.24
1773166251.132609668,1,0,0.01
1773166252.154290951,0,0,1.24
1773166252.154290951,1,0,0.01
1773166253.175912628,0,0,1.24
1773166253.175912628,1,0,0.01
1773166254.197113707,0,0,1.24
1773166254.197113707,1,0,0.01
1773166255.218774654,0,0,1.24
1773166255.218774654,1,0,0.01
1773166256.239920819,0,0,1.24
1773166256.239920819,1,0,0.01
1773166257.261849788,0,0,1.24
1773166257.261849788,1,0,0.01
1773166258.283868625,0,0,1.24
1773166258.283868625,1,0,0.01
1773166259.305024985,0,0,1.24
1773166259.305024985,1,0,0.01
1773166260.326920167,0,0,1.24
1773166260.326920167,1,0,0.01
1773166261.348103002,0,0,1.24
1773166261.348103002,1,0,0.01
1773166262.369121420,0,0,1.24
1773166262.369121420,1,0,0.01
1773166263.390414702,0,0,1.24
1773166263.390414702,1,0,0.01
1773166264.412726905,0,0,1.24
1773166264.412726905,1,0,0.01
1773166265.434920975,0,0,1.24
1773166265.434920975,1,0,0.01
1773166266.457031813,0,0,1.24
1773166266.457031813,1,0,0.01
1773166267.478276177,0,0,1.24
1773166267.478276177,1,0,0.01
1773166268.499264452,0,0,1.24
1773166268.499264452,1,0,0.01
1773166269.520365156,0,0,1.24
1773166269.520365156,1,0,0.01
1773166270.541648106,0,0,1.24
1773166270.541648106,1,0,0.01
1773166271.562971762,0,0,1.24
1773166271.562971762,1,0,0.01
1773166272.583839644,0,0,1.24
1773166272.583839644,1,0,0.01
1773166273.605023467,0,0,1.24
1773166273.605023467,1,0,0.01
1773166274.626558370,0,0,1.24
1773166274.626558370,1,0,0.01
1773166275.648049542,0,0,1.24
1773166275.648049542,1,0,0.01
1773166276.669706168,0,0,1.24
1773166276.669706168,1,0,0.01
1773166277.691322526,0,0,1.24
1773166277.691322526,1,0,0.01
1773166278.712753768,0,0,1.24
1773166278.712753768,1,0,0.01
1773166279.734317569,0,0,1.24
1773166279.734317569,1,0,0.01
1773166280.755934588,0,0,1.24
1773166280.755934588,1,0,0.01
1773166281.777281041,0,0,1.24
1773166281.777281041,1,0,0.01
1773166282.798121368,0,0,1.24
1773166282.798121368,1,0,0.01
1773166283.818427743,0,0,1.24
1773166283.818427743,1,0,0.01
1773166284.840668012,0,0,1.24
1773166284.840668012,1,0,0.01
1773166285.863140307,0,0,1.24
1773166285.863140307,1,0,0.01
1773166286.884365151,0,0,1.24
1773166286.884365151,1,0,0.01
1773166287.905752418,0,0,1.24
1773166287.905752418,1,0,0.01
1773166288.927107218,0,0,1.24
1773166288.927107218,1,0,0.01
1773166289.948326759,0,0,1.24
1773166289.948326759,1,0,0.01
1773166290.971161042,0,0,1.24
1773166290.971161042,1,0,0.01
1773166291.994106658,0,0,1.24
1773166291.994106658,1,0,0.01
1773166293.016060337,0,0,1.24
1773166293.016060337,1,0,0.01
1773166294.038110273,0,0,1.24
1773166294.038110273,1,0,0.01
1773166295.059499535,0,0,1.24
1773166295.059499535,1,0,0.01
1773166296.081037743,0,0,1.24
1773166296.081037743,1,0,0.01
1773166297.102227787,0,0,1.24
1773166297.102227787,1,0,0.01
1773166298.123968801,0,0,1.24
1773166298.123968801,1,0,0.01
1773166299.145405831,0,0,1.24
1773166299.145405831,1,0,0.01
1773166300.165250498,0,0,1.24
1773166300.165250498,1,0,0.01
1773166301.184986117,0,0,1.24
1773166301.184986117,1,0,0.01
1773166302.204972028,0,0,1.24
1773166302.204972028,1,0,0.01
1773166303.227069621,0,0,1.24
1773166303.227069621,1,0,0.01
1773166304.248069408,0,0,1.24
1773166304.248069408,1,0,0.01
1773166305.269987450,0,0,1.24
1773166305.269987450,1,0,0.01
1773166306.291151554,0,0,1.24
1773166306.291151554,1,0,0.01
1773166307.313509241,0,0,1.24
1773166307.313509241,1,0,0.01
1773166308.335740076,0,0,1.24
1773166308.335740076,1,0,0.01
1773166309.358531417,0,0,1.24
1773166309.358531417,1,0,0.01
1773166310.380546772,0,0,1.24
1773166310.380546772,1,0,0.01
1773166311.402291481,0,0,1.24
1773166311.402291481,1,0,0.01
1773166312.422990108,0,0,1.24
1773166312.422990108,1,0,0.01
1773166313.445108821,0,0,1.24
1773166313.445108821,1,0,0.01
1773166314.466025946,0,0,1.24
1773166314.466025946,1,0,0.01
1773166315.487368236,0,0,1.24
1773166315.487368236,1,0,0.01
1773166316.509636187,0,0,1.24
1773166316.509636187,1,0,0.01
1773166317.530616035,0,0,1.24
1773166317.530616035,1,0,0.01
1773166318.552115431,0,0,1.24
1773166318.552115431,1,0,0.01
1773166319.574256881,0,0,1.24
1773166319.574256881,1,0,0.01
1773166320.594384218,0,0,1.24
1773166320.594384218,1,0,0.01
1773166321.614213552,0,0,1.24
1773166321.614213552,1,0,0.01
1773166322.636095202,0,0,1.24
1773166322.636095202,1,0,0.01
1773166323.657776989,0,0,1.24
1773166323.657776989,1,0,0.01
1773166324.680182132,0,0,1.24
1773166324.680182132,1,0,0.01
1773166325.701281600,0,0,1.24
1773166325.701281600,1,0,0.01
1773166326.722149475,0,0,1.24
1773166326.722149475,1,0,0.01
1773166327.743448729,0,0,1.24
1773166327.743448729,1,0,0.01
1773166328.764433982,0,0,1.24
1773166328.764433982,1,0,0.01
1773166329.784628504,0,0,1.24
1773166329.784628504,1,0,0.01
1773166330.806612489,0,0,1.24
1773166330.806612489,1,0,0.01
1773166331.827852781,0,0,1.24
1773166331.827852781,1,0,0.01
1773166332.850329764,0,0,1.24
1773166332.850329764,1,0,0.01
1773166333.872095982,0,0,1.24
1773166333.872095982,1,0,0.01
1773166334.893250597,0,0,1.24
1773166334.893250597,1,0,0.01
1773166335.915257996,0,0,1.24
1773166335.915257996,1,0,0.01
1773166336.936856679,0,0,1.24
1773166336.936856679,1,0,0.01
1773166337.957226007,0,0,1.24
1773166337.957226007,1,0,0.01
1773166338.977446094,0,0,1.24
1773166338.977446094,1,0,0.01
1773166339.998276234,0,0,1.24
1773166339.998276234,1,0,0.01
1773166341.018019817,0,0,1.24
1773166341.018019817,1,0,0.01
1773166342.038297445,0,0,1.24
1773166342.038297445,1,0,0.01
1773166343.058387287,0,0,1.24
1773166343.058387287,1,0,0.01
1773166344.079928210,0,0,1.24
1773166344.079928210,1,0,0.01
1773166345.101416261,0,0,1.24
1773166345.101416261,1,0,0.01
1773166346.122471876,0,0,1.24
1773166346.122471876,1,0,0.01
1773166347.144290977,0,0,1.24
1773166347.144290977,1,0,0.01
1773166348.166748496,0,0,1.24
1773166348.166748496,1,0,0.01
1773166349.188505484,0,0,1.24
1773166349.188505484,1,0,0.01
1773166350.208792296,0,0,1.24
1773166350.208792296,1,0,0.01
1773166351.230434181,0,0,1.24
1773166351.230434181,1,0,0.01
1773166352.251421646,0,0,1.24
1773166352.251421646,1,0,0.01
1773166353.273689206,0,0,1.24
1773166353.273689206,1,0,0.01
1773166354.295344810,0,0,1.24
1773166354.295344810,1,0,0.01
1773166355.316939437,0,0,1.24
1773166355.316939437,1,0,0.01
1773166356.338009548,0,0,1.24
1773166356.338009548,1,0,0.01
1773166357.359694277,0,0,1.24
1773166357.359694277,1,0,0.01
1773166358.381452503,0,0,1.24
1773166358.381452503,1,0,0.01
1773166359.402288024,0,0,1.24
1773166359.402288024,1,0,0.01
1773166360.422361276,0,0,1.24
1773166360.422361276,1,0,0.01
1773166361.444101766,0,0,1.24
1773166361.444101766,1,0,0.01
1773166362.466558016,0,0,1.24
1773166362.466558016,1,0,0.01
1773166363.487831457,0,0,1.24
1773166363.487831457,1,0,0.01
1773166364.508727839,0,0,1.24
1773166364.508727839,1,0,0.01
1773166365.529916207,0,0,1.24
1773166365.529916207,1,0,0.01
1773166366.551303916,0,0,1.24
1773166366.551303916,1,0,0.01
1773166367.573742298,0,0,1.24
1773166367.573742298,1,0,0.01
1773166368.594662708,0,0,1.24
1773166368.594662708,1,0,0.01
1773166369.616505503,0,0,1.24
1773166369.616505503,1,0,0.01
1773166370.638196270,0,0,1.24
1773166370.638196270,1,0,0.01
1773166371.659880447,0,0,1.24
1773166371.659880447,1,0,0.01
1773166372.682322405,0,0,1.24
1773166372.682322405,1,0,0.01
1773166373.704140821,0,0,1.24
1773166373.704140821,1,0,0.01
1773166374.726534761,0,0,1.24
1773166374.726534761,1,0,0.01
1773166375.748533922,0,0,1.24
1773166375.748533922,1,0,0.01
1773166376.768689210,0,0,1.24
1773166376.768689210,1,0,0.01
1773166377.790070306,0,0,1.24
1773166377.790070306,1,0,0.01
1773166378.811662992,0,0,1.24
1773166378.811662992,1,0,0.01
1773166379.833501046,0,0,1.24
1773166379.833501046,1,0,0.01
1773166380.855877706,0,0,1.24
1773166380.855877706,1,0,0.01
1773166381.877024046,0,0,1.24
1773166381.877024046,1,0,0.01
1773166382.898418981,0,0,1.24
1773166382.898418981,1,0,0.01
1773166383.919988862,0,0,1.24
1773166383.919988862,1,0,0.01
1773166384.942320788,0,0,1.24
1773166384.942320788,1,0,0.01
1773166385.964451008,0,0,1.24
1773166385.964451008,1,0,0.01
1773166386.984771445,0,0,1.24
1773166386.984771445,1,0,0.01
1773166388.005914681,0,0,1.24
1773166388.005914681,1,0,0.01
1773166389.027558950,0,0,1.24
1773166389.027558950,1,0,0.01
1773166390.049363717,0,0,1.24
1773166390.049363717,1,0,0.01
1773166391.070473085,0,0,1.24
1773166391.070473085,1,0,0.01
1773166392.091554712,0,0,1.24
1773166392.091554712,1,0,0.01
1773166393.113109828,0,0,1.24
1773166393.113109828,1,0,0.01
1773166394.134397806,0,0,1.24
1773166394.134397806,1,0,0.01
1773166395.154496043,0,0,1.24
1773166395.154496043,1,0,0.01
1773166396.175835216,0,0,1.24
1773166396.175835216,1,0,0.01
1773166397.195781907,0,0,1.24
1773166397.195781907,1,0,0.01
1773166398.217191494,0,0,1.24
1773166398.217191494,1,0,0.01
1773166399.238217024,0,0,1.24
1773166399.238217024,1,0,0.01
1773166400.259539449,0,0,1.24
1773166400.259539449,1,0,0.01
1773166401.281597019,0,0,1.24
1773166401.281597019,1,0,0.01
1773166402.303617319,0,0,1.24
1773166402.303617319,1,0,0.01
1773166403.325061031,0,0,1.24
1773166403.325061031,1,0,0.01
1773166404.346485354,0,0,1.24
1773166404.346485354,1,0,0.01
1773166405.368217122,0,0,1.24
1773166405.368217122,1,0,0.01
1773166406.389615410,0,0,1.24
1773166406.389615410,1,0,0.01
1773166407.411778367,0,0,1.24
1773166407.411778367,1,0,0.01
1773166408.433498462,0,0,1.24
1773166408.433498462,1,0,0.01
1773166409.454692353,0,0,1.24
1773166409.454692353,1,0,0.01
1773166410.476157756,0,0,1.24
1773166410.476157756,1,0,0.01
1773166411.497609042,0,0,1.24
1773166411.497609042,1,0,0.01
1773166412.518161838,0,0,1.24
1773166412.518161838,1,0,0.01
1773166413.539025976,0,0,1.24
1773166413.539025976,1,0,0.01
1773166414.560656110,0,0,1.24
1773166414.560656110,1,0,0.01
1773166415.581924093,0,0,1.24
1773166415.581924093,1,0,0.01
1773166416.603364956,0,0,1.24
1773166416.603364956,1,0,0.01
1773166417.626000543,0,0,1.24
1773166417.626000543,1,0,0.01
1773166418.647712705,0,0,1.24
1773166418.647712705,1,0,0.01
1773166419.670054430,0,0,1.24
1773166419.670054430,1,0,0.01
1773166420.691963870,0,0,1.24
1773166420.691963870,1,0,0.01
1773166421.713218612,0,0,1.24
1773166421.713218612,1,0,0.01
1773166422.733295676,0,0,1.24
1773166422.733295676,1,0,0.01
1773166423.753751691,0,0,1.24
1773166423.753751691,1,0,0.01
1773166424.775191892,0,0,1.24
1773166424.775191892,1,0,0.01
1773166425.795261069,0,0,1.24
1773166425.795261069,1,0,0.01
1773166426.817245817,0,0,1.24
1773166426.817245817,1,0,0.01
1773166427.839688465,0,0,1.24
1773166427.839688465,1,0,0.01
1773166428.861010045,0,0,1.24
1773166428.861010045,1,0,0.01
1773166429.882891948,0,0,1.24
1773166429.882891948,1,0,0.01
1773166430.904896302,0,0,1.24
1773166430.904896302,1,0,0.01
1773166431.926092669,0,64,1.24
1773166431.926092669,1,0,0.01
1773166432.947591019,0,64,1.24
1773166432.947591019,1,0,0.01
1773166433.969447426,0,0,1.24
1773166433.969447426,1,0,0.01
1773166434.991096064,0,0,1.24
1773166434.991096064,1,0,0.01
1773166436.011848919,0,0,1.24
1773166436.011848919,1,0,0.01
1773166437.033752656,0,0,1.24
1773166437.033752656,1,0,0.01
1773166438.054606715,0,0,1.24
1773166438.054606715,1,0,0.01
1773166439.076731146,0,0,1.24
1773166439.076731146,1,0,0.01
1773166440.097793321,0,0,1.24
1773166440.097793321,1,0,0.01
1773166441.118902299,0,0,1.24
1773166441.118902299,1,0,0.01
1773166442.141099474,0,0,1.24
1773166442.141099474,1,0,0.01
1773166443.162543244,0,0,1.24
1773166443.162543244,1,0,0.01
1773166444.183926989,0,0,1.24
1773166444.183926989,1,0,0.01
1773166445.204705058,0,0,1.24
1773166445.204705058,1,0,0.01
1773166446.224926668,0,0,1.24
1773166446.224926668,1,0,0.01
1773166447.245912403,0,0,1.24
1773166447.245912403,1,0,0.01
1773166448.267898467,0,0,1.24
1773166448.267898467,1,0,0.01
1773166449.288891269,0,0,1.24
1773166449.288891269,1,0,0.01
1773166450.310972941,0,0,1.24
1773166450.310972941,1,0,0.01
1773166451.333197708,0,0,1.24
1773166451.333197708,1,0,0.01
1773166452.353158075,0,0,1.24
1773166452.353158075,1,0,0.01
1773166453.374235110,0,0,1.24
1773166453.374235110,1,0,0.01
1773166454.396808969,0,0,1.24
1773166454.396808969,1,0,0.01
1773166455.417890358,0,0,1.24
1773166455.417890358,1,0,0.01
1773166456.438862583,0,0,1.24
1773166456.438862583,1,0,0.01
1773166457.460921387,0,0,1.24
1773166457.460921387,1,0,0.01
1773166458.482865108,0,0,1.24
1773166458.482865108,1,0,0.01
1773166459.505276414,0,0,1.24
1773166459.505276414,1,0,0.01
1773166460.526441941,0,0,1.24
1773166460.526441941,1,0,0.01
1773166461.548408651,0,0,1.24
1773166461.548408651,1,0,0.01
1773166462.569344483,0,0,1.24
1773166462.569344483,1,0,0.01
1773166463.591118374,0,0,1.24
1773166463.591118374,1,0,0.01
1773166464.612323037,0,0,1.24
1773166464.612323037,1,0,0.01
1773166465.633505231,0,0,1.24
1773166465.633505231,1,0,0.01
1773166466.654108344,0,0,1.24
1773166466.654108344,1,0,0.01
1773166467.675331967,0,0,1.24
1773166467.675331967,1,0,0.01
1773166468.695358332,0,0,1.24
1773166468.695358332,1,0,0.01
1773166469.717226243,0,0,1.24
1773166469.717226243,1,0,0.01
1773166470.737621042,0,0,1.24
1773166470.737621042,1,0,0.01
1773166471.758123534,0,0,1.24
1773166471.758123534,1,0,0.01
1773166472.778166649,0,0,1.24
1773166472.778166649,1,0,0.01
1773166473.798848624,0,0,1.24
1773166473.798848624,1,0,0.01
1773166474.820014506,0,0,1.24
1773166474.820014506,1,0,0.01
1773166475.841417400,0,0,1.24
1773166475.841417400,1,0,0.01
1773166476.863596334,0,0,1.24
1773166476.863596334,1,0,0.01
1773166477.885903066,0,0,1.24
1773166477.885903066,1,0,0.01
1773166478.907569082,0,0,1.24
1773166478.907569082,1,0,0.01
1773166479.929937606,0,0,1.24
1773166479.929937606,1,0,0.01
1773166480.952178924,0,0,1.24
1773166480.952178924,1,0,0.01
1773166481.973595665,0,0,1.24
1773166481.973595665,1,0,0.01
1773166482.994716306,0,0,1.24
1773166482.994716306,1,0,0.01
1773166484.016154601,0,0,1.24
1773166484.016154601,1,0,0.01
1773166485.037086223,0,0,1.24
1773166485.037086223,1,0,0.01
1773166486.059209195,0,0,1.24
1773166486.059209195,1,0,0.01
1773166487.079852232,0,67,1.24
1773166487.079852232,1,0,0.01
1773166488.099368379,0,0,1.24
1773166488.099368379,1,0,0.01
1773166489.119407247,0,0,1.24
1773166489.119407247,1,0,0.01
1773166490.140603132,0,0,1.24
1773166490.140603132,1,0,0.01
1773166491.162385276,0,0,1.24
1773166491.162385276,1,0,0.01
1773166492.184204219,0,0,1.24
1773166492.184204219,1,0,0.01
1773166493.206101626,0,0,1.24
1773166493.206101626,1,0,0.01
1773166494.227430137,0,0,1.24
1773166494.227430137,1,0,0.01
1773166495.249143651,0,0,1.24
1773166495.249143651,1,0,0.01
1773166496.270000013,0,0,1.24
1773166496.270000013,1,0,0.01
1773166497.292341948,0,0,1.24
1773166497.292341948,1,0,0.01
1773166498.313368382,0,0,1.24
1773166498.313368382,1,0,0.01
1773166499.335057993,0,0,1.24
1773166499.335057993,1,0,0.01
1773166500.355908122,0,0,1.24
1773166500.355908122,1,0,0.01
1773166501.378018444,0,0,1.24
1773166501.378018444,1,0,0.01
1773166502.399160856,0,0,1.24
1773166502.399160856,1,0,0.01
1773166503.421338176,0,0,1.24
1773166503.421338176,1,0,0.01
1773166504.442343944,0,0,1.24
1773166504.442343944,1,0,0.01
1773166505.462142579,0,0,1.24
1773166505.462142579,1,0,0.01
1773166506.483909809,0,0,1.24
1773166506.483909809,1,0,0.01
1773166507.504964359,0,0,1.24
1773166507.504964359,1,0,0.01
1773166508.525160367,0,0,1.24
1773166508.525160367,1,0,0.01
1773166509.544810108,0,0,1.24
1773166509.544810108,1,0,0.01
1773166510.564704716,0,0,1.24
1773166510.564704716,1,0,0.01
1773166511.587187647,0,0,1.24
1773166511.587187647,1,0,0.01
1773166512.607371393,0,0,1.24
1773166512.607371393,1,0,0.01
1773166513.627219244,0,0,1.24
1773166513.627219244,1,0,0.01
1773166514.647413596,0,0,1.24
1773166514.647413596,1,0,0.01
1773166515.666886945,0,0,1.24
1773166515.666886945,1,0,0.01
1773166516.688109924,0,0,1.24
1773166516.688109924,1,0,0.01
1773166517.709342577,0,0,1.24
1773166517.709342577,1,0,0.01
1773166518.730583618,0,0,1.24
1773166518.730583618,1,0,0.01
1773166519.751627608,0,0,1.24
1773166519.751627608,1,0,0.01
1773166520.772728872,0,0,1.24
1773166520.772728872,1,0,0.01
1773166521.794964841,0,0,1.24
1773166521.794964841,1,0,0.01
1773166522.816096302,0,0,1.24
1773166522.816096302,1,0,0.01
1773166523.837416934,0,0,1.24
1773166523.837416934,1,0,0.01
1773166524.858676865,0,0,1.24
1773166524.858676865,1,0,0.01
1773166525.880441302,0,0,1.24
1773166525.880441302,1,0,0.01
1773166526.901840183,0,0,1.24
1773166526.901840183,1,0,0.01
1773166527.923255200,0,0,1.24
1773166527.923255200,1,0,0.01
1773166528.943562410,0,0,1.24
1773166528.943562410,1,0,0.01
1773166529.963870183,0,0,1.24
1773166529.963870183,1,0,0.01
1773166530.985968907,0,0,1.24
1773166530.985968907,1,0,0.01
1773166532.007778577,0,0,1.24
1773166532.007778577,1,0,0.01
1773166533.029802760,0,0,1.24
1773166533.029802760,1,0,0.01
1773166534.050788239,0,0,1.24
1773166534.050788239,1,0,0.01
1773166535.071908280,0,0,1.24
1773166535.071908280,1,0,0.01
1773166536.094061452,0,0,1.24
1773166536.094061452,1,0,0.01
1773166537.115953591,0,0,1.24
1773166537.115953591,1,0,0.01
1773166538.137906795,0,0,1.24
1773166538.137906795,1,0,0.01
1773166539.158921344,0,0,1.24
1773166539.158921344,1,0,0.01
1773166540.179979582,0,0,1.24
1773166540.179979582,1,0,0.01
1773166541.201471939,0,0,1.24
1773166541.201471939,1,0,0.01
1773166542.222685031,0,0,1.24
1773166542.222685031,1,0,0.01
1773166543.244445005,0,0,1.24
1773166543.244445005,1,0,0.01
1773166544.266444795,0,0,1.24
1773166544.266444795,1,0,0.01
1773166545.287566901,0,0,1.24
1773166545.287566901,1,0,0.01
1773166546.309211761,0,0,1.24
1773166546.309211761,1,0,0.01
1773166547.328866235,0,0,1.24
1773166547.328866235,1,0,0.01
1773166548.349438154,0,0,1.24
1773166548.349438154,1,0,0.01
1773166549.370733094,0,0,1.24
1773166549.370733094,1,0,0.01
1773166550.392815635,0,0,1.24
1773166550.392815635,1,0,0.01
1773166551.414908363,0,0,1.24
1773166551.414908363,1,0,0.01
1773166552.436500596,0,0,1.24
1773166552.436500596,1,0,0.01
1773166553.458532754,0,0,1.24
1773166553.458532754,1,0,0.01
1773166554.479935144,0,0,1.24
1773166554.479935144,1,0,0.01
1773166555.501473791,0,0,1.24
1773166555.501473791,1,0,0.01
1773166556.523365513,0,0,1.24
1773166556.523365513,1,0,0.01
1773166557.545197920,0,0,1.24
1773166557.545197920,1,0,0.01
1773166558.567835342,0,0,1.24
1773166558.567835342,1,0,0.01
1773166559.589599055,0,0,1.24
1773166559.589599055,1,0,0.01
1773166560.611980142,0,0,1.24
1773166560.611980142,1,0,0.01
1773166561.633445767,0,0,1.24
1773166561.633445767,1,0,0.01
1773166562.654837452,0,0,1.24
1773166562.654837452,1,0,0.01
1773166563.676582475,0,0,1.24
1773166563.676582475,1,0,0.01
1773166564.698301471,0,0,1.24
1773166564.698301471,1,0,0.01
1773166565.720090281,0,0,1.24
1773166565.720090281,1,0,0.01
1773166566.742100140,0,0,1.24
1773166566.742100140,1,0,0.01
1773166567.763098632,0,0,1.24
1773166567.763098632,1,0,0.01
1773166568.785846498,0,0,1.24
1773166568.785846498,1,0,0.01
1773166569.807533418,0,0,1.24
1773166569.807533418,1,0,0.01
1773166570.827642933,0,0,1.24
1773166570.827642933,1,0,0.01
1773166571.847432868,0,0,1.24
1773166571.847432868,1,0,0.01
1773166572.869085764,0,0,1.24
1773166572.869085764,1,0,0.01
1773166573.890516319,0,0,1.24
1773166573.890516319,1,0,0.01
1773166574.912150110,0,0,1.24
1773166574.912150110,1,0,0.01
1773166575.933904604,0,0,1.24
1773166575.933904604,1,0,0.01
1773166576.956363511,0,0,1.24
1773166576.956363511,1,0,0.01
1773166577.978164898,0,0,1.24
1773166577.978164898,1,0,0.01
1773166578.999213762,0,0,1.24
1773166578.999213762,1,0,0.01
1773166580.019438949,0,0,1.24
1773166580.019438949,1,0,0.01
1773166581.039152915,0,0,1.24
1773166581.039152915,1,0,0.01
1773166582.060786881,0,0,1.24
1773166582.060786881,1,0,0.01
1773166583.082112234,0,0,1.24
1773166583.082112234,1,0,0.01
1773166584.103469728,0,0,1.24
1773166584.103469728,1,0,0.01
1773166585.124837358,0,0,1.24
1773166585.124837358,1,0,0.01
1773166586.145874661,0,0,1.24
1773166586.145874661,1,0,0.01
1773166587.167071384,0,0,1.24
1773166587.167071384,1,0,0.01
1773166588.188464947,0,0,1.24
1773166588.188464947,1,0,0.01
1773166589.208399560,0,0,1.24
1773166589.208399560,1,0,0.01
1773166590.228012241,0,0,1.24
1773166590.228012241,1,0,0.01
1773166591.250170975,0,0,1.24
1773166591.250170975,1,0,0.01
1773166592.271168859,0,0,1.24
1773166592.271168859,1,0,0.01
1773166593.292529145,0,0,1.24
1773166593.292529145,1,0,0.01
1773166594.313723858,0,0,1.24
1773166594.313723858,1,0,0.01
1773166595.334878673,0,0,1.24
1773166595.334878673,1,0,0.01
1773166596.356501633,0,0,1.24
1773166596.356501633,1,0,0.01
1773166597.376677512,0,0,1.24
1773166597.376677512,1,0,0.01
1773166598.398883370,0,0,1.24
1773166598.398883370,1,0,0.01
1773166599.420512769,0,0,1.24
1773166599.420512769,1,0,0.01
1773166600.442172629,0,0,1.24
1773166600.442172629,1,0,0.01
1773166601.464242612,0,0,1.24
1773166601.464242612,1,0,0.01
1773166602.485871816,0,0,1.24
1773166602.485871816,1,0,0.01
1773166603.508239637,0,0,1.24
1773166603.508239637,1,0,0.01
1773166604.529846955,0,0,1.24
1773166604.529846955,1,0,0.01
1773166605.552138062,0,0,1.24
1773166605.552138062,1,0,0.01
1773166606.574239338,0,0,1.24
1773166606.574239338,1,0,0.01
1773166607.596681428,0,0,1.24
1773166607.596681428,1,0,0.01
1773166608.618780971,0,0,1.24
1773166608.618780971,1,0,0.01
1773166609.640818680,0,0,1.24
1773166609.640818680,1,0,0.01
1773166610.662165998,0,0,1.24
1773166610.662165998,1,0,0.01
1773166611.683277729,0,0,1.24
1773166611.683277729,1,0,0.01
1773166612.703226713,0,0,1.24
1773166612.703226713,1,0,0.01
1773166613.724735173,0,0,1.24
1773166613.724735173,1,0,0.01
1773166614.746710005,0,0,1.24
1773166614.746710005,1,0,0.01
1773166615.768005209,0,0,1.24
1773166615.768005209,1,0,0.01
1773166616.788822012,0,0,1.24
1773166616.788822012,1,0,0.01
1773166617.810254116,0,0,1.24
1773166617.810254116,1,0,0.01
1773166618.832101128,0,0,1.24
1773166618.832101128,1,0,0.01
1773166619.852970180,0,0,1.24
1773166619.852970180,1,0,0.01
1773166620.874095186,0,0,1.24
1773166620.874095186,1,0,0.01
1773166621.895356802,0,0,1.24
1773166621.895356802,1,0,0.01
1773166622.916171192,0,0,1.24
1773166622.916171192,1,0,0.01
1773166623.938238280,0,0,1.24
1773166623.938238280,1,0,0.01
1773166624.959270693,0,67,1.24
1773166624.959270693,1,0,0.01
1773166625.980940466,0,67,1.24
1773166625.980940466,1,0,0.01
1773166627.000695132,0,0,1.24
1773166627.000695132,1,0,0.01
1773166628.021100408,0,0,1.24
1773166628.021100408,1,0,0.01
1773166629.042828041,0,0,1.24
1773166629.042828041,1,0,0.01
1773166630.064260935,0,0,1.24
1773166630.064260935,1,0,0.01
1773166631.085537959,0,0,1.24
1773166631.085537959,1,0,0.01
1773166632.107312869,0,0,1.24
1773166632.107312869,1,0,0.01
1773166633.128802912,0,0,1.24
1773166633.128802912,1,0,0.01
1773166634.150816040,0,0,1.24
1773166634.150816040,1,0,0.01
1773166635.171939722,0,0,1.24
1773166635.171939722,1,0,0.01
1773166636.193932434,0,0,1.24
1773166636.193932434,1,0,0.01
1773166637.214904541,0,0,1.24
1773166637.214904541,1,0,0.01
1773166638.235669326,0,0,1.24
1773166638.235669326,1,0,0.01
1773166639.256645271,0,0,1.24
1773166639.256645271,1,0,0.01
1773166640.277559237,0,0,1.24
1773166640.277559237,1,0,0.01
1773166641.297339538,0,0,1.24
1773166641.297339538,1,0,0.01
1773166642.318438265,0,0,1.24
1773166642.318438265,1,0,0.01
1773166643.339445368,0,0,1.24
1773166643.339445368,1,0,0.01
1773166644.361489849,0,0,1.24
1773166644.361489849,1,0,0.01
1773166645.383224079,0,0,1.24
1773166645.383224079,1,0,0.01
1773166646.404956383,0,0,1.24
1773166646.404956383,1,0,0.01
1773166647.426839750,0,0,1.24
1773166647.426839750,1,0,0.01
1773166648.447981997,0,0,1.24
1773166648.447981997,1,0,0.01
1773166649.469825229,0,0,1.24
1773166649.469825229,1,0,0.01
1773166650.491447370,0,0,1.24
1773166650.491447370,1,0,0.01
1773166651.511131118,0,0,1.24
1773166651.511131118,1,0,0.01
1773166652.532344406,0,0,1.24
1773166652.532344406,1,0,0.01
1773166653.553197531,0,0,1.24
1773166653.553197531,1,0,0.01
1773166654.572995011,0,0,1.24
1773166654.572995011,1,0,0.01
1773166655.593861590,0,0,1.24
1773166655.593861590,1,0,0.01
1773166656.613696307,0,0,1.24
1773166656.613696307,1,0,0.01
1773166657.634511188,0,0,1.24
1773166657.634511188,1,0,0.01
1773166658.655735544,0,0,1.24
1773166658.655735544,1,0,0.01
1773166659.677106328,0,0,1.24
1773166659.677106328,1,0,0.01
1773166660.699220504,0,0,1.24
1773166660.699220504,1,0,0.01
1773166661.719766960,0,0,1.24
1773166661.719766960,1,0,0.01
1773166662.740317842,0,0,1.24
1773166662.740317842,1,0,0.01
1773166663.762416811,0,0,1.24
1773166663.762416811,1,0,0.01
1773166664.784026384,0,0,1.24
1773166664.784026384,1,0,0.01
1773166665.806001950,0,0,1.24
1773166665.806001950,1,0,0.01
1773166666.827048904,0,0,1.24
1773166666.827048904,1,0,0.01
1773166667.848512585,0,0,1.24
1773166667.848512585,1,0,0.01
1773166668.870136040,0,0,1.24
1773166668.870136040,1,0,0.01
1773166669.891305990,0,0,1.24
1773166669.891305990,1,0,0.01
1773166670.912132705,0,0,1.24
1773166670.912132705,1,0,0.01
1773166671.933258899,0,0,1.24
1773166671.933258899,1,0,0.01
1773166672.955140044,0,0,1.24
1773166672.955140044,1,0,0.01
1773166673.976615329,0,0,1.24
1773166673.976615329,1,0,0.01
1773166674.998441717,0,0,1.24
1773166674.998441717,1,0,0.01
1773166676.019471720,0,0,1.24
1773166676.019471720,1,0,0.01
1773166677.039204028,0,0,1.24
1773166677.039204028,1,0,0.01
1773166678.059065213,0,0,1.24
1773166678.059065213,1,0,0.01
1773166679.079959948,0,0,1.24
1773166679.079959948,1,0,0.01
1773166680.101824762,0,0,1.24
1773166680.101824762,1,0,0.01
1773166681.123787701,0,0,1.24
1773166681.123787701,1,0,0.01
1773166682.145580422,0,0,1.24
1773166682.145580422,1,0,0.01
1773166683.165646516,0,0,1.24
1773166683.165646516,1,0,0.01
1773166684.187614589,0,0,1.24
1773166684.187614589,1,0,0.01
1773166685.209543483,0,0,1.24
1773166685.209543483,1,0,0.01
1773166686.230536062,0,0,1.24
1773166686.230536062,1,0,0.01
1773166687.250705396,0,0,1.24
1773166687.250705396,1,0,0.01
1773166688.271652081,0,0,1.24
1773166688.271652081,1,0,0.01
1773166689.291822133,0,0,1.24
1773166689.291822133,1,0,0.01
1773166690.313084641,0,0,1.24
1773166690.313084641,1,0,0.01
1773166691.334228269,0,0,1.24
1773166691.334228269,1,0,0.01
1773166692.354503647,0,0,1.24
1773166692.354503647,1,0,0.01
1773166693.376340962,0,0,1.24
1773166693.376340962,1,0,0.01
1773166694.397189573,0,0,1.24
1773166694.397189573,1,0,0.01
1773166695.417274782,0,0,1.24
1773166695.417274782,1,0,0.01
1773166696.439156936,0,0,1.24
1773166696.439156936,1,0,0.01
1773166697.460335054,0,0,1.24
1773166697.460335054,1,0,0.01
1773166698.482327199,0,0,1.24
1773166698.482327199,1,0,0.01
1773166699.503740686,0,0,1.24
1773166699.503740686,1,0,0.01
1773166700.524724858,0,0,1.24
1773166700.524724858,1,0,0.01
1773166701.545791905,0,0,1.24
1773166701.545791905,1,0,0.01
1773166702.566747519,0,0,1.24
1773166702.566747519,1,0,0.01
1773166703.588293403,0,0,1.24
1773166703.588293403,1,0,0.01
1773166704.610709917,0,0,1.24
1773166704.610709917,1,0,0.01
1773166705.632468488,0,0,1.24
1773166705.632468488,1,0,0.01
1773166706.653881396,0,0,1.24
1773166706.653881396,1,0,0.01
1773166707.675545463,0,0,1.24
1773166707.675545463,1,0,0.01
1773166708.697680657,0,0,1.24
1773166708.697680657,1,0,0.01
1773166709.721712453,0,0,1.24
1773166709.721712453,1,0,0.01
1773166710.744892340,0,0,1.24
1773166710.744892340,1,0,0.01
1773166711.766432097,0,0,1.24
1773166711.766432097,1,0,0.01
1773166712.788131013,0,0,1.24
1773166712.788131013,1,0,0.01
1773166713.811463053,0,0,1.24
1773166713.811463053,1,0,0.01
1773166714.833800287,0,0,1.24
1773166714.833800287,1,0,0.01
1773166715.855783406,0,0,1.24
1773166715.855783406,1,0,0.01
1773166716.878152112,0,0,1.24
1773166716.878152112,1,0,0.01
1773166717.900665064,0,0,1.24
1773166717.900665064,1,0,0.01
1773166718.922795473,0,0,1.24
1773166718.922795473,1,0,0.01
1773166719.944442496,0,0,1.24
1773166719.944442496,1,0,0.01
1773166720.966329510,0,0,1.24
1773166720.966329510,1,0,0.01
1773166721.989419578,0,0,1.24
1773166721.989419578,1,0,0.01
1773166723.010775855,0,0,1.24
1773166723.010775855,1,0,0.01
1773166724.030524615,0,0,1.24
1773166724.030524615,1,0,0.01
1773166725.052572575,0,0,1.24
1773166725.052572575,1,0,0.01
1773166726.074361441,0,0,1.24
1773166726.074361441,1,0,0.01
1773166727.095811332,0,0,1.24
1773166727.095811332,1,0,0.01
1773166728.117965947,0,0,1.24
1773166728.117965947,1,0,0.01
1773166729.139488401,0,0,1.24
1773166729.139488401,1,0,0.01
1773166730.161112494,0,0,1.24
1773166730.161112494,1,0,0.01
1773166731.182290764,0,0,1.24
1773166731.182290764,1,0,0.01
1773166732.202308327,0,0,1.24
1773166732.202308327,1,0,0.01
1773166733.223880775,0,0,1.24
1773166733.223880775,1,0,0.01
1773166734.245868554,0,0,1.24
1773166734.245868554,1,0,0.01
1773166735.267882373,0,0,1.24
1773166735.267882373,1,0,0.01
1773166736.290087527,0,0,1.24
1773166736.290087527,1,0,0.01
1773166737.310958337,0,0,1.24
1773166737.310958337,1,0,0.01
1773166738.332501530,0,0,1.24
1773166738.332501530,1,0,0.01
1773166739.353761105,0,0,1.24
1773166739.353761105,1,0,0.01
1773166740.375348129,0,0,1.24
1773166740.375348129,1,0,0.01
1773166741.396319031,0,0,1.24
1773166741.396319031,1,0,0.01
1773166742.418192036,0,0,1.24
1773166742.418192036,1,0,0.01
1773166743.439608778,0,0,1.24
1773166743.439608778,1,0,0.01
1773166744.460697351,0,0,1.24
1773166744.460697351,1,0,0.01
1773166745.482067739,0,0,1.24
1773166745.482067739,1,0,0.01
1773166746.504001140,0,0,1.24
1773166746.504001140,1,0,0.01
1773166747.526034326,0,0,1.24
1773166747.526034326,1,0,0.01
1773166748.547848201,0,0,1.24
1773166748.547848201,1,0,0.01
1773166749.568879365,0,0,1.24
1773166749.568879365,1,0,0.01
1773166750.590203408,0,0,1.24
1773166750.590203408,1,0,0.01
1773166751.610999971,0,0,1.24
1773166751.610999971,1,0,0.01
1773166752.630631231,0,0,1.24
1773166752.630631231,1,0,0.01
1773166753.652640378,0,0,1.24
1773166753.652640378,1,0,0.01
1773166754.674404099,0,0,1.24
1773166754.674404099,1,0,0.01
1773166755.696148231,0,0,1.24
1773166755.696148231,1,0,0.01
1773166756.717134929,0,0,1.24
1773166756.717134929,1,0,0.01
1773166757.738773537,0,0,1.24
1773166757.738773537,1,0,0.01
1773166758.759709404,0,0,1.24
1773166758.759709404,1,0,0.01
1773166759.780840458,0,0,1.24
1773166759.780840458,1,0,0.01
1773166760.802947008,0,0,1.24
1773166760.802947008,1,0,0.01
1773166761.824105509,0,0,1.24
1773166761.824105509,1,0,0.01
1773166762.845133999,0,0,1.24
1773166762.845133999,1,0,0.01
1773166763.866172249,0,0,1.24
1773166763.866172249,1,0,0.01
1773166764.887249147,0,0,1.24
1773166764.887249147,1,0,0.01
1773166765.909107783,0,0,1.24
1773166765.909107783,1,0,0.01
1773166766.931390709,0,0,1.24
1773166766.931390709,1,0,0.01
1773166767.952606633,0,0,1.24
1773166767.952606633,1,0,0.01
1773166768.974620081,0,0,1.24
1773166768.974620081,1,0,0.01
1773166769.995720968,0,0,1.24
1773166769.995720968,1,0,0.01
1773166771.017858351,0,0,1.24
1773166771.017858351,1,0,0.01
1773166772.039072258,0,0,1.24
1773166772.039072258,1,0,0.01
1773166773.060009516,0,0,1.24
1773166773.060009516,1,0,0.01
1773166774.080649262,0,0,1.24
1773166774.080649262,1,0,0.01
1773166775.101824449,0,0,1.24
1773166775.101824449,1,0,0.01
1773166776.123440506,0,0,1.24
1773166776.123440506,1,0,0.01
1773166777.144466965,0,0,1.24
1773166777.144466965,1,0,0.01
1773166778.165982224,0,0,1.24
1773166778.165982224,1,0,0.01
1773166779.187978373,0,0,1.24
1773166779.187978373,1,0,0.01
1773166780.210057067,0,0,1.24
1773166780.210057067,1,0,0.01
1773166781.231289710,0,0,1.24
1773166781.231289710,1,0,0.01
1773166782.252334711,0,0,1.24
1773166782.252334711,1,0,0.01
1773166783.274055614,0,0,1.24
1773166783.274055614,1,0,0.01
1773166784.296149448,0,0,1.24
1773166784.296149448,1,0,0.01
1773166785.316545637,0,0,1.24
1773166785.316545637,1,0,0.01
1773166786.336441117,0,0,1.24
1773166786.336441117,1,0,0.01
1773166787.357897293,0,0,1.24
1773166787.357897293,1,0,0.01
1773166788.379441534,0,0,1.24
1773166788.379441534,1,0,0.01
1773166789.400450677,0,0,1.24
1773166789.400450677,1,0,0.01
1773166790.421627755,0,0,1.24
1773166790.421627755,1,0,0.01
1773166791.441254732,0,0,1.24
1773166791.441254732,1,0,0.01
1773166792.461179930,0,0,1.24
1773166792.461179930,1,0,0.01
1773166793.482328223,0,0,1.24
1773166793.482328223,1,0,0.01
1773166794.503697013,0,0,1.24
1773166794.503697013,1,0,0.01
1773166795.524071295,0,0,1.24
1773166795.524071295,1,0,0.01
1773166796.546216195,0,0,1.24
1773166796.546216195,1,0,0.01
1773166797.567757311,0,0,1.24
1773166797.567757311,1,0,0.01
1773166798.589683595,0,0,1.24
1773166798.589683595,1,0,0.01
1773166799.610713560,0,0,1.24
1773166799.610713560,1,0,0.01
1773166800.631883086,0,0,1.24
1773166800.631883086,1,0,0.01
1773166801.653247167,0,0,1.24
1773166801.653247167,1,0,0.01
1773166802.675119103,0,0,1.24
1773166802.675119103,1,0,0.01
1773166803.696646206,0,0,1.24
1773166803.696646206,1,0,0.01
1773166804.717942381,0,0,1.24
1773166804.717942381,1,0,0.01
1773166805.739235078,0,0,1.24
1773166805.739235078,1,0,0.01
1773166806.760268748,0,0,1.24
1773166806.760268748,1,0,0.01
1773166807.781902701,0,0,1.24
1773166807.781902701,1,0,0.01
1773166808.804114987,0,0,1.24
1773166808.804114987,1,0,0.01
1773166809.826179055,0,0,1.24
1773166809.826179055,1,0,0.01
1773166810.847341235,0,0,1.24
1773166810.847341235,1,0,0.01
1773166811.868816809,0,0,1.24
1773166811.868816809,1,0,0.01
1773166812.889932180,0,0,1.24
1773166812.889932180,1,0,0.01
1773166813.911034741,0,0,1.24
1773166813.911034741,1,0,0.01
1773166814.932195894,0,0,1.24
1773166814.932195894,1,0,0.01
1773166815.954142687,0,0,1.24
1773166815.954142687,1,0,0.01
1773166816.975064861,0,0,1.24
1773166816.975064861,1,0,0.01
1773166817.995123089,0,0,1.24
1773166817.995123089,1,0,0.01
1773166819.014600796,0,0,1.24
1773166819.014600796,1,0,0.01
1773166820.034094492,0,0,1.24
1773166820.034094492,1,0,0.01
1773166821.054599864,0,0,1.24
1773166821.054599864,1,0,0.01
1773166822.075705366,0,0,1.24
1773166822.075705366,1,0,0.01
1773166823.096982960,0,0,1.24
1773166823.096982960,1,0,0.01
1773166824.118159443,0,0,1.24
1773166824.118159443,1,0,0.01
1773166825.139431232,0,0,1.24
1773166825.139431232,1,0,0.01
1773166826.160720201,0,0,1.24
1773166826.160720201,1,0,0.01
1773166827.181948785,0,0,1.24
1773166827.181948785,1,0,0.01
1773166828.204132342,0,0,1.24
1773166828.204132342,1,0,0.01
1773166829.225502583,0,0,1.24
1773166829.225502583,1,0,0.01
1773166830.245507579,0,0,1.24
1773166830.245507579,1,0,0.01
1773166831.267040637,0,0,1.24
1773166831.267040637,1,0,0.01
1773166832.287786727,0,0,1.24
1773166832.287786727,1,0,0.01
1773166833.309450085,0,0,1.24
1773166833.309450085,1,0,0.01
1773166834.330827597,0,0,1.24
1773166834.330827597,1,0,0.01
1773166835.352508323,0,0,1.24
1773166835.352508323,1,0,0.01
1773166836.373424275,0,0,1.24
1773166836.373424275,1,0,0.01
1773166837.393072502,0,0,1.24
1773166837.393072502,1,0,0.01
1773166838.412995371,0,0,1.24
1773166838.412995371,1,0,0.01
1773166839.434886424,0,0,1.24
1773166839.434886424,1,0,0.01
1773166840.455712573,0,0,1.24
1773166840.455712573,1,0,0.01
1773166841.477541561,0,0,1.24
1773166841.477541561,1,0,0.01
1773166842.499137419,0,0,1.24
1773166842.499137419,1,0,0.01
1773166843.518910945,0,0,1.24
1773166843.518910945,1,0,0.01
1773166844.539986209,0,0,1.24
1773166844.539986209,1,0,0.01
1773166845.561345670,0,0,1.24
1773166845.561345670,1,0,0.01
1773166846.582837834,0,0,1.24
1773166846.582837834,1,0,0.01
1773166847.603738593,0,0,1.24
1773166847.603738593,1,0,0.01
1773166848.625074044,0,0,1.24
1773166848.625074044,1,0,0.01
1773166849.644801577,0,0,1.24
1773166849.644801577,1,0,0.01
1773166850.664761102,0,0,1.24
1773166850.664761102,1,0,0.01
1773166851.687444988,0,0,1.24
1773166851.687444988,1,0,0.01
1773166852.708248573,0,0,1.24
1773166852.708248573,1,0,0.01
1773166853.730045078,0,0,1.24
1773166853.730045078,1,0,0.01
1773166854.751253165,0,0,1.24
1773166854.751253165,1,0,0.01
1773166855.772978992,0,0,1.24
1773166855.772978992,1,0,0.01
1773166856.794165527,0,0,1.24
1773166856.794165527,1,0,0.01
1773166857.816198274,0,69,1.24
1773166857.816198274,1,0,0.01
1773166858.836974338,0,67,1.24
1773166858.836974338,1,0,0.01
1773166859.858160923,0,0,1.24
1773166859.858160923,1,0,0.01
1773166860.879985258,0,0,1.24
1773166860.879985258,1,0,0.01
1773166861.902119490,0,0,1.24
1773166861.902119490,1,0,0.01
1773166862.923237345,0,0,1.24
1773166862.923237345,1,0,0.01
1773166863.943875454,0,0,1.24
1773166863.943875454,1,0,0.01
1773166864.964240958,0,0,1.24
1773166864.964240958,1,0,0.01
1773166865.985932484,0,0,1.24
1773166865.985932484,1,0,0.01
1773166867.005752912,0,0,1.24
1773166867.005752912,1,0,0.01
1773166868.027143461,0,0,1.24
1773166868.027143461,1,0,0.01
1773166869.048416807,0,0,1.24
1773166869.048416807,1,0,0.01
1773166870.069692195,0,0,1.24
1773166870.069692195,1,0,0.01
1773166871.091649634,0,0,1.24
1773166871.091649634,1,0,0.01
1773166872.113214155,0,0,1.24
1773166872.113214155,1,0,0.01
1773166873.133132652,0,0,1.24
1773166873.133132652,1,0,0.01
1773166874.153370583,0,0,1.24
1773166874.153370583,1,0,0.01
1773166875.174629195,0,0,1.24
1773166875.174629195,1,0,0.01
1773166876.195875250,0,0,1.24
1773166876.195875250,1,0,0.01
1773166877.217596263,0,0,1.24
1773166877.217596263,1,0,0.01
1773166878.239480060,0,0,1.24
1773166878.239480060,1,0,0.01
1773166879.261469764,0,0,1.24
1773166879.261469764,1,0,0.01
1773166880.283066448,0,0,1.24
1773166880.283066448,1,0,0.01
1773166881.304122307,0,0,1.24
1773166881.304122307,1,0,0.01
1773166882.326499686,0,0,1.24
1773166882.326499686,1,0,0.01
1773166883.348295490,0,0,1.24
1773166883.348295490,1,0,0.01
1773166884.369653087,0,0,1.24
1773166884.369653087,1,0,0.01
1773166885.391184693,0,0,1.24
1773166885.391184693,1,0,0.01
1773166886.413227693,0,0,1.24
1773166886.413227693,1,0,0.01
1773166887.433890580,0,0,1.24
1773166887.433890580,1,0,0.01
1773166888.453941564,0,0,1.24
1773166888.453941564,1,0,0.01
1773166889.475934592,0,0,1.24
1773166889.475934592,1,0,0.01
1773166890.498112793,0,0,1.24
1773166890.498112793,1,0,0.01
1773166891.519254105,0,0,1.24
1773166891.519254105,1,0,0.01
1773166892.541085057,0,0,1.24
1773166892.541085057,1,0,0.01
1773166893.562714494,0,0,1.24
1773166893.562714494,1,0,0.01
1773166894.584395385,0,0,1.24
1773166894.584395385,1,0,0.01
1773166895.606409757,0,0,1.24
1773166895.606409757,1,0,0.01
1773166896.627612012,0,0,1.24
1773166896.627612012,1,0,0.01
1773166897.647699015,0,0,1.24
1773166897.647699015,1,0,0.01
1773166898.667699573,0,0,1.24
1773166898.667699573,1,0,0.01
1773166899.689233740,0,0,1.24
1773166899.689233740,1,0,0.01
1773166900.709572885,0,0,1.24
1773166900.709572885,1,0,0.01
1773166901.731245218,0,0,1.24
1773166901.731245218,1,0,0.01
1773166902.751288288,0,0,1.24
1773166902.751288288,1,0,0.01
1773166903.772239203,0,0,1.24
1773166903.772239203,1,0,0.01
1773166904.792550681,0,0,1.24
1773166904.792550681,1,0,0.01
1773166905.812761296,0,0,1.24
1773166905.812761296,1,0,0.01
1773166906.834929335,0,0,1.24
1773166906.834929335,1,0,0.01
1773166907.856316723,0,0,1.24
1773166907.856316723,1,0,0.01
1773166908.877625212,0,0,1.24
1773166908.877625212,1,0,0.01
1773166909.898105102,0,0,1.24
1773166909.898105102,1,0,0.01
1773166910.918497562,0,0,1.24
1773166910.918497562,1,0,0.01
1773166911.938602495,0,0,1.24
1773166911.938602495,1,0,0.01
1773166912.959510658,0,0,1.24
1773166912.959510658,1,0,0.01
1773166913.981699854,0,0,1.24
1773166913.981699854,1,0,0.01
1773166915.002414499,0,0,1.24
1773166915.002414499,1,0,0.01
1773166916.022841595,0,0,1.24
1773166916.022841595,1,0,0.01
1773166917.044312284,0,0,1.24
1773166917.044312284,1,0,0.01
1773166918.066115335,0,0,1.24
1773166918.066115335,1,0,0.01
1773166919.087047770,0,0,1.24
1773166919.087047770,1,0,0.01
1773166920.108898607,0,0,1.24
1773166920.108898607,1,0,0.01
1773166921.129409787,0,0,1.24
1773166921.129409787,1,0,0.01
1773166922.149329951,0,0,1.24
1773166922.149329951,1,0,0.01
1773166923.171640596,0,0,1.24
1773166923.171640596,1,0,0.01
1773166924.192717794,0,0,1.24
1773166924.192717794,1,0,0.01
1773166925.214439744,0,0,1.24
1773166925.214439744,1,0,0.01
1773166926.234963576,0,0,1.24
1773166926.234963576,1,0,0.01
1773166927.256944883,0,0,1.24
1773166927.256944883,1,0,0.01
1773166928.278436101,0,0,1.24
1773166928.278436101,1,0,0.01
1773166929.300071477,0,0,1.24
1773166929.300071477,1,0,0.01
1773166930.322036189,0,0,1.24
1773166930.322036189,1,0,0.01
1773166931.343519826,0,0,1.24
1773166931.343519826,1,0,0.01
1773166932.365149454,0,0,1.24
1773166932.365149454,1,0,0.01
1773166933.387287576,0,0,1.24
1773166933.387287576,1,0,0.01
1773166934.409314212,0,0,1.24
1773166934.409314212,1,0,0.01
1773166935.431593819,0,0,1.24
1773166935.431593819,1,0,0.01
1773166936.453476215,0,0,1.24
1773166936.453476215,1,0,0.01
1773166937.475594370,0,0,1.24
1773166937.475594370,1,0,0.01
1773166938.497282863,0,0,1.24
1773166938.497282863,1,0,0.01
1773166939.517983412,0,0,1.24
1773166939.517983412,1,0,0.01
1773166940.538619073,0,0,1.24
1773166940.538619073,1,0,0.01
1773166941.560981709,0,0,1.24
1773166941.560981709,1,0,0.01
1773166942.581191061,0,0,1.24
1773166942.581191061,1,0,0.01
1773166943.603123116,0,0,1.24
1773166943.603123116,1,0,0.01
1773166944.625019159,0,0,1.24
1773166944.625019159,1,0,0.01
1773166945.644698394,0,0,1.24
1773166945.644698394,1,0,0.01
1773166946.665721183,0,0,1.24
1773166946.665721183,1,0,0.01
1773166947.688050492,0,0,1.24
1773166947.688050492,1,0,0.01
1773166948.709136382,0,0,1.24
1773166948.709136382,1,0,0.01
1773166949.730837376,0,0,1.24
1773166949.730837376,1,0,0.01
1773166950.751919754,0,0,1.24
1773166950.751919754,1,0,0.01
1773166951.773138315,0,0,1.24
1773166951.773138315,1,0,0.01
1773166952.794013301,0,0,1.24
1773166952.794013301,1,0,0.01
1773166953.816486565,0,0,1.24
1773166953.816486565,1,0,0.01
1773166954.838319515,0,0,1.24
1773166954.838319515,1,0,0.01
1773166955.859847962,0,0,1.24
1773166955.859847962,1,0,0.01
1773166956.880930083,0,0,1.24
1773166956.880930083,1,0,0.01
1773166957.903626764,0,0,1.24
1773166957.903626764,1,0,0.01
1773166958.924484223,0,0,1.24
1773166958.924484223,1,0,0.01
1773166959.945757813,0,0,1.24
1773166959.945757813,1,0,0.01
1773166960.966760772,0,0,1.24
1773166960.966760772,1,0,0.01
1773166961.988699720,0,0,1.24
1773166961.988699720,1,0,0.01
1773166963.010507865,0,0,1.24
1773166963.010507865,1,0,0.01
1773166964.032145879,0,0,1.24
1773166964.032145879,1,0,0.01
1773166965.053923069,0,0,1.24
1773166965.053923069,1,0,0.01
1773166966.075705975,0,0,1.24
1773166966.075705975,1,0,0.01
1773166967.096263561,0,0,1.24
1773166967.096263561,1,0,0.01
1773166968.116628478,0,0,1.24
1773166968.116628478,1,0,0.01
1773166969.138110818,0,0,1.24
1773166969.138110818,1,0,0.01
1773166970.159327721,0,0,1.24
1773166970.159327721,1,0,0.01
1773166971.180807550,0,0,1.24
1773166971.180807550,1,0,0.01
1773166972.201870287,0,0,1.24
1773166972.201870287,1,0,0.01
1773166973.223819725,0,0,1.24
1773166973.223819725,1,0,0.01
1773166974.244838060,0,0,1.24
1773166974.244838060,1,0,0.01
1773166975.267154148,0,0,1.24
1773166975.267154148,1,0,0.01
1773166976.288139776,0,0,1.24
1773166976.288139776,1,0,0.01
1773166977.310150453,0,0,1.24
1773166977.310150453,1,0,0.01
1773166978.330849995,0,0,1.24
1773166978.330849995,1,0,0.01
1773166979.353174743,0,0,1.24
1773166979.353174743,1,0,0.01
1773166980.375201167,0,0,1.24
1773166980.375201167,1,0,0.01
1773166981.396216469,0,0,1.24
1773166981.396216469,1,0,0.01
1773166982.417885610,0,0,1.24
1773166982.417885610,1,0,0.01
1773166983.439048667,0,0,1.24
1773166983.439048667,1,0,0.01
1773166984.461178036,0,0,1.24
1773166984.461178036,1,0,0.01
1773166985.483074193,0,0,1.24
1773166985.483074193,1,0,0.01
1773166986.504932109,0,0,1.24
1773166986.504932109,1,0,0.01
1773166987.526500051,0,0,1.24
1773166987.526500051,1,0,0.01
1773166988.546172710,0,0,1.24
1773166988.546172710,1,0,0.01
1773166989.567980084,0,0,1.24
1773166989.567980084,1,0,0.01
1773166990.590637876,0,0,1.24
1773166990.590637876,1,0,0.01
1773166991.611632483,0,0,1.24
1773166991.611632483,1,0,0.01
1773166992.632950862,0,0,1.24
1773166992.632950862,1,0,0.01
1773166993.654309468,0,0,1.24
1773166993.654309468,1,0,0.01
1773166994.675746902,0,0,1.24
1773166994.675746902,1,0,0.01
1773166995.697312514,0,0,1.24
1773166995.697312514,1,0,0.01
1773166996.719254026,0,0,1.24
1773166996.719254026,1,0,0.01
1773166997.741228261,0,0,1.24
1773166997.741228261,1,0,0.01
1773166998.762798823,0,0,1.24
1773166998.762798823,1,0,0.01
1773166999.784522029,0,0,1.24
1773166999.784522029,1,0,0.01
1773167000.806015868,0,0,1.24
1773167000.806015868,1,0,0.01
1773167001.827144585,0,0,1.24
1773167001.827144585,1,0,0.01
1773167002.848827078,0,0,1.24
1773167002.848827078,1,0,0.01
1773167003.869917454,0,0,1.24
1773167003.869917454,1,0,0.01
1773167004.891225167,0,0,1.24
1773167004.891225167,1,0,0.01
1773167005.913277772,0,0,1.24
1773167005.913277772,1,0,0.01
1773167006.934866382,0,0,1.24
1773167006.934866382,1,0,0.01
1773167007.956802187,0,0,1.24
1773167007.956802187,1,0,0.01
1773167008.978906228,0,0,1.24
1773167008.978906228,1,0,0.01
1773167009.999941838,0,0,1.24
1773167009.999941838,1,0,0.01
1773167011.021877285,0,0,1.24
1773167011.021877285,1,0,0.01
1773167012.043910418,0,0,1.24
1773167012.043910418,1,0,0.01
1773167013.065294968,0,0,1.24
1773167013.065294968,1,0,0.01
1773167014.086435374,0,0,1.24
1773167014.086435374,1,0,0.01
1773167015.108129977,0,0,1.24
1773167015.108129977,1,0,0.01
1773167016.129088310,0,0,1.24
1773167016.129088310,1,0,0.01
1773167017.150861631,0,0,1.24
1773167017.150861631,1,0,0.01
1773167018.171887056,0,0,1.24
1773167018.171887056,1,0,0.01
1773167019.193728199,0,0,1.24
1773167019.193728199,1,0,0.01
1773167020.215560065,0,0,1.24
1773167020.215560065,1,0,0.01
1773167021.237258510,0,0,1.24
1773167021.237258510,1,0,0.01
1773167022.257445061,0,0,1.24
1773167022.257445061,1,0,0.01
1773167023.278068832,0,0,1.24
1773167023.278068832,1,0,0.01
1773167024.299529349,0,0,1.24
1773167024.299529349,1,0,0.01
1773167025.321059761,0,0,1.24
1773167025.321059761,1,0,0.01
1773167026.342217316,0,0,1.24
1773167026.342217316,1,0,0.01
1773167027.363392343,0,0,1.24
1773167027.363392343,1,0,0.01
1773167028.385330480,0,0,1.24
1773167028.385330480,1,0,0.01
1773167029.407965212,0,0,1.24
1773167029.407965212,1,0,0.01
1773167030.429702841,0,0,1.24
1773167030.429702841,1,0,0.01
1773167031.451163135,0,0,1.24
1773167031.451163135,1,0,0.01
1773167032.473148108,0,0,1.24
1773167032.473148108,1,0,0.01
1773167033.495395287,0,0,1.24
1773167033.495395287,1,0,0.01
1773167034.517294988,0,0,1.24
1773167034.517294988,1,0,0.01
1773167035.539003265,0,0,1.24
1773167035.539003265,1,0,0.01
1773167036.560465534,0,0,1.24
1773167036.560465534,1,0,0.01
1773167037.582892280,0,0,1.24
1773167037.582892280,1,0,0.01
1773167038.604708382,0,0,1.24
1773167038.604708382,1,0,0.01
1773167039.627145157,0,0,1.24
1773167039.627145157,1,0,0.01
1773167040.648557910,0,0,1.24
1773167040.648557910,1,0,0.01
1773167041.670296345,0,0,1.24
1773167041.670296345,1,0,0.01
1773167042.691942851,0,0,1.24
1773167042.691942851,1,0,0.01
1773167043.714014764,0,0,1.24
1773167043.714014764,1,0,0.01
1773167044.735344756,0,0,1.24
1773167044.735344756,1,0,0.01
1773167045.756415881,0,0,1.24
1773167045.756415881,1,0,0.01
1773167046.776983966,0,0,1.24
1773167046.776983966,1,0,0.01
1773167047.798179065,0,0,1.24
1773167047.798179065,1,0,0.01
1773167048.819269739,0,0,1.24
1773167048.819269739,1,0,0.01
1773167049.840435208,0,0,1.24
1773167049.840435208,1,0,0.01
1773167050.862540480,0,0,1.24
1773167050.862540480,1,0,0.01
1773167051.883478628,0,0,1.24
1773167051.883478628,1,0,0.01
1773167052.904468220,0,0,1.24
1773167052.904468220,1,0,0.01
1773167053.927165247,0,0,1.24
1773167053.927165247,1,0,0.01
1773167054.948532171,0,0,1.24
1773167054.948532171,1,0,0.01
1773167055.969942191,0,0,1.24
1773167055.969942191,1,0,0.01
1773167056.990946832,0,0,1.24
1773167056.990946832,1,0,0.01
1773167058.013229257,0,0,1.24
1773167058.013229257,1,0,0.01
1773167059.035400045,0,0,1.24
1773167059.035400045,1,0,0.01
1773167060.056220853,0,0,1.24
1773167060.056220853,1,0,0.01
1773167061.077556216,0,0,1.24
1773167061.077556216,1,0,0.01
1773167062.099369576,0,0,1.24
1773167062.099369576,1,0,0.01
1773167063.122243090,0,0,1.24
1773167063.122243090,1,0,0.01
1773167064.143203155,0,0,1.24
1773167064.143203155,1,0,0.01
1773167065.163784727,0,0,1.24
1773167065.163784727,1,0,0.01
1773167066.185284522,0,0,1.24
1773167066.185284522,1,0,0.01
1773167067.207620640,0,0,1.24
1773167067.207620640,1,0,0.01
1773167068.229431342,0,0,1.24
1773167068.229431342,1,0,0.01
1773167069.250921912,0,0,1.24
1773167069.250921912,1,0,0.01
1773167070.272766541,0,0,1.24
1773167070.272766541,1,0,0.01
1773167071.295076270,0,0,1.24
1773167071.295076270,1,0,0.01
1773167072.315757924,0,0,1.24
1773167072.315757924,1,0,0.01
1773167073.337237083,0,0,1.24
1773167073.337237083,1,0,0.01
1773167074.358296943,0,0,1.24
1773167074.358296943,1,0,0.01
1773167075.379343425,0,0,1.24
1773167075.379343425,1,0,0.01
1773167076.401296682,0,0,1.24
1773167076.401296682,1,0,0.01
1773167077.421949576,0,0,1.24
1773167077.421949576,1,0,0.01
1773167078.444181891,0,0,1.24
1773167078.444181891,1,0,0.01
1773167079.466803154,0,0,1.24
1773167079.466803154,1,0,0.01
1773167080.488199611,0,0,1.24
1773167080.488199611,1,0,0.01
1773167081.509752489,0,0,1.24
1773167081.509752489,1,0,0.01
1773167082.531322562,0,0,1.24
1773167082.531322562,1,0,0.01
1773167083.552798714,0,0,1.24
1773167083.552798714,1,0,0.01
1773167084.575284814,0,0,1.24
1773167084.575284814,1,0,0.01
1773167085.595865590,0,0,1.24
1773167085.595865590,1,0,0.01
1773167086.618322245,0,0,1.24
1773167086.618322245,1,0,0.01
1773167087.640435227,0,0,1.24
1773167087.640435227,1,0,0.01
1773167088.662690294,0,0,1.24
1773167088.662690294,1,0,0.01
1773167089.683567019,0,0,1.24
1773167089.683567019,1,0,0.01
1773167090.705420989,0,0,1.24
1773167090.705420989,1,0,0.01
1773167091.726726340,0,0,1.24
1773167091.726726340,1,0,0.01
1773167092.749171574,0,0,1.24
1773167092.749171574,1,0,0.01
1773167093.770986035,0,0,1.24
1773167093.770986035,1,0,0.01
1773167094.792552543,0,0,1.24
1773167094.792552543,1,0,0.01
1773167095.813729692,0,0,1.24
1773167095.813729692,1,0,0.01
1773167096.834751897,0,0,1.24
1773167096.834751897,1,0,0.01
1773167097.856522831,0,0,1.24
1773167097.856522831,1,0,0.01
1773167098.878248391,0,0,1.24
1773167098.878248391,1,0,0.01
1773167099.899446751,0,0,1.24
1773167099.899446751,1,0,0.01
1773167100.921164417,0,0,1.24
1773167100.921164417,1,0,0.01
1773167101.943419425,0,0,1.24
1773167101.943419425,1,0,0.01
1773167102.964941359,0,0,1.24
1773167102.964941359,1,0,0.01
1773167103.987204229,0,0,1.24
1773167103.987204229,1,0,0.01
1773167105.008798760,0,0,1.24
1773167105.008798760,1,0,0.01
1773167106.030918170,0,0,1.24
1773167106.030918170,1,0,0.01
1773167107.053253903,0,0,1.24
1773167107.053253903,1,0,0.01
1773167108.074872500,0,0,1.24
1773167108.074872500,1,0,0.01
1773167109.096718707,0,0,1.24
1773167109.096718707,1,0,0.01
1773167110.118866273,0,0,1.24
1773167110.118866273,1,0,0.01
1773167111.141038533,0,0,1.24
1773167111.141038533,1,0,0.01
1773167112.163452325,0,0,1.24
1773167112.163452325,1,0,0.01
1773167113.183876570,0,0,1.24
1773167113.183876570,1,0,0.01
1773167114.205474271,0,0,1.24
1773167114.205474271,1,0,0.01
1773167115.227251758,0,0,1.24
1773167115.227251758,1,0,0.01
1773167116.247951312,0,0,1.24
1773167116.247951312,1,0,0.01
1773167117.268511516,0,0,1.24
1773167117.268511516,1,0,0.01
1773167118.289755991,0,0,1.24
1773167118.289755991,1,0,0.01
1773167119.311849035,0,0,1.24
1773167119.311849035,1,0,0.01
1773167120.332825479,0,0,1.24
1773167120.332825479,1,0,0.01
1773167121.354854611,0,0,1.24
1773167121.354854611,1,0,0.01
1773167122.376871630,0,0,1.24
1773167122.376871630,1,0,0.01
1773167123.397633377,0,0,1.24
1773167123.397633377,1,0,0.01
1773167124.419434278,0,0,1.24
1773167124.419434278,1,0,0.01
1773167125.439974240,0,0,1.24
1773167125.439974240,1,0,0.01
1773167126.461499870,0,0,1.24
1773167126.461499870,1,0,0.01
1773167127.483991461,0,0,1.24
1773167127.483991461,1,0,0.01
1773167128.504902945,0,0,1.24
1773167128.504902945,1,0,0.01
1773167129.527208088,0,0,1.24
1773167129.527208088,1,0,0.01
1773167130.548951323,0,0,1.24
1773167130.548951323,1,0,0.01
1773167131.570527068,0,0,1.24
1773167131.570527068,1,0,0.01
1773167132.592877806,0,0,1.24
1773167132.592877806,1,0,0.01
1773167133.615511764,0,0,1.24
1773167133.615511764,1,0,0.01
1773167134.637759046,0,0,1.24
1773167134.637759046,1,0,0.01
1773167135.659450458,0,0,1.24
1773167135.659450458,1,0,0.01
1773167136.681179794,0,0,1.24
1773167136.681179794,1,0,0.01
1773167137.703232373,0,0,1.24
1773167137.703232373,1,0,0.01
1773167138.723966624,0,0,1.24
1773167138.723966624,1,0,0.01
1773167139.744979319,0,0,1.24
1773167139.744979319,1,0,0.01
1773167140.767444797,0,0,1.24
1773167140.767444797,1,0,0.01
1773167141.788006854,0,0,1.24
1773167141.788006854,1,0,0.01
1773167142.808171819,0,0,1.24
1773167142.808171819,1,0,0.01
1773167143.830295826,0,0,1.24
1773167143.830295826,1,0,0.01
1773167144.851561144,0,0,1.24
1773167144.851561144,1,0,0.01
1773167145.873223006,0,0,1.24
1773167145.873223006,1,0,0.01
1773167146.895011303,0,0,1.24
1773167146.895011303,1,0,0.01
1773167147.916102950,0,0,1.24
1773167147.916102950,1,0,0.01
1773167148.936213555,0,0,1.24
1773167148.936213555,1,0,0.01
1773167149.958027486,0,0,1.24
1773167149.958027486,1,0,0.01
1773167150.979155269,0,0,1.24
1773167150.979155269,1,0,0.01
1773167152.000613069,0,0,1.24
1773167152.000613069,1,0,0.01
1773167153.021393683,0,0,1.24
1773167153.021393683,1,0,0.01
1773167154.041134693,0,0,1.24
1773167154.041134693,1,0,0.01
1773167155.063990322,0,0,1.24
1773167155.063990322,1,0,0.01
1773167156.085103541,0,0,1.24
1773167156.085103541,1,0,0.01
1773167157.106814299,0,0,1.24
1773167157.106814299,1,0,0.01
1773167158.127888182,0,0,1.24
1773167158.127888182,1,0,0.01
1773167159.149602341,0,0,1.24
1773167159.149602341,1,0,0.01
1773167160.170768046,0,0,1.24
1773167160.170768046,1,0,0.01
1773167161.190705415,0,0,1.24
1773167161.190705415,1,0,0.01
1773167162.210424069,0,0,1.24
1773167162.210424069,1,0,0.01
1773167163.232613414,0,0,1.24
1773167163.232613414,1,0,0.01
1773167164.253901176,0,0,1.24
1773167164.253901176,1,0,0.01
1773167165.275764376,0,0,1.24
1773167165.275764376,1,0,0.01
1773167166.296803690,0,0,1.24
1773167166.296803690,1,0,0.01
1773167167.316818820,0,0,1.24
1773167167.316818820,1,0,0.01
1773167168.336288106,0,0,1.24
1773167168.336288106,1,0,0.01
1773167169.358312025,0,0,1.24
1773167169.358312025,1,0,0.01
1773167170.380207998,0,0,1.24
1773167170.380207998,1,0,0.01
1773167171.401608006,0,0,1.24
1773167171.401608006,1,0,0.01
1773167172.422690643,0,0,1.24
1773167172.422690643,1,0,0.01
1773167173.444156140,0,0,1.24
1773167173.444156140,1,0,0.01
1773167174.465414770,0,0,1.24
1773167174.465414770,1,0,0.01
1773167175.487162195,0,0,1.24
1773167175.487162195,1,0,0.01
1773167176.509014739,0,0,1.24
1773167176.509014739,1,0,0.01
1773167177.530333981,0,0,1.24
1773167177.530333981,1,0,0.01
1773167178.550520397,0,0,1.24
1773167178.550520397,1,0,0.01
1773167179.572746931,0,0,1.24
1773167179.572746931,1,0,0.01
1773167180.594817270,0,0,1.24
1773167180.594817270,1,0,0.01
1773167181.615664625,0,0,1.24
1773167181.615664625,1,0,0.01
1773167182.635124775,0,0,1.24
1773167182.635124775,1,0,0.01
1773167183.654369462,0,0,1.24
1773167183.654369462,1,0,0.01
1773167184.674334282,0,0,1.24
1773167184.674334282,1,0,0.01
1773167185.693940590,0,0,1.24
1773167185.693940590,1,0,0.01
1773167186.714133176,0,0,1.24
1773167186.714133176,1,0,0.01
1773167187.735309332,0,0,1.24
1773167187.735309332,1,0,0.01
1773167188.757160843,0,0,1.24
1773167188.757160843,1,0,0.01
1773167189.777072591,0,0,1.24
1773167189.777072591,1,0,0.01
1773167190.797584027,0,0,1.24
1773167190.797584027,1,0,0.01
1773167191.817436598,0,0,1.24
1773167191.817436598,1,0,0.01
1773167192.839321178,0,0,1.24
1773167192.839321178,1,0,0.01
1773167193.861023004,0,0,1.24
1773167193.861023004,1,0,0.01
1773167194.882905824,0,0,1.24
1773167194.882905824,1,0,0.01
1773167195.905054361,0,0,1.24
1773167195.905054361,1,0,0.01
1773167196.926265165,0,0,1.24
1773167196.926265165,1,0,0.01
1773167197.947610129,0,0,1.24
1773167197.947610129,1,0,0.01
1773167198.969985470,0,0,1.24
1773167198.969985470,1,0,0.01
1773167199.991483937,0,0,1.24
1773167199.991483937,1,0,0.01
1773167201.011969321,0,0,1.24
1773167201.011969321,1,0,0.01
1773167202.031495223,0,0,1.24
1773167202.031495223,1,0,0.01
1773167203.052455244,0,0,1.24
1773167203.052455244,1,0,0.01
1773167204.073911202,0,0,1.24
1773167204.073911202,1,0,0.01
1773167205.095887774,0,0,1.24
1773167205.095887774,1,0,0.01
1773167206.116821979,0,0,1.24
1773167206.116821979,1,0,0.01
1773167207.137864462,0,0,1.24
1773167207.137864462,1,0,0.01
1773167208.159164833,0,0,1.24
1773167208.159164833,1,0,0.01
1773167209.180414887,0,0,1.24
1773167209.180414887,1,0,0.01
1773167210.202606403,0,0,1.24
1773167210.202606403,1,0,0.01
1773167211.223408595,0,0,1.24
1773167211.223408595,1,0,0.01
1773167212.244365437,0,0,1.24
1773167212.244365437,1,0,0.01
1773167213.265541560,0,0,1.24
1773167213.265541560,1,0,0.01
1773167214.287075922,0,0,1.24
1773167214.287075922,1,0,0.01
1773167215.308972502,0,0,1.24
1773167215.308972502,1,0,0.01
1773167216.330343428,0,0,1.24
1773167216.330343428,1,0,0.01
1773167217.352100692,0,0,1.24
1773167217.352100692,1,0,0.01
1773167218.373767122,0,0,1.24
1773167218.373767122,1,0,0.01
1773167219.394750590,0,0,1.24
1773167219.394750590,1,0,0.01
1773167220.415920943,0,0,1.24
1773167220.415920943,1,0,0.01
1773167221.436972404,0,0,1.24
1773167221.436972404,1,0,0.01
1773167222.456997235,0,0,1.24
1773167222.456997235,1,0,0.01
1773167223.477986733,0,0,1.24
1773167223.477986733,1,0,0.01
1773167224.499134209,0,0,1.24
1773167224.499134209,1,0,0.01
1773167225.520248588,0,0,1.24
1773167225.520248588,1,0,0.01
1773167226.542029618,0,0,1.24
1773167226.542029618,1,0,0.01
1773167227.563597996,0,0,1.24
1773167227.563597996,1,0,0.01
1773167228.584936646,0,0,1.24
1773167228.584936646,1,0,0.01
1773167229.604899277,0,0,1.24
1773167229.604899277,1,0,0.01
1773167230.627199368,0,0,1.24
1773167230.627199368,1,0,0.01
1773167231.648593026,0,0,1.24
1773167231.648593026,1,0,0.01
1773167232.670530317,0,0,1.24
1773167232.670530317,1,0,0.01
1773167233.692452198,0,0,1.24
1773167233.692452198,1,0,0.01
1773167234.714084807,0,0,1.24
1773167234.714084807,1,0,0.01
1773167235.735142967,0,0,1.24
1773167235.735142967,1,0,0.01
1773167236.756497588,0,0,1.24
1773167236.756497588,1,0,0.01
1773167237.777766121,0,0,1.24
1773167237.777766121,1,0,0.01
1773167238.799154872,0,0,1.24
1773167238.799154872,1,0,0.01
1773167239.820658061,0,0,1.24
1773167239.820658061,1,0,0.01
1773167240.842217438,0,0,1.24
1773167240.842217438,1,0,0.01
1773167241.863915534,0,0,1.24
1773167241.863915534,1,0,0.01
1773167242.885996423,0,0,1.24
1773167242.885996423,1,0,0.01
1773167243.908130005,0,0,1.24
1773167243.908130005,1,0,0.01
1773167244.929604535,0,0,1.24
1773167244.929604535,1,0,0.01
1773167245.950646992,0,0,1.24
1773167245.950646992,1,0,0.01
1773167246.972251677,0,0,1.24
1773167246.972251677,1,0,0.01
1773167247.993580883,0,0,1.24
1773167247.993580883,1,0,0.01
1773167249.014464219,0,0,1.24
1773167249.014464219,1,0,0.01
1773167250.036230622,0,0,1.24
1773167250.036230622,1,0,0.01
1773167251.057314392,0,0,1.24
1773167251.057314392,1,0,0.01
1773167252.079686146,0,0,1.24
1773167252.079686146,1,0,0.01
1773167253.101175295,0,0,1.24
1773167253.101175295,1,0,0.01
1773167254.122274469,0,0,1.24
1773167254.122274469,1,0,0.01
1773167255.144174153,0,0,1.24
1773167255.144174153,1,0,0.01
1773167256.166367970,0,0,1.24
1773167256.166367970,1,0,0.01
1773167257.188503814,0,0,1.24
1773167257.188503814,1,0,0.01
1773167258.209823811,0,0,1.24
1773167258.209823811,1,0,0.01
1773167259.231108424,0,0,1.24
1773167259.231108424,1,0,0.01
1773167260.251868331,0,0,1.24
1773167260.251868331,1,0,0.01
1773167261.273144720,0,0,1.24
1773167261.273144720,1,0,0.01
1773167262.294330738,0,0,1.24
1773167262.294330738,1,0,0.01
1773167263.315411520,0,0,1.24
1773167263.315411520,1,0,0.01
1773167264.336183195,0,0,1.24
1773167264.336183195,1,0,0.01
1773167265.357338797,0,0,1.24
1773167265.357338797,1,0,0.01
1773167266.379081047,0,0,1.24
1773167266.379081047,1,0,0.01
1773167267.400313284,0,0,1.24
1773167267.400313284,1,0,0.01
1773167268.421378893,0,0,1.24
1773167268.421378893,1,0,0.01
1773167269.442410562,0,0,1.24
1773167269.442410562,1,0,0.01
1773167270.464154082,0,0,1.24
1773167270.464154082,1,0,0.01
1773167271.484944073,0,0,1.24
1773167271.484944073,1,0,0.01
1773167272.506339749,0,0,1.24
1773167272.506339749,1,0,0.01
1773167273.527434479,0,0,1.24
1773167273.527434479,1,0,0.01
1773167274.548774409,0,0,1.24
1773167274.548774409,1,0,0.01
1773167275.569818868,0,0,1.24
1773167275.569818868,1,0,0.01
1773167276.591129211,0,0,1.24
1773167276.591129211,1,0,0.01
1773167277.612284568,0,0,1.24
1773167277.612284568,1,0,0.01
1773167278.633609603,0,0,1.24
1773167278.633609603,1,0,0.01
1773167279.655145710,0,0,1.24
1773167279.655145710,1,0,0.01
1773167280.676153035,0,0,1.24
1773167280.676153035,1,0,0.01
1773167281.697713932,0,0,1.24
1773167281.697713932,1,0,0.01
1773167282.718650608,0,0,1.24
1773167282.718650608,1,0,0.01
1773167283.739947956,0,71,1.24
1773167283.739947956,1,0,0.01
1773167284.761179973,0,70,1.24
1773167284.761179973,1,0,0.01
1773167285.780661199,0,0,1.24
1773167285.780661199,1,0,0.01
1773167286.801549765,0,0,1.24
1773167286.801549765,1,0,0.01
1773167287.822585604,0,0,1.24
1773167287.822585604,1,0,0.01
1773167288.844845630,0,0,1.24
1773167288.844845630,1,0,0.01
1773167289.867410776,0,0,1.24
1773167289.867410776,1,0,0.01
1773167290.889856273,0,0,1.24
1773167290.889856273,1,0,0.01
1773167291.912041557,0,0,1.24
1773167291.912041557,1,0,0.01
1773167292.933313782,0,0,1.24
1773167292.933313782,1,0,0.01
1773167293.954451907,0,0,1.24
1773167293.954451907,1,0,0.01
1773167294.975223741,0,0,1.24
1773167294.975223741,1,0,0.01
1773167295.997296455,0,0,1.24
1773167295.997296455,1,0,0.01
1773167297.018731173,0,0,1.24
1773167297.018731173,1,0,0.01
1773167298.039635782,0,0,1.24
1773167298.039635782,1,0,0.01
1773167299.059882665,0,0,1.24
1773167299.059882665,1,0,0.01
1773167300.079813750,0,0,1.24
1773167300.079813750,1,0,0.01
1773167301.101919231,0,0,1.24
1773167301.101919231,1,0,0.01
1773167302.123874108,0,0,1.24
1773167302.123874108,1,0,0.01
1773167303.145655750,0,0,1.24
1773167303.145655750,1,0,0.01
1773167304.167852658,0,0,1.24
1773167304.167852658,1,0,0.01
1773167305.189513901,0,0,1.24
1773167305.189513901,1,0,0.01
1773167306.211646778,0,0,1.24
1773167306.211646778,1,0,0.01
1773167307.232907214,0,0,1.24
1773167307.232907214,1,0,0.01
1773167308.254559142,0,0,1.24
1773167308.254559142,1,0,0.01
1773167309.279504749,0,0,1.24
1773167309.279504749,1,0,0.01
1773167310.299543038,0,0,1.24
1773167310.299543038,1,0,0.01
1773167311.320299075,0,0,1.24
1773167311.320299075,1,0,0.01
1773167312.339745182,0,0,1.24
1773167312.339745182,1,0,0.01
1773167313.359997637,0,0,1.24
1773167313.359997637,1,0,0.01
1773167314.381010629,0,0,1.24
1773167314.381010629,1,0,0.01
1773167315.402941827,0,0,1.24
1773167315.402941827,1,0,0.01
1773167316.424582494,0,0,1.24
1773167316.424582494,1,0,0.01
1773167317.447882140,0,0,1.24
1773167317.447882140,1,0,0.01
1773167318.467881738,0,0,1.24
1773167318.467881738,1,0,0.01
1773167319.488577420,0,0,1.24
1773167319.488577420,1,0,0.01
1773167320.509996822,0,0,1.24
1773167320.509996822,1,0,0.01
1773167321.530896702,0,0,1.24
1773167321.530896702,1,0,0.01
1773167322.552713533,0,0,1.24
1773167322.552713533,1,0,0.01
1773167323.573881316,0,0,1.24
1773167323.573881316,1,0,0.01
1773167324.595912755,0,0,1.24
1773167324.595912755,1,0,0.01
1773167325.616510945,0,0,1.24
1773167325.616510945,1,0,0.01
1773167326.638175070,0,0,1.24
1773167326.638175070,1,0,0.01
1773167327.659826179,0,0,1.24
1773167327.659826179,1,0,0.01
1773167328.681146939,0,0,1.24
1773167328.681146939,1,0,0.01
1773167329.702753768,0,0,1.24
1773167329.702753768,1,0,0.01
1773167330.723864720,0,0,1.24
1773167330.723864720,1,0,0.01
1773167331.745220145,0,0,1.24
1773167331.745220145,1,0,0.01
1773167332.766239230,0,0,1.24
1773167332.766239230,1,0,0.01
1773167333.787177506,0,0,1.24
1773167333.787177506,1,0,0.01
1773167334.809073246,0,0,1.24
1773167334.809073246,1,0,0.01
1773167335.829738110,0,0,1.24
1773167335.829738110,1,0,0.01
1773167336.851050983,0,0,1.24
1773167336.851050983,1,0,0.01
1773167337.871830287,0,0,1.24
1773167337.871830287,1,0,0.01
1773167338.894244548,0,0,1.24
1773167338.894244548,1,0,0.01
1773167339.916481001,0,0,1.24
1773167339.916481001,1,0,0.01
1773167340.938006180,0,0,1.24
1773167340.938006180,1,0,0.01
1773167341.959472378,0,0,1.24
1773167341.959472378,1,0,0.01
1773167342.981990819,0,0,1.24
1773167342.981990819,1,0,0.01
1773167344.003714192,0,0,1.24
1773167344.003714192,1,0,0.01
1773167345.024977566,0,0,1.24
1773167345.024977566,1,0,0.01
1773167346.046187846,0,0,1.24
1773167346.046187846,1,0,0.01
1773167347.068168785,0,0,1.24
1773167347.068168785,1,0,0.01
1773167348.089799377,0,0,1.24
1773167348.089799377,1,0,0.01
1773167349.110849063,0,0,1.24
1773167349.110849063,1,0,0.01
1773167350.131951610,0,0,1.24
1773167350.131951610,1,0,0.01
1773167351.153933695,0,0,1.24
1773167351.153933695,1,0,0.01
1773167352.176187564,0,0,1.24
1773167352.176187564,1,0,0.01
1773167353.198212523,0,0,1.24
1773167353.198212523,1,0,0.01
1773167354.220060707,0,0,1.24
1773167354.220060707,1,0,0.01
1773167355.241202083,0,0,1.24
1773167355.241202083,1,0,0.01
1773167356.262056698,0,0,1.24
1773167356.262056698,1,0,0.01
1773167357.282520198,0,0,1.24
1773167357.282520198,1,0,0.01
1773167358.303753880,0,0,1.24
1773167358.303753880,1,0,0.01
1773167359.324652268,0,0,1.24
1773167359.324652268,1,0,0.01
1773167360.345960953,0,0,1.24
1773167360.345960953,1,0,0.01
1773167361.366716522,0,0,1.24
1773167361.366716522,1,0,0.01
1773167362.388384970,0,0,1.24
1773167362.388384970,1,0,0.01
1773167363.410190894,0,0,1.24
1773167363.410190894,1,0,0.01
1773167364.431512834,0,0,1.24
1773167364.431512834,1,0,0.01
1773167365.453878660,0,0,1.24
1773167365.453878660,1,0,0.01
1773167366.475561896,0,0,1.24
1773167366.475561896,1,0,0.01
1773167367.496622054,0,0,1.24
1773167367.496622054,1,0,0.01
1773167368.518807487,0,0,1.24
1773167368.518807487,1,0,0.01
1773167369.539869650,0,0,1.24
1773167369.539869650,1,0,0.01
1773167370.560792529,0,0,1.24
1773167370.560792529,1,0,0.01
1773167371.581698538,0,0,1.24
1773167371.581698538,1,0,0.01
1773167372.602777519,0,0,1.24
1773167372.602777519,1,0,0.01
1773167373.623923678,0,0,1.24
1773167373.623923678,1,0,0.01
1773167374.645269141,0,0,1.24
1773167374.645269141,1,0,0.01
1773167375.666864651,0,0,1.24
1773167375.666864651,1,0,0.01
1773167376.688764031,0,0,1.24
1773167376.688764031,1,0,0.01
1773167377.710924270,0,0,1.24
1773167377.710924270,1,0,0.01
1773167378.731712729,0,0,1.24
1773167378.731712729,1,0,0.01
1773167379.753736464,0,0,1.24
1773167379.753736464,1,0,0.01
1773167380.775329583,0,0,1.24
1773167380.775329583,1,0,0.01
1773167381.795291479,0,0,1.24
1773167381.795291479,1,0,0.01
1773167382.817035994,0,0,1.24
1773167382.817035994,1,0,0.01
1773167383.839030758,0,0,1.24
1773167383.839030758,1,0,0.01
1773167384.859480435,0,0,1.24
1773167384.859480435,1,0,0.01
1773167385.881800659,0,0,1.24
1773167385.881800659,1,0,0.01
1773167386.903810150,0,0,1.24
1773167386.903810150,1,0,0.01
1773167387.924746872,0,0,1.24
1773167387.924746872,1,0,0.01
1773167388.945972395,0,0,1.24
1773167388.945972395,1,0,0.01
1773167389.967643822,0,0,1.24
1773167389.967643822,1,0,0.01
1773167390.988201344,0,0,1.24
1773167390.988201344,1,0,0.01
1773167392.008322897,0,0,1.24
1773167392.008322897,1,0,0.01
1773167393.027872555,0,0,1.24
1773167393.027872555,1,0,0.01
1773167394.049555586,0,0,1.24
1773167394.049555586,1,0,0.01
1773167395.071134059,0,0,1.24
1773167395.071134059,1,0,0.01
1773167396.093338694,0,0,1.24
1773167396.093338694,1,0,0.01
1773167397.114987769,0,0,1.24
1773167397.114987769,1,0,0.01
1773167398.136154277,0,0,1.24
1773167398.136154277,1,0,0.01
1773167399.157165937,0,0,1.24
1773167399.157165937,1,0,0.01
1773167400.179037547,0,0,1.24
1773167400.179037547,1,0,0.01
1773167401.201314013,0,0,1.24
1773167401.201314013,1,0,0.01
1773167402.223082287,0,0,1.24
1773167402.223082287,1,0,0.01
1773167403.244134297,0,0,1.24
1773167403.244134297,1,0,0.01
1773167404.265340472,0,0,1.24
1773167404.265340472,1,0,0.01
1773167405.286970936,0,0,1.24
1773167405.286970936,1,0,0.01
1773167406.309131941,0,0,1.24
1773167406.309131941,1,0,0.01
1773167407.330522919,0,0,1.24
1773167407.330522919,1,0,0.01
1773167408.351954164,0,0,1.24
1773167408.351954164,1,0,0.01
1773167409.374141881,0,0,1.24
1773167409.374141881,1,0,0.01
1773167410.395297404,0,0,1.24
1773167410.395297404,1,0,0.01
1773167411.417078891,0,0,1.24
1773167411.417078891,1,0,0.01
1773167412.438534872,0,0,1.24
1773167412.438534872,1,0,0.01
1773167413.459564477,0,0,1.24
1773167413.459564477,1,0,0.01
1773167414.481148119,0,0,1.24
1773167414.481148119,1,0,0.01
1773167415.502277708,0,0,1.24
1773167415.502277708,1,0,0.01
1773167416.523575242,0,0,1.24
1773167416.523575242,1,0,0.01
1773167417.545052856,0,0,1.24
1773167417.545052856,1,0,0.01
1773167418.566204274,0,0,1.24
1773167418.566204274,1,0,0.01
1773167419.588443135,0,0,1.24
1773167419.588443135,1,0,0.01
1773167420.610318232,0,0,1.24
1773167420.610318232,1,0,0.01
1773167421.631873388,0,0,1.24
1773167421.631873388,1,0,0.01
1773167422.653192145,0,0,1.24
1773167422.653192145,1,0,0.01
1773167423.673456692,0,0,1.24
1773167423.673456692,1,0,0.01
1773167424.694083023,0,0,1.24
1773167424.694083023,1,0,0.01
1773167425.716247822,0,0,1.24
1773167425.716247822,1,0,0.01
1773167426.738006560,0,0,1.24
1773167426.738006560,1,0,0.01
1773167427.758571206,0,0,1.24
1773167427.758571206,1,0,0.01
1773167428.780923659,0,0,1.24
1773167428.780923659,1,0,0.01
1773167429.802660978,0,0,1.24
1773167429.802660978,1,0,0.01
1773167430.824368281,0,0,1.24
1773167430.824368281,1,0,0.01
1773167431.845769140,0,0,1.24
1773167431.845769140,1,0,0.01
1773167432.867168907,0,0,1.24
1773167432.867168907,1,0,0.01
1773167433.888162477,0,0,1.24
1773167433.888162477,1,0,0.01
1773167434.909343339,0,0,1.24
1773167434.909343339,1,0,0.01
1773167435.930665160,0,0,1.24
1773167435.930665160,1,0,0.01
1773167436.952002830,0,0,1.24
1773167436.952002830,1,0,0.01
1773167437.973618476,0,0,1.24
1773167437.973618476,1,0,0.01
1773167438.995866476,0,0,1.24
1773167438.995866476,1,0,0.01
1773167440.017211843,0,0,1.24
1773167440.017211843,1,0,0.01
1773167441.039122117,0,0,1.24
1773167441.039122117,1,0,0.01
1773167442.060400115,0,0,1.24
1773167442.060400115,1,0,0.01
1773167443.082159663,0,0,1.24
1773167443.082159663,1,0,0.01
1773167444.103197066,0,0,1.24
1773167444.103197066,1,0,0.01
1773167445.124615241,0,0,1.24
1773167445.124615241,1,0,0.01
1773167446.145853061,0,0,1.24
1773167446.145853061,1,0,0.01
1773167447.167218705,0,0,1.24
1773167447.167218705,1,0,0.01
1773167448.187294920,0,0,1.24
1773167448.187294920,1,0,0.01
1773167449.208189362,0,0,1.24
1773167449.208189362,1,0,0.01
1773167450.229102943,0,0,1.24
1773167450.229102943,1,0,0.01
1773167451.249264171,0,0,1.24
1773167451.249264171,1,0,0.01
1773167452.268941239,0,0,1.24
1773167452.268941239,1,0,0.01
1773167453.288554741,0,0,1.24
1773167453.288554741,1,0,0.01
1773167454.308864903,0,0,1.24
1773167454.308864903,1,0,0.01
1773167455.328852817,0,0,1.24
1773167455.328852817,1,0,0.01
1773167456.351313813,0,0,1.24
1773167456.351313813,1,0,0.01
1773167457.372817461,0,0,1.24
1773167457.372817461,1,0,0.01
1773167458.394767906,0,0,1.24
1773167458.394767906,1,0,0.01
1773167459.414726072,0,0,1.24
1773167459.414726072,1,0,0.01
1773167460.436750788,0,0,1.24
1773167460.436750788,1,0,0.01
1773167461.458387410,0,0,1.24
1773167461.458387410,1,0,0.01
1773167462.479673148,0,0,1.24
1773167462.479673148,1,0,0.01
1773167463.499391586,0,0,1.24
1773167463.499391586,1,0,0.01
1773167464.521412188,0,0,1.24
1773167464.521412188,1,0,0.01
1773167465.541525542,0,0,1.24
1773167465.541525542,1,0,0.01
1773167466.561793894,0,0,1.24
1773167466.561793894,1,0,0.01
1773167467.583862600,0,0,1.24
1773167467.583862600,1,0,0.01
1773167468.605495170,0,0,1.24
1773167468.605495170,1,0,0.01
1773167469.627289528,0,0,1.24
1773167469.627289528,1,0,0.01
1773167470.648910003,0,0,1.24
1773167470.648910003,1,0,0.01
1773167471.670696687,0,0,1.24
1773167471.670696687,1,0,0.01
1773167472.692625168,0,0,1.24
1773167472.692625168,1,0,0.01
1773167473.712897542,0,0,1.24
1773167473.712897542,1,0,0.01
1773167474.734458665,0,0,1.24
1773167474.734458665,1,0,0.01
1773167475.756142177,0,0,1.24
1773167475.756142177,1,0,0.01
1773167476.777045225,0,0,1.24
1773167476.777045225,1,0,0.01
1773167477.798591834,0,0,1.24
1773167477.798591834,1,0,0.01
1773167478.820520842,0,0,1.24
1773167478.820520842,1,0,0.01
1773167479.842311226,0,0,1.24
1773167479.842311226,1,0,0.01
1773167480.863284412,0,0,1.24
1773167480.863284412,1,0,0.01
1773167481.885454957,0,0,1.24
1773167481.885454957,1,0,0.01
1773167482.906930567,0,0,1.24
1773167482.906930567,1,0,0.01
1773167483.928473335,0,0,1.24
1773167483.928473335,1,0,0.01
1773167484.950282308,0,0,1.24
1773167484.950282308,1,0,0.01
1773167485.971077780,0,0,1.24
1773167485.971077780,1,0,0.01
1773167486.992627709,0,0,1.24
1773167486.992627709,1,0,0.01
1773167488.013580023,0,0,1.24
1773167488.013580023,1,0,0.01
1773167489.034388258,0,0,1.24
1773167489.034388258,1,0,0.01
1773167490.055448499,0,0,1.24
1773167490.055448499,1,0,0.01
1773167491.076447040,0,0,1.24
1773167491.076447040,1,0,0.01
1773167492.097999934,0,0,1.24
1773167492.097999934,1,0,0.01
1773167493.119872388,0,0,1.24
1773167493.119872388,1,0,0.01
1773167494.141541457,0,0,1.24
1773167494.141541457,1,0,0.01
1773167495.162524713,0,0,1.24
1773167495.162524713,1,0,0.01
1773167496.183782273,0,0,1.24
1773167496.183782273,1,0,0.01
1773167497.205332242,0,0,1.24
1773167497.205332242,1,0,0.01
1773167498.226619107,0,0,1.24
1773167498.226619107,1,0,0.01
1773167499.248684178,0,0,1.24
1773167499.248684178,1,0,0.01
1773167500.268764920,0,0,1.24
1773167500.268764920,1,0,0.01
1773167501.290441957,0,0,1.24
1773167501.290441957,1,0,0.01
1773167502.312970120,0,0,1.24
1773167502.312970120,1,0,0.01
1773167503.334973980,0,0,1.24
1773167503.334973980,1,0,0.01
1773167504.356917410,0,0,1.24
1773167504.356917410,1,0,0.01
1773167505.377888747,0,0,1.24
1773167505.377888747,1,0,0.01
1773167506.399206534,0,0,1.24
1773167506.399206534,1,0,0.01
1773167507.420414079,0,0,1.24
1773167507.420414079,1,0,0.01
1773167508.440027275,0,0,1.24
1773167508.440027275,1,0,0.01
1773167509.459558206,0,0,1.24
1773167509.459558206,1,0,0.01
1773167510.480655773,0,0,1.24
1773167510.480655773,1,0,0.01
1773167511.501904592,0,0,1.24
1773167511.501904592,1,0,0.01
1773167512.522749780,0,0,1.24
1773167512.522749780,1,0,0.01
1773167513.543766522,0,0,1.24
1773167513.543766522,1,0,0.01
1773167514.565148900,0,0,1.24
1773167514.565148900,1,0,0.01
1773167515.587054680,0,0,1.24
1773167515.587054680,1,0,0.01
1773167516.608367313,0,0,1.24
1773167516.608367313,1,0,0.01
1773167517.629820816,0,0,1.24
1773167517.629820816,1,0,0.01
1773167518.651124978,0,0,1.24
1773167518.651124978,1,0,0.01
1773167519.672232380,0,0,1.24
1773167519.672232380,1,0,0.01
1773167520.694123741,0,0,1.24
1773167520.694123741,1,0,0.01
1773167521.715563138,0,0,1.24
1773167521.715563138,1,0,0.01
1773167522.735498887,0,0,1.24
1773167522.735498887,1,0,0.01
1773167523.758189183,0,0,1.24
1773167523.758189183,1,0,0.01
1773167524.780453028,0,0,1.24
1773167524.780453028,1,0,0.01
1773167525.801690828,0,0,1.24
1773167525.801690828,1,0,0.01
1773167526.823897947,0,0,1.24
1773167526.823897947,1,0,0.01
1773167527.844755411,0,0,1.24
1773167527.844755411,1,0,0.01
1773167528.865953619,0,0,1.24
1773167528.865953619,1,0,0.01
1773167529.886887572,0,0,1.24
1773167529.886887572,1,0,0.01
1773167530.907987111,0,0,1.24
1773167530.907987111,1,0,0.01
1773167531.929889230,0,0,1.24
1773167531.929889230,1,0,0.01
1773167532.951049486,0,0,1.24
1773167532.951049486,1,0,0.01
1773167533.972796295,0,0,1.24
1773167533.972796295,1,0,0.01
1773167534.993900419,0,0,1.24
1773167534.993900419,1,0,0.01
1773167536.016068556,0,0,1.24
1773167536.016068556,1,0,0.01
1773167537.037155038,0,0,1.24
1773167537.037155038,1,0,0.01
1773167538.058128952,0,0,1.24
1773167538.058128952,1,0,0.01
1773167539.080797628,0,0,1.24
1773167539.080797628,1,0,0.01
1773167540.102109840,0,0,1.24
1773167540.102109840,1,0,0.01
1773167541.122135197,0,0,1.24
1773167541.122135197,1,0,0.01
1773167542.143150272,0,0,1.24
1773167542.143150272,1,0,0.01
1773167543.164701291,0,0,1.24
1773167543.164701291,1,0,0.01
1773167544.186246683,0,0,1.24
1773167544.186246683,1,0,0.01
1773167545.206415510,0,0,1.24
1773167545.206415510,1,0,0.01
1773167546.228012304,0,0,1.24
1773167546.228012304,1,0,0.01
1773167547.250186113,0,0,1.24
1773167547.250186113,1,0,0.01
1773167548.271736692,0,0,1.24
1773167548.271736692,1,0,0.01
1773167549.292487978,0,0,1.24
1773167549.292487978,1,0,0.01
1773167550.314686014,0,0,1.24
1773167550.314686014,1,0,0.01
1773167551.336320034,0,0,1.24
1773167551.336320034,1,0,0.01
1773167552.357916303,0,0,1.24
1773167552.357916303,1,0,0.01
1773167553.379789636,0,0,1.24
1773167553.379789636,1,0,0.01
1773167554.400784728,0,0,1.24
1773167554.400784728,1,0,0.01
1773167555.422621354,0,0,1.24
1773167555.422621354,1,0,0.01
1773167556.444166771,0,0,1.24
1773167556.444166771,1,0,0.01
1773167557.464821070,0,0,1.24
1773167557.464821070,1,0,0.01
1773167558.485907290,0,0,1.24
1773167558.485907290,1,0,0.01
1773167559.507329495,0,0,1.24
1773167559.507329495,1,0,0.01
1773167560.528839405,0,0,1.24
1773167560.528839405,1,0,0.01
1773167561.550204887,0,0,1.24
1773167561.550204887,1,0,0.01
1773167562.572035009,0,0,1.24
1773167562.572035009,1,0,0.01
1773167563.593798322,0,0,1.24
1773167563.593798322,1,0,0.01
1773167564.615140420,0,0,1.24
1773167564.615140420,1,0,0.01
1773167565.636816679,0,0,1.24
1773167565.636816679,1,0,0.01
1773167566.658929946,0,0,1.24
1773167566.658929946,1,0,0.01
1773167567.680005415,0,0,1.24
1773167567.680005415,1,0,0.01
1773167568.701846022,0,0,1.24
1773167568.701846022,1,0,0.01
1773167569.722965892,0,0,1.24
1773167569.722965892,1,0,0.01
1773167570.743833586,0,0,1.24
1773167570.743833586,1,0,0.01
1773167571.765508786,0,0,1.24
1773167571.765508786,1,0,0.01
1773167572.787026116,0,0,1.24
1773167572.787026116,1,0,0.01
1773167573.808129493,0,0,1.24
1773167573.808129493,1,0,0.01
1773167574.829290624,0,0,1.24
1773167574.829290624,1,0,0.01
1773167575.848967145,0,0,1.24
1773167575.848967145,1,0,0.01
1773167576.869359175,0,0,1.24
1773167576.869359175,1,0,0.01
1773167577.891682260,0,0,1.24
1773167577.891682260,1,0,0.01
1773167578.913502810,0,0,1.24
1773167578.913502810,1,0,0.01
1773167579.933954221,0,0,1.24
1773167579.933954221,1,0,0.01
1773167580.955012920,0,0,1.24
1773167580.955012920,1,0,0.01
1773167581.976036559,0,72,1.24
1773167581.976036559,1,0,0.01
1773167582.996996678,0,72,1.24
1773167582.996996678,1,0,0.01
1773167584.017864278,0,0,1.24
1773167584.017864278,1,0,0.01
1773167585.038328973,0,0,1.24
1773167585.038328973,1,0,0.01
1773167586.059554182,0,0,1.24
1773167586.059554182,1,0,0.01
1773167587.080929999,0,0,1.24
1773167587.080929999,1,0,0.01
1773167588.101124599,0,0,1.24
1773167588.101124599,1,0,0.01
1773167589.121731760,0,0,1.24
1773167589.121731760,1,0,0.01
1773167590.142992803,0,0,1.24
1773167590.142992803,1,0,0.01
1773167591.162835357,0,0,1.24
1773167591.162835357,1,0,0.01
1773167592.184816817,0,0,1.24
1773167592.184816817,1,0,0.01
1773167593.205978963,0,0,1.24
1773167593.205978963,1,0,0.01
1773167594.227160034,0,0,1.24
1773167594.227160034,1,0,0.01
1773167595.248929835,0,0,1.24
1773167595.248929835,1,0,0.01
1773167596.270726287,0,0,1.24
1773167596.270726287,1,0,0.01
1773167597.292009460,0,0,1.24
1773167597.292009460,1,0,0.01
1773167598.313526344,0,0,1.24
1773167598.313526344,1,0,0.01
1773167599.335099937,0,0,1.24
1773167599.335099937,1,0,0.01
1773167600.356105527,0,0,1.24
1773167600.356105527,1,0,0.01
1773167601.377312045,0,0,1.24
1773167601.377312045,1,0,0.01
1773167602.398780930,0,0,1.24
1773167602.398780930,1,0,0.01
1773167603.419637733,0,0,1.24
1773167603.419637733,1,0,0.01
1773167604.441240253,0,0,1.24
1773167604.441240253,1,0,0.01
1773167605.463149987,0,0,1.24
1773167605.463149987,1,0,0.01
1773167606.485486214,0,0,1.24
1773167606.485486214,1,0,0.01
1773167607.507138663,0,0,1.24
1773167607.507138663,1,0,0.01
1773167608.529177476,0,0,1.24
1773167608.529177476,1,0,0.01
1773167609.551168691,0,0,1.24
1773167609.551168691,1,0,0.01
1773167610.573072209,0,0,1.24
1773167610.573072209,1,0,0.01
1773167611.594139835,0,0,1.24
1773167611.594139835,1,0,0.01
1773167612.616064426,0,0,1.24
1773167612.616064426,1,0,0.01
1773167613.637630549,0,0,1.24
1773167613.637630549,1,0,0.01
1773167614.658965888,0,0,1.24
1773167614.658965888,1,0,0.01
1773167615.680085031,0,0,1.24
1773167615.680085031,1,0,0.01
1773167616.701602154,0,0,1.24
1773167616.701602154,1,0,0.01
1773167617.723263043,0,0,1.24
1773167617.723263043,1,0,0.01
1773167618.745216834,0,0,1.24
1773167618.745216834,1,0,0.01
1773167619.766523075,0,0,1.24
1773167619.766523075,1,0,0.01
1773167620.788103488,0,0,1.24
1773167620.788103488,1,0,0.01
1773167621.809567192,0,0,1.24
1773167621.809567192,1,0,0.01
1773167622.831607729,0,0,1.24
1773167622.831607729,1,0,0.01
1773167623.852790212,0,0,1.24
1773167623.852790212,1,0,0.01
1773167624.874220655,0,0,1.24
1773167624.874220655,1,0,0.01
1773167625.895035121,0,0,1.24
1773167625.895035121,1,0,0.01
1773167626.916347656,0,0,1.24
1773167626.916347656,1,0,0.01
1773167627.938574393,0,0,1.24
1773167627.938574393,1,0,0.01
1773167628.959924124,0,0,1.24
1773167628.959924124,1,0,0.01
1773167629.981429568,0,0,1.24
1773167629.981429568,1,0,0.01
1773167631.003182710,0,0,1.24
1773167631.003182710,1,0,0.01
1773167632.024696670,0,0,1.24
1773167632.024696670,1,0,0.01
1773167633.046313999,0,0,1.24
1773167633.046313999,1,0,0.01
1773167634.067718721,0,0,1.24
1773167634.067718721,1,0,0.01
1773167635.089755594,0,0,1.24
1773167635.089755594,1,0,0.01
1773167636.111076833,0,0,1.24
1773167636.111076833,1,0,0.01
1773167637.132616954,0,0,1.24
1773167637.132616954,1,0,0.01
1773167638.153492667,0,0,1.24
1773167638.153492667,1,0,0.01
1773167639.174803763,0,0,1.24
1773167639.174803763,1,0,0.01
1773167640.195954693,0,0,1.24
1773167640.195954693,1,0,0.01
1773167641.221686454,0,0,1.24
1773167641.221686454,1,0,0.01
1773167642.241697512,0,0,1.24
1773167642.241697512,1,0,0.01
1773167643.262864056,0,0,1.24
1773167643.262864056,1,0,0.01
1773167644.285205193,0,0,1.24
1773167644.285205193,1,0,0.01
1773167645.307139357,0,0,1.24
1773167645.307139357,1,0,0.01
1773167646.328927615,0,0,1.24
1773167646.328927615,1,0,0.01
1773167647.349170672,0,0,1.24
1773167647.349170672,1,0,0.01
1773167648.370411484,0,0,1.24
1773167648.370411484,1,0,0.01
1773167649.390483728,0,0,1.24
1773167649.390483728,1,0,0.01
1773167650.412508618,0,0,1.24
1773167650.412508618,1,0,0.01
1773167651.434482162,0,0,1.24
1773167651.434482162,1,0,0.01
1773167652.455883776,0,0,1.24
1773167652.455883776,1,0,0.01
1773167653.477102844,0,0,1.24
1773167653.477102844,1,0,0.01
1773167654.499432602,0,0,1.24
1773167654.499432602,1,0,0.01
1773167655.519451338,0,0,1.24
1773167655.519451338,1,0,0.01
1773167656.539530194,0,0,1.24
1773167656.539530194,1,0,0.01
1773167657.562041706,0,0,1.24
1773167657.562041706,1,0,0.01
1773167658.583115826,0,0,1.24
1773167658.583115826,1,0,0.01
1773167659.605408037,0,0,1.24
1773167659.605408037,1,0,0.01
1773167660.627913883,0,0,1.24
1773167660.627913883,1,0,0.01
1773167661.650561166,0,0,1.24
1773167661.650561166,1,0,0.01
1773167662.672786079,0,0,1.24
1773167662.672786079,1,0,0.01
1773167663.695094722,0,0,1.24
1773167663.695094722,1,0,0.01
1773167664.716893920,0,0,1.24
1773167664.716893920,1,0,0.01
1773167665.739367504,0,0,1.24
1773167665.739367504,1,0,0.01
1773167666.761048822,0,0,1.24
1773167666.761048822,1,0,0.01
1773167667.783570500,0,0,1.24
1773167667.783570500,1,0,0.01
1773167668.804853946,0,0,1.24
1773167668.804853946,1,0,0.01
1773167669.825900877,0,0,1.24
1773167669.825900877,1,0,0.01
1773167670.847541002,0,0,1.24
1773167670.847541002,1,0,0.01
1773167671.868995451,0,0,1.24
1773167671.868995451,1,0,0.01
1773167672.890423462,0,0,1.24
1773167672.890423462,1,0,0.01
1773167673.911535754,0,0,1.24
1773167673.911535754,1,0,0.01
1773167674.932590313,0,0,1.24
1773167674.932590313,1,0,0.01
1773167675.954870938,0,0,1.24
1773167675.954870938,1,0,0.01
1773167676.974552517,0,0,1.24
1773167676.974552517,1,0,0.01
1773167677.994829251,0,0,1.24
1773167677.994829251,1,0,0.01
1773167679.016608512,0,0,1.24
1773167679.016608512,1,0,0.01
1773167680.038205397,0,0,1.24
1773167680.038205397,1,0,0.01
1773167681.059108339,0,0,1.24
1773167681.059108339,1,0,0.01
1773167682.081033359,0,0,1.24
1773167682.081033359,1,0,0.01
1773167683.102456939,0,0,1.24
1773167683.102456939,1,0,0.01
1773167684.124841119,0,0,1.24
1773167684.124841119,1,0,0.01
1773167685.145177422,0,0,1.24
1773167685.145177422,1,0,0.01
1773167686.166394635,0,0,1.24
1773167686.166394635,1,0,0.01
1773167687.186075338,0,0,1.24
1773167687.186075338,1,0,0.01
1773167688.207111377,0,0,1.24
1773167688.207111377,1,0,0.01
1773167689.228125180,0,0,1.24
1773167689.228125180,1,0,0.01
1773167690.249197534,0,0,1.24
1773167690.249197534,1,0,0.01
1773167691.270881806,0,0,1.24
1773167691.270881806,1,0,0.01
1773167692.292628516,0,0,1.24
1773167692.292628516,1,0,0.01
1773167693.314096419,0,0,1.24
1773167693.314096419,1,0,0.01
1773167694.335678321,0,0,1.24
1773167694.335678321,1,0,0.01
1773167695.357686709,0,0,1.24
1773167695.357686709,1,0,0.01
1773167696.379081941,0,0,1.24
1773167696.379081941,1,0,0.01
1773167697.400993598,0,0,1.24
1773167697.400993598,1,0,0.01
1773167698.422817593,0,0,1.24
1773167698.422817593,1,0,0.01
1773167699.444274541,0,0,1.24
1773167699.444274541,1,0,0.01
1773167700.464609813,0,0,1.24
1773167700.464609813,1,0,0.01
1773167701.484907218,0,0,1.24
1773167701.484907218,1,0,0.01
1773167702.506647257,0,69,1.24
1773167702.506647257,1,0,0.01
1773167703.530783771,0,65,1.24
1773167703.530783771,1,0,0.01
1773167704.550522674,0,0,1.24
1773167704.550522674,1,0,0.01
1773167705.572066098,0,0,1.24
1773167705.572066098,1,0,0.01
1773167706.593143318,0,0,1.24
1773167706.593143318,1,0,0.01
1773167707.614285607,0,0,1.24
1773167707.614285607,1,0,0.01
1773167708.635342028,0,0,1.24
1773167708.635342028,1,0,0.01
1773167709.657425199,0,0,1.24
1773167709.657425199,1,0,0.01
1773167710.679552538,0,0,1.24
1773167710.679552538,1,0,0.01
1773167711.700937783,0,0,1.24
1773167711.700937783,1,0,0.01
1773167712.723147064,0,0,1.24
1773167712.723147064,1,0,0.01
1773167713.744386179,0,0,1.24
1773167713.744386179,1,0,0.01
1773167714.765768223,0,0,1.24
1773167714.765768223,1,0,0.01
1773167715.786871894,0,0,1.24
1773167715.786871894,1,0,0.01
1773167716.808512016,0,0,1.24
1773167716.808512016,1,0,0.01
1773167717.829594719,0,0,1.24
1773167717.829594719,1,0,0.01
1773167718.849860682,0,0,1.24
1773167718.849860682,1,0,0.01
1773167719.870983917,0,0,1.24
1773167719.870983917,1,0,0.01
1773167720.892338065,0,0,1.24
1773167720.892338065,1,0,0.01
1773167721.913557978,0,0,1.24
1773167721.913557978,1,0,0.01
1773167722.934880989,0,0,1.24
1773167722.934880989,1,0,0.01
1773167723.957235080,0,0,1.24
1773167723.957235080,1,0,0.01
1773167724.979044202,0,0,1.24
1773167724.979044202,1,0,0.01
1773167726.000772799,0,0,1.24
1773167726.000772799,1,0,0.01
1773167727.022182540,0,0,1.24
1773167727.022182540,1,0,0.01
1773167728.042104680,0,0,1.24
1773167728.042104680,1,0,0.01
1773167729.062967271,0,0,1.24
1773167729.062967271,1,0,0.01
1773167730.084763991,0,0,1.24
1773167730.084763991,1,0,0.01
1773167731.106594033,0,0,1.24
1773167731.106594033,1,0,0.01
1773167732.127414394,0,0,1.24
1773167732.127414394,1,0,0.01
1773167733.148742500,0,0,1.24
1773167733.148742500,1,0,0.01
1773167734.170946992,0,0,1.24
1773167734.170946992,1,0,0.01
1773167735.192448084,0,0,1.24
1773167735.192448084,1,0,0.01
1773167736.213812821,0,0,1.24
1773167736.213812821,1,0,0.01
1773167737.235136502,0,0,1.24
1773167737.235136502,1,0,0.01
1773167738.256630652,0,0,1.24
1773167738.256630652,1,0,0.01
1773167739.277690752,0,0,1.24
1773167739.277690752,1,0,0.01
1773167740.298833583,0,0,1.24
1773167740.298833583,1,0,0.01
1773167741.319674047,0,0,1.24
1773167741.319674047,1,0,0.01
1773167742.340130307,0,0,1.24
1773167742.340130307,1,0,0.01
1773167743.360827367,0,0,1.24
1773167743.360827367,1,0,0.01
1773167744.380756927,0,0,1.24
1773167744.380756927,1,0,0.01
1773167745.402851815,0,0,1.24
1773167745.402851815,1,0,0.01
1773167746.423896356,0,0,1.24
1773167746.423896356,1,0,0.01
1773167747.445233332,0,0,1.24
1773167747.445233332,1,0,0.01
1773167748.466030637,0,0,1.24
1773167748.466030637,1,0,0.01
1773167749.487538631,0,0,1.24
1773167749.487538631,1,0,0.01
1773167750.508834399,0,0,1.24
1773167750.508834399,1,0,0.01
1773167751.530129950,0,0,1.24
1773167751.530129950,1,0,0.01
1773167752.551452785,0,0,1.24
1773167752.551452785,1,0,0.01
1773167753.572935584,0,0,1.24
1773167753.572935584,1,0,0.01
1773167754.594440429,0,0,1.24
1773167754.594440429,1,0,0.01
1773167755.615648446,0,0,1.24
1773167755.615648446,1,0,0.01
1773167756.636924370,0,0,1.24
1773167756.636924370,1,0,0.01
1773167757.658456141,0,0,1.24
1773167757.658456141,1,0,0.01
1773167758.679890962,0,0,1.24
1773167758.679890962,1,0,0.01
1773167759.700975483,0,0,1.24
1773167759.700975483,1,0,0.01
1773167760.722877217,0,0,1.24
1773167760.722877217,1,0,0.01
1773167761.744331579,0,0,1.24
1773167761.744331579,1,0,0.01
1773167762.766479229,0,0,1.24
1773167762.766479229,1,0,0.01
1773167763.787640613,0,0,1.24
1773167763.787640613,1,0,0.01
1773167764.808992891,0,0,1.24
1773167764.808992891,1,0,0.01
1773167765.830969455,0,0,1.24
1773167765.830969455,1,0,0.01
1773167766.852883213,0,0,1.24
1773167766.852883213,1,0,0.01
1773167767.874367702,0,0,1.24
1773167767.874367702,1,0,0.01
1773167768.895593362,0,0,1.24
1773167768.895593362,1,0,0.01
1773167769.917244143,0,0,1.24
1773167769.917244143,1,0,0.01
1773167770.937443516,0,0,1.24
1773167770.937443516,1,0,0.01
1773167771.959142502,0,0,1.24
1773167771.959142502,1,0,0.01
1773167772.980436350,0,0,1.24
1773167772.980436350,1,0,0.01
1773167774.002028597,0,0,1.24
1773167774.002028597,1,0,0.01
1773167775.023578713,0,0,1.24
1773167775.023578713,1,0,0.01
1773167776.044815515,0,0,1.24
1773167776.044815515,1,0,0.01
1773167777.066603122,0,0,1.24
1773167777.066603122,1,0,0.01
1773167778.088287467,0,0,1.24
1773167778.088287467,1,0,0.01
1773167779.110446780,0,0,1.24
1773167779.110446780,1,0,0.01
1773167780.131434781,0,0,1.24
1773167780.131434781,1,0,0.01
1773167781.151534101,0,0,1.24
1773167781.151534101,1,0,0.01
1773167782.172954031,0,0,1.24
1773167782.172954031,1,0,0.01
1773167783.194236943,0,0,1.24
1773167783.194236943,1,0,0.01
1773167784.217376393,0,0,1.24
1773167784.217376393,1,0,0.01
1773167785.239293671,0,0,1.24
1773167785.239293671,1,0,0.01
1773167786.260880537,0,0,1.24
1773167786.260880537,1,0,0.01
1773167787.282876705,0,0,1.24
1773167787.282876705,1,0,0.01
1773167788.304456444,0,0,1.24
1773167788.304456444,1,0,0.01
1773167789.326393900,0,0,1.24
1773167789.326393900,1,0,0.01
1773167790.347611587,0,0,1.24
1773167790.347611587,1,0,0.01
1773167791.368911738,0,0,1.24
1773167791.368911738,1,0,0.01
1773167792.391232800,0,0,1.24
1773167792.391232800,1,0,0.01
1773167793.410830995,0,0,1.24
1773167793.410830995,1,0,0.01
1773167794.431316268,0,0,1.24
1773167794.431316268,1,0,0.01
1773167795.452401710,0,0,1.24
1773167795.452401710,1,0,0.01
1773167796.474146659,0,0,1.24
1773167796.474146659,1,0,0.01
1773167797.495803595,0,0,1.24
1773167797.495803595,1,0,0.01
1773167798.518263339,0,0,1.24
1773167798.518263339,1,0,0.01
1773167799.540010958,0,0,1.24
1773167799.540010958,1,0,0.01
1773167800.561594497,0,0,1.24
1773167800.561594497,1,0,0.01
1773167801.583347705,0,0,1.24
1773167801.583347705,1,0,0.01
1773167802.604907949,0,0,1.24
1773167802.604907949,1,0,0.01
1773167803.626187073,0,0,1.24
1773167803.626187073,1,0,0.01
1773167804.647266269,0,0,1.24
1773167804.647266269,1,0,0.01
1773167805.668245423,0,0,1.24
1773167805.668245423,1,0,0.01
1773167806.689484285,0,0,1.24
1773167806.689484285,1,0,0.01
1773167807.711018800,0,0,1.24
1773167807.711018800,1,0,0.01
1773167808.732215245,0,0,1.24
1773167808.732215245,1,0,0.01
1773167809.754200031,0,0,1.24
1773167809.754200031,1,0,0.01
1773167810.774331752,0,0,1.24
1773167810.774331752,1,0,0.01
1773167811.794470293,0,0,1.24
1773167811.794470293,1,0,0.01
1773167812.816316126,0,0,1.24
1773167812.816316126,1,0,0.01
1773167813.837506006,0,0,1.24
1773167813.837506006,1,0,0.01
1773167814.859920629,0,0,1.24
1773167814.859920629,1,0,0.01
1773167815.881461532,0,0,1.24
1773167815.881461532,1,0,0.01
1773167816.903399310,0,0,1.24
1773167816.903399310,1,0,0.01
1773167817.924824915,0,0,1.24
1773167817.924824915,1,0,0.01
1773167818.946729855,0,0,1.24
1773167818.946729855,1,0,0.01
1773167819.968246596,0,0,1.24
1773167819.968246596,1,0,0.01
1773167820.988699459,0,0,1.24
1773167820.988699459,1,0,0.01
1773167822.008746554,0,0,1.24
1773167822.008746554,1,0,0.01
1773167823.030793947,0,0,1.24
1773167823.030793947,1,0,0.01
1773167824.052141188,0,0,1.24
1773167824.052141188,1,0,0.01
1773167825.074203243,0,0,1.24
1773167825.074203243,1,0,0.01
1773167826.095267764,0,0,1.24
1773167826.095267764,1,0,0.01
1773167827.115580864,0,0,1.24
1773167827.115580864,1,0,0.01
1773167828.135608027,0,0,1.24
1773167828.135608027,1,0,0.01
1773167829.157681558,0,0,1.24
1773167829.157681558,1,0,0.01
1773167830.177669056,0,0,1.24
1773167830.177669056,1,0,0.01
1773167831.198675248,0,0,1.24
1773167831.198675248,1,0,0.01
1773167832.219854246,0,0,1.24
1773167832.219854246,1,0,0.01
1773167833.240977622,0,0,1.24
1773167833.240977622,1,0,0.01
1773167834.262967890,0,0,1.24
1773167834.262967890,1,0,0.01
1773167835.285235788,0,0,1.24
1773167835.285235788,1,0,0.01
1773167836.307442399,0,0,1.24
1773167836.307442399,1,0,0.01
1773167837.329481038,0,0,1.24
1773167837.329481038,1,0,0.01
1773167838.351511524,0,0,1.24
1773167838.351511524,1,0,0.01
1773167839.372923353,0,0,1.24
1773167839.372923353,1,0,0.01
1773167840.394269910,0,0,1.24
1773167840.394269910,1,0,0.01
1773167841.416168068,0,0,1.24
1773167841.416168068,1,0,0.01
1773167842.437856440,0,0,1.24
1773167842.437856440,1,0,0.01
1773167843.459218757,0,0,1.24
1773167843.459218757,1,0,0.01
1773167844.481048235,0,0,1.24
1773167844.481048235,1,0,0.01
1773167845.502316149,0,0,1.24
1773167845.502316149,1,0,0.01
1773167846.522451165,0,0,1.24
1773167846.522451165,1,0,0.01
1773167847.544120046,0,0,1.24
1773167847.544120046,1,0,0.01
1773167848.565423868,0,0,1.24
1773167848.565423868,1,0,0.01
1773167849.586487656,0,0,1.24
1773167849.586487656,1,0,0.01
1773167850.608123398,0,0,1.24
1773167850.608123398,1,0,0.01
1773167851.629426333,0,0,1.24
1773167851.629426333,1,0,0.01
1773167852.650916998,0,0,1.24
1773167852.650916998,1,0,0.01
1773167853.672614766,0,0,1.24
1773167853.672614766,1,0,0.01
1773167854.694993485,0,0,1.24
1773167854.694993485,1,0,0.01
1773167855.716422672,0,0,1.24
1773167855.716422672,1,0,0.01
1773167856.738542336,0,0,1.24
1773167856.738542336,1,0,0.01
1773167857.760314323,0,0,1.24
1773167857.760314323,1,0,0.01
1773167858.782370993,0,0,1.24
1773167858.782370993,1,0,0.01
1773167859.803555658,0,0,1.24
1773167859.803555658,1,0,0.01
1773167860.826069117,0,0,1.24
1773167860.826069117,1,0,0.01
1773167861.848035541,0,0,1.24
1773167861.848035541,1,0,0.01
1773167862.869616137,0,0,1.24
1773167862.869616137,1,0,0.01
1773167863.891588816,0,0,1.24
1773167863.891588816,1,0,0.01
1773167864.913366319,0,0,1.24
1773167864.913366319,1,0,0.01
1773167865.934343515,0,0,1.24
1773167865.934343515,1,0,0.01
1773167866.955923086,0,0,1.24
1773167866.955923086,1,0,0.01
1773167867.977159027,0,0,1.24
1773167867.977159027,1,0,0.01
1773167868.998895240,0,0,1.24
1773167868.998895240,1,0,0.01
1773167870.020977646,0,0,1.24
1773167870.020977646,1,0,0.01
1773167871.042220676,0,0,1.24
1773167871.042220676,1,0,0.01
1773167872.063307179,0,0,1.24
1773167872.063307179,1,0,0.01
1773167873.083094177,0,0,1.24
1773167873.083094177,1,0,0.01
1773167874.104838617,0,0,1.24
1773167874.104838617,1,0,0.01
1773167875.125950794,0,0,1.24
1773167875.125950794,1,0,0.01
1773167876.148482551,0,0,1.24
1773167876.148482551,1,0,0.01
1773167877.170502114,0,0,1.24
1773167877.170502114,1,0,0.01
1773167878.192521673,0,0,1.24
1773167878.192521673,1,0,0.01
1773167879.213889055,0,0,1.24
1773167879.213889055,1,0,0.01
1773167880.236056704,0,0,1.24
1773167880.236056704,1,0,0.01
1773167881.257154561,0,0,1.24
1773167881.257154561,1,0,0.01
1773167882.279224209,0,0,1.24
1773167882.279224209,1,0,0.01
1773167883.301328620,0,0,1.24
1773167883.301328620,1,0,0.01
1773167884.323359918,0,0,1.24
1773167884.323359918,1,0,0.01
1773167885.345052125,0,0,1.24
1773167885.345052125,1,0,0.01
1773167886.366066139,0,0,1.24
1773167886.366066139,1,0,0.01
1773167887.388008256,0,0,1.24
1773167887.388008256,1,0,0.01
1773167888.409238024,0,0,1.24
1773167888.409238024,1,0,0.01
1773167889.430147156,0,0,1.24
1773167889.430147156,1,0,0.01
1773167890.451520544,0,0,1.24
1773167890.451520544,1,0,0.01
1773167891.473082426,0,0,1.24
1773167891.473082426,1,0,0.01
1773167892.494960604,0,0,1.24
1773167892.494960604,1,0,0.01
1773167893.516731258,0,0,1.24
1773167893.516731258,1,0,0.01
1773167894.538482109,0,0,1.24
1773167894.538482109,1,0,0.01
1773167895.560142229,0,0,1.24
1773167895.560142229,1,0,0.01
1773167896.581108823,0,0,1.24
1773167896.581108823,1,0,0.01
1773167897.602955336,0,0,1.24
1773167897.602955336,1,0,0.01
1773167898.624185417,0,0,1.24
1773167898.624185417,1,0,0.01
1773167899.645695671,0,0,1.24
1773167899.645695671,1,0,0.01
1773167900.668246566,0,0,1.24
1773167900.668246566,1,0,0.01
1773167901.689969188,0,0,1.24
1773167901.689969188,1,0,0.01
1773167902.712566488,0,0,1.24
1773167902.712566488,1,0,0.01
1773167903.734580770,0,0,1.24
1773167903.734580770,1,0,0.01
1773167904.756572239,0,0,1.24
1773167904.756572239,1,0,0.01
1773167905.778008062,0,0,1.24
1773167905.778008062,1,0,0.01
1773167906.800610672,0,0,1.24
1773167906.800610672,1,0,0.01
1773167907.822737596,0,0,1.24
1773167907.822737596,1,0,0.01
1773167908.844002388,0,0,1.24
1773167908.844002388,1,0,0.01
1773167909.865302486,0,0,1.24
1773167909.865302486,1,0,0.01
1773167910.886700837,0,0,1.24
1773167910.886700837,1,0,0.01
1773167911.908143053,0,0,1.24
1773167911.908143053,1,0,0.01
1773167912.929835455,0,0,1.24
1773167912.929835455,1,0,0.01
1773167913.951093716,0,0,1.24
1773167913.951093716,1,0,0.01
1773167914.972750955,0,0,1.24
1773167914.972750955,1,0,0.01
1773167915.994818688,0,0,1.24
1773167915.994818688,1,0,0.01
1773167917.016884914,0,0,1.24
1773167917.016884914,1,0,0.01
1773167918.038839588,0,0,1.24
1773167918.038839588,1,0,0.01
1773167919.060662807,0,0,1.24
1773167919.060662807,1,0,0.01
1773167920.081896407,0,0,1.24
1773167920.081896407,1,0,0.01
1773167921.103877885,0,0,1.24
1773167921.103877885,1,0,0.01
1773167922.125851394,0,0,1.24
1773167922.125851394,1,0,0.01
1773167923.147659550,0,0,1.24
1773167923.147659550,1,0,0.01
1773167924.168937696,0,0,1.24
1773167924.168937696,1,0,0.01
1773167925.190263719,0,0,1.24
1773167925.190263719,1,0,0.01
1773167926.212129971,0,0,1.24
1773167926.212129971,1,0,0.01
1773167927.234146487,0,68,1.24
1773167927.234146487,1,0,0.01
1773167928.256085285,0,68,1.24
1773167928.256085285,1,0,0.01
1773167929.276903114,0,0,1.24
1773167929.276903114,1,0,0.01
1773167930.296867365,0,0,1.24
1773167930.296867365,1,0,0.01
1773167931.317908665,0,0,1.24
1773167931.317908665,1,0,0.01
1773167932.339804502,0,0,1.24
1773167932.339804502,1,0,0.01
1773167933.361654813,0,0,1.24
1773167933.361654813,1,0,0.01
1773167934.383918322,0,0,1.24
1773167934.383918322,1,0,0.01
1773167935.405095402,0,0,1.24
1773167935.405095402,1,0,0.01
1773167936.426793202,0,0,1.24
1773167936.426793202,1,0,0.01
1773167937.448894053,0,0,1.24
1773167937.448894053,1,0,0.01
1773167938.470803258,0,0,1.24
1773167938.470803258,1,0,0.01
1773167939.492244787,0,0,1.24
1773167939.492244787,1,0,0.01
1773167940.514127251,0,0,1.24
1773167940.514127251,1,0,0.01
1773167941.535790418,0,0,1.24
1773167941.535790418,1,0,0.01
1773167942.557732168,0,0,1.24
1773167942.557732168,1,0,0.01
1773167943.579469800,0,0,1.24
1773167943.579469800,1,0,0.01
1773167944.600885492,0,0,1.24
1773167944.600885492,1,0,0.01
1773167945.622793421,0,0,1.24
1773167945.622793421,1,0,0.01
1773167946.644004655,0,0,1.24
1773167946.644004655,1,0,0.01
1773167947.666062226,0,0,1.24
1773167947.666062226,1,0,0.01
1773167948.687264742,0,0,1.24
1773167948.687264742,1,0,0.01
1773167949.708918551,0,0,1.24
1773167949.708918551,1,0,0.01
1773167950.729512513,0,0,1.24
1773167950.729512513,1,0,0.01
1773167951.750698848,0,0,1.24
1773167951.750698848,1,0,0.01
1773167952.772365221,0,0,1.24
1773167952.772365221,1,0,0.01
1773167953.794312796,0,0,1.24
1773167953.794312796,1,0,0.01
1773167954.815873659,0,0,1.24
1773167954.815873659,1,0,0.01
1773167955.836904786,0,0,1.24
1773167955.836904786,1,0,0.01
1773167956.858448742,0,0,1.24
1773167956.858448742,1,0,0.01
1773167957.879871631,0,0,1.24
1773167957.879871631,1,0,0.01
1773167958.901296767,0,68,1.24
1773167958.901296767,1,0,0.01
1773167959.923104137,0,61,1.24
1773167959.923104137,1,0,0.01
1773167960.945357484,0,0,1.24
1773167960.945357484,1,0,0.01
1773167961.967027948,0,0,1.24
1773167961.967027948,1,0,0.01
1773167962.988331733,0,0,1.24
1773167962.988331733,1,0,0.01
1773167964.008193220,0,0,1.24
1773167964.008193220,1,0,0.01
1773167965.029439795,0,0,1.24
1773167965.029439795,1,0,0.01
1773167966.050472220,0,0,1.24
1773167966.050472220,1,0,0.01
1773167967.072492715,0,0,1.24
1773167967.072492715,1,0,0.01
1773167968.093898553,0,0,1.24
1773167968.093898553,1,0,0.01
1773167969.115888650,0,0,1.24
1773167969.115888650,1,0,0.01
1773167970.137043308,0,0,1.24
1773167970.137043308,1,0,0.01
1773167971.158336770,0,0,1.24
1773167971.158336770,1,0,0.01
1773167972.179403958,0,0,1.24
1773167972.179403958,1,0,0.01
1773167973.200876180,0,0,1.24
1773167973.200876180,1,0,0.01
1773167974.223001011,0,0,1.24
1773167974.223001011,1,0,0.01
1773167975.244011988,0,0,1.24
1773167975.244011988,1,0,0.01
1773167976.265619084,0,0,1.24
1773167976.265619084,1,0,0.01
1773167977.288114036,0,0,1.24
1773167977.288114036,1,0,0.01
1773167978.310117786,0,0,1.24
1773167978.310117786,1,0,0.01
1773167979.332167069,0,0,1.24
1773167979.332167069,1,0,0.01
1773167980.354188797,0,0,1.24
1773167980.354188797,1,0,0.01
1773167981.375231233,0,0,1.24
1773167981.375231233,1,0,0.01
1773167982.395080076,0,0,1.24
1773167982.395080076,1,0,0.01
1773167983.415165820,0,0,1.24
1773167983.415165820,1,0,0.01
1773167984.437702430,0,0,1.24
1773167984.437702430,1,0,0.01
1773167985.458855726,0,0,1.24
1773167985.458855726,1,0,0.01
1773167986.482722189,0,0,1.24
1773167986.482722189,1,0,0.01
1773167987.503392231,0,0,1.24
1773167987.503392231,1,0,0.01
1773167988.525676769,0,0,1.24
1773167988.525676769,1,0,0.01
1773167989.547742050,0,0,1.24
1773167989.547742050,1,0,0.01
1773167990.568188891,0,0,1.24
1773167990.568188891,1,0,0.01
1773167991.590147624,0,0,1.24
1773167991.590147624,1,0,0.01
1773167992.611661230,0,0,1.24
1773167992.611661230,1,0,0.01
1773167993.633639421,0,0,1.24
1773167993.633639421,1,0,0.01
1773167994.655098173,0,0,1.24
1773167994.655098173,1,0,0.01
1773167995.675909482,0,0,1.24
1773167995.675909482,1,0,0.01
1773167996.697153182,0,0,1.24
1773167996.697153182,1,0,0.01
1773167997.719255747,0,0,1.24
1773167997.719255747,1,0,0.01
1773167998.740229048,0,0,1.24
1773167998.740229048,1,0,0.01
1773167999.761974930,0,0,1.24
1773167999.761974930,1,0,0.01
1773168000.783052299,0,0,1.24
1773168000.783052299,1,0,0.01
1773168001.803266626,0,0,1.24
1773168001.803266626,1,0,0.01
1773168002.823785339,0,0,1.24
1773168002.823785339,1,0,0.01
1773168003.844885433,0,0,1.24
1773168003.844885433,1,0,0.01
1773168004.866640774,0,0,1.24
1773168004.866640774,1,0,0.01
1773168005.888219104,0,0,1.24
1773168005.888219104,1,0,0.01
1773168006.908409082,0,0,1.24
1773168006.908409082,1,0,0.01
1773168007.928663705,0,0,1.24
1773168007.928663705,1,0,0.01
1773168008.948922855,0,0,1.24
1773168008.948922855,1,0,0.01
1773168009.971286960,0,0,1.24
1773168009.971286960,1,0,0.01
1773168010.992785015,0,0,1.24
1773168010.992785015,1,0,0.01
1773168012.014785117,0,0,1.24
1773168012.014785117,1,0,0.01
1773168013.035784095,0,0,1.24
1773168013.035784095,1,0,0.01
1773168014.057208959,0,0,1.24
1773168014.057208959,1,0,0.01
1773168015.079298032,0,0,1.24
1773168015.079298032,1,0,0.01
1773168016.100743835,0,0,1.24
1773168016.100743835,1,0,0.01
1773168017.122721214,0,0,1.24
1773168017.122721214,1,0,0.01
1773168018.144841242,0,0,1.24
1773168018.144841242,1,0,0.01
1773168019.165924004,0,0,1.24
1773168019.165924004,1,0,0.01
1773168020.187503525,0,0,1.24
1773168020.187503525,1,0,0.01
1773168021.209363463,0,0,1.24
1773168021.209363463,1,0,0.01
1773168022.230633813,0,0,1.24
1773168022.230633813,1,0,0.01
1773168023.251959110,0,0,1.24
1773168023.251959110,1,0,0.01
1773168024.274304493,0,0,1.24
1773168024.274304493,1,0,0.01
1773168025.295878447,0,0,1.24
1773168025.295878447,1,0,0.01
1773168026.317239503,0,0,1.24
1773168026.317239503,1,0,0.01
1773168027.337520845,0,0,1.24
1773168027.337520845,1,0,0.01
1773168028.358847224,0,0,1.24
1773168028.358847224,1,0,0.01
1773168029.380996151,0,0,1.24
1773168029.380996151,1,0,0.01
1773168030.402528606,0,0,1.24
1773168030.402528606,1,0,0.01
1773168031.424284572,0,0,1.24
1773168031.424284572,1,0,0.01
1773168032.445571643,0,0,1.24
1773168032.445571643,1,0,0.01
1773168033.467763961,0,0,1.24
1773168033.467763961,1,0,0.01
1773168034.490216561,0,0,1.24
1773168034.490216561,1,0,0.01
1773168035.510753630,0,0,1.24
1773168035.510753630,1,0,0.01
1773168036.532003983,0,0,1.24
1773168036.532003983,1,0,0.01
1773168037.553331390,0,0,1.24
1773168037.553331390,1,0,0.01
1773168038.575966171,0,0,1.24
1773168038.575966171,1,0,0.01
1773168039.597959651,0,0,1.24
1773168039.597959651,1,0,0.01
1773168040.619237285,0,0,1.24
1773168040.619237285,1,0,0.01
1773168041.640473112,0,0,1.24
1773168041.640473112,1,0,0.01
1773168042.661944858,0,0,1.24
1773168042.661944858,1,0,0.01
1773168043.683074002,0,0,1.24
1773168043.683074002,1,0,0.01
1773168044.703421903,0,0,1.24
1773168044.703421903,1,0,0.01
1773168045.724432509,0,0,1.24
1773168045.724432509,1,0,0.01
1773168046.745527618,0,0,1.24
1773168046.745527618,1,0,0.01
1773168047.767471020,0,0,1.24
1773168047.767471020,1,0,0.01
1773168048.789525934,0,0,1.24
1773168048.789525934,1,0,0.01
1773168049.811006591,0,0,1.24
1773168049.811006591,1,0,0.01
1773168050.833060540,0,0,1.24
1773168050.833060540,1,0,0.01
1773168051.855116430,0,0,1.24
1773168051.855116430,1,0,0.01
1773168052.876508350,0,0,1.24
1773168052.876508350,1,0,0.01
1773168053.898481061,0,0,1.24
1773168053.898481061,1,0,0.01
1773168054.920304396,0,0,1.24
1773168054.920304396,1,0,0.01
1773168055.941432942,0,0,1.24
1773168055.941432942,1,0,0.01
1773168056.961713572,0,0,1.24
1773168056.961713572,1,0,0.01
1773168057.981620174,0,0,1.24
1773168057.981620174,1,0,0.01
1773168059.002974091,0,0,1.24
1773168059.002974091,1,0,0.01
1773168060.025001347,0,0,1.24
1773168060.025001347,1,0,0.01
1773168061.046277516,0,0,1.24
1773168061.046277516,1,0,0.01
1773168062.068293949,0,0,1.24
1773168062.068293949,1,0,0.01
1773168063.090266527,0,0,1.24
1773168063.090266527,1,0,0.01
1773168064.110194800,0,0,1.24
1773168064.110194800,1,0,0.01
1773168065.131562863,0,0,1.24
1773168065.131562863,1,0,0.01
1773168066.153461958,0,0,1.24
1773168066.153461958,1,0,0.01
1773168067.174021872,0,0,1.24
1773168067.174021872,1,0,0.01
1773168068.195531743,0,0,1.24
1773168068.195531743,1,0,0.01
1773168069.216813926,0,0,1.24
1773168069.216813926,1,0,0.01
1773168070.238034407,0,0,1.24
1773168070.238034407,1,0,0.01
1773168071.259676031,0,0,1.24
1773168071.259676031,1,0,0.01
1773168072.279665187,0,0,1.24
1773168072.279665187,1,0,0.01
1773168073.301613084,0,0,1.24
1773168073.301613084,1,0,0.01
1773168074.323161387,0,0,1.24
1773168074.323161387,1,0,0.01
1773168075.344139298,0,0,1.24
1773168075.344139298,1,0,0.01
1773168076.366193837,0,0,1.24
1773168076.366193837,1,0,0.01
1773168077.388783223,0,0,1.24
1773168077.388783223,1,0,0.01
1773168078.410661415,0,0,1.24
1773168078.410661415,1,0,0.01
1773168079.433746317,0,0,1.24
1773168079.433746317,1,0,0.01
1773168080.455345695,0,0,1.24
1773168080.455345695,1,0,0.01
1773168081.476789219,0,0,1.24
1773168081.476789219,1,0,0.01
1773168082.498289353,0,0,1.24
1773168082.498289353,1,0,0.01
1773168083.520184473,0,0,1.24
1773168083.520184473,1,0,0.01
1773168084.540965335,0,0,1.24
1773168084.540965335,1,0,0.01
1773168085.563131662,0,0,1.24
1773168085.563131662,1,0,0.01
1773168086.584883585,0,0,1.24
1773168086.584883585,1,0,0.01
1773168087.606706848,0,0,1.24
1773168087.606706848,1,0,0.01
1773168088.628373193,0,0,1.24
1773168088.628373193,1,0,0.01
1773168089.649279641,0,0,1.24
1773168089.649279641,1,0,0.01
1773168090.670639122,0,0,1.24
1773168090.670639122,1,0,0.01
1773168091.691886030,0,0,1.24
1773168091.691886030,1,0,0.01
1773168092.715068414,0,0,1.24
1773168092.715068414,1,0,0.01
1773168093.736904841,0,0,1.24
1773168093.736904841,1,0,0.01
1773168094.758191168,0,0,1.24
1773168094.758191168,1,0,0.01
1773168095.779281578,0,0,1.24
1773168095.779281578,1,0,0.01
1773168096.800864182,0,0,1.24
1773168096.800864182,1,0,0.01
1773168097.822697803,0,0,1.24
1773168097.822697803,1,0,0.01
1773168098.845210607,0,0,1.24
1773168098.845210607,1,0,0.01
1773168099.867255354,0,0,1.24
1773168099.867255354,1,0,0.01
1773168100.888256592,0,0,1.24
1773168100.888256592,1,0,0.01
1773168101.909132163,0,0,1.24
1773168101.909132163,1,0,0.01
1773168102.930084737,0,0,1.24
1773168102.930084737,1,0,0.01
1773168103.951152403,0,0,1.24
1773168103.951152403,1,0,0.01
1773168104.972077207,0,0,1.24
1773168104.972077207,1,0,0.01
1773168105.993571183,0,0,1.24
1773168105.993571183,1,0,0.01
1773168107.014898404,0,0,1.24
1773168107.014898404,1,0,0.01
1773168108.037014792,0,0,1.24
1773168108.037014792,1,0,0.01
1773168109.059183423,0,0,1.24
1773168109.059183423,1,0,0.01
1773168110.080197739,0,0,1.24
1773168110.080197739,1,0,0.01
1773168111.101249671,0,0,1.24
1773168111.101249671,1,0,0.01
1773168112.121607993,0,0,1.24
1773168112.121607993,1,0,0.01
1773168113.142832066,0,0,1.24
1773168113.142832066,1,0,0.01
1773168114.163986036,0,0,1.24
1773168114.163986036,1,0,0.01
1773168115.185950365,0,0,1.24
1773168115.185950365,1,0,0.01
1773168116.206846541,0,0,1.24
1773168116.206846541,1,0,0.01
1773168117.228140851,0,0,1.24
1773168117.228140851,1,0,0.01
1773168118.249135240,0,0,1.24
1773168118.249135240,1,0,0.01
1773168119.270745838,0,0,1.24
1773168119.270745838,1,0,0.01
1773168120.292902283,0,0,1.24
1773168120.292902283,1,0,0.01
1773168121.314939631,0,0,1.24
1773168121.314939631,1,0,0.01
1773168122.336742189,0,0,1.24
1773168122.336742189,1,0,0.01
1773168123.357899606,0,0,1.24
1773168123.357899606,1,0,0.01
1773168124.380054801,0,0,1.24
1773168124.380054801,1,0,0.01
1773168125.401137205,0,0,1.24
1773168125.401137205,1,0,0.01
1773168126.422303507,0,0,1.24
1773168126.422303507,1,0,0.01
1773168127.443482170,0,0,1.24
1773168127.443482170,1,0,0.01
1773168128.464242254,0,0,1.24
1773168128.464242254,1,0,0.01
1773168129.485366270,0,0,1.24
1773168129.485366270,1,0,0.01
1773168130.507267338,0,0,1.24
1773168130.507267338,1,0,0.01
1773168131.529460940,0,0,1.24
1773168131.529460940,1,0,0.01
1773168132.550399389,0,0,1.24
1773168132.550399389,1,0,0.01
1773168133.572236362,0,0,1.24
1773168133.572236362,1,0,0.01
1773168134.593220931,0,0,1.24
1773168134.593220931,1,0,0.01
1773168135.615112790,0,0,1.24
1773168135.615112790,1,0,0.01
1773168136.637153918,0,0,1.24
1773168136.637153918,1,0,0.01
1773168137.658514453,0,0,1.24
1773168137.658514453,1,0,0.01
1773168138.679904176,0,0,1.24
1773168138.679904176,1,0,0.01
1773168139.700348167,0,0,1.24
1773168139.700348167,1,0,0.01
1773168140.721426056,0,0,1.24
1773168140.721426056,1,0,0.01
1773168141.742795813,0,0,1.24
1773168141.742795813,1,0,0.01
1773168142.764645993,0,0,1.24
1773168142.764645993,1,0,0.01
1773168143.786072430,0,0,1.24
1773168143.786072430,1,0,0.01
1773168144.807308041,0,0,1.24
1773168144.807308041,1,0,0.01
1773168145.829154028,0,0,1.24
1773168145.829154028,1,0,0.01
1773168146.851341313,0,0,1.24
1773168146.851341313,1,0,0.01
1773168147.872054719,0,0,1.24
1773168147.872054719,1,0,0.01
1773168148.891988313,0,0,1.24
1773168148.891988313,1,0,0.01
1773168149.913871609,0,0,1.24
1773168149.913871609,1,0,0.01
1773168150.935575526,0,0,1.24
1773168150.935575526,1,0,0.01
1773168151.957368133,0,0,1.24
1773168151.957368133,1,0,0.01
1773168152.979385245,0,0,1.24
1773168152.979385245,1,0,0.01
1773168154.001418840,0,0,1.24
1773168154.001418840,1,0,0.01
1773168155.023133063,0,0,1.24
1773168155.023133063,1,0,0.01
1773168156.045679525,0,0,1.24
1773168156.045679525,1,0,0.01
1773168157.068206068,0,0,1.24
1773168157.068206068,1,0,0.01
1773168158.090177281,0,0,1.24
1773168158.090177281,1,0,0.01
1773168159.110690577,0,0,1.24
1773168159.110690577,1,0,0.01
1773168160.132344326,0,0,1.24
1773168160.132344326,1,0,0.01
1773168161.153620350,0,0,1.24
1773168161.153620350,1,0,0.01
1773168162.175251533,0,0,1.24
1773168162.175251533,1,0,0.01
1773168163.197436023,0,0,1.24
1773168163.197436023,1,0,0.01
1773168164.219127023,0,0,1.24
1773168164.219127023,1,0,0.01
1773168165.240422334,0,0,1.24
1773168165.240422334,1,0,0.01
1773168166.261885183,0,0,1.24
1773168166.261885183,1,0,0.01
1773168167.283601299,0,0,1.24
1773168167.283601299,1,0,0.01
1773168168.304633958,0,0,1.24
1773168168.304633958,1,0,0.01
1773168169.325832394,0,0,1.24
1773168169.325832394,1,0,0.01
1773168170.347165234,0,0,1.24
1773168170.347165234,1,0,0.01
1773168171.368191209,0,0,1.24
1773168171.368191209,1,0,0.01
1773168172.387772754,0,0,1.24
1773168172.387772754,1,0,0.01
1773168173.410027179,0,0,1.24
1773168173.410027179,1,0,0.01
1773168174.430678570,0,0,1.24
1773168174.430678570,1,0,0.01
1773168175.452519537,0,0,1.24
1773168175.452519537,1,0,0.01
1773168176.474304625,0,0,1.24
1773168176.474304625,1,0,0.01
1773168177.496278886,0,0,1.24
1773168177.496278886,1,0,0.01
1773168178.517547046,0,0,1.24
1773168178.517547046,1,0,0.01
1773168179.538500436,0,0,1.24
1773168179.538500436,1,0,0.01
1773168180.560091795,0,0,1.24
1773168180.560091795,1,0,0.01
1773168181.582177059,0,0,1.24
1773168181.582177059,1,0,0.01
1773168182.604196496,0,0,1.24
1773168182.604196496,1,0,0.01
1773168183.625182460,0,0,1.24
1773168183.625182460,1,0,0.01
1773168184.647324732,0,0,1.24
1773168184.647324732,1,0,0.01
1773168185.669169257,0,0,1.24
1773168185.669169257,1,0,0.01
1773168186.691619439,0,0,1.24
1773168186.691619439,1,0,0.01
1773168187.713685538,0,0,1.24
1773168187.713685538,1,0,0.01
1773168188.735573424,0,0,1.24
1773168188.735573424,1,0,0.01
1773168189.756836411,0,0,1.24
1773168189.756836411,1,0,0.01
1773168190.778227695,0,0,1.24
1773168190.778227695,1,0,0.01
1773168191.799088197,0,0,1.24
1773168191.799088197,1,0,0.01
1773168192.818651756,0,0,1.24
1773168192.818651756,1,0,0.01
1773168193.838736489,0,0,1.24
1773168193.838736489,1,0,0.01
1773168194.859208159,0,0,1.24
1773168194.859208159,1,0,0.01
1773168195.879483349,0,0,1.24
1773168195.879483349,1,0,0.01
1773168196.901431912,0,0,1.24
1773168196.901431912,1,0,0.01
1773168197.923538886,0,0,1.24
1773168197.923538886,1,0,0.01
1773168198.943888201,0,0,1.24
1773168198.943888201,1,0,0.01
1773168199.965303091,0,0,1.24
1773168199.965303091,1,0,0.01
1773168200.986384281,0,0,1.24
1773168200.986384281,1,0,0.01
1773168202.007592159,0,0,1.24
1773168202.007592159,1,0,0.01
1773168203.028481513,0,0,1.24
1773168203.028481513,1,0,0.01
1773168204.048774005,0,0,1.24
1773168204.048774005,1,0,0.01
1773168205.068580726,0,0,1.24
1773168205.068580726,1,0,0.01
1773168206.088321643,0,0,1.24
1773168206.088321643,1,0,0.01
1773168207.109811515,0,0,1.24
1773168207.109811515,1,0,0.01
1773168208.131441780,0,0,1.24
1773168208.131441780,1,0,0.01
1773168209.152555220,0,0,1.24
1773168209.152555220,1,0,0.01
1773168210.173997353,0,0,1.24
1773168210.173997353,1,0,0.01
1773168211.194894787,0,0,1.24
1773168211.194894787,1,0,0.01
1773168212.216122782,0,0,1.24
1773168212.216122782,1,0,0.01
1773168213.237021213,0,0,1.24
1773168213.237021213,1,0,0.01
1773168214.256874237,0,0,1.24
1773168214.256874237,1,0,0.01
1773168215.278277499,0,0,1.24
1773168215.278277499,1,0,0.01
1773168216.297978768,0,0,1.24
1773168216.297978768,1,0,0.01
1773168217.318391732,0,0,1.24
1773168217.318391732,1,0,0.01
1773168218.339629097,0,0,1.24
1773168218.339629097,1,0,0.01
1773168219.360987924,0,0,1.24
1773168219.360987924,1,0,0.01
1773168220.382478406,0,0,1.24
1773168220.382478406,1,0,0.01
1773168221.403570517,0,0,1.24
1773168221.403570517,1,0,0.01
1773168222.424835145,0,0,1.24
1773168222.424835145,1,0,0.01
1773168223.446078480,0,0,1.24
1773168223.446078480,1,0,0.01
1773168224.467431116,0,0,1.24
1773168224.467431116,1,0,0.01
1773168225.489868686,0,0,1.24
1773168225.489868686,1,0,0.01
1773168226.511516616,0,0,1.24
1773168226.511516616,1,0,0.01
1773168227.532410883,0,0,1.24
1773168227.532410883,1,0,0.01
1773168228.554747839,0,0,1.24
1773168228.554747839,1,0,0.01
1773168229.576932624,0,0,1.24
1773168229.576932624,1,0,0.01
1773168230.598851575,0,0,1.24
1773168230.598851575,1,0,0.01
1773168231.620186222,0,0,1.24
1773168231.620186222,1,0,0.01
1773168232.641581856,0,0,1.24
1773168232.641581856,1,0,0.01
1773168233.663418485,0,70,1.24
1773168233.663418485,1,0,0.01
1773168234.684411097,0,70,1.24
1773168234.684411097,1,0,0.01
1773168235.704418382,0,0,1.24
1773168235.704418382,1,0,0.01
1773168236.725625925,0,0,1.24
1773168236.725625925,1,0,0.01
1773168237.747521864,0,0,1.24
1773168237.747521864,1,0,0.01
1773168238.769517645,0,0,1.24
1773168238.769517645,1,0,0.01
1773168239.790929009,0,0,1.24
1773168239.790929009,1,0,0.01
1773168240.811163695,0,0,1.24
1773168240.811163695,1,0,0.01
1773168241.836616823,0,0,1.24
1773168241.836616823,1,0,0.01
1773168242.858060486,0,0,1.24
1773168242.858060486,1,0,0.01
1773168243.879423964,0,0,1.24
1773168243.879423964,1,0,0.01
1773168244.900793997,0,0,1.24
1773168244.900793997,1,0,0.01
1773168245.922705169,0,0,1.24
1773168245.922705169,1,0,0.01
1773168246.944864924,0,0,1.24
1773168246.944864924,1,0,0.01
1773168247.966467508,0,0,1.24
1773168247.966467508,1,0,0.01
1773168248.988363826,0,0,1.24
1773168248.988363826,1,0,0.01
1773168250.010759236,0,0,1.24
1773168250.010759236,1,0,0.01
1773168251.032473029,0,0,1.24
1773168251.032473029,1,0,0.01
1773168252.054106562,0,0,1.24
1773168252.054106562,1,0,0.01
1773168253.076017872,0,0,1.24
1773168253.076017872,1,0,0.01
1773168254.097442910,0,0,1.24
1773168254.097442910,1,0,0.01
1773168255.118972271,0,0,1.24
1773168255.118972271,1,0,0.01
1773168256.139855825,0,0,1.24
1773168256.139855825,1,0,0.01
1773168257.160941348,0,0,1.24
1773168257.160941348,1,0,0.01
1773168258.183048181,0,0,1.24
1773168258.183048181,1,0,0.01
1773168259.204135922,0,0,1.24
1773168259.204135922,1,0,0.01
1773168260.226592045,0,0,1.24
1773168260.226592045,1,0,0.01
1773168261.247976751,0,0,1.24
1773168261.247976751,1,0,0.01
1773168262.269345951,0,0,1.24
1773168262.269345951,1,0,0.01
1773168263.291127150,0,0,1.24
1773168263.291127150,1,0,0.01
1773168264.312537422,0,0,1.24
1773168264.312537422,1,0,0.01
1773168265.333982653,0,0,1.24
1773168265.333982653,1,0,0.01
1773168266.355948070,0,0,1.24
1773168266.355948070,1,0,0.01
1773168267.377510432,0,0,1.24
1773168267.377510432,1,0,0.01
1773168268.398790286,0,0,1.24
1773168268.398790286,1,0,0.01
1773168269.421107194,0,0,1.24
1773168269.421107194,1,0,0.01
1773168270.442156920,0,0,1.24
1773168270.442156920,1,0,0.01
1773168271.463192962,0,0,1.24
1773168271.463192962,1,0,0.01
1773168272.484936051,0,0,1.24
1773168272.484936051,1,0,0.01
1773168273.506196202,0,0,1.24
1773168273.506196202,1,0,0.01
1773168274.528001748,0,0,1.24
1773168274.528001748,1,0,0.01
1773168275.550164133,0,0,1.24
1773168275.550164133,1,0,0.01
1773168276.571588714,0,0,1.24
1773168276.571588714,1,0,0.01
1773168277.591835132,0,0,1.24
1773168277.591835132,1,0,0.01
1773168278.611884415,0,0,1.24
1773168278.611884415,1,0,0.01
1773168279.631857104,0,0,1.24
1773168279.631857104,1,0,0.01
1773168280.653205149,0,0,1.24
1773168280.653205149,1,0,0.01
1773168281.674125423,0,0,1.24
1773168281.674125423,1,0,0.01
1773168282.695216616,0,0,1.24
1773168282.695216616,1,0,0.01
1773168283.716253907,0,0,1.24
1773168283.716253907,1,0,0.01
1773168284.737260686,0,0,1.24
1773168284.737260686,1,0,0.01
1773168285.758017479,0,0,1.24
1773168285.758017479,1,0,0.01
1773168286.780390977,0,0,1.24
1773168286.780390977,1,0,0.01
1773168287.802220712,0,0,1.24
1773168287.802220712,1,0,0.01
1773168288.823897092,0,0,1.24
1773168288.823897092,1,0,0.01
1773168289.844907858,0,0,1.24
1773168289.844907858,1,0,0.01
1773168290.866410451,0,0,1.24
1773168290.866410451,1,0,0.01
1773168291.887806505,0,0,1.24
1773168291.887806505,1,0,0.01
1773168292.909228400,0,0,1.24
1773168292.909228400,1,0,0.01
1773168293.929794055,0,0,1.24
1773168293.929794055,1,0,0.01
1773168294.951308872,0,0,1.24
1773168294.951308872,1,0,0.01
1773168295.972995206,0,0,1.24
1773168295.972995206,1,0,0.01
1773168296.992739602,0,0,1.24
1773168296.992739602,1,0,0.01
1773168298.015210701,0,0,1.24
1773168298.015210701,1,0,0.01
1773168299.036216425,0,0,1.24
1773168299.036216425,1,0,0.01
1773168300.057470603,0,0,1.24
1773168300.057470603,1,0,0.01
1773168301.079145565,0,0,1.24
1773168301.079145565,1,0,0.01
1773168302.098977162,0,0,1.24
1773168302.098977162,1,0,0.01
1773168303.118220572,0,0,1.24
1773168303.118220572,1,0,0.01
1773168304.138985692,0,0,1.24
1773168304.138985692,1,0,0.01
1773168305.160718233,0,0,1.24
1773168305.160718233,1,0,0.01
1773168306.181973506,0,0,1.24
1773168306.181973506,1,0,0.01
1773168307.204261841,0,0,1.24
1773168307.204261841,1,0,0.01
1773168308.225326159,0,0,1.24
1773168308.225326159,1,0,0.01
1773168309.247686320,0,0,1.24
1773168309.247686320,1,0,0.01
1773168310.269000358,0,0,1.24
1773168310.269000358,1,0,0.01
1773168311.290315524,0,0,1.24
1773168311.290315524,1,0,0.01
1773168312.312188311,0,0,1.24
1773168312.312188311,1,0,0.01
1773168313.333267684,0,0,1.24
1773168313.333267684,1,0,0.01
1773168314.354276173,0,0,1.24
1773168314.354276173,1,0,0.01
1773168315.375303786,0,0,1.24
1773168315.375303786,1,0,0.01
1773168316.397484745,0,0,1.24
1773168316.397484745,1,0,0.01
1773168317.419247944,0,0,1.24
1773168317.419247944,1,0,0.01
1773168318.441204058,0,0,1.24
1773168318.441204058,1,0,0.01
1773168319.463186756,0,0,1.24
1773168319.463186756,1,0,0.01
1773168320.484227283,0,0,1.24
1773168320.484227283,1,0,0.01
1773168321.506324169,0,0,1.24
1773168321.506324169,1,0,0.01
1773168322.528264469,0,0,1.24
1773168322.528264469,1,0,0.01
1773168323.549959445,0,0,1.24
1773168323.549959445,1,0,0.01
1773168324.572108850,0,0,1.24
1773168324.572108850,1,0,0.01
1773168325.594016450,0,0,1.24
1773168325.594016450,1,0,0.01
1773168326.616526942,0,0,1.24
1773168326.616526942,1,0,0.01
1773168327.638292224,0,0,1.24
1773168327.638292224,1,0,0.01
1773168328.659358910,0,0,1.24
1773168328.659358910,1,0,0.01
1773168329.680569907,0,0,1.24
1773168329.680569907,1,0,0.01
1773168330.703124555,0,0,1.24
1773168330.703124555,1,0,0.01
1773168331.724585037,0,0,1.24
1773168331.724585037,1,0,0.01
1773168332.746130816,0,0,1.24
1773168332.746130816,1,0,0.01
1773168333.767007679,0,0,1.24
1773168333.767007679,1,0,0.01
1773168334.788503573,0,0,1.24
1773168334.788503573,1,0,0.01
1773168335.809575883,0,0,1.24
1773168335.809575883,1,0,0.01
1773168336.831179653,0,0,1.24
1773168336.831179653,1,0,0.01
1773168337.852493478,0,0,1.24
1773168337.852493478,1,0,0.01
1773168338.872284344,0,0,1.24
1773168338.872284344,1,0,0.01
1773168339.893399881,0,0,1.24
1773168339.893399881,1,0,0.01
1773168340.915549371,0,0,1.24
1773168340.915549371,1,0,0.01
1773168341.936909891,0,0,1.24
1773168341.936909891,1,0,0.01
1773168342.958976193,0,0,1.24
1773168342.958976193,1,0,0.01
1773168343.979944195,0,0,1.24
1773168343.979944195,1,0,0.01
1773168345.001156713,0,0,1.24
1773168345.001156713,1,0,0.01
1773168346.022777816,0,0,1.24
1773168346.022777816,1,0,0.01
1773168347.044777570,0,0,1.24
1773168347.044777570,1,0,0.01
1773168348.066038529,0,0,1.24
1773168348.066038529,1,0,0.01
1773168349.087094027,0,0,1.24
1773168349.087094027,1,0,0.01
1773168350.108465298,0,0,1.24
1773168350.108465298,1,0,0.01
1773168351.130772738,0,0,1.24
1773168351.130772738,1,0,0.01
1773168352.152328470,0,0,1.24
1773168352.152328470,1,0,0.01
1773168353.173841207,0,0,1.24
1773168353.173841207,1,0,0.01
1773168354.195142063,0,0,1.24
1773168354.195142063,1,0,0.01
1773168355.216851524,0,0,1.24
1773168355.216851524,1,0,0.01
1773168356.237760999,0,0,1.24
1773168356.237760999,1,0,0.01
1773168357.258345417,0,0,1.24
1773168357.258345417,1,0,0.01
1773168358.280686829,0,0,1.24
1773168358.280686829,1,0,0.01
1773168359.302580071,0,0,1.24
1773168359.302580071,1,0,0.01
1773168360.324576822,0,0,1.24
1773168360.324576822,1,0,0.01
1773168361.346157858,0,0,1.24
1773168361.346157858,1,0,0.01
1773168362.367561515,0,0,1.24
1773168362.367561515,1,0,0.01
1773168363.389252325,0,0,1.24
1773168363.389252325,1,0,0.01
1773168364.412062399,0,0,1.24
1773168364.412062399,1,0,0.01
1773168365.433851093,0,0,1.24
1773168365.433851093,1,0,0.01
1773168366.455589278,0,0,1.24
1773168366.455589278,1,0,0.01
1773168367.476916374,0,0,1.24
1773168367.476916374,1,0,0.01
1773168368.498761895,0,0,1.24
1773168368.498761895,1,0,0.01
1773168369.520413643,0,0,1.24
1773168369.520413643,1,0,0.01
1773168370.541794566,0,0,1.24
1773168370.541794566,1,0,0.01
1773168371.563215898,0,0,1.24
1773168371.563215898,1,0,0.01
1773168372.584298815,0,0,1.24
1773168372.584298815,1,0,0.01
1773168373.605290506,0,0,1.24
1773168373.605290506,1,0,0.01
1773168374.627264617,0,0,1.24
1773168374.627264617,1,0,0.01
1773168375.649285498,0,0,1.24
1773168375.649285498,1,0,0.01
1773168376.669182330,0,0,1.24
1773168376.669182330,1,0,0.01
1773168377.690476681,0,0,1.24
1773168377.690476681,1,0,0.01
1773168378.711696458,0,0,1.24
1773168378.711696458,1,0,0.01
1773168379.733384281,0,0,1.24
1773168379.733384281,1,0,0.01
1773168380.754999851,0,0,1.24
1773168380.754999851,1,0,0.01
1773168381.775762444,0,0,1.24
1773168381.775762444,1,0,0.01
1773168382.797607909,0,0,1.24
1773168382.797607909,1,0,0.01
1773168383.818635523,0,0,1.24
1773168383.818635523,1,0,0.01
1773168384.840568996,0,0,1.24
1773168384.840568996,1,0,0.01
1773168385.862310324,0,0,1.24
1773168385.862310324,1,0,0.01
1773168386.884325802,0,0,1.24
1773168386.884325802,1,0,0.01
1773168387.906279079,0,0,1.24
1773168387.906279079,1,0,0.01
1773168388.927763822,0,0,1.24
1773168388.927763822,1,0,0.01
1773168389.949851962,0,0,1.24
1773168389.949851962,1,0,0.01
1773168390.971764586,0,0,1.24
1773168390.971764586,1,0,0.01
1773168391.994172961,0,0,1.24
1773168391.994172961,1,0,0.01
1773168393.015344245,0,0,1.24
1773168393.015344245,1,0,0.01
1773168394.037466639,0,0,1.24
1773168394.037466639,1,0,0.01
1773168395.058464521,0,0,1.24
1773168395.058464521,1,0,0.01
1773168396.080283799,0,0,1.24
1773168396.080283799,1,0,0.01
1773168397.102909690,0,0,1.24
1773168397.102909690,1,0,0.01
1773168398.124269511,0,0,1.24
1773168398.124269511,1,0,0.01
1773168399.144433298,0,0,1.24
1773168399.144433298,1,0,0.01
1773168400.164474309,0,0,1.24
1773168400.164474309,1,0,0.01
1773168401.186269210,0,0,1.24
1773168401.186269210,1,0,0.01
1773168402.208185198,0,0,1.24
1773168402.208185198,1,0,0.01
1773168403.229508033,0,0,1.24
1773168403.229508033,1,0,0.01
1773168404.251164817,0,0,1.24
1773168404.251164817,1,0,0.01
1773168405.272722566,0,0,1.24
1773168405.272722566,1,0,0.01
1773168406.294317096,0,0,1.24
1773168406.294317096,1,0,0.01
1773168407.315424604,0,0,1.24
1773168407.315424604,1,0,0.01
1773168408.336958484,0,0,1.24
1773168408.336958484,1,0,0.01
1773168409.358356078,0,0,1.24
1773168409.358356078,1,0,0.01
1773168410.380444105,0,0,1.24
1773168410.380444105,1,0,0.01
1773168411.401620071,0,0,1.24
1773168411.401620071,1,0,0.01
1773168412.422720013,0,0,1.24
1773168412.422720013,1,0,0.01
1773168413.443822393,0,0,1.24
1773168413.443822393,1,0,0.01
1773168414.465834081,0,0,1.24
1773168414.465834081,1,0,0.01
1773168415.487961308,0,0,1.24
1773168415.487961308,1,0,0.01
1773168416.509559421,0,0,1.24
1773168416.509559421,1,0,0.01
1773168417.530729913,0,0,1.24
1773168417.530729913,1,0,0.01
1773168418.551608989,0,0,1.24
1773168418.551608989,1,0,0.01
1773168419.571384311,0,0,1.24
1773168419.571384311,1,0,0.01
1773168420.593657411,0,0,1.24
1773168420.593657411,1,0,0.01
1773168421.615545797,0,0,1.24
1773168421.615545797,1,0,0.01
1773168422.637119122,0,0,1.24
1773168422.637119122,1,0,0.01
1773168423.658264418,0,0,1.24
1773168423.658264418,1,0,0.01
1773168424.680007721,0,0,1.24
1773168424.680007721,1,0,0.01
1773168425.700698375,0,0,1.24
1773168425.700698375,1,0,0.01
1773168426.720619189,0,0,1.24
1773168426.720619189,1,0,0.01
1773168427.741738674,0,0,1.24
1773168427.741738674,1,0,0.01
1773168428.762991111,0,0,1.24
1773168428.762991111,1,0,0.01
1773168429.783542093,0,0,1.24
1773168429.783542093,1,0,0.01
1773168430.803076566,0,0,1.24
1773168430.803076566,1,0,0.01
1773168431.824139123,0,0,1.24
1773168431.824139123,1,0,0.01
1773168432.846115522,0,0,1.24
1773168432.846115522,1,0,0.01
1773168433.867705946,0,0,1.24
1773168433.867705946,1,0,0.01
1773168434.889087087,0,0,1.24
1773168434.889087087,1,0,0.01
1773168435.910981353,0,0,1.24
1773168435.910981353,1,0,0.01
1773168436.932203113,0,0,1.24
1773168436.932203113,1,0,0.01
1773168437.954252545,0,0,1.24
1773168437.954252545,1,0,0.01
1773168438.974829992,0,0,1.24
1773168438.974829992,1,0,0.01
1773168439.994654441,0,0,1.24
1773168439.994654441,1,0,0.01
1773168441.015922425,0,0,1.24
1773168441.015922425,1,0,0.01
1773168442.037062075,0,0,1.24
1773168442.037062075,1,0,0.01
1773168443.058118810,0,0,1.24
1773168443.058118810,1,0,0.01
1773168444.080038821,0,0,1.24
1773168444.080038821,1,0,0.01
1773168445.101311241,0,0,1.24
1773168445.101311241,1,0,0.01
1773168446.121275400,0,0,1.24
1773168446.121275400,1,0,0.01
1773168447.142549871,0,0,1.24
1773168447.142549871,1,0,0.01
1773168448.164667964,0,0,1.24
1773168448.164667964,1,0,0.01
1773168449.185844417,0,0,1.24
1773168449.185844417,1,0,0.01
1773168450.207104397,0,0,1.24
1773168450.207104397,1,0,0.01
1773168451.228546092,0,0,1.24
1773168451.228546092,1,0,0.01
1773168452.250045496,0,0,1.24
1773168452.250045496,1,0,0.01
1773168453.271779217,0,0,1.24
1773168453.271779217,1,0,0.01
1773168454.293645796,0,0,1.24
1773168454.293645796,1,0,0.01
1773168455.314789646,0,0,1.24
1773168455.314789646,1,0,0.01
1773168456.336122782,0,0,1.24
1773168456.336122782,1,0,0.01
1773168457.357475994,0,0,1.24
1773168457.357475994,1,0,0.01
1773168458.379663235,0,0,1.24
1773168458.379663235,1,0,0.01
1773168459.401731762,0,0,1.24
1773168459.401731762,1,0,0.01
1773168460.422671514,0,0,1.24
1773168460.422671514,1,0,0.01
1773168461.443952313,0,0,1.24
1773168461.443952313,1,0,0.01
1773168462.465215981,0,0,1.24
1773168462.465215981,1,0,0.01
1773168463.487150803,0,0,1.24
1773168463.487150803,1,0,0.01
1773168464.507252408,0,0,1.24
1773168464.507252408,1,0,0.01
1773168465.528825910,0,0,1.24
1773168465.528825910,1,0,0.01
1773168466.550024092,0,0,1.24
1773168466.550024092,1,0,0.01
1773168467.569836653,0,0,1.24
1773168467.569836653,1,0,0.01
1773168468.590994510,0,0,1.24
1773168468.590994510,1,0,0.01
1773168469.610849903,0,0,1.24
1773168469.610849903,1,0,0.01
1773168470.631914996,0,0,1.24
1773168470.631914996,1,0,0.01
1773168471.653325118,0,0,1.24
1773168471.653325118,1,0,0.01
1773168472.675339098,0,0,1.24
1773168472.675339098,1,0,0.01
1773168473.696760410,0,0,1.24
1773168473.696760410,1,0,0.01
1773168474.719095390,0,0,1.24
1773168474.719095390,1,0,0.01
1773168475.740206307,0,0,1.24
1773168475.740206307,1,0,0.01
1773168476.763202873,0,0,1.24
1773168476.763202873,1,0,0.01
1773168477.785008992,0,0,1.24
1773168477.785008992,1,0,0.01
1773168478.806134557,0,0,1.24
1773168478.806134557,1,0,0.01
1773168479.825419490,0,0,1.24
1773168479.825419490,1,0,0.01
1773168480.846114633,0,0,1.24
1773168480.846114633,1,0,0.01
1773168481.867629228,0,0,1.24
1773168481.867629228,1,0,0.01
1773168482.889482543,0,0,1.24
1773168482.889482543,1,0,0.01
1773168483.910562427,0,0,1.24
1773168483.910562427,1,0,0.01
1773168484.931555870,0,0,1.24
1773168484.931555870,1,0,0.01
1773168485.952933845,0,0,1.24
1773168485.952933845,1,0,0.01
1773168486.974101570,0,0,1.24
1773168486.974101570,1,0,0.01
1773168487.995042779,0,0,1.24
1773168487.995042779,1,0,0.01
1773168489.016365965,0,0,1.24
1773168489.016365965,1,0,0.01
1773168490.037946889,0,0,1.24
1773168490.037946889,1,0,0.01
1773168491.058957179,0,0,1.24
1773168491.058957179,1,0,0.01
1773168492.080160324,0,0,1.24
1773168492.080160324,1,0,0.01
1773168493.101948904,0,0,1.24
1773168493.101948904,1,0,0.01
1773168494.121595024,0,27,1.24
1773168494.121595024,1,0,0.01
1773168495.143086888,0,71,1.24
1773168495.143086888,1,0,0.01
1773168496.164248392,0,0,1.24
1773168496.164248392,1,0,0.01
1773168497.184112187,0,0,1.24
1773168497.184112187,1,0,0.01
1773168498.205084446,0,0,1.24
1773168498.205084446,1,0,0.01
1773168499.226742075,0,0,1.24
1773168499.226742075,1,0,0.01
1773168500.248144027,0,0,1.24
1773168500.248144027,1,0,0.01
1773168501.267678058,0,0,1.24
1773168501.267678058,1,0,0.01
1773168502.287021416,0,0,1.24
1773168502.287021416,1,0,0.01
1773168503.306617114,0,0,1.24
1773168503.306617114,1,0,0.01
1773168504.326939780,0,0,1.24
1773168504.326939780,1,0,0.01
1773168505.348428292,0,0,1.24
1773168505.348428292,1,0,0.01
1773168506.369366438,0,0,1.24
1773168506.369366438,1,0,0.01
1773168507.389619739,0,0,1.24
1773168507.389619739,1,0,0.01
1773168508.410193053,0,0,1.24
1773168508.410193053,1,0,0.01
1773168509.431963069,0,0,1.24
1773168509.431963069,1,0,0.01
1773168510.453374811,0,0,1.24
1773168510.453374811,1,0,0.01
1773168511.475006929,0,0,1.24
1773168511.475006929,1,0,0.01
1773168512.496035694,0,0,1.24
1773168512.496035694,1,0,0.01
1773168513.517393221,0,0,1.24
1773168513.517393221,1,0,0.01
1773168514.539284269,0,0,1.24
1773168514.539284269,1,0,0.01
1773168515.560835316,0,0,1.24
1773168515.560835316,1,0,0.01
1773168516.581604173,0,0,1.24
1773168516.581604173,1,0,0.01
1773168517.603089132,0,0,1.24
1773168517.603089132,1,0,0.01
1773168518.625303958,0,0,1.24
1773168518.625303958,1,0,0.01
1773168519.646952470,0,0,1.24
1773168519.646952470,1,0,0.01
1773168520.667976269,0,0,1.24
1773168520.667976269,1,0,0.01
1773168521.689250390,0,0,1.24
1773168521.689250390,1,0,0.01
1773168522.709175675,0,0,1.24
1773168522.709175675,1,0,0.01
1773168523.731092003,0,0,1.24
1773168523.731092003,1,0,0.01
1773168524.752546894,0,0,1.24
1773168524.752546894,1,0,0.01
1773168525.774984292,0,0,1.24
1773168525.774984292,1,0,0.01
1773168526.797111235,0,0,1.24
1773168526.797111235,1,0,0.01
1773168527.818979817,0,0,1.24
1773168527.818979817,1,0,0.01
1773168528.841270862,0,0,1.24
1773168528.841270862,1,0,0.01
1773168529.862865034,0,0,1.24
1773168529.862865034,1,0,0.01
1773168530.885024976,0,0,1.24
1773168530.885024976,1,0,0.01
1773168531.906850338,0,0,1.24
1773168531.906850338,1,0,0.01
1773168532.926151554,0,0,1.24
1773168532.926151554,1,0,0.01
1773168533.946481061,0,0,1.24
1773168533.946481061,1,0,0.01
1773168534.967232551,0,0,1.24
1773168534.967232551,1,0,0.01
1773168535.988279114,0,0,1.24
1773168535.988279114,1,0,0.01
1773168537.010203229,0,0,1.24
1773168537.010203229,1,0,0.01
1773168538.032796457,0,0,1.24
1773168538.032796457,1,0,0.01
1773168539.052723544,0,0,1.24
1773168539.052723544,1,0,0.01
1773168540.073249893,0,0,1.24
1773168540.073249893,1,0,0.01
1773168541.095160123,0,0,1.24
1773168541.095160123,1,0,0.01
1773168542.116732310,0,0,1.24
1773168542.116732310,1,0,0.01
1773168543.136743297,0,0,1.24
1773168543.136743297,1,0,0.01
1773168544.158563786,0,0,1.24
1773168544.158563786,1,0,0.01
1773168545.180795611,0,0,1.24
1773168545.180795611,1,0,0.01
1773168546.202603817,0,0,1.24
1773168546.202603817,1,0,0.01
1773168547.224268902,0,0,1.24
1773168547.224268902,1,0,0.01
1773168548.245222074,0,0,1.24
1773168548.245222074,1,0,0.01
1773168549.267636490,0,0,1.24
1773168549.267636490,1,0,0.01
1773168550.287697665,0,0,1.24
1773168550.287697665,1,0,0.01
1773168551.309027460,0,0,1.24
1773168551.309027460,1,0,0.01
1773168552.330274861,0,0,1.24
1773168552.330274861,1,0,0.01
1773168553.351326773,0,0,1.24
1773168553.351326773,1,0,0.01
1773168554.372748882,0,0,1.24
1773168554.372748882,1,0,0.01
1773168555.394319415,0,0,1.24
1773168555.394319415,1,0,0.01
1773168556.416383740,0,0,1.24
1773168556.416383740,1,0,0.01
1773168557.437178357,0,0,1.24
1773168557.437178357,1,0,0.01
1773168558.457050256,0,0,1.24
1773168558.457050256,1,0,0.01
1773168559.477246946,0,0,1.24
1773168559.477246946,1,0,0.01
1773168560.498671352,0,0,1.24
1773168560.498671352,1,0,0.01
1773168561.520335792,0,0,1.24
1773168561.520335792,1,0,0.01
1773168562.542390440,0,0,1.24
1773168562.542390440,1,0,0.01
1773168563.564393807,0,0,1.24
1773168563.564393807,1,0,0.01
1773168564.585010794,0,0,1.24
1773168564.585010794,1,0,0.01
1773168565.605802348,0,0,1.24
1773168565.605802348,1,0,0.01
1773168566.627072427,0,0,1.24
1773168566.627072427,1,0,0.01
1773168567.649225508,0,0,1.24
1773168567.649225508,1,0,0.01
1773168568.670143461,0,0,1.24
1773168568.670143461,1,0,0.01
1773168569.692394210,0,0,1.24
1773168569.692394210,1,0,0.01
1773168570.712447241,0,0,1.24
1773168570.712447241,1,0,0.01
1773168571.734655796,0,0,1.24
1773168571.734655796,1,0,0.01
1773168572.755424956,0,0,1.24
1773168572.755424956,1,0,0.01
1773168573.775617679,0,0,1.24
1773168573.775617679,1,0,0.01
1773168574.795536108,0,0,1.24
1773168574.795536108,1,0,0.01
1773168575.817712075,0,0,1.24
1773168575.817712075,1,0,0.01
1773168576.839103076,0,0,1.24
1773168576.839103076,1,0,0.01
1773168577.860390735,0,0,1.24
1773168577.860390735,1,0,0.01
1773168578.882220424,0,0,1.24
1773168578.882220424,1,0,0.01
1773168579.903184872,0,0,1.24
1773168579.903184872,1,0,0.01
1773168580.924884360,0,0,1.24
1773168580.924884360,1,0,0.01
1773168581.945858122,0,0,1.24
1773168581.945858122,1,0,0.01
1773168582.967744786,0,0,1.24
1773168582.967744786,1,0,0.01
1773168583.988668239,0,0,1.24
1773168583.988668239,1,0,0.01
1773168585.008346138,0,0,1.24
1773168585.008346138,1,0,0.01
1773168586.028594313,0,0,1.24
1773168586.028594313,1,0,0.01
1773168587.050874782,0,0,1.24
1773168587.050874782,1,0,0.01
1773168588.072864720,0,0,1.24
1773168588.072864720,1,0,0.01
1773168589.094741448,0,0,1.24
1773168589.094741448,1,0,0.01
1773168590.116361713,0,0,1.24
1773168590.116361713,1,0,0.01
1773168591.138395342,0,0,1.24
1773168591.138395342,1,0,0.01
1773168592.159924653,0,0,1.24
1773168592.159924653,1,0,0.01
1773168593.181347869,0,0,1.24
1773168593.181347869,1,0,0.01
1773168594.202823012,0,0,1.24
1773168594.202823012,1,0,0.01
1773168595.225273933,0,0,1.24
1773168595.225273933,1,0,0.01
1773168596.246448477,0,0,1.24
1773168596.246448477,1,0,0.01
1773168597.268403039,0,0,1.24
1773168597.268403039,1,0,0.01
1773168598.290587081,0,0,1.24
1773168598.290587081,1,0,0.01
1773168599.312328053,0,0,1.24
1773168599.312328053,1,0,0.01
1773168600.333965942,0,0,1.24
1773168600.333965942,1,0,0.01
1773168601.356096768,0,0,1.24
1773168601.356096768,1,0,0.01
1773168602.377181722,0,0,1.24
1773168602.377181722,1,0,0.01
1773168603.398997686,0,0,1.24
1773168603.398997686,1,0,0.01
1773168604.420878576,0,0,1.24
1773168604.420878576,1,0,0.01
1773168605.442343191,0,0,1.24
1773168605.442343191,1,0,0.01
1773168606.463916941,0,0,1.24
1773168606.463916941,1,0,0.01
1773168607.485213802,0,0,1.24
1773168607.485213802,1,0,0.01
1773168608.505368976,0,0,1.24
1773168608.505368976,1,0,0.01
1773168609.525686056,0,0,1.24
1773168609.525686056,1,0,0.01
1773168610.546882848,0,0,1.24
1773168610.546882848,1,0,0.01
1773168611.567989088,0,0,1.24
1773168611.567989088,1,0,0.01
1773168612.589561607,0,0,1.24
1773168612.589561607,1,0,0.01
1773168613.610894289,0,0,1.24
1773168613.610894289,1,0,0.01
1773168614.633143025,0,0,1.24
1773168614.633143025,1,0,0.01
1773168615.654797126,0,0,1.24
1773168615.654797126,1,0,0.01
1773168616.676191825,0,0,1.24
1773168616.676191825,1,0,0.01
1773168617.697616163,0,0,1.24
1773168617.697616163,1,0,0.01
1773168618.719841643,0,0,1.24
1773168618.719841643,1,0,0.01
1773168619.741455570,0,0,1.24
1773168619.741455570,1,0,0.01
1773168620.761438853,0,0,1.24
1773168620.761438853,1,0,0.01
1773168621.783228502,0,0,1.24
1773168621.783228502,1,0,0.01
1773168622.805224791,0,0,1.24
1773168622.805224791,1,0,0.01
1773168623.825911298,0,0,1.24
1773168623.825911298,1,0,0.01
1773168624.847484095,0,0,1.24
1773168624.847484095,1,0,0.01
1773168625.869216385,0,0,1.24
1773168625.869216385,1,0,0.01
1773168626.889174233,0,0,1.24
1773168626.889174233,1,0,0.01
1773168627.910443205,0,0,1.24
1773168627.910443205,1,0,0.01
1773168628.931611555,0,0,1.24
1773168628.931611555,1,0,0.01
1773168629.952803867,0,0,1.24
1773168629.952803867,1,0,0.01
1773168630.972402199,0,0,1.24
1773168630.972402199,1,0,0.01
1773168631.993081617,0,0,1.24
1773168631.993081617,1,0,0.01
