timestamp,idx,gpu_util_pct,mem_used_pct
1773592177.862724909,0,0,0.00
1773592177.862724909,1,0,0.00
1773592178.886285564,0,0,0.00
1773592178.886285564,1,0,0.00
1773592179.907878548,0,0,0.00
1773592179.907878548,1,0,0.00
1773592180.929810095,0,0,0.00
1773592180.929810095,1,0,0.00
1773592181.951871514,0,0,0.00
1773592181.951871514,1,0,0.00
1773592182.972415222,0,0,0.00
1773592182.972415222,1,0,0.00
1773592183.992601705,0,0,0.00
1773592183.992601705,1,0,0.00
1773592185.014574575,0,0,0.00
1773592185.014574575,1,0,0.00
1773592186.035952031,0,0,0.96
1773592186.035952031,1,0,0.01
1773592187.056496567,0,0,0.96
1773592187.056496567,1,0,0.01
1773592188.077109481,0,0,0.96
1773592188.077109481,1,0,0.01
1773592189.097913135,0,0,0.96
1773592189.097913135,1,0,0.01
1773592190.119921745,0,0,0.96
1773592190.119921745,1,0,0.01
1773592191.140970623,0,0,0.96
1773592191.140970623,1,0,0.01
1773592192.162418381,0,0,0.96
1773592192.162418381,1,0,0.01
1773592193.183789277,0,0,0.96
1773592193.183789277,1,0,0.01
1773592194.205877591,0,0,0.96
1773592194.205877591,1,0,0.01
1773592195.228315278,0,0,1.15
1773592195.228315278,1,0,0.01
1773592196.250341328,0,26,1.22
1773592196.250341328,1,0,0.01
1773592197.271514815,0,27,1.22
1773592197.271514815,1,0,0.01
1773592198.293454583,0,27,1.22
1773592198.293454583,1,0,0.01
1773592199.314272738,0,27,1.22
1773592199.314272738,1,0,0.01
1773592200.335525480,0,0,1.22
1773592200.335525480,1,0,0.01
1773592201.357503781,0,0,1.22
1773592201.357503781,1,0,0.01
1773592202.380030313,0,0,1.22
1773592202.380030313,1,0,0.01
1773592203.401520605,0,0,1.22
1773592203.401520605,1,0,0.01
1773592204.423122322,0,0,1.22
1773592204.423122322,1,0,0.01
1773592205.444881135,0,0,1.22
1773592205.444881135,1,0,0.01
1773592206.464740930,0,0,1.22
1773592206.464740930,1,0,0.01
1773592207.484529275,0,0,1.22
1773592207.484529275,1,0,0.01
1773592208.505857120,0,0,1.22
1773592208.505857120,1,0,0.01
1773592209.527435364,0,19,1.22
1773592209.527435364,1,0,0.01
1773592210.548570438,0,27,1.22
1773592210.548570438,1,0,0.01
1773592211.568542957,0,26,1.22
1773592211.568542957,1,0,0.01
1773592212.589460644,0,26,1.22
1773592212.589460644,1,0,0.01
1773592213.610912981,0,0,1.22
1773592213.610912981,1,0,0.01
1773592214.632552762,0,0,1.22
1773592214.632552762,1,0,0.01
1773592215.653866231,0,0,1.22
1773592215.653866231,1,0,0.01
1773592216.673951087,0,0,1.22
1773592216.673951087,1,0,0.01
1773592217.693732633,0,0,1.22
1773592217.693732633,1,0,0.01
1773592218.715614695,0,0,1.22
1773592218.715614695,1,0,0.01
1773592219.738162852,0,0,1.22
1773592219.738162852,1,0,0.01
1773592220.760027935,0,0,1.22
1773592220.760027935,1,0,0.01
1773592221.781541725,0,0,1.22
1773592221.781541725,1,0,0.01
1773592222.803404163,0,0,1.22
1773592222.803404163,1,0,0.01
1773592223.825009619,0,0,1.22
1773592223.825009619,1,0,0.01
1773592224.847247064,0,0,1.22
1773592224.847247064,1,0,0.01
1773592225.868217194,0,0,1.22
1773592225.868217194,1,0,0.01
1773592226.889609998,0,0,1.22
1773592226.889609998,1,0,0.01
1773592227.910367080,0,0,1.22
1773592227.910367080,1,0,0.01
1773592228.932163025,0,0,1.22
1773592228.932163025,1,0,0.01
1773592229.953525211,0,0,1.22
1773592229.953525211,1,0,0.01
1773592230.974866109,0,27,1.22
1773592230.974866109,1,0,0.01
1773592231.995908674,0,30,1.22
1773592231.995908674,1,0,0.01
1773592233.016721732,0,29,1.22
1773592233.016721732,1,0,0.01
1773592234.037336296,0,0,1.22
1773592234.037336296,1,0,0.01
1773592235.057197965,0,0,1.22
1773592235.057197965,1,0,0.01
1773592236.078023717,0,0,1.22
1773592236.078023717,1,0,0.01
1773592237.099502714,0,0,1.22
1773592237.099502714,1,0,0.01
1773592238.120855839,0,0,1.22
1773592238.120855839,1,0,0.01
1773592239.142596606,0,0,1.22
1773592239.142596606,1,0,0.01
1773592240.163869463,0,18,1.22
1773592240.163869463,1,0,0.01
1773592241.183744666,0,29,1.22
1773592241.183744666,1,0,0.01
1773592242.205220713,0,28,1.22
1773592242.205220713,1,0,0.01
1773592243.226165772,0,28,1.22
1773592243.226165772,1,0,0.01
1773592244.248261608,0,0,1.22
1773592244.248261608,1,0,0.01
1773592245.269636770,0,0,1.22
1773592245.269636770,1,0,0.01
1773592246.291386843,0,0,1.22
1773592246.291386843,1,0,0.01
1773592247.312463912,0,0,1.22
1773592247.312463912,1,0,0.01
1773592248.334739994,0,0,1.22
1773592248.334739994,1,0,0.01
1773592249.355780167,0,0,1.22
1773592249.355780167,1,0,0.01
1773592250.378168470,0,27,1.23
1773592250.378168470,1,0,0.01
1773592251.399010996,0,30,1.23
1773592251.399010996,1,0,0.01
1773592252.420396221,0,30,1.23
1773592252.420396221,1,0,0.01
1773592253.441900604,0,30,1.23
1773592253.441900604,1,0,0.01
1773592254.462581911,0,0,1.23
1773592254.462581911,1,0,0.01
1773592255.482260078,0,0,1.23
1773592255.482260078,1,0,0.01
1773592256.504036712,0,0,1.23
1773592256.504036712,1,0,0.01
1773592257.524946608,0,0,1.23
1773592257.524946608,1,0,0.01
1773592258.544823743,0,0,1.23
1773592258.544823743,1,0,0.01
1773592259.565141376,0,0,1.23
1773592259.565141376,1,0,0.01
1773592260.587274189,0,0,1.23
1773592260.587274189,1,0,0.01
1773592261.608367433,0,0,1.23
1773592261.608367433,1,0,0.01
1773592262.629923214,0,0,1.23
1773592262.629923214,1,0,0.01
1773592263.651240287,0,0,1.23
1773592263.651240287,1,0,0.01
1773592264.672999803,0,29,1.23
1773592264.672999803,1,0,0.01
1773592265.693702417,0,29,1.23
1773592265.693702417,1,0,0.01
1773592266.715425594,0,29,1.23
1773592266.715425594,1,0,0.01
1773592267.737159723,0,30,1.23
1773592267.737159723,1,0,0.01
1773592268.759509510,0,0,1.23
1773592268.759509510,1,0,0.01
1773592269.780854534,0,0,1.23
1773592269.780854534,1,0,0.01
1773592270.802101211,0,0,1.23
1773592270.802101211,1,0,0.01
1773592271.823402068,0,0,1.23
1773592271.823402068,1,0,0.01
1773592272.844806105,0,31,1.23
1773592272.844806105,1,0,0.01
1773592273.866428634,0,31,1.23
1773592273.866428634,1,0,0.01
1773592274.888386825,0,31,1.23
1773592274.888386825,1,0,0.01
1773592275.908828194,0,31,1.23
1773592275.908828194,1,0,0.01
1773592276.930015289,0,0,1.23
1773592276.930015289,1,0,0.01
1773592277.951785850,0,0,1.23
1773592277.951785850,1,0,0.01
1773592278.972392437,0,0,1.23
1773592278.972392437,1,0,0.01
1773592279.994440845,0,0,1.23
1773592279.994440845,1,0,0.01
1773592281.015592192,0,0,1.23
1773592281.015592192,1,0,0.01
1773592282.036863727,0,0,1.23
1773592282.036863727,1,0,0.01
1773592283.058227408,0,0,1.23
1773592283.058227408,1,0,0.01
1773592284.078503669,0,0,1.23
1773592284.078503669,1,0,0.01
1773592285.099919413,0,0,1.23
1773592285.099919413,1,0,0.01
1773592286.122003850,0,0,1.23
1773592286.122003850,1,0,0.01
1773592287.143139046,0,0,1.23
1773592287.143139046,1,0,0.01
1773592288.163583743,0,28,1.23
1773592288.163583743,1,0,0.01
1773592289.184574396,0,28,1.23
1773592289.184574396,1,0,0.01
1773592290.206645910,0,28,1.23
1773592290.206645910,1,0,0.01
1773592291.227873463,0,29,1.23
1773592291.227873463,1,0,0.01
1773592292.248578209,0,0,1.23
1773592292.248578209,1,0,0.01
1773592293.268844840,0,0,1.23
1773592293.268844840,1,0,0.01
1773592294.290472686,0,0,1.23
1773592294.290472686,1,0,0.01
1773592295.312510909,0,0,1.23
1773592295.312510909,1,0,0.01
1773592296.333821759,0,0,1.23
1773592296.333821759,1,0,0.01
1773592297.355626608,0,0,1.23
1773592297.355626608,1,0,0.01
1773592298.377651186,0,0,1.23
1773592298.377651186,1,0,0.01
1773592299.398564488,0,0,1.23
1773592299.398564488,1,0,0.01
1773592300.419517529,0,0,1.23
1773592300.419517529,1,0,0.01
1773592301.439570858,0,0,1.23
1773592301.439570858,1,0,0.01
1773592302.461593111,0,31,1.23
1773592302.461593111,1,0,0.01
1773592303.483346733,0,31,1.23
1773592303.483346733,1,0,0.01
1773592304.504738810,0,31,1.23
1773592304.504738810,1,0,0.01
1773592305.526138367,0,31,1.23
1773592305.526138367,1,0,0.01
1773592306.546724240,0,0,1.23
1773592306.546724240,1,0,0.01
1773592307.566678547,0,0,1.23
1773592307.566678547,1,0,0.01
1773592308.588346945,0,0,1.23
1773592308.588346945,1,0,0.01
1773592309.609773988,0,0,1.23
1773592309.609773988,1,0,0.01
1773592310.631518976,0,0,1.23
1773592310.631518976,1,0,0.01
1773592311.652804587,0,0,1.23
1773592311.652804587,1,0,0.01
1773592312.674705412,0,0,1.23
1773592312.674705412,1,0,0.01
1773592313.696290110,0,0,1.23
1773592313.696290110,1,0,0.01
1773592314.718629735,0,0,1.23
1773592314.718629735,1,0,0.01
1773592315.740269863,0,0,1.23
1773592315.740269863,1,0,0.01
1773592316.762024108,0,0,1.23
1773592316.762024108,1,0,0.01
1773592317.783214654,0,0,1.23
1773592317.783214654,1,0,0.01
1773592318.804626074,0,0,1.23
1773592318.804626074,1,0,0.01
1773592319.825582628,0,0,1.23
1773592319.825582628,1,0,0.01
1773592320.846787002,0,0,1.23
1773592320.846787002,1,0,0.01
1773592321.868174044,0,0,1.23
1773592321.868174044,1,0,0.01
1773592322.889569619,0,0,1.23
1773592322.889569619,1,0,0.01
1773592323.910913381,0,0,1.23
1773592323.910913381,1,0,0.01
1773592324.932333586,0,0,1.23
1773592324.932333586,1,0,0.01
1773592325.953538409,0,0,1.23
1773592325.953538409,1,0,0.01
1773592326.975841781,0,0,1.23
1773592326.975841781,1,0,0.01
1773592327.997001995,0,31,1.23
1773592327.997001995,1,0,0.01
1773592329.018074025,0,31,1.23
1773592329.018074025,1,0,0.01
1773592330.039164097,0,34,1.23
1773592330.039164097,1,0,0.01
1773592331.060715109,0,0,1.23
1773592331.060715109,1,0,0.01
1773592332.081633583,0,0,1.23
1773592332.081633583,1,0,0.01
1773592333.102818692,0,0,1.23
1773592333.102818692,1,0,0.01
1773592334.123690033,0,0,1.23
1773592334.123690033,1,0,0.01
1773592335.144888358,0,0,1.23
1773592335.144888358,1,0,0.01
1773592336.166366638,0,0,1.23
1773592336.166366638,1,0,0.01
1773592337.187919112,0,0,1.23
1773592337.187919112,1,0,0.01
1773592338.208306507,0,0,1.23
1773592338.208306507,1,0,0.01
1773592339.228887718,0,0,1.23
1773592339.228887718,1,0,0.01
1773592340.250812845,0,0,1.23
1773592340.250812845,1,0,0.01
1773592341.272312989,0,0,1.23
1773592341.272312989,1,0,0.01
1773592342.294243950,0,0,1.23
1773592342.294243950,1,0,0.01
1773592343.315722252,0,0,1.23
1773592343.315722252,1,0,0.01
1773592344.336477136,0,0,1.23
1773592344.336477136,1,0,0.01
1773592345.358212213,0,34,1.23
1773592345.358212213,1,0,0.01
1773592346.379513617,0,34,1.23
1773592346.379513617,1,0,0.01
1773592347.400940829,0,34,1.23
1773592347.400940829,1,0,0.01
1773592348.421450953,0,34,1.23
1773592348.421450953,1,0,0.01
1773592349.442341692,0,0,1.23
1773592349.442341692,1,0,0.01
1773592350.464299723,0,0,1.23
1773592350.464299723,1,0,0.01
1773592351.484516403,0,0,1.23
1773592351.484516403,1,0,0.01
1773592352.504811737,0,0,1.23
1773592352.504811737,1,0,0.01
1773592353.526144529,0,0,1.23
1773592353.526144529,1,0,0.01
1773592354.547369976,0,0,1.23
1773592354.547369976,1,0,0.01
1773592355.568849205,0,0,1.23
1773592355.568849205,1,0,0.01
1773592356.589629679,0,0,1.23
1773592356.589629679,1,0,0.01
1773592357.611845263,0,33,1.23
1773592357.611845263,1,0,0.01
1773592358.633549480,0,33,1.23
1773592358.633549480,1,0,0.01
1773592359.655071295,0,29,1.23
1773592359.655071295,1,0,0.01
1773592360.676290469,0,29,1.23
1773592360.676290469,1,0,0.01
1773592361.697577994,0,0,1.23
1773592361.697577994,1,0,0.01
1773592362.718776860,0,0,1.23
1773592362.718776860,1,0,0.01
1773592363.741060604,0,0,1.23
1773592363.741060604,1,0,0.01
1773592364.762480139,0,0,1.23
1773592364.762480139,1,0,0.01
1773592365.783933433,0,30,1.23
1773592365.783933433,1,0,0.01
1773592366.806043767,0,32,1.23
1773592366.806043767,1,0,0.01
1773592367.827958534,0,32,1.23
1773592367.827958534,1,0,0.01
1773592368.849167649,0,32,1.23
1773592368.849167649,1,0,0.01
1773592369.870924048,0,0,1.23
1773592369.870924048,1,0,0.01
1773592370.892116828,0,0,1.23
1773592370.892116828,1,0,0.01
1773592371.913729201,0,0,1.23
1773592371.913729201,1,0,0.01
1773592372.934705875,0,0,1.23
1773592372.934705875,1,0,0.01
1773592373.956537588,0,0,1.23
1773592373.956537588,1,0,0.01
1773592374.978171467,0,0,1.23
1773592374.978171467,1,0,0.01
1773592375.999598852,0,0,1.23
1773592375.999598852,1,0,0.01
1773592377.021561413,0,0,1.23
1773592377.021561413,1,0,0.01
1773592378.043430094,0,0,1.23
1773592378.043430094,1,0,0.01
1773592379.064447265,0,0,1.23
1773592379.064447265,1,0,0.01
1773592380.085828012,0,0,1.23
1773592380.085828012,1,0,0.01
1773592381.106466958,0,29,1.23
1773592381.106466958,1,0,0.01
1773592382.128588379,0,29,1.23
1773592382.128588379,1,0,0.01
1773592383.148999356,0,29,1.23
1773592383.148999356,1,0,0.01
1773592384.168994748,0,29,1.23
1773592384.168994748,1,0,0.01
1773592385.190178690,0,0,1.23
1773592385.190178690,1,0,0.01
1773592386.211387022,0,0,1.23
1773592386.211387022,1,0,0.01
1773592387.233136641,0,0,1.23
1773592387.233136641,1,0,0.01
1773592388.254151384,0,0,1.23
1773592388.254151384,1,0,0.01
1773592389.275528141,0,0,1.23
1773592389.275528141,1,0,0.01
1773592390.296995003,0,0,1.23
1773592390.296995003,1,0,0.01
1773592391.318955715,0,0,1.23
1773592391.318955715,1,0,0.01
1773592392.339892787,0,0,1.23
1773592392.339892787,1,0,0.01
1773592393.362031583,0,0,1.23
1773592393.362031583,1,0,0.01
1773592394.383477558,0,0,1.23
1773592394.383477558,1,0,0.01
1773592395.405672635,0,0,1.23
1773592395.405672635,1,0,0.01
1773592396.426875825,0,0,1.23
1773592396.426875825,1,0,0.01
1773592397.448190896,0,0,1.23
1773592397.448190896,1,0,0.01
1773592398.469241010,0,31,1.23
1773592398.469241010,1,0,0.01
1773592399.490871876,0,34,1.23
1773592399.490871876,1,0,0.01
1773592400.512493128,0,34,1.23
1773592400.512493128,1,0,0.01
1773592401.534135805,0,34,1.23
1773592401.534135805,1,0,0.01
1773592402.555198387,0,0,1.23
1773592402.555198387,1,0,0.01
1773592403.576803836,0,0,1.23
1773592403.576803836,1,0,0.01
1773592404.598392487,0,0,1.23
1773592404.598392487,1,0,0.01
1773592405.619809005,0,0,1.23
1773592405.619809005,1,0,0.01
1773592406.641082428,0,0,1.23
1773592406.641082428,1,0,0.01
1773592407.662164947,0,0,1.23
1773592407.662164947,1,0,0.01
1773592408.682892250,0,0,1.23
1773592408.682892250,1,0,0.01
1773592409.703915336,0,0,1.23
1773592409.703915336,1,0,0.01
1773592410.725211905,0,0,1.23
1773592410.725211905,1,0,0.01
1773592411.746728833,0,33,1.23
1773592411.746728833,1,0,0.01
1773592412.768468055,0,33,1.23
1773592412.768468055,1,0,0.01
1773592413.789850382,0,33,1.23
1773592413.789850382,1,0,0.01
1773592414.811495425,0,9,1.23
1773592414.811495425,1,0,0.01
1773592415.832621064,0,0,1.23
1773592415.832621064,1,0,0.01
1773592416.853890921,0,0,1.23
1773592416.853890921,1,0,0.01
1773592417.875230043,0,0,1.23
1773592417.875230043,1,0,0.01
1773592418.896468788,0,0,1.23
1773592418.896468788,1,0,0.01
1773592419.918318277,0,0,1.23
1773592419.918318277,1,0,0.01
1773592420.938865917,0,0,1.23
1773592420.938865917,1,0,0.01
1773592421.959895427,0,0,1.23
1773592421.959895427,1,0,0.01
1773592422.981210678,0,0,1.23
1773592422.981210678,1,0,0.01
1773592424.002217329,0,0,1.23
1773592424.002217329,1,0,0.01
1773592425.023829341,0,0,1.23
1773592425.023829341,1,0,0.01
1773592426.045604789,0,0,1.23
1773592426.045604789,1,0,0.01
1773592427.066851897,0,0,1.23
1773592427.066851897,1,0,0.01
1773592428.087830307,0,0,1.23
1773592428.087830307,1,0,0.01
1773592429.110450065,0,0,1.23
1773592429.110450065,1,0,0.01
1773592430.131374840,0,29,1.23
1773592430.131374840,1,0,0.01
1773592431.151208209,0,29,1.23
1773592431.151208209,1,0,0.01
1773592432.172824504,0,29,1.23
1773592432.172824504,1,0,0.01
1773592433.193997330,0,29,1.23
1773592433.193997330,1,0,0.01
1773592434.214190793,0,0,1.23
1773592434.214190793,1,0,0.01
1773592435.235513648,0,0,1.23
1773592435.235513648,1,0,0.01
1773592436.256604447,0,0,1.23
1773592436.256604447,1,0,0.01
1773592437.277882831,0,0,1.23
1773592437.277882831,1,0,0.01
1773592438.299441119,0,29,1.23
1773592438.299441119,1,0,0.01
1773592439.321767004,0,32,1.23
1773592439.321767004,1,0,0.01
1773592440.342368132,0,31,1.23
1773592440.342368132,1,0,0.01
1773592441.364534141,0,25,1.23
1773592441.364534141,1,0,0.01
1773592442.385069817,0,0,1.23
1773592442.385069817,1,0,0.01
1773592443.405541779,0,0,1.23
1773592443.405541779,1,0,0.01
1773592444.425189668,0,0,1.23
1773592444.425189668,1,0,0.01
1773592445.447532610,0,0,1.23
1773592445.447532610,1,0,0.01
1773592446.469558092,0,0,1.23
1773592446.469558092,1,0,0.01
1773592447.490391296,0,0,1.23
1773592447.490391296,1,0,0.01
1773592448.511380356,0,0,1.23
1773592448.511380356,1,0,0.01
1773592449.532269021,0,0,1.23
1773592449.532269021,1,0,0.01
1773592450.553170862,0,32,1.23
1773592450.553170862,1,0,0.01
1773592451.574492582,0,32,1.23
1773592451.574492582,1,0,0.01
1773592452.595530069,0,32,1.23
1773592452.595530069,1,0,0.01
1773592453.617368420,0,32,1.23
1773592453.617368420,1,0,0.01
1773592454.638133741,0,0,1.23
1773592454.638133741,1,0,0.01
1773592455.659784662,0,0,1.23
1773592455.659784662,1,0,0.01
1773592456.680363017,0,0,1.23
1773592456.680363017,1,0,0.01
1773592457.701566210,0,0,1.23
1773592457.701566210,1,0,0.01
1773592458.722528458,0,0,1.23
1773592458.722528458,1,0,0.01
1773592459.742597676,0,30,1.23
1773592459.742597676,1,0,0.01
1773592460.764664006,0,33,1.23
1773592460.764664006,1,0,0.01
1773592461.785790534,0,33,1.23
1773592461.785790534,1,0,0.01
1773592462.807555731,0,29,1.23
1773592462.807555731,1,0,0.01
1773592463.828424018,0,0,1.23
1773592463.828424018,1,0,0.01
1773592464.848994331,0,0,1.23
1773592464.848994331,1,0,0.01
1773592465.870614395,0,0,1.23
1773592465.870614395,1,0,0.01
1773592466.891469067,0,0,1.23
1773592466.891469067,1,0,0.01
1773592467.913010434,0,0,1.23
1773592467.913010434,1,0,0.01
1773592468.934150492,0,0,1.23
1773592468.934150492,1,0,0.01
1773592469.955992008,0,0,1.23
1773592469.955992008,1,0,0.01
1773592470.977129812,0,0,1.23
1773592470.977129812,1,0,0.01
1773592471.999003006,0,0,1.23
1773592471.999003006,1,0,0.01
1773592473.019913293,0,0,1.23
1773592473.019913293,1,0,0.01
1773592474.040923017,0,0,1.23
1773592474.040923017,1,0,0.01
1773592475.061844393,0,0,1.23
1773592475.061844393,1,0,0.01
1773592476.083560131,0,0,1.23
1773592476.083560131,1,0,0.01
1773592477.105468006,0,0,1.23
1773592477.105468006,1,0,0.01
1773592478.127606092,0,30,1.23
1773592478.127606092,1,0,0.01
1773592479.148531570,0,30,1.23
1773592479.148531570,1,0,0.01
1773592480.169898834,0,34,1.23
1773592480.169898834,1,0,0.01
1773592481.191809595,0,30,1.23
1773592481.191809595,1,0,0.01
1773592482.213116236,0,0,1.23
1773592482.213116236,1,0,0.01
1773592483.233991697,0,0,1.23
1773592483.233991697,1,0,0.01
1773592484.255833896,0,0,1.23
1773592484.255833896,1,0,0.01
1773592485.276801931,0,0,1.23
1773592485.276801931,1,0,0.01
1773592486.298676286,0,30,1.23
1773592486.298676286,1,0,0.01
1773592487.319792457,0,30,1.23
1773592487.319792457,1,0,0.01
1773592488.340649134,0,32,1.23
1773592488.340649134,1,0,0.01
1773592489.361839351,0,32,1.23
1773592489.361839351,1,0,0.01
1773592490.383876747,0,0,1.23
1773592490.383876747,1,0,0.01
1773592491.405721270,0,0,1.23
1773592491.405721270,1,0,0.01
1773592492.426663016,0,0,1.23
1773592492.426663016,1,0,0.01
1773592493.448204436,0,0,1.23
1773592493.448204436,1,0,0.01
1773592494.469752061,0,0,1.23
1773592494.469752061,1,0,0.01
1773592495.491145938,0,0,1.23
1773592495.491145938,1,0,0.01
1773592496.513539301,0,0,1.23
1773592496.513539301,1,0,0.01
1773592497.534315019,0,0,1.23
1773592497.534315019,1,0,0.01
1773592498.556642274,0,0,1.23
1773592498.556642274,1,0,0.01
1773592499.577372616,0,0,1.23
1773592499.577372616,1,0,0.01
1773592500.599236188,0,0,1.23
1773592500.599236188,1,0,0.01
1773592501.620306786,0,0,1.23
1773592501.620306786,1,0,0.01
1773592502.641873478,0,32,1.23
1773592502.641873478,1,0,0.01
1773592503.663122876,0,30,1.23
1773592503.663122876,1,0,0.01
1773592504.684792438,0,31,1.23
1773592504.684792438,1,0,0.01
1773592505.706419482,0,30,1.23
1773592505.706419482,1,0,0.01
1773592506.728837115,0,0,1.23
1773592506.728837115,1,0,0.01
1773592507.750024667,0,0,1.23
1773592507.750024667,1,0,0.01
1773592508.771812605,0,0,1.23
1773592508.771812605,1,0,0.01
1773592509.793490304,0,0,1.23
1773592509.793490304,1,0,0.01
1773592510.814131856,0,0,1.23
1773592510.814131856,1,0,0.01
1773592511.835382633,0,0,1.23
1773592511.835382633,1,0,0.01
1773592512.857118943,0,0,1.23
1773592512.857118943,1,0,0.01
1773592513.878580564,0,0,1.23
1773592513.878580564,1,0,0.01
1773592514.899961715,0,0,1.23
1773592514.899961715,1,0,0.01
1773592515.921478266,0,0,1.23
1773592515.921478266,1,0,0.01
1773592516.943258006,0,0,1.23
1773592516.943258006,1,0,0.01
1773592517.964919526,0,0,1.23
1773592517.964919526,1,0,0.01
1773592518.985115535,0,0,1.23
1773592518.985115535,1,0,0.01
1773592520.005281696,0,18,1.23
1773592520.005281696,1,0,0.01
1773592521.026591530,0,32,1.23
1773592521.026591530,1,0,0.01
1773592522.048463785,0,32,1.23
1773592522.048463785,1,0,0.01
1773592523.069144068,0,32,1.23
1773592523.069144068,1,0,0.01
1773592524.090552560,0,0,1.23
1773592524.090552560,1,0,0.01
1773592525.112074860,0,0,1.23
1773592525.112074860,1,0,0.01
1773592526.133730299,0,0,1.23
1773592526.133730299,1,0,0.01
1773592527.154459689,0,0,1.23
1773592527.154459689,1,0,0.01
1773592528.174125549,0,0,1.23
1773592528.174125549,1,0,0.01
1773592529.196102851,0,0,1.23
1773592529.196102851,1,0,0.01
1773592530.217384022,0,0,1.23
1773592530.217384022,1,0,0.01
1773592531.238952648,0,0,1.23
1773592531.238952648,1,0,0.01
1773592532.259629791,0,34,1.23
1773592532.259629791,1,0,0.01
1773592533.280400561,0,34,1.23
1773592533.280400561,1,0,0.01
1773592534.301522819,0,34,1.23
1773592534.301522819,1,0,0.01
1773592535.323130862,0,0,1.23
1773592535.323130862,1,0,0.01
1773592536.344395263,0,0,1.23
1773592536.344395263,1,0,0.01
1773592537.366256029,0,0,1.23
1773592537.366256029,1,0,0.01
1773592538.388142402,0,0,1.23
1773592538.388142402,1,0,0.01
1773592539.409941337,0,0,1.23
1773592539.409941337,1,0,0.01
1773592540.429688603,0,0,1.23
1773592540.429688603,1,0,0.01
1773592541.450422289,0,0,1.23
1773592541.450422289,1,0,0.01
1773592542.472127390,0,0,1.23
1773592542.472127390,1,0,0.01
1773592543.493683277,0,0,1.23
1773592543.493683277,1,0,0.01
1773592544.515557918,0,11,1.23
1773592544.515557918,1,0,0.01
1773592545.537035525,0,35,1.23
1773592545.537035525,1,0,0.01
1773592546.559107611,0,35,1.23
1773592546.559107611,1,0,0.01
1773592547.580375953,0,32,1.23
1773592547.580375953,1,0,0.01
1773592548.601293271,0,0,1.23
1773592548.601293271,1,0,0.01
1773592549.622975305,0,0,1.23
1773592549.622975305,1,0,0.01
1773592550.644466091,0,0,1.23
1773592550.644466091,1,0,0.01
1773592551.666385946,0,0,1.23
1773592551.666385946,1,0,0.01
1773592552.687530646,0,0,1.23
1773592552.687530646,1,0,0.01
1773592553.709316530,0,0,1.23
1773592553.709316530,1,0,0.01
1773592554.731051849,0,0,1.23
1773592554.731051849,1,0,0.01
1773592555.752429633,0,0,1.23
1773592555.752429633,1,0,0.01
1773592556.773749698,0,0,1.23
1773592556.773749698,1,0,0.01
1773592557.795050042,0,31,1.23
1773592557.795050042,1,0,0.01
1773592558.817272252,0,30,1.23
1773592558.817272252,1,0,0.01
1773592559.838177272,0,31,1.23
1773592559.838177272,1,0,0.01
1773592560.859742507,0,25,1.23
1773592560.859742507,1,0,0.01
1773592561.881382211,0,0,1.23
1773592561.881382211,1,0,0.01
1773592562.902867166,0,0,1.23
1773592562.902867166,1,0,0.01
1773592563.924758738,0,0,1.23
1773592563.924758738,1,0,0.01
1773592564.946619718,0,0,1.23
1773592564.946619718,1,0,0.01
1773592565.968195286,0,0,1.23
1773592565.968195286,1,0,0.01
1773592566.988686031,0,0,1.23
1773592566.988686031,1,0,0.01
1773592568.009697347,0,33,1.23
1773592568.009697347,1,0,0.01
1773592569.031250700,0,33,1.23
1773592569.031250700,1,0,0.01
1773592570.052336641,0,32,1.23
1773592570.052336641,1,0,0.01
1773592571.074229774,0,32,1.23
1773592571.074229774,1,0,0.01
1773592572.095492929,0,0,1.23
1773592572.095492929,1,0,0.01
1773592573.116933075,0,0,1.23
1773592573.116933075,1,0,0.01
1773592574.137750700,0,0,1.23
1773592574.137750700,1,0,0.01
1773592575.158366765,0,31,1.23
1773592575.158366765,1,0,0.01
1773592576.180204547,0,31,1.23
1773592576.180204547,1,0,0.01
1773592577.201642696,0,31,1.23
1773592577.201642696,1,0,0.01
1773592578.222610524,0,31,1.23
1773592578.222610524,1,0,0.01
1773592579.243980842,0,0,1.23
1773592579.243980842,1,0,0.01
1773592580.265206550,0,0,1.23
1773592580.265206550,1,0,0.01
1773592581.286401888,0,0,1.23
1773592581.286401888,1,0,0.01
1773592582.307547088,0,0,1.23
1773592582.307547088,1,0,0.01
1773592583.329656096,0,0,1.23
1773592583.329656096,1,0,0.01
1773592584.350519767,0,0,1.23
1773592584.350519767,1,0,0.01
1773592585.372191048,0,0,1.23
1773592585.372191048,1,0,0.01
1773592586.392991846,0,0,1.23
1773592586.392991846,1,0,0.01
1773592587.412371953,0,0,1.23
1773592587.412371953,1,0,0.01
1773592588.432524867,0,0,1.23
1773592588.432524867,1,0,0.01
1773592589.453772007,0,0,1.23
1773592589.453772007,1,0,0.01
1773592590.475820795,0,0,1.23
1773592590.475820795,1,0,0.01
1773592591.497137917,0,0,1.23
1773592591.497137917,1,0,0.01
1773592592.518384406,0,0,1.23
1773592592.518384406,1,0,0.01
1773592593.539637862,0,0,1.23
1773592593.539637862,1,0,0.01
1773592594.560900022,0,0,1.23
1773592594.560900022,1,0,0.01
1773592595.582703634,0,0,1.23
1773592595.582703634,1,0,0.01
1773592596.603868988,0,19,1.23
1773592596.603868988,1,0,0.01
1773592597.625356075,0,35,1.23
1773592597.625356075,1,0,0.01
1773592598.646495203,0,35,1.23
1773592598.646495203,1,0,0.01
1773592599.668559845,0,35,1.23
1773592599.668559845,1,0,0.01
1773592600.689758820,0,0,1.23
1773592600.689758820,1,0,0.01
1773592601.711018490,0,0,1.23
1773592601.711018490,1,0,0.01
1773592602.731916911,0,34,1.23
1773592602.731916911,1,0,0.01
1773592603.753373813,0,30,1.23
1773592603.753373813,1,0,0.01
1773592604.773671719,0,34,1.23
1773592604.773671719,1,0,0.01
1773592605.795666367,0,0,1.23
1773592605.795666367,1,0,0.01
1773592606.816989194,0,0,1.23
1773592606.816989194,1,0,0.01
1773592607.837067206,0,0,1.23
1773592607.837067206,1,0,0.01
1773592608.857829759,0,0,1.23
1773592608.857829759,1,0,0.01
1773592609.878561162,0,0,1.23
1773592609.878561162,1,0,0.01
1773592610.899903822,0,0,1.23
1773592610.899903822,1,0,0.01
1773592611.920455617,0,0,1.23
1773592611.920455617,1,0,0.01
1773592612.940486682,0,0,1.23
1773592612.940486682,1,0,0.01
1773592613.962119998,0,16,1.23
1773592613.962119998,1,0,0.01
1773592614.984053419,0,36,1.23
1773592614.984053419,1,0,0.01
1773592616.003891257,0,36,1.23
1773592616.003891257,1,0,0.01
1773592617.024047547,0,36,1.23
1773592617.024047547,1,0,0.01
1773592618.046082571,0,0,1.23
1773592618.046082571,1,0,0.01
1773592619.067606893,0,0,1.23
1773592619.067606893,1,0,0.01
1773592620.088660011,0,0,1.23
1773592620.088660011,1,0,0.01
1773592621.109466081,0,0,1.23
1773592621.109466081,1,0,0.01
1773592622.129423652,0,0,1.23
1773592622.129423652,1,0,0.01
1773592623.150978387,0,0,1.23
1773592623.150978387,1,0,0.01
1773592624.172235596,0,0,1.23
1773592624.172235596,1,0,0.01
1773592625.194014096,0,0,1.23
1773592625.194014096,1,0,0.01
1773592626.215679840,0,0,1.23
1773592626.215679840,1,0,0.01
1773592627.237263936,0,0,1.23
1773592627.237263936,1,0,0.01
1773592628.258117501,0,0,1.23
1773592628.258117501,1,0,0.01
1773592629.279534005,0,34,1.23
1773592629.279534005,1,0,0.01
1773592630.300583159,0,34,1.23
1773592630.300583159,1,0,0.01
1773592631.320255636,0,30,1.23
1773592631.320255636,1,0,0.01
1773592632.342738895,0,31,1.23
1773592632.342738895,1,0,0.01
1773592633.364638656,0,0,1.23
1773592633.364638656,1,0,0.01
1773592634.386206605,0,0,1.23
1773592634.386206605,1,0,0.01
1773592635.407635226,0,0,1.23
1773592635.407635226,1,0,0.01
1773592636.429682775,0,0,1.23
1773592636.429682775,1,0,0.01
1773592637.451778281,0,0,1.23
1773592637.451778281,1,0,0.01
1773592638.473491963,0,0,1.23
1773592638.473491963,1,0,0.01
1773592639.493762105,0,0,1.23
1773592639.493762105,1,0,0.01
1773592640.514818983,0,0,1.23
1773592640.514818983,1,0,0.01
1773592641.536197004,0,0,1.23
1773592641.536197004,1,0,0.01
1773592642.557628251,0,0,1.23
1773592642.557628251,1,0,0.01
1773592643.578924551,0,36,1.23
1773592643.578924551,1,0,0.01
1773592644.599872766,0,36,1.23
1773592644.599872766,1,0,0.01
1773592645.622400173,0,36,1.23
1773592645.622400173,1,0,0.01
1773592646.643286129,0,26,1.23
1773592646.643286129,1,0,0.01
1773592647.664773892,0,0,1.23
1773592647.664773892,1,0,0.01
1773592648.686919155,0,0,1.23
1773592648.686919155,1,0,0.01
1773592649.707887277,0,31,1.23
1773592649.707887277,1,0,0.01
1773592650.729834191,0,31,1.23
1773592650.729834191,1,0,0.01
1773592651.751263523,0,35,1.23
1773592651.751263523,1,0,0.01
1773592652.772828984,0,16,1.23
1773592652.772828984,1,0,0.01
1773592653.793847772,0,0,1.23
1773592653.793847772,1,0,0.01
1773592654.815296735,0,0,1.23
1773592654.815296735,1,0,0.01
1773592655.836388059,0,0,1.23
1773592655.836388059,1,0,0.01
1773592656.856428023,0,0,1.23
1773592656.856428023,1,0,0.01
1773592657.878416552,0,0,1.23
1773592657.878416552,1,0,0.01
1773592658.900421265,0,0,1.23
1773592658.900421265,1,0,0.01
1773592659.921859323,0,0,1.23
1773592659.921859323,1,0,0.01
1773592660.943387673,0,0,1.23
1773592660.943387673,1,0,0.01
1773592661.964193507,0,0,1.23
1773592661.964193507,1,0,0.01
1773592662.984476973,0,0,1.23
1773592662.984476973,1,0,0.01
1773592664.005897054,0,0,1.23
1773592664.005897054,1,0,0.01
1773592665.027270912,0,0,1.23
1773592665.027270912,1,0,0.01
1773592666.048952830,0,0,1.23
1773592666.048952830,1,0,0.01
1773592667.069277305,0,0,1.23
1773592667.069277305,1,0,0.01
1773592668.090099285,0,0,1.23
1773592668.090099285,1,0,0.01
1773592669.111313070,0,8,1.23
1773592669.111313070,1,0,0.01
1773592670.132605684,0,35,1.23
1773592670.132605684,1,0,0.01
1773592671.154486250,0,35,1.23
1773592671.154486250,1,0,0.01
1773592672.175880598,0,35,1.23
1773592672.175880598,1,0,0.01
1773592673.197084147,0,0,1.23
1773592673.197084147,1,0,0.01
1773592674.218171090,0,0,1.23
1773592674.218171090,1,0,0.01
1773592675.240322093,0,0,1.23
1773592675.240322093,1,0,0.01
1773592676.262289738,0,0,1.23
1773592676.262289738,1,0,0.01
1773592677.283362606,0,0,1.23
1773592677.283362606,1,0,0.01
1773592678.305448307,0,0,1.23
1773592678.305448307,1,0,0.01
1773592679.326189279,0,0,1.23
1773592679.326189279,1,0,0.01
1773592680.348491912,0,0,1.23
1773592680.348491912,1,0,0.01
1773592681.369659820,0,0,1.23
1773592681.369659820,1,0,0.01
1773592682.391386353,0,0,1.23
1773592682.391386353,1,0,0.01
1773592683.413589358,0,32,1.23
1773592683.413589358,1,0,0.01
1773592684.434903742,0,32,1.23
1773592684.434903742,1,0,0.01
1773592685.455793545,0,36,1.23
1773592685.455793545,1,0,0.01
1773592686.477203347,0,36,1.23
1773592686.477203347,1,0,0.01
1773592687.498642192,0,0,1.23
1773592687.498642192,1,0,0.01
1773592688.519796164,0,0,1.23
1773592688.519796164,1,0,0.01
1773592689.541053227,0,0,1.23
1773592689.541053227,1,0,0.01
1773592690.563103547,0,0,1.23
1773592690.563103547,1,0,0.01
1773592691.584905355,0,0,1.23
1773592691.584905355,1,0,0.01
1773592692.606286343,0,0,1.23
1773592692.606286343,1,0,0.01
1773592693.628383461,0,0,1.23
1773592693.628383461,1,0,0.01
1773592694.649545476,0,0,1.23
1773592694.649545476,1,0,0.01
1773592695.671559603,0,0,1.23
1773592695.671559603,1,0,0.01
1773592696.692724485,0,0,1.23
1773592696.692724485,1,0,0.01
1773592697.714619631,0,0,1.23
1773592697.714619631,1,0,0.01
1773592698.735945324,0,0,1.23
1773592698.735945324,1,0,0.01
1773592699.756956174,0,35,1.23
1773592699.756956174,1,0,0.01
1773592700.779196640,0,35,1.23
1773592700.779196640,1,0,0.01
1773592701.800292279,0,34,1.23
1773592701.800292279,1,0,0.01
1773592702.820625047,0,0,1.23
1773592702.820625047,1,0,0.01
1773592703.841125583,0,0,1.23
1773592703.841125583,1,0,0.01
1773592704.863100639,0,0,1.23
1773592704.863100639,1,0,0.01
1773592705.885093880,0,0,1.23
1773592705.885093880,1,0,0.01
1773592706.906869373,0,0,1.23
1773592706.906869373,1,0,0.01
1773592707.928086986,0,0,1.23
1773592707.928086986,1,0,0.01
1773592708.949529268,0,0,1.23
1773592708.949529268,1,0,0.01
1773592709.971449697,0,0,1.23
1773592709.971449697,1,0,0.01
1773592710.993683572,0,0,1.23
1773592710.993683572,1,0,0.01
1773592712.015164761,0,0,1.23
1773592712.015164761,1,0,0.01
1773592713.037737437,0,0,1.23
1773592713.037737437,1,0,0.01
1773592714.059228003,0,0,1.23
1773592714.059228003,1,0,0.01
1773592715.080980806,0,0,1.23
1773592715.080980806,1,0,0.01
1773592716.102052045,0,0,1.23
1773592716.102052045,1,0,0.01
1773592717.123656240,0,8,1.23
1773592717.123656240,1,0,0.01
1773592718.144559880,0,31,1.23
1773592718.144559880,1,0,0.01
1773592719.165851299,0,31,1.23
1773592719.165851299,1,0,0.01
1773592720.186298231,0,31,1.23
1773592720.186298231,1,0,0.01
1773592721.207252234,0,15,1.23
1773592721.207252234,1,0,0.01
1773592722.228513233,0,0,1.23
1773592722.228513233,1,0,0.01
1773592723.250665136,0,0,1.23
1773592723.250665136,1,0,0.01
1773592724.272642381,0,0,1.23
1773592724.272642381,1,0,0.01
1773592725.293853765,0,0,1.23
1773592725.293853765,1,0,0.01
1773592726.315757234,0,0,1.23
1773592726.315757234,1,0,0.01
1773592727.336751138,0,0,1.23
1773592727.336751138,1,0,0.01
1773592728.358687598,0,0,1.23
1773592728.358687598,1,0,0.01
1773592729.380189815,0,0,1.23
1773592729.380189815,1,0,0.01
1773592730.402408854,0,0,1.23
1773592730.402408854,1,0,0.01
1773592731.423523210,0,0,1.23
1773592731.423523210,1,0,0.01
1773592732.445537253,0,0,1.23
1773592732.445537253,1,0,0.01
1773592733.467219536,0,0,1.23
1773592733.467219536,1,0,0.01
1773592734.488865623,0,0,1.23
1773592734.488865623,1,0,0.01
1773592735.510361490,0,0,1.23
1773592735.510361490,1,0,0.01
1773592736.532302472,0,0,1.23
1773592736.532302472,1,0,0.01
1773592737.553653562,0,0,1.23
1773592737.553653562,1,0,0.01
1773592738.575135477,0,0,1.23
1773592738.575135477,1,0,0.01
1773592739.595858291,0,0,1.23
1773592739.595858291,1,0,0.01
1773592740.617366003,0,0,1.23
1773592740.617366003,1,0,0.01
1773592741.638558981,0,0,1.23
1773592741.638558981,1,0,0.01
1773592742.659906022,0,0,1.23
1773592742.659906022,1,0,0.01
1773592743.681792673,0,0,1.23
1773592743.681792673,1,0,0.01
1773592744.703485607,0,35,1.23
1773592744.703485607,1,0,0.01
1773592745.724296380,0,35,1.23
1773592745.724296380,1,0,0.01
1773592746.743885392,0,34,1.23
1773592746.743885392,1,0,0.01
1773592747.765990635,0,0,1.23
1773592747.765990635,1,0,0.01
1773592748.786591239,0,0,1.23
1773592748.786591239,1,0,0.01
1773592749.807613074,0,0,1.23
1773592749.807613074,1,0,0.01
1773592750.829830958,0,0,1.23
1773592750.829830958,1,0,0.01
1773592751.850576495,0,0,1.23
1773592751.850576495,1,0,0.01
1773592752.872412752,0,0,1.23
1773592752.872412752,1,0,0.01
1773592753.894525148,0,0,1.23
1773592753.894525148,1,0,0.01
1773592754.916430466,0,0,1.23
1773592754.916430466,1,0,0.01
1773592755.937957183,0,36,1.23
1773592755.937957183,1,0,0.01
1773592756.959617981,0,36,1.23
1773592756.959617981,1,0,0.01
1773592757.980764223,0,33,1.23
1773592757.980764223,1,0,0.01
1773592759.002102832,0,33,1.23
1773592759.002102832,1,0,0.01
1773592760.023228219,0,0,1.23
1773592760.023228219,1,0,0.01
1773592761.044464678,0,0,1.23
1773592761.044464678,1,0,0.01
1773592762.066325467,0,0,1.23
1773592762.066325467,1,0,0.01
1773592763.087325850,0,0,1.23
1773592763.087325850,1,0,0.01
1773592764.109572420,0,0,1.23
1773592764.109572420,1,0,0.01
1773592765.130496368,0,32,1.23
1773592765.130496368,1,0,0.01
1773592766.152523534,0,36,1.23
1773592766.152523534,1,0,0.01
1773592767.173775562,0,31,1.23
1773592767.173775562,1,0,0.01
1773592768.194445399,0,12,1.23
1773592768.194445399,1,0,0.01
1773592769.214049689,0,0,1.23
1773592769.214049689,1,0,0.01
1773592770.236190009,0,0,1.23
1773592770.236190009,1,0,0.01
1773592771.257644250,0,0,1.23
1773592771.257644250,1,0,0.01
1773592772.279753878,0,0,1.23
1773592772.279753878,1,0,0.01
1773592773.301953969,0,0,1.23
1773592773.301953969,1,0,0.01
1773592774.324188467,0,0,1.23
1773592774.324188467,1,0,0.01
1773592775.345709319,0,0,1.23
1773592775.345709319,1,0,0.01
1773592776.367670835,0,0,1.23
1773592776.367670835,1,0,0.01
1773592777.389687326,0,0,1.23
1773592777.389687326,1,0,0.01
1773592778.410903172,0,0,1.23
1773592778.410903172,1,0,0.01
1773592779.434104052,0,0,1.23
1773592779.434104052,1,0,0.01
1773592780.456965689,0,0,1.23
1773592780.456965689,1,0,0.01
1773592781.479572322,0,0,1.23
1773592781.479572322,1,0,0.01
1773592782.500869131,0,0,1.23
1773592782.500869131,1,0,0.01
1773592783.521444512,0,33,1.23
1773592783.521444512,1,0,0.01
1773592784.542760539,0,33,1.23
1773592784.542760539,1,0,0.01
1773592785.563591931,0,32,1.23
1773592785.563591931,1,0,0.01
1773592786.583663491,0,33,1.23
1773592786.583663491,1,0,0.01
1773592787.603837517,0,0,1.23
1773592787.603837517,1,0,0.01
1773592788.626330044,0,0,1.23
1773592788.626330044,1,0,0.01
1773592789.649270955,0,0,1.23
1773592789.649270955,1,0,0.01
1773592790.670713716,0,0,1.23
1773592790.670713716,1,0,0.01
1773592791.691283850,0,0,1.23
1773592791.691283850,1,0,0.01
1773592792.712732808,0,0,1.23
1773592792.712732808,1,0,0.01
1773592793.733893813,0,0,1.23
1773592793.733893813,1,0,0.01
1773592794.755754530,0,0,1.23
1773592794.755754530,1,0,0.01
1773592795.778179523,0,0,1.23
1773592795.778179523,1,0,0.01
1773592796.799472062,0,0,1.23
1773592796.799472062,1,0,0.01
1773592797.820398282,0,0,1.23
1773592797.820398282,1,0,0.01
1773592798.842317957,0,0,1.23
1773592798.842317957,1,0,0.01
1773592799.863910944,0,0,1.23
1773592799.863910944,1,0,0.01
1773592800.883274586,0,0,1.23
1773592800.883274586,1,0,0.01
1773592801.903185255,0,0,1.23
1773592801.903185255,1,0,0.01
1773592802.925042442,0,0,1.23
1773592802.925042442,1,0,0.01
1773592803.946345509,0,0,1.23
1773592803.946345509,1,0,0.01
1773592804.968519929,0,0,1.23
1773592804.968519929,1,0,0.01
1773592805.989812521,0,0,1.23
1773592805.989812521,1,0,0.01
1773592807.012195112,0,0,1.23
1773592807.012195112,1,0,0.01
1773592808.033514739,0,0,1.23
1773592808.033514739,1,0,0.01
1773592809.055107987,0,0,1.23
1773592809.055107987,1,0,0.01
1773592810.076676954,0,0,1.23
1773592810.076676954,1,0,0.01
1773592811.098499135,0,0,1.23
1773592811.098499135,1,0,0.01
1773592812.119645306,0,32,1.23
1773592812.119645306,1,0,0.01
1773592813.141183400,0,33,1.23
1773592813.141183400,1,0,0.01
1773592814.162189231,0,32,1.23
1773592814.162189231,1,0,0.01
1773592815.184046488,0,31,1.23
1773592815.184046488,1,0,0.01
1773592816.205768907,0,0,1.23
1773592816.205768907,1,0,0.01
1773592817.226425232,0,0,1.23
1773592817.226425232,1,0,0.01
1773592818.248033139,0,0,1.23
1773592818.248033139,1,0,0.01
1773592819.269977558,0,31,1.23
1773592819.269977558,1,0,0.01
1773592820.291136855,0,31,1.23
1773592820.291136855,1,0,0.01
1773592821.311139211,0,31,1.23
1773592821.311139211,1,0,0.01
1773592822.333233566,0,31,1.23
1773592822.333233566,1,0,0.01
1773592823.354636463,0,0,1.23
1773592823.354636463,1,0,0.01
1773592824.376377846,0,0,1.23
1773592824.376377846,1,0,0.01
1773592825.398045077,0,0,1.23
1773592825.398045077,1,0,0.01
1773592826.418430094,0,0,1.23
1773592826.418430094,1,0,0.01
1773592827.440868637,0,0,1.23
1773592827.440868637,1,0,0.01
1773592828.461830413,0,0,1.23
1773592828.461830413,1,0,0.01
1773592829.483623855,0,0,1.23
1773592829.483623855,1,0,0.01
1773592830.504980147,0,0,1.23
1773592830.504980147,1,0,0.01
1773592831.526337461,0,0,1.23
1773592831.526337461,1,0,0.01
1773592832.547809333,0,0,1.23
1773592832.547809333,1,0,0.01
1773592833.569705111,0,0,1.23
1773592833.569705111,1,0,0.01
1773592834.590864845,0,33,1.23
1773592834.590864845,1,0,0.01
1773592835.612229206,0,33,1.23
1773592835.612229206,1,0,0.01
1773592836.632973269,0,32,1.23
1773592836.632973269,1,0,0.01
1773592837.652765325,0,30,1.23
1773592837.652765325,1,0,0.01
1773592838.672104291,0,0,1.23
1773592838.672104291,1,0,0.01
1773592839.692558212,0,0,1.23
1773592839.692558212,1,0,0.01
1773592840.714666442,0,0,1.23
1773592840.714666442,1,0,0.01
1773592841.735433460,0,0,1.23
1773592841.735433460,1,0,0.01
1773592842.757029541,0,0,1.23
1773592842.757029541,1,0,0.01
1773592843.778565462,0,0,1.23
1773592843.778565462,1,0,0.01
1773592844.800245556,0,0,1.23
1773592844.800245556,1,0,0.01
1773592845.821504688,0,31,1.23
1773592845.821504688,1,0,0.01
1773592846.843608631,0,33,1.23
1773592846.843608631,1,0,0.01
1773592847.864936183,0,33,1.23
1773592847.864936183,1,0,0.01
1773592848.884484498,0,33,1.23
1773592848.884484498,1,0,0.01
1773592849.905505981,0,0,1.23
1773592849.905505981,1,0,0.01
1773592850.926996037,0,0,1.23
1773592850.926996037,1,0,0.01
1773592851.947585130,0,0,1.23
1773592851.947585130,1,0,0.01
1773592852.969110170,0,0,1.23
1773592852.969110170,1,0,0.01
1773592853.990168372,0,0,1.23
1773592853.990168372,1,0,0.01
1773592855.012334164,0,0,1.23
1773592855.012334164,1,0,0.01
1773592856.033656561,0,0,1.23
1773592856.033656561,1,0,0.01
1773592857.056532736,0,0,1.23
1773592857.056532736,1,0,0.01
1773592858.079179179,0,0,1.23
1773592858.079179179,1,0,0.01
1773592859.101968901,0,0,1.23
1773592859.101968901,1,0,0.01
1773592860.122957601,0,32,1.23
1773592860.122957601,1,0,0.01
1773592861.144910415,0,32,1.23
1773592861.144910415,1,0,0.01
1773592862.166270643,0,30,1.23
1773592862.166270643,1,0,0.01
1773592863.188225682,0,30,1.23
1773592863.188225682,1,0,0.01
1773592864.209164296,0,0,1.23
1773592864.209164296,1,0,0.01
1773592865.231234865,0,0,1.23
1773592865.231234865,1,0,0.01
1773592866.252850751,0,0,1.23
1773592866.252850751,1,0,0.01
1773592867.274700816,0,0,1.23
1773592867.274700816,1,0,0.01
1773592868.296028956,0,0,1.23
1773592868.296028956,1,0,0.01
1773592869.317322778,0,0,1.23
1773592869.317322778,1,0,0.01
1773592870.338355228,0,0,1.23
1773592870.338355228,1,0,0.01
1773592871.360072083,0,0,1.23
1773592871.360072083,1,0,0.01
1773592872.380764502,0,0,1.23
1773592872.380764502,1,0,0.01
1773592873.402218661,0,0,1.23
1773592873.402218661,1,0,0.01
1773592874.423236172,0,0,1.23
1773592874.423236172,1,0,0.01
1773592875.443654743,0,0,1.23
1773592875.443654743,1,0,0.01
1773592876.465376689,0,33,1.23
1773592876.465376689,1,0,0.01
1773592877.486979533,0,35,1.23
1773592877.486979533,1,0,0.01
1773592878.508691355,0,32,1.23
1773592878.508691355,1,0,0.01
1773592879.529739592,0,32,1.23
1773592879.529739592,1,0,0.01
1773592880.551445198,0,0,1.23
1773592880.551445198,1,0,0.01
1773592881.572395948,0,0,1.23
1773592881.572395948,1,0,0.01
1773592882.594165950,0,0,1.23
1773592882.594165950,1,0,0.01
1773592883.615337684,0,0,1.23
1773592883.615337684,1,0,0.01
1773592884.637167352,0,0,1.23
1773592884.637167352,1,0,0.01
1773592885.658369764,0,31,1.23
1773592885.658369764,1,0,0.01
1773592886.679664079,0,30,1.23
1773592886.679664079,1,0,0.01
1773592887.700731086,0,34,1.23
1773592887.700731086,1,0,0.01
1773592888.722151217,0,35,1.23
1773592888.722151217,1,0,0.01
1773592889.742295740,0,0,1.23
1773592889.742295740,1,0,0.01
1773592890.763599478,0,0,1.23
1773592890.763599478,1,0,0.01
1773592891.784535388,0,0,1.23
1773592891.784535388,1,0,0.01
1773592892.806004195,0,0,1.23
1773592892.806004195,1,0,0.01
1773592893.826862944,0,0,1.23
1773592893.826862944,1,0,0.01
1773592894.848801048,0,0,1.23
1773592894.848801048,1,0,0.01
1773592895.871134946,0,0,1.23
1773592895.871134946,1,0,0.01
1773592896.892778882,0,0,1.23
1773592896.892778882,1,0,0.01
1773592897.913527160,0,0,1.23
1773592897.913527160,1,0,0.01
1773592898.936460352,0,0,1.23
1773592898.936460352,1,0,0.01
1773592899.957306521,0,0,1.23
1773592899.957306521,1,0,0.01
1773592900.979082950,0,0,1.23
1773592900.979082950,1,0,0.01
1773592902.000258509,0,3,1.23
1773592902.000258509,1,0,0.01
1773592903.022425658,0,36,1.23
1773592903.022425658,1,0,0.01
1773592904.043406713,0,33,1.23
1773592904.043406713,1,0,0.01
1773592905.065458811,0,33,1.23
1773592905.065458811,1,0,0.01
1773592906.086526744,0,0,1.23
1773592906.086526744,1,0,0.01
1773592907.107868513,0,0,1.23
1773592907.107868513,1,0,0.01
1773592908.129983313,0,0,1.23
1773592908.129983313,1,0,0.01
1773592909.150780743,0,31,1.23
1773592909.150780743,1,0,0.01
1773592910.172391077,0,31,1.23
1773592910.172391077,1,0,0.01
1773592911.192957041,0,31,1.23
1773592911.192957041,1,0,0.01
1773592912.212910122,0,31,1.23
1773592912.212910122,1,0,0.01
1773592913.232590481,0,0,1.23
1773592913.232590481,1,0,0.01
1773592914.254242291,0,0,1.23
1773592914.254242291,1,0,0.01
1773592915.275799254,0,0,1.23
1773592915.275799254,1,0,0.01
1773592916.295550861,0,31,1.23
1773592916.295550861,1,0,0.01
1773592917.316922659,0,31,1.23
1773592917.316922659,1,0,0.01
1773592918.339052736,0,33,1.23
1773592918.339052736,1,0,0.01
1773592919.361312415,0,33,1.23
1773592919.361312415,1,0,0.01
1773592920.382584861,0,0,1.23
1773592920.382584861,1,0,0.01
1773592921.403995685,0,0,1.23
1773592921.403995685,1,0,0.01
1773592922.424497985,0,0,1.23
1773592922.424497985,1,0,0.01
1773592923.445594373,0,0,1.23
1773592923.445594373,1,0,0.01
1773592924.466411783,0,0,1.23
1773592924.466411783,1,0,0.01
1773592925.488532122,0,0,1.23
1773592925.488532122,1,0,0.01
1773592926.509560935,0,0,1.23
1773592926.509560935,1,0,0.01
1773592927.530731915,0,0,1.23
1773592927.530731915,1,0,0.01
1773592928.552016831,0,0,1.23
1773592928.552016831,1,0,0.01
1773592929.573727124,0,0,1.23
1773592929.573727124,1,0,0.01
1773592930.595013679,0,0,1.23
1773592930.595013679,1,0,0.01
1773592931.616981012,0,33,1.23
1773592931.616981012,1,0,0.01
1773592932.637666689,0,33,1.23
1773592932.637666689,1,0,0.01
1773592933.659920464,0,31,1.23
1773592933.659920464,1,0,0.01
1773592934.680555771,0,31,1.23
1773592934.680555771,1,0,0.01
1773592935.702066464,0,0,1.23
1773592935.702066464,1,0,0.01
1773592936.722996477,0,0,1.23
1773592936.722996477,1,0,0.01
1773592937.745121785,0,0,1.23
1773592937.745121785,1,0,0.01
1773592938.765606021,0,0,1.23
1773592938.765606021,1,0,0.01
1773592939.786661493,0,0,1.23
1773592939.786661493,1,0,0.01
1773592940.808801853,0,0,1.23
1773592940.808801853,1,0,0.01
1773592941.830705759,0,0,1.23
1773592941.830705759,1,0,0.01
1773592942.852542285,0,0,1.23
1773592942.852542285,1,0,0.01
1773592943.874012502,0,0,1.23
1773592943.874012502,1,0,0.01
1773592944.894997210,0,0,1.23
1773592944.894997210,1,0,0.01
1773592945.916917734,0,0,1.23
1773592945.916917734,1,0,0.01
1773592946.937932854,0,0,1.23
1773592946.937932854,1,0,0.01
1773592947.959937596,0,0,1.23
1773592947.959937596,1,0,0.01
1773592948.981014679,0,0,1.23
1773592948.981014679,1,0,0.01
1773592950.003139714,0,0,1.23
1773592950.003139714,1,0,0.01
1773592951.024157388,0,0,1.23
1773592951.024157388,1,0,0.01
1773592952.046073242,0,0,1.23
1773592952.046073242,1,0,0.01
1773592953.068610636,0,33,1.23
1773592953.068610636,1,0,0.01
1773592954.089557231,0,36,1.23
1773592954.089557231,1,0,0.01
1773592955.111766395,0,32,1.23
1773592955.111766395,1,0,0.01
1773592956.133045115,0,32,1.23
1773592956.133045115,1,0,0.01
1773592957.154800698,0,0,1.23
1773592957.154800698,1,0,0.01
1773592958.176874550,0,0,1.23
1773592958.176874550,1,0,0.01
1773592959.198918157,0,0,1.23
1773592959.198918157,1,0,0.01
1773592960.218633894,0,0,1.23
1773592960.218633894,1,0,0.01
1773592961.238402195,0,0,1.23
1773592961.238402195,1,0,0.01
1773592962.260463532,0,0,1.23
1773592962.260463532,1,0,0.01
1773592963.281014484,0,0,1.23
1773592963.281014484,1,0,0.01
1773592964.302710158,0,0,1.23
1773592964.302710158,1,0,0.01
1773592965.324728562,0,31,1.23
1773592965.324728562,1,0,0.01
1773592966.346387777,0,31,1.23
1773592966.346387777,1,0,0.01
1773592967.367839766,0,30,1.23
1773592967.367839766,1,0,0.01
1773592968.389128414,0,33,1.23
1773592968.389128414,1,0,0.01
1773592969.409947408,0,0,1.23
1773592969.409947408,1,0,0.01
1773592970.429908426,0,0,1.23
1773592970.429908426,1,0,0.01
1773592971.451530216,0,0,1.23
1773592971.451530216,1,0,0.01
1773592972.473650086,0,0,1.23
1773592972.473650086,1,0,0.01
1773592973.494648349,0,0,1.23
1773592973.494648349,1,0,0.01
1773592974.516640172,0,0,1.23
1773592974.516640172,1,0,0.01
1773592975.538370413,0,0,1.23
1773592975.538370413,1,0,0.01
1773592976.560242340,0,0,1.23
1773592976.560242340,1,0,0.01
1773592977.581095236,0,0,1.23
1773592977.581095236,1,0,0.01
1773592978.602535139,0,0,1.23
1773592978.602535139,1,0,0.01
1773592979.624897888,0,0,1.23
1773592979.624897888,1,0,0.01
1773592980.646889903,0,0,1.23
1773592980.646889903,1,0,0.01
1773592981.668243020,0,0,1.23
1773592981.668243020,1,0,0.01
1773592982.689942655,0,0,1.23
1773592982.689942655,1,0,0.01
1773592983.711921723,0,0,1.23
1773592983.711921723,1,0,0.01
1773592984.733027418,0,31,1.23
1773592984.733027418,1,0,0.01
1773592985.754986709,0,31,1.23
1773592985.754986709,1,0,0.01
1773592986.776950537,0,31,1.23
1773592986.776950537,1,0,0.01
1773592987.797834113,0,31,1.23
1773592987.797834113,1,0,0.01
1773592988.818020478,0,0,1.23
1773592988.818020478,1,0,0.01
1773592989.839712023,0,0,1.23
1773592989.839712023,1,0,0.01
1773592990.861997481,0,0,1.23
1773592990.861997481,1,0,0.01
1773592991.883437725,0,0,1.23
1773592991.883437725,1,0,0.01
1773592992.904642948,0,0,1.23
1773592992.904642948,1,0,0.01
1773592993.926741811,0,0,1.23
1773592993.926741811,1,0,0.01
1773592994.947771429,0,0,1.23
1773592994.947771429,1,0,0.01
1773592995.969548527,0,0,1.23
1773592995.969548527,1,0,0.01
1773592996.991101010,0,33,1.23
1773592996.991101010,1,0,0.01
1773592998.012374507,0,33,1.23
1773592998.012374507,1,0,0.01
1773592999.034007753,0,33,1.23
1773592999.034007753,1,0,0.01
1773593000.055475344,0,5,1.23
1773593000.055475344,1,0,0.01
1773593001.076674052,0,0,1.23
1773593001.076674052,1,0,0.01
1773593002.098127104,0,0,1.23
1773593002.098127104,1,0,0.01
1773593003.119612370,0,0,1.23
1773593003.119612370,1,0,0.01
1773593004.141586698,0,0,1.23
1773593004.141586698,1,0,0.01
1773593005.162959831,0,0,1.23
1773593005.162959831,1,0,0.01
1773593006.185034326,0,0,1.23
1773593006.185034326,1,0,0.01
1773593007.206549039,0,0,1.23
1773593007.206549039,1,0,0.01
1773593008.228138253,0,31,1.23
1773593008.228138253,1,0,0.01
1773593009.249447285,0,31,1.23
1773593009.249447285,1,0,0.01
1773593010.270757451,0,31,1.23
1773593010.270757451,1,0,0.01
1773593011.292382418,0,30,1.23
1773593011.292382418,1,0,0.01
1773593012.313551443,0,0,1.23
1773593012.313551443,1,0,0.01
1773593013.335203369,0,0,1.23
1773593013.335203369,1,0,0.01
1773593014.356511984,0,0,1.23
1773593014.356511984,1,0,0.01
1773593015.377576392,0,0,1.23
1773593015.377576392,1,0,0.01
1773593016.399180140,0,0,1.23
1773593016.399180140,1,0,0.01
1773593017.421151745,0,0,1.23
1773593017.421151745,1,0,0.01
1773593018.442981510,0,0,1.23
1773593018.442981510,1,0,0.01
1773593019.465314459,0,33,1.23
1773593019.465314459,1,0,0.01
1773593020.485804585,0,33,1.23
1773593020.485804585,1,0,0.01
1773593021.507312273,0,33,1.23
1773593021.507312273,1,0,0.01
1773593022.527482943,0,0,1.23
1773593022.527482943,1,0,0.01
1773593023.548230464,0,0,1.23
1773593023.548230464,1,0,0.01
1773593024.568656420,0,0,1.23
1773593024.568656420,1,0,0.01
1773593025.590117208,0,0,1.23
1773593025.590117208,1,0,0.01
1773593026.611436931,0,30,1.23
1773593026.611436931,1,0,0.01
1773593027.633433873,0,30,1.23
1773593027.633433873,1,0,0.01
1773593028.654859895,0,30,1.23
1773593028.654859895,1,0,0.01
1773593029.676368499,0,30,1.23
1773593029.676368499,1,0,0.01
1773593030.696842086,0,0,1.23
1773593030.696842086,1,0,0.01
1773593031.718812071,0,0,1.23
1773593031.718812071,1,0,0.01
1773593032.740571164,0,0,1.23
1773593032.740571164,1,0,0.01
1773593033.761592273,0,0,1.23
1773593033.761592273,1,0,0.01
1773593034.782858745,0,0,1.23
1773593034.782858745,1,0,0.01
1773593035.804879756,0,32,1.23
1773593035.804879756,1,0,0.01
1773593036.826526563,0,33,1.23
1773593036.826526563,1,0,0.01
1773593037.846806540,0,33,1.23
1773593037.846806540,1,0,0.01
1773593038.866883352,0,33,1.23
1773593038.866883352,1,0,0.01
1773593039.888882980,0,0,1.23
1773593039.888882980,1,0,0.01
1773593040.908745776,0,0,1.23
1773593040.908745776,1,0,0.01
1773593041.930605876,0,0,1.23
1773593041.930605876,1,0,0.01
1773593042.951886308,0,0,1.23
1773593042.951886308,1,0,0.01
1773593043.973436616,0,0,1.23
1773593043.973436616,1,0,0.01
1773593044.994780607,0,0,1.23
1773593044.994780607,1,0,0.01
1773593046.016445335,0,0,1.23
1773593046.016445335,1,0,0.01
1773593047.037573048,0,0,1.23
1773593047.037573048,1,0,0.01
1773593048.058798115,0,0,1.23
1773593048.058798115,1,0,0.01
1773593049.080521174,0,33,1.23
1773593049.080521174,1,0,0.01
1773593050.100681219,0,33,1.23
1773593050.100681219,1,0,0.01
1773593051.120965155,0,36,1.23
1773593051.120965155,1,0,0.01
1773593052.143491419,0,35,1.23
1773593052.143491419,1,0,0.01
1773593053.164792123,0,0,1.23
1773593053.164792123,1,0,0.01
1773593054.187211762,0,0,1.23
1773593054.187211762,1,0,0.01
1773593055.208448401,0,0,1.23
1773593055.208448401,1,0,0.01
1773593056.229706411,0,0,1.23
1773593056.229706411,1,0,0.01
1773593057.250926351,0,0,1.23
1773593057.250926351,1,0,0.01
1773593058.273010150,0,0,1.23
1773593058.273010150,1,0,0.01
1773593059.293841706,0,0,1.23
1773593059.293841706,1,0,0.01
1773593060.315482528,0,0,1.23
1773593060.315482528,1,0,0.01
1773593061.336844252,0,0,1.23
1773593061.336844252,1,0,0.01
1773593062.357755089,0,0,1.23
1773593062.357755089,1,0,0.01
1773593063.378849833,0,0,1.23
1773593063.378849833,1,0,0.01
1773593064.399248121,0,37,1.23
1773593064.399248121,1,0,0.01
1773593065.420589095,0,33,1.23
1773593065.420589095,1,0,0.01
1773593066.441972700,0,33,1.23
1773593066.441972700,1,0,0.01
1773593067.463016894,0,33,1.23
1773593067.463016894,1,0,0.01
1773593068.484895369,0,0,1.23
1773593068.484895369,1,0,0.01
1773593069.507241331,0,0,1.23
1773593069.507241331,1,0,0.01
1773593070.528980145,0,0,1.23
1773593070.528980145,1,0,0.01
1773593071.550435258,0,0,1.23
1773593071.550435258,1,0,0.01
1773593072.572426065,0,0,1.23
1773593072.572426065,1,0,0.01
1773593073.594540770,0,0,1.23
1773593073.594540770,1,0,0.01
1773593074.616216248,0,33,1.23
1773593074.616216248,1,0,0.01
1773593075.637872693,0,37,1.23
1773593075.637872693,1,0,0.01
1773593076.659704071,0,36,1.23
1773593076.659704071,1,0,0.01
1773593077.680859457,0,35,1.23
1773593077.680859457,1,0,0.01
1773593078.701033393,0,0,1.23
1773593078.701033393,1,0,0.01
1773593079.722585655,0,0,1.23
1773593079.722585655,1,0,0.01
1773593080.744495116,0,0,1.23
1773593080.744495116,1,0,0.01
1773593081.765941289,0,0,1.23
1773593081.765941289,1,0,0.01
1773593082.786948865,0,35,1.23
1773593082.786948865,1,0,0.01
1773593083.809597459,0,31,1.23
1773593083.809597459,1,0,0.01
1773593084.830214450,0,31,1.23
1773593084.830214450,1,0,0.01
1773593085.850726151,0,31,1.23
1773593085.850726151,1,0,0.01
1773593086.870529809,0,0,1.23
1773593086.870529809,1,0,0.01
1773593087.890308035,0,0,1.23
1773593087.890308035,1,0,0.01
1773593088.911683588,0,0,1.23
1773593088.911683588,1,0,0.01
1773593089.933616795,0,0,1.23
1773593089.933616795,1,0,0.01
1773593090.953997656,0,0,1.23
1773593090.953997656,1,0,0.01
1773593091.975832483,0,0,1.23
1773593091.975832483,1,0,0.01
1773593092.997974312,0,0,1.23
1773593092.997974312,1,0,0.01
1773593094.018163712,0,0,1.23
1773593094.018163712,1,0,0.01
1773593095.040767454,0,0,1.23
1773593095.040767454,1,0,0.01
1773593096.062797949,0,32,1.23
1773593096.062797949,1,0,0.01
1773593097.084249220,0,36,1.23
1773593097.084249220,1,0,0.01
1773593098.104629340,0,36,1.23
1773593098.104629340,1,0,0.01
1773593099.125838404,0,36,1.23
1773593099.125838404,1,0,0.01
1773593100.146161878,0,0,1.23
1773593100.146161878,1,0,0.01
1773593101.167582138,0,0,1.23
1773593101.167582138,1,0,0.01
1773593102.189129387,0,0,1.23
1773593102.189129387,1,0,0.01
1773593103.210758457,0,0,1.23
1773593103.210758457,1,0,0.01
1773593104.232607971,0,31,1.23
1773593104.232607971,1,0,0.01
1773593105.254590457,0,31,1.23
1773593105.254590457,1,0,0.01
1773593106.275709825,0,31,1.23
1773593106.275709825,1,0,0.01
1773593107.296195195,0,31,1.23
1773593107.296195195,1,0,0.01
1773593108.316725523,0,0,1.23
1773593108.316725523,1,0,0.01
1773593109.338546471,0,0,1.23
1773593109.338546471,1,0,0.01
1773593110.360090663,0,0,1.23
1773593110.360090663,1,0,0.01
1773593111.382347490,0,0,1.23
1773593111.382347490,1,0,0.01
1773593112.403961021,0,0,1.23
1773593112.403961021,1,0,0.01
1773593113.424465120,0,0,1.23
1773593113.424465120,1,0,0.01
1773593114.445424257,0,0,1.23
1773593114.445424257,1,0,0.01
1773593115.467860055,0,0,1.23
1773593115.467860055,1,0,0.01
1773593116.488959109,0,0,1.23
1773593116.488959109,1,0,0.01
1773593117.509813814,0,0,1.23
1773593117.509813814,1,0,0.01
1773593118.531385862,0,0,1.23
1773593118.531385862,1,0,0.01
1773593119.552972604,0,33,1.23
1773593119.552972604,1,0,0.01
1773593120.572984227,0,33,1.23
1773593120.572984227,1,0,0.01
1773593121.594430991,0,33,1.23
1773593121.594430991,1,0,0.01
1773593122.615836174,0,0,1.23
1773593122.615836174,1,0,0.01
1773593123.637515586,0,0,1.23
1773593123.637515586,1,0,0.01
1773593124.659244273,0,0,1.23
1773593124.659244273,1,0,0.01
1773593125.681341387,0,36,1.23
1773593125.681341387,1,0,0.01
1773593126.701628745,0,32,1.23
1773593126.701628745,1,0,0.01
1773593127.722748843,0,31,1.23
1773593127.722748843,1,0,0.01
1773593128.742401942,0,31,1.23
1773593128.742401942,1,0,0.01
1773593129.762784663,0,0,1.23
1773593129.762784663,1,0,0.01
1773593130.784457485,0,0,1.23
1773593130.784457485,1,0,0.01
1773593131.804780989,0,0,1.23
1773593131.804780989,1,0,0.01
1773593132.826755980,0,0,1.23
1773593132.826755980,1,0,0.01
1773593133.847130662,0,0,1.23
1773593133.847130662,1,0,0.01
1773593134.869218103,0,0,1.23
1773593134.869218103,1,0,0.01
1773593135.890342601,0,0,1.23
1773593135.890342601,1,0,0.01
1773593136.911659518,0,0,1.23
1773593136.911659518,1,0,0.01
1773593137.933425070,0,0,1.23
1773593137.933425070,1,0,0.01
1773593138.954929990,0,0,1.23
1773593138.954929990,1,0,0.01
1773593139.976018144,0,0,1.23
1773593139.976018144,1,0,0.01
1773593140.996409304,0,0,1.23
1773593140.996409304,1,0,0.01
1773593142.017897684,0,0,1.23
1773593142.017897684,1,0,0.01
1773593143.039239024,0,0,1.23
1773593143.039239024,1,0,0.01
1773593144.060199801,0,0,1.23
1773593144.060199801,1,0,0.01
1773593145.080752722,0,0,1.23
1773593145.080752722,1,0,0.01
1773593146.101466417,0,0,1.23
1773593146.101466417,1,0,0.01
1773593147.121624957,0,0,1.23
1773593147.121624957,1,0,0.01
1773593148.141733481,0,0,1.23
1773593148.141733481,1,0,0.01
1773593149.163631300,0,31,1.23
1773593149.163631300,1,0,0.01
1773593150.184661132,0,31,1.23
1773593150.184661132,1,0,0.01
1773593151.206544165,0,35,1.23
1773593151.206544165,1,0,0.01
1773593152.227124342,0,23,1.23
1773593152.227124342,1,0,0.01
1773593153.248582606,0,0,1.23
1773593153.248582606,1,0,0.01
1773593154.269520505,0,0,1.23
1773593154.269520505,1,0,0.01
1773593155.291186837,0,0,1.23
1773593155.291186837,1,0,0.01
1773593156.311447842,0,0,1.23
1773593156.311447842,1,0,0.01
1773593157.333085707,0,0,1.23
1773593157.333085707,1,0,0.01
1773593158.354723442,0,0,1.23
1773593158.354723442,1,0,0.01
1773593159.376379020,0,0,1.23
1773593159.376379020,1,0,0.01
1773593160.397923521,0,0,1.23
1773593160.397923521,1,0,0.01
1773593161.419282876,0,0,1.23
1773593161.419282876,1,0,0.01
1773593162.440415811,0,0,1.23
1773593162.440415811,1,0,0.01
1773593163.461059470,0,0,1.23
1773593163.461059470,1,0,0.01
1773593164.481007386,0,37,1.23
1773593164.481007386,1,0,0.01
1773593165.503110892,0,37,1.23
1773593165.503110892,1,0,0.01
1773593166.524551325,0,37,1.23
1773593166.524551325,1,0,0.01
1773593167.546287564,0,33,1.23
1773593167.546287564,1,0,0.01
1773593168.567319609,0,0,1.23
1773593168.567319609,1,0,0.01
1773593169.588513646,0,0,1.23
1773593169.588513646,1,0,0.01
1773593170.609544533,0,0,1.23
1773593170.609544533,1,0,0.01
1773593171.630924856,0,0,1.23
1773593171.630924856,1,0,0.01
1773593172.652686464,0,0,1.23
1773593172.652686464,1,0,0.01
1773593173.673111795,0,0,1.23
1773593173.673111795,1,0,0.01
1773593174.693385288,0,36,1.23
1773593174.693385288,1,0,0.01
1773593175.714496422,0,36,1.23
1773593175.714496422,1,0,0.01
1773593176.735756836,0,36,1.23
1773593176.735756836,1,0,0.01
1773593177.757595626,0,0,1.23
1773593177.757595626,1,0,0.01
1773593178.778575466,0,0,1.23
1773593178.778575466,1,0,0.01
1773593179.799289995,0,0,1.23
1773593179.799289995,1,0,0.01
1773593180.820752656,0,0,1.23
1773593180.820752656,1,0,0.01
1773593181.841714708,0,17,1.23
1773593181.841714708,1,0,0.01
1773593182.863056218,0,35,1.23
1773593182.863056218,1,0,0.01
1773593183.883922954,0,34,1.23
1773593183.883922954,1,0,0.01
1773593184.904647996,0,36,1.23
1773593184.904647996,1,0,0.01
1773593185.925590895,0,0,1.23
1773593185.925590895,1,0,0.01
1773593186.946856522,0,0,1.23
1773593186.946856522,1,0,0.01
1773593187.968659951,0,0,1.23
1773593187.968659951,1,0,0.01
1773593188.989698230,0,0,1.23
1773593188.989698230,1,0,0.01
1773593190.011595713,0,0,1.23
1773593190.011595713,1,0,0.01
1773593191.032303405,0,0,1.23
1773593191.032303405,1,0,0.01
1773593192.051777479,0,0,1.23
1773593192.051777479,1,0,0.01
1773593193.073897352,0,0,1.23
1773593193.073897352,1,0,0.01
1773593194.096490650,0,0,1.23
1773593194.096490650,1,0,0.01
1773593195.118391720,0,0,1.23
1773593195.118391720,1,0,0.01
1773593196.139644082,0,0,1.23
1773593196.139644082,1,0,0.01
1773593197.161298241,0,0,1.23
1773593197.161298241,1,0,0.01
1773593198.181840974,0,0,1.23
1773593198.181840974,1,0,0.01
1773593199.203296962,0,35,1.23
1773593199.203296962,1,0,0.01
1773593200.224268715,0,31,1.23
1773593200.224268715,1,0,0.01
1773593201.246397028,0,35,1.23
1773593201.246397028,1,0,0.01
1773593202.267645718,0,35,1.23
1773593202.267645718,1,0,0.01
1773593203.289368208,0,0,1.23
1773593203.289368208,1,0,0.01
1773593204.310352583,0,0,1.23
1773593204.310352583,1,0,0.01
1773593205.331857386,0,0,1.23
1773593205.331857386,1,0,0.01
1773593206.353213391,0,0,1.23
1773593206.353213391,1,0,0.01
1773593207.374820798,0,35,1.23
1773593207.374820798,1,0,0.01
1773593208.396846284,0,36,1.23
1773593208.396846284,1,0,0.01
1773593209.418689688,0,33,1.23
1773593209.418689688,1,0,0.01
1773593210.439801840,0,33,1.23
1773593210.439801840,1,0,0.01
1773593211.461227810,0,0,1.23
1773593211.461227810,1,0,0.01
1773593212.481833900,0,0,1.23
1773593212.481833900,1,0,0.01
1773593213.503792781,0,0,1.23
1773593213.503792781,1,0,0.01
1773593214.525527085,0,0,1.23
1773593214.525527085,1,0,0.01
1773593215.546546258,0,33,1.23
1773593215.546546258,1,0,0.01
1773593216.568420718,0,33,1.23
1773593216.568420718,1,0,0.01
1773593217.589258522,0,33,1.23
1773593217.589258522,1,0,0.01
1773593218.609413531,0,33,1.23
1773593218.609413531,1,0,0.01
1773593219.631197573,0,0,1.23
1773593219.631197573,1,0,0.01
1773593220.652377531,0,0,1.23
1773593220.652377531,1,0,0.01
1773593221.674384625,0,0,1.23
1773593221.674384625,1,0,0.01
1773593222.695761385,0,0,1.23
1773593222.695761385,1,0,0.01
1773593223.716999223,0,0,1.23
1773593223.716999223,1,0,0.01
1773593224.738340688,0,0,1.23
1773593224.738340688,1,0,0.01
1773593225.759551548,0,0,1.23
1773593225.759551548,1,0,0.01
1773593226.780661400,0,31,1.23
1773593226.780661400,1,0,0.01
1773593227.801522398,0,31,1.23
1773593227.801522398,1,0,0.01
1773593228.821899934,0,31,1.23
1773593228.821899934,1,0,0.01
1773593229.841542570,0,31,1.23
1773593229.841542570,1,0,0.01
1773593230.861334288,0,0,1.23
1773593230.861334288,1,0,0.01
1773593231.880792094,0,0,1.23
1773593231.880792094,1,0,0.01
1773593232.901912214,0,0,1.23
1773593232.901912214,1,0,0.01
1773593233.923360078,0,0,1.23
1773593233.923360078,1,0,0.01
1773593234.945483615,0,0,1.23
1773593234.945483615,1,0,0.01
1773593235.967427339,0,0,1.23
1773593235.967427339,1,0,0.01
1773593236.988625101,0,0,1.23
1773593236.988625101,1,0,0.01
1773593238.009803897,0,0,1.23
1773593238.009803897,1,0,0.01
1773593239.032416482,0,0,1.23
1773593239.032416482,1,0,0.01
1773593240.054108387,0,0,1.23
1773593240.054108387,1,0,0.01
1773593241.075524365,0,0,1.23
1773593241.075524365,1,0,0.01
1773593242.096482130,0,0,1.23
1773593242.096482130,1,0,0.01
1773593243.117660019,0,0,1.23
1773593243.117660019,1,0,0.01
1773593244.138464642,0,33,1.23
1773593244.138464642,1,0,0.01
1773593245.159164496,0,37,1.23
1773593245.159164496,1,0,0.01
1773593246.179933500,0,37,1.23
1773593246.179933500,1,0,0.01
1773593247.199353060,0,37,1.23
1773593247.199353060,1,0,0.01
1773593248.219104032,0,0,1.23
1773593248.219104032,1,0,0.01
1773593249.239717801,0,0,1.23
1773593249.239717801,1,0,0.01
1773593250.260620244,0,34,1.23
1773593250.260620244,1,0,0.01
1773593251.282141635,0,35,1.23
1773593251.282141635,1,0,0.01
1773593252.303815219,0,34,1.23
1773593252.303815219,1,0,0.01
1773593253.324701363,0,35,1.23
1773593253.324701363,1,0,0.01
1773593254.345554148,0,0,1.23
1773593254.345554148,1,0,0.01
1773593255.366556950,0,0,1.23
1773593255.366556950,1,0,0.01
1773593256.388459688,0,0,1.23
1773593256.388459688,1,0,0.01
1773593257.409799375,0,0,1.23
1773593257.409799375,1,0,0.01
1773593258.430479894,0,0,1.23
1773593258.430479894,1,0,0.01
1773593259.450338329,0,0,1.23
1773593259.450338329,1,0,0.01
1773593260.471780388,0,0,1.23
1773593260.471780388,1,0,0.01
1773593261.492562417,0,0,1.23
1773593261.492562417,1,0,0.01
1773593262.512082501,0,0,1.23
1773593262.512082501,1,0,0.01
1773593263.531623996,0,0,1.23
1773593263.531623996,1,0,0.01
1773593264.551889045,0,0,1.23
1773593264.551889045,1,0,0.01
1773593265.573785633,0,0,1.23
1773593265.573785633,1,0,0.01
1773593266.595468594,0,0,1.23
1773593266.595468594,1,0,0.01
1773593267.615178668,0,0,1.23
1773593267.615178668,1,0,0.01
1773593268.637150253,0,0,1.23
1773593268.637150253,1,0,0.01
1773593269.657833429,0,0,1.23
1773593269.657833429,1,0,0.01
1773593270.679771714,0,33,1.23
1773593270.679771714,1,0,0.01
1773593271.701100713,0,32,1.23
1773593271.701100713,1,0,0.01
1773593272.722699092,0,31,1.23
1773593272.722699092,1,0,0.01
1773593273.743913497,0,0,1.23
1773593273.743913497,1,0,0.01
1773593274.765542294,0,0,1.23
1773593274.765542294,1,0,0.01
1773593275.787274750,0,12,1.23
1773593275.787274750,1,0,0.01
1773593276.808218043,0,35,1.23
1773593276.808218043,1,0,0.01
1773593277.829872774,0,35,1.23
1773593277.829872774,1,0,0.01
1773593278.851307227,0,35,1.23
1773593278.851307227,1,0,0.01
1773593279.872855589,0,0,1.23
1773593279.872855589,1,0,0.01
1773593280.892859306,0,0,1.23
1773593280.892859306,1,0,0.01
1773593281.912809612,0,0,1.23
1773593281.912809612,1,0,0.01
1773593282.933335201,0,0,1.23
1773593282.933335201,1,0,0.01
1773593283.953947816,0,36,1.23
1773593283.953947816,1,0,0.01
1773593284.975246731,0,36,1.23
1773593284.975246731,1,0,0.01
1773593285.996974206,0,36,1.23
1773593285.996974206,1,0,0.01
1773593287.016834688,0,28,1.23
1773593287.016834688,1,0,0.01
1773593288.036282568,0,0,1.23
1773593288.036282568,1,0,0.01
1773593289.058281436,0,0,1.23
1773593289.058281436,1,0,0.01
1773593290.078111946,0,0,1.23
1773593290.078111946,1,0,0.01
1773593291.097448762,0,0,1.23
1773593291.097448762,1,0,0.01
1773593292.118234598,0,0,1.23
1773593292.118234598,1,0,0.01
1773593293.137542335,0,0,1.23
1773593293.137542335,1,0,0.01
1773593294.158066241,0,0,1.23
1773593294.158066241,1,0,0.01
1773593295.177988489,0,0,1.23
1773593295.177988489,1,0,0.01
1773593296.200321819,0,0,1.23
1773593296.200321819,1,0,0.01
1773593297.220917199,0,0,1.23
1773593297.220917199,1,0,0.01
1773593298.240971008,0,0,1.23
1773593298.240971008,1,0,0.01
1773593299.262013163,0,0,1.23
1773593299.262013163,1,0,0.01
1773593300.283487669,0,0,1.23
1773593300.283487669,1,0,0.01
1773593301.304977870,0,0,1.23
1773593301.304977870,1,0,0.01
1773593302.327359943,0,0,1.23
1773593302.327359943,1,0,0.01
1773593303.348361368,0,0,1.23
1773593303.348361368,1,0,0.01
1773593304.370170456,0,0,1.23
1773593304.370170456,1,0,0.01
1773593305.391861265,0,0,1.23
1773593305.391861265,1,0,0.01
1773593306.413802017,0,0,1.23
1773593306.413802017,1,0,0.01
1773593307.435957697,0,0,1.23
1773593307.435957697,1,0,0.01
1773593308.455554353,0,0,1.23
1773593308.455554353,1,0,0.01
1773593309.475451899,0,0,1.23
1773593309.475451899,1,0,0.01
1773593310.495335042,0,0,1.23
1773593310.495335042,1,0,0.01
1773593311.516938135,0,0,1.23
1773593311.516938135,1,0,0.01
1773593312.538284836,0,0,1.23
1773593312.538284836,1,0,0.01
1773593313.559473105,0,0,1.23
1773593313.559473105,1,0,0.01
1773593314.580004877,0,37,1.23
1773593314.580004877,1,0,0.01
1773593315.601990092,0,37,1.23
1773593315.601990092,1,0,0.01
1773593316.623768224,0,36,1.23
1773593316.623768224,1,0,0.01
1773593317.645103692,0,5,1.23
1773593317.645103692,1,0,0.01
1773593318.667059344,0,0,1.23
1773593318.667059344,1,0,0.01
1773593319.688460543,0,0,1.23
1773593319.688460543,1,0,0.01
1773593320.709452614,0,0,1.23
1773593320.709452614,1,0,0.01
1773593321.731090124,0,0,1.23
1773593321.731090124,1,0,0.01
1773593322.752414654,0,0,1.23
1773593322.752414654,1,0,0.01
1773593323.773664182,0,0,1.23
1773593323.773664182,1,0,0.01
1773593324.795540550,0,31,1.23
1773593324.795540550,1,0,0.01
1773593325.815930160,0,31,1.23
1773593325.815930160,1,0,0.01
1773593326.835766145,0,31,1.23
1773593326.835766145,1,0,0.01
1773593327.857033940,0,31,1.23
1773593327.857033940,1,0,0.01
1773593328.877851876,0,0,1.23
1773593328.877851876,1,0,0.01
1773593329.899558295,0,0,1.23
1773593329.899558295,1,0,0.01
1773593330.920735246,0,0,1.23
1773593330.920735246,1,0,0.01
1773593331.941892445,0,0,1.23
1773593331.941892445,1,0,0.01
1773593332.962771867,0,0,1.23
1773593332.962771867,1,0,0.01
1773593333.984171094,0,0,1.23
1773593333.984171094,1,0,0.01
1773593335.004797847,0,0,1.23
1773593335.004797847,1,0,0.01
1773593336.025988382,0,0,1.23
1773593336.025988382,1,0,0.01
1773593337.046228913,0,0,1.23
1773593337.046228913,1,0,0.01
1773593338.068202729,0,0,1.23
1773593338.068202729,1,0,0.01
1773593339.089417692,0,0,1.23
1773593339.089417692,1,0,0.01
1773593340.111738441,0,0,1.23
1773593340.111738441,1,0,0.01
1773593341.133613699,0,0,1.23
1773593341.133613699,1,0,0.01
1773593342.155172962,0,0,1.23
1773593342.155172962,1,0,0.01
1773593343.176732122,0,0,1.23
1773593343.176732122,1,0,0.01
1773593344.197830125,0,32,1.23
1773593344.197830125,1,0,0.01
1773593345.219902349,0,36,1.23
1773593345.219902349,1,0,0.01
1773593346.241160859,0,36,1.23
1773593346.241160859,1,0,0.01
1773593347.263183379,0,35,1.23
1773593347.263183379,1,0,0.01
1773593348.282945707,0,0,1.23
1773593348.282945707,1,0,0.01
1773593349.303704300,0,0,1.23
1773593349.303704300,1,0,0.01
1773593350.324990972,0,0,1.23
1773593350.324990972,1,0,0.01
1773593351.346491750,0,0,1.23
1773593351.346491750,1,0,0.01
1773593352.368175256,0,0,1.23
1773593352.368175256,1,0,0.01
1773593353.390175623,0,35,1.23
1773593353.390175623,1,0,0.01
1773593354.411125168,0,35,1.23
1773593354.411125168,1,0,0.01
1773593355.431870252,0,34,1.23
1773593355.431870252,1,0,0.01
1773593356.451404171,0,0,1.23
1773593356.451404171,1,0,0.01
1773593357.473842444,0,0,1.23
1773593357.473842444,1,0,0.01
1773593358.495483880,0,0,1.23
1773593358.495483880,1,0,0.01
1773593359.516791846,0,0,1.23
1773593359.516791846,1,0,0.01
1773593360.538379288,0,0,1.23
1773593360.538379288,1,0,0.01
1773593361.559537692,0,0,1.23
1773593361.559537692,1,0,0.01
1773593362.580399448,0,37,1.23
1773593362.580399448,1,0,0.01
1773593363.601549044,0,37,1.23
1773593363.601549044,1,0,0.01
1773593364.623253984,0,37,1.23
1773593364.623253984,1,0,0.01
1773593365.643822163,0,0,1.23
1773593365.643822163,1,0,0.01
1773593366.664168204,0,0,1.23
1773593366.664168204,1,0,0.01
1773593367.685006940,0,0,1.23
1773593367.685006940,1,0,0.01
1773593368.706398274,0,0,1.23
1773593368.706398274,1,0,0.01
1773593369.727579449,0,0,1.23
1773593369.727579449,1,0,0.01
1773593370.748410636,0,35,1.23
1773593370.748410636,1,0,0.01
1773593371.769557448,0,34,1.23
1773593371.769557448,1,0,0.01
1773593372.790006188,0,35,1.23
1773593372.790006188,1,0,0.01
1773593373.811010806,0,35,1.23
1773593373.811010806,1,0,0.01
1773593374.830760107,0,0,1.23
1773593374.830760107,1,0,0.01
1773593375.852702229,0,11,1.23
1773593375.852702229,1,0,0.01
1773593376.874856763,0,31,1.23
1773593376.874856763,1,0,0.01
1773593377.894925316,0,31,1.23
1773593377.894925316,1,0,0.01
1773593378.916252411,0,31,1.23
1773593378.916252411,1,0,0.01
1773593379.937583532,0,25,1.23
1773593379.937583532,1,0,0.01
1773593380.961581306,0,0,1.23
1773593380.961581306,1,0,0.01
1773593381.982869021,0,0,1.23
1773593381.982869021,1,0,0.01
1773593383.004351751,0,0,1.23
1773593383.004351751,1,0,0.01
1773593384.025239146,0,0,1.23
1773593384.025239146,1,0,0.01
1773593385.046586206,0,0,1.23
1773593385.046586206,1,0,0.01
1773593386.068395835,0,0,1.23
1773593386.068395835,1,0,0.01
1773593387.088066008,0,0,1.23
1773593387.088066008,1,0,0.01
1773593388.108375173,0,0,1.23
1773593388.108375173,1,0,0.01
1773593389.128558998,0,0,1.23
1773593389.128558998,1,0,0.01
1773593390.150725310,0,0,1.23
1773593390.150725310,1,0,0.01
1773593391.170693871,0,0,1.23
1773593391.170693871,1,0,0.01
1773593392.191897934,0,0,1.23
1773593392.191897934,1,0,0.01
1773593393.212443612,0,10,1.23
1773593393.212443612,1,0,0.01
1773593394.232528629,0,35,1.23
1773593394.232528629,1,0,0.01
1773593395.253716936,0,35,1.23
1773593395.253716936,1,0,0.01
1773593396.273170024,0,35,1.23
1773593396.273170024,1,0,0.01
1773593397.293022718,0,0,1.23
1773593397.293022718,1,0,0.01
1773593398.313923405,0,0,1.23
1773593398.313923405,1,0,0.01
1773593399.335648687,0,0,1.23
1773593399.335648687,1,0,0.01
1773593400.356967103,0,0,1.23
1773593400.356967103,1,0,0.01
1773593401.377607651,0,0,1.23
1773593401.377607651,1,0,0.01
1773593402.397655955,0,0,1.23
1773593402.397655955,1,0,0.01
1773593403.418567226,0,0,1.23
1773593403.418567226,1,0,0.01
1773593404.444342831,0,0,1.23
1773593404.444342831,1,0,0.01
1773593405.464429267,0,0,1.23
1773593405.464429267,1,0,0.01
1773593406.485120002,0,0,1.23
1773593406.485120002,1,0,0.01
1773593407.506816746,0,0,1.23
1773593407.506816746,1,0,0.01
1773593408.527885278,0,35,1.23
1773593408.527885278,1,0,0.01
1773593409.549054548,0,36,1.23
1773593409.549054548,1,0,0.01
1773593410.570443499,0,33,1.23
1773593410.570443499,1,0,0.01
1773593411.591406388,0,33,1.23
1773593411.591406388,1,0,0.01
1773593412.612727409,0,0,1.23
1773593412.612727409,1,0,0.01
1773593413.634148352,0,0,1.23
1773593413.634148352,1,0,0.01
1773593414.655291694,0,0,1.23
1773593414.655291694,1,0,0.01
1773593415.676955158,0,30,1.23
1773593415.676955158,1,0,0.01
1773593416.696589671,0,30,1.23
1773593416.696589671,1,0,0.01
1773593417.715948855,0,31,1.23
1773593417.715948855,1,0,0.01
1773593418.737930724,0,31,1.23
1773593418.737930724,1,0,0.01
1773593419.760969289,0,0,1.23
1773593419.760969289,1,0,0.01
1773593420.782112235,0,0,1.23
1773593420.782112235,1,0,0.01
1773593421.804228705,0,0,1.23
1773593421.804228705,1,0,0.01
1773593422.824207278,0,0,1.23
1773593422.824207278,1,0,0.01
1773593423.845287737,0,0,1.23
1773593423.845287737,1,0,0.01
1773593424.866343077,0,0,1.23
1773593424.866343077,1,0,0.01
1773593425.887824520,0,0,1.23
1773593425.887824520,1,0,0.01
1773593426.909303813,0,0,1.23
1773593426.909303813,1,0,0.01
1773593427.930164800,0,0,1.23
1773593427.930164800,1,0,0.01
1773593428.951155725,0,0,1.23
1773593428.951155725,1,0,0.01
1773593429.972375776,0,37,1.23
1773593429.972375776,1,0,0.01
1773593430.994032250,0,36,1.23
1773593430.994032250,1,0,0.01
1773593432.013831251,0,36,1.23
1773593432.013831251,1,0,0.01
1773593433.034195080,0,0,1.23
1773593433.034195080,1,0,0.01
1773593434.056137492,0,0,1.23
1773593434.056137492,1,0,0.01
1773593435.077737234,0,0,1.23
1773593435.077737234,1,0,0.01
1773593436.098795186,0,0,1.23
1773593436.098795186,1,0,0.01
1773593437.120149676,0,0,1.23
1773593437.120149676,1,0,0.01
1773593438.141294416,0,0,1.23
1773593438.141294416,1,0,0.01
1773593439.162472156,0,0,1.23
1773593439.162472156,1,0,0.01
1773593440.183337945,0,0,1.23
1773593440.183337945,1,0,0.01
1773593441.204730574,0,0,1.23
1773593441.204730574,1,0,0.01
1773593442.225904422,0,0,1.23
1773593442.225904422,1,0,0.01
1773593443.248132609,0,0,1.23
1773593443.248132609,1,0,0.01
1773593444.269452512,0,0,1.23
1773593444.269452512,1,0,0.01
1773593445.291379715,0,0,1.23
1773593445.291379715,1,0,0.01
1773593446.312332278,0,36,1.23
1773593446.312332278,1,0,0.01
1773593447.333183320,0,37,1.23
1773593447.333183320,1,0,0.01
1773593448.352591693,0,36,1.23
1773593448.352591693,1,0,0.01
1773593449.372233645,0,36,1.23
1773593449.372233645,1,0,0.01
1773593450.391822885,0,0,1.23
1773593450.391822885,1,0,0.01
1773593451.411914214,0,0,1.23
1773593451.411914214,1,0,0.01
1773593452.431489478,0,0,1.23
1773593452.431489478,1,0,0.01
1773593453.451715714,0,0,1.23
1773593453.451715714,1,0,0.01
1773593454.471313159,0,0,1.23
1773593454.471313159,1,0,0.01
1773593455.492964775,0,0,1.23
1773593455.492964775,1,0,0.01
1773593456.513432652,0,0,1.23
1773593456.513432652,1,0,0.01
1773593457.533616012,0,0,1.23
1773593457.533616012,1,0,0.01
1773593458.555034060,0,0,1.23
1773593458.555034060,1,0,0.01
1773593459.576290538,0,0,1.23
1773593459.576290538,1,0,0.01
1773593460.598471466,0,0,1.23
1773593460.598471466,1,0,0.01
1773593461.619477097,0,35,1.23
1773593461.619477097,1,0,0.01
1773593462.640289661,0,35,1.23
1773593462.640289661,1,0,0.01
1773593463.660737556,0,35,1.23
1773593463.660737556,1,0,0.01
1773593464.681028407,0,35,1.23
1773593464.681028407,1,0,0.01
1773593465.701119244,0,0,1.23
1773593465.701119244,1,0,0.01
1773593466.721765640,0,0,1.23
1773593466.721765640,1,0,0.01
1773593467.743736218,0,35,1.23
1773593467.743736218,1,0,0.01
1773593468.765003092,0,35,1.23
1773593468.765003092,1,0,0.01
1773593469.786397346,0,35,1.23
1773593469.786397346,1,0,0.01
1773593470.808832380,0,21,1.23
1773593470.808832380,1,0,0.01
1773593471.829532912,0,0,1.23
1773593471.829532912,1,0,0.01
1773593472.850582474,0,0,1.23
1773593472.850582474,1,0,0.01
1773593473.871403542,0,0,1.23
1773593473.871403542,1,0,0.01
1773593474.892707495,0,0,1.23
1773593474.892707495,1,0,0.01
1773593475.913874149,0,0,1.23
1773593475.913874149,1,0,0.01
1773593476.933496794,0,15,1.23
1773593476.933496794,1,0,0.01
1773593477.954661397,0,37,1.23
1773593477.954661397,1,0,0.01
1773593478.974325084,0,36,1.23
1773593478.974325084,1,0,0.01
1773593479.995839413,0,32,1.23
1773593479.995839413,1,0,0.01
1773593481.017743753,0,0,1.23
1773593481.017743753,1,0,0.01
1773593482.038141670,0,0,1.23
1773593482.038141670,1,0,0.01
1773593483.059532600,0,0,1.23
1773593483.059532600,1,0,0.01
1773593484.081030070,0,0,1.23
1773593484.081030070,1,0,0.01
1773593485.102512878,0,0,1.23
1773593485.102512878,1,0,0.01
1773593486.123888716,0,0,1.23
1773593486.123888716,1,0,0.01
1773593487.144908530,0,0,1.23
1773593487.144908530,1,0,0.01
1773593488.164909633,0,0,1.23
1773593488.164909633,1,0,0.01
1773593489.184280769,0,31,1.23
1773593489.184280769,1,0,0.01
1773593490.203749067,0,31,1.23
1773593490.203749067,1,0,0.01
1773593491.224232229,0,31,1.23
1773593491.224232229,1,0,0.01
1773593492.246057770,0,30,1.23
1773593492.246057770,1,0,0.01
1773593493.267752309,0,0,1.23
1773593493.267752309,1,0,0.01
1773593494.288862382,0,0,1.23
1773593494.288862382,1,0,0.01
1773593495.310144148,0,0,1.23
1773593495.310144148,1,0,0.01
1773593496.330031675,0,0,1.23
1773593496.330031675,1,0,0.01
1773593497.352150175,0,0,1.23
1773593497.352150175,1,0,0.01
1773593498.373824883,0,0,1.23
1773593498.373824883,1,0,0.01
1773593499.395715225,0,0,1.23
1773593499.395715225,1,0,0.01
1773593500.417221924,0,0,1.23
1773593500.417221924,1,0,0.01
1773593501.439219226,0,33,1.23
1773593501.439219226,1,0,0.01
1773593502.460190580,0,36,1.23
1773593502.460190580,1,0,0.01
1773593503.481161367,0,36,1.23
1773593503.481161367,1,0,0.01
1773593504.503546504,0,0,1.23
1773593504.503546504,1,0,0.01
1773593505.525208221,0,0,1.23
1773593505.525208221,1,0,0.01
1773593506.546283377,0,0,1.23
1773593506.546283377,1,0,0.01
1773593507.567590450,0,0,1.23
1773593507.567590450,1,0,0.01
1773593508.588821629,0,0,1.23
1773593508.588821629,1,0,0.01
1773593509.609789241,0,0,1.23
1773593509.609789241,1,0,0.01
1773593510.629640533,0,0,1.23
1773593510.629640533,1,0,0.01
1773593511.651464796,0,0,1.23
1773593511.651464796,1,0,0.01
1773593512.672418308,0,0,1.23
1773593512.672418308,1,0,0.01
1773593513.693740777,0,0,1.23
1773593513.693740777,1,0,0.01
1773593514.715402662,0,35,1.23
1773593514.715402662,1,0,0.01
1773593515.736351919,0,31,1.23
1773593515.736351919,1,0,0.01
1773593516.757287058,0,31,1.23
1773593516.757287058,1,0,0.01
1773593517.776999258,0,35,1.23
1773593517.776999258,1,0,0.01
1773593518.798429941,0,0,1.23
1773593518.798429941,1,0,0.01
1773593519.818259137,0,0,1.23
1773593519.818259137,1,0,0.01
1773593520.839215829,0,0,1.23
1773593520.839215829,1,0,0.01
1773593521.861318582,0,0,1.23
1773593521.861318582,1,0,0.01
1773593522.882984078,0,0,1.23
1773593522.882984078,1,0,0.01
1773593523.904501243,0,0,1.23
1773593523.904501243,1,0,0.01
1773593524.925708863,0,37,1.23
1773593524.925708863,1,0,0.01
1773593525.946954854,0,37,1.23
1773593525.946954854,1,0,0.01
1773593526.967998384,0,37,1.23
1773593526.967998384,1,0,0.01
1773593527.990086952,0,0,1.23
1773593527.990086952,1,0,0.01
1773593529.012794170,0,0,1.23
1773593529.012794170,1,0,0.01
1773593530.033861390,0,0,1.23
1773593530.033861390,1,0,0.01
1773593531.054232451,0,0,1.23
1773593531.054232451,1,0,0.01
1773593532.074201341,0,0,1.23
1773593532.074201341,1,0,0.01
1773593533.095937723,0,0,1.23
1773593533.095937723,1,0,0.01
1773593534.116809546,0,0,1.23
1773593534.116809546,1,0,0.01
1773593535.138162679,0,35,1.23
1773593535.138162679,1,0,0.01
1773593536.159527750,0,35,1.23
1773593536.159527750,1,0,0.01
1773593537.178808858,0,35,1.23
1773593537.178808858,1,0,0.01
1773593538.200853976,0,31,1.23
1773593538.200853976,1,0,0.01
1773593539.222538355,0,0,1.23
1773593539.222538355,1,0,0.01
1773593540.242824095,0,0,1.23
1773593540.242824095,1,0,0.01
1773593541.263866187,0,0,1.23
1773593541.263866187,1,0,0.01
1773593542.284976260,0,0,1.23
1773593542.284976260,1,0,0.01
1773593543.306454372,0,0,1.23
1773593543.306454372,1,0,0.01
1773593544.328495648,0,0,1.23
1773593544.328495648,1,0,0.01
1773593545.349704449,0,0,1.23
1773593545.349704449,1,0,0.01
1773593546.370954098,0,0,1.23
1773593546.370954098,1,0,0.01
1773593547.392738387,0,0,1.23
1773593547.392738387,1,0,0.01
1773593548.414998695,0,0,1.23
1773593548.414998695,1,0,0.01
1773593549.436094787,0,33,1.23
1773593549.436094787,1,0,0.01
1773593550.457489760,0,33,1.23
1773593550.457489760,1,0,0.01
1773593551.479627412,0,33,1.23
1773593551.479627412,1,0,0.01
1773593552.500630767,0,33,1.23
1773593552.500630767,1,0,0.01
1773593553.521643792,0,0,1.23
1773593553.521643792,1,0,0.01
1773593554.542772607,0,0,1.23
1773593554.542772607,1,0,0.01
1773593555.563585986,0,0,1.23
1773593555.563585986,1,0,0.01
1773593556.585538035,0,0,1.23
1773593556.585538035,1,0,0.01
1773593557.607273277,0,0,1.23
1773593557.607273277,1,0,0.01
1773593558.628377552,0,0,1.23
1773593558.628377552,1,0,0.01
1773593559.647905489,0,0,1.23
1773593559.647905489,1,0,0.01
1773593560.669716483,0,0,1.23
1773593560.669716483,1,0,0.01
1773593561.690709713,0,0,1.23
1773593561.690709713,1,0,0.01
1773593562.712116064,0,0,1.23
1773593562.712116064,1,0,0.01
1773593563.733772987,0,0,1.23
1773593563.733772987,1,0,0.01
1773593564.755127358,0,0,1.23
1773593564.755127358,1,0,0.01
1773593565.776302929,0,0,1.23
1773593565.776302929,1,0,0.01
1773593566.797791433,0,0,1.23
1773593566.797791433,1,0,0.01
1773593567.819496652,0,0,1.23
1773593567.819496652,1,0,0.01
1773593568.840890315,0,0,1.23
1773593568.840890315,1,0,0.01
1773593569.860862517,0,0,1.23
1773593569.860862517,1,0,0.01
1773593570.882817028,0,0,1.23
1773593570.882817028,1,0,0.01
1773593571.904012000,0,0,1.23
1773593571.904012000,1,0,0.01
1773593572.926154165,0,33,1.23
1773593572.926154165,1,0,0.01
1773593573.948237767,0,33,1.23
1773593573.948237767,1,0,0.01
1773593574.968974581,0,33,1.23
1773593574.968974581,1,0,0.01
1773593575.990197903,0,33,1.23
1773593575.990197903,1,0,0.01
1773593577.010707244,0,0,1.23
1773593577.010707244,1,0,0.01
1773593578.032147317,0,0,1.23
1773593578.032147317,1,0,0.01
1773593579.054015893,0,0,1.23
1773593579.054015893,1,0,0.01
1773593580.075845334,0,0,1.23
1773593580.075845334,1,0,0.01
1773593581.096707362,0,0,1.23
1773593581.096707362,1,0,0.01
1773593582.118802764,0,0,1.23
1773593582.118802764,1,0,0.01
1773593583.140927913,0,31,1.23
1773593583.140927913,1,0,0.01
1773593584.160922905,0,31,1.23
1773593584.160922905,1,0,0.01
1773593585.182252449,0,31,1.23
1773593585.182252449,1,0,0.01
1773593586.203692161,0,31,1.23
1773593586.203692161,1,0,0.01
1773593587.225078145,0,0,1.23
1773593587.225078145,1,0,0.01
1773593588.246425206,0,0,1.23
1773593588.246425206,1,0,0.01
1773593589.267647415,0,0,1.23
1773593589.267647415,1,0,0.01
1773593590.288805661,0,0,1.23
1773593590.288805661,1,0,0.01
1773593591.310589527,0,0,1.23
1773593591.310589527,1,0,0.01
1773593592.332699189,0,0,1.23
1773593592.332699189,1,0,0.01
1773593593.353526044,0,0,1.23
1773593593.353526044,1,0,0.01
1773593594.375705599,0,0,1.23
1773593594.375705599,1,0,0.01
1773593595.396785166,0,0,1.23
1773593595.396785166,1,0,0.01
1773593596.417949593,0,0,1.23
1773593596.417949593,1,0,0.01
1773593597.439651549,0,0,1.23
1773593597.439651549,1,0,0.01
1773593598.461147919,0,0,1.23
1773593598.461147919,1,0,0.01
1773593599.482288753,0,0,1.23
1773593599.482288753,1,0,0.01
1773593600.503688499,0,33,1.23
1773593600.503688499,1,0,0.01
1773593601.525612058,0,33,1.23
1773593601.525612058,1,0,0.01
1773593602.547850853,0,33,1.23
1773593602.547850853,1,0,0.01
1773593603.569864226,0,34,1.23
1773593603.569864226,1,0,0.01
1773593604.591923472,0,0,1.23
1773593604.591923472,1,0,0.01
1773593605.613938946,0,0,1.23
1773593605.613938946,1,0,0.01
1773593606.634224454,0,0,1.23
1773593606.634224454,1,0,0.01
1773593607.656234415,0,0,1.23
1773593607.656234415,1,0,0.01
1773593608.678000935,0,0,1.23
1773593608.678000935,1,0,0.01
1773593609.698955585,0,0,1.23
1773593609.698955585,1,0,0.01
1773593610.719713848,0,0,1.23
1773593610.719713848,1,0,0.01
1773593611.741965847,0,0,1.23
1773593611.741965847,1,0,0.01
1773593612.763236799,0,0,1.23
1773593612.763236799,1,0,0.01
1773593613.785226714,0,0,1.23
1773593613.785226714,1,0,0.01
1773593614.806612696,0,37,1.23
1773593614.806612696,1,0,0.01
1773593615.827772316,0,37,1.23
1773593615.827772316,1,0,0.01
1773593616.847368344,0,37,1.23
1773593616.847368344,1,0,0.01
1773593617.868338670,0,0,1.23
1773593617.868338670,1,0,0.01
1773593618.887852943,0,0,1.23
1773593618.887852943,1,0,0.01
1773593619.909110144,0,0,1.23
1773593619.909110144,1,0,0.01
1773593620.930616491,0,0,1.23
1773593620.930616491,1,0,0.01
1773593621.951459615,0,0,1.23
1773593621.951459615,1,0,0.01
1773593622.973338406,0,0,1.23
1773593622.973338406,1,0,0.01
1773593623.995261377,0,8,1.23
1773593623.995261377,1,0,0.01
1773593625.016842347,0,37,1.23
1773593625.016842347,1,0,0.01
1773593626.037911365,0,37,1.23
1773593626.037911365,1,0,0.01
1773593627.058021557,0,37,1.23
1773593627.058021557,1,0,0.01
1773593628.079482832,0,0,1.23
1773593628.079482832,1,0,0.01
1773593629.100697770,0,0,1.23
1773593629.100697770,1,0,0.01
1773593630.120614742,0,0,1.23
1773593630.120614742,1,0,0.01
1773593631.141921263,0,0,1.23
1773593631.141921263,1,0,0.01
1773593632.161557613,0,0,1.23
1773593632.161557613,1,0,0.01
1773593633.181409991,0,0,1.23
1773593633.181409991,1,0,0.01
1773593634.202951380,0,0,1.23
1773593634.202951380,1,0,0.01
1773593635.224364544,0,0,1.23
1773593635.224364544,1,0,0.01
1773593636.245706769,0,0,1.23
1773593636.245706769,1,0,0.01
1773593637.267404808,0,0,1.23
1773593637.267404808,1,0,0.01
1773593638.288839561,0,37,1.23
1773593638.288839561,1,0,0.01
1773593639.309812727,0,37,1.23
1773593639.309812727,1,0,0.01
1773593640.330608264,0,37,1.23
1773593640.330608264,1,0,0.01
1773593641.350129996,0,0,1.23
1773593641.350129996,1,0,0.01
1773593642.370314300,0,0,1.23
1773593642.370314300,1,0,0.01
1773593643.391244678,0,0,1.23
1773593643.391244678,1,0,0.01
1773593644.412531029,0,0,1.23
1773593644.412531029,1,0,0.01
1773593645.433591526,0,0,1.23
1773593645.433591526,1,0,0.01
1773593646.455074395,0,0,1.23
1773593646.455074395,1,0,0.01
1773593647.476662561,0,0,1.23
1773593647.476662561,1,0,0.01
1773593648.497663383,0,0,1.23
1773593648.497663383,1,0,0.01
1773593649.518454213,0,0,1.23
1773593649.518454213,1,0,0.01
1773593650.539661294,0,0,1.23
1773593650.539661294,1,0,0.01
1773593651.560520791,0,0,1.23
1773593651.560520791,1,0,0.01
1773593652.582165538,0,33,1.23
1773593652.582165538,1,0,0.01
1773593653.603276862,0,31,1.23
1773593653.603276862,1,0,0.01
1773593654.624604210,0,31,1.23
1773593654.624604210,1,0,0.01
1773593655.644227171,0,31,1.23
1773593655.644227171,1,0,0.01
1773593656.664204772,0,0,1.23
1773593656.664204772,1,0,0.01
1773593657.685907484,0,5,1.23
1773593657.685907484,1,0,0.01
1773593658.706365354,0,31,1.23
1773593658.706365354,1,0,0.01
1773593659.725991482,0,31,1.23
1773593659.725991482,1,0,0.01
1773593660.747557730,0,31,1.23
1773593660.747557730,1,0,0.01
1773593661.768493276,0,21,1.23
1773593661.768493276,1,0,0.01
1773593662.789586250,0,0,1.23
1773593662.789586250,1,0,0.01
1773593663.810722140,0,0,1.23
1773593663.810722140,1,0,0.01
1773593664.832201877,0,0,1.23
1773593664.832201877,1,0,0.01
1773593665.853652254,0,0,1.23
1773593665.853652254,1,0,0.01
1773593666.874784488,0,0,1.23
1773593666.874784488,1,0,0.01
1773593667.895385862,0,0,1.23
1773593667.895385862,1,0,0.01
1773593668.917288922,0,0,1.23
1773593668.917288922,1,0,0.01
1773593669.938153809,0,0,1.23
1773593669.938153809,1,0,0.01
1773593670.959130219,0,0,1.23
1773593670.959130219,1,0,0.01
1773593671.979825510,0,0,1.23
1773593671.979825510,1,0,0.01
1773593673.001442605,0,0,1.23
1773593673.001442605,1,0,0.01
1773593674.022389142,0,0,1.23
1773593674.022389142,1,0,0.01
1773593675.043184460,0,0,1.23
1773593675.043184460,1,0,0.01
1773593676.064754870,0,33,1.23
1773593676.064754870,1,0,0.01
1773593677.086063773,0,33,1.23
1773593677.086063773,1,0,0.01
1773593678.106827550,0,33,1.23
1773593678.106827550,1,0,0.01
1773593679.128561661,0,31,1.23
1773593679.128561661,1,0,0.01
1773593680.149601441,0,0,1.23
1773593680.149601441,1,0,0.01
1773593681.171242566,0,0,1.23
1773593681.171242566,1,0,0.01
1773593682.191954756,0,0,1.23
1773593682.191954756,1,0,0.01
1773593683.211596907,0,0,1.23
1773593683.211596907,1,0,0.01
1773593684.231378861,0,0,1.23
1773593684.231378861,1,0,0.01
1773593685.252857464,0,0,1.23
1773593685.252857464,1,0,0.01
1773593686.274158541,0,0,1.23
1773593686.274158541,1,0,0.01
1773593687.295004680,0,0,1.23
1773593687.295004680,1,0,0.01
1773593688.315871428,0,0,1.23
1773593688.315871428,1,0,0.01
1773593689.335687307,0,0,1.23
1773593689.335687307,1,0,0.01
1773593690.355146277,0,0,1.23
1773593690.355146277,1,0,0.01
1773593691.376531697,0,0,1.23
1773593691.376531697,1,0,0.01
1773593692.397396869,0,33,1.23
1773593692.397396869,1,0,0.01
1773593693.418688796,0,33,1.23
1773593693.418688796,1,0,0.01
1773593694.440616445,0,33,1.23
1773593694.440616445,1,0,0.01
1773593695.461641863,0,33,1.23
1773593695.461641863,1,0,0.01
1773593696.482584147,0,0,1.23
1773593696.482584147,1,0,0.01
1773593697.503717482,0,0,1.23
1773593697.503717482,1,0,0.01
1773593698.523664322,0,0,1.23
1773593698.523664322,1,0,0.01
1773593699.544853317,0,0,1.23
1773593699.544853317,1,0,0.01
1773593700.566710925,0,0,1.23
1773593700.566710925,1,0,0.01
1773593701.587921896,0,0,1.23
1773593701.587921896,1,0,0.01
1773593702.608596660,0,0,1.23
1773593702.608596660,1,0,0.01
1773593703.628972683,0,0,1.23
1773593703.628972683,1,0,0.01
1773593704.648874200,0,0,1.23
1773593704.648874200,1,0,0.01
1773593705.668372787,0,18,1.23
1773593705.668372787,1,0,0.01
1773593706.689434528,0,31,1.23
1773593706.689434528,1,0,0.01
1773593707.710594105,0,31,1.23
1773593707.710594105,1,0,0.01
1773593708.731468449,0,31,1.23
1773593708.731468449,1,0,0.01
1773593709.753156761,0,15,1.23
1773593709.753156761,1,0,0.01
1773593710.774762952,0,0,1.23
1773593710.774762952,1,0,0.01
1773593711.796551849,0,0,1.23
1773593711.796551849,1,0,0.01
1773593712.817483386,0,0,1.23
1773593712.817483386,1,0,0.01
1773593713.838515217,0,0,1.23
1773593713.838515217,1,0,0.01
1773593714.859549491,0,0,1.23
1773593714.859549491,1,0,0.01
1773593715.881262398,0,0,1.23
1773593715.881262398,1,0,0.01
1773593716.902299695,0,0,1.23
1773593716.902299695,1,0,0.01
1773593717.923675988,0,0,1.23
1773593717.923675988,1,0,0.01
1773593718.944914320,0,0,1.23
1773593718.944914320,1,0,0.01
1773593719.967606060,0,0,1.23
1773593719.967606060,1,0,0.01
1773593720.989066640,0,33,1.23
1773593720.989066640,1,0,0.01
1773593722.008740995,0,33,1.23
1773593722.008740995,1,0,0.01
1773593723.029731961,0,37,1.23
1773593723.029731961,1,0,0.01
1773593724.051655270,0,0,1.23
1773593724.051655270,1,0,0.01
1773593725.073107547,0,0,1.23
1773593725.073107547,1,0,0.01
1773593726.093852862,0,0,1.23
1773593726.093852862,1,0,0.01
1773593727.114672758,0,0,1.23
1773593727.114672758,1,0,0.01
1773593728.135639108,0,0,1.23
1773593728.135639108,1,0,0.01
1773593729.157907493,0,0,1.23
1773593729.157907493,1,0,0.01
1773593730.179601753,0,0,1.23
1773593730.179601753,1,0,0.01
1773593731.201770910,0,0,1.23
1773593731.201770910,1,0,0.01
1773593732.223733618,0,0,1.23
1773593732.223733618,1,0,0.01
1773593733.244428509,0,35,1.23
1773593733.244428509,1,0,0.01
1773593734.265695501,0,35,1.23
1773593734.265695501,1,0,0.01
1773593735.287800926,0,35,1.23
1773593735.287800926,1,0,0.01
1773593736.309711845,0,34,1.23
1773593736.309711845,1,0,0.01
1773593737.329815406,0,0,1.23
1773593737.329815406,1,0,0.01
1773593738.351099151,0,0,1.23
1773593738.351099151,1,0,0.01
1773593739.372136590,0,0,1.23
1773593739.372136590,1,0,0.01
1773593740.392711116,0,0,1.23
1773593740.392711116,1,0,0.01
1773593741.414688150,0,0,1.23
1773593741.414688150,1,0,0.01
1773593742.436418918,0,0,1.23
1773593742.436418918,1,0,0.01
1773593743.455921879,0,0,1.23
1773593743.455921879,1,0,0.01
1773593744.477615861,0,0,1.23
1773593744.477615861,1,0,0.01
1773593745.499008674,0,36,1.23
1773593745.499008674,1,0,0.01
1773593746.518833733,0,37,1.23
1773593746.518833733,1,0,0.01
1773593747.539808739,0,36,1.23
1773593747.539808739,1,0,0.01
1773593748.559857920,0,0,1.23
1773593748.559857920,1,0,0.01
1773593749.580490914,0,0,1.23
1773593749.580490914,1,0,0.01
1773593750.602279766,0,0,1.23
1773593750.602279766,1,0,0.01
1773593751.624687548,0,0,1.23
1773593751.624687548,1,0,0.01
1773593752.645619357,0,0,1.23
1773593752.645619357,1,0,0.01
1773593753.667773688,0,0,1.23
1773593753.667773688,1,0,0.01
1773593754.689369452,0,0,1.23
1773593754.689369452,1,0,0.01
1773593755.710648185,0,0,1.23
1773593755.710648185,1,0,0.01
1773593756.732755708,0,0,1.23
1773593756.732755708,1,0,0.01
1773593757.754194610,0,0,1.23
1773593757.754194610,1,0,0.01
1773593758.775770565,0,0,1.23
1773593758.775770565,1,0,0.01
1773593759.796960881,0,0,1.23
1773593759.796960881,1,0,0.01
1773593760.817444281,0,0,1.23
1773593760.817444281,1,0,0.01
1773593761.837807286,0,0,1.23
1773593761.837807286,1,0,0.01
1773593762.859709141,0,37,1.23
1773593762.859709141,1,0,0.01
1773593763.882013916,0,36,1.23
1773593763.882013916,1,0,0.01
1773593764.903882704,0,36,1.23
1773593764.903882704,1,0,0.01
1773593765.924808608,0,0,1.23
1773593765.924808608,1,0,0.01
1773593766.946178524,0,0,1.23
1773593766.946178524,1,0,0.01
1773593767.967741533,0,0,1.23
1773593767.967741533,1,0,0.01
1773593768.989452590,0,0,1.23
1773593768.989452590,1,0,0.01
1773593770.010863663,0,0,1.23
1773593770.010863663,1,0,0.01
1773593771.032096619,0,0,1.23
1773593771.032096619,1,0,0.01
1773593772.054307003,0,0,1.23
1773593772.054307003,1,0,0.01
1773593773.075413918,0,0,1.23
1773593773.075413918,1,0,0.01
1773593774.097834222,0,0,1.23
1773593774.097834222,1,0,0.01
1773593775.119252924,0,0,1.23
1773593775.119252924,1,0,0.01
1773593776.141478264,0,0,1.23
1773593776.141478264,1,0,0.01
1773593777.163208689,0,35,1.23
1773593777.163208689,1,0,0.01
1773593778.185172323,0,35,1.23
1773593778.185172323,1,0,0.01
1773593779.207006296,0,35,1.23
1773593779.207006296,1,0,0.01
1773593780.228028182,0,32,1.23
1773593780.228028182,1,0,0.01
1773593781.249327222,0,0,1.23
1773593781.249327222,1,0,0.01
1773593782.270382661,0,0,1.23
1773593782.270382661,1,0,0.01
1773593783.291774506,0,0,1.23
1773593783.291774506,1,0,0.01
1773593784.313196541,0,0,1.23
1773593784.313196541,1,0,0.01
1773593785.335181656,0,0,1.23
1773593785.335181656,1,0,0.01
1773593786.356427440,0,0,1.23
1773593786.356427440,1,0,0.01
1773593787.376404028,0,0,1.23
1773593787.376404028,1,0,0.01
1773593788.396133508,0,37,1.23
1773593788.396133508,1,0,0.01
1773593789.417539964,0,37,1.23
1773593789.417539964,1,0,0.01
1773593790.438643612,0,37,1.23
1773593790.438643612,1,0,0.01
1773593791.458604227,0,14,1.23
1773593791.458604227,1,0,0.01
1773593792.481080710,0,0,1.23
1773593792.481080710,1,0,0.01
1773593793.502481831,0,0,1.23
1773593793.502481831,1,0,0.01
1773593794.523761312,0,0,1.23
1773593794.523761312,1,0,0.01
1773593795.545006162,0,0,1.23
1773593795.545006162,1,0,0.01
1773593796.566602139,0,0,1.23
1773593796.566602139,1,0,0.01
1773593797.587924533,0,0,1.23
1773593797.587924533,1,0,0.01
1773593798.609581743,0,0,1.23
1773593798.609581743,1,0,0.01
1773593799.629613510,0,0,1.23
1773593799.629613510,1,0,0.01
1773593800.651640437,0,0,1.23
1773593800.651640437,1,0,0.01
1773593801.673110382,0,0,1.23
1773593801.673110382,1,0,0.01
1773593802.694317937,0,0,1.23
1773593802.694317937,1,0,0.01
1773593803.716158670,0,0,1.23
1773593803.716158670,1,0,0.01
1773593804.738240680,0,0,1.23
1773593804.738240680,1,0,0.01
1773593805.760177211,0,0,1.23
1773593805.760177211,1,0,0.01
1773593806.781594857,0,0,1.23
1773593806.781594857,1,0,0.01
1773593807.802629693,0,0,1.23
1773593807.802629693,1,0,0.01
1773593808.823806684,0,0,1.23
1773593808.823806684,1,0,0.01
1773593809.845205660,0,0,1.23
1773593809.845205660,1,0,0.01
1773593810.867784535,0,33,1.23
1773593810.867784535,1,0,0.01
1773593811.889198623,0,37,1.23
1773593811.889198623,1,0,0.01
1773593812.910367128,0,33,1.23
1773593812.910367128,1,0,0.01
1773593813.931691778,0,9,1.23
1773593813.931691778,1,0,0.01
1773593814.953545523,0,0,1.23
1773593814.953545523,1,0,0.01
1773593815.974626841,0,0,1.23
1773593815.974626841,1,0,0.01
1773593816.996526649,0,0,1.23
1773593816.996526649,1,0,0.01
1773593818.018308188,0,0,1.23
1773593818.018308188,1,0,0.01
1773593819.039926706,0,0,1.23
1773593819.039926706,1,0,0.01
1773593820.061442918,0,33,1.23
1773593820.061442918,1,0,0.01
1773593821.082988342,0,33,1.23
1773593821.082988342,1,0,0.01
1773593822.103427668,0,31,1.23
1773593822.103427668,1,0,0.01
1773593823.123757635,0,31,1.23
1773593823.123757635,1,0,0.01
1773593824.145238408,0,0,1.23
1773593824.145238408,1,0,0.01
1773593825.166618047,0,0,1.23
1773593825.166618047,1,0,0.01
1773593826.188643078,0,0,1.23
1773593826.188643078,1,0,0.01
1773593827.209929234,0,0,1.23
1773593827.209929234,1,0,0.01
1773593828.230740677,0,0,1.23
1773593828.230740677,1,0,0.01
1773593829.252616844,0,0,1.23
1773593829.252616844,1,0,0.01
1773593830.274865464,0,0,1.23
1773593830.274865464,1,0,0.01
1773593831.296239157,0,31,1.23
1773593831.296239157,1,0,0.01
1773593832.317404645,0,37,1.23
1773593832.317404645,1,0,0.01
1773593833.339139241,0,36,1.23
1773593833.339139241,1,0,0.01
1773593834.359127443,0,0,1.23
1773593834.359127443,1,0,0.01
1773593835.380269702,0,0,1.23
1773593835.380269702,1,0,0.01
1773593836.401319590,0,0,1.23
1773593836.401319590,1,0,0.01
1773593837.422347753,0,0,1.23
1773593837.422347753,1,0,0.01
1773593838.443756774,0,0,1.23
1773593838.443756774,1,0,0.01
1773593839.465565256,0,0,1.23
1773593839.465565256,1,0,0.01
1773593840.487160141,0,0,1.23
1773593840.487160141,1,0,0.01
1773593841.508827600,0,13,1.23
1773593841.508827600,1,0,0.01
1773593842.529863314,0,36,1.23
1773593842.529863314,1,0,0.01
1773593843.551147496,0,37,1.23
1773593843.551147496,1,0,0.01
1773593844.572720917,0,36,1.23
1773593844.572720917,1,0,0.01
1773593845.592588016,0,0,1.23
1773593845.592588016,1,0,0.01
1773593846.613976755,0,0,1.23
1773593846.613976755,1,0,0.01
1773593847.635400198,0,0,1.23
1773593847.635400198,1,0,0.01
1773593848.657106182,0,0,1.23
1773593848.657106182,1,0,0.01
1773593849.676715019,0,32,1.23
1773593849.676715019,1,0,0.01
1773593850.696597722,0,31,1.23
1773593850.696597722,1,0,0.01
1773593851.717859718,0,35,1.23
1773593851.717859718,1,0,0.01
1773593852.738759812,0,20,1.23
1773593852.738759812,1,0,0.01
1773593853.758873615,0,0,1.23
1773593853.758873615,1,0,0.01
1773593854.778446616,0,0,1.23
1773593854.778446616,1,0,0.01
1773593855.799547325,0,0,1.23
1773593855.799547325,1,0,0.01
1773593856.821045832,0,0,1.23
1773593856.821045832,1,0,0.01
1773593857.841823162,0,0,1.23
1773593857.841823162,1,0,0.01
1773593858.863009226,0,0,1.23
1773593858.863009226,1,0,0.01
1773593859.883734752,0,37,1.23
1773593859.883734752,1,0,0.01
1773593860.905749683,0,36,1.23
1773593860.905749683,1,0,0.01
1773593861.925510706,0,36,1.23
1773593861.925510706,1,0,0.01
1773593862.946750817,0,0,1.23
1773593862.946750817,1,0,0.01
1773593863.968611206,0,0,1.23
1773593863.968611206,1,0,0.01
1773593864.990482371,0,0,1.23
1773593864.990482371,1,0,0.01
1773593866.011525902,0,0,1.23
1773593866.011525902,1,0,0.01
1773593867.032614936,0,37,1.23
1773593867.032614936,1,0,0.01
1773593868.053992394,0,36,1.23
1773593868.053992394,1,0,0.01
1773593869.074653314,0,37,1.23
1773593869.074653314,1,0,0.01
1773593870.095861798,0,37,1.23
1773593870.095861798,1,0,0.01
1773593871.116765537,0,0,1.23
1773593871.116765537,1,0,0.01
1773593872.138068108,0,0,1.23
1773593872.138068108,1,0,0.01
1773593873.159515744,0,0,1.23
1773593873.159515744,1,0,0.01
1773593874.181359829,0,0,1.23
1773593874.181359829,1,0,0.01
1773593875.202255946,0,0,1.23
1773593875.202255946,1,0,0.01
1773593876.223469966,0,0,1.23
1773593876.223469966,1,0,0.01
1773593877.244494387,0,35,1.23
1773593877.244494387,1,0,0.01
1773593878.265659006,0,35,1.23
1773593878.265659006,1,0,0.01
1773593879.286522925,0,35,1.23
1773593879.286522925,1,0,0.01
1773593880.307534719,0,6,1.23
1773593880.307534719,1,0,0.01
1773593881.329524846,0,0,1.23
1773593881.329524846,1,0,0.01
1773593882.351905894,0,0,1.23
1773593882.351905894,1,0,0.01
1773593883.373055904,0,0,1.23
1773593883.373055904,1,0,0.01
1773593884.394217453,0,0,1.23
1773593884.394217453,1,0,0.01
1773593885.415668660,0,0,1.23
1773593885.415668660,1,0,0.01
1773593886.436949116,0,36,1.23
1773593886.436949116,1,0,0.01
1773593887.458960268,0,37,1.23
1773593887.458960268,1,0,0.01
1773593888.478842234,0,36,1.23
1773593888.478842234,1,0,0.01
1773593889.500192110,0,0,1.23
1773593889.500192110,1,0,0.01
1773593890.520415407,0,0,1.23
1773593890.520415407,1,0,0.01
1773593891.542210621,0,0,1.23
1773593891.542210621,1,0,0.01
1773593892.564505986,0,36,1.23
1773593892.564505986,1,0,0.01
1773593893.585660462,0,36,1.23
1773593893.585660462,1,0,0.01
1773593894.606881076,0,36,1.23
1773593894.606881076,1,0,0.01
1773593895.627115888,0,33,1.23
1773593895.627115888,1,0,0.01
1773593896.648565192,0,0,1.23
1773593896.648565192,1,0,0.01
1773593897.670241545,0,0,1.23
1773593897.670241545,1,0,0.01
1773593898.692192957,0,31,1.23
1773593898.692192957,1,0,0.01
1773593899.713598975,0,31,1.23
1773593899.713598975,1,0,0.01
1773593900.734631669,0,31,1.23
1773593900.734631669,1,0,0.01
1773593901.756731691,0,31,1.23
1773593901.756731691,1,0,0.01
1773593902.778002596,0,0,1.23
1773593902.778002596,1,0,0.01
1773593903.799664948,0,0,1.23
1773593903.799664948,1,0,0.01
1773593904.821957876,0,0,1.23
1773593904.821957876,1,0,0.01
1773593905.841963494,0,0,1.23
1773593905.841963494,1,0,0.01
1773593906.863121816,0,0,1.23
1773593906.863121816,1,0,0.01
1773593907.884628029,0,0,1.23
1773593907.884628029,1,0,0.01
1773593908.906109642,0,0,1.23
1773593908.906109642,1,0,0.01
1773593909.927190836,0,0,1.23
1773593909.927190836,1,0,0.01
1773593910.949107530,0,0,1.23
1773593910.949107530,1,0,0.01
1773593911.969855699,0,0,1.23
1773593911.969855699,1,0,0.01
1773593912.991642238,0,33,1.23
1773593912.991642238,1,0,0.01
1773593914.012977305,0,37,1.23
1773593914.012977305,1,0,0.01
1773593915.033771334,0,33,1.23
1773593915.033771334,1,0,0.01
1773593916.055109578,0,28,1.23
1773593916.055109578,1,0,0.01
1773593917.077308552,0,0,1.23
1773593917.077308552,1,0,0.01
1773593918.098217981,0,0,1.23
1773593918.098217981,1,0,0.01
1773593919.117710661,0,0,1.23
1773593919.117710661,1,0,0.01
1773593920.138837309,0,0,1.23
1773593920.138837309,1,0,0.01
1773593921.159704984,0,0,1.23
1773593921.159704984,1,0,0.01
1773593922.181475395,0,0,1.23
1773593922.181475395,1,0,0.01
1773593923.202778926,0,0,1.23
1773593923.202778926,1,0,0.01
1773593924.223790821,0,0,1.23
1773593924.223790821,1,0,0.01
1773593925.245350151,0,0,1.23
1773593925.245350151,1,0,0.01
1773593926.266430163,0,0,1.23
1773593926.266430163,1,0,0.01
1773593927.288392638,0,31,1.23
1773593927.288392638,1,0,0.01
1773593928.309381982,0,31,1.23
1773593928.309381982,1,0,0.01
1773593929.331440218,0,31,1.23
1773593929.331440218,1,0,0.01
1773593930.352824652,0,35,1.23
1773593930.352824652,1,0,0.01
1773593931.373920340,0,0,1.23
1773593931.373920340,1,0,0.01
1773593932.394744430,0,0,1.23
1773593932.394744430,1,0,0.01
1773593933.416756176,0,0,1.23
1773593933.416756176,1,0,0.01
1773593934.437570755,0,0,1.23
1773593934.437570755,1,0,0.01
1773593935.459509713,0,0,1.23
1773593935.459509713,1,0,0.01
1773593936.480478520,0,0,1.23
1773593936.480478520,1,0,0.01
1773593937.501892262,0,25,1.23
1773593937.501892262,1,0,0.01
1773593938.522818410,0,37,1.23
1773593938.522818410,1,0,0.01
1773593939.543759345,0,37,1.23
1773593939.543759345,1,0,0.01
1773593940.565534977,0,37,1.23
1773593940.565534977,1,0,0.01
1773593941.585273667,0,0,1.23
1773593941.585273667,1,0,0.01
1773593942.605654253,0,0,1.23
1773593942.605654253,1,0,0.01
1773593943.627459235,0,0,1.23
1773593943.627459235,1,0,0.01
1773593944.649154700,0,0,1.23
1773593944.649154700,1,0,0.01
1773593945.669954080,0,0,1.23
1773593945.669954080,1,0,0.01
1773593946.690937756,0,35,1.23
1773593946.690937756,1,0,0.01
1773593947.710970327,0,35,1.23
1773593947.710970327,1,0,0.01
1773593948.732851697,0,35,1.23
1773593948.732851697,1,0,0.01
1773593949.752930651,0,0,1.23
1773593949.752930651,1,0,0.01
1773593950.773676161,0,0,1.23
1773593950.773676161,1,0,0.01
1773593951.794953965,0,0,1.23
1773593951.794953965,1,0,0.01
1773593952.815978774,0,0,1.23
1773593952.815978774,1,0,0.01
1773593953.838074288,0,18,1.23
1773593953.838074288,1,0,0.01
1773593954.859844536,0,35,1.23
1773593954.859844536,1,0,0.01
1773593955.880087991,0,37,1.23
1773593955.880087991,1,0,0.01
1773593956.901556080,0,37,1.23
1773593956.901556080,1,0,0.01
1773593957.923577432,0,0,1.23
1773593957.923577432,1,0,0.01
1773593958.944909992,0,0,1.23
1773593958.944909992,1,0,0.01
1773593959.965900881,0,0,1.23
1773593959.965900881,1,0,0.01
1773593960.985598122,0,0,1.23
1773593960.985598122,1,0,0.01
1773593962.005582740,0,0,1.23
1773593962.005582740,1,0,0.01
1773593963.026522305,0,0,1.23
1773593963.026522305,1,0,0.01
1773593964.047526769,0,0,1.23
1773593964.047526769,1,0,0.01
1773593965.068616161,0,0,1.23
1773593965.068616161,1,0,0.01
1773593966.090123500,0,36,1.23
1773593966.090123500,1,0,0.01
1773593967.111172486,0,37,1.23
1773593967.111172486,1,0,0.01
1773593968.132641865,0,37,1.23
1773593968.132641865,1,0,0.01
1773593969.153826051,0,0,1.23
1773593969.153826051,1,0,0.01
1773593970.174575656,0,0,1.23
1773593970.174575656,1,0,0.01
1773593971.196688388,0,0,1.23
1773593971.196688388,1,0,0.01
1773593972.218985309,0,0,1.23
1773593972.218985309,1,0,0.01
1773593973.240305813,0,0,1.23
1773593973.240305813,1,0,0.01
1773593974.261744301,0,0,1.23
1773593974.261744301,1,0,0.01
1773593975.283368117,0,0,1.23
1773593975.283368117,1,0,0.01
1773593976.304521739,0,0,1.23
1773593976.304521739,1,0,0.01
1773593977.325660412,0,0,1.23
1773593977.325660412,1,0,0.01
1773593978.346970494,0,0,1.23
1773593978.346970494,1,0,0.01
1773593979.367241489,0,0,1.23
1773593979.367241489,1,0,0.01
1773593980.387560302,0,33,1.23
1773593980.387560302,1,0,0.01
1773593981.408876833,0,33,1.23
1773593981.408876833,1,0,0.01
1773593982.429954205,0,33,1.23
1773593982.429954205,1,0,0.01
1773593983.452584138,0,0,1.23
1773593983.452584138,1,0,0.01
1773593984.474094355,0,0,1.23
1773593984.474094355,1,0,0.01
1773593985.495321658,0,0,1.23
1773593985.495321658,1,0,0.01
1773593986.517112141,0,0,1.23
1773593986.517112141,1,0,0.01
1773593987.539159032,0,0,1.23
1773593987.539159032,1,0,0.01
1773593988.560518766,0,0,1.23
1773593988.560518766,1,0,0.01
1773593989.580715198,0,0,1.23
1773593989.580715198,1,0,0.01
1773593990.601785574,0,0,1.23
1773593990.601785574,1,0,0.01
1773593991.623601202,0,0,1.23
1773593991.623601202,1,0,0.01
1773593992.645839695,0,0,1.23
1773593992.645839695,1,0,0.01
1773593993.667701342,0,0,1.23
1773593993.667701342,1,0,0.01
1773593994.689049065,0,33,1.23
1773593994.689049065,1,0,0.01
1773593995.711133147,0,31,1.23
1773593995.711133147,1,0,0.01
1773593996.732345622,0,35,1.23
1773593996.732345622,1,0,0.01
1773593997.753420918,0,35,1.23
1773593997.753420918,1,0,0.01
1773593998.773418380,0,0,1.23
1773593998.773418380,1,0,0.01
1773593999.794808436,0,0,1.23
1773593999.794808436,1,0,0.01
1773594000.815868248,0,0,1.23
1773594000.815868248,1,0,0.01
1773594001.835668898,0,0,1.23
1773594001.835668898,1,0,0.01
1773594002.855712514,0,0,1.23
1773594002.855712514,1,0,0.01
1773594003.882357035,0,0,1.23
1773594003.882357035,1,0,0.01
1773594004.903958966,0,0,1.23
1773594004.903958966,1,0,0.01
1773594005.923559343,0,0,1.23
1773594005.923559343,1,0,0.01
1773594006.943777680,0,0,1.23
1773594006.943777680,1,0,0.01
1773594007.963784247,0,0,1.23
1773594007.963784247,1,0,0.01
1773594008.985126323,0,0,1.23
1773594008.985126323,1,0,0.01
1773594010.006383387,0,0,1.23
1773594010.006383387,1,0,0.01
1773594011.028848324,0,36,1.23
1773594011.028848324,1,0,0.01
1773594012.049606135,0,33,1.23
1773594012.049606135,1,0,0.01
1773594013.071837347,0,32,1.23
1773594013.071837347,1,0,0.01
1773594014.092817580,0,21,1.23
1773594014.092817580,1,0,0.01
1773594015.113827053,0,0,1.23
1773594015.113827053,1,0,0.01
1773594016.135395210,0,0,1.23
1773594016.135395210,1,0,0.01
1773594017.156827105,0,0,1.23
1773594017.156827105,1,0,0.01
1773594018.178021105,0,0,1.23
1773594018.178021105,1,0,0.01
1773594019.199376783,0,0,1.23
1773594019.199376783,1,0,0.01
1773594020.221355217,0,0,1.23
1773594020.221355217,1,0,0.01
1773594021.243425602,0,0,1.23
1773594021.243425602,1,0,0.01
1773594022.265583768,0,16,1.23
1773594022.265583768,1,0,0.01
1773594023.286984623,0,31,1.23
1773594023.286984623,1,0,0.01
1773594024.306450698,0,31,1.23
1773594024.306450698,1,0,0.01
1773594025.326893368,0,31,1.23
1773594025.326893368,1,0,0.01
1773594026.347500987,0,23,1.23
1773594026.347500987,1,0,0.01
1773594027.368916584,0,0,1.23
1773594027.368916584,1,0,0.01
1773594028.388804235,0,0,1.23
1773594028.388804235,1,0,0.01
1773594029.409980818,0,0,1.23
1773594029.409980818,1,0,0.01
1773594030.431544948,0,0,1.23
1773594030.431544948,1,0,0.01
1773594031.453282108,0,0,1.23
1773594031.453282108,1,0,0.01
1773594032.474668948,0,33,1.23
1773594032.474668948,1,0,0.01
1773594033.496973968,0,33,1.23
1773594033.496973968,1,0,0.01
1773594034.518513121,0,33,1.23
1773594034.518513121,1,0,0.01
1773594035.539481274,0,0,1.23
1773594035.539481274,1,0,0.01
1773594036.560735870,0,0,1.23
1773594036.560735870,1,0,0.01
1773594037.582032142,0,0,1.23
1773594037.582032142,1,0,0.01
1773594038.603599981,0,0,1.23
1773594038.603599981,1,0,0.01
1773594039.625596973,0,0,1.23
1773594039.625596973,1,0,0.01
1773594040.647347506,0,33,1.23
1773594040.647347506,1,0,0.01
1773594041.668842467,0,33,1.23
1773594041.668842467,1,0,0.01
1773594042.689409109,0,33,1.23
1773594042.689409109,1,0,0.01
1773594043.709703320,0,7,1.23
1773594043.709703320,1,0,0.01
1773594044.729556471,0,0,1.23
1773594044.729556471,1,0,0.01
1773594045.750843228,0,0,1.23
1773594045.750843228,1,0,0.01
1773594046.772800417,0,0,1.23
1773594046.772800417,1,0,0.01
1773594047.793793405,0,0,1.23
1773594047.793793405,1,0,0.01
1773594048.815298378,0,0,1.23
1773594048.815298378,1,0,0.01
1773594049.837130490,0,0,1.23
1773594049.837130490,1,0,0.01
1773594050.859053076,0,0,1.23
1773594050.859053076,1,0,0.01
1773594051.879973260,0,0,1.23
1773594051.879973260,1,0,0.01
1773594052.901395923,0,0,1.23
1773594052.901395923,1,0,0.01
1773594053.922622073,0,0,1.23
1773594053.922622073,1,0,0.01
1773594054.944652436,0,0,1.23
1773594054.944652436,1,0,0.01
1773594055.965847351,0,0,1.23
1773594055.965847351,1,0,0.01
1773594056.986981147,0,34,1.23
1773594056.986981147,1,0,0.01
1773594058.006830231,0,37,1.23
1773594058.006830231,1,0,0.01
1773594059.027823731,0,33,1.23
1773594059.027823731,1,0,0.01
1773594060.048813918,0,33,1.23
1773594060.048813918,1,0,0.01
1773594061.069630710,0,0,1.23
1773594061.069630710,1,0,0.01
1773594062.091580739,0,0,1.23
1773594062.091580739,1,0,0.01
1773594063.113274760,0,0,1.23
1773594063.113274760,1,0,0.01
1773594064.134628840,0,0,1.23
1773594064.134628840,1,0,0.01
1773594065.156152320,0,12,1.23
1773594065.156152320,1,0,0.01
1773594066.178264882,0,33,1.23
1773594066.178264882,1,0,0.01
1773594067.197886205,0,33,1.23
1773594067.197886205,1,0,0.01
1773594068.217688301,0,33,1.23
1773594068.217688301,1,0,0.01
1773594069.239139004,0,0,1.23
1773594069.239139004,1,0,0.01
1773594070.260865706,0,0,1.23
1773594070.260865706,1,0,0.01
1773594071.282648326,0,0,1.23
1773594071.282648326,1,0,0.01
1773594072.303878099,0,0,1.23
1773594072.303878099,1,0,0.01
1773594073.324881119,0,0,1.23
1773594073.324881119,1,0,0.01
1773594074.346752867,0,0,1.23
1773594074.346752867,1,0,0.01
1773594075.367989027,0,0,1.23
1773594075.367989027,1,0,0.01
1773594076.389836094,0,0,1.23
1773594076.389836094,1,0,0.01
1773594077.411133636,0,35,1.23
1773594077.411133636,1,0,0.01
1773594078.432729897,0,31,1.23
1773594078.432729897,1,0,0.01
1773594079.454282802,0,33,1.23
1773594079.454282802,1,0,0.01
1773594080.474924392,0,37,1.23
1773594080.474924392,1,0,0.01
1773594081.494805178,0,0,1.23
1773594081.494805178,1,0,0.01
1773594082.514789069,0,0,1.23
1773594082.514789069,1,0,0.01
1773594083.536533118,0,0,1.23
1773594083.536533118,1,0,0.01
1773594084.557765158,0,33,1.23
1773594084.557765158,1,0,0.01
1773594085.579953424,0,33,1.23
1773594085.579953424,1,0,0.01
1773594086.601293953,0,33,1.23
1773594086.601293953,1,0,0.01
1773594087.622970245,0,3,1.23
1773594087.622970245,1,0,0.01
1773594088.644590715,0,0,1.23
1773594088.644590715,1,0,0.01
1773594089.666814494,0,0,1.23
1773594089.666814494,1,0,0.01
1773594090.688816051,0,0,1.23
1773594090.688816051,1,0,0.01
1773594091.710518038,0,33,1.23
1773594091.710518038,1,0,0.01
1773594092.732439080,0,33,1.23
1773594092.732439080,1,0,0.01
1773594093.752458520,0,33,1.23
1773594093.752458520,1,0,0.01
1773594094.774663813,0,33,1.23
1773594094.774663813,1,0,0.01
1773594095.794938627,0,0,1.23
1773594095.794938627,1,0,0.01
1773594096.815790014,0,0,1.23
1773594096.815790014,1,0,0.01
1773594097.837018509,0,0,1.23
1773594097.837018509,1,0,0.01
1773594098.858532564,0,0,1.23
1773594098.858532564,1,0,0.01
1773594099.880659272,0,0,1.23
1773594099.880659272,1,0,0.01
1773594100.902518768,0,0,1.23
1773594100.902518768,1,0,0.01
1773594101.924597378,0,0,1.23
1773594101.924597378,1,0,0.01
1773594102.945443277,0,31,1.23
1773594102.945443277,1,0,0.01
1773594103.967498432,0,35,1.23
1773594103.967498432,1,0,0.01
1773594104.989474676,0,36,1.23
1773594104.989474676,1,0,0.01
1773594106.009281103,0,33,1.23
1773594106.009281103,1,0,0.01
1773594107.030498874,0,0,1.23
1773594107.030498874,1,0,0.01
1773594108.052611795,0,0,1.23
1773594108.052611795,1,0,0.01
1773594109.074663562,0,0,1.23
1773594109.074663562,1,0,0.01
1773594110.095495436,0,0,1.23
1773594110.095495436,1,0,0.01
1773594111.116472033,0,0,1.23
1773594111.116472033,1,0,0.01
1773594112.137598021,0,0,1.23
1773594112.137598021,1,0,0.01
1773594113.159880643,0,0,1.23
1773594113.159880643,1,0,0.01
1773594114.180996632,0,34,1.23
1773594114.180996632,1,0,0.01
1773594115.202586994,0,33,1.23
1773594115.202586994,1,0,0.01
1773594116.224301915,0,33,1.23
1773594116.224301915,1,0,0.01
1773594117.244410549,0,33,1.23
1773594117.244410549,1,0,0.01
1773594118.266436431,0,0,1.23
1773594118.266436431,1,0,0.01
1773594119.286986472,0,32,1.23
1773594119.286986472,1,0,0.01
1773594120.308164107,0,35,1.23
1773594120.308164107,1,0,0.01
1773594121.329938630,0,35,1.23
1773594121.329938630,1,0,0.01
1773594122.351175225,0,31,1.23
1773594122.351175225,1,0,0.01
1773594123.372419640,0,0,1.23
1773594123.372419640,1,0,0.01
1773594124.393942686,0,0,1.23
1773594124.393942686,1,0,0.01
1773594125.414986158,0,0,1.23
1773594125.414986158,1,0,0.01
1773594126.436422227,0,35,1.23
1773594126.436422227,1,0,0.01
1773594127.456234480,0,35,1.23
1773594127.456234480,1,0,0.01
1773594128.477502997,0,31,1.23
1773594128.477502997,1,0,0.01
1773594129.497119729,0,0,1.23
1773594129.497119729,1,0,0.01
1773594130.517856208,0,0,1.23
1773594130.517856208,1,0,0.01
1773594131.539230702,0,0,1.23
1773594131.539230702,1,0,0.01
1773594132.560372944,0,0,1.23
1773594132.560372944,1,0,0.01
1773594133.582404544,0,0,1.23
1773594133.582404544,1,0,0.01
1773594134.603644230,0,0,1.23
1773594134.603644230,1,0,0.01
1773594135.625939234,0,37,1.23
1773594135.625939234,1,0,0.01
1773594136.646325561,0,37,1.23
1773594136.646325561,1,0,0.01
1773594137.665738302,0,37,1.23
1773594137.665738302,1,0,0.01
1773594138.685419356,0,1,1.23
1773594138.685419356,1,0,0.01
1773594139.707392559,0,0,1.23
1773594139.707392559,1,0,0.01
1773594140.728820024,0,0,1.23
1773594140.728820024,1,0,0.01
1773594141.749956555,0,0,1.23
1773594141.749956555,1,0,0.01
1773594142.771983915,0,0,1.23
1773594142.771983915,1,0,0.01
1773594143.793759333,0,0,1.23
1773594143.793759333,1,0,0.01
1773594144.815907399,0,0,1.23
1773594144.815907399,1,0,0.01
1773594145.836355506,0,0,1.23
1773594145.836355506,1,0,0.01
1773594146.856614760,0,31,1.23
1773594146.856614760,1,0,0.01
1773594147.878805600,0,31,1.23
1773594147.878805600,1,0,0.01
1773594148.899389720,0,31,1.23
1773594148.899389720,1,0,0.01
1773594149.919285995,0,35,1.23
1773594149.919285995,1,0,0.01
1773594150.940362121,0,0,1.23
1773594150.940362121,1,0,0.01
1773594151.962418514,0,0,1.23
1773594151.962418514,1,0,0.01
1773594152.983555360,0,0,1.23
1773594152.983555360,1,0,0.01
1773594154.004874964,0,0,1.23
1773594154.004874964,1,0,0.01
1773594155.025378542,0,0,1.23
1773594155.025378542,1,0,0.01
1773594156.045774283,0,0,1.23
1773594156.045774283,1,0,0.01
1773594157.067487540,0,0,1.23
1773594157.067487540,1,0,0.01
1773594158.089250770,0,0,1.23
1773594158.089250770,1,0,0.01
1773594159.111205975,0,0,1.23
1773594159.111205975,1,0,0.01
1773594160.131999326,0,0,1.23
1773594160.131999326,1,0,0.01
1773594161.153374105,0,33,1.23
1773594161.153374105,1,0,0.01
1773594162.175631281,0,37,1.23
1773594162.175631281,1,0,0.01
1773594163.196694433,0,37,1.23
1773594163.196694433,1,0,0.01
1773594164.216916185,0,0,1.23
1773594164.216916185,1,0,0.01
1773594165.239374693,0,0,1.23
1773594165.239374693,1,0,0.01
1773594166.260477377,0,0,1.23
1773594166.260477377,1,0,0.01
1773594167.281925585,0,0,1.23
1773594167.281925585,1,0,0.01
1773594168.303945881,0,32,1.23
1773594168.303945881,1,0,0.01
1773594169.324563958,0,35,1.23
1773594169.324563958,1,0,0.01
1773594170.344498404,0,31,1.23
1773594170.344498404,1,0,0.01
1773594171.365367858,0,31,1.23
1773594171.365367858,1,0,0.01
1773594172.385249321,0,0,1.23
1773594172.385249321,1,0,0.01
1773594173.406882310,0,0,1.23
1773594173.406882310,1,0,0.01
1773594174.426683904,0,0,1.23
1773594174.426683904,1,0,0.01
1773594175.446580515,0,0,1.23
1773594175.446580515,1,0,0.01
1773594176.467864540,0,0,1.23
1773594176.467864540,1,0,0.01
1773594177.489498965,0,0,1.23
1773594177.489498965,1,0,0.01
1773594178.511387239,0,0,1.23
1773594178.511387239,1,0,0.01
1773594179.533248516,0,0,1.23
1773594179.533248516,1,0,0.01
1773594180.554029159,0,0,1.23
1773594180.554029159,1,0,0.01
1773594181.575249900,0,0,1.23
1773594181.575249900,1,0,0.01
1773594182.596115629,0,0,1.23
1773594182.596115629,1,0,0.01
1773594183.617218610,0,0,1.23
1773594183.617218610,1,0,0.01
1773594184.638236334,0,0,1.23
1773594184.638236334,1,0,0.01
1773594185.659485116,0,0,1.23
1773594185.659485116,1,0,0.01
1773594186.681205106,0,0,1.23
1773594186.681205106,1,0,0.01
1773594187.702462075,0,33,1.23
1773594187.702462075,1,0,0.01
1773594188.722155481,0,33,1.23
1773594188.722155481,1,0,0.01
1773594189.742768114,0,34,1.23
1773594189.742768114,1,0,0.01
1773594190.764029372,0,33,1.23
1773594190.764029372,1,0,0.01
1773594191.784789383,0,0,1.23
1773594191.784789383,1,0,0.01
1773594192.804901460,0,0,1.23
1773594192.804901460,1,0,0.01
1773594193.824392890,0,0,1.23
1773594193.824392890,1,0,0.01
1773594194.844722806,0,30,1.23
1773594194.844722806,1,0,0.01
1773594195.865618252,0,31,1.23
1773594195.865618252,1,0,0.01
1773594196.886446376,0,31,1.23
1773594196.886446376,1,0,0.01
1773594197.906836177,0,35,1.23
1773594197.906836177,1,0,0.01
1773594198.928701149,0,0,1.23
1773594198.928701149,1,0,0.01
1773594199.950572575,0,0,1.23
1773594199.950572575,1,0,0.01
1773594200.973001986,0,0,1.23
1773594200.973001986,1,0,0.01
1773594201.995391375,0,0,1.23
1773594201.995391375,1,0,0.01
1773594203.016145113,0,0,1.23
1773594203.016145113,1,0,0.01
1773594204.037668382,0,33,1.23
1773594204.037668382,1,0,0.01
1773594205.059379766,0,36,1.23
1773594205.059379766,1,0,0.01
1773594206.080477085,0,36,1.23
1773594206.080477085,1,0,0.01
1773594207.100755348,0,0,1.23
1773594207.100755348,1,0,0.01
1773594208.122047146,0,0,1.23
1773594208.122047146,1,0,0.01
1773594209.143807134,0,0,1.23
1773594209.143807134,1,0,0.01
1773594210.165777433,0,0,1.23
1773594210.165777433,1,0,0.01
1773594211.187526973,0,15,1.23
1773594211.187526973,1,0,0.01
1773594212.208857713,0,33,1.23
1773594212.208857713,1,0,0.01
1773594213.230565052,0,33,1.23
1773594213.230565052,1,0,0.01
1773594214.251911713,0,33,1.23
1773594214.251911713,1,0,0.01
1773594215.273135326,0,0,1.23
1773594215.273135326,1,0,0.01
1773594216.294718770,0,0,1.23
1773594216.294718770,1,0,0.01
1773594217.316989313,0,0,1.23
1773594217.316989313,1,0,0.01
1773594218.338164706,0,0,1.23
1773594218.338164706,1,0,0.01
1773594219.359899328,0,31,1.23
1773594219.359899328,1,0,0.01
1773594220.382935553,0,35,1.23
1773594220.382935553,1,0,0.01
1773594221.404241368,0,31,1.23
1773594221.404241368,1,0,0.01
1773594222.425871725,0,31,1.23
1773594222.425871725,1,0,0.01
1773594223.447379416,0,0,1.23
1773594223.447379416,1,0,0.01
1773594224.468948829,0,0,1.23
1773594224.468948829,1,0,0.01
1773594225.491033065,0,0,1.23
1773594225.491033065,1,0,0.01
1773594226.512054846,0,0,1.23
1773594226.512054846,1,0,0.01
1773594227.533615436,0,0,1.23
1773594227.533615436,1,0,0.01
1773594228.554915098,0,0,1.23
1773594228.554915098,1,0,0.01
1773594229.575926658,0,0,1.23
1773594229.575926658,1,0,0.01
1773594230.597784663,0,0,1.23
1773594230.597784663,1,0,0.01
1773594231.618845015,0,33,1.23
1773594231.618845015,1,0,0.01
1773594232.640545525,0,33,1.23
1773594232.640545525,1,0,0.01
1773594233.660893292,0,33,1.23
1773594233.660893292,1,0,0.01
1773594234.681361290,0,33,1.23
1773594234.681361290,1,0,0.01
1773594235.701395034,0,0,1.23
1773594235.701395034,1,0,0.01
1773594236.722871713,0,0,1.23
1773594236.722871713,1,0,0.01
1773594237.744449298,0,0,1.23
1773594237.744449298,1,0,0.01
1773594238.765930757,0,37,1.23
1773594238.765930757,1,0,0.01
1773594239.788771495,0,33,1.23
1773594239.788771495,1,0,0.01
1773594240.810293875,0,37,1.23
1773594240.810293875,1,0,0.01
1773594241.831569733,0,11,1.23
1773594241.831569733,1,0,0.01
1773594242.852849677,0,0,1.23
1773594242.852849677,1,0,0.01
1773594243.874012161,0,0,1.23
1773594243.874012161,1,0,0.01
1773594244.895142945,0,0,1.23
1773594244.895142945,1,0,0.01
1773594245.916200726,0,0,1.23
1773594245.916200726,1,0,0.01
1773594246.937322412,0,0,1.23
1773594246.937322412,1,0,0.01
1773594247.959492202,0,31,1.23
1773594247.959492202,1,0,0.01
1773594248.980515107,0,31,1.23
1773594248.980515107,1,0,0.01
1773594249.999998283,0,31,1.23
1773594249.999998283,1,0,0.01
1773594251.019473595,0,31,1.23
1773594251.019473595,1,0,0.01
1773594252.038738021,0,0,1.23
1773594252.038738021,1,0,0.01
1773594253.058487798,0,0,1.23
1773594253.058487798,1,0,0.01
1773594254.079907386,0,0,1.23
1773594254.079907386,1,0,0.01
1773594255.099609246,0,6,1.23
1773594255.099609246,1,0,0.01
1773594256.120314588,0,33,1.23
1773594256.120314588,1,0,0.01
1773594257.140487457,0,33,1.23
1773594257.140487457,1,0,0.01
1773594258.159967181,0,33,1.23
1773594258.159967181,1,0,0.01
1773594259.181499982,0,0,1.23
1773594259.181499982,1,0,0.01
1773594260.203138726,0,0,1.23
1773594260.203138726,1,0,0.01
1773594261.224391376,0,0,1.23
1773594261.224391376,1,0,0.01
1773594262.245916675,0,0,1.23
1773594262.245916675,1,0,0.01
1773594263.265943179,0,0,1.23
1773594263.265943179,1,0,0.01
1773594264.286110554,0,0,1.23
1773594264.286110554,1,0,0.01
1773594265.305825542,0,0,1.23
1773594265.305825542,1,0,0.01
1773594266.327848214,0,34,1.23
1773594266.327848214,1,0,0.01
1773594267.349288933,0,32,1.23
1773594267.349288933,1,0,0.01
1773594268.369613179,0,31,1.23
1773594268.369613179,1,0,0.01
1773594269.391620882,0,31,1.23
1773594269.391620882,1,0,0.01
1773594270.412419009,0,0,1.23
1773594270.412419009,1,0,0.01
1773594271.431995376,0,0,1.23
1773594271.431995376,1,0,0.01
1773594272.453659446,0,0,1.23
1773594272.453659446,1,0,0.01
1773594273.474996975,0,0,1.23
1773594273.474996975,1,0,0.01
1773594274.497138504,0,0,1.23
1773594274.497138504,1,0,0.01
1773594275.519004580,0,0,1.23
1773594275.519004580,1,0,0.01
1773594276.540691737,0,0,1.23
1773594276.540691737,1,0,0.01
1773594277.561604067,0,0,1.23
1773594277.561604067,1,0,0.01
1773594278.583183658,0,0,1.23
1773594278.583183658,1,0,0.01
1773594279.605215539,0,0,1.23
1773594279.605215539,1,0,0.01
1773594280.627427331,0,0,1.23
1773594280.627427331,1,0,0.01
1773594281.648534507,0,0,1.23
1773594281.648534507,1,0,0.01
1773594282.669722814,0,0,1.23
1773594282.669722814,1,0,0.01
1773594283.690678131,0,0,1.23
1773594283.690678131,1,0,0.01
1773594284.712567190,0,0,1.23
1773594284.712567190,1,0,0.01
1773594285.733920419,0,33,1.23
1773594285.733920419,1,0,0.01
1773594286.754715823,0,36,1.23
1773594286.754715823,1,0,0.01
1773594287.774375398,0,37,1.23
1773594287.774375398,1,0,0.01
1773594288.795271540,0,0,1.23
1773594288.795271540,1,0,0.01
1773594289.816427610,0,0,1.23
1773594289.816427610,1,0,0.01
1773594290.837840864,0,0,1.23
1773594290.837840864,1,0,0.01
1773594291.859668519,0,0,1.23
1773594291.859668519,1,0,0.01
1773594292.879876016,0,0,1.23
1773594292.879876016,1,0,0.01
1773594293.901754855,0,0,1.23
1773594293.901754855,1,0,0.01
1773594294.923440660,0,0,1.23
1773594294.923440660,1,0,0.01
1773594295.945127655,0,0,1.23
1773594295.945127655,1,0,0.01
1773594296.966660303,0,3,1.23
1773594296.966660303,1,0,0.01
1773594297.987205004,0,35,1.23
1773594297.987205004,1,0,0.01
1773594299.006687856,0,35,1.23
1773594299.006687856,1,0,0.01
1773594300.027628957,0,35,1.23
1773594300.027628957,1,0,0.01
1773594301.049423993,0,0,1.23
1773594301.049423993,1,0,0.01
1773594302.069798131,0,0,1.23
1773594302.069798131,1,0,0.01
1773594303.090853059,0,0,1.23
1773594303.090853059,1,0,0.01
1773594304.112504063,0,0,1.23
1773594304.112504063,1,0,0.01
1773594305.133933542,0,0,1.23
1773594305.133933542,1,0,0.01
1773594306.154903627,0,0,1.23
1773594306.154903627,1,0,0.01
1773594307.177115979,0,0,1.23
1773594307.177115979,1,0,0.01
1773594308.198051520,0,0,1.23
1773594308.198051520,1,0,0.01
1773594309.219146502,0,37,1.23
1773594309.219146502,1,0,0.01
1773594310.240307602,0,37,1.23
1773594310.240307602,1,0,0.01
1773594311.260683989,0,37,1.23
1773594311.260683989,1,0,0.01
1773594312.281227096,0,0,1.23
1773594312.281227096,1,0,0.01
1773594313.301208201,0,0,1.23
1773594313.301208201,1,0,0.01
1773594314.322742007,0,0,1.23
1773594314.322742007,1,0,0.01
1773594315.344504037,0,0,1.23
1773594315.344504037,1,0,0.01
1773594316.365604064,0,0,1.23
1773594316.365604064,1,0,0.01
1773594317.386425771,0,0,1.23
1773594317.386425771,1,0,0.01
1773594318.407343492,0,0,1.23
1773594318.407343492,1,0,0.01
1773594319.428858755,0,0,1.23
1773594319.428858755,1,0,0.01
1773594320.450489244,0,35,1.23
1773594320.450489244,1,0,0.01
1773594321.471816524,0,35,1.23
1773594321.471816524,1,0,0.01
1773594322.492619482,0,35,1.23
1773594322.492619482,1,0,0.01
1773594323.512648766,0,31,1.23
1773594323.512648766,1,0,0.01
1773594324.533535712,0,0,1.23
1773594324.533535712,1,0,0.01
1773594325.553488296,0,0,1.23
1773594325.553488296,1,0,0.01
1773594326.574900068,0,0,1.23
1773594326.574900068,1,0,0.01
1773594327.597295236,0,0,1.23
1773594327.597295236,1,0,0.01
1773594328.619390131,0,0,1.23
1773594328.619390131,1,0,0.01
1773594329.640212481,0,0,1.23
1773594329.640212481,1,0,0.01
1773594330.661976104,0,0,1.23
1773594330.661976104,1,0,0.01
1773594331.682987791,0,0,1.23
1773594331.682987791,1,0,0.01
1773594332.704605212,0,0,1.23
1773594332.704605212,1,0,0.01
1773594333.726565350,0,0,1.23
1773594333.726565350,1,0,0.01
1773594334.747823155,0,3,1.23
1773594334.747823155,1,0,0.01
1773594335.768630473,0,33,1.23
1773594335.768630473,1,0,0.01
1773594336.788745944,0,36,1.23
1773594336.788745944,1,0,0.01
1773594337.809957390,0,33,1.23
1773594337.809957390,1,0,0.01
1773594338.831766173,0,0,1.23
1773594338.831766173,1,0,0.01
1773594339.852835716,0,0,1.23
1773594339.852835716,1,0,0.01
1773594340.874931763,0,0,1.23
1773594340.874931763,1,0,0.01
1773594341.895493366,0,0,1.23
1773594341.895493366,1,0,0.01
1773594342.915677797,0,35,1.23
1773594342.915677797,1,0,0.01
1773594343.936432828,0,35,1.23
1773594343.936432828,1,0,0.01
1773594344.956759533,0,35,1.23
1773594344.956759533,1,0,0.01
1773594345.976214572,0,0,1.23
1773594345.976214572,1,0,0.01
1773594346.997485688,0,0,1.23
1773594346.997485688,1,0,0.01
1773594348.019575537,0,0,1.23
1773594348.019575537,1,0,0.01
1773594349.040535286,0,0,1.23
1773594349.040535286,1,0,0.01
1773594350.061670503,0,0,1.23
1773594350.061670503,1,0,0.01
1773594351.083468523,0,33,1.23
1773594351.083468523,1,0,0.01
1773594352.104616582,0,33,1.23
1773594352.104616582,1,0,0.01
1773594353.125395341,0,37,1.23
1773594353.125395341,1,0,0.01
1773594354.146517472,0,0,1.23
1773594354.146517472,1,0,0.01
1773594355.168648650,0,0,1.23
1773594355.168648650,1,0,0.01
1773594356.190329663,0,0,1.23
1773594356.190329663,1,0,0.01
1773594357.212136912,0,0,1.23
1773594357.212136912,1,0,0.01
1773594358.234114334,0,0,1.23
1773594358.234114334,1,0,0.01
1773594359.254999763,0,0,1.23
1773594359.254999763,1,0,0.01
1773594360.276599371,0,0,1.23
1773594360.276599371,1,0,0.01
1773594361.297392327,0,0,1.23
1773594361.297392327,1,0,0.01
1773594362.318864875,0,0,1.23
1773594362.318864875,1,0,0.01
1773594363.340837007,0,0,1.23
1773594363.340837007,1,0,0.01
1773594364.361861701,0,0,1.23
1773594364.361861701,1,0,0.01
1773594365.384693155,0,0,1.23
1773594365.384693155,1,0,0.01
1773594366.406163227,0,0,1.23
1773594366.406163227,1,0,0.01
1773594367.426950851,0,31,1.23
1773594367.426950851,1,0,0.01
1773594368.447903111,0,31,1.23
1773594368.447903111,1,0,0.01
1773594369.468792852,0,31,1.23
1773594369.468792852,1,0,0.01
1773594370.488548003,0,31,1.23
1773594370.488548003,1,0,0.01
1773594371.510629475,0,0,1.23
1773594371.510629475,1,0,0.01
1773594372.532669522,0,0,1.23
1773594372.532669522,1,0,0.01
1773594373.553850272,0,0,1.23
1773594373.553850272,1,0,0.01
1773594374.574987694,0,31,1.23
1773594374.574987694,1,0,0.01
1773594375.596545914,0,34,1.23
1773594375.596545914,1,0,0.01
1773594376.617815267,0,33,1.23
1773594376.617815267,1,0,0.01
1773594377.639395712,0,33,1.23
1773594377.639395712,1,0,0.01
1773594378.660218808,0,0,1.23
1773594378.660218808,1,0,0.01
1773594379.681657250,0,0,1.23
1773594379.681657250,1,0,0.01
1773594380.702966852,0,0,1.23
1773594380.702966852,1,0,0.01
1773594381.723840113,0,0,1.23
1773594381.723840113,1,0,0.01
1773594382.743641357,0,0,1.23
1773594382.743641357,1,0,0.01
1773594383.764544788,0,0,1.23
1773594383.764544788,1,0,0.01
1773594384.786360373,0,0,1.23
1773594384.786360373,1,0,0.01
1773594385.807578764,0,0,1.23
1773594385.807578764,1,0,0.01
1773594386.828863552,0,0,1.23
1773594386.828863552,1,0,0.01
1773594387.848485940,0,33,1.23
1773594387.848485940,1,0,0.01
1773594388.870522160,0,37,1.23
1773594388.870522160,1,0,0.01
1773594389.892384389,0,37,1.23
1773594389.892384389,1,0,0.01
1773594390.912736897,0,0,1.23
1773594390.912736897,1,0,0.01
1773594391.933379607,0,0,1.23
1773594391.933379607,1,0,0.01
1773594392.955470872,0,0,1.23
1773594392.955470872,1,0,0.01
1773594393.976997934,0,35,1.23
1773594393.976997934,1,0,0.01
1773594394.998192649,0,31,1.23
1773594394.998192649,1,0,0.01
1773594396.019708021,0,31,1.23
1773594396.019708021,1,0,0.01
1773594397.039610428,0,31,1.23
1773594397.039610428,1,0,0.01
1773594398.060950463,0,0,1.23
1773594398.060950463,1,0,0.01
1773594399.083046110,0,0,1.23
1773594399.083046110,1,0,0.01
1773594400.103018614,0,0,1.23
1773594400.103018614,1,0,0.01
1773594401.122746953,0,0,1.23
1773594401.122746953,1,0,0.01
1773594402.142787007,0,0,1.23
1773594402.142787007,1,0,0.01
1773594403.164821159,0,0,1.23
1773594403.164821159,1,0,0.01
1773594404.185806834,0,0,1.23
1773594404.185806834,1,0,0.01
1773594405.207066096,0,0,1.23
1773594405.207066096,1,0,0.01
1773594406.228703672,0,0,1.23
1773594406.228703672,1,0,0.01
1773594407.251159830,0,0,1.23
1773594407.251159830,1,0,0.01
1773594408.272637528,0,0,1.23
1773594408.272637528,1,0,0.01
1773594409.292306306,0,0,1.23
1773594409.292306306,1,0,0.01
1773594410.314268580,0,33,1.23
1773594410.314268580,1,0,0.01
1773594411.335250313,0,33,1.23
1773594411.335250313,1,0,0.01
1773594412.356135010,0,33,1.23
1773594412.356135010,1,0,0.01
1773594413.376439167,0,22,1.23
1773594413.376439167,1,0,0.01
1773594414.396872035,0,0,1.23
1773594414.396872035,1,0,0.01
1773594415.418119911,0,0,1.23
1773594415.418119911,1,0,0.01
1773594416.439234332,0,0,1.23
1773594416.439234332,1,0,0.01
1773594417.461115666,0,0,1.23
1773594417.461115666,1,0,0.01
1773594418.482117102,0,31,1.23
1773594418.482117102,1,0,0.01
1773594419.503208604,0,31,1.23
1773594419.503208604,1,0,0.01
1773594420.524208631,0,31,1.23
1773594420.524208631,1,0,0.01
1773594421.543843412,0,31,1.23
1773594421.543843412,1,0,0.01
1773594422.564590958,0,0,1.23
1773594422.564590958,1,0,0.01
1773594423.585323192,0,0,1.23
1773594423.585323192,1,0,0.01
1773594424.607409999,0,0,1.23
1773594424.607409999,1,0,0.01
1773594425.629262953,0,0,1.23
1773594425.629262953,1,0,0.01
1773594426.650537291,0,0,1.23
1773594426.650537291,1,0,0.01
1773594427.672793555,0,0,1.23
1773594427.672793555,1,0,0.01
1773594428.693630904,0,0,1.23
1773594428.693630904,1,0,0.01
1773594429.714928556,0,0,1.23
1773594429.714928556,1,0,0.01
1773594430.735513369,0,0,1.23
1773594430.735513369,1,0,0.01
1773594431.757124211,0,0,1.23
1773594431.757124211,1,0,0.01
1773594432.778467883,0,0,1.23
1773594432.778467883,1,0,0.01
1773594433.799661893,0,36,1.23
1773594433.799661893,1,0,0.01
1773594434.821481476,0,36,1.23
1773594434.821481476,1,0,0.01
1773594435.841398756,0,33,1.23
1773594435.841398756,1,0,0.01
1773594436.862604375,0,33,1.23
1773594436.862604375,1,0,0.01
1773594437.882862056,0,0,1.23
1773594437.882862056,1,0,0.01
1773594438.903008781,0,0,1.23
1773594438.903008781,1,0,0.01
1773594439.924761559,0,0,1.23
1773594439.924761559,1,0,0.01
1773594440.946212329,0,0,1.23
1773594440.946212329,1,0,0.01
1773594441.968062244,0,0,1.23
1773594441.968062244,1,0,0.01
1773594442.989091284,0,31,1.23
1773594442.989091284,1,0,0.01
1773594444.010658946,0,31,1.23
1773594444.010658946,1,0,0.01
1773594445.031835589,0,35,1.23
1773594445.031835589,1,0,0.01
1773594446.053838458,0,31,1.23
1773594446.053838458,1,0,0.01
1773594447.074731931,0,0,1.23
1773594447.074731931,1,0,0.01
1773594448.094673295,0,0,1.23
1773594448.094673295,1,0,0.01
1773594449.115682054,0,0,1.23
1773594449.115682054,1,0,0.01
1773594450.136896715,0,0,1.23
1773594450.136896715,1,0,0.01
1773594451.158620379,0,0,1.23
1773594451.158620379,1,0,0.01
1773594452.180780743,0,0,1.23
1773594452.180780743,1,0,0.01
1773594453.202051361,0,0,1.23
1773594453.202051361,1,0,0.01
1773594454.223214801,0,0,1.23
1773594454.223214801,1,0,0.01
1773594455.245208728,0,0,1.23
1773594455.245208728,1,0,0.01
1773594456.266774134,0,0,1.23
1773594456.266774134,1,0,0.01
1773594457.288679051,0,33,1.23
1773594457.288679051,1,0,0.01
1773594458.310156582,0,33,1.23
1773594458.310156582,1,0,0.01
1773594459.331417102,0,33,1.23
1773594459.331417102,1,0,0.01
1773594460.351089491,0,15,1.23
1773594460.351089491,1,0,0.01
1773594461.371725725,0,0,1.23
1773594461.371725725,1,0,0.01
1773594462.392259461,0,0,1.23
1773594462.392259461,1,0,0.01
1773594463.413421975,0,0,1.23
1773594463.413421975,1,0,0.01
1773594464.434389688,0,0,1.23
1773594464.434389688,1,0,0.01
1773594465.456165846,0,0,1.23
1773594465.456165846,1,0,0.01
1773594466.477903997,0,0,1.23
1773594466.477903997,1,0,0.01
1773594467.499794281,0,0,1.23
1773594467.499794281,1,0,0.01
1773594468.521228601,0,0,1.23
1773594468.521228601,1,0,0.01
1773594469.541466770,0,0,1.23
1773594469.541466770,1,0,0.01
1773594470.563373180,0,0,1.23
1773594470.563373180,1,0,0.01
1773594471.584610465,0,0,1.23
1773594471.584610465,1,0,0.01
1773594472.605301738,0,0,1.23
1773594472.605301738,1,0,0.01
1773594473.626937027,0,0,1.23
1773594473.626937027,1,0,0.01
1773594474.648459049,0,0,1.23
1773594474.648459049,1,0,0.01
1773594475.670707523,0,0,1.23
1773594475.670707523,1,0,0.01
1773594476.692619948,0,0,1.23
1773594476.692619948,1,0,0.01
1773594477.714686779,0,0,1.23
1773594477.714686779,1,0,0.01
1773594478.736761879,0,33,1.23
1773594478.736761879,1,0,0.01
1773594479.757821518,0,33,1.23
1773594479.757821518,1,0,0.01
1773594480.777413877,0,33,1.23
1773594480.777413877,1,0,0.01
1773594481.798558372,0,33,1.23
1773594481.798558372,1,0,0.01
1773594482.819672182,0,0,1.23
1773594482.819672182,1,0,0.01
1773594483.841154711,0,0,1.23
1773594483.841154711,1,0,0.01
1773594484.861857034,0,0,1.23
1773594484.861857034,1,0,0.01
1773594485.883592356,0,0,1.23
1773594485.883592356,1,0,0.01
1773594486.904820057,0,0,1.23
1773594486.904820057,1,0,0.01
1773594487.925990882,0,0,1.23
1773594487.925990882,1,0,0.01
1773594488.946855075,0,0,1.23
1773594488.946855075,1,0,0.01
1773594489.967895273,0,0,1.23
1773594489.967895273,1,0,0.01
1773594490.988535396,0,0,1.23
1773594490.988535396,1,0,0.01
1773594492.008543279,0,0,1.23
1773594492.008543279,1,0,0.01
1773594493.029897064,0,0,1.23
1773594493.029897064,1,0,0.01
1773594494.051249019,0,31,1.23
1773594494.051249019,1,0,0.01
1773594495.073024182,0,31,1.23
1773594495.073024182,1,0,0.01
1773594496.092613930,0,35,1.23
1773594496.092613930,1,0,0.01
1773594497.112932223,0,35,1.23
1773594497.112932223,1,0,0.01
1773594498.134798042,0,0,1.23
1773594498.134798042,1,0,0.01
1773594499.154462616,0,0,1.23
1773594499.154462616,1,0,0.01
1773594500.175321124,0,0,1.23
1773594500.175321124,1,0,0.01
1773594501.196645512,0,0,1.23
1773594501.196645512,1,0,0.01
1773594502.218073660,0,0,1.23
1773594502.218073660,1,0,0.01
1773594503.239017360,0,0,1.23
1773594503.239017360,1,0,0.01
1773594504.259909072,0,0,1.23
1773594504.259909072,1,0,0.01
1773594505.281868959,0,37,1.23
1773594505.281868959,1,0,0.01
1773594506.303382322,0,36,1.23
1773594506.303382322,1,0,0.01
1773594507.323091686,0,37,1.23
1773594507.323091686,1,0,0.01
1773594508.344767276,0,32,1.23
1773594508.344767276,1,0,0.01
1773594509.366116874,0,0,1.23
1773594509.366116874,1,0,0.01
1773594510.387555496,0,0,1.23
1773594510.387555496,1,0,0.01
1773594511.408820608,0,0,1.23
1773594511.408820608,1,0,0.01
1773594512.430766208,0,0,1.23
1773594512.430766208,1,0,0.01
1773594513.452539052,0,36,1.23
1773594513.452539052,1,0,0.01
1773594514.473831141,0,35,1.23
1773594514.473831141,1,0,0.01
1773594515.495134516,0,31,1.23
1773594515.495134516,1,0,0.01
1773594516.516168832,0,28,1.23
1773594516.516168832,1,0,0.01
1773594517.537204346,0,0,1.23
1773594517.537204346,1,0,0.01
1773594518.559077073,0,0,1.23
1773594518.559077073,1,0,0.01
1773594519.581021302,0,0,1.23
1773594519.581021302,1,0,0.01
1773594520.602814392,0,0,1.23
1773594520.602814392,1,0,0.01
1773594521.624107583,0,31,1.23
1773594521.624107583,1,0,0.01
1773594522.645282159,0,31,1.23
1773594522.645282159,1,0,0.01
1773594523.665587540,0,36,1.23
1773594523.665587540,1,0,0.01
1773594524.687407956,0,33,1.23
1773594524.687407956,1,0,0.01
1773594525.708630425,0,0,1.23
1773594525.708630425,1,0,0.01
1773594526.729749689,0,0,1.23
1773594526.729749689,1,0,0.01
1773594527.751624319,0,0,1.23
1773594527.751624319,1,0,0.01
1773594528.774149808,0,0,1.23
1773594528.774149808,1,0,0.01
1773594529.794981267,0,0,1.23
1773594529.794981267,1,0,0.01
1773594530.815973760,0,0,1.23
1773594530.815973760,1,0,0.01
1773594531.837770516,0,0,1.23
1773594531.837770516,1,0,0.01
1773594532.859140919,0,0,1.23
1773594532.859140919,1,0,0.01
1773594533.880973876,0,0,1.23
1773594533.880973876,1,0,0.01
1773594534.901903136,0,37,1.23
1773594534.901903136,1,0,0.01
1773594535.922866502,0,33,1.23
1773594535.922866502,1,0,0.01
1773594536.944188113,0,33,1.23
1773594536.944188113,1,0,0.01
1773594537.964781786,0,0,1.23
1773594537.964781786,1,0,0.01
1773594538.986868595,0,0,1.23
1773594538.986868595,1,0,0.01
1773594540.008780708,0,4,1.23
1773594540.008780708,1,0,0.01
1773594541.029952913,0,31,1.23
1773594541.029952913,1,0,0.01
1773594542.051881362,0,31,1.23
1773594542.051881362,1,0,0.01
1773594543.073828179,0,31,1.23
1773594543.073828179,1,0,0.01
1773594544.095161874,0,31,1.23
1773594544.095161874,1,0,0.01
1773594545.115195515,0,0,1.23
1773594545.115195515,1,0,0.01
1773594546.137627301,0,0,1.23
1773594546.137627301,1,0,0.01
1773594547.158730797,0,0,1.23
1773594547.158730797,1,0,0.01
1773594548.180900231,0,0,1.23
1773594548.180900231,1,0,0.01
1773594549.202790479,0,32,1.23
1773594549.202790479,1,0,0.01
1773594550.224184346,0,33,1.23
1773594550.224184346,1,0,0.01
1773594551.245461306,0,36,1.23
1773594551.245461306,1,0,0.01
1773594552.266694264,0,0,1.23
1773594552.266694264,1,0,0.01
1773594553.287238499,0,0,1.23
1773594553.287238499,1,0,0.01
1773594554.309167855,0,0,1.23
1773594554.309167855,1,0,0.01
1773594555.330850964,0,0,1.23
1773594555.330850964,1,0,0.01
1773594556.351516454,0,0,1.23
1773594556.351516454,1,0,0.01
1773594557.373078886,0,0,1.23
1773594557.373078886,1,0,0.01
1773594558.394433927,0,0,1.23
1773594558.394433927,1,0,0.01
1773594559.416287323,0,0,1.23
1773594559.416287323,1,0,0.01
1773594560.437385687,0,0,1.23
1773594560.437385687,1,0,0.01
1773594561.459420729,0,0,1.23
1773594561.459420729,1,0,0.01
1773594562.480994565,0,0,1.23
1773594562.480994565,1,0,0.01
1773594563.502095920,0,0,1.23
1773594563.502095920,1,0,0.01
1773594564.523861102,0,36,1.23
1773594564.523861102,1,0,0.01
1773594565.545738470,0,31,1.23
1773594565.545738470,1,0,0.01
1773594566.566327438,0,35,1.23
1773594566.566327438,1,0,0.01
1773594567.588112531,0,31,1.23
1773594567.588112531,1,0,0.01
1773594568.609465123,0,0,1.23
1773594568.609465123,1,0,0.01
1773594569.630494666,0,0,1.23
1773594569.630494666,1,0,0.01
1773594570.652191076,0,0,1.23
1773594570.652191076,1,0,0.01
1773594571.673063465,0,31,1.23
1773594571.673063465,1,0,0.01
1773594572.694670710,0,31,1.23
1773594572.694670710,1,0,0.01
1773594573.716159210,0,31,1.23
1773594573.716159210,1,0,0.01
1773594574.737174802,0,34,1.23
1773594574.737174802,1,0,0.01
1773594575.758477403,0,0,1.23
1773594575.758477403,1,0,0.01
1773594576.779879109,0,0,1.23
1773594576.779879109,1,0,0.01
1773594577.801392911,0,0,1.23
1773594577.801392911,1,0,0.01
1773594578.822579226,0,0,1.23
1773594578.822579226,1,0,0.01
1773594579.843977060,0,0,1.23
1773594579.843977060,1,0,0.01
1773594580.864887298,0,0,1.23
1773594580.864887298,1,0,0.01
1773594581.886136848,0,0,1.23
1773594581.886136848,1,0,0.01
1773594582.906879818,0,0,1.23
1773594582.906879818,1,0,0.01
1773594583.929516915,0,0,1.23
1773594583.929516915,1,0,0.01
1773594584.949774258,0,0,1.23
1773594584.949774258,1,0,0.01
1773594585.971088932,0,0,1.23
1773594585.971088932,1,0,0.01
1773594586.990762767,0,0,1.23
1773594586.990762767,1,0,0.01
1773594588.012855608,0,0,1.23
1773594588.012855608,1,0,0.01
1773594589.034209945,0,0,1.23
1773594589.034209945,1,0,0.01
1773594590.055945736,0,0,1.23
1773594590.055945736,1,0,0.01
1773594591.076541102,0,31,1.23
1773594591.076541102,1,0,0.01
1773594592.096236537,0,31,1.23
1773594592.096236537,1,0,0.01
1773594593.116453714,0,35,1.23
1773594593.116453714,1,0,0.01
1773594594.137106714,0,35,1.23
1773594594.137106714,1,0,0.01
1773594595.157358976,0,0,1.23
1773594595.157358976,1,0,0.01
1773594596.179563384,0,0,1.23
1773594596.179563384,1,0,0.01
1773594597.201293687,0,0,1.23
1773594597.201293687,1,0,0.01
1773594598.222999011,0,0,1.23
1773594598.222999011,1,0,0.01
1773594599.244632961,0,0,1.23
1773594599.244632961,1,0,0.01
1773594600.264584561,0,0,1.23
1773594600.264584561,1,0,0.01
1773594601.286473086,0,0,1.23
1773594601.286473086,1,0,0.01
1773594602.307415490,0,0,1.23
1773594602.307415490,1,0,0.01
1773594603.329440603,0,0,1.23
1773594603.329440603,1,0,0.01
1773594604.354471322,0,0,1.23
1773594604.354471322,1,0,0.01
1773594605.375454750,0,33,1.23
1773594605.375454750,1,0,0.01
1773594606.396852081,0,33,1.23
1773594606.396852081,1,0,0.01
1773594607.416702385,0,34,1.23
1773594607.416702385,1,0,0.01
1773594608.436721686,0,0,1.23
1773594608.436721686,1,0,0.01
1773594609.458459427,0,0,1.23
1773594609.458459427,1,0,0.01
1773594610.478945158,0,0,1.23
1773594610.478945158,1,0,0.01
1773594611.500370984,0,0,1.23
1773594611.500370984,1,0,0.01
1773594612.520187231,0,0,1.23
1773594612.520187231,1,0,0.01
1773594613.541800402,0,0,1.23
1773594613.541800402,1,0,0.01
1773594614.563615637,0,0,1.23
1773594614.563615637,1,0,0.01
1773594615.584859982,0,0,1.23
1773594615.584859982,1,0,0.01
1773594616.606120141,0,0,1.23
1773594616.606120141,1,0,0.01
1773594617.627695885,0,0,1.23
1773594617.627695885,1,0,0.01
1773594618.649389511,0,0,1.23
1773594618.649389511,1,0,0.01
1773594619.670778867,0,0,1.23
1773594619.670778867,1,0,0.01
1773594620.691737462,0,0,1.23
1773594620.691737462,1,0,0.01
1773594621.713890933,0,0,1.23
1773594621.713890933,1,0,0.01
1773594622.735194720,0,37,1.23
1773594622.735194720,1,0,0.01
1773594623.756157544,0,37,1.23
1773594623.756157544,1,0,0.01
1773594624.777142242,0,37,1.23
1773594624.777142242,1,0,0.01
1773594625.797684590,0,0,1.23
1773594625.797684590,1,0,0.01
1773594626.817890196,0,0,1.23
1773594626.817890196,1,0,0.01
1773594627.837897540,0,0,1.23
1773594627.837897540,1,0,0.01
1773594628.857646655,0,0,1.23
1773594628.857646655,1,0,0.01
1773594629.878961958,0,0,1.23
1773594629.878961958,1,0,0.01
1773594630.900567565,0,0,1.23
1773594630.900567565,1,0,0.01
1773594631.921652796,0,0,1.23
1773594631.921652796,1,0,0.01
1773594632.942768276,0,37,1.23
1773594632.942768276,1,0,0.01
1773594633.964396397,0,37,1.23
1773594633.964396397,1,0,0.01
1773594634.985174096,0,36,1.23
1773594634.985174096,1,0,0.01
1773594636.004760686,0,37,1.23
1773594636.004760686,1,0,0.01
1773594637.024497217,0,0,1.23
1773594637.024497217,1,0,0.01
1773594638.044277106,0,0,1.23
1773594638.044277106,1,0,0.01
1773594639.065810370,0,35,1.23
1773594639.065810370,1,0,0.01
1773594640.087940822,0,31,1.23
1773594640.087940822,1,0,0.01
1773594641.109299536,0,31,1.23
1773594641.109299536,1,0,0.01
1773594642.130780254,0,31,1.23
1773594642.130780254,1,0,0.01
1773594643.151610510,0,0,1.23
1773594643.151610510,1,0,0.01
1773594644.172365194,0,0,1.23
1773594644.172365194,1,0,0.01
1773594645.192106866,0,0,1.23
1773594645.192106866,1,0,0.01
1773594646.214262248,0,0,1.23
1773594646.214262248,1,0,0.01
1773594647.235993788,0,0,1.23
1773594647.235993788,1,0,0.01
1773594648.257557712,0,0,1.23
1773594648.257557712,1,0,0.01
1773594649.278631702,0,0,1.23
1773594649.278631702,1,0,0.01
1773594650.299930477,0,34,1.23
1773594650.299930477,1,0,0.01
1773594651.321560517,0,37,1.23
1773594651.321560517,1,0,0.01
1773594652.342518600,0,37,1.23
1773594652.342518600,1,0,0.01
1773594653.362081353,0,37,1.23
1773594653.362081353,1,0,0.01
1773594654.384148410,0,0,1.23
1773594654.384148410,1,0,0.01
1773594655.405555862,0,0,1.23
1773594655.405555862,1,0,0.01
1773594656.426568197,0,0,1.23
1773594656.426568197,1,0,0.01
1773594657.447921275,0,0,1.23
1773594657.447921275,1,0,0.01
1773594658.468940566,0,0,1.23
1773594658.468940566,1,0,0.01
1773594659.489948586,0,0,1.23
1773594659.489948586,1,0,0.01
1773594660.510710158,0,17,1.23
1773594660.510710158,1,0,0.01
1773594661.531958003,0,31,1.23
1773594661.531958003,1,0,0.01
1773594662.551541637,0,31,1.23
1773594662.551541637,1,0,0.01
1773594663.572136236,0,31,1.23
1773594663.572136236,1,0,0.01
1773594664.591919127,0,21,1.23
1773594664.591919127,1,0,0.01
1773594665.613651670,0,0,1.23
1773594665.613651670,1,0,0.01
1773594666.634974990,0,0,1.23
1773594666.634974990,1,0,0.01
1773594667.655595441,0,0,1.23
1773594667.655595441,1,0,0.01
1773594668.675395438,0,0,1.23
1773594668.675395438,1,0,0.01
1773594669.696591737,0,0,1.23
1773594669.696591737,1,0,0.01
1773594670.718847656,0,0,1.23
1773594670.718847656,1,0,0.01
1773594671.740116391,0,0,1.23
1773594671.740116391,1,0,0.01
1773594672.761637987,0,0,1.23
1773594672.761637987,1,0,0.01
1773594673.783176211,0,0,1.23
1773594673.783176211,1,0,0.01
1773594674.804661953,0,0,1.23
1773594674.804661953,1,0,0.01
1773594675.827255806,0,0,1.23
1773594675.827255806,1,0,0.01
1773594676.849236050,0,33,1.23
1773594676.849236050,1,0,0.01
1773594677.870573903,0,37,1.23
1773594677.870573903,1,0,0.01
1773594678.891630800,0,33,1.23
1773594678.891630800,1,0,0.01
1773594679.913364436,0,33,1.23
1773594679.913364436,1,0,0.01
1773594680.933620796,0,0,1.23
1773594680.933620796,1,0,0.01
1773594681.955466730,0,0,1.23
1773594681.955466730,1,0,0.01
1773594682.976626853,0,0,1.23
1773594682.976626853,1,0,0.01
1773594683.997810142,0,0,1.23
1773594683.997810142,1,0,0.01
1773594685.017453652,0,31,1.23
1773594685.017453652,1,0,0.01
1773594686.037651424,0,35,1.23
1773594686.037651424,1,0,0.01
1773594687.058576253,0,31,1.23
1773594687.058576253,1,0,0.01
1773594688.080092434,0,29,1.23
1773594688.080092434,1,0,0.01
1773594689.100099371,0,0,1.23
1773594689.100099371,1,0,0.01
1773594690.121802136,0,0,1.23
1773594690.121802136,1,0,0.01
1773594691.143908183,0,0,1.23
1773594691.143908183,1,0,0.01
1773594692.164888899,0,0,1.23
1773594692.164888899,1,0,0.01
1773594693.186222343,0,0,1.23
1773594693.186222343,1,0,0.01
1773594694.207585514,0,0,1.23
1773594694.207585514,1,0,0.01
1773594695.229138092,0,0,1.23
1773594695.229138092,1,0,0.01
1773594696.250251061,0,8,1.23
1773594696.250251061,1,0,0.01
1773594697.272479357,0,33,1.23
1773594697.272479357,1,0,0.01
1773594698.292927296,0,33,1.23
1773594698.292927296,1,0,0.01
1773594699.314928934,0,33,1.23
1773594699.314928934,1,0,0.01
1773594700.336201312,0,0,1.23
1773594700.336201312,1,0,0.01
1773594701.355846993,0,0,1.23
1773594701.355846993,1,0,0.01
1773594702.377297515,0,0,1.23
1773594702.377297515,1,0,0.01
1773594703.398971939,0,0,1.23
1773594703.398971939,1,0,0.01
1773594704.420364823,0,9,1.23
1773594704.420364823,1,0,0.01
1773594705.442401826,0,37,1.23
1773594705.442401826,1,0,0.01
1773594706.464318779,0,37,1.23
1773594706.464318779,1,0,0.01
1773594707.485969826,0,37,1.23
1773594707.485969826,1,0,0.01
1773594708.506756029,0,0,1.23
1773594708.506756029,1,0,0.01
1773594709.526938693,0,0,1.23
1773594709.526938693,1,0,0.01
1773594710.548896117,0,0,1.23
1773594710.548896117,1,0,0.01
1773594711.569885607,0,0,1.23
1773594711.569885607,1,0,0.01
1773594712.591357640,0,0,1.23
1773594712.591357640,1,0,0.01
1773594713.612933477,0,0,1.23
1773594713.612933477,1,0,0.01
1773594714.634290490,0,0,1.23
1773594714.634290490,1,0,0.01
1773594715.655857831,0,35,1.23
1773594715.655857831,1,0,0.01
1773594716.677227868,0,35,1.23
1773594716.677227868,1,0,0.01
1773594717.698448334,0,35,1.23
1773594717.698448334,1,0,0.01
1773594718.722643188,0,0,1.23
1773594718.722643188,1,0,0.01
1773594719.743643148,0,0,1.23
1773594719.743643148,1,0,0.01
1773594720.764838418,0,0,1.23
1773594720.764838418,1,0,0.01
1773594721.786837710,0,0,1.23
1773594721.786837710,1,0,0.01
1773594722.808763645,0,0,1.23
1773594722.808763645,1,0,0.01
1773594723.829970234,0,0,1.23
1773594723.829970234,1,0,0.01
1773594724.850895428,0,0,1.23
1773594724.850895428,1,0,0.01
1773594725.872032979,0,0,1.23
1773594725.872032979,1,0,0.01
1773594726.893462480,0,22,1.23
1773594726.893462480,1,0,0.01
1773594727.914960714,0,37,1.23
1773594727.914960714,1,0,0.01
1773594728.934850647,0,34,1.23
1773594728.934850647,1,0,0.01
1773594729.955956834,0,37,1.23
1773594729.955956834,1,0,0.01
1773594730.977526937,0,0,1.23
1773594730.977526937,1,0,0.01
1773594731.999355017,0,11,1.23
1773594731.999355017,1,0,0.01
1773594733.021126004,0,31,1.23
1773594733.021126004,1,0,0.01
1773594734.044644026,0,35,1.23
1773594734.044644026,1,0,0.01
1773594735.066203469,0,35,1.23
1773594735.066203469,1,0,0.01
1773594736.086406607,0,0,1.23
1773594736.086406607,1,0,0.01
1773594737.107867728,0,0,1.23
1773594737.107867728,1,0,0.01
1773594738.129435313,0,0,1.23
1773594738.129435313,1,0,0.01
1773594739.151597115,0,0,1.23
1773594739.151597115,1,0,0.01
1773594740.172925140,0,4,1.23
1773594740.172925140,1,0,0.01
1773594741.194094499,0,35,1.23
1773594741.194094499,1,0,0.01
1773594742.215520567,0,37,1.23
1773594742.215520567,1,0,0.01
1773594743.236920268,0,37,1.23
1773594743.236920268,1,0,0.01
1773594744.258191398,0,0,1.23
1773594744.258191398,1,0,0.01
1773594745.278109910,0,0,1.23
1773594745.278109910,1,0,0.01
1773594746.300119445,0,0,1.23
1773594746.300119445,1,0,0.01
1773594747.320830331,0,0,1.23
1773594747.320830331,1,0,0.01
1773594748.342327879,0,0,1.23
1773594748.342327879,1,0,0.01
1773594749.364551107,0,0,1.23
1773594749.364551107,1,0,0.01
1773594750.385888049,0,0,1.23
1773594750.385888049,1,0,0.01
1773594751.407473698,0,0,1.23
1773594751.407473698,1,0,0.01
1773594752.428765518,0,0,1.23
1773594752.428765518,1,0,0.01
1773594753.449854070,0,0,1.23
1773594753.449854070,1,0,0.01
1773594754.472232441,0,32,1.23
1773594754.472232441,1,0,0.01
1773594755.493354780,0,33,1.23
1773594755.493354780,1,0,0.01
1773594756.514795408,0,31,1.23
1773594756.514795408,1,0,0.01
1773594757.534571498,0,31,1.23
1773594757.534571498,1,0,0.01
1773594758.554034817,0,0,1.23
1773594758.554034817,1,0,0.01
1773594759.574353156,0,0,1.23
1773594759.574353156,1,0,0.01
1773594760.595433650,0,0,1.23
1773594760.595433650,1,0,0.01
1773594761.616633711,0,0,1.23
1773594761.616633711,1,0,0.01
1773594762.638024266,0,0,1.23
1773594762.638024266,1,0,0.01
1773594763.660359613,0,0,1.23
1773594763.660359613,1,0,0.01
1773594764.682613280,0,0,1.23
1773594764.682613280,1,0,0.01
1773594765.703283692,0,0,1.23
1773594765.703283692,1,0,0.01
1773594766.724664041,0,0,1.23
1773594766.724664041,1,0,0.01
1773594767.746855706,0,0,1.23
1773594767.746855706,1,0,0.01
1773594768.768624191,0,0,1.23
1773594768.768624191,1,0,0.01
1773594769.789685240,0,0,1.23
1773594769.789685240,1,0,0.01
1773594770.811365570,0,33,1.23
1773594770.811365570,1,0,0.01
1773594771.832707453,0,33,1.23
1773594771.832707453,1,0,0.01
1773594772.852252725,0,37,1.23
1773594772.852252725,1,0,0.01
1773594773.873646594,0,0,1.23
1773594773.873646594,1,0,0.01
1773594774.895171540,0,0,1.23
1773594774.895171540,1,0,0.01
1773594775.916400150,0,37,1.23
1773594775.916400150,1,0,0.01
1773594776.937419468,0,37,1.23
1773594776.937419468,1,0,0.01
1773594777.958946907,0,34,1.23
1773594777.958946907,1,0,0.01
1773594778.980775647,0,0,1.23
1773594778.980775647,1,0,0.01
1773594780.000840035,0,0,1.23
1773594780.000840035,1,0,0.01
1773594781.022587869,0,0,1.23
1773594781.022587869,1,0,0.01
1773594782.043733784,0,0,1.23
1773594782.043733784,1,0,0.01
1773594783.065452223,0,0,1.23
1773594783.065452223,1,0,0.01
1773594784.086649096,0,0,1.23
1773594784.086649096,1,0,0.01
1773594785.107954483,0,0,1.23
1773594785.107954483,1,0,0.01
1773594786.129433257,0,0,1.23
1773594786.129433257,1,0,0.01
1773594787.151054993,0,0,1.23
1773594787.151054993,1,0,0.01
1773594788.172387548,0,0,1.23
1773594788.172387548,1,0,0.01
1773594789.193950575,0,0,1.23
1773594789.193950575,1,0,0.01
1773594790.214524125,0,0,1.23
1773594790.214524125,1,0,0.01
1773594791.236111114,0,0,1.23
1773594791.236111114,1,0,0.01
1773594792.257857919,0,0,1.23
1773594792.257857919,1,0,0.01
1773594793.279838843,0,0,1.23
1773594793.279838843,1,0,0.01
1773594794.301402019,0,0,1.23
1773594794.301402019,1,0,0.01
1773594795.322482940,0,0,1.23
1773594795.322482940,1,0,0.01
1773594796.343404420,0,0,1.23
1773594796.343404420,1,0,0.01
1773594797.365154265,0,0,1.23
1773594797.365154265,1,0,0.01
1773594798.387077946,0,0,1.23
1773594798.387077946,1,0,0.01
1773594799.407909383,0,37,1.23
1773594799.407909383,1,0,0.01
1773594800.427493480,0,37,1.23
1773594800.427493480,1,0,0.01
1773594801.448645666,0,34,1.23
1773594801.448645666,1,0,0.01
1773594802.469526442,0,0,1.23
1773594802.469526442,1,0,0.01
1773594803.489359543,0,0,1.23
1773594803.489359543,1,0,0.01
1773594804.510662524,0,0,1.23
1773594804.510662524,1,0,0.01
1773594805.531912105,0,0,1.23
1773594805.531912105,1,0,0.01
1773594806.552596015,0,0,1.23
1773594806.552596015,1,0,0.01
1773594807.573002949,0,32,1.23
1773594807.573002949,1,0,0.01
1773594808.594559331,0,32,1.23
1773594808.594559331,1,0,0.01
1773594809.615263284,0,35,1.23
1773594809.615263284,1,0,0.01
1773594810.637407782,0,14,1.23
1773594810.637407782,1,0,0.01
1773594811.658442759,0,0,1.23
1773594811.658442759,1,0,0.01
1773594812.679225464,0,0,1.23
1773594812.679225464,1,0,0.01
1773594813.700479220,0,0,1.23
1773594813.700479220,1,0,0.01
1773594814.722494667,0,0,1.23
1773594814.722494667,1,0,0.01
1773594815.743547163,0,0,1.23
1773594815.743547163,1,0,0.01
1773594816.764593406,0,33,1.23
1773594816.764593406,1,0,0.01
1773594817.785467474,0,34,1.23
1773594817.785467474,1,0,0.01
1773594818.806053849,0,37,1.23
1773594818.806053849,1,0,0.01
1773594819.828403240,0,37,1.23
1773594819.828403240,1,0,0.01
1773594820.848861567,0,0,1.23
1773594820.848861567,1,0,0.01
1773594821.868895988,0,0,1.23
1773594821.868895988,1,0,0.01
1773594822.890604605,0,0,1.23
1773594822.890604605,1,0,0.01
1773594823.911958048,0,0,1.23
1773594823.911958048,1,0,0.01
1773594824.931586866,0,0,1.23
1773594824.931586866,1,0,0.01
1773594825.951487762,0,0,1.23
1773594825.951487762,1,0,0.01
1773594826.972821058,0,0,1.23
1773594826.972821058,1,0,0.01
1773594827.994586014,0,0,1.23
1773594827.994586014,1,0,0.01
1773594829.016376755,0,0,1.23
1773594829.016376755,1,0,0.01
1773594830.037134315,0,0,1.23
1773594830.037134315,1,0,0.01
1773594831.057218350,0,36,1.23
1773594831.057218350,1,0,0.01
1773594832.078701420,0,36,1.23
1773594832.078701420,1,0,0.01
1773594833.098601576,0,31,1.23
1773594833.098601576,1,0,0.01
1773594834.120608396,0,31,1.23
1773594834.120608396,1,0,0.01
1773594835.140553013,0,0,1.23
1773594835.140553013,1,0,0.01
1773594836.162077014,0,31,1.23
1773594836.162077014,1,0,0.01
1773594837.183208751,0,31,1.23
1773594837.183208751,1,0,0.01
1773594838.204113998,0,31,1.23
1773594838.204113998,1,0,0.01
1773594839.225455665,0,31,1.23
1773594839.225455665,1,0,0.01
1773594840.245678675,0,0,1.23
1773594840.245678675,1,0,0.01
1773594841.266607498,0,0,1.23
1773594841.266607498,1,0,0.01
1773594842.288356995,0,0,1.23
1773594842.288356995,1,0,0.01
1773594843.309750503,0,0,1.23
1773594843.309750503,1,0,0.01
1773594844.331145139,0,0,1.23
1773594844.331145139,1,0,0.01
1773594845.352330642,0,0,1.23
1773594845.352330642,1,0,0.01
1773594846.374163720,0,0,1.23
1773594846.374163720,1,0,0.01
1773594847.395376387,0,0,1.23
1773594847.395376387,1,0,0.01
1773594848.416839662,0,37,1.23
1773594848.416839662,1,0,0.01
1773594849.439216392,0,34,1.23
1773594849.439216392,1,0,0.01
1773594850.460195807,0,34,1.23
1773594850.460195807,1,0,0.01
1773594851.479851246,0,33,1.23
1773594851.479851246,1,0,0.01
1773594852.499699594,0,0,1.23
1773594852.499699594,1,0,0.01
1773594853.521829541,0,0,1.23
1773594853.521829541,1,0,0.01
1773594854.543719855,0,0,1.23
1773594854.543719855,1,0,0.01
1773594855.564889206,0,0,1.23
1773594855.564889206,1,0,0.01
1773594856.586322436,0,0,1.23
1773594856.586322436,1,0,0.01
1773594857.606776313,0,0,1.23
1773594857.606776313,1,0,0.01
1773594858.628850142,0,17,1.23
1773594858.628850142,1,0,0.01
1773594859.649879088,0,32,1.23
1773594859.649879088,1,0,0.01
1773594860.670772554,0,35,1.23
1773594860.670772554,1,0,0.01
1773594861.692932598,0,32,1.23
1773594861.692932598,1,0,0.01
1773594862.712760373,0,0,1.23
1773594862.712760373,1,0,0.01
1773594863.732841798,0,0,1.23
1773594863.732841798,1,0,0.01
1773594864.752846937,0,37,1.23
1773594864.752846937,1,0,0.01
1773594865.773615451,0,37,1.23
1773594865.773615451,1,0,0.01
1773594866.793935618,0,37,1.23
1773594866.793935618,1,0,0.01
1773594867.815235480,0,0,1.23
1773594867.815235480,1,0,0.01
1773594868.836969840,0,0,1.23
1773594868.836969840,1,0,0.01
1773594869.856915439,0,0,1.23
1773594869.856915439,1,0,0.01
1773594870.877956994,0,0,1.23
1773594870.877956994,1,0,0.01
1773594871.899138721,0,0,1.23
1773594871.899138721,1,0,0.01
1773594872.920276843,0,0,1.23
1773594872.920276843,1,0,0.01
1773594873.941645225,0,0,1.23
1773594873.941645225,1,0,0.01
1773594874.962894953,0,0,1.23
1773594874.962894953,1,0,0.01
1773594875.984763533,0,0,1.23
1773594875.984763533,1,0,0.01
1773594877.005666978,0,0,1.23
1773594877.005666978,1,0,0.01
1773594878.026981421,0,37,1.23
1773594878.026981421,1,0,0.01
1773594879.048290670,0,34,1.23
1773594879.048290670,1,0,0.01
1773594880.068858383,0,34,1.23
1773594880.068858383,1,0,0.01
1773594881.088942320,0,31,1.23
1773594881.088942320,1,0,0.01
1773594882.109775388,0,0,1.23
1773594882.109775388,1,0,0.01
1773594883.129692449,0,31,1.23
1773594883.129692449,1,0,0.01
1773594884.151090227,0,31,1.23
1773594884.151090227,1,0,0.01
1773594885.170765904,0,31,1.23
1773594885.170765904,1,0,0.01
1773594886.191873502,0,31,1.23
1773594886.191873502,1,0,0.01
1773594887.211962732,0,0,1.23
1773594887.211962732,1,0,0.01
1773594888.232691312,0,0,1.23
1773594888.232691312,1,0,0.01
1773594889.254499619,0,0,1.23
1773594889.254499619,1,0,0.01
1773594890.276121755,0,0,1.23
1773594890.276121755,1,0,0.01
1773594891.298101597,0,0,1.23
1773594891.298101597,1,0,0.01
1773594892.319289840,0,0,1.23
1773594892.319289840,1,0,0.01
1773594893.340813052,0,7,1.23
1773594893.340813052,1,0,0.01
1773594894.362090265,0,33,1.23
1773594894.362090265,1,0,0.01
1773594895.382032290,0,34,1.23
1773594895.382032290,1,0,0.01
1773594896.403922412,0,34,1.23
1773594896.403922412,1,0,0.01
1773594897.424155611,0,0,1.23
1773594897.424155611,1,0,0.01
1773594898.445678315,0,0,1.23
1773594898.445678315,1,0,0.01
1773594899.467130683,0,0,1.23
1773594899.467130683,1,0,0.01
1773594900.488358054,0,0,1.23
1773594900.488358054,1,0,0.01
1773594901.509658275,0,0,1.23
1773594901.509658275,1,0,0.01
1773594902.531127832,0,0,1.23
1773594902.531127832,1,0,0.01
1773594903.553247566,0,0,1.23
1773594903.553247566,1,0,0.01
1773594904.574535056,0,0,1.23
1773594904.574535056,1,0,0.01
1773594905.595684521,0,0,1.23
1773594905.595684521,1,0,0.01
1773594906.617548965,0,0,1.23
1773594906.617548965,1,0,0.01
1773594907.638835201,0,31,1.23
1773594907.638835201,1,0,0.01
1773594908.660170087,0,35,1.23
1773594908.660170087,1,0,0.01
1773594909.682092102,0,35,1.23
1773594909.682092102,1,0,0.01
1773594910.703311101,0,0,1.23
1773594910.703311101,1,0,0.01
1773594911.724439872,0,0,1.23
1773594911.724439872,1,0,0.01
1773594912.745747973,0,0,1.23
1773594912.745747973,1,0,0.01
1773594913.766838455,0,0,1.23
1773594913.766838455,1,0,0.01
1773594914.788302893,0,0,1.23
1773594914.788302893,1,0,0.01
1773594915.809877451,0,0,1.23
1773594915.809877451,1,0,0.01
1773594916.831764777,0,0,1.23
1773594916.831764777,1,0,0.01
1773594917.853099359,0,0,1.23
1773594917.853099359,1,0,0.01
1773594918.874221669,0,0,1.23
1773594918.874221669,1,0,0.01
1773594919.895599133,0,0,1.23
1773594919.895599133,1,0,0.01
1773594920.917219636,0,0,1.23
1773594920.917219636,1,0,0.01
1773594921.938171816,0,37,1.23
1773594921.938171816,1,0,0.01
1773594922.959511546,0,37,1.23
1773594922.959511546,1,0,0.01
1773594923.979415979,0,37,1.23
1773594923.979415979,1,0,0.01
1773594924.999273457,0,0,1.23
1773594924.999273457,1,0,0.01
1773594926.020052729,0,0,1.23
1773594926.020052729,1,0,0.01
1773594927.041978636,0,0,1.23
1773594927.041978636,1,0,0.01
1773594928.063573684,0,0,1.23
1773594928.063573684,1,0,0.01
1773594929.084698483,0,0,1.23
1773594929.084698483,1,0,0.01
1773594930.105821342,0,0,1.23
1773594930.105821342,1,0,0.01
1773594931.126820647,0,0,1.23
1773594931.126820647,1,0,0.01
1773594932.148030808,0,35,1.23
1773594932.148030808,1,0,0.01
1773594933.169202802,0,35,1.23
1773594933.169202802,1,0,0.01
1773594934.190224336,0,31,1.23
1773594934.190224336,1,0,0.01
1773594935.211709631,0,0,1.23
1773594935.211709631,1,0,0.01
1773594936.231796077,0,0,1.23
1773594936.231796077,1,0,0.01
1773594937.253205516,0,0,1.23
1773594937.253205516,1,0,0.01
1773594938.274880216,0,0,1.23
1773594938.274880216,1,0,0.01
1773594939.296026199,0,0,1.23
1773594939.296026199,1,0,0.01
1773594940.317316458,0,0,1.23
1773594940.317316458,1,0,0.01
1773594941.339350211,0,0,1.23
1773594941.339350211,1,0,0.01
1773594942.360491512,0,0,1.23
1773594942.360491512,1,0,0.01
1773594943.381933057,0,0,1.23
1773594943.381933057,1,0,0.01
1773594944.402836335,0,0,1.23
1773594944.402836335,1,0,0.01
1773594945.423504955,0,0,1.23
1773594945.423504955,1,0,0.01
1773594946.444623619,0,0,1.23
1773594946.444623619,1,0,0.01
1773594947.465545029,0,34,1.23
1773594947.465545029,1,0,0.01
1773594948.487551927,0,33,1.23
1773594948.487551927,1,0,0.01
1773594949.507079761,0,37,1.23
1773594949.507079761,1,0,0.01
1773594950.528459628,0,33,1.23
1773594950.528459628,1,0,0.01
1773594951.549907519,0,0,1.23
1773594951.549907519,1,0,0.01
1773594952.571419495,0,37,1.23
1773594952.571419495,1,0,0.01
1773594953.592778427,0,37,1.23
1773594953.592778427,1,0,0.01
1773594954.614169587,0,33,1.23
1773594954.614169587,1,0,0.01
1773594955.635721359,0,31,1.23
1773594955.635721359,1,0,0.01
1773594956.656045625,0,0,1.23
1773594956.656045625,1,0,0.01
1773594957.677886191,0,0,1.23
1773594957.677886191,1,0,0.01
1773594958.699351108,0,0,1.23
1773594958.699351108,1,0,0.01
1773594959.721554311,0,0,1.23
1773594959.721554311,1,0,0.01
1773594960.743779614,0,17,1.23
1773594960.743779614,1,0,0.01
1773594961.765571933,0,35,1.23
1773594961.765571933,1,0,0.01
1773594962.786412769,0,31,1.23
1773594962.786412769,1,0,0.01
1773594963.807645336,0,31,1.23
1773594963.807645336,1,0,0.01
1773594964.828570045,0,0,1.23
1773594964.828570045,1,0,0.01
1773594965.848026718,0,0,1.23
1773594965.848026718,1,0,0.01
1773594966.869657060,0,0,1.23
1773594966.869657060,1,0,0.01
1773594967.890534327,0,0,1.23
1773594967.890534327,1,0,0.01
1773594968.912734538,0,0,1.23
1773594968.912734538,1,0,0.01
1773594969.933685989,0,0,1.23
1773594969.933685989,1,0,0.01
1773594970.955200395,0,0,1.23
1773594970.955200395,1,0,0.01
1773594971.976476642,0,0,1.23
1773594971.976476642,1,0,0.01
1773594972.998613330,0,0,1.23
1773594972.998613330,1,0,0.01
1773594974.019674457,0,0,1.23
1773594974.019674457,1,0,0.01
1773594975.040811658,0,0,1.23
1773594975.040811658,1,0,0.01
1773594976.062555709,0,0,1.23
1773594976.062555709,1,0,0.01
1773594977.083896519,0,0,1.23
1773594977.083896519,1,0,0.01
1773594978.103654381,0,0,1.23
1773594978.103654381,1,0,0.01
1773594979.124502489,0,0,1.23
1773594979.124502489,1,0,0.01
1773594980.146730675,0,31,1.23
1773594980.146730675,1,0,0.01
1773594981.167462036,0,31,1.23
1773594981.167462036,1,0,0.01
1773594982.187368895,0,31,1.23
1773594982.187368895,1,0,0.01
1773594983.207856731,0,35,1.23
1773594983.207856731,1,0,0.01
1773594984.228978017,0,0,1.23
1773594984.228978017,1,0,0.01
1773594985.249610018,0,0,1.23
1773594985.249610018,1,0,0.01
1773594986.271609519,0,0,1.23
1773594986.271609519,1,0,0.01
1773594987.292689030,0,0,1.23
1773594987.292689030,1,0,0.01
1773594988.313568254,0,0,1.23
1773594988.313568254,1,0,0.01
1773594989.333849560,0,0,1.23
1773594989.333849560,1,0,0.01
1773594990.354891746,0,0,1.23
1773594990.354891746,1,0,0.01
1773594991.375266672,0,0,1.23
1773594991.375266672,1,0,0.01
1773594992.395559996,0,0,1.23
1773594992.395559996,1,0,0.01
1773594993.416814120,0,37,1.23
1773594993.416814120,1,0,0.01
1773594994.437821522,0,37,1.23
1773594994.437821522,1,0,0.01
1773594995.457636063,0,34,1.23
1773594995.457636063,1,0,0.01
1773594996.479662032,0,33,1.23
1773594996.479662032,1,0,0.01
1773594997.499578055,0,0,1.23
1773594997.499578055,1,0,0.01
1773594998.520257237,0,0,1.23
1773594998.520257237,1,0,0.01
1773594999.541780273,0,0,1.23
1773594999.541780273,1,0,0.01
1773595000.562782500,0,0,1.23
1773595000.562782500,1,0,0.01
1773595001.583701462,0,0,1.23
1773595001.583701462,1,0,0.01
1773595002.605174458,0,0,1.23
1773595002.605174458,1,0,0.01
1773595003.626844016,0,33,1.23
1773595003.626844016,1,0,0.01
1773595004.648510014,0,33,1.23
1773595004.648510014,1,0,0.01
1773595005.668391982,0,32,1.23
1773595005.668391982,1,0,0.01
1773595006.688293394,0,31,1.23
1773595006.688293394,1,0,0.01
1773595007.709716191,0,0,1.23
1773595007.709716191,1,0,0.01
1773595008.731578861,0,0,1.23
1773595008.731578861,1,0,0.01
1773595009.751700689,0,0,1.23
1773595009.751700689,1,0,0.01
1773595010.773104743,0,0,1.23
1773595010.773104743,1,0,0.01
1773595011.793887556,0,0,1.23
1773595011.793887556,1,0,0.01
1773595012.814866126,0,0,1.23
1773595012.814866126,1,0,0.01
1773595013.836228585,0,0,1.23
1773595013.836228585,1,0,0.01
1773595014.857800518,0,0,1.23
1773595014.857800518,1,0,0.01
1773595015.878594175,0,0,1.23
1773595015.878594175,1,0,0.01
1773595016.900504758,0,0,1.23
1773595016.900504758,1,0,0.01
1773595017.921927619,0,0,1.23
1773595017.921927619,1,0,0.01
1773595018.944849162,0,0,1.23
1773595018.944849162,1,0,0.01
1773595019.966983271,0,0,1.23
1773595019.966983271,1,0,0.01
1773595020.988833724,0,37,1.23
1773595020.988833724,1,0,0.01
1773595022.009924820,0,36,1.23
1773595022.009924820,1,0,0.01
1773595023.030906641,0,37,1.23
1773595023.030906641,1,0,0.01
1773595024.051981271,0,37,1.23
1773595024.051981271,1,0,0.01
1773595025.071939733,0,0,1.23
1773595025.071939733,1,0,0.01
1773595026.091673780,0,0,1.23
1773595026.091673780,1,0,0.01
1773595027.111680578,0,0,1.23
1773595027.111680578,1,0,0.01
1773595028.132968916,0,32,1.23
1773595028.132968916,1,0,0.01
1773595029.154836251,0,31,1.23
1773595029.154836251,1,0,0.01
1773595030.175149323,0,31,1.23
1773595030.175149323,1,0,0.01
1773595031.196008778,0,35,1.23
1773595031.196008778,1,0,0.01
1773595032.217401867,0,0,1.23
1773595032.217401867,1,0,0.01
1773595033.239096382,0,0,1.23
1773595033.239096382,1,0,0.01
1773595034.260020269,0,0,1.23
1773595034.260020269,1,0,0.01
1773595035.281377955,0,0,1.23
1773595035.281377955,1,0,0.01
1773595036.302431211,0,0,1.23
1773595036.302431211,1,0,0.01
1773595037.324500493,0,0,1.23
1773595037.324500493,1,0,0.01
1773595038.345468705,0,0,1.23
1773595038.345468705,1,0,0.01
1773595039.367788465,0,0,1.23
1773595039.367788465,1,0,0.01
1773595040.389007326,0,0,1.23
1773595040.389007326,1,0,0.01
1773595041.411085841,0,0,1.23
1773595041.411085841,1,0,0.01
1773595042.432834704,0,37,1.23
1773595042.432834704,1,0,0.01
1773595043.454082987,0,37,1.23
1773595043.454082987,1,0,0.01
1773595044.476130684,0,33,1.23
1773595044.476130684,1,0,0.01
1773595045.496372534,0,0,1.23
1773595045.496372534,1,0,0.01
1773595046.518025300,0,0,1.23
1773595046.518025300,1,0,0.01
1773595047.539774607,0,0,1.23
1773595047.539774607,1,0,0.01
1773595048.560875719,0,0,1.23
1773595048.560875719,1,0,0.01
1773595049.581819410,0,0,1.23
1773595049.581819410,1,0,0.01
1773595050.603301848,0,0,1.23
1773595050.603301848,1,0,0.01
1773595051.624999499,0,0,1.23
1773595051.624999499,1,0,0.01
1773595052.646331209,0,0,1.23
1773595052.646331209,1,0,0.01
1773595053.667578657,0,0,1.23
1773595053.667578657,1,0,0.01
1773595054.689547765,0,0,1.23
1773595054.689547765,1,0,0.01
1773595055.710888657,0,0,1.23
1773595055.710888657,1,0,0.01
1773595056.732566717,0,0,1.23
1773595056.732566717,1,0,0.01
1773595057.754264751,0,0,1.23
1773595057.754264751,1,0,0.01
1773595058.775567036,0,0,1.23
1773595058.775567036,1,0,0.01
1773595059.796030466,0,0,1.23
1773595059.796030466,1,0,0.01
1773595060.817127282,0,0,1.23
1773595060.817127282,1,0,0.01
1773595061.839103006,0,0,1.23
1773595061.839103006,1,0,0.01
1773595062.860488083,0,0,1.23
1773595062.860488083,1,0,0.01
1773595063.882366670,0,0,1.23
1773595063.882366670,1,0,0.01
1773595064.904092961,0,0,1.23
1773595064.904092961,1,0,0.01
1773595065.925589111,0,0,1.23
1773595065.925589111,1,0,0.01
1773595066.947121603,0,37,1.23
1773595066.947121603,1,0,0.01
1773595067.969002274,0,34,1.23
1773595067.969002274,1,0,0.01
1773595068.990469164,0,34,1.23
1773595068.990469164,1,0,0.01
1773595070.010969389,0,0,1.23
1773595070.010969389,1,0,0.01
1773595071.032822794,0,0,1.23
1773595071.032822794,1,0,0.01
1773595072.054244108,0,0,1.23
1773595072.054244108,1,0,0.01
1773595073.076585859,0,33,1.23
1773595073.076585859,1,0,0.01
1773595074.097277181,0,33,1.23
1773595074.097277181,1,0,0.01
1773595075.117002097,0,33,1.23
1773595075.117002097,1,0,0.01
1773595076.138741869,0,0,1.23
1773595076.138741869,1,0,0.01
1773595077.158960653,0,0,1.23
1773595077.158960653,1,0,0.01
1773595078.181188676,0,31,1.23
1773595078.181188676,1,0,0.01
1773595079.202667185,0,31,1.23
1773595079.202667185,1,0,0.01
1773595080.223048360,0,31,1.23
1773595080.223048360,1,0,0.01
1773595081.243763286,0,28,1.23
1773595081.243763286,1,0,0.01
1773595082.265217268,0,0,1.23
1773595082.265217268,1,0,0.01
1773595083.286862495,0,0,1.23
1773595083.286862495,1,0,0.01
1773595084.308869275,0,0,1.23
1773595084.308869275,1,0,0.01
1773595085.330403567,0,23,1.23
1773595085.330403567,1,0,0.01
1773595086.352359753,0,35,1.23
1773595086.352359753,1,0,0.01
1773595087.373826355,0,36,1.23
1773595087.373826355,1,0,0.01
1773595088.393913545,0,36,1.23
1773595088.393913545,1,0,0.01
1773595089.414898413,0,0,1.23
1773595089.414898413,1,0,0.01
1773595090.436791654,0,0,1.23
1773595090.436791654,1,0,0.01
1773595091.458647636,0,0,1.23
1773595091.458647636,1,0,0.01
1773595092.479158051,0,0,1.23
1773595092.479158051,1,0,0.01
1773595093.500812791,0,0,1.23
1773595093.500812791,1,0,0.01
1773595094.522497737,0,0,1.23
1773595094.522497737,1,0,0.01
1773595095.544273061,0,34,1.23
1773595095.544273061,1,0,0.01
1773595096.565305398,0,33,1.23
1773595096.565305398,1,0,0.01
1773595097.585802821,0,34,1.23
1773595097.585802821,1,0,0.01
1773595098.606772257,0,34,1.23
1773595098.606772257,1,0,0.01
1773595099.628535663,0,0,1.23
1773595099.628535663,1,0,0.01
1773595100.649719509,0,0,1.23
1773595100.649719509,1,0,0.01
1773595101.671229990,0,0,1.23
1773595101.671229990,1,0,0.01
1773595102.693624294,0,31,1.23
1773595102.693624294,1,0,0.01
1773595103.715192865,0,35,1.23
1773595103.715192865,1,0,0.01
1773595104.735959627,0,31,1.23
1773595104.735959627,1,0,0.01
1773595105.757576132,0,17,1.23
1773595105.757576132,1,0,0.01
1773595106.778739199,0,0,1.23
1773595106.778739199,1,0,0.01
1773595107.800473916,0,4,1.23
1773595107.800473916,1,0,0.01
1773595108.822263601,0,31,1.23
1773595108.822263601,1,0,0.01
1773595109.844088841,0,31,1.23
1773595109.844088841,1,0,0.01
1773595110.864542333,0,35,1.23
1773595110.864542333,1,0,0.01
1773595111.886491083,0,0,1.23
1773595111.886491083,1,0,0.01
1773595112.908415401,0,0,1.23
1773595112.908415401,1,0,0.01
1773595113.929545859,0,0,1.23
1773595113.929545859,1,0,0.01
1773595114.951100035,0,0,1.23
1773595114.951100035,1,0,0.01
1773595115.972994692,0,0,1.23
1773595115.972994692,1,0,0.01
1773595116.994859571,0,37,1.23
1773595116.994859571,1,0,0.01
1773595118.016239924,0,33,1.23
1773595118.016239924,1,0,0.01
1773595119.037959923,0,37,1.23
1773595119.037959923,1,0,0.01
1773595120.059412429,0,34,1.23
1773595120.059412429,1,0,0.01
1773595121.080945343,0,0,1.23
1773595121.080945343,1,0,0.01
1773595122.102900695,0,0,1.23
1773595122.102900695,1,0,0.01
1773595123.123886824,0,34,1.23
1773595123.123886824,1,0,0.01
1773595124.145349158,0,37,1.23
1773595124.145349158,1,0,0.01
1773595125.166817379,0,37,1.23
1773595125.166817379,1,0,0.01
1773595126.187416960,0,0,1.23
1773595126.187416960,1,0,0.01
1773595127.209586732,0,0,1.23
1773595127.209586732,1,0,0.01
1773595128.231363392,0,0,1.23
1773595128.231363392,1,0,0.01
1773595129.252561515,0,0,1.23
1773595129.252561515,1,0,0.01
1773595130.274009258,0,0,1.23
1773595130.274009258,1,0,0.01
1773595131.294920131,0,0,1.23
1773595131.294920131,1,0,0.01
1773595132.315793064,0,35,1.23
1773595132.315793064,1,0,0.01
1773595133.336166519,0,35,1.23
1773595133.336166519,1,0,0.01
1773595134.355627449,0,35,1.23
1773595134.355627449,1,0,0.01
1773595135.376273510,0,0,1.23
1773595135.376273510,1,0,0.01
1773595136.396624356,0,0,1.23
1773595136.396624356,1,0,0.01
1773595137.416036322,0,0,1.23
1773595137.416036322,1,0,0.01
1773595138.436466681,0,0,1.23
1773595138.436466681,1,0,0.01
1773595139.456273067,0,0,1.23
1773595139.456273067,1,0,0.01
1773595140.477985245,0,0,1.23
1773595140.477985245,1,0,0.01
1773595141.498828630,0,0,1.23
1773595141.498828630,1,0,0.01
1773595142.520787061,0,37,1.23
1773595142.520787061,1,0,0.01
1773595143.542219179,0,37,1.23
1773595143.542219179,1,0,0.01
1773595144.561883256,0,34,1.23
1773595144.561883256,1,0,0.01
1773595145.583650054,0,0,1.23
1773595145.583650054,1,0,0.01
1773595146.603928560,0,0,1.23
1773595146.603928560,1,0,0.01
1773595147.624756899,0,0,1.23
1773595147.624756899,1,0,0.01
1773595148.646538393,0,0,1.23
1773595148.646538393,1,0,0.01
1773595149.669208935,0,0,1.23
1773595149.669208935,1,0,0.01
1773595150.690805780,0,0,1.23
1773595150.690805780,1,0,0.01
1773595151.713515875,0,32,1.23
1773595151.713515875,1,0,0.01
1773595152.735183036,0,32,1.23
1773595152.735183036,1,0,0.01
1773595153.755530933,0,35,1.23
1773595153.755530933,1,0,0.01
1773595154.777661596,0,32,1.23
1773595154.777661596,1,0,0.01
1773595155.798420269,0,0,1.23
1773595155.798420269,1,0,0.01
1773595156.820112852,0,0,1.23
1773595156.820112852,1,0,0.01
1773595157.842151978,0,0,1.23
1773595157.842151978,1,0,0.01
1773595158.863983689,0,0,1.23
1773595158.863983689,1,0,0.01
1773595159.885272081,0,0,1.23
1773595159.885272081,1,0,0.01
1773595160.907237049,0,0,1.23
1773595160.907237049,1,0,0.01
1773595161.928698733,0,0,1.23
1773595161.928698733,1,0,0.01
1773595162.950380960,0,0,1.23
1773595162.950380960,1,0,0.01
1773595163.971709902,0,0,1.23
1773595163.971709902,1,0,0.01
1773595164.993360443,0,0,1.23
1773595164.993360443,1,0,0.01
1773595166.014485726,0,0,1.23
1773595166.014485726,1,0,0.01
1773595167.036104835,0,0,1.23
1773595167.036104835,1,0,0.01
1773595168.056933682,0,37,1.23
1773595168.056933682,1,0,0.01
1773595169.078782936,0,37,1.23
1773595169.078782936,1,0,0.01
1773595170.100402559,0,37,1.23
1773595170.100402559,1,0,0.01
1773595171.121012849,0,34,1.23
1773595171.121012849,1,0,0.01
1773595172.142348918,0,0,1.23
1773595172.142348918,1,0,0.01
1773595173.163672876,0,0,1.23
1773595173.163672876,1,0,0.01
1773595174.185018783,0,37,1.23
1773595174.185018783,1,0,0.01
1773595175.206421152,0,34,1.23
1773595175.206421152,1,0,0.01
1773595176.227543817,0,34,1.23
1773595176.227543817,1,0,0.01
1773595177.247292663,0,32,1.23
1773595177.247292663,1,0,0.01
1773595178.268993082,0,0,1.23
1773595178.268993082,1,0,0.01
1773595179.289482881,0,31,1.23
1773595179.289482881,1,0,0.01
1773595180.309953215,0,31,1.23
1773595180.309953215,1,0,0.01
1773595181.331514974,0,31,1.23
1773595181.331514974,1,0,0.01
1773595182.352580873,0,25,1.23
1773595182.352580873,1,0,0.01
1773595183.372820347,0,0,1.23
1773595183.372820347,1,0,0.01
1773595184.394953862,0,0,1.23
1773595184.394953862,1,0,0.01
1773595185.416977925,0,0,1.23
1773595185.416977925,1,0,0.01
1773595186.438306294,0,0,1.23
1773595186.438306294,1,0,0.01
1773595187.460473120,0,0,1.23
1773595187.460473120,1,0,0.01
1773595188.481760591,0,33,1.23
1773595188.481760591,1,0,0.01
1773595189.503203011,0,34,1.23
1773595189.503203011,1,0,0.01
1773595190.523606184,0,33,1.23
1773595190.523606184,1,0,0.01
1773595191.544905198,0,37,1.23
1773595191.544905198,1,0,0.01
1773595192.565755345,0,0,1.23
1773595192.565755345,1,0,0.01
1773595193.586560200,0,0,1.23
1773595193.586560200,1,0,0.01
1773595194.608821486,0,0,1.23
1773595194.608821486,1,0,0.01
1773595195.630048631,0,0,1.23
1773595195.630048631,1,0,0.01
1773595196.652227438,0,0,1.23
1773595196.652227438,1,0,0.01
1773595197.674563807,0,0,1.23
1773595197.674563807,1,0,0.01
1773595198.696018716,0,33,1.23
1773595198.696018716,1,0,0.01
1773595199.717100815,0,37,1.23
1773595199.717100815,1,0,0.01
1773595200.738955308,0,37,1.23
1773595200.738955308,1,0,0.01
1773595201.760221977,0,37,1.23
1773595201.760221977,1,0,0.01
1773595202.782440927,0,0,1.23
1773595202.782440927,1,0,0.01
1773595203.802664199,0,0,1.23
1773595203.802664199,1,0,0.01
1773595204.824763767,0,0,1.23
1773595204.824763767,1,0,0.01
1773595205.845991629,0,0,1.23
1773595205.845991629,1,0,0.01
1773595206.866166486,0,0,1.23
1773595206.866166486,1,0,0.01
1773595207.887469995,0,0,1.23
1773595207.887469995,1,0,0.01
1773595208.909520397,0,0,1.23
1773595208.909520397,1,0,0.01
1773595209.931417845,0,0,1.23
1773595209.931417845,1,0,0.01
1773595210.953406371,0,0,1.23
1773595210.953406371,1,0,0.01
1773595211.975168236,0,0,1.23
1773595211.975168236,1,0,0.01
1773595212.996098678,0,0,1.23
1773595212.996098678,1,0,0.01
1773595214.017480881,0,0,1.23
1773595214.017480881,1,0,0.01
1773595215.039977593,0,0,1.23
1773595215.039977593,1,0,0.01
1773595216.062233795,0,0,1.23
1773595216.062233795,1,0,0.01
1773595217.084084382,0,37,1.23
1773595217.084084382,1,0,0.01
1773595218.105320248,0,33,1.23
1773595218.105320248,1,0,0.01
1773595219.126273388,0,37,1.23
1773595219.126273388,1,0,0.01
1773595220.148119603,0,0,1.23
1773595220.148119603,1,0,0.01
1773595221.169741273,0,0,1.23
1773595221.169741273,1,0,0.01
1773595222.191036390,0,0,1.23
1773595222.191036390,1,0,0.01
1773595223.212771791,0,0,1.23
1773595223.212771791,1,0,0.01
1773595224.233864538,0,0,1.23
1773595224.233864538,1,0,0.01
1773595225.255937975,0,0,1.23
1773595225.255937975,1,0,0.01
1773595226.277704378,0,0,1.23
1773595226.277704378,1,0,0.01
1773595227.299004593,0,0,1.23
1773595227.299004593,1,0,0.01
1773595228.320595001,0,35,1.23
1773595228.320595001,1,0,0.01
1773595229.343111707,0,35,1.23
1773595229.343111707,1,0,0.01
1773595230.363181828,0,35,1.23
1773595230.363181828,1,0,0.01
1773595231.382799867,0,0,1.23
1773595231.382799867,1,0,0.01
1773595232.404660456,0,0,1.23
1773595232.404660456,1,0,0.01
1773595233.425810613,0,0,1.23
1773595233.425810613,1,0,0.01
1773595234.448010377,0,0,1.23
1773595234.448010377,1,0,0.01
1773595235.469603272,0,0,1.23
1773595235.469603272,1,0,0.01
1773595236.491295001,0,0,1.23
1773595236.491295001,1,0,0.01
1773595237.512208880,0,0,1.23
1773595237.512208880,1,0,0.01
1773595238.533641310,0,34,1.23
1773595238.533641310,1,0,0.01
1773595239.554561207,0,34,1.23
1773595239.554561207,1,0,0.01
1773595240.574503331,0,37,1.23
1773595240.574503331,1,0,0.01
1773595241.596673565,0,17,1.23
1773595241.596673565,1,0,0.01
1773595242.617813050,0,0,1.23
1773595242.617813050,1,0,0.01
1773595243.637816100,0,0,1.23
1773595243.637816100,1,0,0.01
1773595244.657509311,0,0,1.23
1773595244.657509311,1,0,0.01
1773595245.679198475,0,0,1.23
1773595245.679198475,1,0,0.01
1773595246.699923309,0,0,1.23
1773595246.699923309,1,0,0.01
1773595247.721740130,0,0,1.23
1773595247.721740130,1,0,0.01
1773595248.742671470,0,0,1.23
1773595248.742671470,1,0,0.01
1773595249.764024362,0,0,1.23
1773595249.764024362,1,0,0.01
1773595250.785995580,0,0,1.23
1773595250.785995580,1,0,0.01
1773595251.807383922,0,31,1.23
1773595251.807383922,1,0,0.01
1773595252.828187442,0,32,1.23
1773595252.828187442,1,0,0.01
1773595253.847954367,0,35,1.23
1773595253.847954367,1,0,0.01
1773595254.869393683,0,16,1.23
1773595254.869393683,1,0,0.01
1773595255.888772913,0,0,1.23
1773595255.888772913,1,0,0.01
1773595256.910508799,0,0,1.23
1773595256.910508799,1,0,0.01
1773595257.932404847,0,0,1.23
1773595257.932404847,1,0,0.01
1773595258.953843068,0,0,1.23
1773595258.953843068,1,0,0.01
1773595259.973919444,0,0,1.23
1773595259.973919444,1,0,0.01
1773595260.995873404,0,0,1.23
1773595260.995873404,1,0,0.01
1773595262.017416684,0,0,1.23
1773595262.017416684,1,0,0.01
1773595263.038878616,0,0,1.23
1773595263.038878616,1,0,0.01
1773595264.060057760,0,37,1.23
1773595264.060057760,1,0,0.01
1773595265.079810786,0,37,1.23
1773595265.079810786,1,0,0.01
1773595266.099471878,0,37,1.23
1773595266.099471878,1,0,0.01
1773595267.120663605,0,0,1.23
1773595267.120663605,1,0,0.01
1773595268.140360016,0,0,1.23
1773595268.140360016,1,0,0.01
1773595269.161894144,0,0,1.23
1773595269.161894144,1,0,0.01
1773595270.184035886,0,0,1.23
1773595270.184035886,1,0,0.01
1773595271.204615128,0,0,1.23
1773595271.204615128,1,0,0.01
1773595272.225956859,0,0,1.23
1773595272.225956859,1,0,0.01
1773595273.247576774,0,0,1.23
1773595273.247576774,1,0,0.01
1773595274.269502048,0,0,1.23
1773595274.269502048,1,0,0.01
1773595275.288989162,0,0,1.23
1773595275.288989162,1,0,0.01
1773595276.308972442,0,0,1.23
1773595276.308972442,1,0,0.01
1773595277.330339616,0,0,1.23
1773595277.330339616,1,0,0.01
1773595278.352123413,0,0,1.23
1773595278.352123413,1,0,0.01
1773595279.373997183,0,0,1.23
1773595279.373997183,1,0,0.01
1773595280.394481263,0,0,1.23
1773595280.394481263,1,0,0.01
1773595281.414430099,0,35,1.23
1773595281.414430099,1,0,0.01
1773595282.436060155,0,37,1.23
1773595282.436060155,1,0,0.01
1773595283.455852714,0,34,1.23
1773595283.455852714,1,0,0.01
1773595284.476033110,0,1,1.23
1773595284.476033110,1,0,0.01
1773595285.497577441,0,0,1.23
1773595285.497577441,1,0,0.01
1773595286.518851994,0,0,1.23
1773595286.518851994,1,0,0.01
1773595287.539938464,0,0,1.23
1773595287.539938464,1,0,0.01
1773595288.559836957,0,0,1.23
1773595288.559836957,1,0,0.01
1773595289.581309195,0,0,1.23
1773595289.581309195,1,0,0.01
1773595290.603403203,0,0,1.23
1773595290.603403203,1,0,0.01
1773595291.624408042,0,0,1.23
1773595291.624408042,1,0,0.01
1773595292.645798020,0,34,1.23
1773595292.645798020,1,0,0.01
1773595293.671766367,0,34,1.23
1773595293.671766367,1,0,0.01
1773595294.692983719,0,34,1.23
1773595294.692983719,1,0,0.01
1773595295.714188062,0,4,1.23
1773595295.714188062,1,0,0.01
1773595296.733963888,0,0,1.23
1773595296.733963888,1,0,0.01
1773595297.753710007,0,0,1.23
1773595297.753710007,1,0,0.01
1773595298.773590475,0,0,1.23
1773595298.773590475,1,0,0.01
1773595299.794542405,0,0,1.23
1773595299.794542405,1,0,0.01
1773595300.815453494,0,0,1.23
1773595300.815453494,1,0,0.01
1773595301.837001180,0,31,1.23
1773595301.837001180,1,0,0.01
1773595302.859290511,0,31,1.23
1773595302.859290511,1,0,0.01
1773595303.881869570,0,31,1.23
1773595303.881869570,1,0,0.01
1773595304.904183494,0,31,1.23
1773595304.904183494,1,0,0.01
1773595305.926638706,0,0,1.23
1773595305.926638706,1,0,0.01
1773595306.946950683,0,0,1.23
1773595306.946950683,1,0,0.01
1773595307.966891314,0,0,1.23
1773595307.966891314,1,0,0.01
1773595308.988311948,0,0,1.23
1773595308.988311948,1,0,0.01
1773595310.010730083,0,0,1.23
1773595310.010730083,1,0,0.01
1773595311.032232720,0,0,1.23
1773595311.032232720,1,0,0.01
1773595312.054252033,0,0,1.23
1773595312.054252033,1,0,0.01
1773595313.075648502,0,0,1.23
1773595313.075648502,1,0,0.01
1773595314.096914061,0,34,1.23
1773595314.096914061,1,0,0.01
1773595315.117871573,0,34,1.23
1773595315.117871573,1,0,0.01
1773595316.139060129,0,34,1.23
1773595316.139060129,1,0,0.01
1773595317.159846458,0,34,1.23
1773595317.159846458,1,0,0.01
1773595318.179405586,0,0,1.23
1773595318.179405586,1,0,0.01
1773595319.201533080,0,0,1.23
1773595319.201533080,1,0,0.01
1773595320.222471700,0,0,1.23
1773595320.222471700,1,0,0.01
1773595321.243744616,0,0,1.23
1773595321.243744616,1,0,0.01
1773595322.264839363,0,31,1.23
1773595322.264839363,1,0,0.01
1773595323.286341170,0,32,1.23
1773595323.286341170,1,0,0.01
1773595324.306297767,0,31,1.23
1773595324.306297767,1,0,0.01
1773595325.326385905,0,31,1.23
1773595325.326385905,1,0,0.01
1773595326.346982940,0,0,1.23
1773595326.346982940,1,0,0.01
1773595327.368385301,0,0,1.23
1773595327.368385301,1,0,0.01
1773595328.389888429,0,0,1.23
1773595328.389888429,1,0,0.01
1773595329.410739285,0,0,1.23
1773595329.410739285,1,0,0.01
1773595330.430202956,0,0,1.23
1773595330.430202956,1,0,0.01
1773595331.451892583,0,0,1.23
1773595331.451892583,1,0,0.01
1773595332.471935593,0,0,1.23
1773595332.471935593,1,0,0.01
1773595333.493299482,0,0,1.23
1773595333.493299482,1,0,0.01
1773595334.514919754,0,0,1.23
1773595334.514919754,1,0,0.01
1773595335.536956974,0,0,1.23
1773595335.536956974,1,0,0.01
1773595336.558550815,0,0,1.23
1773595336.558550815,1,0,0.01
1773595337.580572416,0,0,1.23
1773595337.580572416,1,0,0.01
1773595338.602026401,0,0,1.23
1773595338.602026401,1,0,0.01
1773595339.623374558,0,0,1.23
1773595339.623374558,1,0,0.01
1773595340.644911557,0,37,1.23
1773595340.644911557,1,0,0.01
1773595341.664934636,0,37,1.23
1773595341.664934636,1,0,0.01
1773595342.685467825,0,37,1.23
1773595342.685467825,1,0,0.01
1773595343.706902475,0,9,1.23
1773595343.706902475,1,0,0.01
1773595344.727933977,0,0,1.23
1773595344.727933977,1,0,0.01
1773595345.749762452,0,0,1.23
1773595345.749762452,1,0,0.01
1773595346.770677834,0,0,1.23
1773595346.770677834,1,0,0.01
1773595347.791915946,0,0,1.23
1773595347.791915946,1,0,0.01
1773595348.813951905,0,36,1.23
1773595348.813951905,1,0,0.01
1773595349.835243571,0,32,1.23
1773595349.835243571,1,0,0.01
1773595350.856190102,0,32,1.23
1773595350.856190102,1,0,0.01
1773595351.875506199,0,32,1.23
1773595351.875506199,1,0,0.01
1773595352.895044423,0,0,1.23
1773595352.895044423,1,0,0.01
1773595353.916298715,0,0,1.23
1773595353.916298715,1,0,0.01
1773595354.938015228,0,0,1.23
1773595354.938015228,1,0,0.01
1773595355.959938602,0,0,1.23
1773595355.959938602,1,0,0.01
1773595356.981657038,0,31,1.23
1773595356.981657038,1,0,0.01
1773595358.003259099,0,34,1.23
1773595358.003259099,1,0,0.01
1773595359.022754494,0,34,1.23
1773595359.022754494,1,0,0.01
1773595360.042480702,0,27,1.23
1773595360.042480702,1,0,0.01
1773595361.062415427,0,0,1.23
1773595361.062415427,1,0,0.01
1773595362.084691279,0,0,1.23
1773595362.084691279,1,0,0.01
1773595363.106499559,0,0,1.23
1773595363.106499559,1,0,0.01
1773595364.127476017,0,0,1.23
1773595364.127476017,1,0,0.01
1773595365.149007316,0,0,1.23
1773595365.149007316,1,0,0.01
1773595366.170448162,0,33,1.23
1773595366.170448162,1,0,0.01
1773595367.192263267,0,34,1.23
1773595367.192263267,1,0,0.01
1773595368.213428712,0,37,1.23
1773595368.213428712,1,0,0.01
1773595369.235034706,0,0,1.23
1773595369.235034706,1,0,0.01
1773595370.255938604,0,0,1.23
1773595370.255938604,1,0,0.01
1773595371.277454417,0,0,1.23
1773595371.277454417,1,0,0.01
1773595372.298289564,0,29,1.23
1773595372.298289564,1,0,0.01
1773595373.319562747,0,31,1.23
1773595373.319562747,1,0,0.01
1773595374.339682422,0,31,1.23
1773595374.339682422,1,0,0.01
1773595375.359524771,0,31,1.23
1773595375.359524771,1,0,0.01
1773595376.380469664,0,20,1.23
1773595376.380469664,1,0,0.01
1773595377.400200574,0,0,1.23
1773595377.400200574,1,0,0.01
1773595378.421576358,0,0,1.23
1773595378.421576358,1,0,0.01
1773595379.442452427,0,0,1.23
1773595379.442452427,1,0,0.01
1773595380.463996304,0,0,1.23
1773595380.463996304,1,0,0.01
1773595381.486018568,0,0,1.23
1773595381.486018568,1,0,0.01
1773595382.507310931,0,0,1.23
1773595382.507310931,1,0,0.01
1773595383.528646266,0,0,1.23
1773595383.528646266,1,0,0.01
1773595384.549664233,0,0,1.23
1773595384.549664233,1,0,0.01
1773595385.571121152,0,0,1.23
1773595385.571121152,1,0,0.01
1773595386.592142742,0,0,1.23
1773595386.592142742,1,0,0.01
1773595387.613579666,0,0,1.23
1773595387.613579666,1,0,0.01
1773595388.635320151,0,37,1.23
1773595388.635320151,1,0,0.01
1773595389.656020725,0,37,1.23
1773595389.656020725,1,0,0.01
1773595390.675305312,0,37,1.23
1773595390.675305312,1,0,0.01
1773595391.695205306,0,0,1.23
1773595391.695205306,1,0,0.01
1773595392.715176439,0,0,1.23
1773595392.715176439,1,0,0.01
1773595393.735805518,0,0,1.23
1773595393.735805518,1,0,0.01
1773595394.756806585,0,0,1.23
1773595394.756806585,1,0,0.01
1773595395.777684008,0,0,1.23
1773595395.777684008,1,0,0.01
1773595396.798842451,0,35,1.23
1773595396.798842451,1,0,0.01
1773595397.820748359,0,32,1.23
1773595397.820748359,1,0,0.01
1773595398.842281030,0,32,1.23
1773595398.842281030,1,0,0.01
1773595399.863750438,0,31,1.23
1773595399.863750438,1,0,0.01
1773595400.884939513,0,0,1.23
1773595400.884939513,1,0,0.01
1773595401.906209088,0,0,1.23
1773595401.906209088,1,0,0.01
1773595402.927269064,0,0,1.23
1773595402.927269064,1,0,0.01
1773595403.949319082,0,0,1.23
1773595403.949319082,1,0,0.01
1773595404.970297152,0,0,1.23
1773595404.970297152,1,0,0.01
1773595405.991279320,0,0,1.23
1773595405.991279320,1,0,0.01
1773595407.012171949,0,0,1.23
1773595407.012171949,1,0,0.01
1773595408.033331163,0,33,1.23
1773595408.033331163,1,0,0.01
1773595409.054592822,0,33,1.23
1773595409.054592822,1,0,0.01
1773595410.075700371,0,33,1.23
1773595410.075700371,1,0,0.01
1773595411.097476192,0,33,1.23
1773595411.097476192,1,0,0.01
1773595412.119292271,0,0,1.23
1773595412.119292271,1,0,0.01
1773595413.139867738,0,0,1.23
1773595413.139867738,1,0,0.01
1773595414.161229641,0,0,1.23
1773595414.161229641,1,0,0.01
1773595415.182328867,0,0,1.23
1773595415.182328867,1,0,0.01
1773595416.204500658,0,0,1.23
1773595416.204500658,1,0,0.01
1773595417.225267344,0,0,1.23
1773595417.225267344,1,0,0.01
1773595418.246458108,0,0,1.23
1773595418.246458108,1,0,0.01
1773595419.267625504,0,0,1.23
1773595419.267625504,1,0,0.01
1773595420.288771119,0,0,1.23
1773595420.288771119,1,0,0.01
1773595421.309448193,0,0,1.23
1773595421.309448193,1,0,0.01
1773595422.330234427,0,31,1.23
1773595422.330234427,1,0,0.01
1773595423.351884948,0,31,1.23
1773595423.351884948,1,0,0.01
1773595424.373787609,0,31,1.23
1773595424.373787609,1,0,0.01
1773595425.394992253,0,31,1.23
1773595425.394992253,1,0,0.01
1773595426.414706237,0,0,1.23
1773595426.414706237,1,0,0.01
1773595427.435698458,0,0,1.23
1773595427.435698458,1,0,0.01
1773595428.457495553,0,32,1.23
1773595428.457495553,1,0,0.01
1773595429.478138209,0,32,1.23
1773595429.478138209,1,0,0.01
1773595430.498631823,0,33,1.23
1773595430.498631823,1,0,0.01
1773595431.520476851,0,34,1.23
1773595431.520476851,1,0,0.01
1773595432.540681601,0,0,1.23
1773595432.540681601,1,0,0.01
1773595433.560934163,0,0,1.23
1773595433.560934163,1,0,0.01
1773595434.582670532,0,0,1.23
1773595434.582670532,1,0,0.01
1773595435.604475173,0,0,1.23
1773595435.604475173,1,0,0.01
1773595436.625972820,0,0,1.23
1773595436.625972820,1,0,0.01
1773595437.646704873,0,0,1.23
1773595437.646704873,1,0,0.01
1773595438.668474790,0,0,1.23
1773595438.668474790,1,0,0.01
1773595439.689504638,0,0,1.23
1773595439.689504638,1,0,0.01
1773595440.710276790,0,0,1.23
1773595440.710276790,1,0,0.01
1773595441.731828245,0,0,1.23
1773595441.731828245,1,0,0.01
1773595442.752992385,0,0,1.23
1773595442.752992385,1,0,0.01
1773595443.774561652,0,0,1.23
1773595443.774561652,1,0,0.01
1773595444.796825521,0,32,1.23
1773595444.796825521,1,0,0.01
1773595445.818480170,0,35,1.23
1773595445.818480170,1,0,0.01
1773595446.839415129,0,35,1.23
1773595446.839415129,1,0,0.01
1773595447.859138326,0,0,1.23
1773595447.859138326,1,0,0.01
1773595448.879811719,0,0,1.23
1773595448.879811719,1,0,0.01
1773595449.900827801,0,0,1.23
1773595449.900827801,1,0,0.01
1773595450.921979733,0,0,1.23
1773595450.921979733,1,0,0.01
1773595451.943457170,0,0,1.23
1773595451.943457170,1,0,0.01
1773595452.964582622,0,0,1.23
1773595452.964582622,1,0,0.01
1773595453.985858769,0,0,1.23
1773595453.985858769,1,0,0.01
1773595455.007754802,0,0,1.23
1773595455.007754802,1,0,0.01
1773595456.028673996,0,0,1.23
1773595456.028673996,1,0,0.01
1773595457.049843660,0,0,1.23
1773595457.049843660,1,0,0.01
1773595458.070916320,0,9,1.23
1773595458.070916320,1,0,0.01
1773595459.092084659,0,37,1.23
1773595459.092084659,1,0,0.01
1773595460.112764510,0,37,1.23
1773595460.112764510,1,0,0.01
1773595461.133447903,0,34,1.23
1773595461.133447903,1,0,0.01
1773595462.154694755,0,0,1.23
1773595462.154694755,1,0,0.01
1773595463.176582227,0,0,1.23
1773595463.176582227,1,0,0.01
1773595464.198175852,0,33,1.23
1773595464.198175852,1,0,0.01
1773595465.220087944,0,33,1.23
1773595465.220087944,1,0,0.01
1773595466.239502501,0,37,1.23
1773595466.239502501,1,0,0.01
1773595467.260367448,0,37,1.23
1773595467.260367448,1,0,0.01
1773595468.280300302,0,0,1.23
1773595468.280300302,1,0,0.01
1773595469.302030125,0,0,1.23
1773595469.302030125,1,0,0.01
1773595470.323849862,0,0,1.23
1773595470.323849862,1,0,0.01
1773595471.345402256,0,0,1.23
1773595471.345402256,1,0,0.01
1773595472.366692903,0,0,1.23
1773595472.366692903,1,0,0.01
1773595473.388014213,0,0,1.23
1773595473.388014213,1,0,0.01
1773595474.409759487,0,0,1.23
1773595474.409759487,1,0,0.01
1773595475.431822639,0,0,1.23
1773595475.431822639,1,0,0.01
1773595476.453470337,0,0,1.23
1773595476.453470337,1,0,0.01
1773595477.474776133,0,0,1.23
1773595477.474776133,1,0,0.01
1773595478.495835488,0,35,1.23
1773595478.495835488,1,0,0.01
1773595479.517192735,0,37,1.23
1773595479.517192735,1,0,0.01
1773595480.539297481,0,34,1.23
1773595480.539297481,1,0,0.01
1773595481.560812784,0,14,1.23
1773595481.560812784,1,0,0.01
1773595482.583606380,0,0,1.23
1773595482.583606380,1,0,0.01
1773595483.604409842,0,0,1.23
1773595483.604409842,1,0,0.01
1773595484.626876281,0,0,1.23
1773595484.626876281,1,0,0.01
1773595485.647463821,0,0,1.23
1773595485.647463821,1,0,0.01
1773595486.668044627,0,0,1.23
1773595486.668044627,1,0,0.01
1773595487.689898386,0,0,1.23
1773595487.689898386,1,0,0.01
1773595488.711797513,0,0,1.23
1773595488.711797513,1,0,0.01
1773595489.733488952,0,26,1.23
1773595489.733488952,1,0,0.01
1773595490.754852697,0,37,1.23
1773595490.754852697,1,0,0.01
1773595491.775419091,0,33,1.23
1773595491.775419091,1,0,0.01
1773595492.796962646,0,34,1.23
1773595492.796962646,1,0,0.01
1773595493.818347361,0,0,1.23
1773595493.818347361,1,0,0.01
1773595494.839635315,0,0,1.23
1773595494.839635315,1,0,0.01
1773595495.860913441,0,0,1.23
1773595495.860913441,1,0,0.01
1773595496.882344922,0,0,1.23
1773595496.882344922,1,0,0.01
1773595497.903901576,0,0,1.23
1773595497.903901576,1,0,0.01
1773595498.926058129,0,0,1.23
1773595498.926058129,1,0,0.01
1773595499.948364356,0,35,1.23
1773595499.948364356,1,0,0.01
1773595500.969937552,0,36,1.23
1773595500.969937552,1,0,0.01
1773595501.990780051,0,35,1.23
1773595501.990780051,1,0,0.01
1773595503.011166239,0,32,1.23
1773595503.011166239,1,0,0.01
1773595504.031848232,0,0,1.23
1773595504.031848232,1,0,0.01
1773595505.051680185,0,0,1.23
1773595505.051680185,1,0,0.01
1773595506.073509494,0,0,1.23
1773595506.073509494,1,0,0.01
1773595507.095009742,0,0,1.23
1773595507.095009742,1,0,0.01
1773595508.116824187,0,0,1.23
1773595508.116824187,1,0,0.01
1773595509.137595494,0,0,1.23
1773595509.137595494,1,0,0.01
1773595510.159206512,0,0,1.23
1773595510.159206512,1,0,0.01
1773595511.180492739,0,0,1.23
1773595511.180492739,1,0,0.01
1773595512.201928850,0,0,1.23
1773595512.201928850,1,0,0.01
1773595513.223079930,0,0,1.23
1773595513.223079930,1,0,0.01
1773595514.245023639,0,0,1.23
1773595514.245023639,1,0,0.01
1773595515.265978538,0,0,1.23
1773595515.265978538,1,0,0.01
1773595516.287440680,0,0,1.23
1773595516.287440680,1,0,0.01
1773595517.308985165,0,0,1.23
1773595517.308985165,1,0,0.01
1773595518.330563950,0,0,1.23
1773595518.330563950,1,0,0.01
1773595519.351983798,0,0,1.23
1773595519.351983798,1,0,0.01
1773595520.374660611,0,32,1.23
1773595520.374660611,1,0,0.01
1773595521.397034361,0,36,1.23
1773595521.397034361,1,0,0.01
1773595522.418348458,0,35,1.23
1773595522.418348458,1,0,0.01
1773595523.439467532,0,0,1.23
1773595523.439467532,1,0,0.01
1773595524.459515088,0,0,1.23
1773595524.459515088,1,0,0.01
1773595525.481945737,0,0,1.23
1773595525.481945737,1,0,0.01
1773595526.503546574,0,0,1.23
1773595526.503546574,1,0,0.01
1773595527.525344094,0,35,1.23
1773595527.525344094,1,0,0.01
1773595528.548228572,0,37,1.23
1773595528.548228572,1,0,0.01
1773595529.570356048,0,37,1.23
1773595529.570356048,1,0,0.01
1773595530.591113233,0,33,1.23
1773595530.591113233,1,0,0.01
1773595531.613482338,0,0,1.23
1773595531.613482338,1,0,0.01
1773595532.634740132,0,0,1.23
1773595532.634740132,1,0,0.01
1773595533.657088817,0,0,1.23
1773595533.657088817,1,0,0.01
1773595534.678453061,0,0,1.23
1773595534.678453061,1,0,0.01
1773595535.699070819,0,0,1.23
1773595535.699070819,1,0,0.01
1773595536.720483332,0,0,1.23
1773595536.720483332,1,0,0.01
1773595537.742572829,0,0,1.23
1773595537.742572829,1,0,0.01
1773595538.764295472,0,0,1.23
1773595538.764295472,1,0,0.01
1773595539.785850282,0,34,1.23
1773595539.785850282,1,0,0.01
1773595540.806052312,0,37,1.23
1773595540.806052312,1,0,0.01
1773595541.826902362,0,37,1.23
1773595541.826902362,1,0,0.01
1773595542.846809957,0,0,1.23
1773595542.846809957,1,0,0.01
1773595543.868618461,0,0,1.23
1773595543.868618461,1,0,0.01
1773595544.889413897,0,0,1.23
1773595544.889413897,1,0,0.01
1773595545.910843031,0,0,1.23
1773595545.910843031,1,0,0.01
1773595546.932621827,0,0,1.23
1773595546.932621827,1,0,0.01
1773595547.954138210,0,0,1.23
1773595547.954138210,1,0,0.01
1773595548.975874387,0,0,1.23
1773595548.975874387,1,0,0.01
1773595549.997285181,0,0,1.23
1773595549.997285181,1,0,0.01
1773595551.018610258,0,0,1.23
1773595551.018610258,1,0,0.01
1773595552.040072779,0,0,1.23
1773595552.040072779,1,0,0.01
1773595553.061188220,0,35,1.23
1773595553.061188220,1,0,0.01
1773595554.081100084,0,37,1.23
1773595554.081100084,1,0,0.01
1773595555.102842185,0,37,1.23
1773595555.102842185,1,0,0.01
1773595556.124329635,0,37,1.23
1773595556.124329635,1,0,0.01
1773595557.146428561,0,0,1.23
1773595557.146428561,1,0,0.01
1773595558.168878584,0,0,1.23
1773595558.168878584,1,0,0.01
1773595559.190346473,0,0,1.23
1773595559.190346473,1,0,0.01
1773595560.212426802,0,0,1.23
1773595560.212426802,1,0,0.01
1773595561.233738463,0,37,1.23
1773595561.233738463,1,0,0.01
1773595562.255191003,0,33,1.23
1773595562.255191003,1,0,0.01
1773595563.276853689,0,37,1.23
1773595563.276853689,1,0,0.01
1773595564.298832853,0,37,1.23
1773595564.298832853,1,0,0.01
1773595565.318837013,0,0,1.23
1773595565.318837013,1,0,0.01
1773595566.340370427,0,0,1.23
1773595566.340370427,1,0,0.01
1773595567.361812747,0,0,1.23
1773595567.361812747,1,0,0.01
1773595568.382504032,0,0,1.23
1773595568.382504032,1,0,0.01
1773595569.404365713,0,0,1.23
1773595569.404365713,1,0,0.01
1773595570.425280326,0,35,1.23
1773595570.425280326,1,0,0.01
1773595571.447835154,0,35,1.23
1773595571.447835154,1,0,0.01
1773595572.468195665,0,31,1.23
1773595572.468195665,1,0,0.01
1773595573.489493288,0,21,1.23
1773595573.489493288,1,0,0.01
1773595574.509982554,0,0,1.23
1773595574.509982554,1,0,0.01
1773595575.531543400,0,0,1.23
1773595575.531543400,1,0,0.01
1773595576.552480498,0,0,1.23
1773595576.552480498,1,0,0.01
1773595577.574112034,0,0,1.23
1773595577.574112034,1,0,0.01
1773595578.595311659,0,0,1.23
1773595578.595311659,1,0,0.01
1773595579.616810803,0,0,1.23
1773595579.616810803,1,0,0.01
1773595580.638697603,0,0,1.23
1773595580.638697603,1,0,0.01
1773595581.660133125,0,0,1.23
1773595581.660133125,1,0,0.01
1773595582.682581262,0,0,1.23
1773595582.682581262,1,0,0.01
1773595583.703554528,0,34,1.23
1773595583.703554528,1,0,0.01
1773595584.724539038,0,38,1.23
1773595584.724539038,1,0,0.01
1773595585.745019645,0,38,1.23
1773595585.745019645,1,0,0.01
1773595586.765622151,0,20,1.23
1773595586.765622151,1,0,0.01
1773595587.787477179,0,0,1.23
1773595587.787477179,1,0,0.01
1773595588.808798683,0,0,1.23
1773595588.808798683,1,0,0.01
1773595589.829891530,0,0,1.23
1773595589.829891530,1,0,0.01
1773595590.851395685,0,0,1.23
1773595590.851395685,1,0,0.01
1773595591.872406074,0,8,1.23
1773595591.872406074,1,0,0.01
1773595592.893363178,0,33,1.23
1773595592.893363178,1,0,0.01
1773595593.913580623,0,33,1.23
1773595593.913580623,1,0,0.01
1773595594.934721664,0,35,1.23
1773595594.934721664,1,0,0.01
1773595595.955304884,0,0,1.23
1773595595.955304884,1,0,0.01
1773595596.977456536,0,0,1.23
1773595596.977456536,1,0,0.01
1773595597.999284891,0,0,1.23
1773595597.999284891,1,0,0.01
1773595599.020533445,0,0,1.23
1773595599.020533445,1,0,0.01
1773595600.041473587,0,0,1.23
1773595600.041473587,1,0,0.01
1773595601.062756106,0,0,1.23
1773595601.062756106,1,0,0.01
1773595602.083698285,0,0,1.23
1773595602.083698285,1,0,0.01
1773595603.105883734,0,0,1.23
1773595603.105883734,1,0,0.01
1773595604.127806907,0,0,1.23
1773595604.127806907,1,0,0.01
1773595605.149717301,0,0,1.23
1773595605.149717301,1,0,0.01
1773595606.171143300,0,0,1.23
1773595606.171143300,1,0,0.01
1773595607.192552418,0,0,1.23
1773595607.192552418,1,0,0.01
1773595608.213806765,0,0,1.23
1773595608.213806765,1,0,0.01
1773595609.235095632,0,0,1.23
1773595609.235095632,1,0,0.01
1773595610.256606602,0,0,1.23
1773595610.256606602,1,0,0.01
1773595611.277525499,0,37,1.23
1773595611.277525499,1,0,0.01
1773595612.298707044,0,37,1.23
1773595612.298707044,1,0,0.01
1773595613.320243940,0,37,1.23
1773595613.320243940,1,0,0.01
1773595614.340167630,0,0,1.23
1773595614.340167630,1,0,0.01
1773595615.361792677,0,0,1.23
1773595615.361792677,1,0,0.01
1773595616.383614489,0,0,1.23
1773595616.383614489,1,0,0.01
1773595617.404834926,0,0,1.23
1773595617.404834926,1,0,0.01
1773595618.426483456,0,0,1.23
1773595618.426483456,1,0,0.01
1773595619.447705690,0,0,1.23
1773595619.447705690,1,0,0.01
1773595620.469328212,0,0,1.23
1773595620.469328212,1,0,0.01
1773595621.491034533,0,0,1.23
1773595621.491034533,1,0,0.01
1773595622.512163608,0,0,1.23
1773595622.512163608,1,0,0.01
1773595623.533776268,0,0,1.23
1773595623.533776268,1,0,0.01
1773595624.555314136,0,0,1.23
1773595624.555314136,1,0,0.01
1773595625.577483400,0,0,1.23
1773595625.577483400,1,0,0.01
1773595626.599429096,0,0,1.23
1773595626.599429096,1,0,0.01
1773595627.621950840,0,0,1.23
1773595627.621950840,1,0,0.01
1773595628.643631805,0,0,1.23
1773595628.643631805,1,0,0.01
1773595629.665211959,0,0,1.23
1773595629.665211959,1,0,0.01
1773595630.687279005,0,0,1.23
1773595630.687279005,1,0,0.01
1773595631.709007167,0,34,1.23
1773595631.709007167,1,0,0.01
1773595632.731110738,0,37,1.23
1773595632.731110738,1,0,0.01
1773595633.751937023,0,37,1.23
1773595633.751937023,1,0,0.01
1773595634.773841928,0,33,1.23
1773595634.773841928,1,0,0.01
1773595635.794350755,0,0,1.23
1773595635.794350755,1,0,0.01
1773595636.814906999,0,0,1.23
1773595636.814906999,1,0,0.01
1773595637.836897819,0,0,1.23
1773595637.836897819,1,0,0.01
1773595638.859150891,0,0,1.23
1773595638.859150891,1,0,0.01
1773595639.880883148,0,0,1.23
1773595639.880883148,1,0,0.01
1773595640.901840826,0,0,1.23
1773595640.901840826,1,0,0.01
1773595641.922877280,0,0,1.23
1773595641.922877280,1,0,0.01
1773595642.943725149,0,0,1.23
1773595642.943725149,1,0,0.01
1773595643.965135982,0,0,1.23
1773595643.965135982,1,0,0.01
1773595644.986875521,0,0,1.23
1773595644.986875521,1,0,0.01
1773595646.008235223,0,0,1.23
1773595646.008235223,1,0,0.01
1773595647.029791781,0,0,1.23
1773595647.029791781,1,0,0.01
1773595648.050880016,0,0,1.23
1773595648.050880016,1,0,0.01
1773595649.072566795,0,35,1.23
1773595649.072566795,1,0,0.01
1773595650.093372257,0,32,1.23
1773595650.093372257,1,0,0.01
1773595651.115441142,0,32,1.23
1773595651.115441142,1,0,0.01
1773595652.135904539,0,0,1.23
1773595652.135904539,1,0,0.01
1773595653.156551960,0,0,1.23
1773595653.156551960,1,0,0.01
1773595654.176804548,0,0,1.23
1773595654.176804548,1,0,0.01
1773595655.198061869,0,0,1.23
1773595655.198061869,1,0,0.01
1773595656.220443925,0,0,1.23
1773595656.220443925,1,0,0.01
1773595657.241888162,0,0,1.23
1773595657.241888162,1,0,0.01
1773595658.263808367,0,0,1.23
1773595658.263808367,1,0,0.01
1773595659.285908471,0,0,1.23
1773595659.285908471,1,0,0.01
1773595660.306988422,0,37,1.23
1773595660.306988422,1,0,0.01
1773595661.328818451,0,37,1.23
1773595661.328818451,1,0,0.01
1773595662.350353494,0,37,1.23
1773595662.350353494,1,0,0.01
1773595663.370926392,0,0,1.23
1773595663.370926392,1,0,0.01
1773595664.391411824,0,0,1.23
1773595664.391411824,1,0,0.01
1773595665.411805065,0,0,1.23
1773595665.411805065,1,0,0.01
1773595666.433156660,0,0,1.23
1773595666.433156660,1,0,0.01
1773595667.454645923,0,37,1.23
1773595667.454645923,1,0,0.01
1773595668.474945712,0,37,1.23
1773595668.474945712,1,0,0.01
1773595669.495442154,0,35,1.23
1773595669.495442154,1,0,0.01
1773595670.517513984,0,0,1.23
1773595670.517513984,1,0,0.01
1773595671.538474306,0,0,1.23
1773595671.538474306,1,0,0.01
1773595672.560831329,0,0,1.23
1773595672.560831329,1,0,0.01
1773595673.582081432,0,0,1.23
1773595673.582081432,1,0,0.01
1773595674.604027519,0,0,1.23
1773595674.604027519,1,0,0.01
1773595675.625111921,0,0,1.23
1773595675.625111921,1,0,0.01
1773595676.646534748,0,0,1.23
1773595676.646534748,1,0,0.01
1773595677.668763057,0,0,1.23
1773595677.668763057,1,0,0.01
1773595678.690800587,0,0,1.23
1773595678.690800587,1,0,0.01
1773595679.711804482,0,0,1.23
1773595679.711804482,1,0,0.01
1773595680.732918495,0,0,1.23
1773595680.732918495,1,0,0.01
1773595681.753670871,0,0,1.23
1773595681.753670871,1,0,0.01
1773595682.773990179,0,0,1.23
1773595682.773990179,1,0,0.01
1773595683.795931971,0,0,1.23
1773595683.795931971,1,0,0.01
1773595684.817011173,0,0,1.23
1773595684.817011173,1,0,0.01
1773595685.838803274,0,0,1.23
1773595685.838803274,1,0,0.01
1773595686.860511316,0,0,1.23
1773595686.860511316,1,0,0.01
1773595687.882216230,0,0,1.23
1773595687.882216230,1,0,0.01
1773595688.903640923,0,0,1.23
1773595688.903640923,1,0,0.01
1773595689.924839261,0,0,1.23
1773595689.924839261,1,0,0.01
1773595690.947169229,0,0,1.23
1773595690.947169229,1,0,0.01
1773595691.968859942,0,34,1.23
1773595691.968859942,1,0,0.01
1773595692.990253724,0,34,1.23
1773595692.990253724,1,0,0.01
1773595694.012287511,0,34,1.23
1773595694.012287511,1,0,0.01
1773595695.033763147,0,0,1.23
1773595695.033763147,1,0,0.01
1773595696.053866902,0,0,1.23
1773595696.053866902,1,0,0.01
1773595697.076157764,0,0,1.23
1773595697.076157764,1,0,0.01
1773595698.098036102,0,0,1.23
1773595698.098036102,1,0,0.01
1773595699.118770961,0,0,1.23
1773595699.118770961,1,0,0.01
1773595700.140625439,0,32,1.23
1773595700.140625439,1,0,0.01
1773595701.161552927,0,35,1.23
1773595701.161552927,1,0,0.01
1773595702.183199418,0,35,1.23
1773595702.183199418,1,0,0.01
1773595703.203769328,0,32,1.23
1773595703.203769328,1,0,0.01
1773595704.224888273,0,0,1.23
1773595704.224888273,1,0,0.01
1773595705.246338546,0,0,1.23
1773595705.246338546,1,0,0.01
1773595706.266815512,0,0,1.23
1773595706.266815512,1,0,0.01
1773595707.287874396,0,0,1.23
1773595707.287874396,1,0,0.01
1773595708.307346016,0,0,1.23
1773595708.307346016,1,0,0.01
1773595709.326938527,0,0,1.23
1773595709.326938527,1,0,0.01
1773595710.348795446,0,0,1.23
1773595710.348795446,1,0,0.01
1773595711.371360568,0,0,1.23
1773595711.371360568,1,0,0.01
1773595712.392100033,0,37,1.23
1773595712.392100033,1,0,0.01
1773595713.413668621,0,34,1.23
1773595713.413668621,1,0,0.01
1773595714.434739343,0,33,1.23
1773595714.434739343,1,0,0.01
1773595715.456273711,0,29,1.23
1773595715.456273711,1,0,0.01
1773595716.476371027,0,0,1.23
1773595716.476371027,1,0,0.01
1773595717.496956224,0,0,1.23
1773595717.496956224,1,0,0.01
1773595718.516828403,0,0,1.23
1773595718.516828403,1,0,0.01
1773595719.537680698,0,0,1.23
1773595719.537680698,1,0,0.01
1773595720.559136239,0,0,1.23
1773595720.559136239,1,0,0.01
1773595721.579797976,0,32,1.23
1773595721.579797976,1,0,0.01
1773595722.601140401,0,32,1.23
1773595722.601140401,1,0,0.01
1773595723.622151906,0,32,1.23
1773595723.622151906,1,0,0.01
1773595724.642468257,0,32,1.23
1773595724.642468257,1,0,0.01
1773595725.663880785,0,0,1.23
1773595725.663880785,1,0,0.01
1773595726.684429776,0,0,1.23
1773595726.684429776,1,0,0.01
1773595727.705679154,0,0,1.23
1773595727.705679154,1,0,0.01
1773595728.727285494,0,0,1.23
1773595728.727285494,1,0,0.01
1773595729.748939083,0,0,1.23
1773595729.748939083,1,0,0.01
1773595730.770934309,0,0,1.23
1773595730.770934309,1,0,0.01
1773595731.792439593,0,0,1.23
1773595731.792439593,1,0,0.01
1773595732.814488429,0,0,1.23
1773595732.814488429,1,0,0.01
1773595733.835982546,0,0,1.23
1773595733.835982546,1,0,0.01
1773595734.856384072,0,0,1.23
1773595734.856384072,1,0,0.01
1773595735.877789713,0,34,1.23
1773595735.877789713,1,0,0.01
1773595736.899196887,0,34,1.23
1773595736.899196887,1,0,0.01
1773595737.920372710,0,33,1.23
1773595737.920372710,1,0,0.01
1773595738.941881321,0,2,1.23
1773595738.941881321,1,0,0.01
1773595739.963604537,0,0,1.23
1773595739.963604537,1,0,0.01
1773595740.984976526,0,0,1.23
1773595740.984976526,1,0,0.01
1773595742.006498694,0,0,1.23
1773595742.006498694,1,0,0.01
1773595743.028254378,0,0,1.23
1773595743.028254378,1,0,0.01
1773595744.049835963,0,0,1.23
1773595744.049835963,1,0,0.01
1773595745.071024936,0,35,1.23
1773595745.071024936,1,0,0.01
1773595746.092555216,0,35,1.23
1773595746.092555216,1,0,0.01
1773595747.113117078,0,35,1.23
1773595747.113117078,1,0,0.01
1773595748.133460864,0,0,1.23
1773595748.133460864,1,0,0.01
1773595749.153638859,0,0,1.23
1773595749.153638859,1,0,0.01
1773595750.174504369,0,0,1.23
1773595750.174504369,1,0,0.01
1773595751.196602757,0,0,1.23
1773595751.196602757,1,0,0.01
1773595752.217492037,0,0,1.23
1773595752.217492037,1,0,0.01
1773595753.238790704,0,0,1.23
1773595753.238790704,1,0,0.01
1773595754.259863767,0,0,1.23
1773595754.259863767,1,0,0.01
1773595755.281723486,0,0,1.23
1773595755.281723486,1,0,0.01
1773595756.303510561,0,0,1.23
1773595756.303510561,1,0,0.01
1773595757.324145285,0,0,1.23
1773595757.324145285,1,0,0.01
1773595758.345540864,0,0,1.23
1773595758.345540864,1,0,0.01
1773595759.366463633,0,37,1.23
1773595759.366463633,1,0,0.01
1773595760.387890127,0,34,1.23
1773595760.387890127,1,0,0.01
1773595761.409650247,0,34,1.23
1773595761.409650247,1,0,0.01
1773595762.430547230,0,37,1.23
1773595762.430547230,1,0,0.01
1773595763.452926769,0,0,1.23
1773595763.452926769,1,0,0.01
1773595764.474933566,0,0,1.23
1773595764.474933566,1,0,0.01
1773595765.495946554,0,0,1.23
1773595765.495946554,1,0,0.01
1773595766.517143566,0,0,1.23
1773595766.517143566,1,0,0.01
1773595767.538595651,0,0,1.23
1773595767.538595651,1,0,0.01
1773595768.560585489,0,0,1.23
1773595768.560585489,1,0,0.01
1773595769.582499660,0,0,1.23
1773595769.582499660,1,0,0.01
1773595770.603212259,0,0,1.23
1773595770.603212259,1,0,0.01
1773595771.624839750,0,0,1.23
1773595771.624839750,1,0,0.01
1773595772.645704142,0,0,1.23
1773595772.645704142,1,0,0.01
1773595773.666673010,0,36,1.23
1773595773.666673010,1,0,0.01
1773595774.687785946,0,35,1.23
1773595774.687785946,1,0,0.01
1773595775.707210046,0,35,1.23
1773595775.707210046,1,0,0.01
1773595776.727350138,0,36,1.23
1773595776.727350138,1,0,0.01
1773595777.747992037,0,0,1.23
1773595777.747992037,1,0,0.01
1773595778.768501612,0,0,1.23
1773595778.768501612,1,0,0.01
1773595779.789694645,0,0,1.23
1773595779.789694645,1,0,0.01
1773595780.811131752,0,0,1.23
1773595780.811131752,1,0,0.01
1773595781.832610619,0,0,1.23
1773595781.832610619,1,0,0.01
1773595782.853670926,0,0,1.23
1773595782.853670926,1,0,0.01
1773595783.875211813,0,0,1.23
1773595783.875211813,1,0,0.01
1773595784.897109461,0,0,1.23
1773595784.897109461,1,0,0.01
1773595785.918624800,0,0,1.23
1773595785.918624800,1,0,0.01
1773595786.940606505,0,0,1.23
1773595786.940606505,1,0,0.01
1773595787.961900710,0,0,1.23
1773595787.961900710,1,0,0.01
1773595788.983939499,0,0,1.23
1773595788.983939499,1,0,0.01
1773595790.004805778,0,0,1.23
1773595790.004805778,1,0,0.01
1773595791.026177754,0,0,1.23
1773595791.026177754,1,0,0.01
1773595792.048175301,0,0,1.23
1773595792.048175301,1,0,0.01
1773595793.070329215,0,0,1.23
1773595793.070329215,1,0,0.01
1773595794.090519763,0,0,1.23
1773595794.090519763,1,0,0.01
1773595795.111862564,0,0,1.23
1773595795.111862564,1,0,0.01
1773595796.133880274,0,0,1.23
1773595796.133880274,1,0,0.01
1773595797.155125968,0,35,1.23
1773595797.155125968,1,0,0.01
1773595798.175951743,0,35,1.23
1773595798.175951743,1,0,0.01
1773595799.198529512,0,36,1.23
1773595799.198529512,1,0,0.01
1773595800.219668063,0,7,1.23
1773595800.219668063,1,0,0.01
1773595801.240674232,0,0,1.23
1773595801.240674232,1,0,0.01
1773595802.261996353,0,0,1.23
1773595802.261996353,1,0,0.01
1773595803.283904340,0,0,1.23
1773595803.283904340,1,0,0.01
1773595804.306202803,0,0,1.23
1773595804.306202803,1,0,0.01
1773595805.327923353,0,0,1.23
1773595805.327923353,1,0,0.01
1773595806.349975576,0,0,1.23
1773595806.349975576,1,0,0.01
1773595807.371860289,0,0,1.23
1773595807.371860289,1,0,0.01
1773595808.394112415,0,0,1.23
1773595808.394112415,1,0,0.01
1773595809.415891990,0,0,1.23
1773595809.415891990,1,0,0.01
1773595810.436765569,0,0,1.23
1773595810.436765569,1,0,0.01
1773595811.456840404,0,37,1.23
1773595811.456840404,1,0,0.01
1773595812.478386533,0,38,1.23
1773595812.478386533,1,0,0.01
1773595813.499312627,0,38,1.23
1773595813.499312627,1,0,0.01
1773595814.518919754,0,22,1.23
1773595814.518919754,1,0,0.01
1773595815.540954964,0,0,1.23
1773595815.540954964,1,0,0.01
1773595816.561867512,0,0,1.23
1773595816.561867512,1,0,0.01
1773595817.583284213,0,0,1.23
1773595817.583284213,1,0,0.01
1773595818.605079285,0,0,1.23
1773595818.605079285,1,0,0.01
1773595819.626607188,0,31,1.23
1773595819.626607188,1,0,0.01
1773595820.648495232,0,35,1.23
1773595820.648495232,1,0,0.01
1773595821.669928225,0,35,1.23
1773595821.669928225,1,0,0.01
1773595822.689854955,0,31,1.23
1773595822.689854955,1,0,0.01
1773595823.710593929,0,0,1.23
1773595823.710593929,1,0,0.01
1773595824.730916664,0,35,1.23
1773595824.730916664,1,0,0.01
1773595825.752422683,0,32,1.23
1773595825.752422683,1,0,0.01
1773595826.773826776,0,34,1.23
1773595826.773826776,1,0,0.01
1773595827.793635767,0,34,1.23
1773595827.793635767,1,0,0.01
1773595828.814468498,0,0,1.23
1773595828.814468498,1,0,0.01
1773595829.835961311,0,0,1.23
1773595829.835961311,1,0,0.01
1773595830.855901427,0,0,1.23
1773595830.855901427,1,0,0.01
1773595831.876584150,0,0,1.23
1773595831.876584150,1,0,0.01
1773595832.898652498,0,38,1.23
1773595832.898652498,1,0,0.01
1773595833.919782062,0,38,1.23
1773595833.919782062,1,0,0.01
1773595834.939277177,0,17,1.23
1773595834.939277177,1,0,0.01
1773595835.959731316,0,37,1.23
1773595835.959731316,1,0,0.01
1773595836.980036446,0,0,1.23
1773595836.980036446,1,0,0.01
1773595838.001855910,0,0,1.23
1773595838.001855910,1,0,0.01
1773595839.022707255,0,0,1.23
1773595839.022707255,1,0,0.01
1773595840.043912198,0,0,1.23
1773595840.043912198,1,0,0.01
1773595841.065305395,0,35,1.23
1773595841.065305395,1,0,0.01
1773595842.086454274,0,35,1.23
1773595842.086454274,1,0,0.01
1773595843.106120653,0,31,1.23
1773595843.106120653,1,0,0.01
1773595844.127296865,0,31,1.23
1773595844.127296865,1,0,0.01
1773595845.148523214,0,0,1.23
1773595845.148523214,1,0,0.01
1773595846.170219670,0,0,1.23
1773595846.170219670,1,0,0.01
1773595847.191175489,0,0,1.23
1773595847.191175489,1,0,0.01
1773595848.212319394,0,0,1.23
1773595848.212319394,1,0,0.01
1773595849.234485674,0,0,1.23
1773595849.234485674,1,0,0.01
1773595850.255292993,0,0,1.23
1773595850.255292993,1,0,0.01
1773595851.276706790,0,0,1.23
1773595851.276706790,1,0,0.01
1773595852.298713852,0,0,1.23
1773595852.298713852,1,0,0.01
1773595853.319576554,0,0,1.23
1773595853.319576554,1,0,0.01
1773595854.341117157,0,0,1.23
1773595854.341117157,1,0,0.01
1773595855.362611911,0,34,1.23
1773595855.362611911,1,0,0.01
1773595856.383830236,0,34,1.23
1773595856.383830236,1,0,0.01
1773595857.404773910,0,34,1.23
1773595857.404773910,1,0,0.01
1773595858.425547320,0,34,1.23
1773595858.425547320,1,0,0.01
1773595859.445300093,0,0,1.23
1773595859.445300093,1,0,0.01
1773595860.467557985,0,0,1.23
1773595860.467557985,1,0,0.01
1773595861.488819916,0,0,1.23
1773595861.488819916,1,0,0.01
1773595862.510793603,0,0,1.23
1773595862.510793603,1,0,0.01
1773595863.531890890,0,0,1.23
1773595863.531890890,1,0,0.01
1773595864.554424274,0,0,1.23
1773595864.554424274,1,0,0.01
1773595865.577123224,0,31,1.23
1773595865.577123224,1,0,0.01
1773595866.598405758,0,32,1.23
1773595866.598405758,1,0,0.01
1773595867.618249965,0,31,1.23
1773595867.618249965,1,0,0.01
1773595868.639120692,0,31,1.23
1773595868.639120692,1,0,0.01
1773595869.658490194,0,0,1.23
1773595869.658490194,1,0,0.01
1773595870.678196714,0,0,1.23
1773595870.678196714,1,0,0.01
1773595871.699440507,0,0,1.23
1773595871.699440507,1,0,0.01
1773595872.721124768,0,0,1.23
1773595872.721124768,1,0,0.01
1773595873.742866801,0,0,1.23
1773595873.742866801,1,0,0.01
1773595874.764814316,0,0,1.23
1773595874.764814316,1,0,0.01
1773595875.786685310,0,0,1.23
1773595875.786685310,1,0,0.01
1773595876.807901367,0,33,1.23
1773595876.807901367,1,0,0.01
1773595877.828888332,0,37,1.23
1773595877.828888332,1,0,0.01
1773595878.850896553,0,37,1.23
1773595878.850896553,1,0,0.01
1773595879.870806807,0,0,1.23
1773595879.870806807,1,0,0.01
1773595880.892198899,0,0,1.23
1773595880.892198899,1,0,0.01
1773595881.913834459,0,0,1.23
1773595881.913834459,1,0,0.01
1773595882.934781184,0,0,1.23
1773595882.934781184,1,0,0.01
1773595883.955869801,0,0,1.23
1773595883.955869801,1,0,0.01
1773595884.977816354,0,0,1.23
1773595884.977816354,1,0,0.01
1773595885.999876643,0,0,1.23
1773595885.999876643,1,0,0.01
1773595887.020420852,0,31,1.23
1773595887.020420852,1,0,0.01
1773595888.040511971,0,31,1.23
1773595888.040511971,1,0,0.01
1773595889.060141171,0,32,1.23
1773595889.060141171,1,0,0.01
1773595890.079948418,0,31,1.23
1773595890.079948418,1,0,0.01
1773595891.102000591,0,0,1.23
1773595891.102000591,1,0,0.01
1773595892.122084866,0,0,1.23
1773595892.122084866,1,0,0.01
1773595893.144376122,0,0,1.23
1773595893.144376122,1,0,0.01
1773595894.169062202,0,0,1.23
1773595894.169062202,1,0,0.01
1773595895.188906422,0,0,1.23
1773595895.188906422,1,0,0.01
1773595896.208359746,0,0,1.23
1773595896.208359746,1,0,0.01
1773595897.229565966,0,0,1.23
1773595897.229565966,1,0,0.01
1773595898.250544598,0,0,1.23
1773595898.250544598,1,0,0.01
1773595899.272546903,0,0,1.23
1773595899.272546903,1,0,0.01
1773595900.293389143,0,0,1.23
1773595900.293389143,1,0,0.01
1773595901.315265199,0,0,1.23
1773595901.315265199,1,0,0.01
1773595902.336762703,0,33,1.23
1773595902.336762703,1,0,0.01
1773595903.358801499,0,33,1.23
1773595903.358801499,1,0,0.01
1773595904.378619950,0,37,1.23
1773595904.378619950,1,0,0.01
1773595905.399723450,0,31,1.23
1773595905.399723450,1,0,0.01
1773595906.421526962,0,0,1.23
1773595906.421526962,1,0,0.01
1773595907.442290034,0,0,1.23
1773595907.442290034,1,0,0.01
1773595908.464028878,0,0,1.23
1773595908.464028878,1,0,0.01
1773595909.485031802,0,0,1.23
1773595909.485031802,1,0,0.01
1773595910.506551805,0,0,1.23
1773595910.506551805,1,0,0.01
1773595911.527560923,0,0,1.23
1773595911.527560923,1,0,0.01
1773595912.548441941,0,30,1.23
1773595912.548441941,1,0,0.01
1773595913.569055261,0,32,1.23
1773595913.569055261,1,0,0.01
1773595914.588941322,0,32,1.23
1773595914.588941322,1,0,0.01
1773595915.611147469,0,31,1.23
1773595915.611147469,1,0,0.01
1773595916.630877405,0,17,1.23
1773595916.630877405,1,0,0.01
1773595917.652019927,0,0,1.23
1773595917.652019927,1,0,0.01
1773595918.672598744,0,0,1.23
1773595918.672598744,1,0,0.01
1773595919.693675016,0,0,1.23
1773595919.693675016,1,0,0.01
1773595920.715382900,0,0,1.23
1773595920.715382900,1,0,0.01
1773595921.736897929,0,0,1.23
1773595921.736897929,1,0,0.01
1773595922.757294557,0,0,1.23
1773595922.757294557,1,0,0.01
1773595923.778151608,0,0,1.23
1773595923.778151608,1,0,0.01
1773595924.799569391,0,0,1.23
1773595924.799569391,1,0,0.01
1773595925.821319433,0,0,1.23
1773595925.821319433,1,0,0.01
1773595926.842886121,0,0,1.23
1773595926.842886121,1,0,0.01
1773595927.865148204,0,33,1.23
1773595927.865148204,1,0,0.01
1773595928.887011721,0,37,1.23
1773595928.887011721,1,0,0.01
1773595929.908165045,0,37,1.23
1773595929.908165045,1,0,0.01
1773595930.927984609,0,0,1.23
1773595930.927984609,1,0,0.01
1773595931.948001459,0,0,1.23
1773595931.948001459,1,0,0.01
1773595932.969078993,0,0,1.23
1773595932.969078993,1,0,0.01
1773595933.990567982,0,0,1.23
1773595933.990567982,1,0,0.01
1773595935.011859200,0,35,1.23
1773595935.011859200,1,0,0.01
1773595936.033230911,0,31,1.23
1773595936.033230911,1,0,0.01
1773595937.054914971,0,31,1.23
1773595937.054914971,1,0,0.01
1773595938.076611358,0,31,1.23
1773595938.076611358,1,0,0.01
1773595939.096839022,0,0,1.23
1773595939.096839022,1,0,0.01
1773595940.118331337,0,0,1.23
1773595940.118331337,1,0,0.01
1773595941.137680717,0,0,1.23
1773595941.137680717,1,0,0.01
1773595942.159765590,0,0,1.23
1773595942.159765590,1,0,0.01
1773595943.180853367,0,0,1.23
1773595943.180853367,1,0,0.01
1773595944.202244988,0,34,1.23
1773595944.202244988,1,0,0.01
1773595945.223677205,0,34,1.23
1773595945.223677205,1,0,0.01
1773595946.243734146,0,33,1.23
1773595946.243734146,1,0,0.01
1773595947.263424071,0,34,1.23
1773595947.263424071,1,0,0.01
1773595948.283208322,0,0,1.23
1773595948.283208322,1,0,0.01
1773595949.305057002,0,0,1.23
1773595949.305057002,1,0,0.01
1773595950.326831228,0,4,1.23
1773595950.326831228,1,0,0.01
1773595951.346964676,0,34,1.23
1773595951.346964676,1,0,0.01
1773595952.368932515,0,33,1.23
1773595952.368932515,1,0,0.01
1773595953.391927336,0,33,1.23
1773595953.391927336,1,0,0.01
1773595954.413722940,0,0,1.23
1773595954.413722940,1,0,0.01
1773595955.435889760,0,0,1.23
1773595955.435889760,1,0,0.01
1773595956.457872951,0,0,1.23
1773595956.457872951,1,0,0.01
1773595957.479217234,0,0,1.23
1773595957.479217234,1,0,0.01
1773595958.500726799,0,0,1.23
1773595958.500726799,1,0,0.01
1773595959.522635253,0,31,1.23
1773595959.522635253,1,0,0.01
1773595960.542373457,0,35,1.23
1773595960.542373457,1,0,0.01
1773595961.562581043,0,35,1.23
1773595961.562581043,1,0,0.01
1773595962.582947887,0,0,1.23
1773595962.582947887,1,0,0.01
1773595963.604579894,0,0,1.23
1773595963.604579894,1,0,0.01
1773595964.624392155,0,0,1.23
1773595964.624392155,1,0,0.01
1773595965.646476813,0,0,1.23
1773595965.646476813,1,0,0.01
1773595966.668400822,0,0,1.23
1773595966.668400822,1,0,0.01
1773595967.689476064,0,0,1.23
1773595967.689476064,1,0,0.01
1773595968.710955649,0,0,1.23
1773595968.710955649,1,0,0.01
1773595969.730726989,0,0,1.23
1773595969.730726989,1,0,0.01
1773595970.751064545,0,0,1.23
1773595970.751064545,1,0,0.01
1773595971.771990691,0,0,1.23
1773595971.771990691,1,0,0.01
1773595972.794012941,0,0,1.23
1773595972.794012941,1,0,0.01
1773595973.814997239,0,0,1.23
1773595973.814997239,1,0,0.01
1773595974.837107116,0,0,1.23
1773595974.837107116,1,0,0.01
1773595975.858730954,0,0,1.23
1773595975.858730954,1,0,0.01
1773595976.879995846,0,0,1.23
1773595976.879995846,1,0,0.01
1773595977.901175749,0,0,1.23
1773595977.901175749,1,0,0.01
1773595978.922285472,0,0,1.23
1773595978.922285472,1,0,0.01
1773595979.943567957,0,0,1.23
1773595979.943567957,1,0,0.01
1773595980.965053503,0,0,1.23
1773595980.965053503,1,0,0.01
1773595981.985866499,0,34,1.23
1773595981.985866499,1,0,0.01
1773595983.007115112,0,34,1.23
1773595983.007115112,1,0,0.01
1773595984.028074989,0,32,1.23
1773595984.028074989,1,0,0.01
1773595985.049390420,0,4,1.23
1773595985.049390420,1,0,0.01
1773595986.070604110,0,0,1.23
1773595986.070604110,1,0,0.01
1773595987.092735308,0,35,1.23
1773595987.092735308,1,0,0.01
1773595988.113592315,0,35,1.23
1773595988.113592315,1,0,0.01
1773595989.132856498,0,35,1.23
1773595989.132856498,1,0,0.01
1773595990.152843224,0,35,1.23
1773595990.152843224,1,0,0.01
1773595991.172432017,0,0,1.23
1773595991.172432017,1,0,0.01
1773595992.192277563,0,0,1.23
1773595992.192277563,1,0,0.01
1773595993.213260666,0,0,1.23
1773595993.213260666,1,0,0.01
1773595994.233937100,0,0,1.23
1773595994.233937100,1,0,0.01
1773595995.254857550,0,0,1.23
1773595995.254857550,1,0,0.01
1773595996.276499343,0,0,1.23
1773595996.276499343,1,0,0.01
1773595997.298130152,0,0,1.23
1773595997.298130152,1,0,0.01
1773595998.319553252,0,37,1.23
1773595998.319553252,1,0,0.01
1773595999.340029523,0,37,1.23
1773595999.340029523,1,0,0.01
1773596000.359666157,0,37,1.23
1773596000.359666157,1,0,0.01
1773596001.380533830,0,0,1.23
1773596001.380533830,1,0,0.01
1773596002.401712235,0,0,1.23
1773596002.401712235,1,0,0.01
1773596003.422576016,0,0,1.23
1773596003.422576016,1,0,0.01
1773596004.443587482,0,0,1.23
1773596004.443587482,1,0,0.01
1773596005.465899769,0,0,1.23
1773596005.465899769,1,0,0.01
1773596006.487262763,0,0,1.23
1773596006.487262763,1,0,0.01
1773596007.509030644,0,0,1.23
1773596007.509030644,1,0,0.01
1773596008.530132302,0,0,1.23
1773596008.530132302,1,0,0.01
1773596009.552093527,0,36,1.23
1773596009.552093527,1,0,0.01
1773596010.573200275,0,36,1.23
1773596010.573200275,1,0,0.01
1773596011.594836583,0,35,1.23
1773596011.594836583,1,0,0.01
1773596012.614820541,0,0,1.23
1773596012.614820541,1,0,0.01
1773596013.636112514,0,0,1.23
1773596013.636112514,1,0,0.01
1773596014.657430430,0,0,1.23
1773596014.657430430,1,0,0.01
1773596015.679085947,0,31,1.23
1773596015.679085947,1,0,0.01
1773596016.699852305,0,33,1.23
1773596016.699852305,1,0,0.01
1773596017.720938098,0,33,1.23
1773596017.720938098,1,0,0.01
1773596018.742148138,0,33,1.23
1773596018.742148138,1,0,0.01
1773596019.762004589,0,0,1.23
1773596019.762004589,1,0,0.01
1773596020.783078980,0,0,1.23
1773596020.783078980,1,0,0.01
1773596021.804161459,0,0,1.23
1773596021.804161459,1,0,0.01
1773596022.825929803,0,0,1.23
1773596022.825929803,1,0,0.01
1773596023.848767142,0,0,1.23
1773596023.848767142,1,0,0.01
1773596024.870016138,0,0,1.23
1773596024.870016138,1,0,0.01
1773596025.892230819,0,0,1.23
1773596025.892230819,1,0,0.01
1773596026.914205102,0,0,1.23
1773596026.914205102,1,0,0.01
1773596027.935679362,0,0,1.23
1773596027.935679362,1,0,0.01
1773596028.956536359,0,0,1.23
1773596028.956536359,1,0,0.01
1773596029.977789071,0,0,1.23
1773596029.977789071,1,0,0.01
1773596030.999426614,0,0,1.23
1773596030.999426614,1,0,0.01
1773596032.020257033,0,0,1.23
1773596032.020257033,1,0,0.01
1773596033.041216810,0,31,1.23
1773596033.041216810,1,0,0.01
1773596034.062882972,0,35,1.23
1773596034.062882972,1,0,0.01
1773596035.084232363,0,35,1.23
1773596035.084232363,1,0,0.01
1773596036.105296718,0,0,1.23
1773596036.105296718,1,0,0.01
1773596037.124653216,0,0,1.23
1773596037.124653216,1,0,0.01
1773596038.145524117,0,0,1.23
1773596038.145524117,1,0,0.01
1773596039.166575132,0,0,1.23
1773596039.166575132,1,0,0.01
1773596040.187787301,0,0,1.23
1773596040.187787301,1,0,0.01
1773596041.209376335,0,0,1.23
1773596041.209376335,1,0,0.01
1773596042.229433060,0,0,1.23
1773596042.229433060,1,0,0.01
1773596043.249650935,0,0,1.23
1773596043.249650935,1,0,0.01
1773596044.270469830,0,36,1.23
1773596044.270469830,1,0,0.01
1773596045.290262929,0,37,1.23
1773596045.290262929,1,0,0.01
1773596046.311632974,0,36,1.23
1773596046.311632974,1,0,0.01
1773596047.332796362,0,0,1.23
1773596047.332796362,1,0,0.01
1773596048.354228401,0,0,1.23
1773596048.354228401,1,0,0.01
1773596049.376195248,0,0,1.23
1773596049.376195248,1,0,0.01
1773596050.397468247,0,0,1.23
1773596050.397468247,1,0,0.01
1773596051.418921694,0,0,1.23
1773596051.418921694,1,0,0.01
1773596052.438600045,0,0,1.23
1773596052.438600045,1,0,0.01
1773596053.458448947,0,0,1.23
1773596053.458448947,1,0,0.01
1773596054.479983788,0,0,1.23
1773596054.479983788,1,0,0.01
1773596055.500956522,0,0,1.23
1773596055.500956522,1,0,0.01
1773596056.520480572,0,0,1.23
1773596056.520480572,1,0,0.01
1773596057.540052229,0,0,1.23
1773596057.540052229,1,0,0.01
1773596058.560969295,0,35,1.23
1773596058.560969295,1,0,0.01
1773596059.581836091,0,35,1.23
1773596059.581836091,1,0,0.01
1773596060.603715127,0,35,1.23
1773596060.603715127,1,0,0.01
1773596061.625813944,0,13,1.23
1773596061.625813944,1,0,0.01
1773596062.647167100,0,0,1.23
1773596062.647167100,1,0,0.01
1773596063.668404658,0,0,1.23
1773596063.668404658,1,0,0.01
1773596064.689417760,0,0,1.23
1773596064.689417760,1,0,0.01
1773596065.710344230,0,0,1.23
1773596065.710344230,1,0,0.01
1773596066.731488002,0,0,1.23
1773596066.731488002,1,0,0.01
1773596067.753530065,0,37,1.23
1773596067.753530065,1,0,0.01
1773596068.774990389,0,33,1.23
1773596068.774990389,1,0,0.01
1773596069.795908923,0,33,1.23
1773596069.795908923,1,0,0.01
1773596070.815478220,0,37,1.23
1773596070.815478220,1,0,0.01
1773596071.836605367,0,0,1.23
1773596071.836605367,1,0,0.01
1773596072.858067498,0,0,1.23
1773596072.858067498,1,0,0.01
1773596073.878538412,0,0,1.23
1773596073.878538412,1,0,0.01
1773596074.898296385,0,37,1.23
1773596074.898296385,1,0,0.01
1773596075.919651270,0,36,1.23
1773596075.919651270,1,0,0.01
1773596076.941339975,0,35,1.23
1773596076.941339975,1,0,0.01
1773596077.961124834,0,35,1.23
1773596077.961124834,1,0,0.01
1773596078.982484999,0,0,1.23
1773596078.982484999,1,0,0.01
1773596080.003555044,0,0,1.23
1773596080.003555044,1,0,0.01
1773596081.025253047,0,0,1.23
1773596081.025253047,1,0,0.01
1773596082.046220862,0,0,1.23
1773596082.046220862,1,0,0.01
1773596083.068012002,0,0,1.23
1773596083.068012002,1,0,0.01
1773596084.087639219,0,0,1.23
1773596084.087639219,1,0,0.01
1773596085.107695721,0,0,1.23
1773596085.107695721,1,0,0.01
1773596086.129759465,0,0,1.23
1773596086.129759465,1,0,0.01
1773596087.151035440,0,0,1.23
1773596087.151035440,1,0,0.01
1773596088.172768670,0,0,1.23
1773596088.172768670,1,0,0.01
1773596089.193855071,0,0,1.23
1773596089.193855071,1,0,0.01
1773596090.214813368,0,0,1.23
1773596090.214813368,1,0,0.01
1773596091.235501846,0,37,1.23
1773596091.235501846,1,0,0.01
1773596092.256331893,0,33,1.23
1773596092.256331893,1,0,0.01
1773596093.277585414,0,33,1.23
1773596093.277585414,1,0,0.01
1773596094.299781773,0,0,1.23
1773596094.299781773,1,0,0.01
1773596095.321650493,0,0,1.23
1773596095.321650493,1,0,0.01
1773596096.343167396,0,0,1.23
1773596096.343167396,1,0,0.01
1773596097.364294224,0,0,1.23
1773596097.364294224,1,0,0.01
1773596098.385133896,0,0,1.23
1773596098.385133896,1,0,0.01
1773596099.405876171,0,0,1.23
1773596099.405876171,1,0,0.01
1773596100.427802564,0,0,1.23
1773596100.427802564,1,0,0.01
1773596101.450243604,0,0,1.23
1773596101.450243604,1,0,0.01
1773596102.471458606,0,0,1.23
1773596102.471458606,1,0,0.01
1773596103.491672486,0,6,1.23
1773596103.491672486,1,0,0.01
1773596104.511649416,0,32,1.23
1773596104.511649416,1,0,0.01
1773596105.533190694,0,32,1.23
1773596105.533190694,1,0,0.01
1773596106.553691644,0,35,1.23
1773596106.553691644,1,0,0.01
1773596107.575166734,0,0,1.23
1773596107.575166734,1,0,0.01
1773596108.595853573,0,0,1.23
1773596108.595853573,1,0,0.01
1773596109.615810356,0,0,1.23
1773596109.615810356,1,0,0.01
1773596110.635487339,0,0,1.23
1773596110.635487339,1,0,0.01
1773596111.655359529,0,0,1.23
1773596111.655359529,1,0,0.01
1773596112.676787009,0,0,1.23
1773596112.676787009,1,0,0.01
1773596113.696342851,0,0,1.23
1773596113.696342851,1,0,0.01
1773596114.718283776,0,37,1.23
1773596114.718283776,1,0,0.01
1773596115.738986224,0,37,1.23
1773596115.738986224,1,0,0.01
1773596116.759862556,0,37,1.23
1773596116.759862556,1,0,0.01
1773596117.781445207,0,37,1.23
1773596117.781445207,1,0,0.01
1773596118.802546618,0,0,1.23
1773596118.802546618,1,0,0.01
1773596119.823686467,0,0,1.23
1773596119.823686467,1,0,0.01
1773596120.844465546,0,13,1.23
1773596120.844465546,1,0,0.01
1773596121.865406742,0,37,1.23
1773596121.865406742,1,0,0.01
1773596122.886189113,0,36,1.23
1773596122.886189113,1,0,0.01
1773596123.907398181,0,36,1.23
1773596123.907398181,1,0,0.01
1773596124.929772798,0,0,1.23
1773596124.929772798,1,0,0.01
1773596125.950768834,0,0,1.23
1773596125.950768834,1,0,0.01
1773596126.972952194,0,0,1.23
1773596126.972952194,1,0,0.01
1773596127.994246587,0,0,1.23
1773596127.994246587,1,0,0.01
1773596129.016382436,0,35,1.23
1773596129.016382436,1,0,0.01
1773596130.037963175,0,35,1.23
1773596130.037963175,1,0,0.01
1773596131.059447048,0,35,1.23
1773596131.059447048,1,0,0.01
1773596132.081079317,0,0,1.23
1773596132.081079317,1,0,0.01
1773596133.103369751,0,0,1.23
1773596133.103369751,1,0,0.01
1773596134.125028934,0,0,1.23
1773596134.125028934,1,0,0.01
1773596135.146772069,0,0,1.23
1773596135.146772069,1,0,0.01
1773596136.168072688,0,0,1.23
1773596136.168072688,1,0,0.01
1773596137.190446021,0,0,1.23
1773596137.190446021,1,0,0.01
1773596138.210977099,0,0,1.23
1773596138.210977099,1,0,0.01
1773596139.231047720,0,0,1.23
1773596139.231047720,1,0,0.01
1773596140.252027722,0,0,1.23
1773596140.252027722,1,0,0.01
1773596141.273530442,0,0,1.23
1773596141.273530442,1,0,0.01
1773596142.294975697,0,30,1.23
1773596142.294975697,1,0,0.01
1773596143.314569381,0,37,1.23
1773596143.314569381,1,0,0.01
1773596144.335844738,0,37,1.23
1773596144.335844738,1,0,0.01
1773596145.356560837,0,37,1.23
1773596145.356560837,1,0,0.01
1773596146.377137051,0,0,1.23
1773596146.377137051,1,0,0.01
1773596147.398010747,0,0,1.23
1773596147.398010747,1,0,0.01
1773596148.420259363,0,0,1.23
1773596148.420259363,1,0,0.01
1773596149.440932330,0,0,1.23
1773596149.440932330,1,0,0.01
1773596150.460757517,0,23,1.23
1773596150.460757517,1,0,0.01
1773596151.480027910,0,35,1.23
1773596151.480027910,1,0,0.01
1773596152.500027922,0,31,1.23
1773596152.500027922,1,0,0.01
1773596153.521767569,0,31,1.23
1773596153.521767569,1,0,0.01
1773596154.542074086,0,0,1.23
1773596154.542074086,1,0,0.01
1773596155.564129496,0,0,1.23
1773596155.564129496,1,0,0.01
1773596156.586447053,0,0,1.23
1773596156.586447053,1,0,0.01
1773596157.607831070,0,0,1.23
1773596157.607831070,1,0,0.01
1773596158.630193618,0,0,1.23
1773596158.630193618,1,0,0.01
1773596159.650726631,0,0,1.23
1773596159.650726631,1,0,0.01
1773596160.673490447,0,0,1.23
1773596160.673490447,1,0,0.01
1773596161.694547275,0,37,1.23
1773596161.694547275,1,0,0.01
1773596162.716668107,0,37,1.23
1773596162.716668107,1,0,0.01
1773596163.738111144,0,37,1.23
1773596163.738111144,1,0,0.01
1773596164.759066746,0,15,1.23
1773596164.759066746,1,0,0.01
1773596165.779530747,0,0,1.23
1773596165.779530747,1,0,0.01
1773596166.800704378,0,0,1.23
1773596166.800704378,1,0,0.01
1773596167.822151728,0,0,1.23
1773596167.822151728,1,0,0.01
1773596168.843940533,0,0,1.23
1773596168.843940533,1,0,0.01
1773596169.865562137,0,0,1.23
1773596169.865562137,1,0,0.01
1773596170.886458439,0,0,1.23
1773596170.886458439,1,0,0.01
1773596171.908102071,0,0,1.23
1773596171.908102071,1,0,0.01
1773596172.929150977,0,0,1.23
1773596172.929150977,1,0,0.01
1773596173.951866508,0,35,1.23
1773596173.951866508,1,0,0.01
1773596174.972555082,0,35,1.23
1773596174.972555082,1,0,0.01
1773596175.992332492,0,31,1.23
1773596175.992332492,1,0,0.01
1773596177.013687769,0,31,1.23
1773596177.013687769,1,0,0.01
1773596178.035052858,0,0,1.23
1773596178.035052858,1,0,0.01
1773596179.055277630,0,0,1.23
1773596179.055277630,1,0,0.01
1773596180.077158121,0,31,1.23
1773596180.077158121,1,0,0.01
1773596181.098026880,0,35,1.23
1773596181.098026880,1,0,0.01
1773596182.119350526,0,35,1.23
1773596182.119350526,1,0,0.01
1773596183.140842418,0,33,1.23
1773596183.140842418,1,0,0.01
1773596184.162443214,0,0,1.23
1773596184.162443214,1,0,0.01
1773596185.184276313,0,0,1.23
1773596185.184276313,1,0,0.01
1773596186.206410030,0,0,1.23
1773596186.206410030,1,0,0.01
1773596187.227662456,0,26,1.23
1773596187.227662456,1,0,0.01
1773596188.249624283,0,33,1.23
1773596188.249624283,1,0,0.01
1773596189.270325288,0,37,1.23
1773596189.270325288,1,0,0.01
1773596190.292231536,0,34,1.23
1773596190.292231536,1,0,0.01
1773596191.313914558,0,0,1.23
1773596191.313914558,1,0,0.01
1773596192.334164680,0,0,1.23
1773596192.334164680,1,0,0.01
1773596193.354325480,0,0,1.23
1773596193.354325480,1,0,0.01
1773596194.373807861,0,0,1.23
1773596194.373807861,1,0,0.01
1773596195.395665262,0,0,1.23
1773596195.395665262,1,0,0.01
1773596196.417137180,0,0,1.23
1773596196.417137180,1,0,0.01
1773596197.438964340,0,0,1.23
1773596197.438964340,1,0,0.01
1773596198.459594712,0,0,1.23
1773596198.459594712,1,0,0.01
1773596199.480924794,0,0,1.23
1773596199.480924794,1,0,0.01
1773596200.502185671,0,35,1.23
1773596200.502185671,1,0,0.01
1773596201.521734010,0,35,1.23
1773596201.521734010,1,0,0.01
1773596202.541568995,0,35,1.23
1773596202.541568995,1,0,0.01
1773596203.561996063,0,31,1.23
1773596203.561996063,1,0,0.01
1773596204.583832338,0,0,1.23
1773596204.583832338,1,0,0.01
1773596205.604471436,0,0,1.23
1773596205.604471436,1,0,0.01
1773596206.625784012,0,0,1.23
1773596206.625784012,1,0,0.01
1773596207.646982143,0,0,1.23
1773596207.646982143,1,0,0.01
1773596208.668325660,0,0,1.23
1773596208.668325660,1,0,0.01
1773596209.690375569,0,0,1.23
1773596209.690375569,1,0,0.01
1773596210.711807387,0,0,1.23
1773596210.711807387,1,0,0.01
1773596211.733010097,0,0,1.23
1773596211.733010097,1,0,0.01
1773596212.754034614,0,0,1.23
1773596212.754034614,1,0,0.01
1773596213.776259541,0,0,1.23
1773596213.776259541,1,0,0.01
1773596214.796756383,0,33,1.23
1773596214.796756383,1,0,0.01
1773596215.816454812,0,37,1.23
1773596215.816454812,1,0,0.01
1773596216.837944866,0,37,1.23
1773596216.837944866,1,0,0.01
1773596217.858909985,0,37,1.23
1773596217.858909985,1,0,0.01
1773596218.877997141,0,0,1.23
1773596218.877997141,1,0,0.01
1773596219.899019846,0,0,1.23
1773596219.899019846,1,0,0.01
1773596220.920581548,0,0,1.23
1773596220.920581548,1,0,0.01
1773596221.941459263,0,0,1.23
1773596221.941459263,1,0,0.01
1773596222.963236425,0,0,1.23
1773596222.963236425,1,0,0.01
1773596223.984623111,0,35,1.23
1773596223.984623111,1,0,0.01
1773596225.006499828,0,32,1.23
1773596225.006499828,1,0,0.01
1773596226.027678205,0,32,1.23
1773596226.027678205,1,0,0.01
1773596227.047846870,0,23,1.23
1773596227.047846870,1,0,0.01
1773596228.069754004,0,0,1.23
1773596228.069754004,1,0,0.01
1773596229.090543208,0,0,1.23
1773596229.090543208,1,0,0.01
1773596230.113049511,0,35,1.23
1773596230.113049511,1,0,0.01
1773596231.133950442,0,33,1.23
1773596231.133950442,1,0,0.01
1773596232.156568727,0,36,1.23
1773596232.156568727,1,0,0.01
1773596233.178201888,0,36,1.23
1773596233.178201888,1,0,0.01
1773596234.199580352,0,0,1.23
1773596234.199580352,1,0,0.01
1773596235.221920040,0,0,1.23
1773596235.221920040,1,0,0.01
1773596236.243758819,0,0,1.23
1773596236.243758819,1,0,0.01
1773596237.265766471,0,0,1.23
1773596237.265766471,1,0,0.01
1773596238.287152548,0,0,1.23
1773596238.287152548,1,0,0.01
1773596239.308710753,0,0,1.23
1773596239.308710753,1,0,0.01
1773596240.329899985,0,0,1.23
1773596240.329899985,1,0,0.01
1773596241.349357647,0,0,1.23
1773596241.349357647,1,0,0.01
1773596242.369861068,0,0,1.23
1773596242.369861068,1,0,0.01
1773596243.391766036,0,37,1.23
1773596243.391766036,1,0,0.01
1773596244.412407456,0,37,1.23
1773596244.412407456,1,0,0.01
1773596245.431871255,0,37,1.23
1773596245.431871255,1,0,0.01
1773596246.451433403,0,0,1.23
1773596246.451433403,1,0,0.01
1773596247.471817071,0,0,1.23
1773596247.471817071,1,0,0.01
1773596248.493600957,0,0,1.23
1773596248.493600957,1,0,0.01
1773596249.514587746,0,17,1.23
1773596249.514587746,1,0,0.01
1773596250.535826402,0,35,1.23
1773596250.535826402,1,0,0.01
1773596251.556728992,0,31,1.23
1773596251.556728992,1,0,0.01
1773596252.578276439,0,35,1.23
1773596252.578276439,1,0,0.01
1773596253.600131716,0,0,1.23
1773596253.600131716,1,0,0.01
1773596254.621155185,0,0,1.23
1773596254.621155185,1,0,0.01
1773596255.643565133,0,0,1.23
1773596255.643565133,1,0,0.01
1773596256.664758735,0,0,1.23
1773596256.664758735,1,0,0.01
1773596257.686129959,0,0,1.23
1773596257.686129959,1,0,0.01
1773596258.706751655,0,0,1.23
1773596258.706751655,1,0,0.01
1773596259.728304867,0,0,1.23
1773596259.728304867,1,0,0.01
1773596260.749120732,0,0,1.23
1773596260.749120732,1,0,0.01
1773596261.770526840,0,37,1.23
1773596261.770526840,1,0,0.01
1773596262.791296811,0,34,1.23
1773596262.791296811,1,0,0.01
1773596263.812521520,0,33,1.23
1773596263.812521520,1,0,0.01
1773596264.833302590,0,34,1.23
1773596264.833302590,1,0,0.01
1773596265.854865618,0,0,1.23
1773596265.854865618,1,0,0.01
1773596266.875869575,0,0,1.23
1773596266.875869575,1,0,0.01
1773596267.897502297,0,0,1.23
1773596267.897502297,1,0,0.01
1773596268.919117696,0,0,1.23
1773596268.919117696,1,0,0.01
1773596269.940797541,0,0,1.23
1773596269.940797541,1,0,0.01
1773596270.962117397,0,0,1.23
1773596270.962117397,1,0,0.01
1773596271.983264179,0,0,1.23
1773596271.983264179,1,0,0.01
1773596273.003884724,0,0,1.23
1773596273.003884724,1,0,0.01
1773596274.023752855,0,0,1.23
1773596274.023752855,1,0,0.01
1773596275.045192074,0,0,1.23
1773596275.045192074,1,0,0.01
1773596276.065881497,0,9,1.23
1773596276.065881497,1,0,0.01
1773596277.086959009,0,31,1.23
1773596277.086959009,1,0,0.01
1773596278.106551231,0,31,1.23
1773596278.106551231,1,0,0.01
1773596279.128664669,0,31,1.23
1773596279.128664669,1,0,0.01
1773596280.148811556,0,21,1.23
1773596280.148811556,1,0,0.01
1773596281.170192278,0,0,1.23
1773596281.170192278,1,0,0.01
1773596282.192577256,0,0,1.23
1773596282.192577256,1,0,0.01
1773596283.213906279,0,0,1.23
1773596283.213906279,1,0,0.01
1773596284.234956872,0,0,1.23
1773596284.234956872,1,0,0.01
1773596285.256085863,0,0,1.23
1773596285.256085863,1,0,0.01
1773596286.278366013,0,0,1.23
1773596286.278366013,1,0,0.01
1773596287.300286687,0,0,1.23
1773596287.300286687,1,0,0.01
1773596288.321016364,0,0,1.23
1773596288.321016364,1,0,0.01
1773596289.342501641,0,0,1.23
1773596289.342501641,1,0,0.01
1773596290.363349309,0,0,1.23
1773596290.363349309,1,0,0.01
1773596291.383583235,0,0,1.23
1773596291.383583235,1,0,0.01
1773596292.404996574,0,0,1.23
1773596292.404996574,1,0,0.01
1773596293.426797665,0,7,1.23
1773596293.426797665,1,0,0.01
1773596294.447208036,0,31,1.23
1773596294.447208036,1,0,0.01
1773596295.469105354,0,32,1.23
1773596295.469105354,1,0,0.01
1773596296.490105311,0,31,1.23
1773596296.490105311,1,0,0.01
1773596297.511298903,0,11,1.23
1773596297.511298903,1,0,0.01
1773596298.532088329,0,0,1.23
1773596298.532088329,1,0,0.01
1773596299.553414459,0,0,1.23
1773596299.553414459,1,0,0.01
1773596300.574085114,0,0,1.23
1773596300.574085114,1,0,0.01
1773596301.595519037,0,0,1.23
1773596301.595519037,1,0,0.01
1773596302.616863458,0,0,1.23
1773596302.616863458,1,0,0.01
1773596303.639496833,0,0,1.23
1773596303.639496833,1,0,0.01
1773596304.661417656,0,0,1.23
1773596304.661417656,1,0,0.01
1773596305.683246916,0,0,1.23
1773596305.683246916,1,0,0.01
1773596306.703300639,0,0,1.23
1773596306.703300639,1,0,0.01
1773596307.723491358,0,0,1.23
1773596307.723491358,1,0,0.01
1773596308.744066793,0,0,1.23
1773596308.744066793,1,0,0.01
1773596309.764155027,0,0,1.23
1773596309.764155027,1,0,0.01
1773596310.784164416,0,33,1.23
1773596310.784164416,1,0,0.01
1773596311.804097335,0,33,1.23
1773596311.804097335,1,0,0.01
1773596312.825055350,0,33,1.23
1773596312.825055350,1,0,0.01
1773596313.845610235,0,33,1.23
1773596313.845610235,1,0,0.01
1773596314.865682418,0,0,1.23
1773596314.865682418,1,0,0.01
1773596315.887444502,0,0,1.23
1773596315.887444502,1,0,0.01
1773596316.909195670,0,0,1.23
1773596316.909195670,1,0,0.01
1773596317.929425198,0,0,1.23
1773596317.929425198,1,0,0.01
1773596318.949895375,0,0,1.23
1773596318.949895375,1,0,0.01
1773596319.970453642,0,0,1.23
1773596319.970453642,1,0,0.01
1773596320.990525145,0,0,1.23
1773596320.990525145,1,0,0.01
1773596322.010923367,0,0,1.23
1773596322.010923367,1,0,0.01
1773596323.030725229,0,0,1.23
1773596323.030725229,1,0,0.01
1773596324.050991089,0,35,1.23
1773596324.050991089,1,0,0.01
1773596325.071528746,0,35,1.23
1773596325.071528746,1,0,0.01
1773596326.092147088,0,35,1.23
1773596326.092147088,1,0,0.01
1773596327.112246176,0,26,1.23
1773596327.112246176,1,0,0.01
1773596328.132267810,0,0,1.23
1773596328.132267810,1,0,0.01
1773596329.152020860,0,0,1.23
1773596329.152020860,1,0,0.01
1773596330.172182387,0,0,1.23
1773596330.172182387,1,0,0.01
1773596331.192278923,0,0,1.23
1773596331.192278923,1,0,0.01
1773596332.212046240,0,0,1.23
1773596332.212046240,1,0,0.01
1773596333.231928126,0,0,1.23
1773596333.231928126,1,0,0.01
1773596334.253193690,0,0,1.23
1773596334.253193690,1,0,0.01
1773596335.274745776,0,0,1.23
1773596335.274745776,1,0,0.01
1773596336.295518687,0,0,1.23
1773596336.295518687,1,0,0.01
1773596337.315839704,0,0,1.23
1773596337.315839704,1,0,0.01
1773596338.337549378,0,0,1.23
1773596338.337549378,1,0,0.01
1773596339.358703761,0,0,1.23
1773596339.358703761,1,0,0.01
1773596340.379153556,0,0,1.23
1773596340.379153556,1,0,0.01
1773596341.400854022,0,37,1.23
1773596341.400854022,1,0,0.01
1773596342.421745066,0,35,1.23
1773596342.421745066,1,0,0.01
1773596343.443267672,0,35,1.23
1773596343.443267672,1,0,0.01
1773596344.463979952,0,0,1.23
1773596344.463979952,1,0,0.01
1773596345.484835120,0,0,1.23
1773596345.484835120,1,0,0.01
1773596346.506709929,0,0,1.23
1773596346.506709929,1,0,0.01
1773596347.526312814,0,0,1.23
1773596347.526312814,1,0,0.01
1773596348.547491556,0,0,1.23
1773596348.547491556,1,0,0.01
1773596349.569508272,0,0,1.23
1773596349.569508272,1,0,0.01
1773596350.590285266,0,0,1.23
1773596350.590285266,1,0,0.01
1773596351.611984552,0,28,1.23
1773596351.611984552,1,0,0.01
1773596352.632785146,0,36,1.23
1773596352.632785146,1,0,0.01
1773596353.653997127,0,36,1.23
1773596353.653997127,1,0,0.01
1773596354.675491028,0,37,1.23
1773596354.675491028,1,0,0.01
1773596355.698076773,0,0,1.23
1773596355.698076773,1,0,0.01
1773596356.719543807,0,0,1.23
1773596356.719543807,1,0,0.01
1773596357.741802744,0,0,1.23
1773596357.741802744,1,0,0.01
1773596358.762793480,0,0,1.23
1773596358.762793480,1,0,0.01
1773596359.784729340,0,0,1.23
1773596359.784729340,1,0,0.01
1773596360.806559040,0,0,1.23
1773596360.806559040,1,0,0.01
1773596361.828346043,0,0,1.23
1773596361.828346043,1,0,0.01
1773596362.850167864,0,0,1.23
1773596362.850167864,1,0,0.01
1773596363.872555526,0,0,1.23
1773596363.872555526,1,0,0.01
1773596364.893902999,0,0,1.23
1773596364.893902999,1,0,0.01
1773596365.913840312,0,0,1.23
1773596365.913840312,1,0,0.01
1773596366.933786154,0,37,1.23
1773596366.933786154,1,0,0.01
1773596367.955298920,0,35,1.23
1773596367.955298920,1,0,0.01
1773596368.975782437,0,35,1.23
1773596368.975782437,1,0,0.01
1773596369.997588803,0,35,1.23
1773596369.997588803,1,0,0.01
1773596371.017980126,0,0,1.23
1773596371.017980126,1,0,0.01
1773596372.039350985,0,0,1.23
1773596372.039350985,1,0,0.01
1773596373.061083698,0,22,1.23
1773596373.061083698,1,0,0.01
1773596374.081958470,0,31,1.23
1773596374.081958470,1,0,0.01
1773596375.103480645,0,32,1.23
1773596375.103480645,1,0,0.01
1773596376.124570134,0,32,1.23
1773596376.124570134,1,0,0.01
1773596377.146061788,0,0,1.23
1773596377.146061788,1,0,0.01
1773596378.167510562,0,0,1.23
1773596378.167510562,1,0,0.01
1773596379.189318757,0,0,1.23
1773596379.189318757,1,0,0.01
1773596380.211014462,0,0,1.23
1773596380.211014462,1,0,0.01
1773596381.232789084,0,0,1.23
1773596381.232789084,1,0,0.01
1773596382.254657890,0,0,1.23
1773596382.254657890,1,0,0.01
1773596383.276536998,0,0,1.23
1773596383.276536998,1,0,0.01
1773596384.297854396,0,0,1.23
1773596384.297854396,1,0,0.01
1773596385.319525633,0,0,1.23
1773596385.319525633,1,0,0.01
1773596386.340550771,0,0,1.23
1773596386.340550771,1,0,0.01
1773596387.362649247,0,0,1.23
1773596387.362649247,1,0,0.01
1773596388.383895990,0,0,1.23
1773596388.383895990,1,0,0.01
1773596389.403579379,0,0,1.23
1773596389.403579379,1,0,0.01
1773596390.423571624,0,34,1.23
1773596390.423571624,1,0,0.01
1773596391.444840886,0,33,1.23
1773596391.444840886,1,0,0.01
1773596392.466432968,0,31,1.23
1773596392.466432968,1,0,0.01
1773596393.487826554,0,31,1.23
1773596393.487826554,1,0,0.01
1773596394.508784729,0,0,1.23
1773596394.508784729,1,0,0.01
1773596395.530526177,0,0,1.23
1773596395.530526177,1,0,0.01
1773596396.551602254,0,0,1.23
1773596396.551602254,1,0,0.01
1773596397.573340051,0,0,1.23
1773596397.573340051,1,0,0.01
1773596398.594838462,0,0,1.23
1773596398.594838462,1,0,0.01
1773596399.616276531,0,0,1.23
1773596399.616276531,1,0,0.01
1773596400.637095636,0,0,1.23
1773596400.637095636,1,0,0.01
1773596401.658952489,0,0,1.23
1773596401.658952489,1,0,0.01
1773596402.680181411,0,0,1.23
1773596402.680181411,1,0,0.01
1773596403.701633913,0,0,1.23
1773596403.701633913,1,0,0.01
1773596404.723659542,0,0,1.23
1773596404.723659542,1,0,0.01
1773596405.745752000,0,33,1.23
1773596405.745752000,1,0,0.01
1773596406.766367355,0,36,1.23
1773596406.766367355,1,0,0.01
1773596407.788055678,0,37,1.23
1773596407.788055678,1,0,0.01
1773596408.808111376,0,37,1.23
1773596408.808111376,1,0,0.01
1773596409.828332583,0,0,1.23
1773596409.828332583,1,0,0.01
1773596410.849060091,0,0,1.23
1773596410.849060091,1,0,0.01
1773596411.868296764,0,0,1.23
1773596411.868296764,1,0,0.01
1773596412.888605532,0,0,1.23
1773596412.888605532,1,0,0.01
1773596413.908806386,0,0,1.23
1773596413.908806386,1,0,0.01
1773596414.930796581,0,0,1.23
1773596414.930796581,1,0,0.01
1773596415.952135271,0,0,1.23
1773596415.952135271,1,0,0.01
1773596416.971870313,0,0,1.23
1773596416.971870313,1,0,0.01
1773596417.991184661,0,35,1.23
1773596417.991184661,1,0,0.01
1773596419.011946190,0,35,1.23
1773596419.011946190,1,0,0.01
1773596420.032096251,0,35,1.23
1773596420.032096251,1,0,0.01
1773596421.051925971,0,35,1.23
1773596421.051925971,1,0,0.01
1773596422.071370977,0,0,1.23
1773596422.071370977,1,0,0.01
1773596423.092891307,0,0,1.23
1773596423.092891307,1,0,0.01
1773596424.113937312,0,0,1.23
1773596424.113937312,1,0,0.01
1773596425.136343840,0,0,1.23
1773596425.136343840,1,0,0.01
1773596426.157864481,0,0,1.23
1773596426.157864481,1,0,0.01
1773596427.179147002,0,0,1.23
1773596427.179147002,1,0,0.01
1773596428.199966731,0,0,1.23
1773596428.199966731,1,0,0.01
1773596429.220554915,0,0,1.23
1773596429.220554915,1,0,0.01
1773596430.240402138,0,37,1.23
1773596430.240402138,1,0,0.01
1773596431.262601830,0,37,1.23
1773596431.262601830,1,0,0.01
1773596432.283355822,0,37,1.23
1773596432.283355822,1,0,0.01
1773596433.305089327,0,33,1.23
1773596433.305089327,1,0,0.01
1773596434.326256241,0,0,1.23
1773596434.326256241,1,0,0.01
1773596435.348367666,0,0,1.23
1773596435.348367666,1,0,0.01
1773596436.369852378,0,0,1.23
1773596436.369852378,1,0,0.01
1773596437.395861100,0,0,1.23
1773596437.395861100,1,0,0.01
1773596438.417065709,0,0,1.23
1773596438.417065709,1,0,0.01
1773596439.437938278,0,0,1.23
1773596439.437938278,1,0,0.01
1773596440.459851388,0,0,1.23
1773596440.459851388,1,0,0.01
1773596441.480817510,0,33,1.23
1773596441.480817510,1,0,0.01
1773596442.502923430,0,34,1.23
1773596442.502923430,1,0,0.01
1773596443.524701230,0,32,1.23
1773596443.524701230,1,0,0.01
1773596444.545222932,0,20,1.23
1773596444.545222932,1,0,0.01
1773596445.567515641,0,0,1.23
1773596445.567515641,1,0,0.01
1773596446.587943863,0,0,1.23
1773596446.587943863,1,0,0.01
1773596447.609407715,0,0,1.23
1773596447.609407715,1,0,0.01
1773596448.629839755,0,31,1.23
1773596448.629839755,1,0,0.01
1773596449.650948691,0,31,1.23
1773596449.650948691,1,0,0.01
1773596450.672914257,0,31,1.23
1773596450.672914257,1,0,0.01
1773596451.694696245,0,31,1.23
1773596451.694696245,1,0,0.01
1773596452.716015560,0,0,1.23
1773596452.716015560,1,0,0.01
1773596453.735850801,0,0,1.23
1773596453.735850801,1,0,0.01
1773596454.757427433,0,0,1.23
1773596454.757427433,1,0,0.01
1773596455.778556661,0,0,1.23
1773596455.778556661,1,0,0.01
1773596456.800975949,0,0,1.23
1773596456.800975949,1,0,0.01
1773596457.821602153,0,0,1.23
1773596457.821602153,1,0,0.01
1773596458.843979072,0,33,1.23
1773596458.843979072,1,0,0.01
1773596459.865489546,0,33,1.23
1773596459.865489546,1,0,0.01
1773596460.884918099,0,33,1.23
1773596460.884918099,1,0,0.01
1773596461.906009157,0,33,1.23
1773596461.906009157,1,0,0.01
1773596462.928702089,0,0,1.23
1773596462.928702089,1,0,0.01
1773596463.949957408,0,0,1.23
1773596463.949957408,1,0,0.01
1773596464.971118265,0,0,1.23
1773596464.971118265,1,0,0.01
1773596465.993086989,0,0,1.23
1773596465.993086989,1,0,0.01
1773596467.014539742,0,0,1.23
1773596467.014539742,1,0,0.01
1773596468.036329872,0,0,1.23
1773596468.036329872,1,0,0.01
1773596469.057282467,0,0,1.23
1773596469.057282467,1,0,0.01
1773596470.079050844,0,0,1.23
1773596470.079050844,1,0,0.01
1773596471.100642826,0,0,1.23
1773596471.100642826,1,0,0.01
1773596472.122432792,0,0,1.23
1773596472.122432792,1,0,0.01
1773596473.144281667,0,36,1.23
1773596473.144281667,1,0,0.01
1773596474.165225951,0,35,1.23
1773596474.165225951,1,0,0.01
1773596475.187152932,0,31,1.23
1773596475.187152932,1,0,0.01
1773596476.208376706,0,7,1.23
1773596476.208376706,1,0,0.01
1773596477.229267771,0,0,1.23
1773596477.229267771,1,0,0.01
1773596478.251323459,0,0,1.23
1773596478.251323459,1,0,0.01
1773596479.272897028,0,0,1.23
1773596479.272897028,1,0,0.01
1773596480.293625670,0,0,1.23
1773596480.293625670,1,0,0.01
1773596481.314808934,0,0,1.23
1773596481.314808934,1,0,0.01
1773596482.336396869,0,0,1.23
1773596482.336396869,1,0,0.01
1773596483.357671915,0,33,1.23
1773596483.357671915,1,0,0.01
1773596484.379802589,0,33,1.23
1773596484.379802589,1,0,0.01
1773596485.400879744,0,34,1.23
1773596485.400879744,1,0,0.01
1773596486.423131536,0,34,1.23
1773596486.423131536,1,0,0.01
1773596487.445017156,0,0,1.23
1773596487.445017156,1,0,0.01
1773596488.465618442,0,0,1.23
1773596488.465618442,1,0,0.01
1773596489.486188607,0,0,1.23
1773596489.486188607,1,0,0.01
1773596490.507585084,0,0,1.23
1773596490.507585084,1,0,0.01
1773596491.528777230,0,0,1.23
1773596491.528777230,1,0,0.01
1773596492.550799293,0,0,1.23
1773596492.550799293,1,0,0.01
1773596493.572916222,0,0,1.23
1773596493.572916222,1,0,0.01
1773596494.592952099,0,0,1.23
1773596494.592952099,1,0,0.01
1773596495.615372091,0,31,1.23
1773596495.615372091,1,0,0.01
1773596496.636546794,0,31,1.23
1773596496.636546794,1,0,0.01
1773596497.658792877,0,31,1.23
1773596497.658792877,1,0,0.01
1773596498.679847029,0,31,1.23
1773596498.679847029,1,0,0.01
1773596499.701632165,0,0,1.23
1773596499.701632165,1,0,0.01
1773596500.722816903,0,0,1.23
1773596500.722816903,1,0,0.01
1773596501.744303242,0,0,1.23
1773596501.744303242,1,0,0.01
1773596502.765493022,0,0,1.23
1773596502.765493022,1,0,0.01
1773596503.787160921,0,0,1.23
1773596503.787160921,1,0,0.01
1773596504.808757315,0,0,1.23
1773596504.808757315,1,0,0.01
1773596505.830842939,0,34,1.23
1773596505.830842939,1,0,0.01
1773596506.852178048,0,34,1.23
1773596506.852178048,1,0,0.01
1773596507.873862017,0,34,1.23
1773596507.873862017,1,0,0.01
1773596508.894901548,0,17,1.23
1773596508.894901548,1,0,0.01
1773596509.915991744,0,0,1.23
1773596509.915991744,1,0,0.01
1773596510.937136183,0,0,1.23
1773596510.937136183,1,0,0.01
1773596511.958415666,0,0,1.23
1773596511.958415666,1,0,0.01
1773596512.979892803,0,0,1.23
1773596512.979892803,1,0,0.01
1773596514.001520830,0,0,1.23
1773596514.001520830,1,0,0.01
1773596515.023505162,0,0,1.23
1773596515.023505162,1,0,0.01
1773596516.045506170,0,0,1.23
1773596516.045506170,1,0,0.01
1773596517.066427135,0,31,1.23
1773596517.066427135,1,0,0.01
1773596518.088412620,0,32,1.23
1773596518.088412620,1,0,0.01
1773596519.109512504,0,32,1.23
1773596519.109512504,1,0,0.01
1773596520.131345267,0,31,1.23
1773596520.131345267,1,0,0.01
1773596521.151380664,0,0,1.23
1773596521.151380664,1,0,0.01
1773596522.171778177,0,0,1.23
1773596522.171778177,1,0,0.01
1773596523.193625701,0,9,1.23
1773596523.193625701,1,0,0.01
1773596524.215946455,0,31,1.23
1773596524.215946455,1,0,0.01
1773596525.236897401,0,35,1.23
1773596525.236897401,1,0,0.01
1773596526.258404602,0,37,1.23
1773596526.258404602,1,0,0.01
1773596527.280570652,0,0,1.23
1773596527.280570652,1,0,0.01
1773596528.302596305,0,0,1.23
1773596528.302596305,1,0,0.01
1773596529.323957426,0,0,1.23
1773596529.323957426,1,0,0.01
1773596530.345432965,0,0,1.23
1773596530.345432965,1,0,0.01
1773596531.366900236,0,0,1.23
1773596531.366900236,1,0,0.01
1773596532.388605859,0,0,1.23
1773596532.388605859,1,0,0.01
1773596533.410054739,0,0,1.23
1773596533.410054739,1,0,0.01
1773596534.431876021,0,0,1.23
1773596534.431876021,1,0,0.01
1773596535.451694182,0,36,1.23
1773596535.451694182,1,0,0.01
1773596536.472419017,0,37,1.23
1773596536.472419017,1,0,0.01
1773596537.493973735,0,37,1.23
1773596537.493973735,1,0,0.01
1773596538.514980088,0,36,1.23
1773596538.514980088,1,0,0.01
1773596539.536509632,0,0,1.23
1773596539.536509632,1,0,0.01
1773596540.558021457,0,0,1.23
1773596540.558021457,1,0,0.01
1773596541.580494015,0,0,1.23
1773596541.580494015,1,0,0.01
1773596542.602333955,0,0,1.23
1773596542.602333955,1,0,0.01
1773596543.623551482,0,0,1.23
1773596543.623551482,1,0,0.01
1773596544.643966981,0,35,1.23
1773596544.643966981,1,0,0.01
1773596545.664227862,0,35,1.23
1773596545.664227862,1,0,0.01
1773596546.686002033,0,35,1.23
1773596546.686002033,1,0,0.01
1773596547.706860203,0,25,1.23
1773596547.706860203,1,0,0.01
1773596548.727657177,0,0,1.23
1773596548.727657177,1,0,0.01
1773596549.750128102,0,32,1.23
1773596549.750128102,1,0,0.01
1773596550.772081655,0,35,1.23
1773596550.772081655,1,0,0.01
1773596551.793538978,0,37,1.23
1773596551.793538978,1,0,0.01
1773596552.814443706,0,37,1.23
1773596552.814443706,1,0,0.01
1773596553.836652391,0,0,1.23
1773596553.836652391,1,0,0.01
1773596554.857810659,0,0,1.23
1773596554.857810659,1,0,0.01
1773596555.879127372,0,0,1.23
1773596555.879127372,1,0,0.01
1773596556.900568923,0,0,1.23
1773596556.900568923,1,0,0.01
1773596557.922851908,0,0,1.23
1773596557.922851908,1,0,0.01
1773596558.944539032,0,0,1.23
1773596558.944539032,1,0,0.01
1773596559.966116047,0,37,1.23
1773596559.966116047,1,0,0.01
1773596560.987810013,0,37,1.23
1773596560.987810013,1,0,0.01
1773596562.008014809,0,37,1.23
1773596562.008014809,1,0,0.01
1773596563.029614302,0,0,1.23
1773596563.029614302,1,0,0.01
1773596564.050236461,0,0,1.23
1773596564.050236461,1,0,0.01
1773596565.071857304,0,0,1.23
1773596565.071857304,1,0,0.01
1773596566.094213324,0,35,1.23
1773596566.094213324,1,0,0.01
1773596567.116280404,0,35,1.23
1773596567.116280404,1,0,0.01
1773596568.136168549,0,35,1.23
1773596568.136168549,1,0,0.01
1773596569.157824223,0,0,1.23
1773596569.157824223,1,0,0.01
1773596570.178527345,0,0,1.23
1773596570.178527345,1,0,0.01
1773596571.200300821,0,0,1.23
1773596571.200300821,1,0,0.01
1773596572.221441263,0,35,1.23
1773596572.221441263,1,0,0.01
1773596573.242892050,0,35,1.23
1773596573.242892050,1,0,0.01
1773596574.263979860,0,35,1.23
1773596574.263979860,1,0,0.01
1773596575.284712738,0,0,1.23
1773596575.284712738,1,0,0.01
1773596576.306032417,0,0,1.23
1773596576.306032417,1,0,0.01
1773596577.326967241,0,0,1.23
1773596577.326967241,1,0,0.01
1773596578.349641557,0,0,1.23
1773596578.349641557,1,0,0.01
1773596579.371317919,0,0,1.23
1773596579.371317919,1,0,0.01
1773596580.393990069,0,0,1.23
1773596580.393990069,1,0,0.01
1773596581.414820280,0,0,1.23
1773596581.414820280,1,0,0.01
1773596582.436583425,0,0,1.23
1773596582.436583425,1,0,0.01
1773596583.457994842,0,11,1.23
1773596583.457994842,1,0,0.01
1773596584.478838031,0,37,1.23
1773596584.478838031,1,0,0.01
1773596585.498833487,0,37,1.23
1773596585.498833487,1,0,0.01
1773596586.518721760,0,37,1.23
1773596586.518721760,1,0,0.01
1773596587.540689251,0,0,1.23
1773596587.540689251,1,0,0.01
1773596588.561687601,0,0,1.23
1773596588.561687601,1,0,0.01
1773596589.583755181,0,0,1.23
1773596589.583755181,1,0,0.01
1773596590.605631969,0,0,1.23
1773596590.605631969,1,0,0.01
1773596591.627592621,0,35,1.23
1773596591.627592621,1,0,0.01
1773596592.648801669,0,35,1.23
1773596592.648801669,1,0,0.01
1773596593.670460832,0,35,1.23
1773596593.670460832,1,0,0.01
1773596594.692829823,0,31,1.23
1773596594.692829823,1,0,0.01
1773596595.714670963,0,0,1.23
1773596595.714670963,1,0,0.01
1773596596.736349060,0,0,1.23
1773596596.736349060,1,0,0.01
1773596597.757894217,0,0,1.23
1773596597.757894217,1,0,0.01
1773596598.777886804,0,0,1.23
1773596598.777886804,1,0,0.01
1773596599.798768389,0,0,1.23
1773596599.798768389,1,0,0.01
1773596600.820921421,0,0,1.23
1773596600.820921421,1,0,0.01
1773596601.842955751,0,0,1.23
1773596601.842955751,1,0,0.01
1773596602.863928458,0,0,1.23
1773596602.863928458,1,0,0.01
1773596603.884768776,0,0,1.23
1773596603.884768776,1,0,0.01
1773596604.906429306,0,0,1.23
1773596604.906429306,1,0,0.01
1773596605.928502673,0,0,1.23
1773596605.928502673,1,0,0.01
1773596606.949985077,0,33,1.23
1773596606.949985077,1,0,0.01
1773596607.971595685,0,33,1.23
1773596607.971595685,1,0,0.01
1773596608.993690119,0,33,1.23
1773596608.993690119,1,0,0.01
1773596610.016031985,0,33,1.23
1773596610.016031985,1,0,0.01
1773596611.037538830,0,0,1.23
1773596611.037538830,1,0,0.01
1773596612.057749609,0,0,1.23
1773596612.057749609,1,0,0.01
1773596613.079574804,0,0,1.23
1773596613.079574804,1,0,0.01
1773596614.100877538,0,0,1.23
1773596614.100877538,1,0,0.01
1773596615.121708442,0,0,1.23
1773596615.121708442,1,0,0.01
1773596616.144270333,0,0,1.23
1773596616.144270333,1,0,0.01
1773596617.165664790,0,0,1.23
1773596617.165664790,1,0,0.01
1773596618.187625423,0,0,1.23
1773596618.187625423,1,0,0.01
1773596619.208765363,0,0,1.23
1773596619.208765363,1,0,0.01
1773596620.228611340,0,0,1.23
1773596620.228611340,1,0,0.01
1773596621.250372550,0,0,1.23
1773596621.250372550,1,0,0.01
1773596622.271844073,0,0,1.23
1773596622.271844073,1,0,0.01
1773596623.293697907,0,31,1.23
1773596623.293697907,1,0,0.01
1773596624.314724532,0,36,1.23
1773596624.314724532,1,0,0.01
1773596625.334478996,0,34,1.23
1773596625.334478996,1,0,0.01
1773596626.356017604,0,0,1.23
1773596626.356017604,1,0,0.01
1773596627.377286025,0,0,1.23
1773596627.377286025,1,0,0.01
1773596628.398629563,0,0,1.23
1773596628.398629563,1,0,0.01
1773596629.420684367,0,0,1.23
1773596629.420684367,1,0,0.01
1773596630.441628168,0,0,1.23
1773596630.441628168,1,0,0.01
1773596631.463338353,0,0,1.23
1773596631.463338353,1,0,0.01
1773596632.484880507,0,33,1.23
1773596632.484880507,1,0,0.01
1773596633.505892194,0,37,1.23
1773596633.505892194,1,0,0.01
1773596634.526935265,0,37,1.23
1773596634.526935265,1,0,0.01
1773596635.547990064,0,0,1.23
1773596635.547990064,1,0,0.01
1773596636.569183974,0,0,1.23
1773596636.569183974,1,0,0.01
1773596637.590931782,0,0,1.23
1773596637.590931782,1,0,0.01
1773596638.611501531,0,0,1.23
1773596638.611501531,1,0,0.01
1773596639.632973397,0,0,1.23
1773596639.632973397,1,0,0.01
1773596640.653307872,0,21,1.23
1773596640.653307872,1,0,0.01
1773596641.673178255,0,31,1.23
1773596641.673178255,1,0,0.01
1773596642.694138044,0,31,1.23
1773596642.694138044,1,0,0.01
1773596643.714157445,0,31,1.23
1773596643.714157445,1,0,0.01
1773596644.736143271,0,32,1.23
1773596644.736143271,1,0,0.01
1773596645.757132746,0,0,1.23
1773596645.757132746,1,0,0.01
1773596646.779193409,0,0,1.23
1773596646.779193409,1,0,0.01
1773596647.800385364,0,0,1.23
1773596647.800385364,1,0,0.01
1773596648.821898596,0,0,1.23
1773596648.821898596,1,0,0.01
1773596649.842929810,0,0,1.23
1773596649.842929810,1,0,0.01
1773596650.863826281,0,0,1.23
1773596650.863826281,1,0,0.01
1773596651.886391719,0,0,1.23
1773596651.886391719,1,0,0.01
1773596652.908349513,0,0,1.23
1773596652.908349513,1,0,0.01
1773596653.931382134,0,0,1.23
1773596653.931382134,1,0,0.01
1773596654.953334942,0,0,1.23
1773596654.953334942,1,0,0.01
1773596655.974608425,0,0,1.23
1773596655.974608425,1,0,0.01
1773596656.994884587,0,0,1.23
1773596656.994884587,1,0,0.01
1773596658.016378908,0,33,1.23
1773596658.016378908,1,0,0.01
1773596659.037709973,0,33,1.23
1773596659.037709973,1,0,0.01
1773596660.058278265,0,34,1.23
1773596660.058278265,1,0,0.01
1773596661.079467433,0,29,1.23
1773596661.079467433,1,0,0.01
1773596662.098815045,0,0,1.23
1773596662.098815045,1,0,0.01
1773596663.118396078,0,0,1.23
1773596663.118396078,1,0,0.01
1773596664.140318521,0,0,1.23
1773596664.140318521,1,0,0.01
1773596665.161632320,0,0,1.23
1773596665.161632320,1,0,0.01
1773596666.182827391,0,0,1.23
1773596666.182827391,1,0,0.01
1773596667.203890025,0,31,1.23
1773596667.203890025,1,0,0.01
1773596668.225800643,0,32,1.23
1773596668.225800643,1,0,0.01
1773596669.246579138,0,35,1.23
1773596669.246579138,1,0,0.01
1773596670.268232976,0,32,1.23
1773596670.268232976,1,0,0.01
1773596671.289983265,0,0,1.23
1773596671.289983265,1,0,0.01
1773596672.310413336,0,0,1.23
1773596672.310413336,1,0,0.01
1773596673.332089139,0,0,1.23
1773596673.332089139,1,0,0.01
1773596674.351649603,0,0,1.23
1773596674.351649603,1,0,0.01
1773596675.373545052,0,0,1.23
1773596675.373545052,1,0,0.01
1773596676.395452528,0,0,1.23
1773596676.395452528,1,0,0.01
1773596677.416977900,0,0,1.23
1773596677.416977900,1,0,0.01
1773596678.437539557,0,0,1.23
1773596678.437539557,1,0,0.01
1773596679.457981224,0,0,1.23
1773596679.457981224,1,0,0.01
1773596680.478475912,0,0,1.23
1773596680.478475912,1,0,0.01
1773596681.498555157,0,0,1.23
1773596681.498555157,1,0,0.01
1773596682.519770028,0,0,1.23
1773596682.519770028,1,0,0.01
1773596683.541781327,0,0,1.23
1773596683.541781327,1,0,0.01
1773596684.562581681,0,0,1.23
1773596684.562581681,1,0,0.01
1773596685.583908798,0,0,1.23
1773596685.583908798,1,0,0.01
1773596686.604139554,0,33,1.23
1773596686.604139554,1,0,0.01
1773596687.625148789,0,34,1.23
1773596687.625148789,1,0,0.01
1773596688.647276816,0,34,1.23
1773596688.647276816,1,0,0.01
1773596689.668472817,0,31,1.23
1773596689.668472817,1,0,0.01
1773596690.688715324,0,0,1.23
1773596690.688715324,1,0,0.01
1773596691.709105739,0,0,1.23
1773596691.709105739,1,0,0.01
1773596692.730491658,0,0,1.23
1773596692.730491658,1,0,0.01
1773596693.751711199,0,0,1.23
1773596693.751711199,1,0,0.01
1773596694.772821169,0,0,1.23
1773596694.772821169,1,0,0.01
1773596695.795621031,0,0,1.23
1773596695.795621031,1,0,0.01
1773596696.816531811,0,0,1.23
1773596696.816531811,1,0,0.01
1773596697.838649803,0,0,1.23
1773596697.838649803,1,0,0.01
1773596698.859489115,0,0,1.23
1773596698.859489115,1,0,0.01
1773596699.880738091,0,0,1.23
1773596699.880738091,1,0,0.01
1773596700.901771043,0,0,1.23
1773596700.901771043,1,0,0.01
1773596701.923666410,0,0,1.23
1773596701.923666410,1,0,0.01
1773596702.945642464,0,0,1.23
1773596702.945642464,1,0,0.01
1773596703.967985073,0,0,1.23
1773596703.967985073,1,0,0.01
1773596704.989051772,0,33,1.23
1773596704.989051772,1,0,0.01
1773596706.010661538,0,37,1.23
1773596706.010661538,1,0,0.01
1773596707.030955299,0,33,1.23
1773596707.030955299,1,0,0.01
1773596708.052635301,0,33,1.23
1773596708.052635301,1,0,0.01
1773596709.073930067,0,0,1.23
1773596709.073930067,1,0,0.01
1773596710.094682379,0,0,1.23
1773596710.094682379,1,0,0.01
1773596711.115627409,0,0,1.23
1773596711.115627409,1,0,0.01
1773596712.137221109,0,0,1.23
1773596712.137221109,1,0,0.01
1773596713.158246004,0,0,1.23
1773596713.158246004,1,0,0.01
1773596714.179901481,0,37,1.23
1773596714.179901481,1,0,0.01
1773596715.201789655,0,35,1.23
1773596715.201789655,1,0,0.01
1773596716.222742148,0,31,1.23
1773596716.222742148,1,0,0.01
1773596717.245113436,0,32,1.23
1773596717.245113436,1,0,0.01
1773596718.265846867,0,0,1.23
1773596718.265846867,1,0,0.01
1773596719.286273694,0,0,1.23
1773596719.286273694,1,0,0.01
1773596720.307920036,0,0,1.23
1773596720.307920036,1,0,0.01
1773596721.329685422,0,31,1.23
1773596721.329685422,1,0,0.01
1773596722.350880346,0,31,1.23
1773596722.350880346,1,0,0.01
1773596723.370453742,0,31,1.23
1773596723.370453742,1,0,0.01
1773596724.391030008,0,33,1.23
1773596724.391030008,1,0,0.01
1773596725.410800691,0,0,1.23
1773596725.410800691,1,0,0.01
1773596726.430857469,0,0,1.23
1773596726.430857469,1,0,0.01
1773596727.452143152,0,0,1.23
1773596727.452143152,1,0,0.01
1773596728.473629883,0,0,1.23
1773596728.473629883,1,0,0.01
1773596729.493713056,0,32,1.23
1773596729.493713056,1,0,0.01
1773596730.515059222,0,34,1.23
1773596730.515059222,1,0,0.01
1773596731.537154374,0,34,1.23
1773596731.537154374,1,0,0.01
1773596732.558809857,0,37,1.23
1773596732.558809857,1,0,0.01
1773596733.580219188,0,0,1.23
1773596733.580219188,1,0,0.01
1773596734.602018932,0,0,1.23
1773596734.602018932,1,0,0.01
1773596735.622864463,0,0,1.23
1773596735.622864463,1,0,0.01
1773596736.645340389,0,0,1.23
1773596736.645340389,1,0,0.01
1773596737.666828744,0,0,1.23
1773596737.666828744,1,0,0.01
1773596738.688164785,0,22,1.23
1773596738.688164785,1,0,0.01
1773596739.708985462,0,35,1.23
1773596739.708985462,1,0,0.01
1773596740.730624451,0,35,1.23
1773596740.730624451,1,0,0.01
1773596741.751933930,0,32,1.23
1773596741.751933930,1,0,0.01
1773596742.773180196,0,0,1.23
1773596742.773180196,1,0,0.01
1773596743.793324597,0,0,1.23
1773596743.793324597,1,0,0.01
1773596744.815115334,0,0,1.23
1773596744.815115334,1,0,0.01
1773596745.836708115,0,0,1.23
1773596745.836708115,1,0,0.01
1773596746.857879240,0,0,1.23
1773596746.857879240,1,0,0.01
1773596747.880309618,0,0,1.23
1773596747.880309618,1,0,0.01
1773596748.901825826,0,0,1.23
1773596748.901825826,1,0,0.01
1773596749.923509905,0,0,1.23
1773596749.923509905,1,0,0.01
1773596750.945998390,0,0,1.23
1773596750.945998390,1,0,0.01
1773596751.968009603,0,0,1.23
1773596751.968009603,1,0,0.01
1773596752.988830996,0,34,1.23
1773596752.988830996,1,0,0.01
1773596754.008098183,0,34,1.23
1773596754.008098183,1,0,0.01
1773596755.028691971,0,34,1.23
1773596755.028691971,1,0,0.01
1773596756.048732227,0,34,1.23
1773596756.048732227,1,0,0.01
1773596757.070055885,0,0,1.23
1773596757.070055885,1,0,0.01
1773596758.091372042,0,0,1.23
1773596758.091372042,1,0,0.01
1773596759.112514351,0,0,1.23
1773596759.112514351,1,0,0.01
1773596760.133562985,0,24,1.23
1773596760.133562985,1,0,0.01
1773596761.154957058,0,33,1.23
1773596761.154957058,1,0,0.01
1773596762.175430748,0,31,1.23
1773596762.175430748,1,0,0.01
1773596763.196807091,0,31,1.23
1773596763.196807091,1,0,0.01
1773596764.218414490,0,13,1.23
1773596764.218414490,1,0,0.01
1773596765.238317437,0,0,1.23
1773596765.238317437,1,0,0.01
1773596766.259589359,0,0,1.23
1773596766.259589359,1,0,0.01
1773596767.281551756,0,0,1.23
1773596767.281551756,1,0,0.01
1773596768.302867903,0,0,1.23
1773596768.302867903,1,0,0.01
1773596769.324026931,0,13,1.23
1773596769.324026931,1,0,0.01
1773596770.343866996,0,32,1.23
1773596770.343866996,1,0,0.01
1773596771.365018783,0,34,1.23
1773596771.365018783,1,0,0.01
1773596772.385578749,0,33,1.23
1773596772.385578749,1,0,0.01
1773596773.405891339,0,28,1.23
1773596773.405891339,1,0,0.01
1773596774.427801473,0,0,1.23
1773596774.427801473,1,0,0.01
1773596775.450203094,0,0,1.23
1773596775.450203094,1,0,0.01
1773596776.471254871,0,0,1.23
1773596776.471254871,1,0,0.01
1773596777.492279192,0,0,1.23
1773596777.492279192,1,0,0.01
1773596778.514035289,0,34,1.23
1773596778.514035289,1,0,0.01
1773596779.535212360,0,34,1.23
1773596779.535212360,1,0,0.01
1773596780.555531568,0,34,1.23
1773596780.555531568,1,0,0.01
1773596781.575191249,0,34,1.23
1773596781.575191249,1,0,0.01
1773596782.594791072,0,0,1.23
1773596782.594791072,1,0,0.01
1773596783.615679708,0,0,1.23
1773596783.615679708,1,0,0.01
1773596784.636940326,0,0,1.23
1773596784.636940326,1,0,0.01
1773596785.657876593,0,0,1.23
1773596785.657876593,1,0,0.01
1773596786.678246896,0,33,1.23
1773596786.678246896,1,0,0.01
1773596787.699256983,0,32,1.23
1773596787.699256983,1,0,0.01
1773596788.718663738,0,31,1.23
1773596788.718663738,1,0,0.01
1773596789.739802103,0,0,1.23
1773596789.739802103,1,0,0.01
1773596790.761582414,0,0,1.23
1773596790.761582414,1,0,0.01
1773596791.782810834,0,0,1.23
1773596791.782810834,1,0,0.01
1773596792.804227069,0,0,1.23
1773596792.804227069,1,0,0.01
1773596793.825106082,0,0,1.23
1773596793.825106082,1,0,0.01
1773596794.846546376,0,0,1.23
1773596794.846546376,1,0,0.01
1773596795.867781561,0,0,1.23
1773596795.867781561,1,0,0.01
1773596796.888826467,0,0,1.23
1773596796.888826467,1,0,0.01
1773596797.909907525,0,0,1.23
1773596797.909907525,1,0,0.01
1773596798.931749604,0,0,1.23
1773596798.931749604,1,0,0.01
1773596799.952946815,0,36,1.23
1773596799.952946815,1,0,0.01
1773596800.974496846,0,37,1.23
1773596800.974496846,1,0,0.01
1773596801.995726249,0,37,1.23
1773596801.995726249,1,0,0.01
1773596803.016517925,0,37,1.23
1773596803.016517925,1,0,0.01
1773596804.038784911,0,0,1.23
1773596804.038784911,1,0,0.01
1773596805.059609310,0,0,1.23
1773596805.059609310,1,0,0.01
1773596806.081036637,0,0,1.23
1773596806.081036637,1,0,0.01
1773596807.101814941,0,0,1.23
1773596807.101814941,1,0,0.01
1773596808.123330744,0,0,1.23
1773596808.123330744,1,0,0.01
1773596809.144262157,0,0,1.23
1773596809.144262157,1,0,0.01
1773596810.165597196,0,0,1.23
1773596810.165597196,1,0,0.01
1773596811.187623260,0,0,1.23
1773596811.187623260,1,0,0.01
1773596812.208982827,0,0,1.23
1773596812.208982827,1,0,0.01
1773596813.230327490,0,0,1.23
1773596813.230327490,1,0,0.01
1773596814.249895254,0,0,1.23
1773596814.249895254,1,0,0.01
1773596815.271076546,0,35,1.23
1773596815.271076546,1,0,0.01
1773596816.293073701,0,35,1.23
1773596816.293073701,1,0,0.01
1773596817.314174318,0,36,1.23
1773596817.314174318,1,0,0.01
1773596818.333707076,0,3,1.23
1773596818.333707076,1,0,0.01
1773596819.353325182,0,0,1.23
1773596819.353325182,1,0,0.01
1773596820.374868874,0,0,1.23
1773596820.374868874,1,0,0.01
1773596821.395918741,0,0,1.23
1773596821.395918741,1,0,0.01
1773596822.418779956,0,0,1.23
1773596822.418779956,1,0,0.01
1773596823.440407135,0,0,1.23
1773596823.440407135,1,0,0.01
1773596824.461691999,0,0,1.23
1773596824.461691999,1,0,0.01
1773596825.484117014,0,0,1.23
1773596825.484117014,1,0,0.01
1773596826.505534917,0,0,1.23
1773596826.505534917,1,0,0.01
1773596827.527634716,0,0,1.23
1773596827.527634716,1,0,0.01
1773596828.549267100,0,0,1.23
1773596828.549267100,1,0,0.01
1773596829.568968317,0,0,1.23
1773596829.568968317,1,0,0.01
1773596830.589452509,0,0,1.23
1773596830.589452509,1,0,0.01
1773596831.609778929,0,37,1.23
1773596831.609778929,1,0,0.01
1773596832.629234254,0,37,1.23
1773596832.629234254,1,0,0.01
1773596833.648666028,0,37,1.23
1773596833.648666028,1,0,0.01
1773596834.670407481,0,0,1.23
1773596834.670407481,1,0,0.01
1773596835.690372613,0,0,1.23
1773596835.690372613,1,0,0.01
1773596836.711055171,0,0,1.23
1773596836.711055171,1,0,0.01
1773596837.731957837,0,0,1.23
1773596837.731957837,1,0,0.01
1773596838.751838899,0,0,1.23
1773596838.751838899,1,0,0.01
1773596839.771089842,0,0,1.23
1773596839.771089842,1,0,0.01
1773596840.793257403,0,0,1.23
1773596840.793257403,1,0,0.01
1773596841.814100157,0,0,1.23
1773596841.814100157,1,0,0.01
1773596842.835103856,0,0,1.23
1773596842.835103856,1,0,0.01
1773596843.856729736,0,0,1.23
1773596843.856729736,1,0,0.01
1773596844.877986262,0,0,1.23
1773596844.877986262,1,0,0.01
1773596845.899388343,0,0,1.23
1773596845.899388343,1,0,0.01
1773596846.921139947,0,0,1.23
1773596846.921139947,1,0,0.01
1773596847.942640401,0,0,1.23
1773596847.942640401,1,0,0.01
1773596848.963794791,0,0,1.23
1773596848.963794791,1,0,0.01
1773596849.985093375,0,37,1.23
1773596849.985093375,1,0,0.01
1773596851.006228421,0,37,1.23
1773596851.006228421,1,0,0.01
1773596852.027826886,0,37,1.23
1773596852.027826886,1,0,0.01
1773596853.049769941,0,0,1.23
1773596853.049769941,1,0,0.01
1773596854.071754094,0,0,1.23
1773596854.071754094,1,0,0.01
1773596855.092811424,0,0,1.23
1773596855.092811424,1,0,0.01
1773596856.114478755,0,0,1.23
1773596856.114478755,1,0,0.01
1773596857.134675808,0,34,1.23
1773596857.134675808,1,0,0.01
1773596858.156143675,0,33,1.23
1773596858.156143675,1,0,0.01
1773596859.177228265,0,33,1.23
1773596859.177228265,1,0,0.01
1773596860.196782681,0,0,1.23
1773596860.196782681,1,0,0.01
1773596861.218154912,0,0,1.23
1773596861.218154912,1,0,0.01
1773596862.238721960,0,0,1.23
1773596862.238721960,1,0,0.01
1773596863.260634596,0,31,1.23
1773596863.260634596,1,0,0.01
1773596864.282615669,0,35,1.23
1773596864.282615669,1,0,0.01
1773596865.304223850,0,31,1.23
1773596865.304223850,1,0,0.01
1773596866.325225366,0,31,1.23
1773596866.325225366,1,0,0.01
1773596867.344806329,0,0,1.23
1773596867.344806329,1,0,0.01
1773596868.366168119,0,35,1.23
1773596868.366168119,1,0,0.01
1773596869.388837251,0,31,1.23
1773596869.388837251,1,0,0.01
1773596870.414322222,0,31,1.23
1773596870.414322222,1,0,0.01
1773596871.434214078,0,34,1.23
1773596871.434214078,1,0,0.01
1773596872.454571310,0,0,1.23
1773596872.454571310,1,0,0.01
1773596873.474862346,0,0,1.23
1773596873.474862346,1,0,0.01
1773596874.495845641,0,0,1.23
1773596874.495845641,1,0,0.01
1773596875.516798660,0,0,1.23
1773596875.516798660,1,0,0.01
1773596876.538804615,0,0,1.23
1773596876.538804615,1,0,0.01
1773596877.560362992,0,0,1.23
1773596877.560362992,1,0,0.01
1773596878.581648478,0,0,1.23
1773596878.581648478,1,0,0.01
1773596879.602827611,0,0,1.23
1773596879.602827611,1,0,0.01
1773596880.624429938,0,0,1.23
1773596880.624429938,1,0,0.01
1773596881.645319181,0,0,1.23
1773596881.645319181,1,0,0.01
1773596882.666328598,0,0,1.23
1773596882.666328598,1,0,0.01
1773596883.687769947,0,0,1.23
1773596883.687769947,1,0,0.01
1773596884.709097664,0,0,1.23
1773596884.709097664,1,0,0.01
1773596885.731073517,0,0,1.23
1773596885.731073517,1,0,0.01
1773596886.751881592,0,31,1.23
1773596886.751881592,1,0,0.01
1773596887.773615955,0,31,1.23
1773596887.773615955,1,0,0.01
1773596888.793834731,0,31,1.23
1773596888.793834731,1,0,0.01
1773596889.813869400,0,35,1.23
1773596889.813869400,1,0,0.01
1773596890.834561231,0,0,1.23
1773596890.834561231,1,0,0.01
1773596891.856405874,0,0,1.23
1773596891.856405874,1,0,0.01
1773596892.878429700,0,0,1.23
1773596892.878429700,1,0,0.01
1773596893.899781347,0,0,1.23
1773596893.899781347,1,0,0.01
1773596894.920858635,0,0,1.23
1773596894.920858635,1,0,0.01
1773596895.941943703,0,0,1.23
1773596895.941943703,1,0,0.01
1773596896.962787245,0,0,1.23
1773596896.962787245,1,0,0.01
1773596897.984389397,0,0,1.23
1773596897.984389397,1,0,0.01
1773596899.005800675,0,0,1.23
1773596899.005800675,1,0,0.01
1773596900.027934113,0,0,1.23
1773596900.027934113,1,0,0.01
1773596901.048913830,0,0,1.23
1773596901.048913830,1,0,0.01
1773596902.069962631,0,0,1.23
1773596902.069962631,1,0,0.01
1773596903.090945794,0,0,1.23
1773596903.090945794,1,0,0.01
1773596904.112283496,0,0,1.23
1773596904.112283496,1,0,0.01
1773596905.133520993,0,0,1.23
1773596905.133520993,1,0,0.01
1773596906.154793214,0,0,1.23
1773596906.154793214,1,0,0.01
1773596907.175603324,0,0,1.23
1773596907.175603324,1,0,0.01
1773596908.197035176,0,33,1.23
1773596908.197035176,1,0,0.01
1773596909.217681584,0,33,1.23
1773596909.217681584,1,0,0.01
1773596910.238105497,0,32,1.23
1773596910.238105497,1,0,0.01
1773596911.257720915,0,0,1.23
1773596911.257720915,1,0,0.01
1773596912.277403760,0,0,1.23
1773596912.277403760,1,0,0.01
1773596913.299369786,0,0,1.23
1773596913.299369786,1,0,0.01
1773596914.320446151,0,0,1.23
1773596914.320446151,1,0,0.01
1773596915.341899996,0,0,1.23
1773596915.341899996,1,0,0.01
1773596916.362861947,0,31,1.23
1773596916.362861947,1,0,0.01
1773596917.383802255,0,32,1.23
1773596917.383802255,1,0,0.01
1773596918.404702298,0,31,1.23
1773596918.404702298,1,0,0.01
1773596919.424078452,0,32,1.23
1773596919.424078452,1,0,0.01
1773596920.444859368,0,0,1.23
1773596920.444859368,1,0,0.01
1773596921.465172599,0,0,1.23
1773596921.465172599,1,0,0.01
1773596922.486665855,0,0,1.23
1773596922.486665855,1,0,0.01
1773596923.507963451,0,0,1.23
1773596923.507963451,1,0,0.01
1773596924.528925521,0,0,1.23
1773596924.528925521,1,0,0.01
1773596925.550564652,0,0,1.23
1773596925.550564652,1,0,0.01
1773596926.572961302,0,0,1.23
1773596926.572961302,1,0,0.01
1773596927.592519970,0,0,1.23
1773596927.592519970,1,0,0.01
1773596928.612009413,0,34,1.23
1773596928.612009413,1,0,0.01
1773596929.633709998,0,34,1.23
1773596929.633709998,1,0,0.01
1773596930.653568257,0,34,1.23
1773596930.653568257,1,0,0.01
1773596931.674219951,0,0,1.23
1773596931.674219951,1,0,0.01
1773596932.696114345,0,0,1.23
1773596932.696114345,1,0,0.01
1773596933.717777882,0,0,1.23
1773596933.717777882,1,0,0.01
1773596934.738977348,0,0,1.23
1773596934.738977348,1,0,0.01
1773596935.760142379,0,0,1.23
1773596935.760142379,1,0,0.01
1773596936.780513976,0,0,1.23
1773596936.780513976,1,0,0.01
1773596937.799810521,0,0,1.23
1773596937.799810521,1,0,0.01
1773596938.819872159,0,31,1.23
1773596938.819872159,1,0,0.01
1773596939.840225409,0,31,1.23
1773596939.840225409,1,0,0.01
1773596940.859733073,0,31,1.23
1773596940.859733073,1,0,0.01
1773596941.879526641,0,31,1.23
1773596941.879526641,1,0,0.01
1773596942.898854474,0,0,1.23
1773596942.898854474,1,0,0.01
1773596943.919032507,0,0,1.23
1773596943.919032507,1,0,0.01
1773596944.940472558,0,0,1.23
1773596944.940472558,1,0,0.01
1773596945.961321880,0,0,1.23
1773596945.961321880,1,0,0.01
1773596946.982941666,0,0,1.23
1773596946.982941666,1,0,0.01
1773596948.004687598,0,0,1.23
1773596948.004687598,1,0,0.01
1773596949.026682632,0,0,1.23
1773596949.026682632,1,0,0.01
1773596950.048397658,0,0,1.23
1773596950.048397658,1,0,0.01
1773596951.070020671,0,0,1.23
1773596951.070020671,1,0,0.01
1773596952.090802242,0,30,1.23
1773596952.090802242,1,0,0.01
1773596953.112139902,0,37,1.23
1773596953.112139902,1,0,0.01
1773596954.133542979,0,34,1.23
1773596954.133542979,1,0,0.01
1773596955.154818551,0,34,1.23
1773596955.154818551,1,0,0.01
1773596956.176999170,0,0,1.23
1773596956.176999170,1,0,0.01
1773596957.198502972,0,0,1.23
1773596957.198502972,1,0,0.01
1773596958.220441969,0,0,1.23
1773596958.220441969,1,0,0.01
1773596959.241793464,0,0,1.23
1773596959.241793464,1,0,0.01
1773596960.262704264,0,0,1.23
1773596960.262704264,1,0,0.01
1773596961.282222545,0,0,1.23
1773596961.282222545,1,0,0.01
1773596962.303602833,0,35,1.23
1773596962.303602833,1,0,0.01
1773596963.324127288,0,35,1.23
1773596963.324127288,1,0,0.01
1773596964.343692721,0,35,1.23
1773596964.343692721,1,0,0.01
1773596965.363672095,0,31,1.23
1773596965.363672095,1,0,0.01
1773596966.385211296,0,0,1.23
1773596966.385211296,1,0,0.01
1773596967.405426887,0,0,1.23
1773596967.405426887,1,0,0.01
1773596968.426430589,0,0,1.23
1773596968.426430589,1,0,0.01
1773596969.447715780,0,34,1.23
1773596969.447715780,1,0,0.01
1773596970.468572238,0,34,1.23
1773596970.468572238,1,0,0.01
1773596971.488979784,0,33,1.23
1773596971.488979784,1,0,0.01
1773596972.511084712,0,33,1.23
1773596972.511084712,1,0,0.01
1773596973.531407338,0,0,1.23
1773596973.531407338,1,0,0.01
1773596974.551599894,0,0,1.23
1773596974.551599894,1,0,0.01
1773596975.572761594,0,16,1.23
1773596975.572761594,1,0,0.01
1773596976.593327557,0,34,1.23
1773596976.593327557,1,0,0.01
1773596977.615001430,0,37,1.23
1773596977.615001430,1,0,0.01
1773596978.636352682,0,34,1.23
1773596978.636352682,1,0,0.01
1773596979.658552575,0,0,1.23
1773596979.658552575,1,0,0.01
1773596980.678486507,0,0,1.23
1773596980.678486507,1,0,0.01
1773596981.699848708,0,0,1.23
1773596981.699848708,1,0,0.01
1773596982.720738119,0,0,1.23
1773596982.720738119,1,0,0.01
1773596983.741565118,0,0,1.23
1773596983.741565118,1,0,0.01
1773596984.762871661,0,0,1.23
1773596984.762871661,1,0,0.01
1773596985.783888445,0,0,1.23
1773596985.783888445,1,0,0.01
1773596986.804778649,0,31,1.23
1773596986.804778649,1,0,0.01
1773596987.826625009,0,32,1.23
1773596987.826625009,1,0,0.01
1773596988.847685792,0,35,1.23
1773596988.847685792,1,0,0.01
1773596989.869367071,0,35,1.23
1773596989.869367071,1,0,0.01
1773596990.889963486,0,0,1.23
1773596990.889963486,1,0,0.01
1773596991.909500801,0,0,1.23
1773596991.909500801,1,0,0.01
1773596992.928947765,0,0,1.23
1773596992.928947765,1,0,0.01
1773596993.950007862,0,0,1.23
1773596993.950007862,1,0,0.01
1773596994.971930275,0,0,1.23
1773596994.971930275,1,0,0.01
1773596995.993770488,0,0,1.23
1773596995.993770488,1,0,0.01
1773596997.014869778,0,0,1.23
1773596997.014869778,1,0,0.01
1773596998.036566531,0,0,1.23
1773596998.036566531,1,0,0.01
1773596999.058302169,0,0,1.23
1773596999.058302169,1,0,0.01
1773597000.079586735,0,37,1.23
1773597000.079586735,1,0,0.01
1773597001.100900355,0,37,1.23
1773597001.100900355,1,0,0.01
1773597002.121163842,0,37,1.23
1773597002.121163842,1,0,0.01
1773597003.142914070,0,0,1.23
1773597003.142914070,1,0,0.01
1773597004.164008180,0,0,1.23
1773597004.164008180,1,0,0.01
1773597005.184938406,0,37,1.23
1773597005.184938406,1,0,0.01
1773597006.205952861,0,37,1.23
1773597006.205952861,1,0,0.01
1773597007.225735267,0,33,1.23
1773597007.225735267,1,0,0.01
1773597008.247665156,0,30,1.23
1773597008.247665156,1,0,0.01
1773597009.268110838,0,0,1.23
1773597009.268110838,1,0,0.01
1773597010.290118173,0,0,1.23
1773597010.290118173,1,0,0.01
1773597011.311714901,0,32,1.23
1773597011.311714901,1,0,0.01
1773597012.332789773,0,35,1.23
1773597012.332789773,1,0,0.01
1773597013.355332080,0,35,1.23
1773597013.355332080,1,0,0.01
1773597014.375303123,0,35,1.23
1773597014.375303123,1,0,0.01
1773597015.397077065,0,0,1.23
1773597015.397077065,1,0,0.01
1773597016.418299081,0,0,1.23
1773597016.418299081,1,0,0.01
1773597017.439483529,0,0,1.23
1773597017.439483529,1,0,0.01
1773597018.460522510,0,0,1.23
1773597018.460522510,1,0,0.01
1773597019.481966805,0,0,1.23
1773597019.481966805,1,0,0.01
1773597020.501578769,0,0,1.23
1773597020.501578769,1,0,0.01
1773597021.522626287,0,21,1.23
1773597021.522626287,1,0,0.01
1773597022.544836943,0,37,1.23
1773597022.544836943,1,0,0.01
1773597023.565749567,0,33,1.23
1773597023.565749567,1,0,0.01
1773597024.587762785,0,33,1.23
1773597024.587762785,1,0,0.01
1773597025.609151440,0,0,1.23
1773597025.609151440,1,0,0.01
1773597026.630848756,0,0,1.23
1773597026.630848756,1,0,0.01
1773597027.652693317,0,0,1.23
1773597027.652693317,1,0,0.01
1773597028.673767022,0,0,1.23
1773597028.673767022,1,0,0.01
1773597029.695473241,0,0,1.23
1773597029.695473241,1,0,0.01
1773597030.717213997,0,0,1.23
1773597030.717213997,1,0,0.01
1773597031.738745975,0,0,1.23
1773597031.738745975,1,0,0.01
1773597032.760758032,0,0,1.23
1773597032.760758032,1,0,0.01
1773597033.782859080,0,0,1.23
1773597033.782859080,1,0,0.01
1773597034.803665415,0,0,1.23
1773597034.803665415,1,0,0.01
1773597035.824583246,0,0,1.23
1773597035.824583246,1,0,0.01
1773597036.845169155,0,0,1.23
1773597036.845169155,1,0,0.01
1773597037.866818209,0,0,1.23
1773597037.866818209,1,0,0.01
1773597038.888643758,0,0,1.23
1773597038.888643758,1,0,0.01
1773597039.909823408,0,0,1.23
1773597039.909823408,1,0,0.01
1773597040.929216197,0,31,1.23
1773597040.929216197,1,0,0.01
1773597041.949167046,0,37,1.23
1773597041.949167046,1,0,0.01
1773597042.970621948,0,37,1.23
1773597042.970621948,1,0,0.01
1773597043.990235577,0,0,1.23
1773597043.990235577,1,0,0.01
1773597045.011427024,0,0,1.23
1773597045.011427024,1,0,0.01
1773597046.032451193,0,0,1.23
1773597046.032451193,1,0,0.01
1773597047.053739078,0,0,1.23
1773597047.053739078,1,0,0.01
1773597048.075839359,0,0,1.23
1773597048.075839359,1,0,0.01
1773597049.096785813,0,0,1.23
1773597049.096785813,1,0,0.01
1773597050.117792432,0,0,1.23
1773597050.117792432,1,0,0.01
1773597051.138753130,0,0,1.23
1773597051.138753130,1,0,0.01
1773597052.159953856,0,0,1.23
1773597052.159953856,1,0,0.01
1773597053.180448155,0,25,1.23
1773597053.180448155,1,0,0.01
1773597054.200033359,0,33,1.23
1773597054.200033359,1,0,0.01
1773597055.221842324,0,33,1.23
1773597055.221842324,1,0,0.01
1773597056.242020163,0,37,1.23
1773597056.242020163,1,0,0.01
1773597057.263662373,0,0,1.23
1773597057.263662373,1,0,0.01
1773597058.283730995,0,0,1.23
1773597058.283730995,1,0,0.01
1773597059.306013725,0,0,1.23
1773597059.306013725,1,0,0.01
1773597060.327412544,0,35,1.23
1773597060.327412544,1,0,0.01
1773597061.348929651,0,35,1.23
1773597061.348929651,1,0,0.01
1773597062.369118057,0,35,1.23
1773597062.369118057,1,0,0.01
1773597063.389734727,0,12,1.23
1773597063.389734727,1,0,0.01
1773597064.411862293,0,0,1.23
1773597064.411862293,1,0,0.01
1773597065.433865109,0,0,1.23
1773597065.433865109,1,0,0.01
1773597066.454919072,0,0,1.23
1773597066.454919072,1,0,0.01
1773597067.476481308,0,34,1.23
1773597067.476481308,1,0,0.01
1773597068.497844824,0,33,1.23
1773597068.497844824,1,0,0.01
1773597069.518938874,0,33,1.23
1773597069.518938874,1,0,0.01
1773597070.540215292,0,33,1.23
1773597070.540215292,1,0,0.01
1773597071.561106558,0,0,1.23
1773597071.561106558,1,0,0.01
1773597072.581970695,0,0,1.23
1773597072.581970695,1,0,0.01
1773597073.602384212,0,0,1.23
1773597073.602384212,1,0,0.01
1773597074.622121419,0,0,1.23
1773597074.622121419,1,0,0.01
1773597075.643877938,0,0,1.23
1773597075.643877938,1,0,0.01
1773597076.665451115,0,0,1.23
1773597076.665451115,1,0,0.01
1773597077.686786726,0,34,1.23
1773597077.686786726,1,0,0.01
1773597078.707641818,0,34,1.23
1773597078.707641818,1,0,0.01
1773597079.728971318,0,34,1.23
1773597079.728971318,1,0,0.01
1773597080.749234682,0,37,1.23
1773597080.749234682,1,0,0.01
1773597081.770750335,0,0,1.23
1773597081.770750335,1,0,0.01
1773597082.790549350,0,0,1.23
1773597082.790549350,1,0,0.01
1773597083.811849332,0,0,1.23
1773597083.811849332,1,0,0.01
1773597084.833418418,0,0,1.23
1773597084.833418418,1,0,0.01
1773597085.855483860,0,0,1.23
1773597085.855483860,1,0,0.01
1773597086.876851100,0,35,1.23
1773597086.876851100,1,0,0.01
1773597087.897964912,0,35,1.23
1773597087.897964912,1,0,0.01
1773597088.919114284,0,32,1.23
1773597088.919114284,1,0,0.01
1773597089.938618881,0,31,1.23
1773597089.938618881,1,0,0.01
1773597090.959267544,0,0,1.23
1773597090.959267544,1,0,0.01
1773597091.981343817,0,0,1.23
1773597091.981343817,1,0,0.01
1773597093.003052867,0,0,1.23
1773597093.003052867,1,0,0.01
1773597094.024654300,0,0,1.23
1773597094.024654300,1,0,0.01
1773597095.045942646,0,0,1.23
1773597095.045942646,1,0,0.01
1773597096.068270665,0,0,1.23
1773597096.068270665,1,0,0.01
1773597097.090123859,0,0,1.23
1773597097.090123859,1,0,0.01
1773597098.112050551,0,0,1.23
1773597098.112050551,1,0,0.01
1773597099.133663812,0,0,1.23
1773597099.133663812,1,0,0.01
1773597100.154914223,0,0,1.23
1773597100.154914223,1,0,0.01
1773597101.175850244,0,37,1.23
1773597101.175850244,1,0,0.01
1773597102.196971239,0,37,1.23
1773597102.196971239,1,0,0.01
1773597103.218817308,0,37,1.23
1773597103.218817308,1,0,0.01
1773597104.240578834,0,0,1.23
1773597104.240578834,1,0,0.01
1773597105.262308936,0,0,1.23
1773597105.262308936,1,0,0.01
1773597106.283732849,0,0,1.23
1773597106.283732849,1,0,0.01
1773597107.303648231,0,0,1.23
1773597107.303648231,1,0,0.01
1773597108.323531685,0,34,1.23
1773597108.323531685,1,0,0.01
1773597109.344672596,0,36,1.23
1773597109.344672596,1,0,0.01
1773597110.366024361,0,32,1.23
1773597110.366024361,1,0,0.01
1773597111.387184857,0,32,1.23
1773597111.387184857,1,0,0.01
1773597112.406782987,0,0,1.23
1773597112.406782987,1,0,0.01
1773597113.428813949,0,0,1.23
1773597113.428813949,1,0,0.01
1773597114.448741079,0,0,1.23
1773597114.448741079,1,0,0.01
1773597115.470084989,0,0,1.23
1773597115.470084989,1,0,0.01
1773597116.490507048,0,0,1.23
1773597116.490507048,1,0,0.01
1773597117.511766136,0,0,1.23
1773597117.511766136,1,0,0.01
1773597118.532789726,0,0,1.23
1773597118.532789726,1,0,0.01
1773597119.553955253,0,0,1.23
1773597119.553955253,1,0,0.01
1773597120.575203721,0,33,1.23
1773597120.575203721,1,0,0.01
1773597121.597094947,0,33,1.23
1773597121.597094947,1,0,0.01
1773597122.617171151,0,34,1.23
1773597122.617171151,1,0,0.01
1773597123.638859568,0,34,1.23
1773597123.638859568,1,0,0.01
1773597124.658819033,0,0,1.23
1773597124.658819033,1,0,0.01
1773597125.680255417,0,0,1.23
1773597125.680255417,1,0,0.01
1773597126.701789775,0,0,1.23
1773597126.701789775,1,0,0.01
1773597127.723016429,0,0,1.23
1773597127.723016429,1,0,0.01
1773597128.742805379,0,0,1.23
1773597128.742805379,1,0,0.01
1773597129.764672841,0,0,1.23
1773597129.764672841,1,0,0.01
1773597130.785753448,0,0,1.23
1773597130.785753448,1,0,0.01
1773597131.806459488,0,36,1.23
1773597131.806459488,1,0,0.01
1773597132.827323233,0,36,1.23
1773597132.827323233,1,0,0.01
1773597133.848075411,0,31,1.23
1773597133.848075411,1,0,0.01
1773597134.869543482,0,31,1.23
1773597134.869543482,1,0,0.01
1773597135.890899403,0,0,1.23
1773597135.890899403,1,0,0.01
1773597136.910536460,0,0,1.23
1773597136.910536460,1,0,0.01
1773597137.932221947,0,0,1.23
1773597137.932221947,1,0,0.01
1773597138.953199195,0,0,1.23
1773597138.953199195,1,0,0.01
1773597139.974223018,0,0,1.23
1773597139.974223018,1,0,0.01
1773597140.995139840,0,0,1.23
1773597140.995139840,1,0,0.01
1773597142.016382554,0,0,1.23
1773597142.016382554,1,0,0.01
1773597143.037486345,0,0,1.23
1773597143.037486345,1,0,0.01
1773597144.058568369,0,0,1.23
1773597144.058568369,1,0,0.01
1773597145.079366952,0,0,1.23
1773597145.079366952,1,0,0.01
1773597146.100628955,0,34,1.23
1773597146.100628955,1,0,0.01
1773597147.121467630,0,33,1.23
1773597147.121467630,1,0,0.01
1773597148.141123559,0,34,1.23
1773597148.141123559,1,0,0.01
1773597149.160820144,0,11,1.23
1773597149.160820144,1,0,0.01
1773597150.180822790,0,0,1.23
1773597150.180822790,1,0,0.01
1773597151.202166096,0,0,1.23
1773597151.202166096,1,0,0.01
1773597152.223468095,0,0,1.23
1773597152.223468095,1,0,0.01
1773597153.244505581,0,0,1.23
1773597153.244505581,1,0,0.01
1773597154.266377124,0,0,1.23
1773597154.266377124,1,0,0.01
1773597155.288612247,0,12,1.23
1773597155.288612247,1,0,0.01
1773597156.309868455,0,36,1.23
1773597156.309868455,1,0,0.01
1773597157.331827401,0,35,1.23
1773597157.331827401,1,0,0.01
1773597158.352939435,0,31,1.23
1773597158.352939435,1,0,0.01
1773597159.374737074,0,0,1.23
1773597159.374737074,1,0,0.01
1773597160.396960881,0,0,1.23
1773597160.396960881,1,0,0.01
1773597161.418637185,0,0,1.23
1773597161.418637185,1,0,0.01
1773597162.439620449,0,0,1.23
1773597162.439620449,1,0,0.01
1773597163.461210759,0,0,1.23
1773597163.461210759,1,0,0.01
1773597164.482500460,0,0,1.23
1773597164.482500460,1,0,0.01
1773597165.503668089,0,0,1.23
1773597165.503668089,1,0,0.01
1773597166.525768690,0,0,1.23
1773597166.525768690,1,0,0.01
1773597167.546636257,0,0,1.23
1773597167.546636257,1,0,0.01
1773597168.567891341,0,0,1.23
1773597168.567891341,1,0,0.01
1773597169.588639098,0,0,1.23
1773597169.588639098,1,0,0.01
1773597170.609757989,0,0,1.23
1773597170.609757989,1,0,0.01
1773597171.630877478,0,0,1.23
1773597171.630877478,1,0,0.01
1773597172.650422463,0,0,1.23
1773597172.650422463,1,0,0.01
1773597173.670838006,0,0,1.23
1773597173.670838006,1,0,0.01
1773597174.692228607,0,0,1.23
1773597174.692228607,1,0,0.01
1773597175.711869527,0,0,1.23
1773597175.711869527,1,0,0.01
1773597176.733143384,0,37,1.23
1773597176.733143384,1,0,0.01
1773597177.753801042,0,37,1.23
1773597177.753801042,1,0,0.01
1773597178.775759688,0,37,1.23
1773597178.775759688,1,0,0.01
1773597179.797428557,0,0,1.23
1773597179.797428557,1,0,0.01
1773597180.818686108,0,37,1.23
1773597180.818686108,1,0,0.01
1773597181.840761956,0,36,1.23
1773597181.840761956,1,0,0.01
1773597182.861784120,0,35,1.23
1773597182.861784120,1,0,0.01
1773597183.882319546,0,35,1.23
1773597183.882319546,1,0,0.01
1773597184.904309875,0,0,1.23
1773597184.904309875,1,0,0.01
1773597185.925720683,0,0,1.23
1773597185.925720683,1,0,0.01
1773597186.945135935,0,0,1.23
1773597186.945135935,1,0,0.01
1773597187.964854810,0,0,1.23
1773597187.964854810,1,0,0.01
1773597188.986252894,0,0,1.23
1773597188.986252894,1,0,0.01
1773597190.007794741,0,0,1.23
1773597190.007794741,1,0,0.01
1773597191.029243352,0,0,1.23
1773597191.029243352,1,0,0.01
1773597192.050215268,0,0,1.23
1773597192.050215268,1,0,0.01
1773597193.071541533,0,17,1.23
1773597193.071541533,1,0,0.01
1773597194.093677694,0,37,1.23
1773597194.093677694,1,0,0.01
1773597195.116394464,0,37,1.23
1773597195.116394464,1,0,0.01
1773597196.136816619,0,37,1.23
1773597196.136816619,1,0,0.01
1773597197.158531073,0,0,1.23
1773597197.158531073,1,0,0.01
1773597198.180994356,0,0,1.23
1773597198.180994356,1,0,0.01
1773597199.202794879,0,0,1.23
1773597199.202794879,1,0,0.01
1773597200.224626130,0,0,1.23
1773597200.224626130,1,0,0.01
1773597201.246165168,0,0,1.23
1773597201.246165168,1,0,0.01
1773597202.268154827,0,0,1.23
1773597202.268154827,1,0,0.01
1773597203.289590108,0,0,1.23
1773597203.289590108,1,0,0.01
1773597204.311032679,0,0,1.23
1773597204.311032679,1,0,0.01
1773597205.332057152,0,0,1.23
1773597205.332057152,1,0,0.01
1773597206.352228000,0,0,1.23
1773597206.352228000,1,0,0.01
1773597207.373295488,0,0,1.23
1773597207.373295488,1,0,0.01
1773597208.394447374,0,0,1.23
1773597208.394447374,1,0,0.01
1773597209.416316343,0,32,1.23
1773597209.416316343,1,0,0.01
1773597210.438356062,0,32,1.23
1773597210.438356062,1,0,0.01
1773597211.460002916,0,35,1.23
1773597211.460002916,1,0,0.01
1773597212.481147412,0,32,1.23
1773597212.481147412,1,0,0.01
1773597213.502384011,0,0,1.23
1773597213.502384011,1,0,0.01
1773597214.523817328,0,0,1.23
1773597214.523817328,1,0,0.01
1773597215.545634450,0,0,1.23
1773597215.545634450,1,0,0.01
1773597216.567464915,0,0,1.23
1773597216.567464915,1,0,0.01
1773597217.588852322,0,0,1.23
1773597217.588852322,1,0,0.01
1773597218.610512627,0,0,1.23
1773597218.610512627,1,0,0.01
1773597219.632088429,0,0,1.23
1773597219.632088429,1,0,0.01
1773597220.653129830,0,0,1.23
1773597220.653129830,1,0,0.01
1773597221.674746691,0,37,1.23
1773597221.674746691,1,0,0.01
1773597222.694494558,0,34,1.23
1773597222.694494558,1,0,0.01
1773597223.715917462,0,34,1.23
1773597223.715917462,1,0,0.01
1773597224.737019249,0,0,1.23
1773597224.737019249,1,0,0.01
1773597225.758454271,0,0,1.23
1773597225.758454271,1,0,0.01
1773597226.779540704,0,0,1.23
1773597226.779540704,1,0,0.01
1773597227.800662580,0,0,1.23
1773597227.800662580,1,0,0.01
1773597228.821358615,0,0,1.23
1773597228.821358615,1,0,0.01
1773597229.843596699,0,0,1.23
1773597229.843596699,1,0,0.01
1773597230.863584378,0,0,1.23
1773597230.863584378,1,0,0.01
1773597231.884318372,0,0,1.23
1773597231.884318372,1,0,0.01
1773597232.905420101,0,0,1.23
1773597232.905420101,1,0,0.01
1773597233.926081923,0,0,1.23
1773597233.926081923,1,0,0.01
1773597234.948028634,0,0,1.23
1773597234.948028634,1,0,0.01
1773597235.969831321,0,32,1.23
1773597235.969831321,1,0,0.01
1773597236.992020633,0,35,1.23
1773597236.992020633,1,0,0.01
1773597238.012676945,0,35,1.23
1773597238.012676945,1,0,0.01
1773597239.032489776,0,35,1.23
1773597239.032489776,1,0,0.01
1773597240.053512255,0,0,1.23
1773597240.053512255,1,0,0.01
1773597241.075265695,0,0,1.23
1773597241.075265695,1,0,0.01
1773597242.096904769,0,0,1.23
1773597242.096904769,1,0,0.01
1773597243.117179036,0,0,1.23
1773597243.117179036,1,0,0.01
1773597244.137421259,0,0,1.23
1773597244.137421259,1,0,0.01
1773597245.158619193,0,0,1.23
1773597245.158619193,1,0,0.01
1773597246.179387687,0,0,1.23
1773597246.179387687,1,0,0.01
1773597247.201633765,0,37,1.23
1773597247.201633765,1,0,0.01
1773597248.222436996,0,33,1.23
1773597248.222436996,1,0,0.01
1773597249.243568127,0,34,1.23
1773597249.243568127,1,0,0.01
1773597250.264703627,0,34,1.23
1773597250.264703627,1,0,0.01
1773597251.286077713,0,0,1.23
1773597251.286077713,1,0,0.01
1773597252.305640704,0,0,1.23
1773597252.305640704,1,0,0.01
1773597253.326157757,0,0,1.23
1773597253.326157757,1,0,0.01
1773597254.347654216,0,0,1.23
1773597254.347654216,1,0,0.01
1773597255.368725473,0,0,1.23
1773597255.368725473,1,0,0.01
1773597256.389882507,0,31,1.23
1773597256.389882507,1,0,0.01
1773597257.409333369,0,32,1.23
1773597257.409333369,1,0,0.01
1773597258.429745151,0,32,1.23
1773597258.429745151,1,0,0.01
1773597259.449350176,0,36,1.23
1773597259.449350176,1,0,0.01
1773597260.470199535,0,0,1.23
1773597260.470199535,1,0,0.01
1773597261.492221216,0,0,1.23
1773597261.492221216,1,0,0.01
1773597262.513154135,0,0,1.23
1773597262.513154135,1,0,0.01
1773597263.534315740,0,0,1.23
1773597263.534315740,1,0,0.01
1773597264.555437667,0,0,1.23
1773597264.555437667,1,0,0.01
1773597265.577602935,0,0,1.23
1773597265.577602935,1,0,0.01
1773597266.599784019,0,0,1.23
1773597266.599784019,1,0,0.01
1773597267.620776758,0,0,1.23
1773597267.620776758,1,0,0.01
1773597268.642153740,0,0,1.23
1773597268.642153740,1,0,0.01
1773597269.663297076,0,0,1.23
1773597269.663297076,1,0,0.01
1773597270.684464214,0,0,1.23
1773597270.684464214,1,0,0.01
1773597271.705670789,0,37,1.23
1773597271.705670789,1,0,0.01
1773597272.727266000,0,37,1.23
1773597272.727266000,1,0,0.01
1773597273.747798079,0,37,1.23
1773597273.747798079,1,0,0.01
1773597274.768835056,0,0,1.23
1773597274.768835056,1,0,0.01
1773597275.789957229,0,0,1.23
1773597275.789957229,1,0,0.01
1773597276.810731225,0,0,1.23
1773597276.810731225,1,0,0.01
1773597277.832817675,0,0,1.23
1773597277.832817675,1,0,0.01
1773597278.854615950,0,0,1.23
1773597278.854615950,1,0,0.01
1773597279.875470556,0,0,1.23
1773597279.875470556,1,0,0.01
1773597280.896847121,0,0,1.23
1773597280.896847121,1,0,0.01
1773597281.919343344,0,2,1.23
1773597281.919343344,1,0,0.01
1773597282.940338914,0,32,1.23
1773597282.940338914,1,0,0.01
1773597283.961166870,0,32,1.23
1773597283.961166870,1,0,0.01
1773597284.982368869,0,37,1.23
1773597284.982368869,1,0,0.01
1773597286.004118513,0,0,1.23
1773597286.004118513,1,0,0.01
1773597287.024365169,0,0,1.23
1773597287.024365169,1,0,0.01
1773597288.045447684,0,0,1.23
1773597288.045447684,1,0,0.01
1773597289.066372540,0,0,1.23
1773597289.066372540,1,0,0.01
1773597290.087235911,0,0,1.23
1773597290.087235911,1,0,0.01
1773597291.107155799,0,0,1.23
1773597291.107155799,1,0,0.01
1773597292.128454616,0,0,1.23
1773597292.128454616,1,0,0.01
1773597293.149407329,0,0,1.23
1773597293.149407329,1,0,0.01
1773597294.170492224,0,0,1.23
1773597294.170492224,1,0,0.01
1773597295.191827370,0,0,1.23
1773597295.191827370,1,0,0.01
1773597296.212960506,0,37,1.23
1773597296.212960506,1,0,0.01
1773597297.233969070,0,34,1.23
1773597297.233969070,1,0,0.01
1773597298.255852077,0,34,1.23
1773597298.255852077,1,0,0.01
1773597299.277400851,0,35,1.23
1773597299.277400851,1,0,0.01
1773597300.298865991,0,0,1.23
1773597300.298865991,1,0,0.01
1773597301.318861315,0,0,1.23
1773597301.318861315,1,0,0.01
1773597302.340671725,0,24,1.23
1773597302.340671725,1,0,0.01
1773597303.362088309,0,35,1.23
1773597303.362088309,1,0,0.01
1773597304.383074956,0,32,1.23
1773597304.383074956,1,0,0.01
1773597305.403917829,0,35,1.23
1773597305.403917829,1,0,0.01
1773597306.423551713,0,0,1.23
1773597306.423551713,1,0,0.01
1773597307.443936371,0,0,1.23
1773597307.443936371,1,0,0.01
1773597308.463342789,0,0,1.23
1773597308.463342789,1,0,0.01
1773597309.483399263,0,0,1.23
1773597309.483399263,1,0,0.01
1773597310.504915114,0,0,1.23
1773597310.504915114,1,0,0.01
1773597311.526666196,0,0,1.23
1773597311.526666196,1,0,0.01
1773597312.547969748,0,0,1.23
1773597312.547969748,1,0,0.01
1773597313.567967948,0,0,1.23
1773597313.567967948,1,0,0.01
1773597314.589433724,0,0,1.23
1773597314.589433724,1,0,0.01
1773597315.610766889,0,0,1.23
1773597315.610766889,1,0,0.01
1773597316.632684051,0,33,1.23
1773597316.632684051,1,0,0.01
1773597317.654783461,0,34,1.23
1773597317.654783461,1,0,0.01
1773597318.676273981,0,34,1.23
1773597318.676273981,1,0,0.01
1773597319.698357656,0,37,1.23
1773597319.698357656,1,0,0.01
1773597320.720009719,0,0,1.23
1773597320.720009719,1,0,0.01
1773597321.741993910,0,0,1.23
1773597321.741993910,1,0,0.01
1773597322.763423744,0,0,1.23
1773597322.763423744,1,0,0.01
1773597323.784556682,0,31,1.23
1773597323.784556682,1,0,0.01
1773597324.805383200,0,32,1.23
1773597324.805383200,1,0,0.01
1773597325.825645226,0,32,1.23
1773597325.825645226,1,0,0.01
1773597326.845458896,0,32,1.23
1773597326.845458896,1,0,0.01
1773597327.866586535,0,0,1.23
1773597327.866586535,1,0,0.01
1773597328.886641176,0,0,1.23
1773597328.886641176,1,0,0.01
1773597329.907593527,0,31,1.23
1773597329.907593527,1,0,0.01
1773597330.929474429,0,31,1.23
1773597330.929474429,1,0,0.01
1773597331.951140977,0,31,1.23
1773597331.951140977,1,0,0.01
1773597332.971319563,0,34,1.23
1773597332.971319563,1,0,0.01
1773597333.991753175,0,0,1.23
1773597333.991753175,1,0,0.01
1773597335.013865539,0,0,1.23
1773597335.013865539,1,0,0.01
1773597336.035815534,0,0,1.23
1773597336.035815534,1,0,0.01
1773597337.056868222,0,0,1.23
1773597337.056868222,1,0,0.01
1773597338.077637753,0,0,1.23
1773597338.077637753,1,0,0.01
1773597339.099883187,0,0,1.23
1773597339.099883187,1,0,0.01
1773597340.120640623,0,0,1.23
1773597340.120640623,1,0,0.01
1773597341.141824668,0,0,1.23
1773597341.141824668,1,0,0.01
1773597342.162740082,0,0,1.23
1773597342.162740082,1,0,0.01
1773597343.183788065,0,0,1.23
1773597343.183788065,1,0,0.01
1773597344.205000748,0,0,1.23
1773597344.205000748,1,0,0.01
1773597345.226888092,0,34,1.23
1773597345.226888092,1,0,0.01
1773597346.248439622,0,33,1.23
1773597346.248439622,1,0,0.01
1773597347.269455597,0,31,1.23
1773597347.269455597,1,0,0.01
1773597348.289914581,0,32,1.23
1773597348.289914581,1,0,0.01
1773597349.311272081,0,0,1.23
1773597349.311272081,1,0,0.01
1773597350.333289332,0,0,1.23
1773597350.333289332,1,0,0.01
1773597351.354931884,0,0,1.23
1773597351.354931884,1,0,0.01
1773597352.376638675,0,0,1.23
1773597352.376638675,1,0,0.01
1773597353.397793132,0,32,1.23
1773597353.397793132,1,0,0.01
1773597354.419641898,0,32,1.23
1773597354.419641898,1,0,0.01
1773597355.439859518,0,31,1.23
1773597355.439859518,1,0,0.01
1773597356.461792864,0,34,1.23
1773597356.461792864,1,0,0.01
1773597357.482202625,0,0,1.23
1773597357.482202625,1,0,0.01
1773597358.503554157,0,0,1.23
1773597358.503554157,1,0,0.01
1773597359.525078040,0,0,1.23
1773597359.525078040,1,0,0.01
1773597360.545911649,0,0,1.23
1773597360.545911649,1,0,0.01
1773597361.567205374,0,0,1.23
1773597361.567205374,1,0,0.01
1773597362.588207213,0,0,1.23
1773597362.588207213,1,0,0.01
1773597363.610301014,0,0,1.23
1773597363.610301014,1,0,0.01
1773597364.632103088,0,0,1.23
1773597364.632103088,1,0,0.01
1773597365.653353599,0,37,1.23
1773597365.653353599,1,0,0.01
1773597366.674319633,0,33,1.23
1773597366.674319633,1,0,0.01
1773597367.695232747,0,34,1.23
1773597367.695232747,1,0,0.01
1773597368.715852246,0,33,1.23
1773597368.715852246,1,0,0.01
1773597369.736909278,0,0,1.23
1773597369.736909278,1,0,0.01
1773597370.758955229,0,0,1.23
1773597370.758955229,1,0,0.01
1773597371.780785168,0,0,1.23
1773597371.780785168,1,0,0.01
1773597372.800420357,0,0,1.23
1773597372.800420357,1,0,0.01
1773597373.822529109,0,0,1.23
1773597373.822529109,1,0,0.01
1773597374.844452652,0,0,1.23
1773597374.844452652,1,0,0.01
1773597375.865740679,0,0,1.23
1773597375.865740679,1,0,0.01
1773597376.886470772,0,9,1.23
1773597376.886470772,1,0,0.01
1773597377.907442703,0,31,1.23
1773597377.907442703,1,0,0.01
1773597378.927595669,0,32,1.23
1773597378.927595669,1,0,0.01
1773597379.949175641,0,31,1.23
1773597379.949175641,1,0,0.01
1773597380.970989317,0,34,1.23
1773597380.970989317,1,0,0.01
1773597381.992313251,0,0,1.23
1773597381.992313251,1,0,0.01
1773597383.013936088,0,0,1.23
1773597383.013936088,1,0,0.01
1773597384.033785745,0,0,1.23
1773597384.033785745,1,0,0.01
1773597385.054629112,0,0,1.23
1773597385.054629112,1,0,0.01
1773597386.076553792,0,0,1.23
1773597386.076553792,1,0,0.01
1773597387.097573638,0,0,1.23
1773597387.097573638,1,0,0.01
1773597388.119522693,0,0,1.23
1773597388.119522693,1,0,0.01
1773597389.141427263,0,0,1.23
1773597389.141427263,1,0,0.01
1773597390.162184850,0,37,1.23
1773597390.162184850,1,0,0.01
1773597391.183148940,0,37,1.23
1773597391.183148940,1,0,0.01
1773597392.203676628,0,34,1.23
1773597392.203676628,1,0,0.01
1773597393.224819814,0,37,1.23
1773597393.224819814,1,0,0.01
1773597394.245943495,0,0,1.23
1773597394.245943495,1,0,0.01
1773597395.267050704,0,0,1.23
1773597395.267050704,1,0,0.01
1773597396.288574689,0,0,1.23
1773597396.288574689,1,0,0.01
1773597397.310925021,0,0,1.23
1773597397.310925021,1,0,0.01
1773597398.332437379,0,0,1.23
1773597398.332437379,1,0,0.01
1773597399.353159530,0,0,1.23
1773597399.353159530,1,0,0.01
1773597400.374244720,0,35,1.23
1773597400.374244720,1,0,0.01
1773597401.395626862,0,35,1.23
1773597401.395626862,1,0,0.01
1773597402.417310877,0,35,1.23
1773597402.417310877,1,0,0.01
1773597403.439025241,0,0,1.23
1773597403.439025241,1,0,0.01
1773597404.460521329,0,0,1.23
1773597404.460521329,1,0,0.01
1773597405.482665223,0,0,1.23
1773597405.482665223,1,0,0.01
1773597406.504203525,0,0,1.23
1773597406.504203525,1,0,0.01
1773597407.525344013,0,0,1.23
1773597407.525344013,1,0,0.01
1773597408.546999557,0,0,1.23
1773597408.546999557,1,0,0.01
1773597409.568468867,0,0,1.23
1773597409.568468867,1,0,0.01
1773597410.587826191,0,0,1.23
1773597410.587826191,1,0,0.01
1773597411.609152243,0,37,1.23
1773597411.609152243,1,0,0.01
1773597412.630314987,0,37,1.23
1773597412.630314987,1,0,0.01
1773597413.650019030,0,37,1.23
1773597413.650019030,1,0,0.01
1773597414.669929892,0,37,1.23
1773597414.669929892,1,0,0.01
1773597415.691708305,0,0,1.23
1773597415.691708305,1,0,0.01
1773597416.713362918,0,0,1.23
1773597416.713362918,1,0,0.01
1773597417.734431084,0,0,1.23
1773597417.734431084,1,0,0.01
1773597418.756595065,0,0,1.23
1773597418.756595065,1,0,0.01
1773597419.778561580,0,0,1.23
1773597419.778561580,1,0,0.01
1773597420.799716043,0,0,1.23
1773597420.799716043,1,0,0.01
1773597421.821204837,0,0,1.23
1773597421.821204837,1,0,0.01
1773597422.842245301,0,0,1.23
1773597422.842245301,1,0,0.01
1773597423.864045239,0,32,1.23
1773597423.864045239,1,0,0.01
1773597424.884980665,0,32,1.23
1773597424.884980665,1,0,0.01
1773597425.907467421,0,31,1.23
1773597425.907467421,1,0,0.01
1773597426.928750474,0,31,1.23
1773597426.928750474,1,0,0.01
1773597427.948149823,0,25,1.23
1773597427.948149823,1,0,0.01
1773597428.968351318,0,0,1.23
1773597428.968351318,1,0,0.01
1773597429.991263691,0,0,1.23
1773597429.991263691,1,0,0.01
1773597431.012669361,0,0,1.23
1773597431.012669361,1,0,0.01
1773597432.033873256,0,0,1.23
1773597432.033873256,1,0,0.01
1773597433.054232586,0,0,1.23
1773597433.054232586,1,0,0.01
1773597434.073906649,0,33,1.23
1773597434.073906649,1,0,0.01
1773597435.094875485,0,37,1.23
1773597435.094875485,1,0,0.01
1773597436.115933903,0,37,1.23
1773597436.115933903,1,0,0.01
1773597437.137221693,0,0,1.23
1773597437.137221693,1,0,0.01
1773597438.158695815,0,0,1.23
1773597438.158695815,1,0,0.01
1773597439.180806678,0,0,1.23
1773597439.180806678,1,0,0.01
1773597440.202877536,0,0,1.23
1773597440.202877536,1,0,0.01
1773597441.224894812,0,0,1.23
1773597441.224894812,1,0,0.01
1773597442.245969028,0,0,1.23
1773597442.245969028,1,0,0.01
1773597443.265901663,0,0,1.23
1773597443.265901663,1,0,0.01
1773597444.287266964,0,0,1.23
1773597444.287266964,1,0,0.01
1773597445.309133203,0,0,1.23
1773597445.309133203,1,0,0.01
1773597446.330763316,0,0,1.23
1773597446.330763316,1,0,0.01
1773597447.351748514,0,0,1.23
1773597447.351748514,1,0,0.01
1773597448.373117323,0,0,1.23
1773597448.373117323,1,0,0.01
1773597449.395101235,0,0,1.23
1773597449.395101235,1,0,0.01
1773597450.417543746,0,0,1.23
1773597450.417543746,1,0,0.01
1773597451.443214322,0,0,1.23
1773597451.443214322,1,0,0.01
1773597452.463876067,0,0,1.23
1773597452.463876067,1,0,0.01
1773597453.484970594,0,0,1.23
1773597453.484970594,1,0,0.01
1773597454.506491013,0,0,1.23
1773597454.506491013,1,0,0.01
1773597455.527431615,0,37,1.23
1773597455.527431615,1,0,0.01
1773597456.548497728,0,37,1.23
1773597456.548497728,1,0,0.01
1773597457.569302418,0,37,1.23
1773597457.569302418,1,0,0.01
1773597458.589725833,0,21,1.23
1773597458.589725833,1,0,0.01
1773597459.611857143,0,0,1.23
1773597459.611857143,1,0,0.01
1773597460.632830345,0,0,1.23
1773597460.632830345,1,0,0.01
1773597461.654395614,0,0,1.23
1773597461.654395614,1,0,0.01
1773597462.674999623,0,34,1.23
1773597462.674999623,1,0,0.01
1773597463.695905267,0,33,1.23
1773597463.695905267,1,0,0.01
1773597464.716895084,0,36,1.23
1773597464.716895084,1,0,0.01
1773597465.737857412,0,35,1.23
1773597465.737857412,1,0,0.01
1773597466.757452367,0,31,1.23
1773597466.757452367,1,0,0.01
1773597467.778298208,0,31,1.23
1773597467.778298208,1,0,0.01
1773597468.797864595,0,35,1.23
1773597468.797864595,1,0,0.01
1773597469.818758983,0,35,1.23
1773597469.818758983,1,0,0.01
1773597470.838162988,0,0,1.23
1773597470.838162988,1,0,0.01
1773597471.858469160,0,0,1.23
1773597471.858469160,1,0,0.01
1773597472.880455680,0,35,1.23
1773597472.880455680,1,0,0.01
1773597473.901721565,0,37,1.23
1773597473.901721565,1,0,0.01
1773597474.921709313,0,37,1.23
1773597474.921709313,1,0,0.01
1773597475.942923673,0,34,1.23
1773597475.942923673,1,0,0.01
1773597476.965455544,0,0,1.23
1773597476.965455544,1,0,0.01
1773597477.986428192,0,0,1.23
1773597477.986428192,1,0,0.01
1773597479.007328033,0,37,1.23
1773597479.007328033,1,0,0.01
1773597480.028798826,0,33,1.23
1773597480.028798826,1,0,0.01
1773597481.049826488,0,33,1.23
1773597481.049826488,1,0,0.01
1773597482.070512686,0,37,1.23
1773597482.070512686,1,0,0.01
1773597483.091973935,0,0,1.23
1773597483.091973935,1,0,0.01
1773597484.112867222,0,0,1.23
1773597484.112867222,1,0,0.01
1773597485.133915792,0,37,1.23
1773597485.133915792,1,0,0.01
1773597486.155096404,0,37,1.23
1773597486.155096404,1,0,0.01
1773597487.174818908,0,37,1.23
1773597487.174818908,1,0,0.01
1773597488.195981199,0,37,1.23
1773597488.195981199,1,0,0.01
1773597489.215503281,0,0,1.23
1773597489.215503281,1,0,0.01
1773597490.236993135,0,0,1.23
1773597490.236993135,1,0,0.01
1773597491.259011194,0,0,1.23
1773597491.259011194,1,0,0.01
1773597492.280025354,0,0,1.23
1773597492.280025354,1,0,0.01
1773597493.300769934,0,0,1.23
1773597493.300769934,1,0,0.01
1773597494.322050945,0,0,1.23
1773597494.322050945,1,0,0.01
1773597495.343133251,0,0,1.23
1773597495.343133251,1,0,0.01
1773597496.364086238,0,0,1.23
1773597496.364086238,1,0,0.01
1773597497.385750142,0,0,1.23
1773597497.385750142,1,0,0.01
1773597498.407028054,0,0,1.23
1773597498.407028054,1,0,0.01
1773597499.428309959,0,0,1.23
1773597499.428309959,1,0,0.01
1773597500.449267035,0,0,1.23
1773597500.449267035,1,0,0.01
1773597501.469923972,0,15,1.23
1773597501.469923972,1,0,0.01
1773597502.490962845,0,34,1.23
1773597502.490962845,1,0,0.01
1773597503.512743685,0,33,1.23
1773597503.512743685,1,0,0.01
1773597504.533632861,0,34,1.23
1773597504.533632861,1,0,0.01
1773597505.554638093,0,0,1.23
1773597505.554638093,1,0,0.01
1773597506.575746601,0,0,1.23
1773597506.575746601,1,0,0.01
1773597507.597724769,0,0,1.23
1773597507.597724769,1,0,0.01
1773597508.618922901,0,0,1.23
1773597508.618922901,1,0,0.01
1773597509.639835519,0,0,1.23
1773597509.639835519,1,0,0.01
1773597510.661811204,0,0,1.23
1773597510.661811204,1,0,0.01
1773597511.683830530,0,20,1.23
1773597511.683830530,1,0,0.01
1773597512.704879620,0,31,1.23
1773597512.704879620,1,0,0.01
1773597513.724903043,0,31,1.23
1773597513.724903043,1,0,0.01
1773597514.744959648,0,35,1.23
1773597514.744959648,1,0,0.01
1773597515.766844148,0,0,1.23
1773597515.766844148,1,0,0.01
1773597516.787953739,0,0,1.23
1773597516.787953739,1,0,0.01
1773597517.808806719,0,32,1.23
1773597517.808806719,1,0,0.01
1773597518.829767924,0,35,1.23
1773597518.829767924,1,0,0.01
1773597519.850868803,0,35,1.23
1773597519.850868803,1,0,0.01
1773597520.871876987,0,35,1.23
1773597520.871876987,1,0,0.01
1773597521.892249907,0,0,1.23
1773597521.892249907,1,0,0.01
1773597522.914209505,0,0,1.23
1773597522.914209505,1,0,0.01
1773597523.935222301,0,0,1.23
1773597523.935222301,1,0,0.01
1773597524.956989066,0,0,1.23
1773597524.956989066,1,0,0.01
1773597525.978464643,0,0,1.23
1773597525.978464643,1,0,0.01
1773597526.999297892,0,0,1.23
1773597526.999297892,1,0,0.01
1773597528.020975086,0,0,1.23
1773597528.020975086,1,0,0.01
1773597529.041898221,0,0,1.23
1773597529.041898221,1,0,0.01
1773597530.062905295,0,0,1.23
1773597530.062905295,1,0,0.01
1773597531.083835403,0,0,1.23
1773597531.083835403,1,0,0.01
1773597532.104917611,0,37,1.23
1773597532.104917611,1,0,0.01
1773597533.125183076,0,37,1.23
1773597533.125183076,1,0,0.01
1773597534.144969005,0,37,1.23
1773597534.144969005,1,0,0.01
1773597535.166499846,0,37,1.23
1773597535.166499846,1,0,0.01
1773597536.187324033,0,0,1.23
1773597536.187324033,1,0,0.01
1773597537.208007132,0,0,1.23
1773597537.208007132,1,0,0.01
1773597538.229493940,0,18,1.23
1773597538.229493940,1,0,0.01
1773597539.250266527,0,36,1.23
1773597539.250266527,1,0,0.01
1773597540.270933137,0,32,1.23
1773597540.270933137,1,0,0.01
1773597541.291801895,0,31,1.23
1773597541.291801895,1,0,0.01
1773597542.312716701,0,0,1.23
1773597542.312716701,1,0,0.01
1773597543.333265977,0,0,1.23
1773597543.333265977,1,0,0.01
1773597544.354429988,0,0,1.23
1773597544.354429988,1,0,0.01
1773597545.375528885,0,0,1.23
1773597545.375528885,1,0,0.01
1773597546.396465337,0,0,1.23
1773597546.396465337,1,0,0.01
1773597547.418497037,0,0,1.23
1773597547.418497037,1,0,0.01
1773597548.440188250,0,0,1.23
1773597548.440188250,1,0,0.01
1773597549.461228674,0,0,1.23
1773597549.461228674,1,0,0.01
1773597550.482477440,0,0,1.23
1773597550.482477440,1,0,0.01
1773597551.503145109,0,34,1.23
1773597551.503145109,1,0,0.01
1773597552.523922390,0,34,1.23
1773597552.523922390,1,0,0.01
1773597553.545124083,0,34,1.23
1773597553.545124083,1,0,0.01
1773597554.567123871,0,0,1.23
1773597554.567123871,1,0,0.01
1773597555.588748758,0,0,1.23
1773597555.588748758,1,0,0.01
1773597556.609893567,0,0,1.23
1773597556.609893567,1,0,0.01
1773597557.630939850,0,0,1.23
1773597557.630939850,1,0,0.01
1773597558.652395764,0,0,1.23
1773597558.652395764,1,0,0.01
1773597559.673121369,0,0,1.23
1773597559.673121369,1,0,0.01
1773597560.692568085,0,19,1.23
1773597560.692568085,1,0,0.01
1773597561.713890780,0,32,1.23
1773597561.713890780,1,0,0.01
1773597562.735856509,0,31,1.23
1773597562.735856509,1,0,0.01
1773597563.756378876,0,32,1.23
1773597563.756378876,1,0,0.01
1773597564.776050735,0,0,1.23
1773597564.776050735,1,0,0.01
1773597565.797234719,0,0,1.23
1773597565.797234719,1,0,0.01
1773597566.818092530,0,0,1.23
1773597566.818092530,1,0,0.01
1773597567.839823388,0,0,1.23
1773597567.839823388,1,0,0.01
1773597568.860892607,0,0,1.23
1773597568.860892607,1,0,0.01
1773597569.882148507,0,0,1.23
1773597569.882148507,1,0,0.01
1773597570.903169631,0,0,1.23
1773597570.903169631,1,0,0.01
1773597571.924018563,0,0,1.23
1773597571.924018563,1,0,0.01
1773597572.944998927,0,0,1.23
1773597572.944998927,1,0,0.01
1773597573.965824220,0,0,1.23
1773597573.965824220,1,0,0.01
1773597574.986991258,0,0,1.23
1773597574.986991258,1,0,0.01
1773597576.008544489,0,34,1.23
1773597576.008544489,1,0,0.01
1773597577.029800459,0,37,1.23
1773597577.029800459,1,0,0.01
1773597578.050300996,0,37,1.23
1773597578.050300996,1,0,0.01
1773597579.069704130,0,37,1.23
1773597579.069704130,1,0,0.01
1773597580.090229436,0,0,1.23
1773597580.090229436,1,0,0.01
1773597581.111328190,0,0,1.23
1773597581.111328190,1,0,0.01
1773597582.132595204,0,0,1.23
1773597582.132595204,1,0,0.01
1773597583.154389809,0,0,1.23
1773597583.154389809,1,0,0.01
1773597584.175185280,0,0,1.23
1773597584.175185280,1,0,0.01
1773597585.196590336,0,0,1.23
1773597585.196590336,1,0,0.01
1773597586.218124177,0,0,1.23
1773597586.218124177,1,0,0.01
1773597587.239278686,0,0,1.23
1773597587.239278686,1,0,0.01
1773597588.260362907,0,0,1.23
1773597588.260362907,1,0,0.01
1773597589.281577011,0,35,1.23
1773597589.281577011,1,0,0.01
1773597590.303105689,0,36,1.23
1773597590.303105689,1,0,0.01
1773597591.322925278,0,35,1.23
1773597591.322925278,1,0,0.01
1773597592.344252563,0,31,1.23
1773597592.344252563,1,0,0.01
1773597593.365247248,0,0,1.23
1773597593.365247248,1,0,0.01
1773597594.384681743,0,0,1.23
1773597594.384681743,1,0,0.01
1773597595.405820994,0,0,1.23
1773597595.405820994,1,0,0.01
1773597596.426310084,0,0,1.23
1773597596.426310084,1,0,0.01
1773597597.447399391,0,5,1.23
1773597597.447399391,1,0,0.01
1773597598.468890744,0,34,1.23
1773597598.468890744,1,0,0.01
1773597599.489868410,0,37,1.23
1773597599.489868410,1,0,0.01
1773597600.510815294,0,34,1.23
1773597600.510815294,1,0,0.01
1773597601.531922025,0,0,1.23
1773597601.531922025,1,0,0.01
1773597602.553516182,0,0,1.23
1773597602.553516182,1,0,0.01
1773597603.574956009,0,0,1.23
1773597603.574956009,1,0,0.01
1773597604.596686169,0,0,1.23
1773597604.596686169,1,0,0.01
1773597605.618649365,0,37,1.23
1773597605.618649365,1,0,0.01
1773597606.640763705,0,37,1.23
1773597606.640763705,1,0,0.01
1773597607.661684273,0,37,1.23
1773597607.661684273,1,0,0.01
1773597608.683873602,0,16,1.23
1773597608.683873602,1,0,0.01
1773597609.703774986,0,0,1.23
1773597609.703774986,1,0,0.01
1773597610.725385452,0,0,1.23
1773597610.725385452,1,0,0.01
1773597611.746438146,0,0,1.23
1773597611.746438146,1,0,0.01
1773597612.768497185,0,0,1.23
1773597612.768497185,1,0,0.01
1773597613.789366423,0,0,1.23
1773597613.789366423,1,0,0.01
1773597614.810526475,0,0,1.23
1773597614.810526475,1,0,0.01
1773597615.831410277,0,0,1.23
1773597615.831410277,1,0,0.01
1773597616.853615793,0,0,1.23
1773597616.853615793,1,0,0.01
1773597617.874860775,0,35,1.23
1773597617.874860775,1,0,0.01
1773597618.895925990,0,31,1.23
1773597618.895925990,1,0,0.01
1773597619.916910585,0,31,1.23
1773597619.916910585,1,0,0.01
1773597620.937689213,0,31,1.23
1773597620.937689213,1,0,0.01
1773597621.957537492,0,0,1.23
1773597621.957537492,1,0,0.01
1773597622.978424443,0,0,1.23
1773597622.978424443,1,0,0.01
1773597624.000144848,0,0,1.23
1773597624.000144848,1,0,0.01
1773597625.021169733,0,0,1.23
1773597625.021169733,1,0,0.01
1773597626.042108888,0,0,1.23
1773597626.042108888,1,0,0.01
1773597627.063426950,0,0,1.23
1773597627.063426950,1,0,0.01
1773597628.083298605,0,0,1.23
1773597628.083298605,1,0,0.01
1773597629.105046326,0,0,1.23
1773597629.105046326,1,0,0.01
1773597630.125945135,0,0,1.23
1773597630.125945135,1,0,0.01
1773597631.145423933,0,0,1.23
1773597631.145423933,1,0,0.01
1773597632.165527736,0,0,1.23
1773597632.165527736,1,0,0.01
1773597633.186732164,0,33,1.23
1773597633.186732164,1,0,0.01
1773597634.209159235,0,34,1.23
1773597634.209159235,1,0,0.01
1773597635.228900081,0,37,1.23
1773597635.228900081,1,0,0.01
1773597636.250584793,0,0,1.23
1773597636.250584793,1,0,0.01
1773597637.270093089,0,0,1.23
1773597637.270093089,1,0,0.01
1773597638.290628610,0,0,1.23
1773597638.290628610,1,0,0.01
1773597639.313164102,0,0,1.23
1773597639.313164102,1,0,0.01
1773597640.333973011,0,36,1.23
1773597640.333973011,1,0,0.01
1773597641.356162878,0,35,1.23
1773597641.356162878,1,0,0.01
1773597642.375988065,0,35,1.23
1773597642.375988065,1,0,0.01
1773597643.397156954,0,0,1.23
1773597643.397156954,1,0,0.01
1773597644.419195878,0,0,1.23
1773597644.419195878,1,0,0.01
1773597645.441535698,0,0,1.23
1773597645.441535698,1,0,0.01
1773597646.462765073,0,0,1.23
1773597646.462765073,1,0,0.01
1773597647.483413263,0,0,1.23
1773597647.483413263,1,0,0.01
1773597648.505112849,0,0,1.23
1773597648.505112849,1,0,0.01
1773597649.526590633,0,0,1.23
1773597649.526590633,1,0,0.01
1773597650.547651214,0,0,1.23
1773597650.547651214,1,0,0.01
1773597651.569537405,0,15,1.23
1773597651.569537405,1,0,0.01
1773597652.590616656,0,34,1.23
1773597652.590616656,1,0,0.01
1773597653.612719200,0,37,1.23
1773597653.612719200,1,0,0.01
1773597654.634525677,0,33,1.23
1773597654.634525677,1,0,0.01
1773597655.655643900,0,0,1.23
1773597655.655643900,1,0,0.01
1773597656.677670875,0,0,1.23
1773597656.677670875,1,0,0.01
1773597657.698868983,0,0,1.23
1773597657.698868983,1,0,0.01
1773597658.718197393,0,34,1.23
1773597658.718197393,1,0,0.01
1773597659.738930568,0,33,1.23
1773597659.738930568,1,0,0.01
1773597660.758537160,0,32,1.23
1773597660.758537160,1,0,0.01
1773597661.778133297,0,35,1.23
1773597661.778133297,1,0,0.01
1773597662.798133865,0,0,1.23
1773597662.798133865,1,0,0.01
1773597663.819427621,0,0,1.23
1773597663.819427621,1,0,0.01
1773597664.840857145,0,0,1.23
1773597664.840857145,1,0,0.01
1773597665.862679853,0,0,1.23
1773597665.862679853,1,0,0.01
1773597666.884167150,0,0,1.23
1773597666.884167150,1,0,0.01
1773597667.904933936,0,0,1.23
1773597667.904933936,1,0,0.01
1773597668.924506844,0,0,1.23
1773597668.924506844,1,0,0.01
1773597669.944415701,0,0,1.23
1773597669.944415701,1,0,0.01
1773597670.966431751,0,34,1.23
1773597670.966431751,1,0,0.01
1773597671.987534382,0,34,1.23
1773597671.987534382,1,0,0.01
1773597673.007909007,0,37,1.23
1773597673.007909007,1,0,0.01
1773597674.027444145,0,0,1.23
1773597674.027444145,1,0,0.01
1773597675.048893982,0,0,1.23
1773597675.048893982,1,0,0.01
1773597676.070166640,0,0,1.23
1773597676.070166640,1,0,0.01
1773597677.091872923,0,0,1.23
1773597677.091872923,1,0,0.01
1773597678.113007016,0,0,1.23
1773597678.113007016,1,0,0.01
1773597679.134972295,0,0,1.23
1773597679.134972295,1,0,0.01
1773597680.155790614,0,0,1.23
1773597680.155790614,1,0,0.01
1773597681.178014839,0,0,1.23
1773597681.178014839,1,0,0.01
1773597682.200451351,0,0,1.23
1773597682.200451351,1,0,0.01
1773597683.221917340,0,0,1.23
1773597683.221917340,1,0,0.01
1773597684.242978854,0,0,1.23
1773597684.242978854,1,0,0.01
1773597685.263482646,0,0,1.23
1773597685.263482646,1,0,0.01
1773597686.284944950,0,0,1.23
1773597686.284944950,1,0,0.01
1773597687.304566412,0,0,1.23
1773597687.304566412,1,0,0.01
1773597688.325315366,0,0,1.23
1773597688.325315366,1,0,0.01
1773597689.346490646,0,0,1.23
1773597689.346490646,1,0,0.01
1773597690.367253234,0,35,1.23
1773597690.367253234,1,0,0.01
1773597691.388712731,0,35,1.23
1773597691.388712731,1,0,0.01
1773597692.408525174,0,35,1.23
1773597692.408525174,1,0,0.01
1773597693.430357094,0,0,1.23
1773597693.430357094,1,0,0.01
1773597694.449941594,0,0,1.23
1773597694.449941594,1,0,0.01
1773597695.470835339,0,0,1.23
1773597695.470835339,1,0,0.01
1773597696.492010835,0,0,1.23
1773597696.492010835,1,0,0.01
1773597697.512954076,0,12,1.23
1773597697.512954076,1,0,0.01
1773597698.532278054,0,37,1.23
1773597698.532278054,1,0,0.01
1773597699.554013589,0,34,1.23
1773597699.554013589,1,0,0.01
1773597700.574471847,0,34,1.23
1773597700.574471847,1,0,0.01
1773597701.596402238,0,0,1.23
1773597701.596402238,1,0,0.01
1773597702.618637666,0,0,1.23
1773597702.618637666,1,0,0.01
1773597703.640534098,0,0,1.23
1773597703.640534098,1,0,0.01
1773597704.661684051,0,0,1.23
1773597704.661684051,1,0,0.01
1773597705.682953432,0,0,1.23
1773597705.682953432,1,0,0.01
1773597706.703965019,0,0,1.23
1773597706.703965019,1,0,0.01
1773597707.725475498,0,0,1.23
1773597707.725475498,1,0,0.01
1773597708.747404800,0,0,1.23
1773597708.747404800,1,0,0.01
1773597709.768651220,0,0,1.23
1773597709.768651220,1,0,0.01
1773597710.790588827,0,0,1.23
1773597710.790588827,1,0,0.01
1773597711.812545764,0,0,1.23
1773597711.812545764,1,0,0.01
1773597712.833677057,0,0,1.23
1773597712.833677057,1,0,0.01
1773597713.854666082,0,0,1.23
1773597713.854666082,1,0,0.01
1773597714.876601987,0,31,1.23
1773597714.876601987,1,0,0.01
1773597715.898209652,0,31,1.23
1773597715.898209652,1,0,0.01
1773597716.919225815,0,31,1.23
1773597716.919225815,1,0,0.01
1773597717.938766582,0,33,1.23
1773597717.938766582,1,0,0.01
1773597718.959617856,0,0,1.23
1773597718.959617856,1,0,0.01
1773597719.980911500,0,0,1.23
1773597719.980911500,1,0,0.01
1773597721.002507679,0,0,1.23
1773597721.002507679,1,0,0.01
1773597722.024941747,0,0,1.23
1773597722.024941747,1,0,0.01
1773597723.047140264,0,0,1.23
1773597723.047140264,1,0,0.01
1773597724.068728419,0,0,1.23
1773597724.068728419,1,0,0.01
1773597725.089827713,0,0,1.23
1773597725.089827713,1,0,0.01
1773597726.109854964,0,0,1.23
1773597726.109854964,1,0,0.01
1773597727.131401308,0,0,1.23
1773597727.131401308,1,0,0.01
1773597728.152354064,0,0,1.23
1773597728.152354064,1,0,0.01
1773597729.173701697,0,0,1.23
1773597729.173701697,1,0,0.01
1773597730.194913023,0,0,1.23
1773597730.194913023,1,0,0.01
1773597731.216225557,0,0,1.23
1773597731.216225557,1,0,0.01
1773597732.238025452,0,32,1.23
1773597732.238025452,1,0,0.01
1773597733.258796484,0,31,1.23
1773597733.258796484,1,0,0.01
1773597734.279579189,0,35,1.23
1773597734.279579189,1,0,0.01
1773597735.301069420,0,13,1.23
1773597735.301069420,1,0,0.01
1773597736.321132826,0,0,1.23
1773597736.321132826,1,0,0.01
1773597737.342542497,0,0,1.23
1773597737.342542497,1,0,0.01
1773597738.364832567,0,35,1.23
1773597738.364832567,1,0,0.01
1773597739.385880610,0,35,1.23
1773597739.385880610,1,0,0.01
1773597740.407387437,0,35,1.23
1773597740.407387437,1,0,0.01
1773597741.429339918,0,37,1.23
1773597741.429339918,1,0,0.01
1773597742.450409971,0,0,1.23
1773597742.450409971,1,0,0.01
1773597743.472861757,0,0,1.23
1773597743.472861757,1,0,0.01
1773597744.494529850,0,0,1.23
1773597744.494529850,1,0,0.01
1773597745.516734956,0,0,1.23
1773597745.516734956,1,0,0.01
1773597746.538765269,0,0,1.23
1773597746.538765269,1,0,0.01
1773597747.559944536,0,0,1.23
1773597747.559944536,1,0,0.01
1773597748.580455190,0,0,1.23
1773597748.580455190,1,0,0.01
1773597749.599989057,0,0,1.23
1773597749.599989057,1,0,0.01
1773597750.622132813,0,0,1.23
1773597750.622132813,1,0,0.01
1773597751.643191055,0,0,1.23
1773597751.643191055,1,0,0.01
1773597752.664918394,0,0,1.23
1773597752.664918394,1,0,0.01
1773597753.685934384,0,37,1.23
1773597753.685934384,1,0,0.01
1773597754.706619608,0,34,1.23
1773597754.706619608,1,0,0.01
1773597755.728272659,0,33,1.23
1773597755.728272659,1,0,0.01
1773597756.749367735,0,0,1.23
1773597756.749367735,1,0,0.01
1773597757.770663484,0,0,1.23
1773597757.770663484,1,0,0.01
1773597758.792195561,0,0,1.23
1773597758.792195561,1,0,0.01
1773597759.816567816,0,0,1.23
1773597759.816567816,1,0,0.01
1773597760.838087623,0,35,1.23
1773597760.838087623,1,0,0.01
1773597761.860346316,0,31,1.23
1773597761.860346316,1,0,0.01
1773597762.881466594,0,35,1.23
1773597762.881466594,1,0,0.01
1773597763.903332865,0,35,1.23
1773597763.903332865,1,0,0.01
1773597764.924157972,0,0,1.23
1773597764.924157972,1,0,0.01
1773597765.943586514,0,0,1.23
1773597765.943586514,1,0,0.01
1773597766.965476729,0,0,1.23
1773597766.965476729,1,0,0.01
1773597767.987148166,0,0,1.23
1773597767.987148166,1,0,0.01
1773597769.008277642,0,0,1.23
1773597769.008277642,1,0,0.01
1773597770.029551025,0,0,1.23
1773597770.029551025,1,0,0.01
1773597771.050685203,0,0,1.23
1773597771.050685203,1,0,0.01
1773597772.071528928,0,0,1.23
1773597772.071528928,1,0,0.01
1773597773.093624595,0,37,1.23
1773597773.093624595,1,0,0.01
1773597774.115028068,0,37,1.23
1773597774.115028068,1,0,0.01
1773597775.134550543,0,34,1.23
1773597775.134550543,1,0,0.01
1773597776.155821122,0,5,1.23
1773597776.155821122,1,0,0.01
1773597777.176450678,0,0,1.23
1773597777.176450678,1,0,0.01
1773597778.197830827,0,0,1.23
1773597778.197830827,1,0,0.01
1773597779.218882868,0,34,1.23
1773597779.218882868,1,0,0.01
1773597780.240188353,0,37,1.23
1773597780.240188353,1,0,0.01
1773597781.261967614,0,34,1.23
1773597781.261967614,1,0,0.01
1773597782.281542321,0,35,1.23
1773597782.281542321,1,0,0.01
1773597783.302145827,0,0,1.23
1773597783.302145827,1,0,0.01
1773597784.321752671,0,0,1.23
1773597784.321752671,1,0,0.01
1773597785.343345348,0,0,1.23
1773597785.343345348,1,0,0.01
1773597786.363520731,0,26,1.23
1773597786.363520731,1,0,0.01
1773597787.384440549,0,31,1.23
1773597787.384440549,1,0,0.01
1773597788.406108882,0,32,1.23
1773597788.406108882,1,0,0.01
1773597789.426667580,0,35,1.23
1773597789.426667580,1,0,0.01
1773597790.447455481,0,7,1.23
1773597790.447455481,1,0,0.01
1773597791.467125861,0,0,1.23
1773597791.467125861,1,0,0.01
1773597792.488377667,0,0,1.23
1773597792.488377667,1,0,0.01
1773597793.509016016,0,0,1.23
1773597793.509016016,1,0,0.01
1773597794.530175145,0,0,1.23
1773597794.530175145,1,0,0.01
1773597795.551612214,0,0,1.23
1773597795.551612214,1,0,0.01
1773597796.572656464,0,0,1.23
1773597796.572656464,1,0,0.01
1773597797.592950550,0,0,1.23
1773597797.592950550,1,0,0.01
1773597798.613483086,0,0,1.23
1773597798.613483086,1,0,0.01
1773597799.634869581,0,25,1.23
1773597799.634869581,1,0,0.01
1773597800.655800636,0,37,1.23
1773597800.655800636,1,0,0.01
1773597801.677086973,0,37,1.23
1773597801.677086973,1,0,0.01
1773597802.697347789,0,37,1.23
1773597802.697347789,1,0,0.01
1773597803.717767875,0,0,1.23
1773597803.717767875,1,0,0.01
1773597804.737927953,0,0,1.23
1773597804.737927953,1,0,0.01
1773597805.758985409,0,0,1.23
1773597805.758985409,1,0,0.01
1773597806.780541675,0,0,1.23
1773597806.780541675,1,0,0.01
1773597807.802142525,0,35,1.23
1773597807.802142525,1,0,0.01
1773597808.823860369,0,35,1.23
1773597808.823860369,1,0,0.01
1773597809.844164575,0,35,1.23
1773597809.844164575,1,0,0.01
1773597810.864924267,0,15,1.23
1773597810.864924267,1,0,0.01
1773597811.884771438,0,0,1.23
1773597811.884771438,1,0,0.01
1773597812.905858730,0,0,1.23
1773597812.905858730,1,0,0.01
1773597813.928358243,0,0,1.23
1773597813.928358243,1,0,0.01
1773597814.949908656,0,0,1.23
1773597814.949908656,1,0,0.01
1773597815.970836640,0,0,1.23
1773597815.970836640,1,0,0.01
1773597816.991215435,0,0,1.23
1773597816.991215435,1,0,0.01
1773597818.012416740,0,0,1.23
1773597818.012416740,1,0,0.01
1773597819.034329176,0,0,1.23
1773597819.034329176,1,0,0.01
1773597820.055934985,0,0,1.23
1773597820.055934985,1,0,0.01
1773597821.077260722,0,0,1.23
1773597821.077260722,1,0,0.01
1773597822.098109981,0,0,1.23
1773597822.098109981,1,0,0.01
1773597823.119815640,0,0,1.23
1773597823.119815640,1,0,0.01
1773597824.141279874,0,0,1.23
1773597824.141279874,1,0,0.01
1773597825.163339311,0,0,1.23
1773597825.163339311,1,0,0.01
1773597826.184567313,0,11,1.23
1773597826.184567313,1,0,0.01
1773597827.206924336,0,35,1.23
1773597827.206924336,1,0,0.01
1773597828.228706670,0,35,1.23
1773597828.228706670,1,0,0.01
1773597829.249930451,0,31,1.23
1773597829.249930451,1,0,0.01
1773597830.270847064,0,27,1.23
1773597830.270847064,1,0,0.01
1773597831.292213941,0,0,1.23
1773597831.292213941,1,0,0.01
1773597832.313876624,0,0,1.23
1773597832.313876624,1,0,0.01
1773597833.335694031,0,0,1.23
1773597833.335694031,1,0,0.01
1773597834.357396227,0,0,1.23
1773597834.357396227,1,0,0.01
1773597835.378787379,0,0,1.23
1773597835.378787379,1,0,0.01
1773597836.401051294,0,0,1.23
1773597836.401051294,1,0,0.01
1773597837.421829466,0,0,1.23
1773597837.421829466,1,0,0.01
1773597838.441280735,0,0,1.23
1773597838.441280735,1,0,0.01
1773597839.462398534,0,0,1.23
1773597839.462398534,1,0,0.01
1773597840.483255995,0,37,1.23
1773597840.483255995,1,0,0.01
1773597841.504826630,0,34,1.23
1773597841.504826630,1,0,0.01
1773597842.525688240,0,37,1.23
1773597842.525688240,1,0,0.01
1773597843.546836314,0,4,1.23
1773597843.546836314,1,0,0.01
1773597844.568617220,0,0,1.23
1773597844.568617220,1,0,0.01
1773597845.590058971,0,0,1.23
1773597845.590058971,1,0,0.01
1773597846.612012246,0,0,1.23
1773597846.612012246,1,0,0.01
1773597847.633433747,0,0,1.23
1773597847.633433747,1,0,0.01
1773597848.654142890,0,0,1.23
1773597848.654142890,1,0,0.01
1773597849.675909358,0,0,1.23
1773597849.675909358,1,0,0.01
1773597850.695802823,0,0,1.23
1773597850.695802823,1,0,0.01
1773597851.715847945,0,0,1.23
1773597851.715847945,1,0,0.01
1773597852.737624149,0,0,1.23
1773597852.737624149,1,0,0.01
1773597853.758950898,0,0,1.23
1773597853.758950898,1,0,0.01
1773597854.779571185,0,0,1.23
1773597854.779571185,1,0,0.01
1773597855.799582144,0,31,1.23
1773597855.799582144,1,0,0.01
1773597856.820952944,0,35,1.23
1773597856.820952944,1,0,0.01
1773597857.843161647,0,35,1.23
1773597857.843161647,1,0,0.01
1773597858.865085412,0,37,1.23
1773597858.865085412,1,0,0.01
1773597859.886919873,0,0,1.23
1773597859.886919873,1,0,0.01
1773597860.908563473,0,0,1.23
1773597860.908563473,1,0,0.01
1773597861.929141191,0,0,1.23
1773597861.929141191,1,0,0.01
1773597862.951114307,0,0,1.23
1773597862.951114307,1,0,0.01
1773597863.972450021,0,0,1.23
1773597863.972450021,1,0,0.01
1773597864.993511000,0,0,1.23
1773597864.993511000,1,0,0.01
1773597866.016194656,0,37,1.23
1773597866.016194656,1,0,0.01
1773597867.037538043,0,37,1.23
1773597867.037538043,1,0,0.01
1773597868.057958456,0,37,1.23
1773597868.057958456,1,0,0.01
1773597869.080458741,0,0,1.23
1773597869.080458741,1,0,0.01
1773597870.101064345,0,0,1.23
1773597870.101064345,1,0,0.01
1773597871.122506400,0,0,1.23
1773597871.122506400,1,0,0.01
1773597872.143974879,0,0,1.23
1773597872.143974879,1,0,0.01
1773597873.165458342,0,0,1.23
1773597873.165458342,1,0,0.01
1773597874.187099090,0,0,1.23
1773597874.187099090,1,0,0.01
1773597875.208369151,0,35,1.23
1773597875.208369151,1,0,0.01
1773597876.229889404,0,35,1.23
1773597876.229889404,1,0,0.01
1773597877.250906078,0,35,1.23
1773597877.250906078,1,0,0.01
1773597878.272522114,0,26,1.23
1773597878.272522114,1,0,0.01
1773597879.294510826,0,0,1.23
1773597879.294510826,1,0,0.01
1773597880.315669110,0,0,1.23
1773597880.315669110,1,0,0.01
1773597881.337860231,0,0,1.23
1773597881.337860231,1,0,0.01
1773597882.359017932,0,0,1.23
1773597882.359017932,1,0,0.01
1773597883.380834286,0,0,1.23
1773597883.380834286,1,0,0.01
1773597884.402555277,0,0,1.23
1773597884.402555277,1,0,0.01
1773597885.422746909,0,0,1.23
1773597885.422746909,1,0,0.01
1773597886.444243062,0,0,1.23
1773597886.444243062,1,0,0.01
1773597887.465148023,0,0,1.23
1773597887.465148023,1,0,0.01
1773597888.486379235,0,0,1.23
1773597888.486379235,1,0,0.01
1773597889.507302505,0,0,1.23
1773597889.507302505,1,0,0.01
1773597890.528203690,0,37,1.23
1773597890.528203690,1,0,0.01
1773597891.549093170,0,37,1.23
1773597891.549093170,1,0,0.01
1773597892.570081923,0,37,1.23
1773597892.570081923,1,0,0.01
1773597893.589761994,0,1,1.23
1773597893.589761994,1,0,0.01
1773597894.610611761,0,0,1.23
1773597894.610611761,1,0,0.01
1773597895.633168284,0,0,1.23
1773597895.633168284,1,0,0.01
1773597896.654807746,0,0,1.23
1773597896.654807746,1,0,0.01
1773597897.675941455,0,0,1.23
1773597897.675941455,1,0,0.01
1773597898.697816195,0,0,1.23
1773597898.697816195,1,0,0.01
1773597899.719773949,0,36,1.23
1773597899.719773949,1,0,0.01
1773597900.740874504,0,35,1.23
1773597900.740874504,1,0,0.01
1773597901.762653235,0,35,1.23
1773597901.762653235,1,0,0.01
1773597902.784718459,0,35,1.23
1773597902.784718459,1,0,0.01
1773597903.804789486,0,0,1.23
1773597903.804789486,1,0,0.01
1773597904.826921379,0,0,1.23
1773597904.826921379,1,0,0.01
1773597905.848744078,0,0,1.23
1773597905.848744078,1,0,0.01
1773597906.870171837,0,0,1.23
1773597906.870171837,1,0,0.01
1773597907.891662495,0,0,1.23
1773597907.891662495,1,0,0.01
1773597908.912651685,0,0,1.23
1773597908.912651685,1,0,0.01
1773597909.933570880,0,0,1.23
1773597909.933570880,1,0,0.01
1773597910.954555748,0,0,1.23
1773597910.954555748,1,0,0.01
1773597911.976214041,0,0,1.23
1773597911.976214041,1,0,0.01
1773597912.997546937,0,0,1.23
1773597912.997546937,1,0,0.01
1773597914.018469666,0,37,1.23
1773597914.018469666,1,0,0.01
1773597915.039350293,0,37,1.23
1773597915.039350293,1,0,0.01
1773597916.060877082,0,37,1.23
1773597916.060877082,1,0,0.01
1773597917.080701515,0,0,1.23
1773597917.080701515,1,0,0.01
1773597918.100390646,0,0,1.23
1773597918.100390646,1,0,0.01
1773597919.121820785,0,0,1.23
1773597919.121820785,1,0,0.01
1773597920.142831744,0,32,1.23
1773597920.142831744,1,0,0.01
1773597921.163955460,0,34,1.23
1773597921.163955460,1,0,0.01
1773597922.185959391,0,34,1.23
1773597922.185959391,1,0,0.01
1773597923.206678104,0,34,1.23
1773597923.206678104,1,0,0.01
1773597924.227611346,0,0,1.23
1773597924.227611346,1,0,0.01
1773597925.249966020,0,0,1.23
1773597925.249966020,1,0,0.01
1773597926.269959752,0,0,1.23
1773597926.269959752,1,0,0.01
1773597927.291628933,0,0,1.23
1773597927.291628933,1,0,0.01
1773597928.313421127,0,0,1.23
1773597928.313421127,1,0,0.01
1773597929.334921701,0,0,1.23
1773597929.334921701,1,0,0.01
1773597930.356546568,0,0,1.23
1773597930.356546568,1,0,0.01
1773597931.378920234,0,0,1.23
1773597931.378920234,1,0,0.01
1773597932.398549200,0,0,1.23
1773597932.398549200,1,0,0.01
1773597933.418522689,0,0,1.23
1773597933.418522689,1,0,0.01
1773597934.439779781,0,0,1.23
1773597934.439779781,1,0,0.01
1773597935.459692213,0,0,1.23
1773597935.459692213,1,0,0.01
1773597936.480936703,0,0,1.23
1773597936.480936703,1,0,0.01
1773597937.501193528,0,0,1.23
1773597937.501193528,1,0,0.01
1773597938.521437386,0,0,1.23
1773597938.521437386,1,0,0.01
1773597939.543223778,0,0,1.23
1773597939.543223778,1,0,0.01
1773597940.564960591,0,0,1.23
1773597940.564960591,1,0,0.01
1773597941.584346326,0,0,1.23
1773597941.584346326,1,0,0.01
1773597942.605610122,0,0,1.23
1773597942.605610122,1,0,0.01
1773597943.627498085,0,0,1.23
1773597943.627498085,1,0,0.01
1773597944.649631807,0,0,1.23
1773597944.649631807,1,0,0.01
1773597945.670873522,0,0,1.23
1773597945.670873522,1,0,0.01
1773597946.692516708,0,0,1.23
1773597946.692516708,1,0,0.01
1773597947.713638702,0,0,1.23
1773597947.713638702,1,0,0.01
1773597948.735381013,0,0,1.23
1773597948.735381013,1,0,0.01
1773597949.756671190,0,0,1.23
1773597949.756671190,1,0,0.01
1773597950.777515893,0,0,1.23
1773597950.777515893,1,0,0.01
1773597951.798604871,0,0,1.23
1773597951.798604871,1,0,0.01
1773597952.819343289,0,0,1.23
1773597952.819343289,1,0,0.01
1773597953.840421547,0,0,1.23
1773597953.840421547,1,0,0.01
1773597954.861791273,0,0,1.23
1773597954.861791273,1,0,0.01
1773597955.883688066,0,25,1.23
1773597955.883688066,1,0,0.01
1773597956.904535072,0,31,1.23
1773597956.904535072,1,0,0.01
1773597957.924099800,0,31,1.23
1773597957.924099800,1,0,0.01
1773597958.943603721,0,31,1.23
1773597958.943603721,1,0,0.01
1773597959.962758349,0,0,1.23
1773597959.962758349,1,0,0.01
1773597960.983120122,0,0,1.23
1773597960.983120122,1,0,0.01
1773597962.004725026,0,0,1.23
1773597962.004725026,1,0,0.01
1773597963.026678183,0,0,1.23
1773597963.026678183,1,0,0.01
1773597964.048766527,0,0,1.23
1773597964.048766527,1,0,0.01
1773597965.070165571,0,0,1.23
1773597965.070165571,1,0,0.01
1773597966.091421553,0,0,1.23
1773597966.091421553,1,0,0.01
1773597967.112234348,0,0,1.23
1773597967.112234348,1,0,0.01
1773597968.133983660,0,0,1.23
1773597968.133983660,1,0,0.01
1773597969.155998648,0,33,1.23
1773597969.155998648,1,0,0.01
1773597970.178387942,0,33,1.23
1773597970.178387942,1,0,0.01
1773597971.200115432,0,34,1.23
1773597971.200115432,1,0,0.01
1773597972.220922267,0,34,1.23
1773597972.220922267,1,0,0.01
1773597973.242792618,0,0,1.23
1773597973.242792618,1,0,0.01
1773597974.264644880,0,0,1.23
1773597974.264644880,1,0,0.01
1773597975.285958715,0,35,1.23
1773597975.285958715,1,0,0.01
1773597976.305300295,0,35,1.23
1773597976.305300295,1,0,0.01
1773597977.326451611,0,31,1.23
1773597977.326451611,1,0,0.01
1773597978.347282723,0,31,1.23
1773597978.347282723,1,0,0.01
1773597979.367326323,0,0,1.23
1773597979.367326323,1,0,0.01
1773597980.388418259,0,0,1.23
1773597980.388418259,1,0,0.01
1773597981.409752689,0,0,1.23
1773597981.409752689,1,0,0.01
1773597982.431521112,0,0,1.23
1773597982.431521112,1,0,0.01
1773597983.452907621,0,0,1.23
1773597983.452907621,1,0,0.01
1773597984.474965351,0,0,1.23
1773597984.474965351,1,0,0.01
1773597985.496539603,0,0,1.23
1773597985.496539603,1,0,0.01
1773597986.518648283,0,0,1.23
1773597986.518648283,1,0,0.01
1773597987.540839230,0,0,1.23
1773597987.540839230,1,0,0.01
1773597988.562115853,0,0,1.23
1773597988.562115853,1,0,0.01
1773597989.583949648,0,32,1.23
1773597989.583949648,1,0,0.01
1773597990.604483373,0,37,1.23
1773597990.604483373,1,0,0.01
1773597991.624374240,0,37,1.23
1773597991.624374240,1,0,0.01
1773597992.645926445,0,37,1.23
1773597992.645926445,1,0,0.01
1773597993.666573274,0,0,1.23
1773597993.666573274,1,0,0.01
1773597994.688012498,0,0,1.23
1773597994.688012498,1,0,0.01
1773597995.709023965,0,0,1.23
1773597995.709023965,1,0,0.01
1773597996.729993553,0,0,1.23
1773597996.729993553,1,0,0.01
1773597997.751055743,0,0,1.23
1773597997.751055743,1,0,0.01
1773597998.772431108,0,0,1.23
1773597998.772431108,1,0,0.01
1773597999.794556999,0,35,1.23
1773597999.794556999,1,0,0.01
1773598000.815776902,0,35,1.23
1773598000.815776902,1,0,0.01
1773598001.835795212,0,35,1.23
1773598001.835795212,1,0,0.01
1773598002.857428006,0,31,1.23
1773598002.857428006,1,0,0.01
1773598003.877337442,0,0,1.23
1773598003.877337442,1,0,0.01
1773598004.898557568,0,0,1.23
1773598004.898557568,1,0,0.01
1773598005.919796045,0,35,1.23
1773598005.919796045,1,0,0.01
1773598006.942154606,0,32,1.23
1773598006.942154606,1,0,0.01
1773598007.963893548,0,32,1.23
1773598007.963893548,1,0,0.01
1773598008.983741144,0,33,1.23
1773598008.983741144,1,0,0.01
1773598010.006125073,0,0,1.23
1773598010.006125073,1,0,0.01
1773598011.028048605,0,0,1.23
1773598011.028048605,1,0,0.01
1773598012.049413016,0,0,1.23
1773598012.049413016,1,0,0.01
1773598013.071092168,0,0,1.23
1773598013.071092168,1,0,0.01
1773598014.091528702,0,0,1.23
1773598014.091528702,1,0,0.01
1773598015.112817632,0,0,1.23
1773598015.112817632,1,0,0.01
1773598016.133185412,0,0,1.23
1773598016.133185412,1,0,0.01
1773598017.154299863,0,0,1.23
1773598017.154299863,1,0,0.01
1773598018.175471661,0,0,1.23
1773598018.175471661,1,0,0.01
1773598019.196711692,0,0,1.23
1773598019.196711692,1,0,0.01
1773598020.218070817,0,0,1.23
1773598020.218070817,1,0,0.01
1773598021.239296469,0,34,1.23
1773598021.239296469,1,0,0.01
1773598022.258762303,0,32,1.23
1773598022.258762303,1,0,0.01
1773598023.279146940,0,31,1.23
1773598023.279146940,1,0,0.01
1773598024.299956927,0,0,1.23
1773598024.299956927,1,0,0.01
1773598025.319956019,0,0,1.23
1773598025.319956019,1,0,0.01
1773598026.341781449,0,0,1.23
1773598026.341781449,1,0,0.01
1773598027.363464971,0,0,1.23
1773598027.363464971,1,0,0.01
1773598028.385656362,0,0,1.23
1773598028.385656362,1,0,0.01
1773598029.406863074,0,0,1.23
1773598029.406863074,1,0,0.01
1773598030.429133982,0,0,1.23
1773598030.429133982,1,0,0.01
1773598031.450207624,0,32,1.23
1773598031.450207624,1,0,0.01
1773598032.471057156,0,37,1.23
1773598032.471057156,1,0,0.01
1773598033.492470341,0,34,1.23
1773598033.492470341,1,0,0.01
1773598034.513722025,0,0,1.23
1773598034.513722025,1,0,0.01
1773598035.535538334,0,0,1.23
1773598035.535538334,1,0,0.01
1773598036.555616539,0,0,1.23
1773598036.555616539,1,0,0.01
1773598037.577413133,0,0,1.23
1773598037.577413133,1,0,0.01
1773598038.598496370,0,0,1.23
1773598038.598496370,1,0,0.01
1773598039.620073140,0,0,1.23
1773598039.620073140,1,0,0.01
1773598040.640014935,0,0,1.23
1773598040.640014935,1,0,0.01
1773598041.662094594,0,0,1.23
1773598041.662094594,1,0,0.01
1773598042.683652767,0,0,1.23
1773598042.683652767,1,0,0.01
1773598043.704764214,0,0,1.23
1773598043.704764214,1,0,0.01
1773598044.726363712,0,37,1.23
1773598044.726363712,1,0,0.01
1773598045.747392386,0,37,1.23
1773598045.747392386,1,0,0.01
1773598046.767486112,0,36,1.23
1773598046.767486112,1,0,0.01
1773598047.787413620,0,19,1.23
1773598047.787413620,1,0,0.01
1773598048.809799336,0,0,1.23
1773598048.809799336,1,0,0.01
1773598049.831450680,0,0,1.23
1773598049.831450680,1,0,0.01
1773598050.853281216,0,0,1.23
1773598050.853281216,1,0,0.01
1773598051.874077891,0,0,1.23
1773598051.874077891,1,0,0.01
1773598052.893919419,0,35,1.23
1773598052.893919419,1,0,0.01
1773598053.914598034,0,35,1.23
1773598053.914598034,1,0,0.01
1773598054.934234852,0,35,1.23
1773598054.934234852,1,0,0.01
1773598055.956289855,0,31,1.23
1773598055.956289855,1,0,0.01
1773598056.977790452,0,0,1.23
1773598056.977790452,1,0,0.01
1773598057.997657301,0,0,1.23
1773598057.997657301,1,0,0.01
1773598059.019824091,0,0,1.23
1773598059.019824091,1,0,0.01
1773598060.041792192,0,0,1.23
1773598060.041792192,1,0,0.01
1773598061.063402912,0,0,1.23
1773598061.063402912,1,0,0.01
1773598062.084497937,0,0,1.23
1773598062.084497937,1,0,0.01
1773598063.105527844,0,0,1.23
1773598063.105527844,1,0,0.01
1773598064.126603093,0,0,1.23
1773598064.126603093,1,0,0.01
1773598065.147863738,0,0,1.23
1773598065.147863738,1,0,0.01
1773598066.169005991,0,0,1.23
1773598066.169005991,1,0,0.01
1773598067.190812923,0,34,1.23
1773598067.190812923,1,0,0.01
1773598068.212089793,0,34,1.23
1773598068.212089793,1,0,0.01
1773598069.233476175,0,34,1.23
1773598069.233476175,1,0,0.01
1773598070.253159751,0,34,1.23
1773598070.253159751,1,0,0.01
1773598071.273395187,0,0,1.23
1773598071.273395187,1,0,0.01
1773598072.294821456,0,0,1.23
1773598072.294821456,1,0,0.01
1773598073.316055523,0,0,1.23
1773598073.316055523,1,0,0.01
1773598074.335882800,0,0,1.23
1773598074.335882800,1,0,0.01
1773598075.356886007,0,0,1.23
1773598075.356886007,1,0,0.01
1773598076.377385425,0,0,1.23
1773598076.377385425,1,0,0.01
1773598077.397122790,0,31,1.23
1773598077.397122790,1,0,0.01
1773598078.418384738,0,35,1.23
1773598078.418384738,1,0,0.01
1773598079.439592590,0,35,1.23
1773598079.439592590,1,0,0.01
1773598080.459434273,0,37,1.23
1773598080.459434273,1,0,0.01
1773598081.479401375,0,0,1.23
1773598081.479401375,1,0,0.01
1773598082.501376188,0,0,1.23
1773598082.501376188,1,0,0.01
1773598083.523491478,0,0,1.23
1773598083.523491478,1,0,0.01
1773598084.544624202,0,0,1.23
1773598084.544624202,1,0,0.01
1773598085.566690290,0,0,1.23
1773598085.566690290,1,0,0.01
1773598086.587448672,0,0,1.23
1773598086.587448672,1,0,0.01
1773598087.607848052,0,37,1.23
1773598087.607848052,1,0,0.01
1773598088.629014947,0,37,1.23
1773598088.629014947,1,0,0.01
1773598089.648733572,0,34,1.23
1773598089.648733572,1,0,0.01
1773598090.669955716,0,7,1.23
1773598090.669955716,1,0,0.01
1773598091.692428629,0,0,1.23
1773598091.692428629,1,0,0.01
1773598092.712960348,0,0,1.23
1773598092.712960348,1,0,0.01
1773598093.733889930,0,33,1.23
1773598093.733889930,1,0,0.01
1773598094.755367772,0,33,1.23
1773598094.755367772,1,0,0.01
1773598095.776019411,0,32,1.23
1773598095.776019411,1,0,0.01
1773598096.797522720,0,25,1.23
1773598096.797522720,1,0,0.01
1773598097.818621557,0,0,1.23
1773598097.818621557,1,0,0.01
1773598098.840601647,0,0,1.23
1773598098.840601647,1,0,0.01
1773598099.862194745,0,25,1.23
1773598099.862194745,1,0,0.01
1773598100.883813038,0,31,1.23
1773598100.883813038,1,0,0.01
1773598101.903751298,0,35,1.23
1773598101.903751298,1,0,0.01
1773598102.924985970,0,35,1.23
1773598102.924985970,1,0,0.01
1773598103.945155200,0,0,1.23
1773598103.945155200,1,0,0.01
1773598104.967132770,0,0,1.23
1773598104.967132770,1,0,0.01
1773598105.988564942,0,0,1.23
1773598105.988564942,1,0,0.01
1773598107.008381773,0,0,1.23
1773598107.008381773,1,0,0.01
1773598108.028763566,0,0,1.23
1773598108.028763566,1,0,0.01
1773598109.050120755,0,0,1.23
1773598109.050120755,1,0,0.01
1773598110.071623680,0,24,1.23
1773598110.071623680,1,0,0.01
1773598111.092587296,0,33,1.23
1773598111.092587296,1,0,0.01
1773598112.112185290,0,33,1.23
1773598112.112185290,1,0,0.01
1773598113.134508785,0,33,1.23
1773598113.134508785,1,0,0.01
1773598114.155610574,0,0,1.23
1773598114.155610574,1,0,0.01
1773598115.177122421,0,0,1.23
1773598115.177122421,1,0,0.01
1773598116.198033098,0,0,1.23
1773598116.198033098,1,0,0.01
1773598117.219925887,0,0,1.23
1773598117.219925887,1,0,0.01
1773598118.241596252,0,0,1.23
1773598118.241596252,1,0,0.01
1773598119.263258105,0,35,1.23
1773598119.263258105,1,0,0.01
1773598120.284696390,0,36,1.23
1773598120.284696390,1,0,0.01
1773598121.304367671,0,35,1.23
1773598121.304367671,1,0,0.01
1773598122.323974550,0,8,1.23
1773598122.323974550,1,0,0.01
1773598123.345118058,0,0,1.23
1773598123.345118058,1,0,0.01
1773598124.366827191,0,0,1.23
1773598124.366827191,1,0,0.01
1773598125.387928069,0,0,1.23
1773598125.387928069,1,0,0.01
1773598126.409219602,0,0,1.23
1773598126.409219602,1,0,0.01
1773598127.430597073,0,0,1.23
1773598127.430597073,1,0,0.01
1773598128.451701302,0,0,1.23
1773598128.451701302,1,0,0.01
1773598129.473277273,0,0,1.23
1773598129.473277273,1,0,0.01
1773598130.494490447,0,0,1.23
1773598130.494490447,1,0,0.01
1773598131.514911047,0,0,1.23
1773598131.514911047,1,0,0.01
1773598132.536859059,0,0,1.23
1773598132.536859059,1,0,0.01
1773598133.557199197,0,0,1.23
1773598133.557199197,1,0,0.01
1773598134.579241779,0,0,1.23
1773598134.579241779,1,0,0.01
1773598135.600664060,0,19,1.23
1773598135.600664060,1,0,0.01
1773598136.622018261,0,37,1.23
1773598136.622018261,1,0,0.01
1773598137.643209106,0,37,1.23
1773598137.643209106,1,0,0.01
1773598138.664154720,0,37,1.23
1773598138.664154720,1,0,0.01
1773598139.684563682,0,0,1.23
1773598139.684563682,1,0,0.01
1773598140.704791015,0,0,1.23
1773598140.704791015,1,0,0.01
1773598141.726854258,0,35,1.23
1773598141.726854258,1,0,0.01
1773598142.747864536,0,35,1.23
1773598142.747864536,1,0,0.01
1773598143.767726029,0,35,1.23
1773598143.767726029,1,0,0.01
1773598144.787615603,0,32,1.23
1773598144.787615603,1,0,0.01
1773598145.808810894,0,0,1.23
1773598145.808810894,1,0,0.01
1773598146.829587881,0,0,1.23
1773598146.829587881,1,0,0.01
1773598147.850718088,0,0,1.23
1773598147.850718088,1,0,0.01
1773598148.870568238,0,0,1.23
1773598148.870568238,1,0,0.01
1773598149.890442329,0,0,1.23
1773598149.890442329,1,0,0.01
1773598150.912596204,0,0,1.23
1773598150.912596204,1,0,0.01
1773598151.934506699,0,0,1.23
1773598151.934506699,1,0,0.01
1773598152.955929838,0,0,1.23
1773598152.955929838,1,0,0.01
1773598153.977910333,0,0,1.23
1773598153.977910333,1,0,0.01
1773598154.997935510,0,37,1.23
1773598154.997935510,1,0,0.01
1773598156.019883645,0,37,1.23
1773598156.019883645,1,0,0.01
1773598157.040995494,0,34,1.23
1773598157.040995494,1,0,0.01
1773598158.062908102,0,0,1.23
1773598158.062908102,1,0,0.01
1773598159.084939990,0,0,1.23
1773598159.084939990,1,0,0.01
1773598160.106417158,0,0,1.23
1773598160.106417158,1,0,0.01
1773598161.128049005,0,0,1.23
1773598161.128049005,1,0,0.01
1773598162.149127063,0,0,1.23
1773598162.149127063,1,0,0.01
1773598163.170731310,0,0,1.23
1773598163.170731310,1,0,0.01
1773598164.191892235,0,0,1.23
1773598164.191892235,1,0,0.01
1773598165.213187199,0,0,1.23
1773598165.213187199,1,0,0.01
1773598166.234917773,0,31,1.23
1773598166.234917773,1,0,0.01
1773598167.255943201,0,32,1.23
1773598167.255943201,1,0,0.01
1773598168.275889554,0,31,1.23
1773598168.275889554,1,0,0.01
1773598169.297999388,0,31,1.23
1773598169.297999388,1,0,0.01
1773598170.320007871,0,0,1.23
1773598170.320007871,1,0,0.01
1773598171.342119552,0,0,1.23
1773598171.342119552,1,0,0.01
1773598172.363430724,0,0,1.23
1773598172.363430724,1,0,0.01
1773598173.384944135,0,0,1.23
1773598173.384944135,1,0,0.01
1773598174.406900358,0,0,1.23
1773598174.406900358,1,0,0.01
1773598175.428946580,0,0,1.23
1773598175.428946580,1,0,0.01
1773598176.450432363,0,0,1.23
1773598176.450432363,1,0,0.01
1773598177.472531974,0,0,1.23
1773598177.472531974,1,0,0.01
1773598178.494317053,0,0,1.23
1773598178.494317053,1,0,0.01
1773598179.516014948,0,0,1.23
1773598179.516014948,1,0,0.01
1773598180.537241361,0,0,1.23
1773598180.537241361,1,0,0.01
1773598181.558739896,0,0,1.23
1773598181.558739896,1,0,0.01
1773598182.579831187,0,0,1.23
1773598182.579831187,1,0,0.01
1773598183.600680833,0,0,1.23
1773598183.600680833,1,0,0.01
1773598184.621884910,0,31,1.23
1773598184.621884910,1,0,0.01
1773598185.642482561,0,35,1.23
1773598185.642482561,1,0,0.01
1773598186.663366071,0,35,1.23
1773598186.663366071,1,0,0.01
1773598187.683183494,0,35,1.23
1773598187.683183494,1,0,0.01
1773598188.702926391,0,0,1.23
1773598188.702926391,1,0,0.01
1773598189.724126444,0,0,1.23
1773598189.724126444,1,0,0.01
1773598190.745116688,0,35,1.23
1773598190.745116688,1,0,0.01
1773598191.766434031,0,37,1.23
1773598191.766434031,1,0,0.01
1773598192.786398523,0,37,1.23
1773598192.786398523,1,0,0.01
1773598193.807170923,0,30,1.23
1773598193.807170923,1,0,0.01
1773598194.826996335,0,0,1.23
1773598194.826996335,1,0,0.01
1773598195.848955913,0,0,1.23
1773598195.848955913,1,0,0.01
1773598196.869170993,0,0,1.23
1773598196.869170993,1,0,0.01
1773598197.890215114,0,0,1.23
1773598197.890215114,1,0,0.01
1773598198.911795417,0,0,1.23
1773598198.911795417,1,0,0.01
1773598199.933110068,0,0,1.23
1773598199.933110068,1,0,0.01
1773598200.954115072,0,0,1.23
1773598200.954115072,1,0,0.01
1773598201.974981528,0,37,1.23
1773598201.974981528,1,0,0.01
1773598202.995478354,0,34,1.23
1773598202.995478354,1,0,0.01
1773598204.016843779,0,34,1.23
1773598204.016843779,1,0,0.01
1773598205.037846500,0,0,1.23
1773598205.037846500,1,0,0.01
1773598206.059273556,0,0,1.23
1773598206.059273556,1,0,0.01
1773598207.080256852,0,0,1.23
1773598207.080256852,1,0,0.01
1773598208.102430095,0,0,1.23
1773598208.102430095,1,0,0.01
1773598209.123827142,0,0,1.23
1773598209.123827142,1,0,0.01
1773598210.145148280,0,0,1.23
1773598210.145148280,1,0,0.01
1773598211.166235282,0,31,1.23
1773598211.166235282,1,0,0.01
1773598212.185760856,0,31,1.23
1773598212.185760856,1,0,0.01
1773598213.206195497,0,31,1.23
1773598213.206195497,1,0,0.01
1773598214.225724399,0,32,1.23
1773598214.225724399,1,0,0.01
1773598215.245232604,0,0,1.23
1773598215.245232604,1,0,0.01
1773598216.266886095,0,0,1.23
1773598216.266886095,1,0,0.01
1773598217.287904555,0,0,1.23
1773598217.287904555,1,0,0.01
1773598218.309398196,0,0,1.23
1773598218.309398196,1,0,0.01
1773598219.330381477,0,0,1.23
1773598219.330381477,1,0,0.01
1773598220.352145405,0,0,1.23
1773598220.352145405,1,0,0.01
1773598221.373455261,0,0,1.23
1773598221.373455261,1,0,0.01
1773598222.394796225,0,0,1.23
1773598222.394796225,1,0,0.01
1773598223.415811386,0,0,1.23
1773598223.415811386,1,0,0.01
1773598224.436471901,0,0,1.23
1773598224.436471901,1,0,0.01
1773598225.457873129,0,0,1.23
1773598225.457873129,1,0,0.01
1773598226.480623172,0,0,1.23
1773598226.480623172,1,0,0.01
1773598227.502709561,0,0,1.23
1773598227.502709561,1,0,0.01
1773598228.524482910,0,0,1.23
1773598228.524482910,1,0,0.01
1773598229.545861871,0,0,1.23
1773598229.545861871,1,0,0.01
1773598230.566904734,0,37,1.23
1773598230.566904734,1,0,0.01
1773598231.586796889,0,37,1.23
1773598231.586796889,1,0,0.01
1773598232.608408498,0,35,1.23
1773598232.608408498,1,0,0.01
1773598233.630000863,0,0,1.23
1773598233.630000863,1,0,0.01
1773598234.651468636,0,0,1.23
1773598234.651468636,1,0,0.01
1773598235.672567260,0,0,1.23
1773598235.672567260,1,0,0.01
1773598236.694897651,0,0,1.23
1773598236.694897651,1,0,0.01
1773598237.716215174,0,0,1.23
1773598237.716215174,1,0,0.01
1773598238.737451315,0,0,1.23
1773598238.737451315,1,0,0.01
1773598239.758224996,0,0,1.23
1773598239.758224996,1,0,0.01
1773598240.779373863,0,0,1.23
1773598240.779373863,1,0,0.01
1773598241.801776412,0,37,1.23
1773598241.801776412,1,0,0.01
1773598242.823882735,0,37,1.23
1773598242.823882735,1,0,0.01
1773598243.844881909,0,37,1.23
1773598243.844881909,1,0,0.01
1773598244.866849769,0,0,1.23
1773598244.866849769,1,0,0.01
1773598245.888692297,0,0,1.23
1773598245.888692297,1,0,0.01
1773598246.908135519,0,0,1.23
1773598246.908135519,1,0,0.01
1773598247.927790985,0,0,1.23
1773598247.927790985,1,0,0.01
1773598248.948997066,0,0,1.23
1773598248.948997066,1,0,0.01
1773598249.969519700,0,0,1.23
1773598249.969519700,1,0,0.01
1773598250.988947445,0,0,1.23
1773598250.988947445,1,0,0.01
1773598252.009804568,0,0,1.23
1773598252.009804568,1,0,0.01
1773598253.031369256,0,0,1.23
1773598253.031369256,1,0,0.01
1773598254.051177463,0,0,1.23
1773598254.051177463,1,0,0.01
1773598255.072495406,0,0,1.23
1773598255.072495406,1,0,0.01
1773598256.092298112,0,0,1.23
1773598256.092298112,1,0,0.01
1773598257.112809871,0,6,1.23
1773598257.112809871,1,0,0.01
1773598258.134465855,0,35,1.23
1773598258.134465855,1,0,0.01
1773598259.154333946,0,35,1.23
1773598259.154333946,1,0,0.01
1773598260.174528442,0,35,1.23
1773598260.174528442,1,0,0.01
1773598261.195967945,0,8,1.23
1773598261.195967945,1,0,0.01
1773598262.216670788,0,0,1.23
1773598262.216670788,1,0,0.01
1773598263.237639825,0,0,1.23
1773598263.237639825,1,0,0.01
1773598264.259108635,0,0,1.23
1773598264.259108635,1,0,0.01
1773598265.280615600,0,0,1.23
1773598265.280615600,1,0,0.01
1773598266.301650037,0,0,1.23
1773598266.301650037,1,0,0.01
1773598267.322860613,0,0,1.23
1773598267.322860613,1,0,0.01
1773598268.343989198,0,0,1.23
1773598268.343989198,1,0,0.01
1773598269.365916422,0,34,1.23
1773598269.365916422,1,0,0.01
1773598270.387374709,0,34,1.23
1773598270.387374709,1,0,0.01
1773598271.409658763,0,34,1.23
1773598271.409658763,1,0,0.01
1773598272.431735563,0,34,1.23
1773598272.431735563,1,0,0.01
1773598273.452787437,0,0,1.23
1773598273.452787437,1,0,0.01
1773598274.474236142,0,0,1.23
1773598274.474236142,1,0,0.01
1773598275.495332884,0,0,1.23
1773598275.495332884,1,0,0.01
1773598276.516579014,0,0,1.23
1773598276.516579014,1,0,0.01
1773598277.537617401,0,0,1.23
1773598277.537617401,1,0,0.01
1773598278.558467046,0,0,1.23
1773598278.558467046,1,0,0.01
1773598279.580298734,0,0,1.23
1773598279.580298734,1,0,0.01
1773598280.600642574,0,37,1.23
1773598280.600642574,1,0,0.01
1773598281.620290222,0,32,1.23
1773598281.620290222,1,0,0.01
1773598282.641290253,0,32,1.23
1773598282.641290253,1,0,0.01
1773598283.666255498,0,20,1.23
1773598283.666255498,1,0,0.01
1773598284.687246066,0,0,1.23
1773598284.687246066,1,0,0.01
1773598285.708419970,0,0,1.23
1773598285.708419970,1,0,0.01
1773598286.729753669,0,0,1.23
1773598286.729753669,1,0,0.01
1773598287.750958022,0,0,1.23
1773598287.750958022,1,0,0.01
1773598288.771945661,0,0,1.23
1773598288.771945661,1,0,0.01
1773598289.791349867,0,31,1.23
1773598289.791349867,1,0,0.01
1773598290.812647285,0,31,1.23
1773598290.812647285,1,0,0.01
1773598291.833113921,0,33,1.23
1773598291.833113921,1,0,0.01
1773598292.854205667,0,34,1.23
1773598292.854205667,1,0,0.01
1773598293.874505850,0,0,1.23
1773598293.874505850,1,0,0.01
1773598294.895752720,0,0,1.23
1773598294.895752720,1,0,0.01
1773598295.916284903,0,0,1.23
1773598295.916284903,1,0,0.01
1773598296.937945014,0,0,1.23
1773598296.937945014,1,0,0.01
1773598297.959728027,0,0,1.23
1773598297.959728027,1,0,0.01
1773598298.981202199,0,0,1.23
1773598298.981202199,1,0,0.01
1773598300.000460753,0,0,1.23
1773598300.000460753,1,0,0.01
1773598301.020817301,0,0,1.23
1773598301.020817301,1,0,0.01
1773598302.042295674,0,0,1.23
1773598302.042295674,1,0,0.01
1773598303.064018067,0,0,1.23
1773598303.064018067,1,0,0.01
1773598304.085306645,0,29,1.23
1773598304.085306645,1,0,0.01
1773598305.106901689,0,31,1.23
1773598305.106901689,1,0,0.01
1773598306.127302808,0,31,1.23
1773598306.127302808,1,0,0.01
1773598307.147196139,0,31,1.23
1773598307.147196139,1,0,0.01
1773598308.166805399,0,31,1.23
1773598308.166805399,1,0,0.01
1773598309.186629224,0,0,1.23
1773598309.186629224,1,0,0.01
1773598310.206172455,0,0,1.23
1773598310.206172455,1,0,0.01
1773598311.226894938,0,31,1.23
1773598311.226894938,1,0,0.01
1773598312.248132235,0,31,1.23
1773598312.248132235,1,0,0.01
1773598313.269267305,0,32,1.23
1773598313.269267305,1,0,0.01
1773598314.291117893,0,37,1.23
1773598314.291117893,1,0,0.01
1773598315.311891731,0,0,1.23
1773598315.311891731,1,0,0.01
1773598316.333207479,0,0,1.23
1773598316.333207479,1,0,0.01
1773598317.354709781,0,0,1.23
1773598317.354709781,1,0,0.01
1773598318.375882522,0,0,1.23
1773598318.375882522,1,0,0.01
1773598319.395663751,0,0,1.23
1773598319.395663751,1,0,0.01
1773598320.415535850,0,0,1.23
1773598320.415535850,1,0,0.01
1773598321.436840180,0,0,1.23
1773598321.436840180,1,0,0.01
1773598322.458104626,0,0,1.23
1773598322.458104626,1,0,0.01
1773598323.479445726,0,0,1.23
1773598323.479445726,1,0,0.01
1773598324.500930294,0,0,1.23
1773598324.500930294,1,0,0.01
1773598325.522908658,0,0,1.23
1773598325.522908658,1,0,0.01
1773598326.543073904,0,0,1.23
1773598326.543073904,1,0,0.01
1773598327.563707248,0,0,1.23
1773598327.563707248,1,0,0.01
1773598328.585033562,0,37,1.23
1773598328.585033562,1,0,0.01
1773598329.606654812,0,35,1.23
1773598329.606654812,1,0,0.01
1773598330.627587607,0,35,1.23
1773598330.627587607,1,0,0.01
1773598331.648798175,0,35,1.23
1773598331.648798175,1,0,0.01
1773598332.668950016,0,0,1.23
1773598332.668950016,1,0,0.01
1773598333.688900874,0,0,1.23
1773598333.688900874,1,0,0.01
1773598334.710002930,0,0,1.23
1773598334.710002930,1,0,0.01
1773598335.732050534,0,0,1.23
1773598335.732050534,1,0,0.01
1773598336.754004877,0,0,1.23
1773598336.754004877,1,0,0.01
1773598337.776240424,0,35,1.23
1773598337.776240424,1,0,0.01
1773598338.797149300,0,35,1.23
1773598338.797149300,1,0,0.01
1773598339.818313868,0,37,1.23
1773598339.818313868,1,0,0.01
1773598340.839556672,0,37,1.23
1773598340.839556672,1,0,0.01
1773598341.860591060,0,0,1.23
1773598341.860591060,1,0,0.01
1773598342.881740485,0,0,1.23
1773598342.881740485,1,0,0.01
1773598343.903203555,0,0,1.23
1773598343.903203555,1,0,0.01
1773598344.924075247,0,0,1.23
1773598344.924075247,1,0,0.01
1773598345.945200837,0,0,1.23
1773598345.945200837,1,0,0.01
1773598346.966654777,0,0,1.23
1773598346.966654777,1,0,0.01
1773598347.988260599,0,0,1.23
1773598347.988260599,1,0,0.01
1773598349.007687017,0,0,1.23
1773598349.007687017,1,0,0.01
1773598350.027597283,0,34,1.23
1773598350.027597283,1,0,0.01
1773598351.048664493,0,37,1.23
1773598351.048664493,1,0,0.01
1773598352.069475992,0,32,1.23
1773598352.069475992,1,0,0.01
1773598353.089774296,0,35,1.23
1773598353.089774296,1,0,0.01
1773598354.109708277,0,0,1.23
1773598354.109708277,1,0,0.01
1773598355.131997128,0,35,1.23
1773598355.131997128,1,0,0.01
1773598356.153435943,0,35,1.23
1773598356.153435943,1,0,0.01
1773598357.174653206,0,32,1.23
1773598357.174653206,1,0,0.01
1773598358.195648020,0,32,1.23
1773598358.195648020,1,0,0.01
1773598359.216375225,0,5,1.23
1773598359.216375225,1,0,0.01
1773598360.237488757,0,0,1.23
1773598360.237488757,1,0,0.01
1773598361.258445812,0,0,1.23
1773598361.258445812,1,0,0.01
1773598362.279304720,0,0,1.23
1773598362.279304720,1,0,0.01
1773598363.301102294,0,0,1.23
1773598363.301102294,1,0,0.01
1773598364.322015991,0,37,1.23
1773598364.322015991,1,0,0.01
1773598365.342833417,0,33,1.23
1773598365.342833417,1,0,0.01
1773598366.365067737,0,33,1.23
1773598366.365067737,1,0,0.01
1773598367.385992477,0,27,1.23
1773598367.385992477,1,0,0.01
1773598368.407344496,0,0,1.23
1773598368.407344496,1,0,0.01
1773598369.427321242,0,0,1.23
1773598369.427321242,1,0,0.01
1773598370.447850341,0,0,1.23
1773598370.447850341,1,0,0.01
1773598371.468198735,0,0,1.23
1773598371.468198735,1,0,0.01
1773598372.487816512,0,0,1.23
1773598372.487816512,1,0,0.01
1773598373.508577813,0,0,1.23
1773598373.508577813,1,0,0.01
1773598374.529905362,0,34,1.23
1773598374.529905362,1,0,0.01
1773598375.550927872,0,34,1.23
1773598375.550927872,1,0,0.01
1773598376.571835440,0,37,1.23
1773598376.571835440,1,0,0.01
1773598377.592875738,0,33,1.23
1773598377.592875738,1,0,0.01
1773598378.613876004,0,0,1.23
1773598378.613876004,1,0,0.01
1773598379.635500212,0,0,1.23
1773598379.635500212,1,0,0.01
1773598380.657458752,0,0,1.23
1773598380.657458752,1,0,0.01
1773598381.678259278,0,0,1.23
1773598381.678259278,1,0,0.01
1773598382.699391699,0,0,1.23
1773598382.699391699,1,0,0.01
1773598383.720846753,0,0,1.23
1773598383.720846753,1,0,0.01
1773598384.742478692,0,0,1.23
1773598384.742478692,1,0,0.01
1773598385.763384069,0,0,1.23
1773598385.763384069,1,0,0.01
1773598386.784586298,0,0,1.23
1773598386.784586298,1,0,0.01
1773598387.805361343,0,0,1.23
1773598387.805361343,1,0,0.01
1773598388.826562215,0,0,1.23
1773598388.826562215,1,0,0.01
1773598389.847855308,0,0,1.23
1773598389.847855308,1,0,0.01
1773598390.868985354,0,34,1.23
1773598390.868985354,1,0,0.01
1773598391.889838649,0,34,1.23
1773598391.889838649,1,0,0.01
1773598392.911309128,0,34,1.23
1773598392.911309128,1,0,0.01
1773598393.930914194,0,36,1.23
1773598393.930914194,1,0,0.01
1773598394.952561767,0,0,1.23
1773598394.952561767,1,0,0.01
1773598395.973401134,0,0,1.23
1773598395.973401134,1,0,0.01
1773598396.993533549,0,0,1.23
1773598396.993533549,1,0,0.01
1773598398.015348103,0,0,1.23
1773598398.015348103,1,0,0.01
1773598399.037479072,0,0,1.23
1773598399.037479072,1,0,0.01
1773598400.058665498,0,0,1.23
1773598400.058665498,1,0,0.01
1773598401.079755340,0,0,1.23
1773598401.079755340,1,0,0.01
1773598402.101507828,0,29,1.23
1773598402.101507828,1,0,0.01
1773598403.123765548,0,32,1.23
1773598403.123765548,1,0,0.01
1773598404.144749085,0,35,1.23
1773598404.144749085,1,0,0.01
1773598405.165324237,0,32,1.23
1773598405.165324237,1,0,0.01
1773598406.186626123,0,0,1.23
1773598406.186626123,1,0,0.01
1773598407.208535956,0,35,1.23
1773598407.208535956,1,0,0.01
1773598408.229488833,0,31,1.23
1773598408.229488833,1,0,0.01
1773598409.250996711,0,35,1.23
1773598409.250996711,1,0,0.01
1773598410.271853862,0,35,1.23
1773598410.271853862,1,0,0.01
1773598411.292525158,0,0,1.23
1773598411.292525158,1,0,0.01
1773598412.314177839,0,0,1.23
1773598412.314177839,1,0,0.01
1773598413.335437740,0,0,1.23
1773598413.335437740,1,0,0.01
1773598414.356510377,0,0,1.23
1773598414.356510377,1,0,0.01
1773598415.378674973,0,0,1.23
1773598415.378674973,1,0,0.01
1773598416.398457248,0,0,1.23
1773598416.398457248,1,0,0.01
1773598417.419911056,0,33,1.23
1773598417.419911056,1,0,0.01
1773598418.441020271,0,37,1.23
1773598418.441020271,1,0,0.01
1773598419.462196947,0,34,1.23
1773598419.462196947,1,0,0.01
1773598420.482865928,0,34,1.23
1773598420.482865928,1,0,0.01
1773598421.502437676,0,0,1.23
1773598421.502437676,1,0,0.01
1773598422.523698099,0,0,1.23
1773598422.523698099,1,0,0.01
1773598423.545286633,0,0,1.23
1773598423.545286633,1,0,0.01
1773598424.566539052,0,30,1.23
1773598424.566539052,1,0,0.01
1773598425.587627518,0,33,1.23
1773598425.587627518,1,0,0.01
1773598426.609011089,0,32,1.23
1773598426.609011089,1,0,0.01
1773598427.629823179,0,32,1.23
1773598427.629823179,1,0,0.01
1773598428.650003738,0,0,1.23
1773598428.650003738,1,0,0.01
1773598429.671192531,0,0,1.23
1773598429.671192531,1,0,0.01
1773598430.692770083,0,0,1.23
1773598430.692770083,1,0,0.01
1773598431.714621969,0,0,1.23
1773598431.714621969,1,0,0.01
1773598432.736661079,0,0,1.23
1773598432.736661079,1,0,0.01
1773598433.756442536,0,0,1.23
1773598433.756442536,1,0,0.01
1773598434.777674742,0,31,1.23
1773598434.777674742,1,0,0.01
1773598435.799580082,0,34,1.23
1773598435.799580082,1,0,0.01
1773598436.820874084,0,34,1.23
1773598436.820874084,1,0,0.01
1773598437.843018449,0,34,1.23
1773598437.843018449,1,0,0.01
1773598438.862869309,0,0,1.23
1773598438.862869309,1,0,0.01
1773598439.884035593,0,0,1.23
1773598439.884035593,1,0,0.01
1773598440.905366765,0,0,1.23
1773598440.905366765,1,0,0.01
1773598441.926516313,0,0,1.23
1773598441.926516313,1,0,0.01
1773598442.948570624,0,0,1.23
1773598442.948570624,1,0,0.01
1773598443.970233195,0,34,1.23
1773598443.970233195,1,0,0.01
1773598444.991774495,0,33,1.23
1773598444.991774495,1,0,0.01
1773598446.012646945,0,34,1.23
1773598446.012646945,1,0,0.01
1773598447.034798241,0,22,1.23
1773598447.034798241,1,0,0.01
1773598448.056602388,0,37,1.23
1773598448.056602388,1,0,0.01
1773598449.077182922,0,37,1.23
1773598449.077182922,1,0,0.01
1773598450.097601378,0,35,1.23
1773598450.097601378,1,0,0.01
1773598451.117879682,0,26,1.23
1773598451.117879682,1,0,0.01
1773598452.137889617,0,0,1.23
1773598452.137889617,1,0,0.01
1773598453.158945342,0,0,1.23
1773598453.158945342,1,0,0.01
1773598454.180559385,0,0,1.23
1773598454.180559385,1,0,0.01
1773598455.201617188,0,0,1.23
1773598455.201617188,1,0,0.01
1773598456.222370033,0,0,1.23
1773598456.222370033,1,0,0.01
1773598457.243600532,0,0,1.23
1773598457.243600532,1,0,0.01
1773598458.265242227,0,0,1.23
1773598458.265242227,1,0,0.01
1773598459.285854953,0,0,1.23
1773598459.285854953,1,0,0.01
1773598460.306004609,0,0,1.23
1773598460.306004609,1,0,0.01
1773598461.328047620,0,0,1.23
1773598461.328047620,1,0,0.01
1773598462.349374504,0,0,1.23
1773598462.349374504,1,0,0.01
1773598463.370481125,0,0,1.23
1773598463.370481125,1,0,0.01
1773598464.391841327,0,0,1.23
1773598464.391841327,1,0,0.01
1773598465.413552022,0,0,1.23
1773598465.413552022,1,0,0.01
1773598466.434679812,0,0,1.23
1773598466.434679812,1,0,0.01
1773598467.455898702,0,0,1.23
1773598467.455898702,1,0,0.01
1773598468.475825435,0,0,1.23
1773598468.475825435,1,0,0.01
1773598469.496926907,0,0,1.23
1773598469.496926907,1,0,0.01
1773598470.519184814,0,0,1.23
1773598470.519184814,1,0,0.01
1773598471.540547749,0,0,1.23
1773598471.540547749,1,0,0.01
1773598472.561544130,0,0,1.23
1773598472.561544130,1,0,0.01
1773598473.582765780,0,0,1.23
1773598473.582765780,1,0,0.01
1773598474.603703392,0,0,1.23
1773598474.603703392,1,0,0.01
1773598475.624460395,0,0,1.23
1773598475.624460395,1,0,0.01
1773598476.645946278,0,0,1.23
1773598476.645946278,1,0,0.01
1773598477.667496783,0,0,1.23
1773598477.667496783,1,0,0.01
1773598478.689475998,0,0,1.23
1773598478.689475998,1,0,0.01
1773598479.711396937,0,0,1.23
1773598479.711396937,1,0,0.01
1773598480.733648135,0,0,1.23
1773598480.733648135,1,0,0.01
1773598481.754749684,0,0,1.23
1773598481.754749684,1,0,0.01
1773598482.776449200,0,0,1.23
1773598482.776449200,1,0,0.01
1773598483.797529983,0,0,1.23
1773598483.797529983,1,0,0.01
1773598484.819269760,0,0,1.23
1773598484.819269760,1,0,0.01
1773598485.840267511,0,0,1.23
1773598485.840267511,1,0,0.01
1773598486.861299608,0,0,1.23
1773598486.861299608,1,0,0.01
1773598487.882454366,0,0,1.23
1773598487.882454366,1,0,0.01
1773598488.904157758,0,0,1.23
1773598488.904157758,1,0,0.01
1773598489.925574783,0,0,1.23
1773598489.925574783,1,0,0.01
1773598490.946970910,0,0,1.23
1773598490.946970910,1,0,0.01
1773598491.967532986,0,0,1.23
1773598491.967532986,1,0,0.01
1773598492.989028747,0,0,1.23
1773598492.989028747,1,0,0.01
1773598494.010256967,0,0,1.23
1773598494.010256967,1,0,0.01
1773598495.031540944,0,0,1.23
1773598495.031540944,1,0,0.01
1773598496.053157317,0,0,1.23
1773598496.053157317,1,0,0.01
1773598497.074176949,0,0,1.23
1773598497.074176949,1,0,0.01
1773598498.095256584,0,0,1.23
1773598498.095256584,1,0,0.01
1773598499.116726852,0,0,1.23
1773598499.116726852,1,0,0.01
1773598500.137442445,0,0,1.23
1773598500.137442445,1,0,0.01
1773598501.158187399,0,0,1.23
1773598501.158187399,1,0,0.01
1773598502.179539416,0,0,1.23
1773598502.179539416,1,0,0.01
1773598503.201445570,0,0,1.23
1773598503.201445570,1,0,0.01
1773598504.222739052,0,0,1.23
1773598504.222739052,1,0,0.01
1773598505.244138179,0,0,1.23
1773598505.244138179,1,0,0.01
1773598506.266427872,0,0,1.23
1773598506.266427872,1,0,0.01
1773598507.288055772,0,0,1.23
1773598507.288055772,1,0,0.01
1773598508.309807854,0,0,1.23
1773598508.309807854,1,0,0.01
1773598509.331736932,0,0,1.23
1773598509.331736932,1,0,0.01
1773598510.353139834,0,0,1.23
1773598510.353139834,1,0,0.01
1773598511.375241848,0,0,1.23
1773598511.375241848,1,0,0.01
1773598512.396688697,0,0,1.23
1773598512.396688697,1,0,0.01
1773598513.417869956,0,0,1.23
1773598513.417869956,1,0,0.01
1773598514.439749042,0,0,1.23
1773598514.439749042,1,0,0.01
1773598515.461410615,0,0,1.23
1773598515.461410615,1,0,0.01
1773598516.483000935,0,0,1.23
1773598516.483000935,1,0,0.01
1773598517.504044041,0,0,1.23
1773598517.504044041,1,0,0.01
1773598518.525538409,0,0,1.23
1773598518.525538409,1,0,0.01
1773598519.547707852,0,0,1.23
1773598519.547707852,1,0,0.01
1773598520.568843319,0,0,1.23
1773598520.568843319,1,0,0.01
1773598521.590893975,0,0,1.23
1773598521.590893975,1,0,0.01
1773598522.611992294,0,0,1.23
1773598522.611992294,1,0,0.01
1773598523.633487160,0,0,1.23
1773598523.633487160,1,0,0.01
