9.989877341066302208e-01
1.001881788988384203e+00
1.000510455059690385e+00
9.988763123475642436e-01
1.002455932547047457e+00
9.988082689072428355e-01
1.004131816559437729e+00
8.880844314987291765e-01
1.005321513432619218e+00
9.950602574185066773e-01
9.931923222858826117e-01
9.971413562781530349e-01
9.946623168653329072e-01
9.966836026467751353e-01
1.002196916251382630e+00
9.906193625115446988e-01
9.964934697062423075e-01
9.943770592112360918e-01
1.004925671290913147e+00
1.005647057072653894e+00
1.007079325646264456e+00
1.007657545393577436e+00
1.000741918336244485e+00
9.942050123197218037e-01
9.913024550696725168e-01
1.339494071114452289e+00
1.438715459465698787e+00
1.223274853602759782e+00
1.385194596624459429e+00
1.366338990620768579e+00
1.651181701582753236e+00
1.576743623067207611e+00
1.361170567716793123e+00
1.821296946434950881e+00
1.284745972054854857e+00
1.920388569853850758e+00
1.985642692980096546e+00
1.146722007466952631e+00
1.324438044218025468e+00
9.968665550137740805e-01
1.366993879362414122e+00
1.297574342689910232e+00
1.962357964399034316e+00
1.951810096997789623e+00
1.541485951150730394e+00
1.947846008473085977e+00
1.386455746603629358e+00
1.006337398379843595e+00
1.333424546932306498e+00
1.313590198091167949e+00
1.171464008365504794e+00
1.273035922175247858e+00
1.235159755425746519e+00
1.348718144381612749e+00
1.484212188726696136e+00
1.213662749572781197e+00
2.189512310423763264e+00
1.992449062569203955e+00
1.973510709467767077e+00
1.457257627115180476e+00
1.425135816417339774e+00
2.023057545222047615e+00
1.426332204130975834e+00
1.279680830627043964e+00
1.329050129253950940e+00
1.992613580023970377e+00
1.388287501913964661e+00
1.496018005884195645e+00
1.177963494077422846e+00
1.444839694482312309e+00
1.430396489620138656e+00
2.076030962512817268e+00
1.317233718364821060e+00
1.298682052339537041e+00
1.347060191494207082e+00
1.203012037943139712e+00
1.506938901194413871e+00
1.492522990217098222e+00
1.475327004842923007e+00
1.526027334354333576e+00
1.548578784059683189e+00
1.865749163332591332e+00
1.271281025429408906e+00
1.315348164980042700e+00
1.353607916863193150e+00
2.130119825344550577e+00
1.553174806793385931e+00
2.085028598810552136e+00
2.136330255758787988e+00
1.260299811819747484e+00
2.079113692260354362e+00
1.468325788358792572e+00
1.479749506554511429e+00
2.036267308489413175e+00
1.401077601742232170e+00
2.033933593839603482e+00
1.969413043594525181e+00
9.755813164929443282e-01
1.518740385731946585e+00
1.974091162738529803e+00
1.307269495928160996e+00
7.904963406467306886e-01
1.804003780080790209e+00
1.429816646951750814e+00
1.971371073911160732e+00
2.405734323962329668e+00
1.959834765959556968e+00
1.460179063650012488e+00
1.298661216511369121e+00
2.297211685622880140e+00
1.439712297860790802e+00
1.387653750614758819e+00
1.096653787032043637e+00
1.880982588919626108e+00
1.443424468505563718e+00
2.052299996356012013e+00
2.102090713290900581e+00
1.328758512781946788e+00
2.409264909254407616e+00
1.305838180779376190e+00
1.924763505200778324e+00
1.520470696213349626e+00
1.185343241998856101e+00
1.528222143321322113e+00
1.842939724173273897e+00
1.968429180239122944e+00
2.271447604002695630e+00
1.392767465428293328e+00
1.568797550877258029e+00
2.332677753378277430e+00
2.193118195560172179e+00
1.339408677098623324e+00
1.982305227996733477e+00
1.795652063312058289e+00
2.103476332434559115e+00
3.047960271896331008e+00
2.001344181066591510e+00
1.836434798388046463e+00
1.432342515286255002e+00
1.381539682906358868e+00
1.922232543632300006e+00
1.438633113129864860e+00
1.737344923774122751e+00
2.529858585465538212e+00
2.168419362686655916e+00
1.609355122206186817e+00
1.298401466176302144e+00
2.732538055970834989e+00
1.473283496496149425e+00
2.185626323291094408e+00
1.445139842371125694e+00
2.078830597586937223e+00
1.996858777017042064e+00
1.875825057369377102e+00
2.046431102263080337e+00
2.304416401409179027e+00
1.276073989718966795e+00
1.411076034850074823e+00
2.303510176056222214e+00
1.529346606100416839e+00
1.956711072976698329e+00
1.732394955354408239e+00
2.500938471453217016e+00
1.491879645538554122e+00
1.380598686246082396e+00
1.466682567915380764e+00
1.554823983722234182e+00
1.962564462386810593e+00
1.799494095855965314e+00
1.979876725990902031e+00
1.977918797960857233e+00
2.177465264246499999e+00
1.917745498368283341e+00
1.386856349486274453e+00
1.511867219625228964e+00
2.535111628633035075e+00
1.491172701543656665e+00
1.217606850317854983e+00
2.213030589620436750e+00
1.961336105754207804e+00
2.016327117055858320e+00
2.409087656384915288e+00
1.982604736456215377e+00
1.209470610122038492e+00
1.856656131687861588e+00
2.662480514006665633e+00
1.338747990415750433e+00
1.988803801801340976e+00
1.420466759579700478e+00
2.273236927635285731e+00
1.854135912623944282e+00
1.979673455373352597e+00
2.406493038988189781e+00
1.765647676764472873e+00
1.479964839273874677e+00
2.108110849519274410e+00
2.206304056011010761e+00
2.329822746292441238e+00
1.320918749248493063e+00
1.924270835388950829e+00
2.206330201896574472e+00
1.926141638820461299e+00
2.091463068792489999e+00
2.108093716418708130e+00
1.825333374428054434e+00
1.819653734886910401e+00
1.918396005201064680e+00
1.357935871110271808e+00
1.691611315222462775e+00
1.460913893996267365e+00
1.529501096619021672e+00
1.495637824631905088e+00
1.474320840210283645e+00
1.376236002997278218e+00
1.854596319080749511e+00
2.170583506916842431e+00
2.274719587271150978e+00
1.633243800190622430e+00
1.317079373996564273e+00
1.612395771000172173e+00
1.435696150719675490e+00
1.858692505744857337e+00
1.720805511467142779e+00
2.280367181219668637e+00
2.077992741414485423e+00
1.955128184838100580e+00
1.480168947667110269e+00
1.649492802437510175e+00
1.589265550223333268e+00
1.517324818375188622e+00
2.194662880144468975e+00
1.337810987626781634e+00
2.305917376776213779e+00
1.971831647608683236e+00
2.234168425831291049e+00
1.963549955088471188e+00
2.165378043437060640e+00
1.727409367908313564e+00
2.394574610123023639e+00
1.265484495310778001e+00
2.293006505565041930e+00
2.049642184819197688e+00
2.571578504457347591e+00
2.119377703883165154e+00
1.504375726064599572e+00
1.238775758397764326e+00
2.307932856783617037e+00
1.107237622003435007e+00
2.245413737930640696e+00
1.325964918392080305e+00
2.296462163601783679e+00
2.035482771376774469e+00
2.154639873611346790e+00
2.245917083656137514e+00
2.712759568758515982e+00
1.622596592941739857e+00
2.431339497827233131e+00
2.375121430915736909e+00
1.877599014376231112e+00
1.389316897947689755e+00
2.199006520845640189e+00
2.020408756626213442e+00
2.653349165249816455e+00
2.685395511377830058e+00
2.111956948272336376e+00
1.445588623603276002e+00
1.802445409281810962e+00
2.419760479324589930e+00
1.790520788615987291e+00
2.191750012776451317e+00
2.299015561159794441e+00
2.098835863575513105e+00
2.638311636295872731e+00
1.224703245304797683e+00
1.726952353724601430e+00
2.544239436150385725e+00
1.920904431152210545e+00
1.962672765596705782e+00
2.205417025865398006e+00
2.073151204244148449e+00
2.500220088707463706e+00
1.486292604958378449e+00
1.605694795659091012e+00
1.718268590992351186e+00
2.305826866131106989e+00
1.720546557186925618e+00
1.842800966090287762e+00
1.307372521946817079e+00
2.139566519351440377e+00
1.778206556237800662e+00
2.290788291454735059e+00
1.991211085109727996e+00
1.493054189883856075e+00
2.325356569059449097e+00
2.001994128052191790e+00
1.475272330592554137e+00
1.869565658081269399e+00
2.190364201923824528e+00
2.280417824663603543e+00
1.571750248160318053e+00
2.324878922481497412e+00
1.960818090097995903e+00
2.406311407579836192e+00
1.350281872331778654e+00
1.493890064552984676e+00
1.993053404746403912e+00
2.217100408804124623e+00
1.594255140313185048e+00
1.249510249485494606e+00
1.582241847293741177e+00
2.360661114009523942e+00
1.920029554865836596e+00
1.141103743924011482e+00
1.990731307942087414e+00
2.098752955582726454e+00
1.895949133074668502e+00
2.288634273499483562e+00
1.278873154259845046e+00
1.350791478969411541e+00
1.489827039581794965e+00
1.663470699031859068e+00
1.221581900681234290e+00
1.295627074710418158e+00
2.870559544876713165e+00
2.551743056659377284e+00
1.879921066193473544e+00
1.971700215908539500e+00
2.325264690279274404e+00
2.991124312490762271e+00
1.324302310155430984e+00
2.212598963307338629e+00
1.895440664688842647e+00
1.960992217595497689e+00
2.209407889397704938e+00
1.602719248446063283e+00
2.674063533622368816e+00
1.633053130727107227e+00
1.392664495491306997e+00
1.518314015976983233e+00
1.550472925897176779e+00
2.332278912691231554e+00
1.800771329172052404e+00
2.991963124483496106e+00
2.201651587511086472e+00
1.980323208737331697e+00
2.520960343474248688e+00
1.995029569942481595e+00
2.105609130420487141e+00
2.672336760833049052e+00
2.529075499429452201e+00
1.296876944149314648e+00
1.648376084546067544e+00
2.642707271286942827e+00
1.817004610148176269e+00
3.111435148352489133e+00
2.928110539705808257e+00
1.464251645003751934e+00
1.005070790837673922e+00
1.879123979971448533e+00
1.965874559236026275e+00
1.971752834888705896e+00
2.774102736621864018e+00
2.183978007061448956e+00
1.161933882744212720e+00
1.369410280716390815e+00
2.400992261749149037e+00
1.571249704530188085e+00
1.748580447350840839e+00
2.178899718006555020e+00
1.972824332179489604e+00
2.923928218316697247e+00
1.769239399267529267e+00
2.651669114240884806e+00
1.621817721069854334e+00
2.358513605890839138e+00
2.099293621259151976e+00
1.471904953704689989e+00
2.333692565982122602e+00
1.916121557802351605e+00
1.381651095780400018e+00
1.601640183153419272e+00
1.499059399233362289e+00
1.841293737070597070e+00
2.245943305755203845e+00
1.806662962939487249e+00
1.777459462987826200e+00
2.149638317774761109e+00
1.194535921848672189e+00
1.984447887500902619e+00
2.507683472229701227e+00
1.795430475876345078e+00
1.966978539906758083e+00
2.263199087046789071e+00
2.032732596560311134e+00
1.766287523408204274e+00
2.655164466014214408e+00
1.675872859466595921e+00
1.992676522731681166e+00
2.455997545118359771e+00
1.435415556612493981e+00
3.266191273843043419e+00
2.168874792394976492e+00
1.952373250496962864e+00
2.207254225590562058e+00
1.558885341383131395e+00
1.315175603489864509e+00
1.823176113029131296e+00
1.966622769452777364e+00
1.968443182991316709e+00
3.085147829199230696e+00
1.961545340565449047e+00
1.647710750607157548e+00
2.470957353827658132e+00
1.978529017907916021e+00
2.903201764059650358e+00
2.302210411845918792e+00
1.623370698502762499e+00
2.641747832129714535e+00
2.573782177191568987e+00
1.871715136315663441e+00
2.615285433750107913e+00
1.706830896709105705e+00
1.686928713334476138e+00
2.119113656821121516e+00
1.572857945374888766e+00
3.048952115648729588e+00
2.612839041210709201e+00
2.569466278351804522e+00
2.689344234616312779e+00
1.965606429627630547e+00
1.712049439083414892e+00
1.857513516816678978e+00
1.327460294474946290e+00
2.284250512052570237e+00
1.635445580008632716e+00
2.274576313863971855e+00
1.514119718595418496e+00
3.128531166447722889e+00
2.618039643140278816e+00
1.982604419605473955e+00
2.569720144063982747e+00
1.973491077583531705e+00
2.645415423848958447e+00
1.968853633842136075e+00
2.371773619531645672e+00
2.089169114374122227e+00
2.655238314660437471e+00
2.128119626937710063e+00
2.095868698234998995e+00
1.959595624009730530e+00
1.471006057313018367e+00
2.975737915352493879e+00
2.632795455246223604e+00
2.574173899624370598e+00
1.689731695646082166e+00
2.963788405999618902e+00
2.648968848448410185e+00
2.273721085262708996e+00
2.136855690800685714e+00
2.150622644886125645e+00
2.411713030527852464e+00
2.620997731828142552e+00
2.651347235869057961e+00
2.189817085654301554e+00
1.698682065154657916e+00
1.859308520779676455e+00
2.716513106537395750e+00
2.046980073181646098e+00
3.085122399394874204e+00
2.329594592147088861e+00
1.805750923095745142e+00
1.839317236064870853e+00
1.995853365396066614e+00
1.565826594798565674e+00
2.232344886088045488e+00
1.495791290972483090e+00
1.015415009942821634e+00
2.464610127093029845e+00
3.173571406642595960e+00
1.422881521946672168e+00
1.368608517905303579e+00
2.983441245077230963e+00
1.900352250125471709e+00
2.042307052772727616e+00
2.188284762406460526e+00
1.545575389458724969e+00
1.423757839099712541e+00
1.348159934300848128e+00
1.977271431016626835e+00
2.004000886015234517e+00
1.817443278955960695e+00
1.526331477123766822e+00
1.517868163727253972e+00
9.605092045251547583e-01
1.489567168038788969e+00
1.370781774843198519e+00
2.857309131995883433e+00
3.311625133130839060e+00
2.841952457174472535e+00
1.608507454734459774e+00
2.404397168955548114e+00
1.532267412622863256e+00
1.397903206954927313e+00
1.986546222592214583e+00
2.336825150396021122e+00
1.951054566598618090e+00
1.897027725240845841e+00
2.799775682314692649e+00
1.913789296974968357e+00
2.302011110690771911e+00
2.195965753780415142e+00
1.061116946067877764e+00
2.044472076902656976e+00
1.954901231360549385e+00
2.021578493785753494e+00
2.510551181214650374e+00
1.518469926489828259e+00
2.181022759467307282e+00
1.367956118111259389e+00
1.972876136173801864e+00
1.582433992777409149e+00
2.376146154969994484e+00
1.904932337322091662e+00
2.313600476856356725e+00
1.966596033051057235e+00
1.575435758302435874e+00
2.298624230279870950e+00
1.865657777426842356e+00
2.664014024832651817e+00
1.493210172260225566e+00
2.528785051457647093e+00
2.509629068539534380e+00
2.519365108563971223e+00
2.302502713250577759e+00
2.423673989527251216e+00
2.215817966160347208e+00
2.043094134332339884e+00
2.758585257867437246e+00
3.238967149718454230e+00
2.837187323732867306e+00
2.643951163869536547e+00
3.085946328278764916e+00
1.432914705324112692e+00
2.205503950779736932e+00
2.021048274070565309e+00
2.491185703999626799e+00
1.936729467700117446e+00
1.897682954350999873e+00
2.203170350976347169e+00
1.108747667744143017e+00
2.668541981609114710e+00
1.850554017114842908e+00
2.513916402146523676e+00
2.211338138873334636e+00
1.777656609327361137e+00
2.617287061317212782e+00
2.594983393700203589e+00
2.973116609651232700e+00
2.319109899233073424e+00
1.522722676252436180e+00
1.916721821811911530e+00
2.707278291591701969e+00
2.397529897821787603e+00
2.307719835716808721e+00
2.649087781966631194e+00
1.986657448326910380e+00
2.824850005146974041e+00
1.742331848412641326e+00
2.197153922024692729e+00
2.240408593600078824e+00
2.334136347335870720e+00
2.276017487975702913e+00
2.763120913195978190e+00
2.201231628455925460e+00
2.973962051430944609e+00
1.291276755763064887e+00
3.161770442659829872e+00
2.221310162391370024e+00
1.817108812478713142e+00
2.988499453954908347e+00
2.523713649063846542e+00
1.812659799095653446e+00
2.514657875638493856e+00
1.395692249531948148e+00
3.628458513491164439e+00
2.033977398966381855e+00
2.194436437680101548e+00
1.564224425179380429e+00
2.387844323529487944e+00
2.253319275947228473e+00
2.914747541880969184e+00
2.823834826781473684e+00
2.189474155705313230e+00
1.800541759098195360e+00
1.650359264085266009e+00
2.618464029484393052e+00
2.764653403488294359e+00
2.525924259350566636e+00
2.489654469338244969e+00
2.606341100437194580e+00
2.305542936739068072e+00
1.877292709487391020e+00
1.421890346133912519e+00
2.302319863766133512e+00
1.991328774273096069e+00
1.991921492761996593e+00
1.954810163742826346e+00
1.422150558183273850e+00
1.642342663192866592e+00
1.987715078187769269e+00
3.023703582184250394e+00
2.798677460419811247e+00
1.558620077301916984e+00
2.020199144778714206e+00
3.008612879356080239e+00
1.544908053714564300e+00
2.539247150431030331e+00
1.811139076320843255e+00
1.429855436328002272e+00
2.622287692371700007e+00
2.440536241043208765e+00
2.109265101043762858e+00
1.914649241837084626e+00
2.253201300745586000e+00
2.027077677159980773e+00
1.231360231406245953e+00
1.960402220416199048e+00
2.087293105649950853e+00
2.016541119569431828e+00
1.405426849396666844e+00
1.704649743458110933e+00
1.204915565778905906e+00
1.873261717542832772e+00
9.321577010395545315e-01
2.366653543425937922e+00
1.953923951253659919e+00
1.967225483164238176e+00
2.115448393719484343e+00
2.320123639737110555e+00
1.294783005843942236e+00
2.198987229618348582e+00
1.923834246718069130e+00
1.516742664983754096e+00
3.264265282887794939e+00
2.299191455641190984e+00
2.282719861089251623e+00
1.325196624968839609e+00
1.946493834586276783e+00
1.764755001897873266e+00
2.218313299839167030e+00
1.486151253622698620e+00
1.949229737715498123e+00
1.570710285211616597e+00
1.990383370022215770e+00
1.605939842053291100e+00
1.468948479495820969e+00
3.091370316091694104e+00
2.036534387833488502e+00
1.178096185216896519e+00
1.842616634938790465e+00
1.503489854080320987e+00
1.962529901313066816e+00
2.522716171433739607e+00
1.519636328428475514e+00
1.969867727757363296e+00
2.634887236303327995e+00
1.736186000044160016e+00
1.517926113496245399e+00
1.257419056967514104e+00
1.395419881129487338e+00
1.292410970655628821e+00
2.807521562024020589e+00
2.368254565076526319e+00
1.507773506609536129e+00
2.675301794862752214e+00
1.584394189777454942e+00
2.323427761820119564e+00
2.258532513388533225e+00
3.066615526179633733e+00
2.310066386812470007e+00
2.317678846228842016e+00
2.390346406247564115e+00
1.473277134166875113e+00
1.624878214034315649e+00
1.727812468233116849e+00
2.225908311340544010e+00
2.737908638397505534e+00
1.531205749230695856e+00
1.647758765620988441e+00
1.509581465457274563e+00
2.386503676331453327e+00
3.407884823030643773e+00
2.339217915434243622e+00
2.304339405380091854e+00
1.960523209796620536e+00
2.139941959370203151e+00
1.751741837867663021e+00
3.143407857045220410e+00
1.982206517401658097e+00
2.192534629088155107e+00
2.405481624201541990e+00
2.438870543776629596e+00
1.351374975694425995e+00
2.060808219797319651e+00
2.287104331085398901e+00
1.617961340851726382e+00
1.617471622478325211e+00
1.819062404480012773e+00
1.063153246499662696e+00
1.296761103279415517e+00
2.272598174664995696e+00
2.370516675980769872e+00
2.397874246679182253e+00
1.980761558507080577e+00
1.491623035325183144e+00
1.385249039852055386e+00
1.303852044138940514e+00
2.545353359679213945e+00
2.282380766125099658e+00
1.755312473021891639e+00
2.296921263968953575e+00
1.943598191753759696e+00
1.506307429366090744e+00
1.790795429168374309e+00
2.167266821331526039e+00
1.343622939850830811e+00
1.959400507448658901e+00
1.634834564154181047e+00
2.248040046592034269e+00
2.273769164553726352e+00
1.796218330498257076e+00
2.202381901463426939e+00
1.575506287525427318e+00
1.220145422328434037e+00
2.043084715659812201e+00
8.803875790764468245e-01
2.292868994777764513e+00
2.269366689056463660e+00
2.502780632775943204e+00
2.336726127494426652e+00
2.283967447307710952e+00
2.536114217793727033e+00
1.542732417155714186e+00
1.215026528080004997e+00
1.532801722154250479e+00
2.300432474987107678e+00
1.817620729063466278e+00
2.089277172325437082e+00
1.547740129479589388e+00
1.283382261148297010e+00
2.130723464351471641e+00
1.413883444907136466e+00
2.010282103989687652e+00
1.958415354922291574e+00
1.490147928169588187e+00
1.960381926270233777e+00
1.327970696147923402e+00
1.501424342590085503e+00
3.111058649811024868e+00
1.245705344216965660e+00
1.346627803354439878e+00
1.718083079191399687e+00
1.881364928191042951e+00
1.791196066773492745e+00
1.268545733304538237e+00
2.384965927721490520e+00
1.477162724104381430e+00
1.698715671007311245e+00
1.986122507432032558e+00
2.023563543745702908e+00
2.014069276493716920e+00
2.100327270319358064e+00
2.675734158433122456e+00
1.202363307983059126e+00
1.836842293147993965e+00
1.356348268765139586e+00
3.092447765704854579e+00
1.217734723973858735e+00
2.773165268876417233e+00
1.439814157055999244e+00
2.776036809877225675e+00
3.291331181788423876e+00
1.371371107304231174e+00
3.130164704108836293e+00
1.711397802443739513e+00
1.592263631649215583e+00
1.329194943431134091e+00
1.327441637596501911e+00
1.409432300872944577e+00
1.455858447474298822e+00
2.246353299624074040e+00
2.543657962140877693e+00
2.300922816873129495e+00
1.936964415855792376e+00
2.294988218632729282e+00
1.895585330194735629e+00
1.906138261467920092e+00
2.349551889648275882e+00
1.879756031682298545e+00
1.577744088605055328e+00
1.426161993529378780e+00
1.452753351818065974e+00
1.417984139979844738e+00
1.964784064495009641e+00
2.882768995461777450e+00
3.359753015096990758e+00
2.033421052386860772e+00
1.958278691022043994e+00
1.345239546831074717e+00
1.382294320948444399e+00
2.931319901557525309e+00
2.316118447102597511e+00
1.958782073607030050e+00
2.406326426144857145e+00
2.405835031726824891e+00
8.662081887841888150e-01
3.004035988042183636e+00
2.390214377177105831e+00
1.254670344040280661e+00
2.053638181261703277e+00
1.433765616215274319e+00
3.285032823788218259e+00
1.471226946311915196e+00
1.523252900009430144e+00
1.866231115128639484e+00
2.034936455696742641e+00
2.273688646518239320e+00
2.902472061632011435e+00
1.896395902811924605e+00
2.305666447243284622e+00
1.341485151467274983e+00
1.962379056911492503e+00
2.137021968395739435e+00
1.938070270863678779e+00
3.126209491691196440e+00
1.910098709305297238e+00
1.864312239820629991e+00
2.912371072449884579e+00
1.516968923995290375e+00
2.121800248507041076e+00
3.181598396799262041e+00
2.234202681381402655e+00
1.245250007848299312e+00
1.996427558292475757e+00
3.236557570338485235e+00
2.175446728064156510e+00
2.527594728880619535e+00
3.301556361338379819e+00
2.194767089504537694e+00
2.286856405324102948e+00
2.393943436633969135e+00
2.653066231166811395e+00
2.560545459052012252e+00
1.358696671885605278e+00
2.377384117009601727e+00
2.156465623721835367e+00
1.972196273750273399e+00
2.701551946473081944e+00
1.301664903239742710e+00
1.620658119799683217e+00
1.478062444154235155e+00
3.474564775700687225e+00
1.231651641852097301e+00
3.162401014364542462e+00
2.715364307726642945e+00
3.204289065640219203e+00
1.953781284075480240e+00
2.272239230859866677e+00
2.497114943976330270e+00
1.911675319286489039e+00
1.969620537035846386e+00
1.507829086801144802e+00
1.340007443230262663e+00
1.664245485797979374e+00
1.512153871993602294e+00
1.285000706887885480e+00
2.196856345102944363e+00
2.394580549838599026e+00
2.532915936353049347e+00
2.680832004898981324e+00
1.604068440728013023e+00
2.426985331210887775e+00
2.365858525021513170e+00
1.473348376053774444e+00
2.359149951527068634e+00
1.242192712370658203e+00
2.528938760926774165e+00
2.396025742174920037e+00
2.300934752918051718e+00
2.540970492902071776e+00
1.541563349067136990e+00
1.975812955041699182e+00
1.971905049281523326e+00
2.489176816110626245e+00
2.207778748406566738e+00
2.020202212419443200e+00
3.439414006294274184e+00
1.555381649684095535e+00
2.971080649148190478e+00
2.665209106279787132e+00
9.970368569880665444e-01
1.513266650424297088e+00
7.043607462808546549e-01
1.716119145155668546e+00
2.785981740567654352e+00
2.295048598402684714e+00
1.996270782177547165e+00
3.147831813284058811e+00
2.808494593846538212e+00
2.149065482420024153e+00
1.916957339495311441e+00
1.335943973234035909e+00
2.107150211414522634e+00
1.688359803499954737e+00
1.424849457898508698e+00
3.163143231182040438e+00
2.193357402487734031e+00
3.111928017241457844e+00
1.215967953384646583e+00
2.456125545206009342e+00
1.955336340661950612e+00
1.775160394276004583e+00
1.546109757616532576e+00
1.715151774765347747e+00
3.177835897570780777e+00
1.720163225365307635e+00
2.385077372111093386e+00
2.933201101939356015e+00
2.668483329322943742e+00
2.633911557201844111e+00
2.286365400204966036e+00
1.786669036383077280e+00
1.441289866876147574e+00
2.310144395938125150e+00
3.180308093640201950e+00
3.413215245259955566e+00
1.449385467758860901e+00
2.672672348953321730e+00
1.809436115478319174e+00
2.208488348381693722e+00
2.552933722555634777e+00
9.956317856851203407e-01
1.392810147553026567e+00
2.385172102101634106e+00
2.402579043788957591e+00
3.181545999151345061e+00
2.936625886431745158e+00
1.336109801396361485e+00
2.716449285379631817e+00
1.455982957732866234e+00
1.598989934288487014e+00
1.195404634297395852e+00
1.638316255102023167e+00
3.178294633577669615e+00
1.392517448109603206e+00
2.186470799975093637e+00
3.786564057351471391e+00
1.807766375363054623e+00
1.740284542523750755e+00
1.549093682487947543e+00
1.562812864026430271e+00
2.812949264082209133e+00
1.347891280632627975e+00
2.297017493344961192e+00
2.401737033444469205e+00
1.972475961709478698e+00
2.132498522643164751e+00
2.404924061950453051e+00
2.052315039944077935e+00
1.843024119025776120e+00
1.267003206359921252e+00
3.428315909375313275e+00
2.043187224719809958e+00
1.337062626006639166e+00
1.525538049658541340e+00
2.735813331014749661e+00
1.730909335280963912e+00
1.804174754857734042e+00
1.677748032373648890e+00
2.175128599893961567e+00
1.614543786791455382e+00
2.532105718045124298e+00
1.979393648041378295e+00
1.906362126146300850e+00
1.991783885867501436e+00
2.190326425238835473e+00
2.728002570298523999e+00
1.333312042678565623e+00
1.974496197863659264e+00
2.267444533149124197e+00
2.582247856113697448e+00
2.415086979087400554e+00
3.123036274055670081e+00
2.388226986921065276e+00
1.906660056023953498e+00
7.648390583582843627e-01
3.222326392189826194e+00
2.389356627942964550e+00
2.323531072308076872e+00
2.592082401641778944e+00
2.518983442335154699e+00
2.179500056011871578e+00
1.214617794189619682e+00
1.514631200302212655e+00
1.201585985335305029e+00
2.053275304348503472e+00
2.381370217124060495e+00
2.247223754740928836e+00
2.519971337899734820e+00
1.460975655278960561e+00
2.506521740734998893e+00
2.193421373488423143e+00
1.485681361175303916e+00
1.487920104347788097e+00
2.714501660069663203e+00
2.310569699524692044e+00
2.921901310970289156e+00
2.144617120043882608e+00
3.182050943351986572e+00
3.052686938237540115e+00
2.999068588608646557e+00
2.496215662858586537e+00
1.962899476774715657e+00
2.551694347100332383e+00
1.816432412572576816e+00
2.029748613845007377e+00
3.042567613366011781e+00
2.378631235125582499e+00
2.126402848006112567e+00
1.828757355384609706e+00
1.300658433550929693e+00
2.968501468754155326e+00
2.405396698991179694e+00
3.234561235888203434e+00
2.889959633662605665e+00
2.200095397555660970e+00
2.707235779386164332e+00
1.974147086754219238e+00
2.982523909524162242e+00
3.046184592263597501e+00
2.508790634271672371e+00
2.466133847419158531e+00
2.902221515085347647e+00
1.681702267248619931e+00
1.707987184956993865e+00
1.745788656347488921e+00
2.730247467447904697e+00
2.001792574230021771e+00
1.982827134347058484e+00
1.522604627991235304e+00
1.737547365191846049e+00
1.954061245444116635e+00
2.451935971885422116e+00
1.980164145096376727e+00
2.382847123821587587e+00
2.309189146114848157e+00
2.548288505584395125e+00
2.541769479349344163e+00
1.409415057941175720e+00
2.321256915617483596e+00
2.577719163478727538e+00
1.487946203487410690e+00
1.922289723696868124e+00
2.865812817262340051e+00
2.229912877477639999e+00
1.421259983063008159e+00
2.373920763078634977e+00
3.053873772506876083e+00
2.869438793854931280e+00
2.454374533094306976e+00
2.650320132528755757e+00
1.850974905638616663e+00
2.270230679615537817e+00
3.264317135274120041e+00
1.766068509173557732e+00
1.891831192516727267e+00
2.477151762347303610e+00
1.504119629088965571e+00
1.708114905691418439e+00
1.929949042433180439e+00
2.527153171480635230e+00
2.437901822557967613e+00
2.517899751991615531e+00
2.686440246166779122e+00
2.211541979681683312e+00
2.331050115454959215e+00
2.164848816558333944e+00
2.506405639158464815e+00
1.632442848398351076e+00
1.995946288785595435e+00
2.232269294009084248e+00
1.959905053009446840e+00
2.697705343247043697e+00
2.888454120956728932e+00
1.958676818230840055e+00
2.963149818804725388e+00
1.897622005652732202e+00
1.986737058116711419e+00
2.283041684874910882e+00
2.276153177723616139e+00
1.812971921837486455e+00
3.348508284768877630e+00
1.989777755710923302e+00
2.284652638027364180e+00
1.777653035290492012e+00
3.352722473248155755e+00
2.187549471589651073e+00
2.398602864270530155e+00
2.200753379099675389e+00
2.091818135940663126e+00
2.947816409498591916e+00
2.010859678602225031e+00
1.983749245779820036e+00
2.758635388662233900e+00
2.479360049601313509e+00
1.598148722429802993e+00
2.281227754572612287e+00
2.002624108326764851e+00
2.330833349104707075e+00
1.335704967382890240e+00
2.048707869722516062e+00
2.279607724451966355e+00
2.410349888298858545e+00
1.770281808362100806e+00
2.097782803136392982e+00
1.283163644401688286e+00
3.268509769100477413e+00
2.442343282948382654e+00
1.718463011331882839e+00
1.952096496551045224e+00
2.117988643951186134e+00
1.881551742061242871e+00
1.927565083151932424e+00
2.768486453772144529e+00
1.718399051642654163e+00
1.825295094462168199e+00
2.183219909681882509e+00
2.645405215438317637e+00
2.417499826434184040e+00
1.965043529446348192e+00
1.908078824494207293e+00
2.393423042173772330e+00
1.916814894152694126e+00
2.051243892610767006e+00
2.226281023127977488e+00
1.583396628877703716e+00
2.325492679972596566e+00
2.003241454273572142e+00
1.971566161987438504e+00
2.035884696928345505e+00
3.104413353424090083e+00
1.379834902284244658e+00
1.994617508753776525e+00
2.799394506212427025e+00
1.688559463747057565e+00
1.977409111988636781e+00
1.644012115116076478e+00
1.515854067452509835e+00
2.199499247735971608e+00
2.380853563831480280e+00
1.434896411533603366e+00
1.972008147449785698e+00
1.554725919837995241e+00
1.745994895673681713e+00
2.195913211420489120e+00
2.518115562118086181e+00
1.251359121496995686e+00
2.416875154682443405e+00
1.962195816310131846e+00
2.071815994448895193e+00
3.027674188324586790e+00
2.966823491995873141e+00
2.450686716483480687e+00
2.091260100819188228e+00
2.401089563312040376e+00
1.995983051708128064e+00
2.496445962585176037e+00
3.360973104347174889e+00
2.668092125594928810e+00
2.671205205693057305e+00
2.776883572665948652e+00
2.187442462061047976e+00
2.197031931797140292e+00
3.337404653635159590e+00
2.335088722020457919e+00
2.299527012939575066e+00
1.558307320685504926e+00
2.214157589644894397e+00
2.350864508503095252e+00
1.882657878771865745e+00
1.211657110516941138e+00
1.914102477861338025e+00
1.959305817661300075e+00
2.740476203106139153e+00
2.125044104082917773e+00
2.659842598376864320e+00
1.309514451220510800e+00
1.359632291045771435e+00
2.060660984732615386e+00
1.971801793508381584e+00
3.151673228650876624e+00
2.758732228760924610e+00
1.836313214709983654e+00
7.754531984880591589e-01
2.650588250909085453e+00
2.135683710160602544e+00
1.572499199827677607e+00
2.387230048751740608e+00
2.248548089302851771e+00
1.520506375337983496e+00
2.532303097257409874e+00
1.960712234825785050e+00
2.841957873399125756e+00
2.991925357324429768e+00
2.840606784848318966e+00
1.843356004746872223e+00
1.727785118371506057e+00
3.013421945957971637e+00
2.287075661946896599e+00
2.632384854816772979e+00
2.444834409778263051e+00
2.169426551965586203e+00
1.977262320326866663e+00
1.614039088043670134e+00
1.724701198879584174e+00
1.290504021172009796e+00
2.624526566025910945e+00
2.504185727219197855e+00
1.632351673223342292e+00
2.725782251001131140e+00
3.017686747638320899e+00
1.972485634030408885e+00
2.397808487458130688e+00
2.766879625383216190e+00
2.415136387943451979e+00
1.972906822160498841e+00
2.915499617749631955e+00
2.291053847016919942e+00
1.481695660876523712e+00
2.551451357710631473e+00
2.666374183784504748e+00
1.442618900263190840e+00
1.719487158874513533e+00
1.063714099826692738e+00
2.408404377450473088e+00
1.270759177691771047e+00
2.775167320050674125e+00
1.947191013246787339e+00
1.897934397236719306e+00
2.923835037722561481e+00
3.121251128878591352e+00
2.032024264717323447e+00
1.838513355538998528e+00
3.107314770922861236e+00
1.764678798382872671e+00
1.948876230914556418e+00
2.799510757937203387e+00
2.407564044300601669e+00
1.323106823565537660e+00
1.525960825698837287e+00
2.360161235307562944e+00
2.233671386119984614e+00
2.601185816971848030e+00
2.392954690846204713e+00
3.035879160534497245e+00
1.428130454862151177e+00
1.312198491471288087e+00
3.627680533970285559e+00
2.089548615912186769e+00
1.532774342686062274e+00
2.887108131978372683e+00
1.008939853764603489e+00
1.381804805169829731e+00
2.142921045974697236e+00
2.029557121383143592e+00
2.398606382249111935e+00
1.479268744452827633e+00
2.526130501477482415e+00
1.774353773434165005e+00
1.439544709966614322e+00
1.620556147091591459e+00
2.801613512701937925e+00
1.728839168724501496e+00
2.513661125732542079e+00
1.965912905165472013e+00
2.012616373140903470e+00
2.492426126822778976e+00
1.981831137457669145e+00
2.820513862066472921e+00
1.625711162927541586e+00
1.614583126864857388e+00
1.284375743297227368e+00
1.793672429236844224e+00
1.961136775547185129e+00
2.248930209856097484e+00
1.275478518577858766e+00
2.296994149252279627e+00
1.959371728142559999e+00
2.523591631477988262e+00
2.217598797727786231e+00
2.366629895262966965e+00
1.596717546010977484e+00
2.520783810651292089e+00
1.964052659303198833e+00
1.400743192397174486e+00
2.042274848354870720e+00
2.460877112969474645e+00
1.383238054245724769e+00
1.969342278911677457e+00
1.393446530603763334e+00
1.841370842807243058e+00
1.794651510855629351e+00
2.727739593111733196e+00
2.280273634529307092e+00
2.714856983064288354e+00
1.515412835217289755e+00
2.802161484343112630e+00
2.405993722675895174e+00
1.800921161099052537e+00
1.981235504730828101e+00
2.643918101356969697e+00
2.081992105240974222e+00
2.622806395251022771e+00
2.655085937197050328e+00
1.979440868076799864e+00
2.180855867742534038e+00
1.981038320584217471e+00
2.312304198251743159e+00
1.530835873405581138e+00
2.610530006675213510e+00
1.373105577629951224e+00
2.098533515244693781e+00
1.919540803699100184e+00
1.754964255404023454e+00
1.496421611306437249e+00
2.969736318152898846e+00
1.818972225232139417e+00
1.992064405588792830e+00
2.520793676796055038e+00
1.387091688143373469e+00
2.068830410934848096e+00
2.975173181676499912e+00
1.984902622930223126e+00
1.814890482466222421e+00
2.199385618250439212e+00
2.412834039509968331e+00
2.203075307547624817e+00
1.971283075822256370e+00
1.920126489083925803e+00
1.856441217245447861e+00
2.293946911705558200e+00
1.759131052763330594e+00
2.511823537235808868e+00
1.362378498817790495e+00
2.789995671859376802e+00
1.982661504217415605e+00
1.958402890541581787e+00
1.982581671648297794e+00
1.442791615321247001e+00
1.547016446121527888e+00
2.293134138961591795e+00
1.528215381818661234e+00
1.691839726968964230e+00
2.295598862156074560e+00
2.963143216105651678e+00
1.304982460990805171e+00
1.317807319975343949e+00
1.492045160809745141e+00
1.611795903059551671e+00
1.605252651694663690e+00
1.833022703834981559e+00
2.234548552592678039e+00
2.029639239996679834e+00
2.788550969198980045e+00
1.406737775776456090e+00
1.585867091975354137e+00
2.683674918049449243e+00
1.680440383056833076e+00
2.110888314031113655e+00
2.919760194452715396e+00
2.371902462090366370e+00
1.803478614585533712e+00
1.605961404313309915e+00
1.321070325221031849e+00
2.166122261898906665e+00
2.648635264214999285e+00
2.238666312885664311e+00
2.361587140641899119e+00
2.516635561293499634e+00
1.568500299333362769e+00
1.843436544999452975e+00
2.208235042813851745e+00
1.424204820985083941e+00
1.729846137819447627e+00
2.101770485262052013e+00
1.887949163041593659e+00
2.384543748338286306e+00
2.517233151179553374e+00
1.375262938605686269e+00
2.794206933525337444e+00
1.784653180591813326e+00
1.855650785537551473e+00
2.450081858590779760e+00
1.261775854819519482e+00
2.039697842722326460e+00
2.370214343752310882e+00
2.293889579565107972e+00
1.914998061306679711e+00
1.318551453472517787e+00
2.287936135731894804e+00
1.245847801403171529e+00
1.423362807571682431e+00
2.168305847536312836e+00
2.173516950664298619e+00
2.086073788651728211e+00
1.457779015582820081e+00
1.937437229865125232e+00
1.609631887227672475e+00
1.445945701126617688e+00
1.594715420648340931e+00
2.539965240306651051e+00
2.532698776343579095e+00
2.795323721221268265e+00
2.503820098332818933e+00
1.470457596683580448e+00
1.922827923278332074e+00
1.458178855926250961e+00
2.165739901186412020e+00
1.429915092182734826e+00
2.412998300808943508e+00
2.104668354644892325e+00
2.116717260930625066e+00
2.397789508858245711e+00
1.911320938066634501e+00
1.424494523436232285e+00
1.564706409625270966e+00
1.915676818374195456e+00
2.440997674644178161e+00
2.503609958937658586e+00
1.980273407442131095e+00
1.441168733059698503e+00
1.891541315472700102e+00
1.485562854299169455e+00
2.341976439238695473e+00
2.412817740151980583e+00
2.158251430980846486e+00
1.505258391332481738e+00
1.807931760222255324e+00
2.345023496501435378e+00
2.101282235179427360e+00
2.585359695082901865e+00
1.595575520969777727e+00
2.266829698897569578e+00
2.250375165392473953e+00
1.945797085279617145e+00
2.286064231302862737e+00
1.482018295562245624e+00
2.045073644393140544e+00
2.361165836144617725e+00
1.510176283278142240e+00
2.112344257648202550e+00
2.294243953998252206e+00
2.216830002819329515e+00
2.751811676441393129e+00
1.979227474028370848e+00
2.388971028516037265e+00
2.219051893026640077e+00
2.707153634992301772e+00
3.035206700197526697e+00
1.832919825096091415e+00
3.356419644437190097e+00
2.614073742206330930e+00
2.084429032419205630e+00
1.507251264547888603e+00
2.298138623349786691e+00
1.956775534028420749e+00
2.116466512621307583e+00
2.851740514164473161e+00
2.263046429734912213e+00
3.014558939900547241e+00
3.320462511187549204e+00
1.300641205525139954e+00
1.469915376641149019e+00
1.863403881438592480e+00
1.430121050648263115e+00
3.744022968747602764e+00
1.938233826249596614e+00
2.792543238765602620e+00
1.670092378837356506e+00
1.646750069042378861e+00
1.879410616646806753e+00
2.101742980009710049e+00
2.004254008164171541e+00
2.298570293932824082e+00
2.967446979271685770e+00
2.914367279472023675e+00
1.419142614660419577e+00
2.449001855515188453e+00
1.882417716261027163e+00
2.864824890205725172e+00
2.245291075787565926e+00
2.494521865502010716e+00
1.732033840976063610e+00
1.624106729414503292e+00
2.802239827256019833e+00
1.544742484620822198e+00
2.224039974944870934e+00
2.513931346928072852e+00
3.276340236855797006e+00
1.415538695250514234e+00
1.411097298165226333e+00
2.660536742271141897e+00
2.966719424165035424e+00
2.576584737497819688e+00
2.767844180984269098e+00
3.130339579102423109e+00
2.099205715275352269e+00
1.646679217253990135e+00
1.436509098633156567e+00
3.266650854015630934e+00
2.786031035318777604e+00
2.494396678590221850e+00
3.473932865525795499e+00
3.189507664445299540e+00
2.163171421089359558e+00
1.954355021204234211e+00
2.098900564121895851e+00
3.202029392974635069e+00
2.662658519268584101e+00
2.815864006292705835e+00
1.430877076885724630e+00
1.843859816956917586e+00
1.952686835433697254e+00
2.193453714573501578e+00
1.277596491020644098e+00
3.188234383747122980e+00
3.721637749380686255e+00
1.625740440913110652e+00
1.422984018888634239e+00
1.840831559664669603e+00
3.123495518262748405e+00
2.805042126349922782e+00
3.011793147016339489e+00
1.768662822540585378e+00
2.192577173030056947e+00
2.816020308120728455e+00
1.726050757532654689e+00
2.820651528971069411e+00
9.244605393644125257e-01
2.648651322504187444e+00
2.981541729997252421e+00
2.542419636266199046e+00
1.979982208856341019e+00
3.066495842598069732e+00
2.002581920967491769e+00
1.416823972028035561e+00
2.495937885459540428e+00
2.080399889714797279e+00
1.592413224141461248e+00
2.184915966757161154e+00
1.343004948675953658e+00
1.514347976839533594e+00
1.981277752839996298e+00
1.955969977523013048e+00
2.040551583136856806e+00
2.309269955053914192e+00
1.806881896960262468e+00
1.133027008247910361e+00
1.786069618996808384e+00
2.002467798490113804e+00
2.577596849832960224e+00
3.746808687332554122e+00
2.991769563943697197e+00
2.420914684938056727e+00
2.126339140388492144e+00
2.850409528908408596e+00
2.642083616988706307e+00
1.469787005432306337e+00
3.160766099347814606e+00
2.762164542216277940e+00
2.266434774928479889e+00
1.950612159060967077e+00
3.170251363941351208e+00
2.469950701046744079e+00
2.954036390299583648e+00
2.327695446195246820e+00
2.117529844442283871e+00
2.945500872913692447e+00
2.766054400611712261e+00
3.697395099677763142e+00
2.658633481437582269e+00
3.165298707430542091e+00
1.725746807724503507e+00
2.173134820870178618e+00
2.163950093778379546e+00
3.326511757312162310e+00
2.923780849573741847e+00
2.640978817771541198e+00
2.963656902214975020e+00
1.673328995037919542e+00
2.134427232238196304e+00
1.577393999637788813e+00
2.406694714322855866e+00
2.826292496211583849e+00
2.519939888727705135e+00
3.129000105857943748e+00
1.994262519166746017e+00
2.382947725122727789e+00
2.785461741521286783e+00
1.937541454004310770e+00
1.814924087241424067e+00
1.296879298590549734e+00
1.447283950860930535e+00
1.834337612216004887e+00
2.077973028399977551e+00
2.356028315426584197e+00
1.676571263576051019e+00
1.859378152771448134e+00
1.367961628535072638e+00
2.222498216017794626e+00
2.463287720578130724e+00
3.130544787532765660e+00
2.664255373228305412e+00
1.953827497269920999e+00
3.283614718695661683e+00
1.202873105287622479e+00
2.004331494379756329e+00
2.490804558319427375e+00
3.142160756350636852e+00
3.319589072705402266e+00
1.731520307710672224e+00
2.284399405751988077e+00
3.294303137585575580e+00
2.258241321643509991e+00
2.948378596696884291e+00
2.261078023209624366e+00
2.932488227040594087e+00
1.764458112842402393e+00
9.854797025659605136e-01
1.842908458737890109e+00
2.268812465604958639e+00
2.661033052010811861e+00
1.339081545542045726e+00
1.901322938007043328e+00
1.498612445652811154e+00
1.749686555078226347e+00
2.605398706920678542e+00
2.681691928962466775e+00
1.979095770352827577e+00
9.913007860085099043e-01
3.110258697114962612e+00
1.590942290606009335e+00
3.132258124153689760e+00
2.579723395538457975e+00
2.004222083823078204e+00
2.048525062240525774e+00
2.957558136258314541e+00
1.951787689945743143e+00
3.165575304418472680e+00
2.970148889197948172e+00
3.134390249136040030e+00
2.820148913275144498e+00
3.083214131186558404e+00
2.669483298207729227e+00
3.405123866640977770e+00
2.953310568538644709e+00
2.623178880341941799e+00
2.394391693816300126e+00
1.921566023303358683e+00
1.921217693248468805e+00
3.860182143394590870e+00
2.453714050253357648e+00
2.466620860209040256e+00
1.980170874975339057e+00
1.897303099889071198e+00
2.086980498968823206e+00
3.351285596857749738e+00
3.263401771067337087e+00
3.411105871963401981e+00
2.873575617512214020e+00
1.273164818135976484e+00
2.140939676885364129e+00
2.263888335397495677e+00
2.195847715200217376e+00
2.110050127102788498e+00
1.158425914876833218e+00
2.561654501799237593e+00
2.098146075175708170e+00
1.590619153236811689e+00
1.956371448644833144e+00
2.135589983710637352e+00
1.752589234769287962e+00
1.928078499035775772e+00
1.542457888230670759e+00
2.913007224650659310e+00
1.939509085375911379e+00
2.276916982637084974e+00
2.859951890419391241e+00
2.872812834523278180e+00
2.624409306917415030e+00
3.357176786710090788e+00
2.961328173290982413e+00
1.372797944018159022e+00
2.301060703370979343e+00
2.499723419379951572e+00
2.676249806431842071e+00
1.339892181623557166e+00
2.100793911839665462e+00
2.532448809326579564e+00
1.984545178772475493e+00
3.850934876588017808e+00
2.918275543212669465e+00
1.905785495396748130e+00
2.170476937644403304e+00
1.597370684890977666e+00
2.169331022677971621e+00
3.229839462209435297e+00
1.913077880360394056e+00
1.554049100063898292e+00
1.641587630901872208e+00
1.677930425531285685e+00
2.169567041314922839e+00
1.716441567259308743e+00
2.261801880505316387e+00
2.674753057309363857e+00
2.418607803345353524e+00
2.779848853336724268e+00
1.948265989478172644e+00
1.482245323274702153e+00
1.951742920623932287e+00
2.934999488944479040e+00
3.136997973791160632e+00
1.133794813977526683e+00
3.377262331687270080e+00
1.333716588994547703e+00
1.508409159230630348e+00
2.367076552638284870e+00
1.966683080540313489e+00
2.726817633662067308e+00
2.520324745308128556e+00
3.869268834919691535e+00
1.919364277928919726e+00
2.379204626646095111e+00
1.401415232359160656e+00
2.034546243467010740e+00
2.303449905835101230e+00
1.961377492829014191e+00
1.857443053381187648e+00
2.193014901076853818e+00
2.968093480193219502e+00
1.950848546608465517e+00
1.457188497584552156e+00
2.376447870139144047e+00
1.764677476344667983e+00
3.344760817713075429e+00
1.469179685489093057e+00
1.347169324436108928e+00
2.091319217788828677e+00
1.381248701875157359e+00
3.195606592288418923e+00
1.273797481956993050e+00
2.207770286784922487e+00
1.357065368320408361e+00
1.422760149646927541e+00
3.160643161703170723e+00
2.323058608556798355e+00
1.694788832577818205e+00
1.979585570813542805e+00
1.456515824665788328e+00
2.651329354858922738e+00
2.520879345760588919e+00
2.271824197520449395e+00
2.701812894438270440e+00
1.669914201788906150e+00
2.504221861276200389e+00
3.755309610141513765e+00
2.631377441993701716e+00
2.302567551783044397e+00
3.372757290807507857e+00
2.289605640122000629e+00
1.421736479025266453e+00
2.795192596309457489e+00
1.567363810043262751e+00
2.195049922406655973e+00
2.774992608703059638e+00
2.199402713687575339e+00
2.006635547038515544e+00
1.961833337913003961e+00
2.376760415551183669e+00
1.444918489230336389e+00
1.926349179551444024e+00
1.500876790731949573e+00
1.974223845061466642e+00
1.888386708641267786e+00
2.447104391636230947e+00
2.287303433944980036e+00
1.399449241638071939e+00
1.920618990336003806e+00
2.756445263459834205e+00
2.011130952004162253e+00
3.053694185933759631e+00
2.068248299081913100e+00
2.525628302772300771e+00
1.964995869247609717e+00
1.833197750067580678e+00
1.871731742901058482e+00
1.887858166976112750e+00
1.983832310443024882e+00
1.386184246304708712e+00
2.017908032492465420e+00
2.142119625713003295e+00
2.513283262425093589e+00
3.070657791597093400e+00
1.613517665018146419e+00
2.284091890012293735e+00
2.608886792469102822e+00
1.478163980473363281e+00
2.863639276522540467e+00
1.435057482229634473e+00
2.516934946019639074e+00
2.774739473628200948e+00
2.586083714494971542e+00
2.657834340212356761e+00
2.086620747980510338e+00
1.621723601072464049e+00
3.321217191284964620e+00
2.749940315671657309e+00
1.982055986532224923e+00
2.043957946674686443e+00
3.397164461670932223e+00
2.409000725670379595e+00
3.506754761561095890e+00
2.003635118005969495e+00
2.760478445588091745e+00
1.798925361810191026e+00
2.539274499896516879e+00
1.970635313966761837e+00
1.433111639599218723e+00
1.453742718028906200e+00
1.954211761369407663e+00
1.933935407031831311e+00
3.023991311686141881e+00
2.202493786991616354e+00
2.976440213626096121e+00
2.035702003369628255e+00
2.337885955353995016e+00
1.882675421745172439e+00
2.395540566553162609e+00
2.178224348118841913e+00
1.978364963236144192e+00
3.521297822604517069e+00
1.389925944168427518e+00
1.482059997151443209e+00
2.009503880120967256e+00
1.613766711991426961e+00
1.525212322975907364e+00
1.468126273347999833e+00
2.736931332774438896e+00
1.305856822516476834e+00
2.186945071467144786e+00
2.572167514135438537e+00
1.858733565529051113e+00
1.227459108829605849e+00
1.931501885685137143e+00
2.813466616533913278e+00
1.428174657184793750e+00
2.453814882331780023e+00
1.899384982368515384e+00
2.252669765466370322e+00
2.294098354279196617e+00
2.398561435669282371e+00
2.505610955468718259e+00
2.250977120108412333e+00
2.406558605279494056e+00
2.397665347999361707e+00
1.436451662533190676e+00
1.949407262806723162e+00
1.700429037070887883e+00
2.229029745901038861e+00
1.559969497000648353e+00
1.988202446320606942e+00
2.040644685811243253e+00
1.390033630361481531e+00
2.245886759947210987e+00
2.044336478954477343e+00
1.889740956617354417e+00
2.188390257286217278e+00
1.340607506347472944e+00
1.589773605490268027e+00
2.970381836597242309e+00
1.683139798011194399e+00
1.386931577475946087e+00
1.735315208412377075e+00
2.564374339424186466e+00
1.984497473620628227e+00
1.944685451019044775e+00
1.292130357555232090e+00
2.098244055029262256e+00
1.501802909687120380e+00
2.452768360330670028e+00
2.016087733727793374e+00
2.103115235748752365e+00
1.625542749476330151e+00
1.866882869224564034e+00
2.016710068753858831e+00
2.208683933915533526e+00
1.916521732977570780e+00
1.975534851147904059e+00
1.410657517896122704e+00
1.613246121397410526e+00
1.640829515933994509e+00
1.997114078918917679e+00
2.513777494750383479e+00
1.477467363601224104e+00
2.803133405053694904e+00
2.803058401186358406e+00
1.848525157728530877e+00
2.169332980734610228e+00
2.379584002791224506e+00
2.108691371094098432e+00
1.461376596883271262e+00
1.313389927843018112e+00
1.905424310422031420e+00
2.490867020089681194e+00
2.546174417091367381e+00
2.487704743008723351e+00
1.413203525902626545e+00
1.985152574637385481e+00
2.400842016797593903e+00
2.507005575836739553e+00
2.322965379874009528e+00
1.957856891087970119e+00
2.723849045305123173e+00
1.827372439396771631e+00
1.844454136119591636e+00
2.048836787205749577e+00
1.465911466719532985e+00
2.791700868963917337e+00
1.398870304944227927e+00
3.134990485736529386e+00
2.054278765101381410e+00
3.057944721415997602e+00
2.050114845267898556e+00
2.074096446896895429e+00
2.232025654325940689e+00
2.191163354926847440e+00
1.305919579623042504e+00
2.710124465531776217e+00
2.079453655423577185e+00
2.557260770466747601e+00
1.769582200246161863e+00
3.149491991348364106e+00
2.117610644812083720e+00
3.345068604106263166e+00
1.410759496328171991e+00
2.998553890011876444e+00
2.795323492033854329e+00
1.484127884821295762e+00
2.539441462092010937e+00
2.859979816075835846e+00
1.515133363639133313e+00
2.204452517970312719e+00
3.243887521828947573e+00
2.928029253091511741e+00
2.108561877643150506e+00
2.169972893456030061e+00
2.298538574958660430e+00
3.140618603821600185e+00
2.771873136140076799e+00
2.399690014840035523e+00
3.113065089123595364e+00
1.805381992149182935e+00
2.406580085689257853e+00
1.977345941734103718e+00
2.735201489680755493e+00
2.299909893402819261e+00
2.287141708012173869e+00
2.162814507371885853e+00
2.336430470092298872e+00
1.546920530245258441e+00
1.176049915040073168e+00
3.733842607553032877e+00
3.616650711821289388e+00
3.047054335993304441e+00
2.988732805739627185e+00
2.335156340879493087e+00
2.290965224659179178e+00
1.952376756612366426e+00
2.400643361491198835e+00
2.190922955160576002e+00
2.212114267986607707e+00
2.473210677605785168e+00
1.464438128167676600e+00
2.953940314386219068e+00
2.963927472815451214e+00
1.977849994715297655e+00
2.041445446256820340e+00
2.281831157663730014e+00
2.869052349789610989e+00
1.972529721920814882e+00
1.669668385362075513e+00
2.808131968069425444e+00
2.378345616132442331e+00
1.505464735274937960e+00
1.963765706673234357e+00
1.919512444114071181e+00
2.185191336321625322e+00
2.796617039641485558e+00
2.044948184100189081e+00
2.962517903672447162e+00
2.484431891626539102e+00
1.461874351133480188e+00
1.067277254116472340e+00
2.154151927536190669e+00
3.064999773978230202e+00
1.910048388004351949e+00
3.423527243893849104e+00
1.495513030747519290e+00
3.193661287442051577e+00
3.156009387099689256e+00
2.383718868137752356e+00
3.172385197720022365e+00
2.638337732500656507e+00
1.567316018232601804e+00
2.641197339988323733e+00
2.062786858951674240e+00
1.981174701973103636e+00
2.809464870903596090e+00
1.805227953674629848e+00
2.925030671303004759e+00
1.979623267222955452e+00
2.297961642418659522e+00
3.136418786167516348e+00
1.902618304301899821e+00
3.282669407219171998e+00
2.415835082303867232e+00
1.189842119199125303e+00
2.494108447213231550e+00
2.527619772020674560e+00
1.977070786401421199e+00
1.768976865618111294e+00
2.561388135378856123e+00
2.513896629655952175e+00
1.500991145951570571e+00
1.873362012977367153e+00
2.029865405459490013e+00
2.002594618736068366e+00
1.310049209090680566e+00
2.110292056910934466e+00
3.025984342027765450e+00
2.830187101327567678e+00
3.411633984409421672e+00
2.778581832851492184e+00
3.324522425668693604e+00
3.102205234023732938e+00
2.657128564409323435e+00
2.099001950403202699e+00
2.652430649944983898e+00
1.994519837131763618e+00
1.801182145945524171e+00
1.884220097335014721e+00
1.707290566973425516e+00
2.504321028142449279e+00
3.417945027657095736e+00
2.078926572525331196e+00
2.802828252644238738e+00
1.967254632053181407e+00
1.549957362432064834e+00
2.494442071815645701e+00
2.676941691014961933e+00
2.103940326271523276e+00
2.984060061914413531e+00
2.009887256357608898e+00
2.394549571441203728e+00
1.818376748876863624e+00
2.264714962381463081e+00
1.988236513570487807e+00
1.695827625388280913e+00
2.384640152952341108e+00
3.138857965903760316e+00
1.514860969440793514e+00
2.787759205708692622e+00
2.616956781731667014e+00
2.768732658846791761e+00
2.536511232433361407e+00
1.360006521316719397e+00
2.131931824295251854e+00
1.687393344846052745e+00
2.647943442252056911e+00
1.990916448301740305e+00
1.429777161200769697e+00
1.876439706719153167e+00
1.157666190693728892e+00
3.069141565068557842e+00
2.034614223730312865e+00
2.968625697056713086e+00
2.785711868643923950e+00
2.080922614833123685e+00
3.068038677021017957e+00
2.092051041297207981e+00
1.952742512368793149e+00
1.577510261203644903e+00
3.355138328170960360e+00
2.384301757219883022e+00
2.813581832803012883e+00
1.564970211764393548e+00
2.823866528450927671e+00
3.068284945289181387e+00
2.621744999746288052e+00
2.056822919123998172e+00
2.766803837403526423e+00
1.903299560355945275e+00
1.452260550128617878e+00
3.008653125494248126e+00
2.617446824730350841e+00
1.997303642312021621e+00
1.615973828397157419e+00
1.825285373884989681e+00
2.771190512676415807e+00
2.789111502230276152e+00
1.971481756564761323e+00
2.025256980235114135e+00
2.280731883940989135e+00
2.822133729557070758e+00
3.180328242801124805e+00
1.870343786983588386e+00
2.466632873086133326e+00
2.671714077862753722e+00
2.537198137014250676e+00
2.157592092711311693e+00
1.597681084111591376e+00
1.977669636852695811e+00
1.955958421102704570e+00
2.288753825659807450e+00
2.762772721584059621e+00
2.034524367628453234e+00
1.857947366175043857e+00
2.567074444551904477e+00
3.469173381641755149e+00
1.882181553099692373e+00
2.175013602566205240e+00
2.787531816022830178e+00
1.422911739744092019e+00
2.295847363821864828e+00
2.816255242429505312e+00
3.229228906103279062e+00
2.238043867005441445e+00
2.222270346615024650e+00
2.077570952219164102e+00
3.668142649807729416e+00
2.194048297352378274e+00
1.713271651584941546e+00
2.154355410717372799e+00
2.230756664897300734e+00
1.434947612976986475e+00
2.348358905543801445e+00
2.982100693026964677e+00
2.520794757292244004e+00
2.985315112411719429e+00
2.669740831910744294e+00
1.384298288914836084e+00
1.701532629182406664e+00
2.171718647488316556e+00
2.656500964470121851e+00
2.175877289175987439e+00
3.181300514081609077e+00
3.284421076355987346e+00
2.673373096916416891e+00
2.790133980053256746e+00
1.259658763582670371e+00
2.343305219116388560e+00
1.777957698216106941e+00
1.525822951157911556e+00
1.576561392204643308e+00
2.515676801843477417e+00
2.799796087679658374e+00
2.059530562584650948e+00
1.936214632485776521e+00
1.063869840137708023e+00
1.817456399381917498e+00
2.511821621465927024e+00
2.480149996156075787e+00
2.238226700761721144e+00
1.887060101377594279e+00
2.264214139631256284e+00
2.155395633375728259e+00
2.643853871904480179e+00
1.421761903506450597e+00
2.789192000928305326e+00
3.178863051387486482e+00
2.729048663526385532e+00
2.350335336528158070e+00
1.519801844735510166e+00
2.431937905305922687e+00
2.206752319617203195e+00
1.714386916125082205e+00
2.995465485892491397e+00
2.926433834043482562e+00
1.461339116553073580e+00
2.164958027120596817e+00
2.389409355987233141e+00
2.538270019374053277e+00
1.835073506233861229e+00
1.987069108675162177e+00
2.609246183436169098e+00
3.076696906202025517e+00
1.566182722740525834e+00
2.495281170209767474e+00
1.054295386137747093e+00
2.132380963239237648e+00
1.967776267283134928e+00
3.135140876253075692e+00
1.827894877193632528e+00
2.181594460624125986e+00
1.835044290743099049e+00
1.557604806534856667e+00
2.484196338647687075e+00
2.590223344776447778e+00
1.952971698888003482e+00
2.897599232576023809e+00
2.854847737184229572e+00
1.960107373623782845e+00
1.795922390058921625e+00
1.617792682819177097e+00
1.568764712193427169e+00
1.329971090800103006e+00
1.417322224208823256e+00
2.179576469417313422e+00
1.817076007948301708e+00
1.605182952317189660e+00
3.388648961420962724e+00
1.622754887018137193e+00
2.931495071671053498e+00
2.285112716346092920e+00
3.519191651710670499e+00
2.108545697957705745e+00
1.923814334264299264e+00
2.800821559308856123e+00
2.906208870086389062e+00
2.333142541211887799e+00
2.133610634479021773e+00
1.562631676692379790e+00
2.460697535994206930e+00
1.605706150291488887e+00
3.319932659277203157e+00
1.552786682430287835e+00
2.276016455384747950e+00
2.340107806029434023e+00
2.551552587860506538e+00
2.681675800966141665e+00
1.956380458146197432e+00
2.976617156477553650e+00
1.953487781006747692e+00
2.047568564076347908e+00
2.369171877219628186e+00
1.745642840203650348e+00
1.398145313495433140e+00
1.959403720559532935e+00
1.747205792724019657e+00
3.213469658104597393e+00
2.700611093586070766e+00
2.817593699493074588e+00
2.193658729361383397e+00
3.067687219216231664e+00
2.511843043563701361e+00
1.986237249345612188e+00
1.674306406875002207e+00
3.099401905128416512e+00
2.961067051717744203e+00
2.625645581523045724e+00
2.517780871931681208e+00
2.555718637376325209e+00
2.378637329457467864e+00
2.532889646589089772e+00
2.024361492970677912e+00
3.197766923543742923e+00
2.009549990504408079e+00
3.094762514071185855e+00
2.929910742093180698e+00
3.049139904183414185e+00
3.170068217459221405e+00
2.690819887982988767e+00
2.590400690138617179e+00
2.414427595336701149e+00
2.240903998385892049e+00
2.553354081923881136e+00
2.396065057486189698e+00
9.964474830557237262e-01
2.499509321654322491e+00
2.963737208944198898e+00
1.889785362775580069e+00
3.313151659486380129e+00
2.025853052783439967e+00
2.801946877923319423e+00
1.943792949750306809e+00
1.991045095472990356e+00
3.648779992990090815e+00
2.498467024918014978e+00
2.832470017858385258e+00
2.688029476254006678e+00
1.852804732432543844e+00
3.441231103018818960e+00
2.906248737532894477e+00
2.423729140850698460e+00
1.560528380888213551e+00
1.857375332746222352e+00
2.499170090141741074e+00
2.978812125580519332e+00
1.582217645412789198e+00
2.743974025543582496e+00
1.886681169392516288e+00
1.845781539028872542e+00
1.457566211862896699e+00
2.331214180001826897e+00
2.253572326590759012e+00
1.734602893514096245e+00
3.131387543365425241e+00
2.038349846847239633e+00
1.432094564347879961e+00
1.412051943246370733e+00
2.482349521158737637e+00
1.650580351048570815e+00
1.426885455208448450e+00
1.808769326899624330e+00
1.985178351802493246e+00
2.446424554373359150e+00
1.430122532513158795e+00
2.333322773888793389e+00
2.267760740474512815e+00
1.893138141437870514e+00
2.411800595683927906e+00
3.131009078217092068e+00
3.021115501402170000e+00
1.371149395756259715e+00
2.249205740899343553e+00
2.385720525060078590e+00
1.616829741186160296e+00
2.061433803578359036e+00
2.715156756511456493e+00
2.493767980847028998e+00
1.666872959295350398e+00
2.509864150178236830e+00
3.211586950203671798e+00
2.228922719683327003e+00
2.971327314011733112e+00
2.320957295700823320e+00
2.087089089319924984e+00
2.298626692104550617e+00
2.187008883588235530e+00
2.315634660254428656e+00
2.241801971911676628e+00
1.741633798774070874e+00
1.835328553755085412e+00
2.362302529449056276e+00
3.372529716035320480e+00
2.651141924363299651e+00
1.988397364515513521e+00
2.398876113689454748e+00
2.471837721025367252e+00
2.659103001690214185e+00
2.496549927082263753e+00
2.203585473421372676e+00
1.967083677832180966e+00
2.408280073716647873e+00
1.929919154118439284e+00
2.354892084264757823e+00
3.106038657057389685e+00
3.664661392753155500e+00
2.960801279212901704e+00
1.273857735226535892e+00
1.650796275923245737e+00
2.652633198425238259e+00
1.376185878539442964e+00
3.153171850576724111e+00
2.939768259772946202e+00
2.182894244823525121e+00
2.022574295282958179e+00
2.776528084786990203e+00
2.718806102362032462e+00
2.806268332221018902e+00
2.411773415625901862e+00
3.081919801642816203e+00
1.973923193023363609e+00
1.422465156638528683e+00
2.866462671579614874e+00
2.261691930094393399e+00
3.163080415123668665e+00
2.441409285152668751e+00
1.464068663694624295e+00
2.952703205422995136e+00
2.793268767108611605e+00
2.147082072234310246e+00
1.812786965633117475e+00
2.189789899469698931e+00
2.130875294210512916e+00
2.689491193134590841e+00
3.104246618581806949e+00
1.896796335119651511e+00
3.133512503938177041e+00
2.373019561029627855e+00
1.297885226571008355e+00
2.853876574984805625e+00
1.893102608061068226e+00
2.118870409982669845e+00
1.464074372259511980e+00
2.271355749705281646e+00
1.985425251264269608e+00
1.923030688311841985e+00
2.665446571174418189e+00
2.172826319155885422e+00
1.967297095990484745e+00
1.513092629260105682e+00
3.231938573471736742e+00
2.220349703244286044e+00
2.780433097681373145e+00
1.913113331599505029e+00
1.554348237692656731e+00
2.623368004309449386e+00
3.169912803315111827e+00
2.665795350919850648e+00
2.937125219158770228e+00
2.777229429206060196e+00
3.617391967436701439e+00
3.327675535352326630e+00
3.249688282006745865e+00
2.435439690725481388e+00
2.281722203237990687e+00
2.978788163658349308e+00
1.515387625131831228e+00
2.460288170456873758e+00
1.953617890079597075e+00
2.638328742764351365e+00
2.760694184129591111e+00
2.284007883042181941e+00
2.367543654649560292e+00
1.971965288349535106e+00
1.970211609644071826e+00
2.408247635414475507e+00
1.815013140837163697e+00
1.460017240849951214e+00
3.013776745731097773e+00
2.586346524668338809e+00
2.026307664097609873e+00
2.057061457564727469e+00
1.965476426748889338e+00
3.043502535631141814e+00
1.858306204719373689e+00
2.516701603344748683e+00
1.313385558970033173e+00
2.435701188305484877e+00
1.668274569956027520e+00
2.114791637523966372e+00
2.851025439087691016e+00
1.588578141958214340e+00
2.212708729260936646e+00
2.028665539226730985e+00
1.399091215400426247e+00
1.500822337029513287e+00
2.073162939616007616e+00
1.649359317762243204e+00
1.879283309084653686e+00
1.984816215786609828e+00
1.808914221866094296e+00
1.962557868172241315e+00
2.048210289456957156e+00
2.968667909975037933e+00
2.515032937507599264e+00
2.299325777123490067e+00
1.719187810985214337e+00
2.435802801460281941e+00
2.074210226892245323e+00
3.016261418869928601e+00
1.745952925972984682e+00
2.086336188897076838e+00
2.389925739852853059e+00
2.815836094459746697e+00
2.655582558423648987e+00
2.194658806096743575e+00
1.776971774743036248e+00
2.823104078588847710e+00
2.931216636114208463e+00
1.959057633548739519e+00
2.119922893770258110e+00
1.013994648395450726e+00
2.298614231949389630e+00
3.079723547813017159e+00
2.418425313213010686e+00
2.318698421442368929e+00
3.069534067342376993e+00
3.452200405984923393e+00
3.212847759903298961e+00
1.779879563788525854e+00
2.749684563258767422e+00
2.344656498200394790e+00
1.919436866867818114e+00
2.902547613340261456e+00
1.849359667755695158e+00
3.061515268988826310e+00
1.879558609735204389e+00
2.803621078597603233e+00
1.882760311140829979e+00
2.109358042623305618e+00
2.652806598133333527e+00
1.968324303125216446e+00
2.766147861830069665e+00
2.733662449084655499e+00
1.797486685833547648e+00
1.553289800577205559e+00
2.083600948174775702e+00
2.339259475606410010e+00
1.736611286131284348e+00
2.169231310713815031e+00
1.894325499902584031e+00
3.370071042732765143e+00
1.893814403405459146e+00
2.706742913065459888e+00
3.156727459237319788e+00
1.972116953572569553e+00
2.839790516862620517e+00
2.311387159815530001e+00
1.930390894100073584e+00
2.090113043729586284e+00
2.481391383167685927e+00
2.058295219163595480e+00
3.148143497505352606e+00
2.859324407412960234e+00
3.821545237354071034e+00
2.344199035504419104e+00
1.847010498635522024e+00
2.514844281947947291e+00
2.763653277379672701e+00
2.090544873182627938e+00
2.197084609719973436e+00
1.472371139201067658e+00
1.952860223358125591e+00
1.978762356981794257e+00
2.646299525053600554e+00
1.951854206762040800e+00
3.176426560127389997e+00
3.089394585283402161e+00
3.938266767124496859e+00
1.856484811076733132e+00
1.933027721228078644e+00
2.079260975087940277e+00
1.857615093798701933e+00
2.409947607135259240e+00
2.955378691616836750e+00
2.539198932206791159e+00
3.763036598248146625e+00
1.607695410840504158e+00
1.731909991604299481e+00
2.008272365265736159e+00
2.256159345122050297e+00
2.059560357516602824e+00
1.429810743992245836e+00
2.216706610654836318e+00
1.799635842174226230e+00
1.916207576970620385e+00
2.956774567927030084e+00
2.859695898462173425e+00
1.920010989324417272e+00
2.176302783594824319e+00
1.274623049795509555e+00
2.523900571826864336e+00
2.079788011257969416e+00
3.114609967411158475e+00
2.822128957261083038e+00
2.747782460574465180e+00
1.490154982391421523e+00
2.096665894250822060e+00
1.737843973688989463e+00
2.795055693814995745e+00
1.969922628192039893e+00
2.266232378557490268e+00
3.097143968419758586e+00
3.237286184285055324e+00
2.641726795747478373e+00
2.504915280006975831e+00
2.613758536849591252e+00
2.388361947932168050e+00
2.682729494395822201e+00
1.829574355337422409e+00
2.140620488730256898e+00
2.953635605855442048e+00
2.071090435376680361e+00
2.058332625807695049e+00
1.611673440146544456e+00
2.115986424084193462e+00
1.963028178792104672e+00
2.357899874790093442e+00
2.323310871085928042e+00
2.276192930192929786e+00
2.527348683614639491e+00
2.549344377736472378e+00
2.555211850711752053e+00
2.433153302456163569e+00
1.558205933750313799e+00
2.529148890874056033e+00
2.676797253513095498e+00
1.847223079830347725e+00
2.613827726953589448e+00
1.967848942686990288e+00
1.228003799345737113e+00
3.031078879972120443e+00
2.052412652725765341e+00
2.665795603459768959e+00
2.098205563957628694e+00
2.269499976544623099e+00
2.005490584356202977e+00
1.999814083683073340e+00
1.949870624361895288e+00
1.558920452711707094e+00
2.199212477336523808e+00
1.894962428291448342e+00
2.340219509857965008e+00
2.014096485087080612e+00
1.548982140870742930e+00
1.658014655268463589e+00
1.261284530175293295e+00
2.376181070892244840e+00
1.970953552324923974e+00
3.312617090438712442e+00
2.278363520453981828e+00
1.864210242265522677e+00
1.418014758832560229e+00
2.494897257399060653e+00
1.853109116461204131e+00
3.337045363596325753e+00
1.771987973954044726e+00
2.044743497332359272e+00
2.630527277952235732e+00
1.433952490151126469e+00
2.571557551618042670e+00
1.970984982986283107e+00
2.503041534218868769e+00
1.510228814713806988e+00
2.296831317367691749e+00
1.601767932846324127e+00
2.207114691488305969e+00
2.508167869815203677e+00
2.979871227108399356e+00
2.481989295743593171e+00
1.934193262636052069e+00
2.096105522352436079e+00
2.396631225302388923e+00
1.965031816699266853e+00
1.302773816324870770e+00
2.680957565003974086e+00
1.841863320825019912e+00
2.453125243231441655e+00
2.012075139861008832e+00
2.076632174091998628e+00
1.895799347000105106e+00
2.432648854045923681e+00
1.576636757879858797e+00
1.868927806480429110e+00
1.920275220442450470e+00
2.363600537734306339e+00
2.660030675480333784e+00
1.795399821699547260e+00
1.982076049783648930e+00
1.799906113598248369e+00
2.203611527059102126e+00
2.809923403163514077e+00
2.199678120415090365e+00
1.869623577335309372e+00
1.186422329156984645e+00
1.647852291025031946e+00
2.310901284869513184e+00
2.190275687528116411e+00
1.924877549476416982e+00
1.473600918770315849e+00
1.910099397431000989e+00
2.115762105830101714e+00
2.655957882455552532e+00
2.326952411837294399e+00
2.032459898462444237e+00
2.051020576340366386e+00
1.727197056813347897e+00
2.666839720430196792e+00
2.047876754931075904e+00
2.455715911621244363e+00
1.990077359127511603e+00
2.553947238050942925e+00
1.433236535984730553e+00
2.178412481449294447e+00
1.656398553505548987e+00
1.793440020647345090e+00
2.040939124582712871e+00
2.197731284786839545e+00
2.116681112415788935e+00
2.318038964275752178e+00
2.492443363455936201e+00
1.444212296976472798e+00
2.628804379951565462e+00
2.191298924426801520e+00
1.394922278095552803e+00
1.492477934800485295e+00
2.137090428570582290e+00
1.662597268263873440e+00
2.275812686676291552e+00
1.622645856208220660e+00
1.315069600770411906e+00
1.710588521082631486e+00
2.560788463895057099e+00
2.254989672901734021e+00
2.453920761375847803e+00
2.299630710013737644e+00
1.800716788303299065e+00
1.965421540187428207e+00
2.205694678079195725e+00
2.030869933880912637e+00
2.513664928614694816e+00
1.920755226135519411e+00
2.022097242100915793e+00
1.272785316984865744e+00
1.442434134565019566e+00
1.838451810371794615e+00
2.794165323869861606e+00
3.066546531913588058e+00
1.324648161671138968e+00
3.093802775299075325e+00
2.571380525293760932e+00
2.006224331643620129e+00
1.651106885924716217e+00
3.134977534602554794e+00
1.571111866192998363e+00
2.206657788364068118e+00
2.575956532738650662e+00
2.013482257404842102e+00
2.038479190532995755e+00
1.947645525261912924e+00
1.713265505955474000e+00
1.670450080239496815e+00
3.199341658853326997e+00
2.814641170565242323e+00
2.290739275401632469e+00
2.344537075807565429e+00
2.527581828848608492e+00
2.804592797417113204e+00
2.535313769497403502e+00
2.667355630796630184e+00
2.824501794850944769e+00
1.915785988088873459e+00
3.467752691600686887e+00
1.845776928491427160e+00
9.938902013974705296e-01
2.807679410526364716e+00
1.697128859706974247e+00
2.390118729029520939e+00
1.501941317217963645e+00
2.923688302378673942e+00
2.498412288240534185e+00
2.616399570343331593e+00
3.798159209323983099e+00
1.985388214366740733e+00
1.726487104820524143e+00
3.486573677164382712e+00
3.678682585716106068e+00
1.325025523505241276e+00
1.408486388086630070e+00
2.615564100161100303e+00
1.990595860650228310e+00
2.203954909926381323e+00
1.758062130249694377e+00
1.403447697986092590e+00
3.155798003553911268e+00
2.704963607287698135e+00
2.955743441777712199e+00
2.218309583094357329e+00
2.360098652701290600e+00
1.965936520967904722e+00
2.480713161091189001e+00
2.175064430262388271e+00
1.669850533781957580e+00
3.431523414849799281e+00
2.317767434265006532e+00
2.370323889219482894e+00
3.255245325226898245e+00
2.539740558802398240e+00
1.477916511334263605e+00
2.149414493973343276e+00
2.055645957713037042e+00
2.509316097471737006e+00
1.528599119356656599e+00
2.656233187394461570e+00
2.002981580957821528e+00
2.451143862242903815e+00
2.646040938244645702e+00
3.289316631218260234e+00
2.517991495875600449e+00
2.147461896614421661e+00
2.003040015255658002e+00
2.647527375595303933e+00
3.337527658904108296e+00
1.699543830924036492e+00
2.497524897547934497e+00
1.599570246344872215e+00
1.925865648802962626e+00
2.656294312201072039e+00
1.731702957333607573e+00
2.255283966661576489e+00
2.476919734841232845e+00
1.700448552684771464e+00
2.419894044119959897e+00
1.953968358840602271e+00
1.854436358046729350e+00
2.748512975260110736e+00
1.770296454387828344e+00
1.616888807523366056e+00
3.347670838217743583e+00
1.466744217268775019e+00
2.204748960760147813e+00
1.343341450622878686e+00
2.285848035192198591e+00
2.280532681709550591e+00
1.525096924880997351e+00
3.141818876825971163e+00
2.102049418809345926e+00
2.125848341709910105e+00
2.375572422455412003e+00
3.641714749335883017e+00
2.831315124561739172e+00
2.812344334901311083e+00
3.152698218673814612e+00
2.274490251379424954e+00
1.866561756619651291e+00
2.404869799543542186e+00
2.778767290925521660e+00
2.244711353929958353e+00
2.348532388406085580e+00
1.911862599233984827e+00
2.639820132626378157e+00
1.265800552884793762e+00
3.187669789937646048e+00
2.296420303888035086e+00
1.488226307498748513e+00
1.650618574295646956e+00
2.424142416013392864e+00
3.155660413437881839e+00
1.965449416255191872e+00
3.299637377088376233e+00
1.547903291007389326e+00
1.957508649916859467e+00
2.287156998342545933e+00
1.513696079168020736e+00
2.139440352054458039e+00
2.164165809968864540e+00
1.715005974089662599e+00
1.887627123129346662e+00
2.805723503258989560e+00
1.384333482006356641e+00
2.355738483679227890e+00
2.957232822495556412e+00
1.961586133722031722e+00
2.639736185209196506e+00
2.290141383893020244e+00
2.245904728219689783e+00
1.663060260939356327e+00
3.419304915751479879e+00
2.526869528839836843e+00
2.384916232479898479e+00
3.087798898413373738e+00
2.287038304826869428e+00
2.043086375327885840e+00
1.909504287488556384e+00
2.096556977698897040e+00
2.466066471934408533e+00
2.613403418954544311e+00
2.300752228645407627e+00
2.858688514613384690e+00
2.807681924010626329e+00
2.087517026682168986e+00
1.852555104119884888e+00
3.204120646137623041e+00
1.721143450529700525e+00
1.996197522453719397e+00
1.440946166521960059e+00
1.881306018013100712e+00
2.480578088524346470e+00
2.162447264683982961e+00
2.960918406310356854e+00
1.412369835636565707e+00
2.643545719822667284e+00
2.795760752827120665e+00
2.410382775319554582e+00
2.398196292643938410e+00
1.578282243766115034e+00
1.973557752745625837e+00
3.473460483810219657e+00
2.299767095097101866e+00
1.643505121533334723e+00
2.251264366959166985e+00
3.043625211612452919e+00
1.711725128676406138e+00
2.813436467363167104e+00
2.921333332857117604e+00
1.757614909238418788e+00
1.829856905070728956e+00
3.156320278864357398e+00
2.346506981110817680e+00
2.047555026514141563e+00
2.419013880065120414e+00
2.649681708567450666e+00
3.532910680946464765e+00
2.001574485643860868e+00
2.639986281592861861e+00
2.661215762039742749e+00
3.137511941247471903e+00
2.654442241387473977e+00
1.368167629799518892e+00
2.797189654754198340e+00
1.668150680156957000e+00
1.991348951806498180e+00
2.919314483183623299e+00
2.525267555049799828e+00
1.769726932313711032e+00
2.532517834029933912e+00
2.952566825903442105e+00
3.333281709545667493e+00
2.346697216236107053e+00
1.964852427778109201e+00
1.910414884969915406e+00
2.239396774816863278e+00
2.694039505033102522e+00
2.071138544772239687e+00
2.043358861708040486e+00
1.981340554020398326e+00
1.406158005742807582e+00
1.845113003195048229e+00
3.010208759785979460e+00
2.538912321760828927e+00
1.802613211642166924e+00
1.708999711476311356e+00
3.128657588404705869e+00
2.558279711690228275e+00
1.428923135298330926e+00
2.010796063923987020e+00
3.190328830437115570e+00
1.777970992342275736e+00
1.112170251281772382e+00
2.384044648461003391e+00
2.970758510824473397e+00
3.145292456835957928e+00
3.180024836688529533e+00
2.965408324933910489e+00
2.392039823766958229e+00
3.586566839244950344e+00
2.959062382577047234e+00
1.716589223654286345e+00
3.415343509515590625e+00
2.065005932700446856e+00
3.150125854976880913e+00
2.604465289412171813e+00
1.782727597705031419e+00
2.299811824344026867e+00
1.814657182289631354e+00
1.939268874755232019e+00
3.159426178273319952e+00
1.567003287840669223e+00
1.611343997019097918e+00
1.654943227280254447e+00
2.398483394519713485e+00
2.411726982396862784e+00
2.384837033405391882e+00
2.264645917788033813e+00
3.294829129929015998e+00
3.368627893071062029e+00
3.186877513991254407e+00
3.106120191830092470e+00
1.597660089418679430e+00
1.804124410715731708e+00
2.373722925089752245e+00
3.302145278138774120e+00
2.190619576788017220e+00
3.065930307018234657e+00
2.524184511861825353e+00
1.983384838607933132e+00
3.340252036100912925e+00
1.758349815553867490e+00
2.968154243024561101e+00
2.870637259061033397e+00
2.228899744750911793e+00
2.093382847310230055e+00
3.192407962637163976e+00
2.799391931568580016e+00
3.142449378733545906e+00
3.333093521860467590e+00
1.364155753110097624e+00
1.514747034278129734e+00
3.114705870497627149e+00
2.209291460894374559e+00
1.973313677409635813e+00
2.247617511737414642e+00
3.298262762065459430e+00
2.328394948929059627e+00
1.928313415505576778e+00
3.079293453546558812e+00
1.917918633425937935e+00
3.126928818191572201e+00
2.793881496343853410e+00
2.023427355369491032e+00
3.065108271119179939e+00
2.886016644297110023e+00
2.276333202811987366e+00
2.604008040248165123e+00
1.347686076722541593e+00
1.841081333593112213e+00
3.173431567314001889e+00
2.526051943361758312e+00
1.843396419246590590e+00
1.525113773223157221e+00
1.440427089734188204e+00
2.270756407144798761e+00
1.204379707527516441e+00
3.128097840530384754e+00
1.432961975178439928e+00
1.765386005360048971e+00
3.678377115947446097e+00
2.989665517868396183e+00
2.636606996419681437e+00
2.557665183447858759e+00
2.411233930465764619e+00
3.135932896184732144e+00
3.224099366055854343e+00
2.534254010949311020e+00
1.819814143862915623e+00
3.467522205916561351e+00
2.742198190696099491e+00
1.911003191434623272e+00
2.211936762458179828e+00
1.878384895419176637e+00
2.707225260546771928e+00
1.320101798910173763e+00
3.340999732894525120e+00
3.455247782704419013e+00
1.754072894676828032e+00
2.389398310390985714e+00
2.074824304074328829e+00
2.648976165755105416e+00
1.984282813483645658e+00
2.388100416945170945e+00
2.170787605703544010e+00
2.100608645907175109e+00
1.887175473091252886e+00
3.455492113799631948e+00
3.154527485690838517e+00
2.401495585575625480e+00
2.944537710784412621e+00
3.031980683704299739e+00
2.514516950281365126e+00
2.970326049557195258e+00
2.333131796716046313e+00
2.507181040583098319e+00
2.242249411146564952e+00
2.342887532958284336e+00
1.905740621330797469e+00
2.496679414061651059e+00
2.000570826935807123e+00
1.644062128931633282e+00
2.050167187850183925e+00
2.253388322010467348e+00
2.009301416076236357e+00
2.648549736528108323e+00
1.479456907064317761e+00
1.569535113821469041e+00
2.190181935770120436e+00
2.398657057993326180e+00
2.402367536890964939e+00
2.448643817227754038e+00
2.264433540897552888e+00
2.346787424435497815e+00
2.696435935782803384e+00
2.528747692532063329e+00
2.298031750404506912e+00
2.036590195971443418e+00
1.909935129803207010e+00
1.398908261462394220e+00
1.993044230323946620e+00
1.878506582472132314e+00
2.389384916458890284e+00
2.100874173756574592e+00
2.183195740855909950e+00
2.343836646572549753e+00
2.405744720893117083e+00
2.192632570759689870e+00
2.084672956433226254e+00
2.540753745172765310e+00
1.744156867038875625e+00
2.802186063252692261e+00
2.139952341271997405e+00
1.690102739005825194e+00
1.427862687236740591e+00
1.983992427524264190e+00
2.699671470262472894e+00
1.987196892574233820e+00
2.423723464347583789e+00
1.876151020651406487e+00
2.472750907193132619e+00
2.000564203052667800e+00
1.604718449446221440e+00
2.786606351307018947e+00
2.335384802913671454e+00
2.006215471756603641e+00
1.624361321971854677e+00
2.759045768750208349e+00
2.674996260493217370e+00
2.309009177175284755e+00
2.902326381088412344e+00
2.174709757551287481e+00
2.035043692133533533e+00
1.000790913524445491e+00
2.524578997011846848e+00
2.407332103803838663e+00
1.973638898253687657e+00
1.566397744365759959e+00
3.331060132913443272e+00
1.222476629833808115e+00
1.995353973133246583e+00
2.307326141280483078e+00
1.973056896831483664e+00
3.112814737790821962e+00
3.147659589241479150e+00
1.915720660134627273e+00
2.061506597858456136e+00
2.795500490870969745e+00
2.333956852297751183e+00
2.331542511845452470e+00
2.189689567273813253e+00
1.925701556754763066e+00
2.967961011857186637e+00
2.138642285306967317e+00
1.848851664943227391e+00
2.912341316884206943e+00
1.044815379241446296e+00
3.011319105921500761e+00
2.087489130609032184e+00
2.614731545212636732e+00
3.049767669060710062e+00
1.440095325787513314e+00
1.341214760425915919e+00
2.001203753923790352e+00
1.942587622317111462e+00
1.731073531904385732e+00
2.082200894683934322e+00
2.218650537462193206e+00
2.153027838738994948e+00
2.595331401551417727e+00
2.376054612710023051e+00
2.019215197018064956e+00
1.769515100928664042e+00
1.790878276189692642e+00
3.015326353239528689e+00
1.741339909422779053e+00
1.965840543663082585e+00
2.184599072082962667e+00
1.569351912514379110e+00
2.092395513892201020e+00
2.176727643059962691e+00
1.755295962756145300e+00
2.925803899750041737e+00
2.176251354458475173e+00
2.913030889660555456e+00
2.404174904405417035e+00
1.916693863414575594e+00
2.106787660603416601e+00
2.020914597491111575e+00
1.611069093795910900e+00
1.906684918781158311e+00
1.459195632781189023e+00
1.881080916711420192e+00
3.192069154939353393e+00
2.007043619410005864e+00
2.506558639434059543e+00
2.198200229265871997e+00
2.046561928791231999e+00
1.672345740562250160e+00
2.221563610296751978e+00
3.309751679482291209e+00
1.481603682727662630e+00
2.344049692132099239e+00
2.557953757717366550e+00
2.004374420405512058e+00
1.018888059104996469e+00
2.322878017904234760e+00
1.961327743991920114e+00
2.351569561704092148e+00
2.188863228485622869e+00
1.964228609349716326e+00
2.335144040994462600e+00
1.818412894314494377e+00
2.166081915936241664e+00
2.091764286853078580e+00
2.388447254178792889e+00
1.952165915796231666e+00
2.019421327663111221e+00
2.202741297109043206e+00
2.923333179513381452e+00
2.122370310199926724e+00
2.532124917462561964e+00
2.300910334811328006e+00
1.874702308242633952e+00
1.468012569795047684e+00
1.841607929605098892e+00
1.802083896665647389e+00
2.370879946355464618e+00
2.538504549726087411e+00
2.790163498732024294e+00
2.183759628605202341e+00
2.354337482067067278e+00
2.527381200394013483e+00
2.540536142789199481e+00
2.033559126631334646e+00
2.406266257899619898e+00
2.782001958576594713e+00
2.874053393312119287e+00
2.101229744912158637e+00
2.670970628393415591e+00
2.011066232796328457e+00
3.355475592465976487e+00
2.619811921742035032e+00
2.429736709531854277e+00
2.651431759011744660e+00
2.772344905902508483e+00
3.635360232724661245e+00
2.392102673080663156e+00
3.319791360344138909e+00
3.250726602945242849e+00
1.866714430672794522e+00
1.241870912237534874e+00
1.986451014729639253e+00
1.962727081417613872e+00
1.732207969957550775e+00
1.598132633080071141e+00
2.120784354198730792e+00
2.157034811553748099e+00
2.329863713484765952e+00
1.536587689588415628e+00
1.749497487269780382e+00
1.578531469719844482e+00
2.106975510130685514e+00
2.386931479041405346e+00
2.741138576319637643e+00
1.571553633570787367e+00
2.330124824516365933e+00
2.313767154561977790e+00
2.543476276185352880e+00
1.440767881482221791e+00
1.774453463550301757e+00
2.959813649582325290e+00
1.917274732778616819e+00
2.275682523693903114e+00
2.438148391782792856e+00
2.554718594431634404e+00
1.987500043890368939e+00
1.506926241400765587e+00
1.968339936262194279e+00
1.562633193878046223e+00
2.461386163184438924e+00
2.528592675243285459e+00
1.444995415972334163e+00
2.766356313397849487e+00
2.780241851251467722e+00
2.530502623948962082e+00
2.106769617766280245e+00
1.845217378590771951e+00
1.341783137947795135e+00
3.129387439319358144e+00
1.841588844746856468e+00
1.841420429737235631e+00
2.131499800967870950e+00
1.897253343661938318e+00
1.969794105394560457e+00
1.938677123407842817e+00
2.514836248750603520e+00
1.505176179997916197e+00
1.425592380604878473e+00
1.489370987945725755e+00
2.295198759236073638e+00
2.371151430621282863e+00
2.812224156315755064e+00
1.988640126836108246e+00
1.559813594875953946e+00
2.979246339823298229e+00
1.965664736779987765e+00
2.317273783185663572e+00
1.988618771385790129e+00
2.097104995007986528e+00
2.033388263942230267e+00
1.436933548757959533e+00
2.509314599118102507e+00
1.959506108230494537e+00
1.644660720609126825e+00
1.959357799598551608e+00
2.519424397147945971e+00
2.466144857318629757e+00
1.602228843172800454e+00
1.529903137524708301e+00
1.921821057834067759e+00
2.279421198201768028e+00
1.957294459733074143e+00
2.665886739568369634e+00
2.104230289969386547e+00
2.631704497947615629e+00
2.212593840138588952e+00
2.092025399482066561e+00
1.402442931780788493e+00
2.653251065517204133e+00
1.469404205680588493e+00
1.810428696328468368e+00
1.801230641072384175e+00
1.816991903080114268e+00
1.438497583391549872e+00
1.980312390586534965e+00
1.952779170548673449e+00
2.537055313315713878e+00
2.396273282446138797e+00
2.128213676083313910e+00
1.493011800841598014e+00
1.610445812172933255e+00
1.422811386173782555e+00
2.342734728864695359e+00
2.406552192419880054e+00
2.280192397672172966e+00
1.899236246318899646e+00
1.656501824961539082e+00
1.765660290308592062e+00
1.839275234853790408e+00
2.399662910584273501e+00
1.713670471889393809e+00
1.664106946090430306e+00
1.239846049012155227e+00
1.611701668031352730e+00
2.306010810511235132e+00
1.302909187378132438e+00
1.461505025044164352e+00
3.124380879889413265e+00
2.750911575857079239e+00
2.114366691993554426e+00
1.578994039276117034e+00
1.982388177105646632e+00
2.222977742635351195e+00
1.510363985465773107e+00
1.929047780012726587e+00
3.423220190045323630e+00
2.918593653840511948e+00
1.686135260746845388e+00
2.315114545247573208e+00
2.950696864825018029e+00
2.513694244219275564e+00
3.716243869037351821e+00
2.643449022324655839e+00
2.450751653932029317e+00
1.729056181121337188e+00
2.975067513458265367e+00
3.330131493865435832e+00
3.170830006774203014e+00
1.963834583490614127e+00
1.879190006657909251e+00
2.800448832243838559e+00
2.520692879340238335e+00
2.332586870942512824e+00
2.663937239424130521e+00
1.341318569829029306e+00
2.186705845597144204e+00
2.270679977599502575e+00
1.893662453937938750e+00
2.958869972402990101e+00
1.836327915876996508e+00
2.423804209875220828e+00
3.236942191809587310e+00
1.977466437013102096e+00
3.679018818895116283e+00
1.874667748879234042e+00
1.961342866705817478e+00
1.757466173764266504e+00
2.354679958212246405e+00
3.755513708637497672e+00
3.400740082035755396e+00
2.806282165000283157e+00
1.652668933667019946e+00
2.862783258483184490e+00
1.969908116180455915e+00
2.975072037389447477e+00
1.928185564887558767e+00
2.806603068041062521e+00
3.156637573785372020e+00
1.371797902058026208e+00
2.283169768177915060e+00
2.450096392260419531e+00
1.882890218443531438e+00
2.325475698604721586e+00
3.586402135171605554e+00
1.916578130640872679e+00
3.753380537328629085e+00
3.400498994739901359e+00
1.755762112889361459e+00
2.404534554136231517e+00
1.796583616902046154e+00
1.476346181480487463e+00
2.865870635650790810e+00
2.159417643109966090e+00
2.656922071065525692e+00
2.330858179096205962e+00
1.826247492514757154e+00
2.597670354833796047e+00
2.005120578129815812e+00
3.698439197246305543e+00
1.963512232992482121e+00
3.553559250001630421e+00
2.856445107507451286e+00
2.775084558715017469e+00
2.298960805865369217e+00
3.675782029687048258e+00
3.155454758629978151e+00
1.894405471594497348e+00
2.287736201012586346e+00
3.110791195464387204e+00
2.185310249163149532e+00
1.881185455382117011e+00
3.108576260507234679e+00
2.385236030724145362e+00
1.606860493574087778e+00
2.354186227125110165e+00
3.427091439624305735e+00
3.419486715513646136e+00
2.902544046853336557e+00
1.951059836847373274e+00
1.942341848234532709e+00
2.703162985198197532e+00
1.222315662975489658e+00
2.279741083916620337e+00
2.188419580931528774e+00
2.519375947834566976e+00
2.283043848229233230e+00
2.277883807486589696e+00
1.436798065597033824e+00
1.994123405677240113e+00
2.605824275621061670e+00
9.446889323600673460e-01
1.813809100834573806e+00
2.621343467518768122e+00
1.649774075231208670e+00
2.976068717969328148e+00
2.629562562928609459e+00
2.656820373679896097e+00
3.149630232746221559e+00
1.847776378134061037e+00
2.406213125579723666e+00
3.142442330127617645e+00
1.981089456630576784e+00
1.999440724289327287e+00
2.656163121241109426e+00
3.742688501100120302e+00
1.612614444117510759e+00
1.987497633082634829e+00
2.401155992601131661e+00
2.507118154152111700e+00
1.489440876120277091e+00
2.500715052429566931e+00
2.333799377241869255e+00
2.081383488503968149e+00
2.474804653407310706e+00
2.356692952665682128e+00
2.056710490592402962e+00
2.549525799404153581e+00
1.834319218833915910e+00
2.013741382656329737e+00
2.106354586953459673e+00
1.810584988505208326e+00
2.330362822979088921e+00
3.167338273591680409e+00
4.384899629306518776e+00
1.440779481681157215e+00
2.003437699510713266e+00
1.251608886276245780e+00
2.271861683589187830e+00
2.648100441015033724e+00
2.009388759627286802e+00
2.910970333195311621e+00
3.322541287755339745e+00
3.356680724702797214e+00
2.100483832063670953e+00
1.439343734268496044e+00
2.716905838122755767e+00
2.092807826800748394e+00
2.636771454023284722e+00
2.522248951345153145e+00
1.489125631598674282e+00
2.623911138819337463e+00
2.157810207407400149e+00
2.613041513344595224e+00
2.940490671591830196e+00
2.819404811117727228e+00
3.138661739349758673e+00
2.628553526077562541e+00
3.627237459094059258e+00
2.208951978960902451e+00
2.691503724198763603e+00
1.359219442621281138e+00
2.160116196229268759e+00
3.117162987153920373e+00
2.486977097866844844e+00
2.237967293733457819e+00
1.881177241528276811e+00
1.596798458368474005e+00
2.473106321471471247e+00
2.515233685658521345e+00
1.186085663863458706e+00
2.319923401566680976e+00
3.117857094461612633e+00
2.187571500333759023e+00
1.929244316140625637e+00
2.357627365498707661e+00
1.894742215713107525e+00
2.399715134394240668e+00
2.940675803645685260e+00
1.852443122301340672e+00
2.524414766671246202e+00
1.301184808195106513e+00
2.823213222649173737e+00
1.233178543318658615e+00
2.165377678835899378e+00
2.875817443554032682e+00
1.031591682538942623e+00
2.386605330071497111e+00
2.617964108541466661e+00
1.903421935767656059e+00
2.628275094282744195e+00
2.813083559843195580e+00
1.992475300445701425e+00
2.296028271593202774e+00
3.122676472130835990e+00
2.790864513020156146e+00
3.680454831028973306e+00
1.639600599597356156e+00
1.887456662283583331e+00
2.225623317414033853e+00
1.982276895360104652e+00
1.952933072722047747e+00
2.875233866877097366e+00
3.130051991912725207e+00
1.984949822471945735e+00
1.883878809148629596e+00
2.764740668616540553e+00
3.234294702295473112e+00
1.109175894042641053e+00
2.007213254940045655e+00
1.966161584566809228e+00
2.525117459904281159e+00
2.440481040004413238e+00
2.361620616103219383e+00
1.986882826643420863e+00
3.748922601213126704e+00
1.830663567738523456e+00
2.384072285944855984e+00
1.993357750562660513e+00
2.408751790527181136e+00
2.414022664018879993e+00
2.094209435177339262e+00
2.063644115658753275e+00
3.731918634973959037e+00
1.943804640329052313e+00
1.410664421215973796e+00
2.613151048326547876e+00
1.430190848134498482e+00
3.171388579463600088e+00
3.422237310357274076e+00
2.858661351626779368e+00
2.587729426333059912e+00
1.706624230421641242e+00
1.435741001063653322e+00
2.803498740807008005e+00
1.961261467554428206e+00
3.140716799313563179e+00
1.999971211319355735e+00
1.581868984228190556e+00
2.445230943495966702e+00
2.931846989337528075e+00
3.140488935374169177e+00
2.520810102129783736e+00
2.671967762133073077e+00
2.957714796119972345e+00
3.136939725082263930e+00
2.816642317426561792e+00
2.140729544294192266e+00
1.384209182270882410e+00
1.252114865288910472e+00
1.338906308203804629e+00
3.052750121507334491e+00
1.887129203121816978e+00
2.197518478886228976e+00
2.277606136023489380e+00
2.424596435930682414e+00
2.808590194761030556e+00
2.726680388885163620e+00
2.879138992761889337e+00
2.938638551018092571e+00
1.971024073117893183e+00
1.209074230411192108e+00
1.633143767621676234e+00
2.098993830827020624e+00
2.096869190418638507e+00
2.107149298913200131e+00
3.736765407722114407e+00
2.650638736716624422e+00
3.206440296667359302e+00
2.907334102278066545e+00
1.223598282187399411e+00
2.965543120578709946e+00
1.488297539842718065e+00
1.924179670742852455e+00
2.820438640870927660e+00
2.204290596366026200e+00
2.160562074428239665e+00
4.051998024368929308e+00
2.509920273934846069e+00
1.730527182958141674e+00
1.903263853914242132e+00
1.959707631418301510e+00
2.820237937853638410e+00
2.490848574484685773e+00
2.242898680864792382e+00
2.146791514756617225e+00
2.958418226239732718e+00
3.399403227423377416e+00
2.299081165674356608e+00
2.785432769304847955e+00
3.080433965243396521e+00
2.058721883606915437e+00
2.955683730428084299e+00
1.586886368159556859e+00
2.703620165728235492e+00
1.372426050464618186e+00
1.330286018890866728e+00
1.818194628032538951e+00
2.778160174613111710e+00
2.149352936715350992e+00
1.847300010078340549e+00
3.137292949467286540e+00
1.893682185764708592e+00
2.275212196288293409e+00
2.574630531752703622e+00
1.975220732104479238e+00
3.003717917903241386e+00
2.920418650424238649e+00
2.196347466623717715e+00
2.497698306367484911e+00
3.575678984026392726e+00
1.761818044584365639e+00
2.780094404479086290e+00
2.072921459433235025e+00
2.443314971131130608e+00
2.782287353303511512e+00
1.313578830926369623e+00
1.865507965929113166e+00
2.722563885666412720e+00
1.945813325005946837e+00
2.820443224825297523e+00
1.978922209640294971e+00
2.122960396985790421e+00
1.527868797938901180e+00
1.536805162295168836e+00
2.187109355891630802e+00
1.934011955625414947e+00
1.990537654982077242e+00
2.163693164388413415e+00
1.662363413097122100e+00
1.976771700221517047e+00
2.137142886816234988e+00
2.291150382372243222e+00
1.499739426805517306e+00
1.002114301205877300e+00
1.521252412813778543e+00
1.647702088543261834e+00
2.804323974659341356e+00
1.795720872597700302e+00
1.318611362241592255e+00
1.364601540573000316e+00
2.391713217561886040e+00
1.972492713885868332e+00
2.328544063178666246e+00
2.318161194683949766e+00
2.262467735659480894e+00
2.135169860123762309e+00
2.786869389358365812e+00
1.684226204987244735e+00
1.959589316210738508e+00
2.442135298581307623e+00
2.275484298823551299e+00
1.955537772032889254e+00
1.889516317954876401e+00
2.193302035245321413e+00
2.279859561261947221e+00
1.509420934649695178e+00
1.478767430546361172e+00
1.596047241575398790e+00
2.137533544809158581e+00
1.880984236015283306e+00
2.057491500043974852e+00
2.527773596151663860e+00
2.288760462627321246e+00
3.416794347951278787e+00
2.039818546805355570e+00
2.300678278915933905e+00
2.519000269232107847e+00
2.271813770882517680e+00
2.304269724150953103e+00
2.524332763574051786e+00
2.182568916680967419e+00
2.409328462095628343e+00
2.944952099678610935e+00
1.957254918032942159e+00
2.536008487429133762e+00
1.516755163197407885e+00
2.278609264521534339e+00
2.139174262026473095e+00
1.864741962054143887e+00
1.778892016155352085e+00
2.336738236213548259e+00
1.825973484403637048e+00
1.438579949969717608e+00
1.500789304335647056e+00
2.361617220693209784e+00
2.315026902252707242e+00
1.492108125341373714e+00
2.026299431700341991e+00
1.867942702767305674e+00
3.190375521243150825e+00
2.044119043299350569e+00
1.228236937300875020e+00
2.486338031022059525e+00
1.492887833265221342e+00
1.867683700131885116e+00
2.270244604986951575e+00
1.817242289855364845e+00
2.301362006765940826e+00
2.408322742736992872e+00
1.469220462684249551e+00
2.305397458853329695e+00
2.626536427129414708e+00
1.427752767965934977e+00
2.275752851501735563e+00
1.961731411122865643e+00
1.879368950902952307e+00
2.512925547484896605e+00
2.222306072346059480e+00
2.638027766174090072e+00
1.360776124373614504e+00
1.966438737534800696e+00
1.385231356189253971e+00
2.137272497362225465e+00
1.804832173025204822e+00
2.648189919768460410e+00
1.933287294833845538e+00
2.100660952241424795e+00
1.491096046965040500e+00
2.300688033612994232e+00
1.979046543492114729e+00
1.889252560334150122e+00
2.319541081391730319e+00
1.867734058161524713e+00
2.852888649727843173e+00
2.624789107158560064e+00
2.251290829272325045e+00
2.939970306353900664e+00
2.278936132579836737e+00
2.093281280536359645e+00
1.508879314079402567e+00
2.487504939147096916e+00
3.330687535510639563e+00
2.072330168866336031e+00
3.465517985174256133e+00
1.506964367977718933e+00
1.915114947704759096e+00
2.060700553705151261e+00
3.325911695881917929e+00
3.004471057431478354e+00
1.297400845853458939e+00
1.651142399493703117e+00
1.709024067888424314e+00
1.700273094322612755e+00
2.351310659258913471e+00
3.127367234543683150e+00
2.175447434113166878e+00
2.165796545089448522e+00
3.151626571513137076e+00
2.392050196931271078e+00
2.654350853514935604e+00
2.344438812509851644e+00
1.741427642037182588e+00
1.920123289491998175e+00
2.114667980737732655e+00
1.920156767505750484e+00
2.722624485282846063e+00
1.688614493575343323e+00
1.528081179707727166e+00
3.023885425090413470e+00
2.625109277168062860e+00
2.076092598026405334e+00
2.222748787416934046e+00
3.006896146888666355e+00
3.214572153513465480e+00
1.959946331701913014e+00
3.177555246996621285e+00
1.914066691854442892e+00
2.189512351209632168e+00
1.826075388656934750e+00
3.242570674340507608e+00
2.895622873233665739e+00
2.084758363568066208e+00
2.220090070043754249e+00
3.075528455180234211e+00
3.067899679409252567e+00
1.956160374197498220e+00
1.974255933976073241e+00
3.219185484253551888e+00
2.388987067636660466e+00
2.422251479235888461e+00
2.940366986027189711e+00
1.606389803268826411e+00
3.066101118478712362e+00
2.788071062386257903e+00
1.981652854390752339e+00
2.442045335918374249e+00
1.687201849903548823e+00
2.462524725517613255e+00
2.932553023875779985e+00
2.373638358589522213e+00
2.707949909073241290e+00
2.994291775776614095e+00
3.051727282381605733e+00
2.396098835848155417e+00
1.203867606765566256e+00
1.465709239464948466e+00
3.526095187772154471e+00
2.234062238829843228e+00
1.951599197159930910e+00
1.584169343501629523e+00
1.561995320518383412e+00
1.992569256403184941e+00
1.594090610139460296e+00
1.668112366846488559e+00
2.286022351920645512e+00
1.986714969193759783e+00
2.324312417803854558e+00
2.275747443817680793e+00
1.384759264376006715e+00
1.502054282891458703e+00
1.785084785126041185e+00
2.225263858063660560e+00
1.966007125913503906e+00
2.234072178084690830e+00
1.803598364628258954e+00
2.252846842297560936e+00
1.743728022329798399e+00
2.390067139013880126e+00
1.445691820063545574e+00
1.967180420671965635e+00
1.861444860115412103e+00
2.000313516010994608e+00
1.915884384981010768e+00
2.082287770576292107e+00
2.186507816047354780e+00
2.289107354066305611e+00
2.266433956034886066e+00
1.765697993987593195e+00
3.345082802566242020e+00
1.548134408882859026e+00
1.740347010970373587e+00
1.493435955380347346e+00
2.383157664787259655e+00
1.961876177025168921e+00
2.754016907286813254e+00
2.651217338840906823e+00
2.100880860947984097e+00
2.402504689677771754e+00
1.682425309377828526e+00
2.219675067659872880e+00
2.518182294873885674e+00
2.115804650048608959e+00
1.234422411603225411e+00
1.755359454331103519e+00
2.157358072100449942e+00
1.920440507612793946e+00
1.339660950994595590e+00
2.180216294952202816e+00
1.681328539700676528e+00
2.046501236507960897e+00
2.406474795542427270e+00
1.328674582672802140e+00
3.235164374738686011e+00
2.170148452636448955e+00
2.357132846432957951e+00
1.954990437710807383e+00
2.225282638801997503e+00
2.315388285749250930e+00
2.528318559911563845e+00
1.420266463835416992e+00
2.477306668927300226e+00
1.333986414537457144e+00
1.915929137455023357e+00
2.540771722137918687e+00
1.520666436047405590e+00
2.912802998846658387e+00
2.279696741960404616e+00
2.324980867366543524e+00
2.166829458211338988e+00
1.995664934781866018e+00
3.106090814433827063e+00
2.400877059618141018e+00
2.174718365258595298e+00
2.386636170744532937e+00
1.882663481199499556e+00
1.969417941984051401e+00
2.283289118771110626e+00
1.863580336982089580e+00
2.257093685433195329e+00
1.276330947723239850e+00
1.356626345952510970e+00
2.494702607947794970e+00
1.954814104812796494e+00
2.999289782117678271e+00
2.043495131392162101e+00
1.596914556236795013e+00
1.424354570610175452e+00
2.261128262836954672e+00
2.340444905174111856e+00
1.895616169834563935e+00
2.195690231770701661e+00
2.473067327011786887e+00
2.658430855138938842e+00
2.121569883848392291e+00
1.388871216998317504e+00
2.080366271113378573e+00
1.800366523812679143e+00
2.326877228170587841e+00
1.554138003973210225e+00
2.278009784565373508e+00
2.488511372294903712e+00
1.390384678094676696e+00
2.312546281349029620e+00
1.530417585974754191e+00
1.505846457050714626e+00
2.969713384675514600e+00
3.191273698327858899e+00
1.670369472803699518e+00
1.444460119551472799e+00
2.531324421734470587e+00
2.598123470042609018e+00
2.735350540802154562e+00
2.963134872793306229e+00
2.299713105457392714e+00
1.607582047556511240e+00
2.518410335893463525e+00
1.485151870743679270e+00
2.818476700307584348e+00
2.357174925796616805e+00
3.021177043515278715e+00
2.040070190207010192e+00
1.063642311846063393e+00
2.989320343308349948e+00
2.203397079290827953e+00
1.873231379847450473e+00
2.530850161989792291e+00
2.391046743657064599e+00
3.260214755573473511e+00
2.945784951748225300e+00
1.755976816252660777e+00
1.545092480042931760e+00
2.006272961824254519e+00
2.536730116592987194e+00
1.524608776691472434e+00
3.177583310297081187e+00
2.416424429902559012e+00
2.540706348623508859e+00
3.088455856878905337e+00
1.866295999284724560e+00
2.502979954856872968e+00
1.763983180758548208e+00
2.303019112283573033e+00
3.203950568384181796e+00
2.543592120092015296e+00
2.802779212484212579e+00
2.960675474986360634e+00
1.995862999044645480e+00
2.000366019287289188e+00
1.691619482620510873e+00
2.382936535904194297e+00
1.010752589606521257e+00
2.908704360573185710e+00
2.605717981765975022e+00
2.216815432898853633e+00
2.322679259089099890e+00
1.214293440580372474e+00
2.770417895915784356e+00
2.386057579651892802e+00
1.963089544122525343e+00
1.314927334243653601e+00
1.980664130787434862e+00
2.109243556941650333e+00
2.135790270913056954e+00
2.220400102821324939e+00
2.345850241977443407e+00
1.952359273924807015e+00
3.016974223073570993e+00
2.364854820819942027e+00
1.831589212078873929e+00
2.709219933062849694e+00
2.207376179945576222e+00
1.688954140110833446e+00
2.884711469148570906e+00
2.638311109945540078e+00
2.407550485038891797e+00
2.501430491446673621e+00
3.535790917442002801e+00
2.938581234404128661e+00
3.124306116254000898e+00
1.488128714571344213e+00
1.879793368273674270e+00
2.751136422902994649e+00
2.650379030118072965e+00
2.663283060433287108e+00
2.171808019737363260e+00
2.195116715151899989e+00
2.997600283505906127e+00
2.738375391610641696e+00
1.604180896262330736e+00
2.283571662427288373e+00
1.333657561472806119e+00
1.939437752874620280e+00
1.965451403051390544e+00
2.520112000390602791e+00
2.798526690513544413e+00
1.275147235623489861e+00
2.416988554448619819e+00
2.806393440753212065e+00
2.548804907279708321e+00
1.970911425706880715e+00
1.567255852029102892e+00
2.805569944125693826e+00
2.422767830098929487e+00
1.951313268878377860e+00
2.320889137414676728e+00
2.319355494725140687e+00
2.665949644398977636e+00
2.961427297174561435e+00
1.762031214548910318e+00
2.109241946925563660e+00
1.856454279869931279e+00
1.354367897883230532e+00
2.477322060738416987e+00
2.534269949696252855e+00
3.167615241644206936e+00
1.545120638949979863e+00
3.153202694906206638e+00
2.184344189708119721e+00
2.509348611640885629e+00
2.517472350998316344e+00
1.670280790511614599e+00
2.525559165194302569e+00
2.306794424000936594e+00
2.915735171988241614e+00
2.630340445603849275e+00
2.764458066408705061e+00
2.208776459672946668e+00
2.132226743045601669e+00
2.809404714067701203e+00
2.621808566356906844e+00
2.012391836405627910e+00
2.951774369281534582e+00
2.423007700592031188e+00
1.752266289643653163e+00
1.569352824946775193e+00
1.466795588895184910e+00
2.801394227074570864e+00
2.143209965352579793e+00
1.952144628996487441e+00
1.915354821584704492e+00
1.801904509649913555e+00
1.764823745905663266e+00
2.203739152530853840e+00
2.949124781800114281e+00
1.615215338325286520e+00
2.525859515534748745e+00
2.543483036403689557e+00
2.823315446023792585e+00
3.345935643672127480e+00
3.252052262445320974e+00
2.563965548700077868e+00
2.045014697060321129e+00
2.303535877822699973e+00
2.573817745201609775e+00
2.328139397153961010e+00
1.460243933590704701e+00
2.406277500286632787e+00
2.094275252101085005e+00
2.111909305322787755e+00
3.123843682332093863e+00
3.253428355968502217e+00
1.740299658129180527e+00
2.982411871470685760e+00
1.932733693935015040e+00
1.974961669012051946e+00
3.282829729899015891e+00
2.534754437365266622e+00
2.444599366305359567e+00
1.410514912410333332e+00
2.266131898659875521e+00
2.843508853811496095e+00
2.931764928146364024e+00
1.771763114419304230e+00
2.901159446267479680e+00
2.296998455314005927e+00
2.528315803637079640e+00
2.436597262330810754e+00
2.412456279831108663e+00
2.642888476558498123e+00
2.923153448823220479e+00
2.344556597645631513e+00
1.443144275660486198e+00
2.530969446929994149e+00
1.949746447647148662e+00
1.960189773410952352e+00
2.363016432203375317e+00
2.279438852271149063e+00
2.657024955393219479e+00
3.567025455225342423e+00
3.300180389789522550e+00
2.592531169409871605e+00
2.227660888043325293e+00
2.139025275990093622e+00
2.562512132866703318e+00
3.421892113457032814e+00
2.367031665466981849e+00
3.077982276406400874e+00
3.166946355665610113e+00
2.806917059328253750e+00
2.750969595918076216e+00
1.447308469448936208e+00
2.618743988151048363e+00
2.644997446823844633e+00
2.395362110219476648e+00
1.960767851912733395e+00
2.379621387845084701e+00
1.724142384915588355e+00
3.055102432090402331e+00
2.291891682205414060e+00
3.332199034546112770e+00
2.510833007245354409e+00
2.265928866637857642e+00
1.212455006485154030e+00
3.153898768188841295e+00
1.869199943404348474e+00
2.511292918668099450e+00
2.366088750607271862e+00
2.870297181305112577e+00
2.664856446328668138e+00
2.493957835308092452e+00
3.069862977048606112e+00
1.690933619281384415e+00
3.296875457946821797e+00
2.578817345411881234e+00
2.856934757386079049e+00
2.397237912966743600e+00
2.140085155407150719e+00
1.398747743949101396e+00
3.726521432049305638e+00
2.771788932337325040e+00
2.238487681911128568e+00
2.087921758396018124e+00
1.830638685738574800e+00
2.124945596168866135e+00
1.440115015562479339e+00
1.842848827432066683e+00
1.913306148359836811e+00
3.596734312367863229e+00
2.801543096657475918e+00
1.438919534495472830e+00
1.840128777722368714e+00
2.463626369121431736e+00
1.774051799739862156e+00
2.250921798203410873e+00
2.979662795771652384e+00
2.324125740885248703e+00
2.980069367362944366e+00
1.474778716983160320e+00
2.985665858605683898e+00
3.606767449778499834e+00
1.965229748072615967e+00
1.978566139496630072e+00
1.762671053984644631e+00
1.801904947935925261e+00
3.047253304522069772e+00
2.173565928706491235e+00
2.178433208688225875e+00
1.656164935086710699e+00
2.105144521599810581e+00
1.798360164807147665e+00
3.380436444955368547e+00
2.093606342905009576e+00
1.616359885402635088e+00
1.379680445764507102e+00
1.532621911037919338e+00
2.781363262720442098e+00
2.582477545281825826e+00
2.287578288849449137e+00
2.289030500373963495e+00
1.850499791601504462e+00
3.025750470434285688e+00
2.251641138329933511e+00
1.424373087791549031e+00
1.595873309353555314e+00
2.264693776791469215e+00
2.757280587409143724e+00
1.895842400131821259e+00
1.077679496922164804e+00
1.904223128364570083e+00
1.726191870238656945e+00
2.212007667548992362e+00
2.516736290940221554e+00
2.928941205052033592e+00
1.976343325274730889e+00
2.208564280308096706e+00
1.789642902726306106e+00
1.906841411964078414e+00
1.881560940209066057e+00
2.393069354027702378e+00
2.491618974085969551e+00
2.543962357395388452e+00
1.380411822841338232e+00
1.685635756995939261e+00
1.763146300678551048e+00
2.236925079048085685e+00
2.183648151528645887e+00
2.312132512559033959e+00
2.441089670403798539e+00
1.979306519763897931e+00
2.545846047510722521e+00
2.871133527205158575e+00
2.775449168592539984e+00
2.934937901455143994e+00
1.958506628946882655e+00
2.976803403888230726e+00
3.189483331872045468e+00
2.044517637877380611e+00
1.929147648824498296e+00
2.710142039600203390e+00
2.479290615548439547e+00
2.409203070891527521e+00
2.187414475918378454e+00
2.592825675423113374e+00
2.340313135505032616e+00
2.403373583072076158e+00
2.918254816299709731e+00
2.695658469864930407e+00
2.985744366086583668e+00
2.414525732215659470e+00
2.504955810639567293e+00
2.982433025977820673e+00
3.152498825817157790e+00
2.310103488525935944e+00
3.179893215931939299e+00
1.516893161957267866e+00
2.523217467411662085e+00
3.660625167341964303e+00
1.763908135045445968e+00
2.200798631247854242e+00
2.960873294021377333e+00
3.118915242735530224e+00
1.876742719234777867e+00
2.976178023192258770e+00
1.982322503265814495e+00
1.597599875878950915e+00
3.562053271595345016e+00
2.522261691150204488e+00
3.148582992832998251e+00
2.246429456803699320e+00
3.156285551277483226e+00
2.512764586737831429e+00
3.191718255591794229e+00
2.223335546934986695e+00
1.806243831949770451e+00
2.538377077617817168e+00
3.013747477374045136e+00
1.999086258763640656e+00
2.908585494205116806e+00
3.473197089741882682e+00
2.518612293676172342e+00
1.402029556200068861e+00
3.096897707800936761e+00
1.458070088194633795e+00
2.285209827353243739e+00
1.552948049706558642e+00
1.918303061296542156e+00
3.174847481012090800e+00
1.445220940996310377e+00
2.755974094498142346e+00
1.248926164593944454e+00
2.449328451146406405e+00
3.076117049290483241e+00
2.284967004779024702e+00
1.226419399773534646e+00
3.038174950142563002e+00
2.300417732988425890e+00
3.347105543788441384e+00
3.502968452679884770e+00
1.403660601861376644e+00
2.407386305005160931e+00
3.167179247402350573e+00
1.954379714627818121e+00
3.003405519409067193e+00
1.959265508856000482e+00
1.367524759328616168e+00
2.033812270164433222e+00
2.796274860461457124e+00
1.675655347618099755e+00
3.600478929619958635e+00
1.880311377211585588e+00
2.681377034062933262e+00
2.401244675162035325e+00
2.506480850283916428e+00
1.873131367061254604e+00
2.412226647161282322e+00
2.107200451674664965e+00
2.809665492773961049e+00
2.210674116462583605e+00
3.253925282582031731e+00
2.843805582587996206e+00
3.078187627465686749e+00
2.973977976425154601e+00
2.388033343812942189e+00
3.212311548499117819e+00
3.340069641467944717e+00
2.358918292142444528e+00
2.380336869682326828e+00
3.712281551182698980e+00
3.309945631318331749e+00
3.121751011547365007e+00
1.949031968670478898e+00
2.521834565159694730e+00
2.401750635961071634e+00
1.977896333541325324e+00
1.985671901562790165e+00
2.862634314199801633e+00
1.575891172715547128e+00
2.540578066660053924e+00
1.911855806158388127e+00
2.448571662700218088e+00
2.790904557978453049e+00
3.141468615571735956e+00
1.990755725592079584e+00
2.757880908042553703e+00
2.164251140558234088e+00
2.631078558035741199e+00
3.367628071645324628e+00
2.121960098232881009e+00
2.409039375762528579e+00
1.879321733672091543e+00
3.077252205343388614e+00
2.820383691237640988e+00
1.402572288188628891e+00
2.066493025772243364e+00
3.488127040009099122e+00
1.903009689643496483e+00
1.965993751741490270e+00
2.282002599446170787e+00
2.641058859186924401e+00
2.146220853602088585e+00
1.999219853825690674e+00
2.043032594495965082e+00
3.152012032368569194e+00
2.021978100082448382e+00
1.672084348740134008e+00
2.964847634451856617e+00
3.155098131452341637e+00
2.664394566803591324e+00
2.528564717827442632e+00
2.854059117210462126e+00
2.825773815414771128e+00
2.137235179255225770e+00
2.533543750622579527e+00
2.961321332294997166e+00
2.652320146608861506e+00
2.400840946253374852e+00
2.180257225481922134e+00
2.039536373370014033e+00
2.978859925228213967e+00
1.913587199181622456e+00
1.605169777368922412e+00
1.996175743981352113e+00
2.232939382120139094e+00
2.812693299412741155e+00
2.307291279382837068e+00
2.284125596946930958e+00
1.935045981079486666e+00
2.413750655256543975e+00
3.494860759855112242e+00
1.519821881821272092e+00
3.422563118776933422e+00
2.635257223738345811e+00
2.913159286426628469e+00
2.445676183635484335e+00
3.097980731570338264e+00
2.056960369513266329e+00
1.985286575126741893e+00
2.760948213943443807e+00
2.127226762512804736e+00
2.914336876354600925e+00
2.764249140838678898e+00
2.379926656674611340e+00
2.519089585752156690e+00
2.663330382460738388e+00
3.147466488146072550e+00
2.385142535902698757e+00
2.167574703436226713e+00
2.394250635256699233e+00
2.994811912632977968e+00
2.130972404975105317e+00
1.702428590651760221e+00
3.364740188240962215e+00
2.493381614043309380e+00
2.134865250701139860e+00
2.475529972737764872e+00
2.612167061526476264e+00
1.884241454393601467e+00
3.487347434938490753e+00
1.314349156342849545e+00
2.831088919062345166e+00
2.725374822761445603e+00
3.148262399048412874e+00
2.387730429166009305e+00
2.804150793991412094e+00
1.910970212035947080e+00
3.027825937510482124e+00
3.224843938344827965e+00
2.016806288867349473e+00
2.049250360214358579e+00
2.005400130371981948e+00
3.047896203140660454e+00
2.082922954384282210e+00
2.645989297664208095e+00
2.530622646448307034e+00
2.228601706358433798e+00
2.096553177284167457e+00
2.297652170198533295e+00
2.668979134720317781e+00
2.147339895497297313e+00
3.372545875942806859e+00
2.459002844606037907e+00
1.749005709586973989e+00
2.305967481447869005e+00
3.275470966647498372e+00
3.103512858817806030e+00
1.797616966480515277e+00
2.032437864958633877e+00
2.464299534435627770e+00
1.880932391695778527e+00
2.364082409072590263e+00
3.173231210344662490e+00
3.372744971290094540e+00
2.388061944647631663e+00
2.003787855701264942e+00
2.399832858554587389e+00
2.995004063612469292e+00
1.916681428681220822e+00
2.177631169768007524e+00
2.100271620620380197e+00
2.519594090462728087e+00
2.831044747704305919e+00
3.269680848360447811e+00
3.273477715219367035e+00
2.520709685313107684e+00
2.287774968407926046e+00
3.452977728196643614e+00
2.944191890807232870e+00
3.450086078075580875e+00
2.806240711483031003e+00
2.970671860778995477e+00
2.314789031914529449e+00
3.215323556045844633e+00
2.785006079352640995e+00
1.960650474247898956e+00
2.835612748927360371e+00
2.041350303050648574e+00
2.221886085465584415e+00
1.877973478238738281e+00
2.705607416065400006e+00
1.901281224683876392e+00
1.705045781425801987e+00
2.777334664569036438e+00
1.658019421527822113e+00
2.187551228245721013e+00
1.941803122516404523e+00
3.474044795181296941e+00
2.055301996603878134e+00
3.569639464324116940e+00
3.014277764766044587e+00
2.283738550408791035e+00
2.576608346845248754e+00
3.218938220518415605e+00
1.487331015901762754e+00
1.755314178150299442e+00
2.524816090742415753e+00
3.139485383524832862e+00
3.160952487945598133e+00
1.911373770893290969e+00
2.954401139660899567e+00
2.263622529692680629e+00
2.972411176587697490e+00
2.792638378805474275e+00
2.057885467629689824e+00
3.135330453052503685e+00
3.123877794412241116e+00
2.915591672799734191e+00
1.573424533004732728e+00
3.003284945062407285e+00
3.383876532147898963e+00
2.107540605659238953e+00
3.063305663030392090e+00
2.500376305551387457e+00
1.967405024758256182e+00
1.962827591689505935e+00
3.948063470288387222e+00
3.339453164606933200e+00
2.562057805759069939e+00
1.599281647562030395e+00
2.634741787474016661e+00
3.193480690211370376e+00
3.088277532888626276e+00
1.810036074937535933e+00
3.019846528876938496e+00
3.022751703405926360e+00
2.795019354514686860e+00
1.500091551796264078e+00
3.139053892985079752e+00
3.572803128117842508e+00
2.799229207317696311e+00
2.805002300536850512e+00
1.901308455264509867e+00
2.655178683537565920e+00
2.169188115216150514e+00
3.544429729979004406e+00
2.803032142643536506e+00
2.922648590954136427e+00
2.933625564393214535e+00
2.115361058880995238e+00
2.131981305305748364e+00
3.580383443522637155e+00
1.967259298814987956e+00
3.113398681240820753e+00
3.766571305172864648e+00
3.114835599876473626e+00
2.235949255461563201e+00
1.682819118101745115e+00
3.853773164901746817e+00
2.079167130497038496e+00
1.913826201732923060e+00
1.486403078881063822e+00
3.201240853491911231e+00
1.408251544673500444e+00
2.721303349678870998e+00
2.409915976545243144e+00
1.647681340441036646e+00
1.657977758103800880e+00
2.814177959056485268e+00
1.912914740036451011e+00
3.406169028082431716e+00
2.563246909148275243e+00
2.278575853721632516e+00
2.552594827228490182e+00
1.781007509353214280e+00
3.122304263099177746e+00
3.305372698017982724e+00
3.262667521522305769e+00
1.953233318020043630e+00
3.104689333532665074e+00
1.965749662617279681e+00
2.323136725219913323e+00
2.279458335120445600e+00
1.980961988328640899e+00
2.131907967143454652e+00
2.395866367913110029e+00
2.969139405939994703e+00
3.317695711320712171e+00
1.848292760242744803e+00
2.396983960862290708e+00
3.222315545364338174e+00
2.285046148195467364e+00
2.061765984331216828e+00
3.112362508353186286e+00
2.838406675377009414e+00
2.804072425218060438e+00
2.207926975966922889e+00
3.622823579119630377e+00
2.323481781843426131e+00
1.640850513695525592e+00
1.957672775371711804e+00
2.042483694301686192e+00
2.757344695566597448e+00
2.771169707389924852e+00
2.672869368011133506e+00
1.982046713509235447e+00
2.722322101283350726e+00
1.988299600868276951e+00
1.467182617818036494e+00
2.645105863593989248e+00
2.890212200249686170e+00
2.041862736652982679e+00
2.510369803055675142e+00
2.001704512623597942e+00
2.087156706371795067e+00
2.798611092685345358e+00
2.422236295332729217e+00
2.294036699746569763e+00
2.835706274151799988e+00
2.660178976975657417e+00
1.685999055117075596e+00
2.166262803761780820e+00
1.970055134083518400e+00
2.517873289351602928e+00
1.752756281626131063e+00
2.057561508826308394e+00
2.102148340168524143e+00
2.794320318804904613e+00
2.499356875513329079e+00
2.807372762151513435e+00
3.578767705318974368e+00
2.399307522734683840e+00
2.197271508968157594e+00
1.968835282227734407e+00
2.127994773583651966e+00
1.682740352968771225e+00
3.354591666912097203e+00
2.965249251170822387e+00
1.867245431538562039e+00
1.417490980027095615e+00
3.153064214160490319e+00
2.637287829337238598e+00
1.799863698122241562e+00
2.285091534567468941e+00
2.801393680541532927e+00
1.910397478614035638e+00
1.947172980730502934e+00
1.987485403785574700e+00
1.604815640738246563e+00
2.273134705015585677e+00
1.550146573726808086e+00
2.773521696153313343e+00
2.819083145162316839e+00
3.468096619089428678e+00
2.301254366979420762e+00
1.657905632181169375e+00
2.092181230921628554e+00
1.704959154492904583e+00
2.393913279656661341e+00
2.337826265437336737e+00
1.562893789052484994e+00
1.875048961323347640e+00
2.081787479381489003e+00
1.391349618076907158e+00
2.019755846107353037e+00
3.275997216460652339e+00
1.510889661756716906e+00
1.510891970314834687e+00
1.824705944891060305e+00
3.142469052997011403e+00
2.596440193854002043e+00
2.519780681574539383e+00
2.266036596220158739e+00
2.531857499851292381e+00
1.885810992019289589e+00
2.020251633646321210e+00
2.406940737947954823e+00
3.142969005904286295e+00
3.161954574420933639e+00
2.015208660567090693e+00
1.596006755198706495e+00
3.699995158780335469e+00
2.075404473604814726e+00
2.415904755794359815e+00
2.869648410031966801e+00
1.941195577395249616e+00
1.436660731076284669e+00
2.638508688046613315e+00
2.464924394811939035e+00
1.971660544474817867e+00
3.349235560330235728e+00
2.516764620876323466e+00
2.529610789390482672e+00
2.133244013807323647e+00
2.362721407858425771e+00
2.171820840041527312e+00
1.843305326381774467e+00
2.240947187408862007e+00
3.009664278373599622e+00
1.841603496638695159e+00
2.529677520362406895e+00
2.160640731800627989e+00
3.153871323735294663e+00
2.446321097194735561e+00
2.287528800437032661e+00
2.299920128903472083e+00
3.165080855926454717e+00
2.005135034133738170e+00
2.324172626013786047e+00
3.350125421108044232e+00
2.530194952757948812e+00
1.464275062730345356e+00
1.742519561892985624e+00
2.624108375082253364e+00
1.964124981070821008e+00
2.000785241599819297e+00
2.788382677664777098e+00
2.249121643935410031e+00
1.869576656367806455e+00
2.762769561052373035e+00
2.833213053526478120e+00
1.875543911617739035e+00
2.428268006395241319e+00
3.407903989866710059e+00
2.459216449091065293e+00
2.185939679636908828e+00
3.360528553436243904e+00
1.991311638022148722e+00
2.265177481716933006e+00
2.816028846091739091e+00
1.910471593089126952e+00
2.189378946764803047e+00
3.117567514554290042e+00
2.178527642989282143e+00
2.525836957929278093e+00
2.051037370743416410e+00
2.596720596174759255e+00
2.177370301186161594e+00
1.961780098640887537e+00
2.413840216114484960e+00
2.295982836221210910e+00
9.374588752636336952e-01
2.450183439322418000e+00
2.649381383970339066e+00
1.522772323091690971e+00
2.208835964227472193e+00
3.054838503136862560e+00
1.965181718031658198e+00
3.379063923657940727e+00
3.683817097397038332e+00
2.317313083405250662e+00
3.250414952585952921e+00
2.116198606217631450e+00
2.673300791579229063e+00
2.283228300152844614e+00
2.652836200571786929e+00
2.418159369980345197e+00
2.989042586279758051e+00
2.490762992894639538e+00
2.245722388168566397e+00
2.400215425682019177e+00
3.741500378926839954e+00
1.216285128521785941e+00
2.010192371383503929e+00
1.483617995093345909e+00
2.693994395100803185e+00
2.177790400700010398e+00
2.483659143188763352e+00
2.285559782841687593e+00
1.989608959289698165e+00
2.821786708491357043e+00
2.410814520042233067e+00
2.197747628333436953e+00
2.410758605774426577e+00
2.049403857168537790e+00
2.884413694404956097e+00
2.212280930412106272e+00
2.363860753521704439e+00
1.973260817453969196e+00
2.993410261434373165e+00
2.693954273683104805e+00
2.656722840651226214e+00
2.191394697494537525e+00
1.834656041890903033e+00
2.818561633731327731e+00
3.927051769335453191e+00
2.958869931353422800e+00
2.078869478823418770e+00
2.855732956525570909e+00
2.511003358215283754e+00
1.846976743131893750e+00
2.395170388017593410e+00
2.275635844341468594e+00
2.866567582578216200e+00
3.192989320590257751e+00
2.607304798280695834e+00
1.972755285491622823e+00
2.001483397746842474e+00
1.986875739210082870e+00
2.414471844049776550e+00
1.783662607773575326e+00
2.308689224036379439e+00
2.525889590383788796e+00
1.453127793336976836e+00
3.332428328161388009e+00
3.893767865640530790e+00
3.257932570041574216e+00
3.266324677965357637e+00
2.963298781733783471e+00
2.538879436762157216e+00
2.034585071959034597e+00
2.117876637287591457e+00
2.358356353181328746e+00
1.350426896908466290e+00
1.959471351338041734e+00
3.283502606312188821e+00
1.302308536558068885e+00
2.075141898189435175e+00
1.780444456581722124e+00
2.524199322212531627e+00
3.283413402482086241e+00
2.083499789671223734e+00
2.194746199034340428e+00
2.255045117295479962e+00
3.355131468125273742e+00
3.115710745145516380e+00
2.811321190784537016e+00
2.113473257620474222e+00
2.333784043868021296e+00
2.829350381667648850e+00
2.466712505334985650e+00
3.368275851605905924e+00
2.916155748219867228e+00
2.513293336897174601e+00
2.472399167846597301e+00
2.515861144257330650e+00
2.054550195737018026e+00
3.256163117608540158e+00
3.102665814150970203e+00
2.244214030150114780e+00
2.891548954951761008e+00
2.658279043293010346e+00
1.913538205323349617e+00
2.925247888380240191e+00
2.916028473031637258e+00
3.119170982953787696e+00
2.013200931844233654e+00
2.782476567191512817e+00
3.065543270459254455e+00
3.752494416526490184e+00
1.998689293424458890e+00
2.005164882454620656e+00
1.878787452530282343e+00
3.141706705509097031e+00
2.133839535138996713e+00
1.948339640696340469e+00
2.150632379512430692e+00
3.152646728581688151e+00
2.622305603322192535e+00
2.466505534325865501e+00
3.066272759923497571e+00
2.218544850755148623e+00
2.202517404199061613e+00
1.969852159122349233e+00
1.897432658802938210e+00
2.702068272562846207e+00
2.260194407958464158e+00
2.956383451380934169e+00
1.930113214117868292e+00
2.629010821977436407e+00
1.632062619803828163e+00
1.970270769010129319e+00
1.837726872960853131e+00
2.962158438104413261e+00
2.164577542808288513e+00
2.540669254092389195e+00
1.888264768377440284e+00
2.173103998954230676e+00
1.954212699732403191e+00
2.044010598242598675e+00
2.760558983101793373e+00
1.999714973122658446e+00
2.647844388066275201e+00
1.721783914996129594e+00
3.291825390330500589e+00
1.657717000751388170e+00
2.273507445588547782e+00
4.128862091018890013e+00
1.274673015664663067e+00
2.974058768227729743e+00
2.086960902079447067e+00
2.534664363957059408e+00
1.287817659344300036e+00
1.888472821429974635e+00
2.791567558940950544e+00
2.294969793806631575e+00
2.177836118934185272e+00
2.363730803476831177e+00
2.508570054907407698e+00
2.390852995984035889e+00
2.478478012926870200e+00
2.236557803082880103e+00
1.476333204651501863e+00
3.052864049620089393e+00
2.875027561487830674e+00
1.365712328762687111e+00
2.288542072242723879e+00
2.759133342764356289e+00
1.982293532184656204e+00
2.529000142626546932e+00
2.215410894131216946e+00
2.295042072712332182e+00
2.001173601681106362e+00
2.325189725014972897e+00
2.699300315144068207e+00
2.288920444170637225e+00
1.878667274953974564e+00
3.073096966100454797e+00
2.377535625855581536e+00
1.834316073111839751e+00
2.795185804617030811e+00
1.434327921317109622e+00
2.527819395291169169e+00
2.424733737559828572e+00
2.777964357098043902e+00
3.111819515256378565e+00
2.056856857091998947e+00
3.055522100397929819e+00
2.229186898814456086e+00
1.816153519686770856e+00
1.840775397286435799e+00
2.628034527670422449e+00
2.214531694490579294e+00
2.096297780697039759e+00
1.930610526475875277e+00
1.455166189138659139e+00
3.482413552643010668e+00
3.430912390295425052e+00
2.755441923751527966e+00
3.686041791481355023e+00
1.979733333875447476e+00
1.747849749217241122e+00
1.682555809629320498e+00
2.801524467910413208e+00
2.052377602499606990e+00
1.794190619548531540e+00
2.286931516577439538e+00
2.775557735993077646e+00
2.495889465199825352e+00
2.737936049225318857e+00
2.188854623729726612e+00
2.631957156953240062e+00
2.381217524153047105e+00
2.673644447927144174e+00
1.582659006217290498e+00
1.749410245638335137e+00
2.750240976597642995e+00
3.014740646276389935e+00
1.836919510063660610e+00
2.102094001178823390e+00
2.343938196912299432e+00
2.044312232519210681e+00
1.990944095583890627e+00
2.867341137515449390e+00
2.903756778573449271e+00
2.765692720891122391e+00
3.155134835594698650e+00
2.072618475967704654e+00
2.085038388249280672e+00
1.646704043591444622e+00
3.326140793295846887e+00
2.501917728436188426e+00
2.296629058836816117e+00
3.386911352699451427e+00
2.020971204966678147e+00
1.948613184110062679e+00
2.068167018683539915e+00
1.757485105285266691e+00
1.812965405219041815e+00
2.098367817118530265e+00
1.168438180432306517e+00
2.614528234722145683e+00
2.212604847215348336e+00
1.997899159128984969e+00
2.383409327692799895e+00
2.479420061089229410e+00
3.096684307235720190e+00
2.959100129747556096e+00
2.230964199026506556e+00
2.038563641504029356e+00
2.528702992086496959e+00
2.155230944094121970e+00
2.867355669387606110e+00
2.173296782820222983e+00
2.786913928800386131e+00
2.983147063150645817e+00
2.389665908778953352e+00
2.714811796498959762e+00
2.816000560544837938e+00
1.498320615011096590e+00
2.587182010616536854e+00
2.749113916968619620e+00
2.774613899815618456e+00
2.183504191755100354e+00
2.653820929992161126e+00
2.945495551151248392e+00
2.940787180604735873e+00
1.988349973800397352e+00
3.089177790081327313e+00
2.566397425777939389e+00
2.199679083669744628e+00
1.910876484914538764e+00
2.027614095595834609e+00
1.929116323303960767e+00
2.401939454330639379e+00
1.637686341863648920e+00
1.906068953245702025e+00
2.795785466580412937e+00
2.359047773192158193e+00
1.863183785111725665e+00
1.994624511898377639e+00
2.302866666524396422e+00
2.651945027281768397e+00
2.382689982538337414e+00
2.287697149046284295e+00
3.153638440984251279e+00
1.979937977122441239e+00
2.115208172820975729e+00
1.976614050270969036e+00
2.118603329125082535e+00
3.541288212344993802e+00
2.478518707712427105e+00
2.406865029286682667e+00
2.119974807969640995e+00
3.030937901610618823e+00
2.280410174909685228e+00
1.440102784534114333e+00
2.226008453197706238e+00
2.302356337335970782e+00
3.180662464830834590e+00
1.973824462704902194e+00
2.147268791863507165e+00
1.927738996496717983e+00
2.805479539222793584e+00
3.634298333771330825e+00
2.159599061566480849e+00
2.267559449614109379e+00
2.098677914901512231e+00
1.967288209986922665e+00
1.646766624747182828e+00
1.978508921706695567e+00
2.060711934785525390e+00
2.792401458850975793e+00
2.317983813730053022e+00
1.898293142725455906e+00
2.113071229318104205e+00
2.688272804815432515e+00
3.161036493277104231e+00
1.258508694572975539e+00
1.908653470206219227e+00
2.384179783699353905e+00
1.486445757765963549e+00
3.090089192730814283e+00
1.439602153917434846e+00
2.966751922424590404e+00
2.264318564792877186e+00
1.463957145178490737e+00
2.239833914961280925e+00
2.520008686010069443e+00
2.390191455761581540e+00
2.516766772639239758e+00
2.394504254833197621e+00
2.394582067755296251e+00
2.803461855427328508e+00
1.405155184293979342e+00
1.602965351324394661e+00
3.179476886555286708e+00
2.551735280833478114e+00
1.754553489669250066e+00
1.688796688624209619e+00
2.393656164347913951e+00
2.053142180233108238e+00
2.838294574606254006e+00
2.498737915325289993e+00
1.927994944190515980e+00
1.996393143479173737e+00
2.325791265834000754e+00
1.842037518298286214e+00
2.247998949916155897e+00
2.962508702173216157e+00
2.544867289492377616e+00
2.963341172290454573e+00
2.906649396082344072e+00
1.198524035581741920e+00
2.298018584792000052e+00
2.905211712334354157e+00
1.223137779031840733e+00
2.715900256264268897e+00
3.141799304261367887e+00
3.055886299680439233e+00
1.962585082938216541e+00
2.122393886418824760e+00
2.266804645203140733e+00
2.266877242225577405e+00
2.227519400428932705e+00
2.785146971821313766e+00
1.622487693353656280e+00
3.882033787913628853e+00
2.028874557925088418e+00
2.385588433080029436e+00
1.966371491131495342e+00
1.838622123616283410e+00
2.575709472049594329e+00
1.433556566765842089e+00
1.634266246776935105e+00
2.625482716283976448e+00
3.069378693699438276e+00
2.418201552098202978e+00
1.786654901951114427e+00
3.337460233186670511e+00
2.938402209727690728e+00
2.122543299364947345e+00
3.096465301708501094e+00
3.352309687816564576e+00
3.428982030949562887e+00
2.421298785223139571e+00
2.987154912270918672e+00
1.981203208259203707e+00
2.398703998184117392e+00
1.772364137864782307e+00
1.662252105562984639e+00
2.022721179813066428e+00
2.349992163596592576e+00
3.582418757941475462e+00
1.978741089779823215e+00
1.930456149955372736e+00
1.397322994983695610e+00
1.884466656842102905e+00
2.393661220750828988e+00
2.658581152015329518e+00
3.073099252672936821e+00
3.701986688731516484e+00
2.223609305719912665e+00
2.633843070341369774e+00
3.311620759808832304e+00
2.250191852157754191e+00
2.769305178767404563e+00
2.269977087451818143e+00
2.060719138990872334e+00
1.753090126524994519e+00
1.858966085806165180e+00
2.803263514868368667e+00
2.189457552341493418e+00
3.431123765522101188e+00
2.148750954164648785e+00
3.088002066296661408e+00
1.962668159837102966e+00
2.792214332838983459e+00
2.589147634504215034e+00
2.969167310744727839e+00
2.653168845740983439e+00
1.767922216981925976e+00
2.789987504412913655e+00
2.402512014631875026e+00
1.917999183582870026e+00
2.272648259898693013e+00
1.620052626087146397e+00
1.611963413096299647e+00
2.086335083285995484e+00
1.912322635517796687e+00
1.996671177814865139e+00
2.227352377646476977e+00
2.727862921493044102e+00
2.628538545857568742e+00
2.295181368346149053e+00
2.892630654643372434e+00
2.971065756791007928e+00
2.920768005435506076e+00
2.686232169495104571e+00
2.179110509810966434e+00
2.360405571703763528e+00
2.073329303672031720e+00
2.034692940896243307e+00
3.310324077529888775e+00
3.126891518928987868e+00
1.744855318655459619e+00
2.362433644565819169e+00
1.852545326361607625e+00
3.323548864439092032e+00
2.822931740387943034e+00
3.137599361808063314e+00
2.264628108320779543e+00
3.167991364508833119e+00
2.607284034929385097e+00
2.499747663931728869e+00
1.507594184364950074e+00
2.029627058237880366e+00
3.109954712955205203e+00
2.623740037647059431e+00
2.198336840099718081e+00
2.928347107070151889e+00
2.888869021805138271e+00
1.806973576591661468e+00
2.513950697878270191e+00
2.093844721306501899e+00
2.326415874281214435e+00
1.483364843626811425e+00
2.966328392856818041e+00
1.747394084916024104e+00
2.426946302819796841e+00
2.147318691540084146e+00
3.110747838582479829e+00
1.973622869688134385e+00
2.520743092285214981e+00
3.321889772870673774e+00
1.958254628344736847e+00
3.748983908318861857e+00
3.362339945354357873e+00
1.540338389978804789e+00
3.206551115482402903e+00
2.113457819435249352e+00
2.761840365439680589e+00
3.112084718424999785e+00
3.154955777398921857e+00
2.790283655336458946e+00
1.350375721617748548e+00
1.256256579192629008e+00
3.136902975300460028e+00
3.048393201798556884e+00
3.453250672789055731e+00
2.792516707610462223e+00
2.920188573023872358e+00
1.753938483739523324e+00
1.959362391168327111e+00
2.636816378029698260e+00
3.105212413830070073e+00
2.785966293102773328e+00
3.196251696509688767e+00
2.201941554341718899e+00
2.880818530575881109e+00
2.581230548354039644e+00
2.194084275891978741e+00
2.200164657879272845e+00
2.520722658427592577e+00
3.589316261540060893e+00
1.707559035888090548e+00
3.367137029657300218e+00
2.375076115926050502e+00
1.765211378188475955e+00
1.959655277538222107e+00
2.259225409150498187e+00
2.523513731194064746e+00
1.789503410266131134e+00
3.857101953749470624e+00
2.567128825070811970e+00
2.957282154268492391e+00
2.524403972472644586e+00
3.582441461674163552e+00
2.523225493648936446e+00
2.213470704328987182e+00
2.136356876883518829e+00
2.038294581827338359e+00
3.523046971134951466e+00
1.803472471666468735e+00
1.294797412776702350e+00
3.563992549011968602e+00
2.562045551247950748e+00
2.930887846343409819e+00
2.044694216833596201e+00
3.403222163218940999e+00
2.503987246419453250e+00
1.812963816390908756e+00
1.852630410543840922e+00
1.727109466126792059e+00
2.204000530737187713e+00
1.896143921753831174e+00
2.041848777835256534e+00
2.012381885498441658e+00
2.010754003436062032e+00
2.996966012433381898e+00
2.981048927807061766e+00
3.391730561881155737e+00
2.574864496929100799e+00
2.033638038504933299e+00
3.810917443382570546e+00
2.978917530218928800e+00
3.938965311030437899e+00
2.918791926189064689e+00
1.655415631233469576e+00
1.885627527731648545e+00
1.643059133453015574e+00
2.138611152339837229e+00
3.254448625530550920e+00
1.362075849852065312e+00
1.751375716658510440e+00
1.702264709636233331e+00
1.405217490929665303e+00
2.294380992996462254e+00
2.183372707284330083e+00
2.157607246056621797e+00
2.659328306237626727e+00
3.822597866817263323e+00
3.136544781723776598e+00
2.522296689320220775e+00
1.767214574465608923e+00
2.471661488736862200e+00
2.735226315547037323e+00
2.140259222770886538e+00
2.784818639839401921e+00
2.576532024326869674e+00
2.797963454877712586e+00
2.421006907880071779e+00
2.167885677982639869e+00
3.131440743864882137e+00
3.014965794437427959e+00
2.135169047116033614e+00
3.319408294845293206e+00
3.499098269231865288e+00
2.349224067184549458e+00
1.863092010745336813e+00
3.161979357211443631e+00
1.354034680097738530e+00
2.867377792026607253e+00
2.241971869493622815e+00
1.091086302990653678e+00
1.425420323370353071e+00
2.988451044491703623e+00
2.335966857877993519e+00
2.753803167336295044e+00
3.771529388831699858e+00
2.690395197659997351e+00
2.223090710901355571e+00
1.414654929005366046e+00
1.858051631688464322e+00
1.755628474294275820e+00
2.173601346398050360e+00
3.128480781164487023e+00
2.161205900330861240e+00
2.447243600830861343e+00
3.219002445646705457e+00
3.070641992449416602e+00
3.616361714092370061e+00
2.264504980721334881e+00
3.422863713153146747e+00
3.165230835754046623e+00
2.528142279587071606e+00
3.117774039098953232e+00
2.287178487555357354e+00
1.968412005204474235e+00
2.729098978873964576e+00
1.407979082882530486e+00
1.745855664156175768e+00
2.268265767104411523e+00
2.767320107776682026e+00
3.345920891788598084e+00
1.867034723184188172e+00
1.878482119502831615e+00
2.192738561645931838e+00
2.444132557873035072e+00
2.442333613395211156e+00
2.804651861173940830e+00
3.229326244607120255e+00
1.867655275283728766e+00
3.032987259760783871e+00
3.125549890238792816e+00
2.779251727333233113e+00
3.102236728913739583e+00
1.932471537502465697e+00
1.425515778284829782e+00
3.235702125614151825e+00
2.278322300200581907e+00
2.176848421338300366e+00
2.832261866877509249e+00
3.312549191327312847e+00
1.904645581034057678e+00
3.706419299754556196e+00
1.746388458325590420e+00
3.567972966153591940e+00
2.769448499624643123e+00
2.212467850133739145e+00
3.070730792689509769e+00
2.936589755961663606e+00
2.125946615856869837e+00
2.702713346364399083e+00
2.519802561372714411e+00
2.799142767191064252e+00
1.892253117094290449e+00
2.014691585188960854e+00
1.672619964180561691e+00
1.862448692778093440e+00
1.980549999647682080e+00
2.113732955896590937e+00
2.782551139340882163e+00
1.798069877244293568e+00
2.532224864394749808e+00
1.700367813014216134e+00
2.399222898838874407e+00
2.191888095087940247e+00
1.976725937508982733e+00
2.958139603499519765e+00
1.816802451666363449e+00
3.345131739929561920e+00
2.059399291464553805e+00
1.695277301777710965e+00
2.610696728599162242e+00
2.452399335819013704e+00
1.543172004529358432e+00
1.813993897296303226e+00
2.931511180111725956e+00
2.739082165977433370e+00
2.228801590058268722e+00
1.501216423386044552e+00
3.492658880095099505e+00
2.041573252302947505e+00
2.900946934287957468e+00
1.992909903016686579e+00
2.396785176245426197e+00
2.381255061405365581e+00
2.416814910743192435e+00
2.333968995472128327e+00
2.804331528677147300e+00
2.026689055681807350e+00
3.169164436101258975e+00
2.769450993921858117e+00
2.727227577491059041e+00
2.177523161020286313e+00
3.358597434441993990e+00
2.255776284803375553e+00
2.083423879390130296e+00
2.315032089038612462e+00
2.793078647455365271e+00
3.067722947927039367e+00
1.985931563624321328e+00
1.985590143732578916e+00
2.918676846110868084e+00
2.511374742206131661e+00
3.351018995088370200e+00
2.949740282871728514e+00
3.071890952619227733e+00
9.931546919771162552e-01
3.245151511654177146e+00
1.977471316017948899e+00
1.898411903626662678e+00
4.142955306881246358e+00
2.756860070147356012e+00
3.079471708578937150e+00
1.530850770459928789e+00
2.195474618215444096e+00
3.334354809281501630e+00
2.041346862915094373e+00
2.865875272608920721e+00
2.000292834975511802e+00
1.551128739798048217e+00
3.926181075309461921e+00
2.799677099426850280e+00
2.380889053839987834e+00
1.958589949025367982e+00
2.281449338469426991e+00
1.661564062838272626e+00
1.802477095206193258e+00
2.023632028639892777e+00
2.938152911775962828e+00
2.423996528765723912e+00
2.722254531867152494e+00
2.504495140936521036e+00
3.110167253109795471e+00
3.817798639938132510e+00
2.216280520085951444e+00
1.670950964430012675e+00
2.765067311525427396e+00
1.950396865387137302e+00
2.070639297294046610e+00
2.801559955063895213e+00
1.553746699371496121e+00
2.501226774543939602e+00
1.865010272434557193e+00
2.328311241637559981e+00
1.559688878450417926e+00
1.993396351204437478e+00
2.024391229988882213e+00
3.180171600644150054e+00
2.717038673726229980e+00
2.456933320315001890e+00
1.953962610194501792e+00
1.390365531360761242e+00
2.887560728659200660e+00
3.373847887032023873e+00
1.527366098363571290e+00
2.808235577768577684e+00
2.165954122967356454e+00
1.677030945436368103e+00
2.474250858975339362e+00
1.997746299505582801e+00
2.270973668256568878e+00
1.932441471185186277e+00
1.489283351395247923e+00
1.762084940003081801e+00
2.051370517275463268e+00
1.900446705355811394e+00
2.322768754980956807e+00
1.963261616067542903e+00
2.944616050940558782e+00
1.942570067204621553e+00
2.317869892642062890e+00
2.403665927460747920e+00
1.960213762481942457e+00
2.197789559809054882e+00
1.433503889379931007e+00
1.950604165470429585e+00
2.354551815372132317e+00
2.378924049314750544e+00
2.804071291240307851e+00
1.681819085792472190e+00
2.689483611623689541e+00
1.438529635224359948e+00
2.517817411156932028e+00
3.143178312972423782e+00
2.058969874889339913e+00
2.628878249223789876e+00
1.089352215719957551e+00
2.765559666983611109e+00
2.243978009760349668e+00
2.001633993144184220e+00
2.391802923686152216e+00
2.388190060614893806e+00
1.997795493092593633e+00
1.888570559323396347e+00
2.318188523849591398e+00
1.558495427582316850e+00
2.368797069120924359e+00
1.877239366490562889e+00
1.460158934637888706e+00
1.496613781752927919e+00
2.241581342724543457e+00
1.951637217069641217e+00
1.961058386863328007e+00
2.804021633663003499e+00
2.514349063973306375e+00
1.963714074138000587e+00
2.428120120706240836e+00
1.958384725527063885e+00
2.277403740212561978e+00
2.284821155389967995e+00
1.960953738075754016e+00
2.244207047100943875e+00
2.173144431544010491e+00
2.344354333730327866e+00
1.724328507610223493e+00
1.618740895849458683e+00
2.771898993535456768e+00
2.562477098412281773e+00
2.098839001417480699e+00
1.888908974916051031e+00
2.313779784538579243e+00
1.849486668787514887e+00
2.238501966233330087e+00
2.147062209067816863e+00
2.373100869444865424e+00
2.875553257396811890e+00
2.536712018659700973e+00
2.757025977010861606e+00
2.691973640770338516e+00
1.397761157237392915e+00
1.813562114846137163e+00
1.757276054914432839e+00
1.333700296219244352e+00
2.235397918279674379e+00
2.168394050842020526e+00
2.540033357186517016e+00
3.056492076238693567e+00
1.572654497007210717e+00
2.536598190525342300e+00
3.067730555238710632e+00
2.227863220475749362e+00
1.401312245185327487e+00
3.405370163869252398e+00
1.354321963242115512e+00
2.357136912523607464e+00
2.258160324588208923e+00
1.474291175861034642e+00
2.252052585379349825e+00
2.464525146247409371e+00
2.089830542072852460e+00
2.293698350115513929e+00
1.852517078053346200e+00
1.604368551622224803e+00
1.532453206257125444e+00
2.167323190339724981e+00
2.105951381697741542e+00
2.172306627661277911e+00
1.419628851105500855e+00
2.174399567428298763e+00
2.171108559333274624e+00
3.515293145854688994e+00
1.759013378986640452e+00
2.286579313745945363e+00
1.886648480345364032e+00
1.963699223640195335e+00
2.509165163280530741e+00
2.427097842740306710e+00
1.588139210962955961e+00
3.110155030597788972e+00
1.579558311147102767e+00
2.108660992032724835e+00
3.144470737730051813e+00
3.600207747093849164e+00
2.292229710551238586e+00
2.224207717991984357e+00
2.374053358437371308e+00
2.311412743303858264e+00
2.609192622870320832e+00
3.135039787178029780e+00
2.684133521475716488e+00
2.742274613404425132e+00
3.140144404353789387e+00
1.994379459830973866e+00
2.668686783121629436e+00
2.792779465626667346e+00
1.862272847411380772e+00
3.480780070071945342e+00
1.947442196389603142e+00
3.522633529855597967e+00
2.036602694167803485e+00
2.299018241177770872e+00
3.447827275713301276e+00
2.037761250734465346e+00
2.992214657522609400e+00
1.973505198044400277e+00
1.844919263988544555e+00
1.966299324798206571e+00
2.907675652658619825e+00
3.380510085214673666e+00
4.021580087268242565e+00
1.382627262889214670e+00
2.199722241628465191e+00
1.916805643139902537e+00
3.625792882901490266e+00
2.930491701150032213e+00
1.837459928698206957e+00
3.151267607607227461e+00
2.457041280247792336e+00
3.230344736480871504e+00
1.016194098116115274e+00
1.910471227832245322e+00
1.579383340112261447e+00
1.825062315747543407e+00
2.341477637879207929e+00
3.000190121021328427e+00
2.914498493734339668e+00
2.677963785482507131e+00
1.319537928713405917e+00
2.839254516802922179e+00
2.390052470961126385e+00
1.893137529903228256e+00
1.981875528425735444e+00
1.885736224066683508e+00
3.143169485475575620e+00
3.135770247277429590e+00
2.955772337859166043e+00
2.973293941720659639e+00
2.359896057789419466e+00
1.464351311060711369e+00
2.492249874724824288e+00
1.025327334265792700e+00
1.904095154626777253e+00
2.554038448184931642e+00
1.604092476191763650e+00
2.383485507064291742e+00
1.943890630358477534e+00
3.137235757664269542e+00
2.280404890895954217e+00
1.798093216518410919e+00
9.996879203256809898e-01
2.420648594401287657e+00
2.813381689898991844e+00
2.692083194711204275e+00
3.100948037643324717e+00
2.480625154409489053e+00
3.385011374014983865e+00
3.262790042025833337e+00
2.787309048254356991e+00
1.933201598336126814e+00
2.913601022466246082e+00
2.641135632762080743e+00
1.418681637139279639e+00
2.896276673710234562e+00
2.479156210140130767e+00
2.260631466446328286e+00
2.573468308766338808e+00
1.424805838939655400e+00
2.425881402128206688e+00
3.417075160804301071e+00
1.732548239577243576e+00
1.867516098885796172e+00
2.709403591206899886e+00
2.954128471105703646e+00
2.774798666941057590e+00
2.445999486253289223e+00
2.794905508573017894e+00
2.969205862977132959e+00
1.425022545192274448e+00
2.961437497191981016e+00
2.976233039402469860e+00
2.169831635034164208e+00
1.966002206217700943e+00
1.454309878220457097e+00
2.815444218601521165e+00
2.381516618697081089e+00
2.661360704479978967e+00
2.957730724833429026e+00
2.313384728822521108e+00
1.840911726394733661e+00
3.152962774420250192e+00
2.106436569126177716e+00
3.164657801381930202e+00
2.804576933025516361e+00
1.446874695970212121e+00
1.798139559571253043e+00
2.957859902496227100e+00
3.337572778311473254e+00
2.016143714976061041e+00
2.238735034051789086e+00
2.021756761353885157e+00
1.466969956265860908e+00
2.191972279029442028e+00
1.808717172904156900e+00
2.335552251945512303e+00
1.925767029827448074e+00
1.590256180061617952e+00
2.373579131644556028e+00
2.857943978688353148e+00
2.810740783518742347e+00
2.169177327000631372e+00
2.151543315123587874e+00
3.351884371316615319e+00
2.779447115322244866e+00
2.503184963283205278e+00
3.060088889360706332e+00
1.475045769204269774e+00
3.075784208888268090e+00
2.110490702145406239e+00
2.169575872793898519e+00
2.617390148940036187e+00
2.636694888095712397e+00
2.241974598762986215e+00
2.627542200626968416e+00
2.527477750766889297e+00
2.545921663519245204e+00
1.998920472263612913e+00
2.080959962482808567e+00
1.941967212365934170e+00
2.500429976292826151e+00
3.078980518003654243e+00
2.907998307115169823e+00
3.031829040697681332e+00
2.377222558589207058e+00
1.733743564872155973e+00
3.325481340546419418e+00
2.066561708266275499e+00
1.944479932109864251e+00
2.813302327982389883e+00
2.483910261009771858e+00
2.463288890946038645e+00
2.630187434637380584e+00
2.944163239527564535e+00
2.341085153240896055e+00
1.602358877900240675e+00
2.255562610925663236e+00
3.384030043657157982e+00
2.436871213271247338e+00
3.119522901190495023e+00
2.049185691754194405e+00
3.642636595762888785e+00
3.144390361948697254e+00
2.624235484926333406e+00
2.891458560444938541e+00
2.938069505453123398e+00
3.340405995982111520e+00
2.641164806082007210e+00
2.143457416910985014e+00
3.217505273350769190e+00
2.083925191046270609e+00
2.404565153442494108e+00
1.922341160519994929e+00
2.512157567046264806e+00
2.879021733969172825e+00
3.184459597715166179e+00
1.885582595478558332e+00
2.657873795480763857e+00
2.619051308567088565e+00
2.043479024660411980e+00
3.951784902601874538e+00
2.996998016766549977e+00
2.248433574330704676e+00
1.510641561317019654e+00
2.383886467564531486e+00
2.628811406185557420e+00
2.529199941394103313e+00
1.250424117359083320e+00
1.884466264559754078e+00
3.355450691662513751e+00
3.473298598444104712e+00
2.329860996753394975e+00
2.001277539239221692e+00
2.606433892172562494e+00
1.914165261230617032e+00
1.924497244626213188e+00
1.278809819844066276e+00
2.978635697602640686e+00
2.554039858171130994e+00
2.189125738186710635e+00
2.510263426797735065e+00
2.272069372074055682e+00
3.160829207438993205e+00
2.074797731463722261e+00
2.801351471276898319e+00
2.271420321313978530e+00
1.941637328404756779e+00
1.885773612546186584e+00
3.461265485806875208e+00
2.866080295621649565e+00
3.450490455636182396e+00
2.396524839438914700e+00
3.134205160118921363e+00
3.343530481161705925e+00
3.508077985197563642e+00
1.606730477235305266e+00
2.492694988316580762e+00
1.969530614052802386e+00
3.008837044841054187e+00
2.270376699188844327e+00
3.577461244823235464e+00
1.605013975289493411e+00
3.011776167901403234e+00
3.599517567332824797e+00
3.196271865336699936e+00
2.358153973297479222e+00
3.117706639842969807e+00
3.503323475126987496e+00
2.506015177672531014e+00
2.544980443963046124e+00
2.911376101895313262e+00
2.762348701678412066e+00
1.754787671423575279e+00
3.891258232004297213e+00
1.855467158932867511e+00
1.980676984568699117e+00
2.272406401814820232e+00
2.513201348390459611e+00
1.884907689479873305e+00
1.956613359984584521e+00
2.914338059605987130e+00
2.377246537724241104e+00
3.474228079152213322e+00
2.372085854205813860e+00
3.534318040588206422e+00
1.955740621627302112e+00
1.785250019286177769e+00
1.906773757213430898e+00
2.118198389128212789e+00
2.935108876004140388e+00
2.496920434631944907e+00
2.292121071570504043e+00
2.721254571392549781e+00
2.410637871318074055e+00
2.276015520719097740e+00
2.912981770414669658e+00
3.169943886238645980e+00
2.070605916920413403e+00
1.237260898713480550e+00
2.386216530913397360e+00
2.134960785858493804e+00
1.583947420057072009e+00
1.749054180945869508e+00
1.571772482745584121e+00
2.829442604972122854e+00
1.957611890175225078e+00
1.991048232439553756e+00
2.282048157166380431e+00
2.739288282565731425e+00
2.000588858381671553e+00
2.604085726974699533e+00
3.364920160821429196e+00
2.371852879405826453e+00
2.355285760639536097e+00
2.710673704930316230e+00
1.358923281539122119e+00
1.945092995746240616e+00
3.250904554743076602e+00
2.687097436083209612e+00
2.341958120645284858e+00
2.961257413198529420e+00
2.393589745789046930e+00
2.494976990297852026e+00
1.956389618937351749e+00
2.661726096274036557e+00
2.630273901413784365e+00
2.975434507272494145e+00
2.866767532687311881e+00
2.079253181817429130e+00
3.136922976307340960e+00
2.761211749103035018e+00
1.767682164877171225e+00
2.287058932575356529e+00
2.235492609069022585e+00
2.295762863462083470e+00
2.198323097124282199e+00
2.105875995691697700e+00
3.155386406844996383e+00
2.597712033613978733e+00
3.747980575346718801e+00
1.776079201976272559e+00
1.374350716473510037e+00
2.010078571507182499e+00
3.306799153064221120e+00
1.808335676216782151e+00
2.039121887805323219e+00
2.426084473769058558e+00
1.546233539634730647e+00
3.370580000114742791e+00
2.787121865509807783e+00
1.684851885365034274e+00
3.152538482908960660e+00
2.531635165118004682e+00
1.608213708326502678e+00
1.972476260339494303e+00
2.296028345244637947e+00
2.192538259462965211e+00
2.348182130488445818e+00
2.656896972360478060e+00
2.519779615481403834e+00
2.269775846278969222e+00
2.966573951770359319e+00
1.908057911095521808e+00
1.797289334918553472e+00
3.073046886766191310e+00
1.972198597229158690e+00
2.863389325905060900e+00
3.145901892409011413e+00
1.963335001628702114e+00
2.981412015734880239e+00
2.690635823911400326e+00
1.987073101428691757e+00
2.202760602845224902e+00
2.078291416135533698e+00
2.412580632356712940e+00
2.962333087493661310e+00
1.943510153658962070e+00
2.302403717336083400e+00
2.951870695127853939e+00
2.415515494210762615e+00
1.156343989801993155e+00
1.873909779814157295e+00
2.663282186343650437e+00
2.270938186697915473e+00
2.334808745537809926e+00
1.924737298760058613e+00
1.869443427555005810e+00
3.036026181689108761e+00
2.666309777828850258e+00
2.714913325482751993e+00
3.140876524278837234e+00
2.366276853181870976e+00
3.014469919225545524e+00
3.120609163804574315e+00
3.582570006168612764e+00
3.118433311581382039e+00
1.874537318082201587e+00
2.944199360434476276e+00
2.795489783111558602e+00
2.294840398696381900e+00
1.360823532409866088e+00
3.110611960028860867e+00
2.377066844669894152e+00
1.807729642562524441e+00
1.250134117429994252e+00
1.823815273287937577e+00
3.110216538190538227e+00
2.981153185578069742e+00
2.073027526980964819e+00
2.274452926561178145e+00
2.240822547806734288e+00
1.590890337265867593e+00
2.973025330975897607e+00
2.296820852687714964e+00
2.364012164886623690e+00
2.155203050728502490e+00
3.140086905896342095e+00
1.992912275719633142e+00
2.262957458004937195e+00
3.003461022381654910e+00
1.377911562433065118e+00
3.190127580304385368e+00
2.402799228652715335e+00
2.599315230283431699e+00
1.609185136501753988e+00
1.776142162768156618e+00
2.047399550262634094e+00
1.972104917766390964e+00
3.269319790413653504e+00
1.769937689127322855e+00
1.964652920806721159e+00
2.657180493704015767e+00
2.951050441183597606e+00
1.522854465003771862e+00
2.966725681640928869e+00
2.091652683017223957e+00
1.760842944880373961e+00
2.556538312965075832e+00
1.784041004800051011e+00
1.992752222027567299e+00
2.263001211516755706e+00
1.858468280843607490e+00
2.882372493149999659e+00
1.932763348183884622e+00
3.085953127998327883e+00
2.398640635280715472e+00
2.874926148059003150e+00
2.942712236754763566e+00
1.460086859112331714e+00
3.562213652881021542e+00
3.484175286097102475e+00
1.719322880875409965e+00
2.963740400862211910e+00
2.622041133279541913e+00
2.653569789726810235e+00
2.857087442736427452e+00
2.760488002510947947e+00
2.811974833467956625e+00
2.650724653419289645e+00
2.404471523435386615e+00
3.120815736738594026e+00
3.055856535985839173e+00
2.100002124683383098e+00
2.373022754467698281e+00
2.808846041141328076e+00
3.124396525104501166e+00
2.953166494419638965e+00
2.732492015382807171e+00
2.184241967968902465e+00
2.612684375167587003e+00
1.857405402986812115e+00
1.609529264027626860e+00
3.303838171686140690e+00
3.907125344059266592e+00
2.227992526258357309e+00
2.188403194407279262e+00
2.606561376722917434e+00
2.539121569745711682e+00
3.095600376152194411e+00
1.874299663947715633e+00
2.939039293312895484e+00
2.204006367536729183e+00
2.245902196850665611e+00
1.901759893798741219e+00
3.286265892592255433e+00
1.939530510036327815e+00
2.354145692892190667e+00
1.874928204167586321e+00
1.954750397354933611e+00
3.123600462021835611e+00
2.842159355655587749e+00
2.870921630812838909e+00
3.136529507854684873e+00
1.811428119509114865e+00
2.598791938473587138e+00
2.595137861901317677e+00
1.968667125612397761e+00
1.595731888128470333e+00
2.002198019819448671e+00
2.643153477012103014e+00
1.703458022548982820e+00
1.787545643530985995e+00
2.714091473774611796e+00
2.645990863081782773e+00
2.249019583434983094e+00
1.879656608266424778e+00
1.853656399838917723e+00
1.884051341028318616e+00
1.919703309642567302e+00
1.353984573839700056e+00
1.593951356835705546e+00
2.019970832318132459e+00
1.786668245296892721e+00
2.383532728710485937e+00
2.514922257665888061e+00
2.190003255343586197e+00
2.185780713675703257e+00
2.286503378128806219e+00
2.522805140449385863e+00
2.079201576619774894e+00
3.059183020531738517e+00
2.948953809580478147e+00
2.353653729299887587e+00
2.215964729001717259e+00
2.513939598471338410e+00
1.507526411616948447e+00
2.044616147379279880e+00
3.217161205199971619e+00
2.324636803122960060e+00
3.049431689623607777e+00
1.665118996317101363e+00
1.444650972733410255e+00
2.531795388596065344e+00
3.345928782118355649e+00
2.001585459352473340e+00
2.352040230870250159e+00
1.574007427958829641e+00
2.294066830935313828e+00
2.633102339031556660e+00
2.777167559234797078e+00
1.720728051258702207e+00
3.352922252488431454e+00
2.189300193851036802e+00
2.956916270832062210e+00
2.807885748407982884e+00
1.877306939327640256e+00
1.980301347642345444e+00
2.906619795606690815e+00
2.860351398282079405e+00
3.135554875584836143e+00
2.170592213917406088e+00
1.595087218968525233e+00
2.789368907436863054e+00
2.503902986986015211e+00
2.924680003075794232e+00
1.801704209730801809e+00
2.960141248212026621e+00
1.952427593254337568e+00
2.283994107898528636e+00
1.832511073722469019e+00
2.588529944893578350e+00
3.092996117912875764e+00
1.977536179192430410e+00
1.483272847747951761e+00
2.523625177986592139e+00
2.510109760180152083e+00
1.665371890623500661e+00
1.967268020275743989e+00
2.431214438825091140e+00
2.811856055504373231e+00
2.153290182713268219e+00
2.427270217882254055e+00
2.165631820712914823e+00
1.804114087598538418e+00
1.598765783553723674e+00
2.135596207531158530e+00
1.838518895543721277e+00
3.198527700090047610e+00
2.369077603092340834e+00
1.917970986268208167e+00
2.274782042692814699e+00
2.786300515964379887e+00
2.508604043883537749e+00
2.057260489801832293e+00
1.873967493780865912e+00
1.649914302511407582e+00
2.384035771387229552e+00
3.465107540854468482e+00
3.135483237825241076e+00
1.483881236006117099e+00
2.203135619534412726e+00
2.001323823808188962e+00
1.795511004931772181e+00
1.969463873279820643e+00
2.168184865718669752e+00
2.106147066803043089e+00
9.609345458599889422e-01
2.069910286897709284e+00
2.772772832137904153e+00
3.149679677966711999e+00
2.246455937492470856e+00
1.934399999973294593e+00
1.347260885765672489e+00
2.188586913129757949e+00
3.374046950156830871e+00
2.058259441382219723e+00
2.521033275881557678e+00
3.311782214191743012e+00
1.893230274369816835e+00
2.323929473885144592e+00
1.373491270019361998e+00
2.146927465553838399e+00
2.126945126527034713e+00
2.053209299248536901e+00
1.404891723728814767e+00
2.120405248548508315e+00
2.278261039626614970e+00
2.780727863557467483e+00
1.400520975112480748e+00
2.289130084622109873e+00
2.017111275358422606e+00
1.520501483938128340e+00
2.802501484667922593e+00
2.309949080883751282e+00
1.795245764548351275e+00
1.935582549079697623e+00
1.381740659296254892e+00
2.942659138649088568e+00
3.149056966165397320e+00
1.985698859662633264e+00
2.306179478675420391e+00
3.070662541272997981e+00
3.179660299064450690e+00
1.944465424100731088e+00
2.185722954615930913e+00
3.627765721953379874e+00
2.091652582483610523e+00
2.646348072446512045e+00
3.055087485393779723e+00
1.534728142507746584e+00
2.400688572513201446e+00
2.257028301845996676e+00
1.648487006493158491e+00
2.142839664368131114e+00
2.440260627456178444e+00
3.010112712367535526e+00
2.805367093930782652e+00
2.503855820755767070e+00
3.278322394542466878e+00
2.222013741148921362e+00
3.474906990284485797e+00
2.079567562631837951e+00
2.270170249946620089e+00
1.714489165212518040e+00
2.664659091615766418e+00
3.082490567196118469e+00
1.976586517127952858e+00
2.837635553801020283e+00
2.971730658475468356e+00
2.084797715128814399e+00
2.624357354284324373e+00
2.344529235196446848e+00
2.776520046477223502e+00
1.879578626867358215e+00
2.066865805798110411e+00
3.148005329161069454e+00
1.868450313287014719e+00
2.210882299935189366e+00
2.121633321484565737e+00
2.559663926659356381e+00
1.211576517455435154e+00
1.689148794286549737e+00
2.892109402901502424e+00
2.509714221996976580e+00
2.685441424904396079e+00
1.973533333055885741e+00
1.251507507600274627e+00
2.823978931975286155e+00
2.810189467380711736e+00
1.864006718622576830e+00
2.770326449753667930e+00
2.558138770011520791e+00
2.112497889516550931e+00
3.113434843376361005e+00
2.514980326260788157e+00
2.959655271640542651e+00
2.952769159650118436e+00
2.006269776709488806e+00
2.280855040486284402e+00
1.323863368546253749e+00
2.775648117634112566e+00
2.768993139088296918e+00
2.409716342632282071e+00
2.083858955038131899e+00
2.030152323730841424e+00
2.394173400690554399e+00
2.576813629320303889e+00
2.326934954954225088e+00
2.328588418897557411e+00
1.925568872786430408e+00
2.780275745033055301e+00
3.055682118222290633e+00
2.044202216986247933e+00
2.170275044113807006e+00
1.717473040067698742e+00
3.167247651864730340e+00
2.763055394803246578e+00
2.378041802656923664e+00
1.592651904323353795e+00
1.392914635463321060e+00
2.321633539119812628e+00
2.037955705683955454e+00
2.540864821322778688e+00
1.951760361772048924e+00
3.055902619439391898e+00
2.304848492208089183e+00
1.952264959445228376e+00
1.606627971982167447e+00
3.147091726573387316e+00
1.884589376232075342e+00
1.997606101097377795e+00
1.770091946324638288e+00
3.110099777422489886e+00
2.979463615053941083e+00
2.909769948003915196e+00
2.495256513792551090e+00
2.367283087946496778e+00
1.733126495968740244e+00
2.529132390960207477e+00
1.967062228113328093e+00
3.418771047098266180e+00
2.949451047240127188e+00
2.743033259528840695e+00
2.641936374157829448e+00
1.917347687492568786e+00
1.994104582335596731e+00
1.921115080478156045e+00
2.797327238524863091e+00
1.687109707228602540e+00
2.542907841275205971e+00
1.662046913779084756e+00
2.350617265012803880e+00
1.517305118478808224e+00
3.156171524384952853e+00
2.951866673885406911e+00
2.715763254276048588e+00
1.582529635957791836e+00
2.664411184175378811e+00
2.727421286636190878e+00
3.114261784265849098e+00
3.138803397861162470e+00
1.841218102263566303e+00
1.371545489221120739e+00
3.122301599555699525e+00
1.935177950517638967e+00
2.645644991529465972e+00
1.971529901123936446e+00
2.653993245498067921e+00
3.131766195100376571e+00
1.807751662894892863e+00
2.507258840358659757e+00
2.779207374621490256e+00
2.943283507660510612e+00
3.040146342836192783e+00
3.294063219090136663e+00
3.131925951047408230e+00
2.793342285189353458e+00
1.930392917723344093e+00
2.075916675925028709e+00
2.935670105857923318e+00
2.008059826360782285e+00
2.277115445377657643e+00
2.096744677150891523e+00
1.559660934615849426e+00
2.645704860079916454e+00
3.521161446181685140e+00
1.930833672277574964e+00
2.308972534845529001e+00
2.513634453939338265e+00
1.661228334850699984e+00
2.644303688654255691e+00
2.491765240945281956e+00
2.048445436375093909e+00
2.372709029516155255e+00
2.742727996742654106e+00
2.126370881278872194e+00
2.508531525271387341e+00
1.932429203740441581e+00
1.985178418705912939e+00
1.468846509479359685e+00
3.138231716882475819e+00
2.184181383903320839e+00
2.315298188860883677e+00
2.047329108157558863e+00
1.328947826494835116e+00
2.887645671492113930e+00
1.970771623740098732e+00
2.786813918119614097e+00
2.632076587019861247e+00
2.128426383848475378e+00
1.930428701914176370e+00
3.122450182389491236e+00
1.740002730365350025e+00
2.932234340036764308e+00
2.958242042348143919e+00
2.811524642645598426e+00
2.197179475557887507e+00
2.790111646866904493e+00
2.125670193513478967e+00
3.543320696161809114e+00
2.179316207427285601e+00
2.894180347996539560e+00
2.404090990567020025e+00
2.509728412758555738e+00
2.498660109203408641e+00
2.623719779596280333e+00
1.812062004017941375e+00
3.153945729199228776e+00
2.665297107700727697e+00
3.134355967066049686e+00
2.746942262229901566e+00
1.811974170204740497e+00
2.909679260436694559e+00
2.072050029751331124e+00
2.421498478339079163e+00
2.616478507842191714e+00
1.586095371748751592e+00
2.978099109677802225e+00
2.895867560413205144e+00
2.036457163466334652e+00
1.796355541069343031e+00
1.969036542337372797e+00
3.006855834950058703e+00
3.403914205908412427e+00
2.052454413569793967e+00
2.446182495405106128e+00
1.721223490469933948e+00
1.934924332680775461e+00
2.624057404719651654e+00
2.015764436568253437e+00
1.843781477387584911e+00
2.793806544737167830e+00
2.185404010043314749e+00
2.073046705934300515e+00
2.522268474895868806e+00
3.038837738988111603e+00
2.806721645082223660e+00
2.233278343912140862e+00
2.375265775572116489e+00
2.365366824428856596e+00
2.112726485997733938e+00
2.800891687963973364e+00
2.284147565002614400e+00
1.895275124683167167e+00
2.532650520826456919e+00
3.377589855999769686e+00
1.451907340173311578e+00
1.604502244083536366e+00
2.323177238382744036e+00
3.228221038274603938e+00
1.730505787190859790e+00
3.036250728561555423e+00
3.241886955019564809e+00
1.483758361431411821e+00
2.009921491210157285e+00
1.996342849709994871e+00
2.270017771593705103e+00
2.409267289640178777e+00
1.406508619697292906e+00
1.563016150263812909e+00
2.238771099459881952e+00
2.722331293370479965e+00
2.793220594171335058e+00
1.912059044009186914e+00
2.257743351490521189e+00
2.957535304721599534e+00
2.614776469937933889e+00
1.894068001888495445e+00
2.191621043684848669e+00
3.762550793080806866e+00
3.022597966582970308e+00
2.707618776993138354e+00
2.805493961785754387e+00
2.111055706980923041e+00
3.102408142423810133e+00
2.777341868943854486e+00
1.728175942329995829e+00
2.170518110411467472e+00
2.269568726062469732e+00
2.417442068812061695e+00
1.970890337701698636e+00
2.857281055972421768e+00
2.816507183842143824e+00
2.855023454074256950e+00
2.890209152792002190e+00
1.988638315678033619e+00
1.880942268519704363e+00
2.089727095648835853e+00
3.567963490052823428e+00
1.322233057966983205e+00
2.417783715678982759e+00
2.061819683952661020e+00
2.261708550835630493e+00
1.995745769715194129e+00
1.445854053713825360e+00
2.513272187485734666e+00
2.540249102716520380e+00
1.451818357157157013e+00
3.615771545443580592e+00
3.223056184647193678e+00
3.046429798356794283e+00
2.645251004896773228e+00
2.185070247603318361e+00
1.855439962059132863e+00
1.555098498376779492e+00
2.772667724480584184e+00
1.815795884662548154e+00
2.515559268327187237e+00
3.102321512517973723e+00
2.041910250681952199e+00
2.645498208499649451e+00
3.062823112381898749e+00
3.140207962187367752e+00
2.258054774774902906e+00
1.983969710729937663e+00
2.696907101900805070e+00
2.740009483421796510e+00
1.994534274602027368e+00
1.902752527279226724e+00
3.170123321696695751e+00
2.265008475944071176e+00
3.186275561847872861e+00
2.388721705412311547e+00
1.754363483332394447e+00
2.208323888540400404e+00
2.201457739681905057e+00
2.930437844520225710e+00
3.383914505087527225e+00
1.839021904491479065e+00
3.118169513762757195e+00
2.933858806126855789e+00
3.215467002695446386e+00
2.953676762327332561e+00
2.814103097110790763e+00
1.881105957619234381e+00
1.954271647949131996e+00
2.797531370325371469e+00
2.464765268835063416e+00
2.941035885173068909e+00
2.980330799748401649e+00
2.262900796436091433e+00
2.281461864328802491e+00
2.505139131309744194e+00
2.227451981965746786e+00
3.148218340411184535e+00
1.958041718688358523e+00
2.461991395363103852e+00
3.116338924619941331e+00
1.793990948599950341e+00
2.733168247528250827e+00
2.766043120017595225e+00
2.369133824679954703e+00
1.715628910370471605e+00
3.015210330282930062e+00
2.100603140128422641e+00
1.925015244781514312e+00
2.886878316492797136e+00
1.269743499424234479e+00
1.995365102896965670e+00
2.094794102588882101e+00
3.135275450139317854e+00
3.047206202387730656e+00
1.459303981345146717e+00
1.258928799882357952e+00
3.148351124020154934e+00
2.517527167802361188e+00
2.405768647671199911e+00
3.086608913612454597e+00
3.329155004919187366e+00
2.033880479893944049e+00
2.656776611167387170e+00
2.330519391207018121e+00
3.118189049978422389e+00
2.487642186188740556e+00
2.509336628789856860e+00
2.110266139831330712e+00
2.592079160815365046e+00
3.169709844694658329e+00
2.399601832660075207e+00
2.202128484023844202e+00
2.482936186001797552e+00
2.117241664372943699e+00
2.509650288180205191e+00
2.110055094237516915e+00
2.596176833165270814e+00
2.808526728625910796e+00
2.185678051737454552e+00
2.458712808845727071e+00
2.730849751503103384e+00
1.486839211322674936e+00
2.373491183703452911e+00
2.748357793424285767e+00
2.740675004360040301e+00
2.217648962607002172e+00
2.997472290646600701e+00
1.832480438285989388e+00
2.770605395439226015e+00
3.806221261079763440e+00
1.473434628882942299e+00
2.171465411167244230e+00
2.190420809495462251e+00
3.796623010219408290e+00
2.953653089992202663e+00
3.137854865257238224e+00
1.612468579213335529e+00
1.662315444778717843e+00
1.634757475397271786e+00
1.972105127321064799e+00
2.351208703070568617e+00
1.862331486669962288e+00
2.096738102214142252e+00
2.246558656631109763e+00
1.924560671486614583e+00
1.911040863118262711e+00
3.054572041799731519e+00
1.805244370243438201e+00
3.341504007963003620e+00
2.186753399961333333e+00
2.406283812016650980e+00
2.227141429592876420e+00
2.524771665039635238e+00
2.638585753391866628e+00
2.774244015049646350e+00
3.121790805032849114e+00
3.050471443327178900e+00
1.968193504151910300e+00
2.199782928910305024e+00
1.800220732265841228e+00
3.124350183664086344e+00
2.820284146841971484e+00
1.995335666671069319e+00
3.276408925165399832e+00
2.867875509382520338e+00
2.716557260007387953e+00
2.401866164577502349e+00
2.746345998341424011e+00
2.757629740694785614e+00
2.760106946366017500e+00
2.135481469838056423e+00
2.568983231910694887e+00
3.021559950482672896e+00
2.137476617165253057e+00
2.370255388329966628e+00
2.356750182296651897e+00
2.353107482096006287e+00
3.280837831917888803e+00
2.271745840491876223e+00
2.776108041599153253e+00
2.976271405613553522e+00
2.217284947245238946e+00
3.361143727237506429e+00
2.322100205724572319e+00
2.182585770509363421e+00
1.414912237411987794e+00
2.516590471923795924e+00
2.946336459151495113e+00
2.566750659081084240e+00
3.655434936999003792e+00
2.525541106455685636e+00
1.995895368268749470e+00
3.561405722484408010e+00
1.396817750722640250e+00
3.987379139489345192e+00
2.808300487213388763e+00
3.162228338547611539e+00
1.546269990951717244e+00
3.316427711746437357e+00
3.778083129200235035e+00
3.681207954063615340e+00
1.767127061981271563e+00
2.304088336039464391e+00
1.995123431794718627e+00
2.608410402456764920e+00
2.612042172146811669e+00
2.328238343774282182e+00
1.619450220756301073e+00
2.757665577203537666e+00
2.282788558852087313e+00
1.845377730654537807e+00
2.092088389982936558e+00
1.897238697805912144e+00
2.477172298594308320e+00
1.962891591350087950e+00
2.953473017702294978e+00
1.808637627322897234e+00
3.350959385884586972e+00
3.344058503436609264e+00
2.165198173363861223e+00
3.122304294465545915e+00
1.873434526877806094e+00
3.466310411106335199e+00
3.025526476985530344e+00
2.632971712411238396e+00
2.792775812562046323e+00
3.100616262556642244e+00
3.560706640968222203e+00
3.206047863228910444e+00
2.211224684822229225e+00
2.290530553759428489e+00
2.518652228943951688e+00
2.188713140302688487e+00
2.441883836716835621e+00
2.770600814560355563e+00
2.100981685614552674e+00
2.360069271133895086e+00
1.902791466734468973e+00
2.653262209099223057e+00
2.137327258606994018e+00
2.623415883038160423e+00
3.092502053097757830e+00
2.247895484237590669e+00
2.176569583052816448e+00
2.782089615254888404e+00
2.809034393865040613e+00
2.590148663755244662e+00
1.378330715365141623e+00
1.720952599761208957e+00
3.048885586950111914e+00
2.482001605384545062e+00
1.823984093176001409e+00
2.267208396940318504e+00
2.289803461572663679e+00
2.512873386436286438e+00
2.557477364570869494e+00
1.561368160854550657e+00
2.288263721579581578e+00
2.400516904649636629e+00
2.162793714104602305e+00
3.495597629733739442e+00
2.550333877102282543e+00
1.603517493572353958e+00
2.066110802233068089e+00
2.111775129745884438e+00
1.931295358092238956e+00
2.194988034715235514e+00
2.258799667177993520e+00
1.851982963571950025e+00
1.825370173752976610e+00
2.128594985999047395e+00
2.070322689733865573e+00
2.511908930113711413e+00
3.054431564748420591e+00
1.934711585667526323e+00
2.532201472125193753e+00
3.136261840880095964e+00
1.959534609846951936e+00
2.125062393975410746e+00
1.972180344679441921e+00
2.299863308816967766e+00
1.971815154044578300e+00
1.815020918110110459e+00
1.870163920441900274e+00
3.144360514328224721e+00
2.969281121246466260e+00
2.768330154994067094e+00
2.794218508372396936e+00
2.307928948871308616e+00
2.275226114935888777e+00
1.719544881440455031e+00
1.955477307420963928e+00
1.908175497477598626e+00
2.639336906040717690e+00
2.217522042221806711e+00
1.905514296787611972e+00
2.652056833168107808e+00
2.111501207272752367e+00
2.088890218990367753e+00
1.626334327616047348e+00
3.105182517482729665e+00
2.265349457983108827e+00
2.229366875784820401e+00
2.001973335873445947e+00
2.609463125512816450e+00
2.361721136697272350e+00
1.832674225892058972e+00
3.118229010589890215e+00
1.975488818492030285e+00
1.932356224410527901e+00
1.953489736080060268e+00
2.757348301734379170e+00
2.439316682626917920e+00
2.416291738785026677e+00
2.525320359670147674e+00
1.444483954622412414e+00
1.966967636361149463e+00
3.058303506744143530e+00
1.906852628469628996e+00
2.246092886273974187e+00
2.236331585233843455e+00
2.704725277892152668e+00
2.174672989976870863e+00
3.334708782853774700e+00
1.729952770419527219e+00
3.209690389138775135e+00
1.881044133952494146e+00
3.303383691618454687e+00
2.209277270714248065e+00
2.783808066045958096e+00
1.922686976507345324e+00
1.889163840774197745e+00
2.349540554891695443e+00
2.488899173410941135e+00
2.134351631274595817e+00
1.938798047558818460e+00
2.151738128222720814e+00
2.763678708970819020e+00
1.846838710088082314e+00
2.464638662419512016e+00
2.522004481809968723e+00
3.146061847715018178e+00
2.014080429767439284e+00
1.747326048470910553e+00
3.165977550680375785e+00
1.961769490367616164e+00
2.441690241386809124e+00
2.715376800698602988e+00
1.569953380131495102e+00
2.760033626267171414e+00
1.835323350423635924e+00
3.348732065897548793e+00
2.749474894528578517e+00
2.591778439914179444e+00
2.785186836870441329e+00
2.619632411113106851e+00
2.343098831569675689e+00
2.168446246058326032e+00
2.610416889561725018e+00
3.631479049905055323e+00
1.588525321630929632e+00
3.331719545565066998e+00
2.266561799609478456e+00
2.266153879855500097e+00
2.308088576674509174e+00
3.518655879149358068e+00
1.559764546080761871e+00
2.458283636341874079e+00
2.533881746113058941e+00
2.042326136352861976e+00
1.697396959861857457e+00
2.510162941847233320e+00
2.516679224599790210e+00
2.367188219897137902e+00
2.461652457951329698e+00
2.092409081026225248e+00
2.457318238470276306e+00
3.375462280973964724e+00
2.894826182690763527e+00
3.221155400299463345e+00
2.281121221792504983e+00
1.446785521433709976e+00
1.944873484175292599e+00
3.219617077793325510e+00
2.266661574407388358e+00
2.092273406211297981e+00
3.354355180882747867e+00
2.396586267269536830e+00
2.309325141057754216e+00
3.085002378556507718e+00
2.220247552429253091e+00
2.530020998563887069e+00
2.555002650935751518e+00
3.280625426425074043e+00
2.527486104121710042e+00
2.634083481266563886e+00
2.873553030320380675e+00
2.480601489701617091e+00
2.703867180031291007e+00
2.217242140290130337e+00
2.782132956773422094e+00
1.366381220544339747e+00
1.377218945192834054e+00
2.902496417246718252e+00
1.802282152423438921e+00
3.146814664448703613e+00
1.239841860881002900e+00
1.949131914827640255e+00
2.737795843134870566e+00
1.225284455269936679e+00
2.781307299956462309e+00
1.975534098125094618e+00
1.332571436596131642e+00
2.995714211321781839e+00
3.277335808880377677e+00
2.238277902299019573e+00
2.527887465033454184e+00
2.323679894881558461e+00
2.376355061601626684e+00
2.213064532275179630e+00
2.627432693458209290e+00
1.796535404684534099e+00
2.510298083295024352e+00
2.634324506600810967e+00
3.233363464035187818e+00
2.448361866541785670e+00
3.037811255092460527e+00
1.797615088534116001e+00
2.794376204938388675e+00
2.467725762641757470e+00
2.975335281368457263e+00
3.337603809974603930e+00
2.565486345011269709e+00
3.350150251604190110e+00
1.958976855580863319e+00
1.941744722191479644e+00
1.518145497042555858e+00
3.396095194143501139e+00
2.407361106973569420e+00
2.920154462638807402e+00
2.589212318135471591e+00
1.943093409542789196e+00
2.394646854994886276e+00
3.382008998513424292e+00
2.856822763348047634e+00
2.467044197835256636e+00
3.718892510529908879e+00
2.828113172443039058e+00
2.948394487098993544e+00
3.091673365217940450e+00
3.162564620102106261e+00
2.780848744340450818e+00
2.003364944813045945e+00
1.992914032653689160e+00
2.376758577340873035e+00
2.975201056456291848e+00
3.135853111890019029e+00
1.848958857625981445e+00
2.188313184524786958e+00
2.658845413477997965e+00
1.809440270627861613e+00
1.600915322639230975e+00
3.259476017399756120e+00
2.403745331112690398e+00
3.564382213613963568e+00
1.984700227979287357e+00
2.706020248130982964e+00
2.160196265090154277e+00
3.184158585780473505e+00
3.475272639463067748e+00
3.139811666551716840e+00
2.441779331261137997e+00
2.600198068748083458e+00
2.956407691753183187e+00
2.616248891769686669e+00
1.238141662886776295e+00
2.957303452344550276e+00
3.114754800988099426e+00
1.979145110271542496e+00
2.799043490935558598e+00
3.538909687328242626e+00
3.155222217409713537e+00
1.848213874890917818e+00
2.262248102309053710e+00
3.382092762837626942e+00
1.968547785678397943e+00
2.445497703747639306e+00
2.084441355318822797e+00
2.543711509497028178e+00
2.622970120498964608e+00
2.487569703996594495e+00
3.470549947377180811e+00
2.452807570288772165e+00
1.732026213212142673e+00
2.300472312389951313e+00
2.722923024198724562e+00
2.280137799900191276e+00
1.850817525407927544e+00
3.345940402133144698e+00
3.250582292892916669e+00
2.706275357157501560e+00
2.488714255191857294e+00
1.944099273765318436e+00
2.489804369819698771e+00
2.581383031313156273e+00
3.359001252193944520e+00
1.910669760862018229e+00
2.820777353308017155e+00
1.143694474266476968e+00
3.432876565133519797e+00
2.536556889676421012e+00
2.806009464972859302e+00
9.459377302760469952e-01
3.006098105677665444e+00
1.326765010931420186e+00
2.127287277508692398e+00
3.073025177208231984e+00
1.444823911972295427e+00
1.555092201350203762e+00
1.817805188577224840e+00
1.743375080107337993e+00
1.980409011984728629e+00
3.054610831501014534e+00
2.323321456260792672e+00
2.770659756204556956e+00
1.664647212698892043e+00
1.346135484448265585e+00
2.196702311686016706e+00
2.429147473944867297e+00
2.084334397060626731e+00
2.405597614294423536e+00
3.071194004915604570e+00
2.338449177124179990e+00
2.500020590656036656e+00
1.746143034351654411e+00
1.771646552303744349e+00
2.521172154981146551e+00
2.286434281151929593e+00
2.348441512028874190e+00
3.486991654630573034e+00
1.742075506598972368e+00
2.691602466702492258e+00
1.954586107748313095e+00
2.001054988069742802e+00
1.825543820492116831e+00
2.486173004139426546e+00
2.955246023275447609e+00
1.956830124141787586e+00
2.013713198693306339e+00
1.890422850352265316e+00
2.355237778865723275e+00
1.801972984512183684e+00
2.641811354366404352e+00
2.420810323948189957e+00
2.177823768808446747e+00
3.531047646033421028e+00
2.701434308919471672e+00
2.802115705974829840e+00
2.189536868383656909e+00
3.027888796594989440e+00
2.743505676537926874e+00
2.260245920777240958e+00
1.388728380655367634e+00
2.282771772823018352e+00
2.538816926038455879e+00
1.953865005139374000e+00
1.993588234099160861e+00
1.485392548495378273e+00
1.713124233589806034e+00
2.578223529649843915e+00
2.955955527142452244e+00
2.596716845724688305e+00
2.966999675395762370e+00
2.721709675027200959e+00
3.315443284576895966e+00
1.917709638306231090e+00
2.817750587524962214e+00
2.187357695057686957e+00
3.067417753681811021e+00
2.204179584055964369e+00
2.916505391971749184e+00
1.933134220546390836e+00
2.050137757000129568e+00
2.416996102401084645e+00
2.472763827925867020e+00
2.633323057909752407e+00
3.127070725030768550e+00
2.030541381086425012e+00
2.819021111786624623e+00
2.292545249009316777e+00
2.185158392939866356e+00
3.004923490647982920e+00
2.281508037472128603e+00
2.564012444255631795e+00
2.787662214964610197e+00
2.476785015160209991e+00
2.633513850240397858e+00
2.482038691196499336e+00
2.613818740100288807e+00
2.930840137284871805e+00
2.940630028265063700e+00
1.867384065689623895e+00
2.802931826736698717e+00
1.973352726535740453e+00
3.176540370941956848e+00
2.342742104650177293e+00
2.407072679904469048e+00
2.390970857358094559e+00
3.384101149828529387e+00
3.560151646147649007e+00
2.097340150573030915e+00
2.552595992324756757e+00
2.396936270374516731e+00
2.333831598892974757e+00
1.975472829004702113e+00
2.338849563446482538e+00
2.796349072787180923e+00
1.941293099288352808e+00
1.983435631633220675e+00
2.039420729510187158e+00
1.982505201328750521e+00
2.953591408482012071e+00
3.000057641904065431e+00
1.804840241805379941e+00
2.942384184097753153e+00
2.378222171777946148e+00
2.046053265088541462e+00
2.416577145196499465e+00
1.771378772671721613e+00
2.354526071390738551e+00
2.363405953184104735e+00
2.396539205623983371e+00
2.668230883868547121e+00
2.696474005895796999e+00
3.704780040141989250e+00
2.339021814761580220e+00
3.055883649876031338e+00
2.509738487581119504e+00
1.836778422652878717e+00
1.988772520178961223e+00
1.363995669890823104e+00
2.013871477736059123e+00
1.605327670959886710e+00
2.368925148127743352e+00
1.834799395613099238e+00
1.864983614048010274e+00
1.937467643760397262e+00
1.942664759340959391e+00
2.388889145070940856e+00
2.174840511436415547e+00
2.251987982060568605e+00
2.375976932464217040e+00
2.679139205667946388e+00
1.851291521046255939e+00
2.276354473054718497e+00
2.396482449204634158e+00
2.165660609706232087e+00
1.855382908947129428e+00
2.246484972942202951e+00
2.650859562312375850e+00
2.819224586705317837e+00
3.045064716051711251e+00
2.271598865433156700e+00
2.665876177868080621e+00
1.984377167633507577e+00
2.648447492828597483e+00
2.999229316671689460e+00
1.950919105595933623e+00
2.603491636629787997e+00
2.800143887774522611e+00
2.488333848704476825e+00
3.338431997150900887e+00
1.971498760678362494e+00
2.227814791928077298e+00
2.114291138780008961e+00
2.616966182315028977e+00
1.993281892927083909e+00
2.158932703231861261e+00
1.397519711472977599e+00
2.280680554284330253e+00
2.637992500834813292e+00
1.576140325568227363e+00
1.410064943210281863e+00
1.230802396423655853e+00
2.085488752673734680e+00
1.920784530720063499e+00
1.447073182600516539e+00
2.391874191643390102e+00
3.195299335219443204e+00
2.959903750464505379e+00
2.733542560738631888e+00
1.954181787651337432e+00
2.044479700430181790e+00
2.230619798654789321e+00
3.304380146406290741e+00
2.400117488000697019e+00
2.538842806299994148e+00
3.359110413460893341e+00
2.783811938563080179e+00
2.631613117955805325e+00
3.154143575209385375e+00
3.394250522029281125e+00
2.650314146822888350e+00
2.080349656601797825e+00
1.964685475079529953e+00
3.286750517730320897e+00
1.410548078915695447e+00
3.317980203105691306e+00
2.522777960478411075e+00
3.214783618151089595e+00
2.661868947252904682e+00
2.950707844110044942e+00
3.135262623435125295e+00
2.922379455481605603e+00
2.306450485622383084e+00
2.143489564947112846e+00
2.819178571024386404e+00
1.105424073844665900e+00
2.134422630475576899e+00
2.001808889222523646e+00
1.844723814998546541e+00
3.592913595709795072e+00
2.161469955212418803e+00
1.841723888409275256e+00
2.961176332288797397e+00
2.075993919340279881e+00
2.788929228699768004e+00
3.485498686602143348e+00
2.982681218473071993e+00
3.346953855471508810e+00
2.085820694845625933e+00
2.606524449716051794e+00
2.032307151735743389e+00
3.290970148236095572e+00
1.724862142851729896e+00
1.807415653018386692e+00
2.043738224155848826e+00
1.979893817602147221e+00
3.233157689317077477e+00
2.585398451413436050e+00
1.991561613514910123e+00
3.116144224535397633e+00
2.607802787416658941e+00
2.924212195298049988e+00
2.341115602260493311e+00
1.895434433311581568e+00
2.903440489701956118e+00
2.153310609280186139e+00
2.475866634295135871e+00
2.306014497892436843e+00
2.634719182139779292e+00
2.373963268816868588e+00
2.250945495601924140e+00
2.522068815438769818e+00
2.657013250916337110e+00
2.046267904086409128e+00
2.516106124306296099e+00
1.958480073661897247e+00
2.062128620917366373e+00
3.089400557390482582e+00
2.055525756034565443e+00
3.219503388946113986e+00
2.199641556352793792e+00
2.778519125623823083e+00
2.370784351445130778e+00
2.727753508691551421e+00
2.040340139936311026e+00
3.557487219660977917e+00
3.074310802957866073e+00
2.024594563363802280e+00
1.709806879348268582e+00
2.125919602862690105e+00
2.001684744211388534e+00
2.390930738121193944e+00
1.840152599562121516e+00
2.282942599294498720e+00
2.119652740446267281e+00
2.375647868757198022e+00
3.191207568290275631e+00
1.901531876916668695e+00
1.975910369299300973e+00
2.073374637212177962e+00
2.596708987175345040e+00
2.049925188065769621e+00
1.916798640614021609e+00
2.796477813760339437e+00
3.094821249401040308e+00
2.519652846065442375e+00
1.923378459682890451e+00
1.920680549147002703e+00
2.222247710146688870e+00
3.275694620118815958e+00
2.141764897812196811e+00
3.350396774051077387e+00
1.917826807447709836e+00
2.738023436636707331e+00
1.976455650572083833e+00
2.169404260536671902e+00
2.217837529161211574e+00
2.258796531822960585e+00
1.741666668319037159e+00
2.109843626592537102e+00
2.982625819363544206e+00
2.191339578646772424e+00
1.977654505624014014e+00
2.738383190581510362e+00
1.871224959078867878e+00
2.597181238511380830e+00
1.949122253451737175e+00
2.199379134910222522e+00
9.928120196472535186e-01
1.452762328318636165e+00
1.284371940881630980e+00
2.144774146695163086e+00
2.357751184612804085e+00
2.177529336415089389e+00
2.929763342900307155e+00
2.932540166036651463e+00
2.110125054551105883e+00
1.953196539583929248e+00
1.757315799078883911e+00
1.859616601562498639e+00
2.764342754106296596e+00
2.022337255955762636e+00
2.352923500938649770e+00
2.217466701631733095e+00
2.784043732583311836e+00
2.536906072987784366e+00
2.631736836528649537e+00
2.258649189047410299e+00
1.775451170275010204e+00
1.638929228052910636e+00
2.336148386294856216e+00
2.104475747704557698e+00
3.293229898735879235e+00
2.422758572186772597e+00
2.074510920469425201e+00
2.756947408621989393e+00
1.950841991171837542e+00
2.172501618118047872e+00
3.301288880335409459e+00
1.967897763593982718e+00
9.902138520157565127e-01
1.986778299096108480e+00
2.383152819000027733e+00
2.317670942080334306e+00
2.795005311838250073e+00
1.929269560645895165e+00
2.571709312619636645e+00
2.368654397309855497e+00
3.168810200241618968e+00
3.360938891829283737e+00
3.288120104629282725e+00
2.462791416114132659e+00
1.180617908835825736e+00
2.590794640582918973e+00
3.208995145976510255e+00
2.576987128076228206e+00
2.312333081188434392e+00
3.089279312427470003e+00
2.735900538033360974e+00
1.576325768599538435e+00
3.505016332940469326e+00
2.840533543351731360e+00
2.218624633530962953e+00
1.872148656315022253e+00
2.622577547356677030e+00
3.540267399433564943e+00
1.846999427788912351e+00
3.097566779961587358e+00
3.187306745085150883e+00
2.426474482440821312e+00
2.022241257663660807e+00
3.334167396203305600e+00
3.338734021966333732e+00
2.783800889537893841e+00
2.663216730727581361e+00
2.384865682336971382e+00
2.400980765234223657e+00
2.144578469495821427e+00
2.089253697786065622e+00
2.956351730657585275e+00
3.067474471572797512e+00
3.452648533141988718e+00
2.514398792716876496e+00
2.951535333151532381e+00
3.036886561934935891e+00
3.391837003631578806e+00
1.517264403695567143e+00
1.908239639369437857e+00
2.943230256078326779e+00
2.259955710503532611e+00
1.943193779653089592e+00
2.176424083496021122e+00
1.920133656855896209e+00
2.807652349704173655e+00
2.199929380619363606e+00
1.790580087331976822e+00
1.400290403217109292e+00
2.575920814464774278e+00
1.474502261752137056e+00
1.569825780975263374e+00
1.280961427525814100e+00
2.020497864116665099e+00
2.300251943148971634e+00
2.667016313159426666e+00
3.583282852601557433e+00
3.139664056571134232e+00
3.120459849976780387e+00
1.858485220904396940e+00
3.202280087852663826e+00
1.606282266062990072e+00
3.175497281622599477e+00
3.562311292247822170e+00
2.723800315345513035e+00
3.278416730628537223e+00
2.931222185869617025e+00
2.188065511528086926e+00
2.727667806223159630e+00
2.381897513711234815e+00
1.628975257392960341e+00
2.097625059630237487e+00
1.685148171345217882e+00
2.178395691118430566e+00
2.714870766827538251e+00
1.513759642179081766e+00
3.409029037024111641e+00
1.942747614181624671e+00
2.248707444836976155e+00
2.636211825007342302e+00
1.793565313997085520e+00
3.070023725968826334e+00
2.144409730739698094e+00
2.869225447221094516e+00
2.261662641728356515e+00
2.201958418649510474e+00
2.543142057708019266e+00
2.621868006981368904e+00
1.929144720993528850e+00
2.791110600857765078e+00
2.764918670786467025e+00
1.718414442598244163e+00
1.493907504317106838e+00
2.213158100514984739e+00
2.076945758445876589e+00
3.350734024566980551e+00
4.260330276663577997e+00
1.958190499536193840e+00
2.199391332443203062e+00
1.968144646629739425e+00
2.868224134435751971e+00
3.411456330019952521e+00
2.802916932319594157e+00
1.771436061932829320e+00
2.372449063366566691e+00
1.468530192899796694e+00
2.933081523333024965e+00
2.867612304395933620e+00
2.033660113708654738e+00
1.406438936121684025e+00
2.457917765710738500e+00
2.817602760483647995e+00
2.783744910385211657e+00
2.778247704832676135e+00
2.277698640285584553e+00
2.275709107261957964e+00
1.965915684775065841e+00
3.342862534272744046e+00
1.884180176393348116e+00
1.959358569874391609e+00
2.914121188414768859e+00
2.306205214993592101e+00
2.415350000030104471e+00
2.188357540027859205e+00
1.819375777957682905e+00
2.508876665065109535e+00
2.182284790758461490e+00
2.295181823355838535e+00
2.976562426174162113e+00
3.143421824562368183e+00
2.535585537297158965e+00
2.459328457488899389e+00
3.550469741211329744e+00
1.880283019442970716e+00
3.606089468843458157e+00
2.909111316419722204e+00
1.928982156568648465e+00
2.263457638886651413e+00
1.945800887170979321e+00
2.650485265356436138e+00
2.078363867610506954e+00
2.302894916404914394e+00
1.501435217469403671e+00
1.243565650867330952e+00
1.474714680859356086e+00
2.325623674246740880e+00
1.527273246924049532e+00
3.569896677240460114e+00
2.736469946827997379e+00
1.851850841939963965e+00
2.535858181635859854e+00
3.371667907056480562e+00
1.928389971675482872e+00
3.230397500498679353e+00
2.529215286240787286e+00
2.927933312919013709e+00
2.383052139453933016e+00
2.681654159880283217e+00
3.122876156680213899e+00
2.766687269199478383e+00
2.533939150394885154e+00
1.986447138021540715e+00
2.771964580369566722e+00
2.493584216090523942e+00
2.125656711519341435e+00
3.072219712916169687e+00
2.344506200043853905e+00
2.352878263420138616e+00
3.149925726926866787e+00
2.968110064618649790e+00
1.381435739190691292e+00
3.390868842882079903e+00
2.571914449841528505e+00
3.272521869589807952e+00
2.967326785075013351e+00
2.021776278167480179e+00
3.233262899364672815e+00
2.100285045783759852e+00
2.655683343029931365e+00
2.536128168487329138e+00
2.257566751597221533e+00
3.074536187119566222e+00
2.816931966913622798e+00
2.807647287398006508e+00
2.275839843105096794e+00
2.309214782653326470e+00
2.277989414741282470e+00
1.937666603416298816e+00
1.516723686523382630e+00
2.634629690501192556e+00
2.153472531913989574e+00
2.763415107076411026e+00
2.083354806069614096e+00
3.122195455119865404e+00
2.405286904639272638e+00
3.711507691528866726e+00
1.729828920825877914e+00
3.151384502024658030e+00
2.810208649677591541e+00
2.505097404234631231e+00
2.266795124365627245e+00
2.927814277724783754e+00
3.606552610686218685e+00
2.286369891910670304e+00
2.793419286401668700e+00
1.877785515808279682e+00
3.352997606940778308e+00
1.084215717703914450e+00
2.512176816985858707e+00
2.450415681413474545e+00
2.049017483087264946e+00
2.534677110197791627e+00
2.389250188892406257e+00
1.944198644036180479e+00
2.820276183066046549e+00
2.994763821981151874e+00
3.232842617999175605e+00
3.806229180221830877e+00
2.408553971214146383e+00
1.470409834707563812e+00
2.008436870378951689e+00
3.127005902317372854e+00
3.344033524518900791e+00
2.779170456471448780e+00
2.485331612994128303e+00
2.995737379618864882e+00
1.843644173747645887e+00
1.978824363590460766e+00
2.657725009403143268e+00
3.683637752817722433e+00
2.245203520970421529e+00
2.378035810755180890e+00
2.395476249819165293e+00
2.612936455658073864e+00
2.738927407698934502e+00
3.128456645702070382e+00
2.488459523554296560e+00
2.984322760002639185e+00
1.965043783609810468e+00
3.186763684302793553e+00
1.925616588419333031e+00
2.292959892391889909e+00
2.815131975614350690e+00
2.727683700718845916e+00
2.178486257523430947e+00
2.418286642454368973e+00
3.171200643690134324e+00
2.255824657239274167e+00
1.927664488963963585e+00
2.206175756967911461e+00
2.143144346445646331e+00
3.346414664353517754e+00
1.594346623603934532e+00
3.174966865607024680e+00
2.675205961102113505e+00
2.306890340188472166e+00
3.144370290025134018e+00
2.063613665839126643e+00
3.010014802807967627e+00
2.272543651237381557e+00
1.922912665756348893e+00
2.173285271791111306e+00
3.422659134922321211e+00
1.848930371545685958e+00
3.193156777831424709e+00
2.335747685293873221e+00
1.998217113157003899e+00
1.935607748242827331e+00
3.292482153500861486e+00
3.429819561275804674e+00
2.629880137382093253e+00
2.406546321233336894e+00
1.927060683124302898e+00
2.956915783852014812e+00
3.622972099836450965e+00
3.834587214042966874e+00
2.314887505040549520e+00
3.054528094968702145e+00
2.951962705577062085e+00
2.993377606809719094e+00
2.622266113029497969e+00
3.055474507770707948e+00
3.663949226594465092e+00
2.892822241091455027e+00
2.795240061123517972e+00
2.738838869762517447e+00
2.794186439221201024e+00
2.477136418987356148e+00
1.921451495184618441e+00
1.468127907475895277e+00
2.650136918651301077e+00
2.862950072637614696e+00
3.363109039348733287e+00
1.027227614357023810e+00
2.603174788613261903e+00
2.384399455310326044e+00
2.800752579859129288e+00
1.993326809152276224e+00
3.345953892262823803e+00
2.292998368037315604e+00
1.754165111441158720e+00
2.142372947300868802e+00
2.566772855547780896e+00
3.362352546545117171e+00
2.669544268536649057e+00
2.585545006403365154e+00
2.605657753403532340e+00
3.265146987752125973e+00
3.156837152325968177e+00
1.395211639739121656e+00
3.159755548436953720e+00
2.758312647663492712e+00
1.599912860004650383e+00
3.124246568611176222e+00
2.677232278123045539e+00
3.170191923495274455e+00
3.125433019213271102e+00
2.761614534059243287e+00
2.514125066731332847e+00
2.713491527417770666e+00
2.433133928755980779e+00
2.676379695655016100e+00
2.505381550856934147e+00
1.995007462205758531e+00
1.291713829477763031e+00
3.146440813565253070e+00
2.066588483461743841e+00
2.548233958291679979e+00
1.947332299509714426e+00
2.598662236479003518e+00
2.735069651663514012e+00
2.216394365049298987e+00
3.578926250038795942e+00
2.267673716950004970e+00
2.819897341166477389e+00
2.957317046841171582e+00
3.055461919302902007e+00
2.782709509596223540e+00
2.549170293986199098e+00
2.701727882007125547e+00
2.132515024900580869e+00
3.337867794288523982e+00
2.654791241620826803e+00
2.383031981101894292e+00
2.294537141969559713e+00
2.097397855479582685e+00
2.389963640720434768e+00
2.494112879291958240e+00
3.181659876864642911e+00
1.712738996897032573e+00
3.135995744836628685e+00
2.629546691448152007e+00
2.277263902523141148e+00
2.805612450259169499e+00
1.946793467703797909e+00
3.842776828758963870e+00
3.014601787807420052e+00
1.227765121130176995e+00
3.172368545438264409e+00
2.864391188430344570e+00
2.163969706689478301e+00
3.122518304918988186e+00
2.317327209327858295e+00
2.050415884381686205e+00
2.071711211352231796e+00
3.569824289988826393e+00
2.290026740572825847e+00
3.159937814233675812e+00
1.820359909847215185e+00
2.468296983374277165e+00
2.809218510591807494e+00
1.615384745628252405e+00
2.426276181346315841e+00
2.169363035022200403e+00
3.156248316704143964e+00
1.901203204258278490e+00
2.931579934274076482e+00
2.241176138391138384e+00
2.290178550097822008e+00
1.778526827433583701e+00
1.907361951647067677e+00
2.874175083086006222e+00
1.935891430022333326e+00
1.498701890406749504e+00
3.615981977376744538e+00
2.880145175677343961e+00
2.179242661712119222e+00
2.170783407701103229e+00
4.025329802478087693e+00
1.840842190544248913e+00
2.008658563668364927e+00
2.000623383975603797e+00
2.955913601325130813e+00
3.975758025833609377e+00
3.190663960335892835e+00
2.323812284134956219e+00
3.307793071464447454e+00
2.083828992779671818e+00
2.241924216678333526e+00
3.387464886227156136e+00
3.083046241518047736e+00
2.708587364736791514e+00
3.319070058006329926e+00
2.772334806559500375e+00
2.907923370537557339e+00
1.708544415547376794e+00
2.211052951833345936e+00
3.701419722177329952e+00
2.218778462544079844e+00
2.010994462477439182e+00
3.134044051201673398e+00
2.459438040029413575e+00
1.472720443759303555e+00
3.683979332476112312e+00
1.851958569852832470e+00
4.032590726476295906e+00
3.170530946537363448e+00
2.767134544039776767e+00
2.776235251524897141e+00
2.289728822894535387e+00
2.956364797580047110e+00
3.213972342309205477e+00
2.972876384867885857e+00
2.940256888328471874e+00
2.303888238949221456e+00
2.491946784293133099e+00
2.776158321566126297e+00
2.213319547722596425e+00
2.636971220851384690e+00
1.871688960291235215e+00
3.430644369813532712e+00
1.826652043241146384e+00
3.567397927499451615e+00
2.913869109540926594e+00
2.784846396253248813e+00
2.293499659497583831e+00
3.122729109696642968e+00
2.758351692370573538e+00
2.493911886500265407e+00
2.835369699803345966e+00
2.299191119448812604e+00
1.975196542471826078e+00
1.404437886572440508e+00
3.266422051884271482e+00
2.655945924439316208e+00
2.443672610562422687e+00
1.643142836351105585e+00
2.765624632451229026e+00
2.279813068314243463e+00
1.999395425843110363e+00
2.648606221899383328e+00
2.973047971456865834e+00
2.136534286071106514e+00
2.120961348344752029e+00
2.490777827600800354e+00
2.344490338673039798e+00
1.777432112922520568e+00
2.741299446682120333e+00
1.989738349424833741e+00
1.921826630071710618e+00
2.365940623887899275e+00
2.668093230314081854e+00
2.377261503177626523e+00
1.886561867768636880e+00
2.198721975206141543e+00
2.220092739561698281e+00
2.311271300162396347e+00
1.763186752102492427e+00
2.626946610385898495e+00
1.794489030846665889e+00
1.433912488540390884e+00
1.802741997431592580e+00
3.261583157009175782e+00
3.064603791135058763e+00
2.051573669235552178e+00
2.576057191537385105e+00
3.601673486521184131e+00
1.832507199847954737e+00
2.076357255143539415e+00
2.802408505206885447e+00
3.211620834984683093e+00
3.302308496924764469e+00
2.613067105434081050e+00
2.106366746417271951e+00
3.154089617921386868e+00
2.375442051964332002e+00
1.946631984479942457e+00
2.169934920896801511e+00
2.816448514927189617e+00
1.571502264098912471e+00
1.336175449073480515e+00
1.689526500339925130e+00
1.916727773190486150e+00
2.945182159781063014e+00
2.781783967859780660e+00
1.615741743918475359e+00
2.317230312979360551e+00
1.836877556691899782e+00
1.928469708817953654e+00
2.513378862677046577e+00
2.497780107241942993e+00
1.961901039410009373e+00
1.756495414884940098e+00
2.785641216883528504e+00
3.169159851483555279e+00
2.186263557645872435e+00
2.536769876268390789e+00
2.642536387347837579e+00
2.375002736687194638e+00
1.794540638553520751e+00
2.115087900716656755e+00
2.097667912874835672e+00
2.659981209509210132e+00
2.490554806456968695e+00
2.773480554230370210e+00
1.779660074882750243e+00
2.814357064062010583e+00
2.931859696958892592e+00
1.958974475806870563e+00
1.805944672114753624e+00
2.259948973606558109e+00
2.798851244454602316e+00
2.657144060379601935e+00
1.836961731330195802e+00
2.196649514501834322e+00
3.170842532237033495e+00
3.526636851711637544e+00
2.153219605159344852e+00
3.376918021839201423e+00
1.935974910097913115e+00
2.252480523201355389e+00
1.686215104044041402e+00
2.484877437363571584e+00
2.780729577132138530e+00
2.628955602105210954e+00
2.762712787157623140e+00
2.530396521115506392e+00
2.636991569528108759e+00
3.405911402191257320e+00
3.238375594886553799e+00
3.133202570965964551e+00
2.444606786048659774e+00
1.053073085036104528e+00
3.336288031706336366e+00
2.363688270982606365e+00
2.549164837348878443e+00
2.523943137855081176e+00
3.087193246217120546e+00
2.841339836144646025e+00
3.302471803637340830e+00
2.776154627355812643e+00
2.382641741946690317e+00
1.899933163385845836e+00
1.970242636346311693e+00
1.848195533226562715e+00
1.969700839702889450e+00
2.541082504872682168e+00
2.453539766313482140e+00
2.797705659215248719e+00
2.104879111537962366e+00
2.646658798423564996e+00
2.151701443088097410e+00
3.860451491863828188e+00
2.084371460002405474e+00
1.855639088681672488e+00
2.293995974975692853e+00
2.111543220502705598e+00
1.808305855369692239e+00
1.259659269187288100e+00
2.816098083148787623e+00
1.407348619088027331e+00
1.994950671460169911e+00
2.512698139408990894e+00
2.742297551342712136e+00
2.155811180259618265e+00
3.257439108477462320e+00
3.552230077467951830e+00
2.894635028960924839e+00
1.997666243171664302e+00
1.915851995058335477e+00
3.366883273319712711e+00
2.634718559085163836e+00
3.148053803692797192e+00
2.624859630546217737e+00
1.807685253327250274e+00
2.237290849945306359e+00
2.381826409293941182e+00
1.829187576697416606e+00
2.342991602640184468e+00
2.791897565599773312e+00
3.859974862938740259e+00
1.220763179236306950e+00
2.844829204772107989e+00
3.497807917040309356e+00
2.457498969636168873e+00
2.107852417945498047e+00
3.190507731480671794e+00
2.530855512612415925e+00
3.017439120806083785e+00
3.160499142477635193e+00
1.777888374508515890e+00
1.215563406850462158e+00
1.769141750744091190e+00
2.274995950186769367e+00
2.868598332748410140e+00
2.543571609332093697e+00
1.992543796381347043e+00
2.416116832061130371e+00
3.143856644617320839e+00
1.611726688998618151e+00
2.415270323505048111e+00
1.419387131787950951e+00
2.813784040584256907e+00
2.510674445640113550e+00
1.615340268319614747e+00
2.509185496789915426e+00
2.206246242965790749e+00
2.669894923910165030e+00
2.107736802202442750e+00
1.445828634793826062e+00
2.310996503381908429e+00
1.939773707539940384e+00
1.857014311076657709e+00
2.012794997403754671e+00
1.518804969362644419e+00
2.636624209568165789e+00
2.007630705669543048e+00
2.283717921485941993e+00
2.933321131050294905e+00
2.571948202577397424e+00
1.951365902535149743e+00
2.871178337069350217e+00
2.535257239079326208e+00
2.140796775271629482e+00
2.227921594297673114e+00
2.303543887401258594e+00
2.228965007745721483e+00
2.707057701256999849e+00
1.948510263275664345e+00
3.305432511764855974e+00
1.844514533184019589e+00
3.003129649432479731e+00
2.204758532465016074e+00
2.112317943726421010e+00
1.625241986551102524e+00
1.870754114186863770e+00
1.493243831284017276e+00
2.133945766008008338e+00
2.015441937909027814e+00
3.126269001098434863e+00
3.133969275144497413e+00
2.926934433782237832e+00
2.785919484378910571e+00
1.620198892279657965e+00
2.527093421135190532e+00
2.330759299364877357e+00
2.209442984658773756e+00
1.633787025473971255e+00
1.977904260468794195e+00
2.643550494914594484e+00
1.793584436089748824e+00
3.067410123233674568e+00
2.386998372444335104e+00
3.402119034730076486e+00
2.770085599164878509e+00
2.806343697029686890e+00
2.416920620674145592e+00
2.370320286528076359e+00
1.964515770497076375e+00
3.280905440133809137e+00
2.967761278641895650e+00
1.919145336357253484e+00
2.431005341894065808e+00
2.265114722550775284e+00
2.515507719195724690e+00
1.754092470725157060e+00
2.932232802061314203e+00
2.528456021088319350e+00
3.013222394999845566e+00
2.873997553539922034e+00
2.401765084266527683e+00
2.972264213884182382e+00
1.664215436692126460e+00
1.908596941973276229e+00
3.093320345391705750e+00
3.149489158687836632e+00
2.050530239721910508e+00
2.320892072330647427e+00
2.640975626389852060e+00
1.989282017309373041e+00
2.642793325257309256e+00
1.845250744374823171e+00
2.216423276679141630e+00
2.960173002554657540e+00
1.790724715842577197e+00
2.960177907342199877e+00
2.503548788398938019e+00
1.825114111593937105e+00
1.434100966588028880e+00
2.823534996176871203e+00
1.978000547878723259e+00
2.448077351082508901e+00
2.584619211112956449e+00
2.089355034053998139e+00
3.155951229073481468e+00
1.877637233044497700e+00
1.982368163803699623e+00
2.946213971743711468e+00
2.647541861876228086e+00
3.019873024202630152e+00
2.649688742087838556e+00
2.828822856788538065e+00
2.117733402265266740e+00
2.274161760560108547e+00
2.109830383912618679e+00
2.527064889706423401e+00
2.252808840519386013e+00
1.031403621757650102e+00
2.521052937295814367e+00
2.917718639674720560e+00
1.997547456477399175e+00
1.448676970779139594e+00
2.808524102381241061e+00
1.612312672480938014e+00
2.732738910629763041e+00
2.395951290711535453e+00
2.516476237073283162e+00
2.806496394124514904e+00
2.184089534900619523e+00
2.346878591843270634e+00
2.315865917877101499e+00
2.652733247084421375e+00
3.006184815107503461e+00
2.105488958007138756e+00
2.233332145966049787e+00
2.328859866172372506e+00
1.954466302783145037e+00
3.477995527940439757e+00
1.458018029544960070e+00
2.902649254457930095e+00
1.957332183775873480e+00
2.342474169822897689e+00
2.763052978765362155e+00
2.802560692629244787e+00
3.019566792268292499e+00
1.632382109264566505e+00
2.282862317129187968e+00
3.324442231704464401e+00
2.481843515198125072e+00
2.037663618217392170e+00
2.309751754346527353e+00
3.157516165145822118e+00
2.591623324128838668e+00
2.335526210193354490e+00
1.742088591178744039e+00
2.990384950213006210e+00
2.366992849215259209e+00
2.710690429410711477e+00
2.644851152515259596e+00
2.173337848087112167e+00
1.311478151469586795e+00
2.525895491515511626e+00
2.811180329220185570e+00
2.181860955241330391e+00
2.034852276327862253e+00
2.697129298415618770e+00
2.973010040605156057e+00
2.501082896062960081e+00
2.088419562170150456e+00
2.661038163146822288e+00
1.913322561126127752e+00
1.816061821449830305e+00
2.199783590938470201e+00
2.231669013944986624e+00
2.171149912128574666e+00
2.635406966770727610e+00
3.146133859532504129e+00
3.251790925893566442e+00
2.196295524421724377e+00
1.923693486924587637e+00
2.829371585463455130e+00
3.256950026699273693e+00
2.095426227993074875e+00
3.049815951319244434e+00
3.411557425217236261e+00
2.399211032656996423e+00
2.566052874494656244e+00
2.101256888856170235e+00
3.143483973835475176e+00
3.139842297151294481e+00
1.616805643750551358e+00
2.781520717939255150e+00
2.788754108806240861e+00
2.418455956689757436e+00
3.560609067206085054e+00
1.986691495694671961e+00
2.513081665258211306e+00
2.171188467329010052e+00
2.042408691299388401e+00
3.377006577967631262e+00
2.109143371645640475e+00
2.440957264867326781e+00
1.375952400949252752e+00
2.509313260666763412e+00
2.005372071482404817e+00
3.335081641601830960e+00
2.814361847161303665e+00
3.098400746684162765e+00
2.870823644941607355e+00
1.838882103910557397e+00
3.071469618051613892e+00
1.722570586757225186e+00
3.339630310764109655e+00
2.034519028093511483e+00
2.917969212233855636e+00
3.207199983896546591e+00
1.971249367960972831e+00
2.796096517982313845e+00
2.653285584251260154e+00
2.639407127534164843e+00
2.554250343329070638e+00
2.877099564844287194e+00
2.051796416245339039e+00
3.102554262317172906e+00
1.846865777970603473e+00
1.859971461158732131e+00
3.201397583981258510e+00
1.870612658720796517e+00
2.643760123487177705e+00
2.435854069287998414e+00
2.386434620627974734e+00
2.812901101897014033e+00
3.123044224175303807e+00
2.762628608807128128e+00
2.293193307945022852e+00
2.000858134362305307e+00
2.412942881870468792e+00
2.379933790507628988e+00
3.009480474069695433e+00
3.346256346370159562e+00
2.121890827120842093e+00
2.640414605836997719e+00
3.384594500662384764e+00
1.798909619317296205e+00
2.961105558744722366e+00
2.661848900088156000e+00
2.654656903415210323e+00
2.113133625789574754e+00
2.387927158309574249e+00
3.176751164520592585e+00
1.919337282887163099e+00
2.532046277173531479e+00
2.459578699925812906e+00
3.407107150141785112e+00
2.833727824638300863e+00
3.363794004701325058e+00
2.628976350538796858e+00
1.933982209292258059e+00
3.638444495276534685e+00
1.980263968557912202e+00
2.311595699599661824e+00
2.524601816287017186e+00
2.204226465924957079e+00
3.036299026162406101e+00
2.011304663154008132e+00
3.235291796821484489e+00
3.873337104303453238e+00
3.511423270657147988e+00
2.390229296809036619e+00
2.132288597177402156e+00
2.353916761879269792e+00
3.293288324041945714e+00
3.126775462652406468e+00
2.932473648233836716e+00
2.038015601644770580e+00
1.789767464689987042e+00
2.025907324101846374e+00
2.967218711895218686e+00
1.991243360933788065e+00
1.555010875102136980e+00
2.080012847143960286e+00
2.284546976470382518e+00
2.489173599466664388e+00
3.145379155452455500e+00
3.238485223877975994e+00
2.296382089659483761e+00
2.378227470168776669e+00
2.269579862494498279e+00
2.058259723158828436e+00
3.238396399917423452e+00
2.500556299816151906e+00
3.877382364817040017e+00
2.018577843689625784e+00
2.336020348213910580e+00
2.473288350865484819e+00
3.110364791990266831e+00
3.530331191969563243e+00
2.302814785615272974e+00
2.284892339062612798e+00
1.256935760672222457e+00
1.526331241900195090e+00
1.880651573523578923e+00
2.196596442253396120e+00
2.260342278196754151e+00
2.277274413270292008e+00
3.088597212657456126e+00
1.932235132237331232e+00
3.352086763406306957e+00
3.825751527989953882e+00
2.063309003817759280e+00
2.780120882283445116e+00
3.377347809326303629e+00
3.331317153998983205e+00
3.412869739627998555e+00
3.764478008213304694e+00
2.367195775418960313e+00
2.022752958281441416e+00
2.183505694048819112e+00
1.717255868932030305e+00
2.623649567893573842e+00
1.832428580293292697e+00
1.223719048310898394e+00
2.525389119326397314e+00
3.162151491477588117e+00
2.046619265137672894e+00
3.241019828860599805e+00
2.807740274181796725e+00
2.552315250493398580e+00
1.513114690924897365e+00
2.326555041958465964e+00
1.927616654816087571e+00
1.166223020480018135e+00
1.860044765565584957e+00
2.526377010931267986e+00
2.198936512140999611e+00
3.172756708142594917e+00
2.674851701628301104e+00
3.287743884660178306e+00
2.905664033741877983e+00
2.004631992697910370e+00
3.174890422902150622e+00
2.050198906130542564e+00
2.815549073680798209e+00
2.180540107371600200e+00
3.669731545661731875e+00
3.024730881727003773e+00
1.037246959446141759e+00
2.752370129906460683e+00
1.777646305818988193e+00
2.189482643098386916e+00
3.022615546937073905e+00
1.972800943875881119e+00
3.451327139652406562e+00
3.125466699044543883e+00
2.183298717476561901e+00
2.928270219682671538e+00
2.340264400068421402e+00
3.280113962746117551e+00
3.058993419861397722e+00
2.339285504015595318e+00
2.083562839060305372e+00
3.141961214345289743e+00
2.537957773522355964e+00
3.287562474452353278e+00
2.482178010443649718e+00
1.903313617170494298e+00
2.864507918578535151e+00
2.394074715826663091e+00
1.604368856236825680e+00
2.770174617645311255e+00
2.710242892730513109e+00
1.876143485256272392e+00
2.599023366129807666e+00
2.924212176581173939e+00
2.955850229664890083e+00
2.689246314978631869e+00
2.122508794734773385e+00
1.940831644816466639e+00
2.829978038095496196e+00
1.559055261673544246e+00
1.812414560238093886e+00
2.787693619390122279e+00
2.408092266659889180e+00
2.168914240102929103e+00
1.918940069303120444e+00
3.001525205791260920e+00
2.512064683077807281e+00
2.074646799897763128e+00
2.532223241925007695e+00
1.923593581224576576e+00
2.920527859307311846e+00
1.801655880901315232e+00
1.980073879252175706e+00
2.523884981149754125e+00
2.776057965968502295e+00
1.953472989727608411e+00
2.937376175223378905e+00
2.916521156202691589e+00
2.659713270535099205e+00
2.622256052902703249e+00
2.081617794303663338e+00
1.783031350655105207e+00
1.543962753943380894e+00
2.211282985247556621e+00
2.327722056207814028e+00
1.255007771617708157e+00
2.672898567871304643e+00
3.449452165960843697e+00
2.147943402383693190e+00
2.778225183688140199e+00
1.898748793298836501e+00
1.901498238272814945e+00
1.973474175434219324e+00
1.941418329723174852e+00
2.584256581204582126e+00
2.027659985666464326e+00
2.518937119102632849e+00
2.979734401624765550e+00
3.013301980620198606e+00
2.966320613807843731e+00
2.996558601041712677e+00
3.844247475794664304e+00
2.304585499260700665e+00
2.979542891909684688e+00
1.956426059613824542e+00
2.405938467311722562e+00
2.966904286445480210e+00
1.996094574071923367e+00
2.137406532762017086e+00
3.217250545740060197e+00
2.778804573341008499e+00
2.968405572774266421e+00
2.500399652346062318e+00
2.932888760313018039e+00
2.450882782899665102e+00
2.214993294083678954e+00
2.531981083651712705e+00
1.680085192582735365e+00
2.631111944324747043e+00
1.928474885287911889e+00
1.156480765882622164e+00
2.001920216271351194e+00
2.662334982838598041e+00
3.127127106015872737e+00
1.738300941333746685e+00
2.422060092023675004e+00
2.188203484550751199e+00
2.334825189131396694e+00
2.248310083279110305e+00
1.958080774683553793e+00
2.364442010348307921e+00
2.498215972538216700e+00
2.300251992581936911e+00
2.976885253100816087e+00
3.735077264895891869e+00
1.889276049570582483e+00
1.798767104652830628e+00
3.132278530783873638e+00
2.569139378899909065e+00
1.960523724188775851e+00
3.057414789914660869e+00
1.664877053942405594e+00
2.963973911535290551e+00
2.875238997811352615e+00
1.947478629897393620e+00
2.209261326010759419e+00
2.298193172928898687e+00
2.300092952367327914e+00
3.286225291616984290e+00
1.684391955787631234e+00
1.945385271321221188e+00
2.668140357232968718e+00
3.084595339415083792e+00
2.059401832076229066e+00
1.567896532212064153e+00
2.427444591258424822e+00
1.981874388593690250e+00
3.189241090276195845e+00
1.890220831615559982e+00
2.247171619939793974e+00
1.999872407160740329e+00
1.998692463970563660e+00
2.436776760556863319e+00
2.781857897985072103e+00
2.714866335038635725e+00
1.934673929895901257e+00
2.279338231776472323e+00
2.461576035531763740e+00
2.419837296352938871e+00
2.261726899136253355e+00
2.100640938590394136e+00
3.088235921466617295e+00
1.882936741923950885e+00
1.958412555192353022e+00
2.506859940288001631e+00
1.957249390847673132e+00
2.536005935818430146e+00
2.387359147207840593e+00
2.597358765990108065e+00
2.806769803996902901e+00
1.807686260090145769e+00
3.062936706530843267e+00
1.899014918511222838e+00
2.102262317827106930e+00
2.131729792342570651e+00
2.969476221108608982e+00
2.372435773127837599e+00
2.155744820452881960e+00
2.897012543716790400e+00
2.180274345831667127e+00
1.780881870375491172e+00
1.931873312476497739e+00
2.396305578168149264e+00
3.249536294476432996e+00
2.641428814082725562e+00
1.760945783175203783e+00
2.945500996161940499e+00
1.853987512797947046e+00
3.257215245952284288e+00
1.980701048382757401e+00
2.166300414184476164e+00
2.120723133999018462e+00
1.964710878358837176e+00
1.833763709417917553e+00
2.365862389084459672e+00
3.690387248896491723e+00
2.206809345788375953e+00
1.714754056690873441e+00
2.043120172359036424e+00
2.272354207711395180e+00
2.797695829679419877e+00
2.185382056824374697e+00
2.818818338065261830e+00
3.002697209759513264e+00
2.652030570802691667e+00
2.412370254725249019e+00
2.938053135566789820e+00
1.998292844585024319e+00
3.306965650222251085e+00
2.117232066580172933e+00
2.660554060669481746e+00
2.136245148811156902e+00
1.882951376157877332e+00
1.942501841423154740e+00
1.939506900779317089e+00
2.998812017325762636e+00
2.297510809374156082e+00
2.336322246870377040e+00
2.392906758229333963e+00
2.666215307446122118e+00
1.908846256813532261e+00
2.116477700012227903e+00
2.375614296232472888e+00
1.745050864663758583e+00
1.846793358631693804e+00
1.538835659673370104e+00
2.200232195004235169e+00
2.159237134103399569e+00
1.909119880569864147e+00
2.056227464009849903e+00
2.800454111247045574e+00
2.496281448107759982e+00
1.523348006719891012e+00
2.091256549563261569e+00
1.642643830839412233e+00
2.384912853338322591e+00
1.855854513819777063e+00
2.916325969235095350e+00
2.971179637412255214e+00
2.881319725030706547e+00
2.653249305196803576e+00
2.815667407806609734e+00
2.935039569956327643e+00
3.057972593472780609e+00
1.964916910213055923e+00
1.925685467091999392e+00
2.511100370836645723e+00
1.784141018362755071e+00
2.672899551331850532e+00
1.638295278964797319e+00
2.402564055894395256e+00
1.880768359715425886e+00
1.371525713391622325e+00
2.211011944693743292e+00
1.954493035968372983e+00
1.927525912413533993e+00
1.771122364676976257e+00
2.865004994063246269e+00
2.507698880919745132e+00
2.093728773164115875e+00
2.927514304960128211e+00
1.913640012281327740e+00
2.795606336481431420e+00
2.786274543266357373e+00
2.584999344702179513e+00
3.103856061491574003e+00
1.905890494557221926e+00
2.394472932428062251e+00
2.250576805173963635e+00
2.939444156873517233e+00
3.332174748862724911e+00
2.759677961745082175e+00
1.683052564255512973e+00
2.718300485043042336e+00
2.510851445046443420e+00
2.333544676339234236e+00
2.406148770386593139e+00
2.771136216005948949e+00
2.642372672336634309e+00
3.122870249434425816e+00
2.195462123968241475e+00
2.299266797980171528e+00
2.507037715782363563e+00
1.539798526666951606e+00
1.537766144128174250e+00
3.018219367164786338e+00
2.002189048001540517e+00
3.216155927288199656e+00
1.979432316416319892e+00
2.628918918028366747e+00
1.679624710624558759e+00
3.351597815020622040e+00
3.147247336553874231e+00
2.258575602332001608e+00
1.646165110683554644e+00
2.635545216444824312e+00
1.610083928118570151e+00
2.733922220944541071e+00
9.974704005002271723e-01
1.797087793933023647e+00
2.789171378335851159e+00
2.976643135102584381e+00
3.144571696578430497e+00
1.386315646057159956e+00
3.348699076084773019e+00
2.618869107004646146e+00
3.140939475632394728e+00
1.569735048636331509e+00
2.645179497725294482e+00
1.927404723466230818e+00
1.394542002130326308e+00
2.785376676047548461e+00
1.508878589127130354e+00
3.165382114423315407e+00
2.104261838070713431e+00
1.288172474973427128e+00
2.804671659096904079e+00
2.142275673248178691e+00
1.892532086956825843e+00
3.003968695062594119e+00
3.003750355047336562e+00
2.648217670581185068e+00
2.076192602899441297e+00
2.968507889479542250e+00
2.812152717005494740e+00
2.526143959704936215e+00
3.848032817358486124e+00
3.243638160555641026e+00
3.147304735791513153e+00
3.115538235339443407e+00
2.291564628537141157e+00
1.873645751814511984e+00
2.516682098224895636e+00
1.839051754299795727e+00
2.286535850975034201e+00
3.408703032374465369e+00
2.533362259952377293e+00
2.962761927692937558e+00
3.338107375436174529e+00
2.005925922007019579e+00
2.803676682726881975e+00
2.405073434461980408e+00
2.761748200879836190e+00
1.771856055603319380e+00
2.877702129038075540e+00
2.228710727685168091e+00
2.929695951001082932e+00
2.352364698156012235e+00
1.818130864770881372e+00
2.737945864719793398e+00
2.791625841440587674e+00
2.055732590955481776e+00
2.318494506377716924e+00
2.358723652482880961e+00
2.815270107248994069e+00
2.633187080224218324e+00
4.010637365180842906e+00
1.917420732363614766e+00
1.903943746839142470e+00
2.816656458915056671e+00
2.526781706180175835e+00
2.157238372888469868e+00
2.450359407629778108e+00
3.096595133952138923e+00
3.650087972922777979e+00
2.399538832329681792e+00
3.307260936456933198e+00
1.427248905270652513e+00
2.476171529862211340e+00
1.909699312093328327e+00
1.920393395994322683e+00
3.808541168337769456e+00
3.926023609675555637e+00
2.403873857787448109e+00
2.407896207573144043e+00
1.560900405985820028e+00
2.984326184948565608e+00
2.627835839971545795e+00
3.354598217711672881e+00
3.090506273019925310e+00
2.195532631774955057e+00
2.656841407969472435e+00
3.384436955487772014e+00
1.911784662680263702e+00
2.153746167789584387e+00
2.978203947201575552e+00
1.892350929378258106e+00
2.128214162901222561e+00
2.065711307528446117e+00
2.541183273287986211e+00
2.061052291566386252e+00
2.333561116905318311e+00
2.975536662614490790e+00
1.968063244925463362e+00
3.025246006157372047e+00
2.076945076786336664e+00
2.021301264482791904e+00
1.529392402811713847e+00
3.428933698635958649e+00
2.798339592803277487e+00
1.537762954128859549e+00
3.160406120674271069e+00
2.332185367320878111e+00
2.425289202055208371e+00
1.621829848785344197e+00
1.833001527320915924e+00
2.663371631780822035e+00
1.185807847333523846e+00
3.290496889100539057e+00
1.776735934856317867e+00
2.104342468795620480e+00
1.601283582894200030e+00
2.655482518873979014e+00
2.907292938384995029e+00
3.258541448134087304e+00
2.274122945072424518e+00
2.574808708723376416e+00
1.683802644069912091e+00
1.962751689227433260e+00
2.962125289601447165e+00
2.666983907659311370e+00
1.799078714615478525e+00
2.718233660349294922e+00
3.040192743097662298e+00
2.019034834152171776e+00
2.558686045806333631e+00
1.944466932406415882e+00
2.276998149526221926e+00
2.669285954701756669e+00
1.771529811755011341e+00
1.444686381509286521e+00
2.492471207232148434e+00
2.361428555190378642e+00
3.108304105098306458e+00
2.702812181385182200e+00
2.280314906551945242e+00
2.760865070282803924e+00
1.474061014661579572e+00
1.967179208685220226e+00
1.080565366312824738e+00
2.283853372963502437e+00
1.844386018851661424e+00
2.647142372865058935e+00
2.429711095556728928e+00
3.135257132109456446e+00
3.084983625155838460e+00
2.831887409889964236e+00
3.049765072303110003e+00
2.452168754837440900e+00
2.417361190816924577e+00
3.151348881168505756e+00
1.924213070664002601e+00
2.017206577272224077e+00
2.429262657478047149e+00
3.166781533617721855e+00
2.349061889834143990e+00
1.879484619129337730e+00
1.485329742844236023e+00
2.087795841165721811e+00
2.380885574351228495e+00
2.535143853438777128e+00
2.394071078162222310e+00
1.489956609875020987e+00
1.926099653754698826e+00
2.324329340505592256e+00
2.244024161504093229e+00
2.568192968136950416e+00
2.398272115540995841e+00
2.049767759760394270e+00
2.600957068082433654e+00
2.310195472801166439e+00
2.669364796947649499e+00
2.646802718873328963e+00
2.464036060936385386e+00
1.986056903141731889e+00
2.509446764604441160e+00
2.300989710705276359e+00
3.364375507422899148e+00
2.546823377154298296e+00
2.983491895429815077e+00
2.379674668590737063e+00
2.109374021023855406e+00
2.787113478634407393e+00
1.939727902957624428e+00
2.035054921673051798e+00
2.515521408543238024e+00
2.829534841463968498e+00
1.545487393714115809e+00
2.349157420757527426e+00
2.317959680515214504e+00
3.367946765381052643e+00
2.002089699305763748e+00
2.583989322408865696e+00
3.402820246820726258e+00
2.401574323426073132e+00
2.025734573970086938e+00
2.201931137018113382e+00
2.666971229378964914e+00
2.502592150229191237e+00
2.418453598081464762e+00
2.118568435870710864e+00
2.938496609079339628e+00
2.791791425349657629e+00
2.748152418665353203e+00
2.521542874096440734e+00
2.527094510991942045e+00
1.839975273519287136e+00
1.859615967201486253e+00
1.770912436576722815e+00
2.807146691221549695e+00
2.022627777431318385e+00
2.982254277400235853e+00
1.978122938782625573e+00
2.489037031041354098e+00
2.777584343203289396e+00
1.971263264822634920e+00
2.180840080089875510e+00
2.460709166267064152e+00
2.294593066607526488e+00
2.234513029101155457e+00
2.299554686827319561e+00
2.038254703906031029e+00
1.302277407071938065e+00
3.102187300748558307e+00
1.921903543436568773e+00
2.832635509544059627e+00
1.973669406324598086e+00
2.575093751557239852e+00
1.756213419986946578e+00
2.975386421994526298e+00
1.852766975431198615e+00
2.980165601451390422e+00
1.415978367856743692e+00
3.337807812139651720e+00
2.884240505448720349e+00
2.377307021041807911e+00
2.406722924507269212e+00
2.585902861023256616e+00
2.826747581549085897e+00
2.100701229187383223e+00
2.280466048281848845e+00
2.968549677695449418e+00
2.779412271884083019e+00
2.781396059410137234e+00
2.087605552416970767e+00
2.877388928104535726e+00
3.014345796838769242e+00
2.802583091340628219e+00
2.376561860496347212e+00
1.994172824791048848e+00
2.002903193219415456e+00
1.371579118439469891e+00
2.394919833947265708e+00
2.910152272632086312e+00
1.918382530466760549e+00
1.866836657709894265e+00
2.657695874615222831e+00
1.812786319105839983e+00
2.067430185004357490e+00
1.894925533156061048e+00
2.678095468096111098e+00
2.788831838117441730e+00
2.870284891092611979e+00
3.164311717889582098e+00
1.854947821913400796e+00
2.077961649168589275e+00
2.463676395295124166e+00
2.972806964075672465e+00
1.973163136911741722e+00
2.052055120567699564e+00
2.229882700692403574e+00
1.445302684955124928e+00
2.778161879797594658e+00
3.346610053856275080e+00
1.470174113909616498e+00
2.022663079550384602e+00
2.620337159063419907e+00
2.820539022379607630e+00
2.195670194685451104e+00
3.148845075618801115e+00
1.978171431033841188e+00
3.126485492583776171e+00
1.957048950028374756e+00
1.157249304769968123e+00
2.604410671089568030e+00
2.818810216443097705e+00
2.293023623857686655e+00
1.919492159743313886e+00
2.501791305157571088e+00
2.921076149231395025e+00
1.465367339086792509e+00
1.476594779231289900e+00
1.869230600626032857e+00
3.117914069454876813e+00
2.293054067838669052e+00
1.963536910186252760e+00
3.144635150587117955e+00
1.869476221179500186e+00
2.171899094179211787e+00
2.281392285328443403e+00
2.134646598093588477e+00
2.857264289435819116e+00
2.281139908901363533e+00
1.882527926750752867e+00
2.624911315742972207e+00
2.155103647666130495e+00
1.599803406910886405e+00
1.829606414583265783e+00
2.272127265976136901e+00
2.388992251902696928e+00
2.223487210063308517e+00
2.862020534445337105e+00
2.921543386699306577e+00
3.316995463848733117e+00
2.706849176052334105e+00
2.275710583668551834e+00
2.416735435506681462e+00
3.077891769933001509e+00
1.554373501982037720e+00
3.440548846796088522e+00
1.917565539667921426e+00
3.164976038159843963e+00
2.412853358070868648e+00
3.073933287724768704e+00
2.498705422161754175e+00
3.368346331042567421e+00
2.310806073765004243e+00
2.681694182835709039e+00
2.171754433762986825e+00
1.982094172884039551e+00
2.627114698785643299e+00
2.184990317813735317e+00
1.736597056440336573e+00
2.019988353560667527e+00
2.784132341626027962e+00
2.659549881510160141e+00
3.340358711981004092e+00
3.153651213348775073e+00
2.917197862017658405e+00
2.288194572695429585e+00
1.348396487678475308e+00
2.464282236431325046e+00
2.283251735076409439e+00
2.530495586736806413e+00
2.129753339503303255e+00
1.875577123666030355e+00
1.639375903943300683e+00
1.300862142345968531e+00
1.877527211967089826e+00
2.645581285941319027e+00
2.966938382389790352e+00
2.664519615134590680e+00
1.461310935973079594e+00
1.852666911901073465e+00
2.674863331542578937e+00
2.265482992263224027e+00
2.818237767047576448e+00
3.827313493214292262e+00
1.159460272564482253e+00
2.662011280125108126e+00
3.351640350809546476e+00
1.929294965081566948e+00
2.502237755351104820e+00
2.384723429975745379e+00
3.028734250195131317e+00
2.960682227347172457e+00
3.291611962172649175e+00
1.769830555456669341e+00
3.102715063889950553e+00
1.884348577197335617e+00
2.800885647633623243e+00
2.217850735321101219e+00
2.835452045578328306e+00
2.381359224121316398e+00
2.178040729036557543e+00
2.803435850554761632e+00
1.569603682697995772e+00
2.874607529302965148e+00
2.965373533878467249e+00
2.525126076847461931e+00
1.345115171626964035e+00
3.117676160390296936e+00
2.496757727402158178e+00
3.409277914789929920e+00
2.267874758672246749e+00
2.133761511466069738e+00
2.405072231534613802e+00
2.198476332825141100e+00
2.645196731682815106e+00
3.330216939556327471e+00
2.273063949613634005e+00
2.640845299710007588e+00
2.810367130877790220e+00
1.695671954617347987e+00
2.353521588738885395e+00
1.985128455187991303e+00
1.852191020510155939e+00
2.962458623049591289e+00
2.141603685598230555e+00
2.784021052269193497e+00
1.659011416254662530e+00
2.907948903013242603e+00
2.967990359747720852e+00
2.037325671416261752e+00
2.969217566095992744e+00
1.921480934867183299e+00
2.496993906388012441e+00
1.380735320294783630e+00
2.519465018842787618e+00
1.361916439489977870e+00
2.393799664051823761e+00
2.188822581908515197e+00
1.979474693589873713e+00
1.575582846002675730e+00
2.084287721910689228e+00
2.552287344471370290e+00
1.984208636071903342e+00
1.880939112061969176e+00
2.492236825364293917e+00
1.666065374773185725e+00
2.833484430442673840e+00
1.874750975161660227e+00
3.008266034564739400e+00
1.881001164114144641e+00
3.087315890618650194e+00
3.367723021815359541e+00
2.162705916652523541e+00
2.280311210712623105e+00
2.940979239718173321e+00
1.837945020572973043e+00
1.545066812640364606e+00
2.138360986969918720e+00
2.485125569654139444e+00
1.258446118746296527e+00
2.523974689678104788e+00
2.083212495856856084e+00
1.262033796144836462e+00
2.286565538575079160e+00
2.406258817337542766e+00
2.086235038791724339e+00
1.711767235113431429e+00
2.479930688119463156e+00
1.968660700274047048e+00
2.370722628534193355e+00
1.529012770454749370e+00
2.127032969584119027e+00
2.111383452314706144e+00
2.091009178054845652e+00
1.601444552163657775e+00
3.225015662211633494e+00
2.783613802365999756e+00
2.317844697777461604e+00
1.784850140224863990e+00
2.570846853354615824e+00
1.966090083030876956e+00
2.878708149665178961e+00
1.473148248336365818e+00
3.157574596702561465e+00
2.970996685305091756e+00
2.495937431372026172e+00
2.944003838528390649e+00
2.972714216429679812e+00
2.188251988784537527e+00
1.954990066350816846e+00
3.362978259620392762e+00
1.707531377654861071e+00
2.084771860108053154e+00
2.118713798479888055e+00
1.964284690504273900e+00
2.784188528677658869e+00
2.661952324107861756e+00
2.646666336608821446e+00
2.780412620862031670e+00
3.102728878391915135e+00
2.942361924354481406e+00
3.142705881014698388e+00
2.908087966393658519e+00
2.357447706831237610e+00
2.999967331402890736e+00
1.904158303726317225e+00
2.227458077297069572e+00
2.810564860621656891e+00
3.108883272690396993e+00
1.581204827458390527e+00
3.428011979280729982e+00
3.357317730277217027e+00
2.927398316029965919e+00
1.965229383799877771e+00
2.805929090959457195e+00
2.537327396882122166e+00
3.132925572569423167e+00
2.456728721473010246e+00
3.336213016121540864e+00
2.278718337040269493e+00
2.069395573915881581e+00
1.880958782506139126e+00
2.776617928128450430e+00
2.408811510339154083e+00
2.251994582296129366e+00
2.771920313143428238e+00
3.145395398476750426e+00
2.659020707687807406e+00
2.463099473026026942e+00
3.373926896054098012e+00
2.060095667432890743e+00
2.231387922758186537e+00
2.590211233136163305e+00
2.479142978460635138e+00
2.252196295370857193e+00
2.099475929521639639e+00
1.947604198664695030e+00
1.417207866038278530e+00
3.133750270023961892e+00
3.486799442486206768e+00
1.915234654326517294e+00
3.009407218934079253e+00
1.475884413403827811e+00
2.812823194020625195e+00
2.395954876509319931e+00
2.297638257188486577e+00
2.521595676978706457e+00
1.535374295094701580e+00
1.925524455625981401e+00
2.602147246895225141e+00
2.236131406743597339e+00
2.806431291381661364e+00
1.828046974069730934e+00
2.582474420878629662e+00
2.187617856920192505e+00
2.134616194636751008e+00
1.970252332437632869e+00
2.106270379961325379e+00
2.528922524180774456e+00
2.810795852171308340e+00
2.773647426667776195e+00
1.603291365154239534e+00
1.923732409106567953e+00
2.918699383808481151e+00
2.944411370384368620e+00
2.603665636983581333e+00
2.612762642383405609e+00
2.656479068096651464e+00
2.465407122215634850e+00
2.013828792623459929e+00
2.408532468091222345e+00
2.755641258244931890e+00
3.741055356482547278e+00
2.534149087095481701e+00
3.202416360321675093e+00
2.295502324977311659e+00
2.489405145537347153e+00
2.535436855834484415e+00
2.812151085226165304e+00
3.058326813569021141e+00
1.820993008503088539e+00
2.008943211808355667e+00
1.953746690139328335e+00
1.890056719908687288e+00
2.272943695765722971e+00
2.216585264715870363e+00
2.398584036295396071e+00
2.438126422123998438e+00
1.833673109669368362e+00
2.285852921654567993e+00
2.346416985734709471e+00
2.364337096758625911e+00
3.102742553976642892e+00
2.375937226405149705e+00
2.234601075670286541e+00
2.389909791742290679e+00
2.408454091984631340e+00
2.008773373759919156e+00
2.515789191719937090e+00
2.380207226894161643e+00
2.227728710767313824e+00
2.979863220037844762e+00
3.154142456203431255e+00
2.067745743911479472e+00
2.420029146468302361e+00
2.288425357426028039e+00
2.299466907906948965e+00
2.399404226431969711e+00
1.557715771778097169e+00
3.014603630490224617e+00
1.531059241958296013e+00
2.001493522472169939e+00
2.886211787941264095e+00
1.554437830265444243e+00
2.482664105882480765e+00
1.602999910997398914e+00
2.295694399991184742e+00
2.156288978530535694e+00
1.959735387573639409e+00
1.845446285653866259e+00
1.972456431898836460e+00
2.241759872972654222e+00
2.717993767449721876e+00
1.919111808538761066e+00
2.499046991105617899e+00
2.964793686043234899e+00
1.952113880089373810e+00
2.633015085690241008e+00
1.794204264265613302e+00
2.654028711323323186e+00
2.302704142484679473e+00
2.413083612644617570e+00
2.418803710063090584e+00
3.177460292655549967e+00
1.834719741342291544e+00
2.018786864514622081e+00
2.125960223788468273e+00
2.790190982373331963e+00
2.221472058162972107e+00
2.389925138530526905e+00
1.944078912362816380e+00
1.553953630051128298e+00
1.562952357112870061e+00
3.334856971917750101e+00
2.725400065538925887e+00
3.184258573927991165e+00
1.209058201499390028e+00
1.609484409308957753e+00
2.172298992975038701e+00
1.918590465312004278e+00
2.798715945116120540e+00
1.969896921899022102e+00
2.500002542026090513e+00
2.242605021953684385e+00
2.240508023911772284e+00
2.216669292525708101e+00
2.374600153654711221e+00
1.971490350036622985e+00
3.112453899965418547e+00
2.072543782040370264e+00
2.109988043042755113e+00
2.716666029472274868e+00
2.812379695189955342e+00
2.437684781670849343e+00
2.630669310943598127e+00
2.684353604309559937e+00
1.806332130768169897e+00
2.719851626618182472e+00
2.983597315035868558e+00
1.768464777827247536e+00
1.750911838196334447e+00
2.386091702099867096e+00
1.529750272185885773e+00
2.340648270276894483e+00
2.621975145243069960e+00
2.677534517746932963e+00
2.414567330500569931e+00
1.949307900838171070e+00
2.145697357221502344e+00
1.999214887388765627e+00
2.134955706317323898e+00
1.842312482150373354e+00
1.553470700311631703e+00
2.268740114162391297e+00
2.235210103493011857e+00
3.638178313669658159e+00
2.266707449401184071e+00
2.214388043632324887e+00
1.553772650222187579e+00
1.979874285349075169e+00
2.280268412717338933e+00
2.948296397982505646e+00
2.653852886289386426e+00
1.933035012914224637e+00
3.353594438091005880e+00
1.868372753159018629e+00
2.735811735905320230e+00
2.368251105679791468e+00
1.534058067997224439e+00
2.590181575716095530e+00
1.825185720884733298e+00
2.407422188383645523e+00
2.173333941466441654e+00
3.333845342369583964e+00
3.184651486950694110e+00
1.863885230447138497e+00
2.317085179028838926e+00
2.087951285220319697e+00
1.962945509314910630e+00
2.120513178595353931e+00
2.422945543071716390e+00
2.524098224447055561e+00
2.966425010890803016e+00
2.401971184601423115e+00
2.860107134437356091e+00
1.886708207820435135e+00
1.564073266754796521e+00
2.104040436786120960e+00
2.529362535224569886e+00
2.488084259585453317e+00
2.499994133671212371e+00
2.450510265631648199e+00
1.428384092830913277e+00
2.606766334222407000e+00
2.064263552949492819e+00
1.303705794244552241e+00
2.695170700223464166e+00
2.012004556772536201e+00
2.049784817827848382e+00
2.520295422855088674e+00
2.542452172593975490e+00
1.786777867360304750e+00
2.263270820062981858e+00
1.882036792249033308e+00
2.749117438179478068e+00
2.558917603318900724e+00
3.052434221370913026e+00
2.930987274463926262e+00
2.661805833804182342e+00
3.113225228287203272e+00
3.362898585273677021e+00
3.125204981516738201e+00
2.083858244863316500e+00
2.014953920959980938e+00
3.446013003723705559e+00
2.779777447274957680e+00
2.722624954145399290e+00
1.976335600461426090e+00
1.485975087250101190e+00
2.157853158392609494e+00
2.658008882287760333e+00
2.186527593765003719e+00
3.067855682843865672e+00
2.522149949920434508e+00
1.874484110662536063e+00
1.737472772034910351e+00
3.800575917705600215e+00
2.241130424637927998e+00
2.820294077816454248e+00
1.797256027102437370e+00
1.765174195591262762e+00
2.053374716422716961e+00
1.844515753265188129e+00
2.547121988319323016e+00
2.482736866970898237e+00
2.981365117810401255e+00
1.971076951558278889e+00
2.483132116484103147e+00
2.547878044979980938e+00
2.284455278983855919e+00
3.064298450324347112e+00
1.623602420675287039e+00
2.758439116258176949e+00
2.065651387870821143e+00
1.503642436182972109e+00
2.625491600566899564e+00
2.783757786556014135e+00
2.372905239463478200e+00
2.054654546662971093e+00
2.472699360036338057e+00
1.647938248381823678e+00
2.772913620222654085e+00
2.495554515205860469e+00
3.351284876340017593e+00
1.755307304703788596e+00
3.141984732420322946e+00
2.083276995494477646e+00
2.962007600706759725e+00
1.982864532341995778e+00
1.427774739083156996e+00
2.349327692624365138e+00
1.764965399275107316e+00
3.307733637253037706e+00
2.607317916655226497e+00
2.096190079436845100e+00
2.577682602833504699e+00
2.141151327695119733e+00
3.075123358741185697e+00
2.298384983433966244e+00
2.164871841860053436e+00
2.963525393124458507e+00
2.236146417918202900e+00
2.788283305454067662e+00
3.006075193503283671e+00
1.907002772621752218e+00
2.064696462106200503e+00
3.227437619546171366e+00
3.314314804571757200e+00
1.924127585424089570e+00
2.266555775015580920e+00
2.798700751735446524e+00
3.349426711152495351e+00
2.656247877719099204e+00
3.145090466253860573e+00
2.957385340164210952e+00
2.958329390557944638e+00
1.832083485535179523e+00
2.030206310476285747e+00
2.285816636574023786e+00
2.108142469664965546e+00
2.176541702010043711e+00
3.240115214968668056e+00
1.958526932755620509e+00
1.949700296472130612e+00
1.849313560350680063e+00
1.313849462109605515e+00
2.431748270130154044e+00
3.236932758399462706e+00
3.378544019599300618e+00
3.311675694502264289e+00
2.815949684623905380e+00
2.315872445360538379e+00
3.118475520717876925e+00
2.970398280874943620e+00
2.457683258846822483e+00
3.146985219709931947e+00
1.857709415585878876e+00
3.349689199588102184e+00
1.966519450468211527e+00
2.517692859943834627e+00
3.399450602499296537e+00
1.901577710800712806e+00
1.959156172723692801e+00
2.078107383014700105e+00
3.550191977949677113e+00
1.644145304450149947e+00
2.960746633302604014e+00
1.929833459709302756e+00
3.140699956441321827e+00
1.930854156587380022e+00
3.480002265255291327e+00
1.747282681440747387e+00
2.567443689416979424e+00
3.329720058340062572e+00
2.416533448999002243e+00
2.675832062175754533e+00
2.274239159328048210e+00
2.643625554162834845e+00
2.956647483922187014e+00
2.603594497416942488e+00
2.397867401644508067e+00
3.347252662290022052e+00
3.330717564094334726e+00
1.375486864754440930e+00
2.124841693645312724e+00
3.660460277355373826e+00
2.529602029751673697e+00
3.074019777870630854e+00
1.614943755774854051e+00
2.540625304972860210e+00
2.523631849442681041e+00
3.028604532259492554e+00
3.062853007315025078e+00
3.365860755180471120e+00
3.364328090304957275e+00
2.984520473567039200e+00
3.358182121473689552e+00
3.690293161003000311e+00
3.075752554055326993e+00
2.874422076796557146e+00
2.918936205463864564e+00
1.817015211718171042e+00
3.579032292455470721e+00
2.953328621687684841e+00
3.315917356348449641e+00
2.096059831327957035e+00
3.165761495459863628e+00
2.310959457265478356e+00
3.374950819654442213e+00
2.038485637686446417e+00
2.282605011122153638e+00
1.507691765034214093e+00
2.550696935522009934e+00
2.575939068551672317e+00
3.616182589018721139e+00
2.187329210941396873e+00
1.460420285617486158e+00
2.370247042713211183e+00
2.440565198000517633e+00
3.019695647884648615e+00
2.222832761924069533e+00
2.166138520294484060e+00
3.616812683467424794e+00
2.192393816562033138e+00
1.999279308483102646e+00
2.812151295044386767e+00
2.959448094738608592e+00
2.290492884164605059e+00
2.504266416619717717e+00
2.307040779888093418e+00
2.124347461493655054e+00
2.410053586490177313e+00
2.238187652735173394e+00
2.467025880144133154e+00
3.090791713073729241e+00
2.980067041690878327e+00
3.027635686370765633e+00
2.921203914593357709e+00
3.176800779543831776e+00
1.842983398216833324e+00
2.516558469928231734e+00
1.985108625299020657e+00
2.649866756535959045e+00
2.820586170580792640e+00
2.535358494118186812e+00
2.763320352401619662e+00
2.982726767463765860e+00
2.865473137305468931e+00
2.365430819030436727e+00
1.910428474157060519e+00
1.964782190420226726e+00
3.433700037841219466e+00
2.474837514103815028e+00
2.565913432384677062e+00
2.759751860500581078e+00
2.116954711444396509e+00
2.709184306100319350e+00
3.154204037038631725e+00
1.425351324120906371e+00
2.484304267573713254e+00
1.353203494010966956e+00
1.410999530907330435e+00
2.960879109399845444e+00
1.950696742068035894e+00
2.311466938210629873e+00
2.010432620629007516e+00
3.156873557259673557e+00
2.989817602261963359e+00
1.642364316084948594e+00
2.210614144464627451e+00
2.175955979504652138e+00
1.998734393636403706e+00
1.996770737240571636e+00
2.382487688267727055e+00
2.873799951032093514e+00
2.081067365268294722e+00
3.012812742751423745e+00
2.092338149003977854e+00
2.755916197688463409e+00
2.907146549877227315e+00
2.926081232538785493e+00
2.086663846271647582e+00
2.519959923823602566e+00
3.349083307226367712e+00
1.566686063628095038e+00
2.555535143624514394e+00
3.340339180555138121e+00
2.237647637480740581e+00
3.417674622943374096e+00
2.502170015921139523e+00
1.988316666464969185e+00
1.645903387369462401e+00
3.049812634644301301e+00
2.804588190940581871e+00
2.309186912123349256e+00
1.962077914685536051e+00
2.170648581863642956e+00
1.990097918321050097e+00
2.384058928027881219e+00
1.849494306456193504e+00
2.112898573973743588e+00
1.802323122405197431e+00
1.831378141318121378e+00
1.969158702954030948e+00
2.567724071010102804e+00
1.981273872347382836e+00
2.954644442828643136e+00
2.094288115343999834e+00
2.445151544742969030e+00
2.386987306227680516e+00
1.217306469888727927e+00
2.640281444175664571e+00
2.216912183056004348e+00
2.863999069963118149e+00
1.961971968208339412e+00
2.615868620294646618e+00
3.245142485748828243e+00
2.652604193570040181e+00
3.013486594534457996e+00
2.507694609213952486e+00
1.917126460981186220e+00
2.817866826478935938e+00
2.731203598927527842e+00
1.864340367798150933e+00
3.094057299569848762e+00
2.658402579656497622e+00
2.505308806148416334e+00
2.851329165763423212e+00
3.293393179108517810e+00
2.800643071446593080e+00
2.229591202552765328e+00
2.015892765160420375e+00
3.124681330379030175e+00
2.747025112880943976e+00
3.056936203894074833e+00
2.929367953097811839e+00
3.350707704632432282e+00
2.520100543869812082e+00
2.794210081303471149e+00
3.067581042720190609e+00
2.029657725933092127e+00
2.665108742567444899e+00
1.913189489094330842e+00
2.661102665164593262e+00
3.321172537710107342e+00
3.052982369354451997e+00
1.829141317284424861e+00
1.274418719978882564e+00
2.780079216281682086e+00
2.973910312847969362e+00
2.112176130301631094e+00
2.115805540115803574e+00
2.640082523693666250e+00
1.599172587153672165e+00
2.956680949244986589e+00
2.643616748541939288e+00
1.773588291722188348e+00
2.008046362398053564e+00
2.083615680316688312e+00
2.287333754592871582e+00
1.973647232066293888e+00
2.435961452124690396e+00
2.534684970833019246e+00
1.969686622073473226e+00
2.144419794542432367e+00
1.937553445338706215e+00
1.993229915431966592e+00
1.995194948112383182e+00
2.239880590333612087e+00
2.207285114949435023e+00
2.016095157893314838e+00
1.964712613091996296e+00
2.899316391248178526e+00
2.077956537913085544e+00
2.793551237661645814e+00
2.230343553654017263e+00
2.403776445406395457e+00
1.520675686518904390e+00
2.451501254836399912e+00
1.793874905104274387e+00
2.346369973732152392e+00
2.616858974481473421e+00
2.380967299926573855e+00
1.969591416350849222e+00
1.650036029267990756e+00
1.975640523513639168e+00
2.029243806858086696e+00
2.176706165881574062e+00
2.338990738917993806e+00
2.374341171084285218e+00
2.409667288744873126e+00
2.195345954208941297e+00
2.023441739489727276e+00
1.111577183611824893e+00
2.419793898991419390e+00
2.072750566840110054e+00
2.949961501570330658e+00
1.922447792850179527e+00
2.518741968874682158e+00
2.027819184943354891e+00
2.097564832390198308e+00
2.635256536663904470e+00
2.510166256893432646e+00
2.298392517702197768e+00
1.996210868026946805e+00
2.084452640607079132e+00
1.978297684790545574e+00
9.414622790861619794e-01
2.294441972134294350e+00
2.285031916245375161e+00
2.809024993385199398e+00
2.228180485380789388e+00
2.229697169122273781e+00
3.213995119900163289e+00
1.282680256581709477e+00
1.851858435256998447e+00
2.133828224534815465e+00
2.530288526576819574e+00
2.102115368524021477e+00
2.262514821038478008e+00
1.985957384352499355e+00
2.952895340263905766e+00
1.961508823147883440e+00
1.981960328827283568e+00
1.970227445893687257e+00
1.936503031682764497e+00
2.643626786845111987e+00
2.183914433801316779e+00
2.256683431200651846e+00
2.986239628869546081e+00
2.129559407334298715e+00
2.459605062294786926e+00
1.996636327915596532e+00
2.264645225108236293e+00
2.532062789567039118e+00
1.810511743335033730e+00
3.130903165445660719e+00
2.222107800264877309e+00
2.958727212902828363e+00
1.473110587435529029e+00
2.667234497254657555e+00
1.843478537738423073e+00
3.260598977080275684e+00
2.103823718970141865e+00
2.153766552556941161e+00
2.662269539399777063e+00
1.888557940588210471e+00
1.864000744102186191e+00
2.776034308429184083e+00
2.215080112726247386e+00
2.155042091676981908e+00
3.460708551309250147e+00
2.831298240914934539e+00
3.132795482385891006e+00
2.727281986181712803e+00
2.564915786891217575e+00
2.419875229467086442e+00
2.387603585153962982e+00
3.238204018422266905e+00
2.319565233900603651e+00
3.118744237704006661e+00
3.118336852121056602e+00
2.363933454217112207e+00
2.767092894327271679e+00
2.198369305993038925e+00
2.213233892798001978e+00
2.970283644680195234e+00
2.818158344322739595e+00
2.969302750381167311e+00
2.629354323123684889e+00
2.449018399426249548e+00
2.522601392818096588e+00
2.645822674024961518e+00
1.774649936955886576e+00
2.083784983886411091e+00
3.574095610115571198e+00
2.645390627051858345e+00
3.022617679099075083e+00
2.395391081289418800e+00
2.991434487783790175e+00
3.133835952587950224e+00
1.716295786146540214e+00
1.682655114970357468e+00
2.931793179331815047e+00
1.841480188309615906e+00
3.344936371861625179e+00
3.115334849497457981e+00
1.573998036762835895e+00
2.394414519746635772e+00
3.359814487331653332e+00
2.667000475020480543e+00
2.821629664223528344e+00
2.617101300147931298e+00
3.108947439573092719e+00
3.177408381495326672e+00
2.956451898839606685e+00
2.874352528439743537e+00
2.003775586095331906e+00
1.579723011949016653e+00
2.644956924727351666e+00
2.547086762509958913e+00
2.490594081508237245e+00
2.380623618473248548e+00
2.742235595229094436e+00
2.879676115739279396e+00
2.646561601497427585e+00
2.776955914047332552e+00
2.049531344565672430e+00
2.701960176760483723e+00
3.523857562122495679e+00
2.147652153626924409e+00
2.298507888906563768e+00
3.086197648641434199e+00
2.373115071889036365e+00
3.585973062431531577e+00
3.265898782522037802e+00
1.961253368948983500e+00
2.490877632232581185e+00
2.647663672788252320e+00
4.187009038946994721e+00
3.646043540193684596e+00
3.161324652988136030e+00
1.945402904494042184e+00
2.448323259825011977e+00
1.762808985678665286e+00
2.205972523816317921e+00
3.290941267053709485e+00
2.407587732957041649e+00
2.709196012265850495e+00
3.513320673040344122e+00
1.800860738753361279e+00
2.820283176108740797e+00
2.983922447920117627e+00
1.802445236594188760e+00
3.581642069666020944e+00
3.173368127076879208e+00
1.849268097378236497e+00
2.965958908336973732e+00
2.779591830537906372e+00
3.548029944247946599e+00
2.378476595255051063e+00
2.793445207904484029e+00
9.139806523951908845e-01
3.933204476283709727e+00
3.168170234361677551e+00
4.007254594008896831e+00
3.140795774763830650e+00
3.339282488635459067e+00
2.325236680967325942e+00
2.791992192166700359e+00
2.805850737443909004e+00
2.078910720806421697e+00
1.900327755842502464e+00
2.416722370024724675e+00
1.352650760538746333e+00
2.801034699271747641e+00
1.977427820205011066e+00
3.415284992049302026e+00
1.987121292712682230e+00
1.557218573201649248e+00
2.151965025528953301e+00
2.815114598851307992e+00
2.814302318873326048e+00
2.667675434035911675e+00
2.346077495173905625e+00
2.376461068741579918e+00
1.967622979436465913e+00
2.694453349090585093e+00
2.641884583307009926e+00
1.752082982163527758e+00
1.917815732027350117e+00
1.772926063630076765e+00
3.002469513083906971e+00
1.584372703508101221e+00
2.372408940686594470e+00
2.101880912703193438e+00
2.294475796822100566e+00
2.130010173057547807e+00
2.420445241865369024e+00
2.285339534264102745e+00
2.509977068961163571e+00
2.377013368097802726e+00
2.938600133609229115e+00
1.743444803620966654e+00
2.036187232302106853e+00
2.088585499664356249e+00
1.856200441426953063e+00
1.277300319047784072e+00
2.097317690008655866e+00
1.210161318542467557e+00
1.628115564520237646e+00
3.347471169923337264e+00
2.518658855670845576e+00
1.209048213278891115e+00
2.661736659443378450e+00
2.643674986939927418e+00
2.742807781919631260e+00
2.243082502942933321e+00
1.737989230597074775e+00
3.040282703095428030e+00
3.405374186477613474e+00
2.171791701924477902e+00
2.967438803194534014e+00
1.668610030664677391e+00
2.473799718250040414e+00
2.129676251373719964e+00
2.776441773661555867e+00
1.861311424914546375e+00
3.166714860870847303e+00
2.802403338624275708e+00
3.398530586208009741e+00
2.185515894144193894e+00
3.268322717860459470e+00
2.529932094594685044e+00
3.293241082178263834e+00
2.263770599301745179e+00
3.353402487302408197e+00
2.245149213264163723e+00
2.203857649884262582e+00
3.191719727652239325e+00
3.072761116710341245e+00
2.818584020468679618e+00
2.150958889613328928e+00
2.252914204541832444e+00
2.789358956605577422e+00
2.394435112367744090e+00
3.009504537356084253e+00
1.963252555924429821e+00
2.922438712327241284e+00
3.150697486309279149e+00
1.837805277742057708e+00
3.102912611684038868e+00
2.867390995264328613e+00
1.604228640416582863e+00
3.734074830894718033e+00
2.656821565267182716e+00
2.957385022652833761e+00
2.700506317952249269e+00
2.824058834947948071e+00
3.007134176477214815e+00
2.818845982809487616e+00
2.887209460263657768e+00
2.023400381806338633e+00
1.978074481338748081e+00
2.372912947873538236e+00
2.378605155467930832e+00
3.286403132510594016e+00
3.179131831228608984e+00
1.285942914914140145e+00
3.121318154112416199e+00
2.585488538713546891e+00
2.830653844486141768e+00
2.448028985462574969e+00
3.131774947755786354e+00
1.831318759424125364e+00
3.172290608982489157e+00
2.484468163880808600e+00
2.640085061596154414e+00
3.022866090345602164e+00
3.272883876748645005e+00
2.951626240825873992e+00
3.353276652526284263e+00
2.796726105514929728e+00
2.522618368868521976e+00
1.801972429210658255e+00
1.836454062849683044e+00
3.349109715937339971e+00
2.358623113191351983e+00
3.162470787855430121e+00
2.502170617274396935e+00
1.904823749921318088e+00
2.547743471276848748e+00
3.746636778053941352e+00
1.516144496229223204e+00
3.390013199398018262e+00
3.156396334427768124e+00
3.382013071677470784e+00
2.895414664838650509e+00
1.749629637807045279e+00
3.301063558801583753e+00
3.207030100573893705e+00
1.820660844199021078e+00
1.966508214617050498e+00
2.365408146857054472e+00
2.650937251898221714e+00
3.125179730791328048e+00
2.798179055740640298e+00
3.064655056371844211e+00
2.089580018567843922e+00
2.705382268607954721e+00
3.742185950451851539e+00
3.159285740382336449e+00
2.070009997827389370e+00
2.925862786596364895e+00
1.179193071647293145e+00
2.658350533102768143e+00
2.260598204606148354e+00
2.103379613582603280e+00
2.975161681690037252e+00
2.275781170736908443e+00
1.481341849499263841e+00
2.316670210091404059e+00
1.979201392431485296e+00
1.804620167631516781e+00
2.462732211284635042e+00
3.374040745606483593e+00
1.283971824087833724e+00
1.694911968635368416e+00
2.358902133644755317e+00
3.429846068904010892e+00
2.525591700673105677e+00
3.382376610513342374e+00
3.119504563989534685e+00
2.963211558706061233e+00
2.011266518336408460e+00
3.044222911149526034e+00
1.958305213320214344e+00
3.283037075975643315e+00
2.298574656842154340e+00
2.089645731365811887e+00
1.583641057756279835e+00
2.807120484663364834e+00
2.012507699093258218e+00
2.506453067732024920e+00
2.687801430346926423e+00
2.144749362001260096e+00
2.278702282864478068e+00
3.354728849700931992e+00
3.268570271915586023e+00
2.568660895189093019e+00
1.526290669417829093e+00
2.770970216335407521e+00
2.717118254767826091e+00
2.283017889732080086e+00
2.700568461705288748e+00
2.415584558183299979e+00
2.697020265888932400e+00
2.256709433325710279e+00
1.955469376770669232e+00
2.073909322940248767e+00
1.651643057836335915e+00
2.527949399411546061e+00
2.720473939462916935e+00
1.979444572110046208e+00
1.862517106266156075e+00
1.896094169159703746e+00
3.056212686263643619e+00
2.430823324401461871e+00
1.423400872164235720e+00
1.885121594189583361e+00
2.605056822161800678e+00
1.965348350821046530e+00
3.148788475759643823e+00
2.004480035220902234e+00
3.120847077812454184e+00
2.452039112266092058e+00
1.872060471327313458e+00
2.812020902050686999e+00
1.723562786201167762e+00
2.271998390313341609e+00
1.848147316296664622e+00
1.967342524174418017e+00
2.335530703856792734e+00
2.588475844927917269e+00
2.428631476850462878e+00
2.380910513417445529e+00
2.535233401637841055e+00
1.903873132119326073e+00
2.471312444458398261e+00
2.213738671086415533e+00
2.676392209940222422e+00
2.689346598133094624e+00
1.850177302198887430e+00
3.869750998253066232e+00
1.474769030812490778e+00
2.202415198153942821e+00
2.664338987577817619e+00
2.445189658807466415e+00
2.860077494092916783e+00
3.125189417502606037e+00
2.201529568874883491e+00
2.144482973319680852e+00
2.330117738034187980e+00
2.921662649954640312e+00
1.956888311544061843e+00
3.211057282976463423e+00
2.286686821136259429e+00
3.378897422828806452e+00
3.152201819268624750e+00
2.864799384734104670e+00
2.959881281284485244e+00
3.013071528751155803e+00
3.364712756205860078e+00
2.223786803076074126e+00
3.077272024513999948e+00
2.044462337647811712e+00
3.362806719828061564e+00
2.639465827533054920e+00
2.426708610915080833e+00
3.023634175701154891e+00
3.186974094025885940e+00
2.969332782661897596e+00
1.450026109509792827e+00
2.681887778275920287e+00
2.031899065960433237e+00
2.528255676877365410e+00
1.852191553613847574e+00
3.541778388073517636e+00
2.053839388467194382e+00
3.132724090844774434e+00
3.020648557127191047e+00
2.400931718581688301e+00
2.176416743717119573e+00
2.504292825676102563e+00
2.511126725028721030e+00
3.206364168891931321e+00
2.377734688976174571e+00
2.811734402682438905e+00
2.780663500598722138e+00
1.957536617238306631e+00
2.342867409057911132e+00
2.655858005601705596e+00
3.973871601849225055e+00
1.851102188606712717e+00
2.768878968631603321e+00
3.217932232552098704e+00
3.040411567859859332e+00
2.107285394018821201e+00
2.738408817557520081e+00
1.449162498088225171e+00
1.913911388310174155e+00
1.892618529809941830e+00
3.556443152346684844e+00
2.410188016557624380e+00
2.690856753239795118e+00
2.652997217088962856e+00
3.154953123973796902e+00
2.200222850419917719e+00
1.983700638668218774e+00
2.363081195832049008e+00
2.640068970228921508e+00
2.443466598150259905e+00
3.562329595822522954e+00
3.244917093783963757e+00
3.083612652072170501e+00
3.556316514244901139e+00
2.778095624263742902e+00
1.800863511834932318e+00
3.536124343598381792e+00
1.782465273811807416e+00
2.395564944560509613e+00
2.961615988884438444e+00
2.769458416686851443e+00
1.632581258491634379e+00
2.540310942509839354e+00
2.807767759167793198e+00
2.267592150434886822e+00
2.652236876647346975e+00
1.758104370161074792e+00
2.062975871949320528e+00
2.954763712868178516e+00
2.776039723871856157e+00
2.782532929790827225e+00
2.381664964246146265e+00
2.801351379761634508e+00
3.691193825071416690e+00
3.119998376621231806e+00
1.998523792850044112e+00
2.152172504802074560e+00
1.848754861331092458e+00
1.919187365091820308e+00
3.314938922049748715e+00
2.148332300940281492e+00
3.240630979809701717e+00
2.478361536528920883e+00
3.243602260525645598e+00
1.958211161591831839e+00
2.877145367017578170e+00
3.164185581329775232e+00
2.653145956790349924e+00
1.532979332963833041e+00
2.932209155491407149e+00
2.551556028184815972e+00
2.165228901881733226e+00
1.747546656838044443e+00
2.161301079463961106e+00
2.162189122234104310e+00
2.738174834657776557e+00
2.778210499297044223e+00
3.192335708082060464e+00
2.877858257979906575e+00
2.822199868913431331e+00
2.148604545882479844e+00
3.136541302149346233e+00
3.367613994905549468e+00
3.293456123955285531e+00
3.549112673430056653e+00
2.129885455816668660e+00
1.805664011771897393e+00
1.969766969997323480e+00
2.776086125682501127e+00
3.328229502966436826e+00
3.472921939743060626e+00
1.879517816149992582e+00
3.046081903839392702e+00
2.530454676456781904e+00
3.163966105348792190e+00
2.518979209868564162e+00
3.198197852451058587e+00
3.225265537560093598e+00
3.791007413478368004e+00
3.163816012309491388e+00
1.763331299936738317e+00
1.967887997168447090e+00
2.244011834962550633e+00
3.233919118777249135e+00
2.661526840182150799e+00
2.045269489839464327e+00
3.179682920958518011e+00
1.003825987885941018e+00
2.803373343852688659e+00
2.047797750308814280e+00
3.142004866634582338e+00
3.122456515845989156e+00
1.753716078687408642e+00
2.139472152036981711e+00
3.328189964167763915e+00
2.205533654248847952e+00
2.545485183527335327e+00
2.331890351428459240e+00
2.343429164024873668e+00
3.135254644593561402e+00
1.967540543456820501e+00
2.470385453882837812e+00
2.163791924526743848e+00
2.198875824972430504e+00
1.879414424920057503e+00
2.496385281876790874e+00
2.909715357499053745e+00
3.193153142478364348e+00
2.658541259818631541e+00
2.027751193031550603e+00
2.518684765812190030e+00
2.971826695290296083e+00
2.778538679542468692e+00
3.539718114213095124e+00
1.995906961192382090e+00
2.519705656504851454e+00
2.719915223152240547e+00
2.082925890065318253e+00
2.349986219737909110e+00
2.188404361880825100e+00
1.921079118311697753e+00
1.614407326703395595e+00
1.746962194033155891e+00
2.273602880001376114e+00
2.096605553934543842e+00
1.551482086680538330e+00
2.149988355484619529e+00
2.642824110981083940e+00
2.019027462100929871e+00
2.295954153820548793e+00
2.140330723226818943e+00
2.313522509254928750e+00
3.458907744157452058e+00
2.800063906895791987e+00
2.543238510520256401e+00
3.349775434442684663e+00
2.699832669267770768e+00
2.503415313384388607e+00
2.409554138520290767e+00
2.971874548049425080e+00
2.866647227027748102e+00
1.857337160288850875e+00
3.537798184038356109e+00
2.787888188380163612e+00
1.751577676725664112e+00
2.533298271252394596e+00
2.805027570821049032e+00
2.232813643356526878e+00
2.931064186641985536e+00
2.661948591462425906e+00
1.662837228832919179e+00
2.232824765208476947e+00
2.630444962379181906e+00
3.155717749408001094e+00
2.372160841904716655e+00
2.194529960162289406e+00
3.118931808265159589e+00
2.273367764564568461e+00
1.816348662637851774e+00
1.470008124111381598e+00
2.629029037671410940e+00
2.467042402997845052e+00
1.686450763276144738e+00
2.199934298702612701e+00
2.813581647091596860e+00
2.736918956128596925e+00
2.955804724728674948e+00
1.995517096355461151e+00
3.241907270138859154e+00
3.564130184306398164e+00
2.175980801601936854e+00
2.511380396598505982e+00
1.481645816276802474e+00
2.110778002445757640e+00
3.573813204236381047e+00
1.776491160077157572e+00
3.077979622946496185e+00
2.787759263124913289e+00
3.360355375376213427e+00
3.130945418621586374e+00
2.153261497124578039e+00
2.571463521502406646e+00
2.565112942609278246e+00
2.661309151254037886e+00
2.298229215424135052e+00
2.162112842055741613e+00
2.078120437438679691e+00
2.423299023072701619e+00
3.192522335414758050e+00
2.839900448344765849e+00
2.828463158538818689e+00
3.170499987824030974e+00
2.666674732321970609e+00
2.926931506163113372e+00
2.670931058541849534e+00
1.109056590263293618e+00
2.408953657407407078e+00
3.173722562910398004e+00
2.803898586003697790e+00
2.256922213019497914e+00
2.359955483445355107e+00
3.133141236290206688e+00
3.230854728955147692e+00
1.993624294951398701e+00
2.603742041060554957e+00
2.195473967135120219e+00
3.748495680262998508e+00
2.803730268326771302e+00
2.166838483544735627e+00
2.809964974451407471e+00
2.518753155695911072e+00
3.553281748090608261e+00
2.801266445746327882e+00
3.369207082237910100e+00
2.376322612713016813e+00
3.050229310885604228e+00
3.308383838996954651e+00
3.253402417389104961e+00
2.657294379868073708e+00
1.838926170638131241e+00
2.986013157999536816e+00
2.532719299383731748e+00
1.746783079367365987e+00
2.219155754497641020e+00
2.742689820246431598e+00
2.423143182959833997e+00
1.893422831349775404e+00
2.108523512362940888e+00
2.808551915018467682e+00
2.669171642670828071e+00
2.684185274339353722e+00
2.248722458616040143e+00
2.329098548511087330e+00
2.071260386923805985e+00
2.537878671956426579e+00
3.022937198953594251e+00
1.964090178660258701e+00
3.010976264576445072e+00
2.662447535633819307e+00
2.376995332852206211e+00
2.044591092944545885e+00
3.251018412829388193e+00
2.247135244988893721e+00
2.679731117719594824e+00
2.292751310875308590e+00
1.916788865898232386e+00
2.035701250557985897e+00
2.139544793496886754e+00
2.460503100499619400e+00
3.572669400871220091e+00
2.825489308487644458e+00
2.784894111010332907e+00
2.574890404418101131e+00
2.620025584752498471e+00
3.132929438622394258e+00
3.358776362333983023e+00
2.469482408546801011e+00
2.786943382894281562e+00
1.718020349671017133e+00
2.197489658543060553e+00
3.478749681006881200e+00
2.331126095543805565e+00
3.530349005455609479e+00
2.792895492515581779e+00
3.283728404031767578e+00
3.043796966944898319e+00
1.819063255855654981e+00
4.160990777740334323e+00
3.854323095509283092e+00
2.129637107485295111e+00
3.580498279959405394e+00
3.669952717360924321e+00
2.713321026305241190e+00
2.202792466472038413e+00
2.800966374629158206e+00
3.162368695039030175e+00
1.819030269810040013e+00
2.036666304124684856e+00
2.959744524551418454e+00
1.507430324344468220e+00
1.751998273936091977e+00
3.803006435783042427e+00
2.965843718076952129e+00
2.742295978888837471e+00
3.079800608814529550e+00
2.522952623482018097e+00
2.909466276417153718e+00
2.155413807929910774e+00
3.020102961570983791e+00
2.029203332531670512e+00
2.757410675652719245e+00
2.798983150492812655e+00
2.186363105809181029e+00
1.548738177242735103e+00
1.929627860401279538e+00
2.609990775884221126e+00
3.108372226299668029e+00
2.187130046088840540e+00
2.806602225746519075e+00
3.375311431612640689e+00
2.277065260363596355e+00
3.446649059335413323e+00
2.715837489454707043e+00
2.986040069469905855e+00
2.047749639858619020e+00
2.301428340307803300e+00
1.978378857410269420e+00
3.015022908360579734e+00
2.402030472130429750e+00
1.804703703368494283e+00
2.389324460638703851e+00
3.623623310901719297e+00
2.365196794174964534e+00
2.805551352492732686e+00
2.192899874418788642e+00
2.203157481218459779e+00
3.085664993058804928e+00
2.240975139682085615e+00
3.031195500115096753e+00
1.971946024769344552e+00
2.959286296195727139e+00
2.547690147637536207e+00
2.529718352297591899e+00
1.529056189525112686e+00
2.243747350324411194e+00
2.961020476874843155e+00
2.405472784816896414e+00
1.963750361286027424e+00
2.175091721750480378e+00
1.314728969825157856e+00
2.434449825097228182e+00
1.366798076612250501e+00
3.600909906012395911e+00
3.349608388818545723e+00
3.200280212987498984e+00
2.552555033196431289e+00
3.343810146006008122e+00
2.224633172748540666e+00
3.461362481852877426e+00
1.568700741532529364e+00
2.023967555940431762e+00
3.043452076654569627e+00
3.278371873947032444e+00
2.687446643735269980e+00
1.869453582695856708e+00
3.449289439320888384e+00
2.551848290086829341e+00
2.730787798635937680e+00
3.011179790023060132e+00
2.402074842732712323e+00
2.684529992356612826e+00
3.255561012596261961e+00
2.964835875848475855e+00
2.957457174009495482e+00
2.777976803125969951e+00
2.766984900266426184e+00
2.463164766506395154e+00
3.630256101745564123e+00
2.597582795455490867e+00
3.347218339093331885e+00
3.795831369964950852e+00
2.927284787297554924e+00
3.478953439578624796e+00
3.218483176659403533e+00
1.535393844247626483e+00
2.402277625019718421e+00
1.764243752007881527e+00
3.149366432304129937e+00
3.259619757226037251e+00
2.184378000680232468e+00
2.971734670822038016e+00
3.571818844440108887e+00
2.668233833622165818e+00
1.872522291567958463e+00
2.683367121493211993e+00
2.970097717395364878e+00
2.682866088343219602e+00
3.123050195174209342e+00
3.099678225799946230e+00
2.324050233802643639e+00
1.892111868033649946e+00
3.204871785734274781e+00
2.758247186483075541e+00
3.014718912537936113e+00
1.468621051953622914e+00
1.964187926230238856e+00
3.297753123798704333e+00
1.617450089051541973e+00
1.741290956492225650e+00
2.291521584599368389e+00
2.402069598072340550e+00
3.089365449689802645e+00
3.524988234304421209e+00
2.087681286411090742e+00
3.002153619192241329e+00
2.045917643121000218e+00
3.055749272566406383e+00
2.528354128669103140e+00
2.401078469729140075e+00
1.979490348399863375e+00
3.422700207857012344e+00
2.045560684768279458e+00
2.293588229442145465e+00
2.937875157139845594e+00
2.473070682737149362e+00
1.491428540039275497e+00
2.209943413400378365e+00
2.969692797342546431e+00
2.903819451060222878e+00
2.524159437362165193e+00
2.699766585557954457e+00
2.744210697379087183e+00
1.896533761034501220e+00
1.918951499556319051e+00
2.176133780128793660e+00
1.965551267118044620e+00
3.438414019106292407e+00
1.808983918310927308e+00
1.922846328205727984e+00
2.788416245876780941e+00
3.635543429677798866e+00
1.797457980814411105e+00
1.961011329903737943e+00
3.349076502125369892e+00
2.377955538365637000e+00
2.799868327355004016e+00
3.316018334956845059e+00
1.863807522410937390e+00
2.337428378967042253e+00
3.248084275094286433e+00
2.137471660373743365e+00
3.145056706978423211e+00
2.023863008955900877e+00
3.227989377532160198e+00
1.764606105962784222e+00
1.977744271617550620e+00
1.973094467304163269e+00
2.382061817843580176e+00
3.357897898849973917e+00
1.553109636732499910e+00
3.041983445442818734e+00
2.819320735354275964e+00
2.914673542079769586e+00
2.573495047655976364e+00
1.969118365519001213e+00
1.913015608320373540e+00
2.146910815102714754e+00
2.269197834634061994e+00
2.679760602610232745e+00
2.388378321223244782e+00
2.797435815392824932e+00
2.882413708350701320e+00
2.216708711142661326e+00
3.419382087481052768e+00
2.316247969724792188e+00
3.140019975732016633e+00
1.828455158254860491e+00
2.192469970853856420e+00
3.408565243917544230e+00
2.504077898824311976e+00
2.724917814740151822e+00
2.454672987091275349e+00
1.438347291253421645e+00
2.528787807887021621e+00
3.150576981374760166e+00
2.292983782684546945e+00
2.286144378037114233e+00
1.882752607844818682e+00
2.937682767643568837e+00
2.996054655173179260e+00
2.091897456814315159e+00
2.579156764982364791e+00
2.110117657820555603e+00
1.916998420228120947e+00
2.171685574194718082e+00
1.919206650040366391e+00
1.964645389005677867e+00
1.869832508271672467e+00
2.277859133296884497e+00
2.904622413452394358e+00
2.749113815688418505e+00
2.265891089132379577e+00
1.872970070660715303e+00
2.532645942096069636e+00
2.785915524621092931e+00
2.602580760155299711e+00
2.612346407645071089e+00
3.128265508890458069e+00
2.016269707365654362e+00
2.166243797578186303e+00
1.909501881209830110e+00
1.929869485742934376e+00
1.755181027224803403e+00
2.906805275323689042e+00
2.957137579243181769e+00
3.221120547627399855e+00
3.222401372217672311e+00
3.672338150595514605e+00
2.378195170008186032e+00
2.962442059945694428e+00
3.237097521034515424e+00
3.111082337249506224e+00
2.802063580005827781e+00
3.307418514608308602e+00
1.620721611407557772e+00
2.651389454529689882e+00
1.853748631861438012e+00
1.378450064395933428e+00
2.789616398616405313e+00
3.180489956606297852e+00
2.178587389646216899e+00
2.640938686808068425e+00
1.980452212570100956e+00
1.771537237501902728e+00
1.562935403516118926e+00
1.837768247972929814e+00
3.356065160815878912e+00
2.078644819190059945e+00
3.229157965057879220e+00
3.229684410238879533e+00
3.063144316963819502e+00
2.881435988716417373e+00
3.082494758174235905e+00
2.978193859808599964e+00
2.174937713907490799e+00
2.921674128745101573e+00
2.526385763641919802e+00
1.983222278956428886e+00
3.870182006633397176e+00
1.578843485331785201e+00
1.899380991689575859e+00
2.850466615190550890e+00
2.553283739266861918e+00
1.985161518081322907e+00
3.154951158016972013e+00
1.842850342007938513e+00
2.961324674621663711e+00
3.125259190343913751e+00
1.320626547875183521e+00
2.185669043220991092e+00
2.621553416437280237e+00
2.210788520130800627e+00
1.968731263450356650e+00
2.423547289310081787e+00
2.432717091722084835e+00
2.371440899596204410e+00
3.558513056647850004e+00
1.881654899487713806e+00
3.147932746714016794e+00
2.538419474616063543e+00
2.926440972183445677e+00
1.950033656761883005e+00
3.158196115984926777e+00
1.508696443158073386e+00
2.665039338385994938e+00
3.120659676495765034e+00
1.593181594213658014e+00
3.051219781985322399e+00
1.723138726132016130e+00
2.798025073849798705e+00
2.352809974193895037e+00
1.795377310799731951e+00
1.601858414043888068e+00
2.043052890168932212e+00
3.523294377135854916e+00
3.388379529987639582e+00
2.622296034480415816e+00
2.781079877806233114e+00
1.517891448540546362e+00
2.281037850331570027e+00
2.640568100953299080e+00
2.599307151032647312e+00
1.978122213267915486e+00
2.092556081313450278e+00
2.954475391477857205e+00
2.536685755530790676e+00
2.497524180909517000e+00
3.611456125449183929e+00
2.250286576897651880e+00
3.487958379523084851e+00
1.925052660468488996e+00
2.203620519521633181e+00
2.821711146471440834e+00
2.324549165585854560e+00
2.760173229678805296e+00
2.539272399500437150e+00
2.751889981716589162e+00
1.990870265953624152e+00
2.963111693446560668e+00
2.241336979763966841e+00
3.113456738193385309e+00
2.976725932288435406e+00
2.940038535964203614e+00
2.939042448408104580e+00
2.393595832424865399e+00
2.809006702096172869e+00
2.502136631344290318e+00
2.005620072169824741e+00
2.808082082704205007e+00
2.267465704176276020e+00
2.200564526193049097e+00
2.442656697167568947e+00
1.877774104859294635e+00
3.229643887128429203e+00
1.333063943939151841e+00
1.906555055984328728e+00
3.250027256785704033e+00
3.333651889957518932e+00
1.271741863232039860e+00
2.404904529803215230e+00
3.523217996405852759e+00
2.601878409650291601e+00
3.707350600857540535e+00
2.951031907643133945e+00
1.544992326547730555e+00
2.513956193031691821e+00
3.060285854606205280e+00
3.015229866592463281e+00
2.699307413564035141e+00
1.952726732271636845e+00
1.990931148932072237e+00
2.786271977907571529e+00
1.337551309773972852e+00
1.470552651269426692e+00
3.112639516257247330e+00
2.823356755627353998e+00
1.706033891164018934e+00
1.625501928912462368e+00
3.358173135625832195e+00
2.966364799313715661e+00
2.090718429934312894e+00
3.096063335324819477e+00
2.070815946781780603e+00
2.571498177598663837e+00
2.187913307954092001e+00
1.600008988538151877e+00
2.411036277591217747e+00
1.588549251445790844e+00
2.538255125046028127e+00
2.360392805398296989e+00
2.063877208396495355e+00
1.537365762246625689e+00
2.525640302302924134e+00
2.889132466331104876e+00
2.049284078492418892e+00
2.734208732178983414e+00
2.669079598423347743e+00
2.250206715693617632e+00
2.966714690314990577e+00
2.792348673945137083e+00
2.159914086295739111e+00
3.306164646304466714e+00
1.775083771678731992e+00
1.981045747784883737e+00
1.838117212700854708e+00
2.550211833347392876e+00
1.960785978320676248e+00
2.954357918229032265e+00
2.954482149381446376e+00
3.061513512370559464e+00
2.172419306086608604e+00
2.267158685901770721e+00
2.037101184115798880e+00
1.564806536176066798e+00
1.998971059299301078e+00
2.291325080671445580e+00
3.172520883945195713e+00
2.726673819861508363e+00
1.475053399861166126e+00
2.715753302202271513e+00
2.187864111678206935e+00
3.023220669646492720e+00
2.873718512582859486e+00
2.277726374229311901e+00
1.376200450447354395e+00
1.559169070147889080e+00
2.370287648564278538e+00
2.493502380132511131e+00
1.450014171553832609e+00
2.265209364327021913e+00
1.819025820915773917e+00
1.552265964246472674e+00
1.824827091237849697e+00
1.749451638112774710e+00
2.331597400666913789e+00
2.656583762969594087e+00
1.556991058008712514e+00
2.310522957942806599e+00
3.007092874600717725e+00
2.272149259315478620e+00
2.194721195442822737e+00
2.650322787458571305e+00
2.317516248670425050e+00
2.181764577378644265e+00
2.311065431386050140e+00
1.565859308105576497e+00
1.862157197879565018e+00
2.557053997007852075e+00
2.582939484982099465e+00
1.506790611077428732e+00
2.368256908877381051e+00
2.593325222917840733e+00
2.311470147682914700e+00
2.333743394836361063e+00
2.376890089180522025e+00
2.828871628343944344e+00
2.229511504718623804e+00
2.537346778196696739e+00
2.178891435958192790e+00
2.049132097654347451e+00
1.715959150072512429e+00
2.510813587864032304e+00
2.655479680641819495e+00
2.445160646497793078e+00
2.595387507565120710e+00
1.882372410171305299e+00
1.954863550300535380e+00
1.986566300325475654e+00
2.332204350272510496e+00
2.796157042779860102e+00
2.607556106815658747e+00
2.296963205544972464e+00
1.774667128687101192e+00
1.878382384534051042e+00
2.483721641884064635e+00
2.465663675193305870e+00
2.441013798025657877e+00
3.091444664333496739e+00
1.851265740059454767e+00
2.836598536827063199e+00
1.994065610396430932e+00
2.001128229926619539e+00
2.370658860393251466e+00
2.148678291148574893e+00
2.954748665693939014e+00
2.823530720465796229e+00
1.681561671590635187e+00
2.115921583940416184e+00
1.971353747546112256e+00
2.796943946539327097e+00
3.126432181321350257e+00
3.158828440399136461e+00
1.962568573675667949e+00
1.432116153843022710e+00
2.955042357222410931e+00
2.384168185252039329e+00
1.513872668659674625e+00
1.657117381906881182e+00
3.298588055003603525e+00
1.962424330587479115e+00
2.631392508419371001e+00
2.528169714084620878e+00
1.879556017922719313e+00
2.540090812044188961e+00
3.363142459142220098e+00
2.507844911241256636e+00
2.294744434010775880e+00
2.404820649872417171e+00
3.372836529916002135e+00
3.186102743132352533e+00
1.981673431745456071e+00
1.907301018035416407e+00
2.121742614634583468e+00
2.276721777514808309e+00
3.035718866274136563e+00
1.782384495614329989e+00
3.122886554586887353e+00
3.163277531585777069e+00
1.558095353232973101e+00
2.951793468270746512e+00
3.828106747673071464e+00
2.166042745238572653e+00
3.029375370892048558e+00
2.402755121300681918e+00
2.400364822523287867e+00
2.961315954293752384e+00
1.827077205533321758e+00
2.531039822422910923e+00
1.999838610192838040e+00
2.282185671682563033e+00
2.114432886594873828e+00
2.819504014062500286e+00
2.764795016696277141e+00
3.751739593467870559e+00
2.869541520249944355e+00
2.176076284568680741e+00
1.036815286041687045e+00
1.527110673903873561e+00
2.493709581175151513e+00
2.648667620225874764e+00
2.659624307713606584e+00
2.809325326576821880e+00
2.273570132295380741e+00
2.257034663657390805e+00
1.956904047928862633e+00
1.775255085954973833e+00
1.807366994006404104e+00
2.958404966201264141e+00
2.255864479786251486e+00
2.323514493413768367e+00
3.149643460230132863e+00
1.606233109253454971e+00
2.004005121346037033e+00
2.123924220158386333e+00
2.574684267232160817e+00
2.126741943350293429e+00
2.871881587380454626e+00
3.153916135597167880e+00
2.126103892763385517e+00
2.801570818458412049e+00
1.938339552282291711e+00
3.264366964413498273e+00
2.805018327835971270e+00
2.810752590240837012e+00
2.340699247121391213e+00
3.191390665664545878e+00
2.626318506807973296e+00
3.002306405690025048e+00
2.809391709400034909e+00
2.494279262813697606e+00
2.293488976219173470e+00
2.294985234303602795e+00
2.772376283471795766e+00
1.764790060169747710e+00
2.082983164003878507e+00
2.383179613095151694e+00
2.811443494036491852e+00
3.008069395606036256e+00
2.158161037586860509e+00
2.593818661854510488e+00
2.716763062603171353e+00
3.006334402263659999e+00
1.877361003280609175e+00
3.370692514994235278e+00
2.405471880792080519e+00
1.940169594259851360e+00
3.290051262874535976e+00
2.801496911070931350e+00
1.583396538011175414e+00
2.960636288217818990e+00
2.748316075289216176e+00
2.310014004708220714e+00
1.697226130576763081e+00
3.119574167728682568e+00
3.038291920908953614e+00
3.061430004755381074e+00
2.427547530151762167e+00
1.973392841786894003e+00
3.598754826141778107e+00
1.910473341412437742e+00
1.174836820462988873e+00
1.615418434322641206e+00
1.339852523500635995e+00
2.938590675885092818e+00
2.542539530331107134e+00
2.966528603207212900e+00
2.863584281079370353e+00
2.008819627356526194e+00
1.877136454595978332e+00
3.025057899882245049e+00
2.392139173331135016e+00
2.846697380251590914e+00
2.328766960976518696e+00
2.669058699239339472e+00
1.779362024277023613e+00
1.984122100923870979e+00
2.711256782851636959e+00
2.099506504431725595e+00
3.004256862708819309e+00
2.890163082817759133e+00
2.073266092619981293e+00
2.814583658514704378e+00
1.843266626998991686e+00
2.012597547733971037e+00
2.962858697928101748e+00
1.997772960592930858e+00
2.386583085448529484e+00
3.298836580684441522e+00
3.566350801831358108e+00
1.981701176145502563e+00
2.526979215556701686e+00
2.512386688341427199e+00
2.914287805474059301e+00
3.156214107784602430e+00
2.969506296898233977e+00
2.408577967714488288e+00
1.936582979539294147e+00
1.759406167273064314e+00
2.935882094890897687e+00
2.966939925523651489e+00
1.877003503155020292e+00
2.785741840719272222e+00
2.488355875903381698e+00
3.003244333658580345e+00
1.727088141555970013e+00
2.101654569070093626e+00
1.789542579057504801e+00
2.615612657723628942e+00
1.425968549087861081e+00
3.258942631364035947e+00
3.007218405748004919e+00
2.321912694928999876e+00
2.124228598392488898e+00
1.859667685466739551e+00
3.122195064104301476e+00
1.906004335587573983e+00
2.301341449543533813e+00
2.042820356676869231e+00
1.662365562940760322e+00
2.012113138388036848e+00
2.842076845302049737e+00
3.606996606341667189e+00
2.396473234305485533e+00
1.975585902483025569e+00
3.155776584544641938e+00
1.000670855845209095e+00
2.323317692673764423e+00
2.125589266395539578e+00
2.532637796538240504e+00
1.773786630254744923e+00
1.808183563156588569e+00
1.882867969206174052e+00
2.480978013648011515e+00
2.644184555262695469e+00
2.287029096910555115e+00
2.348536163000717103e+00
2.183365371543856792e+00
3.052044420018468873e+00
2.349057591484143614e+00
1.734133918378003569e+00
1.965999159535615215e+00
1.972012958079551792e+00
3.485094918141320885e+00
1.265488350947182816e+00
2.416187927896548793e+00
2.170385277433989568e+00
1.948372401967354062e+00
2.002552410364538904e+00
2.763244478309221819e+00
1.268664354773023417e+00
3.635951346402141127e+00
3.342992638399533867e+00
2.103588350351617287e+00
2.661305224039358208e+00
3.072371682452113895e+00
3.239798005765898825e+00
1.918245174533836694e+00
3.427831136488380004e+00
1.474660465734978221e+00
1.950023543715717622e+00
1.884105293037774187e+00
2.400918704204030529e+00
2.015051773629214171e+00
2.876141391903634048e+00
2.723186772005492973e+00
1.895388029446256839e+00
1.227702331902592592e+00
1.965402443177021397e+00
2.802455868799218486e+00
2.780682259497060382e+00
3.065723136559678874e+00
2.972462235076984260e+00
2.626355807058088132e+00
2.204092327149804298e+00
2.675192770219749772e+00
2.236586539652291261e+00
2.017131656434140385e+00
2.710271147222589327e+00
2.525480938172711465e+00
2.284272222188404200e+00
2.290133881131320770e+00
2.532928851912747525e+00
2.970634654371440586e+00
2.835716684874759252e+00
3.470186942261032748e+00
2.647394567362613582e+00
2.441174574702525302e+00
1.872652507844661196e+00
3.052526382205020372e+00
1.246210684145715231e+00
3.144051049495588224e+00
2.285409136588955281e+00
2.771402264253113756e+00
3.155582790816663152e+00
2.806554693374340825e+00
1.944177713811343189e+00
2.106351744656309588e+00
3.024785958649536699e+00
2.964366180443108956e+00
2.282100439390260416e+00
1.852353556675669699e+00
1.843832226601888280e+00
1.317302315393782397e+00
2.275941905977328261e+00
2.453132243757564002e+00
3.167350138966789075e+00
1.561342486422956366e+00
1.549454361870769681e+00
3.107995171157331260e+00
2.509295318973902233e+00
2.065313039792295857e+00
2.669318923633567042e+00
3.100872357277965730e+00
2.809021020806129698e+00
2.276854703979783068e+00
2.025661498419152551e+00
3.177610079276176780e+00
2.005773558781282162e+00
1.967090685164258002e+00
2.812172032525863230e+00
2.585044778104034435e+00
2.064314607616754227e+00
1.718414495496273231e+00
2.311417410841641207e+00
2.637779409398181230e+00
1.699798358910446394e+00
1.964945317423872018e+00
2.406213026632182395e+00
2.391200605722723083e+00
2.444089839923018648e+00
2.154729468470981235e+00
2.133831849764103783e+00
3.403286451472528729e+00
2.919719704444871944e+00
2.642253621736003755e+00
2.487983692773688471e+00
2.788942525274370698e+00
2.224318378564208665e+00
2.377679950620148475e+00
2.520776975627984751e+00
1.970048023820632821e+00
1.301741388540676558e+00
2.297725745682506204e+00
3.515848054385366073e+00
2.808426837472256299e+00
3.244142838676764562e+00
2.471307812067629062e+00
1.810271205733826605e+00
2.801903520042556384e+00
2.439149023606655309e+00
1.757315911018179744e+00
2.410471607141686068e+00
2.800936008526018206e+00
3.356596575072515520e+00
2.955379075138446332e+00
2.638113290496581165e+00
2.796482277249441317e+00
1.766906449649109145e+00
2.251071211323444565e+00
2.680643337251461755e+00
2.763898395105617745e+00
1.991907133632005111e+00
2.100743481088643172e+00
2.105452263968368154e+00
1.333822121721607967e+00
2.355437633042833045e+00
2.861616032034703050e+00
2.386956903102308125e+00
2.283452899430813421e+00
1.955775325324704106e+00
2.352552014085887766e+00
1.980414715238947965e+00
2.878112431684193506e+00
2.829033848688598862e+00
2.643469415166321390e+00
2.019751655083179109e+00
2.059980955787986012e+00
1.372853958692928034e+00
2.309912713597172207e+00
1.882913632103849544e+00
2.125305592123241549e+00
2.529674091692241777e+00
2.010863640127932506e+00
1.870647904385595917e+00
2.123902078189738862e+00
1.494960997944343895e+00
2.688313402513736072e+00
2.217004717107881273e+00
2.336283578327756238e+00
2.722449032677952019e+00
1.828717712418641783e+00
2.510829899014525246e+00
2.279922241655574666e+00
1.889279669755591806e+00
2.781765229855219790e+00
2.472291859257864211e+00
1.888802627319346561e+00
2.766672621150784828e+00
1.969093005311254974e+00
1.851514329926983171e+00
1.831037512416003654e+00
2.221856396932735400e+00
2.909081420665224460e+00
1.533179144632094371e+00
2.141828752325603435e+00
2.087767298036845354e+00
1.983117120218953033e+00
2.881274197744902565e+00
2.127217429394090864e+00
2.983777131151535755e+00
1.813629289578439829e+00
2.279482976486903123e+00
2.240734830107709463e+00
1.997667928324133646e+00
1.992377557991866333e+00
2.378615660166791379e+00
2.802466219458013441e+00
2.926346654802401304e+00
1.643407303408334963e+00
1.807127189347227159e+00
2.817125740933179578e+00
1.945080988673709932e+00
1.442559106404650571e+00
1.371711449109920045e+00
1.947716096709478206e+00
2.830373267304227891e+00
2.513088218505736826e+00
1.527709245531463145e+00
2.530550426873103387e+00
3.127178087561407693e+00
2.191969165314435308e+00
1.948936225271724831e+00
4.010171407639874452e+00
3.070434123237272495e+00
2.064659708980165931e+00
2.319069873564811868e+00
3.749716576218862674e+00
1.955112910870309140e+00
2.985442317055562622e+00
2.521903810890261166e+00
1.336642363497633657e+00
3.226789989326353414e+00
2.807740120289769603e+00
1.921704247907417118e+00
2.078508426033510048e+00
1.879588066415672554e+00
1.974178932239942563e+00
2.099715739553553284e+00
1.872127844380559125e+00
2.525197705126318137e+00
2.324967520610282445e+00
1.919214001103046296e+00
1.982385277689485248e+00
3.592658528505944471e+00
2.497188144117391317e+00
2.880301536486365332e+00
2.195861234488436065e+00
2.620179959168794426e+00
2.668215977079675394e+00
3.396517108627781223e+00
2.050539964853697494e+00
2.709167548889461763e+00
2.383835262807593836e+00
3.304456929234760754e+00
2.404439945201189310e+00
1.849023000819989715e+00
2.308396179052881525e+00
2.436852382684464580e+00
2.280201908681521061e+00
2.498874875529363493e+00
2.867219418744108239e+00
2.315690925042625192e+00
2.409465210979155447e+00
2.086347662706613981e+00
2.511028859388947154e+00
3.220664995120331664e+00
2.697789228074507939e+00
1.978582864376344563e+00
2.499206483998277495e+00
2.283258725297756975e+00
2.162321641599971755e+00
1.491685134047408212e+00
2.632424808626996793e+00
2.871567509747396052e+00
3.005125835680600765e+00
2.035268086343501981e+00
1.786765561725799811e+00
2.644257550862739059e+00
2.503995431582631603e+00
3.063593113079894792e+00
3.144077367517045474e+00
2.686454939911304685e+00
3.443358365156729661e+00
2.059727503139224591e+00
1.345185831837699686e+00
2.933336519744700777e+00
2.766874629702970267e+00
2.767603151100332504e+00
2.541283332145589213e+00
1.795769015050339590e+00
2.384309289234003870e+00
3.227981129776571922e+00
2.793821919671922505e+00
2.930811510895782845e+00
3.277844123668156140e+00
3.536815477967681698e+00
2.289701333286533025e+00
1.639690436357145842e+00
1.979324360530601679e+00
1.964855206197587245e+00
1.484252526332054956e+00
3.187413483992201257e+00
2.500056287571367442e+00
2.769222405709268475e+00
2.962394716604489719e+00
2.499458283227180999e+00
2.227265437894027311e+00
2.349634489605573417e+00
1.734475998779799744e+00
2.769526571702181528e+00
3.022810061146112393e+00
2.540892587518142065e+00
3.033020070060821638e+00
3.171040897620832855e+00
2.470780893569604508e+00
3.420813044791470858e+00
2.285835553452986613e+00
2.334056781659472168e+00
2.709904750730574463e+00
2.667913072864033008e+00
2.014914772285285149e+00
2.915385040161205588e+00
1.971283713416735361e+00
2.895289013742134987e+00
3.261085063563016195e+00
1.992261728971756796e+00
3.141708917247081345e+00
2.661967292112749295e+00
2.026069734174781978e+00
1.982654833737783173e+00
3.180822105546038614e+00
3.409842988879044245e+00
2.918549890711830130e+00
2.060880494507027372e+00
1.981009353199127743e+00
2.393118466603592953e+00
3.140826700332183918e+00
2.963401098999899119e+00
2.008333690075108535e+00
2.506455058892779419e+00
1.958190950166319722e+00
2.498673547763728742e+00
2.696161710530300404e+00
3.111558473271295977e+00
2.972527766486460443e+00
2.779187530886271684e+00
2.808056185800612781e+00
2.059661678446702560e+00
2.787734916871388080e+00
2.964625636000542741e+00
2.306046256866898236e+00
3.343264021650165230e+00
2.518612354060658642e+00
1.858937474935177026e+00
3.362594212055724618e+00
3.158344606628977758e+00
2.138441951935761587e+00
3.111111106684105732e+00
2.130328801699875374e+00
3.332494899359758289e+00
2.201279946993850878e+00
1.897905898128019686e+00
2.533151802010015441e+00
1.918728753330909198e+00
3.081606840950592119e+00
2.956365975443332683e+00
2.420071569822145996e+00
3.279590737984919624e+00
3.226620832856469612e+00
3.326085680064216010e+00
1.634132523460563480e+00
2.794994828050636482e+00
3.441364000769016052e+00
3.352513211670496762e+00
3.106394341042132190e+00
2.465660512548554895e+00
3.171969957152675601e+00
1.899046047211425003e+00
3.094136571646729728e+00
2.946546321740380225e+00
2.982613207392085908e+00
2.277775695132527201e+00
2.798372979804338190e+00
1.785802620319644429e+00
3.502060738043511368e+00
2.975181715624747980e+00
3.562328719496035578e+00
2.109028753245393517e+00
1.967169679671390670e+00
2.931545138165914999e+00
2.281718615898155722e+00
3.419160285563944690e+00
1.268183783469496673e+00
2.017022681745891166e+00
3.586964467351851482e+00
2.058006536932306840e+00
3.131663801769594802e+00
2.265721339038996085e+00
3.485567488251866575e+00
2.922706274651239777e+00
2.305846289516064740e+00
2.916938064385911744e+00
2.220005784628050538e+00
2.391709651789506896e+00
2.314686112310180288e+00
3.910126976115632758e+00
3.219013457695636848e+00
2.783175462803505695e+00
2.221360097698823033e+00
1.964833370108758581e+00
2.216682798361377049e+00
1.952370215306981960e+00
2.222806557955179674e+00
2.531290772153313995e+00
3.111765249554585555e+00
2.819207897311336364e+00
3.285263229110678029e+00
1.770207622052766272e+00
3.120393145913554100e+00
3.413123467778819364e+00
1.988845851482616833e+00
1.359792046645072361e+00
2.033023052196939240e+00
2.248157028831437643e+00
2.400522857881309591e+00
3.343685401490883891e+00
2.378075262346717622e+00
2.363605457897605344e+00
2.921886376880557634e+00
1.880568447061253368e+00
3.016818396131537128e+00
2.391278685837003870e+00
1.977137591010184936e+00
1.998546528829192592e+00
2.048905841405840533e+00
2.137695588020983806e+00
1.976914264679149547e+00
2.337178722532583741e+00
3.006744104858338762e+00
1.926835298983129885e+00
2.724187458950872998e+00
1.919987275702243590e+00
3.169264250393303062e+00
2.841944586949653129e+00
1.414129305946433712e+00
2.760219268498473433e+00
2.288215719498250422e+00
1.930369734817977800e+00
2.659519843330419686e+00
3.147937173446342829e+00
3.286071896391267178e+00
2.034388107869314233e+00
2.155791547732147428e+00
3.352654083090888637e+00
2.799106734120544004e+00
3.096195226002566692e+00
1.703237995408420025e+00
2.318336942685067292e+00
3.957416789663014356e+00
3.472881023924389243e+00
3.386515501226602165e+00
1.752301167747591926e+00
2.011048401119621687e+00
3.489647697437061602e+00
2.507531576531818907e+00
3.214639683639182177e+00
2.362400129587913344e+00
2.700703836104596967e+00
2.851956843937816455e+00
2.535821807649359716e+00
2.089489871310171942e+00
2.642396816783174174e+00
1.826691624466754149e+00
2.529800026510198308e+00
2.488048152748512987e+00
1.892221290531255207e+00
2.796717451403555987e+00
3.396649336450016765e+00
1.866035227011375808e+00
2.282515390143986966e+00
2.720959789497869430e+00
1.769318795219564366e+00
1.820654253508300568e+00
3.527622481653378994e+00
1.307029652935029151e+00
1.990327129674326345e+00
2.640371337966907817e+00
2.663161159749297457e+00
3.417553707166493648e+00
2.103211790202296427e+00
2.516251949527136045e+00
1.741354384517247222e+00
2.324477119663312497e+00
2.206023290032109063e+00
2.628021632750917380e+00
2.167518796693042926e+00
2.277278044532580648e+00
2.317516281213188201e+00
2.411420425388665301e+00
1.987232858509360600e+00
2.470314651811540863e+00
3.088384756450448521e+00
2.856041145718066332e+00
3.128304187914938250e+00
1.924596399104562705e+00
3.185401173854264467e+00
2.582084108321781812e+00
1.860088138885227949e+00
1.478227579639195710e+00
2.645842112904289944e+00
1.030893142715713084e+00
2.356234900589237569e+00
1.947657622577321002e+00
1.668021093193764903e+00
2.907541436246736666e+00
1.815445619422680235e+00
1.607214744413319130e+00
2.912715188725799376e+00
1.974138314033934805e+00
1.980847512947891964e+00
2.734725476515511566e+00
2.406225603757421894e+00
1.946890225438697719e+00
3.511272798970455078e+00
1.590539921300429427e+00
2.167776923235433362e+00
2.281707917669861363e+00
2.796829038293075609e+00
2.281481139401062563e+00
1.923974216468192999e+00
2.863951090984760750e+00
2.271885707376699148e+00
1.985906547636702602e+00
2.235925655880917517e+00
1.876694828418213890e+00
2.055341732066540583e+00
2.330849103298272773e+00
2.036172982829699940e+00
1.103784992110576901e+00
1.989445339592493145e+00
2.143879213019926233e+00
2.275581093895442386e+00
2.652053046184962959e+00
1.987690678736067085e+00
2.183458589621465773e+00
1.692916176520045113e+00
2.800863223759888498e+00
2.087158670236695102e+00
2.360002645335344873e+00
2.621032067375143271e+00
2.652227895195721885e+00
2.647378782108699813e+00
1.717910516344620220e+00
2.275091155416534505e+00
2.974781011736790770e+00
1.975880514085716300e+00
2.739717627686150347e+00
2.300574621280577770e+00
2.672585988959983005e+00
2.267634338358230472e+00
2.032549284215601215e+00
1.920302479983093003e+00
2.972424174978888001e+00
1.920660045047946518e+00
2.867289582611184606e+00
2.809079491388664085e+00
2.621468195197964590e+00
2.645074573744258473e+00
2.970800150275011209e+00
2.000126305861432474e+00
3.003283653943641163e+00
2.104573090103786903e+00
2.179031035628048674e+00
2.051012213737810175e+00
1.930604281088190488e+00
3.361585426443780111e+00
1.389766540671527828e+00
1.892711507534655446e+00
2.305693162504582006e+00
2.772116298575513227e+00
2.377087013669615612e+00
2.394077140607608456e+00
1.879607178790772881e+00
2.055408340957911584e+00
3.013212509762484892e+00
2.422205251429578876e+00
2.306345022203251549e+00
1.974890037076629357e+00
2.611925909573274751e+00
2.157901130837970527e+00
2.268704172184708323e+00
2.302113835633211814e+00
1.882131427986106553e+00
1.835013284392066124e+00
2.087812780711272076e+00
1.401231229516260557e+00
2.244157110628793639e+00
3.111109804656253530e+00
2.733007792945760350e+00
2.498311113491433755e+00
2.085311765570289300e+00
2.862998525513140269e+00
2.952742681646452816e+00
2.335167219064939292e+00
2.026214599005701889e+00
2.415267851535764176e+00
2.622305446007091589e+00
1.954138555688549550e+00
2.428397397992784867e+00
2.232259277999378178e+00
2.218664972895438847e+00
2.255480106303225263e+00
2.699033849579552058e+00
1.995810593818913015e+00
1.733676899858037190e+00
1.971745138149521459e+00
2.941306927774595348e+00
3.275241369489005461e+00
3.193454819134551759e+00
2.349446094705428312e+00
2.008136067235418487e+00
2.967751875971840203e+00
2.417463969896993969e+00
2.283507044665507912e+00
2.956062481170541822e+00
3.008176108180109942e+00
2.547875700484750094e+00
2.087836994322845197e+00
2.685497980149883723e+00
3.019431107539296999e+00
1.783092210833326696e+00
2.619440516514903283e+00
1.679768052502989217e+00
2.182012175921746788e+00
1.951819711728419726e+00
2.169985067415347579e+00
2.632114734637980735e+00
3.051751137648325951e+00
2.389583726710990508e+00
2.291093441298138522e+00
2.414463135174079067e+00
1.968820539775226308e+00
2.636494914476845253e+00
1.745823376131847571e+00
1.926152216563798314e+00
1.722902465577357933e+00
1.990602551072608417e+00
2.463677872414114400e+00
3.339330694590440185e+00
1.515627004010781098e+00
2.383810035020871965e+00
2.090228095387821838e+00
2.093219662406519355e+00
1.739974293043114129e+00
2.187118752233058849e+00
1.690272712777615816e+00
2.253007700087649834e+00
2.972307522930430768e+00
1.919273811565325394e+00
2.401378040284036341e+00
2.273402599758730602e+00
2.738321472261631584e+00
2.048945582355203410e+00
1.977616382775491566e+00
2.518718654620372810e+00
3.108152379290387568e+00
2.814402049831964625e+00
3.162385136895128124e+00
3.042386159933996304e+00
3.087680449611076572e+00
2.694167190360706510e+00
2.800775180283876509e+00
2.971490055864144164e+00
2.509413380879163213e+00
1.824149678218468296e+00
1.993683367152633723e+00
1.413875178335200378e+00
3.341415243911185495e+00
1.979495169307361913e+00
3.087932214052598656e+00
2.504552211920319404e+00
2.188977931524152432e+00
1.887225468379835069e+00
2.415742983224641094e+00
2.984752382147037419e+00
2.093036633180992201e+00
3.311036253651802319e+00
2.073770735389734110e+00
2.792614381174570504e+00
1.721177056651357784e+00
2.964435972178295575e+00
1.958412084491835126e+00
2.238341252893512046e+00
3.177826664582273697e+00
3.183120752179737778e+00
2.955201709222168294e+00
1.836079498907966290e+00
3.285924330252730563e+00
2.147952782645185188e+00
1.837714468863070438e+00
2.221971236763399471e+00
3.189112941675452451e+00
2.005352773321585236e+00
2.202356836101775794e+00
2.763013175560321777e+00
2.078082176737464426e+00
4.510806569430888757e+00
2.451473401239547822e+00
3.391890417831321614e+00
2.647231442783978039e+00
3.896494873857629049e+00
1.254446979143827967e+00
2.325564902067508211e+00
3.139855378076340742e+00
1.981136299125847877e+00
2.667108074238961457e+00
1.938530086182105094e+00
1.803033098923663369e+00
2.324706087538266353e+00
3.479222309533190671e+00
3.684348118843108200e+00
2.026084883454060126e+00
2.948136455047404958e+00
1.711686435279983431e+00
3.589829086530476498e+00
1.723642832771042244e+00
2.953755385410813172e+00
2.707148113918644849e+00
1.954473356346148938e+00
2.810167678008636649e+00
2.505623609927759343e+00
2.207252019171111357e+00
3.642338062896521844e+00
2.439182397274043623e+00
1.982204892362078086e+00
1.874663948053124196e+00
3.053915696442206062e+00
2.171921256481954998e+00
3.352787292952708498e+00
2.803375262268454904e+00
2.655875491150823997e+00
2.250410033628835293e+00
2.360463346765142578e+00
2.232063205972661279e+00
2.965186195514902145e+00
1.945564689662014901e+00
2.001195587347052829e+00
2.483986111891547832e+00
2.793118744539448528e+00
1.866784540203520804e+00
2.296013143665522449e+00
2.662587409253188486e+00
2.732850110892821593e+00
2.521040021727743774e+00
1.882893935214234871e+00
1.880822336316578358e+00
2.958482333619984583e+00
1.843734022399462713e+00
2.279190499460817421e+00
2.626951210017192562e+00
2.618678491809141029e+00
1.585780989282424613e+00
1.891073311376299637e+00
3.176098377194952249e+00
2.795898490777159129e+00
1.710552330321892356e+00
2.998325326704254667e+00
2.547800059856015764e+00
3.685652565839085515e+00
3.352225837833262112e+00
2.067483024102343858e+00
1.887038431511816716e+00
3.152632780311670047e+00
1.867120766099038098e+00
1.838977373710276586e+00
1.512524915233830258e+00
3.018171587683310175e+00
1.853388772296122866e+00
2.945008316520790093e+00
1.935845034665949704e+00
2.498064834214505314e+00
3.112164770427589211e+00
2.496870364634384387e+00
1.965465320935691818e+00
3.135768711847374490e+00
2.196615509623037532e+00
2.657271328375044206e+00
2.286759142514920295e+00
2.227330871605961882e+00
2.501320223412713428e+00
2.517931306677120062e+00
2.961743470791777355e+00
2.965288068605964611e+00
2.791874122661566648e+00
2.957467703568559259e+00
3.685498421514724843e+00
3.679318320713074186e+00
3.459566898212085739e+00
2.526651254344369768e+00
3.007689301952043426e+00
3.012795582894272517e+00
2.721985213168465645e+00
1.943509573912501232e+00
1.969735914495655438e+00
1.434277981073045938e+00
3.007908443345236105e+00
2.708989686685763676e+00
2.061616638532043133e+00
2.853193030581349099e+00
2.081497021165598760e+00
1.664603448945163322e+00
1.979089185785303462e+00
2.040647548341657735e+00
1.393379972689401392e+00
3.627114330893706828e+00
3.135265257358096136e+00
1.882696073090401434e+00
1.941762402603492976e+00
1.884724938632082125e+00
1.271014968916835963e+00
2.820910630806749531e+00
2.509954863894724664e+00
3.111805544537556312e+00
2.635827286141381620e+00
2.691919883731073604e+00
1.849890797316925406e+00
1.057783420139046804e+00
2.046957583126989277e+00
2.295858102962503366e+00
2.173155659519219629e+00
2.520883537524331697e+00
2.859720485718635796e+00
2.698375909762847247e+00
2.640159153169037154e+00
1.822236831500849252e+00
2.651785906709704488e+00
1.203830749843398218e+00
1.300648877483170374e+00
1.984045580959683308e+00
2.345157395180313298e+00
2.616494858761948983e+00
2.366245675416824845e+00
1.621989018330850296e+00
9.669359015049469042e-01
2.090808799779351634e+00
1.962439753834210876e+00
3.304622633860859082e+00
2.179555502728028671e+00
3.240239342637354358e+00
2.662695542505317814e+00
2.536300560895301093e+00
3.050587202803999975e+00
2.918931674139435550e+00
2.445006234536180934e+00
3.576429068488944374e+00
2.335345123214723539e+00
3.365988664711136558e+00
2.398147598109247269e+00
1.956543634042410718e+00
1.755815380823236405e+00
2.518484124577500705e+00
2.798934884029333769e+00
2.270615675956049628e+00
2.314189207493817513e+00
1.984873468709836386e+00
1.828982427481780748e+00
2.718520746648245723e+00
2.494529937283136878e+00
2.678508997609940767e+00
2.402124392361231209e+00
2.515365639411081933e+00
3.191887912032882468e+00
2.086801076282168932e+00
1.933304165954561782e+00
3.258773466519671924e+00
2.579855333193209255e+00
2.272032264761601805e+00
2.661881156268591564e+00
1.766013540331633047e+00
3.069425872122674370e+00
1.849004855563247673e+00
2.447603909506927078e+00
1.652160550010590256e+00
2.209272768072754634e+00
2.633947591219013340e+00
1.927190650471625855e+00
3.106621636558400734e+00
2.051346813744733044e+00
2.639111959574367727e+00
3.067542414368927162e+00
2.519928772449749665e+00
2.868275590809824749e+00
2.868802496913151590e+00
3.122779339162552237e+00
2.623295519798943598e+00
1.430483039628357655e+00
2.108120125305938952e+00
3.352842603994239390e+00
2.776606566745694060e+00
2.498543344464935423e+00
2.905020891713780085e+00
2.983123341812441875e+00
1.344321616227849736e+00
2.049451434696406782e+00
2.312841818886738121e+00
3.021353199284304125e+00
3.289622104951507531e+00
2.143406156257733119e+00
3.345372077092540142e+00
3.095958298944412768e+00
2.306026438276780333e+00
1.812215894978652209e+00
2.957647650063372602e+00
3.100101838462108628e+00
3.672879558735512084e+00
2.657185111807467415e+00
2.388819598942879985e+00
2.985427562876312724e+00
2.186607727089974418e+00
3.139420335197955936e+00
2.982918530429991666e+00
2.783398519120388048e+00
3.481908000100371492e+00
2.871542618532497926e+00
2.135494485095589479e+00
1.800930909918906808e+00
3.143187006169744890e+00
1.957875855374813234e+00
2.274430560999134432e+00
2.122179441565942071e+00
2.852023299510931142e+00
1.996496855845425022e+00
2.831854824604888687e+00
2.801264946310872528e+00
1.963382445997582604e+00
8.466036286006737299e-01
2.381103844302576711e+00
2.320506366664887299e+00
3.249649973690058591e+00
3.319146970282269571e+00
2.668779433195129780e+00
3.126262294066698644e+00
3.218683280384505796e+00
3.241515206014295103e+00
2.102298990324827255e+00
2.072681303190166080e+00
2.330433441473381162e+00
2.405141473837275168e+00
2.779953126905165828e+00
3.348727622847639918e+00
1.827483415132697075e+00
3.237401014878717564e+00
2.399178344759811399e+00
2.912852603367138471e+00
2.499122961255117570e+00
1.155005840365265657e+00
2.976856600399375719e+00
1.962194772154656652e+00
2.976540964514517107e+00
1.823508607731356923e+00
2.796444692895453166e+00
3.486496458307635216e+00
2.107270357871943833e+00
2.129028478870971242e+00
3.658572319991626465e+00
2.190544423415419217e+00
3.395753635069478804e+00
1.873155799395781029e+00
2.858512846425761200e+00
2.003498245465486605e+00
1.373151118173895346e+00
2.278179999023422386e+00
3.607450776100856960e+00
2.415477810006152026e+00
1.905938658349319414e+00
2.186452243801644268e+00
2.636531609490266437e+00
3.138004912418031811e+00
2.980148498115727129e+00
1.997791676981393261e+00
2.779897094150942216e+00
2.502688216323706971e+00
3.428025681680845871e+00
3.388844674243347121e+00
1.933958554378781391e+00
3.834321239897097833e+00
1.993522511583919909e+00
1.875229494457414159e+00
2.009947695296705916e+00
3.145102980716094621e+00
1.635947730903399178e+00
2.402556513759318335e+00
1.559893081630078226e+00
2.642181012863555001e+00
2.014341485295828793e+00
2.052286853457168103e+00
2.083795745818329159e+00
1.455576217659765081e+00
3.535381433247332339e+00
1.215874714125196432e+00
1.309710553327523952e+00
2.658154924370515815e+00
2.513770491278520591e+00
3.225533590512469573e+00
3.105504185647013582e+00
3.052179038000181865e+00
3.148532098496845233e+00
2.949313157945134378e+00
2.800605400886245544e+00
1.190671024596402949e+00
1.871840848890544251e+00
2.800790796203367794e+00
2.665269106286434653e+00
2.125831021669314147e+00
3.246446562833241956e+00
2.855969254158981840e+00
2.090936431411103857e+00
3.440228553773062359e+00
3.065818060210299567e+00
3.024882059071144269e+00
2.365284986020912861e+00
3.002477939814143681e+00
2.545099122127701730e+00
2.192042670234301660e+00
2.983119518488967614e+00
2.255124327085701097e+00
1.889207796121222360e+00
2.293547532859750770e+00
2.361736238795072662e+00
1.363165776956623443e+00
2.658933753704236569e+00
2.078151113854051601e+00
1.965087671232752964e+00
2.006614393829931675e+00
3.417342225584481863e+00
2.190356950540838898e+00
1.411577725090793267e+00
3.355691425731643029e+00
3.190741750942403421e+00
3.349471902733087703e+00
1.939069653387648362e+00
2.249994046791719882e+00
3.155342717271500064e+00
2.277586982680255279e+00
2.953550431855705760e+00
1.905231964702231995e+00
2.019694274430153591e+00
1.826903545655010008e+00
1.950792926371971658e+00
2.178769433524861299e+00
3.155004270354571982e+00
2.811409010939117881e+00
1.392042965245039010e+00
2.039823533136982281e+00
1.553241263625138702e+00
2.580308819950243304e+00
1.954055962032620553e+00
2.953172782197784230e+00
2.599265644025534616e+00
2.498172378415355777e+00
3.568182109838586857e+00
3.145907851495722163e+00
1.979104905148409976e+00
3.017437698056299578e+00
1.469126571017635552e+00
3.321475042030674452e+00
1.711562102964617527e+00
1.915016561564801156e+00
3.341647350971209907e+00
1.891044328182908796e+00
1.529958892674184279e+00
1.854978694716008958e+00
2.000775302125581856e+00
1.985048561953346002e+00
2.304080433375426562e+00
1.890357582074268850e+00
2.143362183257102149e+00
2.043349990968216900e+00
1.886870224386357986e+00
2.671856223269517105e+00
3.139671942768221591e+00
2.346828891130982253e+00
3.418146807252160357e+00
3.107447198956365231e+00
2.962081176172936647e+00
3.564208441946317585e+00
2.591631323969853629e+00
2.742617455017315464e+00
1.519010476285488798e+00
1.958826723585834317e+00
2.188727799868711799e+00
2.190062353924372207e+00
2.000087161839314565e+00
2.180243227869070211e+00
2.235795952798791397e+00
2.130024724001391867e+00
3.106841279209362927e+00
1.911618783596435556e+00
2.653804138062948681e+00
2.626082486473527045e+00
1.705726208716890069e+00
2.547764131896355977e+00
1.942103764154871071e+00
2.276139303060025210e+00
2.167229748974971226e+00
2.584536215191998387e+00
2.421372909122882167e+00
1.932845775213505979e+00
3.044103746212818873e+00
1.892580264716733796e+00
2.944608835059272067e+00
3.089950151521017485e+00
2.431307436338121963e+00
2.685438762773615373e+00
2.336514314557444738e+00
2.982928761539530349e+00
2.537076234589217272e+00
2.761313077268796157e+00
2.423081600525670343e+00
2.981096486465463435e+00
2.512472121472964837e+00
2.819629682236637347e+00
3.695913645657841862e+00
1.892101599663172484e+00
2.782809690386177426e+00
2.739408238817761188e+00
1.479500509552570398e+00
2.203516498075797525e+00
2.020368489807821355e+00
2.532815108214086841e+00
2.299067598350774233e+00
1.305640271145646514e+00
1.617312988435436028e+00
2.171459293245688205e+00
2.443416857661329988e+00
2.511323443287142521e+00
3.011612447657254332e+00
2.110081551102632957e+00
1.897900673318262399e+00
2.193671287067172404e+00
3.083403350584267066e+00
2.810361415595209245e+00
2.652192529045218627e+00
1.407440777407838128e+00
2.282833209476567760e+00
3.149513784794434557e+00
3.359945250756852797e+00
2.178516241256666763e+00
2.599106083868874872e+00
3.154977189547650607e+00
3.078781808261767061e+00
1.514974154136748741e+00
3.031671360307268248e+00
1.956204192101276496e+00
1.878196284541408634e+00
2.650496223252599481e+00
3.468675070414667161e+00
3.337656568055455075e+00
3.182180027233866504e+00
2.869874945392032917e+00
3.202371129546456530e+00
2.143763298360603642e+00
2.830886696215320963e+00
2.682347939417193849e+00
3.198275425874698374e+00
1.793116557636043051e+00
1.899499146773208080e+00
2.503380653583422433e+00
3.308852773351469878e+00
1.817995717845445780e+00
2.514746422172636109e+00
2.165090614557565907e+00
2.526192864453562503e+00
2.919643489598339858e+00
2.521934037855587007e+00
2.407451154749987943e+00
1.860447611096431642e+00
2.518789528670420275e+00
1.877030287284000565e+00
2.896037578406255975e+00
3.044056787607360093e+00
3.252932775823142109e+00
2.292089268528633816e+00
3.175213999255355191e+00
2.335251572657261576e+00
2.001104078722005131e+00
2.137036166379454372e+00
1.826270237164441257e+00
2.179432447358508274e+00
3.090761508536888247e+00
1.855187459515229120e+00
2.445815178095594344e+00
1.420680789157777291e+00
1.811183900553584136e+00
3.397447263671894202e+00
2.577966884972841655e+00
1.953168494934274246e+00
2.558156780482771619e+00
2.006457022839051252e+00
3.620073337590508533e+00
1.655624682152954552e+00
2.966305230781956848e+00
2.243944978519071043e+00
2.968830333532802346e+00
2.766250599214495232e+00
2.300837906505328601e+00
2.832429182039049032e+00
2.780013651280332621e+00
2.215119629239241661e+00
2.566191961345845485e+00
3.113753162926859996e+00
3.272849492801241489e+00
2.475605997866255237e+00
2.369169044915298006e+00
1.931668193899590991e+00
2.170429066984737698e+00
1.364893525012532249e+00
1.836736800404888736e+00
1.634661543085943025e+00
2.407546261583572988e+00
2.742950279960872262e+00
2.406122344591151929e+00
2.330227003016298593e+00
1.957892867521980662e+00
3.230829452643687816e+00
2.093535546033420847e+00
2.513719757873722482e+00
3.074184440705348464e+00
3.535856754137699731e+00
2.766022561244997124e+00
3.332728209193910995e+00
2.285085154724868062e+00
3.780930001426052733e+00
2.593032044408996928e+00
3.483621342275339483e+00
2.425128762101147029e+00
2.525761984978044161e+00
2.166370829377488150e+00
2.812572971644843101e+00
1.769420475125440317e+00
3.647545806174230520e+00
2.900023549393428990e+00
3.116861499034360161e+00
2.093457759986966593e+00
3.180891511463593613e+00
3.144532830989453132e+00
3.106939652362838977e+00
3.421340406933423228e+00
2.526894892727860054e+00
2.482322689952087824e+00
2.195357328663011920e+00
3.095900031903350058e+00
3.151933713709904605e+00
1.569987951066249776e+00
1.997419645955858192e+00
2.049297919713388705e+00
3.125098956689007945e+00
3.394429918470059260e+00
3.361990868355208661e+00
2.780588019219666585e+00
2.034927003138720991e+00
2.338606206450396297e+00
2.046836557205514495e+00
1.895936200590975895e+00
3.156490189395998236e+00
3.737916009878993417e+00
3.191893972351257602e+00
3.143279740538177158e+00
2.077983213348935099e+00
2.152699583604263278e+00
2.398673022976112179e+00
2.967518317336816036e+00
2.667757322289484812e+00
1.242620471360700085e+00
2.136747580005053937e+00
2.003125880340151710e+00
2.876899627127228687e+00
2.800026896064403914e+00
2.469858927335305321e+00
2.731382895379084186e+00
2.009415486111567173e+00
2.367474021920006777e+00
3.152646468452882100e+00
1.997758908311203507e+00
2.154753522512755648e+00
2.768365772596311114e+00
2.773339721977627903e+00
2.985184764000957891e+00
2.807575204439100691e+00
3.308685767838611014e+00
2.509481778817176600e+00
3.681381289383708122e+00
2.638290070931093911e+00
2.747872999313886844e+00
1.433214181845793522e+00
2.656958575537682776e+00
2.689360073034025245e+00
2.669663146976282597e+00
2.204121901777917447e+00
2.058886834083988315e+00
2.073973649268321839e+00
2.570291334828743945e+00
2.458956752675999891e+00
2.793431196338095557e+00
2.950164934035056863e+00
1.270271581066980904e+00
2.677277388874369723e+00
3.390279008712947739e+00
2.498183069705098180e+00
3.136155367903789681e+00
1.996315306798430500e+00
3.358942547011072755e+00
2.963576258994936374e+00
2.670647510818086712e+00
2.360675122845228735e+00
2.526437575638004418e+00
2.386095129799440162e+00
3.276270074804603638e+00
2.958388432678920932e+00
2.718191525208493164e+00
2.082539631190420071e+00
1.937246481130362241e+00
2.579512095313824638e+00
1.133748793028100721e+00
2.048414511944343097e+00
2.921442620222637565e+00
2.391616940044915651e+00
3.570284682879647065e+00
1.474389606570686961e+00
2.168887198597788668e+00
1.794192419630709523e+00
2.126360501187716689e+00
1.966587123248790814e+00
2.286003284253770307e+00
1.816901359233311863e+00
2.535663442522262834e+00
1.971478033580478018e+00
3.226628281644566165e+00
3.297797051019721870e+00
2.725169019073441667e+00
1.948892093162802652e+00
3.158108785978622990e+00
2.835631442275634573e+00
1.724346926609044095e+00
3.343224365580493629e+00
2.732464126039488850e+00
2.520652999219581414e+00
2.966330397080557457e+00
2.327795924985990084e+00
2.405942161244730482e+00
1.833823472931522369e+00
2.025152013902963510e+00
1.931173349428372266e+00
2.385427676653105067e+00
2.812397093687684091e+00
3.148555888640129474e+00
3.426126952832868167e+00
1.893159041794690189e+00
2.594694983048665193e+00
1.170606239922726610e+00
3.345805967427402550e+00
2.537168923028473078e+00
3.144101719125167449e+00
2.027190284797466546e+00
2.663417914429420108e+00
2.960347496203222128e+00
2.787927468447668922e+00
2.471654044614561840e+00
2.925556029294559490e+00
2.318048874778699808e+00
2.651533642718249872e+00
1.557923853439712847e+00
1.587251102321350027e+00
2.342188211922479724e+00
2.575825885094443546e+00
2.386490126146255886e+00
2.225028691532382474e+00
2.790726680404210569e+00
3.897335428714718830e+00
2.853241304689030589e+00
3.303555697849620998e+00
1.774833315377370546e+00
3.183240584777404791e+00
2.359147628621811599e+00
3.327014893194847112e+00
2.757912028710951535e+00
2.644225264454653335e+00
2.628441098866261427e+00
2.396060199745344121e+00
2.811685257445418529e+00
2.979098494670750608e+00
2.064918107234326783e+00
2.164000337418722886e+00
1.757367361672171890e+00
3.028796951713823127e+00
2.188551933373378944e+00
2.506344999320446743e+00
2.029977463654148107e+00
2.031712093451897072e+00
2.792633030703568497e+00
2.810868746777738458e+00
1.805534000839366771e+00
1.734454806820470818e+00
3.447843296520894718e+00
3.125144097731050064e+00
3.480583961247648350e+00
2.131859882647888949e+00
2.986981774201415085e+00
2.526761969612391745e+00
1.826280821680359878e+00
1.690961700668279999e+00
2.820701274802790870e+00
1.851295059157158640e+00
2.142845088127732112e+00
3.367985475658360706e+00
2.323132774244746734e+00
1.978659471827383109e+00
1.269261584342904925e+00
3.108100495790154127e+00
1.615774744623051040e+00
1.923632014157321324e+00
2.831370646649645106e+00
3.499288747151149792e+00
1.550436646634024029e+00
2.535854265655222761e+00
2.607338518591087784e+00
1.924783158483536649e+00
1.436618673123596590e+00
2.776966021379114746e+00
2.663459951701126815e+00
3.138645056830272839e+00
3.605014727962883025e+00
2.229510850079868600e+00
1.801685959001110282e+00
1.933928028955537171e+00
1.919229314049134327e+00
1.111779137070010526e+00
2.968762032359633540e+00
1.217351263091446478e+00
2.654994344652926941e+00
2.876483556170918998e+00
2.749345871924489870e+00
2.293206294499038567e+00
2.800038204629634375e+00
1.963313007976532854e+00
1.570544410860580831e+00
2.814045289429504493e+00
3.064458922935585417e+00
2.652009788813695756e+00
2.090564354263533708e+00
3.005957747323847240e+00
2.448682195485287316e+00
2.171787581665329814e+00
2.382124160017643266e+00
2.185627250457613080e+00
2.929588887247635665e+00
1.345974239401000805e+00
2.670610848293029971e+00
3.005429396918179563e+00
1.285902720950211853e+00
2.277447011566915425e+00
3.171073487668718105e+00
3.022679483477974216e+00
2.194191280370880293e+00
3.141939622746651839e+00
2.609798640806429759e+00
1.640269437744508618e+00
1.347925971330322881e+00
2.639426185505299838e+00
2.920256660001841809e+00
2.288549191492363910e+00
3.351419828430218573e+00
2.343724674443445011e+00
2.979237324308129597e+00
2.960451841005456330e+00
2.005269711516804776e+00
1.978403720962355283e+00
1.960815610882155058e+00
2.057094950603579608e+00
1.375887221056101728e+00
2.519246051301219147e+00
1.850176431250951214e+00
2.202329563913975274e+00
1.953994145780350022e+00
3.368846379475260111e+00
3.897921739706590838e+00
2.741395561471747122e+00
1.980710374397281148e+00
2.365662245051070922e+00
1.907707212452079748e+00
3.339331283569192621e+00
2.135812987155639497e+00
3.275608891724937966e+00
2.245295179031926214e+00
2.742670498771480947e+00
1.510138879139885093e+00
2.933481745963511411e+00
3.371051573542060087e+00
3.118124470019493444e+00
2.789630471250105437e+00
1.966031224303390168e+00
2.815146247231103072e+00
1.493748435626950588e+00
2.257067542309940222e+00
2.533716639918167424e+00
3.159223576471241746e+00
2.015096442982122316e+00
2.286608326631599297e+00
2.207800487259977018e+00
1.840220341466367149e+00
1.775816022662244587e+00
2.623922470161954568e+00
2.162381766125256899e+00
2.311583720085828464e+00
2.610198317682706826e+00
1.814696493881374995e+00
2.713328254529051797e+00
3.075135955528339959e+00
2.816853138581678628e+00
1.869657517218616505e+00
2.914236274273743987e+00
2.992093678531081213e+00
3.155631007242149622e+00
1.504925426488259221e+00
2.490965474503939348e+00
1.887126375691586588e+00
2.420655916233819038e+00
2.649120577118044384e+00
2.864682631261403767e+00
2.505370357724746810e+00
2.859218446686347281e+00
1.963165214480806497e+00
1.917444725032413144e+00
2.527824611836121171e+00
1.889464804167061862e+00
1.954504272591739644e+00
2.528193557238769262e+00
2.525903579867892379e+00
2.956458032186533913e+00
2.952724414740802050e+00
1.845151551754287356e+00
1.363494156771213994e+00
2.170594787422190031e+00
2.016503673188932311e+00
2.047152444103208513e+00
2.168170462318041114e+00
1.847789407693865904e+00
2.990833644017251380e+00
1.537661842082186592e+00
3.228036161351779842e+00
2.575527339563471241e+00
1.622198159002918638e+00
3.121179210729827069e+00
1.816123678733479574e+00
2.941100807377390325e+00
3.065732528966512938e+00
2.611220074502786037e+00
1.914843838513618168e+00
2.622011149068674385e+00
3.151662571574441518e+00
1.393982525357634117e+00
1.884003119132873882e+00
2.524220569007171289e+00
2.388641726317074276e+00
2.785910856319608442e+00
3.546212460768192631e+00
2.415184145447028641e+00
2.188768431007030557e+00
2.053759508855811156e+00
2.766767491040438287e+00
3.529818915338320373e+00
3.156889509282381212e+00
2.600533836529500764e+00
2.726890689024170644e+00
2.002363313708138470e+00
2.425798774486622289e+00
2.292144746797035282e+00
3.621512519392726670e+00
2.081846558114346823e+00
2.048247699668506172e+00
1.992509833414879195e+00
2.056687792212810617e+00
1.471037518016326651e+00
2.313805204792455328e+00
2.218966691406325964e+00
1.650353449202741407e+00
2.095605182815433398e+00
3.247823063439644553e+00
1.099112063804925654e+00
2.924778626155626338e+00
1.947480133075125908e+00
1.859203691586069906e+00
2.512156457438071033e+00
3.129192962933530886e+00
3.516095895885204214e+00
1.965475172314973706e+00
3.479234851627412528e+00
2.527623802127854091e+00
2.791672050330998633e+00
2.977498229815889630e+00
2.196663116233549484e+00
3.649460549141936738e+00
2.691385619346374991e+00
2.956416903844475641e+00
1.468467348287394447e+00
3.562062383793943798e+00
2.226945491326101756e+00
2.936727020979675640e+00
2.647918646702779100e+00
2.120694266360369618e+00
2.417198998858443026e+00
1.474880678714433513e+00
2.821313005333612178e+00
1.964071696758483032e+00
3.345951305847295831e+00
1.948273402884452388e+00
1.911049380158066580e+00
3.271791212689812767e+00
2.943593489376627570e+00
2.262156329575830682e+00
2.362360981696128626e+00
2.274962753124674997e+00
1.821803229134038027e+00
2.292760999335945460e+00
2.024973824765643915e+00
1.968514043833751836e+00
1.962455064854148112e+00
3.101684552130623107e+00
1.374545556710860428e+00
1.814774183403710328e+00
1.846119688860678121e+00
2.796896188898541524e+00
2.815437512024998146e+00
2.783777762479077378e+00
2.604777636478286862e+00
3.276222437668770748e+00
3.617053484190110080e+00
2.347667429025244168e+00
2.296300175164475377e+00
3.150943515810502138e+00
1.509126844085989072e+00
2.805816640401964435e+00
2.287779020306269562e+00
1.861076492022885498e+00
2.418649763145360954e+00
3.300782997420759202e+00
2.390903182601340493e+00
3.018273919960114071e+00
2.269478798002000364e+00
3.096856517127188013e+00
2.224617678638099783e+00
1.444667728259798389e+00
1.342935272161318361e+00
2.454151710836123268e+00
2.393895442382327321e+00
3.165842292466185537e+00
1.980427924912190996e+00
1.848015215028278924e+00
1.520997209397330518e+00
2.956430017216216566e+00
3.111185471393140833e+00
3.134868750565656725e+00
3.007670243745024230e+00
2.139508152583180500e+00
3.193609401034092965e+00
2.384177609460148783e+00
3.110160820698257833e+00
3.544123405612677136e+00
2.961346206814937876e+00
1.507730890433897963e+00
1.764000384522630194e+00
2.795312809224425266e+00
2.386887879427269876e+00
2.077488245499456987e+00
1.965766848853002458e+00
1.323375575062419651e+00
3.111767426864269215e+00
3.232169755503812247e+00
1.350346805483562340e+00
2.808229461994150356e+00
3.152459802814545409e+00
1.823938565550421886e+00
1.946519114672753847e+00
2.983950058437198738e+00
1.964033756444796275e+00
1.521662094028044754e+00
1.855066225283618087e+00
1.977573333419475832e+00
2.527385668530115925e+00
2.104925068818323641e+00
1.956309550381481799e+00
1.996600200908826839e+00
1.960886136839617100e+00
3.932197248203669115e+00
2.343490093181358258e+00
3.997321066752477670e+00
1.724806435643224445e+00
1.802415312944685155e+00
1.610145443827781575e+00
1.976749856660930726e+00
2.396324861669575590e+00
2.428230955410396685e+00
3.687706345848680289e+00
3.142303722330428428e+00
2.465010379467806434e+00
2.383812010220863087e+00
2.017742752647698978e+00
2.475785575088222501e+00
2.611692964729255717e+00
2.519896019147221722e+00
3.226778768925973040e+00
1.386981032701526395e+00
3.204059960586004951e+00
2.820662119150675995e+00
3.016509171549459634e+00
2.636036975887517286e+00
2.667608087896803148e+00
3.328042813335919892e+00
2.836415088294038434e+00
2.353176334925959790e+00
3.155967038590520968e+00
3.533471016671806630e+00
1.711633363356190207e+00
1.589680520613183212e+00
3.296033234165021586e+00
1.882569219531492255e+00
2.804400935204965251e+00
3.145803783214753846e+00
2.442398389308606088e+00
2.431158024133873941e+00
2.490503375831610633e+00
3.142994465640667201e+00
2.372143988371250956e+00
2.177352466142796761e+00
1.881705276004486338e+00
3.136526389236220069e+00
1.214009605664276181e+00
3.295458530310782397e+00
3.334926372340893064e+00
2.663572969874840712e+00
2.553189070671658900e+00
2.873395977511544075e+00
1.089666347830128501e+00
2.793590030484011333e+00
3.546189046084990970e+00
1.897110436518276266e+00
2.393550481844203937e+00
3.542069021641869320e+00
1.999775312868979693e+00
1.886302586014478422e+00
3.612759986107845211e+00
2.557291037302993786e+00
2.945001412268200891e+00
2.783285187045835052e+00
1.315197287187961139e+00
2.407488556977773975e+00
2.474624321254980774e+00
2.658013559099888123e+00
3.594066951747140415e+00
2.587970314776661951e+00
3.327048774265228825e+00
2.862546089215209921e+00
1.519428600976961086e+00
2.230665229251071136e+00
2.974864065530575807e+00
2.954805957459479160e+00
3.117815370831960919e+00
3.365042943677213572e+00
1.975004166416102214e+00
2.880273456508647190e+00
3.028177344742576604e+00
2.293153674685969978e+00
2.413792161055951624e+00
2.818445735421649889e+00
1.707997148345292926e+00
2.318518316469638130e+00
1.479787389723351998e+00
2.055924867090761499e+00
3.344071735813535007e+00
1.541975914064869002e+00
1.627394415284989737e+00
2.537228964634025807e+00
3.326036609715768755e+00
3.178082045117437637e+00
2.960637416635819363e+00
1.725772441685367697e+00
1.215599546398789421e+00
1.837486611009846227e+00
2.961508970984701339e+00
3.152594262873238407e+00
2.193035954818414179e+00
2.444272490973399936e+00
2.250350319233437535e+00
2.604337782551687130e+00
3.163892557829293573e+00
2.964168782006651348e+00
1.860622569231304313e+00
2.789404769687459762e+00
2.880060420025384982e+00
2.813192212773541367e+00
3.735773205668257102e+00
3.289098829382802958e+00
2.006018782071295359e+00
2.523982152550469316e+00
2.985213630282909314e+00
1.956906431483234288e+00
2.526542616647498019e+00
2.916666587677863465e+00
2.220803147390459475e+00
2.485598787527466325e+00
3.119241782133359564e+00
2.212874179800944585e+00
2.458955651775397211e+00
2.414043023458799730e+00
2.233261667540895168e+00
2.397365800862813145e+00
2.342395248741298897e+00
2.504853409509278706e+00
3.335521676484908937e+00
3.165429439936032541e+00
2.090394950675405372e+00
2.005879835815674639e+00
1.279428273139657790e+00
2.252578169457533530e+00
1.774488247791823348e+00
1.111088534757841861e+00
1.262669811657154639e+00
1.893032963670759905e+00
2.525123243074578028e+00
1.422464635575614089e+00
2.242457605637816265e+00
1.687039668271540727e+00
3.317754929361542704e+00
2.592558612338097923e+00
2.429033257994968942e+00
1.992039322030698889e+00
2.493095888076423350e+00
2.063257504046279056e+00
2.514234219590154584e+00
1.651965384944747761e+00
1.569417882551726207e+00
2.903290177157947127e+00
2.793684289034478851e+00
2.246266156808750747e+00
2.615744601484832899e+00
3.595147136590088000e+00
2.225720544924162603e+00
3.065037923723823443e+00
2.868034674740990386e+00
3.150140854302375004e+00
2.450625003924400858e+00
2.090925745218266130e+00
3.141783638904974474e+00
1.884433457507207477e+00
3.063314388715410175e+00
2.177923507866722730e+00
2.178137179961049608e+00
2.086376417332568511e+00
1.799925469292073643e+00
2.519236834762669019e+00
2.250079596345904598e+00
3.533769027264267226e+00
3.350233006304924821e+00
1.745948426021084243e+00
3.120502767652470144e+00
1.812702252803787717e+00
2.632058052681984339e+00
3.285364287628520064e+00
3.335432887552208570e+00
3.212537489783822142e+00
3.337695198551201781e+00
1.995246620679709260e+00
2.968040743989652341e+00
2.708214512226747583e+00
3.771860402151335112e+00
1.772773943025278243e+00
2.551154578303886478e+00
1.963036581866910657e+00
3.266691703968915395e+00
3.359272637744690204e+00
2.910300421493128731e+00
3.435928466613988430e+00
2.938959419466492751e+00
1.717865816000690549e+00
2.972653059806380504e+00
3.154183596221378671e+00
2.573796855795020377e+00
1.631744766875361075e+00
3.133364675912474695e+00
2.513906251496069277e+00
3.165764546565085436e+00
2.305795774603899950e+00
2.203609915042478384e+00
2.740852266648252655e+00
2.399241253948933839e+00
1.500186312047931292e+00
3.252828175867930494e+00
1.731428299313086505e+00
2.519246313563810347e+00
2.733487344399423424e+00
2.839680328301198209e+00
2.747968787098218346e+00
2.959773984106927713e+00
1.011198688951255864e+00
2.110848850178792091e+00
3.291983033790788049e+00
1.822503832418117309e+00
2.637089113528811257e+00
3.291719839146329374e+00
3.116050301782337772e+00
3.709587067517294390e+00
1.882718996989630522e+00
3.750435851935973286e+00
2.920965987131552755e+00
2.553270231208247143e+00
1.809789109711479993e+00
3.236329526034340542e+00
2.524621327063811815e+00
1.158474280872486162e+00
2.499490768991864176e+00
2.817670863458481723e+00
1.960248373395381716e+00
2.775344712199827590e+00
3.147524067267759129e+00
3.007370812081359812e+00
2.184520572885797929e+00
1.882273458090276019e+00
4.067826571896061338e+00
1.956293359992468783e+00
1.899871344773575998e+00
2.768482743349936381e+00
2.530967748409701290e+00
2.751610318848380032e+00
2.069401005071406008e+00
2.493915435378613932e+00
3.268622475016094597e+00
2.546904364190714531e+00
3.392451878720520231e+00
1.933349434689872082e+00
3.139418317607628683e+00
2.547487046155591628e+00
3.152047402589458258e+00
2.476777630622092552e+00
2.440108821918670845e+00
2.656076954970600479e+00
2.624242498723555972e+00
3.220661928573032018e+00
1.742516461614312728e+00
2.499484413251610526e+00
2.499127131478606323e+00
3.161614477376793353e+00
1.776059253985056818e+00
1.471554228527431674e+00
2.224762053129694106e+00
1.831322457863670206e+00
2.401858720811259840e+00
2.000422281191310603e+00
2.633888171686939561e+00
2.284265066030614300e+00
3.200755112353730336e+00
2.000252629670282722e+00
2.221374938982472624e+00
1.948152137337074263e+00
1.969991070527060906e+00
1.801039114045633882e+00
2.297248301048838925e+00
2.402755154627874479e+00
2.745173750261563406e+00
2.195209594687541621e+00
1.976859445002342230e+00
1.995889828409612488e+00
1.868482720908272388e+00
3.399188959619804162e+00
3.253214083572219639e+00
1.576483347862525308e+00
2.153220586621066968e+00
2.343615070856664317e+00
2.984480293730754852e+00
2.305758479116961190e+00
3.565391407621208320e+00
3.403655685643841800e+00
1.752918365623391983e+00
1.716303696892915287e+00
2.436835807020483191e+00
2.204040443384526871e+00
1.929972442478744332e+00
2.677986222086369050e+00
3.348129881536801911e+00
2.199468091846359830e+00
2.280435501905253126e+00
3.617625200171897148e+00
2.813604713800318180e+00
1.684212694390732734e+00
1.809406455477444498e+00
3.921131630521570433e+00
3.025416417846157113e+00
2.976578894193965485e+00
1.991302815734390830e+00
1.602423529827838866e+00
2.270763436515925271e+00
2.309951433762237993e+00
3.068162793479759731e+00
1.097087065500549796e+00
2.411942748299142014e+00
2.270513394972181853e+00
3.164759889469308085e+00
1.970889640107878815e+00
2.628520854878328983e+00
3.147362772939320763e+00
2.957628645085771169e+00
2.132417199530753482e+00
3.858998894091214993e+00
2.611839228942935964e+00
2.256169696060516650e+00
3.767455443927687053e+00
1.959449007622251049e+00
3.111741680350565975e+00
2.792004124641391805e+00
2.166272790648902102e+00
1.972032855725927680e+00
3.353978445654493878e+00
2.264267654706929811e+00
2.513130396863304750e+00
2.772805990148933475e+00
1.466674518251725345e+00
2.492350380667588183e+00
2.897350173390476957e+00
3.517794716974204317e+00
2.295134809734241443e+00
3.017326763432651049e+00
2.291687771140627383e+00
2.962133811210093448e+00
2.614895944996789900e+00
2.861801326620939889e+00
3.351897987687539437e+00
2.202736817403760039e+00
2.263074999973513801e+00
2.397691637461699887e+00
2.523473435770160034e+00
2.655655530228341554e+00
3.469654974334104747e+00
2.634575274953131263e+00
2.250838584027394340e+00
2.630165800651605323e+00
2.350154692931569311e+00
2.098120522422802559e+00
2.466895689002451153e+00
1.472498972309673970e+00
2.522531371175456005e+00
2.533671547971001914e+00
2.922834478510675016e+00
1.792037735065420856e+00
2.503672935356087148e+00
2.198671842041036051e+00
2.613338004084385435e+00
1.209406994866413010e+00
2.175095411464228690e+00
2.693101176176276645e+00
2.217612492067372987e+00
2.308108521625272580e+00
1.373051932951434573e+00
3.127153376559008269e+00
2.809801966001861828e+00
2.624827985095573357e+00
2.406498713028832004e+00
2.777183536789458174e+00
3.662028721656879870e+00
2.866053600720411598e+00
2.406738842765028696e+00
1.269773140374864440e+00
3.238873728683250519e+00
3.176990748090736005e+00
2.943713718749533026e+00
2.382042524864181221e+00
2.933776247142036997e+00
2.516897851497419847e+00
2.556217398275797414e+00
2.618754820353956347e+00
1.684512966678223256e+00
2.810687771636959376e+00
1.978658304126929668e+00
1.814202523519367061e+00
2.806767930328692096e+00
2.155334877109283287e+00
2.344369519649417644e+00
2.753095050848670677e+00
3.374671577909808207e+00
2.808647318021961770e+00
2.871386834924960940e+00
3.167854822208190146e+00
1.841333142707487491e+00
1.884193274059132728e+00
1.875787535551839635e+00
2.908980219495980180e+00
3.541191352374938983e+00
3.811664193974130033e+00
2.522532364457052978e+00
2.299467125108507926e+00
1.956463433138206698e+00
2.501915538240662151e+00
3.371595870892210467e+00
3.140690575744012225e+00
1.418229577338748992e+00
2.755266784330268059e+00
3.294019589791309599e+00
2.044445428670670584e+00
1.749487791325968544e+00
2.630565341018059833e+00
3.348441957992791540e+00
2.467738000575661506e+00
2.904963193866972659e+00
2.763326671437139392e+00
2.232275428745712720e+00
3.025644921910576546e+00
2.143153230219982053e+00
3.432636230933248100e+00
2.810516403098274107e+00
2.958016915779059008e+00
3.343764034821998354e+00
1.553995046070121289e+00
2.152211460526932463e+00
2.295868763826306225e+00
2.490448427523771269e+00
1.821623980074637439e+00
1.735605595267467383e+00
2.398008162900310936e+00
2.484096862936622685e+00
1.900223571692796209e+00
2.657750041933036655e+00
2.955045114072047951e+00
2.882219072553896755e+00
3.150614616218277320e+00
2.603548727911411120e+00
3.353005456197990064e+00
1.883272380156894688e+00
2.290324590226980650e+00
2.872869958662765733e+00
2.485780917967606474e+00
1.985636949406205609e+00
2.655202199601506052e+00
2.773434468998968505e+00
3.017973398735703583e+00
2.374268049255741975e+00
2.334261950925433649e+00
2.444752338514403434e+00
2.300832851329301487e+00
2.475003015971513953e+00
2.414985684560408519e+00
2.991912229983295202e+00
2.636551859468280856e+00
1.638150292765380600e+00
2.900062049718764801e+00
2.242605265783700563e+00
2.290616926879228910e+00
3.130238533609105200e+00
2.397742379249622413e+00
2.498130046061356691e+00
2.200784113533567066e+00
2.496261102346921668e+00
2.379799227005568341e+00
1.522977552766634490e+00
1.818086972332816353e+00
1.450383740068606375e+00
2.400086439171755792e+00
2.530635626180179010e+00
3.187200482098222487e+00
1.929837513471303057e+00
2.593440233347876767e+00
2.273795799071810730e+00
2.041358975146619237e+00
1.928702811103458314e+00
2.211254423723549412e+00
2.240199148132026696e+00
2.659596787646967275e+00
1.725622857995934956e+00
1.955246530847283282e+00
2.939441931560657473e+00
2.542710073586843311e+00
3.079246765557636767e+00
2.928671379134299979e+00
2.413571629209603220e+00
3.346105769178486344e+00
2.700219146631881006e+00
1.968037883547520961e+00
2.826749953871749543e+00
2.223478411425233503e+00
2.301574886867651770e+00
2.775054958908861114e+00
1.025130518306369920e+00
1.580473515968126241e+00
2.410988242956408456e+00
2.927898082736346996e+00
2.648898105043795859e+00
2.002786374638722666e+00
3.243120725518630287e+00
2.234582349608879248e+00
2.361434242532528316e+00
3.247888398882511574e+00
2.280891946773000001e+00
2.937078993526930137e+00
3.121360628674455739e+00
2.614185984532041651e+00
2.189381503452000555e+00
2.354002841101598520e+00
3.472941958681842411e+00
2.969231996331395784e+00
2.322619780704112902e+00
1.597630183476162369e+00
3.023709810068658577e+00
2.772597316800157419e+00
2.674701914735011510e+00
2.818926712415476210e+00
1.820393313712616923e+00
1.927205211370531135e+00
3.282206467312246190e+00
3.299277552326969065e+00
1.950669642462539821e+00
2.171555018973389650e+00
2.218731667500809746e+00
2.413512712732556853e+00
2.863555783451121606e+00
1.849417045866440290e+00
2.203331373529885617e+00
1.410120700405945726e+00
1.279145443132146731e+00
1.467561424264433478e+00
2.225589643148211838e+00
1.958545171949655828e+00
2.865730637486833654e+00
2.166760594172146170e+00
2.862713021775346256e+00
1.968782920942158343e+00
3.006222403661521714e+00
2.599684580857038352e+00
2.039926875787707594e+00
2.214776711274961229e+00
2.415502901234930277e+00
2.321599192333596129e+00
2.803604037345930777e+00
1.840768038809901475e+00
2.648919118632549807e+00
1.498929935799358848e+00
2.050157686928860912e+00
2.174952049003780363e+00
3.057861420601806213e+00
2.956999071990840111e+00
3.233854077940003346e+00
2.755901330028773799e+00
2.864237762265033016e+00
2.110986671513827240e+00
2.276290050553602118e+00
2.404008883497801730e+00
1.874789878776977892e+00
3.222767489591404022e+00
2.752588851399309533e+00
2.718718843824466269e+00
2.189708063638121871e+00
2.264072651134505065e+00
1.579624834682944012e+00
1.477065262387088573e+00
1.997946383416631333e+00
2.378320904752156739e+00
2.614245634892795600e+00
2.061253031350740006e+00
1.922810545490785783e+00
1.587933944065516245e+00
3.184544614527841322e+00
2.402674589089068391e+00
2.570433634221856778e+00
2.137743872982107884e+00
2.598457562156180956e+00
1.877162356665385445e+00
2.054891018130067248e+00
2.381611138195672162e+00
2.300767392268294742e+00
1.956342826511202393e+00
1.820449842523653716e+00
2.845312203616114477e+00
2.573831475676625402e+00
1.990343002789503934e+00
2.923316870857884275e+00
2.314292565937802415e+00
3.047234128494250793e+00
2.098288142964551461e+00
2.996083055839586340e+00
2.611473302338852331e+00
3.062554205983634148e+00
1.968330682074105775e+00
2.097307569038366015e+00
2.558200851536499787e+00
2.015300580696454347e+00
1.452656999712457875e+00
3.107956318628524617e+00
2.755289082354207331e+00
2.268324651694526572e+00
3.138880434607054681e+00
2.320122494246484202e+00
2.270394090147761723e+00
2.293683442902533454e+00
2.768081327464588348e+00
1.967190145653412658e+00
2.858679488305047034e+00
1.966017840356699908e+00
2.321777302767826789e+00
1.993624854771290922e+00
2.259265667285260459e+00
2.446396366396071276e+00
2.401788873529661306e+00
2.656544684335612860e+00
2.004991319734577448e+00
1.864315743700332151e+00
2.103444210870652586e+00
2.660353635860809085e+00
2.489852421737345001e+00
2.638982283796898365e+00
3.180973948809815433e+00
3.071760275847469135e+00
2.791297248278213239e+00
2.325194805192720704e+00
2.311672646242815876e+00
2.964320900388861091e+00
2.289498601196619632e+00
1.996805239669566800e+00
1.447585194657855512e+00
2.068756329951945805e+00
2.173599136099882312e+00
3.072028546480409350e+00
2.818074011282837521e+00
3.396085422948122545e+00
3.537865826089999555e+00
2.736952713970923323e+00
2.259660249706672008e+00
1.922757675069911354e+00
2.190423701794429245e+00
2.188139196624397709e+00
2.584861971060105290e+00
3.345014154623040969e+00
2.762124773917422171e+00
2.763718458019844615e+00
3.139209224268658893e+00
3.120561224921132304e+00
2.264349810635324367e+00
1.728594254397689545e+00
1.939265314053263856e+00
2.542427417137811840e+00
2.488211909228016161e+00
1.935610964442287862e+00
3.292753346953481319e+00
2.439107505606536552e+00
3.102302823710412216e+00
1.749882328752961014e+00
2.078837054440477061e+00
1.289774556430496988e+00
1.959608722957778326e+00
2.784806676978316631e+00
1.494995774161178570e+00
2.544864519680317905e+00
2.406357240968423294e+00
1.766210221126319979e+00
1.973340327055825183e+00
1.436920563598537592e+00
2.599688939422474920e+00
1.935616741596736468e+00
1.864395094353613835e+00
3.059080346843265907e+00
3.138476926202660167e+00
2.027609299682889166e+00
1.866383401101203487e+00
2.224273630885928110e+00
2.268042819830601964e+00
1.828427257975208775e+00
3.007369211088355865e+00
3.115884777485653512e+00
2.560929478883108068e+00
3.054937768566180267e+00
3.411260818755730728e+00
1.404496116006710871e+00
2.630711616464882496e+00
2.625005771717524805e+00
2.995871757828842963e+00
2.370729002674547559e+00
3.041225596256085684e+00
2.804854971590621027e+00
3.098565876256222040e+00
3.208215980599020689e+00
2.157578432243202116e+00
2.458827755435810225e+00
1.726167334396598196e+00
1.770790308527700807e+00
2.784517308194630392e+00
2.077595126119815117e+00
2.969351426484726275e+00
2.514134952070932627e+00
1.981794309084358163e+00
2.680858675033373828e+00
2.089252099599606893e+00
2.919081093324424003e+00
2.095796436744413516e+00
3.543782249548267593e+00
2.961640054268967148e+00
3.157665238390602536e+00
2.495717509295826364e+00
2.807214909684315973e+00
2.898484195166014299e+00
3.728536059494933053e+00
2.205576198616811201e+00
1.845995984414902535e+00
2.411708645420715946e+00
1.839273619856662378e+00
1.367580682495175504e+00
2.816444255562519317e+00
3.543272325453068916e+00
3.572203805125275355e+00
2.471286127776611163e+00
1.830387806666715189e+00
2.968694801165653097e+00
1.374541960277515074e+00
1.951873353974210579e+00
3.510916599849022823e+00
2.315934148468670184e+00
1.958230798936097417e+00
1.934082045764329516e+00
2.347072274334079722e+00
1.989955776581125102e+00
1.897712352761850907e+00
2.808895139647841876e+00
2.482262811512825351e+00
1.982141095787388396e+00
2.310726942328142464e+00
2.126968343711636233e+00
2.019596667745109819e+00
2.183285794778649702e+00
2.055498786162698988e+00
2.638243607549677350e+00
2.952130195499981458e+00
2.531996430016234978e+00
1.827049530202439431e+00
2.180680341198278249e+00
2.791756678293210392e+00
2.504422428992804761e+00
2.170924120416575676e+00
1.994396746937241005e+00
1.971882454545729191e+00
2.796512683187917681e+00
1.797890471094870213e+00
2.935445188335959799e+00
1.413966578835813781e+00
2.333930156111025056e+00
1.994479264097654747e+00
2.730280555381517704e+00
2.411158019046085066e+00
3.120029194236038528e+00
2.511095381380965552e+00
1.835806957893196811e+00
2.169886243396745851e+00
2.194147103936370691e+00
1.301137553653563650e+00
2.273251301285182713e+00
1.984313672719747235e+00
1.408352502385033844e+00
2.815363976943480395e+00
2.127826540445292292e+00
2.273729766059002344e+00
1.843089355731762469e+00
2.794074765562090334e+00
2.346546616962976728e+00
1.806278702702720951e+00
2.318481138293054133e+00
1.895779794961555353e+00
2.386638320152601800e+00
2.449855861357103315e+00
1.906097096757975340e+00
2.507231873354543339e+00
1.954712151160168387e+00
1.354461782428534322e+00
1.958215554607953823e+00
2.209266952591708577e+00
3.100147826118665684e+00
2.526078935638016887e+00
1.783509338951212220e+00
1.910063444668631760e+00
2.760875997771258916e+00
2.921605806808320605e+00
2.855151190864221533e+00
2.644965143147817166e+00
2.522499554325550619e+00
2.938984089772774588e+00
2.516307741898905714e+00
3.157992115202886474e+00
2.278299896247494072e+00
2.651578026922341458e+00
2.703838090837372476e+00
2.528556199753746903e+00
2.027733894427750094e+00
1.745935900909503236e+00
3.045036146186307580e+00
2.284705297042006311e+00
2.518623675918832294e+00
2.734802715832618247e+00
1.986010949637555090e+00
1.955222608220246405e+00
2.125154226808749325e+00
1.059207634194707870e+00
2.950341386097320218e+00
2.517928240494275549e+00
2.452224660805897294e+00
2.253642922862167719e+00
3.479149791318319362e+00
3.308580551645156742e+00
3.678706616798185891e+00
2.098130268830159295e+00
3.524398489696562553e+00
1.848158142120103209e+00
3.609537509682275047e+00
1.947351167528240667e+00
1.541971981162406191e+00
1.531846898626149311e+00
2.081726559685946221e+00
2.535541888383434195e+00
1.881824537823370669e+00
3.930868389601062773e+00
2.539774382544600861e+00
2.038234494968079513e+00
3.803461710046618371e+00
2.092714878902938391e+00
1.875430022096537641e+00
2.100156563578634117e+00
2.177437722520148444e+00
2.184647293012381475e+00
2.519025644037873324e+00
2.853395568863568599e+00
3.364381936452648603e+00
3.135340692151465269e+00
2.958124256973919675e+00
1.799123732115509577e+00
2.454891605908879892e+00
3.117557241002434143e+00
2.749155078766256199e+00
2.091945723403343393e+00
3.144626871404296420e+00
1.849506890337325071e+00
2.039165289186831043e+00
2.438786053414637944e+00
1.844399308055881370e+00
1.543858018840847057e+00
3.154590120287032562e+00
2.455789103750873004e+00
1.539096579124203279e+00
3.201108803221613286e+00
3.467861335771518672e+00
2.976666907180359978e+00
2.637384854420054658e+00
2.623010527613364840e+00
2.026454947070100765e+00
1.499937717492708211e+00
2.688176859313871514e+00
2.115400978998819070e+00
1.256982281117450695e+00
1.592144875907889556e+00
2.102691183382320528e+00
3.100947462104377994e+00
1.794671028455844253e+00
2.959759230102859906e+00
2.023553481831936729e+00
1.958450265809338564e+00
2.002041191331077830e+00
3.111863652433627614e+00
2.848128076713264178e+00
2.084363398800752165e+00
1.856800027546802179e+00
2.623879004252017921e+00
1.852118547341829125e+00
2.521572676605462693e+00
2.410980138782667925e+00
2.554712372922090857e+00
1.420843135740367025e+00
2.321904280228717088e+00
2.750551866337511253e+00
1.522982922125917238e+00
2.267299610526670950e+00
3.085766115779683183e+00
3.156968525240310797e+00
3.127165075125937665e+00
1.651540481128778382e+00
2.648101151082023819e+00
3.276764633172866148e+00
2.256162355763270178e+00
1.844940039475678528e+00
2.026763381051709612e+00
3.806968954073135514e+00
2.180028397169949894e+00
2.235756855152727596e+00
1.948551836389191827e+00
2.563301233046872074e+00
2.422740600910627595e+00
2.370917122222822471e+00
1.577046225743277352e+00
2.155465739066241504e+00
2.793384938148414154e+00
3.837081275492549182e+00
3.137294925076984153e+00
2.677178386680961975e+00
1.295975438174452599e+00
2.507172678996883342e+00
2.191196733590667467e+00
2.518278032854715853e+00
2.135423453904446323e+00
3.078591050220358838e+00
2.666126388949136228e+00
2.788040431602771818e+00
2.230360958336196298e+00
2.088943935369772298e+00
3.151680300863695550e+00
2.664240927962333139e+00
3.350760265966518769e+00
2.189109083098422115e+00
2.517640565439150269e+00
2.505101465833218910e+00
2.112941844140769909e+00
2.463162942055594939e+00
3.464342111214919750e+00
2.005277357282639894e+00
1.813209033596449249e+00
2.741243481459189280e+00
2.271717869325740491e+00
2.666135068529332131e+00
2.914603007349843011e+00
2.818632555941320117e+00
2.181804804238276052e+00
2.516817243319862563e+00
2.503868572985531227e+00
2.708166466910610470e+00
2.790554399055178436e+00
1.814460186806645225e+00
2.353940105014311168e+00
2.415817702305858461e+00
1.785520337377070943e+00
2.808840210651899483e+00
1.933218695040912039e+00
1.765335952986378576e+00
2.775342562377576261e+00
2.274244512180609412e+00
1.353439995179932520e+00
1.883873296040652123e+00
2.562392192822612991e+00
3.553858551210939520e+00
1.426237902576849681e+00
2.174527405224492949e+00
2.906490140832706626e+00
2.213080303963217421e+00
1.813547593583302087e+00
3.010889134687551927e+00
1.954209307424382036e+00
2.525151326216523273e+00
2.570248041591383537e+00
2.134902550737919569e+00
3.538099849897538896e+00
2.923759506482795256e+00
2.003877370242577616e+00
2.295226511212359100e+00
2.178054748338416502e+00
2.178718499182463741e+00
2.584368231169723806e+00
1.648630040879951242e+00
1.794100348704590342e+00
2.718652932580776227e+00
2.537603623702820776e+00
2.923692636100751141e+00
1.903944524097709534e+00
2.973117809598236239e+00
1.788042825118062451e+00
2.636765419732737481e+00
2.505453730280939428e+00
1.903082652567320565e+00
3.560209951231169789e+00
2.187052209550210513e+00
1.785275034557672225e+00
2.786828781114393028e+00
2.502843861675613901e+00
2.425890882704886842e+00
1.427822045612251900e+00
2.345167480128655502e+00
1.798669137243000815e+00
2.680224777182792284e+00
2.997894864422852912e+00
3.130128124439657267e+00
3.514175159522601621e+00
2.491415515270837489e+00
3.146280590625940121e+00
3.834675675297969821e+00
3.304495782505292745e+00
2.851096844444200862e+00
1.364963517796488057e+00
2.863009425860513435e+00
1.455673593817522926e+00
2.245397781881105725e+00
2.913195115337286811e+00
2.448275743208401689e+00
1.801168727662089131e+00
2.047322732076493068e+00
2.662289765494223470e+00
3.285665304367443529e+00
2.451300156757195481e+00
2.896242767193152989e+00
2.481007457979828246e+00
2.212332895882516581e+00
1.794453411793229369e+00
1.729909929061361318e+00
2.149640152308101015e+00
3.013651657215049351e+00
2.012896069418223188e+00
1.172627976400462790e+00
3.107391510314518435e+00
2.293874751961964442e+00
2.293865172274200948e+00
2.559734296018273181e+00
3.093499918701290152e+00
2.289290908079516296e+00
3.080810099876692298e+00
2.995718116579885848e+00
2.889053999783200766e+00
2.641349285652031753e+00
2.075120822616355998e+00
3.007161734784598472e+00
2.074700170528807508e+00
3.161298654267808317e+00
2.244433495295258929e+00
2.500499074219280526e+00
2.232076497712426555e+00
2.180051117212704170e+00
1.347764286979317605e+00
2.166782453461180147e+00
2.476577092020777027e+00
2.087012876982327736e+00
2.561491242925840517e+00
1.620631033326986437e+00
2.234929535891867936e+00
1.966006129897087673e+00
2.324398197094213359e+00
1.981185254745113644e+00
1.786848814658408724e+00
1.952282901731288822e+00
3.056684090290319844e+00
2.160342521762069090e+00
2.820723586505231140e+00
2.929774784829230594e+00
2.041571472332146087e+00
2.400003170002894759e+00
2.159916932252030186e+00
2.332150891717324814e+00
3.276051886548762671e+00
1.816423572456149049e+00
2.132822863013275949e+00
2.181003999903878388e+00
2.390017430030455525e+00
2.495967913843600172e+00
1.735426050080963289e+00
2.674582848003438595e+00
2.220317950501206283e+00
1.979087628612258287e+00
2.173794304589022008e+00
1.976377295033823422e+00
1.867065863215092936e+00
2.213906691238102464e+00
2.376756752087624047e+00
3.155951999357635263e+00
2.310339495044245517e+00
2.619922795452096942e+00
2.802718782311587553e+00
3.075779060453268432e+00
2.796646490153330777e+00
2.136880408244303364e+00
2.178000273660078534e+00
1.897729445982807128e+00
1.546135003791369922e+00
1.852048424553267347e+00
2.749849385477767250e+00
2.038607325723750918e+00
2.309536724943218378e+00
1.966834810334174399e+00
1.510330845536396183e+00
2.656012591853361027e+00
2.995291989082390138e+00
1.754312578684656732e+00
3.287805856739762334e+00
2.215474908493236583e+00
2.806631650855261562e+00
2.184440746909003916e+00
2.671771190019737396e+00
1.494678043084983088e+00
2.042444810561427904e+00
1.915401339939916348e+00
1.993370062619672867e+00
3.614092976049333661e+00
1.958492213628696188e+00
2.335450878115439721e+00
2.542588011281565752e+00
2.333807063296914119e+00
2.054213819380815931e+00
2.458862093784810021e+00
2.689343080306552558e+00
2.952620055485775108e+00
3.013683851664755053e+00
2.128140941933803099e+00
2.945619392933919389e+00
2.041686174265829212e+00
3.772029281968396042e+00
2.519834225074635281e+00
2.572712456177876028e+00
3.464204127641873132e+00
1.860039346216159961e+00
1.926835627105245141e+00
3.522582362821561119e+00
3.340312543698285896e+00
3.773842164392437581e+00
2.524820708605488573e+00
2.378948099534035521e+00
1.683436873075606410e+00
3.554263040992804434e+00
2.663752334701015467e+00
3.275435097709286314e+00
2.738396595655021137e+00
3.742095707478457101e+00
3.091898152972813563e+00
2.299181137765746730e+00
2.498633385032470677e+00
1.979524579245150795e+00
2.517627226788941019e+00
3.287481222366292588e+00
1.970157047079801327e+00
1.709137390027728243e+00
1.591908271132351338e+00
2.765652436812375381e+00
2.761897997651424852e+00
2.813924227032884584e+00
1.688290637619475509e+00
2.982388688362350937e+00
2.768367676334634542e+00
1.295959770150270751e+00
2.169491412513002704e+00
1.870514758061073923e+00
2.244688334042418631e+00
1.970700189274558367e+00
2.793371400218694678e+00
1.941977026030886844e+00
3.602389269668304195e+00
1.923501961034383756e+00
1.840718588526554456e+00
2.851324962243939609e+00
3.452212055590584416e+00
2.333213933568061282e+00
2.549984347182717492e+00
2.514727396872518117e+00
1.951247268094872478e+00
2.240529275732152215e+00
3.147533615089769921e+00
2.210403903133471459e+00
1.843219750293420445e+00
2.419773536888889520e+00
1.975343508426299133e+00
2.979850731332448266e+00
2.278279360179849888e+00
2.893662713109542928e+00
2.461177646094755644e+00
2.399449577260644340e+00
2.284783447494688868e+00
2.686028328292968226e+00
3.220972118195834621e+00
1.818916820491593755e+00
2.469185469283652345e+00
1.839194438807779886e+00
2.027542651077158808e+00
2.464684761559397419e+00
3.426113583602159007e+00
3.105706394458923825e+00
3.190110506418318614e+00
2.070746405159621162e+00
3.329340273601470113e+00
2.966307525386090660e+00
2.302353101474310382e+00
2.927313238415595542e+00
2.229079909223481426e+00
3.059596736239171388e+00
2.369835681356676993e+00
2.206401674462903362e+00
2.957485726694237815e+00
2.620134167055484298e+00
1.653732783483901514e+00
4.089848039988163819e+00
1.544506457390589338e+00
1.812750865704347403e+00
3.136007412237004743e+00
2.986605745150873847e+00
2.194682757347439672e+00
3.118783389549275142e+00
3.178622903318620629e+00
3.122905148633632777e+00
3.663102093489339683e+00
1.566862879942725328e+00
2.227527400330329144e+00
2.649438166318341281e+00
2.048128646382814555e+00
3.016955607115912485e+00
3.344816847038821539e+00
2.649076923789071003e+00
1.758627117110606708e+00
3.129243073715942014e+00
2.596057235358085524e+00
2.228288715762058558e+00
3.052685851349992152e+00
1.613950013774940073e+00
2.990142012091731250e+00
1.302555159649886996e+00
1.702379639092389985e+00
2.171397356150514657e+00
2.763615216575509681e+00
2.151506222832676229e+00
2.211216944484517111e+00
2.262232314938241728e+00
3.319194453044593374e+00
2.397341520927167124e+00
2.647750561590101803e+00
2.278185686785544561e+00
2.924812279289166206e+00
2.097883754591199246e+00
2.103317685527348768e+00
1.771062063755071581e+00
1.877587751439516728e+00
2.741174182205467158e+00
1.935158764073384052e+00
2.768093181553328286e+00
3.615655270743131755e+00
2.137032255585023410e+00
2.762988097721196024e+00
3.620413913461860922e+00
1.904084456769044920e+00
1.566420343077169264e+00
1.646478190283256593e+00
2.486755259109270533e+00
2.000109165125886435e+00
3.504275717248568345e+00
3.495155977379327705e+00
1.902226718962675811e+00
2.183583315560521765e+00
2.891533379984069008e+00
3.344633829684617421e+00
1.960724680726911195e+00
2.638552681907481823e+00
2.771269646608272907e+00
3.127323300243641135e+00
1.790616632949215914e+00
3.548472556962110058e+00
2.146610539359556924e+00
1.989734445818730935e+00
2.280592655741247921e+00
3.115996740794648723e+00
2.347711971064199155e+00
3.361549858284219372e+00
3.137036176926333297e+00
2.659184070199100081e+00
2.904125483884790526e+00
2.909911879679770941e+00
2.295684166243502133e+00
3.267050857482564297e+00
2.809330339161171253e+00
2.787969914451165820e+00
2.963841882512765480e+00
2.532439857944285500e+00
3.140072650449949876e+00
1.928658630339818769e+00
1.964290189336337811e+00
2.633442875846315978e+00
1.534204002453904536e+00
1.738948428238870747e+00
1.970511508234672027e+00
1.873730507123087419e+00
2.370938501805712306e+00
2.398942533849208747e+00
2.406150011466158034e+00
3.465763401544778244e+00
1.795501968495801348e+00
3.222628484464721055e+00
2.298204882431805984e+00
2.803209246861003923e+00
1.839872658523237003e+00
2.953502001163831103e+00
2.294855498754401868e+00
2.801507881155569368e+00
3.117034604100350936e+00
1.806532231760101581e+00
2.418869136622498583e+00
2.371339190168713973e+00
3.305557500637481105e+00
2.625849498577817354e+00
2.086381189933561142e+00
2.134606156920014097e+00
2.207779492943302113e+00
2.167993308496256599e+00
2.127186533555928349e+00
9.908461934334020782e-01
3.321451380723343227e+00
2.285125311476680743e+00
1.596050183561591451e+00
1.983291489546103126e+00
2.943774968620089805e+00
2.829728125839997777e+00
1.931014599934567366e+00
3.598471543834551145e+00
1.905415250001394334e+00
3.015170641257959971e+00
3.154034576037801241e+00
1.975029008520347684e+00
2.005122269588815342e+00
2.802164455515469221e+00
1.881164000093738187e+00
2.398767231445174453e+00
1.274748869315718292e+00
2.575893179454571857e+00
1.623057815253164948e+00
2.652139937509988332e+00
3.108177564389833947e+00
2.418305906155269192e+00
2.786293870059253219e+00
2.911663761422984109e+00
2.482757856461627721e+00
2.302169641548326151e+00
2.535331861178134805e+00
1.803910550919142208e+00
3.391054795808083000e+00
2.535043339677224505e+00
2.966723575450605832e+00
1.907432994832974238e+00
1.997734882300628234e+00
2.815893466461746542e+00
2.478515071412673798e+00
2.210692415774078157e+00
2.107031153548680535e+00
2.967475708391183353e+00
2.418495909986917436e+00
2.974806668913295482e+00
2.204028278110179428e+00
2.039230218137799699e+00
3.920738388304219058e+00
1.963634165536472853e+00
1.839334336168668704e+00
2.658524428961620778e+00
2.170533959894616061e+00
2.559112994203344371e+00
3.354425538477862290e+00
1.649991614592673628e+00
3.125551765738502130e+00
1.822315388087343280e+00
3.170437966063408997e+00
2.805418817767831641e+00
3.234863881262957097e+00
2.424787548484375055e+00
1.905012087887416161e+00
2.947215570255485861e+00
2.337622751743215765e+00
2.742635983195246929e+00
2.856789081521599272e+00
3.136382440404321681e+00
2.956230036446327869e+00
1.820955168876871033e+00
2.921657731831718063e+00
1.868741506058644086e+00
1.571662646487510306e+00
3.129287355294448680e+00
3.631173745904779260e+00
1.977978570460921848e+00
3.387028647284131999e+00
2.586676580669359904e+00
3.089274259298955272e+00
3.140797018211055835e+00
2.360800321364468157e+00
2.305519729525323136e+00
2.152249341263273497e+00
1.897802059817617293e+00
2.310136716791628686e+00
3.163029775913013708e+00
1.681693417384828582e+00
2.470913805022276755e+00
2.940268189579072988e+00
2.011917118986106257e+00
2.806407995512101294e+00
2.485749909929700685e+00
2.711569363474403804e+00
2.119888583648937175e+00
2.315433277317688887e+00
2.795975424162872702e+00
2.746658211599486865e+00
2.979475939858733380e+00
2.511966961993652436e+00
1.342429988697422250e+00
2.130385045680127210e+00
2.570027158893077868e+00
3.074457374397861376e+00
3.104436768739477603e+00
2.378729513991642452e+00
2.523938537171511065e+00
3.122690368583533438e+00
1.838207324210794580e+00
1.836267497260505976e+00
9.993567798797958757e-01
1.303188367851640495e+00
2.003516825098775378e+00
1.972808440138227537e+00
3.011575576916944108e+00
2.298547102914589857e+00
2.976214568232915969e+00
3.229801868582476754e+00
1.870608998390661748e+00
2.219708160678960152e+00
2.255994901916516859e+00
2.350349269967596300e+00
2.385077982050264556e+00
2.173528561307862983e+00
1.679510095754761290e+00
1.926794948869592572e+00
2.226173001327982792e+00
2.308922349042807465e+00
2.781894478647395808e+00
1.692380786925175462e+00
3.164982075264563655e+00
2.388144419478912095e+00
2.302096644787857027e+00
2.374528916177822246e+00
1.744127709311088736e+00
2.522550578206167682e+00
2.119649972071622646e+00
1.746644791480003844e+00
2.182026597193665207e+00
2.265969341697774642e+00
2.123034359613716671e+00
1.974352659036169300e+00
3.218503981488243681e+00
2.276361532432856105e+00
2.096016843139607566e+00
3.465914538707843384e+00
2.189194050632977451e+00
3.329090057566342242e+00
2.872650064617164656e+00
2.288638027471211700e+00
1.968977162437590245e+00
2.803448852452290918e+00
2.765260721679645872e+00
2.731263351122434457e+00
1.485921494832260326e+00
4.007077597153237747e+00
3.080092659593737014e+00
2.804413578357497272e+00
2.390352841354671298e+00
2.283213597876508683e+00
1.933075764363137550e+00
3.075826668624453752e+00
2.114419612551183381e+00
2.118392096335985908e+00
2.534298881293320260e+00
1.805119068092069456e+00
2.123159918662484991e+00
3.136133479773059562e+00
3.116689028931517225e+00
3.123835227293012995e+00
3.122613001985178993e+00
2.370885933718323013e+00
2.183286922241688188e+00
2.963309391158427619e+00
2.960154358368590533e+00
2.687615480467314022e+00
2.548556822931925758e+00
3.442045673782104576e+00
1.951179506041881506e+00
2.240337422524307343e+00
2.104762222654296355e+00
2.085100869752902319e+00
2.478513090326230017e+00
2.670129047963015090e+00
3.760276195381628828e+00
2.796743317493985526e+00
2.021231154331128543e+00
2.541074313523951300e+00
3.549044917336170890e+00
2.183031757301281850e+00
2.507122844281397533e+00
2.270864751770237167e+00
4.155010051684267403e+00
2.864498383064167708e+00
1.955205256169873840e+00
2.807483906957860320e+00
2.379931091512421215e+00
2.335485425552704886e+00
2.974869490962835705e+00
1.843128249829353971e+00
3.092962882561415050e+00
2.967407279056684111e+00
2.677420370418218010e+00
2.809154014363521856e+00
2.350040117126893424e+00
3.379657015806264209e+00
1.713088602380540060e+00
2.019725542000943896e+00
2.521927362289859698e+00
3.148627534826131669e+00
1.799705196626457671e+00
2.763444557612454222e+00
1.969678701263021248e+00
1.571846020708092206e+00
2.301741192461128627e+00
1.921150804484100139e+00
2.786802802265674561e+00
2.551748842557080899e+00
1.988072812327869476e+00
2.391174811485739848e+00
1.856761015850457941e+00
2.297830690299919265e+00
2.568332003235644923e+00
3.137179468153957096e+00
2.083828013739458918e+00
2.447872513457305832e+00
2.792147524955630900e+00
2.460575285031509019e+00
2.461981492607129063e+00
1.974742511745831264e+00
2.790446638593035100e+00
2.522228168886643918e+00
3.121439430551984806e+00
1.528892110650097891e+00
1.882027761119646092e+00
1.690206911615779628e+00
2.109582826931148958e+00
2.156649925192841266e+00
2.284057566838975539e+00
2.965459957834482463e+00
2.939630625138339504e+00
2.602751291393516464e+00
2.661981255393135903e+00
3.591593144645328639e+00
1.212116115077959133e+00
2.412464617952665424e+00
3.134772914119265952e+00
1.972220773399943505e+00
1.799382618562055614e+00
1.905203185828481027e+00
3.514609056990105174e+00
2.171768867908108192e+00
2.638955383171881053e+00
2.623776368480398968e+00
2.622486880739642423e+00
2.765679918087517120e+00
2.409487408667448705e+00
3.342839116883082440e+00
1.929695641400337003e+00
2.546561423590530282e+00
1.875143752405878717e+00
2.804775229953185622e+00
1.393105333646230237e+00
2.859734364509353366e+00
1.976284315101663580e+00
1.728862376424523228e+00
1.924306682496104592e+00
2.241099121419905860e+00
1.341349686273655362e+00
2.915739651394791743e+00
2.936377452815537303e+00
2.496427892789267133e+00
2.911701464630910507e+00
2.935063941279340671e+00
1.961312743812103632e+00
2.653540605198294600e+00
3.067780247085202916e+00
1.769324642725483177e+00
2.229575468407365424e+00
2.999294076915124396e+00
1.853475322062126729e+00
3.652425978091087266e+00
3.797155350489359815e+00
3.085189432751433092e+00
3.314793586939861481e+00
1.926123123998700226e+00
2.825647010023681016e+00
1.420790542715249405e+00
3.199661069768135135e+00
2.407051139727184541e+00
2.811503679878726292e+00
2.021076208983871414e+00
1.549074921968104590e+00
2.462044920003413573e+00
2.612114190236633160e+00
2.494806601895291021e+00
2.352975866813439509e+00
3.136372548450689468e+00
2.780053472545591653e+00
3.251209170398531523e+00
2.452183578518443596e+00
3.802171478662154769e+00
3.858942830536327140e+00
1.956894439897185256e+00
2.776855130380546655e+00
2.304697689854002363e+00
2.910286579945207119e+00
2.276449369171286818e+00
1.058276303228683268e+00
2.092204764714436838e+00
1.787904719272721543e+00
2.403867682426644947e+00
2.522762329991419694e+00
2.794449650479200464e+00
3.208411456115328519e+00
3.096462505073787952e+00
2.783055365441694295e+00
2.341393545948193822e+00
2.365974827968027938e+00
2.837087503283164835e+00
2.185736395163353496e+00
2.447926573601696631e+00
1.717575202843187876e+00
3.297661376934482469e+00
3.707876758304882170e+00
2.756451121240085289e+00
2.056125235719918898e+00
2.968341960403386715e+00
3.608056223275465602e+00
3.406871574589262597e+00
2.825828021310313520e+00
3.380139173000725972e+00
2.776587990181756282e+00
2.818043322246294391e+00
2.954220918305969334e+00
2.241926737629373001e+00
2.874390545604696978e+00
2.985149735406311233e+00
2.780669882956077643e+00
2.468919717328510011e+00
2.963052586635135377e+00
2.517091335724202850e+00
2.699070753771525943e+00
1.882165550737208592e+00
3.320399837413020805e+00
3.475729838089673507e+00
2.603496208444972648e+00
2.981879968881702148e+00
1.415253253627001717e+00
2.797610657807668488e+00
2.158438108628152552e+00
3.147306463135970844e+00
1.956958942824967851e+00
2.821445691082445695e+00
1.921948056822810891e+00
3.417910978882142015e+00
2.151800666899724046e+00
2.220993481819151238e+00
3.609354421263959445e+00
2.045007519478414526e+00
2.246387645329738891e+00
2.451536950209685095e+00
3.128751053652019110e+00
2.947668936042263432e+00
2.111426926884329980e+00
1.791029949694957324e+00
2.658458083817398787e+00
3.361923140718364067e+00
2.187213749644764338e+00
2.221392727417720980e+00
1.060495074935641213e+00
2.315752865785222436e+00
2.246531427892539678e+00
2.361948735252439757e+00
2.155367755457560541e+00
3.515574891636436217e+00
1.851559665698121249e+00
2.500527289825320576e+00
2.035927023110351008e+00
3.168184421563827513e+00
1.539754042557849756e+00
2.338837534283022102e+00
3.318048216833739072e+00
2.819419922754941243e+00
2.780744623376115943e+00
2.498277771664690672e+00
3.026285930581719352e+00
1.975568141603247119e+00
2.528456552667141644e+00
1.898872368820103906e+00
3.069576652233115155e+00
2.451358605345699715e+00
2.798990245246403497e+00
1.983212385712920689e+00
2.061078540391499292e+00
1.715280983891139144e+00
2.807648103518640248e+00
2.011832878895206456e+00
2.938102840249273484e+00
2.670588173664105280e+00
2.279061730869952562e+00
2.542214653697823401e+00
2.790747813945838374e+00
2.783051431754117733e+00
2.804699668184145178e+00
1.842498292019863371e+00
2.809838213860047063e+00
2.944545961630512299e+00
3.134696665655154924e+00
1.755746582363457264e+00
2.922968931088542277e+00
2.558660265847496174e+00
2.271001853166041418e+00
2.530025669669747845e+00
2.342289873754133112e+00
2.390286481976505950e+00
2.530652390959777343e+00
1.532732372123349007e+00
2.104483358844037699e+00
2.778141266117558850e+00
2.111371419240877678e+00
2.674215386815633977e+00
2.930008989179333501e+00
2.280798600548906485e+00
2.678054733789576147e+00
2.843630824141907265e+00
2.113419487174681866e+00
3.334104751828121493e+00
3.338094938879194729e+00
2.082449515094297432e+00
2.907434988296216272e+00
1.974556264663198668e+00
3.012136213041690880e+00
3.290778726690166245e+00
2.070047665879193310e+00
2.947360209013045296e+00
3.244620031445935471e+00
2.192309801974027916e+00
1.793253810373461210e+00
1.853982552315535548e+00
3.322647797692948046e+00
2.784235596184758244e+00
2.026515034418905792e+00
2.116511439155848162e+00
2.248978324486822888e+00
2.658683733978562724e+00
2.003192616524646752e+00
2.504106960791746772e+00
2.933509735026279763e+00
1.968931245575165301e+00
2.275240916728657581e+00
3.238198728084256128e+00
3.136897495548627290e+00
1.291064480575917051e+00
2.518139978383506783e+00
1.995234445581827609e+00
3.613552592103221883e+00
1.602363341840876698e+00
2.100918690054537130e+00
1.969950595571228646e+00
2.537362651183785012e+00
3.301889765566666135e+00
2.485092939890299224e+00
2.264091645048864176e+00
2.527649124015989734e+00
1.606261284484862495e+00
3.529090886188051002e+00
3.122058038608727326e+00
2.703976400429389582e+00
2.116498280179071489e+00
2.793476076360903892e+00
2.333302064566535439e+00
3.571799305332763019e+00
2.933825417071821651e+00
2.172651409984510451e+00
2.526471771049859427e+00
1.437005007608332718e+00
2.962723006078920474e+00
3.151405788393641938e+00
3.063776246030830208e+00
2.742587302539539529e+00
1.705479656900017460e+00
1.469589478452087317e+00
2.665942773899158347e+00
3.025406735067533770e+00
3.158805884692473587e+00
3.176485084688089433e+00
2.644947578053458148e+00
2.630523220382402716e+00
2.277638457568277097e+00
2.198612670517197554e+00
2.107462881575813629e+00
2.896181930744376132e+00
1.267079872473182212e+00
2.980001842439993887e+00
2.988985433466212260e+00
3.644388586995739754e+00
3.193855118299837592e+00
1.838706480337561455e+00
2.565714095894104929e+00
3.635930991526413525e+00
1.628532932463991445e+00
2.247582121233393959e+00
3.395591818141198814e+00
2.973706490389059542e+00
3.476418258415503004e+00
1.959550664958610522e+00
2.087566270598403939e+00
3.680318235356707213e+00
1.882110747095650849e+00
1.993517734565578348e+00
1.815152754996155471e+00
1.965547321557261418e+00
2.254005976010986956e+00
1.820101205986640824e+00
2.799406472442775407e+00
2.628925300054307357e+00
2.806976428115970812e+00
2.636824038852307872e+00
2.533554020966545917e+00
2.977360352510508790e+00
2.297082965475755412e+00
2.623903101611444910e+00
2.750709021139802868e+00
2.312031176316861281e+00
1.985310274727916546e+00
2.188369006318215071e+00
3.071861505972451223e+00
2.468090216726425368e+00
2.244519311529368455e+00
3.221136853619988916e+00
2.063241146304286122e+00
2.386043195803692729e+00
2.454737388029384793e+00
2.899651069177263896e+00
2.948466874679439353e+00
3.159430057379632562e+00
2.877753129311277025e+00
1.573023396983203481e+00
2.319260732189906804e+00
2.373691252730467660e+00
2.773772943340527153e+00
2.383133186032116768e+00
1.916557758384306531e+00
2.979135718144280354e+00
2.353734476428301470e+00
3.220499786092226202e+00
2.198240383012776356e+00
2.302262884309247859e+00
1.879039203544755621e+00
2.089574638316434196e+00
2.063995574122156729e+00
2.422006626713984367e+00
2.985616692614168954e+00
3.260727811039795032e+00
2.244280177552523625e+00
3.210357882163216381e+00
2.942783079687161241e+00
2.516375093881097591e+00
3.096541471167046033e+00
3.189248186064279178e+00
2.798946359269002482e+00
3.489321249984179030e+00
2.830290689502378942e+00
2.428185903629608511e+00
2.208929364555375585e+00
3.294890741253244215e+00
2.411797851872088394e+00
2.923514697480120272e+00
2.765266694860393226e+00
2.656004573475567287e+00
3.645540834986277456e+00
1.999546662489839699e+00
1.869221627029944210e+00
2.287372437302007011e+00
2.096439800611091808e+00
2.589605216930279674e+00
2.298030964350483263e+00
2.955252369805985158e+00
2.403482853604110403e+00
2.364537170198671934e+00
2.666722227272987134e+00
2.315171420856430018e+00
2.922944172589460265e+00
2.768221953175068695e+00
2.648199429753064216e+00
2.929206539044138857e+00
2.693191226490824874e+00
1.964572941899856762e+00
2.643477760525598796e+00
3.874334502066788311e+00
2.361156428512817484e+00
2.590958428129267244e+00
2.530163471377019579e+00
2.306112700072139088e+00
2.656362461160520549e+00
2.398985668852828379e+00
2.281978244778337661e+00
3.156329846631194869e+00
1.574448984734472479e+00
2.196564464933642657e+00
1.915043437658944470e+00
2.522697703512282619e+00
1.840622037012599410e+00
3.018355345024905212e+00
3.138014571239152506e+00
2.564116265572923492e+00
2.371159278771339807e+00
2.528597681387346086e+00
1.961181981961509280e+00
1.613978954921180931e+00
1.541824581853935117e+00
1.969869420270122795e+00
2.776016157564278330e+00
2.637982840228589865e+00
3.439176039982633881e+00
3.349846272428874450e+00
2.749805464479545325e+00
2.519992306421297457e+00
1.544438601179301429e+00
3.364416985511549107e+00
2.962061643656595855e+00
2.171614473825723479e+00
2.365171963742564998e+00
2.400130717937660751e+00
2.531082756339587458e+00
2.798924905304801314e+00
3.614445399490242128e+00
3.359321271060823122e+00
2.165257454441270379e+00
2.040169720163119482e+00
2.404967203233458584e+00
2.046418286292965849e+00
3.112839988729921625e+00
1.621539285116811779e+00
2.768557594759630813e+00
2.048454770615539378e+00
2.219968220942133197e+00
2.864025334856423743e+00
2.398719749580922045e+00
1.530144919086697808e+00
1.929532573180062993e+00
2.981117232430412045e+00
2.357677603395848198e+00
2.163880427680440643e+00
2.292767011453724635e+00
1.944825825736752334e+00
3.186139289840658861e+00
2.307284073740203389e+00
1.681647898981986966e+00
2.654990749188466115e+00
3.290277443836859383e+00
2.549058939368316068e+00
3.296574754066539548e+00
3.677676236289403100e+00
2.635804045308793420e+00
3.681588797215940900e+00
1.259442631939207580e+00
1.339998000893391827e+00
2.083149371335041966e+00
2.622300884869388504e+00
1.759434451229103358e+00
2.959906979566966356e+00
2.543134615314808222e+00
1.833791886638575397e+00
3.627274492542615469e+00
3.343357179529828915e+00
2.039145353529316029e+00
2.956514690732601203e+00
2.649779703350119586e+00
2.642829478268319487e+00
2.930509943514442828e+00
2.516943180550990533e+00
2.521277337806241636e+00
2.135417722426204090e+00
2.103268787616916491e+00
2.787114526920178914e+00
3.378436606179452184e+00
3.183652189860671111e+00
2.505592693805652971e+00
3.070789577852258923e+00
3.189513270053366600e+00
2.875290604819423113e+00
1.516628788363102442e+00
2.769752479519634658e+00
2.257829955390492138e+00
2.408347749513396696e+00
3.075502520440093424e+00
3.127601472071483091e+00
2.631530437073671624e+00
2.381675593701652716e+00
2.532815130411730120e+00
2.808644015308853881e+00
3.259145046643804111e+00
2.344516644137176531e+00
2.264104915374588689e+00
2.333754288801384469e+00
3.204946431257426287e+00
2.997484091947042018e+00
2.002913348796896642e+00
2.822845816801701435e+00
1.918564843220716742e+00
2.920414253992292597e+00
2.524784922791690533e+00
1.812430547635382139e+00
1.717309696847097333e+00
2.637161536206063861e+00
2.813200150651106846e+00
2.191056269506778342e+00
2.089521830026464411e+00
2.223018204032817913e+00
2.182124566516167263e+00
3.119657230893235322e+00
3.565766936284885613e+00
2.410817090461054857e+00
1.961002976154387012e+00
2.410633677865656743e+00
1.787277161455487873e+00
2.178875070943370407e+00
2.410580145514368944e+00
2.832661192044624521e+00
2.328356521189079764e+00
1.724801174035423657e+00
1.936273598069213175e+00
2.826426670914731432e+00
2.136220851618021221e+00
2.448787551174777199e+00
1.973310403345169828e+00
2.181136113836413148e+00
3.805967090054154678e+00
1.817192147871226959e+00
1.505819575801362831e+00
1.296620962658356913e+00
3.145194412311233201e+00
3.669031478135248658e+00
2.709576490106544000e+00
3.258259295499750241e+00
2.493091973313866117e+00
3.325660640560574421e+00
2.818893389058680476e+00
3.475179735634013500e+00
3.817313188279251701e+00
3.225514482752458445e+00
2.415571291428245448e+00
1.978004234333543110e+00
2.931335447179484355e+00
1.805541390934855217e+00
2.381856660484195753e+00
3.293966849617660841e+00
1.826087541848996132e+00
1.954507358248477988e+00
1.823215835468580126e+00
2.924375693459200676e+00
3.100574299477451667e+00
2.663991623119875030e+00
2.518557510488062423e+00
1.735654364232540159e+00
3.341673489070736025e+00
2.752238845573523385e+00
1.897729347605839445e+00
3.604920208682950822e+00
2.193644416690443411e+00
2.231889242876594182e+00
1.961218595023415556e+00
2.136218532609040377e+00
2.260808391416046614e+00
2.839123652897224126e+00
2.064008304207186839e+00
2.995543404875637084e+00
3.224605932901123850e+00
2.334897867470282051e+00
2.398906582704428914e+00
1.953254797690738398e+00
3.590082814152615764e+00
3.404455923816537055e+00
2.434492279828464945e+00
3.157208554815935209e+00
1.442132886005417669e+00
2.209325007847129374e+00
3.407207608829936785e+00
1.416965978621688604e+00
3.210698097834225884e+00
2.833306510454980387e+00
2.762910683112659083e+00
2.009570595397422554e+00
2.390215437070469573e+00
2.616162975337930074e+00
2.348561479188198575e+00
2.068039977192723367e+00
2.522983974471623814e+00
1.835975977618283128e+00
2.493490708769241504e+00
3.009613875490159796e+00
1.991339478951043462e+00
1.728390389758399648e+00
3.000513666638137789e+00
2.972673900723437068e+00
2.802790317575925449e+00
1.873552509093242113e+00
1.839129862724696363e+00
1.977392619711006105e+00
2.192624197065346170e+00
2.874636487012008246e+00
2.345357337620254778e+00
1.921865003818820306e+00
3.269041909789079270e+00
3.100696371456846290e+00
2.723664120230833152e+00
2.969291963453129402e+00
2.455831207549623141e+00
3.013635165047603426e+00
1.710162526163935048e+00
2.802860949922072464e+00
1.667869627046947301e+00
2.992013502686056370e+00
1.449804394128428653e+00
3.855624506344910607e+00
2.817343184429034419e+00
3.133451745246851772e+00
1.860307779622089708e+00
2.276566610974602334e+00
1.996231337049181764e+00
2.315371814264268746e+00
2.006896508788997391e+00
2.827499321510921870e+00
3.142536508369850878e+00
1.912274488683999518e+00
1.915172905012980431e+00
2.037795442276940427e+00
2.336448869135843598e+00
3.154733614951743537e+00
3.146459103419760428e+00
3.089718362222876546e+00
2.079720276492785125e+00
3.378581646956130946e+00
2.804013940820869077e+00
2.535331786159118028e+00
2.231486339882505110e+00
1.301610487362019564e+00
2.842632008829357737e+00
3.089986495986079884e+00
2.022168333989808886e+00
2.176901483883031396e+00
2.044284379890235037e+00
2.520802919773208917e+00
1.929615447094711334e+00
2.283859604631686135e+00
3.369950630527869695e+00
2.825493490649877426e+00
2.917016731905012428e+00
3.699296522192355940e+00
2.294317829427412025e+00
2.141465728216324305e+00
2.639952524449139748e+00
3.023657832152817360e+00
1.535307533840231775e+00
2.242296273008386187e+00
3.052142364712175482e+00
2.045055018958301662e+00
2.658050690346022371e+00
1.963521922830577804e+00
2.611578678029812028e+00
2.942835409017245940e+00
1.154535130370391238e+00
2.911817500609976683e+00
3.568904621297736224e+00
3.355602389236445937e+00
1.970354883515007760e+00
2.428804978094254441e+00
2.388024692022781004e+00
2.835153402179180659e+00
2.112719450378327757e+00
2.621679265041128915e+00
2.534396622965453094e+00
1.481779754085102319e+00
1.981181328530639663e+00
3.509421085435406429e+00
2.199439537566421521e+00
2.102139420877141784e+00
2.115841426667198544e+00
3.662692070110943110e+00
2.014807113760759272e+00
2.783362778642925139e+00
2.102051272142873017e+00
3.113551405228283997e+00
3.360908671088296273e+00
2.523022034200612218e+00
2.774986218110113256e+00
1.984588894819290905e+00
2.287502547493749372e+00
1.958095677315332628e+00
2.770675047655890566e+00
1.948288138300404482e+00
2.172478847519137446e+00
2.886884536907316612e+00
3.258465565353037885e+00
2.543146284900682286e+00
2.199971625784042928e+00
2.720659054541954003e+00
2.937431723568574071e+00
2.215932021500420124e+00
2.805908736508520462e+00
3.422590572435633582e+00
2.444479623668179169e+00
1.965634938167122314e+00
2.398852962520637178e+00
2.635718338803199057e+00
1.927365354818356691e+00
2.599295606166554862e+00
1.965089025012392243e+00
2.003847417403115116e+00
2.904102583073913113e+00
2.796336326598185984e+00
2.009251890415534536e+00
3.141092028127107749e+00
2.248190010711363040e+00
3.144977677009866746e+00
2.528028593876924024e+00
3.217051320285273519e+00
2.011974085626270892e+00
2.389667061692276384e+00
3.311982653775043861e+00
3.688192070266833600e+00
2.774435400296906273e+00
3.355478171949763055e+00
2.779734107258590381e+00
3.042764742565202241e+00
3.065989070613154954e+00
1.410614065591894173e+00
1.830903071037964569e+00
1.962404403115134421e+00
2.260500197186381843e+00
2.392763853723125944e+00
2.995356353882379086e+00
2.420386473682146544e+00
2.382409933997397644e+00
4.146564127392561083e+00
2.223295657995301156e+00
1.975429371906030962e+00
2.005624972897525282e+00
2.106162756975162420e+00
2.115003414543932259e+00
3.334488971969001625e+00
3.293217812021562274e+00
3.155748664363266176e+00
2.207778069742455607e+00
2.369001145789264573e+00
3.061121817046299487e+00
3.345359211765162488e+00
2.727601995255671596e+00
1.662647290122727606e+00
2.518494729659895626e+00
2.607157133496956103e+00
1.883422630480884985e+00
2.110155194689860902e+00
2.386208980953932191e+00
2.303113777807840101e+00
1.731139894932079093e+00
1.883663485891573508e+00
1.903492409645665129e+00
2.412820171007298065e+00
2.234735428066925156e+00
2.652645554251091387e+00
1.440656029028591467e+00
1.590078574517756138e+00
1.967304318007067732e+00
1.964303234355788241e+00
2.265980095154145335e+00
2.239495371370763266e+00
2.086785043858840893e+00
1.968514055678789232e+00
2.082440237946916017e+00
2.390981849299957940e+00
1.568439279717804613e+00
1.989882590020992659e+00
3.078073690722403555e+00
2.011095239685776193e+00
2.657750374518774272e+00
1.904368327203531441e+00
2.307141576104248415e+00
3.628611396248476506e+00
2.148772699015774723e+00
3.335116099797155620e+00
2.059710917632859850e+00
2.425869044761832960e+00
1.962113536365113431e+00
2.631159828299283632e+00
2.816594375656363169e+00
2.952897630191313016e+00
2.292208855675264445e+00
2.299831061904907603e+00
2.763186546574118996e+00
2.382990118615241126e+00
2.208927991036758520e+00
2.307071248938865171e+00
2.278153773091948775e+00
3.305519369568890475e+00
1.768289345312202387e+00
2.810658283132563273e+00
2.153915278528196975e+00
1.837860491294901033e+00
2.898472113397372318e+00
2.829290044335808663e+00
1.903725632525344436e+00
2.198667732254819374e+00
2.516221649048203002e+00
2.493230456931020189e+00
2.655239930807954174e+00
2.863623054081238184e+00
2.570391373042741456e+00
2.678377376230602014e+00
1.548429903573335764e+00
2.947481321803041787e+00
2.897809521921137055e+00
3.532445926911048417e+00
2.136346100364827638e+00
3.149855425299662226e+00
1.810365765569525331e+00
2.919549490834243421e+00
1.964135471579757874e+00
2.452982074022842962e+00
2.172991183351755229e+00
2.982312869477939721e+00
1.215102686234822871e+00
1.995142010471380178e+00
2.212822507448090281e+00
3.544738655706719754e+00
2.382272543866281289e+00
3.386314519958625091e+00
2.248318347197294287e+00
1.790194959801855834e+00
2.843729840375525342e+00
3.926516264910223875e+00
2.764886411713621595e+00
3.066794748014338268e+00
2.762039728139887185e+00
3.069948340351901450e+00
3.139883672033341622e+00
2.378764500927779135e+00
2.975114233887283355e+00
3.132332208774291527e+00
2.050854448385362794e+00
2.518399003557232341e+00
2.470633000408280378e+00
2.706892843088924749e+00
2.520130123286543622e+00
2.965874417239147576e+00
3.136128210965256624e+00
2.502686951614794708e+00
3.232730843681616673e+00
3.167520790833777689e+00
1.818229705233367133e+00
2.262000639496731580e+00
2.530714692836571800e+00
1.791128684522154346e+00
2.003024621222754931e+00
1.657889778416271387e+00
2.580108926868670327e+00
2.358283117103483484e+00
3.348382483855503633e+00
2.488789037019378370e+00
2.387082475188440966e+00
1.397441811931324773e+00
2.205828476376717084e+00
2.329628402372331042e+00
2.948973273397017536e+00
3.378844756770051028e+00
2.652232154851720036e+00
3.168558071088930728e+00
3.179104138321530382e+00
2.431957689104548681e+00
2.705661507300973767e+00
2.784250176715892700e+00
1.958585469898084463e+00
2.486292776551988215e+00
1.957727391048722954e+00
1.842688032445986446e+00
2.627672226664926836e+00
2.201794239881014636e+00
2.407992070717177580e+00
2.935221053278444625e+00
2.387784288413429490e+00
1.999695592986883153e+00
3.502302805428303856e+00
2.290738218407284421e+00
2.739142424776716211e+00
3.563948612839644259e+00
3.151234195547643058e+00
3.282884622975859479e+00
2.796032757044534467e+00
3.241205235723214173e+00
3.629823386850612899e+00
2.090639401674186715e+00
2.830328348820459361e+00
3.021532922253935105e+00
2.684705645698094223e+00
2.764140022216439174e+00
3.149210111402323875e+00
2.766366928910294121e+00
3.498275404267161104e+00
2.829914936442492923e+00
3.290509125030459892e+00
3.353541234721111763e+00
3.183149939913775484e+00
3.326125322797117256e+00
3.152364853573195624e+00
2.311527680025657894e+00
2.530425126036667915e+00
2.592246097403530847e+00
2.385798689316068533e+00
1.930163442654563966e+00
2.801606369410321484e+00
1.468695806943791204e+00
3.249314737867998293e+00
1.925874836031042703e+00
2.810283354985883442e+00
1.849568141515722131e+00
1.060829543992694690e+00
2.222887672369484591e+00
1.983960334610775256e+00
2.431557036505564984e+00
3.090397018723415545e+00
2.516206640960404251e+00
2.652727617353441314e+00
3.671793550896056857e+00
2.966013779923615257e+00
2.375948394804594077e+00
3.552999858937170519e+00
2.667481719725296241e+00
2.929104658310596410e+00
2.225732212855322967e+00
2.292328854985556497e+00
2.093901985357202733e+00
2.762571782524669395e+00
3.205651471354001636e+00
2.246777501118774722e+00
2.799845405018875688e+00
2.130060060897681407e+00
3.604271733636043251e+00
2.288516806829023587e+00
1.817817201419512863e+00
2.604478748476819483e+00
3.016850835238730433e+00
4.156578152497385048e+00
1.764210903153729637e+00
1.837314910719543892e+00
3.798026831754632404e+00
2.041982634956576170e+00
2.296454852815976277e+00
2.088501819094507717e+00
2.646338576254120056e+00
3.483317613076838626e+00
3.231037654491953681e+00
2.962060085981208513e+00
3.360300599236562213e+00
1.578930799517247907e+00
1.860375353818948030e+00
2.733418902637342107e+00
1.404220476829511677e+00
3.361986757228762279e+00
2.972970270402316650e+00
1.567177022803648345e+00
2.816602488957088646e+00
3.156114932240943638e+00
2.144338431767919051e+00
2.011664534812890981e+00
2.039661468029628111e+00
2.675804399700321135e+00
2.732182210093151653e+00
3.168580027342787098e+00
2.959989389584571917e+00
2.962058815618855423e+00
1.720662863149760025e+00
3.272642034668277411e+00
2.297684859215059827e+00
1.531552639740321187e+00
2.702267315182024010e+00
2.282920059497443699e+00
2.502030207979907050e+00
2.804012563318568407e+00
1.768709661204995953e+00
2.446958797027149135e+00
2.669635304808525067e+00
2.874636712735157751e+00
2.002052095337876203e+00
2.032135023466529411e+00
2.120058389279146027e+00
3.371014203429254508e+00
3.415300148139712277e+00
1.560421318343918395e+00
2.517197791894917103e+00
1.488454543287597742e+00
2.517923927924679006e+00
2.527546061984232484e+00
1.747503951966243418e+00
2.663140005370801866e+00
2.286244253994994313e+00
1.796846961809989152e+00
3.348235251490518927e+00
1.953549302258990927e+00
2.390025790689507268e+00
1.993335768962368748e+00
2.166522907542408838e+00
1.919998802006334770e+00
2.171407837206100755e+00
2.948141269485761384e+00
3.344803055776809586e+00
2.079758008993805252e+00
2.523710824372095374e+00
2.785995208233515541e+00
2.940477933775252684e+00
1.781927606420354859e+00
2.897249776833813684e+00
3.363936699959845011e+00
1.770825629752318164e+00
2.052118628403831746e+00
2.283349344138033477e+00
2.538672303518897166e+00
2.184615821477435826e+00
2.401448592587457576e+00
1.773568883744441438e+00
2.221710978011520954e+00
1.970287394083699350e+00
2.665206973744834063e+00
1.965368210427594464e+00
2.361660230303781027e+00
2.152494290617767980e+00
2.621770960146689866e+00
2.304456791780990166e+00
3.364455797061598918e+00
2.533100072009290660e+00
1.750275650123873650e+00
1.839557567710117025e+00
3.304362229359250946e+00
2.713867552107501080e+00
3.111149483038438746e+00
3.317693547245668562e+00
2.251955151694637447e+00
2.106928653453826517e+00
2.230212533463671321e+00
1.685905790696880180e+00
2.267335979493938503e+00
3.377167788178334185e+00
2.872541816607586007e+00
1.962313791379431738e+00
2.782441262004364813e+00
2.526786018709134218e+00
1.311556913240581768e+00
3.288593128756501116e+00
1.507829362079629032e+00
1.882579199531314140e+00
1.527669604758737032e+00
3.578642356126266133e+00
2.619924893626247808e+00
3.129625830583440571e+00
1.425909080931211603e+00
3.370405199020246378e+00
2.976640906541247578e+00
2.975805915970063165e+00
1.209138716473454389e+00
2.173119971854580612e+00
2.137165608291598851e+00
2.308806600299969425e+00
2.521652425656573993e+00
3.224643951158988830e+00
2.729855420472896643e+00
2.921813244714808633e+00
2.495571945194533736e+00
2.287215793805042807e+00
1.602166456947905271e+00
2.969360542235704337e+00
2.083566626957687795e+00
2.767132279117602955e+00
2.521393309019459128e+00
1.734453492837762179e+00
3.208065327681588474e+00
2.697027338927554307e+00
3.030071258146023627e+00
3.111127817491043945e+00
3.614389201544502050e+00
2.023883076913395307e+00
2.940372555707495561e+00
3.199626019867184201e+00
1.971059576802485447e+00
1.378179438642325838e+00
2.239299297953121659e+00
3.233025306227854667e+00
2.961454935680299716e+00
2.262833783070568039e+00
2.008985096034221485e+00
2.655807891315524305e+00
1.965494737444459572e+00
2.180415168870303955e+00
2.418579669838394341e+00
3.132989470324128778e+00
3.240779171303247441e+00
2.619869191008815434e+00
1.917227735865211447e+00
3.319173659534610188e+00
2.810846457295633538e+00
3.794678761918384158e+00
1.110501591925328269e+00
2.279306394865560303e+00
2.756743342508599870e+00
2.660000989907919333e+00
3.041480184819912669e+00
1.890049929007059148e+00
2.622844173944092638e+00
2.388545577372789275e+00
2.612068875195630913e+00
2.974005973165698702e+00
2.052530514766937930e+00
2.626828983805801432e+00
3.308561355413033755e+00
2.656818526496385058e+00
2.159914410594076184e+00
2.188440025876932093e+00
3.182772801972979959e+00
2.006915311633892252e+00
1.961354510589910616e+00
2.961203925958587835e+00
2.217958736886736837e+00
1.961549215501425358e+00
1.969239523217967802e+00
2.194804552340769987e+00
3.036525593903447451e+00
2.492712769367877890e+00
2.234559171894624274e+00
2.275459001640857792e+00
2.193875136085936539e+00
1.819406567944678255e+00
2.613141756475254152e+00
2.386092886724283435e+00
1.990511575957774282e+00
1.965823407078417961e+00
2.450683960497031411e+00
2.275157679884563411e+00
2.315603896409579754e+00
2.509421234075578155e+00
2.202212435442703509e+00
2.119177540566125284e+00
2.649655753994531793e+00
1.625792224747732106e+00
2.191048437911947477e+00
2.612331576979053160e+00
1.975988464481646112e+00
2.866452048976837919e+00
2.293157879482581762e+00
3.148132415297121511e+00
2.360122446393423168e+00
2.424205452839657049e+00
2.142535532425607236e+00
2.729715413278293923e+00
2.717697187760207633e+00
1.611417112636874815e+00
3.682856585053360554e+00
1.063084157732758994e+00
3.912521434332776771e+00
1.961845115179941201e+00
2.307988542912652985e+00
2.587049719107854084e+00
1.948729586738949582e+00
2.328646374856670587e+00
1.727243753588043607e+00
2.948135144206645908e+00
2.317733120279768411e+00
3.078980811782280114e+00
2.144856389069307756e+00
1.632001650717671781e+00
1.893903742078754338e+00
2.518296590240536315e+00
3.326296174501847780e+00
2.347918847459269820e+00
1.956904319645532242e+00
1.568947008632335383e+00
2.802908887069512023e+00
1.923802587668430153e+00
2.435334452767050184e+00
2.228710841431045697e+00
2.281512301544364352e+00
2.090520836033601171e+00
1.858009485590645937e+00
3.135135708716906944e+00
2.390641815369237921e+00
1.956082651045487397e+00
2.808984155810851036e+00
2.782260075834543933e+00
3.146306494990193325e+00
2.906790979224146643e+00
3.193200974238711076e+00
3.353306737392400816e+00
2.513856739414376928e+00
1.909934256385556139e+00
2.233222589783085077e+00
2.279376844794663626e+00
1.947993347698975919e+00
2.397101898290261435e+00
3.115634541068412311e+00
1.722050170937275970e+00
2.692784093287123426e+00
4.076600475960647785e+00
1.959548830674346043e+00
2.438068359467787438e+00
2.631085340258004557e+00
3.095449654775387582e+00
2.477834501800986189e+00
1.441847239241840217e+00
3.849358532473951211e+00
1.936491127700851189e+00
2.612918909028978387e+00
2.284422409965663370e+00
2.926146844198469932e+00
3.068742944157635488e+00
2.121731063410322360e+00
2.899973447945171312e+00
1.187276087168207539e+00
2.624409793929367574e+00
2.228110934649505381e+00
1.572255054543856279e+00
2.255792376722830728e+00
2.532574595408235041e+00
1.804532442486627364e+00
2.294163653560698624e+00
1.550770185430945691e+00
2.271301823988679747e+00
2.127628389460940905e+00
2.290558357414357982e+00
2.595284311288471812e+00
2.904002696227641067e+00
2.392715233963016441e+00
2.453366134902786655e+00
1.989817855004097025e+00
1.859642704093976917e+00
2.749637477326974278e+00
2.283942289466175612e+00
2.782355171728847054e+00
3.157022922951591593e+00
2.108382471361280874e+00
3.164278966498880408e+00
2.791358053464059186e+00
2.927209568455891642e+00
2.225819287815865799e+00
2.899264480095996355e+00
2.630439249613377939e+00
1.802415698827214641e+00
2.611490903320133672e+00
2.886424664119272787e+00
2.530936282543255089e+00
1.940949965160918778e+00
3.649834756003600855e+00
3.833034932897364744e+00
1.613167075949640372e+00
2.542067361318873786e+00
2.102899504004328346e+00
2.048659092356374334e+00
2.147111431628735634e+00
2.298289504766741320e+00
2.292717954037780004e+00
1.490129593692052890e+00
2.519577714846334526e+00
2.971395736789675723e+00
9.417339160199236225e-01
3.135750196039437387e+00
3.092817054991887638e+00
3.093410793490828148e+00
3.647879062618650803e+00
2.805352836845583564e+00
2.803701208141882173e+00
1.768118591747529944e+00
2.718727492086690400e+00
1.902086779004799277e+00
1.825937545123080818e+00
1.826160456132873033e+00
1.935470106475492003e+00
2.275324801280649289e+00
2.026722033924920563e+00
2.277170008390089428e+00
1.989072056538824906e+00
3.009400908767133398e+00
3.206261334361220516e+00
2.754217257845761768e+00
3.113083958481853042e+00
2.956882010511278747e+00
2.721338002285915270e+00
1.551132775084733240e+00
2.772984690653887530e+00
2.790194310190642568e+00
2.328283706647121143e+00
3.575602968735153375e+00
2.795465506908953124e+00
2.643871887256850961e+00
1.906686759976355505e+00
3.345742504245161175e+00
2.516153513368701411e+00
2.933870300299316281e+00
2.280425087592533373e+00
2.657724086903059391e+00
2.240698123809158115e+00
1.722482404848435511e+00
2.501677280844616824e+00
1.988068985339331185e+00
2.620859140690485756e+00
3.103926874022377103e+00
1.997351056218626519e+00
3.154957373661447573e+00
2.504243559739240954e+00
2.230110534481045903e+00
2.325858262621026906e+00
2.077156522723956122e+00
2.812056683180226280e+00
2.472945829747049018e+00
3.365562737157976159e+00
2.674219350145476515e+00
3.392458854693009673e+00
2.876557460826005386e+00
3.167850924144858471e+00
2.467197113722216173e+00
1.703628533703287484e+00
2.765303597171676842e+00
1.948909278267821898e+00
1.878295072135396371e+00
2.699056797058259516e+00
2.137986592988404766e+00
1.877186948007981915e+00
3.686916940026322642e+00
1.469897187782217785e+00
2.278728168949396338e+00
2.005758158465742014e+00
3.148296003234906770e+00
3.336564965567928809e+00
2.064482275158307623e+00
2.345458886043784386e+00
2.876811449072565807e+00
2.236077174048102911e+00
2.100238724042445160e+00
1.894978621386682383e+00
2.321672605870026107e+00
3.092269655098561110e+00
2.824827179260552157e+00
1.881309035911185035e+00
1.691434735729865135e+00
1.398557046744750121e+00
2.967640928966946312e+00
2.982867063718716238e+00
2.096045954938165590e+00
2.125337837827028675e+00
1.972620793258129890e+00
2.018652081861519676e+00
1.999461200814305117e+00
2.098983204911485156e+00
1.842777992217868199e+00
2.994006848315496239e+00
1.911649292041625259e+00
2.664679553080785190e+00
3.010307248163354821e+00
1.945057980428473998e+00
2.866406536886838996e+00
1.076272117728462430e+00
3.699042596614997791e+00
2.169635393214657704e+00
1.827468163889711006e+00
3.676281354429985715e+00
2.925606277875043570e+00
2.290944313955619815e+00
2.876288576401881070e+00
1.896720617904650075e+00
1.122310135378143947e+00
3.419387810393143656e+00
2.159941899648290864e+00
1.886585502701703332e+00
2.359548963556421075e+00
2.035134596282454300e+00
2.769882183760295380e+00
3.399811547313940086e+00
1.910341174215836269e+00
3.137746138976318822e+00
2.280871849678148600e+00
2.547881541527008853e+00
2.784511475002546810e+00
2.609246899824571475e+00
2.495053221029925883e+00
3.304433258527369244e+00
2.530499689034370725e+00
2.049667515475240620e+00
2.903207462173946318e+00
2.685107071605057794e+00
2.680674058570033935e+00
1.879051148326295051e+00
2.971515982015573876e+00
2.980283185842481419e+00
2.366125649593103564e+00
3.314073976890205220e+00
2.510148059009744692e+00
3.121533125712135703e+00
1.564338495046908584e+00
2.652777656593251709e+00
2.495235791483540577e+00
2.877911055737992996e+00
2.093515977974414355e+00
1.481125104024011652e+00
2.661962067113416097e+00
3.057662120536509320e+00
2.333668255314794493e+00
3.784495148484901428e+00
2.817317111464768153e+00
2.964990970069810050e+00
2.555499446814485598e+00
2.412164951928106760e+00
3.106691843207663783e+00
2.424240696117202720e+00
1.241155675749938014e+00
2.397342149856544591e+00
1.694934362564842756e+00
1.725583712776609602e+00
1.915887603566688080e+00
1.681856339317910898e+00
2.388354898274795524e+00
2.289789017502034341e+00
1.877369817007044750e+00
3.087526335389619181e+00
2.440542649273190978e+00
2.242540411632229169e+00
1.549910510428238686e+00
2.822809848100377828e+00
2.696873031674614563e+00
3.139209983561856099e+00
1.678715017734714987e+00
2.439989444929899776e+00
2.181274897160697002e+00
2.459587345334693698e+00
3.053414465242184406e+00
1.858578896606757569e+00
2.550342892117674953e+00
2.773132860864604865e+00
2.513635242894073141e+00
2.139361287905266806e+00
2.755533527447108000e+00
1.742673316830523511e+00
2.396621465309915155e+00
2.766523424530361819e+00
2.780428581325493198e+00
2.005596683031891647e+00
2.315843934263384529e+00
2.653724922216540882e+00
1.848628868374876166e+00
1.868577166134905543e+00
2.386093497363731331e+00
3.092433484399190302e+00
2.341853546015320031e+00
3.440033270129066789e+00
2.732472973072453737e+00
2.486315860131877109e+00
2.301218625114128447e+00
1.904836171104912435e+00
2.481230441238427176e+00
1.794414418645849718e+00
2.912098647523726935e+00
2.479946721214091987e+00
3.096596815883990939e+00
2.803632528162156134e+00
2.150228815957320183e+00
2.231480497334759505e+00
3.095856853808340858e+00
1.821668928992405512e+00
2.681589231585765454e+00
1.574533252657012827e+00
1.885576984170790338e+00
1.681764336899349788e+00
2.033174276451543694e+00
1.596644083232049871e+00
3.502079982182288553e+00
2.468357177950611714e+00
1.765199718890186453e+00
2.148473515506891918e+00
1.840296747334941641e+00
2.324483226110316103e+00
2.681873935545543652e+00
3.115075308794910125e+00
2.914930845099259038e+00
1.017137115606277176e+00
2.266637514179044022e+00
3.378321293695557337e+00
3.106276761903522754e+00
2.253376192498683039e+00
3.631123372597737209e+00
1.786684400589944266e+00
1.872216157781096513e+00
1.795052529053116519e+00
1.881475014470687768e+00
2.061533077846659623e+00
2.998190723543745051e+00
1.956156825853835768e+00
1.975039333343886705e+00
2.393328074677558703e+00
3.196719104073813877e+00
2.347553999886267118e+00
2.497041745550586889e+00
2.311132817689842689e+00
2.820843910319308812e+00
3.100275711184228289e+00
2.428873629726368222e+00
2.263839335634075578e+00
2.627530608628934949e+00
3.162848882176029441e+00
2.870990821852381192e+00
1.815612487205977565e+00
2.002486149562061613e+00
1.587516794263112763e+00
2.766411279024327818e+00
3.083848205732688808e+00
1.873456851612788299e+00
2.367106436663942937e+00
2.225465461478263851e+00
3.131790350151891111e+00
3.144281187687822054e+00
2.269816857179085545e+00
2.236627683056261695e+00
2.997829646708031870e+00
1.991778195429406040e+00
3.017378796886433179e+00
2.404264193902520663e+00
1.956856754879130245e+00
2.012511152085474375e+00
3.184707266766495071e+00
3.232436241865968451e+00
2.613071941187019576e+00
2.998242877805610274e+00
2.307329785233054320e+00
2.400047197878645733e+00
1.426469169959830419e+00
2.034291517541050531e+00
2.838848179526564763e+00
2.923648802091682875e+00
2.620427479473621979e+00
1.619573854514136713e+00
2.691077033141974439e+00
3.170174704089580242e+00
2.503047594001617249e+00
1.166374905839527854e+00
2.194957074238523820e+00
1.990157931476200792e+00
1.159841153278940551e+00
2.371341005400845692e+00
3.516707868162190831e+00
2.960606596015433745e+00
2.609094817974079383e+00
2.842487980929589320e+00
1.956157566218782673e+00
2.128489208045169612e+00
1.885792149144710272e+00
2.925863358674450243e+00
2.296082952686134604e+00
3.152212349279947201e+00
2.749661946409197810e+00
1.979357297622831524e+00
2.665749365496520529e+00
1.919081616744997998e+00
2.824533618216413355e+00
1.703263537685671292e+00
3.044573169183971473e+00
2.716427056014487640e+00
2.919284948919461442e+00
3.472226907212650371e+00
3.122396954875353181e+00
2.668180893092977790e+00
2.628193194920370068e+00
2.937632425921627544e+00
2.174766854081919387e+00
2.399371041087261514e+00
1.957803068865995977e+00
2.366836287771024061e+00
3.803807925494289144e+00
2.637321272055081600e+00
2.095765184438160844e+00
2.501405252112506972e+00
2.031141988841574708e+00
2.112645087062380078e+00
2.132769060571239716e+00
2.668755588559983849e+00
1.453619371972524110e+00
2.760124675077100687e+00
3.532064469024497555e+00
1.951775370508191054e+00
2.137794150376225666e+00
2.285612730397851067e+00
1.726143407664176177e+00
2.477495494060384384e+00
3.125765033605344190e+00
2.472608792612672968e+00
3.246399687421049673e+00
2.392841017326752251e+00
1.841243863264564906e+00
3.704512661610502633e+00
2.970896480809326334e+00
2.798961120691537463e+00
1.835861825456595042e+00
2.291995540726547542e+00
3.220784709954492175e+00
2.278373959958145178e+00
2.536654261362921492e+00
1.536743961915874257e+00
3.174735351828122720e+00
2.003534037765907883e+00
2.499603233969141858e+00
2.931025997268504213e+00
2.255735506734689810e+00
2.459434837823507358e+00
2.738735284420871885e+00
2.221221717428081721e+00
1.573916348212270888e+00
2.493047850669498189e+00
3.147952547842539861e+00
1.742825445895336722e+00
1.830773760529786021e+00
2.131138004887787041e+00
1.901798787841341598e+00
2.623371529520964529e+00
2.348024786929491015e+00
1.817392321094508656e+00
2.183005934785628988e+00
2.283228080393059578e+00
3.174497491645345892e+00
2.290411970293768196e+00
2.226873372414774011e+00
1.972470151297962104e+00
2.125020816960684122e+00
2.969781515290876417e+00
3.571507508883339455e+00
2.520096692613985834e+00
2.967654711842069748e+00
2.654894724218545221e+00
3.349912076216648771e+00
1.549546505952551501e+00
2.775025428185991405e+00
2.131579976697951295e+00
3.728847359274433337e+00
2.415484782387876450e+00
1.801267222807246160e+00
2.696443155345696230e+00
2.647158160242555791e+00
1.671158334204581042e+00
1.940318005366463927e+00
2.112004547723355330e+00
2.256902675958162963e+00
2.391659639133128845e+00
2.984671073629170834e+00
2.314351244332646829e+00
2.461418611404986301e+00
2.809554689993101206e+00
2.780875406482062218e+00
2.657829464646883633e+00
1.404737465279160880e+00
2.353717649998579464e+00
1.921132228076308790e+00
2.588273679467763877e+00
2.407505558031442394e+00
1.847553272038713557e+00
1.920969203482402632e+00
2.328830850130910068e+00
2.958305107765098363e+00
2.966189725620043127e+00
1.417808448475301075e+00
1.924923197257582874e+00
1.960872690226878490e+00
3.008662447853062361e+00
1.816551290822327358e+00
1.962642648079834906e+00
1.660718162085497829e+00
2.488672979975710575e+00
2.342661498943562126e+00
1.914470941588992225e+00
3.117139797079147900e+00
2.608089281065999909e+00
3.285894080005598017e+00
2.061228938775641506e+00
2.381627212000520188e+00
2.933246713691949559e+00
2.371213595698644205e+00
3.307377708064948685e+00
1.901408945975301634e+00
2.291879761027383999e+00
2.379341092123236745e+00
3.070930327711208552e+00
2.403619313833099014e+00
2.351845099520159632e+00
1.942996872952495790e+00
1.708210138611460760e+00
2.930264755349613282e+00
2.032206227198690041e+00
3.068606530636329488e+00
2.653145720574804578e+00
3.599132096962277316e+00
2.786773121817849308e+00
1.754289777820115193e+00
4.339080480990171296e+00
2.412335346702347838e+00
2.284162333117863319e+00
3.121245355530970933e+00
2.097906922114962214e+00
3.078949427150101226e+00
1.934506887609530601e+00
2.267454638514935894e+00
2.971733263778266299e+00
1.384796086674858318e+00
2.459448453096435117e+00
2.271450829613322231e+00
2.476113584524115119e+00
1.315053626561546229e+00
3.321550265027898075e+00
1.696039081246590419e+00
1.876382165893903942e+00
2.044505694236303572e+00
3.591740748555020790e+00
2.203080431801765382e+00
2.962186972271905194e+00
2.688714559323873488e+00
2.195932114636940380e+00
3.126926635941353005e+00
1.208420148154277562e+00
2.692653791417621179e+00
2.869625701316650623e+00
2.985688039178107989e+00
2.142379263311855908e+00
3.092940373843131585e+00
2.843206685960894209e+00
1.972475341879895483e+00
2.492782378500631335e+00
2.758318748835868917e+00
2.503476011226624554e+00
1.999844091771745491e+00
3.304528420567872438e+00
3.535442681708259816e+00
2.646463762940289399e+00
3.342036431291082188e+00
2.777061021255044171e+00
1.909192867612417244e+00
2.320056709191767208e+00
2.132044678147085648e+00
3.009859071467466229e+00
1.594354209604512684e+00
2.306387026692721332e+00
2.780116265094141337e+00
3.249614976494971330e+00
2.322099376158667905e+00
3.125184261580735701e+00
2.533548031096100939e+00
1.917697015735828625e+00
2.633102017285989582e+00
2.315476401162424480e+00
3.529031220182019535e+00
2.492787995254976963e+00
2.477644522400414662e+00
3.049431283699972628e+00
2.074468608949830095e+00
2.331987983975197576e+00
2.883167487748485414e+00
2.371523595463519651e+00
2.167900340262678416e+00
2.484233023410930663e+00
2.162894241561324371e+00
2.979946814335922678e+00
1.976473340560684910e+00
1.976453635179822310e+00
2.228719434079870165e+00
2.198924693572536171e+00
1.876148913900368420e+00
2.608835114322546556e+00
2.421355988074489485e+00
2.290907469923304962e+00
3.038016737061252304e+00
2.547758220142644969e+00
1.996725481690539983e+00
1.864893764618371863e+00
2.534261599704850543e+00
2.562096037551667926e+00
1.610079798447359156e+00
3.029991140338712086e+00
2.410839486591289216e+00
1.880013230789396861e+00
1.693781736989443898e+00
1.962918983228712833e+00
3.126904882314539336e+00
1.030999986767017429e+00
1.502391094348511924e+00
2.753257164319536265e+00
2.384833859186905158e+00
2.101001149067678320e+00
2.158719494623148716e+00
2.241935058390303048e+00
1.811400040845411619e+00
1.911539656919718944e+00
3.168649787224689263e+00
2.239597329645903745e+00
2.396056697844924699e+00
2.419930457163269821e+00
3.150296843310449013e+00
1.669697766256668769e+00
2.841343456460330152e+00
2.237824325966918604e+00
2.333217924008142763e+00
2.294701099736100147e+00
1.672420734977996926e+00
2.418466222381383535e+00
2.808959890087194378e+00
1.296314984776486989e+00
1.839125775407939534e+00
2.784565439085096905e+00
2.860013867939095178e+00
1.847044466776600169e+00
1.875161393926360054e+00
3.154830892665683173e+00
2.947623981739039056e+00
9.574828849027843258e-01
1.920523793380122246e+00
1.919853483792806736e+00
2.553621349179982403e+00
3.201852361802753677e+00
2.183985816674424374e+00
1.405703042670478853e+00
2.502193276026011048e+00
2.965365407135365672e+00
2.178847832187666977e+00
3.029896997345523424e+00
2.179364871126845404e+00
2.928312319456940038e+00
3.112083929606534571e+00
3.333616254637409515e+00
2.346500582413769909e+00
1.925420907536382842e+00
2.903848496712509775e+00
2.708509541067614101e+00
1.896484389563809714e+00
2.059129916538195548e+00
3.224029564230614042e+00
2.074323580699932279e+00
1.326521537815483986e+00
2.861532282252757575e+00
1.679686036152807205e+00
2.872362365498215997e+00
3.155022892980813509e+00
2.175337357793840631e+00
3.181397079715095000e+00
2.656865195997759166e+00
1.536804240492149143e+00
2.082964237110713768e+00
2.040949703099811607e+00
2.366222605387505507e+00
1.639825827306707007e+00
3.147170883588458423e+00
1.633820178958517388e+00
2.396794998697049373e+00
2.019866766380908452e+00
2.578048396372791373e+00
2.291349598548102495e+00
2.803672983049243950e+00
1.468091699205486433e+00
1.808023912023207780e+00
2.170785379169903884e+00
3.359436563580979751e+00
3.071622632454240609e+00
2.387122887486219813e+00
3.232605125208655394e+00
3.068158189792359991e+00
2.805436010602237573e+00
3.649660787474465540e+00
2.461039523933906015e+00
2.389521443812388402e+00
2.297531159393794375e+00
1.638842353272430330e+00
2.311905552148848297e+00
2.195061193734101135e+00
2.083686636771622691e+00
2.319031593133271674e+00
2.513352848789069505e+00
3.120125788156517643e+00
1.524605699709551621e+00
1.836583020888913564e+00
2.155202639779355334e+00
3.163526276561390738e+00
2.187725458097291131e+00
2.961904412878938242e+00
2.515306915204074123e+00
2.330983253908296415e+00
2.794733775260994868e+00
3.302501825293691962e+00
2.894254665772772128e+00
2.498203873147770704e+00
3.221342780648768667e+00
3.326889477678712126e+00
2.788758449508358606e+00
2.604056214674983050e+00
2.441223452467114363e+00
1.980522931658283303e+00
2.561874984701735247e+00
2.434792516146923269e+00
1.026818060831764745e+00
2.904616703540200628e+00
2.666397643616460922e+00
1.547838908993270257e+00
2.191149265305913030e+00
1.995594838651053360e+00
2.178784834665394854e+00
2.304568068345556942e+00
1.636150373231670896e+00
2.803841156008858526e+00
1.791053267102065361e+00
2.812412940496840541e+00
2.517565494439625073e+00
2.460093047195542226e+00
1.326465338154190876e+00
1.944455417098909900e+00
1.519121824274624721e+00
3.653236447193309200e+00
2.791924528072304401e+00
2.667262353320891233e+00
1.873721063015828747e+00
2.764606385957475876e+00
2.819443871836317506e+00
2.563553903800533273e+00
2.640817001106124717e+00
2.867484313457155043e+00
1.607737219673028628e+00
1.865432857436979841e+00
1.905274107208509982e+00
1.856593939729494602e+00
1.955211410022477114e+00
2.372116760846484151e+00
2.707543366831548504e+00
2.720587347859032779e+00
3.324189342974703365e+00
1.798731948335007713e+00
1.969896514575857127e+00
2.189240933422709201e+00
2.788314498730970925e+00
2.950209542791665918e+00
1.480433302834282649e+00
1.955050148502263330e+00
2.645879379828519617e+00
3.063027883422599462e+00
2.188622967950545561e+00
2.128981370283705932e+00
9.741618014428458094e-01
1.501959021349616785e+00
2.195207647219541869e+00
2.374207403759338586e+00
2.401097096649197127e+00
2.962734949723817124e+00
1.937556240990369272e+00
1.429455627473550594e+00
2.764510744457240765e+00
2.956924960436229544e+00
2.969224657757112862e+00
2.156606789403479052e+00
2.633308441681419865e+00
2.268313468067283623e+00
1.397198897720717259e+00
1.933479523269901135e+00
2.732165916292239149e+00
2.299307342157205891e+00
2.434485892026026832e+00
2.218319044267023532e+00
2.052872161395976836e+00
2.380313390103298676e+00
1.763836472221049334e+00
2.676252832417372218e+00
2.626961959479861886e+00
2.000768480143907624e+00
2.903138492307149932e+00
1.335369662964392967e+00
2.902439510813557444e+00
3.056479288028271846e+00
2.967122300719244876e+00
1.990801965531069362e+00
2.313857532156735619e+00
1.436164020498375882e+00
3.165128772095075593e+00
3.135081513711827750e+00
1.730751024868986576e+00
2.914950898164485604e+00
2.645931158256445315e+00
3.151633906676420072e+00
2.920630468267559010e+00
2.519657007881771271e+00
2.140739025116924044e+00
1.914392163336110064e+00
2.163099362880287480e+00
2.111653949572545041e+00
1.996874666388648967e+00
3.109542104028951037e+00
3.753156652428203177e+00
1.838589413935275862e+00
3.048509986652039760e+00
1.903891565653118567e+00
1.914948764754844879e+00
2.969698621735843869e+00
1.937273770830754138e+00
3.229503967279303556e+00
3.130519186227411765e+00
2.418341350962118774e+00
1.982698146258055738e+00
3.073028326105770702e+00
1.919350616785566732e+00
3.259249732981322811e+00
2.129521351457708711e+00
3.586097101014790844e+00
2.347042298726277121e+00
2.045798663387104366e+00
2.460907395050052848e+00
2.772763096520340032e+00
2.072269067313186053e+00
3.474878534049083978e+00
2.419345560398185047e+00
2.458344772313152848e+00
4.003123284713649532e+00
1.826382183790156377e+00
1.898272491288825359e+00
1.969420847507791228e+00
1.551542824210647487e+00
2.807243335160007014e+00
2.623955940888492044e+00
3.120753588915259336e+00
2.714481790706997799e+00
2.058305046132776539e+00
2.523992677237178572e+00
2.108889466925902845e+00
2.929564833611594477e+00
3.355367876945220207e+00
2.777341966758759995e+00
1.992485372973102242e+00
2.768818549868926837e+00
3.008984299513465466e+00
2.177842457290041001e+00
2.503801973576623485e+00
2.449380572986861182e+00
2.532081668015351283e+00
3.109512576223619540e+00
2.213152429525637288e+00
2.414277770497460285e+00
3.140647082377519439e+00
1.857415094476240869e+00
3.384146769861576143e+00
2.451424975416894192e+00
1.682209515803628097e+00
3.037033541570312245e+00
2.932678466709934817e+00
1.892064993723939992e+00
3.081485646354192198e+00
2.725836128776667699e+00
1.934508953077197946e+00
2.398259480581746761e+00
3.009193994332970856e+00
3.148382313090573703e+00
2.050763357501726780e+00
1.830858337819871284e+00
1.810174569294625391e+00
3.230997478158739167e+00
3.165941951351920469e+00
2.771235933653494410e+00
1.915829024771270150e+00
1.990880001723184245e+00
1.524870166196205856e+00
2.525951575186259124e+00
3.380209641381646257e+00
2.078225398539364388e+00
1.845196068994474192e+00
1.516540769744007422e+00
1.395360313651542228e+00
2.717093783942480023e+00
2.768211953885867604e+00
1.976188736043033245e+00
2.236928408183172401e+00
2.513133044683413697e+00
2.957134183008863548e+00
1.365281650029047888e+00
2.511267262126067212e+00
2.372194133154280404e+00
2.273067518881415339e+00
2.931536597019653634e+00
3.141095842368320401e+00
2.789659292851785821e+00
1.959269752370952355e+00
2.863580932488849040e+00
3.777904166244332007e+00
2.703910075487521603e+00
2.307670626470982977e+00
1.271382854352862690e+00
1.929750724428415554e+00
2.481890219878885251e+00
1.771873088303937749e+00
1.748084944252952688e+00
1.832627594595775289e+00
1.726373653767198757e+00
1.957501370694525900e+00
2.785139390945383209e+00
3.209699604893143654e+00
2.754954091553353024e+00
1.960180967301433652e+00
2.310825845870032591e+00
1.876043472323613015e+00
1.232171076504499752e+00
2.947965460927248316e+00
2.933774041791394005e+00
2.812157521406712490e+00
3.088255069006191622e+00
3.505598921958291037e+00
1.730539500392792140e+00
2.960202931460350850e+00
1.287802940576536104e+00
2.301623960424462378e+00
2.673074709788507253e+00
1.718203308826176778e+00
1.901476190919922704e+00
3.818985643658642015e+00
1.876598783860827346e+00
2.150317654137907208e+00
2.087684122654914542e+00
2.448507300601225900e+00
2.989552173223238629e+00
2.864116406963431949e+00
1.568411629386560202e+00
2.637400848717721402e+00
3.559629415274212505e+00
2.518369535923098645e+00
1.695438656615390283e+00
3.361931122014194973e+00
2.816852805294610906e+00
2.058260619848302664e+00
3.177087817919599821e+00
2.652743504748428460e+00
2.774795177120945588e+00
3.299354050340286726e+00
3.380542686667464825e+00
3.130903926215030442e+00
3.169689145853885837e+00
2.969449532570689776e+00
2.606036051953870114e+00
2.288494929271154721e+00
3.514305493324819896e+00
2.381037884792092107e+00
2.479613842953567460e+00
1.816441914895229770e+00
1.763182632926871829e+00
1.836019061137314390e+00
2.613303876622389499e+00
2.998044205580376875e+00
2.391510309214242458e+00
3.107272021963043418e+00
2.161594019896825980e+00
2.960835925651517986e+00
2.346605359291131787e+00
1.827469133194488782e+00
2.939484006861040832e+00
1.943240092791781448e+00
1.047889848217071096e+00
1.149602308071553614e+00
3.113575265464103126e+00
1.947677797310542358e+00
3.067059463330236824e+00
2.641053670716220214e+00
3.354252136226859360e+00
3.498007426575228784e+00
1.893622055289492678e+00
2.948702928252351363e+00
2.083185395684454821e+00
2.906948614853686497e+00
1.911700848288503396e+00
1.832658756900342301e+00
3.049629531059303567e+00
2.260861968079208140e+00
2.133902862929829336e+00
3.038161606960346983e+00
3.448319177475684505e+00
2.407322083113196953e+00
3.102807671348168483e+00
2.145674580339446358e+00
2.619727238159339500e+00
2.287647202226246623e+00
2.807361100147786726e+00
1.826248691867867535e+00
2.262687929435887035e+00
2.799730703356393402e+00
3.568916385820934511e+00
2.951714725889459157e+00
2.912104265103547807e+00
1.964152333190367195e+00
3.110626827914004355e+00
2.614585467657126738e+00
3.135406337915037867e+00
2.471599115391059698e+00
2.690619349724404863e+00
2.334585884855290061e+00
2.396224576174291965e+00
1.758681584686979216e+00
1.939459555382384570e+00
3.313785738834401418e+00
2.606997022153193733e+00
2.685516882290982288e+00
2.516392304622375509e+00
1.720277567626343984e+00
2.393788000978821717e+00
1.653050966092304730e+00
2.746914215075531907e+00
2.006386766471884187e+00
2.272336114802474771e+00
1.269632264228784058e+00
3.024570983813644087e+00
2.913284335542085657e+00
2.433714787265468527e+00
2.627487762858253362e+00
1.962806744924681990e+00
1.815881429347084852e+00
1.510654639102572583e+00
3.269566832061143291e+00
2.314474704550145479e+00
3.331938503811888275e+00
1.967466271116672827e+00
2.552877587357695433e+00
2.806164217753926771e+00
3.144250202223371371e+00
3.008292142978402417e+00
3.144299509948459637e+00
1.985013574870980957e+00
2.564198137202877259e+00
3.008317867875749840e+00
1.558701740243886746e+00
2.854180052918960708e+00
2.695781046211043197e+00
3.596414295237423175e+00
2.649968376187747499e+00
2.273238020355194511e+00
2.055804142952598834e+00
2.391533877871152125e+00
3.117638923271971230e+00
2.521692860022735960e+00
1.610496109146418275e+00
2.658389816610318146e+00
2.407752251757658168e+00
2.618914325838018531e+00
2.071570137364364683e+00
2.876025561761017979e+00
2.954596246625402767e+00
2.227594532461772747e+00
3.147379525893701402e+00
2.004081918800229900e+00
2.886615192918240869e+00
2.322922104813247568e+00
3.132883547470072028e+00
1.956148101309169718e+00
2.743845657518754866e+00
1.959023901668240253e+00
2.402225788696509046e+00
2.604720679907255754e+00
2.468940490102496721e+00
2.460282293314480118e+00
3.773374330259642750e+00
2.797445538747667548e+00
2.909621077146971935e+00
2.659818636244599244e+00
3.599688383082305876e+00
2.394282596986850198e+00
3.559705411044555401e+00
2.442018232969352276e+00
2.642904507998190322e+00
2.474188566144060353e+00
1.888617444078177110e+00
3.609731276563797664e+00
2.741609439597834985e+00
3.347116072622446925e+00
2.020936535160732905e+00
2.175625476719015960e+00
3.378757645705503521e+00
2.309931327247978228e+00
2.382166830201359886e+00
3.346042394311451229e+00
2.270194396869991138e+00
2.021590052347047806e+00
2.298671366039506392e+00
3.049467921192273057e+00
2.389033153132628762e+00
2.935543610724992813e+00
3.276658223699151495e+00
1.829128042696843925e+00
2.142836448773841163e+00
2.265438290694652856e+00
2.673318800778449855e+00
1.958353871827465786e+00
3.354481664543807806e+00
2.914173176829431444e+00
2.304925240514303475e+00
2.145487366138542296e+00
3.302957580777979629e+00
2.167143523649550207e+00
2.531222577590658940e+00
3.638061551677767902e+00
1.535786953125289678e+00
2.961784267945288374e+00
2.514903626192256159e+00
1.868623021611492963e+00
2.398067836834582689e+00
2.600610837457670410e+00
2.895072526279165448e+00
2.474916229892044850e+00
2.748665480655248849e+00
2.958377709850822601e+00
2.000247174024303742e+00
2.759078888876459690e+00
2.789829244827626731e+00
2.418372139859039649e+00
2.397735421849661819e+00
1.771145931054540101e+00
2.432115485322237980e+00
2.388859225100308681e+00
2.657911667059996930e+00
3.075448006459124528e+00
3.654953088566473607e+00
3.578419620290468117e+00
1.987333122995322610e+00
2.072808419654363910e+00
2.720166540298767366e+00
2.247919521767629103e+00
3.133060288626712708e+00
2.480171268404050000e+00
2.806103098297667575e+00
2.202405300820760026e+00
3.194680762860445888e+00
2.497746253778935888e+00
2.181838464527671384e+00
2.167890009320967870e+00
1.698967284559129709e+00
1.928110356633331746e+00
2.690072442026306021e+00
1.854903986780996661e+00
2.908348209551748109e+00
3.218383715075629148e+00
3.318810964010720621e+00
2.824264059972183105e+00
2.965198550677080380e+00
2.493889660717473866e+00
1.652758820029366360e+00
2.154113621921567301e+00
1.449382356318488219e+00
2.914232462909287502e+00
2.468317250866624235e+00
3.294827328699533542e+00
2.615976656222819496e+00
2.103886596069341586e+00
2.109946960214637901e+00
2.933544903859691022e+00
2.159182809892206567e+00
1.932564042867139564e+00
2.724564259869250993e+00
2.126610982638842184e+00
2.627447114648576942e+00
2.583577156638859673e+00
2.895189311934385223e+00
1.932077009674363133e+00
3.169626854615771538e+00
2.248606363326391300e+00
2.843938019997499289e+00
2.442853228791627807e+00
2.368036772508771204e+00
2.126416411168274845e+00
3.132306267308214043e+00
2.356770668684918135e+00
2.506758765131999578e+00
2.377097722940472391e+00
2.513162967665275804e+00
2.082510486840807307e+00
2.954264692210051724e+00
1.866872860044008542e+00
2.634536732521472135e+00
1.757279307455967832e+00
2.784089195700974351e+00
2.354259771817878377e+00
2.965118002355520588e+00
2.663226044166341122e+00
2.495398771079907707e+00
2.655787419784980230e+00
1.969587995174018724e+00
2.548945564944268938e+00
2.215083977325785991e+00
2.564930490779774530e+00
2.847974710083518879e+00
2.670020084021782925e+00
2.868468685903857729e+00
2.425703468912965288e+00
3.756818364164131285e+00
2.781270694860800141e+00
2.837048111242665094e+00
1.757327195797439456e+00
2.683735723310709087e+00
2.530837985435807624e+00
2.269510496233200225e+00
2.453595912016481861e+00
2.542138555414764411e+00
2.530809163937701722e+00
2.174524910945401235e+00
2.175150329640315405e+00
2.307948384534177055e+00
2.525516584054110503e+00
2.056753064769163419e+00
2.505735242397059803e+00
2.437281636432005794e+00
1.744238263156200119e+00
2.807596638688158563e+00
2.003795740261214320e+00
2.268219414894737884e+00
2.612038262826886559e+00
3.308088500576821467e+00
2.180306192027278822e+00
2.417359265080702979e+00
2.970337580110683717e+00
1.375878162559871942e+00
1.960304092327714853e+00
3.290042083450804622e+00
2.406888607548679282e+00
2.509177575549744521e+00
2.299272886199274168e+00
1.587027555038113213e+00
1.952813428568790144e+00
3.218816351597470593e+00
2.898645731992031127e+00
2.917502862925949181e+00
2.946455656046516047e+00
2.779316791337921977e+00
1.972341006002237052e+00
1.835853531819493956e+00
2.797804934420576206e+00
2.655964096678093966e+00
2.854766127812948806e+00
1.657432317245928433e+00
2.768367277481249999e+00
1.909023801484952987e+00
2.347532949758766918e+00
2.186575043295414744e+00
2.906920572380121914e+00
1.570297218936117956e+00
2.627221822786764527e+00
2.254601961783722519e+00
2.271621161234649744e+00
1.973765137524663205e+00
2.352675384307432171e+00
1.829339972499903544e+00
1.984780415406040222e+00
2.015924577102072401e+00
2.912787936264118915e+00
1.966204513771904194e+00
2.226588707613189833e+00
3.617503683906503120e+00
2.522322155537759070e+00
3.065547590717112136e+00
3.009706071703633246e+00
2.160549411514548712e+00
2.168636866326818069e+00
1.002747710312628993e+00
2.830733996634157812e+00
3.068497733072049982e+00
3.535191879936484316e+00
3.484639551698522464e+00
3.011124467606190791e+00
2.785568824735657589e+00
2.753639038962027108e+00
3.082153321729967921e+00
3.134030917873984468e+00
2.507567552058015625e+00
2.014514217479031366e+00
1.936393875683566357e+00
2.536864898696129078e+00
3.116024279627223503e+00
3.212422038844731542e+00
3.441606633882316579e+00
2.876233827918929897e+00
3.449966815763521932e+00
2.382974048980735837e+00
3.694412263686190911e+00
3.136330441297717986e+00
2.175190231045726730e+00
3.321598038382085782e+00
1.819982976283020193e+00
3.505952246179842025e+00
2.957535628536413164e+00
2.507278782784331028e+00
3.583297198217087143e+00
3.256817664445339044e+00
2.660281150748553092e+00
2.496185901658468431e+00
2.468665647402834118e+00
2.596058067592416307e+00
3.334143661670724512e+00
2.506057024609734452e+00
2.233357388758136608e+00
2.540544416779952019e+00
2.357897156393498062e+00
2.366008713507774974e+00
3.932471141382346325e+00
3.572161330039215432e+00
1.061371083394124781e+00
3.340062136459258202e+00
2.940421188520405682e+00
2.007531594549355258e+00
2.249650017977507854e+00
2.654214005903424933e+00
1.955816488931032993e+00
2.899061922583272555e+00
1.833096918521943897e+00
2.627770970678608098e+00
2.201977220773467803e+00
1.820588119884775091e+00
2.045373250408919485e+00
3.066592370147063207e+00
1.966069479378125262e+00
2.971855423218578096e+00
2.204169002195115468e+00
1.847924690490594379e+00
1.710478951139975168e+00
2.403743800240213169e+00
2.816653133287409183e+00
1.887461899854856906e+00
2.236851893695563032e+00
1.609244685680758513e+00
2.006451368866977170e+00
1.480132487158583698e+00
1.766005655539481856e+00
2.766638087848350303e+00
2.622573679825831672e+00
1.202982278518215820e+00
2.686240941573489582e+00
1.882975623226493367e+00
3.211819011553185277e+00
1.627464437982856227e+00
2.811882277672781871e+00
1.840630048024820109e+00
3.578816732947150303e+00
1.930370884702884426e+00
2.715366645932787204e+00
2.148189673752981310e+00
2.951639959949154068e+00
2.942339215131684060e+00
3.017512914798659018e+00
2.522292477748144357e+00
3.861614548640018629e+00
2.924995731874385108e+00
2.128875641647299144e+00
2.402107678250692491e+00
3.346373305983835422e+00
2.213528642194787288e+00
2.128629086713183405e+00
1.705465486643975126e+00
2.844575232787998509e+00
1.960886688226226582e+00
2.291217465531763864e+00
2.101409503397760226e+00
2.098292781065760781e+00
2.084481795581543562e+00
2.603413087742143528e+00
2.305147101072423599e+00
3.562277972073169874e+00
2.898241473444226557e+00
2.861661222434951579e+00
2.511140841053631334e+00
2.752218808557681307e+00
1.955441424189896971e+00
2.665440739447336504e+00
3.292972697112528380e+00
2.115231572340543043e+00
2.353858170229512936e+00
3.647441806371223727e+00
2.628465994833861341e+00
3.254348552791327620e+00
2.340231695690481839e+00
2.646331032829117191e+00
2.788588981420793811e+00
3.807474395409609080e+00
1.283019079222286640e+00
3.017330905380751549e+00
2.875507316684631665e+00
2.212657790659260826e+00
1.666358702450920104e+00
1.725450345364966331e+00
1.859556230637833263e+00
1.630176907434258471e+00
1.823874290994849989e+00
3.607696331130811451e+00
2.993887527378724656e+00
2.996268277589003937e+00
2.787092141296875880e+00
3.042867104151274038e+00
2.322645423915976615e+00
2.111779948854726197e+00
1.820731155840545901e+00
3.034420228105793704e+00
2.488513171876469254e+00
1.904044501649037269e+00
2.322606175003563145e+00
2.677457604300009120e+00
2.329856202713890045e+00
2.205150227566826882e+00
2.666060881389958226e+00
3.106793061700032776e+00
2.195711495674089075e+00
3.144640107431760256e+00
1.872219660016237297e+00
2.647624946645890098e+00
2.393123433635894415e+00
2.524869544171623126e+00
2.774270654297628536e+00
3.133620600354191765e+00
2.898306156106306819e+00
3.481838379949865558e+00
2.640248062747556634e+00
3.344247985087318575e+00
2.729261942289778364e+00
2.214910412027388364e+00
2.186683323203618912e+00
2.808834316979806012e+00
2.590134555498367241e+00
1.442878021857705528e+00
1.873730241790655615e+00
3.577931149231401875e+00
2.754936126508330752e+00
2.640269632754270734e+00
2.037378088159105705e+00
2.659908279206504744e+00
2.513243895609188261e+00
1.704478682434942272e+00
1.925707147966853050e+00
2.068784557816538250e+00
2.693793962686543697e+00
2.926586675712926855e+00
3.138079656430079467e+00
2.530107630235322702e+00
2.895516520256522508e+00
2.537365802235901580e+00
1.963514939646996860e+00
2.879881900827736541e+00
2.487888328551025374e+00
9.402415611884090696e-01
2.393956213146104073e+00
2.518435769061514673e+00
2.262195120211214494e+00
3.548587167582237800e+00
3.145711846814873258e+00
3.358112392720216111e+00
2.587383101931686635e+00
2.013031972261098979e+00
2.825048012432446409e+00
3.326677586210937232e+00
2.447856550614358362e+00
1.759368394505213429e+00
2.631469554097714880e+00
3.326753807647873984e+00
1.804097147289346115e+00
3.524186808880506394e+00
3.014578700685808688e+00
2.534116190401023427e+00
2.505450548654349241e+00
2.876954739533943872e+00
3.653327105969176092e+00
3.157456087890206042e+00
2.405412259874351921e+00
2.395343197906339316e+00
3.167792434942353630e+00
1.907933862159727489e+00
3.602806807741909978e+00
3.118838329568359047e+00
1.581893574736793262e+00
1.777350922152691304e+00
2.410361002962179366e+00
3.325414167754532357e+00
1.672372453959811045e+00
3.243764580115132912e+00
2.465100085336513036e+00
3.876807908805506298e+00
2.633965941988035908e+00
1.903204043021144765e+00
4.303378411040716500e+00
2.567188622387038599e+00
2.612803521919472072e+00
2.698764207237724921e+00
2.435088130582486521e+00
1.454278667694199889e+00
2.532599098775654145e+00
2.812458141579147419e+00
3.124929812797348383e+00
2.537725870974829157e+00
3.139633557131488839e+00
2.422456666596379815e+00
2.910269717832487224e+00
2.529895077108974100e+00
2.636245961028475193e+00
3.224455059335170848e+00
3.272073955701537695e+00
2.304927003588989720e+00
3.092031196234421575e+00
2.815398444373645503e+00
2.257716168130345480e+00
1.611116232465102049e+00
2.088717268463657462e+00
3.172828230177966002e+00
2.797616984925765937e+00
2.476505609584779055e+00
2.973074533615480686e+00
2.937629280648109908e+00
1.790925707862279337e+00
2.531037312481499324e+00
2.385941409914186018e+00
3.002288007829794214e+00
2.444643760440381008e+00
2.479131780599287627e+00
3.386406294664872085e+00
2.694876416261873242e+00
3.160178627131529971e+00
3.311078614162485945e+00
1.913078654092451591e+00
1.569276315803756372e+00
3.065625271280131070e+00
3.593427433198405296e+00
3.431796196778203800e+00
2.907571102124834717e+00
2.778691392985160213e+00
2.774053002310892246e+00
2.022499199535554126e+00
3.142470933915632703e+00
3.313675008175094305e+00
1.070932198826305637e+00
3.408171564104253815e+00
2.750386078601332773e+00
2.031867944668373838e+00
2.123831055283312619e+00
2.943523856264413485e+00
2.428096620589776489e+00
2.645048621591390869e+00
1.847581634744223322e+00
3.290926996245164826e+00
2.558087511961825822e+00
2.109019286171361696e+00
2.042280784765662105e+00
1.871190190237049800e+00
2.704691447307220553e+00
3.491947512048081403e+00
2.429112317113736985e+00
2.879892226678428813e+00
2.247252511844461953e+00
1.807483885177123328e+00
1.313099301246134498e+00
2.242866122105300342e+00
1.929420754103268187e+00
1.926405171721369936e+00
2.170025150454712559e+00
2.648076883039206741e+00
1.841020050857398394e+00
3.110269228329410218e+00
1.771770432518597227e+00
1.995791910349291376e+00
3.360993542955768465e+00
2.393583639800911378e+00
2.588841614229312249e+00
2.888992045199846981e+00
3.346271737063878149e+00
2.796942870962375594e+00
2.440345826354879399e+00
3.077047880467660423e+00
2.959684395838665605e+00
2.160043203761376596e+00
3.377081120061351083e+00
3.131744660230767696e+00
3.241949058598799560e+00
2.326343165545785574e+00
1.973106874474233940e+00
2.423418771723500509e+00
2.754918265912602582e+00
3.376731409774833548e+00
2.369513153682400119e+00
3.337824286831957643e+00
3.062113658353795120e+00
3.182002420062464143e+00
1.438449038496587562e+00
2.044981119170020012e+00
1.551219051704749941e+00
3.105708957618484867e+00
2.163139606961185901e+00
2.795307129951018155e+00
1.644423332068595256e+00
2.815593558520548267e+00
2.214009712998014745e+00
3.364927649535031762e+00
2.349496151010605605e+00
2.644307325332655445e+00
1.967415266998635781e+00
2.863709397900726206e+00
1.815950435310809574e+00
3.058948657278104832e+00
2.506321915728727756e+00
1.966468272896843672e+00
2.973337081154051820e+00
3.194066614417125027e+00
1.682546259941324340e+00
2.404145975496640109e+00
2.227665039308840189e+00
2.069487234862140479e+00
3.128704070454200181e+00
2.511762823278333556e+00
2.462132895708655234e+00
2.141271034780237503e+00
3.059106403052022749e+00
2.344824651180866582e+00
1.919594861689038812e+00
1.328607870480513764e+00
2.513845917378534800e+00
1.768925773599514750e+00
2.805979984778147696e+00
2.124637858123211487e+00
2.810446830460786138e+00
3.665062642334374399e+00
1.290812699280250220e+00
2.296461406841408870e+00
2.179125816264289917e+00
1.800300091407879499e+00
2.955128877132328746e+00
2.489980589750625306e+00
2.347980933242928003e+00
2.794768717819273274e+00
2.671383498336097340e+00
1.527166844461507633e+00
1.869036286892510113e+00
1.907366863785507904e+00
2.686764120447461934e+00
2.276469779139666194e+00
2.366811368923222858e+00
2.957883592279841878e+00
2.903487569408121693e+00
2.242927035991319595e+00
2.220497885974058505e+00
1.876536001101027029e+00
2.693395627011637483e+00
2.686930746974980799e+00
1.888793386668394803e+00
2.729175489601781468e+00
2.021705990306445155e+00
1.404666562231225546e+00
1.973155175349438739e+00
2.483742470294011184e+00
2.010301571650148666e+00
2.379411716199102855e+00
2.111430239176315116e+00
2.165012723917719040e+00
2.401780078759714332e+00
3.165342501357442551e+00
2.158681570526823634e+00
2.985371281398693455e+00
2.651221350347455541e+00
2.396852120384352691e+00
2.859495728268329540e+00
2.644796532118435906e+00
1.568669404252074795e+00
2.220884488859899530e+00
3.011011797443229998e+00
1.254539994674159553e+00
1.841624475573282904e+00
3.097181842807732011e+00
3.202067685801108343e+00
3.144881533495428094e+00
3.597136828129838371e+00
1.961668449666158942e+00
2.640848966306978518e+00
2.001463736355604262e+00
2.235973048738778335e+00
1.268228947000401119e+00
1.662552886994155266e+00
2.964389321733417848e+00
1.945376872769285059e+00
1.961411641682894835e+00
2.141808997468322318e+00
1.906425333267715017e+00
2.284489513077474498e+00
3.172056426297369391e+00
3.447486309344906630e+00
3.004420405695429341e+00
2.384146613681172422e+00
2.514598803563974805e+00
4.130806059189729318e+00
1.917337597110408964e+00
3.810775912777328855e+00
1.920336880672187885e+00
2.049330725964185085e+00
1.539604369327467914e+00
3.456908741591356193e+00
2.656006019762327419e+00
1.962126098306964161e+00
2.753580270025100862e+00
2.070264785714878375e+00
3.116086528850943616e+00
1.972449856107346688e+00
2.352621826877139721e+00
2.653958030895742670e+00
2.595616653225400583e+00
2.858711862700231254e+00
1.961439633478781364e+00
1.620357949032867007e+00
2.972024373088012705e+00
3.400682613429372392e+00
2.815021456873992189e+00
3.150654540889827437e+00
2.440191384405907549e+00
2.897445426754477804e+00
1.920018010534598973e+00
1.777630885236872516e+00
2.535179638926067458e+00
3.663359048063754564e+00
3.216148773385894444e+00
3.096541877945811372e+00
2.442211038340658114e+00
1.951814273756368845e+00
2.611030794375175823e+00
2.519562720846088677e+00
1.869190514337208064e+00
2.185614841422410137e+00
2.642962847411240546e+00
2.515660001475308327e+00
2.407911765285052130e+00
1.755881230950986582e+00
3.150570072709174330e+00
3.132324030061090614e+00
1.766873427497616333e+00
2.091590187531531697e+00
2.047238679550586138e+00
1.911162992253687243e+00
1.975867817785488478e+00
2.777538662222875487e+00
2.932155474054039423e+00
2.608268680690803532e+00
2.418382670766458631e+00
3.414838662930854252e+00
2.200025567568725471e+00
2.927707138894391825e+00
3.187742726460949250e+00
1.342628815745417814e+00
2.814955737481473097e+00
3.377426019863677187e+00
2.721848987260071517e+00
1.982567381183123700e+00
3.216336451439923749e+00
3.475405305138350887e+00
3.665531079887561106e+00
2.175485190521709189e+00
3.740075630168354870e+00
3.583513502309895848e+00
2.138029828859382864e+00
3.091252063766735780e+00
2.640132653585435474e+00
1.238967733710774066e+00
2.388625387285062462e+00
1.814783355634267625e+00
1.898517564903726251e+00
1.783980191904356305e+00
1.967752512770871265e+00
2.854061771779631052e+00
2.485918981867059507e+00
2.124799397452108440e+00
1.423388967861499266e+00
2.924801652676928931e+00
2.495398549522298115e+00
3.052952341637614975e+00
1.471099730924653626e+00
2.783694646203604517e+00
1.922425182766829721e+00
3.387025962704329096e+00
2.110864227012478445e+00
2.369618302572006563e+00
2.401909335592920858e+00
2.338885093052001540e+00
1.687656977218432441e+00
2.291767205867710988e+00
2.370318160100147065e+00
2.103079304465164778e+00
2.485309071359882438e+00
2.522835570321217080e+00
2.383687943555877986e+00
2.366066778282116534e+00
2.330536493754033600e+00
1.951263619941216554e+00
2.768278771865962273e+00
2.520665859314833668e+00
2.048686019159673855e+00
1.503572246286550840e+00
3.099318447757113848e+00
1.921359534178639805e+00
1.980987357655619396e+00
3.071021062239936317e+00
2.967381811233222866e+00
3.006375815903107984e+00
1.922815855745983349e+00
2.687219098203737389e+00
2.241068766747839724e+00
2.230972947713534715e+00
2.886854347412695976e+00
2.232979283228040845e+00
2.382617145946809956e+00
1.975900327096730802e+00
1.968060466672717057e+00
2.401739765727995302e+00
2.325492196395595901e+00
3.418696520964529917e+00
2.286429483406556606e+00
3.172656574671360197e+00
2.430641067181700254e+00
1.451113394703898996e+00
2.841408224047821562e+00
1.903817919906177103e+00
2.797188364624167534e+00
2.269342066765315469e+00
2.495729429007187417e+00
2.649966249377680327e+00
1.772686797555121485e+00
2.765548969835925686e+00
2.804262111388861278e+00
1.972054607005865545e+00
3.340784884742997285e+00
2.727856223252639545e+00
3.806350132780646600e+00
3.111355146606816113e+00
3.006959585516630451e+00
2.819868873205082949e+00
2.274902231861259949e+00
2.370755237070902410e+00
1.687062864554101704e+00
1.909348309973370794e+00
3.046333816381927573e+00
2.103787824735758427e+00
2.371207807195526041e+00
1.923408339998874839e+00
3.413922081554342292e+00
2.518489592874408434e+00
2.489911208387067365e+00
2.515443761269503753e+00
2.962194800382994320e+00
2.294828180534199014e+00
2.384643080978491092e+00
1.499359849951626744e+00
2.222060961575293980e+00
1.377944822891896903e+00
2.517667656435726098e+00
2.218066145779749032e+00
1.851963645778646139e+00
1.951837256578368596e+00
1.821098510652259250e+00
2.161573412361651680e+00
9.535029969812918171e-01
3.081420592240639245e+00
2.300082889713902734e+00
2.651459658501740702e+00
1.878165186710145207e+00
2.528326386574603735e+00
3.011609923617755591e+00
1.920311171260861149e+00
2.523014573106619363e+00
2.722374119954613203e+00
2.808545401098369254e+00
1.939003288508498013e+00
2.196377443343193292e+00
2.947992849834335072e+00
2.447143007643988621e+00
2.342264209471585090e+00
1.856298865421697863e+00
1.808269643012303973e+00
3.242747328211280422e+00
2.814741507059248971e+00
2.219827872875919539e+00
1.975238033613695210e+00
3.107474964875452272e+00
2.557217525685383297e+00
2.279565208282494204e+00
3.503364524513617795e+00
4.040322189632890471e+00
2.519080264330677998e+00
2.496333459392976017e+00
2.757128980953427622e+00
2.087727122404122948e+00
1.692338012025092153e+00
1.748645697402722021e+00
1.691462178542570527e+00
2.257728213345220336e+00
2.992023077416264609e+00
2.244403039375522990e+00
2.646225608353802716e+00
2.320114736566607494e+00
1.480572715428033259e+00
2.529295861070430362e+00
3.142598657744978041e+00
1.775660037283324444e+00
2.810740114299759451e+00
2.284141293507979231e+00
3.056223102394194147e+00
3.368927286767233742e+00
2.406576193895303195e+00
1.903877789892788774e+00
1.897381880030786450e+00
2.649104866551645454e+00
2.364432074434100972e+00
2.990638398762999195e+00
2.627724904487843904e+00
1.996414208628724429e+00
2.869347994806641378e+00
2.998867479167295791e+00
2.693943316349622918e+00
2.258000474218494258e+00
2.018947388067524162e+00
2.230966619160733799e+00
3.520862631486433081e+00
2.290018201607298298e+00
2.607013340591573414e+00
1.873606469973113864e+00
2.623751413999732218e+00
1.925398742633139815e+00
3.233850453351629017e+00
2.418933012416952355e+00
2.289345715371872814e+00
2.765350808653281867e+00
2.727863882602327372e+00
2.731612922640442864e+00
2.544405952904623902e+00
1.440682652303771238e+00
2.221735656298767125e+00
1.518139999906861659e+00
2.345957789839165919e+00
2.068561582446932778e+00
2.147456759039251928e+00
2.267192231319701268e+00
1.651040769456361579e+00
2.574865239115541549e+00
2.488417681575635143e+00
3.185851769630799080e+00
1.985648694808498371e+00
2.290543541656100857e+00
2.392540357595841716e+00
2.352485536980654768e+00
1.946045956958069922e+00
2.917499541558238096e+00
2.093755960873902477e+00
2.272278792515156187e+00
2.403231296191455257e+00
2.969191997210668621e+00
2.361128696436658903e+00
3.272295425694572213e+00
2.292364267083220941e+00
2.114918754866858652e+00
3.316839662183367565e+00
3.243898700927770218e+00
1.811699083962990953e+00
2.251847196780475624e+00
3.538294218781446787e+00
2.233893652877517066e+00
3.124067753271735803e+00
2.405058877246194271e+00
2.744797794821381753e+00
2.473935439175937834e+00
2.262714152229862385e+00
2.749692488018003367e+00
1.419096840959356509e+00
1.849118861026663119e+00
2.464020186257325662e+00
1.762633510499398426e+00
3.035302683288874981e+00
2.155893105516430541e+00
2.566777569389451674e+00
2.974516931941860953e+00
2.203085320259100754e+00
2.363220883419543394e+00
2.378310501032746327e+00
2.382106103503516703e+00
2.766621061645803792e+00
1.844290825188066751e+00
2.569326217684437808e+00
1.798951366147863995e+00
2.871837690238647323e+00
2.286374881697148087e+00
1.240539603972331761e+00
3.505159199917415869e+00
3.189751921259872169e+00
2.904085222760934837e+00
1.934380623700440616e+00
3.079373544653654537e+00
2.893217323620331349e+00
1.608557254110803747e+00
2.969114308794603030e+00
3.011856881538000685e+00
1.871383372093087027e+00
3.076731457028490269e+00
2.779279318995965475e+00
3.295195176001155968e+00
3.113860118205126426e+00
1.822881995072822114e+00
3.562581526032357893e+00
2.602139813624271714e+00
1.365504334418975452e+00
2.104717907774022123e+00
2.982087570982119740e+00
1.947174378347144463e+00
2.400639586753275712e+00
2.632976405710433454e+00
2.822379727137738659e+00
2.475984415153491547e+00
1.530616691065587842e+00
2.256586637865011902e+00
2.252325864001175848e+00
2.684047740069169130e+00
3.539192785889600401e+00
3.282230288778874794e+00
1.924644875898101848e+00
1.998091248130745123e+00
2.588807009210928989e+00
3.753059345897685528e+00
2.573436947483470405e+00
3.069082761694771122e+00
1.696526634914232945e+00
2.936843693688078183e+00
2.185424303047968309e+00
1.571444355013652761e+00
1.944168211918074762e+00
3.751246445061015233e+00
2.336500607938617247e+00
2.613686573311998718e+00
2.939487843423899349e+00
3.182067893244191481e+00
1.591982290155707025e+00
3.097365593479455725e+00
2.103499040734940539e+00
2.551523929667014468e+00
2.353460652544220544e+00
1.843923618253770380e+00
2.977050281588232039e+00
2.916136475218794377e+00
1.772572629683521583e+00
2.478038658442465181e+00
2.174862126768942971e+00
3.282966167116446066e+00
3.076403796389977519e+00
1.901891169267947657e+00
2.150818344175069452e+00
1.999219341941970596e+00
2.497009634354795615e+00
3.106471059827431436e+00
2.713746579379713975e+00
2.509917638929457073e+00
2.947313048890944476e+00
3.116140036378318268e+00
2.577792659694818855e+00
2.114152914571755471e+00
2.952063622065125514e+00
2.924975748165450362e+00
2.968958326118162905e+00
1.952091973878679054e+00
2.775142406094240677e+00
2.392214502238960261e+00
2.170338155920856771e+00
3.529068934457856077e+00
2.740057481433267217e+00
3.405588361431557853e+00
2.396757826085210485e+00
2.356601663744495312e+00
2.433514991122913695e+00
2.998296560955024059e+00
2.141164824877930695e+00
2.656059986120508754e+00
1.379613923123190977e+00
2.638089764747012289e+00
2.820064303524275839e+00
2.338063280697711743e+00
2.090181853646498666e+00
1.765701930870030134e+00
2.102793600758767312e+00
1.800498926159039392e+00
2.261258978883566861e+00
2.166147721292206896e+00
1.786665567521042775e+00
2.026833181209963808e+00
1.687850937759970193e+00
2.972081118962893065e+00
3.130408336775360123e+00
2.774636632891454457e+00
2.591590688535669429e+00
1.946222452588723284e+00
3.414700013650513455e+00
1.943642343306824838e+00
2.648900248366852228e+00
3.130742211076398718e+00
2.797800582915088263e+00
2.810539315236991076e+00
2.182319992614855764e+00
3.380636915114205721e+00
2.583641683875160577e+00
2.789246091566227381e+00
1.618806374182379493e+00
2.806470774221699660e+00
2.810699827482983970e+00
2.089743165771461353e+00
2.093881323021546059e+00
3.331812628879001981e+00
2.206407208414402632e+00
2.626194861562050509e+00
3.316948276053012457e+00
2.127265087418140244e+00
1.573932558281411653e+00
1.932751954294411378e+00
2.224075542098601588e+00
2.771801321578819977e+00
3.375028755832140792e+00
2.787881262092199552e+00
3.230484769429926128e+00
3.087141478389635818e+00
2.841252236989380453e+00
2.702159950948207712e+00
1.847297059055312385e+00
1.920091690252108574e+00
2.402209148976147457e+00
1.736073241657396959e+00
3.410074502089361026e+00
2.074328919945493954e+00
1.275883668024693884e+00
2.921381251792953826e+00
1.882551707411548314e+00
2.565633974875294765e+00
2.935359301943357924e+00
2.901688657559489570e+00
2.804011385270104739e+00
2.921834281328095084e+00
2.132322172752853184e+00
3.439698957870388707e+00
2.486530658747100553e+00
3.433128918924547524e+00
2.406563265697573062e+00
2.534152085049469427e+00
2.813559816602712260e+00
3.210178649645094584e+00
2.471773989965398766e+00
2.971146352805991597e+00
3.565550416458450833e+00
1.860299947300401380e+00
2.802772098908579590e+00
1.340047791014626677e+00
3.134009596616511129e+00
1.979850501021154008e+00
1.328017813694257532e+00
3.196775306735465172e+00
2.000272188170290733e+00
2.590423142383150523e+00
2.070823883979364677e+00
2.554532191863748469e+00
1.801451363589504195e+00
2.906385504085118310e+00
3.384926120476189126e+00
2.437859263298308488e+00
2.927153205039501938e+00
1.871031408124950390e+00
2.579346195409907061e+00
2.517864104694437888e+00
1.991645467149324000e+00
2.656591078527740013e+00
2.648399538316339452e+00
2.756577360236430518e+00
2.166673687245347590e+00
2.261511208181715027e+00
2.933226071487732067e+00
3.570846212326728608e+00
1.741169486911835707e+00
3.376245482061689174e+00
2.651977427160123302e+00
2.982780558986611208e+00
2.662133020288159457e+00
2.617662559163588920e+00
2.240297972326313669e+00
2.772477417982839309e+00
3.437047224413304125e+00
2.991992444403285933e+00
3.057665898869812882e+00
3.556753255339825781e+00
2.290986872661914919e+00
3.022428954216161312e+00
1.057458828165356746e+00
2.145511265156463399e+00
2.922080004904798578e+00
2.741961695187522530e+00
2.655435465603695810e+00
2.000332215935852531e+00
1.277970388361185483e+00
2.036829481523138252e+00
2.265723427286374658e+00
1.802115041645163229e+00
1.974182897719680474e+00
3.433187271196882495e+00
2.936709891020764740e+00
2.391231087532394550e+00
1.881148192846833878e+00
1.998015025274114675e+00
1.779360093076121085e+00
1.415814818828110999e+00
2.102123581231675420e+00
2.977699983370323711e+00
3.164551120095266068e+00
3.123494243904258560e+00
3.367659753765996022e+00
2.989218089189125571e+00
1.996358034932350201e+00
2.964243528092585844e+00
1.718174531375344483e+00
2.670139549216886454e+00
2.648773123382032413e+00
3.330480961579931343e+00
2.165177005973043745e+00
3.336916570602409315e+00
2.087055291690973924e+00
2.350789123239366063e+00
2.615582215969162405e+00
1.901280492258065946e+00
2.691157856249843938e+00
2.527158074872905225e+00
2.306925272429470652e+00
3.105275540764788289e+00
3.661261279159413906e+00
2.181838827707970108e+00
2.756959615817584197e+00
2.005457364219733307e+00
1.695801923652145771e+00
3.115701623752627825e+00
3.117192650556375177e+00
1.054244668923554062e+00
3.062190114282139053e+00
2.177666290268860827e+00
1.522367075533336500e+00
2.818839151238265117e+00
3.512920773468648061e+00
3.330704701719840344e+00
3.363588861574500211e+00
2.356433914764480608e+00
2.656769933994437061e+00
2.947945048865576734e+00
2.638195161234506259e+00
2.457902795040848964e+00
2.304365707227628235e+00
3.301493319715850472e+00
2.817874070911669637e+00
3.076785393973488159e+00
2.332615826676449178e+00
2.820152300006878221e+00
2.315131885170387260e+00
3.325625432219603717e+00
2.158567141113206578e+00
2.304130236224604555e+00
2.497015208314798063e+00
1.957154626809936238e+00
3.548276152692186880e+00
2.516267568461710180e+00
1.793104687064275504e+00
1.612386522962786728e+00
1.834582422128783197e+00
2.958087371620150563e+00
1.187298310679926416e+00
1.921771187167202743e+00
1.361215525266836757e+00
1.671019228012951663e+00
1.327499220990550732e+00
2.640318941261289076e+00
2.632493045899112705e+00
2.504748372703498038e+00
2.289183811943972469e+00
2.348332595593968453e+00
2.878639448024925773e+00
2.566497082940334629e+00
2.887853369182636243e+00
3.175579562575784554e+00
3.339173021752785520e+00
3.328196053718631475e+00
2.231239540085915074e+00
2.869353292908473296e+00
2.176340118701313386e+00
2.011916431007911843e+00
2.000025997170649106e+00
2.563987677193773962e+00
2.405298172082851238e+00
2.764019776135814510e+00
1.983679338276052695e+00
1.882083343379132634e+00
3.076134354327469733e+00
2.809405636962837516e+00
1.821579451124098581e+00
2.991659319712988818e+00
1.827092435645693236e+00
1.977155776207237370e+00
2.270387125510466841e+00
2.400026748903738127e+00
3.370139255736573247e+00
2.199064740315446631e+00
1.893560090123808104e+00
2.557860884041933680e+00
2.657142961420597249e+00
2.680803563449825067e+00
2.416706581680887478e+00
1.744280731574702870e+00
2.782431876609744670e+00
1.885237148447834743e+00
3.133707432210899313e+00
1.962887823682616384e+00
3.185034196076363955e+00
2.051028465501314013e+00
3.254665886492529303e+00
1.948372455894957778e+00
2.219392944359541708e+00
3.178165264637922149e+00
3.330981717642323314e+00
2.969555490142641307e+00
3.149099058019692254e+00
2.703159141315602199e+00
2.410054911488157536e+00
1.401476989555212826e+00
2.795178022965627562e+00
2.769722792450833637e+00
2.793673352322409986e+00
3.076323859418216955e+00
3.259111855914703870e+00
2.654469088730232684e+00
2.822531218379618068e+00
1.865376498423082730e+00
3.048507335108208149e+00
2.118105307467111675e+00
1.741107764268758240e+00
2.284050468560430147e+00
1.962861099794100506e+00
2.326048862987855070e+00
2.564692505390897992e+00
1.256558150674560892e+00
2.282252456091986126e+00
3.040642561651487608e+00
2.858993798928537888e+00
2.977493409730672003e+00
2.254775135452567358e+00
3.340935431135886535e+00
2.690773921189507867e+00
1.536778356796952849e+00
2.651464533830463211e+00
3.532718889919463034e+00
2.205092023904319021e+00
2.337580961345062658e+00
1.917086767443370032e+00
3.605718276010727141e+00
2.805929203589645926e+00
1.830833799863081035e+00
2.286930388697513639e+00
2.923002563531894804e+00
2.090893347472582597e+00
2.958519691702572896e+00
2.706376950818950355e+00
2.593972704126875417e+00
2.791792515635171501e+00
2.293741877863246792e+00
3.598260455218702525e+00
3.157261154239485279e+00
2.801360242289914648e+00
3.375295817522592223e+00
1.981329576254164948e+00
2.653683170241827760e+00
2.088337584621760890e+00
2.199910559381350605e+00
4.061912463537029616e+00
1.830851955221475036e+00
2.808188690342411586e+00
2.979348886633897742e+00
1.647865217551429007e+00
2.368192741989909589e+00
1.799704717487412786e+00
2.260161220062575804e+00
2.294240521656597753e+00
2.393104317194338027e+00
1.772640976527040335e+00
3.148463859151293232e+00
1.375675342907736187e+00
3.190239584132454009e+00
1.908619397399432982e+00
2.600869399324752695e+00
1.807976103594526762e+00
3.350667115748839908e+00
3.346271205792234138e+00
2.440680047359606419e+00
1.910418925832995329e+00
2.056363655278293123e+00
1.981068945328872788e+00
1.227107403255018436e+00
1.560296244413952538e+00
2.967530382060366456e+00
2.086707400826365966e+00
2.182888632833805076e+00
1.962107625816253087e+00
2.806025031133755565e+00
2.444318875157572624e+00
3.367393277223320602e+00
1.558435985349365227e+00
2.646388476937281631e+00
2.801059100034801297e+00
2.308743047005110682e+00
1.974197207808801480e+00
1.683406845756971748e+00
3.331272969747124613e+00
1.541886193517794545e+00
2.709048203773906760e+00
3.080714137420243581e+00
3.202679820863870486e+00
2.011612038172871930e+00
2.652915425085870638e+00
2.798638918879149173e+00
2.944064963171470151e+00
2.332245060860568930e+00
2.294026903833265685e+00
2.821103627744929288e+00
1.339018719811402747e+00
3.144292048990724009e+00
2.565217826888820163e+00
2.400076543389944472e+00
2.510190659924469436e+00
1.721099962333603850e+00
3.395201612509495259e+00
1.390138741897929853e+00
2.146084422429389793e+00
2.420768222985410389e+00
1.801350608993165903e+00
3.927196322760528435e+00
2.776187140661921848e+00
2.898485553659369884e+00
2.725340032788989841e+00
1.478696659655488688e+00
3.727455365884595917e+00
2.010577394125298678e+00
2.486925858924499799e+00
3.380429206774820727e+00
2.520956247930221661e+00
2.464625675906859215e+00
2.547127620056778952e+00
3.154859966228293455e+00
3.166766601733704611e+00
2.359547594528739189e+00
3.111130634779683213e+00
1.463212020763542176e+00
2.378957068092354188e+00
2.959525420388856354e+00
2.794196466146224189e+00
2.957711905962610910e+00
3.160192915816046888e+00
2.810558730458219578e+00
2.047703003923330822e+00
3.219069145090012185e+00
2.638887179479556977e+00
2.524746902630091050e+00
3.064209903988541761e+00
2.664902572833524275e+00
2.739592345957257091e+00
2.285398064774446958e+00
4.451050465475478113e+00
2.804540980205473932e+00
2.799790174938120657e+00
1.836867654591463284e+00
2.019243868389588581e+00
1.768051955985264545e+00
2.630220147232852135e+00
2.805528901552648335e+00
2.319513755538938682e+00
2.760928180621796457e+00
1.497374405518909768e+00
2.362127226903678157e+00
1.935988178849794794e+00
3.533262206835932506e+00
3.346919663888754837e+00
2.609669734029641752e+00
3.933805414810032097e+00
3.213960786879952458e+00
2.866395559689288053e+00
2.307237347889014689e+00
2.378172931625234465e+00
3.017050897755262362e+00
3.182107546644770135e+00
2.321305611347613596e+00
1.584212375368825754e+00
1.916964316630410892e+00
2.649610457026250199e+00
2.494959700682441106e+00
2.386256174555985154e+00
2.578984890328858803e+00
2.941495821631435525e+00
2.817640626168401052e+00
1.855131545082481459e+00
1.957687079630031635e+00
3.139000990290567561e+00
1.683682529256966820e+00
2.130595730711102309e+00
1.965783969371798445e+00
1.982917682993237563e+00
2.325154925070711087e+00
2.402921198744860654e+00
3.606358436693103631e+00
3.587689119609259958e+00
2.447880711645384455e+00
3.153495933857468181e+00
3.154631680871385679e+00
2.777302802212902932e+00
3.731130165184824765e+00
3.078778361696376198e+00
2.394627449779637818e+00
2.214617849628959689e+00
1.612599229072455120e+00
1.793656593711656200e+00
2.379237787579568497e+00
2.516823869257473145e+00
2.514327075787450738e+00
3.187054987498830538e+00
2.765575019765881493e+00
1.954559082557382199e+00
1.949420573914284471e+00
1.271669739609635252e+00
2.502727021048938294e+00
2.967843024942507402e+00
3.487305427885349474e+00
2.103112582430328281e+00
2.762146641615602416e+00
1.724327467347388065e+00
3.194000471322037349e+00
2.427730271880170765e+00
2.792218314101473808e+00
3.057786282094916874e+00
2.954672855349051996e+00
2.518014668881274343e+00
3.235968196245206485e+00
2.136275511294190022e+00
1.850562442364189097e+00
1.968773167271040236e+00
1.126976269238311179e+00
1.937074551912528753e+00
2.340278794815001895e+00
2.534330075508888225e+00
1.892789688720902586e+00
2.720601287678958258e+00
2.972715859339366773e+00
1.879429491807706798e+00
1.720027336631445802e+00
2.485828150628997868e+00
2.672788330475434737e+00
2.812069900336052530e+00
2.861479176324686513e+00
2.788611710795683152e+00
3.023330186255114960e+00
2.231384733818791766e+00
1.858360629438165157e+00
2.764657792157324323e+00
1.391885158112473375e+00
2.388510060152609249e+00
2.357288916447981553e+00
2.296925432499171027e+00
2.371265490466542669e+00
2.573676653354527222e+00
3.064936828458833418e+00
2.881175199424960365e+00
2.545300240383428836e+00
2.523264056605647454e+00
2.876681219805250489e+00
3.077169796294935367e+00
1.840958083178452442e+00
2.281653835997203839e+00
2.276104268034681244e+00
2.305882548984217184e+00
3.184229867003086412e+00
2.199523253258363287e+00
2.359799491247764003e+00
2.774097679724925491e+00
2.377719800896972213e+00
1.957460277940108906e+00
2.289043103643959576e+00
2.201186443663315728e+00
1.380568868989866527e+00
2.916703296227070918e+00
3.131588041869280747e+00
2.834741279431582051e+00
2.512369919483965486e+00
2.769684190530711465e+00
2.647845388953662837e+00
3.001212341921435378e+00
3.278879404509356554e+00
2.968380370284818603e+00
3.384457944225254700e+00
2.797699798134198002e+00
2.962104449554858299e+00
2.505005049802822903e+00
1.370986052366764740e+00
2.517112268012933196e+00
2.308974582053791469e+00
2.262514330107259219e+00
1.857653060034030412e+00
2.915311796513097242e+00
2.459314545304032595e+00
2.805750318770301899e+00
2.635648784641921871e+00
1.985249937329312431e+00
2.319797028548553630e+00
2.641747936972085320e+00
2.401509168570601371e+00
1.838797958930461718e+00
1.762569285337899805e+00
1.821874618750295882e+00
2.463397520497752957e+00
2.083772611313072343e+00
1.998168713621043535e+00
2.786193775658867722e+00
1.401376199019830793e+00
2.280116627584444444e+00
2.973032738815136522e+00
2.415338544360006612e+00
3.566841686523659405e+00
2.576491136626191114e+00
1.925361048132605113e+00
2.227487030070715246e+00
1.923720836736696471e+00
3.149218534368968925e+00
2.393023879054878567e+00
2.609487180028967401e+00
3.122371029610893967e+00
3.186160318224515287e+00
3.076851698727474993e+00
3.644885176053664910e+00
3.040098849066819930e+00
2.388016030463336659e+00
1.775916966546839726e+00
1.964606440358712902e+00
3.558727840912703666e+00
2.550752350949091696e+00
1.811568532039578683e+00
2.672282887875081059e+00
3.410130533000208519e+00
2.939669137213448913e+00
2.865797304264139811e+00
3.592504531328928774e+00
3.246575037112646278e+00
3.065052456606602416e+00
1.918574765542765848e+00
2.396465082418891335e+00
2.579888230696547158e+00
2.083088503570566630e+00
2.204861200459437232e+00
2.783961107073688268e+00
2.528946323526805262e+00
3.381567717129120076e+00
1.784777900689722419e+00
1.834597176072937152e+00
4.066018416132471280e+00
2.776021361884076999e+00
3.523243679553940133e+00
2.654347094436148691e+00
3.221485422788803010e+00
2.806056460233447236e+00
2.410737270749756522e+00
2.622881597672161114e+00
1.812035989271907344e+00
2.785597676759567598e+00
1.952906090552730234e+00
3.152345796584585802e+00
2.664789371706708376e+00
2.333239926152995469e+00
2.095990228848501058e+00
2.001037851603709949e+00
3.434867477060199015e+00
2.591542708872850209e+00
3.155738558223967427e+00
2.394593726879822526e+00
2.948897573056997068e+00
3.498108923985095320e+00
2.484624352840828276e+00
3.229794658081337033e+00
2.718446453512712413e+00
2.597228272005229766e+00
2.999629082567204730e+00
3.574609303070982680e+00
2.228965135115366980e+00
2.974130700360703372e+00
2.106375289445693522e+00
2.507546302639658276e+00
2.662830862460491943e+00
2.245082354324289931e+00
2.674949268534482449e+00
2.396625385760452254e+00
2.204096298982986646e+00
3.352996172697676247e+00
2.294406477079934170e+00
2.784968354119849998e+00
2.405913246543445183e+00
2.927632894110165918e+00
2.052139081740649296e+00
2.967295166031990838e+00
1.931477317439216579e+00
2.493412493182694867e+00
1.725563669282776935e+00
2.321559239848621115e+00
2.447569578107582799e+00
2.380463900284736312e+00
2.778864107298313346e+00
2.016580068850777785e+00
2.368890705973097699e+00
2.353545507463570718e+00
1.851179246050116634e+00
2.137069417463797194e+00
3.055445547269658668e+00
2.610659633957677972e+00
2.225936397101928144e+00
2.283695172483991787e+00
2.074573890645836638e+00
2.609105346145966564e+00
2.376043579398093630e+00
2.527490357366035223e+00
2.270790197677146960e+00
2.628049203391905841e+00
3.336726023117019491e+00
2.190786163721281543e+00
2.068795944160498834e+00
1.396918929877124738e+00
2.962734368730711054e+00
2.665884709416684206e+00
1.975645952865507482e+00
2.008463468397385654e+00
2.390006181778379091e+00
2.343640799177197032e+00
1.735347754574044776e+00
2.523825159504782700e+00
2.180899820820604962e+00
1.492286736089508459e+00
2.301606041144717452e+00
3.526415141640910633e+00
2.015482110502935686e+00
1.956355670546949810e+00
2.658012613679950675e+00
3.004514611171366312e+00
1.676773126141244408e+00
2.319701004558831769e+00
2.306678000548487262e+00
2.824134868966201140e+00
2.461676898492501486e+00
2.260776381883097930e+00
2.250641827275703832e+00
2.023736472500576422e+00
2.976868332731493982e+00
2.782016903588493850e+00
2.462417281471531716e+00
3.127790001598812264e+00
1.997811606259783490e+00
3.101162760674693875e+00
2.812322866074430383e+00
2.814961124984403540e+00
2.977403787182572703e+00
2.054022235656048689e+00
2.356035955135198812e+00
3.374380120026028163e+00
3.258163412358864530e+00
1.358513688549518372e+00
2.536262012951225664e+00
3.335471742000534423e+00
1.780264348021321164e+00
3.118311044458225822e+00
2.392009073790656526e+00
1.923967411300507635e+00
2.243906016150248650e+00
3.006835324843181834e+00
3.131831700128656859e+00
2.799872619047429900e+00
3.609178860520385612e+00
2.078711054947045334e+00
3.289760758191362378e+00
3.153858335176559891e+00
1.681471293907238485e+00
3.546168202331146269e+00
2.093356642593195538e+00
2.480991971789479944e+00
3.355695896581068816e+00
3.368724879578548492e+00
2.024213641942554265e+00
2.777850738714687573e+00
2.110827327035625700e+00
2.307746470295936714e+00
3.109837631114726886e+00
2.992319975583848990e+00
2.370417406464083498e+00
1.737198332249578314e+00
1.960930657776495556e+00
1.687482604310705181e+00
1.882295785387669840e+00
1.982238117801461641e+00
1.814853481155707993e+00
2.002466388052070112e+00
1.422182270886315880e+00
1.004466491259645489e+00
1.980025647461264304e+00
1.875499002824941197e+00
2.280147794446815368e+00
1.903537447957597273e+00
1.600391358408951525e+00
2.398623176874041807e+00
2.353596670378304889e+00
1.352759728702572772e+00
2.398009890212602357e+00
1.777428054747220099e+00
2.252735702164263998e+00
2.323366014065654017e+00
2.151764998077544178e+00
2.801862117861642076e+00
1.816963027466951264e+00
2.273004495706212325e+00
3.000194090021131910e+00
2.282765840521567835e+00
3.094714994298297217e+00
3.111719576379847751e+00
1.847532133719439473e+00
3.109056859660249028e+00
3.721407016446816929e+00
2.277915847847697073e+00
2.801572123241453660e+00
2.101796465309177631e+00
2.647113358152811902e+00
2.730006224721303720e+00
1.998091201685474605e+00
3.353390926505925407e+00
2.399147903394017511e+00
2.794085656415834062e+00
2.318733500390976587e+00
1.983087827938863512e+00
2.292674748551565056e+00
2.372858160829054874e+00
2.649508375847201780e+00
3.074106847658133468e+00
3.057889901426433799e+00
3.220394120438842656e+00
2.841979848769877748e+00
2.890284209563031670e+00
2.326051407478356037e+00
2.571651410182137276e+00
2.210368300277099962e+00
2.786950770180185000e+00
2.107683564449963409e+00
2.515568595005258423e+00
2.505798568265934279e+00
2.366796062954391822e+00
2.955859241720848463e+00
2.366340941602092851e+00
1.808674789467198396e+00
1.327236043665782184e+00
2.187247328910292943e+00
3.145304929963047336e+00
2.220512506306231426e+00
2.778385190122337089e+00
2.567404948684651966e+00
2.796450115996472530e+00
2.571893729862652744e+00
1.920390185965105578e+00
2.526656489055659538e+00
2.913093631529204419e+00
3.242064701345901856e+00
2.862598577736622296e+00
2.262729530006996281e+00
2.294178453458124878e+00
2.174346945007948229e+00
2.136619178885276416e+00
1.114818940140476000e+00
2.612338139003060444e+00
2.519873132388391390e+00
2.492485555404935660e+00
2.430978018862963719e+00
2.917199108627117621e+00
3.191036175868633862e+00
2.505198500070548118e+00
1.955780542548411827e+00
2.496866617755416851e+00
2.487145104834754594e+00
1.848519850916480411e+00
3.444174545042898661e+00
2.737734340434982094e+00
2.184470345521969392e+00
2.824070403865543533e+00
2.786952966724797420e+00
2.805656278874593568e+00
1.589525621938628674e+00
2.091107640296243630e+00
2.638022247350613636e+00
2.003283722583472759e+00
2.350136698173508343e+00
3.140916754990039195e+00
4.296722568461624370e+00
3.246393918020513691e+00
1.328908437006538046e+00
3.127705703960018013e+00
2.171917812855333807e+00
1.675071745227965536e+00
2.964317542741474742e+00
2.954240287787181174e+00
3.008959912357717315e+00
1.928866396097665969e+00
3.701311010854164696e+00
3.209419211908739022e+00
2.811815337844865148e+00
3.003414105809813162e+00
1.813986841224777269e+00
2.495458261578055836e+00
1.780004851198079274e+00
3.492231180072436381e+00
3.145639601443253941e+00
1.961700883633202386e+00
2.048201631440004888e+00
2.201368666225036907e+00
1.955823077424953871e+00
3.000268178647841122e+00
2.965630969064685374e+00
2.106613218458521342e+00
2.964135422807974596e+00
2.801392872202429274e+00
2.115986044607514049e+00
2.182072832645215232e+00
3.170577660366065587e+00
2.945897682946080121e+00
2.655917894775877031e+00
3.224354163873823786e+00
2.891992078293695645e+00
1.739184222861400730e+00
2.960112067562539195e+00
2.200060838595585988e+00
3.802195170618122955e+00
2.039202395205240936e+00
1.852701322538494955e+00
2.960721229799963439e+00
2.782554204307966295e+00
2.669819199919728270e+00
2.614128148544272889e+00
2.950655764758915112e+00
2.968989210231013587e+00
2.170322848753680312e+00
2.009905238396152871e+00
1.725417393228181107e+00
3.266703356321702945e+00
2.213168239502686152e+00
2.595241733673211204e+00
1.918107787068495274e+00
3.097054374802283849e+00
3.119759941327996611e+00
1.992954688763560744e+00
2.868715504500453761e+00
2.339180411004746940e+00
3.532937371066268817e+00
1.967058895302269850e+00
2.873331718247369437e+00
2.009605329347733615e+00
3.017087741966199665e+00
2.886496294670417573e+00
2.492222936907942721e+00
3.038846030882448090e+00
2.524287057068486995e+00
2.130788104715293230e+00
2.685116150989203199e+00
2.356866198547726388e+00
2.028510371426614167e+00
2.437166851419978020e+00
2.566771263166059303e+00
2.784191574754740994e+00
2.583485533093900166e+00
2.129058968095291160e+00
2.756992132870821788e+00
2.969259601862536346e+00
1.727057986378184529e+00
2.757067617492374278e+00
2.816295768377085729e+00
2.754742682912054708e+00
3.358658507122987746e+00
2.425194571673555011e+00
3.192474877111453502e+00
2.737643476299647105e+00
3.223577184256419592e+00
1.948965444343376152e+00
1.797545940714365242e+00
2.081511577014920622e+00
2.398093913766345064e+00
2.047447495471579781e+00
2.773724254986711379e+00
3.108737294265634610e+00
2.095435707739569775e+00
3.115692933952653121e+00
2.029761802010237481e+00
2.958287230107731869e+00
2.520676467176218516e+00
1.607220206567152809e+00
2.654394789598940374e+00
2.252086374408281078e+00
2.221860785153506601e+00
2.147816704807195443e+00
1.827825989744552126e+00
2.803298536214253733e+00
2.188736358403081894e+00
3.110276450730335540e+00
2.609203464196172551e+00
2.785947590341166791e+00
3.320727818778804519e+00
2.601037225301431999e+00
2.529836341729826632e+00
1.526158319230544569e+00
2.674512259292918692e+00
2.387499470324216500e+00
3.131329915682082188e+00
2.456063424479625112e+00
2.335821224479065261e+00
2.234615826600515387e+00
3.368013960901718118e+00
2.772633859646322918e+00
2.817980708531144796e+00
2.336023026187560081e+00
2.298212383546018422e+00
2.111279663250118066e+00
2.919905081254599022e+00
2.806757876981238908e+00
2.057962775547185430e+00
1.760460196100146923e+00
2.365111565503226654e+00
2.939722574957481793e+00
1.973071757529002435e+00
2.963562010848473705e+00
1.954204544908500374e+00
2.306848360977162393e+00
3.579470547951849824e+00
2.068765327290235323e+00
2.554574303423551296e+00
2.507554042169243935e+00
2.605875792903454613e+00
1.959556214208168390e+00
2.963879655970222959e+00
2.195104308594779230e+00
2.293684516771176796e+00
2.764878181240603361e+00
1.690054859161673750e+00
1.644777476155246276e+00
2.379530562203664878e+00
2.057019961907192052e+00
2.048796878911573138e+00
2.541659989232667449e+00
2.655604153640863441e+00
2.653537564760354961e+00
3.073608682798480540e+00
2.078583402478925368e+00
2.268352251328566105e+00
2.276923334225638751e+00
1.875464866815490739e+00
2.504274262138655338e+00
1.979280711396340431e+00
2.230031200433278293e+00
1.905166810426848434e+00
2.107975380838838841e+00
3.026601677027726200e+00
3.268441264775353350e+00
1.917946801159399639e+00
1.858175060198490547e+00
2.804515838588655718e+00
2.926643078922268604e+00
2.454143461917506208e+00
1.818351623754189461e+00
2.672162058809995244e+00
1.760209874308490852e+00
2.979161229235651298e+00
1.862220884100144858e+00
1.664765179772848658e+00
1.981631926499664020e+00
2.854075322250295255e+00
2.635448132784221187e+00
2.212282122936487738e+00
2.792417132713267858e+00
2.812266171545831916e+00
1.915835433528136456e+00
2.406825304135690402e+00
2.002691997807570345e+00
1.762387805072814118e+00
2.437445087255761145e+00
2.937737291261983685e+00
1.977904257959459233e+00
2.799893523458498734e+00
2.167213044605625250e+00
2.689384924898006179e+00
2.195616757999242719e+00
1.964091794057005735e+00
2.233499962099873670e+00
2.016924454327237992e+00
2.573810231291646211e+00
2.654527190263169523e+00
3.256347357113466678e+00
2.176296460537191724e+00
2.836175538530941065e+00
2.691559351274359191e+00
2.224237684578632468e+00
2.767224641637446414e+00
2.236115375384338577e+00
1.919745788487756677e+00
3.479839970495562262e+00
2.004521583113281658e+00
2.924231016692068863e+00
1.847903266761070196e+00
3.058342850379937694e+00
1.879392322348727884e+00
2.028793081710877466e+00
2.784100067120435451e+00
2.717144102659041494e+00
3.002278320197365513e+00
1.994937598963599346e+00
2.412053492467443938e+00
2.900699507611657069e+00
2.159427581912188199e+00
2.072223897173028906e+00
2.798893295745841225e+00
3.230981618821449963e+00
2.106693195880842140e+00
2.502449630164348626e+00
2.059494697339889324e+00
2.785983237034033611e+00
3.115780890065530606e+00
2.372040086314431750e+00
2.799196534016071602e+00
1.864269899990187440e+00
2.790442332326083186e+00
1.918840452790400608e+00
2.773988576655749938e+00
1.731988438484163506e+00
2.185735246102329832e+00
2.807327178063254713e+00
2.108047092507322251e+00
2.018327002549473281e+00
3.140340877846675927e+00
2.964043472676508362e+00
2.966211595338102303e+00
1.913073219130824620e+00
2.975743077119326507e+00
2.037678951348250500e+00
3.253538002164409804e+00
2.281426410265598115e+00
2.265203712137576542e+00
2.651287865467808924e+00
2.934159759225941411e+00
1.573167113847245169e+00
2.403212216551112945e+00
3.277676276317020410e+00
3.361675676798583368e+00
2.696238293614750425e+00
2.652731169863050020e+00
2.842023599835556080e+00
2.253871257745070356e+00
2.710340977379524841e+00
3.197100874140866189e+00
2.471948505183260814e+00
2.254325741607643874e+00
1.787371349580977986e+00
2.510715007384332953e+00
2.967187414930320788e+00
3.241320381306159071e+00
3.458494811551299453e+00
2.818223695867306589e+00
2.677685795799745527e+00
3.351415685489670171e+00
1.663221619102000171e+00
1.997290483672850891e+00
2.341455298448743783e+00
2.208113396979635823e+00
2.964104816105672668e+00
1.701523428355498524e+00
1.797745753538408708e+00
2.209262281686942497e+00
2.288813941383820438e+00
2.079898124178303664e+00
2.331287822307898772e+00
3.351446588501912682e+00
1.613389861648600876e+00
3.577328789099022188e+00
1.403039258099816777e+00
2.789416622653703381e+00
3.126714282984954796e+00
2.577985471375987547e+00
1.891250389434673718e+00
2.203311478991645700e+00
3.461491463456717543e+00
2.655339064485143119e+00
1.927633964392915678e+00
2.958126163373025808e+00
3.015980429208238611e+00
2.101997723713291411e+00
2.609794230957513950e+00
2.664265918950054601e+00
2.010629535272406176e+00
2.822211281296317154e+00
2.495568211633079958e+00
2.660302834496576896e+00
2.868913962590289746e+00
2.646771922581384828e+00
1.801737610405190537e+00
2.202973439081704399e+00
1.690116786432785734e+00
2.644155507648148440e+00
2.274980465658094531e+00
1.957625192611478271e+00
2.367614562710133708e+00
2.204808031417991643e+00
2.108050982231977066e+00
2.630493180275235154e+00
2.295477328991402111e+00
1.838407005495672486e+00
2.814443781509830433e+00
2.677471409597430796e+00
1.978209634513769188e+00
1.974233782139275695e+00
2.367232258914709675e+00
2.002971730850261256e+00
2.785899631904347640e+00
1.927491512614949665e+00
2.107766741077452100e+00
2.054711678855567492e+00
2.091683631540977917e+00
2.251366761302843855e+00
2.524286824548503727e+00
1.304617635709767631e+00
1.612054228740769091e+00
1.828756357856273551e+00
2.532156671903693201e+00
2.078698270480674459e+00
3.169113764020547563e+00
2.295880772028116912e+00
2.009286896167779890e+00
2.821033735565944500e+00
3.249054268455202621e+00
2.485156558030052754e+00
3.158323894504969864e+00
2.309867402500663580e+00
3.926585278697642067e+00
1.528194281889643680e+00
2.378563911285116905e+00
2.720183705033316635e+00
2.706025606552953544e+00
2.951818315286073524e+00
1.908416136043452394e+00
2.630983872150534086e+00
2.544574721197432776e+00
2.090663931611747461e+00
1.944992457483829096e+00
3.352928563041033705e+00
3.267866762777002609e+00
2.652527133260565328e+00
1.999843418147128071e+00
2.104389651053873767e+00
1.993790281903696560e+00
2.809016346872426073e+00
2.204805455743030329e+00
2.795859798071146596e+00
2.668101037064849912e+00
2.992876609764525409e+00
3.521052090184269012e+00
3.075525753758280079e+00
3.411706909177154579e+00
2.515704499714118469e+00
2.448642370274408009e+00
1.756659315285971967e+00
2.535063265883449546e+00
2.861575494363680860e+00
1.842081634496071985e+00
2.605378942287914779e+00
2.151177645903594282e+00
2.439787224414417199e+00
2.788462311296195040e+00
3.072937475849678357e+00
2.052368767296438801e+00
3.067702388906618172e+00
2.608152004605186924e+00
1.941880628705991318e+00
3.596565529428233710e+00
2.697975074140638085e+00
3.100646093333232489e+00
3.191027216466843619e+00
3.244299569913723591e+00
2.093159674936853953e+00
2.339891711579311639e+00
2.588878689016825607e+00
3.415418683594184213e+00
3.062029289004338128e+00
2.390988241672626913e+00
1.513301827492336660e+00
2.819937853191600841e+00
3.075156636917255604e+00
2.138344939424748237e+00
2.638728596502155632e+00
1.662156971903773428e+00
2.979306928266136634e+00
2.943223417000977005e+00
3.146727019674381953e+00
2.399573462170358606e+00
2.765540781436586659e+00
2.987439959239920562e+00
2.538816254738077038e+00
2.547945743415795050e+00
1.899424662468793601e+00
1.921129626757194231e+00
2.021196928375143642e+00
2.300179779253189061e+00
2.960092103333074487e+00
2.938871880839359463e+00
1.831146199795008034e+00
2.147661591558645000e+00
2.808038949764902092e+00
2.910414590664137879e+00
1.964885938432802348e+00
3.370329584602825612e+00
1.950786289343474422e+00
3.384965471057023834e+00
3.505339967767140852e+00
2.606648870889287650e+00
1.962332827815254310e+00
2.651818784131047657e+00
3.711267433404111582e+00
3.204717667061202757e+00
1.985426591612313274e+00
2.285472744546344970e+00
2.507339405404442001e+00
2.972133952241812427e+00
2.774164800737623171e+00
3.876977617771702800e+00
2.275097609390842379e+00
2.505449965610652807e+00
3.022336390344746437e+00
2.500832840892474707e+00
3.122523324709794323e+00
3.152147398901698150e+00
2.623619351833195612e+00
3.016116182308191451e+00
3.319905147045891791e+00
1.422701582106283169e+00
2.646694489869937161e+00
2.960225832293932324e+00
2.542558035655927640e+00
2.926406333796082837e+00
2.746799182570244469e+00
3.588598112256617956e+00
1.984264013985296060e+00
3.657773196569074514e+00
3.154048234638822112e+00
2.620223865582792300e+00
1.507780314968724555e+00
2.595103198942306122e+00
1.870395595253041998e+00
3.286734146112917365e+00
2.129558117737921918e+00
1.404240150204799642e+00
2.238610934710706601e+00
3.571350590268154157e+00
2.155241468698952279e+00
3.213779043403731439e+00
1.158765638576358725e+00
2.634664806963778361e+00
2.369158589375101265e+00
3.506742095781543167e+00
2.438429402123911238e+00
2.622661418305944014e+00
3.131747483473374061e+00
2.409015325039507882e+00
2.221531439748757553e+00
2.749360787752993307e+00
2.145971110058690012e+00
2.556224677910179377e+00
2.602673545614432093e+00
1.555658560615732489e+00
3.106770845763007216e+00
3.021352000803463334e+00
2.547694598272669086e+00
2.564873455847416661e+00
2.147530459405549319e+00
1.849644910863968317e+00
2.720437190526546534e+00
2.210833334007104689e+00
2.325205652535105916e+00
2.519082134253903149e+00
3.021466725529434516e+00
2.169895659145505640e+00
1.285875349970218906e+00
1.964714699136474341e+00
1.706913925128222820e+00
2.009190495243163621e+00
3.174037636777719662e+00
2.762165060628098079e+00
1.917108249111712848e+00
2.348329473599485961e+00
2.492560642543970584e+00
1.740652156611988799e+00
2.101643190394696603e+00
1.950812889437237185e+00
1.795035104838155871e+00
2.068806627545621168e+00
2.363721186853206646e+00
4.093940157825414872e+00
2.196985016507673194e+00
2.157831309478465354e+00
2.563380175425688190e+00
2.119648891730997686e+00
2.262864477329596280e+00
3.939289880567780955e+00
2.619387235995564556e+00
2.822580106427833524e+00
2.580443941653942641e+00
3.350253630002251626e+00
2.342507768981705762e+00
1.624826388497937257e+00
2.298307469513491075e+00
1.837275884761042644e+00
2.708778399974292483e+00
1.660649501557523777e+00
3.625108561091256565e+00
3.034957313684958802e+00
2.697668238688445630e+00
2.214361024854750504e+00
2.009084170038706318e+00
3.864717032443541811e+00
2.311768202298276620e+00
3.189092670893304504e+00
2.320160119559945056e+00
2.948192927712015798e+00
2.498892559002891200e+00
3.310891258168379814e+00
3.014767969381821011e+00
2.428116061092319367e+00
3.745447938930658527e+00
3.500610541545711829e+00
2.808334700327231648e+00
2.648778127834288565e+00
2.276331645736276332e+00
3.350637897563209844e+00
3.313272424781213754e+00
2.463310392207108457e+00
3.336642629131341131e+00
2.525563028200612958e+00
2.496832175918478391e+00
2.392516875705787527e+00
2.812217095550758383e+00
1.798582586447492693e+00
3.086403909791575639e+00
3.463206686770856635e+00
2.282367948676785829e+00
3.347965980305642741e+00
1.418951933285257816e+00
3.143739927219887154e+00
2.324670984320625688e+00
3.344936503324348109e+00
3.055934091510767558e+00
1.841887614823366492e+00
2.279897237311886204e+00
2.220089801330228596e+00
2.643206162475953303e+00
1.943362398386364598e+00
2.686557422680252216e+00
1.773994862127736161e+00
1.861359871528463605e+00
2.653468355571983572e+00
2.066041573660510444e+00
2.825140404105898284e+00
2.793577437266503871e+00
2.647351260003111495e+00
2.931037931372943994e+00
2.190260722535571691e+00
1.994663727905520823e+00
2.275671177919806887e+00
2.658005785673684951e+00
3.158326599623555886e+00
1.556151014231374807e+00
2.241553987031017936e+00
1.657563828493201719e+00
2.098902881659602482e+00
2.789787570772287228e+00
2.760161531545891389e+00
3.298898985460414046e+00
2.375300003760348222e+00
3.151312580740111446e+00
2.116973889990512614e+00
2.782400969506651833e+00
1.678039745936250160e+00
2.279763834285930546e+00
1.667439956585880845e+00
2.221241561791269525e+00
2.329492334143782539e+00
1.771602292322733030e+00
1.891784111523789003e+00
2.662881450116413085e+00
3.835856021529933102e+00
2.093728200409040952e+00
1.363615768701020636e+00
1.847801692455491862e+00
2.234498790750780284e+00
2.492195717245771824e+00
2.314569876840526952e+00
1.963617117526265332e+00
3.115780657472928983e+00
2.334206680129822686e+00
2.177287384732185860e+00
1.853043326697780380e+00
2.938609952525597979e+00
2.086391434696426739e+00
2.206286898168400956e+00
2.252838951403476564e+00
1.909970387869001529e+00
2.940071729164235759e+00
2.173205814472751296e+00
2.121366506447754485e+00
2.470495597464629878e+00
3.053388927792680452e+00
2.305573138465520699e+00
2.501364066613451786e+00
1.290246452871574689e+00
2.864367738442178180e+00
2.628615579579658856e+00
2.520391641788058745e+00
1.545436054239619050e+00
2.973770465443004163e+00
1.464125446637832839e+00
2.065519950897972468e+00
2.531522859859818730e+00
1.741138902600537719e+00
3.020663062893214956e+00
2.939182993504577013e+00
2.114288463598739565e+00
3.142061799583888426e+00
2.096131802389959997e+00
2.420466192199046684e+00
1.583365923549809873e+00
2.778514720987232067e+00
2.928878086498304611e+00
2.951310966751980125e+00
2.275221401673897859e+00
1.787318603238539083e+00
2.656976851584303301e+00
2.219165869000994995e+00
2.518023943203680393e+00
3.264159174520638196e+00
2.784388262356318755e+00
1.971533143105635988e+00
3.110582064945335734e+00
2.281639580221284547e+00
2.100613897504984173e+00
2.965535703980868742e+00
3.307799329299006441e+00
2.970141387219050966e+00
1.997220954211055721e+00
2.130063527615218888e+00
2.517384915590771488e+00
1.797599108623382236e+00
2.396187747573450544e+00
3.546859654340637213e+00
2.100149988688726044e+00
2.245890636172431343e+00
2.784712293757260149e+00
2.620478663799818531e+00
2.093086204434195352e+00
1.799039730101688050e+00
1.895112865569564597e+00
2.473769412365951048e+00
2.504217604933518082e+00
2.955398149144730979e+00
2.700131449560150720e+00
1.311992663516534652e+00
1.309166955721961623e+00
2.633321989183726508e+00
1.411861576458437684e+00
1.906967154846889834e+00
2.411902523783509888e+00
1.870642934121685919e+00
2.639281550538711052e+00
2.816791847427158491e+00
3.450724542085690683e+00
2.632885792229946897e+00
2.509747716402452866e+00
3.310331389056260676e+00
2.961443548794406855e+00
2.130049847152516662e+00
2.969012123282006588e+00
1.889745832250567137e+00
2.373424354587625018e+00
2.965088637604691435e+00
2.803459976790044550e+00
1.263693743208803566e+00
3.146588816403965705e+00
1.566897337850648997e+00
2.763548025917030415e+00
1.948713122768820805e+00
3.155569138113122563e+00
2.176210898485203327e+00
2.338584462760473048e+00
2.146599893283850147e+00
3.016143545966625261e+00
1.583547309660915614e+00
1.885151421088834045e+00
2.503250832914465818e+00
2.200639741680326278e+00
2.908798164743633397e+00
2.173295975652207890e+00
3.316067292817483469e+00
2.697874418303822797e+00
2.774670375993657956e+00
2.970319992362551176e+00
2.368704380971421219e+00
2.706552545011075228e+00
2.940111906590410662e+00
1.525769678371790450e+00
3.431623734387657443e+00
3.143933914016301401e+00
2.385326698630144904e+00
2.170510370791891130e+00
2.927566491891600009e+00
2.912479355841283812e+00
3.500731189271611754e+00
2.773748469144077244e+00
2.083072755599408410e+00
2.087179625775639202e+00
2.193136571603814478e+00
3.233642114944449197e+00
2.572424106619696005e+00
2.047057267242233358e+00
3.276794580194370532e+00
1.996329673019598960e+00
2.383815095839167064e+00
3.962691428988343478e+00
1.904198642872314995e+00
2.179355049684804868e+00
1.629946341362513484e+00
1.055986178226036465e+00
2.633805992961923081e+00
2.495257561977274108e+00
3.318070916844443552e+00
2.740644188507691759e+00
2.009224403604098264e+00
3.116546050833032044e+00
3.627903684362383085e+00
2.936293139313956857e+00
1.946851601443696289e+00
1.854182231080919285e+00
1.729507998939012747e+00
3.253909187907887635e+00
1.985316236412129731e+00
2.135250531481466485e+00
3.256164571829198717e+00
1.902687948126722928e+00
2.361389653944450995e+00
2.304550765440809279e+00
2.177237910404431709e+00
3.285157882282112141e+00
1.918570091398843935e+00
2.639758386441958926e+00
1.937822125085928882e+00
4.233640222803169983e+00
1.967224598679014891e+00
2.611515709698526422e+00
2.649772106524822757e+00
2.793531666565992388e+00
3.123467087801802489e+00
3.102204165177141704e+00
2.403299579475012493e+00
2.413553593150679522e+00
1.927876514741430292e+00
2.393221686317604124e+00
2.661530817319721187e+00
3.119219423229214083e+00
1.958079431804460535e+00
1.969234149229816433e+00
2.387712506218131470e+00
2.279903925473936610e+00
3.299472552680578374e+00
2.179896031439500170e+00
1.488164749131030362e+00
1.151691363457132411e+00
1.959563812088282120e+00
2.160847706953194614e+00
3.012716814006426880e+00
2.529738051756817541e+00
3.206891427241060466e+00
2.369496172400631373e+00
1.798712643098947961e+00
2.219097920894072207e+00
2.044722550948590456e+00
1.502250206704754731e+00
3.632797249126860528e+00
1.489715451527138024e+00
2.620468098684767710e+00
1.845373366427358830e+00
1.646199137759561726e+00
2.170928985217257523e+00
3.610140317792715159e+00
2.082656615423420288e+00
3.120203892806278301e+00
2.427138967277194581e+00
1.400806649525902614e+00
2.778960676131896790e+00
2.619913681610175349e+00
2.836803249293215146e+00
1.827054767306091287e+00
2.522195710689000947e+00
2.977786199532405753e+00
2.693211244265009352e+00
2.127438983785273408e+00
2.097436120270752991e+00
2.314382006235083278e+00
3.288009777837281433e+00
2.000431991297864087e+00
3.111916882889915303e+00
2.936110455399834063e+00
2.761464218268669946e+00
1.924104510663380951e+00
2.920639102698235678e+00
2.684489970721767982e+00
2.005973437840224971e+00
2.000745902752209204e+00
3.248879598973004157e+00
2.286554837579703126e+00
2.615406730184092865e+00
2.969582306876646260e+00
2.992403943527777166e+00
2.906891110671766754e+00
3.183878872753088451e+00
1.817263220348972697e+00
2.895184585324339199e+00
3.076893877551165613e+00
2.923396777844000205e+00
2.522715396192811710e+00
1.925153504887459510e+00
2.867143027085515161e+00
1.811958544703436980e+00
2.055944125602596984e+00
1.750080679166721609e+00
3.355047653004752828e+00
2.688664003651217715e+00
2.389427239887561782e+00
2.185035725691559350e+00
3.044013487475119462e+00
2.276534156600364511e+00
2.968517994738387955e+00
3.049458817200575655e+00
2.680967055219976469e+00
1.964900514965755240e+00
3.649552413684002961e+00
3.094269532853034299e+00
3.332356689618245937e+00
2.808441241233658570e+00
3.015832165766903827e+00
1.975175831952425742e+00
2.780016627444581001e+00
2.390691131905445133e+00
1.977577010304535587e+00
3.737017860956268311e+00
2.287108957747280957e+00
3.049601556773046784e+00
2.508571335607585606e+00
1.556327170008914518e+00
2.240239224511542115e+00
3.565591092843094057e+00
2.257480618274299466e+00
3.570595407688941680e+00
2.829143264301113625e+00
3.182847067069587421e+00
2.382493332978603551e+00
2.636420447762672037e+00
3.038903697344182309e+00
3.218562424716688408e+00
2.845641444933646014e+00
3.171710260788131563e+00
3.325810624054106768e+00
1.702986384053917890e+00
1.885226614856201133e+00
3.136716880685832098e+00
2.970452707361986633e+00
2.388512583521821941e+00
2.628917093794689741e+00
3.328528534867597255e+00
3.339834225661282296e+00
3.067408302075699034e+00
3.362544673505241555e+00
1.984252043464022952e+00
3.060654353815825512e+00
2.764479581376062978e+00
2.964847965131844010e+00
3.114453496566119473e+00
1.721827607229504231e+00
2.202116245463735744e+00
2.002688337134808094e+00
2.387219978055550751e+00
1.922756684968936147e+00
2.378707172916818990e+00
1.834692757597670143e+00
2.395113404606910912e+00
2.865613457868678715e+00
1.926172047544947308e+00
2.783894816547880513e+00
2.264548212358533874e+00
2.384147972142462102e+00
2.378279057170023858e+00
2.314514891242656081e+00
1.786896975463436066e+00
2.821586500909273099e+00
1.997212123339214829e+00
2.437341535404713433e+00
2.806942687650405333e+00
2.660031659993621123e+00
3.347289756297238572e+00
2.806390415246744485e+00
2.969261132522068802e+00
1.874741094193020263e+00
2.520766985285114448e+00
2.051494749951971119e+00
2.196208600438238179e+00
2.653035059756532199e+00
2.466488459691739799e+00
2.917778546431611275e+00
3.353527026127958166e+00
1.914896636100427596e+00
2.814880298131774872e+00
3.143610528263435899e+00
2.968037217040824682e+00
1.889312385743757261e+00
1.967859858728952416e+00
2.575757387190740211e+00
2.801688002905556640e+00
2.106506556750424419e+00
2.283784776737369793e+00
2.961267806923206347e+00
2.295131230642510900e+00
2.053818252738107475e+00
2.838544672925744194e+00
3.224625235377362564e+00
1.884139346066632914e+00
2.068466648659046392e+00
2.426771187136336216e+00
2.079793823380476248e+00
2.187313473730910562e+00
2.273172359382559904e+00
2.468985410394754165e+00
2.349903274180339174e+00
2.212711597944164499e+00
2.088047649322188004e+00
1.849489945546388681e+00
1.893790703302391965e+00
2.962486485613133436e+00
2.981932012885742278e+00
2.558548545056147816e+00
2.646249071238468531e+00
2.310111441500848795e+00
2.269523510174271674e+00
2.471598868301065011e+00
2.501220972794043096e+00
2.540668453953584205e+00
1.953895085601107917e+00
2.238142952173103772e+00
1.819040538241399441e+00
1.838685451030001250e+00
1.893921085425765760e+00
1.536381964139479583e+00
1.889239320076888662e+00
1.874587988501453584e+00
1.752931341444565527e+00
2.110651426353639337e+00
1.529589707251018282e+00
1.408642417754704557e+00
2.518640607430596479e+00
1.955974985881966610e+00
1.958102962965339477e+00
2.503877379987634377e+00
2.521703666235679098e+00
2.264451961489073462e+00
2.530045595507412148e+00
2.206886956954186463e+00
2.342747160861144096e+00
2.275897545369759190e+00
2.091423955532557777e+00
2.408179798150154038e+00
1.998333841331735750e+00
2.262278537182659477e+00
1.888379073670521491e+00
1.675173004612881211e+00
1.987881688533296831e+00
2.291209518706815551e+00
2.382508898954698306e+00
1.699614190374826084e+00
2.082225414954133491e+00
2.197087612718148453e+00
1.967367835261425890e+00
2.310074427350564008e+00
1.963715589903734404e+00
2.007484225683050294e+00
2.366718443673638816e+00
1.818233389382268639e+00
1.999033541324044316e+00
2.866719271259060786e+00
2.926781148854793457e+00
1.342723139397830723e+00
2.964205656590471527e+00
1.745241002396883845e+00
1.984797555329891550e+00
2.968469160232842796e+00
1.965137616359404538e+00
2.367959518317321432e+00
1.321805925311533070e+00
2.369242499415863179e+00
2.569629070946231497e+00
1.294588356157781783e+00
1.692735047105721868e+00
2.888650673543823100e+00
1.754589572136713960e+00
2.150575412574965650e+00
1.885400744541649853e+00
2.416225343605844511e+00
2.300128684513372157e+00
2.538156896584608635e+00
2.942357622024245778e+00
1.844991810164961166e+00
2.787236011537469249e+00
1.866681936486987770e+00
3.197252610616687640e+00
1.760492120489448586e+00
2.394196991449319079e+00
1.806001160114243387e+00
3.099456495965886127e+00
3.364112109801247197e+00
2.674851396389017477e+00
3.160669860926544672e+00
1.269883935594970925e+00
1.001994430771208533e+00
2.861859129497704046e+00
2.207640085543440822e+00
2.523017253976335361e+00
2.277157612234520290e+00
3.151170289261231439e+00
1.814243172319867314e+00
2.093191172003922240e+00
1.807243215244038304e+00
2.000984547830328975e+00
1.422291580457107241e+00
2.295398889163043243e+00
1.952384543951390494e+00
2.091337547777354366e+00
1.918012384163146899e+00
3.281235080354402367e+00
2.642192570044979760e+00
3.293421182929145541e+00
2.142059488637912512e+00
3.103483825971546040e+00
2.923691451589948365e+00
2.336752437193829746e+00
2.645840894477168526e+00
2.316136822646527538e+00
1.808101734090964863e+00
2.619702523269565209e+00
2.257579301848900766e+00
3.325288690929245838e+00
2.288018795316796528e+00
2.651753431919217530e+00
2.138837661641083354e+00
2.808843266372771819e+00
1.999588325716137316e+00
2.179051693059544714e+00
3.175223942854868309e+00
2.770822863063540087e+00
3.095359975504914374e+00
2.422841671999764301e+00
2.769312803936346157e+00
1.812632220667579119e+00
3.113642798788373245e+00
2.442243774018707292e+00
2.082326239179784544e+00
2.564866636494013363e+00
3.376008861296297958e+00
2.408059476492457218e+00
1.639022208297128635e+00
2.273071891411012846e+00
1.972733437157127678e+00
2.872005929202501751e+00
3.683811316830097216e+00
3.382608596023668479e+00
2.424755784723651608e+00
1.996585046603089442e+00
3.202918694465091143e+00
2.969263790378263046e+00
3.034959957329762315e+00
2.945057837586803728e+00
2.185043827846851805e+00
1.884197281414535796e+00
1.959999830709025170e+00
2.956425232171781659e+00
1.964615728054540655e+00
1.506546217695648560e+00
2.430756824585408982e+00
2.236577187277434486e+00
2.526710424935320720e+00
1.573124542500314194e+00
2.953261424229344900e+00
2.025149230408314516e+00
2.469021524727459838e+00
1.763811086341061207e+00
3.133587813735228877e+00
3.365113313396189909e+00
1.685537408037193874e+00
1.809149084252252626e+00
2.792281690382644843e+00
2.526007395686726831e+00
2.913618439690437878e+00
2.739730313315299259e+00
2.512765181543360704e+00
3.050660736032531517e+00
1.836297448165362001e+00
1.921934239755354712e+00
1.411799103555295920e+00
2.154255160012176429e+00
2.249360448699500914e+00
2.351054826970409017e+00
2.459534124112505271e+00
1.750621036674636199e+00
2.953291383492800293e+00
2.812021464799508763e+00
3.011720508879585978e+00
3.115791462596702921e+00
3.637742343857707006e+00
2.140905595825762564e+00
2.021621214746766260e+00
2.060534529154045114e+00
3.061085960723945121e+00
3.147150892460365501e+00
3.023901897350317114e+00
2.045915181929197413e+00
2.250511077139953908e+00
2.633885291639113113e+00
2.972452117410556482e+00
1.867359843237672345e+00
2.338515054786638014e+00
2.099102577993002150e+00
2.294310423752209616e+00
1.951388871859692342e+00
3.280496500849592323e+00
2.420732492122514401e+00
1.789259262007185658e+00
1.726505912549657573e+00
1.482723411328540575e+00
2.943155881853049660e+00
2.968723036801547366e+00
1.918624054750450059e+00
2.966194125708348395e+00
1.875415512014560360e+00
1.346650274405435166e+00
1.901343276133904414e+00
2.480722286564709389e+00
1.691887707609964542e+00
2.656208347441350259e+00
3.435769087964366086e+00
1.491429866675075822e+00
1.859095909904540100e+00
2.800763577548988081e+00
3.083640624302299127e+00
3.574103546450686952e+00
2.187870921558541237e+00
2.529807886072255041e+00
2.346907869571779770e+00
3.266058124509639171e+00
2.970975796707322480e+00
2.612189127492056340e+00
1.890644939466446406e+00
2.813671576902138760e+00
1.769157582131841266e+00
2.173761969300206154e+00
2.297238109037043507e+00
1.958774058682792196e+00
2.633297515795760102e+00
2.286226830434817003e+00
1.986265500394795103e+00
2.029780881771645618e+00
2.376803093775484932e+00
2.623619375051630342e+00
2.396131979879494001e+00
3.444781949538178178e+00
2.362315724253630123e+00
3.511190705127255285e+00
3.558986594456973407e+00
2.619261870355515942e+00
3.557528704408607911e+00
3.082693150840146945e+00
3.074370400871725639e+00
2.165099668421365919e+00
1.790421529626669006e+00
2.664861870020644563e+00
3.187405859299158539e+00
2.127885656604655118e+00
1.843027092666680744e+00
1.688040482670425613e+00
2.530361788992368854e+00
2.293083085714691993e+00
2.174798301546595258e+00
3.249968470062349901e+00
2.954973812662742727e+00
3.056828123540601627e+00
2.407643835138896460e+00
1.604882928891221194e+00
2.628307847173846135e+00
2.278414896979163995e+00
1.637841070675486455e+00
2.420153357204225308e+00
1.860993030594547237e+00
3.315759451086680354e+00
3.339602783805723618e+00
1.984461491244358555e+00
2.097377537683915438e+00
1.157656840359563954e+00
3.415415232701073833e+00
3.353644495761813893e+00
2.385463425585380381e+00
3.053947441927160167e+00
1.968771803912798823e+00
3.328991023797584603e+00
1.757729727385287433e+00
3.150263815898643571e+00
1.971625960769150199e+00
2.494104075338102078e+00
2.474011033799921488e+00
2.499325098596702155e+00
2.628408549730991695e+00
2.646883488905555470e+00
2.828841176258592327e+00
3.450914054442314693e+00
2.059076312806459086e+00
1.708470136885449797e+00
1.659868870871559210e+00
3.164250199810703101e+00
3.151795683662046432e+00
2.137929868548672285e+00
2.405655522032000615e+00
2.698107546152996861e+00
2.856726954932331530e+00
3.183443472984141653e+00
1.592961253505104979e+00
1.764366043748207602e+00
1.985112905237713887e+00
1.884655879991177452e+00
2.920581212619135947e+00
1.225575875657441083e+00
2.170883787921686903e+00
1.621922862060366066e+00
2.786004218458903114e+00
2.060890320497979378e+00
3.103760950498440696e+00
2.356717696023392428e+00
1.984923667333115871e+00
3.048894991558297463e+00
1.916520659417707328e+00
1.621779514144936707e+00
3.141050306433225359e+00
2.874095319164682305e+00
1.986538081363834696e+00
3.262528288221395290e+00
2.955556084745969869e+00
3.356004877629068961e+00
2.295833615618819046e+00
2.541908407059672026e+00
3.004042033140494450e+00
2.769276174562855797e+00
3.790706855729107261e+00
2.009109002172352110e+00
3.091430965231426242e+00
2.276659855274776767e+00
2.522934738638068719e+00
1.701578813618292552e+00
2.466079507994099362e+00
2.657678752718195092e+00
2.402515639763251887e+00
2.229340921336319781e+00
1.671499478244995895e+00
1.845045438646651270e+00
2.646910729922936412e+00
2.314466920287953311e+00
3.030424076328294358e+00
2.041319782723760135e+00
3.164098505758449420e+00
3.404065264211260100e+00
2.551738987882445020e+00
2.273611934147460101e+00
3.022425845708259118e+00
3.203631389887900305e+00
3.000692273344350625e+00
2.421237302087262400e+00
2.343717567290591219e+00
1.533189112701584644e+00
1.769001276927609112e+00
2.128515101234199847e+00
2.226347236334980995e+00
2.649818395799401483e+00
2.561223241077029034e+00
2.405888770574787117e+00
2.630560498551508974e+00
3.110031311496417317e+00
2.384003524457794843e+00
3.122067744722618610e+00
2.194619299105168952e+00
1.905349783058148949e+00
3.134316519250245570e+00
2.860987573481982960e+00
2.655125260283034194e+00
3.726236528414187177e+00
2.779731818592626080e+00
2.958538759328995127e+00
2.313300837366581320e+00
2.726048763454703039e+00
2.484598513440773981e+00
2.732128279409689942e+00
2.313385212578696226e+00
3.068308463891746385e+00
2.529599482739293581e+00
2.188830778000802724e+00
2.096335708740689530e+00
2.790391450295162556e+00
2.667362520196014053e+00
2.209629610185313453e+00
2.083810529292245306e+00
2.411697512673794730e+00
2.800625052780107094e+00
1.595534614787817329e+00
2.970632851194029200e+00
1.744586039600504623e+00
1.969859531392167185e+00
2.497270150481237572e+00
1.587777729587922959e+00
3.107759064829021867e+00
1.342472173196505025e+00
2.919512340984759646e+00
2.100608111089020902e+00
2.175021862402644945e+00
2.495146143677136941e+00
2.901553359985823644e+00
3.025337947408270445e+00
3.358955946910091139e+00
2.417812557204697121e+00
2.990908349599637361e+00
2.287809479931801615e+00
2.146742530810027194e+00
2.381340684354121606e+00
2.087858832080212057e+00
1.809475602572359509e+00
2.456141079507164537e+00
2.512200951457971954e+00
2.632839753663814175e+00
2.749876155076326434e+00
2.805293326758028449e+00
2.369486319207438907e+00
2.928559535226452848e+00
2.860855350216948700e+00
2.501092234093209576e+00
2.042999168951158406e+00
1.566432586237679558e+00
2.142306035747747028e+00
1.766810216120190180e+00
2.593573215650396335e+00
2.793611994019450151e+00
2.635809855476923591e+00
2.213063713460283743e+00
2.738104291763522102e+00
2.782395835061046707e+00
1.464190210762295719e+00
2.130844325374695813e+00
2.963762127395054069e+00
2.494356673544325442e+00
2.412281912588650545e+00
1.757361024500035951e+00
2.063625999506353725e+00
2.246482605926240605e+00
3.304948826722930111e+00
2.935650492945295120e+00
2.389213420065695814e+00
2.860014909310399478e+00
2.081514062630133388e+00
2.595128624961940300e+00
2.497764498964216262e+00
2.177381539051608250e+00
1.791584403361321742e+00
3.538938008758346410e+00
1.739411268223491902e+00
2.458484090266039424e+00
2.778944463909157836e+00
2.523545786235198651e+00
2.117596665681779289e+00
3.346223506627949540e+00
3.195982244341425194e+00
2.346467926371492929e+00
1.881091141335818007e+00
3.912283520141302429e+00
2.285765310306614229e+00
2.888080374585499488e+00
2.395824072458842213e+00
3.987000218219012737e+00
1.986544979609410122e+00
3.079792562691051394e+00
1.493238997787512012e+00
2.530274786528074138e+00
2.966266944368756153e+00
1.970699141961158807e+00
3.139500469301099272e+00
1.290581831237859634e+00
2.787390674299961901e+00
2.410521454311798539e+00
1.697716634763125176e+00
3.556780214429352327e+00
2.356353003020811965e+00
2.791853924178017810e+00
3.109961087885568354e+00
3.338866659556647409e+00
3.042278506141654404e+00
2.805265773511822491e+00
2.303908908871177719e+00
2.095050074330541356e+00
3.800213900335776884e+00
2.810947991681403746e+00
1.808590286508754197e+00
1.401728570729977585e+00
2.070635404736746121e+00
1.853783001270486341e+00
2.078307590636508717e+00
2.827845496129584912e+00
2.863633965402188064e+00
2.227562515177464508e+00
2.240381832005082785e+00
3.264703171535010107e+00
2.376371923179980694e+00
1.812673470502702111e+00
1.878679901711590494e+00
3.349731407184078691e+00
2.084139704216960265e+00
2.622786065146194279e+00
3.168023307643957232e+00
2.545989356501566991e+00
2.268380736047270751e+00
3.240161232943276293e+00
2.264813481527036210e+00
2.033275716004081524e+00
1.496133685658570078e+00
2.337867201718089483e+00
2.950173970063756368e+00
2.483924922863343543e+00
2.863789660356102384e+00
2.068478283020365183e+00
2.166520844016520897e+00
3.190571260972696166e+00
2.874032055968651189e+00
2.137264815016593378e+00
3.514125895762525875e+00
1.843098740545676018e+00
2.520064815588943130e+00
3.145199000636532016e+00
3.008603517230599156e+00
2.591689441527416982e+00
1.981231040293192969e+00
2.966189496856672214e+00
3.158884952621342279e+00
2.942793375550207813e+00
1.935280102769861399e+00
1.886956441114445049e+00
2.796273675337223263e+00
2.188169957820413014e+00
3.488576316965513957e+00
2.863031511804618567e+00
2.252022325877728548e+00
2.662727195955182147e+00
1.846063291409314022e+00
2.820934964444363757e+00
1.966605833686303262e+00
2.971511092513606123e+00
2.526117557491793786e+00
2.309903991808675006e+00
2.307158531224747122e+00
2.302416293141821946e+00
2.343999258743706182e+00
1.741217479103330579e+00
3.382247167584074621e+00
3.503927047709558540e+00
2.449009408094434459e+00
2.176911453308912225e+00
3.291185244349469130e+00
2.911546168069096829e+00
1.476091847716014538e+00
2.106848378279429834e+00
1.658484654715554063e+00
2.501586388702745190e+00
2.728662855586441616e+00
2.860077870103799658e+00
1.857583596499343459e+00
2.139068300254928445e+00
1.546153234638511842e+00
1.469034080204416615e+00
3.618205810338184669e+00
3.332515055558781025e+00
2.356458972332084123e+00
2.962468275108120608e+00
3.010472731690985171e+00
2.234852308143068456e+00
2.657906792797512185e+00
2.294488425921040076e+00
1.963907942912804794e+00
3.577929547398991605e+00
3.336818837637127277e+00
1.798471954041280130e+00
2.291744839753833585e+00
2.898698586342035366e+00
1.955817540459336756e+00
2.284946470860825141e+00
1.491802164712248358e+00
1.471749784082033274e+00
1.899989296487905044e+00
2.408303110820408932e+00
1.966927588581981690e+00
1.321242843744271589e+00
1.964475457129850833e+00
3.013993697459689258e+00
3.509445228410605022e+00
1.311707837727869697e+00
2.631883067812043731e+00
2.171905058759915796e+00
2.796503427357431626e+00
3.185386123064041453e+00
2.207237656883534793e+00
1.488940718477804959e+00
2.631980054399539526e+00
3.367603342565120172e+00
2.804140925792914185e+00
1.951300716815177916e+00
2.766210099419629476e+00
1.512760019260751987e+00
3.060510077801622764e+00
3.167116108066320823e+00
3.067142197704859630e+00
2.238140279999155879e+00
2.099725456010050451e+00
1.875185100293532470e+00
1.804036476293157332e+00
2.300221185364893728e+00
2.095034355468982756e+00
2.297682052559854693e+00
1.982294672620468878e+00
2.275779663737018677e+00
1.825971140444605290e+00
2.711918736899448401e+00
2.041229702549207214e+00
1.988334545795510166e+00
2.012663846146065083e+00
2.812369755137024363e+00
1.237920662259009319e+00
2.287804383969213706e+00
2.829478331960403548e+00
2.392776589617584104e+00
3.146650876573303890e+00
3.064124921002137736e+00
2.443325007012601802e+00
2.954657651127024387e+00
3.401980707343331023e+00
1.979260812028102778e+00
2.485674048467288788e+00
2.076420227648112071e+00
2.098526600522454544e+00
2.616877319807755065e+00
3.031915716860396071e+00
3.247544377386939018e+00
2.917593404702182536e+00
1.872520118757222907e+00
2.180954837769333743e+00
1.873975546969929296e+00
2.823216000239332057e+00
2.293082804353854254e+00
1.960099878518517968e+00
2.642358031192518997e+00
3.349890476411324869e+00
3.425018244486425001e+00
2.866477225286389707e+00
1.248601467675088061e+00
2.751044578506053107e+00
2.203129260176939663e+00
2.106408095148647686e+00
3.337309461736347238e+00
2.281433432478813028e+00
3.031756120788760889e+00
2.172901361417044264e+00
2.400591393905775028e+00
3.152056116338769254e+00
2.966705643436568174e+00
2.801947798188870298e+00
1.974516337246610131e+00
2.276335692075007522e+00
2.195507804760473025e+00
2.123433192073113318e+00
2.579327187041843938e+00
3.680595737122796418e+00
3.255913876753607550e+00
2.046467709801291335e+00
1.954496552782709173e+00
2.261846981576844495e+00
2.010038863851554947e+00
1.692274310870573117e+00
2.822621213324669753e+00
2.780470613122023593e+00
2.507606206626691758e+00
3.073698172891937919e+00
1.867798512390596244e+00
3.145810508447320686e+00
2.419711871287342220e+00
2.819686415069491137e+00
1.947608813367811553e+00
2.784898566370029194e+00
2.590341461437846604e+00
2.398839962230205014e+00
2.034299760800573953e+00
2.798556390868897736e+00
2.495955265902841891e+00
1.720422074339176044e+00
2.293209473627189521e+00
3.321144727365140881e+00
3.362473438370599865e+00
2.124959101064276989e+00
2.934982964991070808e+00
1.795122280199357601e+00
3.331127905203134176e+00
2.291374454452691278e+00
2.911104125765210604e+00
2.765191806825566534e+00
3.380163992391468586e+00
2.517544926518954895e+00
4.373996954557515693e+00
2.742301943320137880e+00
2.296025247072728259e+00
3.600217061823044684e+00
2.954724184621705163e+00
2.772332561113736382e+00
1.545094427819593053e+00
3.186958115640944555e+00
1.922583176856816234e+00
2.788835566784968467e+00
2.526238967186754003e+00
2.954949165888678841e+00
2.074127022594576264e+00
1.551161978715952960e+00
2.384884334058289923e+00
1.964397250383502325e+00
1.952456682089314777e+00
1.839170271193803829e+00
1.610035231196124128e+00
2.454127791541020454e+00
2.381776531039963452e+00
2.798625287974275899e+00
2.365253455373761859e+00
2.138805606616523303e+00
1.865533412570858252e+00
3.005014759058923346e+00
1.973318018670912499e+00
2.557180386604390065e+00
2.530280442981245326e+00
2.931824742916274484e+00
2.531262380249321708e+00
1.856079474063720314e+00
2.311938543324910000e+00
2.628338756703690215e+00
1.602449486629609288e+00
2.084014420241824705e+00
3.065497265013513939e+00
1.964038195225807915e+00
2.204871103350049655e+00
2.631611814988263021e+00
3.145961923236990199e+00
2.805532701390459849e+00
1.916195011992541941e+00
1.957651642002131265e+00
2.348151514245297111e+00
1.775995720970641178e+00
1.955964383522283523e+00
2.012308748614990872e+00
2.699078200946401385e+00
2.334949852884627752e+00
2.260326519966071146e+00
1.879373815371577106e+00
2.108985241598217986e+00
3.286822284025320506e+00
3.656409786383196359e+00
3.370815898002192945e+00
2.860538788234098906e+00
2.729100100727340550e+00
2.294858217772209663e+00
3.865896949927733584e+00
2.411587402479892450e+00
2.272511958509358720e+00
2.252074190605984683e+00
1.862111153738928992e+00
3.145831514406766338e+00
3.117370602621091891e+00
2.467935452466814450e+00
3.255118780478594598e+00
1.847091960706762181e+00
2.100679160291768710e+00
1.530101574527394037e+00
2.958931188162589265e+00
2.081280240717592989e+00
2.477242788548850161e+00
3.406832808054638839e+00
2.622323274117665637e+00
3.356520192744061770e+00
1.532481598752469143e+00
2.504107386908833277e+00
2.656020908791450363e+00
1.992719056926478993e+00
3.143891302352574968e+00
2.667359976102568364e+00
2.823643952270080693e+00
3.359079684268969856e+00
2.553862759236594115e+00
1.744200301854428314e+00
2.140688815116954746e+00
1.708895369529970676e+00
2.660869183623045586e+00
2.272805312869547123e+00
2.674640605608831656e+00
1.903383774944874984e+00
2.025561491108160528e+00
2.507116149811726924e+00
2.309338435732607664e+00
2.695420037296356597e+00
3.183589809411353500e+00
1.487223620971708016e+00
1.954804522193684724e+00
2.164554792823107032e+00
1.956145426022192879e+00
2.552130533673204749e+00
2.391123718628121342e+00
2.407574089538967232e+00
2.403641611739002482e+00
2.680823223191352689e+00
2.858179266287612652e+00
2.016196142269108815e+00
3.152426794398587973e+00
2.875532367774957798e+00
2.946283526207996495e+00
1.937266613747143040e+00
3.358301086009786385e+00
2.859628739367810812e+00
2.640528162458715133e+00
2.104749729359464805e+00
3.686994521755395660e+00
2.564955285676454810e+00
2.645428071756273258e+00
2.480476143582535986e+00
2.368923945817333454e+00
1.429686597142371784e+00
2.668281727055054731e+00
1.634970737196491442e+00
1.955898388040607561e+00
3.177046609313890269e+00
3.126271391399534139e+00
2.124520646598637263e+00
1.500039924385565326e+00
2.515723650356358920e+00
1.768064746222434369e+00
2.048742357273310333e+00
2.776649087942751226e+00
1.383504751866030835e+00
3.356112983913119852e+00
1.998529641763596265e+00
3.145627912437727325e+00
1.869257040342377163e+00
1.977197697492492967e+00
1.899328865457206250e+00
1.767979435107954300e+00
1.681520831233870528e+00
2.154625187384268337e+00
1.467338870554216079e+00
1.917166141770893839e+00
2.067173018546220487e+00
3.575746681212468747e+00
1.845429925609791466e+00
2.619545895332915375e+00
2.516434400407505212e+00
3.054851576362867416e+00
1.890023275133956071e+00
1.801304593651850139e+00
2.587892620575510616e+00
7.963239565321098556e-01
2.576100734564514827e+00
1.889364115392967447e+00
3.520188280346304488e+00
2.718788838244380113e+00
2.425379104779032513e+00
2.377741824612298327e+00
2.707300595117132502e+00
2.770860035778480057e+00
2.507414464972072210e+00
2.286322370565661899e+00
2.163601273314564644e+00
1.646397406015424725e+00
2.682432425385481434e+00
1.803890572315381524e+00
1.864944068635057350e+00
3.580896637987458941e+00
2.300069699784658361e+00
1.997489848294695669e+00
2.644563030290109751e+00
2.605885208548168741e+00
3.479936047781503561e+00
2.851955727690941522e+00
3.937147358647063111e+00
2.363288554431880684e+00
2.600626955154324182e+00
1.987750968213870983e+00
2.063784050714333684e+00
1.851281463584574905e+00
2.202014022130057036e+00
1.971012485426689054e+00
1.935832402685129905e+00
3.111545231885777252e+00
1.325877140156616285e+00
1.953515179260967738e+00
3.574123308316382808e+00
2.343773448112396185e+00
2.046255357973593370e+00
2.214332909490367207e+00
2.343512191701729197e+00
3.216284362969448196e+00
1.890181136882637558e+00
3.652555051934239572e+00
3.567892133758304940e+00
2.140321077372767444e+00
9.981456641734207658e-01
3.719068482386715946e+00
3.574362896848818583e+00
3.276379005215500406e+00
1.801645908904646154e+00
2.590797951722617398e+00
1.103466924383227576e+00
2.228661883869241578e+00
2.223524974832926215e+00
2.385755397485359364e+00
1.458905478968528957e+00
2.748153015414162237e+00
2.027280453624681122e+00
1.910988691955689989e+00
2.434280043602759402e+00
2.032506340186678084e+00
2.795731444996696791e+00
1.953487903907410450e+00
2.869957211530788754e+00
3.076164534737536371e+00
1.944909755413477548e+00
2.871094821610797876e+00
2.410960107897506699e+00
2.871820561748853251e+00
2.819948918677499972e+00
2.285911559374692370e+00
2.619434426456740184e+00
2.731009360568716016e+00
1.956812681832837519e+00
2.668779032071255219e+00
1.088342054712630791e+00
2.059342771474819589e+00
1.957760718338445560e+00
1.804397131739972515e+00
2.009176996892020117e+00
1.962141719860305056e+00
2.663009414961684751e+00
2.679766309035336747e+00
3.190167792448666884e+00
2.311796526473334445e+00
2.731096294877005892e+00
2.046905770264769053e+00
1.296570390286306163e+00
1.918158517646560757e+00
2.483286864727384025e+00
1.879280552250539582e+00
1.214608314465766226e+00
2.110305183369395099e+00
2.004970729908279736e+00
2.712851654893542630e+00
1.954507475969780472e+00
2.421363603143278809e+00
1.955454562509153504e+00
2.865662514672835837e+00
1.897628580953413469e+00
2.728613614336476534e+00
1.955145981336806837e+00
2.080973025540045374e+00
2.235260833630247301e+00
2.184414230304406512e+00
2.385752346640347632e+00
2.248649673503582580e+00
2.172175548931688294e+00
2.407022362990504316e+00
1.804399686664843738e+00
3.317034690873531755e+00
2.290139045913859750e+00
2.100280113545844873e+00
1.847432557613700954e+00
2.051929959022927630e+00
2.225297932187821015e+00
2.003670902758801109e+00
2.005124638787606717e+00
2.397903424388516669e+00
2.848661530254376739e+00
2.502825293837078302e+00
2.668463685050598055e+00
2.534343750514624460e+00
2.420367823246997840e+00
3.125738333260396296e+00
2.105153770049176032e+00
3.265790630047220144e+00
3.011146977633386790e+00
2.273459965010448780e+00
3.166698531034255915e+00
2.919624013439260590e+00
2.718109619812465017e+00
1.856136649361641577e+00
2.034826981243464950e+00
2.727105301450969410e+00
1.871726935496264232e+00
3.287095655689044715e+00
2.441036866834661367e+00
2.485092100805353699e+00
3.066798779052036572e+00
2.897011977558761942e+00
2.254292865610744823e+00
2.525464128181126533e+00
2.849878017361712423e+00
3.076276202568045459e+00
2.646888659502345309e+00
2.114873919074075737e+00
2.081718670741937949e+00
3.121020303312635136e+00
2.280304503815930861e+00
2.289198696715547321e+00
1.971898238494211864e+00
2.150316642814464441e+00
3.759512524161140679e+00
1.516053031499242421e+00
2.753727492087167494e+00
2.771395908308440070e+00
3.984102688803505377e+00
2.459329298605092085e+00
1.602079963326775491e+00
3.344070510762305215e+00
1.904189968097058427e+00
2.451644401427926390e+00
2.535697249669277120e+00
2.111160205074055884e+00
2.838849861962180476e+00
1.176416425895215889e+00
3.352037002915597697e+00
2.039096540525020096e+00
1.914111208876483561e+00
1.962681142075268781e+00
1.790754630814157533e+00
2.713560082242642224e+00
2.796061702707952179e+00
1.880387187245426306e+00
2.122800944834005499e+00
2.193015788073696459e+00
2.363539574529236464e+00
2.079626894996144948e+00
1.779767919283256949e+00
3.349514565173741687e+00
3.145401007944664151e+00
2.545479266240061378e+00
2.800599705752437885e+00
3.103506640082995816e+00
2.801993623840502767e+00
2.236396448949260485e+00
1.918943391837601320e+00
1.959844164443123704e+00
3.398682967443778846e+00
2.163439232345503171e+00
1.969883381205010497e+00
2.030278659836064925e+00
2.517333212324890823e+00
2.202694546612597559e+00
2.958518379531632103e+00
2.269770117909923446e+00
2.210291969232104581e+00
2.294259892922815069e+00
2.194601511424218998e+00
1.843955831697851711e+00
2.351145134644859969e+00
2.595402532841634802e+00
2.631442809761996848e+00
2.328358815267056681e+00
2.082831259823518355e+00
2.288961211896012315e+00
1.761048071063791465e+00
1.837919088082848873e+00
3.153574521156738975e+00
2.196182671189867985e+00
2.644431480862091899e+00
3.184539230514918717e+00
2.002583160393303974e+00
2.053699741456542771e+00
1.994521619178191818e+00
2.033869289766992772e+00
2.972544988643039066e+00
1.889190935954276007e+00
2.401224252613163301e+00
1.852208586027068726e+00
2.659090368250192515e+00
2.038774408747809019e+00
2.303307251973648828e+00
1.966120563404853749e+00
2.804139319069619773e+00
3.156790239788679564e+00
3.136539166184620253e+00
2.769866688102375907e+00
2.304266249706434788e+00
3.147242792858386373e+00
3.115555113287927114e+00
2.847723097618030774e+00
1.955397008709066409e+00
2.226150391612645496e+00
3.370886339847458224e+00
2.195057146039446572e+00
2.657909814572169793e+00
2.051806499082009516e+00
1.964695690710348108e+00
2.574896543696787443e+00
2.457105537022384212e+00
2.246298785851789326e+00
2.925793539167853119e+00
2.934491559970280328e+00
2.273195862320749328e+00
3.563991711460436917e+00
2.343388595069259672e+00
2.950355611550504964e+00
1.875683986061331909e+00
3.574093652359425999e+00
3.305015811029214490e+00
1.877917178414895361e+00
3.232217561285610774e+00
2.916594072920990932e+00
2.018576321548281705e+00
3.099121925130047028e+00
2.976418964676849299e+00
1.636909107366950611e+00
2.661766317729686637e+00
2.354273431034044961e+00
1.758932263967609266e+00
3.594776453785242243e+00
3.084800318608875269e+00
2.941134434428109845e+00
1.661987429213665157e+00
2.670742222434345781e+00
3.339408282803079775e+00
3.291012173576295385e+00
2.807757162534007200e+00
3.015264588056370432e+00
1.276413636801523310e+00
1.876744982147619645e+00
3.727287453769859038e+00
3.128379930010556809e+00
2.104472668978669692e+00
2.367705722979779992e+00
2.653467687766585481e+00
1.938080875507545819e+00
1.984320625087107270e+00
2.223957491021657074e+00
2.823537625191844924e+00
2.976723494952409510e+00
1.748058588284561177e+00
2.968936893780558250e+00
2.152645725417000389e+00
1.658952308092919381e+00
1.911299766768197461e+00
3.537126581652720869e+00
2.765922660990339121e+00
2.767344491701073217e+00
3.490661744595006777e+00
2.750971605864510838e+00
2.071027477512482395e+00
3.726359358018443757e+00
1.515819230332399181e+00
1.919694161247029740e+00
1.820210904624637305e+00
2.682382437696555488e+00
3.357899495604463880e+00
1.839162013110453131e+00
2.866029725489343427e+00
2.500195464172976223e+00
3.268661896801654532e+00
1.918209250139593536e+00
2.085758431131277124e+00
2.529332212413675673e+00
1.813186173394190970e+00
1.715639830272085664e+00
2.235873228958558112e+00
1.949135435879733258e+00
2.196018637769599824e+00
3.129478699172886014e+00
2.433243977309882844e+00
1.660646398115426470e+00
1.869481517575541485e+00
3.155941684158559468e+00
2.431070441602077636e+00
3.136614134272992960e+00
2.752935434504971024e+00
2.464114837573479377e+00
1.549351614614700168e+00
3.149958252296827244e+00
1.962909005376761051e+00
3.075961204945115490e+00
3.443101832677915919e+00
3.352781607104710737e+00
3.197383693566939300e+00
2.791858893081198278e+00
1.987444310960192251e+00
2.413562675125318080e+00
2.647624763187714336e+00
1.876194534806954861e+00
2.378812218600367956e+00
2.380684753187879199e+00
1.514017101596569326e+00
2.081056062912201909e+00
2.422822559648691865e+00
2.646314763106958790e+00
1.792179158335697631e+00
3.159227821249932067e+00
2.152502093573810171e+00
3.312712074939862195e+00
2.935054952440446119e+00
2.021840067159323517e+00
2.141786710212187028e+00
1.903496682713712751e+00
2.954669694558859749e+00
2.629605640793963861e+00
2.481277429856532102e+00
2.445331836319748930e+00
2.874217514562042997e+00
1.995251849993118887e+00
2.226646246550814556e+00
2.302220991059503508e+00
2.807237126973447960e+00
3.701290237236438685e+00
1.375668299169459985e+00
2.500688693655895189e+00
2.389854246576592178e+00
2.264861366056915681e+00
2.385028259624100588e+00
3.785719573588664399e+00
1.615212464884797861e+00
1.958959342334434917e+00
2.526121646248390640e+00
3.357812022691776921e+00
3.147144969798715053e+00
2.640213061477449052e+00
2.900608420161680634e+00
2.807391854882509641e+00
1.966035062650919985e+00
3.017183635528438934e+00
2.496284166508774049e+00
2.373232862851396785e+00
1.628513763408081738e+00
1.038648476156400102e+00
3.617091152926423803e+00
3.003946204866927872e+00
1.923354940145005409e+00
1.895017826622357848e+00
2.169011515771946730e+00
2.551221360992807607e+00
3.168419959197948277e+00
2.962416288884645699e+00
1.507535516709999301e+00
2.774314561176659755e+00
3.236885977671003278e+00
3.728771057050281446e+00
1.704775300650141379e+00
2.648137449224782003e+00
2.140818144572995241e+00
2.767045818462479101e+00
2.527157921841756139e+00
2.195688642373748500e+00
1.743855781982420083e+00
2.768991498118881456e+00
3.590151827310966492e+00
3.397805108264568386e+00
2.660699798358802770e+00
2.962094924081041913e+00
2.964781147536644124e+00
3.156864546327377230e+00
2.044356443776582211e+00
2.410524820180478756e+00
2.301346722324664196e+00
3.121065309072725391e+00
2.815946474576703107e+00
2.224900884035313720e+00
2.803332475770459631e+00
2.571115402877104827e+00
1.995369513130198724e+00
2.770095906179418144e+00
1.981988350761621165e+00
2.754875176892198407e+00
2.330343054313265050e+00
2.277575440718097255e+00
1.902010320209843730e+00
2.898679544807337916e+00
3.623466921205839242e+00
2.231221543407864605e+00
1.667969361922595262e+00
2.928683685170747619e+00
2.905404212576468748e+00
1.786790569343609691e+00
2.382562915345090016e+00
2.971333038668311222e+00
2.464557147522191904e+00
1.806453828942699236e+00
2.398410983776843697e+00
2.522697029836614480e+00
2.387433550691282935e+00
2.288526709334683940e+00
2.678358142835441935e+00
2.525591036952442803e+00
2.525780096769006278e+00
1.987882005686717912e+00
2.690259326114241123e+00
1.922867980322717552e+00
2.961535052589776118e+00
2.486685519882008144e+00
2.292094068409050944e+00
2.627119843761221318e+00
2.291867304740194733e+00
3.007547226702263821e+00
2.000330728038368644e+00
1.502037942345707977e+00
1.544620247597163765e+00
2.223468167076687596e+00
2.538077985949207971e+00
2.619589541929300935e+00
3.193280498537347967e+00
2.134588424620918357e+00
2.192918267920534348e+00
2.439424038135039829e+00
2.396820353488188449e+00
2.480233366572675013e+00
2.653217333569820813e+00
3.280557960062505440e+00
3.297522163248261418e+00
2.923638657744775937e+00
1.789635631665809301e+00
2.626058257503695703e+00
2.763567779508893985e+00
1.825873229807999154e+00
3.186056663614202478e+00
3.182587133971303217e+00
1.923811168007775851e+00
2.530902935706709211e+00
2.048611551504614603e+00
2.300022906411133494e+00
2.090078562671850548e+00
1.373368129148643924e+00
3.819109847280397485e+00
2.982671831452479161e+00
2.800689276581219911e+00
2.603380033828339268e+00
2.422961651947975525e+00
2.802730166501033793e+00
3.246672369508032840e+00
2.636994268945054731e+00
1.897628984020032439e+00
1.760401654656137405e+00
2.849278002524113784e+00
2.915357997879341134e+00
2.110900537911245323e+00
2.628961450630384888e+00
2.002032620085121284e+00
3.226714564424093989e+00
2.432169067141058072e+00
2.177891787989356676e+00
2.266028588230982965e+00
3.737219032257594886e+00
2.799812378151597336e+00
3.579281082830978011e+00
2.087586894877857535e+00
1.823403314933731867e+00
3.152948060229615379e+00
3.297433771267224589e+00
2.412071032348005684e+00
2.817579604236881696e+00
3.314026143855352213e+00
2.517265611195987240e+00
1.943313322763866369e+00
2.763642659683839486e+00
1.966178246998027568e+00
3.165725773750666772e+00
3.229868774703842149e+00
2.403402134329704509e+00
2.639769275145882776e+00
1.883616569225560422e+00
2.025047629814075822e+00
1.975237847071288355e+00
2.326994537113538097e+00
3.081966594110763236e+00
2.516995499430976668e+00
2.514851161882857067e+00
2.632950943024986223e+00
2.250977096963391322e+00
2.957656284815739056e+00
3.577500636462572992e+00
1.882749502997463242e+00
3.559071784934376925e+00
2.637462245092415447e+00
2.792892300792198856e+00
2.177784196110139181e+00
2.177999135170300971e+00
2.799467737615024987e+00
2.032147280775009612e+00
1.946996588132648753e+00
1.973652518602486028e+00
1.338893976526605023e+00
1.970851445751716335e+00
2.714793685507094434e+00
2.830860480754070707e+00
2.896949473072347736e+00
3.131191596372507213e+00
1.788271033382285990e+00
2.638301352625908258e+00
2.571070963608160120e+00
3.015487313837335037e+00
2.644416714010560110e+00
1.682397649054631072e+00
2.230578121442574613e+00
1.793441009180974488e+00
2.271872191378191630e+00
2.537507676074805207e+00
2.496070546556394820e+00
2.415517521276701274e+00
3.460993808627470081e+00
2.645690436950656643e+00
3.145156026800091098e+00
2.208242770952253409e+00
2.552357538433980277e+00
2.397238897635240118e+00
2.245107227825492213e+00
3.734466956807854121e+00
2.969811280294143430e+00
2.864958993731533177e+00
2.798975942469341671e+00
2.798906962259490872e+00
1.664845527292634575e+00
1.966451912600736929e+00
2.437600620614499558e+00
2.403738021899555211e+00
2.126802725732027000e+00
2.208639769231598660e+00
2.230148708114863876e+00
2.395138141890466699e+00
2.220352233580232149e+00
1.972854058105939723e+00
2.689104686296544866e+00
2.492411534924400485e+00
2.407326250198877915e+00
2.386596994097712088e+00
2.043313690523949067e+00
1.967415100184109145e+00
1.986172388234461961e+00
2.312926752348085202e+00
1.985328353752735531e+00
1.455122759446804803e+00
1.566109828585089403e+00
1.971799184737260013e+00
1.962864010116586400e+00
2.010708664616243535e+00
1.983699087356746826e+00
1.759313053885432687e+00
2.231917771351399793e+00
1.810243268326177324e+00
2.478409876871315198e+00
1.720580197133134703e+00
3.155596037490486783e+00
2.390241829975018995e+00
2.524020038293098178e+00
2.479583359465762804e+00
2.137666508022445289e+00
1.595736123573873622e+00
2.180430795638351515e+00
2.327433244199279994e+00
2.626848864528382954e+00
1.793289927036915143e+00
2.773495976087521075e+00
1.553779573424053817e+00
2.971057496350784977e+00
2.026899565623839106e+00
1.851196539341544822e+00
2.041227142057099542e+00
2.099457883034210326e+00
2.701378102289647032e+00
2.188311251381349187e+00
2.209177032845568434e+00
2.515209653847887861e+00
1.754970898850711780e+00
2.585449433577278633e+00
2.811990225135984289e+00
2.778665260517760416e+00
1.784968551883279186e+00
2.363229291961325362e+00
2.410433327208791887e+00
2.047190607153719810e+00
2.633125276874319187e+00
1.606817543638408230e+00
1.998585477528098453e+00
2.029403510643517095e+00
2.853907968883907298e+00
1.970518672839203012e+00
1.731584804783608211e+00
3.030359298458118023e+00
2.638090238289444223e+00
2.327648566031597532e+00
2.448468973156762818e+00
1.966569532622955085e+00
2.963801964611747053e+00
2.957503428765368092e+00
2.133924402999118897e+00
2.484772117476524045e+00
2.968722689933705805e+00
2.402072286321913719e+00
1.966973001127655829e+00
1.248835526521317130e+00
2.521119697280235439e+00
3.124173896105205461e+00
1.979672073529925358e+00
1.962106369339476686e+00
2.793853508014455311e+00
2.380636435879762480e+00
2.797791987861168561e+00
1.844376404505001288e+00
2.034530954610130671e+00
2.525920888224157945e+00
2.650805668902160406e+00
2.379516973976447680e+00
2.362162065821990176e+00
1.116827150834008853e+00
2.389405737906395100e+00
2.962260952144634807e+00
3.005803537766889910e+00
1.956862398947340376e+00
2.810852608467466318e+00
2.919542458920996619e+00
2.753825230886519204e+00
2.356489001724628274e+00
2.541678061276391176e+00
2.393930185177209236e+00
2.202574021157402751e+00
2.836411089433433119e+00
2.780709244471235575e+00
2.905121395328954748e+00
2.288242347736668680e+00
1.976883982520368566e+00
3.237690363864734966e+00
2.526788994428053936e+00
2.303788146290196792e+00
3.053530790002079609e+00
2.419209410651583791e+00
1.907677296914044085e+00
1.580602918470906948e+00
2.553514225781146063e+00
2.963566628586294271e+00
2.793525235854766198e+00
2.238231580988791602e+00
2.196310949459826301e+00
2.559508697473630079e+00
1.762876164239670418e+00
1.755066241009912043e+00
1.726647495838582902e+00
1.920512038403092925e+00
2.959521986143114347e+00
1.283183843234185106e+00
2.007356678724948384e+00
1.973758746152632026e+00
1.146929863839471375e+00
2.620995849332560024e+00
2.544488906186825439e+00
2.361325253097262600e+00
2.151680150296567451e+00
2.448729056285930294e+00
2.863133643091501757e+00
2.308792336908912279e+00
2.458238998306640166e+00
2.032985216176092180e+00
2.618783688988454816e+00
3.110839873027906322e+00
2.304303839240037899e+00
2.928899872011776928e+00
2.286790375665519015e+00
2.744933410756193126e+00
2.514235733789841110e+00
1.756205191460668447e+00
2.956709589614536782e+00
2.441061074149180499e+00
2.441833895334857285e+00
3.629024242423556590e+00
3.244467312375232115e+00
2.760839726699380048e+00
2.277341596260220591e+00
2.469554142279353215e+00
3.068405239829805176e+00
3.050271622539218352e+00
3.344250497973243252e+00
2.239865708755776286e+00
3.247627377048812214e+00
2.061916467817478171e+00
1.796818569080958605e+00
2.861081123261973502e+00
2.306119087599197037e+00
2.104255544483932372e+00
1.904822074576859814e+00
3.490944365892911794e+00
4.380245397448651268e+00
3.581950623710040471e+00
4.013467025616409778e+00
1.853714498326205717e+00
1.799596107014237445e+00
2.348365529304877963e+00
3.285935259350838411e+00
2.503875188234725435e+00
3.232306567096421723e+00
2.965042707180902237e+00
2.312994848552929916e+00
2.524878961862297544e+00
3.109885281236498766e+00
2.751901068457962563e+00
2.760820193655090460e+00
3.106984138431396314e+00
2.493179869561243045e+00
3.353611044818288978e+00
3.582489689545560463e+00
2.323359570382165895e+00
2.600118150005580553e+00
3.555274413541693157e+00
2.779024473206916035e+00
2.530175150810811235e+00
2.609259581159989239e+00
3.156174638464884996e+00
2.383137177323531475e+00
3.330431854019613613e+00
3.818969588920731351e+00
3.141180651494339671e+00
1.984300169040269957e+00
1.654603093288225191e+00
3.426342117071554672e+00
2.346287109852681407e+00
2.781953309391949958e+00
1.862694420994655209e+00
2.631608327462285235e+00
2.931406231125358808e+00
3.000900135938570301e+00
1.971149319875831196e+00
2.464842907381552539e+00
2.577626764171301765e+00
2.127544048391639020e+00
2.178449628625335421e+00
2.275480539733422347e+00
2.302709867030710456e+00
1.802467522894975582e+00
3.427137878209839172e+00
2.866022816755366076e+00
2.291949760474915720e+00
1.985163047300880557e+00
2.960720470283013661e+00
2.789048157566306863e+00
2.530761996410578529e+00
3.386464849456081616e+00
2.248869578765375632e+00
3.243710957328023614e+00
3.494923176560703837e+00
2.947696418886261771e+00
2.058133236233046670e+00
2.543602132557830409e+00
2.219754049025358444e+00
2.207768010836645090e+00
2.689511175036180202e+00
2.106196173873349675e+00
3.222458376205530772e+00
2.955867402691286561e+00
3.186363905991909995e+00
2.549222241395732613e+00
2.077296290297000247e+00
2.546969355714360006e+00
2.536516268595149892e+00
2.808048616126590513e+00
2.965904595896248441e+00
2.678532164709943153e+00
2.528047120145654691e+00
2.966603404171386238e+00
3.080942864325317387e+00
2.407715713785839373e+00
2.045276994860417918e+00
2.972775590380816624e+00
2.513081906177772940e+00
2.319413816721442867e+00
2.655590841839298388e+00
2.218704268932567558e+00
3.079005857992342499e+00
2.930954670020144093e+00
1.952179713006960693e+00
2.860630642448945160e+00
2.925066321094787369e+00
2.794871972662449799e+00
2.588921403296180035e+00
2.933670241101593135e+00
3.151078600221767001e+00
2.523293351495409453e+00
2.987417943585000568e+00
3.311795771932747989e+00
2.724289520674110676e+00
2.986502177631108701e+00
2.657132823408330680e+00
2.458797428852456779e+00
1.884794711860257044e+00
2.445787580116958182e+00
2.669921556032236687e+00
2.737140050801690094e+00
2.923165627894895202e+00
2.396947501692682447e+00
3.120822976365074553e+00
2.772516023196974544e+00
2.940036798992932354e+00
2.437377688860201452e+00
2.136182945860795712e+00
2.946914945513768647e+00
2.742490330169392809e+00
2.506940989685375598e+00
2.971457846613474896e+00
1.893341719271953938e+00
3.150565776535409590e+00
1.738890254416364689e+00
3.137631812552533095e+00
1.483872506555351745e+00
3.212986303718979642e+00
2.990183746376864793e+00
3.024212236676004917e+00
2.487435331172308306e+00
3.174243059101264475e+00
3.013412250763195743e+00
1.697315228154364197e+00
2.378636566996102264e+00
3.159886288632802298e+00
2.663132862540997348e+00
2.008973271871930422e+00
2.784340259034527865e+00
2.177008099073884484e+00
3.124774245900083791e+00
2.207193766326681850e+00
1.975770584842854172e+00
2.176562704005318594e+00
2.382100244049676352e+00
2.067474253887547242e+00
1.828888092197092252e+00
2.410093474599319219e+00
1.959520563141053939e+00
1.957253420912661968e+00
3.246624662327288746e+00
1.962695000429212522e+00
2.736412247716368817e+00
2.278219584322912272e+00
2.461932117573595757e+00
2.362728008997783125e+00
1.900936684141175892e+00
2.541561406360481001e+00
2.556333979695098790e+00
1.844438084270765721e+00
2.264625663136208278e+00
1.927780963386578783e+00
3.160136631366921911e+00
2.776374048398873473e+00
3.149027676806219311e+00
1.978918408177749111e+00
3.182283484718587463e+00
3.199367656812153182e+00
2.279944616207620900e+00
2.995613282466806027e+00
1.999100924970640625e+00
2.402307769039276231e+00
2.291960168119784758e+00
2.490926306883721519e+00
1.966224949690429380e+00
2.823363583304749458e+00
2.185334778107976827e+00
1.671409808520274209e+00
2.320452501425403380e+00
3.241489249645802317e+00
3.157609732865894525e+00
2.402253951131589904e+00
2.860601355051028527e+00
1.925032363655599266e+00
2.876978507263506124e+00
2.649895833589158922e+00
2.800525328904363231e+00
2.977325273047263909e+00
2.474450249438076455e+00
2.503589194767587678e+00
3.154622697724817737e+00
3.131794311225752470e+00
2.442857297325143229e+00
2.319915180798604482e+00
2.678277952330243128e+00
1.817439597734844758e+00
3.016518106192534354e+00
2.790912875301323481e+00
2.528609681594506942e+00
3.147568096955668526e+00
2.495364149588396696e+00
2.195596140233540883e+00
3.616319595646313445e+00
1.878757414296931660e+00
1.985939625491521809e+00
1.629879838443734075e+00
3.848402482082801779e+00
2.489528190893693704e+00
2.813136018048453924e+00
2.394123792526645200e+00
1.438173721351574841e+00
3.167846123297515692e+00
2.401047826135103591e+00
2.311023364290184290e+00
1.917452033719416526e+00
2.589100932077378570e+00
2.297587597706054030e+00
2.964051844175363826e+00
2.753828198266263794e+00
2.478742903939683551e+00
2.399548397026933788e+00
2.585343551642996562e+00
2.357721692014891790e+00
3.375252272442258672e+00
2.049873905688210929e+00
3.191083019970376800e+00
2.265671717863680712e+00
3.337113146122796081e+00
3.788358964084384439e+00
2.622304506374775634e+00
2.797047224115561725e+00
1.387088131638901656e+00
3.168749479940249802e+00
2.760444127195437858e+00
2.629965647386873773e+00
2.499148354319552734e+00
3.476381340620093852e+00
2.963258158617778637e+00
1.752126149590964577e+00
2.991252900132559844e+00
3.367846042311536614e+00
3.238467877929306127e+00
2.780550590675231248e+00
2.155852794539574013e+00
1.816459326616919112e+00
2.964100757167912548e+00
2.331985997022838930e+00
2.098275452707993427e+00
2.868042266931710049e+00
2.181318449224111333e+00
2.628320673030851040e+00
2.998540356934055851e+00
1.688232329290328737e+00
3.200204690855217304e+00
1.864233249437888373e+00
2.440345587597437138e+00
1.877119935327602684e+00
1.972531075288983526e+00
2.700815841524442540e+00
3.059185989426830510e+00
3.133411206762294121e+00
2.249440892493766775e+00
2.044233346250935224e+00
2.833889940458339307e+00
3.407399264612904322e+00
2.784213474129997756e+00
2.535282133965604423e+00
2.281920448378873978e+00
2.379811158699099760e+00
3.310255433090377508e+00
2.426603870627834336e+00
2.353785011211652289e+00
1.901707846747307862e+00
2.756425400060269038e+00
1.763775488794240509e+00
2.822820436339033900e+00
1.448485532975037682e+00
2.921451028864977761e+00
1.959249270937351683e+00
2.233392887056472098e+00
1.971641535545008095e+00
2.802027904063479014e+00
2.282633867360119861e+00
2.283002038826557722e+00
2.793199379172810470e+00
3.127593282529336882e+00
2.820834809602598359e+00
1.635836719716410537e+00
1.675467783301975322e+00
2.973624944143366200e+00
3.698049680320784738e+00
3.570215997251713791e+00
2.456093803357673355e+00
2.398938618613962959e+00
3.194090623485899005e+00
2.007344342560994033e+00
2.209006170142756798e+00
2.536862358811639684e+00
3.355756053692176888e+00
1.978176685026239667e+00
1.824120838083694629e+00
2.548716396330278577e+00
1.907049953440198564e+00
2.015106307789823248e+00
2.771298240236558463e+00
3.085985918825747465e+00
3.366194284537852965e+00
2.673933836375090856e+00
2.286099806720975014e+00
2.371929809280532098e+00
2.622130815450491870e+00
2.642301166820193892e+00
1.982207318780455418e+00
2.129354011394776869e+00
2.410995558820828499e+00
1.879349163717289439e+00
3.055450802107697150e+00
3.920680257184953721e+00
1.879225492238054906e+00
3.049296657293791402e+00
2.110712243350080008e+00
2.392945644086242662e+00
1.681749321924115081e+00
2.999697064473030750e+00
2.590912356414387663e+00
3.482752151647961369e+00
2.119324858938142153e+00
1.843436842830052269e+00
3.939639597575995467e+00
1.874417476542020067e+00
2.133816866137492774e+00
2.146905408245852076e+00
2.648600645779922491e+00
2.699351372955408834e+00
2.302664508315572789e+00
2.270430712329319700e+00
2.666885369570501041e+00
2.831545618189458047e+00
1.944549370151764656e+00
3.089288515352060394e+00
2.708170348287382012e+00
2.917180598657530322e+00
2.503991584675956172e+00
2.412819353933978395e+00
2.405466766542623702e+00
1.371874764197722474e+00
2.607575070528124872e+00
3.214777672189712998e+00
2.866868014026560108e+00
1.659239611642010725e+00
1.920854482508596917e+00
1.987478653330891687e+00
1.982328702512336616e+00
2.084736995640899426e+00
1.667657909292789897e+00
2.044003509214755265e+00
1.594215401928590792e+00
1.981469573031938047e+00
1.725220486903532580e+00
2.024169264439406479e+00
3.160414148584783423e+00
3.447372368807964271e+00
2.774340603888804768e+00
3.128873517010504646e+00
1.965038654471659152e+00
2.171902358221400320e+00
1.816541409487615333e+00
2.783850850477911365e+00
2.508008808467460327e+00
3.101973690224601565e+00
2.967754676509144041e+00
2.281749974727629304e+00
2.287698039402077388e+00
2.959232810548264148e+00
2.274914471131292082e+00
2.422605917904979478e+00
3.474542947326953790e+00
3.649327759055479348e+00
2.402011614875657397e+00
1.921034185469637334e+00
2.957822286946154122e+00
2.661515820390770060e+00
1.803523793990233770e+00
2.038388319070413512e+00
3.118570288767662735e+00
1.959023538891366600e+00
3.144670547568803709e+00
2.400908256054553380e+00
1.800806419561267413e+00
2.615943230125268304e+00
1.731588089756318283e+00
1.981560806497327132e+00
2.164179167881931320e+00
2.106541477352037006e+00
2.096470775611689596e+00
3.104429852217101438e+00
2.217724543790404734e+00
3.250100331670419784e+00
2.823153855901839204e+00
1.554123160331533082e+00
2.391792786991686182e+00
2.044492882065441552e+00
2.252667911640971798e+00
2.560470352832890040e+00
2.610219562322743325e+00
2.410409673640441675e+00
2.542738624173322748e+00
1.964154554025613342e+00
2.464735051289515422e+00
1.997484855562625006e+00
2.497935917340602607e+00
2.866406863422773732e+00
2.928629987055618500e+00
3.176184142386386799e+00
2.452546867811349340e+00
2.631143736854207216e+00
2.101212060382922520e+00
3.020995284973679862e+00
2.418713864890021714e+00
2.417073515181270782e+00
2.096441917517544162e+00
2.772058831483914076e+00
3.287216432214478345e+00
2.976162612535917074e+00
2.969141631296535078e+00
1.992555247974447052e+00
2.775465141178437012e+00
2.423258922301788854e+00
2.598605126439624602e+00
3.020740670032681319e+00
3.466613841696676968e+00
3.356743647815382037e+00
2.401686457657956186e+00
2.641605165498929875e+00
1.893455423672195881e+00
3.550111859883686716e+00
2.652515005983156815e+00
1.772092335161331356e+00
1.266685833119705507e+00
3.457150597953505322e+00
2.649242773708159415e+00
3.368481353681845203e+00
3.116439552905289290e+00
1.873826782177256511e+00
3.134809872650258455e+00
3.558050574508338393e+00
2.561936838281548390e+00
2.585562559273205441e+00
2.658940646708454203e+00
2.962755331117878477e+00
3.732420985693807314e+00
2.157279030318753676e+00
2.631780628299365432e+00
4.000084137559374753e+00
2.723310121166654607e+00
2.503182160295839509e+00
1.624553644702900312e+00
1.976774223349627935e+00
2.277080548732991705e+00
3.182601513813458460e+00
3.074894374897999327e+00
3.342822980313560954e+00
2.832071744714942163e+00
3.131014897376825701e+00
3.639325216771765348e+00
3.316628427156014691e+00
2.547268518344791399e+00
2.780447093528341629e+00
2.179316464136801912e+00
3.135048145005791209e+00
1.793488736744263790e+00
2.746711560490214588e+00
3.316179825315226815e+00
2.059219725429562775e+00
9.794777061170956145e-01
3.143316348283030415e+00
3.610559849385885478e+00
3.114911968164707279e+00
1.721973215294221760e+00
2.956189510474739546e+00
2.722856880515264866e+00
1.977335840378718235e+00
3.128464704604857261e+00
3.187304032270093401e+00
3.058322935882153981e+00
3.148293181331019763e+00
2.049629890367156815e+00
3.793332025487115899e+00
3.001885729413448889e+00
3.577759711692967137e+00
2.620687712177289797e+00
3.801220820575083259e+00
2.509694305423658900e+00
2.377416995415738477e+00
3.862206252479648327e+00
1.914693648956705907e+00
2.878645404057007529e+00
2.514331746743960760e+00
2.775819378677556237e+00
2.818019417647858127e+00
3.474325476080012631e+00
2.359223354129074579e+00
2.525565980730164473e+00
3.707444779464217799e+00
2.478903716645634248e+00
2.643873672162095456e+00
3.075619134503618568e+00
2.656774449251128711e+00
2.501478247436957236e+00
1.867144279044953281e+00
2.866027835779440647e+00
2.801818007419753176e+00
2.005831336204866755e+00
2.419593941271592552e+00
1.569109906432425428e+00
3.304851395657347091e+00
2.303947127044493559e+00
3.459683270221631801e+00
3.227724972698292838e+00
3.110974067731262949e+00
2.803019075626989487e+00
1.861954615299782567e+00
2.861491101481836274e+00
1.843665518154564031e+00
3.223004533693313078e+00
2.299430019013582349e+00
3.400153117027427729e+00
2.815601538561308015e+00
3.310164809200187630e+00
3.570809723050079931e+00
2.515300961227551646e+00
3.020296653924802843e+00
2.404587813813421793e+00
1.978237954920392783e+00
1.934170420371536192e+00
2.527743788367843081e+00
2.860360486190904439e+00
2.807617484363565286e+00
3.151755544911725604e+00
2.632076965893702436e+00
2.928394162658369382e+00
2.753624478193103631e+00
2.814458369627453660e+00
1.976573301588892217e+00
2.382165326088709456e+00
2.654720080659351833e+00
3.224969570875640734e+00
2.978079541078104242e+00
3.990263516392917431e+00
2.657792716712949144e+00
3.341303264066903367e+00
3.125711461664318680e+00
2.082355929698086250e+00
2.618159757944557242e+00
3.413370359551018751e+00
2.545117856088678909e+00
2.107392694985287918e+00
2.098302971622557855e+00
3.313981339099742129e+00
2.005924226965091428e+00
2.357161827013881883e+00
1.981757597630365186e+00
2.913915608028326609e+00
3.521716569159896615e+00
3.147366291587182729e+00
2.429484779306228415e+00
2.085113707649644876e+00
2.079243273715847717e+00
1.930225910864053152e+00
2.333353884001356793e+00
2.404978920204577264e+00
1.970523256881830276e+00
3.570619784107728734e+00
2.162541376270596061e+00
1.665498911050393049e+00
3.354643966990487058e+00
3.356720051413105921e+00
2.235342965459564457e+00
2.192440399232510551e+00
2.396389975307705811e+00
1.645385676479516723e+00
2.935832265111097072e+00
2.855003742963309499e+00
2.513726877148633854e+00
2.964149765151894655e+00
2.664924819564349345e+00
1.814162321032249947e+00
3.137186681643748365e+00
2.109595659239568377e+00
2.813226927028744218e+00
2.628878159468841069e+00
2.082765902294311022e+00
2.703669106348278728e+00
3.345769910388725510e+00
2.248415231111515755e+00
2.678112781895700234e+00
1.729603012243607241e+00
1.537952973061131656e+00
1.562235260083836952e+00
2.146220894947443281e+00
2.461343805598112500e+00
1.540352758514165421e+00
2.826385626636676918e+00
3.438696928950981668e+00
3.352423199339131799e+00
3.552688035258888544e+00
2.889112399769330874e+00
2.421808016367103633e+00
2.950957418517599073e+00
3.249538881855836170e+00
3.090974157843086711e+00
3.471883388075585053e+00
2.396059562559342826e+00
2.556346269770049862e+00
3.051916075187643074e+00
3.004065403771376097e+00
2.233646300684326125e+00
2.838150850097270972e+00
3.532151519699480158e+00
3.443161139818804006e+00
2.131708713402244548e+00
1.230101459296883748e+00
1.692250554918461436e+00
1.999505686747128141e+00
2.182374804169481042e+00
1.802334531209088153e+00
2.305566032215869754e+00
2.561749538253841330e+00
2.641458289326861664e+00
9.993009050864006815e-01
1.264699256496285562e+00
2.926840367486562400e+00
2.746224596483624047e+00
2.533902394378152678e+00
1.879962033200953675e+00
2.405789202473601396e+00
1.218235930582562965e+00
2.746995718891368288e+00
2.110814511432483886e+00
2.464070969887558249e+00
2.181540419187713020e+00
2.092623755314772183e+00
2.589779973801797031e+00
2.832210514236261467e+00
1.983637981535021799e+00
1.274788096947117255e+00
1.764161281118235447e+00
3.927250825639429177e+00
3.120938091962342842e+00
3.733500261180092483e+00
2.766421924601181193e+00
1.490450987203633781e+00
2.179713423470706513e+00
3.479928492353568270e+00
2.162136488858184435e+00
2.271597814243870861e+00
2.505789631148495289e+00
2.531184496984738796e+00
2.032019243853563584e+00
1.277018849136847267e+00
2.495090265025134091e+00
2.873469742510629477e+00
1.930467101415148434e+00
3.064510592003209410e+00
2.720793966440766098e+00
1.404633235144807646e+00
2.535528192657571012e+00
1.682657038438990282e+00
1.471342553672646103e+00
3.367765695081495814e+00
3.150818456662129119e+00
2.302045818289625512e+00
1.943945650348596343e+00
1.981998244859064950e+00
2.671780242546927475e+00
2.400914921492536269e+00
3.848961957842672366e+00
2.034342684354955022e+00
1.973671008580164088e+00
2.810045060781794390e+00
1.186402806649064168e+00
3.287339076042584018e+00
2.631146807318733849e+00
3.156023649341064718e+00
3.631038553171400896e+00
3.276836561720822605e+00
1.925423836470045336e+00
2.822737475930234385e+00
2.236968334724630303e+00
1.884679620882063533e+00
1.951296725800287790e+00
3.483041157439802138e+00
3.338587154947063596e+00
2.653690216414468228e+00
2.107079392529392692e+00
2.988819961483082377e+00
2.175638676429220375e+00
1.989127665031498626e+00
2.853077419006261106e+00
1.897553171546567885e+00
3.325217975682400517e+00
2.810630873556730247e+00
3.178603624957414997e+00
2.789903788005922536e+00
2.772897941100347374e+00
3.202857125583258746e+00
1.996449891668577781e+00
2.201688933011853422e+00
2.637892716875398058e+00
2.073720787969004942e+00
2.010582955623968271e+00
1.869866760474297784e+00
2.170651994322642775e+00
2.449829269726645276e+00
2.487348604317951128e+00
3.333132456160925461e+00
2.036000317113792590e+00
2.047445321478763347e+00
2.091394289547278351e+00
2.968809685785727126e+00
1.928641148737757272e+00
2.689718068971633791e+00
2.269235469932550320e+00
2.622875144149862336e+00
1.979370859282991502e+00
2.954717854502282304e+00
2.448255735768634533e+00
2.216005645399671042e+00
1.984827078942134282e+00
2.271554318781967119e+00
2.221220512494289867e+00
2.093939480199383585e+00
2.895537745677160490e+00
2.782709646786638125e+00
3.102951977500307379e+00
2.245358468962324494e+00
1.407983046093939317e+00
1.770272862235906075e+00
2.824015243928801766e+00
2.036944472806479389e+00
1.927604447664665210e+00
2.966461440821480888e+00
2.337998978760950752e+00
2.543030888634918885e+00
3.675790270581727359e+00
3.058921311181045599e+00
2.987800098678123017e+00
3.285817226540657998e+00
3.317939771840786367e+00
1.855574938952450292e+00
2.529797130512166259e+00
2.076181490082984915e+00
2.947259041910237354e+00
2.305425130785626386e+00
1.684634065697812710e+00
1.952105069839406903e+00
2.499823701819364974e+00
2.398058074322675814e+00
2.635186996311708274e+00
1.954858370085417851e+00
2.215462154455993371e+00
2.896567795570313297e+00
1.523261084653476427e+00
1.726082152892155275e+00
2.624837501624335712e+00
2.046604001787830640e+00
3.056262912373564067e+00
2.029325528622785590e+00
2.417781261533900938e+00
3.007330733080120666e+00
2.402876427484252897e+00
3.041974785208531706e+00
2.483526943403012499e+00
3.039597303490224611e+00
1.105747233105570437e+00
2.944829750753817255e+00
3.352351513460844590e+00
2.931725874910786622e+00
2.828592720229681667e+00
2.255898087031303234e+00
2.089241501533917411e+00
1.961507349199822725e+00
2.969609751954031651e+00
1.523570013498830811e+00
1.978842461426372434e+00
2.622116138488570503e+00
2.254516442934308529e+00
2.068925618066607797e+00
2.967432158010341769e+00
2.308440203981270145e+00
3.326540776994780124e+00
2.835526777840116974e+00
2.633690995483427333e+00
2.236955161588938257e+00
3.020225209058041926e+00
2.394993986366773964e+00
1.794316331162072231e+00
2.669423398890785837e+00
2.702627071146723292e+00
2.416639590185205577e+00
3.097945971472379156e+00
2.659067729181548767e+00
2.627649468789865050e+00
2.996144218821680916e+00
3.315945739360587563e+00
2.528477977025733292e+00
2.470043281254687972e+00
3.122999834651083439e+00
2.562966188182201233e+00
2.650257793757936575e+00
2.863593235584480201e+00
2.967135203794638354e+00
3.769816050778937555e+00
2.450186928020988475e+00
2.427768350860462387e+00
2.028023693419458429e+00
3.224723571991209958e+00
2.343813978414061250e+00
2.539204230294315856e+00
3.081819105446413243e+00
2.056485918360347664e+00
2.066725263620589281e+00
2.825289760271399331e+00
3.338860418901260729e+00
3.359480949771219471e+00
1.983239527376880584e+00
3.353158711917897605e+00
1.802445659754937424e+00
1.644889718690022429e+00
1.911976824240532835e+00
1.977633473158807664e+00
2.408071518446631920e+00
1.971213842756909695e+00
2.504096324544800911e+00
2.749692023390028606e+00
2.535172431286982331e+00
2.365078698163041615e+00
2.713051973513772364e+00
3.378561738520364344e+00
2.508309225517798335e+00
2.606561835040666963e+00
2.243305675002412958e+00
3.242096044668284271e+00
1.079379241818926083e+00
3.069946562586585603e+00
3.672884239182525601e+00
1.549189612375603708e+00
2.285354020980505663e+00
3.072252820083641200e+00
2.784625596403134562e+00
2.036500767369011644e+00
2.661304103261211917e+00
2.793593942134947383e+00
2.774306847752006089e+00
3.742764033784299116e+00
2.021734530983037459e+00
1.794891851044883024e+00
1.838584874926922907e+00
1.882131089419190495e+00
2.295469924692523200e+00
2.284538558905873540e+00
3.380430923080403716e+00
3.113042484394383802e+00
2.927861010565640409e+00
2.453549613311773125e+00
2.309865889918177650e+00
2.625857073582177126e+00
1.881959439330198824e+00
2.578042544422340043e+00
1.743129480780010176e+00
2.457441574759207548e+00
2.844188923754601639e+00
3.157828439345782279e+00
1.907437552965763894e+00
2.974751109189922804e+00
3.231971676246912395e+00
1.954642845180917909e+00
2.514213078974122606e+00
1.000291443149123882e+00
2.906592061788157544e+00
1.880968143500346912e+00
3.338944105613638857e+00
2.093739164793220198e+00
3.878424223643716751e+00
1.854048563454566256e+00
2.745241903279093787e+00
1.843020644055847868e+00
3.260661248534007850e+00
2.156314450853947573e+00
2.485669335518393197e+00
3.298108324575183214e+00
2.406073073767507786e+00
1.971184022635839472e+00
2.407433708637195746e+00
2.341023009726863169e+00
2.009888393179581012e+00
2.288755344338140763e+00
1.993744786622533960e+00
1.559359741557179380e+00
2.196305523858438136e+00
1.962168638011825061e+00
1.967244986992962685e+00
1.514850778525692832e+00
3.366562332012794201e+00
1.968678562517400144e+00
2.539590474075928750e+00
2.284238802054818329e+00
2.334843558316614942e+00
1.969760164910491440e+00
1.429543816367986775e+00
2.792316233090855082e+00
2.195815379729605610e+00
2.767048849506795971e+00
1.425953177969453645e+00
2.450060108832238015e+00
1.953742007855365781e+00
1.963942659736810592e+00
3.039917490317358251e+00
2.825207834950109742e+00
2.108301477663836465e+00
1.907815269400438885e+00
2.360186578595084850e+00
2.145085116730641950e+00
1.586133146417483486e+00
2.003156212331375752e+00
3.142394434717836749e+00
2.402843282773083011e+00
1.854569589122926354e+00
1.488731659942136298e+00
1.870515851082398928e+00
2.253801475945657717e+00
2.757953850617612002e+00
1.895661158696122506e+00
2.578219549271955735e+00
2.115337719643755943e+00
1.973381095803508511e+00
2.878426702866576203e+00
2.362270913460964294e+00
2.416662982251378100e+00
2.311040966454137813e+00
1.800945710763881991e+00
2.182283129682536238e+00
1.960786397318354357e+00
1.689668635346405212e+00
2.161618984211581385e+00
2.434779112258175005e+00
2.474385890893886497e+00
3.368093140762356885e+00
2.811008990272652941e+00
2.939951429868284283e+00
2.023244774949203961e+00
3.056034352073523586e+00
2.299972479502959910e+00
1.995782445551817386e+00
1.220293047975619105e+00
3.276719317263050879e+00
1.511050321673731656e+00
2.289552728647907820e+00
2.104514604350861795e+00
3.299614703918437364e+00
2.130641283775503325e+00
2.221953976465414371e+00
1.214855476351815344e+00
2.796115000020759744e+00
2.312797738284982696e+00
3.144847649834998649e+00
3.317289506170352897e+00
1.611933951148904809e+00
2.830250062901486618e+00
2.660076386390520131e+00
2.003671974205565309e+00
2.351583608532079150e+00
2.600787116864575754e+00
3.357038150902510232e+00
1.911882565753585617e+00
2.419739666560635438e+00
2.658616212168089188e+00
1.990255072066748010e+00
1.463398890240011463e+00
2.927345640751016553e+00
1.956358296899230798e+00
2.500515097271547749e+00
3.117749233403436016e+00
2.135624656680898958e+00
1.874046522974235129e+00
2.120448340705797907e+00
2.529199177767339268e+00
2.779165670031696234e+00
2.685263327676694178e+00
2.349928615673576360e+00
3.068947877165204119e+00
2.133049558477686070e+00
2.371642412911503683e+00
2.576919014965322052e+00
3.225743583342540521e+00
2.453172588309548985e+00
2.556707683367317685e+00
2.933735898000060960e+00
2.635590031049333426e+00
2.237251052038199184e+00
1.967697374942237065e+00
2.266378255151884513e+00
2.630111678785864715e+00
2.447289537470238141e+00
3.255801958781334271e+00
2.874626395784760202e+00
2.123363572649935804e+00
2.636974594457539123e+00
1.759273162300265980e+00
2.469076316365104606e+00
3.575771950799969456e+00
1.678360881342742417e+00
2.722424820152361313e+00
2.654438880398402478e+00
2.497541904869629903e+00
1.794553793797351471e+00
3.174258544232916535e+00
2.528822581520762558e+00
2.875215657201123598e+00
3.105953656454520928e+00
2.630796451288002213e+00
1.112576139275831544e+00
1.949759562106585520e+00
3.613723812125314350e+00
2.439284929785657141e+00
2.210413961312099662e+00
1.991752953054749531e+00
2.463802133706845421e+00
2.709140384089081088e+00
3.171376589803259538e+00
2.798501549808436906e+00
2.559203023322064841e+00
2.130163597789919816e+00
2.373299837227424991e+00
3.380698381804239538e+00
2.194436492303084130e+00
2.531547608410373407e+00
1.801267268548210954e+00
1.963535029155126121e+00
2.313289212546539630e+00
3.381001229456486179e+00
1.733582698385593535e+00
2.844134641416921738e+00
3.431395025749603089e+00
2.135812418916250621e+00
2.515317145142926147e+00
2.574987752122588347e+00
3.148482407990773169e+00
1.342084256981660229e+00
3.369961178194295748e+00
3.142490061907087462e+00
2.110514961284175151e+00
2.693956374119006902e+00
2.061169443277850899e+00
3.164652049812862966e+00
1.563446384277571655e+00
1.760571942151331948e+00
3.185174812234706554e+00
2.907755158852233013e+00
2.800282390573000768e+00
1.960752931847483893e+00
2.936354839131912087e+00
1.104310588897770895e+00
1.964947956015279384e+00
3.345935234699047189e+00
2.534042150278733807e+00
1.163328438671106246e+00
3.411522191774040369e+00
2.106551591668008871e+00
3.137646566197615172e+00
2.461959226260447053e+00
1.998792948059380015e+00
2.033360067248811465e+00
1.717879306178020427e+00
1.474445700045463159e+00
2.048010548971200606e+00
1.430477975762074916e+00
2.773924852567555277e+00
2.181407969782677814e+00
3.304327053359462862e+00
1.931749438946728237e+00
2.269285660372635238e+00
2.757069984705682764e+00
2.425619150972813109e+00
3.376745703363000395e+00
2.534985771319847814e+00
2.537044416039375250e+00
2.255871151813440889e+00
2.580481103642773277e+00
2.826308817668735873e+00
2.638766813630609054e+00
1.879043554677370942e+00
2.997574252369161751e+00
2.960399351977514026e+00
3.595606041762366978e+00
3.546761300707690356e+00
2.174639934827256926e+00
2.293120630551447547e+00
2.292392210911888828e+00
1.490594284112682244e+00
3.120368845819324388e+00
3.221459452446167493e+00
3.164797527578205649e+00
2.090783351956772229e+00
3.122294571234474070e+00
2.252448040403223661e+00
1.257575422933684850e+00
2.802990526314802722e+00
2.911333489351778159e+00
2.369686433783828150e+00
1.633353683801323175e+00
2.428920752769094360e+00
1.864264398953523250e+00
3.190524991416427092e+00
1.986240589535214429e+00
2.530734240234778554e+00
2.406039149850436765e+00
3.519026947154244134e+00
3.181773237810474164e+00
2.481746363861347504e+00
3.428794651039668739e+00
1.880016736840547598e+00
3.143626700222589943e+00
2.384294234059217032e+00
3.155065558458519437e+00
2.371937986682885136e+00
2.778472256268026630e+00
2.722932995856224281e+00
1.981850243516897203e+00
1.969553782309844125e+00
2.526202027658153160e+00
1.814937942863179776e+00
2.418875494343601940e+00
1.997533076756844883e+00
1.796654047968129442e+00
3.144311122656288315e+00
1.888053027392725625e+00
3.138427661334938445e+00
1.730565066625993520e+00
1.784978790340690624e+00
1.872232898251910971e+00
2.513212340388324861e+00
3.593853381506329381e+00
3.072104537879245534e+00
2.340798496353725167e+00
2.668955865962009177e+00
3.353949345565335527e+00
2.858246902791672373e+00
1.932124811932282915e+00
2.893551122336031511e+00
3.631119178755871424e+00
3.173574479939285542e+00
2.963397391613424414e+00
1.930302921066298305e+00
3.769366726734516337e+00
2.155359529117277351e+00
2.490561503955100342e+00
2.570578591135699309e+00
2.489261307631909670e+00
2.020084854701649668e+00
2.971611479047250537e+00
2.405457980926155592e+00
2.791838293639850033e+00
3.201886971465452536e+00
2.042036463377714828e+00
1.684324426545804609e+00
3.600353450388148246e+00
2.519908105799752107e+00
1.839223486414091280e+00
2.765184180239517620e+00
3.563356048027355172e+00
3.460349732943591050e+00
2.728884113434283165e+00
3.160549061964068152e+00
2.583678391876357949e+00
2.540460032184260086e+00
2.329631725562289812e+00
1.941793529889219494e+00
2.935034793910300976e+00
3.740107210102906699e+00
2.522067351144685166e+00
1.922784620738636097e+00
3.094497566977158165e+00
2.871021625687617096e+00
1.905837058238875503e+00
4.003536945983995565e+00
3.120373502943365462e+00
2.475135903635146128e+00
2.880620373854324345e+00
1.962126160168425226e+00
3.112441972678249957e+00
3.135680557170548610e+00
3.252651116558145983e+00
2.524095597201030827e+00
2.533074917054962238e+00
2.170316585243781127e+00
2.385056134988015941e+00
3.074655943759560195e+00
3.163143244111071173e+00
1.603111080118366116e+00
2.094358156533657311e+00
2.810932537312611945e+00
2.893725765893071955e+00
2.580884496419597163e+00
1.755037991590683744e+00
2.694532495858789289e+00
2.405304731190758272e+00
2.312876760699777989e+00
1.518068905437045091e+00
1.729395637366829774e+00
2.502802444967259010e+00
2.811707220215323488e+00
2.539723589937060044e+00
2.008183748685455239e+00
3.398374763345862970e+00
2.472314753139549737e+00
2.383051623728165591e+00
2.515410266896156433e+00
2.849747405192868399e+00
1.918969703624013867e+00
2.430551589961285508e+00
2.716970967561903816e+00
3.343066119344309417e+00
3.174047056592803617e+00
2.817724248147602584e+00
2.522241927505833647e+00
2.500737490594274526e+00
2.944395492258029545e+00
3.515349265626394715e+00
2.672165772562328456e+00
2.624019354243105617e+00
1.674314448219562212e+00
3.877491187445006648e+00
2.454443334733220627e+00
2.523501118321255454e+00
3.163724170443467099e+00
3.158799243032768267e+00
1.931729872993412256e+00
3.140496523488836456e+00
2.952172986279090416e+00
2.077200454287462694e+00
3.153876669231283181e+00
2.154064207913575224e+00
3.302114738256530568e+00
2.880868065402280909e+00
2.487819167405403764e+00
3.138668195922013293e+00
2.931664592513736789e+00
2.120224492643763892e+00
2.983449801703552673e+00
3.130420520867450485e+00
1.855901338309503990e+00
2.175341565293046564e+00
1.947665378488702137e+00
2.723894533788546735e+00
3.127186380527644971e+00
2.486669276620719682e+00
2.965250667094629922e+00
3.145628004263809618e+00
2.724778411143383927e+00
1.855230348006585928e+00
3.468126687476236647e+00
1.959283286644964983e+00
3.541328788376297609e+00
2.262534664666357997e+00
2.252660336597669843e+00
2.500751724138410736e+00
3.197499150966037984e+00
2.791424956026447468e+00
2.790076027954154991e+00
2.992447452528500307e+00
1.493590244314085824e+00
2.051654136797965933e+00
2.171639632427430300e+00
2.062591337404285241e+00
2.103077527390325496e+00
1.767765637519481459e+00
1.355823880739382314e+00
3.309279840247512094e+00
3.082904536076030322e+00
2.677906852592413234e+00
3.443688885622542717e+00
2.644548981892007156e+00
2.256765775948596620e+00
1.807067767729508390e+00
3.344216586838152594e+00
3.175460949904570729e+00
2.972597791015241242e+00
2.099681392006301994e+00
2.624295762451216429e+00
2.659113855801616744e+00
2.810920502656484299e+00
3.936082477775596722e+00
2.192762411626071106e+00
2.811263943951203270e+00
2.238324075964284621e+00
1.327140625663431939e+00
3.863607847575711851e+00
1.809387649453101599e+00
1.907497603970931710e+00
2.258538638886271599e+00
3.382249429835865406e+00
2.302161713154760925e+00
3.570213836947418340e+00
2.049620494044693153e+00
1.932856973535620915e+00
1.340320492576365208e+00
2.600688898931835968e+00
2.804986382464011108e+00
3.337567678587251674e+00
3.686329660452641654e+00
3.178881561901662156e+00
1.943709192389012186e+00
2.365092491518199669e+00
2.772626409734872066e+00
3.104234883332282369e+00
1.502885079463455176e+00
3.162933194923185365e+00
2.111936330965493269e+00
2.001313501184447841e+00
2.133661900128014377e+00
1.464199708233052233e+00
2.945680824163702471e+00
1.721911760939723646e+00
2.518388590570745045e+00
2.935992011395389234e+00
1.719783981849565713e+00
1.820783384322414822e+00
2.983458724617520819e+00
2.293325260388678011e+00
2.441047536456097511e+00
3.046253951305074814e+00
3.301914766236479171e+00
1.513578109712275799e+00
2.383172657571798858e+00
3.059547677172903324e+00
3.158612239187080561e+00
3.386060824680498182e+00
2.794732682421898318e+00
2.489019312978661524e+00
3.308533713966820944e+00
3.176222570934016165e+00
2.801035424857670098e+00
2.390576182091001645e+00
3.074617238569326894e+00
2.278041438157335730e+00
2.105886022817125447e+00
2.285719982201783296e+00
2.371156557530908149e+00
2.653304297387729438e+00
2.041605238741944994e+00
1.911646923040729362e+00
2.958846960594055719e+00
1.878952873309272853e+00
2.911091144086906279e+00
2.492183349904021572e+00
1.159630628326000723e+00
3.612938356995610611e+00
2.933984133259703864e+00
2.830021716288562583e+00
1.972630792901461483e+00
2.786230852898076815e+00
2.287379085411484159e+00
2.931669900451552735e+00
2.813255517629492886e+00
2.273849302361380165e+00
2.312532268043503425e+00
2.541092226673325349e+00
3.572438906132767045e+00
2.244005705397740247e+00
2.431210114176901360e+00
2.637645391473325329e+00
3.190623084649916841e+00
3.260209004078410189e+00
1.933584903797860299e+00
3.253643723871104232e+00
2.146119212658094799e+00
2.520039384695205165e+00
3.770157479290729974e+00
2.800742930374502393e+00
2.623594717210145699e+00
1.587287045318197309e+00
3.152727695452610224e+00
1.943558732642024944e+00
1.547703144822520471e+00
1.609895524101125686e+00
3.336043427300562580e+00
2.276812771963337756e+00
2.865027320767159491e+00
2.865893617811060334e+00
2.780554092150427703e+00
1.957585244221794474e+00
2.142660760692791655e+00
3.567730197534707770e+00
1.473578518569486739e+00
1.931568458615929407e+00
2.187510215171818651e+00
3.106039825959254763e+00
2.963009080662922123e+00
3.126413974994700862e+00
3.595687152478922677e+00
1.898712128772450880e+00
3.134259772199625704e+00
2.220487715162809739e+00
3.216134893271989093e+00
3.304340614544750920e+00
2.209550701418039331e+00
2.295424591205825759e+00
2.079173372592520774e+00
2.162820573336603047e+00
3.175020343352673358e+00
2.351605448222427341e+00
1.773002895038141125e+00
2.488324844580307893e+00
3.137284007055254786e+00
2.620611444853722993e+00
2.627685077038124373e+00
2.106447602186938717e+00
1.604121449132015487e+00
2.041212905253649179e+00
2.966884253638974123e+00
1.464984288722443795e+00
2.957780356009542366e+00
1.945793917653160676e+00
2.239038417994397179e+00
2.171327211986558314e+00
3.395876709407943839e+00
2.439799649090319100e+00
3.288731031930860027e+00
1.891091995021573435e+00
3.174033934750155161e+00
2.388932919749998440e+00
2.540949246640092252e+00
2.171202491581444072e+00
1.764380774000847252e+00
3.159112679242307653e+00
3.294785910342226121e+00
2.617272542312747419e+00
3.122033797416895684e+00
3.328389966646640108e+00
1.961492027928046555e+00
3.229593451792845737e+00
2.814961440923456237e+00
2.809698340996035881e+00
2.706515332791852302e+00
3.373728048192783380e+00
1.514713044020461696e+00
2.236091294921633388e+00
1.864735700342935454e+00
2.668132038707420772e+00
2.801337621711527781e+00
2.029283355015760293e+00
2.788092902862567168e+00
2.262931481502291398e+00
1.684141519714178026e+00
1.517777168994097980e+00
2.967343145345183952e+00
1.969710423410699240e+00
2.941815519335242879e+00
3.237158179337208175e+00
1.923368109061175391e+00
2.522053258426014466e+00
2.164158481351599050e+00
1.855400192082458544e+00
2.269643974053795699e+00
2.426075754891812153e+00
2.287494818883381686e+00
1.925155269140143899e+00
2.958867154522437648e+00
2.306771432821490553e+00
2.221208563961964533e+00
3.007115642507021125e+00
2.597582983006831991e+00
2.914732487407759809e+00
1.833950176241136543e+00
2.826416422651635507e+00
3.146745485794512298e+00
3.004515204030747011e+00
3.128980501291637406e+00
3.048915551257349588e+00
2.986073445392455561e+00
2.360072401095367312e+00
2.955813793127373135e+00
2.801353218413245472e+00
3.335590881024956822e+00
2.819070612936287912e+00
3.284579644771258522e+00
3.111449762878906178e+00
2.238948930922960212e+00
3.128289849878795437e+00
2.665770743560339717e+00
2.525983857132309218e+00
3.151896032445268503e+00
3.583286690430174559e+00
3.057414881728369060e+00
3.117874538014211439e+00
2.277600368351026194e+00
2.705538871603076156e+00
2.292307527551662005e+00
2.783825876935683841e+00
1.934541180217842271e+00
1.889050736445812895e+00
1.868148394954123770e+00
3.335285373127919950e+00
3.846199953396061577e+00
3.172528849035104681e+00
2.204859883484175498e+00
2.079044304568326229e+00
2.424696539921543437e+00
2.302724556195447470e+00
1.812972442656452854e+00
1.300873019902375693e+00
2.431013899714916882e+00
2.497869039669409208e+00
2.985434017655923089e+00
3.364123602156583903e+00
2.274757210462053258e+00
3.585946385096877798e+00
1.834487160128180694e+00
3.217161193117680895e+00
2.972102342872152914e+00
2.806959127186756664e+00
1.591673267343651332e+00
2.394804197537028667e+00
2.350834328537561468e+00
3.011723536811407698e+00
3.414160360718025089e+00
2.929617729087931721e+00
1.952669563212312331e+00
2.810897216492148853e+00
2.511327544364504227e+00
1.966667169579185748e+00
2.805701626406966742e+00
3.021839094715361718e+00
2.857735383841786714e+00
2.395514010318056997e+00
2.962532574765400106e+00
2.889319545904301734e+00
2.660734903263304751e+00
3.543081043983328460e+00
3.000372949511704412e+00
1.744718916735917835e+00
3.294751273903516076e+00
2.295041445287993920e+00
2.348678444433097479e+00
2.473449566634910113e+00
2.420444982611478668e+00
1.838279795244524228e+00
2.791836127453983352e+00
2.166803791650271371e+00
2.942880910335697653e+00
3.133238734815437354e+00
3.287408697915277678e+00
2.401970419428571812e+00
2.781930336915480417e+00
3.172672955747395385e+00
2.877718159858037694e+00
3.558969577828491104e+00
2.150621711495170896e+00
3.553400140830229592e+00
1.899465138438068745e+00
3.744565215914060552e+00
3.092223378596696826e+00
1.337006040958182096e+00
2.804718214587948566e+00
2.395702225550804254e+00
2.040310161254853316e+00
2.498419321126673864e+00
2.022949025169127779e+00
2.081175422523756424e+00
2.250600753694046663e+00
2.339228109393645116e+00
1.843385538756282305e+00
2.244302259237322961e+00
3.138957101608480293e+00
2.051093750952951655e+00
2.395859264955968460e+00
2.467089710292204696e+00
3.538757157677685949e+00
2.247189837693936099e+00
2.863854870555242460e+00
2.299543550933515146e+00
2.641938319786305556e+00
1.973608634597809663e+00
2.653131014770506280e+00
1.746096316839215179e+00
2.203074215545749226e+00
3.029856893773240412e+00
1.970026501124110041e+00
2.679130849275912496e+00
2.963971525186927636e+00
3.043128314690886516e+00
3.432256261800035624e+00
3.023131287637374154e+00
2.542000135869045607e+00
3.053935446451511382e+00
2.232875183014207732e+00
2.446468023878005216e+00
2.128710023590577372e+00
2.719521794421468019e+00
2.978283624004417707e+00
3.011885239830298211e+00
2.389804420267428675e+00
2.081304401742686494e+00
2.402115489569391027e+00
1.954095580952948108e+00
2.616881490272335853e+00
3.057550819051870317e+00
2.043691628184846731e+00
2.758312217240762365e+00
2.963567194517977121e+00
2.108932520757802020e+00
2.425575675620557092e+00
2.875214833165186334e+00
2.535674668473347548e+00
2.649225314634723993e+00
1.760139663207852312e+00
2.333819505120191540e+00
2.100135661340966742e+00
2.048138129163831866e+00
2.958469793681440141e+00
2.861426394189590994e+00
2.229630045339225042e+00
2.610796292884281389e+00
2.542493085687920651e+00
2.296163244764074740e+00
2.673244581724905089e+00
2.768266077992544538e+00
2.180907055675356254e+00
2.762179535165930400e+00
1.957217029301449029e+00
2.768572281340692776e+00
3.771070799491197612e+00
2.799563123238032247e+00
3.109176472476330222e+00
2.002914022864398014e+00
2.046240034151071363e+00
2.536275105805301244e+00
2.382240906950913395e+00
3.502634389889903055e+00
1.798818339233138941e+00
3.054989638006115893e+00
1.440764756935867252e+00
2.390819623764990798e+00
1.777860378835476096e+00
1.706847006928012611e+00
3.124809960044719226e+00
3.346554232996721723e+00
3.018756725431492427e+00
2.917294446020590293e+00
2.406489497649478615e+00
1.781759112436154924e+00
1.920155014956788087e+00
1.945804507941536254e+00
3.094832839667305269e+00
1.958156096814760883e+00
3.457258449485849372e+00
2.969327814032531876e+00
3.135158576815215259e+00
2.773726874331221559e+00
2.809129230715950776e+00
1.427093100290883099e+00
2.930357053486008834e+00
3.144780569062536557e+00
2.528623270174498394e+00
1.977022750741792789e+00
3.210481147113842137e+00
1.998510941124269635e+00
2.639189843288776149e+00
3.133335168123272396e+00
2.405781076503931804e+00
3.166296860213497766e+00
2.825723050261714775e+00
3.002853789186373579e+00
1.965099831921079954e+00
3.350846910877520735e+00
2.971163230997714511e+00
2.105497663477574388e+00
1.868544945342686558e+00
2.635970113369550116e+00
2.458018188357171230e+00
2.343885655580914218e+00
2.643394877210957450e+00
2.943510210531106175e+00
2.673272453004460925e+00
2.437943423616475869e+00
2.194672559255034905e+00
2.767350957692656266e+00
1.416020242553567954e+00
2.061652126910661575e+00
2.405819637317765380e+00
1.868392861587211851e+00
3.072324422721102177e+00
2.040655931076941876e+00
2.834345350104290340e+00
2.545419718320587332e+00
3.545695748354048771e+00
2.259255028675241750e+00
2.531742625174295824e+00
2.543757576224698891e+00
2.012877784022160554e+00
3.995985491231712761e+00
3.482794641042090689e+00
2.801820197776716093e+00
1.962165438889129421e+00
1.993398060530494398e+00
3.491327408864247861e+00
1.970951571621636589e+00
3.793655050613680579e+00
2.411290143808075381e+00
2.005713306844714161e+00
1.900497742447844640e+00
3.309983457565977893e+00
3.139392839369541832e+00
2.581324484292455868e+00
2.559793837879431599e+00
2.539800556183564595e+00
2.838699061864145445e+00
2.537303643513995954e+00
1.972766505457379749e+00
2.098055256387791445e+00
2.547083609596997089e+00
2.386080392821344986e+00
3.138225525582196695e+00
3.245847095514219127e+00
3.167575858090450058e+00
1.928199290047276415e+00
2.153708364195710878e+00
1.982676475000338723e+00
3.474053808015418632e+00
3.018253985300579423e+00
3.602326144968100774e+00
2.486130102999665414e+00
2.629269937370038779e+00
2.798116050085142525e+00
3.308016644826214936e+00
2.265371733053895831e+00
2.325954467899451039e+00
3.124077128662916092e+00
2.014640008078446343e+00
2.098188272960261003e+00
1.910516438818683937e+00
3.378819061035110316e+00
3.351401691410776262e+00
1.840249831244036738e+00
2.932657621981269447e+00
2.409483850701135577e+00
2.431837518981863067e+00
2.344709220332790167e+00
2.263261400744322138e+00
3.164919756886816149e+00
3.346418497563968142e+00
3.392240547689457042e+00
2.784741071328345807e+00
3.001639869467484179e+00
2.448330824089780755e+00
2.585079861416216485e+00
2.674770513387506377e+00
3.163379322665592408e+00
1.325570215026615539e+00
3.789316338467701772e+00
3.659939936272319283e+00
3.157816648328839459e+00
2.623634780480018414e+00
1.269633438584113483e+00
2.246013164109310623e+00
1.619483724334544350e+00
1.875119679389643634e+00
2.275432997774558430e+00
2.731955233010271655e+00
1.850063329669050960e+00
3.161034089452188223e+00
3.546152674992022025e+00
2.542865030121274739e+00
2.695184431704801042e+00
2.485875005892462575e+00
3.295820829878906011e+00
1.463719885125069675e+00
2.675844856203169808e+00
2.768025495155348459e+00
2.033381829203711355e+00
1.967359325229300904e+00
1.978696903634230342e+00
2.969902407619023688e+00
3.322857336910573167e+00
3.136301961224610135e+00
2.827014084521296766e+00
2.000082036076380909e+00
1.547051130643043892e+00
3.349126813329343033e+00
3.153323571130675074e+00
2.175657644280867498e+00
1.967315572455392791e+00
1.749400969050618926e+00
3.320507470535643879e+00
3.322991783646518815e+00
2.445070648484635623e+00
3.443457307370776377e+00
1.554894410314098474e+00
3.295085252772618656e+00
2.417173753339869613e+00
2.744362253900276549e+00
3.095778193118183363e+00
2.679905751366125966e+00
1.916977182687959802e+00
3.365017296400581337e+00
2.005794013226996242e+00
1.873476876537901736e+00
3.178496740594210390e+00
1.970588592460167376e+00
2.874641083869042379e+00
2.585196880249518880e+00
2.499712617324810537e+00
1.952675890193739328e+00
1.431804489438593952e+00
2.833150234161343928e+00
2.181107328070556850e+00
2.773768343084690002e+00
2.752522568873680520e+00
2.976005058641315593e+00
2.521364367585743782e+00
3.238831413875906673e+00
2.477531598744408203e+00
2.592094233838984518e+00
3.426992495502779956e+00
2.032894133259858016e+00
2.218284265588003734e+00
1.913291874104593004e+00
2.342428832390654581e+00
2.052540776327925087e+00
1.883004994797000009e+00
1.165197659872096780e+00
3.770762729967982008e+00
1.821245223446312789e+00
2.929031345421992505e+00
2.533499446272579725e+00
2.276112472079974136e+00
2.111945743888127502e+00
2.293139371265015658e+00
2.483537580630712061e+00
2.416097031234788695e+00
3.206031914186216802e+00
2.761708353118237813e+00
2.711007958418885977e+00
3.161194975229187687e+00
2.002137217372318645e+00
2.321699329672979317e+00
2.194415751224545019e+00
2.503666079756965424e+00
1.819908689934679025e+00
2.956931050276103701e+00
1.962805026225167060e+00
1.748775643598877938e+00
2.796952618923786105e+00
1.997899634168348149e+00
1.763859548609845618e+00
2.960674404087745959e+00
2.823895381380250758e+00
3.452638365614746796e+00
3.150778811057176831e+00
2.654315525962951394e+00
2.611744036030572591e+00
1.894846503120347858e+00
3.199551625648591635e+00
3.231463829979343227e+00
3.296641292038789306e+00
2.267369763637363977e+00
2.506685064275340213e+00
2.538936786369358600e+00
1.957419157090860118e+00
1.989879063829519623e+00
2.285171882754724937e+00
3.125702509796735473e+00
3.759492189351622216e+00
2.673525187907093148e+00
1.427322068868052130e+00
2.023456995818525783e+00
2.482629345690114064e+00
2.480676761888426451e+00
3.103532608711768059e+00
3.225266626479960319e+00
1.750047732980535731e+00
2.094493329700098716e+00
1.997225399473939511e+00
3.160685450001915697e+00
2.048129155534698320e+00
2.999881115519489327e+00
2.962673752857823306e+00
1.921273242960414462e+00
2.271123166495803591e+00
2.476433454376833154e+00
3.157862521088356189e+00
3.157019542809840651e+00
2.130534341837094114e+00
2.796207184669623480e+00
2.419352368573880696e+00
2.376002954357077979e+00
3.450551425894625712e+00
1.943959774324680367e+00
2.136317956405061391e+00
3.117053534614913524e+00
2.355082419622228418e+00
3.106899880294613503e+00
2.931595888531763006e+00
2.091324107299364687e+00
2.266096580234898017e+00
2.531969012762932625e+00
3.133970452818083618e+00
3.170158425934312962e+00
2.556606597548712223e+00
2.544080352195579042e+00
3.069813689487499442e+00
1.939595794499584525e+00
2.819280351988990851e+00
2.176079343012204070e+00
1.951318791383423568e+00
2.546279790221731343e+00
3.335524511970677786e+00
1.652279034411539671e+00
2.365737498055718202e+00
2.772602889725829023e+00
2.999923711807336524e+00
1.921063725148768331e+00
2.792431306040023209e+00
2.523114283988797890e+00
2.269493413681368921e+00
2.859908977194030033e+00
3.121165297600170696e+00
2.110698294355533911e+00
3.443857785172170338e+00
2.265418424431296263e+00
2.251104015282467063e+00
2.105848420419480949e+00
2.096593976961586225e+00
2.325491400789487351e+00
2.464319477763195376e+00
2.457259212106438273e+00
1.387453486629202759e+00
2.387735568831822253e+00
2.766822251612212291e+00
1.534417817854063504e+00
2.550798975805515401e+00
2.050496578574087625e+00
2.764312401659984264e+00
1.955609227478358969e+00
1.785262628828226505e+00
3.158014632932463872e+00
3.138524763675391238e+00
2.962032931743392439e+00
2.330267308050455011e+00
2.432418323860198406e+00
1.968019561846849452e+00
3.839888075765975461e+00
2.415085999985444154e+00
2.273705369090095907e+00
2.655503756892692468e+00
2.044583839356591159e+00
2.713909936489400820e+00
3.004421904264853449e+00
3.113361737310899713e+00
2.970368280665315552e+00
2.215578511047794130e+00
2.778338559291786858e+00
1.432365398529319878e+00
2.938932321298536987e+00
2.522637228045333746e+00
2.455478669484727483e+00
3.114344012023636754e+00
3.085237867928973809e+00
2.001430453922816266e+00
2.133214012697298489e+00
2.936332666828792348e+00
1.964559951403434424e+00
2.060086006830883054e+00
2.638321559752808465e+00
2.102656944999362398e+00
2.666969395523102193e+00
2.245578106873129975e+00
3.351362319908544052e+00
2.814888370914352400e+00
2.246239281740111338e+00
2.196509585176352086e+00
1.891010427815655426e+00
2.952160327234599091e+00
2.293880248466322769e+00
2.978750403137588432e+00
2.064644100904206692e+00
1.157530406865429295e+00
2.385905910126922436e+00
2.714992925277175839e+00
2.572804706687493503e+00
2.773758343693036199e+00
2.333520131005499820e+00
3.238822885710758381e+00
2.459073258660516625e+00
3.128125701661616631e+00
1.893000482546442376e+00
1.915384047936252276e+00
3.342977684521658777e+00
3.109498470378293522e+00
2.420883233407143287e+00
2.348604730828006915e+00
1.624405681259020184e+00
1.345229945110465675e+00
1.902040030851108510e+00
2.135492207073839133e+00
3.055505265253635194e+00
2.973679793421719175e+00
2.793081992930409818e+00
3.095374384695789960e+00
1.796945117357636956e+00
2.664712099852172500e+00
2.969760963838169232e+00
2.412170643484381927e+00
3.314596529572566119e+00
3.131336798958344936e+00
2.878193436314286036e+00
3.670891783973121214e+00
2.496531200636743275e+00
2.434104083266833918e+00
3.344650236493519113e+00
2.960324480980882189e+00
1.839390124210002142e+00
2.387155734287724318e+00
2.390410937155279303e+00
2.869699540329419207e+00
2.841090402473167575e+00
2.410185517072630290e+00
3.121242596370463751e+00
1.849925425037170390e+00
1.773437197307516477e+00
2.421601068676357382e+00
2.935496546963364040e+00
2.915831825981745951e+00
2.576306484244391903e+00
2.904873764481260334e+00
2.832999062942909152e+00
2.672854618483401445e+00
1.834033034375912807e+00
2.992389833673630317e+00
1.964640661098506547e+00
2.298281998922812708e+00
2.815942469108397628e+00
2.648122843370928958e+00
2.666073423842511669e+00
1.423034012923146463e+00
2.684917896448932861e+00
3.073338391312675277e+00
1.865072641545253207e+00
1.919462514514125751e+00
2.959043199298609483e+00
3.353826608035648249e+00
2.823747710338661676e+00
2.656790399276266257e+00
2.812504366012761992e+00
2.772157251993645488e+00
1.812127971685877359e+00
2.811319376753289578e+00
2.537745618694443817e+00
1.951978274711257955e+00
2.372223101759291630e+00
2.806049598346872731e+00
1.950211400395168937e+00
3.093392183474363843e+00
2.268323849779290580e+00
1.981805451580132882e+00
3.292623616835436362e+00
2.303787196611717381e+00
2.098439965048691125e+00
1.998614767622158617e+00
2.085165727769255462e+00
1.752511426473109646e+00
2.172950877206070164e+00
3.189500184816361106e+00
2.574646323189595964e+00
3.139409053982260556e+00
3.065628520656221045e+00
1.997263003615912469e+00
1.873673837132011188e+00
3.338521842097158743e+00
2.267243291399942073e+00
2.636273094467746159e+00
1.866397085258998390e+00
1.980107879841040974e+00
3.242970359053797935e+00
1.843440205898098760e+00
2.806759463397126009e+00
2.080420185814997325e+00
2.202137488633207685e+00
1.155847094553310805e+00
3.599988232213361172e+00
1.938298550051448910e+00
3.593891006871637206e+00
3.165312667497452548e+00
2.457870928563523183e+00
2.037887900592468604e+00
3.269196374522044923e+00
2.969211003034484708e+00
2.953276491580076879e+00
2.603769148661460697e+00
2.931698930253664681e+00
2.664100787510732982e+00
3.343893901603924412e+00
2.362988960527826254e+00
3.165740472928036731e+00
2.938333519411431727e+00
1.726945237712546266e+00
1.981632768297828529e+00
1.588768515704328310e+00
2.778682872222657974e+00
2.332640183298769099e+00
2.166482142476112038e+00
3.189238984552158040e+00
2.908029604823871406e+00
3.354928042395323828e+00
3.646810223258249550e+00
3.583113604572166988e+00
1.736955814618439398e+00
3.278658951584263903e+00
3.874343897259138636e+00
2.399938053896221390e+00
2.116411005351706898e+00
1.633501989461066950e+00
3.093795675029738845e+00
2.420243702625104021e+00
2.630238031955974165e+00
1.751281544834867976e+00
2.143145336940531109e+00
1.952246841969891733e+00
2.239770732391544783e+00
2.965955168233582295e+00
2.895941697873745557e+00
2.675999516659799848e+00
1.961605332724176254e+00
2.339638567292758875e+00
2.416758554147901084e+00
3.358711756523033998e+00
3.239380145955043755e+00
3.293059198394493681e+00
2.183502403035431527e+00
2.585137688758841978e+00
2.159800531997239315e+00
2.430726277481190412e+00
2.190027264875900492e+00
2.517675231578726969e+00
2.769996985025046765e+00
1.924235836142381029e+00
3.246640907314360724e+00
2.060407643446363846e+00
3.178145224615599673e+00
2.563228479112981795e+00
2.709660145444625190e+00
1.633575945650332040e+00
3.340944677176425071e+00
1.771715044401978245e+00
2.015002635297664657e+00
1.851466443646373472e+00
1.893219553594959415e+00
3.017136266025933544e+00
2.083113925880128114e+00
2.805595833649099369e+00
3.428918675650919567e+00
1.938023826741954281e+00
1.339385477738027186e+00
3.170023110531801969e+00
2.122449373089351887e+00
2.088728780235157068e+00
2.226928879212734191e+00
1.957011768541718100e+00
3.341647250188451768e+00
2.285411616765361309e+00
2.048682699383341355e+00
2.092924598055007746e+00
3.327960947505408384e+00
2.719567975694570094e+00
2.740916017001791882e+00
2.652526286963537760e+00
2.201215655760038192e+00
2.728983340714938866e+00
2.504169918620729796e+00
3.715225489199887488e+00
2.498541828122753383e+00
1.534061867019977266e+00
1.562209200687875388e+00
2.660557867034254453e+00
1.855755357470226130e+00
3.279876688911987248e+00
1.442202721563557777e+00
2.270541004238249894e+00
3.067396563889909888e+00
2.198668732762631084e+00
2.295037147388273358e+00
3.347984961034156548e+00
2.301495591466052204e+00
2.643150755263798057e+00
1.690983718624919252e+00
4.124716166525002059e+00
2.788771059060529467e+00
2.234549351890189328e+00
3.155482189588961539e+00
2.378593295911135552e+00
2.007541411916752505e+00
1.084823618273617729e+00
1.056132679479508285e+00
3.377006893700140289e+00
1.971423094247938268e+00
3.164260992379186010e+00
2.047250698528988444e+00
2.175939243464620532e+00
1.954902852771675192e+00
2.799643035027279403e+00
2.653998286597837541e+00
3.110035689134369008e+00
2.001917303278500260e+00
1.881509265971334610e+00
1.824001613280428868e+00
3.031455912191256541e+00
2.224740459382423374e+00
3.322470794332287092e+00
1.918978682808697878e+00
2.007127102512193506e+00
1.959800456753956421e+00
3.887911034260908671e+00
2.360692408741995596e+00
2.388653240018437707e+00
2.158563725742646433e+00
3.064915651687233122e+00
2.481238976189422463e+00
2.811731970731836228e+00
2.592425145396759500e+00
2.790526418348418858e+00
2.532655704087291237e+00
3.416115818627487144e+00
2.961554587747683875e+00
1.968944570366536695e+00
2.518485626354217910e+00
2.745576274861913024e+00
2.488277997172214651e+00
3.715647565260720597e+00
2.000331825517134732e+00
3.011171218663386995e+00
2.996198481720167450e+00
3.273334439979426858e+00
3.166828795277025765e+00
2.296621517495377685e+00
2.298433495534998539e+00
2.795505023880851869e+00
3.133396223905934086e+00
2.660750159205735876e+00
3.241687574970187224e+00
2.596485198642033421e+00
1.767938789665697064e+00
1.676638125103891541e+00
3.442161965410484026e+00
2.538819173579533572e+00
2.417656360716044617e+00
2.609119561067791970e+00
2.350754269661854856e+00
1.947478653570873242e+00
3.018338890800160712e+00
2.526556014958030172e+00
2.056899212585339587e+00
2.415130189938400562e+00
1.370037798633030324e+00
3.377791073443670022e+00
3.353509529485272367e+00
2.779236975178582369e+00
2.492739183032671058e+00
3.139722479998432014e+00
3.369513919863722951e+00
2.148297969729394907e+00
2.417152777689154153e+00
2.839267123007219951e+00
3.314285626866244616e+00
1.825783508331872307e+00
1.706210678191578456e+00
1.881402320518553495e+00
1.976035349112247985e+00
1.840588783129785799e+00
3.591400595496417214e+00
2.256954968043009213e+00
2.552503646301593765e+00
2.439215893971175664e+00
2.396004786937984576e+00
2.940690818292700737e+00
2.814643923822042648e+00
2.674943482867650602e+00
3.419840733832558488e+00
2.331744307249498327e+00
3.234866128773639549e+00
2.532506660083582606e+00
2.912944447006947879e+00
2.320756681733715521e+00
2.944276552760973775e+00
1.837884558994451467e+00
1.699474785838866131e+00
2.111616575613586289e+00
2.828496946147416313e+00
2.980622532019305382e+00
2.189420893729551398e+00
2.526063776068533162e+00
1.925103953786931887e+00
2.633853124419997638e+00
2.537844276714784186e+00
2.388076525745768119e+00
2.720388474831012093e+00
2.024915086075875337e+00
1.923848764531935096e+00
2.046937763118234166e+00
2.624896525035867789e+00
1.186042854646695899e+00
2.374439458445507523e+00
2.205157425953510941e+00
2.727009320148071847e+00
2.078878179629527700e+00
1.856210383704178568e+00
3.037035645798011885e+00
3.124550095019642537e+00
1.934706536848490588e+00
2.541182314443540147e+00
2.650209467012669240e+00
2.814053179407151717e+00
2.484711368141476751e+00
2.634759009737836610e+00
1.555967371690693657e+00
1.738700605939448085e+00
2.630906729560536839e+00
2.138906356375034346e+00
2.810534116135677607e+00
1.531136591873351049e+00
3.372218934721794348e+00
2.198383812797014780e+00
3.923275533760683054e+00
3.332878958051782803e+00
2.282481742589204110e+00
1.995908314919141002e+00
1.407531025497323895e+00
2.717890629561581672e+00
2.252302404309970640e+00
2.379115046362290542e+00
2.464722538767845084e+00
2.960376828104855029e+00
2.536169674579746403e+00
1.662380109360183544e+00
3.118683477920270786e+00
2.189980248914500383e+00
2.749812868973064095e+00
2.283488936223646348e+00
2.537531333098367092e+00
2.649049345191805571e+00
3.164027733863665315e+00
2.862437585475487101e+00
1.202451547611637972e+00
2.879150884881851002e+00
3.124753462208968102e+00
1.950733701809950205e+00
2.583975285183875759e+00
2.223608516042965277e+00
2.912638823147926992e+00
1.959689010680690791e+00
2.130228119247150165e+00
1.800718946071245163e+00
3.303294397366466573e+00
1.642330373587009618e+00
1.693713848462902405e+00
2.033957657247313477e+00
1.719948917670592436e+00
3.317681924387445136e+00
1.617054549718005774e+00
2.235909399764609340e+00
2.553629607605412577e+00
2.365716086551906905e+00
1.919020151514211125e+00
2.541370260607489051e+00
3.124435160580212756e+00
2.443247128935965851e+00
1.616959732231748381e+00
2.976175019506953401e+00
2.123428571140025145e+00
2.583277658545248823e+00
1.372782491710407005e+00
3.212334655510058035e+00
3.686282988351449408e+00
2.505584157697150260e+00
3.244203120340465318e+00
2.509087504900547216e+00
2.120203886135456184e+00
2.646675469253763069e+00
2.966221017042301344e+00
2.141268725780110849e+00
2.265801457854720535e+00
2.928735230576181792e+00
2.489019152171302096e+00
3.337828259898203864e+00
3.308146532276818874e+00
2.775776308287692729e+00
2.773737117843074973e+00
2.380643494057583798e+00
3.175327743218006926e+00
2.045199624770063451e+00
2.086808734909057605e+00
1.996184987884860540e+00
2.610121787945848038e+00
1.722917048415405716e+00
2.353282496439095262e+00
2.771378321648175991e+00
3.581256918499212905e+00
1.864406893000537080e+00
2.662569703426860723e+00
1.658687080243657519e+00
3.596949812489426357e+00
3.135431888958871482e+00
2.216273050331777128e+00
2.970590664439399564e+00
2.937744937223803365e+00
2.306824873729806935e+00
1.624316609493259511e+00
2.011087552874804008e+00
2.438602655543777864e+00
2.898850346093372554e+00
3.078710472235126172e+00
3.102460737807096081e+00
2.267782195972170456e+00
2.207501108736668272e+00
2.907687238140332031e+00
1.781165263487566985e+00
2.104234955543532237e+00
3.301889543360506440e+00
2.018698813475785947e+00
3.286464999459253189e+00
2.196582040585195905e+00
1.537431816627383485e+00
3.347186398903693849e+00
1.883358544928878553e+00
3.294122756629573878e+00
2.374018874127557410e+00
2.240652490366221272e+00
2.799527506255444997e+00
2.735708492662098923e+00
3.180281790625822058e+00
1.749960408021167479e+00
2.835392147485614078e+00
2.200377048069078079e+00
2.961163588134087643e+00
1.947106916430620283e+00
2.384709170075093532e+00
2.832554659572994460e+00
2.512021923390203693e+00
1.958633115107410561e+00
2.522247344531869384e+00
2.864388567419945630e+00
2.229067634173532930e+00
3.396025514784167587e+00
3.178140339992552299e+00
2.674216788367558273e+00
2.530846382771100078e+00
1.600814683006987149e+00
2.002713322258376838e+00
2.441135463749422030e+00
2.911696777598608676e+00
2.271853716741603080e+00
2.483888679805886568e+00
1.843171272206058919e+00
2.345597892093940651e+00
3.056606745504721889e+00
1.815548645424010621e+00
2.730969608874653343e+00
3.123080657799962800e+00
3.142928315027492925e+00
1.954482672417961364e+00
3.999602538946069874e+00
2.814988241934087032e+00
2.029603364963030288e+00
2.388599400372712900e+00
2.192983868923176871e+00
1.869611144153906279e+00
3.042060355079379441e+00
2.280903942491154357e+00
2.805716882783181099e+00
2.962048140821668341e+00
2.532739711027366170e+00
3.808422624988526017e+00
2.908036996088393611e+00
2.958045163695837587e+00
3.130809266340938368e+00
2.078912419079913754e+00
2.886396613341076112e+00
3.434316133318412678e+00
3.339319434410358056e+00
3.352346402317540885e+00
3.345923339586031275e+00
3.921366379586242790e+00
2.445033581306541137e+00
2.409606454004709075e+00
2.388167940082660756e+00
2.525620463861743659e+00
2.192131598879045740e+00
2.914698574539859699e+00
1.791265613960518310e+00
2.217785155663812624e+00
3.109582255891785607e+00
3.692670850858165821e+00
2.962518276881178636e+00
2.331471463819369205e+00
2.169809973970533878e+00
3.332464784819971104e+00
3.144119126526459862e+00
1.968536070591686560e+00
3.138608983638346839e+00
1.972834417225436621e+00
3.101240765034972036e+00
3.578687552503467817e+00
2.524912068758082384e+00
2.041820626138282968e+00
2.657230300359558317e+00
2.137376537904690288e+00
3.852889034114740596e+00
2.711883371798767595e+00
3.602497418182912803e+00
2.363591045234171961e+00
1.556712269974139362e+00
2.959106806770085196e+00
2.385428849496469716e+00
3.557433525759963189e+00
1.914487224159097778e+00
2.416106514460880650e+00
1.538668552175696203e+00
2.214732133706399875e+00
3.406551549259577261e+00
1.455599968443390457e+00
1.917365445777825750e+00
2.306178417013556636e+00
2.019996209064593096e+00
1.804856700441122896e+00
2.957701000449735940e+00
2.041670617967991319e+00
1.970533069088244549e+00
1.951313096705895367e+00
2.431533935199146956e+00
2.511320344544176741e+00
2.521910427008815070e+00
1.767468223662199467e+00
2.809349899957236385e+00
2.618694155241947374e+00
3.195732021640571574e+00
3.217669202075768897e+00
1.102757169546321414e+00
3.127884918229226319e+00
1.878696317758301815e+00
2.788635047445165327e+00
2.394472371804536426e+00
3.142025041787753104e+00
2.954492965576332342e+00
2.037819945695812152e+00
2.038656181035431558e+00
2.138802090535521838e+00
2.644370419260604788e+00
3.076224177540423099e+00
1.956826042153478662e+00
3.044077749392734233e+00
2.805493904926855464e+00
2.938937328735852006e+00
1.719802903311007825e+00
3.067051826508641277e+00
3.249120127348300358e+00
3.102023147627441357e+00
2.513468036650804649e+00
2.179984421214812063e+00
2.387970250931173766e+00
2.527624168855593378e+00
1.877849225213656492e+00
1.990971808685976896e+00
2.309285384843688060e+00
2.910560848072259788e+00
2.949709182968970556e+00
2.422931716044951500e+00
2.489845017378728098e+00
3.505799358201642235e+00
2.962456236083637062e+00
3.644195461432175431e+00
3.054289121279438746e+00
2.287360683673951733e+00
1.882608395547704427e+00
2.493920736439709795e+00
1.846542384447141805e+00
1.784534145731847765e+00
2.073207467541719584e+00
2.363170636296681781e+00
2.334728596904754205e+00
2.780753823037836803e+00
2.091526790691900395e+00
3.080184574283833410e+00
1.938909387154492459e+00
2.796166885570226857e+00
2.387971537017854473e+00
2.646666190805513796e+00
2.105373824826367812e+00
2.148545991016083345e+00
2.281536216706161024e+00
2.129307798679190622e+00
1.880473366036908178e+00
3.246706768391952824e+00
1.953277107053326356e+00
1.963423950963645970e+00
2.581694420899951048e+00
2.383595004290381958e+00
2.193754897449326613e+00
3.256405377769912235e+00
1.950676909770199030e+00
3.851322343085161748e+00
3.181485673405803460e+00
1.578628670103485510e+00
2.520847992745305799e+00
2.856027890379788214e+00
3.136503217863499504e+00
1.991971030012143151e+00
2.940423473638134499e+00
1.219088358615111556e+00
2.966211698186841161e+00
2.166783321603775292e+00
3.196371785950017141e+00
2.796489293136583232e+00
3.116976717886847492e+00
1.304991087129703686e+00
2.231363264799586688e+00
3.453257025669381530e+00
2.419693024420868532e+00
2.960361039847142273e+00
2.230643869382606059e+00
3.166542532224041473e+00
2.420627322896146794e+00
2.624415294328875881e+00
1.993983997868490121e+00
3.835320061569394312e+00
2.002003401085548528e+00
2.646178551925578049e+00
1.965841726212754548e+00
3.017433151091277743e+00
2.958100181386626559e+00
2.810157453714792641e+00
2.923436724098372963e+00
1.799498718704610756e+00
2.781406212169569070e+00
2.076663026250757493e+00
2.906367583429194212e+00
3.439311512318441455e+00
1.950438697171701818e+00
3.284052310452097778e+00
2.502860390225218445e+00
2.380771942791468199e+00
2.184352147037798009e+00
1.946575658582041513e+00
2.351307617043291831e+00
2.990090406583968630e+00
2.942272587153234031e+00
3.185467049875729817e+00
2.179587662971171902e+00
2.636835960067059670e+00
3.563730784980499333e+00
2.534227883297470285e+00
1.908317695234135414e+00
3.145965952731853310e+00
2.512112782360015117e+00
2.736155815100217215e+00
1.981137965395316280e+00
1.931790158225843657e+00
2.008829201032273026e+00
2.303455465474750330e+00
2.369355088095607798e+00
2.494904361546140148e+00
9.949742587244062575e-01
2.870592490812731601e+00
2.609111324816678401e+00
2.805319615829723556e+00
2.629621149002953295e+00
2.247073082751154249e+00
2.528632734012897565e+00
3.797187446070094285e+00
2.501833007271529130e+00
2.107379117473228813e+00
1.934415622011521396e+00
2.290962834337249010e+00
3.098367893211008361e+00
2.911535447753717420e+00
1.750501252010659758e+00
2.496575603338797134e+00
2.183682088424143686e+00
1.853352260395638496e+00
2.396608761504637197e+00
1.865862355663876926e+00
2.513577999155117038e+00
2.916656725413496520e+00
2.155593511596032297e+00
3.233464278540953529e+00
2.912464876259990731e+00
1.886967963460121300e+00
3.182976775435654826e+00
3.254330941181276415e+00
3.228951800846720843e+00
3.586769462093266192e+00
1.731170329186292767e+00
1.565630247069861758e+00
2.322311988448531039e+00
2.207940523626644502e+00
1.856272208989177885e+00
2.908368964434012049e+00
1.925445279551907030e+00
2.954712869621723748e+00
2.530252847925706039e+00
2.197888010959613947e+00
2.796736037398593222e+00
2.414257051258724029e+00
2.042161399739862215e+00
3.167725700879099104e+00
1.843603832395574793e+00
2.961243974300311166e+00
2.038101201706873589e+00
3.124089547729532512e+00
3.475337016598744277e+00
2.399840246284003165e+00
1.908112612900180638e+00
1.818370560743247877e+00
3.110292437448966663e+00
2.546201198608552652e+00
2.280708367829842320e+00
3.165130046193232793e+00
3.734678137951090271e+00
3.062827405306746353e+00
2.245756351700458620e+00
3.462922063900656156e+00
2.930608629642986518e+00
1.774801313115418777e+00
1.881988871091134330e+00
3.476113646721334494e+00
1.931786772716170608e+00
2.798904740144377179e+00
3.127877366246362367e+00
1.692456591175239833e+00
2.352581066665252685e+00
2.762357888217016555e+00
2.928534412407803433e+00
2.946692065163295293e+00
2.143177583501396644e+00
2.141358305796880579e+00
2.041833808260134386e+00
1.714690993776175842e+00
1.918207658712564267e+00
2.426242910075578685e+00
2.665881259194749386e+00
2.091525875071884144e+00
1.719086974957821257e+00
1.987432931363788180e+00
2.939578974151975110e+00
2.399570659081949220e+00
2.424876145944419470e+00
1.854237650508181678e+00
1.719518988298295747e+00
2.770260080160818372e+00
2.381312297028067348e+00
2.292945846655830788e+00
3.061096279276546372e+00
1.794169840852929854e+00
2.169347810388712272e+00
1.463957622515560164e+00
2.377935068437382338e+00
1.995002207622569967e+00
1.606478605120385650e+00
2.402234583895116682e+00
2.276290447497730352e+00
3.064643342673626591e+00
2.026301833340216074e+00
2.113432458551808502e+00
2.974279440574727928e+00
1.970319171366254674e+00
1.917433088998154789e+00
3.325993971501900237e+00
2.810664091647521179e+00
2.543271160419404708e+00
2.511653101018943346e+00
4.072519492617967529e+00
2.201156485887192371e+00
1.686632812231503742e+00
3.286921022306901641e+00
2.864954851529586843e+00
1.858643418617011100e+00
2.296864613803891064e+00
2.782846668050670047e+00
3.152547972474342597e+00
1.724230979014751197e+00
2.921361782961565901e+00
2.571828369205473752e+00
2.381313367756295207e+00
3.130354263954343796e+00
2.430635004442004643e+00
2.357459149487240779e+00
3.420140891839988484e+00
2.273724971410012063e+00
1.964778077413733781e+00
1.692281714467582576e+00
3.330216151516385725e+00
2.538411047735234849e+00
3.339596918262627945e+00
2.931168455829781472e+00
3.072676602170556048e+00
2.797839144066693873e+00
2.706839481626241106e+00
1.862590225118915033e+00
2.734210543071065924e+00
1.867928286052765507e+00
2.280012758045693477e+00
3.077457351246109418e+00
1.645325907192497272e+00
3.405954810537922040e+00
2.227277854382643252e+00
1.584417124059756654e+00
2.010298684802648506e+00
2.332854502392301299e+00
1.813828474097045840e+00
2.410581185322394404e+00
3.279233561732727509e+00
3.073012729758227479e+00
1.769349576798735502e+00
2.411661169124870163e+00
2.876000710456697362e+00
2.543964794625735326e+00
2.955407139514425463e+00
3.791563281397839269e+00
1.503156312285244933e+00
1.755268712317603175e+00
2.041491587716746103e+00
3.568643734578968996e+00
3.111499189949517241e+00
2.376692605583858420e+00
2.530062475344180051e+00
1.963234787047166252e+00
1.929685364226617184e+00
3.163884813730818646e+00
2.932296799833722822e+00
1.959537782535272221e+00
2.368405228257984607e+00
3.085294003443278754e+00
2.294700529815227874e+00
2.650528729229605140e+00
3.322387152462529247e+00
2.824670049699933738e+00
1.955606274808308953e+00
2.400085932417683754e+00
2.304933284187224984e+00
1.950880208038016539e+00
2.825557166119775587e+00
2.412364493119174114e+00
2.796840697595556424e+00
2.522882420959009941e+00
2.399090833971043502e+00
1.947911841597002036e+00
3.133642923959729210e+00
3.273166682865813915e+00
2.877494596969238927e+00
4.192186013223920149e+00
1.565734449519582405e+00
3.013982973393225517e+00
2.102968026625787079e+00
1.681130207249068143e+00
2.626275668568816890e+00
2.650174469394588783e+00
1.800687163462964424e+00
2.406149033151665062e+00
1.961765024734246632e+00
2.290925151963216777e+00
3.399103242144641879e+00
3.226159089308102690e+00
1.641333597476111628e+00
2.261865147215723404e+00
1.882667815775360909e+00
2.815697242471861816e+00
1.880539277413647570e+00
2.292947861074540405e+00
2.329801349783128472e+00
2.136010395345265600e+00
2.836693503700276953e+00
2.789996405917786415e+00
2.612371767505266451e+00
2.412670655523577512e+00
2.373266968211353412e+00
3.280356008673840584e+00
2.007753565217134550e+00
2.947150824930280688e+00
1.910550305237900259e+00
3.053487017126808922e+00
2.462117711452690649e+00
2.720810583652865322e+00
2.010032202090474396e+00
2.376168508464787887e+00
2.192317126356587043e+00
1.830517157912206150e+00
2.298531172464582273e+00
1.571884113191643229e+00
2.103074866734377046e+00
1.540576986457924180e+00
1.371899035525301791e+00
3.137357594056662258e+00
2.143857826351517559e+00
2.621579299991506407e+00
3.102003459526345708e+00
2.804298556792290231e+00
2.259706285962885808e+00
2.509630373517205637e+00
2.774541440950105020e+00
2.289282327934751837e+00
1.356534981319018396e+00
2.505198776099374580e+00
2.517243109832149273e+00
1.780946477687697094e+00
1.853832097493103293e+00
2.766487899193399436e+00
2.184282951687818386e+00
2.550683139821145584e+00
2.495004389586282567e+00
3.791345762233357064e+00
2.990609187400255831e+00
2.051582092669621549e+00
2.018395710879829164e+00
3.041744898579516132e+00
2.665157858504473065e+00
2.875671052062028998e+00
2.679764955100261137e+00
2.206109243627880190e+00
3.147709360202743945e+00
2.336296962412935052e+00
2.520812781471894137e+00
2.623581928035164434e+00
3.355347186831661777e+00
2.807869569824140488e+00
1.851080224207446445e+00
1.700541286480219849e+00
3.281140510160219570e+00
1.955386549807802465e+00
2.155817455956283268e+00
2.461205072379417214e+00
3.607149375433919669e+00
1.802650480288050305e+00
3.157154379326595262e+00
1.614142743190024820e+00
3.458045776505893620e+00
3.275886763519149980e+00
1.959320554671325709e+00
2.224996977556429556e+00
2.475739442308798388e+00
1.806549761962746414e+00
3.277063576162486669e+00
1.884776482919853668e+00
2.122564008765482235e+00
2.602045474995179131e+00
2.205309216258388272e+00
1.984524693065423895e+00
1.759548114044197975e+00
2.251577427180023072e+00
1.996827427006573785e+00
2.576114383570078825e+00
1.404721928486923010e+00
1.798087015665101651e+00
3.372661046357989800e+00
1.857751603164520926e+00
2.517958183445130782e+00
3.134753577300803062e+00
2.502516092945895831e+00
3.051048639253834516e+00
1.382516748254152272e+00
2.652565380426535668e+00
1.672291952819668914e+00
3.258191677273226894e+00
1.993689355560238630e+00
1.883220560269011079e+00
3.620026035189137126e+00
2.188751042817948189e+00
2.718255001136871574e+00
2.326865387991318368e+00
1.921604713770048711e+00
1.592928636778243368e+00
2.449653839593159521e+00
3.143399371059233616e+00
2.797624241091788200e+00
1.542283647653356571e+00
2.769265623568998524e+00
2.522709498205093936e+00
1.917425266541756157e+00
2.000905383944708404e+00
2.275511058908078255e+00
2.597549921870363487e+00
1.978358692656169815e+00
3.004505138205447068e+00
3.344717564175621050e+00
1.682511643204079643e+00
2.507280069131544220e+00
2.946360272386218337e+00
2.395414567813396900e+00
2.282021871795950396e+00
1.999585137591499917e+00
3.064893124378064382e+00
2.809322169116034384e+00
1.063510077532535680e+00
2.953443137793500206e+00
3.075217481197390690e+00
2.970723803258453977e+00
1.558739547974504980e+00
2.945375941997630864e+00
3.125647847417035496e+00
2.192952138898324410e+00
3.047927128206703529e+00
2.791869544499604228e+00
2.268359190593294716e+00
1.834682072355683369e+00
2.683225485004558486e+00
3.126950680846376951e+00
2.247828810381302667e+00
4.083188065239245823e+00
3.122621342098778285e+00
2.288989355451696461e+00
2.537136029127490477e+00
2.733129499456287803e+00
3.152196751544629638e+00
1.691060158209638287e+00
2.297947168592303413e+00
3.267504787160963264e+00
1.762096620791365975e+00
1.942393620728531278e+00
2.530482466385385987e+00
2.409447168865298305e+00
2.509602674778460774e+00
2.771149881917498004e+00
1.787599922224446969e+00
2.147961152922087447e+00
2.314226276333732457e+00
3.144390812101310662e+00
3.133595005055854088e+00
2.478464735330575319e+00
1.860404816613393075e+00
1.810821333139128742e+00
3.089813474306981611e+00
1.986066867163815752e+00
2.367343846419024622e+00
2.014383221075320751e+00
3.565551320498916876e+00
1.966676062957979809e+00
3.185886778028244048e+00
2.752116254392165118e+00
2.428091119195571412e+00
2.564933362158026142e+00
2.396902761991722475e+00
2.756272074362845270e+00
2.910574033263496840e+00
2.119764654807389626e+00
2.373164823914452271e+00
3.264944851673606152e+00
2.152020393722339442e+00
2.495912339912251365e+00
2.106590443218860909e+00
3.513599023067802030e+00
2.860634604906604483e+00
1.684821236580666515e+00
1.869488520657143438e+00
3.761464016644572972e+00
2.147806284883569283e+00
2.133729252358016470e+00
2.200008929328840068e+00
2.133331772616860800e+00
3.161715171655194556e+00
3.120325441144252476e+00
2.763564808025048780e+00
1.963798209560029928e+00
2.022668193940497794e+00
2.401911135995177915e+00
2.792406383378200019e+00
2.250694105687818691e+00
2.451234857457220695e+00
1.880132474959909095e+00
1.618795624929605381e+00
2.559355536696460653e+00
2.666368942118621188e+00
2.420311509930781924e+00
2.793167873848821259e+00
2.529119401703237013e+00
2.059755433873617925e+00
2.287148714732224253e+00
1.608847339402275090e+00
1.208081338227778190e+00
2.396724237068140972e+00
2.632700158833134907e+00
2.241817323997581379e+00
2.435642129249049770e+00
1.771452935833755404e+00
2.304325338777656995e+00
2.264586379264011295e+00
1.982845724202415560e+00
2.166196573436831141e+00
2.416461996605541618e+00
2.784356255868783769e+00
2.466606920867477459e+00
2.295473219434432277e+00
2.656879275812786378e+00
1.947807665700409308e+00
1.805184693229144655e+00
2.317704929829426330e+00
3.343890115484831504e+00
2.219555845267546790e+00
2.148032204411445711e+00
1.824872998043326922e+00
2.792099010213367372e+00
2.031497283832234491e+00
2.646459150192942644e+00
2.596275363497681177e+00
2.293539505539946344e+00
2.525168623416800262e+00
2.515929237289971088e+00
2.767281351436260639e+00
2.250661033937042976e+00
2.808458118843345286e+00
2.664463384638827481e+00
2.659455063017574616e+00
3.143987152754157854e+00
1.967349969836807322e+00
1.926315664869511224e+00
1.860524106925098398e+00
3.274836300371501974e+00
3.122584986640331906e+00
1.862006313556421988e+00
2.246062053136153480e+00
3.314803880196956598e+00
2.290921901560187379e+00
2.967214544528761433e+00
2.964938005959567580e+00
2.777118978438140040e+00
2.783962948721033559e+00
3.310183202184698636e+00
3.218222021696521384e+00
2.552275026811932079e+00
1.793447956638533514e+00
1.058471218609500664e+00
2.642235087225944135e+00
1.913249500673328996e+00
2.511353856929238404e+00
3.809631680279555344e+00
1.412198552329098078e+00
1.735456752739649611e+00
2.622880540794204851e+00
3.798380541568119106e+00
2.392103148070516827e+00
3.056062036408745630e+00
2.972535172947972093e+00
2.276976558892743530e+00
1.294182801852423736e+00
2.461341756002115133e+00
2.594357241234685585e+00
2.536692280311071190e+00
2.635529550546346744e+00
2.043786991095915440e+00
3.168762950238144249e+00
3.332100118041569914e+00
2.668355946405076562e+00
2.391147643227455433e+00
3.719230205236503384e+00
2.619499294636782771e+00
3.313170088688225601e+00
2.226086840933755528e+00
3.139513868322548085e+00
2.931620821770351437e+00
2.813940649781429659e+00
3.289568892752392060e+00
2.764947297530435666e+00
2.179237021419814013e+00
2.863422409241655586e+00
1.400983610186691930e+00
2.296588784880309930e+00
3.386660082744862077e+00
2.947843913956420092e+00
2.502081132677046682e+00
1.727096429920782050e+00
2.182605715026102011e+00
2.203763712208902881e+00
1.845744035515130443e+00
3.554441735446255635e+00
1.756091865180835709e+00
3.133250930946982038e+00
2.399705370637556179e+00
2.380162615262837456e+00
2.167121493002896582e+00
2.805923408593383073e+00
1.758060152383264851e+00
2.799129630510730493e+00
1.446777401913338590e+00
2.543849770364787322e+00
1.837915313732357836e+00
2.796045988408999428e+00
2.307451832952946980e+00
2.657770273814605844e+00
2.389220005215078491e+00
1.571254657638029073e+00
2.667615449707664954e+00
1.864272995534862032e+00
2.117493417067851436e+00
3.401231794622951998e+00
2.183192775611617620e+00
2.984180771132387555e+00
2.385606138603600712e+00
2.692865897596621760e+00
2.537419544915666680e+00
3.601506274150666709e+00
1.993690780518185157e+00
1.795136654568510570e+00
2.319517134421856142e+00
2.096404810265303009e+00
1.922839252498180773e+00
2.227932736360838994e+00
1.409117294219828453e+00
2.304154481524452791e+00
3.135667894238929332e+00
3.314399220913350597e+00
2.821367687663323132e+00
2.631300330683666644e+00
1.934784501705652637e+00
2.263147569943920523e+00
2.812163931399505934e+00
2.331131512544862616e+00
3.112321640027591485e+00
3.039922079542101585e+00
3.349442488914746274e+00
3.323165075091764731e+00
3.067110410608802518e+00
1.981427817193456953e+00
1.339400743334399291e+00
3.156292049345851947e+00
3.240810190274852509e+00
2.321124876421374328e+00
2.316887622120453294e+00
2.594643992300499580e+00
3.620214651857897259e+00
3.791166699854935818e+00
1.877745087041623462e+00
3.076953157730022870e+00
2.930173848280267279e+00
2.972246301894633458e+00
2.370476965830998317e+00
2.402656479732497186e+00
1.759999853969204109e+00
2.087198943846945376e+00
1.521646746849059983e+00
2.415708165162893106e+00
2.529179859790961160e+00
1.913056972433468506e+00
2.469369451962437623e+00
2.080652024542978484e+00
2.779994461606425382e+00
2.943772502889204112e+00
2.954235015623480898e+00
2.618679364235944718e+00
2.351778127354091197e+00
2.756029327542892648e+00
1.851138083571097770e+00
1.950317798618484755e+00
2.623461526459338167e+00
3.478686611738144308e+00
2.722259704341252196e+00
2.613196273222039512e+00
2.881723261411107906e+00
1.291574345966042259e+00
9.746315058006135290e-01
1.818972322250742346e+00
3.415657130739934821e+00
3.254448911932248834e+00
2.876831124356062475e+00
2.299437977041710823e+00
1.922149129947580581e+00
2.397730568966277787e+00
2.828845756948529022e+00
3.311252613937766487e+00
1.832145987897662476e+00
2.082017764866980869e+00
1.959587997312292496e+00
3.000456071672831904e+00
2.857130161793599132e+00
2.663392454562116818e+00
3.352234508694999615e+00
3.045940737994419223e+00
2.738055344120032153e+00
2.042992799185059383e+00
2.019176179956498007e+00
2.661873096111659898e+00
2.124345619419187869e+00
3.599819814218863989e+00
1.647252139549989725e+00
3.304343789821234001e+00
2.402364770747806411e+00
1.498076527776863953e+00
2.184211583813725710e+00
2.009271592523121708e+00
3.134281226754316307e+00
2.562873603598373240e+00
3.119425679606162571e+00
2.522805000200345482e+00
2.847098257225788576e+00
1.996037541456539888e+00
2.126038764794861535e+00
2.004989091040028537e+00
2.714968749114719415e+00
2.922421960213741787e+00
2.811123783829733380e+00
2.375712601419995629e+00
2.516832570760895393e+00
2.582164525842159719e+00
2.778897110651755042e+00
2.273474043130022437e+00
1.838184674922856976e+00
1.999634226402151382e+00
3.354563080964867439e+00
2.162446380306259464e+00
3.309836785968331085e+00
1.343993384173189698e+00
2.956152989992447022e+00
3.185843206467469546e+00
1.916280687307774677e+00
2.781849648623230919e+00
2.228261010499621886e+00
1.415496312744005003e+00
1.818124490647061942e+00
2.645613520380379668e+00
3.093871420009805639e+00
2.089955394163439895e+00
2.277351762832721782e+00
2.869790672048632807e+00
3.463710383256231928e+00
2.578814768992783613e+00
2.017477362606582947e+00
3.158099649590859315e+00
1.847286707627798341e+00
2.960071685738888903e+00
1.893144277641339634e+00
2.972708735220070064e+00
2.667604696720950130e+00
2.537378375852470835e+00
1.978771943915190512e+00
2.174353149851996125e+00
3.154448724298723583e+00
2.383129451788288833e+00
2.409716839925023724e+00
3.215651099144950287e+00
2.621627586998200421e+00
1.581088543600123852e+00
3.109212398585378345e+00
2.169756498056631955e+00
2.807150304791017792e+00
2.820269798671056538e+00
2.507340846850635074e+00
1.060886447581363079e+00
2.979527694326194798e+00
2.525757507041163752e+00
2.658975985991019364e+00
3.264462986042700798e+00
3.895242781238198670e+00
3.166776169243588956e+00
1.546996466143019777e+00
3.353908884102876353e+00
1.840364131626777588e+00
3.164028745354375172e+00
3.237839833825113534e+00
3.479826021951221371e+00
2.375078562331338183e+00
1.526257376398352017e+00
3.366366545499515084e+00
2.024821642548079836e+00
2.242542975570260388e+00
1.834950478203328794e+00
1.831997370725078067e+00
1.914447396673117030e+00
2.628334925160859648e+00
1.636342393796362149e+00
2.237912979889383980e+00
1.963115486238045992e+00
2.664503876975784280e+00
2.523387302258332632e+00
2.641680955362442074e+00
2.085451006177253763e+00
2.960700623212637606e+00
2.566290531017146215e+00
1.946329741172976746e+00
2.993020637946865570e+00
2.201072502863263392e+00
1.878394168341806836e+00
1.471582975332328624e+00
3.287312300350954342e+00
2.418173811368768522e+00
2.652383552120822774e+00
2.291906383044431728e+00
2.930650536517406035e+00
1.487345733752747812e+00
2.686363949594288147e+00
2.494425574346223584e+00
1.916339474606265858e+00
1.557455596672012277e+00
2.964531566641785520e+00
1.799080366746482973e+00
1.910281319301466274e+00
2.738737405993806107e+00
2.279079818350864262e+00
2.881521557684485924e+00
2.565588063320254797e+00
2.955204105563247197e+00
2.980957973325728982e+00
2.267250215616147813e+00
2.403766316750969967e+00
1.134004906597223528e+00
3.123969038873885218e+00
2.097154638917749114e+00
1.803639946024117480e+00
2.154472671038127896e+00
2.783051833169314371e+00
1.917509302180264052e+00
1.976236674227063395e+00
1.940083549503225147e+00
2.333694638625160689e+00
2.799360778846642361e+00
2.781222539146272155e+00
3.532168127227075516e+00
3.305066237157614495e+00
2.173477771914116730e+00
1.977978358575602780e+00
1.694971520248867769e+00
2.284865174428176271e+00
3.103689659504258458e+00
1.788117878588302512e+00
3.169884179523237755e+00
2.819846193099044385e+00
3.165330774975470884e+00
1.511222124290972912e+00
2.666018937612443906e+00
1.985689966965569875e+00
3.432371468598288899e+00
1.908574435703813021e+00
4.200511956076061537e+00
1.938635171545963765e+00
2.126687168166877306e+00
2.033044601900543480e+00
2.529596646681078642e+00
2.679694538841233431e+00
2.027622359368906668e+00
2.806747147842194590e+00
1.791754892604819682e+00
1.879997241203549940e+00
1.822978642313368702e+00
2.124535335028659322e+00
2.216907280823057658e+00
1.942523767785431454e+00
1.420183847019579337e+00
2.936855185242796651e+00
2.807446404161479059e+00
2.242048161986237353e+00
2.488346831535535930e+00
2.473709911141679374e+00
9.834592799329664459e-01
1.986747542441082759e+00
3.316577895004080734e+00
1.742146459800256064e+00
2.513698265410300614e+00
2.183056875186538903e+00
2.789819835929006953e+00
2.794471885547249013e+00
3.163049094892806945e+00
1.145678591539503133e+00
2.029064242271537921e+00
1.748350687290413763e+00
2.639709467272488119e+00
3.490698579682403047e+00
3.557709272104964793e+00
1.960213487752892725e+00
2.809058684155148811e+00
2.856556544857900004e+00
2.637684753001931171e+00
2.136069931110076592e+00
2.284168040223614415e+00
3.402564623880439232e+00
2.220509020915256926e+00
2.898015860281350164e+00
2.691691059388293450e+00
2.545757564218228186e+00
2.871791073539174288e+00
2.823384600686124291e+00
2.875592655307356527e+00
3.527334001905698457e+00
2.058924401336879040e+00
2.856281550583200879e+00
2.398356185717629430e+00
2.797472036824699693e+00
2.522643137195344387e+00
3.171181643232851233e+00
1.835871272985078129e+00
1.850765118911260387e+00
2.801777689140781735e+00
1.818455713432201248e+00
4.126424752001204510e+00
2.129064665867110406e+00
1.967094020743592742e+00
2.262110690211285302e+00
3.229626496827685767e+00
1.917745514965018216e+00
2.289398682165789012e+00
2.618877847593393593e+00
2.731651577571802214e+00
2.658845734364914559e+00
2.607317723279879651e+00
3.621469345131559603e+00
2.816514250802126806e+00
1.872968199238096654e+00
2.438544690931542025e+00
2.065292582967853452e+00
2.664370776467246404e+00
3.109950643191440545e+00
3.289379846733933022e+00
3.476961190034856042e+00
3.113913866386196716e+00
1.779625049273883874e+00
3.153435531425191396e+00
3.096993686231124254e+00
2.540725582364967927e+00
3.459553814265124760e+00
3.378050198669737547e+00
2.225332438382924938e+00
3.097595190551481803e+00
2.163693130069209491e+00
2.295576389162978792e+00
3.709066304535503900e+00
3.567400422715915731e+00
2.376879405544659374e+00
3.032863516635727841e+00
2.353625284125122175e+00
2.571873169881632393e+00
2.973479198804751089e+00
1.559680160763562862e+00
1.953993132414558742e+00
3.172414264325525313e+00
3.205863833169086075e+00
3.480446816731320503e+00
3.418666612796063653e+00
3.141487448446807385e+00
3.225505109811729110e+00
1.929688178057233694e+00
2.605610154900241504e+00
2.811788521616342074e+00
3.251351872543527310e+00
2.535646494066502221e+00
1.081229904292420052e+00
2.168934291379793766e+00
3.149065242017363264e+00
2.959229452979409647e+00
2.840052100597489027e+00
3.105462487404730965e+00
1.879129670442131195e+00
3.593789757160573917e+00
1.871355594127115829e+00
2.781013332233006619e+00
2.078897688634830931e+00
3.124261487653439140e+00
2.420463916632709100e+00
1.787252477965396436e+00
2.119019532098603609e+00
2.133311349339980456e+00
2.152726496271480272e+00
3.316853872778712464e+00
3.380741109406768530e+00
1.835170007322444619e+00
2.094929151239314002e+00
2.398318112193455587e+00
2.410211200008331112e+00
2.515954655458713773e+00
2.286888313489345403e+00
2.807253650909601994e+00
1.911132405741935214e+00
1.858557348526963304e+00
2.263865096286819867e+00
2.952487943465964104e+00
2.830717121258313984e+00
1.736757525864969454e+00
2.813064304578625219e+00
4.059977076390225648e+00
2.863808745203060280e+00
1.838048792595178504e+00
2.631283613761041806e+00
1.824478316619218221e+00
4.224523686494780605e+00
3.296639199256351738e+00
2.979229880225705784e+00
2.889131222538065646e+00
3.161625672182924340e+00
1.349528518543450462e+00
3.390355736511156515e+00
2.723673578891244507e+00
2.516416695602215814e+00
3.130093019539111232e+00
3.170237485153002854e+00
2.286267567069224516e+00
3.170201681062966959e+00
2.272830938409397650e+00
1.519919360483990234e+00
3.140106455048469414e+00
2.726616142111884411e+00
2.494420572587462193e+00
2.115691364352226156e+00
1.833575851646821242e+00
2.517972136601311917e+00
2.310622668365470034e+00
3.018682320343301750e+00
2.533126659309527184e+00
2.497152747997309241e+00
2.270918729721117746e+00
2.256919183354488379e+00
2.777145847889927577e+00
2.611260955947921403e+00
3.124247709955183083e+00
2.328372634171866462e+00
2.129819623292616981e+00
2.597382113112081115e+00
1.535737122350443018e+00
2.824447426919842297e+00
2.978508270395849866e+00
1.984338787314665842e+00
1.573783302566973408e+00
3.118077998733415956e+00
1.875228590635637627e+00
2.171395984798699885e+00
1.918940009557855486e+00
3.066117111366803094e+00
2.182088523763298760e+00
3.024574575563882650e+00
2.510022509175007688e+00
2.301837470696365795e+00
1.724434156442848698e+00
2.821297910669080533e+00
3.107701923640193264e+00
1.976782308291436419e+00
2.530643928306282486e+00
2.480314609835501116e+00
2.982865152665339803e+00
1.922290349885346528e+00
2.526916170152715413e+00
2.757058917864203984e+00
2.009988731134774387e+00
1.828946039679647084e+00
2.531555028382417749e+00
3.362197662558021438e+00
2.435328197651907445e+00
2.553924098831600986e+00
2.528270857309572239e+00
2.417302414269085098e+00
2.302664243523083520e+00
2.611582330283642506e+00
2.802346631134141397e+00
3.076223350735741047e+00
3.695531515679011392e+00
2.457764786774343513e+00
3.047250446147321323e+00
2.862309624361179416e+00
1.952293860505210477e+00
2.045694575507222446e+00
2.793219727869659330e+00
2.415108926494883956e+00
2.763086042977113799e+00
1.390995436313302802e+00
2.089488265225616370e+00
2.636303851011958077e+00
3.276083509776799296e+00
1.634051115678953892e+00
3.015933373939781337e+00
2.808132164082478344e+00
2.683537725834301835e+00
3.342435770622890878e+00
2.764068304132361487e+00
2.423016008643528174e+00
2.861829768802275797e+00
2.974128365755488002e+00
2.331651415008164641e+00
1.544890302233767443e+00
3.083916300079458939e+00
2.827154166645023725e+00
3.305590874707847515e+00
2.109382640453693725e+00
2.675516244023796286e+00
2.410752239596597235e+00
2.287977422456536125e+00
3.075710338556206125e+00
2.993020077845031768e+00
2.639848932465374443e+00
1.349605770938695493e+00
2.727458748448336134e+00
2.412477075273434579e+00
2.522137118630732200e+00
2.768733286498855417e+00
3.148273308364804901e+00
3.588390191508500582e+00
2.713321478760036598e+00
2.958607525072077138e+00
2.284515718970856035e+00
2.647493956555241112e+00
2.129494958703987972e+00
2.500852949972877770e+00
2.387472227912704970e+00
3.207031402026026434e+00
1.808127827985059888e+00
2.494397416733788564e+00
1.895542050955765889e+00
2.182789168610339559e+00
2.447391205286361338e+00
2.217894757208053402e+00
3.644199375579137978e+00
1.935039779138194582e+00
2.396157501703700898e+00
3.126686433999614323e+00
2.537354065719764851e+00
2.551499702255591639e+00
2.989611803747312280e+00
1.937218804192051058e+00
2.551178231725378609e+00
3.214995455598163687e+00
2.963413219156799450e+00
3.590331610419883024e+00
2.246581270941176545e+00
1.261915666243230705e+00
2.947460958279616072e+00
1.467256664242065911e+00
3.219808054285291821e+00
3.219406790984502553e+00
2.949698930428163557e+00
2.581440563642639408e+00
2.814755736499955141e+00
2.692704895659461695e+00
2.971502282929801009e+00
2.941106334204978801e+00
2.228064236978315460e+00
2.629301893910179100e+00
1.640385766259579325e+00
2.477707727640538593e+00
2.146820280555525873e+00
2.369808066546783110e+00
2.943648364943687312e+00
3.394513314306558449e+00
4.242383852226898178e+00
3.163429471144789673e+00
1.101727095511607191e+00
2.540818524153000801e+00
3.083472747855153351e+00
1.885578255377300838e+00
2.270733820272073711e+00
2.839238584666527121e+00
2.205999857604818981e+00
2.908783610851831014e+00
3.009356150844483935e+00
2.519228984335954546e+00
2.084744180638537614e+00
1.877156040774919044e+00
1.846065992417303736e+00
2.099538262189683646e+00
2.188654631298174280e+00
2.473468057184625479e+00
1.876557442706308088e+00
1.564138513159697208e+00
1.727041666235274331e+00
3.599346661811905879e+00
2.603254531604469069e+00
3.140913300026908050e+00
2.359994213178192801e+00
2.674235442108399585e+00
2.398500229017358709e+00
2.358897587518890671e+00
2.928189957138457533e+00
2.269752222968728361e+00
1.920169720967368931e+00
2.632315706923118892e+00
2.497745467683977871e+00
2.542981661215358180e+00
3.159293222027485637e+00
2.993842652660303472e+00
2.796816338353993903e+00
3.635262231203575389e+00
3.072007305274582212e+00
3.747374138716919489e+00
2.872287460033351447e+00
1.970032737008510892e+00
1.795946648045362526e+00
2.394235727181533768e+00
1.879490297420493450e+00
3.198505661881426931e+00
1.838777086065947142e+00
1.984842469734166670e+00
3.174311706956594481e+00
1.512190499196452986e+00
2.797907882035487237e+00
3.002985896898374474e+00
2.999734083461595091e+00
2.651113184942912149e+00
1.956043243031249323e+00
3.339318665149236143e+00
2.838814686100428197e+00
1.925883215096418244e+00
3.512171445897998456e+00
3.140939024754155984e+00
2.282661739892716035e+00
1.245712605825733732e+00
2.599784683698691534e+00
2.281431400303376211e+00
2.727117890733187888e+00
2.393024519435682951e+00
2.819643602850873343e+00
3.230920184740617707e+00
1.621161726841522155e+00
2.288050705126901008e+00
2.814128156851465334e+00
2.048899530434681093e+00
2.065823447130660462e+00
2.664693695311671995e+00
2.454031615777827469e+00
2.821761113691574341e+00
2.762058921976818127e+00
1.722779736864821887e+00
3.135891236919235769e+00
2.887487682703109737e+00
2.259964935291740140e+00
2.116641467082288841e+00
2.148998029371103957e+00
3.343130556368499207e+00
2.137757376699338963e+00
2.504903114231945338e+00
2.635949696089428418e+00
1.696708930133590254e+00
2.182215271758820574e+00
3.449430516696090354e+00
2.784662016925189665e+00
1.981431269647528026e+00
2.671610435214979873e+00
2.059942025716807290e+00
1.710700893241225096e+00
2.273534786681268294e+00
3.051851207402319410e+00
2.429731860487188921e+00
2.128595561823045212e+00
2.460308384473329557e+00
3.206611368191969902e+00
3.149355610724335897e+00
3.830037855674309100e+00
2.386460803311729162e+00
3.058549470573096229e+00
2.168692550817924669e+00
1.839703845993805320e+00
2.631502089573256153e+00
2.630865376119694066e+00
3.542924598311510298e+00
2.783326184909909795e+00
3.054958193931969657e+00
2.383297829988834327e+00
2.377899827478367367e+00
3.500643127692139700e+00
2.160280359757870361e+00
2.011925838170371961e+00
1.982407054228753074e+00
2.608924211014790551e+00
1.909246805175122130e+00
1.959858040017472991e+00
2.305583376624001257e+00
2.910065389804990410e+00
1.838568463827138677e+00
1.864702079690018888e+00
3.029009054516580868e+00
2.541959537505455113e+00
2.413523447931602117e+00
2.505990357463463880e+00
2.152358474741326688e+00
2.449879890572689511e+00
2.405487932574867926e+00
2.546301594655032030e+00
2.986587356979782726e+00
2.297288011887075765e+00
1.889504852875598662e+00
2.013306959930286411e+00
2.524522427591305629e+00
2.077798968516854305e+00
2.131172329038301338e+00
2.325061977169764926e+00
3.113822051595843021e+00
2.818850660012328202e+00
2.764766722289056400e+00
2.793489793104827701e+00
1.904473561319239394e+00
2.678971494587262914e+00
2.973082671558024526e+00
2.353553398137917974e+00
2.180517390941630662e+00
2.937156664468613787e+00
2.828672059758549739e+00
2.137156773668861920e+00
2.283184221875589781e+00
3.145428546711395601e+00
1.282952125116057607e+00
1.917477619205621098e+00
2.994280646746820818e+00
2.174281663956513899e+00
3.089261747263087887e+00
1.496165925844636480e+00
2.049220325272858467e+00
2.784465720398921817e+00
3.310319137858805938e+00
2.635397463510753102e+00
2.820423027372559233e+00
2.150592008532438815e+00
2.789973826383476130e+00
2.807926435023518241e+00
1.408888796353291006e+00
1.881930992671565495e+00
2.392771231572099921e+00
3.257111934936390174e+00
2.295795944909547970e+00
3.238405576786869577e+00
2.769656273520503031e+00
2.803523888378485651e+00
2.488906619235303985e+00
2.386556851568069515e+00
2.611396499497901758e+00
1.943622413579449759e+00
2.663644298739653138e+00
2.084061518740139896e+00
1.637097072679538190e+00
3.344073602155166025e+00
2.733892647864671677e+00
1.969775047567247528e+00
2.679419458227798589e+00
2.442306568263127531e+00
1.813702442549190552e+00
1.763597140090991555e+00
2.616541205302739481e+00
3.688120862734435956e+00
1.845121770046298959e+00
2.944619327187576463e+00
3.190519825640287799e+00
2.056161393309321017e+00
2.253607547216323947e+00
1.808409374386392487e+00
2.656318474086717618e+00
2.028101616164764476e+00
1.952761601147236625e+00
1.974417535056385287e+00
2.298219351472471139e+00
2.666725297720531351e+00
2.984421960242204630e+00
3.130602722984904052e+00
2.735220022843340981e+00
2.483393219616983227e+00
1.140618243239658769e+00
2.263526312043209199e+00
1.539751715065505566e+00
2.524469024689607988e+00
1.945970298087010608e+00
2.234842169173298920e+00
2.255664627153686208e+00
2.522624391927714260e+00
2.571782059000862652e+00
2.176697218597478667e+00
1.941542758213708586e+00
2.172052915460150668e+00
3.013575083176770697e+00
1.758386410384360277e+00
3.168711222197917010e+00
1.845305262384171696e+00
2.388596091810680555e+00
1.957765924234221355e+00
2.805113646035340746e+00
2.009686836428128842e+00
2.183567599543794646e+00
2.617974045785909976e+00
2.001761888472638251e+00
1.881056015859176478e+00
1.930119155454640634e+00
2.236131999133694759e+00
1.923094092792943188e+00
2.294946426315376709e+00
2.144266559886777834e+00
2.174533946714121591e+00
1.983592429314581906e+00
3.111144642681940020e+00
2.302895060192037935e+00
1.645708730063146552e+00
2.970962237136627326e+00
2.482982041510901627e+00
1.864091506617799876e+00
1.926123931106991760e+00
1.692683687839190654e+00
2.700476732153826109e+00
1.883980456046989271e+00
1.973864704633817357e+00
2.762490529385887239e+00
2.910238169661969021e+00
2.816203370499251513e+00
2.477050682469210230e+00
3.137270609213362871e+00
2.371010772945958855e+00
2.106371984296373956e+00
2.077783942366663972e+00
1.690045719366933596e+00
1.814203803691208705e+00
2.178310715272798959e+00
3.363382386029309057e+00
2.615599460030676671e+00
2.608256827548127710e+00
2.522551098062815633e+00
1.841622341555888553e+00
2.201206406600903165e+00
2.884695774858660133e+00
2.735989669969386640e+00
1.259117757108894953e+00
2.957632895390229333e+00
3.012333269365872201e+00
2.083599621297973936e+00
2.467773393799301385e+00
2.365060587125138003e+00
2.203699062102915107e+00
2.876211488045294029e+00
2.337827528030262059e+00
2.070471821781148414e+00
2.828829220064742245e+00
2.692700060561858955e+00
2.696539510609599066e+00
2.639639417606600702e+00
1.934930744331431196e+00
2.740672467212763586e+00
2.802659929254171178e+00
1.352413925950642470e+00
2.031130398471932885e+00
3.159186351991471131e+00
2.469714721399593582e+00
1.838163265053034845e+00
1.896457277351673243e+00
2.775760352229311057e+00
2.125213230656440189e+00
1.497488617724547222e+00
2.280322729996234532e+00
1.950250734913414608e+00
3.131382257179711637e+00
3.166789381613660304e+00
2.968765368998180332e+00
2.518193038585818222e+00
2.990773739606308990e+00
2.928732023031118459e+00
2.529954299862391398e+00
2.528872037731848099e+00
2.847451959462953486e+00
2.155210756398596939e+00
2.957305961953743179e+00
3.243043784479728853e+00
2.823056239105776299e+00
2.816410312991182163e+00
1.317569933657533943e+00
2.708584389923917701e+00
1.864228046625776347e+00
1.299375438479880795e+00
2.429581464314348516e+00
1.622816931001071605e+00
2.760733293709530134e+00
1.834230229941470558e+00
1.912554630322359062e+00
2.656686722012636892e+00
2.226170863242110887e+00
3.220473307637007121e+00
3.104399161732564139e+00
2.147834874649857895e+00
3.282567586490853451e+00
3.465636798521559925e+00
3.356185921709450515e+00
3.050473093748579334e+00
1.999311601639369940e+00
2.956560447318550278e+00
1.628768880932993435e+00
2.397099211414621678e+00
3.360626771505454080e+00
2.278431408259685043e+00
2.590283213616523028e+00
2.701074878945871838e+00
3.070118713773569485e+00
2.193101718059339955e+00
2.536577124906623126e+00
1.947173274358273032e+00
2.870708960643843177e+00
1.834619109238870394e+00
2.201227289286984856e+00
1.523553749342690278e+00
2.296413545373555465e+00
2.661257027175799372e+00
2.271770472517295580e+00
2.191339944594849154e+00
3.022907908806995447e+00
1.317302990129271656e+00
3.355075784029539321e+00
2.611530234084720625e+00
2.117473363046185941e+00
1.722471222365707710e+00
1.904583331222896359e+00
2.366451383560219668e+00
2.999467370493735796e+00
3.300652779421154204e+00
2.941107101887600273e+00
3.415065865731855332e+00
3.568466905953036061e+00
2.029977210828566747e+00
3.113667185939665405e+00
2.514914452025813318e+00
1.932641162520430278e+00
2.288276328604169851e+00
2.270586584618746961e+00
3.115755433712081857e+00
1.684817072031892460e+00
3.599066615660301061e+00
1.127782993458910310e+00
1.678426487334925277e+00
1.853759959930252998e+00
2.813990743084711088e+00
2.063062530519274240e+00
2.006987552551608101e+00
3.055069329901271669e+00
1.844707955228723328e+00
2.957910348222589469e+00
2.301286913083206098e+00
2.231335685444822303e+00
2.817808796363254764e+00
3.142211816071550423e+00
3.585509638879663452e+00
1.813939252517305478e+00
2.350722235345799049e+00
1.833411651250105079e+00
3.252390023281816145e+00
1.407468374720163951e+00
2.746177271633571060e+00
2.493206417711475442e+00
1.852089293682678717e+00
2.440584736186057757e+00
2.886502063820866493e+00
2.751183101426327493e+00
2.108023114902997985e+00
2.319538126790681609e+00
1.971935215460624446e+00
2.241164326496502213e+00
2.382753818045442173e+00
2.997162826587646656e+00
2.506067027818291049e+00
3.416508291448486112e+00
1.473385813235604358e+00
2.690807746660228705e+00
2.768126170264251229e+00
2.264907174205423868e+00
3.758674166007223150e+00
3.340170998744683928e+00
1.836717984275348714e+00
2.800302106201052244e+00
2.413687928039047303e+00
2.580769384805142508e+00
1.988835621444571267e+00
3.153508552749387128e+00
2.544825441766791485e+00
1.975921595587954771e+00
2.797797473598519602e+00
2.821770941495128859e+00
2.196212082900573126e+00
1.978472239273162181e+00
3.120710452610369501e+00
3.191253179066755319e+00
1.603119134549133129e+00
2.133395922451554849e+00
2.003921936932810954e+00
2.587181091468621297e+00
1.813007937733117414e+00
3.343162270644122191e+00
1.938676527610475153e+00
1.879688517765588207e+00
1.292865751333942104e+00
2.278713603334909799e+00
2.081800052792144751e+00
1.574219252853668038e+00
3.118830968883984145e+00
2.320478931390618005e+00
1.979165784570098285e+00
2.195041593770072907e+00
2.795107657975334448e+00
2.822773620187044141e+00
2.769790026496631086e+00
3.028566873292613426e+00
1.801653123679998636e+00
1.426054836546974292e+00
1.963228930552221030e+00
2.999840770163980874e+00
3.119925839734544848e+00
2.533290119053050571e+00
2.601657206798043909e+00
1.831720652116861414e+00
3.090897595674361398e+00
2.430220172706248682e+00
3.148410180849663842e+00
1.854414783895736774e+00
3.336180784641896047e+00
2.719253880327570094e+00
2.750431851337613143e+00
3.619531043885165111e+00
2.530036345886704563e+00
1.843626958111553860e+00
1.997486336499091131e+00
2.310887954390834498e+00
2.917232137058810348e+00
2.654019674373097715e+00
2.669389741192754517e+00
2.146001409548681238e+00
2.294013557370440992e+00
2.238551451561316519e+00
2.200923354169518120e+00
2.937994494364094766e+00
3.784378717895800825e+00
2.287493930130043651e+00
2.331229201592539102e+00
3.569552014652172645e+00
2.712451542235783108e+00
1.391545749638857243e+00
2.771052152391702883e+00
2.175041881360430640e+00
2.658924072540679528e+00
1.868803205510949361e+00
3.133303712499309945e+00
2.378172299890053853e+00
3.354365916572038309e+00
1.793707411160592624e+00
1.678680017011171310e+00
2.647126280228215389e+00
2.786839273574034603e+00
2.675838370629759932e+00
2.381239064915333881e+00
2.455330452127352903e+00
3.161613759259289225e+00
2.932293482665635942e+00
1.930075996293639573e+00
2.637658767733222387e+00
1.521671658693566798e+00
2.150216336540740514e+00
1.655970027476631135e+00
3.288110039883078262e+00
3.571366487782722920e+00
2.405770632223525940e+00
3.333559735398948121e+00
2.141761984988360457e+00
3.024227546769509445e+00
3.371796303292428743e+00
3.230402090369217216e+00
2.273435669370255763e+00
2.372457790932222199e+00
1.495222078403490640e+00
2.021499678259843780e+00
3.006974849474402411e+00
2.300395214000618083e+00
2.645792916867721889e+00
1.677312641760871470e+00
3.273334763181344531e+00
2.147674650058809753e+00
2.018167755309114852e+00
2.829946657609791583e+00
2.797476083237830480e+00
2.034793969032197225e+00
2.816519444918677006e+00
3.140662534668211325e+00
3.132561043800000888e+00
2.542708296500783671e+00
3.174053008239971607e+00
2.497682410303865730e+00
2.176097589969150814e+00
1.965200796652699422e+00
1.953925986876519083e+00
2.798951734084041743e+00
1.931707867666702327e+00
1.361003175408358024e+00
1.364477155778565542e+00
2.049606713884985165e+00
2.512557020845124001e+00
3.312916523298743421e+00
2.814381690032333960e+00
2.600449434033268226e+00
2.184374523947598679e+00
2.399343783641969985e+00
2.335527515821602229e+00
1.466650147664547710e+00
2.923615251119084935e+00
1.703512119546334080e+00
3.129922375337071738e+00
3.360289622466547055e+00
2.532905971494560760e+00
2.767261368222719398e+00
1.401339695413236219e+00
2.425605712064459851e+00
2.091971712055701982e+00
2.570582789935793588e+00
2.936790048457126101e+00
3.516533863190900888e+00
2.349844545399632612e+00
3.224032255360233634e+00
1.891852234490795759e+00
2.636747795438516562e+00
2.246939018049810777e+00
1.787971403639948997e+00
1.915831449727374514e+00
3.018833105052101118e+00
3.418088306905772811e+00
3.083591910321324292e+00
3.508410988162656619e+00
1.927027689983856096e+00
3.198512372349268773e+00
2.715054588682338288e+00
2.328069041808546125e+00
2.101051211783962813e+00
1.798729359605176770e+00
2.290944268629600877e+00
2.404890813078407685e+00
1.964132123086002712e+00
1.404311713265518957e+00
2.827819865214949324e+00
2.961099071306613428e+00
2.064096893091689644e+00
2.031393651523668353e+00
1.851510596710503220e+00
3.310216709460012119e+00
3.441718952253980390e+00
2.289771090655481789e+00
1.970133075167757708e+00
2.398744951116857926e+00
2.973986481301047480e+00
2.426722446355830787e+00
2.737183473101443720e+00
2.970091245408655656e+00
2.969994943770327023e+00
2.804349343456692178e+00
2.135915987134709315e+00
2.801655952733450583e+00
2.023177662780674790e+00
1.925123958140541935e+00
1.995360666251391191e+00
1.923983608930963429e+00
3.336306200182999504e+00
2.425165272207963074e+00
2.286127756041822057e+00
2.609873582585602758e+00
2.972702850824846532e+00
1.270339179008792119e+00
1.642131348247980904e+00
2.769331665250431840e+00
2.807922397144230420e+00
2.891606295787195080e+00
1.948228729080850208e+00
2.535630944969864409e+00
2.325489253213881558e+00
2.165757234258584241e+00
2.062508404062182166e+00
1.974461722683031661e+00
2.641701537946222533e+00
2.197259542618349659e+00
2.225850513087528793e+00
2.550590975921686265e+00
2.012688255559201611e+00
3.098581522154901347e+00
3.178089297754565390e+00
2.373395238640789717e+00
1.798219156258983098e+00
3.003194691875874067e+00
2.900216592150376638e+00
2.800508760052050850e+00
2.390523452995049869e+00
1.820339796217301354e+00
3.155692580415603299e+00
2.441800568105159996e+00
1.995361072730455154e+00
2.329301572519839603e+00
1.756726555400290879e+00
2.606509373269848773e+00
2.293566800412290441e+00
1.982861625594793731e+00
1.912160927504530150e+00
2.552335335945446815e+00
2.521865749133860302e+00
1.938236606250212102e+00
2.646968240372138403e+00
2.657348944628102227e+00
1.983973782867538782e+00
3.285088897083321857e+00
3.186781523712569175e+00
3.362852974917771132e+00
2.229086383486758027e+00
2.615948548632081927e+00
2.033446354852246785e+00
3.533517333455673981e+00
2.472044440488871953e+00
1.626291402397993524e+00
2.122993959815045795e+00
1.966107916744128215e+00
1.993378744839492178e+00
3.059939483511274982e+00
2.429489510317761169e+00
2.615281869385450264e+00
2.927833131440527481e+00
1.663427092299788468e+00
2.510292842300937632e+00
1.021413432977735125e+00
3.367699062484266204e+00
2.198626819219351436e+00
2.409359380806542994e+00
3.069299508354985662e+00
2.795310110327250630e+00
2.525007099115399445e+00
2.522620056829008472e+00
2.967441403076071627e+00
2.358425924473983581e+00
1.828832300011497436e+00
1.976993447629610712e+00
2.272587353240394403e+00
2.234012951550862880e+00
2.474935725698275135e+00
2.168926830404040995e+00
3.307623066871647755e+00
2.127234044909932287e+00
2.455439660417198411e+00
3.258597552766594241e+00
1.490409137382920912e+00
2.407769790182490155e+00
2.368263149467028317e+00
1.964021425400476417e+00
2.219759598214552820e+00
2.094348517597648840e+00
2.915061542757042989e+00
2.974961008710311550e+00
2.147391849773749417e+00
2.815235328371131995e+00
1.845702577408355971e+00
3.085276246351067453e+00
3.335627893677175493e+00
2.909909691810503407e+00
2.962265796253995553e+00
3.420170749508492758e+00
2.278623894271216255e+00
2.961058125809280295e+00
1.840960760920676842e+00
2.379082107506011123e+00
2.664850167616986010e+00
2.942974227554572941e+00
2.298598873879190041e+00
1.882249646585778313e+00
2.259644559297359745e+00
1.498187342288406887e+00
3.065721768073855991e+00
3.191362851606285744e+00
2.469971792513563802e+00
2.780230186186137598e+00
3.942762365941868463e+00
1.861900524863010276e+00
2.290169748349613510e+00
2.093312401815622170e+00
2.383864663698911368e+00
2.482633561468870820e+00
2.804988662074750394e+00
3.320578704377976642e+00
2.198311142040024979e+00
2.279377764845472942e+00
1.979883247447425498e+00
2.963382736806074114e+00
1.696620447616859373e+00
3.146532794006458911e+00
2.256255447996852848e+00
1.462263369161726612e+00
2.571300569287073401e+00
2.252913730808951076e+00
3.561791412448021887e+00
3.307687108722178415e+00
3.142945933691638327e+00
2.791492957632394134e+00
2.298283589232232416e+00
1.667184063737457311e+00
1.971833362043483362e+00
2.767299396847272774e+00
2.620349114708358407e+00
3.371609561584989478e+00
2.636241572236797559e+00
2.341283852247110886e+00
2.469475603637956596e+00
3.161979380932744998e+00
2.361422093974612668e+00
1.820774221183593999e+00
3.048789516629995866e+00
2.421181319970579171e+00
1.875350789504752536e+00
2.936952247886249978e+00
2.478197076955241940e+00
2.431017776642049988e+00
2.373856283042242055e+00
2.311679662500703003e+00
2.938621614381152547e+00
2.991009646346705519e+00
1.795059319687804411e+00
2.849378465844275787e+00
2.935077379720079094e+00
2.606433966022033921e+00
2.624240253016749236e+00
3.671546858148734493e+00
1.965915803708102150e+00
2.617519672232671013e+00
2.189602121328058981e+00
1.947896958674855128e+00
2.281209522822159386e+00
2.744423512132014409e+00
2.815417351468319396e+00
1.360006587085919705e+00
2.927729191889872240e+00
2.161094741780641204e+00
2.736727416129481671e+00
2.929851115835837572e+00
2.764803552169602607e+00
2.590754191582111066e+00
2.187720986939400536e+00
2.003034466771268729e+00
2.716121835002323515e+00
3.177818322517953042e+00
1.842183548555558437e+00
3.526707276148541403e+00
2.540764887076964573e+00
1.994893837833384920e+00
1.349061055476759474e+00
2.915326401785689026e+00
3.136704411819864813e+00
1.893534567402823887e+00
2.843834256679853123e+00
2.274687234522467794e+00
1.908117284809237590e+00
2.090036137183540976e+00
2.980981792994690682e+00
1.950717519955787571e+00
2.933407374844995363e+00
2.696409960478276524e+00
2.502788110135601318e+00
3.129643534025304596e+00
3.553986139417526502e+00
3.015506980376574386e+00
2.408879289373294430e+00
2.000343859249460898e+00
2.619200602949935508e+00
2.248654647992969657e+00
2.489276626028282813e+00
2.353242123422890852e+00
2.342427199307669294e+00
3.350791082155654799e+00
3.728588365165377727e+00
2.557463139684716502e+00
3.007593038997651735e+00
3.328797763495932927e+00
1.766152381776128655e+00
2.520804642619491887e+00
1.946065168042592664e+00
2.304427969126832565e+00
3.324352609743003839e+00
2.033620767113693439e+00
3.348059893689069533e+00
3.641623020658249832e+00
1.837100667318205538e+00
3.271547341956627442e+00
2.969924052630214639e+00
1.992099582284630133e+00
2.782169565837481429e+00
1.902826250156008703e+00
2.193547467164982390e+00
2.432622626585076997e+00
3.302595193228265114e+00
2.493497236827406205e+00
2.244384654659801637e+00
3.506343598290953434e+00
3.224875567929694320e+00
3.286629915770736599e+00
2.393412015437585527e+00
2.557223169841810861e+00
2.715543681785817842e+00
2.479079926633136477e+00
2.949078908507104746e+00
2.728186120758834932e+00
2.951905299503893243e+00
2.589322192085261598e+00
2.533932017703237616e+00
1.773028385279534547e+00
1.944217277329277405e+00
3.555026783311567407e+00
2.472131537912948485e+00
2.766517683108321357e+00
3.503669282397831708e+00
1.646269083404925837e+00
2.207661597924556407e+00
3.529949668715715472e+00
3.301064579299869628e+00
2.982944411182885336e+00
2.488575454046714874e+00
2.317654355887568851e+00
1.816831915886701454e+00
2.622175373018260203e+00
3.123083627357572833e+00
2.286028918752849304e+00
2.220055655690736263e+00
2.626983646357155422e+00
2.177980151257363328e+00
2.132854902486803095e+00
3.112119206310961061e+00
1.500693911350352572e+00
1.998553237136174054e+00
2.801255562420049916e+00
2.466678981106247281e+00
2.454841584448520742e+00
2.056411884873774021e+00
2.397240870213727337e+00
1.729205127097203532e+00
2.376525430886166301e+00
3.247077029992009756e+00
2.963067293944351199e+00
2.783992981706576497e+00
3.614616573646723729e+00
1.971697162993605534e+00
1.599148498088683645e+00
2.750996488289417563e+00
2.977210812139323703e+00
2.223100284917922664e+00
2.800878681488986111e+00
2.119512242624840503e+00
3.548076241179526136e+00
2.609268019813192119e+00
1.987926826768230626e+00
1.918092794481129459e+00
3.050741034825679154e+00
1.942499412785244406e+00
1.887047275208366459e+00
2.810399051630645406e+00
2.796643140631676072e+00
3.863715019386015914e+00
3.311525012790353717e+00
2.609568935503009612e+00
2.129953041387697699e+00
2.112524021160828713e+00
2.770861411423361176e+00
1.993327299903864924e+00
2.078048559962009989e+00
1.419261408284973713e+00
2.400255098916068253e+00
2.765015541551251399e+00
2.938085476859143341e+00
3.279737776841827657e+00
2.239995749861282359e+00
2.659319761486892197e+00
3.278337704580800427e+00
2.268137547880830773e+00
2.598048822102540178e+00
3.422201181394421976e+00
1.953246067327033986e+00
3.203246345602002165e+00
3.626775536351598550e+00
2.915085093294532914e+00
1.811008821938361768e+00
2.783127907076628826e+00
2.351281836828165606e+00
2.249723133389776919e+00
3.056022881140874503e+00
2.025622657787686354e+00
3.430939100282588416e+00
1.937480044324398243e+00
2.096962245377694600e+00
2.188038992183647391e+00
2.877186052720438703e+00
3.156083902827112375e+00
1.535925574429506613e+00
3.286943143492287778e+00
3.285116724499828056e+00
2.491896883619515446e+00
3.321789454626713489e+00
3.367681626576514375e+00
3.170604170964503421e+00
2.865375795991460972e+00
2.115607119569106853e+00
2.007225506742657206e+00
2.954993058770238434e+00
2.772537564438671165e+00
4.177073578140612753e+00
1.974726693065931515e+00
2.283795001159607096e+00
3.589890692229170899e+00
2.705139586553527042e+00
3.059319844886491779e+00
1.905593210758572464e+00
2.329108414884071276e+00
1.974694027303918409e+00
2.817853442828446742e+00
1.527959940966491237e+00
3.050919237093395964e+00
3.355371831977699504e+00
2.618892708022597215e+00
2.112182279316471067e+00
2.277108393811484444e+00
2.298273463379001846e+00
2.172824840923679446e+00
1.838482626908120476e+00
2.291443465083182751e+00
2.661367371550400929e+00
2.706847448668601164e+00
2.813530566229241803e+00
1.938962049910377239e+00
1.447822486369278350e+00
3.276584097131249873e+00
1.819429813159328058e+00
2.636775031370689693e+00
2.769244148049320842e+00
1.856155609985281174e+00
3.927341259126455597e+00
2.792699547860090892e+00
2.979966321684496933e+00
3.041798956349140326e+00
3.044110233240027608e+00
1.529929974058752640e+00
2.652898971273209394e+00
2.645547970941425575e+00
2.515962244739681886e+00
2.906233957040059934e+00
2.939451703939460092e+00
2.104086103043071532e+00
3.170257735457891357e+00
2.391156312749331825e+00
1.565575818899146876e+00
3.106718944824788498e+00
3.258476375803599279e+00
2.662925035513533878e+00
1.906067293766438020e+00
2.310594153447663057e+00
2.494773359556652803e+00
2.867099668476358332e+00
2.100354035967120669e+00
2.199304316631443879e+00
3.157527981698743602e+00
2.399561308667747639e+00
2.960390477008289611e+00
2.461109373079675144e+00
2.376776117324877369e+00
3.318744094957164492e+00
2.940536893128574025e+00
2.279132242746123804e+00
2.683474843494772610e+00
2.091017465487322813e+00
2.843049268778301553e+00
3.275134101850291302e+00
2.127627169558131026e+00
1.969876490703143190e+00
2.281135007459609287e+00
1.813371990838348546e+00
2.951159105513922132e+00
2.090531455161005248e+00
2.262638240656825950e+00
2.647766388742193833e+00
2.517501515738119977e+00
3.332674430587151626e+00
2.361266438638351950e+00
2.772063524272167623e+00
1.655556163914834844e+00
2.015250325666046560e+00
2.892460765487442576e+00
2.158651179330541847e+00
1.509022488540609386e+00
2.925780905406021759e+00
1.769851454878244246e+00
2.613476198992976229e+00
1.673141803054166044e+00
2.778629924320913158e+00
2.184761686194403474e+00
1.766469637331730791e+00
2.788874410833685147e+00
3.234663556528896144e+00
2.276945792094074328e+00
3.036737422963791566e+00
2.561758181229495168e+00
2.174568064128991729e+00
3.012877542380458795e+00
3.078965412265333157e+00
2.642252257841237739e+00
2.511090019244707872e+00
3.132226085825022821e+00
2.374817663396018741e+00
1.385962024322504593e+00
2.274312175822653881e+00
2.878041521583719398e+00
2.957994191712337351e+00
2.996078063740801323e+00
2.417628648099008792e+00
2.302081876014248074e+00
1.610812743198442920e+00
3.278618371836721224e+00
1.846172026677756817e+00
2.421921968521537849e+00
1.919077701452588158e+00
1.963759716346787476e+00
2.528658907782193044e+00
2.286713547342695385e+00
1.861988005527419388e+00
2.049918106323077360e+00
1.627477882713730617e+00
2.475831617980744692e+00
2.102625238418556641e+00
2.763278443304418186e+00
2.799882919348686272e+00
2.185204721298627195e+00
2.317374716308768345e+00
2.561116895309679453e+00
1.898999180710482237e+00
3.124847021761449462e+00
2.239624913206344825e+00
2.351355357022820947e+00
3.549878635555967499e+00
2.897530874351058827e+00
1.699718316452318412e+00
3.462460190407468108e+00
2.970594659066455367e+00
2.427308583585146895e+00
3.307345812056254442e+00
3.082528199360929921e+00
1.812083296274362487e+00
1.865583482827532835e+00
2.084980733536833775e+00
2.530158850384005564e+00
1.410338685894853006e+00
3.038229707972130544e+00
2.593486856445384348e+00
2.317288375451091120e+00
2.366689713231232339e+00
2.514616355530382208e+00
2.928159980367365023e+00
1.040188613958968666e+00
1.927733575712887948e+00
2.526079865677705261e+00
2.650829310037444042e+00
2.381652411284730597e+00
2.367090676739995736e+00
1.671830621452217391e+00
1.658310602036670689e+00
3.616957951589233389e+00
1.391776985589499471e+00
1.798370586722198627e+00
1.212805664487180302e+00
2.077714321562983635e+00
2.271268157161193901e+00
2.142671648243856808e+00
3.536943933869948431e+00
2.962599823959122247e+00
1.607124922549548307e+00
2.332547843921508157e+00
2.404139747834051821e+00
2.229763691453114038e+00
2.290559589640934757e+00
1.815477759535685465e+00
1.886195994583825586e+00
2.299720094554696281e+00
2.179406114868520206e+00
1.967080375569133288e+00
3.167524079019774952e+00
2.364626691765101540e+00
2.281386119282129421e+00
1.773765669333711381e+00
2.378534715691569268e+00
1.529840263307729264e+00
2.121267113330709719e+00
2.245876228667668784e+00
1.190156548060417485e+00
1.467635061670687691e+00
2.195721218705121824e+00
2.677625836068878939e+00
2.953086037236064332e+00
2.399625861124583093e+00
1.397539367821544865e+00
1.548395391480972716e+00
1.629218066507123863e+00
2.058475251636197267e+00
2.366352451996425188e+00
2.723530729196279143e+00
1.515874379598052490e+00
2.409586870742293385e+00
2.910933608070917167e+00
2.066142959142958091e+00
2.776700127367859761e+00
2.418950817811217124e+00
1.965348731748090660e+00
2.631878163997134035e+00
1.775943401449552539e+00
2.636171921664903994e+00
2.665419495150727958e+00
2.248112573481965804e+00
2.973129409043208771e+00
2.477712300020245451e+00
3.153543331184340826e+00
2.028183710276703078e+00
2.469826958912869852e+00
2.778707804620098809e+00
3.341513781570117025e+00
2.331298087365174965e+00
3.180268245826873397e+00
2.421534045481004149e+00
3.098120133982242841e+00
2.361272781328468184e+00
1.987311315516346655e+00
2.328202172461834252e+00
2.756913224071994239e+00
2.490058294450693044e+00
3.135672156139042599e+00
2.397314739910028081e+00
2.965829855435205165e+00
2.226079630444811830e+00
2.401187205243335399e+00
2.658721527547113883e+00
2.274488887044722407e+00
2.516612776895526427e+00
1.903279843918301628e+00
2.806178463689394942e+00
1.444126308377467804e+00
2.199406107792764686e+00
2.468882399242017023e+00
2.536526597434052732e+00
2.341073371951905902e+00
3.166468318580998531e+00
2.649646554745598070e+00
2.401988834480040857e+00
2.877056146749061405e+00
2.049184771989708498e+00
2.963619590893528777e+00
3.162953635500898031e+00
1.521586529194462134e+00
3.204850345901760544e+00
3.110586440476971415e+00
1.123814883735472892e+00
2.759200826037320642e+00
2.706888774101257944e+00
3.766129656228220046e+00
1.934015350381001364e+00
2.457193173117345086e+00
2.676848074164392965e+00
3.493431353052907085e+00
2.805487820106437269e+00
1.893103122463016375e+00
2.167117750513743779e+00
2.218522912052567353e+00
2.969777112763589688e+00
3.151630039579382814e+00
2.529893226662054850e+00
2.877243507186372007e+00
2.366133021827201421e+00
2.547450689894469100e+00
2.047725703893279459e+00
1.638754596383388051e+00
2.401798391638854557e+00
2.539439753721415727e+00
1.640234149189126800e+00
2.884167327938266023e+00
3.316454323756778511e+00
3.471858036440958806e+00
2.432435247481397500e+00
2.728085763674493514e+00
1.980525933556559259e+00
3.184628944510525805e+00
2.071073421154141947e+00
3.116490489667635089e+00
2.649808041591115604e+00
2.162866230679114654e+00
2.744632553002508413e+00
2.211578573041028672e+00
2.270620001913809638e+00
3.336176059568330299e+00
3.402596589087197199e+00
2.740463965001411317e+00
2.267508862248275747e+00
3.161639613678043137e+00
2.522153884497124743e+00
2.207175597440792725e+00
3.110181474212091235e+00
1.913342456076951192e+00
2.010947836136455891e+00
3.087619899266032863e+00
1.725351860334673804e+00
1.497224085735941346e+00
2.572104893538744719e+00
2.446018043181219515e+00
2.904287341756940588e+00
2.345601831537931670e+00
2.327786813652306996e+00
1.719209139652760454e+00
1.972547580608418061e+00
2.655595405164822065e+00
2.863144998831522958e+00
3.525054900981325456e+00
2.697421449161049534e+00
4.526339184011028749e+00
2.339878012705211674e+00
3.063637125241341241e+00
3.126081226425298176e+00
2.037632685939199995e+00
2.641128227703423370e+00
3.250486048937037076e+00
2.186861530259796460e+00
2.144345834509177262e+00
1.775863375997478677e+00
2.056483294456584066e+00
2.443532796656948225e+00
3.269482856297481810e+00
2.572739663967715362e+00
3.068833930578090285e+00
2.432992372134477499e+00
1.452837084692482295e+00
2.503034045921434192e+00
3.174057846831245477e+00
3.210876779487277677e+00
3.139309918030124269e+00
3.277552740541310072e+00
2.929967563672891906e+00
2.538547399151247497e+00
2.654064872583285606e+00
2.135046835692853140e+00
2.929122782351031962e+00
2.643972999531025714e+00
3.288066696211354945e+00
2.111908247590834176e+00
2.087670293151775436e+00
2.408368139194837720e+00
3.279662735100387749e+00
3.052313280651816729e+00
1.152033877281050556e+00
3.047327681337443916e+00
2.072768652808173684e+00
2.771055968961593674e+00
2.749076928959473864e+00
1.719539519163709063e+00
3.038555984264770693e+00
2.091114708451117910e+00
1.795341243355264238e+00
3.078277114086060084e+00
1.950186947624337197e+00
2.649559571958267412e+00
2.291683939674657999e+00
2.746520646192768478e+00
1.919375666528213342e+00
2.958008146896977664e+00
2.569670881050996947e+00
2.720826578301666299e+00
3.249583055388776565e+00
1.656674762721639382e+00
2.491568277025503875e+00
2.743752946626198952e+00
3.064853339638311081e+00
2.285798507104716215e+00
2.239392421228608487e+00
2.948813686950742863e+00
2.718684033587976501e+00
1.949618661219268079e+00
2.683565070447357925e+00
2.253234175735247202e+00
2.930352850398943332e+00
2.636189594539166237e+00
2.707784400942937708e+00
2.785090373077964809e+00
3.307609349380028263e+00
1.990734712883825530e+00
2.431438684980487874e+00
1.733872108311911298e+00
1.781400844638220127e+00
2.164081332921064860e+00
1.685793422257817697e+00
2.039095442784414125e+00
2.301100965814547372e+00
2.402390256230430676e+00
1.625656593989735832e+00
2.464964182450144481e+00
3.139087815342540111e+00
2.411283576619839941e+00
1.920011006781576324e+00
1.981190017199135900e+00
3.195022525238900180e+00
3.233476299025726419e+00
2.102944881837087276e+00
1.927845991065857856e+00
2.024461303323903394e+00
2.047881288556077983e+00
2.262266211111957581e+00
2.142664303808608395e+00
2.016065322346137112e+00
2.756276757820868450e+00
2.843817706371607912e+00
1.864986593912026924e+00
2.770916547902132265e+00
2.407133069682714233e+00
2.090950965093191893e+00
2.729248225574442799e+00
2.744485495617007942e+00
2.107674164466995848e+00
2.778200338041100004e+00
2.184881201065188794e+00
2.207941942122519041e+00
1.642229559338344469e+00
1.879071449578746167e+00
3.079974978010864728e+00
2.492545247863493962e+00
2.200082701586605349e+00
9.966724379691196400e-01
2.789916347227310300e+00
2.367812109083272887e+00
2.608337301655604179e+00
2.518980493900155437e+00
3.069719702600491651e+00
2.816830881579937440e+00
2.783653999021363568e+00
3.137740807746589145e+00
2.183121393362103646e+00
2.102065074884781559e+00
1.834813673662002875e+00
2.463021450305607374e+00
3.149988074290599460e+00
1.644123977353432409e+00
1.421462990632316847e+00
1.757721875604011386e+00
2.418243712791793953e+00
1.796260289712114488e+00
2.298791189411956370e+00
2.473456531732470154e+00
2.409870924487491628e+00
2.057682739666905736e+00
2.957538610298453108e+00
1.657997212755318639e+00
2.543197065963504144e+00
2.530296901099200024e+00
2.025012380354164421e+00
3.022939687160707045e+00
2.447461780967226552e+00
3.937405482304757065e+00
2.929870713035392260e+00
3.479767808377487448e+00
2.282602549440242434e+00
2.843613342507520958e+00
2.306552132257944088e+00
1.911157466591147047e+00
1.951794818854059477e+00
2.427392890244756796e+00
3.335582815489146924e+00
1.874363328304709864e+00
2.688656336346574971e+00
2.711178276931303088e+00
2.759051485210247900e+00
2.939001164822346635e+00
1.913900209756683513e+00
2.319462976291864376e+00
1.772743598493417228e+00
2.668882308039675078e+00
2.027358317830310064e+00
2.116214640252387369e+00
3.118672675153092211e+00
2.757496712190027566e+00
2.414099124300527865e+00
2.300973753848906345e+00
1.923218636204723220e+00
1.956343930948976073e+00
3.120751762143770147e+00
2.952872904669972431e+00
2.335505855443016365e+00
1.919686749238236345e+00
1.924547463934776159e+00
2.437558154743006522e+00
3.144288575492068194e+00
1.251534927599552649e+00
2.365736315483102814e+00
2.205052257757566636e+00
3.079404991104152778e+00
1.096859449167628897e+00
3.084370710142829264e+00
2.871928051601281062e+00
2.304922883740079698e+00
3.396478761787686373e+00
2.569697026264234907e+00
1.720016154008314979e+00
3.402181675894695001e+00
2.957998458913976503e+00
2.026055728219275043e+00
1.780410179484013256e+00
2.944663522925268673e+00
3.417625912662652699e+00
2.379192881571772222e+00
1.554167867018213745e+00
2.959673672532591837e+00
1.416492586599908954e+00
2.477376325823833270e+00
3.414076522676046110e+00
3.039338671461771835e+00
2.557720011802975701e+00
1.871769458318752299e+00
3.453076006728768466e+00
1.911743786845100379e+00
2.404408452178797173e+00
2.379286102992491436e+00
3.136412708193794696e+00
2.518002189449462858e+00
1.381452427689403573e+00
2.798139773773772099e+00
2.793363370812217195e+00
2.205096463690400022e+00
2.365009148064899591e+00
2.266521247259897009e+00
3.173465814913673633e+00
1.890078469536127903e+00
3.064701300709993692e+00
2.515457799629468028e+00
3.050988100334790953e+00
2.019561416096063766e+00
1.000637255257219804e+00
1.854830309020564227e+00
3.349205035421890742e+00
2.878123718943494946e+00
1.870781027656162054e+00
2.594660537299788849e+00
3.211003351906123182e+00
3.420502771050967450e+00
2.505096460040207251e+00
2.039388383698681029e+00
2.119134596631845557e+00
2.123366075978169398e+00
2.895313919531928182e+00
1.179509781544041402e+00
2.169673410478587083e+00
2.476074725455488235e+00
2.170986422463786703e+00
2.447390251259137450e+00
3.540770772860763582e+00
2.101961143101135132e+00
1.641690688832405653e+00
2.413877887791656462e+00
2.392519947362317101e+00
1.999683260094973658e+00
2.775090199487777909e+00
2.659418990294888374e+00
2.775487480828716436e+00
2.480907517472484169e+00
2.648818972106380176e+00
2.676186856816360926e+00
3.543040155667327440e+00
2.278191479721596302e+00
3.033505371131514305e+00
2.369092760247021534e+00
1.847968461052578615e+00
2.531779599880851883e+00
2.257508111915621285e+00
2.287488046998507052e+00
2.072531643630958875e+00
2.409094263317154816e+00
2.849479085518941357e+00
2.152570042983547705e+00
2.877501873100451135e+00
1.825934775119818276e+00
1.266751059986154004e+00
2.275323275034495385e+00
2.410835004039801888e+00
3.298792529743447943e+00
2.087654517857017389e+00
3.162602789557487970e+00
3.247342071271156261e+00
2.748239549294247741e+00
2.600842681291134273e+00
1.606560559973646996e+00
1.928962956616555147e+00
1.458163980725224018e+00
2.302749473496700006e+00
3.103800297971977429e+00
2.957806521429865221e+00
3.119716727159576486e+00
2.892495988618088987e+00
2.206270387403589606e+00
3.477261827701902064e+00
3.363456519011856827e+00
2.426838011182998134e+00
2.388263853641299228e+00
2.912215817955130959e+00
2.219408546353648592e+00
2.631895992095751868e+00
1.442031853391636975e+00
3.059544747803773834e+00
2.809063126751689676e+00
3.594809722057926926e+00
1.875819214192214979e+00
2.400391513191048709e+00
2.113057182177293658e+00
2.643500333851099171e+00
1.976525069305630877e+00
3.207173575672930710e+00
1.882201319206037615e+00
2.902296521005842234e+00
3.150386371926658935e+00
2.606751301983122104e+00
2.613474610793960373e+00
1.418664485343698933e+00
1.420808631451863979e+00
2.035565116066211377e+00
2.425175052460148084e+00
3.005074876038558607e+00
2.119451341671965139e+00
2.772374920987970448e+00
2.951757561121806983e+00
2.527798896316115762e+00
1.566343379175618722e+00
2.383680526905822106e+00
3.391845322740035140e+00
1.957920753063565611e+00
2.453926861019248395e+00
3.095911698931911094e+00
1.944861842314245859e+00
2.905438060832715053e+00
2.956479130051239856e+00
2.252457361482827380e+00
1.890031138733888394e+00
1.205377317794602332e+00
2.822364177928188500e+00
2.650947489682354163e+00
2.581612674678951613e+00
1.203962297154552497e+00
3.325883051320611017e+00
2.832965075843857594e+00
2.060464190717198552e+00
2.515467963709651311e+00
3.405972401525507287e+00
2.083804755688203336e+00
2.625749303819727043e+00
2.515361602691430942e+00
1.561403315211104426e+00
1.437202775841089686e+00
1.776942094341726675e+00
2.438762239304552715e+00
2.952471365389524927e+00
1.951172040608697644e+00
2.181969239088494383e+00
2.157410424409064831e+00
2.215347897926434051e+00
2.302911056086975439e+00
2.718283258656019719e+00
2.039675931002688181e+00
3.551283153866268805e+00
3.339344475711676807e+00
1.918133180349371081e+00
1.972194019381582786e+00
2.352925099702380063e+00
2.187542354002718348e+00
2.026872875090033332e+00
1.947195769492280792e+00
2.359258080200342444e+00
2.156571768437795633e+00
1.851435250829740253e+00
2.300859166417300372e+00
2.131036312236175512e+00
1.776199061315102634e+00
2.957180217041206038e+00
2.656069384943154699e+00
2.278951258678973080e+00
2.240606387786693077e+00
2.646057307114008772e+00
2.806488968641293269e+00
2.101421896660457644e+00
2.613936094048228131e+00
2.502918835726576585e+00
2.146571217226963313e+00
2.223905683196305105e+00
2.624968320853878101e+00
2.125891113044748870e+00
2.918998021561511447e+00
1.419285221637988759e+00
2.264000652862483420e+00
2.919885322069205369e+00
1.843613983261780165e+00
2.522166067375315013e+00
2.006176114201633887e+00
2.416186680299795331e+00
1.019926265116686048e+00
3.102259145521302663e+00
1.548948643212970433e+00
2.265732626793551585e+00
1.950345440502333494e+00
2.305610359603398773e+00
2.284132757879817177e+00
2.007767065535947193e+00
2.413595407025535433e+00
1.863098935538217482e+00
3.464235165211906331e+00
2.287453068489438746e+00
1.998647626073313255e+00
2.910335749734550337e+00
2.132234553062874571e+00
2.658126713618810477e+00
1.832434458218909601e+00
1.922507423927640735e+00
2.959891100843134115e+00
2.372615912925946091e+00
2.448868280029783406e+00
3.195482705359474096e+00
3.127379670729149019e+00
3.115287617407938470e+00
2.676106139836798459e+00
2.875477203740008036e+00
2.664369926014198420e+00
2.465195355687737511e+00
1.919891033356327492e+00
1.762957752530222910e+00
1.787937111449446670e+00
1.976023566183638502e+00
3.408427188483166947e+00
2.237333530018787542e+00
2.420594022987367477e+00
2.761527547495679968e+00
3.192868379039097704e+00
2.189435956353019019e+00
2.071390451377352449e+00
2.640261435298063564e+00
2.181536768311531649e+00
2.717824317088303854e+00
2.123249748859703967e+00
2.631985588521358999e+00
3.357226628440570959e+00
1.594440987853504854e+00
2.098244202719261597e+00
2.485239004202835833e+00
2.701095223542864687e+00
2.246038326715771749e+00
2.840748809700336608e+00
1.772509217421485372e+00
1.928038780611685876e+00
1.646380234985168167e+00
2.553663290125322227e+00
1.577521030110722089e+00
2.264296063260790692e+00
2.010841345506024336e+00
1.491814379959658599e+00
2.330922414840853385e+00
1.975552141761039771e+00
1.935931062206867947e+00
2.920840576042583958e+00
2.492738952792130647e+00
1.316900366785290100e+00
2.061957743044552149e+00
2.262468080522420433e+00
1.195825866365989087e+00
3.548045606766402127e+00
2.656852054436062538e+00
1.954681598388348540e+00
3.343302727368367755e+00
2.280951996597344156e+00
3.559838689309086313e+00
2.472871575269099953e+00
3.112757513848440016e+00
2.718828252623177288e+00
2.765382590352722048e+00
2.955338643941720189e+00
2.657902945075847789e+00
2.043678421034979209e+00
2.239484080922235609e+00
1.902464252329371108e+00
3.110564705555485698e+00
1.684919752836150142e+00
1.914041476855811830e+00
1.571416788466436287e+00
2.148988225836841792e+00
1.778094144661884979e+00
1.616051448314270056e+00
2.059774869143446097e+00
3.109029920883387810e+00
3.367447444920272481e+00
3.606885256979876608e+00
2.512443088196740781e+00
3.135295405000719349e+00
3.338844178035964116e+00
2.774901500061136783e+00
3.114427357423533937e+00
2.408753549086917634e+00
2.627509433167977360e+00
2.694571974215577814e+00
2.178753731567189877e+00
1.775352836648124377e+00
3.359150428690270029e+00
2.035743158083740845e+00
2.196078233628144805e+00
3.166080310343020621e+00
3.540219079823148540e+00
2.996312214330194124e+00
2.098552140455067327e+00
1.694568233321970263e+00
3.115974906656815868e+00
2.408148658067098768e+00
1.778963826296060979e+00
2.554130447348565980e+00
2.654179321687620163e+00
1.290335672436372594e+00
2.868855135859779804e+00
3.286961231331066990e+00
2.599394005702260646e+00
2.765001500320382721e+00
3.027333487778736565e+00
2.690636107043300029e+00
2.177543101698790284e+00
2.445159880892690651e+00
2.495973239249777098e+00
3.122320924381721596e+00
2.394969731333803864e+00
1.460792497741297158e+00
1.998749794601300644e+00
2.001187520776686490e+00
2.521775805516811353e+00
3.143750923354758253e+00
2.765202947527650057e+00
2.204533847037744909e+00
2.142594587865118694e+00
2.281023023040247732e+00
2.683932439177874940e+00
1.771289155144408767e+00
1.787727258199739211e+00
2.347042159590072785e+00
2.002069340680733500e+00
2.318871019641766118e+00
1.595356261266203335e+00
2.803135679781203038e+00
2.374090797690513455e+00
3.132187898342656762e+00
3.636254593361253562e+00
3.540465623148259411e+00
3.352748400344816471e+00
1.551414865551701272e+00
1.229968956048927309e+00
2.168878128035337305e+00
3.163814572707859707e+00
3.068445350252664738e+00
2.871507784643160921e+00
2.223200217359134978e+00
2.141208967977225264e+00
3.669629798457724856e+00
1.896172296559558434e+00
2.809307001230321177e+00
2.421733774012229556e+00
2.378007063134102594e+00
2.424130507852384042e+00
3.603384125605347599e+00
2.319200622495734887e+00
2.234674664861515669e+00
3.349069949589231321e+00
2.650277246688601540e+00
2.941912950250905379e+00
1.056333782028822110e+00
2.766784203684117927e+00
2.966670887327170991e+00
2.390899368584051388e+00
2.462925957667792876e+00
2.933474457662502033e+00
2.243736216366206015e+00
1.910439720527360219e+00
2.744549349737680277e+00
2.229496211536713624e+00
1.902135368596865828e+00
3.186935065905180053e+00
3.006294720034993873e+00
2.469982682073267100e+00
1.241781693954017385e+00
1.932169330536059659e+00
2.636722108057647951e+00
2.034333524742507837e+00
2.347418193961818833e+00
2.538197103579981739e+00
2.431200787359205862e+00
2.193487466162305832e+00
1.674074100021959222e+00
2.634598995008896605e+00
2.023690250642767197e+00
3.230337666629371274e+00
2.654133588734746141e+00
2.266377925624243783e+00
2.514419233523675246e+00
1.984647647275519011e+00
1.068218100106469004e+00
1.985516082874216881e+00
1.768974468964009672e+00
1.844285510023256247e+00
2.412315144812010370e+00
2.596224892916041860e+00
2.289280999748060985e+00
2.203234969396763887e+00
2.950853313488688290e+00
3.143034235789040398e+00
2.286168397196810531e+00
2.572433321100275005e+00
2.384857496384435560e+00
2.850080808897585083e+00
1.811951294117757350e+00
2.793103429767191948e+00
3.311046412291144492e+00
2.464405918921699357e+00
2.269110680969639748e+00
2.371604929423472008e+00
2.543749609987373983e+00
2.868008900303544273e+00
3.099245596990906293e+00
2.876530367935873578e+00
3.836132698509024053e+00
2.501196956534653459e+00
3.345358027038114024e+00
3.047445283058866305e+00
3.590074006859201639e+00
2.924809771180497897e+00
2.250489426012364014e+00
1.790290674121922665e+00
1.840729657989581991e+00
2.991806664450356035e+00
2.564660995725058790e+00
2.642622968123987004e+00
2.211917850836559563e+00
2.551326638440595485e+00
2.331441689647706816e+00
1.953689551097341326e+00
2.219747837048559269e+00
2.171545973099688442e+00
3.330664731459916705e+00
2.370088088469600507e+00
2.844969863229383389e+00
2.896394042664991009e+00
2.501995285630136401e+00
2.569651795312603237e+00
2.813149204786084656e+00
2.360105601675573261e+00
2.267580068043096642e+00
3.235816018066740796e+00
2.398695688160259465e+00
3.285424756181440031e+00
2.384214240872835955e+00
2.157516323402519198e+00
1.199817356091864351e+00
2.889893558486236635e+00
2.391322479337357088e+00
3.104681072650564921e+00
3.105873279742100479e+00
2.364664762919024721e+00
1.606705391309946718e+00
2.069552046044483617e+00
3.432697532058952561e+00
2.801799200151411817e+00
1.447284035774653255e+00
1.989605324349417392e+00
1.883470348023007501e+00
1.649987598873711825e+00
1.032184152798013788e+00
2.524710260425892194e+00
3.064971237117870562e+00
2.525686816914173516e+00
1.154274192387948927e+00
2.344905215581607028e+00
2.282934083003881121e+00
1.192309442408470144e+00
1.990009193136799581e+00
3.339368114258945308e+00
2.798230331903239776e+00
1.888083654797202637e+00
1.976964073641968911e+00
2.474325535858629355e+00
2.174389072162572933e+00
1.863363330737812573e+00
2.918244854435778635e+00
3.149234358414267465e+00
1.689944453690317427e+00
1.116254509525051120e+00
2.945270456797245195e+00
2.104667494598513322e+00
2.045891158618777794e+00
2.761804797590350802e+00
3.613912239523578318e+00
2.896710597757997885e+00
3.125181512682579932e+00
2.280893699626868276e+00
2.386174513445767253e+00
1.960008239727227597e+00
3.250818969950207027e+00
1.964897084145187378e+00
2.275965836766730366e+00
1.984938972494407095e+00
1.528506796245253208e+00
2.462752806464544086e+00
2.569862096838064769e+00
2.509677713903199159e+00
2.049384052269439760e+00
2.760444522075863993e+00
3.303354625586330862e+00
2.448982801523353015e+00
2.762240960861938710e+00
2.379222970785950686e+00
2.614440475276952558e+00
3.393349012659964803e+00
3.235961190126718456e+00
2.054164583198141880e+00
3.872973652991140714e+00
2.514874667345511128e+00
2.007606228747493393e+00
2.194822011000845841e+00
1.634864975433708789e+00
2.009215800782817141e+00
3.171052250999095712e+00
2.936867181878620059e+00
2.401229469996230215e+00
3.159052396089449655e+00
2.396456638971617981e+00
2.581942602565634459e+00
1.741938763335034945e+00
2.264855610979896294e+00
3.581993759819753986e+00
2.620001903741630223e+00
2.038249493278823099e+00
3.103311557344855309e+00
2.204609538097340504e+00
3.306371327619966216e+00
2.425980420661674408e+00
2.173499991668844444e+00
2.505507852788689593e+00
1.964402174901549447e+00
2.595232339722095549e+00
3.503987799691722138e+00
2.956726509139081305e+00
2.176509179492084556e+00
3.022868957784621724e+00
1.057486813052151753e+00
2.285891073667822848e+00
1.899446624094134339e+00
3.243881879665903689e+00
2.337394552354722599e+00
1.834037771826613428e+00
3.202057512257670435e+00
3.494690927466478580e+00
2.483539199159572330e+00
2.786080073457556150e+00
1.319813016858835786e+00
2.216351044075346444e+00
1.332743941399803012e+00
2.082709253574472452e+00
3.047929940815973904e+00
2.101697285646175750e+00
1.864848011797133998e+00
2.474794264919153441e+00
2.621159933015707821e+00
2.180507102625982352e+00
2.987308621544086495e+00
1.949005877444866197e+00
3.105979308282835305e+00
2.988149918841412234e+00
2.808512398955025802e+00
2.722921472908247154e+00
1.291965478368938935e+00
1.907685068929214856e+00
2.921158756486131214e+00
2.962111332241540662e+00
1.962142373162313991e+00
2.023289845361750938e+00
2.962683236895167660e+00
1.962679205077908939e+00
1.973971057488343117e+00
2.417516048092340775e+00
2.221441700370059724e+00
2.085439997323053962e+00
1.957182249238823779e+00
3.464621773293180773e+00
3.137688559205323635e+00
2.595188515414190267e+00
2.914798627755567306e+00
3.290160902932549369e+00
1.431606828037009782e+00
3.006230665570957861e+00
2.418055854443489139e+00
1.994374968788127811e+00
3.345749284834167447e+00
1.293968186474430349e+00
1.664536254632372092e+00
2.195773830754377709e+00
2.220597726181559484e+00
2.645365589163406916e+00
2.502702137871520627e+00
2.763147693510815905e+00
3.208806375496697783e+00
2.772469793262941629e+00
1.678235849759986076e+00
2.648459302046676456e+00
2.150529098779783599e+00
2.819401660719119018e+00
2.480519318621929870e+00
1.867775156374755108e+00
1.956316702736434321e+00
2.162943060306950382e+00
2.906435177255450863e+00
2.296403988401434670e+00
2.441488654350459697e+00
2.870995342632380432e+00
3.229819386748447041e+00
3.142959015764787978e+00
2.271193870696942341e+00
3.010161461047452303e+00
1.761595489310569196e+00
2.382589666064678369e+00
2.948860731359172593e+00
2.128792760026761766e+00
2.383297381681267257e+00
2.779015236236067388e+00
2.922767030864865667e+00
1.962016984678818687e+00
3.023768656391662368e+00
3.645178481685480865e+00
2.792514270985273050e+00
2.147795060978236581e+00
3.148191385927785024e+00
3.647500096545451154e+00
2.880377935339668571e+00
3.157914481107114035e+00
3.835851170907277563e+00
2.658912296706421596e+00
2.323924309701221436e+00
3.389876887320219190e+00
3.560261835111343309e+00
2.397316775074227468e+00
2.725336926233979717e+00
3.036607336118160028e+00
2.792634021762460339e+00
2.644394369523413779e+00
2.050687490472018037e+00
2.157025944626457470e+00
2.292430623999857531e+00
2.793810403556875599e+00
2.834506824172211559e+00
3.277099331631357249e+00
3.207385946310058245e+00
2.799107653488617675e+00
3.104290283700227082e+00
2.368981247503012089e+00
2.375515436329438401e+00
2.370572773813650613e+00
2.916424405500437800e+00
1.959096480695742493e+00
2.284170285833540870e+00
2.649203130706500708e+00
2.770832533060938019e+00
2.581249097219045829e+00
2.643142454406729680e+00
1.903611254602580738e+00
2.201072637828282552e+00
2.761944590844106262e+00
2.142163440979224287e+00
3.059520479053416508e+00
2.569746074771935618e+00
2.103939074463453629e+00
2.959677422868264962e+00
2.611460215852456024e+00
3.365944616929935407e+00
2.943039849593326540e+00
2.535941401587340049e+00
3.591998075497004894e+00
2.043487010053486319e+00
2.743499193659575841e+00
2.797352614427430328e+00
2.099280781174620802e+00
2.822822459973409082e+00
2.168490082066088398e+00
2.644235109693569008e+00
2.572429758329735083e+00
2.319643121890163417e+00
2.121001996079237895e+00
2.173086784235671587e+00
2.292895279386003349e+00
1.450440899701409991e+00
2.460119209014253627e+00
3.032287964395975699e+00
3.084156749064748571e+00
2.614214942514133888e+00
1.118774169836404209e+00
2.153828361375973000e+00
3.415521995547903700e+00
2.507566654974402454e+00
2.549645621397771844e+00
2.942819811677576780e+00
1.993160145670718864e+00
1.919892091400173362e+00
2.577611915136748699e+00
2.452869155128172274e+00
2.383222604892486274e+00
2.758253432073759726e+00
2.474498908696885824e+00
2.971114601710647563e+00
1.728336915896830916e+00
1.634267169499970418e+00
3.281180423329096651e+00
2.059014841097940529e+00
2.396384758826759054e+00
3.341456403175168344e+00
2.457042205108187716e+00
1.904193758891154831e+00
3.143242741585419164e+00
2.128508691680882414e+00
3.737369340098251058e+00
2.293488161961834138e+00
2.333369582186976210e+00
2.220340417733388527e+00
2.285235012981444491e+00
3.104350469708232918e+00
1.651412663262314284e+00
2.640817877960432991e+00
3.056087865855278363e+00
1.909221718833738146e+00
3.389718313986332721e+00
3.131575410071748333e+00
2.085938786897419295e+00
3.172253502394719593e+00
2.923041125408982310e+00
2.538812455577368787e+00
1.350154806883846925e+00
3.159269038739026758e+00
2.259574157896516056e+00
3.886709112409542755e+00
1.569007329732699407e+00
2.731793454992176962e+00
1.984810656392485884e+00
1.965535462952100465e+00
3.114781418879214225e+00
2.803179152147273978e+00
2.257579505409178289e+00
3.122980519962576640e+00
3.294176996666917656e+00
1.717442126758600196e+00
2.267939927479830420e+00
3.431264586440052167e+00
2.890860541065437328e+00
3.441460530456999845e+00
1.877725383820767480e+00
3.149947124202817417e+00
3.162745475212396684e+00
2.779140269357808446e+00
2.220613349070834186e+00
2.649193472723358589e+00
2.954337963074824547e+00
1.645979042481420906e+00
3.802102394643006367e+00
2.926770134291181158e+00
1.915784726959667950e+00
3.563903139262920128e+00
3.404683871268809892e+00
2.722213459221343612e+00
1.962401389654559347e+00
3.250373674978140226e+00
3.727460669798456916e+00
1.877587702686665194e+00
2.269376839016105318e+00
2.577051530122013379e+00
2.533573808934016292e+00
2.768429939891255298e+00
2.629240469282507764e+00
1.935454270840458513e+00
3.086908487366685883e+00
3.317868373465293619e+00
1.514297626989517420e+00
1.983472522761438483e+00
2.930137314552049954e+00
2.844460644638857172e+00
1.740953249979663608e+00
1.281209416149733604e+00
1.563967220097043587e+00
3.159547123314927042e+00
2.763233437105363066e+00
2.354595017132663948e+00
1.877543999979006895e+00
2.210502570246659193e+00
2.554060469032438441e+00
2.726903342048224488e+00
2.111479812260376399e+00
2.434904418221618627e+00
2.469337142989804779e+00
1.930987174101910897e+00
2.965238839591458397e+00
2.460003351126443860e+00
1.807464549205651361e+00
2.494985466331544721e+00
1.979788217965750219e+00
2.868128315076210910e+00
2.099669062272313980e+00
1.961567961059336396e+00
2.327428484396375730e+00
2.191986870330182580e+00
2.640392550007199191e+00
3.144143289927919582e+00
1.760402863266695928e+00
2.050817439365306694e+00
2.752372506451673750e+00
3.026591797168041165e+00
2.711587754081959734e+00
2.253886137995936956e+00
2.081312445141517475e+00
2.897930305141762641e+00
2.134689206296060515e+00
2.008421159114183840e+00
2.971945926339468524e+00
2.902968719925247409e+00
2.900113061426775829e+00
2.962031103428949042e+00
2.783561870679864825e+00
2.281572265710924530e+00
1.944495117082408742e+00
3.318706703177827677e+00
1.697324458393520752e+00
3.161727686110241908e+00
2.916330532952395860e+00
3.087910978234902792e+00
2.977218502666103106e+00
2.170956077999260714e+00
2.277247049713481353e+00
3.325604119786550239e+00
2.573219687671135514e+00
2.092400625336673148e+00
1.873691178851184747e+00
2.964642102824829095e+00
1.849149109489655274e+00
1.943484331562797429e+00
2.277780063622529383e+00
1.896242407825284859e+00
4.292266282764858332e+00
2.299983026780549444e+00
2.791437089782889291e+00
3.117640972033559610e+00
2.525657241320809820e+00
2.328356599007440408e+00
3.423290509476981214e+00
1.645630486896132672e+00
2.908544646006093970e+00
3.142305398958709972e+00
2.290606353461317468e+00
3.051171929112455494e+00
2.280570949714228135e+00
2.092648959137759057e+00
1.817513683211086084e+00
2.760098839984834740e+00
1.512447542247161936e+00
1.918244288742915415e+00
2.898193659972979841e+00
3.221672859275086953e+00
2.054434240057960714e+00
2.404289031673601862e+00
1.045309754659519808e+00
2.349477937292321794e+00
3.308546169351693766e+00
2.010273141928545115e+00
2.921945292485005563e+00
1.788110683100414322e+00
3.361409665091137366e+00
1.302970251453090977e+00
2.082072205886951188e+00
2.531367049902733868e+00
2.249478500581841622e+00
3.160119456647019209e+00
2.651658454689964639e+00
2.949351375782434115e+00
2.161626990940489268e+00
1.860561666720833118e+00
2.978210308397643225e+00
3.325250880597435899e+00
2.660371776152116396e+00
3.654698454816406539e+00
2.663004980179783932e+00
1.906876790736560690e+00
2.813597752669094731e+00
1.851302633613993276e+00
3.103166994290760261e+00
2.690229417728632111e+00
2.871014408964857267e+00
2.508893140116020604e+00
1.427455716402859398e+00
2.508698880171981394e+00
2.060849563954375352e+00
1.729733542192639861e+00
2.953378770081493965e+00
3.355879130634981777e+00
2.627300899185905259e+00
2.217758260399314452e+00
3.154385419497758303e+00
1.672106183018976289e+00
2.353302570284963036e+00
3.128127127139668673e+00
2.393764135403140703e+00
2.337577738491597668e+00
1.021380339254858161e+00
2.493049885547387490e+00
2.378087241108176375e+00
3.091190352622774640e+00
3.364375641470660039e+00
2.103764837530595067e+00
2.090645779541341120e+00
2.043707558200801966e+00
2.314830372476008868e+00
2.177771211617917757e+00
2.040614256771048574e+00
2.457718896766535543e+00
1.921433891601599386e+00
2.584908539216651757e+00
2.372388754528823807e+00
2.395255295011919028e+00
2.015465303765003213e+00
1.836832502691196023e+00
1.956390928823718900e+00
2.648795307738033511e+00
1.794120351876614672e+00
1.896370309414265432e+00
1.201157107874278429e+00
2.075206105932776435e+00
2.379552888605801719e+00
3.379816114847070008e+00
1.203345359164479822e+00
2.730411472350101398e+00
3.084968876759122125e+00
3.586728322697978921e+00
3.006627237283373777e+00
2.016297121913306789e+00
3.107996556817914424e+00
2.243141116360382270e+00
3.116585453356276680e+00
3.217290339590481718e+00
2.686128551888747218e+00
1.462430594415845553e+00
2.395228773615853513e+00
2.441474236862333669e+00
2.126164161824224852e+00
2.771406354207989420e+00
2.229316119723063316e+00
3.326495247334946281e+00
3.200027763657463886e+00
2.943839124401663732e+00
2.094312961674138496e+00
1.945266807538371889e+00
2.220782248339556730e+00
2.762776114533530780e+00
2.680635947642228789e+00
3.118295606284429144e+00
3.112691075224851112e+00
2.565111557441042578e+00
1.882668555150204925e+00
2.107061729931995586e+00
2.022391687307548924e+00
3.319286228142307671e+00
1.500244053666584199e+00
3.173880799619496429e+00
2.573965473027808759e+00
2.042136889045785608e+00
2.523901038271501918e+00
1.585818355529670320e+00
3.633449213000423228e+00
1.954387126485547244e+00
2.612592532738359452e+00
2.043528560511121306e+00
2.486662211154490265e+00
2.547628905362206542e+00
3.387513728146549497e+00
1.979699025860300443e+00
3.719855933142345084e+00
2.940706456563161542e+00
3.141915047963740548e+00
2.155350689662155261e+00
2.515086133337121055e+00
3.410251932624747351e+00
2.766546811205641276e+00
2.792278489455052970e+00
3.235813690892789918e+00
2.634330137169441421e+00
2.972538217519749004e+00
2.040076669707361123e+00
2.190688028787533437e+00
3.117032172658576350e+00
3.047267664815145327e+00
2.279223957870998074e+00
1.770983125332835417e+00
1.653357227750725800e+00
2.944779325695379590e+00
2.177674771647682750e+00
2.839110831827904136e+00
1.396987700816817002e+00
3.350697943138422730e+00
1.984247474577286008e+00
2.632194778775108990e+00
3.062985862768452527e+00
2.132677380494557351e+00
1.768889339742503619e+00
1.559343278475287642e+00
3.127300596597912818e+00
2.363643131649209916e+00
2.553960593881434704e+00
2.372481210811626884e+00
3.103503386105776585e+00
2.775468398401636172e+00
1.937854595317033635e+00
2.812001992241228709e+00
1.874780903816573696e+00
2.738168844593536377e+00
2.562701962163994374e+00
3.345784576029393609e+00
2.259800786746912760e+00
3.103276934270697840e+00
3.233250576390265696e+00
2.127478010424458610e+00
2.886073842919106625e+00
1.914293647841442958e+00
3.191257045360114564e+00
2.992797426629821178e+00
3.214078412151320396e+00
3.300171902674598368e+00
2.394015448252114986e+00
2.646995123066840705e+00
2.294298537539428029e+00
2.644787168625071239e+00
2.510445780718590925e+00
2.795196758701503637e+00
2.218276997548328744e+00
2.407842133553780073e+00
2.275606947737139674e+00
2.794933135209617614e+00
3.260914824216656793e+00
3.675744125983233968e+00
1.660036682705778865e+00
2.072272535959862161e+00
3.222264682004327696e+00
2.955067935936481760e+00
1.677423839537964811e+00
2.785419599911500566e+00
2.136658086925411926e+00
2.800382542781083117e+00
1.845946572389346008e+00
2.316067170593488989e+00
1.886783296930449882e+00
1.957384597757681366e+00
2.787691997111541475e+00
2.519328069717529761e+00
2.785816068290128289e+00
3.343759001260188768e+00
2.105651345837308064e+00
2.654069519614540518e+00
2.472053521298622325e+00
2.355825889156814235e+00
3.075072721263351738e+00
2.514233684877528407e+00
3.554810222710899748e+00
1.327058851692734187e+00
3.344232015632242039e+00
2.869807338908446415e+00
2.713220874492588752e+00
2.235739853743825112e+00
2.050055698433530083e+00
2.563062235734604233e+00
2.869287885125865856e+00
2.075469506580486900e+00
2.606503956351810203e+00
1.964985965804511681e+00
3.523311729372245349e+00
1.899787400144149485e+00
1.886411379909154196e+00
2.971521194848949499e+00
2.352183638048207293e+00
3.224853257441466781e+00
2.484682742975866443e+00
2.321320718763575375e+00
2.656980604669322954e+00
3.158210215786034780e+00
3.595935455077276188e+00
2.581752306029501565e+00
2.498405936593055099e+00
2.208219398133423272e+00
1.964632402933564226e+00
2.531335910249257637e+00
2.807196428418343714e+00
1.873633800097822100e+00
2.141620658283235112e+00
1.268363282570268646e+00
1.833206004685278279e+00
3.012698393064630942e+00
2.951907293413917444e+00
2.203435458390138546e+00
1.584220271827645465e+00
2.268766712647054096e+00
2.062297816962719299e+00
2.940804294803803565e+00
3.709054204536828436e+00
2.414632897498201203e+00
3.172436335266348273e+00
2.783154237522674102e+00
2.327696834485860844e+00
1.987110307721798197e+00
3.424628232106287307e+00
3.153526566732489211e+00
3.353461150555687720e+00
1.957192659782438282e+00
3.346719417290505927e+00
2.619743413331372395e+00
2.771156697069266261e+00
3.335790834145763384e+00
1.848148550633968101e+00
2.782900362405829497e+00
2.417356691291975945e+00
1.861756274228713259e+00
3.804400135512549408e+00
2.293114504862963976e+00
2.217977103272602779e+00
2.795993703990546919e+00
2.948564518875711027e+00
1.453535584051539598e+00
3.206596498204250079e+00
2.905508650521945402e+00
2.570841566497076069e+00
3.864127345261200830e+00
1.729925863063518809e+00
2.786106095942475047e+00
2.613808995092591125e+00
2.649212490927375541e+00
1.948519514796603680e+00
3.110650636156896187e+00
3.337891368457200247e+00
2.932179946819039706e+00
2.215146122192741540e+00
2.469890796276431821e+00
1.996646551833336058e+00
2.060884593136677712e+00
2.991788745462037102e+00
3.139823008002086802e+00
2.548914691318149295e+00
2.671747416096376782e+00
2.258144829700017286e+00
1.806862079783678077e+00
2.118527254675239391e+00
2.431392765436495740e+00
3.188260229969539505e+00
2.165524533369013405e+00
2.295796710960242404e+00
2.131839142577902635e+00
1.989419345364827674e+00
3.392983498979853962e+00
1.938353201172952067e+00
3.490742403556343909e+00
2.517111248130828649e+00
2.789590337275030585e+00
2.962587169072851356e+00
1.201813000105773188e+00
3.088479071929307818e+00
1.983929540008699144e+00
2.772324437752199611e+00
2.044089165421355769e+00
2.020701000664731239e+00
2.301448615421083588e+00
2.396741263631926078e+00
2.526395008400262210e+00
2.785940790598028460e+00
2.738179828424685436e+00
1.833473880507783260e+00
1.948670906346648746e+00
1.974988696925514819e+00
3.519580041415237392e+00
1.945112375591677489e+00
3.051018539664273277e+00
1.733062618849202874e+00
3.662977561819200645e+00
2.384831137285820635e+00
1.900197804917423516e+00
2.812534090345613969e+00
1.564777559800999196e+00
1.882553947655984494e+00
2.807294934640144124e+00
2.030172499465543012e+00
2.243280909799553857e+00
2.650461760170507830e+00
3.156304814032244721e+00
3.055646747239197492e+00
2.384387433090850550e+00
2.433594039519776597e+00
2.717835215697045115e+00
2.660394448153988733e+00
2.559251752403671087e+00
1.947363288872403286e+00
1.797826565394652354e+00
2.277017052202284564e+00
2.187143344656853561e+00
2.553328720474258517e+00
2.019108899073409624e+00
2.063627256896321871e+00
2.224362819327401652e+00
2.997289709033249760e+00
2.088813721125221345e+00
2.032032072048319371e+00
3.985860811727446329e+00
2.967926421590687536e+00
2.357185160879672559e+00
2.215251608615779411e+00
2.279883986822756281e+00
3.333732098992338244e+00
2.195124205445563526e+00
1.613087654786887093e+00
3.570501066642717714e+00
3.059900973810289582e+00
2.806891811391869052e+00
2.535126324810454967e+00
2.354468900447237889e+00
1.772378219808626643e+00
2.331604198599476874e+00
3.347523255407153897e+00
2.093783351662151571e+00
2.797903107833383363e+00
2.979214328817755941e+00
2.760493520220447028e+00
2.944223985743206651e+00
2.961099015381815747e+00
2.206072271626277281e+00
3.602836167455073291e+00
3.030694303959132974e+00
3.374620663730703463e+00
2.394114717522620506e+00
2.206607013018007102e+00
2.939772032481285269e+00
2.514807965702459125e+00
3.323401166617009572e+00
1.994405274203427725e+00
2.648532987531314831e+00
2.757313788335230775e+00
2.776981284101975422e+00
2.743062140949954042e+00
1.972011177265304172e+00
3.155074587127902674e+00
3.297796367684282082e+00
2.747095645522796836e+00
3.380946490642834146e+00
2.350621002475442811e+00
2.506803484862921483e+00
1.559487666172655773e+00
2.779931494478554921e+00
2.605678419375040633e+00
2.162484556264611779e+00
2.150780696335582665e+00
3.287223794382517550e+00
2.955525554359116125e+00
2.397551991800289883e+00
1.216245974002724495e+00
2.924418348298781112e+00
2.657346757614400090e+00
3.309405157266369191e+00
3.572213582588702696e+00
2.139964064489380480e+00
2.718178669105944856e+00
2.942343459143089923e+00
3.314511068899800073e+00
2.639969772508495627e+00
2.378154399895153315e+00
1.909404952373640052e+00
2.042880321420788459e+00
2.778777927759475741e+00
2.481467894574941990e+00
3.303981784183750658e+00
2.927502813204645005e+00
2.928202190430464480e+00
2.949715401404275905e+00
3.116372859783289151e+00
2.285922192218323268e+00
2.769099408110007765e+00
2.662060200018204092e+00
2.075059869096981036e+00
2.219269334462510290e+00
2.499791662310693496e+00
2.084573324793571825e+00
2.359474538694986467e+00
2.964822760769891818e+00
2.538572146618767178e+00
2.821858351494967554e+00
2.411270342057607596e+00
2.108952978558321423e+00
3.303176817797925491e+00
3.283621642067068080e+00
2.018378550962472762e+00
2.264044859634892770e+00
1.919922346085447096e+00
2.104352395419033517e+00
2.660205699874905072e+00
1.923401701622451609e+00
2.613905252375599897e+00
1.720170812190778165e+00
1.259448377633969107e+00
2.253701165057469424e+00
2.367895937036794685e+00
2.726313504068778926e+00
1.133152428469017092e+00
3.045986733025966675e+00
1.990616144819518984e+00
2.093091225005846656e+00
1.893550063195327482e+00
1.947415500209407568e+00
1.960898688191787809e+00
1.983925250347356117e+00
2.286551612097404984e+00
2.395759663002045681e+00
2.380131675413413639e+00
3.012511631691572322e+00
2.013550731759122581e+00
2.850963183304176418e+00
2.463762999825378497e+00
3.544265102976283277e+00
2.918919897901565363e+00
1.891708997538748660e+00
2.311697038201824927e+00
2.117464264113998684e+00
2.357331679156451365e+00
1.762125848263287775e+00
9.985680065234757707e-01
2.866664324960048749e+00
3.571148638349189497e+00
2.804772828270823748e+00
2.799050789532970374e+00
3.303413335787066973e+00
2.012288995232544675e+00
2.429135155321406003e+00
1.961178231899252333e+00
2.799485634715604299e+00
3.109859234530044425e+00
2.480436916108687218e+00
2.386431432311896028e+00
1.771442055728367437e+00
2.169636057104846305e+00
2.676231015025413829e+00
2.105560048330377576e+00
2.094397893846087655e+00
2.266770089122093434e+00
2.472580575788839052e+00
1.733148749812751577e+00
2.404607930731087251e+00
2.290007374487973202e+00
1.876730714329457594e+00
2.776887503115421207e+00
2.422915657290864999e+00
3.369340838236525304e+00
3.578144969906313477e+00
2.344602607213991163e+00
1.379739719243709084e+00
3.316447516778171511e+00
3.248565610004555904e+00
3.022727910079583413e+00
2.213827060245416867e+00
3.538828615912252396e+00
2.440962234437945799e+00
2.186966467984086115e+00
3.072902236904420548e+00
1.071161149885030861e+00
3.203716328771718747e+00
2.467728924455156125e+00
2.020549957851620615e+00
2.032845230387934965e+00
2.087751843782642336e+00
1.842345355458499645e+00
2.119906375760103767e+00
2.769046716738611025e+00
2.538552068993618960e+00
2.181705424851358099e+00
2.687960693797771139e+00
2.001578285752387387e+00
2.937974486688330167e+00
1.797272136016484056e+00
2.257558667769052008e+00
2.248125837190551035e+00
2.229891387078601461e+00
2.671725538846270176e+00
1.382993833114410043e+00
2.489403984089863187e+00
2.685812629359608295e+00
2.662218721401107047e+00
1.892036901988208619e+00
2.643853198660288673e+00
2.761694586691795017e+00
2.255859942179121003e+00
2.442150251592687837e+00
1.763988054616748791e+00
3.071407081945515039e+00
2.763272281770583039e+00
1.920270139434218981e+00
1.938132832741620515e+00
3.163222497327177418e+00
1.954033852933844573e+00
2.834676769816189434e+00
2.931297609168256990e+00
2.349851777501863026e+00
2.230750139302039248e+00
2.105960327405816734e+00
2.216755275134057346e+00
2.539754777640380379e+00
2.282307720024639774e+00
1.682270190743947014e+00
3.175107928295849646e+00
1.680530567894795935e+00
2.502926835300970154e+00
1.677696241105096409e+00
2.807638567335072111e+00
2.800270476212743276e+00
2.375016803567619572e+00
2.290510533293135254e+00
2.005589007256056266e+00
2.593949212157441231e+00
2.598259653030232208e+00
2.481960659626785581e+00
2.095742021608793859e+00
2.813452992235877304e+00
2.910163534653197548e+00
2.294870249096557124e+00
2.242675488517407167e+00
2.235930212306673326e+00
2.903153903827886850e+00
3.179805595088383008e+00
3.050326443046249558e+00
2.069825307560170025e+00
2.695594533947406113e+00
2.272886418712314782e+00
2.422090966004786683e+00
1.367470879841548692e+00
2.930176659351297452e+00
2.378129707534136550e+00
2.572864442726852996e+00
2.296349151607107952e+00
2.915632972336398954e+00
2.966247510974908241e+00
3.144001020766174381e+00
3.015885271044944638e+00
2.218564243891334886e+00
2.407113999602922050e+00
2.298679722001603309e+00
2.517009525258190994e+00
2.613826037420317050e+00
3.629926559747180814e+00
2.528272452756874511e+00
2.976985543147022462e+00
3.255848315309006757e+00
2.799368969113791739e+00
1.801350047920482922e+00
2.981222703429513565e+00
1.476485936464295268e+00
2.721577567158845579e+00
2.615745800316209291e+00
1.976534944321072018e+00
2.344455235628628120e+00
2.293486232567825578e+00
2.489627790186943912e+00
2.726539601963492654e+00
2.703335197415102531e+00
2.912810698709733526e+00
2.065852872740324475e+00
2.274905700695914135e+00
3.037223140426022816e+00
2.272347039498958665e+00
2.608663863434585117e+00
2.233202309923685291e+00
1.892817277318153524e+00
2.441415966814588945e+00
2.254325753732843829e+00
1.903020697666560901e+00
1.938715191869804899e+00
3.014669372969221772e+00
2.295729847018215697e+00
2.389495845270524388e+00
2.802070409630866177e+00
2.737456918151067953e+00
2.500162851614173842e+00
2.471222902190084891e+00
2.779072949681418159e+00
1.771457663541905703e+00
2.086456019152013397e+00
2.017353898730482431e+00
1.596490783083574172e+00
2.081738555668455337e+00
2.375516204346297844e+00
3.111512503804474861e+00
2.798904710817633923e+00
1.487482287563896000e+00
2.803673945890472030e+00
2.806951739980295013e+00
1.725850469979888446e+00
2.089025687435369871e+00
1.969808919363780886e+00
2.398063890325668801e+00
2.306286167164397494e+00
2.670492083432676189e+00
3.336352247940357785e+00
1.722265690279590755e+00
2.508358825353319776e+00
1.491093866320886141e+00
2.227177088258310178e+00
2.930553165314564001e+00
2.294823818464553078e+00
2.976791463127207216e+00
2.182552966418345175e+00
1.453609115482670022e+00
2.035250085575329937e+00
2.114635647088302317e+00
3.854275773831695062e+00
3.380461473650880677e+00
3.140385079616967445e+00
1.918146918774626952e+00
2.300146454095511661e+00
2.016265044984355104e+00
2.147518702215130304e+00
1.511176373208744206e+00
1.625229728279429464e+00
2.843254012664825137e+00
2.133576019005829050e+00
2.798204061495146888e+00
1.964376678306462232e+00
2.978656074456890845e+00
1.889211607246373825e+00
2.133327955962838640e+00
3.166754147308943779e+00
9.977818026069893431e-01
2.832842153778909022e+00
2.598503642869523400e+00
2.077139954455088144e+00
2.807408763760776971e+00
2.515205347522893486e+00
2.743517136430402292e+00
2.098999264294632905e+00
3.090042146871819106e+00
3.678344916956097777e+00
3.798736678347256035e+00
2.198426933677928297e+00
3.122933623285334637e+00
2.694198208127822181e+00
1.666810509250656436e+00
1.663063817220390428e+00
4.435581902195993464e+00
3.508036114430616248e+00
1.952624611313004577e+00
3.324660093385924942e+00
2.317639057669398817e+00
2.462208813604676472e+00
2.111373858131607051e+00
2.727792701630769034e+00
2.883218526761032852e+00
2.347205970005540543e+00
2.397214786627823724e+00
2.274349061941658423e+00
3.106337713721355254e+00
2.470115598099582588e+00
1.936051103180254085e+00
3.743370018991499126e+00
2.445942664210543072e+00
2.773843442448046481e+00
2.906314402625806537e+00
2.064506956804603721e+00
1.806352511871659683e+00
2.613194526977615340e+00
1.200795147287872178e+00
3.219701751138599466e+00
1.887186158062682306e+00
3.817781407350611111e+00
2.194726820883816210e+00
1.961194507438232426e+00
2.534421202364743664e+00
3.986395269694216204e+00
3.646445515607823928e+00
3.230668385194763292e+00
3.140371663582801620e+00
3.391961137514992952e+00
2.461532811347896477e+00
2.864274157877801930e+00
1.966640124611874763e+00
2.031772058171603224e+00
3.144348183059116675e+00
2.009264921368651979e+00
2.306072979371936338e+00
3.324325565975324359e+00
2.712715937464468041e+00
2.884563018930162759e+00
3.172584851703711628e+00
2.929784334396800194e+00
2.635177326629813077e+00
2.348195663601774008e+00
2.470951254554220267e+00
3.195536965065714163e+00
1.029417870409471858e+00
3.309707753999176383e+00
2.794712278454466237e+00
1.712043535726080590e+00
2.287265538803677778e+00
2.013613834401287050e+00
2.620236572690325616e+00
2.334949690056169036e+00
2.953093153389729331e+00
2.386605458830040938e+00
1.838241359328439017e+00
3.314214079593664319e+00
3.020967496786997941e+00
2.170488895782674899e+00
2.297969073260270001e+00
2.361986106502861116e+00
1.971798277321311854e+00
3.786215050906362567e+00
2.285660478578260602e+00
3.234671014842222636e+00
2.456600922730546976e+00
2.800622562856918574e+00
2.088816645166563735e+00
2.485113369496815938e+00
2.629464805382543791e+00
2.485881444791675499e+00
2.019422723375029705e+00
2.206804809252282951e+00
2.093591163603481409e+00
2.229427334729900956e+00
2.285701205774028466e+00
1.962878499043277492e+00
2.073339288851051787e+00
3.242513986154432981e+00
1.615585007690213848e+00
1.945017009346459824e+00
1.574401616129737835e+00
2.386012868805696296e+00
2.155211118209829468e+00
2.089571486197446148e+00
2.519737114791202881e+00
2.098805180371308143e+00
1.482726332242788381e+00
2.251880846464415331e+00
2.798974663030132870e+00
2.366163376014513986e+00
2.292276144810924787e+00
2.401186749278067190e+00
3.334988488707054444e+00
1.888280378511240087e+00
2.372757841440102489e+00
2.994834216840843499e+00
1.967909912097049796e+00
1.986865816338467816e+00
2.410664917847987532e+00
2.506050051235007015e+00
2.160387884607196884e+00
1.745551220703045026e+00
2.382245955524836312e+00
2.392827607725704464e+00
2.304078443311926350e+00
2.477228544416455236e+00
2.059886433774274828e+00
2.140032401649382354e+00
1.821937625776846259e+00
2.391134621375283764e+00
1.165115156391286044e+00
2.873677804749911857e+00
2.791055696983524292e+00
1.921144533971209212e+00
2.180829432869501705e+00
2.374049700497731230e+00
2.265929888735918052e+00
1.878324434487589123e+00
2.261675152258993293e+00
2.493473765109119888e+00
2.193039556820548075e+00
2.247932769193354829e+00
1.974922846450609448e+00
2.091070543244968771e+00
3.348902461414997589e+00
1.043941391852101441e+00
2.528597035385640623e+00
1.960928244000083476e+00
2.206417899981300668e+00
1.789641634626960132e+00
2.268770321375639387e+00
2.249358627358879925e+00
1.981319263245454598e+00
1.992823009335094930e+00
1.793832247626696130e+00
2.665097465223848605e+00
2.631714598067835365e+00
1.802501598695580576e+00
2.594648482557396107e+00
2.385727338434948663e+00
2.780052262130724205e+00
1.979874541701011514e+00
2.216955743539748003e+00
2.518460137328033976e+00
2.948497729567270742e+00
2.763401729318220479e+00
3.121947434682026401e+00
2.935939112692802500e+00
2.959646100051534834e+00
2.480843170645901985e+00
2.347256259003573930e+00
2.398133681926773342e+00
2.181463976682576522e+00
2.618399244518242686e+00
2.178015448093101991e+00
2.118085287212430501e+00
1.839173486564663174e+00
1.922180749281996226e+00
3.117252410235956450e+00
2.308483285861888223e+00
2.076683113479371290e+00
1.912829867758802482e+00
2.269829984835543435e+00
2.015855389856321178e+00
1.428257575989732908e+00
3.045448361669953918e+00
2.308086635524399188e+00
2.455412745056201551e+00
2.654672911655881595e+00
2.504924427224211048e+00
3.166705634520369017e+00
2.036179263720049981e+00
2.131027168366825375e+00
2.384877478177676480e+00
2.682108895119797776e+00
2.803658990105094340e+00
2.641093683975614947e+00
1.959480768282756635e+00
2.527867273409275750e+00
3.063982090221845755e+00
2.455853423381244127e+00
1.854967472803934925e+00
1.908705899417297625e+00
1.944448762212754866e+00
1.921029997919877275e+00
2.768414798264977605e+00
2.051985919886126997e+00
1.899222375195618984e+00
2.319169515841792872e+00
2.755894560079354072e+00
2.389130172883136893e+00
2.911486437213071543e+00
2.409056794807742818e+00
1.642825568268040826e+00
2.220919351018084242e+00
2.276611496954214608e+00
1.973865435200356844e+00
2.796777654025689674e+00
2.581536827664809408e+00
1.902479899242079497e+00
2.128724520230551143e+00
3.158515181206383193e+00
1.978221663023274957e+00
2.390566558791285434e+00
1.958511959851813922e+00
2.332261316700042109e+00
2.020246990887541561e+00
2.253061087657559636e+00
2.273924284258552309e+00
3.136886075238965788e+00
1.910568947993600331e+00
2.497949299416447388e+00
3.158807574202419310e+00
3.372853395895899720e+00
2.813337245189774016e+00
2.870305390488294250e+00
2.959552024480291976e+00
2.183806369226212851e+00
3.319039532208916565e+00
2.274829075657583299e+00
1.668271280119453248e+00
3.273212787635723320e+00
1.485449278104543636e+00
1.620462991011120124e+00
3.008246330365857979e+00
2.956547712612728862e+00
2.914471128648282061e+00
2.627370317114470222e+00
2.827860340578666420e+00
2.174368189782310612e+00
1.947539744787732285e+00
2.550864612282500943e+00
2.184266543097843183e+00
1.823770536677776111e+00
2.292757604977727848e+00
2.838719647350908204e+00
2.152032561372057007e+00
2.054571511494812874e+00
2.186759581113546069e+00
1.834168424332668579e+00
1.978879207350832337e+00
2.018852988322711095e+00
1.792216332746889629e+00
2.245053771526243303e+00
2.402186096146924577e+00
2.719345122844987639e+00
3.068269366073621551e+00
1.551034663910298761e+00
2.703364691221107119e+00
2.002872775216945733e+00
3.106323373669455101e+00
2.787281325142934918e+00
2.920199995036275809e+00
1.918620402437668959e+00
2.110789003474988323e+00
2.195957517593258856e+00
1.970447306340014526e+00
2.649964740811683761e+00
2.301411497532833472e+00
1.923026086596372197e+00
2.976572914413885496e+00
2.539940029550069145e+00
1.859281462074135582e+00
1.864229234156559167e+00
1.348348785194244615e+00
2.257889101872394555e+00
2.011961792805101901e+00
2.296630667798163383e+00
2.336356043600198440e+00
1.838309912798881340e+00
2.448315012352595854e+00
2.102925714276801639e+00
3.109094065414869767e+00
2.552652971232421741e+00
3.025895026318106584e+00
2.015429085977991530e+00
3.625617104367340637e+00
1.021923454904047457e+00
2.016586487144580886e+00
2.002027432261725082e+00
1.582195763355928042e+00
2.064924227158935643e+00
2.455813535154935501e+00
2.817729359404790301e+00
2.922338236000890266e+00
2.148436982494059677e+00
2.655693808838505809e+00
1.803427550386820899e+00
1.917125132117517339e+00
2.294160078186255891e+00
2.101163585506024223e+00
2.277468836763364646e+00
2.638026404667390690e+00
1.777041057793075307e+00
2.307966422507807369e+00
2.100933615460761850e+00
2.417230181505970688e+00
3.006168327331392387e+00
2.796296785747557134e+00
2.549985357706748168e+00
2.784930255068474914e+00
2.249695103557595388e+00
1.019991743129050388e+00
2.009863808962097043e+00
1.639624401789782304e+00
1.858001127364395710e+00
2.518386478012370144e+00
2.257110251836704773e+00
2.525355637884127979e+00
3.230149305551591965e+00
2.611981302902933955e+00
1.992750486934968812e+00
2.513808426900963067e+00
1.834208164601408342e+00
2.844237510992161599e+00
3.206060825410149029e+00
2.762099965243916877e+00
2.805611940254390646e+00
1.910599214973417670e+00
2.384599366057868597e+00
3.075394400267687178e+00
2.311748473939283066e+00
1.910047960211366691e+00
2.636707810245191741e+00
1.813007035535060485e+00
2.271560395802651122e+00
2.481199070751403557e+00
3.039431667887200206e+00
1.466552532022018740e+00
2.439104959151364937e+00
1.927135511630190479e+00
2.366677981190330016e+00
2.504375550320844912e+00
2.302602969511295949e+00
2.588049911898014699e+00
2.750017444944410805e+00
2.483676528346188572e+00
2.629039370054718106e+00
2.070883751550717022e+00
3.143527925888772945e+00
1.604603204611496414e+00
2.279642855925082312e+00
2.080004326630027656e+00
1.675775491842498521e+00
2.312059530476535674e+00
3.059248836956563355e+00
3.315516905825694582e+00
2.269965335702800235e+00
2.268399444713905311e+00
2.088202393268520307e+00
1.839174409706335167e+00
3.558398764338750908e+00
2.229231299239794684e+00
2.188253958948153777e+00
2.958067599817649551e+00
1.451723491121369447e+00
2.705034885506271358e+00
2.905324796676760357e+00
2.327658395309595729e+00
2.015390319182417400e+00
1.711279614621060929e+00
2.306739325296071730e+00
2.012857218017044758e+00
2.366253399614091091e+00
2.782169804626007270e+00
1.945657708822599030e+00
1.984846787767693188e+00
2.402241772848238810e+00
2.920551775136958295e+00
2.242380886386508454e+00
1.931627261364390558e+00
2.222966392276037872e+00
2.000678403728363364e+00
1.722075436906475465e+00
2.071013101206174767e+00
3.139481072593654609e+00
2.339759078274076476e+00
2.198185466306089797e+00
2.629621647053860034e+00
2.163625546566637858e+00
1.514258963990344764e+00
2.373986225072094669e+00
2.363254188711299442e+00
2.517159970889975895e+00
2.960101182723891000e+00
2.530293730932495766e+00
1.876701338118897278e+00
2.410946064546934942e+00
2.548607648269449300e+00
1.883477891994036479e+00
2.301093053008548495e+00
2.578335337975251829e+00
3.286183706803017746e+00
2.950734499086244078e+00
1.751789672624791683e+00
2.889201383016858582e+00
2.911159274600838565e+00
2.255286691820078460e+00
2.353564193805492533e+00
3.357227898892890749e+00
2.794294685687128244e+00
3.120777863923226203e+00
1.637083091200053797e+00
2.121990334954245494e+00
2.363272669359727463e+00
2.680465732511853272e+00
1.539258446709010242e+00
2.839281226937853564e+00
2.167620733914268349e+00
3.166152768720159827e+00
2.268515800661898396e+00
3.848277927763763095e+00
3.663708902806762424e+00
2.931665436705096273e+00
2.559678627859911959e+00
2.100819775511555410e+00
2.172327795288211405e+00
1.780246739545402690e+00
2.050564456973543059e+00
1.958699729973166770e+00
1.876601092320731690e+00
2.780425438936054761e+00
2.320393979696031561e+00
2.266723209626969826e+00
1.776262300346197032e+00
2.490279276932958474e+00
2.794990206750340711e+00
1.827735503908947345e+00
2.820070721218094434e+00
2.022203076104353681e+00
2.661786940819272029e+00
3.138196482376009122e+00
1.990746121339126873e+00
2.373984481083213804e+00
1.993260294865159654e+00
1.916032701991198683e+00
2.276562552608359269e+00
1.994364412278759824e+00
2.562715542349868425e+00
1.645686505135300015e+00
1.848526315936762199e+00
2.376263724165667224e+00
2.411252762523452553e+00
3.053989300930878503e+00
1.965454254582728710e+00
3.005990103887841158e+00
2.666583927061489945e+00
2.148745959242663428e+00
2.105724187337037367e+00
1.663319120288278441e+00
2.278921613192175677e+00
2.104981866324679096e+00
3.584472039897371509e+00
3.147288170930667928e+00
3.538690052328098634e+00
2.413768252811042903e+00
1.399903352206818496e+00
2.116596618762565107e+00
1.996191679107141903e+00
2.836029554578870293e+00
1.856688860792631957e+00
2.843089237368893407e+00
2.650667202306551395e+00
1.029541499891689638e+00
2.507546020462026348e+00
2.812640263715636912e+00
2.583253046353903404e+00
2.778754555814292981e+00
2.523219143385023955e+00
3.368667117022522639e+00
2.003884279156216586e+00
2.777971311429502155e+00
3.364411409772652739e+00
2.434717807127408040e+00
2.789353001127511167e+00
1.854366245167860416e+00
2.755558438413295175e+00
2.875226741935573482e+00
2.268373399325278594e+00
3.075842914650496862e+00
2.660637627037300668e+00
1.969616095013196233e+00
1.633240195118522475e+00
1.842033161401927854e+00
2.646767153060205047e+00
1.762713735879549271e+00
2.514449365634569222e+00
1.979328391978905310e+00
2.382125063242884977e+00
3.110470331935383470e+00
3.146770115809214285e+00
3.079398474061763036e+00
2.745288444838818176e+00
1.945222113715690204e+00
3.007281935259806360e+00
2.920630344759952646e+00
2.765856964544911811e+00
1.946480249801394224e+00
2.986016430837645785e+00
2.122458681108486900e+00
2.295679051554990746e+00
1.987605612121328580e+00
3.083676951970016678e+00
1.854615218128469190e+00
1.990552313022378117e+00
2.290714704614004393e+00
2.014544391550700198e+00
2.632859443986000247e+00
3.371431602075653622e+00
3.262020026728256195e+00
3.246192243240995090e+00
1.659274585047841866e+00
3.615182131347142835e+00
2.651215528973337676e+00
2.966266671921913733e+00
2.462279369214153579e+00
2.408069216794449741e+00
2.767993149401701380e+00
2.590929212095577139e+00
2.272662211299470769e+00
1.981933989276640329e+00
2.389583599816620829e+00
3.146168756644086795e+00
1.964968987475933515e+00
2.555045932902148209e+00
1.481557267872226857e+00
2.675128354247284790e+00
2.296233457913120724e+00
3.157540777197849646e+00
3.143404643869836423e+00
2.423340757276043256e+00
2.279063117618949974e+00
1.925349347592097748e+00
2.023606117781525437e+00
2.054364318456575411e+00
1.593535537731072038e+00
3.859655027509264702e+00
1.940661709097531995e+00
2.077453862318041633e+00
2.962104137623353672e+00
2.265835486800627852e+00
2.682349376915397432e+00
3.172876438449701464e+00
2.170817748876475495e+00
2.205403531277705831e+00
3.013022443526387040e+00
1.680761994578404694e+00
2.108907303070200800e+00
3.159739018313515668e+00
1.719674466436298843e+00
2.091372100259194511e+00
2.692770781970959870e+00
1.682438843958563579e+00
3.065922942629677017e+00
2.284508362909653201e+00
2.953028026185259947e+00
2.529982686108478429e+00
2.947401670366944781e+00
2.141308995769108936e+00
1.981032325685099238e+00
1.762293632438998392e+00
2.421398992639628656e+00
2.321548755539792008e+00
3.312416078722794310e+00
2.755212636566420237e+00
3.533097920305705575e+00
2.267396834639517245e+00
2.112727996334157865e+00
3.047970563695331148e+00
2.796002617219155439e+00
2.315740482800644706e+00
2.231096790805060071e+00
2.272811734720309396e+00
2.666358201938828998e+00
3.012149021104617130e+00
1.955469918744200397e+00
2.371081050957652092e+00
2.394933481206533710e+00
2.155633708780717583e+00
2.043810953820931253e+00
3.074521770086241279e+00
2.097956736661537036e+00
1.963125442379333396e+00
2.111447317983910388e+00
2.453015039542132847e+00
2.796839741322229234e+00
2.294897375365476222e+00
3.007192690423828640e+00
1.765946115107977166e+00
1.774319715667123321e+00
2.415951943114116762e+00
2.331360909152996541e+00
2.363975456378224482e+00
2.805812015419152150e+00
1.903825806174266333e+00
2.097831981841106863e+00
2.260797107192640709e+00
2.197446008624657665e+00
2.153570046684486261e+00
2.236812956871571778e+00
1.813725221718979430e+00
1.988636079761379793e+00
3.155009413375462479e+00
1.970623580206964043e+00
2.098147355688862348e+00
2.582081316960166184e+00
2.771046464135613174e+00
3.391087457697048002e+00
2.957284011147879976e+00
2.178685675620108064e+00
1.733051402415473952e+00
3.687964619249623599e+00
1.977135201233020334e+00
2.781556273543308588e+00
2.955121099464425694e+00
3.373983641664308752e+00
2.805903870346446283e+00
2.448457327121583926e+00
2.340370091058691315e+00
2.868651778724971013e+00
2.197392436854732622e+00
3.177411028437032936e+00
2.088049278585755619e+00
1.680616633633626567e+00
3.180331564575735737e+00
2.424685367499845423e+00
3.351645026674782812e+00
1.952255576080287991e+00
1.901508821582790887e+00
2.808635728623889438e+00
2.291270599128943264e+00
3.783950719438682775e+00
2.108132433368922420e+00
1.481051531030983970e+00
1.663199472102217191e+00
2.021008508019326300e+00
1.951425207498651782e+00
1.915028220448311780e+00
2.642872204279109738e+00
2.184307705203401007e+00
2.571547771747288991e+00
2.085228159150562810e+00
1.786182777190176152e+00
2.858642454095219776e+00
2.955290179731970390e+00
2.382104790505892744e+00
1.857890550912039362e+00
2.613081661771095465e+00
3.104472865918655344e+00
1.169457159206845009e+00
2.746119067899471133e+00
1.749724487835380593e+00
1.972799515146756555e+00
2.309940821435166658e+00
1.975452587145423156e+00
2.304309949999920892e+00
2.932676884883743451e+00
1.917913646356770085e+00
2.215916173729928218e+00
2.402014851268608808e+00
2.545224110595562195e+00
2.185193490950820383e+00
2.364861201611692998e+00
2.287541951398507578e+00
3.254524534923183499e+00
1.379085094217640917e+00
2.588863383584283362e+00
3.149557635112098186e+00
3.308044656557884267e+00
2.968019556440943951e+00
2.977619796416911768e+00
2.542848967115610037e+00
3.868437433658104663e+00
1.643013663400214153e+00
1.818714818472386474e+00
2.787689904527567819e+00
3.401419601960513184e+00
2.515200056078027213e+00
2.236014541976816261e+00
2.491245282742406530e+00
2.323771514022947571e+00
3.881861309262769399e+00
2.295050095598078155e+00
3.339950578904424816e+00
2.395718986558760477e+00
3.187271741115269119e+00
2.637667433109471826e+00
2.625629025254176074e+00
2.696024421364055623e+00
2.642819832308202610e+00
2.520256208992202929e+00
2.420516398319051632e+00
2.392271383383891337e+00
2.787622953360282541e+00
3.127941049498212500e+00
3.025325803097365984e+00
2.809066494891334642e+00
1.971704222044047494e+00
2.617173455504699486e+00
2.548366493590038306e+00
3.250032934933535955e+00
2.003859805927677318e+00
1.799939076134585036e+00
3.138692906201586474e+00
2.807767212955411651e+00
1.775248414542053732e+00
3.107194222214103352e+00
2.638950513396051800e+00
2.523646488744781813e+00
3.389087398924466754e+00
2.303886449037693129e+00
3.146975683774967614e+00
2.808471191886542151e+00
2.185202044560674128e+00
2.438130642010558180e+00
2.797870101481843452e+00
2.646963923873467905e+00
2.530099921872007496e+00
2.762759632266796217e+00
3.520236161597072311e+00
3.150080037501729269e+00
2.983836865261030091e+00
2.552650693899329859e+00
3.478150786832048702e+00
2.649182659386097427e+00
3.897430869551244292e+00
2.931716118193226972e+00
1.244995318137545270e+00
2.318481717172281797e+00
1.297056148779139884e+00
2.257969457951215730e+00
3.047089961117642076e+00
3.634193349663538353e+00
2.974046328055948596e+00
3.360626272050718732e+00
3.017273613442054359e+00
2.816607842743308332e+00
3.357547343332731415e+00
2.299970178290614342e+00
2.735167949213276994e+00
2.198137212446841460e+00
2.288483607644611340e+00
1.005465533057652516e+00
2.081758697406147274e+00
2.548814284946170794e+00
3.062295934507378359e+00
2.477878778597156995e+00
2.419689568818878200e+00
2.179126745151598321e+00
1.503708449500546829e+00
2.517888950412116245e+00
2.805626829789373389e+00
2.307932900255363240e+00
2.634385750243323443e+00
2.201335344785516845e+00
1.962385483949361742e+00
2.387003087913362354e+00
2.086565162445325861e+00
2.325807287641779464e+00
1.410924581560006663e+00
2.532618457467528561e+00
2.469619235382346289e+00
2.681850736296310878e+00
3.013399094567324354e+00
1.958024302571880426e+00
2.351980286986098179e+00
2.880790051068685909e+00
2.389407393116973477e+00
3.584133068723116100e+00
2.044465318643388319e+00
3.132089634802242895e+00
1.503897503755557974e+00
2.805979208087833410e+00
3.601254677882337329e+00
2.977772130369068293e+00
2.973479613149303091e+00
3.295169189012404853e+00
2.684328778567102614e+00
2.137944025023852390e+00
3.325227730786699976e+00
1.587584370821381041e+00
3.316733893031595493e+00
1.974917415299531909e+00
2.660853803641565651e+00
3.421348527124202565e+00
2.795364906237360003e+00
2.912151519242662800e+00
2.817266636270596702e+00
3.575916736928779205e+00
1.971335625491087873e+00
3.303550688684904646e+00
1.961789758731258271e+00
1.587372073543988016e+00
2.654054563613900797e+00
2.005936064512563455e+00
1.880833193425896610e+00
1.701840949721327600e+00
3.067087336886159310e+00
3.108409331742731041e+00
2.501343295424478086e+00
3.246383588730427316e+00
2.962749871578605365e+00
2.528704420546728393e+00
2.178483580642305739e+00
2.328094784236804937e+00
2.413345096996634354e+00
1.925819197842910224e+00
2.631075880256103172e+00
3.143788146828044638e+00
2.783543340573181535e+00
3.246545176276186773e+00
2.905131953035752890e+00
3.563308022207925863e+00
3.406668659053850412e+00
3.097996503702578952e+00
2.605124307074731860e+00
2.424472704115835153e+00
2.181164691422359692e+00
3.137740067417261081e+00
1.848440832737617612e+00
2.492100279074843883e+00
1.733825577982078814e+00
2.954278455012067539e+00
2.476740181086623860e+00
2.808853210937590994e+00
2.308272082511930723e+00
1.896615265377235460e+00
3.769860280011168907e+00
2.106879098259897720e+00
1.989076805776622159e+00
2.216455619561051638e+00
2.186342962251574207e+00
2.718829347086431536e+00
2.985964039257076319e+00
1.428696228724959827e+00
2.571664752740419502e+00
3.273573683943057588e+00
2.697331390429894782e+00
2.301892398225252823e+00
1.563775753263621837e+00
2.378906163174655308e+00
2.498205429305937475e+00
1.995879074621338178e+00
3.129102649910851408e+00
2.985822585314731104e+00
2.877397395951676096e+00
3.559054689629733925e+00
2.077070866827329443e+00
2.094850656679577039e+00
2.653504395825363016e+00
1.980833306262095084e+00
2.373988894031376695e+00
1.967283509844882650e+00
2.666628955341864948e+00
2.793630471144196825e+00
3.622043449096365109e+00
3.357868425430204695e+00
2.876229350894764281e+00
1.954106538896039469e+00
2.391965065571731941e+00
2.302089571112686972e+00
1.966078244755995463e+00
2.428252534011853925e+00
2.224437342410912066e+00
2.857279703377943125e+00
2.832936001203354870e+00
2.070399706881301150e+00
2.692436282977153095e+00
1.455909330148810410e+00
2.716504133517492203e+00
1.811577889064244440e+00
3.112649714234133391e+00
2.331828498536832051e+00
3.369132157648151882e+00
2.502415300288586053e+00
2.254873803476910687e+00
3.234348408644367900e+00
3.122761914454518895e+00
1.619337890517811962e+00
1.959806635863868607e+00
2.951840557952791322e+00
3.330026646776805599e+00
2.134416662107473162e+00
3.161584339224718043e+00
2.266571536496253092e+00
2.543820537891314348e+00
2.363264518170110406e+00
1.847083703670216126e+00
1.850165628251892791e+00
1.993680992031932053e+00
2.978621180931049217e+00
1.979751713708999938e+00
2.395980452559059337e+00
1.524577658825170268e+00
2.096045504821511862e+00
2.445293341450903046e+00
2.019389988999227281e+00
1.992434389531641203e+00
1.378022171740779900e+00
2.314004304580301596e+00
1.847612068450943834e+00
1.999010141003292329e+00
2.649338736992033372e+00
2.716676361030991860e+00
3.151084725555322930e+00
2.782289115159801707e+00
1.985628650572634601e+00
1.992107767631134285e+00
2.243109584558642400e+00
2.146262922258499906e+00
1.887546758569811356e+00
1.883215969301584636e+00
1.319691821804426235e+00
2.167838850891762981e+00
2.296072423094328574e+00
2.019740466942600232e+00
2.446579308498483929e+00
2.288641045321664791e+00
2.336381891407663058e+00
1.380884577990424411e+00
2.301736905980356074e+00
1.880750398465628637e+00
2.776855391580102417e+00
2.358659515988228428e+00
2.238635650297149837e+00
2.684206274436871098e+00
2.386125476308294413e+00
2.619928200087187520e+00
2.285874294201859946e+00
2.314274708897357424e+00
2.793503493614957645e+00
2.641231179192970124e+00
2.176585034439080246e+00
2.336004769353920096e+00
2.775901621812314701e+00
2.799113641756097337e+00
1.930329299586986513e+00
2.028905275080479687e+00
2.638775239780840831e+00
2.620309284429521046e+00
1.978567518511714640e+00
2.514693091115724144e+00
2.192557699245948566e+00
1.791170696116503702e+00
1.706303848387725308e+00
2.625404891653101647e+00
2.581437008943968436e+00
2.871740410289123524e+00
3.170655557008575709e+00
3.257048749801747523e+00
2.274944161307284496e+00
2.782355489289030537e+00
2.961257403448441572e+00
2.068043195288874703e+00
1.494926237126593893e+00
1.853716006324994225e+00
1.818048762729186585e+00
1.837278136960196928e+00
2.229849010955642363e+00
2.727586263621606832e+00
2.966684510655304585e+00
2.088360824912903979e+00
2.116226345446405421e+00
2.433591336008387618e+00
2.024005713832698117e+00
3.372152603181838515e+00
1.840480637593388424e+00
1.808827480424742173e+00
1.961045956545992119e+00
2.070896815675631775e+00
2.581043784962131493e+00
2.821286969260103472e+00
2.630719180844635741e+00
2.532037974287600690e+00
2.088091576180287401e+00
2.672132836057471650e+00
2.203054881860769143e+00
3.158937292521550422e+00
3.260707380858986149e+00
2.503411309303350318e+00
2.427278460261272031e+00
1.767646242249633959e+00
3.134747708080779294e+00
1.805637673016429412e+00
2.529723655437883245e+00
1.445826397746460268e+00
2.954357733000212871e+00
1.972536709557429102e+00
2.357067475072900820e+00
2.795862202966868271e+00
2.283771858441361324e+00
1.975183108730010018e+00
2.170738784265954457e+00
2.587585553193556542e+00
2.492515547933692677e+00
2.053432347388036483e+00
2.800533786468712982e+00
2.965992053184844046e+00
2.798358644366912618e+00
2.399218070220071386e+00
2.661944589176998832e+00
2.421262873211165179e+00
2.089701803134235814e+00
2.275816372574745561e+00
2.489747691323955348e+00
3.275390719573914033e+00
2.015490202165545863e+00
2.940737697926218530e+00
1.493868997983878399e+00
1.887078726471824064e+00
2.337102550424818848e+00
1.823556044428167766e+00
2.366194218090444501e+00
3.069618922507266756e+00
3.152378674236066658e+00
2.654073620344763906e+00
2.269127373189735231e+00
2.307523374515680015e+00
3.243315810292872747e+00
1.539661943439531777e+00
2.403484954661938566e+00
2.374293883112263082e+00
3.013245046710118391e+00
2.214601441041245344e+00
1.350350506740243928e+00
2.451467333580192864e+00
3.379888903573988301e+00
3.076600743744902555e+00
2.303878291382308596e+00
1.919336773225233106e+00
1.878340317632698264e+00
2.387515581880920834e+00
2.485891931821179401e+00
2.011927729028740064e+00
1.948724877029309521e+00
1.691575278369880531e+00
1.961164630272420384e+00
2.601458064111493496e+00
2.968574877997483874e+00
1.725748400386242221e+00
2.198694162626837034e+00
1.998045517638731949e+00
1.671627966839400514e+00
2.197225205698263295e+00
1.956191427867207011e+00
1.882803647250620660e+00
2.343750335070476254e+00
3.290118049746123319e+00
2.413618498027309656e+00
2.662853407652804982e+00
2.194250367497875498e+00
1.317698722926415433e+00
3.369496897737684016e+00
3.031210708579008095e+00
2.285449661791866038e+00
2.796042402660293469e+00
3.200529723058027631e+00
3.145783808615890020e+00
3.323909080349677136e+00
3.115191100274885994e+00
2.498155428055600424e+00
2.036531909919502059e+00
2.390525492455517487e+00
2.015856498548528553e+00
2.793320812145574816e+00
2.468074830196758107e+00
2.845066723623269844e+00
2.937952550434309806e+00
3.454959103956237954e+00
3.176295333228026596e+00
2.491108144675068470e+00
3.243877858305351136e+00
3.928814976316407748e+00
2.483944532755152146e+00
3.330526916468148801e+00
2.401519178222850659e+00
1.955927026086297094e+00
3.138532771560660795e+00
2.359344921996813671e+00
2.570477504810250391e+00
1.556218751264315969e+00
3.873665441526944253e+00
2.411566728510027957e+00
2.493567927691475727e+00
1.909780402518401088e+00
1.874539816376807000e+00
2.533223837361280317e+00
2.784798471481006565e+00
2.803285058835756960e+00
1.842489402824313949e+00
2.169692939275631005e+00
3.143399438545614988e+00
1.964640030503293611e+00
2.352426794400407584e+00
2.032546413034268973e+00
1.964163299403599572e+00
3.155846714182284352e+00
3.133634605551812946e+00
2.279286456253944770e+00
2.469353855320096436e+00
1.998465186459499998e+00
3.114595262931789676e+00
2.947715973382654120e+00
3.082426521879864101e+00
2.295843543158374356e+00
2.228311046563788977e+00
1.519514538391532055e+00
2.172955617985388610e+00
3.667406699932781677e+00
2.252554062469234175e+00
3.317134720910680290e+00
3.153852299898827649e+00
1.654061398057035115e+00
2.974428854919465515e+00
2.399370922806762785e+00
3.220225140916916029e+00
3.566051902661471207e+00
2.941767460592024541e+00
3.147399238787911724e+00
2.501196100668889866e+00
2.782099363563536265e+00
2.180551524519136919e+00
2.773192744891523454e+00
1.968264124259126557e+00
1.386450275001177346e+00
2.624492527023706501e+00
2.944809642996715660e+00
2.916335364178726408e+00
2.902717822371280842e+00
3.149989831887359593e+00
4.193693272017967821e+00
2.923144432621123112e+00
2.675029392559007402e+00
2.695863243332152770e+00
3.749320413277145381e+00
2.213481761783052892e+00
3.346247759897349905e+00
1.347535921066070230e+00
2.673337598182397024e+00
2.930666461262986910e+00
2.395774590220424827e+00
2.407965881445683465e+00
2.918833781986671649e+00
1.721692852355120484e+00
2.426911779487752607e+00
2.188468507511931449e+00
2.628501729635241091e+00
2.539759249442352651e+00
2.080473652368806992e+00
1.561161079749896929e+00
2.080787295137500159e+00
2.165939385169710629e+00
2.777798466793049315e+00
3.721153668230414713e+00
1.357318660227271101e+00
2.828152429356416420e+00
3.481651704774306300e+00
2.308928266616447456e+00
1.536765371549573489e+00
2.968856632766888382e+00
2.522320989401858338e+00
2.960777385599049794e+00
2.192729505740810492e+00
2.549524930958796176e+00
2.990553594552563865e+00
2.943551030580727534e+00
2.638110898595313891e+00
1.597469019111393607e+00
2.314578149709719757e+00
3.185070269775110319e+00
1.979050740151513166e+00
2.664188535666586422e+00
2.544269983914482669e+00
2.312943706323089987e+00
2.129407052264256972e+00
1.457450870060931436e+00
2.804503093076044173e+00
2.790757626305908179e+00
2.286915990112806885e+00
2.651121197818544495e+00
3.401732388062951085e+00
2.386466763601343022e+00
3.359183729375009975e+00
2.253246668648560824e+00
2.086782087981847944e+00
2.881998907289331502e+00
2.785663039681004705e+00
2.972325815864660381e+00
3.365790970119847625e+00
2.789095207435079882e+00
1.335138298611733942e+00
1.963553758186752818e+00
2.828510562698397734e+00
3.241068792861461212e+00
2.794470213056264196e+00
2.210766844491553140e+00
1.832711625569770186e+00
3.811504666774359951e+00
2.006591805709664111e+00
2.924122129282879623e+00
1.876767648268067745e+00
2.505474625949417167e+00
1.963716635920325082e+00
1.811842991734335273e+00
1.600993289415334253e+00
1.883258359545344041e+00
2.510816804559009352e+00
2.887455839516007927e+00
1.270722005747922045e+00
2.645725530364759770e+00
1.985388534748540490e+00
2.516270282594045948e+00
3.696145455721993489e+00
3.109079005716896216e+00
3.144600158858191108e+00
2.668778435471736543e+00
3.133642131645016704e+00
2.529767854057349830e+00
2.278297079567432437e+00
2.392817358571598607e+00
2.585527932880075763e+00
3.173203757897486987e+00
2.422935223759332235e+00
2.247889357479681660e+00
2.535476912791255977e+00
3.587390752954174644e+00
2.691374647997947012e+00
1.801342447952408055e+00
2.675652538907204558e+00
3.204318882894627851e+00
1.984886243453548138e+00
2.516033852025176820e+00
1.898196219133179596e+00
2.067547780235375221e+00
2.693225459955078893e+00
3.598512002444101743e+00
3.374873615984016251e+00
2.522990449432517046e+00
2.587650258893131383e+00
2.825954639119804046e+00
3.160372223396302083e+00
2.606719403141265712e+00
2.274397038359545320e+00
2.496202436620448495e+00
3.177908517504884234e+00
2.164919526803804839e+00
2.930462577843280236e+00
1.000839922935094162e+00
1.837709780574106055e+00
2.565622414189032696e+00
2.631556755511804457e+00
3.750175025663920803e+00
2.748158329537026212e+00
2.792534157186858490e+00
3.383456457000554973e+00
1.462838906702689457e+00
2.001221498040730573e+00
1.983073290289727231e+00
2.374037416233790942e+00
2.300846487467105295e+00
3.556513480799489368e+00
2.373150900024217691e+00
3.145176724222010112e+00
3.480753064960482313e+00
3.923673798170339566e+00
1.988091454012166137e+00
2.372736962063890065e+00
1.933558784128333929e+00
2.953309964070473193e+00
2.121590183526352202e+00
2.481651764611392696e+00
1.298198004457727706e+00
2.513390932784174581e+00
2.410102219127979062e+00
2.568468956398659131e+00
2.182743229646730398e+00
3.113346008424294986e+00
2.543205489151209697e+00
1.390559470477345627e+00
3.001464340882646464e+00
2.281337081749818640e+00
2.352484641977589774e+00
2.529793813282715575e+00
2.034124610232964869e+00
2.411366921624710891e+00
2.636858898681632368e+00
2.530572245780013940e+00
2.453194019745086329e+00
2.657561383941462019e+00
2.512399951072502802e+00
2.032916195842299434e+00
1.870887565517735052e+00
2.640164794385021274e+00
2.473867968386735505e+00
2.658829901824838693e+00
2.237622246769296552e+00
2.090424326250884146e+00
1.898577879119280665e+00
1.835010782602915391e+00
2.244846882132472299e+00
2.621560286184073885e+00
2.923225942940194777e+00
1.737064650476286332e+00
2.368004138244675261e+00
2.495694278936342769e+00
2.534237991789236588e+00
1.602885918138979404e+00
2.273812425782701041e+00
2.440618558300983398e+00
2.568572926112458799e+00
3.164460217377735862e+00
2.495906050673634802e+00
3.098890528293450242e+00
3.160943044072436425e+00
1.818433838936729829e+00
2.368071752410809250e+00
2.192006585491180548e+00
2.176540861897307444e+00
2.697017151920476419e+00
3.346274539034575390e+00
2.499901112532183500e+00
2.959895323028312042e+00
2.521408181234831680e+00
2.512727810171359266e+00
1.988380919255732016e+00
3.018883407869926039e+00
2.498322810007425065e+00
2.617990444988704368e+00
2.141030442439666892e+00
2.523406065852280999e+00
2.358223363654433413e+00
2.207668753224086622e+00
2.968749283275373685e+00
2.661250062706693953e+00
2.815705939267715507e+00
1.845838951760429447e+00
3.756066247772999134e+00
2.116512134067050077e+00
2.064698971977303454e+00
1.824102874109882588e+00
2.104816441791083736e+00
3.646993663745536463e+00
2.970375615461293251e+00
1.780394347440590996e+00
2.716805938558418898e+00
3.329155968531692711e+00
1.870977596360856587e+00
2.292287298400688567e+00
1.958457864980340579e+00
2.712143237793918082e+00
2.555858335835033301e+00
1.756092461816225025e+00
2.062749398346929830e+00
2.712438355031714377e+00
3.208794175539189109e+00
2.972371392807568569e+00
2.383458379110175329e+00
1.397440746077516005e+00
1.383569568171387543e+00
2.920270420892519869e+00
3.327621460374393880e+00
2.686856046074719284e+00
2.591978335445623838e+00
2.483509740206334637e+00
3.575321798934861128e+00
1.848563606701060680e+00
3.371818350664839592e+00
2.934585083704177588e+00
1.741902493751386283e+00
2.309420937599927726e+00
3.830038331228682313e+00
2.168926513883991714e+00
2.647151369182341174e+00
1.978487455338922452e+00
3.124563533855185149e+00
2.416691860164771111e+00
2.228856238061325712e+00
2.203191784634471961e+00
2.786997163722307214e+00
2.965871512349586681e+00
2.646242671196750607e+00
2.423556606564139848e+00
2.516375596833470674e+00
1.956824312002610089e+00
2.798512975570655037e+00
1.803264002499082475e+00
3.529000300412285185e+00
2.332136496245496016e+00
2.276208287256308971e+00
2.265493333038651524e+00
1.959191351111474022e+00
2.302649960160711551e+00
2.208814254455663484e+00
2.309806208674706873e+00
1.997501574998001184e+00
2.739976544926129964e+00
3.695043583821540523e+00
1.855554603634425703e+00
3.538316184758728777e+00
3.119641477212706349e+00
2.383957825593495006e+00
2.660116705929538305e+00
2.083451475336723480e+00
3.121578150931471285e+00
2.417109425070929074e+00
2.955200282372662635e+00
3.167608219420636306e+00
1.893179526128594636e+00
2.302661965455481408e+00
2.478106935344225104e+00
3.299339911241147227e+00
1.972649634623047765e+00
1.935067715099217711e+00
3.370004817131554642e+00
2.793863027234050556e+00
3.236782678094727750e+00
2.518103087985672062e+00
2.285910629285976103e+00
3.165421383524059884e+00
1.835403631965805360e+00
2.523547546513325024e+00
2.128037514692102228e+00
2.044573659503756691e+00
2.959054205830772943e+00
3.357091466942488278e+00
1.971109363673876347e+00
3.943203122127659555e+00
1.129139469675907170e+00
2.387722302149530407e+00
3.351054048298818255e+00
3.294939090196701059e+00
2.525303798925229604e+00
2.286100776128158429e+00
1.845575213443605422e+00
3.174852711329398947e+00
2.696130541505124878e+00
1.592560749712640833e+00
2.201076379634657521e+00
2.628366935652512115e+00
1.649495139717481740e+00
3.165010032738955648e+00
3.385135903197965757e+00
2.250289024328814058e+00
2.515163829723745081e+00
2.982453769938355759e+00
1.838448697263345810e+00
2.736351609976758414e+00
1.567813656377613052e+00
3.355204277264017598e+00
2.651235335522592163e+00
1.567305433624002653e+00
2.080684190781501464e+00
2.488310333550102005e+00
2.061916663647605397e+00
2.802431202153864209e+00
3.519122415358679756e+00
4.137392311937024836e+00
2.281121156560947938e+00
2.018230781736252588e+00
2.656618783749288504e+00
2.633596243617292387e+00
3.521090636663871010e+00
2.293478155689895992e+00
2.880098875295641125e+00
2.980628591066500466e+00
2.484903969449706818e+00
1.823092994721679849e+00
3.575508652501045326e+00
3.096452068446236439e+00
2.839454090142953913e+00
2.629192315519263357e+00
2.665262936852519360e+00
2.491475856229672825e+00
2.904437974775840647e+00
2.639019010103112794e+00
2.765347291498088556e+00
2.596185907178578223e+00
1.888548613370029550e+00
3.108749260992267782e+00
1.263487076523650110e+00
2.937494155428399534e+00
2.003571495312847617e+00
2.283776693815325665e+00
1.729607913417858356e+00
2.385964176728101904e+00
2.282914148683860667e+00
1.999452246489183738e+00
3.058169166000460404e+00
2.695281593333215042e+00
2.432261308278419687e+00
2.051725530100610762e+00
2.508686148972679053e+00
2.650852548491695160e+00
3.533783715746270371e+00
2.470009426687639564e+00
2.640042279027370764e+00
4.025633547688889813e+00
2.058151537675898535e+00
2.411992916418569166e+00
3.316497437333861154e+00
2.351903824696456091e+00
2.357585279265849820e+00
2.898901413182275011e+00
2.510833914281956236e+00
3.729803070998718439e+00
1.880085650531771346e+00
1.854455508214619242e+00
3.119911152413207489e+00
3.145896938388009101e+00
3.522041051905494324e+00
2.803536372932358578e+00
1.342715433002384939e+00
3.043827034106591611e+00
2.921491035328415808e+00
2.868906670691834915e+00
2.081048396255135824e+00
2.079243113701907397e+00
2.696318560003368781e+00
2.489169679666107360e+00
3.320864325038778819e+00
2.380621086593587066e+00
1.663848801558937662e+00
2.244646699321830141e+00
2.240405823183792222e+00
3.514200036892038526e+00
2.962957376406048393e+00
3.279834084247033488e+00
3.153639197278952366e+00
2.802497283342334722e+00
2.259962800022029761e+00
2.819304634215879179e+00
3.258483154789394654e+00
1.693351118751937223e+00
2.819436779121981207e+00
2.468110506288112127e+00
2.242623281501053167e+00
2.761781477420435671e+00
1.688169316072909654e+00
2.308334439490724144e+00
3.302107142935895023e+00
1.849151341439137175e+00
2.341494233586434159e+00
4.443814733964341457e+00
1.526653501404114710e+00
3.570157687231258148e+00
1.923239066266225539e+00
2.625294043918899423e+00
2.527231202811991206e+00
1.995560031292754166e+00
2.795078471457218328e+00
2.694825760899707490e+00
2.648441972758059038e+00
1.946002191089008626e+00
1.587677991577738368e+00
2.070757771984787166e+00
2.517648234463664814e+00
2.635879702680621328e+00
3.121773887117815782e+00
2.416242820770462707e+00
1.871105903240456669e+00
1.978161268929865768e+00
2.274987590218654265e+00
2.504848855505853678e+00
2.624773602732127120e+00
2.550842467617667531e+00
2.625388222099067193e+00
2.514618305122346964e+00
2.655902333268273630e+00
1.956859489723565160e+00
3.401571119266515897e+00
2.818873818400409625e+00
2.908596679566964216e+00
2.602007343573772502e+00
2.401936659756340742e+00
1.959852180671904698e+00
2.627256345784484637e+00
1.520769440522249161e+00
3.107327866460908972e+00
2.830144356033108544e+00
3.142050642956052631e+00
3.080475416194178528e+00
1.733303473056827748e+00
2.270424139516764583e+00
2.374402386001821963e+00
2.722569931169373625e+00
2.487402006979531066e+00
1.825535705411694298e+00
2.506840153202855692e+00
3.169712052503078414e+00
2.563275212188620422e+00
3.244329277248410470e+00
2.260018614774203627e+00
3.600847139636394800e+00
3.440697648351544125e+00
2.779667874102977887e+00
1.821624339733765252e+00
3.177037923076371229e+00
2.410295335492010249e+00
3.162532141153317156e+00
2.166737192946963653e+00
2.202752299021147664e+00
2.408314081071416091e+00
1.837224253110832484e+00
1.689850086730827927e+00
3.479408720978288905e+00
3.736966779810127370e+00
1.155772839448256262e+00
1.961305867864816532e+00
2.086202784375848385e+00
3.005719753254440185e+00
2.154349179573633588e+00
1.776322406108326479e+00
1.836854934005947459e+00
2.936959379455790664e+00
3.025298041532193949e+00
2.390912930738029019e+00
2.130134347281636309e+00
1.657805010435960513e+00
1.837252278330273603e+00
2.105413259361019751e+00
3.163458902855820654e+00
2.292501913315929229e+00
2.672516688501051618e+00
2.286225290505269125e+00
1.597721248036187092e+00
2.189038647896758061e+00
2.890440812601289267e+00
2.402528319734957840e+00
3.653166106596447360e+00
2.583420600512901899e+00
2.784929907752592193e+00
2.952897041364828112e+00
1.290920151238305946e+00
3.796339139190098688e+00
1.832043248538780089e+00
2.818809569046282881e+00
1.889548107523090659e+00
2.111307670891309662e+00
1.503773261784593585e+00
2.823649286427190042e+00
2.412311202614230154e+00
1.974391471105960028e+00
3.596792033931910382e+00
9.898558012181127852e-01
2.802593470064876247e+00
1.950248471126065475e+00
2.639452148271890675e+00
1.972815997832858770e+00
2.435677756029581253e+00
2.233425561507583090e+00
3.190349197838386885e+00
3.231595911721270475e+00
1.960955930117698198e+00
2.011170113726062691e+00
3.192166914897932806e+00
3.325255570677708494e+00
2.406786108925194512e+00
2.393587955619485896e+00
2.223369835353171897e+00
2.525257095210216018e+00
1.888327596948182974e+00
3.431396586228866230e+00
2.360967901525039991e+00
3.905052245167667468e+00
2.704250383323166140e+00
1.829931680187191212e+00
1.887971803411313321e+00
1.760114056237877644e+00
2.964073270243451574e+00
3.322199701552435602e+00
1.904083715664297349e+00
2.812372772818969580e+00
2.533686701157896515e+00
1.683251959040371171e+00
1.942170217741310934e+00
1.810713242857276528e+00
2.469872643938036738e+00
2.469231351023708942e+00
2.945460997108928503e+00
2.964427424382300114e+00
1.962284990674402874e+00
1.878811974209650959e+00
2.977943098101027086e+00
1.886731902663081994e+00
2.614198911811261627e+00
3.003585433049540843e+00
2.145627347905375792e+00
2.157951226134139588e+00
2.987291866986073963e+00
2.513312879717383375e+00
2.592413364472829329e+00
3.133892991228493408e+00
3.349953540253176598e+00
2.330695579437850551e+00
1.845052197115344628e+00
2.490829021424213696e+00
3.558987091132160607e+00
2.043926574781432581e+00
2.965599599698091282e+00
2.297662543871782592e+00
2.275406756352146065e+00
1.489936572035928108e+00
2.269753338338846849e+00
2.675101388054530460e+00
2.444239962383025322e+00
2.676060533649455841e+00
1.537202749843224803e+00
2.795455209418038933e+00
2.221773180017854621e+00
1.763884423532963819e+00
2.816161994668016533e+00
1.932556807996895110e+00
2.603128906453445524e+00
2.849174490095808920e+00
2.683291663875224220e+00
2.574423581980516573e+00
1.597185583675612808e+00
3.848542082199854164e+00
2.185129797131895035e+00
3.515179417473880186e+00
3.186768707145012591e+00
2.869487435783753426e+00
3.119297654966695976e+00
1.921156863370485413e+00
1.946397030530896188e+00
1.923005601650545238e+00
3.641284296542330878e+00
2.178086432475854650e+00
1.957212681115849229e+00
3.066455645344417835e+00
2.299955515613636869e+00
1.702164561160088185e+00
2.331936137911688967e+00
2.797070119997766113e+00
3.336392503518969210e+00
1.605465021164676154e+00
2.058965534763462557e+00
3.176112410257434959e+00
2.358599006718224089e+00
3.423168566046296046e+00
2.767053684579438677e+00
1.960464807525415187e+00
3.143822790077960061e+00
2.381982829115318445e+00
2.720159753243858614e+00
3.106316514277945640e+00
2.877973281725993537e+00
3.144353434612759735e+00
3.138389239957959376e+00
3.155166044954628379e+00
2.185452496157747060e+00
2.248322047920419120e+00
2.659636188272523238e+00
1.646630086798424708e+00
2.936385860530036584e+00
2.406385921851509124e+00
2.198863358575692040e+00
2.122651140858543783e+00
1.022780255636617452e+00
2.296545148438206230e+00
2.801002323538788641e+00
3.856406851849934814e+00
3.468123726702819543e+00
1.960392340945954714e+00
2.328122136719353197e+00
2.658748337301818587e+00
3.111195226201755037e+00
2.335884435943832660e+00
2.465227186100195755e+00
2.068608266064261070e+00
2.176866708443329301e+00
2.018989324773495575e+00
2.421893713553282534e+00
2.930137551656219586e+00
3.050015110051897516e+00
2.205738560072266985e+00
1.906697435217360681e+00
2.512302326663933716e+00
1.763623628283344402e+00
2.296263106783574592e+00
2.547788645547678144e+00
2.525103175929359622e+00
3.370311919869220851e+00
3.035192078240778635e+00
3.417868080951611987e+00
3.148836263864518870e+00
3.263271792494665924e+00
2.044242319060376012e+00
3.149374671423098349e+00
2.491296038496864540e+00
3.543617823707620129e+00
3.147995788846337462e+00
2.423143410486847227e+00
2.279280261115109951e+00
3.338622127273599638e+00
1.809042508893975443e+00
2.251281424274500509e+00
3.165424078107986539e+00
3.387659846819991216e+00
2.438893792592379484e+00
3.334849984268847933e+00
2.997471557660567498e+00
2.105368500454220637e+00
1.064745454199291563e+00
2.016404337650132828e+00
2.902915974526136367e+00
2.660059064847460242e+00
2.517607664592268257e+00
3.527624963573620764e+00
2.623459944813775646e+00
3.561768064019931845e+00
2.091024250704489607e+00
1.771606597438243558e+00
2.029915404616224883e+00
2.646220406369800937e+00
2.231945984653163517e+00
1.750599216200669161e+00
1.459579889992754564e+00
2.682416795146630673e+00
1.784767811023659778e+00
1.750967024579748399e+00
2.651633962011124890e+00
1.992771283596483478e+00
2.694440402887559483e+00
1.525807650915014690e+00
1.473763720347216477e+00
1.725922650867300456e+00
2.959742514656305445e+00
2.634423136589586711e+00
3.468947266268302965e+00
2.942716669948170605e+00
3.514796012975590855e+00
2.973644220660923043e+00
2.335490628061141383e+00
2.222867582085873650e+00
1.256698449149632468e+00
2.481091875063917485e+00
1.573600133094612108e+00
2.518410050615646600e+00
2.935708311446576957e+00
1.068711083755907509e+00
3.339138527322800254e+00
2.182922585163146412e+00
2.079771791164592543e+00
2.504010633738566582e+00
2.959634341853437878e+00
1.955220171319799638e+00
2.815906255878600106e+00
1.498964081247857516e+00
2.371750188407833360e+00
1.677641529133874432e+00
2.656700739531468347e+00
2.080296647343546912e+00
2.107454025673678011e+00
1.921710112302430717e+00
3.183563589796961857e+00
3.148934056240031421e+00
2.234393313068847586e+00
2.739601838860212357e+00
1.685598314708479872e+00
3.519124273981023343e+00
1.754439091065628897e+00
1.414954588266813751e+00
1.636738172439717642e+00
2.149219203878820927e+00
2.180920288457681711e+00
3.389682911027206647e+00
2.950438040706216736e+00
2.182412845234879217e+00
2.190307721129301388e+00
3.335017128158170863e+00
2.655507033178736709e+00
2.589325885960398477e+00
2.119161017003271752e+00
1.938271237255383861e+00
2.277789295660291646e+00
3.173989451022158459e+00
2.983437584152309974e+00
3.237628636171096197e+00
1.974585043781900584e+00
2.937609307542679016e+00
2.689638249957668759e+00
2.703277100383054687e+00
3.315185448841468929e+00
2.513864492490010427e+00
3.542115204734727296e+00
3.590153018172137944e+00
2.300348816406052599e+00
3.151884159084662684e+00
2.352194901091155366e+00
1.879167018632162511e+00
2.798002641844423266e+00
2.342618522736457543e+00
2.870387936491470171e+00
2.094273744234487200e+00
3.059607134674620532e+00
2.539541064448993524e+00
2.761090418933970447e+00
2.509641970020610291e+00
1.984621454423592724e+00
1.888993865205017553e+00
3.019008053764510091e+00
1.683486255610292748e+00
1.952546749234582268e+00
3.662100837833372591e+00
2.420823365021293583e+00
2.282252180822493148e+00
2.327384121995924815e+00
2.303640856362608957e+00
2.582553884057015914e+00
3.363226927612229300e+00
2.239722982935528517e+00
3.880365069951088763e+00
1.919060457953235765e+00
2.650063199407962866e+00
2.384380772813174953e+00
2.776340381046785044e+00
2.060264479108093294e+00
2.816471307003545199e+00
3.056055673795412098e+00
2.517310809516181802e+00
2.355351348593970773e+00
3.154331808691727801e+00
2.340586479792439611e+00
1.181610869802376174e+00
3.353388194410155787e+00
2.087590323985067720e+00
2.538666930687543566e+00
3.009583053861003332e+00
3.196260945402938702e+00
3.306770645262623987e+00
3.136245618158853610e+00
2.814164325941902245e+00
1.191217228309318088e+00
2.676939874601226510e+00
3.094577142067341580e+00
2.533610321150445710e+00
3.145610564391721375e+00
2.527210377277353093e+00
4.209299433521019651e+00
3.162867237581370450e+00
3.503694449037018988e+00
1.779203377008185649e+00
2.722305465309622363e+00
3.043751438832979161e+00
2.769585233181090178e+00
2.695681821085911700e+00
1.948820474769584754e+00
2.189543545157400573e+00
2.346683649986165410e+00
2.966041549052748749e+00
2.806234383024142964e+00
2.433448610418340596e+00
2.136302575883348709e+00
3.488493371101481166e+00
3.171123484980300944e+00
2.867321319721773509e+00
3.501756976772224306e+00
2.436184244749873162e+00
1.713552632857514135e+00
3.346458385229042154e+00
1.956806424316479331e+00
2.990590068414833436e+00
2.466953264117909939e+00
2.488394757682817815e+00
1.768564154992276150e+00
3.090125971685712347e+00
2.696841880615177711e+00
2.500150495272020823e+00
2.482777236689675870e+00
2.569734858711651526e+00
2.528768183787667656e+00
2.125264963330392831e+00
2.518992411218115901e+00
1.805233154897139425e+00
2.536367493576860532e+00
2.129614618573804741e+00
1.881585679034814218e+00
3.277648287033811947e+00
3.086780161211811091e+00
2.115318133969055658e+00
2.951258184173387367e+00
4.082850413060626238e+00
1.990856155662134030e+00
3.560893678494971404e+00
2.630176816314961030e+00
2.962898182109379164e+00
3.047757751844149432e+00
3.633460819563276267e+00
2.530138551218784837e+00
1.926220197674020529e+00
2.491779405258109037e+00
1.625486434112550782e+00
2.819304336674512079e+00
2.810802094910776372e+00
3.134597922035344819e+00
2.080963619261714914e+00
2.669913480126967276e+00
2.508231446647789298e+00
2.817298190163758154e+00
2.877484142670358569e+00
2.937060996925759948e+00
2.114390743369271686e+00
2.530426842446892532e+00
3.133146433548916754e+00
2.203872764766970693e+00
2.233238575377092250e+00
1.618968184765487983e+00
1.537550257403746956e+00
1.967272306277806360e+00
2.498370007738093701e+00
2.947919901848748303e+00
3.256456410018562675e+00
3.003685273537438416e+00
2.505624735491579713e+00
3.353858335712069039e+00
3.137597366962271206e+00
2.253423356581653714e+00
1.724617117309204861e+00
1.818883098585241331e+00
2.815934125345004979e+00
2.519747815611297348e+00
1.943096311315127611e+00
3.124818453393201079e+00
1.982010521718714058e+00
3.161875195852346998e+00
4.095674344142207879e+00
1.717936537589227264e+00
3.236119813857407213e+00
2.783255533727861053e+00
2.805976815347954734e+00
2.139919101927019174e+00
1.973184542613655612e+00
2.665505396587425579e+00
1.771910054149312685e+00
2.418032070820092638e+00
1.886305897895492301e+00
2.141643892111174896e+00
1.506719431986037971e+00
2.814197889927745333e+00
2.992252617398984071e+00
1.986198100190648574e+00
1.668202983887275614e+00
1.985087903087368710e+00
1.767219897662307915e+00
1.784469083827385560e+00
3.149011162938238240e+00
1.961037163184840448e+00
2.868867932763014217e+00
2.459382868678419154e+00
2.804493326429450484e+00
2.538438135074418955e+00
1.881170830898486024e+00
3.226088991497626957e+00
2.670664915294787889e+00
2.392888899468315511e+00
3.844474816022799946e+00
2.520045094798494034e+00
1.878452030087764957e+00
3.341725004096822271e+00
2.279278285846277452e+00
2.974995005572077300e+00
2.549549725823248902e+00
3.147370598797538221e+00
1.883052097198049557e+00
1.463091515828007783e+00
3.144608617128251904e+00
1.957890082260085318e+00
2.586811001269360144e+00
2.986741307407672963e+00
2.153718622527864390e+00
2.741423988621367158e+00
3.542474220194521628e+00
2.626422542007749161e+00
2.768472763839894935e+00
2.926847702718842648e+00
2.512984683956526410e+00
2.594367995536992044e+00
2.642832703668315908e+00
2.800997355568165315e+00
1.291733581512908735e+00
2.298330160599549199e+00
2.420398317416008194e+00
2.816367796206422192e+00
3.040671748316939649e+00
1.986232933396330891e+00
2.916102129107473129e+00
2.183006601831000371e+00
2.890336170571028873e+00
2.164314340407841097e+00
2.908206167725614577e+00
2.000440849870261939e+00
2.325880108023122617e+00
2.655374298635599484e+00
3.124429028309801293e+00
2.126381286095798462e+00
2.641840874532973338e+00
2.255007022680899365e+00
2.961219907886611047e+00
2.032217479008668892e+00
3.133518302674977996e+00
3.353852754195890906e+00
2.394586466061343621e+00
2.430434738110850201e+00
1.814254408262017337e+00
3.347476089655010423e+00
3.112615264285869099e+00
2.149145645887437173e+00
2.217391306981061572e+00
3.530994629720067390e+00
2.907295427883111572e+00
3.195693216593499475e+00
3.088530155437778646e+00
2.198812352166005457e+00
1.741590554485246800e+00
3.060076391325871281e+00
1.682144765440923617e+00
2.205871692423754915e+00
2.967471172531635837e+00
2.525995917701090665e+00
1.884789163287820424e+00
3.036943719668579789e+00
2.798595598727957601e+00
1.978808808860515800e+00
3.125159159617895810e+00
3.223731150662078271e+00
2.082467210739110008e+00
2.813905345852888651e+00
1.831104865221572675e+00
2.375819506624401001e+00
3.583303855922607362e+00
2.826074491444670045e+00
3.072918836026453437e+00
2.601732686579271814e+00
2.597241772931188741e+00
2.475250735308692107e+00
2.389594517603887969e+00
2.909507810097556657e+00
3.004570954622735268e+00
1.741927329041743189e+00
2.975185280920933817e+00
2.988257210523135310e+00
1.218994570641587005e+00
2.970726325939295531e+00
2.342437232160532012e+00
2.821743983158948588e+00
2.196252809263557815e+00
2.768895052911492183e+00
2.306514979194776327e+00
2.907397827386357214e+00
1.534710269258244386e+00
2.007194681711177875e+00
2.780547618596313608e+00
2.186351395783052709e+00
2.382044464020401708e+00
2.493314151876231399e+00
3.229068927102626052e+00
3.469244223650788772e+00
2.366417955905292914e+00
2.516569674082209662e+00
1.995843471628419019e+00
2.371794526304793926e+00
2.054799217047889481e+00
1.921258308949465476e+00
2.093478909216901496e+00
2.294645148399544254e+00
2.653721102188817405e+00
2.356996991664746854e+00
2.271564013002548066e+00
1.641100451067740051e+00
2.863781505451386433e+00
1.783103036830822941e+00
2.377127351429083379e+00
2.529760326971484563e+00
2.949568470901204886e+00
3.156270526521054443e+00
2.756746394000751721e+00
3.096940384457783857e+00
2.343444610384435745e+00
2.444220352541297991e+00
2.792744274492729328e+00
2.385588287307474520e+00
1.133084050036806900e+00
1.762010406229906678e+00
2.562982873555038399e+00
3.307474066977120319e+00
2.787597368209495663e+00
1.730207607008845461e+00
2.520524069516726140e+00
2.277943722793458470e+00
2.402147694852226234e+00
2.801711627826690254e+00
2.508455646891600388e+00
2.506748640502340031e+00
1.760679102186846645e+00
1.853688146145693771e+00
1.725547799937650284e+00
3.157022626319153868e+00
2.097270576510784856e+00
3.046518935426766106e+00
3.133111130360949126e+00
3.101482856790532594e+00
2.630507336262014384e+00
2.275548980266595134e+00
2.316069707749685680e+00
2.191133681273305545e+00
2.640727347999873409e+00
3.413914146614009937e+00
2.488619867831875609e+00
3.902791586803082691e+00
2.791437374384665659e+00
2.405147735856563163e+00
1.968889922328291187e+00
2.475915300924061313e+00
2.950124737774293848e+00
1.976728685665658070e+00
2.916211948216357097e+00
2.687060806605853003e+00
2.006209970995485925e+00
2.962959177094966368e+00
3.143882774214292297e+00
2.275358312375367564e+00
1.811950074279166767e+00
2.730036975750161243e+00
2.700560486058322773e+00
1.839842995543191861e+00
2.097624202940544080e+00
2.086732907559980088e+00
2.269027780952103335e+00
3.263787478991873492e+00
2.774610150968114031e+00
3.550525607484812163e+00
1.724876986960553360e+00
2.188367387148068222e+00
2.188437146409794920e+00
2.969922216658560377e+00
3.458563180788186031e+00
3.360414325241646516e+00
2.755992255606702468e+00
2.006642884085960254e+00
3.117566450966357650e+00
3.566215810087791205e+00
2.981115549414594224e+00
2.731996674988192542e+00
2.231332289936865720e+00
2.794289075673208611e+00
1.982203865049205760e+00
2.184241377451523469e+00
3.142069091641164214e+00
2.177867700718976618e+00
3.060319812452285682e+00
1.865215337228312231e+00
2.138363819568813717e+00
2.289303917144141387e+00
2.989452901840536025e+00
2.366804307924644579e+00
1.032295402586282718e+00
2.166983001630105488e+00
3.119325467260121609e+00
2.164981038611230701e+00
2.947645084114584257e+00
1.444567460537027781e+00
2.650603280733617506e+00
2.004727751488619258e+00
2.091858968716787448e+00
3.341303799820573239e+00
2.396178352592152727e+00
1.732011183628500151e+00
3.358082631294063258e+00
1.932845637907138592e+00
3.142147939189157135e+00
1.971611821922513830e+00
1.967041138294481684e+00
2.948691899730628396e+00
3.521863414020773853e+00
2.802564829267215174e+00
1.906781163744923679e+00
2.543018662925820017e+00
1.851226069809151609e+00
2.281656325542169572e+00
3.405443725722796078e+00
3.173981480838973912e+00
2.287355620943122503e+00
2.606499421148144702e+00
2.466050137405924492e+00
1.959389049423978069e+00
3.338224647821465219e+00
2.389003184138073888e+00
1.846866178086562060e+00
2.518369821808573938e+00
1.727382204321635584e+00
1.920303752756643112e+00
2.553234590712828656e+00
2.644367316671824675e+00
2.935996739829676905e+00
2.970547133115574390e+00
3.910218288074910120e+00
3.623580206087317457e+00
3.479983347441138797e+00
3.100069443367777566e+00
2.374518253819293268e+00
1.829486444475028284e+00
1.967043371604250357e+00
1.573745380539360417e+00
2.373615474183435214e+00
2.405386137527140811e+00
2.978708776926894952e+00
2.613157016662339238e+00
1.964481413662317877e+00
2.834554816729476290e+00
2.824436312610727917e+00
3.034349373406764805e+00
2.648118320703369388e+00
1.854822851908139780e+00
1.306873650738078707e+00
2.832191021118305674e+00
1.965362077388294715e+00
2.672079679999001200e+00
2.723890423824544715e+00
3.357537682918557032e+00
2.364388988941911851e+00
2.922155620451492908e+00
2.655079981592506577e+00
2.915001188258773634e+00
2.513384767707790068e+00
1.647117894101412405e+00
1.939520279706682615e+00
2.258029307164753696e+00
2.917031361800558109e+00
2.466869719962403895e+00
2.921029411229358441e+00
2.105282015311196187e+00
3.365948080672602316e+00
2.771135110895233566e+00
1.744834958180468742e+00
2.397496354918705386e+00
2.387691023468627272e+00
2.232039292332975933e+00
2.049220470100224567e+00
2.535580100652104818e+00
2.551297273730006587e+00
1.639822214460437078e+00
3.063792622833624968e+00
2.880715730059847601e+00
2.929911631404298333e+00
3.828739683444096986e+00
2.083225212336592413e+00
1.758863098770087507e+00
3.159950189679447963e+00
2.004275030739507191e+00
2.198588572316527046e+00
1.642588675269941678e+00
1.260174616329936326e+00
2.913224118539042617e+00
2.768455405484234966e+00
2.288292880374818150e+00
1.984410678461320465e+00
2.631938962257583725e+00
1.929943681532451771e+00
2.201229781034754307e+00
1.919937506182351372e+00
2.006746134898713674e+00
2.700004772659135188e+00
1.832782583856309655e+00
2.280887540898971277e+00
2.009568297399216164e+00
3.077403735054796474e+00
2.322175538716753085e+00
3.241176947657094409e+00
1.733009877811513944e+00
2.525655455191098131e+00
1.778345709135737529e+00
2.561274123414948090e+00
1.670308476792533137e+00
1.715663628141568697e+00
2.617725749708514016e+00
1.741006315695657447e+00
2.753266210928630997e+00
2.466840251244197812e+00
2.644612221436275945e+00
2.657333675019780905e+00
2.017692545060655540e+00
3.154361821711952008e+00
2.514810634098361586e+00
2.235499158851138812e+00
2.334753125521219275e+00
2.742917343722578671e+00
2.032742475492456347e+00
2.779471794847190758e+00
2.275873897143380287e+00
3.134080713425017706e+00
1.746428194109683529e+00
1.639080373326046836e+00
2.758040174247528675e+00
2.407551030051348295e+00
2.002154256929673082e+00
2.280023691075417247e+00
1.978722044567984284e+00
3.144176809884235535e+00
2.504871021740505466e+00
1.994218819966471878e+00
1.648265869603082967e+00
2.802803965589595769e+00
2.874866194838639810e+00
2.972256888264271257e+00
3.144483763083450345e+00
1.597645790276239319e+00
2.114178959258453450e+00
1.848589665785822733e+00
2.189448378545745477e+00
2.095787703106244848e+00
1.056712336818968145e+00
2.298408247718730202e+00
3.147176724398744074e+00
2.212293066429731336e+00
2.296898740123519467e+00
2.544104607644083416e+00
1.919548686276187022e+00
1.923987020454626773e+00
2.928624380981012187e+00
2.776722938503906057e+00
1.333846762323237956e+00
2.053514830676368419e+00
2.604542749374258559e+00
1.966277062256099217e+00
1.596239844388579465e+00
2.673672807040837096e+00
3.582602291932375671e+00
1.998271326432423223e+00
1.520046406509849790e+00
2.513065322328414286e+00
3.660448018088423794e+00
1.510594339853960077e+00
2.162875110918045518e+00
2.790222528599949570e+00
2.375001000399795892e+00
2.123381954709046671e+00
2.962333475353394530e+00
2.060609903709400559e+00
3.146730130183612584e+00
3.066757830899649928e+00
2.508886509978618395e+00
1.501468170507936462e+00
3.851435533845327441e+00
2.787852222278183412e+00
2.640666916366955608e+00
1.557234602857652916e+00
3.193624092416625704e+00
1.657636145165599872e+00
3.150937660556205167e+00
1.900203991223385902e+00
1.520799469188908404e+00
2.068179619441665729e+00
2.432790060582009861e+00
2.966440109197423958e+00
2.682526706414555040e+00
2.415738719644259902e+00
2.578179367335023287e+00
3.123446977464768182e+00
2.867142676722927330e+00
3.111539779439938425e+00
2.823572095156455131e+00
3.625391874834274386e+00
2.790834961580127782e+00
2.489632501590723024e+00
3.285185410091743474e+00
3.150997754710744392e+00
2.528059565988925339e+00
2.447944173410758317e+00
2.780285074986313276e+00
2.078338185676060323e+00
2.096635316693147288e+00
1.843557785521152015e+00
1.812488471572731186e+00
2.663615119412702903e+00
3.436830159644394200e+00
2.257984190635840438e+00
2.096068796959635439e+00
2.395180509510439482e+00
2.487119912621918782e+00
2.649525043713698569e+00
2.013126931625175864e+00
2.901463501628979369e+00
2.853258565225248677e+00
2.301349552162367029e+00
2.823274925340349295e+00
2.037848707137977833e+00
1.821088983150084273e+00
2.413537620423717556e+00
2.508553458911292111e+00
2.215659968227433829e+00
2.370223771624026199e+00
1.639066653214376945e+00
2.077858343555070597e+00
2.794076225587742712e+00
2.389115843525729588e+00
1.058345914950367117e+00
2.526814465394787934e+00
2.010279827180820877e+00
3.164339729732508211e+00
2.945822048632015022e+00
1.947498041492165655e+00
2.296452758061650279e+00
2.098671983491221749e+00
2.760006708348851312e+00
2.000901852184845620e+00
2.292201042456905036e+00
2.526168969422395438e+00
1.413199821260684219e+00
2.169892188869705141e+00
1.919199058521575463e+00
1.978524246152100208e+00
1.880146620149367953e+00
2.080925727718325735e+00
2.773445211121488896e+00
2.085948218915292252e+00
3.021041937835437619e+00
2.005317421678378231e+00
2.461979960384752975e+00
2.104855562742075303e+00
3.134837850786565294e+00
2.374691915759972627e+00
1.830413442637903731e+00
1.937830723477617978e+00
3.159966326259018743e+00
2.829393205183375226e+00
1.795550647662340404e+00
1.944759167761278329e+00
3.151349913081551435e+00
1.814820890231156225e+00
3.141932590940623271e+00
2.529005715559702328e+00
1.324731353506942266e+00
3.370024156662090320e+00
2.775827057398762232e+00
2.407141440393655962e+00
3.234745708466981284e+00
2.121015005031812173e+00
3.157160609397837714e+00
3.710055432826206090e+00
2.294734042071300273e+00
2.642148592335262336e+00
2.522183676328925817e+00
2.267545739519045256e+00
1.980225479621066986e+00
2.303017511177374299e+00
2.975149716618287865e+00
3.091056961490916688e+00
2.950629836247219195e+00
2.121495235002263779e+00
2.663571316777519460e+00
1.653510811330630714e+00
2.899606596924711344e+00
