1.102972462577337165e+00
1.095327570666454697e+00
1.072278443503229983e+00
1.042690538461885863e+00
1.011744924022324854e+00
9.997036684636281256e-01
9.717473363610943382e-01
9.628400181757442722e-01
9.405983700988568286e-01
9.398270692240635604e-01
9.226681795815225851e-01
9.221518124149166162e-01
9.126213312662031507e-01
9.270454360896612789e-01
9.292992546173256541e-01
9.833231530246415719e-01
9.854201916311864373e-01
9.941583723816184159e-01
9.978584650995706573e-01
9.981167254155799418e-01
9.984546736361501473e-01
9.991690358094549307e-01
9.992001598660688044e-01
9.970152738755183597e-01
9.984200151023415737e-01
1.008261805594841132e+00
1.016090563764834309e+00
1.028721129327666572e+00
1.049342189471764941e+00
1.065461403163947107e+00
1.078780203224493972e+00
1.091558070087122800e+00
1.107514461999783206e+00
1.123258887680209650e+00
1.144499162463045394e+00
1.164961959571204186e+00
1.181017642547572466e+00
1.192012607839086025e+00
1.194122536361832632e+00
1.187300641597849538e+00
1.200258692532987004e+00
1.220767186854467834e+00
1.223905769378521358e+00
1.248152057522099234e+00
1.266143347452058032e+00
1.283970098657488013e+00
1.302321637531122400e+00
1.319076908500037781e+00
1.340651918044930113e+00
1.327918034551936799e+00
1.323642695622887944e+00
1.336472275596647385e+00
1.358300991981265637e+00
1.353461073284443206e+00
1.361816350017092558e+00
1.379630903757250504e+00
1.396514053155673007e+00
1.411544068813584074e+00
1.430845757227504622e+00
1.430013384885903349e+00
1.435933375051545280e+00
1.440667937750867322e+00
1.438581157610262062e+00
1.435811543126136236e+00
1.487319934282041567e+00
1.491846424629555523e+00
1.485627315777634294e+00
1.483326263404864065e+00
1.491484797312784938e+00
1.502338641184224777e+00
1.478741035454042674e+00
1.482833015317333025e+00
1.490294305487894766e+00
1.493203598068126636e+00
1.506938081371582472e+00
1.488508603149683474e+00
1.449292428936298061e+00
1.409106837033492265e+00
1.430468107591393201e+00
1.438220025584288742e+00
1.402695508918849976e+00
1.408794000052291606e+00
1.381076598585166959e+00
1.353438867468393925e+00
1.372458828818161392e+00
1.356623547680036790e+00
1.353505145383992581e+00
1.375725876893622912e+00
1.380129955907831052e+00
1.356008242369573180e+00
1.349445538960192925e+00
1.346021397774022077e+00
1.343219469027329582e+00
1.337417738549557145e+00
1.305756830471299423e+00
1.343974836985204480e+00
1.319865544978000793e+00
1.339405891174297203e+00
1.333509822978436787e+00
1.331069539124871248e+00
1.354103621576023819e+00
1.407843569414428231e+00
1.456919797976601982e+00
1.445432471282769082e+00
1.449118476492592400e+00
1.489189594125752913e+00
1.490480061015512447e+00
1.536541248452845343e+00
1.559763723034050198e+00
1.549126062467413467e+00
1.579566726695262879e+00
1.596301160788805351e+00
1.608659540626641071e+00
1.613123104621817960e+00
1.622280422922722343e+00
1.645050405709121311e+00
1.638733326059997220e+00
1.678897946996470214e+00
1.688813174037272491e+00
1.734097828664835417e+00
1.694217206145532284e+00
1.721638068555809920e+00
1.644160319018647121e+00
1.667104697762319621e+00
1.713210686856381670e+00
1.713113640666411586e+00
1.699875238429725099e+00
1.702662239542697353e+00
1.705847215788472537e+00
1.688181086602655201e+00
1.693814519226670923e+00
1.686205673367168201e+00
1.679395915126630001e+00
1.701273668786804860e+00
1.687702206451359599e+00
1.694676857595442732e+00
1.710806011206899679e+00
1.689716908532797657e+00
1.708956443595134544e+00
1.706851352457382287e+00
1.693819167953461768e+00
1.721634048116587490e+00
1.724147665744219182e+00
1.716207277076716275e+00
1.722447292662421914e+00
1.738731602805908327e+00
1.753557228942143498e+00
1.813941076929952878e+00
1.833187188063895912e+00
1.857785407697615021e+00
1.884051551164033222e+00
1.863512841408594634e+00
1.846661694849396573e+00
1.816075178390620826e+00
1.851504347003323225e+00
1.827074659305085724e+00
1.826634980792299467e+00
1.829173922288173992e+00
1.826377466329300425e+00
1.833258358529979315e+00
1.823989794864422809e+00
1.828501027596185491e+00
1.875524273725102331e+00
1.896203944467308444e+00
1.909844983376767003e+00
1.921793085202561979e+00
1.897454716327882762e+00
1.879723990411918289e+00
1.845353029455968796e+00
1.859395451557422696e+00
1.903314999293143073e+00
1.887717705050570016e+00
1.866756190442181440e+00
1.804434141277211578e+00
1.785296551751648808e+00
1.783318861268408995e+00
1.789135123420951379e+00
1.803565558008823455e+00
1.826937455911128438e+00
1.820634376077809646e+00
1.816183217320194387e+00
1.854796624581734887e+00
1.835113029883806535e+00
1.807758929538484827e+00
1.814227782677247713e+00
1.826496979786179420e+00
1.819353654111713681e+00
1.804380725660817975e+00
1.737750549323067606e+00
1.741186220661628203e+00
1.757288936746248087e+00
1.807077131746347654e+00
1.829894109650320511e+00
1.852971473797466295e+00
1.818599663956581347e+00
1.809227115912878103e+00
1.807489915782891865e+00
1.791351259500221227e+00
1.833139002783764626e+00
1.791312530094506750e+00
1.771807587844806298e+00
1.781510385036017663e+00
1.724323723500731376e+00
1.690528199100206352e+00
1.695999998619178051e+00
1.697218961341215415e+00
1.695785157694318146e+00
1.716908907123851025e+00
1.736156806698539334e+00
1.722429064328081294e+00
1.711408010775143707e+00
1.719085816555448343e+00
1.704965607656669935e+00
1.761049907289564231e+00
1.766494442674311882e+00
1.771627531127344390e+00
1.774492116904567540e+00
1.774464508721260492e+00
1.736776878809481506e+00
1.754568636301576001e+00
1.755549468815305714e+00
1.788749604756823652e+00
1.813916856539307121e+00
1.816388515422228567e+00
1.866256371930440361e+00
1.877149898102802750e+00
1.849183453536317856e+00
1.875631976141816537e+00
1.943296681003148008e+00
1.940952527431708985e+00
1.988120956576982179e+00
1.969062327735316309e+00
1.960905990776030672e+00
1.967532694254330083e+00
2.020258546903892949e+00
2.001915778406625268e+00
1.968298377431591639e+00
1.988808766281218388e+00
1.970850764763717455e+00
1.974064497639789417e+00
1.964464053890989215e+00
1.944137728631262441e+00
1.935056864925747355e+00
2.014640652360306206e+00
2.036132571347000653e+00
2.038579215526985067e+00
1.958171769577931931e+00
1.968728557709517268e+00
1.992643138825719751e+00
2.006970394511466083e+00
2.014078414539854034e+00
2.011206621890259783e+00
2.065952116956130347e+00
2.073845933546385911e+00
2.007979630524162395e+00
2.016923899503401341e+00
1.985845921279158155e+00
1.992083303974073294e+00
1.976995371883857322e+00
1.940614183643528667e+00
1.948092656882322027e+00
1.991063299691607336e+00
1.961432110121965167e+00
1.971890254249542451e+00
1.949588247400795282e+00
1.929003467489760926e+00
1.898847430723467955e+00
1.938334230910504496e+00
1.944452286417025944e+00
1.934444921141376561e+00
1.932489213814854834e+00
2.008515258383612778e+00
2.013531577578030252e+00
1.928328923017783358e+00
1.925598545197119149e+00
1.925361663838256465e+00
1.965544900463565448e+00
1.960691423115543897e+00
1.973440440732917800e+00
1.997343722415819922e+00
1.989064090339425661e+00
1.986185257648592994e+00
1.955313692450942442e+00
1.972069045210048666e+00
1.990365677480606221e+00
2.008552119417380322e+00
1.977908565751842263e+00
2.013949519408644306e+00
2.028491327381552800e+00
2.081804611906607594e+00
2.091441946367512905e+00
2.114038899098616753e+00
2.077901122400779510e+00
2.067030914063439972e+00
2.068957769397289148e+00
2.048715823647702106e+00
2.011085756923000734e+00
2.021782177381309609e+00
2.073561753255941831e+00
2.040319955354014780e+00
2.031994346069085466e+00
2.054512425634925421e+00
2.003653593028354329e+00
1.988640077279089313e+00
2.025618042486629022e+00
1.998272026128112167e+00
2.058081092285386049e+00
2.069538053562741897e+00
2.061640112852351159e+00
2.064965446843302743e+00
2.066535476730198884e+00
2.021088727305251354e+00
2.009019022121877995e+00
1.989976551364895929e+00
1.990301426312433897e+00
2.013378312844632756e+00
2.049615636149343612e+00
2.071061753033215602e+00
2.047280627125816821e+00
2.051073337972955990e+00
2.055209107758162013e+00
2.075669366925748438e+00
2.105193475964873162e+00
2.093739035990927366e+00
2.086662526246165772e+00
2.028987592667601536e+00
1.985893490361666514e+00
2.003851639565338072e+00
1.981364433906882105e+00
1.961930685956008169e+00
1.978214205835932882e+00
1.955157842230581755e+00
1.964901871310634318e+00
1.932947183595886687e+00
1.946468116881548527e+00
1.877377798915168983e+00
1.930612560131023336e+00
1.922827407002938083e+00
1.912251778416009129e+00
1.890388286505063409e+00
1.907296253610885950e+00
1.894648663996112870e+00
1.847710577914936092e+00
1.864597300768197519e+00
1.872838459690105539e+00
1.868648651522686333e+00
1.847949813598288582e+00
1.834261437764622027e+00
1.872310799793183378e+00
1.918795120253343311e+00
1.973618607411244064e+00
1.999239633764570812e+00
1.987405414717460461e+00
2.006330954226118291e+00
2.006404980788764281e+00
1.983264455962792550e+00
1.966160852074661625e+00
1.973331845978153254e+00
2.012143256376372147e+00
1.995914219383662314e+00
2.073921371695723881e+00
2.077518743064473483e+00
2.090168307270857007e+00
2.084252166407442264e+00
2.093831955445979442e+00
2.101096570083123893e+00
2.027708882638169285e+00
2.079720210677808101e+00
2.056788586836499011e+00
2.042273082729807232e+00
2.087624029974615159e+00
2.137238635901095307e+00
2.093140725836186267e+00
2.091811085560770778e+00
2.026633170985244092e+00
2.048991668693706636e+00
2.040013154184966204e+00
2.056237219998668486e+00
2.047672681538672990e+00
2.035719919566088443e+00
2.077981963531254195e+00
2.114357961007771181e+00
2.157742167309947945e+00
2.100154826017184728e+00
2.122728825209335923e+00
2.136181953420666080e+00
2.086926559841000284e+00
2.107205156404046598e+00
2.119923211179375766e+00
2.083726171018240425e+00
2.078136710540172238e+00
2.109195618290826690e+00
2.101585754228698200e+00
2.114158407823860664e+00
2.085722177491653895e+00
2.059625558252552224e+00
2.040897057750426846e+00
2.109915654624448411e+00
2.068127030650040776e+00
2.092318666702885466e+00
2.097862028841249948e+00
2.108800213362831411e+00
2.120746153806694068e+00
2.150589707324283673e+00
2.176914935700198672e+00
2.190891427394955127e+00
2.159864563008792260e+00
2.065416627649911074e+00
2.129234608836264364e+00
2.094130639789465231e+00
2.057928664023937593e+00
2.118301184046516461e+00
2.043555972596876380e+00
2.069262952742388251e+00
2.131510402128754755e+00
2.108447325466302313e+00
2.146796955691745445e+00
2.147543823150367626e+00
2.169640672422725292e+00
2.175171879576232925e+00
2.191371556420519173e+00
2.199047272407157472e+00
2.177104900169901658e+00
2.208934153328921735e+00
2.237310720075027959e+00
2.223799937538133875e+00
2.184235555482144875e+00
2.193921010861375809e+00
2.177250644252668454e+00
2.155817990799605344e+00
2.126078533875577214e+00
2.105071210387556402e+00
2.168205396472586255e+00
2.182250773813182665e+00
2.203070085032795333e+00
2.213202971889607351e+00
2.186230432811502755e+00
2.235940299910696982e+00
2.217190801343392970e+00
2.185775117485740271e+00
2.208536719065917975e+00
2.181822056555758227e+00
2.143834655957092217e+00
2.169050390932941941e+00
2.175980222951134024e+00
2.137214414902142590e+00
2.092839340618864341e+00
2.032115140413147447e+00
2.032817699336590955e+00
2.004263855984074638e+00
1.896388668947396550e+00
1.926349405946590876e+00
1.928244646663617168e+00
1.883292132787175444e+00
1.871515258776557111e+00
1.863600729913934773e+00
1.921230253906502483e+00
1.896441883974628206e+00
1.820774515625145140e+00
1.815284102405836819e+00
1.825260924963395315e+00
1.787354592244052132e+00
1.787578103113525607e+00
1.795821535112406275e+00
1.779511752865185814e+00
1.754380060152856524e+00
1.775169474319636898e+00
1.791257480661661239e+00
1.744339601215343372e+00
1.740568420926181137e+00
1.747648487483284940e+00
1.726556640013046984e+00
1.770650490380627939e+00
1.743460886187985226e+00
1.745492440136086065e+00
1.823096437442826234e+00
1.822982280004093347e+00
1.813903423591491704e+00
1.849912082191906393e+00
1.903492339405566502e+00
1.922167091673264938e+00
1.900422686321393551e+00
1.896855847758638802e+00
1.982412853165768318e+00
2.004019455780430725e+00
1.973983221530589027e+00
1.989563913931434058e+00
2.014392056836566525e+00
2.030616369889168382e+00
2.066247162366461332e+00
2.111411282633319786e+00
2.052823228403609868e+00
2.007371890161417038e+00
2.057334388830140082e+00
2.060681600489751020e+00
2.084305358505810890e+00
2.156024632670029195e+00
2.150297979868095233e+00
2.166589613012541271e+00
2.202961590682238402e+00
2.244510425024856648e+00
2.172931596216672201e+00
2.138638699153096123e+00
2.127616303084138405e+00
2.015933295448535389e+00
2.001095063635743188e+00
2.004329596959903537e+00
1.992715749582482099e+00
1.999818732420918010e+00
2.006352224676926088e+00
1.978807750130451293e+00
2.043830670086096202e+00
2.019444132580676676e+00
1.980751981508201975e+00
1.932936130275077824e+00
1.904159207202069881e+00
1.958339273918393353e+00
2.026675690153588061e+00
2.023738019505417096e+00
2.023926865055211355e+00
1.956381733280578183e+00
1.949342314960075484e+00
1.950357247081291323e+00
1.910842438448796310e+00
1.897500169025166494e+00
1.866231077251733650e+00
1.906520844239987911e+00
1.905828026558830768e+00
1.909737225146099338e+00
1.992769628314710495e+00
1.999424580660811301e+00
1.993890551840151515e+00
2.005236326996269192e+00
1.960294811205468779e+00
1.928610369168827443e+00
1.902788867780338178e+00
1.891774833934399158e+00
1.847395030313883746e+00
1.869011000462200478e+00
1.875930862360470908e+00
1.872385327441883796e+00
1.797399733299148483e+00
1.781225875353623866e+00
1.739491446566538757e+00
1.747576579581816114e+00
1.818302677383697663e+00
1.778299568947529163e+00
1.762009183303629989e+00
1.827296758358430084e+00
1.781482211436652419e+00
1.776188818214499587e+00
1.762859485652553238e+00
1.751461974165418045e+00
1.759920664547947711e+00
1.751020169424020390e+00
1.733304201109884035e+00
1.720867356061162701e+00
1.757753866260884923e+00
1.781090062980803523e+00
1.750857064899237203e+00
1.816364688670448313e+00
1.810806663496709934e+00
1.865029807013154350e+00
1.854788066572096383e+00
1.859493580099660148e+00
1.830353658561999497e+00
1.887980167553248378e+00
1.899582206571371001e+00
1.872221879667481437e+00
1.876502953661450146e+00
1.855132445441932232e+00
1.862264297694135706e+00
1.884076194253727188e+00
1.850231023302423949e+00
1.869368249741547805e+00
1.916534924065994794e+00
1.954364037553949274e+00
1.986484284643759590e+00
1.966319830641870547e+00
1.941407277592797964e+00
1.935453495642901478e+00
1.973148163008353606e+00
1.922472140878899838e+00
1.926187425234016315e+00
2.006370611884523036e+00
2.021000470445551311e+00
1.979429114456237260e+00
2.000225196629873192e+00
2.024533562802457443e+00
2.038854665397093147e+00
2.085931237690821671e+00
2.099270139878421038e+00
2.094419334184015380e+00
2.192753596668972182e+00
2.210372473672613580e+00
2.185434421979850939e+00
2.247011638079489337e+00
2.257786709408097447e+00
2.218044219872923328e+00
2.255267716601993211e+00
2.185816864366428636e+00
2.117685998303948214e+00
2.117877298449761803e+00
2.147174947441944148e+00
2.177523633938151182e+00
2.227173394490084668e+00
2.198172660416290114e+00
2.273322419088006363e+00
2.264877431244633144e+00
2.224973087618806300e+00
2.241881966480096189e+00
2.263055246835055101e+00
2.218102512726424891e+00
2.231139855345681156e+00
2.203991494460038059e+00
2.176819148055315623e+00
2.190697943170581752e+00
2.159946230857526572e+00
2.152963621066812827e+00
2.141619090489798261e+00
2.172354055024169561e+00
2.149447417556661577e+00
2.098887349037454886e+00
2.185221474077240433e+00
2.209161588437745571e+00
2.252146458112936678e+00
2.324497027206068100e+00
2.323385252563188619e+00
2.267317911763223837e+00
2.226999270730224190e+00
2.223864634822806607e+00
2.233943739761610647e+00
2.241431297406626832e+00
2.163958671821967439e+00
2.191134996177335648e+00
2.192950500042270434e+00
2.214305617853243646e+00
2.263461370739056289e+00
2.229121331078147250e+00
2.267429283253984185e+00
2.325247986927132526e+00
2.331415620457728988e+00
2.291824789314429900e+00
2.272934190672760479e+00
2.209804871259486880e+00
2.183681514456321970e+00
2.203368093940620831e+00
2.262320514330568244e+00
2.250953042478816446e+00
2.248584674156639984e+00
2.242007980393797784e+00
2.236122624019213578e+00
2.248910355718274356e+00
2.304651121989326423e+00
2.325617017186835778e+00
2.284565518452174260e+00
2.260420307086089320e+00
2.183376687630018687e+00
2.254674478513400082e+00
2.265195455274679581e+00
2.190909513990433322e+00
2.231018623762169195e+00
2.162249573603056696e+00
2.163030061431537643e+00
2.175585118962738207e+00
2.154469193580556219e+00
2.140445395861779065e+00
2.170011304743254321e+00
2.170815432654682464e+00
2.224265688321453105e+00
2.260818917410802875e+00
2.220873533757538709e+00
2.171976610477248659e+00
2.156788813724503484e+00
2.153298488091125673e+00
2.125247408808428773e+00
2.123734783175612151e+00
2.145373336501929185e+00
2.112673816384885495e+00
2.145168631381493718e+00
2.110611455516290924e+00
2.149431089665811090e+00
2.217834945150890746e+00
2.223785380416526625e+00
2.209946671571075605e+00
2.257927880152685862e+00
2.216438981057691660e+00
2.165616641010750243e+00
2.167588074441341828e+00
2.149638653096680230e+00
2.156373569319859573e+00
2.141681329832431313e+00
2.180210306647816676e+00
2.185664244276195767e+00
2.207202297052563544e+00
2.202295906370348888e+00
2.221186935748009184e+00
2.260688708429356542e+00
2.281936527111918522e+00
2.277814785080273019e+00
2.302431738572262354e+00
2.256048047467004825e+00
2.222989943276799885e+00
2.263630670852155635e+00
2.261015906103151618e+00
2.315783719817038566e+00
2.308073965680614403e+00
2.296120596971604755e+00
2.336062698344213207e+00
2.335589553272204189e+00
2.290409167269245039e+00
2.309041166453309923e+00
2.377459423509393766e+00
2.387189992283254458e+00
2.377036435065475573e+00
2.362709857625048482e+00
2.395401806403939293e+00
2.353072246867484729e+00
2.340539300889405983e+00
2.265257976179763322e+00
2.222087435231965280e+00
2.188457947811975224e+00
2.191293824210263974e+00
2.149020603728343914e+00
2.149338841692626900e+00
2.127957020993994419e+00
2.145662800764650768e+00
2.118303975991105759e+00
2.089105916959614895e+00
2.062512449047970264e+00
2.065481709304175517e+00
2.054018640314361654e+00
2.035239587006831830e+00
1.975646969337103043e+00
1.947997874906206572e+00
1.984046501427114251e+00
1.957052559331771135e+00
1.991517133729262090e+00
1.978191033569747237e+00
1.987808152254310956e+00
1.988839966807516957e+00
1.982315161073756160e+00
1.985999501805685297e+00
1.984963072132754025e+00
2.014574629752719837e+00
2.024241403006515228e+00
2.060413744876805620e+00
2.024309736680168559e+00
2.025444642448643862e+00
2.018847658184685478e+00
2.034310808297871365e+00
2.073283206347470653e+00
2.105675566000936527e+00
2.113933726019396442e+00
2.150285377194876446e+00
2.116157210631739449e+00
2.096804607949699140e+00
2.106493160683427845e+00
2.123667717004208200e+00
2.110554427564819591e+00
2.091194892771978786e+00
2.121419136790545945e+00
2.102310968308467309e+00
2.133092336561155378e+00
2.120601360210627284e+00
2.130674841070780978e+00
2.140557794232511135e+00
2.156540688627305524e+00
2.165418129859019380e+00
2.184072173472663803e+00
2.214807824285654814e+00
2.231141001010851443e+00
2.272933138062222636e+00
2.257237410350811491e+00
2.269223131848185915e+00
2.299762443673184276e+00
2.230118722590818336e+00
2.261818114570742111e+00
2.213971186260315527e+00
2.219607314574500112e+00
2.254906021232520708e+00
2.257000851034875577e+00
2.219759043488982009e+00
2.203223110552067432e+00
2.212330466753010150e+00
2.257482335890942160e+00
2.246400040767177586e+00
2.257939643384629047e+00
2.216717841839286773e+00
2.201710846221214712e+00
2.142149094590470870e+00
2.134822052373529733e+00
2.075030101084653467e+00
2.104297779400429835e+00
2.099880829431580498e+00
2.100697531223731040e+00
2.033948545080344950e+00
2.020470618340840741e+00
2.065894286219136955e+00
2.034337324979388573e+00
2.011491957821812004e+00
2.072222601133226760e+00
2.060819394693418349e+00
2.119445379799120843e+00
2.120997008360023361e+00
2.129508007668764247e+00
2.160041408062071344e+00
2.212987084065731747e+00
2.169872440729180951e+00
2.215697189540732026e+00
2.147113907220410400e+00
2.087451408323247382e+00
2.062287825113866546e+00
2.089428640846092033e+00
2.130223509816140837e+00
2.159487283696150950e+00
2.133810581796877326e+00
2.156907333341479216e+00
2.128232008849227253e+00
2.108701412782990836e+00
2.118314380740254688e+00
2.174482183350446629e+00
2.147272954077542817e+00
2.155858663216711157e+00
2.183568031908593721e+00
2.206134997118427865e+00
2.163488682614271408e+00
2.144769929427594146e+00
2.118364109501875259e+00
2.107821018673787350e+00
2.117916298492561467e+00
2.095374442920598934e+00
2.060183252431410317e+00
2.144598916413130940e+00
2.093948914992283861e+00
2.159826346821754672e+00
2.219439513989315937e+00
2.228135417674727226e+00
2.221264055008436156e+00
2.207749695010430724e+00
2.238531329532914338e+00
2.254850293292988361e+00
2.272328256456848994e+00
2.277673080306852338e+00
2.285958650348845822e+00
2.267995573205305870e+00
2.268236696214954051e+00
2.317364547493637961e+00
2.279426633799705115e+00
2.286326162381775884e+00
2.275189409903606741e+00
2.285525834445782056e+00
2.316451201232644141e+00
2.355499239101320530e+00
2.381236684333126075e+00
2.295816075854416827e+00
2.312568263589979800e+00
2.337019207373109531e+00
2.301563446243651612e+00
2.234066302343386656e+00
2.203888030020111355e+00
2.212255951554225941e+00
2.185684744911583266e+00
2.135357026964515903e+00
2.133505545775165491e+00
2.139968516587335223e+00
2.135517426376727812e+00
2.154679071608747165e+00
2.155026192948730213e+00
2.166403051641850652e+00
2.180865320030681342e+00
2.194037407187213962e+00
2.165342601175574089e+00
2.164944178745849435e+00
2.076007299110230075e+00
2.089639657142547957e+00
2.131579129546468554e+00
2.083025933477113067e+00
2.033879820069167010e+00
2.011688345880854989e+00
2.059855830140995714e+00
2.036575896692842669e+00
2.054359107483025859e+00
2.092076875837035832e+00
2.152784844396112174e+00
2.164297362723278439e+00
2.185451110463410007e+00
2.204448185150734929e+00
2.256935657788095462e+00
2.252978382629803100e+00
2.230226139228611348e+00
2.259206897113789303e+00
2.270032720957589678e+00
2.268385457756646240e+00
2.281710743531359054e+00
2.276841550231713640e+00
2.277068771779875433e+00
2.318706193619308298e+00
2.353406915529900445e+00
2.440128637909073195e+00
2.415935123690098330e+00
2.306407973847367732e+00
2.287344212343904726e+00
2.289056065390883798e+00
2.238418748866103147e+00
2.264870006537031966e+00
2.284180331168202294e+00
2.278942792950533480e+00
2.271477119516870591e+00
2.277443067624229656e+00
2.292358662104128531e+00
2.248150997747864643e+00
2.295614841837005482e+00
2.257243604494671985e+00
2.163088570410046874e+00
2.190681303529633084e+00
2.150444056811807503e+00
2.057363722165224562e+00
2.063901883306921370e+00
2.061923976099077294e+00
2.058399051471366814e+00
2.050024569659608886e+00
2.037615170077942572e+00
2.054835483463943291e+00
2.049093090150695406e+00
2.070499246644950553e+00
2.142245801473347644e+00
2.198083113029302815e+00
2.250583799297631415e+00
2.286738747879961231e+00
2.294319636992105504e+00
2.309358145917404848e+00
2.285538770536948316e+00
2.261160574181614091e+00
2.250855269268345893e+00
2.250501262257873503e+00
2.274971413246074547e+00
2.239649800405504987e+00
2.255267279676654191e+00
2.391362879783486051e+00
2.383867030013413935e+00
2.368049487107872775e+00
2.442700502362578963e+00
2.414582506676334450e+00
2.415658561752927813e+00
2.421500380081934800e+00
2.409342361966098522e+00
2.371303101820159576e+00
2.305581250902072110e+00
2.341103017839054168e+00
2.278457889677410808e+00
2.247912727599913563e+00
2.151937313729264556e+00
2.137453460658214954e+00
2.160378559387290398e+00
2.153958978866964191e+00
2.096737372992467208e+00
2.117701112228870031e+00
2.137649959728898708e+00
2.180632327695485539e+00
2.182530171010567788e+00
2.176294918884805085e+00
2.188353438625852299e+00
2.205110698288524684e+00
2.092920142529071548e+00
2.080303819531465148e+00
2.135277963848104754e+00
2.162194523884177766e+00
2.155886697852418266e+00
2.122356980146922645e+00
2.116804703061400339e+00
2.085079334404196238e+00
2.095983614696847575e+00
2.146738036608269784e+00
2.069421340159764533e+00
2.141636548197220158e+00
2.186282025947487107e+00
2.277436754667931940e+00
2.296614660702584132e+00
2.298203755114724522e+00
2.252275618480861663e+00
2.323968786927962604e+00
2.305312080710927525e+00
2.288008685181330826e+00
2.300537109920640422e+00
2.297221189443210410e+00
2.276744913383917268e+00
2.269222067889946182e+00
2.243263076425874303e+00
2.354616912014826813e+00
2.355954526963475626e+00
2.281991754786089288e+00
2.278330793242651087e+00
2.323649076483375264e+00
2.312069378424211674e+00
2.320863148523824027e+00
2.297909336291895421e+00
2.336854528528766739e+00
2.334197370500820323e+00
2.403330405983685747e+00
2.365146525130918054e+00
2.262097010271636677e+00
2.281001681842353079e+00
2.291126888779150494e+00
2.276199112449483142e+00
2.327113657359119792e+00
2.282724627283435836e+00
2.252299067198741511e+00
2.223981684168591322e+00
2.203673701817460362e+00
2.175589279265896181e+00
2.214705685896597664e+00
2.217982336760855322e+00
2.278102844144423766e+00
2.255364737531171393e+00
2.245732191912419129e+00
2.321493822541859320e+00
2.319910593314283620e+00
2.293910184510557393e+00
2.330714002222928460e+00
2.332233048054774827e+00
2.394823694316912999e+00
2.358989461255779574e+00
2.305746234723346166e+00
2.312608065329153195e+00
2.325186320511817506e+00
2.412730226106822418e+00
2.376296023783492473e+00
2.352437691283393750e+00
2.362628516120479638e+00
2.357466121133661829e+00
2.405859576870989169e+00
2.460564141454446574e+00
2.506650235880966804e+00
2.499393013740310199e+00
2.557171972323114328e+00
2.444579278787475829e+00
2.425661299973874918e+00
2.400505215815153193e+00
2.331598416182904199e+00
2.330516330808037662e+00
2.314003495730511339e+00
2.321848931485687384e+00
2.204314658823085082e+00
2.231146200306033389e+00
2.215526106343128632e+00
2.219217773002729821e+00
2.232154799794036304e+00
2.251593385988807761e+00
2.237133620990144234e+00
2.224843041828334034e+00
2.224161891971047744e+00
2.268906163730738612e+00
2.266886223057402283e+00
2.252363913876896717e+00
2.185296738829460406e+00
2.085313184423512212e+00
2.089263318409544823e+00
2.097913475318659238e+00
2.065908986947048831e+00
2.040349740977072557e+00
2.075395679754955314e+00
2.108387846466118543e+00
2.077408239240437382e+00
2.112358099739040984e+00
2.163038359417342793e+00
2.170129249383918602e+00
2.170249186073526459e+00
2.284307276225785444e+00
2.255151384025356975e+00
2.267375311382180847e+00
2.228633760867094527e+00
2.218965917354096540e+00
2.235650648229082993e+00
2.212675033993809048e+00
2.238938255520807719e+00
2.259057636164741201e+00
2.219558956336129985e+00
2.237279113746773795e+00
2.243309453271622456e+00
2.304129074323937321e+00
2.414220151116874824e+00
2.396683419193383457e+00
2.365875953691169986e+00
2.430380746303651307e+00
2.435695355356378933e+00
2.482253364160090570e+00
2.433765965520323427e+00
2.495560634189647686e+00
2.549218059209498843e+00
2.504623052912080983e+00
2.422391014396899855e+00
2.408802608926087885e+00
2.407701835337376917e+00
2.421096210383147262e+00
2.418273753055182773e+00
2.450555937508684057e+00
2.460320375856444919e+00
2.436535238464835995e+00
2.490047331592698310e+00
2.439129902913092174e+00
2.459380220625747793e+00
2.478605465677284236e+00
2.461378006420690046e+00
2.460361976776253901e+00
2.445012276791559636e+00
2.435620463005590430e+00
2.460602122437667738e+00
2.475493219154408564e+00
2.472953820731793595e+00
2.482568324515859182e+00
2.497117790668900827e+00
2.535403553513352115e+00
2.525441402545001157e+00
2.448927388845888675e+00
2.430154790672324872e+00
2.426256494766100058e+00
2.452036640990138849e+00
2.451034374541005256e+00
2.424255581140108973e+00
2.418813063595830037e+00
2.425124506945489422e+00
2.394614621986451031e+00
2.423870167362347061e+00
2.391396247242207007e+00
2.407337939659063064e+00
2.354921762984875766e+00
2.313810825012420747e+00
2.322886218058420660e+00
2.311626528661034907e+00
2.313366927457510602e+00
2.276254753173129863e+00
2.274260943157728754e+00
2.252198636991946668e+00
2.247411641202881949e+00
2.217594110943911012e+00
2.231461635310673319e+00
2.229813540308836384e+00
2.226112989269691145e+00
2.279847079458272141e+00
2.273532217165057379e+00
2.325905577819304515e+00
2.294818925015313482e+00
2.294788911804460874e+00
2.314173226888934565e+00
2.328621541419541696e+00
2.320762729715680095e+00
2.358345927991723823e+00
2.341034334724902521e+00
2.331029961029235764e+00
2.354663432433577785e+00
2.328085184447251432e+00
2.366880544771117201e+00
2.376147148097190076e+00
2.385252188350157621e+00
2.421701427001217599e+00
2.425824021735568881e+00
2.398830635794018118e+00
2.439709269518750556e+00
2.373703516239675793e+00
2.377923348660754055e+00
2.373175765645409108e+00
2.371621634809364387e+00
2.371094851834974815e+00
2.390227731630871766e+00
2.430696120823062856e+00
2.416648953079422846e+00
2.412776945582522092e+00
2.399660704963496816e+00
2.397754094661361801e+00
2.382133141412781541e+00
2.383530618951855917e+00
2.380034748776722608e+00
2.397322487701568861e+00
2.355681935825554074e+00
2.334672678000940582e+00
2.368546235352693596e+00
2.353942241849444006e+00
2.352469030508767656e+00
2.358007989636754953e+00
2.287973640803684372e+00
2.280818297381598470e+00
2.292490067434451717e+00
2.288585123909451902e+00
2.354464951697533337e+00
2.376815566396500934e+00
2.352661296179615391e+00
2.351425684838673202e+00
2.358605146123191165e+00
2.349048028267417987e+00
2.347157787015099473e+00
2.355562272817415259e+00
2.378056392714409384e+00
2.409388187956201577e+00
2.386868754862529141e+00
2.408230366483547602e+00
2.385702742772378038e+00
2.376898009040246951e+00
2.386178249180209043e+00
2.469851398011414290e+00
2.496011477654516586e+00
2.527493868404421029e+00
2.487033902895329440e+00
2.508980563954935405e+00
2.510101271088130304e+00
2.541800542225668647e+00
2.617950659579005634e+00
2.639484368216732157e+00
2.543967569839510112e+00
2.525695401228718051e+00
2.531106405394230041e+00
2.450799884469850642e+00
2.468234655931901944e+00
2.446118385164492981e+00
2.426539058226790946e+00
2.410521757484465510e+00
2.412305316525436449e+00
2.439115823874580702e+00
2.432663656432961563e+00
2.450805216178191692e+00
2.432848367846764059e+00
2.467101705811470147e+00
2.411157691761097510e+00
2.403421817844653141e+00
2.396898272582128175e+00
2.376438187861339202e+00
2.340954460066908993e+00
2.391162641403890454e+00
2.371372009349369758e+00
2.288252804829385756e+00
2.295962024301213766e+00
2.198428326542947175e+00
2.189787746551732361e+00
2.254680903704028960e+00
2.238119238331432115e+00
2.229061009119022163e+00
2.273154567052010133e+00
2.275217863051115508e+00
2.289312743311906484e+00
2.313168598979562507e+00
2.329855174865206546e+00
2.340582165279461169e+00
2.316184900156627702e+00
2.311590668660752801e+00
2.282526921329742997e+00
2.307430234959674475e+00
2.292280710188064230e+00
2.328189561167197663e+00
2.341028251713410224e+00
2.302516487659147959e+00
2.337332487456387220e+00
2.344785970424578370e+00
2.318550730490247513e+00
2.337898831441251879e+00
2.408231954164254063e+00
2.399646439506988749e+00
2.445292700217584603e+00
2.440952455562542589e+00
2.462392103188222325e+00
2.439535247191105594e+00
2.439840140253524137e+00
2.500169717837696481e+00
2.462100984415147131e+00
2.415077922675286537e+00
2.426286966134918899e+00
2.442377814391505364e+00
2.457420788785438681e+00
2.462457821225487287e+00
2.354746518187702975e+00
2.414315582925920189e+00
2.374464670617441708e+00
2.375600398121618717e+00
2.418230391236572796e+00
2.399103776964299328e+00
2.400186994200820934e+00
2.387695357527847229e+00
2.385998387827734657e+00
2.422966755411255058e+00
2.373961624059801157e+00
2.391106582179431062e+00
2.434549647986421483e+00
2.427168541313890593e+00
2.375594872806773505e+00
2.342648661454791448e+00
2.355123058302373895e+00
2.364982451397992236e+00
2.338971750819618833e+00
2.356478819147872272e+00
2.401912183748390106e+00
2.370051744445949016e+00
2.347669333064653863e+00
2.303911838904842302e+00
2.321891339504742025e+00
2.349750779658103639e+00
2.302108410991516418e+00
2.308155986496431833e+00
2.287355670163896182e+00
2.294791536718950642e+00
2.290707984626758620e+00
2.290890766472601481e+00
2.298783522576143490e+00
2.318403265908777211e+00
2.307799434717988873e+00
2.326837720523539765e+00
2.337699558100789332e+00
2.331480063585427143e+00
2.363339998572380196e+00
2.404827895540997851e+00
2.444837663556429064e+00
2.463340058321174642e+00
2.466023599051361259e+00
2.477740802545993937e+00
2.444839657810262690e+00
2.439293917459121275e+00
2.424787244186720869e+00
2.409556245989069811e+00
2.453572558503859025e+00
2.420746384356893710e+00
2.484561660358143964e+00
2.479121811396927999e+00
2.449132990668800414e+00
2.483320700494084043e+00
2.458176327645205106e+00
2.436903230549002153e+00
2.441350638213201307e+00
2.428799857839893050e+00
2.380503219948866267e+00
2.395730209535047006e+00
2.401484238383369441e+00
2.407134745027588618e+00
2.390988984164503339e+00
2.359168847758564169e+00
2.358638140687883578e+00
2.361254869870136108e+00
2.350565626392668861e+00
2.336437081550605921e+00
2.338287883074391615e+00
2.391826821055503594e+00
2.417198817612749906e+00
2.428864466912886488e+00
2.440554941228037400e+00
2.411296717844503945e+00
2.445910045562916135e+00
2.447554721467916305e+00
2.483407146937524068e+00
2.511585704069591252e+00
2.518138210941210264e+00
2.520109973424154770e+00
2.531342382983047923e+00
2.569471890595898422e+00
2.552902194982936024e+00
2.596588566818213817e+00
2.569792589588096643e+00
2.578079781887534061e+00
2.574236665926429968e+00
2.553761940418286969e+00
2.515504516684285541e+00
2.511806027034876543e+00
2.469905435490012291e+00
2.490872472709253493e+00
2.461215747753609406e+00
2.451803510058718327e+00
2.456585173946853828e+00
2.432336359103454360e+00
2.452886359877391786e+00
2.463297451776501390e+00
2.499847734535475041e+00
2.477680563848522866e+00
2.516418944337728725e+00
2.506396570176590011e+00
2.518677989023962116e+00
2.498506867938842912e+00
2.489959505411741159e+00
2.542827337911312657e+00
2.518455068102242844e+00
2.515716680559663576e+00
2.451159632275844213e+00
2.437689980904518272e+00
2.420125680660145218e+00
2.409700719775079047e+00
2.416077859247394155e+00
2.478128103247064118e+00
2.513338507268873201e+00
2.487095743138903803e+00
2.503867953739683294e+00
2.542122509391535612e+00
2.531150303824150516e+00
2.486589586035055532e+00
2.466052915082153074e+00
2.471056282782038149e+00
2.491008779703279608e+00
2.482069579903658507e+00
2.475451346542210995e+00
2.461883472708030318e+00
2.422926631816336940e+00
2.422724393454777747e+00
2.436017106939251331e+00
2.444765503957504027e+00
2.377877457901477420e+00
2.324125520662588595e+00
2.340100740353004749e+00
2.398839183714537082e+00
2.432141986191190153e+00
2.449196226596543458e+00
2.439995265529000257e+00
2.448132422077294201e+00
2.483706302374795616e+00
2.431975902539726953e+00
2.454540644416746353e+00
2.454271093581503305e+00
2.433021913938754555e+00
2.368037616022237835e+00
2.272506247144380431e+00
2.306757545265726517e+00
2.248295648444399664e+00
2.237627388355157176e+00
2.232519402684466137e+00
2.228135293696245522e+00
2.211949851611070272e+00
2.258901132787142885e+00
2.260357811942755202e+00
2.265204148835406883e+00
2.271174579480044642e+00
2.290431782080168510e+00
2.346982953833586016e+00
2.275655754724338120e+00
2.284870046998785487e+00
2.288935244757531962e+00
2.258815615024407197e+00
2.276685799291022771e+00
2.269776950072076804e+00
2.236716263383063286e+00
2.248161841035658970e+00
2.278452675745299416e+00
2.214494153122985587e+00
2.233872805665744199e+00
2.280195541178465124e+00
2.414887849683506449e+00
2.354547427065947218e+00
2.381687130098487870e+00
2.326699412381547649e+00
2.285570408792672037e+00
2.326207566677676475e+00
2.302044218653613861e+00
2.294526877756513983e+00
2.283511495035132288e+00
2.245674780624206779e+00
2.249109307672735536e+00
2.245560126069650497e+00
2.224964410918633728e+00
2.318987838477381214e+00
2.310063121140005560e+00
2.312910107725923314e+00
2.336740458677309729e+00
2.313653385947382901e+00
2.354487924305819213e+00
2.349634295900594250e+00
2.389558967740552209e+00
2.374007285088314934e+00
2.419549497970627350e+00
2.394205664998592553e+00
2.427507732747970159e+00
2.420836779899567581e+00
2.415021287265951777e+00
2.440739991779963258e+00
2.495930246290571475e+00
2.500015890980016309e+00
2.466863657822104816e+00
2.484967118860291091e+00
2.519863381457610352e+00
2.557613680280016233e+00
2.511138451221063939e+00
2.489188346060394075e+00
2.502058189077186245e+00
2.523664256491105373e+00
2.504960596289965924e+00
2.518855243513503428e+00
2.461664158442474104e+00
2.465350148411826314e+00
2.480149326484951011e+00
2.452326151565252133e+00
2.472536460422220639e+00
2.469577357016494279e+00
2.463818419864782339e+00
2.478944641108435043e+00
2.485962682000492308e+00
2.489830673047251253e+00
2.464683783075958257e+00
2.531089917367729036e+00
2.525497985200211293e+00
2.501019443399919773e+00
2.523426097672189616e+00
2.520153577236146525e+00
2.556771841212908569e+00
2.511930776123867837e+00
2.492615193992004485e+00
2.581046417135629323e+00
2.578372859523626826e+00
2.602323456933297141e+00
2.588563790340828952e+00
2.567911497071920124e+00
2.546323451420418049e+00
2.578129510438349925e+00
2.570408296143549265e+00
2.574916918278981726e+00
2.567695347019434138e+00
2.589664108583630497e+00
2.559322167753771193e+00
2.600546792383567674e+00
2.593513515465904362e+00
2.614315539413211820e+00
2.553072637971724568e+00
2.523767423542235377e+00
2.541416788466716259e+00
2.546661075660647366e+00
2.560791217535729469e+00
2.621258073904845443e+00
2.637054930474229675e+00
2.653647111765847555e+00
2.638427692288988879e+00
2.636938672006559958e+00
2.565849998284172706e+00
2.576112222734613599e+00
2.570843215834627049e+00
2.582533421677772889e+00
2.585746425039691321e+00
2.580010026917224586e+00
2.599428361892275774e+00
2.566165893152505983e+00
2.580082379087595523e+00
2.614027508160340130e+00
2.594944631493589338e+00
2.579890425782017882e+00
2.530721798527309829e+00
2.552704340279020379e+00
2.553114444895653978e+00
2.632181778815300799e+00
2.688548786355720477e+00
2.591990766210590103e+00
2.567341934168295925e+00
2.525288934789705397e+00
2.483299710629204515e+00
2.480733035123836139e+00
2.419706050319246238e+00
2.443480363142434886e+00
2.420901976996292948e+00
2.513546738058130448e+00
2.521043991167951415e+00
2.506704795048797063e+00
2.499626691974807358e+00
2.504593512757121498e+00
2.501822716355446730e+00
2.488784823137707658e+00
2.497202635082479194e+00
2.470462502741907596e+00
2.438567835709835485e+00
2.357873267448735710e+00
2.373442550829885977e+00
2.414876728067524070e+00
2.407116579004761725e+00
2.382813750496023175e+00
2.322559080965704847e+00
2.299105094188629739e+00
2.338308114730033083e+00
2.358969307402434712e+00
2.403744196672919831e+00
2.417977754116679812e+00
2.390749537107310196e+00
2.419538863660083639e+00
2.444173044331322320e+00
2.448530429448988688e+00
2.396893282705815587e+00
2.388801326701482264e+00
2.386507330274368677e+00
2.396765538619762825e+00
2.351572003333443295e+00
2.338741436019541986e+00
2.349643458852006539e+00
2.366524747693063535e+00
2.364619715148139178e+00
2.389468241374755220e+00
2.485351000648197584e+00
2.450268022680315294e+00
2.434001270159424468e+00
2.406080150371217474e+00
2.412147677993304651e+00
2.480858033239806471e+00
2.508853836737749532e+00
2.518206117351079243e+00
2.522710401445131367e+00
2.470020443951447486e+00
2.459919423730208887e+00
2.387181241765664375e+00
2.353992149478178586e+00
2.326213686662942148e+00
2.369354780983170983e+00
2.305647135710131135e+00
2.331148102151380463e+00
2.345482306654994353e+00
2.266657201263210908e+00
2.328481046175358227e+00
2.367267852147195040e+00
2.321277704311381473e+00
2.288420771866083392e+00
2.311923019801342960e+00
2.316366031935241931e+00
2.297558609789529527e+00
2.310449229703413376e+00
2.310065532950614120e+00
2.356058712817834522e+00
2.353990344828781556e+00
2.306473098830003288e+00
2.306669117337488473e+00
2.278265558171806759e+00
2.286000839252187777e+00
2.345047998613734030e+00
2.331064578429795642e+00
2.406786759212220073e+00
2.420279908439119332e+00
2.354855295082037170e+00
2.314180407456389421e+00
2.391068375746664199e+00
2.381102944512609731e+00
2.385758572579558034e+00
2.475353359637102013e+00
2.453835918363966417e+00
2.436956530434502444e+00
2.494249547056582195e+00
2.511116737751367900e+00
2.499808936357957645e+00
2.476827513366246070e+00
2.441246059834427662e+00
2.469900604442130554e+00
2.420262535913775270e+00
2.417328983956416266e+00
2.437647083724039820e+00
2.421118202407098519e+00
2.432461204376996644e+00
2.426800691593348436e+00
2.389792079164014371e+00
2.379604121221218005e+00
2.377236669053269136e+00
2.412293107295325978e+00
2.390201480039271242e+00
2.465945150354116766e+00
2.497529669227549487e+00
2.486184206042367340e+00
2.396054247310239749e+00
2.409659178589135919e+00
2.408938479285766210e+00
2.428934930457627761e+00
2.445629761940539826e+00
2.441963808843315764e+00
2.474964854804393433e+00
2.450777306841966485e+00
2.437189456957092215e+00
2.490480355128850132e+00
2.458281323291807041e+00
2.519427877081768852e+00
2.467721898514496637e+00
2.448183127654234070e+00
2.509847992944336692e+00
2.494528932832427159e+00
2.451917871467420351e+00
2.475639820277504288e+00
2.414892915726004841e+00
2.461222150163818512e+00
2.423285839381186690e+00
2.476052306344386889e+00
2.493652574831406454e+00
2.465152554473168500e+00
2.492489885824341389e+00
2.538860316838591480e+00
2.523854719458504814e+00
2.466282848869314481e+00
2.449904079987906158e+00
2.449444987306200971e+00
2.386173685854975801e+00
2.367856319445718505e+00
2.341939986440904953e+00
2.367336629257228875e+00
2.360368272396892841e+00
2.390326294033894960e+00
2.394300228288415600e+00
2.375195592202988149e+00
2.388247962759478593e+00
2.361328394269095021e+00
2.360850107589234526e+00
2.430403344296322654e+00
2.423846139837154912e+00
2.491840110377530948e+00
2.454393577777960189e+00
2.500123043103798626e+00
2.474850836036178059e+00
2.430093505169309331e+00
2.470129857699045584e+00
2.438164483325362397e+00
2.432108860458309429e+00
2.398376518320130213e+00
2.444062611045263456e+00
2.393900069829555388e+00
2.344969711506357690e+00
2.410740519928778802e+00
2.420878328469980190e+00
2.460168044690664413e+00
2.435474480464501656e+00
2.423325937901279925e+00
2.441852983556011658e+00
2.403241660728915097e+00
2.413675168161869333e+00
2.437935201000177798e+00
2.460044344217935830e+00
2.469767713421607613e+00
2.493735261065201048e+00
2.454746937244974170e+00
2.430499627013109620e+00
2.443012661759826898e+00
2.415445247627478143e+00
2.435262918488929618e+00
2.457243287541836629e+00
2.379934896458549165e+00
2.418191569358444593e+00
2.457832250595539225e+00
2.501281758265366140e+00
2.512512640382865481e+00
2.466950476614981458e+00
2.498522758281421563e+00
2.489767635902294440e+00
2.496446448806657337e+00
2.475023817770222845e+00
2.466529489203742376e+00
2.489649582037635422e+00
2.453360809434793399e+00
2.466113541112854968e+00
2.455474631439242383e+00
2.412341341597947775e+00
2.393656863013405189e+00
2.348843261793771120e+00
2.333826791175696247e+00
2.370904458382411040e+00
2.359195005280846580e+00
2.345411098654343274e+00
2.350690348674038255e+00
2.313208202605694375e+00
2.328748796262989806e+00
2.369739457599858490e+00
2.349538254406175586e+00
2.347496582047427172e+00
2.334006525365333040e+00
2.336826794008599606e+00
2.441878275267625131e+00
2.468914643283388610e+00
2.486815099835914644e+00
2.482079769328717322e+00
2.505138681030435688e+00
2.510835424816310280e+00
2.485246377182760202e+00
2.513821759797585820e+00
2.524031532751248363e+00
2.557405487909080843e+00
2.617256921485475285e+00
2.621824409272250023e+00
2.690204452297354276e+00
2.668097193885616392e+00
2.603884340740790115e+00
2.649151223879876671e+00
2.684358993171187979e+00
2.651275764043828254e+00
2.657141320672465223e+00
2.639412561068190222e+00
2.618865895555404499e+00
2.577472465500507681e+00
2.587314541223381337e+00
2.571768255145433280e+00
2.575706153142549582e+00
2.563896857787291150e+00
2.580680865758315345e+00
2.553333105587179297e+00
2.505936462814667198e+00
2.511871754894611009e+00
2.538657370471236963e+00
2.524425782590676626e+00
2.453306510655686612e+00
2.407300370142393842e+00
2.377077059976286044e+00
2.370794606024424045e+00
2.351469892482076940e+00
2.302928615030250814e+00
2.329231760903676562e+00
2.355279445778178715e+00
2.302592781570965030e+00
2.287511157386024063e+00
2.299834880746427945e+00
2.344772529639617797e+00
2.355626868871534274e+00
2.388791034449112338e+00
2.389422612592928985e+00
2.372336272204838004e+00
2.397457229844209614e+00
2.397641831410779467e+00
2.399703329870711777e+00
2.371361401338221153e+00
2.362872514639915433e+00
2.398514965187640069e+00
2.357598899744518750e+00
2.371755844282957160e+00
2.398886634814965557e+00
2.465391579963857716e+00
2.502892869411061483e+00
2.533979943591481376e+00
2.521086009888991786e+00
2.492931224821990366e+00
2.487589349774881331e+00
2.485162540136862663e+00
2.545796253916401408e+00
2.521396588778410663e+00
2.514370830117321542e+00
2.535915550430942300e+00
2.530687052425403927e+00
2.514547259006977065e+00
2.517192750833234793e+00
2.563551482197471643e+00
2.557563404043990740e+00
2.493041611882580888e+00
2.472358047441390649e+00
2.462555355275894531e+00
2.392272513819189150e+00
2.314639522652665704e+00
2.299150733537852265e+00
2.333164179477943634e+00
2.329804007057146631e+00
2.316078334832650132e+00
2.315116690190389015e+00
2.319520500832729759e+00
2.352951782194359520e+00
2.342476705347487531e+00
2.374643013635418409e+00
2.407489049220087551e+00
2.379004589243181034e+00
2.387398690090679398e+00
2.420455924268627435e+00
2.428370291056922703e+00
2.430165897273607989e+00
2.422211463204679394e+00
2.421387667762127105e+00
2.415851342745182428e+00
2.428763665223858670e+00
2.458151801164282446e+00
2.504553802428846954e+00
2.518940257207384015e+00
2.528143878996177207e+00
2.614647646770976941e+00
2.741116336068391224e+00
2.738617418139774884e+00
2.741732573791571426e+00
2.749874724218781985e+00
2.762009425736692947e+00
2.739440856199753416e+00
2.748505161978688882e+00
2.693923177407050229e+00
2.720011143827973488e+00
2.724293648980551819e+00
2.689548836548724342e+00
2.704148294582046752e+00
2.679339818358623670e+00
2.707546023615321484e+00
2.642245883433413933e+00
2.638046558897482630e+00
2.643794291152214537e+00
2.602931866164591490e+00
2.629658808688284832e+00
2.626694339220819963e+00
2.602989063851268714e+00
2.620859803931314236e+00
2.639124512228429253e+00
2.629768467053371861e+00
2.654370105627521959e+00
2.648944596737055956e+00
2.654563066399020954e+00
2.679169687353232465e+00
2.647254641071135950e+00
2.517663378880837577e+00
2.497867323565990727e+00
2.485848268654145432e+00
2.525147915110169006e+00
2.493734898244665654e+00
2.519623569613082203e+00
2.549276459363377434e+00
2.568746594693331442e+00
2.541433436725839101e+00
2.517375635794186106e+00
2.601263497528490287e+00
2.625149117873002425e+00
2.584070035852703118e+00
2.621481341628768558e+00
2.587839294457243700e+00
2.552485450456403626e+00
2.559581922337541116e+00
2.540878002971555638e+00
2.497953147326112955e+00
2.513209594859841634e+00
2.454777160193638785e+00
2.437474470708702601e+00
2.467038780136849851e+00
2.384843852690600841e+00
2.398844842769096708e+00
2.542464070226913897e+00
2.553678046656151945e+00
2.557237644324251935e+00
2.560399103079745053e+00
2.519965894649999427e+00
2.473794817487910080e+00
2.443845095733709449e+00
2.430094063850514186e+00
2.436464124912223195e+00
2.442328910068057191e+00
2.409464921884481026e+00
2.377039249591275993e+00
2.345739828039419272e+00
2.386226104193998054e+00
2.383312216604532630e+00
2.379055181490346449e+00
2.377077807810206167e+00
2.378125882445961015e+00
2.393776796114985839e+00
2.393039391034395003e+00
2.436517527085521717e+00
2.423414106621907482e+00
2.410995036865702268e+00
2.426123561276456453e+00
2.411729272754216780e+00
2.388817718710482207e+00
2.403336657382526553e+00
2.393311510386797902e+00
2.358883210775828410e+00
2.387904627529617851e+00
2.372271136702072791e+00
2.375729390781345707e+00
2.405819463682544068e+00
2.400796297104497157e+00
2.386854095765569284e+00
2.409967101519532306e+00
2.402536787768880355e+00
2.412851987957272737e+00
2.394181999117656723e+00
2.388930453221683070e+00
2.383118751477727226e+00
2.379281513325943731e+00
2.369522989753269027e+00
2.346276166985520995e+00
2.347500207566257657e+00
2.344166971581915782e+00
2.349343527489800909e+00
2.325682955733852086e+00
2.370274513616997147e+00
2.368193804338915243e+00
2.354534713410429525e+00
2.370567752012526341e+00
2.360468090774630934e+00
2.360763259010040027e+00
2.335812521530078456e+00
2.379166798183288911e+00
2.398661401580520103e+00
2.345921283270294921e+00
2.361145723479432412e+00
2.367946625118615422e+00
2.352227947284250220e+00
2.373568059425647192e+00
2.412157652232679972e+00
2.379475163960349082e+00
2.406613378556239802e+00
2.415900754387899863e+00
2.389933295056513973e+00
2.395206058792689330e+00
2.419893143434097116e+00
2.402839180515667472e+00
2.419692438264696932e+00
2.441349532674219169e+00
2.443372892560514043e+00
2.460280673585840461e+00
2.465941651764409048e+00
2.468355402599339499e+00
2.420658816580418815e+00
2.425229318628439046e+00
2.417945586640767086e+00
2.460436640095138294e+00
2.408205605866545529e+00
2.408088644522086597e+00
2.437152513222638817e+00
2.433172474079498215e+00
2.428415414058247901e+00
2.429294958997763931e+00
2.451738653586524208e+00
2.458459906788605931e+00
2.473366715518551917e+00
2.492213051497319753e+00
2.533379175382966864e+00
2.530085956315280438e+00
2.516660884317142965e+00
2.538397038701241115e+00
2.520992273704261599e+00
2.483535637340863467e+00
2.495089110727950477e+00
2.537856612978099502e+00
2.507220522734013191e+00
2.506582559176194547e+00
2.528516979474912052e+00
2.537326452661957443e+00
2.531128056668459525e+00
2.570859478606256854e+00
2.556413663826010652e+00
2.616330462069187845e+00
2.599447681825998835e+00
2.552922823861681234e+00
2.560998778499332662e+00
2.546613620762303576e+00
2.549902026540086908e+00
2.516003597331251562e+00
2.511133194940261770e+00
2.509676260542176962e+00
2.429329425507447571e+00
2.434433831229532608e+00
2.457951577701206425e+00
2.438040532530056481e+00
2.398797814577153797e+00
2.413474742311429555e+00
2.396674037756547193e+00
2.369998287635397993e+00
2.339247945815988050e+00
2.354978077706459061e+00
2.359043226145572714e+00
2.322867380336202547e+00
2.364595621250208612e+00
2.376075313672086686e+00
2.330610450028573588e+00
2.355708890344485162e+00
2.334683420924484665e+00
2.329204568658378882e+00
2.377913998876458379e+00
2.405839581173954578e+00
2.465240455956726251e+00
2.457276964876784930e+00
2.447073256698271138e+00
2.470844454949682856e+00
2.462958559645259005e+00
2.499194041811202194e+00
2.446362176967630919e+00
2.464311931733286887e+00
2.466883496789705532e+00
2.515283060405910653e+00
2.467982350997009799e+00
2.488947009888039297e+00
2.498793372232892995e+00
2.514739301090531232e+00
2.515006549762734078e+00
2.510369926808212693e+00
2.506793643852655684e+00
2.455001479446047963e+00
2.436962524369806093e+00
2.471463839136736063e+00
2.472701237941484997e+00
2.506816090607312031e+00
2.526521872154323223e+00
2.490508867614060762e+00
2.410063758887016849e+00
2.385233619936439009e+00
2.401629288508024818e+00
2.419542282246390119e+00
2.409442537398080120e+00
2.392883562136565168e+00
2.418204457156480469e+00
2.440672873048517655e+00
2.399864375596742150e+00
2.471884569041401303e+00
2.445863575121560274e+00
2.487339533194137697e+00
2.536126150130423085e+00
2.504149044503906296e+00
2.527267848795485161e+00
2.544578456952660162e+00
2.527277550428950192e+00
2.601015159541992361e+00
2.655691670311483232e+00
2.698486826860786003e+00
2.667424056011728162e+00
2.579373209812540590e+00
2.588568195153464480e+00
2.610519978986851175e+00
2.631881471527162564e+00
2.675280016659352889e+00
2.689921672696250710e+00
2.661352522516212460e+00
2.661528407414656794e+00
2.603074895105041531e+00
2.655455106393045384e+00
2.649947728216584864e+00
2.682306941071468387e+00
2.714562577053458714e+00
2.654981351299954273e+00
2.670429297193606999e+00
2.697425683992162426e+00
2.639959492405866470e+00
2.665865881674051696e+00
2.639620863782091043e+00
2.624164666645949051e+00
2.643209737872918463e+00
2.570391840137845829e+00
2.535166677674783653e+00
2.518431090383264070e+00
2.546008295323722859e+00
2.569585443001010550e+00
2.531002362230605929e+00
2.471225696891562684e+00
2.495768019346919164e+00
2.501559399237625936e+00
2.479973662383526012e+00
2.487492811463940967e+00
2.490028072253374081e+00
2.559831342468583681e+00
2.545242386283419922e+00
2.514953172029732897e+00
2.510900051822431589e+00
2.464135936900256674e+00
2.477319341485783699e+00
2.442560786031084952e+00
2.413091106221294524e+00
2.388675120608086289e+00
2.373532872968060037e+00
2.362893871435158388e+00
2.361490965160863542e+00
2.355434542039496648e+00
2.354681945541034604e+00
2.355163298910529335e+00
2.338920262908608994e+00
2.334456534997740196e+00
2.363364905947061612e+00
2.375825484933687726e+00
2.412457378655405549e+00
2.381417975555412347e+00
2.327555482797938335e+00
2.281093954764075171e+00
2.309876260694320838e+00
2.279548458128233257e+00
2.285363590968836345e+00
2.271999474691134946e+00
2.293509065538847480e+00
2.239256638697888047e+00
2.206910209070434004e+00
2.223304824127752877e+00
2.248311475534973347e+00
2.268329197536114172e+00
2.286459973100542609e+00
2.328118749479863858e+00
2.347586031440183074e+00
2.350745915152162802e+00
2.390515614717205750e+00
2.419181239111702908e+00
2.409106269622329766e+00
2.442156870822144832e+00
2.436096286793089760e+00
2.469234229968759742e+00
2.494288148095543001e+00
2.465854433029890824e+00
2.465702333475943586e+00
2.510482232058544039e+00
2.548149183032316412e+00
2.504564429429871009e+00
2.554632730079249736e+00
2.492063947836325344e+00
2.523332954964035313e+00
2.520294937905304788e+00
2.596998623312689158e+00
2.645168790755857202e+00
2.624082910867261198e+00
2.603596585690093335e+00
2.609272199574906637e+00
2.568426911604741125e+00
2.530379653964711650e+00
2.506633728725999433e+00
2.530290733573132389e+00
2.507311373547727484e+00
2.474352057025149598e+00
2.470720978717499072e+00
2.447363372226687872e+00
2.461807388718912026e+00
2.471695873574108582e+00
2.433149380927830396e+00
2.472656821045614794e+00
2.513650806374884805e+00
2.543840011338261764e+00
2.543595025485943406e+00
2.553207249752956987e+00
2.492546465130741407e+00
2.527267862364889428e+00
2.518312195363035411e+00
2.516901146967390535e+00
2.492735484810428392e+00
2.498763714652549872e+00
2.528834694803634875e+00
2.503058191115867803e+00
2.490922622457367730e+00
2.551892190279138273e+00
2.558540217699977415e+00
2.593661540283883404e+00
2.571495245248843542e+00
2.569822599348480008e+00
2.615645124070949734e+00
2.613150473804013885e+00
2.634985583283445898e+00
2.632715745954367748e+00
2.584111870764432606e+00
2.529472853157413326e+00
2.530122638422473091e+00
2.472289360755312693e+00
2.435781335119162172e+00
2.432227650435399013e+00
2.433689640308792868e+00
2.470984700472432571e+00
2.474160171454325319e+00
2.442876954197402473e+00
2.395012330513234478e+00
2.388488067462892772e+00
2.391807486917362890e+00
2.370860319274455730e+00
2.431380516933091762e+00
2.448694342985459738e+00
2.439460905755209019e+00
2.415357058330868778e+00
2.388116211315935988e+00
2.392677280903541703e+00
2.375435968169592460e+00
2.332461708227770103e+00
2.347251341496555899e+00
2.354160352723126515e+00
2.326830843186437736e+00
2.319855802550547796e+00
2.386777513237516413e+00
2.368927059163064452e+00
2.417174414054999332e+00
2.460284584824602661e+00
2.481094889126147507e+00
2.506008317390495677e+00
2.519729223447155331e+00
2.538786387807290268e+00
2.566896727155233648e+00
2.627911737992387309e+00
2.663227179914371856e+00
2.678911959150285682e+00
2.672054900775134190e+00
2.660230380470653078e+00
2.648154174066663202e+00
2.683902550458935554e+00
2.731350605526309483e+00
2.696928765094748215e+00
2.718238444404271981e+00
2.722037482377769990e+00
2.732031592584675206e+00
2.755485146426887244e+00
2.722335345672302509e+00
2.742029436374318951e+00
2.786513861624273947e+00
2.725633734063283242e+00
2.729868107460142301e+00
2.684622101980499220e+00
2.632507872705652563e+00
2.641739970567918760e+00
2.609039932425205155e+00
2.598652122644583784e+00
2.598806987607218844e+00
2.635355699714297284e+00
2.650123986070065829e+00
2.610345030241494335e+00
2.623172077715831385e+00
2.639481727599843452e+00
2.582534989065010667e+00
2.598817050823471586e+00
2.561397765402644300e+00
2.543559552460664008e+00
2.611936025614938206e+00
2.572463291886491810e+00
2.533954255494907493e+00
2.559577284067159120e+00
2.544874881320274618e+00
2.580694236494847527e+00
2.577006428049202658e+00
2.532479843102405592e+00
2.567759980830869981e+00
2.546935238910688959e+00
2.533675176546848373e+00
2.539873450163976809e+00
2.563709419957077351e+00
2.584223963514310718e+00
2.618009842686229938e+00
2.549399718755422040e+00
2.500397102657146764e+00
2.451164896468449594e+00
2.456528086760389140e+00
2.447413347400299699e+00
2.448863555853784568e+00
2.498250305206329624e+00
2.503860282724197361e+00
2.524326040797530091e+00
2.549901489291876544e+00
2.497178591695701666e+00
2.488965930015501371e+00
2.544352881200961480e+00
2.569408035965804693e+00
2.542980283865005298e+00
2.533106800203983600e+00
2.554248434005002899e+00
2.494477975779653356e+00
2.534670525873734537e+00
2.535504164138460137e+00
2.566662125550298601e+00
2.570527045047975800e+00
2.565541378860939137e+00
2.594559653673559563e+00
2.538903024414896681e+00
2.548745439965589998e+00
2.573363062483243091e+00
2.620467824015026093e+00
2.635763920796143633e+00
2.675422101726148139e+00
2.651366402039976755e+00
2.656901590537125379e+00
2.598239423308482454e+00
2.597535483451634875e+00
2.569987986178898343e+00
2.613097996116077848e+00
2.585306698172725515e+00
2.570286252345811207e+00
2.541040265138391430e+00
2.561578911684104565e+00
2.534171360807103479e+00
2.540674784620907456e+00
2.631865225655567020e+00
2.639947383464273933e+00
2.651856256938619261e+00
2.666640823000614446e+00
2.698612640553488262e+00
2.671488747161022914e+00
2.654604567115507407e+00
2.699040701130292597e+00
2.777806414701973203e+00
2.742523815282608801e+00
2.761463306466255041e+00
2.728104988300989575e+00
2.689050299310282721e+00
2.700147208131413734e+00
2.684058481925212902e+00
2.653060201669709350e+00
2.612291321888655649e+00
2.608743895047308303e+00
2.609739534909555569e+00
2.659662327785890401e+00
2.656677271038735633e+00
2.661343323779121750e+00
2.670460179385239385e+00
2.659927890803116313e+00
2.622787270535185122e+00
2.646834119641421790e+00
2.602968432342715577e+00
2.567555247823654518e+00
2.557113481926748033e+00
2.537123088971446450e+00
2.543925013070302832e+00
2.536580982467369516e+00
2.483051480163158686e+00
2.473329215088694077e+00
2.504855950914960605e+00
2.467490426377813684e+00
2.488351432510622629e+00
2.471506741481094505e+00
2.473292192999581474e+00
2.473692569075149894e+00
2.515474468758567728e+00
2.545687393557792166e+00
2.549913413903374337e+00
2.538400095910104959e+00
2.477847795381194818e+00
2.483326108048917291e+00
2.482079965143960010e+00
2.493469730285956754e+00
2.488719571644877782e+00
2.520528507489874670e+00
2.480621402643404139e+00
2.486241842350412679e+00
2.564822601111828693e+00
2.504805540980409084e+00
2.438059649830099485e+00
2.421062024085474551e+00
2.392992776363202179e+00
2.431167300521780206e+00
2.367172779614608924e+00
2.361814261752999133e+00
2.387198095961047706e+00
2.367388335291757961e+00
2.380632742207101860e+00
2.385417956148981222e+00
2.355121041360897394e+00
2.332619394405889945e+00
2.323398531660978872e+00
2.324669974278823936e+00
2.325920439027588937e+00
2.354994781017756722e+00
2.367956322976683570e+00
2.392010375294163271e+00
2.371204724513601647e+00
2.408378901542115536e+00
2.370511739397643147e+00
2.379258209615017439e+00
2.388676500096428956e+00
2.337710928222987761e+00
2.375023855357091040e+00
2.463321044278113270e+00
2.473675353543423938e+00
2.489021985072838561e+00
2.487289607511943501e+00
2.454059328127029094e+00
2.448600876999637244e+00
2.409238359118873518e+00
2.438882151756441630e+00
2.441067541302157196e+00
2.470347350635117234e+00
2.445194613193799604e+00
2.509034029237848351e+00
2.516436007673432229e+00
2.514507118175566269e+00
2.525250813269101169e+00
2.543733636103457041e+00
2.548694843993793757e+00
2.528145224022672721e+00
2.560418842804745854e+00
2.515462384838881515e+00
2.535973136521855853e+00
2.510817257333325170e+00
2.478792674692756659e+00
2.495247380745404531e+00
2.513340789692050325e+00
2.502808807154313087e+00
2.499147028248837721e+00
2.420060229391499895e+00
2.433128727557618998e+00
2.540257008033569797e+00
2.532779193717252131e+00
2.569419842091439143e+00
2.539296432392275538e+00
2.547649275529469293e+00
2.527861814660111506e+00
2.595839008461699571e+00
2.541590828620265974e+00
2.546265546439806293e+00
2.518517475142255435e+00
2.496541679203277742e+00
2.472952035772554957e+00
2.433712932782156724e+00
2.450898336695609636e+00
2.443167129762200851e+00
2.395293330004846233e+00
2.385811763931777740e+00
2.363138924405384866e+00
2.395301841862035097e+00
2.393385390411085112e+00
2.367652432898001091e+00
2.377262673013847305e+00
2.386323418910563987e+00
2.415951215465416357e+00
2.413907467311946942e+00
2.368430625077363239e+00
2.400700211084669800e+00
2.392368274201067013e+00
2.317756898287647971e+00
2.318572127852308373e+00
2.305089937165831770e+00
2.297361251925237990e+00
2.287780596307480874e+00
2.290892521001098192e+00
2.310218163324716301e+00
2.313039742296522316e+00
2.334618112900987086e+00
2.368153962703261506e+00
2.349484612705112774e+00
2.350366532999490943e+00
2.415811269899605485e+00
2.421891946250020577e+00
2.512996581916276728e+00
2.487593004183601852e+00
2.508824376608026707e+00
2.540692661172170741e+00
2.523125274212194125e+00
2.524910875614924333e+00
2.578004019254989565e+00
2.568035287992187499e+00
2.619770111385053557e+00
2.568457101250391617e+00
2.548784111444481582e+00
2.628535291127305218e+00
2.597811218660717625e+00
2.607189700770723650e+00
2.586174136126721201e+00
2.623498073723556256e+00
2.625713180623587828e+00
2.514759380393160715e+00
2.516354389212642317e+00
2.500369577513859909e+00
2.481500181705675434e+00
2.477382879847062735e+00
2.483160852863697698e+00
2.511292377408870014e+00
2.533831588447219119e+00
2.471494710130123895e+00
2.502904991963965653e+00
2.510666824972525468e+00
2.519851916337663145e+00
2.495487156385369332e+00
2.504841796036500590e+00
2.531929001072241725e+00
2.505305880490634074e+00
2.482440092332498072e+00
2.511788667391874785e+00
2.553662014538922609e+00
2.558120770676943323e+00
2.604277744053755672e+00
2.595027018181338629e+00
2.639271041546980889e+00
2.641038395314045495e+00
2.634956580855627895e+00
2.726438441673701973e+00
2.687173182272605043e+00
2.655748886532505626e+00
2.676162461827529704e+00
2.704923942447583940e+00
2.696886067946599574e+00
2.699505122605198260e+00
2.662136117947418334e+00
2.739512922449008681e+00
2.720225264904390983e+00
2.727908718477859651e+00
2.692728978331365042e+00
2.738899581315301202e+00
2.752395162461342082e+00
2.647061374151931545e+00
2.721234027761409546e+00
2.717482753141311935e+00
2.721342757759526165e+00
2.652692495315499333e+00
2.648339539234309203e+00
2.604481324728106006e+00
2.624026793770604105e+00
2.607506798569847017e+00
2.621022157566783584e+00
2.635722450326567934e+00
2.652423270502638708e+00
2.622923357449296056e+00
2.646573081152137519e+00
2.599525892056280707e+00
2.551008109784679512e+00
2.542069335432577848e+00
2.526465344683533676e+00
2.549194740594356912e+00
2.498431998475827864e+00
2.507052028761524554e+00
2.452308357298856656e+00
2.450859092499279246e+00
2.439043760838548014e+00
2.392391485585203981e+00
2.422032904058095237e+00
2.317506703960193981e+00
2.295255456662336879e+00
2.275178584256934755e+00
2.304748606648785891e+00
2.310251878251942337e+00
2.350360040107739579e+00
2.335189965455388705e+00
2.354817830864212258e+00
2.324376060198363625e+00
2.271224513918936427e+00
2.262941611326487745e+00
2.302313511410294833e+00
2.337804868420005899e+00
2.366581819301196266e+00
2.395353448847132416e+00
2.425492198034837177e+00
2.440473319896753424e+00
2.463589713952849536e+00
2.446224135431755098e+00
2.432549040517247629e+00
2.460819937925362577e+00
2.476156004070492855e+00
2.482387175064863616e+00
2.484716947920667440e+00
2.507288301811035680e+00
2.573222318697234723e+00
2.598682031983220231e+00
2.639831921418963390e+00
2.625699709225582712e+00
2.661652816042622050e+00
2.636244688459943752e+00
2.636698057941039952e+00
2.615036897213936840e+00
2.609586151299586820e+00
2.606564465938757458e+00
2.636261341984840634e+00
2.620795197592362236e+00
2.608181800010106244e+00
2.626342894713539877e+00
2.627084752534157630e+00
2.605362806334028836e+00
2.590862516869924193e+00
2.597580014112200075e+00
2.599951340084744267e+00
2.626715687278229794e+00
2.628265526007442343e+00
2.650950611842832316e+00
2.544666537087264757e+00
2.552646981380735092e+00
2.594851648373819319e+00
2.593235304206335634e+00
2.558357106658326163e+00
2.509990300484927772e+00
2.516896130776948404e+00
2.469199521717559076e+00
2.445719865254597725e+00
2.467253659010863132e+00
2.459808614149542549e+00
2.522843503631468032e+00
2.447035263415126671e+00
2.434549768347834764e+00
2.478211484432355949e+00
2.506829445195982942e+00
2.464914691860415896e+00
2.429217965818768921e+00
2.460935415034894991e+00
2.456686226710735443e+00
2.432394007132022917e+00
2.495452846641418088e+00
2.483137407442032263e+00
2.487850098279440925e+00
2.494515465252399533e+00
2.542105040376731573e+00
2.592722170005525406e+00
2.555520548187980356e+00
2.546847275216490569e+00
2.584378120749644125e+00
2.596031341945558069e+00
2.603955268326232364e+00
2.621391924832382703e+00
2.600015288322586660e+00
2.577344169538362095e+00
2.575940416912028574e+00
2.578017312258609195e+00
2.718101068308310442e+00
2.666368063198206517e+00
2.623567098429486322e+00
2.562972546412936037e+00
2.574754079910295257e+00
2.599456904356884035e+00
2.569839474007296509e+00
2.558749214104522274e+00
2.501936498051752000e+00
2.483377447594182108e+00
2.479742706512300998e+00
2.472113772939412701e+00
2.434657634730138298e+00
2.462515160940634829e+00
2.397540323682352259e+00
2.410188129081640263e+00
2.452675385653382722e+00
2.483516522764303236e+00
2.503790789182938070e+00
2.505936832019647564e+00
2.536452968424822707e+00
2.538465078392678098e+00
2.560726341120037386e+00
2.526103696727541426e+00
2.491427267614757302e+00
2.474257216036329421e+00
2.546624744293497056e+00
2.554842307039719707e+00
2.587136567653471886e+00
2.613190362396133892e+00
2.618960301894223797e+00
2.583878947251780911e+00
2.562145386690509508e+00
2.589815222678206741e+00
2.579712980285748802e+00
2.547207395898620774e+00
2.572342557808283470e+00
2.566650383381494649e+00
2.541162253413503436e+00
2.558211617741330102e+00
2.547816035299490522e+00
2.494252350647016669e+00
2.464509988421192066e+00
2.468053777111668623e+00
2.478968991832578350e+00
2.438643195748949388e+00
2.495354158914801168e+00
2.366615551294738662e+00
2.430052423524948324e+00
2.459866940971307425e+00
2.420613668855173373e+00
2.421015970542089057e+00
2.416888505542404086e+00
2.427088016759152200e+00
2.437894275345795947e+00
2.429823723591765017e+00
2.465784772195544594e+00
2.483596022963238781e+00
2.527693970726692552e+00
2.524668883546750120e+00
2.541386495419781788e+00
2.516263759498865493e+00
2.528740548578772618e+00
2.553560904766374318e+00
2.596439434285277237e+00
2.617235583915777486e+00
2.639158934958353520e+00
2.618458208502896234e+00
2.596713722300714622e+00
2.591600637552413211e+00
2.612489736641602889e+00
2.597775783788315973e+00
2.712606911620866867e+00
2.695183788202335062e+00
2.650969154293165264e+00
2.729461359314558244e+00
2.720133217981901996e+00
2.743469676599895379e+00
2.757669108499105182e+00
2.698085504889451869e+00
2.705681993059047219e+00
2.693995495404527318e+00
2.696996042988385245e+00
2.669988068797188863e+00
2.675383760612811468e+00
2.670751829958682766e+00
2.693813876051270206e+00
2.679176807933897120e+00
2.708157869882993118e+00
2.648131255858706457e+00
2.654704891277051004e+00
2.638628027116499020e+00
2.686995436810374560e+00
2.691733022630996786e+00
2.699304709873161734e+00
2.684859728075722707e+00
2.701820256381646690e+00
2.715905347851258256e+00
2.684751443158312156e+00
2.729690581616028400e+00
2.670823222702962241e+00
2.656184012191145527e+00
2.633085396223574737e+00
2.638377815154746564e+00
2.671692511725316521e+00
2.679284560032148654e+00
2.695234961721176603e+00
2.723775056921207582e+00
2.760278767475982775e+00
2.780708775186353954e+00
2.703347624087120593e+00
2.680427944415062491e+00
2.705431168143825449e+00
2.685011844946791459e+00
2.727705973714241505e+00
2.687929038177596652e+00
2.730392708859911810e+00
2.716034586131664597e+00
2.742327466896245181e+00
2.753902997841425115e+00
2.759367481784088305e+00
2.746942773102335700e+00
2.762038113850316723e+00
2.782997213930122449e+00
2.759584244727872004e+00
2.735989605239024236e+00
2.784927472391269365e+00
2.809104764257817966e+00
2.765906709470733027e+00
2.774097302865426329e+00
2.763895559726000428e+00
2.767359241515839674e+00
2.774280639291472728e+00
2.741510365175237496e+00
2.743481968225030876e+00
2.833485471210667850e+00
2.842941105516632039e+00
2.904322862142031614e+00
2.897543462153882476e+00
2.912801360583459509e+00
2.946624666879495535e+00
2.885721773772621290e+00
2.887031983276458380e+00
2.885845952778566037e+00
2.833747299512540341e+00
2.879760385158294689e+00
2.825105698368067131e+00
2.678575824601676647e+00
2.666941218790607415e+00
2.672968013469093851e+00
2.711870393787126687e+00
2.672523805572041944e+00
2.703562367951243495e+00
2.711331326162755406e+00
2.710768052792695837e+00
2.694794893745214193e+00
2.654235513597833496e+00
2.652346732345890690e+00
2.628970274839151688e+00
2.618850262052601074e+00
2.603722277715360800e+00
2.604898972780515187e+00
2.559893407517421338e+00
2.589139226364014945e+00
2.591631769590885259e+00
2.557514776814820312e+00
2.578143694205141667e+00
2.560782549244942974e+00
2.550804840871367496e+00
2.508192976028642995e+00
2.480266685313415209e+00
2.503136815423462558e+00
2.641341210359518410e+00
2.664309736366874848e+00
2.602141441815479350e+00
2.610354632665570662e+00
2.622576251354888033e+00
2.586372414485908156e+00
2.585385757835532594e+00
2.591324356499138393e+00
2.595680537957799849e+00
2.616376462399218283e+00
2.612151834959449470e+00
2.614464555327857376e+00
2.625594205153725547e+00
2.652410094901566318e+00
2.627826452617484598e+00
2.615872588934241794e+00
2.587573612931577394e+00
2.530521910812686848e+00
2.556082588659215116e+00
2.559705703941301369e+00
2.590939740041576567e+00
2.546934625354675408e+00
2.616382766389735881e+00
2.621515396209337379e+00
2.602240059714898912e+00
2.594273941174869424e+00
2.542465258561952712e+00
2.580090821751339192e+00
2.584498499683462125e+00
2.524604233902397077e+00
2.519215292765774716e+00
2.515195833387452229e+00
2.494033227630979344e+00
2.523364908969564002e+00
2.526282520770413154e+00
2.517540254354579954e+00
2.552971834630031189e+00
2.538352401402569569e+00
2.559991542244399731e+00
2.588790769863903218e+00
2.565030827145552195e+00
2.614251963057717454e+00
2.661959337040587847e+00
2.637681232505654005e+00
2.675893723592592366e+00
2.659353570331084438e+00
2.645436719465872333e+00
2.657996833699295181e+00
2.567685192523109006e+00
2.611417570414744205e+00
2.587191964259889509e+00
2.642358434823889990e+00
2.680475352756704233e+00
2.667504070388580839e+00
2.724765587447389503e+00
2.740442231854478106e+00
2.747744936193827758e+00
2.755729745021274546e+00
2.744770107827802175e+00
2.778338238985100350e+00
2.781956363068773364e+00
2.757215572054338093e+00
2.721475771277909850e+00
2.708943151838681729e+00
2.682737931482131799e+00
2.733151768106363289e+00
2.661025188775808736e+00
2.665263062886129131e+00
2.706464471184739207e+00
2.684528001168072553e+00
2.656215468385296763e+00
2.723302743775750212e+00
2.758281210178154641e+00
2.850464867173310601e+00
2.796674553357135107e+00
2.833969029018605923e+00
2.795494293381282969e+00
2.725746336464792474e+00
2.747383325636500562e+00
2.732298906390470794e+00
2.722664765173829160e+00
2.759100079520567572e+00
2.765979414948804394e+00
2.778341477972028795e+00
2.746570551333118893e+00
2.728724785260943975e+00
2.765803460503654776e+00
2.764441941828659211e+00
2.697227186073095861e+00
2.709898447469772709e+00
2.701106802155965880e+00
2.727332002355309815e+00
2.734266256696876063e+00
2.669933944215585608e+00
2.644552677335338942e+00
2.656925997227709058e+00
2.676904125150723956e+00
2.604854070133508781e+00
2.602963458106737793e+00
2.606052711033646219e+00
2.611932602413031379e+00
2.625260793301950724e+00
2.668895404560426954e+00
2.684798710261473431e+00
2.676206609764968825e+00
2.666110989999928016e+00
2.625391947159077866e+00
2.638146966674764116e+00
2.628531914200704200e+00
2.620855907020562370e+00
2.624306146861430822e+00
2.625018205326484111e+00
2.641192032544990020e+00
2.686496097199314814e+00
2.676137974311751488e+00
2.676950805462703809e+00
2.661572679559725429e+00
2.618212827717243396e+00
2.610317605854182155e+00
2.623785115378715282e+00
2.629587473142768417e+00
2.602553382134590532e+00
2.625840324797318548e+00
2.608822319528882883e+00
2.628686943617907446e+00
2.566543143007223637e+00
2.581042357836971224e+00
2.561955962318279933e+00
2.524443360483163978e+00
2.565055049131534037e+00
2.539361234302830006e+00
2.541721460782672803e+00
2.526761617810664440e+00
2.474628465667260802e+00
2.426980322303955884e+00
2.417956618511846401e+00
2.383979188478110967e+00
2.400278733034110434e+00
2.377126425186627756e+00
2.343805023356499095e+00
2.346956205868831802e+00
2.348009735038995682e+00
2.339724787971064757e+00
2.373642179452332357e+00
2.395047920601445224e+00
2.382748668738555509e+00
2.360440678562683026e+00
2.342451833399429528e+00
2.372967185588000572e+00
2.363796344480862732e+00
2.408739867198320894e+00
2.369030357453102642e+00
2.392995526988620725e+00
2.401471624452243603e+00
2.365808777385167705e+00
2.387412263768384335e+00
2.279540464235630726e+00
2.295519428294404474e+00
2.341513964255020674e+00
2.386655575932083551e+00
2.417128476393954450e+00
2.427604674058345235e+00
2.391965223322817025e+00
2.375830955505493058e+00
2.415653900641480778e+00
2.397014207887611992e+00
2.406817380545931861e+00
2.424367248181372503e+00
2.425957733066291144e+00
2.439499553808469390e+00
2.421462034137948027e+00
2.411459447671299827e+00
2.392531891703558955e+00
2.332318505348231596e+00
2.361581135943425558e+00
2.346150133946008687e+00
2.371775277356762412e+00
2.364047353383217143e+00
2.399332231547957939e+00
2.401936294364379165e+00
2.405200056937963904e+00
2.443107338967031250e+00
2.427050077842546560e+00
2.434958665321550697e+00
2.410229168474870232e+00
2.424593627490362113e+00
2.404842075676146163e+00
2.443295909103917474e+00
2.499592796003219597e+00
2.508964747628346093e+00
2.466483553140137897e+00
2.470564294627031199e+00
2.483734437411251772e+00
2.506024702724304554e+00
2.484686210426135577e+00
2.497001529090378202e+00
2.547324668939443537e+00
2.560210062658354158e+00
2.596358842104740994e+00
2.570825190765470225e+00
2.569383638450518426e+00
2.574324727918683831e+00
2.579426763134886169e+00
2.530077625368517769e+00
2.519764218209863849e+00
2.481550487802966387e+00
2.587883076261242365e+00
2.592810053394903669e+00
2.510011436457522560e+00
2.548292981854483941e+00
2.527741987234788823e+00
2.549207492996381497e+00
2.534836288586777009e+00
2.503287905422537651e+00
2.514059300173679290e+00
2.545605924440266676e+00
2.553393674730113361e+00
2.551413092911244185e+00
2.420733721635461411e+00
2.418307518143531176e+00
2.427299688022796609e+00
2.423331082527792724e+00
2.472325887170251146e+00
2.472311231795104813e+00
2.495135171677338004e+00
2.486843583855431472e+00
2.470682715969689802e+00
2.458012043870250185e+00
2.482836823222319911e+00
2.521242995239942442e+00
2.578090014110161032e+00
2.587764030987210528e+00
2.576009736606171163e+00
2.659791519569581819e+00
2.663072770226984520e+00
2.650452264980659667e+00
2.641007790896329865e+00
2.617398137404607805e+00
2.657882478454684172e+00
2.657917275938435075e+00
2.668673858683665578e+00
2.676277769449998178e+00
2.676321094828629121e+00
2.796697792643838998e+00
2.790476284526408612e+00
2.828130131784563517e+00
2.790867138839751238e+00
2.807749747043079669e+00
2.839869509329861597e+00
2.785539775479169311e+00
2.771367082128396664e+00
2.729694918736175424e+00
2.752135874717327901e+00
2.747017414178568373e+00
2.760093355522255099e+00
2.716593764863340255e+00
2.665200074142719533e+00
2.666928280198268109e+00
2.682142340891369159e+00
2.650594919713788578e+00
2.671137222623015006e+00
2.674358452785781104e+00
2.669356645173902365e+00
2.682631126617363915e+00
2.694671584260114994e+00
2.676085475422248283e+00
2.672841461270060837e+00
2.674759899204710578e+00
2.669495993986398918e+00
2.639548398301682308e+00
2.635385225355791672e+00
2.657906661575233365e+00
2.657494078670522342e+00
2.663714514226577457e+00
2.715100232093772714e+00
2.733231194357525151e+00
2.806914287524997054e+00
2.808982306103632531e+00
2.804626077668781914e+00
2.799442597225693330e+00
2.831430912440274561e+00
2.859497544347424203e+00
2.911768471452937046e+00
2.887278593089496859e+00
2.918981651459783500e+00
2.808019245942425801e+00
2.793241664361583609e+00
2.823981882299930302e+00
2.774818056136560074e+00
2.744548455022429945e+00
2.788084697822295954e+00
2.770861894930687352e+00
2.800951312687955053e+00
2.803312249504369191e+00
2.829845747432957914e+00
2.830438928370628382e+00
2.840187064250534021e+00
2.803434658633277898e+00
2.801433700040578234e+00
2.781183619245790162e+00
2.786911927020705892e+00
2.776796830049427012e+00
2.730483199907545622e+00
2.740157687246406404e+00
2.741745451457462401e+00
2.733328632585478868e+00
2.715309867357216245e+00
2.700802951851656086e+00
2.690378432275649878e+00
2.730340973917385838e+00
2.819202192664344242e+00
2.850329773650322362e+00
2.877621232114873084e+00
2.871306450735101823e+00
2.907398733128740087e+00
2.897837722628661794e+00
2.918029347972077137e+00
2.814322656372070242e+00
2.810028107086605331e+00
2.744607499531475536e+00
2.727091344110310178e+00
2.758337655553995571e+00
2.767339259349585134e+00
2.708196284784694985e+00
2.700000976306658806e+00
2.702590900375588578e+00
2.656101260313936674e+00
2.714117713681988064e+00
2.665067812000416758e+00
2.644254570288690598e+00
2.639139608853140473e+00
2.667587753562147945e+00
2.641501791025744339e+00
2.659289646216142611e+00
2.607490662953036331e+00
2.591864625922184029e+00
2.595832054321352445e+00
2.587956869338714494e+00
2.611815838552928426e+00
2.588273361028002650e+00
2.577311904787833008e+00
2.575822003193531717e+00
2.605722497773055757e+00
2.572628805351539594e+00
2.642999714651065535e+00
2.648374635241679709e+00
2.599847367174737300e+00
2.561985101413406518e+00
2.588437979545957113e+00
2.587632014391872737e+00
2.594673310621955498e+00
2.614318583861356959e+00
2.596871322555498462e+00
2.601836383877976111e+00
2.567621536024330187e+00
2.586064159104133342e+00
2.503857474945726302e+00
2.528299615444208559e+00
2.397574407971165389e+00
2.420451876648463951e+00
2.402656612732711139e+00
2.356036922843659731e+00
2.317439543297365567e+00
2.344795129919699850e+00
2.357897441748872502e+00
2.374018230101876625e+00
2.350669884685852473e+00
2.373174279138624332e+00
2.407496230033074003e+00
2.428832165367859286e+00
2.411263655262104066e+00
2.393857947114574447e+00
2.434462825673420650e+00
2.440513341115658541e+00
2.465669394887362476e+00
2.445364656734264841e+00
2.453008274372984854e+00
2.449561129498793122e+00
2.472157986660530327e+00
2.524584704140325986e+00
2.543586672866428700e+00
2.584615948694440224e+00
2.561990732040333896e+00
2.689986315525254135e+00
2.672089638594667971e+00
2.721638903284041788e+00
2.720180122530019062e+00
2.761123198475518681e+00
2.727484423517315459e+00
2.674654426911656557e+00
2.692660168656543451e+00
2.705409326375574963e+00
2.697779585628803822e+00
2.733076552950126192e+00
2.705954384898375142e+00
2.734076720452084608e+00
2.733929612500214379e+00
2.722223959975277108e+00
2.733195234959893138e+00
2.710722710568255422e+00
2.746392303957244430e+00
2.736135345561498511e+00
2.692055886960303734e+00
2.719570843478300137e+00
2.698816747208169886e+00
2.670950218710939961e+00
2.682405423381691634e+00
2.706104568929894594e+00
2.711654847831038495e+00
2.723615726124281711e+00
2.715935636476423998e+00
2.798801424914049818e+00
2.777806665063578873e+00
2.780712258880582599e+00
2.852318888319452128e+00
2.813916524272363162e+00
2.849593519860321500e+00
2.865492413571558927e+00
2.807149937244764359e+00
2.835440651131401424e+00
2.811320923556964946e+00
2.876830807719660044e+00
2.855572795158838773e+00
2.797889138211409055e+00
2.827571951622497082e+00
2.807822445245785392e+00
2.787260992262818426e+00
2.840023195089561803e+00
2.793453915019972644e+00
2.818164784193528227e+00
2.828785115096827951e+00
2.873597909112419302e+00
2.857019966705403924e+00
2.869667927003565655e+00
2.793251422406898499e+00
2.807757332376656922e+00
2.728834950187498443e+00
2.724284974630702294e+00
2.726818896144064475e+00
2.668532791568182461e+00
2.675789242123485678e+00
2.646521556826129107e+00
2.631382795659836127e+00
2.658689772612038205e+00
2.584674128204650145e+00
2.539078132107818409e+00
2.522579224607566228e+00
2.555571066891646481e+00
2.623184697283521327e+00
2.611023469907842731e+00
2.628747063349570645e+00
2.659223413705123384e+00
2.674852099845063780e+00
2.648501195275759112e+00
2.649895154492969418e+00
2.637727338880573313e+00
2.585457561135144910e+00
2.601437090763426774e+00
2.592313266151498041e+00
2.677252344508965987e+00
2.673301303894253245e+00
2.660468536542702545e+00
2.708066466755136403e+00
2.716341509107591978e+00
2.745148122998296358e+00
2.748070155842746498e+00
2.696982942343166822e+00
2.731274473603996444e+00
2.744098622322296066e+00
2.727202537576129515e+00
2.793084483692074294e+00
2.787940734568466361e+00
2.767472176567940867e+00
2.733864095675953898e+00
2.712198505662629877e+00
2.664006488700558783e+00
2.684622517583148849e+00
2.657703308868998970e+00
2.720138509673157845e+00
2.667618708059323218e+00
2.665451262679630506e+00
2.670910277873583372e+00
2.644440975567117214e+00
2.633807466268561992e+00
2.607148463646904002e+00
2.559122889272979595e+00
2.580085328702935055e+00
2.570202881169263431e+00
2.525498068200832336e+00
2.497827127547112447e+00
2.498573606549956416e+00
2.561096914341684183e+00
2.565519204972842360e+00
2.533772618139056743e+00
2.612127542188310336e+00
2.623058198100252092e+00
2.649473375528521579e+00
2.619380829874446537e+00
2.617946252395440432e+00
2.656597798420913925e+00
2.664340213815258540e+00
2.670897969103185776e+00
2.656509052620747546e+00
2.647068410312190867e+00
2.708045510253592081e+00
2.704773208864293288e+00
2.677920348091247238e+00
2.667603793351831953e+00
2.678904706358577137e+00
2.658369501184801642e+00
2.693598334735106459e+00
2.726614196674557178e+00
2.690533805248846999e+00
2.744838793877840910e+00
2.775317569409188501e+00
2.776747033472058757e+00
2.736879211757225150e+00
2.715992146576985178e+00
2.758101605217679886e+00
2.764787335484853337e+00
2.740120854834798614e+00
2.726610336475927543e+00
2.695793665326272848e+00
2.681635973672762407e+00
2.661072613331425085e+00
2.709461049106085540e+00
2.682623750799491891e+00
2.703747825640417268e+00
2.710236431476693131e+00
2.684532631074854958e+00
2.704439450961661606e+00
2.785884278179550755e+00
2.782526346321441579e+00
2.793069247333911598e+00
2.813059970065726390e+00
2.804811467809930736e+00
2.788920801400494920e+00
2.740927449283994122e+00
2.687803620170462260e+00
2.669504139491471140e+00
2.616090231328416671e+00
2.606172962962620687e+00
2.595322339839233550e+00
2.587062975374602836e+00
2.536178040072409878e+00
2.555153058310492664e+00
2.528768517983634112e+00
2.559669728387139465e+00
2.560470298350796536e+00
2.542300873770946268e+00
2.484021862171881700e+00
2.476829145268828025e+00
2.462794713585702677e+00
2.457553629829317021e+00
2.433237102416998976e+00
2.476760027301015299e+00
2.455141756634731109e+00
2.422248933964516571e+00
2.409869933524264596e+00
2.431374266623390401e+00
2.421645583699420179e+00
2.355533727640107600e+00
2.422629235285879368e+00
2.459781055818790918e+00
2.466338007234206930e+00
2.483067713948737154e+00
2.521541184683577352e+00
2.482548209811276774e+00
2.476512960298028698e+00
2.478530045518032132e+00
2.459422888884733371e+00
2.450053929609440573e+00
2.475394116848518955e+00
2.486954012797398583e+00
2.476311727307430210e+00
2.481954556210175689e+00
2.496387310391894765e+00
2.515492597070078773e+00
2.520632279272585485e+00
2.550881839989176836e+00
2.512205368784029780e+00
2.531431116576773999e+00
2.536930175114416652e+00
2.532110885560906688e+00
2.502984991288465633e+00
2.531540452207291736e+00
2.613588439313625500e+00
2.544110137027911556e+00
2.500536122890818724e+00
2.505212936616174613e+00
2.515363758757045431e+00
2.484544841285674988e+00
2.507519401958540062e+00
2.530097831546469500e+00
2.520231198409538464e+00
2.498689528446982333e+00
2.541849813874687225e+00
2.455381396932054372e+00
2.459551015702841514e+00
2.484915947179740403e+00
2.492959446911810151e+00
2.489691996891677306e+00
2.487980051423527961e+00
2.498714337536894092e+00
2.479909587598519760e+00
2.473269177500978078e+00
2.471966119778394866e+00
2.503170913216925531e+00
2.527719729675951488e+00
2.551484745286390687e+00
2.572888821949751215e+00
2.563696486043165912e+00
2.604610016148781515e+00
2.648756697564096818e+00
2.600327138056936160e+00
2.624462284969565129e+00
2.666606941738430603e+00
2.715570278502632551e+00
2.686260371660517343e+00
2.697022174770282721e+00
2.703132555152123473e+00
2.659348870689824285e+00
2.811974985705876229e+00
2.803778516196149262e+00
2.759151159164206835e+00
2.807576433166242058e+00
2.800698515265840793e+00
2.826842313972814491e+00
2.802658316153756157e+00
2.783662375195551597e+00
2.798170413827218983e+00
2.722210155122194664e+00
2.687736438161166141e+00
2.625908363469627194e+00
2.611707705567801963e+00
2.530916930275733279e+00
2.571330973303544543e+00
2.589128269020016138e+00
2.593644983105955593e+00
2.647110994184831423e+00
2.636519294397423163e+00
2.620286127052885217e+00
2.537955048800015323e+00
2.554131987354476330e+00
2.560901656538271176e+00
2.593911581273011802e+00
2.594945000730170204e+00
2.541217207022732794e+00
2.552493814490489399e+00
2.605718888976858327e+00
2.566337280010237976e+00
2.573971996832788545e+00
2.506035882101869117e+00
2.508415694785977479e+00
2.546691252951395867e+00
2.529864902242388247e+00
2.575760784827362926e+00
2.649618236870421750e+00
2.681071681090735570e+00
2.682166558607348428e+00
2.746116421849639444e+00
2.710251015969926236e+00
2.680485393321922150e+00
2.696374558671805310e+00
2.695351253263251756e+00
2.673858092761614902e+00
2.651426778478771951e+00
2.715529611159686496e+00
2.735404652772792211e+00
2.766826849030008084e+00
2.769633622926178429e+00
2.775248592699070205e+00
2.814741064769499257e+00
2.824969055399540796e+00
2.818681671419862145e+00
2.805724143976432217e+00
2.777402640135800294e+00
2.823893444297379318e+00
2.839640119384865713e+00
2.799466381593362918e+00
2.803293119760386087e+00
2.819229195858420578e+00
2.787179003382798115e+00
2.824271669057917045e+00
2.812625583264359630e+00
2.793443555603012385e+00
2.810179407229461468e+00
2.849652744984513486e+00
2.800921244023432788e+00
2.833173264673620739e+00
2.870834978324247277e+00
2.875270577233901115e+00
2.857494023721228071e+00
2.818522475244464420e+00
2.829439647662614021e+00
2.838725721696915283e+00
2.848685772122894644e+00
2.748818755796445412e+00
2.694045403294666574e+00
2.687593092962229147e+00
2.705482407314440785e+00
2.758926633604319445e+00
2.770267064187310613e+00
2.750115243043883773e+00
2.767327710326688450e+00
2.774075067370929126e+00
2.770275035984120393e+00
2.780522093108789949e+00
2.759976575649290886e+00
2.790154108201045258e+00
2.740942854931411432e+00
2.751998150934369836e+00
2.720279424950292402e+00
2.775991471613934447e+00
2.740611194544010143e+00
2.722156971112409174e+00
2.733344881887348254e+00
2.754059335640697714e+00
2.732733732049447806e+00
2.738264104166690416e+00
2.734823475960136197e+00
2.720118401652023454e+00
2.820076780372041014e+00
2.837557595412774969e+00
2.843409018416815037e+00
2.854078463010723876e+00
2.832363275876222275e+00
2.835828536196124183e+00
2.846234207017722895e+00
2.879208065240145942e+00
2.860012558710627761e+00
2.889881462981969573e+00
2.891415095976623828e+00
2.882247720458047446e+00
2.819089966862187158e+00
2.882020040216831003e+00
2.833677914817930077e+00
2.798197190952102620e+00
2.774825075435425781e+00
2.789569475677207144e+00
2.788688846983066405e+00
2.796451918313066720e+00
2.765636566435473398e+00
2.813072527691768521e+00
2.775387974234057697e+00
2.737372530339418741e+00
2.760580483239051031e+00
2.717654212787294910e+00
2.737020301997953986e+00
2.740327727868370200e+00
2.722288001148008618e+00
2.665834316828634698e+00
2.652145686385768197e+00
2.637310305357152718e+00
2.655329488472046862e+00
2.685673654091299323e+00
2.668056011568278763e+00
2.666238799061407594e+00
2.650613666874313878e+00
2.634337551420375068e+00
2.654993412968456035e+00
2.664170979983187859e+00
2.719348002551382315e+00
2.679465435088010938e+00
2.677328561430619924e+00
2.711216751993842156e+00
2.696822830122519665e+00
2.697216578878720572e+00
2.651794761633894382e+00
2.661797284335994274e+00
2.662750246496006223e+00
2.583382068270692056e+00
2.576987461140051838e+00
2.541752395035873135e+00
2.497955499343853081e+00
2.529272687954772891e+00
2.581350229569522092e+00
2.567338376812071665e+00
2.585994964333791390e+00
2.563154951775134194e+00
2.553116317304528149e+00
2.552136960803498944e+00
2.530885222163255843e+00
2.571866959460814783e+00
2.608828854409002140e+00
2.553547427950881854e+00
2.558750188122350000e+00
2.514948807801333341e+00
2.534602705809291923e+00
2.432499460678398062e+00
2.398041665874741213e+00
2.436058073641012900e+00
2.433063146949085098e+00
2.454825767459771324e+00
2.449752769949567366e+00
2.444234980323581219e+00
2.519396251725834812e+00
2.555308683387433888e+00
2.595794624304215148e+00
2.618616439580069510e+00
2.553198351798659615e+00
2.504984996623782045e+00
2.519340883332322090e+00
2.493666215804446917e+00
2.484442020552706243e+00
2.479772367039616121e+00
2.467260142918870525e+00
2.445500729137396689e+00
2.445630952782412493e+00
2.460354201136607522e+00
2.498380124326064600e+00
2.494709826460889346e+00
2.564303153593991080e+00
2.548215311263702265e+00
2.577934078602857504e+00
2.619981359581369240e+00
2.569956162300592872e+00
2.609208646420992483e+00
2.612020833194024227e+00
2.576271459700176791e+00
2.605547318295528658e+00
2.620192123739785384e+00
2.526386796302293458e+00
2.526302634015642035e+00
2.516682398429740175e+00
2.574871625858326407e+00
2.660610035702267062e+00
2.660281988100378303e+00
2.674296358930966289e+00
2.666116443541580505e+00
2.662101470333202435e+00
2.643492906036516210e+00
2.677998512706949441e+00
2.624204380176314189e+00
2.617166831607404820e+00
2.542552673992469536e+00
2.532173186698886358e+00
2.494122233362415564e+00
2.525867462048366541e+00
2.594261829413786025e+00
2.567564685230511401e+00
2.546877094698744237e+00
2.413836797429873560e+00
2.403681255172044562e+00
2.441861582794055519e+00
2.398093482654211961e+00
2.344207224767935749e+00
2.450442952617259529e+00
2.437501004972890239e+00
2.470058345775924646e+00
2.409367515462933707e+00
2.367081103997393576e+00
2.386712046794802866e+00
2.332658744023160313e+00
2.333690379219205635e+00
2.355437465479625736e+00
2.399263937300808447e+00
2.453247514882874736e+00
2.474760079215893693e+00
2.463864023276846726e+00
2.508247387348363500e+00
2.512825950792059615e+00
2.556296478284425966e+00
2.553883787967265562e+00
2.543681314770342539e+00
2.515405060518761893e+00
2.545720576835905469e+00
2.692981603611399155e+00
2.675706107969281877e+00
2.691517640903199116e+00
2.726654205392892827e+00
2.810246302951731945e+00
2.796826127241114790e+00
2.818016595021278103e+00
2.803494483164922002e+00
2.804416705033685009e+00
2.848718674006979423e+00
2.826604391984486320e+00
2.938955991338031648e+00
2.944580642236781287e+00
2.880500257757566906e+00
2.803367755511658732e+00
2.749539379258077343e+00
2.757492064053745473e+00
2.748095040463546024e+00
2.813929087795728812e+00
2.790641013346183641e+00
2.701527191082123469e+00
2.699235509593024940e+00
2.678371489679321815e+00
2.715731493481553738e+00
2.715259342291460154e+00
2.694562994516186638e+00
2.733092735474996982e+00
2.740661281455560427e+00
2.752850309292388609e+00
2.735822087302726136e+00
2.696828065886220926e+00
2.674026349627214749e+00
2.692672726609999678e+00
2.739776915964784010e+00
2.702014907282959122e+00
2.701490487007967456e+00
2.670183999963164911e+00
2.675331215884462654e+00
2.719295849209317328e+00
2.745144003625181739e+00
2.726853397182661176e+00
2.709283430722346786e+00
2.686245132202214503e+00
2.689363498199341507e+00
2.740227866458379680e+00
2.777117751242351495e+00
2.763243036830585364e+00
2.721472042209695630e+00
2.739758189045570003e+00
2.758939652709121670e+00
2.771721469461803533e+00
2.772860148625116761e+00
2.782752449960584240e+00
2.789997820536842088e+00
2.772390726800749494e+00
2.810988741608487551e+00
2.831725456392464313e+00
2.800220565513118043e+00
2.815580559824175655e+00
2.802201470008818696e+00
2.794110466115303559e+00
2.788477154263247382e+00
2.770350211785831629e+00
2.762652170569023458e+00
2.770631656317461111e+00
2.789795931059050993e+00
2.787859712799653611e+00
2.817918090836248002e+00
2.811651001428943530e+00
2.798070426835126412e+00
2.773297941065881567e+00
2.814563150933699021e+00
2.887371508792380581e+00
2.829250674463543724e+00
2.852743475746561064e+00
2.856161683444628174e+00
2.820545366855489178e+00
2.781111209871913736e+00
2.750691295910163703e+00
2.772420997588151081e+00
2.752493642637712679e+00
2.743219223482144642e+00
2.756849810638930087e+00
2.745894751197180295e+00
2.789814424465677511e+00
2.821282287402417044e+00
2.854787863390760627e+00
2.869371530690997041e+00
2.826461694001480396e+00
2.861627221895792772e+00
2.870224969210113830e+00
2.911471797094107306e+00
2.948534256274118359e+00
2.905217347292213592e+00
2.903859934942352172e+00
2.916951967994771522e+00
2.901375955153775443e+00
2.900582889489070837e+00
2.879816833588808578e+00
2.814786546486661933e+00
2.834891255287007805e+00
2.827214991803289390e+00
2.824691017147110461e+00
2.823722727746287298e+00
2.800078177260485912e+00
2.831897616314253963e+00
2.837458876192388679e+00
2.850193335346413726e+00
2.828195155966072960e+00
2.789182539330319344e+00
2.764867366846645691e+00
2.721648192750319328e+00
2.725114158202711856e+00
2.780212383076735794e+00
2.773454350108504496e+00
2.731734162516050279e+00
2.716495634335174270e+00
2.655099823618176202e+00
2.693873450531372171e+00
2.697693630934762332e+00
2.740424747085445922e+00
2.710729418385488643e+00
2.670017013747855383e+00
2.718108015088565477e+00
2.723768887959818752e+00
2.733580639265332568e+00
2.765061384981425618e+00
2.791379171287781791e+00
2.830383352432632726e+00
2.727606910779294846e+00
2.721782004036040536e+00
2.717135908190440041e+00
2.692601228898605203e+00
2.699815846067271430e+00
2.723137056119972588e+00
2.743225159242963063e+00
2.779381942532056726e+00
2.760241418267120661e+00
2.743188069891918435e+00
2.713454848476901216e+00
2.761128437876807951e+00
2.740120974320036318e+00
2.830679668681924444e+00
2.786566694652664378e+00
2.787033101836268845e+00
2.779439060805159567e+00
2.810310387079913763e+00
2.855014717804062130e+00
2.863493890888638482e+00
2.876125614601440006e+00
2.853815661206679621e+00
2.830029515335728441e+00
2.723307958854735755e+00
2.720159517933359083e+00
2.816356705704832208e+00
2.807110157063756439e+00
2.842111074058346620e+00
2.794574182662449058e+00
2.843679911147268591e+00
2.808379253487887972e+00
2.799296281736567860e+00
2.727243486599983502e+00
2.686329665710693426e+00
2.704659029904559642e+00
2.731880808828429874e+00
2.715302201966536710e+00
2.755920944053827260e+00
2.703861511144159291e+00
2.690872773039144850e+00
2.705298422166428018e+00
2.656150278319683089e+00
2.630778427459901980e+00
2.633187771835718838e+00
2.602401552559494569e+00
2.634685862788923583e+00
2.594891878236004867e+00
2.614453468848064066e+00
2.687571380023342282e+00
2.649627184928336820e+00
2.626818188848674573e+00
2.643655969149775853e+00
2.600510530559276834e+00
2.607932084627955671e+00
2.594728107061349487e+00
2.621885031411372857e+00
2.613571688591469488e+00
2.657248487345888144e+00
2.723797565298925694e+00
2.691220161688698820e+00
2.706765819042969312e+00
2.704710331506053667e+00
2.669537937934562066e+00
2.670304974451644942e+00
2.682371167013965163e+00
2.679929446450877162e+00
2.714193615736088638e+00
2.720946637613842256e+00
2.705458720254787508e+00
2.717434057602597264e+00
2.717209384432572428e+00
2.724442274038508582e+00
2.753141948454325583e+00
2.783892020294827852e+00
2.806866162340647008e+00
2.860764286849602378e+00
2.837259844202972836e+00
2.885220476405072620e+00
2.910179102031846377e+00
2.914497083864155957e+00
2.917235703737008468e+00
2.894914165392041383e+00
2.925994579180609012e+00
2.907716138435497033e+00
2.903566378860087394e+00
2.889015761599483145e+00
2.886306541048419660e+00
2.892953297931649015e+00
2.898679727046108656e+00
2.936775765452083409e+00
2.906854231697721502e+00
2.877892583973664209e+00
2.848789789377145443e+00
2.839244281102660583e+00
2.871380745663880241e+00
2.878806418844983117e+00
2.851231891813339914e+00
2.811387624617857295e+00
2.796341244131647752e+00
2.802560869397788590e+00
2.757667146637325484e+00
2.768419292414567856e+00
2.756102491505578733e+00
2.747457331309565376e+00
2.753710046408597734e+00
2.740989245775911964e+00
2.732103123147741286e+00
2.716523239273624934e+00
2.630633113340540064e+00
2.652623505375993673e+00
2.663549294166952741e+00
2.631801789756094134e+00
2.632943980869367984e+00
2.665971925285344213e+00
2.613385987901178709e+00
2.632468091996245541e+00
2.687034398998414009e+00
2.701366784220486927e+00
2.739025082656880716e+00
2.716125089406300042e+00
2.708846469755047615e+00
2.763239705870429219e+00
2.778079187057300725e+00
2.788137597118937272e+00
2.793423961456027449e+00
2.732632683492493886e+00
2.712889744586225227e+00
2.679756292274765528e+00
2.700675870982144566e+00
2.676074768841040452e+00
2.712520641739640581e+00
2.696897746394083306e+00
2.685804189308032885e+00
2.717834736310884569e+00
2.732359989420291235e+00
2.719729457188655442e+00
2.674363942649697901e+00
2.683979444519584590e+00
2.567335140805549809e+00
2.624428115385209814e+00
2.586568868376292407e+00
2.593253353192253030e+00
2.609006800709483098e+00
2.583765634383129672e+00
2.570784226037925890e+00
2.524651649211601789e+00
2.523617474502804381e+00
2.526916596170644347e+00
2.486954433818756804e+00
2.479576585532825561e+00
2.536205253479602018e+00
2.539029648664818506e+00
2.579091425465878995e+00
2.594490649839981788e+00
2.546624094087587942e+00
2.504541472431212501e+00
2.553922814471122571e+00
2.572845543176337291e+00
2.580671677753925142e+00
2.546953275434686415e+00
2.450818105706933370e+00
2.482051174410893957e+00
2.481885583216870916e+00
2.544010471380328209e+00
2.532078220888962949e+00
2.550546550277491331e+00
2.518998307028990968e+00
2.511041132685672750e+00
2.516765945132410032e+00
2.539653804395848091e+00
2.588502277184987488e+00
2.535958067647837488e+00
2.551303575311794525e+00
2.559049187513009915e+00
2.564348945810730029e+00
2.604684213158871664e+00
2.610667715533624644e+00
2.577172267101735414e+00
2.568002347094237692e+00
2.620553153846969963e+00
2.624596556291994176e+00
2.619692368247337644e+00
2.626662290988734050e+00
2.630117641533569195e+00
2.586755235544705656e+00
2.702527461249829344e+00
2.745917529631362264e+00
2.760569555783619400e+00
2.804116191285865423e+00
2.733233737572680067e+00
2.737051228636248279e+00
2.763724004998854511e+00
2.717183404637109945e+00
2.686294903553816393e+00
2.694131816410973990e+00
2.641917070808169843e+00
2.692519910133830408e+00
2.657950320287073787e+00
2.673029919852230485e+00
2.662757816153297430e+00
2.639942719433146845e+00
2.661455722253197820e+00
2.601784781441497163e+00
2.631535030695518529e+00
2.594480199950828236e+00
2.557350882656404867e+00
2.550099150637228806e+00
2.516969314399147173e+00
2.530975298582219146e+00
2.584113913020247288e+00
2.542655480821473191e+00
2.542446502360186322e+00
2.523746968990837836e+00
2.514651834361993465e+00
2.565053789779006443e+00
2.563329244386427952e+00
2.557597891875623475e+00
2.612358410240988693e+00
2.639288071752566189e+00
2.624209204251633398e+00
2.649494077080585708e+00
2.632860862259806201e+00
2.620671248832446398e+00
2.598446933637213352e+00
2.565593774107683522e+00
2.508130719068417225e+00
2.446668206845451277e+00
2.554366829066038846e+00
2.523930635526879573e+00
2.581339192274670236e+00
2.638724173978687748e+00
2.595183979800991469e+00
2.604441012009250933e+00
2.639785552795824941e+00
2.638770714111236426e+00
2.659808469692777955e+00
2.632788930190008703e+00
2.643951332149901301e+00
2.659980876500188884e+00
2.649708154499262669e+00
2.667347431526711166e+00
2.648656037822998410e+00
2.639346822454599728e+00
2.639762622279538284e+00
2.657024007698964851e+00
2.647584369400571180e+00
2.632006587726423597e+00
2.670818316294901074e+00
2.705804885720868747e+00
2.760850293757505902e+00
2.839728776869477223e+00
2.914591353104123872e+00
2.878798836032871566e+00
2.870300769943454178e+00
2.876331057724494933e+00
2.845564142056017598e+00
2.895392923861258794e+00
2.926074490057705813e+00
2.907007179967906030e+00
2.887832203823905708e+00
2.880678167257390676e+00
2.916246653750202089e+00
2.940928028554854468e+00
2.897814424917327880e+00
2.925483294794669842e+00
2.920880676667954479e+00
2.911098862267027521e+00
2.887086265740722801e+00
2.880482841955809725e+00
2.871962726306470426e+00
2.921855713458721748e+00
2.941309242428443937e+00
2.914642562084936106e+00
2.913031962056958690e+00
2.894279256256286459e+00
2.833396369695674100e+00
2.789260676984863352e+00
2.799635461443897633e+00
2.782073383188355731e+00
2.778408713843067535e+00
2.794266247039955520e+00
2.822456564639747256e+00
2.797005742113005233e+00
2.809252845180918889e+00
2.808828495234019673e+00
2.775331219125837912e+00
2.800750045610309602e+00
2.757802494967468654e+00
2.779391985310860402e+00
2.793756937131798956e+00
2.737664415026368037e+00
2.739496152446154742e+00
2.777892865449029358e+00
2.790408106020456636e+00
2.767724605340618815e+00
2.668951376984888046e+00
2.703235505393538407e+00
2.688438278168775231e+00
2.685344212359667360e+00
2.702803510996496961e+00
2.760336364859434344e+00
2.711272529477986915e+00
2.730670331640106863e+00
2.710355235356068260e+00
2.644509804438975209e+00
2.676393473512730381e+00
2.633982289379903197e+00
2.624780533231537927e+00
2.627905319743533585e+00
2.663035749204058611e+00
2.685698143474409605e+00
2.654479044710028823e+00
2.652476387539305147e+00
2.624667029869343082e+00
2.588487448476930908e+00
2.634618425132859265e+00
2.610152454687878265e+00
2.564990156759758833e+00
2.600552569764264188e+00
2.586438156383581433e+00
2.649944806269393549e+00
2.587767474513142929e+00
2.591508493369554245e+00
2.578268229290504809e+00
2.590034255494415572e+00
2.562646200504848260e+00
2.565486303108216237e+00
2.519501334421473171e+00
2.558235897377192369e+00
2.591743451699262124e+00
2.554625670049059050e+00
2.578455228267511945e+00
2.478257433619654115e+00
2.482456396847606772e+00
2.459219985377280704e+00
2.485164079930681336e+00
2.510797802375243304e+00
2.531203587905229480e+00
2.570906289144814671e+00
2.607470778071666828e+00
2.616313000508478925e+00
2.656833374804477010e+00
2.696044813456200284e+00
2.634411839707743841e+00
2.691132108342580320e+00
2.679640305686656898e+00
2.662654129129444325e+00
2.726288424111153574e+00
2.705232056350318270e+00
2.691035253239158820e+00
2.708871815710884867e+00
2.806213708794231376e+00
2.836799218449027826e+00
2.831854473140351658e+00
2.843613314260765801e+00
2.836767694200868828e+00
2.831987378364226426e+00
2.975632179967145685e+00
2.966954215735496447e+00
2.981410093827749908e+00
2.973044778937566690e+00
2.916689747974664293e+00
2.912600928803208422e+00
2.884736992543075917e+00
2.799126537278950000e+00
2.772754480739231475e+00
2.737691880564425251e+00
2.712940700183370524e+00
2.733432374457519298e+00
2.668448721034773374e+00
2.660994661790433202e+00
2.711579756415495979e+00
2.641788956106532194e+00
2.722818935239897264e+00
2.684388334539578036e+00
2.691840889554167227e+00
2.646554667489752877e+00
2.605812765851736046e+00
2.634732829550954669e+00
2.575334868470294580e+00
2.574833945981527261e+00
2.568260157130948684e+00
2.571738674093495547e+00
2.593135717581754207e+00
2.584471650390015807e+00
2.582337570967892404e+00
2.622954345405985155e+00
2.625100770754003943e+00
2.622952870430192096e+00
2.659987891363433388e+00
2.686451662136933205e+00
2.698260623736643549e+00
2.730675132638099800e+00
2.756505124937432161e+00
2.745879392356884718e+00
2.789993342797862930e+00
2.786695403540877969e+00
2.804723522274811032e+00
2.739999280097073608e+00
2.797738998578801262e+00
2.786320435146651509e+00
2.768409209585767083e+00
2.810492190799994905e+00
2.821714463651804117e+00
2.896001003345158420e+00
2.893652982729904011e+00
2.902977746190273489e+00
2.904713704927962326e+00
2.886668925463135693e+00
2.866070407704374379e+00
2.858709172248953490e+00
2.828644618363628460e+00
2.823919824501048836e+00
2.816178654478502796e+00
2.810139219673212896e+00
2.813618342551073681e+00
2.835661266302523131e+00
2.845532722113978341e+00
2.812904054255359831e+00
2.861543844706011086e+00
2.873177634249544088e+00
2.862442094296183459e+00
2.871223234588456297e+00
2.895810951168773961e+00
2.866176434829167619e+00
2.891168939725704323e+00
2.930455904249123833e+00
2.953214180644881726e+00
2.918881930844892114e+00
2.893446938793089007e+00
2.904976037745858441e+00
2.893179288243973968e+00
2.888005073610493412e+00
2.867061839894720521e+00
2.803766779317146352e+00
2.816733689566710552e+00
2.820671927040468319e+00
2.823512929995771970e+00
2.853539771343750253e+00
2.877871018060232711e+00
2.870349851039275091e+00
2.866562815862043312e+00
2.766263298755444744e+00
2.722233872822079626e+00
2.684981828734231080e+00
2.654442473632598443e+00
2.661128784611472398e+00
2.674104146270130489e+00
2.636853558960310817e+00
2.631586392760861592e+00
2.577972207029864293e+00
2.531255779925930316e+00
2.505987319825849102e+00
2.506855522767398980e+00
2.543062544238733569e+00
2.574773104771180599e+00
2.579756982575438062e+00
2.549105005648828026e+00
2.534880181648230035e+00
2.624104506577607410e+00
2.617709588870035908e+00
2.652308207454623368e+00
2.636351020235000675e+00
2.575697737764329975e+00
2.596966782821011233e+00
2.533307311083151880e+00
2.536675413019803038e+00
2.641856682477228269e+00
2.693537075171380746e+00
2.682807906814732579e+00
2.666832336455831953e+00
2.693144311563286486e+00
2.712152078092054719e+00
2.751639836412671514e+00
2.737279401612182195e+00
2.766544802926229618e+00
2.756522044139336547e+00
2.786484561816840344e+00
2.781835980188650748e+00
2.762884910021532470e+00
2.743543439458944633e+00
2.708302249629959579e+00
2.718929081397106984e+00
2.750923273652484458e+00
2.749079877718932252e+00
2.760097292805173907e+00
2.704843582388955170e+00
2.718367912846197498e+00
2.783301618338038796e+00
2.732169730670457319e+00
2.827153873930869032e+00
2.769418684476703252e+00
2.698076204341040452e+00
2.714103415725100277e+00
2.762773155804681302e+00
2.793593844220397582e+00
2.728621855748071923e+00
2.692397885225426890e+00
2.688479418666141374e+00
2.695337606828863475e+00
2.701371332397644043e+00
2.723683052407893879e+00
2.717167843365431601e+00
2.734883762715714095e+00
2.718544319736401427e+00
2.729141606536383602e+00
2.757442853205059219e+00
2.787935159697702225e+00
2.791850305211565075e+00
2.789177610921299344e+00
2.795715530389678793e+00
2.805207132330988617e+00
2.792160789667017529e+00
2.729587906716165246e+00
2.741299117831006438e+00
2.666707832583991689e+00
2.713302609618275962e+00
2.743804342512593752e+00
2.669785466249375627e+00
2.630379729884260609e+00
2.644207653438469752e+00
2.706498803413687426e+00
2.715643425732610083e+00
2.702409873021865305e+00
2.717010480584854282e+00
2.714258848945673819e+00
2.765887920266420608e+00
2.746406691689156077e+00
2.724672708230564400e+00
2.744724682711476405e+00
2.667985234388912996e+00
2.695732577548035191e+00
2.669585817185887944e+00
2.662545684685933889e+00
2.646480676088377670e+00
2.601675212623615341e+00
2.614543179058951061e+00
2.657246374730301675e+00
2.695460878618729073e+00
2.712267087974203239e+00
2.756146713670657444e+00
2.790907403309811574e+00
2.800814906200530974e+00
2.841042228626057931e+00
2.860995902723271200e+00
2.826279941943449003e+00
2.811789477372165891e+00
2.795338275453210564e+00
2.790178484524657776e+00
2.713130447701038062e+00
2.717547039960755306e+00
2.687873107365164493e+00
2.681460890876156800e+00
2.651105911715788022e+00
2.632495122692058320e+00
2.693593512255634259e+00
2.625731850800769873e+00
2.636658441221639837e+00
2.647291045498719075e+00
2.639850788678355986e+00
2.658072978310368928e+00
2.682668746778336111e+00
2.646308534488441833e+00
2.664654604293774653e+00
2.683736255172940677e+00
2.694684371728859329e+00
2.660288081564810003e+00
2.666614575274132815e+00
2.637707146934047397e+00
2.669282294367577801e+00
2.691791998122933904e+00
2.654416751846247813e+00
2.685991908823026630e+00
2.707882402848915682e+00
2.782878734907227258e+00
2.779437961618635988e+00
2.777593294015958225e+00
2.814763022147801497e+00
2.855487528143546339e+00
2.868047604242984772e+00
2.869781616065710139e+00
2.916091635175957375e+00
2.944116333811567010e+00
2.929885532236662371e+00
2.925695962342474754e+00
2.913270792769683037e+00
2.896225790776592923e+00
2.888678239476123455e+00
2.921540175426833752e+00
2.889255938020755643e+00
2.898810466774708772e+00
2.898836990140263303e+00
2.835624513439605199e+00
2.886680459857644543e+00
2.900774548310643741e+00
2.823145372003313280e+00
2.877446692910505810e+00
2.870826703823464054e+00
2.810912955824909076e+00
2.803635079898374016e+00
2.800352642022771121e+00
2.809275636319893632e+00
2.800155073248588700e+00
2.819458714719533798e+00
2.757505972080346535e+00
2.781674035952481638e+00
2.738895977012811844e+00
2.721104755727333124e+00
2.703773713684288982e+00
2.754366757424009382e+00
2.787139982000104155e+00
2.740874129299231132e+00
2.764265335628409925e+00
2.735425740580643694e+00
2.748227938798546877e+00
2.743070241992125347e+00
2.733427848660727744e+00
2.781763175567456781e+00
2.758953223786660747e+00
2.778967670669102663e+00
2.849094739555666944e+00
2.805838214503329375e+00
2.801147293682509254e+00
2.840419683795063932e+00
2.841536324757671039e+00
2.868396873542171210e+00
2.848527534285697271e+00
2.809271974326895016e+00
2.784772129023467269e+00
2.805073405626749672e+00
2.806410533856189549e+00
2.840459525199950708e+00
2.836602421344646352e+00
2.867611024252699536e+00
2.821934044755450177e+00
2.758474605323936402e+00
2.809922087983755201e+00
2.721579678036415650e+00
2.705958577010692867e+00
2.691009088476032041e+00
2.711151354398082081e+00
2.727630147217735779e+00
2.719209309685487685e+00
2.722590515911268660e+00
2.664220549436102203e+00
2.666489270211490403e+00
2.722026512007779342e+00
2.726706086533597695e+00
2.731173940611647755e+00
2.772206399773355479e+00
2.688054380796558007e+00
2.744715040367734726e+00
2.744961631347008435e+00
2.755038666742037456e+00
2.803465989244203538e+00
2.769524058736128058e+00
2.806800634497625069e+00
2.787253106989508122e+00
2.706839156177371475e+00
2.667234944550330500e+00
2.722132943764389079e+00
2.718153466342189795e+00
2.823044864857004121e+00
2.814673908619413467e+00
2.840669290831150828e+00
2.807954708026979773e+00
2.753156959073633558e+00
2.734943090807158583e+00
2.743518062862397411e+00
2.716306467724923124e+00
2.710117426180431277e+00
2.682472580594946532e+00
2.677298372728939668e+00
2.684888885253702284e+00
2.637452795560685459e+00
2.715560426551680617e+00
2.677544648425886464e+00
2.697785694649494470e+00
2.671199585769675533e+00
2.652310303994620533e+00
2.676053458251913764e+00
2.671975381483280287e+00
2.675092435910139343e+00
2.747389997929082561e+00
2.804648614332035717e+00
2.776061617857886077e+00
2.788782440345780156e+00
2.746233270654073078e+00
2.797132921839443398e+00
2.792562664415434437e+00
2.785705993214975251e+00
2.862333278724339181e+00
2.860727088681190189e+00
2.882675210266262056e+00
2.911567954617606535e+00
2.932945266724015898e+00
2.905672282203090706e+00
2.851880411340963484e+00
2.812557133951430366e+00
2.847798942597637772e+00
2.847032179398042206e+00
2.711719069380420066e+00
2.729212667346832877e+00
2.716455667763384429e+00
2.749675763050097643e+00
2.741858356777906014e+00
2.708451349598016034e+00
2.688609892170157778e+00
2.674270268855794885e+00
2.630944768091722175e+00
2.676470945129048484e+00
2.612774687134179707e+00
2.645372175286172300e+00
2.605609815337261548e+00
2.589168402521738521e+00
2.588902336521632819e+00
2.562134682550630149e+00
2.568399602020684291e+00
2.570386538485754269e+00
2.582501313068778170e+00
2.565867238662560723e+00
2.529353780384963724e+00
2.574015331617496294e+00
2.605721114640182634e+00
2.575711663026222009e+00
2.546513694289713303e+00
2.577784417136416817e+00
2.480002940474354212e+00
2.448607858817898997e+00
2.438911440465743929e+00
2.423424162545482652e+00
2.428975772187742965e+00
2.472675604461018750e+00
2.469943353529460595e+00
2.521954634243961824e+00
2.509229479110666183e+00
2.548261792858865338e+00
2.540192407840859090e+00
2.528167022562592514e+00
2.507157215351742963e+00
2.518519932402023542e+00
2.483859123071038066e+00
2.499419712003515759e+00
2.484298892328113961e+00
2.478706594335899016e+00
2.484443663609041675e+00
2.518177579326919435e+00
2.493252937944081538e+00
2.478615467096037417e+00
2.419004808120849503e+00
2.428521723487411688e+00
2.427896291211868007e+00
2.469065665512773400e+00
2.496649365870023729e+00
2.465575128056672227e+00
2.475001603155531082e+00
2.506816906658940969e+00
2.477932821141853204e+00
2.475495099002306798e+00
2.436713418684476107e+00
2.429587245639188708e+00
2.449931145528470022e+00
2.424851270330435238e+00
2.422064211530426725e+00
2.434751709274951992e+00
2.432163699056955508e+00
2.468053426489721147e+00
2.454884318449090497e+00
2.482150502329662611e+00
2.467363967427158133e+00
2.434470353330183467e+00
2.458967787888199030e+00
2.477846672667227246e+00
2.469869110115702870e+00
2.543963117475703140e+00
2.532778307243438665e+00
2.614768798858721599e+00
2.656907770074144359e+00
2.687239776921025669e+00
2.699445611920156640e+00
2.677210270315391050e+00
2.686305403436266115e+00
2.713542401317950770e+00
2.710849183171409216e+00
2.739884180547198067e+00
2.729646621024230502e+00
2.683044236619920309e+00
2.722313016742183400e+00
2.669520838920433459e+00
2.668882239547447632e+00
2.632029432299618055e+00
2.619399334758860221e+00
2.587911557651467298e+00
2.564483414603210942e+00
2.597349862483668836e+00
2.604959501729237292e+00
2.571752650306003751e+00
2.577253201772240487e+00
2.600257823886143793e+00
2.610055509479599412e+00
2.609596945546228675e+00
2.631452932068540029e+00
2.573573722540321018e+00
2.575256313385100082e+00
2.564008343529963430e+00
2.599276431123474396e+00
2.560122279555486990e+00
2.523886723445239788e+00
2.548557531584683122e+00
2.500560427239769901e+00
2.434643770047081102e+00
2.462176038745077733e+00
2.434456357713517427e+00
2.490996427958448667e+00
2.474647273452450058e+00
2.466374418400428592e+00
2.498087447639950831e+00
2.538456263946075708e+00
2.546373373575142374e+00
2.528968555153542130e+00
2.492756948965501707e+00
2.545621904994502138e+00
2.542020196866519477e+00
2.526130484467618231e+00
2.478207879622476018e+00
2.426622205441427482e+00
2.409652216246609413e+00
2.444939398562495647e+00
2.446284492256699306e+00
2.452547076774746149e+00
2.463985971608300130e+00
2.472550615778807526e+00
2.486229797641205330e+00
2.475402122112490666e+00
2.550198473683554568e+00
2.616061038488068924e+00
2.620229153395771338e+00
2.643722353040414585e+00
2.664996132357644765e+00
2.718223457344920657e+00
2.734404401184582500e+00
2.729752541934747700e+00
2.735071535484424832e+00
2.701671662106273519e+00
2.743474647046676207e+00
2.775374970852188206e+00
2.730341169830045267e+00
2.723982853016027050e+00
2.744873823982971306e+00
2.783276837292895323e+00
2.835640113847337052e+00
2.855431990399897479e+00
2.823341609141508446e+00
2.796529889344750774e+00
2.838847527037693830e+00
2.757258280900402703e+00
2.765710671685323252e+00
2.767743342599808809e+00
2.786050888432616723e+00
2.760074853258470462e+00
2.786436262810215503e+00
2.785919518405741258e+00
2.767767107083284994e+00
2.762886169053197172e+00
2.741528901795279527e+00
2.796806778456060183e+00
2.805965588392056009e+00
2.797815159703227028e+00
2.846615289010778316e+00
2.811974595809294541e+00
2.847501644354538008e+00
2.903313196786037942e+00
2.924728280625124466e+00
2.930703866134102942e+00
2.925970121699580595e+00
2.913263285452917462e+00
2.926721335540139357e+00
2.977396826830139620e+00
3.046947252714003351e+00
3.036129810691075903e+00
3.079116374656807320e+00
3.076298633512060121e+00
3.055093262017648748e+00
3.062683139952306455e+00
3.069189566558460758e+00
3.061854279737641349e+00
3.071403771481954870e+00
3.063476499219437432e+00
3.098642340567171694e+00
3.124357523427921279e+00
3.053760114663576442e+00
3.007084728173161636e+00
3.045754307040022368e+00
3.001453732566839783e+00
2.966737357529587893e+00
2.951743675030737091e+00
2.934829509339906384e+00
2.915131120230112227e+00
2.825029539430156333e+00
2.804243573088550878e+00
2.832204130859416580e+00
2.799341190663131584e+00
2.828881042562249704e+00
2.788992331851547046e+00
2.753684237450854777e+00
2.784174597623943814e+00
2.698276735540485749e+00
2.709106663567117934e+00
2.700840982359675735e+00
2.672698141774657365e+00
2.631338771986475589e+00
2.631639305728545430e+00
2.601689782828309649e+00
2.581441953433917025e+00
2.533811157343712317e+00
2.567925451030212081e+00
2.588378769592421857e+00
2.567401870984491907e+00
2.619234413473066958e+00
2.636378404599424297e+00
2.653854251612309589e+00
2.664427244594621769e+00
2.676073625313584170e+00
2.724637072249123104e+00
2.745708005940850960e+00
2.743839022823502116e+00
2.737388066038008105e+00
2.726251304546732257e+00
2.783923090967294289e+00
2.787547086235232729e+00
2.805318259311907703e+00
2.890382948454591983e+00
2.915238110807476080e+00
2.917694965230748672e+00
2.923454763991246708e+00
2.991262368931247639e+00
2.920791097343764964e+00
2.959116626238216696e+00
2.912223799354507037e+00
2.965301644952277993e+00
2.920334700440097464e+00
2.929818260734504687e+00
2.897374928996069521e+00
2.857999411762087494e+00
2.896083964916746023e+00
2.890769240366731108e+00
2.879898640599078519e+00
2.868763341615184981e+00
2.888635883029984530e+00
2.917869565192066972e+00
2.914899052814083902e+00
2.955510363347231273e+00
2.934496651318498461e+00
2.866714658267108362e+00
2.904103814470484934e+00
2.857367194979413938e+00
2.875314022232188016e+00
2.882590699636373266e+00
2.876346623869475039e+00
2.900314131151693786e+00
2.880876976317530147e+00
2.943668376746174431e+00
2.964518231305372620e+00
2.994291188983288610e+00
3.000545285116788197e+00
3.020676347419950947e+00
2.969539731856834841e+00
3.009499397311029334e+00
2.988335773452440058e+00
2.926985340648454503e+00
2.926042165002070483e+00
2.939224792377085560e+00
2.945091601465635200e+00
2.920326143287172993e+00
2.862504522628729120e+00
2.861631145715680002e+00
2.866233553990774396e+00
2.847998760978262656e+00
2.896363837122693852e+00
2.890129642464525528e+00
2.884998309712535569e+00
2.856094259175036676e+00
2.811179969425734448e+00
2.755325800932727720e+00
2.749999709254904001e+00
2.781349820192403843e+00
2.757561506835337628e+00
2.717138920959957016e+00
2.707949847279668365e+00
2.693524130099232750e+00
2.737130342703328445e+00
2.759498401394305578e+00
2.746076548927715688e+00
2.777809221251291483e+00
2.863681996444934263e+00
2.848427086875723990e+00
2.810433822176747753e+00
2.771924381883219546e+00
2.836510412033537154e+00
2.840908072349400015e+00
2.847319665191925253e+00
2.756598314553042606e+00
2.791374172825217492e+00
2.788443293353626729e+00
2.793277495670908994e+00
2.809381838107422702e+00
2.767173232320974119e+00
2.767533986065842555e+00
2.805981569429677247e+00
2.793546010817169911e+00
2.763407690997252253e+00
2.792800681262811668e+00
2.852605418594559961e+00
2.863895421476940761e+00
2.854319153865185310e+00
2.764323536776995827e+00
2.799875413749500108e+00
2.827880882185101363e+00
2.861637605949229890e+00
2.829303279243937652e+00
2.837410419082422308e+00
2.837692188174722130e+00
2.813086473762258510e+00
2.777515901580990931e+00
2.776832222574097120e+00
2.778033683182451696e+00
2.852636959222545787e+00
2.805020200956068965e+00
2.733735051301941166e+00
2.698735223702450003e+00
2.704873829513593009e+00
2.755840641312239825e+00
2.663524745449730169e+00
2.673462928509215519e+00
2.630401984849042751e+00
2.546435359960002032e+00
2.519495973875293782e+00
2.475854358978129444e+00
2.475792654856523889e+00
2.470034973191650884e+00
2.525363376263123349e+00
2.468239670691805276e+00
2.461449060578384085e+00
2.428841480294698485e+00
2.454576665283985104e+00
2.463464023711989359e+00
2.473289706232677077e+00
2.515403388943276308e+00
2.517854855351098653e+00
2.522755138706826994e+00
2.540914564162116029e+00
2.486738894631865815e+00
2.499403509084016761e+00
2.535502297575172648e+00
2.449395401968620600e+00
2.462583198197400236e+00
2.481652467980077326e+00
2.571753233507587222e+00
2.547844042290949407e+00
2.581129782595754207e+00
2.580142566007191274e+00
2.598226407754754774e+00
2.596673154185740628e+00
2.609504368635328309e+00
2.500159959020012757e+00
2.447165994367709985e+00
2.458865868355563755e+00
2.458729030841920071e+00
2.465086302414208230e+00
2.430832453306289942e+00
2.406730246973955989e+00
2.387759061158971630e+00
2.392195470658558420e+00
2.403257853131422817e+00
2.419174840596040710e+00
2.418986269103484688e+00
2.468178765270496289e+00
2.460872630644961756e+00
2.470456097476156021e+00
2.576362593463117800e+00
2.516170753028513563e+00
2.464933843312769657e+00
2.479276761118209826e+00
2.512433215299318512e+00
2.489241468966703508e+00
2.560387879519027798e+00
2.563980276907947164e+00
2.591719296418831142e+00
2.573693297358259802e+00
2.689317835676114932e+00
2.734423273081753258e+00
2.708525835040173302e+00
2.718903841629722429e+00
2.653533578225917733e+00
2.663499573528051556e+00
2.656447204937965711e+00
2.660295140024828697e+00
2.683327686077724206e+00
2.675046888101964004e+00
2.651860366317858819e+00
2.611096843655007937e+00
2.602771534611925119e+00
2.670167121534615440e+00
2.669553806269759910e+00
2.694376742913518807e+00
2.757062242093675675e+00
2.745257200197175340e+00
2.732310357339833295e+00
2.691394648048647475e+00
2.698495371936592946e+00
2.687522405065292386e+00
2.673482381961631571e+00
2.664882644045626137e+00
2.661486049774601348e+00
2.616679875144358292e+00
2.604442617263420523e+00
2.647040922584158018e+00
2.660630632080698277e+00
2.689246669640872778e+00
2.699239240884286684e+00
2.719033537963021718e+00
2.687718437261388260e+00
2.649588711225310700e+00
2.635262468275467285e+00
2.642862066975952828e+00
2.636433363128993790e+00
2.629969000210732322e+00
2.599406446410852833e+00
2.577151784135302659e+00
2.556999861771060534e+00
2.508944737079893628e+00
2.503222972674600033e+00
2.524956217269560987e+00
2.502377214597370614e+00
2.526913390945693116e+00
2.529890423129839139e+00
2.556586149382459539e+00
2.570523210713262063e+00
2.581608573102043280e+00
2.627848823186576421e+00
2.588339791778429433e+00
2.584919839654752582e+00
2.546626582983723353e+00
2.543610845767449558e+00
2.562375543604792139e+00
2.578320238182060020e+00
2.638348622407090893e+00
2.675761279294758488e+00
2.654917358978349018e+00
2.629897587483827515e+00
2.669943593098643042e+00
2.653003034583191866e+00
2.671253712056969043e+00
2.705255042880917227e+00
2.686250957648779636e+00
2.714964927164723374e+00
2.727704124900021565e+00
2.745588030040096328e+00
2.820298316428362373e+00
2.858292310222548149e+00
2.792169102156549787e+00
2.772603401168726389e+00
2.780052880370485369e+00
2.743408854480831049e+00
2.716174825750695465e+00
2.736813856526452149e+00
2.737172322296361759e+00
2.741920125844169664e+00
2.763670842763819469e+00
2.743690755161785511e+00
2.737599561526759206e+00
2.728499190929421836e+00
2.716358265191876953e+00
2.706644460313965883e+00
2.756270701955485070e+00
2.734431547588459743e+00
2.645446997482832963e+00
2.617579076355263101e+00
2.604898200309881506e+00
2.605007214090165668e+00
2.629604721080131657e+00
2.665099605232386981e+00
2.681092443777653322e+00
2.642117791242860836e+00
2.611613641412788844e+00
2.698166499318226386e+00
2.704486989597540969e+00
2.664790099932030198e+00
2.647236920861300469e+00
2.689092801757508422e+00
2.699798701103303333e+00
2.720161456781309717e+00
2.738333047732256276e+00
2.730889301454735296e+00
2.727851342517701116e+00
2.650191791708276234e+00
2.671647585869980634e+00
2.662914516346198468e+00
2.750058663333956765e+00
2.711262685928163663e+00
2.748964340890363456e+00
2.891074355677708319e+00
2.796539542060570760e+00
2.781547993573349142e+00
2.779042355192542058e+00
2.788450897312906740e+00
2.742427364760427366e+00
2.708088887954979374e+00
2.716981914734509118e+00
2.674729250288400806e+00
2.662796951882691943e+00
2.654040573417772553e+00
2.653244132420098378e+00
2.729657498312746622e+00
2.683483928731895674e+00
2.710893831560363676e+00
2.702159222313320619e+00
2.677527400632364607e+00
2.714986494537798389e+00
2.708717843750217735e+00
2.741207413802216220e+00
2.704926138599130336e+00
2.719440315551594267e+00
2.676481072270357142e+00
2.658811339845945199e+00
2.638455143235796996e+00
2.610191477009074834e+00
2.743454421258178400e+00
2.709433422408825454e+00
2.705475681457605752e+00
2.648815556827423201e+00
2.662973965580887281e+00
2.626546560407917230e+00
2.634834528885571903e+00
2.635737066375552828e+00
2.632155842770418364e+00
2.645706940987507139e+00
2.648326300828079294e+00
2.661643844599590025e+00
2.696415628092873273e+00
2.695381273214269680e+00
2.707620210440501829e+00
2.718698700401601887e+00
2.694910158338291506e+00
2.681417652879187319e+00
2.701526120128364017e+00
2.707064334635802982e+00
2.676307430258298314e+00
2.687250984939762777e+00
2.710136895840921323e+00
2.684431883502393479e+00
2.706328441079276281e+00
2.688371970276042244e+00
2.701670508355263234e+00
2.748157023919032493e+00
2.774703675381283485e+00
2.737795500865472853e+00
2.801500996289109313e+00
2.768206641778459431e+00
2.787408288229928033e+00
2.791400301915885951e+00
2.761005070622668089e+00
2.766608272793807277e+00
2.724890637472847210e+00
2.694844345879150449e+00
2.694885201751183068e+00
2.705257291264059560e+00
2.703836064153635643e+00
2.666132806046089154e+00
2.658922429777742291e+00
2.665132408363450445e+00
2.662292404788102473e+00
2.700721245424366312e+00
2.686396039171293548e+00
2.679022102766551061e+00
2.717460467737712104e+00
2.737026843421857425e+00
2.726197589580289904e+00
2.783871001611072149e+00
2.754483083420407930e+00
2.764779565016081353e+00
2.855872049329628126e+00
2.791366141183043048e+00
2.807364665825098360e+00
2.837880383226691894e+00
2.867356803539895527e+00
2.925697170510817902e+00
2.944828787933989389e+00
2.972133847792248762e+00
2.996549962848270354e+00
3.040019498060997361e+00
3.009859378672627983e+00
2.967412685649336357e+00
2.988425825892760734e+00
3.011028121302149252e+00
3.031495340676222394e+00
3.079191783474191979e+00
3.066350283170260926e+00
3.052901175038003956e+00
3.100817699830561658e+00
3.050513986174810288e+00
3.025326521501738419e+00
3.046717431948124055e+00
3.034560883004719045e+00
3.052565014133456600e+00
3.048131419055179592e+00
3.020974756284501961e+00
3.008312141972329989e+00
2.979095615929358232e+00
2.980934140556708467e+00
2.945681227958909520e+00
2.881971079096353527e+00
2.884709446732312887e+00
2.882500467762632468e+00
2.877756380708883732e+00
2.835299507882390380e+00
2.805942891017957574e+00
2.837043019665070887e+00
2.857785477168616417e+00
2.886403623662634921e+00
2.905615115543112470e+00
2.862838295646743969e+00
2.875076369289428335e+00
2.838297272907678970e+00
2.830317957405898976e+00
2.869751408951202176e+00
2.850698333050947220e+00
2.853876107062186751e+00
2.828431919581309462e+00
2.735735726933792744e+00
2.723189650429760356e+00
2.669332963259442248e+00
2.685655939424731464e+00
2.715433440519816610e+00
2.704172281836926928e+00
2.732678172691292762e+00
2.777039590383778567e+00
2.774787718714537110e+00
2.775493651595620115e+00
2.747968661144412295e+00
2.691529630155950592e+00
2.727190492569908642e+00
2.725761371222365170e+00
2.720133719337087808e+00
2.651039294577924199e+00
2.622358178849768962e+00
2.611009234059969319e+00
2.554522180642048834e+00
2.611067840791861716e+00
2.581032141089548038e+00
2.597069973927336850e+00
2.613077620420729552e+00
2.599034741528763348e+00
2.595771189253793132e+00
2.668125811966641781e+00
2.686280519539552714e+00
2.752569268940296521e+00
2.699488432052471687e+00
2.729052205748372373e+00
2.715092783569854173e+00
2.661657531494372009e+00
2.643923550572867764e+00
2.622125374771402839e+00
2.608690899413512732e+00
2.617505598096333763e+00
2.638588575724838847e+00
2.633310783683150635e+00
2.625857825880363983e+00
2.625536588769909585e+00
2.589886810073946055e+00
2.581525224010502662e+00
2.597172455667500213e+00
2.625387810903365260e+00
2.607418150396084489e+00
2.628905260795323162e+00
2.592636421072456621e+00
2.487671181575546786e+00
2.448038869706304688e+00
2.407728865343093716e+00
2.402629937586490350e+00
2.393188436260765606e+00
2.380308282666378172e+00
2.436868660611366977e+00
2.390766381527081652e+00
2.323002481206684067e+00
2.341399249237120284e+00
2.328559424970642056e+00
2.341632741262075434e+00
2.340867629999082933e+00
2.324376836581173666e+00
2.338117586730815933e+00
2.342891423093681702e+00
2.351420309214320881e+00
2.305769991916045480e+00
2.376984535983840185e+00
2.407674459682716428e+00
2.401077583151711270e+00
2.388816919307221287e+00
2.397278176710529785e+00
2.319735786198253269e+00
2.308064030943710598e+00
2.403729489054779567e+00
2.421122901428589103e+00
2.468248804369659322e+00
2.467942014371164117e+00
2.464227850905217121e+00
2.462190940549226159e+00
2.463786772324536578e+00
2.470630468986358963e+00
2.563096853527262020e+00
2.549144159315799296e+00
2.520633630648571710e+00
2.539507258705107073e+00
2.524386312619672168e+00
2.540969508691757639e+00
2.582430176342217276e+00
2.580464344983196767e+00
2.621602182618844257e+00
2.633069233450366031e+00
2.631704854435213292e+00
2.623505687847124346e+00
2.643607809419033394e+00
2.681911675509053961e+00
2.658974432394453302e+00
2.677654438436335216e+00
2.713875908425524841e+00
2.697279851605530965e+00
2.687640838975094315e+00
2.715250261069343640e+00
2.706136142700109382e+00
2.729507850247691270e+00
2.716715525913037332e+00
2.722306430867639016e+00
2.756272988249197198e+00
2.715083150543648571e+00
2.750257314278490739e+00
2.754087116243375544e+00
2.717757385858361463e+00
2.768290828160505868e+00
2.767867958401405204e+00
2.680566215051210843e+00
2.666172910500548277e+00
2.655493654490503008e+00
2.636493246708624838e+00
2.649717963531931897e+00
2.656124970192080159e+00
2.632639011315891509e+00
2.621364071884799252e+00
2.648411582319900148e+00
2.752240581825553090e+00
2.738398888452198587e+00
2.764303152974886935e+00
2.781174757077830684e+00
2.722639774396202306e+00
2.768066252531460325e+00
2.766351297599590975e+00
2.750039966106008649e+00
2.780810691382102906e+00
2.767681889131350381e+00
2.811461049414871738e+00
2.779361162255022055e+00
2.823439480774901256e+00
2.841435685867990113e+00
2.814033817197036935e+00
2.827770332349501370e+00
2.907774551228145210e+00
2.921677580791322892e+00
2.924795648810089244e+00
2.969995242677990532e+00
2.912102626693577889e+00
2.908050758120416468e+00
2.910283194715868493e+00
2.892803471278966754e+00
2.893921418746589591e+00
2.853124489462929070e+00
2.849383984832055017e+00
2.859029480592399697e+00
2.828693596345877914e+00
2.843913625608729845e+00
2.841317377217400519e+00
2.840610628368672508e+00
2.861434733149676557e+00
2.825953667042548911e+00
2.823665007504847946e+00
2.806089761844217545e+00
2.823320898399642065e+00
2.829118664157102447e+00
2.841977231328072673e+00
2.859209044567365243e+00
2.855855839847129207e+00
2.823390291400635466e+00
2.831349945235895227e+00
2.815932087678547191e+00
2.771634778262731746e+00
2.838133678970240048e+00
2.812854020219047069e+00
2.830449638261608669e+00
2.852863139478852617e+00
2.773650398692050878e+00
2.758704452760116776e+00
2.747306626432035603e+00
2.724453898893755888e+00
2.786652796141877886e+00
2.735655961066835395e+00
2.716905001134664044e+00
2.651937540430076901e+00
2.678135747160151237e+00
2.690644879459127115e+00
2.692162498682117100e+00
2.682544178240878097e+00
2.699177741212829940e+00
2.686501672726069767e+00
2.679543379304102135e+00
2.633379135096372892e+00
2.609585728522698655e+00
2.628811167395346704e+00
2.626378063740818725e+00
2.621269933706920963e+00
2.682189094860814027e+00
2.679363887545531675e+00
2.715085297365960493e+00
2.651580635795149465e+00
2.635334805987798124e+00
2.686185764619197780e+00
2.705874541164582148e+00
2.696568453771477358e+00
2.728071296501268783e+00
2.700355660859414808e+00
2.725904364687743886e+00
2.751808273667392779e+00
2.745910514020169835e+00
2.764450034560896885e+00
2.764959850132297614e+00
2.776650382555471808e+00
2.801986013736572190e+00
2.773704078708490339e+00
2.783500678758709768e+00
2.732984927136407283e+00
2.731309472986140463e+00
2.791709982693655334e+00
2.763266483969172960e+00
2.671525228657661621e+00
2.685675865032084886e+00
2.638136448493451081e+00
2.631422201351480084e+00
2.612834918412240359e+00
2.658608454475133165e+00
2.692290365914148609e+00
2.724102971530098838e+00
2.689954875189676020e+00
2.747951636235608230e+00
2.696967942370283478e+00
2.668641538083028841e+00
2.677402821535987076e+00
2.680849980233189545e+00
2.752719462555397900e+00
2.711189156734957972e+00
2.685213370137883970e+00
2.652210203070132000e+00
2.646921740856253535e+00
2.677587546144674757e+00
2.697424756684231983e+00
2.726573268919938009e+00
2.771946064264338538e+00
2.773358078009553918e+00
2.796620580059716143e+00
2.874446735242684792e+00
2.833826041828564346e+00
2.863982238047617201e+00
2.816225526429782189e+00
2.810177332968771591e+00
2.775986726414221728e+00
2.759665002298145708e+00
2.724880665082224596e+00
2.762653565326665728e+00
2.703731389989222134e+00
2.683179675258161367e+00
2.710756425556761773e+00
2.662817126211673546e+00
2.619761369525837935e+00
2.602405265018935321e+00
2.646125034307167390e+00
2.641295279190791767e+00
2.667030431962220671e+00
2.691515456028041431e+00
2.666204069831644041e+00
2.617705884651158943e+00
2.605492353646298387e+00
2.599006031793918314e+00
2.578054721697192075e+00
2.554264056295339369e+00
2.582755322358470718e+00
2.549577983247186985e+00
2.523047251136786961e+00
2.568218804114471343e+00
2.566980494534883750e+00
2.636089431102040859e+00
2.649831327650276958e+00
2.693770001196140296e+00
2.690673243315088836e+00
2.709048994256618936e+00
2.763610927447619936e+00
2.718829927564264004e+00
2.821799985771813013e+00
2.853320724859876201e+00
2.859599673054320057e+00
2.860508461136102909e+00
2.839447676681924548e+00
2.829191329277882527e+00
2.783896773760961896e+00
2.768241182542785506e+00
2.776701119391594030e+00
2.821657260172366399e+00
2.805979543577929114e+00
2.836355170347852450e+00
2.861332557623468720e+00
2.847413899941037663e+00
2.863747165083856405e+00
2.894359025674068331e+00
2.886107982790051540e+00
2.869158868216064029e+00
2.854752078646083824e+00
2.801405818310486850e+00
2.781720282947456546e+00
2.803745695204329813e+00
2.809090095200210246e+00
2.797125475496296421e+00
2.823737279823930191e+00
2.819542928490419875e+00
2.821662727712746843e+00
2.794644933136313458e+00
2.784118010665896481e+00
2.790272365754945305e+00
2.748830977753371041e+00
2.764150629861122699e+00
2.775902107631366356e+00
2.751600481137212562e+00
2.695717140361991948e+00
2.712714855261289859e+00
2.680057347755446795e+00
2.689672444560377240e+00
2.647931726049512768e+00
2.695298840537117879e+00
2.699078718285072398e+00
2.658543924841367811e+00
2.661939200411297612e+00
2.632111587191711788e+00
2.648729812374822856e+00
2.656135499256193189e+00
2.592646155038313527e+00
2.586486851783885932e+00
2.613077013917298519e+00
2.613111416446878721e+00
2.620486498509217554e+00
2.584934175849871174e+00
2.569681963771719868e+00
2.554330720442691494e+00
2.588978146208554154e+00
2.622832215887402452e+00
2.627674975754257680e+00
2.631856577153247390e+00
2.636847771806096308e+00
2.626690675176733603e+00
2.634196657539923603e+00
2.628866350480405512e+00
2.645917250948468968e+00
2.650426523415490454e+00
2.615364722400267183e+00
2.658477104610665886e+00
2.681325831490756428e+00
2.660751098579183349e+00
2.639349487459682120e+00
2.584513141250590618e+00
2.596912420226272111e+00
2.650304913420338249e+00
2.665888374078698497e+00
2.648369803437824466e+00
2.658370973516757996e+00
2.658975950603730265e+00
2.713130210709913559e+00
2.716576740283228375e+00
2.715446823797936116e+00
2.732068012923838829e+00
2.717107643121252192e+00
2.730171985619062713e+00
2.696239190183946199e+00
2.711436008048405455e+00
2.743251466369881264e+00
2.741477502803697508e+00
2.761479755708666328e+00
2.718141747772586214e+00
2.760831329968171932e+00
2.796766334773251650e+00
2.742389074416100581e+00
2.727299368503152355e+00
2.746075002685113731e+00
2.774551082769838750e+00
2.856468597306842216e+00
2.823769968576219647e+00
2.813140289321358178e+00
2.790189620862608244e+00
2.761397438790321512e+00
2.791425330119767345e+00
2.788589582711871628e+00
2.769568331063551270e+00
2.753254573519058557e+00
2.741099181531070350e+00
2.730328477661803532e+00
2.770590777399474458e+00
2.760877587406717293e+00
2.827455399350126353e+00
2.841920091790238523e+00
2.839328423064176654e+00
2.842567741887343846e+00
2.856679350467381084e+00
2.819895904635925987e+00
2.817660550153593846e+00
2.822191070917988043e+00
2.757156812652638678e+00
2.770085396138705303e+00
2.790342397241323713e+00
2.792749009501652058e+00
2.771366234822836283e+00
2.799477373973793259e+00
2.814783322015604661e+00
2.840007099769207510e+00
2.902188730575876896e+00
2.867187495599561764e+00
2.858498976388795576e+00
2.836718247905644308e+00
2.893190521104158197e+00
2.900449504523607835e+00
2.941229201139541782e+00
2.948353510093977725e+00
2.915867733056705546e+00
2.916108271063646562e+00
2.901598579286549739e+00
2.925609152117449874e+00
2.922522194319170374e+00
2.890056568117756797e+00
2.892153695159322524e+00
2.847484272998226817e+00
2.855344318968637829e+00
2.956735775743184025e+00
2.968667274410631940e+00
2.927062950738689384e+00
2.947810822869237679e+00
2.951931355109938426e+00
2.911282101463081862e+00
2.872798040302021683e+00
2.845171485794275590e+00
2.824133339974259194e+00
2.864352317100862244e+00
2.885769532780990687e+00
2.837622680771600958e+00
2.843912919955954965e+00
2.874232653482177824e+00
2.784256964840196247e+00
2.759840104197604838e+00
2.783688107564643577e+00
2.694201199796654844e+00
2.736939383837554640e+00
2.718995039737762465e+00
2.723019044075611461e+00
2.697907212197209414e+00
2.756249349578500762e+00
2.779236166781499318e+00
2.756897602714838413e+00
2.752797595840813738e+00
2.732241857872652613e+00
2.734041514252296246e+00
2.733339186571826396e+00
2.740291865341754729e+00
2.766513969514624804e+00
2.787008867782922561e+00
2.768431458594011296e+00
2.687033073354383461e+00
2.642128340441736167e+00
2.659586058442239942e+00
2.704231317312860039e+00
2.705939893169194921e+00
2.637541800036381723e+00
2.587928327827413000e+00
2.592617351934171310e+00
2.614752595576316896e+00
2.691774657642587609e+00
2.690816948366808958e+00
2.679568929846156244e+00
2.665733567230913259e+00
2.697510762325684652e+00
2.678008409703708903e+00
2.671141360535529863e+00
2.639206435954048136e+00
2.636789767729907474e+00
2.578977199030993539e+00
2.599782052353636352e+00
2.590834084743802279e+00
2.610052579979811771e+00
2.589636567587682681e+00
2.598460136022151534e+00
2.576904894575818616e+00
2.653914375474467846e+00
2.703626912801044391e+00
2.612377894701394698e+00
2.654213707491078100e+00
2.649658971447677924e+00
2.695546031880245330e+00
2.792321230407782906e+00
2.805825800875124898e+00
2.751542400954482215e+00
2.749915025479176212e+00
2.689537753817814902e+00
2.697662082381076409e+00
2.680945872150372722e+00
2.645664740420378358e+00
2.674418548844959442e+00
2.651382352000823506e+00
2.663615742644175555e+00
2.650823329487246749e+00
2.726282434258437970e+00
2.753267587296534202e+00
2.726686701330439000e+00
2.691947833826233705e+00
2.728182780128792118e+00
2.714302398802800997e+00
2.785791359660323874e+00
2.795037506658141879e+00
2.766544557895539658e+00
2.811127882453481330e+00
2.715076335701701371e+00
2.735083568432798540e+00
2.718990210279843556e+00
2.661882084301900431e+00
2.645946563957088937e+00
2.639220973665386882e+00
2.595682216753200766e+00
2.638565567436416348e+00
2.644589653562502196e+00
2.593896126450283557e+00
2.606960899076205873e+00
2.585156985516622097e+00
2.605259462309207130e+00
2.595973140923131250e+00
2.588829364621723528e+00
2.597544794380594269e+00
2.552857353104131644e+00
2.529567572431551614e+00
2.545999728911234605e+00
2.557047459205655571e+00
2.556924232719812284e+00
2.550813346614888566e+00
2.530518558310666410e+00
2.521396355934664602e+00
2.544477933236424683e+00
2.574242523884045397e+00
2.511543652116286829e+00
2.531301775565771184e+00
2.526798682108945204e+00
2.521267809570712615e+00
2.475768661384341485e+00
2.497490234060727676e+00
2.470864008507312803e+00
2.477227184163599993e+00
2.520598891724134649e+00
2.554190576710958727e+00
2.571006125269741815e+00
2.510113547388781452e+00
2.557343142138464920e+00
2.571225162689242172e+00
2.571823857356690279e+00
2.585321261798771530e+00
2.625597494764468465e+00
2.611285415036963986e+00
2.556577402608112948e+00
2.561086397838252093e+00
2.570150915334600494e+00
2.542505883253645571e+00
2.583036789807204414e+00
2.559575235330979748e+00
2.569158461416619410e+00
2.621768946088338215e+00
2.643231946399558829e+00
2.660353747087712328e+00
2.653402849818390141e+00
2.746233107031270215e+00
2.742044520503462923e+00
2.769805641364426751e+00
2.763230701816487223e+00
2.744439884030613008e+00
2.743580193479488116e+00
2.744239286046807447e+00
2.855518280098750861e+00
2.822914945361680417e+00
2.825735754386789811e+00
2.828130435840526147e+00
2.819825257905256954e+00
2.854381931141109607e+00
2.875541999756752620e+00
2.901784902368740315e+00
2.928319352988317359e+00
2.908790026603505385e+00
2.983670847242365642e+00
2.960864958992106555e+00
2.992524262767806142e+00
3.005979531327739540e+00
3.016082334264971188e+00
2.978168650107440474e+00
3.039046192513887856e+00
3.071550996910372699e+00
3.017957168427254366e+00
3.031980050574553331e+00
3.043903054902228345e+00
3.078426707879122759e+00
3.118728307167873304e+00
3.126577734755993099e+00
3.136622344041667620e+00
3.141375216189614683e+00
3.182347808446428505e+00
3.187604485471289717e+00
3.181879961890779818e+00
3.196577360611330132e+00
3.137999393597263875e+00
3.150831918497789541e+00
3.150584080282266886e+00
3.117305455401854442e+00
3.121066976667781656e+00
3.097626795439710090e+00
3.114355238514397772e+00
3.089969163521269824e+00
3.079320581224787468e+00
3.077267277854105032e+00
3.015559281770450628e+00
2.999788622002003802e+00
2.976599549748776052e+00
3.055483891919694273e+00
3.037738312197878709e+00
3.023266911405660728e+00
2.925208285260881169e+00
2.913288300440807443e+00
2.888671285996947447e+00
2.875283116957041418e+00
2.848835657564420032e+00
2.858729630275027578e+00
2.819171516492695151e+00
2.845733566123728409e+00
2.799487222596511060e+00
2.832532782356123047e+00
2.803592383814365263e+00
2.795839183694611485e+00
2.776499222371815012e+00
2.732538636228488027e+00
2.764979956973462105e+00
2.713607753290290692e+00
2.722822651313770770e+00
2.723906251523423361e+00
2.723304840876757282e+00
2.768275165700231799e+00
2.736350161057639951e+00
2.735006097913285750e+00
2.613384895899204086e+00
2.564355110050954956e+00
2.556660824119288744e+00
2.613161484311990357e+00
2.619207092259596692e+00
2.660517427869986129e+00
2.642073400179708376e+00
2.660160210095316557e+00
2.655046746100692356e+00
2.669079246391243387e+00
2.609499775963922907e+00
2.638459591137573668e+00
2.635252094367602105e+00
2.666878206313519684e+00
2.694406285467473960e+00
2.725799218185655182e+00
2.761858633905875937e+00
2.733814236599677816e+00
2.778131666681370682e+00
2.780524267842741981e+00
2.799310980536833693e+00
2.771228704648217356e+00
2.760746003746940680e+00
2.820231925182800303e+00
2.772373826659112250e+00
2.877212674275631432e+00
2.915215966220781940e+00
2.900553184409484953e+00
2.906684133381714386e+00
2.908325246395857100e+00
2.866115874707206856e+00
2.826897138847837443e+00
2.804493849916267934e+00
2.767717191554237566e+00
2.822916225511671318e+00
2.836944937307817494e+00
2.863609008499506725e+00
2.867186092525680685e+00
2.841470367656237617e+00
2.848288297704372418e+00
2.809743401948546548e+00
2.807261162274801602e+00
2.782259445502015094e+00
2.731764566349988321e+00
2.718420582923910533e+00
2.716159882386426361e+00
2.732338057402926346e+00
2.740788731564276492e+00
2.727409626600000969e+00
2.764982926161207999e+00
2.754570703882614602e+00
2.774878925885237990e+00
2.807098043509604235e+00
2.802978033091961585e+00
2.816122101136778966e+00
2.803701142459446238e+00
2.846658375845330546e+00
2.866004461530842207e+00
2.883350752348695867e+00
2.841651553565073041e+00
2.858617228451143522e+00
2.840515264486160429e+00
2.841982653108061641e+00
2.864338746111610767e+00
2.874942993956900228e+00
2.908818564826716191e+00
2.937420049344350303e+00
2.957738433861349936e+00
3.005309060418769107e+00
3.013050435977596031e+00
2.999810126561572865e+00
2.992278961515234759e+00
3.003984626459039742e+00
2.970669937490391099e+00
2.932970531152334637e+00
2.937867634275844075e+00
2.957389555074685372e+00
2.900484364301513462e+00
2.892141254228506764e+00
2.876623687753090852e+00
2.888631166700255992e+00
2.873006291616129193e+00
2.885111894356809703e+00
2.853752443721010668e+00
2.906692325796753185e+00
2.887761659804692460e+00
2.891863215251440078e+00
2.907410464444838638e+00
2.891295681868820466e+00
2.829421830638016999e+00
2.863241030638564499e+00
2.837149454648583369e+00
2.825840436243934661e+00
2.817079683921738908e+00
2.799440918153635049e+00
2.826385517903533984e+00
2.867742258836629698e+00
2.891233812764570477e+00
2.904402461909459721e+00
2.976264182106421963e+00
2.960753241688053095e+00
2.954326311722216492e+00
3.044673715245598267e+00
3.050225606612352092e+00
3.039236791500036006e+00
3.037185546658820900e+00
3.065028213593047113e+00
3.013368635306270082e+00
3.048385023628038759e+00
3.006220924854097198e+00
3.056281405402032192e+00
3.044898448661900403e+00
3.055684349515361831e+00
3.057966280140498316e+00
3.109525013971519591e+00
3.071890275284219651e+00
3.086963724991757196e+00
3.105784542427786121e+00
3.110768857467395510e+00
3.148410494693629769e+00
3.128406453824492672e+00
3.123630996331657084e+00
3.112766646271091897e+00
3.091824963420940264e+00
3.104104369041627454e+00
3.091258721647479391e+00
3.066279388377556536e+00
2.900230031942629072e+00
2.906151148669773754e+00
2.886023601280221396e+00
2.895643502773922684e+00
2.933012617228226482e+00
2.937747195775803011e+00
2.905617845010494360e+00
2.896974862829006181e+00
2.830591705558268334e+00
2.856909343042629779e+00
2.796253027281660586e+00
2.794315253127620302e+00
2.749765887886401305e+00
2.741663854998776628e+00
2.749241398286287996e+00
2.731639249313859708e+00
2.755180590106997673e+00
2.729021399274710546e+00
2.755790992180726207e+00
2.735691930451106035e+00
2.724505049379567279e+00
2.738069733098230429e+00
2.699353614658567491e+00
2.742552751710449321e+00
2.753952021156791385e+00
2.854285226015010224e+00
2.864037737944863160e+00
2.852560807805835541e+00
2.848368834736182631e+00
2.802062623774306704e+00
2.796361729472949254e+00
2.872043170172898563e+00
2.904037595390659643e+00
2.944410771189552189e+00
2.931378680789705538e+00
2.914474296777937123e+00
2.901950865628205811e+00
2.951782427212068072e+00
2.891921804773778248e+00
2.896116681031229323e+00
2.899242842764492512e+00
2.888680279774734405e+00
2.876226483092747088e+00
2.825621660133464719e+00
2.829868115603871637e+00
2.822445111341268298e+00
2.854127927993319602e+00
2.876386390099658463e+00
2.812488978225051728e+00
2.848923976490089327e+00
2.897519917162397096e+00
2.923259441493750277e+00
2.922166929771990329e+00
2.917389616991407753e+00
2.950295716521043055e+00
2.962292310059944977e+00
2.909262294265216209e+00
2.926952470836514664e+00
2.854992737631496968e+00
2.836201134835957038e+00
2.888419072071938931e+00
2.906930767396151527e+00
2.898409718539300961e+00
2.902496190794683351e+00
2.894617432901804399e+00
2.913688952626190432e+00
2.875313696199603974e+00
2.825244600434679842e+00
2.844381031865730769e+00
2.752015684063634282e+00
2.770659458326048430e+00
2.758394694433067507e+00
2.747135242983036907e+00
2.807822506533124596e+00
2.746757189155408785e+00
2.737353532147586588e+00
2.694296163943357136e+00
2.739479747673368770e+00
2.717131187747119370e+00
2.725543706969447921e+00
2.708721501432885592e+00
2.750608276141610631e+00
2.716493739473190505e+00
2.725859215060988827e+00
2.754625242173464272e+00
2.736237931127164735e+00
2.715852234796977793e+00
2.700846767608630294e+00
2.761011677331386416e+00
2.740921637660461929e+00
2.720146712118031385e+00
2.750285584987176790e+00
2.836084452465864825e+00
2.759929212456692316e+00
2.865059029000430524e+00
2.850438679865783698e+00
2.840122509355445857e+00
2.824391941847731680e+00
2.786786056234501263e+00
2.847381740100805025e+00
2.825695151667990235e+00
2.825822526796775147e+00
2.804604911380667698e+00
2.754063832909127818e+00
2.720262653951546650e+00
2.736785761759719549e+00
2.705243186909179975e+00
2.721072006864270421e+00
2.797011322057865623e+00
2.815332080979407348e+00
2.810959824979932353e+00
2.765804958670000868e+00
2.788986927483783962e+00
2.792239661336759049e+00
2.770268208399775833e+00
2.772605086260980567e+00
2.752082780965511066e+00
2.710244158430292316e+00
2.777985553274853192e+00
2.697037949816637692e+00
2.662382191668809295e+00
2.643791511762696889e+00
2.672874924877659542e+00
2.702434740733009821e+00
2.654062218762954117e+00
2.657633983775560260e+00
2.617112988492019010e+00
2.644079059405454402e+00
2.719259723180377009e+00
2.689792660822260650e+00
2.669130541323028183e+00
2.672148122091665190e+00
2.642272291396468464e+00
2.624478055960656420e+00
2.582044453275272655e+00
2.584635763710417145e+00
2.598501205699882188e+00
2.587028799914286914e+00
2.586817901598247538e+00
2.613385377918193697e+00
2.595839635794833899e+00
2.602171686948561380e+00
2.637617197385046186e+00
2.645579933881246237e+00
2.673684314242356752e+00
2.730577865021727835e+00
2.707086535425668572e+00
2.685216774488882407e+00
2.685408838118609420e+00
2.662808868346960178e+00
2.657071576346694997e+00
2.652304380643322634e+00
2.530667210434342174e+00
2.509218918328630199e+00
2.534069487167641022e+00
2.550158179098092948e+00
2.549041787932700753e+00
2.534148814158148522e+00
2.532858083922887804e+00
2.523899113814995765e+00
2.537603483204382115e+00
2.540574677272641413e+00
2.549675370088995585e+00
2.547500389364003581e+00
2.549885206371945934e+00
2.566508433152568713e+00
2.544557970412639314e+00
2.540555936102833368e+00
2.578937151068545930e+00
2.569573506004563690e+00
2.559313290960113285e+00
2.581734604200760952e+00
2.549730585694702345e+00
2.556359373868179574e+00
2.560880622580613331e+00
2.560731072168912714e+00
2.617704044888119697e+00
2.749183475367268148e+00
2.770288937623909042e+00
2.763879180857946594e+00
2.789166537796030187e+00
2.745518803651584516e+00
2.791371046999582273e+00
2.790130860516722322e+00
2.823458460455849028e+00
2.831862490007659439e+00
2.874942679083679398e+00
2.794840862838768647e+00
2.766280165662320822e+00
2.742564871784600289e+00
2.741871452038429524e+00
2.723178430023594387e+00
2.721323297016192910e+00
2.681300320381585500e+00
2.735555336895121314e+00
2.733785401006608939e+00
2.766617677504649375e+00
2.776735825340346242e+00
2.741982566241476071e+00
2.773294697046480017e+00
2.754142630023095784e+00
2.692865753998548772e+00
2.657297444192991076e+00
2.663692365867246448e+00
2.652384922669436040e+00
2.624564717425358129e+00
2.673584332995771806e+00
2.636300374372303690e+00
2.556757564704193353e+00
2.518763809850578017e+00
2.491573066385074142e+00
2.465626521166973895e+00
2.547626476124594586e+00
2.545959711564434347e+00
2.543084675530096650e+00
2.520527957234839356e+00
2.560352777086074116e+00
2.551967359953021930e+00
2.552506914993122766e+00
2.551193538306174347e+00
2.560181470580577212e+00
2.558170048934432117e+00
2.558345301493540003e+00
2.572207804218851646e+00
2.561152341484304706e+00
2.552527368566005705e+00
2.553888204470227130e+00
2.565345245642122851e+00
2.586993731563408172e+00
2.603688858421806973e+00
2.599062334627985305e+00
2.562520344133921490e+00
2.606096515175298833e+00
2.672215824502178538e+00
2.709349383576746817e+00
2.709348235812224281e+00
2.735679319170334800e+00
2.728523632470119864e+00
2.738118530537069439e+00
2.747362428902318854e+00
2.805147368857129120e+00
2.818018347193059547e+00
2.825971709898089212e+00
2.821108592307306484e+00
2.833309737890743918e+00
2.835839297365521983e+00
2.846367499281514224e+00
2.902017245294771897e+00
2.877723282033506802e+00
2.873016247468372253e+00
2.897835652745639923e+00
2.968257772810214856e+00
2.955072120746373709e+00
2.854042120015598538e+00
2.866832220332138359e+00
2.832441401649252732e+00
2.835589483987507986e+00
2.806896634978097271e+00
2.766821864930669062e+00
2.804759882194902687e+00
2.811281908057801093e+00
2.811265866628655630e+00
2.802094313615321575e+00
2.836967535839441279e+00
2.821215383723432168e+00
2.762760910168496675e+00
2.783688982494739506e+00
2.749725777234109714e+00
2.744094909431923135e+00
2.698814369828632653e+00
2.668458187931093128e+00
2.643304614309597067e+00
2.625785331906670184e+00
2.675404445975678058e+00
2.686312207495075821e+00
2.662329385000661741e+00
2.655527212649893443e+00
2.628948602177627158e+00
2.714515196242898387e+00
2.694544542685826549e+00
2.742813824972837544e+00
2.790406616706767373e+00
2.783481867758270667e+00
2.860911125013429590e+00
2.827846044533858461e+00
2.854436167324684970e+00
2.853758115019187969e+00
2.838579317913183075e+00
2.797892323259445480e+00
2.820396816706932430e+00
2.857039130374193103e+00
2.793065343184419458e+00
2.791442325377660350e+00
2.799487912103593601e+00
2.826861793589489746e+00
2.819857943544450851e+00
2.855477509700270478e+00
2.863270338006158600e+00
2.856554122216060421e+00
2.848337839315122189e+00
2.876919113458032307e+00
2.858378503770065304e+00
2.894215308201306236e+00
2.872688735069833132e+00
2.844345615398852001e+00
2.807279112901155393e+00
2.772350032612043602e+00
2.775906204565730118e+00
2.776897931371959061e+00
2.776443123602268415e+00
2.735284055653983248e+00
2.777095278996114303e+00
2.777073620717435354e+00
2.788060436702747058e+00
2.816376204127031269e+00
2.810892897594864159e+00
2.840009261277002928e+00
2.851279828642286684e+00
2.848217823384647129e+00
2.847531870476532223e+00
2.887148964260907391e+00
2.854837062036173378e+00
2.823054718654911088e+00
2.827734106650929391e+00
2.879778703312732890e+00
2.904419674841753007e+00
2.902945539229939254e+00
2.912102440489076738e+00
2.909000271684954786e+00
2.945155640611897052e+00
2.997177320004443590e+00
2.961016146502743140e+00
2.993495966083533411e+00
2.925110702274127394e+00
2.939442246432302230e+00
2.962305881107935690e+00
2.873827644182927354e+00
2.847890746892846270e+00
2.850494875946610218e+00
2.842167341277927139e+00
2.785972965107860855e+00
2.827109555784795614e+00
2.853650448354429159e+00
2.847589862066587152e+00
2.862531273563651446e+00
2.860297495168546700e+00
2.802349085904493275e+00
2.824384813697748076e+00
2.791070032667602341e+00
2.798741575431163309e+00
2.781939295272342960e+00
2.829143698176256994e+00
2.848967640324036044e+00
2.876317855240179799e+00
2.899278590749074791e+00
2.870456531725713134e+00
2.937934748822289777e+00
2.931315229114416887e+00
2.953819408461473728e+00
2.922392863177261102e+00
2.907870656541146737e+00
2.946998964305119095e+00
2.997140229450394155e+00
3.014105090469308301e+00
2.875257591457051731e+00
2.959646939187117631e+00
2.942990214759176215e+00
2.967140515624515640e+00
2.968572467011834970e+00
2.927872421798512814e+00
2.911018683288242759e+00
2.991190218111678956e+00
2.951427802154817481e+00
2.966416793637979499e+00
2.937582018388052774e+00
2.978504653318672091e+00
2.928549645066180318e+00
2.915775641404511731e+00
2.896851995930304291e+00
2.909120230266326157e+00
2.878476907107071714e+00
2.832910006062612229e+00
2.789088101698635747e+00
2.784747864153840347e+00
2.826506345834770784e+00
2.744569154746235196e+00
2.729546929531421640e+00
2.694206055069395589e+00
2.677871979813877701e+00
2.800051568193195450e+00
2.787138660824310055e+00
2.793064969648284546e+00
2.776185066866225348e+00
2.812877726552217350e+00
2.801329654270752645e+00
2.817203460128212988e+00
2.797624585131653685e+00
2.793493048644012156e+00
2.760858494431044807e+00
2.597557028390630851e+00
2.585601824486918332e+00
2.577438268143783073e+00
2.574237425907718979e+00
2.579583373020458037e+00
2.548738451584871889e+00
2.591803394199053034e+00
2.583529176973438979e+00
2.614217153713330966e+00
2.609142649095196553e+00
2.616556851768369718e+00
2.710062202444254886e+00
2.646433558927137053e+00
2.635126727513857681e+00
2.621194254653924638e+00
2.612326134459110882e+00
2.614870099180341967e+00
2.559453896237320780e+00
2.586245314481482094e+00
2.534679818628845283e+00
2.540499101980487229e+00
2.557569757530571586e+00
2.591442433830938086e+00
2.627620613093858637e+00
2.645269561921847590e+00
2.787824257160912200e+00
2.659275598317067502e+00
2.704283192594182150e+00
2.698967264017733125e+00
2.712064811613266624e+00
2.700882295363640662e+00
2.722891130234743606e+00
2.764541166878699663e+00
2.744861270042633361e+00
2.713351485876989155e+00
2.606100195389125851e+00
2.588262704941724834e+00
2.678261973791498551e+00
2.658740083193255277e+00
2.676164645291084998e+00
2.686000219043513049e+00
2.697830364637307632e+00
2.742690614651833947e+00
2.676078454671893425e+00
2.732567450999270786e+00
2.690096537961307543e+00
2.604955425831770199e+00
2.609595943037112509e+00
2.571741233017137862e+00
2.600778689305597080e+00
2.620855819607347481e+00
2.705560822742331339e+00
2.710942950869177359e+00
2.671809690104101520e+00
2.657822558314796968e+00
2.667463378587950906e+00
2.640062904417006528e+00
2.642374394336747034e+00
2.619074977961015627e+00
2.692243785675731527e+00
2.774344867392821712e+00
2.714012416907715330e+00
2.707206104202545482e+00
2.736516914775455334e+00
2.736872719811054289e+00
2.753488234129449985e+00
2.696939062927248276e+00
2.708899658072910555e+00
2.744767901333135196e+00
2.674388026061653711e+00
2.754143355126272841e+00
2.783086743174754574e+00
2.778320207861649127e+00
2.809659987246031054e+00
2.786968968569129679e+00
2.791738891939359313e+00
2.788151826927251165e+00
2.754556526895525437e+00
2.822833286833506428e+00
2.785471546215927408e+00
2.794694648825026828e+00
2.807827397146978932e+00
2.817211444805771681e+00
2.879831751177387211e+00
2.870312400063117497e+00
2.861606560470613569e+00
2.929566240364389174e+00
2.924928539451197018e+00
2.966050944189737582e+00
2.957397767291490620e+00
2.959809901999185922e+00
2.982759784135082359e+00
2.984870383714969488e+00
2.999354173188479855e+00
3.051064234420059584e+00
3.044474013777397126e+00
3.125744093192073247e+00
3.031067239690980131e+00
3.026020535765758357e+00
3.023194030589713588e+00
2.937202578616400661e+00
2.979388589335520088e+00
2.996796574712562222e+00
2.944481005855909217e+00
2.941869431628365117e+00
2.977775392685191314e+00
2.878319642985691651e+00
2.846040169068085657e+00
2.812814467717766664e+00
2.817329659505489747e+00
2.778431847793918941e+00
2.799385616002023625e+00
2.767523652205710949e+00
2.749564381728911489e+00
2.740913422287894807e+00
2.747654243871897162e+00
2.766526232620380110e+00
2.721607130219866555e+00
2.704412977265171047e+00
2.701022760866620853e+00
2.711072353814816704e+00
2.663372284554823555e+00
2.646832506890009373e+00
2.665200964980375620e+00
2.681048682430140495e+00
2.766485947578338767e+00
2.781350361764070467e+00
2.739221876136555434e+00
2.748521202860882529e+00
2.751658727400373650e+00
2.686790285789045551e+00
2.795850354321394171e+00
2.791081298674138900e+00
2.804248831270780062e+00
2.763036404053842876e+00
2.802555687554892927e+00
2.707205673440504778e+00
2.730597491267419574e+00
2.740339303538218196e+00
2.729914913999728743e+00
2.691971759549677934e+00
2.690426607931547753e+00
2.672416204084391733e+00
2.694989286637546666e+00
2.699352919517270966e+00
2.695068342493903479e+00
2.691239838077454483e+00
2.774429364749881444e+00
2.780342997650885994e+00
2.769571061730712991e+00
2.787424877806548018e+00
2.780120531639618697e+00
2.793979725118221680e+00
2.794119414651606181e+00
2.783901829023717411e+00
2.804274150739758831e+00
2.732735490513841903e+00
2.746250730341887714e+00
2.740920937298480187e+00
2.779745395068603298e+00
2.794307928937704855e+00
2.851790938140276399e+00
2.831816435385397845e+00
2.809438046430896119e+00
2.828940332881023423e+00
2.846959276164542363e+00
2.833549899382041826e+00
2.920102231696284800e+00
2.886325553504434094e+00
2.880243129433178950e+00
2.865254372233841273e+00
2.878153203879417088e+00
2.887996944894252405e+00
2.807771555444911638e+00
2.841321770341413089e+00
2.804750850902264059e+00
2.794752995872272106e+00
2.844832022035501229e+00
2.829244953768947024e+00
2.871811086849258121e+00
2.896079842267486715e+00
2.897997455091695151e+00
2.905680443869253171e+00
2.884638323442870522e+00
2.877451717138651333e+00
2.853870705515302753e+00
2.902069419082860424e+00
2.921506566625505119e+00
2.953113044661826336e+00
2.952927972099685938e+00
2.931904551302279671e+00
2.948134853180169213e+00
2.853795628587100897e+00
2.875355061759712338e+00
2.883764406340554309e+00
2.922833983104402567e+00
2.945022757511217115e+00
2.932739266753543905e+00
3.008636539738646754e+00
2.952485763174922173e+00
2.957441094798114900e+00
2.961391380149023256e+00
2.919563937351910887e+00
2.887954208688819691e+00
2.883030499440752514e+00
2.860867265296461071e+00
2.899456741961790929e+00
2.886150497653476865e+00
2.920407848602709411e+00
2.916309308964885716e+00
2.924249685647681840e+00
2.898641344544267806e+00
2.910517464902649287e+00
2.854533643294876466e+00
2.823274577259647700e+00
2.840166343736812760e+00
2.778894098254573564e+00
2.850347613820568782e+00
2.841989568013757239e+00
2.713330896359371192e+00
2.701411741108609821e+00
2.611920907712601103e+00
2.588965556899833764e+00
2.586653033721889372e+00
2.613872477319632015e+00
2.604553737456771323e+00
2.577199080857039526e+00
2.605942127898470684e+00
2.621138882073126286e+00
2.609581816308993663e+00
2.594601427405389682e+00
2.619210289711981776e+00
2.649764471406546029e+00
2.634152503045538385e+00
2.631414369124718711e+00
2.625780888314976913e+00
2.671475448546725584e+00
2.667144680369383458e+00
2.717594132837435783e+00
2.779204041902346045e+00
2.799342475219326332e+00
2.869892274587776626e+00
2.843899870257904805e+00
2.860333649828083136e+00
3.020610119313932529e+00
3.012817420699017035e+00
3.131686881988665849e+00
3.161909425407366303e+00
3.167469169436003096e+00
3.129261561692621818e+00
3.104462679061408270e+00
3.135422286983329698e+00
3.061014876796184225e+00
3.136782487352933746e+00
3.110415302509285329e+00
3.094729655556313741e+00
3.057398650398322371e+00
2.984342763822464661e+00
3.008198619892868741e+00
2.974668159348596852e+00
2.976906018815276944e+00
2.983905503852919860e+00
2.995657157073435606e+00
2.912695056944741623e+00
2.821858549814978634e+00
2.780752708438048337e+00
2.766901384355357152e+00
2.753902157601944456e+00
2.714432188856930939e+00
2.694652180006574582e+00
2.645143105177176768e+00
2.640399994755449953e+00
2.623217147338420929e+00
2.616664207811924214e+00
2.664621895618420222e+00
2.689851434641279404e+00
2.653384860008047852e+00
2.696219041168625985e+00
2.689742299370107670e+00
2.719104125238761327e+00
2.757219456798732260e+00
2.749857025332319349e+00
2.767722367271972406e+00
2.751422788005795095e+00
2.789422610667283919e+00
2.780743931955325099e+00
2.726475095440255902e+00
2.701209649022678683e+00
2.731271811230534752e+00
2.780617099012893334e+00
2.834436122626465604e+00
2.853975797406264725e+00
2.875657594097733583e+00
2.877681690967335726e+00
2.879610773168892024e+00
2.914806980212069742e+00
2.835969212737624812e+00
2.866439741202255753e+00
2.875400772436866426e+00
2.793310687036377526e+00
2.790011064043619538e+00
2.800182024215234655e+00
2.800567922579207281e+00
2.789174897425025001e+00
2.749847223584891864e+00
2.745501023416868858e+00
2.758614052779020831e+00
2.749956231508620341e+00
2.741878447590933021e+00
2.759307969591156873e+00
2.722436253622531499e+00
2.736303614596647726e+00
2.753681857515575704e+00
2.773375331096756824e+00
2.774814372583204847e+00
2.756014371869895285e+00
2.717216832719527631e+00
2.692567814187727393e+00
2.700928983294598407e+00
2.695625100900895355e+00
2.672477262307217494e+00
2.724324531140027261e+00
2.746435247022752879e+00
2.697987116093078619e+00
2.770713864103723889e+00
2.757336171367286148e+00
2.704882664987593444e+00
2.707795158174753247e+00
2.688120224055896568e+00
2.709792105834130105e+00
2.720578915612458459e+00
2.719357674313791939e+00
2.755669025100484504e+00
2.772155951003334451e+00
2.731864718406816994e+00
2.780116857154609544e+00
2.778455699759810216e+00
2.801656381037354926e+00
2.810098604708024972e+00
2.806630247006839607e+00
2.838406904452794421e+00
2.862830370888813203e+00
2.841244566648202685e+00
2.850673159564655279e+00
2.894364048529675326e+00
2.876592786949958125e+00
2.901077525118902045e+00
2.865931327757329061e+00
2.893092530664234996e+00
2.907229765707343816e+00
2.862562608646429752e+00
2.944750310063788845e+00
2.953613587588864942e+00
2.982862201582181072e+00
3.011013091598285563e+00
3.035670665383176647e+00
2.997989666640082262e+00
2.925357196029039653e+00
2.933376388857623418e+00
2.938797708647198803e+00
2.947745573351518544e+00
2.914880592915831681e+00
2.857981893449804023e+00
2.838813997445650994e+00
2.835022074414426108e+00
2.818841107917687161e+00
2.789075651171691650e+00
2.841917592993590702e+00
2.844425559064934106e+00
2.814791204508825029e+00
2.810278034942054415e+00
2.808753754257629964e+00
2.822715305401056529e+00
2.859512298786801576e+00
2.796349110589361864e+00
2.873387553663547589e+00
2.851043552893890887e+00
2.852580749949814809e+00
2.827627621635675048e+00
2.825858400256620051e+00
2.791474903297505694e+00
2.827564261132778256e+00
2.896928693515666176e+00
2.882238747612564822e+00
2.899584621484586844e+00
2.903074457351380033e+00
2.912004759601157122e+00
2.990599401974688210e+00
3.002590547946127675e+00
2.950281835858531654e+00
2.916825613890996927e+00
2.969020756695122110e+00
2.998913847993892823e+00
2.987547781005224223e+00
2.996972755402410371e+00
3.026111767675279562e+00
2.941162530465212033e+00
2.938834565468972482e+00
2.924420965602424705e+00
2.928133992854856427e+00
2.918815913263497208e+00
2.951454725763861919e+00
2.950986370984133966e+00
2.981147187489666894e+00
2.965727458626353563e+00
3.029610144301515096e+00
3.028998698558610592e+00
3.033594243863563023e+00
3.042061427145156038e+00
2.951251275716708200e+00
2.936242219782698726e+00
2.943068630371672878e+00
2.839684837081887459e+00
2.838831799401558609e+00
2.832448694088196550e+00
2.854290451922752769e+00
2.834961414499373777e+00
2.848140771403268268e+00
2.828678028108363218e+00
2.802349515820341974e+00
2.833767174098802855e+00
2.878617180962549149e+00
2.869561872501828592e+00
2.870775526131209787e+00
2.872404860737785892e+00
2.860589166712141473e+00
2.847239189484072064e+00
2.762976733703723209e+00
2.704904213224852416e+00
2.722548760820970859e+00
2.662356702203025005e+00
2.669295146946937258e+00
2.644149723495425430e+00
2.636044000039558632e+00
2.716958669490764144e+00
2.747186886499914049e+00
2.755007750281150081e+00
2.821118280229680142e+00
2.843452789213514187e+00
2.896084661448624420e+00
2.839523108316671429e+00
2.822682580751513903e+00
2.787532416745404529e+00
2.794595999624382543e+00
2.844329593671950374e+00
2.832478895677940312e+00
2.844136509138478708e+00
2.852506899221609160e+00
2.839504385807009701e+00
2.867682034307704075e+00
2.822722097490715232e+00
2.829957584678370885e+00
2.860798494337127629e+00
2.898500374473167884e+00
2.899913200542127978e+00
2.911572037709201144e+00
2.892155478758014819e+00
2.906850679339955335e+00
2.901591510923267947e+00
2.870584611347565041e+00
2.833261360184654354e+00
2.809916661467432242e+00
2.793517819655916501e+00
2.747666819216354916e+00
2.758423049067165067e+00
2.773338465176061085e+00
2.781343318048769664e+00
2.811783124785146359e+00
2.839008058839664894e+00
2.807107348973908678e+00
2.824355471383898752e+00
2.836717173547790960e+00
2.820653398192098482e+00
2.815671932248368314e+00
2.842025640867384517e+00
2.882570550152222300e+00
2.868971284187100679e+00
2.904302742372398161e+00
2.909512185043546584e+00
2.920988858419151679e+00
2.932748541660822550e+00
2.950163320158686986e+00
2.947932162541361034e+00
2.975285532620790541e+00
2.977840524772432218e+00
3.024242804145460095e+00
3.087813783135587187e+00
3.081307658326752463e+00
3.032985950385174601e+00
3.084310749973942833e+00
3.092612260368462707e+00
3.039696163542801699e+00
3.023768374634858702e+00
3.012155847506962747e+00
3.026988863115588124e+00
3.024310154485898572e+00
2.995637031966308150e+00
2.899350980090307672e+00
2.865849806834386282e+00
2.850666833270466771e+00
2.822468517117831421e+00
2.870449647183364927e+00
2.845043249256235640e+00
2.840171200415773090e+00
2.813055722837247696e+00
2.779533811143632072e+00
2.801012642088864357e+00
2.734898779133882130e+00
2.741678431662859960e+00
2.756072306012173456e+00
2.717720633198717817e+00
2.711971087996564833e+00
2.718653735002781957e+00
2.784436201601611760e+00
2.761112265551547651e+00
2.760628777735713246e+00
2.824258778371357526e+00
2.736375056774249970e+00
2.756736946067808169e+00
2.683393197333096669e+00
2.583147138169098689e+00
2.583792565252920781e+00
2.666316661644072106e+00
2.711790834476708767e+00
2.691117962549912868e+00
2.736155770576448543e+00
2.685224735066791713e+00
2.745340478463667466e+00
2.732281100042314836e+00
2.737031573619782332e+00
2.775440928713177158e+00
2.751220947676345396e+00
2.790573963217835463e+00
2.789023337582186457e+00
2.805700483359878206e+00
2.829918974867989601e+00
2.823022167337573052e+00
2.809041192810611154e+00
2.848790759871722589e+00
2.795750658408726608e+00
2.840074378619438900e+00
2.828692956416162030e+00
2.933663244796298031e+00
2.809407250725147520e+00
2.874682706441464841e+00
2.979213362630289463e+00
2.965331060759815340e+00
2.988407580734655067e+00
2.974568538383605354e+00
2.949262819939859614e+00
2.903349524463044062e+00
2.913342909132291325e+00
2.888963380612096454e+00
2.895131475860858838e+00
2.879330421181572230e+00
2.867883140106253226e+00
2.846671300222622047e+00
2.886087836947490715e+00
2.869741466736772217e+00
2.877371771170592840e+00
2.831141628622415141e+00
2.811807659524733882e+00
2.791678178118490727e+00
2.759286757260926759e+00
2.817967418853197348e+00
2.774534114653991690e+00
2.770349907460580852e+00
2.706621435395596187e+00
2.787910472682553209e+00
2.759887662584807000e+00
2.699162971750784568e+00
2.665472514750077071e+00
2.616804247602692257e+00
2.611648135069779997e+00
2.644678105922027012e+00
2.675660586787831807e+00
2.670649096208252526e+00
2.628202851582140287e+00
2.620876305115366289e+00
2.685364153091317707e+00
2.658118658620113095e+00
2.669280033013651465e+00
2.668973270458560698e+00
2.654734957720702671e+00
2.638483829846562045e+00
2.674963019522834440e+00
2.723661535254209287e+00
2.758388494211783115e+00
2.711689923245639289e+00
2.712681955418558388e+00
2.686666574277626562e+00
2.678453587962406957e+00
2.699466992176175584e+00
2.649217244399775240e+00
2.681906649334689252e+00
2.696638917038258310e+00
2.811502884914307998e+00
2.823331135908069722e+00
2.845971409758258019e+00
2.860484223671465820e+00
2.832257005893115132e+00
2.878456887033803202e+00
2.905985454029446746e+00
2.918329534321350227e+00
2.866113719356358835e+00
2.905003551014909036e+00
2.931882824286589972e+00
2.901911630741154990e+00
2.896982591582689448e+00
2.887495170905132191e+00
2.871831914913433703e+00
2.827878815617126396e+00
2.799209982736564850e+00
2.838107518441576271e+00
2.816689198512795755e+00
2.799916269268520441e+00
2.842533735224158420e+00
2.854953862736544057e+00
2.861204475678813974e+00
2.855049546056093401e+00
2.879842144336548060e+00
2.780706790169590548e+00
2.814788200221617576e+00
2.810283230340666183e+00
2.782561288065221294e+00
2.829332564076689316e+00
2.814908228241489674e+00
2.823642495547206366e+00
2.826457355090264745e+00
2.817678645712419438e+00
2.798604364113483900e+00
2.764122992085301878e+00
2.751175873482138989e+00
2.780956680169071937e+00
2.763069699993847106e+00
2.746009561325848836e+00
2.759771923062131371e+00
2.798352194777884439e+00
2.825474405990777260e+00
2.828096373262196650e+00
2.882778962406610024e+00
2.866854596436251068e+00
2.822546409682195723e+00
2.823855546151060381e+00
2.791386277220593737e+00
2.796593374160521783e+00
2.824785406571290736e+00
2.837049642898573421e+00
2.834565988025135486e+00
2.862824524270777715e+00
2.822452143312528694e+00
2.796533197172132112e+00
2.803314801646542787e+00
2.758360790160305775e+00
2.771460919602589001e+00
2.803027197632473655e+00
2.763782580348664641e+00
2.776655466131644268e+00
2.729645816905022393e+00
2.725980105047848934e+00
2.723457459557221405e+00
2.713174325861132274e+00
2.703826397520416869e+00
2.698143509325891642e+00
2.662580099720446292e+00
2.600107211356447845e+00
2.559408723336041636e+00
2.564152388105831015e+00
2.609668337651370074e+00
2.619589971218725832e+00
2.626598937510457255e+00
2.635185055392070819e+00
2.592647685432531990e+00
2.605435421670889262e+00
2.558638242671537277e+00
2.589333515766508054e+00
2.580668202256763077e+00
2.590074785177084227e+00
2.624285974666435095e+00
2.586247072859992890e+00
2.580114364880261135e+00
2.600781697930572456e+00
2.607297915570420788e+00
2.619417391439264886e+00
2.656736291415504159e+00
2.676224008713449898e+00
2.674664515019871125e+00
2.676024198696484113e+00
2.645584087614976099e+00
2.657854931695583733e+00
2.729211713254296789e+00
2.762959187267480576e+00
2.816824448147972504e+00
2.828661889426894671e+00
2.828818828679583230e+00
2.827498711223086492e+00
2.859415792413102508e+00
2.906613265459023321e+00
2.876898056174096219e+00
2.910048210603095598e+00
2.861835904125134000e+00
2.880646729104566539e+00
2.871124967662791239e+00
2.883365214704750823e+00
2.923834503291406595e+00
2.918282867151040794e+00
2.968161550285102646e+00
2.987504537826000117e+00
2.967247085673627272e+00
2.871370975363987110e+00
2.891630052867403045e+00
2.833095598797639170e+00
2.833617982972612914e+00
2.806876395632992960e+00
2.812830109130040501e+00
2.821960045966009911e+00
2.814258470878445717e+00
2.795057192779196065e+00
2.804667167466325939e+00
2.761146891487170851e+00
2.738217300694403722e+00
2.726700708472409307e+00
2.716782465765047228e+00
2.701151028829514189e+00
2.684983119063706347e+00
2.715604682150373872e+00
2.706735523320878301e+00
2.717306559098769281e+00
2.716836473664509644e+00
2.695336720839173861e+00
2.688197414455597567e+00
2.643361495036127717e+00
2.632897271873176681e+00
2.647981973323486837e+00
2.723626067756498514e+00
2.705680822157906285e+00
2.727247915816952251e+00
2.771034920736529017e+00
2.783552598930078670e+00
2.809094976036059066e+00
2.776197218324062632e+00
2.761899969710172265e+00
2.763840355193086129e+00
2.738553008398408650e+00
2.825994866180518983e+00
2.848587098794352457e+00
2.861136802965331682e+00
2.851570300143396519e+00
2.840059474117356153e+00
2.863958547647678099e+00
2.846107994622528281e+00
2.863444495961929626e+00
2.805449517588824104e+00
2.783050323233688506e+00
2.763701895878367676e+00
2.752209829353763570e+00
2.782670081984834010e+00
2.789419340950030524e+00
2.782627569703421511e+00
2.771799497131773204e+00
2.782356351687279794e+00
2.824885787281478322e+00
2.788961198013903076e+00
2.822573539763861383e+00
2.777312004902238840e+00
2.771488135906372552e+00
2.745791718655338443e+00
2.666965428336895538e+00
2.668944064305883934e+00
2.628645395049160172e+00
2.590719738781621651e+00
2.546853908404319800e+00
2.577542227102415762e+00
2.600797255503098704e+00
2.584934882640480769e+00
2.591981163800610943e+00
2.601567251004534675e+00
2.567543997606541062e+00
2.597568101715856059e+00
2.648784676616986911e+00
2.665421930868892453e+00
2.683573638066584888e+00
2.676618587322479925e+00
2.570402393934086760e+00
2.611196322898549749e+00
2.585182164831740792e+00
2.564976360343357076e+00
2.582938055768479568e+00
2.564073336861860675e+00
2.594968683443416246e+00
2.621988154649399494e+00
2.660177415233512033e+00
2.734462928705937212e+00
2.770361161417805196e+00
2.784876023164414960e+00
2.816477126305629852e+00
2.842527006505119580e+00
2.821980528563656776e+00
2.816916986456444949e+00
2.859914235706435104e+00
2.855590790568796056e+00
2.809977135856140951e+00
2.868761242490497576e+00
2.848729046008829702e+00
2.830497375487659006e+00
2.765556877595899632e+00
2.717008815498571206e+00
2.736494874341709682e+00
2.869071576706300863e+00
2.811937312532362565e+00
2.845081266473288739e+00
2.856153102147498846e+00
2.851539305898027621e+00
2.818674219781039270e+00
2.832816267522224152e+00
2.771670257948064986e+00
2.763119346178882108e+00
2.776039913294815253e+00
2.745729100325136063e+00
2.745522658982908926e+00
2.739160684574151627e+00
2.733465016099128064e+00
2.770014285802861131e+00
2.782096700333685835e+00
2.727046396447886600e+00
2.763451226423264462e+00
2.771108413692841221e+00
2.782710095333284173e+00
2.806006968866872953e+00
2.793560905496095703e+00
2.871699544384702207e+00
2.907477585238179341e+00
2.869630131917110027e+00
2.860777368697091649e+00
2.881469447480817792e+00
2.858671670040754176e+00
2.843825232305023931e+00
2.847398487052372751e+00
2.897673423227675737e+00
2.921754981457964639e+00
2.977954348242721760e+00
2.975579094626497945e+00
2.989940936818848094e+00
2.994225307219961607e+00
3.008932516555094860e+00
3.005169014523819015e+00
3.005559501801690292e+00
2.967458459859227737e+00
2.927047925975863496e+00
2.970951989510761670e+00
2.950140949433509352e+00
2.956032202757301164e+00
2.977001391615749171e+00
2.919345930561560998e+00
2.951327802740274731e+00
2.873745894019600566e+00
2.870311587442917478e+00
2.873494515841037877e+00
2.897746139268892129e+00
2.856999278643165496e+00
2.853724084790807414e+00
2.886613091310571200e+00
2.869138074734995936e+00
2.884628197872764144e+00
2.822555106424554872e+00
2.858277345875314346e+00
2.894370128724403024e+00
2.870068863250133440e+00
2.880284559511235631e+00
2.886627723550821756e+00
2.862222046379788054e+00
2.909790679452739059e+00
2.935617418513458698e+00
2.949173353879702031e+00
2.936443559453240315e+00
2.930412920061696180e+00
2.939075864564563378e+00
2.924649636906519135e+00
2.967025657395585103e+00
2.938449041662284156e+00
2.959906216455506556e+00
2.908256788908079926e+00
2.914486537006069522e+00
2.933345957788766167e+00
2.965974526577153991e+00
2.997581213917038134e+00
3.001000052529700923e+00
3.020831490803261410e+00
3.005250284062391142e+00
3.061339998352202496e+00
3.023255248319356436e+00
3.003422342268530887e+00
3.008367602595848123e+00
3.002183514539823683e+00
2.982499487318223785e+00
3.038843664376186915e+00
2.994032638592133200e+00
2.919861084959107345e+00
2.922845948778892922e+00
2.917399554717321930e+00
2.923692199542760939e+00
2.934373028780859816e+00
2.929967631918041882e+00
2.925446537718700668e+00
2.920778115210362902e+00
2.905514024040148247e+00
2.940850446942890439e+00
2.894338170556679746e+00
2.854743829622973017e+00
2.836053305935378521e+00
2.838202525914988783e+00
2.800249826015895227e+00
2.793102355272426784e+00
2.795633640764362937e+00
2.794393222771744068e+00
2.804261965360947961e+00
2.747190112591987088e+00
2.751229645332482932e+00
2.768123174864926206e+00
2.783316477282451462e+00
2.775168343088830092e+00
2.774097950503358057e+00
2.833312630146497035e+00
2.875642279600926887e+00
2.917045281515704414e+00
2.885683967116013715e+00
2.904365506775530736e+00
2.900966252387634725e+00
2.876867227443332897e+00
2.847749776966315594e+00
2.889459477625648809e+00
2.916726676234163040e+00
3.005047982366033210e+00
3.001381491989063122e+00
3.021690515637452723e+00
2.965104354595915481e+00
2.992763545062626651e+00
2.945097452755794265e+00
2.974572076818063682e+00
2.912652383075338580e+00
2.932482224830638362e+00
2.924575089604943834e+00
2.902105565399731191e+00
2.890520470188425506e+00
2.862753790065854620e+00
2.834918787395458661e+00
2.867043030998355224e+00
2.845222297782471266e+00
2.819416916291898723e+00
2.781495951481526507e+00
2.740189603655067696e+00
2.770101306733489643e+00
2.736363111405530013e+00
2.744450663016361869e+00
2.807054498245164176e+00
2.803144717617674253e+00
2.754142551557856144e+00
2.730709240004332461e+00
2.751570893336884982e+00
2.780967036902032952e+00
2.818226961409052045e+00
2.827733866884959202e+00
2.866522975019627495e+00
2.822307197760208552e+00
2.859821758443823470e+00
2.743071957420564200e+00
2.805261235631668626e+00
2.851435253504056355e+00
2.795676916199261619e+00
2.685612406717864165e+00
2.672088933520772702e+00
2.691729810343227669e+00
2.662177858807012854e+00
2.666736827088268758e+00
2.688654676639265606e+00
2.749485068659774267e+00
2.711238252630607359e+00
2.738092485795266207e+00
2.726623037581201281e+00
2.607281532822982140e+00
2.585083798490805940e+00
2.568504763194558560e+00
2.518665921624456683e+00
2.490658919031675911e+00
2.486999024517640322e+00
2.478034087117958251e+00
2.456914203743015168e+00
2.445874115525003223e+00
2.467145319375358081e+00
2.450452010458439300e+00
2.495763488267379149e+00
2.492331132606133703e+00
2.468192789023719858e+00
2.470957343327182976e+00
2.581866763271484011e+00
2.588288896086038182e+00
2.542138106391232721e+00
2.574340270745630210e+00
2.568654512808288715e+00
2.573208406558178840e+00
2.574060771989423735e+00
2.552253014908001827e+00
2.576305226616748989e+00
2.571195094480186683e+00
2.667967663310526483e+00
2.705681548225994604e+00
2.773057825322889691e+00
2.825704804753605526e+00
2.846815626465968752e+00
2.830004035524743777e+00
2.784116137941601732e+00
2.787125415779309279e+00
2.804900260423250025e+00
2.832115931141871545e+00
2.847712530127438857e+00
2.854560437381114646e+00
2.849616162841855704e+00
2.826440078984386428e+00
2.795706122367393132e+00
2.801596501497503500e+00
2.797155002563713744e+00
2.807272743195544429e+00
2.790155878251983079e+00
2.734000825215546104e+00
2.711859392822086434e+00
2.646314765607152619e+00
2.673388587530466598e+00
2.658533698389545563e+00
2.671998999478991887e+00
2.676559822710242731e+00
2.666711770485056476e+00
2.632668264845511086e+00
2.666963693826690740e+00
2.637038347043471731e+00
2.667178306102607088e+00
2.696705988792996944e+00
2.722513301805869812e+00
2.733606928544193959e+00
2.702131280414451275e+00
2.753327306667501251e+00
2.782305363655286801e+00
2.762518316345896618e+00
2.763238245815516692e+00
2.840134459102165110e+00
2.798491123566701599e+00
2.831682107062617249e+00
2.829867601783540021e+00
2.889440804248209371e+00
2.960584013662127312e+00
2.938220896644728519e+00
3.013677639634237515e+00
3.017617980858668059e+00
2.999350580981862358e+00
3.021750675644625517e+00
3.040543931059337179e+00
3.006971316640362879e+00
2.988929169875496061e+00
2.956696750526886408e+00
3.010434600544799721e+00
2.959381572972743957e+00
2.971742358844176923e+00
2.911069373707781072e+00
2.901695083783462970e+00
2.879307770527965715e+00
2.821375277356438005e+00
2.819514790598428799e+00
2.855110829908844128e+00
2.817770354271591060e+00
2.804121662958572792e+00
2.822014092871197644e+00
2.764973865939392983e+00
2.780802818426654444e+00
2.700236249694563995e+00
2.732171363910758100e+00
2.762940931128542665e+00
2.745473984847347726e+00
2.779524737419328595e+00
2.781714071613101691e+00
2.768471976497915321e+00
2.730502221525206608e+00
2.770903558097184582e+00
2.822731266641543169e+00
2.850681781318182839e+00
2.830358118853766314e+00
2.850889139565109698e+00
2.860776667136530005e+00
2.859426774586342646e+00
2.851712164226079427e+00
2.866570920561733793e+00
2.847206278205426599e+00
2.802430932343146441e+00
2.723110263918786966e+00
2.767278376231075754e+00
2.781415367810530448e+00
2.818289571693670226e+00
2.875835474727947982e+00
2.792935593323509380e+00
2.857559021250451803e+00
2.774262366433650318e+00
2.755015583925875422e+00
2.794083770298440683e+00
2.785123260472405882e+00
2.758863444660132114e+00
2.780974881956718381e+00
2.810721757735064941e+00
2.828868373182412910e+00
2.810759059662086390e+00
2.802832177954216686e+00
2.819028744876568737e+00
2.848771529689086091e+00
2.861990142511806834e+00
2.898251883242124016e+00
2.925259194841030030e+00
2.952166976904439633e+00
2.968716791447029824e+00
3.020083148000366702e+00
3.093694420024307945e+00
3.040602652775589387e+00
3.045094952799728194e+00
2.966330647369049167e+00
2.924297058108480840e+00
2.998827294669311971e+00
2.943347876984386602e+00
3.031904128960134948e+00
3.052144671775209428e+00
3.008626231485574731e+00
3.000331256381470801e+00
3.069036981400051989e+00
3.045710345166715349e+00
3.052300940759022918e+00
2.886479339187566939e+00
2.911916065243642215e+00
2.897643402242743083e+00
2.904309583620244162e+00
2.850050007214167902e+00
2.835548391560072101e+00
2.841698770358680015e+00
2.807130791545394910e+00
2.813637280005782504e+00
2.750875687307857920e+00
2.764568641785808634e+00
2.738343438648423334e+00
2.759526935156730421e+00
2.769723853444099770e+00
2.840282135647888673e+00
2.823404217208867362e+00
2.838774023848714911e+00
2.849918244270817080e+00
2.789451826254494726e+00
2.796157877062746433e+00
2.774726026194981543e+00
2.769107572520623783e+00
2.701260016247894580e+00
2.699786797385960835e+00
2.673477007452392584e+00
2.797023083068161053e+00
2.769782934069234148e+00
2.721141157806894029e+00
2.714282051766776060e+00
2.695740742047586291e+00
2.695311422400907819e+00
2.662713926490208216e+00
2.671649325826737087e+00
2.639111586691434308e+00
2.689894456222184704e+00
2.664330050744543765e+00
2.657458449679240164e+00
2.685349603447363176e+00
2.640590686246596430e+00
2.633486443651674946e+00
2.658568705999707849e+00
2.645935022963487260e+00
2.668815238584720362e+00
2.667669123955215937e+00
2.621208440829963404e+00
2.646676303631371852e+00
2.565516386466375476e+00
2.601913178161010975e+00
2.598636037968611312e+00
2.583958594940238829e+00
2.571410630134926656e+00
2.576959661831112136e+00
2.626574509898437881e+00
2.599844491971679883e+00
2.607070638561769904e+00
2.597280626539841819e+00
2.642978820488418368e+00
2.654797684065564933e+00
2.657695908199456003e+00
2.591773998262410394e+00
2.555956441046992378e+00
2.533868022049633240e+00
2.520650282735739545e+00
2.543296378100795341e+00
2.524936259247275938e+00
2.529278355431886727e+00
2.513013599936538167e+00
2.517079639630279697e+00
2.550737510340828962e+00
2.578125606922691215e+00
2.594828250570790917e+00
2.656846225667391259e+00
2.649514296012192460e+00
2.669970551713603868e+00
2.709008374150496223e+00
2.740318761541783221e+00
2.734556550120292417e+00
2.720210925838030924e+00
2.751133669634751922e+00
2.769622081473102515e+00
2.730126698626133663e+00
2.727108394044794881e+00
2.636427184141961977e+00
2.635385542290035410e+00
2.708902447527477886e+00
2.733679652086161038e+00
2.806510060256031558e+00
2.793769490670623412e+00
2.818994758889253216e+00
2.854630600897455572e+00
2.906639963969629203e+00
2.892894105888086820e+00
2.893173729728702792e+00
2.869418151240938020e+00
2.779867451110802357e+00
2.782390890298354957e+00
2.765346785402285512e+00
2.814545730217425046e+00
2.751327425210051913e+00
2.708883921269317430e+00
2.679265202078513042e+00
2.709272981439424299e+00
2.714769391897013051e+00
2.685799028641879360e+00
2.705665158473107290e+00
2.759991895429241726e+00
2.765442505934286643e+00
2.856552096436765886e+00
2.876718350633816090e+00
2.920034292516756835e+00
2.964598429728293016e+00
2.936351000573718117e+00
2.974619128755502828e+00
2.866236157745432056e+00
2.877162414057100825e+00
2.874538954513141675e+00
2.901828882668648024e+00
2.906578239268747144e+00
2.867710344969968350e+00
2.963023427673473709e+00
2.906987072473829592e+00
2.929372587084330792e+00
2.878719694832614362e+00
2.942581959877960784e+00
2.984552555381834615e+00
3.054047486701519265e+00
3.061405066914923090e+00
3.078772358969833256e+00
3.122205712961803048e+00
3.108877813508039711e+00
3.117816232220658623e+00
3.108172115052778572e+00
3.078644670239297554e+00
3.060708583772910885e+00
2.989498386197429802e+00
2.965156101776620368e+00
2.944668449305949842e+00
2.912502838941415817e+00
2.921558149799975634e+00
2.908330295287190115e+00
2.858712726475589605e+00
2.873854252942789955e+00
2.822695381212112498e+00
2.749913031366450600e+00
2.798221520977990817e+00
2.841124335268290668e+00
2.804823037205834257e+00
2.809341974207230308e+00
2.753067858663195366e+00
2.743551611633431975e+00
2.724778044095151674e+00
2.720878976543060102e+00
2.704868167902398923e+00
2.669542761551676247e+00
2.692889531926690783e+00
2.697667433640508872e+00
2.651315155071570118e+00
2.668340386988746982e+00
2.650993659524828239e+00
2.696683890148045215e+00
2.705179262055890987e+00
2.723997292757341704e+00
2.740455382155383646e+00
2.812687776507493798e+00
2.796057861159924496e+00
2.812607626403457406e+00
2.773030480571307521e+00
2.792277430917748493e+00
2.877410764728324466e+00
2.831825886652574731e+00
2.774604641536964511e+00
2.795064043624843286e+00
2.821722064921151851e+00
2.860322261718987402e+00
2.832398448979598804e+00
2.809059639584815748e+00
2.800475851287576035e+00
2.784733413680779091e+00
2.822671439891142775e+00
2.783381150394452774e+00
2.746611411372485545e+00
2.801149172854958014e+00
2.782256118285694857e+00
2.782866092469946206e+00
2.804466179097415690e+00
2.790098312095400601e+00
2.786720315540776927e+00
2.821999645768168197e+00
2.812144685666086552e+00
2.776236223645514034e+00
2.762878323838672934e+00
2.751431054034323420e+00
2.765098793936104915e+00
2.803476264812489571e+00
2.843430779429456656e+00
2.849389850700764892e+00
2.860329482084897901e+00
2.830820929161880883e+00
2.873728680653223844e+00
2.893556962477274563e+00
2.899712100617255484e+00
2.876674681968034886e+00
2.904049052602315939e+00
2.890436766094958809e+00
2.937074131460569948e+00
2.978460971131046797e+00
2.959529452097300783e+00
2.981630420255774183e+00
2.985825177637757566e+00
2.938468077287964331e+00
2.983054375183216145e+00
2.961324881086972116e+00
2.896160389755986220e+00
2.882178906113901373e+00
2.893192704269667903e+00
2.899597501210906092e+00
2.958421739953061902e+00
2.915708691635208627e+00
2.878959943272613842e+00
2.859674972660345205e+00
2.844643947641435133e+00
2.855638156538639283e+00
2.885846018561386561e+00
2.820044579580107680e+00
2.844949850520800627e+00
2.836521034540267827e+00
2.847129070792759897e+00
2.835332476949764757e+00
2.859751249724069133e+00
2.865048861334185126e+00
2.822315298842664522e+00
2.868642867012745068e+00
2.861828418924052819e+00
2.874992123392420051e+00
2.813517216753951722e+00
2.763393139842187818e+00
2.810544807532162626e+00
2.814898133284792880e+00
2.801155420141402175e+00
2.822976867548777413e+00
2.847203588736962221e+00
2.866422150838683347e+00
2.919144348733724303e+00
2.945210174951030435e+00
2.946575816348454779e+00
3.027772026321462917e+00
3.005767192342792882e+00
3.031531499544501962e+00
3.064260206139571174e+00
3.019551511027642299e+00
2.989742767239812693e+00
3.000534716106904476e+00
3.018117731789327074e+00
2.928249111641168856e+00
2.877215566564846672e+00
2.872825810068994734e+00
2.803358949042024761e+00
2.832867129990355171e+00
2.809803095830000874e+00
2.864018106513267270e+00
2.856050257964858563e+00
2.797644197915297504e+00
2.847650320623165143e+00
2.850252297464111795e+00
2.887746238253952047e+00
2.850958407286568352e+00
2.821645831225381595e+00
2.802742870754977744e+00
2.792923970974012793e+00
2.782781567364956299e+00
2.755567833291890700e+00
2.766295200055531200e+00
2.730136230170741918e+00
2.690743776919793717e+00
2.714405093257250101e+00
2.765634758094178913e+00
2.766833690315053662e+00
2.752316246042716408e+00
2.811193594380591687e+00
2.823343352851261034e+00
2.805502728954627933e+00
2.850225598859784881e+00
2.784196191707177803e+00
2.821156876341815334e+00
2.764648715525407141e+00
2.803133071638364004e+00
2.831258234658208472e+00
2.843094833132020050e+00
2.871226368609420820e+00
2.731883732473757487e+00
2.787315927837714202e+00
2.816907541798352010e+00
2.807070308743849552e+00
2.816578565433639270e+00
2.816151017167113135e+00
2.883899665043645033e+00
2.866224195971990518e+00
2.856149292479425394e+00
2.942313010010414676e+00
2.938505292647392242e+00
2.926085652098406431e+00
2.876549229375380268e+00
2.838035789238982254e+00
2.822459323248928342e+00
2.813579248467036109e+00
2.818338073926820897e+00
2.797517404799197305e+00
2.781483393257885961e+00
2.767726405924736621e+00
2.793721200301635399e+00
2.812126192071618735e+00
2.841254504825973637e+00
2.800796641610510562e+00
2.780003342201661454e+00
2.876620613388576775e+00
2.837047706472495712e+00
2.798190734963069914e+00
2.736472544047217070e+00
2.757853951849880580e+00
2.745471653036633430e+00
2.706291293625288752e+00
2.712088836281363324e+00
2.718672058241610401e+00
2.699817208041286332e+00
2.603891136297646014e+00
2.616079945040884702e+00
2.647186460749309411e+00
2.656829076282305024e+00
2.675778497167954573e+00
2.699140877056620980e+00
2.724115067500080922e+00
2.624338183365352517e+00
2.621867546982338926e+00
2.586636331518870957e+00
2.623360434777924688e+00
2.580748675707121631e+00
2.565632019753437909e+00
2.549908891897927354e+00
2.557269383447708044e+00
2.569121770790279591e+00
2.566665711667092786e+00
2.559236778870141116e+00
2.627495370536227615e+00
2.603662158603738952e+00
2.582397897661539599e+00
2.540275873557103825e+00
2.538059728511804281e+00
2.484001907652966246e+00
2.381822917790247907e+00
2.490030106418771982e+00
2.510227639956811529e+00
2.526551804470699825e+00
2.531326527024006179e+00
2.487391845934721513e+00
2.464229500620707114e+00
2.508678207147768902e+00
2.609599818592069909e+00
2.644610392942553734e+00
2.651334087633578473e+00
2.620938658364759810e+00
2.633095786281443473e+00
2.646383538160185456e+00
2.651872062407804709e+00
2.618052822081164521e+00
2.620048346403264006e+00
2.606341779935075653e+00
2.633754090790162206e+00
2.631009433811124953e+00
2.606584073873400964e+00
2.634524022534160181e+00
2.688450389482861524e+00
2.687008847407208467e+00
2.761668865551684338e+00
2.844338533535609947e+00
2.840669171952438621e+00
2.842792546897889405e+00
2.783826835890940821e+00
2.814584280615249678e+00
2.816109242229412057e+00
2.847545828535503087e+00
2.789710246126337445e+00
2.812590653391355833e+00
2.850283764229831984e+00
2.866596233810736472e+00
2.867030516762195891e+00
2.881672298213972638e+00
2.837094660345365504e+00
2.860025778726448920e+00
2.868432229543404599e+00
2.856387089344607499e+00
2.850462195560103051e+00
2.839666364570406998e+00
2.831845531678383932e+00
2.875425647388632377e+00
2.895922051148359877e+00
2.892793493730376309e+00
2.875383904405437008e+00
2.875466857032287660e+00
2.887172780170339070e+00
2.857526988056909634e+00
2.832806584937724637e+00
2.873545715080680019e+00
2.809914580501860826e+00
2.865304140556855561e+00
2.823876504694747158e+00
2.828053596434237260e+00
2.804357514208815072e+00
2.726456219383662116e+00
2.734367122696195196e+00
2.763402582316961897e+00
2.696156199837707490e+00
2.731969864236955203e+00
2.721369461592053174e+00
2.730040635109004299e+00
2.749137650398552513e+00
2.752239229476252547e+00
2.747189022128192271e+00
2.760989542398458507e+00
2.711260466351936405e+00
2.689712057653185884e+00
2.638339087439210751e+00
2.679160712210102435e+00
2.641734753219456167e+00
2.644395178141657254e+00
2.641927049919914339e+00
2.584189111328106137e+00
2.601684593186015970e+00
2.609131722991783420e+00
2.535460429324370768e+00
2.536215431757515848e+00
2.516406496285302996e+00
2.497561612747750459e+00
2.555993084804534909e+00
2.574550491289255394e+00
2.589253086863072539e+00
2.651691933565220261e+00
2.614556934062139515e+00
2.579865239654308251e+00
2.564150326311022798e+00
2.546276677719077508e+00
2.559221216725575676e+00
2.558465065453923160e+00
2.530349603351099486e+00
2.571415422764074421e+00
2.566922551870538527e+00
2.590274799423105900e+00
2.557611002854984328e+00
2.593792619694003321e+00
2.598919104452796613e+00
2.614958442685129114e+00
2.699329154116447249e+00
2.655672712424419046e+00
2.665505899954927038e+00
2.778255145404925130e+00
2.767586870494572970e+00
2.790648762865620913e+00
2.825081637201432461e+00
2.797499995695756692e+00
2.741071184697393193e+00
2.708081287736449738e+00
2.708985656778173379e+00
2.698211043291845801e+00
2.739637309971822532e+00
2.801943865084158158e+00
2.820750507612276969e+00
2.840747535604343454e+00
2.823895098573161899e+00
2.809382610063508867e+00
2.800147173688756652e+00
2.758281389837177411e+00
2.747502176409894581e+00
2.786813053063915024e+00
2.760857214983479579e+00
2.718155484516256326e+00
2.679279889588843666e+00
2.648807488185730641e+00
2.652049560552903085e+00
2.683303115752953882e+00
2.639091621006456556e+00
2.653001291124699623e+00
2.682161244104852127e+00
2.631696449267623361e+00
2.599600083394668637e+00
2.620289528708692917e+00
2.627745493943152155e+00
2.620779266225963688e+00
2.562580179238799438e+00
2.532433322083456062e+00
2.527772214516221805e+00
2.507578232141429275e+00
2.465644170199535079e+00
2.471898516032984272e+00
2.488208074929406877e+00
2.493952926522467362e+00
2.537861631059080914e+00
2.564462440378683095e+00
2.532717574068679589e+00
2.533136445794529124e+00
2.562076505717598707e+00
2.600280092672939691e+00
2.587121294376470981e+00
2.644648167328173205e+00
2.651281320604454983e+00
2.653485551065027703e+00
2.665015953536017612e+00
2.680267978209958990e+00
2.702056703453684872e+00
2.718947982999571078e+00
2.767671798053622734e+00
2.761033495769428026e+00
2.765776021505791604e+00
2.879151987003403690e+00
2.865670272003292052e+00
2.837299216609430186e+00
2.878710169368664307e+00
2.913794826896227708e+00
2.964266967842478895e+00
2.961957287840279118e+00
2.898294531547948694e+00
2.910873859522587814e+00
2.879384154662025797e+00
2.913766333167231881e+00
2.950160481122999112e+00
2.976728555620231642e+00
2.989290627393712541e+00
2.959215554736877696e+00
2.946935628834879140e+00
2.876559238624849968e+00
2.927710189130176222e+00
2.937749855251882813e+00
2.931551993745324047e+00
2.960189594022054393e+00
2.996409067612183286e+00
2.924638842529182270e+00
2.931845376726010421e+00
2.920901744935041844e+00
2.926022906553565672e+00
2.990280730937277642e+00
2.953971743555572793e+00
2.952889770489826926e+00
2.971256510083863489e+00
2.895683136031902194e+00
2.947983341494092357e+00
2.987841328187782253e+00
2.915857507783195857e+00
2.941510986855675469e+00
2.899907333655191710e+00
2.927445633034952088e+00
2.932122226049363789e+00
2.887150554150775150e+00
2.951813693477059797e+00
2.951562292356761930e+00
3.050567907445524973e+00
3.009989620711772673e+00
3.013198406464350221e+00
3.000952103175529295e+00
3.015027486423274450e+00
3.011685245109860354e+00
3.045109821776429637e+00
2.993791455089986453e+00
3.000747656993758561e+00
3.000743403223127714e+00
3.011550219505983783e+00
3.019572720062687399e+00
3.021505313028734818e+00
3.030688983216029087e+00
3.084384239352435664e+00
3.086546640599665103e+00
3.057585667626556258e+00
3.176029553865434174e+00
3.211175287478849061e+00
3.263620126498809615e+00
3.211078716544533140e+00
3.189626317185240367e+00
3.209777766784795094e+00
3.155392271038610641e+00
3.085112664649309444e+00
3.044663682367048985e+00
3.003874263847407189e+00
2.968264217039106700e+00
2.994610427842185452e+00
2.967964633409623687e+00
2.951340837623356528e+00
2.953630957106514465e+00
3.011257875204169210e+00
3.035596803243512110e+00
3.031554037167048410e+00
3.008803458936638364e+00
2.993944011157498419e+00
2.978448253249946998e+00
2.930839635655866360e+00
2.932907778576524738e+00
2.879356389021094920e+00
2.914196785254379751e+00
2.870348793282841093e+00
2.870182051587714334e+00
2.818152789679184256e+00
2.826691808928481375e+00
2.804569819132794350e+00
2.831571153710126687e+00
2.811982278182480588e+00
2.857717143149162808e+00
2.874020428975772923e+00
2.891687064189819800e+00
2.812120845108544209e+00
2.749556503281893161e+00
2.731328548675964196e+00
2.739135518772296773e+00
2.712679135979021439e+00
2.726581590906417052e+00
2.709035909485747240e+00
2.717818592829571500e+00
2.720183262908257849e+00
2.753097889289082278e+00
2.768465001262336855e+00
2.784058969429370478e+00
2.778382871750684213e+00
2.791203517549692759e+00
2.761957344287143457e+00
2.757029878416743518e+00
2.743827844192959997e+00
2.761623895431499331e+00
2.726226286166105961e+00
2.705840382866540939e+00
2.714751476947058428e+00
2.749590640487592275e+00
2.686374687113039172e+00
2.648200488922516360e+00
2.657791405682194519e+00
2.778199231577526351e+00
2.825376072513032355e+00
2.871050194777784892e+00
2.897363155946955704e+00
2.857455189044347588e+00
2.858753165694206011e+00
2.877350096328662676e+00
2.855693312900022374e+00
2.868663963769924496e+00
2.886869160062371709e+00
2.860452914595408735e+00
2.886849553131854318e+00
2.888320198478031120e+00
2.924752927970546423e+00
2.995503229977102944e+00
3.012086567089613531e+00
2.991140704827780272e+00
3.019318519964440561e+00
3.068464566841904606e+00
3.013617237524742087e+00
2.996035113660667548e+00
2.981048409555304701e+00
3.070521158058014510e+00
3.070125106133006820e+00
3.081481279244399296e+00
3.063265126781430148e+00
3.090570640514785694e+00
3.070081232318262465e+00
3.025430004188362165e+00
3.046627179862013257e+00
3.047977933627576963e+00
3.026841743641598637e+00
3.054234859219403742e+00
2.994825228957439300e+00
2.994852438368412084e+00
3.019519793193591095e+00
2.952672080872034588e+00
2.917048831517007557e+00
2.895475885532160287e+00
2.779439976503474075e+00
2.733504866504861130e+00
2.743411493291001868e+00
2.716822947419077039e+00
2.684071063039224381e+00
2.748407633411325435e+00
2.736334081158071641e+00
2.744860995864727204e+00
2.718736322131539040e+00
2.748804132781413667e+00
2.667406786478843550e+00
2.655279107886974632e+00
2.606977334643600486e+00
2.602955607401390647e+00
2.631924714853608016e+00
2.709777205561443303e+00
2.675787610131806105e+00
2.681880250176825076e+00
2.654729825339322336e+00
2.664656682421218559e+00
2.684824790956684470e+00
2.609524276805183174e+00
2.678632214090452823e+00
2.689511675990070128e+00
2.673459140953868829e+00
2.727649878298395780e+00
2.748547747874125591e+00
2.744838771042878101e+00
2.763369039881512723e+00
2.729205681644300885e+00
2.710804101797922971e+00
2.700867919820752139e+00
2.686159167884320187e+00
2.680474714394264879e+00
2.678979836901441480e+00
2.736060737685324540e+00
2.664115334163724924e+00
2.599974481517875358e+00
2.619615399974049019e+00
2.608292692089441367e+00
2.594071983546214710e+00
2.608994190241481270e+00
2.566100026532255107e+00
2.633465266681868311e+00
2.641336499830377882e+00
2.624927613600751553e+00
2.702209487618811412e+00
2.654256992931100623e+00
2.706069035170873605e+00
2.696063397590943822e+00
2.743103422856393525e+00
2.743387049758556628e+00
2.716397196704243733e+00
2.713425814977421080e+00
2.745765137266587885e+00
2.808955283001865588e+00
2.827647384716604151e+00
2.882007949167101568e+00
2.889891356522497734e+00
2.884762635706061840e+00
2.913565288616272397e+00
3.004227000067085651e+00
3.090508367893816555e+00
3.051997146720637488e+00
3.055396416296743300e+00
3.033067510383832932e+00
3.020161798827034172e+00
2.953009386248750978e+00
2.911934736899655096e+00
2.944484511748665323e+00
2.913318335618872545e+00
2.894590971764310350e+00
2.900998087613432475e+00
2.854801715579616150e+00
2.893163966458195180e+00
2.844105140625028838e+00
2.903519444596591281e+00
2.932011052102301285e+00
2.913887798351600278e+00
2.957978132098978641e+00
2.916386478098486279e+00
2.837095705788449163e+00
2.803020453514493138e+00
2.821497852578918053e+00
2.820937193820313382e+00
2.808594080179249275e+00
2.846385365453720340e+00
2.866354565021461465e+00
2.901378219306752548e+00
2.889146242801126085e+00
2.903958692076531900e+00
2.958923088736413298e+00
3.040919825377286223e+00
2.959372905457234637e+00
2.964969690817867320e+00
2.943126747328904447e+00
2.961897476130222806e+00
2.858447043156010725e+00
2.861742967933242454e+00
2.871317016854800563e+00
2.890401441886276235e+00
2.861921344938950007e+00
2.852782642277501335e+00
2.883709951340440281e+00
2.885754143802610194e+00
2.898310088420836372e+00
2.985863100783294755e+00
2.945183117416761753e+00
2.920086949381107022e+00
2.910717631029768881e+00
2.869883612324259481e+00
2.842305281072390333e+00
2.853199628172286673e+00
2.850247110799412287e+00
2.854973945258462820e+00
2.848105605628643122e+00
2.807230694937786541e+00
2.828809397364475675e+00
2.873126517195289331e+00
2.816727127155929100e+00
2.869251431771874028e+00
2.818389354639160072e+00
2.920140909571205423e+00
2.936282309402921786e+00
2.911058899490750917e+00
2.954434255371703344e+00
2.905044477773768730e+00
2.895195962787006749e+00
2.903354502338712617e+00
2.873369447045263758e+00
2.859467096232440664e+00
2.853861781190647484e+00
2.915198841123757934e+00
2.927176305568063963e+00
2.948020995393583199e+00
2.986834483170321519e+00
3.007604912424248322e+00
2.984678671105190695e+00
2.954353421729776219e+00
2.972788399236913737e+00
3.020642879737820863e+00
3.035153004603301952e+00
3.021938738860376450e+00
3.013674883426493700e+00
3.031720390885328520e+00
3.040135185524236672e+00
3.081969209429606948e+00
3.091147113372441524e+00
3.069219684670455806e+00
3.071627657767570962e+00
3.033803493043701671e+00
3.069951861329773379e+00
3.133852129626663707e+00
3.117175554228215795e+00
3.108409133622030307e+00
3.138077141476435461e+00
3.156524615728075300e+00
3.167190762939974480e+00
3.182907992037832035e+00
3.166620600874720637e+00
3.171239678178528809e+00
3.139357369412644427e+00
3.125618836771625997e+00
3.138928197691002620e+00
3.112508861944021987e+00
3.060945769769326752e+00
3.023483933447462135e+00
3.029619892596528530e+00
3.074958342094679775e+00
3.099998214096024718e+00
3.076874828084242619e+00
3.048282225143463808e+00
3.065451402964352479e+00
3.073124427262679426e+00
3.071746865030891005e+00
3.069277792934294258e+00
3.095707943662654671e+00
3.033383404991764287e+00
3.040431295665734890e+00
3.083787742967866841e+00
3.076176510239802209e+00
3.081822373091633871e+00
3.051298926019796465e+00
2.944517859698971396e+00
2.925154834421741956e+00
2.906802114223605571e+00
2.905741833259673612e+00
2.907622483004493663e+00
2.896468746431641428e+00
2.957309470575169907e+00
2.997309492469260928e+00
2.991499324645800595e+00
2.928808253094767444e+00
2.906598075513920687e+00
2.865889650443552483e+00
2.867295562799667241e+00
2.803536066024789442e+00
2.777415721918842006e+00
2.787589927420580871e+00
2.808837989643025779e+00
2.815639470827707491e+00
2.747302759258947180e+00
2.791144219483887134e+00
2.768678093789158190e+00
2.763388351022569633e+00
2.777999165600563813e+00
2.669858298661459184e+00
2.691594070375885828e+00
2.781224014215982532e+00
2.836432287960356735e+00
2.747688813906702165e+00
2.704981486662444201e+00
2.736718602061775307e+00
2.774050031157794916e+00
2.722304416284400563e+00
2.725038216239777267e+00
2.762290948881107155e+00
2.730756515956553887e+00
2.721967880141795693e+00
2.759762022615935617e+00
2.779373038192811229e+00
2.796096502383261129e+00
2.816600544006104823e+00
2.839298198430146858e+00
2.820544636003778471e+00
2.841438876936401403e+00
2.923461550642624029e+00
2.901632107474134692e+00
2.914232361884432798e+00
2.776996620579733399e+00
2.771898738370142112e+00
2.849739226837553208e+00
2.822805286825683435e+00
2.748372118371495976e+00
2.671967553393796102e+00
2.767135731017099864e+00
2.814943216487949762e+00
2.705457328154960095e+00
2.638080629043762837e+00
2.616934352041557776e+00
2.565644220252057739e+00
2.565222381978319977e+00
2.566164433540680356e+00
2.594937640854238836e+00
2.613208827956043923e+00
2.613678799940985176e+00
2.682595449009805844e+00
2.636550974969715799e+00
2.625278136474182844e+00
2.654678669019570947e+00
2.589066748225870462e+00
2.598994088550429016e+00
2.585670444065139684e+00
2.604672919940718590e+00
2.714616520865975602e+00
2.694928830675014098e+00
2.741404638021202711e+00
2.719058727781452856e+00
2.739510858866585963e+00
2.785600349009241139e+00
2.774016701955522191e+00
2.793128874235124570e+00
2.862993284100537661e+00
2.946545095987868734e+00
2.934884190314968944e+00
2.998962584068256998e+00
2.996900026090524971e+00
3.079237778979375229e+00
3.084385656008409970e+00
3.053039838713565768e+00
3.060906741566741029e+00
3.063968453229966915e+00
3.058497564084403653e+00
3.045841467275955949e+00
3.045083648150110456e+00
3.076858271177576487e+00
3.009768607155526521e+00
2.992036629062498676e+00
2.971798374579184276e+00
2.893006465646166259e+00
2.913764729602307035e+00
2.890911483601326992e+00
2.931017278980710739e+00
2.948694219497070002e+00
2.943296824287145785e+00
2.948044445347112408e+00
2.958030161667954072e+00
2.975014022115537671e+00
2.927767210368927842e+00
2.998219159067724515e+00
2.939004971727483095e+00
2.966516951047840855e+00
2.962045958536986490e+00
2.981740235415640150e+00
3.020932697342905815e+00
2.980361977532125284e+00
2.950193110456504453e+00
3.019835988743456490e+00
3.023688050349372602e+00
2.984912038552711255e+00
2.963914967033430159e+00
2.998130294707850751e+00
3.006772583984568037e+00
3.001343633318408255e+00
3.076863226444578991e+00
3.048406769333086075e+00
3.053774294851957727e+00
3.085882673153670819e+00
3.161518906745992119e+00
3.143217977059580281e+00
3.138888677594284360e+00
3.117431500936782562e+00
3.118540032743182255e+00
3.121375501788904661e+00
3.036918523877107479e+00
3.084196993529051412e+00
3.068838594271776188e+00
3.082741998506113301e+00
3.030642029722168118e+00
3.014468476509994499e+00
2.986465949632258532e+00
3.014072965490363742e+00
3.018394399840083953e+00
3.008139111855959502e+00
3.041181548839718918e+00
2.971048178748999735e+00
2.997097853043644733e+00
3.011354446635353455e+00
3.019050428830276189e+00
3.050607147395947294e+00
3.033052571524210261e+00
3.035274833607815470e+00
3.008458148455167347e+00
2.981916810830171460e+00
2.975406060776809802e+00
2.954121091760043338e+00
2.856119620048533481e+00
2.855119330155756252e+00
2.872136953585250563e+00
2.949936098920677097e+00
2.904407828828297511e+00
2.848388429889975981e+00
2.876103189363242052e+00
2.906451137598311973e+00
2.909491662640510512e+00
2.964202242300707280e+00
2.935253845086047697e+00
2.968700520368323215e+00
2.981335472192713443e+00
2.975695770414715557e+00
3.059830526136774864e+00
3.025707196280114974e+00
3.027211621558635990e+00
2.999947831587641112e+00
2.935915066788562733e+00
2.950155760936495231e+00
2.889843067730707205e+00
2.871515397481408272e+00
2.835852952094279456e+00
2.829860606809683876e+00
2.874164959181104706e+00
2.978048868349847389e+00
2.978825394784564207e+00
2.974890836905754288e+00
2.920584106465121899e+00
2.980107196849021367e+00
2.995948795223843941e+00
2.976819199826246987e+00
2.942967377337186274e+00
2.901309676745152277e+00
2.895819348986687469e+00
2.882430777815442990e+00
2.866486450582027778e+00
2.824288357229158386e+00
2.788852857617282854e+00
2.812442633076775778e+00
2.836598884615591842e+00
2.833023952303270754e+00
2.855535742597597793e+00
2.925660802110669589e+00
2.951457255519190692e+00
2.983142653742901551e+00
2.983648587347450754e+00
2.953674570348263639e+00
2.953176556343805714e+00
2.936259368500230948e+00
2.926674079921167682e+00
2.915902818918549411e+00
2.893682868509833916e+00
2.813214753573908045e+00
2.743392881529783889e+00
2.741615886606274533e+00
2.745831031249343912e+00
2.749717280576332357e+00
2.734029639141536183e+00
2.719283267366409795e+00
2.763394560693902324e+00
2.737984490982662500e+00
2.775246028376549656e+00
2.771727223701318632e+00
2.698800827123287505e+00
2.661735921175381936e+00
2.632064416334483514e+00
2.615509044233513158e+00
2.570707651388157267e+00
2.550486696340652504e+00
2.504419750904638420e+00
2.467945223633035035e+00
2.515875261949070740e+00
2.530059386542857780e+00
2.536908108785155491e+00
2.523706792504662566e+00
2.550528014804798183e+00
2.559678367139172295e+00
2.628855624111186007e+00
2.661950808358465093e+00
2.681657321458407406e+00
2.699167413565260354e+00
2.723157143473602382e+00
2.706722955387776519e+00
2.644083031429397490e+00
2.601754660467935132e+00
2.578735395403568109e+00
2.570676640344717878e+00
2.602600205218146723e+00
2.673144320895923354e+00
2.651407974091561037e+00
2.676177147027368530e+00
2.701845625953302577e+00
2.671623897991192376e+00
2.671904466222930097e+00
2.736664299449570681e+00
2.803010949215444025e+00
2.782052823370324113e+00
2.806361657450735070e+00
2.745138236331911674e+00
2.762198597506865028e+00
2.740165467406000754e+00
2.745854898709407355e+00
2.802073549214049830e+00
2.800261720619666939e+00
2.803304834548461688e+00
2.770117570674712759e+00
2.681089017487043868e+00
2.680374137954445235e+00
2.753872925341860789e+00
2.814956392056654710e+00
2.883586422357562906e+00
2.899576152192246958e+00
2.868377950361348017e+00
2.882952162891907921e+00
2.952960610876182557e+00
2.928477216721050880e+00
2.846779557852748166e+00
2.910494004429092119e+00
2.843501513607318287e+00
2.879751667301228224e+00
2.817136722326919251e+00
2.863401624033464543e+00
2.830619336335929770e+00
2.873704788233464757e+00
2.879086269224471639e+00
2.810969448630439071e+00
2.794992447542369085e+00
2.748331627690655310e+00
2.739669573617357745e+00
2.748173548875468608e+00
2.770649321472631765e+00
2.804028776062613471e+00
2.849613056170284597e+00
2.882631616218969128e+00
2.862755476721949410e+00
2.818366257794644003e+00
2.761851175972904304e+00
2.777298509680766081e+00
2.756191102669592663e+00
2.742791204202301714e+00
2.786326314260747949e+00
2.793887273607470689e+00
2.797966025547143687e+00
2.883409640117450934e+00
2.873596124042236521e+00
2.908976914659302082e+00
2.851967179199696556e+00
2.879729351947515337e+00
2.899525815695469522e+00
2.859261178980932350e+00
2.899692787402934346e+00
2.886162006479823017e+00
2.869034199452074940e+00
2.882731485718995845e+00
2.857244222410202372e+00
2.811405677797935709e+00
2.808037765208038383e+00
2.814907511565891696e+00
2.738153435608335684e+00
2.709170961935242872e+00
2.722851900680690385e+00
2.792161042120878456e+00
2.737838353770481792e+00
2.732304901313297840e+00
2.729360816785144195e+00
2.723630287827823793e+00
2.744864083753468353e+00
2.694301966935061188e+00
2.745175686489359723e+00
2.737059119267340357e+00
2.747813531638743978e+00
2.726102312570388264e+00
2.716415100374470093e+00
2.703411773735640455e+00
2.745823037719441473e+00
2.774406830645942623e+00
2.798488676048276780e+00
2.877546753678598801e+00
2.853497484824221608e+00
2.853253609400691282e+00
2.902674559344901262e+00
2.893652751718827076e+00
2.915169388153615593e+00
2.947226176696279953e+00
2.977494370562828951e+00
2.988178756645530232e+00
2.955490794879860328e+00
3.023028875350299405e+00
3.039211819892020827e+00
3.044904009339157724e+00
3.076333390687265190e+00
3.136832342600868628e+00
3.122058345975715632e+00
3.061080984341485678e+00
3.033514001259983051e+00
3.076674332866306649e+00
3.099244999057669148e+00
3.060392594762494589e+00
3.066835394870608411e+00
3.040728321365035125e+00
3.017368903571568506e+00
2.995975991938543359e+00
2.946632835599064304e+00
2.955588095714893893e+00
2.983208386022210501e+00
2.952324573526721174e+00
3.012009269773928466e+00
3.008594946316877738e+00
3.003476347945968961e+00
2.991408193647650648e+00
2.994937334741269996e+00
2.995059895770941782e+00
3.009046328213236698e+00
2.989129019153937694e+00
2.994903597585603983e+00
2.958158373927999296e+00
2.931407219765910455e+00
3.011538351563844973e+00
2.979730884739486108e+00
2.990981282214457249e+00
2.954552931416075445e+00
2.979231506250649808e+00
3.029005197637822278e+00
3.019070089084687325e+00
3.029555127950918081e+00
3.034720314482072023e+00
2.996090341522302136e+00
3.003760459032315477e+00
3.022984910165211314e+00
3.002396639875384299e+00
3.004376023313425570e+00
3.017976631615454153e+00
2.996215348164824377e+00
3.013108071040733194e+00
2.996425371599617193e+00
2.955963344533995230e+00
2.978742069075767773e+00
2.916435354572304739e+00
2.952479926173803726e+00
2.951286883890743784e+00
2.924503015964117658e+00
2.912304566776807047e+00
2.917532333478165540e+00
2.925139812804698369e+00
2.928272389566259459e+00
2.941723182150517424e+00
2.898113384504175993e+00
2.867607573811790100e+00
2.867448695061062480e+00
2.856885432680160264e+00
2.888848193952687993e+00
2.968725486021644766e+00
2.960746855519984955e+00
2.959969757448893901e+00
2.982897837028431365e+00
2.979272031699605083e+00
2.928624561583622832e+00
2.956637452901247354e+00
2.945232901520192126e+00
2.971876203433964747e+00
2.982677759623761915e+00
2.928442479084147454e+00
2.981509887329206521e+00
2.898393621664120623e+00
2.868071988122030014e+00
2.904109468965053953e+00
2.954741881677901194e+00
2.939436498968320155e+00
2.960872380184088382e+00
2.952377261357879146e+00
2.907634167044300000e+00
2.955029388477237173e+00
2.991093153311414010e+00
3.006954823938628785e+00
3.025336192767560828e+00
2.962558285252168577e+00
2.891780012410795742e+00
2.856721481610934088e+00
2.857530373574943550e+00
2.862549694381726351e+00
2.831120099385182609e+00
2.846286705239638781e+00
2.794011598556401577e+00
2.817813003095359647e+00
2.775850583983415998e+00
2.703502388482088570e+00
2.758811948340148756e+00
2.691111794599340357e+00
2.745196587855998072e+00
2.685110473878449699e+00
2.668011287431003353e+00
2.636396467856559678e+00
2.661340567209259600e+00
2.629034631284696388e+00
2.594028071064185870e+00
2.627699253495358267e+00
2.650170927469135407e+00
2.643702097524560202e+00
2.662087070209836259e+00
2.639056323162595863e+00
2.681811477277224576e+00
2.720193912119140300e+00
2.776493440109752520e+00
2.778803631750982994e+00
2.753973613456600855e+00
2.799844223899577766e+00
2.809198286843477721e+00
2.822509609815408105e+00
2.837450687250199000e+00
2.829666440101876734e+00
2.922573007352800456e+00
2.900665750427536160e+00
2.936825613174637528e+00
2.926783083163554622e+00
3.017162309658889541e+00
2.955384863336943280e+00
2.948226900825148267e+00
2.924274505576534899e+00
2.954137542718253240e+00
3.015044593941094586e+00
3.001994014320589432e+00
2.954329182911204388e+00
2.919540717479087277e+00
2.875983702256462049e+00
2.792973706436631343e+00
2.769338771606846716e+00
2.707261006750593335e+00
2.689240624457209794e+00
2.687575476849903389e+00
2.672980397262834984e+00
2.648670169549673936e+00
2.624119048873768900e+00
2.607051910114838833e+00
2.600783425684765948e+00
2.555741180412146374e+00
2.498495568066665840e+00
2.444563936294410489e+00
2.460905611806652793e+00
2.434466019779062407e+00
2.407344791898967440e+00
2.478570894088558685e+00
2.484727498680368463e+00
2.452509847933062037e+00
2.462953772542500808e+00
2.445378162275881451e+00
2.460112794158654914e+00
2.441010218263591547e+00
2.457827288274739619e+00
2.484575554128378716e+00
2.560289823321991065e+00
2.577949033812926949e+00
2.609378815164503873e+00
2.624827927875918121e+00
2.646779482069484768e+00
2.656130910847830151e+00
2.684175154181547285e+00
2.667342170228036213e+00
2.720334053580362621e+00
2.675787386124006684e+00
2.703053010863136763e+00
2.748860513488069923e+00
2.812095966472497821e+00
2.766160958080756682e+00
2.816791164185584062e+00
2.837152148369260107e+00
2.814746544962070995e+00
2.830160714873033889e+00
2.819495630374182937e+00
2.786952182998728933e+00
2.772767228631950687e+00
2.748004973525541406e+00
2.784303065391162679e+00
2.780516924319587080e+00
2.773024115902749998e+00
2.763822447685561734e+00
2.734110851398255715e+00
2.762874013212114566e+00
2.781843501507154315e+00
2.725687111147353292e+00
2.715927145587357483e+00
2.686121256623701825e+00
2.700672169357761554e+00
2.682605367840776633e+00
2.704079143515886852e+00
2.742973204641381724e+00
2.740640196511230808e+00
2.746810478203320027e+00
2.796129559837453371e+00
2.737749997210007002e+00
2.734409944726961861e+00
2.710674297813261635e+00
2.713757879029919717e+00
2.770942827640280992e+00
2.802177819997615060e+00
2.816719408644450695e+00
2.852232224651666481e+00
2.884503147601399586e+00
2.854793988026597340e+00
2.878031005853358248e+00
2.895463773788623296e+00
2.956302336583193746e+00
2.945493551830779211e+00
2.841818909928327752e+00
2.835190243958033651e+00
2.782585901924516492e+00
2.786669912926469816e+00
2.775811137898230641e+00
2.801291995320186690e+00
2.827414203503018530e+00
2.872488370654869616e+00
2.894443281009146496e+00
2.878942090278395760e+00
2.831905729260256521e+00
2.885518315282801449e+00
2.888519925600774307e+00
2.857706519998211014e+00
2.806161662594921502e+00
2.771851222804478709e+00
2.752979128970166833e+00
2.754033128006740050e+00
2.726036775257925093e+00
2.712634266727983690e+00
2.740323319003254987e+00
2.686301551164546275e+00
2.672468700832095756e+00
2.625739588802895152e+00
2.646064813553828277e+00
2.661198133547148625e+00
2.669708788485305018e+00
2.778954557265567171e+00
2.760630850130993519e+00
2.767921631876001154e+00
2.752552237731203721e+00
2.728417686857167457e+00
2.739787242259540623e+00
2.727903349435929048e+00
2.722009505492940740e+00
2.804866096883269488e+00
2.829432069537486161e+00
2.837821182037640888e+00
2.877215665892411955e+00
2.888035630122429254e+00
2.898759151721373772e+00
2.927259384545397136e+00
2.910449984237320820e+00
2.897974069419975152e+00
2.899350384125757518e+00
2.912663137968920513e+00
2.970605503508001899e+00
2.982980447022614889e+00
2.982967755021927569e+00
2.961867919220089629e+00
3.022159343120126795e+00
3.028454510775845154e+00
2.933029924550056400e+00
2.988118119035399811e+00
2.993526354937816158e+00
2.995949437100598800e+00
3.028447687152036050e+00
2.920681418439656785e+00
2.892632078614334024e+00
2.890637658415489142e+00
2.873799999459469845e+00
2.875618241548249632e+00
2.879760434472488750e+00
2.851365222402730826e+00
2.862229691973009693e+00
2.829706129506038614e+00
2.810961508480553483e+00
2.793165219095412155e+00
2.817504839188288646e+00
2.765695521234085685e+00
2.721059212241677461e+00
2.656766510823053373e+00
2.645168426339919776e+00
2.676343632401085415e+00
2.692279863508606930e+00
2.672670965163449264e+00
2.672279069434809085e+00
2.722221363279700324e+00
2.679959152327597849e+00
2.746201384412718660e+00
2.741479022704274904e+00
2.736829965152847599e+00
2.782627783454123094e+00
2.813624638751268225e+00
2.856318006557375888e+00
2.816560407234303121e+00
2.787405547299516950e+00
2.791104578106887946e+00
2.807081785858266176e+00
2.803510394736913991e+00
2.833807550969525302e+00
2.844804690208286413e+00
2.842534201121144743e+00
2.820988208718739010e+00
2.895630477166484251e+00
2.928228711060871792e+00
2.965043908127989791e+00
2.986419689561628843e+00
2.973902375574697832e+00
2.963570535021067709e+00
2.921111981758653275e+00
2.919751386441212126e+00
2.932491022763574318e+00
2.942663558775394428e+00
2.892376282924835618e+00
2.844704355088746972e+00
2.861783736770904252e+00
2.796162519317720196e+00
2.723412054774002833e+00
2.695981359030064972e+00
2.690035437974296340e+00
2.677536761619506045e+00
2.615690099441424721e+00
2.594133837139472654e+00
2.605342356248145474e+00
2.607944882135226017e+00
2.618242430282971434e+00
2.663342926965426294e+00
2.637701760059016021e+00
2.614910923728783754e+00
2.645652850899276487e+00
2.613104673688105617e+00
2.620826497966433521e+00
2.601512204918000393e+00
2.566250588973748581e+00
2.586383555542713708e+00
2.613271908103089736e+00
2.605832000314135755e+00
2.649080868191289628e+00
2.631548285520203478e+00
2.693632488909364131e+00
2.664669731156511290e+00
2.753287958377890643e+00
2.843907821478983244e+00
2.862084626469663107e+00
2.905854337162023349e+00
2.899680608863828724e+00
2.961216200505333074e+00
2.984176067052449088e+00
2.999918292791890817e+00
2.977324470766479880e+00
2.972909608949612981e+00
2.961296227252981250e+00
3.022314807771873113e+00
3.017153860724270942e+00
2.980706783889417899e+00
3.000819703863608190e+00
2.975646304830599664e+00
3.016808889792054860e+00
3.085443951927580475e+00
3.144707467223325725e+00
3.149171823576586426e+00
3.148920700315973153e+00
3.121867640014926781e+00
3.205425741517812011e+00
3.173110316804740982e+00
3.178309167974917138e+00
3.180763078663390253e+00
3.171311214591668204e+00
3.174403919617766689e+00
3.116490126138755645e+00
3.170597216145429886e+00
3.197274578317676141e+00
3.198018276424992923e+00
3.182468956471339094e+00
3.233318227964325331e+00
3.111224403175107067e+00
3.093405138586909686e+00
3.053448851327820623e+00
3.036856140454256003e+00
3.016581551666802419e+00
3.103147712981940032e+00
3.108377271305192924e+00
3.072532369381482553e+00
3.087742229004243555e+00
3.051395088697534952e+00
3.068362003301224217e+00
3.049921185572594950e+00
3.018734793829913166e+00
3.037707127412397234e+00
3.045802355456447508e+00
3.047749499582203647e+00
3.048785296192303207e+00
3.033353213763803957e+00
3.056573001188775507e+00
3.053377964127005573e+00
3.056993841598297124e+00
3.063076162484037912e+00
3.100885864928843549e+00
3.131808257057203448e+00
3.152879914837837028e+00
3.296464608452390088e+00
3.291607147333657224e+00
3.311813914976270201e+00
3.320471625073445399e+00
3.339341423964577338e+00
3.219286495730852238e+00
3.260494805240418348e+00
3.265867687847639367e+00
3.204895355725823514e+00
3.173073856614350152e+00
3.159492591135064199e+00
3.179499395172505238e+00
3.228391319581714214e+00
3.168247955952991024e+00
3.159699531500625547e+00
3.153502537545962880e+00
3.148863014610941313e+00
3.156712268850074388e+00
3.084996896580674886e+00
3.137037853635814333e+00
3.120616244546863260e+00
3.070715011412478379e+00
3.036338961654693858e+00
2.957861735051974694e+00
2.895668490489244906e+00
2.837232981743335714e+00
2.872148135462550211e+00
2.887983813031533398e+00
2.886849643800740939e+00
2.866637214166043890e+00
2.937283724225855597e+00
2.883557550772820832e+00
2.895128343807879645e+00
2.892569411162517312e+00
2.895758060142568979e+00
2.859346377283930263e+00
2.818534863745436603e+00
2.738773796976047503e+00
2.769473556703152539e+00
2.757721998418103393e+00
2.744338925373140281e+00
2.705588172447764617e+00
2.710779152474751541e+00
2.724844410083179458e+00
2.660072536023921685e+00
2.667346534574203343e+00
2.667237013803919421e+00
2.646588063322896645e+00
2.661630819075195387e+00
2.688343146501860570e+00
2.712968924023142492e+00
2.718997751851127465e+00
2.674305817279228226e+00
2.690147293951163032e+00
2.738067859050549391e+00
2.711214125513377482e+00
2.761320891226267449e+00
2.786781384575953258e+00
2.807667618975401957e+00
2.822846164163391958e+00
2.827980830835567616e+00
2.844703956205115514e+00
2.896482593078853807e+00
2.863171180392481308e+00
2.868054601823385230e+00
2.878137885195851009e+00
2.898679146385532590e+00
2.905149737188410075e+00
2.905065893412468014e+00
2.944063558599838704e+00
2.902117872227755857e+00
2.911026412000983221e+00
2.978240264770010803e+00
2.979587888178632848e+00
2.990972082349952377e+00
3.003919237749253845e+00
2.992279454427439145e+00
3.044378178720283490e+00
3.036487482330972210e+00
2.995367608752181443e+00
2.922206486142028048e+00
2.868860999407291335e+00
2.816321369253024454e+00
2.807355576323957713e+00
2.803121797468449028e+00
2.834507493842022718e+00
2.844634426838251517e+00
2.821094240429593114e+00
2.836105280877448731e+00
2.863176374670894031e+00
2.868043039435578478e+00
2.899843053737417353e+00
2.910352688941112653e+00
2.874951378619537312e+00
2.899981561597167801e+00
2.942055478897637855e+00
2.933625549365614926e+00
2.913667384061895405e+00
2.941808445807712946e+00
2.941580267050793562e+00
2.960140062714167186e+00
2.949854776952930635e+00
2.989148101680917158e+00
2.989869812508992197e+00
3.049015540061268403e+00
3.108802275798868031e+00
3.170221964255179881e+00
3.198820510925397986e+00
3.235521388664195364e+00
3.285548556516112662e+00
3.295562893251029912e+00
3.313522391353328267e+00
3.337715732862961637e+00
3.248437096094660248e+00
3.170408929676017173e+00
3.173526434406086061e+00
3.170835643806349413e+00
3.070629828812765361e+00
3.098864766944821270e+00
3.088082462320906885e+00
3.038590763418234086e+00
3.078537374132733540e+00
3.054886001338121826e+00
3.066777886717152679e+00
3.045690387109072805e+00
3.039804723511592144e+00
3.093043459979431642e+00
3.018867993401152638e+00
3.055009432241614586e+00
3.012263025630061097e+00
3.037830229449264507e+00
3.012813170894514947e+00
3.046622670916174336e+00
3.027150609122740477e+00
2.964522679403884808e+00
2.881590368290827708e+00
2.860651191007466121e+00
2.881387064737316095e+00
2.924229806107433216e+00
2.998888950792335528e+00
3.013339970944618251e+00
2.998899957932238181e+00
3.082422784257970338e+00
3.099998242161093653e+00
3.054471205415168811e+00
3.070946204429254145e+00
3.074855384135959380e+00
3.106307628572215762e+00
3.102523268083335228e+00
3.040855517761751781e+00
2.999698859059732214e+00
2.925246754145768957e+00
2.939341407596183231e+00
2.901871752170414265e+00
2.894062075954151325e+00
2.909345324739291527e+00
2.904303376873222042e+00
2.874248209253411623e+00
2.894466567130814294e+00
2.926555139602912359e+00
2.988561961649548238e+00
3.031874179401504055e+00
2.992255281265702838e+00
3.026313931652531597e+00
2.993429675561728676e+00
3.001581184565397020e+00
2.990201838294810344e+00
2.984937317196893147e+00
3.020070826904117212e+00
3.081167045554290773e+00
3.089517076264920892e+00
3.070709345854822026e+00
3.051947974467084990e+00
3.087102908149796932e+00
3.192114786048786623e+00
3.186188650606331940e+00
3.253122951804839236e+00
3.256520243690741445e+00
3.216649040514794944e+00
3.180406940695113427e+00
3.092188469918073501e+00
3.068984710044897923e+00
3.082609043179051600e+00
3.042771070500363439e+00
3.039657733243058768e+00
3.012180771119356670e+00
2.980516837528710106e+00
2.965255564768380481e+00
2.945437065793874432e+00
2.951696843547868543e+00
2.887096585494584478e+00
2.930377389004434896e+00
2.897465178551581921e+00
2.856146520988371407e+00
2.818145651390282502e+00
2.806854818395801310e+00
2.804066708765085902e+00
2.790374332028889182e+00
2.770989267261192435e+00
2.748425429765504635e+00
2.697545671475903628e+00
2.670644984427108959e+00
2.693010020217480260e+00
2.700419754052844290e+00
2.741222182561080079e+00
2.783703893255815576e+00
2.834529986841696658e+00
2.841607720343540588e+00
2.833038366267305097e+00
2.836557793017842055e+00
2.851475030776474018e+00
2.849040677014453404e+00
2.821816172168521764e+00
2.802670698565266960e+00
2.812576452348634071e+00
2.807105871538281061e+00
2.778897341774411167e+00
2.785628366417686408e+00
2.750254778571139092e+00
2.772607765828863258e+00
2.809769065821051459e+00
2.761264050563594363e+00
2.728320367252494272e+00
2.738817116610024804e+00
2.738610571257122484e+00
2.783859869427160127e+00
2.778337968126333379e+00
2.760639380900060669e+00
2.782860805322811881e+00
2.778336551189845682e+00
2.759814069468666808e+00
2.702245599627586259e+00
2.682967936021396493e+00
2.717984480746731268e+00
2.707557451680079552e+00
2.675169343927725318e+00
2.664372739226215092e+00
2.670354580714931370e+00
2.702404840766019056e+00
2.660765359214417369e+00
2.684659228070926495e+00
2.658828187186230707e+00
2.663411443642679899e+00
2.728384587646378368e+00
2.714722363710114994e+00
2.700171436429898542e+00
2.737993823299093243e+00
2.776844010223988857e+00
2.749747988805204990e+00
2.773270401792766293e+00
2.781510323104245508e+00
2.806553934346617041e+00
2.806772469303596473e+00
2.840487184239982810e+00
2.830894693390972439e+00
2.821286651480839236e+00
2.894975117161613376e+00
2.940115853886908770e+00
2.901834723052204357e+00
2.949143078966903531e+00
2.985372689901267140e+00
2.967950936517285587e+00
3.072144328246622980e+00
3.054231829773327966e+00
3.112676276025798217e+00
3.138972662624981869e+00
3.173555749839811480e+00
3.203945088417528897e+00
3.185696362459117026e+00
3.199663475066588436e+00
3.162684725534718577e+00
3.229494276218030091e+00
3.244612353326256304e+00
3.283649110103743940e+00
3.208778717593787633e+00
3.248204656857117456e+00
3.262825189351338917e+00
3.236050447647768280e+00
3.219468707737516588e+00
3.223040183897758482e+00
3.317414436832837765e+00
3.262209999618598033e+00
3.180650174776991967e+00
3.207860025061844311e+00
3.184384027173361886e+00
3.190018718727735791e+00
3.232841149608664200e+00
3.150977012646630104e+00
3.154528342175761946e+00
3.091584264013460093e+00
2.991808709642520547e+00
2.984617647758688097e+00
2.956342442138444326e+00
2.949447748852003226e+00
2.919527459425066418e+00
2.962843727330171095e+00
2.879102215510278562e+00
2.859371191751653996e+00
2.855542575754606016e+00
2.897513059053271611e+00
2.884532731396856065e+00
2.854816070596065902e+00
2.895923730427127474e+00
2.806083140479955773e+00
2.806950733083100502e+00
2.794325821957569289e+00
2.770832960986580940e+00
2.779872058262933709e+00
2.772648571550452079e+00
2.726807055939484137e+00
2.717383439363159958e+00
2.677607670356854097e+00
2.611960634966205230e+00
2.625467360856833299e+00
2.638289406926998648e+00
2.678423348315583929e+00
2.683259566229551307e+00
2.705078758951348306e+00
2.691606203704835387e+00
2.721423301049246568e+00
2.707498763058497904e+00
2.695726337214224166e+00
2.720754779701627157e+00
2.671386592409709770e+00
2.654789678742392134e+00
2.625300962181961406e+00
2.576608057791724526e+00
2.561839189583020371e+00
2.639013812698136174e+00
2.621831608548247150e+00
2.604939714486893543e+00
2.608366352284575029e+00
2.598969627487953460e+00
2.608235846854932927e+00
2.626665334693044418e+00
2.661626111878827139e+00
2.661009024383235833e+00
2.737578528293077351e+00
2.707954974249536129e+00
2.731389061291003451e+00
2.791785677145270039e+00
2.786630696402645491e+00
2.809718373240683409e+00
2.823420995207170936e+00
2.841930667354775952e+00
2.864585823334476089e+00
2.829343398735163717e+00
2.802448645938874883e+00
2.808082027829494010e+00
2.865223604048476425e+00
2.864995682870620453e+00
2.915533131589835847e+00
2.896021075701187719e+00
2.884897406628926131e+00
2.911457468931307524e+00
2.872549796905135455e+00
2.879772333713456867e+00
2.911993540890164933e+00
2.919713270984344078e+00
2.913573859824051482e+00
2.903182301177706925e+00
2.923611735241222309e+00
2.966726965467844757e+00
2.918364825066551482e+00
2.801792484033393649e+00
2.762966061554979369e+00
2.793873176012460657e+00
2.773367937163534691e+00
2.796193867470641692e+00
2.756174316480327846e+00
2.715592124262680152e+00
2.824680767961781580e+00
2.771996150053474217e+00
2.764610447374585167e+00
2.740809107895025853e+00
2.778186188169797788e+00
2.795970641316877892e+00
2.803245489295743020e+00
2.808275498118967484e+00
2.817527852097391872e+00
2.865133067833377734e+00
2.873717180750739342e+00
2.796803681788186058e+00
2.753397846676492566e+00
2.761771360948242382e+00
2.764549119452809123e+00
2.738724500210921953e+00
2.679893457940946799e+00
2.746135295403737242e+00
2.822374869781013373e+00
2.817948251774794688e+00
2.769338822616163043e+00
2.776059924740647222e+00
2.741900986730978929e+00
2.765294178596188424e+00
2.685385324898553971e+00
2.682570534721324673e+00
2.708589815036150483e+00
2.684837889474152473e+00
2.694952275185493740e+00
2.708908141544896786e+00
2.714891407120402445e+00
2.742259689817382995e+00
2.729128486040418800e+00
2.746879477902756328e+00
2.738861374664547377e+00
2.750375994897553245e+00
2.832573844784523232e+00
2.812482801352312656e+00
2.824899633455780545e+00
2.784068919696980782e+00
2.827002444981296936e+00
2.897181377032699956e+00
2.833804246967264184e+00
2.869123583758251161e+00
2.896624440443837489e+00
2.941041433268257066e+00
2.909524312366859267e+00
2.847698353921339187e+00
2.857407299226843556e+00
2.940716127752410980e+00
2.926827244519599969e+00
2.927340409645798225e+00
2.928513024739678006e+00
2.898195308506431811e+00
2.813444952080715211e+00
2.804340491095617782e+00
2.791866089603323164e+00
2.782224685377980400e+00
2.747306325102552904e+00
2.689743964749750305e+00
2.666187372870494343e+00
2.660612531618699261e+00
2.694380783505250676e+00
2.695847772770820772e+00
2.719728005170890750e+00
2.714581513399533463e+00
2.702181825543014781e+00
2.741205038941505023e+00
2.730958697537827717e+00
2.749983838164023808e+00
2.759603548773657877e+00
2.731371735644835042e+00
2.811123179888465273e+00
2.776782851936129060e+00
2.744372522217317201e+00
2.731557703628809453e+00
2.719189776004683257e+00
2.733356051485419158e+00
2.748477930318154350e+00
2.755672741686613136e+00
2.780474714445282824e+00
2.774381869381200350e+00
2.705065822671842923e+00
2.724901559306344367e+00
2.755017688683873978e+00
2.775059467592782880e+00
2.789721439172081041e+00
2.776170534931063916e+00
2.780989988036589811e+00
2.772796131265489628e+00
2.689647947118651850e+00
2.655712953960206679e+00
2.665517841727440995e+00
2.634189874285405075e+00
2.627295018497790124e+00
2.566600215886161607e+00
2.559214596170810374e+00
2.521952688703986478e+00
2.516775349047619681e+00
2.553370599527616136e+00
2.530685275335017970e+00
2.578826240959619209e+00
2.651805358776559096e+00
2.629214919737647982e+00
2.668128662181437072e+00
2.649221874763860729e+00
2.630043792834518612e+00
2.717147026737757987e+00
2.735408920563391355e+00
2.742346368975772997e+00
2.748115061854625285e+00
2.682555806320868541e+00
2.674956023719720744e+00
2.621751030312385655e+00
2.634037175739924130e+00
2.694579492951617361e+00
2.710878295472783250e+00
2.744018878418550411e+00
2.796814623119614929e+00
2.762469998153787909e+00
2.783647275063945159e+00
2.835339810135327987e+00
2.885802914068864578e+00
2.920912425466756002e+00
2.941952917534003564e+00
2.933557646251249373e+00
2.842057172991260039e+00
2.802153436529035702e+00
2.798368158766514124e+00
2.831331923864922828e+00
2.791452125225255987e+00
2.833720498871874938e+00
2.780442923968566404e+00
2.750367597041943668e+00
2.762858351546150004e+00
2.748754521547758678e+00
2.808248732692246730e+00
2.831551195596793580e+00
2.838176116232405288e+00
2.882234179857170453e+00
2.879377626501528731e+00
2.887301029410236808e+00
2.824009245843858373e+00
2.801600323891901390e+00
2.839891774501773547e+00
2.863252021680759540e+00
2.839636973109089357e+00
2.794350402796556221e+00
2.770428859525897458e+00
2.770240456698376708e+00
2.799501964012532707e+00
2.819845810652770624e+00
2.809843562222103408e+00
2.800730291526557725e+00
2.792945251003589924e+00
2.774176952815473829e+00
2.734129358751057559e+00
2.773882109328708268e+00
2.779327630785251912e+00
2.820966032853190253e+00
2.799980647198499817e+00
2.781400232102993364e+00
2.788963173111902005e+00
2.785244974034325693e+00
2.745593303689700893e+00
2.739815139222011364e+00
2.729968298727617260e+00
2.730506504300854953e+00
2.706631649152259733e+00
2.726244388431347865e+00
2.721787967455691959e+00
2.765196905721790888e+00
2.789064687711945378e+00
2.760521566095378798e+00
2.742124377712899630e+00
2.691946680582134821e+00
2.754483654794482650e+00
2.729680005905060991e+00
2.741255040991207981e+00
2.723291924371711303e+00
2.789917876071860370e+00
2.806524783251388655e+00
2.806433612135655231e+00
2.831941147231221922e+00
2.807656228409734833e+00
2.782079460913396751e+00
2.754845569434493768e+00
2.698758673548302234e+00
2.735169803970302294e+00
2.735501962960444455e+00
2.730326845527859536e+00
2.708341361410829151e+00
2.739910623118337885e+00
2.752436256802109682e+00
2.700263530451982863e+00
2.650194173849947266e+00
2.588524400356159383e+00
2.599912141454532311e+00
2.626084956504059598e+00
2.645077197434218430e+00
2.710050666350915627e+00
2.706556023510591658e+00
2.744896993585086431e+00
2.744185925479844634e+00
2.708849553118564124e+00
2.687598809679356382e+00
2.713554718017807232e+00
2.711087389104732015e+00
2.703565697448055083e+00
2.692462246214016641e+00
2.723765190717366114e+00
2.776103386051801625e+00
2.835763034726938248e+00
2.841112553354159687e+00
2.818013141413520106e+00
2.810743593449794631e+00
2.775939389228764931e+00
2.779225789526124313e+00
2.727598943992588065e+00
2.737570127901217454e+00
2.745101235454552757e+00
2.784171181589342847e+00
2.756511089351251442e+00
2.759857723311723188e+00
2.649566168017885470e+00
2.649033594452294249e+00
2.642244250505378034e+00
2.646022543329886290e+00
2.642972639976036930e+00
2.682569891351625824e+00
2.680565767919887765e+00
2.621573945442275733e+00
2.632830922435359433e+00
2.618561079994477847e+00
2.597130538617967055e+00
2.604668755826885285e+00
2.538482584891168070e+00
2.546671666483548258e+00
2.551031982601692505e+00
2.556676431977662034e+00
2.561355308899007976e+00
2.654953892931982473e+00
2.622109760051754890e+00
2.648157140833549583e+00
2.629765426858712285e+00
2.654136799496168653e+00
2.673708291881730315e+00
2.661391091126487307e+00
2.646239050528869985e+00
2.704950681409398427e+00
2.696187520947880500e+00
2.689430430709725428e+00
2.637672287643884506e+00
2.648777354350169144e+00
2.603653654259963535e+00
2.585606673311227510e+00
2.601275774678013963e+00
2.577393878008114481e+00
2.544012245945720174e+00
2.565600330147024266e+00
2.525914531909314586e+00
2.577035644797339486e+00
2.496312734245469844e+00
2.496151414402422386e+00
2.514156364007073652e+00
2.541749525063711435e+00
2.485137674041352440e+00
2.507778669241422786e+00
2.525043211973238666e+00
2.567064341943600336e+00
2.574782981331702469e+00
2.551133541028905771e+00
2.586856013032090562e+00
2.564828297536561053e+00
2.602937565519415131e+00
2.594679844954135728e+00
2.614167900125874411e+00
2.657858199896610873e+00
2.628576603419173097e+00
2.669819294202762094e+00
2.642852288006791728e+00
2.656340552531807564e+00
2.676633674529919737e+00
2.712968790466742330e+00
2.666583847912169070e+00
2.714032578586235367e+00
2.682200831493780413e+00
2.761737968993470904e+00
2.717892463828033733e+00
2.709997657534233273e+00
2.684243384665086829e+00
2.729445806257539964e+00
2.676054701393520308e+00
2.709668021153088802e+00
2.714457574152511210e+00
2.679097983459749255e+00
2.729904981431475530e+00
2.726151630677996707e+00
2.770210054422475920e+00
2.755625358329884200e+00
2.767254167850934365e+00
2.768553110361922531e+00
2.754525129046020204e+00
2.796625882213354064e+00
2.787977732104161888e+00
2.835135865729808469e+00
2.835815191462388363e+00
2.781771072794556598e+00
2.807823113940310034e+00
2.857705934408710124e+00
2.922296129862272718e+00
2.989431111476808844e+00
3.009418722353153441e+00
3.071809728947579199e+00
2.973020062794692553e+00
3.009169785325917168e+00
3.005731919660077800e+00
3.047140710339523828e+00
3.016318689821383625e+00
3.013368486443328997e+00
3.089792378892372238e+00
3.059090425348267583e+00
3.039634738829619209e+00
3.066012251300107128e+00
3.047521128673994273e+00
3.049456797663212981e+00
3.034454211381039546e+00
3.028321588466651448e+00
2.975042508614031078e+00
2.952518029136614430e+00
2.992640126794330779e+00
3.001747252414910694e+00
3.023391340932606752e+00
3.001807503511800590e+00
2.978076047565491713e+00
2.921338268768202351e+00
2.896942290156353295e+00
2.883246973793597512e+00
2.882294450871330405e+00
2.992908880000633598e+00
3.008196716547237859e+00
2.926723375981844288e+00
2.931131459647227988e+00
2.963766008114994133e+00
2.898536813564414505e+00
2.876889840870096471e+00
2.860793031593166891e+00
2.799685123003376130e+00
2.783303063913769471e+00
2.820986051040036635e+00
2.829377483808421356e+00
2.832831398362448905e+00
2.852084980464363539e+00
2.830829106965386366e+00
2.843753938934107328e+00
2.822221441061437019e+00
2.812298361308970485e+00
2.867764374226621005e+00
2.900901142093363916e+00
2.820500201497115000e+00
2.818719329927955375e+00
2.837059477401910890e+00
2.839495728255045037e+00
2.837441575439048513e+00
2.807834519110426363e+00
2.726808709443326872e+00
2.774984083247096223e+00
2.766317701637380999e+00
2.709267743622728375e+00
2.781926658035064559e+00
2.776838733044138419e+00
2.814233383507260378e+00
2.865159731267787002e+00
2.836738872816267687e+00
2.838246370942111962e+00
2.776473212083157893e+00
2.691868097888157063e+00
2.608217375393189208e+00
2.682936701487300901e+00
2.699326996249755695e+00
2.675961893205148989e+00
2.696568643364650075e+00
2.665399596970077223e+00
2.608105161059706578e+00
2.711664896730736629e+00
2.748356036529472135e+00
2.711290250306280125e+00
2.707508642239525365e+00
2.728848238575442675e+00
2.712558309335887596e+00
2.771092988070900098e+00
2.762905335411507401e+00
2.737089806087040333e+00
2.795310782730646704e+00
2.730701433173211790e+00
2.771912317985433472e+00
2.700854022635847063e+00
2.714829343496496072e+00
2.750199623600330767e+00
2.770287761940446014e+00
2.745234911043205717e+00
2.847170823997008160e+00
2.918619726703584050e+00
2.930857540795020366e+00
2.883160946460634033e+00
2.912299571818847355e+00
2.904120675147217945e+00
2.914086462827131907e+00
2.959833253460806723e+00
2.928677680977385567e+00
2.891552640889372583e+00
2.906688414840536527e+00
2.928685278591435459e+00
2.853240606884842379e+00
2.909787512903351470e+00
2.893040327387402577e+00
2.881092100211922524e+00
2.950449064277206990e+00
2.932131897924744379e+00
3.013059903444795573e+00
2.967361887810123999e+00
3.058317753086957413e+00
3.077979348494307210e+00
3.043100215512930973e+00
3.034361787333032190e+00
3.099329884818379011e+00
3.095995998514842640e+00
3.135213714603426904e+00
3.082593096231937224e+00
3.126173253072400904e+00
3.116654424626525088e+00
3.108749204958763279e+00
2.974712963227289286e+00
2.975518108024621800e+00
2.986078724702452725e+00
3.009309783194715315e+00
2.994502356902076112e+00
2.969328331229115214e+00
3.016606504318273707e+00
2.948981356426319866e+00
3.000639010539691842e+00
3.042738761659769864e+00
3.024244286933110981e+00
3.032367841213830406e+00
2.994112868323510313e+00
2.956806953312703268e+00
2.948547960301026727e+00
2.889776140423787609e+00
2.913312478420335250e+00
2.917877145795872096e+00
2.946604227828838241e+00
2.892670043355768161e+00
2.826624872529089227e+00
2.839367715892497923e+00
2.798035172599461884e+00
2.837996770038667016e+00
2.785881982643042765e+00
2.913449963907411178e+00
2.914599227154992978e+00
2.886248515959692451e+00
2.877747319821052585e+00
2.883150362946624412e+00
2.889020882014718072e+00
2.871491143172982596e+00
2.823983466281520638e+00
2.816518596861949497e+00
2.814501294258537012e+00
2.752378642790871410e+00
2.757288649644173084e+00
2.793133813504709906e+00
2.790957845126194936e+00
2.763994288522411580e+00
2.749521819016294888e+00
2.727380759132025378e+00
2.655286667862887473e+00
2.657571601495907654e+00
2.693048721885760166e+00
2.689992414548016075e+00
2.706940795930541821e+00
2.659142893682646669e+00
2.623103954178962027e+00
2.680850987317271450e+00
2.574609757309972213e+00
2.558805185396693549e+00
2.553709134953615845e+00
2.554975434338539575e+00
2.530132655413925402e+00
2.559066547962137061e+00
2.586691981043334199e+00
2.653413797213737713e+00
2.665753536242691180e+00
2.669990081855214470e+00
2.732791581786877533e+00
2.724572062475999701e+00
2.686819308676458018e+00
2.712675667405755942e+00
2.689842339818571570e+00
2.709776742511365022e+00
2.732195175115536667e+00
2.774090600823053698e+00
2.743992806055080003e+00
2.740167788673280480e+00
2.756269932758186325e+00
2.724584516328820261e+00
2.833558826238976369e+00
2.846522728194035068e+00
2.857913196128818001e+00
2.925099598764415720e+00
2.929412913142614538e+00
2.963830498508797984e+00
2.955374968438108763e+00
2.942799034615088516e+00
2.915406721488459585e+00
2.894519984203609120e+00
2.840998865782593974e+00
2.829600814260431196e+00
2.823845473283125074e+00
2.770559522216303971e+00
2.746061333240278124e+00
2.772049175539081922e+00
2.778597637227715911e+00
2.793536554283511553e+00
2.841795900015989140e+00
2.860377954905633846e+00
2.818929873257959962e+00
2.860028273799821719e+00
2.846546403377877343e+00
2.883010396938601172e+00
2.879931335333058229e+00
2.867734294234046022e+00
2.865727004320182125e+00
2.866297886186720767e+00
2.906696230634478351e+00
2.847941390126174532e+00
2.897685926361082132e+00
2.864656392337470159e+00
2.933444382790753480e+00
2.907791181267044944e+00
2.945368156320353759e+00
3.001420223317932123e+00
2.942570524420229372e+00
2.937180324402147935e+00
2.972383057983244647e+00
3.003890712096356275e+00
2.877175441152082236e+00
2.885630879243294533e+00
2.888592966005187890e+00
2.880749192110151125e+00
2.878471118764279968e+00
2.882349450476574759e+00
2.863854095712710546e+00
2.902454472972848976e+00
2.900692293567302293e+00
2.905044806701375215e+00
2.858466820735826808e+00
2.853703365996611563e+00
2.830529458239188223e+00
2.848287648196663024e+00
2.882996168227612621e+00
2.874624777922214935e+00
2.877620605382292140e+00
2.851276857670555831e+00
2.844822488677859695e+00
2.802893449331975706e+00
2.817861169138532684e+00
2.869863182749159858e+00
2.871099581118190081e+00
2.923913881198035192e+00
2.966858580316713567e+00
3.054483653458142101e+00
3.026078136654600570e+00
3.065062680944460105e+00
3.063937176332164558e+00
3.037226300946061830e+00
3.115719982385007025e+00
3.120804879607144144e+00
3.083228980136742514e+00
3.112087644100122841e+00
3.116873804432391815e+00
3.170498158053396853e+00
3.141641205055370367e+00
3.189987919909732739e+00
3.130533447457422458e+00
3.159581820435804378e+00
3.139018279324975236e+00
3.079574726566707277e+00
3.128922347442188112e+00
3.160409585506952723e+00
3.174500505309084453e+00
3.170768740962890853e+00
3.107181359181523828e+00
3.142102840215425186e+00
3.103709877581577015e+00
3.009399786669869847e+00
3.051894196524293168e+00
3.055848997848666038e+00
2.959893113842418710e+00
2.937778579420874170e+00
2.941585930415551164e+00
2.946270796752481935e+00
2.944748606444856698e+00
2.963214897344101484e+00
2.950563778124158265e+00
2.963656974904654628e+00
2.944918365192981113e+00
2.960962538450773618e+00
2.944283128022447293e+00
3.000796595454822580e+00
3.032617644624095110e+00
3.032930363003298879e+00
3.025640024274434126e+00
2.977726866334549527e+00
2.979340138772499813e+00
3.002613646418609950e+00
2.893658214945649121e+00
2.935035486266205140e+00
2.897589057637951715e+00
2.885040047910920613e+00
2.931922796683370080e+00
2.930121892495612723e+00
2.956440035260793575e+00
3.047187979982370010e+00
3.065333268584267579e+00
3.055299361099378164e+00
3.018627431786342186e+00
3.005211550177706581e+00
3.033666167509369682e+00
3.023528043428852286e+00
3.011490938909671566e+00
3.065583425946372564e+00
3.065796568948556011e+00
3.059504367565107685e+00
3.039748615929729780e+00
3.020282456377417546e+00
2.991461181875176401e+00
3.024064569972345407e+00
3.057134025284460321e+00
3.088348192491706889e+00
2.998940592681500483e+00
3.069732705363013014e+00
3.083676959153691666e+00
3.089639348456990842e+00
3.089404335939697432e+00
3.028364188594589557e+00
3.007176388321169291e+00
2.993201931437976970e+00
2.993526275896325917e+00
2.957845013398788581e+00
2.961279451275046881e+00
2.950954330767812550e+00
2.913126551123903507e+00
2.863381700790234241e+00
2.842926962496081789e+00
2.852930899316655555e+00
2.827467415507728621e+00
2.828618984020145444e+00
2.815601714607762762e+00
2.826536144821786944e+00
2.766456024826707605e+00
2.731403794575312016e+00
2.740787902885265748e+00
2.754667646622759314e+00
2.710097349628729724e+00
2.783125738305610053e+00
2.757556657749880902e+00
2.736171920144265801e+00
2.703014732010089460e+00
2.701616761518488286e+00
2.758926733880906923e+00
2.766947606351787936e+00
2.688761736628635823e+00
2.659269963916091939e+00
2.715425785684230320e+00
2.716251208036819964e+00
2.725036682509529129e+00
2.712533047012454457e+00
2.748293828353046919e+00
2.741659323785572866e+00
2.775715526036365954e+00
2.782376957846028009e+00
2.787242610942131105e+00
2.814668690508463911e+00
2.827728180553897630e+00
2.824307342566980239e+00
2.854428071284147439e+00
2.887694490145648718e+00
2.864900608687696248e+00
2.880375671679750393e+00
2.819054590280554606e+00
2.889262094644267531e+00
2.825228366856656681e+00
2.873530685855539613e+00
2.902705241674920611e+00
2.749567118119993658e+00
2.735319041301608856e+00
2.771888677677543544e+00
2.773028481801216749e+00
2.734140480925312477e+00
2.732630337545771670e+00
2.743616607484729908e+00
2.769161279202206227e+00
2.762659127866264885e+00
2.747882325218663269e+00
2.722323488011470616e+00
2.722228360243097001e+00
2.660204638329526361e+00
2.642748955383249054e+00
2.607209016380853228e+00
2.652582020146172503e+00
2.649139383557828520e+00
2.636323463711889303e+00
2.622304644827807785e+00
2.634592926925497736e+00
2.626698823745843736e+00
2.607740472878794513e+00
2.676633263167531585e+00
2.621344279041657455e+00
2.619342904042850417e+00
2.755254762559766313e+00
2.716878479860054707e+00
2.790659531384422465e+00
2.792600590295382545e+00
2.749410698018256216e+00
2.755541778858562108e+00
2.740351089538367813e+00
2.820805874222637843e+00
2.799035357934239077e+00
2.747297366847625710e+00
2.731527445915721053e+00
2.688388331641506923e+00
2.764266880966745887e+00
2.712957231764628663e+00
2.731857069639824775e+00
2.715305062282828530e+00
2.764634681905856262e+00
2.787449491001035451e+00
2.778403993452316811e+00
2.776259971613854294e+00
2.798376216134589978e+00
2.768297930504184823e+00
2.717062531151032356e+00
2.743901354061401676e+00
2.745616302700208955e+00
2.760998107717197225e+00
2.826916890667819704e+00
2.814571715545823416e+00
2.839211008129284952e+00
2.922518702281242220e+00
2.918522264425956525e+00
2.907877448768175110e+00
2.866994605073675650e+00
2.854389502386458943e+00
2.966516975980807214e+00
2.941742252055738138e+00
2.975567290191669656e+00
2.980435062360604626e+00
3.041899767949892475e+00
3.049755581647126679e+00
3.037807657123031913e+00
3.035547383575123881e+00
3.028309594747989220e+00
3.023822481537112861e+00
3.041739598737991379e+00
3.074576008532233118e+00
3.124940563635181690e+00
3.200636432682298693e+00
3.165057884152805201e+00
3.126775489083485571e+00
3.061719704205090320e+00
3.035213050940162471e+00
3.011870754088934010e+00
2.990901402243063778e+00
2.985365561837082460e+00
2.980173967470855168e+00
3.026415461886102332e+00
3.008177326829127196e+00
3.027616379600654994e+00
2.959065071793745449e+00
2.975556507308447340e+00
2.997558360478750128e+00
2.974303148413270925e+00
2.947631530155485624e+00
2.924148674868034092e+00
2.938150008296155136e+00
2.906043208470234340e+00
2.933021827960779593e+00
2.981211128385214959e+00
2.965913121550483478e+00
2.969371383659032748e+00
2.917486881231339257e+00
2.887949139003946453e+00
2.933724863776808522e+00
2.962357339629392072e+00
3.034674399725436178e+00
3.053624744764634080e+00
3.092716190523215225e+00
3.100533967161580140e+00
3.093310471884899382e+00
3.093974006542069777e+00
2.984126256857392523e+00
2.988324175485701062e+00
2.983022040521713159e+00
3.023956169110983527e+00
3.077975103384244626e+00
3.017197984313386705e+00
3.057403086591970354e+00
3.085187548335453389e+00
3.081320525324329651e+00
3.074215383253854128e+00
3.084880826073931548e+00
3.067163512318023422e+00
3.043093272423457840e+00
3.041492071223828475e+00
3.026816803201085371e+00
3.082412404080285384e+00
3.123387359252587814e+00
3.143408380755134068e+00
3.152702021888238004e+00
3.131831997049112637e+00
3.138470975882741598e+00
3.035485484803952971e+00
3.054176309925862753e+00
3.081006027071114151e+00
3.093009366752050404e+00
3.202645730826026771e+00
3.228635081766206838e+00
3.293449906568461483e+00
3.266883193107050776e+00
3.260902763253736403e+00
3.307638433163961000e+00
3.264270701184265100e+00
3.240038553755280049e+00
3.270135284045066815e+00
3.309746397020678632e+00
3.281204200939989768e+00
3.235253388135309383e+00
3.190759794029474516e+00
3.146668595130774015e+00
3.146878886931856467e+00
3.043467451358433440e+00
3.051816891258180675e+00
3.011028952839788886e+00
2.980948158456690589e+00
3.009653290863294473e+00
2.926549522133963244e+00
3.048982701249552729e+00
3.052164373658773577e+00
3.044938352020372996e+00
3.073752640359467492e+00
3.050536824622783083e+00
3.026668459258816668e+00
2.959968446314474200e+00
2.964886686024484241e+00
2.917547706561491427e+00
2.904245706165746288e+00
2.906076897129671099e+00
2.888299272532692363e+00
2.867793827502113313e+00
2.844609385300963744e+00
2.872983382423562215e+00
2.899982056872739467e+00
2.888369307903082550e+00
2.897276384429932961e+00
2.911566128728810376e+00
2.994166820154513076e+00
2.972244197074192407e+00
3.042354707759292953e+00
3.044225566458774956e+00
3.008023546564461803e+00
3.100461600755563651e+00
3.066122433932492175e+00
3.052002912678033031e+00
3.048918279177248891e+00
2.996775580212238221e+00
2.995968748699261219e+00
2.968329315786367051e+00
2.988189025585370473e+00
2.984799977157674089e+00
2.999545820486311243e+00
2.995935768489528694e+00
3.005776187958022039e+00
3.062775052722320090e+00
3.089761274386629175e+00
3.084263313965114772e+00
3.027433111549795441e+00
3.068450604545028604e+00
3.074305267220263982e+00
3.050976069736116791e+00
3.035384484999652077e+00
2.994454228513917737e+00
2.982607918249950529e+00
2.886995122753049259e+00
2.886020295137776692e+00
2.885396855669653426e+00
2.859590208359456653e+00
2.854239905585210568e+00
2.896844997196211580e+00
2.878494248763251662e+00
2.835072833963771188e+00
2.822820759613739572e+00
2.875796780775154993e+00
2.889797522524046425e+00
2.904745753109764905e+00
2.923848892265075605e+00
2.946498214032289287e+00
2.948806537828939867e+00
2.924360081323229110e+00
2.893400897250607784e+00
2.845347871551882069e+00
2.891396099503306338e+00
2.852821806493532897e+00
2.909134151811822555e+00
2.963873688367563375e+00
2.881659282522278875e+00
2.928207457667994174e+00
2.924048966983620712e+00
2.974455786091819931e+00
3.007972473261859125e+00
3.003426955759381567e+00
3.036675074930601514e+00
3.014661529163475073e+00
2.914751349553776461e+00
2.913111265526303395e+00
3.022700202181244578e+00
3.002924968609851142e+00
2.973982690954241281e+00
2.961368072673093987e+00
2.934804874457516810e+00
2.933374792089613159e+00
2.924763074511071093e+00
2.880847789248906388e+00
2.866419260957967285e+00
2.848736610058470564e+00
2.909658132388645235e+00
2.884587219171494521e+00
2.898218321640578576e+00
2.867608855459417683e+00
2.870688773182143994e+00
2.972313113383139083e+00
2.985749754337279516e+00
2.985081183120971371e+00
3.001450567424899685e+00
3.008025075477588572e+00
3.020253682399639761e+00
2.965776347318543227e+00
2.950814169953291710e+00
2.975955801395518741e+00
2.967372867057941122e+00
2.925120865233292733e+00
2.963552845236274713e+00
2.942996365767861278e+00
2.944948593295695805e+00
2.990623911143882374e+00
2.902357593967155758e+00
2.886395843180605603e+00
2.920437822785718840e+00
2.936708794664844469e+00
2.986577802866644760e+00
3.010997150090940710e+00
2.982169764855981509e+00
2.962265171198007252e+00
3.044102103783546287e+00
3.038484880863535853e+00
3.060868390914440518e+00
3.064063673975198743e+00
3.082727811899863557e+00
3.093342496130707442e+00
3.065689851207205496e+00
3.050125365710530723e+00
3.126832948330664497e+00
3.125529336104893918e+00
3.160951074371747271e+00
3.166760942828472203e+00
3.141478144462673150e+00
3.137389543149310178e+00
3.178746968920158622e+00
3.213049519620622352e+00
3.164896151131765922e+00
3.290806862896088703e+00
3.283655283392776347e+00
3.324859469488810060e+00
3.321562414747094127e+00
3.354818864316674976e+00
3.357630650995983235e+00
3.405635720046206849e+00
3.438765726788640453e+00
3.362872356513232130e+00
3.296764444853430565e+00
3.198477587171365766e+00
3.161730963221925261e+00
3.158850937399316550e+00
3.125856672432614669e+00
3.180891870577159608e+00
3.184491273210007023e+00
3.125363856152564956e+00
3.173612964236939060e+00
3.180882679293906001e+00
3.180153646319324512e+00
3.210033423779186101e+00
3.193481152590524452e+00
3.220223044662320788e+00
3.173312992748129169e+00
3.217640708725476806e+00
3.128148905602263774e+00
3.157735591124271046e+00
3.071107731815555297e+00
3.104175679241524044e+00
3.114728254144711883e+00
3.038520982369449897e+00
3.072682383920668947e+00
3.040693495562668325e+00
3.028886795444526214e+00
3.126811341821005730e+00
3.189080303119240511e+00
3.155668547445935612e+00
3.159585270652727207e+00
3.146468064800035602e+00
3.111033350977887135e+00
3.120840023260087470e+00
3.116797770813793278e+00
3.123722061994596899e+00
3.104010839757348261e+00
3.145801318740661046e+00
3.143236619196962067e+00
3.111227935680215495e+00
3.058932542514522179e+00
3.057356813395801787e+00
3.028555303569429924e+00
3.092728234923555419e+00
3.033049850431850381e+00
3.089164868491140581e+00
3.078807415617376808e+00
2.995253015754352433e+00
3.035955747118646908e+00
3.043683152489074839e+00
3.059500187191871667e+00
3.087073759737910983e+00
2.988522757544833208e+00
2.977928019258934356e+00
3.031571305932238225e+00
3.008855063625679005e+00
3.046592846599252891e+00
3.042641879112027770e+00
2.996374400987362296e+00
2.992900549917964170e+00
2.979712972254167980e+00
2.985488008043441166e+00
2.910043818366485624e+00
2.937845611614799513e+00
2.949430350641585097e+00
2.987907775685123557e+00
3.020891940164136091e+00
2.992771953130175078e+00
2.992004339477806418e+00
3.045321848869840142e+00
3.014364367629849717e+00
2.982569094255060005e+00
2.996251033032079736e+00
3.030779086004156575e+00
3.005657633482849977e+00
3.032560245313776992e+00
3.033825167288997537e+00
3.117147691863141112e+00
3.121239244432403304e+00
3.107697481161961317e+00
3.125667187860942331e+00
3.086536054926455996e+00
3.087231088610075780e+00
3.088816717857354455e+00
3.121814848000333154e+00
3.119605735471814967e+00
3.121042018766084336e+00
3.173073790542531913e+00
3.170746232383921726e+00
3.179805821189760184e+00
3.190715368413152841e+00
3.148859725708191615e+00
3.189099618079000553e+00
3.191723385840552041e+00
3.192906742195166903e+00
3.216448310213601225e+00
3.207476985948995996e+00
3.233977581426273229e+00
3.152485947467803307e+00
3.188011565408524373e+00
3.147458715648003835e+00
3.156715303763821812e+00
3.118190282986478934e+00
3.118415197514811332e+00
3.115219087152095501e+00
3.091509852447255291e+00
3.099784784347903166e+00
3.108654698023597174e+00
3.079983206726586431e+00
3.053183423905192040e+00
3.027762744996739919e+00
2.916477960429684657e+00
2.937113193787598497e+00
2.907725302942849588e+00
2.950139549345669909e+00
2.937011829361155790e+00
2.875056680420437605e+00
2.920189947364564276e+00
2.915041391762161815e+00
2.902156451601325848e+00
2.912427327603408056e+00
2.927052482842693149e+00
2.957652495940326087e+00
2.973065993306617916e+00
2.977132368379521665e+00
3.020498607305901473e+00
2.969082547399999328e+00
2.981137085516264662e+00
2.952326802043644616e+00
2.943605232625275736e+00
2.981822190702838160e+00
2.880349217980653354e+00
2.904561632076355870e+00
2.997199494117265051e+00
3.013104050508071730e+00
3.016390897747208033e+00
3.168372145670101059e+00
3.130159424303030402e+00
3.159787416282236805e+00
3.166368610909510384e+00
3.127628541368885351e+00
3.220534987251199244e+00
3.162939390567099274e+00
3.136950309181575580e+00
3.169705511486894611e+00
3.151749136395145978e+00
3.172886757848745187e+00
3.142939004647482992e+00
3.109418695115592879e+00
3.050403137857121472e+00
3.056144586374293315e+00
3.038558007577132347e+00
3.013545501488702705e+00
3.048995509439569762e+00
3.006260627590208401e+00
3.003629715446566539e+00
3.062055628993756162e+00
3.038114718620755106e+00
3.017430418013109961e+00
2.936581158069579978e+00
2.920821226573448559e+00
2.906247996701361025e+00
2.899222927501485803e+00
2.896319243477402772e+00
2.893144852952112878e+00
2.918102654149659081e+00
2.894822159792616922e+00
2.891657184385689305e+00
2.914161928429567006e+00
2.876972881567640972e+00
2.886990137608794971e+00
2.862931478805965213e+00
2.844288105446284298e+00
2.909209831225089804e+00
2.955364613794417838e+00
2.905398687793020240e+00
2.912842083522757974e+00
2.925130219042467949e+00
2.905554236195700302e+00
2.962602278698002856e+00
2.945608625078789178e+00
2.968445889144333716e+00
2.979642483555703603e+00
2.980087034760559916e+00
3.054896560636034764e+00
3.089621675715001903e+00
3.079080939892222535e+00
3.060177958721683744e+00
3.041552900327152198e+00
2.964949621166885319e+00
2.986229983243609887e+00
3.015109998967941962e+00
3.033728203341768292e+00
3.030928016151800630e+00
3.055391740685141855e+00
3.076857899134064933e+00
3.079311723529191358e+00
3.099589764977062956e+00
3.072700154514183879e+00
3.025611175036770906e+00
3.023575382422722058e+00
3.023259240813793713e+00
3.002200513238164170e+00
3.029576590959403237e+00
3.046790377763874069e+00
3.021040191543502562e+00
3.066138363905382747e+00
3.098253182132931993e+00
3.086126236450484672e+00
3.084639687963690147e+00
3.093894405980031959e+00
3.080822100440244959e+00
3.146174056886773318e+00
3.149850207935285251e+00
3.247641469631330047e+00
3.180376894956872924e+00
3.153533831867889603e+00
3.138988152774391693e+00
3.127572737233722311e+00
3.108587055422306289e+00
3.098822321000309632e+00
3.166170178982669725e+00
3.188042712883521368e+00
3.226338392022977786e+00
3.252661015462061656e+00
3.265028120669280831e+00
3.361458147710210564e+00
3.411860654113469948e+00
3.422193373352543588e+00
3.406867817606567872e+00
3.441950058340375929e+00
3.409729676291077372e+00
3.343221056972788929e+00
3.342134166677579454e+00
3.328900555620836865e+00
3.265961030105184459e+00
3.260106410565096535e+00
3.209637186946963983e+00
3.180074827448449604e+00
3.184345140782385286e+00
3.191059634040028126e+00
3.196133608057520892e+00
3.220164064081033839e+00
3.260514524965020922e+00
3.286647188667654262e+00
3.319841934260483018e+00
3.239188447672884497e+00
3.042162158170490294e+00
3.052271965546220933e+00
3.052781024402479559e+00
3.073247702269776394e+00
3.043175751683057317e+00
3.049014527371682881e+00
3.044364375497665254e+00
2.980549642270320820e+00
2.917992672015534694e+00
2.857680686425954075e+00
2.892100161456541141e+00
2.910080607258401564e+00
2.935434596663061502e+00
2.940920574738075111e+00
2.916216029601469639e+00
2.957168555722841319e+00
2.971743619772770018e+00
2.918255040471080530e+00
2.896408646579688995e+00
2.898545969781442633e+00
2.907510673724587491e+00
2.880482115931097375e+00
2.872884254579399776e+00
2.844134956283113524e+00
2.881641234314389788e+00
3.031183395310236950e+00
3.011139605705874356e+00
3.021116176061539260e+00
2.999279235698695700e+00
2.939687999722341072e+00
2.911808947559462180e+00
2.905526746186365195e+00
2.921111338407387681e+00
2.959826286326271205e+00
2.967504098888467556e+00
2.959930994497017576e+00
2.894017462034109922e+00
2.906110019239680042e+00
2.948696598266333790e+00
2.978786143148767884e+00
2.937948967710357628e+00
2.925843326611386797e+00
2.952367492062424770e+00
2.989684142619004614e+00
2.939987854494214403e+00
2.909261487012153147e+00
2.938806125564356719e+00
2.935588455833620269e+00
2.933426141829121203e+00
2.894627702285177406e+00
2.893552879422885304e+00
2.888956594259334931e+00
2.825473637837013552e+00
2.893097612432890209e+00
2.906522713576612738e+00
2.920733869360945256e+00
2.891663868460951914e+00
2.944679058854127174e+00
2.966110950183350692e+00
2.996252887983515301e+00
2.965184830626374612e+00
3.034023562301772170e+00
2.998953871008474437e+00
3.025312336840510596e+00
3.053225890900514550e+00
2.993160085187237751e+00
3.030558360626152137e+00
3.017217857342424647e+00
3.084622145281304295e+00
3.130234315339614604e+00
3.059608581218929313e+00
3.020624919950821052e+00
3.011188641836672897e+00
2.981888275320242698e+00
2.993029578205654406e+00
2.959461445589370410e+00
2.950863737100978934e+00
3.007443172926568487e+00
2.933856507550621995e+00
2.966827745396849902e+00
2.950013593741000584e+00
2.944996036903092751e+00
2.913919344223523833e+00
2.912915723121228595e+00
2.947195083385430792e+00
2.971391897197875220e+00
2.923766135947097222e+00
2.950463871326195697e+00
2.929690959537398331e+00
2.926502065132897012e+00
2.966136829868861291e+00
2.983254175125901408e+00
2.981557252470828701e+00
2.938029832295400823e+00
2.945782026965094946e+00
2.987177659585250833e+00
2.999203870840475350e+00
2.986530145176375495e+00
3.031486354465983801e+00
3.044794825612902933e+00
3.106366800409081197e+00
3.041175877999227062e+00
3.024602345488635269e+00
3.067345348607151578e+00
3.069701355079584637e+00
3.063193193925838109e+00
3.114260214846921837e+00
3.134878923832316477e+00
3.111671892061937061e+00
3.092361357899292784e+00
3.062246374015709538e+00
3.103346634615995470e+00
3.126071797425852061e+00
3.050081011889957061e+00
3.010490983246955299e+00
3.051678503848579638e+00
2.987253755137355249e+00
3.036509363193724553e+00
3.033629424375008377e+00
3.044364956079971929e+00
3.111995627146358689e+00
3.083919737204485312e+00
3.122075307429446056e+00
3.146436485894338997e+00
3.150001503673041547e+00
3.105148525578289576e+00
3.176399071828264198e+00
3.197649563466234746e+00
3.162106264616670437e+00
3.189490221419695626e+00
3.239617135268526571e+00
3.220823907692327737e+00
3.227523731407395235e+00
3.257841399989503284e+00
3.257399234870327565e+00
3.280196935946907200e+00
3.283445082123427561e+00
3.236306892032010829e+00
3.297672853379541635e+00
3.355096445521098758e+00
3.345682807690301352e+00
3.393069794459514288e+00
3.294627260665260682e+00
3.311050017639077581e+00
3.309872942733707912e+00
3.280182155346121675e+00
3.308263195842561011e+00
3.293947970220579169e+00
3.296202156905844394e+00
3.280713880133628635e+00
3.295628334186178510e+00
3.315131906970455677e+00
3.295757527678444987e+00
3.310379016850178324e+00
3.284923765894255610e+00
3.185957969209080254e+00
3.207242878194410007e+00
3.130053677937695067e+00
3.130890077235142677e+00
3.171713448674976288e+00
3.198043497296633397e+00
3.212815172265710562e+00
3.211313898891694052e+00
3.222769274183037602e+00
3.174591671496915790e+00
3.165570427360777650e+00
3.211862293685680658e+00
3.209770056652009096e+00
3.250725442682207422e+00
3.205227438418239316e+00
3.213324662461403580e+00
3.251535628088027430e+00
3.179824458536211207e+00
3.154922257567707167e+00
3.191327688715761113e+00
3.179448352561327074e+00
3.134203145515573663e+00
3.113427234566026769e+00
3.129854569990892177e+00
3.090689795234865311e+00
3.147656137079795524e+00
3.114438830009954806e+00
3.186485228164774419e+00
3.163410640874172675e+00
3.142784179222085417e+00
3.103192646736419924e+00
3.084605049184788950e+00
3.085048405167021279e+00
3.065376481346886894e+00
3.069869079780368715e+00
3.076405485154446229e+00
3.029902157721322542e+00
3.106520069549143948e+00
3.077380505305691294e+00
3.130382847661104417e+00
3.112219385495751389e+00
3.051003011213690108e+00
3.074168731930220222e+00
3.076119209644675223e+00
3.041989231221966961e+00
3.090368446627847820e+00
3.106893304264717326e+00
3.113489174212279220e+00
3.071279915944521655e+00
3.126437357401283368e+00
3.105221343736359163e+00
3.126998391556398804e+00
3.130356620656833844e+00
3.111098758372145223e+00
3.071295844343659542e+00
3.087272680929322721e+00
3.086803566752654771e+00
3.120743290696104566e+00
3.117293468839560600e+00
3.156119727026443833e+00
3.169373508839379294e+00
3.171276293985840322e+00
3.130407966900990768e+00
3.099921090811763147e+00
3.080000908810764049e+00
3.082024361423863823e+00
3.096164853499856484e+00
3.044864664143946076e+00
3.047706987007868129e+00
3.060142946358650029e+00
3.059557331284364690e+00
3.066145216806070106e+00
3.111858628947222094e+00
3.201264260731234934e+00
3.163781096185481978e+00
3.222697158318049482e+00
3.212093290099049980e+00
3.193097561712228138e+00
3.207060537332803829e+00
3.239422714990687346e+00
3.221647265708290409e+00
3.238678315952496334e+00
3.227148025366911810e+00
3.195924706118050018e+00
3.181926057074970338e+00
3.165507508361742772e+00
3.147393236399784744e+00
3.174458461012356292e+00
3.181785376552667799e+00
3.111997210979595252e+00
3.099338735991431282e+00
3.086231489481391588e+00
3.173375475372898435e+00
3.120766345447141710e+00
3.148192116071131696e+00
3.088790464202489705e+00
3.106125412695409871e+00
3.075721295667257493e+00
3.015494096410506586e+00
2.964705189750691972e+00
2.904735712000333425e+00
2.869217298598127464e+00
2.798684013091326417e+00
2.789843347766573167e+00
2.811345657298573109e+00
2.849976447308636196e+00
2.821889285938211422e+00
2.806412860548790800e+00
2.861239218990082378e+00
2.810052668231696416e+00
2.766902307155802543e+00
2.768553832300582052e+00
2.744837088832205563e+00
2.748250449320962296e+00
2.771830172189839736e+00
2.831416553420336601e+00
2.809098299178953706e+00
2.745574450344937301e+00
2.767117910637054923e+00
2.762861530967188894e+00
2.812050746383728317e+00
2.803688381575153876e+00
2.749758628755204715e+00
2.716646595816020415e+00
2.789920107019613571e+00
2.830614088438073939e+00
2.863709908200877674e+00
2.902817226832018704e+00
2.905821474913547142e+00
2.915146122245857452e+00
2.909390231273948135e+00
2.944062627080694661e+00
2.912425543761904656e+00
2.894019348720795026e+00
2.892503151595129385e+00
2.950927218544531883e+00
2.953350931467250362e+00
2.956391257655878402e+00
2.946778571287094639e+00
3.015499906491546867e+00
2.955366913460095724e+00
3.010294089585803246e+00
3.076824500237057336e+00
3.093937675399726750e+00
3.078428313694619334e+00
3.063847036264298218e+00
3.061952531297324143e+00
3.144531689420149156e+00
3.159533659782850723e+00
3.155457688993142717e+00
3.146967942049828437e+00
3.169390982108138743e+00
3.228797099501841572e+00
3.249115411914039075e+00
3.245353341280551085e+00
3.164111766574342344e+00
3.114298530669924236e+00
3.096244484668043473e+00
3.093126181722053669e+00
3.140897102211918757e+00
3.096217888127959394e+00
3.145160076526670956e+00
3.140259787016931980e+00
3.163044496037102693e+00
3.158746537405299648e+00
3.167051377673666845e+00
3.173029386402397733e+00
3.180009481200929411e+00
3.183269524879037249e+00
3.182833437445794722e+00
3.153958665952925511e+00
3.149862020129824192e+00
3.088834849944881888e+00
3.141922503244332088e+00
3.086905808762715253e+00
2.989011138697275527e+00
2.956730936674319743e+00
2.914881543262580976e+00
2.897749799038667806e+00
2.870629965312542886e+00
2.901458595531929863e+00
2.936035176828418081e+00
2.973735471707191103e+00
2.955356078113704488e+00
2.979164135156515236e+00
3.006464815893473475e+00
2.924252993211258200e+00
2.910103681139018406e+00
2.910275945230869521e+00
2.886920126860905267e+00
2.919031477211373460e+00
2.901343545294562620e+00
2.889278058193099685e+00
2.871023693357860562e+00
2.866811588124107857e+00
2.886835666932586086e+00
2.894449480407483399e+00
2.929932416601828127e+00
2.911072825207480452e+00
2.951742541963712441e+00
3.044632552372021461e+00
3.054432096561711329e+00
3.080850505420165142e+00
3.052574949855085595e+00
3.061889523163513260e+00
3.054458022019732599e+00
3.034225192032637075e+00
3.080912278196476173e+00
3.148948499603029472e+00
3.130216385070649032e+00
3.140375904670523965e+00
3.132695941806369788e+00
3.135918669633103839e+00
3.085725102402083309e+00
3.093996599803635839e+00
3.089174289885979086e+00
3.080498179079595555e+00
3.070019648482549268e+00
3.107372620847553613e+00
3.063127436791608371e+00
3.060322503202480782e+00
3.019150075197903238e+00
3.009098575354325344e+00
3.007231864087644535e+00
3.055417832346868146e+00
3.032533546283382453e+00
3.021798998235619038e+00
3.010443023029587106e+00
3.061089051389249249e+00
3.081338227739260027e+00
3.084274359161165879e+00
3.113596709765288129e+00
3.094485507782247957e+00
3.033882631413984843e+00
3.044805238913424805e+00
2.973653242589357593e+00
3.051555895266810037e+00
3.097644388185436082e+00
3.123430859730157660e+00
3.129975060396509523e+00
3.137565066018978666e+00
3.161793819901451918e+00
3.185386020769438886e+00
3.161029616897856442e+00
3.164900348705192101e+00
3.165473194513332089e+00
3.202636610748583301e+00
3.220325778836861108e+00
3.179485251025650161e+00
3.130473567597739759e+00
3.165374290019332459e+00
3.157425118778616202e+00
3.144808524376631720e+00
3.149403617125207333e+00
3.107286941863003804e+00
3.171345302763963314e+00
3.150270395202209084e+00
3.118016237759420051e+00
3.125381273556171013e+00
3.106930775592679606e+00
3.188695484533893953e+00
3.117297320283701989e+00
3.041977164705171433e+00
3.049967615120432463e+00
3.030313249752818905e+00
2.978687427983324199e+00
2.935834071622713815e+00
2.935201925080890728e+00
2.867659224955231956e+00
2.916200780840154660e+00
2.878291418446780714e+00
2.888770154334423967e+00
2.837061701396244473e+00
2.842706581482020489e+00
2.821853885046445853e+00
2.778684832026185880e+00
2.780670281392308318e+00
2.796801354689027352e+00
2.798104332231678537e+00
2.836009749965010762e+00
2.746125947614800555e+00
2.754120307326820338e+00
2.754543040650460295e+00
2.738343223795808967e+00
2.718982843430161278e+00
2.729722358679288696e+00
2.732980666361293220e+00
2.733156318970175302e+00
2.689766005596108567e+00
2.672767754367456838e+00
2.704932665177077755e+00
2.633380209779329739e+00
2.639092820520279048e+00
2.681264525148506994e+00
2.673083876896436450e+00
2.658055934183331193e+00
2.614304093433606813e+00
2.656093790150237943e+00
2.691229893873574586e+00
2.684573289667003593e+00
2.720704949351451241e+00
2.686275867972314657e+00
2.703483460703827834e+00
2.664383587029278910e+00
2.640952209665551997e+00
2.704647855909019238e+00
2.683659972267821825e+00
2.656608920393670026e+00
2.682539342397664672e+00
2.688473372915014092e+00
2.675473034473798695e+00
2.683547892551023661e+00
2.680646933407713206e+00
2.652518411910156804e+00
2.676208646373511968e+00
2.635046980142045303e+00
2.718865295489624412e+00
2.690771386683357580e+00
2.700556859051614467e+00
2.679200805825476817e+00
2.734346974772988492e+00
2.790572283101546702e+00
2.755954177869459620e+00
2.770688210101907689e+00
2.805935402968833259e+00
2.778057238325931877e+00
2.838305014158869710e+00
2.812271819939623274e+00
2.836195515635880682e+00
2.830548573935966594e+00
2.834066549984572081e+00
2.848200320545825281e+00
2.911056180474782984e+00
2.862764607881992607e+00
2.879519151235098384e+00
2.891690663351625723e+00
2.911838379950081990e+00
2.991238702368642866e+00
3.070832274337129686e+00
3.031953748740320087e+00
3.079602110879770205e+00
3.090615406087904748e+00
3.093309612695710253e+00
3.048831315399453068e+00
3.058582356785793266e+00
3.022547072844141702e+00
2.952822298161900338e+00
3.013295756558480143e+00
2.949895032059754119e+00
2.959945218263682953e+00
3.006789653562371711e+00
2.971134542103000431e+00
2.960636842695187898e+00
2.914304823026192981e+00
2.953798728599301260e+00
2.942374745144852977e+00
2.964401932358819991e+00
2.914174978119662196e+00
2.961572876719126945e+00
2.969994642289736753e+00
2.948863598408931974e+00
2.963954265032332280e+00
2.959591405822575627e+00
2.930850679496908473e+00
3.012322235806873749e+00
3.004212305877241196e+00
3.014671802843531090e+00
3.055874903427879374e+00
3.100937654845835389e+00
3.137848449689768948e+00
3.161763731081350670e+00
3.217521594007759500e+00
3.163486408577376174e+00
3.136926030880231142e+00
3.099598784584508326e+00
3.086129424302136215e+00
3.075259908280834509e+00
3.050820981146586064e+00
3.101719889865597768e+00
3.086614029674289661e+00
3.060985938642153403e+00
3.047535807015156806e+00
3.110676545023681516e+00
3.106367022037459069e+00
3.045240386822221534e+00
3.044637385784082717e+00
3.038456483685995302e+00
3.027360191571953241e+00
3.111973083656448757e+00
3.092766158880690064e+00
3.121471688238660391e+00
3.093849849854723111e+00
3.078200061148117950e+00
3.107684542006919237e+00
3.073913043978897530e+00
3.004344755878858297e+00
2.979716165640473147e+00
2.988607683240412261e+00
3.037561212584490189e+00
3.073632694948062571e+00
3.016934411146147355e+00
3.048566631834010998e+00
3.069874859663112243e+00
3.085166783134515089e+00
3.088778982943247264e+00
3.086553413492294951e+00
3.071860510122841781e+00
3.039996071470672412e+00
3.078899699562367864e+00
3.117029213779766827e+00
3.148569754773469231e+00
3.087693241037460901e+00
3.090363011291701323e+00
3.014182386391925039e+00
3.008309141894510486e+00
2.962872587290891424e+00
2.892667212708996960e+00
2.901482640568424198e+00
2.841591324056957024e+00
2.863891999168023617e+00
2.957186626880375702e+00
2.982354713172540084e+00
3.058274006852883087e+00
3.084540945463440931e+00
3.088436051018999429e+00
3.154291429908743449e+00
3.105541741872994255e+00
3.120726755448405942e+00
3.094877509118337144e+00
3.033977763138410833e+00
3.076517844822555858e+00
3.041879541123908570e+00
3.056186740794266665e+00
3.025702241250305846e+00
2.945613006832599190e+00
2.912936378560193162e+00
2.968844845417732969e+00
2.983392876862786203e+00
3.009482150952595969e+00
2.989672027701929746e+00
3.013343079496159316e+00
3.072593945521577830e+00
3.053702500411182186e+00
3.093475657615593288e+00
3.061412500160896943e+00
3.057059763500426630e+00
3.058649862604721381e+00
3.037235505308706340e+00
3.031352410861876123e+00
2.972972547233677432e+00
2.980607303582712309e+00
3.004095450412281210e+00
3.025870184634221083e+00
3.070153798102617237e+00
3.136049919507957640e+00
3.096079770252607499e+00
3.136983206846189365e+00
3.040801560942348658e+00
3.014302563346574537e+00
3.124322295344397205e+00
3.140005157080783871e+00
3.140186687679591415e+00
3.113966719931103633e+00
3.084760898645935612e+00
3.109286123008835112e+00
3.098129707900622254e+00
3.149833693062231710e+00
3.095325350379261042e+00
3.093736601532556474e+00
3.105604998311099596e+00
3.027308969101809577e+00
3.025966217054955276e+00
2.981413296895637277e+00
2.981991823622669457e+00
2.988097561308040273e+00
2.932681434970805245e+00
2.971762147123890418e+00
2.948862994624592559e+00
2.936115828268537786e+00
2.906793192940797077e+00
2.906918898238008531e+00
2.892561593736121317e+00
2.929573832798894273e+00
2.949179067184698244e+00
2.929001356377017640e+00
2.903728251982030439e+00
2.903050294530361786e+00
2.823509610268926995e+00
2.836596836326712001e+00
2.820708417875195551e+00
2.823887710136129492e+00
2.779025259845456119e+00
2.781105497933667348e+00
2.771919149823221851e+00
2.692768444030844588e+00
2.750002240906393336e+00
2.740640502768316722e+00
2.735913121919291591e+00
2.749495617371505940e+00
2.697128168902346967e+00
2.692655485796992210e+00
2.684496818125557294e+00
2.694354030999157601e+00
2.637313317963047687e+00
2.634401321891195025e+00
2.651485270908123137e+00
2.636587371573011485e+00
2.650384766171085538e+00
2.670092930704806911e+00
2.672230084291451480e+00
2.701748253917955367e+00
2.662653822501478640e+00
2.710547825357626728e+00
2.739173332145002249e+00
2.720632368672080581e+00
2.748977358235912494e+00
2.760465097554642977e+00
2.808707915303563674e+00
2.778142099893099459e+00
2.827903140234236279e+00
2.833401711880366047e+00
2.836333022838342988e+00
2.864807497121590441e+00
2.865256904562284657e+00
2.956184103221927373e+00
3.028928745635155018e+00
3.036278536268879336e+00
3.016968476206327576e+00
3.038974102662247656e+00
3.038743123341979935e+00
3.005004290052639249e+00
3.008987656076414385e+00
3.065700909051029210e+00
3.079215410643374007e+00
3.078540297613868937e+00
3.050443360591710729e+00
3.061305198406966355e+00
3.151982959612355195e+00
3.134179372172000377e+00
3.157079235834997277e+00
3.125640940821694080e+00
3.120020902439075261e+00
3.151619684237150665e+00
3.209196319463668789e+00
3.274208144637210438e+00
3.225714944474354251e+00
3.161538443145101240e+00
3.134618598997562788e+00
3.070834136567146544e+00
3.061588405390695655e+00
2.987808366428176488e+00
2.944225099704271820e+00
2.983006295317361278e+00
2.996714757760502668e+00
3.046968764121992468e+00
3.106579095223052533e+00
3.141441051161042886e+00
3.090047517653512710e+00
3.045668705859455372e+00
3.030776860777694814e+00
3.030252209005423580e+00
3.096549194402660632e+00
3.059964234898914004e+00
3.087568274544600921e+00
3.056625232416392723e+00
2.988547847125528900e+00
3.029211449268561118e+00
3.029079213942846405e+00
3.048845585282069059e+00
2.995949484825393583e+00
2.994693081079010000e+00
3.057713547691431000e+00
3.084243553497172385e+00
3.099663589898316474e+00
3.086227061318596920e+00
3.135156870505913851e+00
3.203293660532766651e+00
3.153216821732995889e+00
3.174196463955518244e+00
3.183734721981636540e+00
3.162640137980913924e+00
3.132100806780308222e+00
3.154600599567788599e+00
3.158035618023135704e+00
3.180001444128877086e+00
3.137395987152688637e+00
3.131861578613926334e+00
3.080315292797839444e+00
3.061969055366125403e+00
3.089967402540922503e+00
3.170098922660518070e+00
3.138185532920811038e+00
3.118458933384191667e+00
3.116887675863146079e+00
3.164503354379635258e+00
3.199334366668401319e+00
3.183818842971302576e+00
3.132157334315704311e+00
3.121572354585391285e+00
3.132380807738169182e+00
3.118595159327070654e+00
3.132401123988719061e+00
3.155700495976960784e+00
3.153520841225802673e+00
3.134257275880003579e+00
3.111027671732300437e+00
3.146333011635837451e+00
3.138400853230286280e+00
3.181830743875724288e+00
3.160089455015334448e+00
3.216617724036659798e+00
3.198529738645615517e+00
3.214685293031239066e+00
3.164564310823418936e+00
3.148593665651191031e+00
3.126047153551588575e+00
3.134192169505411130e+00
3.158415214863581788e+00
3.135006653288860523e+00
3.121232528015192909e+00
3.087395352451220543e+00
3.106270622911126988e+00
3.126188510565338419e+00
3.149005183454041124e+00
3.143521383709745098e+00
3.177093329076698502e+00
3.079872117011328569e+00
3.090848877776405601e+00
3.027360669394491222e+00
3.028626671805780823e+00
3.062311756163500931e+00
3.069038040802456457e+00
3.092475523888538191e+00
3.075722640416660880e+00
3.102977914808370485e+00
3.051644347450062078e+00
3.049033341149394172e+00
3.098396110669900949e+00
3.134522756282330125e+00
3.169583234686470519e+00
3.131334317743522444e+00
3.079850897740675109e+00
3.065903674011187352e+00
3.062873858356163215e+00
3.043544146251581761e+00
3.078674629306556110e+00
3.084382067176624886e+00
3.124234556611382718e+00
3.123455113985373011e+00
3.125146961185286454e+00
3.089120484943904454e+00
3.163153020974574403e+00
3.126441820589649367e+00
3.165871547822483478e+00
3.160999856664280294e+00
3.199866097257852982e+00
3.179811875654956932e+00
3.072783165909153791e+00
3.074325987745325950e+00
3.072303014972978641e+00
3.156056052850714000e+00
3.151141805277926533e+00
3.134619309370304308e+00
3.134937690485111617e+00
3.124078202276860505e+00
3.204745595535781533e+00
3.282074829201011124e+00
3.285423046358331156e+00
3.281520444095647804e+00
3.259181901181828600e+00
3.239390127924323348e+00
3.217857492399726294e+00
3.199415467050900297e+00
3.187332033404704390e+00
3.220446895026513268e+00
3.252889376311490111e+00
3.244830505888040673e+00
3.294273477840739428e+00
3.314108296354216332e+00
3.343430611477579362e+00
3.264777224139094880e+00
3.279589346981388598e+00
3.412304534084586116e+00
3.394544879406750759e+00
3.403241887393345877e+00
3.320465243499480135e+00
3.311892709003225299e+00
3.188725451498189756e+00
3.144322607066367237e+00
3.152056347343114684e+00
3.095383605184851561e+00
3.021678806029331810e+00
3.013528268373714347e+00
2.999543476436789646e+00
3.052403163556794308e+00
3.072336873693343851e+00
3.055814549832956306e+00
3.015512072770209162e+00
2.979415304042816626e+00
2.950601398689912003e+00
2.946401367546413574e+00
2.934396388317447979e+00
2.874133123193718831e+00
2.846042866041486263e+00
2.833040183836575299e+00
2.843922984505488305e+00
2.801146625023944736e+00
2.788947854105872093e+00
2.788933338685519292e+00
2.773747207491887412e+00
2.778324356641189041e+00
2.782348352237148603e+00
2.876824133195471145e+00
2.943249457548242187e+00
2.914381427543002001e+00
2.944078257878565363e+00
3.043491504427216388e+00
3.026118816761363295e+00
3.049649865191770726e+00
3.059067867262049489e+00
3.045492540496498535e+00
3.066962406339176272e+00
3.094078392058387639e+00
3.132659723596693979e+00
3.075851414326867594e+00
3.095159932105232770e+00
3.079778317544981103e+00
3.083767614380384270e+00
3.139243396170906308e+00
3.104252543727278990e+00
3.134860761167173493e+00
3.169643365022806858e+00
3.184424454482956524e+00
3.226146847874056700e+00
3.208543760500103481e+00
3.278187184338426263e+00
3.210839162337397301e+00
3.186552240164914451e+00
3.155714068484075430e+00
3.153592895637428839e+00
3.140519006439451033e+00
3.097810834125850121e+00
3.144066292299028564e+00
3.138013495813821052e+00
3.109581301607791559e+00
3.122758754537068970e+00
3.074081249477751410e+00
3.106120716777752921e+00
3.136775691625393048e+00
3.243024110712088959e+00
3.186023038911012240e+00
3.177768400563289575e+00
3.236587201221770904e+00
3.208226833702980674e+00
3.234711527739045245e+00
3.234593653098151389e+00
3.210037573273587519e+00
3.203800964093022952e+00
3.135265075075942320e+00
3.163111911102308493e+00
3.114423842888210281e+00
3.189194915719449241e+00
3.184594217198211563e+00
3.151825179437381497e+00
3.181538268791565205e+00
3.195135560776699357e+00
3.201454064681899858e+00
3.178258826651881197e+00
3.139821183578682895e+00
3.182691555030598973e+00
3.153453200839406279e+00
3.172067819420175017e+00
3.168496845056141709e+00
3.157671994540972804e+00
3.129939765715380684e+00
3.144630619039263220e+00
3.115604343930021169e+00
3.110270797628774009e+00
3.078928796818451996e+00
3.084318653516073372e+00
3.060334164884205954e+00
3.124760414057941915e+00
3.060470037924542641e+00
3.005227282757347851e+00
3.000695597404663850e+00
3.014849570517427857e+00
3.030591335207101000e+00
3.029815445374450800e+00
3.065286519643712904e+00
3.015785232765689550e+00
3.040675610951943941e+00
3.001459917550154621e+00
2.993707165868777054e+00
2.977538691875032395e+00
2.942657806124417075e+00
2.965339325827784034e+00
2.976489843017371406e+00
2.976088303877413299e+00
2.955131186409613253e+00
2.910229150808111953e+00
2.922830043835764613e+00
3.000812945083052075e+00
2.996140528763359345e+00
3.035210479793417626e+00
3.036930861394013359e+00
3.023684237306525802e+00
2.990928737968430173e+00
3.047262462098331515e+00
3.188390024609754736e+00
3.220395375670844551e+00
3.195991546751661971e+00
3.109435026978022876e+00
3.153294840176326996e+00
3.118297599121130581e+00
3.144259720870642205e+00
3.158564668240117168e+00
3.228295160404260677e+00
3.154417124820563689e+00
3.223201535315970201e+00
3.187693214864339097e+00
3.181774684792090913e+00
3.228126648377047214e+00
3.191046630640865800e+00
3.197927835077725156e+00
3.218600701501086458e+00
3.246233425808692896e+00
3.187586633806790637e+00
3.194405793917755254e+00
3.178281231623584002e+00
3.164595374297741959e+00
3.200831354529075856e+00
3.244413184439729037e+00
3.233207912970236020e+00
3.136405382683352450e+00
3.110602994760343964e+00
3.139088264258101280e+00
3.229240928328600546e+00
3.238783190451660854e+00
3.208204549606366029e+00
3.256393261532362970e+00
3.226364846904341999e+00
3.185815929467864294e+00
3.278025109861452346e+00
3.233704662991915058e+00
3.295978431974205591e+00
3.264119090537279888e+00
3.206086902895944224e+00
3.209806066468202879e+00
3.246758923105824923e+00
3.275170244162727951e+00
3.231064572296613147e+00
3.297376139382590221e+00
3.311163803629526114e+00
3.331922432990182426e+00
3.252207935418067741e+00
3.260703197119515284e+00
3.197004538366643001e+00
3.213153193061340840e+00
3.287501404690456042e+00
3.235083945357818624e+00
3.261569393472526279e+00
3.238743965782278522e+00
3.212722958639594228e+00
3.289283740842316117e+00
3.234074692040864285e+00
3.237101525875502706e+00
3.215141611984499992e+00
3.230912017855831930e+00
3.279988035303763816e+00
3.239862225231407766e+00
3.274989271511647981e+00
3.269758134268146765e+00
3.315722672484630262e+00
3.284527464405732289e+00
3.255886511128118777e+00
3.257015371039096774e+00
3.215685689879400844e+00
3.206130966083547751e+00
3.163266464999673566e+00
3.259350168766646405e+00
3.241918507172897534e+00
3.215390458781021366e+00
3.232461963554873030e+00
3.170542509153519539e+00
3.222214752350744060e+00
3.206396827085072676e+00
3.210435969913401966e+00
3.226102908403317038e+00
3.187914508923909818e+00
3.239902268018244769e+00
3.222134866917092832e+00
3.234418395851838657e+00
3.189222772854683807e+00
3.171196633077703275e+00
3.244933935542752668e+00
3.225052627271102867e+00
3.233308342279863634e+00
3.146496109506067285e+00
3.163108149972095884e+00
3.204274582276452676e+00
3.221394383716738918e+00
3.235327272431375967e+00
3.227879615655352641e+00
3.257353210989892833e+00
3.248685782396153687e+00
3.247394246120974604e+00
3.285637596054215681e+00
3.243033506681432421e+00
3.293345012922951565e+00
3.290676981287951719e+00
3.230420485306535472e+00
3.212447382277815677e+00
3.223053621571392746e+00
3.225950693168039063e+00
3.137742046310123101e+00
3.158182267743992355e+00
3.169697048917903714e+00
3.211378862581372839e+00
3.143352173028962859e+00
3.114844090336143179e+00
3.106013633076627034e+00
3.133158728749938504e+00
3.113995176002370968e+00
3.110681403203400031e+00
3.044401883739346282e+00
3.052825749995690341e+00
3.054954504451172337e+00
3.081101409185545759e+00
3.079313643988800031e+00
3.026536221797427650e+00
3.006181223819464954e+00
2.980765905874580568e+00
3.009109033365128472e+00
2.998159300943511241e+00
2.999650374758086269e+00
3.045645780285518800e+00
3.072080331549015053e+00
3.074176672055071613e+00
2.998715979617771143e+00
3.051980763895918880e+00
3.040404283024688237e+00
3.045891146171011421e+00
3.051845467875359486e+00
3.121725457826681982e+00
3.109512324768855418e+00
3.082106699978471198e+00
3.053726672467671932e+00
3.099302823219415970e+00
3.073541913779346491e+00
3.130170289077133017e+00
3.111098977614735528e+00
3.111514983165515780e+00
3.068138459196435797e+00
3.042244193144668429e+00
3.112098012632160238e+00
3.096635315810799760e+00
3.116999277148055914e+00
3.073037772680418112e+00
3.080348926993470737e+00
3.098793436218000963e+00
3.086384917603487654e+00
3.079194762443973943e+00
3.098386985947735539e+00
3.118663106932458184e+00
3.120216687344773643e+00
3.103961440195339705e+00
3.106265218526133687e+00
3.054085891354169302e+00
3.085465233470375601e+00
3.068996226110657588e+00
3.101558123709263981e+00
3.112666805548815141e+00
3.136146874109188243e+00
3.141774995943849902e+00
3.100379907412904590e+00
3.081869561182112527e+00
3.037265126486584865e+00
3.037957524567585388e+00
2.977774838358640874e+00
2.959984265059223851e+00
2.956877874396626193e+00
2.963463276445100103e+00
3.020589768354981608e+00
2.960208014211360261e+00
2.919461525644879263e+00
2.940459953267984261e+00
2.946814121803694064e+00
2.921972824949327752e+00
3.004978396206110069e+00
3.026957244669860714e+00
3.001592730209732274e+00
2.984189319217299019e+00
2.983487843194270184e+00
2.985879127341016126e+00
3.003345940342879938e+00
3.016817036135308161e+00
3.014200811218139542e+00
3.021884282073198147e+00
3.034263521735919955e+00
3.061889544838248600e+00
3.093738028149041419e+00
3.140885227690813686e+00
3.170908079641883148e+00
3.285875675322630141e+00
3.237394216760953292e+00
3.227634139208458652e+00
3.264788840093908906e+00
3.210135656150465699e+00
3.234239805373877008e+00
3.214669070201750412e+00
3.202412005908414905e+00
3.199758262657995012e+00
3.199867914781797218e+00
3.182968541320905231e+00
3.148342872611243237e+00
3.191615784290814162e+00
3.211771218539280159e+00
3.219825739845095569e+00
3.174675928164550243e+00
3.185722401875156429e+00
3.127981357244446592e+00
3.131251674496156490e+00
3.149576988558815405e+00
3.170328566887142152e+00
3.142934179377848469e+00
3.155294632960706114e+00
3.161140049540160923e+00
3.126586102114818022e+00
3.145092484385456189e+00
3.188925757674474060e+00
3.272741997198777675e+00
3.241081860938792580e+00
3.202091609255585780e+00
3.223897483987744561e+00
3.245525375643447674e+00
3.237424854064078428e+00
3.226642370156540540e+00
3.259267178709693624e+00
3.256002088937063110e+00
3.229841353758769351e+00
3.217864738316725148e+00
3.181888617035737887e+00
3.224827098833338290e+00
3.216926942518334442e+00
3.175002091532156623e+00
3.228987995681875223e+00
3.252160392407038358e+00
3.232011124954720316e+00
3.209740841267432643e+00
3.268430783421524488e+00
3.246738648999736299e+00
3.179119782265991567e+00
3.190108423550400474e+00
3.134885410804042039e+00
3.170394803490810265e+00
3.083965335651555506e+00
3.077201351691734033e+00
3.110206464542093041e+00
3.134451818787082011e+00
3.157594167332116175e+00
3.135243175123533010e+00
3.111717183606689474e+00
3.073006049832032183e+00
3.080787017176939369e+00
3.149228303881888458e+00
3.141691173028724915e+00
3.164942394310651164e+00
3.153744184697542252e+00
3.145241933511653265e+00
3.135263635035288932e+00
3.140879077119295371e+00
3.129293964765637703e+00
2.966274358037250369e+00
2.928942620182644951e+00
2.912635786712394648e+00
2.922803566829184962e+00
3.007969672766040770e+00
2.970797390559545725e+00
3.019870574644909489e+00
3.002397846671632564e+00
2.981673791088481185e+00
2.942709144717267744e+00
2.930640465812566653e+00
2.892975086297679077e+00
2.895420331232778643e+00
2.913673238927058762e+00
2.904915966593576648e+00
2.891765531790193577e+00
2.885072371749704434e+00
2.880060420971037871e+00
2.893646790902684174e+00
2.884318692163899911e+00
2.887899495463721156e+00
2.882280512170997344e+00
2.934475143787292239e+00
2.926805437228504836e+00
2.958500262329627706e+00
3.083197714961690927e+00
3.131602155112678698e+00
3.146268045763729315e+00
3.145523880566285513e+00
3.076347576008752860e+00
3.158454315304658255e+00
3.066449753893017771e+00
3.024919908152177594e+00
3.106596287735174045e+00
3.173447270238043849e+00
3.162952215015537138e+00
3.168984197997476659e+00
3.189772998238725066e+00
3.190732886138915259e+00
3.207024816854539218e+00
3.251431514950167134e+00
3.276464489882744413e+00
3.223669186792160080e+00
3.195190229699159001e+00
3.220552509863976454e+00
3.221260506932765555e+00
3.191435217516286116e+00
3.160852329306706565e+00
3.100861085248054927e+00
3.034024432781505798e+00
3.094037300051930561e+00
3.093160806440767185e+00
3.026367169239632116e+00
3.030086936883664261e+00
3.019697976092366787e+00
2.955934252786496241e+00
2.997528192134721436e+00
3.013109432238742169e+00
2.991358582433163438e+00
2.980730911712146991e+00
2.951918605145174457e+00
2.983724642607819888e+00
2.998046030740236567e+00
2.959802166689132985e+00
2.971059132141523840e+00
2.887108673289563221e+00
2.846121100354873423e+00
2.882634814319000593e+00
2.906279977394449876e+00
2.768590228645438245e+00
2.763830610992851877e+00
2.768037132620568386e+00
2.760470949935730278e+00
2.807841841132732608e+00
2.797168703452227678e+00
2.696996197370365778e+00
2.670360987096536576e+00
2.631801653024556042e+00
2.616706918705626439e+00
2.647249177699265488e+00
2.682621914621279302e+00
2.676991855128779019e+00
2.674976203288400800e+00
2.633011895944449954e+00
2.617267081205180368e+00
2.664071200008464313e+00
2.661701642120580580e+00
2.632999762286623469e+00
2.688731026068818419e+00
2.684122037233828362e+00
2.698081190085226844e+00
2.663218192522913697e+00
2.656997908487249926e+00
2.661076582030577953e+00
2.807196821054772862e+00
2.777252552232196248e+00
2.810869326028428539e+00
2.814718397241822156e+00
2.818863098821156488e+00
2.869805016117215501e+00
2.937704501371622090e+00
2.946390109774172483e+00
3.000718823536810742e+00
3.001649301582122398e+00
3.027304916310335159e+00
3.019691933312475651e+00
3.025864074370627321e+00
3.028136274755487189e+00
3.051760019822883141e+00
3.091438994357257997e+00
3.079268106766214430e+00
3.052108509094769051e+00
3.038149886053011173e+00
3.005410444574545981e+00
2.992102968028878429e+00
2.989370878980278423e+00
2.999445984061949844e+00
3.003934958078141815e+00
3.001745462960750288e+00
2.956029006348641630e+00
2.968123591837662723e+00
2.964531182881857685e+00
2.963683653353680558e+00
2.879674450062609470e+00
2.851900960738057211e+00
2.878504561507880588e+00
2.936178869620399645e+00
2.959879645492930589e+00
2.933175666065308551e+00
2.913432530510946528e+00
2.915658682026539328e+00
2.921207550667537678e+00
2.911150024836496097e+00
2.862264771709595035e+00
2.775454595590057139e+00
2.785681408581270890e+00
2.778852258636574479e+00
2.801939684952284626e+00
2.809758459843888279e+00
2.846267246246053872e+00
2.858588456835128522e+00
2.944000893431688581e+00
2.949242858559189884e+00
2.912870628218901636e+00
2.907669593791411877e+00
2.902736578228475306e+00
2.933466367248067641e+00
2.914998732205372090e+00
2.984777595815792051e+00
2.999428763059739378e+00
2.970051871576450342e+00
2.919663968333311210e+00
2.943667661190260798e+00
2.932238154499679172e+00
2.929832387275051353e+00
2.923753849192078924e+00
2.919640194414813816e+00
2.939001097287210928e+00
3.005796733865901071e+00
3.052388486487744412e+00
3.071951959601761040e+00
3.096996719398664055e+00
3.039359237325063745e+00
3.053077123335857568e+00
3.033463423194452169e+00
3.067920732945717877e+00
3.038346692319228382e+00
2.996693575102496787e+00
3.029607269968071392e+00
3.011716037504184929e+00
3.045759384687948046e+00
3.036516684883369788e+00
3.076374968354514294e+00
3.074790910472973149e+00
3.077913185067757240e+00
3.101307976511882281e+00
3.126809912726104645e+00
3.056540699741165934e+00
3.098312893406513169e+00
3.133116038007306869e+00
3.084465156176294798e+00
3.128847980228708803e+00
3.119813517763171618e+00
3.121980023819645123e+00
3.036320782305001131e+00
3.065912951665980657e+00
3.099228459997107166e+00
3.161613919567387132e+00
3.077389147501329969e+00
3.060407640081913350e+00
3.056072674742891238e+00
3.052877093391312968e+00
3.108203128211434851e+00
3.052668969338600213e+00
3.048121764495817398e+00
3.063127749025868596e+00
3.067460573798610479e+00
3.074297001024201670e+00
3.117051651834648052e+00
3.116274117824948675e+00
3.087221139776910483e+00
3.057145900866069965e+00
3.098086967623511878e+00
3.072206680341342810e+00
3.028217499851085126e+00
3.106037402137614922e+00
3.076070214779362821e+00
3.122663850994398693e+00
3.111190981482503837e+00
3.248423551539403320e+00
3.172425683802596375e+00
3.136660877072877440e+00
3.119015645203004894e+00
3.161934663892146169e+00
3.150295553766437884e+00
3.156335197072812182e+00
3.163206268214620476e+00
3.060212568048865656e+00
3.107091064344063458e+00
3.179617037065863183e+00
3.078958052744151352e+00
3.058257491216807900e+00
2.970911090050365466e+00
2.937085459077775074e+00
2.918678318588535436e+00
2.919304083594900678e+00
2.952505135722613971e+00
2.971892132265808950e+00
3.003233089422038038e+00
2.984227252470845748e+00
2.950445546083632298e+00
2.971810641433430433e+00
2.959715768728248264e+00
2.946777448643574271e+00
2.914405625728361482e+00
2.896150859105312225e+00
2.876441548345935573e+00
2.874886153389302645e+00
2.887553790158635003e+00
2.908108398519035465e+00
2.851131382522645641e+00
2.855860782137702003e+00
2.914378165104879681e+00
2.945148682693968567e+00
2.929422929932139041e+00
3.003052263320205473e+00
3.005558528977914090e+00
3.092953571641646526e+00
3.090415355706226830e+00
3.086834893217008879e+00
3.090200270493236978e+00
3.102580497087537026e+00
3.039648957737289603e+00
3.030787692025112889e+00
3.059044211768184418e+00
3.093858519871022228e+00
3.087092272626458023e+00
3.033892925834758447e+00
3.075035135414219134e+00
3.070674280444551485e+00
3.106441407589982884e+00
3.150928752574811753e+00
3.109639208464138882e+00
3.127358886144148808e+00
3.116908326805272633e+00
3.209526842437692817e+00
3.109402439023432496e+00
3.091345810256992177e+00
3.077099229640853029e+00
3.002900561875650798e+00
2.960468778813022617e+00
2.955635508367373099e+00
2.937712680931413356e+00
2.934795974978846811e+00
2.910177453180537110e+00
2.932459946467105727e+00
2.925103879304784993e+00
2.953188755004561905e+00
2.975881137689657674e+00
2.957229941972223219e+00
2.918518849651059011e+00
2.930170131994711102e+00
2.961486665868512613e+00
2.938820622715405229e+00
2.955555751838629508e+00
2.963152369309022038e+00
2.940488213146152940e+00
2.918726193909136235e+00
2.935742543329504795e+00
2.945376148455839616e+00
2.892515988378109970e+00
2.996719423293316531e+00
3.052357163376894000e+00
3.035172297649229911e+00
3.102203856410798544e+00
3.129355051469698168e+00
3.130760063190738851e+00
3.131000445437244206e+00
3.144793533117581585e+00
3.218869948894003130e+00
3.172730743061779268e+00
3.169931161581974965e+00
3.186971733523860539e+00
3.200504395841751837e+00
3.250762705354274029e+00
3.263937289400658859e+00
3.248898662831026574e+00
3.238723488206279644e+00
3.272808114879268260e+00
3.170299771610677553e+00
3.178927013263338708e+00
3.195612064510292782e+00
3.274372726853844728e+00
3.206831467841878336e+00
3.188227670467189245e+00
3.228344936890983785e+00
3.260768577217161290e+00
3.232617405641829311e+00
3.207842041163824209e+00
3.166776611906561012e+00
3.154028133126198785e+00
3.181835170275062463e+00
3.233812213512889944e+00
3.218087058181064108e+00
3.226106072056328600e+00
3.256437602974343815e+00
3.271651365007844703e+00
3.205637410148039379e+00
3.168455136772668546e+00
3.178901572853455537e+00
3.158303349752402678e+00
3.175271851423877578e+00
3.206299937667852262e+00
3.177212526634697554e+00
3.247295013978083400e+00
3.235912652913660370e+00
3.232335329931443457e+00
3.221251384100292103e+00
3.208501932585710481e+00
3.221797665704148717e+00
3.192873866393093341e+00
3.189730919676383891e+00
3.169240699903702829e+00
3.224102180079273516e+00
3.304418738027101288e+00
3.291918807799280700e+00
3.297881559968185883e+00
3.252566528232560206e+00
3.286438276181225415e+00
3.258052321543856600e+00
3.266611052343857402e+00
3.192185777100429167e+00
3.285205398088026030e+00
3.302606497320653478e+00
3.321993450939302761e+00
3.323353981623518916e+00
3.297831143164657419e+00
3.298896193785409547e+00
3.324239154247162986e+00
3.302371864039974625e+00
3.331776629233267784e+00
3.280199540601524077e+00
3.285404037959370527e+00
3.353140671347430768e+00
3.318339595324401259e+00
3.346596989620311380e+00
3.244240588551464466e+00
3.264956740227257015e+00
3.254070896179459993e+00
3.226347055003945474e+00
3.252761865032687272e+00
3.241805515018504114e+00
3.239946194076281927e+00
3.235280210146134205e+00
3.271315208373287042e+00
3.283384906293297156e+00
3.357942211446469205e+00
3.328059142016819294e+00
3.308985710282341675e+00
3.211652881671291038e+00
3.252088039479845261e+00
3.231687065690799443e+00
3.216003448906190609e+00
3.186790942248900027e+00
3.203753164210835003e+00
3.209682921736485728e+00
3.221406600178042812e+00
3.147884618079815677e+00
3.134179432904247165e+00
3.180267164259621193e+00
3.152146298457880302e+00
3.187982110505023670e+00
3.213739911170514052e+00
3.217335395244729224e+00
3.220993061917105216e+00
3.225529230811847725e+00
3.153999920689986247e+00
3.162851346059332158e+00
3.179548161009468465e+00
3.184066286144143110e+00
3.174038350523562979e+00
3.148945586379272132e+00
3.135148006792333408e+00
3.132795650617993033e+00
3.150997708289764443e+00
3.101414445987381807e+00
3.113059659442990235e+00
3.122792744854839597e+00
3.148630888425851815e+00
3.100919301797526284e+00
3.080065559565588362e+00
3.085353878754596213e+00
3.123616145909757336e+00
3.155468142060593006e+00
3.162123178772890064e+00
3.132445506927146628e+00
3.150189970821360763e+00
3.133910714669694730e+00
3.110881648689979961e+00
3.090007811038222751e+00
3.108575173636097144e+00
3.182780979741056449e+00
3.196681318557249796e+00
3.177282942769981133e+00
3.092992581884946635e+00
3.097114516799198913e+00
3.063926497201842292e+00
3.117854753577014915e+00
3.122373560955698402e+00
3.165748911023595014e+00
3.155135802690481661e+00
3.144095941988353626e+00
3.141777188209786686e+00
3.133690935237009256e+00
3.195686446394197411e+00
3.182050403602928679e+00
3.201395716599298780e+00
3.268247718113456379e+00
3.220446725892308404e+00
3.196996185604106699e+00
3.197924904062000806e+00
3.186631390823859711e+00
3.192030584224678780e+00
3.177414539048286191e+00
3.202067714694690093e+00
3.210648209025054545e+00
3.160109234881679274e+00
3.125533643232421444e+00
3.083364364327530804e+00
3.114264254300460610e+00
3.075097829435599284e+00
3.093698226083446468e+00
3.101021867920041863e+00
3.127199853408316965e+00
3.074182148775590928e+00
3.126859307697201995e+00
3.164583803622456948e+00
3.115870088450447994e+00
3.139910595007603167e+00
3.120865871139292036e+00
3.092618187432123467e+00
3.076686238754284819e+00
3.059314484407337886e+00
3.126252580266368764e+00
3.116949738062491981e+00
3.131986239322893883e+00
3.134550813823375748e+00
3.083640255873957070e+00
3.115527974577706249e+00
3.123273290722283324e+00
3.092017413955032712e+00
3.155572595461294316e+00
3.225824192716368888e+00
3.246157456134737718e+00
3.248909059756265538e+00
3.273280875996773531e+00
3.299128916931718170e+00
3.305908188520749302e+00
3.302317627675738887e+00
3.284805016277537515e+00
3.244462888026145908e+00
3.237634498890046064e+00
3.245230487595838653e+00
3.235208867320801485e+00
3.261928732008234189e+00
3.262094694447229326e+00
3.297492390250292171e+00
3.256699886707762559e+00
3.249103819121895054e+00
3.251001385233613927e+00
3.204117634518343749e+00
3.145040739909120919e+00
3.135090280907089966e+00
3.108747131728215596e+00
3.056753978899004132e+00
3.056068228451647606e+00
2.969172517413482204e+00
2.923035714169120336e+00
2.931819295339208153e+00
2.901405923692408351e+00
2.898055016540888040e+00
2.863869745838231395e+00
2.855506615719472840e+00
2.848411299330141588e+00
2.918421453027963519e+00
2.882995309810839402e+00
2.886132677349245057e+00
2.915887347244347172e+00
2.926968716971271700e+00
2.917768325934260165e+00
2.866014009589569422e+00
2.797835908072410671e+00
2.852571821198151891e+00
2.807890672484953942e+00
2.751158259994421762e+00
2.798410419238916980e+00
2.850414637680408703e+00
2.893867431173633875e+00
2.913038077557002836e+00
2.948009489041113707e+00
2.952454017832734756e+00
3.026749851531777669e+00
3.041836872835226302e+00
3.102619670615981651e+00
3.122976634500244764e+00
3.150773820364716205e+00
3.175769407852740756e+00
3.160765923249264198e+00
3.160923786658672796e+00
3.167289516334944377e+00
3.230484025112932756e+00
3.230749718474373644e+00
3.231384583067383520e+00
3.231268869163362645e+00
3.217079700721146018e+00
3.333965777546791021e+00
3.355106909787758163e+00
3.285293925630186074e+00
3.318711264663330773e+00
3.396966596767174273e+00
3.303777796448422066e+00
3.305648568211725369e+00
3.249819537608109599e+00
3.235438594999058726e+00
3.224331532350794394e+00
3.209763823041376529e+00
3.221439805317467986e+00
3.195847928871927035e+00
3.112798830338082912e+00
3.161321134764096819e+00
3.162190588972267680e+00
3.191172396946971634e+00
3.185321322163959579e+00
3.130560148733600556e+00
3.093965852817122997e+00
3.077922817697988034e+00
3.065260314958206944e+00
3.070244234112971426e+00
3.016749223606616681e+00
3.041842907443879529e+00
3.071379053832269612e+00
3.110951075442689007e+00
3.119971985768447809e+00
3.090867227227349190e+00
3.093698404937757385e+00
3.262553534611976946e+00
3.231213341579732834e+00
3.309405000910162542e+00
3.326101315966411232e+00
3.396350677359214032e+00
3.416007202366163842e+00
3.369872595710376562e+00
3.402476106994271277e+00
3.411965196163257108e+00
3.374364051592905867e+00
3.371158932292117161e+00
3.327484208767043761e+00
3.297329888788088414e+00
3.275325821958528838e+00
3.264615120212759347e+00
3.316212510256268953e+00
3.297486932996791964e+00
3.288140795399245864e+00
3.273739742904698602e+00
3.220857029562065321e+00
3.190220804988161962e+00
3.158803780125703398e+00
3.148921360667424896e+00
3.173124885156219044e+00
3.196363027493778208e+00
3.068798140603565816e+00
3.090216127252736644e+00
3.070023960880327252e+00
3.130732777657897703e+00
3.070783199381625472e+00
3.072834357108771286e+00
3.074469089988638437e+00
3.049757897565315901e+00
3.076426551225694972e+00
3.115911106710753220e+00
3.096268550797813379e+00
3.129457761380007863e+00
3.150776656080432669e+00
3.154726798940392651e+00
3.205963765038189361e+00
3.196065873437032856e+00
3.193287604895950427e+00
3.177163371648466406e+00
3.200875954179150273e+00
3.254860754268055878e+00
3.282744219777423922e+00
3.299219372121260374e+00
3.308719398437142800e+00
3.247828829250211768e+00
3.223564407322311975e+00
3.210662792381973496e+00
3.229067784456198797e+00
3.223381943543560002e+00
3.138320406482236091e+00
3.147174998470232854e+00
3.154823792646530567e+00
3.151936396750401492e+00
3.189444485844514343e+00
3.177262444704868294e+00
3.169490362890482693e+00
3.124830411692567367e+00
3.098127262746904531e+00
3.092647476079208868e+00
3.149525928560637400e+00
3.052998993690254181e+00
2.985552209406802771e+00
2.982456916778573941e+00
2.984531475408034762e+00
2.994421762070119009e+00
2.987549198683615348e+00
2.956955563538004927e+00
2.964303611036714692e+00
2.967834899326950104e+00
2.984462368972049529e+00
2.984446801967543639e+00
3.010770217088569289e+00
3.006676197521183092e+00
3.003843460624638695e+00
2.968941033728652812e+00
2.974512393529874732e+00
2.954260933703401815e+00
2.893033253500837176e+00
2.883694715680465759e+00
2.809259810008012614e+00
2.837716831376877469e+00
2.883043917126473676e+00
2.849573661947910619e+00
2.874167669033878436e+00
2.854217292811858542e+00
2.954443911126699795e+00
2.913344242311667553e+00
2.946178014668478173e+00
2.938239780787071709e+00
2.973473463205733136e+00
2.960052567600740758e+00
2.969070790466911802e+00
2.979367615601271169e+00
2.985440055783572966e+00
3.038425433422806687e+00
3.048219674851326388e+00
3.145215346109849097e+00
3.165533921041996823e+00
3.188138671282830572e+00
3.243223433056316107e+00
3.225110226819278392e+00
3.253602554146973080e+00
3.335906303981979182e+00
3.328498129447605258e+00
3.435501082802326245e+00
3.331678880260891429e+00
3.262099024624947941e+00
3.299345685164195352e+00
3.264029505821865573e+00
3.268457252320006390e+00
3.253761200282195620e+00
3.333991769147914397e+00
3.330027617332966372e+00
3.310924557035479943e+00
3.258525682697567927e+00
3.251021756526844886e+00
3.271325785568049316e+00
3.276811028056336728e+00
3.257030921434652448e+00
3.205983468001601278e+00
3.173122369910835516e+00
3.107697312930129296e+00
3.092129315617325069e+00
3.072576579942795760e+00
3.081469714284384764e+00
3.137525973249032152e+00
3.117113335209523495e+00
3.143975737634540302e+00
3.081035032653148154e+00
3.033293567423535730e+00
3.032848469875133013e+00
3.117372718809767740e+00
3.079229794499982020e+00
3.077265477359198531e+00
3.120282995572214446e+00
3.063778863421979803e+00
3.125183669466722325e+00
3.087478871264407676e+00
3.092495883117617694e+00
3.092381091718786834e+00
3.115253647782451729e+00
3.087121717090009376e+00
3.045688265819215701e+00
3.021332506883225300e+00
3.032109682541308526e+00
3.022767941241956358e+00
3.008859158838508741e+00
3.042973382899733181e+00
3.050371452944916850e+00
3.060238644765866489e+00
2.985098897507958871e+00
2.953160254496175696e+00
2.896047516401256683e+00
2.907180940798362645e+00
2.919277395650826001e+00
2.935721874772284856e+00
2.915087882418788912e+00
2.964347648316967732e+00
2.982022979831332687e+00
2.895587434376000413e+00
2.906665703106977361e+00
2.876296778541291399e+00
2.868695220934254220e+00
2.873625817702819329e+00
2.886298332907471398e+00
2.847433766186677317e+00
2.766450196140925133e+00
2.787299591641684504e+00
2.838953472724106142e+00
2.830118596176527834e+00
2.881996415366268938e+00
2.912828457687829165e+00
2.849731085529438879e+00
2.829135575205429021e+00
2.805175042282546105e+00
2.731242603430433125e+00
2.782908368964309709e+00
2.739871146860215489e+00
2.808073104408671306e+00
2.825045316317742472e+00
2.822286487125457821e+00
2.850868011758643572e+00
2.821868347346550898e+00
2.862629546344022557e+00
2.903093513711306084e+00
2.878508800570558357e+00
2.825415730363439071e+00
2.756306641017216563e+00
2.753331876166642544e+00
2.773743147337507597e+00
2.784453354870066732e+00
2.886394265361998723e+00
2.846708135673167384e+00
2.842723883835022392e+00
2.877153135150178009e+00
2.868888278364629230e+00
2.890960898087650666e+00
2.894206843943710528e+00
2.856825937861594333e+00
2.844936218624657176e+00
2.800319705806053161e+00
2.755683981703251906e+00
2.807045341942041361e+00
2.780744875157458829e+00
2.778845469709892768e+00
2.812767809297735067e+00
2.765539802948850490e+00
2.789754458726966035e+00
2.708370468413690446e+00
2.746587557855332928e+00
2.731672556828614429e+00
2.795380575297910841e+00
2.836386036419115797e+00
2.881926889234674327e+00
2.833765516120202665e+00
2.870272960816220298e+00
2.865192930824461914e+00
2.896872645956685144e+00
2.890926846292460439e+00
2.897607790343340817e+00
2.897532501810244465e+00
2.879004351927990868e+00
2.903570881756931676e+00
2.991890345264511808e+00
3.024289884178076093e+00
3.236286254417125363e+00
3.264688270958723493e+00
3.213888453551072111e+00
3.183520626630377937e+00
3.226785533667447137e+00
3.171111780718086415e+00
3.204276044352741160e+00
3.207863369794552444e+00
3.232487568915522580e+00
3.204520558001378472e+00
3.241774467525385450e+00
3.212587464566092343e+00
3.247025828463801389e+00
3.181523804801643873e+00
3.244469884150726458e+00
3.223056760841301216e+00
3.166438772257397449e+00
3.219263470716057896e+00
3.218953910355933701e+00
3.177636701450184731e+00
3.168930864095214517e+00
3.157695322970728302e+00
3.133399472766308147e+00
3.015895457538916080e+00
3.024207070531705011e+00
3.008704954726333369e+00
2.990246965386090139e+00
3.100059568502765650e+00
3.054215235346002366e+00
3.040620496596451172e+00
3.127096715755480538e+00
3.133120805084262273e+00
3.142600459088508824e+00
3.182669474176004432e+00
3.170787450592421397e+00
3.227993740919503640e+00
3.279271533672575067e+00
3.321181291410189917e+00
3.408681490747208276e+00
3.326698538192059296e+00
3.313716895001333373e+00
3.363807548282822690e+00
3.332027147943726231e+00
3.315253773199166698e+00
3.261579437559309014e+00
3.242678280282624392e+00
3.236984628788924123e+00
3.281315359162095824e+00
3.378987231280511594e+00
3.378126580692010883e+00
3.327902994413940885e+00
3.319855760727633331e+00
3.294221817489126458e+00
3.320835648335636492e+00
3.229759958490348470e+00
3.160545464045994901e+00
3.149529649422450728e+00
3.105652989671881414e+00
3.098508160982178961e+00
3.068239836960261258e+00
3.003738783430675685e+00
2.979920596207669803e+00
2.971026859619712468e+00
2.911469941782181881e+00
2.929632105343364046e+00
2.993259501207568896e+00
2.945946759949418237e+00
2.909177581579749816e+00
2.911486098200599670e+00
2.976067037295385020e+00
2.969628444526770661e+00
2.980687503061254962e+00
2.952009687305087837e+00
2.954356894906541076e+00
2.979524672560847964e+00
3.008447010217489836e+00
3.061373411169969749e+00
3.050654858672998238e+00
3.069350092256354579e+00
3.171296211530739040e+00
3.175110342136199915e+00
3.154690069711600930e+00
3.177960619766685202e+00
3.124392503212711336e+00
3.176175550339806364e+00
3.166028313172130737e+00
3.116871464614022091e+00
3.096955621022224214e+00
3.132010507082079176e+00
3.144785371780006056e+00
3.075595773639226316e+00
3.136427709045276124e+00
3.172553300383934349e+00
3.157114260018119900e+00
3.140492150603231281e+00
3.157599427638133616e+00
3.153617632537314641e+00
3.152639686616269366e+00
3.189605534992729474e+00
3.066056189120095254e+00
3.066587241345402060e+00
3.045723911748225987e+00
3.050588513815654768e+00
3.086906103247535782e+00
3.069032416124311435e+00
3.063196387296488687e+00
3.080280802523335915e+00
3.110703065454545335e+00
3.131655477165797397e+00
3.150598073006936062e+00
3.200133738162920238e+00
3.163441540404354768e+00
3.195249535288791076e+00
3.150413356756736061e+00
3.122553545443973455e+00
3.146493808353470811e+00
3.081691793016079650e+00
3.045311062005687130e+00
3.046949053575187971e+00
3.045244942182267156e+00
3.058501110354688191e+00
3.069546306808644154e+00
3.078546847186963031e+00
2.955126533244725184e+00
3.056967703842785600e+00
3.022345925322336591e+00
3.035801810674099155e+00
3.043536554936815630e+00
3.037678045797536086e+00
3.075964408774223280e+00
3.081886788158991308e+00
3.095175512635174098e+00
3.012903330763676113e+00
3.036082579719534102e+00
3.009680867731095333e+00
2.985328837708062011e+00
3.040687805952266398e+00
3.017445993532564597e+00
3.065906892228706493e+00
3.097781266995357718e+00
3.093158639939804555e+00
3.122735730253981323e+00
3.119094933924902779e+00
3.140589094768818423e+00
3.129859860668342542e+00
3.096378373899629999e+00
3.028156596146473589e+00
3.044474669948885381e+00
3.151574669701367792e+00
3.085897355255101004e+00
3.096590197912601816e+00
3.070064551114369156e+00
3.040815538823187669e+00
2.985766545182726883e+00
2.956487253596383091e+00
2.953706986529185841e+00
2.899128413343419641e+00
2.960789491231910819e+00
2.936624812068580948e+00
2.951736898454044855e+00
2.935069098600938453e+00
2.953447486025796209e+00
2.946267472017041200e+00
2.939226375786904821e+00
2.908802489860024654e+00
2.838553987371896792e+00
2.831061638305373940e+00
2.832676105455689708e+00
2.833550706505153283e+00
2.864434543010443868e+00
2.852643482094263216e+00
2.955223063105206993e+00
2.924746845203204604e+00
2.932196424665201029e+00
3.007229856699048298e+00
2.939926115849858856e+00
2.977648279258657382e+00
2.989163968919045011e+00
3.049846285464655526e+00
3.046488012084122676e+00
3.050751763076888778e+00
3.109506809495830026e+00
3.028676551368504999e+00
3.057420969617314022e+00
3.025862566569581968e+00
3.061705840304026260e+00
3.063200618223747895e+00
3.129211423988881524e+00
3.067840715965268750e+00
3.103615468235561003e+00
3.188595117192760231e+00
3.206143925175482412e+00
3.224201877212969691e+00
3.241688486048589724e+00
3.217272700175621836e+00
3.228227835055784922e+00
3.180109038340131367e+00
3.169250409122182255e+00
3.176120657666478220e+00
3.103305866182729744e+00
3.184251964099652721e+00
3.068515185844936877e+00
3.064817384665281530e+00
3.067440024579222158e+00
3.014791200949076266e+00
3.047184654845992213e+00
3.017758132665147031e+00
3.057667075413982971e+00
3.078747588351222753e+00
3.097606475462167275e+00
3.065789542427448833e+00
3.072192278338001792e+00
3.007192866761695615e+00
3.031203031018256500e+00
3.048776791538136521e+00
3.005418192268113131e+00
2.996619790651577908e+00
2.998395541156269051e+00
2.988914008759227858e+00
2.935761684514051506e+00
2.989782645034255282e+00
3.009190574774427418e+00
3.026373918725719037e+00
2.982004680890621540e+00
3.006232362159251270e+00
3.023364239304786150e+00
3.115320976765300287e+00
3.134892041015430841e+00
3.102908922420757332e+00
3.154144837588386263e+00
3.130621029004403422e+00
3.085694827695005138e+00
3.135532738754858162e+00
3.046365685894169673e+00
3.053718595307516548e+00
3.045730798516378179e+00
3.092858262216788390e+00
3.119644492862787555e+00
3.031866334313520817e+00
3.011360965617783325e+00
3.046838395435618185e+00
3.087475699001229312e+00
3.071867151669132934e+00
3.080136063750643860e+00
3.153514033358083335e+00
3.087436950156305926e+00
3.061113657547584577e+00
3.063395173438506536e+00
3.093638042042312630e+00
3.038686259992045446e+00
2.993111901942674180e+00
2.963300356431176397e+00
2.934590992657699182e+00
2.896068166683370304e+00
2.909430999411884322e+00
2.914112935021366813e+00
3.022542972828765162e+00
3.024883276625192963e+00
3.115587727826375275e+00
3.082751939274121611e+00
3.054316809104038022e+00
2.943340650592215280e+00
2.912470177234342206e+00
3.015964006653048646e+00
3.015019793161071604e+00
3.017746161561548401e+00
3.017341597311759660e+00
3.070479881461002591e+00
3.067694453916276487e+00
3.054638468744840907e+00
3.085252314438955867e+00
3.029444949301812517e+00
3.048369471338928882e+00
2.999300372614254417e+00
3.005086973499660807e+00
3.039935741479875997e+00
3.040546380278158267e+00
3.035463048437595734e+00
3.042939481956507208e+00
3.000374768108423851e+00
2.979088334751273770e+00
2.857041376578389968e+00
2.851504982919756959e+00
2.793530402266302115e+00
2.839145753827035712e+00
2.855002577489507587e+00
2.942033862075579709e+00
2.975506055425331642e+00
2.979144007540116768e+00
2.981963366709316610e+00
2.959547055957883366e+00
2.939154384300612932e+00
2.855936217640943742e+00
2.859206411887538657e+00
2.823968043287258478e+00
2.835511131653529304e+00
2.907480047805049761e+00
2.907867559415359793e+00
2.935542608964803790e+00
3.012054857516921480e+00
2.956346276613477819e+00
2.952350951523272649e+00
2.974585994800067912e+00
2.992412734339989999e+00
2.992940022032005931e+00
2.973941040917380541e+00
3.034263226308674177e+00
3.010571832421534033e+00
3.030325852364441630e+00
3.011726630968742491e+00
3.017404526966877665e+00
2.991524747616169488e+00
2.910662647774664880e+00
2.947646003550233651e+00
2.900208317058558194e+00
2.930476295006941179e+00
2.888408365569263392e+00
2.982422031829965015e+00
2.961224952464199145e+00
2.986928795768529543e+00
3.003591194293133260e+00
3.007651636631353043e+00
3.001688653454763767e+00
3.024986297600396057e+00
2.993236619473868210e+00
3.044171178810612499e+00
3.050143134536139389e+00
3.067801394543663740e+00
3.055960583141645426e+00
3.072519080324187080e+00
3.120991167893328644e+00
3.156547160247242356e+00
3.129015908591845196e+00
3.084497877008074873e+00
3.100846414508822591e+00
3.121927942040916726e+00
3.122909651954971721e+00
3.185085386431708354e+00
3.040486625574234658e+00
3.084585638939181695e+00
3.070940052328285041e+00
3.119917338873994694e+00
3.071679490725705897e+00
3.069163409773018270e+00
3.091430295629945313e+00
3.052216179888144865e+00
3.070295546031982070e+00
3.069276177167966413e+00
3.031461668925203412e+00
3.101773584881438062e+00
3.095317526339723013e+00
3.155510042438673501e+00
3.131659298928550772e+00
3.194753952294409061e+00
3.235887601975191430e+00
3.203652941239659935e+00
3.231832464995990417e+00
3.282327575851553547e+00
3.369493608563300047e+00
3.331307997605851057e+00
3.351102333158883617e+00
3.326467933152057466e+00
3.385159181501686820e+00
3.480346696692431241e+00
3.462448233347696025e+00
3.433105839167161832e+00
3.425293468239579919e+00
3.480381958113634600e+00
3.423294067546337693e+00
3.463609558562653401e+00
3.533118195020011676e+00
3.461812260611069725e+00
3.484824841063896450e+00
3.455304496298746919e+00
3.417960048324228506e+00
3.439465056901521489e+00
3.373331668517883131e+00
3.382155480916374746e+00
3.339382980721982808e+00
3.351189631980510786e+00
3.365739248632196645e+00
3.380095882996579260e+00
3.340171256090399776e+00
3.275521038356233205e+00
3.277746902605839452e+00
3.276311036275259436e+00
3.276501775097685254e+00
3.209921438142538275e+00
3.237342673466090837e+00
3.257808750504016082e+00
3.287860900809978393e+00
3.245203036967451826e+00
3.191109533412082033e+00
3.174935924947620780e+00
3.157925481577139593e+00
3.104631462474088721e+00
3.056764588792406645e+00
3.007929641805750620e+00
3.045148283227830710e+00
3.039738443941211621e+00
3.008235056393914864e+00
2.950584566814685061e+00
2.862396356135973541e+00
2.889001911759287111e+00
2.800411362322566600e+00
2.785291236104866286e+00
2.702359420813674529e+00
2.722531944844955643e+00
2.759966492746666056e+00
2.755890071633408933e+00
2.769865090399915353e+00
2.774372715123380573e+00
2.823131783788649596e+00
2.819852304218806616e+00
2.806675506314415980e+00
2.803589102662416455e+00
2.837483452641842430e+00
2.838102918309441947e+00
2.891033214126490947e+00
2.869122834733027982e+00
2.833785500297718141e+00
2.902925130203810156e+00
2.949427016755915787e+00
2.960224433825481505e+00
2.892130536104916327e+00
2.847653034825495144e+00
2.916496301563828553e+00
2.959487822731498685e+00
2.974086988670308518e+00
3.021057449623040014e+00
3.047114009502563281e+00
3.008578056215280405e+00
2.973910510684909081e+00
2.949186916948535853e+00
2.909943832797851737e+00
2.874965277185284940e+00
2.886506660656787737e+00
2.855718429784270818e+00
2.861586400211173498e+00
2.896993866990432487e+00
2.883033505553456610e+00
2.840624598701430692e+00
2.748800511305812488e+00
2.780709278513957550e+00
2.782076109829063171e+00
2.842909421856540053e+00
2.833039376372171958e+00
2.818933697388341209e+00
2.848684311925456125e+00
2.909371420487519178e+00
2.951258843501245455e+00
2.963946350706810673e+00
2.990613642328752153e+00
2.921190087025985704e+00
2.947968728333159483e+00
2.909589496981618062e+00
2.991327546416218564e+00
2.995451616886346535e+00
2.963543886873681643e+00
2.961577877516738067e+00
2.983779232592620900e+00
2.990790641087919255e+00
3.036393107012506309e+00
3.031965554103592364e+00
2.933071086277364792e+00
2.927915993929238514e+00
2.950167451409900998e+00
3.030618402644692733e+00
2.995351011421119480e+00
2.962698071741481698e+00
2.941871771370946576e+00
2.895313872625481455e+00
2.925887458775544125e+00
2.903686011781964282e+00
2.842159082807057757e+00
2.884333389032954109e+00
2.850424861811520216e+00
2.854103831638467259e+00
2.911259708005926594e+00
2.892305554065842443e+00
2.930749620368801711e+00
2.879790860973330702e+00
2.915335904112705823e+00
2.967448246314862814e+00
3.044637565195181139e+00
3.046822060666135368e+00
3.008801572081319708e+00
2.976452905873731236e+00
2.976094341038237889e+00
3.095128974027883118e+00
3.104858590168480426e+00
3.035095992944073728e+00
3.027952785045426864e+00
3.064110624324249965e+00
3.075562127623689967e+00
2.976818107957688753e+00
3.055428100791324653e+00
3.003196319590870633e+00
2.973072387811750428e+00
3.035553877573635706e+00
2.996393574755675360e+00
3.063596462156810585e+00
3.054654988642671931e+00
3.026056572106292197e+00
2.973643246839228205e+00
2.999027229194080046e+00
3.036612888786230258e+00
2.969659124148404938e+00
2.954098800604969988e+00
2.963591606672384859e+00
2.942448740540545060e+00
2.998134686452488928e+00
3.003475587589169216e+00
2.966758606111061791e+00
2.954382882205252248e+00
2.971222453956253506e+00
3.095950936248662355e+00
3.094502906758664462e+00
3.078795981014733840e+00
3.119241360429817256e+00
3.272954759915101430e+00
3.223963515617166653e+00
3.141583192578194073e+00
3.199118336896317860e+00
3.150692319852945289e+00
3.156511824062570248e+00
3.099835353376872771e+00
3.096536040671902246e+00
3.135489938800235077e+00
3.188995728395620954e+00
3.158491992947639382e+00
3.169655398321235218e+00
3.219692013687359022e+00
3.205754670523957017e+00
3.170684230264769976e+00
3.136919310630984281e+00
3.102173399791025687e+00
3.091187509753861917e+00
3.098727403325174823e+00
3.068399206109184707e+00
3.043780954542211425e+00
2.959184576165832858e+00
2.968498081619543871e+00
2.961501344806558578e+00
2.954576975511696180e+00
2.889496580230094036e+00
2.880734559013541585e+00
2.923462641775580462e+00
2.904506443626696299e+00
2.941604381477038288e+00
2.958230828939508505e+00
2.964577800223078263e+00
2.989039063262789231e+00
2.947103030685823910e+00
2.905239311567745730e+00
2.847758654854759541e+00
2.850413847799369460e+00
2.809902468773145312e+00
2.831387650419297852e+00
2.800628014254421760e+00
2.852047737441905539e+00
2.866493313997782177e+00
2.858681477806588322e+00
2.852103830550313024e+00
2.840913955020869075e+00
2.846997537943305900e+00
2.896843240718093959e+00
2.881220124091772306e+00
2.855088753733206364e+00
2.848998077858629685e+00
2.847959165272123894e+00
2.852298536746987079e+00
2.889955058723780557e+00
2.857261541590356835e+00
2.830326651967256968e+00
2.829655304495338974e+00
2.827254499836091561e+00
2.803478988646896042e+00
2.830796600731812607e+00
2.865335446551612097e+00
2.916154847979001818e+00
2.921615597681971099e+00
2.895118595048431054e+00
2.872315162432418578e+00
2.887728783392904841e+00
2.842809384443255816e+00
2.808262128811439773e+00
2.792821289539375584e+00
2.789209052748327977e+00
2.772490717522003045e+00
2.793140012523002813e+00
2.772698110832862994e+00
2.811405030420817575e+00
2.774892400478835786e+00
2.746467166669482651e+00
2.787854137531217358e+00
2.813478354019134819e+00
2.844520237668669349e+00
2.856648087406486791e+00
2.845426811408041434e+00
2.855221880357820208e+00
2.854081474028951959e+00
2.902639885507137585e+00
2.897804760095681775e+00
2.892833833736254245e+00
2.892376150669486279e+00
2.836897928680610637e+00
2.857301597940809845e+00
2.856019649267226956e+00
2.824666874655359816e+00
2.890714165161349047e+00
2.904981751480764984e+00
2.919106113991148721e+00
2.928543224599079231e+00
2.949372629062150697e+00
2.925362102882255400e+00
2.963572716095590476e+00
2.928451388736128980e+00
3.014291338187799152e+00
3.046787678221240192e+00
3.040305484184167906e+00
3.003102395370552902e+00
2.978265901542764826e+00
2.999140377853325212e+00
3.060845491595143741e+00
3.074875210167387074e+00
3.107356910303657127e+00
3.021881361287641621e+00
3.022560713491674989e+00
2.969353463950067162e+00
2.991901323587283112e+00
3.067618218855068690e+00
3.160701696905776181e+00
3.165518385784735766e+00
3.231298562353830395e+00
3.225716139538019611e+00
3.250590774258998117e+00
3.226620648405796654e+00
3.207410116574684888e+00
3.244029067764974794e+00
3.246397056432949402e+00
3.244129769028093691e+00
3.286706184975799694e+00
3.306790209647012091e+00
3.313639543709312907e+00
3.301953583425611516e+00
3.345486057920607603e+00
3.358066657025570834e+00
3.392461093511206283e+00
3.336443174653825672e+00
3.344357327244595002e+00
3.325816120418102706e+00
3.386482866275329684e+00
3.372263993964001560e+00
3.419932551001172438e+00
3.429155378370408958e+00
3.427617998732269911e+00
3.394134533685555510e+00
3.310126347037591010e+00
3.321681246456185566e+00
3.282524335611008315e+00
3.193955822250522658e+00
3.198689567989268401e+00
3.194394894465799162e+00
3.176068193347730162e+00
3.188727120558657369e+00
3.204335348064497602e+00
3.180529429826292720e+00
3.112763091015724459e+00
3.115681085677457940e+00
3.105461314183469490e+00
3.123440870942611802e+00
3.123520236162201424e+00
3.083845233108105433e+00
3.064993530185112114e+00
3.000893852689924479e+00
3.028886950107371412e+00
2.971895935371251518e+00
2.973655759680156496e+00
2.988159014087098164e+00
3.009044032700476379e+00
2.930306642481272927e+00
2.969503172885685327e+00
3.071623467442001765e+00
3.042847946436238793e+00
3.061607349775570253e+00
3.055017046669633363e+00
3.098727783730310215e+00
3.159827031771248240e+00
3.148796334986743606e+00
3.167649161884372511e+00
3.082904633644687031e+00
3.141426017066632603e+00
3.164780264346377603e+00
3.188458041732476822e+00
3.180252236722027614e+00
3.106294898764685897e+00
3.128220980253524797e+00
3.111626333065256489e+00
3.199473884321901718e+00
3.209984368990974168e+00
3.197348415333847615e+00
3.209532810055657492e+00
3.170172462689712756e+00
3.117717826402856662e+00
3.005434603680841033e+00
3.062554870624571102e+00
3.023895928965307789e+00
2.997427847818970648e+00
3.041806202444957030e+00
2.992623504443737037e+00
3.082430951417253873e+00
3.080620619407784755e+00
3.067446622844882231e+00
3.087345184084295369e+00
3.075440169117986233e+00
3.128817923396999934e+00
3.081716218236184801e+00
3.123234023657985858e+00
3.053639092368494623e+00
3.038760714249371553e+00
3.039291548936696064e+00
2.939038194208858368e+00
2.959707244906040646e+00
2.930865233771279499e+00
2.952411647709023867e+00
2.961969634762139592e+00
2.997966666099280975e+00
3.016125009024934744e+00
3.060700442741325578e+00
3.064948414542115529e+00
3.086103316066448610e+00
3.039667549416350756e+00
3.062627459524792872e+00
2.998451682572608856e+00
3.023384557293749886e+00
2.998099674022601135e+00
2.975704384115748891e+00
2.985266178359690770e+00
2.949781440190427872e+00
2.969070742762932369e+00
2.948703752327448857e+00
2.999586098339695805e+00
2.950922749103336962e+00
2.975311919944264805e+00
2.986193573343756125e+00
3.038255057347224231e+00
3.161173790846716791e+00
3.163926618877170416e+00
3.145438205840300760e+00
3.186607944496353984e+00
3.158846284476187094e+00
3.169822118483990980e+00
3.219664113686820706e+00
3.260914189609565028e+00
3.302604402163067832e+00
3.226931169125982102e+00
3.309383213548174663e+00
3.255306997947413628e+00
3.295919625541636311e+00
3.312779726231296351e+00
3.321362023901080374e+00
3.320202244024497595e+00
3.342184626702708439e+00
3.384604448521240538e+00
3.349904830255530541e+00
3.351341583628447029e+00
3.282446085110208411e+00
3.286233691384396582e+00
3.350323743262602516e+00
3.385321655970281896e+00
3.393731752021197146e+00
3.295289271302110468e+00
3.283798439583182738e+00
3.315525049133336566e+00
3.283178118245170030e+00
3.316147049654489365e+00
3.312330528501674198e+00
3.248382553938109485e+00
3.210297564564621009e+00
3.229298670288686779e+00
3.319204622744363675e+00
3.288503915054845628e+00
3.330788950608717602e+00
3.301130464658759589e+00
3.273341852897587501e+00
3.256198482631239788e+00
3.279527552446526606e+00
3.206865833402213983e+00
3.234570005841716167e+00
3.235560226492817826e+00
3.303027794005669815e+00
3.356813191117243189e+00
3.348664716319590173e+00
3.321428552927406574e+00
3.310824637238593215e+00
3.281970743900735066e+00
3.314609166362139536e+00
3.226965719578304359e+00
3.132216269468658609e+00
3.154573628525854545e+00
3.098678122755564424e+00
3.131719239040113845e+00
3.170481813619163702e+00
3.216436675927274447e+00
3.247861238279903695e+00
3.197623439806401180e+00
3.194961535401310115e+00
3.136097576797728159e+00
3.172049346720331453e+00
3.154228167201764244e+00
3.197053152737828974e+00
3.164906377049445219e+00
3.207575750757947652e+00
3.117835693192115176e+00
3.147694418708522068e+00
3.082643758489798547e+00
3.105536496744957020e+00
3.116022149426839860e+00
3.138674748820364346e+00
3.144383203933856397e+00
3.158375410834314945e+00
3.189670678135932746e+00
3.305761387675650642e+00
3.401486464672157872e+00
3.328525675730725553e+00
3.340804617956679046e+00
3.372915639926690634e+00
3.387423363177478830e+00
3.349250111465765123e+00
3.383075108476839343e+00
3.421598636362904511e+00
3.390135465041782759e+00
3.490301964778090849e+00
3.428479475299498702e+00
3.512794471551705211e+00
3.510016814207444380e+00
3.474080441525797092e+00
3.465708512733004287e+00
3.526636840102639781e+00
3.519472172630192741e+00
3.514229983353683195e+00
3.502771332795948656e+00
3.449563562046809917e+00
3.452017950175846561e+00
3.483974753549879289e+00
3.444760549191207222e+00
3.433515978528863144e+00
3.379055715587014674e+00
3.400294787625536053e+00
3.446735200051026737e+00
3.390151301275889040e+00
3.344044303102968296e+00
3.341871130688699676e+00
3.303634714054682231e+00
3.197311578100060281e+00
3.194759740433438466e+00
3.225834714009252924e+00
3.160204846782948884e+00
3.221478150534693441e+00
3.181989358453434669e+00
3.137762500966237766e+00
3.165893910802408229e+00
3.166601991694224516e+00
3.162572291487918186e+00
3.118543764245290006e+00
3.130196295324891409e+00
3.116907831436368959e+00
3.106375110009405471e+00
3.011887902471316547e+00
3.029986112601190218e+00
3.083569198160036162e+00
3.118625384071030737e+00
3.133923593241131123e+00
3.127913356829462810e+00
3.049089802041713870e+00
3.094813384526249322e+00
3.025122215736091746e+00
2.978179779262697391e+00
3.012742112060290633e+00
3.092463947604208840e+00
2.998738110168893911e+00
2.999903542795887113e+00
2.988172455882387890e+00
2.917939844929603677e+00
2.899946136977907152e+00
2.865574428881000113e+00
2.853938743298897851e+00
2.877350038442468172e+00
2.875185621712660122e+00
2.871053633771199820e+00
2.907967310114922377e+00
2.810631166125273861e+00
2.887767669789618186e+00
2.905533828979196542e+00
2.849232404840836619e+00
2.831705408303513138e+00
2.778853033298995356e+00
2.777262797083018153e+00
2.771312140349682984e+00
2.834995514799410365e+00
2.854297839736554820e+00
2.912604381370039075e+00
2.971603116188177296e+00
2.980267867409482907e+00
2.925521586961190579e+00
2.962487293268892152e+00
2.946436293924720395e+00
2.963081430140484862e+00
2.993926940217824573e+00
2.980584148275495782e+00
3.022526307355956732e+00
3.005889034943737492e+00
3.003776515535296010e+00
2.967932321801808104e+00
2.955806119936320808e+00
2.922165073389278778e+00
3.032763438006460976e+00
2.958056554652114922e+00
2.937950606710839629e+00
2.944757809264893833e+00
2.960719360394568955e+00
2.992774086278947809e+00
3.046897993261601378e+00
3.026414395234086285e+00
3.019129913075028426e+00
3.027295184986225518e+00
3.008224406388026573e+00
2.985086850777367129e+00
2.988493263116698717e+00
3.006255128571444057e+00
3.049090047544119830e+00
3.018894036653945623e+00
3.048611068820319847e+00
3.062521771855748032e+00
3.126971408959205778e+00
3.099863069927379033e+00
3.109650558497288664e+00
3.083259189399995659e+00
3.095110876309698167e+00
3.137834986674741700e+00
3.177623407949043521e+00
3.121281358694400598e+00
3.188786436388705958e+00
3.239344276780198761e+00
3.251726962901245521e+00
3.221147818871784807e+00
3.220828267038320369e+00
3.174862204393651410e+00
3.056991522947713591e+00
3.015314852114773014e+00
2.945477138864151634e+00
2.962420644651468926e+00
2.906804863828800656e+00
2.912477153219513060e+00
2.833555930945307111e+00
2.844590953330711436e+00
2.857895682282024286e+00
2.809484657992819212e+00
2.757074521801798461e+00
2.705200492733693451e+00
2.728405087045308264e+00
2.728108530198577686e+00
2.709924928246751019e+00
2.769781233664152964e+00
2.730139812067464700e+00
2.730876602554749510e+00
2.722349742333830758e+00
2.704541970406663776e+00
2.728543692781716157e+00
2.706487921833960364e+00
2.715006278782016835e+00
2.750518442120163609e+00
2.731277132437837984e+00
2.809434160507343847e+00
2.844890638125106896e+00
2.867164852050666735e+00
2.861183283708470082e+00
2.907179441346892990e+00
2.913790990278721349e+00
2.962475972933839241e+00
2.948874156048505668e+00
2.976246775526974808e+00
2.995891045090560478e+00
3.097514642111798278e+00
3.124008605791834814e+00
3.160112663812890688e+00
3.196667867334569646e+00
3.181748042547792643e+00
3.114193933599423314e+00
3.154164513572727646e+00
3.111920339812098923e+00
3.157767869821598961e+00
3.149342983798926632e+00
3.122960324818576883e+00
3.103359978160415533e+00
3.121685883782248094e+00
3.111216865408537480e+00
3.094042617111581794e+00
3.148791207164508776e+00
3.132496956256403120e+00
3.192171068880680362e+00
3.177858729603437737e+00
3.205486426869690320e+00
3.223237152092889968e+00
3.225594918924834076e+00
3.221160419854188550e+00
3.148767763007852771e+00
3.195099867533284232e+00
3.110220130873209143e+00
3.036775329893612430e+00
3.007878454210859864e+00
3.045320362328364006e+00
3.045835010786716701e+00
3.079914178473701192e+00
3.056459092439786307e+00
3.055912009199500456e+00
3.059696760296843454e+00
3.004379494541886686e+00
2.985780342198266268e+00
3.022009239262972269e+00
2.993887232779336216e+00
2.937229704850374379e+00
2.967014192761741942e+00
2.807788399755972719e+00
2.815646440829348673e+00
2.805585544852424729e+00
2.851273851591697994e+00
2.867712365969928623e+00
2.852026762476574273e+00
2.892696242854502664e+00
2.935980520805950178e+00
3.011131525128524000e+00
2.920301644639182737e+00
2.932490501628956636e+00
3.044604196305445765e+00
3.084206161997869344e+00
3.010760691487365914e+00
3.087976464434805557e+00
3.071611448552968859e+00
3.132313291490073759e+00
3.153934134523447508e+00
3.150586908531681551e+00
3.282563878735574647e+00
3.364021831861624623e+00
3.359318529548880328e+00
3.379614423119931210e+00
3.322835603888972145e+00
3.318482489705040894e+00
3.495389736809532355e+00
3.497875662440496303e+00
3.511752833801400353e+00
3.458748512102761019e+00
3.392697674121105678e+00
3.350961490850477897e+00
3.299609031641351997e+00
3.276750529062628647e+00
3.249950294568602516e+00
3.287316294440859377e+00
3.344532160238255614e+00
3.290191289186197743e+00
3.282728327455237238e+00
3.303307225096229427e+00
3.245095961201632573e+00
3.212247354196444693e+00
3.216649998554194756e+00
3.219144418445899714e+00
3.195554218708993144e+00
3.150614086291936733e+00
3.095193075496392776e+00
3.120931281316525752e+00
3.134293056371062036e+00
3.178067787695997293e+00
3.210062786699033222e+00
3.245819386227385639e+00
3.264651967896756712e+00
3.226540395043164811e+00
3.224099643070375443e+00
3.234440736097982327e+00
3.255141936093204347e+00
3.283434011591323198e+00
3.298098616375400916e+00
3.295255455641981523e+00
3.324839228984014294e+00
3.325088092567448417e+00
3.349981585675165352e+00
3.332170804138512743e+00
3.292602478853690062e+00
3.309968550422237143e+00
3.349930432325436414e+00
3.301470804152125460e+00
3.278937396976540963e+00
3.248045893110273141e+00
3.168279760537802581e+00
3.219435920638065163e+00
3.156189216964720767e+00
3.109687519757126761e+00
3.137713435823483721e+00
3.180441058842484292e+00
3.161599285203602783e+00
3.202000002838721660e+00
3.239049658709961754e+00
3.245415515316997901e+00
3.214284016360336782e+00
3.222552913288244447e+00
3.196378219624689709e+00
3.168564466164929261e+00
3.174020141337635881e+00
3.146629506092469164e+00
3.079979899497588658e+00
3.065322578004728626e+00
3.029580169916611609e+00
3.079002443638046316e+00
3.077353906350923651e+00
3.044064951919154716e+00
3.054815130128255340e+00
3.067351548287749807e+00
3.082512165447493846e+00
3.147065255586539489e+00
3.116008995518160241e+00
3.183118887277270215e+00
3.235353610882238495e+00
3.247996829406944563e+00
3.152014046222556765e+00
3.156456547040684679e+00
3.095545294484377763e+00
2.982684357711284928e+00
3.004081791534204626e+00
3.026733944460095582e+00
3.040993879934968280e+00
3.092811455623142969e+00
3.117446710065741033e+00
3.116399148595586865e+00
3.157966487441290049e+00
3.217978204615435711e+00
3.241686197386382862e+00
3.250825142386867039e+00
3.272504388381646923e+00
3.267170940694270609e+00
3.321725461276825442e+00
3.316625486259543010e+00
3.313732489935008463e+00
3.300910133929680246e+00
3.295166061755463893e+00
3.337234719264288163e+00
3.243880569317387774e+00
3.204520642068608094e+00
3.184787594195091387e+00
3.238761897186497318e+00
3.230778166812016128e+00
3.253494465721137985e+00
3.367840032366491432e+00
3.341542315819142406e+00
3.323344475353089855e+00
3.250393109365550703e+00
3.270993309284705663e+00
3.267243991379682022e+00
3.270485176471952915e+00
3.180374167967252585e+00
3.157081664967379631e+00
3.171819653273340478e+00
3.202486742295551192e+00
3.160424078165280370e+00
3.157655050537717667e+00
3.135744589992793596e+00
3.120346942025762349e+00
3.080948650709390613e+00
3.142671859785505006e+00
3.191312974155342985e+00
3.148322578921245896e+00
3.227917235504036420e+00
3.255053493098478246e+00
3.284344204226653741e+00
3.236013027295118416e+00
3.263137569656084924e+00
3.263399112842995997e+00
3.220119589494665924e+00
3.208883734932021170e+00
3.253743924962787748e+00
3.319714897706784296e+00
3.301982068960619188e+00
3.272173541189466572e+00
3.293102290956668288e+00
3.400410096709339136e+00
3.421857988270468276e+00
3.446805084006903552e+00
3.417187899713402643e+00
3.474572427059484436e+00
3.439735846776392769e+00
3.475212410376729455e+00
3.486256194540395814e+00
3.563899062359463965e+00
3.570241153233899567e+00
3.581397819056379550e+00
3.516811053758363226e+00
3.550944759422802743e+00
3.535542429597373637e+00
3.528802402877632360e+00
3.570729532054501387e+00
3.497411113361744484e+00
3.472768917597395699e+00
3.534570732392995129e+00
3.598187785643206738e+00
3.607832372032769186e+00
3.618781385994974897e+00
3.586349698724641044e+00
3.494265741242571721e+00
3.502574824451689217e+00
3.455225034378647919e+00
3.416220692065466746e+00
3.382536305413666344e+00
3.353184213153853399e+00
3.335063747839794868e+00
3.386488877578212708e+00
3.384952711162282135e+00
3.371535866229058875e+00
3.340078646764023773e+00
3.345044789288419640e+00
3.319354583799377867e+00
3.444002309532439909e+00
3.380704755680740359e+00
3.411690035536278032e+00
3.354679463400560557e+00
3.297589770860435365e+00
3.364097306577948476e+00
3.351102220616930971e+00
3.332293149303040103e+00
3.267793996682125446e+00
3.215691937084579344e+00
3.177638628211638228e+00
3.135345473868151878e+00
3.209468039917406923e+00
3.174795237703928130e+00
3.167718249936078312e+00
3.157704047924636992e+00
3.189069069529091305e+00
3.238960658390189096e+00
3.190777871352662221e+00
3.189828104348956028e+00
3.170102260960735219e+00
3.157992554375532723e+00
3.174133272778020931e+00
3.101919213916636497e+00
3.078418291533673745e+00
2.985662306691824419e+00
3.011302163143444233e+00
2.988321555565548238e+00
3.039398781122237825e+00
3.079547341984116837e+00
3.047445157775427571e+00
3.043041816383940112e+00
3.047520137134452245e+00
3.071602978192074840e+00
3.097644894766528267e+00
3.077031530898564071e+00
3.137810276932062159e+00
3.154956324033646009e+00
3.068668055967738617e+00
3.105646436449380765e+00
3.127714239073256408e+00
3.121791438075065983e+00
3.061168692461258445e+00
3.086839985426977240e+00
3.062598441311846109e+00
3.043420150616143349e+00
3.107085180355107834e+00
3.055107098372737529e+00
3.071741226880720266e+00
3.093023376035832328e+00
3.155152214441239611e+00
3.129947859170453928e+00
3.144064260288563784e+00
3.112838825258051667e+00
3.100926073161998975e+00
3.100726861117248490e+00
3.152565441464778129e+00
3.138387044272563209e+00
3.125372774875297743e+00
3.154080431379218563e+00
3.177181648961201255e+00
3.115823282201081845e+00
3.122508219116877815e+00
3.177410361811902284e+00
3.180396602115737714e+00
3.155495253672985445e+00
3.105645182969742013e+00
3.144981510098223243e+00
3.153427696570873628e+00
3.145014871634878695e+00
3.123361209988782861e+00
3.102940950092561323e+00
3.175369860956630763e+00
3.121112291527630145e+00
3.143446294290364484e+00
3.129982236456460676e+00
3.142183783202210368e+00
3.145373739593578577e+00
3.157660382128537613e+00
3.186230977788794938e+00
3.169823089259649951e+00
3.139480959960432305e+00
3.116923841279442886e+00
3.127622398387420510e+00
3.117971413413489934e+00
3.093661447944419329e+00
3.097000320724641043e+00
3.042451950659274651e+00
3.098374049838382494e+00
3.081015335754104800e+00
3.110076962515022636e+00
3.102344537089622101e+00
3.061451108535699017e+00
3.084382884594973007e+00
3.108754300949287952e+00
3.123792290111561343e+00
3.098567349898956991e+00
3.054729104962919273e+00
3.135562080578159883e+00
3.110343191590015266e+00
3.133523025366950154e+00
3.057611027332116649e+00
3.059977689866643313e+00
3.067775367578172929e+00
3.082537622161274804e+00
3.100266807243635903e+00
3.109182058989963249e+00
3.167595070229835219e+00
3.172017393968523891e+00
3.125945060241357876e+00
3.164788901741176552e+00
3.180709531655115718e+00
3.152624624775415718e+00
3.113996252658889130e+00
3.088604512883102782e+00
3.086438897094315958e+00
3.106532079745017327e+00
3.146089462537782655e+00
3.110137945679924520e+00
3.160349273378604273e+00
3.139871896836779808e+00
3.117482658307286769e+00
3.126354473236603759e+00
3.100995723616772004e+00
3.087107116662711093e+00
3.067245079809462371e+00
3.145725259187778011e+00
3.104758673920812839e+00
3.088024895674418069e+00
3.020818460116574400e+00
2.969634563557846274e+00
2.960036217512543644e+00
2.945290242602893294e+00
2.931038370954231365e+00
2.934998064431504794e+00
2.938725667791926455e+00
2.931657599384269730e+00
2.939213160011664439e+00
2.906743099295919119e+00
2.930236718800494966e+00
2.928260519796553663e+00
2.914107861681888956e+00
2.942744740105798673e+00
2.961472618436816084e+00
2.924836000495751875e+00
2.999648657872305169e+00
3.018256546350350344e+00
3.030863870846812080e+00
3.024147526597123825e+00
3.043526410140835026e+00
3.061479897902900316e+00
3.049457683378610895e+00
3.098288551833741078e+00
3.121403240679091251e+00
3.171327170347972402e+00
3.245142617945254937e+00
3.242132037000208467e+00
3.191556576200667017e+00
3.198087604489055380e+00
3.196977167130210962e+00
3.174570263128901448e+00
3.211598151943918289e+00
3.227076142541041470e+00
3.267294093659403931e+00
3.258795993722284567e+00
3.242926058719115989e+00
3.293152648252668069e+00
3.330424644357367292e+00
3.313281886429518153e+00
3.272330531075977156e+00
3.202787747330094970e+00
3.237473917695778081e+00
3.255965108889955495e+00
3.338091832501980161e+00
3.327034955550885353e+00
3.300403587360538626e+00
3.338289910289212958e+00
3.276783260286030064e+00
3.267581462470271703e+00
3.246832376445047963e+00
3.159208644074008809e+00
3.204384469868179597e+00
3.179187947284900950e+00
3.208527789610488234e+00
3.239961413019066150e+00
3.271446832493991597e+00
3.258157762055395423e+00
3.263737421092022029e+00
3.304147464535629464e+00
3.295729279592476857e+00
3.278290424211335541e+00
3.181921070207828439e+00
3.155057747013171099e+00
3.189326234188497367e+00
3.165536354230169547e+00
3.214621151703751067e+00
3.214937071495635568e+00
3.166414159611023127e+00
3.158988582894514341e+00
3.090730040444178872e+00
3.090033958099504652e+00
3.067624343262798092e+00
3.128682056322933391e+00
3.144573181222900971e+00
3.173623849969029020e+00
3.269517841101571509e+00
3.252126242952033230e+00
3.288957844414555964e+00
3.277492580881263606e+00
3.300331750222805560e+00
3.281096434182809496e+00
3.261073674417383828e+00
3.330247098908676318e+00
3.286520544207728545e+00
3.297169103276462732e+00
3.324470241004039206e+00
3.452437407770487798e+00
3.324467272813526275e+00
3.323083694245802189e+00
3.400814159691703420e+00
3.326121918661161470e+00
3.248932387709915659e+00
3.235785344080764681e+00
3.147744045685021419e+00
3.214220544002873048e+00
3.206942688160241861e+00
3.215581739124385496e+00
3.227349959859393103e+00
3.192257746830022391e+00
3.126954434291331353e+00
3.137615511729990203e+00
3.131576893210246126e+00
3.169372582807594263e+00
3.185274123941884028e+00
3.123160197566580365e+00
3.119404478744626896e+00
3.156238139630150652e+00
3.178044332241965808e+00
3.171406465330290469e+00
3.195635982357600380e+00
3.240721407460338099e+00
3.169716064540180511e+00
3.224365473712949015e+00
3.209055156970046507e+00
3.165197652890791691e+00
3.221261742196452005e+00
3.290833786500394265e+00
3.280755171315816288e+00
3.281655612153432600e+00
3.266786096762872127e+00
3.265355899877295798e+00
3.264107696917566859e+00
3.196501009317116448e+00
3.209568310813474046e+00
3.267046601969486375e+00
3.219912751993312838e+00
3.215923921075106939e+00
3.219331727646967956e+00
3.163149892280734399e+00
3.186586839794364412e+00
3.197527099069928713e+00
3.199041955899767586e+00
3.182615633416693068e+00
3.202370617537470210e+00
3.221164585081375709e+00
3.224681011038467826e+00
3.241629481758393716e+00
3.315809785546941502e+00
3.325324972092742470e+00
3.340161939579306072e+00
3.369265279063577978e+00
3.390402151019809018e+00
3.383375223691368117e+00
3.415108383196379105e+00
3.448624160043524789e+00
3.444167290218798971e+00
3.363285014890390556e+00
3.341470422607941249e+00
3.370239799618668375e+00
3.388098374430535742e+00
3.417331439087383238e+00
3.385050738736274045e+00
3.355647623610053198e+00
3.408609913635549660e+00
3.376327934354140581e+00
3.372504727372781286e+00
3.371081960970895075e+00
3.300296135337103642e+00
3.272664873637493255e+00
3.282555828826908328e+00
3.273590128957124090e+00
3.295002823706346895e+00
3.226147891287258762e+00
3.251152313468074873e+00
3.288127014788936542e+00
3.299067941228431167e+00
3.249774624163416004e+00
3.261086132764509760e+00
3.291208850639637529e+00
3.253580253967756075e+00
3.327845955587573457e+00
3.411769348370034649e+00
3.386281881412472217e+00
3.365493896003635133e+00
3.340345445265878510e+00
3.288690040270437098e+00
3.271078080234990360e+00
3.272688335704049045e+00
3.261603279389690524e+00
3.304194666728281771e+00
3.284284453886257005e+00
3.296533951276216623e+00
3.335653738408040692e+00
3.382730995240174288e+00
3.309204256227531005e+00
3.294707069702232705e+00
3.299701897452616439e+00
3.345038854261194849e+00
3.331144106456668919e+00
3.338859989491977487e+00
3.313365287190683794e+00
3.328470049782543239e+00
3.368174993213972179e+00
3.321244673939697911e+00
3.371015012113777409e+00
3.344223720077796447e+00
3.352873346059351167e+00
3.436295791153494150e+00
3.463310382447259528e+00
3.494925211258875120e+00
3.503675348294595704e+00
3.543653806905949555e+00
3.567390035750444888e+00
3.537400115478496865e+00
3.583641857588862223e+00
3.548010310819870394e+00
3.476564472365357705e+00
3.489650727945900144e+00
3.452015820423798509e+00
3.486815526187607706e+00
3.450270157334375476e+00
3.392529790724127192e+00
3.402863813327529741e+00
3.313904233655005971e+00
3.311042317778066124e+00
3.322495016891140462e+00
3.309012419245378922e+00
3.326038069124948038e+00
3.392645608670686208e+00
3.374908765775885833e+00
3.345981235505382845e+00
3.304486467865576316e+00
3.328003620607285384e+00
3.324388583421704624e+00
3.308008674510996006e+00
3.381095438727696134e+00
3.407400664446469829e+00
3.378328653186691177e+00
3.418678630631186710e+00
3.358850879747515172e+00
3.419006318718745607e+00
3.439923170836820088e+00
3.429818276163353108e+00
3.455802103794756164e+00
3.411676338862754676e+00
3.445076661643498017e+00
3.521942842029493370e+00
3.540029760473351494e+00
3.620955617386823366e+00
3.593934858264896448e+00
3.595649895977064858e+00
3.555079407892703269e+00
3.540952418558641401e+00
3.478785670675522468e+00
3.445037114828190639e+00
3.443148008670659177e+00
3.536916726954442147e+00
3.490643675117777622e+00
3.479323885545432038e+00
3.365849051024457861e+00
3.369534076754965746e+00
3.341992743115953068e+00
3.344956138077064267e+00
3.378756866518232371e+00
3.418374584233354163e+00
3.386824164326831532e+00
3.440296099653392670e+00
3.411250186018395691e+00
3.394773130061273125e+00
3.432387822602286143e+00
3.414604433396656091e+00
3.375773240983978241e+00
3.283824454917132485e+00
3.254128201942313225e+00
3.225159109526936518e+00
3.208428460704498608e+00
3.103109542563662337e+00
3.086178934359450565e+00
3.039590727895304489e+00
3.087749535798718359e+00
3.065701103152365103e+00
3.016836094357294051e+00
3.013794037008654669e+00
2.977828885221207145e+00
3.073321122390854310e+00
3.000609251490408802e+00
3.034205946814112487e+00
3.032432279514538642e+00
3.006567551167027563e+00
3.003631054150647461e+00
2.986441857163304903e+00
2.965080968326354149e+00
2.979112542829219112e+00
3.023020745995799174e+00
3.038294091073230785e+00
3.080297593560395342e+00
3.065010647609958561e+00
3.075372689942134308e+00
3.094920600631789309e+00
3.152271342715553981e+00
3.135640658530711278e+00
3.282833522523529002e+00
3.245858438102385612e+00
3.327453396969890953e+00
3.321551934587700039e+00
3.319050104745888685e+00
3.334975246340531108e+00
3.337610291455922251e+00
3.406507912506238078e+00
3.378485789449081178e+00
3.400680837795321487e+00
3.315694252203736259e+00
3.313389777677539172e+00
3.327091932462965751e+00
3.288390089716151543e+00
3.316918157583418569e+00
3.304645172720888091e+00
3.287563812258103013e+00
3.271832229306105067e+00
3.226898071204197027e+00
3.252378532307772296e+00
3.251252141824542807e+00
3.282333066540166655e+00
3.278878884967855178e+00
3.218929233737406470e+00
3.244257885748407677e+00
3.266934445462664982e+00
3.343519703311253366e+00
3.311256194376575035e+00
3.271814960690864194e+00
3.287882773932623071e+00
3.221217430690461736e+00
3.219315191309662261e+00
3.208721883191761215e+00
3.198598420911774820e+00
3.241681434394411365e+00
3.273161712069510454e+00
3.291323662120031468e+00
3.222008344293823878e+00
3.268475124537428389e+00
3.284748741908375624e+00
3.296072670648414249e+00
3.340673599668268601e+00
3.351515600790350380e+00
3.390297059452416217e+00
3.344796848292281854e+00
3.326769905169149055e+00
3.375576559989676095e+00
3.384420420111199146e+00
3.417053532356475465e+00
3.364126408144180402e+00
3.364333944023620848e+00
3.365313546099200082e+00
3.389149402020537050e+00
3.387340873659522522e+00
3.421589211515672968e+00
3.464187363174755063e+00
3.466337933061138354e+00
3.367520313740697713e+00
3.423527279914936106e+00
3.363329821039073408e+00
3.374847822577410561e+00
3.268631699740347063e+00
3.328402551678632637e+00
3.272295163994192624e+00
3.278084046456927858e+00
3.263030640403012939e+00
3.248620620263069192e+00
3.244738060996993134e+00
3.163370627527842149e+00
3.154697922256523679e+00
3.237486254588787027e+00
3.198539083422894613e+00
3.213250802422786379e+00
3.203840633206360700e+00
3.165642740150287349e+00
3.086322269633824167e+00
3.114474107068311959e+00
3.057656044288742603e+00
3.064167313059904529e+00
3.083624763656918510e+00
3.055560855939889464e+00
3.118246523963861705e+00
3.169822141907450153e+00
3.125630220620005950e+00
3.119670428277119711e+00
3.107521483613060465e+00
3.247485375740624569e+00
3.251269163762178671e+00
3.327549993515261928e+00
3.314726891481005300e+00
3.349069473148114540e+00
3.397249107115394740e+00
3.399422318947720179e+00
3.498841645193544458e+00
3.453713301312956396e+00
3.384212110669190476e+00
3.394669121990411931e+00
3.392603886268964253e+00
3.332666646832516566e+00
3.401923065393608780e+00
3.421147782283042282e+00
3.420325167667020771e+00
3.463231984428634114e+00
3.464930882299934733e+00
3.442167427157321047e+00
3.484374386011186875e+00
3.404691305006869229e+00
3.363868328494341142e+00
3.434414093265394374e+00
3.521137459809462023e+00
3.475643325762796110e+00
3.459999023842118770e+00
3.367203713548520216e+00
3.296653423188945276e+00
3.312540704567963790e+00
3.264524375014867807e+00
3.229219712087137761e+00
3.212163913729594089e+00
3.254442299715731401e+00
3.329034991908979446e+00
3.337726362362171351e+00
3.353605393494039966e+00
3.271022957657291119e+00
3.330657914264957498e+00
3.351340656046707611e+00
3.420341050106694869e+00
3.411682393965095095e+00
3.430430135785631052e+00
3.411081092822163541e+00
3.331450396347680698e+00
3.339296708441758632e+00
3.361573370168997599e+00
3.356056879132597093e+00
3.334522876674595349e+00
3.263719151225000115e+00
3.344145874377721483e+00
3.316877017314525666e+00
3.362478725329528739e+00
3.383403927997496119e+00
3.362265752740102975e+00
3.356031068116376304e+00
3.356589680498359041e+00
3.291273950285799277e+00
3.251571887436624841e+00
3.250969276278629305e+00
3.220299693606223812e+00
3.232560220846738552e+00
3.276669606598604290e+00
3.288025225669277685e+00
3.279471691177862080e+00
3.268521205118166684e+00
3.227438065762110231e+00
3.166945324172679932e+00
3.237491306007012071e+00
3.246290896571105922e+00
3.271863300356931070e+00
3.295203318549009275e+00
3.356074473992205043e+00
3.329708350576922271e+00
3.319415769216279788e+00
3.353743594955600926e+00
3.387078379624357538e+00
3.443715662237432529e+00
3.449146671733988700e+00
3.379023579047676140e+00
3.452534244417890363e+00
3.436891037588023057e+00
3.457651162789402211e+00
3.396056016574787506e+00
3.376187223769618218e+00
3.377748784193149056e+00
3.279866715389123666e+00
3.299255582480388860e+00
3.270736214976786460e+00
3.313856547860353441e+00
3.297415573386387688e+00
3.237420083463939502e+00
3.309222796590039373e+00
3.267548064366373683e+00
3.348529795881840965e+00
3.266792792961503267e+00
3.239073805889105095e+00
3.240084509147449943e+00
3.160897755920776042e+00
3.221515914582326889e+00
3.188945413970201592e+00
3.119592731073073111e+00
3.064625168174099912e+00
3.042495319940377918e+00
3.094627700922530700e+00
3.004462624650482638e+00
2.966549447690022490e+00
2.995121019949047891e+00
3.021699419030080325e+00
2.978779653139031591e+00
2.971311601296239946e+00
2.977582745648945650e+00
2.988358250490395385e+00
3.018674514393167918e+00
2.988066089583012896e+00
2.998931607450773029e+00
3.043952840465971033e+00
3.039952797499728909e+00
3.022379328746510385e+00
2.966697252383398542e+00
2.996424066419738352e+00
3.038207618496564510e+00
3.018362388628404780e+00
3.103527468688394908e+00
3.061368500636626688e+00
3.066214841423247961e+00
3.127734858650985217e+00
3.090180189174900338e+00
3.083868475719434787e+00
3.078668669119745349e+00
3.136349052305135832e+00
3.175997871217700386e+00
3.116333922328181405e+00
3.107909123679535313e+00
3.152771765627229605e+00
3.120459185221156506e+00
3.174137596641279924e+00
3.163341015602642248e+00
3.160499803900970850e+00
3.157025929288399979e+00
3.128693395720726578e+00
3.158450660571319624e+00
3.150856488594717675e+00
3.149723396362418715e+00
3.193891694497609901e+00
3.197375248266441705e+00
3.162189990332570755e+00
3.197656039447064558e+00
3.224048267230384290e+00
3.201713642017573136e+00
3.199146491964721672e+00
3.137604953936139474e+00
3.140218850211816903e+00
3.124641418322347874e+00
3.136680414816857887e+00
3.133959782717501419e+00
3.150734484566636517e+00
3.203348860497813533e+00
3.204020381567935338e+00
3.222850643414984173e+00
3.333547126592673937e+00
3.368641004403239325e+00
3.361904401945360110e+00
3.318493351805069658e+00
3.294083393015901695e+00
3.328894944523892008e+00
3.344320225865246687e+00
3.285199524576936980e+00
3.316002182159311751e+00
3.336358768562889932e+00
3.296461451948442534e+00
3.234502194434091038e+00
3.240431106111872683e+00
3.206283181356467171e+00
3.277915129297892083e+00
3.246596498027635835e+00
3.291317863717768688e+00
3.360597002443810766e+00
3.432392937631791430e+00
3.465400326835952782e+00
3.481459605508039346e+00
3.484577412710299082e+00
3.519109817256497852e+00
3.557364658112833311e+00
3.540480416095429295e+00
3.487497765515657377e+00
3.411794496709092517e+00
3.442527872308338566e+00
3.486953567756926553e+00
3.513429642634739558e+00
3.517448806188111288e+00
3.474501324323136409e+00
3.516833462273137201e+00
3.443865879314611522e+00
3.388735557288734324e+00
3.405146248126816655e+00
3.431503711978183713e+00
3.425173068882366945e+00
3.379800004546182901e+00
3.348614707010228564e+00
3.404709789611386483e+00
3.435332558271846359e+00
3.443815568817102601e+00
3.407316587408410591e+00
3.407575788653845805e+00
3.428715917434848048e+00
3.416263142535159059e+00
3.410329152380224382e+00
3.412889328325978688e+00
3.349649323829440917e+00
3.308700769061174718e+00
3.388492942802336483e+00
3.261303103499358258e+00
3.250624440678304694e+00
3.245871991226091158e+00
3.269512136476913078e+00
3.262943931017963539e+00
3.224046848641740404e+00
3.304230627004215215e+00
3.285654459250129555e+00
3.334343133146829619e+00
3.379740596808084696e+00
3.353785942557150790e+00
3.367064068559402212e+00
3.385134001052276354e+00
3.333777876774504545e+00
3.272749916902663703e+00
3.184947791467568123e+00
3.154646378978885224e+00
3.098086700917529246e+00
3.110946512129612262e+00
3.142192336984113599e+00
3.073892439045655234e+00
3.091772048154408203e+00
3.167886937078642884e+00
3.240078265385951006e+00
3.235255000265876202e+00
3.308261997635735252e+00
3.330239787930299844e+00
3.378050143001955163e+00
3.346553251695636888e+00
3.342564775897983953e+00
3.356543602493004208e+00
3.335122456135232838e+00
3.354182114652878965e+00
3.379136868853346076e+00
3.362191117344233149e+00
3.364839684119494745e+00
3.393540129528820781e+00
3.340235251250179616e+00
3.327823642288976203e+00
3.354809704729201592e+00
3.460573123354898861e+00
3.536866801611573408e+00
3.593560296651791663e+00
3.519927033553054585e+00
3.499856910896810724e+00
3.588671644234291414e+00
3.557022152545080917e+00
3.484042780608118672e+00
3.429414727223990322e+00
3.379565723774212049e+00
3.413596160665534729e+00
3.314682716045010746e+00
3.266202254451080922e+00
3.257534109898946095e+00
3.277493696645501053e+00
3.345259913286178222e+00
3.331873438943869115e+00
3.339892064185775222e+00
3.223875326170849487e+00
3.202757767291776858e+00
3.201981648862913143e+00
3.216782058385197818e+00
3.204562651982473476e+00
3.185945025804528985e+00
3.249392756735619781e+00
3.202200270614599553e+00
3.200250147220663255e+00
3.207346230139608956e+00
3.246883049413189504e+00
3.243359703546420558e+00
3.198086561664489569e+00
3.221503699844353807e+00
3.254814979656309948e+00
3.236242696480786663e+00
3.269998048550696534e+00
3.236183646028140792e+00
3.300985050561995315e+00
3.284349165893825528e+00
3.220440234930940893e+00
3.197896437784381263e+00
3.025884559391024187e+00
3.022933443816817611e+00
2.990869529082322842e+00
3.082304248654856416e+00
3.141564841282107778e+00
3.116327051445799245e+00
3.111597944778861979e+00
3.131711729163990654e+00
3.137811230391953199e+00
3.093300957167591125e+00
3.000387998411845114e+00
2.993253718874947289e+00
2.935392243059261830e+00
2.902248820903278848e+00
2.852674940989053276e+00
2.867262789756841457e+00
2.811850036478265480e+00
2.760796708598115323e+00
2.805000220339060046e+00
2.710159119069174505e+00
2.694288107421543010e+00
2.641096745922490996e+00
2.641159582276292994e+00
2.706359937864011300e+00
2.746238422322201167e+00
2.851127396700718908e+00
2.874691286355469888e+00
2.917003406084896167e+00
2.882241939917943530e+00
2.846575871083842024e+00
2.793164671477620598e+00
2.767839226000652797e+00
2.789205205582776514e+00
2.816244300819564561e+00
2.830264125341973802e+00
2.908014872425709108e+00
2.937021415198492136e+00
2.930862185997019420e+00
2.944175756579382242e+00
2.939631547995963601e+00
2.911824350025435493e+00
2.939698752488358213e+00
2.963140784663921501e+00
2.906828138630134450e+00
2.918367009164059223e+00
2.954135270109128353e+00
2.976606813816987440e+00
2.931628914353562987e+00
2.916278810761324891e+00
2.831389148225176733e+00
2.863724155949493255e+00
2.746059077791875858e+00
2.729425111191851272e+00
2.671980223695346268e+00
2.668491552102127518e+00
2.757148597374846410e+00
2.771182533166205442e+00
2.775425323968241376e+00
2.732412017678429894e+00
2.720366669141029980e+00
2.715873618907203468e+00
2.654906105787859794e+00
2.687720871951803758e+00
2.651440918083229015e+00
2.656746002370776960e+00
2.700865557111815196e+00
2.667635149982015452e+00
2.686873563913093843e+00
2.702808581277625244e+00
2.749147406521287529e+00
2.760148569554109255e+00
2.806998106957226291e+00
2.837961938290028741e+00
2.809715993641990650e+00
2.839638883400276370e+00
2.814814392249588071e+00
2.863286160534129543e+00
2.856528642903199966e+00
2.954095984465568758e+00
2.962598515595328497e+00
2.885937436475333406e+00
2.873077334073729006e+00
2.813966349809764456e+00
2.867833268733908092e+00
2.817727483555646728e+00
2.755658864402269259e+00
2.673237275187544615e+00
2.604892891305130131e+00
2.583642796858326207e+00
2.533874373594791951e+00
2.487836237390483429e+00
2.477611848814436968e+00
2.394206846374129061e+00
2.323853859518544951e+00
2.312411754757239368e+00
2.270999566262866143e+00
2.205215408474871186e+00
2.194032400034485075e+00
2.167839005501078997e+00
2.129592692716836488e+00
2.091178721951810537e+00
2.079377214299911181e+00
2.050718577519734076e+00
1.998495237852806694e+00
1.960149926651068908e+00
1.947907374052072704e+00
1.915670393714709485e+00
1.911894285888201539e+00
1.866151977585505550e+00
1.874969399986505580e+00
1.885088785568846292e+00
1.885470199879718756e+00
1.895845649946027889e+00
1.893042370229591542e+00
1.885130514718538430e+00
1.865019780283422079e+00
1.886325138613369257e+00
1.930201008293234599e+00
1.978411942591076000e+00
2.004003564531765758e+00
2.028249327437469329e+00
2.070021488187880454e+00
2.119145305647748057e+00
2.153643585353304690e+00
2.219695438738430671e+00
2.245283000510508220e+00
2.280697821320660790e+00
2.314542603642334218e+00
2.354905296070199938e+00
2.420131719939836668e+00
2.441815945212425731e+00
2.529505518212467496e+00
2.578005755345852634e+00
2.623502575841566653e+00
2.659340829590927768e+00
2.723130197763398375e+00
2.779676697156974630e+00
2.815928252727210701e+00
2.843065122555494817e+00
2.970051670043106107e+00
3.089968392485573645e+00
3.041878865533205634e+00
3.058683841456555363e+00
3.015928535316906522e+00
2.958525084681077555e+00
2.976890399358857131e+00
2.995932826209550814e+00
2.931825116960740107e+00
2.881331810796553317e+00
2.855460138548684856e+00
2.797818830412422741e+00
2.790177822301500576e+00
2.777058440810343143e+00
2.763843626392731956e+00
2.765837006465817094e+00
2.808871558681737213e+00
2.810933307944337489e+00
2.826570537474470957e+00
2.824629930084500362e+00
2.823977179599386211e+00
2.816335666324096820e+00
2.868318911553178641e+00
2.865717425465208912e+00
2.951964126658415566e+00
2.958633008798466690e+00
2.917334052287706925e+00
3.012050346473948093e+00
3.011584415106505208e+00
3.115987405239144969e+00
3.182847887562854527e+00
3.179770275972203741e+00
3.198592678039879011e+00
3.204004264220440046e+00
3.281734215667390764e+00
3.269010301238938432e+00
3.411512030629262338e+00
3.412389005138027898e+00
3.397832327114113760e+00
3.382340095750607567e+00
3.367653357382495827e+00
3.404832000292523642e+00
3.354161491185215560e+00
3.344372635068075361e+00
3.356656133179499069e+00
3.297409425426779617e+00
3.256905890062435027e+00
3.228119973647681551e+00
3.258026552266858999e+00
3.229955203204656566e+00
3.224208962128613631e+00
3.277766061917386509e+00
3.199157270339231474e+00
3.141272122239542330e+00
3.080206881937212593e+00
3.032760520342394628e+00
3.049736417222880025e+00
3.084179834046578694e+00
3.048422681290524405e+00
3.064136896504998209e+00
3.075328029879705216e+00
3.022608733985267193e+00
3.068444910605789389e+00
3.072532593032617498e+00
3.145612480022862201e+00
3.149767968597601886e+00
3.135987247271940781e+00
3.191515173392138305e+00
3.143310648587627654e+00
3.116279067954601523e+00
3.157874815317208927e+00
3.150838421403167722e+00
3.153222773734759343e+00
3.155941172089429259e+00
3.119295782137549988e+00
3.118240265974162817e+00
3.137732490052981049e+00
3.173271502559203316e+00
3.205650644756040002e+00
3.218284102447527939e+00
3.261110885128125858e+00
3.242733634041267354e+00
3.207744031047972566e+00
3.276895116142833686e+00
3.264428968436887679e+00
3.299320877104927163e+00
3.329758432767855325e+00
3.303139737234712214e+00
3.321859607844579898e+00
3.306467462570604088e+00
3.226497388908461605e+00
3.207146991948509385e+00
3.198059449028326284e+00
3.238486701917386856e+00
3.276976914347902614e+00
3.218514508013301967e+00
3.285589249089628794e+00
3.277648523008416692e+00
3.307999040829316062e+00
3.283793814400833178e+00
3.270900653049785944e+00
3.233655112652642938e+00
3.177491100548447189e+00
3.249174216855820418e+00
3.257243850721643685e+00
3.233259635092832873e+00
3.224623106102120662e+00
3.190998260524241736e+00
3.229958953799254573e+00
3.178441266259832698e+00
3.172652386695713034e+00
3.197895330517245505e+00
3.212114375229534691e+00
3.133905416346113970e+00
3.114084399387536006e+00
3.167944611788495290e+00
3.126467261377204654e+00
3.017014427845283731e+00
3.037306702914068790e+00
3.045431397757123015e+00
3.087141893757415101e+00
3.095101584847315568e+00
3.069809022502724805e+00
3.016585291947522673e+00
3.052244085858837330e+00
3.053405065291979525e+00
3.071012900693731673e+00
3.105405125303337233e+00
3.021221998639672002e+00
3.033366747769625782e+00
3.041037227874900939e+00
3.023179261000581430e+00
3.044939791531140028e+00
2.975211401523174093e+00
3.026909244567632218e+00
3.008178955242744035e+00
3.020381238765821319e+00
3.008005737661086254e+00
3.091819656973487707e+00
3.112748118064085912e+00
3.103321713950956795e+00
3.167704332876085882e+00
3.288159163499817073e+00
3.250063798310285357e+00
3.210941291132905828e+00
3.195795208955529709e+00
3.205729354400892017e+00
3.277182440882121295e+00
3.252718522386569333e+00
3.242403453455708462e+00
3.227798343682294568e+00
3.226448930965832407e+00
3.223624557018100578e+00
3.322249938885726284e+00
3.306765843769198021e+00
3.269467464200737528e+00
3.312910014320057162e+00
3.244007287401935447e+00
3.264002049700929220e+00
3.185536831676738956e+00
3.227425986603311259e+00
3.215207976627048492e+00
3.215208054849121311e+00
3.221060752656456749e+00
3.216751075117576963e+00
3.233565680528019737e+00
3.199247250258234310e+00
3.176047256191986801e+00
3.206742156372529351e+00
3.190162722146486551e+00
3.241753165445055096e+00
3.206543083168871267e+00
3.227446297517468921e+00
3.307342541183276197e+00
3.343344067297494338e+00
3.319465958204414591e+00
3.322012206343519569e+00
3.378917921650636647e+00
3.327959962312186715e+00
3.242986365761027390e+00
3.350852901228449809e+00
3.339699665568498066e+00
3.426349938951203100e+00
3.410159979925416529e+00
3.488880078817865549e+00
3.436594637740400859e+00
3.410313758005838913e+00
3.464465588741683089e+00
3.500507159251898148e+00
3.550118648030027746e+00
3.585147155071399361e+00
3.617575182534806810e+00
3.641598690590190923e+00
3.633882718555056179e+00
3.673721690238968662e+00
3.637652544711237113e+00
3.625862755479184685e+00
3.563239623001782874e+00
3.511177236581597860e+00
3.489966818466169407e+00
3.533501908108970024e+00
3.486527603213852800e+00
3.461111645621517408e+00
3.475584733316274821e+00
3.537443808276713675e+00
3.478968874771111164e+00
3.452310081808668940e+00
3.445046891143747292e+00
3.481169560239531613e+00
3.454424895924418148e+00
3.469013581883976016e+00
3.313888992026710056e+00
3.269563363601456274e+00
3.240883075413095504e+00
3.193706332465092945e+00
3.158837472342363561e+00
3.138019092624075412e+00
3.105841571914315313e+00
3.123332368868463771e+00
3.096966584332599748e+00
3.110951043826811979e+00
3.157735128847681150e+00
3.187073208897044374e+00
3.215310560068452173e+00
3.179235757944260055e+00
3.182155164204238940e+00
3.210640996337344788e+00
3.225729318212709806e+00
3.183716589894846294e+00
3.229757766880015701e+00
3.233542374086089577e+00
3.252541847207491621e+00
3.239848299787790431e+00
3.187006082520858818e+00
3.212073894708511013e+00
3.229120227148896127e+00
3.357739946783724339e+00
3.374162702250057322e+00
3.279921075048764401e+00
3.301912779474216908e+00
3.292293336355474498e+00
3.310696630263695095e+00
3.249193620175990560e+00
3.227246649668185530e+00
3.306016819345140689e+00
3.281556229832001570e+00
3.308424878570164207e+00
3.265793075204629137e+00
3.234084669503890286e+00
3.275441938522931196e+00
3.272649631952081251e+00
3.298858952871166483e+00
3.236184113091407966e+00
3.282825760990443875e+00
3.233581609647011135e+00
3.225118628222501727e+00
3.221374024617999154e+00
3.178373797949881396e+00
3.199466187482296498e+00
3.143442900994376732e+00
3.143910405483362869e+00
3.194455414552675787e+00
3.148921648280291308e+00
3.236437565257986648e+00
3.240400385785314530e+00
3.260094767009583450e+00
3.280790401013556679e+00
3.339757331983541189e+00
3.379270149031400106e+00
3.346787040182392925e+00
3.301139927909700678e+00
3.280507516897833931e+00
3.304930197170818928e+00
3.248433821361297547e+00
3.257808221117189262e+00
3.273442290878501915e+00
3.280512716860953137e+00
3.342297979528999541e+00
3.340922868307127480e+00
3.375104255270620524e+00
3.333548534132900087e+00
3.332117101204878917e+00
3.406089967287465825e+00
3.450555444398919036e+00
3.523342612417289299e+00
3.547626344688497912e+00
3.531008120746454093e+00
3.539258353924153777e+00
3.536515604764113974e+00
3.472944230634353868e+00
3.489102344177370973e+00
3.487733509721706593e+00
3.506807226519583320e+00
3.459380748972739283e+00
3.498024260815298270e+00
3.513254970268979260e+00
3.446945816175235322e+00
3.402824399138293376e+00
3.490063888036772255e+00
3.493016837673008634e+00
3.525076021454213393e+00
3.513354767446018379e+00
3.449152095309110155e+00
3.484389975440519649e+00
3.495758420439218916e+00
3.529415165229430329e+00
3.528719284697702463e+00
3.567169508341140105e+00
3.559991491416674148e+00
3.562970336271554572e+00
3.563114627415570279e+00
3.597239086401353703e+00
3.621982020607911856e+00
3.590927736766524880e+00
3.586839611007320627e+00
3.608676576275005932e+00
3.533870344136845532e+00
3.544796355794884946e+00
3.539745472199623322e+00
3.520366679178040137e+00
3.505220422463587227e+00
3.569147867207173697e+00
3.563726902509343208e+00
3.551258623009338145e+00
3.549901506726134581e+00
3.502435443653391989e+00
3.506822240233638865e+00
3.542182490441863507e+00
3.542802430811585079e+00
3.551665986724189317e+00
3.602945365584383719e+00
3.600703396342533669e+00
3.556790382648518101e+00
3.541236014387057374e+00
3.535100139036960964e+00
3.560967695903108687e+00
3.423275969713986733e+00
3.465850189550935934e+00
3.501849138480923163e+00
3.541540057943040054e+00
3.541716769278527188e+00
3.531589155069350561e+00
3.544638346732396972e+00
3.482970035283210475e+00
3.501334152513660758e+00
3.598357304854185035e+00
3.551846350665187835e+00
3.596958838597033470e+00
3.619168525068217512e+00
3.601296833977861045e+00
3.635611309052127371e+00
3.466834605841660366e+00
3.447602650492056053e+00
3.326514470393550749e+00
3.269617891003314014e+00
3.223574177505942107e+00
3.190319184080478099e+00
3.180494351454676405e+00
3.109762666450909485e+00
3.076178221536942647e+00
3.002395175834477126e+00
3.085508413767141356e+00
3.049857191970618331e+00
2.997532380037993160e+00
2.963533791122748617e+00
2.954192575500347751e+00
2.969089783289480255e+00
2.924046356996650609e+00
2.983439481112409641e+00
2.915721792887389530e+00
2.894522517144907603e+00
2.933981774425721945e+00
2.930287534106525538e+00
2.900186716593669001e+00
2.846508978598834894e+00
2.827858022693774398e+00
2.913780467025544496e+00
2.897931118737337997e+00
2.941579855868350801e+00
2.964749251585427015e+00
2.974202630556573634e+00
2.988088681450042916e+00
3.005127949349039262e+00
3.112142222668558666e+00
3.078551495082213485e+00
3.067392109737141048e+00
3.073330246857011616e+00
3.044610054121694720e+00
3.070672111915957903e+00
3.057943368704210130e+00
3.044126651659885496e+00
2.985323762364346489e+00
2.993468943977522834e+00
2.923325752896984930e+00
2.989298256553188260e+00
2.971006109127921846e+00
2.922838638919642129e+00
2.939644488249900434e+00
2.984197014822987271e+00
3.034364601258765948e+00
2.977230546477688033e+00
2.943847603431508642e+00
2.980921734050497207e+00
2.991616939549835319e+00
3.015668411744765631e+00
3.027284306362106214e+00
3.001857848079637847e+00
2.994447714127515869e+00
2.946132340715791109e+00
3.005433099251078044e+00
3.034388465788078193e+00
2.977163094500723250e+00
2.962981343981393234e+00
2.934598453541136909e+00
2.947723686559875933e+00
2.898841339237407944e+00
2.952037720223285255e+00
2.965416474938466163e+00
2.983805778224804861e+00
2.932162180981668698e+00
2.944712014021095836e+00
2.939363714955674389e+00
2.905144022971775097e+00
2.854567065721720809e+00
2.850299833566237506e+00
2.899983825542186366e+00
2.951209984335012138e+00
2.946244338432240983e+00
2.911530487219146313e+00
2.918960118960976846e+00
2.917777615410309444e+00
2.974262233340541517e+00
2.970194709303227043e+00
3.012212349668785816e+00
2.971663701062008833e+00
2.908946943382176631e+00
2.958917000878792614e+00
3.002051898734151791e+00
3.078470135308509104e+00
3.071127604140155398e+00
3.142726520942445756e+00
3.201184798193536185e+00
3.202011049331427994e+00
3.231491755714927638e+00
3.202320000801933464e+00
3.244170056531409774e+00
3.265623117752484816e+00
3.307918966059782306e+00
3.362437685619411809e+00
3.415437028962704513e+00
3.406805846317657593e+00
3.394169065248706207e+00
3.386052577823393417e+00
3.405440309878410954e+00
3.353769357885786118e+00
3.339246123208535533e+00
3.337740370965814662e+00
3.326704524459737744e+00
3.137402136174082479e+00
3.195223268065995548e+00
3.247553087148440820e+00
3.314977357714354866e+00
3.313865508484028499e+00
3.322524209633607395e+00
3.357469321673975493e+00
3.329216774337896201e+00
3.300371099723063750e+00
3.239102837416632852e+00
3.281368430504667089e+00
3.243258653735768604e+00
3.223730652622605497e+00
3.246022386867023268e+00
3.171248657270894444e+00
3.183040438329438615e+00
3.116615799647767027e+00
3.067061827894520754e+00
3.079985080926091801e+00
3.067878997105738303e+00
3.142634909660495079e+00
3.162955281348007297e+00
3.129628786090428605e+00
3.108142320968251493e+00
3.111293772830171722e+00
3.306235263516365208e+00
3.251526503609031060e+00
3.233372506133472157e+00
3.184950035947990088e+00
3.171578936562732487e+00
3.129556543601990093e+00
3.181330572307335292e+00
3.223384841593555539e+00
3.245076646201523918e+00
3.292952706656131046e+00
3.301400336040505312e+00
3.423169107878728745e+00
3.368631475624308980e+00
3.364342058091107646e+00
3.372987461381216079e+00
3.331092620555228478e+00
3.343503541416771974e+00
3.443418102724794760e+00
3.428077579979541767e+00
3.454346227514890622e+00
3.365900859152473945e+00
3.387880679406168660e+00
3.338452431312592061e+00
3.287384125425688364e+00
3.240811176562410800e+00
3.164573087322443357e+00
3.217177438274234191e+00
3.273338988094662394e+00
3.249855264900981755e+00
3.270684664807720576e+00
3.295066367135220275e+00
3.249638747198177136e+00
3.221058987555879050e+00
3.141398186323291597e+00
3.153257981141860622e+00
3.116026644721739736e+00
3.122567759121924968e+00
3.164123391418506959e+00
3.098777980098028628e+00
3.096744304091528122e+00
3.036080169235229498e+00
3.080747674072073838e+00
3.076873874307842982e+00
3.076652578513483505e+00
3.078514380869348255e+00
3.053062007296963642e+00
3.070125472236229225e+00
3.122541627102397577e+00
3.163428800115922535e+00
3.179209693169708473e+00
3.165223042748360527e+00
3.192710904316103715e+00
3.170594220556356202e+00
3.164561733187698511e+00
3.138497642502805274e+00
3.137801465813114365e+00
3.122992234601300154e+00
3.066745520107972300e+00
3.104072706834040130e+00
3.112371061430499353e+00
3.088450376188235591e+00
3.020550332619784673e+00
3.019738613064814725e+00
3.094814186145163237e+00
3.138561655453791399e+00
3.191860105551246551e+00
3.175243861586126037e+00
3.139872425708625681e+00
3.131216907060091703e+00
3.119412425934299016e+00
3.165588680491027596e+00
3.139508432594749543e+00
3.185822754469668006e+00
3.217378867791837571e+00
3.255233253951463013e+00
3.276205885894400982e+00
3.263945278538802341e+00
3.260349760132520647e+00
3.284574680200235797e+00
3.316899315201799148e+00
3.244081647689297299e+00
3.167893523114860166e+00
3.222499567627007178e+00
3.208538053250109545e+00
3.194481680363519427e+00
3.258110570880839774e+00
3.290194514982586416e+00
3.271943695323638046e+00
3.248342626543913703e+00
3.212168238150935107e+00
3.232635292410551475e+00
3.217994944717259109e+00
3.177221946265195829e+00
3.220429388141834437e+00
3.227197048598222651e+00
3.216950278575091637e+00
3.211067789221260682e+00
3.066353364844415452e+00
3.083818764768705201e+00
3.053891551247453595e+00
3.081879734673295346e+00
3.018238267274320652e+00
2.992851247302438900e+00
2.959130747531646399e+00
2.940413004836601729e+00
2.986861239154351200e+00
2.996778110641252102e+00
2.998906564659956864e+00
3.035125112294768002e+00
3.074052881216808419e+00
3.063149395058410107e+00
3.083388642057836471e+00
3.099515828862057454e+00
3.104192550782116644e+00
3.164465009676667329e+00
3.112675075968937666e+00
3.154038601195012337e+00
3.208094880620635525e+00
3.132484039374194396e+00
3.097401530569136252e+00
3.114719707311831343e+00
3.064519450098930786e+00
3.086639107385311664e+00
3.057755377633318616e+00
3.068361401661106491e+00
3.054503133851877550e+00
3.091697557427219856e+00
3.127746297043148438e+00
3.170260512576899892e+00
3.196676906017669850e+00
3.228033116947472525e+00
3.309646981801839249e+00
3.303746568134136474e+00
3.218827650570290189e+00
3.189234078165924302e+00
3.224075037345613737e+00
3.205014505439990113e+00
3.220684880808593054e+00
3.239556009064375353e+00
3.187294980521976573e+00
3.270569220787133524e+00
3.254854316312348672e+00
3.288140607685366312e+00
3.366570692142803800e+00
3.401596318922829543e+00
3.366933060708517278e+00
3.413769050081185252e+00
3.515142815213511795e+00
3.435942776647349373e+00
3.462419782565147486e+00
3.484113113896389891e+00
3.403145521010230823e+00
3.384821853793353430e+00
3.381263096488392961e+00
3.387073813780579368e+00
3.396856748066316545e+00
3.408293297676391997e+00
3.378267840824462631e+00
3.460695857225142724e+00
3.464552780813664690e+00
3.435600460939796541e+00
3.462118329647095205e+00
3.459523322299108639e+00
3.415446937281620521e+00
3.398471705953202804e+00
3.335684286976446700e+00
3.289818122529742261e+00
3.288777198774232691e+00
3.268834529706784675e+00
3.262679984313730852e+00
3.313227192297987678e+00
3.296908633399712851e+00
3.257897679730377583e+00
3.345186177516667136e+00
3.332389307716829840e+00
3.301262880328396765e+00
3.374412193643119728e+00
3.369945740683408353e+00
3.353053562689054079e+00
3.321278538436309269e+00
3.332004462163220104e+00
3.307772979778230482e+00
3.347060411073618180e+00
3.372991374641072682e+00
3.375541673658248421e+00
3.339342142246886525e+00
3.314855490414541084e+00
3.324431789284350014e+00
3.342795703650164096e+00
3.416994677065132269e+00
3.454910888749180398e+00
3.491749654417355408e+00
3.461862333064804620e+00
3.459225393555156014e+00
3.428204916510873002e+00
3.360840008626722053e+00
3.351999020734270474e+00
3.416807916518216359e+00
3.404128330103080469e+00
3.431837500759272963e+00
3.442933755190650924e+00
3.421695745116670295e+00
3.399709184710249854e+00
3.293042748063004677e+00
3.257617269299560192e+00
3.169230276599846796e+00
3.210349696397460040e+00
3.182279062336235143e+00
3.095831864480817153e+00
3.075592065616638227e+00
2.997521807087135670e+00
3.024546437859028991e+00
3.026485555449816900e+00
3.021569963651423940e+00
2.969040430648490325e+00
2.944266277630029460e+00
2.912542712817130397e+00
2.849805221526561905e+00
2.836811365872638380e+00
2.810373323820030134e+00
2.794515834878902094e+00
2.782847033264137515e+00
2.710994038277716900e+00
2.682880651419564444e+00
2.632463627490518654e+00
2.620686611260884202e+00
2.584779917894605816e+00
2.635065007088778888e+00
2.674494813852601016e+00
2.669972622104661575e+00
2.648943415579085414e+00
2.669773240019246430e+00
2.664054318652946396e+00
2.635722661349430229e+00
2.611203996731645827e+00
2.679469565881832160e+00
2.670024787026677782e+00
2.631414402954302290e+00
2.647607191513357439e+00
2.675876489280160975e+00
2.689893029941231806e+00
2.711458371521459743e+00
2.751842494129609573e+00
2.752376835617532880e+00
2.775637898704175655e+00
2.805800352425792177e+00
2.834434438592366323e+00
2.932740067090621405e+00
2.955805036472784586e+00
3.025710255253902581e+00
3.009570436968071583e+00
3.088362072268092895e+00
3.054930892079655180e+00
3.014590899459735240e+00
3.043601163234014972e+00
3.116001094536568150e+00
3.094015119113069812e+00
3.113238184290962440e+00
3.137992805173073663e+00
3.212575242799447395e+00
3.254384374787791856e+00
3.270319079872909374e+00
3.319852435992586503e+00
3.177194121493395418e+00
3.119721140156372918e+00
3.139315668315776353e+00
3.133877195357259282e+00
3.066248802189727840e+00
3.049245076075929539e+00
3.095214733063949009e+00
3.113752528929278451e+00
3.149400985422325050e+00
3.118998470411812995e+00
3.161910047091019749e+00
3.121158189386199044e+00
3.089056682943932763e+00
3.084027524167448409e+00
3.114184567888291788e+00
3.189355622386651490e+00
3.245375144131322109e+00
3.245376633812677269e+00
3.224485834571875653e+00
3.249844880202407360e+00
3.302247734774722776e+00
3.258739226019410129e+00
3.232160332959729487e+00
3.224271825644594358e+00
3.180565658960705644e+00
3.236817919410903688e+00
3.297514708470350442e+00
3.257406325527408608e+00
3.134981171190975857e+00
3.203286600659358996e+00
3.153258278540858051e+00
3.064997335771212139e+00
3.008032580063311201e+00
2.895742626431323075e+00
2.828717085797429309e+00
2.811639735054725975e+00
2.748733170384132674e+00
2.745575613579222640e+00
2.707584157689554516e+00
2.638363967875217320e+00
2.638511200531933998e+00
2.583821491975706763e+00
2.537671657041376427e+00
2.489129194813139101e+00
2.447516457071632789e+00
2.425842460621305374e+00
2.434204670217225974e+00
2.416936251703889038e+00
2.412929635778742643e+00
2.426735178961295869e+00
2.475396325319897617e+00
2.462750628805638886e+00
2.492165484916194718e+00
2.571138489059411558e+00
2.584317041530571402e+00
2.602217165827219070e+00
2.688078980472412116e+00
2.727422840397259129e+00
2.785207840876044560e+00
2.852281611274454232e+00
2.809389285120256652e+00
2.920243677020526896e+00
3.016320157854836204e+00
3.061820580453449292e+00
3.097403495785316263e+00
3.125710865109044168e+00
3.152257542278727787e+00
3.226668092642767771e+00
3.179187801963672566e+00
3.245228956013058053e+00
3.296870909705184260e+00
3.306345285182488158e+00
3.347262043362515094e+00
3.339683267699918634e+00
3.364573755660282384e+00
3.283460000154321712e+00
3.318321838537769963e+00
3.304922378455949605e+00
3.275106821725114248e+00
3.228239475917671797e+00
3.268593418230799408e+00
3.138724212090916232e+00
3.128811664910949197e+00
3.196420747460785083e+00
3.205607531982607838e+00
3.293420339790785967e+00
3.252371285139957546e+00
3.201775630281745944e+00
3.250743326125757449e+00
3.258432346294437565e+00
3.278492670912023677e+00
3.342916831417050094e+00
3.306634407876546167e+00
3.406298203510865985e+00
3.409735213484174299e+00
3.457705438815786181e+00
3.380710870858429029e+00
3.291246097260530412e+00
3.276997027381605143e+00
3.270681080216309766e+00
3.383009002069882420e+00
3.351023150868303713e+00
3.333492310814050175e+00
3.360121355141580946e+00
3.376707065552982723e+00
3.369346202315337990e+00
3.363451615004891870e+00
3.367795668911304219e+00
3.284338768584833979e+00
3.268238585015055264e+00
3.215389679352138153e+00
3.189858533166731736e+00
3.182369616763842668e+00
3.157562997758982526e+00
3.187593351329833791e+00
3.149613208357022298e+00
3.135383486040058454e+00
3.163766767351561260e+00
3.198875650533887338e+00
3.198303463981761574e+00
3.173681598371237200e+00
3.245645824827864789e+00
3.303152896578082309e+00
3.327689866804437901e+00
3.328304015613623879e+00
3.267361334053886956e+00
3.276831126673599659e+00
3.249853525917567598e+00
3.258693093066583391e+00
3.298671111968417335e+00
3.343714539242466977e+00
3.444647647460910900e+00
3.499958492605200089e+00
3.520201965119020837e+00
3.541057135069914708e+00
3.564038584295491141e+00
3.566662776680438185e+00
3.599741443777781047e+00
3.528489916165551410e+00
3.499147513348618954e+00
3.498564277713353654e+00
3.485287517458229178e+00
3.473864693487641819e+00
3.474534611657765559e+00
3.479503491665843828e+00
3.531752200493504468e+00
3.463273549948576058e+00
3.509646050875449230e+00
3.489420229129360784e+00
3.465750559394771724e+00
3.484174405323785972e+00
3.495368784105882920e+00
3.540691820109441057e+00
3.479345135797303978e+00
3.475792721676223884e+00
3.427205709892437557e+00
3.396379499165509852e+00
3.322096386007845403e+00
3.322362760304147233e+00
3.290695528275587645e+00
3.243254625819282921e+00
3.263738713277652526e+00
3.224935776225607231e+00
3.233051578767872858e+00
3.270602024175639055e+00
3.224695903378583584e+00
3.269787886298722412e+00
3.302746179831852036e+00
3.265050040257173602e+00
3.237846432325431678e+00
3.169520146960280282e+00
3.197422342467180378e+00
3.205579563903613760e+00
3.208054546131942963e+00
3.238673160996930367e+00
3.271590028517595616e+00
3.241437683924001334e+00
3.241505417558524282e+00
3.315907922984815848e+00
3.296136396044955230e+00
3.305091877995965266e+00
3.344525276187847673e+00
3.313749634212032724e+00
3.330127957845589126e+00
3.297819154956193710e+00
3.358682839982865875e+00
3.353705882471022637e+00
3.401928475683298370e+00
3.347306623992339691e+00
3.369205693463250828e+00
3.381708739373418648e+00
3.230349447332850676e+00
3.205666163327236973e+00
3.217007484153968644e+00
3.201196904921667752e+00
3.197749121306540765e+00
3.249490974393100196e+00
3.233285668982888161e+00
3.217215707432468097e+00
3.223259030287823013e+00
3.185359743475025596e+00
3.199343823853846747e+00
3.234463689895605842e+00
3.163734871099717072e+00
3.181566244080253458e+00
3.170319217874220108e+00
3.059242021714449589e+00
3.113269251827730510e+00
3.074045712862724322e+00
3.080742220026540412e+00
3.007600067927419296e+00
3.022727086405747610e+00
2.979574016008954107e+00
3.103243648088861661e+00
3.013544020447763039e+00
3.049458016178820063e+00
3.103691100782388634e+00
3.100564633432925543e+00
3.091068583526274782e+00
3.158672495756308596e+00
3.204312478102685269e+00
3.167496842300617566e+00
3.144768852420531946e+00
3.175410401189468157e+00
3.192196470801183406e+00
3.192573555907945781e+00
3.227835368810699546e+00
3.216896538750164680e+00
3.237394838980104605e+00
3.246544337667133018e+00
3.213164004159744458e+00
3.332130402960100213e+00
3.363686243983698532e+00
3.416463514576396410e+00
3.489262198668351633e+00
3.529796084444055904e+00
3.520860625852567871e+00
3.476758344021122049e+00
3.353720241051070694e+00
3.389522660407313204e+00
3.345116871901181455e+00
3.380458988352360361e+00
3.415720376741870901e+00
3.381460403843449480e+00
3.377346458179160571e+00
3.313272598042540373e+00
3.310931540460436029e+00
3.346399272444922524e+00
3.310058123193932111e+00
3.244703282909059627e+00
3.244292403897001797e+00
3.254859620293979905e+00
3.237636573590248812e+00
3.243324081133414083e+00
3.227164410985552401e+00
3.219076378928254378e+00
3.209208464243333836e+00
3.219073862473511571e+00
3.203566773038696525e+00
3.201452005308256243e+00
3.247221370312400435e+00
3.240149012477985480e+00
3.201711731577988829e+00
3.272588416148653145e+00
3.289555365895448169e+00
3.376227864120671107e+00
3.365109055108749914e+00
3.374591850549774730e+00
3.408291635368733807e+00
3.349451603418513113e+00
3.390537763459708920e+00
3.367071867228441207e+00
3.320848585489188931e+00
3.365730436889728949e+00
3.422880117314881954e+00
3.409328079720105986e+00
3.346389745134847438e+00
3.319846047734804628e+00
3.332279212790438372e+00
3.359627569400950531e+00
3.389656035714356808e+00
3.390548211072372808e+00
3.417633655564085604e+00
3.407111971532897243e+00
3.431479114492276494e+00
3.431474455744925489e+00
3.428416298176763632e+00
3.533820170363280333e+00
3.503133091851294623e+00
3.520897814358161071e+00
3.442421409363218388e+00
3.419417697282474133e+00
3.390026901027517248e+00
3.367125539698883507e+00
3.402524291489529062e+00
3.404235432018817509e+00
3.423873541059389236e+00
3.428515629288620747e+00
3.402858392350013528e+00
3.366589949995741904e+00
3.386865511651675487e+00
3.415397004606438802e+00
3.319225440463565047e+00
3.314278176335002435e+00
3.259881464193724820e+00
3.259339340631645321e+00
3.246972615727575118e+00
3.158379181115195333e+00
3.140832482195820674e+00
3.129147334175471418e+00
3.073992097341547325e+00
3.107677033520233500e+00
3.111985359868076451e+00
3.118324142616402117e+00
3.099861400759933883e+00
3.079704290796122734e+00
3.131657733584677139e+00
3.130523385423652716e+00
3.157076795756394105e+00
3.185162526643667835e+00
3.198503588270417808e+00
3.207988133162519517e+00
3.186649387582350723e+00
3.171747163883821052e+00
3.137594085972230218e+00
3.191402042209305900e+00
3.173704941486908293e+00
3.256913990990715657e+00
3.225885389274504966e+00
3.226727833252836852e+00
3.271676392031862335e+00
3.263465041617385598e+00
3.248074099810773330e+00
3.274408065304025506e+00
3.137320021563227090e+00
3.122961915870229976e+00
3.094388822209117151e+00
3.084658177414413949e+00
3.055258461266435521e+00
3.005683117095749424e+00
3.032989649561735668e+00
2.984907776102947885e+00
2.993330767337948117e+00
2.994114697019559124e+00
3.009796450748023044e+00
2.997889608247523707e+00
2.962764214858146783e+00
2.940037526477072394e+00
2.939586487425300376e+00
2.970267065608827917e+00
2.921115225750082978e+00
2.918151367883075054e+00
2.909367738634235590e+00
2.912074918150477032e+00
2.938009736921795678e+00
2.919368299811963219e+00
2.919380244351545528e+00
2.965045042182977486e+00
2.951059337021240569e+00
3.006941317481584441e+00
3.026579629747092159e+00
3.018665798712037773e+00
3.008890529859770790e+00
3.029998805067987799e+00
3.074807964247707748e+00
3.088536091323797805e+00
3.095053252097259122e+00
3.064585987929941524e+00
3.069955336209879260e+00
3.046334662141263472e+00
3.036333392294855216e+00
3.089652754192228290e+00
3.167857096975682740e+00
3.161035761475623040e+00
3.165456748812095711e+00
3.207704065506381319e+00
3.198894542428018184e+00
3.236318176102795263e+00
3.211847265172410815e+00
3.236664596287289974e+00
3.218035133167132411e+00
3.268080242891033826e+00
3.231196030113095752e+00
3.258257141250682221e+00
3.311831827108073334e+00
3.310505285709456125e+00
3.242335023176727393e+00
3.277526312566081845e+00
3.247411637350889890e+00
3.290422978123562547e+00
3.227778172411598590e+00
3.132329816777289277e+00
3.192161218339228057e+00
3.065508017585399703e+00
3.046098941774931568e+00
3.102662142441904081e+00
3.047819018560311122e+00
3.035004594599580052e+00
3.041235976263746643e+00
3.033888730817253521e+00
2.979204721426880198e+00
2.956609186736393724e+00
2.953288097112721111e+00
2.983755172800713673e+00
2.952243527175546500e+00
3.003635614941055021e+00
2.973901449589811286e+00
2.997483968538485755e+00
2.907416088558601341e+00
2.930770249473548361e+00
2.929959175482144129e+00
2.992993434570319966e+00
2.978333182504124377e+00
3.055017609887678454e+00
3.052444683762190358e+00
3.141895813417480365e+00
3.283326799212912039e+00
3.208029614009505703e+00
3.347658743421491501e+00
3.352359236269657039e+00
3.318083189384833265e+00
3.338855417195827791e+00
3.307525553968338361e+00
3.374906070832686567e+00
3.313098001751129118e+00
3.351033234452715170e+00
3.399185430435931909e+00
3.405922867276800048e+00
3.440256821405166310e+00
3.397518737789486210e+00
3.317946190192947675e+00
3.302090236523485878e+00
3.269896053705627192e+00
3.332770537594085702e+00
3.331929743687077838e+00
3.403236693922880196e+00
3.385759897294049026e+00
3.414552745115979615e+00
3.288679896568881045e+00
3.288430529708206596e+00
3.247570872199708969e+00
3.231485795774188929e+00
3.296547798906873439e+00
3.224927738509671293e+00
3.248184695168188529e+00
3.260419333062140268e+00
3.267307197851731182e+00
3.299517508865111637e+00
3.218934685017747377e+00
3.294674726235535367e+00
3.264745377650846159e+00
3.261984749793332306e+00
3.293740368881413971e+00
3.286580577984125728e+00
3.339157327251267571e+00
3.383345740748643582e+00
3.393438401379739400e+00
3.398170477046802862e+00
3.479153108449435372e+00
3.443324281006638454e+00
3.426891097794332541e+00
3.481294500083833121e+00
3.414320505667368888e+00
3.513831957380224580e+00
3.439829957888180356e+00
3.456268225288239293e+00
3.463513440799434573e+00
3.407588455744164690e+00
3.465067708973637028e+00
3.448284645382810432e+00
3.433694499819675450e+00
3.500080017796047827e+00
3.453091637653505241e+00
3.481810718832996976e+00
3.481915468424995552e+00
3.502492663711913590e+00
3.519605946456135559e+00
3.509809546031445127e+00
3.545036015514765548e+00
3.565201385117084509e+00
3.583398677285073219e+00
3.557917080250749819e+00
3.564229493070412147e+00
3.448106646391192243e+00
3.438671678616903815e+00
3.419666833708472353e+00
3.348536013533861322e+00
3.368808519618857744e+00
3.283060158481513557e+00
3.346176774445923208e+00
3.345724006881047430e+00
3.330224805780867658e+00
3.363837678990213576e+00
3.340262909324279050e+00
3.289204606887521365e+00
3.244967118156114605e+00
3.197709988419947358e+00
3.249614972501872145e+00
3.246498011767670278e+00
3.271610022896858094e+00
3.270903632507286662e+00
3.253279162468340591e+00
3.206992169958367889e+00
3.142651768177687543e+00
3.072103025919062702e+00
2.970031182960271021e+00
2.978601823368291601e+00
2.934593842425201604e+00
2.974759400227434902e+00
2.991926336507570561e+00
2.978295671714109361e+00
3.028850821717754549e+00
3.080254861350447460e+00
3.125048424074884146e+00
3.118129582709760594e+00
3.101841959968212326e+00
3.133670992612441975e+00
3.148439544697542392e+00
3.120463324301533170e+00
3.127985588076730217e+00
3.168443279483031727e+00
3.150974679220061692e+00
3.148018466148899908e+00
3.136890146752959296e+00
3.104898604871720202e+00
3.122153626741667409e+00
3.113593095186519388e+00
3.131503747546293681e+00
3.149340437954174732e+00
3.183528276221661013e+00
3.236525638307719444e+00
3.274814988001732985e+00
3.367264046962064938e+00
3.387369877752191893e+00
3.320472165918996410e+00
3.318459359089727112e+00
3.197346656405085419e+00
3.148038564222133129e+00
3.185874049694749743e+00
3.180465818641849740e+00
3.193866587268388457e+00
3.179094551585268214e+00
3.195945533195349686e+00
3.265535121522447071e+00
3.337667602524631683e+00
3.325771123121684880e+00
3.366581627204613625e+00
3.350181682017210782e+00
3.398975551414401330e+00
3.396135486899329425e+00
3.359248596539841092e+00
3.386878135177536109e+00
3.411912861538643593e+00
3.430241775588135589e+00
3.466089392650254286e+00
3.467297159905176507e+00
3.420511386322498293e+00
3.388721981266292982e+00
3.332372787125156055e+00
3.398945349628093471e+00
3.399899004660000390e+00
3.507354705998558142e+00
3.540941152596595032e+00
3.528963876591168614e+00
3.539599758738836144e+00
3.544093764917358502e+00
3.457453280790975914e+00
3.427980158383320042e+00
3.448513974121257597e+00
3.407972197500685585e+00
3.430352986330839293e+00
3.341765516791910251e+00
3.327533613837771576e+00
3.282863162279975100e+00
3.297498082821974208e+00
3.297001754076111624e+00
3.255078399039583736e+00
3.217727199779395253e+00
3.256905857559390771e+00
3.253686115232787834e+00
3.256322781612867701e+00
3.308800706597209373e+00
3.294082410041656139e+00
3.402101522445905246e+00
3.337159822438100942e+00
3.385028330777256844e+00
3.392626502580923464e+00
3.385605005600198503e+00
3.394015394853324263e+00
3.356328205460834546e+00
3.364243966553165599e+00
3.498156347667548349e+00
3.430626588832985657e+00
3.403820203340429895e+00
3.394066839100758681e+00
3.393490556830815574e+00
3.484369002998348286e+00
3.530528911195454977e+00
3.548310998056527943e+00
3.538217737734426827e+00
3.606516236763581684e+00
3.684157150660885449e+00
3.698599528438833328e+00
3.630755877350630989e+00
3.611386600501164779e+00
3.612095628078472842e+00
3.570575799417918361e+00
3.615863389680830320e+00
3.508779690771619997e+00
3.600244750762930046e+00
3.594616958025870002e+00
3.538855909261521937e+00
3.588739236331687898e+00
3.544227703106602956e+00
3.608157902401529782e+00
3.630290858172244395e+00
3.604729735685715308e+00
3.700904994867508790e+00
3.697523495957410145e+00
3.756866011389794480e+00
3.694817237022882228e+00
3.734470616409965693e+00
3.717123420749952167e+00
3.742437611192144242e+00
3.776370577313123089e+00
3.718859163028159998e+00
3.663999392369882813e+00
3.702140552765653236e+00
3.718945932955386002e+00
3.736402895059792506e+00
3.801378870427233103e+00
3.814946877290655181e+00
3.766138094921813284e+00
3.828949163718215143e+00
3.863041375508620590e+00
3.826062545051926556e+00
3.770071820414576447e+00
3.688765063343141914e+00
3.671225247306373785e+00
3.666426413011584895e+00
3.689561971109924787e+00
3.650108582929105783e+00
3.675170365407220974e+00
3.693528672630378207e+00
3.647318832136993816e+00
3.672092518562256380e+00
3.580575944141723976e+00
3.527501703289685153e+00
3.408478634344266123e+00
3.369306852041571432e+00
3.355371253939765541e+00
3.349533969952396717e+00
3.291244725112312253e+00
3.325917546007529868e+00
3.343511335411561980e+00
3.308823421723834368e+00
3.257762019514249818e+00
3.228686442713972760e+00
3.245944137267990470e+00
3.207118042611535991e+00
3.225774172302938503e+00
3.324776160425456872e+00
3.365644950638692290e+00
3.427748188472853119e+00
3.418465710985187478e+00
3.400570571604137449e+00
3.347082411329716845e+00
3.281129754808230103e+00
3.313171796273314929e+00
3.247870530924921617e+00
3.302467149056993012e+00
3.301832758971145587e+00
3.315987017534804515e+00
3.414345702785994252e+00
3.441530913133235003e+00
3.455831483407361571e+00
3.448613918651164401e+00
3.535483206387495247e+00
3.430371227482074570e+00
3.382823679683924389e+00
3.399194474456405324e+00
3.461133332273797603e+00
3.557433798812156045e+00
3.541879279564396299e+00
3.532312537973116395e+00
3.512112111896551703e+00
3.494549168780874293e+00
3.431666409383463456e+00
3.458224147024032469e+00
3.392731037215618972e+00
3.339582083716102545e+00
3.349359964050770522e+00
3.363514853788900805e+00
3.288458501298033632e+00
3.411012123086933467e+00
3.291845287394300268e+00
3.375079969107110500e+00
3.399607835340530571e+00
3.390802108426056893e+00
3.382328329374068243e+00
3.364875507502668395e+00
3.425749251241188453e+00
3.405653049959659118e+00
3.442245691986109080e+00
3.493924031665620156e+00
3.476967298165865916e+00
3.459599123586162062e+00
3.406302889924505362e+00
3.425583227690956800e+00
3.469195878876855765e+00
3.402929548592016573e+00
3.448586314539652253e+00
3.526266056557350481e+00
3.537740422979722243e+00
3.617911938940943095e+00
3.671590451135767985e+00
3.755684200235984704e+00
3.736515037177989829e+00
3.744713898821709019e+00
3.690001563986214705e+00
3.786943229479113437e+00
3.724952045509628995e+00
3.719720530926816426e+00
3.626456999512212231e+00
3.635805401980202856e+00
3.687630524079707595e+00
3.662050920840333124e+00
3.575464172981570155e+00
3.556443244748204613e+00
3.502986204562694716e+00
3.430313388381883044e+00
3.421945789434457819e+00
3.355777861353725022e+00
3.350706374448161551e+00
3.278609420370900196e+00
3.395131879625656879e+00
3.349813199207261949e+00
3.345309206124855272e+00
3.257268599783869956e+00
3.202227574992811299e+00
3.145632955695288224e+00
3.128753058777092200e+00
3.126653866689789396e+00
3.112307839769134610e+00
3.075085003782392246e+00
3.052302785885953273e+00
2.997837045534948786e+00
3.001635828257488203e+00
3.101129146056268659e+00
3.039749505018552345e+00
2.988010459021556375e+00
3.020425684126611721e+00
3.058988193473630712e+00
3.116710339753393733e+00
3.103610853126451907e+00
3.143487731550681730e+00
3.177415876657631255e+00
3.171303051979954546e+00
3.113154411832887547e+00
3.150570911481661796e+00
3.137827834949864947e+00
3.122573294531222565e+00
3.121193796419102107e+00
3.157013060317170439e+00
3.179022127153220190e+00
3.260083860934226418e+00
3.238264711792942840e+00
3.261310179042774315e+00
3.318983090004418823e+00
3.361983062326513672e+00
3.396383295232565658e+00
3.447147530470500598e+00
3.473011631110052733e+00
3.459656747594737514e+00
3.512208066559389330e+00
3.483732983574041597e+00
3.396256565714799613e+00
3.320401371422082359e+00
3.297677136108656537e+00
3.333934780097534745e+00
3.354309996322304865e+00
3.313402219868902154e+00
3.369657616760340257e+00
3.373933621655236692e+00
3.259599582320004796e+00
3.180313000668010037e+00
3.197886902206011683e+00
3.129422438150267993e+00
3.125602743316484577e+00
3.084569108413194538e+00
3.047395754706332394e+00
3.053168912794332890e+00
2.975778080845755902e+00
2.934077821436018585e+00
2.860657556600028961e+00
2.808485967796524374e+00
2.812070654043386853e+00
2.732981748030263169e+00
2.732621034084476097e+00
2.681891273744459347e+00
2.715037251688407594e+00
2.750792444306501494e+00
2.802952521305026146e+00
2.753476600749074965e+00
2.705669648383306036e+00
2.696520720339024901e+00
2.669048315812937666e+00
2.637806139757797208e+00
2.637052856877309726e+00
2.692792909337533125e+00
2.723271279966398506e+00
2.742305652792333959e+00
2.763191301943477729e+00
2.768020199866106257e+00
2.805569956024174250e+00
2.806015400645287095e+00
2.809348897248893806e+00
2.897951598718449429e+00
2.914492046680706938e+00
2.990078622443704592e+00
3.049891305382136597e+00
3.017908520866103839e+00
3.070667024744933471e+00
3.065383835593789907e+00
3.121502393288406285e+00
3.085780999805245450e+00
3.097056956527040938e+00
3.128680177543774921e+00
3.164417521774665065e+00
3.243055958137623929e+00
3.242260863172018670e+00
3.220139773436149877e+00
3.259736652022690251e+00
3.291422398218176060e+00
3.383819357750998069e+00
3.392803822335410668e+00
3.353408898602173061e+00
3.368069616922868548e+00
3.322775980780431571e+00
3.334964856634734076e+00
3.306929152994042553e+00
3.318588972362277900e+00
3.311327752521843859e+00
3.293904837099527416e+00
3.279389949964507167e+00
3.253555352733037420e+00
3.262998474014834116e+00
3.316363655006840716e+00
3.260785571448637121e+00
3.296909439161936017e+00
3.333609050462510659e+00
3.289663309076377384e+00
3.261451131395356917e+00
3.224565464263566827e+00
3.215913205919280315e+00
3.257846307565684718e+00
3.316430251485158909e+00
3.384535657738746206e+00
3.359634732177687155e+00
3.286452740543165607e+00
3.289121789344923830e+00
3.353941511118601504e+00
3.363155262642369081e+00
3.441306922343798202e+00
3.434600293965962781e+00
3.460238882909243863e+00
3.439512409794436287e+00
3.399463003190168031e+00
3.368033989742484913e+00
3.272652038631818083e+00
3.259613544593077172e+00
3.293210341787896844e+00
3.297385139320461622e+00
3.363600438992581321e+00
3.310524134247509132e+00
3.337056366940873708e+00
3.348034609258164096e+00
3.381208112706986846e+00
3.462276353718581667e+00
3.450944409035006988e+00
3.412716868919084767e+00
3.450185220955132692e+00
3.468959785363340931e+00
3.487911059317889695e+00
3.517139867069979164e+00
3.559258919940111454e+00
3.511804664073700621e+00
3.503144904590650643e+00
3.460221341054650068e+00
3.457931153415623626e+00
3.470848630507272325e+00
3.482762236686070434e+00
3.485089238006847445e+00
3.508656506633804462e+00
3.628374753888193638e+00
3.663454494675394635e+00
3.612784699045990422e+00
3.606329707021608932e+00
3.597246129045436724e+00
3.656919534793502180e+00
3.578619612380424364e+00
3.579725773570483938e+00
3.538816543343871412e+00
3.468143729624891147e+00
3.479284450540835572e+00
3.424084042410223905e+00
3.423733452986834180e+00
3.316021591092592313e+00
3.299720607730208588e+00
3.324731603634329957e+00
3.321983109357173447e+00
3.304893067468707812e+00
3.268580163240166758e+00
3.279677948208468585e+00
3.234066162571377134e+00
3.242355900017512393e+00
3.242000744792743028e+00
3.301781478030871853e+00
3.337269979810959075e+00
3.326615640173651745e+00
3.336079500692337607e+00
3.368950446535329490e+00
3.366481850334917425e+00
3.344021642587077903e+00
3.278460976842823005e+00
3.309676845773839471e+00
3.322808637258062969e+00
3.328192248522170882e+00
3.412501348748734564e+00
3.363791099913456595e+00
3.433165547428139064e+00
3.401856211889837223e+00
3.379043054589203177e+00
3.422110548030262489e+00
3.378612352886380510e+00
3.339660237062926917e+00
3.313591009154076339e+00
3.294877432024078789e+00
3.271848190951853752e+00
3.350431502742964973e+00
3.309384250940196726e+00
3.359303864928244732e+00
3.312472466186875408e+00
3.266229141996736640e+00
3.294937373051680218e+00
3.299001673398773260e+00
3.340069534914149152e+00
3.291249744030570135e+00
3.340992205310611141e+00
3.355859728138079756e+00
3.372642505929691392e+00
3.394103434962334020e+00
3.356972890012207333e+00
3.314443406921862234e+00
3.379659665759590759e+00
3.405825395119955523e+00
3.433051707632755356e+00
3.531302852090514754e+00
3.439608127119204273e+00
3.439148204790376973e+00
3.436652625272638151e+00
3.473648839413527867e+00
3.546344246116317489e+00
3.563140339157662595e+00
3.483915437169639251e+00
3.454976186087801437e+00
3.418936347724975899e+00
3.428887483922818280e+00
3.473883615958944571e+00
3.431816087358417366e+00
3.422896572612807109e+00
3.361465273798874609e+00
3.387855032121525500e+00
3.335436071843588479e+00
3.401029643352407650e+00
3.297112793151789845e+00
3.197633532205617968e+00
3.236321655563480171e+00
3.193705494233134434e+00
3.153231034860033866e+00
3.021863396376570421e+00
2.952050832642953093e+00
2.908217791616085623e+00
2.917414080935977427e+00
2.893519996079233270e+00
2.859970048830736467e+00
2.836667825002695764e+00
2.796314965800765773e+00
2.737871815445779955e+00
2.730335813358407027e+00
2.721175049967520465e+00
2.645932925570628758e+00
2.631918611162825883e+00
2.601635031866941894e+00
2.566661375868016126e+00
2.512452566471650606e+00
2.486803010797748126e+00
2.416405875317469309e+00
2.410571317186946949e+00
2.381987377365947012e+00
2.405353776614351791e+00
2.427667107272383884e+00
2.399895737736787549e+00
2.415591210965247537e+00
2.423677226843004906e+00
2.489962497731267987e+00
2.494154750587369129e+00
2.511787977471368283e+00
2.520557813888472776e+00
2.553260132106532243e+00
2.577000551731959188e+00
2.592762076276569516e+00
2.608833669114098530e+00
2.678141922192761815e+00
2.703429212227721479e+00
2.748922006491304248e+00
2.844445340202786721e+00
2.881703475443197160e+00
2.906330168245664147e+00
2.994745290607569554e+00
2.937119322546112965e+00
3.036258731142396528e+00
3.092646610785245720e+00
3.145580015753759451e+00
3.136912429790919887e+00
3.219106190229597431e+00
3.240299271758928956e+00
3.241917343471779844e+00
3.237461653111862070e+00
3.273844024211635784e+00
3.301267908354444724e+00
3.374579426742065902e+00
3.357541939040514567e+00
3.374903498720520201e+00
3.377136403553419264e+00
3.372748515399445868e+00
3.359250237682259055e+00
3.328942130080306594e+00
3.302996752180400009e+00
3.271563574195878399e+00
3.310638931926535466e+00
3.196970276493265040e+00
3.161035687046378939e+00
3.161032297183420159e+00
3.150174075182547551e+00
3.253342587265816377e+00
3.264682758627641679e+00
3.305966756580474897e+00
3.273238955046622323e+00
3.206002089491522877e+00
3.169828451425952043e+00
3.218296183162287161e+00
3.231390281033668099e+00
3.295100900789194931e+00
3.292275942614992346e+00
3.238847080668937117e+00
3.215866136165112632e+00
3.227401028642249425e+00
3.274309825790391315e+00
3.239053128149759431e+00
3.258843087059777766e+00
3.254175858277207123e+00
3.292458114590617324e+00
3.288155774455316038e+00
3.306511712878239084e+00
3.256405636154663163e+00
3.341075292017409826e+00
3.388824050652075481e+00
3.428628854403439341e+00
3.365821094195108110e+00
3.374749532344057279e+00
3.328586804557810197e+00
3.301725379556097462e+00
3.333508669274519498e+00
3.400127868062495118e+00
3.440248226243174834e+00
3.448228685468326393e+00
3.458478924245020458e+00
3.460607101837823052e+00
3.422464454285888191e+00
3.481816945514012662e+00
3.552390637080950597e+00
3.610693911853090743e+00
3.587561319258852244e+00
3.617378380327988197e+00
3.651089774220791728e+00
3.638497474787407260e+00
3.646808079059409735e+00
3.580478224698722567e+00
3.492673966974985778e+00
3.493450472759847880e+00
3.456124924864267811e+00
3.309618856209959770e+00
3.282679331449561033e+00
3.248654598556858453e+00
3.245124663384300501e+00
3.230596179006372637e+00
3.200184728199806372e+00
3.179828633783623903e+00
3.158150576833969048e+00
3.106026884577980152e+00
3.020160017774208061e+00
3.050883283677724211e+00
3.044764709874130837e+00
2.963489978902118516e+00
2.896724792089363287e+00
2.849266296218152750e+00
2.799633650689264286e+00
2.757534882798895470e+00
2.779379049509403732e+00
2.761959079655169180e+00
2.782563269503240289e+00
2.770658557882138329e+00
2.809788429060255055e+00
2.914441920220776083e+00
2.912618227784089520e+00
2.943379368201025859e+00
2.995209767556751057e+00
2.979132713225195239e+00
3.060268639589089901e+00
3.073824966446669915e+00
3.098827903035071607e+00
3.190735203153850286e+00
3.174338750987769853e+00
3.230621267309451206e+00
3.288225971256622859e+00
3.309416015401092093e+00
3.307561961193495215e+00
3.272786300388732528e+00
3.355606878334903342e+00
3.433115161225147816e+00
3.452326554711649287e+00
3.468346907160368087e+00
3.496732598226497402e+00
3.525946804840398130e+00
3.547761825201735331e+00
3.467225019518907825e+00
3.525438210242471282e+00
3.549385485506614035e+00
3.495376079686802306e+00
3.526762365381945319e+00
3.529702124842296840e+00
3.527397158969248547e+00
3.572008655364820040e+00
3.608405598409048398e+00
3.639529739848095247e+00
3.647036171853742736e+00
3.595018603695946169e+00
3.551553663920372195e+00
3.568461154745161679e+00
3.529868352104937657e+00
3.504291480693168204e+00
3.497545938133577614e+00
3.468017159449240605e+00
3.457789268859985388e+00
3.407576490926516932e+00
3.454472596096765269e+00
3.458326345571454574e+00
3.450778780074568619e+00
3.441760719165055438e+00
3.406779014979503639e+00
3.521587147353547831e+00
3.439350422167205323e+00
3.473721563093997045e+00
3.503682042095292992e+00
3.465951146869157284e+00
3.444307019064838826e+00
3.479332961318004180e+00
3.498245753713447037e+00
3.475302440637666468e+00
3.445085086012336539e+00
3.463683153082097732e+00
3.433699337431897813e+00
3.493149126816824435e+00
3.457026770425169371e+00
3.449653623228282839e+00
3.538436467233558425e+00
3.492386700633036689e+00
3.473306881196597473e+00
3.511278714064460793e+00
3.546666273183629148e+00
3.500680917160280625e+00
3.532019257178538929e+00
3.572133058763337754e+00
3.419335631260543185e+00
3.465860782997265854e+00
3.345790270733105753e+00
3.412819729340235142e+00
3.353838446729455747e+00
3.323132514414535610e+00
3.319514371788948370e+00
3.367069231177358901e+00
3.376479285818513087e+00
3.366416718945106190e+00
3.327436349573075880e+00
3.340093434879132239e+00
3.227687995366924856e+00
3.302331757444724847e+00
3.301805237322653852e+00
3.326604794009190513e+00
3.395324450333741417e+00
3.357790745181620906e+00
3.447961619671756406e+00
3.431672447590273123e+00
3.444527714817712916e+00
3.422504048183226288e+00
3.434957511036676792e+00
3.411272822385527537e+00
3.384939434315527240e+00
3.418811538084294721e+00
3.373392431573093653e+00
3.446870224458088661e+00
3.435232047224209495e+00
3.478500601221318878e+00
3.501735476258256874e+00
3.415502425356192973e+00
3.348112149504536283e+00
3.296763907252151071e+00
3.295718645994062612e+00
3.282956175754323080e+00
3.248773590568716063e+00
3.378215187762318994e+00
3.296052998068966566e+00
3.346876403434880132e+00
3.343324664871241580e+00
3.321972119543923796e+00
3.385240297576766366e+00
3.356424926401907705e+00
3.491379557826502111e+00
3.477872281095787610e+00
3.456276944091529746e+00
3.477993444608742379e+00
3.431933834325095578e+00
3.412223930541224970e+00
3.502411573493865227e+00
3.530469806531211674e+00
3.502313689924652085e+00
3.492059106471389285e+00
3.463161570550876256e+00
3.505566986180021161e+00
3.579462944771010680e+00
3.648480016372670498e+00
3.694846650824165302e+00
3.691969278410605071e+00
3.753812038016044017e+00
3.748544319168226835e+00
3.682161054833983815e+00
3.728356244124681584e+00
3.609907265432925616e+00
3.601981352724114682e+00
3.544966364371620049e+00
3.530054635584543021e+00
3.542653320942947826e+00
3.491842740777444387e+00
3.484722414765396792e+00
3.517752791471985052e+00
3.509754735773388035e+00
3.552784570681253751e+00
3.588604224998856562e+00
3.629708926140993608e+00
3.635032580077587561e+00
3.662597950043879003e+00
3.581795786115344438e+00
3.599746965481918082e+00
3.501639184336471367e+00
3.513124205945895362e+00
3.481174681402379179e+00
3.460691683575586097e+00
3.482490261196070858e+00
3.454655476185052976e+00
3.492908019658486740e+00
3.513767012317975169e+00
3.470442434687780686e+00
3.491455169752423870e+00
3.486390567248832895e+00
3.455711064159729062e+00
3.430507925020972682e+00
3.412513613877429464e+00
3.457892690893289878e+00
3.458892146131902656e+00
3.339165782104136948e+00
3.339346708609820080e+00
3.385256995709699623e+00
3.342541525207542108e+00
3.276129698913323285e+00
3.230616722894391390e+00
3.296777571300529619e+00
3.336680642150017917e+00
3.299002809923923696e+00
3.369196172030341607e+00
3.387668193867583444e+00
3.311688264919647295e+00
3.346220847843464075e+00
3.311750956887093977e+00
3.338430675787808610e+00
3.359331671619199433e+00
3.259016817265546262e+00
3.256660162685807158e+00
3.262637001119341740e+00
3.221916190985883777e+00
3.176886360051535796e+00
3.196837271660103674e+00
3.204463299972552193e+00
3.210779104346225488e+00
3.190336873960787578e+00
3.267361172820355542e+00
3.246712585980754628e+00
3.218329753948162786e+00
3.296930880333511116e+00
3.341720848806091659e+00
3.355497592561977882e+00
3.280651324615399211e+00
3.258483602671743640e+00
3.306479408627270189e+00
3.234987495217163112e+00
3.259481111996611613e+00
3.302224370739768489e+00
3.302344683890908961e+00
3.338572317174519188e+00
3.284092873530631618e+00
3.255819092605237053e+00
3.313868330892704162e+00
3.394996702647250508e+00
3.422587110597330451e+00
3.436020373037560027e+00
3.509159676860126087e+00
3.419357445978854937e+00
3.424190947059664314e+00
3.359523757641412978e+00
3.297432782494363224e+00
3.393188407361053205e+00
3.411154580115547397e+00
3.404696871722155738e+00
3.372605331298584641e+00
3.347711598202211647e+00
3.269464848659005440e+00
3.300376631569166275e+00
3.315678953222008118e+00
3.259808258625292776e+00
3.329133715912536484e+00
3.223906220512873677e+00
3.272363693606228363e+00
3.230811907226458057e+00
3.178462830207425149e+00
3.177204991003290235e+00
3.163220125239206482e+00
3.221710187548734616e+00
3.142653333101369295e+00
3.156015521907949317e+00
3.173776377288281214e+00
3.227475732816847298e+00
3.218461965535631464e+00
3.191874488259142773e+00
3.133591318241623291e+00
3.123811641977560338e+00
3.053708035125334952e+00
3.076662251542509718e+00
3.074457713326149033e+00
3.106146227601377596e+00
3.084230778655442151e+00
3.157250229306955092e+00
3.157696540183410061e+00
3.147934319111142187e+00
3.186509098478203406e+00
3.153319048878208353e+00
3.230931351842190935e+00
3.224032953258833434e+00
3.218215460219088442e+00
3.269007721428804913e+00
3.336665165948015321e+00
3.350711376289063903e+00
3.317883561373859536e+00
3.373292681538246907e+00
3.371830880165002320e+00
3.385418687267060633e+00
3.348243743334761824e+00
3.458211446084165530e+00
3.379789214856668167e+00
3.473268832817407059e+00
3.576427804002700217e+00
3.550303504365571516e+00
3.550094142758410065e+00
3.486301567991260786e+00
3.388586043833360595e+00
3.424084688229275475e+00
3.476801210698061695e+00
3.457100975108850172e+00
3.472853389622943432e+00
3.422434873068728400e+00
3.477912393338576713e+00
3.422914879565633228e+00
3.429396714280764424e+00
3.398532771688594245e+00
3.363170705745006206e+00
3.372379294264709504e+00
3.331966423265743327e+00
3.379162270088888143e+00
3.255246245770028857e+00
3.244311602965215702e+00
3.204415045591707756e+00
3.229438478113791700e+00
3.196206733059951954e+00
3.267711745231701048e+00
3.276005184613275834e+00
3.262218395012639771e+00
3.337174251341576969e+00
3.326177922262584463e+00
3.376001091793113140e+00
3.396438107353280333e+00
3.394951367439131840e+00
3.352983625382989885e+00
3.321645582167680910e+00
3.330327152351507447e+00
3.409435228106949545e+00
3.307617906347825265e+00
3.402666167849445866e+00
3.328709026057776299e+00
3.373948415249303334e+00
3.392154053044699857e+00
3.377604609676490899e+00
3.433503386201997909e+00
3.314956068292343794e+00
3.458207731440710031e+00
3.436173129797875259e+00
3.461151321646060541e+00
3.373713403412520240e+00
3.414666486804452283e+00
3.353713450291201603e+00
3.303111089091348873e+00
3.298859932440697751e+00
3.245919597797017886e+00
3.218233615921900270e+00
3.233699380543841428e+00
3.197893654884480519e+00
3.162214086293925863e+00
3.060205410786985603e+00
3.086076519349441494e+00
3.056589499359433137e+00
3.000699276118214964e+00
3.020294454908082127e+00
2.997184969435109814e+00
3.011412600493886149e+00
3.021891508092263035e+00
3.022258392559354689e+00
2.961073563294095212e+00
2.960512233006222793e+00
3.012368529011412832e+00
2.911786133041101454e+00
2.946316396434067286e+00
2.935547981607329771e+00
3.004307906702309516e+00
2.877726541188840859e+00
2.916940140505515089e+00
2.915113680664001006e+00
2.926558592424287397e+00
2.978531835759612445e+00
3.005215238977560155e+00
2.953165783623215024e+00
3.055873052392253708e+00
3.099407466898260299e+00
3.219430864713906715e+00
3.203596025295654126e+00
3.234022237763696683e+00
3.282719420190683746e+00
3.259367836556807951e+00
3.262955485433994163e+00
3.299283029518829125e+00
3.274847776142021161e+00
3.269802782819243969e+00
3.323062534213498953e+00
3.290558426658949820e+00
3.302352588391731292e+00
3.400046587843095214e+00
3.359365609331566027e+00
3.364176329276437727e+00
3.316472298447846079e+00
3.445916015853317749e+00
3.470335319391117057e+00
3.477188669758507711e+00
3.465105318152870151e+00
3.358300732197360805e+00
3.345682662816048758e+00
3.381150039261765716e+00
3.268251979458699275e+00
3.283254168819248697e+00
3.244286753347470409e+00
3.267743384700332765e+00
3.301711888643636517e+00
3.325075443219432270e+00
3.337756906423505310e+00
3.290962739685643790e+00
3.225804854001097066e+00
3.240970554253419067e+00
3.234510717471767549e+00
3.184374291211060193e+00
3.155865278956014208e+00
3.153493356617830035e+00
3.173068918186475074e+00
3.191940131384493284e+00
3.183323077766577747e+00
3.175998453652479014e+00
3.148956312678309999e+00
3.123209019236180772e+00
3.121698637062107817e+00
3.113500153749947597e+00
3.219358309892087266e+00
3.222111422857466767e+00
3.226170395856508666e+00
3.256811634507386533e+00
3.250259141423436304e+00
3.311378563456191415e+00
3.281683484452165622e+00
3.221767575654005178e+00
3.211283600563269669e+00
3.240428545549943529e+00
3.266312500439838118e+00
3.297609427118254555e+00
3.277086715110993254e+00
3.268013290677342031e+00
3.283019278087350390e+00
3.335651984133044312e+00
3.308306036868684075e+00
3.293654137290094042e+00
3.323128552347901277e+00
3.359014571810741590e+00
3.384585008958108876e+00
3.298244882451002447e+00
3.330723299821350292e+00
3.392216077487287151e+00
3.459273653438909246e+00
3.446838647691214952e+00
3.454783684759558771e+00
3.472288876653752521e+00
3.500614191562637423e+00
3.470588417969493467e+00
3.373896606427429834e+00
3.394326795293078458e+00
3.394621461219700098e+00
3.344489041571192534e+00
3.302673728810675335e+00
3.311859800992129177e+00
3.296387950309347836e+00
3.325218866100380311e+00
3.359294393347787899e+00
3.309405304640901324e+00
3.306581456526887841e+00
3.321157449952849117e+00
3.268980696623303928e+00
3.259729893734236050e+00
3.225385904671648429e+00
3.212434945926212926e+00
3.289816279014286859e+00
3.289818873632732732e+00
3.231946179465789104e+00
3.171389614705259596e+00
3.112885483933145458e+00
3.039886035695212207e+00
3.024435624526763178e+00
3.028124573986553880e+00
3.053094355366102963e+00
3.027376109235232704e+00
3.000773938358188175e+00
3.032417284310729766e+00
3.051611173607780447e+00
3.039032067164852080e+00
3.036148791512050416e+00
3.056723217813773985e+00
3.097236336037991755e+00
3.071763360490495476e+00
3.127946248786064753e+00
3.113206573437478752e+00
3.082356477568786168e+00
3.147410610436029099e+00
3.125812092963839550e+00
3.160320096139932478e+00
3.156932000963030394e+00
3.133150036612056599e+00
3.174694204787295249e+00
3.193773078138559374e+00
3.214866302588352820e+00
3.255707946494620586e+00
3.310220791327299850e+00
3.319087515538866828e+00
3.327831076800870314e+00
3.326320212825041089e+00
3.427337208177272387e+00
3.486766141268282659e+00
3.545144553268078091e+00
3.576442181911271057e+00
3.606459675094854322e+00
3.611819204769547209e+00
3.632604880599966446e+00
3.567351446104571444e+00
3.583961470208891331e+00
3.579966633314319857e+00
3.616834341087191262e+00
3.671629835143224607e+00
3.624710742861265711e+00
3.576874397703727837e+00
3.509944440018390122e+00
3.551456913706769303e+00
3.583406490110892850e+00
3.543383979109032023e+00
3.495884776422427009e+00
3.498721717422911492e+00
3.464677053735982337e+00
3.483679179953364180e+00
3.469658814286383564e+00
3.451300693968812894e+00
3.466448789341892489e+00
3.440912736255765214e+00
3.427198442583120119e+00
3.372592963877368177e+00
3.313091399704016116e+00
3.383797545147877006e+00
3.317207702992817975e+00
3.254725412355778058e+00
3.269794960659623939e+00
3.245888101442801155e+00
3.226251892754614659e+00
3.218379630265840063e+00
3.188506742684151796e+00
3.178945036195964136e+00
3.215824848941964298e+00
3.279664381747527280e+00
3.286428848915128764e+00
3.326838312087102345e+00
3.276241958471064031e+00
3.342066829638376646e+00
3.316361223186416574e+00
3.299160608227317049e+00
3.290849908083477438e+00
3.336749661216806384e+00
3.356255046647774964e+00
3.297965844201675267e+00
3.250908756019293744e+00
3.263584892385940517e+00
3.264841339842522228e+00
3.306977383308211671e+00
3.276393742023831823e+00
3.349718126988718847e+00
3.394770829644693233e+00
3.409874794883084093e+00
3.405161686620472139e+00
3.357797869758614162e+00
3.372178485018585192e+00
3.246793825838680370e+00
3.171360509821180340e+00
3.149671504357073104e+00
3.089721788011603909e+00
3.052301502390085908e+00
3.063524209426330192e+00
3.067890957553947029e+00
3.073011105368632201e+00
3.112251977505086309e+00
3.099667792414998679e+00
3.096782860914035318e+00
3.102747419137839913e+00
3.063773923774856023e+00
3.071851039414873252e+00
3.103862725839554138e+00
3.087135193359332952e+00
3.126580147955833056e+00
3.148107892433093191e+00
3.107903053403257232e+00
3.092677115797346943e+00
3.059928247871072315e+00
3.049591159658708861e+00
3.031075637989937288e+00
3.117186598178685930e+00
3.147475076169623964e+00
3.310562234108947788e+00
3.385127911312615812e+00
3.351878234011803848e+00
3.399846863091184446e+00
3.428713888614584260e+00
3.373479584766739592e+00
3.416992939198286727e+00
3.325896579748244264e+00
3.294476285000089710e+00
3.323637991330300689e+00
3.362674500672056865e+00
3.313097733172724269e+00
3.333513886390094605e+00
3.352900265478015118e+00
3.364201531307519311e+00
3.360342453129907980e+00
3.244468559329839685e+00
3.186440821501213438e+00
3.146058215547676173e+00
3.142554544670328909e+00
3.202931317000467626e+00
3.150872464611445434e+00
3.172653236530683873e+00
3.170575943012843734e+00
3.144944103727482343e+00
3.145225926773342007e+00
3.173475725842661355e+00
3.238744706416566643e+00
3.249342373729070754e+00
3.259427106366337146e+00
3.281495863168520710e+00
3.215713129241875023e+00
3.236513641456060242e+00
3.239172400755401693e+00
3.259431875556145553e+00
3.243374350410711759e+00
3.257366761253694509e+00
3.307392822097129148e+00
3.344551904546696708e+00
3.400820207813796792e+00
3.417449601604420462e+00
3.434988567701000584e+00
3.474665454246121943e+00
3.515089005620411822e+00
3.513816029267546881e+00
3.433314730890631772e+00
3.505945674638838661e+00
3.552822434906476978e+00
3.438188642953530216e+00
3.402734561093245347e+00
3.282026073425411639e+00
3.322945587375587984e+00
3.285269244036561620e+00
3.269973906777822847e+00
3.251178822960173687e+00
3.250098243493873884e+00
3.306958732310324223e+00
3.305894756289324388e+00
3.322180551756604761e+00
3.282896162639520998e+00
3.262654701282606151e+00
3.190181574551675059e+00
3.148708392454123040e+00
3.145620779766877817e+00
3.130825693640820084e+00
3.162751615774793912e+00
3.199480433728007611e+00
3.169294751679712974e+00
3.132662450873138216e+00
3.167525742229347685e+00
3.153140436582223316e+00
3.170289291144042565e+00
3.148627702085604607e+00
3.194826509165476391e+00
3.213224439129292342e+00
3.352692966645985262e+00
3.254498649368557039e+00
3.319550422162675929e+00
3.344653581680957277e+00
3.332483488039809760e+00
3.228132128376510313e+00
3.185933017144397805e+00
3.207843584347060961e+00
3.225154549540730109e+00
3.297953707560273173e+00
3.281189888761749884e+00
3.344016313405388630e+00
3.290639156120578779e+00
3.287385653822695541e+00
3.219375136446558372e+00
3.202048693262617984e+00
3.185751836062561626e+00
3.228202152042914719e+00
3.263587594363860145e+00
3.200949578601455681e+00
3.276080644915701612e+00
3.286853918856687873e+00
3.294892759377891611e+00
3.342469691416006583e+00
3.380153194927263627e+00
3.380600094428225066e+00
3.392576464367359268e+00
3.297607917215978457e+00
3.165127892311918156e+00
3.210064510707913321e+00
3.320212666233427257e+00
3.322029060643964637e+00
3.345562525430165302e+00
3.247491184019521082e+00
3.198417939495344253e+00
3.128052590277181189e+00
3.136054854998203467e+00
3.233547804988813557e+00
3.260772830480888285e+00
3.321116933892824363e+00
3.311076848161436548e+00
3.266742388560246901e+00
3.225778145524980545e+00
3.272269651005523361e+00
3.218199520179763073e+00
3.255773494594003559e+00
3.231241265441319399e+00
3.234377998599952342e+00
3.115846367119778471e+00
3.096226475502882103e+00
3.095585825614416642e+00
3.118554919165355432e+00
3.182690889679578916e+00
3.313062120550014367e+00
3.296595801122220060e+00
3.286090953910470791e+00
3.327754923335560999e+00
3.350074552585729393e+00
3.420205689958709439e+00
3.460176485226762466e+00
3.581154440819365625e+00
3.604482975053764360e+00
3.546785403867468212e+00
3.473799276525968427e+00
3.475417765242537094e+00
3.479713396645872869e+00
3.586220548199231750e+00
3.655043120813531665e+00
3.659864604514184272e+00
3.686035570958741125e+00
3.592887184809090861e+00
3.500252455107223604e+00
3.465456557538895588e+00
3.578957574648711226e+00
3.534675091951046344e+00
3.480256339356861073e+00
3.490803354027338212e+00
3.391498725750071497e+00
3.325261182339013022e+00
3.280809300179912125e+00
3.224657853979299382e+00
3.205459786314317050e+00
3.182943806645235352e+00
3.150502432630537530e+00
3.114680377566468650e+00
3.067778838726700208e+00
3.030638265788746288e+00
2.981205620903319975e+00
2.985469740964143526e+00
2.966207393866801656e+00
2.924301406781421697e+00
2.849085243027045244e+00
2.769306741873037048e+00
2.744770858355931153e+00
2.768721759248205405e+00
2.735514798340239029e+00
2.728558197787180895e+00
2.719128551735384036e+00
2.694037107047250412e+00
2.675336562675888263e+00
2.634129920805256653e+00
2.603236405610116488e+00
2.671157029304533914e+00
2.669826476790968517e+00
2.670622072631556154e+00
2.723720499078522650e+00
2.718998196321978700e+00
2.710180302505465821e+00
2.718096857866231009e+00
2.717954650281599882e+00
2.739603169911596137e+00
2.738851333716681324e+00
2.803490848398376478e+00
2.752923533637636755e+00
2.764878624558447573e+00
2.733599328910246040e+00
2.746001721666042172e+00
2.784755823275000264e+00
2.793875735100994184e+00
2.811142908041854405e+00
2.859571358995794288e+00
2.930825692361431312e+00
2.884031795805165999e+00
2.915285486468626175e+00
2.905751247632505141e+00
2.958766833558072573e+00
2.948320180421642789e+00
2.971452641191314470e+00
2.972645029740923039e+00
2.984333934888157458e+00
2.990827836577317544e+00
3.020000091706058765e+00
2.957161059782572377e+00
2.949104815467245455e+00
2.938908204830096516e+00
2.903775407555908128e+00
2.888460843783961174e+00
2.901225440172964021e+00
3.009193791485256675e+00
2.935165020578405670e+00
3.035821101002680322e+00
3.085967975138719677e+00
3.115347332269458480e+00
3.133353948537425104e+00
3.142388119348975550e+00
3.167465202573469529e+00
3.117052597107653256e+00
3.277506472993366948e+00
3.284931402212971197e+00
3.420068625920333005e+00
3.447697040565986804e+00
3.512045887210220041e+00
3.518903755055771576e+00
3.542069837583770475e+00
3.608028354578512342e+00
3.535846905688190489e+00
3.572713091771630989e+00
3.627268219470657140e+00
3.640597368857829252e+00
3.657149425399916609e+00
3.619612072967622662e+00
3.625276537014121114e+00
3.619720815044009665e+00
3.597933389194141185e+00
3.652641502225573600e+00
3.660207798682829416e+00
3.680559228272001437e+00
3.651707472300639967e+00
3.634033274599978824e+00
3.604825786904861662e+00
3.617582850653855875e+00
3.585617428866347378e+00
3.444161894935962920e+00
3.426236621918871350e+00
3.365015675300075504e+00
3.313885345000181282e+00
3.317857002151443524e+00
3.301494031781825989e+00
3.312025885072484410e+00
3.274679268156331702e+00
3.285070796934598469e+00
3.228038979256074192e+00
3.261392416578682063e+00
3.282818781640139072e+00
3.257936161262223074e+00
3.319212253506186983e+00
3.342312969955275825e+00
3.312934559888544239e+00
3.290501445105904033e+00
3.315408317050884346e+00
3.292983428142089775e+00
3.257993562938467758e+00
3.302685293978340209e+00
3.245939240670295600e+00
3.253977098679899704e+00
3.283804303548591985e+00
3.369872314046040263e+00
3.466644501564777769e+00
3.467568489129901010e+00
3.469605591412501244e+00
3.531983447104218854e+00
3.442501693798614149e+00
3.450156031732231732e+00
3.408810861518532853e+00
3.415003777736651092e+00
3.430751169754607144e+00
3.422500828556505503e+00
3.380456325859726885e+00
3.322913743046552071e+00
3.316264797612296089e+00
3.306862707362785425e+00
3.233800524798333242e+00
3.204603295174925481e+00
3.244312193414522039e+00
3.240046324888504969e+00
3.264877210770377403e+00
3.222019044159879275e+00
3.185852930850658016e+00
3.215966079450234272e+00
3.214014471229873049e+00
3.173098040247522178e+00
3.204752786697919298e+00
3.217180681111261542e+00
3.229253364576937901e+00
3.272671382499959591e+00
3.263583503620454795e+00
3.245836430811673612e+00
3.218856666570026004e+00
3.207465420288169167e+00
3.202324920510332795e+00
3.232190028590723241e+00
3.233813601597510523e+00
3.229059320598862470e+00
3.281119914154538630e+00
3.308198857288213279e+00
3.287264145382584157e+00
3.308653688068998733e+00
3.295244494343093855e+00
3.310144612805021591e+00
3.280522420206629874e+00
3.207486374869444656e+00
3.272829379370348235e+00
3.275097474603125836e+00
3.273386773616611567e+00
3.279002853833729247e+00
3.333611721426530394e+00
3.343655107755795886e+00
3.265114610431282038e+00
3.289324984609061531e+00
3.209480737371943615e+00
3.167695200187063964e+00
3.260622441808003646e+00
3.242494472989322585e+00
3.222721361912239235e+00
3.220948752831068074e+00
3.237033866279805494e+00
3.112010792068759191e+00
3.135344307609470249e+00
3.141102766323926598e+00
3.171689881850077164e+00
3.209765089000470972e+00
3.287223672802061181e+00
3.337783716150164892e+00
3.323652650004098597e+00
3.327486486831758405e+00
3.386934763816179306e+00
3.378419827870901226e+00
3.353156757494707652e+00
3.371705252217628068e+00
3.351318486024711607e+00
3.318094939970241075e+00
3.291030384317500168e+00
3.306713335235795803e+00
3.344258934436802999e+00
3.316092234662201932e+00
3.381365894299873442e+00
3.383093586157665200e+00
3.458143579453914374e+00
3.534414681918736534e+00
3.526365085961737034e+00
3.529520696716607286e+00
3.681108885500101291e+00
3.694815426328921681e+00
3.588755450214863529e+00
3.637908148197948499e+00
3.560969898814601464e+00
3.506837774445747957e+00
3.502968054202102444e+00
3.472462799524367316e+00
3.528823325472310923e+00
3.442951754681941257e+00
3.485199661328021836e+00
3.519757097291460468e+00
3.557349396094624971e+00
3.627645411389420982e+00
3.544951845065501761e+00
3.531436285504183203e+00
3.541509532997039411e+00
3.533769953803227448e+00
3.602787846952993256e+00
3.517476803418662978e+00
3.555153841373220214e+00
3.556039084217251123e+00
3.532179542766857860e+00
3.478208793868827531e+00
3.280486271032986068e+00
3.313451424837587478e+00
3.330501112726811819e+00
3.367311859260010198e+00
3.303799009275680376e+00
3.345066845023816349e+00
3.340753755895021548e+00
3.328920957822257609e+00
3.286251942155439476e+00
3.252304331416817629e+00
3.302452840157800829e+00
3.290348822130639839e+00
3.282453044706521439e+00
3.275145453614802804e+00
3.275814692320799804e+00
3.338137827670761837e+00
3.403109076982116843e+00
3.365165957938299535e+00
3.342247998264526565e+00
3.349424696742315355e+00
3.378394748450096685e+00
3.352991847327059904e+00
3.268799442640082376e+00
3.283721825052620336e+00
3.373556176319967292e+00
3.552837049141321479e+00
3.533834141891144753e+00
3.495876063410549683e+00
3.507842302265610890e+00
3.487971956049949807e+00
3.504135888307195135e+00
3.450310035124743546e+00
3.479721965702518016e+00
3.503797256775147861e+00
3.506800958337424667e+00
3.498093215720660343e+00
3.421928007825183471e+00
3.359671650968850454e+00
3.306711204864558606e+00
3.279168551926200603e+00
3.230316079882347591e+00
3.224197953938341410e+00
3.272149722740798072e+00
3.219453383205120645e+00
3.210084164596284761e+00
3.267770067989270277e+00
3.231251144926538199e+00
3.212184444223332935e+00
3.238833343611475346e+00
3.229462594903067973e+00
3.123908123024529804e+00
3.067107282494807574e+00
3.078138641936161157e+00
3.068549757487672114e+00
3.091430199391234535e+00
3.130495475603824573e+00
3.179895946054929201e+00
3.157280295818931215e+00
3.213832649890311366e+00
3.208821865275766516e+00
3.218816459343524006e+00
3.173804209825625389e+00
3.224354910190073031e+00
3.249493915380503140e+00
3.223034807316488060e+00
3.251279462252825159e+00
3.177575215127305786e+00
3.154448266076853358e+00
3.180373737085670172e+00
3.230657339606622713e+00
3.191089833592831937e+00
3.210246403578654650e+00
3.178169000888587892e+00
3.181381558005909493e+00
3.146969926528537354e+00
3.209538984789001237e+00
3.253277928155554832e+00
3.307975958594282950e+00
3.354887071678989585e+00
3.319926021172797448e+00
3.298236199460745421e+00
3.315932343462210774e+00
3.349430592573244603e+00
3.305488741789284646e+00
3.344662976422736911e+00
3.330356654353219259e+00
3.385912999908438969e+00
3.441353288850060199e+00
3.427761152594617222e+00
3.453320614463644134e+00
3.477695094889712735e+00
3.522314414220579781e+00
3.553215526507003563e+00
3.532637862038735310e+00
3.472844963956011721e+00
3.482349907290181790e+00
3.463352038439401426e+00
3.584738241641258316e+00
3.592601611836833797e+00
3.617213027710484585e+00
3.662197106415475911e+00
3.661186961109581972e+00
3.614426483346885099e+00
3.639069113425958069e+00
3.650129857335889128e+00
3.644277324858176126e+00
3.639636419357301644e+00
3.595323327559192705e+00
3.548442056577241654e+00
3.467616764987559552e+00
3.505370725238992513e+00
3.517484299975521367e+00
3.401751978057535375e+00
3.408573558900682698e+00
3.411449616885426472e+00
3.421447929434856761e+00
3.418006285467066974e+00
3.398416133586204868e+00
3.397687072686551790e+00
3.405528800218503793e+00
3.360218531287179289e+00
3.342717217698147003e+00
3.346910974569344610e+00
3.234470962635710212e+00
3.239029296870166164e+00
3.191609548228731441e+00
3.235164539845665654e+00
3.208920059890029819e+00
3.198049983987771405e+00
3.225174138306173166e+00
3.237868921802715683e+00
3.249839386847817480e+00
3.309334814445424655e+00
3.391510953628671388e+00
3.365170856407820654e+00
3.347694491453314214e+00
3.355075163301337593e+00
3.408073628682303458e+00
3.432626331789056184e+00
3.403915936283563148e+00
3.382187312258486234e+00
3.393218260404611719e+00
3.427556670995081767e+00
3.463984408328127262e+00
3.463158477939399571e+00
3.469399284906607317e+00
3.530852530189523719e+00
3.513178519030313751e+00
3.599636633309363010e+00
3.650047294247319218e+00
3.627761981341212305e+00
3.569639502994557123e+00
3.639671077449587067e+00
3.610964907031123605e+00
3.638099316784934700e+00
3.611867923917699397e+00
3.589279581262495356e+00
3.447082496357423143e+00
3.453780147746044360e+00
3.523889161887574950e+00
3.483519248949712654e+00
3.482249031479811574e+00
3.484960156842124679e+00
3.477210934540031495e+00
3.478802764656712121e+00
3.484249921254204185e+00
3.477981039822827913e+00
3.452187876752007778e+00
3.440024798217516722e+00
3.490551249474635132e+00
3.471313277706114864e+00
3.456937405076859093e+00
3.474764095854616652e+00
3.497485978171301912e+00
3.444799515001537582e+00
3.525926982176156077e+00
3.511374433011591023e+00
3.521142370436789903e+00
3.488311358550526986e+00
3.456097357070406328e+00
3.447580330295571205e+00
3.432682630073429220e+00
3.510007915399791845e+00
3.444638578642607474e+00
3.457672924563530703e+00
3.421290287962963639e+00
3.381370315155908912e+00
3.300907359513757022e+00
3.284912875289414114e+00
3.281441993356793319e+00
3.270249878582774716e+00
3.260949843998532494e+00
3.253609362350613488e+00
3.267525814602187051e+00
3.224595855381609866e+00
3.260429487823382377e+00
3.296960231620884141e+00
3.297011856304015165e+00
3.245724130810092145e+00
3.228548384693580076e+00
3.141663002807160598e+00
3.202614700149735594e+00
3.151846263057410003e+00
3.158166840068792336e+00
3.107530516827038625e+00
3.167156968336825695e+00
3.209601705550422679e+00
3.271864503025288418e+00
3.285723040945462525e+00
3.290854849357069511e+00
3.383271932449017694e+00
3.462887499329985630e+00
3.571706165825919932e+00
3.569609739856206776e+00
3.678011513106758557e+00
3.719119464308923817e+00
3.739165902745555492e+00
3.799515856690638405e+00
3.826831674511351089e+00
3.878685172864883235e+00
3.833810865185163230e+00
3.817409937505521267e+00
3.770989885565688482e+00
3.766074743017481907e+00
3.847460391790131329e+00
3.913222662562920728e+00
3.891628224818883819e+00
3.822225899428363327e+00
3.860896369721540822e+00
3.806639473122117590e+00
3.670152539821160964e+00
3.571113659240905402e+00
3.534189608834842566e+00
3.622859765709843582e+00
3.679823353073332637e+00
3.562677899330596532e+00
3.531202888217641611e+00
3.516501434091043876e+00
3.537928950286058249e+00
3.482794130856392112e+00
3.469462100579340014e+00
3.368002578532671265e+00
3.315210522103995139e+00
3.293907013820364771e+00
3.251013301011777212e+00
3.312350938263127986e+00
3.326310630041298566e+00
3.323956687099627771e+00
3.355016624568792682e+00
3.340941477766596446e+00
3.298918394191096670e+00
3.266668064048844133e+00
3.316741108476552569e+00
3.274210424607967074e+00
3.359863594038882795e+00
3.407926487190920728e+00
3.469856548248097639e+00
3.468290081550474024e+00
3.365538905215093468e+00
3.297960831393541348e+00
3.375039298605875260e+00
3.348958907515483308e+00
3.390348019413112812e+00
3.349098253049831886e+00
3.350837261916356891e+00
3.355430203279116785e+00
3.409012056269494551e+00
3.465037624898276825e+00
3.469392199898408968e+00
3.401330859714623678e+00
3.386079628916724094e+00
3.414260987442327977e+00
3.437699241149379414e+00
3.474612220486093417e+00
3.345227805437673396e+00
3.339105600681981478e+00
3.317815057941063461e+00
3.382537692641227167e+00
3.360757067714797319e+00
3.318562173157053596e+00
3.298761687278696009e+00
3.298621120380354377e+00
3.346510005614808048e+00
3.355821798953579904e+00
3.406361663747820234e+00
3.388431458173627231e+00
3.435043789035505224e+00
3.385645204627190541e+00
3.395896715581515402e+00
3.332298349325751197e+00
3.307618115007048054e+00
3.291396223323483028e+00
3.230393406508126120e+00
3.152025430264234540e+00
3.143925184982680587e+00
3.052544553549927819e+00
3.005637562334074087e+00
3.007060287569588208e+00
2.998197214049309167e+00
3.106829526647247874e+00
3.194100930384125014e+00
3.253159189947846919e+00
3.172635042689287754e+00
3.239465389597613765e+00
3.317025173927281134e+00
3.400368045793237037e+00
3.372210882267140164e+00
3.346413309783741408e+00
3.384450295084405980e+00
3.350877792078805761e+00
3.388212417538505328e+00
3.377521786614025689e+00
3.394416026573965350e+00
3.431029390179282768e+00
3.464654582279972583e+00
3.460752824283935158e+00
3.475923135994991586e+00
3.490910393495099573e+00
3.581237254414478155e+00
3.689443685312411070e+00
3.795469047546371488e+00
3.864758310820326948e+00
3.825580880786001892e+00
3.850235867169067294e+00
3.807608480469917733e+00
3.790750772756244835e+00
3.758587249336193370e+00
3.726071526357352504e+00
3.737862241528281615e+00
3.643699359543602689e+00
3.610511741614390147e+00
3.618890583138744788e+00
3.643656365147673881e+00
3.605817704188351236e+00
3.535817082590955618e+00
3.558204033584277060e+00
3.582380117485287396e+00
3.577278216160670876e+00
3.585017332058439532e+00
3.602135591912829060e+00
3.595495095510411687e+00
3.615474918256178505e+00
3.616490493075244839e+00
3.573175982163930176e+00
3.570669091226954084e+00
3.566521268208784790e+00
3.479214353043082575e+00
3.473664112672710136e+00
3.388175103635465479e+00
3.358730629606530016e+00
3.276486609014992890e+00
3.323942809891081041e+00
3.372689661777686254e+00
3.320806403872305967e+00
3.397153929025968910e+00
3.336121148346437248e+00
3.361927579312386616e+00
3.276559244603652665e+00
3.328430088842277090e+00
3.338730705348802452e+00
3.310163204905088197e+00
3.274043090205389195e+00
3.207847587090069119e+00
3.252500921901047448e+00
3.228355302432245111e+00
3.191461137518094127e+00
3.204372281495361019e+00
3.248935139726639054e+00
3.240641053439993868e+00
3.191975928426897813e+00
3.203869817019407318e+00
3.155215656904887034e+00
3.168493076083564119e+00
3.200156255751081869e+00
3.154045737116232928e+00
3.224539734522078316e+00
3.136493322028976571e+00
3.132857428531500954e+00
3.163083781060546773e+00
3.150406107961671864e+00
3.194384045325960209e+00
3.216630080954157478e+00
3.272440065029752709e+00
3.186888053327360470e+00
3.221511842418223637e+00
3.207195026700625728e+00
3.148919551869453048e+00
3.133749166537887820e+00
3.021825863711186777e+00
3.077077718976070297e+00
3.089512775628266983e+00
3.086956757719786726e+00
3.020864679202115433e+00
3.012043715200992011e+00
3.017790623482475620e+00
2.974407700617203609e+00
3.035413953349632266e+00
3.004156534152558677e+00
2.997582104419921123e+00
3.081195568000113294e+00
3.057203672543110429e+00
3.110215540117459376e+00
3.118129203019940565e+00
3.146237818836175038e+00
3.150261462166118243e+00
3.119304914072553725e+00
3.073008397754405596e+00
3.040690691728649586e+00
3.046714777342642400e+00
3.034489068598067441e+00
2.996143315413838604e+00
3.058215493890016567e+00
3.090300062739867570e+00
3.121973279355794606e+00
3.087340068947802330e+00
3.143091607343737159e+00
3.131049825383759533e+00
3.105244123374620635e+00
3.151271877330771964e+00
3.175121481688520042e+00
3.251373413794059086e+00
3.246052877882382504e+00
3.300082837024461924e+00
3.323202398464984775e+00
3.310960609070719762e+00
3.376249691490186056e+00
3.377734201777422118e+00
3.374704841845222791e+00
3.318943257374235234e+00
3.331304544092459352e+00
3.330536725376817220e+00
3.348901463408811896e+00
3.388650488170951380e+00
3.385841054772297465e+00
3.446683931558753411e+00
3.462536195570947939e+00
3.493327167640526643e+00
3.555989384575480639e+00
3.543567740798904797e+00
3.578168960824665401e+00
3.468946709894553226e+00
3.525069052918411217e+00
3.603869720473355187e+00
3.579212891979333122e+00
3.625295946916667678e+00
3.592876128059857344e+00
3.565032677779216730e+00
3.561367496142111122e+00
3.577232920868407717e+00
3.598085930451877079e+00
3.534651667784404427e+00
3.465055739880221086e+00
3.482459502601861878e+00
3.482125276789794555e+00
3.424976078130010038e+00
3.408611351765350683e+00
3.425280429746170974e+00
3.428125171742266719e+00
3.464313445282698023e+00
3.436249987579637288e+00
3.457335961633960508e+00
3.410531909163897701e+00
3.386630488119964255e+00
3.455974895652477397e+00
3.385198241737797265e+00
3.454179649361774462e+00
3.407643181704761659e+00
3.402192258054113960e+00
3.384011997299312569e+00
3.268255158803688332e+00
3.274225870099797042e+00
3.311551725660588197e+00
3.300965662540834344e+00
3.278029828987238936e+00
3.240598893208685105e+00
3.230733909607143239e+00
3.260177723370186964e+00
3.252097370776631191e+00
3.267667488945776633e+00
3.172222679387318056e+00
3.196215237773915252e+00
3.212564083148123473e+00
3.128733327986800816e+00
3.170751892701859642e+00
3.159770639155788707e+00
3.168421325092667828e+00
3.189903479488733318e+00
3.146058729043332836e+00
3.099695560134856809e+00
3.028036728703593194e+00
3.043400032576465630e+00
3.006374593415352958e+00
2.959531831976665917e+00
2.910950462332108302e+00
3.000707257141654427e+00
2.929257738404966727e+00
2.966143905419875715e+00
2.952814656629140888e+00
2.956765009948469913e+00
2.982313984673982343e+00
2.977063126187088571e+00
3.011519044869786388e+00
3.007427343773362516e+00
3.021519050394782635e+00
3.177184210035716383e+00
3.186626110845873772e+00
3.124761010255585170e+00
3.194622568621484415e+00
3.134151779813656002e+00
3.188541351180415706e+00
3.215432963247883524e+00
3.219851150304153808e+00
3.256799724314462630e+00
3.282751820319918856e+00
3.342753378372439244e+00
3.293665663292865808e+00
3.286691638962830009e+00
3.309195734783068055e+00
3.423753759772461436e+00
3.397254613711424120e+00
3.413128389607894775e+00
3.369227570042082398e+00
3.363177315693807401e+00
3.352163389359878565e+00
3.331620002669753777e+00
3.344612544184216052e+00
3.343599235605998476e+00
3.303372238508472059e+00
3.266712207097141274e+00
3.261458229377845797e+00
3.288789956381602320e+00
3.307036269472656720e+00
3.241717311040057670e+00
3.264552688324537932e+00
3.160130030808883994e+00
3.143702927334381059e+00
3.107960804098166108e+00
3.074406403785616249e+00
3.090529862041016429e+00
3.124537776017773716e+00
3.144533523088524074e+00
3.145658743146912073e+00
3.170257734414445583e+00
3.055128008771229808e+00
3.072179906436462105e+00
3.135000701356924324e+00
3.037711841799958457e+00
3.069151969049767725e+00
3.079653261025094402e+00
3.093749757466477401e+00
3.017290729646791902e+00
2.981650370685748008e+00
2.990700230272938853e+00
2.984011341438940867e+00
3.002931615423456879e+00
2.982621763956367467e+00
2.964831944374809236e+00
2.956157132483836936e+00
2.938465521076008002e+00
2.936779015578891983e+00
2.911655447416570563e+00
2.946747400143196138e+00
2.939722372155659791e+00
2.923466911701299686e+00
2.881069939044701655e+00
2.878562248969058324e+00
2.943913192892339215e+00
2.902348389258766925e+00
3.010987252721490037e+00
2.993908181092613585e+00
2.984204241770989086e+00
3.112601264945757951e+00
3.076864432712775876e+00
3.028032252299688309e+00
2.989443865243288201e+00
3.091513378870832884e+00
3.120726866967286739e+00
3.161238196824971425e+00
3.194245498029973263e+00
3.148565188933223791e+00
3.160527738426682554e+00
3.191477600784449198e+00
3.215333142710125269e+00
3.255315085057665758e+00
3.295067118772408765e+00
3.345616066564505164e+00
3.339208723484917041e+00
3.348975711898508401e+00
3.369121863294465946e+00
3.366158733317793139e+00
3.313410788142794328e+00
3.282838076794242888e+00
3.351049945877805136e+00
3.334242742971355700e+00
3.321781222988622773e+00
3.299293167122067771e+00
3.239762164406801759e+00
3.229094630876274241e+00
3.253409059450447227e+00
3.315427709637515985e+00
3.306334373639396418e+00
3.291712951653348984e+00
3.276487526458488730e+00
3.257012289056507637e+00
3.279536996382181879e+00
3.245300487160335923e+00
3.242313689942764032e+00
3.283463061570969899e+00
3.261124427556679084e+00
3.284675929011627193e+00
3.274896741984816728e+00
3.241555148025100141e+00
3.220177257179067443e+00
3.247125347972543263e+00
3.296929875165788282e+00
3.392868559576279974e+00
3.420204665837570435e+00
3.398520101308833752e+00
3.375059411949271393e+00
3.399354468337492996e+00
3.439645071959854139e+00
3.436121954510528820e+00
3.468273096363604147e+00
3.519778530167930075e+00
3.404883204735103863e+00
3.391790262574214232e+00
3.378078102564328500e+00
3.394287234360470862e+00
3.374435086984770571e+00
3.280268367168189148e+00
3.298698584149625912e+00
3.337101967279865189e+00
3.355985545249637436e+00
3.396385282515828941e+00
3.398762438473841740e+00
3.368872238656987594e+00
3.375501057300841268e+00
3.427506463233135570e+00
3.345261890939212002e+00
3.400312652034020111e+00
3.350920277599250152e+00
3.333409170718852454e+00
3.364792959799065564e+00
3.383493483760762643e+00
3.391699709025098208e+00
3.327091613227385558e+00
3.355758433372789895e+00
3.346191457580242279e+00
3.273364031756332171e+00
3.291803233334380074e+00
3.294909065578949914e+00
3.323767575866953372e+00
3.319519813990091883e+00
3.403724060443704680e+00
3.432643871349630782e+00
3.435617246300512129e+00
3.393865418119971444e+00
3.327778638185201476e+00
3.339232671595953494e+00
3.338004205499924826e+00
3.317063235988602532e+00
3.329760301527195931e+00
3.302862185661052496e+00
3.334893261490535554e+00
3.302470327710949949e+00
3.321405338616020497e+00
3.341349267930577405e+00
3.319357171942303619e+00
3.326334749931849633e+00
3.358331919876156757e+00
3.429120711470671434e+00
3.384618185174990579e+00
3.427956596970668457e+00
3.491331329291467611e+00
3.576368101372334962e+00
3.600492399355334605e+00
3.579586304295638399e+00
3.559923315971490254e+00
3.505533134753360258e+00
3.596048677371065150e+00
3.584047464760776069e+00
3.593583604535121712e+00
3.633835156630083052e+00
3.618594221344094031e+00
3.620541940370090472e+00
3.650572189991102778e+00
3.680985419680832926e+00
3.683058265835570833e+00
3.653170829024936062e+00
3.627073323696870855e+00
3.680922857720691610e+00
3.666091679644499557e+00
3.676281595040920003e+00
3.661500980455593801e+00
3.635066742700794773e+00
3.614797636444698092e+00
3.691833131916552269e+00
3.698139622574946550e+00
3.686445873961388564e+00
3.695386824187947727e+00
3.706000368975320924e+00
3.722243234786152932e+00
3.757567204031208696e+00
3.713353168503336743e+00
3.650171226415896530e+00
3.685652888380069658e+00
3.678328101108906623e+00
3.695546815778038674e+00
3.733710794916137221e+00
3.713531497134287651e+00
3.671933627327473193e+00
3.701725173405593150e+00
3.671239860562680590e+00
3.731531711736283174e+00
3.730440622485394986e+00
3.692701636678793253e+00
3.652336442235855074e+00
3.604627716403737026e+00
3.558971262104456468e+00
3.490368031688250827e+00
3.478301519506830086e+00
3.454278646578171852e+00
3.389040531189789984e+00
3.339351621538297898e+00
3.365562788766962576e+00
3.325481556311349340e+00
3.268369131579882847e+00
3.206301873513796252e+00
3.256622328173207848e+00
3.310911143006315172e+00
3.283798796409675091e+00
3.297208091042653333e+00
3.250417493508570566e+00
3.235831565459422965e+00
3.262532084014493350e+00
3.234433693150872813e+00
3.187595844471695639e+00
3.292684686876449884e+00
3.301606466509871218e+00
3.297384351480698861e+00
3.304232894391923914e+00
3.343872093596268247e+00
3.403651911646931705e+00
3.426827971032444964e+00
3.489778212344534225e+00
3.466034782378020207e+00
3.485157868197742204e+00
3.542651302148145831e+00
3.578566856771921323e+00
3.539604165691548232e+00
3.495324684398386506e+00
3.572588617255861188e+00
3.596948175968889494e+00
3.615098049909573508e+00
3.526277152086803035e+00
3.525657908929909823e+00
3.568655958318355470e+00
3.593658031238353256e+00
3.579359142191628429e+00
3.540176246157910711e+00
3.644093649719509553e+00
3.556353401819740245e+00
3.541261511996403488e+00
3.459733423833123656e+00
3.524078269465670044e+00
3.563738995258987963e+00
3.526306538556615688e+00
3.452787415398586468e+00
3.481577365524151091e+00
3.504342353181578495e+00
3.591009598633711164e+00
3.502847546722527294e+00
3.470553188930361355e+00
3.477244551422999930e+00
3.434371660808728688e+00
3.532884398221435518e+00
3.505015012655585682e+00
3.563316251194247108e+00
3.573417514809313911e+00
3.623254836764845610e+00
3.689301525351179389e+00
3.581082832611276690e+00
3.575806239191322788e+00
3.494447778274013316e+00
3.537730460627760198e+00
3.494078147079778596e+00
3.576038752190539682e+00
3.596896602083841987e+00
3.588513670891083418e+00
3.563800584611962918e+00
3.457769460641491044e+00
3.514082763533847853e+00
3.592698502008298433e+00
3.569726230367998188e+00
3.535738311415073554e+00
3.464684900912340826e+00
3.478758202556043067e+00
3.465598757339504843e+00
3.483465688998240495e+00
3.502541074932111531e+00
3.424304575733929212e+00
3.463879740534754781e+00
3.393259844688611970e+00
3.395018597353996803e+00
3.397298616334186061e+00
3.354578203977436335e+00
3.454825983805092093e+00
3.453115025805441274e+00
3.482575492253061178e+00
3.445880143392112238e+00
3.466638645791717543e+00
3.502076248365998179e+00
3.396432141232908375e+00
3.475911895786298444e+00
3.386926311192837158e+00
3.478627794758196501e+00
3.420016407917749302e+00
3.380976918011270538e+00
3.386598309370036475e+00
3.404481906088560272e+00
3.369444701857426949e+00
3.419658076608460551e+00
3.415611717427709415e+00
3.393591469966795948e+00
3.337409943000060775e+00
3.379342841058643909e+00
3.355708156423087285e+00
3.358505898949635693e+00
3.380480219359354610e+00
3.347667053616602217e+00
3.341340473836422298e+00
3.286882781997409353e+00
3.316108624722261755e+00
3.371612806930199380e+00
3.376813088940562757e+00
3.413912728308756250e+00
3.398023062161549479e+00
3.427848973623814466e+00
3.339208929399569481e+00
3.371763077296572320e+00
3.310240130340428966e+00
3.271099207488703975e+00
3.231170481678162343e+00
3.178207477080981391e+00
3.156182643161631773e+00
3.181881824078187648e+00
3.073184196213299302e+00
3.074383256548082866e+00
3.059743814125060801e+00
3.118012526426826359e+00
3.103186620533859408e+00
3.105309306395565905e+00
3.102032452712259136e+00
3.092331309907744519e+00
3.119730602595534474e+00
3.181926993738842135e+00
3.158839573697172387e+00
3.103921828380753478e+00
3.056033838232505850e+00
3.063961326020157472e+00
3.039394197166416234e+00
3.038693389500132902e+00
3.095139950570387377e+00
3.171479449442078380e+00
3.222677915652373937e+00
3.254226093168819833e+00
3.311421002546112824e+00
3.396944845644141342e+00
3.410945770931873788e+00
3.426980941181565932e+00
3.455115142169579823e+00
3.633673257704310267e+00
3.665319554579806294e+00
3.668974212521995071e+00
3.674995592158486257e+00
3.738633416536178533e+00
3.733335693861626670e+00
3.797904758173598072e+00
3.776963966587053800e+00
3.785297392766844737e+00
3.767532009415828664e+00
3.870128114388001528e+00
3.893972225041020696e+00
3.891273349861214204e+00
3.883539385670505606e+00
3.780517407090723481e+00
3.801399886570621334e+00
3.748713325101546534e+00
3.701609105518864684e+00
3.683332743193787895e+00
3.663717514638968442e+00
3.571526843801193785e+00
3.562795741151930429e+00
3.629297925998045127e+00
3.561185549473591561e+00
3.588710720497358952e+00
3.517187102095469697e+00
3.491452783061626874e+00
3.540840904037048098e+00
3.551480134023703439e+00
3.447233971645143225e+00
3.473366062397944987e+00
3.473116246557952813e+00
3.356989188847856909e+00
3.354592861587016639e+00
3.275753293301810753e+00
3.197264480405230813e+00
3.257998886940804084e+00
3.269810223420573259e+00
3.239245792958967751e+00
3.342001399118519345e+00
3.281944247507362356e+00
3.349084173139536880e+00
3.271242114864223449e+00
3.243405799999226069e+00
3.257333417621965932e+00
3.366946802388532500e+00
3.339811699784267507e+00
3.271743563876162053e+00
3.314320319839334950e+00
3.268519164792411225e+00
3.257684475009262393e+00
3.229275476722931693e+00
3.204001285985676351e+00
3.166651690760533988e+00
3.229075605173240771e+00
3.193894363908706513e+00
3.187042418747421557e+00
3.318567748688296959e+00
3.236000340269193920e+00
3.282317443773951737e+00
3.236032857054091494e+00
3.223544002482120252e+00
3.204202132730115782e+00
3.304450740640771933e+00
3.257030801013696575e+00
3.279926787450347270e+00
3.168051122458988011e+00
3.324473815110571717e+00
3.321382316986789984e+00
3.334218868749889264e+00
3.313024584745342338e+00
3.346557754700299370e+00
3.375483537023650893e+00
3.321939441514084823e+00
3.337961071192746321e+00
3.294910148848840592e+00
3.392079376245678901e+00
3.413672551382225695e+00
3.463597471555956098e+00
3.459786665844311937e+00
3.433059927404317424e+00
3.423001570631498680e+00
3.390931015075286492e+00
3.495670835929358233e+00
3.450585737532100961e+00
3.504315705702978345e+00
3.472119532072949433e+00
3.506948762076437909e+00
3.459057992434192652e+00
3.509424811678485412e+00
3.573795084864679339e+00
3.696909352150937522e+00
3.580449660690169011e+00
3.644392738533778875e+00
3.556533445864705545e+00
3.485055602912371597e+00
3.480976805084301517e+00
3.475885972905360610e+00
3.461859110732594225e+00
3.482919146436581403e+00
3.546531450594237800e+00
3.508287933827892946e+00
3.551947947224245894e+00
3.565019040729712430e+00
3.562268858472912303e+00
3.598407728469402045e+00
3.590933497637361693e+00
3.606219629217391809e+00
3.578398446879290429e+00
3.660924950944063117e+00
3.639454643519645760e+00
3.683963648365375931e+00
3.672189512733337491e+00
3.681864403497196125e+00
3.687140457958833828e+00
3.630107627240612533e+00
3.589559781462987154e+00
3.647396523373902077e+00
3.630518416315151153e+00
3.628859853813648062e+00
3.659750947796549081e+00
3.572390544089431685e+00
3.610241063597162903e+00
3.634378420486124472e+00
3.644575523090999081e+00
3.642606319391521463e+00
3.649994417799752977e+00
3.629147882740061615e+00
3.591066799131771958e+00
3.567507287675354632e+00
3.488316420356947667e+00
3.470919061426872787e+00
3.374054498002804880e+00
3.341014039415784787e+00
3.300722947148657660e+00
3.310912248210058806e+00
3.290013399105407910e+00
3.310266022229994221e+00
3.267446042113527405e+00
3.227021616559516470e+00
3.247780555925234403e+00
3.148183415382636685e+00
3.164786857923898911e+00
3.143402447875200068e+00
3.168399276284750599e+00
3.158131004689713084e+00
3.217310270823887652e+00
3.259713507669189436e+00
3.263474741982567373e+00
3.262691418048271785e+00
3.277760177454716040e+00
3.223600093102915842e+00
3.211659614617420999e+00
3.253742451330259744e+00
3.228895365595080946e+00
3.320451273002001269e+00
3.320429867330619178e+00
3.424668015316487235e+00
3.489204082808136764e+00
3.455416083471027022e+00
3.524572217585689504e+00
3.583056248160073842e+00
3.540386058062684693e+00
3.510022224567025173e+00
3.539037445918874258e+00
3.446232020745434443e+00
3.591213473636690523e+00
3.501558836703399180e+00
3.483252828043148508e+00
3.464396988560455082e+00
3.467174247801773745e+00
3.456891162969240483e+00
3.388416037542929526e+00
3.411518151677000787e+00
3.395215104721784893e+00
3.355114368774999356e+00
3.350772563125961501e+00
3.334159574517403968e+00
3.283301972649065092e+00
3.299917257033222029e+00
3.224251970167182346e+00
3.304261953577228628e+00
3.228675141609841592e+00
3.191389958431265494e+00
3.185811995093462912e+00
3.141067941016131293e+00
3.081291458422736440e+00
3.122437632556124942e+00
3.169825608573604736e+00
3.145867629703998247e+00
3.195394598876991843e+00
3.166051143032745596e+00
3.209517268904215737e+00
3.220368689011230412e+00
3.277295032341455361e+00
3.257556787597744918e+00
3.218996758119934132e+00
3.241365267767989611e+00
3.245329264943816572e+00
3.226256805048600906e+00
3.272339914460108634e+00
3.321249799740083386e+00
3.348242325693688404e+00
3.374166294734956661e+00
3.348768119634742302e+00
3.368024341471217653e+00
3.289196387597656202e+00
3.326096661473405547e+00
3.333013951795933405e+00
3.345063186933430632e+00
3.339176067961370897e+00
3.359143839096673911e+00
3.337004098978158861e+00
3.315790632662270809e+00
3.345258089397719736e+00
3.374396911652571163e+00
3.331688065510639785e+00
3.307110683261603068e+00
3.303389486110051010e+00
3.300924028956925049e+00
3.335301324656634314e+00
3.320612489426526537e+00
3.311279723186846713e+00
3.310154338533886076e+00
3.315711353434385611e+00
3.299132886895992378e+00
3.256611384007262799e+00
3.240494237489234486e+00
3.197343913950548178e+00
3.236518042225297709e+00
3.255167780025713054e+00
3.243109456973250815e+00
3.255542139446277794e+00
3.246792233019346163e+00
3.210426029776712653e+00
3.190036272569065190e+00
3.171932701023511658e+00
3.170694875483567099e+00
3.154988061801379029e+00
3.095139128879889512e+00
3.057887482340384988e+00
3.118509262552640493e+00
3.146418904140060757e+00
3.160696446912732771e+00
3.151496807045874426e+00
3.134120211667998923e+00
3.158499390058247425e+00
3.095710078099125795e+00
3.101938819402515257e+00
3.053165403560465396e+00
2.998424322415818910e+00
3.022530959106723980e+00
3.019945612859917361e+00
3.025657371629125514e+00
2.993763364672544558e+00
2.983619000811633004e+00
2.997071041793707646e+00
2.910360460068796673e+00
2.935242063916774224e+00
2.934945669903454402e+00
2.931629572813896800e+00
2.939644059982169377e+00
2.916425087059408838e+00
2.923142507500445131e+00
2.911529863995111267e+00
2.900172474962345426e+00
2.833534899922247607e+00
2.834810038384762088e+00
2.813749483077836455e+00
2.779015873981166784e+00
2.766166220620792426e+00
2.753677895792955965e+00
2.823371695438155360e+00
2.803647749723569671e+00
2.802509908799399430e+00
2.816215444758181530e+00
2.860202713521909690e+00
2.799763558570782518e+00
2.777195136769349482e+00
2.758934038248474607e+00
2.773989807137033914e+00
2.772308945552723447e+00
2.814856144945528715e+00
2.787029465446751342e+00
2.784487787755701049e+00
2.834074487755538829e+00
2.829662098604157183e+00
2.869834828319600017e+00
2.872507759504145941e+00
2.839454345455626250e+00
2.881400073042634347e+00
2.956185458426687340e+00
2.969112571707531956e+00
2.976783632825247938e+00
3.006373416045084568e+00
3.094208243890322230e+00
3.100837057126332841e+00
3.119262565928609732e+00
3.107202828017148644e+00
3.152186642286896046e+00
3.245031648845468908e+00
3.144968320026619857e+00
3.233380081427262631e+00
3.235661554538690421e+00
3.292747243724715833e+00
3.267695149070037886e+00
3.289133873923923979e+00
3.354273377302894321e+00
3.421532751581720433e+00
3.412790948302577121e+00
3.378747595172181928e+00
3.378944488279776337e+00
3.308195545771523527e+00
3.299074399369261723e+00
3.402394019996550778e+00
3.383289238707219759e+00
3.412095208335279573e+00
3.411241819814929688e+00
3.410397002376394315e+00
3.379989452338739930e+00
3.278727527723249047e+00
3.305438763023250015e+00
3.239407351062373319e+00
3.308958637624688226e+00
3.330293255052868329e+00
3.234809891677934424e+00
3.259484582854496715e+00
3.227622240905116069e+00
3.240267970915675200e+00
3.238411168369653037e+00
3.221378809675927712e+00
3.192870998532396420e+00
3.183822001692058645e+00
3.151171811441377812e+00
3.219912599316506974e+00
3.220818025000624640e+00
3.184894569329921765e+00
3.232092711449021216e+00
3.285859061791937652e+00
3.212331567479854044e+00
3.222496034598315351e+00
3.137113818374686058e+00
3.110697310607485555e+00
3.144624764871167599e+00
3.163969143739244316e+00
3.239809779142452939e+00
3.227342392530004211e+00
3.247808058077444660e+00
3.249737354237334674e+00
3.238784124487462446e+00
3.306389348299705766e+00
3.253877530637055315e+00
3.310459928698940679e+00
3.285741950368130659e+00
3.241689494908066571e+00
3.281405299543730614e+00
3.245612170855132650e+00
3.226651838244734449e+00
3.237987902339408475e+00
3.241886518761637692e+00
3.226835354615143370e+00
3.255979028177014900e+00
3.279655748492981360e+00
3.267803034341006274e+00
3.314064587255316940e+00
3.305175501286208739e+00
3.272668471261967138e+00
3.304270752999368010e+00
3.288732817652003426e+00
3.307097815405267927e+00
3.225741442847940288e+00
3.226105062185432804e+00
3.190431147705931281e+00
3.099540141687352701e+00
3.122954824383516570e+00
3.103441659255118168e+00
3.126478528900653586e+00
3.106798978197629069e+00
3.162297028295661949e+00
3.235935513643770189e+00
3.131742498907175598e+00
3.232302870380440840e+00
3.226656746619453564e+00
3.229326117454642819e+00
3.214729420672318039e+00
3.242953227649208348e+00
3.251174734891638884e+00
3.261462724198727070e+00
3.265232806788776365e+00
3.283375000881508576e+00
3.271781801982373672e+00
3.305545268851699525e+00
3.331720415333195628e+00
3.333671266319168769e+00
3.330672545145379804e+00
3.380176303995151343e+00
3.431752935628135770e+00
3.470880658630489446e+00
3.525270495045709218e+00
3.515205089557005724e+00
3.516442060509223033e+00
3.588636060215879553e+00
3.533591799470093164e+00
3.572511695377423635e+00
3.506971357688295043e+00
3.601614511439378497e+00
3.607965508704932489e+00
3.629150884309005676e+00
3.585280343877022435e+00
3.557826796427902671e+00
3.570293753514003132e+00
3.559214395100794626e+00
3.499317646821766825e+00
3.543284540000666727e+00
3.531872625261093912e+00
3.545438503250399442e+00
3.629149866500641419e+00
3.523667214836665895e+00
3.540432760310697535e+00
3.528933430851839859e+00
3.526674150361452043e+00
3.485080022565393509e+00
3.495603089939763652e+00
3.526987021962995517e+00
3.536186529779399290e+00
3.510888207568065411e+00
3.455500158388351117e+00
3.486907502374414936e+00
3.461110740488093640e+00
3.506187230965009061e+00
3.530523775930265895e+00
3.527674211163845719e+00
3.521608730332787207e+00
3.556203076536311070e+00
3.591872174775218696e+00
3.603858323061393421e+00
3.642534898873801552e+00
3.725592593643539452e+00
3.681535472978539225e+00
3.727629852575379932e+00
3.782989274287739789e+00
3.705734197988679313e+00
3.808172818806489612e+00
3.835348376880787669e+00
3.833615916898774234e+00
3.780833585129664609e+00
3.737369990777053452e+00
3.727373888183440176e+00
3.686562304108756294e+00
3.627331335486802644e+00
3.595822356310880430e+00
3.686705287044070634e+00
3.677166556230373029e+00
3.701911943671910787e+00
3.693656806296142125e+00
3.700442185568040276e+00
3.682044451523288853e+00
3.647515114847276863e+00
3.670408886010356309e+00
3.615773620979179981e+00
3.660277877899167365e+00
3.616214470404620407e+00
3.557221148651157794e+00
3.536318038301704103e+00
3.519794779187547906e+00
3.521983719338205532e+00
3.544954641686481889e+00
3.517256938707725489e+00
3.454600615996944679e+00
3.484699835075754759e+00
3.575754079233215421e+00
3.619841024122159912e+00
3.585319940778568082e+00
3.615742056974498020e+00
3.670464920906528761e+00
3.724871148106953189e+00
3.641402316934367445e+00
3.649858233486579451e+00
3.558528152169889935e+00
3.576932213983275766e+00
3.519860843096741743e+00
3.499808320743902801e+00
3.537070389999874997e+00
3.491452998288170129e+00
3.546814729943864375e+00
3.478628875780731100e+00
3.549466209086478585e+00
3.524981718534396347e+00
3.506255019460208899e+00
3.468742575013632479e+00
3.418331526711506640e+00
3.425511125228478448e+00
3.412834358923387157e+00
3.453507552343102027e+00
3.456603082741252386e+00
3.424711625664686565e+00
3.459404510157592316e+00
3.419559637768945226e+00
3.465698423031139619e+00
3.433715785425244249e+00
3.479315769598826602e+00
3.536935839667842085e+00
3.503448278628260137e+00
3.553130496972503938e+00
3.537340377120516077e+00
3.594371780930976978e+00
3.603041289146308834e+00
3.599852173140882350e+00
3.537737817897018910e+00
3.515472261906501306e+00
3.533210203984396891e+00
3.434231339789550308e+00
3.382065606040526529e+00
3.400912065202410961e+00
3.445439969982408979e+00
3.476396993914222744e+00
3.415550072204589060e+00
3.466274655104219171e+00
3.430116668854680029e+00
3.424886083565700456e+00
3.385965883745211347e+00
3.361740199472174062e+00
3.384252998075786056e+00
3.305601997944062287e+00
3.359281769719984378e+00
3.276008346174101860e+00
3.285314568161051163e+00
3.261421182512135974e+00
3.222942873529486274e+00
3.232164497392757241e+00
3.217344572434438277e+00
3.258171024449625364e+00
3.259241605290416732e+00
3.263511432831869286e+00
3.252796015165727805e+00
3.281045558804367879e+00
3.311287223777267474e+00
3.370710033022851881e+00
3.356446719966267977e+00
3.348189178070244409e+00
3.329019290917027085e+00
3.416960981764679772e+00
3.390391533458924744e+00
3.353025698208326855e+00
3.384638885786396045e+00
3.423093356318492653e+00
3.440627389333444697e+00
3.465315880276398808e+00
3.415266697283671160e+00
3.339941638049129580e+00
3.389896559103621865e+00
3.368143827338808904e+00
3.452499286650293708e+00
3.494330399142308252e+00
3.462877174710248696e+00
3.496722691973018105e+00
3.463571408844976052e+00
3.433825808248722744e+00
3.509951956124067962e+00
3.571817791667873720e+00
3.508256841010911842e+00
3.425216932257078017e+00
3.458531633191627819e+00
3.462302303977380369e+00
3.450343439397686840e+00
3.502282667060964805e+00
3.459375310254920954e+00
3.477308136813961337e+00
3.527021074786270916e+00
3.471771836758893226e+00
3.489588525058133328e+00
3.408058705686900058e+00
3.439706991702554895e+00
3.513884978210457533e+00
3.559531056489087852e+00
3.550951654186081718e+00
3.553303145537918706e+00
3.490393361454714682e+00
3.504866228093077130e+00
3.478995591541168775e+00
3.507248239762238651e+00
3.471208762514598867e+00
3.403117720020095938e+00
3.400179579662530038e+00
3.322314674716772664e+00
3.354917556899835951e+00
3.416926818114459419e+00
3.451761207466811587e+00
3.417057704158165343e+00
3.466371012471131330e+00
3.484282461885348514e+00
3.490709484804062956e+00
3.499779628256255215e+00
3.526417335815406950e+00
3.526449467348091282e+00
3.515588076762177661e+00
3.463802472404528210e+00
3.462459277737467200e+00
3.477110839351126526e+00
3.466414420828278775e+00
3.449162761529521060e+00
3.451154628891477394e+00
3.407583342948373950e+00
3.402744923496000773e+00
3.469932599035805865e+00
3.471365354661171576e+00
3.484545012216961446e+00
3.491259976695066491e+00
3.420548428838247279e+00
3.471174305295700258e+00
3.408521145062762603e+00
3.484494741346268132e+00
3.416271558866226687e+00
3.480912055882268152e+00
3.439299119866513266e+00
3.362183582659779901e+00
3.345304265575714808e+00
3.271438850121020536e+00
3.279711059084772451e+00
3.255928096055175303e+00
3.280746120694685075e+00
3.306345106087701602e+00
3.321736337049881804e+00
3.342839544727634671e+00
3.357298189470973693e+00
3.341301281158643111e+00
3.299705635317526919e+00
3.320714195732497931e+00
3.291572698812572195e+00
3.240983885939781484e+00
3.108256153778538700e+00
3.063563708550004261e+00
3.127401696226983940e+00
3.182550606246104419e+00
3.219242092557364820e+00
3.266742815237764219e+00
3.171620734097813088e+00
3.204404204428578318e+00
3.206527584529998087e+00
3.213443863411104662e+00
3.231134071588841916e+00
3.168825455458847085e+00
3.194383135940133123e+00
3.129291496414276175e+00
3.179872034714835927e+00
3.155535593291820984e+00
3.220559424336864485e+00
3.168051655737432082e+00
3.134864491141998943e+00
3.133588704647179313e+00
3.195507274562972455e+00
3.166516353121607619e+00
3.242323426735177705e+00
3.291084069812369339e+00
3.350274111200572946e+00
3.381170773313232125e+00
3.447827626259781564e+00
3.500517595158864737e+00
3.452717202915943417e+00
3.436129977402345492e+00
3.449370110470184159e+00
3.505341712080606520e+00
3.522177600474509340e+00
3.512354581796655051e+00
3.525105975540695713e+00
3.501704853149715024e+00
3.621588028272094917e+00
3.614224158423450461e+00
3.723787367243869273e+00
3.721021785402950588e+00
3.692055675805041126e+00
3.678459929655107707e+00
3.727215162910980872e+00
3.781784769295716941e+00
3.799277107960647104e+00
3.716577180627217203e+00
3.779962836496782330e+00
3.778825107045874265e+00
3.718359965327413974e+00
3.702737383521694348e+00
3.775392012469937164e+00
3.757555003675775218e+00
3.723364810715305673e+00
3.792574922901075674e+00
3.798846701003562476e+00
3.784372575974150887e+00
3.779787435354733827e+00
3.803711289035022869e+00
3.802850121556354157e+00
3.808633563163253299e+00
3.818568807203530646e+00
3.837019898015495922e+00
3.859782127888129022e+00
3.833345545861503556e+00
3.826557248704501202e+00
3.856631786013123175e+00
3.907419229839825814e+00
3.905063560545358747e+00
3.843787697729051267e+00
3.772667812275969812e+00
3.825637641752579032e+00
3.840097661640880400e+00
3.804894907753022082e+00
3.847338376378594216e+00
3.798554591583348294e+00
3.787941324326887571e+00
3.743316150111018370e+00
3.733486528286793060e+00
3.736186342030658469e+00
3.723759888647486527e+00
3.747029425809615510e+00
3.731986350448486256e+00
3.680688601642751578e+00
3.700679595751938944e+00
3.703859887642741544e+00
3.778222185676683775e+00
3.731399980067341637e+00
3.747272319347048963e+00
3.701125382812927356e+00
3.676419232105481161e+00
3.673469365560781075e+00
3.678521307121266570e+00
3.715367229908338231e+00
3.676839724844578772e+00
3.746403802686873341e+00
3.748283849908448762e+00
3.740433063325408813e+00
3.673100181998188329e+00
3.674974407271683230e+00
3.691627657972677223e+00
3.672102000676812139e+00
3.755575414517969612e+00
3.746941230907441245e+00
3.716605778217067169e+00
3.713559613883973043e+00
3.674555298742138376e+00
3.697399096504066840e+00
3.647227851263728393e+00
3.657459248509296934e+00
3.618973165905235767e+00
3.563568341784127735e+00
3.591048941659171323e+00
3.508131751916475860e+00
3.530971731166873351e+00
3.503198868052940007e+00
3.409142900674393406e+00
3.395624689158112108e+00
3.365901725742181050e+00
3.358459682052923778e+00
3.375263348978665867e+00
3.347246195697464177e+00
3.352025158859579967e+00
3.397005883332009812e+00
3.332894731579674641e+00
3.332182958323281152e+00
3.415034603140867819e+00
3.401074179986943058e+00
3.375265655956106059e+00
3.386911012708108348e+00
3.376170427713281352e+00
3.393888848650692847e+00
3.430429197849830913e+00
3.462825456413491487e+00
3.482840055765870080e+00
3.411427550632533112e+00
3.424838664197487059e+00
3.400157694748437098e+00
3.425130547528889569e+00
3.437705834426353579e+00
3.486324360114944731e+00
3.553870850195872677e+00
3.533672827761121127e+00
3.524445443332405503e+00
3.541040651484880453e+00
3.423242483320445118e+00
3.456856097022417362e+00
3.488581678927442642e+00
3.532246234458458201e+00
3.548081784251333914e+00
3.553514397015813397e+00
3.445709268174487416e+00
3.428570112697598482e+00
3.386507042674020251e+00
3.429000459188894290e+00
3.461464635391315880e+00
3.461865680493263930e+00
3.449137482623262141e+00
3.372017630930042920e+00
3.362863179990412732e+00
3.395813835605365316e+00
3.442844781404953647e+00
3.443234721610029414e+00
3.484919545084274706e+00
3.440645788001373884e+00
3.438220582498670908e+00
3.462184878818263645e+00
3.513175662797031418e+00
3.517456586623417980e+00
3.584443127459075562e+00
3.707528757109670003e+00
3.678334713827992264e+00
3.608094559405626178e+00
3.615253931813157351e+00
3.646179145863459592e+00
3.506085072909068678e+00
3.552856954716606452e+00
3.584647962845689761e+00
3.629698933099715585e+00
3.594805647663556591e+00
3.599465559367572176e+00
3.581907125179117024e+00
3.530943872673326656e+00
3.695117271788103341e+00
3.666786373908482055e+00
3.728983567951992484e+00
3.667303682420675948e+00
3.693531281503450003e+00
3.653705646616162372e+00
3.668681769102544621e+00
3.641989412898681611e+00
3.664424202098065297e+00
3.678180801892802609e+00
3.689259941730480108e+00
3.639187497142782224e+00
3.664287394482286242e+00
3.621219032788820069e+00
3.693468186041845680e+00
3.656052721471499289e+00
3.669414823816883775e+00
3.843929166907492423e+00
3.874628119130084869e+00
3.828055596789702530e+00
3.802706080478835737e+00
3.836816676729525533e+00
3.747971895553183774e+00
3.728173482075878287e+00
3.771125092035275461e+00
3.692923886416196400e+00
3.674888037544043584e+00
3.688838500022495026e+00
3.695881011622883072e+00
3.611192913423456829e+00
3.686928700950382609e+00
3.654501360174433611e+00
3.670004688209301147e+00
3.631758379928836877e+00
3.549175801631148541e+00
3.554163033663346738e+00
3.578704964408330191e+00
3.562695154159282840e+00
3.591635427422459781e+00
3.543423487224275803e+00
3.580168614764290602e+00
3.501668816506954940e+00
3.489502634850705665e+00
3.462876887488479660e+00
3.498499540227461235e+00
3.580247157528421820e+00
3.535641679468075171e+00
3.597830483737411988e+00
3.642612721196991643e+00
3.633498541119311032e+00
3.623813688387472531e+00
3.621416927232167460e+00
3.590662448940960427e+00
3.606727485504088282e+00
3.654859868156758118e+00
3.607728167281133658e+00
3.707046058098969699e+00
3.668628724521695972e+00
3.738419316527879843e+00
3.794984985175487768e+00
3.780271618388123311e+00
3.758796432209355221e+00
3.726517536970452404e+00
3.738918433731637680e+00
3.759452262763075758e+00
3.798409110988944182e+00
3.893425383200574075e+00
3.889046366186920345e+00
3.911387187826040890e+00
3.860267309110231526e+00
3.746981855573176645e+00
3.727676184849365804e+00
3.734516916680461929e+00
3.731750743035135987e+00
3.750335829393702802e+00
3.679144182810004882e+00
3.694597082741116978e+00
3.678902073988260746e+00
3.662639110425296440e+00
3.662117346421824404e+00
3.622802487040118091e+00
3.541763433282563156e+00
3.644084443598964551e+00
3.567625253311915490e+00
3.586950087653954622e+00
3.608261773560077934e+00
3.644823755966160483e+00
3.667889130656106111e+00
3.661642772946656521e+00
3.645664065763483119e+00
3.537820590476435267e+00
3.377712945530485289e+00
3.360173036469020325e+00
3.342026772410386926e+00
3.422237367743582670e+00
3.504823500107646428e+00
3.522060653235484562e+00
3.515560548997651580e+00
3.516738707616402948e+00
3.493615957531566174e+00
3.570774470212155549e+00
3.563807043872493807e+00
3.587887900355687165e+00
3.598594471795193428e+00
3.635451592161219381e+00
3.631611286048110454e+00
3.695291515701364382e+00
3.645783563077170886e+00
3.703211338664862851e+00
3.648889910005510551e+00
3.674172906059027355e+00
3.702601337998843611e+00
3.636473622142042839e+00
3.662080586062858245e+00
3.691327587431058266e+00
3.739469549660077607e+00
3.895551390643860579e+00
3.889142433303532709e+00
3.949630242996737817e+00
3.886917964832225181e+00
3.880191290319120245e+00
3.871698994808612682e+00
3.815355452628526489e+00
3.803190190869550236e+00
3.637222251376964977e+00
3.638262942121264221e+00
3.656954800210224121e+00
3.690317235894966519e+00
3.657754521204267473e+00
3.647093430889491561e+00
3.692325381563875908e+00
3.706798474245274200e+00
3.674048044318375172e+00
3.648205427705921711e+00
3.650193694140720257e+00
3.592829026546921600e+00
3.492697564566169977e+00
3.514870626212759142e+00
3.485076251779948286e+00
3.480689125985183541e+00
3.405005197156731001e+00
3.433643665275970758e+00
3.460711774922688111e+00
3.399263815364453212e+00
3.418525392986615508e+00
3.399940064991692434e+00
3.400264119868388057e+00
3.388072400318911992e+00
3.421356029145176336e+00
3.537300961662722454e+00
3.573720195785015097e+00
3.560088448794381133e+00
3.538207680921888088e+00
3.541723910893712635e+00
3.522791033329495392e+00
3.526707220470267856e+00
3.502551831181706987e+00
3.536319724940851561e+00
3.502578118374844340e+00
3.530917683904115645e+00
3.473822380274936616e+00
3.568872652325658645e+00
3.592331450770418932e+00
3.577291620716709364e+00
3.471982595294562213e+00
3.539782897123864736e+00
3.511757301916985874e+00
3.444023553524943271e+00
3.502651503662810306e+00
3.462473475722650296e+00
3.476637628793687096e+00
3.496045556730252191e+00
3.536118402641037051e+00
3.413201945435497819e+00
3.416343451268852416e+00
3.367748037007337381e+00
3.396403661166937482e+00
3.412557820231541861e+00
3.465627071447604290e+00
3.442093228244200276e+00
3.457212088887141377e+00
3.429114139414873197e+00
3.396231461942473384e+00
3.408124417209745793e+00
3.408703664757771978e+00
3.452622700353820573e+00
3.376388860440212358e+00
3.365922997794169813e+00
3.368486068111130383e+00
3.474785803553504859e+00
3.464870118482334505e+00
3.471758545327340073e+00
3.427793716049322814e+00
3.437590428556280386e+00
3.477434607144900713e+00
3.452155886482688008e+00
3.496814624595449672e+00
3.500461971652276905e+00
3.633483630416538546e+00
3.609336511470637721e+00
3.690350790853129670e+00
3.650155766021123682e+00
3.643641325682819510e+00
3.644021527131219962e+00
3.598325291260348280e+00
3.580504015339925683e+00
3.594820562343844284e+00
3.595449134417706638e+00
3.568864023518769191e+00
3.532071504792205108e+00
3.600958523858885041e+00
3.607500608384848206e+00
3.617983606971516330e+00
3.639783851526558589e+00
3.620202027469105577e+00
3.595862393336701768e+00
3.565485823480922356e+00
3.689334694414363458e+00
3.647209785483082722e+00
3.665119219097088710e+00
3.709080115227175956e+00
3.672521460955415318e+00
3.627080222164158929e+00
3.519457427803386107e+00
3.586420211298656735e+00
3.453606814860454843e+00
3.485445747657091697e+00
3.451442811900057084e+00
3.395101532589295701e+00
3.414915185843146794e+00
3.423924325136974645e+00
3.408129954935740002e+00
3.452569667938936160e+00
3.471858264617862400e+00
3.470759602756945839e+00
3.394161677631238216e+00
3.458262664506969397e+00
3.457065823040060604e+00
3.432521903328174417e+00
3.429603546771541556e+00
3.447712594705512945e+00
3.518535310925572368e+00
3.458562002212240749e+00
3.427266477311571968e+00
3.397937733226879420e+00
3.345689702260097764e+00
3.353510842265274405e+00
3.375137819511296655e+00
3.378896971634655078e+00
3.261942334141391342e+00
3.326195801398724061e+00
3.280714251151558347e+00
3.319372058683237370e+00
3.301867975827537549e+00
3.399384176970608351e+00
3.405187234239335670e+00
3.385214070597382552e+00
3.312725668801257850e+00
3.349224887419856245e+00
3.320486286092089401e+00
3.402109012028522894e+00
3.356014903905459423e+00
3.364191249201092138e+00
3.426168760270352109e+00
3.309360482448497898e+00
3.330247514888485583e+00
3.304409910178457643e+00
3.394695163659001480e+00
3.401067039145515558e+00
3.407664038795222172e+00
3.419272590239116560e+00
3.411553382127371581e+00
3.479515858628701608e+00
3.486883255557843952e+00
3.599513901323191600e+00
3.627855643049620049e+00
3.696739773348684643e+00
3.687209319180245526e+00
3.751991468780130123e+00
3.711865475034508144e+00
3.731552191271413133e+00
3.796166988175791346e+00
3.829563503777529743e+00
3.789910329420924207e+00
3.856181705890707079e+00
3.807381398431396224e+00
3.842528135274108525e+00
3.773074851044045719e+00
3.726099102875462421e+00
3.868132218833534086e+00
3.907849925475496811e+00
3.857700309582368092e+00
3.761406791571817898e+00
3.817791327039389948e+00
3.865431663993310174e+00
3.929107917562989272e+00
3.947777809013712780e+00
3.905860940410851967e+00
3.999516305635528735e+00
3.954239575599225454e+00
3.903647912087314875e+00
3.860018653487059304e+00
3.833538033561056491e+00
3.775795782379909316e+00
3.731907456563201109e+00
3.689773696552590021e+00
3.678065494806273428e+00
3.733979168665936932e+00
3.719339275714499404e+00
3.667400728921132114e+00
3.651363845931214325e+00
3.597910159466889635e+00
3.612064165082728540e+00
3.566784937916516629e+00
3.542770614781777905e+00
3.506337626269779406e+00
3.505879503007855114e+00
3.534019213574939755e+00
3.335452729039837916e+00
3.243901531173506214e+00
3.184994258937416056e+00
3.124198937666669451e+00
3.067007618539566938e+00
3.051778817729460691e+00
3.049157968211479552e+00
3.086907096208041601e+00
3.086262270581054956e+00
3.063028384885789546e+00
3.119719018070712391e+00
3.119302223547141040e+00
3.162401733960251260e+00
3.154225154557052768e+00
3.103632607436501711e+00
3.109844171178179462e+00
3.163295349438049353e+00
3.162767052897751174e+00
3.115162944584531246e+00
3.093952034911579663e+00
3.132077035584848623e+00
3.147356465989357588e+00
3.110836217086156097e+00
3.082388296850180343e+00
3.080201157065756590e+00
3.173628614939492554e+00
3.181625307390926416e+00
3.156767895950249869e+00
3.164681916441411946e+00
3.220880797693442155e+00
3.211962055359616208e+00
3.262643436360201488e+00
3.206889339760974789e+00
3.165108120383741230e+00
3.171638497532743184e+00
3.122557937144160078e+00
3.107157836939065998e+00
3.090917286447351753e+00
3.049055467954087106e+00
3.101606585696336182e+00
3.072726097008692481e+00
2.995913724659779565e+00
2.996173012803579283e+00
3.043805338989800990e+00
3.079752458952596417e+00
3.073160126866654185e+00
3.111875501056632132e+00
3.128996454726558074e+00
3.207930117647513235e+00
3.206504143458195788e+00
3.204288753128762490e+00
3.228592797598341502e+00
3.292498651254039732e+00
3.283353987199852053e+00
3.224851652341264252e+00
3.254624183232099011e+00
3.248543995814647811e+00
3.263184107729867556e+00
3.329903686641547456e+00
3.299832638058839862e+00
3.329778882277622643e+00
3.374143171755537018e+00
3.330396907753538471e+00
3.387894050455053652e+00
3.313756567137932763e+00
3.398576171515132138e+00
3.444754342868907582e+00
3.499304669275647761e+00
3.533576134620076914e+00
3.460285616935286246e+00
3.476732693194418911e+00
3.396269495021131402e+00
3.390992958461363393e+00
3.335432679225307506e+00
3.310543545496646978e+00
3.332275612151499367e+00
3.319808074736436243e+00
3.309507872793254091e+00
3.317278300327974883e+00
3.420945547063083403e+00
3.381193579130391313e+00
3.374487999848119202e+00
3.424457655635477771e+00
3.398510241519697939e+00
3.406141379953588455e+00
3.385997860225779643e+00
3.427472325156288413e+00
3.465543365895077166e+00
3.482637623609605271e+00
3.548250708241323270e+00
3.495280665821154376e+00
3.480047557423788795e+00
3.457774422632422517e+00
3.494671821908183595e+00
3.598611056035487810e+00
3.585733617973686282e+00
3.568700552153747818e+00
3.614558554018943770e+00
3.650998000114198838e+00
3.673853860305510199e+00
3.728609617417312894e+00
3.739597132980739591e+00
3.754686457992917337e+00
3.835865515040209672e+00
3.806970868889962833e+00
3.804075596649548530e+00
3.711222161220245841e+00
3.641768672386863859e+00
3.587670341924993345e+00
3.629551905225984587e+00
3.571153609036644916e+00
3.470704580986495369e+00
3.468893145710616022e+00
3.444102322591134246e+00
3.447991968836151333e+00
3.409947073408577722e+00
3.432595118391670308e+00
3.380220771071043018e+00
3.351204558370742603e+00
3.343869504725353270e+00
3.320039631416316528e+00
3.376752747398140464e+00
3.352749386909697371e+00
3.355825913707137786e+00
3.321477789955112669e+00
3.311287836911160021e+00
3.308226271853668798e+00
3.318968066008679330e+00
3.293949485816745959e+00
3.258554918687729618e+00
3.266299263771946571e+00
3.293112992360192948e+00
3.344121486139276289e+00
3.331559390724905700e+00
3.307429846914093474e+00
3.342446901495982114e+00
3.367887744590510657e+00
3.282481937340956613e+00
3.255066562956405729e+00
3.213339699522035797e+00
3.250369524503176066e+00
3.248189631513450859e+00
3.281791964874551049e+00
3.278608207248743245e+00
3.265174403915086732e+00
3.317138512974030284e+00
3.293288697521253194e+00
3.313215092805782191e+00
3.330070468407571038e+00
3.374396955935977438e+00
3.313628667873301570e+00
3.293820333597851757e+00
3.298743278346889962e+00
3.278906730112764567e+00
3.329972174729104673e+00
3.336872484459896260e+00
3.383224170629431260e+00
3.359316128836539850e+00
3.417556604758024363e+00
3.465955450021003692e+00
3.497031606688354888e+00
3.502300850520020603e+00
3.615555644370509469e+00
3.622791987768507305e+00
3.673928805541934128e+00
3.693310916293939705e+00
3.690952801503156966e+00
3.701820542312259654e+00
3.716735057347012372e+00
3.700818728335231178e+00
3.660949154189601096e+00
3.677631799435578941e+00
3.697739472633033930e+00
3.562294573933754371e+00
3.622221838063256705e+00
3.665399751777842940e+00
3.787665144987975019e+00
3.744672815209131311e+00
3.748876563851461619e+00
3.685078614512927064e+00
3.699628663454393784e+00
3.699850855284796847e+00
3.591160556493970812e+00
3.606953998502949066e+00
3.619567352692778961e+00
3.640385323333876766e+00
3.658530391906079871e+00
3.602071342727640957e+00
3.595071830677284197e+00
3.569860304099565784e+00
3.566985370998795091e+00
3.557221454195425903e+00
3.605027279940105966e+00
3.538620327247976594e+00
3.538563421349175897e+00
3.539094564692875533e+00
3.559077287131678258e+00
3.508290915176473401e+00
3.633180277074507192e+00
3.511366138518718483e+00
3.503211123672478777e+00
3.421321115561704929e+00
3.436207712198240394e+00
3.424343353651282396e+00
3.441851257497042571e+00
3.449161878553843152e+00
3.460209358345323505e+00
3.590852451347500640e+00
3.548630961717338828e+00
3.563993878566988460e+00
3.535168014264419512e+00
3.566947799483432213e+00
3.571957270930619099e+00
3.668389011216032891e+00
3.693544452769510489e+00
3.727105338740776652e+00
3.728290332792789652e+00
3.681693459670092761e+00
3.693764063072879633e+00
3.630771551795851426e+00
3.682424538599352370e+00
3.683796124603190503e+00
3.667692453370487549e+00
3.613241626445158339e+00
3.695829480915294507e+00
3.700445693561778882e+00
3.744132823920222286e+00
3.762191906258280927e+00
3.772590124679746193e+00
3.819963435761632553e+00
3.842671368179762403e+00
3.909515812541351387e+00
3.865136691664844637e+00
3.911146418280078585e+00
3.865434622592813341e+00
3.900246457753467233e+00
3.866221500383514087e+00
3.901984228325138915e+00
3.876262410897927335e+00
3.880215627109437015e+00
3.860089934004721446e+00
3.938394265662027660e+00
3.930014918901877152e+00
3.990081201409755529e+00
4.060849881871173572e+00
3.920821496918406979e+00
3.898595466886122018e+00
3.954102517545779794e+00
3.960365301406462812e+00
3.903119078859907276e+00
3.914011903216841670e+00
3.888899371058792909e+00
3.852792040003157670e+00
3.800902832886448479e+00
3.729291166629950638e+00
3.717577519201034075e+00
3.688586964608504992e+00
3.701857164546467516e+00
3.661345515133353157e+00
3.601384307041822108e+00
3.591639759705857138e+00
3.550243743043409506e+00
3.511438557582102771e+00
3.475069962256279954e+00
3.486385588022640647e+00
3.460097461086942605e+00
3.392705876803895126e+00
3.373941018281022775e+00
3.384268942385542545e+00
3.414621843094755249e+00
3.523181488772462178e+00
3.476963550993869667e+00
3.426304090370105637e+00
3.444459930830139349e+00
3.427899037609265065e+00
3.457608058476283830e+00
3.462343108330801833e+00
3.485685322608567116e+00
3.523633488092981381e+00
3.542940371877945971e+00
3.524589275918806219e+00
3.498489315395657329e+00
3.514014007780979831e+00
3.522802759678745677e+00
3.585015260676775117e+00
3.586889304819731450e+00
3.572544835734174473e+00
3.607353770726817288e+00
3.539511094556388571e+00
3.503778348364170458e+00
3.523258646348973677e+00
3.479983725187119514e+00
3.449431605237561094e+00
3.395027333395651770e+00
3.377414400177290332e+00
3.322098912640036428e+00
3.377608402614808991e+00
3.321705004939733197e+00
3.324156712630875532e+00
3.372844261599012405e+00
3.364817848018336388e+00
3.366871466586620620e+00
3.368226411145558430e+00
3.381054834237347873e+00
3.327180137096668933e+00
3.314212510375901033e+00
3.307134466997711186e+00
3.297856958659143523e+00
3.257080542777937016e+00
3.262736961132727043e+00
3.243996969359277394e+00
3.260363013534510301e+00
3.237838916905066089e+00
3.264778571102415761e+00
3.285225293345513720e+00
3.213525428598031475e+00
3.166830386819631915e+00
3.187401111059415371e+00
3.208129390670658942e+00
3.261342166658307118e+00
3.312410464862203696e+00
3.267430170791342903e+00
3.335087552649798059e+00
3.343800498960070922e+00
3.279646891792177499e+00
3.317495085124155807e+00
3.293419772430261183e+00
3.166611795676347096e+00
3.174877736802557138e+00
3.213893704689543274e+00
3.194421153912633038e+00
3.173194729268793868e+00
3.153837745408355264e+00
3.152346013582135065e+00
3.129589584052476336e+00
3.133827005744386884e+00
3.131729253748865016e+00
3.121537161867551369e+00
3.121875821838632881e+00
3.126231065159244871e+00
3.165773309685818493e+00
3.205010294871004195e+00
3.206258255495255227e+00
3.143841321899992103e+00
3.047961245836801503e+00
2.991605321849718280e+00
2.998738587299400571e+00
2.994943667745433302e+00
2.951722192557962643e+00
2.960318151898027494e+00
2.888533482387716234e+00
2.858204034962160023e+00
2.980939218959104409e+00
2.953048170562400543e+00
2.908914164663920499e+00
2.903727598907575480e+00
2.886293327939058795e+00
2.847147427923423457e+00
2.905451393476248256e+00
2.898502402943095912e+00
2.854560292843163705e+00
2.844686015180460714e+00
2.796358680463185475e+00
2.800854801868095212e+00
2.793382326446587793e+00
2.786598999404291455e+00
2.837614370097071959e+00
2.841184387564843927e+00
2.855889120552211224e+00
2.868966746989094929e+00
2.838067094457996653e+00
2.841356179878167687e+00
2.827896406067608392e+00
2.794443631272379935e+00
2.783240042728743369e+00
2.772303133335798364e+00
2.741811113451540827e+00
2.706303841544523081e+00
2.701478046249839782e+00
2.746890213983757878e+00
2.752954706505403415e+00
2.734668907806043769e+00
2.798365609761066963e+00
2.749356957060175244e+00
2.706798972009999638e+00
2.676479178735348796e+00
2.676850485067970631e+00
2.712327348388084758e+00
2.688565725265471329e+00
2.640128147420967686e+00
2.673099387954163131e+00
2.633732636118830239e+00
2.635983095498778184e+00
2.648148204357293700e+00
2.637844893979629735e+00
2.682431154557923580e+00
2.670026260566426668e+00
2.716481443546993724e+00
2.762121484831781881e+00
2.757004976651503014e+00
2.738924796057179645e+00
2.770375851491647445e+00
2.748579060099973326e+00
2.769639157849722810e+00
2.750787074715791203e+00
2.740495881200833317e+00
2.769228638836513046e+00
2.719239271954265291e+00
2.743738398732602946e+00
2.742078419097518260e+00
2.804469643003281831e+00
2.799509192638206301e+00
2.783161797419832162e+00
2.812823793756102031e+00
2.806824725313247004e+00
2.758415540466016225e+00
2.764458547996390791e+00
2.730148372794701572e+00
2.755783893692907327e+00
2.759905476444653338e+00
2.726638358819915453e+00
2.712090211593688238e+00
2.689919551928492414e+00
2.674391886806877672e+00
2.716198448492478601e+00
2.764827123289128608e+00
2.791843801770778732e+00
2.791746416433695366e+00
2.757810219730636447e+00
2.756945758277089542e+00
2.756731767108722586e+00
2.760540358890567703e+00
2.785418342896976984e+00
2.788774444340901493e+00
2.837988001545042049e+00
2.806799858129151559e+00
2.840786052355403157e+00
2.848189681350100422e+00
2.817468150578756880e+00
2.831296325583176010e+00
2.840255649715173192e+00
2.857152125295293832e+00
2.843136079325686794e+00
2.830981079829738789e+00
2.823360018676709160e+00
2.829052557488758612e+00
2.797401906571954200e+00
2.777093387158419358e+00
2.793805740507775415e+00
2.748736341328108068e+00
2.734052052610778549e+00
2.702188077182508863e+00
2.725406927360471965e+00
2.785472682225186070e+00
2.774780783492557301e+00
2.748097624144312245e+00
2.680469813067904106e+00
2.694625522753073543e+00
2.658593714973600530e+00
2.646584549423990573e+00
2.656194502127472212e+00
2.628319254788879622e+00
2.682576842243983961e+00
2.697190049964345970e+00
2.723964565335853294e+00
2.696209078783318169e+00
2.704223239687702840e+00
2.730535269424272826e+00
2.739518845182759232e+00
2.742011485648129909e+00
2.779656690709018996e+00
2.836820636780702287e+00
2.836805020001745170e+00
2.803871774083891655e+00
2.844426672988935589e+00
2.837266768966364872e+00
2.859052949672031829e+00
2.849789623979622988e+00
2.740513524494650355e+00
2.740484104800946952e+00
2.763889861935053816e+00
2.878604303661779884e+00
2.858190107528004287e+00
2.902850649738153876e+00
2.892305258746488139e+00
2.924616192625318245e+00
3.003008744174618716e+00
3.014525010983894582e+00
3.010074540578298041e+00
3.033217739757644971e+00
3.071605139575919630e+00
3.096201269794378597e+00
3.119370703744487550e+00
3.128164040734722651e+00
3.131379829261522474e+00
3.087849614331016124e+00
3.055917176925207368e+00
3.059582731634557184e+00
3.164357020493731909e+00
3.167758977639254958e+00
3.194006803118246030e+00
3.207573066913578685e+00
3.216131090034987317e+00
3.336429139487623985e+00
3.376046907322670432e+00
3.444918780258785063e+00
3.417466527290550449e+00
3.413519659277180374e+00
3.411157054342175865e+00
3.432978942029250913e+00
3.439828746805134507e+00
3.339275698187118557e+00
3.313567566578653700e+00
3.402033241024417620e+00
3.371010846955195372e+00
3.393944391188117304e+00
3.308412305621888816e+00
3.252881552641791352e+00
3.255584551823963224e+00
3.237416965842615291e+00
3.208612671319840182e+00
3.185378230429224189e+00
3.196502699721147422e+00
3.169579963667424227e+00
3.171910435866228894e+00
3.185546269831988742e+00
3.266648821990568052e+00
3.254341128882111800e+00
3.252899572325332223e+00
3.273991647386388149e+00
3.183543056151770134e+00
3.169599786683796161e+00
3.223219084310551708e+00
3.235201450101944154e+00
3.292040409477307250e+00
3.315334763501224913e+00
3.381068883183417473e+00
3.350799087748788541e+00
3.305679219711398442e+00
3.337879162509252762e+00
3.336629789373934507e+00
3.431002191056649941e+00
3.495090882288998557e+00
3.451772842972493205e+00
3.501265557619456459e+00
3.571818015962029413e+00
3.616132835558410363e+00
3.656046384671240101e+00
3.635042213648885578e+00
3.579692278111110681e+00
3.557047067841967447e+00
3.509174033397039594e+00
3.552530361968850858e+00
3.549137909837375648e+00
3.527953861529443014e+00
3.573062088993039787e+00
3.532292052062798504e+00
3.518004419626092005e+00
3.532529896499356337e+00
3.510815452189579133e+00
3.513869631365027946e+00
3.451448289693523463e+00
3.509717522870698936e+00
3.461858842341944076e+00
3.486462771224985602e+00
3.489190884816371518e+00
3.476290274557742865e+00
3.512766075691331924e+00
3.493008999401327586e+00
3.510622689313640965e+00
3.565134172927048706e+00
3.621532473493227933e+00
3.606649295453952409e+00
3.550556329393669497e+00
3.602389539855747280e+00
3.609864843795964173e+00
3.568828260595726665e+00
3.578660057667391037e+00
3.574722502695497184e+00
3.618444455502385804e+00
3.619578228658511865e+00
3.662180012007085317e+00
3.653449655812789132e+00
3.609309403336404820e+00
3.605020321036876751e+00
3.554569643133409951e+00
3.607503188596058230e+00
3.557296547614094528e+00
3.600211882725552481e+00
3.550010342247356565e+00
3.486418285209686552e+00
3.465575865161702129e+00
3.463961285784335598e+00
3.451562850884569045e+00
3.446275348689539886e+00
3.462590170625378327e+00
3.465144244855472344e+00
3.401774955551873258e+00
3.349828085454945370e+00
3.346966142030372904e+00
3.331386248216086976e+00
3.385003918196747730e+00
3.364738651577810380e+00
3.425475711093457942e+00
3.315774821086121094e+00
3.320864870527016954e+00
3.308801183622761766e+00
3.337150721538515441e+00
3.350589978083168052e+00
3.344449229489435904e+00
3.376581780747956341e+00
3.339831116434882397e+00
3.347632327164515420e+00
3.323395703022149483e+00
3.329580402916852755e+00
3.383124588466220217e+00
3.344256588113918127e+00
3.345815998240245115e+00
3.320584046752708129e+00
3.329927180003747988e+00
3.236049390055452335e+00
3.219314944634548592e+00
3.274480025476213196e+00
3.337557109125614652e+00
3.352995264915976659e+00
3.369133739981011733e+00
3.351605059789547703e+00
3.324971566609260964e+00
3.208345212412935687e+00
3.294335279489096990e+00
3.281745257905611002e+00
3.283320954200351860e+00
3.251014090324161554e+00
3.292519639469973836e+00
3.259067413188697415e+00
3.169095409796039764e+00
3.214515663059316353e+00
3.248709901925986632e+00
3.315805047012290618e+00
3.346871817796319704e+00
3.340108295397254068e+00
3.355279449150600612e+00
3.333330706014752565e+00
3.393130774837004537e+00
3.360938907422873712e+00
3.386171600861346054e+00
3.417878606264211694e+00
3.397291691110252643e+00
3.460054959722677292e+00
3.457468607957848494e+00
3.415416254370134741e+00
3.463326480521633943e+00
3.475670797494051278e+00
3.540777096824033077e+00
3.501687295153200097e+00
3.516902943547910443e+00
3.547292748381149163e+00
3.592821415666991314e+00
3.543918767389321545e+00
3.533848372793177539e+00
3.627539695972681777e+00
3.602248581168607355e+00
3.535219240866669388e+00
3.444201042745634211e+00
3.423370571257946526e+00
3.394587730266090286e+00
3.497648146366687527e+00
3.439718671871550448e+00
3.433846525844841402e+00
3.430904140545052883e+00
3.507870557887524221e+00
3.484735445369691487e+00
3.429308995217508205e+00
3.386122882040692783e+00
3.419116137762208574e+00
3.495677525499967242e+00
3.439197720374140399e+00
3.434091252312746256e+00
3.439494010142628344e+00
3.446497393714980984e+00
3.428378575721933164e+00
3.438841908194882002e+00
3.397594432439580814e+00
3.418771966793936024e+00
3.479361817158326264e+00
3.452454944073544585e+00
3.502778907686620702e+00
3.544934624327164219e+00
3.586398736725469938e+00
3.504389197801617506e+00
3.574255001551963407e+00
3.559763011739048189e+00
3.616724834858807469e+00
3.641131684496498266e+00
3.684461178607130627e+00
3.628837548828661941e+00
3.629603718895710429e+00
3.715898942899035884e+00
3.694017182944790534e+00
3.705478411279022222e+00
3.651101458579829817e+00
3.661146873494327103e+00
3.681077972524994912e+00
3.700725875718540170e+00
3.684949841453686314e+00
3.648793172332172041e+00
3.623749838722898797e+00
3.601942391110164898e+00
3.564978092088445294e+00
3.592387404251914607e+00
3.555312512822148108e+00
3.492148749651684536e+00
3.416220878598213773e+00
3.374645718309925435e+00
3.463613523975482167e+00
3.466221180805272972e+00
3.476462113526576747e+00
3.470196576533307375e+00
3.520828153769094637e+00
3.459234410759723488e+00
3.391939259477874558e+00
3.331023868046527614e+00
3.333048103658403871e+00
3.347728354725113320e+00
3.297233448431602376e+00
3.333743558727165990e+00
3.327712253516582841e+00
3.387045651016070469e+00
3.371077768595452717e+00
3.384394668479525858e+00
3.418941899991635669e+00
3.432747107312021040e+00
3.426287940735138537e+00
3.376229249644573382e+00
3.336136449584742536e+00
3.384341068917604556e+00
3.401647814803665515e+00
3.472832703504565632e+00
3.479629724820511250e+00
3.453989776191439542e+00
3.391249356379477220e+00
3.246382601431309745e+00
3.198940462689725095e+00
3.177671085173139343e+00
3.185184512373128385e+00
3.246472138221566439e+00
3.281355276296175738e+00
3.261040856552333445e+00
3.271828543523097821e+00
3.213342800640300645e+00
3.204478625943429471e+00
3.167504605323415046e+00
3.108912933706859061e+00
3.154815407177973263e+00
3.114516962192462213e+00
3.175019457583758697e+00
3.153860273002740300e+00
3.120824777980952813e+00
3.149114475944529090e+00
3.138136240235983365e+00
3.134228334532515259e+00
3.122118291583686478e+00
3.124663457557381729e+00
3.161736282916923990e+00
3.127646352637444949e+00
3.172849149441443473e+00
3.238708974503021754e+00
3.257945816328573052e+00
3.244734803757366670e+00
3.258951833348163074e+00
3.225199028909141230e+00
3.190194396191151860e+00
3.153127582706052756e+00
3.163041281262136906e+00
3.176544031019599590e+00
3.174267071869091073e+00
3.196493262211735686e+00
3.156343500112370748e+00
3.062535813897676817e+00
3.101629760221786825e+00
3.043002063914773903e+00
3.006365003729738028e+00
3.068072587914951743e+00
3.084282494212243098e+00
3.091160332279923484e+00
3.083552071036623321e+00
3.059870284892615810e+00
3.059387790202685586e+00
3.026945989662953806e+00
3.066071566610788057e+00
3.008569812965654400e+00
2.972095935809583089e+00
2.988512432927348694e+00
2.968481559494223987e+00
2.971377798087915689e+00
2.962323989371424382e+00
2.983761043311089267e+00
2.988389193218057294e+00
2.999550295394707078e+00
3.040122035538756151e+00
3.034961248513683429e+00
3.026846182707027655e+00
3.015968700561666882e+00
3.096688705298045186e+00
3.097267706415056221e+00
3.085933324179203741e+00
3.121245648812107198e+00
3.089440774312502747e+00
3.019632010086570784e+00
3.017172584977013017e+00
3.028180345663677109e+00
3.066934251561150848e+00
3.029525674497218102e+00
3.023430094582015837e+00
2.986588708986046559e+00
3.017126384083765878e+00
3.026656047988975029e+00
3.009776006488547928e+00
2.997956296836472578e+00
2.986854118723551110e+00
3.039607070889471352e+00
3.023212334233562615e+00
3.053400927876795734e+00
3.012675657798713935e+00
2.987931434377796514e+00
3.009994972325612750e+00
3.005887685195210768e+00
3.081535841204625648e+00
3.062976992354605521e+00
3.067956308207469895e+00
3.094789701487197675e+00
3.079742340754815899e+00
2.978259364712692925e+00
3.026078447589001019e+00
3.017058942411161127e+00
2.989468826712092131e+00
2.994677295254537519e+00
3.030197569780234801e+00
3.052177417378426405e+00
3.066520160972845410e+00
3.054005911191690181e+00
3.117283741832891586e+00
3.111667595579442391e+00
3.128934171754555571e+00
3.074499212905637879e+00
3.090590259059845746e+00
3.095678330957033264e+00
3.095569527723721848e+00
3.102682673536995672e+00
3.129936239302872902e+00
3.088835840987723014e+00
3.049764621909898832e+00
3.040203303801114920e+00
3.025999237916547902e+00
3.011041014805064808e+00
3.026250342072695609e+00
3.009023535269902627e+00
3.118115371976947436e+00
3.136472791386809345e+00
3.178045620008295824e+00
3.200713892884399225e+00
3.216485290397142816e+00
3.186021492973666547e+00
3.195253566794569622e+00
3.263667467767056962e+00
3.277299540527421673e+00
3.253379083173283171e+00
3.301874290675241852e+00
3.327554084748559404e+00
3.398526230718148078e+00
3.377322391138597890e+00
3.412336965181076653e+00
3.376689335117879054e+00
3.375675195509251214e+00
3.358081742811841242e+00
3.357811137536715229e+00
3.441612990535872552e+00
3.448419871130658176e+00
3.471183377573214379e+00
3.457963716084528460e+00
3.441163129275403687e+00
3.511548750249686712e+00
3.560483148989222801e+00
3.630562594494582296e+00
3.497377139919346067e+00
3.512188477536400288e+00
3.432469014540427743e+00
3.492267670071734553e+00
3.503812572610218723e+00
3.457510965323092211e+00
3.407284851162285300e+00
3.422507286611822686e+00
3.410304748803783870e+00
3.408968361125002566e+00
3.416247707626745900e+00
3.417634477614694521e+00
3.425907951588873512e+00
3.490515299168059027e+00
3.521783414509927823e+00
3.567935332145842686e+00
3.576931129200337622e+00
3.589028437292046014e+00
3.596447687644074964e+00
3.621761102357250461e+00
3.683302917450327119e+00
3.695081040400965744e+00
3.665908407637553434e+00
3.640824792886662831e+00
3.536724196422956101e+00
3.610927295190435871e+00
3.621989514789299314e+00
3.655672434706175533e+00
3.668250946167331161e+00
3.638316214965870099e+00
3.619658339032580940e+00
3.689560345348664505e+00
3.666619192975651309e+00
3.676890894138411969e+00
3.672221701897277590e+00
3.719120199209531297e+00
3.733093356380634109e+00
3.713364253808693505e+00
3.694571824977005203e+00
3.723061660898990599e+00
3.708805822509114947e+00
3.713180811202458909e+00
3.648387648965044860e+00
3.593161104163329345e+00
3.545850273905230665e+00
3.535363528102817732e+00
3.534511576597775928e+00
3.550639569835427611e+00
3.575355341546996968e+00
3.619584965379389452e+00
3.675772984977442093e+00
3.651207224094827897e+00
3.607970096488021472e+00
3.556473147664399814e+00
3.553228286081708376e+00
3.581455301394690149e+00
3.546584447912004112e+00
3.465018790609402544e+00
3.423748878011198205e+00
3.377554333416877164e+00
3.273873863860916611e+00
3.294842972664592473e+00
3.221915049889385152e+00
3.247286840675754238e+00
3.164544259879883192e+00
3.160319000795838829e+00
3.121419537803639788e+00
3.179036268585204272e+00
3.211065338268042524e+00
3.182865799140680796e+00
3.137310923079348335e+00
3.141071933462038501e+00
3.122073685172229052e+00
3.027425201034672497e+00
3.052935533032238968e+00
2.992862412452394150e+00
2.970945423423144938e+00
3.057958752996539076e+00
3.039010072065249535e+00
3.086221221414806148e+00
3.043311978471463952e+00
3.023312455002788113e+00
3.124349410782081282e+00
3.193323307644658104e+00
3.252746048270280799e+00
3.299972505593020689e+00
3.268809382740881730e+00
3.284601766164383818e+00
3.271750285471436204e+00
3.329991521187972037e+00
3.328186887895831170e+00
3.375051659573591323e+00
3.345617072721716934e+00
3.345772242311618516e+00
3.382133127206099044e+00
3.373041815928648823e+00
3.389612557739044796e+00
3.428819232605517797e+00
3.509251479713980437e+00
3.533223168527964919e+00
3.636003123929949954e+00
3.711615660115976212e+00
3.651162361341909968e+00
3.703113636404936848e+00
3.590953576729508434e+00
3.636319183923136578e+00
3.718965403128728031e+00
3.733242793715544572e+00
3.720244753787991687e+00
3.675039313730970481e+00
3.697614497636186215e+00
3.681498459120054356e+00
3.794063893744021865e+00
3.810389200460692294e+00
3.806664638090069275e+00
3.801704985603140852e+00
3.762955691089635124e+00
3.795161460573905465e+00
3.772463348588284138e+00
3.806575555428434843e+00
3.851283715295241272e+00
3.874343446119310030e+00
3.865359611722333000e+00
3.909926287951428492e+00
3.840552783208742049e+00
3.733241108653367668e+00
3.660231030194889712e+00
3.662621145275974932e+00
3.644220532554619751e+00
3.734779723568388388e+00
3.749709322280773804e+00
3.699306744748647180e+00
3.667327649563682623e+00
3.678618683567309144e+00
3.752378185866065419e+00
3.706466572788188252e+00
3.710716018452218989e+00
3.698708083137696612e+00
3.665687864233802440e+00
3.709518734607125445e+00
3.641862057377127204e+00
3.702113691971033571e+00
3.656078670249390150e+00
3.712702640819517619e+00
3.681308960088505611e+00
3.640780892693474158e+00
3.641032404208810913e+00
3.622486376527964236e+00
3.620352901894130504e+00
3.649647306600386720e+00
3.681378524431350385e+00
3.753549189843918388e+00
3.750281344234700942e+00
3.770136447939238078e+00
3.792254141173837301e+00
3.804881406122925913e+00
3.762693107540668880e+00
3.762019239415975935e+00
3.772107368143072570e+00
3.698648900798546357e+00
3.739038021601628792e+00
3.744391716863484820e+00
3.689090681313330400e+00
3.732847120494561466e+00
3.677150333448726549e+00
3.736346718806484279e+00
3.707220207077272178e+00
3.629748233030577698e+00
3.600102180480104774e+00
3.550072027635079674e+00
3.592590513841555921e+00
3.570953443973144736e+00
3.582050083433520271e+00
3.493121158428664330e+00
3.476883594623117801e+00
3.500208829515366826e+00
3.489083155448786222e+00
3.511630502898227313e+00
3.484592761296201768e+00
3.356633451418913783e+00
3.316993484886397336e+00
3.350213669233552238e+00
3.311463743484003519e+00
3.224829217351581345e+00
3.215740570126517817e+00
3.208635925280360901e+00
3.213632071561904890e+00
3.271634143513184600e+00
3.208171878673352850e+00
3.256849708925767306e+00
3.263590505788616092e+00
3.285279200690311985e+00
3.386997814670624773e+00
3.340982055386840788e+00
3.413607614122007305e+00
3.393457708687422691e+00
3.415075509876114523e+00
3.447989971822584376e+00
3.485778485324272591e+00
3.495491403990970358e+00
3.409164969546949475e+00
3.402923477268179564e+00
3.403803622594490985e+00
3.369676799798118516e+00
3.412726068184692263e+00
3.419209218271634931e+00
3.312920327967603384e+00
3.349180735967885347e+00
3.405681838503802350e+00
3.416977001765123756e+00
3.442692369258316898e+00
3.448443928504140388e+00
3.404437681263773552e+00
3.425467190934545325e+00
3.355579821770768412e+00
3.386328888852937702e+00
3.385407655485130896e+00
3.347924020597671912e+00
3.352216083180908246e+00
3.326835825627173726e+00
3.319421050819030050e+00
3.221069948603342059e+00
3.189342372365743472e+00
3.205326992874475422e+00
3.219930543031145120e+00
3.309373706849779939e+00
3.294514211812566984e+00
3.260763181839335445e+00
3.271545237829502462e+00
3.282427441074360353e+00
3.285676992560993881e+00
3.377177417777307955e+00
3.237982932150888615e+00
3.222310924333926963e+00
3.222274351915268120e+00
3.203449056970193887e+00
3.225691401956124693e+00
3.240885350558139422e+00
3.215849233335812851e+00
3.267871868063553453e+00
3.238040795090860069e+00
3.243992290340051099e+00
3.199615508405872610e+00
3.262682613873002957e+00
3.220644248456064229e+00
3.302543435782591352e+00
3.362911922879336046e+00
3.313089582061394811e+00
3.304870723865695137e+00
3.243817456628220075e+00
3.266733633748704069e+00
3.227875431410467844e+00
3.193300246046262725e+00
3.225179124288944266e+00
3.213588867624831202e+00
3.197808334579205436e+00
3.216805306725353475e+00
3.248630089336522975e+00
3.233074842755145450e+00
3.258970523801401953e+00
3.302274396794600886e+00
3.274405007843511850e+00
3.321172714256405367e+00
3.381280484804877862e+00
3.356914365856996874e+00
3.385998197621144179e+00
3.399405082036002668e+00
3.455019811961153042e+00
3.443405419156016389e+00
3.502589190123863716e+00
3.418024091060044345e+00
3.417433940801978931e+00
3.478551961485038646e+00
3.505163958176755301e+00
3.605600019969005476e+00
3.595543310659116365e+00
3.618235469837149054e+00
3.673115988182871661e+00
3.663884307988503952e+00
3.732517205858047582e+00
3.774987633155227673e+00
3.803171465032738396e+00
3.944444840348249048e+00
3.971697618165515031e+00
4.012863723833288709e+00
4.004670617477517069e+00
4.050666118684632444e+00
3.965594486632521232e+00
3.864746384509099908e+00
3.831058441769595202e+00
3.789817420157015171e+00
3.746286658547405057e+00
3.782159157615471390e+00
3.765112249324984450e+00
3.770976665229172742e+00
3.853115981149837221e+00
3.888182163474777742e+00
3.860663495742435725e+00
3.889489925476358412e+00
3.806097051037619750e+00
3.753092842794348627e+00
3.773356548830824941e+00
3.831487685977837732e+00
3.846113438428103493e+00
3.830057885938434659e+00
3.786837320599297563e+00
3.837795666025064278e+00
3.864755639560682798e+00
3.795791917580265906e+00
3.783858212317107839e+00
3.738504860408014441e+00
3.671283352081140539e+00
3.643797602542847347e+00
3.718319352247984710e+00
3.785588159951262188e+00
3.744780049638382735e+00
3.796585130205941017e+00
3.794199488282064436e+00
3.831183789418558749e+00
3.818878832219633424e+00
3.821971834242582577e+00
3.801228733878283084e+00
3.847314406331642012e+00
3.852990226816847663e+00
3.830202941482573120e+00
3.909412060431336489e+00
3.866653465036868909e+00
3.850856223965651637e+00
3.810683205169599574e+00
3.795922803350596730e+00
3.769900509913221676e+00
3.697944281948341683e+00
3.642659729676736458e+00
3.674149648224219966e+00
3.677341236253310441e+00
3.657289100220642020e+00
3.669069098599968104e+00
3.717462584184878516e+00
3.717520976186520443e+00
3.662722333592470569e+00
3.681016005895877186e+00
3.627126509846335001e+00
3.592160253159207617e+00
3.507754042638102199e+00
3.464806032185232088e+00
3.418830629192629811e+00
3.347596381806016819e+00
3.285582955491797019e+00
3.262972278512814128e+00
3.297160428397266418e+00
3.246864304490361341e+00
3.311830874526276336e+00
3.296474455716630114e+00
3.326993250465104524e+00
3.366093181724150174e+00
3.403733186313374404e+00
3.400353916433279888e+00
3.419454579458044652e+00
3.454973523437743665e+00
3.443518386096936723e+00
3.486454862525148357e+00
3.486605337190722853e+00
3.500848259205801671e+00
3.428746337781315656e+00
3.422679410430690794e+00
3.424931577890875101e+00
3.448927024653460016e+00
3.490760033925272676e+00
3.473013533039286393e+00
3.426568442929972758e+00
3.432208384712741811e+00
3.504173886032030172e+00
3.537744567883243541e+00
3.424336739606420821e+00
3.475618068676475936e+00
3.512667892931685909e+00
3.490098921371509455e+00
3.496868521300089405e+00
3.448490357035159715e+00
3.338970110765868693e+00
3.347615786085441858e+00
3.356456386519715451e+00
3.365914973156414636e+00
3.340233741509747833e+00
3.312126446357168685e+00
3.331145050105295269e+00
3.260746138172340824e+00
3.261024333591800328e+00
3.337549585455016565e+00
3.388693343014126391e+00
3.382112954232620705e+00
3.400082986431244958e+00
3.380386375320337145e+00
3.411617336891136443e+00
3.528602700716279461e+00
3.467671806244672528e+00
3.500002410532060626e+00
3.477377797967882600e+00
3.559009864183341421e+00
3.512618057248583892e+00
3.453445359109120538e+00
3.468421280887851843e+00
3.449660642732648608e+00
3.360616319322176526e+00
3.381258707570841793e+00
3.352262089475085638e+00
3.408881660128353364e+00
3.324277999409651407e+00
3.311772841782835375e+00
3.319466628710550538e+00
3.314145316214865744e+00
3.324498346449987984e+00
3.334486976032139172e+00
3.326033374043794399e+00
3.282199596895307270e+00
3.333913555659379302e+00
3.286940113835927324e+00
3.323592533522615966e+00
3.353938354970068758e+00
3.316340851224302888e+00
3.371175855234827878e+00
3.321201855200177189e+00
3.388352826835566045e+00
3.417129115285320040e+00
3.417653667631991521e+00
3.438868300490077523e+00
3.395527503959703708e+00
3.402412306703346268e+00
3.527858588122572137e+00
3.623000606675788493e+00
3.666902903781254608e+00
3.633639914966457773e+00
3.706093455640716794e+00
3.647732214589087807e+00
3.624409447671610440e+00
3.551777045581720138e+00
3.609114518770746294e+00
3.557766879019271578e+00
3.507200089168525992e+00
3.529276562092870773e+00
3.529884325016952484e+00
3.535840078591144131e+00
3.521280801476301736e+00
3.510690218142113572e+00
3.538949458110872470e+00
3.537962095119293160e+00
3.576528352484818374e+00
3.383396118101391181e+00
3.341856917714555841e+00
3.371289762088448327e+00
3.310582714381006486e+00
3.375197969730394210e+00
3.403765880346294459e+00
3.360784905534429878e+00
3.327490422826784755e+00
3.339538301787988939e+00
3.306301336803540547e+00
3.304367712564402648e+00
3.359347224315855307e+00
3.395842042648374637e+00
3.456047212958822001e+00
3.441685990394619310e+00
3.534511391035222605e+00
3.611797034952151098e+00
3.642730201545938851e+00
3.524199499854733464e+00
3.581659778963538265e+00
3.598021728268600228e+00
3.595011123636411732e+00
3.586466251784310888e+00
3.596159102697104260e+00
3.608478222502364385e+00
3.757475174529827378e+00
3.744558792536039071e+00
3.721468191427150796e+00
3.720720262524618072e+00
3.668732842351194012e+00
3.572882881638599795e+00
3.675838552372668655e+00
3.679083533843604759e+00
3.631554889150808041e+00
3.711242586401491739e+00
3.699176364531884698e+00
3.691135194424990829e+00
3.668641537016508192e+00
3.627560111017086086e+00
3.676419242103255769e+00
3.539670851952577468e+00
3.516917482354978475e+00
3.346981540403947797e+00
3.440837023315887144e+00
3.456566298699397244e+00
3.424536559272335801e+00
3.444858858496733678e+00
3.412915470000254192e+00
3.427021464257223204e+00
3.389448121997545638e+00
3.394135050884115934e+00
3.439933050264521786e+00
3.472308525615752650e+00
3.569965815183577806e+00
3.573333895992630183e+00
3.617557142951022264e+00
3.549722158634893265e+00
3.523181202467210671e+00
3.506496318046786520e+00
3.485600183849511868e+00
3.470750735020553090e+00
3.538852632599792436e+00
3.556948414942277648e+00
3.607539152594958942e+00
3.577312731899531251e+00
3.646347197708812882e+00
3.663809190203173749e+00
3.841581948541372249e+00
3.880124697992525018e+00
3.861118457292777695e+00
3.789878884906240142e+00
3.820323006435953683e+00
3.885897028406397169e+00
3.914139442874877250e+00
3.912677451491276326e+00
3.903341178633499275e+00
3.820561288931890509e+00
3.731757342076166939e+00
3.702574662331565847e+00
3.765596392360488043e+00
3.803664370893024227e+00
3.779072637975658733e+00
3.799295605044277657e+00
3.773064878972529623e+00
3.732780573875445818e+00
3.678824291224215948e+00
3.650321219989447918e+00
3.578559191094897951e+00
3.602107543924869315e+00
3.571756917655400265e+00
3.569351497762420777e+00
3.491113757548947039e+00
3.537072107522266862e+00
3.519480793515854522e+00
3.528676254208380492e+00
3.526830028754201596e+00
3.472941256788077080e+00
3.432445445835903719e+00
3.385315954349723544e+00
3.408165820419628567e+00
3.432109228487950414e+00
3.405724525200784836e+00
3.498305970084052863e+00
3.532123915739287856e+00
3.494530516543353116e+00
3.493948666635434908e+00
3.523035002236387214e+00
3.550481887530047675e+00
3.601311620518385936e+00
3.629673046034985084e+00
3.697117086060491609e+00
3.722140857873628583e+00
3.807026776667694179e+00
3.727148213666583665e+00
3.788431936696301960e+00
3.819701762132828637e+00
3.837101518416557333e+00
3.783423499719481331e+00
3.776611078050262638e+00
3.749867042035943676e+00
3.794576038829242659e+00
3.875937314693635560e+00
3.848699491787550553e+00
3.878158741694308187e+00
3.856451978339558995e+00
3.826007027414630723e+00
3.972416791688074600e+00
3.905122927061457361e+00
3.882385211182675988e+00
3.848133748251372666e+00
3.861537093332729320e+00
3.819721120339948151e+00
3.812771949848818398e+00
3.842138120466306983e+00
3.862004060153712448e+00
3.899238912534824575e+00
3.817384670195644425e+00
3.798474105929476430e+00
3.860065779368940131e+00
3.825949268804753611e+00
3.716234270999101863e+00
3.782200256937975791e+00
3.736103152759696844e+00
3.673015378008869014e+00
3.642148063291526849e+00
3.694607867421724645e+00
3.649730332681353495e+00
3.642522686557143174e+00
3.560865727638263589e+00
3.534803737794863565e+00
3.569705965443588536e+00
3.519010646775133200e+00
3.498667448554809489e+00
3.445579186452860654e+00
3.525086097707681443e+00
3.499384913166190270e+00
3.550130827628440677e+00
3.527066387951333759e+00
3.501761423838487097e+00
3.428175805958153521e+00
3.425956950860976846e+00
3.513072095909470782e+00
3.531865779693012630e+00
3.487535368292665083e+00
3.490059994176765823e+00
3.517926937981591617e+00
3.536107065843089092e+00
3.572671396334625271e+00
3.586318072099960119e+00
3.626091376388561827e+00
3.521269189654265830e+00
3.490505241080793741e+00
3.465381661466194085e+00
3.512266551932410330e+00
3.510635015727329389e+00
3.442634626854748081e+00
3.445060814023033657e+00
3.418502023966198067e+00
3.454608689240334929e+00
3.381307840683387855e+00
3.381006763584450514e+00
3.340124020512296621e+00
3.333777163225413620e+00
3.321350565638448771e+00
3.329771182147923003e+00
3.307709199735898498e+00
3.193961434051096226e+00
3.141104883204951737e+00
3.169111730678564776e+00
3.130290963673783899e+00
3.178402108788388691e+00
3.146317491844985437e+00
3.119207887364866316e+00
3.112486833490951899e+00
3.081986591197455105e+00
3.119821269315167012e+00
3.114555527276097635e+00
3.123603334900865836e+00
3.078301806609022861e+00
3.108888808060850995e+00
3.176921613660086408e+00
3.204457117490961515e+00
3.270294751174486425e+00
3.313052880013328316e+00
3.355730941077104124e+00
3.353766810041055368e+00
3.423294907322679936e+00
3.461095968312647209e+00
3.523316097779368494e+00
3.551176418252149247e+00
3.593404065557323168e+00
3.653366671346909289e+00
3.722618457282303339e+00
3.749300547601804201e+00
3.829698924988880204e+00
3.875168896200546165e+00
3.887426277862992663e+00
3.859803510273861260e+00
3.903279185593539591e+00
3.863313208307955993e+00
3.928993761256910133e+00
4.006403162483713309e+00
3.894291311594837435e+00
4.006770698631036964e+00
3.989944396797100001e+00
3.915679142347229913e+00
3.926288178410634711e+00
3.841900075794340008e+00
3.822586983997104060e+00
3.801108807515265919e+00
3.812128601638907544e+00
3.762526309985183115e+00
3.785056326186366338e+00
3.714589787935784315e+00
3.658813741620827287e+00
3.596667106368838684e+00
3.635139465189143770e+00
3.559358453756243268e+00
3.448526120850947674e+00
3.391004012350511854e+00
3.351936891739386137e+00
3.346865645091744668e+00
3.439010882657584478e+00
3.441167825257077428e+00
3.462919120740275858e+00
3.415304968801753827e+00
3.397883624659569612e+00
3.524766816003009229e+00
3.428029551337139935e+00
3.487128451958209308e+00
3.411568812816591301e+00
3.358984239502609270e+00
3.430237786119143539e+00
3.412717055328527316e+00
3.391925438664668224e+00
3.366954987196251192e+00
3.368182302224174141e+00
3.320586587344682261e+00
3.292596463489545933e+00
3.261117098842928108e+00
3.287551181070880624e+00
3.247696245036792995e+00
3.232186382101579714e+00
3.324151878433000196e+00
3.374279936531231261e+00
3.355911247839390654e+00
3.360595373791237517e+00
3.286695719503581081e+00
3.284211678032579407e+00
3.261769758257723861e+00
3.291420906457386497e+00
3.277796909395109370e+00
3.308975825027328899e+00
3.316992980701883198e+00
3.289314603726298358e+00
3.417691593328354038e+00
3.387136787864762244e+00
3.424001143879232156e+00
3.401386135600615646e+00
3.444143678400877207e+00
3.446614614378365360e+00
3.422026774845237096e+00
3.379396095768488095e+00
3.440345705453440317e+00
3.454277104038826707e+00
3.367527145814446676e+00
3.256030333011616484e+00
3.291158012840591951e+00
3.298661108508969875e+00
3.284272708198542556e+00
3.266428518623005761e+00
3.228556893022416219e+00
3.258457939856281627e+00
3.245063648089224984e+00
3.331916659269364533e+00
3.327515032911982917e+00
3.317059026510460029e+00
3.287884434846215509e+00
3.267747062603720831e+00
3.279032181399333279e+00
3.292695084533986183e+00
3.310464316058655765e+00
3.296355021429147936e+00
3.228446002322705510e+00
3.246910485187023188e+00
3.284034886896151306e+00
3.297673798873945294e+00
3.356681747445769304e+00
3.369006078852872399e+00
3.446057780715531482e+00
3.537266193128744352e+00
3.673737255093229237e+00
3.637313015180253739e+00
3.595254673979927595e+00
3.589413002273148745e+00
3.653592914383465118e+00
3.682035753610672923e+00
3.723029571995530418e+00
3.717392269770731783e+00
3.576271227266783370e+00
3.545984969332692138e+00
3.537749241298399294e+00
3.546326311392338670e+00
3.620286681051154254e+00
3.601913861342715961e+00
3.577634018854787712e+00
3.634394539066713392e+00
3.658602302402560458e+00
3.748740415919548319e+00
3.757205788636375665e+00
3.704102357112781352e+00
3.661340839175639683e+00
3.561565665042659479e+00
3.520028831047340212e+00
3.423989738948050476e+00
3.391951236913884671e+00
3.330379679716154673e+00
3.330884429426889337e+00
3.306354096845243618e+00
3.289834557802580939e+00
3.257144530537942728e+00
3.202773764068232776e+00
3.141868543182982254e+00
3.120775600769427172e+00
3.216890383299920941e+00
3.211093423065026098e+00
3.154975946470171877e+00
3.176607168818145421e+00
3.155274028994424551e+00
3.104577379420753847e+00
3.092607946351616732e+00
3.056396919740378859e+00
2.979205217568622555e+00
2.977182478293460388e+00
2.908656743396540012e+00
2.884560202890221969e+00
2.940510229457626856e+00
2.952157241597209936e+00
2.894548769463245463e+00
2.887067465598436300e+00
2.867787968261469089e+00
2.858963676822398270e+00
2.821471109099395580e+00
2.865801984400123459e+00
2.914314244533259934e+00
2.918929844019289011e+00
2.968857506430226056e+00
2.972584493203239919e+00
3.037365757017939316e+00
3.009085967580599430e+00
3.012093474498480639e+00
3.066748316172860367e+00
3.044120855767979528e+00
3.053775963816588668e+00
3.124164954018056495e+00
3.189195174843594938e+00
3.217506367016296220e+00
3.238360043348898820e+00
3.224738243671136484e+00
3.307909639327652140e+00
3.351378486200711659e+00
3.305461576554896919e+00
3.402980275770104868e+00
3.459809154391088271e+00
3.598391438271011822e+00
3.666014777656352308e+00
3.795965704525658513e+00
3.886890439561762722e+00
3.760358762996827142e+00
3.675726476148261312e+00
3.736648423665193786e+00
3.769008189111256790e+00
3.766859896162415122e+00
3.768640015760773565e+00
3.749953685997984287e+00
3.774047177212661808e+00
3.750595915927522839e+00
3.742767734192757878e+00
3.726021619988281408e+00
3.677851235603049052e+00
3.621457397443475834e+00
3.638214626499108206e+00
3.615262856584754214e+00
3.656360050410142559e+00
3.565469156005622864e+00
3.550840046589615717e+00
3.563563484510359647e+00
3.527635351340076220e+00
3.601746505683591337e+00
3.561202852327468360e+00
3.560681879131235128e+00
3.531721112524309092e+00
3.536486178234645283e+00
3.606247101912273489e+00
3.636128163055620366e+00
3.496577290443305674e+00
3.463470544181082911e+00
3.469601398246819901e+00
3.449855558216464058e+00
3.455223346445352561e+00
3.411684822392882399e+00
3.428033966444238079e+00
3.427764300848922474e+00
3.415313181104062235e+00
3.418791862246548074e+00
3.430387071854999359e+00
3.409221641788987789e+00
3.461760124498691749e+00
3.425067971636893915e+00
3.468422538332944338e+00
3.391155291146435324e+00
3.389826967904771671e+00
3.395145226819467066e+00
3.310009166136830050e+00
3.250248494065572036e+00
3.224863440442159224e+00
3.248730203205415723e+00
3.249748822982888807e+00
3.247699540948006725e+00
3.260093616085060209e+00
3.318344255233208084e+00
3.308531180736237864e+00
3.327612776091156466e+00
3.277225122113395450e+00
3.358759707433529584e+00
3.390794275021221882e+00
3.392996249936159892e+00
3.419366434285099565e+00
3.479258772147838741e+00
3.537263386588931802e+00
3.523992858394698668e+00
3.470341150474200553e+00
3.450517052319513667e+00
3.508443744259576835e+00
3.409340418969424302e+00
3.542122995110991379e+00
3.559850781433367306e+00
3.547103354947594767e+00
3.615006052695515670e+00
3.699610122177930727e+00
3.761260946848684839e+00
3.619889034697742147e+00
3.597625624331180383e+00
3.560030100896821814e+00
3.544614942678545599e+00
3.585554121718852016e+00
3.591957504312693228e+00
3.651299214677693250e+00
3.663604838903870231e+00
3.578180590657153992e+00
3.557173968642372675e+00
3.575612807595409670e+00
3.547849861430777185e+00
3.532180682132210148e+00
3.498436487588478805e+00
3.450456435796697807e+00
3.509471997937775978e+00
3.537078097501734852e+00
3.349725376170216151e+00
3.453532976319676706e+00
3.430333126198997995e+00
3.435078002225452565e+00
3.451944101706819534e+00
3.413791542564612147e+00
3.395152870837882642e+00
3.359636714067926189e+00
3.472265792994313038e+00
3.485839371022453115e+00
3.550377737904393260e+00
3.527052591724414654e+00
3.517963952026518459e+00
3.509595796458190531e+00
3.498531056705996622e+00
3.518095158900028441e+00
3.546149254958037567e+00
3.554031598978166340e+00
3.536821671692542690e+00
3.618830309694748504e+00
3.622720553161143719e+00
3.566300548835252826e+00
3.551147298936036645e+00
3.602248860592204061e+00
3.565958250096484594e+00
3.792780355628047939e+00
3.811856728559348539e+00
3.826792387402666140e+00
3.841255622322567564e+00
3.815187854541509438e+00
3.880951911400443155e+00
3.885943383827535236e+00
3.906629015708794395e+00
3.874029774832161710e+00
3.801980686913390084e+00
3.828918344758496239e+00
3.801696640150452833e+00
3.774307479850458780e+00
3.817191421060603052e+00
3.791831822289660980e+00
3.727485677524084995e+00
3.621463317153656547e+00
3.599862310611500860e+00
3.545841087152374893e+00
3.547451353875402003e+00
3.506675588341543470e+00
3.606893544769570248e+00
3.680805049312127597e+00
3.656378984584442549e+00
3.691191251573989973e+00
3.694181506529443659e+00
3.659511503612664640e+00
3.571686996201777209e+00
3.612814518447770240e+00
3.601946510573204474e+00
3.592479306399322780e+00
3.511317355241448723e+00
3.510492854650245853e+00
3.569505378249199889e+00
3.669129550353264602e+00
3.669343161245981921e+00
3.651937891476876086e+00
3.709179097324593943e+00
3.623452253583486549e+00
3.632272792611386691e+00
3.727256455298887161e+00
3.770780390177344898e+00
3.813719808007454137e+00
3.856160555787321975e+00
3.767679599934028012e+00
3.785728678509915124e+00
3.748264314043401768e+00
3.760292563417387157e+00
3.687840613169595105e+00
3.693704487794803537e+00
3.653080738685579920e+00
3.681573090992175779e+00
3.766735201810718525e+00
3.691952163129757380e+00
3.698957737919326583e+00
3.694082870086960124e+00
3.793034965860607066e+00
3.683284106672926494e+00
3.537797299127968031e+00
3.531565204273513725e+00
3.491605992551363613e+00
3.625251875269916546e+00
3.542293811703362216e+00
3.582826396940950175e+00
3.568445757491284454e+00
3.472498992760474579e+00
3.538682479610881781e+00
3.520937982353524287e+00
3.549423529289380763e+00
3.576870584461880664e+00
3.577094626242672160e+00
3.586788277963414373e+00
3.572569284639940168e+00
3.604835518032130093e+00
3.532328843840145005e+00
3.547539399060807508e+00
3.524131053249065726e+00
3.503937101126405995e+00
3.496255444731161788e+00
3.542199407945155087e+00
3.532972925993225211e+00
3.493173094521883293e+00
3.624163050643231632e+00
3.722968227203607317e+00
3.691813993323601384e+00
3.735282377963796474e+00
3.639607231521026165e+00
3.660950012409144527e+00
3.689059003581828478e+00
3.696109625806621946e+00
3.768891343040668307e+00
3.761458290984532216e+00
3.817755851792130173e+00
3.822126820712951734e+00
3.901333359811945289e+00
3.868615231739944260e+00
3.867095915882378332e+00
3.799392209872083370e+00
3.724033670408554375e+00
3.773124652633196074e+00
3.719729936605004728e+00
3.706244522671098718e+00
3.732501636291434277e+00
3.809834267392238960e+00
3.778281019690794551e+00
3.726201120413457524e+00
3.643367426321539870e+00
3.639441593149966625e+00
3.656550224215336264e+00
3.645672903964322753e+00
3.645983640963941230e+00
3.688543036021486810e+00
3.724900583392555031e+00
3.719917555949702415e+00
3.710894963743328834e+00
3.674653299623154012e+00
3.668980457610871770e+00
3.637122759020833485e+00
3.668578948980966370e+00
3.608610346864283169e+00
3.624413514314821061e+00
3.500461853216551678e+00
3.564622994305369996e+00
3.645324335946246830e+00
3.663868299731113609e+00
3.689343437903815026e+00
3.718140626906662138e+00
3.745431215102372313e+00
3.687722694862994643e+00
3.723381468485985391e+00
3.768902706400146130e+00
3.934072916028884315e+00
3.900596908598678692e+00
3.861072276412211401e+00
3.843340651912761974e+00
3.773223865428854129e+00
3.769887317071655808e+00
3.765528244903183719e+00
3.778917262660407062e+00
3.819785194926157867e+00
3.810085180979295494e+00
3.792844586593572487e+00
3.727484476277028502e+00
3.656798679127422069e+00
3.654680924406024101e+00
3.588297273234876350e+00
3.665473840710406606e+00
3.427264799579769150e+00
3.450586655752967413e+00
3.413326504159875707e+00
3.425625912251772931e+00
3.407464784925249734e+00
3.343446647108761383e+00
3.366793774079838819e+00
3.187880840276063221e+00
3.151493143837454269e+00
3.099545379123957556e+00
3.104217345822243512e+00
3.147798490027279517e+00
3.110261674217559502e+00
3.155745121196090075e+00
3.122910765794843169e+00
3.161217682140533558e+00
3.108395486143605169e+00
3.006059041236039509e+00
3.016990451136243312e+00
2.979774051012741509e+00
3.045669620641916264e+00
3.046511788802223286e+00
3.002573569155236211e+00
3.103580462285921104e+00
3.124264389389480367e+00
3.264028350198549422e+00
3.243617543984702145e+00
3.292767324305985621e+00
3.285425043265741252e+00
3.289193298555831202e+00
3.310539941892732152e+00
3.349670680403467493e+00
3.473040912466763608e+00
3.483546296150306087e+00
3.509381392263829724e+00
3.394281742677258684e+00
3.336986673133256254e+00
3.420902731455807810e+00
3.412071235907583766e+00
3.429460301317325932e+00
3.362651374548572658e+00
3.420061518460311589e+00
3.455502739858389294e+00
3.466164214193006465e+00
3.547748075698160086e+00
3.506455937671530076e+00
3.561306548932446248e+00
3.662509388360155604e+00
3.565085440760854762e+00
3.541794252261792675e+00
3.567603946256100222e+00
3.563748487523856756e+00
3.509417204020457870e+00
3.497507115216527573e+00
3.438953334991381006e+00
3.459577624819263342e+00
3.313737469979887162e+00
3.351921619199385916e+00
3.374301214594499054e+00
3.381571841943210810e+00
3.542099115174636825e+00
3.511266966159012792e+00
3.490199958819632187e+00
3.498912138296288887e+00
3.476577617887616878e+00
3.505920257731878209e+00
3.513835063267007008e+00
3.568901153911591351e+00
3.569405991732875982e+00
3.532637366550726465e+00
3.529516169464325337e+00
3.498285378807578283e+00
3.447359167120551238e+00
3.459637206879871751e+00
3.477064793727391745e+00
3.463228773700822494e+00
3.432894470094940864e+00
3.441247861028486010e+00
3.464053466558522754e+00
3.497991833014217455e+00
3.493876433293793049e+00
3.573832724962584528e+00
3.554600675641966578e+00
3.563583543016421995e+00
3.551329282347250427e+00
3.485698409337266934e+00
3.529924673122156964e+00
3.509299373878408179e+00
3.501747373657351226e+00
3.524330559302236043e+00
3.508284221453924712e+00
3.492986911342023326e+00
3.461863735574970402e+00
3.421960085380544303e+00
3.337529993293189001e+00
3.358216647544592259e+00
3.367657596031311762e+00
3.365011176345404476e+00
3.355112755702585492e+00
3.338793370254598880e+00
3.308191829150332275e+00
3.318590960367429510e+00
3.323551943419618571e+00
3.248150759508960927e+00
3.220783692723828917e+00
3.229405021167817580e+00
3.251361466409222967e+00
3.239937669141705889e+00
3.260445189459594939e+00
3.214868239576789133e+00
3.234194139104698884e+00
3.222663468741496562e+00
3.286203290475270933e+00
3.235732022274146136e+00
3.207599372183512987e+00
3.209388479435810737e+00
3.143248804854750666e+00
3.171629496881599675e+00
3.148735618029785410e+00
3.233570129180399544e+00
3.166857481133030561e+00
3.177537588170212146e+00
3.197052668735639980e+00
3.174031761706875177e+00
3.219470135362642704e+00
3.292663468215664135e+00
3.347284402090072497e+00
3.368521445958113869e+00
3.433181810295723224e+00
3.490797161741935106e+00
3.482532221975422893e+00
3.482088188110748828e+00
3.502390948126228754e+00
3.479671490776198084e+00
3.548640833507664016e+00
3.572413274849507214e+00
3.527359509290759476e+00
3.474298939177157042e+00
3.550905726650163352e+00
3.622425350976200331e+00
3.637777346780747045e+00
3.721965708607451351e+00
3.783699935482222276e+00
3.871761939027927202e+00
3.910804971326860890e+00
4.024918459882319333e+00
3.957881132819189851e+00
3.930557850867554048e+00
4.044538585220947446e+00
4.073871829338329142e+00
4.061222198699205421e+00
4.056966126218267910e+00
4.058236721469581809e+00
4.029664598090114680e+00
3.990033431612450165e+00
3.976896054098793876e+00
3.837836347251148528e+00
3.849545449649327988e+00
3.907813034522292561e+00
3.830961799671543488e+00
3.802016922777343488e+00
3.799329072035136701e+00
3.851683895921320655e+00
3.797767138380589103e+00
3.673340308391447540e+00
3.687122389077802431e+00
3.672834744346038072e+00
3.586934743593674479e+00
3.572755622165594946e+00
3.571211377193115322e+00
3.505111306483680078e+00
3.531275258493757008e+00
3.556663547209580667e+00
3.516196398613263607e+00
3.434061408433203066e+00
3.470146608136949862e+00
3.397354151652860033e+00
3.389330355555049579e+00
3.398236996481529548e+00
3.465817575322875044e+00
3.460354862208836035e+00
3.508895634995467638e+00
3.508277992654293076e+00
3.457340416214979673e+00
3.519913649361905428e+00
3.523507262161170495e+00
3.513872067311792691e+00
3.470321891297898365e+00
3.508889283315482999e+00
3.543248318003014763e+00
3.548362392094154938e+00
3.539981798614265873e+00
3.621183868112868964e+00
3.613826501793273138e+00
3.644358235332519236e+00
3.715374307954698807e+00
3.701920076743755228e+00
3.741640952800506348e+00
3.748081579683436360e+00
3.752713069229736131e+00
3.780734376668016150e+00
3.822887045205709100e+00
3.741954333403397115e+00
3.768516011626926954e+00
3.709930693517488276e+00
3.718019872745122356e+00
3.776400998121601127e+00
3.784359971709600146e+00
3.797513062551255203e+00
3.765451897668064873e+00
3.809766737605858378e+00
3.899568672350983256e+00
3.931026078368485610e+00
3.900105039173924037e+00
3.960179600601571703e+00
3.997093017844603580e+00
3.886079846757525047e+00
3.851704339826388157e+00
3.872206381517530716e+00
3.874863773914579923e+00
3.870666065846926962e+00
3.850169880539720424e+00
3.798158033448319149e+00
3.871232221225618275e+00
3.935796439952163439e+00
3.833908581948354044e+00
3.871067470276935207e+00
3.873492549704407040e+00
3.911705428628498904e+00
3.944985100879170314e+00
3.858668123302773090e+00
3.872842682403598857e+00
3.878954394514853465e+00
3.934012978468710120e+00
3.939878205970043457e+00
3.918672185322836121e+00
3.872272343776692605e+00
3.847955012034012690e+00
3.827809208572838795e+00
3.837187962793476625e+00
3.843672377189150779e+00
3.952302167565203472e+00
3.911218749564688402e+00
3.913562440208816717e+00
3.837603799803334770e+00
3.828268018113064830e+00
3.846729560510184776e+00
3.840636631750692587e+00
3.752433236912686265e+00
3.694825394204403146e+00
3.764096238141247497e+00
3.809679694411855166e+00
3.866479724389933814e+00
3.806522743635150086e+00
3.784189190124857216e+00
3.880407627542035165e+00
3.910714444103195131e+00
3.747083232629644378e+00
3.765391976228214421e+00
3.809672554359130103e+00
3.776294907099687848e+00
3.771717565505628311e+00
3.852021371531713534e+00
3.861467860636391247e+00
3.838995987994996195e+00
3.802510728543538221e+00
3.833532283324108558e+00
3.898418574398663239e+00
3.837861047678926774e+00
3.908641694133941691e+00
3.852604023714654602e+00
3.898191146014748032e+00
3.907313690277129492e+00
3.954216097475387492e+00
3.984457611346843287e+00
3.952656954996847993e+00
3.870103418735710399e+00
3.901016454490454421e+00
3.918983167208917706e+00
3.948364521651506642e+00
3.967374291265358899e+00
3.899710223734681680e+00
4.117123226155444904e+00
4.015112830437328917e+00
3.998111751238545786e+00
4.018114817299844432e+00
4.056592982368360190e+00
3.973527182068188335e+00
3.931726658954097342e+00
3.969000885527072420e+00
3.915207343957663788e+00
3.907904569256093197e+00
3.832591554811011214e+00
3.891945658639053729e+00
3.779516509289904125e+00
3.781572314892035269e+00
3.776255222228098507e+00
3.778479627382854922e+00
3.757699036863393793e+00
3.755888613568543200e+00
3.775981940886477428e+00
3.763885049336862743e+00
3.726767464840595512e+00
3.680417413920848979e+00
3.667175531923929643e+00
3.629883992383816871e+00
3.616266620575778745e+00
3.545028474813396890e+00
3.508566538226491449e+00
3.483474758645899616e+00
3.451061243575185067e+00
3.418888379269682698e+00
3.434878901996508027e+00
3.433669923852169514e+00
3.422030621176361365e+00
3.422884880535395524e+00
3.409445243136672410e+00
3.456048510926311934e+00
3.414559175326989937e+00
3.445502899147470988e+00
3.433638113205608189e+00
3.419469501003879142e+00
3.433741299592135920e+00
3.402764240865762790e+00
3.370177858163470486e+00
3.352127091300337369e+00
3.379939020879468625e+00
3.347394241004655768e+00
3.373256673235683234e+00
3.381489102957100812e+00
3.367369090920936170e+00
3.392833428862972678e+00
3.408684322681350132e+00
3.467135931926896397e+00
3.459830610665560080e+00
3.466134087848815604e+00
3.439537130521729935e+00
3.392617273932347022e+00
3.389658555366618753e+00
3.354907784312676888e+00
3.373174781971802982e+00
3.365316093361485628e+00
3.321911131305121501e+00
3.388211506587420097e+00
3.396029355035945940e+00
3.433223608960506823e+00
3.382887195204051345e+00
3.352092168977691244e+00
3.280120120279813367e+00
3.294195793472520783e+00
3.288634110583652959e+00
3.302163947461492555e+00
3.324709438423663954e+00
3.339443583079393818e+00
3.324144459696114939e+00
3.323603882220131034e+00
3.317861332423626131e+00
3.337542861526600735e+00
3.343419162599711836e+00
3.363280187640909968e+00
3.382447097384787327e+00
3.454663805904431673e+00
3.540122524596194697e+00
3.582758424306886180e+00
3.564236244557350997e+00
3.538424330378415750e+00
3.566190727658389292e+00
3.561320509944430501e+00
3.533385486967473010e+00
3.544748820187349825e+00
3.543770049356504970e+00
3.602771217809403126e+00
3.638230455783447059e+00
3.786709804208871155e+00
3.791197085737649353e+00
3.763442933442390448e+00
3.691737569607359326e+00
3.774374023639286424e+00
3.753995192750824827e+00
3.703336462800509210e+00
3.700244129321343944e+00
3.715415105277584562e+00
3.625066901520159757e+00
3.653374617372132427e+00
3.656879340327354733e+00
3.677804590110203886e+00
3.608410817338036480e+00
3.627415348642110793e+00
3.618693937144831452e+00
3.647606096354545802e+00
3.715605870896969254e+00
3.653481680411586385e+00
3.671625402203306798e+00
3.596807642399737492e+00
3.607308726950581690e+00
3.609392325719654071e+00
3.625240545192847108e+00
3.599647803165315629e+00
3.568498969301947543e+00
3.618687143112273574e+00
3.696222851159032263e+00
3.773383778470498218e+00
3.739207807032196129e+00
3.755675996655991167e+00
3.789244300117858621e+00
3.747447720787033809e+00
3.720493476565875923e+00
3.821201878862373391e+00
3.721737082708708844e+00
3.765000626308118825e+00
3.736621316360853040e+00
3.842917880757411364e+00
3.783324189917382618e+00
3.747188229321470665e+00
3.819262946750430654e+00
3.784130255659901465e+00
3.839139076138947004e+00
3.799883523857449763e+00
3.892746976248407265e+00
3.795269595800640605e+00
3.823887613558250020e+00
3.806650769677862201e+00
3.832520169006216282e+00
3.832106564676236893e+00
3.765271409395807733e+00
3.665973558459406423e+00
3.558364821309317083e+00
3.572706008810898393e+00
3.579360355223259127e+00
3.600436206760592839e+00
3.656431793842120914e+00
3.682187894320425148e+00
3.611878390040568654e+00
3.706572445783991476e+00
3.605137796635248471e+00
3.615188812479914304e+00
3.549194906451647036e+00
3.619706530733840744e+00
3.713087897172991259e+00
3.658749004568239371e+00
3.622357943701540073e+00
3.594980975081953023e+00
3.665999876199415919e+00
3.667533811234155561e+00
3.757493052541140521e+00
3.680530655786176553e+00
3.590417659916802950e+00
3.566511562232555388e+00
3.563963467066115776e+00
3.594680305763227057e+00
3.620013314858715692e+00
3.706143764042073130e+00
3.703777834853473117e+00
3.687569303561414547e+00
3.709987064043811067e+00
3.627166257313452213e+00
3.668855328677458782e+00
3.665164604050445085e+00
3.630495273221975516e+00
3.709031484020476555e+00
3.683884001884862425e+00
3.657213771564695737e+00
3.586354735874574207e+00
3.558380585683634578e+00
3.598877213082848581e+00
3.644435180413937658e+00
3.691588839241133346e+00
3.627978159061352681e+00
3.571461785760365437e+00
3.548936705846873707e+00
3.585000907851442431e+00
3.684846681140478086e+00
3.684300113342391381e+00
3.707551046332259848e+00
3.609465655779837245e+00
3.677522688975404463e+00
3.649543940176802170e+00
3.657664473267192129e+00
3.644607796269682343e+00
3.619084606716445052e+00
3.695703288887360660e+00
3.683220642421539015e+00
3.769990611168234196e+00
3.781459307710787421e+00
3.758152675280025168e+00
3.769970976977081722e+00
3.831207779383023926e+00
3.816047189383457994e+00
3.760251469744260167e+00
3.702970559739880763e+00
3.635367665550186533e+00
3.605743397174091314e+00
3.642507404208664035e+00
3.691472147382118152e+00
3.740466345439616092e+00
3.723377219537368443e+00
3.751599528442274067e+00
3.749999486454355324e+00
3.735829747115178012e+00
3.768110952244437151e+00
3.750256717943109219e+00
3.746341700688573084e+00
3.719570897810466903e+00
3.691666168845646911e+00
3.700751045831154773e+00
3.741305402114857959e+00
3.616719544069684655e+00
3.597667348050332503e+00
3.642604903013722417e+00
3.641766052867513093e+00
3.651083186371163691e+00
3.680089648007943470e+00
3.629063211649957932e+00
3.659895471342141438e+00
3.729924787434466538e+00
3.802783123421523026e+00
3.730384833951704948e+00
3.720527905553242753e+00
3.709853099247571340e+00
3.733207170560385979e+00
3.760378261822705959e+00
3.712237811680380695e+00
3.652181697699430796e+00
3.656822221520333649e+00
3.674622036219201249e+00
3.625589131886211014e+00
3.650272162319002867e+00
3.634397513556598014e+00
3.566121796821382084e+00
3.568570026796766381e+00
3.568146195226666872e+00
3.664337912637664729e+00
3.683059477618709110e+00
3.645204938965743047e+00
3.616722067738610935e+00
3.642797895102722894e+00
3.642190828285731818e+00
3.698807260522748219e+00
3.693921596360465021e+00
3.648473353026253196e+00
3.606140933519054848e+00
3.735876598672696947e+00
3.731124702702732332e+00
3.727234330332253709e+00
3.666828797117180905e+00
3.679231677760731234e+00
3.687229040285098680e+00
3.721032095871135592e+00
3.695758367395260091e+00
3.699737697842049311e+00
3.696358164452749673e+00
3.694050410057394096e+00
3.680879267074073091e+00
3.796745270316513654e+00
3.796410300559972750e+00
3.771936368476198176e+00
3.754647702803723064e+00
3.730265681373069242e+00
3.673523295950249956e+00
3.638626040057970634e+00
3.581849380336307398e+00
3.446566065581306848e+00
3.504917809194064038e+00
3.530446758419613307e+00
3.574928412440836478e+00
3.628216554437697194e+00
3.531135423121767758e+00
3.486738945773318221e+00
3.501365976303076444e+00
3.474645605063075848e+00
3.471248607741847181e+00
3.409396509849320189e+00
3.453689363422150382e+00
3.475049225592381053e+00
3.462691637170521641e+00
3.518725118007911767e+00
3.564210404143611566e+00
3.527996678832149069e+00
3.546120926339448864e+00
3.544159359416126698e+00
3.534103679803196840e+00
3.562937269722284750e+00
3.518309463330570264e+00
3.538944530661727761e+00
3.536049229221338575e+00
3.559614253639689085e+00
3.688544174043887125e+00
3.636820733748912904e+00
3.601192648145474795e+00
3.584016572642981124e+00
3.586064325723640422e+00
3.554814010577675099e+00
3.610979458148011911e+00
3.528660028554732264e+00
3.568475769814245524e+00
3.599499408951191803e+00
3.606260488109894080e+00
3.530739049757604331e+00
3.501940280891755464e+00
3.530160142541698409e+00
3.480785979052011037e+00
3.443940917300800653e+00
3.497584789425087326e+00
3.416356562372474759e+00
3.365394452509851142e+00
3.338173427979433505e+00
3.333589056588739385e+00
3.339456738190626606e+00
3.304197781259406774e+00
3.363196339173245786e+00
3.377801255196516639e+00
3.375476545848941967e+00
3.370781886240076020e+00
3.390453601047714649e+00
3.375351118171269871e+00
3.295030416186406352e+00
3.324445308490510786e+00
3.328058684832272629e+00
3.372124427522045220e+00
3.367071318166288130e+00
3.313085203055878836e+00
3.406891482719344388e+00
3.463657060936353727e+00
3.491216722985196252e+00
3.540878228981453546e+00
3.512325354909024089e+00
3.465859509242495751e+00
3.479762264093280599e+00
3.535780411817771807e+00
3.601087636548417237e+00
3.675228337327773431e+00
3.719999465186017318e+00
3.756010513562452857e+00
3.854548836799539746e+00
3.845896583971772476e+00
3.781899324916083049e+00
3.769680708271323066e+00
3.751609933612283232e+00
3.766492731337441224e+00
3.708087924760342879e+00
3.780695000144729701e+00
3.770253868569229283e+00
3.778981336570437222e+00
3.662463947279703813e+00
3.696841507470539856e+00
3.649193437774513882e+00
3.541112135218340118e+00
3.584821436590043486e+00
3.598767244508415342e+00
3.607509795667156460e+00
3.649155293704581027e+00
3.691611407164275160e+00
3.667221935225930984e+00
3.647218213244940443e+00
3.596625182009327126e+00
3.614430432650337366e+00
3.599383872534677842e+00
3.610758779405606855e+00
3.571974838380028938e+00
3.521448980221156155e+00
3.619211902339762865e+00
3.617511378350542817e+00
3.667906696594217308e+00
3.656439973493200490e+00
3.704583149542635123e+00
3.552093030269817042e+00
3.629384884768809716e+00
3.656861577095801508e+00
3.784120113675769836e+00
3.773859860764753993e+00
3.850125424905532334e+00
3.872662516939301192e+00
3.807511971411529306e+00
3.762575614019682657e+00
3.712405125263859240e+00
3.694748362945947662e+00
3.733873429273596667e+00
3.734849934832570106e+00
3.737377706671156208e+00
3.733984751718067763e+00
3.682722153304028190e+00
3.617642023768647075e+00
3.567501852278108565e+00
3.562381530349983727e+00
3.639027247812411936e+00
3.627326764980975504e+00
3.572286807389732921e+00
3.558317381566823645e+00
3.520323265812515867e+00
3.438951303588718922e+00
3.569736549626234989e+00
3.579218193048003371e+00
3.515453676580551967e+00
3.557298381976850887e+00
3.536070916541560472e+00
3.496165744302312195e+00
3.550134797907011031e+00
3.535309222428204556e+00
3.567199491218144392e+00
3.610549288961707681e+00
3.636083248056726447e+00
3.601318434323309781e+00
3.607733046973589541e+00
3.679519002553028884e+00
3.691195999546857287e+00
3.688679442632370353e+00
3.778830179707805659e+00
3.806551902394324394e+00
3.866509105425155468e+00
3.842944701004871177e+00
3.835130041845514981e+00
3.879997566863489844e+00
3.873409618978969071e+00
3.911041678400073440e+00
4.006801961925931188e+00
4.031232089546208819e+00
3.978112298152781445e+00
4.050448944245743199e+00
4.017614666368505283e+00
4.039734385551448703e+00
4.088990630841081497e+00
4.008765942751581157e+00
4.071363730780772627e+00
4.048776515222426653e+00
3.982676856794800990e+00
4.008621920598869792e+00
3.938352359544603498e+00
3.911032793217073866e+00
3.896219189106801206e+00
3.934782028661631070e+00
3.916004683558053756e+00
3.827427407895702238e+00
3.827431615102740103e+00
3.723218197891291492e+00
3.725489304703228033e+00
3.696564729815823291e+00
3.720148863649966220e+00
3.786177929826981980e+00
3.787287838323214473e+00
3.808540270361473912e+00
3.797997390657450456e+00
3.818855014637970058e+00
3.789717883095618411e+00
3.703752962145191230e+00
3.685637874555861337e+00
3.655793717089874217e+00
3.773277989271007105e+00
3.802310362636516228e+00
3.813515739362751678e+00
3.879666199181204700e+00
3.809755817173640757e+00
3.886754381966493810e+00
3.887149091909244181e+00
3.871508376631574766e+00
3.897929908672184585e+00
3.920389037218089623e+00
3.919817095392490458e+00
3.889648008457341266e+00
3.957585332061604788e+00
3.954934414361264139e+00
3.958879582210390602e+00
3.936542958193128605e+00
3.865199450588443053e+00
3.879404834515526090e+00
3.870269922608253310e+00
3.831726477212288984e+00
3.779805927016222089e+00
3.754155631562013262e+00
3.824655347126737492e+00
3.862150242689923907e+00
3.909518767222257107e+00
3.796071645141126716e+00
3.766146834646359576e+00
3.774976174660365835e+00
3.655085036757672157e+00
3.741178217755640301e+00
3.748715788637032809e+00
3.757701402104265398e+00
3.704831650723519498e+00
3.702800708236114513e+00
3.725180265458801099e+00
3.809668871853596261e+00
3.885303680693930950e+00
3.819435414732327505e+00
3.807859398807680762e+00
3.797218456332077441e+00
3.848047334018727561e+00
3.882808850060849526e+00
3.807405806301943585e+00
3.824878066934546350e+00
3.869273923651219693e+00
3.968236575350898576e+00
3.984478928929650277e+00
4.031077100825855020e+00
3.899717877456076565e+00
3.873421722164502867e+00
3.852265516043429372e+00
3.890429185551389057e+00
3.841380267446720342e+00
3.984226789741885710e+00
3.938369965880805790e+00
3.936942492996776455e+00
3.923342997621968031e+00
3.983243577518485345e+00
3.997651413195105530e+00
3.957225659510728022e+00
3.900997308607237368e+00
3.824763713305398216e+00
3.853534462395454163e+00
3.811284922314811308e+00
3.819021559064950999e+00
3.717307977640041727e+00
3.713126457012100090e+00
3.770222279595720760e+00
3.753547556095906845e+00
3.686651391615375584e+00
3.645526141695691003e+00
3.625598706285957373e+00
3.635818601847399023e+00
3.689615304970736531e+00
3.648802000737925599e+00
3.711453205566026980e+00
3.723956404871429982e+00
3.760049561582826438e+00
3.718343958140834182e+00
3.714263506085793143e+00
3.657973087735586493e+00
3.663073497821132118e+00
3.639042100826155757e+00
3.566714207942805359e+00
3.561888237121612732e+00
3.573726059759866569e+00
3.516476239251757008e+00
3.509516658063549510e+00
3.558780275558698580e+00
3.557923782557161907e+00
3.546873667324457635e+00
3.555041490035156571e+00
3.544912896963683391e+00
3.487398055579937761e+00
3.464238378405294139e+00
3.458671264297135117e+00
3.425223830187503093e+00
3.408278915337543236e+00
3.392606766786983030e+00
3.432093813666775795e+00
3.433763478243193390e+00
3.337802072870365677e+00
3.337851762814946444e+00
3.321758938679173934e+00
3.323733126925829229e+00
3.374768572203882044e+00
3.363670826357629817e+00
3.280757433416703783e+00
3.335068284188067445e+00
3.292136391202032275e+00
3.257955882228655398e+00
3.330389268726309027e+00
3.307455468877148252e+00
3.295712545691487527e+00
3.297107095090329842e+00
3.344542764775016330e+00
3.300486127951005599e+00
3.243238365684176117e+00
3.280896541258087495e+00
3.336059572762614778e+00
3.315631081353245246e+00
3.404391722956082944e+00
3.398011502821471908e+00
3.459416901468775674e+00
3.470727203528998661e+00
3.407361754496116113e+00
3.433330380502065626e+00
3.398735734024585398e+00
3.409114600353964075e+00
3.410058373744484950e+00
3.382765361273205595e+00
3.414033006670635029e+00
3.489081658773278249e+00
3.445988861315515184e+00
3.441045311471155888e+00
3.427051106959963178e+00
3.409271453947823716e+00
3.423578847651761681e+00
3.426190123504529783e+00
3.400018510732287780e+00
3.363629828578096337e+00
3.414186405589520135e+00
3.486698371496894211e+00
3.485492791506191956e+00
3.536977991334066207e+00
3.591112787872282830e+00
3.538697789910493441e+00
3.504822225554537596e+00
3.492202031753147917e+00
3.495408151137316288e+00
3.578310500674126260e+00
3.536620383445839622e+00
3.549469533796889564e+00
3.523956055210203164e+00
3.493819602069974994e+00
3.483741197872134432e+00
3.425680360216053710e+00
3.475385865753012116e+00
3.488484012728511274e+00
3.567310561632674126e+00
3.564947473160002822e+00
3.527639098297180364e+00
3.603679591197725518e+00
3.602022969644000039e+00
3.564692696624043311e+00
3.635152773669633408e+00
3.618964955220075552e+00
3.623705487352073096e+00
3.626240450449809138e+00
3.495022586620191607e+00
3.469816940804841821e+00
3.451935349898798133e+00
3.509053615103278734e+00
3.512745219153455167e+00
3.472799234035172766e+00
3.447978965846242527e+00
3.480398337983941826e+00
3.486715924474661055e+00
3.488146586200751464e+00
3.560857639974393418e+00
3.563508528082653726e+00
3.567368309329544296e+00
3.483517435560583575e+00
3.471291934778363064e+00
3.414663873488863022e+00
3.465263914649559407e+00
3.519150273850046862e+00
3.532552626013263364e+00
3.517502783748797324e+00
3.581064095409302706e+00
3.577587368972243720e+00
3.517958468889840429e+00
3.513287973731211267e+00
3.467312395933417779e+00
3.605394444018386491e+00
3.614902611204737326e+00
3.573816802733642550e+00
3.524476177960310430e+00
3.497500891745611629e+00
3.572924660327545521e+00
3.561768696287548330e+00
3.610842388626021471e+00
3.643863248557520418e+00
3.665646405813642872e+00
3.597922250659792542e+00
3.618073834700497038e+00
3.686006851178167842e+00
3.664234388834890499e+00
3.675058401397257146e+00
3.664479678192050560e+00
3.679562784444839529e+00
3.711900938314998566e+00
3.665543615705733504e+00
3.674114786289176315e+00
3.709810444228625048e+00
3.704658435932533855e+00
3.796297492443872823e+00
3.749215767944718003e+00
3.862993857106660656e+00
3.817127433827102845e+00
3.750516047614215420e+00
3.838266868541587495e+00
3.742646868951544636e+00
3.735167265834420380e+00
3.722673306072632915e+00
3.739581247164407429e+00
3.651423875854007850e+00
3.682866355572596895e+00
3.685055102221458156e+00
3.695298853262054983e+00
3.728092295442253956e+00
3.638610759946685036e+00
3.749426035809577673e+00
3.747951973385212021e+00
3.762337310473565566e+00
3.784278059353652246e+00
3.702671951541204542e+00
3.715033485152994697e+00
3.723728184796682772e+00
3.680895098271084187e+00
3.659255015233201291e+00
3.635874492501582900e+00
3.675190072603749858e+00
3.593507930595861488e+00
3.612576042193797576e+00
3.646060493120492740e+00
3.679898081031257817e+00
3.760310455162097387e+00
3.719837380044316522e+00
3.674958423912876082e+00
3.674391398619271332e+00
3.783145390765422889e+00
3.713026328875295157e+00
3.712525299559256364e+00
3.709414950247275300e+00
3.656451751959078234e+00
3.771782916480481251e+00
3.737373516697206632e+00
3.784486930857174247e+00
3.769792588299611058e+00
3.730653780814182419e+00
3.774431355053165849e+00
3.750449204376334666e+00
3.772531615261171645e+00
3.760223520560153965e+00
3.738197682968328106e+00
3.684286985616936683e+00
3.737943116612400640e+00
3.637024924085360045e+00
3.667255781388131908e+00
3.665925201427123969e+00
3.647921279212801515e+00
3.619972101417686439e+00
3.652516997091522999e+00
3.678467763941408286e+00
3.675647254773454886e+00
3.603488359834640775e+00
3.584127375901786650e+00
3.479660469374720400e+00
3.493100799934259815e+00
3.464843142078854576e+00
3.421384305082136645e+00
3.388386404598843882e+00
3.353608575953173077e+00
3.390867008250774806e+00
3.375372708826281709e+00
3.396274368967862944e+00
3.324249580800695103e+00
3.305657918830497533e+00
3.326281125199393340e+00
3.387356578440638977e+00
3.437689175080224313e+00
3.394721271796602213e+00
3.515799007069325466e+00
3.456926908623125350e+00
3.481311813486090756e+00
3.482231017949885210e+00
3.552209829923024920e+00
3.550889210113263417e+00
3.441569304679119146e+00
3.471186156220190444e+00
3.456827240626811903e+00
3.485612980145550654e+00
3.612790629331707137e+00
3.632836789498677277e+00
3.684987090880843752e+00
3.610318456758603745e+00
3.685876406723552101e+00
3.678339438407939976e+00
3.710299466351822506e+00
3.691931089979078706e+00
3.725272355708052707e+00
3.665078312004978578e+00
3.684782511991119947e+00
3.583867702053795234e+00
3.558205549658306488e+00
3.478523044615798643e+00
3.480387681601289085e+00
3.424814232809900272e+00
3.422921812398653341e+00
3.401088485778089865e+00
3.404943610038417834e+00
3.404523122278508396e+00
3.435744543406053175e+00
3.567522982484308880e+00
3.539500404372968756e+00
3.584747061302194560e+00
3.584145270756957213e+00
3.597709079505706509e+00
3.524540824050070409e+00
3.581046075310519772e+00
3.633300108132634154e+00
3.598589566857109734e+00
3.638118063336175378e+00
3.661349326368509072e+00
3.722802656733598337e+00
3.706902492295673923e+00
3.864633107147114721e+00
3.656711258741305759e+00
3.803159037787080088e+00
3.774028561933691073e+00
3.849252173235873986e+00
3.820159615114623985e+00
3.903179330396651547e+00
3.922492544419717841e+00
3.873545490688822923e+00
3.860143513809558780e+00
3.858278793506519921e+00
3.851223093015077925e+00
3.838362967920732949e+00
3.827287556531512980e+00
3.796514717565382391e+00
3.776124014365195070e+00
3.720289002679155299e+00
3.813133049013765596e+00
3.704498898001255203e+00
3.750356610823019743e+00
3.699802437907542707e+00
3.624111222196201076e+00
3.540522362957254643e+00
3.461676892921930815e+00
3.454319224124938970e+00
3.387972842350752689e+00
3.553386031125584044e+00
3.497700724956735563e+00
3.513918392402783475e+00
3.490158308578505952e+00
3.519428652557770043e+00
3.518298058281360330e+00
3.528993525708479240e+00
3.580708697790520478e+00
3.491556584987835166e+00
3.490607264985208236e+00
3.504915324933294052e+00
3.427202120332014879e+00
3.485800187883783430e+00
3.453824120227762418e+00
3.505575009640192974e+00
3.496832121066485222e+00
3.431850717064858003e+00
3.469470318502466011e+00
3.444341113096000662e+00
3.508194809429313832e+00
3.479994901293318232e+00
3.465334076909493355e+00
3.501475787360209591e+00
3.486438732384715689e+00
3.518796033648250887e+00
3.474840698823459029e+00
3.487011772291907175e+00
3.453685908054945575e+00
3.393933613956209072e+00
3.374934442202675910e+00
3.390606752782050926e+00
3.376926202073056160e+00
3.393933281475594033e+00
3.480349995145676445e+00
3.470354171541369936e+00
3.501371695277224472e+00
3.531115120671351804e+00
3.502584836073108665e+00
3.578205070137579824e+00
3.566713984384517477e+00
3.648654403208416497e+00
3.707446853465737213e+00
3.713682851988784783e+00
3.722936013715203440e+00
3.682000109872308968e+00
3.796720303436081245e+00
3.879280908517170445e+00
3.855426437864284850e+00
3.904985699376719133e+00
3.951771478056294473e+00
4.031134459263457259e+00
3.981186764716712290e+00
3.931508666588354295e+00
3.960161076774477262e+00
4.004817471800796724e+00
3.981096563688732104e+00
4.015392666374411945e+00
4.012747889521305567e+00
3.951191833939754261e+00
3.975313403907480225e+00
3.931773307952235896e+00
3.935111943532643153e+00
3.873794299745330516e+00
3.837744996600134240e+00
3.787331776198360256e+00
3.664425350936602932e+00
3.665377194687736484e+00
3.679232455302478222e+00
3.703147645189090564e+00
3.694434510349236866e+00
3.657678544202759952e+00
3.590036791994030363e+00
3.610395285866950577e+00
3.564223131105940912e+00
3.555479163373037377e+00
3.490772386965184548e+00
3.537452260579375007e+00
3.556613507223781667e+00
3.618471558789408071e+00
3.612902812272130504e+00
3.598082735204213289e+00
3.568388540444901835e+00
3.515598227567728440e+00
3.596667459741541339e+00
3.581740105365218696e+00
3.640678821356694961e+00
3.663478361129483218e+00
3.686007919537012345e+00
3.709077774202421907e+00
3.801260787766029825e+00
3.820793838194352698e+00
3.835925440425332233e+00
3.858860675823811981e+00
3.814783671124561959e+00
3.890681788589495316e+00
3.935301819827849990e+00
3.978322407651258441e+00
3.981420400558999706e+00
3.953193360446707327e+00
3.919039168265685547e+00
3.908788594725879584e+00
3.849685658499187202e+00
3.917216635079285858e+00
3.888154068585230494e+00
3.872556718829267997e+00
3.858267189540580677e+00
3.756930363037080056e+00
3.779937762382638677e+00
3.756040514670511143e+00
3.776718420942705379e+00
3.708296510401870805e+00
3.683128571469919788e+00
3.745942086729070031e+00
3.776600283341542408e+00
3.776838986342137439e+00
3.835509309069608630e+00
3.765905349484193199e+00
3.687839764069226867e+00
3.695164614508467338e+00
3.645529455376078865e+00
3.591715520873747014e+00
3.627549440347471066e+00
3.628955483607362975e+00
3.665795701364041648e+00
3.606354980602991311e+00
3.685072345771216895e+00
3.745902929419580030e+00
3.653536516224152653e+00
3.624200362667821196e+00
3.623347877855583210e+00
3.678004459617112865e+00
3.726361509572071462e+00
3.756377773526524688e+00
3.711776407657499721e+00
3.685022558727485187e+00
3.717979317566528330e+00
3.731187033396771824e+00
3.677687780931205630e+00
3.646627226387164633e+00
3.582956519498575076e+00
3.472869544725983193e+00
3.480334038511825323e+00
3.532566592610000722e+00
3.539581763778519186e+00
3.506528754028362727e+00
3.553224360021924433e+00
3.502743172052810827e+00
3.537806972065740130e+00
3.506373557346288639e+00
3.622199754740750066e+00
3.529034399026159452e+00
3.547332493122068442e+00
3.657701916091360417e+00
3.699817909866052634e+00
3.637928970260896566e+00
3.602649739790984462e+00
3.673809347218265131e+00
3.684903434208734119e+00
3.699333875169732000e+00
3.711535205587653596e+00
3.602874387060880590e+00
3.565611683276239230e+00
3.599275476043372723e+00
3.538794342758901035e+00
3.538328555769187478e+00
3.629310698858406958e+00
3.611123639655843931e+00
3.564665163997183583e+00
3.550734937730029905e+00
3.610646013983420222e+00
3.519156397320115648e+00
3.523776336558329447e+00
3.523668000350217433e+00
3.514400800512689216e+00
3.466403044640634867e+00
3.488542388314327614e+00
3.495590939804657182e+00
3.427830550799936926e+00
3.311168760536673084e+00
3.341215786433904267e+00
3.307712769513445838e+00
3.253046489413136566e+00
3.236194157171571995e+00
3.263235182634698806e+00
3.216540719684579219e+00
3.301605586038114826e+00
3.315864886945067536e+00
3.273653566505218659e+00
3.334668623913853658e+00
3.329494973811765846e+00
3.350710180395935378e+00
3.430414112718258135e+00
3.470081558748263184e+00
3.476942342072287140e+00
3.465617257240246385e+00
3.515788894121412156e+00
3.521060802602149042e+00
3.470230766264856381e+00
3.492136121401927973e+00
3.514290083382899610e+00
3.545346888874456148e+00
3.456731434197990005e+00
3.508650806692943824e+00
3.616353195550918276e+00
3.641979187256020545e+00
3.630032464776518975e+00
3.683390086835853783e+00
3.628168881903989895e+00
3.604652435259963372e+00
3.606121978362338165e+00
3.581322309633533596e+00
3.598289295130771670e+00
3.598858615279086681e+00
3.574390658681058763e+00
3.587514865815959464e+00
3.578508933125332359e+00
3.500514092487286177e+00
3.415354257931470183e+00
3.410931795157961410e+00
3.334926435822422430e+00
3.388556910430084113e+00
3.374786162329912020e+00
3.392320409285304983e+00
3.405005307745493592e+00
3.416225683131600022e+00
3.425817175875673914e+00
3.427963813760928957e+00
3.422252934895927190e+00
3.452646878928079754e+00
3.448061418811716461e+00
3.429463029830743359e+00
3.419022333435353111e+00
3.418036297340865559e+00
3.389338305369200999e+00
3.413033130132234305e+00
3.327675547421878655e+00
3.322567297786664930e+00
3.354631527613368913e+00
3.339067706137168745e+00
3.349227460735664241e+00
3.278007785243236327e+00
3.309538813130822099e+00
3.377879303048128001e+00
3.393365488593092394e+00
3.478160266179496141e+00
3.474756575045595763e+00
3.499318458257908659e+00
3.511966788287334662e+00
3.562662919248937410e+00
3.508342914636636056e+00
3.502148732372942330e+00
3.542250032671341309e+00
3.540804618948433458e+00
3.588337917613377837e+00
3.613622351094001761e+00
3.674211648337450953e+00
3.713840173411840251e+00
3.676205380759847152e+00
3.657065666800307202e+00
3.669958160503462352e+00
3.758647490715559147e+00
3.727443043465288319e+00
3.660343875756761456e+00
3.672725374450446889e+00
3.651480001623559346e+00
3.685275309503381447e+00
3.641746173300530298e+00
3.663080436044664268e+00
3.628906842287284107e+00
3.587220684561936768e+00
3.541031273329314111e+00
3.497305574335163758e+00
3.428291796369764999e+00
3.427395168436398354e+00
3.437656435090416185e+00
3.439724196872175010e+00
3.461640198469760232e+00
3.506439206948213538e+00
3.464034991182655787e+00
3.427779735273074557e+00
3.383100044311063037e+00
3.371494774631234481e+00
3.464611981466715118e+00
3.482792623036345958e+00
3.474276163014243135e+00
3.477450867127988232e+00
3.539325631694479668e+00
3.583599598920528262e+00
3.506662151060758070e+00
3.550411589447568073e+00
3.505689099013403087e+00
3.528805409839984364e+00
3.499427035654444573e+00
3.505719556026864581e+00
3.471174760900221923e+00
3.425945431450382106e+00
3.397601528233459955e+00
3.433515970658564953e+00
3.355649466446173346e+00
3.361529413548453249e+00
3.321383568687277243e+00
3.307551866276779773e+00
3.240134991224882910e+00
3.200331047148223362e+00
3.234911446515706057e+00
3.207852370130293895e+00
3.183761941737627055e+00
3.152414109678551402e+00
3.197394132338177819e+00
3.174806528254871196e+00
3.199694160131262066e+00
3.156358329888946823e+00
3.122164805513219843e+00
3.188315835070428594e+00
3.130567143166030242e+00
3.202148162758249761e+00
3.182085957489411143e+00
3.189703504075247498e+00
3.186300106371871887e+00
3.257551640811721771e+00
3.305887402860706370e+00
3.347695258609976854e+00
3.390046105397656717e+00
3.286981798565481672e+00
3.292127312462597821e+00
3.354398189907516148e+00
3.349916119773393319e+00
3.412583416064803643e+00
3.384355552263952127e+00
3.367947745628578016e+00
3.415018470950718310e+00
3.440205500855320953e+00
3.458676684864946616e+00
3.418818227017482059e+00
3.458629749566098255e+00
3.441775368329699880e+00
3.481864724357852658e+00
3.544322447385436003e+00
3.533138335058688462e+00
3.603156157828165451e+00
3.622548259944695648e+00
3.700455543333878605e+00
3.693273940233732233e+00
3.735123467806252151e+00
3.687029774698270757e+00
3.612277008979028370e+00
3.604209266803489520e+00
3.559113723671430307e+00
3.702577607016017236e+00
3.725154050242581061e+00
3.652471027684647265e+00
3.623453217380008695e+00
3.553438639938188093e+00
3.626156142065851018e+00
3.639802215584736267e+00
3.637446758710057626e+00
3.619997389478112559e+00
3.593946614811789786e+00
3.581245354766929179e+00
3.541089868792937967e+00
3.486666646049938478e+00
3.479094298111600647e+00
3.469095527768212062e+00
3.500256501594011915e+00
3.463549247553620702e+00
3.501909727966788566e+00
3.438383925841811184e+00
3.462498628443875681e+00
3.482339495101895555e+00
3.477549102641173118e+00
3.604890029825153608e+00
3.681611061713415456e+00
3.696695254727552893e+00
3.700809882547280605e+00
3.644830811353789279e+00
3.749509417902630037e+00
3.800041133060586329e+00
3.836669153115739306e+00
3.824769820851768198e+00
3.862285021850399680e+00
3.882529620825907024e+00
3.907831058507949873e+00
4.012457598392757063e+00
4.077948761017647250e+00
4.137226723957124541e+00
4.208061139725153055e+00
4.156176753154677606e+00
4.186591826263527771e+00
4.166331903544202575e+00
4.042374271287878962e+00
4.034246061667145611e+00
4.119784483336221825e+00
4.099704490502005250e+00
4.081604784713700695e+00
4.086560999321872778e+00
4.011683635497941935e+00
3.951004273586448345e+00
3.972098144949934628e+00
3.953730712456525076e+00
4.007560713790948803e+00
3.934669641034669318e+00
3.906614474997607722e+00
3.912687956642027842e+00
3.881437271160253832e+00
3.864783870645740471e+00
3.879626599283693800e+00
3.839214368101533825e+00
3.805185277889116868e+00
3.803235949832656004e+00
3.729029499722796626e+00
3.753008915344575147e+00
3.832599280124743046e+00
3.840859721151667738e+00
3.854985340777099534e+00
3.979342964061016286e+00
3.965512345578312559e+00
3.956518245741478701e+00
3.955964975569491671e+00
3.916646564563762478e+00
3.927616379059508667e+00
3.973077603589294959e+00
4.044181742728087947e+00
4.084245017029263458e+00
4.039808263907882946e+00
4.061250870089913256e+00
4.079441489447370728e+00
4.155507242939072476e+00
4.140860784244670079e+00
4.153032313100650796e+00
4.045995482287374045e+00
4.064907657476791059e+00
4.061698559425413357e+00
4.005291250296582284e+00
3.910920536477493936e+00
3.936078710329305785e+00
3.883107279394458100e+00
3.790278544979647002e+00
3.681327189541663270e+00
3.671796911893403514e+00
3.618267789713133453e+00
3.634292539619935702e+00
3.634763657785436752e+00
3.702149624491434032e+00
3.717759462777220580e+00
3.609325071910010507e+00
3.567086986739520071e+00
3.570022624943093970e+00
3.558514396307503436e+00
3.625826662145880785e+00
3.614340497286029130e+00
3.568141215230915098e+00
3.505671887773941453e+00
3.482229649937016891e+00
3.532799927676476770e+00
3.618809615518997269e+00
3.572733038790836702e+00
3.599068745789200108e+00
3.638926207324434170e+00
3.760943820628116718e+00
3.766168288674663689e+00
3.768290583891614087e+00
3.828106761156550686e+00
3.926235821031216933e+00
3.842281036186832921e+00
3.919183129295671364e+00
3.820815266317132863e+00
3.801122575487618782e+00
3.663636560297212519e+00
3.690205867014612728e+00
3.698590717710049436e+00
3.749104023381665041e+00
3.674009552351852559e+00
3.616370961867518385e+00
3.573004579203265418e+00
3.578137448782661600e+00
3.648617504274488610e+00
3.577598619047914319e+00
3.635783378956544798e+00
3.546394347498482258e+00
3.527481480487416832e+00
3.586071030714816033e+00
3.632903344714247140e+00
3.603446194786990908e+00
3.568577368312503939e+00
3.533444534821728045e+00
3.498562304189073657e+00
3.471727829716303670e+00
3.344766909902265883e+00
3.417920964921924210e+00
3.359507310323145646e+00
3.368069429405616155e+00
3.347506718791088520e+00
3.416925133369475009e+00
3.422744859679552665e+00
3.512824730350321278e+00
3.481244398216249092e+00
3.481480992458353185e+00
3.508219054698591410e+00
3.514395564082065437e+00
3.402647851628584519e+00
3.393485538649782196e+00
3.440587952986522424e+00
3.411227544448252491e+00
3.439692654450043907e+00
3.358828093207831156e+00
3.350608729127608765e+00
3.330203621535594127e+00
3.300577324936106116e+00
3.258475289683804732e+00
3.250907766123757536e+00
3.287582510745809206e+00
3.280505053248981007e+00
3.446868893157338132e+00
3.433239991642211830e+00
3.424962071115773554e+00
3.437153370704683741e+00
3.416197936374889110e+00
3.406082765741541341e+00
3.330028366127989248e+00
3.287033997355038206e+00
3.198525092251771174e+00
3.211552465260727907e+00
3.214863694815579098e+00
3.245939109813464007e+00
3.308233544897642098e+00
3.299494169240750896e+00
3.365613940465903564e+00
3.376388308096168966e+00
3.421210135489868076e+00
3.522248650254592661e+00
3.561169913636225370e+00
3.587336159642564581e+00
3.625860096439956770e+00
3.616896805766152134e+00
3.643742999922484405e+00
3.686631168932163582e+00
3.705899852155597696e+00
3.702860151582227921e+00
3.669234924004181053e+00
3.772356644215517640e+00
3.802528861773552205e+00
3.672208282234115551e+00
3.683985086112597340e+00
3.743050205519507845e+00
3.767109730419889946e+00
3.896121590823708569e+00
3.934872554953478208e+00
3.974001433354129809e+00
3.912513910235107417e+00
3.956045394156597172e+00
3.920777421238441196e+00
3.936278507107881630e+00
3.891975815702546804e+00
3.900348547471556238e+00
3.878315930918024179e+00
3.751718422745322634e+00
3.724865139585881391e+00
3.748896744407419046e+00
3.831661092336005048e+00
3.899234424357137740e+00
3.803951715086448804e+00
3.839342691344322045e+00
3.814854890289412825e+00
3.838696114166006979e+00
3.744647265561345417e+00
3.661159923355384649e+00
3.831098199599987097e+00
3.788993798562570792e+00
3.819693686586216774e+00
3.883113725998589061e+00
3.832620782155235162e+00
3.835404064319265505e+00
3.842399323356887386e+00
3.911784013618408551e+00
3.917163946076471781e+00
3.846328397754417150e+00
3.807492554851270139e+00
3.763817710042928422e+00
3.732834461426304706e+00
3.728226155631297445e+00
3.812693090457621281e+00
3.831698947066833671e+00
3.776012901317021608e+00
3.733922495110526096e+00
3.688969811543713728e+00
3.744106844005155921e+00
3.687198590699761969e+00
3.667195270517352501e+00
3.665132910655415355e+00
3.739921512291656924e+00
3.822366440854568559e+00
3.841258507168909819e+00
3.932646755738086419e+00
3.933071233645183185e+00
3.942774917647406951e+00
3.951093266364495982e+00
3.965588374748064027e+00
3.959820396407941256e+00
3.921708046455040453e+00
3.945034429056791581e+00
4.085207974926672314e+00
4.127037410099445580e+00
4.265544306139973152e+00
4.219238732067697839e+00
4.242784801869322386e+00
4.169827256533511495e+00
4.025940804290540243e+00
4.062929472689480015e+00
4.033348299110180335e+00
4.016958741254495813e+00
3.974041565835499501e+00
4.041900034588472579e+00
4.023866217837058556e+00
4.052444226906328772e+00
4.020453308380526281e+00
3.985389539537913972e+00
3.965242591981097853e+00
3.887463639673146787e+00
3.861892208842993668e+00
3.856669103134785281e+00
3.849042876662218227e+00
3.744213565515892128e+00
3.679845091970313398e+00
3.710635443203345041e+00
3.676062819700292472e+00
3.649901568364367854e+00
3.673988681762104136e+00
3.624343220979195923e+00
3.707713917184001229e+00
3.696009296707154945e+00
3.775927993798780857e+00
3.857942739561925904e+00
3.897025266938956012e+00
3.899449702761765391e+00
3.923204734432947927e+00
3.965168122520233762e+00
3.987950825682918587e+00
4.017442199540723458e+00
4.001518814521062950e+00
4.052107207322427129e+00
4.085021800476082099e+00
4.112307861146958565e+00
4.205423391226800867e+00
4.210218954947404946e+00
4.236020611112434331e+00
4.266306193504814992e+00
4.272653286887226898e+00
4.305481848202107997e+00
4.322774924205323721e+00
4.377744147748903636e+00
4.380818366265382124e+00
4.243066022268438431e+00
4.225757678331690137e+00
4.197723308640253670e+00
4.189974558023204843e+00
4.186651568060026918e+00
4.239370503823719716e+00
4.258284814252616179e+00
4.306880685406923703e+00
4.277368945023141578e+00
4.228480628186118473e+00
4.203461379264513909e+00
4.147944307203044190e+00
4.205974352041838671e+00
4.213911126729197321e+00
4.257843641826654313e+00
4.252247647922239082e+00
4.159782728401999030e+00
4.165552437114870443e+00
4.152011020166836097e+00
4.147616345400943594e+00
4.259301262175746672e+00
4.200335045442010085e+00
4.201286790718407715e+00
4.159265710530147153e+00
4.183602376943735379e+00
4.272263079078569170e+00
4.278821486686290143e+00
4.257272797602585257e+00
4.140480210881461787e+00
4.029570981304552824e+00
4.005638192487714910e+00
3.924931246469486990e+00
3.946215632935754059e+00
4.004511324473941869e+00
4.019620733872009133e+00
3.951992568302207243e+00
3.974883045296456530e+00
3.947979860278782116e+00
3.935739798009223023e+00
3.900467138189040117e+00
3.932495451950440923e+00
3.989759607639631778e+00
4.007093286229525653e+00
3.989304410334551854e+00
4.029980421614401287e+00
3.972389551670120422e+00
4.046932056516178378e+00
3.971266879687680440e+00
3.935770428875284832e+00
3.921631944614835774e+00
3.880515482777989966e+00
3.940195219864530252e+00
3.961984840969765553e+00
4.054526448559424345e+00
4.095579429977815877e+00
4.128244468189484095e+00
4.110030265078027156e+00
4.044977346281290131e+00
4.014492244539320076e+00
4.050064029433415591e+00
4.140068266648730066e+00
4.187994660911130929e+00
4.178193965873240323e+00
4.153721155672444709e+00
4.096641508397772746e+00
4.090934158873467119e+00
4.071525172475922716e+00
4.053450945469119659e+00
4.049510405563412796e+00
4.006495225917644731e+00
4.063489482029597255e+00
4.053882559733267499e+00
4.099075481221959194e+00
4.113511420254426731e+00
4.031510917618655654e+00
4.059974025543239939e+00
3.987189069271635411e+00
3.990794278171829745e+00
3.968228625874739901e+00
4.065481399695902276e+00
4.005924899951457618e+00
4.046893249299862383e+00
4.051974073384228880e+00
4.094874072409358412e+00
3.988132378994572402e+00
3.959289989365920803e+00
3.842781505772707717e+00
3.889671849496782130e+00
3.829119925214640840e+00
3.932811841389839635e+00
3.885291612213106927e+00
3.884450283309283325e+00
3.883078280176696762e+00
3.819148527231308154e+00
3.805775163625543467e+00
3.718456012086293061e+00
3.662383915938239198e+00
3.587056277186894793e+00
3.609729152893340842e+00
3.665025462896072117e+00
3.660470397405958920e+00
3.710998897435601407e+00
3.744658458091531639e+00
3.670242174541012758e+00
3.589822644685027431e+00
3.573267358416997830e+00
3.483741513854568428e+00
3.448884998863929408e+00
3.426121689846271412e+00
3.445402587296145125e+00
3.389666898575519838e+00
3.492660305588956238e+00
3.460802166985284423e+00
3.523978675170250874e+00
3.447549710054244265e+00
3.405592024080065450e+00
3.432800331604725308e+00
3.425604911315540679e+00
3.482497725323381310e+00
3.450730645883406833e+00
3.436286251472350894e+00
3.470953841599786038e+00
3.470815422953835494e+00
3.430334403323635595e+00
3.373477651238089958e+00
3.344068987526166215e+00
3.280359051834505824e+00
3.193339727436262709e+00
3.239657460894985519e+00
3.228309889106442565e+00
3.243796888461952577e+00
3.322801968769835135e+00
3.327571997674367399e+00
3.318751370744027707e+00
3.331202979998369784e+00
3.326540341799625988e+00
3.244469998667426580e+00
3.219549784275419491e+00
3.180665371046516920e+00
3.219731409876543271e+00
3.193787441792288906e+00
3.133475770218284495e+00
3.100072019651481714e+00
3.086760188961594320e+00
3.112149709250478846e+00
3.141955951768054867e+00
3.124848442412143878e+00
3.164113113108005138e+00
3.105870954512931714e+00
3.135073416241775490e+00
3.142851250083624759e+00
3.164051987782911191e+00
3.189553069942593133e+00
3.185157100849989487e+00
3.197294669620596608e+00
3.153385446980120577e+00
3.142000968367207658e+00
3.179282937669142495e+00
3.196010684272580615e+00
3.199343562191764079e+00
3.246943696809182711e+00
3.307257465927305518e+00
3.233727831420156740e+00
3.279696298395809340e+00
3.241983675437167811e+00
3.290369141422560428e+00
3.264007680689498869e+00
3.254654669021079805e+00
3.244438606537643821e+00
3.243706467827145001e+00
3.203271380259539391e+00
3.240907207079566810e+00
3.265531508438345831e+00
3.349932130555834497e+00
3.345246606709626480e+00
3.385856355052562883e+00
3.394166962725512882e+00
3.451717847561051933e+00
3.470767208447337548e+00
3.478283866152694248e+00
3.501660422362530056e+00
3.532210656567584373e+00
3.525369135861434522e+00
3.505553526974498180e+00
3.542141400210784496e+00
3.489771540253264526e+00
3.477682684534864510e+00
3.572962007886762770e+00
3.473147108202764954e+00
3.457990218108495828e+00
3.503053404503183366e+00
3.550088425555763205e+00
3.612934451114834911e+00
3.600505731299126211e+00
3.627655712017176626e+00
3.696622469918143139e+00
3.717749966185370791e+00
3.706116879565792388e+00
3.738726973237500140e+00
3.680637029604990840e+00
3.616516190019772203e+00
3.667185388569334847e+00
3.581866954345623633e+00
3.612115256417516740e+00
3.640303716708706450e+00
3.721432803613188955e+00
3.706234971438591597e+00
3.660662534134761170e+00
3.676905367432067528e+00
3.616881718176606419e+00
3.666655973278015956e+00
3.657527850266243608e+00
3.698337009842600498e+00
3.726044881328903990e+00
3.779734219652624017e+00
3.727502996209375308e+00
3.698854792926703272e+00
3.665615636881585093e+00
3.698903293785651414e+00
3.687188208822470781e+00
3.666037977476185095e+00
3.638376192602137849e+00
3.570556324989613728e+00
3.607647555619963864e+00
3.727452418751582286e+00
3.792636704809408066e+00
3.751915511184983565e+00
3.838549720028897383e+00
3.759501700118824008e+00
3.782258885177788077e+00
3.692579317831609309e+00
3.682023155573443063e+00
3.774245156394219869e+00
3.786771532681032060e+00
3.853014551536687371e+00
3.853979681390900414e+00
3.897218798966414433e+00
3.883098359927604104e+00
3.933931167921104866e+00
3.916824983899363399e+00
3.951798574719299850e+00
4.069829485390221713e+00
4.074483922907260691e+00
4.017016908523053154e+00
3.985836439539176546e+00
3.977777944011572142e+00
4.019094098013367145e+00
4.093247504954353744e+00
4.029153028329737651e+00
4.016279730219316946e+00
3.965052459276892538e+00
3.939896953724830730e+00
3.933945880093078440e+00
4.045171125339440010e+00
4.024810462044595027e+00
4.134420810776545885e+00
4.142386846799135824e+00
4.057529618158316254e+00
4.035688085286603055e+00
4.031793575437869315e+00
4.038958577919270709e+00
3.982971854912108700e+00
3.969793636038082774e+00
3.971196011780427249e+00
4.021992670642142720e+00
3.970476510655248426e+00
3.929050916635682622e+00
3.969655565568535938e+00
3.943889805426400219e+00
3.996156833064155922e+00
4.043394257590914087e+00
3.933484717185470103e+00
3.954125368921860062e+00
3.934767858944959507e+00
3.925231304623411965e+00
3.861807322248865582e+00
3.827207283228607704e+00
3.812762466129943739e+00
3.625898196676064167e+00
3.594897120915930611e+00
3.567650959460622495e+00
3.516053239034535594e+00
3.450826375033419158e+00
3.452271726489684500e+00
3.429747559062972240e+00
3.422647662263553325e+00
3.421200765753896533e+00
3.415725445968884166e+00
3.387324004177669767e+00
3.257143696967719215e+00
3.314419334022082442e+00
3.281043475683265154e+00
3.193037400854390473e+00
3.278567018676426414e+00
3.243881030049968306e+00
3.192391349491387587e+00
3.215248344672974046e+00
3.228211525610087840e+00
3.229559750685976560e+00
3.198525854634805210e+00
3.278185562055066171e+00
3.252380499394963209e+00
3.273710609215977119e+00
3.380034389551363816e+00
3.394400394133585852e+00
3.378851218172298942e+00
3.391685988126638129e+00
3.514351135855397601e+00
3.526672185033713269e+00
3.504130256299325286e+00
3.467386555973376971e+00
3.459612808627426261e+00
3.437449462754690099e+00
3.476653137261272786e+00
3.519389799715470168e+00
3.503203519080658523e+00
3.494538190099880648e+00
3.534528665540137560e+00
3.493882621763463980e+00
3.503747620685247366e+00
3.594435942255766125e+00
3.570892270859458595e+00
3.509613110789010726e+00
3.479957975972906237e+00
3.452185002217161180e+00
3.449655678426949201e+00
3.450545956811301274e+00
3.446491913388413320e+00
3.453877358254804797e+00
3.389730901037074418e+00
3.402056008160745826e+00
3.391961839693720560e+00
3.303697005736939918e+00
3.336034499769642281e+00
3.314740484151697864e+00
3.400515336965400426e+00
3.437264930303269406e+00
3.330688679081598380e+00
3.314173576084850303e+00
3.393671417628102205e+00
3.389480265075759835e+00
3.409679910929436453e+00
3.447105505692892979e+00
3.420987442521969513e+00
3.433267909786692940e+00
3.375713913519468257e+00
3.432467603410025880e+00
3.491858625161163854e+00
3.509373511241221877e+00
3.536545876281865119e+00
3.508018372021102227e+00
3.595335166999198862e+00
3.572446667719176183e+00
3.572790317203255572e+00
3.589659292674873381e+00
3.616857612077594375e+00
3.631211096627529500e+00
3.712576601271880161e+00
3.624033809464338951e+00
3.687070947443807256e+00
3.628021186225204531e+00
3.542827890612373576e+00
3.618670595771946275e+00
3.549198832230113787e+00
3.495787850717164247e+00
3.476231965405185420e+00
3.465744474461447400e+00
3.454002779481968766e+00
3.467210416761437486e+00
3.480027790351191364e+00
3.496819408850367683e+00
3.501067070816976656e+00
3.492991485180913624e+00
3.544708393170128868e+00
3.599729950804019030e+00
3.597841944094302580e+00
3.615277967144501670e+00
3.624345701419796395e+00
3.650669560767710209e+00
3.699507797150441313e+00
3.592462299784902058e+00
3.641537186841593776e+00
3.600227307372855456e+00
3.627330966859248829e+00
3.605032566515574466e+00
3.577719092689859881e+00
3.644720599745276512e+00
3.674716701419307618e+00
3.733662090776096676e+00
3.739973538559477007e+00
3.748162065544562438e+00
3.731074102749771360e+00
3.748583883692375718e+00
3.734098588934137819e+00
3.728912013085990296e+00
3.708629810952889017e+00
3.687881541212955749e+00
3.647246359547623662e+00
3.597017597504026387e+00
3.498149626179168248e+00
3.524125187804956649e+00
3.474123586724874979e+00
3.456946868277887663e+00
3.435348064157659032e+00
3.381495774641805063e+00
3.435203199672093977e+00
3.416064378741625163e+00
3.410624180340494860e+00
3.435628384414100900e+00
3.447234317632269285e+00
3.456029259670327480e+00
3.422390117548024691e+00
3.490080877678197524e+00
3.453993641688022365e+00
3.464095682510180296e+00
3.464927459053660286e+00
3.490264662865020462e+00
3.461179437743790110e+00
3.465180492297472714e+00
3.486410976419729302e+00
3.522401258494225029e+00
3.516077042885132009e+00
3.511376710001345103e+00
3.522742969507640431e+00
3.574261911939428771e+00
3.521829342695951937e+00
3.529956483467799000e+00
3.534964762127765781e+00
3.525831778301065533e+00
3.581099571029152440e+00
3.550624708330241130e+00
3.534308325290585362e+00
3.518826742705900124e+00
3.526829916059603054e+00
3.516940868966624834e+00
3.529430025850316177e+00
3.564633567395217639e+00
3.538909461105806287e+00
3.549175838038970632e+00
3.551455164340156845e+00
3.512566547903066105e+00
3.502098895683291246e+00
3.543133867764611811e+00
3.591852931308720631e+00
3.547853540056922661e+00
3.538249268715976559e+00
3.534569819709808769e+00
3.483647850759077791e+00
3.495982917981951488e+00
3.500770538172076396e+00
3.575458501856908278e+00
3.548709090725811421e+00
3.452046816541364915e+00
3.471562631307878011e+00
3.480336313251046754e+00
3.514788799975520739e+00
3.521446587016792584e+00
3.593979479534826105e+00
3.558750370504889737e+00
3.549015362374305038e+00
3.560450027695985842e+00
3.492498635394149176e+00
3.475982939671181438e+00
3.506255910264077347e+00
3.512787917315882247e+00
3.605600304592454730e+00
3.523550106028690010e+00
3.553013941354164373e+00
3.507331094435576002e+00
3.525435634688555364e+00
3.503262588131716093e+00
3.417961489986626411e+00
3.482940189781299267e+00
3.457843928379578990e+00
3.459061627490853219e+00
3.394495303567786060e+00
3.436151118200116539e+00
3.565600760324014296e+00
3.511763514059873081e+00
3.484804488320058180e+00
3.522518427029413424e+00
3.568033609494059899e+00
3.520549309934155602e+00
3.521642385612772319e+00
3.546375312117745704e+00
3.536127981616417060e+00
3.595151168798362384e+00
3.595719632929818221e+00
3.501050380820698749e+00
3.504165892165488572e+00
3.462771233601239729e+00
3.531624870607943834e+00
3.491909797656139958e+00
3.490425491359767207e+00
3.485595219256612420e+00
3.494984101569535984e+00
3.571991758953649843e+00
3.563116509324151249e+00
3.579860403662958657e+00
3.593075665910148597e+00
3.615889868495143489e+00
3.621942814365570751e+00
3.592837045236011662e+00
3.631376714722510890e+00
3.665748541730447840e+00
3.604821062599139481e+00
3.581857760908616850e+00
3.585297242205752521e+00
3.601340642652532065e+00
3.655632083080236683e+00
3.553037593447447851e+00
3.583616505917290862e+00
3.547243289446881942e+00
3.624760034659651797e+00
3.664831666552270661e+00
3.676331025305972222e+00
3.642007813207465805e+00
3.657333625042901382e+00
3.652737952986496062e+00
3.670184523544212762e+00
3.610287126667911739e+00
3.615402967325651584e+00
3.619103421077116689e+00
3.661944249670733509e+00
3.688017629914558615e+00
3.708308849904405236e+00
3.736944080701790405e+00
3.702665351014442940e+00
3.697909301540220461e+00
3.566797186283116705e+00
3.600138826107500911e+00
3.564277845470050554e+00
3.562741962883360980e+00
3.595627989230598676e+00
3.540892524401286767e+00
3.626488795880327576e+00
3.608172083432930499e+00
3.680941385105376273e+00
3.708456155620065253e+00
3.659995319092531396e+00
3.626669280489078329e+00
3.735295147115482273e+00
3.725617407426281336e+00
3.760549017930072235e+00
3.708072545151016808e+00
3.788180056064387902e+00
3.847890118333020748e+00
3.866069569548128193e+00
3.855777101592779754e+00
3.805967419722851020e+00
3.856389842058594031e+00
3.826737923743483094e+00
3.861314828140210764e+00
3.838470104172591935e+00
3.931842814980734069e+00
3.949789034485510886e+00
3.921336372207258947e+00
3.933556178449804097e+00
3.880770410515685054e+00
3.961552418907989370e+00
3.936814437471790828e+00
3.951146749787268320e+00
3.905110672861012322e+00
3.889480081185600291e+00
3.915543700067602551e+00
3.896323568447499497e+00
3.875738597244165362e+00
3.865954274826950421e+00
3.890066137094130738e+00
3.936861704482382596e+00
3.882882953995032249e+00
3.883032328349894424e+00
3.837893990091734153e+00
3.794252471409865102e+00
3.824258814172103449e+00
3.711361184479598396e+00
3.723654019297005124e+00
3.684627576861416731e+00
3.671249788607823028e+00
3.713416414145013889e+00
3.659685742285705867e+00
3.669088270832626453e+00
3.596781279265905962e+00
3.631384864366618448e+00
3.535939020214454942e+00
3.567329473365565828e+00
3.497106750782908779e+00
3.489911708304921145e+00
3.471305577314804491e+00
3.463289029218758142e+00
3.455373645367771474e+00
3.379957143991775048e+00
3.340428524254558162e+00
3.356513583446837590e+00
3.343802052837474559e+00
3.353291608249963307e+00
3.337843124208587753e+00
3.347052126529364013e+00
3.410936630784003221e+00
3.428741148958376783e+00
3.445032570935400607e+00
3.360724907884357293e+00
3.349584319000841415e+00
3.403652112226513538e+00
3.367649545551699930e+00
3.411459726986328711e+00
3.446048363154162519e+00
3.566698499616635321e+00
3.537015908275794374e+00
3.606591536940987996e+00
3.604788811437306340e+00
3.612104845484274129e+00
3.690990632266490046e+00
3.656489889393760517e+00
3.680552245944748613e+00
3.732551584131188260e+00
3.737459127357358302e+00
3.742020215076197420e+00
3.660722510450318268e+00
3.714819824554019156e+00
3.760573058700226401e+00
3.759663214672268161e+00
3.702585529281468002e+00
3.609922272995027104e+00
3.553075797097979382e+00
3.609720627861113140e+00
3.707599829117012913e+00
3.788782052351860496e+00
3.771275584381120094e+00
3.762472582845945102e+00
3.735936524055905927e+00
3.620700919205076307e+00
3.571333721375194337e+00
3.575052663481972814e+00
3.561177893203891109e+00
3.535875565685485000e+00
3.576049855563870228e+00
3.500729085799422435e+00
3.615888032165004873e+00
3.538096354290097612e+00
3.565683905965035372e+00
3.630431396253765985e+00
3.701937567709605581e+00
3.703782778154869781e+00
3.624305001059530351e+00
3.564548890170246231e+00
3.524120955936455246e+00
3.653128532512624371e+00
3.660479687812450145e+00
3.585246022881560801e+00
3.584547783472980864e+00
3.509436846909423924e+00
3.455880852444650042e+00
3.433738927569148114e+00
3.490728057712139343e+00
3.529194713676279793e+00
3.627628603787039996e+00
3.585010040046398672e+00
3.525507964073143263e+00
3.408147588597451705e+00
3.420258716701107371e+00
3.390170695018429381e+00
3.458807666170515827e+00
3.432618895602838283e+00
3.467278387258766692e+00
3.427070963936035497e+00
3.399523349069085931e+00
3.385974452752046115e+00
3.417132959516373081e+00
3.427548318274999062e+00
3.472657582391171172e+00
3.525674817757898261e+00
3.458369866638714374e+00
3.486580597277908922e+00
3.564086678917347317e+00
3.530630136058794832e+00
3.560643136103745832e+00
3.551531957341651502e+00
3.603051380286184546e+00
3.569544301319890867e+00
3.514869339564953954e+00
3.487825761715078077e+00
3.510329076348616795e+00
3.489906398606738236e+00
3.650273123762692862e+00
3.673887166811729443e+00
3.750658186010952466e+00
3.703784890630376303e+00
3.665410531809606631e+00
3.719883043822348245e+00
3.627950767747440519e+00
3.641688831250716518e+00
3.558583711938189342e+00
3.529625121763239726e+00
3.506549742156753080e+00
3.515805817524873866e+00
3.485760298445621519e+00
3.550828589001645774e+00
3.542950170864533010e+00
3.554158924392063490e+00
3.574427992780860208e+00
3.591835102880670316e+00
3.595522179485732828e+00
3.610684822113457759e+00
3.647211439883111250e+00
3.697060897092605547e+00
3.695096098050830946e+00
3.718036928412928876e+00
3.858771115040783961e+00
3.797900077324213974e+00
3.767613048791305097e+00
3.780723130065531734e+00
3.791798240955059018e+00
3.749850012264653198e+00
3.618953273761003953e+00
3.724101772174979175e+00
3.785420244848997751e+00
3.901985703190780530e+00
3.939723364811430262e+00
3.992555036943007174e+00
3.970445984102330517e+00
4.006429632763315318e+00
3.946267693272639931e+00
3.932544934758508415e+00
3.879047461450744638e+00
3.828609553148956124e+00
3.855753897679398357e+00
3.848936648607490518e+00
3.852669713782079342e+00
3.829238484631051875e+00
3.812498294151317246e+00
3.858128168224377319e+00
3.907624696216541516e+00
3.840625795119567698e+00
3.850413737404415393e+00
3.849799229085415941e+00
3.766362820555192226e+00
3.740291170761721240e+00
3.790941332504575545e+00
3.811125753768592084e+00
3.849136794129263350e+00
3.756946997667017119e+00
3.717558047983815950e+00
3.750888762794643227e+00
3.731919538761307109e+00
3.679176492733150727e+00
3.649771703523386979e+00
3.696192584889172572e+00
3.698981724617615097e+00
3.757771380182778120e+00
3.765128005439585035e+00
3.718717778798700468e+00
3.781695277780137587e+00
3.767234533495677162e+00
3.758277428302325252e+00
3.761833986992178858e+00
3.724781983503610228e+00
3.627724885774930463e+00
3.652290906984222651e+00
3.615181027641873435e+00
3.656161924237986138e+00
3.719254428062682472e+00
3.686536252423926019e+00
3.713921013045136110e+00
3.748670413895942133e+00
3.752059219538667278e+00
3.784884215305408972e+00
3.781854222081366679e+00
3.747783248729001038e+00
3.703652385286184678e+00
3.740710905654987872e+00
3.734972807810504225e+00
3.756476652754834333e+00
3.739714069520362116e+00
3.746925058965661748e+00
3.790674712719225958e+00
3.771224560751139432e+00
3.734093621364556359e+00
3.693767731699088230e+00
3.736876493592803161e+00
3.677757435181933321e+00
3.713856853645519429e+00
3.761960362773341338e+00
3.745205319593548854e+00
3.804409967062933440e+00
3.780266374240231819e+00
3.752529147766498596e+00
3.755706121923612972e+00
3.715514213182058434e+00
3.755697956798480952e+00
3.701127465670474681e+00
3.700179930786694715e+00
3.676653348515387609e+00
3.652163316048887332e+00
3.713062067600899407e+00
3.778962016292345183e+00
3.766788863643446117e+00
3.661152873749459413e+00
3.642836263022669829e+00
3.676512350414389729e+00
3.702857703691722957e+00
3.807131344587587396e+00
3.776686805136978187e+00
3.764115733313741607e+00
3.718371286279672727e+00
3.758297823381886449e+00
3.751961853785569456e+00
3.802694055912958060e+00
3.762751307033318504e+00
3.634884414647618911e+00
3.601436190296157580e+00
3.612749003107945889e+00
3.581081014420659958e+00
3.602663801205838734e+00
3.485006200117268360e+00
3.450831687669854819e+00
3.489155389722504275e+00
3.440272114551565341e+00
3.476735596735976319e+00
3.456484675219599456e+00
3.455126783454127271e+00
3.450596921393000560e+00
3.437410789977611181e+00
3.486817327524279531e+00
3.388338516146486068e+00
3.348191443591879146e+00
3.361506507735351867e+00
3.404103806145935884e+00
3.417064056068240596e+00
3.394795241160601496e+00
3.393511034087941525e+00
3.367441484732387025e+00
3.332050071667214119e+00
3.398768763801808479e+00
3.413693391536991584e+00
3.472291503611776964e+00
3.426673914448845171e+00
3.484481554836401429e+00
3.355504457057076007e+00
3.398326622445356993e+00
3.446573842072305993e+00
3.427896177350417073e+00
3.460844950115781415e+00
3.478456530759822751e+00
3.460630249360641564e+00
3.455706657585534636e+00
3.504388636084884379e+00
3.496115471447677425e+00
3.490484151937436330e+00
3.543291076363855208e+00
3.586957396113236829e+00
3.536791687196846112e+00
3.450280479531303790e+00
3.482507621928306207e+00
3.505795399329194595e+00
3.505524058982051550e+00
3.561861774803436909e+00
3.595201057148311286e+00
3.544728011789239464e+00
3.619237628924445005e+00
3.619957646524222028e+00
3.578423660246801141e+00
3.624195824837782798e+00
3.754318076091935907e+00
3.810813952212233069e+00
3.811039611662119242e+00
3.822822948210627736e+00
3.821937365538414788e+00
3.746461325296934319e+00
3.767045720263384023e+00
3.733500796670651489e+00
3.737308809946410015e+00
3.774740535359345728e+00
3.835922206362888609e+00
3.812981640382364645e+00
3.772650719390200802e+00
3.744164546466568488e+00
3.808399325823634829e+00
3.829989716223290319e+00
3.812456169144521567e+00
3.841068813760255107e+00
3.804031718124556427e+00
3.736971970868859128e+00
3.731760117038800395e+00
3.722616280360605323e+00
3.746442194478198928e+00
3.840318201257284070e+00
3.715505302453974146e+00
3.673098580060492502e+00
3.683822559199953162e+00
3.643820560836259048e+00
3.623473500825852955e+00
3.648075330025132956e+00
3.661630928389917106e+00
3.554321760562260568e+00
3.500715099237623917e+00
3.436774031366504278e+00
3.441449496272187769e+00
3.378691902892162702e+00
3.437880933493479674e+00
3.433871694823966259e+00
3.479093496498314675e+00
3.393124932316761821e+00
3.383525377737531592e+00
3.415229165290503133e+00
3.307995266230892906e+00
3.336481248204996586e+00
3.366576927963564003e+00
3.429443344582248532e+00
3.457279008340744753e+00
3.428407012022571365e+00
3.438583059460571523e+00
3.550462509444933801e+00
3.612717473765255871e+00
3.585362838695657306e+00
3.634555991061222180e+00
3.578985577515608973e+00
3.620575832307591835e+00
3.646102453693429002e+00
3.772429349161678491e+00
3.798008576419663385e+00
3.818202986845061542e+00
3.833760735592430802e+00
3.858070521124618679e+00
3.866096122293156689e+00
3.807997605590058843e+00
3.805303147835926936e+00
3.922755511410269680e+00
3.914728763113903387e+00
3.886996474537888435e+00
4.018833441941691120e+00
4.039926367897646919e+00
4.057818000713951712e+00
4.000445100631138118e+00
3.930770932379719529e+00
3.922111002020361781e+00
3.879445459084368775e+00
3.872806915395620386e+00
3.873642959504479677e+00
3.934144062926337782e+00
3.938713943342176727e+00
4.033840460042210196e+00
4.009600070760356516e+00
4.036404598923862608e+00
3.992967960277483463e+00
4.005912141470575172e+00
3.970393996896576017e+00
3.967732294256093528e+00
3.921824941377931140e+00
3.857143134198808720e+00
3.922633036250412264e+00
3.827690436287787712e+00
3.865572832597316211e+00
3.770489579477029007e+00
3.819866434415336798e+00
3.814779608400407085e+00
3.824217566445688554e+00
3.748161816215945130e+00
3.697440232206788302e+00
3.726921478529091836e+00
3.715596818190555872e+00
3.754318232776704622e+00
3.767673314722294720e+00
3.713276809612618745e+00
3.676188226531040382e+00
3.686376227790736149e+00
3.565960366936033132e+00
3.585588953316692251e+00
3.489966831982706630e+00
3.522986519410097106e+00
3.559265114750573389e+00
3.621286461925286471e+00
3.568296846470195405e+00
3.603998236826673196e+00
3.613298435658927499e+00
3.624396531160686497e+00
3.611135208653551754e+00
3.555018242521225780e+00
3.650954793812184462e+00
3.625269072685011196e+00
3.591419434216706730e+00
3.532823692754797573e+00
3.480682536157925444e+00
3.468683013440087670e+00
3.465631157420623332e+00
3.460083920115811562e+00
3.378899062138232878e+00
3.367611385020881976e+00
3.401902498759055149e+00
3.385721923745124151e+00
3.354871275365611361e+00
3.448058381318192644e+00
3.418932084332857002e+00
3.450257218177738672e+00
3.424182887847396550e+00
3.382463352175562932e+00
3.355798196205379558e+00
3.430630511417564144e+00
3.458022619295570088e+00
3.469812266315008831e+00
3.468117629168792515e+00
3.561186080423653255e+00
3.450084554704105688e+00
3.415037003182244568e+00
3.393519388950712479e+00
3.386902219708008754e+00
3.340062665742564718e+00
3.499337414012380965e+00
3.580279248046677409e+00
3.637743302146967839e+00
3.662924397546999167e+00
3.694653030773664248e+00
3.699521810772019137e+00
3.703982181904239557e+00
3.778229434042987389e+00
3.752108720255049601e+00
3.713294238638326750e+00
3.721501601847321261e+00
3.804071710786843141e+00
3.839423385074189454e+00
3.726414546696945607e+00
3.680821803278598647e+00
3.625543301611865665e+00
3.555998568026462081e+00
3.600826357468782213e+00
3.566925442221485998e+00
3.585757599862009037e+00
3.732222736866842805e+00
3.735520071932258102e+00
3.768500914581225381e+00
3.754202099229358769e+00
3.830211613243009072e+00
3.638441526925867642e+00
3.612877132303805805e+00
3.597324622284167273e+00
3.632283272972199217e+00
3.682979558456613400e+00
3.690747338073162798e+00
3.650796351996341116e+00
3.593425510356080821e+00
3.622827457560736875e+00
3.657956208446704771e+00
3.649667276076473676e+00
3.637301451547171105e+00
3.637414442872776377e+00
3.834048540740068400e+00
3.903182312326687775e+00
3.961460074605125836e+00
4.012072975512239736e+00
3.930436695499825994e+00
3.996533420095895295e+00
3.925594902178454415e+00
3.919511335918077322e+00
3.850786292340006245e+00
3.821668195697927484e+00
3.830223987270354957e+00
3.837103671719519049e+00
3.864736840224203718e+00
3.850346993736299961e+00
3.819858927376642566e+00
3.787188575425773696e+00
3.771078738853589574e+00
3.708388221799523432e+00
3.746530702580183725e+00
3.751408167826291162e+00
3.790965467156849567e+00
3.769615740943074833e+00
3.786830526616492776e+00
3.804409553651364018e+00
3.804473997532071827e+00
3.728866845766372062e+00
3.728568104394535787e+00
3.766424035408304061e+00
3.752858853740208112e+00
3.821106857438113735e+00
3.729012443787671938e+00
3.771724557970215219e+00
3.761167756728498457e+00
3.836524553959975936e+00
3.806310431055710541e+00
3.861352566561770949e+00
3.878406416400804968e+00
4.015183886882128128e+00
4.082837095510764236e+00
4.129153914059634722e+00
4.136832618113811755e+00
4.174385158972277132e+00
4.159414718694695701e+00
4.155665121703693288e+00
4.132184532001327959e+00
4.127602698633887179e+00
4.108881404559314277e+00
4.097141365911087796e+00
4.086909227247907062e+00
4.065388048829115419e+00
4.115982245526224936e+00
4.025314801750949023e+00
4.010031706064697943e+00
3.995853479020360144e+00
3.910603325785077633e+00
3.925423884566927590e+00
3.805917695087060348e+00
3.866190018690160546e+00
3.813029376967469464e+00
3.892211135821031398e+00
3.864176149677210681e+00
3.837317034384619241e+00
3.792972315241113002e+00
3.696277901015765810e+00
3.697694479738987017e+00
3.670852760732972619e+00
3.655349837508317989e+00
3.597130746019373326e+00
3.618112352252722541e+00
3.610799983593841578e+00
3.597924672477217811e+00
3.537468689323453042e+00
3.508390049398284471e+00
3.476441818190924238e+00
3.488685056602403911e+00
3.438664635052744778e+00
3.463213592115830686e+00
3.443088918576170609e+00
3.452305925329680392e+00
3.526436357082879614e+00
3.589076234499474882e+00
3.696349747265390562e+00
3.693160294006432309e+00
3.710171139958336362e+00
3.650206302809673176e+00
3.639649251040129041e+00
3.703617188106546720e+00
3.733723814382605699e+00
3.839463580860300151e+00
3.843977452017826479e+00
3.887033909408229349e+00
3.862564802680326537e+00
3.941917262828496415e+00
3.963400467101092950e+00
3.938505745269913927e+00
3.963084221932007711e+00
4.056155221166983793e+00
4.132684815484774177e+00
4.161315078595789529e+00
4.087196906496988191e+00
4.156138175929466883e+00
4.196393829560240540e+00
4.117490793142835059e+00
4.054846211174075066e+00
4.060050708558203603e+00
4.045779975464085965e+00
3.972017766224178015e+00
3.934215160250120302e+00
3.968853465429531990e+00
4.002448210456622135e+00
4.008482416269180781e+00
3.924783090147227593e+00
3.898215821056660868e+00
3.886983681267345947e+00
3.842626611812207660e+00
3.767845768115931637e+00
3.756679457408981460e+00
3.656876994243967172e+00
3.606273365660269903e+00
3.663628652043664946e+00
3.633581384745648624e+00
3.617361346313452852e+00
3.605929410143710712e+00
3.567818856822715379e+00
3.664486561015386279e+00
3.628439502974651454e+00
3.642997820473415249e+00
3.735869437160221462e+00
3.852874916367961422e+00
3.774952871515386832e+00
3.695150702955858346e+00
3.732307362128927331e+00
3.677552745507245202e+00
3.625044745920912082e+00
3.584339786404884709e+00
3.601356564987533648e+00
3.558517522676573286e+00
3.601424305221769817e+00
3.561878259743905595e+00
3.589305785897799694e+00
3.635644774519501521e+00
3.666117122649071192e+00
3.788533450430770610e+00
3.798612853212727458e+00
3.830179294517968902e+00
3.744265807025455306e+00
3.795218221076270382e+00
3.774392089693228147e+00
3.839349950486861562e+00
3.829796527791045069e+00
3.799792280629246566e+00
3.808021148386167454e+00
3.780922320234674228e+00
3.735881950666066320e+00
3.725166528992612580e+00
3.778620127631820758e+00
3.835750112770964115e+00
3.877390387375877712e+00
3.964661164310038899e+00
3.946547834630599549e+00
3.923994074852061864e+00
3.953349251530958952e+00
3.935078826338436198e+00
3.837632843647204695e+00
3.862526004577208294e+00
3.815834027601582523e+00
3.835447481810350556e+00
3.869418055567044323e+00
3.882623303084525634e+00
3.825237325150635748e+00
3.872158701474681664e+00
3.893968111504011897e+00
3.916466244618891590e+00
3.877963304753240692e+00
3.878723350666545056e+00
3.898647986610274341e+00
3.858666677554830393e+00
3.839614877477385946e+00
3.817452202863274024e+00
3.866030264378088166e+00
3.848577560026327671e+00
3.871798595792712128e+00
3.889657455152745413e+00
3.817885096283542001e+00
3.869321415526038699e+00
3.887958753578116156e+00
3.924116611977883640e+00
3.851960632370761584e+00
3.988421071133289253e+00
3.858428991641407180e+00
3.938984318382035887e+00
3.909987021991929268e+00
3.871113085151870248e+00
3.879227838362766523e+00
3.843721786727062550e+00
3.921749712741575689e+00
3.902276444607780004e+00
3.896480236282386489e+00
3.885227858779842780e+00
3.809472946420960238e+00
3.839757523713502874e+00
3.812040580862906758e+00
3.830032604051486711e+00
3.792975109543465617e+00
3.792662561003429911e+00
3.816928575177772842e+00
3.698691743384014075e+00
3.739987899622646772e+00
3.702917917185532648e+00
3.760657261707534893e+00
3.709431626623096889e+00
3.721855562043418164e+00
3.743953088269261098e+00
3.690910588310090112e+00
3.765173031019204419e+00
3.731309917002411769e+00
3.734963671584395239e+00
3.696285278960012466e+00
3.629031672475956594e+00
3.649875649233287778e+00
3.606607203019248420e+00
3.538323475554463027e+00
3.542901488608571015e+00
3.543213335936000519e+00
3.593674885601198632e+00
3.596215766243572087e+00
3.678009822994051881e+00
3.632598170146251970e+00
3.610372926078551536e+00
3.606044384584141671e+00
3.617951689855795294e+00
3.644292109691014581e+00
3.563233414113445630e+00
3.602572034151273250e+00
3.472171180142560321e+00
3.506298157273638250e+00
3.475068030514030681e+00
3.515134122079197621e+00
3.576312542347404477e+00
3.569587572919855845e+00
3.552213459924876027e+00
3.544991578542900701e+00
3.562190610507501187e+00
3.597653456426611385e+00
3.616971929655825146e+00
3.608044436461418147e+00
3.663002760595666540e+00
3.691232055973499016e+00
3.638837340006195742e+00
3.667595370264771670e+00
3.647897856521995941e+00
3.573824610936024548e+00
3.629303494221317816e+00
3.646843117296753256e+00
3.618171079327223261e+00
3.592302337245098176e+00
3.669763378891746086e+00
3.685350059905185827e+00
3.656531195689480818e+00
3.763837993244372626e+00
3.772991774938670773e+00
3.795632704334272578e+00
3.772395219453414050e+00
3.780703798106827662e+00
3.776034811730850205e+00
3.778249605097684594e+00
3.785340356337304257e+00
3.735192336601787400e+00
3.786816160887096050e+00
3.758184338030121641e+00
3.737685721738340128e+00
3.705727065512562923e+00
3.672329285098633100e+00
3.690773624555674814e+00
3.672558420299617321e+00
3.636443849947150309e+00
3.727889241756932925e+00
3.709195307950778897e+00
3.787716449555762477e+00
3.832095190338492774e+00
3.838974800713019775e+00
3.750108430938454251e+00
3.749282869480575986e+00
3.849354448875878631e+00
3.764721603900647029e+00
3.751671461759459980e+00
3.750190988867578845e+00
3.782175638327272438e+00
3.727715401530903971e+00
3.760797628796999081e+00
3.742812012648098818e+00
3.737331617198643929e+00
3.835064920519606346e+00
3.690334811175006724e+00
3.724540818572673384e+00
3.763064489585064010e+00
3.849242759712994566e+00
3.806098844290675576e+00
3.782450458523770820e+00
3.766328121918061544e+00
3.781857863666347797e+00
3.703231777513888989e+00
3.697759064612503810e+00
3.667207781704666658e+00
3.678603822323141870e+00
3.709295053549299226e+00
3.726713256772783645e+00
3.756346397793382863e+00
3.732318683168199147e+00
3.681371470722514694e+00
3.671438635202283862e+00
3.624718023368746600e+00
3.585064773707772989e+00
3.562236270737431987e+00
3.533222203753728419e+00
3.539189528976590005e+00
3.529077193449986272e+00
3.516336146832250709e+00
3.585643452231849437e+00
3.557497342951265740e+00
3.488245279514758934e+00
3.468709738970298329e+00
3.519567228709306050e+00
3.609941878899831647e+00
3.592100787728770506e+00
3.546040997158528274e+00
3.562914138081518800e+00
3.567983607685466296e+00
3.507328375735402570e+00
3.484671690586992110e+00
3.503439492345448603e+00
3.464365538224596808e+00
3.411544522148986847e+00
3.409369364691563487e+00
3.512542693779069136e+00
3.503669815841649715e+00
3.585393151936669298e+00
3.621994065873691326e+00
3.630772973172087248e+00
3.704256525290928082e+00
3.673621942114256633e+00
3.720824302505505887e+00
3.624255525892301488e+00
3.667626167459739239e+00
3.762678132992000712e+00
3.855156697385083042e+00
3.837755618840894112e+00
3.792042957222349298e+00
3.798561039027433583e+00
3.852191845610860810e+00
3.917234444333039356e+00
3.883158083799136850e+00
3.861334519219016492e+00
3.927819345968987630e+00
3.935335880384287499e+00
3.891266436821081420e+00
3.941169268958813365e+00
3.895095302754407296e+00
3.856384365021318761e+00
3.814208573695249793e+00
3.854177400137834386e+00
3.807707465758630949e+00
3.848547335506639744e+00
3.907135861317882153e+00
3.847300930923447382e+00
3.890297557873131584e+00
3.801245081948285698e+00
3.943075708924856482e+00
3.913289765667401277e+00
3.908373316341935411e+00
3.927589545904157653e+00
3.962950850682978476e+00
3.984443077495432028e+00
3.898182593480147506e+00
3.843571947557061552e+00
3.851963098814946918e+00
3.938174269987148257e+00
3.912695301232482770e+00
3.937926701631367710e+00
3.876306556827050720e+00
3.866541759051044469e+00
3.881023181560619317e+00
4.036704020780406132e+00
4.112049215500360511e+00
4.178464286038264142e+00
4.144618100969016616e+00
4.149291117701207732e+00
4.127952230993783722e+00
4.020451605548290175e+00
3.979350700101227378e+00
3.962677747122738570e+00
4.002332498329354671e+00
3.974256703497355048e+00
4.050827284822760888e+00
4.037151687737296157e+00
3.989768749731816389e+00
3.906031569496306144e+00
3.811475138249868166e+00
3.862091062251294282e+00
3.922869572112963166e+00
3.950586953696713532e+00
3.886474204072753125e+00
3.917560340440471744e+00
3.952342236405219644e+00
3.905926906139430166e+00
3.880207099943637772e+00
3.933120167039810156e+00
3.810653295197631962e+00
3.731965751795825348e+00
3.635505022044480228e+00
3.659543364299381984e+00
3.627780544228571991e+00
3.614446381049673196e+00
3.698430825452664106e+00
3.689507460958020513e+00
3.699661911178916185e+00
3.705866202631877382e+00
3.507329326525291613e+00
3.395172190184381655e+00
3.361827203859854230e+00
3.344652248073469281e+00
3.367131099492637780e+00
3.425811646671153010e+00
3.448832879054272382e+00
3.390950679573367932e+00
3.292057381025168095e+00
3.303852774079299337e+00
3.232289049656965840e+00
3.184375026267908027e+00
3.282489319779620551e+00
3.320738537767196963e+00
3.294880290561300384e+00
3.350318768865974572e+00
3.423470888132683410e+00
3.524723895224416204e+00
3.517817861087741083e+00
3.588688970307396087e+00
3.543300538295576896e+00
3.581851721286544166e+00
3.653200506268039049e+00
3.635810821694093864e+00
3.621163621548042055e+00
3.824567319440135282e+00
3.835003142080164906e+00
3.876407977387268833e+00
3.921804775942573151e+00
3.842251846336501853e+00
3.892099951063950680e+00
3.793403115813973159e+00
3.826498119296300793e+00
3.927714568158473529e+00
3.837316069097576943e+00
3.877907566899647218e+00
3.837084482386202477e+00
3.749726324652101983e+00
3.696141357978470321e+00
3.678994837477981950e+00
3.686667426120333158e+00
3.616720367524944191e+00
3.638754249616212633e+00
3.672821033782251554e+00
3.584927052900357847e+00
3.564209548819341489e+00
3.494523274597157947e+00
3.477253643753890788e+00
3.517359683685436611e+00
3.579312367324001709e+00
3.525676267605222680e+00
3.590763012719824232e+00
3.537971968311961479e+00
3.505166170977237705e+00
3.612391017862764286e+00
3.626030492056028010e+00
3.648007324134189489e+00
3.670600468447362097e+00
3.659574369533557636e+00
3.763704588241158611e+00
3.818893647647051637e+00
3.889223572698862430e+00
3.895200770945224100e+00
3.924829833216787467e+00
3.895410307757646073e+00
3.894670651261288530e+00
3.917112022716285225e+00
3.917381278370962061e+00
3.866477471083408002e+00
3.878875710297933654e+00
3.918485867678845658e+00
3.949887500018761433e+00
3.927652532891243720e+00
3.914864440468737605e+00
3.919655550149895529e+00
3.961984296875689093e+00
3.937018618282677629e+00
3.829880827570617097e+00
3.858772238658518816e+00
3.818219621850618140e+00
3.747239186748950512e+00
3.729431469312248115e+00
3.743656266147108003e+00
3.682850666725908440e+00
3.624863099647788189e+00
3.617013177735942886e+00
3.571971131637188268e+00
3.564207529783900874e+00
3.582416756278808290e+00
3.629399755180174658e+00
3.473614763245478798e+00
3.509449501365710766e+00
3.465225281872953200e+00
3.503331367549966213e+00
3.558183072329188956e+00
3.545812744116901616e+00
3.578391677075481780e+00
3.607015263688079898e+00
3.539972276903517123e+00
3.502761318148773118e+00
3.366711951403748238e+00
3.362273473115082734e+00
3.418180172262895500e+00
3.366597719816668111e+00
3.395166983857304199e+00
3.451138848955918270e+00
3.510461131263372447e+00
3.489518060046845171e+00
3.492214584364242036e+00
3.501648466298435736e+00
3.521134126788694640e+00
3.604171977557333317e+00
3.609996347270476580e+00
3.630802104761210902e+00
3.607728874408054232e+00
3.771614924863701201e+00
3.771893641580951861e+00
3.721029084822534472e+00
3.684285210536784927e+00
3.657171314390842642e+00
3.698591085349406171e+00
3.662569931519351840e+00
3.607176742814612425e+00
3.683213461382092380e+00
3.730334874616205720e+00
3.904213444198976646e+00
3.910337423433835280e+00
3.927193402112556964e+00
3.987734063966534404e+00
3.987974339857235595e+00
3.970533520568860997e+00
3.853072936156579420e+00
3.779031988696350375e+00
3.792005091056731114e+00
3.811586855521822415e+00
3.709562317161196887e+00
3.584257383877208714e+00
3.657589826218113238e+00
3.555735904761921251e+00
3.533727775500050683e+00
3.471766738165356969e+00
3.387200804973017121e+00
3.364096549346677456e+00
3.353412019432227442e+00
3.268082023628801736e+00
3.195402909756816179e+00
3.143449644247920727e+00
3.099974145926455371e+00
3.080623949040782072e+00
3.022936644223728653e+00
3.001010503414220931e+00
2.997174886857346898e+00
3.049379653818490077e+00
3.007905562468435878e+00
2.984408572993418662e+00
2.987602286564184695e+00
3.034142195307496959e+00
3.068872273594642319e+00
3.133150619077382792e+00
3.099594052131598332e+00
3.136376652149988953e+00
3.194039321049418678e+00
3.164511994855104593e+00
3.241663504107687555e+00
3.288098481837385734e+00
3.377012868528795675e+00
3.467308423179387145e+00
3.506543778601844075e+00
3.481498456353614213e+00
3.552512623714831008e+00
3.625561732723870279e+00
3.663878554188246817e+00
3.724191318216275359e+00
3.750769356832186929e+00
3.757975205684711995e+00
3.751215361829929318e+00
3.809248728010278473e+00
3.796445526178185315e+00
3.841935539658933418e+00
3.882054640996393857e+00
3.867668598328708462e+00
3.916414504874057734e+00
3.922027173775470388e+00
3.927252112823981012e+00
4.010047192531465576e+00
3.996281406479014642e+00
3.963740179966908528e+00
4.011538271815361156e+00
3.932402261531890542e+00
3.881169881307700020e+00
3.816145671285608998e+00
3.766352848471478332e+00
3.814359810525122629e+00
3.876897960800254506e+00
3.851718014131220613e+00
3.776394274856031519e+00
3.679729998248073564e+00
3.732083478839177459e+00
3.698292921192690930e+00
3.750583225209743077e+00
3.727685789579658682e+00
3.679085647013497162e+00
3.643224593767635522e+00
3.618742183855326644e+00
3.534129188952809475e+00
3.544096466809520951e+00
3.530843959611535965e+00
3.549098482648866071e+00
3.506992357259191007e+00
3.482230643918446056e+00
3.479127229889331208e+00
3.537118433087377056e+00
3.553496976550982733e+00
3.591032977645995494e+00
3.597650932370470844e+00
3.626529766731245275e+00
3.665253828758073595e+00
3.641090801445804992e+00
3.543032232532124404e+00
3.618552023213115199e+00
3.681938468166271239e+00
3.814041756330807331e+00
3.640148039409019542e+00
3.692680445621015384e+00
3.698045225208987929e+00
3.693222652542821116e+00
3.742475929702901549e+00
3.796512304417179795e+00
3.836523325103580184e+00
3.837037407615317086e+00
3.828971703650749792e+00
3.820216923655285424e+00
3.843916761316937158e+00
3.897345907420536104e+00
3.950449422903590690e+00
3.966468410713495985e+00
3.916231452954229919e+00
3.916634158476624439e+00
3.926009050683819002e+00
3.928984683470395201e+00
3.960387629224644268e+00
3.955458848604354927e+00
3.955675855366221239e+00
4.009510100910789632e+00
3.961981204565764081e+00
3.957788882163765898e+00
3.952613417960692210e+00
4.077639797844302194e+00
4.072677836608225022e+00
4.028171508491898756e+00
3.998230146117387473e+00
3.965857438670283841e+00
3.931079584797610327e+00
3.965527033964865389e+00
3.993711503756864456e+00
3.954013368579918808e+00
3.934882732895407464e+00
3.881774779973973466e+00
3.822749248209896589e+00
3.817949611976102720e+00
3.840386587094303028e+00
3.747725143804586878e+00
3.730155366429535047e+00
3.751437167268478312e+00
3.740025804078175753e+00
3.703971532549024115e+00
3.712782586010865415e+00
3.707602162888114172e+00
3.815265758413639130e+00
3.876706819664662351e+00
3.700417280531572928e+00
3.658336011023559209e+00
3.657096269517730924e+00
3.593264427330774780e+00
3.623088095932272434e+00
3.648911149253236896e+00
3.645291866928562552e+00
3.631876820116227922e+00
3.612930393701980769e+00
3.563877713383642121e+00
3.606671473802089967e+00
3.562362040845539646e+00
3.583375316871091343e+00
3.572531940512225557e+00
3.503475481083877963e+00
3.503657027382309330e+00
3.573800955548943836e+00
3.516634692701301468e+00
3.503918979694413682e+00
3.507611505047893985e+00
3.503785620768411047e+00
3.402005596243196539e+00
3.380953671772515268e+00
3.327545072613371069e+00
3.232251130816403251e+00
3.409146264582168406e+00
3.359332765710592028e+00
3.365473471014722939e+00
3.359218127594962855e+00
3.289564730121937508e+00
3.304504192427770271e+00
3.217994201552996092e+00
3.230827605299362748e+00
3.201123096793678346e+00
3.253157740701239753e+00
3.223277198404718380e+00
3.254289056156427051e+00
3.238245075015056873e+00
3.198686487367680797e+00
3.218946482683580523e+00
3.187848042054661324e+00
3.221588006569871876e+00
3.224847518556636317e+00
3.207036796418188285e+00
3.167838633197171738e+00
3.160274127868414773e+00
3.216965905426499184e+00
3.254505841926272236e+00
3.233294566599159481e+00
3.277153249681065805e+00
3.217418877805882982e+00
3.317985245695739938e+00
3.352632862001852843e+00
3.416384557348808304e+00
3.461411050705347936e+00
3.484847412282530144e+00
3.579157612919110054e+00
3.594435887848087319e+00
3.596704546176535011e+00
3.575261750781517200e+00
3.598708930696076003e+00
3.623120884584392964e+00
3.573677570022888439e+00
3.621055924143074645e+00
3.564166653826337683e+00
3.646311147553686904e+00
3.600362329149446428e+00
3.684566323439001589e+00
3.703239933068249279e+00
3.796167134031048995e+00
3.696681879123553838e+00
3.665455221381813899e+00
3.664215026667674735e+00
3.653904333004093452e+00
3.658884666833031929e+00
3.725949504303625925e+00
3.670519324142884177e+00
3.689092061500858222e+00
3.658233067949095307e+00
3.645805587924845437e+00
3.622222838290184654e+00
3.596257676812584680e+00
3.637263109882545642e+00
3.680379379998947265e+00
3.734834695049585207e+00
3.704000303503482971e+00
3.681419675932054325e+00
3.799741381676648544e+00
3.753312496766652018e+00
3.802943556520217872e+00
3.695703731534952574e+00
3.752677921653648774e+00
3.718798684048720382e+00
3.668400562970201229e+00
3.696904297260770633e+00
3.774340748317329020e+00
3.824324888889911289e+00
3.810546165837005006e+00
3.858190418715575998e+00
3.783069244590902436e+00
3.806286537307670415e+00
3.820451716620569815e+00
3.814037663825581514e+00
3.832175351108027428e+00
3.845435653554695410e+00
3.887749960544307548e+00
3.870059866218673150e+00
3.836053839996206527e+00
3.824841836839961928e+00
3.804955050375119274e+00
3.881848295142856564e+00
3.913057922094550722e+00
3.916413115416470525e+00
3.994572903673633490e+00
4.019635603736462670e+00
4.131302090263269555e+00
4.132447621356074130e+00
4.184714745110998280e+00
4.175052534905050017e+00
4.118303875576758699e+00
4.201166103375862271e+00
4.225444467825405503e+00
4.299141329494136521e+00
4.308880057220670245e+00
4.400537762769869410e+00
4.264459624083960954e+00
4.239718066718736189e+00
4.088379093243945661e+00
4.139091838266377721e+00
4.059600532907747805e+00
4.074066065672121262e+00
4.073735890048816088e+00
3.976080349181078777e+00
4.015288190938295365e+00
4.015608738617723716e+00
3.906039052341271578e+00
3.933890551049571194e+00
3.900895029090115429e+00
3.808299355835336186e+00
3.759371096710482085e+00
3.778326709547340290e+00
3.728722341143860142e+00
3.713277196167908745e+00
3.731509515468539373e+00
3.782515691679081637e+00
3.786652756369635942e+00
3.764799470417942828e+00
3.765525676742938810e+00
3.707302568662882880e+00
3.667405688857069190e+00
3.710663273152025710e+00
3.680721655679359383e+00
3.824910085753184585e+00
3.826969039581717080e+00
3.894228074858825384e+00
3.851288174034599443e+00
3.901663789882213074e+00
3.953298199012715397e+00
3.910003570578337584e+00
3.928299087492904462e+00
3.980652213446711496e+00
3.880517560212321637e+00
3.799172959732919796e+00
3.906966867705874868e+00
3.897014248349387699e+00
3.795011932179299663e+00
3.782618049834563401e+00
3.722845774429122567e+00
3.761863655386698646e+00
3.704191511705815287e+00
3.701403293378532133e+00
3.635595669171086897e+00
3.572119751504439389e+00
3.597558057801541143e+00
3.637732797681761276e+00
3.695801528692943538e+00
3.800309507651600693e+00
3.764902680689599102e+00
3.719025813042008188e+00
3.668562483933389018e+00
3.705970316897269967e+00
3.687889209029020954e+00
3.703660553591439086e+00
3.701884443916538370e+00
3.659802275221371914e+00
3.689839264727797552e+00
3.792077140679629643e+00
3.725910189744805479e+00
3.632588372005600252e+00
3.638151502260602133e+00
3.666133435564319143e+00
3.697452562881151650e+00
3.723710608684634327e+00
3.737757404198470912e+00
3.784471799874919107e+00
3.678528437532825102e+00
3.713352556283401551e+00
3.662489523688888582e+00
3.686280307339613316e+00
3.681433212627584162e+00
3.642106135242828557e+00
3.643462698164004365e+00
3.571814141663982589e+00
3.539513935485222973e+00
3.550729310274414185e+00
3.511040585237050315e+00
3.428719240576707517e+00
3.454489535665736799e+00
3.426784895016213195e+00
3.498214074240765914e+00
3.383258534900829950e+00
3.363179086638840243e+00
3.455237059877546812e+00
3.563782338131908922e+00
3.596212152351272895e+00
3.625190191408735441e+00
3.643355639636648213e+00
3.664603689482838877e+00
3.642737502453802456e+00
3.581968533669189991e+00
3.576865047196348790e+00
3.611450391929433845e+00
3.684674188263826089e+00
3.713106599370310512e+00
3.723901623717864151e+00
3.748848364580513515e+00
3.709774895323462829e+00
3.722081101379625334e+00
3.758409771093744300e+00
3.787392136157438749e+00
3.737974865178814721e+00
3.838378483193450652e+00
3.827346349782750234e+00
3.852942414203587962e+00
3.700857097072713486e+00
3.812877039700259818e+00
3.797053858146181238e+00
3.865934628270785378e+00
3.822450879729713868e+00
3.771894723782526881e+00
3.763515225425131394e+00
3.763551874781417617e+00
3.685858840377804313e+00
3.657046990208040693e+00
3.682043389395831312e+00
3.743816161761611028e+00
3.696068858049471828e+00
3.678157798166862946e+00
3.667746234845187470e+00
3.632935951407772368e+00
3.606464603720779927e+00
3.591094678121447004e+00
3.631957815935048295e+00
3.651015381332459508e+00
3.658588489930125753e+00
3.721695219782422903e+00
3.719084002308153281e+00
3.683443264619989943e+00
3.668853198490702905e+00
3.775682837760053534e+00
3.795076900761288563e+00
3.817674902168287421e+00
3.744776637278579123e+00
3.762415991652859226e+00
3.779353858113518871e+00
3.704423623780213948e+00
3.695780476008087234e+00
3.731232648910373317e+00
3.791567718538147780e+00
3.757044906480355273e+00
3.776034491635408052e+00
3.838190763123631832e+00
3.849750384932427050e+00
3.830055425643171585e+00
3.889400508040250060e+00
3.885094019025250756e+00
3.884505678663374262e+00
3.873754089628088870e+00
3.861126319483292768e+00
3.860014313369218630e+00
3.765894366254553649e+00
3.638753069779452787e+00
3.662433305956973584e+00
3.624794136142223788e+00
3.610305516183700991e+00
3.564278733977333413e+00
3.581078639089533944e+00
3.645834002600432111e+00
3.547863303605623297e+00
3.651356842090546895e+00
3.774136528127475909e+00
3.765977878520200495e+00
3.781652892637636487e+00
3.745295036839476843e+00
3.798293365860732962e+00
3.829713387656584533e+00
3.809628493347444689e+00
3.779427539650195289e+00
3.718784539062740091e+00
3.675059728789001223e+00
3.671955898527293982e+00
3.681154540446994972e+00
3.682964835975206075e+00
3.664545536880615018e+00
3.714850136395391189e+00
3.828799102595471293e+00
3.935104644833458121e+00
3.941784358376942965e+00
3.989231155042884502e+00
3.980116481788894767e+00
3.976767914600857878e+00
3.976259244246933111e+00
3.924695431714570582e+00
4.007225458507431171e+00
3.948018009342941337e+00
3.826258628848445476e+00
3.835609697131153517e+00
3.835670455389800892e+00
3.825846101039552138e+00
3.868995857521550619e+00
3.759188504088756932e+00
3.702920226500563405e+00
3.712998291740845058e+00
3.747171052229455679e+00
3.705442005122083327e+00
3.593649207183305716e+00
3.608535262792093690e+00
3.589700588566744788e+00
3.625516078968380018e+00
3.553175957340088065e+00
3.505233308758350486e+00
3.508626342156357936e+00
3.506888727480188983e+00
3.517645859834125588e+00
3.533733539816066305e+00
3.560566506720256097e+00
3.551254349333363702e+00
3.538676940097729595e+00
3.517183723937862716e+00
3.557122350330546467e+00
3.599213554972704010e+00
3.572139546930872100e+00
3.539663009213090739e+00
3.512927379580260467e+00
3.508899264907001658e+00
3.542775601123646201e+00
3.581210150792141889e+00
3.587420680727219313e+00
3.595955739743494028e+00
3.573350795378475997e+00
3.692031517530539819e+00
3.654373584826660526e+00
3.688239380450593519e+00
3.648143475544798342e+00
3.637189434158092816e+00
3.610133665555852467e+00
3.610582041883971360e+00
3.476162517037603372e+00
3.473639511650057798e+00
3.430465563794641071e+00
3.455264626493958602e+00
3.434256537106421980e+00
3.461334300816788279e+00
3.485886226782383801e+00
3.467029774425570476e+00
3.513948718153259154e+00
3.560703876404875512e+00
3.574891682761633049e+00
3.666266512681963352e+00
3.596130702317057004e+00
3.613065223448189922e+00
3.623336502748184529e+00
3.663276227791477879e+00
3.662251628640066592e+00
3.706296006499575579e+00
3.655746682657981417e+00
3.674435502389258090e+00
3.662514226033585896e+00
3.662148115893124611e+00
3.687341443882796721e+00
3.765688403513935079e+00
3.755345314510389443e+00
3.863993828234304928e+00
3.850373053696674042e+00
3.915181605097428186e+00
3.862327334418130587e+00
3.810154148888014181e+00
3.822046484483796913e+00
3.829457340041258373e+00
3.756654591958530798e+00
3.735984564523455287e+00
3.652289595331434047e+00
3.640814425466654569e+00
3.605364413936534174e+00
3.650805031468742801e+00
3.592455221771602591e+00
3.544765980653358906e+00
3.493754834674482446e+00
3.529832145146552413e+00
3.518505166720131694e+00
3.548695471212894414e+00
3.556643420104286690e+00
3.559011616263424660e+00
3.553720034426580021e+00
3.525765339859455949e+00
3.460097431811181234e+00
3.471828680588507687e+00
3.472961669124447592e+00
3.482272600519502159e+00
3.434887268839244889e+00
3.422035171441017987e+00
3.462245572361043244e+00
3.385198656205080425e+00
3.379658226502209040e+00
3.460352785255428110e+00
3.500840386483437872e+00
3.579968382565980267e+00
3.594482769427489899e+00
3.630561919224553513e+00
3.561077680746207452e+00
3.617353169002978319e+00
3.632458492024926322e+00
3.650306003334830685e+00
3.491465506863216550e+00
3.569231199183310110e+00
3.546943030680059117e+00
3.545114243871812842e+00
3.542631232717447620e+00
3.547538244357873793e+00
3.569136035782113137e+00
3.563751994681670698e+00
3.585680329166937241e+00
3.655160392591181306e+00
3.658430066923662238e+00
3.742898964206321732e+00
3.739325701465510576e+00
3.764094709654645765e+00
3.858941684644701109e+00
3.848142251999052910e+00
3.764034376558322847e+00
3.748003256266964289e+00
3.707019705322343484e+00
3.723520221007060371e+00
3.601379388629448286e+00
3.683875239128155066e+00
3.729437815685366253e+00
3.757280158838649076e+00
3.676060179125366645e+00
3.828290762163514493e+00
3.710789595005992592e+00
3.756533458158588079e+00
3.742401621048334626e+00
3.762799592760479594e+00
3.811475045521350413e+00
3.788214950328481212e+00
3.817457258263130537e+00
3.804914632948585229e+00
3.761504158190312364e+00
3.729391072560203746e+00
3.606085527011129166e+00
3.577961615928602512e+00
3.555269236964340163e+00
3.409405555184044090e+00
3.453974349031185831e+00
3.426148509569238332e+00
3.441774177545910085e+00
3.412348345240595826e+00
3.382658646401710545e+00
3.420715059443031780e+00
3.376705319980838116e+00
3.319001280234811446e+00
3.318980544453762338e+00
3.314531064292351559e+00
3.276324893448080644e+00
3.319222132644461531e+00
3.307656055796409422e+00
3.261953981163715710e+00
3.233450564682751605e+00
3.147560864236175426e+00
3.106560472019809893e+00
3.144114657818740444e+00
3.043910624740726156e+00
3.017765803986193873e+00
3.009197321849152562e+00
3.017454321678000984e+00
3.010554985340148093e+00
3.005031850638798741e+00
3.046796028262084732e+00
3.007752407297882069e+00
3.031134031716373745e+00
2.925658926347943556e+00
2.934306131369093684e+00
2.959277925813743160e+00
2.925139005090406030e+00
2.901687964940413256e+00
2.872803744400525439e+00
2.875611860406394271e+00
2.842115226047234433e+00
2.846790455759614424e+00
2.849208524060856451e+00
2.875590723198421905e+00
2.911021158486394089e+00
2.896779978064880634e+00
2.909505700594902766e+00
2.927543211317624294e+00
2.902103349872886096e+00
2.998912494089862157e+00
2.936359040599796799e+00
2.968796900568453800e+00
2.988196658903397029e+00
3.061212240244848726e+00
3.054998066966528647e+00
3.122226110915104602e+00
3.145327429149332943e+00
3.172214386372601780e+00
3.266521935323754455e+00
3.263461934837434075e+00
3.231246001317889416e+00
3.226791069343426521e+00
3.226178142601894727e+00
3.196921053479292674e+00
3.189802626653480910e+00
3.271640415792088419e+00
3.330003280315169789e+00
3.317376920186435374e+00
3.342954980216369165e+00
3.339278698802133238e+00
3.339761037297435120e+00
3.370155282080074421e+00
3.436036005252621983e+00
3.421684650676737327e+00
3.413762874326921715e+00
3.492907719990229864e+00
3.501524531407172791e+00
3.530931552894291059e+00
3.480561639686302833e+00
3.563758920388871765e+00
3.558945177487183198e+00
3.590169970148426426e+00
3.538727729979182168e+00
3.535548460451576780e+00
3.614937101646275686e+00
3.650071647354658388e+00
3.735698096342062513e+00
3.722346600286404517e+00
3.836253586133480997e+00
3.827822667660198519e+00
3.917746760547254681e+00
3.846651298847040934e+00
3.899783626584981899e+00
3.870959619981789945e+00
3.910428258047433214e+00
3.958883888613999424e+00
3.944670527491330514e+00
3.983415244075513062e+00
3.975021033069693566e+00
3.997132997661755560e+00
4.002927121613849337e+00
3.937887704478728601e+00
3.942287472436597717e+00
3.884374120126612873e+00
3.873140180596886140e+00
3.871548707274490297e+00
3.829246741788294273e+00
3.909382641116401658e+00
3.943185973656512466e+00
3.891000623301357653e+00
3.779111910201360391e+00
3.786816002643894397e+00
3.883442199357579394e+00
3.858506890317852545e+00
3.816193132765652418e+00
3.657983541999133337e+00
3.716249957794276693e+00
3.596511796208400114e+00
3.596141731615979165e+00
3.525752291905129177e+00
3.543284449634390043e+00
3.540005865421417930e+00
3.510945638941075142e+00
3.549261733313926470e+00
3.580239425373826556e+00
3.605394295739031474e+00
3.541556463539505373e+00
3.558835615328141966e+00
3.632922593721575666e+00
3.597891293908372479e+00
3.595329269162405250e+00
3.591461742697322101e+00
3.557782819854140577e+00
3.550960384012229465e+00
3.591990596147963899e+00
3.643701887659784866e+00
3.625880719234424898e+00
3.595378138751061936e+00
3.601200341417342798e+00
3.606581463560166068e+00
3.648024567418864716e+00
3.591093678629582175e+00
3.676851403461225853e+00
3.714389170617195202e+00
3.726109907473195371e+00
3.732078199636286175e+00
3.768369931535270112e+00
3.676847160078612564e+00
3.677826477176877606e+00
3.542982845780821233e+00
3.515103194478391924e+00
3.617446377537671953e+00
3.590902777568900195e+00
3.555295268637642447e+00
3.513026385067954838e+00
3.511425104314413570e+00
3.489986432711361442e+00
3.439196606851079530e+00
3.431104971929760161e+00
3.415849902071578015e+00
3.426371812238523606e+00
3.435835126434626741e+00
3.460129124484248031e+00
3.456959800051103038e+00
3.396441829027303072e+00
3.448069321666213494e+00
3.470954305468681333e+00
3.506831960679095861e+00
3.480427605515315381e+00
3.533071266936454791e+00
3.511403477456904731e+00
3.449398569048457208e+00
3.487878105902251225e+00
3.472630381712564773e+00
3.524793833475690974e+00
3.601366282552484588e+00
3.621936591034712993e+00
3.576459637662580349e+00
3.640200926403226678e+00
3.623275234184422988e+00
3.578213402831206480e+00
3.648548275639547533e+00
3.684294843156341148e+00
3.728592406969282624e+00
3.716411602303422157e+00
3.720847707881542288e+00
3.705940406355501260e+00
3.704028347311722591e+00
3.746853918854998522e+00
3.838508146762547035e+00
3.813217622864738754e+00
3.752106081103967483e+00
3.734043133486975918e+00
3.717859028125039433e+00
3.759977620954655375e+00
3.736084779944705669e+00
3.833763593695497907e+00
3.827533186476791638e+00
3.825691467921483735e+00
3.834850626946224139e+00
3.694165390013925965e+00
3.624919343940880445e+00
3.622595113191554805e+00
3.566922328024636712e+00
3.611178579486161055e+00
3.660342529890873386e+00
3.612037530031669608e+00
3.664069467475479680e+00
3.585219045773782476e+00
3.563476617674105729e+00
3.586914335757827477e+00
3.551100929331105327e+00
3.545915847045374658e+00
3.431732639662016471e+00
3.414269209235906377e+00
3.461397627587327719e+00
3.469887655730023113e+00
3.438346841623114880e+00
3.460589501221542186e+00
3.423919502244050950e+00
3.465977803660448942e+00
3.395861620180006035e+00
3.421680065531573334e+00
3.345954815453487274e+00
3.397799074335273950e+00
3.422593369430040333e+00
3.479524352339756543e+00
3.507561760496778369e+00
3.504449209644278973e+00
3.528343460453990055e+00
3.584497602559538532e+00
3.540364317575367181e+00
3.465610368898546234e+00
3.508684471858451559e+00
3.551476804801673381e+00
3.580460036793943868e+00
3.607104834499192503e+00
3.646640504908831293e+00
3.715949185431024926e+00
3.791674816766632983e+00
3.796959308451727910e+00
3.794357325958064298e+00
3.786777844740594645e+00
3.676346280952393020e+00
3.718454952399446789e+00
3.657513643244644452e+00
3.752110950276470014e+00
3.780916871123933376e+00
3.915691066623235628e+00
3.759351296730313319e+00
3.770548792929922843e+00
3.718511220586392163e+00
3.719036944893178820e+00
3.722042282620908971e+00
3.639151913534858007e+00
3.541825243608322626e+00
3.519469945454162474e+00
3.562664975192192163e+00
3.532638272633112031e+00
3.424096937007341079e+00
3.355156975707217715e+00
3.408598594005458615e+00
3.386367946801639217e+00
3.413111220375260046e+00
3.370765779053555455e+00
3.286283546564916946e+00
3.270576257932888975e+00
3.291039341249787586e+00
3.389193793792037113e+00
3.369277076433265350e+00
3.420151026291852858e+00
3.310426437927576959e+00
3.326364879159613874e+00
3.298280746046990952e+00
3.460993041501064127e+00
3.553837472269861575e+00
3.535901699834814060e+00
3.523172584648026184e+00
3.478770413678133888e+00
3.555735485787116623e+00
3.564911995699786562e+00
3.610488885965640105e+00
3.610060469277194262e+00
3.585673540182261032e+00
3.719826756116596300e+00
3.742666600985378178e+00
3.687995606296693651e+00
3.640571899515734344e+00
3.587928848351804145e+00
3.626127627803318099e+00
3.637352961849463551e+00
3.737613002256927608e+00
3.747102380638760000e+00
3.685999389523130443e+00
3.654133457006331298e+00
3.663350073822851716e+00
3.734989664804914788e+00
3.732054534828069148e+00
3.654344162597563450e+00
3.596226863933982720e+00
3.455578051374147641e+00
3.527534786491855368e+00
3.531441746000432591e+00
3.552449547679264796e+00
3.494105904541083163e+00
3.511812921703415302e+00
3.546006737215575022e+00
3.553936047565881218e+00
3.581745704804998987e+00
3.536331042410131520e+00
3.563011665196250899e+00
3.580132783621008397e+00
3.582749888533751648e+00
3.629909098977346815e+00
3.612223761524802068e+00
3.617156507082702976e+00
3.567289700407690223e+00
3.612311727674617945e+00
3.608009212935540777e+00
3.576494633418807467e+00
3.572478283041636615e+00
3.603583339194777579e+00
3.552613789313328940e+00
3.632311430597389812e+00
3.676500254992280503e+00
3.785108389103423399e+00
3.755427159954661143e+00
3.850862816727520066e+00
3.922802929434340946e+00
4.013445128265895612e+00
4.044822723183838953e+00
3.973695299348367627e+00
3.984472452339438586e+00
4.013187058240572647e+00
3.995514429671019219e+00
3.976921124058909296e+00
3.982409732249235557e+00
4.016618860563428761e+00
4.003755086085913462e+00
4.005230132005570987e+00
4.102770848726641439e+00
4.104475098096414420e+00
4.058743423577010567e+00
4.120081741730096780e+00
4.189104344256793233e+00
4.207208019409756083e+00
4.175742543588444988e+00
4.241776265565044390e+00
4.244322062402172691e+00
4.256715674674008909e+00
4.240807148624481826e+00
4.208479352630178028e+00
4.174250693017611091e+00
4.176163784219112607e+00
4.184476497441968590e+00
4.043489478223870393e+00
4.085093610429184174e+00
4.095717573445109672e+00
4.019906105309077660e+00
4.077686846596613179e+00
4.122208764952890903e+00
4.130668857674204553e+00
4.142976366420582757e+00
4.134782511962274754e+00
4.090790740774257195e+00
4.076162671850981134e+00
4.050295440515773393e+00
3.997971937769983164e+00
3.962218758521073969e+00
3.892553609103599044e+00
3.854005849826524166e+00
3.837421640702880499e+00
3.778217378357596523e+00
3.809157428049385619e+00
3.787565897958405259e+00
3.756881890159087245e+00
3.773456677237437162e+00
3.610017598069025002e+00
3.527727061266841435e+00
3.520692429400509749e+00
3.628406916223913647e+00
3.632192856562220129e+00
3.613344715481947578e+00
3.564489025374414144e+00
3.565748118408390344e+00
3.522642629661251412e+00
3.518333243756339712e+00
3.556646084811678765e+00
3.576188309848445268e+00
3.546871344333626386e+00
3.461022251083524903e+00
3.537748064763838851e+00
3.594375955019114777e+00
3.583433022483011321e+00
3.674630694173053769e+00
3.622002308340865007e+00
3.582883098819624745e+00
3.583189311155651868e+00
3.545068809672343058e+00
3.527708585428687815e+00
3.563385634500125576e+00
3.580683095461424159e+00
3.724996815134795192e+00
3.850412235270401329e+00
3.807007351513467253e+00
3.789928252837578171e+00
3.717900485910505815e+00
3.740518290769758725e+00
3.860975657323777011e+00
3.725099199506090031e+00
3.786248888735504359e+00
3.834130787762406900e+00
3.757860480344418441e+00
3.769523226840929109e+00
3.810621491905632485e+00
3.848633053407970017e+00
3.883435078617484049e+00
3.836434158913043291e+00
3.901494592270995376e+00
3.910496952418728522e+00
3.965759688028506424e+00
3.999558667409260693e+00
3.941627304540139320e+00
3.987600531980810104e+00
3.965710757320234592e+00
3.907432708528959520e+00
3.920539365552970779e+00
3.900456022525683242e+00
3.830458001552252245e+00
3.859612810986807308e+00
3.787695648177908492e+00
3.811437538059662344e+00
3.799535217671082599e+00
3.699712035121959453e+00
3.825375242992406832e+00
3.746420240422737358e+00
3.691396094059562039e+00
3.698850010931359567e+00
3.656475929373624201e+00
3.645942472078182117e+00
3.663740542033598224e+00
3.641658029304897237e+00
3.682344276231956037e+00
3.588862590697527999e+00
3.602864442344626106e+00
3.594565236336225045e+00
3.628658236451865804e+00
3.683809493804168778e+00
3.638391484810065357e+00
3.567967745738924279e+00
3.569342622170908363e+00
3.564964946015721114e+00
3.607841703686387458e+00
3.603082692798865061e+00
3.527206397231873236e+00
3.531344030048259697e+00
3.521879276235330369e+00
3.516185255724414205e+00
3.481585087722355976e+00
3.449982456340668246e+00
3.435381442788699058e+00
3.384479517923047354e+00
3.412264641523925945e+00
3.439435036793575762e+00
3.413717718540887791e+00
3.422850312637554016e+00
3.397986016226494765e+00
3.384473109771441557e+00
3.466935578025504228e+00
3.354503187961918265e+00
3.359980800693476155e+00
3.351910856782490900e+00
3.398569716538353713e+00
3.360406988045597121e+00
3.465891412169416430e+00
3.501951006462707738e+00
3.503188587017386002e+00
3.506963930650988104e+00
3.533680985770833338e+00
3.610599637817109020e+00
3.676838815501096924e+00
3.759012877333564262e+00
3.764929415859469941e+00
3.886811528092392720e+00
3.863380558633775497e+00
3.882959132273660519e+00
3.934253638515462281e+00
3.876893544421006421e+00
3.837182392263974062e+00
3.874099452458824366e+00
3.883407941953963327e+00
3.893383688961478128e+00
3.913810735279464659e+00
3.808822666973424198e+00
3.729365146228909467e+00
3.722734907349082967e+00
3.741562265509750240e+00
3.708642133737870328e+00
3.743450866678810218e+00
3.673855714951610452e+00
3.599007304074837155e+00
3.604588179687203020e+00
3.468782900633195165e+00
3.495304504645769139e+00
3.396728694966572704e+00
3.414150455123997396e+00
3.356077787797472567e+00
3.344789118548833429e+00
3.347286175665782348e+00
3.326623646711440951e+00
3.345569341216421577e+00
3.363819870611838958e+00
3.370962349352105925e+00
3.352877379724847895e+00
3.375610891523709967e+00
3.349009049946791716e+00
3.372451285231797602e+00
3.396573286487521770e+00
3.422009205633008477e+00
3.527347699998836905e+00
3.561720247180133470e+00
3.544180467758515807e+00
3.461052809376402362e+00
3.477199094610551100e+00
3.475173000157603553e+00
3.558466014286469026e+00
3.588720096509255164e+00
3.697263034890224453e+00
3.645830999963183938e+00
3.784498675607992357e+00
3.804198124448263663e+00
3.850831989866370986e+00
3.833754317996570737e+00
3.835461486745862736e+00
3.893497695422851290e+00
3.890506097846074596e+00
3.921119584539376035e+00
3.961463302131949415e+00
4.001902112842906867e+00
4.035360233672413699e+00
4.086121768237252816e+00
4.039202458942379614e+00
3.983786641163289843e+00
3.998571738516058183e+00
4.021214066007886778e+00
4.040546774134467611e+00
3.975584475716516408e+00
4.106366873391284145e+00
4.127687832585963612e+00
4.158494704815271170e+00
4.175354343698648663e+00
4.150792736949528106e+00
4.125571574597765689e+00
4.087072678197882780e+00
4.026902877767834177e+00
4.021265198503779281e+00
4.024792019150747358e+00
4.106562421153309828e+00
4.116886256468748506e+00
4.066554222210327474e+00
4.061064095704215227e+00
4.065821675039520855e+00
4.034269792704833435e+00
4.048668949013643825e+00
4.045182125562313047e+00
3.960280475498849651e+00
4.014078659711848296e+00
4.018109959052449831e+00
3.947821348720691681e+00
3.990175399160750924e+00
4.000124154883993199e+00
4.048028220977445635e+00
4.016671725516228975e+00
4.033765996836833345e+00
3.975109214954132053e+00
4.012242651423226114e+00
3.972318555387574612e+00
3.957272538601942280e+00
3.972443709749810647e+00
3.935243593583018118e+00
3.966095242108526264e+00
3.915783287500166576e+00
3.735086457444652286e+00
3.744743473128033351e+00
3.727793990955710512e+00
3.751130679800744439e+00
3.696859305298625387e+00
3.773475907355125170e+00
3.790116168906012994e+00
3.776220231213389233e+00
3.787941217561459961e+00
3.800503348546261151e+00
3.837523360357480762e+00
3.829162753438829281e+00
3.780189804870954351e+00
3.725946904366256973e+00
3.753993663968814065e+00
3.700279006403784710e+00
3.694237619466013367e+00
3.742663813427936415e+00
3.631900639649193518e+00
3.658175951411489102e+00
3.685791631921090605e+00
3.766670388165562766e+00
3.741682030136630033e+00
3.719424254184911849e+00
3.740991805261836944e+00
3.774377615666601127e+00
3.732082960451852838e+00
3.835835283806753537e+00
3.804283979750874956e+00
3.809644207256615456e+00
3.743591319491566871e+00
3.759048520088985157e+00
3.726353688836472777e+00
3.797652275032190605e+00
3.759046713474986756e+00
3.764271512547122889e+00
3.819406689681792422e+00
3.822295646428363280e+00
3.835109741904428660e+00
3.782058332694727021e+00
3.734262345433907893e+00
3.669854967505131071e+00
3.655502696129131923e+00
3.740732458308387187e+00
3.723045217063947199e+00
3.770482873516688649e+00
3.656271387093905645e+00
3.740787422597974032e+00
3.635374478871410187e+00
3.648125485470282925e+00
3.738039361666356974e+00
3.773227239714375791e+00
3.721385182307072270e+00
3.778346304568303005e+00
3.775660941051335318e+00
3.820431982555601902e+00
3.803925969574310173e+00
3.838273143969299195e+00
3.795215352683448007e+00
3.750207678945751688e+00
3.742130621302591553e+00
3.809899195128619187e+00
3.795615945994566420e+00
3.791623430251322091e+00
3.864072795584096109e+00
3.906251596387859681e+00
3.988288865487719992e+00
3.950473456842297448e+00
3.926660881148562154e+00
3.926956199130898106e+00
3.948137102952785860e+00
4.017776679628789260e+00
4.004161039641564557e+00
4.076238001966397739e+00
4.064158791058384068e+00
4.056406422290291580e+00
4.047166684283855176e+00
4.052388856580461329e+00
4.054184546613328166e+00
4.056169286898176018e+00
4.038837537003979961e+00
3.979998273928617714e+00
3.964738086199924183e+00
3.956820071463205135e+00
4.007109830250488614e+00
4.020701225930769063e+00
3.979252994528460263e+00
4.016624096646906672e+00
4.028939854589365765e+00
3.994983286448833937e+00
4.019435582108557448e+00
3.938140441301738459e+00
3.982235027723973975e+00
4.004453647822280082e+00
3.975904025065212899e+00
3.824476155985355952e+00
3.767221279186201865e+00
3.722281671624927402e+00
3.727821121200977306e+00
3.740246225943410607e+00
3.674988171890039457e+00
3.650140851081667304e+00
3.638475776666954875e+00
3.568916416562115224e+00
3.511374374228126705e+00
3.445552210012307714e+00
3.436520381632196752e+00
3.427619134491776354e+00
3.415435758419964163e+00
3.383498186757178505e+00
3.329216707045821178e+00
3.377850045925947953e+00
3.277443230927491236e+00
3.317927929072473692e+00
3.329914765058110682e+00
3.276670719695419454e+00
3.282835743185064548e+00
3.197602358800362143e+00
3.177265934759666788e+00
3.176352083346656752e+00
3.228676073418915937e+00
3.219569118071917035e+00
3.261774448763174128e+00
3.288703725053688576e+00
3.281000875735471389e+00
3.362215421245002389e+00
3.348146311397522279e+00
3.330695959113898930e+00
3.330502550681178953e+00
3.343002211827981185e+00
3.421184288882795244e+00
3.429518884262038103e+00
3.357320275488000494e+00
3.366510989844771817e+00
3.397289689313029548e+00
3.424289025413532084e+00
3.353013189205828137e+00
3.481739019860169648e+00
3.456302509784227706e+00
3.461941768667180064e+00
3.560015018125893160e+00
3.468076864914554580e+00
3.541506127101402335e+00
3.537813350636837217e+00
3.529140521519575913e+00
3.559127542306083747e+00
3.603586365267373637e+00
3.566776612192529061e+00
3.511256744420585996e+00
3.527183546042278461e+00
3.519106322947078258e+00
3.510699712078764634e+00
3.522014858441307350e+00
3.589428793892637692e+00
3.669930661585234066e+00
3.586415501956225160e+00
3.604350040234164165e+00
3.594782658360768046e+00
3.639714289934167013e+00
3.651895531697796127e+00
3.538901082476638482e+00
3.592392524312322699e+00
3.466646084230724512e+00
3.461750264271430844e+00
3.480780794713341564e+00
3.424847212783686867e+00
3.542343751684315478e+00
3.566869330680940919e+00
3.536678440145278657e+00
3.574976754504332721e+00
3.573083293807674199e+00
3.597699414480705293e+00
3.610982781106434558e+00
3.639494094192453399e+00
3.633106792742855529e+00
3.640886223328874571e+00
3.676654122672466496e+00
3.702862284344768273e+00
3.683607401418361516e+00
3.582932825255870313e+00
3.641734964944563835e+00
3.589964564752179843e+00
3.632911817862968018e+00
3.632006794380344683e+00
3.616341276612880851e+00
3.772368674101883812e+00
3.791057175167157123e+00
3.846582429268407211e+00
3.895928577572886020e+00
3.883308157305078723e+00
3.951377358714637911e+00
3.944395016868145643e+00
3.960299342488594387e+00
3.983853860499212640e+00
4.019775665323973790e+00
3.987346440208278331e+00
3.948621176587594039e+00
3.928095186807626149e+00
3.975115394553291992e+00
3.958310757854862860e+00
3.927735325248083331e+00
3.837916065424773926e+00
3.816183839337881523e+00
3.787493931855876461e+00
3.910391018845960520e+00
3.905460944427070924e+00
3.963779545648488334e+00
4.004124892669744362e+00
4.015257176488281843e+00
3.991142615323509002e+00
3.944714801874595445e+00
3.923536520770057656e+00
3.998149052061865660e+00
3.966811532221331316e+00
3.879036506927078243e+00
3.837394409657530758e+00
3.825054529267185810e+00
3.784688367165827572e+00
3.827701336235263430e+00
3.763868513506567037e+00
3.806756600555385006e+00
3.844098876505053664e+00
3.854953394430490565e+00
3.803829140697237765e+00
3.786664522588049753e+00
3.834146704395877681e+00
3.843694690823830751e+00
3.856936075451311119e+00
3.905246639650350904e+00
3.868024002539068196e+00
3.869868517112083239e+00
3.892425551411553108e+00
3.938926561116780967e+00
3.910963210445477234e+00
3.947737357654864443e+00
3.922880493430100923e+00
3.900143193757627635e+00
3.870157512918459108e+00
3.888200686592647060e+00
3.991766090188114902e+00
4.027493625374061637e+00
4.089136788337499162e+00
4.107709180784464564e+00
4.107981448232815858e+00
4.135688613533198499e+00
4.099555150832741468e+00
4.066347658535234721e+00
4.013161250748186859e+00
4.033781901684237781e+00
3.991219388189854556e+00
3.982741621336489679e+00
4.016564535323955631e+00
3.996471722441232277e+00
3.996628338608691600e+00
3.966579746456016853e+00
3.989583607740741833e+00
3.987392058314317200e+00
3.978358946735616186e+00
4.025298980098877877e+00
3.993008646703063658e+00
4.045835641843972930e+00
4.034432908505651838e+00
4.015664033221344020e+00
3.932450179533288903e+00
3.940974021082054524e+00
3.943589063682032325e+00
3.846613313826674929e+00
3.853555631834171713e+00
3.854075379374653387e+00
3.846807340306817924e+00
3.862133331169904427e+00
3.895913036591331036e+00
4.021785689740156933e+00
4.028187307363708669e+00
4.138855106288931829e+00
4.065596941162436195e+00
4.055756631616870500e+00
4.109900596330932743e+00
4.095631363850678497e+00
4.159727005731108207e+00
4.136335112269599712e+00
4.140390815955561798e+00
4.072000940817070536e+00
4.015906292690518242e+00
4.048211732057927392e+00
3.846152699833732758e+00
3.886059862523207453e+00
3.927199209634255617e+00
3.899359190483071558e+00
3.874364736169949364e+00
3.848011324075360839e+00
3.941338592857323686e+00
3.970427928457152422e+00
3.822431741958306706e+00
3.881274210067307440e+00
3.877859668364085799e+00
3.871825285771996583e+00
3.786474483457044737e+00
3.746728146974257712e+00
3.762692139437656902e+00
3.775467720313500752e+00
3.719278104833270593e+00
3.616646000899318203e+00
3.603946930575348873e+00
3.611636880008093353e+00
3.624686606262466526e+00
3.624317022945807043e+00
3.638055983178653641e+00
3.638382791633223423e+00
3.602683656649332988e+00
3.741345770555077443e+00
3.697721193366507730e+00
3.648307409261277723e+00
3.675683808464762947e+00
3.668059538030078670e+00
3.646883552885158419e+00
3.602394605307555508e+00
3.561181297717137539e+00
3.654287033826641107e+00
3.609938331876671569e+00
3.587493280661087525e+00
3.600869903075495149e+00
3.599641038636610002e+00
3.570805116246394739e+00
3.554661600884858164e+00
3.545409282553620312e+00
3.684331222595855326e+00
3.578906950565320155e+00
3.634917212267452680e+00
3.576374829369657782e+00
3.597612071141862877e+00
3.642972158392840942e+00
3.656519878532113577e+00
3.637015626935969248e+00
3.662541728059947932e+00
3.707822961515256033e+00
3.665985305004555439e+00
3.677123380646046602e+00
3.716446739798902055e+00
3.706701427249713632e+00
3.711384995498180572e+00
3.668594012304779550e+00
3.718010696364702383e+00
3.742674251025715382e+00
3.769704160951193650e+00
3.810441750347123513e+00
3.755676320473620322e+00
3.799636565054525850e+00
3.832916031301348614e+00
3.799076887750534759e+00
3.824950035160921580e+00
3.772355045578693833e+00
3.968246877804536332e+00
3.860293494626656940e+00
3.947115315884706543e+00
3.886213938510558297e+00
3.885451798004133206e+00
3.867110782821321369e+00
3.902279379098172907e+00
3.889634959511576895e+00
3.822192920297646790e+00
3.864483410467102864e+00
3.850751437008431033e+00
3.820674157923577674e+00
3.828374643389290899e+00
3.847581166626655502e+00
3.893263418915140939e+00
3.864283293362391625e+00
3.907270814231517342e+00
3.864089739337777551e+00
3.890251787260868177e+00
3.862315456989574791e+00
3.862063607809654187e+00
3.743147134367180051e+00
3.746281317272011968e+00
3.765583551034075604e+00
3.823917626484603538e+00
3.863890327137431857e+00
3.951551155245046854e+00
3.868026247529496864e+00
3.836882145660460708e+00
3.713743511708794465e+00
3.699389216123075474e+00
3.724904420360784840e+00
3.750726564025179233e+00
3.791570682924131575e+00
3.823994421740434468e+00
3.849132383854475759e+00
3.799126887890249993e+00
3.822203013595943055e+00
3.794847068129286072e+00
3.835106581685620686e+00
3.871108797008183444e+00
3.802212659496293945e+00
3.759635015343137265e+00
3.620816822728325057e+00
3.670351478155768454e+00
3.539108700075999092e+00
3.679352275856969445e+00
3.664702297282621313e+00
3.629998248067334732e+00
3.641304060703353329e+00
3.551390199953318838e+00
3.569016710956040672e+00
3.629552063618341595e+00
3.623371040791308229e+00
3.666616478721195893e+00
3.694716416507023204e+00
3.665844934425885882e+00
3.604349244709394551e+00
3.592117234738489540e+00
3.603073374478312108e+00
3.627887753145549343e+00
3.645650944693005435e+00
3.600979784879252410e+00
3.629738884720949521e+00
3.589125703672711332e+00
3.612971066121120067e+00
3.657013459298050329e+00
3.709019315469045619e+00
3.844738056334981557e+00
3.759105496074180319e+00
3.911509371029708859e+00
3.865222323946650107e+00
3.929258716440977572e+00
3.974372442614072298e+00
3.957152137318848517e+00
4.016769796875889753e+00
4.010529763065484588e+00
3.977790451357533730e+00
3.948470776530387916e+00
3.954957597233016653e+00
3.934475444569249802e+00
3.779139483793903853e+00
3.711277046488739018e+00
3.580024654519558869e+00
3.418581015942025569e+00
3.320209861922038375e+00
3.265960010794398460e+00
3.147910508776463612e+00
3.050139775877784398e+00
2.957225660381238352e+00
2.856274392841371856e+00
2.779722112166026271e+00
2.701883987775457019e+00
2.650817899562148305e+00
2.682151391546413244e+00
2.657865607061820512e+00
2.647685005113255219e+00
2.625435055743277513e+00
2.625596696956566500e+00
2.634160424277498525e+00
2.655269764004923871e+00
2.638372958608325103e+00
2.613993820567881432e+00
2.675887578901765984e+00
2.680868653666431456e+00
2.685455620138989197e+00
2.757419971086114252e+00
2.817501488976583257e+00
2.893481764329869588e+00
2.968571087918917328e+00
3.056480048690464635e+00
3.143174556245153628e+00
3.258861301030735902e+00
3.368204844879282511e+00
3.521303252200459699e+00
3.654470949019441139e+00
3.696975730508738067e+00
3.782298834582161096e+00
3.896508491174315303e+00
3.893987637880197639e+00
3.858154851811914643e+00
3.835526046799422328e+00
3.899758892215348549e+00
3.890627317181557299e+00
3.933485284960276385e+00
3.840653349363840174e+00
3.839203562065637065e+00
3.882844358838673404e+00
3.832182208739300933e+00
3.913645039286131055e+00
3.951626162949004595e+00
3.938624302636622332e+00
3.862142147538035530e+00
3.879627836241341221e+00
3.965945121276766905e+00
3.901147975970648218e+00
3.883624691816739638e+00
3.844812824324358669e+00
3.850482455503311030e+00
3.819148050321483190e+00
3.840531269754655419e+00
3.833366817986852304e+00
3.895522533088842110e+00
3.860377169324350710e+00
3.869768414199150186e+00
3.950452618881596045e+00
4.034183862258266196e+00
3.941573978777064724e+00
3.913313062870820147e+00
3.812246712154871542e+00
3.894481368686578460e+00
3.805328529435821672e+00
3.820575098540835324e+00
3.758094102077728760e+00
3.745773278740740952e+00
3.716758176336548036e+00
3.697474178298551184e+00
3.700497594002420954e+00
3.737878756020016624e+00
3.682493832977006942e+00
3.734131696165747361e+00
3.710367843844859070e+00
3.789399703016521403e+00
3.756990645087463943e+00
3.782753011656994069e+00
3.726863237174662391e+00
3.751061671781733775e+00
3.671695765734652284e+00
3.678214676044097686e+00
3.667892539507192851e+00
3.649471194378846484e+00
3.574545550821402351e+00
3.630197464615425140e+00
3.548951217447023243e+00
3.547772270654045990e+00
3.493611426754091198e+00
3.494457410392448615e+00
3.438657230978208634e+00
3.446752849526975915e+00
3.407760719158344997e+00
3.433457796231307757e+00
3.429379575296700455e+00
3.527703437024320099e+00
3.420207759755423460e+00
3.452238129222553020e+00
3.381356258787425961e+00
3.416443971950350544e+00
3.344971272715179023e+00
3.412766282374618321e+00
3.401397152309791672e+00
3.358233776467021592e+00
3.346691501429606586e+00
3.353948260453021302e+00
3.292182378505811968e+00
3.311834357813294716e+00
3.320777124331319108e+00
3.333395409239650942e+00
3.332430677454542245e+00
3.435967879742173547e+00
3.430181170388167278e+00
3.452367307763002380e+00
3.477086551472061249e+00
3.457696752715947675e+00
3.509512417647110194e+00
3.550296622848716055e+00
3.518244884716455800e+00
3.525892569766813089e+00
3.467154171825845843e+00
3.560109721625963619e+00
3.501699161912221303e+00
3.557299817846224954e+00
3.482583613618331242e+00
3.511295119070042769e+00
3.464959692435539029e+00
3.472469215283907840e+00
3.525082289417960979e+00
3.509928541737257213e+00
3.588716972306714936e+00
3.567025541541620548e+00
3.642626641604217230e+00
3.633350138416472142e+00
3.661961296468467353e+00
3.645422590909248584e+00
3.637135955851491964e+00
3.686477503631775399e+00
3.682661848324161102e+00
3.754129987238654209e+00
3.835539592956795030e+00
3.867194245227350002e+00
3.869988738380880644e+00
3.912412337731635770e+00
3.977474958910624636e+00
3.924469459782058856e+00
3.928558379494768271e+00
4.013218451140837750e+00
4.025687120785488737e+00
4.106019506458784107e+00
4.206908783911549321e+00
4.212145162250184427e+00
4.169277372433235485e+00
4.180412205403846393e+00
4.222225723353087545e+00
4.219413412236572292e+00
4.289537012809559791e+00
4.228707809391459627e+00
4.262876901418680475e+00
4.344281206390969707e+00
4.315783459100111408e+00
4.315788893912603896e+00
4.297713869716688784e+00
4.277508828494119619e+00
4.209009439751287829e+00
4.173612109513042512e+00
4.098398296031041887e+00
3.930705094922516629e+00
3.947694958295990819e+00
3.885793790764574318e+00
4.001783623605718709e+00
3.930375351044467003e+00
3.918883695726935734e+00
3.856574598033396750e+00
3.811896441363187282e+00
3.772126994566955549e+00
3.736034379614579848e+00
3.789967110429994346e+00
3.799465626526346451e+00
3.876635546172560343e+00
3.853145736780587693e+00
3.862979183088593338e+00
3.850224448905102737e+00
3.789636833459721910e+00
3.781428990441336957e+00
3.731326340198043656e+00
3.722961763873753771e+00
3.733839682089069356e+00
3.753337431452325568e+00
3.784031497087469553e+00
3.780061341597262814e+00
3.811566209490714119e+00
3.942519818207050886e+00
3.910033685537914749e+00
3.882052396466402211e+00
3.833341105129711490e+00
3.833806780256258762e+00
3.860475303455554119e+00
3.889259753461455471e+00
3.905170417055029652e+00
3.888033362713239516e+00
3.922222894894197065e+00
3.913161748607497437e+00
3.929636366116314061e+00
3.808215617182979962e+00
3.849382784740809971e+00
3.884064086885781197e+00
3.900758813445285522e+00
3.901339997168890239e+00
3.904727724593147986e+00
3.822079898214016502e+00
3.823216383849404654e+00
3.762429009463529539e+00
3.771624464921793152e+00
3.765928216925437777e+00
3.855877750213525079e+00
3.879338095708885437e+00
3.869466092320350548e+00
3.811347265721374722e+00
3.906582667451355295e+00
3.874967770103079800e+00
3.889498283412049062e+00
3.883965394141301264e+00
3.859303625214910216e+00
3.872290216392073603e+00
3.856095238424444904e+00
3.841123317611855992e+00
3.861310972702118871e+00
3.781866222491168106e+00
3.809525466895535839e+00
3.789500122715756980e+00
3.746993575798416298e+00
3.728949888245566502e+00
3.669138845559532403e+00
3.625666048299660105e+00
3.751579579904583905e+00
3.771594367252753877e+00
3.807054980420149892e+00
3.745325510867144825e+00
3.690711514093828249e+00
3.595326013894702299e+00
3.559673614910961348e+00
3.547069128720561348e+00
3.571577412537740415e+00
3.551042927316511832e+00
3.500789381762125174e+00
3.529710628704417097e+00
3.456733041589201694e+00
3.406985696138320474e+00
3.398648141977647086e+00
3.447472324809969013e+00
3.453014495071935475e+00
3.388960207353443277e+00
3.413527273173866394e+00
3.463184886709887333e+00
3.436068704398330453e+00
3.476000245649939924e+00
3.440592596960245331e+00
3.403029870279214109e+00
3.421356305947593324e+00
3.462700508739540162e+00
3.456677789764198927e+00
3.461793129194359331e+00
3.468030042976798288e+00
3.464287756617557168e+00
3.498772214839547257e+00
3.503463332899124261e+00
3.561187586630297996e+00
3.555288648739623802e+00
3.498537853070642800e+00
3.531194352709306372e+00
3.466862055645147045e+00
3.538709943421974202e+00
3.629428704854657628e+00
3.654209164496075246e+00
3.633463913883026475e+00
3.669854749275926142e+00
3.708813607255533995e+00
3.745369332366772941e+00
3.736096662671851032e+00
3.768732851001001194e+00
3.679056793644395196e+00
3.684477924599845355e+00
3.755351019221504938e+00
3.821014445876559584e+00
3.771170218116856709e+00
3.722178515960132827e+00
3.711383092443358844e+00
3.709911756070487510e+00
3.751017985983665426e+00
3.745963918802431181e+00
3.774831935917987824e+00
3.729944274028677231e+00
3.739451697700305832e+00
3.785868290617172782e+00
3.819807880362058317e+00
3.886599178841616542e+00
3.801482169985195281e+00
3.733272079638885632e+00
3.678938113023874745e+00
3.623170719147981167e+00
3.585935925662208756e+00
3.572428351613801123e+00
3.582573016539601252e+00
3.515992204771935636e+00
3.518773243718476440e+00
3.522934750146227145e+00
3.456949622558698199e+00
3.513579273559539029e+00
3.426563701189968114e+00
3.430511381118289016e+00
3.433497533908694610e+00
3.439173243493654386e+00
3.490661203899636078e+00
3.453759722894896633e+00
3.446306553390048322e+00
3.471497264046091935e+00
3.407073736203912517e+00
3.412899101130264512e+00
3.391103055060653126e+00
3.379925820590767405e+00
3.362999243981708020e+00
3.421907933427492665e+00
3.422421167028824485e+00
3.466988041143178823e+00
3.493371928301206797e+00
3.482138322232662286e+00
3.448702219091480448e+00
3.416987794453171468e+00
3.468037052116474950e+00
3.469714519307578016e+00
3.540121893323336266e+00
3.703113133798010992e+00
3.721494152765118191e+00
3.829843701872635453e+00
3.836752086695411457e+00
3.846423818331896172e+00
3.841105031946943082e+00
3.839636776585616751e+00
3.781941935493454476e+00
3.800791007553138368e+00
3.765729192147186488e+00
3.857598995582204093e+00
3.846227023424909852e+00
3.833432821639100929e+00
3.813913818413763313e+00
3.819523250971140538e+00
3.812070982043669787e+00
3.898518247388750524e+00
3.872708486941860873e+00
3.742945076781118097e+00
3.796424569125580462e+00
3.791927756042823727e+00
3.806684539245899224e+00
3.805608954496500385e+00
3.791749466833739479e+00
3.724530576076141575e+00
3.707002290915422993e+00
3.664194440789016127e+00
3.579422096339889503e+00
3.588130858450977900e+00
3.568869064507350863e+00
3.618232210008656580e+00
3.585112508639165529e+00
3.677394050313268270e+00
3.630119373734872479e+00
3.517163692732887537e+00
3.478904217394069853e+00
3.458663899271650077e+00
3.455450454133908167e+00
3.500469251378615088e+00
3.450022594800758569e+00
3.433356178758488753e+00
3.359168615656567880e+00
3.382052424410924907e+00
3.482661461731607844e+00
3.410805520144455816e+00
3.412848095954106320e+00
3.395427466539282069e+00
3.442619541863447541e+00
3.428994042842893553e+00
3.500059895250378972e+00
3.454783481083341989e+00
3.493960073775057129e+00
3.505161003168911549e+00
3.455656094855401594e+00
3.435181062704566024e+00
3.426222292730289443e+00
3.463722413388441890e+00
3.518111983883127625e+00
3.542426112344607247e+00
3.642592264166371940e+00
3.676848161157127759e+00
3.701548481804817659e+00
3.719579941472405782e+00
3.708564581104399682e+00
3.747761150286952780e+00
3.719836449516300547e+00
3.721837840542650877e+00
3.749755749355452306e+00
3.795784495406351766e+00
3.905598097279206371e+00
3.981479523991118707e+00
4.013956923280309397e+00
3.887589979330532852e+00
3.843991549068925373e+00
3.809378475489970217e+00
3.796934497483876569e+00
3.739729558477562499e+00
3.706544367020600195e+00
3.777957418454754634e+00
3.819716474460551403e+00
3.834123806949209179e+00
3.850775101275940582e+00
3.841649484597471798e+00
3.893668240005663694e+00
3.884554902807305421e+00
3.846507022688070432e+00
3.773416944014090557e+00
3.818059597297456254e+00
3.817927255346696302e+00
3.881820924260111383e+00
3.893404815933420693e+00
4.004424335289361814e+00
3.941146320134493397e+00
3.959236153044187745e+00
3.849169485508454613e+00
3.785095728573850682e+00
3.717149929782196605e+00
3.806279034690064567e+00
3.917467770133185478e+00
3.887062544108277784e+00
3.950321833079584177e+00
4.021802522185172535e+00
4.035614465471969226e+00
3.981435953354965029e+00
4.011583714816098656e+00
3.911222716573427238e+00
3.893998834205262938e+00
3.892188984250540607e+00
3.842949221419773131e+00
3.811919635411640250e+00
3.878378216284286584e+00
4.004164005536938298e+00
3.975464524452093418e+00
3.963094500423197886e+00
3.923384421804700928e+00
4.009705791019214871e+00
3.931073794365611995e+00
3.974576439293293628e+00
3.949126208433441310e+00
4.014955650920247976e+00
4.007570285786332676e+00
4.073282519828579140e+00
4.045206366364350714e+00
3.983056421923262480e+00
3.979905859505290522e+00
3.861117537188704762e+00
3.810273742132101127e+00
3.830311089005356884e+00
3.820391188983613073e+00
3.858930403541615650e+00
3.895674259217493773e+00
3.753444324180404301e+00
3.664064917274532540e+00
3.611548717311826362e+00
3.688264092090307145e+00
3.612404232863907438e+00
3.525348640249348353e+00
3.512835182540850365e+00
3.401096275571321659e+00
3.401520710862876218e+00
3.286461465388119674e+00
3.289655059158098194e+00
3.281436583963869058e+00
3.308833154591156234e+00
3.287737149227262901e+00
3.289063446694943771e+00
3.311626215914795779e+00
3.222160264364835935e+00
3.229946884336703405e+00
3.276337428498790505e+00
3.295536537882450379e+00
3.337145302448570217e+00
3.330837095359274524e+00
3.291249226917126958e+00
3.260882883066356541e+00
3.300528829497614947e+00
3.406642541679053782e+00
3.460765059411982758e+00
3.503853622431946757e+00
3.467639640518748401e+00
3.546602954709991540e+00
3.587569244503778787e+00
3.653501302407131224e+00
3.768313407605696330e+00
3.780283741040039835e+00
3.831836155297350555e+00
3.778771972506710153e+00
3.819629966398411902e+00
3.753884564827761672e+00
3.758675961304449586e+00
3.717750472622122437e+00
3.615699409820221089e+00
3.661951373410298860e+00
3.675307072998703184e+00
3.615049902856816377e+00
3.604335068806562514e+00
3.519226736642568909e+00
3.529790029628452341e+00
3.517833341702905958e+00
3.500232303993943361e+00
3.428403821377413507e+00
3.388561297322881583e+00
3.368201920369466418e+00
3.338990989338591397e+00
3.313033559820274476e+00
3.198931484714182982e+00
3.172164592865637900e+00
3.108839682346765443e+00
3.081199578727426669e+00
3.044526123774966564e+00
3.021390175558411606e+00
3.014298799528390305e+00
2.966692382508561376e+00
2.969581294583684805e+00
2.845240035753024532e+00
2.857707951412975511e+00
2.846833970574569328e+00
2.908991883553068813e+00
2.886007948083304075e+00
2.854534539940682958e+00
2.898498550571478649e+00
2.942536028844012108e+00
2.932296663814018434e+00
2.975317979934555712e+00
2.975599199175434251e+00
2.959910852923720803e+00
2.951180132460684558e+00
2.907836563049007061e+00
2.917716615221144227e+00
2.926892884541921536e+00
2.953586801803728790e+00
2.999203140378295718e+00
3.009152321263649732e+00
3.040132533242938084e+00
3.024761427449474294e+00
3.016599649167975183e+00
3.044066675437070657e+00
3.022507610741438810e+00
3.028213968941194878e+00
3.104307017262700530e+00
3.119763238272250216e+00
3.168955814835994200e+00
3.113111560233375208e+00
3.105163551621483276e+00
3.127041536535009492e+00
3.123992264406958430e+00
3.151493821501536008e+00
3.177535779667341131e+00
3.218736055645334382e+00
3.222942987165624107e+00
3.260165876914277838e+00
3.354462803960167161e+00
3.412911628365615790e+00
3.454915323808421590e+00
3.458053559917233954e+00
3.501709633598416804e+00
3.528427926280935711e+00
3.500471299684769555e+00
3.515874988287030156e+00
3.594534389872404478e+00
3.633627397952115867e+00
3.647457685408973305e+00
3.691851182051349767e+00
3.721860055666099232e+00
3.773706489811332165e+00
3.811919749762056497e+00
3.844621283163645931e+00
3.932595946929641872e+00
3.992509066549618346e+00
4.077773562705486299e+00
4.115967868700939114e+00
4.093833794090416589e+00
4.061466105304096352e+00
4.070880128652720309e+00
4.038062869041163516e+00
4.089779113760561025e+00
4.024912405857034692e+00
4.026525107841885109e+00
3.995154941803178428e+00
4.005740945283126742e+00
4.030660216742897539e+00
4.002103794598395936e+00
4.014560820735598057e+00
4.033102588823474832e+00
4.010419750166947850e+00
4.040865650935341336e+00
4.010352634120565973e+00
4.015990492052752714e+00
4.033150661900051226e+00
3.997293326624073995e+00
3.974679314431930788e+00
3.843119713631542478e+00
3.873581916536772862e+00
3.868371651552651169e+00
3.754346688387947051e+00
3.695935027022557051e+00
3.698689741598158331e+00
3.638776355323130041e+00
3.583495024747142654e+00
3.607335742411318602e+00
3.540224372596670221e+00
3.556196102969169992e+00
3.543082538062774844e+00
3.578227979986824181e+00
3.555521789870879967e+00
3.539524572286995685e+00
3.401216480698464384e+00
3.281787401680383187e+00
3.256171927736638327e+00
3.247165880959856032e+00
3.255703124021108064e+00
3.278731236223346279e+00
3.234294267789850075e+00
3.177867702824350271e+00
3.187163132278506783e+00
3.190466568784523282e+00
3.233504627559414146e+00
3.086077095838853701e+00
3.063694215537386523e+00
3.129103783876189926e+00
3.220322653931262824e+00
3.220223591629017168e+00
3.197098563335179389e+00
3.233764369228324664e+00
3.257553088710886335e+00
3.342496692521702784e+00
3.324520437954380903e+00
3.393552077896896169e+00
3.365655439676127791e+00
3.411286269559290929e+00
3.395099533247234458e+00
3.517547574139298749e+00
3.570707855903874517e+00
3.565963766952162217e+00
3.508242774105962969e+00
3.425322370674532824e+00
3.419067173534155568e+00
3.439534308424232023e+00
3.513775050812302236e+00
3.551193236738220183e+00
3.591338381827364312e+00
3.574934956258925656e+00
3.655319407969644274e+00
3.709191820794896621e+00
3.663625905615150558e+00
3.650560266520880948e+00
3.618544160251962349e+00
3.771415102964132515e+00
3.727282131935549359e+00
3.693546934625333567e+00
3.648678614783213536e+00
3.623716167179101610e+00
3.594727030786573074e+00
3.615662976947340290e+00
3.574557283033168442e+00
3.584398705329177481e+00
3.554327647129707390e+00
3.697771600719620189e+00
3.705584692713426165e+00
3.817794624527457437e+00
3.911516279286763265e+00
3.876832544163796523e+00
3.878925603427866520e+00
3.715737437522344866e+00
3.702327086508557130e+00
3.627264129293767070e+00
3.715296545201912881e+00
3.720655645649002086e+00
3.695980402264756215e+00
3.713028615462723003e+00
3.665555280629853474e+00
3.657502913950616996e+00
3.512353375461678251e+00
3.574498859095402103e+00
3.591365359352223674e+00
3.572306400203612231e+00
3.563338451706252741e+00
3.465087925386309831e+00
3.425273982868779932e+00
3.424732851520845056e+00
3.442473375810314096e+00
3.460952385273216692e+00
3.468819012854440942e+00
3.506128836249500669e+00
3.437967292923351792e+00
3.421750012988904910e+00
3.443322792177691216e+00
3.511123646511006502e+00
3.575321434474456161e+00
3.591040698538406239e+00
3.667953771610516167e+00
3.651659879641747430e+00
3.656687880952933511e+00
3.632454941837869100e+00
3.663769974754782055e+00
3.626739241862426688e+00
3.637074754334280069e+00
3.737221495000170979e+00
3.678818209483590618e+00
3.622679935224788483e+00
3.627508530306157386e+00
3.662035541433936281e+00
3.665735046893356053e+00
3.703475092384394429e+00
3.656070893148545498e+00
3.661210668633012588e+00
3.664772199096357763e+00
3.562993301707517269e+00
3.547861958607154254e+00
3.491913625767483875e+00
3.486933742540692105e+00
3.519805735155492776e+00
3.506002016171378521e+00
3.527109504376606974e+00
3.545337728208866945e+00
3.552218457442632538e+00
3.560207567575254917e+00
3.598004328950504149e+00
3.626400224349329626e+00
3.604532301219865342e+00
3.677405743597618404e+00
3.690508903828513709e+00
3.635113929580795933e+00
3.661886382913837945e+00
3.783082972010407108e+00
3.806118680763315165e+00
3.717100714395352057e+00
3.828569820590889350e+00
3.802293438191182151e+00
3.911898852319063202e+00
3.906770229729162658e+00
3.967540330709803165e+00
4.059723194635222576e+00
4.057636187878875589e+00
4.164512582069848534e+00
4.134141189692020824e+00
4.164317662588433500e+00
4.045447636647885759e+00
4.065236383721609670e+00
4.022445382168871930e+00
4.032251536774523970e+00
4.029803187661817887e+00
4.078298215830801432e+00
4.080297104206939807e+00
4.082322514766543620e+00
3.940394826906461478e+00
3.911226344397355170e+00
3.995794589414699782e+00
3.989855000507565919e+00
3.911484987959226611e+00
3.902102115658726778e+00
4.052457063566473394e+00
4.046936297452231379e+00
4.106522877154747064e+00
4.084503535185584511e+00
4.110955017481273899e+00
4.105026821649763846e+00
4.040808209080712032e+00
4.039433716069939173e+00
3.948361961624632155e+00
3.968639537302383946e+00
3.951053574970553317e+00
4.010002163494836402e+00
4.014906765829398871e+00
3.982409788398320938e+00
3.950606764545571803e+00
3.956740188837190253e+00
3.856010207771234821e+00
3.892032205738161110e+00
3.855357208231159127e+00
3.949507720319428650e+00
3.945239761916258470e+00
3.944018215865414234e+00
3.952791665217399331e+00
3.858298483931308365e+00
3.833147307310119878e+00
3.755266318595949837e+00
3.735828436212962345e+00
3.644679318825780445e+00
3.626327561149301104e+00
3.517781295357753635e+00
3.371901263231962265e+00
3.429869089538588600e+00
3.439525473049691584e+00
3.533783410804639313e+00
3.569903825768510064e+00
3.561253643822864134e+00
3.568677488613173132e+00
3.545917731541749607e+00
3.583014386163029030e+00
3.603951360747668975e+00
3.602885182242202333e+00
3.650933426505159396e+00
3.616067016967445813e+00
3.636495171541249682e+00
3.580623608960300075e+00
3.661048356712365059e+00
3.626105602735817168e+00
3.507395012674089596e+00
3.614836239904380744e+00
3.632418165615891592e+00
3.683344188696932697e+00
3.712171026211948277e+00
3.779418514891199621e+00
3.766196234173067925e+00
3.819811530606475714e+00
4.003018593096965283e+00
4.022426989706940681e+00
4.044414643268816612e+00
4.026246353729659333e+00
4.036690135736575868e+00
4.095191446075030939e+00
4.125295193200018140e+00
4.143873012103183484e+00
4.178509637736535609e+00
4.121740237096138237e+00
4.056278113748705394e+00
4.014336805313218903e+00
4.039884057463298817e+00
4.024988772787878588e+00
4.011374395137010218e+00
3.960845848372408717e+00
3.848524085028546260e+00
3.945256495356083803e+00
3.965658243820408657e+00
3.942485373862608444e+00
3.967526641395610287e+00
3.898740527226670860e+00
3.916103493874828256e+00
3.938696135654185415e+00
3.928182443148500180e+00
3.803422340606644525e+00
3.728850889931334400e+00
3.741610485522681273e+00
3.708273514575969543e+00
3.714009201946351535e+00
3.622941578550070041e+00
3.600682904993395717e+00
3.614571663869198037e+00
3.537675937769414691e+00
3.506697761794410173e+00
3.537691526165174238e+00
3.546938708693527342e+00
3.516535320537769405e+00
3.548976491248704068e+00
3.629857023935717297e+00
3.657013241799921488e+00
3.811810347579655200e+00
3.810599688082270564e+00
3.784790026067801794e+00
3.832250113122584789e+00
3.758533398293516292e+00
3.745525767999102751e+00
3.727761430984874114e+00
3.672483507981976647e+00
3.655688765856324629e+00
3.699906951851312353e+00
3.771486635035990354e+00
3.750040517504652726e+00
3.667290399001745804e+00
3.662841657404197093e+00
3.715952939913876651e+00
3.723275970949488478e+00
3.623801412090720930e+00
3.653112669020863290e+00
3.692579335833022114e+00
3.739770334286270259e+00
3.760408470626172672e+00
3.796170171709858820e+00
3.796238354709233764e+00
3.676233897529693539e+00
3.653656809549501450e+00
3.615987283861965551e+00
3.668004472069652078e+00
3.596751349803535724e+00
3.571267524573752628e+00
3.623711412292398570e+00
3.610395773111251039e+00
3.627562286157917537e+00
3.633816320589697835e+00
3.588848606548959985e+00
3.644523772998526479e+00
3.623676796835967551e+00
3.582624660188632681e+00
3.703718360880601246e+00
3.683526320227469952e+00
3.687957597834600865e+00
3.680942957305475272e+00
3.782759512064949980e+00
3.756995042480948399e+00
3.799879100617173489e+00
3.725076706023568107e+00
3.711336389621133325e+00
3.647235302436047544e+00
3.684580041565291619e+00
3.784762509091652127e+00
3.700776131283420867e+00
3.708620571426197277e+00
3.688270005498895276e+00
3.766121238676854777e+00
3.754473031262089311e+00
3.753751092276409462e+00
3.824506033002978977e+00
3.816987967324245723e+00
3.908455516974324251e+00
4.049108987388159164e+00
4.023484439845158356e+00
4.050319171379260119e+00
3.993477268927725810e+00
4.026655000581243371e+00
3.915954005962563489e+00
3.898926997931812632e+00
3.899064846578657484e+00
3.918248889431555249e+00
3.929029579939977701e+00
3.872959313571000539e+00
3.841676188311917262e+00
3.900866921694575495e+00
3.935411065675400888e+00
3.918312509649646724e+00
3.953465141977903219e+00
4.074646778784629220e+00
4.114559644715827247e+00
4.052908747345596474e+00
4.089556588465998566e+00
4.097634340559627830e+00
4.088563710645184202e+00
4.063043088947323689e+00
4.046505441047034246e+00
3.998896225083250489e+00
3.991920113976756390e+00
3.954463879576749274e+00
3.865931700919642111e+00
3.984569729210382327e+00
3.974810644111831603e+00
4.130324696267043016e+00
4.148368792126245097e+00
4.179762562025470807e+00
4.140329950253312852e+00
4.189805446688912305e+00
4.100197102154127471e+00
4.160598613831036907e+00
4.107005256240547908e+00
4.146458397962179632e+00
4.038007711320344306e+00
3.952097097662860214e+00
3.880008894945183417e+00
3.731649362737081255e+00
3.776034249170971968e+00
3.773618914478463093e+00
3.794000903506896893e+00
3.793596297043034582e+00
3.785617056974997841e+00
3.779397286331115158e+00
3.679157042882302164e+00
3.576712983470139662e+00
3.560387696676789560e+00
3.544892741855822482e+00
3.478292391900708935e+00
3.503519811410851226e+00
3.466947466672941403e+00
3.440436143845376993e+00
3.401147671417624974e+00
3.415835792705259166e+00
3.407697127563441786e+00
3.506371313616462704e+00
3.499934056423554374e+00
3.501008917985419799e+00
3.374563240058057634e+00
3.375066646330594278e+00
3.380919370418693948e+00
3.417280244541325285e+00
3.489351640789704945e+00
3.452504038436557732e+00
3.415523820771555030e+00
3.379659874523085694e+00
3.322393551224989139e+00
3.322147630657789730e+00
3.336409707731825325e+00
3.352516928498176174e+00
3.426328158020386372e+00
3.466081992525633204e+00
3.522290638778541538e+00
3.499223221556337915e+00
3.469611004103886120e+00
3.443702555206888505e+00
3.460020245994392951e+00
3.435043222667216067e+00
3.403842099009338540e+00
3.285911901939743363e+00
3.291451115563952534e+00
3.297863423313606379e+00
3.206606232316425498e+00
3.304236828415070271e+00
3.298779136053919814e+00
3.314706712064974248e+00
3.230442899228796350e+00
3.251562342328992106e+00
3.310952347839504650e+00
3.316889061359003410e+00
3.277546673128398869e+00
3.312585751154723646e+00
3.283185136507556834e+00
3.232524185973190800e+00
3.344910120942169218e+00
3.270463957044595027e+00
3.295315676771471747e+00
3.265217775851018800e+00
3.332974966534886896e+00
3.270695893528368092e+00
3.295963408210062617e+00
3.271841035921132512e+00
3.277279244542770087e+00
3.332518590225526989e+00
3.439869217603318319e+00
3.387837912180680533e+00
3.359795802256844599e+00
3.418016870445842681e+00
3.453387797894027056e+00
3.549303951388594669e+00
3.563023936548633586e+00
3.669563214411272867e+00
3.668100958145175561e+00
3.626688567304677147e+00
3.663351153328092469e+00
3.694707626389815758e+00
3.742355757226830448e+00
3.834092694538665747e+00
3.900580424640397670e+00
3.895660482954408810e+00
3.962087912688341707e+00
3.929423403363756950e+00
3.976180437201008111e+00
3.976727041789855033e+00
4.043884128037341874e+00
4.046289503220879880e+00
4.104557281306307814e+00
4.170447152830140780e+00
4.162401135964819865e+00
4.167710113507063774e+00
4.232461775950088878e+00
4.333559021090453101e+00
4.350383052146581164e+00
4.372293750929832967e+00
4.287228829237816896e+00
4.309407183455668644e+00
4.299913265397703022e+00
4.354550263890966555e+00
4.404212430765099384e+00
4.407204567028164099e+00
4.471987451870908181e+00
4.411871472601544220e+00
4.347045799601605864e+00
4.378893688058057343e+00
4.309291821877524242e+00
4.363520026010840880e+00
4.385768317861844068e+00
4.375680595898318259e+00
4.329018970305762437e+00
4.244808514491918316e+00
4.239272781840090154e+00
4.231649585487565091e+00
4.173196775487760135e+00
4.179507243296676222e+00
4.203327287411766200e+00
4.206825325369914381e+00
4.190511118787904721e+00
4.275299396161298837e+00
4.241291719038088992e+00
4.271843490130097898e+00
4.234048245005261890e+00
4.252045123999622867e+00
4.056718325209221376e+00
4.018426445005650827e+00
3.940466867935648043e+00
3.832709296169421798e+00
3.887674578291315353e+00
3.936454076911564126e+00
3.924516337833870328e+00
3.908769129393648623e+00
3.898291836823556178e+00
3.751594068390857295e+00
3.752734574031629133e+00
3.759744728038045380e+00
3.810812150743573046e+00
3.809978670572657045e+00
3.717545414446225660e+00
3.811361456066877373e+00
3.675582386006126523e+00
3.715536659752983084e+00
3.667378131419774867e+00
3.682963054276726211e+00
3.660703220847961958e+00
3.632530340289671589e+00
3.657656506144729480e+00
3.705870660285514706e+00
3.668664957126065218e+00
3.758103570716463171e+00
3.800924057172784476e+00
3.882983701370296803e+00
3.854069334023962679e+00
3.777790830311981818e+00
3.797575161571790758e+00
3.796285614143521503e+00
3.839973776777499292e+00
3.868714045098323062e+00
3.980507517566020059e+00
3.982124569399007719e+00
3.949247320419272178e+00
3.981710183360289701e+00
4.014326290779547612e+00
3.998689144755539715e+00
3.952727157071349584e+00
4.068007388633043675e+00
4.055873669405132276e+00
4.010272427343010371e+00
4.015696046515435214e+00
3.958807870369092541e+00
3.998368183097637640e+00
3.999094473987885756e+00
3.954306945414780117e+00
4.008904155573612016e+00
3.959345670898142266e+00
3.852273445976302391e+00
3.771097274282706913e+00
3.946743643876620578e+00
3.994836249681672946e+00
3.970947989358176500e+00
3.925950229387786816e+00
3.893144708875470705e+00
3.845032116163126457e+00
3.901959460200254082e+00
3.915432366656193430e+00
3.886600364079713987e+00
3.844571240348539032e+00
3.774528096036165792e+00
3.794970167327925914e+00
3.736873112734025337e+00
3.719914441259061011e+00
3.700709337846472824e+00
3.721804367143487724e+00
3.606705481447030515e+00
3.596685862205716067e+00
3.546979208809856843e+00
3.426224795045767380e+00
3.461326812266412922e+00
3.398059169409985092e+00
3.423056886255714915e+00
3.475186187037868191e+00
3.498243991361272620e+00
3.484687601132803181e+00
3.480459575937788763e+00
3.401647321803010993e+00
3.440523727748194815e+00
3.421445844278769854e+00
3.478682641415872023e+00
3.438667832706876482e+00
3.427703538596520438e+00
3.521919292714241312e+00
3.516322568006736482e+00
3.526312450772520979e+00
3.496538974331905525e+00
3.557545188918983303e+00
3.558826358345665852e+00
3.557488782417312034e+00
3.597149214059052635e+00
3.646876397808709758e+00
3.679756511409729036e+00
3.642752494086190396e+00
3.769848314509625986e+00
3.724090333685808663e+00
3.751612841418246802e+00
3.819588956422512727e+00
3.854951269344075282e+00
3.897469811650741800e+00
3.885661206082357655e+00
3.889537968848001626e+00
3.904355254597122293e+00
3.916843488057273781e+00
3.938053818154712893e+00
3.883503197145772745e+00
3.928399613064196938e+00
3.904947055714208304e+00
3.857566364893057376e+00
3.865619837617555898e+00
3.941784603170972900e+00
3.937330835029076326e+00
3.931896159468295071e+00
3.926804860850762413e+00
3.918368013723843912e+00
3.942832601266312853e+00
3.977917422535186986e+00
4.030420690074858037e+00
4.093347221681209902e+00
4.112919196570588021e+00
4.179206826693496524e+00
4.176349075617789453e+00
4.173155306819137600e+00
4.168748473293527823e+00
4.166859320580988957e+00
4.139540913874346195e+00
4.077526069106211182e+00
4.009964507984983939e+00
3.949489462799550044e+00
3.935914067992440479e+00
3.984899992149247616e+00
3.827624698208541343e+00
3.804661794248221707e+00
3.810171974089759495e+00
3.827828014754846464e+00
3.836843447074023139e+00
3.922876362960880936e+00
3.767521400714708424e+00
3.798492882108529312e+00
3.760886084185879774e+00
3.766168149698773338e+00
3.737608346246170665e+00
3.668993632737748811e+00
3.694687459933710727e+00
3.650457345726731972e+00
3.654418688956384109e+00
3.653018968458128235e+00
3.682001970815488079e+00
3.590470344461721641e+00
3.532968428029431784e+00
3.549864453973492484e+00
3.535625453768306503e+00
3.564601131290336955e+00
3.539217447728544741e+00
3.546732274073653990e+00
3.451199404134309923e+00
3.537186861027618701e+00
3.605069042226314302e+00
3.629101669262191354e+00
3.617220836270105266e+00
3.579164871401643300e+00
3.573854610876788573e+00
3.712742294535905430e+00
3.682126532594768076e+00
3.770947682974851833e+00
3.651149186769180321e+00
3.715616914448282238e+00
3.733074967840905867e+00
3.747854940660614531e+00
3.742104952418356500e+00
3.657457658065387474e+00
3.671201612100238432e+00
3.660571792721190487e+00
3.780417877322169939e+00
3.780238845182834595e+00
3.737208455698497467e+00
3.785437300455742005e+00
3.859864052827482794e+00
3.946899931403279105e+00
3.981510635209094318e+00
4.035683729630807015e+00
4.047757843366385444e+00
3.957010064568165841e+00
3.892922755249588196e+00
3.878222866800570490e+00
3.895228758500936639e+00
3.862698034149541382e+00
3.833642844781001369e+00
3.800225664583526175e+00
3.734456106405569908e+00
3.765075879556070149e+00
3.662605420632064401e+00
3.659290168869134163e+00
3.667534646807983023e+00
3.737727851824098835e+00
3.826509482540069840e+00
3.750328741535008170e+00
3.676131758626138168e+00
3.647640125499364228e+00
3.704157688577914609e+00
3.761348386590055881e+00
3.761171449518256882e+00
3.731237865010061494e+00
3.657223621825240745e+00
3.624618337648850552e+00
3.568454768896021978e+00
3.584596744013073710e+00
3.596139944523675691e+00
3.640296856476997522e+00
3.646451760466596248e+00
3.647923116304773838e+00
3.680511673218360258e+00
3.660949863346527611e+00
3.683129698565123622e+00
3.692784091445550754e+00
3.782588743893159577e+00
3.830292939753392023e+00
3.827190343160155717e+00
3.798686067228332686e+00
3.734308710680254606e+00
3.687359058036791648e+00
3.763307328540929309e+00
3.845602624028965355e+00
3.838475683635241165e+00
3.816760734050280934e+00
3.772365224165132869e+00
3.723084151006419429e+00
3.706201837903083884e+00
3.682246060740803628e+00
3.688778909630018532e+00
3.792116113631045060e+00
3.766244152057642847e+00
3.808698828051805485e+00
3.750799172930622927e+00
3.758087800181898253e+00
3.709464976291428684e+00
3.691005028667494248e+00
3.715134456778910188e+00
3.719459582051146906e+00
3.777548597501474426e+00
3.743109936010130756e+00
3.693825699800610263e+00
3.710995308731020348e+00
3.669293606422581178e+00
3.680423704694368858e+00
3.734257244902997375e+00
3.729855332246058808e+00
3.694787859692005849e+00
3.737670667771470612e+00
3.758849993325307448e+00
3.842048281161518641e+00
3.885936704977935197e+00
3.891642724696066757e+00
3.954502436458799508e+00
3.945254522078779136e+00
3.963100399030023091e+00
3.871776970595004030e+00
3.884415685523277872e+00
3.937281309025346232e+00
3.929163217367056316e+00
3.992474838510059243e+00
3.940539300683072454e+00
3.911697708566256537e+00
3.917498770536449015e+00
3.897674292553691799e+00
3.939177209982857253e+00
3.890003504353914288e+00
3.882937709562341855e+00
3.846353024478462945e+00
3.891062353273453400e+00
3.854306138186955888e+00
3.883287198611070856e+00
3.893671607978735683e+00
3.799490873033598781e+00
3.782820688503106155e+00
3.741700120044479050e+00
3.735986761168327952e+00
3.786089780147361417e+00
3.792003337406533170e+00
3.826873408124720211e+00
3.764382525320792539e+00
3.781948783431714034e+00
3.796428253757826443e+00
3.780938327399991916e+00
3.817975711134897754e+00
3.758765836659839543e+00
3.728673866921783375e+00
3.796129809469060312e+00
3.742039622622431061e+00
3.724767161947819538e+00
3.701438663708907395e+00
3.815029244362805994e+00
3.829615176362493045e+00
3.818004385260946432e+00
3.688371801096901326e+00
3.663091996312216825e+00
3.635188467055348482e+00
3.576285892625566731e+00
3.645595217568404323e+00
3.579938393084816539e+00
3.533769905805197897e+00
3.539567592215005387e+00
3.510068920196988351e+00
3.463589977590534996e+00
3.424145438408433773e+00
3.418804797848026933e+00
3.466267409728992277e+00
3.446348673828093290e+00
3.374284869790986630e+00
3.359905770189767438e+00
3.392784340156573819e+00
3.504404285838310873e+00
3.475372221266499917e+00
3.562241540374978310e+00
3.559612856683256332e+00
3.479640661516631539e+00
3.408427693421803628e+00
3.374428438530184593e+00
3.426072543724975716e+00
3.462270428233621633e+00
3.516633736850908409e+00
3.490297441622654873e+00
3.405952154475447191e+00
3.384349980340590758e+00
3.420681949202234229e+00
3.475289674340189094e+00
3.504434251305570847e+00
3.474120735386907910e+00
3.510412337890469470e+00
3.526924101442898696e+00
3.458579687177907314e+00
3.502248727615182133e+00
3.435350241467348908e+00
3.540060853175321487e+00
3.508776724164424099e+00
3.463227153877633580e+00
3.354639118915142770e+00
3.361568090874583525e+00
3.336931078338016832e+00
3.308030684703635593e+00
3.284627884288993549e+00
3.340228728281848802e+00
3.399211349340459876e+00
3.388700689575410152e+00
3.427940409594267379e+00
3.403746830831761550e+00
3.462744993960909845e+00
3.639577921147010731e+00
3.626708250915199994e+00
3.676242101613585334e+00
3.653216039453325070e+00
3.633614508054263670e+00
3.692732855893729127e+00
3.651628268698805968e+00
3.694563213892309683e+00
3.762019246892091662e+00
3.693678176042562544e+00
3.783147697360045303e+00
3.760959694203855896e+00
3.778680042694577246e+00
3.765328733861295962e+00
3.761086995637884289e+00
3.707463800670129039e+00
3.639340156400049597e+00
3.683721857904566743e+00
3.752311213341348761e+00
3.772411120025659148e+00
3.758466899468464018e+00
3.832306725751139176e+00
3.863582238345333764e+00
3.843170867868712648e+00
3.779075859239048985e+00
3.727450821316422136e+00
3.719737363837362754e+00
3.659570173412690863e+00
3.639948523496509658e+00
3.638560534454782225e+00
3.593747335059802150e+00
3.655853394115233801e+00
3.648262773995940123e+00
3.674715992780698048e+00
3.679901669442228851e+00
3.539104487465882798e+00
3.498545735206415319e+00
3.433321645933959498e+00
3.517357027689475224e+00
3.652617079903314856e+00
3.698045065101070339e+00
3.794525231585388347e+00
3.738231583515317258e+00
3.760943320240953014e+00
3.773523968752106494e+00
3.784227769932154040e+00
3.735778960217832179e+00
3.691773537553296070e+00
3.661175624280469165e+00
3.734504209313986411e+00
3.778119159903081670e+00
3.844885714047038938e+00
3.893747775393230803e+00
3.893063290079905148e+00
3.915113419786950377e+00
3.936951685885681229e+00
3.893994965019831778e+00
3.853355047230555108e+00
3.857611585577565894e+00
3.840252693739129697e+00
4.024006518552877942e+00
4.060987366166767920e+00
4.172142623638265491e+00
4.068184609870786339e+00
4.059404261161126293e+00
3.929814950370511095e+00
3.879237772046990163e+00
3.897615385911098684e+00
3.899921529231499928e+00
3.920382932402803444e+00
3.844669286025391930e+00
3.903951645823086292e+00
3.923104846358585807e+00
3.976821938085938868e+00
3.846534571963764471e+00
3.812615642012489481e+00
3.778717204134247609e+00
3.778325918393774074e+00
3.785271220215935539e+00
3.737416594584649587e+00
3.810917924531540990e+00
3.833440520354250758e+00
3.889521425051675418e+00
3.807941262049360009e+00
3.874561285758979956e+00
3.818770158243903534e+00
3.811700757958273567e+00
3.827590765192574462e+00
3.885690695230443747e+00
3.904069874326851153e+00
4.009037203889887380e+00
4.050615792388888359e+00
4.064783485795600448e+00
4.037180733234679408e+00
4.056257236555901535e+00
4.084595471575616976e+00
4.041181898271331896e+00
4.018201414548927985e+00
4.046159729771678037e+00
4.098883590877533400e+00
4.131253916850972985e+00
4.122890319575279072e+00
4.092242448647560593e+00
4.099342894423050332e+00
4.164767169994218143e+00
4.139864679997536712e+00
4.052004710431244661e+00
4.012499531211182635e+00
4.085788645169476041e+00
4.093096963171150904e+00
4.106131742317411515e+00
4.068201905548209041e+00
3.974068209242501482e+00
3.950551073784882128e+00
3.873500016755973885e+00
3.839689099440604547e+00
3.756428745178048256e+00
3.687416578891569596e+00
3.673394774951903141e+00
3.610985754608539988e+00
3.583349687468041278e+00
3.561020975552191103e+00
3.605988145033989678e+00
3.583878263550365428e+00
3.538581617105915900e+00
3.470783301074435556e+00
3.473001018740177859e+00
3.508938513608853782e+00
3.530497987258635284e+00
3.522847317090293640e+00
3.477301494877079069e+00
3.529672635672754577e+00
3.546489083488748140e+00
3.505763601165303722e+00
3.480846343586796898e+00
3.453731213124445976e+00
3.492527153594151557e+00
3.539832846820953005e+00
3.547560635026682618e+00
3.503902775434887040e+00
3.571812949165470208e+00
3.595507579375766483e+00
3.651721363751046834e+00
3.636647563721206122e+00
3.672133224938987084e+00
3.734286201944629902e+00
3.766863125932197409e+00
3.671985273202984512e+00
3.708683527431913429e+00
3.774038647304806648e+00
3.876901240523676684e+00
3.835685852974294985e+00
3.817092644317772621e+00
3.835924969957424935e+00
3.803141934755841724e+00
3.850147163803407935e+00
3.885346053327667359e+00
3.855425447848741083e+00
3.895992952556939226e+00
3.951096362759610514e+00
3.980447740065876872e+00
3.946180178256017079e+00
3.991295711097656351e+00
3.956221754203235186e+00
3.975522578374059535e+00
3.984925461701950500e+00
3.974926251971195867e+00
4.040925521323185166e+00
4.135132890022611640e+00
4.150166650541951441e+00
4.075418269737534516e+00
4.011549994720877699e+00
4.085811371765106337e+00
3.961792472782385222e+00
3.973567766919466226e+00
3.929297094042588867e+00
3.979562234376702534e+00
3.910067216062353967e+00
3.876315692443698335e+00
3.928456043975975476e+00
3.884853353357619721e+00
3.844829902082392614e+00
3.822465910370122177e+00
3.872960583040806259e+00
3.796995958557344952e+00
3.753624831517583083e+00
3.767301165542109143e+00
3.734951099140740638e+00
3.768954631505511355e+00
3.797884503083049701e+00
3.785702784348249139e+00
3.793329321561334844e+00
3.746817062841603541e+00
3.682642550499255041e+00
3.628689710773247867e+00
3.633762969611106897e+00
3.695149138542933365e+00
3.645599277338958721e+00
3.766447562295120122e+00
3.770267993738658063e+00
3.719019643159066302e+00
3.702532767230941158e+00
3.745415682352501996e+00
3.669145326245550898e+00
3.678027152808289735e+00
3.663994967565074479e+00
3.699000508845979418e+00
3.743770206575860904e+00
3.665945670609231044e+00
3.670278935772341100e+00
3.658655156824711874e+00
3.672788517441338829e+00
3.644922512899825051e+00
3.587147582961490500e+00
3.625862687647062543e+00
3.562755126241981873e+00
3.599737706334175336e+00
3.551967229465851084e+00
3.631865843193943011e+00
3.622810953470424700e+00
3.591754713411539068e+00
3.553626329918138094e+00
3.604893039594157411e+00
3.551424537905266021e+00
3.552079054623801024e+00
3.459353869256914127e+00
3.467192052123757140e+00
3.473932315913102364e+00
3.549239084573081016e+00
3.471726096087206059e+00
3.504588744620919183e+00
3.434288848720271403e+00
3.424299095249637492e+00
3.377561635708619114e+00
3.430194742645856110e+00
3.438074233574297978e+00
3.449301480643664597e+00
3.388636292665924810e+00
3.409898969456391704e+00
3.419370018073688122e+00
3.408853907413847306e+00
3.400843667676871185e+00
3.394650235201586597e+00
3.350196041618863863e+00
3.338747131728756035e+00
3.445883222151192804e+00
3.430267340109349306e+00
3.350091563357729729e+00
3.318130508975776216e+00
3.197685103772892834e+00
3.314301096899569643e+00
3.226283745435775341e+00
3.224813951311231275e+00
3.188592398402968264e+00
3.205585917594885537e+00
3.211544942292789528e+00
3.175552482387066444e+00
3.191203883932292040e+00
3.287797984711267496e+00
3.220486847110404227e+00
3.295825421854800208e+00
3.325227259247259592e+00
3.391229296767738433e+00
3.420331710240117840e+00
3.396078089598075334e+00
3.438528429712308654e+00
3.461597047455563736e+00
3.506769676541010572e+00
3.480787119043323941e+00
3.529937196027323587e+00
3.466950372866175467e+00
3.522150486992374763e+00
3.591833070596808231e+00
3.600721917961359431e+00
3.687100657480223198e+00
3.695866892633556500e+00
3.822768179412262768e+00
3.750964789146516321e+00
3.834379778787769588e+00
3.836997246175804843e+00
3.866638331031245546e+00
4.003942105384637351e+00
3.931581759205220461e+00
3.928694836517615308e+00
3.915520799910528815e+00
3.894109842087884577e+00
3.870948009514277643e+00
3.843804554938145657e+00
3.811218277821037947e+00
3.767261969622297979e+00
3.696119097505836670e+00
3.661868862372553490e+00
3.679037645239711551e+00
3.705962858556863804e+00
3.705092684915880952e+00
3.728007175114908200e+00
3.691988822496890865e+00
3.669348999730575045e+00
3.662279710679577249e+00
3.698141294783688693e+00
3.718476196912855247e+00
3.615561716055454067e+00
3.710212123714138777e+00
3.648722206977108140e+00
3.717735335337182256e+00
3.615018899914059780e+00
3.571995402088530724e+00
3.539233948362170867e+00
3.429223859545216690e+00
3.497090757544289108e+00
3.486298238537524519e+00
3.499361533165532112e+00
3.533777826076125006e+00
3.568934032590030725e+00
3.597871630110468733e+00
3.646851647394830476e+00
3.603008469730442975e+00
3.543061974135507164e+00
3.539999212333394762e+00
3.539282313885216080e+00
3.539665258638908352e+00
3.517175001459829531e+00
3.539616737070903518e+00
3.562757807881987038e+00
3.519213016957126072e+00
3.509550879777657340e+00
3.535030159376963077e+00
3.510862093590472632e+00
3.548140261132298079e+00
3.479967523661204432e+00
3.531779945508304763e+00
3.543562753296013224e+00
3.629039183261443036e+00
3.712547129871722973e+00
3.661067228812358021e+00
3.607898529229151219e+00
3.559111187224109685e+00
3.561082006633098374e+00
3.571911138751067583e+00
3.521666563275448691e+00
3.537171925578572740e+00
3.599402097309890802e+00
3.652279357586483588e+00
3.633314592698657197e+00
3.589597652328930355e+00
3.525500081626780968e+00
3.523900171611447973e+00
3.500526573899210625e+00
3.470552784392587409e+00
3.568976731708560113e+00
3.516744911949015062e+00
3.494059484641256041e+00
3.471152993957928867e+00
3.499524913077399102e+00
3.542897251208451781e+00
3.484974085997925020e+00
3.494420378336116961e+00
3.432785730135078595e+00
3.405316771209096594e+00
3.384643715655251572e+00
3.325709597292517028e+00
3.339759622002334893e+00
3.296930372004294618e+00
3.285039412245134738e+00
3.287983967645631722e+00
3.272979917693449092e+00
3.276343577592907508e+00
3.263811424451787069e+00
3.288006290698429535e+00
3.298463601069788531e+00
3.381784574123107401e+00
3.378538873408523102e+00
3.387219788485382743e+00
3.436380892261966302e+00
3.356641643175048983e+00
3.364994361111649290e+00
3.401164847445620865e+00
3.479481400129571966e+00
3.414585480060343681e+00
3.393813212346067587e+00
3.382249747490924108e+00
3.402152457763326421e+00
3.481595803576607029e+00
3.538685734962091711e+00
3.647231882790793911e+00
3.673135191277935530e+00
3.672273126455075420e+00
3.726166458386023894e+00
3.657665382330522519e+00
3.714993932338638061e+00
3.740163966320255273e+00
3.761875827539825856e+00
3.797713986000120556e+00
3.797270413218128304e+00
3.778312242482533279e+00
3.780276301151819673e+00
3.847093282222744826e+00
3.879571164267819228e+00
3.903052964234646982e+00
4.018055957270271428e+00
4.006574605952456736e+00
4.066355366388857639e+00
4.051611458258435050e+00
4.063146683054621455e+00
4.089285656608407038e+00
4.132710725440417399e+00
4.122766262064701870e+00
4.054476447442687537e+00
4.029663243264243633e+00
3.987494317601631533e+00
4.032490876453463713e+00
3.986612783584662978e+00
4.002304049389379337e+00
4.085549268593114292e+00
4.071244410002180736e+00
4.007643601337108841e+00
3.972779485869137428e+00
3.950406862244343120e+00
3.915202197381064231e+00
3.928670466396340544e+00
3.918073513330975643e+00
3.834108633010501421e+00
3.835195556296780328e+00
3.757418291242421216e+00
3.762730930752914205e+00
3.827805559777367694e+00
3.824213042294892784e+00
3.764587567463868023e+00
3.700344584672171866e+00
3.711998531346241137e+00
3.759205919795449269e+00
3.664809337889474161e+00
3.662944955326131957e+00
3.528286239364438970e+00
3.507874567798783705e+00
3.552359520599285947e+00
3.624773941466803873e+00
3.619855448991678770e+00
3.661792888701786097e+00
3.707300184535886611e+00
3.757899436372374780e+00
3.690356966409784611e+00
3.661969187152726235e+00
3.700675467057143564e+00
3.684355090252931397e+00
3.656998125016606149e+00
3.724558087549345586e+00
3.763639582372697134e+00
3.767378689918943202e+00
3.676814326232800134e+00
3.721529637338889529e+00
3.699420913097160923e+00
3.684360725676322446e+00
3.719154756431649833e+00
3.645294889716374609e+00
3.610944343111573751e+00
3.717533411638454854e+00
3.736863773283443102e+00
3.758151820732221982e+00
3.731252564416703166e+00
3.744282829730747331e+00
3.713992304089464014e+00
3.722638572550962976e+00
3.680055341077260511e+00
3.692661106531502035e+00
3.669654649599696228e+00
3.740291198765167913e+00
3.698866875679951427e+00
3.620800167051942520e+00
3.652763208987289900e+00
3.657116995888368027e+00
3.650956176976404510e+00
3.591641381886378603e+00
3.653887859733700338e+00
3.678297382862962817e+00
3.679799544219900742e+00
3.670456220219731502e+00
3.716666510274727830e+00
3.751238536578706650e+00
3.792796255022388596e+00
3.779503649517380826e+00
3.742761361155092281e+00
3.755588907369194374e+00
3.880189436560072647e+00
3.908311957344001275e+00
3.841755140019816661e+00
3.843791274638172606e+00
3.761813225517275150e+00
3.752707570738866405e+00
3.737350327980186293e+00
3.748109509473322110e+00
3.740897107967107171e+00
3.809678216368060699e+00
3.845695602762912557e+00
3.864345298187726652e+00
3.818530447059533373e+00
3.737194981114715375e+00
3.684074999397236816e+00
3.575284927544895019e+00
3.585783654562843648e+00
3.515023599717729930e+00
3.529718473748739260e+00
3.493756851882387160e+00
3.510603428304880591e+00
3.530221461167260433e+00
3.563219826369711907e+00
3.539570890288388672e+00
3.556920152829091464e+00
3.555224459822318384e+00
3.609861695387665215e+00
3.637885494793942964e+00
3.624328664169483627e+00
3.603436195798699337e+00
3.626497570916725532e+00
3.607033941511623709e+00
3.568462822515142463e+00
3.551399479556950123e+00
3.573131918559986353e+00
3.589337467028734796e+00
3.480236508489109148e+00
3.529048241221171001e+00
3.603551055677925330e+00
3.650573983626462127e+00
3.747621855975295624e+00
3.744319544908189634e+00
3.759740943543055547e+00
3.710210193487223584e+00
3.723014057712755953e+00
3.706825397862944182e+00
3.713023535947812093e+00
3.722897282688434117e+00
3.768780827325586724e+00
3.783759417439124029e+00
3.784316218196188242e+00
3.791554710579819076e+00
3.779677924472439887e+00
3.806346251090019450e+00
3.901148924506333326e+00
3.888942700677264330e+00
3.925946389898699707e+00
3.869451002999890310e+00
3.893253760659859619e+00
3.863991737938515580e+00
3.929230772164441277e+00
4.038320791558978051e+00
4.052049056380726100e+00
4.034577773571911941e+00
4.052868768221987494e+00
4.061174632698610232e+00
4.037123026703633322e+00
4.032989714049361574e+00
4.102741625848456586e+00
4.162383914637529436e+00
4.119046009372011596e+00
4.021253654444850945e+00
4.019053416492642583e+00
3.873723970956332252e+00
3.839200968420680926e+00
3.817462693957548225e+00
3.773566361544486991e+00
3.741410727693141869e+00
3.733347031571891517e+00
3.675319385682873197e+00
3.633059670943321606e+00
3.588822925098408501e+00
3.700290045307887521e+00
3.685355356247674852e+00
3.680167156822450991e+00
3.650030159409045627e+00
3.668225694406344939e+00
3.633335173919260974e+00
3.618492834587974105e+00
3.613638700143369409e+00
3.602039530811865564e+00
3.618671687805148807e+00
3.633772110237178499e+00
3.590578255641224459e+00
3.561848882283827677e+00
3.594889583536816868e+00
3.702693530928114374e+00
3.706668068481810963e+00
3.770821366944054454e+00
3.790964692425715654e+00
3.801932076693875118e+00
3.825693159132892873e+00
3.914216371902497826e+00
3.941484721077463060e+00
3.957683307783428361e+00
4.046566072367897782e+00
4.075387094678205813e+00
4.018062333510287409e+00
4.089831208258111417e+00
4.129515927841697298e+00
4.131412110045950214e+00
4.113127513395479440e+00
4.094236590886922933e+00
4.073024917459017402e+00
4.010527836473572805e+00
3.947429170347415806e+00
3.913058598313868597e+00
3.923893214337164981e+00
3.956727557843289222e+00
3.917470567669655068e+00
3.962576430422515728e+00
3.848352422016732888e+00
3.856424739072819019e+00
3.830955827778874667e+00
3.768698739173989676e+00
3.749670805048896938e+00
3.697656960018963712e+00
3.655735038910550738e+00
3.634212395328764611e+00
3.667525048253993614e+00
3.617961037881006092e+00
3.626228930843023335e+00
3.671969479097476619e+00
3.650730075337477398e+00
3.596290980271834581e+00
3.590780537400131589e+00
3.603186631619009539e+00
3.582703650855479705e+00
3.621855084406261582e+00
3.668777491788762113e+00
3.701654230655587519e+00
3.746215380969556197e+00
3.732862046665129441e+00
3.714326682119140965e+00
3.749702042427486059e+00
3.730342901102166042e+00
3.805367946154757597e+00
3.702616892315552910e+00
3.757712894716695118e+00
3.760065071993566654e+00
3.778420880883103461e+00
3.770897975258515000e+00
3.773870766421503209e+00
3.731446165859039432e+00
3.726735564008540891e+00
3.647365870007428512e+00
3.658608489503862415e+00
3.620525344883977592e+00
3.533090154576842501e+00
3.542484382029873036e+00
3.527730062519375931e+00
3.519008490035733239e+00
3.468628679501907008e+00
3.485024867034789864e+00
3.478859451155478677e+00
3.515786566830332305e+00
3.512914291083373275e+00
3.495847162338545644e+00
3.474655023613490545e+00
3.514606798797534015e+00
3.491803508418379831e+00
3.476353543702155324e+00
3.547245448860423256e+00
3.620264796409077945e+00
3.647601798567949860e+00
3.631810081199402962e+00
3.680129698978938713e+00
3.664437530815624733e+00
3.705356328816130418e+00
3.678249624315525601e+00
3.716591977232203359e+00
3.690371732145398376e+00
3.806916774252317115e+00
3.917421515162056611e+00
3.934231272515373856e+00
3.927720506911618781e+00
3.934913875404102868e+00
4.036980825483921009e+00
4.029423228106670862e+00
4.022103118306479708e+00
3.948652929746898632e+00
3.918017229132975121e+00
3.937045809579327038e+00
3.975391174839066011e+00
3.881194826662914821e+00
3.859781672688111342e+00
3.909168339710372031e+00
3.942301388750179658e+00
3.863079360204654922e+00
3.826303041685090722e+00
3.837843764540860292e+00
3.873701746684547143e+00
3.873439419853277332e+00
3.867335288182205399e+00
3.884615663362916749e+00
3.922065981807681734e+00
3.924904171241366591e+00
3.811758107689423358e+00
3.797648008494234340e+00
3.846895349447008172e+00
3.876886533394300560e+00
3.877589170254803097e+00
3.854181856809210327e+00
3.886169881724467867e+00
3.884960475796845891e+00
3.920453249053812872e+00
3.964359662304936194e+00
3.927997613282492750e+00
3.884003134245052280e+00
3.949819287789269495e+00
3.989774959691993139e+00
3.966742198156158583e+00
3.891693905114043783e+00
3.924777124828779495e+00
3.979138470899080460e+00
3.921318207673178069e+00
3.856830676598704155e+00
3.789138860976136947e+00
3.823315294292980671e+00
3.813950250030327727e+00
3.873329923238018058e+00
3.856297392966832049e+00
3.904364963868439897e+00
3.862876327281046240e+00
3.787329824128927047e+00
3.783025368567721092e+00
3.766002332720432833e+00
3.807394678726120141e+00
3.740352804146445109e+00
3.777715049250301771e+00
3.798353037886598393e+00
3.725170431458035392e+00
3.811392049670789373e+00
3.813049319107672641e+00
3.844401415005143541e+00
3.752468494854783732e+00
3.774503348632466615e+00
3.850916236245907509e+00
3.882599922057524022e+00
3.792303557406680792e+00
3.820995428259428728e+00
3.879093080446691655e+00
3.965420119576762215e+00
3.954209032777330268e+00
3.967986688325200628e+00
3.926305571752965573e+00
3.901556072695687938e+00
3.906827831762566650e+00
3.945501177841652218e+00
4.011713932409747052e+00
3.987881834961825689e+00
3.945057591207278502e+00
3.961962975461867931e+00
4.006170908130155084e+00
3.978837454928829676e+00
3.949320771062721391e+00
3.947352348343934114e+00
3.893684284071754487e+00
3.937744695778876647e+00
3.943487173947795910e+00
4.073758047557562989e+00
4.067354399025101763e+00
3.990637508393940269e+00
3.907766680380424074e+00
3.990110996478138272e+00
4.016364047142311655e+00
4.026432463239238757e+00
4.020353721248229206e+00
4.048016051858409625e+00
4.082910510273588756e+00
4.051790679327971212e+00
4.073595671091831072e+00
3.961207988868920005e+00
3.969564538122965391e+00
3.876745454843166350e+00
3.922293174953331629e+00
3.981923924199605835e+00
3.900467460114114271e+00
3.875705324121015316e+00
3.889989505247555268e+00
3.864133294053232248e+00
3.879084715901669256e+00
3.885230584993309311e+00
3.879784775759584470e+00
3.647074577348119018e+00
3.560715601580769274e+00
3.499826211536012366e+00
3.563047781865423147e+00
3.562794955044781720e+00
3.534523571547337539e+00
3.562998681499203624e+00
3.530890402770481717e+00
3.509487045158266039e+00
3.474099657154287701e+00
3.453260387472465442e+00
3.392513734713782370e+00
3.419314220282104522e+00
3.498009308622230140e+00
3.510627680657112393e+00
3.511436518684486696e+00
3.478756610123149962e+00
3.462111833351366741e+00
3.523484557839012155e+00
3.562984042588535516e+00
3.560752952957333850e+00
3.573028434038349577e+00
3.622565020038364558e+00
3.597126886589533168e+00
3.564441313379891785e+00
3.759358312934328428e+00
3.829444264997444503e+00
3.763126228070126977e+00
3.636111434005245169e+00
3.679486198335932379e+00
3.636485616095469720e+00
3.599978353710566736e+00
3.557653825864562691e+00
3.592293786211162132e+00
3.581647312911279801e+00
3.529565731975071952e+00
3.557651578093812716e+00
3.457703690621280135e+00
3.471334330816620906e+00
3.423945538761379304e+00
3.476998914716671774e+00
3.526712307519008327e+00
3.520640347543516846e+00
3.505764248112486214e+00
3.507078009334269275e+00
3.484553486723166671e+00
3.444320603370495615e+00
3.455197307921396010e+00
3.507151789695122535e+00
3.574752599000748265e+00
3.506752686597851110e+00
3.492545040466278117e+00
3.565923548447717195e+00
3.659532654075806413e+00
3.678808476990230503e+00
3.755868764339807431e+00
3.731548970191338466e+00
3.795900852500175393e+00
3.711581634185745937e+00
3.666956204678413656e+00
3.707185994277348851e+00
3.763364229555418827e+00
3.847157547559513002e+00
3.871941922027927863e+00
3.883556755213969591e+00
3.921076593636954932e+00
3.898098434346920271e+00
3.893594302311474298e+00
3.902354619112695655e+00
3.875166334898599629e+00
3.903070232899032543e+00
3.970929649677065409e+00
3.956930810935431531e+00
3.903694064046911993e+00
3.860112776427172321e+00
3.926180852914532338e+00
3.871562363939298645e+00
3.923166532075984758e+00
3.871691108735877407e+00
3.836458152555434431e+00
3.815615749035557336e+00
3.862795365894410970e+00
3.790259412498635960e+00
3.842387907202328812e+00
3.793914802447965418e+00
3.833757509665779217e+00
3.824271856429376282e+00
3.696107794876724029e+00
3.616222933023636621e+00
3.682957204472918633e+00
3.658119934861164158e+00
3.654544168523218506e+00
3.693366940212809091e+00
3.676382891853761770e+00
3.632886201463941589e+00
3.635765680188814741e+00
3.567431430094522238e+00
3.533976689953396200e+00
3.488748483065172934e+00
3.549710011335236004e+00
3.544989613539107243e+00
3.602735797040314214e+00
3.545942084528102001e+00
3.587596187613120158e+00
3.550566777482023539e+00
3.466705844908647194e+00
3.469110597362073722e+00
3.506346306286970194e+00
3.566929925610196950e+00
3.702981862865075247e+00
3.680158776912838103e+00
3.725151876481326063e+00
3.832641917169286927e+00
3.909640935165498821e+00
3.864172698973419973e+00
3.841286046329411619e+00
3.839194270611740123e+00
3.881517180323895033e+00
3.924192690336997025e+00
3.943152455032793657e+00
3.975536249721836501e+00
4.029821711307758569e+00
3.997960669135448786e+00
4.039984433421198062e+00
4.017835741029263552e+00
4.004830635087743396e+00
3.974719946296825679e+00
4.021251124611487704e+00
3.998981815289220254e+00
4.058725411337483990e+00
4.182501322010545586e+00
4.192251087137227827e+00
4.044816420233885879e+00
4.055247070348381833e+00
3.988532847451510932e+00
4.010274348362273145e+00
4.000488701285656035e+00
4.010523766929261491e+00
3.948553992674229463e+00
3.953149403969618447e+00
3.958521400013879532e+00
3.876966810299073529e+00
3.804231844376386729e+00
3.709788313272841975e+00
3.671350036692898833e+00
3.532271096538782018e+00
3.580749791830535766e+00
3.648881217304453362e+00
3.714056227798579357e+00
3.705968644309464377e+00
3.733481324712070837e+00
3.734040372559063403e+00
3.771370951960595352e+00
3.787014681936581528e+00
3.822029163527671081e+00
3.818716754849758477e+00
3.803584235520343526e+00
3.945187187686811647e+00
3.894976469285358789e+00
3.878893980640263361e+00
3.859958247592722547e+00
3.814737169960803698e+00
3.808993674226614612e+00
3.872838430165908452e+00
3.824815064184124314e+00
3.784213280144978153e+00
3.746586016951600762e+00
3.784352290119327833e+00
3.807874345477061606e+00
3.908665697268644212e+00
4.033908263823889229e+00
3.959023167707666158e+00
3.973906489994206481e+00
3.921022204504057029e+00
3.899113864864745871e+00
3.821186934488286280e+00
3.824906404595636022e+00
3.831106571115185044e+00
3.870494976277104371e+00
3.804673463107363762e+00
3.786227349828150679e+00
3.796162924846159026e+00
3.748602521312296876e+00
3.776366345677315994e+00
3.835535375152061111e+00
3.839865612153834373e+00
3.839160874449051519e+00
3.890167351871145041e+00
3.876771076951285977e+00
3.870404647961599665e+00
3.897211309873786611e+00
3.960712318025640943e+00
3.903956752873344982e+00
3.976315705639539289e+00
3.891845815507109396e+00
3.899080401461845646e+00
3.877566828609400940e+00
3.817438715991739784e+00
3.846745750496924909e+00
3.863334341864230748e+00
3.796949284593030605e+00
3.811313635910225539e+00
3.702078227270398703e+00
3.600136266317678135e+00
3.642083533496799586e+00
3.695972947923410690e+00
3.681620601905849721e+00
3.745271118381820141e+00
3.728110967775062790e+00
3.668300556788048450e+00
3.689949345214462717e+00
3.711326739558898247e+00
3.663550540406585565e+00
3.582617457830012508e+00
3.621961676830518506e+00
3.596794649246315867e+00
3.572339843627176048e+00
3.560635965569417305e+00
3.484410521340238986e+00
3.549235131340859439e+00
3.543440521957945677e+00
3.613293855519633002e+00
3.639403812880775746e+00
3.609594728187869972e+00
3.612014893314259734e+00
3.749604438821380725e+00
3.720210007591967738e+00
3.668748088251688966e+00
3.698271349656325757e+00
3.710967616571488215e+00
3.651083188058827922e+00
3.681135263473809260e+00
3.687260054252111008e+00
3.700290305508422861e+00
3.737964091332926397e+00
3.656026309422929277e+00
3.643323163083067584e+00
3.634113917773011071e+00
3.613777579272032803e+00
3.589894466759071978e+00
3.520192702851265842e+00
3.599327805082202847e+00
3.568713590206187281e+00
3.519947742884728115e+00
3.511117650218220199e+00
3.534502601710481695e+00
3.517953023883428898e+00
3.538957487286232606e+00
3.543388741245365736e+00
3.472107122356091757e+00
3.466862259438771243e+00
3.485790567597477629e+00
3.627283504079218623e+00
3.683675111142362457e+00
3.631424854969011129e+00
3.604945464313075387e+00
3.625115565314874111e+00
3.584616673096454154e+00
3.579455440477473438e+00
3.580648993506842181e+00
3.596970903888415005e+00
3.618414976091137270e+00
3.619627993282984235e+00
3.670685675654421942e+00
3.656205148408650629e+00
3.777020966960455528e+00
3.766251880167380772e+00
3.841633442510291374e+00
3.903018827100977362e+00
3.871709085210569778e+00
3.814299753609604604e+00
3.854060730328349393e+00
3.880474184595003706e+00
3.899654387010583978e+00
3.932228233943257045e+00
3.926037525255209548e+00
3.945952311257531431e+00
3.914115571377378089e+00
3.939152764520637451e+00
4.009790527008186167e+00
4.076242081024915365e+00
4.069800064285224117e+00
3.988162631156577653e+00
3.853297790123654032e+00
3.814451325081551047e+00
3.846954830944224302e+00
3.832104408033639942e+00
3.786503053112751704e+00
3.788555537769928261e+00
3.764092828050214390e+00
3.671550377041386870e+00
3.718336540287903613e+00
3.673969804088601077e+00
3.693926362221535253e+00
3.680676615212286062e+00
3.654796660800646357e+00
3.680970049402723543e+00
3.649540509092372709e+00
3.606383390529317001e+00
3.580686621998563357e+00
3.597518308890951477e+00
3.646078426898105018e+00
3.648446176344534830e+00
3.624049565726628064e+00
3.541336360719243181e+00
3.547081938216913866e+00
3.542854650590715693e+00
3.589475858806265407e+00
3.688587901122409196e+00
3.722080495585774695e+00
3.740535876045604446e+00
3.750943090813500636e+00
3.862477044050018460e+00
3.851202345659911597e+00
3.928263039067309670e+00
3.989119442784763603e+00
3.892690269756189814e+00
3.935246934204303937e+00
3.936474589098581500e+00
3.815769499178243596e+00
3.911848146785979807e+00
3.884378810823340800e+00
3.838737991471605770e+00
3.813624486130265279e+00
3.868104887998851105e+00
3.829362565577747901e+00
3.827602998475946094e+00
3.813835650740839966e+00
3.779393787271766225e+00
3.845069069357150759e+00
3.809585530187507008e+00
3.772360193448622390e+00
3.781364531227031200e+00
3.835749263037044887e+00
3.839440254661637741e+00
3.806506024014459033e+00
3.749292409895912392e+00
3.718040951905705160e+00
3.810019580145720397e+00
3.728417267608639563e+00
3.685603384764622792e+00
3.720127073251868310e+00
3.667187444055981516e+00
3.719325312333057632e+00
3.837866660362712956e+00
3.751148356308574350e+00
3.774216729193019315e+00
3.790365328258302746e+00
3.863316527278225276e+00
3.859599370758617365e+00
3.893446718240214821e+00
3.844271904630252035e+00
3.837154268080854358e+00
3.877284536161413442e+00
3.843655322632247628e+00
3.908572159517989419e+00
3.889966643313542694e+00
3.846110397349117971e+00
3.720366080773805262e+00
3.728031126630315661e+00
3.750049691000963747e+00
3.804792364200792587e+00
3.768545637636350865e+00
3.710075606829932759e+00
3.751371698478218164e+00
3.871254082467316948e+00
3.904046694444414545e+00
3.936355094302234292e+00
3.903915218591487601e+00
3.911307692490228582e+00
3.992411111242287536e+00
3.934163950240694874e+00
3.883765443575673881e+00
3.848392980347125736e+00
3.885132628993847703e+00
3.817429004917074931e+00
3.822949435911470406e+00
3.802509169463658356e+00
3.807469945110807164e+00
3.847197330583391750e+00
3.842202756318145784e+00
3.772327860366845975e+00
3.867393652896376377e+00
3.919052905235826945e+00
3.936241859391614195e+00
3.934313632929081095e+00
3.923997115184162610e+00
3.922496196229292575e+00
3.918816641762830510e+00
3.948455375143127721e+00
3.911584795880123977e+00
3.835337973847602999e+00
3.868021409779634823e+00
3.893639597691078258e+00
3.893593432060944881e+00
3.839587746129082380e+00
3.862514380684938686e+00
3.975924901769535502e+00
3.891204400074893321e+00
3.898887615725349143e+00
3.924185583004549560e+00
3.958289494531995967e+00
3.986883353731240032e+00
3.955405520607962799e+00
3.915639304150423161e+00
3.883308344445771443e+00
3.954510327937263536e+00
3.933098824592580645e+00
3.912165840908486292e+00
3.866353320330109700e+00
3.869953300921765038e+00
3.837933975062630676e+00
3.900112027013550531e+00
3.893929951699956593e+00
3.806263255261232548e+00
3.814567768949621573e+00
3.841187194581364928e+00
3.800447746365011703e+00
3.755475237077996020e+00
3.755537868411183311e+00
3.783196731896186993e+00
3.740567894237302848e+00
3.646212589467225929e+00
3.761191149090471697e+00
3.724965823206528803e+00
3.719200093381731520e+00
3.621349905384196433e+00
3.637309900643802330e+00
3.644069310528530448e+00
3.620966740549469431e+00
3.564279327533979025e+00
3.574249298684827991e+00
3.581962253479622937e+00
3.595509507999284704e+00
3.609689871749549805e+00
3.555200574343093667e+00
3.521051068346935153e+00
3.473998133403003230e+00
3.503027519351212149e+00
3.578811832987685904e+00
3.517003861542762788e+00
3.523851334697117643e+00
3.534154860429211453e+00
3.591269635849773767e+00
3.577158407222544856e+00
3.558379282877851324e+00
3.600419958842335344e+00
3.574546095126478029e+00
3.598714804243752230e+00
3.542701367725593631e+00
3.550827779008331575e+00
3.572484530130840330e+00
3.561725485399886981e+00
3.557583522048926916e+00
3.593719033773492999e+00
3.627927495999731633e+00
3.677579263339937565e+00
3.641584028764077274e+00
3.687203509401478563e+00
3.602424089583275091e+00
3.623965022658176771e+00
3.631802463819931326e+00
3.656809917198422966e+00
3.636582302498772901e+00
3.591476991906291438e+00
3.666763003579212921e+00
3.611750020186239585e+00
3.612444809855297922e+00
3.583636528013490530e+00
3.627107877706139405e+00
3.607058362704400167e+00
3.613475262917618558e+00
3.669579741585627275e+00
3.589566813626514197e+00
3.640033862340218196e+00
3.589696065271865244e+00
3.585981270889599060e+00
3.582340203144996238e+00
3.626987420924727701e+00
3.627818965843300436e+00
3.638286368062382259e+00
3.582594366382518380e+00
3.655972277006636961e+00
3.643454193776441308e+00
3.744052225865194039e+00
3.777525154056829315e+00
3.788848301034261290e+00
3.743935446805170653e+00
3.778382417146126659e+00
3.835890888984107239e+00
3.792344689128683832e+00
3.810201686600889204e+00
3.843465160817931547e+00
3.786070501492231344e+00
3.706165095903916740e+00
3.756819991800305569e+00
3.669620970744628341e+00
3.729015468421556623e+00
3.742287065266323598e+00
3.714092175288025377e+00
3.754883554147714353e+00
3.628471747987612073e+00
3.616661713033090031e+00
3.590149295922180350e+00
3.495466787489057037e+00
3.542871693480040829e+00
3.563545984644404196e+00
3.493130882181262553e+00
3.481162686248478799e+00
3.431750642500831283e+00
3.369020842806730087e+00
3.411377743445852317e+00
3.457236139079931547e+00
3.443755009446994197e+00
3.456396426798920896e+00
3.429250030986867426e+00
3.481896535769590351e+00
3.395490444139338315e+00
3.402256766063339821e+00
3.445768924900386665e+00
3.405158425102955633e+00
3.378311056863305240e+00
3.365731126305403720e+00
3.412677441774604414e+00
3.459621463935147911e+00
3.519294654776173648e+00
3.651233198626069765e+00
3.669293943993498175e+00
3.613769575129793576e+00
3.695292730217293986e+00
3.619144341755445637e+00
3.544086185771571529e+00
3.498428124573641718e+00
3.485065874594540869e+00
3.529758838641263274e+00
3.621045117703997729e+00
3.595109382263574904e+00
3.591140575748778652e+00
3.587369014261121869e+00
3.494996089347675028e+00
3.556629466547895468e+00
3.508568365144597578e+00
3.597315989132074510e+00
3.650142537972731027e+00
3.646552399281721257e+00
3.715959062388538570e+00
3.780163222913204280e+00
3.787841071282717298e+00
3.734408055648368308e+00
3.657442735585206606e+00
3.663699755852541706e+00
3.663317060541129155e+00
3.687709559195067932e+00
3.647889961615297771e+00
3.606107343520791542e+00
3.601338076278419731e+00
3.687944281313421335e+00
3.778152836416691418e+00
3.791679584660835545e+00
3.803499608229046203e+00
3.772120326939070178e+00
3.714655717155740167e+00
3.652665486892685553e+00
3.598343791814797132e+00
3.666637887829833797e+00
3.638493207374126293e+00
3.631466707955820716e+00
3.587215823551419103e+00
3.568644082322644184e+00
3.552920967540237118e+00
3.547493699945076795e+00
3.519556979802400676e+00
3.519288077792491531e+00
3.556486378565811624e+00
3.595598719426950307e+00
3.528938489955202762e+00
3.587167160966467261e+00
3.538144764437557654e+00
3.633727624331958950e+00
3.635047228046516921e+00
3.609736183549625999e+00
3.587410849184373696e+00
3.573104451543419824e+00
3.583273990897530403e+00
3.549238531141148734e+00
3.547723222868642168e+00
3.692280362304544816e+00
3.706270018788408560e+00
3.806597395871267331e+00
3.797088254422241516e+00
3.737092484669888748e+00
3.783111606784056224e+00
3.832474553138243145e+00
3.870160513683124304e+00
3.949160461093248475e+00
3.923058010411498486e+00
4.026600728895388670e+00
4.009218538683486877e+00
3.989159457525232266e+00
4.054614109613750905e+00
4.064895552921121258e+00
4.062816733987631324e+00
4.128971061163086098e+00
4.091965601661921248e+00
4.117474996720723368e+00
4.193283053182405240e+00
4.177892385878023696e+00
4.170647763364609517e+00
4.175877469151372701e+00
4.228573441964588397e+00
4.224206751679608907e+00
4.085214240307451838e+00
4.106988601209787149e+00
4.058505617726319237e+00
3.982094343289581673e+00
4.038899944794279939e+00
4.098283295651785174e+00
4.054331400043919231e+00
4.073342399225957422e+00
4.031568359059643392e+00
4.013372659067293569e+00
3.991075143086130428e+00
3.995886504938133577e+00
4.022844549907211409e+00
3.964705364262457898e+00
4.051818664248719948e+00
3.979930974846777048e+00
4.003497729085044199e+00
3.997554733255927140e+00
3.983134449406278588e+00
4.017558254700771769e+00
4.035107837570157230e+00
4.075733776979181933e+00
4.066335139807232046e+00
4.114610859162417533e+00
4.168412581491677926e+00
4.151107864885472232e+00
4.171223167536280307e+00
4.101372959251510686e+00
4.233566635923924792e+00
4.254594448417535979e+00
4.218217786727832319e+00
4.259662494111799980e+00
4.143384358057094374e+00
4.127435672189801785e+00
4.057491173061340994e+00
4.032313170757039877e+00
4.020532374099993866e+00
4.031280471847868085e+00
4.007327080205183023e+00
3.983649854997411754e+00
4.043002342940520855e+00
3.965725716121236921e+00
3.964232569029552344e+00
4.059710585677350991e+00
3.959044267254708149e+00
3.970840116105253781e+00
3.889577946006944398e+00
3.880477741530955704e+00
3.776597650721074562e+00
3.715212505843557000e+00
3.775683001832546015e+00
3.781840321912958824e+00
3.860013223435330154e+00
3.854385457532822024e+00
3.860629536253389116e+00
3.857791358626475819e+00
3.873632768146556327e+00
3.951314625147609227e+00
3.978238635658236877e+00
3.928990903736850893e+00
3.927513713942258011e+00
3.902129379029184442e+00
3.912083688264950787e+00
3.971628865814837983e+00
3.824512976819384846e+00
3.797211007943278815e+00
3.773009128143919089e+00
3.827942913610717479e+00
3.704194264257864688e+00
3.806001670817621640e+00
3.779538230486352290e+00
3.821736336785674482e+00
3.761656464669542732e+00
3.866358816877531357e+00
3.872142812615340102e+00
3.957978690693913837e+00
3.966589689970979382e+00
3.951202945776085773e+00
3.910708009825850873e+00
3.940490174482905950e+00
3.934750177061996812e+00
3.914410142934431569e+00
3.913608461991028520e+00
3.817922512871246621e+00
3.899262372475327698e+00
3.907159004346665743e+00
3.988347034238053368e+00
3.909926386111262531e+00
3.865417163920368271e+00
3.953062234359970617e+00
3.926668831998008091e+00
4.025297324254025533e+00
3.977390458872881673e+00
4.122229170786593677e+00
4.082126884969858871e+00
4.103259514536207853e+00
4.047043082286102766e+00
4.133076834373791364e+00
4.053775009461215717e+00
4.113743006713198369e+00
4.033971611884022757e+00
4.031695449967382494e+00
4.056008133992152764e+00
3.981878270416212562e+00
3.988945504726214786e+00
3.823713713307054007e+00
3.803225105370229731e+00
3.707151901666263516e+00
3.800923101630188317e+00
3.824067411688314877e+00
3.781426023527038716e+00
3.757416660040582279e+00
3.782391379303455370e+00
3.766061568017883499e+00
3.788747816181444517e+00
3.808891680744209030e+00
3.804442219403000980e+00
3.767873996817502569e+00
3.719848978904234382e+00
3.638255638622924781e+00
3.610206158392522457e+00
3.677269205213315573e+00
3.654161888925235413e+00
3.723337988953650868e+00
3.663992397484479913e+00
3.649423237572372969e+00
3.619795850919224733e+00
3.580988440586742261e+00
3.650907105262834129e+00
3.655385348457531158e+00
3.842904012680474768e+00
3.802219147021969725e+00
3.889323332140665723e+00
3.854466720040008898e+00
3.842900158805199862e+00
3.849511002630096712e+00
3.824928765516812490e+00
3.879665043741943542e+00
3.924717057535873188e+00
3.940905429250532332e+00
3.958757789794287607e+00
3.969997810432501328e+00
4.054997093383637896e+00
4.064242672117522659e+00
4.157673451367253747e+00
4.130692410944412529e+00
4.169426240344513701e+00
4.224079155654944628e+00
4.138537544228505283e+00
4.206865759649130787e+00
4.237468115571168426e+00
4.253856989645928621e+00
4.277123174060371014e+00
4.316053816681446165e+00
4.309790723849793892e+00
4.261869013748275314e+00
4.373975004042534032e+00
4.350852263695127675e+00
4.363348633203955274e+00
4.298195698047682534e+00
4.274967269206116249e+00
4.224461549529452853e+00
4.108786158305389513e+00
3.969066597862085821e+00
3.922914156900862537e+00
3.900264267632548076e+00
3.816244824378564715e+00
3.773942906559165422e+00
3.718623405813136884e+00
3.677863591232822582e+00
3.740222556211219462e+00
3.659851110456528112e+00
3.582158599207828864e+00
3.524081722089349000e+00
3.466787164778068586e+00
3.432910269893105770e+00
3.430136217605625149e+00
3.432603679584545819e+00
3.376203964083498654e+00
3.329504295945514780e+00
3.293388518301922030e+00
3.276496970613664406e+00
3.259623008924268373e+00
3.258522045824176150e+00
3.289793125161585952e+00
3.305344815380966583e+00
3.291650197894141705e+00
3.324745850034927397e+00
3.395481012418246625e+00
3.416066940810984498e+00
3.408157100360178493e+00
3.390161261387970804e+00
3.378227938047932533e+00
3.362440714980428957e+00
3.375392863296338586e+00
3.342361157646934089e+00
3.329070664758827736e+00
3.364048433960755258e+00
3.419487958227891422e+00
3.388140015378926506e+00
3.416405839038968217e+00
3.390754654121526546e+00
3.364294534013140936e+00
3.328531964430515355e+00
3.388567956143222037e+00
3.429122892523684740e+00
3.407894716752150277e+00
3.455914547959558103e+00
3.366199937807883291e+00
3.441298478689626794e+00
3.450924971623877457e+00
3.389438366745727294e+00
3.386554215171764248e+00
3.438252898737205410e+00
3.430940184650866698e+00
3.414827270340192733e+00
3.465873838281413821e+00
3.461513171951760892e+00
3.514747936716355881e+00
3.534614233573840636e+00
3.478262981255952901e+00
3.520757557592542941e+00
3.528909025441830938e+00
3.508530127879773808e+00
3.567132451647615277e+00
3.541987361434092652e+00
3.599125965706050589e+00
3.637465625909559463e+00
3.674403840424825596e+00
3.552447060436678683e+00
3.587362747497987669e+00
3.602758081273747859e+00
3.593838345932355072e+00
3.702470337878760898e+00
3.634864121173674523e+00
3.663614154593038741e+00
3.729328854388813230e+00
3.761452415150939199e+00
3.718577351371795015e+00
3.745667617027516716e+00
3.697990021508629432e+00
3.718427710184562418e+00
3.742436499106569503e+00
3.768417142063964498e+00
3.759270133464536645e+00
3.824161159873255666e+00
3.860004189741604641e+00
3.838881452526856641e+00
3.882079623327588713e+00
3.813173759431630838e+00
3.823619182367422376e+00
3.821627822390474716e+00
3.776394998792948154e+00
3.810150585442351634e+00
3.912746857958429469e+00
3.895661822613801117e+00
3.910899672309943398e+00
3.852816925672826187e+00
3.813210918388004966e+00
3.774660030341759231e+00
3.761139221636972341e+00
3.773837600404990056e+00
3.750908331446747734e+00
3.757070014373653066e+00
3.733383270547090849e+00
3.855127154228769726e+00
3.824469232582506706e+00
3.894546526757184157e+00
3.890707991674814625e+00
3.896016230916104384e+00
3.907139001004221068e+00
3.751348050297443670e+00
3.758614078204158382e+00
3.802099614787342041e+00
3.844885761174631433e+00
3.737536014281267249e+00
3.730620516334889558e+00
3.784730111816414944e+00
3.755947279222155544e+00
3.721507241142706146e+00
3.658884659806845185e+00
3.638444397749588610e+00
3.658053977104215093e+00
3.738186344874347977e+00
3.831979167859703050e+00
3.846521312372415569e+00
3.878829981401350047e+00
3.933861292059235293e+00
3.874492868861172834e+00
3.874992018212996658e+00
3.816514194581414721e+00
3.841594299832932435e+00
3.773488916313243458e+00
3.760949885157177874e+00
3.773887136162319855e+00
3.793083573036043710e+00
3.938217531963670748e+00
3.954734764344290276e+00
3.865906085694396754e+00
3.873454230025230149e+00
4.012474731657276195e+00
4.022738860080756318e+00
3.993707676134530704e+00
3.994037439972347503e+00
3.979454885092166272e+00
4.064988669957070755e+00
3.980765661268665490e+00
4.045242150725077757e+00
3.981789809088357224e+00
3.931843917791497667e+00
3.908227442429130338e+00
3.904699383245109345e+00
3.871413471233561054e+00
3.935364025703808721e+00
3.951267011003046115e+00
3.983445017986169567e+00
4.008162362824521097e+00
3.914652534856392307e+00
3.907314107755533783e+00
3.848265101701394020e+00
3.818045871687861581e+00
3.852736770173148528e+00
3.864828317914609013e+00
3.903311130205726176e+00
3.843928605301729640e+00
3.838142819020949670e+00
3.822975854797727280e+00
3.761184674842975362e+00
3.697773610679969902e+00
3.740099213984579229e+00
3.731920040187444609e+00
3.820954430657807599e+00
3.725833228316122181e+00
3.713653888042497186e+00
3.734318893624828384e+00
3.765491348389066406e+00
3.758311344998292114e+00
3.779203409401737712e+00
3.773603322791823533e+00
3.809312229551848006e+00
3.777530616698701049e+00
3.737586561281411868e+00
3.861245966656302375e+00
3.896704161897731389e+00
3.963458803765150140e+00
3.945678480283035139e+00
3.915599518075879804e+00
3.935622508914971451e+00
3.934751987216252189e+00
3.988869194907563642e+00
3.997384224686224563e+00
3.922770854855851752e+00
3.959473497777853623e+00
4.004243902746434713e+00
3.952624632071602306e+00
3.923165726830155187e+00
3.900547423072260322e+00
3.981409793735618319e+00
3.944893506634110647e+00
3.950910125257732552e+00
3.949755984335355574e+00
3.982065599504009512e+00
4.020582593259360848e+00
4.043598911719201716e+00
4.001746066412244396e+00
4.010035467704916812e+00
4.018829277933377853e+00
3.975792139818691062e+00
3.968443049651889876e+00
3.954206675399851267e+00
3.947952952597362675e+00
3.939884628797572841e+00
3.894528153388575387e+00
3.906741291683461625e+00
3.902182784371531987e+00
3.909526035883483353e+00
3.923032934960124063e+00
4.014534251131792963e+00
4.086019392398526406e+00
4.083372819499316186e+00
4.089349431104808197e+00
4.102350532127618798e+00
4.050144126557314372e+00
4.107944465576904847e+00
4.098870233364618088e+00
4.115582480762219220e+00
4.044519953607678353e+00
4.022615391642614391e+00
4.053785856640992336e+00
4.038456439523657515e+00
4.021053069047527018e+00
3.985250973314234724e+00
3.968160914753055213e+00
3.930112633688346957e+00
3.990420604997766407e+00
4.044119769067814119e+00
3.988038606683224518e+00
3.947137683081143322e+00
3.978639687875249020e+00
3.944414255890953402e+00
3.974145715647159793e+00
4.014570600547371804e+00
3.961168219251320455e+00
3.862715048009053298e+00
3.924923961813198581e+00
3.959588248062797078e+00
3.977712653694146283e+00
3.953157126963640078e+00
3.985576497114101446e+00
3.983283169083429609e+00
3.972271393743950885e+00
4.013298521028271004e+00
3.976445311990734588e+00
3.951015852680203722e+00
4.009962388905256248e+00
3.982857223848740080e+00
4.064327611581799005e+00
4.064757039887372692e+00
4.050388945609726399e+00
4.019041723927398557e+00
4.034491493787875527e+00
4.135407271689901521e+00
4.182216629381377615e+00
4.052766108145173796e+00
4.088755736760155912e+00
4.023698146761194749e+00
4.041621719172940885e+00
4.044801670517029102e+00
4.092586302488668615e+00
4.062017763683497762e+00
3.982896330451691558e+00
3.984698900446992376e+00
3.926801628237694963e+00
3.950647359649416934e+00
3.957935061741391536e+00
3.899061958283379870e+00
3.842754488962045745e+00
3.833987442107796184e+00
3.791309624284355806e+00
3.765745461661056837e+00
3.827248170025497220e+00
3.806463340669166584e+00
3.791606236945017638e+00
3.854886267073266648e+00
3.850856836552473350e+00
3.830290652052430023e+00
3.784132251106068434e+00
3.752471383050982379e+00
3.832806461793025310e+00
3.842173001753752093e+00
3.907321854160107577e+00
3.915519089596060986e+00
3.885147871426574362e+00
3.962325582144578640e+00
3.931039934878727049e+00
3.962015430807968031e+00
3.941662773547711662e+00
3.902786216720691481e+00
3.819704260096048909e+00
3.845471329734809540e+00
3.909216657547398555e+00
3.993008634324592965e+00
4.022678986997365591e+00
4.108636193100013934e+00
4.084769077377687019e+00
4.057650920932214689e+00
4.044416330814620153e+00
4.078715313556461552e+00
4.066863718353269874e+00
4.020075302285913921e+00
4.054398540273902007e+00
4.063480967902320273e+00
4.040151862053391163e+00
4.049051564982734774e+00
4.015254312423807370e+00
3.956801411340842733e+00
3.934399132132400556e+00
3.956072852879401136e+00
3.908213830479539741e+00
3.972657711970422945e+00
3.987020251611005595e+00
3.934908064163166852e+00
4.078802688404728372e+00
4.144307741238123732e+00
4.128615887617643310e+00
4.099049420353782835e+00
4.133129981456296953e+00
4.116592440860896041e+00
4.049450196045445871e+00
4.074584903725573248e+00
4.080998677289665366e+00
4.082558543038533827e+00
4.067804843880303167e+00
3.994522082633989779e+00
4.006272234468247539e+00
3.956611940913630665e+00
3.991244049662248994e+00
4.050066758226690489e+00
3.909859038266751075e+00
3.970406879538922684e+00
3.953318527683209460e+00
3.933176300423521177e+00
3.862111026388323598e+00
3.871513303795904193e+00
3.899276084721132740e+00
3.836599963604761410e+00
3.881279738669662471e+00
3.874236493630434985e+00
3.792280649416830851e+00
3.817341955412782983e+00
3.853015743317726560e+00
3.750055853804926898e+00
3.778111326631250932e+00
3.830503763067355294e+00
3.832857608791820692e+00
3.836305926869135519e+00
3.801875387817281737e+00
3.820544439988561525e+00
3.866249724153976164e+00
3.778693349577575411e+00
3.715829755994734196e+00
3.615382016487156402e+00
3.636719036365586355e+00
3.725701418790871688e+00
3.732674820915913294e+00
3.779381821594894220e+00
3.788043045271025200e+00
3.846087128449931836e+00
3.844931772115603330e+00
3.808844346275756632e+00
3.924018586869314262e+00
3.899322926055659444e+00
3.926614620116589016e+00
3.965930282436987309e+00
3.904555989867258603e+00
3.847098671504957323e+00
3.952592549765221897e+00
3.886007306124118266e+00
3.875793195430548899e+00
3.848534405046186713e+00
3.879105766841057346e+00
3.883760328408225160e+00
3.875353144718608256e+00
3.880281703178311226e+00
4.044558369667298869e+00
4.163921714327475598e+00
4.175620346931410154e+00
4.175251323406434345e+00
4.198049395028505160e+00
4.207827645748288603e+00
4.183936443799680660e+00
4.217685313941293757e+00
4.224840425592481630e+00
4.149352938133359814e+00
4.148908732026088231e+00
4.070202554429172004e+00
4.062138441722852988e+00
4.057957027354220259e+00
4.112072302076617447e+00
4.130487213086772691e+00
4.160156368296789253e+00
4.142465052765407663e+00
4.171958529072668398e+00
4.146483420732493208e+00
4.193448395899730841e+00
4.185576566020669631e+00
4.198815982275460712e+00
4.210123955991813105e+00
4.238908845846454554e+00
4.142170998436369267e+00
4.142737003845787136e+00
4.217215183795219424e+00
4.165754481668896503e+00
4.138769238560813690e+00
4.084630485270268174e+00
4.074023938007203860e+00
4.034064642869238604e+00
4.038042433492893934e+00
4.087571368409119721e+00
4.115067919575443156e+00
4.149993066716810119e+00
4.212323643132427797e+00
4.186778747018853331e+00
4.169754989338782636e+00
4.222644185429244246e+00
4.252751543100150577e+00
4.269539891717094804e+00
4.289191277634184729e+00
4.279993326478306770e+00
4.271864488353037004e+00
4.295316742764543783e+00
4.268343514352070045e+00
4.269412119732728605e+00
4.209023846858571893e+00
4.213080672971527996e+00
4.120960526364930487e+00
4.061682505234014862e+00
4.141304863550823612e+00
4.222204038674777671e+00
4.157732440300963894e+00
4.196588763712873593e+00
4.249978931427776274e+00
4.187091774343612904e+00
4.189091891424120639e+00
4.152975444280536443e+00
4.136101179944894568e+00
