timestamp,idx,gpu_util_pct,mem_used_pct
1773008900.217314118,0,0,0.00
1773008900.217314118,1,0,0.00
1773008901.240574960,0,0,0.00
1773008901.240574960,1,0,0.00
1773008902.260509763,0,0,0.00
1773008902.260509763,1,0,0.00
1773008903.283024816,0,0,0.00
1773008903.283024816,1,0,0.00
1773008904.304330604,0,0,0.00
1773008904.304330604,1,0,0.00
1773008905.325576219,0,0,0.00
1773008905.325576219,1,0,0.00
1773008906.346541893,0,0,0.00
1773008906.346541893,1,0,0.00
1773008907.369050857,0,0,0.00
1773008907.369050857,1,0,0.00
1773008908.389731240,0,0,0.96
1773008908.389731240,1,0,0.01
1773008909.412162487,0,0,0.96
1773008909.412162487,1,0,0.01
1773008910.433470737,0,0,0.96
1773008910.433470737,1,0,0.01
1773008911.455105817,0,0,0.96
1773008911.455105817,1,0,0.01
1773008912.476985027,0,0,0.96
1773008912.476985027,1,0,0.01
1773008913.499213849,0,0,0.96
1773008913.499213849,1,0,0.01
1773008914.520410849,0,0,0.96
1773008914.520410849,1,0,0.01
1773008915.542043717,0,0,0.96
1773008915.542043717,1,0,0.01
1773008916.563858961,0,0,0.96
1773008916.563858961,1,0,0.01
1773008917.585041451,0,0,0.96
1773008917.585041451,1,0,0.01
1773008918.606667839,0,0,0.96
1773008918.606667839,1,0,0.01
1773008919.627925946,0,0,0.96
1773008919.627925946,1,0,0.01
1773008920.650474303,0,0,0.96
1773008920.650474303,1,0,0.01
1773008921.671332545,0,0,0.96
1773008921.671332545,1,0,0.01
1773008922.693019255,0,0,0.96
1773008922.693019255,1,0,0.01
1773008923.713851687,0,0,0.96
1773008923.713851687,1,0,0.01
1773008924.736173354,0,0,0.96
1773008924.736173354,1,0,0.01
1773008925.757813420,0,0,0.96
1773008925.757813420,1,0,0.01
1773008926.780122376,0,0,0.96
1773008926.780122376,1,0,0.01
1773008927.801309863,0,0,0.96
1773008927.801309863,1,0,0.01
1773008928.823338089,0,0,0.96
1773008928.823338089,1,0,0.01
1773008929.844384981,0,0,0.96
1773008929.844384981,1,0,0.01
1773008930.866149852,0,0,0.96
1773008930.866149852,1,0,0.01
1773008931.887202488,0,0,0.96
1773008931.887202488,1,0,0.01
1773008932.908768199,0,0,0.96
1773008932.908768199,1,0,0.01
1773008933.930135148,0,0,0.96
1773008933.930135148,1,0,0.01
1773008934.952150442,0,0,0.96
1773008934.952150442,1,0,0.01
1773008935.973769898,0,0,0.96
1773008935.973769898,1,0,0.01
1773008936.995362970,0,0,0.96
1773008936.995362970,1,0,0.01
1773008938.017211130,0,0,0.96
1773008938.017211130,1,0,0.01
1773008939.039307831,0,0,0.96
1773008939.039307831,1,0,0.01
1773008940.060046366,0,0,0.96
1773008940.060046366,1,0,0.01
1773008941.081670483,0,0,0.96
1773008941.081670483,1,0,0.01
1773008942.102657879,0,0,0.96
1773008942.102657879,1,0,0.01
1773008943.124912687,0,0,0.96
1773008943.124912687,1,0,0.01
1773008944.146004702,0,0,0.96
1773008944.146004702,1,0,0.01
1773008945.167727012,0,0,0.96
1773008945.167727012,1,0,0.01
1773008946.188065748,0,0,0.96
1773008946.188065748,1,0,0.01
1773008947.209664522,0,0,0.96
1773008947.209664522,1,0,0.01
1773008948.231732203,0,0,0.96
1773008948.231732203,1,0,0.01
1773008949.253592749,0,0,0.96
1773008949.253592749,1,0,0.01
1773008950.274318020,0,0,0.96
1773008950.274318020,1,0,0.01
1773008951.296575099,0,0,0.96
1773008951.296575099,1,0,0.01
1773008952.317965915,0,0,0.96
1773008952.317965915,1,0,0.01
1773008953.339688926,0,0,0.96
1773008953.339688926,1,0,0.01
1773008954.360480839,0,0,0.96
1773008954.360480839,1,0,0.01
1773008955.382683408,0,0,0.96
1773008955.382683408,1,0,0.01
1773008956.404863947,0,0,0.96
1773008956.404863947,1,0,0.01
1773008957.426605065,0,0,0.96
1773008957.426605065,1,0,0.01
1773008958.447572725,0,0,1.24
1773008958.447572725,1,0,0.01
1773008959.468124348,0,58,1.24
1773008959.468124348,1,0,0.01
1773008960.489695302,0,57,1.24
1773008960.489695302,1,0,0.01
1773008961.510269019,0,0,1.24
1773008961.510269019,1,0,0.01
1773008962.531230550,0,0,1.24
1773008962.531230550,1,0,0.01
1773008963.552660612,0,0,1.24
1773008963.552660612,1,0,0.01
1773008964.574836512,0,0,1.24
1773008964.574836512,1,0,0.01
1773008965.596851729,0,0,1.24
1773008965.596851729,1,0,0.01
1773008966.618571672,0,0,1.24
1773008966.618571672,1,0,0.01
1773008967.640481076,0,0,1.24
1773008967.640481076,1,0,0.01
1773008968.661301607,0,0,1.24
1773008968.661301607,1,0,0.01
1773008969.683398349,0,0,1.24
1773008969.683398349,1,0,0.01
1773008970.704409037,0,0,1.24
1773008970.704409037,1,0,0.01
1773008971.726357011,0,0,1.24
1773008971.726357011,1,0,0.01
1773008972.747162381,0,0,1.24
1773008972.747162381,1,0,0.01
1773008973.769130779,0,0,1.24
1773008973.769130779,1,0,0.01
1773008974.791431261,0,0,1.24
1773008974.791431261,1,0,0.01
1773008975.813132065,0,0,1.24
1773008975.813132065,1,0,0.01
1773008976.835282959,0,0,1.24
1773008976.835282959,1,0,0.01
1773008977.856925631,0,0,1.24
1773008977.856925631,1,0,0.01
1773008978.878382415,0,0,1.24
1773008978.878382415,1,0,0.01
1773008979.899907796,0,0,1.24
1773008979.899907796,1,0,0.01
1773008980.921237442,0,0,1.24
1773008980.921237442,1,0,0.01
1773008981.942891290,0,0,1.24
1773008981.942891290,1,0,0.01
1773008982.962956873,0,0,1.24
1773008982.962956873,1,0,0.01
1773008983.984327703,0,0,1.24
1773008983.984327703,1,0,0.01
1773008985.005495874,0,0,1.24
1773008985.005495874,1,0,0.01
1773008986.027510916,0,0,1.24
1773008986.027510916,1,0,0.01
1773008987.049498437,0,0,1.24
1773008987.049498437,1,0,0.01
1773008988.070873779,0,0,1.24
1773008988.070873779,1,0,0.01
1773008989.092031687,0,0,1.24
1773008989.092031687,1,0,0.01
1773008990.113227853,0,0,1.24
1773008990.113227853,1,0,0.01
1773008991.134131552,0,0,1.24
1773008991.134131552,1,0,0.01
1773008992.154290430,0,0,1.24
1773008992.154290430,1,0,0.01
1773008993.173870123,0,0,1.24
1773008993.173870123,1,0,0.01
1773008994.195629171,0,0,1.24
1773008994.195629171,1,0,0.01
1773008995.217335895,0,0,1.24
1773008995.217335895,1,0,0.01
1773008996.238253026,0,0,1.24
1773008996.238253026,1,0,0.01
1773008997.259712401,0,0,1.24
1773008997.259712401,1,0,0.01
1773008998.280991872,0,0,1.24
1773008998.280991872,1,0,0.01
1773008999.302167594,0,0,1.24
1773008999.302167594,1,0,0.01
1773009000.324453078,0,0,1.24
1773009000.324453078,1,0,0.01
1773009001.346692736,0,0,1.24
1773009001.346692736,1,0,0.01
1773009002.367816552,0,0,1.24
1773009002.367816552,1,0,0.01
1773009003.389045704,0,0,1.24
1773009003.389045704,1,0,0.01
1773009004.410527246,0,0,1.24
1773009004.410527246,1,0,0.01
1773009005.432018584,0,0,1.24
1773009005.432018584,1,0,0.01
1773009006.453210024,0,0,1.24
1773009006.453210024,1,0,0.01
1773009007.474428489,0,0,1.24
1773009007.474428489,1,0,0.01
1773009008.496429777,0,0,1.24
1773009008.496429777,1,0,0.01
1773009009.518158838,0,0,1.24
1773009009.518158838,1,0,0.01
1773009010.539605648,0,0,1.24
1773009010.539605648,1,0,0.01
1773009011.560669477,0,0,1.24
1773009011.560669477,1,0,0.01
1773009012.582987625,0,0,1.24
1773009012.582987625,1,0,0.01
1773009013.603023972,0,0,1.24
1773009013.603023972,1,0,0.01
1773009014.622775070,0,0,1.24
1773009014.622775070,1,0,0.01
1773009015.643959242,0,0,1.24
1773009015.643959242,1,0,0.01
1773009016.665152427,0,0,1.24
1773009016.665152427,1,0,0.01
1773009017.687206861,0,0,1.24
1773009017.687206861,1,0,0.01
1773009018.708356114,0,0,1.24
1773009018.708356114,1,0,0.01
1773009019.728778380,0,0,1.24
1773009019.728778380,1,0,0.01
1773009020.749066675,0,0,1.24
1773009020.749066675,1,0,0.01
1773009021.770113028,0,0,1.24
1773009021.770113028,1,0,0.01
1773009022.791871243,0,0,1.24
1773009022.791871243,1,0,0.01
1773009023.813986318,0,0,1.24
1773009023.813986318,1,0,0.01
1773009024.835357706,0,0,1.24
1773009024.835357706,1,0,0.01
1773009025.857235027,0,0,1.24
1773009025.857235027,1,0,0.01
1773009026.877340550,0,0,1.24
1773009026.877340550,1,0,0.01
1773009027.897443052,0,0,1.24
1773009027.897443052,1,0,0.01
1773009028.919220584,0,0,1.24
1773009028.919220584,1,0,0.01
1773009029.940654370,0,0,1.24
1773009029.940654370,1,0,0.01
1773009030.962695503,0,0,1.24
1773009030.962695503,1,0,0.01
1773009031.984055227,0,0,1.24
1773009031.984055227,1,0,0.01
1773009033.005234608,0,0,1.24
1773009033.005234608,1,0,0.01
1773009034.026942232,0,0,1.24
1773009034.026942232,1,0,0.01
1773009035.049151075,0,0,1.24
1773009035.049151075,1,0,0.01
1773009036.070164198,0,0,1.24
1773009036.070164198,1,0,0.01
1773009037.091759368,0,0,1.24
1773009037.091759368,1,0,0.01
1773009038.113671767,0,0,1.24
1773009038.113671767,1,0,0.01
1773009039.134950143,0,0,1.24
1773009039.134950143,1,0,0.01
1773009040.156610205,0,0,1.24
1773009040.156610205,1,0,0.01
1773009041.177904142,0,0,1.24
1773009041.177904142,1,0,0.01
1773009042.199326561,0,0,1.24
1773009042.199326561,1,0,0.01
1773009043.220783115,0,0,1.24
1773009043.220783115,1,0,0.01
1773009044.241855223,0,0,1.24
1773009044.241855223,1,0,0.01
1773009045.262818827,0,0,1.24
1773009045.262818827,1,0,0.01
1773009046.284760618,0,0,1.24
1773009046.284760618,1,0,0.01
1773009047.306277310,0,0,1.24
1773009047.306277310,1,0,0.01
1773009048.327833258,0,0,1.24
1773009048.327833258,1,0,0.01
1773009049.349548453,0,0,1.24
1773009049.349548453,1,0,0.01
1773009050.369577089,0,0,1.24
1773009050.369577089,1,0,0.01
1773009051.390660936,0,0,1.24
1773009051.390660936,1,0,0.01
1773009052.412167212,0,0,1.24
1773009052.412167212,1,0,0.01
1773009053.433800974,0,0,1.24
1773009053.433800974,1,0,0.01
1773009054.455110545,0,0,1.24
1773009054.455110545,1,0,0.01
1773009055.476153591,0,0,1.24
1773009055.476153591,1,0,0.01
1773009056.497208129,0,0,1.24
1773009056.497208129,1,0,0.01
1773009057.519189403,0,0,1.24
1773009057.519189403,1,0,0.01
1773009058.540720282,0,0,1.24
1773009058.540720282,1,0,0.01
1773009059.561784161,0,0,1.24
1773009059.561784161,1,0,0.01
1773009060.583151156,0,0,1.24
1773009060.583151156,1,0,0.01
1773009061.604963162,0,0,1.24
1773009061.604963162,1,0,0.01
1773009062.625790583,0,0,1.24
1773009062.625790583,1,0,0.01
1773009063.646941405,0,0,1.24
1773009063.646941405,1,0,0.01
1773009064.668541965,0,0,1.24
1773009064.668541965,1,0,0.01
1773009065.689732491,0,0,1.24
1773009065.689732491,1,0,0.01
1773009066.710867788,0,0,1.24
1773009066.710867788,1,0,0.01
1773009067.732141200,0,0,1.24
1773009067.732141200,1,0,0.01
1773009068.753176040,0,0,1.24
1773009068.753176040,1,0,0.01
1773009069.773714367,0,0,1.24
1773009069.773714367,1,0,0.01
1773009070.794965945,0,0,1.24
1773009070.794965945,1,0,0.01
1773009071.816503267,0,0,1.24
1773009071.816503267,1,0,0.01
1773009072.838044943,0,0,1.24
1773009072.838044943,1,0,0.01
1773009073.859756238,0,0,1.24
1773009073.859756238,1,0,0.01
1773009074.881471377,0,0,1.24
1773009074.881471377,1,0,0.01
1773009075.903345671,0,0,1.24
1773009075.903345671,1,0,0.01
1773009076.924122185,0,0,1.24
1773009076.924122185,1,0,0.01
1773009077.944920615,0,0,1.24
1773009077.944920615,1,0,0.01
1773009078.966077964,0,0,1.24
1773009078.966077964,1,0,0.01
1773009079.987329564,0,0,1.24
1773009079.987329564,1,0,0.01
1773009081.008959883,0,0,1.24
1773009081.008959883,1,0,0.01
1773009082.030149103,0,0,1.24
1773009082.030149103,1,0,0.01
1773009083.052156409,0,0,1.24
1773009083.052156409,1,0,0.01
1773009084.074479290,0,0,1.24
1773009084.074479290,1,0,0.01
1773009085.094422639,0,0,1.24
1773009085.094422639,1,0,0.01
1773009086.115882693,0,0,1.24
1773009086.115882693,1,0,0.01
1773009087.138093672,0,0,1.24
1773009087.138093672,1,0,0.01
1773009088.159212575,0,0,1.24
1773009088.159212575,1,0,0.01
1773009089.181413337,0,0,1.24
1773009089.181413337,1,0,0.01
1773009090.202837798,0,0,1.24
1773009090.202837798,1,0,0.01
1773009091.224309941,0,0,1.24
1773009091.224309941,1,0,0.01
1773009092.244414370,0,0,1.24
1773009092.244414370,1,0,0.01
1773009093.266047139,0,0,1.24
1773009093.266047139,1,0,0.01
1773009094.287052880,0,0,1.24
1773009094.287052880,1,0,0.01
1773009095.308285352,0,0,1.24
1773009095.308285352,1,0,0.01
1773009096.330145023,0,0,1.24
1773009096.330145023,1,0,0.01
1773009097.351601079,0,0,1.24
1773009097.351601079,1,0,0.01
1773009098.372911456,0,0,1.24
1773009098.372911456,1,0,0.01
1773009099.394033910,0,0,1.24
1773009099.394033910,1,0,0.01
1773009100.414858323,0,0,1.24
1773009100.414858323,1,0,0.01
1773009101.435664620,0,0,1.24
1773009101.435664620,1,0,0.01
1773009102.458123592,0,0,1.24
1773009102.458123592,1,0,0.01
1773009103.478441922,0,0,1.24
1773009103.478441922,1,0,0.01
1773009104.498364636,0,0,1.24
1773009104.498364636,1,0,0.01
1773009105.520389616,0,0,1.24
1773009105.520389616,1,0,0.01
1773009106.542113614,0,0,1.24
1773009106.542113614,1,0,0.01
1773009107.561624238,0,0,1.24
1773009107.561624238,1,0,0.01
1773009108.582744861,0,0,1.24
1773009108.582744861,1,0,0.01
1773009109.603846836,0,0,1.24
1773009109.603846836,1,0,0.01
1773009110.623517657,0,0,1.24
1773009110.623517657,1,0,0.01
1773009111.643296240,0,0,1.24
1773009111.643296240,1,0,0.01
1773009112.665476799,0,0,1.24
1773009112.665476799,1,0,0.01
1773009113.687795367,0,0,1.24
1773009113.687795367,1,0,0.01
1773009114.709577196,0,0,1.24
1773009114.709577196,1,0,0.01
1773009115.731448080,0,0,1.24
1773009115.731448080,1,0,0.01
1773009116.752084766,0,0,1.24
1773009116.752084766,1,0,0.01
1773009117.774078861,0,0,1.24
1773009117.774078861,1,0,0.01
1773009118.794547700,0,0,1.24
1773009118.794547700,1,0,0.01
1773009119.815688590,0,0,1.24
1773009119.815688590,1,0,0.01
1773009120.837736705,0,0,1.24
1773009120.837736705,1,0,0.01
1773009121.857570660,0,0,1.24
1773009121.857570660,1,0,0.01
1773009122.878494725,0,0,1.24
1773009122.878494725,1,0,0.01
1773009123.898517602,0,0,1.24
1773009123.898517602,1,0,0.01
1773009124.918232447,0,0,1.24
1773009124.918232447,1,0,0.01
1773009125.939231548,0,0,1.24
1773009125.939231548,1,0,0.01
1773009126.961601419,0,0,1.24
1773009126.961601419,1,0,0.01
1773009127.983221430,0,0,1.24
1773009127.983221430,1,0,0.01
1773009129.003096640,0,0,1.24
1773009129.003096640,1,0,0.01
1773009130.022747240,0,0,1.24
1773009130.022747240,1,0,0.01
1773009131.044068966,0,0,1.24
1773009131.044068966,1,0,0.01
1773009132.065121947,0,0,1.24
1773009132.065121947,1,0,0.01
1773009133.084829243,0,0,1.24
1773009133.084829243,1,0,0.01
1773009134.104913017,0,0,1.24
1773009134.104913017,1,0,0.01
1773009135.126314944,0,0,1.24
1773009135.126314944,1,0,0.01
1773009136.146838431,0,0,1.24
1773009136.146838431,1,0,0.01
1773009137.167646998,0,0,1.24
1773009137.167646998,1,0,0.01
1773009138.188797247,0,0,1.24
1773009138.188797247,1,0,0.01
1773009139.210332587,0,62,1.24
1773009139.210332587,1,0,0.01
1773009140.232116674,0,62,1.24
1773009140.232116674,1,0,0.01
1773009141.252463988,0,0,1.24
1773009141.252463988,1,0,0.01
1773009142.274198656,0,0,1.24
1773009142.274198656,1,0,0.01
1773009143.296870865,0,0,1.24
1773009143.296870865,1,0,0.01
1773009144.318251268,0,0,1.24
1773009144.318251268,1,0,0.01
1773009145.338429172,0,0,1.24
1773009145.338429172,1,0,0.01
1773009146.358264908,0,0,1.24
1773009146.358264908,1,0,0.01
1773009147.378566643,0,0,1.24
1773009147.378566643,1,0,0.01
1773009148.400276731,0,0,1.24
1773009148.400276731,1,0,0.01
1773009149.421781765,0,0,1.24
1773009149.421781765,1,0,0.01
1773009150.442645556,0,0,1.24
1773009150.442645556,1,0,0.01
1773009151.463833876,0,0,1.24
1773009151.463833876,1,0,0.01
1773009152.484766808,0,0,1.24
1773009152.484766808,1,0,0.01
1773009153.505708485,0,0,1.24
1773009153.505708485,1,0,0.01
1773009154.527532515,0,0,1.24
1773009154.527532515,1,0,0.01
1773009155.548345720,0,0,1.24
1773009155.548345720,1,0,0.01
1773009156.569477520,0,0,1.24
1773009156.569477520,1,0,0.01
1773009157.590860940,0,0,1.24
1773009157.590860940,1,0,0.01
1773009158.613217972,0,0,1.24
1773009158.613217972,1,0,0.01
1773009159.634461005,0,0,1.24
1773009159.634461005,1,0,0.01
1773009160.655816692,0,0,1.24
1773009160.655816692,1,0,0.01
1773009161.676985473,0,0,1.24
1773009161.676985473,1,0,0.01
1773009162.697165837,0,0,1.24
1773009162.697165837,1,0,0.01
1773009163.719666649,0,0,1.24
1773009163.719666649,1,0,0.01
1773009164.741255399,0,0,1.24
1773009164.741255399,1,0,0.01
1773009165.762548053,0,0,1.24
1773009165.762548053,1,0,0.01
1773009166.785056876,0,0,1.24
1773009166.785056876,1,0,0.01
1773009167.806603088,0,0,1.24
1773009167.806603088,1,0,0.01
1773009168.829223723,0,0,1.24
1773009168.829223723,1,0,0.01
1773009169.849170852,0,0,1.24
1773009169.849170852,1,0,0.01
1773009170.869771481,0,0,1.24
1773009170.869771481,1,0,0.01
1773009171.891871107,0,0,1.24
1773009171.891871107,1,0,0.01
1773009172.913494337,0,0,1.24
1773009172.913494337,1,0,0.01
1773009173.933048974,0,0,1.24
1773009173.933048974,1,0,0.01
1773009174.953874578,0,66,1.24
1773009174.953874578,1,0,0.01
1773009175.974918374,0,65,1.24
1773009175.974918374,1,0,0.01
1773009176.994850045,0,0,1.24
1773009176.994850045,1,0,0.01
1773009178.014762300,0,0,1.24
1773009178.014762300,1,0,0.01
1773009179.036880525,0,0,1.24
1773009179.036880525,1,0,0.01
1773009180.059365801,0,0,1.24
1773009180.059365801,1,0,0.01
1773009181.080731302,0,0,1.24
1773009181.080731302,1,0,0.01
1773009182.102758145,0,0,1.24
1773009182.102758145,1,0,0.01
1773009183.124817874,0,0,1.24
1773009183.124817874,1,0,0.01
1773009184.146345007,0,0,1.24
1773009184.146345007,1,0,0.01
1773009185.167667611,0,0,1.24
1773009185.167667611,1,0,0.01
1773009186.189100058,0,0,1.24
1773009186.189100058,1,0,0.01
1773009187.209618888,0,0,1.24
1773009187.209618888,1,0,0.01
1773009188.230979924,0,0,1.24
1773009188.230979924,1,0,0.01
1773009189.250850082,0,0,1.24
1773009189.250850082,1,0,0.01
1773009190.272678125,0,0,1.24
1773009190.272678125,1,0,0.01
1773009191.294482701,0,0,1.24
1773009191.294482701,1,0,0.01
1773009192.315698980,0,0,1.24
1773009192.315698980,1,0,0.01
1773009193.337113652,0,0,1.24
1773009193.337113652,1,0,0.01
1773009194.358253371,0,0,1.24
1773009194.358253371,1,0,0.01
1773009195.378311604,0,0,1.24
1773009195.378311604,1,0,0.01
1773009196.400675931,0,0,1.24
1773009196.400675931,1,0,0.01
1773009197.423090095,0,0,1.24
1773009197.423090095,1,0,0.01
1773009198.444037305,0,0,1.24
1773009198.444037305,1,0,0.01
1773009199.463766197,0,0,1.24
1773009199.463766197,1,0,0.01
1773009200.485533635,0,0,1.24
1773009200.485533635,1,0,0.01
1773009201.507574957,0,0,1.24
1773009201.507574957,1,0,0.01
1773009202.528576030,0,0,1.24
1773009202.528576030,1,0,0.01
1773009203.549116027,0,0,1.24
1773009203.549116027,1,0,0.01
1773009204.570153226,0,0,1.24
1773009204.570153226,1,0,0.01
1773009205.591394039,0,0,1.24
1773009205.591394039,1,0,0.01
1773009206.612732351,0,0,1.24
1773009206.612732351,1,0,0.01
1773009207.634088496,0,0,1.24
1773009207.634088496,1,0,0.01
1773009208.655546993,0,0,1.24
1773009208.655546993,1,0,0.01
1773009209.676749807,0,0,1.24
1773009209.676749807,1,0,0.01
1773009210.697692146,0,0,1.24
1773009210.697692146,1,0,0.01
1773009211.718731347,0,0,1.24
1773009211.718731347,1,0,0.01
1773009212.740785329,0,0,1.24
1773009212.740785329,1,0,0.01
1773009213.761674190,0,0,1.24
1773009213.761674190,1,0,0.01
1773009214.781683432,0,0,1.24
1773009214.781683432,1,0,0.01
1773009215.803772257,0,0,1.24
1773009215.803772257,1,0,0.01
1773009216.824980382,0,0,1.24
1773009216.824980382,1,0,0.01
1773009217.846391076,0,0,1.24
1773009217.846391076,1,0,0.01
1773009218.868217050,0,0,1.24
1773009218.868217050,1,0,0.01
1773009219.888816225,0,0,1.24
1773009219.888816225,1,0,0.01
1773009220.909160731,0,0,1.24
1773009220.909160731,1,0,0.01
1773009221.931042286,0,0,1.24
1773009221.931042286,1,0,0.01
1773009222.951909829,0,0,1.24
1773009222.951909829,1,0,0.01
1773009223.973573042,0,0,1.24
1773009223.973573042,1,0,0.01
1773009224.995401733,0,0,1.24
1773009224.995401733,1,0,0.01
1773009226.016625379,0,0,1.24
1773009226.016625379,1,0,0.01
1773009227.037722377,0,0,1.24
1773009227.037722377,1,0,0.01
1773009228.059697762,0,0,1.24
1773009228.059697762,1,0,0.01
1773009229.081621518,0,0,1.24
1773009229.081621518,1,0,0.01
1773009230.102877213,0,0,1.24
1773009230.102877213,1,0,0.01
1773009231.123329966,0,0,1.24
1773009231.123329966,1,0,0.01
1773009232.144701476,0,0,1.24
1773009232.144701476,1,0,0.01
1773009233.166299539,0,0,1.24
1773009233.166299539,1,0,0.01
1773009234.187678376,0,0,1.24
1773009234.187678376,1,0,0.01
1773009235.208888008,0,0,1.24
1773009235.208888008,1,0,0.01
1773009236.229705918,0,0,1.24
1773009236.229705918,1,0,0.01
1773009237.250925242,0,0,1.24
1773009237.250925242,1,0,0.01
1773009238.272126757,0,0,1.24
1773009238.272126757,1,0,0.01
1773009239.293242274,0,0,1.24
1773009239.293242274,1,0,0.01
1773009240.314646577,0,0,1.24
1773009240.314646577,1,0,0.01
1773009241.336287802,0,0,1.24
1773009241.336287802,1,0,0.01
1773009242.356994746,0,0,1.24
1773009242.356994746,1,0,0.01
1773009243.378149890,0,0,1.24
1773009243.378149890,1,0,0.01
1773009244.399331452,0,0,1.24
1773009244.399331452,1,0,0.01
1773009245.419316076,0,0,1.24
1773009245.419316076,1,0,0.01
1773009246.440758875,0,0,1.24
1773009246.440758875,1,0,0.01
1773009247.461843314,0,0,1.24
1773009247.461843314,1,0,0.01
1773009248.482928897,0,0,1.24
1773009248.482928897,1,0,0.01
1773009249.504279742,0,0,1.24
1773009249.504279742,1,0,0.01
1773009250.524779534,0,0,1.24
1773009250.524779534,1,0,0.01
1773009251.544913065,0,0,1.24
1773009251.544913065,1,0,0.01
1773009252.565874686,0,0,1.24
1773009252.565874686,1,0,0.01
1773009253.587865560,0,0,1.24
1773009253.587865560,1,0,0.01
1773009254.609895946,0,0,1.24
1773009254.609895946,1,0,0.01
1773009255.631115330,0,0,1.24
1773009255.631115330,1,0,0.01
1773009256.650908066,0,0,1.24
1773009256.650908066,1,0,0.01
1773009257.672266169,0,0,1.24
1773009257.672266169,1,0,0.01
1773009258.693550686,0,0,1.24
1773009258.693550686,1,0,0.01
1773009259.715113645,0,0,1.24
1773009259.715113645,1,0,0.01
1773009260.736744025,0,0,1.24
1773009260.736744025,1,0,0.01
1773009261.758414987,0,0,1.24
1773009261.758414987,1,0,0.01
1773009262.778251976,0,0,1.24
1773009262.778251976,1,0,0.01
1773009263.799529350,0,0,1.24
1773009263.799529350,1,0,0.01
1773009264.820986553,0,0,1.24
1773009264.820986553,1,0,0.01
1773009265.842145142,0,0,1.24
1773009265.842145142,1,0,0.01
1773009266.863902339,0,0,1.24
1773009266.863902339,1,0,0.01
1773009267.885993940,0,0,1.24
1773009267.885993940,1,0,0.01
1773009268.907082087,0,0,1.24
1773009268.907082087,1,0,0.01
1773009269.927903628,0,0,1.24
1773009269.927903628,1,0,0.01
1773009270.949501553,0,0,1.24
1773009270.949501553,1,0,0.01
1773009271.970581627,0,0,1.24
1773009271.970581627,1,0,0.01
1773009272.991982182,0,0,1.24
1773009272.991982182,1,0,0.01
1773009274.012938445,0,0,1.24
1773009274.012938445,1,0,0.01
1773009275.034541139,0,0,1.24
1773009275.034541139,1,0,0.01
1773009276.055538277,0,0,1.24
1773009276.055538277,1,0,0.01
1773009277.076940316,0,0,1.24
1773009277.076940316,1,0,0.01
1773009278.098118908,0,0,1.24
1773009278.098118908,1,0,0.01
1773009279.119240108,0,0,1.24
1773009279.119240108,1,0,0.01
1773009280.141337894,0,0,1.24
1773009280.141337894,1,0,0.01
1773009281.161152986,0,0,1.24
1773009281.161152986,1,0,0.01
1773009282.183356409,0,0,1.24
1773009282.183356409,1,0,0.01
1773009283.204195046,0,0,1.24
1773009283.204195046,1,0,0.01
1773009284.224781421,0,0,1.24
1773009284.224781421,1,0,0.01
1773009285.246478796,0,0,1.24
1773009285.246478796,1,0,0.01
1773009286.268485430,0,0,1.24
1773009286.268485430,1,0,0.01
1773009287.289551754,0,0,1.24
1773009287.289551754,1,0,0.01
1773009288.310286369,0,0,1.24
1773009288.310286369,1,0,0.01
1773009289.329987883,0,0,1.24
1773009289.329987883,1,0,0.01
1773009290.350103584,0,0,1.24
1773009290.350103584,1,0,0.01
1773009291.371495547,0,0,1.24
1773009291.371495547,1,0,0.01
1773009292.393161778,0,0,1.24
1773009292.393161778,1,0,0.01
1773009293.414251806,0,0,1.24
1773009293.414251806,1,0,0.01
1773009294.435886837,0,0,1.24
1773009294.435886837,1,0,0.01
1773009295.456972506,0,0,1.24
1773009295.456972506,1,0,0.01
1773009296.476500465,0,0,1.24
1773009296.476500465,1,0,0.01
1773009297.497557716,0,0,1.24
1773009297.497557716,1,0,0.01
1773009298.518826363,0,0,1.24
1773009298.518826363,1,0,0.01
1773009299.540457124,0,0,1.24
1773009299.540457124,1,0,0.01
1773009300.562108253,0,0,1.24
1773009300.562108253,1,0,0.01
1773009301.583131651,0,0,1.24
1773009301.583131651,1,0,0.01
1773009302.604760550,0,0,1.24
1773009302.604760550,1,0,0.01
1773009303.626076093,0,0,1.24
1773009303.626076093,1,0,0.01
1773009304.647347221,0,0,1.24
1773009304.647347221,1,0,0.01
1773009305.668180540,0,0,1.24
1773009305.668180540,1,0,0.01
1773009306.688910875,0,0,1.24
1773009306.688910875,1,0,0.01
1773009307.709510282,0,0,1.24
1773009307.709510282,1,0,0.01
1773009308.731152758,0,0,1.24
1773009308.731152758,1,0,0.01
1773009309.752496816,0,0,1.24
1773009309.752496816,1,0,0.01
1773009310.775022726,0,0,1.24
1773009310.775022726,1,0,0.01
1773009311.796119153,0,0,1.24
1773009311.796119153,1,0,0.01
1773009312.817391264,0,0,1.24
1773009312.817391264,1,0,0.01
1773009313.838304705,0,0,1.24
1773009313.838304705,1,0,0.01
1773009314.859999560,0,0,1.24
1773009314.859999560,1,0,0.01
1773009315.881438029,0,0,1.24
1773009315.881438029,1,0,0.01
1773009316.903027036,0,0,1.24
1773009316.903027036,1,0,0.01
1773009317.923884761,0,0,1.24
1773009317.923884761,1,0,0.01
1773009318.945646562,0,0,1.24
1773009318.945646562,1,0,0.01
1773009319.966911131,0,0,1.24
1773009319.966911131,1,0,0.01
1773009320.988144457,0,0,1.24
1773009320.988144457,1,0,0.01
1773009322.009427345,0,0,1.24
1773009322.009427345,1,0,0.01
1773009323.030651676,0,0,1.24
1773009323.030651676,1,0,0.01
1773009324.051492275,0,0,1.24
1773009324.051492275,1,0,0.01
1773009325.072597330,0,0,1.24
1773009325.072597330,1,0,0.01
1773009326.093716849,0,0,1.24
1773009326.093716849,1,0,0.01
1773009327.114990436,0,0,1.24
1773009327.114990436,1,0,0.01
1773009328.136293157,0,0,1.24
1773009328.136293157,1,0,0.01
1773009329.157152064,0,0,1.24
1773009329.157152064,1,0,0.01
1773009330.179075043,0,0,1.24
1773009330.179075043,1,0,0.01
1773009331.198770200,0,0,1.24
1773009331.198770200,1,0,0.01
1773009332.220688353,0,0,1.24
1773009332.220688353,1,0,0.01
1773009333.241916201,0,0,1.24
1773009333.241916201,1,0,0.01
1773009334.261788037,0,0,1.24
1773009334.261788037,1,0,0.01
1773009335.283252116,0,0,1.24
1773009335.283252116,1,0,0.01
1773009336.303118559,0,0,1.24
1773009336.303118559,1,0,0.01
1773009337.322682090,0,0,1.24
1773009337.322682090,1,0,0.01
1773009338.344554322,0,0,1.24
1773009338.344554322,1,0,0.01
1773009339.364784363,0,0,1.24
1773009339.364784363,1,0,0.01
1773009340.384819607,0,0,1.24
1773009340.384819607,1,0,0.01
1773009341.404733910,0,0,1.24
1773009341.404733910,1,0,0.01
1773009342.426027272,0,0,1.24
1773009342.426027272,1,0,0.01
1773009343.447427264,0,0,1.24
1773009343.447427264,1,0,0.01
1773009344.468418691,0,0,1.24
1773009344.468418691,1,0,0.01
1773009345.488412086,0,0,1.24
1773009345.488412086,1,0,0.01
1773009346.510374414,0,0,1.24
1773009346.510374414,1,0,0.01
1773009347.531878451,0,0,1.24
1773009347.531878451,1,0,0.01
1773009348.552728403,0,0,1.24
1773009348.552728403,1,0,0.01
1773009349.574392007,0,0,1.24
1773009349.574392007,1,0,0.01
1773009350.595877994,0,0,1.24
1773009350.595877994,1,0,0.01
1773009351.617078371,0,0,1.24
1773009351.617078371,1,0,0.01
1773009352.638315401,0,0,1.24
1773009352.638315401,1,0,0.01
1773009353.659581803,0,0,1.24
1773009353.659581803,1,0,0.01
1773009354.680925818,0,0,1.24
1773009354.680925818,1,0,0.01
1773009355.701962904,0,0,1.24
1773009355.701962904,1,0,0.01
1773009356.723679713,0,0,1.24
1773009356.723679713,1,0,0.01
1773009357.745442679,0,0,1.24
1773009357.745442679,1,0,0.01
1773009358.766436367,0,0,1.24
1773009358.766436367,1,0,0.01
1773009359.787605420,0,0,1.24
1773009359.787605420,1,0,0.01
1773009360.808947957,0,0,1.24
1773009360.808947957,1,0,0.01
1773009361.830303884,0,0,1.24
1773009361.830303884,1,0,0.01
1773009362.851477482,0,0,1.24
1773009362.851477482,1,0,0.01
1773009363.872560007,0,0,1.24
1773009363.872560007,1,0,0.01
1773009364.893477572,0,0,1.24
1773009364.893477572,1,0,0.01
1773009365.915581273,0,0,1.24
1773009365.915581273,1,0,0.01
1773009366.936704755,0,0,1.24
1773009366.936704755,1,0,0.01
1773009367.958185966,0,0,1.24
1773009367.958185966,1,0,0.01
1773009368.979027318,0,0,1.24
1773009368.979027318,1,0,0.01
1773009370.001035801,0,0,1.24
1773009370.001035801,1,0,0.01
1773009371.022567486,0,0,1.24
1773009371.022567486,1,0,0.01
1773009372.044154850,0,0,1.24
1773009372.044154850,1,0,0.01
1773009373.066118724,0,0,1.24
1773009373.066118724,1,0,0.01
1773009374.088037153,0,0,1.24
1773009374.088037153,1,0,0.01
1773009375.108215075,0,0,1.24
1773009375.108215075,1,0,0.01
1773009376.129252233,0,0,1.24
1773009376.129252233,1,0,0.01
1773009377.150253796,0,0,1.24
1773009377.150253796,1,0,0.01
1773009378.172893604,0,0,1.24
1773009378.172893604,1,0,0.01
1773009379.194997809,0,0,1.24
1773009379.194997809,1,0,0.01
1773009380.217097496,0,0,1.24
1773009380.217097496,1,0,0.01
1773009381.237056540,0,0,1.24
1773009381.237056540,1,0,0.01
1773009382.259009205,0,0,1.24
1773009382.259009205,1,0,0.01
1773009383.280772239,0,0,1.24
1773009383.280772239,1,0,0.01
1773009384.302506992,0,0,1.24
1773009384.302506992,1,0,0.01
1773009385.323026530,0,0,1.24
1773009385.323026530,1,0,0.01
1773009386.343269129,0,0,1.24
1773009386.343269129,1,0,0.01
1773009387.364926562,0,0,1.24
1773009387.364926562,1,0,0.01
1773009388.387238257,0,0,1.24
1773009388.387238257,1,0,0.01
1773009389.409030518,0,0,1.24
1773009389.409030518,1,0,0.01
1773009390.430484107,0,0,1.24
1773009390.430484107,1,0,0.01
1773009391.451631735,0,0,1.24
1773009391.451631735,1,0,0.01
1773009392.473779731,0,0,1.24
1773009392.473779731,1,0,0.01
1773009393.495612716,0,0,1.24
1773009393.495612716,1,0,0.01
1773009394.516834372,0,0,1.24
1773009394.516834372,1,0,0.01
1773009395.537732658,0,0,1.24
1773009395.537732658,1,0,0.01
1773009396.559114370,0,0,1.24
1773009396.559114370,1,0,0.01
1773009397.580957753,0,0,1.24
1773009397.580957753,1,0,0.01
1773009398.602870752,0,0,1.24
1773009398.602870752,1,0,0.01
1773009399.624649471,0,0,1.24
1773009399.624649471,1,0,0.01
1773009400.644546770,0,0,1.24
1773009400.644546770,1,0,0.01
1773009401.664185638,0,0,1.24
1773009401.664185638,1,0,0.01
1773009402.685737235,0,0,1.24
1773009402.685737235,1,0,0.01
1773009403.705634201,0,0,1.24
1773009403.705634201,1,0,0.01
1773009404.726624903,0,0,1.24
1773009404.726624903,1,0,0.01
1773009405.748059913,0,0,1.24
1773009405.748059913,1,0,0.01
1773009406.770048475,0,0,1.24
1773009406.770048475,1,0,0.01
1773009407.791259656,0,0,1.24
1773009407.791259656,1,0,0.01
1773009408.810748855,0,0,1.24
1773009408.810748855,1,0,0.01
1773009409.830473412,0,0,1.24
1773009409.830473412,1,0,0.01
1773009410.851704010,0,0,1.24
1773009410.851704010,1,0,0.01
1773009411.873013293,0,0,1.24
1773009411.873013293,1,0,0.01
1773009412.894552801,0,0,1.24
1773009412.894552801,1,0,0.01
1773009413.915487584,0,0,1.24
1773009413.915487584,1,0,0.01
1773009414.936817633,0,0,1.24
1773009414.936817633,1,0,0.01
1773009415.957522254,0,0,1.24
1773009415.957522254,1,0,0.01
1773009416.979161424,0,0,1.24
1773009416.979161424,1,0,0.01
1773009418.001457301,0,0,1.24
1773009418.001457301,1,0,0.01
1773009419.022737200,0,0,1.24
1773009419.022737200,1,0,0.01
1773009420.044624007,0,0,1.24
1773009420.044624007,1,0,0.01
1773009421.066749034,0,0,1.24
1773009421.066749034,1,0,0.01
1773009422.088362152,0,0,1.24
1773009422.088362152,1,0,0.01
1773009423.109827200,0,0,1.24
1773009423.109827200,1,0,0.01
1773009424.132291172,0,0,1.24
1773009424.132291172,1,0,0.01
1773009425.153083451,0,0,1.24
1773009425.153083451,1,0,0.01
1773009426.172875282,0,0,1.24
1773009426.172875282,1,0,0.01
1773009427.194925791,0,0,1.24
1773009427.194925791,1,0,0.01
1773009428.215972279,0,0,1.24
1773009428.215972279,1,0,0.01
1773009429.238261757,0,0,1.24
1773009429.238261757,1,0,0.01
1773009430.259244657,0,0,1.24
1773009430.259244657,1,0,0.01
1773009431.280325577,0,0,1.24
1773009431.280325577,1,0,0.01
1773009432.301694960,0,0,1.24
1773009432.301694960,1,0,0.01
1773009433.322680972,0,0,1.24
1773009433.322680972,1,0,0.01
1773009434.344988793,0,0,1.24
1773009434.344988793,1,0,0.01
1773009435.365927463,0,0,1.24
1773009435.365927463,1,0,0.01
1773009436.386602983,0,0,1.24
1773009436.386602983,1,0,0.01
1773009437.408327203,0,0,1.24
1773009437.408327203,1,0,0.01
1773009438.428299084,0,0,1.24
1773009438.428299084,1,0,0.01
1773009439.449253721,0,0,1.24
1773009439.449253721,1,0,0.01
1773009440.469241646,0,0,1.24
1773009440.469241646,1,0,0.01
1773009441.490760592,0,0,1.24
1773009441.490760592,1,0,0.01
1773009442.512110954,0,0,1.24
1773009442.512110954,1,0,0.01
1773009443.532967442,0,0,1.24
1773009443.532967442,1,0,0.01
1773009444.554302077,0,0,1.24
1773009444.554302077,1,0,0.01
1773009445.576099528,0,0,1.24
1773009445.576099528,1,0,0.01
1773009446.597279778,0,0,1.24
1773009446.597279778,1,0,0.01
1773009447.617945365,0,0,1.24
1773009447.617945365,1,0,0.01
1773009448.637802158,0,0,1.24
1773009448.637802158,1,0,0.01
1773009449.659928527,0,0,1.24
1773009449.659928527,1,0,0.01
1773009450.680873116,0,0,1.24
1773009450.680873116,1,0,0.01
1773009451.703123032,0,0,1.24
1773009451.703123032,1,0,0.01
1773009452.724063752,0,0,1.24
1773009452.724063752,1,0,0.01
1773009453.745238930,0,0,1.24
1773009453.745238930,1,0,0.01
1773009454.766793132,0,0,1.24
1773009454.766793132,1,0,0.01
1773009455.788608075,0,0,1.24
1773009455.788608075,1,0,0.01
1773009456.810616861,0,0,1.24
1773009456.810616861,1,0,0.01
1773009457.832017861,0,0,1.24
1773009457.832017861,1,0,0.01
1773009458.854314148,0,0,1.24
1773009458.854314148,1,0,0.01
1773009459.875994144,0,0,1.24
1773009459.875994144,1,0,0.01
1773009460.897216587,0,2,1.24
1773009460.897216587,1,0,0.01
1773009461.916653799,0,66,1.24
1773009461.916653799,1,0,0.01
1773009462.938057991,0,0,1.24
1773009462.938057991,1,0,0.01
1773009463.958109021,0,0,1.24
1773009463.958109021,1,0,0.01
1773009464.978572729,0,0,1.24
1773009464.978572729,1,0,0.01
1773009465.999498254,0,0,1.24
1773009465.999498254,1,0,0.01
1773009467.019096906,0,0,1.24
1773009467.019096906,1,0,0.01
1773009468.040591168,0,0,1.24
1773009468.040591168,1,0,0.01
1773009469.062785673,0,0,1.24
1773009469.062785673,1,0,0.01
1773009470.084491715,0,0,1.24
1773009470.084491715,1,0,0.01
1773009471.106139258,0,0,1.24
1773009471.106139258,1,0,0.01
1773009472.128456556,0,0,1.24
1773009472.128456556,1,0,0.01
1773009473.149734043,0,0,1.24
1773009473.149734043,1,0,0.01
1773009474.170458339,0,0,1.24
1773009474.170458339,1,0,0.01
1773009475.191584668,0,0,1.24
1773009475.191584668,1,0,0.01
1773009476.212550070,0,0,1.24
1773009476.212550070,1,0,0.01
1773009477.234589504,0,0,1.24
1773009477.234589504,1,0,0.01
1773009478.255938426,0,0,1.24
1773009478.255938426,1,0,0.01
1773009479.277629600,0,0,1.24
1773009479.277629600,1,0,0.01
1773009480.297571965,0,0,1.24
1773009480.297571965,1,0,0.01
1773009481.318157585,0,0,1.24
1773009481.318157585,1,0,0.01
1773009482.338780213,0,0,1.24
1773009482.338780213,1,0,0.01
1773009483.359833254,0,0,1.24
1773009483.359833254,1,0,0.01
1773009484.381100629,0,0,1.24
1773009484.381100629,1,0,0.01
1773009485.402806688,0,0,1.24
1773009485.402806688,1,0,0.01
1773009486.424939291,0,0,1.24
1773009486.424939291,1,0,0.01
1773009487.446683941,0,0,1.24
1773009487.446683941,1,0,0.01
1773009488.467754857,0,0,1.24
1773009488.467754857,1,0,0.01
1773009489.489503431,0,0,1.24
1773009489.489503431,1,0,0.01
1773009490.511110406,0,0,1.24
1773009490.511110406,1,0,0.01
1773009491.533518487,0,0,1.24
1773009491.533518487,1,0,0.01
1773009492.555155372,0,0,1.24
1773009492.555155372,1,0,0.01
1773009493.576583658,0,0,1.24
1773009493.576583658,1,0,0.01
1773009494.598161398,0,0,1.24
1773009494.598161398,1,0,0.01
1773009495.619556859,0,0,1.24
1773009495.619556859,1,0,0.01
1773009496.641131152,0,0,1.24
1773009496.641131152,1,0,0.01
1773009497.662276789,0,0,1.24
1773009497.662276789,1,0,0.01
1773009498.684238996,0,0,1.24
1773009498.684238996,1,0,0.01
1773009499.705051248,0,0,1.24
1773009499.705051248,1,0,0.01
1773009500.725600847,0,0,1.24
1773009500.725600847,1,0,0.01
1773009501.749080950,0,0,1.24
1773009501.749080950,1,0,0.01
1773009502.768552432,0,0,1.24
1773009502.768552432,1,0,0.01
1773009503.790573278,0,0,1.24
1773009503.790573278,1,0,0.01
1773009504.812606863,0,0,1.24
1773009504.812606863,1,0,0.01
1773009505.833107729,0,0,1.24
1773009505.833107729,1,0,0.01
1773009506.853583898,0,0,1.24
1773009506.853583898,1,0,0.01
1773009507.873393219,0,0,1.24
1773009507.873393219,1,0,0.01
1773009508.893195391,0,0,1.24
1773009508.893195391,1,0,0.01
1773009509.913334716,0,0,1.24
1773009509.913334716,1,0,0.01
1773009510.934281654,0,0,1.24
1773009510.934281654,1,0,0.01
1773009511.955230460,0,0,1.24
1773009511.955230460,1,0,0.01
1773009512.977236681,0,0,1.24
1773009512.977236681,1,0,0.01
1773009513.999142571,0,0,1.24
1773009513.999142571,1,0,0.01
1773009515.020586752,0,0,1.24
1773009515.020586752,1,0,0.01
1773009516.040104953,0,0,1.24
1773009516.040104953,1,0,0.01
1773009517.061800826,0,0,1.24
1773009517.061800826,1,0,0.01
1773009518.083633251,0,0,1.24
1773009518.083633251,1,0,0.01
1773009519.103967285,0,0,1.24
1773009519.103967285,1,0,0.01
1773009520.124866118,0,0,1.24
1773009520.124866118,1,0,0.01
1773009521.146294552,0,0,1.24
1773009521.146294552,1,0,0.01
1773009522.168065120,0,0,1.24
1773009522.168065120,1,0,0.01
1773009523.189829256,0,0,1.24
1773009523.189829256,1,0,0.01
1773009524.211313181,0,0,1.24
1773009524.211313181,1,0,0.01
1773009525.233164095,0,0,1.24
1773009525.233164095,1,0,0.01
1773009526.254655453,0,0,1.24
1773009526.254655453,1,0,0.01
1773009527.276119208,0,0,1.24
1773009527.276119208,1,0,0.01
1773009528.296405389,0,0,1.24
1773009528.296405389,1,0,0.01
1773009529.318317887,0,0,1.24
1773009529.318317887,1,0,0.01
1773009530.339882787,0,0,1.24
1773009530.339882787,1,0,0.01
1773009531.361343107,0,0,1.24
1773009531.361343107,1,0,0.01
1773009532.380920023,0,0,1.24
1773009532.380920023,1,0,0.01
1773009533.402326035,0,0,1.24
1773009533.402326035,1,0,0.01
1773009534.422966601,0,0,1.24
1773009534.422966601,1,0,0.01
1773009535.443918076,0,0,1.24
1773009535.443918076,1,0,0.01
1773009536.463935446,0,0,1.24
1773009536.463935446,1,0,0.01
1773009537.485578777,0,0,1.24
1773009537.485578777,1,0,0.01
1773009538.506945554,0,0,1.24
1773009538.506945554,1,0,0.01
1773009539.528899716,0,0,1.24
1773009539.528899716,1,0,0.01
1773009540.549953893,0,0,1.24
1773009540.549953893,1,0,0.01
1773009541.571412117,0,0,1.24
1773009541.571412117,1,0,0.01
1773009542.592498556,0,0,1.24
1773009542.592498556,1,0,0.01
1773009543.613764120,0,0,1.24
1773009543.613764120,1,0,0.01
1773009544.634319170,0,0,1.24
1773009544.634319170,1,0,0.01
1773009545.655779241,0,0,1.24
1773009545.655779241,1,0,0.01
1773009546.677584805,0,0,1.24
1773009546.677584805,1,0,0.01
1773009547.697965073,0,0,1.24
1773009547.697965073,1,0,0.01
1773009548.719501633,0,0,1.24
1773009548.719501633,1,0,0.01
1773009549.740469408,0,0,1.24
1773009549.740469408,1,0,0.01
1773009550.761567787,0,0,1.24
1773009550.761567787,1,0,0.01
1773009551.781895602,0,0,1.24
1773009551.781895602,1,0,0.01
1773009552.801933319,0,0,1.24
1773009552.801933319,1,0,0.01
1773009553.823081833,0,0,1.24
1773009553.823081833,1,0,0.01
1773009554.844880820,0,0,1.24
1773009554.844880820,1,0,0.01
1773009555.866562548,0,0,1.24
1773009555.866562548,1,0,0.01
1773009556.887098473,0,0,1.24
1773009556.887098473,1,0,0.01
1773009557.908509359,0,0,1.24
1773009557.908509359,1,0,0.01
1773009558.929601507,0,0,1.24
1773009558.929601507,1,0,0.01
1773009559.949649845,0,0,1.24
1773009559.949649845,1,0,0.01
1773009560.971300080,0,0,1.24
1773009560.971300080,1,0,0.01
1773009561.992185664,0,0,1.24
1773009561.992185664,1,0,0.01
1773009563.013987743,0,0,1.24
1773009563.013987743,1,0,0.01
1773009564.035914668,0,0,1.24
1773009564.035914668,1,0,0.01
1773009565.057726373,0,0,1.24
1773009565.057726373,1,0,0.01
1773009566.079003249,0,0,1.24
1773009566.079003249,1,0,0.01
1773009567.098911574,0,0,1.24
1773009567.098911574,1,0,0.01
1773009568.119075347,0,0,1.24
1773009568.119075347,1,0,0.01
1773009569.140953511,0,0,1.24
1773009569.140953511,1,0,0.01
1773009570.162409598,0,0,1.24
1773009570.162409598,1,0,0.01
1773009571.183873029,0,0,1.24
1773009571.183873029,1,0,0.01
1773009572.205041307,0,0,1.24
1773009572.205041307,1,0,0.01
1773009573.227057044,0,0,1.24
1773009573.227057044,1,0,0.01
1773009574.247974541,0,0,1.24
1773009574.247974541,1,0,0.01
1773009575.267943187,0,0,1.24
1773009575.267943187,1,0,0.01
1773009576.290123079,0,0,1.24
1773009576.290123079,1,0,0.01
1773009577.311110719,0,0,1.24
1773009577.311110719,1,0,0.01
1773009578.332527623,0,0,1.24
1773009578.332527623,1,0,0.01
1773009579.353733040,0,0,1.24
1773009579.353733040,1,0,0.01
1773009580.374832964,0,0,1.24
1773009580.374832964,1,0,0.01
1773009581.396680741,0,0,1.24
1773009581.396680741,1,0,0.01
1773009582.417709061,0,0,1.24
1773009582.417709061,1,0,0.01
1773009583.437630651,0,0,1.24
1773009583.437630651,1,0,0.01
1773009584.457786882,0,0,1.24
1773009584.457786882,1,0,0.01
1773009585.479095032,0,0,1.24
1773009585.479095032,1,0,0.01
1773009586.500339542,0,0,1.24
1773009586.500339542,1,0,0.01
1773009587.522091632,0,0,1.24
1773009587.522091632,1,0,0.01
1773009588.544064318,0,0,1.24
1773009588.544064318,1,0,0.01
1773009589.565711328,0,0,1.24
1773009589.565711328,1,0,0.01
1773009590.587008244,0,0,1.24
1773009590.587008244,1,0,0.01
1773009591.608723505,0,0,1.24
1773009591.608723505,1,0,0.01
1773009592.628826376,0,0,1.24
1773009592.628826376,1,0,0.01
1773009593.648867152,0,0,1.24
1773009593.648867152,1,0,0.01
1773009594.669041809,0,0,1.24
1773009594.669041809,1,0,0.01
1773009595.690924282,0,0,1.24
1773009595.690924282,1,0,0.01
1773009596.713521147,0,0,1.24
1773009596.713521147,1,0,0.01
1773009597.735464818,0,0,1.24
1773009597.735464818,1,0,0.01
1773009598.757146206,0,0,1.24
1773009598.757146206,1,0,0.01
1773009599.778449547,0,0,1.24
1773009599.778449547,1,0,0.01
1773009600.800429770,0,0,1.24
1773009600.800429770,1,0,0.01
1773009601.821796145,0,0,1.24
1773009601.821796145,1,0,0.01
1773009602.843929466,0,0,1.24
1773009602.843929466,1,0,0.01
1773009603.865893845,0,0,1.24
1773009603.865893845,1,0,0.01
1773009604.887230490,0,0,1.24
1773009604.887230490,1,0,0.01
1773009605.907069139,0,0,1.24
1773009605.907069139,1,0,0.01
1773009606.928178158,0,0,1.24
1773009606.928178158,1,0,0.01
1773009607.948545510,0,0,1.24
1773009607.948545510,1,0,0.01
1773009608.968525077,0,0,1.24
1773009608.968525077,1,0,0.01
1773009609.989745827,0,0,1.24
1773009609.989745827,1,0,0.01
1773009611.011012806,0,0,1.24
1773009611.011012806,1,0,0.01
1773009612.032248545,0,0,1.24
1773009612.032248545,1,0,0.01
1773009613.055224694,0,0,1.24
1773009613.055224694,1,0,0.01
1773009614.074973205,0,0,1.24
1773009614.074973205,1,0,0.01
1773009615.097014803,0,0,1.24
1773009615.097014803,1,0,0.01
1773009616.118261906,0,0,1.24
1773009616.118261906,1,0,0.01
1773009617.139585171,0,0,1.24
1773009617.139585171,1,0,0.01
1773009618.160783615,0,0,1.24
1773009618.160783615,1,0,0.01
1773009619.181789005,0,0,1.24
1773009619.181789005,1,0,0.01
1773009620.202976975,0,0,1.24
1773009620.202976975,1,0,0.01
1773009621.224943707,0,0,1.24
1773009621.224943707,1,0,0.01
1773009622.246291001,0,0,1.24
1773009622.246291001,1,0,0.01
1773009623.267616604,0,0,1.24
1773009623.267616604,1,0,0.01
1773009624.288296827,0,0,1.24
1773009624.288296827,1,0,0.01
1773009625.309677049,0,0,1.24
1773009625.309677049,1,0,0.01
1773009626.329816446,0,0,1.24
1773009626.329816446,1,0,0.01
1773009627.350923864,0,0,1.24
1773009627.350923864,1,0,0.01
1773009628.373162633,0,0,1.24
1773009628.373162633,1,0,0.01
1773009629.393889016,0,0,1.24
1773009629.393889016,1,0,0.01
1773009630.414818575,0,0,1.24
1773009630.414818575,1,0,0.01
1773009631.435867755,0,0,1.24
1773009631.435867755,1,0,0.01
1773009632.457428844,0,0,1.24
1773009632.457428844,1,0,0.01
1773009633.478961619,0,0,1.24
1773009633.478961619,1,0,0.01
1773009634.498916547,0,0,1.24
1773009634.498916547,1,0,0.01
1773009635.519824809,0,0,1.24
1773009635.519824809,1,0,0.01
1773009636.540780660,0,0,1.24
1773009636.540780660,1,0,0.01
1773009637.562103874,0,0,1.24
1773009637.562103874,1,0,0.01
1773009638.583128918,0,0,1.24
1773009638.583128918,1,0,0.01
1773009639.604104410,0,0,1.24
1773009639.604104410,1,0,0.01
1773009640.625146442,0,0,1.24
1773009640.625146442,1,0,0.01
1773009641.646127722,0,0,1.24
1773009641.646127722,1,0,0.01
1773009642.667197721,0,0,1.24
1773009642.667197721,1,0,0.01
1773009643.688076947,0,0,1.24
1773009643.688076947,1,0,0.01
1773009644.709529419,0,0,1.24
1773009644.709529419,1,0,0.01
1773009645.730253340,0,0,1.24
1773009645.730253340,1,0,0.01
1773009646.751252460,0,0,1.24
1773009646.751252460,1,0,0.01
1773009647.770462606,0,0,1.24
1773009647.770462606,1,0,0.01
1773009648.792798966,0,0,1.24
1773009648.792798966,1,0,0.01
1773009649.814089882,0,0,1.24
1773009649.814089882,1,0,0.01
1773009650.835836731,0,0,1.24
1773009650.835836731,1,0,0.01
1773009651.857260523,0,0,1.24
1773009651.857260523,1,0,0.01
1773009652.878555168,0,0,1.24
1773009652.878555168,1,0,0.01
1773009653.899805650,0,0,1.24
1773009653.899805650,1,0,0.01
1773009654.921456211,0,0,1.24
1773009654.921456211,1,0,0.01
1773009655.942592667,0,0,1.24
1773009655.942592667,1,0,0.01
1773009656.963895757,0,0,1.24
1773009656.963895757,1,0,0.01
1773009657.984928101,0,0,1.24
1773009657.984928101,1,0,0.01
1773009659.007080461,0,0,1.24
1773009659.007080461,1,0,0.01
1773009660.029032975,0,0,1.24
1773009660.029032975,1,0,0.01
1773009661.050975878,0,0,1.24
1773009661.050975878,1,0,0.01
1773009662.071779988,0,0,1.24
1773009662.071779988,1,0,0.01
1773009663.093155465,0,0,1.24
1773009663.093155465,1,0,0.01
1773009664.114503264,0,0,1.24
1773009664.114503264,1,0,0.01
1773009665.136468865,0,0,1.24
1773009665.136468865,1,0,0.01
1773009666.157456364,0,0,1.24
1773009666.157456364,1,0,0.01
1773009667.179238365,0,0,1.24
1773009667.179238365,1,0,0.01
1773009668.200525267,0,0,1.24
1773009668.200525267,1,0,0.01
1773009669.222899042,0,0,1.24
1773009669.222899042,1,0,0.01
1773009670.244982530,0,0,1.24
1773009670.244982530,1,0,0.01
1773009671.265967403,0,0,1.24
1773009671.265967403,1,0,0.01
1773009672.287817817,0,0,1.24
1773009672.287817817,1,0,0.01
1773009673.308696784,0,0,1.24
1773009673.308696784,1,0,0.01
1773009674.330094542,0,0,1.24
1773009674.330094542,1,0,0.01
1773009675.351946092,0,0,1.24
1773009675.351946092,1,0,0.01
1773009676.372256687,0,0,1.24
1773009676.372256687,1,0,0.01
1773009677.393064131,0,0,1.24
1773009677.393064131,1,0,0.01
1773009678.413581805,0,0,1.24
1773009678.413581805,1,0,0.01
1773009679.435774524,0,0,1.24
1773009679.435774524,1,0,0.01
1773009680.456683502,0,0,1.24
1773009680.456683502,1,0,0.01
1773009681.478248684,0,0,1.24
1773009681.478248684,1,0,0.01
1773009682.499678078,0,0,1.24
1773009682.499678078,1,0,0.01
1773009683.520707026,0,0,1.24
1773009683.520707026,1,0,0.01
1773009684.540482107,0,0,1.24
1773009684.540482107,1,0,0.01
1773009685.562129272,0,0,1.24
1773009685.562129272,1,0,0.01
1773009686.583120179,0,0,1.24
1773009686.583120179,1,0,0.01
1773009687.605008403,0,0,1.24
1773009687.605008403,1,0,0.01
1773009688.625698929,0,0,1.24
1773009688.625698929,1,0,0.01
1773009689.646834945,0,0,1.24
1773009689.646834945,1,0,0.01
1773009690.668268082,0,0,1.24
1773009690.668268082,1,0,0.01
1773009691.690104424,0,0,1.24
1773009691.690104424,1,0,0.01
1773009692.711006425,0,0,1.24
1773009692.711006425,1,0,0.01
1773009693.730511409,0,0,1.24
1773009693.730511409,1,0,0.01
1773009694.750344281,0,0,1.24
1773009694.750344281,1,0,0.01
1773009695.772078303,0,0,1.24
1773009695.772078303,1,0,0.01
1773009696.792586882,0,0,1.24
1773009696.792586882,1,0,0.01
1773009697.813738866,0,0,1.24
1773009697.813738866,1,0,0.01
1773009698.835731323,0,0,1.24
1773009698.835731323,1,0,0.01
1773009699.857481602,0,0,1.24
1773009699.857481602,1,0,0.01
1773009700.878610198,0,0,1.24
1773009700.878610198,1,0,0.01
1773009701.899096620,0,0,1.24
1773009701.899096620,1,0,0.01
1773009702.920165560,0,0,1.24
1773009702.920165560,1,0,0.01
1773009703.941841506,0,0,1.24
1773009703.941841506,1,0,0.01
1773009704.962537439,0,0,1.24
1773009704.962537439,1,0,0.01
1773009705.984251918,0,0,1.24
1773009705.984251918,1,0,0.01
1773009707.005156637,0,0,1.24
1773009707.005156637,1,0,0.01
1773009708.027607965,0,0,1.24
1773009708.027607965,1,0,0.01
1773009709.049761461,0,0,1.24
1773009709.049761461,1,0,0.01
1773009710.071293318,0,0,1.24
1773009710.071293318,1,0,0.01
1773009711.093086910,0,0,1.24
1773009711.093086910,1,0,0.01
1773009712.113220507,0,0,1.24
1773009712.113220507,1,0,0.01
1773009713.133559181,0,0,1.24
1773009713.133559181,1,0,0.01
1773009714.153235576,0,0,1.24
1773009714.153235576,1,0,0.01
1773009715.173582435,0,0,1.24
1773009715.173582435,1,0,0.01
1773009716.194870140,0,0,1.24
1773009716.194870140,1,0,0.01
1773009717.216389801,0,0,1.24
1773009717.216389801,1,0,0.01
1773009718.236034116,0,0,1.24
1773009718.236034116,1,0,0.01
1773009719.256977722,0,0,1.24
1773009719.256977722,1,0,0.01
1773009720.277708274,0,0,1.24
1773009720.277708274,1,0,0.01
1773009721.299708574,0,0,1.24
1773009721.299708574,1,0,0.01
1773009722.321631555,0,0,1.24
1773009722.321631555,1,0,0.01
1773009723.342877084,0,0,1.24
1773009723.342877084,1,0,0.01
1773009724.364250932,0,0,1.24
1773009724.364250932,1,0,0.01
1773009725.386465752,0,0,1.24
1773009725.386465752,1,0,0.01
1773009726.407582898,0,0,1.24
1773009726.407582898,1,0,0.01
1773009727.429393424,0,0,1.24
1773009727.429393424,1,0,0.01
1773009728.451253473,0,0,1.24
1773009728.451253473,1,0,0.01
1773009729.474168136,0,0,1.24
1773009729.474168136,1,0,0.01
1773009730.494618521,0,0,1.24
1773009730.494618521,1,0,0.01
1773009731.515580473,0,0,1.24
1773009731.515580473,1,0,0.01
1773009732.537244444,0,0,1.24
1773009732.537244444,1,0,0.01
1773009733.559526499,0,0,1.24
1773009733.559526499,1,0,0.01
1773009734.579428721,0,0,1.24
1773009734.579428721,1,0,0.01
1773009735.600894600,0,0,1.24
1773009735.600894600,1,0,0.01
1773009736.622505393,0,0,1.24
1773009736.622505393,1,0,0.01
1773009737.644389069,0,0,1.24
1773009737.644389069,1,0,0.01
1773009738.666536804,0,0,1.24
1773009738.666536804,1,0,0.01
1773009739.688021993,0,0,1.24
1773009739.688021993,1,0,0.01
1773009740.709455117,0,0,1.24
1773009740.709455117,1,0,0.01
1773009741.730167404,0,0,1.24
1773009741.730167404,1,0,0.01
1773009742.751177958,0,0,1.24
1773009742.751177958,1,0,0.01
1773009743.772449664,0,0,1.24
1773009743.772449664,1,0,0.01
1773009744.794018329,0,0,1.24
1773009744.794018329,1,0,0.01
1773009745.815856076,0,0,1.24
1773009745.815856076,1,0,0.01
1773009746.837790949,0,0,1.24
1773009746.837790949,1,0,0.01
1773009747.859930534,0,0,1.24
1773009747.859930534,1,0,0.01
1773009748.881085155,0,0,1.24
1773009748.881085155,1,0,0.01
1773009749.902069584,0,0,1.24
1773009749.902069584,1,0,0.01
1773009750.923444635,0,0,1.24
1773009750.923444635,1,0,0.01
1773009751.945316519,0,0,1.24
1773009751.945316519,1,0,0.01
1773009752.966596663,0,0,1.24
1773009752.966596663,1,0,0.01
1773009753.987791291,0,0,1.24
1773009753.987791291,1,0,0.01
1773009755.009817260,0,0,1.24
1773009755.009817260,1,0,0.01
1773009756.031501038,0,0,1.24
1773009756.031501038,1,0,0.01
1773009757.053117992,0,0,1.24
1773009757.053117992,1,0,0.01
1773009758.075231981,0,0,1.24
1773009758.075231981,1,0,0.01
1773009759.096321460,0,0,1.24
1773009759.096321460,1,0,0.01
1773009760.117897444,0,0,1.24
1773009760.117897444,1,0,0.01
1773009761.139391353,0,0,1.24
1773009761.139391353,1,0,0.01
1773009762.160784740,0,0,1.24
1773009762.160784740,1,0,0.01
1773009763.182310684,0,0,1.24
1773009763.182310684,1,0,0.01
1773009764.204594479,0,0,1.24
1773009764.204594479,1,0,0.01
1773009765.225071732,0,0,1.24
1773009765.225071732,1,0,0.01
1773009766.246541444,0,0,1.24
1773009766.246541444,1,0,0.01
1773009767.268033253,0,0,1.24
1773009767.268033253,1,0,0.01
1773009768.288851076,0,0,1.24
1773009768.288851076,1,0,0.01
1773009769.311161337,0,0,1.24
1773009769.311161337,1,0,0.01
1773009770.333041445,0,0,1.24
1773009770.333041445,1,0,0.01
1773009771.354209377,0,0,1.24
1773009771.354209377,1,0,0.01
1773009772.375569465,0,0,1.24
1773009772.375569465,1,0,0.01
1773009773.396942418,0,0,1.24
1773009773.396942418,1,0,0.01
1773009774.418445741,0,0,1.24
1773009774.418445741,1,0,0.01
1773009775.439107412,0,0,1.24
1773009775.439107412,1,0,0.01
1773009776.458898530,0,0,1.24
1773009776.458898530,1,0,0.01
1773009777.479734229,0,0,1.24
1773009777.479734229,1,0,0.01
1773009778.500578468,0,0,1.24
1773009778.500578468,1,0,0.01
1773009779.520991412,0,0,1.24
1773009779.520991412,1,0,0.01
1773009780.542689910,0,0,1.24
1773009780.542689910,1,0,0.01
1773009781.563187821,0,0,1.24
1773009781.563187821,1,0,0.01
1773009782.585078926,0,0,1.24
1773009782.585078926,1,0,0.01
1773009783.607163659,0,0,1.24
1773009783.607163659,1,0,0.01
1773009784.629115275,0,0,1.24
1773009784.629115275,1,0,0.01
1773009785.650155396,0,0,1.24
1773009785.650155396,1,0,0.01
1773009786.671578354,0,0,1.24
1773009786.671578354,1,0,0.01
1773009787.692706367,0,0,1.24
1773009787.692706367,1,0,0.01
1773009788.713675195,0,0,1.24
1773009788.713675195,1,0,0.01
1773009789.735412850,0,0,1.24
1773009789.735412850,1,0,0.01
1773009790.756432051,0,0,1.24
1773009790.756432051,1,0,0.01
1773009791.777794490,0,0,1.24
1773009791.777794490,1,0,0.01
1773009792.797848759,0,0,1.24
1773009792.797848759,1,0,0.01
1773009793.819522877,0,0,1.24
1773009793.819522877,1,0,0.01
1773009794.839806982,0,0,1.24
1773009794.839806982,1,0,0.01
1773009795.862108705,0,0,1.24
1773009795.862108705,1,0,0.01
1773009796.884029040,0,0,1.24
1773009796.884029040,1,0,0.01
1773009797.906236776,0,0,1.24
1773009797.906236776,1,0,0.01
1773009798.928224982,0,0,1.24
1773009798.928224982,1,0,0.01
1773009799.949213322,0,0,1.24
1773009799.949213322,1,0,0.01
1773009800.971049327,0,0,1.24
1773009800.971049327,1,0,0.01
1773009801.992218597,0,0,1.24
1773009801.992218597,1,0,0.01
1773009803.012343991,0,0,1.24
1773009803.012343991,1,0,0.01
1773009804.032844795,0,0,1.24
1773009804.032844795,1,0,0.01
1773009805.055343293,0,0,1.24
1773009805.055343293,1,0,0.01
1773009806.077057854,0,0,1.24
1773009806.077057854,1,0,0.01
1773009807.098596187,0,0,1.24
1773009807.098596187,1,0,0.01
1773009808.118826233,0,0,1.24
1773009808.118826233,1,0,0.01
1773009809.140866789,0,0,1.24
1773009809.140866789,1,0,0.01
1773009810.162151888,0,0,1.24
1773009810.162151888,1,0,0.01
1773009811.183248997,0,0,1.24
1773009811.183248997,1,0,0.01
1773009812.203344599,0,0,1.24
1773009812.203344599,1,0,0.01
1773009813.223003936,0,0,1.24
1773009813.223003936,1,0,0.01
1773009814.244405714,0,0,1.24
1773009814.244405714,1,0,0.01
1773009815.265899722,0,0,1.24
1773009815.265899722,1,0,0.01
1773009816.285396887,0,0,1.24
1773009816.285396887,1,0,0.01
1773009817.305049236,0,0,1.24
1773009817.305049236,1,0,0.01
1773009818.324677971,0,0,1.24
1773009818.324677971,1,0,0.01
1773009819.345802891,0,0,1.24
1773009819.345802891,1,0,0.01
1773009820.365793260,0,0,1.24
1773009820.365793260,1,0,0.01
1773009821.387116324,0,68,1.24
1773009821.387116324,1,0,0.01
1773009822.407906192,0,68,1.24
1773009822.407906192,1,0,0.01
1773009823.428253760,0,0,1.24
1773009823.428253760,1,0,0.01
1773009824.450457456,0,0,1.24
1773009824.450457456,1,0,0.01
1773009825.472727213,0,0,1.24
1773009825.472727213,1,0,0.01
1773009826.493511761,0,0,1.24
1773009826.493511761,1,0,0.01
1773009827.515140091,0,0,1.24
1773009827.515140091,1,0,0.01
1773009828.536496634,0,0,1.24
1773009828.536496634,1,0,0.01
1773009829.557230396,0,0,1.24
1773009829.557230396,1,0,0.01
1773009830.579893825,0,0,1.24
1773009830.579893825,1,0,0.01
1773009831.601240483,0,0,1.24
1773009831.601240483,1,0,0.01
1773009832.622778529,0,0,1.24
1773009832.622778529,1,0,0.01
1773009833.644402915,0,0,1.24
1773009833.644402915,1,0,0.01
1773009834.665920716,0,0,1.24
1773009834.665920716,1,0,0.01
1773009835.687477908,0,0,1.24
1773009835.687477908,1,0,0.01
1773009836.707699986,0,0,1.24
1773009836.707699986,1,0,0.01
1773009837.729467137,0,0,1.24
1773009837.729467137,1,0,0.01
1773009838.751127958,0,0,1.24
1773009838.751127958,1,0,0.01
1773009839.772300775,0,0,1.24
1773009839.772300775,1,0,0.01
1773009840.794488611,0,0,1.24
1773009840.794488611,1,0,0.01
1773009841.815661517,0,0,1.24
1773009841.815661517,1,0,0.01
1773009842.837110832,0,0,1.24
1773009842.837110832,1,0,0.01
1773009843.857953843,0,0,1.24
1773009843.857953843,1,0,0.01
1773009844.880051547,0,0,1.24
1773009844.880051547,1,0,0.01
1773009845.901538743,0,0,1.24
1773009845.901538743,1,0,0.01
1773009846.923132347,0,0,1.24
1773009846.923132347,1,0,0.01
1773009847.944252020,0,0,1.24
1773009847.944252020,1,0,0.01
1773009848.964105262,0,0,1.24
1773009848.964105262,1,0,0.01
1773009849.983849878,0,0,1.24
1773009849.983849878,1,0,0.01
1773009851.005901239,0,0,1.24
1773009851.005901239,1,0,0.01
1773009852.026928576,0,0,1.24
1773009852.026928576,1,0,0.01
1773009853.049113020,0,0,1.24
1773009853.049113020,1,0,0.01
1773009854.070362660,0,0,1.24
1773009854.070362660,1,0,0.01
1773009855.091966173,0,0,1.24
1773009855.091966173,1,0,0.01
1773009856.113674384,0,0,1.24
1773009856.113674384,1,0,0.01
1773009857.135896965,0,0,1.24
1773009857.135896965,1,0,0.01
1773009858.157340327,0,0,1.24
1773009858.157340327,1,0,0.01
1773009859.179156626,0,0,1.24
1773009859.179156626,1,0,0.01
1773009860.200502271,0,0,1.24
1773009860.200502271,1,0,0.01
1773009861.220174354,0,0,1.24
1773009861.220174354,1,0,0.01
1773009862.242196368,0,0,1.24
1773009862.242196368,1,0,0.01
1773009863.263216686,0,0,1.24
1773009863.263216686,1,0,0.01
1773009864.284957565,0,0,1.24
1773009864.284957565,1,0,0.01
1773009865.306978632,0,0,1.24
1773009865.306978632,1,0,0.01
1773009866.328996906,0,0,1.24
1773009866.328996906,1,0,0.01
1773009867.350913898,0,0,1.24
1773009867.350913898,1,0,0.01
1773009868.372054438,0,0,1.24
1773009868.372054438,1,0,0.01
1773009869.394636178,0,0,1.24
1773009869.394636178,1,0,0.01
1773009870.416110570,0,0,1.24
1773009870.416110570,1,0,0.01
1773009871.437940746,0,0,1.24
1773009871.437940746,1,0,0.01
1773009872.459493204,0,0,1.24
1773009872.459493204,1,0,0.01
1773009873.481042990,0,0,1.24
1773009873.481042990,1,0,0.01
1773009874.502413273,0,0,1.24
1773009874.502413273,1,0,0.01
1773009875.524453040,0,0,1.24
1773009875.524453040,1,0,0.01
1773009876.545202703,0,0,1.24
1773009876.545202703,1,0,0.01
1773009877.567027463,0,0,1.24
1773009877.567027463,1,0,0.01
1773009878.588694463,0,0,1.24
1773009878.588694463,1,0,0.01
1773009879.610252864,0,0,1.24
1773009879.610252864,1,0,0.01
1773009880.631339909,0,0,1.24
1773009880.631339909,1,0,0.01
1773009881.653255221,0,0,1.24
1773009881.653255221,1,0,0.01
1773009882.673723625,0,0,1.24
1773009882.673723625,1,0,0.01
1773009883.694510467,0,0,1.24
1773009883.694510467,1,0,0.01
1773009884.716523246,0,0,1.24
1773009884.716523246,1,0,0.01
1773009885.737850352,0,0,1.24
1773009885.737850352,1,0,0.01
1773009886.759229023,0,0,1.24
1773009886.759229023,1,0,0.01
1773009887.780124918,0,0,1.24
1773009887.780124918,1,0,0.01
1773009888.801928483,0,0,1.24
1773009888.801928483,1,0,0.01
1773009889.823587288,0,0,1.24
1773009889.823587288,1,0,0.01
1773009890.845906076,0,0,1.24
1773009890.845906076,1,0,0.01
1773009891.868333743,0,0,1.24
1773009891.868333743,1,0,0.01
1773009892.889341763,0,0,1.24
1773009892.889341763,1,0,0.01
1773009893.911169218,0,0,1.24
1773009893.911169218,1,0,0.01
1773009894.932764428,0,0,1.24
1773009894.932764428,1,0,0.01
1773009895.954837985,0,0,1.24
1773009895.954837985,1,0,0.01
1773009896.976856244,0,0,1.24
1773009896.976856244,1,0,0.01
1773009897.998381021,0,0,1.24
1773009897.998381021,1,0,0.01
1773009899.018924699,0,0,1.24
1773009899.018924699,1,0,0.01
1773009900.039868551,0,0,1.24
1773009900.039868551,1,0,0.01
1773009901.061317377,0,0,1.24
1773009901.061317377,1,0,0.01
1773009902.083272945,0,0,1.24
1773009902.083272945,1,0,0.01
1773009903.103806131,0,0,1.24
1773009903.103806131,1,0,0.01
1773009904.123923682,0,0,1.24
1773009904.123923682,1,0,0.01
1773009905.144284497,0,0,1.24
1773009905.144284497,1,0,0.01
1773009906.165833043,0,0,1.24
1773009906.165833043,1,0,0.01
1773009907.188380260,0,0,1.24
1773009907.188380260,1,0,0.01
1773009908.208601060,0,0,1.24
1773009908.208601060,1,0,0.01
1773009909.228785627,0,0,1.24
1773009909.228785627,1,0,0.01
1773009910.248806254,0,0,1.24
1773009910.248806254,1,0,0.01
1773009911.270127942,0,0,1.24
1773009911.270127942,1,0,0.01
1773009912.290334809,0,0,1.24
1773009912.290334809,1,0,0.01
1773009913.310861799,0,0,1.24
1773009913.310861799,1,0,0.01
1773009914.330863075,0,0,1.24
1773009914.330863075,1,0,0.01
1773009915.352486933,0,0,1.24
1773009915.352486933,1,0,0.01
1773009916.374754360,0,0,1.24
1773009916.374754360,1,0,0.01
1773009917.396327540,0,0,1.24
1773009917.396327540,1,0,0.01
1773009918.416431358,0,0,1.24
1773009918.416431358,1,0,0.01
1773009919.437292296,0,0,1.24
1773009919.437292296,1,0,0.01
1773009920.457867239,0,0,1.24
1773009920.457867239,1,0,0.01
1773009921.479481569,0,0,1.24
1773009921.479481569,1,0,0.01
1773009922.500879100,0,0,1.24
1773009922.500879100,1,0,0.01
1773009923.522239540,0,0,1.24
1773009923.522239540,1,0,0.01
1773009924.543758307,0,0,1.24
1773009924.543758307,1,0,0.01
1773009925.565455908,0,0,1.24
1773009925.565455908,1,0,0.01
1773009926.586432498,0,0,1.24
1773009926.586432498,1,0,0.01
1773009927.608672562,0,0,1.24
1773009927.608672562,1,0,0.01
1773009928.630081751,0,0,1.24
1773009928.630081751,1,0,0.01
1773009929.652419542,0,0,1.24
1773009929.652419542,1,0,0.01
1773009930.674265183,0,0,1.24
1773009930.674265183,1,0,0.01
1773009931.696048428,0,0,1.24
1773009931.696048428,1,0,0.01
1773009932.717473910,0,0,1.24
1773009932.717473910,1,0,0.01
1773009933.738939248,0,0,1.24
1773009933.738939248,1,0,0.01
1773009934.760928588,0,0,1.24
1773009934.760928588,1,0,0.01
1773009935.783299661,0,0,1.24
1773009935.783299661,1,0,0.01
1773009936.804925220,0,0,1.24
1773009936.804925220,1,0,0.01
1773009937.826614460,0,0,1.24
1773009937.826614460,1,0,0.01
1773009938.847922925,0,0,1.24
1773009938.847922925,1,0,0.01
1773009939.868480125,0,0,1.24
1773009939.868480125,1,0,0.01
1773009940.888729114,0,0,1.24
1773009940.888729114,1,0,0.01
1773009941.909255593,0,0,1.24
1773009941.909255593,1,0,0.01
1773009942.930437564,0,0,1.24
1773009942.930437564,1,0,0.01
1773009943.952406363,0,0,1.24
1773009943.952406363,1,0,0.01
1773009944.974387610,0,0,1.24
1773009944.974387610,1,0,0.01
1773009945.996312314,0,0,1.24
1773009945.996312314,1,0,0.01
1773009947.017879595,0,0,1.24
1773009947.017879595,1,0,0.01
1773009948.040593922,0,0,1.24
1773009948.040593922,1,0,0.01
1773009949.061755680,0,0,1.24
1773009949.061755680,1,0,0.01
1773009950.084502571,0,0,1.24
1773009950.084502571,1,0,0.01
1773009951.105943675,0,0,1.24
1773009951.105943675,1,0,0.01
1773009952.127474828,0,0,1.24
1773009952.127474828,1,0,0.01
1773009953.149514835,0,0,1.24
1773009953.149514835,1,0,0.01
1773009954.171532912,0,0,1.24
1773009954.171532912,1,0,0.01
1773009955.193635564,0,0,1.24
1773009955.193635564,1,0,0.01
1773009956.215526660,0,0,1.24
1773009956.215526660,1,0,0.01
1773009957.237397930,0,0,1.24
1773009957.237397930,1,0,0.01
1773009958.258381914,0,0,1.24
1773009958.258381914,1,0,0.01
1773009959.280381568,0,0,1.24
1773009959.280381568,1,0,0.01
1773009960.302012720,0,0,1.24
1773009960.302012720,1,0,0.01
1773009961.324275644,0,0,1.24
1773009961.324275644,1,0,0.01
1773009962.345395086,0,0,1.24
1773009962.345395086,1,0,0.01
1773009963.366881548,0,0,1.24
1773009963.366881548,1,0,0.01
1773009964.388174320,0,0,1.24
1773009964.388174320,1,0,0.01
1773009965.409951935,0,0,1.24
1773009965.409951935,1,0,0.01
1773009966.431459839,0,0,1.24
1773009966.431459839,1,0,0.01
1773009967.452735762,0,0,1.24
1773009967.452735762,1,0,0.01
1773009968.475142223,0,0,1.24
1773009968.475142223,1,0,0.01
1773009969.496717975,0,0,1.24
1773009969.496717975,1,0,0.01
1773009970.518366057,0,0,1.24
1773009970.518366057,1,0,0.01
1773009971.539760450,0,0,1.24
1773009971.539760450,1,0,0.01
1773009972.561237007,0,0,1.24
1773009972.561237007,1,0,0.01
1773009973.581281898,0,0,1.24
1773009973.581281898,1,0,0.01
1773009974.602789529,0,0,1.24
1773009974.602789529,1,0,0.01
1773009975.624830813,0,0,1.24
1773009975.624830813,1,0,0.01
1773009976.646148252,0,0,1.24
1773009976.646148252,1,0,0.01
1773009977.668113402,0,0,1.24
1773009977.668113402,1,0,0.01
1773009978.690343819,0,0,1.24
1773009978.690343819,1,0,0.01
1773009979.711787949,0,0,1.24
1773009979.711787949,1,0,0.01
1773009980.732821575,0,0,1.24
1773009980.732821575,1,0,0.01
1773009981.754989850,0,0,1.24
1773009981.754989850,1,0,0.01
1773009982.777062999,0,0,1.24
1773009982.777062999,1,0,0.01
1773009983.798942386,0,0,1.24
1773009983.798942386,1,0,0.01
1773009984.820179871,0,0,1.24
1773009984.820179871,1,0,0.01
1773009985.841840128,0,0,1.24
1773009985.841840128,1,0,0.01
1773009986.863533098,0,0,1.24
1773009986.863533098,1,0,0.01
1773009987.885255883,0,0,1.24
1773009987.885255883,1,0,0.01
1773009988.906236328,0,0,1.24
1773009988.906236328,1,0,0.01
1773009989.928430565,0,0,1.24
1773009989.928430565,1,0,0.01
1773009990.949148722,0,0,1.24
1773009990.949148722,1,0,0.01
1773009991.971164476,0,0,1.24
1773009991.971164476,1,0,0.01
1773009992.992234781,0,0,1.24
1773009992.992234781,1,0,0.01
1773009994.011998509,0,0,1.24
1773009994.011998509,1,0,0.01
1773009995.034433562,0,0,1.24
1773009995.034433562,1,0,0.01
1773009996.057598662,0,0,1.24
1773009996.057598662,1,0,0.01
1773009997.079464803,0,0,1.24
1773009997.079464803,1,0,0.01
1773009998.100881629,0,0,1.24
1773009998.100881629,1,0,0.01
1773009999.122765548,0,0,1.24
1773009999.122765548,1,0,0.01
1773010000.144862522,0,0,1.24
1773010000.144862522,1,0,0.01
1773010001.166396860,0,0,1.24
1773010001.166396860,1,0,0.01
1773010002.188786546,0,0,1.24
1773010002.188786546,1,0,0.01
1773010003.209909241,0,0,1.24
1773010003.209909241,1,0,0.01
1773010004.231740961,0,0,1.24
1773010004.231740961,1,0,0.01
1773010005.252854406,0,0,1.24
1773010005.252854406,1,0,0.01
1773010006.273926612,0,0,1.24
1773010006.273926612,1,0,0.01
1773010007.293903328,0,0,1.24
1773010007.293903328,1,0,0.01
1773010008.315830661,0,0,1.24
1773010008.315830661,1,0,0.01
1773010009.336900178,0,0,1.24
1773010009.336900178,1,0,0.01
1773010010.358196811,0,0,1.24
1773010010.358196811,1,0,0.01
1773010011.377581414,0,0,1.24
1773010011.377581414,1,0,0.01
1773010012.397382345,0,0,1.24
1773010012.397382345,1,0,0.01
1773010013.419246284,0,0,1.24
1773010013.419246284,1,0,0.01
1773010014.440785178,0,0,1.24
1773010014.440785178,1,0,0.01
1773010015.462292344,0,0,1.24
1773010015.462292344,1,0,0.01
1773010016.483903534,0,0,1.24
1773010016.483903534,1,0,0.01
1773010017.505331498,0,0,1.24
1773010017.505331498,1,0,0.01
1773010018.526881164,0,0,1.24
1773010018.526881164,1,0,0.01
1773010019.548545070,0,0,1.24
1773010019.548545070,1,0,0.01
1773010020.569339352,0,0,1.24
1773010020.569339352,1,0,0.01
1773010021.588890826,0,0,1.24
1773010021.588890826,1,0,0.01
1773010022.609873024,0,0,1.24
1773010022.609873024,1,0,0.01
1773010023.630674444,0,0,1.24
1773010023.630674444,1,0,0.01
1773010024.651820415,0,0,1.24
1773010024.651820415,1,0,0.01
1773010025.672744063,0,0,1.24
1773010025.672744063,1,0,0.01
1773010026.694081073,0,0,1.24
1773010026.694081073,1,0,0.01
1773010027.714869592,0,0,1.24
1773010027.714869592,1,0,0.01
1773010028.737548120,0,0,1.24
1773010028.737548120,1,0,0.01
1773010029.758435473,0,0,1.24
1773010029.758435473,1,0,0.01
1773010030.780993932,0,0,1.24
1773010030.780993932,1,0,0.01
1773010031.801693383,0,0,1.24
1773010031.801693383,1,0,0.01
1773010032.823366364,0,0,1.24
1773010032.823366364,1,0,0.01
1773010033.844275287,0,0,1.24
1773010033.844275287,1,0,0.01
1773010034.863734538,0,0,1.24
1773010034.863734538,1,0,0.01
1773010035.883639772,0,0,1.24
1773010035.883639772,1,0,0.01
1773010036.903302726,0,0,1.24
1773010036.903302726,1,0,0.01
1773010037.923342805,0,0,1.24
1773010037.923342805,1,0,0.01
1773010038.945230328,0,0,1.24
1773010038.945230328,1,0,0.01
1773010039.966812027,0,0,1.24
1773010039.966812027,1,0,0.01
1773010040.989021022,0,0,1.24
1773010040.989021022,1,0,0.01
1773010042.010728603,0,0,1.24
1773010042.010728603,1,0,0.01
1773010043.032111217,0,0,1.24
1773010043.032111217,1,0,0.01
1773010044.052924739,0,0,1.24
1773010044.052924739,1,0,0.01
1773010045.074774623,0,0,1.24
1773010045.074774623,1,0,0.01
1773010046.095932738,0,0,1.24
1773010046.095932738,1,0,0.01
1773010047.117426334,0,0,1.24
1773010047.117426334,1,0,0.01
1773010048.139035192,0,0,1.24
1773010048.139035192,1,0,0.01
1773010049.160531307,0,0,1.24
1773010049.160531307,1,0,0.01
1773010050.182571565,0,0,1.24
1773010050.182571565,1,0,0.01
1773010051.203941646,0,0,1.24
1773010051.203941646,1,0,0.01
1773010052.225072614,0,0,1.24
1773010052.225072614,1,0,0.01
1773010053.246064496,0,0,1.24
1773010053.246064496,1,0,0.01
1773010054.266456248,0,0,1.24
1773010054.266456248,1,0,0.01
1773010055.287828368,0,0,1.24
1773010055.287828368,1,0,0.01
1773010056.308169971,0,0,1.24
1773010056.308169971,1,0,0.01
1773010057.330183472,0,0,1.24
1773010057.330183472,1,0,0.01
1773010058.351907071,0,0,1.24
1773010058.351907071,1,0,0.01
1773010059.373982631,0,0,1.24
1773010059.373982631,1,0,0.01
1773010060.395467908,0,0,1.24
1773010060.395467908,1,0,0.01
1773010061.415504300,0,0,1.24
1773010061.415504300,1,0,0.01
1773010062.436865888,0,0,1.24
1773010062.436865888,1,0,0.01
1773010063.459021496,0,0,1.24
1773010063.459021496,1,0,0.01
1773010064.480499918,0,0,1.24
1773010064.480499918,1,0,0.01
1773010065.501792285,0,0,1.24
1773010065.501792285,1,0,0.01
1773010066.522242770,0,0,1.24
1773010066.522242770,1,0,0.01
1773010067.544408550,0,0,1.24
1773010067.544408550,1,0,0.01
1773010068.565010742,0,0,1.24
1773010068.565010742,1,0,0.01
1773010069.586723109,0,0,1.24
1773010069.586723109,1,0,0.01
1773010070.608648313,0,0,1.24
1773010070.608648313,1,0,0.01
1773010071.629647875,0,0,1.24
1773010071.629647875,1,0,0.01
1773010072.650513355,0,0,1.24
1773010072.650513355,1,0,0.01
1773010073.671914411,0,0,1.24
1773010073.671914411,1,0,0.01
1773010074.694208700,0,0,1.24
1773010074.694208700,1,0,0.01
1773010075.716018065,0,0,1.24
1773010075.716018065,1,0,0.01
1773010076.737595531,0,0,1.24
1773010076.737595531,1,0,0.01
1773010077.759160354,0,0,1.24
1773010077.759160354,1,0,0.01
1773010078.781125806,0,0,1.24
1773010078.781125806,1,0,0.01
1773010079.803284387,0,0,1.24
1773010079.803284387,1,0,0.01
1773010080.824261618,0,0,1.24
1773010080.824261618,1,0,0.01
1773010081.846223743,0,0,1.24
1773010081.846223743,1,0,0.01
1773010082.868114253,0,0,1.24
1773010082.868114253,1,0,0.01
1773010083.890084985,0,0,1.24
1773010083.890084985,1,0,0.01
1773010084.911357573,0,0,1.24
1773010084.911357573,1,0,0.01
1773010085.933344456,0,0,1.24
1773010085.933344456,1,0,0.01
1773010086.954497939,0,0,1.24
1773010086.954497939,1,0,0.01
1773010087.975739942,0,0,1.24
1773010087.975739942,1,0,0.01
1773010088.997204955,0,0,1.24
1773010088.997204955,1,0,0.01
1773010090.018266774,0,0,1.24
1773010090.018266774,1,0,0.01
1773010091.039210429,0,0,1.24
1773010091.039210429,1,0,0.01
1773010092.061550332,0,0,1.24
1773010092.061550332,1,0,0.01
1773010093.083290318,0,0,1.24
1773010093.083290318,1,0,0.01
1773010094.104399321,0,0,1.24
1773010094.104399321,1,0,0.01
1773010095.125337977,0,0,1.24
1773010095.125337977,1,0,0.01
1773010096.146214808,0,0,1.24
1773010096.146214808,1,0,0.01
1773010097.168051631,0,0,1.24
1773010097.168051631,1,0,0.01
1773010098.189631372,0,0,1.24
1773010098.189631372,1,0,0.01
1773010099.211314268,0,0,1.24
1773010099.211314268,1,0,0.01
1773010100.234306752,0,0,1.24
1773010100.234306752,1,0,0.01
1773010101.256784681,0,0,1.24
1773010101.256784681,1,0,0.01
1773010102.279654732,0,0,1.24
1773010102.279654732,1,0,0.01
1773010103.302407982,0,0,1.24
1773010103.302407982,1,0,0.01
1773010104.324478765,0,0,1.24
1773010104.324478765,1,0,0.01
1773010105.344412523,0,0,1.24
1773010105.344412523,1,0,0.01
1773010106.366206619,0,0,1.24
1773010106.366206619,1,0,0.01
1773010107.386579525,0,0,1.24
1773010107.386579525,1,0,0.01
1773010108.406598575,0,0,1.24
1773010108.406598575,1,0,0.01
1773010109.430688551,0,0,1.24
1773010109.430688551,1,0,0.01
1773010110.452747968,0,0,1.24
1773010110.452747968,1,0,0.01
1773010111.474417134,0,0,1.24
1773010111.474417134,1,0,0.01
1773010112.494891924,0,0,1.24
1773010112.494891924,1,0,0.01
1773010113.516681552,0,0,1.24
1773010113.516681552,1,0,0.01
1773010114.538444148,0,0,1.24
1773010114.538444148,1,0,0.01
1773010115.561245444,0,0,1.24
1773010115.561245444,1,0,0.01
1773010116.583364054,0,0,1.24
1773010116.583364054,1,0,0.01
1773010117.605401908,0,0,1.24
1773010117.605401908,1,0,0.01
1773010118.626980234,0,0,1.24
1773010118.626980234,1,0,0.01
1773010119.648220002,0,0,1.24
1773010119.648220002,1,0,0.01
1773010120.670399951,0,0,1.24
1773010120.670399951,1,0,0.01
1773010121.692126773,0,0,1.24
1773010121.692126773,1,0,0.01
1773010122.713865973,0,0,1.24
1773010122.713865973,1,0,0.01
1773010123.736078250,0,0,1.24
1773010123.736078250,1,0,0.01
1773010124.757187275,0,0,1.24
1773010124.757187275,1,0,0.01
1773010125.779037469,0,0,1.24
1773010125.779037469,1,0,0.01
1773010126.800746731,0,0,1.24
1773010126.800746731,1,0,0.01
1773010127.822123919,0,0,1.24
1773010127.822123919,1,0,0.01
1773010128.843506075,0,0,1.24
1773010128.843506075,1,0,0.01
1773010129.865623009,0,0,1.24
1773010129.865623009,1,0,0.01
1773010130.887499693,0,0,1.24
1773010130.887499693,1,0,0.01
1773010131.909413167,0,0,1.24
1773010131.909413167,1,0,0.01
1773010132.930774059,0,0,1.24
1773010132.930774059,1,0,0.01
1773010133.952222261,0,0,1.24
1773010133.952222261,1,0,0.01
1773010134.973487431,0,0,1.24
1773010134.973487431,1,0,0.01
1773010135.994809993,0,0,1.24
1773010135.994809993,1,0,0.01
1773010137.016901331,0,0,1.24
1773010137.016901331,1,0,0.01
1773010138.038746845,0,0,1.24
1773010138.038746845,1,0,0.01
1773010139.059529869,0,0,1.24
1773010139.059529869,1,0,0.01
1773010140.081643582,0,0,1.24
1773010140.081643582,1,0,0.01
1773010141.104014630,0,0,1.24
1773010141.104014630,1,0,0.01
1773010142.125297063,0,0,1.24
1773010142.125297063,1,0,0.01
1773010143.146502299,0,0,1.24
1773010143.146502299,1,0,0.01
1773010144.167898551,0,0,1.24
1773010144.167898551,1,0,0.01
1773010145.188866614,0,70,1.24
1773010145.188866614,1,0,0.01
1773010146.209824113,0,70,1.24
1773010146.209824113,1,0,0.01
1773010147.229868961,0,0,1.24
1773010147.229868961,1,0,0.01
1773010148.251765890,0,0,1.24
1773010148.251765890,1,0,0.01
1773010149.273083090,0,0,1.24
1773010149.273083090,1,0,0.01
1773010150.294867748,0,0,1.24
1773010150.294867748,1,0,0.01
1773010151.316993611,0,0,1.24
1773010151.316993611,1,0,0.01
1773010152.338722579,0,0,1.24
1773010152.338722579,1,0,0.01
1773010153.360442160,0,0,1.24
1773010153.360442160,1,0,0.01
1773010154.381657644,0,0,1.24
1773010154.381657644,1,0,0.01
1773010155.402666353,0,0,1.24
1773010155.402666353,1,0,0.01
1773010156.424738887,0,0,1.24
1773010156.424738887,1,0,0.01
1773010157.446619334,0,0,1.24
1773010157.446619334,1,0,0.01
1773010158.467645129,0,0,1.24
1773010158.467645129,1,0,0.01
1773010159.487554344,0,0,1.24
1773010159.487554344,1,0,0.01
1773010160.508571485,0,0,1.24
1773010160.508571485,1,0,0.01
1773010161.533658680,0,0,1.24
1773010161.533658680,1,0,0.01
1773010162.556153281,0,0,1.24
1773010162.556153281,1,0,0.01
1773010163.577135608,0,0,1.24
1773010163.577135608,1,0,0.01
1773010164.598969341,0,0,1.24
1773010164.598969341,1,0,0.01
1773010165.619754306,0,0,1.24
1773010165.619754306,1,0,0.01
1773010166.641133374,0,0,1.24
1773010166.641133374,1,0,0.01
1773010167.663441376,0,0,1.24
1773010167.663441376,1,0,0.01
1773010168.683577461,0,0,1.24
1773010168.683577461,1,0,0.01
1773010169.705012145,0,0,1.24
1773010169.705012145,1,0,0.01
1773010170.726088900,0,0,1.24
1773010170.726088900,1,0,0.01
1773010171.745804380,0,0,1.24
1773010171.745804380,1,0,0.01
1773010172.765647386,0,0,1.24
1773010172.765647386,1,0,0.01
1773010173.787985896,0,0,1.24
1773010173.787985896,1,0,0.01
1773010174.808537500,0,0,1.24
1773010174.808537500,1,0,0.01
1773010175.830062165,0,0,1.24
1773010175.830062165,1,0,0.01
1773010176.851628869,0,0,1.24
1773010176.851628869,1,0,0.01
1773010177.872609160,0,0,1.24
1773010177.872609160,1,0,0.01
1773010178.893978726,0,0,1.24
1773010178.893978726,1,0,0.01
1773010179.915367507,0,0,1.24
1773010179.915367507,1,0,0.01
1773010180.936917906,0,0,1.24
1773010180.936917906,1,0,0.01
1773010181.958541182,0,0,1.24
1773010181.958541182,1,0,0.01
1773010182.979672659,0,0,1.24
1773010182.979672659,1,0,0.01
1773010183.999596019,0,0,1.24
1773010183.999596019,1,0,0.01
1773010185.021584600,0,0,1.24
1773010185.021584600,1,0,0.01
1773010186.043137497,0,0,1.24
1773010186.043137497,1,0,0.01
1773010187.064697756,0,0,1.24
1773010187.064697756,1,0,0.01
1773010188.085938954,0,0,1.24
1773010188.085938954,1,0,0.01
1773010189.107283244,0,0,1.24
1773010189.107283244,1,0,0.01
1773010190.128201270,0,0,1.24
1773010190.128201270,1,0,0.01
1773010191.150167059,0,0,1.24
1773010191.150167059,1,0,0.01
1773010192.171195825,0,0,1.24
1773010192.171195825,1,0,0.01
1773010193.191912978,0,0,1.24
1773010193.191912978,1,0,0.01
1773010194.213392279,0,0,1.24
1773010194.213392279,1,0,0.01
1773010195.234427459,0,0,1.24
1773010195.234427459,1,0,0.01
1773010196.256976353,0,0,1.24
1773010196.256976353,1,0,0.01
1773010197.279136926,0,0,1.24
1773010197.279136926,1,0,0.01
1773010198.300112138,0,0,1.24
1773010198.300112138,1,0,0.01
1773010199.321624170,0,0,1.24
1773010199.321624170,1,0,0.01
1773010200.342661773,0,0,1.24
1773010200.342661773,1,0,0.01
1773010201.363877134,0,0,1.24
1773010201.363877134,1,0,0.01
1773010202.385074875,0,0,1.24
1773010202.385074875,1,0,0.01
1773010203.406291075,0,0,1.24
1773010203.406291075,1,0,0.01
1773010204.427419891,0,0,1.24
1773010204.427419891,1,0,0.01
1773010205.448851021,0,0,1.24
1773010205.448851021,1,0,0.01
1773010206.470039695,0,0,1.24
1773010206.470039695,1,0,0.01
1773010207.491394192,0,0,1.24
1773010207.491394192,1,0,0.01
1773010208.513335670,0,0,1.24
1773010208.513335670,1,0,0.01
1773010209.533818753,0,0,1.24
1773010209.533818753,1,0,0.01
1773010210.554872379,0,0,1.24
1773010210.554872379,1,0,0.01
1773010211.576331577,0,0,1.24
1773010211.576331577,1,0,0.01
1773010212.598041252,0,0,1.24
1773010212.598041252,1,0,0.01
1773010213.619173190,0,0,1.24
1773010213.619173190,1,0,0.01
1773010214.638925611,0,0,1.24
1773010214.638925611,1,0,0.01
1773010215.659890684,0,0,1.24
1773010215.659890684,1,0,0.01
1773010216.681481134,0,0,1.24
1773010216.681481134,1,0,0.01
1773010217.703317220,0,0,1.24
1773010217.703317220,1,0,0.01
1773010218.724339667,0,0,1.24
1773010218.724339667,1,0,0.01
1773010219.745643656,0,0,1.24
1773010219.745643656,1,0,0.01
1773010220.766485256,0,0,1.24
1773010220.766485256,1,0,0.01
1773010221.787295586,0,0,1.24
1773010221.787295586,1,0,0.01
1773010222.809319257,0,0,1.24
1773010222.809319257,1,0,0.01
1773010223.831207493,0,0,1.24
1773010223.831207493,1,0,0.01
1773010224.851464098,0,0,1.24
1773010224.851464098,1,0,0.01
1773010225.872672442,0,0,1.24
1773010225.872672442,1,0,0.01
1773010226.892432856,0,0,1.24
1773010226.892432856,1,0,0.01
1773010227.913616244,0,0,1.24
1773010227.913616244,1,0,0.01
1773010228.935044823,0,0,1.24
1773010228.935044823,1,0,0.01
1773010229.956311950,0,0,1.24
1773010229.956311950,1,0,0.01
1773010230.978172534,0,0,1.24
1773010230.978172534,1,0,0.01
1773010231.999957423,0,0,1.24
1773010231.999957423,1,0,0.01
1773010233.020135872,0,0,1.24
1773010233.020135872,1,0,0.01
1773010234.041921403,0,0,1.24
1773010234.041921403,1,0,0.01
1773010235.063134903,0,0,1.24
1773010235.063134903,1,0,0.01
1773010236.084832146,0,0,1.24
1773010236.084832146,1,0,0.01
1773010237.106318673,0,0,1.24
1773010237.106318673,1,0,0.01
1773010238.127215168,0,0,1.24
1773010238.127215168,1,0,0.01
1773010239.148126359,0,0,1.24
1773010239.148126359,1,0,0.01
1773010240.169598953,0,0,1.24
1773010240.169598953,1,0,0.01
1773010241.190912141,0,0,1.24
1773010241.190912141,1,0,0.01
1773010242.212803178,0,0,1.24
1773010242.212803178,1,0,0.01
1773010243.232458860,0,0,1.24
1773010243.232458860,1,0,0.01
1773010244.253525113,0,0,1.24
1773010244.253525113,1,0,0.01
1773010245.275092254,0,0,1.24
1773010245.275092254,1,0,0.01
1773010246.296010217,0,0,1.24
1773010246.296010217,1,0,0.01
1773010247.317982748,0,0,1.24
1773010247.317982748,1,0,0.01
1773010248.339059287,0,0,1.24
1773010248.339059287,1,0,0.01
1773010249.361110707,0,0,1.24
1773010249.361110707,1,0,0.01
1773010250.382976714,0,0,1.24
1773010250.382976714,1,0,0.01
1773010251.404483583,0,0,1.24
1773010251.404483583,1,0,0.01
1773010252.426539959,0,0,1.24
1773010252.426539959,1,0,0.01
1773010253.448192164,0,0,1.24
1773010253.448192164,1,0,0.01
1773010254.469817820,0,0,1.24
1773010254.469817820,1,0,0.01
1773010255.489401062,0,0,1.24
1773010255.489401062,1,0,0.01
1773010256.509158227,0,0,1.24
1773010256.509158227,1,0,0.01
1773010257.530795117,0,0,1.24
1773010257.530795117,1,0,0.01
1773010258.551988248,0,0,1.24
1773010258.551988248,1,0,0.01
1773010259.573834920,0,0,1.24
1773010259.573834920,1,0,0.01
1773010260.595984447,0,0,1.24
1773010260.595984447,1,0,0.01
1773010261.617364788,0,0,1.24
1773010261.617364788,1,0,0.01
1773010262.638780904,0,0,1.24
1773010262.638780904,1,0,0.01
1773010263.660683347,0,0,1.24
1773010263.660683347,1,0,0.01
1773010264.682283550,0,0,1.24
1773010264.682283550,1,0,0.01
1773010265.703503044,0,0,1.24
1773010265.703503044,1,0,0.01
1773010266.725734436,0,0,1.24
1773010266.725734436,1,0,0.01
1773010267.747253248,0,0,1.24
1773010267.747253248,1,0,0.01
1773010268.767993832,0,0,1.24
1773010268.767993832,1,0,0.01
1773010269.788266693,0,0,1.24
1773010269.788266693,1,0,0.01
1773010270.808277004,0,0,1.24
1773010270.808277004,1,0,0.01
1773010271.830108525,0,0,1.24
1773010271.830108525,1,0,0.01
1773010272.851764640,0,0,1.24
1773010272.851764640,1,0,0.01
1773010273.873275688,0,0,1.24
1773010273.873275688,1,0,0.01
1773010274.894233253,0,0,1.24
1773010274.894233253,1,0,0.01
1773010275.915683880,0,0,1.24
1773010275.915683880,1,0,0.01
1773010276.937521602,0,0,1.24
1773010276.937521602,1,0,0.01
1773010277.959555488,0,0,1.24
1773010277.959555488,1,0,0.01
1773010278.981445647,0,0,1.24
1773010278.981445647,1,0,0.01
1773010280.003726448,0,0,1.24
1773010280.003726448,1,0,0.01
1773010281.025363995,0,0,1.24
1773010281.025363995,1,0,0.01
1773010282.046369727,0,0,1.24
1773010282.046369727,1,0,0.01
1773010283.067310867,0,0,1.24
1773010283.067310867,1,0,0.01
1773010284.089133047,0,0,1.24
1773010284.089133047,1,0,0.01
1773010285.109918766,0,0,1.24
1773010285.109918766,1,0,0.01
1773010286.131670612,0,0,1.24
1773010286.131670612,1,0,0.01
1773010287.152924667,0,0,1.24
1773010287.152924667,1,0,0.01
1773010288.174244901,0,0,1.24
1773010288.174244901,1,0,0.01
1773010289.195417444,0,0,1.24
1773010289.195417444,1,0,0.01
1773010290.216094669,0,0,1.24
1773010290.216094669,1,0,0.01
1773010291.235745899,0,0,1.24
1773010291.235745899,1,0,0.01
1773010292.257768197,0,0,1.24
1773010292.257768197,1,0,0.01
1773010293.278735898,0,0,1.24
1773010293.278735898,1,0,0.01
1773010294.298673899,0,0,1.24
1773010294.298673899,1,0,0.01
1773010295.320512593,0,0,1.24
1773010295.320512593,1,0,0.01
1773010296.342054953,0,0,1.24
1773010296.342054953,1,0,0.01
1773010297.363917677,0,0,1.24
1773010297.363917677,1,0,0.01
1773010298.385112091,0,0,1.24
1773010298.385112091,1,0,0.01
1773010299.407070578,0,0,1.24
1773010299.407070578,1,0,0.01
1773010300.428311972,0,0,1.24
1773010300.428311972,1,0,0.01
1773010301.449793167,0,0,1.24
1773010301.449793167,1,0,0.01
1773010302.470918103,0,0,1.24
1773010302.470918103,1,0,0.01
1773010303.492762611,0,0,1.24
1773010303.492762611,1,0,0.01
1773010304.514579979,0,0,1.24
1773010304.514579979,1,0,0.01
1773010305.535778609,0,0,1.24
1773010305.535778609,1,0,0.01
1773010306.556964878,0,0,1.24
1773010306.556964878,1,0,0.01
1773010307.578239624,0,0,1.24
1773010307.578239624,1,0,0.01
1773010308.599301208,0,0,1.24
1773010308.599301208,1,0,0.01
1773010309.621306895,0,0,1.24
1773010309.621306895,1,0,0.01
1773010310.642510925,0,0,1.24
1773010310.642510925,1,0,0.01
1773010311.662933987,0,0,1.24
1773010311.662933987,1,0,0.01
1773010312.684302911,0,0,1.24
1773010312.684302911,1,0,0.01
1773010313.706311383,0,0,1.24
1773010313.706311383,1,0,0.01
1773010314.727767950,0,0,1.24
1773010314.727767950,1,0,0.01
1773010315.748937663,0,0,1.24
1773010315.748937663,1,0,0.01
1773010316.770259775,0,0,1.24
1773010316.770259775,1,0,0.01
1773010317.791547190,0,0,1.24
1773010317.791547190,1,0,0.01
1773010318.813527957,0,0,1.24
1773010318.813527957,1,0,0.01
1773010319.835194341,0,0,1.24
1773010319.835194341,1,0,0.01
1773010320.855980619,0,0,1.24
1773010320.855980619,1,0,0.01
1773010321.876285708,0,0,1.24
1773010321.876285708,1,0,0.01
1773010322.896281409,0,0,1.24
1773010322.896281409,1,0,0.01
1773010323.918503284,0,0,1.24
1773010323.918503284,1,0,0.01
1773010324.939820040,0,0,1.24
1773010324.939820040,1,0,0.01
1773010325.961500292,0,0,1.24
1773010325.961500292,1,0,0.01
1773010326.982801082,0,0,1.24
1773010326.982801082,1,0,0.01
1773010328.003862380,0,0,1.24
1773010328.003862380,1,0,0.01
1773010329.025451633,0,0,1.24
1773010329.025451633,1,0,0.01
1773010330.046452404,0,0,1.24
1773010330.046452404,1,0,0.01
1773010331.068168592,0,0,1.24
1773010331.068168592,1,0,0.01
1773010332.089041703,0,0,1.24
1773010332.089041703,1,0,0.01
1773010333.109950216,0,0,1.24
1773010333.109950216,1,0,0.01
1773010334.131778305,0,0,1.24
1773010334.131778305,1,0,0.01
1773010335.151902115,0,0,1.24
1773010335.151902115,1,0,0.01
1773010336.173402121,0,0,1.24
1773010336.173402121,1,0,0.01
1773010337.194549797,0,0,1.24
1773010337.194549797,1,0,0.01
1773010338.215581056,0,0,1.24
1773010338.215581056,1,0,0.01
1773010339.236929731,0,0,1.24
1773010339.236929731,1,0,0.01
1773010340.258464786,0,0,1.24
1773010340.258464786,1,0,0.01
1773010341.278884124,0,0,1.24
1773010341.278884124,1,0,0.01
1773010342.299441170,0,0,1.24
1773010342.299441170,1,0,0.01
1773010343.320976909,0,0,1.24
1773010343.320976909,1,0,0.01
1773010344.342032715,0,0,1.24
1773010344.342032715,1,0,0.01
1773010345.364134967,0,0,1.24
1773010345.364134967,1,0,0.01
1773010346.385995009,0,0,1.24
1773010346.385995009,1,0,0.01
1773010347.407652275,0,0,1.24
1773010347.407652275,1,0,0.01
1773010348.428179918,0,0,1.24
1773010348.428179918,1,0,0.01
1773010349.448023523,0,0,1.24
1773010349.448023523,1,0,0.01
1773010350.467973862,0,0,1.24
1773010350.467973862,1,0,0.01
1773010351.490182598,0,0,1.24
1773010351.490182598,1,0,0.01
1773010352.512107845,0,0,1.24
1773010352.512107845,1,0,0.01
1773010353.534193799,0,0,1.24
1773010353.534193799,1,0,0.01
1773010354.553852036,0,0,1.24
1773010354.553852036,1,0,0.01
1773010355.575944648,0,0,1.24
1773010355.575944648,1,0,0.01
1773010356.597657677,0,0,1.24
1773010356.597657677,1,0,0.01
1773010357.619095774,0,0,1.24
1773010357.619095774,1,0,0.01
1773010358.639718482,0,0,1.24
1773010358.639718482,1,0,0.01
1773010359.660953216,0,0,1.24
1773010359.660953216,1,0,0.01
1773010360.682163182,0,0,1.24
1773010360.682163182,1,0,0.01
1773010361.703039041,0,0,1.24
1773010361.703039041,1,0,0.01
1773010362.722787908,0,0,1.24
1773010362.722787908,1,0,0.01
1773010363.744601178,0,0,1.24
1773010363.744601178,1,0,0.01
1773010364.765087938,0,0,1.24
1773010364.765087938,1,0,0.01
1773010365.785191185,0,0,1.24
1773010365.785191185,1,0,0.01
1773010366.806533749,0,0,1.24
1773010366.806533749,1,0,0.01
1773010367.828596211,0,0,1.24
1773010367.828596211,1,0,0.01
1773010368.850181491,0,0,1.24
1773010368.850181491,1,0,0.01
1773010369.870106663,0,0,1.24
1773010369.870106663,1,0,0.01
1773010370.889535069,0,0,1.24
1773010370.889535069,1,0,0.01
1773010371.910669749,0,0,1.24
1773010371.910669749,1,0,0.01
1773010372.931559676,0,0,1.24
1773010372.931559676,1,0,0.01
1773010373.952538280,0,0,1.24
1773010373.952538280,1,0,0.01
1773010374.974969302,0,0,1.24
1773010374.974969302,1,0,0.01
1773010375.997114441,0,0,1.24
1773010375.997114441,1,0,0.01
1773010377.018327119,0,0,1.24
1773010377.018327119,1,0,0.01
1773010378.039850560,0,0,1.24
1773010378.039850560,1,0,0.01
1773010379.059687916,0,0,1.24
1773010379.059687916,1,0,0.01
1773010380.079337058,0,0,1.24
1773010380.079337058,1,0,0.01
1773010381.100833328,0,0,1.24
1773010381.100833328,1,0,0.01
1773010382.123216247,0,0,1.24
1773010382.123216247,1,0,0.01
1773010383.144115327,0,0,1.24
1773010383.144115327,1,0,0.01
1773010384.166178168,0,0,1.24
1773010384.166178168,1,0,0.01
1773010385.187329100,0,0,1.24
1773010385.187329100,1,0,0.01
1773010386.208687871,0,0,1.24
1773010386.208687871,1,0,0.01
1773010387.230069838,0,0,1.24
1773010387.230069838,1,0,0.01
1773010388.251539836,0,0,1.24
1773010388.251539836,1,0,0.01
1773010389.273426618,0,0,1.24
1773010389.273426618,1,0,0.01
1773010390.294408279,0,0,1.24
1773010390.294408279,1,0,0.01
1773010391.316055259,0,0,1.24
1773010391.316055259,1,0,0.01
1773010392.335724968,0,0,1.24
1773010392.335724968,1,0,0.01
1773010393.356979873,0,0,1.24
1773010393.356979873,1,0,0.01
1773010394.379148682,0,0,1.24
1773010394.379148682,1,0,0.01
1773010395.400447055,0,0,1.24
1773010395.400447055,1,0,0.01
1773010396.421865744,0,0,1.24
1773010396.421865744,1,0,0.01
1773010397.444092763,0,0,1.24
1773010397.444092763,1,0,0.01
1773010398.466245343,0,0,1.24
1773010398.466245343,1,0,0.01
1773010399.486924141,0,0,1.24
1773010399.486924141,1,0,0.01
1773010400.507135259,0,0,1.24
1773010400.507135259,1,0,0.01
1773010401.528967225,0,0,1.24
1773010401.528967225,1,0,0.01
1773010402.550946759,0,0,1.24
1773010402.550946759,1,0,0.01
1773010403.571907334,0,0,1.24
1773010403.571907334,1,0,0.01
1773010404.593280301,0,0,1.24
1773010404.593280301,1,0,0.01
1773010405.614995050,0,0,1.24
1773010405.614995050,1,0,0.01
1773010406.636828370,0,0,1.24
1773010406.636828370,1,0,0.01
1773010407.658981222,0,0,1.24
1773010407.658981222,1,0,0.01
1773010408.678542741,0,0,1.24
1773010408.678542741,1,0,0.01
1773010409.699791548,0,0,1.24
1773010409.699791548,1,0,0.01
1773010410.720908265,0,0,1.24
1773010410.720908265,1,0,0.01
1773010411.740900939,0,0,1.24
1773010411.740900939,1,0,0.01
1773010412.761659958,0,0,1.24
1773010412.761659958,1,0,0.01
1773010413.783117057,0,0,1.24
1773010413.783117057,1,0,0.01
1773010414.805079165,0,0,1.24
1773010414.805079165,1,0,0.01
1773010415.825044257,0,0,1.24
1773010415.825044257,1,0,0.01
1773010416.844775401,0,0,1.24
1773010416.844775401,1,0,0.01
1773010417.865430898,0,0,1.24
1773010417.865430898,1,0,0.01
1773010418.886864829,0,0,1.24
1773010418.886864829,1,0,0.01
1773010419.908242807,0,0,1.24
1773010419.908242807,1,0,0.01
1773010420.929283647,0,0,1.24
1773010420.929283647,1,0,0.01
1773010421.951576897,0,0,1.24
1773010421.951576897,1,0,0.01
1773010422.973057542,0,0,1.24
1773010422.973057542,1,0,0.01
1773010423.994427825,0,0,1.24
1773010423.994427825,1,0,0.01
1773010425.015610954,0,0,1.24
1773010425.015610954,1,0,0.01
1773010426.037206204,0,0,1.24
1773010426.037206204,1,0,0.01
1773010427.058984260,0,0,1.24
1773010427.058984260,1,0,0.01
1773010428.080940805,0,0,1.24
1773010428.080940805,1,0,0.01
1773010429.100678187,0,0,1.24
1773010429.100678187,1,0,0.01
1773010430.122283880,0,0,1.24
1773010430.122283880,1,0,0.01
1773010431.143239198,0,0,1.24
1773010431.143239198,1,0,0.01
1773010432.164322404,0,0,1.24
1773010432.164322404,1,0,0.01
1773010433.185853016,0,0,1.24
1773010433.185853016,1,0,0.01
1773010434.207320845,0,0,1.24
1773010434.207320845,1,0,0.01
1773010435.228403944,0,0,1.24
1773010435.228403944,1,0,0.01
1773010436.248267109,0,0,1.24
1773010436.248267109,1,0,0.01
1773010437.269105125,0,0,1.24
1773010437.269105125,1,0,0.01
1773010438.291696588,0,0,1.24
1773010438.291696588,1,0,0.01
1773010439.313364459,0,0,1.24
1773010439.313364459,1,0,0.01
1773010440.335084046,0,0,1.24
1773010440.335084046,1,0,0.01
1773010441.356515963,0,0,1.24
1773010441.356515963,1,0,0.01
1773010442.377598184,0,0,1.24
1773010442.377598184,1,0,0.01
1773010443.399213882,0,71,1.24
1773010443.399213882,1,0,0.01
1773010444.420944377,0,71,1.24
1773010444.420944377,1,0,0.01
1773010445.440648336,0,0,1.24
1773010445.440648336,1,0,0.01
1773010446.461407249,0,0,1.24
1773010446.461407249,1,0,0.01
1773010447.481016736,0,0,1.24
1773010447.481016736,1,0,0.01
1773010448.503636917,0,0,1.24
1773010448.503636917,1,0,0.01
1773010449.523729516,0,0,1.24
1773010449.523729516,1,0,0.01
1773010450.544508150,0,0,1.24
1773010450.544508150,1,0,0.01
1773010451.564503245,0,0,1.24
1773010451.564503245,1,0,0.01
1773010452.583997775,0,0,1.24
1773010452.583997775,1,0,0.01
1773010453.603960714,0,0,1.24
1773010453.603960714,1,0,0.01
1773010454.623387217,0,0,1.24
1773010454.623387217,1,0,0.01
1773010455.643562934,0,0,1.24
1773010455.643562934,1,0,0.01
1773010456.663912787,0,0,1.24
1773010456.663912787,1,0,0.01
1773010457.685121786,0,0,1.24
1773010457.685121786,1,0,0.01
1773010458.707707494,0,0,1.24
1773010458.707707494,1,0,0.01
1773010459.730181866,0,0,1.24
1773010459.730181866,1,0,0.01
1773010460.752028000,0,0,1.24
1773010460.752028000,1,0,0.01
1773010461.773962574,0,0,1.24
1773010461.773962574,1,0,0.01
1773010462.795052711,0,0,1.24
1773010462.795052711,1,0,0.01
1773010463.817093619,0,0,1.24
1773010463.817093619,1,0,0.01
1773010464.838302215,0,0,1.24
1773010464.838302215,1,0,0.01
1773010465.859652006,0,0,1.24
1773010465.859652006,1,0,0.01
1773010466.880511368,0,0,1.24
1773010466.880511368,1,0,0.01
1773010467.901759885,0,0,1.24
1773010467.901759885,1,0,0.01
1773010468.922658707,0,0,1.24
1773010468.922658707,1,0,0.01
1773010469.942865632,0,0,1.24
1773010469.942865632,1,0,0.01
1773010470.965294750,0,0,1.24
1773010470.965294750,1,0,0.01
1773010471.986427155,0,0,1.24
1773010471.986427155,1,0,0.01
1773010473.008011198,0,0,1.24
1773010473.008011198,1,0,0.01
1773010474.029578343,0,0,1.24
1773010474.029578343,1,0,0.01
1773010475.049585409,0,0,1.24
1773010475.049585409,1,0,0.01
1773010476.072085116,0,0,1.24
1773010476.072085116,1,0,0.01
1773010477.093414253,0,0,1.24
1773010477.093414253,1,0,0.01
1773010478.115187583,0,0,1.24
1773010478.115187583,1,0,0.01
1773010479.137651379,0,0,1.24
1773010479.137651379,1,0,0.01
1773010480.158195332,0,0,1.24
1773010480.158195332,1,0,0.01
1773010481.177727075,0,0,1.24
1773010481.177727075,1,0,0.01
1773010482.197228869,0,0,1.24
1773010482.197228869,1,0,0.01
1773010483.216959404,0,0,1.24
1773010483.216959404,1,0,0.01
1773010484.237671299,0,0,1.24
1773010484.237671299,1,0,0.01
1773010485.259326871,0,0,1.24
1773010485.259326871,1,0,0.01
1773010486.280646480,0,0,1.24
1773010486.280646480,1,0,0.01
1773010487.302920621,0,0,1.24
1773010487.302920621,1,0,0.01
1773010488.324422092,0,0,1.24
1773010488.324422092,1,0,0.01
1773010489.345898342,0,0,1.24
1773010489.345898342,1,0,0.01
1773010490.367388751,0,0,1.24
1773010490.367388751,1,0,0.01
1773010491.388781432,0,0,1.24
1773010491.388781432,1,0,0.01
1773010492.410343778,0,0,1.24
1773010492.410343778,1,0,0.01
1773010493.432146546,0,0,1.24
1773010493.432146546,1,0,0.01
1773010494.453307668,0,0,1.24
1773010494.453307668,1,0,0.01
1773010495.474902919,0,0,1.24
1773010495.474902919,1,0,0.01
1773010496.497241177,0,0,1.24
1773010496.497241177,1,0,0.01
1773010497.518131177,0,0,1.24
1773010497.518131177,1,0,0.01
1773010498.538730069,0,0,1.24
1773010498.538730069,1,0,0.01
1773010499.560492158,0,0,1.24
1773010499.560492158,1,0,0.01
1773010500.582767846,0,0,1.24
1773010500.582767846,1,0,0.01
1773010501.605499149,0,0,1.24
1773010501.605499149,1,0,0.01
1773010502.628152145,0,0,1.24
1773010502.628152145,1,0,0.01
1773010503.649169355,0,0,1.24
1773010503.649169355,1,0,0.01
1773010504.671284504,0,0,1.24
1773010504.671284504,1,0,0.01
1773010505.691522324,0,0,1.24
1773010505.691522324,1,0,0.01
1773010506.713625255,0,0,1.24
1773010506.713625255,1,0,0.01
1773010507.733975121,0,0,1.24
1773010507.733975121,1,0,0.01
1773010508.755023097,0,0,1.24
1773010508.755023097,1,0,0.01
1773010509.777215036,0,0,1.24
1773010509.777215036,1,0,0.01
1773010510.798839423,0,0,1.24
1773010510.798839423,1,0,0.01
1773010511.819780318,0,0,1.24
1773010511.819780318,1,0,0.01
1773010512.841142361,0,0,1.24
1773010512.841142361,1,0,0.01
1773010513.863100186,0,0,1.24
1773010513.863100186,1,0,0.01
1773010514.884174810,0,0,1.24
1773010514.884174810,1,0,0.01
1773010515.905779144,0,0,1.24
1773010515.905779144,1,0,0.01
1773010516.927466570,0,0,1.24
1773010516.927466570,1,0,0.01
1773010517.948613414,0,0,1.24
1773010517.948613414,1,0,0.01
1773010518.969580570,0,0,1.24
1773010518.969580570,1,0,0.01
1773010519.991429399,0,0,1.24
1773010519.991429399,1,0,0.01
1773010521.012485070,0,0,1.24
1773010521.012485070,1,0,0.01
1773010522.033855631,0,0,1.24
1773010522.033855631,1,0,0.01
1773010523.055423568,0,0,1.24
1773010523.055423568,1,0,0.01
1773010524.078630580,0,0,1.24
1773010524.078630580,1,0,0.01
1773010525.101030900,0,0,1.24
1773010525.101030900,1,0,0.01
1773010526.122937201,0,0,1.24
1773010526.122937201,1,0,0.01
1773010527.145057951,0,0,1.24
1773010527.145057951,1,0,0.01
1773010528.166895928,0,0,1.24
1773010528.166895928,1,0,0.01
1773010529.188082408,0,0,1.24
1773010529.188082408,1,0,0.01
1773010530.209366128,0,0,1.24
1773010530.209366128,1,0,0.01
1773010531.230397760,0,0,1.24
1773010531.230397760,1,0,0.01
1773010532.251676840,0,0,1.24
1773010532.251676840,1,0,0.01
1773010533.273910144,0,0,1.24
1773010533.273910144,1,0,0.01
1773010534.295109037,0,0,1.24
1773010534.295109037,1,0,0.01
1773010535.316613533,0,0,1.24
1773010535.316613533,1,0,0.01
1773010536.337736572,0,0,1.24
1773010536.337736572,1,0,0.01
1773010537.358721603,0,0,1.24
1773010537.358721603,1,0,0.01
1773010538.380001535,0,0,1.24
1773010538.380001535,1,0,0.01
1773010539.401581861,0,0,1.24
1773010539.401581861,1,0,0.01
1773010540.422709361,0,0,1.24
1773010540.422709361,1,0,0.01
1773010541.444562443,0,0,1.24
1773010541.444562443,1,0,0.01
1773010542.466333893,0,0,1.24
1773010542.466333893,1,0,0.01
1773010543.487539692,0,0,1.24
1773010543.487539692,1,0,0.01
1773010544.509012929,0,0,1.24
1773010544.509012929,1,0,0.01
1773010545.529946597,0,0,1.24
1773010545.529946597,1,0,0.01
1773010546.551697113,0,0,1.24
1773010546.551697113,1,0,0.01
1773010547.572900614,0,0,1.24
1773010547.572900614,1,0,0.01
1773010548.594638023,0,0,1.24
1773010548.594638023,1,0,0.01
1773010549.616397797,0,0,1.24
1773010549.616397797,1,0,0.01
1773010550.637766533,0,0,1.24
1773010550.637766533,1,0,0.01
1773010551.659007938,0,0,1.24
1773010551.659007938,1,0,0.01
1773010552.680751440,0,0,1.24
1773010552.680751440,1,0,0.01
1773010553.702154262,0,0,1.24
1773010553.702154262,1,0,0.01
1773010554.724214013,0,0,1.24
1773010554.724214013,1,0,0.01
1773010555.745276930,0,0,1.24
1773010555.745276930,1,0,0.01
1773010556.764689979,0,0,1.24
1773010556.764689979,1,0,0.01
1773010557.785031147,0,0,1.24
1773010557.785031147,1,0,0.01
1773010558.806231733,0,0,1.24
1773010558.806231733,1,0,0.01
1773010559.827516279,0,0,1.24
1773010559.827516279,1,0,0.01
1773010560.847537504,0,0,1.24
1773010560.847537504,1,0,0.01
1773010561.869168764,0,0,1.24
1773010561.869168764,1,0,0.01
1773010562.890214672,0,0,1.24
1773010562.890214672,1,0,0.01
1773010563.910203464,0,0,1.24
1773010563.910203464,1,0,0.01
1773010564.930215172,0,0,1.24
1773010564.930215172,1,0,0.01
1773010565.952837692,0,0,1.24
1773010565.952837692,1,0,0.01
1773010566.974792019,0,0,1.24
1773010566.974792019,1,0,0.01
1773010567.996159064,0,0,1.24
1773010567.996159064,1,0,0.01
1773010569.017955178,0,0,1.24
1773010569.017955178,1,0,0.01
1773010570.037790560,0,0,1.24
1773010570.037790560,1,0,0.01
1773010571.059745222,0,0,1.24
1773010571.059745222,1,0,0.01
1773010572.080865576,0,0,1.24
1773010572.080865576,1,0,0.01
1773010573.101833082,0,0,1.24
1773010573.101833082,1,0,0.01
1773010574.123717981,0,0,1.24
1773010574.123717981,1,0,0.01
1773010575.145099496,0,0,1.24
1773010575.145099496,1,0,0.01
1773010576.167110047,0,0,1.24
1773010576.167110047,1,0,0.01
1773010577.188955083,0,0,1.24
1773010577.188955083,1,0,0.01
1773010578.210129704,0,0,1.24
1773010578.210129704,1,0,0.01
1773010579.230144740,0,0,1.24
1773010579.230144740,1,0,0.01
1773010580.250076925,0,0,1.24
1773010580.250076925,1,0,0.01
1773010581.270384705,0,0,1.24
1773010581.270384705,1,0,0.01
1773010582.290757339,0,0,1.24
1773010582.290757339,1,0,0.01
1773010583.313205552,0,0,1.24
1773010583.313205552,1,0,0.01
1773010584.335290587,0,0,1.24
1773010584.335290587,1,0,0.01
1773010585.356988595,0,0,1.24
1773010585.356988595,1,0,0.01
1773010586.376802941,0,0,1.24
1773010586.376802941,1,0,0.01
1773010587.396663302,0,0,1.24
1773010587.396663302,1,0,0.01
1773010588.417595087,0,0,1.24
1773010588.417595087,1,0,0.01
1773010589.437770479,0,0,1.24
1773010589.437770479,1,0,0.01
1773010590.459872304,0,0,1.24
1773010590.459872304,1,0,0.01
1773010591.480984278,0,0,1.24
1773010591.480984278,1,0,0.01
1773010592.501982766,0,0,1.24
1773010592.501982766,1,0,0.01
1773010593.522908895,0,0,1.24
1773010593.522908895,1,0,0.01
1773010594.545171661,0,0,1.24
1773010594.545171661,1,0,0.01
1773010595.566868405,0,0,1.24
1773010595.566868405,1,0,0.01
1773010596.587909808,0,0,1.24
1773010596.587909808,1,0,0.01
1773010597.608970199,0,0,1.24
1773010597.608970199,1,0,0.01
1773010598.630832467,0,0,1.24
1773010598.630832467,1,0,0.01
1773010599.650658116,0,0,1.24
1773010599.650658116,1,0,0.01
1773010600.670921272,0,0,1.24
1773010600.670921272,1,0,0.01
1773010601.692957624,0,0,1.24
1773010601.692957624,1,0,0.01
1773010602.715277102,0,0,1.24
1773010602.715277102,1,0,0.01
1773010603.737299486,0,0,1.24
1773010603.737299486,1,0,0.01
1773010604.759032682,0,0,1.24
1773010604.759032682,1,0,0.01
1773010605.780822179,0,0,1.24
1773010605.780822179,1,0,0.01
1773010606.801785582,0,0,1.24
1773010606.801785582,1,0,0.01
1773010607.823169564,0,0,1.24
1773010607.823169564,1,0,0.01
1773010608.845080455,0,0,1.24
1773010608.845080455,1,0,0.01
1773010609.866386550,0,0,1.24
1773010609.866386550,1,0,0.01
1773010610.887946619,0,0,1.24
1773010610.887946619,1,0,0.01
1773010611.909766390,0,0,1.24
1773010611.909766390,1,0,0.01
1773010612.931145217,0,0,1.24
1773010612.931145217,1,0,0.01
1773010613.952275249,0,0,1.24
1773010613.952275249,1,0,0.01
1773010614.973574704,0,0,1.24
1773010614.973574704,1,0,0.01
1773010615.995921031,0,0,1.24
1773010615.995921031,1,0,0.01
1773010617.018249206,0,0,1.24
1773010617.018249206,1,0,0.01
1773010618.038239647,0,0,1.24
1773010618.038239647,1,0,0.01
1773010619.059411679,0,0,1.24
1773010619.059411679,1,0,0.01
1773010620.081840615,0,0,1.24
1773010620.081840615,1,0,0.01
1773010621.104118818,0,0,1.24
1773010621.104118818,1,0,0.01
1773010622.125457514,0,0,1.24
1773010622.125457514,1,0,0.01
1773010623.147530964,0,0,1.24
1773010623.147530964,1,0,0.01
1773010624.168436580,0,0,1.24
1773010624.168436580,1,0,0.01
1773010625.189294005,0,0,1.24
1773010625.189294005,1,0,0.01
1773010626.210108320,0,0,1.24
1773010626.210108320,1,0,0.01
1773010627.231365665,0,0,1.24
1773010627.231365665,1,0,0.01
1773010628.252951372,0,0,1.24
1773010628.252951372,1,0,0.01
1773010629.275011500,0,0,1.24
1773010629.275011500,1,0,0.01
1773010630.297131902,0,0,1.24
1773010630.297131902,1,0,0.01
1773010631.319465046,0,0,1.24
1773010631.319465046,1,0,0.01
1773010632.340986995,0,0,1.24
1773010632.340986995,1,0,0.01
1773010633.361951959,0,0,1.24
1773010633.361951959,1,0,0.01
1773010634.383915247,0,0,1.24
1773010634.383915247,1,0,0.01
1773010635.406190637,0,0,1.24
1773010635.406190637,1,0,0.01
1773010636.427205077,0,0,1.24
1773010636.427205077,1,0,0.01
1773010637.449118516,0,0,1.24
1773010637.449118516,1,0,0.01
1773010638.472018091,0,0,1.24
1773010638.472018091,1,0,0.01
1773010639.493956805,0,0,1.24
1773010639.493956805,1,0,0.01
1773010640.516397773,0,0,1.24
1773010640.516397773,1,0,0.01
1773010641.537345537,0,0,1.24
1773010641.537345537,1,0,0.01
1773010642.559603967,0,0,1.24
1773010642.559603967,1,0,0.01
1773010643.581629888,0,0,1.24
1773010643.581629888,1,0,0.01
1773010644.603123066,0,0,1.24
1773010644.603123066,1,0,0.01
1773010645.624477804,0,0,1.24
1773010645.624477804,1,0,0.01
1773010646.646111643,0,0,1.24
1773010646.646111643,1,0,0.01
1773010647.667218053,0,0,1.24
1773010647.667218053,1,0,0.01
1773010648.688713805,0,0,1.24
1773010648.688713805,1,0,0.01
1773010649.709107728,0,0,1.24
1773010649.709107728,1,0,0.01
1773010650.730919921,0,0,1.24
1773010650.730919921,1,0,0.01
1773010651.751573340,0,0,1.24
1773010651.751573340,1,0,0.01
1773010652.773284198,0,0,1.24
1773010652.773284198,1,0,0.01
1773010653.794263269,0,0,1.24
1773010653.794263269,1,0,0.01
1773010654.815859960,0,0,1.24
1773010654.815859960,1,0,0.01
1773010655.838522285,0,0,1.24
1773010655.838522285,1,0,0.01
1773010656.859517061,0,0,1.24
1773010656.859517061,1,0,0.01
1773010657.880622987,0,0,1.24
1773010657.880622987,1,0,0.01
1773010658.901793601,0,0,1.24
1773010658.901793601,1,0,0.01
1773010659.922777932,0,0,1.24
1773010659.922777932,1,0,0.01
1773010660.944177089,0,0,1.24
1773010660.944177089,1,0,0.01
1773010661.965213523,0,0,1.24
1773010661.965213523,1,0,0.01
1773010662.984731748,0,0,1.24
1773010662.984731748,1,0,0.01
1773010664.004835251,0,0,1.24
1773010664.004835251,1,0,0.01
1773010665.026201514,0,0,1.24
1773010665.026201514,1,0,0.01
1773010666.046476527,0,0,1.24
1773010666.046476527,1,0,0.01
1773010667.066596166,0,0,1.24
1773010667.066596166,1,0,0.01
1773010668.086525606,0,0,1.24
1773010668.086525606,1,0,0.01
1773010669.109256084,0,0,1.24
1773010669.109256084,1,0,0.01
1773010670.131788701,0,0,1.24
1773010670.131788701,1,0,0.01
1773010671.154266839,0,0,1.24
1773010671.154266839,1,0,0.01
1773010672.175126808,0,0,1.24
1773010672.175126808,1,0,0.01
1773010673.197152993,0,0,1.24
1773010673.197152993,1,0,0.01
1773010674.218638363,0,0,1.24
1773010674.218638363,1,0,0.01
1773010675.241251237,0,0,1.24
1773010675.241251237,1,0,0.01
1773010676.262419534,0,0,1.24
1773010676.262419534,1,0,0.01
1773010677.282426236,0,0,1.24
1773010677.282426236,1,0,0.01
1773010678.304153413,0,0,1.24
1773010678.304153413,1,0,0.01
1773010679.325832171,0,0,1.24
1773010679.325832171,1,0,0.01
1773010680.348310046,0,0,1.24
1773010680.348310046,1,0,0.01
1773010681.369466986,0,0,1.24
1773010681.369466986,1,0,0.01
1773010682.391143177,0,0,1.24
1773010682.391143177,1,0,0.01
1773010683.412459637,0,0,1.24
1773010683.412459637,1,0,0.01
1773010684.434374020,0,0,1.24
1773010684.434374020,1,0,0.01
1773010685.455398681,0,0,1.24
1773010685.455398681,1,0,0.01
1773010686.477235228,0,0,1.24
1773010686.477235228,1,0,0.01
1773010687.497020501,0,0,1.24
1773010687.497020501,1,0,0.01
1773010688.516878905,0,0,1.24
1773010688.516878905,1,0,0.01
1773010689.539453406,0,0,1.24
1773010689.539453406,1,0,0.01
1773010690.560869331,0,0,1.24
1773010690.560869331,1,0,0.01
1773010691.583649828,0,0,1.24
1773010691.583649828,1,0,0.01
1773010692.605496063,0,0,1.24
1773010692.605496063,1,0,0.01
1773010693.627533536,0,0,1.24
1773010693.627533536,1,0,0.01
1773010694.648323354,0,0,1.24
1773010694.648323354,1,0,0.01
1773010695.670751026,0,0,1.24
1773010695.670751026,1,0,0.01
1773010696.692216308,0,0,1.24
1773010696.692216308,1,0,0.01
1773010697.712124895,0,0,1.24
1773010697.712124895,1,0,0.01
1773010698.731990129,0,0,1.24
1773010698.731990129,1,0,0.01
1773010699.754184112,0,0,1.24
1773010699.754184112,1,0,0.01
1773010700.775511533,0,0,1.24
1773010700.775511533,1,0,0.01
1773010701.797608763,0,0,1.24
1773010701.797608763,1,0,0.01
1773010702.818663320,0,0,1.24
1773010702.818663320,1,0,0.01
1773010703.840895631,0,0,1.24
1773010703.840895631,1,0,0.01
1773010704.861765060,0,0,1.24
1773010704.861765060,1,0,0.01
1773010705.884623726,0,0,1.24
1773010705.884623726,1,0,0.01
1773010706.906926521,0,0,1.24
1773010706.906926521,1,0,0.01
1773010707.929246022,0,0,1.24
1773010707.929246022,1,0,0.01
1773010708.950801736,0,0,1.24
1773010708.950801736,1,0,0.01
1773010709.977481947,0,0,1.24
1773010709.977481947,1,0,0.01
1773010710.999797966,0,0,1.24
1773010710.999797966,1,0,0.01
1773010712.020523838,0,0,1.24
1773010712.020523838,1,0,0.01
1773010713.042552307,0,0,1.24
1773010713.042552307,1,0,0.01
1773010714.063984293,0,0,1.24
1773010714.063984293,1,0,0.01
1773010715.085802603,0,0,1.24
1773010715.085802603,1,0,0.01
1773010716.107847011,0,0,1.24
1773010716.107847011,1,0,0.01
1773010717.129510369,0,0,1.24
1773010717.129510369,1,0,0.01
1773010718.152249124,0,0,1.24
1773010718.152249124,1,0,0.01
1773010719.173614439,0,0,1.24
1773010719.173614439,1,0,0.01
1773010720.195484315,0,0,1.24
1773010720.195484315,1,0,0.01
1773010721.217095479,0,0,1.24
1773010721.217095479,1,0,0.01
1773010722.239431062,0,0,1.24
1773010722.239431062,1,0,0.01
1773010723.260653897,0,0,1.24
1773010723.260653897,1,0,0.01
1773010724.282312661,0,0,1.24
1773010724.282312661,1,0,0.01
1773010725.304110240,0,0,1.24
1773010725.304110240,1,0,0.01
1773010726.326267656,0,0,1.24
1773010726.326267656,1,0,0.01
1773010727.347625691,0,0,1.24
1773010727.347625691,1,0,0.01
1773010728.369158252,0,0,1.24
1773010728.369158252,1,0,0.01
1773010729.391177596,0,0,1.24
1773010729.391177596,1,0,0.01
1773010730.413465996,0,0,1.24
1773010730.413465996,1,0,0.01
1773010731.435493774,0,0,1.24
1773010731.435493774,1,0,0.01
1773010732.456814620,0,0,1.24
1773010732.456814620,1,0,0.01
1773010733.479192142,0,0,1.24
1773010733.479192142,1,0,0.01
1773010734.501148734,0,0,1.24
1773010734.501148734,1,0,0.01
1773010735.523099655,0,0,1.24
1773010735.523099655,1,0,0.01
1773010736.545642247,0,0,1.24
1773010736.545642247,1,0,0.01
1773010737.567125114,0,0,1.24
1773010737.567125114,1,0,0.01
1773010738.589137108,0,0,1.24
1773010738.589137108,1,0,0.01
1773010739.611119137,0,0,1.24
1773010739.611119137,1,0,0.01
1773010740.633050228,0,0,1.24
1773010740.633050228,1,0,0.01
1773010741.654494216,0,0,1.24
1773010741.654494216,1,0,0.01
1773010742.675297530,0,0,1.24
1773010742.675297530,1,0,0.01
1773010743.697367252,0,0,1.24
1773010743.697367252,1,0,0.01
1773010744.718923242,0,0,1.24
1773010744.718923242,1,0,0.01
1773010745.741387956,0,0,1.24
1773010745.741387956,1,0,0.01
1773010746.763048467,0,0,1.24
1773010746.763048467,1,0,0.01
1773010747.785163472,0,0,1.24
1773010747.785163472,1,0,0.01
1773010748.806502233,0,0,1.24
1773010748.806502233,1,0,0.01
1773010749.827201982,0,0,1.24
1773010749.827201982,1,0,0.01
1773010750.848019676,0,0,1.24
1773010750.848019676,1,0,0.01
1773010751.868844099,0,0,1.24
1773010751.868844099,1,0,0.01
1773010752.890506445,0,0,1.24
1773010752.890506445,1,0,0.01
1773010753.911396707,0,0,1.24
1773010753.911396707,1,0,0.01
1773010754.934055263,0,0,1.24
1773010754.934055263,1,0,0.01
1773010755.955039659,0,0,1.24
1773010755.955039659,1,0,0.01
1773010756.977725750,0,0,1.24
1773010756.977725750,1,0,0.01
1773010757.999933312,0,0,1.24
1773010757.999933312,1,0,0.01
1773010759.020239045,0,0,1.24
1773010759.020239045,1,0,0.01
1773010760.039953649,0,0,1.24
1773010760.039953649,1,0,0.01
1773010761.062896948,0,0,1.24
1773010761.062896948,1,0,0.01
1773010762.083105426,0,0,1.24
1773010762.083105426,1,0,0.01
1773010763.105117050,0,0,1.24
1773010763.105117050,1,0,0.01
1773010764.125950143,0,0,1.24
1773010764.125950143,1,0,0.01
1773010765.148234558,0,0,1.24
1773010765.148234558,1,0,0.01
1773010766.169057769,0,0,1.24
1773010766.169057769,1,0,0.01
1773010767.191447066,0,0,1.24
1773010767.191447066,1,0,0.01
1773010768.213127980,0,0,1.24
1773010768.213127980,1,0,0.01
1773010769.235075485,0,0,1.24
1773010769.235075485,1,0,0.01
1773010770.256258088,0,0,1.24
1773010770.256258088,1,0,0.01
1773010771.277854820,0,0,1.24
1773010771.277854820,1,0,0.01
1773010772.300137797,0,0,1.24
1773010772.300137797,1,0,0.01
1773010773.321957080,0,0,1.24
1773010773.321957080,1,0,0.01
1773010774.344154842,0,0,1.24
1773010774.344154842,1,0,0.01
1773010775.365152191,0,0,1.24
1773010775.365152191,1,0,0.01
1773010776.387733614,0,0,1.24
1773010776.387733614,1,0,0.01
1773010777.409473006,0,0,1.24
1773010777.409473006,1,0,0.01
1773010778.431273638,0,0,1.24
1773010778.431273638,1,0,0.01
1773010779.452201113,0,0,1.24
1773010779.452201113,1,0,0.01
1773010780.472731255,0,0,1.24
1773010780.472731255,1,0,0.01
1773010781.494373636,0,0,1.24
1773010781.494373636,1,0,0.01
1773010782.516037421,0,0,1.24
1773010782.516037421,1,0,0.01
1773010783.537320201,0,0,1.24
1773010783.537320201,1,0,0.01
1773010784.559866396,0,0,1.24
1773010784.559866396,1,0,0.01
1773010785.580274078,0,0,1.24
1773010785.580274078,1,0,0.01
1773010786.600440897,0,0,1.24
1773010786.600440897,1,0,0.01
1773010787.622717414,0,0,1.24
1773010787.622717414,1,0,0.01
1773010788.644434055,0,0,1.24
1773010788.644434055,1,0,0.01
1773010789.665740460,0,0,1.24
1773010789.665740460,1,0,0.01
1773010790.686806332,0,0,1.24
1773010790.686806332,1,0,0.01
1773010791.708520759,0,0,1.24
1773010791.708520759,1,0,0.01
1773010792.729791850,0,0,1.24
1773010792.729791850,1,0,0.01
1773010793.751234959,0,0,1.24
1773010793.751234959,1,0,0.01
1773010794.770898575,0,0,1.24
1773010794.770898575,1,0,0.01
1773010795.790445016,0,0,1.24
1773010795.790445016,1,0,0.01
1773010796.812022817,0,0,1.24
1773010796.812022817,1,0,0.01
1773010797.833846433,0,0,1.24
1773010797.833846433,1,0,0.01
1773010798.855868924,0,0,1.24
1773010798.855868924,1,0,0.01
1773010799.877958915,0,0,1.24
1773010799.877958915,1,0,0.01
1773010800.899978379,0,0,1.24
1773010800.899978379,1,0,0.01
1773010801.922006778,0,0,1.24
1773010801.922006778,1,0,0.01
1773010802.943889195,0,0,1.24
1773010802.943889195,1,0,0.01
1773010803.964964778,0,0,1.24
1773010803.964964778,1,0,0.01
1773010804.986458921,0,0,1.24
1773010804.986458921,1,0,0.01
1773010806.007755281,0,0,1.24
1773010806.007755281,1,0,0.01
1773010807.029082135,0,0,1.24
1773010807.029082135,1,0,0.01
1773010808.050882365,0,0,1.24
1773010808.050882365,1,0,0.01
1773010809.072954480,0,0,1.24
1773010809.072954480,1,0,0.01
1773010810.095060571,0,0,1.24
1773010810.095060571,1,0,0.01
1773010811.116524870,0,0,1.24
1773010811.116524870,1,0,0.01
1773010812.138040941,0,0,1.24
1773010812.138040941,1,0,0.01
1773010813.159586561,0,0,1.24
1773010813.159586561,1,0,0.01
1773010814.181311198,0,0,1.24
1773010814.181311198,1,0,0.01
1773010815.202289691,0,0,1.24
1773010815.202289691,1,0,0.01
1773010816.223334020,0,0,1.24
1773010816.223334020,1,0,0.01
1773010817.245638299,0,0,1.24
1773010817.245638299,1,0,0.01
1773010818.267843566,0,0,1.24
1773010818.267843566,1,0,0.01
1773010819.289566980,0,0,1.24
1773010819.289566980,1,0,0.01
1773010820.312426112,0,0,1.24
1773010820.312426112,1,0,0.01
1773010821.335666074,0,0,1.24
1773010821.335666074,1,0,0.01
1773010822.356987889,0,0,1.24
1773010822.356987889,1,0,0.01
1773010823.379454317,0,0,1.24
1773010823.379454317,1,0,0.01
1773010824.401061245,0,0,1.24
1773010824.401061245,1,0,0.01
1773010825.422523802,0,0,1.24
1773010825.422523802,1,0,0.01
1773010826.443810344,0,0,1.24
1773010826.443810344,1,0,0.01
1773010827.465254775,0,0,1.24
1773010827.465254775,1,0,0.01
1773010828.485152476,0,0,1.24
1773010828.485152476,1,0,0.01
1773010829.506395910,0,0,1.24
1773010829.506395910,1,0,0.01
1773010830.528339264,0,0,1.24
1773010830.528339264,1,0,0.01
1773010831.549488114,0,0,1.24
1773010831.549488114,1,0,0.01
1773010832.571208406,0,0,1.24
1773010832.571208406,1,0,0.01
1773010833.590982246,0,0,1.24
1773010833.590982246,1,0,0.01
1773010834.612286512,0,0,1.24
1773010834.612286512,1,0,0.01
1773010835.633165526,0,0,1.24
1773010835.633165526,1,0,0.01
1773010836.656220110,0,0,1.24
1773010836.656220110,1,0,0.01
1773010837.677384326,0,0,1.24
1773010837.677384326,1,0,0.01
1773010838.699183219,0,0,1.24
1773010838.699183219,1,0,0.01
1773010839.721117313,0,0,1.24
1773010839.721117313,1,0,0.01
1773010840.742754181,0,0,1.24
1773010840.742754181,1,0,0.01
1773010841.764595557,0,0,1.24
1773010841.764595557,1,0,0.01
1773010842.786831835,0,0,1.24
1773010842.786831835,1,0,0.01
1773010843.808195937,0,0,1.24
1773010843.808195937,1,0,0.01
1773010844.829157292,0,0,1.24
1773010844.829157292,1,0,0.01
1773010845.850531441,0,0,1.24
1773010845.850531441,1,0,0.01
1773010846.872279810,0,0,1.24
1773010846.872279810,1,0,0.01
1773010847.894835416,0,0,1.24
1773010847.894835416,1,0,0.01
1773010848.916017193,0,0,1.24
1773010848.916017193,1,0,0.01
1773010849.937189884,0,0,1.24
1773010849.937189884,1,0,0.01
1773010850.958081724,0,0,1.24
1773010850.958081724,1,0,0.01
1773010851.978722103,0,0,1.24
1773010851.978722103,1,0,0.01
1773010853.000265256,0,0,1.24
1773010853.000265256,1,0,0.01
1773010854.020690147,0,0,1.24
1773010854.020690147,1,0,0.01
1773010855.040756069,0,0,1.24
1773010855.040756069,1,0,0.01
1773010856.063261175,0,0,1.24
1773010856.063261175,1,0,0.01
1773010857.084498771,0,0,1.24
1773010857.084498771,1,0,0.01
1773010858.105672617,0,0,1.24
1773010858.105672617,1,0,0.01
1773010859.127446671,0,0,1.24
1773010859.127446671,1,0,0.01
1773010860.148820160,0,0,1.24
1773010860.148820160,1,0,0.01
1773010861.170783011,0,0,1.24
1773010861.170783011,1,0,0.01
1773010862.191946519,0,0,1.24
1773010862.191946519,1,0,0.01
1773010863.213206338,0,0,1.24
1773010863.213206338,1,0,0.01
1773010864.234688345,0,0,1.24
1773010864.234688345,1,0,0.01
1773010865.255030325,0,0,1.24
1773010865.255030325,1,0,0.01
1773010866.276888463,0,0,1.24
1773010866.276888463,1,0,0.01
1773010867.298489488,0,0,1.24
1773010867.298489488,1,0,0.01
1773010868.319762036,0,0,1.24
1773010868.319762036,1,0,0.01
1773010869.340893505,0,0,1.24
1773010869.340893505,1,0,0.01
1773010870.362205706,0,0,1.24
1773010870.362205706,1,0,0.01
1773010871.381935134,0,0,1.24
1773010871.381935134,1,0,0.01
1773010872.402828634,0,0,1.24
1773010872.402828634,1,0,0.01
1773010873.424006249,0,0,1.24
1773010873.424006249,1,0,0.01
1773010874.445278182,0,0,1.24
1773010874.445278182,1,0,0.01
1773010875.467273971,0,0,1.24
1773010875.467273971,1,0,0.01
1773010876.489347785,0,0,1.24
1773010876.489347785,1,0,0.01
1773010877.511376111,0,0,1.24
1773010877.511376111,1,0,0.01
1773010878.532655248,0,0,1.24
1773010878.532655248,1,0,0.01
1773010879.553876073,0,0,1.24
1773010879.553876073,1,0,0.01
1773010880.575057099,0,0,1.24
1773010880.575057099,1,0,0.01
1773010881.597335826,0,0,1.24
1773010881.597335826,1,0,0.01
1773010882.618738523,0,0,1.24
1773010882.618738523,1,0,0.01
1773010883.640520154,0,0,1.24
1773010883.640520154,1,0,0.01
1773010884.662617524,0,0,1.24
1773010884.662617524,1,0,0.01
1773010885.683737192,0,0,1.24
1773010885.683737192,1,0,0.01
1773010886.705196550,0,0,1.24
1773010886.705196550,1,0,0.01
1773010887.726410989,0,0,1.24
1773010887.726410989,1,0,0.01
1773010888.747485399,0,0,1.24
1773010888.747485399,1,0,0.01
1773010889.769591289,0,0,1.24
1773010889.769591289,1,0,0.01
1773010890.791803812,0,0,1.24
1773010890.791803812,1,0,0.01
1773010891.813862002,0,0,1.24
1773010891.813862002,1,0,0.01
1773010892.835945673,0,0,1.24
1773010892.835945673,1,0,0.01
1773010893.857998777,0,0,1.24
1773010893.857998777,1,0,0.01
1773010894.879824852,0,0,1.24
1773010894.879824852,1,0,0.01
1773010895.901368002,0,0,1.24
1773010895.901368002,1,0,0.01
1773010896.922843582,0,0,1.24
1773010896.922843582,1,0,0.01
1773010897.944265559,0,0,1.24
1773010897.944265559,1,0,0.01
1773010898.966161739,0,0,1.24
1773010898.966161739,1,0,0.01
1773010899.988071980,0,0,1.24
1773010899.988071980,1,0,0.01
1773010901.009026117,0,0,1.24
1773010901.009026117,1,0,0.01
1773010902.031015449,0,0,1.24
1773010902.031015449,1,0,0.01
1773010903.052717860,0,0,1.24
1773010903.052717860,1,0,0.01
1773010904.074796554,0,0,1.24
1773010904.074796554,1,0,0.01
1773010905.096265085,0,0,1.24
1773010905.096265085,1,0,0.01
1773010906.118888153,0,0,1.24
1773010906.118888153,1,0,0.01
1773010907.140411594,0,0,1.24
1773010907.140411594,1,0,0.01
1773010908.162287596,0,0,1.24
1773010908.162287596,1,0,0.01
1773010909.183489766,0,0,1.24
1773010909.183489766,1,0,0.01
1773010910.205441074,0,0,1.24
1773010910.205441074,1,0,0.01
1773010911.226222336,0,0,1.24
1773010911.226222336,1,0,0.01
1773010912.248133447,0,0,1.24
1773010912.248133447,1,0,0.01
1773010913.269805674,0,0,1.24
1773010913.269805674,1,0,0.01
1773010914.291557717,0,0,1.24
1773010914.291557717,1,0,0.01
1773010915.312904030,0,0,1.24
1773010915.312904030,1,0,0.01
1773010916.334071101,0,0,1.24
1773010916.334071101,1,0,0.01
1773010917.355157870,0,0,1.24
1773010917.355157870,1,0,0.01
1773010918.376591628,0,0,1.24
1773010918.376591628,1,0,0.01
1773010919.398082031,0,0,1.24
1773010919.398082031,1,0,0.01
1773010920.419168054,0,0,1.24
1773010920.419168054,1,0,0.01
1773010921.441615364,0,0,1.24
1773010921.441615364,1,0,0.01
1773010922.462875728,0,0,1.24
1773010922.462875728,1,0,0.01
1773010923.483669298,0,0,1.24
1773010923.483669298,1,0,0.01
1773010924.505425424,0,0,1.24
1773010924.505425424,1,0,0.01
1773010925.526014061,0,0,1.24
1773010925.526014061,1,0,0.01
1773010926.548523773,0,0,1.24
1773010926.548523773,1,0,0.01
1773010927.570044966,0,0,1.24
1773010927.570044966,1,0,0.01
1773010928.591547584,0,0,1.24
1773010928.591547584,1,0,0.01
1773010929.613044639,0,0,1.24
1773010929.613044639,1,0,0.01
1773010930.633904242,0,0,1.24
1773010930.633904242,1,0,0.01
1773010931.656153271,0,0,1.24
1773010931.656153271,1,0,0.01
1773010932.677213996,0,0,1.24
1773010932.677213996,1,0,0.01
1773010933.698272688,0,0,1.24
1773010933.698272688,1,0,0.01
1773010934.719046061,0,0,1.24
1773010934.719046061,1,0,0.01
1773010935.739146827,0,0,1.24
1773010935.739146827,1,0,0.01
1773010936.760691573,0,0,1.24
1773010936.760691573,1,0,0.01
1773010937.782044425,0,0,1.24
1773010937.782044425,1,0,0.01
1773010938.804060249,0,0,1.24
1773010938.804060249,1,0,0.01
1773010939.825270510,0,0,1.24
1773010939.825270510,1,0,0.01
1773010940.845830304,0,0,1.24
1773010940.845830304,1,0,0.01
1773010941.865891822,0,0,1.24
1773010941.865891822,1,0,0.01
1773010942.887682081,0,0,1.24
1773010942.887682081,1,0,0.01
1773010943.908995684,0,0,1.24
1773010943.908995684,1,0,0.01
1773010944.930955982,0,0,1.24
1773010944.930955982,1,0,0.01
1773010945.952413104,0,0,1.24
1773010945.952413104,1,0,0.01
1773010946.973124722,0,0,1.24
1773010946.973124722,1,0,0.01
1773010947.993568346,0,0,1.24
1773010947.993568346,1,0,0.01
1773010949.013309078,0,0,1.24
1773010949.013309078,1,0,0.01
1773010950.034722431,0,0,1.24
1773010950.034722431,1,0,0.01
1773010951.056105399,0,0,1.24
1773010951.056105399,1,0,0.01
1773010952.078133995,0,0,1.24
1773010952.078133995,1,0,0.01
1773010953.099664746,0,0,1.24
1773010953.099664746,1,0,0.01
1773010954.121191874,0,0,1.24
1773010954.121191874,1,0,0.01
1773010955.141552821,0,0,1.24
1773010955.141552821,1,0,0.01
1773010956.161295563,0,0,1.24
1773010956.161295563,1,0,0.01
1773010957.182869805,0,0,1.24
1773010957.182869805,1,0,0.01
1773010958.204793363,0,0,1.24
1773010958.204793363,1,0,0.01
1773010959.226192186,0,0,1.24
1773010959.226192186,1,0,0.01
1773010960.247765717,0,0,1.24
1773010960.247765717,1,0,0.01
1773010961.269068600,0,0,1.24
1773010961.269068600,1,0,0.01
1773010962.290370690,0,0,1.24
1773010962.290370690,1,0,0.01
1773010963.312048190,0,0,1.24
1773010963.312048190,1,0,0.01
1773010964.333019156,0,0,1.24
1773010964.333019156,1,0,0.01
1773010965.354319977,0,0,1.24
1773010965.354319977,1,0,0.01
1773010966.376075933,0,0,1.24
1773010966.376075933,1,0,0.01
1773010967.397614305,0,0,1.24
1773010967.397614305,1,0,0.01
1773010968.419368070,0,0,1.24
1773010968.419368070,1,0,0.01
1773010969.441243789,0,0,1.24
1773010969.441243789,1,0,0.01
1773010970.462606034,0,0,1.24
1773010970.462606034,1,0,0.01
1773010971.484710607,0,0,1.24
1773010971.484710607,1,0,0.01
1773010972.506117099,0,0,1.24
1773010972.506117099,1,0,0.01
1773010973.527879981,0,0,1.24
1773010973.527879981,1,0,0.01
1773010974.549882194,0,0,1.24
1773010974.549882194,1,0,0.01
1773010975.571119335,0,0,1.24
1773010975.571119335,1,0,0.01
1773010976.593302197,0,0,1.24
1773010976.593302197,1,0,0.01
1773010977.614429399,0,0,1.24
1773010977.614429399,1,0,0.01
1773010978.635531455,0,0,1.24
1773010978.635531455,1,0,0.01
1773010979.655152696,0,0,1.24
1773010979.655152696,1,0,0.01
1773010980.675244860,0,0,1.24
1773010980.675244860,1,0,0.01
1773010981.697692734,0,0,1.24
1773010981.697692734,1,0,0.01
1773010982.719264116,0,0,1.24
1773010982.719264116,1,0,0.01
1773010983.739210993,0,0,1.24
1773010983.739210993,1,0,0.01
1773010984.760315915,0,0,1.24
1773010984.760315915,1,0,0.01
1773010985.781876679,0,0,1.24
1773010985.781876679,1,0,0.01
1773010986.803161504,0,0,1.24
1773010986.803161504,1,0,0.01
1773010987.823317200,0,0,1.24
1773010987.823317200,1,0,0.01
1773010988.845124416,0,0,1.24
1773010988.845124416,1,0,0.01
1773010989.867070112,0,0,1.24
1773010989.867070112,1,0,0.01
1773010990.889016649,0,0,1.24
1773010990.889016649,1,0,0.01
1773010991.910862498,0,0,1.24
1773010991.910862498,1,0,0.01
1773010992.931626780,0,0,1.24
1773010992.931626780,1,0,0.01
1773010993.953205632,0,0,1.24
1773010993.953205632,1,0,0.01
1773010994.973953988,0,0,1.24
1773010994.973953988,1,0,0.01
1773010995.995520201,0,0,1.24
1773010995.995520201,1,0,0.01
1773010997.016990869,0,0,1.24
1773010997.016990869,1,0,0.01
1773010998.038507959,0,0,1.24
1773010998.038507959,1,0,0.01
1773010999.059289084,0,0,1.24
1773010999.059289084,1,0,0.01
1773011000.079329228,0,0,1.24
1773011000.079329228,1,0,0.01
1773011001.100370552,0,63,1.24
1773011001.100370552,1,0,0.01
1773011002.122030810,0,63,1.24
1773011002.122030810,1,0,0.01
1773011003.142969512,0,0,1.24
1773011003.142969512,1,0,0.01
1773011004.163583352,0,0,1.24
1773011004.163583352,1,0,0.01
1773011005.185229184,0,0,1.24
1773011005.185229184,1,0,0.01
1773011006.205283228,0,0,1.24
1773011006.205283228,1,0,0.01
1773011007.225519985,0,0,1.24
1773011007.225519985,1,0,0.01
1773011008.246444214,0,0,1.24
1773011008.246444214,1,0,0.01
1773011009.268383608,0,0,1.24
1773011009.268383608,1,0,0.01
1773011010.289812428,0,0,1.24
1773011010.289812428,1,0,0.01
1773011011.312210590,0,0,1.24
1773011011.312210590,1,0,0.01
1773011012.333934463,0,0,1.24
1773011012.333934463,1,0,0.01
1773011013.355142259,0,0,1.24
1773011013.355142259,1,0,0.01
1773011014.377532447,0,0,1.24
1773011014.377532447,1,0,0.01
1773011015.399227790,0,0,1.24
1773011015.399227790,1,0,0.01
1773011016.420512118,0,0,1.24
1773011016.420512118,1,0,0.01
1773011017.442473439,0,0,1.24
1773011017.442473439,1,0,0.01
1773011018.464802415,0,0,1.24
1773011018.464802415,1,0,0.01
1773011019.486080871,0,0,1.24
1773011019.486080871,1,0,0.01
1773011020.507905159,0,0,1.24
1773011020.507905159,1,0,0.01
1773011021.529633921,0,0,1.24
1773011021.529633921,1,0,0.01
1773011022.550592466,0,0,1.24
1773011022.550592466,1,0,0.01
1773011023.572815047,0,0,1.24
1773011023.572815047,1,0,0.01
1773011024.594462538,0,0,1.24
1773011024.594462538,1,0,0.01
1773011025.615615127,0,0,1.24
1773011025.615615127,1,0,0.01
1773011026.635451117,0,0,1.24
1773011026.635451117,1,0,0.01
1773011027.656037854,0,0,1.24
1773011027.656037854,1,0,0.01
1773011028.677930315,0,0,1.24
1773011028.677930315,1,0,0.01
1773011029.698871286,0,0,1.24
1773011029.698871286,1,0,0.01
1773011030.720115133,0,0,1.24
1773011030.720115133,1,0,0.01
1773011031.741879368,0,0,1.24
1773011031.741879368,1,0,0.01
1773011032.763458475,0,0,1.24
1773011032.763458475,1,0,0.01
1773011033.785204882,0,0,1.24
1773011033.785204882,1,0,0.01
1773011034.805666808,0,0,1.24
1773011034.805666808,1,0,0.01
1773011035.828155539,0,0,1.24
1773011035.828155539,1,0,0.01
1773011036.849452946,0,0,1.24
1773011036.849452946,1,0,0.01
1773011037.870235057,0,0,1.24
1773011037.870235057,1,0,0.01
1773011038.890976030,0,0,1.24
1773011038.890976030,1,0,0.01
1773011039.911417358,0,0,1.24
1773011039.911417358,1,0,0.01
1773011040.934042160,0,0,1.24
1773011040.934042160,1,0,0.01
1773011041.955213502,0,0,1.24
1773011041.955213502,1,0,0.01
1773011042.974902056,0,0,1.24
1773011042.974902056,1,0,0.01
1773011043.994739965,0,0,1.24
1773011043.994739965,1,0,0.01
1773011045.015942425,0,0,1.24
1773011045.015942425,1,0,0.01
1773011046.037209989,0,0,1.24
1773011046.037209989,1,0,0.01
1773011047.059135499,0,0,1.24
1773011047.059135499,1,0,0.01
1773011048.080220820,0,0,1.24
1773011048.080220820,1,0,0.01
1773011049.101219810,0,0,1.24
1773011049.101219810,1,0,0.01
1773011050.122280681,0,0,1.24
1773011050.122280681,1,0,0.01
1773011051.143602968,0,0,1.24
1773011051.143602968,1,0,0.01
1773011052.165687919,0,0,1.24
1773011052.165687919,1,0,0.01
1773011053.186070529,0,0,1.24
1773011053.186070529,1,0,0.01
1773011054.207437651,0,0,1.24
1773011054.207437651,1,0,0.01
1773011055.229082482,0,0,1.24
1773011055.229082482,1,0,0.01
1773011056.249479159,0,0,1.24
1773011056.249479159,1,0,0.01
1773011057.270623590,0,0,1.24
1773011057.270623590,1,0,0.01
1773011058.292641164,0,0,1.24
1773011058.292641164,1,0,0.01
1773011059.314258216,0,0,1.24
1773011059.314258216,1,0,0.01
1773011060.334593024,0,0,1.24
1773011060.334593024,1,0,0.01
1773011061.354241132,0,0,1.24
1773011061.354241132,1,0,0.01
1773011062.375427559,0,0,1.24
1773011062.375427559,1,0,0.01
1773011063.397287960,0,0,1.24
1773011063.397287960,1,0,0.01
1773011064.419104588,0,0,1.24
1773011064.419104588,1,0,0.01
1773011065.441029391,0,0,1.24
1773011065.441029391,1,0,0.01
1773011066.462407129,0,0,1.24
1773011066.462407129,1,0,0.01
1773011067.483880931,0,0,1.24
1773011067.483880931,1,0,0.01
1773011068.505487006,0,0,1.24
1773011068.505487006,1,0,0.01
1773011069.526123300,0,0,1.24
1773011069.526123300,1,0,0.01
1773011070.546580625,0,0,1.24
1773011070.546580625,1,0,0.01
1773011071.568904313,0,0,1.24
1773011071.568904313,1,0,0.01
1773011072.590176181,0,0,1.24
1773011072.590176181,1,0,0.01
1773011073.611374695,0,0,1.24
1773011073.611374695,1,0,0.01
1773011074.632520923,0,0,1.24
1773011074.632520923,1,0,0.01
1773011075.653164471,0,0,1.24
1773011075.653164471,1,0,0.01
1773011076.674804256,0,0,1.24
1773011076.674804256,1,0,0.01
1773011077.696296366,0,0,1.24
1773011077.696296366,1,0,0.01
1773011078.717106210,0,0,1.24
1773011078.717106210,1,0,0.01
1773011079.737114603,0,0,1.24
1773011079.737114603,1,0,0.01
1773011080.757039107,0,0,1.24
1773011080.757039107,1,0,0.01
1773011081.779071629,0,0,1.24
1773011081.779071629,1,0,0.01
1773011082.799829579,0,0,1.24
1773011082.799829579,1,0,0.01
1773011083.822290980,0,0,1.24
1773011083.822290980,1,0,0.01
1773011084.842346380,0,0,1.24
1773011084.842346380,1,0,0.01
1773011085.862313902,0,0,1.24
1773011085.862313902,1,0,0.01
1773011086.884691445,0,0,1.24
1773011086.884691445,1,0,0.01
1773011087.905844320,0,0,1.24
1773011087.905844320,1,0,0.01
1773011088.927946037,0,0,1.24
1773011088.927946037,1,0,0.01
1773011089.949683456,0,0,1.24
1773011089.949683456,1,0,0.01
1773011090.972144630,0,0,1.24
1773011090.972144630,1,0,0.01
1773011091.992901197,0,0,1.24
1773011091.992901197,1,0,0.01
1773011093.014566066,0,0,1.24
1773011093.014566066,1,0,0.01
1773011094.035581078,0,0,1.24
1773011094.035581078,1,0,0.01
1773011095.057160089,0,0,1.24
1773011095.057160089,1,0,0.01
1773011096.078582941,0,0,1.24
1773011096.078582941,1,0,0.01
1773011097.100747594,0,0,1.24
1773011097.100747594,1,0,0.01
1773011098.122504095,0,0,1.24
1773011098.122504095,1,0,0.01
1773011099.142904555,0,0,1.24
1773011099.142904555,1,0,0.01
1773011100.165334056,0,0,1.24
1773011100.165334056,1,0,0.01
1773011101.186267587,0,0,1.24
1773011101.186267587,1,0,0.01
1773011102.208072339,0,0,1.24
1773011102.208072339,1,0,0.01
1773011103.230232709,0,0,1.24
1773011103.230232709,1,0,0.01
1773011104.250428238,0,0,1.24
1773011104.250428238,1,0,0.01
1773011105.270426800,0,0,1.24
1773011105.270426800,1,0,0.01
1773011106.291909783,0,0,1.24
1773011106.291909783,1,0,0.01
1773011107.314649708,0,0,1.24
1773011107.314649708,1,0,0.01
1773011108.336051782,0,0,1.24
1773011108.336051782,1,0,0.01
1773011109.358066869,0,0,1.24
1773011109.358066869,1,0,0.01
1773011110.379883309,0,0,1.24
1773011110.379883309,1,0,0.01
1773011111.401911674,0,0,1.24
1773011111.401911674,1,0,0.01
1773011112.422830195,0,0,1.24
1773011112.422830195,1,0,0.01
1773011113.445488383,0,0,1.24
1773011113.445488383,1,0,0.01
1773011114.467071408,0,0,1.24
1773011114.467071408,1,0,0.01
1773011115.489155485,0,0,1.24
1773011115.489155485,1,0,0.01
1773011116.510326510,0,0,1.24
1773011116.510326510,1,0,0.01
1773011117.532988332,0,0,1.24
1773011117.532988332,1,0,0.01
1773011118.554503487,0,0,1.24
1773011118.554503487,1,0,0.01
1773011119.576641680,0,0,1.24
1773011119.576641680,1,0,0.01
1773011120.597966827,0,0,1.24
1773011120.597966827,1,0,0.01
1773011121.619966302,0,0,1.24
1773011121.619966302,1,0,0.01
1773011122.641040187,0,0,1.24
1773011122.641040187,1,0,0.01
1773011123.662840554,0,0,1.24
1773011123.662840554,1,0,0.01
1773011124.683602586,0,0,1.24
1773011124.683602586,1,0,0.01
1773011125.703168559,0,0,1.24
1773011125.703168559,1,0,0.01
1773011126.725346104,0,0,1.24
1773011126.725346104,1,0,0.01
1773011127.747043181,0,0,1.24
1773011127.747043181,1,0,0.01
1773011128.769102429,0,0,1.24
1773011128.769102429,1,0,0.01
1773011129.791208911,0,0,1.24
1773011129.791208911,1,0,0.01
1773011130.813304356,0,0,1.24
1773011130.813304356,1,0,0.01
1773011131.834463579,0,0,1.24
1773011131.834463579,1,0,0.01
1773011132.857140740,0,0,1.24
1773011132.857140740,1,0,0.01
1773011133.878171580,0,0,1.24
1773011133.878171580,1,0,0.01
1773011134.900492386,0,0,1.24
1773011134.900492386,1,0,0.01
1773011135.921214135,0,0,1.24
1773011135.921214135,1,0,0.01
1773011136.942161551,0,0,1.24
1773011136.942161551,1,0,0.01
1773011137.962727715,0,0,1.24
1773011137.962727715,1,0,0.01
1773011138.984729675,0,0,1.24
1773011138.984729675,1,0,0.01
1773011140.005293777,0,66,1.24
1773011140.005293777,1,0,0.01
1773011141.026846249,0,66,1.24
1773011141.026846249,1,0,0.01
1773011142.049398023,0,0,1.24
1773011142.049398023,1,0,0.01
1773011143.070738910,0,0,1.24
1773011143.070738910,1,0,0.01
1773011144.092059558,0,0,1.24
1773011144.092059558,1,0,0.01
1773011145.114258125,0,0,1.24
1773011145.114258125,1,0,0.01
1773011146.137095490,0,0,1.24
1773011146.137095490,1,0,0.01
1773011147.158032443,0,0,1.24
1773011147.158032443,1,0,0.01
1773011148.180205028,0,0,1.24
1773011148.180205028,1,0,0.01
1773011149.200743598,0,0,1.24
1773011149.200743598,1,0,0.01
1773011150.221168104,0,0,1.24
1773011150.221168104,1,0,0.01
1773011151.243152272,0,0,1.24
1773011151.243152272,1,0,0.01
1773011152.265133198,0,0,1.24
1773011152.265133198,1,0,0.01
1773011153.286917195,0,0,1.24
1773011153.286917195,1,0,0.01
1773011154.307842922,0,0,1.24
1773011154.307842922,1,0,0.01
1773011155.329460996,0,0,1.24
1773011155.329460996,1,0,0.01
1773011156.349880320,0,0,1.24
1773011156.349880320,1,0,0.01
1773011157.371142839,0,0,1.24
1773011157.371142839,1,0,0.01
1773011158.392258956,0,0,1.24
1773011158.392258956,1,0,0.01
1773011159.412387552,0,0,1.24
1773011159.412387552,1,0,0.01
1773011160.432954533,0,0,1.24
1773011160.432954533,1,0,0.01
1773011161.455114244,0,0,1.24
1773011161.455114244,1,0,0.01
1773011162.476827013,0,0,1.24
1773011162.476827013,1,0,0.01
1773011163.498859125,0,0,1.24
1773011163.498859125,1,0,0.01
1773011164.519875641,0,0,1.24
1773011164.519875641,1,0,0.01
1773011165.540655887,0,0,1.24
1773011165.540655887,1,0,0.01
1773011166.562608014,0,0,1.24
1773011166.562608014,1,0,0.01
1773011167.584003566,0,0,1.24
1773011167.584003566,1,0,0.01
1773011168.605132980,0,0,1.24
1773011168.605132980,1,0,0.01
1773011169.627109806,0,0,1.24
1773011169.627109806,1,0,0.01
1773011170.648103770,0,0,1.24
1773011170.648103770,1,0,0.01
1773011171.668555359,0,0,1.24
1773011171.668555359,1,0,0.01
1773011172.690817562,0,0,1.24
1773011172.690817562,1,0,0.01
1773011173.711856326,0,0,1.24
1773011173.711856326,1,0,0.01
1773011174.733702924,0,0,1.24
1773011174.733702924,1,0,0.01
1773011175.755233795,0,0,1.24
1773011175.755233795,1,0,0.01
1773011176.775946840,0,0,1.24
1773011176.775946840,1,0,0.01
1773011177.797148656,0,0,1.24
1773011177.797148656,1,0,0.01
1773011178.819477808,0,0,1.24
1773011178.819477808,1,0,0.01
1773011179.840258182,0,0,1.24
1773011179.840258182,1,0,0.01
1773011180.859919942,0,0,1.24
1773011180.859919942,1,0,0.01
1773011181.881221047,0,0,1.24
1773011181.881221047,1,0,0.01
1773011182.901238903,0,0,1.24
1773011182.901238903,1,0,0.01
1773011183.923478398,0,0,1.24
1773011183.923478398,1,0,0.01
1773011184.943251668,0,0,1.24
1773011184.943251668,1,0,0.01
1773011185.962905820,0,0,1.24
1773011185.962905820,1,0,0.01
1773011186.985322274,0,0,1.24
1773011186.985322274,1,0,0.01
1773011188.006139136,0,0,1.24
1773011188.006139136,1,0,0.01
1773011189.028127374,0,0,1.24
1773011189.028127374,1,0,0.01
1773011190.050064163,0,0,1.24
1773011190.050064163,1,0,0.01
1773011191.071526850,0,0,1.24
1773011191.071526850,1,0,0.01
1773011192.092633289,0,0,1.24
1773011192.092633289,1,0,0.01
1773011193.114546023,0,0,1.24
1773011193.114546023,1,0,0.01
1773011194.137100494,0,0,1.24
1773011194.137100494,1,0,0.01
1773011195.158848096,0,0,1.24
1773011195.158848096,1,0,0.01
1773011196.178990243,0,0,1.24
1773011196.178990243,1,0,0.01
1773011197.200250629,0,0,1.24
1773011197.200250629,1,0,0.01
1773011198.222056323,0,0,1.24
1773011198.222056323,1,0,0.01
1773011199.244944282,0,0,1.24
1773011199.244944282,1,0,0.01
1773011200.266240626,0,0,1.24
1773011200.266240626,1,0,0.01
1773011201.287109179,0,0,1.24
1773011201.287109179,1,0,0.01
1773011202.307526076,0,0,1.24
1773011202.307526076,1,0,0.01
1773011203.329638434,0,0,1.24
1773011203.329638434,1,0,0.01
1773011204.350842164,0,0,1.24
1773011204.350842164,1,0,0.01
1773011205.373107327,0,0,1.24
1773011205.373107327,1,0,0.01
1773011206.395034388,0,0,1.24
1773011206.395034388,1,0,0.01
1773011207.416981263,0,0,1.24
1773011207.416981263,1,0,0.01
1773011208.438468705,0,0,1.24
1773011208.438468705,1,0,0.01
1773011209.460139154,0,0,1.24
1773011209.460139154,1,0,0.01
1773011210.481604918,0,0,1.24
1773011210.481604918,1,0,0.01
1773011211.501871173,0,0,1.24
1773011211.501871173,1,0,0.01
1773011212.523762665,0,0,1.24
1773011212.523762665,1,0,0.01
1773011213.545410198,0,0,1.24
1773011213.545410198,1,0,0.01
1773011214.567572286,0,0,1.24
1773011214.567572286,1,0,0.01
1773011215.589128005,0,0,1.24
1773011215.589128005,1,0,0.01
1773011216.611087851,0,0,1.24
1773011216.611087851,1,0,0.01
1773011217.632421761,0,0,1.24
1773011217.632421761,1,0,0.01
1773011218.655084094,0,0,1.24
1773011218.655084094,1,0,0.01
1773011219.676699292,0,0,1.24
1773011219.676699292,1,0,0.01
1773011220.698441182,0,0,1.24
1773011220.698441182,1,0,0.01
1773011221.719967148,0,0,1.24
1773011221.719967148,1,0,0.01
1773011222.741881642,0,0,1.24
1773011222.741881642,1,0,0.01
1773011223.763565654,0,0,1.24
1773011223.763565654,1,0,0.01
1773011224.785270515,0,0,1.24
1773011224.785270515,1,0,0.01
1773011225.806512607,0,0,1.24
1773011225.806512607,1,0,0.01
1773011226.828646184,0,0,1.24
1773011226.828646184,1,0,0.01
1773011227.850222542,0,0,1.24
1773011227.850222542,1,0,0.01
1773011228.870261792,0,0,1.24
1773011228.870261792,1,0,0.01
1773011229.892511635,0,0,1.24
1773011229.892511635,1,0,0.01
1773011230.913553502,0,0,1.24
1773011230.913553502,1,0,0.01
1773011231.934011707,0,0,1.24
1773011231.934011707,1,0,0.01
1773011232.955506546,0,0,1.24
1773011232.955506546,1,0,0.01
1773011233.977538510,0,0,1.24
1773011233.977538510,1,0,0.01
1773011234.999177535,0,0,1.24
1773011234.999177535,1,0,0.01
1773011236.019814773,0,0,1.24
1773011236.019814773,1,0,0.01
1773011237.040976600,0,0,1.24
1773011237.040976600,1,0,0.01
1773011238.063119879,0,0,1.24
1773011238.063119879,1,0,0.01
1773011239.084646495,0,0,1.24
1773011239.084646495,1,0,0.01
1773011240.107012633,0,0,1.24
1773011240.107012633,1,0,0.01
1773011241.128492234,0,0,1.24
1773011241.128492234,1,0,0.01
1773011242.148717284,0,0,1.24
1773011242.148717284,1,0,0.01
1773011243.170576213,0,0,1.24
1773011243.170576213,1,0,0.01
1773011244.192004756,0,0,1.24
1773011244.192004756,1,0,0.01
1773011245.214364041,0,0,1.24
1773011245.214364041,1,0,0.01
1773011246.235486959,0,0,1.24
1773011246.235486959,1,0,0.01
1773011247.257002829,0,0,1.24
1773011247.257002829,1,0,0.01
1773011248.278316031,0,0,1.24
1773011248.278316031,1,0,0.01
1773011249.300287216,0,0,1.24
1773011249.300287216,1,0,0.01
1773011250.321316343,0,0,1.24
1773011250.321316343,1,0,0.01
1773011251.342051223,0,0,1.24
1773011251.342051223,1,0,0.01
1773011252.362860069,0,0,1.24
1773011252.362860069,1,0,0.01
1773011253.384201137,0,0,1.24
1773011253.384201137,1,0,0.01
1773011254.403964362,0,0,1.24
1773011254.403964362,1,0,0.01
1773011255.423473221,0,0,1.24
1773011255.423473221,1,0,0.01
1773011256.445909223,0,0,1.24
1773011256.445909223,1,0,0.01
1773011257.467177368,0,0,1.24
1773011257.467177368,1,0,0.01
1773011258.489228449,0,0,1.24
1773011258.489228449,1,0,0.01
1773011259.511221200,0,0,1.24
1773011259.511221200,1,0,0.01
1773011260.532852255,0,0,1.24
1773011260.532852255,1,0,0.01
1773011261.554410777,0,0,1.24
1773011261.554410777,1,0,0.01
1773011262.576209955,0,0,1.24
1773011262.576209955,1,0,0.01
1773011263.597146308,0,0,1.24
1773011263.597146308,1,0,0.01
1773011264.617930519,0,0,1.24
1773011264.617930519,1,0,0.01
1773011265.639233177,0,0,1.24
1773011265.639233177,1,0,0.01
1773011266.658902062,0,0,1.24
1773011266.658902062,1,0,0.01
1773011267.679701378,0,0,1.24
1773011267.679701378,1,0,0.01
1773011268.702559628,0,0,1.24
1773011268.702559628,1,0,0.01
1773011269.723778637,0,0,1.24
1773011269.723778637,1,0,0.01
1773011270.746289655,0,0,1.24
1773011270.746289655,1,0,0.01
1773011271.767427356,0,0,1.24
1773011271.767427356,1,0,0.01
1773011272.789455229,0,0,1.24
1773011272.789455229,1,0,0.01
1773011273.810766195,0,0,1.24
1773011273.810766195,1,0,0.01
1773011274.832775710,0,11,1.24
1773011274.832775710,1,0,0.01
1773011275.854637513,0,67,1.24
1773011275.854637513,1,0,0.01
1773011276.876956517,0,33,1.24
1773011276.876956517,1,0,0.01
1773011277.899442315,0,0,1.24
1773011277.899442315,1,0,0.01
1773011278.920912796,0,0,1.24
1773011278.920912796,1,0,0.01
1773011279.943337647,0,0,1.24
1773011279.943337647,1,0,0.01
1773011280.964476518,0,0,1.24
1773011280.964476518,1,0,0.01
1773011281.986279197,0,0,1.24
1773011281.986279197,1,0,0.01
1773011283.007317606,0,0,1.24
1773011283.007317606,1,0,0.01
1773011284.028943551,0,0,1.24
1773011284.028943551,1,0,0.01
1773011285.049185124,0,0,1.24
1773011285.049185124,1,0,0.01
1773011286.071179106,0,0,1.24
1773011286.071179106,1,0,0.01
1773011287.092571399,0,0,1.24
1773011287.092571399,1,0,0.01
1773011288.113916501,0,0,1.24
1773011288.113916501,1,0,0.01
1773011289.135926535,0,0,1.24
1773011289.135926535,1,0,0.01
1773011290.156950224,0,0,1.24
1773011290.156950224,1,0,0.01
1773011291.178922851,0,0,1.24
1773011291.178922851,1,0,0.01
1773011292.200882091,0,0,1.24
1773011292.200882091,1,0,0.01
1773011293.221918001,0,0,1.24
1773011293.221918001,1,0,0.01
1773011294.243991918,0,0,1.24
1773011294.243991918,1,0,0.01
1773011295.265949627,0,0,1.24
1773011295.265949627,1,0,0.01
1773011296.285567622,0,0,1.24
1773011296.285567622,1,0,0.01
1773011297.305658813,0,0,1.24
1773011297.305658813,1,0,0.01
1773011298.325651759,0,0,1.24
1773011298.325651759,1,0,0.01
1773011299.347888020,0,0,1.24
1773011299.347888020,1,0,0.01
1773011300.369301722,0,0,1.24
1773011300.369301722,1,0,0.01
1773011301.391961858,0,0,1.24
1773011301.391961858,1,0,0.01
1773011302.413217147,0,0,1.24
1773011302.413217147,1,0,0.01
1773011303.433693683,0,0,1.24
1773011303.433693683,1,0,0.01
1773011304.454693494,0,0,1.24
1773011304.454693494,1,0,0.01
1773011305.476601909,0,0,1.24
1773011305.476601909,1,0,0.01
1773011306.497479131,0,0,1.24
1773011306.497479131,1,0,0.01
1773011307.520072772,0,0,1.24
1773011307.520072772,1,0,0.01
1773011308.541848895,0,0,1.24
1773011308.541848895,1,0,0.01
1773011309.563644472,0,0,1.24
1773011309.563644472,1,0,0.01
1773011310.589833957,0,0,1.24
1773011310.589833957,1,0,0.01
1773011311.612042938,0,0,1.24
1773011311.612042938,1,0,0.01
1773011312.633443344,0,0,1.24
1773011312.633443344,1,0,0.01
1773011313.655086740,0,0,1.24
1773011313.655086740,1,0,0.01
1773011314.677668257,0,0,1.24
1773011314.677668257,1,0,0.01
1773011315.699109364,0,0,1.24
1773011315.699109364,1,0,0.01
1773011316.721521135,0,0,1.24
1773011316.721521135,1,0,0.01
1773011317.742762539,0,0,1.24
1773011317.742762539,1,0,0.01
1773011318.764269439,0,0,1.24
1773011318.764269439,1,0,0.01
1773011319.785968909,0,0,1.24
1773011319.785968909,1,0,0.01
1773011320.808709703,0,0,1.24
1773011320.808709703,1,0,0.01
1773011321.828525231,0,0,1.24
1773011321.828525231,1,0,0.01
1773011322.850426186,0,0,1.24
1773011322.850426186,1,0,0.01
1773011323.872083119,0,0,1.24
1773011323.872083119,1,0,0.01
1773011324.893654522,0,0,1.24
1773011324.893654522,1,0,0.01
1773011325.915521982,0,0,1.24
1773011325.915521982,1,0,0.01
1773011326.937159792,0,0,1.24
1773011326.937159792,1,0,0.01
1773011327.958692141,0,0,1.24
1773011327.958692141,1,0,0.01
1773011328.980862254,0,0,1.24
1773011328.980862254,1,0,0.01
1773011330.002606518,0,0,1.24
1773011330.002606518,1,0,0.01
1773011331.024777407,0,0,1.24
1773011331.024777407,1,0,0.01
1773011332.046451354,0,0,1.24
1773011332.046451354,1,0,0.01
1773011333.068277817,0,0,1.24
1773011333.068277817,1,0,0.01
1773011334.090011307,0,0,1.24
1773011334.090011307,1,0,0.01
1773011335.111846538,0,0,1.24
1773011335.111846538,1,0,0.01
1773011336.134022921,0,0,1.24
1773011336.134022921,1,0,0.01
1773011337.156537601,0,0,1.24
1773011337.156537601,1,0,0.01
1773011338.178058527,0,0,1.24
1773011338.178058527,1,0,0.01
1773011339.199594400,0,0,1.24
1773011339.199594400,1,0,0.01
1773011340.222206954,0,0,1.24
1773011340.222206954,1,0,0.01
1773011341.244252251,0,0,1.24
1773011341.244252251,1,0,0.01
1773011342.266050518,0,0,1.24
1773011342.266050518,1,0,0.01
1773011343.287407589,0,0,1.24
1773011343.287407589,1,0,0.01
1773011344.309984917,0,0,1.24
1773011344.309984917,1,0,0.01
1773011345.331538790,0,0,1.24
1773011345.331538790,1,0,0.01
1773011346.353311265,0,0,1.24
1773011346.353311265,1,0,0.01
1773011347.374759583,0,0,1.24
1773011347.374759583,1,0,0.01
1773011348.397314075,0,0,1.24
1773011348.397314075,1,0,0.01
1773011349.419198336,0,0,1.24
1773011349.419198336,1,0,0.01
1773011350.441171597,0,0,1.24
1773011350.441171597,1,0,0.01
1773011351.462273016,0,0,1.24
1773011351.462273016,1,0,0.01
1773011352.482439689,0,0,1.24
1773011352.482439689,1,0,0.01
1773011353.501869364,0,0,1.24
1773011353.501869364,1,0,0.01
1773011354.524302000,0,0,1.24
1773011354.524302000,1,0,0.01
1773011355.545419795,0,0,1.24
1773011355.545419795,1,0,0.01
1773011356.567778612,0,0,1.24
1773011356.567778612,1,0,0.01
1773011357.589040746,0,0,1.24
1773011357.589040746,1,0,0.01
1773011358.610503291,0,0,1.24
1773011358.610503291,1,0,0.01
1773011359.631888570,0,0,1.24
1773011359.631888570,1,0,0.01
1773011360.653585531,0,0,1.24
1773011360.653585531,1,0,0.01
1773011361.674978509,0,0,1.24
1773011361.674978509,1,0,0.01
1773011362.697435890,0,0,1.24
1773011362.697435890,1,0,0.01
1773011363.718320453,0,0,1.24
1773011363.718320453,1,0,0.01
1773011364.738014865,0,0,1.24
1773011364.738014865,1,0,0.01
1773011365.759463281,0,0,1.24
1773011365.759463281,1,0,0.01
1773011366.780336833,0,0,1.24
1773011366.780336833,1,0,0.01
1773011367.802851282,0,0,1.24
1773011367.802851282,1,0,0.01
1773011368.824154853,0,0,1.24
1773011368.824154853,1,0,0.01
1773011369.846102318,0,0,1.24
1773011369.846102318,1,0,0.01
1773011370.867961289,0,0,1.24
1773011370.867961289,1,0,0.01
1773011371.889511519,0,0,1.24
1773011371.889511519,1,0,0.01
1773011372.910885498,0,0,1.24
1773011372.910885498,1,0,0.01
1773011373.933126853,0,0,1.24
1773011373.933126853,1,0,0.01
1773011374.954291695,0,0,1.24
1773011374.954291695,1,0,0.01
1773011375.976364488,0,0,1.24
1773011375.976364488,1,0,0.01
1773011376.997476801,0,0,1.24
1773011376.997476801,1,0,0.01
1773011378.019013567,0,0,1.24
1773011378.019013567,1,0,0.01
1773011379.040282334,0,0,1.24
1773011379.040282334,1,0,0.01
1773011380.062038919,0,0,1.24
1773011380.062038919,1,0,0.01
1773011381.083662077,0,0,1.24
1773011381.083662077,1,0,0.01
1773011382.104854404,0,0,1.24
1773011382.104854404,1,0,0.01
1773011383.126457575,0,0,1.24
1773011383.126457575,1,0,0.01
1773011384.147512162,0,0,1.24
1773011384.147512162,1,0,0.01
1773011385.169550197,0,0,1.24
1773011385.169550197,1,0,0.01
1773011386.191154900,0,0,1.24
1773011386.191154900,1,0,0.01
1773011387.212894483,0,0,1.24
1773011387.212894483,1,0,0.01
1773011388.234000020,0,0,1.24
1773011388.234000020,1,0,0.01
1773011389.255885491,0,0,1.24
1773011389.255885491,1,0,0.01
1773011390.277927572,0,0,1.24
1773011390.277927572,1,0,0.01
1773011391.299411739,0,0,1.24
1773011391.299411739,1,0,0.01
1773011392.320827283,0,0,1.24
1773011392.320827283,1,0,0.01
1773011393.343135428,0,0,1.24
1773011393.343135428,1,0,0.01
1773011394.364530119,0,0,1.24
1773011394.364530119,1,0,0.01
1773011395.386260408,0,0,1.24
1773011395.386260408,1,0,0.01
1773011396.408008640,0,0,1.24
1773011396.408008640,1,0,0.01
1773011397.429386087,0,0,1.24
1773011397.429386087,1,0,0.01
1773011398.450904476,0,0,1.24
1773011398.450904476,1,0,0.01
1773011399.473125754,0,0,1.24
1773011399.473125754,1,0,0.01
1773011400.494390633,0,0,1.24
1773011400.494390633,1,0,0.01
1773011401.516499519,0,0,1.24
1773011401.516499519,1,0,0.01
1773011402.538123006,0,0,1.24
1773011402.538123006,1,0,0.01
1773011403.560379301,0,0,1.24
1773011403.560379301,1,0,0.01
1773011404.581120156,0,0,1.24
1773011404.581120156,1,0,0.01
1773011405.602947129,0,0,1.24
1773011405.602947129,1,0,0.01
1773011406.624053441,0,0,1.24
1773011406.624053441,1,0,0.01
1773011407.646298142,0,0,1.24
1773011407.646298142,1,0,0.01
1773011408.667047337,0,0,1.24
1773011408.667047337,1,0,0.01
1773011409.689263128,0,0,1.24
1773011409.689263128,1,0,0.01
1773011410.711388103,0,0,1.24
1773011410.711388103,1,0,0.01
1773011411.732922518,0,0,1.24
1773011411.732922518,1,0,0.01
1773011412.755130944,0,0,1.24
1773011412.755130944,1,0,0.01
1773011413.777588596,0,0,1.24
1773011413.777588596,1,0,0.01
1773011414.798307060,0,0,1.24
1773011414.798307060,1,0,0.01
1773011415.820613546,0,0,1.24
1773011415.820613546,1,0,0.01
1773011416.841699846,0,0,1.24
1773011416.841699846,1,0,0.01
1773011417.863989664,0,0,1.24
1773011417.863989664,1,0,0.01
1773011418.884930319,0,0,1.24
1773011418.884930319,1,0,0.01
1773011419.907216027,0,0,1.24
1773011419.907216027,1,0,0.01
1773011420.928927728,0,0,1.24
1773011420.928927728,1,0,0.01
1773011421.951034087,0,0,1.24
1773011421.951034087,1,0,0.01
