timestamp,idx,gpu_util_pct,mem_used_pct
1773168637.799531465,0,0,0.00
1773168637.799531465,1,0,0.00
1773168638.831209029,0,0,0.00
1773168638.831209029,1,0,0.00
1773168639.857303793,0,0,0.00
1773168639.857303793,1,0,0.00
1773168640.881928421,0,0,0.00
1773168640.881928421,1,0,0.00
1773168641.906872795,0,0,0.00
1773168641.906872795,1,0,0.00
1773168642.934744335,0,0,0.00
1773168642.934744335,1,0,0.00
1773168643.959539585,0,0,0.00
1773168643.959539585,1,0,0.00
1773168644.983112461,0,0,0.00
1773168644.983112461,1,0,0.00
1773168646.008195472,0,0,0.00
1773168646.008195472,1,0,0.00
1773168647.031417089,0,0,7.59
1773168647.031417089,1,0,0.01
1773168648.054455394,0,0,7.59
1773168648.054455394,1,0,0.01
1773168649.077719335,0,0,7.59
1773168649.077719335,1,0,0.01
1773168650.101914373,0,0,7.59
1773168650.101914373,1,0,0.01
1773168651.127913327,0,0,7.59
1773168651.127913327,1,0,0.01
1773168652.150971198,0,0,7.64
1773168652.150971198,1,0,0.01
1773168653.174640947,0,0,7.64
1773168653.174640947,1,0,0.01
1773168654.197765254,0,0,7.64
1773168654.197765254,1,0,0.01
1773168655.221613292,0,0,7.64
1773168655.221613292,1,0,0.01
1773168656.245029319,0,0,7.64
1773168656.245029319,1,0,0.01
1773168657.267913287,0,0,7.64
1773168657.267913287,1,0,0.01
1773168658.291941849,0,0,7.64
1773168658.291941849,1,0,0.01
1773168659.315179101,0,0,7.64
1773168659.315179101,1,0,0.01
1773168660.339586543,0,0,7.64
1773168660.339586543,1,0,0.01
1773168661.364403512,0,0,7.64
1773168661.364403512,1,0,0.01
1773168662.390201911,0,0,7.64
1773168662.390201911,1,0,0.01
1773168663.413834646,0,0,7.64
1773168663.413834646,1,0,0.01
1773168664.438545186,0,0,7.64
1773168664.438545186,1,0,0.01
1773168665.463267226,0,0,7.64
1773168665.463267226,1,0,0.01
1773168666.486539776,0,0,7.64
1773168666.486539776,1,0,0.01
1773168667.510634741,0,0,7.64
1773168667.510634741,1,0,0.01
1773168668.535115901,0,0,7.64
1773168668.535115901,1,0,0.01
1773168669.560110078,0,0,7.64
1773168669.560110078,1,0,0.01
1773168670.586829966,0,0,7.64
1773168670.586829966,1,0,0.01
1773168671.611934071,0,0,7.64
1773168671.611934071,1,0,0.01
1773168672.636333095,0,0,7.64
1773168672.636333095,1,0,0.01
1773168673.661027683,0,0,7.64
1773168673.661027683,1,0,0.01
1773168674.685045429,0,0,7.64
1773168674.685045429,1,0,0.01
1773168675.709663492,0,0,7.64
1773168675.709663492,1,0,0.01
1773168676.734055977,0,0,7.64
1773168676.734055977,1,0,0.01
1773168677.757507306,0,0,7.64
1773168677.757507306,1,0,0.01
1773168678.781427749,0,0,7.64
1773168678.781427749,1,0,0.01
1773168679.804322294,0,0,7.64
1773168679.804322294,1,0,0.01
1773168680.826873580,0,0,7.64
1773168680.826873580,1,0,0.01
1773168681.849859840,0,0,7.64
1773168681.849859840,1,0,0.01
1773168682.872738616,0,0,7.64
1773168682.872738616,1,0,0.01
1773168683.896282519,0,0,7.64
1773168683.896282519,1,0,0.01
1773168684.919095179,0,0,7.64
1773168684.919095179,1,0,0.01
1773168685.942287905,0,0,7.64
1773168685.942287905,1,0,0.01
1773168686.965073670,0,0,7.64
1773168686.965073670,1,0,0.01
1773168687.990786082,0,0,7.64
1773168687.990786082,1,0,0.01
1773168689.016180853,0,0,7.64
1773168689.016180853,1,0,0.01
1773168690.040862768,0,0,7.64
1773168690.040862768,1,0,0.01
1773168691.064408056,0,0,7.64
1773168691.064408056,1,0,0.01
1773168692.088886120,0,0,7.64
1773168692.088886120,1,0,0.01
1773168693.112370523,0,0,7.64
1773168693.112370523,1,0,0.01
1773168694.137168922,0,0,7.64
1773168694.137168922,1,0,0.01
1773168695.160520976,0,0,7.64
1773168695.160520976,1,0,0.01
1773168696.184663884,0,0,7.64
1773168696.184663884,1,0,0.01
1773168697.208398558,0,0,8.08
1773168697.208398558,1,0,0.01
1773168698.232796363,0,100,9.00
1773168698.232796363,1,0,0.01
1773168699.256955251,0,100,9.28
1773168699.256955251,1,0,0.01
1773168700.280266311,0,100,9.56
1773168700.280266311,1,0,0.01
1773168701.305327825,0,100,9.56
1773168701.305327825,1,0,0.01
1773168702.329387473,0,100,9.83
1773168702.329387473,1,0,0.01
1773168703.352340101,0,100,9.83
1773168703.352340101,1,0,0.01
1773168704.377683639,0,100,9.83
1773168704.377683639,1,0,0.01
1773168705.401659409,0,100,9.83
1773168705.401659409,1,0,0.01
1773168706.425667006,0,100,9.83
1773168706.425667006,1,0,0.01
1773168707.449206197,0,100,9.83
1773168707.449206197,1,0,0.01
1773168708.473267743,0,99,9.83
1773168708.473267743,1,0,0.01
1773168709.496163660,0,0,9.83
1773168709.496163660,1,0,0.01
1773168710.519080697,0,0,9.83
1773168710.519080697,1,0,0.01
1773168711.542943270,0,0,9.83
1773168711.542943270,1,0,0.01
1773168712.567716495,0,0,9.83
1773168712.567716495,1,0,0.01
1773168713.590975467,0,0,9.83
1773168713.590975467,1,0,0.01
1773168714.614544589,0,0,9.83
1773168714.614544589,1,0,0.01
1773168715.636838802,0,0,9.83
1773168715.636838802,1,0,0.01
1773168716.659467044,0,0,9.83
1773168716.659467044,1,0,0.01
1773168717.681652968,0,0,9.83
1773168717.681652968,1,0,0.01
1773168718.704579646,0,0,9.83
1773168718.704579646,1,0,0.01
1773168719.727318463,0,1,9.83
1773168719.727318463,1,0,0.01
1773168720.749868260,0,0,9.83
1773168720.749868260,1,0,0.01
1773168721.772547351,0,0,9.83
1773168721.772547351,1,0,0.01
1773168722.794795749,0,0,9.83
1773168722.794795749,1,0,0.01
1773168723.816433352,0,0,9.83
1773168723.816433352,1,0,0.01
1773168724.838547110,0,0,9.83
1773168724.838547110,1,0,0.01
1773168725.862446621,0,0,9.83
1773168725.862446621,1,0,0.01
1773168726.885734873,0,0,9.83
1773168726.885734873,1,0,0.01
1773168727.908846908,0,0,9.83
1773168727.908846908,1,0,0.01
1773168728.932590765,0,0,9.83
1773168728.932590765,1,0,0.01
1773168729.955289355,0,0,9.83
1773168729.955289355,1,0,0.01
1773168730.978312119,0,0,9.83
1773168730.978312119,1,0,0.01
1773168732.000668630,0,0,9.83
1773168732.000668630,1,0,0.01
1773168733.023187833,0,0,9.83
1773168733.023187833,1,0,0.01
1773168734.045519854,0,0,9.83
1773168734.045519854,1,0,0.01
1773168735.067893321,0,0,9.83
1773168735.067893321,1,0,0.01
1773168736.091629331,0,0,9.83
1773168736.091629331,1,0,0.01
1773168737.115858970,0,0,9.83
1773168737.115858970,1,0,0.01
1773168738.138692944,0,0,9.83
1773168738.138692944,1,0,0.01
1773168739.162513067,0,0,9.83
1773168739.162513067,1,0,0.01
1773168740.185858655,0,0,9.83
1773168740.185858655,1,0,0.01
1773168741.208691813,0,0,9.83
1773168741.208691813,1,0,0.01
1773168742.231939517,0,0,9.83
1773168742.231939517,1,0,0.01
1773168743.254776240,0,0,9.83
1773168743.254776240,1,0,0.01
1773168744.278282669,0,0,9.83
1773168744.278282669,1,0,0.01
1773168745.302251314,0,0,9.83
1773168745.302251314,1,0,0.01
1773168746.326594281,0,0,9.83
1773168746.326594281,1,0,0.01
1773168747.349493116,0,0,9.83
1773168747.349493116,1,0,0.01
1773168748.371897486,0,0,9.83
1773168748.371897486,1,0,0.01
1773168749.395001819,0,0,9.83
1773168749.395001819,1,0,0.01
1773168750.417149646,0,0,9.83
1773168750.417149646,1,0,0.01
1773168751.440805891,0,0,9.83
1773168751.440805891,1,0,0.01
1773168752.464177284,0,0,9.83
1773168752.464177284,1,0,0.01
1773168753.487892961,0,0,9.83
1773168753.487892961,1,0,0.01
1773168754.510003844,0,0,9.83
1773168754.510003844,1,0,0.01
1773168755.533115902,0,0,9.83
1773168755.533115902,1,0,0.01
1773168756.556131058,0,0,9.83
1773168756.556131058,1,0,0.01
1773168757.578480817,0,0,9.83
1773168757.578480817,1,0,0.01
1773168758.601878677,0,0,9.83
1773168758.601878677,1,0,0.01
1773168759.624535371,0,0,9.83
1773168759.624535371,1,0,0.01
1773168760.647505080,0,0,9.83
1773168760.647505080,1,0,0.01
1773168761.671089804,0,0,9.83
1773168761.671089804,1,0,0.01
1773168762.694922852,0,0,9.83
1773168762.694922852,1,0,0.01
1773168763.718009620,0,0,9.83
1773168763.718009620,1,0,0.01
1773168764.740079420,0,0,9.83
1773168764.740079420,1,0,0.01
1773168765.761884505,0,0,9.83
1773168765.761884505,1,0,0.01
1773168766.784867328,0,0,9.83
1773168766.784867328,1,0,0.01
1773168767.807933053,0,0,9.83
1773168767.807933053,1,0,0.01
1773168768.831925395,0,0,9.83
1773168768.831925395,1,0,0.01
1773168769.855566730,0,0,9.83
1773168769.855566730,1,0,0.01
1773168770.879422815,0,0,9.83
1773168770.879422815,1,0,0.01
1773168771.902916431,0,0,9.83
1773168771.902916431,1,0,0.01
1773168772.926132805,0,0,9.83
1773168772.926132805,1,0,0.01
1773168773.949390360,0,0,9.83
1773168773.949390360,1,0,0.01
1773168774.972338865,0,0,9.83
1773168774.972338865,1,0,0.01
1773168775.994884092,0,0,9.83
1773168775.994884092,1,0,0.01
1773168777.018338287,0,0,9.83
1773168777.018338287,1,0,0.01
1773168778.042318147,0,0,9.83
1773168778.042318147,1,0,0.01
1773168779.066784793,0,0,9.83
1773168779.066784793,1,0,0.01
1773168780.089970838,0,0,9.83
1773168780.089970838,1,0,0.01
1773168781.114961234,0,0,9.83
1773168781.114961234,1,0,0.01
1773168782.138118294,0,0,9.83
1773168782.138118294,1,0,0.01
1773168783.161858506,0,0,9.83
1773168783.161858506,1,0,0.01
1773168784.184156473,0,0,9.83
1773168784.184156473,1,0,0.01
1773168785.208512972,0,0,9.83
1773168785.208512972,1,0,0.01
1773168786.231734848,0,0,9.83
1773168786.231734848,1,0,0.01
1773168787.255203722,0,0,9.83
1773168787.255203722,1,0,0.01
1773168788.277833257,0,0,9.83
1773168788.277833257,1,0,0.01
1773168789.300277433,0,0,9.83
1773168789.300277433,1,0,0.01
1773168790.325172556,0,0,9.83
1773168790.325172556,1,0,0.01
1773168791.349173070,0,0,9.83
1773168791.349173070,1,0,0.01
1773168792.373043135,0,0,9.83
1773168792.373043135,1,0,0.01
1773168793.396217801,0,0,9.83
1773168793.396217801,1,0,0.01
1773168794.419011454,0,0,9.83
1773168794.419011454,1,0,0.01
1773168795.440756190,0,0,9.83
1773168795.440756190,1,0,0.01
1773168796.463983545,0,0,9.83
1773168796.463983545,1,0,0.01
1773168797.486629300,0,0,9.83
1773168797.486629300,1,0,0.01
1773168798.509319173,0,0,9.83
1773168798.509319173,1,0,0.01
1773168799.532228699,0,0,9.83
1773168799.532228699,1,0,0.01
1773168800.555318973,0,0,9.83
1773168800.555318973,1,0,0.01
1773168801.578650170,0,0,9.83
1773168801.578650170,1,0,0.01
1773168802.601198146,0,0,9.83
1773168802.601198146,1,0,0.01
1773168803.624039109,0,0,9.83
1773168803.624039109,1,0,0.01
1773168804.647477476,0,0,9.83
1773168804.647477476,1,0,0.01
1773168805.670210746,0,1,9.83
1773168805.670210746,1,0,0.01
1773168806.693273426,0,0,9.83
1773168806.693273426,1,0,0.01
1773168807.715744363,0,0,9.83
1773168807.715744363,1,0,0.01
1773168808.738555538,0,0,9.83
1773168808.738555538,1,0,0.01
1773168809.761717443,0,0,9.83
1773168809.761717443,1,0,0.01
1773168810.784502415,0,0,9.83
1773168810.784502415,1,0,0.01
1773168811.807176554,0,0,9.83
1773168811.807176554,1,0,0.01
1773168812.829893957,0,0,9.83
1773168812.829893957,1,0,0.01
1773168813.852800594,0,0,9.83
1773168813.852800594,1,0,0.01
1773168814.875673969,0,0,9.83
1773168814.875673969,1,0,0.01
1773168815.897780631,0,0,9.83
1773168815.897780631,1,0,0.01
1773168816.921294352,0,0,9.83
1773168816.921294352,1,0,0.01
1773168817.943496146,0,0,9.83
1773168817.943496146,1,0,0.01
1773168818.966356909,0,0,9.83
1773168818.966356909,1,0,0.01
1773168819.989478591,0,0,9.83
1773168819.989478591,1,0,0.01
1773168821.012359654,0,0,9.83
1773168821.012359654,1,0,0.01
1773168822.035375147,0,0,9.83
1773168822.035375147,1,0,0.01
1773168823.058181342,0,0,9.83
1773168823.058181342,1,0,0.01
1773168824.080987647,0,0,9.83
1773168824.080987647,1,0,0.01
1773168825.103721097,0,0,9.83
1773168825.103721097,1,0,0.01
1773168826.127310255,0,0,9.83
1773168826.127310255,1,0,0.01
1773168827.150142396,0,0,9.83
1773168827.150142396,1,0,0.01
1773168828.173445880,0,0,9.83
1773168828.173445880,1,0,0.01
1773168829.197448012,0,0,9.83
1773168829.197448012,1,0,0.01
1773168830.220921755,0,0,9.83
1773168830.220921755,1,0,0.01
1773168831.243632127,0,0,9.83
1773168831.243632127,1,0,0.01
1773168832.267179924,0,0,9.83
1773168832.267179924,1,0,0.01
1773168833.290146424,0,0,9.83
1773168833.290146424,1,0,0.01
1773168834.312906844,0,0,9.83
1773168834.312906844,1,0,0.01
1773168835.334949608,0,0,9.83
1773168835.334949608,1,0,0.01
1773168836.358552237,0,0,9.83
1773168836.358552237,1,0,0.01
1773168837.381322749,0,1,9.83
1773168837.381322749,1,0,0.01
1773168838.404464495,0,0,9.83
1773168838.404464495,1,0,0.01
1773168839.427542525,0,0,9.83
1773168839.427542525,1,0,0.01
1773168840.451228814,0,0,9.83
1773168840.451228814,1,0,0.01
1773168841.474259434,0,0,9.83
1773168841.474259434,1,0,0.01
1773168842.498003283,0,0,9.83
1773168842.498003283,1,0,0.01
1773168843.520873912,0,1,9.83
1773168843.520873912,1,0,0.01
1773168844.544325685,0,0,9.83
1773168844.544325685,1,0,0.01
1773168845.567027899,0,0,9.83
1773168845.567027899,1,0,0.01
1773168846.590241590,0,0,9.83
1773168846.590241590,1,0,0.01
1773168847.613676738,0,0,9.83
1773168847.613676738,1,0,0.01
1773168848.636834273,0,0,9.83
1773168848.636834273,1,0,0.01
1773168849.659305208,0,0,9.83
1773168849.659305208,1,0,0.01
1773168850.683457447,0,0,9.83
1773168850.683457447,1,0,0.01
1773168851.706001364,0,0,9.83
1773168851.706001364,1,0,0.01
1773168852.729988251,0,0,9.83
1773168852.729988251,1,0,0.01
1773168853.754735726,0,0,9.83
1773168853.754735726,1,0,0.01
1773168854.777705604,0,0,9.83
1773168854.777705604,1,0,0.01
1773168855.801705248,0,59,9.83
1773168855.801705248,1,0,0.01
1773168856.825798886,0,60,9.83
1773168856.825798886,1,0,0.01
1773168857.848826954,0,58,9.83
1773168857.848826954,1,0,0.01
1773168858.871870211,0,99,9.83
1773168858.871870211,1,0,0.01
1773168859.895797995,0,86,9.83
1773168859.895797995,1,0,0.01
1773168860.918579194,0,59,9.83
1773168860.918579194,1,0,0.01
1773168861.941628156,0,59,9.83
1773168861.941628156,1,0,0.01
1773168862.963994192,0,59,9.83
1773168862.963994192,1,0,0.01
1773168863.987179949,0,0,9.83
1773168863.987179949,1,0,0.01
1773168865.010275845,0,0,9.83
1773168865.010275845,1,0,0.01
1773168866.033651292,0,0,9.83
1773168866.033651292,1,0,0.01
1773168867.056444244,0,0,9.83
1773168867.056444244,1,0,0.01
1773168868.079721622,0,0,9.83
1773168868.079721622,1,0,0.01
1773168869.102537483,0,61,9.83
1773168869.102537483,1,0,0.01
1773168870.125707554,0,61,9.83
1773168870.125707554,1,0,0.01
1773168871.149054916,0,0,9.83
1773168871.149054916,1,0,0.01
1773168872.173012630,0,0,9.83
1773168872.173012630,1,0,0.01
1773168873.196212616,0,0,9.83
1773168873.196212616,1,0,0.01
1773168874.220749106,0,0,9.83
1773168874.220749106,1,0,0.01
1773168875.244009244,0,0,9.83
1773168875.244009244,1,0,0.01
1773168876.268320985,0,0,9.83
1773168876.268320985,1,0,0.01
1773168877.293238213,0,0,9.83
1773168877.293238213,1,0,0.01
1773168878.317924598,0,0,9.83
1773168878.317924598,1,0,0.01
1773168879.341776034,0,0,9.83
1773168879.341776034,1,0,0.01
1773168880.365347864,0,0,9.83
1773168880.365347864,1,0,0.01
1773168881.388102388,0,0,9.83
1773168881.388102388,1,0,0.01
1773168882.410571646,0,0,9.83
1773168882.410571646,1,0,0.01
1773168883.433958346,0,0,9.83
1773168883.433958346,1,0,0.01
1773168884.456646961,0,0,9.83
1773168884.456646961,1,0,0.01
1773168885.479835435,0,0,9.83
1773168885.479835435,1,0,0.01
1773168886.503915719,0,0,9.83
1773168886.503915719,1,0,0.01
1773168887.526910379,0,0,9.83
1773168887.526910379,1,0,0.01
1773168888.550819238,0,0,9.83
1773168888.550819238,1,0,0.01
1773168889.574734067,0,0,9.83
1773168889.574734067,1,0,0.01
1773168890.598508550,0,60,9.83
1773168890.598508550,1,0,0.01
1773168891.620723273,0,60,9.83
1773168891.620723273,1,0,0.01
1773168892.642864168,0,1,9.83
1773168892.642864168,1,0,0.01
1773168893.666342001,0,0,9.83
1773168893.666342001,1,0,0.01
1773168894.689227545,0,0,9.83
1773168894.689227545,1,0,0.01
1773168895.712081027,0,0,9.83
1773168895.712081027,1,0,0.01
1773168896.734935780,0,58,9.83
1773168896.734935780,1,0,0.01
1773168897.757841758,0,59,9.83
1773168897.757841758,1,0,0.01
1773168898.781986330,0,0,9.83
1773168898.781986330,1,0,0.01
1773168899.804765269,0,0,9.83
1773168899.804765269,1,0,0.01
1773168900.826856626,0,0,9.83
1773168900.826856626,1,0,0.01
1773168901.849727621,0,0,9.83
1773168901.849727621,1,0,0.01
1773168902.872412069,0,0,9.83
1773168902.872412069,1,0,0.01
1773168903.898135375,0,0,9.83
1773168903.898135375,1,0,0.01
1773168904.921652455,0,0,9.83
1773168904.921652455,1,0,0.01
1773168905.944965532,0,0,9.83
1773168905.944965532,1,0,0.01
1773168906.968528642,0,0,9.83
1773168906.968528642,1,0,0.01
1773168907.991892879,0,0,9.83
1773168907.991892879,1,0,0.01
1773168909.015226112,0,0,9.83
1773168909.015226112,1,0,0.01
1773168910.038615799,0,0,9.83
1773168910.038615799,1,0,0.01
1773168911.061790343,0,0,9.83
1773168911.061790343,1,0,0.01
1773168912.084492897,0,0,9.83
1773168912.084492897,1,0,0.01
1773168913.108034082,0,0,9.83
1773168913.108034082,1,0,0.01
1773168914.131657604,0,0,9.83
1773168914.131657604,1,0,0.01
1773168915.154219280,0,0,9.83
1773168915.154219280,1,0,0.01
1773168916.177163708,0,0,9.83
1773168916.177163708,1,0,0.01
1773168917.200963183,0,0,9.83
1773168917.200963183,1,0,0.01
1773168918.225187939,0,1,9.83
1773168918.225187939,1,0,0.01
1773168919.248983387,0,0,9.83
1773168919.248983387,1,0,0.01
1773168920.271540110,0,0,9.83
1773168920.271540110,1,0,0.01
1773168921.295377230,0,0,9.83
1773168921.295377230,1,0,0.01
1773168922.318715084,0,0,9.83
1773168922.318715084,1,0,0.01
1773168923.342248131,0,0,9.83
1773168923.342248131,1,0,0.01
1773168924.366448227,0,0,9.83
1773168924.366448227,1,0,0.01
1773168925.389064493,0,0,9.83
1773168925.389064493,1,0,0.01
1773168926.411521082,0,0,9.83
1773168926.411521082,1,0,0.01
1773168927.435015492,0,0,9.83
1773168927.435015492,1,0,0.01
1773168928.458889836,0,62,9.83
1773168928.458889836,1,0,0.01
1773168929.483181021,0,62,9.83
1773168929.483181021,1,0,0.01
1773168930.506204537,0,0,9.83
1773168930.506204537,1,0,0.01
1773168931.529806089,0,0,9.83
1773168931.529806089,1,0,0.01
1773168932.552301004,0,0,9.83
1773168932.552301004,1,0,0.01
1773168933.575396924,0,0,9.83
1773168933.575396924,1,0,0.01
1773168934.597663177,0,0,9.83
1773168934.597663177,1,0,0.01
1773168935.619960750,0,1,9.83
1773168935.619960750,1,0,0.01
1773168936.641981908,0,0,9.83
1773168936.641981908,1,0,0.01
1773168937.663986896,0,0,9.83
1773168937.663986896,1,0,0.01
1773168938.687280594,0,0,9.83
1773168938.687280594,1,0,0.01
1773168939.709129617,0,0,9.83
1773168939.709129617,1,0,0.01
1773168940.731964397,0,0,9.83
1773168940.731964397,1,0,0.01
1773168941.754769381,0,0,9.83
1773168941.754769381,1,0,0.01
1773168942.777579888,0,0,9.83
1773168942.777579888,1,0,0.01
1773168943.800445905,0,0,9.83
1773168943.800445905,1,0,0.01
1773168944.822864598,0,0,9.83
1773168944.822864598,1,0,0.01
1773168945.846314209,0,0,9.83
1773168945.846314209,1,0,0.01
1773168946.870811721,0,0,9.83
1773168946.870811721,1,0,0.01
1773168947.893794182,0,0,9.83
1773168947.893794182,1,0,0.01
1773168948.916694981,0,0,9.83
1773168948.916694981,1,0,0.01
1773168949.939445513,0,0,9.83
1773168949.939445513,1,0,0.01
1773168950.963590911,0,0,9.83
1773168950.963590911,1,0,0.01
1773168951.987143548,0,0,9.83
1773168951.987143548,1,0,0.01
1773168953.010421423,0,0,9.83
1773168953.010421423,1,0,0.01
1773168954.034442711,0,0,9.83
1773168954.034442711,1,0,0.01
1773168955.058202450,0,0,9.83
1773168955.058202450,1,0,0.01
1773168956.081524319,0,0,9.83
1773168956.081524319,1,0,0.01
1773168957.105059802,0,0,9.83
1773168957.105059802,1,0,0.01
1773168958.128193530,0,0,9.83
1773168958.128193530,1,0,0.01
1773168959.151401188,0,0,9.83
1773168959.151401188,1,0,0.01
1773168960.174122511,0,0,9.83
1773168960.174122511,1,0,0.01
1773168961.197422672,0,0,9.83
1773168961.197422672,1,0,0.01
1773168962.220541230,0,0,9.83
1773168962.220541230,1,0,0.01
1773168963.243807820,0,0,9.83
1773168963.243807820,1,0,0.01
1773168964.266905907,0,0,9.83
1773168964.266905907,1,0,0.01
1773168965.289968057,0,0,9.83
1773168965.289968057,1,0,0.01
1773168966.312889804,0,0,9.83
1773168966.312889804,1,0,0.01
1773168967.337928650,0,64,9.83
1773168967.337928650,1,0,0.01
1773168968.361824259,0,60,9.83
1773168968.361824259,1,0,0.01
1773168969.385532315,0,0,9.83
1773168969.385532315,1,0,0.01
1773168970.408641731,0,0,9.83
1773168970.408641731,1,0,0.01
1773168971.431937930,0,0,9.83
1773168971.431937930,1,0,0.01
1773168972.455043793,0,0,9.83
1773168972.455043793,1,0,0.01
1773168973.477388133,0,0,9.83
1773168973.477388133,1,0,0.01
1773168974.499905266,0,0,9.83
1773168974.499905266,1,0,0.01
1773168975.523165253,0,0,9.83
1773168975.523165253,1,0,0.01
1773168976.545583381,0,0,9.83
1773168976.545583381,1,0,0.01
1773168977.568474881,0,0,9.83
1773168977.568474881,1,0,0.01
1773168978.593115399,0,0,9.83
1773168978.593115399,1,0,0.01
1773168979.616564175,0,0,9.83
1773168979.616564175,1,0,0.01
1773168980.639283647,0,0,9.83
1773168980.639283647,1,0,0.01
1773168981.662261860,0,0,9.83
1773168981.662261860,1,0,0.01
1773168982.685030921,0,0,9.83
1773168982.685030921,1,0,0.01
1773168983.707571772,0,0,9.83
1773168983.707571772,1,0,0.01
1773168984.730733907,0,0,9.83
1773168984.730733907,1,0,0.01
1773168985.754198001,0,0,9.83
1773168985.754198001,1,0,0.01
1773168986.776428578,0,0,9.83
1773168986.776428578,1,0,0.01
1773168987.799753028,0,0,9.83
1773168987.799753028,1,0,0.01
1773168988.823738262,0,0,9.83
1773168988.823738262,1,0,0.01
1773168989.847756355,0,0,9.83
1773168989.847756355,1,0,0.01
1773168990.871348229,0,0,9.83
1773168990.871348229,1,0,0.01
1773168991.895149300,0,0,9.83
1773168991.895149300,1,0,0.01
1773168992.919597533,0,0,9.83
1773168992.919597533,1,0,0.01
1773168993.943220178,0,0,9.83
1773168993.943220178,1,0,0.01
1773168994.966733711,0,0,9.83
1773168994.966733711,1,0,0.01
1773168995.989369225,0,0,9.83
1773168995.989369225,1,0,0.01
1773168997.011164338,0,0,9.83
1773168997.011164338,1,0,0.01
1773168998.033886225,0,0,9.83
1773168998.033886225,1,0,0.01
1773168999.055910843,0,0,9.83
1773168999.055910843,1,0,0.01
1773169000.077756060,0,63,9.83
1773169000.077756060,1,0,0.01
1773169001.100580027,0,62,9.83
1773169001.100580027,1,0,0.01
1773169002.123365703,0,0,9.83
1773169002.123365703,1,0,0.01
1773169003.147176041,0,0,9.83
1773169003.147176041,1,0,0.01
1773169004.170139946,0,0,9.83
1773169004.170139946,1,0,0.01
1773169005.192917895,0,0,9.83
1773169005.192917895,1,0,0.01
1773169006.214909407,0,0,9.83
1773169006.214909407,1,0,0.01
1773169007.238196145,0,0,9.83
1773169007.238196145,1,0,0.01
1773169008.261176784,0,0,9.83
1773169008.261176784,1,0,0.01
1773169009.282741367,0,0,9.83
1773169009.282741367,1,0,0.01
1773169010.305639021,0,0,9.83
1773169010.305639021,1,0,0.01
1773169011.329318892,0,0,9.83
1773169011.329318892,1,0,0.01
1773169012.352101002,0,0,9.83
1773169012.352101002,1,0,0.01
1773169013.374770465,0,0,9.83
1773169013.374770465,1,0,0.01
1773169014.397374325,0,0,9.83
1773169014.397374325,1,0,0.01
1773169015.421187661,0,0,9.83
1773169015.421187661,1,0,0.01
1773169016.444137996,0,0,9.83
1773169016.444137996,1,0,0.01
1773169017.466807080,0,0,9.83
1773169017.466807080,1,0,0.01
1773169018.489606933,0,0,9.83
1773169018.489606933,1,0,0.01
1773169019.511818316,0,0,9.83
1773169019.511818316,1,0,0.01
1773169020.535116319,0,0,9.83
1773169020.535116319,1,0,0.01
1773169021.556929996,0,0,9.83
1773169021.556929996,1,0,0.01
1773169022.579503906,0,0,9.83
1773169022.579503906,1,0,0.01
1773169023.603092547,0,0,9.83
1773169023.603092547,1,0,0.01
1773169024.625637985,0,64,9.83
1773169024.625637985,1,0,0.01
1773169025.649155183,0,65,9.83
1773169025.649155183,1,0,0.01
1773169026.672169573,0,0,9.83
1773169026.672169573,1,0,0.01
1773169027.694574195,0,0,9.83
1773169027.694574195,1,0,0.01
1773169028.717048649,0,0,9.83
1773169028.717048649,1,0,0.01
1773169029.740064568,0,65,9.83
1773169029.740064568,1,0,0.01
1773169030.763480705,0,65,9.83
1773169030.763480705,1,0,0.01
1773169031.785760880,0,0,9.83
1773169031.785760880,1,0,0.01
1773169032.808175678,0,0,9.83
1773169032.808175678,1,0,0.01
1773169033.829733728,0,0,9.83
1773169033.829733728,1,0,0.01
1773169034.852721889,0,0,9.83
1773169034.852721889,1,0,0.01
1773169035.875102284,0,0,9.83
1773169035.875102284,1,0,0.01
1773169036.898609072,0,0,9.83
1773169036.898609072,1,0,0.01
1773169037.921556366,0,0,9.83
1773169037.921556366,1,0,0.01
1773169038.943579942,0,0,9.83
1773169038.943579942,1,0,0.01
1773169039.965773116,0,0,9.83
1773169039.965773116,1,0,0.01
1773169040.988360041,0,0,9.83
1773169040.988360041,1,0,0.01
1773169042.009708958,0,0,9.83
1773169042.009708958,1,0,0.01
1773169043.030980707,0,0,9.83
1773169043.030980707,1,0,0.01
1773169044.051552173,0,0,9.83
1773169044.051552173,1,0,0.01
1773169045.073115861,0,0,9.83
1773169045.073115861,1,0,0.01
1773169046.095816355,0,0,9.83
1773169046.095816355,1,0,0.01
1773169047.117568007,0,0,9.83
1773169047.117568007,1,0,0.01
1773169048.139355408,0,0,9.83
1773169048.139355408,1,0,0.01
1773169049.161897091,0,0,9.83
1773169049.161897091,1,0,0.01
1773169050.183928716,0,0,9.83
1773169050.183928716,1,0,0.01
1773169051.205770788,0,0,9.83
1773169051.205770788,1,0,0.01
1773169052.227635284,0,0,9.83
1773169052.227635284,1,0,0.01
1773169053.250194972,0,0,9.83
1773169053.250194972,1,0,0.01
1773169054.272887535,0,0,9.83
1773169054.272887535,1,0,0.01
1773169055.294573387,0,1,9.83
1773169055.294573387,1,0,0.01
1773169056.317297421,0,0,9.83
1773169056.317297421,1,0,0.01
1773169057.338953423,0,0,9.83
1773169057.338953423,1,0,0.01
1773169058.361018040,0,0,9.83
1773169058.361018040,1,0,0.01
1773169059.383167895,0,0,9.83
1773169059.383167895,1,0,0.01
1773169060.405056887,0,0,9.83
1773169060.405056887,1,0,0.01
1773169061.426658900,0,62,9.83
1773169061.426658900,1,0,0.01
1773169062.447828437,0,61,9.83
1773169062.447828437,1,0,0.01
1773169063.469043934,0,0,9.83
1773169063.469043934,1,0,0.01
1773169064.490688652,0,0,9.83
1773169064.490688652,1,0,0.01
1773169065.513066740,0,0,9.83
1773169065.513066740,1,0,0.01
1773169066.534746397,0,0,9.83
1773169066.534746397,1,0,0.01
1773169067.557135744,0,0,9.83
1773169067.557135744,1,0,0.01
1773169068.578785510,0,0,9.83
1773169068.578785510,1,0,0.01
1773169069.600770791,0,0,9.83
1773169069.600770791,1,0,0.01
1773169070.623186858,0,0,9.83
1773169070.623186858,1,0,0.01
1773169071.645027103,0,0,9.83
1773169071.645027103,1,0,0.01
1773169072.666561813,0,0,9.83
1773169072.666561813,1,0,0.01
1773169073.688434814,0,0,9.83
1773169073.688434814,1,0,0.01
1773169074.709332617,0,0,9.83
1773169074.709332617,1,0,0.01
1773169075.732112625,0,0,9.83
1773169075.732112625,1,0,0.01
1773169076.753723240,0,0,9.83
1773169076.753723240,1,0,0.01
1773169077.776371152,0,0,9.83
1773169077.776371152,1,0,0.01
1773169078.797883175,0,0,9.83
1773169078.797883175,1,0,0.01
1773169079.819877800,0,0,9.83
1773169079.819877800,1,0,0.01
1773169080.841530206,0,62,9.83
1773169080.841530206,1,0,0.01
1773169081.863546227,0,63,9.83
1773169081.863546227,1,0,0.01
1773169082.886177153,0,0,9.83
1773169082.886177153,1,0,0.01
1773169083.907448378,0,0,9.83
1773169083.907448378,1,0,0.01
1773169084.928993551,0,0,9.83
1773169084.928993551,1,0,0.01
1773169085.950899132,0,0,9.83
1773169085.950899132,1,0,0.01
1773169086.972243891,0,0,9.83
1773169086.972243891,1,0,0.01
1773169087.994149947,0,62,9.83
1773169087.994149947,1,0,0.01
1773169089.016709724,0,62,9.83
1773169089.016709724,1,0,0.01
1773169090.038719182,0,0,9.83
1773169090.038719182,1,0,0.01
1773169091.060031161,0,0,9.83
1773169091.060031161,1,0,0.01
1773169092.082889551,0,0,9.83
1773169092.082889551,1,0,0.01
1773169093.104561886,0,0,9.83
1773169093.104561886,1,0,0.01
1773169094.126462548,0,0,9.83
1773169094.126462548,1,0,0.01
1773169095.148650257,0,0,9.83
1773169095.148650257,1,0,0.01
1773169096.170865700,0,0,9.83
1773169096.170865700,1,0,0.01
1773169097.192443927,0,0,9.83
1773169097.192443927,1,0,0.01
1773169098.215188963,0,0,9.83
1773169098.215188963,1,0,0.01
1773169099.236550007,0,0,9.83
1773169099.236550007,1,0,0.01
1773169100.258541724,0,0,9.83
1773169100.258541724,1,0,0.01
1773169101.280147279,0,0,9.83
1773169101.280147279,1,0,0.01
1773169102.303202653,0,0,9.83
1773169102.303202653,1,0,0.01
1773169103.324825298,0,0,9.83
1773169103.324825298,1,0,0.01
1773169104.346922651,0,0,9.83
1773169104.346922651,1,0,0.01
1773169105.368537313,0,30,9.83
1773169105.368537313,1,0,0.01
1773169106.390804804,0,65,9.83
1773169106.390804804,1,0,0.01
1773169107.413003183,0,20,9.83
1773169107.413003183,1,0,0.01
1773169108.435128292,0,0,9.83
1773169108.435128292,1,0,0.01
1773169109.457135027,0,0,9.83
1773169109.457135027,1,0,0.01
1773169110.478705991,0,0,9.83
1773169110.478705991,1,0,0.01
1773169111.500637111,0,0,9.83
1773169111.500637111,1,0,0.01
1773169112.522112187,0,0,9.83
1773169112.522112187,1,0,0.01
1773169113.544305509,0,0,9.83
1773169113.544305509,1,0,0.01
1773169114.567006978,0,0,9.83
1773169114.567006978,1,0,0.01
1773169115.589145069,0,0,9.83
1773169115.589145069,1,0,0.01
1773169116.611260041,0,0,9.83
1773169116.611260041,1,0,0.01
1773169117.633246113,0,0,9.83
1773169117.633246113,1,0,0.01
1773169118.654953371,0,0,9.83
1773169118.654953371,1,0,0.01
1773169119.677593211,0,0,9.83
1773169119.677593211,1,0,0.01
1773169120.699215603,0,0,9.83
1773169120.699215603,1,0,0.01
1773169121.721816446,0,0,9.83
1773169121.721816446,1,0,0.01
1773169122.743131530,0,0,9.83
1773169122.743131530,1,0,0.01
1773169123.765113535,0,0,9.83
1773169123.765113535,1,0,0.01
1773169124.786726556,0,0,9.83
1773169124.786726556,1,0,0.01
1773169125.808962496,0,0,9.83
1773169125.808962496,1,0,0.01
1773169126.830434407,0,0,9.83
1773169126.830434407,1,0,0.01
1773169127.852488845,0,0,9.83
1773169127.852488845,1,0,0.01
1773169128.874870299,0,1,9.83
1773169128.874870299,1,0,0.01
1773169129.896982559,0,0,9.83
1773169129.896982559,1,0,0.01
1773169130.919313345,0,0,9.83
1773169130.919313345,1,0,0.01
1773169131.941686507,0,0,9.83
1773169131.941686507,1,0,0.01
1773169132.963383314,0,0,9.83
1773169132.963383314,1,0,0.01
1773169133.985374255,0,0,9.83
1773169133.985374255,1,0,0.01
1773169135.007076046,0,0,9.83
1773169135.007076046,1,0,0.01
1773169136.029310084,0,0,9.83
1773169136.029310084,1,0,0.01
1773169137.051814692,0,0,9.83
1773169137.051814692,1,0,0.01
1773169138.073597262,0,0,9.83
1773169138.073597262,1,0,0.01
1773169139.095266824,0,0,9.83
1773169139.095266824,1,0,0.01
1773169140.117206217,0,0,9.83
1773169140.117206217,1,0,0.01
1773169141.139110745,0,0,9.83
1773169141.139110745,1,0,0.01
1773169142.159731194,0,0,9.83
1773169142.159731194,1,0,0.01
1773169143.181715134,0,0,9.83
1773169143.181715134,1,0,0.01
1773169144.203438382,0,0,9.83
1773169144.203438382,1,0,0.01
1773169145.224788117,0,0,9.83
1773169145.224788117,1,0,0.01
1773169146.246591969,0,0,9.83
1773169146.246591969,1,0,0.01
1773169147.268186658,0,0,9.83
1773169147.268186658,1,0,0.01
1773169148.290093927,0,0,9.83
1773169148.290093927,1,0,0.01
1773169149.312831490,0,0,9.83
1773169149.312831490,1,0,0.01
1773169150.334534971,0,0,9.83
1773169150.334534971,1,0,0.01
1773169151.356980818,0,0,9.83
1773169151.356980818,1,0,0.01
1773169152.379262049,0,62,9.83
1773169152.379262049,1,0,0.01
1773169153.402016545,0,62,9.83
1773169153.402016545,1,0,0.01
1773169154.424699170,0,0,9.83
1773169154.424699170,1,0,0.01
1773169155.446863410,0,0,9.83
1773169155.446863410,1,0,0.01
1773169156.468569226,0,0,9.83
1773169156.468569226,1,0,0.01
1773169157.490504718,0,0,9.83
1773169157.490504718,1,0,0.01
1773169158.511602346,0,0,9.83
1773169158.511602346,1,0,0.01
1773169159.533629144,0,0,9.83
1773169159.533629144,1,0,0.01
1773169160.555373866,0,0,9.83
1773169160.555373866,1,0,0.01
1773169161.576896625,0,0,9.83
1773169161.576896625,1,0,0.01
1773169162.597960830,0,0,9.83
1773169162.597960830,1,0,0.01
1773169163.619793475,0,0,9.83
1773169163.619793475,1,0,0.01
1773169164.641414421,0,0,9.83
1773169164.641414421,1,0,0.01
1773169165.663992446,0,1,9.83
1773169165.663992446,1,0,0.01
1773169166.685465830,0,0,9.83
1773169166.685465830,1,0,0.01
1773169167.706401335,0,0,9.83
1773169167.706401335,1,0,0.01
1773169168.727772412,0,0,9.83
1773169168.727772412,1,0,0.01
1773169169.749274137,0,0,9.83
1773169169.749274137,1,0,0.01
1773169170.770620006,0,0,9.83
1773169170.770620006,1,0,0.01
1773169171.793250513,0,0,9.83
1773169171.793250513,1,0,0.01
1773169172.814421522,0,0,9.83
1773169172.814421522,1,0,0.01
1773169173.836125551,0,0,9.83
1773169173.836125551,1,0,0.01
1773169174.857406918,0,0,9.83
1773169174.857406918,1,0,0.01
1773169175.879318647,0,0,9.83
1773169175.879318647,1,0,0.01
1773169176.900889895,0,0,9.83
1773169176.900889895,1,0,0.01
1773169177.922802944,0,0,9.83
1773169177.922802944,1,0,0.01
1773169178.944305011,0,0,9.83
1773169178.944305011,1,0,0.01
1773169179.966655005,0,0,9.83
1773169179.966655005,1,0,0.01
1773169180.988120111,0,0,9.83
1773169180.988120111,1,0,0.01
1773169182.010748785,0,0,9.83
1773169182.010748785,1,0,0.01
1773169183.032917367,0,0,9.83
1773169183.032917367,1,0,0.01
1773169184.055410952,0,0,9.83
1773169184.055410952,1,0,0.01
1773169185.077717974,0,0,9.83
1773169185.077717974,1,0,0.01
1773169186.099359633,0,0,9.83
1773169186.099359633,1,0,0.01
1773169187.121706950,0,0,9.83
1773169187.121706950,1,0,0.01
1773169188.143267541,0,0,9.83
1773169188.143267541,1,0,0.01
1773169189.164873240,0,0,9.83
1773169189.164873240,1,0,0.01
1773169190.186801061,0,0,9.83
1773169190.186801061,1,0,0.01
1773169191.208449466,0,0,9.83
1773169191.208449466,1,0,0.01
1773169192.230392843,0,0,9.83
1773169192.230392843,1,0,0.01
1773169193.251006620,0,0,9.83
1773169193.251006620,1,0,0.01
1773169194.272692226,0,0,9.83
1773169194.272692226,1,0,0.01
1773169195.294786276,0,0,9.83
1773169195.294786276,1,0,0.01
1773169196.316555158,0,61,9.83
1773169196.316555158,1,0,0.01
1773169197.337947621,0,60,9.83
1773169197.337947621,1,0,0.01
1773169198.359979501,0,0,9.83
1773169198.359979501,1,0,0.01
1773169199.382540029,0,0,9.83
1773169199.382540029,1,0,0.01
1773169200.405042236,0,0,9.83
1773169200.405042236,1,0,0.01
1773169201.427211802,0,0,9.83
1773169201.427211802,1,0,0.01
1773169202.448978648,0,0,9.83
1773169202.448978648,1,0,0.01
1773169203.470883544,0,0,9.83
1773169203.470883544,1,0,0.01
1773169204.492690130,0,0,9.83
1773169204.492690130,1,0,0.01
1773169205.514780412,0,0,9.83
1773169205.514780412,1,0,0.01
1773169206.537420314,0,0,9.83
1773169206.537420314,1,0,0.01
1773169207.561137905,0,0,9.83
1773169207.561137905,1,0,0.01
1773169208.583495747,0,0,9.83
1773169208.583495747,1,0,0.01
1773169209.605727215,0,0,9.83
1773169209.605727215,1,0,0.01
1773169210.627542388,0,0,9.83
1773169210.627542388,1,0,0.01
1773169211.649151587,0,0,9.83
1773169211.649151587,1,0,0.01
1773169212.670676405,0,0,9.83
1773169212.670676405,1,0,0.01
1773169213.692273273,0,0,9.83
1773169213.692273273,1,0,0.01
1773169214.713886277,0,0,9.83
1773169214.713886277,1,0,0.01
1773169215.735125764,0,61,9.83
1773169215.735125764,1,0,0.01
1773169216.756991148,0,65,9.83
1773169216.756991148,1,0,0.01
1773169217.778611456,0,0,9.83
1773169217.778611456,1,0,0.01
1773169218.800698824,0,0,9.83
1773169218.800698824,1,0,0.01
1773169219.822250974,0,0,9.83
1773169219.822250974,1,0,0.01
1773169220.843688226,0,0,9.83
1773169220.843688226,1,0,0.01
1773169221.865785354,0,0,9.83
1773169221.865785354,1,0,0.01
1773169222.887621772,0,0,9.83
1773169222.887621772,1,0,0.01
1773169223.909335684,0,0,9.83
1773169223.909335684,1,0,0.01
1773169224.932138648,0,0,9.83
1773169224.932138648,1,0,0.01
1773169225.953759779,0,0,9.83
1773169225.953759779,1,0,0.01
1773169226.975020548,0,0,9.83
1773169226.975020548,1,0,0.01
1773169227.996666217,0,0,9.83
1773169227.996666217,1,0,0.01
1773169229.017167804,0,0,9.83
1773169229.017167804,1,0,0.01
1773169230.038888326,0,0,9.83
1773169230.038888326,1,0,0.01
1773169231.060749543,0,0,9.83
1773169231.060749543,1,0,0.01
1773169232.083027529,0,0,9.83
1773169232.083027529,1,0,0.01
1773169233.104495330,0,0,9.83
1773169233.104495330,1,0,0.01
1773169234.126298271,0,0,9.83
1773169234.126298271,1,0,0.01
1773169235.147781350,0,68,9.83
1773169235.147781350,1,0,0.01
1773169236.170250963,0,68,9.83
1773169236.170250963,1,0,0.01
1773169237.192365533,0,0,9.83
1773169237.192365533,1,0,0.01
1773169238.213812835,0,0,9.83
1773169238.213812835,1,0,0.01
1773169239.236592013,0,0,9.83
1773169239.236592013,1,0,0.01
1773169240.258713610,0,0,9.83
1773169240.258713610,1,0,0.01
1773169241.281150818,0,0,9.83
1773169241.281150818,1,0,0.01
1773169242.302833752,0,0,9.83
1773169242.302833752,1,0,0.01
1773169243.324115477,0,0,9.83
1773169243.324115477,1,0,0.01
1773169244.345627963,0,0,9.83
1773169244.345627963,1,0,0.01
1773169245.367234276,0,0,9.83
1773169245.367234276,1,0,0.01
1773169246.389566365,0,0,9.83
1773169246.389566365,1,0,0.01
1773169247.411440807,0,0,9.83
1773169247.411440807,1,0,0.01
1773169248.432081542,0,1,9.83
1773169248.432081542,1,0,0.01
1773169249.453883590,0,0,9.83
1773169249.453883590,1,0,0.01
1773169250.476716837,0,0,9.83
1773169250.476716837,1,0,0.01
1773169251.498311688,0,0,9.83
1773169251.498311688,1,0,0.01
1773169252.520891336,0,0,9.83
1773169252.520891336,1,0,0.01
1773169253.542547673,0,0,9.83
1773169253.542547673,1,0,0.01
1773169254.564632026,0,0,9.83
1773169254.564632026,1,0,0.01
1773169255.587491095,0,0,9.83
1773169255.587491095,1,0,0.01
1773169256.609384079,0,0,9.83
1773169256.609384079,1,0,0.01
1773169257.631775301,0,0,9.83
1773169257.631775301,1,0,0.01
1773169258.653202078,0,0,9.83
1773169258.653202078,1,0,0.01
1773169259.675463991,0,0,9.83
1773169259.675463991,1,0,0.01
1773169260.696672087,0,0,9.83
1773169260.696672087,1,0,0.01
1773169261.718620160,0,0,9.83
1773169261.718620160,1,0,0.01
1773169262.739363570,0,0,9.83
1773169262.739363570,1,0,0.01
1773169263.761756745,0,0,9.83
1773169263.761756745,1,0,0.01
1773169264.783773360,0,0,9.83
1773169264.783773360,1,0,0.01
1773169265.806043973,0,0,9.83
1773169265.806043973,1,0,0.01
1773169266.827200695,0,0,9.83
1773169266.827200695,1,0,0.01
1773169267.849525292,0,0,9.83
1773169267.849525292,1,0,0.01
1773169268.871362270,0,1,9.83
1773169268.871362270,1,0,0.01
1773169269.892390080,0,0,9.83
1773169269.892390080,1,0,0.01
1773169270.914025576,0,0,9.83
1773169270.914025576,1,0,0.01
1773169271.935543543,0,0,9.83
1773169271.935543543,1,0,0.01
1773169272.957237550,0,0,9.83
1773169272.957237550,1,0,0.01
1773169273.979041806,0,0,9.83
1773169273.979041806,1,0,0.01
1773169275.001226780,0,0,9.83
1773169275.001226780,1,0,0.01
1773169276.023120277,0,0,9.83
1773169276.023120277,1,0,0.01
1773169277.043246624,0,0,9.83
1773169277.043246624,1,0,0.01
1773169278.065564556,0,0,9.83
1773169278.065564556,1,0,0.01
1773169279.087594252,0,0,9.83
1773169279.087594252,1,0,0.01
1773169280.109847479,0,0,9.83
1773169280.109847479,1,0,0.01
1773169281.131683737,0,0,9.83
1773169281.131683737,1,0,0.01
1773169282.153267758,0,0,9.83
1773169282.153267758,1,0,0.01
1773169283.175373081,0,0,9.83
1773169283.175373081,1,0,0.01
1773169284.197057448,0,0,9.83
1773169284.197057448,1,0,0.01
1773169285.218687976,0,0,9.83
1773169285.218687976,1,0,0.01
1773169286.240225053,0,0,9.83
1773169286.240225053,1,0,0.01
1773169287.261290677,0,0,9.83
1773169287.261290677,1,0,0.01
1773169288.283606785,0,0,9.83
1773169288.283606785,1,0,0.01
1773169289.304996587,0,0,9.83
1773169289.304996587,1,0,0.01
1773169290.326570036,0,0,9.83
1773169290.326570036,1,0,0.01
1773169291.349042852,0,0,9.83
1773169291.349042852,1,0,0.01
1773169292.370888869,0,0,9.83
1773169292.370888869,1,0,0.01
1773169293.391041676,0,0,9.83
1773169293.391041676,1,0,0.01
1773169294.413570442,0,0,9.83
1773169294.413570442,1,0,0.01
1773169295.435891746,0,0,9.83
1773169295.435891746,1,0,0.01
1773169296.456447230,0,0,9.83
1773169296.456447230,1,0,0.01
1773169297.478798722,0,0,9.83
1773169297.478798722,1,0,0.01
1773169298.501123967,0,1,9.83
1773169298.501123967,1,0,0.01
1773169299.522904309,0,0,9.83
1773169299.522904309,1,0,0.01
1773169300.545145735,0,0,9.83
1773169300.545145735,1,0,0.01
1773169301.568098175,0,61,9.83
1773169301.568098175,1,0,0.01
1773169302.589454288,0,47,9.83
1773169302.589454288,1,0,0.01
1773169303.613012778,0,0,9.83
1773169303.613012778,1,0,0.01
1773169304.635722679,0,0,9.83
1773169304.635722679,1,0,0.01
1773169305.657488652,0,0,9.83
1773169305.657488652,1,0,0.01
1773169306.679254288,0,0,9.83
1773169306.679254288,1,0,0.01
1773169307.701364455,0,0,9.83
1773169307.701364455,1,0,0.01
1773169308.723822573,0,0,9.83
1773169308.723822573,1,0,0.01
1773169309.745986687,0,0,9.83
1773169309.745986687,1,0,0.01
1773169310.767288924,0,0,9.83
1773169310.767288924,1,0,0.01
1773169311.788805402,0,0,9.83
1773169311.788805402,1,0,0.01
1773169312.810382237,0,0,9.83
1773169312.810382237,1,0,0.01
1773169313.832562987,0,0,9.83
1773169313.832562987,1,0,0.01
1773169314.854858811,0,0,9.83
1773169314.854858811,1,0,0.01
1773169315.876896971,0,0,9.83
1773169315.876896971,1,0,0.01
1773169316.899618508,0,0,9.83
1773169316.899618508,1,0,0.01
1773169317.922065708,0,0,9.83
1773169317.922065708,1,0,0.01
1773169318.944685698,0,0,9.83
1773169318.944685698,1,0,0.01
1773169319.967089375,0,0,9.83
1773169319.967089375,1,0,0.01
1773169320.989329035,0,0,9.83
1773169320.989329035,1,0,0.01
1773169322.012169195,0,0,9.83
1773169322.012169195,1,0,0.01
1773169323.033928370,0,0,9.83
1773169323.033928370,1,0,0.01
1773169324.056442421,0,0,9.83
1773169324.056442421,1,0,0.01
1773169325.079026104,0,0,9.83
1773169325.079026104,1,0,0.01
1773169326.102304121,0,0,9.83
1773169326.102304121,1,0,0.01
1773169327.125066206,0,0,9.83
1773169327.125066206,1,0,0.01
1773169328.147479479,0,0,9.83
1773169328.147479479,1,0,0.01
1773169329.170049338,0,0,9.83
1773169329.170049338,1,0,0.01
1773169330.192971011,0,0,9.83
1773169330.192971011,1,0,0.01
1773169331.215555401,0,0,9.83
1773169331.215555401,1,0,0.01
1773169332.238824958,0,0,9.83
1773169332.238824958,1,0,0.01
1773169333.261767728,0,0,9.83
1773169333.261767728,1,0,0.01
1773169334.283835598,0,0,9.83
1773169334.283835598,1,0,0.01
1773169335.305284881,0,0,9.83
1773169335.305284881,1,0,0.01
1773169336.328411848,0,0,9.83
1773169336.328411848,1,0,0.01
1773169337.351632625,0,0,9.83
1773169337.351632625,1,0,0.01
1773169338.373747919,0,0,9.83
1773169338.373747919,1,0,0.01
1773169339.395381741,0,0,9.83
1773169339.395381741,1,0,0.01
1773169340.418132837,0,0,9.83
1773169340.418132837,1,0,0.01
1773169341.439563728,0,0,9.83
1773169341.439563728,1,0,0.01
1773169342.461115000,0,0,9.83
1773169342.461115000,1,0,0.01
1773169343.483680483,0,0,9.83
1773169343.483680483,1,0,0.01
1773169344.505860779,0,0,9.83
1773169344.505860779,1,0,0.01
1773169345.528595056,0,0,9.83
1773169345.528595056,1,0,0.01
1773169346.550649160,0,0,9.83
1773169346.550649160,1,0,0.01
1773169347.573395164,0,0,9.83
1773169347.573395164,1,0,0.01
1773169348.597040118,0,0,9.83
1773169348.597040118,1,0,0.01
1773169349.619982668,0,0,9.83
1773169349.619982668,1,0,0.01
1773169350.642445341,0,0,9.83
1773169350.642445341,1,0,0.01
1773169351.664325951,0,0,9.83
1773169351.664325951,1,0,0.01
1773169352.687740746,0,0,9.83
1773169352.687740746,1,0,0.01
1773169353.711225898,0,0,9.83
1773169353.711225898,1,0,0.01
1773169354.734990853,0,0,9.83
1773169354.734990853,1,0,0.01
1773169355.757876940,0,0,9.83
1773169355.757876940,1,0,0.01
1773169356.779979558,0,0,9.83
1773169356.779979558,1,0,0.01
1773169357.803415705,0,0,9.83
1773169357.803415705,1,0,0.01
1773169358.825635770,0,0,9.83
1773169358.825635770,1,0,0.01
1773169359.849016967,0,0,9.83
1773169359.849016967,1,0,0.01
1773169360.871753249,0,0,9.83
1773169360.871753249,1,0,0.01
1773169361.894729379,0,0,9.83
1773169361.894729379,1,0,0.01
1773169362.917995405,0,0,9.83
1773169362.917995405,1,0,0.01
1773169363.941661159,0,0,9.83
1773169363.941661159,1,0,0.01
1773169364.963736779,0,0,9.83
1773169364.963736779,1,0,0.01
1773169365.986440065,0,0,9.83
1773169365.986440065,1,0,0.01
1773169367.008418431,0,0,9.83
1773169367.008418431,1,0,0.01
1773169368.031650893,0,0,9.83
1773169368.031650893,1,0,0.01
1773169369.053741828,0,0,9.83
1773169369.053741828,1,0,0.01
1773169370.076599476,0,0,9.83
1773169370.076599476,1,0,0.01
1773169371.099342963,0,0,9.83
1773169371.099342963,1,0,0.01
1773169372.122146041,0,0,9.83
1773169372.122146041,1,0,0.01
1773169373.145233216,0,0,9.83
1773169373.145233216,1,0,0.01
1773169374.168169816,0,0,9.83
1773169374.168169816,1,0,0.01
1773169375.191308404,0,0,9.83
1773169375.191308404,1,0,0.01
1773169376.212959683,0,1,9.83
1773169376.212959683,1,0,0.01
1773169377.236428444,0,0,9.83
1773169377.236428444,1,0,0.01
1773169378.259211395,0,0,9.83
1773169378.259211395,1,0,0.01
1773169379.281848483,0,0,9.83
1773169379.281848483,1,0,0.01
1773169380.303669171,0,0,9.83
1773169380.303669171,1,0,0.01
1773169381.326864774,0,0,9.83
1773169381.326864774,1,0,0.01
1773169382.349481241,0,0,9.83
1773169382.349481241,1,0,0.01
1773169383.373057476,0,0,9.83
1773169383.373057476,1,0,0.01
1773169384.396599987,0,0,9.83
1773169384.396599987,1,0,0.01
1773169385.419598582,0,0,9.83
1773169385.419598582,1,0,0.01
1773169386.443275925,0,0,9.83
1773169386.443275925,1,0,0.01
1773169387.465969841,0,0,9.83
1773169387.465969841,1,0,0.01
1773169388.490980256,0,0,9.83
1773169388.490980256,1,0,0.01
1773169389.513976530,0,0,9.83
1773169389.513976530,1,0,0.01
1773169390.536787942,0,0,9.83
1773169390.536787942,1,0,0.01
1773169391.559262142,0,0,9.83
1773169391.559262142,1,0,0.01
1773169392.581862555,0,0,9.83
1773169392.581862555,1,0,0.01
1773169393.604445768,0,0,9.83
1773169393.604445768,1,0,0.01
1773169394.627066908,0,0,9.83
1773169394.627066908,1,0,0.01
1773169395.649637172,0,0,9.83
1773169395.649637172,1,0,0.01
1773169396.673405710,0,0,9.83
1773169396.673405710,1,0,0.01
1773169397.696480552,0,0,9.83
1773169397.696480552,1,0,0.01
1773169398.719540261,0,0,9.83
1773169398.719540261,1,0,0.01
1773169399.742543358,0,0,9.83
1773169399.742543358,1,0,0.01
1773169400.765794263,0,0,9.83
1773169400.765794263,1,0,0.01
1773169401.788067123,0,0,9.83
1773169401.788067123,1,0,0.01
1773169402.810269445,0,0,9.83
1773169402.810269445,1,0,0.01
1773169403.832291424,0,0,9.83
1773169403.832291424,1,0,0.01
1773169404.855962124,0,0,9.83
1773169404.855962124,1,0,0.01
1773169405.879238313,0,0,9.83
1773169405.879238313,1,0,0.01
1773169406.901596724,0,0,9.83
1773169406.901596724,1,0,0.01
1773169407.923803129,0,0,9.83
1773169407.923803129,1,0,0.01
1773169408.947687085,0,0,9.83
1773169408.947687085,1,0,0.01
1773169409.970877049,0,0,9.83
1773169409.970877049,1,0,0.01
1773169410.994425318,0,0,9.83
1773169410.994425318,1,0,0.01
1773169412.016779779,0,0,9.83
1773169412.016779779,1,0,0.01
1773169413.040273035,0,0,9.83
1773169413.040273035,1,0,0.01
1773169414.064049863,0,0,9.83
1773169414.064049863,1,0,0.01
1773169415.087729950,0,0,9.83
1773169415.087729950,1,0,0.01
1773169416.110527678,0,0,9.83
1773169416.110527678,1,0,0.01
1773169417.133156519,0,0,9.83
1773169417.133156519,1,0,0.01
1773169418.156284433,0,0,9.83
1773169418.156284433,1,0,0.01
1773169419.178751236,0,0,9.83
1773169419.178751236,1,0,0.01
1773169420.201472823,0,0,9.83
1773169420.201472823,1,0,0.01
1773169421.224231897,0,0,9.83
1773169421.224231897,1,0,0.01
1773169422.247435192,0,0,9.83
1773169422.247435192,1,0,0.01
1773169423.269527430,0,0,9.83
1773169423.269527430,1,0,0.01
1773169424.291270387,0,0,9.83
1773169424.291270387,1,0,0.01
1773169425.313952796,0,0,9.83
1773169425.313952796,1,0,0.01
1773169426.337245645,0,0,9.83
1773169426.337245645,1,0,0.01
1773169427.360545378,0,0,9.83
1773169427.360545378,1,0,0.01
1773169428.384188465,0,0,9.83
1773169428.384188465,1,0,0.01
1773169429.406916805,0,0,9.83
1773169429.406916805,1,0,0.01
1773169430.429738811,0,0,9.83
1773169430.429738811,1,0,0.01
1773169431.451842954,0,0,9.83
1773169431.451842954,1,0,0.01
1773169432.475039363,0,0,9.83
1773169432.475039363,1,0,0.01
1773169433.498915038,0,67,9.83
1773169433.498915038,1,0,0.01
1773169434.521116021,0,66,9.83
1773169434.521116021,1,0,0.01
1773169435.542998856,0,0,9.83
1773169435.542998856,1,0,0.01
1773169436.565736471,0,0,9.83
1773169436.565736471,1,0,0.01
1773169437.587383138,0,0,9.83
1773169437.587383138,1,0,0.01
1773169438.609917267,0,0,9.83
1773169438.609917267,1,0,0.01
1773169439.630937773,0,0,9.83
1773169439.630937773,1,0,0.01
1773169440.654139524,0,0,9.83
1773169440.654139524,1,0,0.01
1773169441.677215468,0,0,9.83
1773169441.677215468,1,0,0.01
1773169442.700781902,0,0,9.83
1773169442.700781902,1,0,0.01
1773169443.725074194,0,0,9.83
1773169443.725074194,1,0,0.01
1773169444.748287945,0,0,9.83
1773169444.748287945,1,0,0.01
1773169445.771164396,0,0,9.83
1773169445.771164396,1,0,0.01
1773169446.793271078,0,0,9.83
1773169446.793271078,1,0,0.01
1773169447.816267257,0,0,9.83
1773169447.816267257,1,0,0.01
1773169448.839121217,0,0,9.83
1773169448.839121217,1,0,0.01
1773169449.861736345,0,0,9.83
1773169449.861736345,1,0,0.01
1773169450.884983823,0,0,9.83
1773169450.884983823,1,0,0.01
1773169451.906789582,0,0,9.83
1773169451.906789582,1,0,0.01
1773169452.929761209,0,0,9.83
1773169452.929761209,1,0,0.01
1773169453.952680924,0,0,9.83
1773169453.952680924,1,0,0.01
1773169454.975928023,0,0,9.83
1773169454.975928023,1,0,0.01
1773169455.999125987,0,0,9.83
1773169455.999125987,1,0,0.01
1773169457.021590217,0,0,9.83
1773169457.021590217,1,0,0.01
1773169458.045241947,0,0,9.83
1773169458.045241947,1,0,0.01
1773169459.067515382,0,0,9.83
1773169459.067515382,1,0,0.01
1773169460.089928762,0,0,9.83
1773169460.089928762,1,0,0.01
1773169461.112823918,0,0,9.83
1773169461.112823918,1,0,0.01
1773169462.136490367,0,0,9.83
1773169462.136490367,1,0,0.01
1773169463.159457501,0,0,9.83
1773169463.159457501,1,0,0.01
1773169464.181949281,0,0,9.83
1773169464.181949281,1,0,0.01
1773169465.204068223,0,0,9.83
1773169465.204068223,1,0,0.01
1773169466.226807967,0,0,9.83
1773169466.226807967,1,0,0.01
1773169467.249338060,0,0,9.83
1773169467.249338060,1,0,0.01
1773169468.271427137,0,0,9.83
1773169468.271427137,1,0,0.01
1773169469.294680153,0,0,9.83
1773169469.294680153,1,0,0.01
1773169470.317080130,0,0,9.83
1773169470.317080130,1,0,0.01
1773169471.338824575,0,0,9.83
1773169471.338824575,1,0,0.01
1773169472.361497856,0,0,9.83
1773169472.361497856,1,0,0.01
1773169473.384192312,0,0,9.83
1773169473.384192312,1,0,0.01
1773169474.407176062,0,0,9.83
1773169474.407176062,1,0,0.01
1773169475.430068648,0,0,9.83
1773169475.430068648,1,0,0.01
1773169476.453472571,0,0,9.83
1773169476.453472571,1,0,0.01
1773169477.477307076,0,0,9.83
1773169477.477307076,1,0,0.01
1773169478.499527025,0,0,9.83
1773169478.499527025,1,0,0.01
1773169479.521852991,0,0,9.83
1773169479.521852991,1,0,0.01
1773169480.543960644,0,0,9.83
1773169480.543960644,1,0,0.01
1773169481.566204022,0,0,9.83
1773169481.566204022,1,0,0.01
1773169482.588546869,0,0,9.83
1773169482.588546869,1,0,0.01
1773169483.610154451,0,0,9.83
1773169483.610154451,1,0,0.01
1773169484.632086029,0,1,9.83
1773169484.632086029,1,0,0.01
1773169485.654672442,0,0,9.83
1773169485.654672442,1,0,0.01
1773169486.677018767,0,0,9.83
1773169486.677018767,1,0,0.01
1773169487.700311244,0,0,9.83
1773169487.700311244,1,0,0.01
1773169488.722598081,0,0,9.83
1773169488.722598081,1,0,0.01
1773169489.745247881,0,0,9.83
1773169489.745247881,1,0,0.01
1773169490.767181231,0,0,9.83
1773169490.767181231,1,0,0.01
1773169491.789977260,0,0,9.83
1773169491.789977260,1,0,0.01
1773169492.811451341,0,0,9.83
1773169492.811451341,1,0,0.01
1773169493.835803138,0,0,9.83
1773169493.835803138,1,0,0.01
1773169494.858200279,0,0,9.83
1773169494.858200279,1,0,0.01
1773169495.881187511,0,0,9.83
1773169495.881187511,1,0,0.01
1773169496.904654944,0,0,9.83
1773169496.904654944,1,0,0.01
1773169497.927243249,0,0,9.83
1773169497.927243249,1,0,0.01
1773169498.949875533,0,0,9.83
1773169498.949875533,1,0,0.01
1773169499.973400346,0,0,9.83
1773169499.973400346,1,0,0.01
1773169500.997889330,0,0,9.83
1773169500.997889330,1,0,0.01
1773169502.021008348,0,0,9.83
1773169502.021008348,1,0,0.01
1773169503.045084255,0,0,9.83
1773169503.045084255,1,0,0.01
1773169504.068199522,0,0,9.83
1773169504.068199522,1,0,0.01
1773169505.091566451,0,0,9.83
1773169505.091566451,1,0,0.01
1773169506.114920163,0,0,9.83
1773169506.114920163,1,0,0.01
1773169507.138528481,0,0,9.83
1773169507.138528481,1,0,0.01
1773169508.163165214,0,0,9.83
1773169508.163165214,1,0,0.01
1773169509.186193922,0,0,9.83
1773169509.186193922,1,0,0.01
1773169510.208918012,0,0,9.83
1773169510.208918012,1,0,0.01
1773169511.232359437,0,0,9.83
1773169511.232359437,1,0,0.01
1773169512.254858528,0,0,9.83
1773169512.254858528,1,0,0.01
1773169513.278660267,0,0,9.83
1773169513.278660267,1,0,0.01
1773169514.302616993,0,0,9.83
1773169514.302616993,1,0,0.01
1773169515.325917130,0,0,9.83
1773169515.325917130,1,0,0.01
1773169516.348245031,0,0,9.83
1773169516.348245031,1,0,0.01
1773169517.370374892,0,0,9.83
1773169517.370374892,1,0,0.01
1773169518.392956637,0,0,9.83
1773169518.392956637,1,0,0.01
1773169519.415162781,0,0,9.83
1773169519.415162781,1,0,0.01
1773169520.437887154,0,0,9.83
1773169520.437887154,1,0,0.01
1773169521.460296631,0,0,9.83
1773169521.460296631,1,0,0.01
1773169522.483906479,0,67,9.83
1773169522.483906479,1,0,0.01
1773169523.506742522,0,63,9.83
1773169523.506742522,1,0,0.01
1773169524.529307512,0,0,9.83
1773169524.529307512,1,0,0.01
1773169525.552312788,0,0,9.83
1773169525.552312788,1,0,0.01
1773169526.574448700,0,0,9.83
1773169526.574448700,1,0,0.01
1773169527.598008783,0,0,9.83
1773169527.598008783,1,0,0.01
1773169528.622018944,0,0,9.83
1773169528.622018944,1,0,0.01
1773169529.644851526,0,0,9.83
1773169529.644851526,1,0,0.01
1773169530.667272855,0,0,9.83
1773169530.667272855,1,0,0.01
1773169531.689405830,0,0,9.83
1773169531.689405830,1,0,0.01
1773169532.712863318,0,0,9.83
1773169532.712863318,1,0,0.01
1773169533.735745641,0,0,9.83
1773169533.735745641,1,0,0.01
1773169534.757654048,0,0,9.83
1773169534.757654048,1,0,0.01
1773169535.780381693,0,0,9.83
1773169535.780381693,1,0,0.01
1773169536.803254966,0,0,9.83
1773169536.803254966,1,0,0.01
1773169537.826433150,0,0,9.83
1773169537.826433150,1,0,0.01
1773169538.850086259,0,0,9.83
1773169538.850086259,1,0,0.01
1773169539.872651594,0,0,9.83
1773169539.872651594,1,0,0.01
1773169540.894792114,0,0,9.83
1773169540.894792114,1,0,0.01
1773169541.918075703,0,0,9.83
1773169541.918075703,1,0,0.01
1773169542.939742972,0,0,9.83
1773169542.939742972,1,0,0.01
1773169543.962388546,0,0,9.83
1773169543.962388546,1,0,0.01
1773169544.985381985,0,0,9.83
1773169544.985381985,1,0,0.01
1773169546.008300710,0,0,9.83
1773169546.008300710,1,0,0.01
1773169547.030950127,0,0,9.83
1773169547.030950127,1,0,0.01
1773169548.055017713,0,0,9.83
1773169548.055017713,1,0,0.01
1773169549.078034044,0,0,9.83
1773169549.078034044,1,0,0.01
1773169550.101092971,0,0,9.83
1773169550.101092971,1,0,0.01
1773169551.123561431,0,0,9.83
1773169551.123561431,1,0,0.01
1773169552.146427092,0,0,9.83
1773169552.146427092,1,0,0.01
1773169553.168474802,0,0,9.83
1773169553.168474802,1,0,0.01
1773169554.191283395,0,0,9.83
1773169554.191283395,1,0,0.01
1773169555.214462661,0,0,9.83
1773169555.214462661,1,0,0.01
1773169556.237169970,0,0,9.83
1773169556.237169970,1,0,0.01
1773169557.260335481,0,0,9.83
1773169557.260335481,1,0,0.01
1773169558.284406874,0,0,9.83
1773169558.284406874,1,0,0.01
1773169559.307987634,0,0,9.83
1773169559.307987634,1,0,0.01
1773169560.332267612,0,0,9.83
1773169560.332267612,1,0,0.01
1773169561.355316763,0,0,9.83
1773169561.355316763,1,0,0.01
1773169562.377905875,0,0,9.83
1773169562.377905875,1,0,0.01
1773169563.400754999,0,0,9.83
1773169563.400754999,1,0,0.01
1773169564.425263116,0,0,9.83
1773169564.425263116,1,0,0.01
1773169565.448048419,0,0,9.83
1773169565.448048419,1,0,0.01
1773169566.470508537,0,0,9.83
1773169566.470508537,1,0,0.01
1773169567.492876604,0,0,9.83
1773169567.492876604,1,0,0.01
1773169568.516217465,0,0,9.83
1773169568.516217465,1,0,0.01
1773169569.540698371,0,0,9.83
1773169569.540698371,1,0,0.01
1773169570.564823313,0,0,9.83
1773169570.564823313,1,0,0.01
1773169571.587721535,0,0,9.83
1773169571.587721535,1,0,0.01
1773169572.611878124,0,0,9.83
1773169572.611878124,1,0,0.01
1773169573.634988033,0,0,9.83
1773169573.634988033,1,0,0.01
1773169574.656856175,0,0,9.83
1773169574.656856175,1,0,0.01
1773169575.679769496,0,0,9.83
1773169575.679769496,1,0,0.01
1773169576.702627092,0,0,9.83
1773169576.702627092,1,0,0.01
1773169577.726273813,0,0,9.83
1773169577.726273813,1,0,0.01
1773169578.748816925,0,0,9.83
1773169578.748816925,1,0,0.01
1773169579.772643758,0,0,9.83
1773169579.772643758,1,0,0.01
1773169580.796156448,0,0,9.83
1773169580.796156448,1,0,0.01
1773169581.819528952,0,0,9.83
1773169581.819528952,1,0,0.01
1773169582.841915912,0,0,9.83
1773169582.841915912,1,0,0.01
1773169583.864790229,0,0,9.83
1773169583.864790229,1,0,0.01
1773169584.887140060,0,0,9.83
1773169584.887140060,1,0,0.01
1773169585.910040072,0,0,9.83
1773169585.910040072,1,0,0.01
1773169586.932216745,0,0,9.83
1773169586.932216745,1,0,0.01
1773169587.953988195,0,0,9.83
1773169587.953988195,1,0,0.01
1773169588.976303492,0,0,9.83
1773169588.976303492,1,0,0.01
1773169589.998408725,0,0,9.83
1773169589.998408725,1,0,0.01
1773169591.020840926,0,0,9.83
1773169591.020840926,1,0,0.01
1773169592.043120370,0,0,9.83
1773169592.043120370,1,0,0.01
1773169593.065255585,0,0,9.83
1773169593.065255585,1,0,0.01
1773169594.088398541,0,0,9.83
1773169594.088398541,1,0,0.01
1773169595.110991715,0,0,9.83
1773169595.110991715,1,0,0.01
1773169596.132613314,0,0,9.83
1773169596.132613314,1,0,0.01
1773169597.155236073,0,0,9.83
1773169597.155236073,1,0,0.01
1773169598.178009248,0,0,9.83
1773169598.178009248,1,0,0.01
1773169599.201086151,0,0,9.83
1773169599.201086151,1,0,0.01
1773169600.223523180,0,0,9.83
1773169600.223523180,1,0,0.01
1773169601.246607405,0,0,9.83
1773169601.246607405,1,0,0.01
1773169602.270016988,0,0,9.83
1773169602.270016988,1,0,0.01
1773169603.292721360,0,0,9.83
1773169603.292721360,1,0,0.01
1773169604.315371680,0,0,9.83
1773169604.315371680,1,0,0.01
1773169605.339116887,0,0,9.83
1773169605.339116887,1,0,0.01
1773169606.362438824,0,0,9.83
1773169606.362438824,1,0,0.01
1773169607.385519144,0,0,9.83
1773169607.385519144,1,0,0.01
1773169608.407717462,0,0,9.83
1773169608.407717462,1,0,0.01
1773169609.430158251,0,0,9.83
1773169609.430158251,1,0,0.01
1773169610.453298715,0,0,9.83
1773169610.453298715,1,0,0.01
1773169611.476011774,0,0,9.83
1773169611.476011774,1,0,0.01
1773169612.498580430,0,0,9.83
1773169612.498580430,1,0,0.01
1773169613.520136957,0,0,9.83
1773169613.520136957,1,0,0.01
1773169614.542571843,0,0,9.83
1773169614.542571843,1,0,0.01
1773169615.564858004,0,0,9.83
1773169615.564858004,1,0,0.01
1773169616.588364313,0,0,9.83
1773169616.588364313,1,0,0.01
1773169617.610883601,0,66,9.83
1773169617.610883601,1,0,0.01
1773169618.633371312,0,70,9.83
1773169618.633371312,1,0,0.01
1773169619.656363445,0,0,9.83
1773169619.656363445,1,0,0.01
1773169620.679008978,0,0,9.83
1773169620.679008978,1,0,0.01
1773169621.701776529,0,0,9.83
1773169621.701776529,1,0,0.01
1773169622.723958037,0,0,9.83
1773169622.723958037,1,0,0.01
1773169623.746233751,0,0,9.83
1773169623.746233751,1,0,0.01
1773169624.768488508,0,0,9.83
1773169624.768488508,1,0,0.01
1773169625.791241456,0,0,9.83
1773169625.791241456,1,0,0.01
1773169626.812923042,0,1,9.83
1773169626.812923042,1,0,0.01
1773169627.836419088,0,0,9.83
1773169627.836419088,1,0,0.01
1773169628.860460337,0,0,9.83
1773169628.860460337,1,0,0.01
1773169629.883182129,0,0,9.83
1773169629.883182129,1,0,0.01
1773169630.906573314,0,0,9.83
1773169630.906573314,1,0,0.01
1773169631.929467458,0,0,9.83
1773169631.929467458,1,0,0.01
1773169632.952747188,0,0,9.83
1773169632.952747188,1,0,0.01
1773169633.976293689,0,0,9.83
1773169633.976293689,1,0,0.01
1773169634.998840018,0,0,9.83
1773169634.998840018,1,0,0.01
1773169636.021610802,0,0,9.83
1773169636.021610802,1,0,0.01
1773169637.044014285,0,0,9.83
1773169637.044014285,1,0,0.01
1773169638.066829578,0,0,9.83
1773169638.066829578,1,0,0.01
1773169639.090319952,0,0,9.83
1773169639.090319952,1,0,0.01
1773169640.113644518,0,0,9.83
1773169640.113644518,1,0,0.01
1773169641.136124009,0,0,9.83
1773169641.136124009,1,0,0.01
1773169642.159528652,0,0,9.83
1773169642.159528652,1,0,0.01
1773169643.182100612,0,0,9.83
1773169643.182100612,1,0,0.01
1773169644.205638622,0,0,9.83
1773169644.205638622,1,0,0.01
1773169645.227936889,0,1,9.83
1773169645.227936889,1,0,0.01
1773169646.250389747,0,0,9.83
1773169646.250389747,1,0,0.01
1773169647.271717476,0,0,9.83
1773169647.271717476,1,0,0.01
1773169648.294202363,0,0,9.83
1773169648.294202363,1,0,0.01
1773169649.316277992,0,0,9.83
1773169649.316277992,1,0,0.01
1773169650.339272322,0,1,9.83
1773169650.339272322,1,0,0.01
1773169651.362308242,0,0,9.83
1773169651.362308242,1,0,0.01
1773169652.384388864,0,0,9.83
1773169652.384388864,1,0,0.01
1773169653.406437648,0,0,9.83
1773169653.406437648,1,0,0.01
1773169654.428647434,0,0,9.83
1773169654.428647434,1,0,0.01
1773169655.451438410,0,0,9.83
1773169655.451438410,1,0,0.01
1773169656.474533919,0,0,9.83
1773169656.474533919,1,0,0.01
1773169657.497248576,0,0,9.83
1773169657.497248576,1,0,0.01
1773169658.519918523,0,0,9.83
1773169658.519918523,1,0,0.01
1773169659.542771480,0,0,9.83
1773169659.542771480,1,0,0.01
1773169660.564559593,0,0,9.83
1773169660.564559593,1,0,0.01
1773169661.587416864,0,0,9.83
1773169661.587416864,1,0,0.01
1773169662.609589912,0,0,9.83
1773169662.609589912,1,0,0.01
1773169663.633169833,0,0,9.83
1773169663.633169833,1,0,0.01
1773169664.655757753,0,0,9.83
1773169664.655757753,1,0,0.01
1773169665.678579071,0,0,9.83
1773169665.678579071,1,0,0.01
1773169666.701196479,0,0,9.83
1773169666.701196479,1,0,0.01
1773169667.723412115,0,0,9.83
1773169667.723412115,1,0,0.01
1773169668.746823281,0,0,9.83
1773169668.746823281,1,0,0.01
1773169669.770140699,0,0,9.83
1773169669.770140699,1,0,0.01
1773169670.792957270,0,0,9.83
1773169670.792957270,1,0,0.01
1773169671.815805994,0,0,9.83
1773169671.815805994,1,0,0.01
1773169672.838731716,0,0,9.83
1773169672.838731716,1,0,0.01
1773169673.861797166,0,0,9.83
1773169673.861797166,1,0,0.01
1773169674.884181046,0,1,9.83
1773169674.884181046,1,0,0.01
1773169675.907325724,0,0,9.83
1773169675.907325724,1,0,0.01
1773169676.929744570,0,0,9.83
1773169676.929744570,1,0,0.01
1773169677.952658594,0,0,9.83
1773169677.952658594,1,0,0.01
1773169678.975493536,0,0,9.83
1773169678.975493536,1,0,0.01
1773169679.996656121,0,0,9.83
1773169679.996656121,1,0,0.01
1773169681.019048751,0,0,9.83
1773169681.019048751,1,0,0.01
1773169682.041580796,0,0,9.83
1773169682.041580796,1,0,0.01
1773169683.064600698,0,0,9.83
1773169683.064600698,1,0,0.01
1773169684.087637857,0,0,9.83
1773169684.087637857,1,0,0.01
1773169685.110940657,0,0,9.83
1773169685.110940657,1,0,0.01
1773169686.134006267,0,0,9.83
1773169686.134006267,1,0,0.01
1773169687.157679090,0,1,9.83
1773169687.157679090,1,0,0.01
1773169688.181307589,0,0,9.83
1773169688.181307589,1,0,0.01
1773169689.205000847,0,0,9.83
1773169689.205000847,1,0,0.01
1773169690.228701952,0,0,9.83
1773169690.228701952,1,0,0.01
1773169691.251857866,0,0,9.83
1773169691.251857866,1,0,0.01
1773169692.275868029,0,0,9.83
1773169692.275868029,1,0,0.01
1773169693.299376229,0,0,9.83
1773169693.299376229,1,0,0.01
1773169694.322790690,0,0,9.83
1773169694.322790690,1,0,0.01
1773169695.345070280,0,0,9.83
1773169695.345070280,1,0,0.01
1773169696.368538767,0,0,9.83
1773169696.368538767,1,0,0.01
1773169697.390883036,0,0,9.83
1773169697.390883036,1,0,0.01
1773169698.412998398,0,0,9.83
1773169698.412998398,1,0,0.01
1773169699.436157390,0,0,9.83
1773169699.436157390,1,0,0.01
1773169700.458385837,0,0,9.83
1773169700.458385837,1,0,0.01
1773169701.481656326,0,0,9.83
1773169701.481656326,1,0,0.01
1773169702.503992412,0,0,9.83
1773169702.503992412,1,0,0.01
1773169703.528339108,0,0,9.83
1773169703.528339108,1,0,0.01
1773169704.553714398,0,0,9.83
1773169704.553714398,1,0,0.01
1773169705.576306700,0,0,9.83
1773169705.576306700,1,0,0.01
1773169706.599008543,0,0,9.83
1773169706.599008543,1,0,0.01
1773169707.623220395,0,0,9.83
1773169707.623220395,1,0,0.01
1773169708.645124411,0,0,9.83
1773169708.645124411,1,0,0.01
1773169709.668579308,0,0,9.83
1773169709.668579308,1,0,0.01
1773169710.693453945,0,0,9.83
1773169710.693453945,1,0,0.01
1773169711.717446006,0,0,9.83
1773169711.717446006,1,0,0.01
1773169712.741267107,0,0,9.83
1773169712.741267107,1,0,0.01
1773169713.764496012,0,0,9.83
1773169713.764496012,1,0,0.01
1773169714.786853094,0,0,9.83
1773169714.786853094,1,0,0.01
1773169715.810090509,0,0,9.83
1773169715.810090509,1,0,0.01
1773169716.832863772,0,0,9.83
1773169716.832863772,1,0,0.01
1773169717.855675595,0,0,9.83
1773169717.855675595,1,0,0.01
1773169718.878894609,0,0,9.83
1773169718.878894609,1,0,0.01
1773169719.901832032,0,0,9.83
1773169719.901832032,1,0,0.01
1773169720.924219219,0,0,9.83
1773169720.924219219,1,0,0.01
1773169721.947281306,0,0,9.83
1773169721.947281306,1,0,0.01
1773169722.969449088,0,0,9.83
1773169722.969449088,1,0,0.01
1773169723.992822859,0,0,9.83
1773169723.992822859,1,0,0.01
1773169725.016238883,0,0,9.83
1773169725.016238883,1,0,0.01
1773169726.038783313,0,0,9.83
1773169726.038783313,1,0,0.01
1773169727.061064973,0,0,9.83
1773169727.061064973,1,0,0.01
1773169728.085137694,0,0,9.83
1773169728.085137694,1,0,0.01
1773169729.108323600,0,0,9.83
1773169729.108323600,1,0,0.01
1773169730.132670005,0,0,9.83
1773169730.132670005,1,0,0.01
1773169731.155621576,0,0,9.83
1773169731.155621576,1,0,0.01
1773169732.180379121,0,0,9.83
1773169732.180379121,1,0,0.01
1773169733.203128491,0,0,9.83
1773169733.203128491,1,0,0.01
1773169734.226389373,0,0,9.83
1773169734.226389373,1,0,0.01
1773169735.249697658,0,0,9.83
1773169735.249697658,1,0,0.01
1773169736.272908142,0,0,9.83
1773169736.272908142,1,0,0.01
1773169737.296924678,0,0,9.83
1773169737.296924678,1,0,0.01
1773169738.320145741,0,0,9.83
1773169738.320145741,1,0,0.01
1773169739.343267112,0,0,9.83
1773169739.343267112,1,0,0.01
1773169740.366210686,0,0,9.83
1773169740.366210686,1,0,0.01
1773169741.389221303,0,0,9.83
1773169741.389221303,1,0,0.01
1773169742.412686121,0,0,9.83
1773169742.412686121,1,0,0.01
1773169743.435382693,0,0,9.83
1773169743.435382693,1,0,0.01
1773169744.458806611,0,0,9.83
1773169744.458806611,1,0,0.01
1773169745.480359327,0,0,9.83
1773169745.480359327,1,0,0.01
1773169746.502436989,0,0,9.83
1773169746.502436989,1,0,0.01
1773169747.525083264,0,0,9.83
1773169747.525083264,1,0,0.01
1773169748.547423238,0,65,9.83
1773169748.547423238,1,0,0.01
1773169749.571267139,0,65,9.83
1773169749.571267139,1,0,0.01
1773169750.594740214,0,0,9.83
1773169750.594740214,1,0,0.01
1773169751.617272369,0,0,9.83
1773169751.617272369,1,0,0.01
1773169752.639476640,0,0,9.83
1773169752.639476640,1,0,0.01
1773169753.661988792,0,0,9.83
1773169753.661988792,1,0,0.01
1773169754.683981096,0,0,9.83
1773169754.683981096,1,0,0.01
1773169755.706758439,0,0,9.83
1773169755.706758439,1,0,0.01
1773169756.729710276,0,0,9.83
1773169756.729710276,1,0,0.01
1773169757.751597143,0,0,9.83
1773169757.751597143,1,0,0.01
1773169758.774961781,0,67,9.83
1773169758.774961781,1,0,0.01
1773169759.797830987,0,66,9.83
1773169759.797830987,1,0,0.01
1773169760.821563535,0,0,9.83
1773169760.821563535,1,0,0.01
1773169761.844942167,0,0,9.83
1773169761.844942167,1,0,0.01
1773169762.867917670,0,0,9.83
1773169762.867917670,1,0,0.01
1773169763.891260357,0,0,9.83
1773169763.891260357,1,0,0.01
1773169764.915880075,0,0,9.83
1773169764.915880075,1,0,0.01
1773169765.939262036,0,0,9.83
1773169765.939262036,1,0,0.01
1773169766.961697297,0,0,9.83
1773169766.961697297,1,0,0.01
1773169767.985498094,0,0,9.83
1773169767.985498094,1,0,0.01
1773169769.009777231,0,0,9.83
1773169769.009777231,1,0,0.01
1773169770.032753241,0,0,9.83
1773169770.032753241,1,0,0.01
1773169771.055680944,0,0,9.83
1773169771.055680944,1,0,0.01
1773169772.078477212,0,0,9.83
1773169772.078477212,1,0,0.01
1773169773.101897622,0,0,9.83
1773169773.101897622,1,0,0.01
1773169774.124873880,0,0,9.83
1773169774.124873880,1,0,0.01
1773169775.148145005,0,0,9.83
1773169775.148145005,1,0,0.01
1773169776.170613682,0,0,9.83
1773169776.170613682,1,0,0.01
1773169777.194131792,0,0,9.83
1773169777.194131792,1,0,0.01
1773169778.217203447,0,0,9.83
1773169778.217203447,1,0,0.01
1773169779.239912224,0,0,9.83
1773169779.239912224,1,0,0.01
1773169780.264127322,0,0,9.83
1773169780.264127322,1,0,0.01
1773169781.287979489,0,0,9.83
1773169781.287979489,1,0,0.01
1773169782.311375441,0,0,9.83
1773169782.311375441,1,0,0.01
1773169783.334229976,0,0,9.83
1773169783.334229976,1,0,0.01
1773169784.357335283,0,0,9.83
1773169784.357335283,1,0,0.01
1773169785.380131478,0,0,9.83
1773169785.380131478,1,0,0.01
1773169786.403014145,0,0,9.83
1773169786.403014145,1,0,0.01
1773169787.425895451,0,67,9.83
1773169787.425895451,1,0,0.01
1773169788.448203895,0,66,9.83
1773169788.448203895,1,0,0.01
1773169789.471972056,0,0,9.83
1773169789.471972056,1,0,0.01
1773169790.494946295,0,0,9.83
1773169790.494946295,1,0,0.01
1773169791.516684567,0,0,9.83
1773169791.516684567,1,0,0.01
1773169792.538764427,0,0,9.83
1773169792.538764427,1,0,0.01
1773169793.562344988,0,0,9.83
1773169793.562344988,1,0,0.01
1773169794.585435406,0,0,9.83
1773169794.585435406,1,0,0.01
1773169795.608415822,0,0,9.83
1773169795.608415822,1,0,0.01
1773169796.632306749,0,0,9.83
1773169796.632306749,1,0,0.01
1773169797.655138887,0,0,9.83
1773169797.655138887,1,0,0.01
1773169798.678253753,0,0,9.83
1773169798.678253753,1,0,0.01
1773169799.701439269,0,0,9.83
1773169799.701439269,1,0,0.01
1773169800.724572266,0,0,9.83
1773169800.724572266,1,0,0.01
1773169801.746191064,0,0,9.83
1773169801.746191064,1,0,0.01
1773169802.769542868,0,26,9.83
1773169802.769542868,1,0,0.01
1773169803.793756238,0,67,9.83
1773169803.793756238,1,0,0.01
1773169804.816398206,0,43,9.83
1773169804.816398206,1,0,0.01
1773169805.839253896,0,0,9.83
1773169805.839253896,1,0,0.01
1773169806.862802970,0,0,9.83
1773169806.862802970,1,0,0.01
1773169807.885240413,0,0,9.83
1773169807.885240413,1,0,0.01
1773169808.908695935,0,0,9.83
1773169808.908695935,1,0,0.01
1773169809.931827188,0,0,9.83
1773169809.931827188,1,0,0.01
1773169810.954029747,0,0,9.83
1773169810.954029747,1,0,0.01
1773169811.976496478,0,0,9.83
1773169811.976496478,1,0,0.01
1773169812.998703248,0,0,9.83
1773169812.998703248,1,0,0.01
1773169814.020896048,0,0,9.83
1773169814.020896048,1,0,0.01
1773169815.043527581,0,0,9.83
1773169815.043527581,1,0,0.01
1773169816.066119131,0,0,9.83
1773169816.066119131,1,0,0.01
1773169817.088623111,0,0,9.83
1773169817.088623111,1,0,0.01
1773169818.111244360,0,0,9.83
1773169818.111244360,1,0,0.01
1773169819.134657506,0,0,9.83
1773169819.134657506,1,0,0.01
1773169820.157714648,0,0,9.83
1773169820.157714648,1,0,0.01
1773169821.179835433,0,0,9.83
1773169821.179835433,1,0,0.01
1773169822.202870992,0,0,9.83
1773169822.202870992,1,0,0.01
1773169823.225257316,0,0,9.83
1773169823.225257316,1,0,0.01
1773169824.248554327,0,0,9.83
1773169824.248554327,1,0,0.01
1773169825.271252110,0,67,9.83
1773169825.271252110,1,0,0.01
1773169826.293644673,0,66,9.83
1773169826.293644673,1,0,0.01
1773169827.316048326,0,0,9.83
1773169827.316048326,1,0,0.01
1773169828.337959651,0,0,9.83
1773169828.337959651,1,0,0.01
1773169829.360224178,0,0,9.83
1773169829.360224178,1,0,0.01
1773169830.384180891,0,0,9.83
1773169830.384180891,1,0,0.01
1773169831.406172788,0,0,9.83
1773169831.406172788,1,0,0.01
1773169832.429687537,0,0,9.83
1773169832.429687537,1,0,0.01
1773169833.453365614,0,0,9.83
1773169833.453365614,1,0,0.01
1773169834.476385320,0,0,9.83
1773169834.476385320,1,0,0.01
1773169835.499741234,0,0,9.83
1773169835.499741234,1,0,0.01
1773169836.522037864,0,0,9.83
1773169836.522037864,1,0,0.01
1773169837.544699333,0,0,9.83
1773169837.544699333,1,0,0.01
1773169838.569770186,0,0,9.83
1773169838.569770186,1,0,0.01
1773169839.592241142,0,0,9.83
1773169839.592241142,1,0,0.01
1773169840.615758144,0,0,9.83
1773169840.615758144,1,0,0.01
1773169841.637947606,0,0,9.83
1773169841.637947606,1,0,0.01
1773169842.660535328,0,0,9.83
1773169842.660535328,1,0,0.01
1773169843.683061471,0,0,9.83
1773169843.683061471,1,0,0.01
1773169844.706437686,0,0,9.83
1773169844.706437686,1,0,0.01
1773169845.729329347,0,0,9.83
1773169845.729329347,1,0,0.01
1773169846.751938163,0,0,9.83
1773169846.751938163,1,0,0.01
1773169847.774411890,0,0,9.83
1773169847.774411890,1,0,0.01
1773169848.797019049,0,0,9.83
1773169848.797019049,1,0,0.01
1773169849.819839708,0,0,9.83
1773169849.819839708,1,0,0.01
1773169850.844735129,0,0,9.83
1773169850.844735129,1,0,0.01
1773169851.867682197,0,0,9.83
1773169851.867682197,1,0,0.01
1773169852.890971864,0,0,9.83
1773169852.890971864,1,0,0.01
1773169853.913490926,0,0,9.83
1773169853.913490926,1,0,0.01
1773169854.936146145,0,0,9.83
1773169854.936146145,1,0,0.01
1773169855.959432288,0,0,9.83
1773169855.959432288,1,0,0.01
1773169856.982129549,0,0,9.83
1773169856.982129549,1,0,0.01
1773169858.004977044,0,0,9.83
1773169858.004977044,1,0,0.01
1773169859.027312441,0,0,9.83
1773169859.027312441,1,0,0.01
1773169860.049210725,0,0,9.83
1773169860.049210725,1,0,0.01
1773169861.072613484,0,0,9.83
1773169861.072613484,1,0,0.01
1773169862.095268197,0,0,9.83
1773169862.095268197,1,0,0.01
1773169863.118590722,0,0,9.83
1773169863.118590722,1,0,0.01
1773169864.142054682,0,0,9.83
1773169864.142054682,1,0,0.01
1773169865.165283099,0,0,9.83
1773169865.165283099,1,0,0.01
1773169866.188058809,0,0,9.83
1773169866.188058809,1,0,0.01
1773169867.210697149,0,0,9.83
1773169867.210697149,1,0,0.01
1773169868.233316563,0,0,9.83
1773169868.233316563,1,0,0.01
1773169869.255795780,0,0,9.83
1773169869.255795780,1,0,0.01
1773169870.278369463,0,0,9.83
1773169870.278369463,1,0,0.01
1773169871.302291287,0,0,9.83
1773169871.302291287,1,0,0.01
1773169872.323949559,0,0,9.83
1773169872.323949559,1,0,0.01
1773169873.348060694,0,0,9.83
1773169873.348060694,1,0,0.01
1773169874.370798381,0,0,9.83
1773169874.370798381,1,0,0.01
1773169875.393490298,0,0,9.83
1773169875.393490298,1,0,0.01
1773169876.417043823,0,0,9.83
1773169876.417043823,1,0,0.01
1773169877.439770780,0,0,9.83
1773169877.439770780,1,0,0.01
1773169878.461741791,0,0,9.83
1773169878.461741791,1,0,0.01
1773169879.483932321,0,0,9.83
1773169879.483932321,1,0,0.01
1773169880.506430674,0,0,9.83
1773169880.506430674,1,0,0.01
1773169881.528897051,0,0,9.83
1773169881.528897051,1,0,0.01
1773169882.551216967,0,1,9.83
1773169882.551216967,1,0,0.01
1773169883.573674261,0,68,9.83
1773169883.573674261,1,0,0.01
1773169884.595701248,0,44,9.83
1773169884.595701248,1,0,0.01
1773169885.618436482,0,0,9.83
1773169885.618436482,1,0,0.01
1773169886.641301677,0,0,9.83
1773169886.641301677,1,0,0.01
1773169887.662984996,0,0,9.83
1773169887.662984996,1,0,0.01
1773169888.685594664,0,0,9.83
1773169888.685594664,1,0,0.01
1773169889.709604481,0,0,9.83
1773169889.709604481,1,0,0.01
1773169890.733343270,0,0,9.83
1773169890.733343270,1,0,0.01
1773169891.756256004,0,0,9.83
1773169891.756256004,1,0,0.01
1773169892.781189372,0,0,9.83
1773169892.781189372,1,0,0.01
1773169893.804696655,0,0,9.83
1773169893.804696655,1,0,0.01
1773169894.827555059,0,0,9.83
1773169894.827555059,1,0,0.01
1773169895.851262795,0,0,9.83
1773169895.851262795,1,0,0.01
1773169896.874279937,0,0,9.83
1773169896.874279937,1,0,0.01
1773169897.897425584,0,0,9.83
1773169897.897425584,1,0,0.01
1773169898.919916890,0,1,9.83
1773169898.919916890,1,0,0.01
1773169899.944243145,0,0,9.83
1773169899.944243145,1,0,0.01
1773169900.967132066,0,0,9.83
1773169900.967132066,1,0,0.01
1773169901.991757273,0,0,9.83
1773169901.991757273,1,0,0.01
1773169903.015029149,0,0,9.83
1773169903.015029149,1,0,0.01
1773169904.041314664,0,0,9.83
1773169904.041314664,1,0,0.01
1773169905.064373825,0,0,9.83
1773169905.064373825,1,0,0.01
1773169906.087305708,0,0,9.83
1773169906.087305708,1,0,0.01
1773169907.109795143,0,0,9.83
1773169907.109795143,1,0,0.01
1773169908.132849028,0,0,9.83
1773169908.132849028,1,0,0.01
1773169909.155750597,0,0,9.83
1773169909.155750597,1,0,0.01
1773169910.178426401,0,0,9.83
1773169910.178426401,1,0,0.01
1773169911.201275917,0,0,9.83
1773169911.201275917,1,0,0.01
1773169912.225232149,0,0,9.83
1773169912.225232149,1,0,0.01
1773169913.248126554,0,0,9.83
1773169913.248126554,1,0,0.01
1773169914.271127707,0,0,9.83
1773169914.271127707,1,0,0.01
1773169915.293096769,0,0,9.83
1773169915.293096769,1,0,0.01
1773169916.315500144,0,0,9.83
1773169916.315500144,1,0,0.01
1773169917.338428099,0,0,9.83
1773169917.338428099,1,0,0.01
1773169918.361337647,0,0,9.83
1773169918.361337647,1,0,0.01
1773169919.384827633,0,0,9.83
1773169919.384827633,1,0,0.01
1773169920.407913154,0,0,9.83
1773169920.407913154,1,0,0.01
1773169921.431782103,0,1,9.83
1773169921.431782103,1,0,0.01
1773169922.454669983,0,0,9.83
1773169922.454669983,1,0,0.01
1773169923.477447463,0,0,9.83
1773169923.477447463,1,0,0.01
1773169924.500551110,0,0,9.83
1773169924.500551110,1,0,0.01
1773169925.523816764,0,0,9.83
1773169925.523816764,1,0,0.01
1773169926.546765563,0,0,9.83
1773169926.546765563,1,0,0.01
1773169927.568873228,0,0,9.83
1773169927.568873228,1,0,0.01
1773169928.591191373,0,0,9.83
1773169928.591191373,1,0,0.01
1773169929.613773911,0,0,9.83
1773169929.613773911,1,0,0.01
1773169930.636412478,0,0,9.83
1773169930.636412478,1,0,0.01
1773169931.658280503,0,0,9.83
1773169931.658280503,1,0,0.01
1773169932.681584173,0,0,9.83
1773169932.681584173,1,0,0.01
1773169933.703820102,0,0,9.83
1773169933.703820102,1,0,0.01
1773169934.725913971,0,0,9.83
1773169934.725913971,1,0,0.01
1773169935.747689489,0,0,9.83
1773169935.747689489,1,0,0.01
1773169936.769727706,0,0,9.83
1773169936.769727706,1,0,0.01
1773169937.793265558,0,0,9.83
1773169937.793265558,1,0,0.01
1773169938.816092846,0,0,9.83
1773169938.816092846,1,0,0.01
1773169939.838445219,0,0,9.83
1773169939.838445219,1,0,0.01
1773169940.861392908,0,0,9.83
1773169940.861392908,1,0,0.01
1773169941.884540521,0,0,9.83
1773169941.884540521,1,0,0.01
1773169942.908773496,0,0,9.83
1773169942.908773496,1,0,0.01
1773169943.932683628,0,0,9.83
1773169943.932683628,1,0,0.01
1773169944.955157799,0,0,9.83
1773169944.955157799,1,0,0.01
1773169945.979449316,0,0,9.83
1773169945.979449316,1,0,0.01
1773169947.001761728,0,0,9.83
1773169947.001761728,1,0,0.01
1773169948.025664067,0,0,9.83
1773169948.025664067,1,0,0.01
1773169949.049945326,0,0,9.83
1773169949.049945326,1,0,0.01
1773169950.074516505,0,0,9.83
1773169950.074516505,1,0,0.01
1773169951.097328856,0,0,9.83
1773169951.097328856,1,0,0.01
1773169952.120618428,0,1,9.83
1773169952.120618428,1,0,0.01
1773169953.144084163,0,0,9.83
1773169953.144084163,1,0,0.01
1773169954.166658284,0,0,9.83
1773169954.166658284,1,0,0.01
1773169955.189067587,0,0,9.83
1773169955.189067587,1,0,0.01
1773169956.212258234,0,0,9.83
1773169956.212258234,1,0,0.01
1773169957.235145885,0,0,9.83
1773169957.235145885,1,0,0.01
1773169958.257446761,0,0,9.83
1773169958.257446761,1,0,0.01
1773169959.278950775,0,0,9.83
1773169959.278950775,1,0,0.01
1773169960.301585572,0,0,9.83
1773169960.301585572,1,0,0.01
1773169961.323590697,0,0,9.83
1773169961.323590697,1,0,0.01
1773169962.347235034,0,0,9.83
1773169962.347235034,1,0,0.01
1773169963.370043427,0,0,9.83
1773169963.370043427,1,0,0.01
1773169964.393801215,0,0,9.83
1773169964.393801215,1,0,0.01
1773169965.416307035,0,0,9.83
1773169965.416307035,1,0,0.01
1773169966.439825235,0,0,9.83
1773169966.439825235,1,0,0.01
1773169967.464619129,0,0,9.83
1773169967.464619129,1,0,0.01
1773169968.487778846,0,0,9.83
1773169968.487778846,1,0,0.01
1773169969.511021159,0,0,9.83
1773169969.511021159,1,0,0.01
1773169970.533833051,0,0,9.83
1773169970.533833051,1,0,0.01
1773169971.557815190,0,0,9.83
1773169971.557815190,1,0,0.01
1773169972.581623839,0,0,9.83
1773169972.581623839,1,0,0.01
1773169973.604461607,0,0,9.83
1773169973.604461607,1,0,0.01
1773169974.627740845,0,0,9.83
1773169974.627740845,1,0,0.01
1773169975.650561597,0,0,9.83
1773169975.650561597,1,0,0.01
1773169976.673755426,0,0,9.83
1773169976.673755426,1,0,0.01
1773169977.699308461,0,0,9.83
1773169977.699308461,1,0,0.01
1773169978.723195978,0,0,9.83
1773169978.723195978,1,0,0.01
1773169979.745183518,0,0,9.83
1773169979.745183518,1,0,0.01
1773169980.767601727,0,0,9.83
1773169980.767601727,1,0,0.01
1773169981.790048716,0,0,9.83
1773169981.790048716,1,0,0.01
1773169982.812297944,0,0,9.83
1773169982.812297944,1,0,0.01
1773169983.834703752,0,0,9.83
1773169983.834703752,1,0,0.01
1773169984.856673384,0,0,9.83
1773169984.856673384,1,0,0.01
1773169985.879081559,0,0,9.83
1773169985.879081559,1,0,0.01
1773169986.902401955,0,0,9.83
1773169986.902401955,1,0,0.01
1773169987.924673126,0,0,9.83
1773169987.924673126,1,0,0.01
1773169988.946821967,0,0,9.83
1773169988.946821967,1,0,0.01
1773169989.969051176,0,0,9.83
1773169989.969051176,1,0,0.01
1773169990.991919523,0,0,9.83
1773169990.991919523,1,0,0.01
1773169992.014038842,0,0,9.83
1773169992.014038842,1,0,0.01
1773169993.035907243,0,0,9.83
1773169993.035907243,1,0,0.01
1773169994.058359706,0,1,9.83
1773169994.058359706,1,0,0.01
1773169995.081123284,0,0,9.83
1773169995.081123284,1,0,0.01
1773169996.104775309,0,0,9.83
1773169996.104775309,1,0,0.01
1773169997.127747903,0,0,9.83
1773169997.127747903,1,0,0.01
1773169998.150406537,0,0,9.83
1773169998.150406537,1,0,0.01
1773169999.173200283,0,0,9.83
1773169999.173200283,1,0,0.01
1773170000.196559514,0,0,9.83
1773170000.196559514,1,0,0.01
1773170001.219533794,0,0,9.83
1773170001.219533794,1,0,0.01
1773170002.242829569,0,65,9.83
1773170002.242829569,1,0,0.01
1773170003.265720471,0,99,9.83
1773170003.265720471,1,0,0.01
1773170004.289129209,0,99,9.83
1773170004.289129209,1,0,0.01
1773170005.312057385,0,70,9.83
1773170005.312057385,1,0,0.01
1773170006.336010683,0,0,9.83
1773170006.336010683,1,0,0.01
1773170007.358941857,0,0,9.83
1773170007.358941857,1,0,0.01
1773170008.384316342,0,0,9.83
1773170008.384316342,1,0,0.01
1773170009.406928541,0,0,9.83
1773170009.406928541,1,0,0.01
1773170010.430070914,0,0,9.83
1773170010.430070914,1,0,0.01
1773170011.453320469,0,0,9.83
1773170011.453320469,1,0,0.01
1773170012.475146482,0,0,9.83
1773170012.475146482,1,0,0.01
1773170013.497974640,0,0,9.83
1773170013.497974640,1,0,0.01
1773170014.520970911,0,0,9.83
1773170014.520970911,1,0,0.01
1773170015.544270556,0,0,9.83
1773170015.544270556,1,0,0.01
1773170016.567176607,0,0,9.83
1773170016.567176607,1,0,0.01
1773170017.590657614,0,0,9.83
1773170017.590657614,1,0,0.01
1773170018.614123874,0,0,9.83
1773170018.614123874,1,0,0.01
1773170019.636765635,0,0,9.83
1773170019.636765635,1,0,0.01
1773170020.659686170,0,0,9.83
1773170020.659686170,1,0,0.01
1773170021.682935248,0,0,9.83
1773170021.682935248,1,0,0.01
1773170022.705728532,0,0,9.83
1773170022.705728532,1,0,0.01
1773170023.729637168,0,0,9.83
1773170023.729637168,1,0,0.01
1773170024.752817148,0,0,9.83
1773170024.752817148,1,0,0.01
1773170025.776119498,0,0,9.83
1773170025.776119498,1,0,0.01
1773170026.799071033,0,0,9.83
1773170026.799071033,1,0,0.01
1773170027.821804395,0,0,9.83
1773170027.821804395,1,0,0.01
1773170028.846693098,0,0,9.83
1773170028.846693098,1,0,0.01
1773170029.870058071,0,0,9.83
1773170029.870058071,1,0,0.01
1773170030.893073716,0,0,9.83
1773170030.893073716,1,0,0.01
1773170031.916162970,0,0,9.83
1773170031.916162970,1,0,0.01
1773170032.939558505,0,0,9.83
1773170032.939558505,1,0,0.01
1773170033.962869258,0,0,9.83
1773170033.962869258,1,0,0.01
1773170034.986548580,0,0,9.83
1773170034.986548580,1,0,0.01
1773170036.010292093,0,0,9.83
1773170036.010292093,1,0,0.01
1773170037.033152778,0,0,9.83
1773170037.033152778,1,0,0.01
1773170038.055931287,0,0,9.83
1773170038.055931287,1,0,0.01
1773170039.078757756,0,0,9.83
1773170039.078757756,1,0,0.01
1773170040.104022611,0,0,9.83
1773170040.104022611,1,0,0.01
1773170041.128460807,0,0,9.83
1773170041.128460807,1,0,0.01
1773170042.152540172,0,0,9.83
1773170042.152540172,1,0,0.01
1773170043.176390534,0,0,9.83
1773170043.176390534,1,0,0.01
1773170044.199673781,0,0,9.83
1773170044.199673781,1,0,0.01
1773170045.223506090,0,0,9.83
1773170045.223506090,1,0,0.01
1773170046.246763243,0,0,9.83
1773170046.246763243,1,0,0.01
1773170047.268239736,0,0,9.83
1773170047.268239736,1,0,0.01
1773170048.291230400,0,0,9.83
1773170048.291230400,1,0,0.01
1773170049.314884198,0,0,9.83
1773170049.314884198,1,0,0.01
1773170050.339372279,0,0,9.83
1773170050.339372279,1,0,0.01
1773170051.361623564,0,0,9.83
1773170051.361623564,1,0,0.01
1773170052.384434125,0,0,9.83
1773170052.384434125,1,0,0.01
1773170053.407851181,0,0,9.83
1773170053.407851181,1,0,0.01
1773170054.430676960,0,0,9.83
1773170054.430676960,1,0,0.01
1773170055.452892720,0,0,9.83
1773170055.452892720,1,0,0.01
1773170056.475407588,0,0,9.83
1773170056.475407588,1,0,0.01
1773170057.497856855,0,0,9.83
1773170057.497856855,1,0,0.01
1773170058.521312419,0,0,9.83
1773170058.521312419,1,0,0.01
1773170059.545004635,0,0,9.83
1773170059.545004635,1,0,0.01
1773170060.568363253,0,0,9.83
1773170060.568363253,1,0,0.01
1773170061.590720892,0,0,9.83
1773170061.590720892,1,0,0.01
1773170062.613128485,0,0,9.83
1773170062.613128485,1,0,0.01
1773170063.635836807,0,0,9.83
1773170063.635836807,1,0,0.01
1773170064.659031299,0,0,9.83
1773170064.659031299,1,0,0.01
1773170065.682733267,0,0,9.83
1773170065.682733267,1,0,0.01
1773170066.707210895,0,0,9.83
1773170066.707210895,1,0,0.01
1773170067.730970102,0,0,9.83
1773170067.730970102,1,0,0.01
1773170068.754503148,0,0,9.83
1773170068.754503148,1,0,0.01
1773170069.778445557,0,0,9.83
1773170069.778445557,1,0,0.01
1773170070.801550309,0,0,9.83
1773170070.801550309,1,0,0.01
1773170071.824989459,0,0,9.83
1773170071.824989459,1,0,0.01
1773170072.848250160,0,0,9.83
1773170072.848250160,1,0,0.01
1773170073.871020369,0,0,9.83
1773170073.871020369,1,0,0.01
1773170074.894088510,0,0,9.83
1773170074.894088510,1,0,0.01
1773170075.917355502,0,0,9.83
1773170075.917355502,1,0,0.01
1773170076.940466308,0,0,9.83
1773170076.940466308,1,0,0.01
1773170077.963458791,0,0,9.83
1773170077.963458791,1,0,0.01
1773170078.987262455,0,0,9.83
1773170078.987262455,1,0,0.01
1773170080.010161324,0,0,9.83
1773170080.010161324,1,0,0.01
1773170081.033532892,0,1,9.83
1773170081.033532892,1,0,0.01
1773170082.057002835,0,0,9.83
1773170082.057002835,1,0,0.01
1773170083.080891676,0,0,9.83
1773170083.080891676,1,0,0.01
1773170084.104490960,0,0,9.83
1773170084.104490960,1,0,0.01
1773170085.127372885,0,0,9.83
1773170085.127372885,1,0,0.01
1773170086.150284650,0,0,9.83
1773170086.150284650,1,0,0.01
1773170087.173436095,0,0,9.83
1773170087.173436095,1,0,0.01
1773170088.196155263,0,0,9.83
1773170088.196155263,1,0,0.01
1773170089.217906944,0,0,9.83
1773170089.217906944,1,0,0.01
1773170090.240788264,0,0,9.83
1773170090.240788264,1,0,0.01
1773170091.262980689,0,0,9.83
1773170091.262980689,1,0,0.01
1773170092.285971099,0,0,9.83
1773170092.285971099,1,0,0.01
1773170093.307542314,0,0,9.83
1773170093.307542314,1,0,0.01
1773170094.330331114,0,0,9.83
1773170094.330331114,1,0,0.01
1773170095.352305274,0,0,9.83
1773170095.352305274,1,0,0.01
1773170096.374727119,0,0,9.83
1773170096.374727119,1,0,0.01
1773170097.396206815,0,0,9.83
1773170097.396206815,1,0,0.01
1773170098.417654484,0,0,9.83
1773170098.417654484,1,0,0.01
1773170099.440058579,0,0,9.83
1773170099.440058579,1,0,0.01
1773170100.462845060,0,0,9.83
1773170100.462845060,1,0,0.01
1773170101.484731199,0,0,9.83
1773170101.484731199,1,0,0.01
1773170102.507734416,0,0,9.83
1773170102.507734416,1,0,0.01
1773170103.530246202,0,0,9.83
1773170103.530246202,1,0,0.01
1773170104.553087552,0,0,9.83
1773170104.553087552,1,0,0.01
1773170105.576329959,0,67,9.83
1773170105.576329959,1,0,0.01
1773170106.599544876,0,66,9.83
1773170106.599544876,1,0,0.01
1773170107.622908512,0,0,9.83
1773170107.622908512,1,0,0.01
1773170108.645993804,0,0,9.83
1773170108.645993804,1,0,0.01
1773170109.668921240,0,0,9.83
1773170109.668921240,1,0,0.01
1773170110.691870189,0,0,9.83
1773170110.691870189,1,0,0.01
1773170111.715415045,0,0,9.83
1773170111.715415045,1,0,0.01
1773170112.737709312,0,0,9.83
1773170112.737709312,1,0,0.01
1773170113.760761374,0,0,9.83
1773170113.760761374,1,0,0.01
1773170114.783938550,0,0,9.83
1773170114.783938550,1,0,0.01
1773170115.806396566,0,0,9.83
1773170115.806396566,1,0,0.01
1773170116.829413786,0,0,9.83
1773170116.829413786,1,0,0.01
1773170117.852477847,0,0,9.83
1773170117.852477847,1,0,0.01
1773170118.875984222,0,0,9.83
1773170118.875984222,1,0,0.01
1773170119.898529045,0,0,9.83
1773170119.898529045,1,0,0.01
1773170120.921091715,0,0,9.83
1773170120.921091715,1,0,0.01
1773170121.943656351,0,0,9.83
1773170121.943656351,1,0,0.01
1773170122.967017304,0,70,9.83
1773170122.967017304,1,0,0.01
1773170123.989507381,0,70,9.83
1773170123.989507381,1,0,0.01
1773170125.013291208,0,0,9.83
1773170125.013291208,1,0,0.01
1773170126.037387863,0,0,9.83
1773170126.037387863,1,0,0.01
1773170127.060999515,0,0,9.83
1773170127.060999515,1,0,0.01
1773170128.084145860,0,0,9.83
1773170128.084145860,1,0,0.01
1773170129.107961767,0,0,9.83
1773170129.107961767,1,0,0.01
1773170130.132156039,0,0,9.83
1773170130.132156039,1,0,0.01
1773170131.155003123,0,0,9.83
1773170131.155003123,1,0,0.01
1773170132.178008264,0,0,9.83
1773170132.178008264,1,0,0.01
1773170133.202630207,0,0,9.83
1773170133.202630207,1,0,0.01
1773170134.226633665,0,0,9.83
1773170134.226633665,1,0,0.01
1773170135.249493168,0,0,9.83
1773170135.249493168,1,0,0.01
1773170136.273244559,0,0,9.83
1773170136.273244559,1,0,0.01
1773170137.296868279,0,0,9.83
1773170137.296868279,1,0,0.01
1773170138.320279243,0,0,9.83
1773170138.320279243,1,0,0.01
1773170139.344509354,0,0,9.83
1773170139.344509354,1,0,0.01
1773170140.368687215,0,0,9.83
1773170140.368687215,1,0,0.01
1773170141.392319721,0,0,9.83
1773170141.392319721,1,0,0.01
1773170142.415063604,0,0,9.83
1773170142.415063604,1,0,0.01
1773170143.438539201,0,0,9.83
1773170143.438539201,1,0,0.01
1773170144.461834407,0,0,9.83
1773170144.461834407,1,0,0.01
1773170145.484746819,0,0,9.83
1773170145.484746819,1,0,0.01
1773170146.508158575,0,0,9.83
1773170146.508158575,1,0,0.01
1773170147.531803786,0,0,9.83
1773170147.531803786,1,0,0.01
1773170148.554521455,0,0,9.83
1773170148.554521455,1,0,0.01
1773170149.577061603,0,0,9.83
1773170149.577061603,1,0,0.01
1773170150.599482986,0,0,9.83
1773170150.599482986,1,0,0.01
1773170151.621917082,0,0,9.83
1773170151.621917082,1,0,0.01
1773170152.644738253,0,0,9.83
1773170152.644738253,1,0,0.01
1773170153.666761779,0,0,9.83
1773170153.666761779,1,0,0.01
1773170154.689434517,0,0,9.83
1773170154.689434517,1,0,0.01
1773170155.712791959,0,0,9.83
1773170155.712791959,1,0,0.01
1773170156.734923625,0,0,9.83
1773170156.734923625,1,0,0.01
1773170157.758481621,0,0,9.83
1773170157.758481621,1,0,0.01
1773170158.782495696,0,0,9.83
1773170158.782495696,1,0,0.01
1773170159.806167306,0,0,9.83
1773170159.806167306,1,0,0.01
1773170160.830549102,0,0,9.83
1773170160.830549102,1,0,0.01
1773170161.854888963,0,0,9.83
1773170161.854888963,1,0,0.01
1773170162.879550194,0,0,9.83
1773170162.879550194,1,0,0.01
1773170163.903804422,0,0,9.83
1773170163.903804422,1,0,0.01
1773170164.927209560,0,0,9.83
1773170164.927209560,1,0,0.01
1773170165.950923100,0,0,9.83
1773170165.950923100,1,0,0.01
1773170166.974932256,0,0,9.83
1773170166.974932256,1,0,0.01
1773170167.997744252,0,0,9.83
1773170167.997744252,1,0,0.01
1773170169.020803117,0,0,9.83
1773170169.020803117,1,0,0.01
1773170170.043682412,0,0,9.83
1773170170.043682412,1,0,0.01
1773170171.066223145,0,0,9.83
1773170171.066223145,1,0,0.01
1773170172.089823589,0,0,9.83
1773170172.089823589,1,0,0.01
1773170173.112651272,0,0,9.83
1773170173.112651272,1,0,0.01
1773170174.135333114,0,0,9.83
1773170174.135333114,1,0,0.01
1773170175.158312775,0,0,9.83
1773170175.158312775,1,0,0.01
1773170176.181221482,0,0,9.83
1773170176.181221482,1,0,0.01
1773170177.205422156,0,0,9.83
1773170177.205422156,1,0,0.01
1773170178.229252287,0,0,9.83
1773170178.229252287,1,0,0.01
1773170179.252727084,0,0,9.83
1773170179.252727084,1,0,0.01
1773170180.275832520,0,0,9.83
1773170180.275832520,1,0,0.01
1773170181.300170206,0,0,9.83
1773170181.300170206,1,0,0.01
1773170182.323679010,0,0,9.83
1773170182.323679010,1,0,0.01
1773170183.347218782,0,0,9.83
1773170183.347218782,1,0,0.01
1773170184.372051778,0,0,9.83
1773170184.372051778,1,0,0.01
1773170185.395488833,0,0,9.83
1773170185.395488833,1,0,0.01
1773170186.420069582,0,0,9.83
1773170186.420069582,1,0,0.01
1773170187.444176510,0,0,9.83
1773170187.444176510,1,0,0.01
1773170188.467463601,0,0,9.83
1773170188.467463601,1,0,0.01
1773170189.491040733,0,0,9.83
1773170189.491040733,1,0,0.01
1773170190.515167742,0,0,9.83
1773170190.515167742,1,0,0.01
1773170191.539826787,0,0,9.83
1773170191.539826787,1,0,0.01
1773170192.563758686,0,0,9.83
1773170192.563758686,1,0,0.01
1773170193.586818044,0,0,9.83
1773170193.586818044,1,0,0.01
1773170194.611330432,0,0,9.83
1773170194.611330432,1,0,0.01
1773170195.635928167,0,0,9.83
1773170195.635928167,1,0,0.01
1773170196.660429704,0,0,9.83
1773170196.660429704,1,0,0.01
1773170197.684594849,0,1,9.83
1773170197.684594849,1,0,0.01
1773170198.708542265,0,0,9.83
1773170198.708542265,1,0,0.01
1773170199.731673089,0,0,9.83
1773170199.731673089,1,0,0.01
1773170200.755821555,0,0,9.83
1773170200.755821555,1,0,0.01
1773170201.780041373,0,0,9.83
1773170201.780041373,1,0,0.01
1773170202.803473700,0,0,9.83
1773170202.803473700,1,0,0.01
1773170203.826288361,0,0,9.83
1773170203.826288361,1,0,0.01
1773170204.849600107,0,0,9.83
1773170204.849600107,1,0,0.01
1773170205.872926533,0,0,9.83
1773170205.872926533,1,0,0.01
1773170206.895716570,0,0,9.83
1773170206.895716570,1,0,0.01
1773170207.919179637,0,0,9.83
1773170207.919179637,1,0,0.01
1773170208.943212904,0,0,9.83
1773170208.943212904,1,0,0.01
1773170209.966709458,0,0,9.83
1773170209.966709458,1,0,0.01
1773170210.991551450,0,0,9.83
1773170210.991551450,1,0,0.01
1773170212.014357085,0,0,9.83
1773170212.014357085,1,0,0.01
1773170213.037255408,0,0,9.83
1773170213.037255408,1,0,0.01
1773170214.060002490,0,0,9.83
1773170214.060002490,1,0,0.01
1773170215.082902784,0,0,9.83
1773170215.082902784,1,0,0.01
1773170216.107099097,0,0,9.83
1773170216.107099097,1,0,0.01
1773170217.129849745,0,0,9.83
1773170217.129849745,1,0,0.01
1773170218.153828259,0,0,9.83
1773170218.153828259,1,0,0.01
1773170219.177075557,0,0,9.83
1773170219.177075557,1,0,0.01
1773170220.201773274,0,0,9.83
1773170220.201773274,1,0,0.01
1773170221.225521881,0,0,9.83
1773170221.225521881,1,0,0.01
1773170222.249897162,0,0,9.83
1773170222.249897162,1,0,0.01
1773170223.273318146,0,0,9.83
1773170223.273318146,1,0,0.01
1773170224.295760469,0,0,9.83
1773170224.295760469,1,0,0.01
1773170225.318965372,0,0,9.83
1773170225.318965372,1,0,0.01
1773170226.342455022,0,0,9.83
1773170226.342455022,1,0,0.01
1773170227.365767642,0,0,9.83
1773170227.365767642,1,0,0.01
1773170228.389297218,0,0,9.83
1773170228.389297218,1,0,0.01
1773170229.412054674,0,0,9.83
1773170229.412054674,1,0,0.01
1773170230.434427372,0,0,9.83
1773170230.434427372,1,0,0.01
1773170231.457594250,0,0,9.83
1773170231.457594250,1,0,0.01
1773170232.482748904,0,0,9.83
1773170232.482748904,1,0,0.01
1773170233.505899865,0,0,9.83
1773170233.505899865,1,0,0.01
1773170234.529704810,0,0,9.83
1773170234.529704810,1,0,0.01
1773170235.553569975,0,0,9.83
1773170235.553569975,1,0,0.01
1773170236.578414151,0,0,9.83
1773170236.578414151,1,0,0.01
1773170237.603922662,0,0,9.83
1773170237.603922662,1,0,0.01
1773170238.628016274,0,0,9.83
1773170238.628016274,1,0,0.01
1773170239.650704810,0,0,9.83
1773170239.650704810,1,0,0.01
1773170240.673217023,0,0,9.83
1773170240.673217023,1,0,0.01
1773170241.696407324,0,0,9.83
1773170241.696407324,1,0,0.01
1773170242.719430481,0,0,9.83
1773170242.719430481,1,0,0.01
1773170243.742003028,0,0,9.83
1773170243.742003028,1,0,0.01
1773170244.764828738,0,0,9.83
1773170244.764828738,1,0,0.01
1773170245.787363538,0,0,9.83
1773170245.787363538,1,0,0.01
1773170246.810101769,0,0,9.83
1773170246.810101769,1,0,0.01
1773170247.833292609,0,0,9.83
1773170247.833292609,1,0,0.01
1773170248.857393437,0,0,9.83
1773170248.857393437,1,0,0.01
1773170249.882470819,0,0,9.83
1773170249.882470819,1,0,0.01
1773170250.907152718,0,0,9.83
1773170250.907152718,1,0,0.01
1773170251.932267935,0,1,9.83
1773170251.932267935,1,0,0.01
1773170252.956251242,0,0,9.83
1773170252.956251242,1,0,0.01
1773170253.979820891,0,0,9.83
1773170253.979820891,1,0,0.01
1773170255.002985116,0,0,9.83
1773170255.002985116,1,0,0.01
1773170256.026660672,0,0,9.83
1773170256.026660672,1,0,0.01
1773170257.051188217,0,1,9.83
1773170257.051188217,1,0,0.01
1773170258.074784117,0,0,9.83
1773170258.074784117,1,0,0.01
1773170259.098563518,0,0,9.83
1773170259.098563518,1,0,0.01
1773170260.122185888,0,67,9.83
1773170260.122185888,1,0,0.01
1773170261.145544374,0,67,9.83
1773170261.145544374,1,0,0.01
1773170262.168475222,0,0,9.83
1773170262.168475222,1,0,0.01
1773170263.190716675,0,0,9.83
1773170263.190716675,1,0,0.01
1773170264.214372869,0,0,9.83
1773170264.214372869,1,0,0.01
1773170265.238257759,0,0,9.83
1773170265.238257759,1,0,0.01
1773170266.261433045,0,0,9.83
1773170266.261433045,1,0,0.01
1773170267.284627698,0,0,9.83
1773170267.284627698,1,0,0.01
1773170268.307918336,0,0,9.83
1773170268.307918336,1,0,0.01
1773170269.331053325,0,0,9.83
1773170269.331053325,1,0,0.01
1773170270.353819162,0,0,9.83
1773170270.353819162,1,0,0.01
1773170271.377366508,0,0,9.83
1773170271.377366508,1,0,0.01
1773170272.401389541,0,0,9.83
1773170272.401389541,1,0,0.01
1773170273.425272865,0,0,9.83
1773170273.425272865,1,0,0.01
1773170274.448260751,0,0,9.83
1773170274.448260751,1,0,0.01
1773170275.470649089,0,0,9.83
1773170275.470649089,1,0,0.01
1773170276.493592754,0,0,9.83
1773170276.493592754,1,0,0.01
1773170277.517300773,0,0,9.83
1773170277.517300773,1,0,0.01
1773170278.540540444,0,0,9.83
1773170278.540540444,1,0,0.01
1773170279.563588577,0,0,9.83
1773170279.563588577,1,0,0.01
1773170280.586761806,0,0,9.83
1773170280.586761806,1,0,0.01
1773170281.610461631,0,0,9.83
1773170281.610461631,1,0,0.01
1773170282.633490702,0,0,9.83
1773170282.633490702,1,0,0.01
1773170283.657310115,0,0,9.83
1773170283.657310115,1,0,0.01
1773170284.680860154,0,0,9.83
1773170284.680860154,1,0,0.01
1773170285.703884725,0,0,9.83
1773170285.703884725,1,0,0.01
1773170286.726918354,0,0,9.83
1773170286.726918354,1,0,0.01
1773170287.749990611,0,0,9.83
1773170287.749990611,1,0,0.01
1773170288.773963829,0,0,9.83
1773170288.773963829,1,0,0.01
1773170289.797819237,0,0,9.83
1773170289.797819237,1,0,0.01
1773170290.820966770,0,0,9.83
1773170290.820966770,1,0,0.01
1773170291.844000572,0,0,9.83
1773170291.844000572,1,0,0.01
1773170292.867123532,0,0,9.83
1773170292.867123532,1,0,0.01
1773170293.889939330,0,0,9.83
1773170293.889939330,1,0,0.01
1773170294.912801524,0,0,9.83
1773170294.912801524,1,0,0.01
1773170295.936173877,0,0,9.83
1773170295.936173877,1,0,0.01
1773170296.958934050,0,0,9.83
1773170296.958934050,1,0,0.01
1773170297.981829888,0,0,9.83
1773170297.981829888,1,0,0.01
1773170299.005726488,0,0,9.83
1773170299.005726488,1,0,0.01
1773170300.028651612,0,0,9.83
1773170300.028651612,1,0,0.01
1773170301.051796951,0,0,9.83
1773170301.051796951,1,0,0.01
1773170302.075691767,0,0,9.83
1773170302.075691767,1,0,0.01
1773170303.098683018,0,0,9.83
1773170303.098683018,1,0,0.01
1773170304.122232125,0,1,9.83
1773170304.122232125,1,0,0.01
1773170305.144228287,0,0,9.83
1773170305.144228287,1,0,0.01
1773170306.166285404,0,0,9.83
1773170306.166285404,1,0,0.01
1773170307.189237052,0,0,9.83
1773170307.189237052,1,0,0.01
1773170308.211260594,0,0,9.83
1773170308.211260594,1,0,0.01
1773170309.233045664,0,0,9.83
1773170309.233045664,1,0,0.01
1773170310.254946722,0,0,9.83
1773170310.254946722,1,0,0.01
1773170311.276839032,0,0,9.83
1773170311.276839032,1,0,0.01
1773170312.298577070,0,0,9.83
1773170312.298577070,1,0,0.01
1773170313.320540940,0,0,9.83
1773170313.320540940,1,0,0.01
1773170314.342910250,0,0,9.83
1773170314.342910250,1,0,0.01
1773170315.365002980,0,0,9.83
1773170315.365002980,1,0,0.01
1773170316.387998076,0,0,9.83
1773170316.387998076,1,0,0.01
1773170317.410809795,0,0,9.83
1773170317.410809795,1,0,0.01
1773170318.432783884,0,0,9.83
1773170318.432783884,1,0,0.01
1773170319.455065197,0,0,9.83
1773170319.455065197,1,0,0.01
1773170320.476961496,0,0,9.83
1773170320.476961496,1,0,0.01
1773170321.499701135,0,0,9.83
1773170321.499701135,1,0,0.01
1773170322.521500511,0,0,9.83
1773170322.521500511,1,0,0.01
1773170323.543675862,0,0,9.83
1773170323.543675862,1,0,0.01
1773170324.565797223,0,0,9.83
1773170324.565797223,1,0,0.01
1773170325.587696400,0,0,9.83
1773170325.587696400,1,0,0.01
1773170326.610436598,0,0,9.83
1773170326.610436598,1,0,0.01
1773170327.632645392,0,0,9.83
1773170327.632645392,1,0,0.01
1773170328.654457904,0,0,9.83
1773170328.654457904,1,0,0.01
1773170329.677338277,0,0,9.83
1773170329.677338277,1,0,0.01
1773170330.699840970,0,0,9.83
1773170330.699840970,1,0,0.01
1773170331.721877989,0,0,9.83
1773170331.721877989,1,0,0.01
1773170332.744253954,0,0,9.83
1773170332.744253954,1,0,0.01
1773170333.766244894,0,0,9.83
1773170333.766244894,1,0,0.01
1773170334.787291589,0,0,9.83
1773170334.787291589,1,0,0.01
1773170335.809110682,0,0,9.83
1773170335.809110682,1,0,0.01
1773170336.831515858,0,0,9.83
1773170336.831515858,1,0,0.01
1773170337.854455653,0,0,9.83
1773170337.854455653,1,0,0.01
1773170338.877072604,0,0,9.83
1773170338.877072604,1,0,0.01
1773170339.899086703,0,0,9.83
1773170339.899086703,1,0,0.01
1773170340.920972758,0,0,9.83
1773170340.920972758,1,0,0.01
1773170341.943145590,0,0,9.83
1773170341.943145590,1,0,0.01
1773170342.965148150,0,0,9.83
1773170342.965148150,1,0,0.01
1773170343.986851005,0,1,9.83
1773170343.986851005,1,0,0.01
1773170345.008944952,0,0,9.83
1773170345.008944952,1,0,0.01
1773170346.031056293,0,0,9.83
1773170346.031056293,1,0,0.01
1773170347.052939707,0,0,9.83
1773170347.052939707,1,0,0.01
1773170348.074727503,0,0,9.83
1773170348.074727503,1,0,0.01
1773170349.096758652,0,0,9.83
1773170349.096758652,1,0,0.01
1773170350.119424843,0,0,9.83
1773170350.119424843,1,0,0.01
1773170351.141324104,0,0,9.83
1773170351.141324104,1,0,0.01
1773170352.163280523,0,1,9.83
1773170352.163280523,1,0,0.01
1773170353.185061562,0,0,9.83
1773170353.185061562,1,0,0.01
1773170354.206819212,0,0,9.83
1773170354.206819212,1,0,0.01
1773170355.228374779,0,0,9.83
1773170355.228374779,1,0,0.01
1773170356.250878708,0,0,9.83
1773170356.250878708,1,0,0.01
1773170357.272960343,0,0,9.83
1773170357.272960343,1,0,0.01
1773170358.295190390,0,0,9.83
1773170358.295190390,1,0,0.01
1773170359.316902465,0,0,9.83
1773170359.316902465,1,0,0.01
1773170360.338846026,0,0,9.83
1773170360.338846026,1,0,0.01
1773170361.360721165,0,0,9.83
1773170361.360721165,1,0,0.01
1773170362.382866731,0,0,9.83
1773170362.382866731,1,0,0.01
1773170363.404996609,0,0,9.83
1773170363.404996609,1,0,0.01
1773170364.426912560,0,0,9.83
1773170364.426912560,1,0,0.01
1773170365.449748018,0,0,9.83
1773170365.449748018,1,0,0.01
1773170366.472148683,0,0,9.83
1773170366.472148683,1,0,0.01
1773170367.494309887,0,0,9.83
1773170367.494309887,1,0,0.01
1773170368.516392622,0,0,9.83
1773170368.516392622,1,0,0.01
1773170369.538348330,0,0,9.83
1773170369.538348330,1,0,0.01
1773170370.560320693,0,0,9.83
1773170370.560320693,1,0,0.01
1773170371.582226377,0,0,9.83
1773170371.582226377,1,0,0.01
1773170372.604166511,0,0,9.83
1773170372.604166511,1,0,0.01
1773170373.626974832,0,0,9.83
1773170373.626974832,1,0,0.01
1773170374.649018289,0,0,9.83
1773170374.649018289,1,0,0.01
1773170375.671116316,0,0,9.83
1773170375.671116316,1,0,0.01
1773170376.692954890,0,0,9.83
1773170376.692954890,1,0,0.01
1773170377.715661148,0,0,9.83
1773170377.715661148,1,0,0.01
1773170378.738097636,0,0,9.83
1773170378.738097636,1,0,0.01
1773170379.760313739,0,0,9.83
1773170379.760313739,1,0,0.01
1773170380.782993842,0,0,9.83
1773170380.782993842,1,0,0.01
1773170381.805242682,0,0,9.83
1773170381.805242682,1,0,0.01
1773170382.827246848,0,0,9.83
1773170382.827246848,1,0,0.01
1773170383.849097836,0,0,9.83
1773170383.849097836,1,0,0.01
1773170384.871812485,0,0,9.83
1773170384.871812485,1,0,0.01
1773170385.894157239,0,0,9.83
1773170385.894157239,1,0,0.01
1773170386.916199503,0,0,9.83
1773170386.916199503,1,0,0.01
1773170387.938357479,0,0,9.83
1773170387.938357479,1,0,0.01
1773170388.960799959,0,0,9.83
1773170388.960799959,1,0,0.01
1773170389.983751787,0,0,9.83
1773170389.983751787,1,0,0.01
1773170391.005372519,0,0,9.83
1773170391.005372519,1,0,0.01
1773170392.027718079,0,0,9.83
1773170392.027718079,1,0,0.01
1773170393.049977395,0,70,9.83
1773170393.049977395,1,0,0.01
1773170394.072388854,0,67,9.83
1773170394.072388854,1,0,0.01
1773170395.095357205,0,7,9.83
1773170395.095357205,1,0,0.01
1773170396.118372598,0,0,9.83
1773170396.118372598,1,0,0.01
1773170397.140391395,0,0,9.83
1773170397.140391395,1,0,0.01
1773170398.162881220,0,0,9.83
1773170398.162881220,1,0,0.01
1773170399.185855541,0,0,9.83
1773170399.185855541,1,0,0.01
1773170400.207876419,0,0,9.83
1773170400.207876419,1,0,0.01
1773170401.229779065,0,0,9.83
1773170401.229779065,1,0,0.01
1773170402.251689238,0,0,9.83
1773170402.251689238,1,0,0.01
1773170403.274143845,0,0,9.83
1773170403.274143845,1,0,0.01
1773170404.295916673,0,1,9.83
1773170404.295916673,1,0,0.01
1773170405.317917040,0,0,9.83
1773170405.317917040,1,0,0.01
1773170406.339729137,0,0,9.83
1773170406.339729137,1,0,0.01
1773170407.361577934,0,0,9.83
1773170407.361577934,1,0,0.01
1773170408.384001549,0,0,9.83
1773170408.384001549,1,0,0.01
1773170409.406056285,0,0,9.83
1773170409.406056285,1,0,0.01
1773170410.427368124,0,0,9.83
1773170410.427368124,1,0,0.01
1773170411.451015626,0,0,9.83
1773170411.451015626,1,0,0.01
1773170412.472800794,0,0,9.83
1773170412.472800794,1,0,0.01
1773170413.494713296,0,0,9.83
1773170413.494713296,1,0,0.01
1773170414.517538394,0,0,9.83
1773170414.517538394,1,0,0.01
1773170415.540384098,0,0,9.83
1773170415.540384098,1,0,0.01
1773170416.562139380,0,0,9.83
1773170416.562139380,1,0,0.01
1773170417.583664905,0,0,9.83
1773170417.583664905,1,0,0.01
1773170418.605498970,0,0,9.83
1773170418.605498970,1,0,0.01
1773170419.627716938,0,0,9.83
1773170419.627716938,1,0,0.01
1773170420.649399410,0,0,9.83
1773170420.649399410,1,0,0.01
1773170421.671330832,0,0,9.83
1773170421.671330832,1,0,0.01
1773170422.693892433,0,0,9.83
1773170422.693892433,1,0,0.01
1773170423.715707158,0,0,9.83
1773170423.715707158,1,0,0.01
1773170424.738123219,0,0,9.83
1773170424.738123219,1,0,0.01
1773170425.760726196,0,0,9.83
1773170425.760726196,1,0,0.01
1773170426.783232967,0,0,9.83
1773170426.783232967,1,0,0.01
1773170427.805800870,0,0,9.83
1773170427.805800870,1,0,0.01
1773170428.828220313,0,0,9.83
1773170428.828220313,1,0,0.01
1773170429.850730895,0,0,9.83
1773170429.850730895,1,0,0.01
1773170430.872503183,0,0,9.83
1773170430.872503183,1,0,0.01
1773170431.894314245,0,0,9.83
1773170431.894314245,1,0,0.01
1773170432.916936720,0,0,9.83
1773170432.916936720,1,0,0.01
1773170433.939804445,0,0,9.83
1773170433.939804445,1,0,0.01
1773170434.962446447,0,0,9.83
1773170434.962446447,1,0,0.01
1773170435.984470566,0,0,9.83
1773170435.984470566,1,0,0.01
1773170437.006264213,0,0,9.83
1773170437.006264213,1,0,0.01
1773170438.028475021,0,0,9.83
1773170438.028475021,1,0,0.01
1773170439.050649422,0,0,9.83
1773170439.050649422,1,0,0.01
1773170440.073182616,0,0,9.83
1773170440.073182616,1,0,0.01
1773170441.095148803,0,0,9.83
1773170441.095148803,1,0,0.01
1773170442.117212891,0,0,9.83
1773170442.117212891,1,0,0.01
1773170443.139004601,0,0,9.83
1773170443.139004601,1,0,0.01
1773170444.161832179,0,0,9.83
1773170444.161832179,1,0,0.01
1773170445.183782316,0,0,9.83
1773170445.183782316,1,0,0.01
1773170446.206195601,0,0,9.83
1773170446.206195601,1,0,0.01
1773170447.227700576,0,0,9.83
1773170447.227700576,1,0,0.01
1773170448.249397956,0,0,9.83
1773170448.249397956,1,0,0.01
1773170449.271050259,0,0,9.83
1773170449.271050259,1,0,0.01
1773170450.293360219,0,0,9.83
1773170450.293360219,1,0,0.01
1773170451.316136612,0,0,9.83
1773170451.316136612,1,0,0.01
1773170452.337711885,0,0,9.83
1773170452.337711885,1,0,0.01
1773170453.359483107,0,0,9.83
1773170453.359483107,1,0,0.01
1773170454.381952863,0,0,9.83
1773170454.381952863,1,0,0.01
1773170455.404619769,0,0,9.83
1773170455.404619769,1,0,0.01
1773170456.427131140,0,0,9.83
1773170456.427131140,1,0,0.01
1773170457.449011650,0,0,9.83
1773170457.449011650,1,0,0.01
1773170458.471705970,0,0,9.83
1773170458.471705970,1,0,0.01
1773170459.494291612,0,0,9.83
1773170459.494291612,1,0,0.01
1773170460.516120747,0,0,9.83
1773170460.516120747,1,0,0.01
1773170461.538638735,0,0,9.83
1773170461.538638735,1,0,0.01
1773170462.560667573,0,0,9.83
1773170462.560667573,1,0,0.01
1773170463.582571486,0,0,9.83
1773170463.582571486,1,0,0.01
1773170464.604724733,0,0,9.83
1773170464.604724733,1,0,0.01
1773170465.626897238,0,0,9.83
1773170465.626897238,1,0,0.01
1773170466.649861376,0,0,9.83
1773170466.649861376,1,0,0.01
1773170467.672399966,0,0,9.83
1773170467.672399966,1,0,0.01
1773170468.694615522,0,0,9.83
1773170468.694615522,1,0,0.01
1773170469.716046417,0,0,9.83
1773170469.716046417,1,0,0.01
1773170470.738707453,0,0,9.83
1773170470.738707453,1,0,0.01
1773170471.760336658,0,0,9.83
1773170471.760336658,1,0,0.01
1773170472.782929125,0,0,9.83
1773170472.782929125,1,0,0.01
1773170473.805274162,0,0,9.83
1773170473.805274162,1,0,0.01
1773170474.826924781,0,0,9.83
1773170474.826924781,1,0,0.01
1773170475.848812132,0,0,9.83
1773170475.848812132,1,0,0.01
1773170476.870617929,0,0,9.83
1773170476.870617929,1,0,0.01
1773170477.892970503,0,0,9.83
1773170477.892970503,1,0,0.01
1773170478.915636053,0,0,9.83
1773170478.915636053,1,0,0.01
1773170479.937341994,0,0,9.83
1773170479.937341994,1,0,0.01
1773170480.959504735,0,0,9.83
1773170480.959504735,1,0,0.01
1773170481.981303115,0,0,9.83
1773170481.981303115,1,0,0.01
1773170483.004074363,0,0,9.83
1773170483.004074363,1,0,0.01
1773170484.025711699,0,0,9.83
1773170484.025711699,1,0,0.01
1773170485.047627415,0,0,9.83
1773170485.047627415,1,0,0.01
1773170486.070226628,0,0,9.83
1773170486.070226628,1,0,0.01
1773170487.092704478,0,0,9.83
1773170487.092704478,1,0,0.01
1773170488.115325754,0,0,9.83
1773170488.115325754,1,0,0.01
1773170489.137424889,0,0,9.83
1773170489.137424889,1,0,0.01
1773170490.159194842,0,0,9.83
1773170490.159194842,1,0,0.01
1773170491.181290483,0,1,9.83
1773170491.181290483,1,0,0.01
1773170492.203938038,0,0,9.83
1773170492.203938038,1,0,0.01
1773170493.225679517,0,0,9.83
1773170493.225679517,1,0,0.01
1773170494.247613983,0,0,9.83
1773170494.247613983,1,0,0.01
1773170495.268999314,0,71,9.83
1773170495.268999314,1,0,0.01
1773170496.290695141,0,67,9.83
1773170496.290695141,1,0,0.01
1773170497.312610187,0,0,9.83
1773170497.312610187,1,0,0.01
1773170498.334581225,0,0,9.83
1773170498.334581225,1,0,0.01
1773170499.356263609,0,0,9.83
1773170499.356263609,1,0,0.01
1773170500.378871642,0,0,9.83
1773170500.378871642,1,0,0.01
1773170501.401022877,0,0,9.83
1773170501.401022877,1,0,0.01
1773170502.423416155,0,0,9.83
1773170502.423416155,1,0,0.01
1773170503.445999523,0,0,9.83
1773170503.445999523,1,0,0.01
1773170504.467950448,0,0,9.83
1773170504.467950448,1,0,0.01
1773170505.490631827,0,0,9.83
1773170505.490631827,1,0,0.01
1773170506.512280096,0,0,9.83
1773170506.512280096,1,0,0.01
1773170507.534468793,0,0,9.83
1773170507.534468793,1,0,0.01
1773170508.557389405,0,0,9.83
1773170508.557389405,1,0,0.01
1773170509.579550320,0,0,9.83
1773170509.579550320,1,0,0.01
1773170510.601573596,0,0,9.83
1773170510.601573596,1,0,0.01
1773170511.623458583,0,0,9.83
1773170511.623458583,1,0,0.01
1773170512.646277504,0,0,9.83
1773170512.646277504,1,0,0.01
1773170513.668154332,0,0,9.83
1773170513.668154332,1,0,0.01
1773170514.689815502,0,0,9.83
1773170514.689815502,1,0,0.01
1773170515.711950626,0,0,9.83
1773170515.711950626,1,0,0.01
1773170516.734219015,0,0,9.83
1773170516.734219015,1,0,0.01
1773170517.756049168,0,0,9.83
1773170517.756049168,1,0,0.01
1773170518.778427954,0,0,9.83
1773170518.778427954,1,0,0.01
1773170519.800519374,0,0,9.83
1773170519.800519374,1,0,0.01
1773170520.822096786,0,0,9.83
1773170520.822096786,1,0,0.01
1773170521.843745362,0,0,9.83
1773170521.843745362,1,0,0.01
1773170522.866147170,0,0,9.83
1773170522.866147170,1,0,0.01
1773170523.887665465,0,0,9.83
1773170523.887665465,1,0,0.01
1773170524.909733322,0,0,9.83
1773170524.909733322,1,0,0.01
1773170525.931465016,0,0,9.83
1773170525.931465016,1,0,0.01
1773170526.953493017,0,0,9.83
1773170526.953493017,1,0,0.01
1773170527.975943005,0,0,9.83
1773170527.975943005,1,0,0.01
1773170528.997893048,0,0,9.83
1773170528.997893048,1,0,0.01
1773170530.019590749,0,1,9.83
1773170530.019590749,1,0,0.01
1773170531.042533869,0,0,9.83
1773170531.042533869,1,0,0.01
1773170532.064381862,0,1,9.83
1773170532.064381862,1,0,0.01
1773170533.087040274,0,0,9.83
1773170533.087040274,1,0,0.01
1773170534.109313963,0,0,9.83
1773170534.109313963,1,0,0.01
1773170535.131459418,0,0,9.83
1773170535.131459418,1,0,0.01
1773170536.153369780,0,0,9.83
1773170536.153369780,1,0,0.01
1773170537.175561711,0,0,9.83
1773170537.175561711,1,0,0.01
1773170538.197390950,0,0,9.83
1773170538.197390950,1,0,0.01
1773170539.220266397,0,0,9.83
1773170539.220266397,1,0,0.01
1773170540.241260379,0,0,9.83
1773170540.241260379,1,0,0.01
1773170541.263889995,0,0,9.83
1773170541.263889995,1,0,0.01
1773170542.286284786,0,0,9.83
1773170542.286284786,1,0,0.01
1773170543.308894674,0,0,9.83
1773170543.308894674,1,0,0.01
1773170544.331452970,0,0,9.83
1773170544.331452970,1,0,0.01
1773170545.353466918,0,0,9.83
1773170545.353466918,1,0,0.01
1773170546.375016143,0,0,9.83
1773170546.375016143,1,0,0.01
1773170547.396925710,0,0,9.83
1773170547.396925710,1,0,0.01
1773170548.418459831,0,0,9.83
1773170548.418459831,1,0,0.01
1773170549.440450062,0,0,9.83
1773170549.440450062,1,0,0.01
1773170550.462139393,0,0,9.83
1773170550.462139393,1,0,0.01
1773170551.484057539,0,0,9.83
1773170551.484057539,1,0,0.01
1773170552.505779706,0,0,9.83
1773170552.505779706,1,0,0.01
1773170553.528486979,0,0,9.83
1773170553.528486979,1,0,0.01
1773170554.550389107,0,0,9.83
1773170554.550389107,1,0,0.01
1773170555.572376145,0,0,9.83
1773170555.572376145,1,0,0.01
1773170556.594057300,0,0,9.83
1773170556.594057300,1,0,0.01
1773170557.616515134,0,0,9.83
1773170557.616515134,1,0,0.01
1773170558.638256107,0,0,9.83
1773170558.638256107,1,0,0.01
1773170559.660374831,0,0,9.83
1773170559.660374831,1,0,0.01
1773170560.682151166,0,0,9.83
1773170560.682151166,1,0,0.01
1773170561.704853572,0,0,9.83
1773170561.704853572,1,0,0.01
1773170562.726348069,0,62,9.83
1773170562.726348069,1,0,0.01
1773170563.748582818,0,62,9.83
1773170563.748582818,1,0,0.01
1773170564.770104844,0,0,9.83
1773170564.770104844,1,0,0.01
1773170565.791937511,0,0,9.83
1773170565.791937511,1,0,0.01
1773170566.813602776,0,0,9.83
1773170566.813602776,1,0,0.01
1773170567.835392909,0,1,9.83
1773170567.835392909,1,0,0.01
1773170568.856958148,0,0,9.83
1773170568.856958148,1,0,0.01
1773170569.878790864,0,0,9.83
1773170569.878790864,1,0,0.01
1773170570.900536861,0,0,9.83
1773170570.900536861,1,0,0.01
1773170571.923285372,0,0,9.83
1773170571.923285372,1,0,0.01
1773170572.946054917,0,0,9.83
1773170572.946054917,1,0,0.01
1773170573.967817025,0,0,9.83
1773170573.967817025,1,0,0.01
1773170574.989713238,0,0,9.83
1773170574.989713238,1,0,0.01
1773170576.011801863,0,0,9.83
1773170576.011801863,1,0,0.01
1773170577.033341485,0,0,9.83
1773170577.033341485,1,0,0.01
1773170578.055553583,0,0,9.83
1773170578.055553583,1,0,0.01
1773170579.078042768,0,0,9.83
1773170579.078042768,1,0,0.01
1773170580.100052744,0,0,9.83
1773170580.100052744,1,0,0.01
1773170581.121922714,0,0,9.83
1773170581.121922714,1,0,0.01
1773170582.144565769,0,0,9.83
1773170582.144565769,1,0,0.01
1773170583.166932790,0,0,9.83
1773170583.166932790,1,0,0.01
1773170584.189075108,0,0,9.83
1773170584.189075108,1,0,0.01
1773170585.211065832,0,0,9.83
1773170585.211065832,1,0,0.01
1773170586.233364868,0,0,9.83
1773170586.233364868,1,0,0.01
1773170587.255197607,0,0,9.83
1773170587.255197607,1,0,0.01
1773170588.276756428,0,0,9.83
1773170588.276756428,1,0,0.01
1773170589.299429569,0,69,9.83
1773170589.299429569,1,0,0.01
1773170590.320945802,0,69,9.83
1773170590.320945802,1,0,0.01
1773170591.343898484,0,0,9.83
1773170591.343898484,1,0,0.01
1773170592.366057884,0,0,9.83
1773170592.366057884,1,0,0.01
1773170593.387950217,0,0,9.83
1773170593.387950217,1,0,0.01
1773170594.409721018,0,0,9.83
1773170594.409721018,1,0,0.01
1773170595.432747685,0,0,9.83
1773170595.432747685,1,0,0.01
1773170596.454829114,0,0,9.83
1773170596.454829114,1,0,0.01
1773170597.477070772,0,0,9.83
1773170597.477070772,1,0,0.01
1773170598.499124161,0,0,9.83
1773170598.499124161,1,0,0.01
1773170599.521150411,0,0,9.83
1773170599.521150411,1,0,0.01
1773170600.542721233,0,0,9.83
1773170600.542721233,1,0,0.01
1773170601.564832735,0,0,9.83
1773170601.564832735,1,0,0.01
1773170602.586707218,0,0,9.83
1773170602.586707218,1,0,0.01
1773170603.608083119,0,0,9.83
1773170603.608083119,1,0,0.01
1773170604.630609344,0,0,9.83
1773170604.630609344,1,0,0.01
1773170605.652696301,0,0,9.83
1773170605.652696301,1,0,0.01
1773170606.674328977,0,0,9.83
1773170606.674328977,1,0,0.01
1773170607.696374008,0,0,9.83
1773170607.696374008,1,0,0.01
1773170608.718689520,0,0,9.83
1773170608.718689520,1,0,0.01
1773170609.740882840,0,0,9.83
1773170609.740882840,1,0,0.01
1773170610.762793845,0,0,9.83
1773170610.762793845,1,0,0.01
1773170611.785602079,0,0,9.83
1773170611.785602079,1,0,0.01
1773170612.807268467,0,0,9.83
1773170612.807268467,1,0,0.01
1773170613.830238063,0,0,9.83
1773170613.830238063,1,0,0.01
1773170614.851422342,0,0,9.83
1773170614.851422342,1,0,0.01
1773170615.872708956,0,0,9.83
1773170615.872708956,1,0,0.01
1773170616.894290495,0,0,9.83
1773170616.894290495,1,0,0.01
1773170617.916565253,0,0,9.83
1773170617.916565253,1,0,0.01
1773170618.938478542,0,0,9.83
1773170618.938478542,1,0,0.01
1773170619.960566027,0,0,9.83
1773170619.960566027,1,0,0.01
1773170620.983057414,0,0,9.83
1773170620.983057414,1,0,0.01
1773170622.006792611,0,0,9.83
1773170622.006792611,1,0,0.01
1773170623.028154875,0,0,9.83
1773170623.028154875,1,0,0.01
1773170624.050209556,0,0,9.83
1773170624.050209556,1,0,0.01
1773170625.072216693,0,0,9.83
1773170625.072216693,1,0,0.01
1773170626.094545330,0,0,9.83
1773170626.094545330,1,0,0.01
1773170627.116382618,0,0,9.83
1773170627.116382618,1,0,0.01
1773170628.138464754,0,0,9.83
1773170628.138464754,1,0,0.01
1773170629.160283187,0,0,9.83
1773170629.160283187,1,0,0.01
1773170630.182336442,0,0,9.83
1773170630.182336442,1,0,0.01
1773170631.203421025,0,0,9.83
1773170631.203421025,1,0,0.01
1773170632.224706872,0,0,9.83
1773170632.224706872,1,0,0.01
1773170633.246298970,0,0,9.83
1773170633.246298970,1,0,0.01
1773170634.267650701,0,0,9.83
1773170634.267650701,1,0,0.01
1773170635.291082659,0,0,9.83
1773170635.291082659,1,0,0.01
1773170636.313260811,0,0,9.83
1773170636.313260811,1,0,0.01
1773170637.335899305,0,0,9.83
1773170637.335899305,1,0,0.01
1773170638.358216484,0,0,9.83
1773170638.358216484,1,0,0.01
1773170639.380291400,0,0,9.83
1773170639.380291400,1,0,0.01
1773170640.401907221,0,0,9.83
1773170640.401907221,1,0,0.01
1773170641.424003571,0,0,9.83
1773170641.424003571,1,0,0.01
1773170642.446281324,0,0,9.83
1773170642.446281324,1,0,0.01
1773170643.468898683,0,0,9.83
1773170643.468898683,1,0,0.01
1773170644.490731415,0,0,9.83
1773170644.490731415,1,0,0.01
1773170645.512041295,0,0,9.83
1773170645.512041295,1,0,0.01
1773170646.533701173,0,0,9.83
1773170646.533701173,1,0,0.01
1773170647.556457354,0,0,9.83
1773170647.556457354,1,0,0.01
1773170648.578159845,0,0,9.83
1773170648.578159845,1,0,0.01
1773170649.600232746,0,0,9.83
1773170649.600232746,1,0,0.01
1773170650.622086492,0,0,9.83
1773170650.622086492,1,0,0.01
1773170651.644733125,0,0,9.83
1773170651.644733125,1,0,0.01
1773170652.666484755,0,0,9.83
1773170652.666484755,1,0,0.01
1773170653.689212923,0,0,9.83
1773170653.689212923,1,0,0.01
1773170654.710988671,0,0,9.83
1773170654.710988671,1,0,0.01
1773170655.732921041,0,0,9.83
1773170655.732921041,1,0,0.01
1773170656.754447982,0,0,9.83
1773170656.754447982,1,0,0.01
1773170657.776518810,0,0,9.83
1773170657.776518810,1,0,0.01
1773170658.797876936,0,0,9.83
1773170658.797876936,1,0,0.01
1773170659.819767414,0,0,9.83
1773170659.819767414,1,0,0.01
1773170660.841262584,0,0,9.83
1773170660.841262584,1,0,0.01
1773170661.863759546,0,0,9.83
1773170661.863759546,1,0,0.01
1773170662.885400337,0,0,9.83
1773170662.885400337,1,0,0.01
1773170663.907720453,0,0,9.83
1773170663.907720453,1,0,0.01
1773170664.930420958,0,0,9.83
1773170664.930420958,1,0,0.01
1773170665.952126519,0,0,9.83
1773170665.952126519,1,0,0.01
1773170666.974312247,0,0,9.83
1773170666.974312247,1,0,0.01
1773170667.996308693,0,0,9.83
1773170667.996308693,1,0,0.01
1773170669.017926725,0,0,9.83
1773170669.017926725,1,0,0.01
1773170670.039818754,0,0,9.83
1773170670.039818754,1,0,0.01
1773170671.061544885,0,1,9.83
1773170671.061544885,1,0,0.01
1773170672.083304832,0,0,9.83
1773170672.083304832,1,0,0.01
1773170673.105081425,0,0,9.83
1773170673.105081425,1,0,0.01
1773170674.127496904,0,0,9.83
1773170674.127496904,1,0,0.01
1773170675.148522605,0,0,9.83
1773170675.148522605,1,0,0.01
1773170676.170296657,0,0,9.83
1773170676.170296657,1,0,0.01
1773170677.192243648,0,0,9.83
1773170677.192243648,1,0,0.01
1773170678.214987984,0,0,9.83
1773170678.214987984,1,0,0.01
1773170679.236625224,0,0,9.83
1773170679.236625224,1,0,0.01
1773170680.259041965,0,0,9.83
1773170680.259041965,1,0,0.01
1773170681.280738119,0,0,9.83
1773170681.280738119,1,0,0.01
1773170682.302250651,0,0,9.83
1773170682.302250651,1,0,0.01
1773170683.323963591,0,0,9.83
1773170683.323963591,1,0,0.01
1773170684.344821893,0,67,9.83
1773170684.344821893,1,0,0.01
1773170685.366862428,0,67,9.83
1773170685.366862428,1,0,0.01
1773170686.389195136,0,0,9.83
1773170686.389195136,1,0,0.01
1773170687.411830667,0,0,9.83
1773170687.411830667,1,0,0.01
1773170688.436312763,0,0,9.83
1773170688.436312763,1,0,0.01
1773170689.458980082,0,0,9.83
1773170689.458980082,1,0,0.01
1773170690.480922182,0,0,9.83
1773170690.480922182,1,0,0.01
1773170691.503369104,0,0,9.83
1773170691.503369104,1,0,0.01
1773170692.526232022,0,0,9.83
1773170692.526232022,1,0,0.01
1773170693.549003950,0,0,9.83
1773170693.549003950,1,0,0.01
1773170694.571716453,0,0,9.83
1773170694.571716453,1,0,0.01
1773170695.594115830,0,0,9.83
1773170695.594115830,1,0,0.01
1773170696.616132069,0,0,9.83
1773170696.616132069,1,0,0.01
1773170697.638046457,0,0,9.83
1773170697.638046457,1,0,0.01
1773170698.660180892,0,0,9.83
1773170698.660180892,1,0,0.01
1773170699.683150896,0,0,9.83
1773170699.683150896,1,0,0.01
1773170700.705280562,0,0,9.83
1773170700.705280562,1,0,0.01
1773170701.727042001,0,0,9.83
1773170701.727042001,1,0,0.01
1773170702.748559328,0,0,9.83
1773170702.748559328,1,0,0.01
1773170703.770432240,0,0,9.83
1773170703.770432240,1,0,0.01
1773170704.792114361,0,0,9.83
1773170704.792114361,1,0,0.01
1773170705.814406658,0,0,9.83
1773170705.814406658,1,0,0.01
1773170706.836537678,0,0,9.83
1773170706.836537678,1,0,0.01
1773170707.858865765,0,0,9.83
1773170707.858865765,1,0,0.01
1773170708.880526630,0,0,9.83
1773170708.880526630,1,0,0.01
1773170709.903119780,0,0,9.83
1773170709.903119780,1,0,0.01
1773170710.925648130,0,0,9.83
1773170710.925648130,1,0,0.01
1773170711.947593991,0,0,9.83
1773170711.947593991,1,0,0.01
1773170712.969701113,0,0,9.83
1773170712.969701113,1,0,0.01
1773170713.991843604,0,0,9.83
1773170713.991843604,1,0,0.01
1773170715.014112992,0,0,9.83
1773170715.014112992,1,0,0.01
1773170716.036556322,0,0,9.83
1773170716.036556322,1,0,0.01
1773170717.058456256,0,0,9.83
1773170717.058456256,1,0,0.01
1773170718.080785176,0,0,9.83
1773170718.080785176,1,0,0.01
1773170719.102680094,0,0,9.83
1773170719.102680094,1,0,0.01
1773170720.125027202,0,0,9.83
1773170720.125027202,1,0,0.01
1773170721.147135973,0,0,9.83
1773170721.147135973,1,0,0.01
1773170722.169443062,0,0,9.83
1773170722.169443062,1,0,0.01
1773170723.192015438,0,0,9.83
1773170723.192015438,1,0,0.01
1773170724.214444490,0,0,9.83
1773170724.214444490,1,0,0.01
1773170725.237036668,0,0,9.83
1773170725.237036668,1,0,0.01
1773170726.259204349,0,0,9.83
1773170726.259204349,1,0,0.01
1773170727.281079361,0,0,9.83
1773170727.281079361,1,0,0.01
1773170728.303531488,0,0,9.83
1773170728.303531488,1,0,0.01
1773170729.325281240,0,0,9.83
1773170729.325281240,1,0,0.01
1773170730.347469907,0,0,9.83
1773170730.347469907,1,0,0.01
1773170731.369278681,0,0,9.83
1773170731.369278681,1,0,0.01
1773170732.391003893,0,0,9.83
1773170732.391003893,1,0,0.01
1773170733.412761132,0,0,9.83
1773170733.412761132,1,0,0.01
1773170734.434442449,0,0,9.83
1773170734.434442449,1,0,0.01
1773170735.456252173,0,0,9.83
1773170735.456252173,1,0,0.01
1773170736.477928432,0,0,9.83
1773170736.477928432,1,0,0.01
1773170737.499649067,0,1,9.83
1773170737.499649067,1,0,0.01
1773170738.521528210,0,0,9.83
1773170738.521528210,1,0,0.01
1773170739.543641321,0,0,9.83
1773170739.543641321,1,0,0.01
1773170740.565450531,0,0,9.83
1773170740.565450531,1,0,0.01
1773170741.587372059,0,0,9.83
1773170741.587372059,1,0,0.01
1773170742.608923018,0,0,9.83
1773170742.608923018,1,0,0.01
1773170743.631490644,0,0,9.83
1773170743.631490644,1,0,0.01
1773170744.653168718,0,0,9.83
1773170744.653168718,1,0,0.01
1773170745.675813737,0,0,9.83
1773170745.675813737,1,0,0.01
1773170746.697430862,0,0,9.83
1773170746.697430862,1,0,0.01
1773170747.719105028,0,0,9.83
1773170747.719105028,1,0,0.01
1773170748.741444677,0,0,9.83
1773170748.741444677,1,0,0.01
1773170749.763004992,0,0,9.83
1773170749.763004992,1,0,0.01
1773170750.785315029,0,0,9.83
1773170750.785315029,1,0,0.01
1773170751.807725980,0,0,9.83
1773170751.807725980,1,0,0.01
1773170752.829371531,0,0,9.83
1773170752.829371531,1,0,0.01
1773170753.850963426,0,0,9.83
1773170753.850963426,1,0,0.01
1773170754.872413256,0,0,9.83
1773170754.872413256,1,0,0.01
1773170755.894869352,0,0,9.83
1773170755.894869352,1,0,0.01
1773170756.916662726,0,0,9.83
1773170756.916662726,1,0,0.01
1773170757.938364662,0,0,9.83
1773170757.938364662,1,0,0.01
1773170758.960070404,0,0,9.83
1773170758.960070404,1,0,0.01
1773170759.982853368,0,0,9.83
1773170759.982853368,1,0,0.01
1773170761.004792456,0,0,9.83
1773170761.004792456,1,0,0.01
1773170762.026543352,0,0,9.83
1773170762.026543352,1,0,0.01
1773170763.048556524,0,0,9.83
1773170763.048556524,1,0,0.01
1773170764.071414752,0,0,9.83
1773170764.071414752,1,0,0.01
1773170765.093298750,0,0,9.83
1773170765.093298750,1,0,0.01
1773170766.115004917,0,1,9.83
1773170766.115004917,1,0,0.01
1773170767.137861607,0,0,9.83
1773170767.137861607,1,0,0.01
1773170768.159477719,0,0,9.83
1773170768.159477719,1,0,0.01
1773170769.181362259,0,0,9.83
1773170769.181362259,1,0,0.01
1773170770.203275154,0,0,9.83
1773170770.203275154,1,0,0.01
1773170771.225052190,0,0,9.83
1773170771.225052190,1,0,0.01
1773170772.247383210,0,0,9.83
1773170772.247383210,1,0,0.01
1773170773.269460943,0,0,9.83
1773170773.269460943,1,0,0.01
1773170774.291784888,0,0,9.83
1773170774.291784888,1,0,0.01
1773170775.313750973,0,0,9.83
1773170775.313750973,1,0,0.01
1773170776.335701488,0,0,9.83
1773170776.335701488,1,0,0.01
1773170777.358058017,0,0,9.83
1773170777.358058017,1,0,0.01
1773170778.379620864,0,0,9.83
1773170778.379620864,1,0,0.01
1773170779.402221510,0,0,9.83
1773170779.402221510,1,0,0.01
1773170780.424470737,0,0,9.83
1773170780.424470737,1,0,0.01
1773170781.446958598,0,0,9.83
1773170781.446958598,1,0,0.01
1773170782.468592141,0,0,9.83
1773170782.468592141,1,0,0.01
1773170783.490428912,0,0,9.83
1773170783.490428912,1,0,0.01
1773170784.512221645,0,0,9.83
1773170784.512221645,1,0,0.01
1773170785.534300684,0,0,9.83
1773170785.534300684,1,0,0.01
1773170786.555820821,0,0,9.83
1773170786.555820821,1,0,0.01
1773170787.576625198,0,0,9.83
1773170787.576625198,1,0,0.01
1773170788.599366611,0,0,9.83
1773170788.599366611,1,0,0.01
1773170789.621794254,0,0,9.83
1773170789.621794254,1,0,0.01
1773170790.643207880,0,0,9.83
1773170790.643207880,1,0,0.01
1773170791.665807632,0,0,9.83
1773170791.665807632,1,0,0.01
1773170792.688179037,0,0,9.83
1773170792.688179037,1,0,0.01
1773170793.710306195,0,0,9.83
1773170793.710306195,1,0,0.01
1773170794.732489969,0,0,9.83
1773170794.732489969,1,0,0.01
1773170795.755139105,0,0,9.83
1773170795.755139105,1,0,0.01
1773170796.776812483,0,0,9.83
1773170796.776812483,1,0,0.01
1773170797.798620378,0,0,9.83
1773170797.798620378,1,0,0.01
1773170798.819973151,0,0,9.83
1773170798.819973151,1,0,0.01
1773170799.842499370,0,70,9.83
1773170799.842499370,1,0,0.01
1773170800.864846685,0,70,9.83
1773170800.864846685,1,0,0.01
1773170801.887533033,0,0,9.83
1773170801.887533033,1,0,0.01
1773170802.909042549,0,0,9.83
1773170802.909042549,1,0,0.01
1773170803.930889611,0,0,9.83
1773170803.930889611,1,0,0.01
1773170804.960732673,0,0,9.83
1773170804.960732673,1,0,0.01
1773170805.982610147,0,0,9.83
1773170805.982610147,1,0,0.01
1773170807.004312451,0,0,9.83
1773170807.004312451,1,0,0.01
1773170808.026177003,0,0,9.83
1773170808.026177003,1,0,0.01
1773170809.048187688,0,0,9.83
1773170809.048187688,1,0,0.01
1773170810.069995630,0,0,9.83
1773170810.069995630,1,0,0.01
1773170811.091875468,0,0,9.83
1773170811.091875468,1,0,0.01
1773170812.114754282,0,0,9.83
1773170812.114754282,1,0,0.01
1773170813.136446374,0,0,9.83
1773170813.136446374,1,0,0.01
1773170814.159304739,0,0,9.83
1773170814.159304739,1,0,0.01
1773170815.180915510,0,0,9.83
1773170815.180915510,1,0,0.01
1773170816.202906850,0,0,9.83
1773170816.202906850,1,0,0.01
1773170817.224504255,0,0,9.83
1773170817.224504255,1,0,0.01
1773170818.246305826,0,68,9.83
1773170818.246305826,1,0,0.01
1773170819.268267801,0,68,9.83
1773170819.268267801,1,0,0.01
1773170820.290875864,0,0,9.83
1773170820.290875864,1,0,0.01
1773170821.313447382,0,0,9.83
1773170821.313447382,1,0,0.01
1773170822.335185969,0,0,9.83
1773170822.335185969,1,0,0.01
1773170823.357271906,0,0,9.83
1773170823.357271906,1,0,0.01
1773170824.379039351,0,0,9.83
1773170824.379039351,1,0,0.01
1773170825.401336354,0,0,9.83
1773170825.401336354,1,0,0.01
1773170826.423427708,0,0,9.83
1773170826.423427708,1,0,0.01
1773170827.444397808,0,0,9.83
1773170827.444397808,1,0,0.01
1773170828.466501347,0,0,9.83
1773170828.466501347,1,0,0.01
1773170829.487527682,0,0,9.83
1773170829.487527682,1,0,0.01
1773170830.509892517,0,0,9.83
1773170830.509892517,1,0,0.01
1773170831.531711121,0,0,9.83
1773170831.531711121,1,0,0.01
1773170832.554466687,0,0,9.83
1773170832.554466687,1,0,0.01
1773170833.576100949,0,0,9.83
1773170833.576100949,1,0,0.01
1773170834.598188825,0,0,9.83
1773170834.598188825,1,0,0.01
1773170835.619799832,0,0,9.83
1773170835.619799832,1,0,0.01
1773170836.641735025,0,0,9.83
1773170836.641735025,1,0,0.01
1773170837.664033343,0,0,9.83
1773170837.664033343,1,0,0.01
1773170838.686653876,0,0,9.83
1773170838.686653876,1,0,0.01
1773170839.708362043,0,0,9.83
1773170839.708362043,1,0,0.01
1773170840.730162786,0,0,9.83
1773170840.730162786,1,0,0.01
1773170841.751624136,0,0,9.83
1773170841.751624136,1,0,0.01
1773170842.773316147,0,0,9.83
1773170842.773316147,1,0,0.01
1773170843.794742870,0,0,9.83
1773170843.794742870,1,0,0.01
1773170844.816629015,0,0,9.83
1773170844.816629015,1,0,0.01
1773170845.838007388,0,0,9.83
1773170845.838007388,1,0,0.01
1773170846.859899591,0,0,9.83
1773170846.859899591,1,0,0.01
1773170847.881474219,0,0,9.83
1773170847.881474219,1,0,0.01
1773170848.904175755,0,0,9.83
1773170848.904175755,1,0,0.01
1773170849.925418392,0,0,9.83
1773170849.925418392,1,0,0.01
1773170850.947271035,0,0,9.83
1773170850.947271035,1,0,0.01
1773170851.969020520,0,0,9.83
1773170851.969020520,1,0,0.01
1773170852.992803483,0,0,9.83
1773170852.992803483,1,0,0.01
1773170854.014608412,0,0,9.83
1773170854.014608412,1,0,0.01
1773170855.037449678,0,0,9.83
1773170855.037449678,1,0,0.01
1773170856.059994605,0,0,9.83
1773170856.059994605,1,0,0.01
1773170857.082854763,0,0,9.83
1773170857.082854763,1,0,0.01
1773170858.105107496,0,0,9.83
1773170858.105107496,1,0,0.01
1773170859.126954190,0,0,9.83
1773170859.126954190,1,0,0.01
1773170860.148360456,0,0,9.83
1773170860.148360456,1,0,0.01
1773170861.170390650,0,0,9.83
1773170861.170390650,1,0,0.01
1773170862.191963149,0,1,9.83
1773170862.191963149,1,0,0.01
1773170863.214664003,0,0,9.83
1773170863.214664003,1,0,0.01
1773170864.236750065,0,0,9.83
1773170864.236750065,1,0,0.01
1773170865.258738563,0,0,9.83
1773170865.258738563,1,0,0.01
1773170866.280400258,0,0,9.83
1773170866.280400258,1,0,0.01
1773170867.303243651,0,0,9.83
1773170867.303243651,1,0,0.01
1773170868.324855936,0,0,9.83
1773170868.324855936,1,0,0.01
1773170869.347380396,0,0,9.83
1773170869.347380396,1,0,0.01
1773170870.369689560,0,0,9.83
1773170870.369689560,1,0,0.01
1773170871.391657607,0,0,9.83
1773170871.391657607,1,0,0.01
1773170872.413050955,0,0,9.83
1773170872.413050955,1,0,0.01
1773170873.435184771,0,0,9.83
1773170873.435184771,1,0,0.01
1773170874.457698524,0,0,9.83
1773170874.457698524,1,0,0.01
1773170875.479886777,0,0,9.83
1773170875.479886777,1,0,0.01
1773170876.501508430,0,0,9.83
1773170876.501508430,1,0,0.01
1773170877.523343261,0,0,9.83
1773170877.523343261,1,0,0.01
1773170878.545162999,0,0,9.83
1773170878.545162999,1,0,0.01
1773170879.567461730,0,0,9.83
1773170879.567461730,1,0,0.01
1773170880.589300162,0,0,9.83
1773170880.589300162,1,0,0.01
1773170881.611979671,0,1,9.83
1773170881.611979671,1,0,0.01
1773170882.634456076,0,0,9.83
1773170882.634456076,1,0,0.01
1773170883.657367342,0,0,9.83
1773170883.657367342,1,0,0.01
1773170884.679682245,0,0,9.83
1773170884.679682245,1,0,0.01
1773170885.701819615,0,0,9.83
1773170885.701819615,1,0,0.01
1773170886.724404609,0,0,9.83
1773170886.724404609,1,0,0.01
1773170887.746004786,0,0,9.83
1773170887.746004786,1,0,0.01
1773170888.767982918,0,0,9.83
1773170888.767982918,1,0,0.01
1773170889.789568847,0,0,9.83
1773170889.789568847,1,0,0.01
1773170890.811676230,0,0,9.83
1773170890.811676230,1,0,0.01
1773170891.833447215,0,0,9.83
1773170891.833447215,1,0,0.01
1773170892.856114438,0,0,9.83
1773170892.856114438,1,0,0.01
1773170893.877857773,0,65,9.83
1773170893.877857773,1,0,0.01
1773170894.900659953,0,65,9.83
1773170894.900659953,1,0,0.01
1773170895.922512890,0,0,9.83
1773170895.922512890,1,0,0.01
1773170896.944615522,0,0,9.83
1773170896.944615522,1,0,0.01
1773170897.966195755,0,0,9.83
1773170897.966195755,1,0,0.01
1773170898.988927556,0,0,9.83
1773170898.988927556,1,0,0.01
1773170900.010481702,0,0,9.83
1773170900.010481702,1,0,0.01
1773170901.032216060,0,0,9.83
1773170901.032216060,1,0,0.01
1773170902.053263180,0,0,9.83
1773170902.053263180,1,0,0.01
1773170903.075025425,0,0,9.83
1773170903.075025425,1,0,0.01
1773170904.097384494,0,0,9.83
1773170904.097384494,1,0,0.01
1773170905.119293519,0,0,9.83
1773170905.119293519,1,0,0.01
1773170906.141102622,0,0,9.83
1773170906.141102622,1,0,0.01
1773170907.163698724,0,0,9.83
1773170907.163698724,1,0,0.01
1773170908.185290677,0,0,9.83
1773170908.185290677,1,0,0.01
1773170909.207348172,0,0,9.83
1773170909.207348172,1,0,0.01
1773170910.229561589,0,0,9.83
1773170910.229561589,1,0,0.01
1773170911.252020684,0,0,9.83
1773170911.252020684,1,0,0.01
1773170912.272714716,0,0,9.83
1773170912.272714716,1,0,0.01
1773170913.294387585,0,0,9.83
1773170913.294387585,1,0,0.01
1773170914.317312484,0,0,9.83
1773170914.317312484,1,0,0.01
1773170915.339208733,0,0,9.83
1773170915.339208733,1,0,0.01
1773170916.361252686,0,0,9.83
1773170916.361252686,1,0,0.01
1773170917.382902671,0,0,9.83
1773170917.382902671,1,0,0.01
1773170918.405195709,0,0,9.83
1773170918.405195709,1,0,0.01
1773170919.426906946,0,0,9.83
1773170919.426906946,1,0,0.01
1773170920.448455879,0,0,9.83
1773170920.448455879,1,0,0.01
1773170921.470890905,0,0,9.83
1773170921.470890905,1,0,0.01
1773170922.493039557,0,0,9.83
1773170922.493039557,1,0,0.01
1773170923.515671078,0,0,9.83
1773170923.515671078,1,0,0.01
1773170924.537294078,0,0,9.83
1773170924.537294078,1,0,0.01
1773170925.559162169,0,0,9.83
1773170925.559162169,1,0,0.01
1773170926.581248681,0,0,9.83
1773170926.581248681,1,0,0.01
1773170927.603727757,0,1,9.83
1773170927.603727757,1,0,0.01
1773170928.625681314,0,0,9.83
1773170928.625681314,1,0,0.01
1773170929.647962515,0,0,9.83
1773170929.647962515,1,0,0.01
1773170930.669347274,0,0,9.83
1773170930.669347274,1,0,0.01
1773170931.691377026,0,0,9.83
1773170931.691377026,1,0,0.01
1773170932.713818716,0,0,9.83
1773170932.713818716,1,0,0.01
1773170933.735642869,0,0,9.83
1773170933.735642869,1,0,0.01
1773170934.758173564,0,0,9.83
1773170934.758173564,1,0,0.01
1773170935.780616652,0,0,9.83
1773170935.780616652,1,0,0.01
1773170936.802598686,0,0,9.83
1773170936.802598686,1,0,0.01
1773170937.827131897,0,0,9.83
1773170937.827131897,1,0,0.01
1773170938.848845215,0,0,9.83
1773170938.848845215,1,0,0.01
1773170939.869465563,0,0,9.83
1773170939.869465563,1,0,0.01
1773170940.891640091,0,0,9.83
1773170940.891640091,1,0,0.01
1773170941.914242743,0,0,9.83
1773170941.914242743,1,0,0.01
1773170942.935699634,0,0,9.83
1773170942.935699634,1,0,0.01
1773170943.957389049,0,0,9.83
1773170943.957389049,1,0,0.01
1773170944.978357894,0,1,9.83
1773170944.978357894,1,0,0.01
1773170946.000540270,0,0,9.83
1773170946.000540270,1,0,0.01
1773170947.021849346,0,0,9.83
1773170947.021849346,1,0,0.01
1773170948.044409133,0,0,9.83
1773170948.044409133,1,0,0.01
1773170949.067241451,0,0,9.83
1773170949.067241451,1,0,0.01
1773170950.089857787,0,0,9.83
1773170950.089857787,1,0,0.01
1773170951.111556762,0,0,9.83
1773170951.111556762,1,0,0.01
1773170952.132698038,0,1,9.83
1773170952.132698038,1,0,0.01
1773170953.154586562,0,0,9.83
1773170953.154586562,1,0,0.01
1773170954.176643879,0,0,9.83
1773170954.176643879,1,0,0.01
1773170955.198498826,0,0,9.83
1773170955.198498826,1,0,0.01
1773170956.220688680,0,0,9.83
1773170956.220688680,1,0,0.01
1773170957.242119364,0,0,9.83
1773170957.242119364,1,0,0.01
1773170958.263987081,0,0,9.83
1773170958.263987081,1,0,0.01
1773170959.286561813,0,0,9.83
1773170959.286561813,1,0,0.01
1773170960.308820314,0,0,9.83
1773170960.308820314,1,0,0.01
1773170961.330997737,0,0,9.83
1773170961.330997737,1,0,0.01
1773170962.352689713,0,0,9.83
1773170962.352689713,1,0,0.01
1773170963.375123672,0,0,9.83
1773170963.375123672,1,0,0.01
1773170964.396749826,0,0,9.83
1773170964.396749826,1,0,0.01
1773170965.418437126,0,0,9.83
1773170965.418437126,1,0,0.01
1773170966.441031812,0,0,9.83
1773170966.441031812,1,0,0.01
1773170967.462545361,0,0,9.83
1773170967.462545361,1,0,0.01
1773170968.485162807,0,0,9.83
1773170968.485162807,1,0,0.01
1773170969.507630862,0,0,9.83
1773170969.507630862,1,0,0.01
1773170970.529385406,0,0,9.83
1773170970.529385406,1,0,0.01
1773170971.551630001,0,0,9.83
1773170971.551630001,1,0,0.01
1773170972.574146553,0,0,9.83
1773170972.574146553,1,0,0.01
1773170973.596626039,0,0,9.83
1773170973.596626039,1,0,0.01
1773170974.618480231,0,0,9.83
1773170974.618480231,1,0,0.01
1773170975.640002091,0,1,9.83
1773170975.640002091,1,0,0.01
1773170976.662638644,0,0,9.83
1773170976.662638644,1,0,0.01
1773170977.684975614,0,0,9.83
1773170977.684975614,1,0,0.01
1773170978.707611892,0,0,9.83
1773170978.707611892,1,0,0.01
1773170979.730003727,0,0,9.83
1773170979.730003727,1,0,0.01
1773170980.752310341,0,0,9.83
1773170980.752310341,1,0,0.01
1773170981.774380526,0,0,9.83
1773170981.774380526,1,0,0.01
1773170982.795986324,0,0,9.83
1773170982.795986324,1,0,0.01
1773170983.817402779,0,0,9.83
1773170983.817402779,1,0,0.01
1773170984.838986160,0,0,9.83
1773170984.838986160,1,0,0.01
1773170985.860479179,0,0,9.83
1773170985.860479179,1,0,0.01
1773170986.882655147,0,0,9.83
1773170986.882655147,1,0,0.01
1773170987.904676841,0,0,9.83
1773170987.904676841,1,0,0.01
1773170988.926867324,0,0,9.83
1773170988.926867324,1,0,0.01
1773170989.948489805,0,0,9.83
1773170989.948489805,1,0,0.01
1773170990.970900385,0,0,9.83
1773170990.970900385,1,0,0.01
1773170991.992405585,0,0,9.83
1773170991.992405585,1,0,0.01
1773170993.014312568,0,0,9.83
1773170993.014312568,1,0,0.01
1773170994.036255209,0,0,9.83
1773170994.036255209,1,0,0.01
1773170995.057811867,0,0,9.83
1773170995.057811867,1,0,0.01
1773170996.079591819,0,0,9.83
1773170996.079591819,1,0,0.01
1773170997.101196582,0,0,9.83
1773170997.101196582,1,0,0.01
1773170998.123608870,0,0,9.83
1773170998.123608870,1,0,0.01
1773170999.145153197,0,0,9.83
1773170999.145153197,1,0,0.01
1773171000.166856623,0,0,9.83
1773171000.166856623,1,0,0.01
1773171001.188362442,0,0,9.83
1773171001.188362442,1,0,0.01
1773171002.211008523,0,0,9.83
1773171002.211008523,1,0,0.01
1773171003.232499110,0,0,9.83
1773171003.232499110,1,0,0.01
1773171004.254915616,0,1,9.83
1773171004.254915616,1,0,0.01
1773171005.276295925,0,0,9.83
1773171005.276295925,1,0,0.01
1773171006.297679363,0,0,9.83
1773171006.297679363,1,0,0.01
1773171007.319082972,0,0,9.83
1773171007.319082972,1,0,0.01
1773171008.340534665,0,0,9.83
1773171008.340534665,1,0,0.01
1773171009.361296740,0,0,9.83
1773171009.361296740,1,0,0.01
1773171010.382812526,0,0,9.83
1773171010.382812526,1,0,0.01
1773171011.404366409,0,0,9.83
1773171011.404366409,1,0,0.01
1773171012.426795020,0,0,9.83
1773171012.426795020,1,0,0.01
1773171013.447590951,0,0,9.83
1773171013.447590951,1,0,0.01
1773171014.469942868,0,0,9.83
1773171014.469942868,1,0,0.01
1773171015.491376183,0,0,9.83
1773171015.491376183,1,0,0.01
1773171016.513246109,0,0,9.83
1773171016.513246109,1,0,0.01
1773171017.534330995,0,0,9.83
1773171017.534330995,1,0,0.01
1773171018.556345497,0,0,9.83
1773171018.556345497,1,0,0.01
1773171019.577790044,0,0,9.83
1773171019.577790044,1,0,0.01
1773171020.599173249,0,0,9.83
1773171020.599173249,1,0,0.01
1773171021.620836270,0,0,9.83
1773171021.620836270,1,0,0.01
1773171022.642536842,0,0,9.83
1773171022.642536842,1,0,0.01
1773171023.664438890,0,0,9.83
1773171023.664438890,1,0,0.01
1773171024.686159140,0,0,9.83
1773171024.686159140,1,0,0.01
1773171025.708623083,0,1,9.83
1773171025.708623083,1,0,0.01
1773171026.731160805,0,0,9.83
1773171026.731160805,1,0,0.01
1773171027.753028122,0,0,9.83
1773171027.753028122,1,0,0.01
1773171028.775446484,0,0,9.83
1773171028.775446484,1,0,0.01
1773171029.797931098,0,0,9.83
1773171029.797931098,1,0,0.01
1773171030.819444349,0,0,9.83
1773171030.819444349,1,0,0.01
1773171031.841002466,0,0,9.83
1773171031.841002466,1,0,0.01
1773171032.862610577,0,0,9.83
1773171032.862610577,1,0,0.01
1773171033.884730053,0,0,9.83
1773171033.884730053,1,0,0.01
1773171034.906320424,0,0,9.83
1773171034.906320424,1,0,0.01
1773171035.927701003,0,0,9.83
1773171035.927701003,1,0,0.01
1773171036.949347350,0,0,9.83
1773171036.949347350,1,0,0.01
1773171037.970954099,0,0,9.83
1773171037.970954099,1,0,0.01
1773171038.992737317,0,0,9.83
1773171038.992737317,1,0,0.01
1773171040.015169823,0,0,9.83
1773171040.015169823,1,0,0.01
1773171041.036074056,0,0,9.83
1773171041.036074056,1,0,0.01
1773171042.057810131,0,0,9.83
1773171042.057810131,1,0,0.01
1773171043.078842658,0,0,9.83
1773171043.078842658,1,0,0.01
1773171044.100692793,0,0,9.83
1773171044.100692793,1,0,0.01
1773171045.122411403,0,0,9.83
1773171045.122411403,1,0,0.01
1773171046.144321844,0,0,9.83
1773171046.144321844,1,0,0.01
1773171047.166631534,0,0,9.83
1773171047.166631534,1,0,0.01
1773171048.188945822,0,0,9.83
1773171048.188945822,1,0,0.01
1773171049.211333490,0,0,9.83
1773171049.211333490,1,0,0.01
1773171050.232839569,0,0,9.83
1773171050.232839569,1,0,0.01
1773171051.255088670,0,0,9.83
1773171051.255088670,1,0,0.01
1773171052.276807919,0,1,9.83
1773171052.276807919,1,0,0.01
1773171053.298872137,0,0,9.83
1773171053.298872137,1,0,0.01
1773171054.320601895,0,0,9.83
1773171054.320601895,1,0,0.01
1773171055.342635323,0,0,9.83
1773171055.342635323,1,0,0.01
1773171056.364242114,0,0,9.83
1773171056.364242114,1,0,0.01
1773171057.385517333,0,0,9.83
1773171057.385517333,1,0,0.01
1773171058.407972856,0,0,9.83
1773171058.407972856,1,0,0.01
1773171059.429379069,0,0,9.83
1773171059.429379069,1,0,0.01
1773171060.451871707,0,0,9.83
1773171060.451871707,1,0,0.01
1773171061.473255043,0,0,9.83
1773171061.473255043,1,0,0.01
1773171062.494787976,0,0,9.83
1773171062.494787976,1,0,0.01
1773171063.515373021,0,0,9.83
1773171063.515373021,1,0,0.01
1773171064.537172084,0,0,9.83
1773171064.537172084,1,0,0.01
1773171065.558255812,0,0,9.83
1773171065.558255812,1,0,0.01
1773171066.580028902,0,0,9.83
1773171066.580028902,1,0,0.01
1773171067.602514236,0,0,9.83
1773171067.602514236,1,0,0.01
1773171068.624597662,0,0,9.83
1773171068.624597662,1,0,0.01
1773171069.645917311,0,0,9.83
1773171069.645917311,1,0,0.01
1773171070.667512353,0,0,9.83
1773171070.667512353,1,0,0.01
1773171071.688975923,0,0,9.83
1773171071.688975923,1,0,0.01
1773171072.712190100,0,0,9.83
1773171072.712190100,1,0,0.01
1773171073.733672877,0,0,9.83
1773171073.733672877,1,0,0.01
1773171074.755286949,0,0,9.83
1773171074.755286949,1,0,0.01
1773171075.777504352,0,0,9.83
1773171075.777504352,1,0,0.01
1773171076.799253599,0,0,9.83
1773171076.799253599,1,0,0.01
1773171077.820512231,0,0,9.83
1773171077.820512231,1,0,0.01
1773171078.842193668,0,0,9.83
1773171078.842193668,1,0,0.01
1773171079.863952795,0,0,9.83
1773171079.863952795,1,0,0.01
1773171080.885532186,0,0,9.83
1773171080.885532186,1,0,0.01
1773171081.907302290,0,64,9.83
1773171081.907302290,1,0,0.01
1773171082.929226473,0,60,9.83
1773171082.929226473,1,0,0.01
1773171083.951824117,0,0,9.83
1773171083.951824117,1,0,0.01
1773171084.973827479,0,0,9.83
1773171084.973827479,1,0,0.01
1773171085.996125070,0,0,9.83
1773171085.996125070,1,0,0.01
1773171087.018123020,0,0,9.83
1773171087.018123020,1,0,0.01
1773171088.040473646,0,0,9.83
1773171088.040473646,1,0,0.01
1773171089.062158215,0,1,9.83
1773171089.062158215,1,0,0.01
1773171090.082866827,0,0,9.83
1773171090.082866827,1,0,0.01
1773171091.104531793,0,0,9.83
1773171091.104531793,1,0,0.01
1773171092.126179192,0,0,9.83
1773171092.126179192,1,0,0.01
1773171093.148609676,0,0,9.83
1773171093.148609676,1,0,0.01
1773171094.170138849,0,1,9.83
1773171094.170138849,1,0,0.01
1773171095.190498550,0,0,9.83
1773171095.190498550,1,0,0.01
1773171096.212676020,0,0,9.83
1773171096.212676020,1,0,0.01
1773171097.234947567,0,0,9.83
1773171097.234947567,1,0,0.01
1773171098.256454527,0,0,9.83
1773171098.256454527,1,0,0.01
1773171099.277867101,0,0,9.83
1773171099.277867101,1,0,0.01
1773171100.299184888,0,0,9.83
1773171100.299184888,1,0,0.01
1773171101.320524196,0,0,9.83
1773171101.320524196,1,0,0.01
1773171102.342714101,0,68,9.83
1773171102.342714101,1,0,0.01
1773171103.364847208,0,68,9.83
1773171103.364847208,1,0,0.01
1773171104.387368998,0,1,9.83
1773171104.387368998,1,0,0.01
1773171105.408659015,0,0,9.83
1773171105.408659015,1,0,0.01
1773171106.430251576,0,0,9.83
1773171106.430251576,1,0,0.01
1773171107.451823419,0,0,9.83
1773171107.451823419,1,0,0.01
1773171108.473715827,0,0,9.83
1773171108.473715827,1,0,0.01
1773171109.495500474,0,0,9.83
1773171109.495500474,1,0,0.01
1773171110.515888386,0,0,9.83
1773171110.515888386,1,0,0.01
1773171111.538159720,0,0,9.83
1773171111.538159720,1,0,0.01
1773171112.560889813,0,0,9.83
1773171112.560889813,1,0,0.01
1773171113.583918998,0,0,9.83
1773171113.583918998,1,0,0.01
1773171114.605640329,0,0,9.83
1773171114.605640329,1,0,0.01
1773171115.627830255,0,0,9.83
1773171115.627830255,1,0,0.01
1773171116.649921159,0,0,9.83
1773171116.649921159,1,0,0.01
1773171117.671671854,0,0,9.83
1773171117.671671854,1,0,0.01
1773171118.693852167,0,0,9.83
1773171118.693852167,1,0,0.01
1773171119.715509302,0,0,9.83
1773171119.715509302,1,0,0.01
1773171120.736948150,0,0,9.83
1773171120.736948150,1,0,0.01
1773171121.759674798,0,0,9.83
1773171121.759674798,1,0,0.01
1773171122.782653394,0,0,9.83
1773171122.782653394,1,0,0.01
1773171123.804601186,0,0,9.83
1773171123.804601186,1,0,0.01
1773171124.829657958,0,0,9.83
1773171124.829657958,1,0,0.01
1773171125.851372009,0,0,9.83
1773171125.851372009,1,0,0.01
1773171126.874411536,0,0,9.83
1773171126.874411536,1,0,0.01
1773171127.897009456,0,0,9.83
1773171127.897009456,1,0,0.01
1773171128.919598841,0,0,9.83
1773171128.919598841,1,0,0.01
1773171129.942232467,0,0,9.83
1773171129.942232467,1,0,0.01
1773171130.965008438,0,0,9.83
1773171130.965008438,1,0,0.01
1773171131.988545967,0,0,9.83
1773171131.988545967,1,0,0.01
1773171133.010237518,0,0,9.83
1773171133.010237518,1,0,0.01
1773171134.032695260,0,0,9.83
1773171134.032695260,1,0,0.01
1773171135.054977804,0,0,9.83
1773171135.054977804,1,0,0.01
1773171136.076563293,0,0,9.83
1773171136.076563293,1,0,0.01
1773171137.097803208,0,0,9.83
1773171137.097803208,1,0,0.01
1773171138.120414379,0,0,9.83
1773171138.120414379,1,0,0.01
1773171139.143012070,0,0,9.83
1773171139.143012070,1,0,0.01
1773171140.164685332,0,0,9.83
1773171140.164685332,1,0,0.01
1773171141.186758447,0,0,9.83
1773171141.186758447,1,0,0.01
1773171142.209778902,0,0,9.83
1773171142.209778902,1,0,0.01
1773171143.233338740,0,0,9.83
1773171143.233338740,1,0,0.01
1773171144.256015156,0,0,9.83
1773171144.256015156,1,0,0.01
1773171145.279504567,0,0,9.83
1773171145.279504567,1,0,0.01
1773171146.301413207,0,0,9.83
1773171146.301413207,1,0,0.01
1773171147.324086073,0,0,9.83
1773171147.324086073,1,0,0.01
1773171148.346676981,0,0,9.83
1773171148.346676981,1,0,0.01
1773171149.368434670,0,0,9.83
1773171149.368434670,1,0,0.01
1773171150.391726670,0,0,9.83
1773171150.391726670,1,0,0.01
1773171151.414698960,0,0,9.83
1773171151.414698960,1,0,0.01
1773171152.437627061,0,0,9.83
1773171152.437627061,1,0,0.01
1773171153.461666995,0,0,9.83
1773171153.461666995,1,0,0.01
1773171154.484558916,0,0,9.83
1773171154.484558916,1,0,0.01
1773171155.507122077,0,0,9.83
1773171155.507122077,1,0,0.01
1773171156.529801577,0,0,9.83
1773171156.529801577,1,0,0.01
