timestamp,idx,gpu_util_pct,mem_used_pct
1772911538.433010718,0,0,0.00
1772911538.433010718,1,0,0.00
1772911539.457398528,0,0,0.00
1772911539.457398528,1,0,0.00
1772911540.479163227,0,0,0.00
1772911540.479163227,1,0,0.00
1772911541.499629147,0,0,0.00
1772911541.499629147,1,0,0.00
1772911542.521465156,0,0,0.00
1772911542.521465156,1,0,0.00
1772911543.542193991,0,0,0.00
1772911543.542193991,1,0,0.00
1772911544.564478903,0,0,0.00
1772911544.564478903,1,0,0.00
1772911545.585074277,0,0,0.00
1772911545.585074277,1,0,0.00
1772911546.605232295,0,2,0.96
1772911546.605232295,1,0,0.01
1772911547.628209084,0,0,0.96
1772911547.628209084,1,0,0.01
1772911548.649790065,0,0,0.96
1772911548.649790065,1,0,0.01
1772911549.671456395,0,0,0.96
1772911549.671456395,1,0,0.01
1772911550.692660948,0,0,0.96
1772911550.692660948,1,0,0.01
1772911551.714811928,0,0,0.96
1772911551.714811928,1,0,0.01
1772911552.736029736,0,0,0.96
1772911552.736029736,1,0,0.01
1772911553.757479345,0,0,0.96
1772911553.757479345,1,0,0.01
1772911554.778336695,0,0,0.96
1772911554.778336695,1,0,0.01
1772911555.799910799,0,0,0.96
1772911555.799910799,1,0,0.01
1772911556.821488421,0,0,0.96
1772911556.821488421,1,0,0.01
1772911557.843906525,0,0,0.96
1772911557.843906525,1,0,0.01
1772911558.865283102,0,0,0.96
1772911558.865283102,1,0,0.01
1772911559.885821995,0,0,0.96
1772911559.885821995,1,0,0.01
1772911560.906458600,0,0,0.96
1772911560.906458600,1,0,0.01
1772911561.926216321,0,0,0.96
1772911561.926216321,1,0,0.01
1772911562.947180396,0,0,0.96
1772911562.947180396,1,0,0.01
1772911563.967123027,0,0,0.96
1772911563.967123027,1,0,0.01
1772911564.989285135,0,0,0.96
1772911564.989285135,1,0,0.01
1772911566.011565002,0,0,0.96
1772911566.011565002,1,0,0.01
1772911567.032952253,0,0,0.96
1772911567.032952253,1,0,0.01
1772911568.053953744,0,0,0.96
1772911568.053953744,1,0,0.01
1772911569.075686578,0,0,0.96
1772911569.075686578,1,0,0.01
1772911570.096418761,0,0,0.96
1772911570.096418761,1,0,0.01
1772911571.118179894,0,0,0.96
1772911571.118179894,1,0,0.01
1772911572.139977034,0,0,0.96
1772911572.139977034,1,0,0.01
1772911573.161386160,0,0,0.96
1772911573.161386160,1,0,0.01
1772911574.183004858,0,0,0.96
1772911574.183004858,1,0,0.01
1772911575.204159081,0,0,0.96
1772911575.204159081,1,0,0.01
1772911576.225114553,0,0,0.96
1772911576.225114553,1,0,0.01
1772911577.246749557,0,0,0.96
1772911577.246749557,1,0,0.01
1772911578.268174578,0,0,0.96
1772911578.268174578,1,0,0.01
1772911579.289707103,0,0,0.96
1772911579.289707103,1,0,0.01
1772911580.311666151,0,0,0.96
1772911580.311666151,1,0,0.01
1772911581.332855436,0,0,0.96
1772911581.332855436,1,0,0.01
1772911582.354769442,0,0,0.96
1772911582.354769442,1,0,0.01
1772911583.375934194,0,0,0.96
1772911583.375934194,1,0,0.01
1772911584.397235452,0,0,0.96
1772911584.397235452,1,0,0.01
1772911585.417639863,0,0,0.96
1772911585.417639863,1,0,0.01
1772911586.438501804,0,0,0.96
1772911586.438501804,1,0,0.01
1772911587.460019435,0,0,0.96
1772911587.460019435,1,0,0.01
1772911588.480969327,0,0,0.96
1772911588.480969327,1,0,0.01
1772911589.502113425,0,0,0.96
1772911589.502113425,1,0,0.01
1772911590.524153175,0,0,0.96
1772911590.524153175,1,0,0.01
1772911591.545958685,0,0,0.96
1772911591.545958685,1,0,0.01
1772911592.567241808,0,0,0.96
1772911592.567241808,1,0,0.01
1772911593.587109895,0,0,0.96
1772911593.587109895,1,0,0.01
1772911594.607418490,0,0,0.96
1772911594.607418490,1,0,0.01
1772911595.629173502,0,0,0.96
1772911595.629173502,1,0,0.01
1772911596.651530379,0,0,0.96
1772911596.651530379,1,0,0.01
1772911597.673544746,0,1,1.24
1772911597.673544746,1,0,0.01
1772911598.695789851,0,58,1.24
1772911598.695789851,1,0,0.01
1772911599.716681281,0,58,1.24
1772911599.716681281,1,0,0.01
1772911600.736404513,0,0,1.24
1772911600.736404513,1,0,0.01
1772911601.758416017,0,0,1.24
1772911601.758416017,1,0,0.01
1772911602.780346372,0,0,1.24
1772911602.780346372,1,0,0.01
1772911603.801800693,0,0,1.24
1772911603.801800693,1,0,0.01
1772911604.823529265,0,0,1.24
1772911604.823529265,1,0,0.01
1772911605.844537247,0,0,1.24
1772911605.844537247,1,0,0.01
1772911606.866581701,0,0,1.24
1772911606.866581701,1,0,0.01
1772911607.888647204,0,0,1.24
1772911607.888647204,1,0,0.01
1772911608.909939361,0,0,1.24
1772911608.909939361,1,0,0.01
1772911609.931239142,0,0,1.24
1772911609.931239142,1,0,0.01
1772911610.952413756,0,0,1.24
1772911610.952413756,1,0,0.01
1772911611.974392557,0,0,1.24
1772911611.974392557,1,0,0.01
1772911612.996420673,0,0,1.24
1772911612.996420673,1,0,0.01
1772911614.018440226,0,0,1.24
1772911614.018440226,1,0,0.01
1772911615.039774095,0,0,1.24
1772911615.039774095,1,0,0.01
1772911616.061329354,0,0,1.24
1772911616.061329354,1,0,0.01
1772911617.082418797,0,0,1.24
1772911617.082418797,1,0,0.01
1772911618.103517214,0,0,1.24
1772911618.103517214,1,0,0.01
1772911619.124898537,0,0,1.24
1772911619.124898537,1,0,0.01
1772911620.146557147,0,0,1.24
1772911620.146557147,1,0,0.01
1772911621.166598480,0,0,1.24
1772911621.166598480,1,0,0.01
1772911622.186777314,0,0,1.24
1772911622.186777314,1,0,0.01
1772911623.208875329,0,0,1.24
1772911623.208875329,1,0,0.01
1772911624.230164101,0,0,1.24
1772911624.230164101,1,0,0.01
1772911625.251431204,0,0,1.24
1772911625.251431204,1,0,0.01
1772911626.273079581,0,0,1.24
1772911626.273079581,1,0,0.01
1772911627.294907928,0,0,1.24
1772911627.294907928,1,0,0.01
1772911628.316385601,0,0,1.24
1772911628.316385601,1,0,0.01
1772911629.337765863,0,0,1.24
1772911629.337765863,1,0,0.01
1772911630.359487586,0,0,1.24
1772911630.359487586,1,0,0.01
1772911631.380720301,0,0,1.24
1772911631.380720301,1,0,0.01
1772911632.402628351,0,0,1.24
1772911632.402628351,1,0,0.01
1772911633.423559186,0,0,1.24
1772911633.423559186,1,0,0.01
1772911634.445329442,0,0,1.24
1772911634.445329442,1,0,0.01
1772911635.465618406,0,0,1.24
1772911635.465618406,1,0,0.01
1772911636.487432108,0,0,1.24
1772911636.487432108,1,0,0.01
1772911637.509125783,0,0,1.24
1772911637.509125783,1,0,0.01
1772911638.530452439,0,0,1.24
1772911638.530452439,1,0,0.01
1772911639.551168405,0,0,1.24
1772911639.551168405,1,0,0.01
1772911640.572565897,0,0,1.24
1772911640.572565897,1,0,0.01
1772911641.594034353,0,0,1.24
1772911641.594034353,1,0,0.01
1772911642.615178184,0,0,1.24
1772911642.615178184,1,0,0.01
1772911643.636179880,0,0,1.24
1772911643.636179880,1,0,0.01
1772911644.657143519,0,0,1.24
1772911644.657143519,1,0,0.01
1772911645.678964955,0,0,1.24
1772911645.678964955,1,0,0.01
1772911646.700490960,0,0,1.24
1772911646.700490960,1,0,0.01
1772911647.722183568,0,0,1.24
1772911647.722183568,1,0,0.01
1772911648.743767905,0,0,1.24
1772911648.743767905,1,0,0.01
1772911649.765335710,0,0,1.24
1772911649.765335710,1,0,0.01
1772911650.786700127,0,0,1.24
1772911650.786700127,1,0,0.01
1772911651.807952605,0,0,1.24
1772911651.807952605,1,0,0.01
1772911652.829299273,0,0,1.24
1772911652.829299273,1,0,0.01
1772911653.851160021,0,0,1.24
1772911653.851160021,1,0,0.01
1772911654.873278625,0,0,1.24
1772911654.873278625,1,0,0.01
1772911655.894329715,0,0,1.24
1772911655.894329715,1,0,0.01
1772911656.916638153,0,0,1.24
1772911656.916638153,1,0,0.01
1772911657.938549781,0,0,1.24
1772911657.938549781,1,0,0.01
1772911658.960552761,0,0,1.24
1772911658.960552761,1,0,0.01
1772911659.982357814,0,0,1.24
1772911659.982357814,1,0,0.01
1772911661.004710331,0,0,1.24
1772911661.004710331,1,0,0.01
1772911662.026800309,0,0,1.24
1772911662.026800309,1,0,0.01
1772911663.048051875,0,0,1.24
1772911663.048051875,1,0,0.01
1772911664.067942751,0,0,1.24
1772911664.067942751,1,0,0.01
1772911665.087539149,0,0,1.24
1772911665.087539149,1,0,0.01
1772911666.107331384,0,0,1.24
1772911666.107331384,1,0,0.01
1772911667.128956988,0,0,1.24
1772911667.128956988,1,0,0.01
1772911668.150677815,0,0,1.24
1772911668.150677815,1,0,0.01
1772911669.172248634,0,0,1.24
1772911669.172248634,1,0,0.01
1772911670.193595016,0,0,1.24
1772911670.193595016,1,0,0.01
1772911671.214944118,0,0,1.24
1772911671.214944118,1,0,0.01
1772911672.236446493,0,0,1.24
1772911672.236446493,1,0,0.01
1772911673.257839579,0,0,1.24
1772911673.257839579,1,0,0.01
1772911674.279213097,0,0,1.24
1772911674.279213097,1,0,0.01
1772911675.301098149,0,0,1.24
1772911675.301098149,1,0,0.01
1772911676.322561925,0,0,1.24
1772911676.322561925,1,0,0.01
1772911677.343927110,0,0,1.24
1772911677.343927110,1,0,0.01
1772911678.366287840,0,0,1.24
1772911678.366287840,1,0,0.01
1772911679.387736036,0,0,1.24
1772911679.387736036,1,0,0.01
1772911680.409135838,0,0,1.24
1772911680.409135838,1,0,0.01
1772911681.430747273,0,0,1.24
1772911681.430747273,1,0,0.01
1772911682.452494151,0,0,1.24
1772911682.452494151,1,0,0.01
1772911683.474827756,0,0,1.24
1772911683.474827756,1,0,0.01
1772911684.497164350,0,0,1.24
1772911684.497164350,1,0,0.01
1772911685.519253801,0,0,1.24
1772911685.519253801,1,0,0.01
1772911686.539813326,0,0,1.24
1772911686.539813326,1,0,0.01
1772911687.560174247,0,0,1.24
1772911687.560174247,1,0,0.01
1772911688.582077707,0,0,1.24
1772911688.582077707,1,0,0.01
1772911689.603246258,0,0,1.24
1772911689.603246258,1,0,0.01
1772911690.624289599,0,0,1.24
1772911690.624289599,1,0,0.01
1772911691.644174636,0,0,1.24
1772911691.644174636,1,0,0.01
1772911692.665242723,0,0,1.24
1772911692.665242723,1,0,0.01
1772911693.687953531,0,0,1.24
1772911693.687953531,1,0,0.01
1772911694.709907849,0,0,1.24
1772911694.709907849,1,0,0.01
1772911695.730929337,0,0,1.24
1772911695.730929337,1,0,0.01
1772911696.752869151,0,0,1.24
1772911696.752869151,1,0,0.01
1772911697.774157174,0,0,1.24
1772911697.774157174,1,0,0.01
1772911698.796161647,0,0,1.24
1772911698.796161647,1,0,0.01
1772911699.817486273,0,0,1.24
1772911699.817486273,1,0,0.01
1772911700.839053045,0,0,1.24
1772911700.839053045,1,0,0.01
1772911701.861064937,0,0,1.24
1772911701.861064937,1,0,0.01
1772911702.882906183,0,0,1.24
1772911702.882906183,1,0,0.01
1772911703.904815961,0,0,1.24
1772911703.904815961,1,0,0.01
1772911704.924676350,0,0,1.24
1772911704.924676350,1,0,0.01
1772911705.946836525,0,0,1.24
1772911705.946836525,1,0,0.01
1772911706.969163077,0,0,1.24
1772911706.969163077,1,0,0.01
1772911707.991043656,0,0,1.24
1772911707.991043656,1,0,0.01
1772911709.012338858,0,0,1.24
1772911709.012338858,1,0,0.01
1772911710.033745119,0,0,1.24
1772911710.033745119,1,0,0.01
1772911711.055546250,0,0,1.24
1772911711.055546250,1,0,0.01
1772911712.077114355,0,0,1.24
1772911712.077114355,1,0,0.01
1772911713.098182930,0,0,1.24
1772911713.098182930,1,0,0.01
1772911714.119220147,0,0,1.24
1772911714.119220147,1,0,0.01
1772911715.140702440,0,0,1.24
1772911715.140702440,1,0,0.01
1772911716.163225475,0,0,1.24
1772911716.163225475,1,0,0.01
1772911717.185550248,0,0,1.24
1772911717.185550248,1,0,0.01
1772911718.205472388,0,0,1.24
1772911718.205472388,1,0,0.01
1772911719.225321557,0,0,1.24
1772911719.225321557,1,0,0.01
1772911720.247289891,0,0,1.24
1772911720.247289891,1,0,0.01
1772911721.268632899,0,0,1.24
1772911721.268632899,1,0,0.01
1772911722.290599522,0,0,1.24
1772911722.290599522,1,0,0.01
1772911723.311692780,0,0,1.24
1772911723.311692780,1,0,0.01
1772911724.333262424,0,0,1.24
1772911724.333262424,1,0,0.01
1772911725.354395634,0,0,1.24
1772911725.354395634,1,0,0.01
1772911726.375957595,0,0,1.24
1772911726.375957595,1,0,0.01
1772911727.397718885,0,0,1.24
1772911727.397718885,1,0,0.01
1772911728.419074513,0,0,1.24
1772911728.419074513,1,0,0.01
1772911729.441108299,0,0,1.24
1772911729.441108299,1,0,0.01
1772911730.462704630,0,0,1.24
1772911730.462704630,1,0,0.01
1772911731.483190323,0,0,1.24
1772911731.483190323,1,0,0.01
1772911732.504609078,0,0,1.24
1772911732.504609078,1,0,0.01
1772911733.526540370,0,0,1.24
1772911733.526540370,1,0,0.01
1772911734.548655493,0,0,1.24
1772911734.548655493,1,0,0.01
1772911735.570421986,0,0,1.24
1772911735.570421986,1,0,0.01
1772911736.591191825,0,0,1.24
1772911736.591191825,1,0,0.01
1772911737.612035358,0,0,1.24
1772911737.612035358,1,0,0.01
1772911738.634101520,0,0,1.24
1772911738.634101520,1,0,0.01
1772911739.655209138,0,0,1.24
1772911739.655209138,1,0,0.01
1772911740.675491615,0,0,1.24
1772911740.675491615,1,0,0.01
1772911741.696552975,0,0,1.24
1772911741.696552975,1,0,0.01
1772911742.717933174,0,0,1.24
1772911742.717933174,1,0,0.01
1772911743.739984942,0,0,1.24
1772911743.739984942,1,0,0.01
1772911744.760468359,0,0,1.24
1772911744.760468359,1,0,0.01
1772911745.782686707,0,0,1.24
1772911745.782686707,1,0,0.01
1772911746.804200434,0,0,1.24
1772911746.804200434,1,0,0.01
1772911747.825026990,0,0,1.24
1772911747.825026990,1,0,0.01
1772911748.845609843,0,0,1.24
1772911748.845609843,1,0,0.01
1772911749.867233766,0,0,1.24
1772911749.867233766,1,0,0.01
1772911750.889644335,0,0,1.24
1772911750.889644335,1,0,0.01
1772911751.911516471,0,0,1.24
1772911751.911516471,1,0,0.01
1772911752.933684106,0,0,1.24
1772911752.933684106,1,0,0.01
1772911753.956177847,0,0,1.24
1772911753.956177847,1,0,0.01
1772911754.978060574,0,0,1.24
1772911754.978060574,1,0,0.01
1772911755.999140812,0,0,1.24
1772911755.999140812,1,0,0.01
1772911757.021183929,0,0,1.24
1772911757.021183929,1,0,0.01
1772911758.041891440,0,0,1.24
1772911758.041891440,1,0,0.01
1772911759.063155091,0,0,1.24
1772911759.063155091,1,0,0.01
1772911760.084679424,0,0,1.24
1772911760.084679424,1,0,0.01
1772911761.105843516,0,0,1.24
1772911761.105843516,1,0,0.01
1772911762.127492598,0,0,1.24
1772911762.127492598,1,0,0.01
1772911763.149250751,0,0,1.24
1772911763.149250751,1,0,0.01
1772911764.170178491,0,0,1.24
1772911764.170178491,1,0,0.01
1772911765.191320616,0,0,1.24
1772911765.191320616,1,0,0.01
1772911766.212799504,0,0,1.24
1772911766.212799504,1,0,0.01
1772911767.234207920,0,0,1.24
1772911767.234207920,1,0,0.01
1772911768.255459351,0,0,1.24
1772911768.255459351,1,0,0.01
1772911769.277271065,0,0,1.24
1772911769.277271065,1,0,0.01
1772911770.298545481,0,0,1.24
1772911770.298545481,1,0,0.01
1772911771.320132392,0,0,1.24
1772911771.320132392,1,0,0.01
1772911772.342303481,0,0,1.24
1772911772.342303481,1,0,0.01
1772911773.364755758,0,0,1.24
1772911773.364755758,1,0,0.01
1772911774.386440196,0,0,1.24
1772911774.386440196,1,0,0.01
1772911775.408413739,0,0,1.24
1772911775.408413739,1,0,0.01
1772911776.429945593,0,0,1.24
1772911776.429945593,1,0,0.01
1772911777.451409290,0,0,1.24
1772911777.451409290,1,0,0.01
1772911778.472873227,0,0,1.24
1772911778.472873227,1,0,0.01
1772911779.494208599,0,0,1.24
1772911779.494208599,1,0,0.01
1772911780.515482718,0,0,1.24
1772911780.515482718,1,0,0.01
1772911781.536540758,0,0,1.24
1772911781.536540758,1,0,0.01
1772911782.557733836,0,0,1.24
1772911782.557733836,1,0,0.01
1772911783.578984319,0,0,1.24
1772911783.578984319,1,0,0.01
1772911784.600260496,0,0,1.24
1772911784.600260496,1,0,0.01
1772911785.620923761,0,0,1.24
1772911785.620923761,1,0,0.01
1772911786.641051989,0,0,1.24
1772911786.641051989,1,0,0.01
1772911787.661614985,0,0,1.24
1772911787.661614985,1,0,0.01
1772911788.682632039,0,0,1.24
1772911788.682632039,1,0,0.01
1772911789.704280644,0,0,1.24
1772911789.704280644,1,0,0.01
1772911790.725599853,0,0,1.24
1772911790.725599853,1,0,0.01
1772911791.746832424,0,0,1.24
1772911791.746832424,1,0,0.01
1772911792.768494502,0,0,1.24
1772911792.768494502,1,0,0.01
1772911793.790368909,0,0,1.24
1772911793.790368909,1,0,0.01
1772911794.812560568,0,0,1.24
1772911794.812560568,1,0,0.01
1772911795.834894543,0,0,1.24
1772911795.834894543,1,0,0.01
1772911796.856455087,0,0,1.24
1772911796.856455087,1,0,0.01
1772911797.877887030,0,0,1.24
1772911797.877887030,1,0,0.01
1772911798.898983439,0,0,1.24
1772911798.898983439,1,0,0.01
1772911799.921200290,0,0,1.24
1772911799.921200290,1,0,0.01
1772911800.942460095,0,0,1.24
1772911800.942460095,1,0,0.01
1772911801.963966431,0,0,1.24
1772911801.963966431,1,0,0.01
1772911802.984988482,0,0,1.24
1772911802.984988482,1,0,0.01
1772911804.006364533,0,0,1.24
1772911804.006364533,1,0,0.01
1772911805.028458467,0,0,1.24
1772911805.028458467,1,0,0.01
1772911806.050529117,0,0,1.24
1772911806.050529117,1,0,0.01
1772911807.071719304,0,0,1.24
1772911807.071719304,1,0,0.01
1772911808.093363015,0,0,1.24
1772911808.093363015,1,0,0.01
1772911809.115629020,0,0,1.24
1772911809.115629020,1,0,0.01
1772911810.135861721,0,0,1.24
1772911810.135861721,1,0,0.01
1772911811.156142776,0,0,1.24
1772911811.156142776,1,0,0.01
1772911812.176759462,0,0,1.24
1772911812.176759462,1,0,0.01
1772911813.197492191,0,0,1.24
1772911813.197492191,1,0,0.01
1772911814.219660175,0,0,1.24
1772911814.219660175,1,0,0.01
1772911815.241630778,0,0,1.24
1772911815.241630778,1,0,0.01
1772911816.263692236,0,0,1.24
1772911816.263692236,1,0,0.01
1772911817.284948792,0,0,1.24
1772911817.284948792,1,0,0.01
1772911818.306122500,0,0,1.24
1772911818.306122500,1,0,0.01
1772911819.326832170,0,0,1.24
1772911819.326832170,1,0,0.01
1772911820.347034682,0,0,1.24
1772911820.347034682,1,0,0.01
1772911821.369049904,0,0,1.24
1772911821.369049904,1,0,0.01
1772911822.390244228,0,0,1.24
1772911822.390244228,1,0,0.01
1772911823.411392827,0,0,1.24
1772911823.411392827,1,0,0.01
1772911824.433331069,0,63,1.24
1772911824.433331069,1,0,0.01
1772911825.455117612,0,63,1.24
1772911825.455117612,1,0,0.01
1772911826.476330273,0,0,1.24
1772911826.476330273,1,0,0.01
1772911827.497577353,0,0,1.24
1772911827.497577353,1,0,0.01
1772911828.518074356,0,0,1.24
1772911828.518074356,1,0,0.01
1772911829.539772245,0,0,1.24
1772911829.539772245,1,0,0.01
1772911830.561614344,0,0,1.24
1772911830.561614344,1,0,0.01
1772911831.583132852,0,0,1.24
1772911831.583132852,1,0,0.01
1772911832.604570386,0,0,1.24
1772911832.604570386,1,0,0.01
1772911833.625065913,0,0,1.24
1772911833.625065913,1,0,0.01
1772911834.646312969,0,0,1.24
1772911834.646312969,1,0,0.01
1772911835.667897496,0,0,1.24
1772911835.667897496,1,0,0.01
1772911836.689477073,0,0,1.24
1772911836.689477073,1,0,0.01
1772911837.710084416,0,0,1.24
1772911837.710084416,1,0,0.01
1772911838.731749729,0,0,1.24
1772911838.731749729,1,0,0.01
1772911839.753306702,0,0,1.24
1772911839.753306702,1,0,0.01
1772911840.775563760,0,0,1.24
1772911840.775563760,1,0,0.01
1772911841.797435296,0,0,1.24
1772911841.797435296,1,0,0.01
1772911842.818805561,0,0,1.24
1772911842.818805561,1,0,0.01
1772911843.840311666,0,0,1.24
1772911843.840311666,1,0,0.01
1772911844.860862599,0,0,1.24
1772911844.860862599,1,0,0.01
1772911845.882501044,0,0,1.24
1772911845.882501044,1,0,0.01
1772911846.903082756,0,0,1.24
1772911846.903082756,1,0,0.01
1772911847.924111224,0,0,1.24
1772911847.924111224,1,0,0.01
1772911848.943993305,0,0,1.24
1772911848.943993305,1,0,0.01
1772911849.963622915,0,0,1.24
1772911849.963622915,1,0,0.01
1772911850.983579858,0,0,1.24
1772911850.983579858,1,0,0.01
1772911852.005809087,0,0,1.24
1772911852.005809087,1,0,0.01
1772911853.027156922,0,0,1.24
1772911853.027156922,1,0,0.01
1772911854.049238747,0,0,1.24
1772911854.049238747,1,0,0.01
1772911855.071319723,0,0,1.24
1772911855.071319723,1,0,0.01
1772911856.092392016,0,0,1.24
1772911856.092392016,1,0,0.01
1772911857.113873192,0,0,1.24
1772911857.113873192,1,0,0.01
1772911858.135507889,0,0,1.24
1772911858.135507889,1,0,0.01
1772911859.157387513,0,0,1.24
1772911859.157387513,1,0,0.01
1772911860.178888371,0,0,1.24
1772911860.178888371,1,0,0.01
1772911861.200470378,0,0,1.24
1772911861.200470378,1,0,0.01
1772911862.222148838,0,0,1.24
1772911862.222148838,1,0,0.01
1772911863.243336021,0,0,1.24
1772911863.243336021,1,0,0.01
1772911864.264738668,0,0,1.24
1772911864.264738668,1,0,0.01
1772911865.286248044,0,0,1.24
1772911865.286248044,1,0,0.01
1772911866.308038641,0,0,1.24
1772911866.308038641,1,0,0.01
1772911867.329429563,0,0,1.24
1772911867.329429563,1,0,0.01
1772911868.351320967,0,0,1.24
1772911868.351320967,1,0,0.01
1772911869.373647366,0,0,1.24
1772911869.373647366,1,0,0.01
1772911870.394727409,0,0,1.24
1772911870.394727409,1,0,0.01
1772911871.417258385,0,0,1.24
1772911871.417258385,1,0,0.01
1772911872.437974995,0,0,1.24
1772911872.437974995,1,0,0.01
1772911873.458091719,0,0,1.24
1772911873.458091719,1,0,0.01
1772911874.479902550,0,0,1.24
1772911874.479902550,1,0,0.01
1772911875.501875609,0,0,1.24
1772911875.501875609,1,0,0.01
1772911876.523862766,0,0,1.24
1772911876.523862766,1,0,0.01
1772911877.545207540,0,0,1.24
1772911877.545207540,1,0,0.01
1772911878.565339284,0,0,1.24
1772911878.565339284,1,0,0.01
1772911879.585562783,0,0,1.24
1772911879.585562783,1,0,0.01
1772911880.607091544,0,0,1.24
1772911880.607091544,1,0,0.01
1772911881.629258650,0,0,1.24
1772911881.629258650,1,0,0.01
1772911882.649870946,0,0,1.24
1772911882.649870946,1,0,0.01
1772911883.670816680,0,0,1.24
1772911883.670816680,1,0,0.01
1772911884.692124952,0,0,1.24
1772911884.692124952,1,0,0.01
1772911885.714266372,0,0,1.24
1772911885.714266372,1,0,0.01
1772911886.735343907,0,0,1.24
1772911886.735343907,1,0,0.01
1772911887.756130399,0,0,1.24
1772911887.756130399,1,0,0.01
1772911888.777860886,0,0,1.24
1772911888.777860886,1,0,0.01
1772911889.799676633,0,0,1.24
1772911889.799676633,1,0,0.01
1772911890.821405876,0,0,1.24
1772911890.821405876,1,0,0.01
1772911891.843450640,0,0,1.24
1772911891.843450640,1,0,0.01
1772911892.864919140,0,0,1.24
1772911892.864919140,1,0,0.01
1772911893.886428261,0,0,1.24
1772911893.886428261,1,0,0.01
1772911894.907468750,0,0,1.24
1772911894.907468750,1,0,0.01
1772911895.929143947,0,0,1.24
1772911895.929143947,1,0,0.01
1772911896.951113181,0,0,1.24
1772911896.951113181,1,0,0.01
1772911897.973241730,0,0,1.24
1772911897.973241730,1,0,0.01
1772911898.995601331,0,0,1.24
1772911898.995601331,1,0,0.01
1772911900.017148944,0,0,1.24
1772911900.017148944,1,0,0.01
1772911901.039075568,0,0,1.24
1772911901.039075568,1,0,0.01
1772911902.061214780,0,0,1.24
1772911902.061214780,1,0,0.01
1772911903.083547461,0,0,1.24
1772911903.083547461,1,0,0.01
1772911904.104142145,0,0,1.24
1772911904.104142145,1,0,0.01
1772911905.125479214,0,0,1.24
1772911905.125479214,1,0,0.01
1772911906.146294391,0,0,1.24
1772911906.146294391,1,0,0.01
1772911907.167950157,0,0,1.24
1772911907.167950157,1,0,0.01
1772911908.189084263,0,0,1.24
1772911908.189084263,1,0,0.01
1772911909.210201901,0,0,1.24
1772911909.210201901,1,0,0.01
1772911910.232390821,0,0,1.24
1772911910.232390821,1,0,0.01
1772911911.254413574,0,0,1.24
1772911911.254413574,1,0,0.01
1772911912.275946927,0,0,1.24
1772911912.275946927,1,0,0.01
1772911913.296985022,0,0,1.24
1772911913.296985022,1,0,0.01
1772911914.319101757,0,0,1.24
1772911914.319101757,1,0,0.01
1772911915.339965735,0,0,1.24
1772911915.339965735,1,0,0.01
1772911916.360987044,0,0,1.24
1772911916.360987044,1,0,0.01
1772911917.382898411,0,0,1.24
1772911917.382898411,1,0,0.01
1772911918.404920984,0,0,1.24
1772911918.404920984,1,0,0.01
1772911919.426857539,0,0,1.24
1772911919.426857539,1,0,0.01
1772911920.448451841,0,0,1.24
1772911920.448451841,1,0,0.01
1772911921.469576337,0,0,1.24
1772911921.469576337,1,0,0.01
1772911922.491491837,0,0,1.24
1772911922.491491837,1,0,0.01
1772911923.512498902,0,0,1.24
1772911923.512498902,1,0,0.01
1772911924.534083856,0,0,1.24
1772911924.534083856,1,0,0.01
1772911925.555271892,0,0,1.24
1772911925.555271892,1,0,0.01
1772911926.576272304,0,0,1.24
1772911926.576272304,1,0,0.01
1772911927.596360987,0,0,1.24
1772911927.596360987,1,0,0.01
1772911928.618000700,0,0,1.24
1772911928.618000700,1,0,0.01
1772911929.640164514,0,0,1.24
1772911929.640164514,1,0,0.01
1772911930.661541048,0,0,1.24
1772911930.661541048,1,0,0.01
1772911931.682673900,0,0,1.24
1772911931.682673900,1,0,0.01
1772911932.704196760,0,0,1.24
1772911932.704196760,1,0,0.01
1772911933.725554918,0,0,1.24
1772911933.725554918,1,0,0.01
1772911934.746732057,0,0,1.24
1772911934.746732057,1,0,0.01
1772911935.769779109,0,0,1.24
1772911935.769779109,1,0,0.01
1772911936.792211281,0,0,1.24
1772911936.792211281,1,0,0.01
1772911937.814238018,0,0,1.24
1772911937.814238018,1,0,0.01
1772911938.834663132,0,0,1.24
1772911938.834663132,1,0,0.01
1772911939.856718519,0,0,1.24
1772911939.856718519,1,0,0.01
1772911940.878721000,0,0,1.24
1772911940.878721000,1,0,0.01
1772911941.900383385,0,0,1.24
1772911941.900383385,1,0,0.01
1772911942.921821971,0,0,1.24
1772911942.921821971,1,0,0.01
1772911943.943814599,0,0,1.24
1772911943.943814599,1,0,0.01
1772911944.965180916,0,0,1.24
1772911944.965180916,1,0,0.01
1772911945.986461498,0,0,1.24
1772911945.986461498,1,0,0.01
1772911947.008157670,0,0,1.24
1772911947.008157670,1,0,0.01
1772911948.028186979,0,0,1.24
1772911948.028186979,1,0,0.01
1772911949.048798781,0,0,1.24
1772911949.048798781,1,0,0.01
1772911950.069651483,0,0,1.24
1772911950.069651483,1,0,0.01
1772911951.090745978,0,0,1.24
1772911951.090745978,1,0,0.01
1772911952.110861653,0,0,1.24
1772911952.110861653,1,0,0.01
1772911953.132532942,0,0,1.24
1772911953.132532942,1,0,0.01
1772911954.154393032,0,0,1.24
1772911954.154393032,1,0,0.01
1772911955.175886094,0,0,1.24
1772911955.175886094,1,0,0.01
1772911956.197881660,0,0,1.24
1772911956.197881660,1,0,0.01
1772911957.219486659,0,0,1.24
1772911957.219486659,1,0,0.01
1772911958.240697467,0,0,1.24
1772911958.240697467,1,0,0.01
1772911959.262126253,0,0,1.24
1772911959.262126253,1,0,0.01
1772911960.284263784,0,0,1.24
1772911960.284263784,1,0,0.01
1772911961.305499480,0,0,1.24
1772911961.305499480,1,0,0.01
1772911962.326347413,0,0,1.24
1772911962.326347413,1,0,0.01
1772911963.346044990,0,0,1.24
1772911963.346044990,1,0,0.01
1772911964.366080702,0,0,1.24
1772911964.366080702,1,0,0.01
1772911965.387497158,0,0,1.24
1772911965.387497158,1,0,0.01
1772911966.408496345,0,0,1.24
1772911966.408496345,1,0,0.01
1772911967.429797900,0,0,1.24
1772911967.429797900,1,0,0.01
1772911968.451530263,0,0,1.24
1772911968.451530263,1,0,0.01
1772911969.472770383,0,0,1.24
1772911969.472770383,1,0,0.01
1772911970.493569342,0,0,1.24
1772911970.493569342,1,0,0.01
1772911971.514676922,0,0,1.24
1772911971.514676922,1,0,0.01
1772911972.536915632,0,0,1.24
1772911972.536915632,1,0,0.01
1772911973.558671591,0,0,1.24
1772911973.558671591,1,0,0.01
1772911974.579902112,0,0,1.24
1772911974.579902112,1,0,0.01
1772911975.601607267,0,0,1.24
1772911975.601607267,1,0,0.01
1772911976.622851794,0,0,1.24
1772911976.622851794,1,0,0.01
1772911977.644257554,0,0,1.24
1772911977.644257554,1,0,0.01
1772911978.666138552,0,0,1.24
1772911978.666138552,1,0,0.01
1772911979.685885287,0,0,1.24
1772911979.685885287,1,0,0.01
1772911980.707793465,0,0,1.24
1772911980.707793465,1,0,0.01
1772911981.729717628,0,0,1.24
1772911981.729717628,1,0,0.01
1772911982.751346332,0,0,1.24
1772911982.751346332,1,0,0.01
1772911983.773076909,0,0,1.24
1772911983.773076909,1,0,0.01
1772911984.795135363,0,0,1.24
1772911984.795135363,1,0,0.01
1772911985.817390836,0,0,1.24
1772911985.817390836,1,0,0.01
1772911986.838933819,0,0,1.24
1772911986.838933819,1,0,0.01
1772911987.860980323,0,0,1.24
1772911987.860980323,1,0,0.01
1772911988.880276457,0,0,1.24
1772911988.880276457,1,0,0.01
1772911989.901972185,0,0,1.24
1772911989.901972185,1,0,0.01
1772911990.922887440,0,0,1.24
1772911990.922887440,1,0,0.01
1772911991.944211530,0,0,1.24
1772911991.944211530,1,0,0.01
1772911992.963929681,0,0,1.24
1772911992.963929681,1,0,0.01
1772911993.985895359,0,0,1.24
1772911993.985895359,1,0,0.01
1772911995.007002607,0,0,1.24
1772911995.007002607,1,0,0.01
1772911996.028374988,0,0,1.24
1772911996.028374988,1,0,0.01
1772911997.050000609,0,0,1.24
1772911997.050000609,1,0,0.01
1772911998.071616524,0,0,1.24
1772911998.071616524,1,0,0.01
1772911999.092997029,0,0,1.24
1772911999.092997029,1,0,0.01
1772912000.115101057,0,0,1.24
1772912000.115101057,1,0,0.01
1772912001.136448812,0,0,1.24
1772912001.136448812,1,0,0.01
1772912002.157579825,0,0,1.24
1772912002.157579825,1,0,0.01
1772912003.179249937,0,0,1.24
1772912003.179249937,1,0,0.01
1772912004.201281374,0,0,1.24
1772912004.201281374,1,0,0.01
1772912005.222609262,0,0,1.24
1772912005.222609262,1,0,0.01
1772912006.244147215,0,0,1.24
1772912006.244147215,1,0,0.01
1772912007.265778787,0,0,1.24
1772912007.265778787,1,0,0.01
1772912008.287141697,0,0,1.24
1772912008.287141697,1,0,0.01
1772912009.307631872,0,0,1.24
1772912009.307631872,1,0,0.01
1772912010.329192317,0,0,1.24
1772912010.329192317,1,0,0.01
1772912011.350582502,0,0,1.24
1772912011.350582502,1,0,0.01
1772912012.372513149,0,0,1.24
1772912012.372513149,1,0,0.01
1772912013.393854595,0,0,1.24
1772912013.393854595,1,0,0.01
1772912014.414799525,0,0,1.24
1772912014.414799525,1,0,0.01
1772912015.436184219,0,0,1.24
1772912015.436184219,1,0,0.01
1772912016.456967922,0,0,1.24
1772912016.456967922,1,0,0.01
1772912017.477147309,0,0,1.24
1772912017.477147309,1,0,0.01
1772912018.498607720,0,0,1.24
1772912018.498607720,1,0,0.01
1772912019.521142279,0,0,1.24
1772912019.521142279,1,0,0.01
1772912020.542766432,0,0,1.24
1772912020.542766432,1,0,0.01
1772912021.564618487,0,0,1.24
1772912021.564618487,1,0,0.01
1772912022.585439797,0,0,1.24
1772912022.585439797,1,0,0.01
1772912023.607703668,0,0,1.24
1772912023.607703668,1,0,0.01
1772912024.628727085,0,0,1.24
1772912024.628727085,1,0,0.01
1772912025.650322350,0,0,1.24
1772912025.650322350,1,0,0.01
1772912026.671277700,0,0,1.24
1772912026.671277700,1,0,0.01
1772912027.693095611,0,0,1.24
1772912027.693095611,1,0,0.01
1772912028.714286070,0,0,1.24
1772912028.714286070,1,0,0.01
1772912029.736038611,0,0,1.24
1772912029.736038611,1,0,0.01
1772912030.757387314,0,0,1.24
1772912030.757387314,1,0,0.01
1772912031.779661037,0,0,1.24
1772912031.779661037,1,0,0.01
1772912032.800866147,0,0,1.24
1772912032.800866147,1,0,0.01
1772912033.822112460,0,0,1.24
1772912033.822112460,1,0,0.01
1772912034.843559665,0,0,1.24
1772912034.843559665,1,0,0.01
1772912035.865108569,0,0,1.24
1772912035.865108569,1,0,0.01
1772912036.886447130,0,0,1.24
1772912036.886447130,1,0,0.01
1772912037.907792141,0,0,1.24
1772912037.907792141,1,0,0.01
1772912038.928763291,0,0,1.24
1772912038.928763291,1,0,0.01
1772912039.950187236,0,0,1.24
1772912039.950187236,1,0,0.01
1772912040.970326793,0,0,1.24
1772912040.970326793,1,0,0.01
1772912041.991104266,0,0,1.24
1772912041.991104266,1,0,0.01
1772912043.012961472,0,0,1.24
1772912043.012961472,1,0,0.01
1772912044.034713985,0,0,1.24
1772912044.034713985,1,0,0.01
1772912045.056748011,0,0,1.24
1772912045.056748011,1,0,0.01
1772912046.078448151,0,0,1.24
1772912046.078448151,1,0,0.01
1772912047.099770278,0,0,1.24
1772912047.099770278,1,0,0.01
1772912048.120477102,0,0,1.24
1772912048.120477102,1,0,0.01
1772912049.142270975,0,0,1.24
1772912049.142270975,1,0,0.01
1772912050.162372408,0,0,1.24
1772912050.162372408,1,0,0.01
1772912051.183081361,0,0,1.24
1772912051.183081361,1,0,0.01
1772912052.204926000,0,0,1.24
1772912052.204926000,1,0,0.01
1772912053.226656410,0,0,1.24
1772912053.226656410,1,0,0.01
1772912054.248794794,0,0,1.24
1772912054.248794794,1,0,0.01
1772912055.269900544,0,0,1.24
1772912055.269900544,1,0,0.01
1772912056.291537655,0,0,1.24
1772912056.291537655,1,0,0.01
1772912057.313229861,0,0,1.24
1772912057.313229861,1,0,0.01
1772912058.332963247,0,0,1.24
1772912058.332963247,1,0,0.01
1772912059.352906162,0,0,1.24
1772912059.352906162,1,0,0.01
1772912060.374326627,0,0,1.24
1772912060.374326627,1,0,0.01
1772912061.395723604,0,0,1.24
1772912061.395723604,1,0,0.01
1772912062.416886996,0,0,1.24
1772912062.416886996,1,0,0.01
1772912063.437451485,0,0,1.24
1772912063.437451485,1,0,0.01
1772912064.459600081,0,0,1.24
1772912064.459600081,1,0,0.01
1772912065.480507163,0,0,1.24
1772912065.480507163,1,0,0.01
1772912066.501627486,0,0,1.24
1772912066.501627486,1,0,0.01
1772912067.521778896,0,0,1.24
1772912067.521778896,1,0,0.01
1772912068.543908542,0,0,1.24
1772912068.543908542,1,0,0.01
1772912069.565032802,0,0,1.24
1772912069.565032802,1,0,0.01
1772912070.584841565,0,0,1.24
1772912070.584841565,1,0,0.01
1772912071.605841139,0,0,1.24
1772912071.605841139,1,0,0.01
1772912072.625952923,0,0,1.24
1772912072.625952923,1,0,0.01
1772912073.647266556,0,0,1.24
1772912073.647266556,1,0,0.01
1772912074.668629804,0,0,1.24
1772912074.668629804,1,0,0.01
1772912075.690074519,0,0,1.24
1772912075.690074519,1,0,0.01
1772912076.710022835,0,0,1.24
1772912076.710022835,1,0,0.01
1772912077.731442231,0,0,1.24
1772912077.731442231,1,0,0.01
1772912078.752287266,0,0,1.24
1772912078.752287266,1,0,0.01
1772912079.772370725,0,0,1.24
1772912079.772370725,1,0,0.01
1772912080.792860741,0,0,1.24
1772912080.792860741,1,0,0.01
1772912081.813639683,0,0,1.24
1772912081.813639683,1,0,0.01
1772912082.834709344,0,0,1.24
1772912082.834709344,1,0,0.01
1772912083.856294611,0,0,1.24
1772912083.856294611,1,0,0.01
1772912084.876158695,0,0,1.24
1772912084.876158695,1,0,0.01
1772912085.895987078,0,0,1.24
1772912085.895987078,1,0,0.01
1772912086.918928650,0,0,1.24
1772912086.918928650,1,0,0.01
1772912087.940192509,0,0,1.24
1772912087.940192509,1,0,0.01
1772912088.960145540,0,0,1.24
1772912088.960145540,1,0,0.01
1772912089.981131388,0,0,1.24
1772912089.981131388,1,0,0.01
1772912091.002540279,0,0,1.24
1772912091.002540279,1,0,0.01
1772912092.023098159,0,0,1.24
1772912092.023098159,1,0,0.01
1772912093.045208299,0,64,1.24
1772912093.045208299,1,0,0.01
1772912094.066706636,0,59,1.24
1772912094.066706636,1,0,0.01
1772912095.088110718,0,0,1.24
1772912095.088110718,1,0,0.01
1772912096.109153090,0,0,1.24
1772912096.109153090,1,0,0.01
1772912097.131152354,0,0,1.24
1772912097.131152354,1,0,0.01
1772912098.152958527,0,0,1.24
1772912098.152958527,1,0,0.01
1772912099.174468643,0,0,1.24
1772912099.174468643,1,0,0.01
1772912100.196107179,0,0,1.24
1772912100.196107179,1,0,0.01
1772912101.218136357,0,0,1.24
1772912101.218136357,1,0,0.01
1772912102.239201243,0,0,1.24
1772912102.239201243,1,0,0.01
1772912103.259306180,0,0,1.24
1772912103.259306180,1,0,0.01
1772912104.280277209,0,0,1.24
1772912104.280277209,1,0,0.01
1772912105.300234741,0,0,1.24
1772912105.300234741,1,0,0.01
1772912106.321258274,0,0,1.24
1772912106.321258274,1,0,0.01
1772912107.342130915,0,0,1.24
1772912107.342130915,1,0,0.01
1772912108.363126641,0,0,1.24
1772912108.363126641,1,0,0.01
1772912109.384624958,0,0,1.24
1772912109.384624958,1,0,0.01
1772912110.406162934,0,0,1.24
1772912110.406162934,1,0,0.01
1772912111.427627271,0,0,1.24
1772912111.427627271,1,0,0.01
1772912112.449179570,0,0,1.24
1772912112.449179570,1,0,0.01
1772912113.470501346,0,0,1.24
1772912113.470501346,1,0,0.01
1772912114.491747882,0,0,1.24
1772912114.491747882,1,0,0.01
1772912115.513947771,0,0,1.24
1772912115.513947771,1,0,0.01
1772912116.535565698,0,0,1.24
1772912116.535565698,1,0,0.01
1772912117.557169501,0,0,1.24
1772912117.557169501,1,0,0.01
1772912118.578631511,0,0,1.24
1772912118.578631511,1,0,0.01
1772912119.599786307,0,0,1.24
1772912119.599786307,1,0,0.01
1772912120.621447802,0,0,1.24
1772912120.621447802,1,0,0.01
1772912121.643741843,0,0,1.24
1772912121.643741843,1,0,0.01
1772912122.665757464,0,0,1.24
1772912122.665757464,1,0,0.01
1772912123.687113721,0,0,1.24
1772912123.687113721,1,0,0.01
1772912124.708995970,0,0,1.24
1772912124.708995970,1,0,0.01
1772912125.729218449,0,0,1.24
1772912125.729218449,1,0,0.01
1772912126.751215158,0,0,1.24
1772912126.751215158,1,0,0.01
1772912127.772100360,0,0,1.24
1772912127.772100360,1,0,0.01
1772912128.793364734,0,0,1.24
1772912128.793364734,1,0,0.01
1772912129.815247593,0,0,1.24
1772912129.815247593,1,0,0.01
1772912130.836245890,0,0,1.24
1772912130.836245890,1,0,0.01
1772912131.858216882,0,0,1.24
1772912131.858216882,1,0,0.01
1772912132.879692724,0,0,1.24
1772912132.879692724,1,0,0.01
1772912133.901967361,0,0,1.24
1772912133.901967361,1,0,0.01
1772912134.923940548,0,0,1.24
1772912134.923940548,1,0,0.01
1772912135.944952244,0,0,1.24
1772912135.944952244,1,0,0.01
1772912136.967378164,0,0,1.24
1772912136.967378164,1,0,0.01
1772912137.989782648,0,0,1.24
1772912137.989782648,1,0,0.01
1772912139.011759272,0,0,1.24
1772912139.011759272,1,0,0.01
1772912140.034763665,0,0,1.24
1772912140.034763665,1,0,0.01
1772912141.056605106,0,61,1.24
1772912141.056605106,1,0,0.01
1772912142.077716356,0,61,1.24
1772912142.077716356,1,0,0.01
1772912143.100475979,0,0,1.24
1772912143.100475979,1,0,0.01
1772912144.121713148,0,0,1.24
1772912144.121713148,1,0,0.01
1772912145.142266330,0,0,1.24
1772912145.142266330,1,0,0.01
1772912146.164633393,0,0,1.24
1772912146.164633393,1,0,0.01
1772912147.185254651,0,0,1.24
1772912147.185254651,1,0,0.01
1772912148.205737325,0,0,1.24
1772912148.205737325,1,0,0.01
1772912149.226890193,0,0,1.24
1772912149.226890193,1,0,0.01
1772912150.247150927,0,0,1.24
1772912150.247150927,1,0,0.01
1772912151.269730563,0,0,1.24
1772912151.269730563,1,0,0.01
1772912152.289856869,0,0,1.24
1772912152.289856869,1,0,0.01
1772912153.311599268,0,0,1.24
1772912153.311599268,1,0,0.01
1772912154.332643310,0,0,1.24
1772912154.332643310,1,0,0.01
1772912155.354183716,0,0,1.24
1772912155.354183716,1,0,0.01
1772912156.375912931,0,0,1.24
1772912156.375912931,1,0,0.01
1772912157.396564874,0,0,1.24
1772912157.396564874,1,0,0.01
1772912158.418213455,0,0,1.24
1772912158.418213455,1,0,0.01
1772912159.438803822,0,0,1.24
1772912159.438803822,1,0,0.01
1772912160.458989468,0,0,1.24
1772912160.458989468,1,0,0.01
1772912161.479906644,0,0,1.24
1772912161.479906644,1,0,0.01
1772912162.501967917,0,0,1.24
1772912162.501967917,1,0,0.01
1772912163.522823225,0,0,1.24
1772912163.522823225,1,0,0.01
1772912164.543491316,0,0,1.24
1772912164.543491316,1,0,0.01
1772912165.565479952,0,0,1.24
1772912165.565479952,1,0,0.01
1772912166.586466601,0,0,1.24
1772912166.586466601,1,0,0.01
1772912167.608447736,0,0,1.24
1772912167.608447736,1,0,0.01
1772912168.628915814,0,0,1.24
1772912168.628915814,1,0,0.01
1772912169.650348000,0,0,1.24
1772912169.650348000,1,0,0.01
1772912170.672250095,0,0,1.24
1772912170.672250095,1,0,0.01
1772912171.693463635,0,0,1.24
1772912171.693463635,1,0,0.01
1772912172.714483857,0,0,1.24
1772912172.714483857,1,0,0.01
1772912173.734532319,0,0,1.24
1772912173.734532319,1,0,0.01
1772912174.756762455,0,0,1.24
1772912174.756762455,1,0,0.01
1772912175.778848238,0,0,1.24
1772912175.778848238,1,0,0.01
1772912176.800431193,0,0,1.24
1772912176.800431193,1,0,0.01
1772912177.821936013,0,0,1.24
1772912177.821936013,1,0,0.01
1772912178.843610398,0,0,1.24
1772912178.843610398,1,0,0.01
1772912179.864549581,0,0,1.24
1772912179.864549581,1,0,0.01
1772912180.886135785,0,0,1.24
1772912180.886135785,1,0,0.01
1772912181.907361758,0,0,1.24
1772912181.907361758,1,0,0.01
1772912182.928783682,0,0,1.24
1772912182.928783682,1,0,0.01
1772912183.949195785,0,0,1.24
1772912183.949195785,1,0,0.01
1772912184.970673005,0,0,1.24
1772912184.970673005,1,0,0.01
1772912185.991058121,0,0,1.24
1772912185.991058121,1,0,0.01
1772912187.012768281,0,0,1.24
1772912187.012768281,1,0,0.01
1772912188.034048533,0,0,1.24
1772912188.034048533,1,0,0.01
1772912189.055725086,0,0,1.24
1772912189.055725086,1,0,0.01
1772912190.077438657,0,0,1.24
1772912190.077438657,1,0,0.01
1772912191.098324914,0,0,1.24
1772912191.098324914,1,0,0.01
1772912192.118282347,0,0,1.24
1772912192.118282347,1,0,0.01
1772912193.140018397,0,0,1.24
1772912193.140018397,1,0,0.01
1772912194.161178690,0,0,1.24
1772912194.161178690,1,0,0.01
1772912195.182026830,0,0,1.24
1772912195.182026830,1,0,0.01
1772912196.204723292,0,0,1.24
1772912196.204723292,1,0,0.01
1772912197.226994759,0,0,1.24
1772912197.226994759,1,0,0.01
1772912198.249187949,0,0,1.24
1772912198.249187949,1,0,0.01
1772912199.270174711,0,0,1.24
1772912199.270174711,1,0,0.01
1772912200.292121146,0,0,1.24
1772912200.292121146,1,0,0.01
1772912201.311593195,0,0,1.24
1772912201.311593195,1,0,0.01
1772912202.332888517,0,0,1.24
1772912202.332888517,1,0,0.01
1772912203.353941158,0,0,1.24
1772912203.353941158,1,0,0.01
1772912204.374951700,0,0,1.24
1772912204.374951700,1,0,0.01
1772912205.396755987,0,0,1.24
1772912205.396755987,1,0,0.01
1772912206.418129813,0,0,1.24
1772912206.418129813,1,0,0.01
1772912207.437703371,0,0,1.24
1772912207.437703371,1,0,0.01
1772912208.458507121,0,0,1.24
1772912208.458507121,1,0,0.01
1772912209.479751544,0,0,1.24
1772912209.479751544,1,0,0.01
1772912210.500246630,0,0,1.24
1772912210.500246630,1,0,0.01
1772912211.522923122,0,0,1.24
1772912211.522923122,1,0,0.01
1772912212.544641570,0,0,1.24
1772912212.544641570,1,0,0.01
1772912213.564611434,0,0,1.24
1772912213.564611434,1,0,0.01
1772912214.585636287,0,0,1.24
1772912214.585636287,1,0,0.01
1772912215.606829944,0,0,1.24
1772912215.606829944,1,0,0.01
1772912216.627974923,0,0,1.24
1772912216.627974923,1,0,0.01
1772912217.649255219,0,0,1.24
1772912217.649255219,1,0,0.01
1772912218.670678113,0,0,1.24
1772912218.670678113,1,0,0.01
1772912219.692794515,0,0,1.24
1772912219.692794515,1,0,0.01
1772912220.714735477,0,0,1.24
1772912220.714735477,1,0,0.01
1772912221.735982922,0,0,1.24
1772912221.735982922,1,0,0.01
1772912222.756858798,0,0,1.24
1772912222.756858798,1,0,0.01
1772912223.778209396,0,0,1.24
1772912223.778209396,1,0,0.01
1772912224.799548814,0,0,1.24
1772912224.799548814,1,0,0.01
1772912225.819986540,0,0,1.24
1772912225.819986540,1,0,0.01
1772912226.841365916,0,0,1.24
1772912226.841365916,1,0,0.01
1772912227.863217667,0,0,1.24
1772912227.863217667,1,0,0.01
1772912228.885491620,0,0,1.24
1772912228.885491620,1,0,0.01
1772912229.906722312,0,0,1.24
1772912229.906722312,1,0,0.01
1772912230.927250711,0,0,1.24
1772912230.927250711,1,0,0.01
1772912231.948842479,0,0,1.24
1772912231.948842479,1,0,0.01
1772912232.968673346,0,0,1.24
1772912232.968673346,1,0,0.01
1772912233.989660718,0,0,1.24
1772912233.989660718,1,0,0.01
1772912235.011899013,0,0,1.24
1772912235.011899013,1,0,0.01
1772912236.033242986,0,0,1.24
1772912236.033242986,1,0,0.01
1772912237.053148675,0,0,1.24
1772912237.053148675,1,0,0.01
1772912238.073850111,0,0,1.24
1772912238.073850111,1,0,0.01
1772912239.094850533,0,0,1.24
1772912239.094850533,1,0,0.01
1772912240.115700405,0,0,1.24
1772912240.115700405,1,0,0.01
1772912241.137464959,0,0,1.24
1772912241.137464959,1,0,0.01
1772912242.157813501,0,0,1.24
1772912242.157813501,1,0,0.01
1772912243.178622608,0,0,1.24
1772912243.178622608,1,0,0.01
1772912244.199175508,0,0,1.24
1772912244.199175508,1,0,0.01
1772912245.220276487,0,0,1.24
1772912245.220276487,1,0,0.01
1772912246.242486405,0,0,1.24
1772912246.242486405,1,0,0.01
1772912247.263648106,0,0,1.24
1772912247.263648106,1,0,0.01
1772912248.285283907,0,0,1.24
1772912248.285283907,1,0,0.01
1772912249.306663697,0,0,1.24
1772912249.306663697,1,0,0.01
1772912250.327776348,0,0,1.24
1772912250.327776348,1,0,0.01
1772912251.349201687,0,0,1.24
1772912251.349201687,1,0,0.01
1772912252.370941621,0,0,1.24
1772912252.370941621,1,0,0.01
1772912253.392202852,0,0,1.24
1772912253.392202852,1,0,0.01
1772912254.412839397,0,0,1.24
1772912254.412839397,1,0,0.01
1772912255.433816621,0,0,1.24
1772912255.433816621,1,0,0.01
1772912256.454864540,0,0,1.24
1772912256.454864540,1,0,0.01
1772912257.476343845,0,0,1.24
1772912257.476343845,1,0,0.01
1772912258.498391060,0,0,1.24
1772912258.498391060,1,0,0.01
1772912259.519653747,0,0,1.24
1772912259.519653747,1,0,0.01
1772912260.540901613,0,0,1.24
1772912260.540901613,1,0,0.01
1772912261.562318703,0,0,1.24
1772912261.562318703,1,0,0.01
1772912262.584122979,0,0,1.24
1772912262.584122979,1,0,0.01
1772912263.605899525,0,0,1.24
1772912263.605899525,1,0,0.01
1772912264.627259547,0,0,1.24
1772912264.627259547,1,0,0.01
1772912265.647506898,0,0,1.24
1772912265.647506898,1,0,0.01
1772912266.667165540,0,0,1.24
1772912266.667165540,1,0,0.01
1772912267.688583508,0,0,1.24
1772912267.688583508,1,0,0.01
1772912268.710114744,0,0,1.24
1772912268.710114744,1,0,0.01
1772912269.731145395,0,0,1.24
1772912269.731145395,1,0,0.01
1772912270.752272609,0,0,1.24
1772912270.752272609,1,0,0.01
1772912271.774321951,0,0,1.24
1772912271.774321951,1,0,0.01
1772912272.795258952,0,0,1.24
1772912272.795258952,1,0,0.01
1772912273.817330039,0,0,1.24
1772912273.817330039,1,0,0.01
1772912274.839416352,0,0,1.24
1772912274.839416352,1,0,0.01
1772912275.861467924,0,0,1.24
1772912275.861467924,1,0,0.01
1772912276.881114225,0,0,1.24
1772912276.881114225,1,0,0.01
1772912277.903045145,0,0,1.24
1772912277.903045145,1,0,0.01
1772912278.924020737,0,0,1.24
1772912278.924020737,1,0,0.01
1772912279.945151749,0,0,1.24
1772912279.945151749,1,0,0.01
1772912280.964590384,0,62,1.24
1772912280.964590384,1,0,0.01
1772912281.985047462,0,69,1.24
1772912281.985047462,1,0,0.01
1772912283.006852736,0,0,1.24
1772912283.006852736,1,0,0.01
1772912284.026625241,0,0,1.24
1772912284.026625241,1,0,0.01
1772912285.047400165,0,0,1.24
1772912285.047400165,1,0,0.01
1772912286.069123068,0,0,1.24
1772912286.069123068,1,0,0.01
1772912287.091166544,0,0,1.24
1772912287.091166544,1,0,0.01
1772912288.113369734,0,0,1.24
1772912288.113369734,1,0,0.01
1772912289.134964715,0,0,1.24
1772912289.134964715,1,0,0.01
1772912290.156218906,0,0,1.24
1772912290.156218906,1,0,0.01
1772912291.176707277,0,0,1.24
1772912291.176707277,1,0,0.01
1772912292.197121901,0,0,1.24
1772912292.197121901,1,0,0.01
1772912293.218823903,0,0,1.24
1772912293.218823903,1,0,0.01
1772912294.240124149,0,0,1.24
1772912294.240124149,1,0,0.01
1772912295.261609099,0,0,1.24
1772912295.261609099,1,0,0.01
1772912296.282510651,0,0,1.24
1772912296.282510651,1,0,0.01
1772912297.303863732,0,0,1.24
1772912297.303863732,1,0,0.01
1772912298.325466571,0,0,1.24
1772912298.325466571,1,0,0.01
1772912299.346574406,0,0,1.24
1772912299.346574406,1,0,0.01
1772912300.367836094,0,0,1.24
1772912300.367836094,1,0,0.01
1772912301.388520065,0,0,1.24
1772912301.388520065,1,0,0.01
1772912302.409856288,0,0,1.24
1772912302.409856288,1,0,0.01
1772912303.431587010,0,0,1.24
1772912303.431587010,1,0,0.01
1772912304.452997917,0,0,1.24
1772912304.452997917,1,0,0.01
1772912305.474135614,0,0,1.24
1772912305.474135614,1,0,0.01
1772912306.495234903,0,0,1.24
1772912306.495234903,1,0,0.01
1772912307.516041313,0,0,1.24
1772912307.516041313,1,0,0.01
1772912308.536504247,0,0,1.24
1772912308.536504247,1,0,0.01
1772912309.557742828,0,0,1.24
1772912309.557742828,1,0,0.01
1772912310.577803139,0,0,1.24
1772912310.577803139,1,0,0.01
1772912311.599758956,0,0,1.24
1772912311.599758956,1,0,0.01
1772912312.620738895,0,0,1.24
1772912312.620738895,1,0,0.01
1772912313.640283737,0,0,1.24
1772912313.640283737,1,0,0.01
1772912314.661110065,0,0,1.24
1772912314.661110065,1,0,0.01
1772912315.680671133,0,0,1.24
1772912315.680671133,1,0,0.01
1772912316.700384067,0,0,1.24
1772912316.700384067,1,0,0.01
1772912317.722121939,0,0,1.24
1772912317.722121939,1,0,0.01
1772912318.741873000,0,0,1.24
1772912318.741873000,1,0,0.01
1772912319.763066401,0,0,1.24
1772912319.763066401,1,0,0.01
1772912320.785216799,0,0,1.24
1772912320.785216799,1,0,0.01
1772912321.807254362,0,0,1.24
1772912321.807254362,1,0,0.01
1772912322.828399204,0,0,1.24
1772912322.828399204,1,0,0.01
1772912323.849518083,0,0,1.24
1772912323.849518083,1,0,0.01
1772912324.870995983,0,0,1.24
1772912324.870995983,1,0,0.01
1772912325.892307753,0,0,1.24
1772912325.892307753,1,0,0.01
1772912326.913687051,0,0,1.24
1772912326.913687051,1,0,0.01
1772912327.934625903,0,0,1.24
1772912327.934625903,1,0,0.01
1772912328.955738519,0,0,1.24
1772912328.955738519,1,0,0.01
1772912329.976242238,0,0,1.24
1772912329.976242238,1,0,0.01
1772912330.997267258,0,0,1.24
1772912330.997267258,1,0,0.01
1772912332.018200180,0,0,1.24
1772912332.018200180,1,0,0.01
1772912333.037603895,0,0,1.24
1772912333.037603895,1,0,0.01
1772912334.057974324,0,0,1.24
1772912334.057974324,1,0,0.01
1772912335.079968561,0,0,1.24
1772912335.079968561,1,0,0.01
1772912336.100784107,0,0,1.24
1772912336.100784107,1,0,0.01
1772912337.121424242,0,0,1.24
1772912337.121424242,1,0,0.01
1772912338.142109836,0,0,1.24
1772912338.142109836,1,0,0.01
1772912339.163332210,0,0,1.24
1772912339.163332210,1,0,0.01
1772912340.184267101,0,0,1.24
1772912340.184267101,1,0,0.01
1772912341.206557135,0,0,1.24
1772912341.206557135,1,0,0.01
1772912342.227299278,0,0,1.24
1772912342.227299278,1,0,0.01
1772912343.247917282,0,0,1.24
1772912343.247917282,1,0,0.01
1772912344.269189314,0,0,1.24
1772912344.269189314,1,0,0.01
1772912345.290436502,0,0,1.24
1772912345.290436502,1,0,0.01
1772912346.311136588,0,0,1.24
1772912346.311136588,1,0,0.01
1772912347.332358555,0,0,1.24
1772912347.332358555,1,0,0.01
1772912348.351493217,0,0,1.24
1772912348.351493217,1,0,0.01
1772912349.371724267,0,0,1.24
1772912349.371724267,1,0,0.01
1772912350.393588999,0,0,1.24
1772912350.393588999,1,0,0.01
1772912351.414712346,0,0,1.24
1772912351.414712346,1,0,0.01
1772912352.435899103,0,0,1.24
1772912352.435899103,1,0,0.01
1772912353.457150565,0,0,1.24
1772912353.457150565,1,0,0.01
1772912354.477221767,0,0,1.24
1772912354.477221767,1,0,0.01
1772912355.499022347,0,0,1.24
1772912355.499022347,1,0,0.01
1772912356.520298099,0,0,1.24
1772912356.520298099,1,0,0.01
1772912357.541982731,0,0,1.24
1772912357.541982731,1,0,0.01
1772912358.563665397,0,0,1.24
1772912358.563665397,1,0,0.01
1772912359.584817321,0,0,1.24
1772912359.584817321,1,0,0.01
1772912360.606504181,0,0,1.24
1772912360.606504181,1,0,0.01
1772912361.628512099,0,0,1.24
1772912361.628512099,1,0,0.01
1772912362.649950990,0,0,1.24
1772912362.649950990,1,0,0.01
1772912363.671969277,0,0,1.24
1772912363.671969277,1,0,0.01
1772912364.692978266,0,0,1.24
1772912364.692978266,1,0,0.01
1772912365.714347299,0,0,1.24
1772912365.714347299,1,0,0.01
1772912366.735865222,0,0,1.24
1772912366.735865222,1,0,0.01
1772912367.758004882,0,0,1.24
1772912367.758004882,1,0,0.01
1772912368.779790614,0,0,1.24
1772912368.779790614,1,0,0.01
1772912369.799893758,0,0,1.24
1772912369.799893758,1,0,0.01
1772912370.821373435,0,0,1.24
1772912370.821373435,1,0,0.01
1772912371.843088111,0,0,1.24
1772912371.843088111,1,0,0.01
1772912372.864301373,0,0,1.24
1772912372.864301373,1,0,0.01
1772912373.885525356,0,0,1.24
1772912373.885525356,1,0,0.01
1772912374.906959890,0,0,1.24
1772912374.906959890,1,0,0.01
1772912375.928548102,0,0,1.24
1772912375.928548102,1,0,0.01
1772912376.949883580,0,0,1.24
1772912376.949883580,1,0,0.01
1772912377.970985542,0,0,1.24
1772912377.970985542,1,0,0.01
1772912378.991985383,0,0,1.24
1772912378.991985383,1,0,0.01
1772912380.013464033,0,0,1.24
1772912380.013464033,1,0,0.01
1772912381.035168778,0,0,1.24
1772912381.035168778,1,0,0.01
1772912382.055034431,0,0,1.24
1772912382.055034431,1,0,0.01
1772912383.076504457,0,0,1.24
1772912383.076504457,1,0,0.01
1772912384.097428426,0,0,1.24
1772912384.097428426,1,0,0.01
1772912385.118509609,0,0,1.24
1772912385.118509609,1,0,0.01
1772912386.139887775,0,0,1.24
1772912386.139887775,1,0,0.01
1772912387.161839215,0,0,1.24
1772912387.161839215,1,0,0.01
1772912388.182854043,0,0,1.24
1772912388.182854043,1,0,0.01
1772912389.203557996,0,0,1.24
1772912389.203557996,1,0,0.01
1772912390.226003870,0,0,1.24
1772912390.226003870,1,0,0.01
1772912391.247109126,0,0,1.24
1772912391.247109126,1,0,0.01
1772912392.268126129,0,0,1.24
1772912392.268126129,1,0,0.01
1772912393.289480905,0,0,1.24
1772912393.289480905,1,0,0.01
1772912394.311552250,0,0,1.24
1772912394.311552250,1,0,0.01
1772912395.332449871,0,0,1.24
1772912395.332449871,1,0,0.01
1772912396.354293774,0,0,1.24
1772912396.354293774,1,0,0.01
1772912397.375275819,0,0,1.24
1772912397.375275819,1,0,0.01
1772912398.395156500,0,0,1.24
1772912398.395156500,1,0,0.01
1772912399.416566614,0,0,1.24
1772912399.416566614,1,0,0.01
1772912400.438179286,0,0,1.24
1772912400.438179286,1,0,0.01
1772912401.458500625,0,0,1.24
1772912401.458500625,1,0,0.01
1772912402.479104223,0,0,1.24
1772912402.479104223,1,0,0.01
1772912403.500490298,0,0,1.24
1772912403.500490298,1,0,0.01
1772912404.522055730,0,0,1.24
1772912404.522055730,1,0,0.01
1772912405.542560696,0,0,1.24
1772912405.542560696,1,0,0.01
1772912406.564001760,0,0,1.24
1772912406.564001760,1,0,0.01
1772912407.585988193,0,0,1.24
1772912407.585988193,1,0,0.01
1772912408.605683874,0,0,1.24
1772912408.605683874,1,0,0.01
1772912409.625319766,0,0,1.24
1772912409.625319766,1,0,0.01
1772912410.647437202,0,0,1.24
1772912410.647437202,1,0,0.01
1772912411.667589460,0,0,1.24
1772912411.667589460,1,0,0.01
1772912412.688808517,0,0,1.24
1772912412.688808517,1,0,0.01
1772912413.710504814,0,0,1.24
1772912413.710504814,1,0,0.01
1772912414.732519425,0,0,1.24
1772912414.732519425,1,0,0.01
1772912415.753704016,0,0,1.24
1772912415.753704016,1,0,0.01
1772912416.774561966,0,0,1.24
1772912416.774561966,1,0,0.01
1772912417.796011188,0,0,1.24
1772912417.796011188,1,0,0.01
1772912418.817112248,0,0,1.24
1772912418.817112248,1,0,0.01
1772912419.838911667,0,0,1.24
1772912419.838911667,1,0,0.01
1772912420.859836086,0,0,1.24
1772912420.859836086,1,0,0.01
1772912421.880758852,0,0,1.24
1772912421.880758852,1,0,0.01
1772912422.901668149,0,0,1.24
1772912422.901668149,1,0,0.01
1772912423.922636728,0,0,1.24
1772912423.922636728,1,0,0.01
1772912424.943795616,0,0,1.24
1772912424.943795616,1,0,0.01
1772912425.964825035,0,0,1.24
1772912425.964825035,1,0,0.01
1772912426.984674887,0,0,1.24
1772912426.984674887,1,0,0.01
1772912428.004555976,0,0,1.24
1772912428.004555976,1,0,0.01
1772912429.024252909,0,0,1.24
1772912429.024252909,1,0,0.01
1772912430.045763666,0,0,1.24
1772912430.045763666,1,0,0.01
1772912431.067785195,0,0,1.24
1772912431.067785195,1,0,0.01
1772912432.089782068,0,0,1.24
1772912432.089782068,1,0,0.01
1772912433.110963698,0,0,1.24
1772912433.110963698,1,0,0.01
1772912434.133244339,0,0,1.24
1772912434.133244339,1,0,0.01
1772912435.154540468,0,0,1.24
1772912435.154540468,1,0,0.01
1772912436.175731262,0,0,1.24
1772912436.175731262,1,0,0.01
1772912437.196805938,0,0,1.24
1772912437.196805938,1,0,0.01
1772912438.218925919,0,0,1.24
1772912438.218925919,1,0,0.01
1772912439.240080568,0,0,1.24
1772912439.240080568,1,0,0.01
1772912440.260672200,0,0,1.24
1772912440.260672200,1,0,0.01
1772912441.281801194,0,0,1.24
1772912441.281801194,1,0,0.01
1772912442.303606572,0,0,1.24
1772912442.303606572,1,0,0.01
1772912443.323738060,0,0,1.24
1772912443.323738060,1,0,0.01
1772912444.345182444,0,0,1.24
1772912444.345182444,1,0,0.01
1772912445.366184663,0,0,1.24
1772912445.366184663,1,0,0.01
1772912446.386098429,0,0,1.24
1772912446.386098429,1,0,0.01
1772912447.407368718,0,0,1.24
1772912447.407368718,1,0,0.01
1772912448.428325226,0,0,1.24
1772912448.428325226,1,0,0.01
1772912449.450665215,0,0,1.24
1772912449.450665215,1,0,0.01
1772912450.471562578,0,0,1.24
1772912450.471562578,1,0,0.01
1772912451.492987764,0,0,1.24
1772912451.492987764,1,0,0.01
1772912452.514893425,0,0,1.24
1772912452.514893425,1,0,0.01
1772912453.536803996,0,0,1.24
1772912453.536803996,1,0,0.01
1772912454.557878588,0,0,1.24
1772912454.557878588,1,0,0.01
1772912455.579181087,0,0,1.24
1772912455.579181087,1,0,0.01
1772912456.600688352,0,0,1.24
1772912456.600688352,1,0,0.01
1772912457.621954793,0,0,1.24
1772912457.621954793,1,0,0.01
1772912458.641522850,0,0,1.24
1772912458.641522850,1,0,0.01
1772912459.662627747,0,0,1.24
1772912459.662627747,1,0,0.01
1772912460.683154580,0,0,1.24
1772912460.683154580,1,0,0.01
1772912461.705761399,0,0,1.24
1772912461.705761399,1,0,0.01
1772912462.726945304,0,0,1.24
1772912462.726945304,1,0,0.01
1772912463.749114241,0,0,1.24
1772912463.749114241,1,0,0.01
1772912464.770447801,0,0,1.24
1772912464.770447801,1,0,0.01
1772912465.792662959,0,0,1.24
1772912465.792662959,1,0,0.01
1772912466.813333468,0,0,1.24
1772912466.813333468,1,0,0.01
1772912467.835275858,0,0,1.24
1772912467.835275858,1,0,0.01
1772912468.856008126,0,0,1.24
1772912468.856008126,1,0,0.01
1772912469.878072915,0,0,1.24
1772912469.878072915,1,0,0.01
1772912470.898063678,0,0,1.24
1772912470.898063678,1,0,0.01
1772912471.920062094,0,0,1.24
1772912471.920062094,1,0,0.01
1772912472.941042019,0,0,1.24
1772912472.941042019,1,0,0.01
1772912473.963025941,0,0,1.24
1772912473.963025941,1,0,0.01
1772912474.984751377,0,0,1.24
1772912474.984751377,1,0,0.01
1772912476.006923524,0,0,1.24
1772912476.006923524,1,0,0.01
1772912477.028849946,0,0,1.24
1772912477.028849946,1,0,0.01
1772912478.050972872,0,0,1.24
1772912478.050972872,1,0,0.01
1772912479.071667775,0,0,1.24
1772912479.071667775,1,0,0.01
1772912480.093647668,0,0,1.24
1772912480.093647668,1,0,0.01
1772912481.114917370,0,0,1.24
1772912481.114917370,1,0,0.01
1772912482.137286898,0,0,1.24
1772912482.137286898,1,0,0.01
1772912483.158795552,0,0,1.24
1772912483.158795552,1,0,0.01
1772912484.180531386,0,0,1.24
1772912484.180531386,1,0,0.01
1772912485.202584734,0,0,1.24
1772912485.202584734,1,0,0.01
1772912486.225018524,0,0,1.24
1772912486.225018524,1,0,0.01
1772912487.246762449,0,0,1.24
1772912487.246762449,1,0,0.01
1772912488.269104435,0,0,1.24
1772912488.269104435,1,0,0.01
1772912489.290119277,0,0,1.24
1772912489.290119277,1,0,0.01
1772912490.312369196,0,0,1.24
1772912490.312369196,1,0,0.01
1772912491.334386300,0,0,1.24
1772912491.334386300,1,0,0.01
1772912492.356343614,0,0,1.24
1772912492.356343614,1,0,0.01
1772912493.377523336,0,0,1.24
1772912493.377523336,1,0,0.01
1772912494.399676153,0,0,1.24
1772912494.399676153,1,0,0.01
1772912495.420575894,0,0,1.24
1772912495.420575894,1,0,0.01
1772912496.442584910,0,0,1.24
1772912496.442584910,1,0,0.01
1772912497.463683266,0,0,1.24
1772912497.463683266,1,0,0.01
1772912498.485509508,0,0,1.24
1772912498.485509508,1,0,0.01
1772912499.507111775,0,0,1.24
1772912499.507111775,1,0,0.01
1772912500.528093162,0,0,1.24
1772912500.528093162,1,0,0.01
1772912501.548983282,0,0,1.24
1772912501.548983282,1,0,0.01
1772912502.570280101,0,0,1.24
1772912502.570280101,1,0,0.01
1772912503.591280036,0,0,1.24
1772912503.591280036,1,0,0.01
1772912504.613023126,0,0,1.24
1772912504.613023126,1,0,0.01
1772912505.633756516,0,0,1.24
1772912505.633756516,1,0,0.01
1772912506.655872912,0,0,1.24
1772912506.655872912,1,0,0.01
1772912507.676706779,0,0,1.24
1772912507.676706779,1,0,0.01
1772912508.696262335,0,0,1.24
1772912508.696262335,1,0,0.01
1772912509.718628593,0,0,1.24
1772912509.718628593,1,0,0.01
1772912510.739093900,0,0,1.24
1772912510.739093900,1,0,0.01
1772912511.761017571,0,0,1.24
1772912511.761017571,1,0,0.01
1772912512.782741496,0,0,1.24
1772912512.782741496,1,0,0.01
1772912513.803635113,0,0,1.24
1772912513.803635113,1,0,0.01
1772912514.824291510,0,0,1.24
1772912514.824291510,1,0,0.01
1772912515.845631323,0,0,1.24
1772912515.845631323,1,0,0.01
1772912516.867649445,0,0,1.24
1772912516.867649445,1,0,0.01
1772912517.890252266,0,0,1.24
1772912517.890252266,1,0,0.01
1772912518.912083583,0,0,1.24
1772912518.912083583,1,0,0.01
1772912519.933713881,0,0,1.24
1772912519.933713881,1,0,0.01
1772912520.956100432,0,0,1.24
1772912520.956100432,1,0,0.01
1772912521.977342992,0,0,1.24
1772912521.977342992,1,0,0.01
1772912522.999135534,0,0,1.24
1772912522.999135534,1,0,0.01
1772912524.020181295,0,0,1.24
1772912524.020181295,1,0,0.01
1772912525.042071031,0,0,1.24
1772912525.042071031,1,0,0.01
1772912526.064315801,0,0,1.24
1772912526.064315801,1,0,0.01
1772912527.085104042,0,71,1.24
1772912527.085104042,1,0,0.01
1772912528.106643927,0,70,1.24
1772912528.106643927,1,0,0.01
1772912529.127100956,0,0,1.24
1772912529.127100956,1,0,0.01
1772912530.147581469,0,0,1.24
1772912530.147581469,1,0,0.01
1772912531.169360545,0,0,1.24
1772912531.169360545,1,0,0.01
1772912532.191719023,0,0,1.24
1772912532.191719023,1,0,0.01
1772912533.213791613,0,0,1.24
1772912533.213791613,1,0,0.01
1772912534.235828558,0,0,1.24
1772912534.235828558,1,0,0.01
1772912535.257422006,0,0,1.24
1772912535.257422006,1,0,0.01
1772912536.279283307,0,0,1.24
1772912536.279283307,1,0,0.01
1772912537.300939495,0,0,1.24
1772912537.300939495,1,0,0.01
1772912538.322785920,0,0,1.24
1772912538.322785920,1,0,0.01
1772912539.344118176,0,0,1.24
1772912539.344118176,1,0,0.01
1772912540.365803865,0,0,1.24
1772912540.365803865,1,0,0.01
1772912541.387207200,0,0,1.24
1772912541.387207200,1,0,0.01
1772912542.408787251,0,0,1.24
1772912542.408787251,1,0,0.01
1772912543.430362208,0,0,1.24
1772912543.430362208,1,0,0.01
1772912544.452056871,0,0,1.24
1772912544.452056871,1,0,0.01
1772912545.472962599,0,0,1.24
1772912545.472962599,1,0,0.01
1772912546.492442737,0,0,1.24
1772912546.492442737,1,0,0.01
1772912547.514447356,0,0,1.24
1772912547.514447356,1,0,0.01
1772912548.535668908,0,0,1.24
1772912548.535668908,1,0,0.01
1772912549.557454735,0,0,1.24
1772912549.557454735,1,0,0.01
1772912550.578714331,0,0,1.24
1772912550.578714331,1,0,0.01
1772912551.600833262,0,0,1.24
1772912551.600833262,1,0,0.01
1772912552.621616709,0,0,1.24
1772912552.621616709,1,0,0.01
1772912553.643367282,0,0,1.24
1772912553.643367282,1,0,0.01
1772912554.664055450,0,0,1.24
1772912554.664055450,1,0,0.01
1772912555.683978135,0,0,1.24
1772912555.683978135,1,0,0.01
1772912556.706002151,0,0,1.24
1772912556.706002151,1,0,0.01
1772912557.727540500,0,0,1.24
1772912557.727540500,1,0,0.01
1772912558.749723367,0,0,1.24
1772912558.749723367,1,0,0.01
1772912559.771397368,0,0,1.24
1772912559.771397368,1,0,0.01
1772912560.793922073,0,0,1.24
1772912560.793922073,1,0,0.01
1772912561.816427711,0,0,1.24
1772912561.816427711,1,0,0.01
1772912562.838836720,0,0,1.24
1772912562.838836720,1,0,0.01
1772912563.860665028,0,0,1.24
1772912563.860665028,1,0,0.01
1772912564.882304629,0,0,1.24
1772912564.882304629,1,0,0.01
1772912565.903812463,0,0,1.24
1772912565.903812463,1,0,0.01
1772912566.925528068,0,0,1.24
1772912566.925528068,1,0,0.01
1772912567.946992746,0,0,1.24
1772912567.946992746,1,0,0.01
1772912568.968423863,0,0,1.24
1772912568.968423863,1,0,0.01
1772912569.989782533,0,0,1.24
1772912569.989782533,1,0,0.01
1772912571.010112758,0,0,1.24
1772912571.010112758,1,0,0.01
1772912572.030863367,0,0,1.24
1772912572.030863367,1,0,0.01
1772912573.052933970,0,0,1.24
1772912573.052933970,1,0,0.01
1772912574.073142646,0,0,1.24
1772912574.073142646,1,0,0.01
1772912575.094289122,0,0,1.24
1772912575.094289122,1,0,0.01
1772912576.116039060,0,0,1.24
1772912576.116039060,1,0,0.01
1772912577.137278619,0,0,1.24
1772912577.137278619,1,0,0.01
1772912578.158780153,0,0,1.24
1772912578.158780153,1,0,0.01
1772912579.179300938,0,0,1.24
1772912579.179300938,1,0,0.01
1772912580.199759540,0,0,1.24
1772912580.199759540,1,0,0.01
1772912581.221275029,0,0,1.24
1772912581.221275029,1,0,0.01
1772912582.242644213,0,0,1.24
1772912582.242644213,1,0,0.01
1772912583.264262155,0,0,1.24
1772912583.264262155,1,0,0.01
1772912584.285261502,0,0,1.24
1772912584.285261502,1,0,0.01
1772912585.306178770,0,0,1.24
1772912585.306178770,1,0,0.01
1772912586.328679789,0,0,1.24
1772912586.328679789,1,0,0.01
1772912587.350097402,0,0,1.24
1772912587.350097402,1,0,0.01
1772912588.371663960,0,0,1.24
1772912588.371663960,1,0,0.01
1772912589.392536466,0,0,1.24
1772912589.392536466,1,0,0.01
1772912590.413730095,0,0,1.24
1772912590.413730095,1,0,0.01
1772912591.433687011,0,0,1.24
1772912591.433687011,1,0,0.01
1772912592.454117846,0,0,1.24
1772912592.454117846,1,0,0.01
1772912593.475870645,0,0,1.24
1772912593.475870645,1,0,0.01
1772912594.497332565,0,0,1.24
1772912594.497332565,1,0,0.01
1772912595.519089206,0,0,1.24
1772912595.519089206,1,0,0.01
1772912596.540494216,0,0,1.24
1772912596.540494216,1,0,0.01
1772912597.561637042,0,0,1.24
1772912597.561637042,1,0,0.01
1772912598.583232871,0,0,1.24
1772912598.583232871,1,0,0.01
1772912599.605752971,0,0,1.24
1772912599.605752971,1,0,0.01
1772912600.627053005,0,0,1.24
1772912600.627053005,1,0,0.01
1772912601.649155339,0,0,1.24
1772912601.649155339,1,0,0.01
1772912602.669328214,0,0,1.24
1772912602.669328214,1,0,0.01
1772912603.691178614,0,0,1.24
1772912603.691178614,1,0,0.01
1772912604.712616342,0,0,1.24
1772912604.712616342,1,0,0.01
1772912605.733856786,0,0,1.24
1772912605.733856786,1,0,0.01
1772912606.755783666,0,0,1.24
1772912606.755783666,1,0,0.01
1772912607.775899287,0,0,1.24
1772912607.775899287,1,0,0.01
1772912608.797295319,0,0,1.24
1772912608.797295319,1,0,0.01
1772912609.819190849,0,0,1.24
1772912609.819190849,1,0,0.01
1772912610.841266817,0,0,1.24
1772912610.841266817,1,0,0.01
1772912611.862562717,0,0,1.24
1772912611.862562717,1,0,0.01
1772912612.884146686,0,0,1.24
1772912612.884146686,1,0,0.01
1772912613.905766515,0,0,1.24
1772912613.905766515,1,0,0.01
1772912614.927172962,0,0,1.24
1772912614.927172962,1,0,0.01
1772912615.948572947,0,0,1.24
1772912615.948572947,1,0,0.01
1772912616.970758023,0,0,1.24
1772912616.970758023,1,0,0.01
1772912617.993201984,0,0,1.24
1772912617.993201984,1,0,0.01
1772912619.014881001,0,0,1.24
1772912619.014881001,1,0,0.01
1772912620.036862243,0,0,1.24
1772912620.036862243,1,0,0.01
1772912621.058930390,0,0,1.24
1772912621.058930390,1,0,0.01
1772912622.081155315,0,0,1.24
1772912622.081155315,1,0,0.01
1772912623.102573156,0,0,1.24
1772912623.102573156,1,0,0.01
1772912624.122091881,0,0,1.24
1772912624.122091881,1,0,0.01
1772912625.143218921,0,0,1.24
1772912625.143218921,1,0,0.01
1772912626.163929431,0,0,1.24
1772912626.163929431,1,0,0.01
1772912627.185208870,0,0,1.24
1772912627.185208870,1,0,0.01
1772912628.205228570,0,0,1.24
1772912628.205228570,1,0,0.01
1772912629.226957417,0,0,1.24
1772912629.226957417,1,0,0.01
1772912630.247847157,0,0,1.24
1772912630.247847157,1,0,0.01
1772912631.269861196,0,0,1.24
1772912631.269861196,1,0,0.01
1772912632.291142638,0,0,1.24
1772912632.291142638,1,0,0.01
1772912633.312704252,0,0,1.24
1772912633.312704252,1,0,0.01
1772912634.334189013,0,0,1.24
1772912634.334189013,1,0,0.01
1772912635.355337204,0,0,1.24
1772912635.355337204,1,0,0.01
1772912636.375851506,0,0,1.24
1772912636.375851506,1,0,0.01
1772912637.397278197,0,0,1.24
1772912637.397278197,1,0,0.01
1772912638.418154126,0,0,1.24
1772912638.418154126,1,0,0.01
1772912639.439264168,0,0,1.24
1772912639.439264168,1,0,0.01
1772912640.460012205,0,0,1.24
1772912640.460012205,1,0,0.01
1772912641.480252113,0,0,1.24
1772912641.480252113,1,0,0.01
1772912642.500840357,0,0,1.24
1772912642.500840357,1,0,0.01
1772912643.520908143,0,0,1.24
1772912643.520908143,1,0,0.01
1772912644.541447162,0,0,1.24
1772912644.541447162,1,0,0.01
1772912645.563749255,0,0,1.24
1772912645.563749255,1,0,0.01
1772912646.586146947,0,0,1.24
1772912646.586146947,1,0,0.01
1772912647.607185895,0,0,1.24
1772912647.607185895,1,0,0.01
1772912648.627416118,0,0,1.24
1772912648.627416118,1,0,0.01
1772912649.649469959,0,0,1.24
1772912649.649469959,1,0,0.01
1772912650.671358678,0,0,1.24
1772912650.671358678,1,0,0.01
1772912651.693347858,0,0,1.24
1772912651.693347858,1,0,0.01
1772912652.715103384,0,0,1.24
1772912652.715103384,1,0,0.01
1772912653.736911691,0,0,1.24
1772912653.736911691,1,0,0.01
1772912654.757219373,0,0,1.24
1772912654.757219373,1,0,0.01
1772912655.779004142,0,0,1.24
1772912655.779004142,1,0,0.01
1772912656.800312355,0,0,1.24
1772912656.800312355,1,0,0.01
1772912657.821756171,0,0,1.24
1772912657.821756171,1,0,0.01
1772912658.843191428,0,0,1.24
1772912658.843191428,1,0,0.01
1772912659.863411877,0,0,1.24
1772912659.863411877,1,0,0.01
1772912660.883752245,0,0,1.24
1772912660.883752245,1,0,0.01
1772912661.904716734,0,0,1.24
1772912661.904716734,1,0,0.01
1772912662.925872898,0,0,1.24
1772912662.925872898,1,0,0.01
1772912663.946813613,0,0,1.24
1772912663.946813613,1,0,0.01
1772912664.968155196,0,0,1.24
1772912664.968155196,1,0,0.01
1772912665.989210327,0,0,1.24
1772912665.989210327,1,0,0.01
1772912667.010394454,0,0,1.24
1772912667.010394454,1,0,0.01
1772912668.032354267,0,0,1.24
1772912668.032354267,1,0,0.01
1772912669.054553239,0,0,1.24
1772912669.054553239,1,0,0.01
1772912670.075905467,0,0,1.24
1772912670.075905467,1,0,0.01
1772912671.097107578,0,0,1.24
1772912671.097107578,1,0,0.01
1772912672.118121684,0,0,1.24
1772912672.118121684,1,0,0.01
1772912673.140051645,0,0,1.24
1772912673.140051645,1,0,0.01
1772912674.161148195,0,0,1.24
1772912674.161148195,1,0,0.01
1772912675.183356701,0,0,1.24
1772912675.183356701,1,0,0.01
1772912676.204583369,0,0,1.24
1772912676.204583369,1,0,0.01
1772912677.226192166,0,0,1.24
1772912677.226192166,1,0,0.01
1772912678.247289131,0,0,1.24
1772912678.247289131,1,0,0.01
1772912679.266987741,0,0,1.24
1772912679.266987741,1,0,0.01
1772912680.287783554,0,0,1.24
1772912680.287783554,1,0,0.01
1772912681.308289291,0,0,1.24
1772912681.308289291,1,0,0.01
1772912682.328667998,0,0,1.24
1772912682.328667998,1,0,0.01
1772912683.348335347,0,0,1.24
1772912683.348335347,1,0,0.01
1772912684.369303216,0,0,1.24
1772912684.369303216,1,0,0.01
1772912685.391561840,0,0,1.24
1772912685.391561840,1,0,0.01
1772912686.413224091,0,0,1.24
1772912686.413224091,1,0,0.01
1772912687.434272912,0,0,1.24
1772912687.434272912,1,0,0.01
1772912688.455715565,0,0,1.24
1772912688.455715565,1,0,0.01
1772912689.476905915,0,0,1.24
1772912689.476905915,1,0,0.01
1772912690.497008120,0,0,1.24
1772912690.497008120,1,0,0.01
1772912691.518239662,0,0,1.24
1772912691.518239662,1,0,0.01
1772912692.539522111,0,0,1.24
1772912692.539522111,1,0,0.01
1772912693.561124828,0,0,1.24
1772912693.561124828,1,0,0.01
1772912694.582688657,0,0,1.24
1772912694.582688657,1,0,0.01
1772912695.603952469,0,0,1.24
1772912695.603952469,1,0,0.01
1772912696.625297893,0,0,1.24
1772912696.625297893,1,0,0.01
1772912697.646246215,0,0,1.24
1772912697.646246215,1,0,0.01
1772912698.666322514,0,0,1.24
1772912698.666322514,1,0,0.01
1772912699.687148734,0,0,1.24
1772912699.687148734,1,0,0.01
1772912700.709213499,0,0,1.24
1772912700.709213499,1,0,0.01
1772912701.730748072,0,0,1.24
1772912701.730748072,1,0,0.01
1772912702.752207311,0,0,1.24
1772912702.752207311,1,0,0.01
1772912703.772593619,0,0,1.24
1772912703.772593619,1,0,0.01
1772912704.795195003,0,0,1.24
1772912704.795195003,1,0,0.01
1772912705.816503420,0,0,1.24
1772912705.816503420,1,0,0.01
1772912706.839037139,0,0,1.24
1772912706.839037139,1,0,0.01
1772912707.860412776,0,0,1.24
1772912707.860412776,1,0,0.01
1772912708.882322473,0,0,1.24
1772912708.882322473,1,0,0.01
1772912709.902917452,0,0,1.24
1772912709.902917452,1,0,0.01
1772912710.924129593,0,0,1.24
1772912710.924129593,1,0,0.01
1772912711.943984224,0,0,1.24
1772912711.943984224,1,0,0.01
1772912712.964220563,0,0,1.24
1772912712.964220563,1,0,0.01
1772912713.986160298,0,0,1.24
1772912713.986160298,1,0,0.01
1772912715.007198587,0,0,1.24
1772912715.007198587,1,0,0.01
1772912716.029222062,0,0,1.24
1772912716.029222062,1,0,0.01
1772912717.049753219,0,0,1.24
1772912717.049753219,1,0,0.01
1772912718.070293266,0,0,1.24
1772912718.070293266,1,0,0.01
1772912719.092099691,0,0,1.24
1772912719.092099691,1,0,0.01
1772912720.112924172,0,0,1.24
1772912720.112924172,1,0,0.01
1772912721.134114575,0,0,1.24
1772912721.134114575,1,0,0.01
1772912722.155696100,0,0,1.24
1772912722.155696100,1,0,0.01
1772912723.177431570,0,0,1.24
1772912723.177431570,1,0,0.01
1772912724.199311593,0,0,1.24
1772912724.199311593,1,0,0.01
1772912725.220425324,0,0,1.24
1772912725.220425324,1,0,0.01
1772912726.239863472,0,0,1.24
1772912726.239863472,1,0,0.01
1772912727.261667621,0,0,1.24
1772912727.261667621,1,0,0.01
1772912728.282749308,0,0,1.24
1772912728.282749308,1,0,0.01
1772912729.304422717,0,0,1.24
1772912729.304422717,1,0,0.01
1772912730.325661870,0,0,1.24
1772912730.325661870,1,0,0.01
1772912731.348265803,0,0,1.24
1772912731.348265803,1,0,0.01
1772912732.369261623,0,0,1.24
1772912732.369261623,1,0,0.01
1772912733.390295648,0,0,1.24
1772912733.390295648,1,0,0.01
1772912734.411680896,0,0,1.24
1772912734.411680896,1,0,0.01
1772912735.433758326,0,0,1.24
1772912735.433758326,1,0,0.01
1772912736.455360437,0,0,1.24
1772912736.455360437,1,0,0.01
1772912737.477777408,0,0,1.24
1772912737.477777408,1,0,0.01
1772912738.500396387,0,0,1.24
1772912738.500396387,1,0,0.01
1772912739.523378513,0,0,1.24
1772912739.523378513,1,0,0.01
1772912740.544756104,0,0,1.24
1772912740.544756104,1,0,0.01
1772912741.565830544,0,0,1.24
1772912741.565830544,1,0,0.01
1772912742.587523259,0,0,1.24
1772912742.587523259,1,0,0.01
1772912743.609425061,0,0,1.24
1772912743.609425061,1,0,0.01
1772912744.631879774,0,0,1.24
1772912744.631879774,1,0,0.01
1772912745.652270038,0,0,1.24
1772912745.652270038,1,0,0.01
1772912746.673300152,0,0,1.24
1772912746.673300152,1,0,0.01
1772912747.694554228,0,0,1.24
1772912747.694554228,1,0,0.01
1772912748.716759395,0,0,1.24
1772912748.716759395,1,0,0.01
1772912749.738584253,0,0,1.24
1772912749.738584253,1,0,0.01
1772912750.760318800,0,0,1.24
1772912750.760318800,1,0,0.01
1772912751.782524583,0,0,1.24
1772912751.782524583,1,0,0.01
1772912752.804142822,0,0,1.24
1772912752.804142822,1,0,0.01
1772912753.825227504,0,0,1.24
1772912753.825227504,1,0,0.01
1772912754.846112260,0,0,1.24
1772912754.846112260,1,0,0.01
1772912755.867317098,0,0,1.24
1772912755.867317098,1,0,0.01
1772912756.889598805,0,0,1.24
1772912756.889598805,1,0,0.01
1772912757.911921868,0,0,1.24
1772912757.911921868,1,0,0.01
1772912758.933330270,0,0,1.24
1772912758.933330270,1,0,0.01
1772912759.955076762,0,0,1.24
1772912759.955076762,1,0,0.01
1772912760.976171192,0,0,1.24
1772912760.976171192,1,0,0.01
1772912761.996445681,0,0,1.24
1772912761.996445681,1,0,0.01
1772912763.018225933,0,0,1.24
1772912763.018225933,1,0,0.01
1772912764.039269416,0,0,1.24
1772912764.039269416,1,0,0.01
1772912765.061020858,0,0,1.24
1772912765.061020858,1,0,0.01
1772912766.082098942,0,0,1.24
1772912766.082098942,1,0,0.01
1772912767.102940488,0,0,1.24
1772912767.102940488,1,0,0.01
1772912768.125408992,0,0,1.24
1772912768.125408992,1,0,0.01
1772912769.145867004,0,0,1.24
1772912769.145867004,1,0,0.01
1772912770.166491034,0,0,1.24
1772912770.166491034,1,0,0.01
1772912771.186479301,0,0,1.24
1772912771.186479301,1,0,0.01
1772912772.207985409,0,0,1.24
1772912772.207985409,1,0,0.01
1772912773.229710667,0,0,1.24
1772912773.229710667,1,0,0.01
1772912774.251734636,0,0,1.24
1772912774.251734636,1,0,0.01
1772912775.272845655,0,0,1.24
1772912775.272845655,1,0,0.01
1772912776.294330174,0,0,1.24
1772912776.294330174,1,0,0.01
1772912777.315426844,0,0,1.24
1772912777.315426844,1,0,0.01
1772912778.337657820,0,0,1.24
1772912778.337657820,1,0,0.01
1772912779.359759385,0,0,1.24
1772912779.359759385,1,0,0.01
1772912780.381650912,0,0,1.24
1772912780.381650912,1,0,0.01
1772912781.403313099,0,0,1.24
1772912781.403313099,1,0,0.01
1772912782.425491259,0,0,1.24
1772912782.425491259,1,0,0.01
1772912783.447285892,0,0,1.24
1772912783.447285892,1,0,0.01
1772912784.469115486,0,0,1.24
1772912784.469115486,1,0,0.01
1772912785.490757666,0,0,1.24
1772912785.490757666,1,0,0.01
1772912786.512849866,0,0,1.24
1772912786.512849866,1,0,0.01
1772912787.534166342,0,0,1.24
1772912787.534166342,1,0,0.01
1772912788.555471472,0,0,1.24
1772912788.555471472,1,0,0.01
1772912789.577816299,0,0,1.24
1772912789.577816299,1,0,0.01
1772912790.599609307,0,0,1.24
1772912790.599609307,1,0,0.01
1772912791.621643055,0,0,1.24
1772912791.621643055,1,0,0.01
1772912792.643490149,0,0,1.24
1772912792.643490149,1,0,0.01
1772912793.665416046,0,0,1.24
1772912793.665416046,1,0,0.01
1772912794.686876706,0,0,1.24
1772912794.686876706,1,0,0.01
1772912795.708662236,0,0,1.24
1772912795.708662236,1,0,0.01
1772912796.730908711,0,0,1.24
1772912796.730908711,1,0,0.01
1772912797.752037145,0,0,1.24
1772912797.752037145,1,0,0.01
1772912798.772753965,0,0,1.24
1772912798.772753965,1,0,0.01
1772912799.795071739,0,0,1.24
1772912799.795071739,1,0,0.01
1772912800.816779203,0,0,1.24
1772912800.816779203,1,0,0.01
1772912801.839026234,0,0,1.24
1772912801.839026234,1,0,0.01
1772912802.860902368,0,0,1.24
1772912802.860902368,1,0,0.01
1772912803.882762992,0,0,1.24
1772912803.882762992,1,0,0.01
1772912804.903116796,0,0,1.24
1772912804.903116796,1,0,0.01
1772912805.924287914,0,0,1.24
1772912805.924287914,1,0,0.01
1772912806.945214091,0,0,1.24
1772912806.945214091,1,0,0.01
1772912807.966246722,0,0,1.24
1772912807.966246722,1,0,0.01
1772912808.987060562,0,0,1.24
1772912808.987060562,1,0,0.01
1772912810.009108347,0,0,1.24
1772912810.009108347,1,0,0.01
1772912811.030816643,0,0,1.24
1772912811.030816643,1,0,0.01
1772912812.051927350,0,0,1.24
1772912812.051927350,1,0,0.01
1772912813.073935848,0,0,1.24
1772912813.073935848,1,0,0.01
1772912814.095537817,0,0,1.24
1772912814.095537817,1,0,0.01
1772912815.117163273,0,0,1.24
1772912815.117163273,1,0,0.01
1772912816.138313003,0,0,1.24
1772912816.138313003,1,0,0.01
1772912817.159907636,0,0,1.24
1772912817.159907636,1,0,0.01
1772912818.181357232,0,0,1.24
1772912818.181357232,1,0,0.01
1772912819.203322183,0,0,1.24
1772912819.203322183,1,0,0.01
1772912820.225260958,0,0,1.24
1772912820.225260958,1,0,0.01
1772912821.246404305,0,0,1.24
1772912821.246404305,1,0,0.01
1772912822.267943427,0,0,1.24
1772912822.267943427,1,0,0.01
1772912823.289839574,0,0,1.24
1772912823.289839574,1,0,0.01
1772912824.310916234,0,0,1.24
1772912824.310916234,1,0,0.01
1772912825.332936652,0,0,1.24
1772912825.332936652,1,0,0.01
1772912826.355131016,0,0,1.24
1772912826.355131016,1,0,0.01
1772912827.377083479,0,0,1.24
1772912827.377083479,1,0,0.01
1772912828.398881003,0,0,1.24
1772912828.398881003,1,0,0.01
1772912829.420623273,0,0,1.24
1772912829.420623273,1,0,0.01
1772912830.442303618,0,0,1.24
1772912830.442303618,1,0,0.01
1772912831.463219230,0,0,1.24
1772912831.463219230,1,0,0.01
1772912832.484875258,0,0,1.24
1772912832.484875258,1,0,0.01
1772912833.505836288,0,0,1.24
1772912833.505836288,1,0,0.01
1772912834.528074153,0,0,1.24
1772912834.528074153,1,0,0.01
1772912835.549487903,0,0,1.24
1772912835.549487903,1,0,0.01
1772912836.571418419,0,0,1.24
1772912836.571418419,1,0,0.01
1772912837.592785005,0,0,1.24
1772912837.592785005,1,0,0.01
1772912838.615099973,0,0,1.24
1772912838.615099973,1,0,0.01
1772912839.637986469,0,0,1.24
1772912839.637986469,1,0,0.01
1772912840.660091250,0,0,1.24
1772912840.660091250,1,0,0.01
1772912841.681143378,0,0,1.24
1772912841.681143378,1,0,0.01
1772912842.701455720,0,0,1.24
1772912842.701455720,1,0,0.01
1772912843.723971499,0,0,1.24
1772912843.723971499,1,0,0.01
1772912844.745109543,0,0,1.24
1772912844.745109543,1,0,0.01
1772912845.767299078,0,0,1.24
1772912845.767299078,1,0,0.01
1772912846.788919698,0,0,1.24
1772912846.788919698,1,0,0.01
1772912847.810126503,0,0,1.24
1772912847.810126503,1,0,0.01
1772912848.832010689,0,0,1.24
1772912848.832010689,1,0,0.01
1772912849.854152990,0,0,1.24
1772912849.854152990,1,0,0.01
1772912850.875411081,0,0,1.24
1772912850.875411081,1,0,0.01
1772912851.897043292,0,0,1.24
1772912851.897043292,1,0,0.01
1772912852.917478651,0,0,1.24
1772912852.917478651,1,0,0.01
1772912853.939935514,0,0,1.24
1772912853.939935514,1,0,0.01
1772912854.961177904,0,0,1.24
1772912854.961177904,1,0,0.01
1772912855.983471991,0,0,1.24
1772912855.983471991,1,0,0.01
1772912857.006001080,0,0,1.24
1772912857.006001080,1,0,0.01
1772912858.027241734,0,0,1.24
1772912858.027241734,1,0,0.01
1772912859.048220841,0,0,1.24
1772912859.048220841,1,0,0.01
1772912860.069001176,0,0,1.24
1772912860.069001176,1,0,0.01
1772912861.090896977,0,0,1.24
1772912861.090896977,1,0,0.01
1772912862.113248358,0,0,1.24
1772912862.113248358,1,0,0.01
1772912863.134576921,0,0,1.24
1772912863.134576921,1,0,0.01
1772912864.155682290,0,0,1.24
1772912864.155682290,1,0,0.01
1772912865.178132037,0,0,1.24
1772912865.178132037,1,0,0.01
1772912866.199796347,0,0,1.24
1772912866.199796347,1,0,0.01
1772912867.221762635,0,0,1.24
1772912867.221762635,1,0,0.01
1772912868.244097867,0,0,1.24
1772912868.244097867,1,0,0.01
1772912869.265303995,0,0,1.24
1772912869.265303995,1,0,0.01
1772912870.287528311,0,0,1.24
1772912870.287528311,1,0,0.01
1772912871.309318813,0,0,1.24
1772912871.309318813,1,0,0.01
1772912872.330744657,0,0,1.24
1772912872.330744657,1,0,0.01
1772912873.352399412,0,0,1.24
1772912873.352399412,1,0,0.01
1772912874.373588208,0,0,1.24
1772912874.373588208,1,0,0.01
1772912875.394501012,0,0,1.24
1772912875.394501012,1,0,0.01
1772912876.416141958,0,0,1.24
1772912876.416141958,1,0,0.01
1772912877.437944021,0,0,1.24
1772912877.437944021,1,0,0.01
1772912878.459980188,0,0,1.24
1772912878.459980188,1,0,0.01
1772912879.481986676,0,0,1.24
1772912879.481986676,1,0,0.01
1772912880.503325258,0,0,1.24
1772912880.503325258,1,0,0.01
1772912881.525249808,0,0,1.24
1772912881.525249808,1,0,0.01
1772912882.546097356,0,0,1.24
1772912882.546097356,1,0,0.01
1772912883.568231234,0,0,1.24
1772912883.568231234,1,0,0.01
1772912884.589295537,0,0,1.24
1772912884.589295537,1,0,0.01
1772912885.610762343,0,0,1.24
1772912885.610762343,1,0,0.01
1772912886.632209192,0,0,1.24
1772912886.632209192,1,0,0.01
1772912887.654009504,0,0,1.24
1772912887.654009504,1,0,0.01
1772912888.676122854,0,0,1.24
1772912888.676122854,1,0,0.01
1772912889.697761657,0,0,1.24
1772912889.697761657,1,0,0.01
1772912890.719341705,0,0,1.24
1772912890.719341705,1,0,0.01
1772912891.741312377,0,0,1.24
1772912891.741312377,1,0,0.01
1772912892.763386721,0,0,1.24
1772912892.763386721,1,0,0.01
1772912893.785341850,0,0,1.24
1772912893.785341850,1,0,0.01
1772912894.806995296,0,0,1.24
1772912894.806995296,1,0,0.01
1772912895.828211689,0,0,1.24
1772912895.828211689,1,0,0.01
1772912896.849289435,0,0,1.24
1772912896.849289435,1,0,0.01
1772912897.871713672,0,0,1.24
1772912897.871713672,1,0,0.01
1772912898.893261668,0,0,1.24
1772912898.893261668,1,0,0.01
1772912899.913628748,0,0,1.24
1772912899.913628748,1,0,0.01
1772912900.933784196,0,0,1.24
1772912900.933784196,1,0,0.01
1772912901.955180115,0,0,1.24
1772912901.955180115,1,0,0.01
1772912902.976948693,0,0,1.24
1772912902.976948693,1,0,0.01
1772912903.998165041,0,0,1.24
1772912903.998165041,1,0,0.01
1772912905.020413566,0,0,1.24
1772912905.020413566,1,0,0.01
1772912906.042108986,0,0,1.24
1772912906.042108986,1,0,0.01
1772912907.064207363,0,0,1.24
1772912907.064207363,1,0,0.01
1772912908.086301530,0,0,1.24
1772912908.086301530,1,0,0.01
1772912909.108701692,0,0,1.24
1772912909.108701692,1,0,0.01
1772912910.130743154,0,0,1.24
1772912910.130743154,1,0,0.01
1772912911.152161441,0,0,1.24
1772912911.152161441,1,0,0.01
1772912912.174204112,0,0,1.24
1772912912.174204112,1,0,0.01
1772912913.196798377,0,0,1.24
1772912913.196798377,1,0,0.01
1772912914.218726523,0,0,1.24
1772912914.218726523,1,0,0.01
1772912915.240707859,0,0,1.24
1772912915.240707859,1,0,0.01
1772912916.262435767,0,0,1.24
1772912916.262435767,1,0,0.01
1772912917.284495907,0,0,1.24
1772912917.284495907,1,0,0.01
1772912918.305953190,0,0,1.24
1772912918.305953190,1,0,0.01
1772912919.327458932,0,0,1.24
1772912919.327458932,1,0,0.01
1772912920.349613601,0,0,1.24
1772912920.349613601,1,0,0.01
1772912921.370745567,0,0,1.24
1772912921.370745567,1,0,0.01
1772912922.391231828,0,0,1.24
1772912922.391231828,1,0,0.01
1772912923.412717454,0,0,1.24
1772912923.412717454,1,0,0.01
1772912924.434132576,0,0,1.24
1772912924.434132576,1,0,0.01
1772912925.456608117,0,0,1.24
1772912925.456608117,1,0,0.01
1772912926.478456386,0,0,1.24
1772912926.478456386,1,0,0.01
1772912927.500625693,0,0,1.24
1772912927.500625693,1,0,0.01
1772912928.522345527,0,0,1.24
1772912928.522345527,1,0,0.01
1772912929.543636818,0,0,1.24
1772912929.543636818,1,0,0.01
1772912930.565134862,0,0,1.24
1772912930.565134862,1,0,0.01
1772912931.586756440,0,0,1.24
1772912931.586756440,1,0,0.01
1772912932.608651551,0,0,1.24
1772912932.608651551,1,0,0.01
1772912933.629202225,0,0,1.24
1772912933.629202225,1,0,0.01
1772912934.649419981,0,0,1.24
1772912934.649419981,1,0,0.01
1772912935.671247665,0,0,1.24
1772912935.671247665,1,0,0.01
1772912936.693304632,0,0,1.24
1772912936.693304632,1,0,0.01
1772912937.714602707,0,0,1.24
1772912937.714602707,1,0,0.01
1772912938.735040516,0,0,1.24
1772912938.735040516,1,0,0.01
1772912939.755832190,0,0,1.24
1772912939.755832190,1,0,0.01
1772912940.778148096,0,0,1.24
1772912940.778148096,1,0,0.01
1772912941.799681547,0,0,1.24
1772912941.799681547,1,0,0.01
1772912942.822048637,0,0,1.24
1772912942.822048637,1,0,0.01
1772912943.843964344,0,0,1.24
1772912943.843964344,1,0,0.01
1772912944.864190896,0,0,1.24
1772912944.864190896,1,0,0.01
1772912945.884335272,0,0,1.24
1772912945.884335272,1,0,0.01
1772912946.904203158,0,0,1.24
1772912946.904203158,1,0,0.01
1772912947.925923149,0,0,1.24
1772912947.925923149,1,0,0.01
1772912948.947494724,0,0,1.24
1772912948.947494724,1,0,0.01
1772912949.967202261,0,0,1.24
1772912949.967202261,1,0,0.01
1772912950.987089610,0,0,1.24
1772912950.987089610,1,0,0.01
1772912952.007909714,0,0,1.24
1772912952.007909714,1,0,0.01
1772912953.029801264,0,0,1.24
1772912953.029801264,1,0,0.01
1772912954.051862774,0,0,1.24
1772912954.051862774,1,0,0.01
1772912955.071979562,0,0,1.24
1772912955.071979562,1,0,0.01
1772912956.091616295,0,0,1.24
1772912956.091616295,1,0,0.01
1772912957.111049246,0,0,1.24
1772912957.111049246,1,0,0.01
1772912958.130684998,0,0,1.24
1772912958.130684998,1,0,0.01
1772912959.150510363,0,0,1.24
1772912959.150510363,1,0,0.01
1772912960.170008432,0,0,1.24
1772912960.170008432,1,0,0.01
1772912961.189613406,0,0,1.24
1772912961.189613406,1,0,0.01
1772912962.209358675,0,0,1.24
1772912962.209358675,1,0,0.01
1772912963.229859987,0,0,1.24
1772912963.229859987,1,0,0.01
1772912964.249297518,0,0,1.24
1772912964.249297518,1,0,0.01
1772912965.269073472,0,0,1.24
1772912965.269073472,1,0,0.01
1772912966.291223440,0,0,1.24
1772912966.291223440,1,0,0.01
1772912967.313825110,0,0,1.24
1772912967.313825110,1,0,0.01
1772912968.335521099,0,0,1.24
1772912968.335521099,1,0,0.01
1772912969.355343832,0,0,1.24
1772912969.355343832,1,0,0.01
1772912970.375410277,0,0,1.24
1772912970.375410277,1,0,0.01
1772912971.395048702,0,0,1.24
1772912971.395048702,1,0,0.01
1772912972.415701231,0,0,1.24
1772912972.415701231,1,0,0.01
1772912973.435597782,0,0,1.24
1772912973.435597782,1,0,0.01
1772912974.455692755,0,0,1.24
1772912974.455692755,1,0,0.01
1772912975.477774622,0,0,1.24
1772912975.477774622,1,0,0.01
1772912976.498846685,0,0,1.24
1772912976.498846685,1,0,0.01
1772912977.520577788,0,0,1.24
1772912977.520577788,1,0,0.01
1772912978.541730229,0,0,1.24
1772912978.541730229,1,0,0.01
1772912979.561938278,0,0,1.24
1772912979.561938278,1,0,0.01
1772912980.581630454,0,0,1.24
1772912980.581630454,1,0,0.01
1772912981.601171089,0,0,1.24
1772912981.601171089,1,0,0.01
1772912982.620762304,0,0,1.24
1772912982.620762304,1,0,0.01
1772912983.640117002,0,0,1.24
1772912983.640117002,1,0,0.01
1772912984.660751271,0,0,1.24
1772912984.660751271,1,0,0.01
1772912985.680414156,0,0,1.24
1772912985.680414156,1,0,0.01
1772912986.700296178,0,0,1.24
1772912986.700296178,1,0,0.01
1772912987.720262073,0,0,1.24
1772912987.720262073,1,0,0.01
1772912988.742345521,0,0,1.24
1772912988.742345521,1,0,0.01
1772912989.763319141,0,0,1.24
1772912989.763319141,1,0,0.01
1772912990.784002496,0,0,1.24
1772912990.784002496,1,0,0.01
1772912991.806072497,0,0,1.24
1772912991.806072497,1,0,0.01
1772912992.826820202,0,0,1.24
1772912992.826820202,1,0,0.01
1772912993.846464197,0,0,1.24
1772912993.846464197,1,0,0.01
1772912994.866126219,0,0,1.24
1772912994.866126219,1,0,0.01
1772912995.885856084,0,0,1.24
1772912995.885856084,1,0,0.01
1772912996.905576153,0,0,1.24
1772912996.905576153,1,0,0.01
1772912997.925950275,0,0,1.24
1772912997.925950275,1,0,0.01
1772912998.945320121,0,0,1.24
1772912998.945320121,1,0,0.01
1772912999.964849307,0,0,1.24
1772912999.964849307,1,0,0.01
1772913000.986604703,0,0,1.24
1772913000.986604703,1,0,0.01
1772913002.008626069,0,0,1.24
1772913002.008626069,1,0,0.01
1772913003.029714909,0,0,1.24
1772913003.029714909,1,0,0.01
1772913004.051800430,0,0,1.24
1772913004.051800430,1,0,0.01
1772913005.071921109,0,0,1.24
1772913005.071921109,1,0,0.01
1772913006.092860117,0,0,1.24
1772913006.092860117,1,0,0.01
1772913007.113415164,0,0,1.24
1772913007.113415164,1,0,0.01
1772913008.133106670,0,0,1.24
1772913008.133106670,1,0,0.01
1772913009.154343011,0,0,1.24
1772913009.154343011,1,0,0.01
1772913010.176133423,0,0,1.24
1772913010.176133423,1,0,0.01
1772913011.198087924,0,0,1.24
1772913011.198087924,1,0,0.01
1772913012.219773913,0,0,1.24
1772913012.219773913,1,0,0.01
1772913013.240884734,0,0,1.24
1772913013.240884734,1,0,0.01
1772913014.262047016,0,0,1.24
1772913014.262047016,1,0,0.01
1772913015.282021169,0,0,1.24
1772913015.282021169,1,0,0.01
1772913016.304242181,0,0,1.24
1772913016.304242181,1,0,0.01
1772913017.324775338,0,0,1.24
1772913017.324775338,1,0,0.01
1772913018.347009396,0,0,1.24
1772913018.347009396,1,0,0.01
1772913019.368494913,0,0,1.24
1772913019.368494913,1,0,0.01
1772913020.390508803,0,0,1.24
1772913020.390508803,1,0,0.01
1772913021.412460969,0,0,1.24
1772913021.412460969,1,0,0.01
1772913022.433430070,0,0,1.24
1772913022.433430070,1,0,0.01
1772913023.454617524,0,0,1.24
1772913023.454617524,1,0,0.01
1772913024.476286197,0,0,1.24
1772913024.476286197,1,0,0.01
1772913025.497499613,0,0,1.24
1772913025.497499613,1,0,0.01
1772913026.522789277,0,0,1.24
1772913026.522789277,1,0,0.01
1772913027.542292674,0,0,1.24
1772913027.542292674,1,0,0.01
1772913028.563735974,0,0,1.24
1772913028.563735974,1,0,0.01
1772913029.584978650,0,0,1.24
1772913029.584978650,1,0,0.01
1772913030.605960955,0,0,1.24
1772913030.605960955,1,0,0.01
1772913031.628097510,0,0,1.24
1772913031.628097510,1,0,0.01
1772913032.650147860,0,0,1.24
1772913032.650147860,1,0,0.01
1772913033.671259951,0,0,1.24
1772913033.671259951,1,0,0.01
1772913034.692585214,0,0,1.24
1772913034.692585214,1,0,0.01
1772913035.713728755,0,0,1.24
1772913035.713728755,1,0,0.01
1772913036.735126315,0,0,1.24
1772913036.735126315,1,0,0.01
1772913037.756218328,0,0,1.24
1772913037.756218328,1,0,0.01
1772913038.777095442,0,0,1.24
1772913038.777095442,1,0,0.01
1772913039.797137934,0,0,1.24
1772913039.797137934,1,0,0.01
1772913040.818074143,0,0,1.24
1772913040.818074143,1,0,0.01
1772913041.839269854,0,0,1.24
1772913041.839269854,1,0,0.01
1772913042.861199557,0,0,1.24
1772913042.861199557,1,0,0.01
1772913043.881965773,0,0,1.24
1772913043.881965773,1,0,0.01
1772913044.903658329,0,0,1.24
1772913044.903658329,1,0,0.01
1772913045.924521643,0,0,1.24
1772913045.924521643,1,0,0.01
1772913046.946481481,0,0,1.24
1772913046.946481481,1,0,0.01
1772913047.967982720,0,0,1.24
1772913047.967982720,1,0,0.01
1772913048.990248249,0,0,1.24
1772913048.990248249,1,0,0.01
1772913050.010488934,0,0,1.24
1772913050.010488934,1,0,0.01
1772913051.030338334,0,0,1.24
1772913051.030338334,1,0,0.01
1772913052.052097118,0,0,1.24
1772913052.052097118,1,0,0.01
1772913053.074448172,0,0,1.24
1772913053.074448172,1,0,0.01
1772913054.095676688,0,0,1.24
1772913054.095676688,1,0,0.01
1772913055.117137624,0,0,1.24
1772913055.117137624,1,0,0.01
1772913056.138307388,0,70,1.24
1772913056.138307388,1,0,0.01
1772913057.159671286,0,70,1.24
1772913057.159671286,1,0,0.01
1772913058.181185473,0,0,1.24
1772913058.181185473,1,0,0.01
1772913059.201136038,0,0,1.24
1772913059.201136038,1,0,0.01
1772913060.221146840,0,0,1.24
1772913060.221146840,1,0,0.01
1772913061.242513144,0,0,1.24
1772913061.242513144,1,0,0.01
1772913062.263533482,0,0,1.24
1772913062.263533482,1,0,0.01
1772913063.283809154,0,0,1.24
1772913063.283809154,1,0,0.01
1772913064.306135658,0,0,1.24
1772913064.306135658,1,0,0.01
1772913065.327261834,0,0,1.24
1772913065.327261834,1,0,0.01
1772913066.348519620,0,0,1.24
1772913066.348519620,1,0,0.01
1772913067.369903328,0,0,1.24
1772913067.369903328,1,0,0.01
1772913068.390311539,0,0,1.24
1772913068.390311539,1,0,0.01
1772913069.412156375,0,0,1.24
1772913069.412156375,1,0,0.01
1772913070.433647990,0,0,1.24
1772913070.433647990,1,0,0.01
1772913071.454120411,0,0,1.24
1772913071.454120411,1,0,0.01
1772913072.475292851,0,0,1.24
1772913072.475292851,1,0,0.01
1772913073.496253367,0,0,1.24
1772913073.496253367,1,0,0.01
1772913074.516584882,0,0,1.24
1772913074.516584882,1,0,0.01
1772913075.537901845,0,0,1.24
1772913075.537901845,1,0,0.01
1772913076.559677257,0,0,1.24
1772913076.559677257,1,0,0.01
1772913077.581141381,0,0,1.24
1772913077.581141381,1,0,0.01
1772913078.602424208,0,0,1.24
1772913078.602424208,1,0,0.01
1772913079.623105781,0,0,1.24
1772913079.623105781,1,0,0.01
1772913080.643034970,0,0,1.24
1772913080.643034970,1,0,0.01
1772913081.664304871,0,0,1.24
1772913081.664304871,1,0,0.01
1772913082.685401746,0,0,1.24
1772913082.685401746,1,0,0.01
1772913083.706255285,0,0,1.24
1772913083.706255285,1,0,0.01
1772913084.726060370,0,0,1.24
1772913084.726060370,1,0,0.01
1772913085.747122965,0,0,1.24
1772913085.747122965,1,0,0.01
1772913086.768455917,0,0,1.24
1772913086.768455917,1,0,0.01
1772913087.790294120,0,0,1.24
1772913087.790294120,1,0,0.01
1772913088.811310194,0,0,1.24
1772913088.811310194,1,0,0.01
1772913089.833196204,0,0,1.24
1772913089.833196204,1,0,0.01
1772913090.854102920,0,0,1.24
1772913090.854102920,1,0,0.01
1772913091.874280899,0,0,1.24
1772913091.874280899,1,0,0.01
1772913092.895716036,0,0,1.24
1772913092.895716036,1,0,0.01
1772913093.917339288,0,0,1.24
1772913093.917339288,1,0,0.01
1772913094.939177373,0,0,1.24
1772913094.939177373,1,0,0.01
1772913095.961052096,0,0,1.24
1772913095.961052096,1,0,0.01
1772913096.983199747,0,0,1.24
1772913096.983199747,1,0,0.01
1772913098.005596284,0,0,1.24
1772913098.005596284,1,0,0.01
1772913099.027447327,0,0,1.24
1772913099.027447327,1,0,0.01
1772913100.048281746,0,0,1.24
1772913100.048281746,1,0,0.01
1772913101.069527647,0,0,1.24
1772913101.069527647,1,0,0.01
1772913102.089308216,0,0,1.24
1772913102.089308216,1,0,0.01
1772913103.109811108,0,0,1.24
1772913103.109811108,1,0,0.01
1772913104.131122349,0,0,1.24
1772913104.131122349,1,0,0.01
1772913105.152154954,0,0,1.24
1772913105.152154954,1,0,0.01
1772913106.172122878,0,0,1.24
1772913106.172122878,1,0,0.01
1772913107.193662931,0,0,1.24
1772913107.193662931,1,0,0.01
1772913108.213642928,0,0,1.24
1772913108.213642928,1,0,0.01
1772913109.235713270,0,0,1.24
1772913109.235713270,1,0,0.01
1772913110.257328039,0,0,1.24
1772913110.257328039,1,0,0.01
1772913111.277297596,0,0,1.24
1772913111.277297596,1,0,0.01
1772913112.296986764,0,0,1.24
1772913112.296986764,1,0,0.01
1772913113.318728682,0,0,1.24
1772913113.318728682,1,0,0.01
1772913114.339556164,0,0,1.24
1772913114.339556164,1,0,0.01
1772913115.361579593,0,0,1.24
1772913115.361579593,1,0,0.01
1772913116.382437513,0,0,1.24
1772913116.382437513,1,0,0.01
1772913117.404338687,0,0,1.24
1772913117.404338687,1,0,0.01
1772913118.426513558,0,0,1.24
1772913118.426513558,1,0,0.01
1772913119.447734856,0,0,1.24
1772913119.447734856,1,0,0.01
1772913120.469436465,0,0,1.24
1772913120.469436465,1,0,0.01
1772913121.489172777,0,0,1.24
1772913121.489172777,1,0,0.01
1772913122.509432712,0,0,1.24
1772913122.509432712,1,0,0.01
1772913123.530454799,0,0,1.24
1772913123.530454799,1,0,0.01
1772913124.552176740,0,0,1.24
1772913124.552176740,1,0,0.01
1772913125.573212177,0,0,1.24
1772913125.573212177,1,0,0.01
1772913126.594110592,0,0,1.24
1772913126.594110592,1,0,0.01
1772913127.613994674,0,0,1.24
1772913127.613994674,1,0,0.01
1772913128.635099054,0,0,1.24
1772913128.635099054,1,0,0.01
1772913129.657195395,0,0,1.24
1772913129.657195395,1,0,0.01
1772913130.679275196,0,0,1.24
1772913130.679275196,1,0,0.01
1772913131.700593181,0,0,1.24
1772913131.700593181,1,0,0.01
1772913132.721603523,0,0,1.24
1772913132.721603523,1,0,0.01
1772913133.742516475,0,0,1.24
1772913133.742516475,1,0,0.01
1772913134.764828219,0,0,1.24
1772913134.764828219,1,0,0.01
1772913135.786496000,0,0,1.24
1772913135.786496000,1,0,0.01
1772913136.807595198,0,0,1.24
1772913136.807595198,1,0,0.01
1772913137.828816029,0,0,1.24
1772913137.828816029,1,0,0.01
1772913138.850346380,0,0,1.24
1772913138.850346380,1,0,0.01
1772913139.872602127,0,0,1.24
1772913139.872602127,1,0,0.01
1772913140.894106696,0,0,1.24
1772913140.894106696,1,0,0.01
1772913141.916335749,0,0,1.24
1772913141.916335749,1,0,0.01
1772913142.936759117,0,0,1.24
1772913142.936759117,1,0,0.01
1772913143.958687785,0,0,1.24
1772913143.958687785,1,0,0.01
1772913144.980136474,0,0,1.24
1772913144.980136474,1,0,0.01
1772913146.000865240,0,0,1.24
1772913146.000865240,1,0,0.01
1772913147.021104488,0,0,1.24
1772913147.021104488,1,0,0.01
1772913148.042852435,0,0,1.24
1772913148.042852435,1,0,0.01
1772913149.064883374,0,0,1.24
1772913149.064883374,1,0,0.01
1772913150.086858397,0,0,1.24
1772913150.086858397,1,0,0.01
1772913151.108340189,0,0,1.24
1772913151.108340189,1,0,0.01
1772913152.129552502,0,0,1.24
1772913152.129552502,1,0,0.01
1772913153.150636781,0,0,1.24
1772913153.150636781,1,0,0.01
1772913154.172107926,0,0,1.24
1772913154.172107926,1,0,0.01
1772913155.192679000,0,0,1.24
1772913155.192679000,1,0,0.01
1772913156.213550847,0,0,1.24
1772913156.213550847,1,0,0.01
1772913157.235172697,0,0,1.24
1772913157.235172697,1,0,0.01
1772913158.256317517,0,0,1.24
1772913158.256317517,1,0,0.01
1772913159.278765556,0,0,1.24
1772913159.278765556,1,0,0.01
1772913160.299946069,0,0,1.24
1772913160.299946069,1,0,0.01
1772913161.321606949,0,0,1.24
1772913161.321606949,1,0,0.01
1772913162.342796303,0,0,1.24
1772913162.342796303,1,0,0.01
1772913163.365078726,0,0,1.24
1772913163.365078726,1,0,0.01
1772913164.386125560,0,0,1.24
1772913164.386125560,1,0,0.01
1772913165.408300328,0,0,1.24
1772913165.408300328,1,0,0.01
1772913166.429176237,0,0,1.24
1772913166.429176237,1,0,0.01
1772913167.451325182,0,0,1.24
1772913167.451325182,1,0,0.01
1772913168.471964871,0,0,1.24
1772913168.471964871,1,0,0.01
1772913169.493068120,0,0,1.24
1772913169.493068120,1,0,0.01
1772913170.515072027,0,0,1.24
1772913170.515072027,1,0,0.01
1772913171.536789839,0,0,1.24
1772913171.536789839,1,0,0.01
1772913172.558433504,0,0,1.24
1772913172.558433504,1,0,0.01
1772913173.580096568,0,0,1.24
1772913173.580096568,1,0,0.01
1772913174.601390562,0,0,1.24
1772913174.601390562,1,0,0.01
1772913175.622614562,0,0,1.24
1772913175.622614562,1,0,0.01
1772913176.644250466,0,0,1.24
1772913176.644250466,1,0,0.01
1772913177.666275987,0,0,1.24
1772913177.666275987,1,0,0.01
1772913178.687809214,0,0,1.24
1772913178.687809214,1,0,0.01
1772913179.709971845,0,0,1.24
1772913179.709971845,1,0,0.01
1772913180.731185023,0,0,1.24
1772913180.731185023,1,0,0.01
1772913181.752095179,0,0,1.24
1772913181.752095179,1,0,0.01
1772913182.774065313,0,0,1.24
1772913182.774065313,1,0,0.01
1772913183.795668601,0,0,1.24
1772913183.795668601,1,0,0.01
1772913184.817323330,0,0,1.24
1772913184.817323330,1,0,0.01
1772913185.838290964,0,0,1.24
1772913185.838290964,1,0,0.01
1772913186.859773102,0,0,1.24
1772913186.859773102,1,0,0.01
1772913187.880652041,0,0,1.24
1772913187.880652041,1,0,0.01
1772913188.903393544,0,0,1.24
1772913188.903393544,1,0,0.01
1772913189.924273989,0,0,1.24
1772913189.924273989,1,0,0.01
1772913190.946206814,0,0,1.24
1772913190.946206814,1,0,0.01
1772913191.967410230,0,0,1.24
1772913191.967410230,1,0,0.01
1772913192.988376197,0,0,1.24
1772913192.988376197,1,0,0.01
1772913194.009795457,0,0,1.24
1772913194.009795457,1,0,0.01
1772913195.032436616,0,0,1.24
1772913195.032436616,1,0,0.01
1772913196.053282962,0,0,1.24
1772913196.053282962,1,0,0.01
1772913197.072805025,0,0,1.24
1772913197.072805025,1,0,0.01
1772913198.092729544,0,0,1.24
1772913198.092729544,1,0,0.01
1772913199.114123718,0,0,1.24
1772913199.114123718,1,0,0.01
1772913200.136212491,0,0,1.24
1772913200.136212491,1,0,0.01
1772913201.157545598,0,0,1.24
1772913201.157545598,1,0,0.01
1772913202.179188038,0,0,1.24
1772913202.179188038,1,0,0.01
1772913203.200269318,0,0,1.24
1772913203.200269318,1,0,0.01
1772913204.220346508,0,0,1.24
1772913204.220346508,1,0,0.01
1772913205.241821506,0,0,1.24
1772913205.241821506,1,0,0.01
1772913206.262137584,0,0,1.24
1772913206.262137584,1,0,0.01
1772913207.282217423,0,0,1.24
1772913207.282217423,1,0,0.01
1772913208.304347154,0,0,1.24
1772913208.304347154,1,0,0.01
1772913209.326271017,0,0,1.24
1772913209.326271017,1,0,0.01
1772913210.346559080,0,0,1.24
1772913210.346559080,1,0,0.01
1772913211.369138742,0,0,1.24
1772913211.369138742,1,0,0.01
1772913212.390327908,0,0,1.24
1772913212.390327908,1,0,0.01
1772913213.411740332,0,0,1.24
1772913213.411740332,1,0,0.01
1772913214.434033040,0,0,1.24
1772913214.434033040,1,0,0.01
1772913215.455515042,0,0,1.24
1772913215.455515042,1,0,0.01
1772913216.477327148,0,0,1.24
1772913216.477327148,1,0,0.01
1772913217.499649716,0,0,1.24
1772913217.499649716,1,0,0.01
1772913218.521110220,0,0,1.24
1772913218.521110220,1,0,0.01
1772913219.542963936,0,0,1.24
1772913219.542963936,1,0,0.01
1772913220.563922501,0,0,1.24
1772913220.563922501,1,0,0.01
1772913221.585475959,0,0,1.24
1772913221.585475959,1,0,0.01
1772913222.607045887,0,0,1.24
1772913222.607045887,1,0,0.01
1772913223.629517812,0,0,1.24
1772913223.629517812,1,0,0.01
1772913224.650957910,0,0,1.24
1772913224.650957910,1,0,0.01
1772913225.673001483,0,0,1.24
1772913225.673001483,1,0,0.01
1772913226.695503807,0,0,1.24
1772913226.695503807,1,0,0.01
1772913227.716475030,0,0,1.24
1772913227.716475030,1,0,0.01
1772913228.737963594,0,0,1.24
1772913228.737963594,1,0,0.01
1772913229.759043662,0,0,1.24
1772913229.759043662,1,0,0.01
1772913230.780302930,0,0,1.24
1772913230.780302930,1,0,0.01
1772913231.801461974,0,0,1.24
1772913231.801461974,1,0,0.01
1772913232.824095570,0,0,1.24
1772913232.824095570,1,0,0.01
1772913233.845019482,0,0,1.24
1772913233.845019482,1,0,0.01
1772913234.865276473,0,0,1.24
1772913234.865276473,1,0,0.01
1772913235.885199283,0,0,1.24
1772913235.885199283,1,0,0.01
1772913236.906269682,0,0,1.24
1772913236.906269682,1,0,0.01
1772913237.927433649,0,0,1.24
1772913237.927433649,1,0,0.01
1772913238.948848442,0,0,1.24
1772913238.948848442,1,0,0.01
1772913239.970968974,0,0,1.24
1772913239.970968974,1,0,0.01
1772913240.992195296,0,0,1.24
1772913240.992195296,1,0,0.01
1772913242.014269104,0,0,1.24
1772913242.014269104,1,0,0.01
1772913243.035645992,0,0,1.24
1772913243.035645992,1,0,0.01
1772913244.058300342,0,0,1.24
1772913244.058300342,1,0,0.01
1772913245.080476192,0,0,1.24
1772913245.080476192,1,0,0.01
1772913246.102368662,0,0,1.24
1772913246.102368662,1,0,0.01
1772913247.124755443,0,0,1.24
1772913247.124755443,1,0,0.01
1772913248.146122334,0,0,1.24
1772913248.146122334,1,0,0.01
1772913249.167961458,0,0,1.24
1772913249.167961458,1,0,0.01
1772913250.190402655,0,0,1.24
1772913250.190402655,1,0,0.01
1772913251.212503227,0,0,1.24
1772913251.212503227,1,0,0.01
1772913252.233677916,0,0,1.24
1772913252.233677916,1,0,0.01
1772913253.255400269,0,0,1.24
1772913253.255400269,1,0,0.01
1772913254.276882266,0,0,1.24
1772913254.276882266,1,0,0.01
1772913255.299413973,0,0,1.24
1772913255.299413973,1,0,0.01
1772913256.320945082,0,0,1.24
1772913256.320945082,1,0,0.01
1772913257.343174667,0,0,1.24
1772913257.343174667,1,0,0.01
1772913258.365101755,0,0,1.24
1772913258.365101755,1,0,0.01
1772913259.387576411,0,0,1.24
1772913259.387576411,1,0,0.01
1772913260.408614108,0,0,1.24
1772913260.408614108,1,0,0.01
1772913261.430774845,0,0,1.24
1772913261.430774845,1,0,0.01
1772913262.452448554,0,0,1.24
1772913262.452448554,1,0,0.01
1772913263.474481862,0,0,1.24
1772913263.474481862,1,0,0.01
1772913264.496201487,0,0,1.24
1772913264.496201487,1,0,0.01
1772913265.516594982,0,0,1.24
1772913265.516594982,1,0,0.01
1772913266.538482197,0,0,1.24
1772913266.538482197,1,0,0.01
1772913267.559748445,0,0,1.24
1772913267.559748445,1,0,0.01
1772913268.582355757,0,0,1.24
1772913268.582355757,1,0,0.01
1772913269.604187224,0,0,1.24
1772913269.604187224,1,0,0.01
1772913270.625246629,0,0,1.24
1772913270.625246629,1,0,0.01
1772913271.647024659,0,0,1.24
1772913271.647024659,1,0,0.01
1772913272.669620517,0,0,1.24
1772913272.669620517,1,0,0.01
1772913273.690775468,0,0,1.24
1772913273.690775468,1,0,0.01
1772913274.712169543,0,0,1.24
1772913274.712169543,1,0,0.01
1772913275.734938502,0,0,1.24
1772913275.734938502,1,0,0.01
1772913276.756222190,0,0,1.24
1772913276.756222190,1,0,0.01
1772913277.776231483,0,0,1.24
1772913277.776231483,1,0,0.01
1772913278.796557640,0,0,1.24
1772913278.796557640,1,0,0.01
1772913279.818677257,0,0,1.24
1772913279.818677257,1,0,0.01
1772913280.840896213,0,0,1.24
1772913280.840896213,1,0,0.01
1772913281.863311919,0,0,1.24
1772913281.863311919,1,0,0.01
1772913282.883906259,0,0,1.24
1772913282.883906259,1,0,0.01
1772913283.905431295,0,0,1.24
1772913283.905431295,1,0,0.01
1772913284.927267473,0,0,1.24
1772913284.927267473,1,0,0.01
1772913285.948486268,0,0,1.24
1772913285.948486268,1,0,0.01
1772913286.970458217,0,0,1.24
1772913286.970458217,1,0,0.01
1772913287.992270128,0,0,1.24
1772913287.992270128,1,0,0.01
1772913289.014409408,0,0,1.24
1772913289.014409408,1,0,0.01
1772913290.035697348,0,0,1.24
1772913290.035697348,1,0,0.01
1772913291.057530793,0,0,1.24
1772913291.057530793,1,0,0.01
1772913292.079326299,0,0,1.24
1772913292.079326299,1,0,0.01
1772913293.101326938,0,0,1.24
1772913293.101326938,1,0,0.01
1772913294.123120031,0,0,1.24
1772913294.123120031,1,0,0.01
1772913295.145525768,0,0,1.24
1772913295.145525768,1,0,0.01
1772913296.166703699,0,0,1.24
1772913296.166703699,1,0,0.01
1772913297.188096361,0,0,1.24
1772913297.188096361,1,0,0.01
1772913298.209945506,0,0,1.24
1772913298.209945506,1,0,0.01
1772913299.231859748,0,0,1.24
1772913299.231859748,1,0,0.01
1772913300.253704115,0,0,1.24
1772913300.253704115,1,0,0.01
1772913301.274683625,0,0,1.24
1772913301.274683625,1,0,0.01
1772913302.295446471,0,0,1.24
1772913302.295446471,1,0,0.01
1772913303.316886497,0,0,1.24
1772913303.316886497,1,0,0.01
1772913304.338629585,0,0,1.24
1772913304.338629585,1,0,0.01
1772913305.360583280,0,0,1.24
1772913305.360583280,1,0,0.01
1772913306.382236879,0,0,1.24
1772913306.382236879,1,0,0.01
1772913307.404277220,0,0,1.24
1772913307.404277220,1,0,0.01
1772913308.426255402,0,0,1.24
1772913308.426255402,1,0,0.01
1772913309.448010949,0,0,1.24
1772913309.448010949,1,0,0.01
1772913310.469595665,0,0,1.24
1772913310.469595665,1,0,0.01
1772913311.491523652,0,0,1.24
1772913311.491523652,1,0,0.01
1772913312.512461801,0,0,1.24
1772913312.512461801,1,0,0.01
1772913313.535022051,0,0,1.24
1772913313.535022051,1,0,0.01
1772913314.555922796,0,0,1.24
1772913314.555922796,1,0,0.01
1772913315.577463627,0,0,1.24
1772913315.577463627,1,0,0.01
1772913316.598889422,0,0,1.24
1772913316.598889422,1,0,0.01
1772913317.620554373,0,0,1.24
1772913317.620554373,1,0,0.01
1772913318.641861166,0,0,1.24
1772913318.641861166,1,0,0.01
1772913319.663668951,0,0,1.24
1772913319.663668951,1,0,0.01
1772913320.685084338,0,0,1.24
1772913320.685084338,1,0,0.01
1772913321.706847891,0,0,1.24
1772913321.706847891,1,0,0.01
1772913322.729332513,0,0,1.24
1772913322.729332513,1,0,0.01
1772913323.751318394,0,0,1.24
1772913323.751318394,1,0,0.01
1772913324.772837684,0,0,1.24
1772913324.772837684,1,0,0.01
1772913325.795190992,0,0,1.24
1772913325.795190992,1,0,0.01
1772913326.816505268,0,0,1.24
1772913326.816505268,1,0,0.01
1772913327.838468289,0,0,1.24
1772913327.838468289,1,0,0.01
1772913328.860480841,0,0,1.24
1772913328.860480841,1,0,0.01
1772913329.880597571,0,0,1.24
1772913329.880597571,1,0,0.01
1772913330.902657707,0,0,1.24
1772913330.902657707,1,0,0.01
1772913331.923364179,0,0,1.24
1772913331.923364179,1,0,0.01
1772913332.945613803,0,0,1.24
1772913332.945613803,1,0,0.01
1772913333.966643640,0,0,1.24
1772913333.966643640,1,0,0.01
1772913334.989095611,0,0,1.24
1772913334.989095611,1,0,0.01
1772913336.010900683,0,0,1.24
1772913336.010900683,1,0,0.01
1772913337.032229576,0,0,1.24
1772913337.032229576,1,0,0.01
1772913338.054220073,0,0,1.24
1772913338.054220073,1,0,0.01
1772913339.075149088,0,0,1.24
1772913339.075149088,1,0,0.01
1772913340.096522361,0,0,1.24
1772913340.096522361,1,0,0.01
1772913341.118084168,0,0,1.24
1772913341.118084168,1,0,0.01
1772913342.139695449,0,0,1.24
1772913342.139695449,1,0,0.01
1772913343.161940485,0,0,1.24
1772913343.161940485,1,0,0.01
1772913344.183244203,0,0,1.24
1772913344.183244203,1,0,0.01
1772913345.204653212,0,0,1.24
1772913345.204653212,1,0,0.01
1772913346.226780087,0,0,1.24
1772913346.226780087,1,0,0.01
1772913347.248320941,0,0,1.24
1772913347.248320941,1,0,0.01
1772913348.269596544,0,0,1.24
1772913348.269596544,1,0,0.01
1772913349.291472706,0,0,1.24
1772913349.291472706,1,0,0.01
1772913350.312988758,0,0,1.24
1772913350.312988758,1,0,0.01
1772913351.334275419,0,0,1.24
1772913351.334275419,1,0,0.01
1772913352.355714159,0,0,1.24
1772913352.355714159,1,0,0.01
1772913353.377070369,0,0,1.24
1772913353.377070369,1,0,0.01
1772913354.398984796,0,0,1.24
1772913354.398984796,1,0,0.01
1772913355.421290093,0,0,1.24
1772913355.421290093,1,0,0.01
1772913356.441143364,0,0,1.24
1772913356.441143364,1,0,0.01
1772913357.462855356,0,0,1.24
1772913357.462855356,1,0,0.01
1772913358.484793277,0,0,1.24
1772913358.484793277,1,0,0.01
1772913359.506012364,0,0,1.24
1772913359.506012364,1,0,0.01
1772913360.526102998,0,0,1.24
1772913360.526102998,1,0,0.01
1772913361.546537252,0,0,1.24
1772913361.546537252,1,0,0.01
1772913362.568745770,0,0,1.24
1772913362.568745770,1,0,0.01
1772913363.590460988,0,0,1.24
1772913363.590460988,1,0,0.01
1772913364.611183939,0,0,1.24
1772913364.611183939,1,0,0.01
1772913365.632520494,0,0,1.24
1772913365.632520494,1,0,0.01
1772913366.654299730,0,0,1.24
1772913366.654299730,1,0,0.01
1772913367.675369137,0,0,1.24
1772913367.675369137,1,0,0.01
1772913368.697251088,0,0,1.24
1772913368.697251088,1,0,0.01
1772913369.719126739,0,0,1.24
1772913369.719126739,1,0,0.01
1772913370.740988183,0,0,1.24
1772913370.740988183,1,0,0.01
1772913371.762594275,0,0,1.24
1772913371.762594275,1,0,0.01
1772913372.784922367,0,0,1.24
1772913372.784922367,1,0,0.01
1772913373.806541233,0,0,1.24
1772913373.806541233,1,0,0.01
1772913374.828188596,0,0,1.24
1772913374.828188596,1,0,0.01
1772913375.849304108,0,0,1.24
1772913375.849304108,1,0,0.01
1772913376.871006143,0,0,1.24
1772913376.871006143,1,0,0.01
1772913377.892009641,0,0,1.24
1772913377.892009641,1,0,0.01
1772913378.913287882,0,0,1.24
1772913378.913287882,1,0,0.01
1772913379.935362442,0,0,1.24
1772913379.935362442,1,0,0.01
1772913380.957036141,0,0,1.24
1772913380.957036141,1,0,0.01
1772913381.977291462,0,0,1.24
1772913381.977291462,1,0,0.01
1772913382.998865841,0,0,1.24
1772913382.998865841,1,0,0.01
1772913384.019168217,0,0,1.24
1772913384.019168217,1,0,0.01
1772913385.041895142,0,0,1.24
1772913385.041895142,1,0,0.01
1772913386.063275090,0,0,1.24
1772913386.063275090,1,0,0.01
1772913387.083448371,0,0,1.24
1772913387.083448371,1,0,0.01
1772913388.105963554,0,0,1.24
1772913388.105963554,1,0,0.01
1772913389.127974178,0,0,1.24
1772913389.127974178,1,0,0.01
1772913390.149481505,0,0,1.24
1772913390.149481505,1,0,0.01
1772913391.170765806,0,0,1.24
1772913391.170765806,1,0,0.01
1772913392.192308058,0,0,1.24
1772913392.192308058,1,0,0.01
1772913393.214556817,0,0,1.24
1772913393.214556817,1,0,0.01
1772913394.236514539,0,0,1.24
1772913394.236514539,1,0,0.01
1772913395.257917078,0,0,1.24
1772913395.257917078,1,0,0.01
1772913396.279457306,0,0,1.24
1772913396.279457306,1,0,0.01
1772913397.300891432,0,0,1.24
1772913397.300891432,1,0,0.01
1772913398.323414560,0,0,1.24
1772913398.323414560,1,0,0.01
1772913399.344307071,0,0,1.24
1772913399.344307071,1,0,0.01
1772913400.365716184,0,0,1.24
1772913400.365716184,1,0,0.01
1772913401.386925550,0,0,1.24
1772913401.386925550,1,0,0.01
1772913402.409318324,0,0,1.24
1772913402.409318324,1,0,0.01
1772913403.431227788,0,0,1.24
1772913403.431227788,1,0,0.01
1772913404.451373824,0,0,1.24
1772913404.451373824,1,0,0.01
1772913405.473201891,0,0,1.24
1772913405.473201891,1,0,0.01
1772913406.493958511,0,0,1.24
1772913406.493958511,1,0,0.01
1772913407.516390295,0,0,1.24
1772913407.516390295,1,0,0.01
1772913408.537527504,0,0,1.24
1772913408.537527504,1,0,0.01
1772913409.559546961,0,0,1.24
1772913409.559546961,1,0,0.01
1772913410.581478413,0,0,1.24
1772913410.581478413,1,0,0.01
1772913411.603122886,0,0,1.24
1772913411.603122886,1,0,0.01
1772913412.624131168,0,0,1.24
1772913412.624131168,1,0,0.01
1772913413.646148056,0,0,1.24
1772913413.646148056,1,0,0.01
1772913414.667550497,0,0,1.24
1772913414.667550497,1,0,0.01
1772913415.689745784,0,0,1.24
1772913415.689745784,1,0,0.01
1772913416.711904390,0,0,1.24
1772913416.711904390,1,0,0.01
1772913417.734340164,0,0,1.24
1772913417.734340164,1,0,0.01
1772913418.755519052,0,0,1.24
1772913418.755519052,1,0,0.01
1772913419.777134131,0,0,1.24
1772913419.777134131,1,0,0.01
1772913420.797939802,0,0,1.24
1772913420.797939802,1,0,0.01
1772913421.818526898,0,0,1.24
1772913421.818526898,1,0,0.01
1772913422.840525110,0,0,1.24
1772913422.840525110,1,0,0.01
1772913423.862302674,0,0,1.24
1772913423.862302674,1,0,0.01
1772913424.884091782,0,0,1.24
1772913424.884091782,1,0,0.01
1772913425.903976383,0,0,1.24
1772913425.903976383,1,0,0.01
1772913426.926016592,0,0,1.24
1772913426.926016592,1,0,0.01
1772913427.947152023,0,0,1.24
1772913427.947152023,1,0,0.01
1772913428.969228115,0,0,1.24
1772913428.969228115,1,0,0.01
1772913429.989973133,0,0,1.24
1772913429.989973133,1,0,0.01
1772913431.013077832,0,0,1.24
1772913431.013077832,1,0,0.01
1772913432.034104957,0,0,1.24
1772913432.034104957,1,0,0.01
1772913433.055451303,0,0,1.24
1772913433.055451303,1,0,0.01
1772913434.077195367,0,0,1.24
1772913434.077195367,1,0,0.01
1772913435.098417807,0,0,1.24
1772913435.098417807,1,0,0.01
1772913436.120003362,0,0,1.24
1772913436.120003362,1,0,0.01
1772913437.140650374,0,0,1.24
1772913437.140650374,1,0,0.01
1772913438.162011125,0,0,1.24
1772913438.162011125,1,0,0.01
1772913439.183317955,0,0,1.24
1772913439.183317955,1,0,0.01
1772913440.205174986,0,0,1.24
1772913440.205174986,1,0,0.01
1772913441.226324957,0,0,1.24
1772913441.226324957,1,0,0.01
1772913442.247263770,0,0,1.24
1772913442.247263770,1,0,0.01
1772913443.267118142,0,0,1.24
1772913443.267118142,1,0,0.01
1772913444.287627613,0,0,1.24
1772913444.287627613,1,0,0.01
1772913445.309541376,0,0,1.24
1772913445.309541376,1,0,0.01
1772913446.330983000,0,0,1.24
1772913446.330983000,1,0,0.01
1772913447.353204129,0,0,1.24
1772913447.353204129,1,0,0.01
1772913448.375627210,0,0,1.24
1772913448.375627210,1,0,0.01
1772913449.397775841,0,0,1.24
1772913449.397775841,1,0,0.01
1772913450.419173846,0,0,1.24
1772913450.419173846,1,0,0.01
1772913451.441289779,0,0,1.24
1772913451.441289779,1,0,0.01
1772913452.461658811,0,0,1.24
1772913452.461658811,1,0,0.01
1772913453.483509561,0,0,1.24
1772913453.483509561,1,0,0.01
1772913454.505850653,0,0,1.24
1772913454.505850653,1,0,0.01
1772913455.527196295,0,0,1.24
1772913455.527196295,1,0,0.01
1772913456.547325675,0,0,1.24
1772913456.547325675,1,0,0.01
1772913457.567764517,0,0,1.24
1772913457.567764517,1,0,0.01
1772913458.589694890,0,0,1.24
1772913458.589694890,1,0,0.01
1772913459.611253866,0,0,1.24
1772913459.611253866,1,0,0.01
1772913460.631895967,0,0,1.24
1772913460.631895967,1,0,0.01
1772913461.651622919,0,0,1.24
1772913461.651622919,1,0,0.01
1772913462.673000547,0,0,1.24
1772913462.673000547,1,0,0.01
1772913463.694831380,0,0,1.24
1772913463.694831380,1,0,0.01
1772913464.716509018,0,0,1.24
1772913464.716509018,1,0,0.01
1772913465.737891555,0,0,1.24
1772913465.737891555,1,0,0.01
1772913466.759964077,0,0,1.24
1772913466.759964077,1,0,0.01
1772913467.780796068,0,0,1.24
1772913467.780796068,1,0,0.01
1772913468.802148000,0,0,1.24
1772913468.802148000,1,0,0.01
1772913469.823361561,0,0,1.24
1772913469.823361561,1,0,0.01
1772913470.843198565,0,0,1.24
1772913470.843198565,1,0,0.01
1772913471.865428366,0,0,1.24
1772913471.865428366,1,0,0.01
1772913472.886821028,0,0,1.24
1772913472.886821028,1,0,0.01
1772913473.908735894,0,0,1.24
1772913473.908735894,1,0,0.01
1772913474.930170766,0,0,1.24
1772913474.930170766,1,0,0.01
1772913475.951735500,0,0,1.24
1772913475.951735500,1,0,0.01
1772913476.971872202,0,0,1.24
1772913476.971872202,1,0,0.01
1772913477.994802022,0,0,1.24
1772913477.994802022,1,0,0.01
1772913479.015738798,0,0,1.24
1772913479.015738798,1,0,0.01
1772913480.037085037,0,0,1.24
1772913480.037085037,1,0,0.01
1772913481.057654715,0,0,1.24
1772913481.057654715,1,0,0.01
1772913482.079253629,0,0,1.24
1772913482.079253629,1,0,0.01
1772913483.101356140,0,0,1.24
1772913483.101356140,1,0,0.01
1772913484.123734292,0,0,1.24
1772913484.123734292,1,0,0.01
1772913485.145499301,0,0,1.24
1772913485.145499301,1,0,0.01
1772913486.167468175,0,0,1.24
1772913486.167468175,1,0,0.01
1772913487.188915608,0,0,1.24
1772913487.188915608,1,0,0.01
1772913488.210849296,0,0,1.24
1772913488.210849296,1,0,0.01
1772913489.232448837,0,0,1.24
1772913489.232448837,1,0,0.01
1772913490.254109284,0,0,1.24
1772913490.254109284,1,0,0.01
1772913491.275900801,0,0,1.24
1772913491.275900801,1,0,0.01
1772913492.296420789,0,0,1.24
1772913492.296420789,1,0,0.01
1772913493.317937495,0,0,1.24
1772913493.317937495,1,0,0.01
1772913494.339454705,0,0,1.24
1772913494.339454705,1,0,0.01
1772913495.362360587,0,0,1.24
1772913495.362360587,1,0,0.01
1772913496.384530399,0,0,1.24
1772913496.384530399,1,0,0.01
1772913497.406125737,0,0,1.24
1772913497.406125737,1,0,0.01
1772913498.427851902,0,0,1.24
1772913498.427851902,1,0,0.01
1772913499.449384790,0,0,1.24
1772913499.449384790,1,0,0.01
1772913500.471388317,0,0,1.24
1772913500.471388317,1,0,0.01
1772913501.493193568,0,0,1.24
1772913501.493193568,1,0,0.01
1772913502.514959664,0,0,1.24
1772913502.514959664,1,0,0.01
1772913503.537247996,0,0,1.24
1772913503.537247996,1,0,0.01
1772913504.558530408,0,0,1.24
1772913504.558530408,1,0,0.01
1772913505.580867970,0,0,1.24
1772913505.580867970,1,0,0.01
1772913506.603319180,0,0,1.24
1772913506.603319180,1,0,0.01
1772913507.625133320,0,64,1.24
1772913507.625133320,1,0,0.01
1772913508.646317921,0,57,1.24
1772913508.646317921,1,0,0.01
1772913509.668047980,0,0,1.24
1772913509.668047980,1,0,0.01
1772913510.689911931,0,0,1.24
1772913510.689911931,1,0,0.01
1772913511.712506662,0,0,1.24
1772913511.712506662,1,0,0.01
1772913512.733844599,0,0,1.24
1772913512.733844599,1,0,0.01
1772913513.755690181,0,0,1.24
1772913513.755690181,1,0,0.01
1772913514.777127124,0,0,1.24
1772913514.777127124,1,0,0.01
1772913515.799338136,0,0,1.24
1772913515.799338136,1,0,0.01
1772913516.821197836,0,0,1.24
1772913516.821197836,1,0,0.01
1772913517.843760669,0,0,1.24
1772913517.843760669,1,0,0.01
1772913518.865177894,0,0,1.24
1772913518.865177894,1,0,0.01
1772913519.886910160,0,0,1.24
1772913519.886910160,1,0,0.01
1772913520.907846226,0,0,1.24
1772913520.907846226,1,0,0.01
1772913521.929509688,0,0,1.24
1772913521.929509688,1,0,0.01
1772913522.951295543,0,0,1.24
1772913522.951295543,1,0,0.01
1772913523.972083153,0,0,1.24
1772913523.972083153,1,0,0.01
1772913524.994531525,0,0,1.24
1772913524.994531525,1,0,0.01
1772913526.016082381,0,0,1.24
1772913526.016082381,1,0,0.01
1772913527.038043563,0,0,1.24
1772913527.038043563,1,0,0.01
1772913528.059213991,0,0,1.24
1772913528.059213991,1,0,0.01
1772913529.079683010,0,0,1.24
1772913529.079683010,1,0,0.01
1772913530.100766478,0,0,1.24
1772913530.100766478,1,0,0.01
1772913531.122185888,0,0,1.24
1772913531.122185888,1,0,0.01
1772913532.143687182,0,0,1.24
1772913532.143687182,1,0,0.01
1772913533.165095938,0,0,1.24
1772913533.165095938,1,0,0.01
1772913534.185698928,0,0,1.24
1772913534.185698928,1,0,0.01
1772913535.206220918,0,0,1.24
1772913535.206220918,1,0,0.01
1772913536.226331922,0,0,1.24
1772913536.226331922,1,0,0.01
1772913537.246791862,0,0,1.24
1772913537.246791862,1,0,0.01
1772913538.268868638,0,0,1.24
1772913538.268868638,1,0,0.01
1772913539.290755723,0,0,1.24
1772913539.290755723,1,0,0.01
1772913540.313218368,0,0,1.24
1772913540.313218368,1,0,0.01
1772913541.335462995,0,0,1.24
1772913541.335462995,1,0,0.01
1772913542.357124472,0,0,1.24
1772913542.357124472,1,0,0.01
1772913543.379086154,0,0,1.24
1772913543.379086154,1,0,0.01
1772913544.400861480,0,0,1.24
1772913544.400861480,1,0,0.01
1772913545.422915921,0,0,1.24
1772913545.422915921,1,0,0.01
1772913546.445370912,0,0,1.24
1772913546.445370912,1,0,0.01
1772913547.467188321,0,0,1.24
1772913547.467188321,1,0,0.01
1772913548.489765737,0,0,1.24
1772913548.489765737,1,0,0.01
1772913549.511544990,0,0,1.24
1772913549.511544990,1,0,0.01
1772913550.533737199,0,0,1.24
1772913550.533737199,1,0,0.01
1772913551.555138101,0,0,1.24
1772913551.555138101,1,0,0.01
1772913552.577199013,0,0,1.24
1772913552.577199013,1,0,0.01
1772913553.598718183,0,0,1.24
1772913553.598718183,1,0,0.01
1772913554.619882305,0,0,1.24
1772913554.619882305,1,0,0.01
1772913555.641152278,0,0,1.24
1772913555.641152278,1,0,0.01
1772913556.662770272,0,0,1.24
1772913556.662770272,1,0,0.01
1772913557.684077325,0,0,1.24
1772913557.684077325,1,0,0.01
1772913558.706092264,0,0,1.24
1772913558.706092264,1,0,0.01
1772913559.727806567,0,0,1.24
1772913559.727806567,1,0,0.01
1772913560.749294618,0,0,1.24
1772913560.749294618,1,0,0.01
1772913561.770855434,0,0,1.24
1772913561.770855434,1,0,0.01
1772913562.793266423,0,0,1.24
1772913562.793266423,1,0,0.01
1772913563.815426495,0,0,1.24
1772913563.815426495,1,0,0.01
1772913564.837278311,0,0,1.24
1772913564.837278311,1,0,0.01
1772913565.859573534,0,0,1.24
1772913565.859573534,1,0,0.01
1772913566.880936781,0,0,1.24
1772913566.880936781,1,0,0.01
1772913567.902742069,0,0,1.24
1772913567.902742069,1,0,0.01
1772913568.924754607,0,0,1.24
1772913568.924754607,1,0,0.01
1772913569.945901228,0,0,1.24
1772913569.945901228,1,0,0.01
1772913570.966340318,0,0,1.24
1772913570.966340318,1,0,0.01
1772913571.987921467,0,0,1.24
1772913571.987921467,1,0,0.01
1772913573.010297720,0,0,1.24
1772913573.010297720,1,0,0.01
1772913574.031689639,0,0,1.24
1772913574.031689639,1,0,0.01
1772913575.052925180,0,0,1.24
1772913575.052925180,1,0,0.01
1772913576.074214004,0,0,1.24
1772913576.074214004,1,0,0.01
1772913577.095990304,0,0,1.24
1772913577.095990304,1,0,0.01
1772913578.117209089,0,0,1.24
1772913578.117209089,1,0,0.01
1772913579.140149610,0,0,1.24
1772913579.140149610,1,0,0.01
1772913580.161237985,0,0,1.24
1772913580.161237985,1,0,0.01
1772913581.182295662,0,0,1.24
1772913581.182295662,1,0,0.01
1772913582.203753774,0,0,1.24
1772913582.203753774,1,0,0.01
1772913583.225111318,0,0,1.24
1772913583.225111318,1,0,0.01
1772913584.246448810,0,0,1.24
1772913584.246448810,1,0,0.01
1772913585.268205332,0,0,1.24
1772913585.268205332,1,0,0.01
1772913586.289200363,0,0,1.24
1772913586.289200363,1,0,0.01
1772913587.310860522,0,0,1.24
1772913587.310860522,1,0,0.01
1772913588.332891036,0,0,1.24
1772913588.332891036,1,0,0.01
1772913589.354230916,0,0,1.24
1772913589.354230916,1,0,0.01
1772913590.376169371,0,0,1.24
1772913590.376169371,1,0,0.01
1772913591.398431992,0,0,1.24
1772913591.398431992,1,0,0.01
1772913592.420928471,0,0,1.24
1772913592.420928471,1,0,0.01
1772913593.442156993,0,0,1.24
1772913593.442156993,1,0,0.01
1772913594.463893677,0,0,1.24
1772913594.463893677,1,0,0.01
1772913595.485482631,0,0,1.24
1772913595.485482631,1,0,0.01
1772913596.505888650,0,0,1.24
1772913596.505888650,1,0,0.01
1772913597.527227763,0,0,1.24
1772913597.527227763,1,0,0.01
1772913598.548491031,0,0,1.24
1772913598.548491031,1,0,0.01
1772913599.569831620,0,0,1.24
1772913599.569831620,1,0,0.01
1772913600.591280208,0,0,1.24
1772913600.591280208,1,0,0.01
1772913601.613319307,0,0,1.24
1772913601.613319307,1,0,0.01
1772913602.634958911,0,0,1.24
1772913602.634958911,1,0,0.01
1772913603.656339919,0,0,1.24
1772913603.656339919,1,0,0.01
1772913604.678411423,0,0,1.24
1772913604.678411423,1,0,0.01
1772913605.699431703,0,0,1.24
1772913605.699431703,1,0,0.01
1772913606.721479847,0,0,1.24
1772913606.721479847,1,0,0.01
1772913607.742883212,0,0,1.24
1772913607.742883212,1,0,0.01
1772913608.764861342,0,0,1.24
1772913608.764861342,1,0,0.01
1772913609.786036530,0,0,1.24
1772913609.786036530,1,0,0.01
1772913610.808173392,0,0,1.24
1772913610.808173392,1,0,0.01
1772913611.829450171,0,0,1.24
1772913611.829450171,1,0,0.01
1772913612.850784840,0,0,1.24
1772913612.850784840,1,0,0.01
1772913613.871919826,0,0,1.24
1772913613.871919826,1,0,0.01
1772913614.892521085,0,0,1.24
1772913614.892521085,1,0,0.01
1772913615.914450340,0,0,1.24
1772913615.914450340,1,0,0.01
1772913616.934388448,0,0,1.24
1772913616.934388448,1,0,0.01
1772913617.955444648,0,0,1.24
1772913617.955444648,1,0,0.01
1772913618.976950369,0,0,1.24
1772913618.976950369,1,0,0.01
1772913619.998794803,0,0,1.24
1772913619.998794803,1,0,0.01
1772913621.020533273,0,0,1.24
1772913621.020533273,1,0,0.01
1772913622.042425753,0,0,1.24
1772913622.042425753,1,0,0.01
1772913623.064960076,0,0,1.24
1772913623.064960076,1,0,0.01
1772913624.086897391,0,0,1.24
1772913624.086897391,1,0,0.01
1772913625.108247440,0,0,1.24
1772913625.108247440,1,0,0.01
1772913626.130163519,0,0,1.24
1772913626.130163519,1,0,0.01
1772913627.155570142,0,0,1.24
1772913627.155570142,1,0,0.01
1772913628.176785973,0,0,1.24
1772913628.176785973,1,0,0.01
1772913629.197155312,0,0,1.24
1772913629.197155312,1,0,0.01
1772913630.219129241,0,0,1.24
1772913630.219129241,1,0,0.01
1772913631.241473635,0,0,1.24
1772913631.241473635,1,0,0.01
1772913632.263552673,0,0,1.24
1772913632.263552673,1,0,0.01
1772913633.285505555,0,0,1.24
1772913633.285505555,1,0,0.01
1772913634.306126766,0,0,1.24
1772913634.306126766,1,0,0.01
1772913635.327764042,0,0,1.24
1772913635.327764042,1,0,0.01
1772913636.350511346,0,0,1.24
1772913636.350511346,1,0,0.01
1772913637.371783602,0,0,1.24
1772913637.371783602,1,0,0.01
1772913638.394535488,0,0,1.24
1772913638.394535488,1,0,0.01
1772913639.415038367,0,0,1.24
1772913639.415038367,1,0,0.01
1772913640.436789629,0,59,1.24
1772913640.436789629,1,0,0.01
1772913641.458799149,0,65,1.24
1772913641.458799149,1,0,0.01
1772913642.479127961,0,0,1.24
1772913642.479127961,1,0,0.01
1772913643.500575887,0,0,1.24
1772913643.500575887,1,0,0.01
1772913644.522215239,0,0,1.24
1772913644.522215239,1,0,0.01
1772913645.543606893,0,0,1.24
1772913645.543606893,1,0,0.01
1772913646.566123948,0,0,1.24
1772913646.566123948,1,0,0.01
1772913647.586734918,0,0,1.24
1772913647.586734918,1,0,0.01
1772913648.608074375,0,0,1.24
1772913648.608074375,1,0,0.01
1772913649.628248213,0,0,1.24
1772913649.628248213,1,0,0.01
1772913650.650533615,0,0,1.24
1772913650.650533615,1,0,0.01
1772913651.672006439,0,0,1.24
1772913651.672006439,1,0,0.01
1772913652.694213145,0,0,1.24
1772913652.694213145,1,0,0.01
1772913653.715277347,0,0,1.24
1772913653.715277347,1,0,0.01
1772913654.736717390,0,0,1.24
1772913654.736717390,1,0,0.01
1772913655.758331577,0,0,1.24
1772913655.758331577,1,0,0.01
1772913656.777906128,0,0,1.24
1772913656.777906128,1,0,0.01
1772913657.800182363,0,0,1.24
1772913657.800182363,1,0,0.01
1772913658.821214005,0,0,1.24
1772913658.821214005,1,0,0.01
1772913659.843032193,0,0,1.24
1772913659.843032193,1,0,0.01
1772913660.864894500,0,0,1.24
1772913660.864894500,1,0,0.01
1772913661.884872173,0,0,1.24
1772913661.884872173,1,0,0.01
1772913662.906535929,0,0,1.24
1772913662.906535929,1,0,0.01
1772913663.927679823,0,0,1.24
1772913663.927679823,1,0,0.01
1772913664.949999146,0,0,1.24
1772913664.949999146,1,0,0.01
1772913665.971275400,0,0,1.24
1772913665.971275400,1,0,0.01
1772913666.993764369,0,0,1.24
1772913666.993764369,1,0,0.01
1772913668.015250092,0,0,1.24
1772913668.015250092,1,0,0.01
1772913669.036578790,0,0,1.24
1772913669.036578790,1,0,0.01
1772913670.057749770,0,0,1.24
1772913670.057749770,1,0,0.01
1772913671.079664074,0,0,1.24
1772913671.079664074,1,0,0.01
1772913672.101044661,0,0,1.24
1772913672.101044661,1,0,0.01
1772913673.123184446,0,0,1.24
1772913673.123184446,1,0,0.01
1772913674.144213216,0,0,1.24
1772913674.144213216,1,0,0.01
1772913675.164294983,0,0,1.24
1772913675.164294983,1,0,0.01
1772913676.186120185,0,0,1.24
1772913676.186120185,1,0,0.01
1772913677.207879017,0,0,1.24
1772913677.207879017,1,0,0.01
1772913678.229765679,0,0,1.24
1772913678.229765679,1,0,0.01
1772913679.250989705,0,0,1.24
1772913679.250989705,1,0,0.01
1772913680.271224145,0,0,1.24
1772913680.271224145,1,0,0.01
1772913681.292340778,0,0,1.24
1772913681.292340778,1,0,0.01
1772913682.313552002,0,0,1.24
1772913682.313552002,1,0,0.01
1772913683.335615486,0,0,1.24
1772913683.335615486,1,0,0.01
1772913684.356764453,0,0,1.24
1772913684.356764453,1,0,0.01
1772913685.378856507,0,0,1.24
1772913685.378856507,1,0,0.01
1772913686.400151890,0,0,1.24
1772913686.400151890,1,0,0.01
1772913687.422413405,0,0,1.24
1772913687.422413405,1,0,0.01
1772913688.444726736,0,0,1.24
1772913688.444726736,1,0,0.01
1772913689.464555081,0,0,1.24
1772913689.464555081,1,0,0.01
1772913690.486517285,0,0,1.24
1772913690.486517285,1,0,0.01
1772913691.507891724,0,0,1.24
1772913691.507891724,1,0,0.01
1772913692.530428884,0,0,1.24
1772913692.530428884,1,0,0.01
1772913693.551484378,0,0,1.24
1772913693.551484378,1,0,0.01
1772913694.573425521,0,0,1.24
1772913694.573425521,1,0,0.01
1772913695.594867176,0,67,1.24
1772913695.594867176,1,0,0.01
1772913696.617227380,0,68,1.24
1772913696.617227380,1,0,0.01
1772913697.639017379,0,0,1.24
1772913697.639017379,1,0,0.01
1772913698.661227367,0,0,1.24
1772913698.661227367,1,0,0.01
1772913699.682874086,0,0,1.24
1772913699.682874086,1,0,0.01
1772913700.705264011,0,0,1.24
1772913700.705264011,1,0,0.01
1772913701.726612331,0,0,1.24
1772913701.726612331,1,0,0.01
1772913702.748907624,0,0,1.24
1772913702.748907624,1,0,0.01
1772913703.769936859,0,0,1.24
1772913703.769936859,1,0,0.01
1772913704.791363350,0,0,1.24
1772913704.791363350,1,0,0.01
1772913705.813464993,0,0,1.24
1772913705.813464993,1,0,0.01
1772913706.835467556,0,0,1.24
1772913706.835467556,1,0,0.01
1772913707.856651657,0,0,1.24
1772913707.856651657,1,0,0.01
1772913708.878814420,0,0,1.24
1772913708.878814420,1,0,0.01
1772913709.901068183,0,0,1.24
1772913709.901068183,1,0,0.01
1772913710.922137973,0,0,1.24
1772913710.922137973,1,0,0.01
1772913711.942622309,0,0,1.24
1772913711.942622309,1,0,0.01
1772913712.962887597,0,0,1.24
1772913712.962887597,1,0,0.01
1772913713.983163013,0,0,1.24
1772913713.983163013,1,0,0.01
1772913715.004651914,0,0,1.24
1772913715.004651914,1,0,0.01
1772913716.026723749,0,0,1.24
1772913716.026723749,1,0,0.01
1772913717.048705748,0,0,1.24
1772913717.048705748,1,0,0.01
1772913718.070885703,0,0,1.24
1772913718.070885703,1,0,0.01
1772913719.093364161,0,0,1.24
1772913719.093364161,1,0,0.01
1772913720.115366252,0,0,1.24
1772913720.115366252,1,0,0.01
1772913721.138202264,0,0,1.24
1772913721.138202264,1,0,0.01
1772913722.159855824,0,0,1.24
1772913722.159855824,1,0,0.01
1772913723.182013793,0,0,1.24
1772913723.182013793,1,0,0.01
1772913724.204213323,0,0,1.24
1772913724.204213323,1,0,0.01
1772913725.225289887,0,0,1.24
1772913725.225289887,1,0,0.01
1772913726.246928184,0,0,1.24
1772913726.246928184,1,0,0.01
1772913727.268135230,0,0,1.24
1772913727.268135230,1,0,0.01
1772913728.289770894,0,0,1.24
1772913728.289770894,1,0,0.01
1772913729.311105292,0,0,1.24
1772913729.311105292,1,0,0.01
1772913730.332809051,0,0,1.24
1772913730.332809051,1,0,0.01
1772913731.353852852,0,0,1.24
1772913731.353852852,1,0,0.01
1772913732.376024884,0,0,1.24
1772913732.376024884,1,0,0.01
1772913733.397852760,0,0,1.24
1772913733.397852760,1,0,0.01
1772913734.420107770,0,0,1.24
1772913734.420107770,1,0,0.01
1772913735.441533584,0,0,1.24
1772913735.441533584,1,0,0.01
1772913736.462594910,0,0,1.24
1772913736.462594910,1,0,0.01
1772913737.483746150,0,0,1.24
1772913737.483746150,1,0,0.01
1772913738.506076776,0,0,1.24
1772913738.506076776,1,0,0.01
1772913739.527713499,0,0,1.24
1772913739.527713499,1,0,0.01
1772913740.549560089,0,0,1.24
1772913740.549560089,1,0,0.01
1772913741.571074051,0,0,1.24
1772913741.571074051,1,0,0.01
1772913742.593609485,0,0,1.24
1772913742.593609485,1,0,0.01
1772913743.615073492,0,0,1.24
1772913743.615073492,1,0,0.01
1772913744.636608197,0,0,1.24
1772913744.636608197,1,0,0.01
1772913745.657605965,0,0,1.24
1772913745.657605965,1,0,0.01
1772913746.679063363,0,0,1.24
1772913746.679063363,1,0,0.01
1772913747.700715987,0,0,1.24
1772913747.700715987,1,0,0.01
1772913748.722653634,0,0,1.24
1772913748.722653634,1,0,0.01
1772913749.742769958,0,0,1.24
1772913749.742769958,1,0,0.01
1772913750.763097144,0,0,1.24
1772913750.763097144,1,0,0.01
1772913751.785017109,0,0,1.24
1772913751.785017109,1,0,0.01
1772913752.806995556,0,0,1.24
1772913752.806995556,1,0,0.01
1772913753.828506543,0,0,1.24
1772913753.828506543,1,0,0.01
1772913754.851018805,0,0,1.24
1772913754.851018805,1,0,0.01
1772913755.872364073,0,0,1.24
1772913755.872364073,1,0,0.01
1772913756.894207078,0,0,1.24
1772913756.894207078,1,0,0.01
1772913757.915977424,0,0,1.24
1772913757.915977424,1,0,0.01
1772913758.937027193,0,0,1.24
1772913758.937027193,1,0,0.01
1772913759.958329045,0,0,1.24
1772913759.958329045,1,0,0.01
1772913760.980051744,0,0,1.24
1772913760.980051744,1,0,0.01
1772913762.001817593,0,0,1.24
1772913762.001817593,1,0,0.01
1772913763.023852709,0,0,1.24
1772913763.023852709,1,0,0.01
1772913764.045109801,0,0,1.24
1772913764.045109801,1,0,0.01
1772913765.066677192,0,0,1.24
1772913765.066677192,1,0,0.01
1772913766.088235467,0,0,1.24
1772913766.088235467,1,0,0.01
1772913767.109765766,0,0,1.24
1772913767.109765766,1,0,0.01
1772913768.132398048,0,0,1.24
1772913768.132398048,1,0,0.01
1772913769.154463763,0,0,1.24
1772913769.154463763,1,0,0.01
1772913770.176258261,0,0,1.24
1772913770.176258261,1,0,0.01
1772913771.197153640,0,0,1.24
1772913771.197153640,1,0,0.01
1772913772.217260049,0,0,1.24
1772913772.217260049,1,0,0.01
1772913773.239403173,0,0,1.24
1772913773.239403173,1,0,0.01
1772913774.260539613,0,0,1.24
1772913774.260539613,1,0,0.01
1772913775.282101217,0,0,1.24
1772913775.282101217,1,0,0.01
1772913776.303281780,0,0,1.24
1772913776.303281780,1,0,0.01
1772913777.325317324,0,0,1.24
1772913777.325317324,1,0,0.01
1772913778.346774950,0,0,1.24
1772913778.346774950,1,0,0.01
1772913779.369941085,0,0,1.24
1772913779.369941085,1,0,0.01
1772913780.391467221,0,0,1.24
1772913780.391467221,1,0,0.01
1772913781.413422890,0,0,1.24
1772913781.413422890,1,0,0.01
1772913782.434346295,0,0,1.24
1772913782.434346295,1,0,0.01
1772913783.456449357,0,0,1.24
1772913783.456449357,1,0,0.01
1772913784.478839306,0,0,1.24
1772913784.478839306,1,0,0.01
1772913785.500725951,0,0,1.24
1772913785.500725951,1,0,0.01
1772913786.522186982,0,0,1.24
1772913786.522186982,1,0,0.01
1772913787.544451289,0,0,1.24
1772913787.544451289,1,0,0.01
1772913788.565398088,0,0,1.24
1772913788.565398088,1,0,0.01
1772913789.587050329,0,0,1.24
1772913789.587050329,1,0,0.01
1772913790.608338636,0,0,1.24
1772913790.608338636,1,0,0.01
1772913791.629450213,0,0,1.24
1772913791.629450213,1,0,0.01
1772913792.649417632,0,0,1.24
1772913792.649417632,1,0,0.01
1772913793.671419633,0,0,1.24
1772913793.671419633,1,0,0.01
1772913794.693008941,0,0,1.24
1772913794.693008941,1,0,0.01
1772913795.715138699,0,0,1.24
1772913795.715138699,1,0,0.01
1772913796.737694269,0,0,1.24
1772913796.737694269,1,0,0.01
1772913797.759514028,0,0,1.24
1772913797.759514028,1,0,0.01
1772913798.780971963,0,0,1.24
1772913798.780971963,1,0,0.01
1772913799.802320993,0,0,1.24
1772913799.802320993,1,0,0.01
1772913800.823578672,0,0,1.24
1772913800.823578672,1,0,0.01
1772913801.844963576,0,0,1.24
1772913801.844963576,1,0,0.01
1772913802.866268021,0,0,1.24
1772913802.866268021,1,0,0.01
1772913803.888270165,0,0,1.24
1772913803.888270165,1,0,0.01
1772913804.909737620,0,0,1.24
1772913804.909737620,1,0,0.01
1772913805.931125068,0,0,1.24
1772913805.931125068,1,0,0.01
1772913806.952253643,0,0,1.24
1772913806.952253643,1,0,0.01
1772913807.974107974,0,0,1.24
1772913807.974107974,1,0,0.01
1772913808.995171702,0,0,1.24
1772913808.995171702,1,0,0.01
1772913810.016177124,0,0,1.24
1772913810.016177124,1,0,0.01
1772913811.037053312,0,0,1.24
1772913811.037053312,1,0,0.01
1772913812.058028493,0,0,1.24
1772913812.058028493,1,0,0.01
1772913813.079085911,0,0,1.24
1772913813.079085911,1,0,0.01
1772913814.100438839,0,0,1.24
1772913814.100438839,1,0,0.01
1772913815.122508789,0,0,1.24
1772913815.122508789,1,0,0.01
1772913816.143522891,0,0,1.24
1772913816.143522891,1,0,0.01
1772913817.164602332,0,0,1.24
1772913817.164602332,1,0,0.01
1772913818.185952036,0,0,1.24
1772913818.185952036,1,0,0.01
1772913819.207760372,0,0,1.24
1772913819.207760372,1,0,0.01
1772913820.229109721,0,0,1.24
1772913820.229109721,1,0,0.01
1772913821.250655860,0,0,1.24
1772913821.250655860,1,0,0.01
1772913822.272557309,0,0,1.24
1772913822.272557309,1,0,0.01
1772913823.294099117,0,0,1.24
1772913823.294099117,1,0,0.01
1772913824.315321658,0,0,1.24
1772913824.315321658,1,0,0.01
1772913825.337124704,0,0,1.24
1772913825.337124704,1,0,0.01
1772913826.358566994,0,0,1.24
1772913826.358566994,1,0,0.01
1772913827.380575135,0,0,1.24
1772913827.380575135,1,0,0.01
1772913828.401847767,0,0,1.24
1772913828.401847767,1,0,0.01
1772913829.424040786,0,0,1.24
1772913829.424040786,1,0,0.01
1772913830.444072468,0,0,1.24
1772913830.444072468,1,0,0.01
1772913831.464918670,0,0,1.24
1772913831.464918670,1,0,0.01
1772913832.487227757,0,0,1.24
1772913832.487227757,1,0,0.01
1772913833.507762356,0,0,1.24
1772913833.507762356,1,0,0.01
1772913834.528543251,0,0,1.24
1772913834.528543251,1,0,0.01
1772913835.549402635,0,0,1.24
1772913835.549402635,1,0,0.01
1772913836.570583481,0,0,1.24
1772913836.570583481,1,0,0.01
1772913837.591613695,0,0,1.24
1772913837.591613695,1,0,0.01
1772913838.612731105,0,0,1.24
1772913838.612731105,1,0,0.01
1772913839.634257080,0,0,1.24
1772913839.634257080,1,0,0.01
1772913840.655742144,0,0,1.24
1772913840.655742144,1,0,0.01
1772913841.677319887,0,0,1.24
1772913841.677319887,1,0,0.01
1772913842.699462920,0,0,1.24
1772913842.699462920,1,0,0.01
1772913843.721643204,0,0,1.24
1772913843.721643204,1,0,0.01
1772913844.743815477,0,0,1.24
1772913844.743815477,1,0,0.01
1772913845.765361598,0,0,1.24
1772913845.765361598,1,0,0.01
1772913846.787212237,0,0,1.24
1772913846.787212237,1,0,0.01
1772913847.809101673,0,0,1.24
1772913847.809101673,1,0,0.01
1772913848.831216273,0,0,1.24
1772913848.831216273,1,0,0.01
1772913849.853446411,0,0,1.24
1772913849.853446411,1,0,0.01
1772913850.874683956,0,0,1.24
1772913850.874683956,1,0,0.01
1772913851.896910624,0,0,1.24
1772913851.896910624,1,0,0.01
1772913852.917670205,0,0,1.24
1772913852.917670205,1,0,0.01
1772913853.938900464,0,0,1.24
1772913853.938900464,1,0,0.01
1772913854.960312736,0,0,1.24
1772913854.960312736,1,0,0.01
1772913855.981752354,0,0,1.24
1772913855.981752354,1,0,0.01
1772913857.003140483,0,0,1.24
1772913857.003140483,1,0,0.01
1772913858.022902313,0,0,1.24
1772913858.022902313,1,0,0.01
1772913859.044160524,0,0,1.24
1772913859.044160524,1,0,0.01
1772913860.064299683,0,0,1.24
1772913860.064299683,1,0,0.01
1772913861.084030887,0,0,1.24
1772913861.084030887,1,0,0.01
1772913862.104536719,0,0,1.24
1772913862.104536719,1,0,0.01
1772913863.125528954,0,0,1.24
1772913863.125528954,1,0,0.01
1772913864.147411827,0,0,1.24
1772913864.147411827,1,0,0.01
1772913865.168928219,0,0,1.24
1772913865.168928219,1,0,0.01
1772913866.190443211,0,0,1.24
1772913866.190443211,1,0,0.01
1772913867.211758430,0,0,1.24
1772913867.211758430,1,0,0.01
1772913868.233537132,0,0,1.24
1772913868.233537132,1,0,0.01
1772913869.254664441,0,0,1.24
1772913869.254664441,1,0,0.01
1772913870.276768458,0,0,1.24
1772913870.276768458,1,0,0.01
1772913871.298345275,0,0,1.24
1772913871.298345275,1,0,0.01
1772913872.320812722,0,0,1.24
1772913872.320812722,1,0,0.01
1772913873.342498247,0,0,1.24
1772913873.342498247,1,0,0.01
1772913874.364489458,0,0,1.24
1772913874.364489458,1,0,0.01
1772913875.385446558,0,0,1.24
1772913875.385446558,1,0,0.01
1772913876.407595576,0,0,1.24
1772913876.407595576,1,0,0.01
1772913877.430414096,0,0,1.24
1772913877.430414096,1,0,0.01
1772913878.452261769,0,0,1.24
1772913878.452261769,1,0,0.01
1772913879.473747814,0,0,1.24
1772913879.473747814,1,0,0.01
1772913880.495143212,0,0,1.24
1772913880.495143212,1,0,0.01
1772913881.515221924,0,0,1.24
1772913881.515221924,1,0,0.01
1772913882.537159726,0,0,1.24
1772913882.537159726,1,0,0.01
1772913883.559605429,0,0,1.24
1772913883.559605429,1,0,0.01
1772913884.581230661,0,0,1.24
1772913884.581230661,1,0,0.01
1772913885.602447994,0,0,1.24
1772913885.602447994,1,0,0.01
1772913886.623845076,0,0,1.24
1772913886.623845076,1,0,0.01
1772913887.646213566,0,0,1.24
1772913887.646213566,1,0,0.01
1772913888.667559939,0,0,1.24
1772913888.667559939,1,0,0.01
1772913889.689302129,0,0,1.24
1772913889.689302129,1,0,0.01
1772913890.711163273,0,0,1.24
1772913890.711163273,1,0,0.01
1772913891.732817790,0,0,1.24
1772913891.732817790,1,0,0.01
1772913892.754960798,0,0,1.24
1772913892.754960798,1,0,0.01
1772913893.776130479,0,0,1.24
1772913893.776130479,1,0,0.01
1772913894.798413122,0,0,1.24
1772913894.798413122,1,0,0.01
1772913895.818559190,0,0,1.24
1772913895.818559190,1,0,0.01
1772913896.838329906,0,0,1.24
1772913896.838329906,1,0,0.01
1772913897.858136989,0,0,1.24
1772913897.858136989,1,0,0.01
1772913898.879567606,0,0,1.24
1772913898.879567606,1,0,0.01
1772913899.901271758,0,0,1.24
1772913899.901271758,1,0,0.01
1772913900.922688442,0,0,1.24
1772913900.922688442,1,0,0.01
1772913901.944340179,0,0,1.24
1772913901.944340179,1,0,0.01
1772913902.965114055,0,0,1.24
1772913902.965114055,1,0,0.01
1772913903.986565027,0,73,1.24
1772913903.986565027,1,0,0.01
1772913905.008084571,0,68,1.24
1772913905.008084571,1,0,0.01
1772913906.029435569,0,0,1.24
1772913906.029435569,1,0,0.01
1772913907.051610177,0,0,1.24
1772913907.051610177,1,0,0.01
1772913908.071996493,0,0,1.24
1772913908.071996493,1,0,0.01
1772913909.093517162,0,0,1.24
1772913909.093517162,1,0,0.01
1772913910.113746809,0,0,1.24
1772913910.113746809,1,0,0.01
1772913911.135198085,0,0,1.24
1772913911.135198085,1,0,0.01
1772913912.156192508,0,0,1.24
1772913912.156192508,1,0,0.01
1772913913.178032734,0,0,1.24
1772913913.178032734,1,0,0.01
1772913914.200053516,0,0,1.24
1772913914.200053516,1,0,0.01
1772913915.221747960,0,0,1.24
1772913915.221747960,1,0,0.01
1772913916.243123015,0,0,1.24
1772913916.243123015,1,0,0.01
1772913917.264680626,0,0,1.24
1772913917.264680626,1,0,0.01
1772913918.286917854,0,0,1.24
1772913918.286917854,1,0,0.01
1772913919.308556385,0,0,1.24
1772913919.308556385,1,0,0.01
1772913920.330108950,0,0,1.24
1772913920.330108950,1,0,0.01
1772913921.351839999,0,0,1.24
1772913921.351839999,1,0,0.01
1772913922.373422640,0,0,1.24
1772913922.373422640,1,0,0.01
1772913923.395167023,0,0,1.24
1772913923.395167023,1,0,0.01
1772913924.416949967,0,0,1.24
1772913924.416949967,1,0,0.01
1772913925.437681602,0,0,1.24
1772913925.437681602,1,0,0.01
1772913926.459208617,0,0,1.24
1772913926.459208617,1,0,0.01
1772913927.481102927,0,0,1.24
1772913927.481102927,1,0,0.01
1772913928.502946139,0,0,1.24
1772913928.502946139,1,0,0.01
1772913929.525167770,0,0,1.24
1772913929.525167770,1,0,0.01
1772913930.546203700,0,0,1.24
1772913930.546203700,1,0,0.01
1772913931.567260142,0,0,1.24
1772913931.567260142,1,0,0.01
1772913932.588842901,0,0,1.24
1772913932.588842901,1,0,0.01
1772913933.609876591,0,0,1.24
1772913933.609876591,1,0,0.01
1772913934.631245519,0,0,1.24
1772913934.631245519,1,0,0.01
1772913935.652321312,0,0,1.24
1772913935.652321312,1,0,0.01
1772913936.674292809,0,0,1.24
1772913936.674292809,1,0,0.01
1772913937.696770744,0,0,1.24
1772913937.696770744,1,0,0.01
1772913938.718141808,0,0,1.24
1772913938.718141808,1,0,0.01
1772913939.739859491,0,0,1.24
1772913939.739859491,1,0,0.01
1772913940.761719610,0,0,1.24
1772913940.761719610,1,0,0.01
1772913941.784112380,0,0,1.24
1772913941.784112380,1,0,0.01
1772913942.804482490,0,0,1.24
1772913942.804482490,1,0,0.01
1772913943.826939900,0,0,1.24
1772913943.826939900,1,0,0.01
1772913944.849169542,0,0,1.24
1772913944.849169542,1,0,0.01
1772913945.870391509,0,0,1.24
1772913945.870391509,1,0,0.01
1772913946.892308004,0,0,1.24
1772913946.892308004,1,0,0.01
1772913947.913750996,0,0,1.24
1772913947.913750996,1,0,0.01
1772913948.935114881,0,0,1.24
1772913948.935114881,1,0,0.01
1772913949.957335106,0,0,1.24
1772913949.957335106,1,0,0.01
1772913950.978186263,0,0,1.24
1772913950.978186263,1,0,0.01
1772913952.000066201,0,0,1.24
1772913952.000066201,1,0,0.01
1772913953.021087422,0,0,1.24
1772913953.021087422,1,0,0.01
1772913954.043271862,0,0,1.24
1772913954.043271862,1,0,0.01
1772913955.063882014,0,0,1.24
1772913955.063882014,1,0,0.01
1772913956.083850161,0,0,1.24
1772913956.083850161,1,0,0.01
1772913957.104202596,0,0,1.24
1772913957.104202596,1,0,0.01
1772913958.124296834,0,0,1.24
1772913958.124296834,1,0,0.01
1772913959.144878673,0,0,1.24
1772913959.144878673,1,0,0.01
1772913960.165994688,0,0,1.24
1772913960.165994688,1,0,0.01
1772913961.187553778,0,0,1.24
1772913961.187553778,1,0,0.01
1772913962.209238294,0,0,1.24
1772913962.209238294,1,0,0.01
1772913963.230528552,0,0,1.24
1772913963.230528552,1,0,0.01
1772913964.252205900,0,0,1.24
1772913964.252205900,1,0,0.01
1772913965.274145027,0,0,1.24
1772913965.274145027,1,0,0.01
1772913966.295972926,0,0,1.24
1772913966.295972926,1,0,0.01
1772913967.317970645,0,0,1.24
1772913967.317970645,1,0,0.01
1772913968.338531714,0,0,1.24
1772913968.338531714,1,0,0.01
1772913969.358647075,0,0,1.24
1772913969.358647075,1,0,0.01
1772913970.379986222,0,0,1.24
1772913970.379986222,1,0,0.01
1772913971.401904257,0,0,1.24
1772913971.401904257,1,0,0.01
1772913972.423148739,0,0,1.24
1772913972.423148739,1,0,0.01
1772913973.443290876,0,0,1.24
1772913973.443290876,1,0,0.01
1772913974.463562074,0,0,1.24
1772913974.463562074,1,0,0.01
1772913975.483844051,0,0,1.24
1772913975.483844051,1,0,0.01
1772913976.505420657,0,0,1.24
1772913976.505420657,1,0,0.01
1772913977.526864143,0,0,1.24
1772913977.526864143,1,0,0.01
1772913978.548498322,0,0,1.24
1772913978.548498322,1,0,0.01
1772913979.570909508,0,0,1.24
1772913979.570909508,1,0,0.01
1772913980.591949884,0,0,1.24
1772913980.591949884,1,0,0.01
1772913981.614050527,0,0,1.24
1772913981.614050527,1,0,0.01
1772913982.635081228,0,0,1.24
1772913982.635081228,1,0,0.01
1772913983.655934172,0,0,1.24
1772913983.655934172,1,0,0.01
1772913984.676690770,0,0,1.24
1772913984.676690770,1,0,0.01
1772913985.698152276,0,0,1.24
1772913985.698152276,1,0,0.01
1772913986.719346486,0,0,1.24
1772913986.719346486,1,0,0.01
1772913987.741805942,0,0,1.24
1772913987.741805942,1,0,0.01
1772913988.763203586,0,0,1.24
1772913988.763203586,1,0,0.01
1772913989.784172448,0,0,1.24
1772913989.784172448,1,0,0.01
1772913990.804943684,0,0,1.24
1772913990.804943684,1,0,0.01
1772913991.826337926,0,0,1.24
1772913991.826337926,1,0,0.01
1772913992.847554872,0,0,1.24
1772913992.847554872,1,0,0.01
1772913993.868931946,0,0,1.24
1772913993.868931946,1,0,0.01
1772913994.891138685,0,0,1.24
1772913994.891138685,1,0,0.01
1772913995.912932064,0,0,1.24
1772913995.912932064,1,0,0.01
1772913996.934747330,0,0,1.24
1772913996.934747330,1,0,0.01
1772913997.955882546,0,0,1.24
1772913997.955882546,1,0,0.01
1772913998.978146320,0,0,1.24
1772913998.978146320,1,0,0.01
1772914000.000072849,0,0,1.24
1772914000.000072849,1,0,0.01
1772914001.021740574,0,0,1.24
1772914001.021740574,1,0,0.01
1772914002.042918024,0,0,1.24
1772914002.042918024,1,0,0.01
1772914003.062978440,0,0,1.24
1772914003.062978440,1,0,0.01
1772914004.082979379,0,0,1.24
1772914004.082979379,1,0,0.01
1772914005.105042830,0,0,1.24
1772914005.105042830,1,0,0.01
1772914006.126111467,0,0,1.24
1772914006.126111467,1,0,0.01
1772914007.148087281,0,0,1.24
1772914007.148087281,1,0,0.01
1772914008.169033926,0,0,1.24
1772914008.169033926,1,0,0.01
1772914009.190329877,0,0,1.24
1772914009.190329877,1,0,0.01
1772914010.212667059,0,0,1.24
1772914010.212667059,1,0,0.01
1772914011.234761896,0,0,1.24
1772914011.234761896,1,0,0.01
1772914012.256190098,0,0,1.24
1772914012.256190098,1,0,0.01
1772914013.277456036,0,0,1.24
1772914013.277456036,1,0,0.01
1772914014.298527792,0,0,1.24
1772914014.298527792,1,0,0.01
1772914015.320467715,0,0,1.24
1772914015.320467715,1,0,0.01
1772914016.341453321,0,0,1.24
1772914016.341453321,1,0,0.01
1772914017.362889267,0,0,1.24
1772914017.362889267,1,0,0.01
1772914018.384112868,0,0,1.24
1772914018.384112868,1,0,0.01
1772914019.406105960,0,0,1.24
1772914019.406105960,1,0,0.01
1772914020.427114171,0,0,1.24
1772914020.427114171,1,0,0.01
1772914021.450091973,0,0,1.24
1772914021.450091973,1,0,0.01
1772914022.471167251,0,0,1.24
1772914022.471167251,1,0,0.01
1772914023.492096767,0,0,1.24
1772914023.492096767,1,0,0.01
1772914024.513499313,0,0,1.24
1772914024.513499313,1,0,0.01
1772914025.534649411,0,0,1.24
1772914025.534649411,1,0,0.01
1772914026.556530853,0,0,1.24
1772914026.556530853,1,0,0.01
1772914027.577532134,0,0,1.24
1772914027.577532134,1,0,0.01
1772914028.598829371,0,0,1.24
1772914028.598829371,1,0,0.01
1772914029.620860885,0,0,1.24
1772914029.620860885,1,0,0.01
1772914030.642079407,0,0,1.24
1772914030.642079407,1,0,0.01
1772914031.663824557,0,0,1.24
1772914031.663824557,1,0,0.01
1772914032.685589097,0,0,1.24
1772914032.685589097,1,0,0.01
1772914033.707187679,0,0,1.24
1772914033.707187679,1,0,0.01
1772914034.729391577,0,0,1.24
1772914034.729391577,1,0,0.01
1772914035.751444184,0,0,1.24
1772914035.751444184,1,0,0.01
1772914036.773247030,0,0,1.24
1772914036.773247030,1,0,0.01
1772914037.794623871,0,0,1.24
1772914037.794623871,1,0,0.01
1772914038.815804221,0,0,1.24
1772914038.815804221,1,0,0.01
1772914039.838115152,0,0,1.24
1772914039.838115152,1,0,0.01
1772914040.858922123,0,0,1.24
1772914040.858922123,1,0,0.01
1772914041.880804803,0,0,1.24
1772914041.880804803,1,0,0.01
1772914042.902054798,0,0,1.24
1772914042.902054798,1,0,0.01
1772914043.923465027,0,0,1.24
1772914043.923465027,1,0,0.01
1772914044.944201895,0,0,1.24
1772914044.944201895,1,0,0.01
1772914045.964414214,0,0,1.24
1772914045.964414214,1,0,0.01
1772914046.984385368,0,0,1.24
1772914046.984385368,1,0,0.01
1772914048.005821678,0,0,1.24
1772914048.005821678,1,0,0.01
1772914049.026678080,0,0,1.24
1772914049.026678080,1,0,0.01
1772914050.048426997,0,0,1.24
1772914050.048426997,1,0,0.01
1772914051.070065428,0,0,1.24
1772914051.070065428,1,0,0.01
1772914052.090916696,0,0,1.24
1772914052.090916696,1,0,0.01
1772914053.112569328,0,0,1.24
1772914053.112569328,1,0,0.01
1772914054.133556094,0,0,1.24
1772914054.133556094,1,0,0.01
1772914055.155792326,0,0,1.24
1772914055.155792326,1,0,0.01
1772914056.176229730,0,0,1.24
1772914056.176229730,1,0,0.01
1772914057.197480813,0,0,1.24
1772914057.197480813,1,0,0.01
1772914058.219490546,0,0,1.24
1772914058.219490546,1,0,0.01
1772914059.240510126,0,0,1.24
1772914059.240510126,1,0,0.01
1772914060.261845973,0,0,1.24
1772914060.261845973,1,0,0.01
1772914061.282923295,0,0,1.24
1772914061.282923295,1,0,0.01
1772914062.304325914,0,0,1.24
1772914062.304325914,1,0,0.01
1772914063.325087886,0,0,1.24
1772914063.325087886,1,0,0.01
1772914064.347445544,0,0,1.24
1772914064.347445544,1,0,0.01
1772914065.368821241,0,0,1.24
1772914065.368821241,1,0,0.01
1772914066.389340359,0,0,1.24
1772914066.389340359,1,0,0.01
1772914067.411047024,0,0,1.24
1772914067.411047024,1,0,0.01
1772914068.432964647,0,0,1.24
1772914068.432964647,1,0,0.01
1772914069.454390398,0,0,1.24
1772914069.454390398,1,0,0.01
1772914070.476362794,0,0,1.24
1772914070.476362794,1,0,0.01
1772914071.497621923,0,0,1.24
1772914071.497621923,1,0,0.01
1772914072.519458300,0,0,1.24
1772914072.519458300,1,0,0.01
1772914073.540717529,0,0,1.24
1772914073.540717529,1,0,0.01
1772914074.563264912,0,0,1.24
1772914074.563264912,1,0,0.01
1772914075.584063714,0,0,1.24
1772914075.584063714,1,0,0.01
1772914076.606454191,0,0,1.24
1772914076.606454191,1,0,0.01
1772914077.627855724,0,0,1.24
1772914077.627855724,1,0,0.01
1772914078.649608818,0,0,1.24
1772914078.649608818,1,0,0.01
1772914079.670747535,0,0,1.24
1772914079.670747535,1,0,0.01
1772914080.692021164,0,0,1.24
1772914080.692021164,1,0,0.01
1772914081.713059579,0,0,1.24
1772914081.713059579,1,0,0.01
1772914082.733168225,0,0,1.24
1772914082.733168225,1,0,0.01
1772914083.754935142,0,0,1.24
1772914083.754935142,1,0,0.01
1772914084.776126481,0,0,1.24
1772914084.776126481,1,0,0.01
1772914085.797491217,0,0,1.24
1772914085.797491217,1,0,0.01
1772914086.819832093,0,0,1.24
1772914086.819832093,1,0,0.01
1772914087.841366611,0,0,1.24
1772914087.841366611,1,0,0.01
1772914088.862072957,0,0,1.24
1772914088.862072957,1,0,0.01
1772914089.883945432,0,0,1.24
1772914089.883945432,1,0,0.01
1772914090.904948351,0,0,1.24
1772914090.904948351,1,0,0.01
1772914091.926898837,0,0,1.24
1772914091.926898837,1,0,0.01
1772914092.948519814,0,0,1.24
1772914092.948519814,1,0,0.01
1772914093.970046855,0,0,1.24
1772914093.970046855,1,0,0.01
1772914094.991561329,0,0,1.24
1772914094.991561329,1,0,0.01
1772914096.012981107,0,0,1.24
1772914096.012981107,1,0,0.01
1772914097.034147215,0,0,1.24
1772914097.034147215,1,0,0.01
1772914098.055129740,0,0,1.24
1772914098.055129740,1,0,0.01
1772914099.076932849,0,0,1.24
1772914099.076932849,1,0,0.01
1772914100.098477178,0,0,1.24
1772914100.098477178,1,0,0.01
1772914101.119462568,0,0,1.24
1772914101.119462568,1,0,0.01
1772914102.141148792,0,0,1.24
1772914102.141148792,1,0,0.01
1772914103.162225497,0,0,1.24
1772914103.162225497,1,0,0.01
1772914104.181408668,0,0,1.24
1772914104.181408668,1,0,0.01
1772914105.201131431,0,0,1.24
1772914105.201131431,1,0,0.01
1772914106.222646443,0,0,1.24
1772914106.222646443,1,0,0.01
1772914107.243554711,0,0,1.24
1772914107.243554711,1,0,0.01
1772914108.269008594,0,0,1.24
1772914108.269008594,1,0,0.01
1772914109.290099825,0,0,1.24
1772914109.290099825,1,0,0.01
1772914110.310102925,0,0,1.24
1772914110.310102925,1,0,0.01
1772914111.331581209,0,0,1.24
1772914111.331581209,1,0,0.01
1772914112.352724341,0,0,1.24
1772914112.352724341,1,0,0.01
1772914113.374067184,0,0,1.24
1772914113.374067184,1,0,0.01
1772914114.396012212,0,0,1.24
1772914114.396012212,1,0,0.01
1772914115.417526716,0,0,1.24
1772914115.417526716,1,0,0.01
1772914116.438734292,0,0,1.24
1772914116.438734292,1,0,0.01
1772914117.460739045,0,0,1.24
1772914117.460739045,1,0,0.01
1772914118.481544068,0,0,1.24
1772914118.481544068,1,0,0.01
1772914119.501106053,0,0,1.24
1772914119.501106053,1,0,0.01
1772914120.520961445,0,0,1.24
1772914120.520961445,1,0,0.01
1772914121.540774983,0,0,1.24
1772914121.540774983,1,0,0.01
1772914122.562186355,0,0,1.24
1772914122.562186355,1,0,0.01
1772914123.583770297,0,0,1.24
1772914123.583770297,1,0,0.01
1772914124.606031091,0,0,1.24
1772914124.606031091,1,0,0.01
1772914125.626741040,0,0,1.24
1772914125.626741040,1,0,0.01
1772914126.648865880,0,0,1.24
1772914126.648865880,1,0,0.01
1772914127.670512728,0,0,1.24
1772914127.670512728,1,0,0.01
1772914128.691107067,0,0,1.24
1772914128.691107067,1,0,0.01
1772914129.712218454,0,0,1.24
1772914129.712218454,1,0,0.01
1772914130.734082111,0,0,1.24
1772914130.734082111,1,0,0.01
1772914131.755567991,0,0,1.24
1772914131.755567991,1,0,0.01
1772914132.776671870,0,0,1.24
1772914132.776671870,1,0,0.01
1772914133.798273230,0,0,1.24
1772914133.798273230,1,0,0.01
1772914134.819834266,0,0,1.24
1772914134.819834266,1,0,0.01
1772914135.842123292,0,0,1.24
1772914135.842123292,1,0,0.01
1772914136.863756107,0,0,1.24
1772914136.863756107,1,0,0.01
1772914137.884861671,0,0,1.24
1772914137.884861671,1,0,0.01
1772914138.906779549,0,0,1.24
1772914138.906779549,1,0,0.01
1772914139.927882154,0,0,1.24
1772914139.927882154,1,0,0.01
1772914140.948886412,0,0,1.24
1772914140.948886412,1,0,0.01
1772914141.971192105,0,0,1.24
1772914141.971192105,1,0,0.01
1772914142.992185024,0,0,1.24
1772914142.992185024,1,0,0.01
1772914144.011913599,0,0,1.24
1772914144.011913599,1,0,0.01
1772914145.033075373,0,0,1.24
1772914145.033075373,1,0,0.01
1772914146.055224162,0,0,1.24
1772914146.055224162,1,0,0.01
1772914147.076412669,0,0,1.24
1772914147.076412669,1,0,0.01
1772914148.097713880,0,0,1.24
1772914148.097713880,1,0,0.01
1772914149.119216492,0,0,1.24
1772914149.119216492,1,0,0.01
1772914150.138866757,0,0,1.24
1772914150.138866757,1,0,0.01
1772914151.158264224,0,0,1.24
1772914151.158264224,1,0,0.01
1772914152.179068627,0,0,1.24
1772914152.179068627,1,0,0.01
1772914153.200557067,0,0,1.24
1772914153.200557067,1,0,0.01
1772914154.221527153,0,0,1.24
1772914154.221527153,1,0,0.01
1772914155.242722258,0,0,1.24
1772914155.242722258,1,0,0.01
1772914156.264366190,0,0,1.24
1772914156.264366190,1,0,0.01
1772914157.285298063,0,0,1.24
1772914157.285298063,1,0,0.01
1772914158.306777934,0,0,1.24
1772914158.306777934,1,0,0.01
1772914159.328347852,0,0,1.24
1772914159.328347852,1,0,0.01
1772914160.349824051,0,0,1.24
1772914160.349824051,1,0,0.01
1772914161.370798390,0,0,1.24
1772914161.370798390,1,0,0.01
1772914162.391964399,0,0,1.24
1772914162.391964399,1,0,0.01
1772914163.412668797,0,0,1.24
1772914163.412668797,1,0,0.01
1772914164.433976993,0,0,1.24
1772914164.433976993,1,0,0.01
1772914165.455911022,0,0,1.24
1772914165.455911022,1,0,0.01
1772914166.476798370,0,0,1.24
1772914166.476798370,1,0,0.01
1772914167.498467095,0,0,1.24
1772914167.498467095,1,0,0.01
1772914168.519338098,0,0,1.24
1772914168.519338098,1,0,0.01
1772914169.540548638,0,0,1.24
1772914169.540548638,1,0,0.01
1772914170.561296153,0,0,1.24
1772914170.561296153,1,0,0.01
1772914171.582945055,0,0,1.24
1772914171.582945055,1,0,0.01
1772914172.603991548,0,0,1.24
1772914172.603991548,1,0,0.01
